group_id	items_in_group	lo_value	p	FDR	goodsgrna
AHR	4	1.3131e-13	2.5901e-07	0.000381	4
PTEN	4	1.0636e-11	2.5901e-07	0.000381	4
BRD9	4	1.6848e-11	2.5901e-07	0.000381	4
CBFB	4	5.4104e-11	2.5901e-07	0.000381	4
CUL3	4	1.8923e-10	2.5901e-07	0.000381	4
ARNT	4	9.2933e-10	2.5901e-07	0.000381	4
AIP	4	1.1568e-09	2.5901e-07	0.000381	4
NPRL2	4	2.6361e-09	2.5901e-07	0.000381	4
KCTD5	4	3.2336e-09	2.5901e-07	0.000381	4
NPRL3	4	4.2175e-09	2.5901e-07	0.000381	4
CRAMP1L	4	2.6925e-08	2.5901e-07	0.000381	4
DEPDC5	4	2.9634e-08	2.5901e-07	0.000381	4
MED24	4	3.1428e-08	2.5901e-07	0.000381	4
SPOP	4	1.2849e-07	7.7704e-07	0.000825	4
MED16	4	1.3608e-07	7.7704e-07	0.000825	3
RUNX2	4	6.2898e-07	7.7704e-07	0.000825	3
KPTN	4	6.9431e-07	7.7704e-07	0.000825	3
TSC2	4	7.3860e-07	7.7704e-07	0.000825	3
UBR5	4	3.0137e-06	1.2951e-06	0.001179	3
CCNE2	4	3.3042e-06	1.2951e-06	0.001179	3
ATF7IP	4	3.4422e-06	1.2951e-06	0.001179	3
SMARCD1	4	4.6693e-06	5.9573e-06	0.004950	3
ADNP2	4	7.1764e-06	5.9573e-06	0.004950	3
TMEM209	4	1.9905e-05	2.7196e-05	0.016863	3
C12orf66	4	2.5524e-05	2.7714e-05	0.016863	3
SOX15	4	2.5891e-05	2.7714e-05	0.016863	1
SOWAHD	4	2.6981e-05	2.7714e-05	0.016863	3
PRH2	4	2.8805e-05	2.7714e-05	0.016863	3
SMCHD1	4	2.9821e-05	2.7714e-05	0.016863	3
SETDB1	4	2.9938e-05	2.7714e-05	0.016863	3
CEBPB	4	3.1312e-05	2.8232e-05	0.016863	3
TRPV6	4	3.2045e-05	2.8232e-05	0.016863	3
ZBTB38	4	4.0370e-05	5.4133e-05	0.031353	3
CLASP2	4	7.7672e-05	9.7129e-05	0.036595	1
SOCS5	4	1.0208e-04	9.7129e-05	0.036595	2
ITFG2	4	1.0272e-04	9.7129e-05	0.036595	2
PAXIP1	4	1.0790e-04	9.7129e-05	0.036595	2
CD40LG	4	1.1320e-04	9.7129e-05	0.036595	2
AIRE	4	1.2945e-04	9.7129e-05	0.036595	1
UCN	4	1.5386e-04	9.7129e-05	0.036595	2
GPR75-ASB3	4	1.6906e-04	9.7129e-05	0.036595	2
FAM83H	4	1.8123e-04	9.7129e-05	0.036595	1
MED25	4	1.9893e-04	9.7129e-05	0.036595	2
VSIG2	4	2.3300e-04	9.7647e-05	0.036595	1
HIST1H1C	4	2.3794e-04	9.7647e-05	0.036595	2
TCTN3	4	2.8477e-04	9.7647e-05	0.036595	1
CD82	4	3.0842e-04	9.7647e-05	0.036595	2
VPS45	4	3.1063e-04	9.7647e-05	0.036595	2
SLC35G4	4	3.1508e-04	9.7647e-05	0.036595	2
GLI3	4	3.3202e-04	9.7647e-05	0.036595	2
RBPMS2	4	3.3654e-04	9.7647e-05	0.036595	1
RTP2	4	3.7934e-04	1.4323e-04	0.044957	2
SIRT6	4	4.2331e-04	1.4323e-04	0.044957	2
SYT13	4	4.4008e-04	1.4323e-04	0.044957	1
ZNF728	4	4.9184e-04	1.4375e-04	0.044957	1
LEMD1	4	5.1838e-04	1.4375e-04	0.044957	2
CARKD	4	5.4361e-04	1.4375e-04	0.044957	1
ARL14	4	5.6500e-04	1.4375e-04	0.044957	2
PTPN23	4	5.6649e-04	1.4375e-04	0.044957	2
ARMCX1	4	5.9537e-04	2.0177e-04	0.044957	2
ADRA2C	4	6.3864e-04	2.0177e-04	0.044957	2
CPTP	4	6.4713e-04	2.0177e-04	0.044957	1
TSC1	4	6.7063e-04	2.0177e-04	0.044957	2
FBXO22	4	6.9349e-04	2.0177e-04	0.044957	2
SMIM11	4	6.9888e-04	2.0177e-04	0.044957	1
EPOR	4	7.0672e-04	2.0177e-04	0.044957	2
PTTG1IP	4	7.5064e-04	2.0177e-04	0.044957	1
SPINT1	4	7.9748e-04	2.0177e-04	0.044957	2
FCRLB	4	8.0239e-04	2.0177e-04	0.044957	1
LTC4S	4	8.5414e-04	2.0177e-04	0.044957	1
UBE2F	4	8.8061e-04	2.0177e-04	0.044957	2
SDR39U1	4	9.0589e-04	2.0177e-04	0.044957	1
BTBD16	4	9.1048e-04	2.0177e-04	0.044957	2
ZNF20	4	9.4467e-04	2.0229e-04	0.044957	2
PTCHD4	4	9.5763e-04	2.0229e-04	0.044957	2
KLHL17	4	9.7947e-04	2.0229e-04	0.044957	2
CDH16	4	1.0611e-03	2.0229e-04	0.044957	1
LMAN2L	4	1.0876e-03	2.0229e-04	0.044957	2
LRRC45	4	1.1691e-03	2.0229e-04	0.044957	2
DAZAP1	4	1.1841e-03	2.0229e-04	0.044957	2
C5orf42	4	1.2163e-03	2.0229e-04	0.044957	1
EVI2A	4	1.2360e-03	2.0229e-04	0.044957	2
ZDHHC8	4	1.2646e-03	2.0229e-04	0.044957	2
KIF24	4	1.2681e-03	2.0229e-04	0.044957	1
TBC1D7	4	1.2757e-03	2.0229e-04	0.044957	2
IST1	4	1.2913e-03	2.0229e-04	0.044957	2
DCP1B	4	1.3137e-03	3.6598e-04	0.056261	2
SLC35E3	4	1.3198e-03	3.6598e-04	0.056261	1
APOBEC3D	4	1.3340e-03	3.6598e-04	0.056261	2
NR2F2	4	1.3523e-03	3.6598e-04	0.056261	2
METTL23	4	1.3546e-03	3.6598e-04	0.056261	2
CRP	4	1.3715e-03	3.6598e-04	0.056261	1
ZFYVE26	4	1.3729e-03	3.6598e-04	0.056261	2
FUT10	4	1.3960e-03	3.6598e-04	0.056261	2
MYH7B	4	1.4007e-03	3.6598e-04	0.056261	2
LPCAT2	4	1.4233e-03	3.6598e-04	0.056261	1
CAB39	4	1.4641e-03	3.6598e-04	0.056261	2
ABCA6	4	1.4750e-03	3.6598e-04	0.056261	1
RAB11FIP3	4	1.5120e-03	3.6598e-04	0.056261	2
CCDC102B	4	1.5265e-03	3.6598e-04	0.056261	2
LRIT1	4	1.5267e-03	3.6598e-04	0.056261	2
FRMD1	4	1.5338e-03	3.6598e-04	0.056261	2
KRTAP10-10	4	1.5533e-03	3.6598e-04	0.056261	2
CIDEA	4	1.5779e-03	3.6598e-04	0.056261	2
ZNF474	4	1.5784e-03	3.6598e-04	0.056261	1
FGD4	4	1.6051e-03	3.6598e-04	0.056261	2
HAVCR2	4	1.6101e-03	3.6598e-04	0.056261	2
OTUD5	4	1.6200e-03	3.6598e-04	0.056261	2
SDCBP	4	1.6302e-03	3.6598e-04	0.056261	1
ZSWIM6	4	1.6426e-03	3.6598e-04	0.056261	2
LY6D	4	1.7336e-03	3.6650e-04	0.056261	1
ELOVL2	4	1.7368e-03	3.6650e-04	0.056261	2
TOB2	4	1.7602e-03	3.6650e-04	0.056261	2
GLTSCR1	4	1.7784e-03	3.6650e-04	0.056261	2
FRMD6	4	1.7994e-03	3.6650e-04	0.056261	2
ADCY3	4	1.8370e-03	3.6650e-04	0.056261	1
SULT1A4	4	1.9006e-03	3.6650e-04	0.056261	2
ESD	4	1.9114e-03	3.6650e-04	0.056261	2
SFMBT1	4	1.9141e-03	3.6650e-04	0.056261	2
DNAI2	4	1.9404e-03	3.6650e-04	0.056261	1
CREG2	4	1.9823e-03	3.6650e-04	0.056261	2
MMP25	4	2.0072e-03	3.6650e-04	0.056261	2
HIST1H2AM	4	2.0438e-03	3.6650e-04	0.056261	1
ACSM5	4	2.1196e-03	4.6752e-04	0.056261	2
CELF1	4	2.1281e-03	4.6752e-04	0.056261	2
B3GAT2	4	2.1310e-03	4.6752e-04	0.056261	2
TVP23C	4	2.1989e-03	4.6752e-04	0.056261	1
HELZ	4	2.2349e-03	4.6752e-04	0.056261	2
ZNF184	4	2.2730e-03	4.6752e-04	0.056261	2
TMEM237	4	2.2877e-03	4.6752e-04	0.056261	2
CNTNAP3B	4	2.2966e-03	4.6752e-04	0.056261	2
DFNB59	4	2.3382e-03	4.6752e-04	0.056261	2
FXR1	4	2.3472e-03	4.6752e-04	0.056261	2
SENP8	4	2.3922e-03	4.6752e-04	0.056261	2
RASA1	4	2.4074e-03	4.6752e-04	0.056261	2
EFHC1	4	2.4499e-03	4.6752e-04	0.056261	2
LRRC39	4	2.4560e-03	4.6752e-04	0.056261	2
CD28	4	2.4744e-03	4.6752e-04	0.056261	2
EN1	4	2.5091e-03	4.6752e-04	0.056261	2
PLAA	4	2.5114e-03	4.6752e-04	0.056261	2
TRHDE	4	2.5361e-03	4.6752e-04	0.056261	2
NR0B1	4	2.5608e-03	4.6752e-04	0.056261	1
HIST1H1E	4	2.5829e-03	4.6752e-04	0.056261	2
RNF112	4	2.6125e-03	4.6752e-04	0.056261	1
NPS	4	2.6365e-03	4.6752e-04	0.056261	2
TBXAS1	4	2.6714e-03	4.6803e-04	0.056261	2
SUZ12	4	2.6841e-03	4.6803e-04	0.056261	2
BHLHB9	4	2.7675e-03	4.6803e-04	0.056261	1
PAQR5	4	2.7840e-03	4.6803e-04	0.056261	2
SPTLC2	4	2.8192e-03	4.6803e-04	0.056261	1
SNN	4	2.8231e-03	4.6803e-04	0.056261	2
ABCA5	4	2.8329e-03	4.6803e-04	0.056261	2
HDGFL1	4	2.8427e-03	4.6803e-04	0.056261	2
MAFF	4	2.8955e-03	4.6803e-04	0.056261	2
RHOG	4	2.9225e-03	4.6803e-04	0.056261	1
AP2B1	4	2.9742e-03	4.6803e-04	0.056261	1
ERICH3	4	3.0775e-03	4.6803e-04	0.056261	1
SEC14L6	4	3.1292e-03	4.6803e-04	0.056261	1
COQ5	4	3.1808e-03	4.6803e-04	0.056261	1
HIST1H2AL	4	3.2841e-03	4.3470e-03	0.386585	1
ST6GALNAC5	4	3.3358e-03	4.3470e-03	0.386585	1
KATNAL1	4	3.3874e-03	4.3470e-03	0.386585	1
TNKS2	4	3.4391e-03	4.3470e-03	0.386585	1
FAM98C	4	3.4907e-03	4.3470e-03	0.386585	1
BOLA1	4	3.5424e-03	4.3470e-03	0.386585	1
MCTP1	4	3.5940e-03	4.3470e-03	0.386585	1
TRIP12	4	3.6457e-03	4.3470e-03	0.386585	1
ST5	4	3.7490e-03	4.3470e-03	0.386585	1
TMC8	4	3.8522e-03	4.3470e-03	0.386585	1
FGF4	4	3.9555e-03	4.3470e-03	0.386585	1
ADAM32	4	4.0587e-03	4.3470e-03	0.386585	1
PDE2A	4	4.2652e-03	4.3470e-03	0.386585	1
RPRM	4	4.3168e-03	4.3470e-03	0.386585	1
NOTCH2NL	4	4.4201e-03	4.3470e-03	0.386585	1
KDM6A	4	4.4717e-03	4.3470e-03	0.386585	1
DAZL	4	4.5233e-03	4.3470e-03	0.386585	1
OCM	4	4.6265e-03	4.3470e-03	0.386585	1
HOXD1	4	4.6781e-03	4.3470e-03	0.386585	1
NPAS4	4	4.7297e-03	4.3470e-03	0.386585	1
SEPTIN12	4	4.8845e-03	4.3470e-03	0.386585	1
CCNC	4	4.9361e-03	4.3470e-03	0.386585	1
ENOPH1	4	4.9877e-03	4.3470e-03	0.386585	1
AMER1	4	5.0908e-03	4.3475e-03	0.386585	1
COA3	4	5.1424e-03	4.3475e-03	0.386585	1
RASSF5	4	5.2456e-03	4.3475e-03	0.386585	1
ETV2	4	5.2972e-03	4.3475e-03	0.386585	1
TEP1	4	5.4519e-03	4.3475e-03	0.386585	1
PDILT	4	5.5035e-03	4.3475e-03	0.386585	1
ARNTL2	4	5.5550e-03	4.3475e-03	0.386585	1
LRP2BP	4	5.6066e-03	4.3475e-03	0.386585	1
OSGIN1	4	5.6582e-03	4.3475e-03	0.386585	1
UBFD1	4	5.7097e-03	4.3475e-03	0.386585	1
OSBPL6	4	5.7613e-03	4.3475e-03	0.386585	1
CD207	4	6.0706e-03	4.3475e-03	0.386585	1
DLL3	4	6.1221e-03	4.3475e-03	0.386585	1
PRF1	4	6.1737e-03	4.3475e-03	0.386585	1
ZNF391	4	6.2252e-03	4.3475e-03	0.386585	1
MLEC	4	6.2768e-03	4.3475e-03	0.386585	1
HMBOX1	4	6.3798e-03	4.3475e-03	0.386585	1
WNT6	4	6.4314e-03	4.3475e-03	0.386585	1
CYP24A1	4	6.4829e-03	4.3475e-03	0.386585	1
APOL1	4	6.5344e-03	4.3475e-03	0.386585	1
PCSK9	4	6.6890e-03	4.3475e-03	0.386585	1
FAM127A	4	6.7920e-03	4.3475e-03	0.386585	1
POGK	4	6.8436e-03	4.3475e-03	0.386585	1
CREBZF	4	6.8951e-03	4.3475e-03	0.386585	1
METTL5	4	7.0496e-03	8.2410e-03	0.386585	1
CAMTA1	4	7.1011e-03	8.2410e-03	0.386585	1
PCLO	4	7.2556e-03	8.2410e-03	0.386585	1
LOC149373	4	7.3071e-03	8.2410e-03	0.386585	1
PATE1	4	7.4101e-03	8.2410e-03	0.386585	1
CASP1	4	7.4616e-03	8.2410e-03	0.386585	1
COMMD9	4	7.5646e-03	8.2410e-03	0.386585	1
CAPN15	4	7.6161e-03	8.2410e-03	0.386585	1
CD34	4	7.6676e-03	8.2410e-03	0.386585	1
KRTAP9-1	4	7.7191e-03	8.2410e-03	0.386585	1
ST3GAL6	4	7.7705e-03	8.2410e-03	0.386585	1
FRG2C	4	7.8220e-03	8.2410e-03	0.386585	1
FLNC	4	7.8735e-03	8.2410e-03	0.386585	1
NXF2B	4	7.9250e-03	8.2410e-03	0.386585	1
CAMSAP3	4	7.9764e-03	8.2410e-03	0.386585	1
TGFBR3L	4	8.0279e-03	8.2410e-03	0.386585	1
MED13L	4	8.1823e-03	8.2410e-03	0.386585	1
CT47A12	4	8.2338e-03	8.2415e-03	0.386585	1
MORC4	4	8.2852e-03	8.2415e-03	0.386585	1
FBXO15	4	8.3882e-03	8.2415e-03	0.386585	1
PSG1	4	8.4396e-03	8.2415e-03	0.386585	1
CXorf67	4	8.4911e-03	8.2415e-03	0.386585	1
SCHIP1	4	8.5940e-03	8.2415e-03	0.386585	1
HAPLN4	4	8.6454e-03	8.2415e-03	0.386585	1
FRMPD1	4	8.6969e-03	8.2415e-03	0.386585	1
COL6A1	4	8.8512e-03	8.2415e-03	0.386585	1
DLX5	4	8.9026e-03	8.2415e-03	0.386585	1
KLHL1	4	8.9541e-03	8.2415e-03	0.386585	1
HSD11B1L	4	9.0055e-03	8.2415e-03	0.386585	1
SPAG6	4	9.0569e-03	8.2415e-03	0.386585	1
TACR3	4	9.1084e-03	8.2415e-03	0.386585	1
TMEM132E	4	9.1598e-03	8.2415e-03	0.386585	1
KIFC3	4	9.2112e-03	8.2415e-03	0.386585	1
SLC18A1	4	9.3141e-03	8.2415e-03	0.386585	1
B4GALT4	4	9.4169e-03	8.2415e-03	0.386585	1
ATP2B3	4	9.4683e-03	8.2415e-03	0.386585	1
MSANTD3	4	9.5711e-03	1.2076e-02	0.386585	1
ACCSL	4	9.6225e-03	1.2076e-02	0.386585	1
DMRTB1	4	9.6739e-03	1.2076e-02	0.386585	1
YRDC	4	9.7768e-03	1.2076e-02	0.386585	1
KAT8	4	9.8796e-03	1.2076e-02	0.386585	1
C17orf67	4	9.9310e-03	1.2076e-02	0.386585	1
PTPRH	4	9.9823e-03	1.2076e-02	0.386585	1
SPDYC	4	1.0085e-02	1.2076e-02	0.386585	1
AQP6	4	1.0137e-02	1.2076e-02	0.386585	1
SOX11	4	1.0188e-02	1.2076e-02	0.386585	1
AIM1	4	1.0239e-02	1.2076e-02	0.386585	1
NEURL1B	4	1.0291e-02	1.2076e-02	0.386585	1
PPP2R2A	4	1.0342e-02	1.2076e-02	0.386585	1
INSM1	4	1.0393e-02	1.2076e-02	0.386585	1
SLC25A47	4	1.0445e-02	1.2076e-02	0.386585	1
EBP	4	1.0548e-02	1.2076e-02	0.386585	1
CFB	4	1.0650e-02	1.2076e-02	0.386585	1
VCPIP1	4	1.0702e-02	1.2076e-02	0.386585	1
AQP2	4	1.0753e-02	1.2076e-02	0.386585	1
SYNRG	4	1.0856e-02	1.2076e-02	0.386585	1
RBMY1F	4	1.0907e-02	1.2076e-02	0.386585	1
SFXN1	4	1.0958e-02	1.2076e-02	0.386585	1
TMEM126B	4	1.1010e-02	1.2076e-02	0.386585	1
NSMCE4A	4	1.1267e-02	1.2076e-02	0.386585	1
GPM6B	4	1.1318e-02	1.2076e-02	0.386585	1
RGS21	4	1.1369e-02	1.2076e-02	0.386585	1
PRKCSH	4	1.1472e-02	1.2076e-02	0.386585	1
KCNE2	4	1.1549e-02	1.2076e-02	0.386585	1
DUSP19	4	1.1549e-02	1.2076e-02	0.386585	1
MYCBPAP	4	1.1626e-02	1.2076e-02	0.386585	1
PHYH	3	1.1664e-02	1.2172e-02	0.386585	1
C1S	4	1.1677e-02	1.2076e-02	0.386585	1
MMRN2	4	1.1729e-02	1.2076e-02	0.386585	1
GNGT2	4	1.1780e-02	1.2076e-02	0.386585	1
CGRRF1	4	1.1831e-02	1.2076e-02	0.386585	1
CCDC24	4	1.1883e-02	1.2076e-02	0.386585	1
CCNO	4	1.1934e-02	1.2076e-02	0.386585	1
B3GNT6	4	1.1985e-02	1.2076e-02	0.386585	1
ZNF136	4	1.2037e-02	1.2076e-02	0.386585	1
SPTLC1	4	1.2190e-02	1.2076e-02	0.386585	1
C22orf24	4	1.2242e-02	1.2076e-02	0.386585	1
LRRC20	4	1.2293e-02	1.2076e-02	0.386585	1
SLC18B1	4	1.2344e-02	1.2076e-02	0.386585	1
PRIMPOL	4	1.2396e-02	1.2076e-02	0.386585	1
TMPRSS11E	4	1.2447e-02	1.2076e-02	0.386585	1
HSFY2	4	1.2498e-02	1.2076e-02	0.386585	1
TMEM243	4	1.2550e-02	1.2076e-02	0.386585	1
PRR21	4	1.2601e-02	1.2076e-02	0.386585	1
BRPF3	4	1.2652e-02	1.2076e-02	0.386585	1
DTX1	4	1.2703e-02	1.2076e-02	0.386585	1
EPHX1	4	1.2755e-02	1.2076e-02	0.386585	1
ZNF799	4	1.2806e-02	1.2076e-02	0.386585	1
KRTAP9-4	4	1.2857e-02	1.2076e-02	0.386585	1
ZNF770	4	1.2960e-02	1.2076e-02	0.386585	1
C7orf60	4	1.3011e-02	1.2076e-02	0.386585	1
ZNF138	4	1.3062e-02	1.2076e-02	0.386585	1
WDR35	4	1.3114e-02	1.2076e-02	0.386585	1
CTCF	4	1.3165e-02	1.2076e-02	0.386585	1
OR51E2	4	1.3216e-02	1.2076e-02	0.386585	1
EFCC1	4	1.3267e-02	1.2076e-02	0.386585	1
AWAT2	4	1.3319e-02	1.2076e-02	0.386585	1
TSNAX	4	1.3370e-02	1.2076e-02	0.386585	1
MFRP	4	1.3421e-02	1.2076e-02	0.386585	1
RFPL2	4	1.3524e-02	1.2076e-02	0.386585	1
KIF1A	4	1.3575e-02	1.2076e-02	0.386585	1
ZNF229	4	1.3626e-02	1.2076e-02	0.386585	1
SZRD1	4	1.3678e-02	1.2076e-02	0.386585	1
MFSD3	4	1.3729e-02	1.2076e-02	0.386585	1
ZFY	4	1.3780e-02	1.2076e-02	0.386585	1
SLC26A5	4	1.3883e-02	1.5981e-02	0.386585	1
TBX22	4	1.3985e-02	1.5981e-02	0.386585	1
CD74	4	1.4036e-02	1.5981e-02	0.386585	1
MC4R	4	1.4088e-02	1.5981e-02	0.386585	1
TMEM178A	4	1.4139e-02	1.5981e-02	0.386585	1
PITHD1	4	1.4190e-02	1.5981e-02	0.386585	1
KRTAP4-12	4	1.4241e-02	1.5981e-02	0.386585	1
NPHS2	4	1.4292e-02	1.5981e-02	0.386585	1
HSBP1L1	4	1.4395e-02	1.5981e-02	0.386585	1
CD93	4	1.4446e-02	1.5981e-02	0.386585	1
ARNTL	4	1.4497e-02	1.5981e-02	0.386585	1
DIRAS2	4	1.4600e-02	1.5981e-02	0.386585	1
ACOT7	4	1.4805e-02	1.5981e-02	0.386585	1
XIRP2	4	1.4856e-02	1.5981e-02	0.386585	1
OMG	4	1.4907e-02	1.5981e-02	0.386585	1
C19orf44	4	1.4958e-02	1.5981e-02	0.386585	1
GDF7	4	1.5061e-02	1.5981e-02	0.386585	1
NOS3	4	1.5112e-02	1.5981e-02	0.386585	1
DMRT3	4	1.5163e-02	1.5981e-02	0.386585	1
PTRHD1	4	1.5214e-02	1.5981e-02	0.386585	1
SNCA	4	1.5265e-02	1.5981e-02	0.386585	1
CDH10	4	1.5317e-02	1.5981e-02	0.386585	1
AFM	4	1.5368e-02	1.5981e-02	0.386585	1
ZNF154	4	1.5419e-02	1.5981e-02	0.386585	1
CNTN4	4	1.5470e-02	1.5981e-02	0.386585	1
HOOK2	4	1.5572e-02	1.5981e-02	0.386585	1
ANXA5	4	1.5624e-02	1.5981e-02	0.386585	1
TMEM212	4	1.5675e-02	1.5981e-02	0.386585	1
NDST4	4	1.5828e-02	1.5981e-02	0.386585	1
TCP10	4	1.5982e-02	1.5981e-02	0.386585	1
DACT3	4	1.6033e-02	1.5981e-02	0.386585	1
DNAJC27	4	1.6084e-02	1.5981e-02	0.386585	1
FGF10	4	1.6135e-02	1.5981e-02	0.386585	1
CBL	4	1.6186e-02	1.5981e-02	0.386585	1
CHRNB3	4	1.6238e-02	1.5981e-02	0.386585	1
TRIM3	4	1.6289e-02	1.5981e-02	0.386585	1
ADCK5	4	1.6340e-02	1.5981e-02	0.386585	1
C16orf52	4	1.6391e-02	1.5981e-02	0.386585	1
BRWD3	4	1.6544e-02	1.5981e-02	0.386585	1
DNAJC25	4	1.6596e-02	1.5981e-02	0.386585	1
PYDC2	4	1.6647e-02	1.5981e-02	0.386585	1
HAP1	4	1.6698e-02	1.5981e-02	0.386585	1
LOC100129940	4	1.6749e-02	1.5981e-02	0.386585	1
FOXL1	4	1.6800e-02	1.5981e-02	0.386585	1
EDDM3B	4	1.7005e-02	1.5981e-02	0.386585	1
MMP28	4	1.7056e-02	1.5981e-02	0.386585	1
OC90	4	1.7107e-02	1.5981e-02	0.386585	1
UBQLN2	4	1.7158e-02	1.5981e-02	0.386585	1
GATSL3	4	1.7209e-02	1.5981e-02	0.386585	1
GABRA2	4	1.7260e-02	1.5981e-02	0.386585	1
MTRNR2L5	4	1.7362e-02	1.5981e-02	0.386585	1
PRAMEF5	4	1.7414e-02	1.5981e-02	0.386585	1
FOXJ2	3	1.7433e-02	1.2173e-02	0.386585	1
DDX60	4	1.7516e-02	1.5981e-02	0.386585	1
TMEM45B	4	1.7567e-02	1.5981e-02	0.386585	1
RASSF4	4	1.7618e-02	1.5981e-02	0.386585	1
MCCC1	4	1.7669e-02	1.5981e-02	0.386585	1
RBAK-RBAKDN	4	1.7720e-02	1.5981e-02	0.386585	1
ACTL6B	4	1.7771e-02	1.5981e-02	0.386585	1
MKNK2	4	1.7822e-02	1.5981e-02	0.386585	1
DBI	4	1.7873e-02	1.5981e-02	0.386585	1
C22orf29	4	1.7924e-02	1.5981e-02	0.386585	1
RTL1	4	1.8027e-02	1.5981e-02	0.386585	1
SCUBE1	4	1.8180e-02	1.5981e-02	0.386585	1
SFTPC	4	1.8231e-02	1.5981e-02	0.386585	1
CRAT	4	1.8282e-02	1.5981e-02	0.386585	1
TCIRG1	4	1.8333e-02	1.5981e-02	0.386585	1
TCF7L1	4	1.8384e-02	1.5981e-02	0.386585	1
RCCD1	4	1.8435e-02	1.5981e-02	0.386585	1
CCDC117	4	1.8486e-02	1.5981e-02	0.386585	1
C2orf83	4	1.8537e-02	1.5981e-02	0.386585	1
RAB26	4	1.8588e-02	1.5981e-02	0.386585	1
HID1	4	1.8639e-02	1.5981e-02	0.386585	1
C1QTNF6	4	1.8742e-02	1.5981e-02	0.386585	1
RAMP3	4	1.8793e-02	1.5981e-02	0.386585	1
ARID4A	4	1.8844e-02	1.5981e-02	0.386585	1
ZNF668	4	1.8946e-02	1.5981e-02	0.386585	1
GPT	4	1.8997e-02	1.5981e-02	0.386585	1
DHCR24	4	1.9048e-02	1.5981e-02	0.386585	1
FAM178A	4	1.9099e-02	1.5981e-02	0.386585	1
GALP	4	1.9150e-02	1.5981e-02	0.386585	1
TMEM132D	4	1.9201e-02	1.5981e-02	0.386585	1
FCRL3	4	1.9252e-02	1.5981e-02	0.386585	1
CXADR	4	1.9303e-02	1.5981e-02	0.386585	1
ATG5	4	1.9354e-02	1.5981e-02	0.386585	1
GDA	4	1.9405e-02	1.5981e-02	0.386585	1
CTAGE15	3	1.9427e-02	1.2173e-02	0.386585	1
GPATCH11	4	1.9456e-02	1.5981e-02	0.386585	1
RIPPLY2	4	1.9507e-02	1.5981e-02	0.386585	1
PRCD	4	1.9609e-02	1.5981e-02	0.386585	1
RBFOX2	4	1.9660e-02	1.5981e-02	0.386585	1
STX5	4	1.9711e-02	1.5981e-02	0.386585	1
TBCEL	4	1.9762e-02	1.5981e-02	0.386585	1
LRRIQ3	4	1.9813e-02	1.5981e-02	0.386585	1
DEF6	4	1.9864e-02	1.5981e-02	0.386585	1
PPP1R3D	4	1.9915e-02	1.5981e-02	0.386585	1
PLEKHM1	4	1.9966e-02	1.5981e-02	0.386585	1
NLGN2	4	2.0017e-02	1.5981e-02	0.386585	1
C11orf44	4	2.0068e-02	1.5981e-02	0.386585	1
C15orf40	4	2.0119e-02	1.5981e-02	0.386585	1
GGCX	4	2.0221e-02	1.5981e-02	0.386585	1
ATP6V0E2	4	2.0323e-02	1.5981e-02	0.386585	1
SYN3	4	2.0374e-02	1.5981e-02	0.386585	1
TCEB3	4	2.0425e-02	1.5981e-02	0.386585	1
HN1	4	2.0476e-02	1.5981e-02	0.386585	1
NCAM2	4	2.0527e-02	1.5981e-02	0.386585	1
TLE6	4	2.0578e-02	1.5981e-02	0.386585	1
EOMES	4	2.0629e-02	1.5981e-02	0.386585	1
CHPF	4	2.0680e-02	1.5981e-02	0.386585	1
NDUFS4	4	2.0731e-02	1.5981e-02	0.386585	1
NFE4	4	2.0833e-02	1.5981e-02	0.386585	1
CCL27	4	2.0935e-02	1.5981e-02	0.386585	1
CMTM7	4	2.0986e-02	1.5981e-02	0.386585	1
TSPY10	4	2.1037e-02	1.5981e-02	0.386585	1
CCDC185	4	2.1088e-02	1.5981e-02	0.386585	1
APPBP2	4	2.1190e-02	1.5981e-02	0.386585	1
ROBO1	4	2.1292e-02	1.5981e-02	0.386585	1
NXF5	4	2.1394e-02	1.5981e-02	0.386585	1
ZNF812	4	2.1496e-02	1.5981e-02	0.386585	1
UQCC1	4	2.1546e-02	1.5981e-02	0.386585	1
SCAMP2	4	2.1597e-02	1.5981e-02	0.386585	1
PLAC4	4	2.1648e-02	1.5981e-02	0.386585	1
PTAFR	4	2.1699e-02	1.5981e-02	0.386585	1
ERVMER34-1	4	2.1750e-02	1.5981e-02	0.386585	1
ANKRD55	4	2.1954e-02	1.5981e-02	0.386585	1
GIMAP1-GIMAP5	4	2.2056e-02	1.5981e-02	0.386585	1
OR2W1	4	2.2209e-02	1.5981e-02	0.386585	1
DSG1	4	2.2260e-02	1.5981e-02	0.386585	1
ARL5B	4	2.2310e-02	1.5981e-02	0.386585	1
WSCD1	4	2.2361e-02	1.5981e-02	0.386585	1
PEBP4	4	2.2412e-02	1.5981e-02	0.386585	1
BCO2	4	2.2463e-02	1.5981e-02	0.386585	1
POMC	4	2.2565e-02	1.5981e-02	0.386585	1
ZNF710	4	2.2667e-02	1.5981e-02	0.386585	1
SEMA6D	4	2.2769e-02	1.5981e-02	0.386585	1
DNAJC5B	4	2.2972e-02	1.5981e-02	0.386585	1
TRAFD1	4	2.3023e-02	1.5981e-02	0.386585	1
RP1	4	2.3074e-02	1.5981e-02	0.386585	1
HSP90AA1	4	2.3227e-02	1.5981e-02	0.386585	1
PAGE2	4	2.3277e-02	1.5981e-02	0.386585	1
RDM1	4	2.3328e-02	1.5981e-02	0.386585	1
CKLF-CMTM1	4	2.3379e-02	1.5981e-02	0.386585	1
PURG	4	2.3430e-02	1.5981e-02	0.386585	1
SHMT2	4	2.3481e-02	1.5981e-02	0.386585	1
NUDT16	4	2.3532e-02	1.5981e-02	0.386585	1
NFIL3	4	2.3583e-02	1.5981e-02	0.386585	1
AKAP2	4	2.3634e-02	1.5981e-02	0.386585	1
GSK3A	4	2.3735e-02	1.5981e-02	0.386585	1
HIAT1	4	2.3786e-02	1.5981e-02	0.386585	1
HSPA4	4	2.3837e-02	1.5981e-02	0.386585	1
ANP32D	4	2.3888e-02	1.5981e-02	0.386585	1
TMEM2	4	2.3939e-02	1.5981e-02	0.386585	1
ZIK1	4	2.3989e-02	1.5981e-02	0.386585	1
CXCR4	4	2.4040e-02	1.5981e-02	0.386585	1
FFAR2	4	2.4091e-02	1.5981e-02	0.386585	1
BAAT	4	2.4142e-02	1.5981e-02	0.386585	1
EFNB1	4	2.4193e-02	1.5981e-02	0.386585	1
RGS19	4	2.4244e-02	1.5981e-02	0.386585	1
LTA	4	2.4295e-02	1.5981e-02	0.386585	1
KCNMB2	4	2.4345e-02	1.5981e-02	0.386585	1
CSF3R	4	2.4447e-02	1.5981e-02	0.386585	1
TFAP2C	4	2.4498e-02	1.5981e-02	0.386585	1
GATA1	4	2.4549e-02	1.5981e-02	0.386585	1
NSG1	4	2.4600e-02	1.5981e-02	0.386585	1
ERO1L	4	2.4650e-02	1.5981e-02	0.386585	1
RAB30	4	2.4701e-02	1.5981e-02	0.386585	1
ZBBX	4	2.4752e-02	1.5981e-02	0.386585	1
ANXA10	4	2.4803e-02	1.5981e-02	0.386585	1
TM6SF2	4	2.4854e-02	1.5981e-02	0.386585	1
TTC7A	4	2.4904e-02	1.5981e-02	0.386585	1
KRTAP21-2	4	2.4955e-02	1.5981e-02	0.386585	1
GJC2	4	2.5006e-02	1.5981e-02	0.386585	1
PCDHGA7	4	2.5108e-02	1.5981e-02	0.386585	1
NUMBL	4	2.5158e-02	1.5981e-02	0.386585	1
OGG1	4	2.5209e-02	1.5981e-02	0.386585	1
DECR1	4	2.5260e-02	1.5981e-02	0.386585	1
SCO2	4	2.5311e-02	1.5981e-02	0.386585	1
PWP1	4	2.5362e-02	1.5981e-02	0.386585	1
TRPV5	4	2.5412e-02	1.5981e-02	0.386585	1
PAX7	4	2.5463e-02	1.5981e-02	0.386585	1
ACVRL1	4	2.5514e-02	1.5981e-02	0.386585	1
TTBK2	4	2.5565e-02	1.5981e-02	0.386585	1
MYO1H	4	2.5616e-02	1.5981e-02	0.386585	1
ZNF766	4	2.5666e-02	1.5981e-02	0.386585	1
MAGIX	4	2.5717e-02	1.5981e-02	0.386585	1
UBE2D3	4	2.5768e-02	1.5981e-02	0.386585	1
UNC45B	4	2.5870e-02	1.5981e-02	0.386585	1
SUSD1	4	2.5920e-02	1.5981e-02	0.386585	1
ADI1	4	2.5971e-02	1.5981e-02	0.386585	1
RARS2	4	2.6073e-02	1.5981e-02	0.386585	1
VCY1B	4	2.6174e-02	1.5981e-02	0.386585	1
DRG1	4	2.6225e-02	1.5981e-02	0.386585	1
LRRC3	4	2.6326e-02	1.5981e-02	0.386585	1
H3F3C	4	2.6377e-02	1.5981e-02	0.386585	1
CHRNA2	4	2.6428e-02	1.5981e-02	0.386585	1
KRT37	4	2.6479e-02	1.5981e-02	0.386585	1
RPP25	4	2.6529e-02	1.5981e-02	0.386585	1
BSND	4	2.6580e-02	1.5981e-02	0.386585	1
ACTL9	4	2.6631e-02	1.5981e-02	0.386585	1
REEP2	4	2.6732e-02	1.5981e-02	0.386585	1
ANTXR1	4	2.6783e-02	1.5981e-02	0.386585	1
C4orf19	4	2.6834e-02	1.5981e-02	0.386585	1
OTUD6A	4	2.6885e-02	1.5981e-02	0.386585	1
OR7D2	4	2.6935e-02	1.5981e-02	0.386585	1
TMEM247	4	2.7037e-02	1.5981e-02	0.386585	1
GAS6	4	2.7088e-02	1.5981e-02	0.386585	1
COL11A2	4	2.7138e-02	1.5981e-02	0.386585	1
CXCL9	4	2.7189e-02	1.5981e-02	0.386585	1
WFDC12	4	2.7240e-02	1.5981e-02	0.386585	1
RTN4RL1	4	2.7290e-02	1.5981e-02	0.386585	1
CHI3L1	4	2.7341e-02	1.5981e-02	0.386585	1
RMDN2	4	2.7392e-02	1.5981e-02	0.386585	1
ANKFY1	4	2.7443e-02	1.5981e-02	0.386585	1
EFHD1	4	2.7493e-02	1.5981e-02	0.386585	1
KCNB1	4	2.7544e-02	1.5981e-02	0.386585	1
TRAF3	4	2.7595e-02	1.5981e-02	0.386585	1
RAI2	4	2.7645e-02	1.5981e-02	0.386585	1
GNG7	4	2.7696e-02	1.5981e-02	0.386585	1
SNX22	4	2.7747e-02	1.5981e-02	0.386585	1
SNX14	4	2.7798e-02	1.5981e-02	0.386585	1
UBL3	4	2.7848e-02	1.5981e-02	0.386585	1
PITX2	4	2.7899e-02	1.5981e-02	0.386585	1
ABHD12	4	2.7950e-02	1.5981e-02	0.386585	1
PRMT8	4	2.8000e-02	1.5981e-02	0.386585	1
DENND4C	4	2.8051e-02	1.5981e-02	0.386585	1
FAM76B	4	2.8102e-02	1.5981e-02	0.386585	1
DCDC2	4	2.8152e-02	1.5981e-02	0.386585	1
SYT8	4	2.8203e-02	1.5981e-02	0.386585	1
CELF4	4	2.8254e-02	1.5981e-02	0.386585	1
SFTPA1	4	2.8406e-02	1.5981e-02	0.386585	1
AMOTL1	4	2.8558e-02	1.5981e-02	0.386585	1
RPIA	4	2.8659e-02	1.5981e-02	0.386585	1
ZNF543	4	2.8710e-02	1.5981e-02	0.386585	1
FOXQ1	4	2.8862e-02	1.5981e-02	0.386585	1
SERPINB11	4	2.8912e-02	1.5981e-02	0.386585	1
SLFN14	4	2.8963e-02	1.5981e-02	0.386585	1
TCF20	4	2.9014e-02	1.5981e-02	0.386585	1
RAD51AP1	4	2.9064e-02	1.5981e-02	0.386585	1
KLHL20	4	2.9166e-02	1.5981e-02	0.386585	1
SAT1	4	2.9216e-02	1.5981e-02	0.386585	1
SPNS3	4	2.9267e-02	1.5981e-02	0.386585	1
CCDC96	4	2.9318e-02	1.5981e-02	0.386585	1
AMPD2	4	2.9419e-02	1.5981e-02	0.386585	1
KIAA1211	4	2.9470e-02	1.5981e-02	0.386585	1
PGBD2	4	2.9520e-02	1.5981e-02	0.386585	1
MARCHF10	4	2.9621e-02	1.5981e-02	0.386585	1
GLIS2	4	2.9723e-02	1.5981e-02	0.386585	1
TTC26	4	2.9773e-02	1.5981e-02	0.386585	1
ZDBF2	4	2.9875e-02	1.5981e-02	0.386585	1
FBXL5	4	2.9925e-02	1.5981e-02	0.386585	1
ZDHHC5	4	3.0026e-02	1.9850e-02	0.386585	1
LARP7	4	3.0077e-02	1.9850e-02	0.386585	1
CX3CR1	4	3.0128e-02	1.9850e-02	0.386585	1
C7orf49	4	3.0178e-02	1.9850e-02	0.386585	1
MED12L	4	3.0229e-02	1.9850e-02	0.386585	1
TMEM99	4	3.0279e-02	1.9850e-02	0.386585	1
RELL2	4	3.0330e-02	1.9850e-02	0.386585	1
TMBIM6	4	3.0381e-02	1.9850e-02	0.386585	1
CDH13	4	3.0431e-02	1.9850e-02	0.386585	1
KLHL5	4	3.0482e-02	1.9850e-02	0.386585	1
NDUFA5	4	3.0532e-02	1.9850e-02	0.386585	1
SLC51A	4	3.0583e-02	1.9850e-02	0.386585	1
PTPN2	4	3.0634e-02	1.9850e-02	0.386585	1
SLC22A18	4	3.0684e-02	1.9850e-02	0.386585	1
ACOX3	4	3.0735e-02	1.9850e-02	0.386585	1
HRH1	4	3.0785e-02	1.9850e-02	0.386585	1
RIMS2	4	3.0836e-02	1.9850e-02	0.386585	1
BOLA2	4	3.0886e-02	1.9850e-02	0.386585	1
PCBP3	3	3.0920e-02	1.8135e-02	0.386585	1
PYROXD2	4	3.0988e-02	1.9850e-02	0.386585	1
TP53TG5	4	3.1038e-02	1.9850e-02	0.386585	1
PRR15	4	3.1089e-02	1.9850e-02	0.386585	1
CT47A7	4	3.1190e-02	1.9850e-02	0.386585	1
TMEM31	4	3.1240e-02	1.9850e-02	0.386585	1
LGI2	4	3.1342e-02	1.9850e-02	0.386585	1
SMIM10	4	3.1392e-02	1.9850e-02	0.386585	1
LIMD2	4	3.1443e-02	1.9850e-02	0.386585	1
IFI44L	4	3.1493e-02	1.9850e-02	0.386585	1
METTL25	4	3.1544e-02	1.9850e-02	0.386585	1
HGFAC	4	3.1645e-02	1.9850e-02	0.386585	1
TARSL2	4	3.1695e-02	1.9850e-02	0.386585	1
TRIM36	4	3.1746e-02	1.9850e-02	0.386585	1
DCHS1	4	3.1797e-02	1.9850e-02	0.386585	1
IMPA2	4	3.1898e-02	1.9850e-02	0.386585	1
SETD9	4	3.1948e-02	1.9850e-02	0.386585	1
SP1	4	3.1999e-02	1.9850e-02	0.386585	1
RGCC	4	3.2049e-02	1.9850e-02	0.386585	1
ZDHHC17	4	3.2100e-02	1.9850e-02	0.386585	1
OR2T10	4	3.2150e-02	1.9850e-02	0.386585	1
LRRC10	4	3.2201e-02	1.9850e-02	0.386585	1
CDYL	4	3.2251e-02	1.9850e-02	0.386585	1
SEMA4F	4	3.2302e-02	1.9850e-02	0.386585	1
MAP7D3	4	3.2352e-02	1.9850e-02	0.386585	1
CCDC91	4	3.2403e-02	1.9850e-02	0.386585	1
IKZF4	4	3.2554e-02	1.9850e-02	0.386585	1
ZNF212	4	3.2605e-02	1.9850e-02	0.386585	1
HYAL3	4	3.2656e-02	1.9850e-02	0.386585	1
TIMMDC1	4	3.2706e-02	1.9850e-02	0.386585	1
MCCC2	4	3.2757e-02	1.9850e-02	0.386585	1
SYT14	4	3.2858e-02	1.9850e-02	0.386585	1
PAAF1	4	3.2908e-02	1.9850e-02	0.386585	1
PTPN5	4	3.2959e-02	1.9850e-02	0.386585	1
NACC2	4	3.3009e-02	1.9850e-02	0.386585	1
PLD6	4	3.3060e-02	1.9850e-02	0.386585	1
SLAMF8	4	3.3110e-02	1.9850e-02	0.386585	1
TTC13	4	3.3161e-02	1.9850e-02	0.386585	1
ANXA2R	4	3.3211e-02	1.9850e-02	0.386585	1
DEFB112	4	3.3261e-02	1.9850e-02	0.386585	1
MGST2	4	3.3312e-02	1.9850e-02	0.386585	1
USP40	4	3.3413e-02	1.9850e-02	0.386585	1
ACRV1	4	3.3463e-02	1.9850e-02	0.386585	1
NOL4	4	3.3514e-02	1.9850e-02	0.386585	1
ZNF343	4	3.3564e-02	1.9850e-02	0.386585	1
SLC4A7	4	3.3615e-02	1.9850e-02	0.386585	1
CSTB	4	3.3665e-02	1.9850e-02	0.386585	1
RASSF9	4	3.3716e-02	1.9850e-02	0.386585	1
CATSPERG	4	3.3766e-02	1.9850e-02	0.386585	1
TXK	4	3.3817e-02	1.9850e-02	0.386585	1
PAWR	4	3.3918e-02	1.9850e-02	0.386585	1
CASP3	4	3.4019e-02	1.9850e-02	0.386585	1
TBC1D5	4	3.4069e-02	1.9850e-02	0.386585	1
LARP1B	4	3.4119e-02	1.9850e-02	0.386585	1
KIF17	4	3.4170e-02	1.9850e-02	0.386585	1
SIPA1L3	4	3.4220e-02	1.9850e-02	0.386585	1
YTHDF2	4	3.4271e-02	1.9850e-02	0.386585	1
C12orf50	4	3.4321e-02	1.9850e-02	0.386585	1
NOA1	4	3.4372e-02	1.9850e-02	0.386585	1
RAB3B	4	3.4422e-02	1.9850e-02	0.386585	1
FCER1A	4	3.4473e-02	1.9850e-02	0.386585	1
GOT1L1	4	3.4523e-02	1.9850e-02	0.386585	1
FAM221A	4	3.4573e-02	1.9850e-02	0.386585	1
H3F3B	4	3.4624e-02	1.9850e-02	0.386585	1
BLOC1S5	4	3.4674e-02	1.9850e-02	0.386585	1
CSTF2	4	3.4725e-02	1.9850e-02	0.386585	1
WDR6	4	3.4775e-02	1.9850e-02	0.386585	1
FAM217A	4	3.4826e-02	1.9850e-02	0.386585	1
C9orf50	4	3.4876e-02	1.9850e-02	0.386585	1
ATP9B	4	3.4926e-02	1.9850e-02	0.386585	1
ZDHHC23	3	3.4946e-02	1.8135e-02	0.386585	1
FMN2	4	3.4977e-02	1.9850e-02	0.386585	1
RAB17	4	3.5027e-02	1.9850e-02	0.386585	1
FITM2	4	3.5078e-02	1.9850e-02	0.386585	1
IGLON5	4	3.5128e-02	1.9850e-02	0.386585	1
RNF225	4	3.5178e-02	1.9850e-02	0.386585	1
RNASE11	4	3.5229e-02	1.9850e-02	0.386585	1
SSR3	4	3.5330e-02	1.9850e-02	0.386585	1
FTO	4	3.5380e-02	1.9850e-02	0.386585	1
PARP15	4	3.5431e-02	1.9850e-02	0.386585	1
CCAR2	4	3.5481e-02	1.9850e-02	0.386585	1
SLC9A3R2	4	3.5531e-02	1.9850e-02	0.386585	1
GCNT2	4	3.5582e-02	1.9850e-02	0.386585	1
MAPK1	4	3.5632e-02	1.9850e-02	0.386585	1
PPIAL4D	4	3.5683e-02	1.9850e-02	0.386585	1
CCL7	4	3.5733e-02	1.9850e-02	0.386585	1
STK10	4	3.5783e-02	1.9850e-02	0.386585	1
LOC388282	4	3.5834e-02	1.9850e-02	0.386585	1
BHLHE23	4	3.5884e-02	1.9850e-02	0.386585	1
MID1	4	3.5934e-02	1.9850e-02	0.386585	1
CLEC4M	4	3.6035e-02	1.9850e-02	0.386585	1
GALNT18	4	3.6086e-02	1.9850e-02	0.386585	1
TNFRSF13B	4	3.6136e-02	1.9850e-02	0.386585	1
SLIT1	4	3.6186e-02	1.9850e-02	0.386585	1
PLEKHA7	4	3.6237e-02	1.9850e-02	0.386585	1
ZNF735	4	3.6287e-02	1.9850e-02	0.386585	1
HIST1H3E	4	3.6337e-02	1.9850e-02	0.386585	1
ARHGAP23	4	3.6388e-02	1.9850e-02	0.386585	1
GLUD2	4	3.6438e-02	1.9850e-02	0.386585	1
ACTB	4	3.6488e-02	1.9850e-02	0.386585	1
SLC22A1	4	3.6539e-02	1.9850e-02	0.386585	1
OR8D4	4	3.6589e-02	1.9850e-02	0.386585	1
COL4A4	4	3.6640e-02	1.9850e-02	0.386585	1
ADNP	4	3.6690e-02	1.9850e-02	0.386585	1
ALAS1	4	3.6740e-02	1.9850e-02	0.386585	1
HLA-DPA1	4	3.6791e-02	1.9850e-02	0.386585	1
HIST1H2AK	4	3.6841e-02	1.9850e-02	0.386585	1
FPGT	4	3.6942e-02	1.9850e-02	0.386585	1
HRG	4	3.6992e-02	1.9850e-02	0.386585	1
SLC25A14	4	3.7042e-02	1.9850e-02	0.386585	1
C20orf24	4	3.7143e-02	1.9850e-02	0.386585	1
SLC35E2B	4	3.7193e-02	1.9850e-02	0.386585	1
GABRA1	4	3.7244e-02	1.9850e-02	0.386585	1
INPP1	4	3.7294e-02	1.9850e-02	0.386585	1
PTP4A1	4	3.7344e-02	1.9850e-02	0.386585	1
CRISP1	4	3.7395e-02	1.9850e-02	0.386585	1
TNR	4	3.7445e-02	1.9850e-02	0.386585	1
VAV2	4	3.7495e-02	1.9850e-02	0.386585	1
ZYG11A	4	3.7646e-02	1.9850e-02	0.386585	1
PIK3CD	4	3.7697e-02	1.9850e-02	0.386585	1
SHISA3	4	3.7747e-02	1.9850e-02	0.386585	1
EPT1	4	3.7797e-02	1.9850e-02	0.386585	1
LY75-CD302	4	3.7948e-02	1.9850e-02	0.386585	1
ABHD15	4	3.7998e-02	1.9850e-02	0.386585	1
ADH7	4	3.8049e-02	1.9850e-02	0.386585	1
CFHR3	4	3.8099e-02	1.9850e-02	0.386585	1
KRTAP20-1	4	3.8149e-02	1.9850e-02	0.386585	1
TMEM261	4	3.8200e-02	1.9850e-02	0.386585	1
CEP85L	4	3.8250e-02	1.9850e-02	0.386585	1
OR2W3	4	3.8300e-02	1.9850e-02	0.386585	1
SEC31B	4	3.8350e-02	1.9850e-02	0.386585	1
AP2A2	4	3.8401e-02	1.9850e-02	0.386585	1
PLCB3	4	3.8451e-02	1.9850e-02	0.386585	1
NAP1L3	4	3.8602e-02	1.9850e-02	0.386585	1
KIF3C	4	3.8652e-02	1.9850e-02	0.386585	1
SCAI	4	3.8702e-02	1.9850e-02	0.386585	1
SMCO4	4	3.8753e-02	1.9850e-02	0.386585	1
TOMM40L	4	3.8803e-02	1.9850e-02	0.386585	1
CBLN3	4	3.8903e-02	2.3706e-02	0.386585	1
ZDHHC9	4	3.8954e-02	2.3706e-02	0.386585	1
HEATR9	4	3.9004e-02	2.3706e-02	0.386585	1
RAPGEF5	4	3.9054e-02	2.3706e-02	0.386585	1
PPP1R26	4	3.9104e-02	2.3706e-02	0.386585	1
LRRC8C	4	3.9155e-02	2.3706e-02	0.386585	1
CCDC51	4	3.9205e-02	2.3706e-02	0.386585	1
PRKG1	4	3.9255e-02	2.3706e-02	0.386585	1
HNRNPCL3	4	3.9306e-02	2.3706e-02	0.386585	1
POLI	4	3.9356e-02	2.3706e-02	0.386585	1
ICAM3	4	3.9406e-02	2.3706e-02	0.386585	1
GREM2	4	3.9456e-02	2.3706e-02	0.386585	1
TRIM31	4	3.9506e-02	2.3706e-02	0.386585	1
SOX9	4	3.9557e-02	2.3706e-02	0.386585	1
CEBPE	4	3.9607e-02	2.3706e-02	0.386585	1
GLTPD2	4	3.9657e-02	2.3706e-02	0.386585	1
GRK7	4	3.9707e-02	2.3706e-02	0.386585	1
SLC25A10	4	3.9758e-02	2.3706e-02	0.386585	1
CASKIN2	4	3.9858e-02	2.3706e-02	0.386585	1
IMMP2L	4	3.9908e-02	2.3706e-02	0.386585	1
FOXA1	4	3.9959e-02	2.3706e-02	0.386585	1
AGER	4	4.0009e-02	2.3706e-02	0.386585	1
C14orf142	4	4.0109e-02	2.3706e-02	0.386585	1
KIAA1755	4	4.0159e-02	2.3706e-02	0.386585	1
DFNB31	4	4.0210e-02	2.3706e-02	0.386585	1
LZTR1	4	4.0260e-02	2.3706e-02	0.386585	1
ZNF133	4	4.0310e-02	2.3706e-02	0.386585	1
ATP8A1	4	4.0360e-02	2.3706e-02	0.386585	1
GALNT3	4	4.0410e-02	2.3706e-02	0.386585	1
CLEC18C	4	4.0461e-02	2.3706e-02	0.386585	1
NDUFB4	4	4.0511e-02	2.3706e-02	0.386585	1
MS4A6A	4	4.0561e-02	2.3706e-02	0.386585	1
AKR7A2	4	4.0611e-02	2.3706e-02	0.386585	1
OR2V1	4	4.0661e-02	2.3706e-02	0.386585	1
KRTAP19-5	4	4.0712e-02	2.3706e-02	0.386585	1
TRHR	4	4.0762e-02	2.3706e-02	0.386585	1
AADAT	4	4.0812e-02	2.3706e-02	0.386585	1
EXOC8	4	4.0862e-02	2.3706e-02	0.386585	1
CCDC85A	4	4.0963e-02	2.3706e-02	0.386585	1
OSTN	4	4.1063e-02	2.3706e-02	0.386585	1
GMFB	4	4.1113e-02	2.3706e-02	0.386585	1
KCNT2	4	4.1163e-02	2.3706e-02	0.386585	1
S100B	4	4.1214e-02	2.3706e-02	0.386585	1
FANCL	4	4.1264e-02	2.3706e-02	0.386585	1
OPRK1	4	4.1314e-02	2.3706e-02	0.386585	1
TSPO	4	4.1364e-02	2.3706e-02	0.386585	1
DCUN1D3	4	4.1414e-02	2.3706e-02	0.386585	1
EXOC2	4	4.1464e-02	2.3706e-02	0.386585	1
UNC13C	4	4.1515e-02	2.3706e-02	0.386585	1
ARHGEF38	4	4.1615e-02	2.3706e-02	0.386585	1
TBC1D14	4	4.1665e-02	2.3706e-02	0.386585	1
FAM160A1	4	4.1715e-02	2.3706e-02	0.386585	1
ANGPTL5	4	4.1765e-02	2.3706e-02	0.386585	1
TNNT1	4	4.1815e-02	2.3706e-02	0.386585	1
MRPL23	4	4.1866e-02	2.3706e-02	0.386585	1
C3AR1	4	4.2016e-02	2.3706e-02	0.386585	1
MRFAP1	4	4.2066e-02	2.3706e-02	0.386585	1
OSMR	4	4.2116e-02	2.3706e-02	0.386585	1
C2orf47	4	4.2166e-02	2.3706e-02	0.386585	1
RAET1G	4	4.2217e-02	2.3706e-02	0.386585	1
ANKRD46	4	4.2267e-02	2.3706e-02	0.386585	1
RGS16	4	4.2317e-02	2.3706e-02	0.386585	1
PARP11	4	4.2367e-02	2.3706e-02	0.386585	1
ZNF549	4	4.2417e-02	2.3706e-02	0.386585	1
SGPP1	4	4.2467e-02	2.3706e-02	0.386585	1
PMM1	4	4.2517e-02	2.3706e-02	0.386585	1
ASPSCR1	4	4.2567e-02	2.3706e-02	0.386585	1
COL7A1	4	4.2668e-02	2.3706e-02	0.386585	1
AADACL4	4	4.2718e-02	2.3706e-02	0.386585	1
NEIL2	4	4.2768e-02	2.3706e-02	0.386585	1
OR8K1	4	4.2818e-02	2.3706e-02	0.386585	1
TFE3	4	4.2868e-02	2.3706e-02	0.386585	1
FBXO9	4	4.2918e-02	2.3706e-02	0.386585	1
CACNG5	4	4.2968e-02	2.3706e-02	0.386585	1
MAPK8	4	4.3069e-02	2.3706e-02	0.386585	1
ARPC5L	4	4.3169e-02	2.3706e-02	0.386585	1
CLPB	4	4.3219e-02	2.3706e-02	0.386585	1
SLC25A4	4	4.3269e-02	2.3706e-02	0.386585	1
SLC7A14	4	4.3319e-02	2.3706e-02	0.386585	1
SHISA2	4	4.3369e-02	2.3706e-02	0.386585	1
RGS8	4	4.3419e-02	2.3706e-02	0.386585	1
DGKB	4	4.3469e-02	2.3706e-02	0.386585	1
PTPRS	4	4.3519e-02	2.3706e-02	0.386585	1
TRIOBP	4	4.3570e-02	2.3706e-02	0.386585	1
TNK2	4	4.3620e-02	2.3706e-02	0.386585	1
SYNJ1	4	4.3670e-02	2.3706e-02	0.386585	1
PFAS	4	4.3720e-02	2.3706e-02	0.386585	1
CCR1	4	4.3770e-02	2.3706e-02	0.386585	1
TIGD2	4	4.3820e-02	2.3706e-02	0.386585	1
CYP2U1	4	4.3870e-02	2.3706e-02	0.386585	1
CREBBP	4	4.3920e-02	2.3706e-02	0.386585	1
DAB2	4	4.3970e-02	2.3706e-02	0.386585	1
EDEM1	4	4.4020e-02	2.3706e-02	0.386585	1
UBN2	4	4.4070e-02	2.3706e-02	0.386585	1
IQCJ-SCHIP1	4	4.4120e-02	2.3706e-02	0.386585	1
CLDN34	4	4.4170e-02	2.3706e-02	0.386585	1
HERPUD2	4	4.4220e-02	2.3706e-02	0.386585	1
SERPINA1	4	4.4321e-02	2.3706e-02	0.386585	1
XPR1	4	4.4371e-02	2.3706e-02	0.386585	1
SMPD4	4	4.4521e-02	2.3706e-02	0.386585	1
IYD	4	4.4571e-02	2.3706e-02	0.386585	1
B3GNT5	4	4.4621e-02	2.3706e-02	0.386585	1
SYT17	4	4.4671e-02	2.3706e-02	0.386585	1
LOC730159	4	4.4721e-02	2.3706e-02	0.386585	1
DRD1	4	4.4771e-02	2.3706e-02	0.386585	1
INTU	4	4.4821e-02	2.3706e-02	0.386585	1
TBX21	4	4.4871e-02	2.3706e-02	0.386585	1
ZMYM6NB	4	4.4921e-02	2.3706e-02	0.386585	1
PHKG2	4	4.4971e-02	2.3706e-02	0.386585	1
OR6K6	4	4.5021e-02	2.3706e-02	0.386585	1
C9orf43	4	4.5071e-02	2.3706e-02	0.386585	1
TEX12	4	4.5121e-02	2.3706e-02	0.386585	1
FAM151B	4	4.5171e-02	2.3706e-02	0.386585	1
GAL3ST1	4	4.5271e-02	2.3706e-02	0.386585	1
PDE1B	4	4.5321e-02	2.3706e-02	0.386585	1
PWWP2A	4	4.5471e-02	2.3706e-02	0.386585	1
ASCL2	4	4.5521e-02	2.3706e-02	0.386585	1
C1orf100	4	4.5571e-02	2.3706e-02	0.386585	1
ZNF345	4	4.5621e-02	2.3706e-02	0.386585	1
FAIM2	4	4.5721e-02	2.3706e-02	0.386585	1
IL18	4	4.5771e-02	2.3706e-02	0.386585	1
ANO3	4	4.5821e-02	2.3706e-02	0.386585	1
FAM71E2	4	4.5871e-02	2.3706e-02	0.386585	1
IPCEF1	4	4.5921e-02	2.3706e-02	0.386585	1
PRR14L	4	4.5971e-02	2.3706e-02	0.386585	1
MCAM	4	4.6021e-02	2.3706e-02	0.386585	1
AEN	4	4.6071e-02	2.3706e-02	0.386585	1
SOBP	4	4.6121e-02	2.3706e-02	0.386585	1
EPPIN-WFDC6	4	4.6171e-02	2.3706e-02	0.386585	1
ACTN4	4	4.6221e-02	2.3706e-02	0.386585	1
SLC2A9	4	4.6271e-02	2.3706e-02	0.386585	1
P2RY6	4	4.6371e-02	2.3706e-02	0.386585	1
MRPL11	4	4.6421e-02	2.3706e-02	0.386585	1
IAPP	4	4.6471e-02	2.3706e-02	0.386585	1
APBB2	4	4.6521e-02	2.3706e-02	0.386585	1
CHRDL1	4	4.6571e-02	2.3706e-02	0.386585	1
ANGEL1	4	4.6621e-02	2.3706e-02	0.386585	1
CHST15	4	4.6671e-02	2.3706e-02	0.386585	1
CCNT1	4	4.6721e-02	2.3706e-02	0.386585	1
TCEAL5	4	4.6771e-02	2.3706e-02	0.386585	1
ADGRG2	4	4.6821e-02	2.3706e-02	0.386585	1
STARD7	4	4.6871e-02	2.3706e-02	0.386585	1
EPM2A	4	4.6921e-02	2.3706e-02	0.386585	1
KCNIP3	4	4.6970e-02	2.3706e-02	0.386585	1
PAPOLA	4	4.7020e-02	2.3706e-02	0.386585	1
MSRB2	4	4.7070e-02	2.3706e-02	0.386585	1
MDGA2	4	4.7170e-02	2.3706e-02	0.386585	1
IFI27L1	4	4.7220e-02	2.3706e-02	0.386585	1
ACTRT1	4	4.7270e-02	2.3706e-02	0.386585	1
CDKL4	4	4.7320e-02	2.3706e-02	0.386585	1
C6orf7	4	4.7370e-02	2.3706e-02	0.386585	1
BBS12	4	4.7420e-02	2.3706e-02	0.386585	1
ARRB2	4	4.7470e-02	2.3706e-02	0.386585	1
HLA-DMB	4	4.7520e-02	2.3706e-02	0.386585	1
ELF1	4	4.7570e-02	2.3706e-02	0.386585	1
USP45	4	4.7620e-02	2.3706e-02	0.386585	1
CFAP53	4	4.7670e-02	2.3706e-02	0.386585	1
MGAT5	4	4.7719e-02	2.3706e-02	0.386585	1
COMMD1	4	4.7819e-02	2.3706e-02	0.386585	1
ENPP5	4	4.7919e-02	2.3706e-02	0.386585	1
ENO2	4	4.8019e-02	2.3706e-02	0.386585	1
LY6G5B	4	4.8069e-02	2.3706e-02	0.386585	1
PLN	4	4.8119e-02	2.3706e-02	0.386585	1
AMIGO1	4	4.8169e-02	2.3706e-02	0.386585	1
SHISA9	4	4.8219e-02	2.3706e-02	0.386585	1
LAMB2	4	4.8268e-02	2.3706e-02	0.386585	1
GPR174	4	4.8318e-02	2.3706e-02	0.386585	1
TNFSF12	4	4.8368e-02	2.3706e-02	0.386585	1
RMND5B	4	4.8418e-02	2.3706e-02	0.386585	1
SGK494	4	4.8468e-02	2.3707e-02	0.386585	1
BCDIN3D	4	4.8518e-02	2.3707e-02	0.386585	1
RETSAT	4	4.8568e-02	2.3707e-02	0.386585	1
SSFA2	4	4.8618e-02	2.3707e-02	0.386585	1
NR4A1	4	4.8668e-02	2.3707e-02	0.386585	1
ICA1L	4	4.8717e-02	2.3707e-02	0.386585	1
PCDHGC4	4	4.8817e-02	2.3707e-02	0.386585	1
PPP1R9A	4	4.8867e-02	2.3707e-02	0.386585	1
RWDD1	4	4.8917e-02	2.3707e-02	0.386585	1
FBXW7	4	4.8967e-02	2.3707e-02	0.386585	1
SEC23B	4	4.9017e-02	2.3707e-02	0.386585	1
P3H4	4	4.9067e-02	2.3707e-02	0.386585	1
PASK	4	4.9116e-02	2.3707e-02	0.386585	1
GDPD3	4	4.9166e-02	2.3707e-02	0.386585	1
OR52E6	4	4.9216e-02	2.3707e-02	0.386585	1
APTX	4	4.9266e-02	2.3707e-02	0.386585	1
OR10J3	4	4.9316e-02	2.3707e-02	0.386585	1
PCF11	4	4.9366e-02	2.3707e-02	0.386585	1
C12orf79	4	4.9416e-02	2.3707e-02	0.386585	1
C1QBP	4	4.9465e-02	2.3707e-02	0.386585	1
RBM44	4	4.9515e-02	2.3707e-02	0.386585	1
ACER1	4	4.9565e-02	2.3707e-02	0.386585	1
GEMIN5	4	4.9615e-02	2.3707e-02	0.386585	1
SETD4	4	4.9715e-02	2.3707e-02	0.386585	1
FA2H	4	4.9764e-02	2.3707e-02	0.386585	1
RNF151	4	4.9814e-02	2.3707e-02	0.386585	1
OR8J3	4	4.9864e-02	2.3707e-02	0.386585	1
PIH1D1	4	4.9914e-02	2.3707e-02	0.386585	1
ST8SIA2	4	4.9964e-02	2.3707e-02	0.386585	1
TFDP3	4	5.0014e-02	2.3707e-02	0.386585	1
AGPS	4	5.0063e-02	2.3707e-02	0.386585	1
HIST1H2BN	4	5.0113e-02	2.3707e-02	0.386585	1
ZPBP2	4	5.0163e-02	2.3707e-02	0.386585	1
UNCX	4	5.0213e-02	2.3707e-02	0.386585	1
VPS37D	4	5.0313e-02	2.3707e-02	0.386585	1
PDZD11	4	5.0362e-02	2.3707e-02	0.386585	1
WNT5A	4	5.0412e-02	2.3707e-02	0.386585	1
PCNXL4	3	5.0450e-02	2.4070e-02	0.386585	1
MBNL1	4	5.0462e-02	2.3707e-02	0.386585	1
PCIF1	4	5.0512e-02	2.3707e-02	0.386585	1
C16orf54	4	5.0611e-02	2.3707e-02	0.386585	1
GGNBP2	4	5.0661e-02	2.3707e-02	0.386585	1
ZDHHC11	4	5.0711e-02	2.3707e-02	0.386585	1
RECQL	4	5.0761e-02	2.3707e-02	0.386585	1
TLX2	4	5.0811e-02	2.3707e-02	0.386585	1
TRABD2A	4	5.0860e-02	2.3707e-02	0.386585	1
TRAF3IP2	4	5.0910e-02	2.3707e-02	0.386585	1
JOSD1	4	5.0960e-02	2.3707e-02	0.386585	1
KRTAP10-12	4	5.1060e-02	2.3707e-02	0.386585	1
KLK2	4	5.1109e-02	2.3707e-02	0.386585	1
TMEM8C	4	5.1159e-02	2.3707e-02	0.386585	1
CDC42EP1	4	5.1209e-02	2.3707e-02	0.386585	1
ARHGAP12	4	5.1308e-02	2.3707e-02	0.386585	1
CDK16	4	5.1358e-02	2.3707e-02	0.386585	1
BPIFA1	4	5.1408e-02	2.3707e-02	0.386585	1
HOXB6	4	5.1508e-02	2.3707e-02	0.386585	1
SMO	4	5.1557e-02	2.3707e-02	0.386585	1
SLC19A3	4	5.1607e-02	2.3707e-02	0.386585	1
RAB36	4	5.1657e-02	2.3707e-02	0.386585	1
FILIP1L	4	5.1707e-02	2.3707e-02	0.386585	1
RBM34	4	5.1756e-02	2.3707e-02	0.386585	1
PPM1E	4	5.1806e-02	2.3707e-02	0.386585	1
KBTBD7	4	5.1856e-02	2.3707e-02	0.386585	1
E2F5	4	5.1906e-02	2.3707e-02	0.386585	1
FGF17	4	5.1955e-02	2.3707e-02	0.386585	1
AP5M1	4	5.2005e-02	2.3707e-02	0.386585	1
PAX6	4	5.2055e-02	2.3707e-02	0.386585	1
MRPL42	4	5.2105e-02	2.3707e-02	0.386585	1
CST1	4	5.2254e-02	2.3707e-02	0.386585	1
SMIM23	4	5.2304e-02	2.3707e-02	0.386585	1
GGT1	4	5.2353e-02	2.3707e-02	0.386585	1
PON1	3	5.2400e-02	2.4070e-02	0.386585	1
DCUN1D1	4	5.2403e-02	2.3707e-02	0.386585	1
HAND1	4	5.2453e-02	2.3707e-02	0.386585	1
CLIC5	4	5.2503e-02	2.3707e-02	0.386585	1
PROSER3	4	5.2552e-02	2.3707e-02	0.386585	1
MTERF3	4	5.2602e-02	2.3707e-02	0.386585	1
PRNP	4	5.2652e-02	2.3707e-02	0.386585	1
TNFSF9	4	5.2751e-02	2.3707e-02	0.386585	1
C16orf92	4	5.2801e-02	2.3707e-02	0.386585	1
SS18	4	5.2851e-02	2.3707e-02	0.386585	1
ZFP69	4	5.2900e-02	2.3707e-02	0.386585	1
ZIC1	4	5.2950e-02	2.3707e-02	0.386585	1
GPR135	4	5.3000e-02	2.3707e-02	0.386585	1
DENND4A	4	5.3049e-02	2.3707e-02	0.386585	1
NFKBIB	4	5.3099e-02	2.3707e-02	0.386585	1
ZNF404	4	5.3149e-02	2.3707e-02	0.386585	1
PIK3R6	4	5.3199e-02	2.3707e-02	0.386585	1
MAGED4B	4	5.3348e-02	2.3707e-02	0.386585	1
C6orf201	4	5.3397e-02	2.3707e-02	0.386585	1
ADD3	4	5.3447e-02	2.3707e-02	0.386585	1
CHIA	4	5.3497e-02	2.3707e-02	0.386585	1
NAT1	4	5.3546e-02	2.3707e-02	0.386585	1
NOTCH4	4	5.3596e-02	2.3707e-02	0.386585	1
GP2	4	5.3646e-02	2.3707e-02	0.386585	1
HDHD3	4	5.3696e-02	2.3707e-02	0.386585	1
KCTD6	4	5.3795e-02	2.3707e-02	0.386585	1
CT62	4	5.3894e-02	2.3707e-02	0.386585	1
IGFBP4	4	5.3994e-02	2.3707e-02	0.386585	1
OR10H4	4	5.4043e-02	2.3707e-02	0.386585	1
DZIP1	4	5.4093e-02	2.3707e-02	0.386585	1
GNG11	4	5.4143e-02	2.3707e-02	0.386585	1
RAB5C	4	5.4192e-02	2.3707e-02	0.386585	1
HECW1	4	5.4242e-02	2.3707e-02	0.386585	1
CDKN1B	4	5.4292e-02	2.3707e-02	0.386585	1
MSANTD2	4	5.4341e-02	2.3707e-02	0.386585	1
NRP1	4	5.4391e-02	2.3707e-02	0.386585	1
TAP2	4	5.4441e-02	2.3707e-02	0.386585	1
PECAM1	4	5.4490e-02	2.3707e-02	0.386585	1
C12orf54	4	5.4540e-02	2.3707e-02	0.386585	1
ENAH	4	5.4639e-02	2.3707e-02	0.386585	1
PRY	3	5.4683e-02	2.4070e-02	0.386585	1
IL22RA1	4	5.4689e-02	2.3707e-02	0.386585	1
SPERT	4	5.4738e-02	2.3707e-02	0.386585	1
ZBED9	4	5.4788e-02	2.3707e-02	0.386585	1
CEP295NL	4	5.4838e-02	2.3707e-02	0.386585	1
CAPN1	4	5.4887e-02	2.3707e-02	0.386585	1
C5orf52	4	5.4987e-02	2.3707e-02	0.386585	1
CCDC141	4	5.5036e-02	2.3707e-02	0.386585	1
LRRC23	4	5.5086e-02	2.3707e-02	0.386585	1
SFXN5	4	5.5136e-02	2.3707e-02	0.386585	1
RBL2	4	5.5235e-02	2.3707e-02	0.386585	1
TRIB1	4	5.5284e-02	2.3707e-02	0.386585	1
DRAM2	4	5.5334e-02	2.3707e-02	0.386585	1
GDPD1	4	5.5384e-02	2.3707e-02	0.386585	1
PGK2	4	5.5433e-02	2.3707e-02	0.386585	1
LCE2B	4	5.5483e-02	2.3707e-02	0.386585	1
FTL	4	5.5582e-02	2.3707e-02	0.386585	1
SMLR1	4	5.5632e-02	2.3707e-02	0.386585	1
HEY2	4	5.5681e-02	2.3707e-02	0.386585	1
ACVR1C	4	5.5731e-02	2.3707e-02	0.386585	1
PXMP2	4	5.5780e-02	2.3707e-02	0.386585	1
BAG6	4	5.5880e-02	2.3707e-02	0.386585	1
CCL1	4	5.5929e-02	2.3707e-02	0.386585	1
SLC25A31	4	5.5979e-02	2.3707e-02	0.386585	1
SAMD10	4	5.6028e-02	2.3707e-02	0.386585	1
IGF2R	4	5.6078e-02	2.3707e-02	0.386585	1
LRRC75A	4	5.6128e-02	2.3707e-02	0.386585	1
RNMTL1	4	5.6177e-02	2.3707e-02	0.386585	1
C9orf16	4	5.6227e-02	2.3707e-02	0.386585	1
ASCL5	4	5.6276e-02	2.3707e-02	0.386585	1
CHMP6	4	5.6326e-02	2.3707e-02	0.386585	1
AK8	4	5.6376e-02	2.3707e-02	0.386585	1
SOCS6	4	5.6475e-02	2.3707e-02	0.386585	1
LIPG	4	5.6524e-02	2.3707e-02	0.386585	1
FOXO3	4	5.6574e-02	2.3707e-02	0.386585	1
DNAJB5	4	5.6623e-02	2.3707e-02	0.386585	1
ARHGDIA	4	5.6673e-02	2.3707e-02	0.386585	1
SLC6A3	4	5.6772e-02	2.3707e-02	0.386585	1
MRPL48	4	5.6822e-02	2.3707e-02	0.386585	1
TYW5	4	5.6871e-02	2.3707e-02	0.386585	1
TRAPPC3L	4	5.6970e-02	2.3707e-02	0.386585	1
TMEM30B	4	5.7020e-02	2.3707e-02	0.386585	1
PADI2	4	5.7069e-02	2.3707e-02	0.386585	1
ACADL	4	5.7119e-02	2.3707e-02	0.386585	1
DYRK2	4	5.7169e-02	2.3707e-02	0.386585	1
AJAP1	4	5.7317e-02	2.3707e-02	0.386585	1
GABRE	4	5.7416e-02	2.3707e-02	0.386585	1
OXSR1	4	5.7466e-02	2.3707e-02	0.386585	1
PAIP2B	4	5.7515e-02	2.3707e-02	0.386585	1
NAV1	4	5.7565e-02	2.3707e-02	0.386585	1
BNC1	4	5.7664e-02	2.3707e-02	0.386585	1
SLC10A2	4	5.7713e-02	2.3707e-02	0.386585	1
MDFI	4	5.7763e-02	2.3707e-02	0.386585	1
GSS	4	5.7812e-02	2.3707e-02	0.386585	1
WDR78	4	5.7862e-02	2.3707e-02	0.386585	1
MPDZ	4	5.7912e-02	2.3707e-02	0.386585	1
SUMF1	4	5.8060e-02	2.7574e-02	0.386585	1
SRP72	4	5.8110e-02	2.7574e-02	0.386585	1
LRP10	4	5.8159e-02	2.7574e-02	0.386585	1
GOLGA4	4	5.8209e-02	2.7574e-02	0.386585	1
SESN1	4	5.8258e-02	2.7574e-02	0.386585	1
RP1L1	4	5.8308e-02	2.7574e-02	0.386585	1
LMO7	4	5.8357e-02	2.7574e-02	0.386585	1
OR8G1	4	5.8506e-02	3.1444e-02	0.386585	1
NXF3	4	5.8555e-02	3.1444e-02	0.386585	1
PDE4D	4	5.8605e-02	3.1444e-02	0.386585	1
ARGLU1	4	5.8654e-02	3.1444e-02	0.386585	1
TLK2	4	5.8704e-02	3.1444e-02	0.386585	1
RNF7	4	5.8753e-02	3.1444e-02	0.386585	1
OR11A1	4	5.8803e-02	3.1444e-02	0.386585	1
HRH3	4	5.8852e-02	3.1444e-02	0.386585	1
LOC100506422	4	5.8951e-02	3.1444e-02	0.386585	1
HSH2D	4	5.9000e-02	3.1444e-02	0.386585	1
SPDYE5	4	5.9050e-02	3.1444e-02	0.386585	1
GNB3	4	5.9099e-02	3.1444e-02	0.386585	1
TSC22D3	4	5.9149e-02	3.1444e-02	0.386585	1
LOC102724957	4	5.9198e-02	3.1444e-02	0.386585	1
N4BP2	4	5.9396e-02	3.1444e-02	0.386585	1
MEPE	4	5.9446e-02	3.1444e-02	0.386585	1
ITGAM	4	5.9495e-02	3.1444e-02	0.386585	1
CPOX	4	5.9545e-02	3.1444e-02	0.386585	1
BAHCC1	4	5.9594e-02	3.1444e-02	0.386585	1
OR52I1	4	5.9643e-02	3.1444e-02	0.386585	1
OR52N2	4	5.9693e-02	3.1444e-02	0.386585	1
TMEM175	4	5.9792e-02	3.1444e-02	0.386585	1
IFI30	4	5.9841e-02	3.1444e-02	0.386585	1
LEF1	4	5.9891e-02	3.1444e-02	0.386585	1
NTM	4	5.9940e-02	3.1444e-02	0.386585	1
F10	4	5.9989e-02	3.1444e-02	0.386585	1
RAB40B	4	6.0039e-02	3.1444e-02	0.386585	1
CUL2	4	6.0088e-02	3.1444e-02	0.386585	1
C1orf194	4	6.0138e-02	3.1444e-02	0.386585	1
SMR3B	4	6.0187e-02	3.1444e-02	0.386585	1
SMAD1	4	6.0286e-02	3.1444e-02	0.386585	1
SMAD7	3	6.0321e-02	2.7017e-02	0.386585	1
LUZP1	4	6.0385e-02	3.1444e-02	0.386585	1
TTC24	4	6.0434e-02	3.1444e-02	0.386585	1
AASS	4	6.0484e-02	3.1444e-02	0.386585	1
HSD17B1	4	6.0533e-02	3.1444e-02	0.386585	1
HBZ	4	6.0583e-02	3.1444e-02	0.386585	1
HLA-DPB1	4	6.0632e-02	3.1444e-02	0.386585	1
SMARCD2	4	6.0681e-02	3.1444e-02	0.386585	1
FAT2	4	6.0731e-02	3.1444e-02	0.386585	1
PLEKHH3	4	6.0780e-02	3.1444e-02	0.386585	1
MTRNR2L3	4	6.0830e-02	3.1444e-02	0.386585	1
KRTAP9-7	4	6.0879e-02	3.1444e-02	0.386585	1
NR2E3	4	6.0928e-02	3.1444e-02	0.386585	1
OR7D4	4	6.1027e-02	3.1444e-02	0.386585	1
P3H1	4	6.1077e-02	3.1444e-02	0.386585	1
GLOD4	4	6.1126e-02	3.1444e-02	0.386585	1
KRTAP9-9	4	6.1175e-02	3.1444e-02	0.386585	1
TM4SF5	4	6.1225e-02	3.1444e-02	0.386585	1
PCDH19	4	6.1274e-02	3.1444e-02	0.386585	1
NR4A2	4	6.1422e-02	3.1444e-02	0.386585	1
CSN1S1	4	6.1472e-02	3.1444e-02	0.386585	1
PQLC2	4	6.1521e-02	3.1444e-02	0.386585	1
APOC2	4	6.1570e-02	3.1444e-02	0.386585	1
GPR21	4	6.1620e-02	3.1444e-02	0.386585	1
RBM47	4	6.1719e-02	3.1444e-02	0.386585	1
THAP6	4	6.1768e-02	3.1444e-02	0.386585	1
HNF4A	4	6.1817e-02	3.1444e-02	0.386585	1
ZNF239	4	6.1867e-02	3.1444e-02	0.386585	1
DNAJC25-GNG10	4	6.1916e-02	3.1444e-02	0.386585	1
MYO3A	4	6.1965e-02	3.1444e-02	0.386585	1
GNAI1	4	6.2015e-02	3.1444e-02	0.386585	1
HIST1H4J	4	6.2064e-02	3.1444e-02	0.386585	1
ZNRF3	4	6.2113e-02	3.1444e-02	0.386585	1
RING1	4	6.2163e-02	3.1444e-02	0.386585	1
TEX22	4	6.2261e-02	3.1444e-02	0.386585	1
NUTM2B	4	6.2311e-02	3.1444e-02	0.386585	1
TCEAL1	4	6.2360e-02	3.1444e-02	0.386585	1
RNF167	4	6.2409e-02	3.1444e-02	0.386585	1
OR51I1	4	6.2459e-02	3.1444e-02	0.386585	1
TBATA	4	6.2508e-02	3.1444e-02	0.386585	1
SEC14L5	4	6.2557e-02	3.1444e-02	0.386585	1
NAA16	4	6.2607e-02	3.1444e-02	0.386585	1
CCSER1	4	6.2705e-02	3.1444e-02	0.386585	1
MMP27	4	6.2755e-02	3.1444e-02	0.386585	1
GALM	4	6.2804e-02	3.1444e-02	0.386585	1
ADAM22	4	6.2853e-02	3.1444e-02	0.386585	1
LIMA1	4	6.2903e-02	3.1444e-02	0.386585	1
AFAP1	4	6.3001e-02	3.1444e-02	0.386585	1
KLHL18	4	6.3051e-02	3.1444e-02	0.386585	1
OS9	4	6.3149e-02	3.1444e-02	0.386585	1
TMEM186	4	6.3199e-02	3.1444e-02	0.386585	1
PAX1	4	6.3297e-02	3.1444e-02	0.386585	1
FRAS1	4	6.3347e-02	3.1444e-02	0.386585	1
GPS2	4	6.3396e-02	3.1444e-02	0.386585	1
UTY	4	6.3445e-02	3.1444e-02	0.386585	1
ZNF483	4	6.3544e-02	3.1444e-02	0.386585	1
CAPN6	4	6.3593e-02	3.1444e-02	0.386585	1
GTF3A	4	6.3642e-02	3.1444e-02	0.386585	1
SH2D1A	4	6.3692e-02	3.1444e-02	0.386585	1
ZNF552	4	6.3766e-02	3.1444e-02	0.386585	1
KRT222	4	6.3766e-02	3.1444e-02	0.386585	1
FSHR	4	6.3839e-02	3.1444e-02	0.386585	1
PLXNA4	4	6.3889e-02	3.1444e-02	0.386585	1
CYP21A2	4	6.3938e-02	3.1444e-02	0.386585	1
OVOL2	4	6.4037e-02	3.1444e-02	0.386585	1
PRAMEF4	4	6.4086e-02	3.1444e-02	0.386585	1
WDR48	4	6.4135e-02	3.1444e-02	0.386585	1
TRMT10B	4	6.4184e-02	3.1444e-02	0.386585	1
SIGLEC15	4	6.4234e-02	3.1444e-02	0.386585	1
CYFIP2	4	6.4283e-02	3.1444e-02	0.386585	1
IKBIP	4	6.4332e-02	3.1444e-02	0.386585	1
EIF4H	4	6.4381e-02	3.1444e-02	0.386585	1
TRIM49D1	4	6.4431e-02	3.1444e-02	0.386585	1
DPYD	3	6.4450e-02	2.7017e-02	0.386585	1
QPRT	4	6.4480e-02	3.1444e-02	0.386585	1
COQ7	4	6.4579e-02	3.1444e-02	0.386585	1
CYP11B2	4	6.4677e-02	3.1444e-02	0.386585	1
GALK2	4	6.4726e-02	3.1444e-02	0.386585	1
UBE2M	3	6.4748e-02	2.7017e-02	0.386585	1
GALNT14	4	6.4776e-02	3.1444e-02	0.386585	1
BIVM	4	6.4874e-02	3.1444e-02	0.386585	1
MSANTD4	4	6.4923e-02	3.1444e-02	0.386585	1
PLXNA1	4	6.4972e-02	3.1444e-02	0.386585	1
SLC22A23	4	6.5022e-02	3.1444e-02	0.386585	1
OR6C76	4	6.5071e-02	3.1444e-02	0.386585	1
ME2	4	6.5120e-02	3.1444e-02	0.386585	1
MGAT4D	4	6.5169e-02	3.1444e-02	0.386585	1
CTNND2	4	6.5219e-02	3.1444e-02	0.386585	1
CRIPT	4	6.5317e-02	3.1444e-02	0.386585	1
SLC6A17	4	6.5366e-02	3.1444e-02	0.386585	1
GALC	4	6.5416e-02	3.1444e-02	0.386585	1
SFTPA2	4	6.5465e-02	3.1444e-02	0.386585	1
NUDT6	4	6.5514e-02	3.1444e-02	0.386585	1
EYA4	4	6.5563e-02	3.1444e-02	0.386585	1
CLEC1B	4	6.5612e-02	3.1444e-02	0.386585	1
CAPN14	4	6.5662e-02	3.1444e-02	0.386585	1
SIRPA	4	6.5711e-02	3.1444e-02	0.386585	1
CHST3	4	6.5760e-02	3.1444e-02	0.386585	1
ANKRD20A2	4	6.5809e-02	3.1444e-02	0.386585	1
PADI1	4	6.5858e-02	3.1444e-02	0.386585	1
SLC6A12	4	6.5908e-02	3.1444e-02	0.386585	1
SWSAP1	4	6.5957e-02	3.1444e-02	0.386585	1
ZNF829	3	6.5973e-02	2.7017e-02	0.386585	0
OR2AG1	4	6.6006e-02	3.1444e-02	0.386585	1
XKR4	4	6.6055e-02	3.1444e-02	0.386585	1
C1orf105	4	6.6104e-02	3.1444e-02	0.386585	1
PRPH	4	6.6154e-02	3.1444e-02	0.386585	1
UBL4A	4	6.6203e-02	3.1444e-02	0.386585	1
KDM1B	4	6.6252e-02	3.1444e-02	0.386585	1
DEAF1	4	6.6301e-02	3.1444e-02	0.386585	1
PLA1A	4	6.6400e-02	3.1444e-02	0.386585	1
MARK3	4	6.6449e-02	3.1444e-02	0.386585	1
NAGS	4	6.6498e-02	3.1444e-02	0.386585	1
HEPN1	4	6.6547e-02	3.1444e-02	0.386585	1
MARVELD1	4	6.6596e-02	3.1444e-02	0.386585	1
FAM171A2	4	6.6645e-02	3.1444e-02	0.386585	1
ING1	4	6.6744e-02	3.1444e-02	0.386585	1
C12orf29	4	6.6793e-02	3.1444e-02	0.386585	1
MAGEA12	4	6.6940e-02	3.1444e-02	0.386585	1
PEX3	4	6.6990e-02	3.1444e-02	0.386585	1
TOPAZ1	4	6.7039e-02	3.1444e-02	0.386585	1
FGF21	4	6.7137e-02	3.1444e-02	0.386585	1
A2ML1	4	6.7186e-02	3.1444e-02	0.386585	1
ZNF749	4	6.7235e-02	3.1444e-02	0.386585	1
DESI1	4	6.7285e-02	3.1444e-02	0.386585	1
HDGFRP3	4	6.7334e-02	3.1444e-02	0.386585	1
MAMDC4	4	6.7383e-02	3.1444e-02	0.386585	1
SIVA1	4	6.7432e-02	3.1444e-02	0.386585	1
RNF113B	4	6.7481e-02	3.1444e-02	0.386585	1
KRT84	4	6.7579e-02	3.1444e-02	0.386585	1
ANKRD18A	4	6.7629e-02	3.1444e-02	0.386585	1
LYPLA2	4	6.7678e-02	3.1444e-02	0.386585	1
TMPRSS2	4	6.7727e-02	3.1444e-02	0.386585	1
CPNE5	4	6.7776e-02	3.1444e-02	0.386585	1
SKIL	4	6.7825e-02	3.1444e-02	0.386585	1
JAG2	4	6.7923e-02	3.1444e-02	0.386585	1
FAM214B	4	6.8022e-02	3.1444e-02	0.386585	1
MSX2	4	6.8071e-02	3.1444e-02	0.386585	1
RIBC1	4	6.8120e-02	3.1444e-02	0.386585	1
ZNF324B	4	6.8169e-02	3.1444e-02	0.386585	1
SYCE2	4	6.8218e-02	3.1444e-02	0.386585	1
RBMXL3	4	6.8316e-02	3.1444e-02	0.386585	1
NTSR2	4	6.8365e-02	3.1444e-02	0.386585	1
FCGR3A	4	6.8414e-02	3.1444e-02	0.386585	1
DAO	4	6.8464e-02	3.1444e-02	0.386585	1
FZD6	4	6.8513e-02	3.1444e-02	0.386585	1
ARIH2	4	6.8562e-02	3.1444e-02	0.386585	1
ZNF587B	4	6.8611e-02	3.1444e-02	0.386585	1
CD99L2	4	6.8660e-02	3.1444e-02	0.386585	1
TRIM35	4	6.8709e-02	3.1444e-02	0.386585	1
CXCL6	4	6.8758e-02	3.1444e-02	0.386585	1
KCNH7	4	6.8807e-02	3.1444e-02	0.386585	1
YOD1	4	6.8856e-02	3.1444e-02	0.386585	1
OXER1	4	6.8905e-02	3.1444e-02	0.386585	1
ATMIN	4	6.8954e-02	3.1444e-02	0.386585	1
SSX5	4	6.9003e-02	3.1444e-02	0.386585	1
NBPF8	4	6.9053e-02	3.1444e-02	0.386585	1
RBMY1E	4	6.9102e-02	3.1444e-02	0.386585	1
C19orf84	4	6.9151e-02	3.1444e-02	0.386585	1
SLC25A11	4	6.9200e-02	3.1444e-02	0.386585	1
TRIM50	4	6.9298e-02	3.1444e-02	0.386585	1
SPIN1	4	6.9347e-02	3.1444e-02	0.386585	1
ZNF334	4	6.9396e-02	3.1444e-02	0.386585	1
CALML5	4	6.9445e-02	3.1444e-02	0.386585	1
AMPD1	4	6.9494e-02	3.1444e-02	0.386585	1
GPR179	4	6.9543e-02	3.1444e-02	0.386585	1
LOC100506388	4	6.9592e-02	3.1444e-02	0.386585	1
ELAVL2	4	6.9641e-02	3.1444e-02	0.386585	1
FAM111A	4	6.9690e-02	3.1444e-02	0.386585	1
CRYBA1	4	6.9739e-02	3.1444e-02	0.386585	1
RBFOX3	4	6.9789e-02	3.1444e-02	0.386585	1
ZBTB41	4	6.9838e-02	3.1444e-02	0.386585	1
MAS1	4	6.9887e-02	3.1444e-02	0.386585	1
FGFR4	4	6.9936e-02	3.1444e-02	0.386585	1
GPA33	4	6.9985e-02	3.1444e-02	0.386585	1
ZNF417	4	7.0034e-02	3.1444e-02	0.386585	1
RPH3A	4	7.0083e-02	3.1444e-02	0.386585	1
LOC158434	4	7.0181e-02	3.1444e-02	0.386585	1
ZDHHC19	4	7.0230e-02	3.1444e-02	0.386585	1
RAB21	4	7.0279e-02	3.1444e-02	0.386585	1
NKPD1	4	7.0426e-02	3.1444e-02	0.386585	1
TCF4	3	7.0567e-02	2.9951e-02	0.386585	0
SCGB3A1	4	7.0573e-02	3.1444e-02	0.386585	1
ALKBH1	4	7.0622e-02	3.1444e-02	0.386585	1
NFKBIZ	4	7.0671e-02	3.1444e-02	0.386585	1
PHYHD1	4	7.0720e-02	3.1444e-02	0.386585	1
TFCP2L1	4	7.0769e-02	3.1444e-02	0.386585	1
TRIM65	4	7.0818e-02	3.1444e-02	0.386585	1
ART5	4	7.0867e-02	3.1444e-02	0.386585	1
KRTAP19-2	4	7.0916e-02	3.1444e-02	0.386585	1
SULT2B1	4	7.0965e-02	3.1444e-02	0.386585	1
ASB8	4	7.1014e-02	3.1444e-02	0.386585	1
C18orf42	4	7.1063e-02	3.1444e-02	0.386585	1
KLHDC4	4	7.1112e-02	3.1444e-02	0.386585	1
ZC3H7B	4	7.1161e-02	3.1444e-02	0.386585	1
RRM2B	4	7.1210e-02	3.1444e-02	0.386585	1
POM121L2	4	7.1259e-02	3.1444e-02	0.386585	1
DDIAS	4	7.1308e-02	3.1444e-02	0.386585	1
COL19A1	4	7.1357e-02	3.1444e-02	0.386585	1
GATM	4	7.1406e-02	3.1444e-02	0.386585	1
WHSC1L1	4	7.1455e-02	3.1444e-02	0.386585	1
KCNJ15	4	7.1504e-02	3.1444e-02	0.386585	1
STH	4	7.1553e-02	3.1444e-02	0.386585	1
HBA2	4	7.1651e-02	3.1444e-02	0.386585	1
C9orf116	4	7.1700e-02	3.1444e-02	0.386585	1
GHR	4	7.1749e-02	3.1444e-02	0.386585	1
ODAM	4	7.1798e-02	3.1444e-02	0.386585	1
ZNF572	4	7.1847e-02	3.1444e-02	0.386585	1
SGCG	4	7.1896e-02	3.1444e-02	0.386585	1
PDE7A	4	7.1945e-02	3.1444e-02	0.386585	1
RAD9B	4	7.1994e-02	3.1444e-02	0.386585	1
TSPAN1	4	7.2092e-02	3.1444e-02	0.386585	1
ZNF680	4	7.2141e-02	3.1444e-02	0.386585	1
CCDC183	4	7.2190e-02	3.1444e-02	0.386585	1
SLC16A10	4	7.2287e-02	3.1444e-02	0.386585	1
SPANXN3	4	7.2336e-02	3.1444e-02	0.386585	1
JUN	4	7.2385e-02	3.1444e-02	0.386585	1
SOCS4	4	7.2434e-02	3.1444e-02	0.386585	1
GPR161	4	7.2532e-02	3.1444e-02	0.386585	1
KCNH8	4	7.2581e-02	3.1444e-02	0.386585	1
ZBTB32	4	7.2630e-02	3.1444e-02	0.386585	1
FAP	4	7.2679e-02	3.1444e-02	0.386585	1
RNF5	4	7.2728e-02	3.1444e-02	0.386585	1
BOD1	4	7.2777e-02	3.1444e-02	0.386585	1
KRT7	3	7.2821e-02	2.9951e-02	0.386585	0
HDAC9	4	7.2826e-02	3.1444e-02	0.386585	1
MFSD2A	4	7.2875e-02	3.1444e-02	0.386585	1
PRR36	4	7.2924e-02	3.1444e-02	0.386585	1
COX15	4	7.3046e-02	3.1444e-02	0.386585	1
CDHR2	4	7.3046e-02	3.1444e-02	0.386585	1
GCKR	4	7.3046e-02	3.1444e-02	0.386585	1
ERICH1	4	7.3046e-02	3.1444e-02	0.386585	1
S100A7	4	7.3168e-02	3.1444e-02	0.386585	1
SOHLH2	4	7.3217e-02	3.1444e-02	0.386585	1
EDIL3	4	7.3266e-02	3.1444e-02	0.386585	1
KRT78	4	7.3315e-02	3.1444e-02	0.386585	1
BBC3	4	7.3364e-02	3.1444e-02	0.386585	1
CHST9	4	7.3413e-02	3.1444e-02	0.386585	1
CASD1	4	7.3462e-02	3.1444e-02	0.386585	1
SLC30A8	4	7.3511e-02	3.1444e-02	0.386585	1
PLEKHN1	4	7.3559e-02	3.1444e-02	0.386585	1
CLDN8	4	7.3657e-02	3.1444e-02	0.386585	1
TMEM63B	4	7.3706e-02	3.1444e-02	0.386585	1
FAM229B	4	7.3853e-02	3.5354e-02	0.386585	1
CLDN2	4	7.3902e-02	3.5354e-02	0.386585	1
MORN2	4	7.3951e-02	3.5354e-02	0.386585	1
SLC6A2	4	7.4048e-02	3.5354e-02	0.386585	1
GRAMD1C	4	7.4097e-02	3.5354e-02	0.386585	1
ENDOG	4	7.4244e-02	3.5354e-02	0.386585	1
CRYGS	4	7.4293e-02	3.5354e-02	0.386585	1
MLXIP	4	7.4342e-02	3.5354e-02	0.386585	1
ERVFRD-1	4	7.4390e-02	3.5354e-02	0.386585	1
MTX3	4	7.4439e-02	3.5354e-02	0.386585	1
C17orf105	4	7.4488e-02	3.5354e-02	0.386585	1
SERINC1	4	7.4537e-02	3.5354e-02	0.386585	1
L3MBTL3	4	7.4586e-02	3.5354e-02	0.386585	1
TMX1	4	7.4635e-02	3.5354e-02	0.386585	1
CALN1	4	7.4684e-02	3.5354e-02	0.386585	1
CD22	4	7.4732e-02	3.5354e-02	0.386585	1
CPE	4	7.4781e-02	3.5354e-02	0.386585	1
ARMC4	4	7.4830e-02	3.5354e-02	0.386585	1
NOP9	4	7.4879e-02	3.5354e-02	0.386585	1
FCRL6	4	7.4928e-02	3.5354e-02	0.386585	1
FRYL	4	7.4977e-02	3.5354e-02	0.386585	1
MOV10L1	4	7.5026e-02	3.5354e-02	0.386585	1
DUSP28	4	7.5074e-02	3.5354e-02	0.386585	1
ICT1	4	7.5123e-02	3.5354e-02	0.386585	1
ARL14EP	4	7.5172e-02	3.5354e-02	0.386585	1
PCDH1	4	7.5221e-02	3.5354e-02	0.386585	1
S100A13	4	7.5270e-02	3.5354e-02	0.386585	1
DKK2	4	7.5319e-02	3.5354e-02	0.386585	1
AQP1	4	7.5367e-02	3.5354e-02	0.386585	1
EVA1A	4	7.5416e-02	3.5354e-02	0.386585	1
KBTBD4	4	7.5465e-02	3.5354e-02	0.386585	1
PAQR8	4	7.5514e-02	3.5354e-02	0.386585	1
ITPKC	4	7.5563e-02	3.5354e-02	0.386585	1
USP6NL	4	7.5611e-02	3.5354e-02	0.386585	1
NPIPB5	4	7.5660e-02	3.5354e-02	0.386585	1
IRX3	4	7.5709e-02	3.5354e-02	0.386585	1
RTKN2	4	7.5758e-02	3.5354e-02	0.386585	1
PLCZ1	4	7.5807e-02	3.5354e-02	0.386585	1
UBL4B	4	7.5856e-02	3.5354e-02	0.386585	1
SYPL1	4	7.5904e-02	3.5354e-02	0.386585	1
KRTAP23-1	4	7.6002e-02	3.5354e-02	0.386585	1
HSPA12B	4	7.6051e-02	3.5354e-02	0.386585	1
CBLN4	4	7.6100e-02	3.5354e-02	0.386585	1
KIF6	4	7.6148e-02	3.5354e-02	0.386585	1
AMH	4	7.6197e-02	3.5354e-02	0.386585	1
VSTM5	4	7.6295e-02	3.5354e-02	0.386585	1
P2RX5	4	7.6392e-02	3.5354e-02	0.386585	1
C20orf202	4	7.6441e-02	3.5354e-02	0.386585	1
SETD6	4	7.6490e-02	3.5354e-02	0.386585	1
LRRTM3	4	7.6539e-02	3.5354e-02	0.386585	1
PABPC1L2B	4	7.6636e-02	3.5354e-02	0.386585	1
STK4	4	7.6685e-02	3.5354e-02	0.386585	1
RANBP10	4	7.6734e-02	3.5354e-02	0.386585	1
DOK3	4	7.6783e-02	3.5354e-02	0.386585	1
GSN	4	7.6880e-02	3.5354e-02	0.386585	1
FN3KRP	4	7.6929e-02	3.5354e-02	0.386585	1
MSL3	4	7.7026e-02	3.5354e-02	0.386585	1
SIX3	4	7.7075e-02	3.5354e-02	0.386585	1
ATP2B2	4	7.7124e-02	3.5354e-02	0.386585	1
CRACR2B	4	7.7173e-02	3.5354e-02	0.386585	1
PHF21A	4	7.7221e-02	3.5354e-02	0.386585	1
COL21A1	4	7.7270e-02	3.5354e-02	0.386585	1
ATP13A1	4	7.7319e-02	3.5354e-02	0.386585	1
CPSF7	4	7.7368e-02	3.5354e-02	0.386585	1
RGL1	4	7.7416e-02	3.5354e-02	0.386585	1
ZNF175	4	7.7514e-02	3.5354e-02	0.386585	1
C1orf177	4	7.7563e-02	3.5354e-02	0.386585	1
HS3ST4	4	7.7611e-02	3.5354e-02	0.386585	1
KLHL15	4	7.7758e-02	3.5354e-02	0.386585	1
FAM83B	4	7.7855e-02	3.5354e-02	0.386585	1
UGT2B28	4	7.7904e-02	3.5354e-02	0.386585	1
SCAMP4	4	7.7952e-02	3.5354e-02	0.386585	1
TAS2R14	4	7.8001e-02	3.5354e-02	0.386585	1
CT47B1	4	7.8099e-02	3.5354e-02	0.386585	1
ANKRD50	4	7.8147e-02	3.5354e-02	0.386585	1
GDE1	4	7.8196e-02	3.5354e-02	0.386585	1
MBD3L1	4	7.8245e-02	3.5354e-02	0.386585	1
FOXH1	4	7.8294e-02	3.5354e-02	0.386585	1
FAM120C	4	7.8342e-02	3.5354e-02	0.386585	1
DMRT2	4	7.8391e-02	3.5354e-02	0.386585	1
SP100	4	7.8440e-02	3.5354e-02	0.386585	1
SLC25A12	4	7.8488e-02	3.5354e-02	0.386585	1
ERN2	4	7.8586e-02	3.5354e-02	0.386585	1
DCAKD	4	7.8634e-02	3.5354e-02	0.386585	1
RBPJL	4	7.8683e-02	3.5354e-02	0.386585	1
PTGFRN	4	7.8732e-02	3.5354e-02	0.386585	1
TDRD5	4	7.8829e-02	3.5354e-02	0.386585	1
ZCCHC16	4	7.8878e-02	3.5354e-02	0.386585	1
LCLAT1	4	7.8927e-02	3.5354e-02	0.386585	1
PIEZO2	4	7.8975e-02	3.5354e-02	0.386585	1
PLEKHF1	4	7.9024e-02	3.5354e-02	0.386585	1
HSPB3	4	7.9073e-02	3.5354e-02	0.386585	1
DBR1	4	7.9170e-02	3.5354e-02	0.386585	1
SPINK5	4	7.9267e-02	3.5354e-02	0.386585	1
NWD1	4	7.9316e-02	3.5354e-02	0.386585	1
SLC1A6	4	7.9365e-02	3.5354e-02	0.386585	1
SPDEF	4	7.9413e-02	3.5354e-02	0.386585	1
PLCXD1	4	7.9511e-02	3.5354e-02	0.386585	1
MUC13	4	7.9657e-02	3.5354e-02	0.386585	1
CD180	4	7.9705e-02	3.5354e-02	0.386585	1
PDE1A	4	7.9754e-02	3.5354e-02	0.386585	1
GNAI3	4	7.9803e-02	3.5354e-02	0.386585	1
TAGLN3	4	7.9900e-02	3.5354e-02	0.386585	1
KRBOX1	4	7.9949e-02	3.5354e-02	0.386585	1
RWDD3	4	7.9997e-02	3.5354e-02	0.386585	1
MAP2K6	4	8.0046e-02	3.5354e-02	0.386585	1
MYBPC2	4	8.0095e-02	3.5354e-02	0.386585	1
FAM73A	4	8.0143e-02	3.5354e-02	0.386585	1
ECHDC3	4	8.0192e-02	3.5354e-02	0.386585	1
RPRML	4	8.0240e-02	3.5354e-02	0.386585	1
ZNF157	4	8.0289e-02	3.5354e-02	0.386585	1
KIAA1217	4	8.0338e-02	3.5354e-02	0.386585	1
USP8	4	8.0386e-02	3.5354e-02	0.386585	1
TM6SF1	4	8.0484e-02	3.5354e-02	0.386585	1
UNC13A	4	8.0532e-02	3.5354e-02	0.386585	1
CNIH1	4	8.0581e-02	3.5354e-02	0.386585	1
NLGN4X	4	8.0629e-02	3.5354e-02	0.386585	1
ARHGAP36	4	8.0678e-02	3.5354e-02	0.386585	1
KRT71	4	8.0727e-02	3.5354e-02	0.386585	1
OR2V2	4	8.0775e-02	3.5354e-02	0.386585	1
TP53AIP1	4	8.0872e-02	3.5354e-02	0.386585	1
KRTAP13-3	4	8.0921e-02	3.5354e-02	0.386585	1
HIST1H2AG	4	8.1018e-02	3.5354e-02	0.386585	1
RNF11	4	8.1067e-02	3.5354e-02	0.386585	1
ZUFSP	4	8.1116e-02	3.5354e-02	0.386585	1
HLA-DMA	4	8.1164e-02	3.5354e-02	0.386585	1
PON3	4	8.1213e-02	3.5354e-02	0.386585	1
IL31	4	8.1261e-02	3.5354e-02	0.386585	1
BSPRY	4	8.1310e-02	3.5354e-02	0.386585	1
OR6K3	4	8.1358e-02	3.5354e-02	0.386585	1
ID4	4	8.1407e-02	3.5354e-02	0.386585	1
NUP205	4	8.1504e-02	3.5355e-02	0.386585	1
OR2B3	4	8.1601e-02	3.5355e-02	0.386585	1
SUCLG1	4	8.1650e-02	3.5355e-02	0.386585	1
ZNF556	4	8.1699e-02	3.5355e-02	0.386585	1
ZNF547	4	8.1747e-02	3.5355e-02	0.386585	1
C2orf61	4	8.1796e-02	3.5355e-02	0.386585	1
HLA-DQA2	4	8.1844e-02	3.5355e-02	0.386585	1
ECT2L	4	8.1893e-02	3.5355e-02	0.386585	1
CFAP57	4	8.1941e-02	3.5355e-02	0.386585	1
TAS2R42	4	8.1990e-02	3.5355e-02	0.386585	1
FUNDC1	4	8.2039e-02	3.5355e-02	0.386585	1
PPP1R36	3	8.2059e-02	3.2870e-02	0.386585	0
PHTF2	4	8.2087e-02	3.5355e-02	0.386585	1
SOX12	4	8.2136e-02	3.5355e-02	0.386585	1
IPMK	4	8.2184e-02	3.5355e-02	0.386585	1
NPY1R	4	8.2233e-02	3.5355e-02	0.386585	1
VCAM1	4	8.2281e-02	3.5355e-02	0.386585	1
ZNF75D	4	8.2330e-02	3.5355e-02	0.386585	1
TMEM238	4	8.2427e-02	3.5355e-02	0.386585	1
C9	4	8.2476e-02	3.5355e-02	0.386585	1
OR5H15	4	8.2524e-02	3.5355e-02	0.386585	1
S1PR1	4	8.2573e-02	3.5355e-02	0.386585	1
HOXA10	4	8.2621e-02	3.5355e-02	0.386585	1
APOL6	4	8.2670e-02	3.5355e-02	0.386585	1
C17orf85	4	8.2718e-02	3.5355e-02	0.386585	1
CPSF4L	4	8.2767e-02	3.5355e-02	0.386585	1
PLXNB2	4	8.2815e-02	3.5355e-02	0.386585	1
CCDC17	4	8.2864e-02	3.5355e-02	0.386585	1
NKX2-4	3	8.2866e-02	3.2870e-02	0.386585	0
TRIM10	4	8.2961e-02	3.5355e-02	0.386585	1
GIN1	4	8.3009e-02	3.5355e-02	0.386585	1
CYP2W1	4	8.3058e-02	3.5355e-02	0.386585	1
PHKA1	4	8.3155e-02	3.5355e-02	0.386585	1
PRSS38	4	8.3204e-02	3.5355e-02	0.386585	1
L3MBTL4	4	8.3252e-02	3.5355e-02	0.386585	1
RIMBP3C	4	8.3301e-02	3.5355e-02	0.386585	1
ZNF776	4	8.3349e-02	3.5355e-02	0.386585	1
AOC3	4	8.3398e-02	3.5355e-02	0.386585	1
CCM2L	4	8.3446e-02	3.5355e-02	0.386585	1
KLHL40	4	8.3543e-02	3.5355e-02	0.386585	1
KHDC3L	4	8.3592e-02	3.5355e-02	0.386585	1
CCER1	4	8.3640e-02	3.5355e-02	0.386585	1
CANT1	4	8.3689e-02	3.5355e-02	0.386585	1
KNOP1	4	8.3737e-02	3.5355e-02	0.386585	1
BRDT	4	8.3786e-02	3.5355e-02	0.386585	1
OR4A15	4	8.3834e-02	3.5355e-02	0.386585	1
RAB44	4	8.3883e-02	3.5355e-02	0.386585	1
B3GALT4	4	8.3931e-02	3.5355e-02	0.386585	1
ZFP57	4	8.3980e-02	3.5355e-02	0.386585	1
RBMXL1	4	8.4028e-02	3.5355e-02	0.386585	1
CAPN2	4	8.4076e-02	3.5355e-02	0.386585	1
MYL2	4	8.4173e-02	3.5355e-02	0.386585	1
LACE1	4	8.4222e-02	3.5355e-02	0.386585	1
VAX1	4	8.4270e-02	3.5355e-02	0.386585	1
LIMK1	4	8.4319e-02	3.5355e-02	0.386585	1
BOLA3	3	8.4332e-02	3.2870e-02	0.386585	0
FAM104A	4	8.4367e-02	3.5355e-02	0.386585	1
AZU1	4	8.4416e-02	3.5355e-02	0.386585	1
SLC23A1	4	8.4464e-02	3.5355e-02	0.386585	1
FKBP10	4	8.4513e-02	3.5355e-02	0.386585	1
LCMT1	4	8.4561e-02	3.5355e-02	0.386585	1
ZNF705E	4	8.4658e-02	3.5355e-02	0.386585	1
CIDEC	4	8.4707e-02	3.5355e-02	0.386585	1
SPEF1	4	8.4755e-02	3.5355e-02	0.386585	1
ABCA13	4	8.4803e-02	3.5355e-02	0.386585	1
SET	4	8.4852e-02	3.5355e-02	0.386585	1
GKAP1	4	8.4900e-02	3.5355e-02	0.386585	1
NXT2	4	8.4949e-02	3.5355e-02	0.386585	1
LPGAT1	4	8.5046e-02	3.5355e-02	0.386585	1
CCDC168	4	8.5094e-02	3.5355e-02	0.386585	1
KLK15	4	8.5143e-02	3.5355e-02	0.386585	1
LINGO2	4	8.5239e-02	3.5355e-02	0.386585	1
RNF130	4	8.5288e-02	3.5355e-02	0.386585	1
EPN1	4	8.5433e-02	3.5355e-02	0.386585	1
PARP12	4	8.5530e-02	3.5355e-02	0.386585	1
TNFRSF19	4	8.5578e-02	3.5355e-02	0.386585	1
FABP12	4	8.5627e-02	3.5355e-02	0.386585	1
EIF1AY	4	8.5675e-02	3.5355e-02	0.386585	1
OR7A17	4	8.5724e-02	3.5355e-02	0.386585	1
TAAR5	4	8.5772e-02	3.5355e-02	0.386585	1
SH3YL1	4	8.5821e-02	3.5355e-02	0.386585	1
ZNF415	4	8.5869e-02	3.5355e-02	0.386585	1
OXLD1	4	8.5917e-02	3.5355e-02	0.386585	1
PRG2	4	8.5966e-02	3.5355e-02	0.386585	1
VPS33B	4	8.6014e-02	3.5355e-02	0.386585	1
RRAGA	4	8.6063e-02	3.5355e-02	0.386585	1
CDKL3	4	8.6111e-02	3.5355e-02	0.386585	1
PITPNC1	4	8.6159e-02	3.5355e-02	0.386585	1
TMPRSS13	4	8.6208e-02	3.5355e-02	0.386585	1
C20orf85	4	8.6305e-02	3.5355e-02	0.386585	1
SFR1	4	8.6353e-02	3.5355e-02	0.386585	0
TLR5	4	8.6401e-02	3.5355e-02	0.386585	0
CCDC13	4	8.6450e-02	3.5355e-02	0.386585	0
C1orf174	4	8.6498e-02	3.5355e-02	0.386585	0
PDP1	4	8.6547e-02	3.5355e-02	0.386585	0
ZC3HAV1	4	8.6595e-02	3.5355e-02	0.386585	0
LXN	4	8.6643e-02	3.5355e-02	0.386585	0
FCHSD2	4	8.6692e-02	3.5355e-02	0.386585	0
IFNAR2	4	8.6740e-02	3.5355e-02	0.386585	0
SYT9	4	8.6788e-02	3.5355e-02	0.386585	0
SSTR5	4	8.6837e-02	3.5355e-02	0.386585	0
FAM174B	4	8.6885e-02	3.5355e-02	0.386585	0
PAIP2	4	8.6934e-02	3.5355e-02	0.386585	0
TCF21	4	8.7030e-02	3.5355e-02	0.386585	0
ZFP36	4	8.7079e-02	3.5355e-02	0.386585	0
KHDRBS3	4	8.7127e-02	3.5355e-02	0.386585	0
PIK3C2G	4	8.7175e-02	3.5355e-02	0.386585	0
VRK3	4	8.7224e-02	3.5355e-02	0.386585	0
HMBS	4	8.7320e-02	3.5355e-02	0.386585	0
HGS	4	8.7369e-02	3.5355e-02	0.386585	0
FAM73B	4	8.7417e-02	3.5355e-02	0.386585	0
MGAT5B	4	8.7465e-02	3.5355e-02	0.386585	0
SOCS7	4	8.7514e-02	3.5355e-02	0.386585	0
GM2A	4	8.7562e-02	3.5355e-02	0.386585	0
LOC101929983	4	8.7611e-02	3.5355e-02	0.386585	0
DCAF12L1	4	8.7659e-02	3.5355e-02	0.386585	0
MMP15	4	8.7707e-02	3.5355e-02	0.386585	0
PSMD10	4	8.7756e-02	3.5355e-02	0.386585	0
BRI3BP	4	8.7852e-02	3.5355e-02	0.386585	0
ZCWPW1	4	8.7901e-02	3.5355e-02	0.386585	0
UBE2E1	4	8.7949e-02	3.5355e-02	0.386585	0
KATNA1	4	8.7997e-02	3.5355e-02	0.386585	0
OR1L6	4	8.8046e-02	3.5355e-02	0.386585	0
MSL1	4	8.8094e-02	3.5355e-02	0.386585	0
BTBD9	4	8.8142e-02	3.5355e-02	0.386585	0
STARD3	4	8.8190e-02	3.5355e-02	0.386585	0
FZD5	4	8.8239e-02	3.5355e-02	0.386585	0
SYNM	4	8.8335e-02	3.5355e-02	0.386585	0
HTRA3	4	8.8432e-02	3.5355e-02	0.386585	0
TRIM39-RPP21	4	8.8480e-02	3.5355e-02	0.386585	0
RNF148	4	8.8529e-02	3.5355e-02	0.386585	0
DNPEP	4	8.8577e-02	3.5355e-02	0.386585	0
TMSB15A	4	8.8625e-02	3.5355e-02	0.386585	0
TRH	4	8.8674e-02	3.5355e-02	0.386585	0
KEL	4	8.8722e-02	3.5355e-02	0.386585	0
NKX6-2	4	8.8770e-02	3.5355e-02	0.386585	0
TMEM110	4	8.8818e-02	3.5355e-02	0.386585	0
OR11G2	4	8.8867e-02	3.5355e-02	0.386585	0
CCT8L2	4	8.8963e-02	3.5355e-02	0.386585	0
KLF7	4	8.9012e-02	3.5355e-02	0.386585	0
HLTF	4	8.9060e-02	3.5355e-02	0.386585	0
HSPB1	4	8.9108e-02	3.5355e-02	0.386585	0
PHGR1	4	8.9156e-02	3.5355e-02	0.386585	0
CABLES1	4	8.9205e-02	3.5355e-02	0.386585	0
AXL	4	8.9350e-02	3.9238e-02	0.386585	0
ING2	4	8.9398e-02	3.9238e-02	0.386585	0
PHF8	4	8.9446e-02	3.9238e-02	0.386585	0
FAM47E-STBD1	4	8.9494e-02	3.9238e-02	0.386585	0
PGBD1	4	8.9543e-02	3.9238e-02	0.386585	0
PRR4	4	8.9591e-02	3.9238e-02	0.386585	0
LFNG	4	8.9639e-02	3.9238e-02	0.386585	0
S100A7A	4	8.9687e-02	3.9238e-02	0.386585	0
TGM4	4	8.9736e-02	3.9238e-02	0.386585	0
SHC2	4	8.9784e-02	3.9238e-02	0.386585	0
FAM172A	4	8.9832e-02	3.9238e-02	0.386585	0
RGN	4	8.9880e-02	3.9238e-02	0.386585	0
C19orf52	4	8.9929e-02	3.9238e-02	0.386585	0
ZNF395	4	8.9977e-02	3.9238e-02	0.386585	0
C16orf82	3	8.9996e-02	4.1543e-02	0.394937	0
MAGEA5	4	9.0025e-02	3.9238e-02	0.386585	0
GANC	4	9.0073e-02	3.9238e-02	0.386585	0
ZAK	4	9.0122e-02	3.9238e-02	0.386585	0
MAP3K2	4	9.0170e-02	3.9238e-02	0.386585	0
PLD5	4	9.0218e-02	3.9238e-02	0.386585	0
VASN	4	9.0266e-02	3.9238e-02	0.386585	0
ZNF350	4	9.0315e-02	3.9238e-02	0.386585	0
IQCF6	4	9.0363e-02	3.9238e-02	0.386585	0
ZBTB9	4	9.0411e-02	3.9238e-02	0.386585	0
TMSB10	4	9.0459e-02	3.9238e-02	0.386585	0
RAET1L	4	9.0508e-02	3.9238e-02	0.386585	0
ASB18	4	9.0556e-02	3.9238e-02	0.386585	0
FAM153A	4	9.0700e-02	3.9238e-02	0.386585	0
TNXB	4	9.0749e-02	3.9238e-02	0.386585	0
KRTAP2-1	4	9.0797e-02	3.9238e-02	0.386585	0
CACNB1	4	9.0845e-02	3.9238e-02	0.386585	0
HIST1H2AJ	4	9.0893e-02	3.9238e-02	0.386585	0
MUC12	4	9.0942e-02	3.9238e-02	0.386585	0
KLF8	4	9.0990e-02	3.9238e-02	0.386585	0
GPR139	4	9.1038e-02	3.9238e-02	0.386585	0
ZNF764	4	9.1086e-02	3.9238e-02	0.386585	0
TOLLIP	4	9.1134e-02	3.9238e-02	0.386585	0
OR2M5	4	9.1183e-02	3.9238e-02	0.386585	0
ZNF527	4	9.1231e-02	3.9238e-02	0.386585	0
NAT2	4	9.1279e-02	3.9238e-02	0.386585	0
NUDT5	4	9.1327e-02	3.9238e-02	0.386585	0
OR4C16	4	9.1375e-02	3.9238e-02	0.386585	0
PI4K2B	4	9.1424e-02	3.9238e-02	0.386585	0
HS3ST1	4	9.1472e-02	3.9238e-02	0.386585	0
MICB	4	9.1520e-02	3.9238e-02	0.386585	0
PDZK1	4	9.1568e-02	3.9238e-02	0.386585	0
WSCD2	4	9.1616e-02	3.9238e-02	0.386585	0
SLC9A7	4	9.1664e-02	3.9238e-02	0.386585	0
PNKD	4	9.1761e-02	3.9238e-02	0.386585	0
RASL10A	4	9.1809e-02	3.9238e-02	0.386585	0
APOOL	4	9.1905e-02	3.9238e-02	0.386585	0
EAF2	4	9.1953e-02	3.9238e-02	0.386585	0
CREB3L2	4	9.2002e-02	3.9238e-02	0.386585	0
TNFSF10	4	9.2050e-02	3.9238e-02	0.386585	0
GRIK5	4	9.2098e-02	3.9238e-02	0.386585	0
ADSL	4	9.2146e-02	3.9238e-02	0.386585	0
CACNG6	4	9.2194e-02	3.9238e-02	0.386585	0
ZNF614	4	9.2242e-02	3.9238e-02	0.386585	0
KCNG3	4	9.2291e-02	3.9238e-02	0.386585	0
TAAR2	4	9.2339e-02	3.9238e-02	0.386585	0
ZC3H12A	4	9.2387e-02	3.9238e-02	0.386585	0
SPATA4	4	9.2435e-02	3.9238e-02	0.386585	0
ZNF226	4	9.2483e-02	3.9238e-02	0.386585	0
RHBDL1	4	9.2531e-02	3.9238e-02	0.386585	0
TCEANC2	4	9.2580e-02	3.9238e-02	0.386585	0
CD33	4	9.2628e-02	3.9238e-02	0.386585	0
MDM2	4	9.2676e-02	3.9238e-02	0.386585	0
OTOL1	4	9.2724e-02	3.9238e-02	0.386585	0
COL5A3	4	9.2772e-02	3.9238e-02	0.386585	0
TSPAN2	4	9.2820e-02	3.9238e-02	0.386585	0
SLC25A43	4	9.2868e-02	3.9238e-02	0.386585	0
BMP6	4	9.2916e-02	3.9238e-02	0.386585	0
CDK20	4	9.3013e-02	3.9238e-02	0.386585	0
NRXN2	4	9.3061e-02	3.9238e-02	0.386585	0
DEK	4	9.3109e-02	3.9238e-02	0.386585	0
TDRD1	4	9.3157e-02	3.9238e-02	0.386585	0
C1orf122	4	9.3253e-02	3.9238e-02	0.386585	0
LYSMD2	4	9.3301e-02	3.9238e-02	0.386585	0
GPR39	4	9.3350e-02	3.9238e-02	0.386585	0
CHP2	4	9.3398e-02	3.9238e-02	0.386585	0
ZNF774	4	9.3494e-02	3.9238e-02	0.386585	0
CERS3	4	9.3542e-02	3.9238e-02	0.386585	0
ZNF747	4	9.3686e-02	3.9238e-02	0.386585	0
FUT8	4	9.3734e-02	3.9238e-02	0.386585	0
HS3ST6	4	9.3783e-02	3.9238e-02	0.386585	0
CYP2A7	4	9.3831e-02	3.9238e-02	0.386585	0
RPL13A	4	9.3879e-02	3.9238e-02	0.386585	0
TTLL5	4	9.3927e-02	3.9238e-02	0.386585	0
LYPD4	4	9.3975e-02	3.9238e-02	0.386585	0
PTPRT	4	9.4023e-02	3.9238e-02	0.386585	0
SLC16A14	4	9.4071e-02	3.9238e-02	0.386585	0
PNRC1	4	9.4119e-02	3.9238e-02	0.386585	0
STRADB	4	9.4167e-02	3.9238e-02	0.386585	0
OR10J5	4	9.4263e-02	3.9238e-02	0.386585	0
TLR6	4	9.4311e-02	3.9238e-02	0.386585	0
STMN3	4	9.4504e-02	3.9238e-02	0.386585	0
HOMER2	4	9.4552e-02	3.9238e-02	0.386585	0
EMC10	4	9.4600e-02	3.9238e-02	0.386585	0
HEPH	4	9.4648e-02	3.9238e-02	0.386585	0
KAAG1	4	9.4696e-02	3.9238e-02	0.386585	0
MS4A12	4	9.4744e-02	3.9238e-02	0.386585	0
ZNF705B	4	9.4792e-02	3.9238e-02	0.386585	0
TMC7	4	9.4840e-02	3.9238e-02	0.386585	0
DPP9-AS1	4	9.4888e-02	3.9238e-02	0.386585	0
PCGF6	4	9.4984e-02	3.9238e-02	0.386585	0
GRAMD3	4	9.5032e-02	3.9238e-02	0.386585	0
ANOS1	4	9.5080e-02	3.9238e-02	0.386585	0
IQCF3	4	9.5128e-02	3.9238e-02	0.386585	0
ZNF235	4	9.5176e-02	3.9238e-02	0.386585	0
MIR205HG	3	9.5202e-02	4.4416e-02	0.406180	0
C3orf30	4	9.5225e-02	3.9238e-02	0.386585	0
FAM19A5	4	9.5273e-02	3.9238e-02	0.386585	0
ONECUT3	4	9.5321e-02	3.9238e-02	0.386585	0
KCNIP1	4	9.5369e-02	3.9238e-02	0.386585	0
IFNG	4	9.5417e-02	3.9238e-02	0.386585	0
ULBP1	4	9.5465e-02	3.9238e-02	0.386585	0
OR5W2	4	9.5561e-02	3.9238e-02	0.386585	0
C19orf18	4	9.5609e-02	3.9238e-02	0.386585	0
SLC44A3	4	9.5657e-02	3.9238e-02	0.386585	0
MED13	4	9.5705e-02	3.9238e-02	0.386585	0
NLRP11	4	9.5753e-02	3.9238e-02	0.386585	0
TXNIP	4	9.5801e-02	3.9238e-02	0.386585	0
SULT1E1	4	9.5849e-02	3.9238e-02	0.386585	0
RALBP1	4	9.5945e-02	3.9238e-02	0.386585	0
T	4	9.5993e-02	3.9238e-02	0.386585	0
N4BP3	4	9.6041e-02	3.9238e-02	0.386585	0
TRIM27	4	9.6089e-02	3.9238e-02	0.386585	0
C16orf74	4	9.6137e-02	3.9238e-02	0.386585	0
COQ10A	3	9.6146e-02	4.4416e-02	0.406180	0
ZNF280D	4	9.6185e-02	3.9238e-02	0.386585	0
KLRF2	4	9.6233e-02	3.9238e-02	0.386585	0
MLC1	4	9.6281e-02	3.9238e-02	0.386585	0
NLRP3	4	9.6329e-02	3.9238e-02	0.386585	0
FBXO10	4	9.6377e-02	3.9238e-02	0.386585	0
UBAC1	4	9.6425e-02	3.9238e-02	0.386585	0
WIPI2	4	9.6473e-02	3.9238e-02	0.386585	0
MPZL1	4	9.6569e-02	3.9238e-02	0.386585	0
HIST1H1B	4	9.6617e-02	3.9238e-02	0.386585	0
NME3	4	9.6665e-02	3.9238e-02	0.386585	0
RBM4	4	9.6713e-02	3.9238e-02	0.386585	0
CD27	4	9.6761e-02	3.9238e-02	0.386585	0
C4orf48	4	9.6809e-02	3.9238e-02	0.386585	0
CKMT2	4	9.6857e-02	3.9238e-02	0.386585	0
PLEKHA3	4	9.6905e-02	3.9238e-02	0.386585	0
RPS4Y1	4	9.6953e-02	3.9238e-02	0.386585	0
NEDD9	4	9.7001e-02	3.9238e-02	0.386585	0
DPH7	4	9.7049e-02	3.9238e-02	0.386585	0
TGFB1	4	9.7145e-02	3.9238e-02	0.386585	0
CHRM1	4	9.7192e-02	3.9238e-02	0.386585	0
ATP2A1	4	9.7240e-02	3.9238e-02	0.386585	0
OR56A3	4	9.7288e-02	3.9238e-02	0.386585	0
CCBE1	4	9.7336e-02	3.9238e-02	0.386585	0
ACSS1	4	9.7432e-02	3.9238e-02	0.386585	0
NKIRAS2	4	9.7480e-02	3.9238e-02	0.386585	0
LOC653602	4	9.7528e-02	3.9238e-02	0.386585	0
CDK19	4	9.7576e-02	3.9238e-02	0.386585	0
MED15	4	9.7624e-02	3.9238e-02	0.386585	0
INPP5F	4	9.7672e-02	3.9238e-02	0.386585	0
OR13C4	4	9.7768e-02	3.9238e-02	0.386585	0
TRANK1	4	9.7816e-02	3.9238e-02	0.386585	0
ZNF41	4	9.7864e-02	3.9238e-02	0.386585	0
TYSND1	4	9.7912e-02	3.9238e-02	0.386585	0
FMO4	4	9.7960e-02	3.9238e-02	0.386585	0
CTSV	4	9.8055e-02	3.9238e-02	0.386585	0
FAM181A	4	9.8103e-02	3.9238e-02	0.386585	0
RNF17	4	9.8151e-02	3.9238e-02	0.386585	0
RUNX1	4	9.8199e-02	3.9238e-02	0.386585	0
CHODL	4	9.8247e-02	3.9238e-02	0.386585	0
DCAF12L2	4	9.8295e-02	3.9239e-02	0.386585	0
KLHL29	4	9.8343e-02	3.9239e-02	0.386585	0
FCRL2	4	9.8391e-02	3.9239e-02	0.386585	0
TMEM192	4	9.8439e-02	3.9239e-02	0.386585	0
TRAF2	4	9.8487e-02	3.9239e-02	0.386585	0
SAMD14	4	9.8535e-02	3.9239e-02	0.386585	0
PRSS41	4	9.8630e-02	3.9239e-02	0.386585	0
FRMD8	4	9.8678e-02	3.9239e-02	0.386585	0
MTDH	4	9.8726e-02	3.9239e-02	0.386585	0
CCDC18	4	9.8774e-02	3.9239e-02	0.386585	0
TEX38	4	9.8822e-02	3.9239e-02	0.386585	0
MED23	4	9.8870e-02	3.9239e-02	0.386585	0
CACYBP	4	9.8918e-02	3.9239e-02	0.386585	0
PEX7	4	9.8966e-02	3.9239e-02	0.386585	0
S100A2	4	9.9014e-02	3.9239e-02	0.386585	0
C1orf159	4	9.9061e-02	3.9239e-02	0.386585	0
C1QTNF1	4	9.9109e-02	3.9239e-02	0.386585	0
PPP2R4	4	9.9157e-02	3.9239e-02	0.386585	0
C15orf53	4	9.9205e-02	3.9239e-02	0.386585	0
TRPC6	4	9.9253e-02	3.9239e-02	0.386585	0
ROGDI	4	9.9397e-02	3.9239e-02	0.386585	0
TMTC1	4	9.9445e-02	3.9239e-02	0.386585	0
FBXO32	4	9.9492e-02	3.9239e-02	0.386585	0
EML3	4	9.9540e-02	3.9239e-02	0.386585	0
HP	4	9.9588e-02	3.9239e-02	0.386585	0
HKDC1	4	9.9636e-02	3.9239e-02	0.386585	0
CHMP1B	4	9.9684e-02	3.9239e-02	0.386585	0
THAP8	4	9.9732e-02	3.9239e-02	0.386585	0
FAM131B	4	9.9780e-02	3.9239e-02	0.386585	0
HMG20A	4	9.9923e-02	3.9239e-02	0.386585	0
IPO5	4	9.9971e-02	3.9239e-02	0.386585	0
TPM1	4	1.0002e-01	3.9239e-02	0.386585	0
CCDC160	4	1.0007e-01	3.9239e-02	0.386585	0
NPTX1	4	1.0011e-01	3.9239e-02	0.386585	0
G2E3	4	1.0016e-01	3.9239e-02	0.386585	0
MTRF1L	4	1.0021e-01	3.9239e-02	0.386585	0
XRRA1	4	1.0026e-01	3.9239e-02	0.386585	0
MBD1	4	1.0031e-01	3.9239e-02	0.386585	0
PEBP1	4	1.0035e-01	3.9239e-02	0.386585	0
PLXDC1	4	1.0040e-01	3.9239e-02	0.386585	0
ACTG1	4	1.0045e-01	3.9239e-02	0.386585	0
TMEM70	4	1.0055e-01	3.9239e-02	0.386585	0
RNF19A	4	1.0059e-01	3.9239e-02	0.386585	0
LRRC19	4	1.0064e-01	3.9239e-02	0.386585	0
IFNGR2	4	1.0069e-01	3.9239e-02	0.386585	0
TMCC2	4	1.0074e-01	3.9239e-02	0.386585	0
EDC3	4	1.0078e-01	3.9239e-02	0.386585	0
CRACR2A	4	1.0083e-01	3.9239e-02	0.386585	0
RAD51AP2	4	1.0088e-01	3.9239e-02	0.386585	0
MEF2C	4	1.0093e-01	3.9239e-02	0.386585	0
C8orf76	4	1.0098e-01	3.9239e-02	0.386585	0
SCGB1D1	4	1.0102e-01	3.9239e-02	0.386585	0
MKRN3	4	1.0107e-01	3.9239e-02	0.386585	0
PEX1	4	1.0112e-01	3.9239e-02	0.386585	0
PABPC1L	4	1.0117e-01	3.9239e-02	0.386585	0
ZNF253	4	1.0121e-01	3.9239e-02	0.386585	0
CDC42BPA	4	1.0131e-01	3.9239e-02	0.386585	0
SPSB4	4	1.0136e-01	3.9239e-02	0.386585	0
KITLG	4	1.0141e-01	3.9239e-02	0.386585	0
SLC5A12	4	1.0145e-01	3.9239e-02	0.386585	0
LGMN	4	1.0150e-01	3.9239e-02	0.386585	0
FMNL1	4	1.0155e-01	3.9239e-02	0.386585	0
OR8S1	4	1.0160e-01	3.9239e-02	0.386585	0
PATE2	4	1.0164e-01	3.9239e-02	0.386585	0
AP5B1	4	1.0169e-01	3.9239e-02	0.386585	0
LRWD1	4	1.0174e-01	3.9239e-02	0.386585	0
KDR	4	1.0179e-01	3.9239e-02	0.386585	0
STK38L	4	1.0184e-01	3.9239e-02	0.386585	0
SH2D5	4	1.0188e-01	3.9239e-02	0.386585	0
SMIM22	4	1.0203e-01	3.9239e-02	0.386585	0
OSGEPL1	4	1.0207e-01	3.9239e-02	0.386585	0
B4GALNT4	4	1.0212e-01	3.9239e-02	0.386585	0
HIST1H4G	4	1.0217e-01	3.9239e-02	0.386585	0
BSG	4	1.0222e-01	3.9239e-02	0.386585	0
DEPDC7	4	1.0227e-01	3.9239e-02	0.386585	0
DUSP21	4	1.0231e-01	3.9239e-02	0.386585	0
PLA2G7	4	1.0236e-01	3.9239e-02	0.386585	0
CRYGD	4	1.0241e-01	3.9239e-02	0.386585	0
SCGB2B2	4	1.0246e-01	3.9239e-02	0.386585	0
LRRC30	4	1.0250e-01	3.9239e-02	0.386585	0
SPTBN2	4	1.0260e-01	3.9239e-02	0.386585	0
HPS1	4	1.0265e-01	3.9239e-02	0.386585	0
MAGEB6	4	1.0270e-01	3.9239e-02	0.386585	0
CNIH4	4	1.0274e-01	3.9239e-02	0.386585	0
IFNA4	4	1.0279e-01	3.9239e-02	0.386585	0
SUN1	4	1.0284e-01	3.9239e-02	0.386585	0
ZC3H12B	4	1.0289e-01	3.9239e-02	0.386585	0
SCAPER	4	1.0293e-01	3.9239e-02	0.386585	0
SMAD6	4	1.0298e-01	3.9239e-02	0.386585	0
RBSN	4	1.0303e-01	3.9239e-02	0.386585	0
MYO16	4	1.0308e-01	3.9239e-02	0.386585	0
GAST	4	1.0312e-01	3.9239e-02	0.386585	0
MDFIC	4	1.0317e-01	3.9239e-02	0.386585	0
MTA3	4	1.0322e-01	3.9239e-02	0.386585	0
ZNF354B	4	1.0327e-01	3.9239e-02	0.386585	0
GMPPA	4	1.0332e-01	3.9239e-02	0.386585	0
SLC37A3	4	1.0336e-01	3.9239e-02	0.386585	0
DOCK3	4	1.0341e-01	3.9239e-02	0.386585	0
EN2	4	1.0346e-01	3.9239e-02	0.386585	0
AGXT	4	1.0351e-01	3.9239e-02	0.386585	0
FAM184A	4	1.0355e-01	3.9239e-02	0.386585	0
WDR45	4	1.0360e-01	3.9239e-02	0.386585	0
KANK2	4	1.0370e-01	3.9239e-02	0.386585	0
RASAL1	4	1.0375e-01	3.9239e-02	0.386585	0
ZNF528	4	1.0379e-01	3.9239e-02	0.386585	0
HIST1H4A	4	1.0389e-01	3.9239e-02	0.386585	0
PDE6D	4	1.0394e-01	3.9239e-02	0.386585	0
DGCR2	4	1.0398e-01	3.9239e-02	0.386585	0
ZNF410	4	1.0403e-01	3.9239e-02	0.386585	0
WWC2	4	1.0413e-01	3.9239e-02	0.386585	0
SPEM1	4	1.0417e-01	3.9239e-02	0.386585	0
GDNF	4	1.0422e-01	3.9239e-02	0.386585	0
SRSF6	4	1.0432e-01	3.9239e-02	0.386585	0
NLK	4	1.0437e-01	3.9239e-02	0.386585	0
CHAC1	4	1.0441e-01	3.9239e-02	0.386585	0
EBF3	4	1.0446e-01	3.9239e-02	0.386585	0
LOC401052	4	1.0456e-01	3.9239e-02	0.386585	0
CCNT2	4	1.0460e-01	3.9239e-02	0.386585	0
NT5C1B	4	1.0465e-01	3.9239e-02	0.386585	0
TMEM216	4	1.0470e-01	3.9239e-02	0.386585	0
CCR6	4	1.0475e-01	3.9239e-02	0.386585	0
MLNR	4	1.0484e-01	3.9239e-02	0.386585	0
KCNK10	4	1.0489e-01	3.9239e-02	0.386585	0
TRIM22	4	1.0494e-01	3.9239e-02	0.386585	0
PPM1F	4	1.0498e-01	3.9239e-02	0.386585	0
LRFN5	4	1.0503e-01	3.9239e-02	0.386585	0
BMP4	4	1.0508e-01	3.9239e-02	0.386585	0
P2RY4	4	1.0518e-01	3.9239e-02	0.386585	0
EHD4	4	1.0522e-01	3.9239e-02	0.386585	0
SCRN3	4	1.0527e-01	3.9239e-02	0.386585	0
CSNK1D	4	1.0532e-01	3.9239e-02	0.386585	0
RHD	4	1.0537e-01	3.9239e-02	0.386585	0
PBK	4	1.0541e-01	3.9239e-02	0.386585	0
FAM13A	4	1.0546e-01	3.9239e-02	0.386585	0
NDUFV3	4	1.0551e-01	3.9239e-02	0.386585	0
KRTAP6-1	4	1.0556e-01	3.9239e-02	0.386585	0
HIST3H3	4	1.0560e-01	3.9239e-02	0.386585	0
THAP7	4	1.0565e-01	3.9239e-02	0.386585	0
P2RX1	4	1.0570e-01	3.9239e-02	0.386585	0
UCK2	4	1.0575e-01	3.9239e-02	0.386585	0
MFGE8	4	1.0579e-01	3.9239e-02	0.386585	0
WFDC11	4	1.0584e-01	3.9239e-02	0.386585	0
EPB41L4A	4	1.0589e-01	3.9239e-02	0.386585	0
MUM1L1	4	1.0594e-01	3.9239e-02	0.386585	0
SEC23IP	4	1.0598e-01	3.9239e-02	0.386585	0
WDR81	4	1.0603e-01	3.9239e-02	0.386585	0
GRM3	4	1.0608e-01	3.9239e-02	0.386585	0
PVRIG	4	1.0613e-01	3.9239e-02	0.386585	0
ARFIP2	4	1.0632e-01	3.9239e-02	0.386585	0
PIK3R4	4	1.0637e-01	3.9239e-02	0.386585	0
CD1E	4	1.0641e-01	3.9239e-02	0.386585	0
SRD5A2	4	1.0646e-01	3.9239e-02	0.386585	0
ATP13A4	4	1.0651e-01	3.9239e-02	0.386585	0
TERT	4	1.0660e-01	3.9239e-02	0.386585	0
NWD2	4	1.0665e-01	3.9239e-02	0.386585	0
RASL11A	4	1.0670e-01	3.9239e-02	0.386585	0
MOGS	4	1.0675e-01	3.9239e-02	0.386585	0
SLC25A29	4	1.0679e-01	3.9239e-02	0.386585	0
RBFOX1	4	1.0689e-01	3.9239e-02	0.386585	0
TH	4	1.0694e-01	3.9239e-02	0.386585	0
GRM2	4	1.0698e-01	3.9239e-02	0.386585	0
CLPTM1L	4	1.0703e-01	3.9239e-02	0.386585	0
CIITA	4	1.0708e-01	3.9239e-02	0.386585	0
CASC10	4	1.0713e-01	3.9239e-02	0.386585	0
FAM98B	4	1.0717e-01	3.9239e-02	0.386585	0
FAHD2A	4	1.0722e-01	3.9239e-02	0.386585	0
CD276	4	1.0732e-01	4.3144e-02	0.394937	0
GPR20	4	1.0736e-01	4.3144e-02	0.394937	0
POLR2A	4	1.0741e-01	4.3144e-02	0.394937	0
CEBPG	4	1.0746e-01	4.3144e-02	0.394937	0
TMEM253	4	1.0751e-01	4.3144e-02	0.394937	0
IKBKB	4	1.0755e-01	4.3144e-02	0.394937	0
EZH1	4	1.0760e-01	4.3144e-02	0.394937	0
GOLPH3L	4	1.0765e-01	4.3144e-02	0.394937	0
SPIB	4	1.0770e-01	4.3144e-02	0.394937	0
CREM	4	1.0775e-01	4.3144e-02	0.394937	0
KRTAP2-4	4	1.0779e-01	4.3144e-02	0.394937	0
LYAR	4	1.0784e-01	4.3144e-02	0.394937	0
CT55	4	1.0794e-01	4.3144e-02	0.394937	0
THPO	4	1.0798e-01	4.3144e-02	0.394937	0
PIAS4	4	1.0803e-01	4.3144e-02	0.394937	0
OR1M1	4	1.0808e-01	4.3144e-02	0.394937	0
PRSS3	4	1.0813e-01	4.3144e-02	0.394937	0
TBCK	4	1.0817e-01	4.3144e-02	0.394937	0
LCN15	4	1.0822e-01	4.3144e-02	0.394937	0
EPHA7	4	1.0827e-01	4.3144e-02	0.394937	0
MFSD8	4	1.0832e-01	4.3144e-02	0.394937	0
D2HGDH	4	1.0836e-01	4.3144e-02	0.394937	0
RALGAPB	4	1.0841e-01	4.3144e-02	0.394937	0
ABT1	4	1.0846e-01	4.3144e-02	0.394937	0
KRTAP9-3	4	1.0851e-01	4.3144e-02	0.394937	0
PLD2	4	1.0855e-01	4.3144e-02	0.394937	0
LGALS8	4	1.0860e-01	4.3144e-02	0.394937	0
LRRC42	4	1.0865e-01	4.3144e-02	0.394937	0
ZNF837	4	1.0870e-01	4.3144e-02	0.394937	0
SRSF12	4	1.0874e-01	4.3144e-02	0.394937	0
MFSD4	4	1.0879e-01	4.3144e-02	0.394937	0
WWP2	4	1.0884e-01	4.3144e-02	0.394937	0
HOXB7	4	1.0889e-01	4.3144e-02	0.394937	0
TBC1D22B	4	1.0898e-01	4.3144e-02	0.394937	0
NPVF	4	1.0903e-01	4.3144e-02	0.394937	0
ZAR1	4	1.0908e-01	4.3144e-02	0.394937	0
MYH8	4	1.0912e-01	4.3144e-02	0.394937	0
MROH9	4	1.0917e-01	4.3144e-02	0.394937	0
CDK3	4	1.0922e-01	4.3144e-02	0.394937	0
SAFB2	4	1.0927e-01	4.3144e-02	0.394937	0
CHN1	4	1.0931e-01	4.3144e-02	0.394937	0
CFHR2	4	1.0946e-01	4.3144e-02	0.394937	0
IVL	4	1.0950e-01	4.3144e-02	0.394937	0
USP4	4	1.0955e-01	4.3144e-02	0.394937	0
TRIM68	4	1.0960e-01	4.3144e-02	0.394937	0
CBX1	4	1.0965e-01	4.3144e-02	0.394937	0
MISP	4	1.0969e-01	4.3144e-02	0.394937	0
VDAC3	4	1.0974e-01	4.3144e-02	0.394937	0
CSTA	4	1.0979e-01	4.3144e-02	0.394937	0
LSS	4	1.0983e-01	4.3144e-02	0.394937	0
LAMP3	4	1.0988e-01	4.3144e-02	0.394937	0
DLEU7	4	1.0993e-01	4.3144e-02	0.394937	0
ADIPOQ	4	1.0998e-01	4.3144e-02	0.394937	0
CABYR	4	1.1002e-01	4.3144e-02	0.394937	0
FUT9	4	1.1007e-01	4.3144e-02	0.394937	0
ADRB1	4	1.1012e-01	4.3144e-02	0.394937	0
TPRA1	4	1.1017e-01	4.3144e-02	0.394937	0
JAZF1	4	1.1021e-01	4.3144e-02	0.394937	0
OR52H1	4	1.1026e-01	4.3144e-02	0.394937	0
USHBP1	4	1.1031e-01	4.3144e-02	0.394937	0
NT5C1B-RDH14	4	1.1036e-01	4.3144e-02	0.394937	0
ZNF845	4	1.1040e-01	4.3144e-02	0.394937	0
FCRLA	4	1.1045e-01	4.3144e-02	0.394937	0
TESK2	4	1.1050e-01	4.3144e-02	0.394937	0
FBXO39	4	1.1055e-01	4.3144e-02	0.394937	0
TMEM210	4	1.1059e-01	4.3144e-02	0.394937	0
CRY1	4	1.1064e-01	4.3144e-02	0.394937	0
SMIM14	4	1.1069e-01	4.3144e-02	0.394937	0
SMC1B	4	1.1074e-01	4.3144e-02	0.394937	0
NRSN1	4	1.1078e-01	4.3144e-02	0.394937	0
LUZP2	4	1.1088e-01	4.3144e-02	0.394937	0
SLC1A5	4	1.1093e-01	4.3144e-02	0.394937	0
WDR70	4	1.1097e-01	4.3144e-02	0.394937	0
XG	4	1.1107e-01	4.3144e-02	0.394937	0
FAM118A	4	1.1112e-01	4.3144e-02	0.394937	0
CCL2	4	1.1116e-01	4.3144e-02	0.394937	0
SERPINB3	4	1.1121e-01	4.3144e-02	0.394937	0
SPO11	4	1.1126e-01	4.3145e-02	0.394937	0
TRIM56	4	1.1131e-01	4.3145e-02	0.394937	0
GLP1R	4	1.1135e-01	4.3145e-02	0.394937	0
N4BP2L1	4	1.1140e-01	4.3145e-02	0.394937	0
SH3BP5L	4	1.1145e-01	4.3145e-02	0.394937	0
NELL2	4	1.1149e-01	4.3145e-02	0.394937	0
TVP23A	4	1.1154e-01	4.3145e-02	0.394937	0
VWA8	4	1.1159e-01	4.3145e-02	0.394937	0
FAM175A	4	1.1164e-01	4.3145e-02	0.394937	0
SRD5A1	4	1.1173e-01	4.3145e-02	0.394937	0
PRAMEF20	4	1.1178e-01	4.3145e-02	0.394937	0
L2HGDH	4	1.1183e-01	4.3145e-02	0.394937	0
BCL2	4	1.1187e-01	4.3145e-02	0.394937	0
NPC1L1	4	1.1192e-01	4.3145e-02	0.394937	0
FAM134C	4	1.1197e-01	4.3145e-02	0.394937	0
TIMP3	4	1.1202e-01	4.3145e-02	0.394937	0
NCK1	4	1.1211e-01	4.3145e-02	0.394937	0
CACNA1F	4	1.1216e-01	4.3145e-02	0.394937	0
RFX7	4	1.1221e-01	4.3145e-02	0.394937	0
AHSA2	4	1.1225e-01	4.3145e-02	0.394937	0
TCF24	4	1.1230e-01	4.3145e-02	0.394937	0
SI	4	1.1235e-01	4.3145e-02	0.394937	0
C21orf91	4	1.1239e-01	4.3145e-02	0.394937	0
PXYLP1	4	1.1244e-01	4.3145e-02	0.394937	0
MPC1L	4	1.1249e-01	4.3145e-02	0.394937	0
PLA2G12A	4	1.1254e-01	4.3145e-02	0.394937	0
ZNF486	4	1.1258e-01	4.3145e-02	0.394937	0
SLCO5A1	4	1.1263e-01	4.3145e-02	0.394937	0
HR	4	1.1268e-01	4.3145e-02	0.394937	0
NDUFB5	4	1.1273e-01	4.3145e-02	0.394937	0
L3MBTL2	4	1.1277e-01	4.3145e-02	0.394937	0
FCHO1	4	1.1282e-01	4.3145e-02	0.394937	0
LIG3	4	1.1287e-01	4.3145e-02	0.394937	0
CLDN17	4	1.1292e-01	4.3145e-02	0.394937	0
WWC3	4	1.1301e-01	4.3145e-02	0.394937	0
RAB22A	4	1.1310e-01	4.3145e-02	0.394937	0
GLIS3	4	1.1320e-01	4.3145e-02	0.394937	0
NIM1K	4	1.1325e-01	4.3145e-02	0.394937	0
BECN2	4	1.1329e-01	4.3145e-02	0.394937	0
LOC100129520	4	1.1334e-01	4.3145e-02	0.394937	0
GABRB2	4	1.1339e-01	4.3145e-02	0.394937	0
CCDC81	4	1.1344e-01	4.3145e-02	0.394937	0
ST3GAL2	4	1.1348e-01	4.3145e-02	0.394937	0
OR2G2	4	1.1358e-01	4.3145e-02	0.394937	0
WFDC1	4	1.1363e-01	4.3145e-02	0.394937	0
TMEM45A	4	1.1367e-01	4.3145e-02	0.394937	0
CHRNG	4	1.1377e-01	4.3145e-02	0.394937	0
C1QTNF5	4	1.1381e-01	4.3145e-02	0.394937	0
SYNGR2	4	1.1386e-01	4.3145e-02	0.394937	0
GNPDA2	4	1.1391e-01	4.3145e-02	0.394937	0
SLAMF1	4	1.1396e-01	4.3145e-02	0.394937	0
PPP1R3F	4	1.1400e-01	4.3145e-02	0.394937	0
PPP4R2	4	1.1405e-01	4.3145e-02	0.394937	0
NEFL	4	1.1410e-01	4.3145e-02	0.394937	0
RFC1	4	1.1415e-01	4.3145e-02	0.394937	0
PKNOX1	4	1.1419e-01	4.3145e-02	0.394937	0
TWF1	4	1.1424e-01	4.3145e-02	0.394937	0
POTEF	4	1.1438e-01	4.3145e-02	0.394937	0
MDM1	4	1.1443e-01	4.3145e-02	0.394937	0
CBX3	4	1.1448e-01	4.3145e-02	0.394937	0
FES	4	1.1452e-01	4.3145e-02	0.394937	0
LAT	4	1.1457e-01	4.3145e-02	0.394937	0
CCDC134	4	1.1476e-01	4.3145e-02	0.394937	0
TCEB2	4	1.1481e-01	4.3145e-02	0.394937	0
EBAG9	4	1.1485e-01	4.3145e-02	0.394937	0
LNP1	4	1.1490e-01	4.3145e-02	0.394937	0
DZIP1L	4	1.1495e-01	4.3145e-02	0.394937	0
SUPT4H1	4	1.1500e-01	4.3145e-02	0.394937	0
SOCS2	4	1.1504e-01	4.3145e-02	0.394937	0
DGKK	4	1.1509e-01	4.3145e-02	0.394937	0
DES	4	1.1523e-01	4.6972e-02	0.422488	0
NKX3-1	4	1.1528e-01	4.6972e-02	0.422488	0
HIST1H2AH	4	1.1537e-01	4.6972e-02	0.422488	0
DST	4	1.1547e-01	4.6972e-02	0.422488	0
UBA7	4	1.1556e-01	4.6972e-02	0.422488	0
NR4A3	4	1.1561e-01	4.6972e-02	0.422488	0
EPHA4	4	1.1566e-01	4.6972e-02	0.422488	0
LCE3C	4	1.1570e-01	4.6972e-02	0.422488	0
DIO3	4	1.1575e-01	4.6972e-02	0.422488	0
SPRED2	4	1.1580e-01	4.6972e-02	0.422488	0
KLHL3	4	1.1589e-01	4.6972e-02	0.422488	0
PITX1	4	1.1594e-01	4.6972e-02	0.422488	0
OR10R2	4	1.1599e-01	4.6972e-02	0.422488	0
EFCAB9	4	1.1604e-01	4.6972e-02	0.422488	0
SH2D1B	4	1.1608e-01	4.6972e-02	0.422488	0
CNTNAP3	4	1.1613e-01	4.6972e-02	0.422488	0
PMS1	4	1.1622e-01	4.6972e-02	0.422488	0
SEC61G	4	1.1627e-01	4.6973e-02	0.422488	0
IRF1	3	1.1629e-01	5.3079e-02	0.436446	0
DPYS	4	1.1632e-01	4.6973e-02	0.422488	0
THUMPD1	4	1.1637e-01	4.6973e-02	0.422488	0
MSX1	4	1.1641e-01	4.6973e-02	0.422488	0
SLC7A4	4	1.1646e-01	4.6973e-02	0.422488	0
CHMP5	4	1.1651e-01	4.6973e-02	0.422488	0
ARV1	4	1.1655e-01	4.6973e-02	0.422488	0
ROS1	4	1.1660e-01	4.6973e-02	0.422488	0
CYLC1	4	1.1670e-01	4.6973e-02	0.422488	0
SLC17A4	4	1.1679e-01	4.6973e-02	0.422488	0
RND1	4	1.1684e-01	4.6973e-02	0.422488	0
KCNC1	4	1.1688e-01	4.6973e-02	0.422488	0
GABARAP	4	1.1693e-01	4.6973e-02	0.422488	0
TMEM27	4	1.1698e-01	4.6973e-02	0.422488	0
RRP8	4	1.1703e-01	4.6973e-02	0.422488	0
LCN8	4	1.1712e-01	4.6973e-02	0.422488	0
COLEC10	4	1.1717e-01	4.6973e-02	0.422488	0
RSU1	4	1.1722e-01	4.6973e-02	0.422488	0
C10orf55	4	1.1736e-01	5.0790e-02	0.436446	0
RBMY1B	4	1.1745e-01	5.4563e-02	0.436446	0
NACAD	4	1.1750e-01	5.4563e-02	0.436446	0
RAB33B	4	1.1755e-01	5.4563e-02	0.436446	0
TPM4	4	1.1759e-01	5.4563e-02	0.436446	0
TRMT10A	4	1.1764e-01	5.4563e-02	0.436446	0
NDUFAF4	4	1.1769e-01	5.4563e-02	0.436446	0
C20orf78	4	1.1778e-01	5.4563e-02	0.436446	0
CCNE1	4	1.1783e-01	5.4563e-02	0.436446	0
IGSF21	4	1.1788e-01	5.4563e-02	0.436446	0
GCNT7	4	1.1792e-01	5.4563e-02	0.436446	0
HOXA11	4	1.1797e-01	5.4563e-02	0.436446	0
GCDH	4	1.1806e-01	5.4563e-02	0.436446	0
FUT4	4	1.1811e-01	5.4563e-02	0.436446	0
BTNL10	4	1.1820e-01	5.4563e-02	0.436446	0
OR1A1	4	1.1825e-01	5.4563e-02	0.436446	0
AKAP11	4	1.1830e-01	5.4563e-02	0.436446	0
CHAMP1	4	1.1835e-01	5.4563e-02	0.436446	0
CDKN3	4	1.1839e-01	5.4563e-02	0.436446	0
MICALL1	4	1.1844e-01	5.4563e-02	0.436446	0
QRICH2	4	1.1853e-01	5.4563e-02	0.436446	0
KIAA0141	4	1.1858e-01	5.4563e-02	0.436446	0
TAS1R2	4	1.1863e-01	5.4563e-02	0.436446	0
KIAA1191	4	1.1868e-01	5.4563e-02	0.436446	0
TENM1	4	1.1872e-01	5.4563e-02	0.436446	0
IFFO1	4	1.1877e-01	5.4563e-02	0.436446	0
PNPLA3	4	1.1882e-01	5.4563e-02	0.436446	0
USP51	4	1.1886e-01	5.4563e-02	0.436446	0
ADAMTS18	4	1.1891e-01	5.4563e-02	0.436446	0
LEKR1	4	1.1896e-01	5.4563e-02	0.436446	0
KRT4	3	1.1897e-01	5.3080e-02	0.436446	0
ZBTB1	4	1.1901e-01	5.4563e-02	0.436446	0
ARL11	4	1.1905e-01	5.4563e-02	0.436446	0
C10orf120	4	1.1910e-01	5.4563e-02	0.436446	0
PPP1R3B	4	1.1915e-01	5.4563e-02	0.436446	0
LIMCH1	4	1.1919e-01	5.4563e-02	0.436446	0
SCARF1	4	1.1924e-01	5.4564e-02	0.436446	0
PSMG4	4	1.1934e-01	5.4564e-02	0.436446	0
RPS2	4	1.1938e-01	5.4564e-02	0.436446	0
RAB39A	4	1.1948e-01	5.4564e-02	0.436446	0
EFNA4	4	1.1952e-01	5.4564e-02	0.436446	0
RYR2	4	1.1957e-01	5.4564e-02	0.436446	0
LOC388436	4	1.1962e-01	5.4564e-02	0.436446	0
KRTAP1-3	4	1.1966e-01	5.4564e-02	0.436446	0
TWSG1	4	1.1971e-01	5.4564e-02	0.436446	0
SLCO1A2	4	1.1976e-01	5.4564e-02	0.436446	0
GJB1	4	1.1981e-01	5.4564e-02	0.436446	0
FGF20	4	1.1985e-01	5.4564e-02	0.436446	0
HOXC13	4	1.1990e-01	5.4564e-02	0.436446	0
OFD1	4	1.1999e-01	5.4564e-02	0.436446	0
TDRD10	4	1.2004e-01	5.4564e-02	0.436446	0
XPO4	4	1.2009e-01	5.4564e-02	0.436446	0
MAP9	4	1.2014e-01	5.4564e-02	0.436446	0
NUP54	4	1.2023e-01	5.4564e-02	0.436446	0
SCARB2	4	1.2028e-01	5.4564e-02	0.436446	0
MSANTD3-TMEFF1	4	1.2032e-01	5.4564e-02	0.436446	0
FAM180A	4	1.2042e-01	5.4564e-02	0.436446	0
SMIM6	4	1.2046e-01	5.4564e-02	0.436446	0
FDFT1	4	1.2056e-01	5.4564e-02	0.436446	0
CLDN20	4	1.2061e-01	5.4564e-02	0.436446	0
MARCHF6	4	1.2065e-01	5.4564e-02	0.436446	0
TNFAIP8L2	4	1.2070e-01	5.4564e-02	0.436446	0
SSTR1	4	1.2079e-01	5.4564e-02	0.436446	0
ZFAND4	4	1.2084e-01	5.4564e-02	0.436446	0
C6orf48	4	1.2089e-01	5.4564e-02	0.436446	0
TBC1D4	4	1.2098e-01	5.4564e-02	0.436446	0
SLC45A1	4	1.2108e-01	5.8331e-02	0.436446	0
ELF2	4	1.2112e-01	5.8331e-02	0.436446	0
PPM1M	4	1.2117e-01	5.8331e-02	0.436446	0
C8orf4	4	1.2122e-01	5.8331e-02	0.436446	0
ITM2B	4	1.2126e-01	5.8331e-02	0.436446	0
APOBEC3A	4	1.2131e-01	5.8331e-02	0.436446	0
KIF13B	4	1.2136e-01	5.8331e-02	0.436446	0
ZNF443	4	1.2140e-01	5.8331e-02	0.436446	0
TPSD1	4	1.2145e-01	5.8331e-02	0.436446	0
LRRC74B	4	1.2150e-01	5.8331e-02	0.436446	0
ALPK2	4	1.2155e-01	5.8331e-02	0.436446	0
MTHFR	4	1.2164e-01	5.8331e-02	0.436446	0
OR2L2	4	1.2169e-01	5.8331e-02	0.436446	0
TYMP	3	1.2171e-01	5.5991e-02	0.436446	0
GRIN2A	4	1.2173e-01	5.8331e-02	0.436446	0
THTPA	4	1.2178e-01	5.8331e-02	0.436446	0
PTPRO	4	1.2183e-01	5.8331e-02	0.436446	0
VPS9D1	4	1.2187e-01	5.8331e-02	0.436446	0
GLIPR1L2	4	1.2197e-01	5.8331e-02	0.436446	0
BIN3	4	1.2202e-01	5.8331e-02	0.436446	0
ITPRIPL2	4	1.2206e-01	5.8331e-02	0.436446	0
LRP11	4	1.2211e-01	5.8331e-02	0.436446	0
GIMAP1	4	1.2216e-01	5.8331e-02	0.436446	0
CLEC3B	4	1.2220e-01	5.8331e-02	0.436446	0
ARRDC3	4	1.2225e-01	5.8331e-02	0.436446	0
IGFBP2	4	1.2230e-01	5.8331e-02	0.436446	0
DIP2A	4	1.2234e-01	5.8331e-02	0.436446	0
MEX3C	4	1.2239e-01	5.8331e-02	0.436446	0
OR8I2	4	1.2244e-01	5.8331e-02	0.436446	0
SPDYA	4	1.2249e-01	5.8331e-02	0.436446	0
ZNF432	4	1.2253e-01	5.8331e-02	0.436446	0
IKBKG	4	1.2258e-01	5.8331e-02	0.436446	0
STBD1	4	1.2263e-01	5.8331e-02	0.436446	0
CACNG8	4	1.2267e-01	5.8331e-02	0.436446	0
PYCARD	4	1.2272e-01	5.8331e-02	0.436446	0
TNP2	4	1.2277e-01	5.8331e-02	0.436446	0
PGLYRP4	4	1.2281e-01	5.8331e-02	0.436446	0
ASB12	4	1.2286e-01	5.8331e-02	0.436446	0
SPDYE4	4	1.2291e-01	5.8331e-02	0.436446	0
CSH1	4	1.2295e-01	5.8331e-02	0.436446	0
NR1H4	4	1.2305e-01	5.8331e-02	0.436446	0
NEBL	4	1.2310e-01	5.8331e-02	0.436446	0
OR6T1	4	1.2314e-01	5.8331e-02	0.436446	0
FAM219B	4	1.2319e-01	5.8331e-02	0.436446	0
C5orf47	4	1.2324e-01	5.8331e-02	0.436446	0
SEC14L1	4	1.2328e-01	5.8331e-02	0.436446	0
CHST7	4	1.2333e-01	5.8331e-02	0.436446	0
IL2RG	4	1.2338e-01	5.8331e-02	0.436446	0
IVNS1ABP	4	1.2347e-01	5.8331e-02	0.436446	0
CTTN	4	1.2352e-01	5.8331e-02	0.436446	0
YIPF1	4	1.2356e-01	5.8331e-02	0.436446	0
ZBED6CL	4	1.2361e-01	5.8331e-02	0.436446	0
CDK2AP2	4	1.2366e-01	5.8331e-02	0.436446	0
SMIM18	4	1.2371e-01	5.8331e-02	0.436446	0
TEX101	4	1.2375e-01	5.8331e-02	0.436446	0
VGLL1	4	1.2380e-01	5.8331e-02	0.436446	0
PTCHD2	4	1.2385e-01	5.8331e-02	0.436446	0
LOC389895	4	1.2389e-01	5.8331e-02	0.436446	0
DECR2	4	1.2394e-01	5.8331e-02	0.436446	0
NLGN4Y	4	1.2399e-01	5.8331e-02	0.436446	0
CADPS	4	1.2403e-01	5.8331e-02	0.436446	0
RNF215	4	1.2408e-01	5.8331e-02	0.436446	0
SZT2	4	1.2413e-01	5.8331e-02	0.436446	0
ESRP2	4	1.2417e-01	5.8331e-02	0.436446	0
C9orf89	4	1.2422e-01	5.8331e-02	0.436446	0
MACF1	4	1.2431e-01	5.8331e-02	0.436446	0
ABTB1	4	1.2436e-01	5.8331e-02	0.436446	0
SRPK2	4	1.2441e-01	5.8331e-02	0.436446	0
CUL5	4	1.2450e-01	5.8331e-02	0.436446	0
SIGIRR	4	1.2455e-01	5.8331e-02	0.436446	0
FAIM3	4	1.2460e-01	5.8331e-02	0.436446	0
EPHX3	4	1.2464e-01	5.8331e-02	0.436446	0
CIB1	4	1.2469e-01	5.8331e-02	0.436446	0
WDR93	4	1.2474e-01	5.8331e-02	0.436446	0
C7orf76	4	1.2483e-01	5.8331e-02	0.436446	0
DHFRL1	4	1.2492e-01	5.8331e-02	0.436446	0
TMEM30A	4	1.2497e-01	5.8331e-02	0.436446	0
SLC39A14	4	1.2506e-01	5.8331e-02	0.436446	0
MORN5	4	1.2511e-01	5.8331e-02	0.436446	0
INHA	4	1.2516e-01	5.8331e-02	0.436446	0
SPRY1	3	1.2520e-01	5.8843e-02	0.436446	0
PRM3	4	1.2520e-01	5.8331e-02	0.436446	0
MARCHF9	4	1.2525e-01	5.8331e-02	0.436446	0
NME1-NME2	4	1.2530e-01	5.8331e-02	0.436446	0
SPATA25	4	1.2535e-01	5.8331e-02	0.436446	0
SPATA31D3	4	1.2539e-01	5.8331e-02	0.436446	0
AP1M2	4	1.2544e-01	5.8331e-02	0.436446	0
NDNF	4	1.2549e-01	5.8331e-02	0.436446	0
MAP2K3	4	1.2553e-01	5.8331e-02	0.436446	0
CXCR1	4	1.2558e-01	5.8331e-02	0.436446	0
CCDC125	4	1.2563e-01	5.8331e-02	0.436446	0
TSKS	4	1.2572e-01	5.8331e-02	0.436446	0
LRRC61	4	1.2577e-01	5.8331e-02	0.436446	0
UBTD1	4	1.2581e-01	5.8331e-02	0.436446	0
PIK3C2B	4	1.2586e-01	5.8331e-02	0.436446	0
RC3H2	4	1.2591e-01	5.8331e-02	0.436446	0
NPFFR2	4	1.2595e-01	5.8331e-02	0.436446	0
SLC14A1	4	1.2600e-01	5.8331e-02	0.436446	0
USP15	4	1.2605e-01	5.8331e-02	0.436446	0
GJA3	4	1.2614e-01	5.8331e-02	0.436446	0
ANKRD6	4	1.2619e-01	5.8331e-02	0.436446	0
CR1L	4	1.2623e-01	5.8331e-02	0.436446	0
PI16	4	1.2628e-01	5.8331e-02	0.436446	0
GOLGA7	4	1.2633e-01	5.8331e-02	0.436446	0
F5	4	1.2638e-01	5.8331e-02	0.436446	0
GPR82	4	1.2647e-01	5.8331e-02	0.436446	0
ERBB2	4	1.2652e-01	5.8331e-02	0.436446	0
TNFRSF4	4	1.2656e-01	5.8331e-02	0.436446	0
PRMT6	4	1.2661e-01	5.8331e-02	0.436446	0
LRRC28	4	1.2666e-01	5.8331e-02	0.436446	0
LILRB4	4	1.2670e-01	5.8331e-02	0.436446	0
COL9A1	4	1.2675e-01	5.8331e-02	0.436446	0
SLC12A5	4	1.2680e-01	5.8331e-02	0.436446	0
GUCY1A2	4	1.2684e-01	5.8331e-02	0.436446	0
SLITRK5	4	1.2689e-01	5.8331e-02	0.436446	0
CACNA1H	4	1.2694e-01	5.8331e-02	0.436446	0
TLR1	4	1.2698e-01	5.8331e-02	0.436446	0
NCKAP5	4	1.2703e-01	5.8331e-02	0.436446	0
ATXN7L3	4	1.2708e-01	5.8331e-02	0.436446	0
SLC6A16	4	1.2712e-01	5.8331e-02	0.436446	0
RNF208	4	1.2717e-01	5.8331e-02	0.436446	0
SBK1	4	1.2722e-01	5.8331e-02	0.436446	0
EED	4	1.2726e-01	5.8331e-02	0.436446	0
TMEM260	4	1.2731e-01	5.8331e-02	0.436446	0
PRAMEF7	4	1.2736e-01	5.8331e-02	0.436446	0
NDUFB9	4	1.2745e-01	5.8331e-02	0.436446	0
AP1S2	4	1.2750e-01	5.8331e-02	0.436446	0
PRRX2	4	1.2754e-01	5.8331e-02	0.436446	0
LOC389602	4	1.2759e-01	5.8331e-02	0.436446	0
BAG4	4	1.2764e-01	5.8331e-02	0.436446	0
HAMP	4	1.2768e-01	5.8331e-02	0.436446	0
DLGAP2	4	1.2773e-01	5.8331e-02	0.436446	0
TMEM8B	4	1.2778e-01	5.8331e-02	0.436446	0
CYP4B1	4	1.2792e-01	5.8331e-02	0.436446	0
WDR89	4	1.2797e-01	5.8331e-02	0.436446	0
OTUB1	4	1.2801e-01	5.8331e-02	0.436446	0
DCAF4L1	4	1.2806e-01	5.8331e-02	0.436446	0
PGAP3	4	1.2811e-01	5.8331e-02	0.436446	0
SPTLC3	4	1.2815e-01	5.8331e-02	0.436446	0
KNSTRN	4	1.2820e-01	5.8331e-02	0.436446	0
PTER	4	1.2825e-01	5.8331e-02	0.436446	0
TGFBR1	4	1.2829e-01	5.8331e-02	0.436446	0
TMEM200C	4	1.2834e-01	5.8331e-02	0.436446	0
VSTM4	4	1.2839e-01	5.8331e-02	0.436446	0
SLC26A9	4	1.2843e-01	5.8331e-02	0.436446	0
IBA57	4	1.2853e-01	5.8331e-02	0.436446	0
PTPRN	4	1.2857e-01	5.8331e-02	0.436446	0
SLC2A13	4	1.2862e-01	5.8331e-02	0.436446	0
SLX1B	4	1.2867e-01	5.8331e-02	0.436446	0
TMTC4	4	1.2871e-01	5.8331e-02	0.436446	0
TMEM14E	4	1.2876e-01	5.8331e-02	0.436446	0
PNPLA2	4	1.2881e-01	5.8331e-02	0.436446	0
CCDC181	4	1.2885e-01	5.8331e-02	0.436446	0
ZNF221	4	1.2890e-01	5.8331e-02	0.436446	0
SPRY2	4	1.2895e-01	5.8331e-02	0.436446	0
GSTM2	4	1.2899e-01	5.8331e-02	0.436446	0
FOXG1	4	1.2904e-01	5.8331e-02	0.436446	0
PADI6	4	1.2909e-01	5.8331e-02	0.436446	0
RIMKLA	4	1.2913e-01	5.8331e-02	0.436446	0
CCDC110	4	1.2918e-01	5.8331e-02	0.436446	0
GUCY2F	4	1.2923e-01	5.8331e-02	0.436446	0
MMP21	4	1.2932e-01	5.8331e-02	0.436446	0
GRIN2D	4	1.2937e-01	5.8331e-02	0.436446	0
LTBP4	4	1.2946e-01	5.8331e-02	0.436446	0
SP9	4	1.2951e-01	5.8331e-02	0.436446	0
PRSS35	4	1.2955e-01	5.8331e-02	0.436446	0
TAGLN	4	1.2960e-01	5.8331e-02	0.436446	0
HIST1H3I	4	1.2974e-01	5.8331e-02	0.436446	0
GRIN2B	4	1.2979e-01	5.8331e-02	0.436446	0
CCDC70	4	1.2983e-01	5.8331e-02	0.436446	0
LRAT	4	1.2988e-01	5.8331e-02	0.436446	0
SLC27A3	4	1.2993e-01	5.8331e-02	0.436446	0
SNX10	4	1.2997e-01	5.8331e-02	0.436446	0
EPS8	4	1.3007e-01	5.8331e-02	0.436446	0
ZNF846	4	1.3011e-01	5.8331e-02	0.436446	0
ACSL1	4	1.3016e-01	5.8331e-02	0.436446	0
GMCL1	4	1.3025e-01	5.8331e-02	0.436446	0
KLHL30	4	1.3035e-01	5.8331e-02	0.436446	0
NCK2	4	1.3039e-01	5.8331e-02	0.436446	0
RUNDC1	4	1.3044e-01	5.8331e-02	0.436446	0
LURAP1L	4	1.3049e-01	5.8331e-02	0.436446	0
RNF157	4	1.3058e-01	5.8331e-02	0.436446	0
UTS2B	4	1.3070e-01	5.8331e-02	0.436446	0
NCKAP1	4	1.3070e-01	5.8331e-02	0.436446	0
RTN4IP1	4	1.3077e-01	5.8331e-02	0.436446	0
RALGDS	4	1.3081e-01	5.8331e-02	0.436446	0
MAPKBP1	4	1.3086e-01	5.8331e-02	0.436446	0
DNAH3	4	1.3095e-01	5.8331e-02	0.436446	0
SH3BP4	4	1.3100e-01	5.8331e-02	0.436446	0
OXGR1	4	1.3109e-01	5.8331e-02	0.436446	0
CDKN1A	4	1.3114e-01	5.8331e-02	0.436446	0
GPSM3	4	1.3119e-01	5.8331e-02	0.436446	0
OR2H2	4	1.3123e-01	5.8331e-02	0.436446	0
ZACN	4	1.3128e-01	5.8331e-02	0.436446	0
DLX4	4	1.3132e-01	5.8331e-02	0.436446	0
HBB	4	1.3137e-01	5.8331e-02	0.436446	0
CTIF	4	1.3142e-01	5.8331e-02	0.436446	0
XYLB	4	1.3146e-01	5.8331e-02	0.436446	0
MRS2	4	1.3151e-01	5.8331e-02	0.436446	0
TIMP1	4	1.3156e-01	5.8331e-02	0.436446	0
MEGF11	4	1.3160e-01	5.8331e-02	0.436446	0
UMAD1	4	1.3165e-01	5.8331e-02	0.436446	0
GABRG2	4	1.3170e-01	5.8331e-02	0.436446	0
TRPA1	4	1.3174e-01	5.8331e-02	0.436446	0
BAIAP2	4	1.3179e-01	5.8331e-02	0.436446	0
MLX	4	1.3184e-01	5.8331e-02	0.436446	0
CHML	4	1.3188e-01	5.8331e-02	0.436446	0
FGF9	4	1.3193e-01	5.8331e-02	0.436446	0
YBX2	4	1.3198e-01	5.8331e-02	0.436446	0
THBS4	4	1.3202e-01	5.8331e-02	0.436446	0
CCDC88C	4	1.3207e-01	5.8331e-02	0.436446	0
C11orf80	4	1.3212e-01	5.8331e-02	0.436446	0
INAFM2	4	1.3221e-01	5.8331e-02	0.436446	0
XAGE2	4	1.3226e-01	5.8331e-02	0.436446	0
TMEM182	4	1.3235e-01	5.8331e-02	0.436446	0
NRARP	4	1.3240e-01	5.8331e-02	0.436446	0
MCHR2	4	1.3249e-01	5.8331e-02	0.436446	0
DAZ4	4	1.3254e-01	5.8331e-02	0.436446	0
ZNF107	4	1.3263e-01	5.8331e-02	0.436446	0
CALML3	4	1.3268e-01	5.8331e-02	0.436446	0
ZGRF1	4	1.3272e-01	5.8331e-02	0.436446	0
LAD1	4	1.3277e-01	5.8331e-02	0.436446	0
B3GNTL1	4	1.3281e-01	5.8331e-02	0.436446	0
IHH	4	1.3286e-01	5.8331e-02	0.436446	0
NISCH	4	1.3291e-01	5.8331e-02	0.436446	0
PDE4C	4	1.3295e-01	5.8331e-02	0.436446	0
SRPX2	4	1.3305e-01	5.8331e-02	0.436446	0
BCS1L	4	1.3314e-01	5.8331e-02	0.436446	0
APOM	4	1.3323e-01	5.8331e-02	0.436446	0
SPARC	4	1.3328e-01	5.8331e-02	0.436446	0
GPX5	4	1.3333e-01	5.8331e-02	0.436446	0
AATK	4	1.3342e-01	5.8331e-02	0.436446	0
VNN1	4	1.3347e-01	5.8331e-02	0.436446	0
GORAB	4	1.3351e-01	5.8331e-02	0.436446	0
VAMP2	4	1.3361e-01	5.8331e-02	0.436446	0
SPAG16	4	1.3365e-01	5.8331e-02	0.436446	0
GTSCR1	4	1.3370e-01	5.8331e-02	0.436446	0
RBM26	4	1.3375e-01	5.8331e-02	0.436446	0
NABP2	4	1.3379e-01	5.8331e-02	0.436446	0
POU2F3	4	1.3384e-01	5.8331e-02	0.436446	0
TP53INP1	4	1.3388e-01	5.8331e-02	0.436446	0
FAM72B	4	1.3393e-01	5.8331e-02	0.436446	0
NEUROD2	4	1.3398e-01	5.8331e-02	0.436446	0
FBXO7	4	1.3402e-01	5.8331e-02	0.436446	0
S100A7L2	4	1.3407e-01	5.8331e-02	0.436446	0
ZNF230	4	1.3412e-01	5.8331e-02	0.436446	0
OR7E24	4	1.3416e-01	5.8331e-02	0.436446	0
REP15	4	1.3421e-01	5.8331e-02	0.436446	0
KLHDC7A	4	1.3426e-01	5.8331e-02	0.436446	0
DAB2IP	4	1.3430e-01	5.8331e-02	0.436446	0
TEKT2	4	1.3435e-01	5.8331e-02	0.436446	0
PRSS50	4	1.3440e-01	5.8331e-02	0.436446	0
PALD1	4	1.3444e-01	5.8331e-02	0.436446	0
SGK1	4	1.3449e-01	5.8331e-02	0.436446	0
LHFPL4	4	1.3454e-01	5.8331e-02	0.436446	0
CACNG1	4	1.3458e-01	5.8331e-02	0.436446	0
PTTG2	4	1.3463e-01	5.8331e-02	0.436446	0
CLNK	4	1.3467e-01	5.8331e-02	0.436446	0
GABPB2	4	1.3472e-01	5.8331e-02	0.436446	0
YAF2	4	1.3481e-01	6.2111e-02	0.436446	0
ULBP3	4	1.3486e-01	6.2111e-02	0.436446	0
NPC2	4	1.3491e-01	6.2111e-02	0.436446	0
TFR2	4	1.3495e-01	6.2111e-02	0.436446	0
ZNF526	4	1.3500e-01	6.2111e-02	0.436446	0
SOX2	4	1.3505e-01	6.2111e-02	0.436446	0
RASA3	4	1.3514e-01	6.2111e-02	0.436446	0
ZNF468	4	1.3519e-01	6.2111e-02	0.436446	0
FAM131A	4	1.3528e-01	6.2111e-02	0.436446	0
SLC25A38	4	1.3532e-01	6.2111e-02	0.436446	0
HIST1H4D	4	1.3537e-01	6.2111e-02	0.436446	0
CLDN9	4	1.3542e-01	6.2111e-02	0.436446	0
TRAF7	4	1.3546e-01	6.2111e-02	0.436446	0
NAT6	4	1.3551e-01	6.2111e-02	0.436446	0
MESP1	4	1.3556e-01	6.2111e-02	0.436446	0
COL1A1	4	1.3560e-01	6.2111e-02	0.436446	0
NDUFA12	4	1.3565e-01	6.2111e-02	0.436446	0
F3	4	1.3570e-01	6.2111e-02	0.436446	0
ZWILCH	4	1.3574e-01	6.2111e-02	0.436446	0
RASSF7	4	1.3579e-01	6.2111e-02	0.436446	0
STK16	4	1.3584e-01	6.2111e-02	0.436446	0
FPGS	4	1.3588e-01	6.2111e-02	0.436446	0
SDR9C7	4	1.3593e-01	6.2111e-02	0.436446	0
S100G	4	1.3597e-01	6.2111e-02	0.436446	0
FAM200A	4	1.3602e-01	6.2111e-02	0.436446	0
TEFM	4	1.3607e-01	6.2111e-02	0.436446	0
EDA2R	4	1.3611e-01	6.2111e-02	0.436446	0
LANCL1	4	1.3616e-01	6.2111e-02	0.436446	0
SRSF5	4	1.3621e-01	6.2111e-02	0.436446	0
MARCHF3	4	1.3625e-01	6.2111e-02	0.436446	0
SOS1	4	1.3630e-01	6.2111e-02	0.436446	0
ABCA2	4	1.3635e-01	6.2111e-02	0.436446	0
SLC37A2	4	1.3639e-01	6.2111e-02	0.436446	0
MAST1	4	1.3644e-01	6.2111e-02	0.436446	0
SRFBP1	4	1.3649e-01	6.2111e-02	0.436446	0
ZNF835	4	1.3653e-01	6.2111e-02	0.436446	0
ATP1B3	4	1.3658e-01	6.2111e-02	0.436446	0
KXD1	3	1.3659e-01	7.0354e-02	0.468036	0
CHID1	4	1.3667e-01	6.2111e-02	0.436446	0
ABLIM1	4	1.3672e-01	6.2111e-02	0.436446	0
OR10A7	4	1.3676e-01	6.2111e-02	0.436446	0
NOD1	4	1.3681e-01	6.2111e-02	0.436446	0
TMEM213	4	1.3690e-01	6.2111e-02	0.436446	0
HIST1H1A	4	1.3695e-01	6.2111e-02	0.436446	0
TOM1L1	4	1.3700e-01	6.2111e-02	0.436446	0
USP26	4	1.3704e-01	6.2111e-02	0.436446	0
ZNF33A	4	1.3709e-01	6.2111e-02	0.436446	0
SCLT1	4	1.3713e-01	6.2111e-02	0.436446	0
FMO5	4	1.3718e-01	6.2111e-02	0.436446	0
ZNF880	4	1.3723e-01	6.2111e-02	0.436446	0
OR56A4	4	1.3732e-01	6.2111e-02	0.436446	0
POU3F1	4	1.3741e-01	6.2111e-02	0.436446	0
FAM189A2	4	1.3746e-01	6.2111e-02	0.436446	0
FAM107B	4	1.3755e-01	6.2111e-02	0.436446	0
USH1G	4	1.3760e-01	6.2111e-02	0.436446	0
P4HA3	4	1.3764e-01	6.2111e-02	0.436446	0
HMCN2	4	1.3769e-01	6.2111e-02	0.436446	0
HIC2	4	1.3774e-01	6.2111e-02	0.436446	0
PRG3	4	1.3778e-01	6.2111e-02	0.436446	0
SLA	4	1.3783e-01	6.2111e-02	0.436446	0
TDRP	4	1.3788e-01	6.2111e-02	0.436446	0
MRGPRG	4	1.3792e-01	6.2111e-02	0.436446	0
CD80	4	1.3797e-01	6.2111e-02	0.436446	0
PPP2R5B	4	1.3801e-01	6.2111e-02	0.436446	0
ABCA8	4	1.3811e-01	6.2111e-02	0.436446	0
EVPL	4	1.3815e-01	6.2111e-02	0.436446	0
CSDE1	4	1.3820e-01	6.2111e-02	0.436446	0
RGMA	4	1.3834e-01	6.2111e-02	0.436446	0
AMT	4	1.3839e-01	6.2111e-02	0.436446	0
SDK1	4	1.3843e-01	6.2111e-02	0.436446	0
ZFR2	4	1.3848e-01	6.2111e-02	0.436446	0
GNPAT	4	1.3852e-01	6.2111e-02	0.436446	0
MAP1LC3B	4	1.3857e-01	6.2111e-02	0.436446	0
B3GNT8	4	1.3862e-01	6.2111e-02	0.436446	0
FREM1	4	1.3871e-01	6.2111e-02	0.436446	0
NLRC4	4	1.3885e-01	6.2111e-02	0.436446	0
SMARCA2	4	1.3889e-01	6.2111e-02	0.436446	0
IFT74	4	1.3894e-01	6.2111e-02	0.436446	0
VAMP4	4	1.3908e-01	6.2111e-02	0.436446	0
CXXC1	4	1.3913e-01	6.2111e-02	0.436446	0
SMIM17	4	1.3917e-01	6.2111e-02	0.436446	0
ITGB8	4	1.3926e-01	6.2111e-02	0.436446	0
PANK3	4	1.3931e-01	6.2111e-02	0.436446	0
NRTN	4	1.3945e-01	6.2111e-02	0.436446	0
DSC2	4	1.3950e-01	6.2111e-02	0.436446	0
FAM127C	4	1.3954e-01	6.2111e-02	0.436446	0
AQP11	4	1.3959e-01	6.2111e-02	0.436446	0
CRADD	4	1.3964e-01	6.2111e-02	0.436446	0
ATG13	4	1.3973e-01	6.2111e-02	0.436446	0
UNC119	4	1.3987e-01	6.2111e-02	0.436446	0
SNCAIP	4	1.3991e-01	6.2111e-02	0.436446	0
PLEKHH2	4	1.4001e-01	6.2111e-02	0.436446	0
DEFB130	4	1.4005e-01	6.2111e-02	0.436446	0
ETNPPL	4	1.4019e-01	6.2111e-02	0.436446	0
HIST1H2BH	4	1.4024e-01	6.2111e-02	0.436446	0
TACC2	4	1.4028e-01	6.2111e-02	0.436446	0
MRPS36	4	1.4033e-01	6.2111e-02	0.436446	0
RNFT1	4	1.4038e-01	6.2111e-02	0.436446	0
BTD	4	1.4042e-01	6.2111e-02	0.436446	0
ABHD16A	4	1.4047e-01	6.2111e-02	0.436446	0
PGLS	4	1.4061e-01	6.2111e-02	0.436446	0
SLC28A3	4	1.4065e-01	6.2111e-02	0.436446	0
ZNF442	4	1.4070e-01	6.2111e-02	0.436446	0
C2CD2L	4	1.4079e-01	6.2111e-02	0.436446	0
DGKE	4	1.4084e-01	6.2111e-02	0.436446	0
SLC35B4	4	1.4088e-01	6.2111e-02	0.436446	0
CD300C	4	1.4093e-01	6.2111e-02	0.436446	0
AGR2	4	1.4098e-01	6.2111e-02	0.436446	0
TRIM39	4	1.4102e-01	6.2111e-02	0.436446	0
ARHGEF4	4	1.4107e-01	6.2111e-02	0.436446	0
DPF3	4	1.4111e-01	6.2111e-02	0.436446	0
WDR47	4	1.4116e-01	6.2111e-02	0.436446	0
MSTN	4	1.4121e-01	6.2111e-02	0.436446	0
ATP4B	4	1.4130e-01	6.2111e-02	0.436446	0
USP42	3	1.4133e-01	7.5989e-02	0.494189	0
TMA7	4	1.4135e-01	6.2111e-02	0.436446	0
ZNF763	4	1.4144e-01	6.2111e-02	0.436446	0
TMEM42	4	1.4148e-01	6.2111e-02	0.436446	0
C1QTNF7	4	1.4153e-01	6.2111e-02	0.436446	0
PPFIA3	4	1.4158e-01	6.2111e-02	0.436446	0
LRRC15	4	1.4162e-01	6.2111e-02	0.436446	0
BBS5	4	1.4167e-01	6.2111e-02	0.436446	0
DEFA1	4	1.4171e-01	6.2111e-02	0.436446	0
KMT2D	4	1.4176e-01	6.2111e-02	0.436446	0
FLAD1	4	1.4181e-01	6.2111e-02	0.436446	0
PRORY	4	1.4190e-01	6.2111e-02	0.436446	0
ZMPSTE24	4	1.4195e-01	6.2111e-02	0.436446	0
SPATA13	4	1.4199e-01	6.2111e-02	0.436446	0
VOPP1	4	1.4204e-01	6.2111e-02	0.436446	0
TAC4	4	1.4208e-01	6.2111e-02	0.436446	0
RPL22L1	4	1.4213e-01	6.2111e-02	0.436446	0
CLTB	4	1.4218e-01	6.2111e-02	0.436446	0
IGIP	4	1.4227e-01	6.2111e-02	0.436446	0
TMPRSS11F	4	1.4232e-01	6.2111e-02	0.436446	0
KCNQ2	4	1.4236e-01	6.2111e-02	0.436446	0
KRT12	4	1.4241e-01	6.2111e-02	0.436446	0
SLC25A17	4	1.4245e-01	6.2111e-02	0.436446	0
F13B	4	1.4250e-01	6.2111e-02	0.436446	0
SLCO1B7	4	1.4255e-01	6.2111e-02	0.436446	0
MANEA	4	1.4259e-01	6.2111e-02	0.436446	0
ZNF768	4	1.4264e-01	6.2111e-02	0.436446	0
NUP37	4	1.4268e-01	6.2111e-02	0.436446	0
KLK10	4	1.4273e-01	6.2111e-02	0.436446	0
WAS	4	1.4278e-01	6.2111e-02	0.436446	0
CDSN	4	1.4282e-01	6.2111e-02	0.436446	0
C16orf97	4	1.4287e-01	6.2111e-02	0.436446	0
KCND1	4	1.4291e-01	6.2111e-02	0.436446	0
C11orf1	4	1.4296e-01	6.2111e-02	0.436446	0
ZNF623	4	1.4301e-01	6.2111e-02	0.436446	0
ZNF816	4	1.4305e-01	6.2111e-02	0.436446	0
EREG	4	1.4310e-01	6.2111e-02	0.436446	0
MUC7	4	1.4315e-01	6.2111e-02	0.436446	0
TMEM200A	4	1.4319e-01	6.2111e-02	0.436446	0
TXNDC8	4	1.4324e-01	6.2111e-02	0.436446	0
SLC1A1	4	1.4328e-01	6.2111e-02	0.436446	0
XPO6	4	1.4342e-01	6.2111e-02	0.436446	0
C17orf96	4	1.4347e-01	6.2111e-02	0.436446	0
B4GALNT2	4	1.4351e-01	6.2111e-02	0.436446	0
SCGN	4	1.4356e-01	6.2111e-02	0.436446	0
PBRM1	4	1.4361e-01	6.2111e-02	0.436446	0
PBX2	4	1.4365e-01	6.2111e-02	0.436446	0
SLC15A1	4	1.4370e-01	6.2111e-02	0.436446	0
TSSK3	4	1.4374e-01	6.2111e-02	0.436446	0
TMCC3	4	1.4379e-01	6.2111e-02	0.436446	0
GJB3	4	1.4384e-01	6.2111e-02	0.436446	0
TMEM59L	4	1.4388e-01	6.2111e-02	0.436446	0
YAP1	4	1.4393e-01	6.2111e-02	0.436446	0
STX11	4	1.4398e-01	6.2111e-02	0.436446	0
FAM200B	4	1.4402e-01	6.2111e-02	0.436446	0
TAAR6	4	1.4407e-01	6.2111e-02	0.436446	0
KLHL38	4	1.4411e-01	6.2111e-02	0.436446	0
FBXO8	4	1.4416e-01	6.2111e-02	0.436446	0
PAGR1	4	1.4421e-01	6.2111e-02	0.436446	0
SCLY	4	1.4425e-01	6.2111e-02	0.436446	0
ADH1C	4	1.4430e-01	6.2111e-02	0.436446	0
C10orf95	4	1.4434e-01	6.2111e-02	0.436446	0
LPL	4	1.4444e-01	6.2111e-02	0.436446	0
UBE2D2	4	1.4448e-01	6.2111e-02	0.436446	0
CSNK1G3	4	1.4453e-01	6.2111e-02	0.436446	0
CLDN23	4	1.4457e-01	6.2111e-02	0.436446	0
TRIM6	4	1.4467e-01	6.2111e-02	0.436446	0
ARFGAP2	4	1.4471e-01	6.2111e-02	0.436446	0
SCARA5	4	1.4476e-01	6.2111e-02	0.436446	0
FAM8A1	4	1.4480e-01	6.2111e-02	0.436446	0
ZBTB49	4	1.4485e-01	6.2111e-02	0.436446	0
DOPEY2	4	1.4490e-01	6.2111e-02	0.436446	0
C18orf65	4	1.4494e-01	6.2111e-02	0.436446	0
BTG4	4	1.4499e-01	6.2111e-02	0.436446	0
TUBA4A	4	1.4503e-01	6.2111e-02	0.436446	0
PLD4	4	1.4508e-01	6.2111e-02	0.436446	0
GLT8D2	4	1.4513e-01	6.2111e-02	0.436446	0
EFCAB6	4	1.4517e-01	6.2111e-02	0.436446	0
PLBD2	4	1.4522e-01	6.2111e-02	0.436446	0
PKD2L1	4	1.4526e-01	6.2111e-02	0.436446	0
FAM9A	4	1.4531e-01	6.2111e-02	0.436446	0
ZBTB16	4	1.4536e-01	6.2111e-02	0.436446	0
ENG	4	1.4545e-01	6.2111e-02	0.436446	0
NLRC3	4	1.4559e-01	6.2111e-02	0.436446	0
PSPN	4	1.4563e-01	6.2111e-02	0.436446	0
KRTAP6-2	4	1.4568e-01	6.2111e-02	0.436446	0
SMIM1	4	1.4573e-01	6.2111e-02	0.436446	0
SLC25A41	4	1.4577e-01	6.2111e-02	0.436446	0
DUSP4	4	1.4582e-01	6.2111e-02	0.436446	0
CX3CL1	4	1.4586e-01	6.2111e-02	0.436446	0
PCDHB16	4	1.4591e-01	6.2111e-02	0.436446	0
DISC1	4	1.4596e-01	6.2111e-02	0.436446	0
TNFSF13B	4	1.4600e-01	6.2111e-02	0.436446	0
SEC61B	4	1.4605e-01	6.2111e-02	0.436446	0
NYAP2	4	1.4609e-01	6.2111e-02	0.436446	0
UCHL1	4	1.4614e-01	6.2111e-02	0.436446	0
GOLGA8A	4	1.4619e-01	6.2111e-02	0.436446	0
GTF2I	4	1.4623e-01	6.2111e-02	0.436446	0
PPME1	4	1.4628e-01	6.2111e-02	0.436446	0
LPCAT1	4	1.4632e-01	6.2111e-02	0.436446	0
ISYNA1	4	1.4637e-01	6.2111e-02	0.436446	0
PLSCR3	4	1.4642e-01	6.2111e-02	0.436446	0
SEMA6B	4	1.4646e-01	6.2111e-02	0.436446	0
FECH	4	1.4655e-01	6.2111e-02	0.436446	0
RBBP6	4	1.4660e-01	6.2111e-02	0.436446	0
LIMS2	4	1.4664e-01	6.2111e-02	0.436446	0
ZNF280A	4	1.4669e-01	6.2111e-02	0.436446	0
ADCY9	4	1.4674e-01	6.2111e-02	0.436446	0
ZNF620	4	1.4678e-01	6.2111e-02	0.436446	0
GRAP	4	1.4687e-01	6.2111e-02	0.436446	0
PDK4	4	1.4692e-01	6.2111e-02	0.436446	0
MYLK2	4	1.4697e-01	6.2111e-02	0.436446	0
ZNF529	4	1.4701e-01	6.2111e-02	0.436446	0
TTC39B	4	1.4706e-01	6.2111e-02	0.436446	0
LOXHD1	4	1.4715e-01	6.2111e-02	0.436446	0
FUZ	4	1.4724e-01	6.2111e-02	0.436446	0
TMEM219	4	1.4729e-01	6.2111e-02	0.436446	0
OR2K2	4	1.4733e-01	6.2111e-02	0.436446	0
STX16	4	1.4738e-01	6.2111e-02	0.436446	0
YWHAH	4	1.4743e-01	6.2111e-02	0.436446	0
UNK	4	1.4747e-01	6.2111e-02	0.436446	0
NPTX2	4	1.4752e-01	6.2111e-02	0.436446	0
CDK5RAP3	4	1.4761e-01	6.2111e-02	0.436446	0
BMP5	4	1.4766e-01	6.2111e-02	0.436446	0
ZFP82	4	1.4775e-01	6.2111e-02	0.436446	0
PCCB	4	1.4779e-01	6.2111e-02	0.436446	0
OR5M8	4	1.4784e-01	6.2111e-02	0.436446	0
IQGAP2	4	1.4789e-01	6.2111e-02	0.436446	0
AP1B1	4	1.4793e-01	6.2111e-02	0.436446	0
ZNF513	4	1.4798e-01	6.2111e-02	0.436446	0
FAM46A	4	1.4802e-01	6.2111e-02	0.436446	0
MYO10	4	1.4807e-01	6.2111e-02	0.436446	0
LCE1F	4	1.4816e-01	6.2111e-02	0.436446	0
LOC100130370	4	1.4830e-01	6.2111e-02	0.436446	0
OR51V1	4	1.4834e-01	6.2111e-02	0.436446	0
CTH	4	1.4839e-01	6.2111e-02	0.436446	0
AGBL4	4	1.4844e-01	6.2111e-02	0.436446	0
SUSD6	4	1.4848e-01	6.2111e-02	0.436446	0
OMD	4	1.4857e-01	6.2111e-02	0.436446	0
C6orf25	4	1.4862e-01	6.2111e-02	0.436446	0
LRBA	4	1.4867e-01	6.2111e-02	0.436446	0
C1QL2	4	1.4871e-01	6.2111e-02	0.436446	0
ARMT1	4	1.4876e-01	6.2111e-02	0.436446	0
ARHGAP21	4	1.4880e-01	6.2111e-02	0.436446	0
TMEM170B	4	1.4885e-01	6.2111e-02	0.436446	0
CTGF	4	1.4890e-01	6.2111e-02	0.436446	0
CHKA	4	1.4894e-01	6.2111e-02	0.436446	0
RAD18	4	1.4903e-01	6.2111e-02	0.436446	0
FBXO28	4	1.4908e-01	6.2111e-02	0.436446	0
ALDH1L2	4	1.4912e-01	6.2111e-02	0.436446	0
HYI	4	1.4917e-01	6.2111e-02	0.436446	0
PLCL2	4	1.4922e-01	6.2111e-02	0.436446	0
ALDH7A1	4	1.4926e-01	6.2111e-02	0.436446	0
TAPBP	4	1.4931e-01	6.2111e-02	0.436446	0
MAN2A2	4	1.4935e-01	6.2111e-02	0.436446	0
OTOP2	4	1.4940e-01	6.2111e-02	0.436446	0
TGIF2LY	4	1.4945e-01	6.2111e-02	0.436446	0
SEC24B	4	1.4954e-01	6.5921e-02	0.459674	0
MARK4	4	1.4958e-01	6.5921e-02	0.459674	0
PTK2B	4	1.4963e-01	6.5921e-02	0.459674	0
UMOD	4	1.4968e-01	6.5921e-02	0.459674	0
TPST2	4	1.4972e-01	6.5921e-02	0.459674	0
RHOXF1	4	1.4977e-01	6.5921e-02	0.459674	0
OMP	4	1.4981e-01	6.5921e-02	0.459674	0
IFT140	4	1.4990e-01	6.5921e-02	0.459674	0
RPS6KL1	4	1.4995e-01	6.5921e-02	0.459674	0
PI3	4	1.5000e-01	6.5921e-02	0.459674	0
PLA2G2A	4	1.5009e-01	6.5922e-02	0.459674	0
MYH2	4	1.5013e-01	6.5922e-02	0.459674	0
MAF1	4	1.5018e-01	6.5922e-02	0.459674	0
BHLHE40	4	1.5023e-01	6.5922e-02	0.459674	0
UTP18	4	1.5032e-01	6.5922e-02	0.459674	0
PKNOX2	4	1.5036e-01	6.5922e-02	0.459674	0
GDNF-AS1	4	1.5041e-01	6.5922e-02	0.459674	0
TBC1D1	4	1.5045e-01	6.5922e-02	0.459674	0
ADAMTS2	4	1.5050e-01	6.5922e-02	0.459674	0
HIST1H2BO	4	1.5055e-01	6.5922e-02	0.459674	0
SDCCAG8	4	1.5059e-01	6.5922e-02	0.459674	0
AIFM2	4	1.5073e-01	6.9639e-02	0.463445	0
SPOPL	4	1.5082e-01	6.9639e-02	0.463445	0
C9orf41	4	1.5087e-01	6.9639e-02	0.463445	0
PCDHA13	4	1.5091e-01	6.9639e-02	0.463445	0
PRDM7	4	1.5096e-01	6.9639e-02	0.463445	0
OVCH2	4	1.5100e-01	6.9639e-02	0.463445	0
SAXO2	4	1.5105e-01	6.9639e-02	0.463445	0
DDX39B	4	1.5110e-01	6.9639e-02	0.463445	0
AXIN1	4	1.5114e-01	6.9639e-02	0.463445	0
SLCO1B3	4	1.5119e-01	6.9639e-02	0.463445	0
CTBP2	4	1.5123e-01	6.9639e-02	0.463445	0
FCGR3B	4	1.5128e-01	6.9639e-02	0.463445	0
ANXA2	4	1.5132e-01	6.9639e-02	0.463445	0
DDX3X	4	1.5137e-01	6.9639e-02	0.463445	0
MAK	4	1.5142e-01	6.9639e-02	0.463445	0
RXFP2	4	1.5146e-01	6.9639e-02	0.463445	0
CNTNAP4	4	1.5151e-01	6.9639e-02	0.463445	0
DNMBP	4	1.5155e-01	6.9639e-02	0.463445	0
PDLIM3	4	1.5165e-01	6.9639e-02	0.463445	0
ACACB	4	1.5169e-01	6.9639e-02	0.463445	0
WDR54	4	1.5178e-01	6.9639e-02	0.463445	0
BEX1	4	1.5183e-01	6.9639e-02	0.463445	0
OR7G3	4	1.5187e-01	6.9639e-02	0.463445	0
PPIL3	4	1.5192e-01	6.9639e-02	0.463445	0
PVRL1	4	1.5201e-01	6.9639e-02	0.463445	0
DHRS1	4	1.5206e-01	6.9639e-02	0.463445	0
DIO2	4	1.5210e-01	6.9639e-02	0.463445	0
BTN1A1	4	1.5215e-01	6.9639e-02	0.463445	0
ZNF254	4	1.5224e-01	6.9639e-02	0.463445	0
ZNF718	4	1.5229e-01	6.9639e-02	0.463445	0
ORM2	4	1.5233e-01	6.9639e-02	0.463445	0
PGAM2	4	1.5238e-01	6.9639e-02	0.463445	0
FAM83F	4	1.5242e-01	6.9639e-02	0.463445	0
KEAP1	4	1.5251e-01	6.9639e-02	0.463445	0
PCBD1	4	1.5256e-01	6.9639e-02	0.463445	0
TMEM65	4	1.5261e-01	6.9639e-02	0.463445	0
SFMBT2	4	1.5270e-01	6.9639e-02	0.463445	0
DEFB4B	4	1.5274e-01	6.9639e-02	0.463445	0
GRAMD1A	4	1.5279e-01	6.9639e-02	0.463445	0
MARCHF8	4	1.5283e-01	6.9639e-02	0.463445	0
COPRS	4	1.5293e-01	6.9639e-02	0.463445	0
SSTR2	4	1.5297e-01	6.9639e-02	0.463445	0
FBLN7	4	1.5306e-01	6.9639e-02	0.463445	0
CXorf66	4	1.5311e-01	6.9639e-02	0.463445	0
C7orf65	4	1.5315e-01	6.9639e-02	0.463445	0
KIR2DL3	4	1.5320e-01	6.9639e-02	0.463445	0
FAR1	4	1.5325e-01	6.9639e-02	0.463445	0
HCLS1	4	1.5329e-01	6.9639e-02	0.463445	0
WNT11	4	1.5334e-01	6.9639e-02	0.463445	0
LGALS16	4	1.5338e-01	6.9639e-02	0.463445	0
NMNAT3	4	1.5343e-01	6.9639e-02	0.463445	0
DUSP1	4	1.5347e-01	6.9639e-02	0.463445	0
TNFAIP8L1	4	1.5352e-01	6.9639e-02	0.463445	0
CYP2C19	4	1.5361e-01	6.9639e-02	0.463445	0
BIRC8	4	1.5366e-01	6.9639e-02	0.463445	0
PICALM	4	1.5370e-01	6.9639e-02	0.463445	0
DSN1	4	1.5375e-01	6.9639e-02	0.463445	0
PTPRU	4	1.5379e-01	6.9639e-02	0.463445	0
CLUL1	4	1.5384e-01	6.9639e-02	0.463445	0
UBD	4	1.5389e-01	6.9639e-02	0.463445	0
SDC4	4	1.5393e-01	6.9639e-02	0.463445	0
GJA10	4	1.5398e-01	6.9639e-02	0.463445	0
C19orf73	4	1.5402e-01	6.9639e-02	0.463445	0
BEND7	4	1.5407e-01	6.9639e-02	0.463445	0
DEFB116	4	1.5411e-01	6.9639e-02	0.463445	0
OTP	4	1.5416e-01	6.9639e-02	0.463445	0
ADD2	4	1.5421e-01	6.9639e-02	0.463445	0
CT47A3	4	1.5425e-01	6.9639e-02	0.463445	0
PIK3IP1	4	1.5430e-01	6.9639e-02	0.463445	0
ZFAND5	4	1.5434e-01	6.9639e-02	0.463445	0
FATE1	4	1.5439e-01	6.9639e-02	0.463445	0
SAR1B	4	1.5443e-01	6.9639e-02	0.463445	0
OR52R1	4	1.5448e-01	6.9639e-02	0.463445	0
TCP11L2	4	1.5453e-01	6.9639e-02	0.463445	0
KDM3B	4	1.5457e-01	6.9639e-02	0.463445	0
NUTM2A	4	1.5462e-01	6.9639e-02	0.463445	0
STOM	4	1.5466e-01	6.9639e-02	0.463445	0
MAP1A	4	1.5471e-01	6.9639e-02	0.463445	0
ZSCAN12	4	1.5475e-01	6.9639e-02	0.463445	0
DGKD	4	1.5480e-01	6.9639e-02	0.463445	0
CRB1	4	1.5484e-01	6.9639e-02	0.463445	0
PROS1	4	1.5489e-01	6.9639e-02	0.463445	0
HRASLS	4	1.5498e-01	6.9639e-02	0.463445	0
HNRNPCL1	4	1.5503e-01	6.9639e-02	0.463445	0
E2F7	4	1.5507e-01	6.9639e-02	0.463445	0
SLFN11	4	1.5516e-01	6.9639e-02	0.463445	0
FBXL19	4	1.5526e-01	6.9639e-02	0.463445	0
LOR	4	1.5530e-01	6.9639e-02	0.463445	0
LRP5L	4	1.5535e-01	6.9639e-02	0.463445	0
BTBD11	4	1.5544e-01	6.9639e-02	0.463445	0
THRSP	4	1.5548e-01	6.9639e-02	0.463445	0
RSAD2	4	1.5553e-01	6.9639e-02	0.463445	0
UNKL	4	1.5558e-01	6.9639e-02	0.463445	0
LGALS4	4	1.5562e-01	6.9639e-02	0.463445	0
MIB1	4	1.5567e-01	6.9639e-02	0.463445	0
AZIN2	4	1.5571e-01	6.9639e-02	0.463445	0
MSMB	4	1.5576e-01	6.9639e-02	0.463445	0
GJA5	4	1.5580e-01	6.9639e-02	0.463445	0
PTCH2	4	1.5585e-01	6.9639e-02	0.463445	0
CEP250	4	1.5589e-01	6.9639e-02	0.463445	0
ANKRD44	4	1.5594e-01	6.9639e-02	0.463445	0
KIF9	4	1.5599e-01	6.9639e-02	0.463445	0
EIF1AD	4	1.5608e-01	6.9639e-02	0.463445	0
KRTAP2-2	4	1.5617e-01	6.9639e-02	0.463445	0
CHRAC1	4	1.5621e-01	6.9639e-02	0.463445	0
CRISP2	4	1.5626e-01	6.9639e-02	0.463445	0
NKX6-1	4	1.5630e-01	6.9639e-02	0.463445	0
FLRT2	4	1.5635e-01	6.9639e-02	0.463445	0
BBS10	4	1.5640e-01	6.9639e-02	0.463445	0
TNFRSF21	4	1.5644e-01	6.9639e-02	0.463445	0
CNOT6	4	1.5649e-01	6.9639e-02	0.463445	0
PLCG2	4	1.5653e-01	6.9639e-02	0.463445	0
PAIP1	4	1.5658e-01	6.9639e-02	0.463445	0
CREB3L1	4	1.5662e-01	6.9639e-02	0.463445	0
SEC14L4	4	1.5676e-01	6.9639e-02	0.463445	0
SLC30A1	4	1.5681e-01	6.9639e-02	0.463445	0
SLC27A5	4	1.5685e-01	6.9639e-02	0.463445	0
SLC6A13	4	1.5690e-01	6.9639e-02	0.463445	0
TMEM86A	4	1.5694e-01	6.9639e-02	0.463445	0
G6PC2	4	1.5699e-01	6.9639e-02	0.463445	0
TREX1	4	1.5703e-01	6.9639e-02	0.463445	0
TMEM194A	4	1.5708e-01	6.9639e-02	0.463445	0
GABRP	4	1.5712e-01	6.9639e-02	0.463445	0
DLG5	4	1.5717e-01	6.9639e-02	0.463445	0
NYX	4	1.5726e-01	6.9639e-02	0.463445	0
KRT5	3	1.5730e-01	1.0160e-01	0.577600	0
LRRC58	4	1.5749e-01	6.9639e-02	0.463445	0
PCSK7	4	1.5753e-01	6.9639e-02	0.463445	0
SLCO2B1	4	1.5758e-01	6.9639e-02	0.463445	0
TET1	4	1.5763e-01	6.9639e-02	0.463445	0
JARID2	4	1.5767e-01	6.9639e-02	0.463445	0
LIM2	4	1.5776e-01	6.9639e-02	0.463445	0
AHNAK	4	1.5785e-01	7.3463e-02	0.479383	0
POGZ	4	1.5790e-01	7.3463e-02	0.479383	0
PDF	4	1.5799e-01	7.3463e-02	0.479383	0
MPZL2	4	1.5804e-01	7.3463e-02	0.479383	0
OR5T2	4	1.5813e-01	7.3463e-02	0.479383	0
GRM8	4	1.5817e-01	7.3463e-02	0.479383	0
STYK1	4	1.5822e-01	7.3463e-02	0.479383	0
ABCD3	4	1.5831e-01	7.3463e-02	0.479383	0
MPP2	4	1.5835e-01	7.3463e-02	0.479383	0
C10orf62	4	1.5840e-01	7.3463e-02	0.479383	0
LIN28B	4	1.5845e-01	7.3463e-02	0.479383	0
NMBR	4	1.5849e-01	7.3463e-02	0.479383	0
RASD2	4	1.5854e-01	7.3463e-02	0.479383	0
EGR4	4	1.5858e-01	7.3463e-02	0.479383	0
DNAH12	4	1.5863e-01	7.3463e-02	0.479383	0
TNFSF11	4	1.5867e-01	7.3463e-02	0.479383	0
KIF2B	4	1.5872e-01	7.3463e-02	0.479383	0
OR5B3	4	1.5876e-01	7.3463e-02	0.479383	0
FAM83E	4	1.5885e-01	7.3463e-02	0.479383	0
DNAJA2	4	1.5895e-01	7.3463e-02	0.479383	0
TICAM1	4	1.5899e-01	7.3463e-02	0.479383	0
AQP4	4	1.5904e-01	7.3463e-02	0.479383	0
TMPRSS7	4	1.5908e-01	7.3463e-02	0.479383	0
KRTAP13-4	4	1.5913e-01	7.3463e-02	0.479383	0
STK32A	4	1.5917e-01	7.3463e-02	0.479383	0
TTC33	4	1.5922e-01	7.3463e-02	0.479383	0
GRN	4	1.5926e-01	7.3463e-02	0.479383	0
CCDC34	4	1.5931e-01	7.3463e-02	0.479383	0
SLC30A2	4	1.5935e-01	7.3463e-02	0.479383	0
MUC5AC	4	1.5949e-01	7.3464e-02	0.479383	0
CD99	4	1.5958e-01	7.3464e-02	0.479383	0
DSP	4	1.5963e-01	7.3464e-02	0.479383	0
GPC5	4	1.5967e-01	7.3464e-02	0.479383	0
ITGA2B	4	1.5976e-01	7.3464e-02	0.479383	0
FAM205A	4	1.5981e-01	7.3464e-02	0.479383	0
GZMM	4	1.5985e-01	7.3464e-02	0.479383	0
HIF1A	4	1.5990e-01	7.3464e-02	0.479383	0
PTPN14	4	1.5995e-01	7.3464e-02	0.479383	0
PHC2	3	1.5997e-01	1.1277e-01	0.620050	0
C20orf96	4	1.5999e-01	7.3464e-02	0.479383	0
SERINC3	4	1.6004e-01	7.3464e-02	0.479383	0
C19orf60	4	1.6017e-01	7.3464e-02	0.479383	0
ZKSCAN4	4	1.6022e-01	7.3464e-02	0.479383	0
TMEM151A	4	1.6026e-01	7.3464e-02	0.479383	0
CORO2A	4	1.6031e-01	7.3464e-02	0.479383	0
SLC15A3	4	1.6035e-01	7.3464e-02	0.479383	0
INPP5D	4	1.6040e-01	7.3464e-02	0.479383	0
GRIFIN	4	1.6045e-01	7.3464e-02	0.479383	0
TMEM206	4	1.6049e-01	7.3464e-02	0.479383	0
KLC4	4	1.6054e-01	7.3464e-02	0.479383	0
KCNC3	4	1.6063e-01	7.3464e-02	0.479383	0
ZNF69	4	1.6067e-01	7.3464e-02	0.479383	0
C1orf137	4	1.6076e-01	7.3464e-02	0.479383	0
C5orf38	4	1.6081e-01	7.3464e-02	0.479383	0
TICAM2	4	1.6085e-01	7.3464e-02	0.479383	0
C2orf69	4	1.6090e-01	7.3464e-02	0.479383	0
TNFRSF10B	4	1.6094e-01	7.3464e-02	0.479383	0
HES3	4	1.6104e-01	7.7232e-02	0.494189	0
KRTAP10-11	4	1.6108e-01	7.7232e-02	0.494189	0
NUDT10	4	1.6113e-01	7.7232e-02	0.494189	0
KLHL2	4	1.6122e-01	7.7232e-02	0.494189	0
GPR176	4	1.6126e-01	7.7232e-02	0.494189	0
TMEM185A	4	1.6135e-01	7.7232e-02	0.494189	0
LEP	4	1.6140e-01	7.7232e-02	0.494189	0
BRCC3	4	1.6144e-01	7.7232e-02	0.494189	0
APMAP	4	1.6149e-01	7.7232e-02	0.494189	0
RTP5	4	1.6153e-01	7.7232e-02	0.494189	0
VAPB	4	1.6158e-01	7.7232e-02	0.494189	0
FAM124B	4	1.6163e-01	7.7232e-02	0.494189	0
BBX	4	1.6167e-01	7.7232e-02	0.494189	0
RBM15B	4	1.6172e-01	7.7232e-02	0.494189	0
SUPT20HL1	4	1.6176e-01	7.7232e-02	0.494189	0
TMEM56	4	1.6181e-01	7.7232e-02	0.494189	0
MAT2B	4	1.6185e-01	7.7232e-02	0.494189	0
SLC25A28	4	1.6194e-01	7.7232e-02	0.494189	0
RELN	4	1.6199e-01	7.7232e-02	0.494189	0
KHDC1L	4	1.6203e-01	7.7232e-02	0.494189	0
KCNQ4	4	1.6208e-01	7.7232e-02	0.494189	0
C17orf98	4	1.6212e-01	7.7232e-02	0.494189	0
HSD17B13	4	1.6217e-01	7.7232e-02	0.494189	0
SIPA1	4	1.6222e-01	7.7232e-02	0.494189	0
GFOD1	4	1.6226e-01	7.7232e-02	0.494189	0
RIN2	4	1.6231e-01	7.7232e-02	0.494189	0
AKIP1	4	1.6235e-01	7.7232e-02	0.494189	0
CLDN15	4	1.6240e-01	7.7232e-02	0.494189	0
LNPEP	4	1.6244e-01	7.7232e-02	0.494189	0
LRRCC1	4	1.6249e-01	7.7232e-02	0.494189	0
ZSCAN5B	4	1.6253e-01	7.7232e-02	0.494189	0
ZCCHC11	4	1.6258e-01	7.7232e-02	0.494189	0
SLC1A7	4	1.6267e-01	7.7232e-02	0.494189	0
MYO6	4	1.6271e-01	7.7232e-02	0.494189	0
PDE1C	4	1.6276e-01	7.7232e-02	0.494189	0
IFI44	4	1.6280e-01	7.7232e-02	0.494189	0
MAP3K4	4	1.6285e-01	7.7232e-02	0.494189	0
PRDM6	4	1.6290e-01	7.7232e-02	0.494189	0
OR10C1	4	1.6299e-01	7.7232e-02	0.494189	0
PBLD	4	1.6303e-01	7.7232e-02	0.494189	0
PRPSAP2	4	1.6308e-01	7.7232e-02	0.494189	0
RCN2	4	1.6312e-01	7.7232e-02	0.494189	0
FKBP6	4	1.6317e-01	7.7232e-02	0.494189	0
LOXL3	4	1.6326e-01	7.7232e-02	0.494189	0
AKAP5	4	1.6330e-01	7.7232e-02	0.494189	0
PNMT	4	1.6339e-01	7.7232e-02	0.494189	0
FAM126B	4	1.6344e-01	7.7232e-02	0.494189	0
SOX13	4	1.6353e-01	7.7232e-02	0.494189	0
STEAP4	4	1.6357e-01	7.7232e-02	0.494189	0
HTR3C	4	1.6367e-01	7.7232e-02	0.494189	0
POU2F2	4	1.6371e-01	7.7232e-02	0.494189	0
STX1A	4	1.6378e-01	7.7232e-02	0.494189	0
RBM11	4	1.6385e-01	7.7232e-02	0.494189	0
CEMP1	4	1.6389e-01	7.7232e-02	0.494189	0
ATG4B	4	1.6394e-01	7.7232e-02	0.494189	0
LGALS13	4	1.6398e-01	7.7232e-02	0.494189	0
MROH2B	4	1.6403e-01	7.7232e-02	0.494189	0
C1orf101	4	1.6412e-01	8.1030e-02	0.499590	0
EPHA3	4	1.6416e-01	8.1030e-02	0.499590	0
CSF1	4	1.6421e-01	8.1030e-02	0.499590	0
FRZB	4	1.6425e-01	8.1030e-02	0.499590	0
ZNF160	4	1.6434e-01	8.1030e-02	0.499590	0
CD55	4	1.6439e-01	8.1030e-02	0.499590	0
FANCD2OS	4	1.6443e-01	8.1030e-02	0.499590	0
TCHH	4	1.6448e-01	8.1030e-02	0.499590	0
EFCAB3	4	1.6453e-01	8.1030e-02	0.499590	0
DENND5A	4	1.6457e-01	8.1030e-02	0.499590	0
FLVCR2	4	1.6462e-01	8.1030e-02	0.499590	0
CYP4F12	4	1.6466e-01	8.1030e-02	0.499590	0
SPACA4	4	1.6471e-01	8.1030e-02	0.499590	0
IFI27L2	4	1.6484e-01	8.1030e-02	0.499590	0
SCP2D1	4	1.6489e-01	8.1030e-02	0.499590	0
RGS4	4	1.6493e-01	8.1030e-02	0.499590	0
GIMAP5	4	1.6498e-01	8.1030e-02	0.499590	0
NADK	4	1.6502e-01	8.1030e-02	0.499590	0
SLC36A4	4	1.6511e-01	8.1030e-02	0.499590	0
FAM169A	4	1.6516e-01	8.1030e-02	0.499590	0
DYTN	4	1.6520e-01	8.1030e-02	0.499590	0
VWA3B	4	1.6525e-01	8.1030e-02	0.499590	0
CATSPER2	4	1.6529e-01	8.1030e-02	0.499590	0
HIST3H2A	4	1.6534e-01	8.1030e-02	0.499590	0
PPP3CC	4	1.6538e-01	8.1030e-02	0.499590	0
IGSF9B	4	1.6543e-01	8.1030e-02	0.499590	0
IL6	4	1.6548e-01	8.1030e-02	0.499590	0
INPP5J	4	1.6552e-01	8.1030e-02	0.499590	0
C3orf33	4	1.6557e-01	8.1030e-02	0.499590	0
TTC30A	4	1.6561e-01	8.1030e-02	0.499590	0
ZASP	4	1.6566e-01	8.1030e-02	0.499590	0
NMUR1	4	1.6570e-01	8.1030e-02	0.499590	0
KIF15	4	1.6575e-01	8.1030e-02	0.499590	0
ADGRF2	4	1.6579e-01	8.1030e-02	0.499590	0
LOC81691	4	1.6584e-01	8.1030e-02	0.499590	0
CPEB2	4	1.6588e-01	8.1030e-02	0.499590	0
CDT1	4	1.6593e-01	8.1030e-02	0.499590	0
SAYSD1	4	1.6597e-01	8.1030e-02	0.499590	0
SHARPIN	4	1.6606e-01	8.1030e-02	0.499590	0
TOB1	4	1.6611e-01	8.1030e-02	0.499590	0
THUMPD3	4	1.6615e-01	8.1030e-02	0.499590	0
FIGF	4	1.6620e-01	8.1030e-02	0.499590	0
DBNDD2	4	1.6624e-01	8.1030e-02	0.499590	0
ZNF565	4	1.6629e-01	8.1030e-02	0.499590	0
TNPO1	4	1.6633e-01	8.1030e-02	0.499590	0
RP2	4	1.6638e-01	8.1030e-02	0.499590	0
PYDC1	4	1.6660e-01	8.1030e-02	0.499590	0
C11orf49	4	1.6665e-01	8.1030e-02	0.499590	0
MON1B	4	1.6670e-01	8.1030e-02	0.499590	0
CASP9	4	1.6674e-01	8.1030e-02	0.499590	0
STEAP2	4	1.6679e-01	8.1030e-02	0.499590	0
CDK18	4	1.6683e-01	8.1030e-02	0.499590	0
TCAP	4	1.6688e-01	8.1030e-02	0.499590	0
SH2D4B	4	1.6692e-01	8.1030e-02	0.499590	0
UNC5A	4	1.6701e-01	8.1030e-02	0.499590	0
ABHD17C	4	1.6706e-01	8.1030e-02	0.499590	0
C4BPB	4	1.6710e-01	8.1030e-02	0.499590	0
SKA3	4	1.6724e-01	8.1030e-02	0.499590	0
WI2-2373I1.2	4	1.6728e-01	8.1030e-02	0.499590	0
RANBP17	4	1.6733e-01	8.1030e-02	0.499590	0
ADCY8	4	1.6737e-01	8.1030e-02	0.499590	0
C19orf35	4	1.6746e-01	8.1030e-02	0.499590	0
TRPC4	4	1.6751e-01	8.1030e-02	0.499590	0
CAND1	4	1.6755e-01	8.1030e-02	0.499590	0
SAMHD1	4	1.6764e-01	8.1030e-02	0.499590	0
HSPB8	4	1.6769e-01	8.1030e-02	0.499590	0
BSPH1	4	1.6778e-01	8.1030e-02	0.499590	0
HS1BP3	4	1.6782e-01	8.1030e-02	0.499590	0
OR14I1	4	1.6787e-01	8.1030e-02	0.499590	0
ATP1A3	4	1.6791e-01	8.1030e-02	0.499590	0
C14orf169	4	1.6796e-01	8.1030e-02	0.499590	0
FPR1	4	1.6800e-01	8.1030e-02	0.499590	0
CARF	4	1.6805e-01	8.1030e-02	0.499590	0
ABCC5	4	1.6809e-01	8.1030e-02	0.499590	0
C9orf153	4	1.6814e-01	8.1030e-02	0.499590	0
RAVER1	4	1.6818e-01	8.1030e-02	0.499590	0
TEX28	4	1.6823e-01	8.1030e-02	0.499590	0
ANKS6	4	1.6827e-01	8.1030e-02	0.499590	0
NDUFAF5	4	1.6832e-01	8.1030e-02	0.499590	0
KIAA0556	4	1.6837e-01	8.1030e-02	0.499590	0
TOR2A	4	1.6841e-01	8.1030e-02	0.499590	0
LYNX1	4	1.6846e-01	8.1030e-02	0.499590	0
B4GALT1	4	1.6855e-01	8.1030e-02	0.499590	0
IFRD1	4	1.6859e-01	8.1030e-02	0.499590	0
BCAN	4	1.6864e-01	8.1030e-02	0.499590	0
SETD2	4	1.6868e-01	8.1030e-02	0.499590	0
NREP	4	1.6873e-01	8.1030e-02	0.499590	0
FILIP1	4	1.6882e-01	8.1030e-02	0.499590	0
KIFAP3	4	1.6886e-01	8.1030e-02	0.499590	0
SLC34A1	4	1.6891e-01	8.1030e-02	0.499590	0
FAHD1	4	1.6895e-01	8.1030e-02	0.499590	0
ZNF781	4	1.6900e-01	8.1030e-02	0.499590	0
DCLRE1A	4	1.6904e-01	8.1030e-02	0.499590	0
FAM110B	4	1.6909e-01	8.1030e-02	0.499590	0
ZNF705A	4	1.6913e-01	8.1030e-02	0.499590	0
NDC80	4	1.6918e-01	8.1030e-02	0.499590	0
RAX2	4	1.6931e-01	8.1030e-02	0.499590	0
LHX9	4	1.6936e-01	8.1030e-02	0.499590	0
DDHD1	4	1.6940e-01	8.1030e-02	0.499590	0
SPATA31A6	4	1.6945e-01	8.1030e-02	0.499590	0
MFSD7	4	1.6954e-01	8.1030e-02	0.499590	0
PRSS21	4	1.6958e-01	8.1030e-02	0.499590	0
SH3TC1	4	1.6963e-01	8.1030e-02	0.499590	0
GUCA1A	4	1.6967e-01	8.1030e-02	0.499590	0
GCC2	4	1.6972e-01	8.1030e-02	0.499590	0
UBTFL1	4	1.6976e-01	8.1030e-02	0.499590	0
SLC8B1	4	1.6981e-01	8.1030e-02	0.499590	0
QSOX2	4	1.6985e-01	8.1030e-02	0.499590	0
RTP4	4	1.6990e-01	8.1030e-02	0.499590	0
DDX31	4	1.7003e-01	8.1030e-02	0.499590	0
PPP1R14D	4	1.7008e-01	8.1030e-02	0.499590	0
CCHCR1	4	1.7012e-01	8.1030e-02	0.499590	0
KLF9	4	1.7017e-01	8.1030e-02	0.499590	0
CCNG2	4	1.7026e-01	8.4776e-02	0.513254	0
CAMKV	4	1.7035e-01	8.4776e-02	0.513254	0
FNDC7	4	1.7039e-01	8.4776e-02	0.513254	0
CCPG1	4	1.7044e-01	8.4776e-02	0.513254	0
B3GALT1	4	1.7053e-01	8.4776e-02	0.513254	0
LSM14B	4	1.7057e-01	8.4776e-02	0.513254	0
GLT6D1	4	1.7062e-01	8.4776e-02	0.513254	0
LDLRAP1	4	1.7066e-01	8.4776e-02	0.513254	0
TTC22	4	1.7071e-01	8.4776e-02	0.513254	0
SFRP4	4	1.7075e-01	8.4776e-02	0.513254	0
AQP8	4	1.7080e-01	8.4776e-02	0.513254	0
IDH3B	4	1.7084e-01	8.4776e-02	0.513254	0
ITPKA	4	1.7089e-01	8.4776e-02	0.513254	0
ST3GAL4	4	1.7093e-01	8.4776e-02	0.513254	0
CFAP46	4	1.7098e-01	8.4776e-02	0.513254	0
APOB	4	1.7102e-01	8.4776e-02	0.513254	0
SNX1	4	1.7107e-01	8.4776e-02	0.513254	0
FAH	4	1.7111e-01	8.4776e-02	0.513254	0
WWC1	4	1.7116e-01	8.4776e-02	0.513254	0
FGG	4	1.7120e-01	8.4776e-02	0.513254	0
ADAMTS20	4	1.7125e-01	8.4776e-02	0.513254	0
LRRC48	4	1.7129e-01	8.4776e-02	0.513254	0
OR2A12	4	1.7134e-01	8.4776e-02	0.513254	0
YWHAB	4	1.7138e-01	8.4776e-02	0.513254	0
ALS2CR12	4	1.7143e-01	8.4776e-02	0.513254	0
BRD4	4	1.7147e-01	8.4776e-02	0.513254	0
OGDH	4	1.7152e-01	8.4776e-02	0.513254	0
SLC23A2	4	1.7156e-01	8.4776e-02	0.513254	0
IKZF3	4	1.7161e-01	8.4776e-02	0.513254	0
PSMB9	4	1.7165e-01	8.4776e-02	0.513254	0
TTC8	4	1.7170e-01	8.4776e-02	0.513254	0
UNC79	4	1.7174e-01	8.4777e-02	0.513254	0
COL4A1	4	1.7179e-01	8.4777e-02	0.513254	0
MRPL39	4	1.7192e-01	8.4777e-02	0.513254	0
KRT27	4	1.7197e-01	8.4777e-02	0.513254	0
EIF4E3	4	1.7201e-01	8.4777e-02	0.513254	0
FAXDC2	3	1.7201e-01	1.3209e-01	0.682875	0
LRRC8D	4	1.7206e-01	8.4777e-02	0.513254	0
DEFB107B	1	1.7207e-01	2.2121e-01	0.906093	0
HIST2H2AA3	4	1.7210e-01	8.4777e-02	0.513254	0
ARAP1	4	1.7215e-01	8.4777e-02	0.513254	0
APOA2	4	1.7219e-01	8.4777e-02	0.513254	0
TUBE1	4	1.7224e-01	8.4777e-02	0.513254	0
TMEM143	4	1.7237e-01	8.4777e-02	0.513254	0
KRTAP2-3	4	1.7242e-01	8.4777e-02	0.513254	0
EIF1B	4	1.7251e-01	8.4777e-02	0.513254	0
SECISBP2	4	1.7255e-01	8.4777e-02	0.513254	0
TMPRSS15	4	1.7260e-01	8.4777e-02	0.513254	0
OR5V1	4	1.7264e-01	8.4777e-02	0.513254	0
RHBDD1	4	1.7269e-01	8.4777e-02	0.513254	0
CEACAM16	4	1.7273e-01	8.4777e-02	0.513254	0
TMEM235	4	1.7282e-01	8.4777e-02	0.513254	0
TP53I13	4	1.7287e-01	8.4777e-02	0.513254	0
KIAA2018	4	1.7291e-01	8.4777e-02	0.513254	0
PLAU	4	1.7296e-01	8.4777e-02	0.513254	0
TRMT2B	4	1.7300e-01	8.4777e-02	0.513254	0
PKD1L1	4	1.7305e-01	8.4777e-02	0.513254	0
RILPL1	4	1.7313e-01	8.4777e-02	0.513254	0
TOMM6	4	1.7318e-01	8.4777e-02	0.513254	0
CNGB3	4	1.7327e-01	8.8489e-02	0.530355	0
PDLIM7	4	1.7331e-01	8.8489e-02	0.530355	0
RHOT2	4	1.7340e-01	8.8489e-02	0.530355	0
CCR4	4	1.7345e-01	8.8489e-02	0.530355	0
CCL14	4	1.7349e-01	8.8489e-02	0.530355	0
EMILIN2	4	1.7354e-01	8.8489e-02	0.530355	0
SOX6	4	1.7358e-01	8.8489e-02	0.530355	0
HSPB9	4	1.7367e-01	8.8489e-02	0.530355	0
EPRS	4	1.7381e-01	8.8489e-02	0.530355	0
MYOD1	4	1.7390e-01	8.8489e-02	0.530355	0
RAI14	4	1.7394e-01	8.8489e-02	0.530355	0
THYN1	4	1.7399e-01	8.8489e-02	0.530355	0
LMOD3	4	1.7408e-01	8.8489e-02	0.530355	0
STARD5	4	1.7412e-01	8.8489e-02	0.530355	0
FLNB	4	1.7417e-01	8.8489e-02	0.530355	0
AAGAB	4	1.7421e-01	8.8489e-02	0.530355	0
ZNF706	4	1.7426e-01	8.8490e-02	0.530355	0
GALNT9	4	1.7430e-01	8.8490e-02	0.530355	0
FOXB1	4	1.7439e-01	8.8490e-02	0.530355	0
PLXNA3	4	1.7444e-01	8.8490e-02	0.530355	0
YWHAE	4	1.7453e-01	8.8490e-02	0.530355	0
TTC39C	4	1.7457e-01	8.8490e-02	0.530355	0
PIP5KL1	4	1.7466e-01	8.8490e-02	0.530355	0
OXT	4	1.7475e-01	8.8490e-02	0.530355	0
LPO	4	1.7480e-01	8.8490e-02	0.530355	0
COL18A1	4	1.7484e-01	8.8490e-02	0.530355	0
PTGR2	4	1.7493e-01	8.8490e-02	0.530355	0
CERS4	4	1.7497e-01	8.8490e-02	0.530355	0
C5AR1	4	1.7502e-01	8.8490e-02	0.530355	0
TMEM64	4	1.7506e-01	8.8490e-02	0.530355	0
PATL1	4	1.7511e-01	8.8490e-02	0.530355	0
DNAJC6	4	1.7515e-01	8.8490e-02	0.530355	0
FZD1	4	1.7538e-01	9.2259e-02	0.535322	0
GRIA3	4	1.7547e-01	9.2259e-02	0.535322	0
AP2A1	4	1.7551e-01	9.2259e-02	0.535322	0
KDM5B	4	1.7556e-01	9.2259e-02	0.535322	0
RASIP1	4	1.7560e-01	9.2259e-02	0.535322	0
SETD1B	4	1.7565e-01	9.2259e-02	0.535322	0
STATH	4	1.7571e-01	9.2259e-02	0.535322	0
IL11	4	1.7571e-01	9.2259e-02	0.535322	0
ULK4	4	1.7578e-01	9.2259e-02	0.535322	0
CHSY3	4	1.7587e-01	9.2259e-02	0.535322	0
IRX6	4	1.7592e-01	9.2259e-02	0.535322	0
ADRB3	4	1.7596e-01	9.2259e-02	0.535322	0
PACRG	4	1.7600e-01	9.2259e-02	0.535322	0
CLEC4D	4	1.7605e-01	9.2259e-02	0.535322	0
POTEE	4	1.7609e-01	9.2259e-02	0.535322	0
GAL3ST2	4	1.7618e-01	9.2259e-02	0.535322	0
SATB2	4	1.7623e-01	9.2259e-02	0.535322	0
TEKT4	4	1.7627e-01	9.2259e-02	0.535322	0
POPDC3	4	1.7634e-01	9.2259e-02	0.535322	0
MST1R	4	1.7634e-01	9.2259e-02	0.535322	0
SOX17	4	1.7641e-01	9.2259e-02	0.535322	0
IL10	4	1.7645e-01	9.2259e-02	0.535322	0
ZC3H12D	4	1.7650e-01	9.2259e-02	0.535322	0
PRLR	4	1.7654e-01	9.2259e-02	0.535322	0
PTPN3	4	1.7659e-01	9.2259e-02	0.535322	0
CNOT8	4	1.7663e-01	9.2259e-02	0.535322	0
TPGS2	4	1.7668e-01	9.2259e-02	0.535322	0
ANPEP	4	1.7672e-01	9.2259e-02	0.535322	0
ELN	4	1.7677e-01	9.2259e-02	0.535322	0
LDLRAD3	4	1.7681e-01	9.2259e-02	0.535322	0
FAM175B	4	1.7686e-01	9.2259e-02	0.535322	0
OR4E2	4	1.7690e-01	9.2259e-02	0.535322	0
ARID5A	4	1.7694e-01	9.2259e-02	0.535322	0
SPECC1	4	1.7703e-01	9.2259e-02	0.535322	0
MYO1F	4	1.7712e-01	9.2259e-02	0.535322	0
C19orf24	4	1.7717e-01	9.2259e-02	0.535322	0
RABGAP1L	4	1.7721e-01	9.2259e-02	0.535322	0
FBXO48	4	1.7726e-01	9.2259e-02	0.535322	0
ZNF77	4	1.7730e-01	9.2259e-02	0.535322	0
MAPK13	4	1.7739e-01	9.2259e-02	0.535322	0
FOXI3	4	1.7744e-01	9.2259e-02	0.535322	0
HDAC5	4	1.7748e-01	9.2259e-02	0.535322	0
JPH1	4	1.7753e-01	9.2259e-02	0.535322	0
MALSU1	4	1.7757e-01	9.2259e-02	0.535322	0
TMEM136	4	1.7762e-01	9.2259e-02	0.535322	0
ZNF677	4	1.7766e-01	9.2259e-02	0.535322	0
ZNF585B	4	1.7771e-01	9.2259e-02	0.535322	0
FAM110D	4	1.7775e-01	9.2259e-02	0.535322	0
MTHFD1	4	1.7779e-01	9.2259e-02	0.535322	0
IQCA1L	4	1.7788e-01	9.2259e-02	0.535322	0
COBL	4	1.7793e-01	9.2259e-02	0.535322	0
QKI	4	1.7797e-01	9.2259e-02	0.535322	0
CAMK4	4	1.7802e-01	9.2259e-02	0.535322	0
SCT	4	1.7806e-01	9.2259e-02	0.535322	0
DMRTA2	4	1.7811e-01	9.2259e-02	0.535322	0
STAT5A	4	1.7815e-01	9.2259e-02	0.535322	0
TSNARE1	4	1.7820e-01	9.2259e-02	0.535322	0
DMWD	4	1.7824e-01	9.2259e-02	0.535322	0
PCGF1	4	1.7829e-01	9.2259e-02	0.535322	0
PHLDA1	4	1.7833e-01	9.2259e-02	0.535322	0
FAM86B1	4	1.7838e-01	9.2259e-02	0.535322	0
NT5M	4	1.7842e-01	9.2259e-02	0.535322	0
EYA2	4	1.7847e-01	9.2259e-02	0.535322	0
GRB7	4	1.7851e-01	9.2259e-02	0.535322	0
SCML1	4	1.7855e-01	9.2259e-02	0.535322	0
USP17L7	4	1.7860e-01	9.2259e-02	0.535322	0
PRDM5	4	1.7869e-01	9.2259e-02	0.535322	0
CA5B	4	1.7873e-01	9.2259e-02	0.535322	0
TRIM46	4	1.7878e-01	9.2259e-02	0.535322	0
SIK2	4	1.7882e-01	9.2259e-02	0.535322	0
BBS2	4	1.7887e-01	9.2259e-02	0.535322	0
BANK1	4	1.7891e-01	9.2259e-02	0.535322	0
PSME1	4	1.7896e-01	9.2259e-02	0.535322	0
MCM3AP	4	1.7900e-01	9.2259e-02	0.535322	0
ZNF441	4	1.7905e-01	9.2259e-02	0.535322	0
ANXA11	4	1.7909e-01	9.2259e-02	0.535322	0
BRD7	4	1.7922e-01	9.2259e-02	0.535322	0
MPEG1	4	1.7927e-01	9.2259e-02	0.535322	0
GBA2	4	1.7931e-01	9.2259e-02	0.535322	0
CLEC2A	4	1.7936e-01	9.2259e-02	0.535322	0
IL1RAPL2	4	1.7940e-01	9.2259e-02	0.535322	0
ZNF865	4	1.7945e-01	9.2259e-02	0.535322	0
AFAP1L2	4	1.7954e-01	9.2259e-02	0.535322	0
P2RY2	4	1.7963e-01	9.2259e-02	0.535322	0
C11orf96	4	1.7972e-01	9.2259e-02	0.535322	0
IFNA2	4	1.7976e-01	9.2259e-02	0.535322	0
CDS1	4	1.7980e-01	9.2259e-02	0.535322	0
ZFYVE28	4	1.7985e-01	9.2259e-02	0.535322	0
THAP10	4	1.7989e-01	9.2259e-02	0.535322	0
EVX1	4	1.7994e-01	9.2259e-02	0.535322	0
CHKB	4	1.8003e-01	9.2259e-02	0.535322	0
KCNJ2	4	1.8007e-01	9.2259e-02	0.535322	0
CA10	4	1.8021e-01	9.2259e-02	0.535322	0
CNNM3	4	1.8025e-01	9.2259e-02	0.535322	0
RSF1	4	1.8030e-01	9.2259e-02	0.535322	0
TMEM80	4	1.8038e-01	9.2259e-02	0.535322	0
ZNF426	4	1.8043e-01	9.2259e-02	0.535322	0
SNAI3	4	1.8047e-01	9.2259e-02	0.535322	0
SCCPDH	3	1.8048e-01	1.4024e-01	0.717050	0
AMHR2	4	1.8052e-01	9.2259e-02	0.535322	0
ZNF124	4	1.8056e-01	9.2259e-02	0.535322	0
ACTA1	4	1.8061e-01	9.2259e-02	0.535322	0
OR51Q1	4	1.8065e-01	9.2259e-02	0.535322	0
C6orf15	4	1.8070e-01	9.2259e-02	0.535322	0
CHMP2A	3	1.8078e-01	1.4024e-01	0.717050	0
ASXL2	4	1.8079e-01	9.2259e-02	0.535322	0
NEUROG2	4	1.8083e-01	9.2259e-02	0.535322	0
FOSL2	4	1.8092e-01	9.5956e-02	0.552917	0
APOLD1	4	1.8096e-01	9.5956e-02	0.552917	0
TMC3	4	1.8101e-01	9.5956e-02	0.552917	0
SOX1	4	1.8105e-01	9.5956e-02	0.552917	0
PSKH2	4	1.8110e-01	9.5956e-02	0.552917	0
LCE3B	4	1.8114e-01	9.5956e-02	0.552917	0
COL4A6	4	1.8123e-01	9.5956e-02	0.552917	0
SPTBN4	4	1.8132e-01	9.5956e-02	0.552917	0
DUSP6	4	1.8137e-01	9.5956e-02	0.552917	0
CCL24	4	1.8141e-01	9.5956e-02	0.552917	0
SPANXN4	4	1.8146e-01	9.5956e-02	0.552917	0
GSDMD	4	1.8150e-01	9.5956e-02	0.552917	0
PRKX	4	1.8154e-01	9.5957e-02	0.552917	0
ANLN	4	1.8163e-01	9.5957e-02	0.552917	0
NTN1	4	1.8168e-01	9.5957e-02	0.552917	0
ADCK4	4	1.8172e-01	9.5957e-02	0.552917	0
TSN	4	1.8177e-01	9.5957e-02	0.552917	0
ADAM10	4	1.8186e-01	9.5957e-02	0.552917	0
PRRC2A	4	1.8190e-01	9.5957e-02	0.552917	0
NDUFA13	4	1.8195e-01	9.5957e-02	0.552917	0
RPS10-NUDT3	4	1.8199e-01	9.5957e-02	0.552917	0
ZMYM2	4	1.8203e-01	9.5957e-02	0.552917	0
BGN	4	1.8212e-01	9.5957e-02	0.552917	0
PDXP	4	1.8221e-01	9.9605e-02	0.567947	0
OCLM	4	1.8230e-01	9.9605e-02	0.567947	0
LOC100144595	4	1.8239e-01	9.9605e-02	0.567947	0
OR5B17	4	1.8243e-01	9.9605e-02	0.567947	0
WISP1	4	1.8248e-01	9.9605e-02	0.567947	0
OR5F1	4	1.8252e-01	9.9605e-02	0.567947	0
PCDHGA10	4	1.8266e-01	9.9605e-02	0.567947	0
CLDN25	4	1.8270e-01	9.9605e-02	0.567947	0
OR4L1	4	1.8279e-01	9.9605e-02	0.567947	0
ADIPOR2	4	1.8284e-01	9.9605e-02	0.567947	0
STIP1	4	1.8292e-01	9.9605e-02	0.567947	0
KCNJ10	4	1.8297e-01	9.9605e-02	0.567947	0
ANO8	4	1.8301e-01	9.9605e-02	0.567947	0
ZNF567	4	1.8306e-01	9.9605e-02	0.567947	0
CLCNKA	4	1.8310e-01	9.9605e-02	0.567947	0
TUSC3	4	1.8315e-01	9.9605e-02	0.567947	0
TCEA1	4	1.8319e-01	9.9605e-02	0.567947	0
USP46	4	1.8324e-01	9.9605e-02	0.567947	0
SEPTIN1	4	1.8328e-01	9.9605e-02	0.567947	0
C4orf3	4	1.8333e-01	9.9605e-02	0.567947	0
ADCY4	4	1.8337e-01	9.9605e-02	0.567947	0
OR11L1	4	1.8341e-01	9.9605e-02	0.567947	0
SMIM4	4	1.8346e-01	9.9605e-02	0.567947	0
MGLL	4	1.8350e-01	9.9605e-02	0.567947	0
HBG1	4	1.8364e-01	9.9605e-02	0.567947	0
FAIM	4	1.8368e-01	9.9605e-02	0.567947	0
DIABLO	4	1.8373e-01	9.9605e-02	0.567947	0
CSF1R	4	1.8377e-01	9.9605e-02	0.567947	0
TMEM168	4	1.8381e-01	9.9605e-02	0.567947	0
PCDHA11	4	1.8390e-01	9.9605e-02	0.567947	0
TRPC7	4	1.8399e-01	9.9605e-02	0.567947	0
GDAP2	4	1.8408e-01	9.9605e-02	0.567947	0
ATP4A	4	1.8417e-01	9.9605e-02	0.567947	0
SALL4	4	1.8426e-01	9.9605e-02	0.567947	0
NDEL1	4	1.8430e-01	9.9605e-02	0.567947	0
SBSN	4	1.8439e-01	1.0326e-01	0.577600	0
TNIP1	4	1.8444e-01	1.0326e-01	0.577600	0
PPIAL4C	4	1.8453e-01	1.0326e-01	0.577600	0
ZNF510	4	1.8457e-01	1.0326e-01	0.577600	0
ADGRE1	4	1.8461e-01	1.0326e-01	0.577600	0
MAGEA8	4	1.8466e-01	1.0326e-01	0.577600	0
HOXA5	4	1.8470e-01	1.0326e-01	0.577600	0
KLHL33	4	1.8479e-01	1.0326e-01	0.577600	0
RPTN	4	1.8486e-01	1.0326e-01	0.577600	0
ZNF566	4	1.8486e-01	1.0326e-01	0.577600	0
PDE11A	4	1.8493e-01	1.0326e-01	0.577600	0
TUBA1A	4	1.8497e-01	1.0326e-01	0.577600	0
ARL6IP6	4	1.8506e-01	1.0326e-01	0.577600	0
LYPD5	4	1.8515e-01	1.0326e-01	0.577600	0
CNNM4	4	1.8524e-01	1.0326e-01	0.577600	0
CABS1	4	1.8528e-01	1.0326e-01	0.577600	0
IL17RB	4	1.8533e-01	1.0326e-01	0.577600	0
NKTR	4	1.8541e-01	1.0326e-01	0.577600	0
SPAG4	4	1.8546e-01	1.0326e-01	0.577600	0
CENPF	4	1.8550e-01	1.0326e-01	0.577600	0
KLHDC9	4	1.8564e-01	1.0326e-01	0.577600	0
TULP2	3	1.8574e-01	1.4562e-01	0.738731	0
GID8	4	1.8577e-01	1.0326e-01	0.577600	0
LRRC4	4	1.8581e-01	1.0326e-01	0.577600	0
VILL	4	1.8586e-01	1.0326e-01	0.577600	0
SMOX	4	1.8590e-01	1.0326e-01	0.577600	0
GPR183	4	1.8595e-01	1.0326e-01	0.577600	0
DEFB129	4	1.8599e-01	1.0326e-01	0.577600	0
VWA3A	4	1.8604e-01	1.0326e-01	0.577600	0
TCF15	4	1.8608e-01	1.0326e-01	0.577600	0
IFITM2	4	1.8617e-01	1.0326e-01	0.577600	0
CACNA1B	4	1.8621e-01	1.0326e-01	0.577600	0
SH2B3	4	1.8626e-01	1.0326e-01	0.577600	0
PPP1R9B	4	1.8630e-01	1.0326e-01	0.577600	0
ZNF540	4	1.8635e-01	1.0326e-01	0.577600	0
MIEF1	4	1.8639e-01	1.0326e-01	0.577600	0
METTL20	4	1.8643e-01	1.0326e-01	0.577600	0
ALAS2	4	1.8652e-01	1.0326e-01	0.577600	0
HSDL2	4	1.8661e-01	1.0326e-01	0.577600	0
FOXS1	4	1.8666e-01	1.0326e-01	0.577600	0
ZNF16	4	1.8670e-01	1.0326e-01	0.577600	0
SLC44A2	4	1.8677e-01	1.0326e-01	0.577600	0
TMEM98	4	1.8677e-01	1.0326e-01	0.577600	0
KLK6	4	1.8683e-01	1.0326e-01	0.577600	0
ZNF648	4	1.8688e-01	1.0326e-01	0.577600	0
DNAJC22	4	1.8692e-01	1.0326e-01	0.577600	0
FGF11	4	1.8697e-01	1.0326e-01	0.577600	0
IFIT1	4	1.8701e-01	1.0326e-01	0.577600	0
TBC1D28	4	1.8706e-01	1.0326e-01	0.577600	0
MTHFS	4	1.8710e-01	1.0326e-01	0.577600	0
SPATA31A5	4	1.8714e-01	1.0326e-01	0.577600	0
TSPAN19	4	1.8723e-01	1.0326e-01	0.577600	0
NDRG3	4	1.8728e-01	1.0326e-01	0.577600	0
CORO6	4	1.8737e-01	1.0326e-01	0.577600	0
ITFG1	4	1.8741e-01	1.0326e-01	0.577600	0
CCNL1	4	1.8745e-01	1.0326e-01	0.577600	0
FAM220A	4	1.8750e-01	1.0326e-01	0.577600	0
MSGN1	4	1.8754e-01	1.0326e-01	0.577600	0
ASB3	4	1.8759e-01	1.0326e-01	0.577600	0
MIER1	4	1.8763e-01	1.0326e-01	0.577600	0
WDR13	4	1.8768e-01	1.0326e-01	0.577600	0
C9orf131	4	1.8776e-01	1.0326e-01	0.577600	0
RNF170	4	1.8781e-01	1.0326e-01	0.577600	0
DUSP22	4	1.8785e-01	1.0326e-01	0.577600	0
ICOSLG	4	1.8790e-01	1.0326e-01	0.577600	0
AKR1B15	4	1.8805e-01	1.0699e-01	0.592031	0
RBPMS	4	1.8812e-01	1.0699e-01	0.592031	0
HAPLN3	4	1.8825e-01	1.0699e-01	0.592031	0
SIK1	4	1.8830e-01	1.0699e-01	0.592031	0
RASSF10	4	1.8834e-01	1.0699e-01	0.592031	0
SLC2A2	4	1.8847e-01	1.0699e-01	0.592031	0
PARD6A	4	1.8852e-01	1.0699e-01	0.592031	0
LMF2	4	1.8861e-01	1.0699e-01	0.592031	0
KLK1	4	1.8869e-01	1.0699e-01	0.592031	0
LRRC3B	4	1.8874e-01	1.0699e-01	0.592031	0
TMEM79	4	1.8878e-01	1.0699e-01	0.592031	0
ADGB	4	1.8883e-01	1.0699e-01	0.592031	0
STAG2	4	1.8887e-01	1.0699e-01	0.592031	0
ARHGAP18	4	1.8892e-01	1.0699e-01	0.592031	0
CECR2	4	1.8896e-01	1.0699e-01	0.592031	0
NMUR2	4	1.8909e-01	1.0699e-01	0.592031	0
NME7	4	1.8914e-01	1.0699e-01	0.592031	0
RAB39B	4	1.8918e-01	1.0699e-01	0.592031	0
KCP	4	1.8923e-01	1.0699e-01	0.592031	0
KCNJ18	4	1.8936e-01	1.0699e-01	0.592031	0
MCUR1	4	1.8940e-01	1.0699e-01	0.592031	0
ADK	4	1.8949e-01	1.0699e-01	0.592031	0
LASP1	4	1.8954e-01	1.0699e-01	0.592031	0
FBXO17	4	1.8958e-01	1.0699e-01	0.592031	0
CLOCK	4	1.8962e-01	1.0699e-01	0.592031	0
SVIL	4	1.8967e-01	1.0699e-01	0.592031	0
OR13G1	4	1.8976e-01	1.0699e-01	0.592031	0
RNF122	4	1.8980e-01	1.0699e-01	0.592031	0
SORCS3	4	1.8984e-01	1.0699e-01	0.592031	0
IGFLR1	4	1.8989e-01	1.0699e-01	0.592031	0
KCNA6	4	1.8993e-01	1.0699e-01	0.592031	0
SYT11	4	1.8998e-01	1.0699e-01	0.592031	0
ANKZF1	4	1.9002e-01	1.0699e-01	0.592031	0
ARHGAP11B	4	1.9007e-01	1.0699e-01	0.592031	0
SLC35G6	4	1.9011e-01	1.0699e-01	0.592031	0
BEND6	4	1.9015e-01	1.0699e-01	0.592031	0
C6orf136	4	1.9020e-01	1.0699e-01	0.592031	0
MORN3	4	1.9029e-01	1.1065e-01	0.608569	0
SELT	4	1.9033e-01	1.1065e-01	0.608569	0
C8B	4	1.9038e-01	1.1065e-01	0.608569	0
HTRA4	4	1.9042e-01	1.1065e-01	0.608569	0
CTSD	4	1.9046e-01	1.1065e-01	0.608569	0
REG1B	4	1.9051e-01	1.1065e-01	0.608569	0
NFKBIL1	4	1.9055e-01	1.1065e-01	0.608569	0
IDI1	4	1.9060e-01	1.1065e-01	0.608569	0
C12orf56	4	1.9064e-01	1.1065e-01	0.608569	0
LRFN3	4	1.9073e-01	1.1065e-01	0.608569	0
GFAP	4	1.9077e-01	1.1065e-01	0.608569	0
CYP4A11	4	1.9082e-01	1.1065e-01	0.608569	0
RORB	4	1.9091e-01	1.1065e-01	0.608569	0
SYDE2	4	1.9095e-01	1.1065e-01	0.608569	0
C1orf195	4	1.9099e-01	1.1065e-01	0.608569	0
DGAT2L6	4	1.9104e-01	1.1065e-01	0.608569	0
SH3PXD2B	4	1.9108e-01	1.1065e-01	0.608569	0
STXBP5L	4	1.9113e-01	1.1065e-01	0.608569	0
HOXB8	4	1.9121e-01	1.1065e-01	0.608569	0
POTEB	4	1.9130e-01	1.1065e-01	0.608569	0
SRSF9	4	1.9135e-01	1.1065e-01	0.608569	0
BRSK2	4	1.9144e-01	1.1432e-01	0.622165	0
FOXD1	4	1.9148e-01	1.1432e-01	0.622165	0
DNASE2	4	1.9152e-01	1.1432e-01	0.622165	0
GRHPR	4	1.9157e-01	1.1432e-01	0.622165	0
OR10K2	4	1.9161e-01	1.1432e-01	0.622165	0
OR10A3	4	1.9170e-01	1.1432e-01	0.622165	0
ZCCHC12	4	1.9179e-01	1.1432e-01	0.622165	0
OR13A1	4	1.9183e-01	1.1432e-01	0.622165	0
ARID3C	4	1.9192e-01	1.1432e-01	0.622165	0
CCDC122	4	1.9197e-01	1.1432e-01	0.622165	0
CLVS2	4	1.9205e-01	1.1432e-01	0.622165	0
OR2T2	4	1.9210e-01	1.1432e-01	0.622165	0
MMD2	4	1.9214e-01	1.1432e-01	0.622165	0
CCL18	4	1.9223e-01	1.1432e-01	0.622165	0
CLECL1	4	1.9227e-01	1.1432e-01	0.622165	0
PPARG	4	1.9232e-01	1.1432e-01	0.622165	0
TSPAN6	4	1.9236e-01	1.1432e-01	0.622165	0
HSF2BP	4	1.9245e-01	1.1432e-01	0.622165	0
DUOXA2	4	1.9254e-01	1.1432e-01	0.622165	0
DOCK6	4	1.9267e-01	1.1432e-01	0.622165	0
FAM84B	4	1.9272e-01	1.1432e-01	0.622165	0
RANBP3L	4	1.9285e-01	1.1432e-01	0.622165	0
LCNL1	4	1.9294e-01	1.1432e-01	0.622165	0
STIM2	4	1.9298e-01	1.1432e-01	0.622165	0
SSX3	4	1.9302e-01	1.1432e-01	0.622165	0
SLC25A23	4	1.9307e-01	1.1432e-01	0.622165	0
C14orf180	4	1.9311e-01	1.1432e-01	0.622165	0
SERPINF2	4	1.9320e-01	1.1432e-01	0.622165	0
TRPV3	4	1.9324e-01	1.1432e-01	0.622165	0
NF2	4	1.9329e-01	1.1432e-01	0.622165	0
CTAG2	4	1.9333e-01	1.1432e-01	0.622165	0
PAPD5	4	1.9342e-01	1.1432e-01	0.622165	0
CXCR6	4	1.9346e-01	1.1432e-01	0.622165	0
ZNF682	4	1.9351e-01	1.1432e-01	0.622165	0
INTS12	4	1.9360e-01	1.1432e-01	0.622165	0
FKBP11	4	1.9364e-01	1.1432e-01	0.622165	0
TRPV4	4	1.9373e-01	1.1804e-01	0.633215	0
ZNF599	4	1.9377e-01	1.1804e-01	0.633215	0
NOTO	4	1.9386e-01	1.1804e-01	0.633215	0
CRIP3	4	1.9391e-01	1.1804e-01	0.633215	0
SLC25A3	4	1.9395e-01	1.1804e-01	0.633215	0
PLCG1	4	1.9399e-01	1.1804e-01	0.633215	0
CPLX3	4	1.9404e-01	1.1804e-01	0.633215	0
ARVCF	4	1.9408e-01	1.1804e-01	0.633215	0
ZPBP	4	1.9413e-01	1.1804e-01	0.633215	0
GRINA	4	1.9417e-01	1.1804e-01	0.633215	0
FMOD	4	1.9421e-01	1.1804e-01	0.633215	0
SLC38A7	4	1.9426e-01	1.1804e-01	0.633215	0
FSBP	4	1.9430e-01	1.1804e-01	0.633215	0
UPF3A	4	1.9435e-01	1.1804e-01	0.633215	0
ELF4	4	1.9439e-01	1.1804e-01	0.633215	0
DDHD2	4	1.9443e-01	1.1804e-01	0.633215	0
CHDH	4	1.9448e-01	1.1804e-01	0.633215	0
XKR5	4	1.9452e-01	1.1804e-01	0.633215	0
AJUBA	4	1.9457e-01	1.1804e-01	0.633215	0
DEFB103A	4	1.9461e-01	1.1804e-01	0.633215	0
MTHFD2L	4	1.9465e-01	1.1804e-01	0.633215	0
NBPF14	4	1.9470e-01	1.1804e-01	0.633215	0
CD69	4	1.9474e-01	1.1804e-01	0.633215	0
TCEAL6	4	1.9479e-01	1.1804e-01	0.633215	0
TP53TG3C	4	1.9483e-01	1.1804e-01	0.633215	0
AREL1	4	1.9487e-01	1.1804e-01	0.633215	0
MLLT3	4	1.9492e-01	1.1804e-01	0.633215	0
B3GNT9	4	1.9501e-01	1.1804e-01	0.633215	0
COMMD5	4	1.9509e-01	1.1804e-01	0.633215	0
ACBD4	4	1.9514e-01	1.1804e-01	0.633215	0
GRAP2	4	1.9518e-01	1.1804e-01	0.633215	0
ADCYAP1	4	1.9523e-01	1.1804e-01	0.633215	0
ADH4	4	1.9527e-01	1.1804e-01	0.633215	0
ANGPTL7	4	1.9536e-01	1.1804e-01	0.633215	0
BTN2A1	4	1.9545e-01	1.1804e-01	0.633215	0
FAM210B	4	1.9549e-01	1.1804e-01	0.633215	0
WNT8A	4	1.9553e-01	1.1804e-01	0.633215	0
PROZ	4	1.9558e-01	1.1804e-01	0.633215	0
LSM1	3	1.9559e-01	1.6447e-01	0.794643	0
NAT14	4	1.9562e-01	1.1804e-01	0.633215	0
PLA2G2D	4	1.9567e-01	1.1804e-01	0.633215	0
HSPE1-MOB4	4	1.9571e-01	1.1804e-01	0.633215	0
MPZ	4	1.9575e-01	1.1804e-01	0.633215	0
POU6F2	4	1.9580e-01	1.1804e-01	0.633215	0
SP8	4	1.9593e-01	1.2169e-01	0.633215	0
C2orf16	4	1.9597e-01	1.2169e-01	0.633215	0
LRCOL1	4	1.9602e-01	1.2169e-01	0.633215	0
SLC12A8	4	1.9606e-01	1.2169e-01	0.633215	0
ZSCAN2	4	1.9611e-01	1.2169e-01	0.633215	0
TNFRSF1A	4	1.9615e-01	1.2169e-01	0.633215	0
SLC17A7	4	1.9619e-01	1.2169e-01	0.633215	0
KDM4D	4	1.9628e-01	1.2169e-01	0.633215	0
ASMTL	4	1.9633e-01	1.2169e-01	0.633215	0
CACNG3	4	1.9637e-01	1.2169e-01	0.633215	0
B3GNT7	4	1.9641e-01	1.2169e-01	0.633215	0
FRMD4A	4	1.9646e-01	1.2169e-01	0.633215	0
KLHL32	4	1.9659e-01	1.2169e-01	0.633215	0
LARP4	4	1.9663e-01	1.2169e-01	0.633215	0
GIPC3	4	1.9668e-01	1.2169e-01	0.633215	0
NR1D2	4	1.9672e-01	1.2169e-01	0.633215	0
SVOPL	4	1.9685e-01	1.2169e-01	0.633215	0
TTC23L	4	1.9690e-01	1.2169e-01	0.633215	0
SLC25A25	4	1.9694e-01	1.2169e-01	0.633215	0
PPAPDC3	4	1.9698e-01	1.2169e-01	0.633215	0
SIRT7	4	1.9703e-01	1.2169e-01	0.633215	0
DPP9	4	1.9707e-01	1.2169e-01	0.633215	0
RNF166	4	1.9712e-01	1.2169e-01	0.633215	0
POM121	4	1.9716e-01	1.2169e-01	0.633215	0
DYNC2H1	4	1.9720e-01	1.2169e-01	0.633215	0
HIRIP3	3	1.9723e-01	1.6982e-01	0.804795	0
LOC100129216	4	1.9729e-01	1.2169e-01	0.633215	0
IER5L	4	1.9742e-01	1.2169e-01	0.633215	0
CAP2	4	1.9747e-01	1.2169e-01	0.633215	0
CSRP1	4	1.9751e-01	1.2169e-01	0.633215	0
CCDC144A	4	1.9756e-01	1.2169e-01	0.633215	0
WWTR1	4	1.9760e-01	1.2169e-01	0.633215	0
DNMT3B	4	1.9769e-01	1.2169e-01	0.633215	0
PDE7B	4	1.9773e-01	1.2169e-01	0.633215	0
PPARGC1B	4	1.9782e-01	1.2169e-01	0.633215	0
CHD7	4	1.9786e-01	1.2169e-01	0.633215	0
PRR20E	4	1.9791e-01	1.2169e-01	0.633215	0
IDI2	4	1.9795e-01	1.2169e-01	0.633215	0
CIR1	4	1.9804e-01	1.2169e-01	0.633215	0
TTC9	4	1.9813e-01	1.2169e-01	0.633215	0
LSAMP	4	1.9817e-01	1.2169e-01	0.633215	0
PANK1	4	1.9821e-01	1.2169e-01	0.633215	0
FBRS	4	1.9826e-01	1.2169e-01	0.633215	0
IL4I1	4	1.9830e-01	1.2169e-01	0.633215	0
CHCHD7	4	1.9835e-01	1.2169e-01	0.633215	0
FAM19A1	4	1.9839e-01	1.2169e-01	0.633215	0
HTR5A	4	1.9843e-01	1.2169e-01	0.633215	0
ZDHHC20	4	1.9848e-01	1.2169e-01	0.633215	0
SLC6A15	4	1.9852e-01	1.2169e-01	0.633215	0
RABEP2	4	1.9856e-01	1.2169e-01	0.633215	0
MX2	4	1.9861e-01	1.2169e-01	0.633215	0
CDKL1	4	1.9865e-01	1.2169e-01	0.633215	0
ZNF7	4	1.9870e-01	1.2169e-01	0.633215	0
IKZF1	4	1.9874e-01	1.2169e-01	0.633215	0
RENBP	4	1.9878e-01	1.2169e-01	0.633215	0
OR10G7	4	1.9887e-01	1.2169e-01	0.633215	0
ZNF605	4	1.9892e-01	1.2169e-01	0.633215	0
EQTN	4	1.9896e-01	1.2169e-01	0.633215	0
SERTAD1	4	1.9900e-01	1.2169e-01	0.633215	0
SLC22A14	4	1.9905e-01	1.2169e-01	0.633215	0
FARP2	4	1.9913e-01	1.2169e-01	0.633215	0
IL17D	4	1.9918e-01	1.2169e-01	0.633215	0
RUFY4	4	1.9922e-01	1.2169e-01	0.633215	0
TMX3	4	1.9927e-01	1.2169e-01	0.633215	0
KRTAP9-8	4	1.9935e-01	1.2169e-01	0.633215	0
MAGEA1	4	1.9940e-01	1.2169e-01	0.633215	0
CRABP1	4	1.9949e-01	1.2169e-01	0.633215	0
MS4A1	4	1.9953e-01	1.2169e-01	0.633215	0
C15orf32	4	1.9957e-01	1.2169e-01	0.633215	0
ARHGAP9	4	1.9962e-01	1.2169e-01	0.633215	0
ZNF580	4	1.9966e-01	1.2169e-01	0.633215	0
SYCP2L	4	1.9975e-01	1.2169e-01	0.633215	0
PGBD5	4	1.9979e-01	1.2169e-01	0.633215	0
MAGEE2	4	1.9984e-01	1.2169e-01	0.633215	0
KCNK13	4	1.9988e-01	1.2169e-01	0.633215	0
RHAG	4	1.9992e-01	1.2169e-01	0.633215	0
VSNL1	4	1.9997e-01	1.2169e-01	0.633215	0
CTF1	4	2.0006e-01	1.2169e-01	0.633215	0
CNP	4	2.0010e-01	1.2169e-01	0.633215	0
GRK6	4	2.0014e-01	1.2169e-01	0.633215	0
CARD9	4	2.0023e-01	1.2169e-01	0.633215	0
KLHL42	4	2.0027e-01	1.2169e-01	0.633215	0
REXO2	4	2.0032e-01	1.2169e-01	0.633215	0
SPHK1	4	2.0049e-01	1.2169e-01	0.633215	0
RAB4A	4	2.0054e-01	1.2169e-01	0.633215	0
FYCO1	4	2.0058e-01	1.2169e-01	0.633215	0
ADCY2	4	2.0067e-01	1.2169e-01	0.633215	0
PTPRN2	4	2.0071e-01	1.2169e-01	0.633215	0
FUCA2	4	2.0076e-01	1.2169e-01	0.633215	0
XIAP	4	2.0080e-01	1.2169e-01	0.633215	0
MUC5B	4	2.0089e-01	1.2169e-01	0.633215	0
ENPP4	4	2.0093e-01	1.2169e-01	0.633215	0
DCD	4	2.0097e-01	1.2169e-01	0.633215	0
MAOB	4	2.0102e-01	1.2169e-01	0.633215	0
CARD11	4	2.0106e-01	1.2169e-01	0.633215	0
NRG4	4	2.0111e-01	1.2169e-01	0.633215	0
AMN	4	2.0115e-01	1.2169e-01	0.633215	0
FOXK2	4	2.0119e-01	1.2169e-01	0.633215	0
HOXD8	4	2.0124e-01	1.2169e-01	0.633215	0
MPPE1	4	2.0128e-01	1.2169e-01	0.633215	0
RPS6KA6	4	2.0132e-01	1.2169e-01	0.633215	0
GABRG3	4	2.0137e-01	1.2169e-01	0.633215	0
PRDM9	4	2.0141e-01	1.2169e-01	0.633215	0
IQGAP1	4	2.0146e-01	1.2169e-01	0.633215	0
DGAT1	4	2.0150e-01	1.2169e-01	0.633215	0
MAGEH1	4	2.0154e-01	1.2169e-01	0.633215	0
PGD	4	2.0159e-01	1.2169e-01	0.633215	0
VRTN	4	2.0163e-01	1.2169e-01	0.633215	0
GABBR2	4	2.0167e-01	1.2169e-01	0.633215	0
TBC1D10B	4	2.0172e-01	1.2169e-01	0.633215	0
STK19	4	2.0181e-01	1.2169e-01	0.633215	0
ZNF563	4	2.0189e-01	1.2169e-01	0.633215	0
OR1J1	4	2.0194e-01	1.2169e-01	0.633215	0
CEP78	4	2.0202e-01	1.2169e-01	0.633215	0
ZNF217	4	2.0207e-01	1.2169e-01	0.633215	0
SLC19A2	4	2.0216e-01	1.2169e-01	0.633215	0
SAA2-SAA4	4	2.0220e-01	1.2169e-01	0.633215	0
LRRC4C	4	2.0224e-01	1.2169e-01	0.633215	0
ATCAY	4	2.0229e-01	1.2169e-01	0.633215	0
GPR143	4	2.0237e-01	1.2534e-01	0.648503	0
MFAP4	4	2.0242e-01	1.2534e-01	0.648503	0
GABARAPL1	4	2.0246e-01	1.2534e-01	0.648503	0
OLR1	4	2.0251e-01	1.2534e-01	0.648503	0
EFCAB12	4	2.0255e-01	1.2534e-01	0.648503	0
PRR23D2	4	2.0259e-01	1.2534e-01	0.648503	0
NEK3	4	2.0264e-01	1.2534e-01	0.648503	0
EIF4G2	4	2.0268e-01	1.2534e-01	0.648503	0
TP53INP2	4	2.0272e-01	1.2534e-01	0.648503	0
POLK	4	2.0281e-01	1.2534e-01	0.648503	0
AGAP11	4	2.0285e-01	1.2534e-01	0.648503	0
ACSF3	4	2.0290e-01	1.2534e-01	0.648503	0
FAM3B	4	2.0294e-01	1.2534e-01	0.648503	0
PDE9A	4	2.0303e-01	1.2534e-01	0.648503	0
GLCCI1	4	2.0307e-01	1.2534e-01	0.648503	0
WDR53	4	2.0312e-01	1.2534e-01	0.648503	0
PM20D2	4	2.0316e-01	1.2534e-01	0.648503	0
IRX4	4	2.0320e-01	1.2534e-01	0.648503	0
CYGB	4	2.0325e-01	1.2534e-01	0.648503	0
ZNF142	4	2.0334e-01	1.2534e-01	0.648503	0
NBPF3	4	2.0342e-01	1.2534e-01	0.648503	0
EBF2	4	2.0351e-01	1.2891e-01	0.666609	0
AGTR2	4	2.0355e-01	1.2891e-01	0.666609	0
C2orf81	4	2.0368e-01	1.3251e-01	0.683202	0
PRTFDC1	4	2.0377e-01	1.3251e-01	0.683202	0
TRIM77	4	2.0382e-01	1.3251e-01	0.683202	0
NLGN3	4	2.0386e-01	1.3251e-01	0.683202	0
HDAC2	4	2.0390e-01	1.3251e-01	0.683202	0
LILRA2	4	2.0399e-01	1.3251e-01	0.683202	0
SALL2	4	2.0408e-01	1.3251e-01	0.683202	0
KMT2C	4	2.0412e-01	1.3251e-01	0.683202	0
BST2	4	2.0416e-01	1.3251e-01	0.683202	0
NOX5	4	2.0421e-01	1.3251e-01	0.683202	0
TMEM114	4	2.0430e-01	1.3605e-01	0.697709	0
HK3	4	2.0434e-01	1.3605e-01	0.697709	0
MANEAL	4	2.0438e-01	1.3605e-01	0.697709	0
CETN1	4	2.0443e-01	1.3605e-01	0.697709	0
BAIAP3	4	2.0447e-01	1.3605e-01	0.697709	0
ZNF808	4	2.0451e-01	1.3605e-01	0.697709	0
NUB1	4	2.0456e-01	1.3605e-01	0.697709	0
BTN3A2	4	2.0460e-01	1.3605e-01	0.697709	0
C19orf71	4	2.0464e-01	1.3605e-01	0.697709	0
FST	4	2.0469e-01	1.3605e-01	0.697709	0
STX4	4	2.0478e-01	1.3605e-01	0.697709	0
ANGPTL3	4	2.0482e-01	1.3605e-01	0.697709	0
PLA2G12B	4	2.0491e-01	1.3605e-01	0.697709	0
FBXW12	4	2.0495e-01	1.3605e-01	0.697709	0
SPSB2	4	2.0499e-01	1.3605e-01	0.697709	0
IRGC	4	2.0504e-01	1.3605e-01	0.697709	0
SLC6A19	4	2.0508e-01	1.3605e-01	0.697709	0
LZTS1	4	2.0512e-01	1.3605e-01	0.697709	0
XAF1	4	2.0517e-01	1.3605e-01	0.697709	0
ABCG4	4	2.0525e-01	1.3605e-01	0.697709	0
ZNF830	4	2.0534e-01	1.3961e-01	0.714240	0
COMMD6	4	2.0539e-01	1.3961e-01	0.714240	0
C11orf86	4	2.0543e-01	1.3961e-01	0.714240	0
CCDC126	4	2.0547e-01	1.3961e-01	0.714240	0
GPR1	4	2.0552e-01	1.3961e-01	0.714240	0
EPHA2	4	2.0556e-01	1.3961e-01	0.714240	0
COA7	4	2.0562e-01	1.3961e-01	0.714240	0
SLC10A7	4	2.0573e-01	1.3961e-01	0.714240	0
LGALS3BP	4	2.0582e-01	1.3961e-01	0.714240	0
OR2L3	4	2.0591e-01	1.4320e-01	0.729082	0
KIAA2026	4	2.0595e-01	1.4320e-01	0.729082	0
C5orf67	4	2.0600e-01	1.4320e-01	0.729082	0
FBXO4	4	2.0604e-01	1.4320e-01	0.729082	0
TTC7B	4	2.0608e-01	1.4320e-01	0.729082	0
PIK3R2	4	2.0613e-01	1.4320e-01	0.729082	0
MPP6	4	2.0617e-01	1.4320e-01	0.729082	0
PCDH17	4	2.0621e-01	1.4320e-01	0.729082	0
PRR7	4	2.0626e-01	1.4320e-01	0.729082	0
TMEM33	4	2.0634e-01	1.4320e-01	0.729082	0
KCNIP4	4	2.0643e-01	1.4320e-01	0.729082	0
SEPTIN14	4	2.0647e-01	1.4320e-01	0.729082	0
CCDC40	4	2.0656e-01	1.4320e-01	0.729082	0
ADAMTS5	4	2.0665e-01	1.4320e-01	0.729082	0
HCFC1R1	4	2.0669e-01	1.4320e-01	0.729082	0
LARP6	4	2.0674e-01	1.4320e-01	0.729082	0
AMPD3	4	2.0682e-01	1.4672e-01	0.738731	0
CEP135	4	2.0687e-01	1.4672e-01	0.738731	0
ADAM29	4	2.0691e-01	1.4672e-01	0.738731	0
GRIA1	4	2.0695e-01	1.4672e-01	0.738731	0
PLEKHA1	4	2.0700e-01	1.4672e-01	0.738731	0
CNGA3	4	2.0704e-01	1.4672e-01	0.738731	0
REL	4	2.0708e-01	1.4672e-01	0.738731	0
SP140	4	2.0713e-01	1.4672e-01	0.738731	0
NAP1L2	4	2.0717e-01	1.4672e-01	0.738731	0
STEAP3	4	2.0721e-01	1.4672e-01	0.738731	0
VTI1B	4	2.0726e-01	1.4672e-01	0.738731	0
ADH5	4	2.0730e-01	1.4672e-01	0.738731	0
DPPA4	4	2.0734e-01	1.4672e-01	0.738731	0
CRTAP	4	2.0743e-01	1.4672e-01	0.738731	0
C19orf38	4	2.0748e-01	1.4672e-01	0.738731	0
CT45A10	4	2.0756e-01	1.4672e-01	0.738731	0
GPM6A	4	2.0761e-01	1.4672e-01	0.738731	0
KIF5A	4	2.0765e-01	1.4672e-01	0.738731	0
PACS1	4	2.0769e-01	1.4672e-01	0.738731	0
ITGAD	4	2.0774e-01	1.4672e-01	0.738731	0
KCNE5	4	2.0778e-01	1.4672e-01	0.738731	0
SMAP2	4	2.0791e-01	1.4672e-01	0.738731	0
ASCL4	4	2.0795e-01	1.4672e-01	0.738731	0
HIST1H4F	4	2.0800e-01	1.4672e-01	0.738731	0
KRTAP10-4	4	2.0804e-01	1.4672e-01	0.738731	0
HMGN3	4	2.0808e-01	1.4672e-01	0.738731	0
KRTAP10-1	4	2.0813e-01	1.4672e-01	0.738731	0
OAZ2	4	2.0817e-01	1.4672e-01	0.738731	0
IFITM1	4	2.0824e-01	1.4672e-01	0.738731	0
LEFTY1	4	2.0824e-01	1.4672e-01	0.738731	0
DPH6	4	2.0830e-01	1.4672e-01	0.738731	0
HMX1	4	2.0834e-01	1.4672e-01	0.738731	0
ABL1	4	2.0839e-01	1.4672e-01	0.738731	0
NADSYN1	4	2.0843e-01	1.4672e-01	0.738731	0
NECAP2	4	2.0848e-01	1.4672e-01	0.738731	0
UCMA	4	2.0852e-01	1.4672e-01	0.738731	0
ALDH3B2	4	2.0856e-01	1.4672e-01	0.738731	0
CEP57L1	4	2.0861e-01	1.4672e-01	0.738731	0
FOXRED2	4	2.0865e-01	1.4672e-01	0.738731	0
NEDD4L	4	2.0869e-01	1.4672e-01	0.738731	0
KCNJ4	4	2.0878e-01	1.4672e-01	0.738731	0
MRC1	4	2.0887e-01	1.5029e-01	0.745722	0
METTL9	4	2.0891e-01	1.5029e-01	0.745722	0
TACSTD2	4	2.0904e-01	1.5029e-01	0.745722	0
BPNT1	4	2.0908e-01	1.5029e-01	0.745722	0
CHST1	4	2.0913e-01	1.5029e-01	0.745722	0
FAM49A	4	2.0917e-01	1.5029e-01	0.745722	0
PLA2G5	4	2.0921e-01	1.5029e-01	0.745722	0
CA12	4	2.0926e-01	1.5029e-01	0.745722	0
SIT1	4	2.0930e-01	1.5029e-01	0.745722	0
KRTAP13-2	4	2.0943e-01	1.5029e-01	0.745722	0
KCTD9	4	2.0947e-01	1.5029e-01	0.745722	0
CXCR5	4	2.0952e-01	1.5029e-01	0.745722	0
LOC100652758	4	2.0960e-01	1.5029e-01	0.745722	0
MAP3K6	4	2.0965e-01	1.5029e-01	0.745722	0
GP1BA	4	2.0969e-01	1.5029e-01	0.745722	0
SLC3A2	4	2.0973e-01	1.5029e-01	0.745722	0
DSTYK	4	2.0978e-01	1.5029e-01	0.745722	0
KISS1	4	2.0982e-01	1.5029e-01	0.745722	0
CLRN1	4	2.0986e-01	1.5029e-01	0.745722	0
VIPR1	4	2.0991e-01	1.5029e-01	0.745722	0
GSTA5	4	2.0995e-01	1.5029e-01	0.745722	0
B9D2	4	2.0999e-01	1.5029e-01	0.745722	0
KYNU	4	2.1004e-01	1.5029e-01	0.745722	0
LEAP2	4	2.1008e-01	1.5029e-01	0.745722	0
TMEM187	4	2.1013e-01	1.5029e-01	0.745722	0
RBM4B	4	2.1017e-01	1.5029e-01	0.745722	0
SPIRE1	4	2.1021e-01	1.5029e-01	0.745722	0
TFEB	4	2.1030e-01	1.5029e-01	0.745722	0
TREML2	4	2.1034e-01	1.5029e-01	0.745722	0
SULT1C4	4	2.1039e-01	1.5029e-01	0.745722	0
MEGF6	4	2.1043e-01	1.5029e-01	0.745722	0
CXCL14	4	2.1047e-01	1.5029e-01	0.745722	0
ETS1	4	2.1052e-01	1.5029e-01	0.745722	0
TMEM135	4	2.1056e-01	1.5029e-01	0.745722	0
GPR6	4	2.1060e-01	1.5029e-01	0.745722	0
IKBKE	4	2.1065e-01	1.5029e-01	0.745722	0
FBXO11	4	2.1069e-01	1.5029e-01	0.745722	0
ANKRD53	4	2.1073e-01	1.5029e-01	0.745722	0
TOP3B	4	2.1078e-01	1.5029e-01	0.745722	0
PDE6H	4	2.1082e-01	1.5029e-01	0.745722	0
ZNRD1	4	2.1091e-01	1.5029e-01	0.745722	0
FOXD4	4	2.1095e-01	1.5029e-01	0.745722	0
CPT1A	4	2.1099e-01	1.5029e-01	0.745722	0
SLC39A2	4	2.1104e-01	1.5029e-01	0.745722	0
PLGLB1	4	2.1108e-01	1.5029e-01	0.745722	0
TSLP	4	2.1112e-01	1.5029e-01	0.745722	0
TMEM60	4	2.1117e-01	1.5029e-01	0.745722	0
RAB20	4	2.1121e-01	1.5029e-01	0.745722	0
PARVG	4	2.1125e-01	1.5029e-01	0.745722	0
LDHA	4	2.1130e-01	1.5029e-01	0.745722	0
IGFBPL1	4	2.1134e-01	1.5029e-01	0.745722	0
BMP3	4	2.1138e-01	1.5029e-01	0.745722	0
SHISA8	4	2.1143e-01	1.5029e-01	0.745722	0
MYOM1	4	2.1147e-01	1.5029e-01	0.745722	0
RNF213	4	2.1151e-01	1.5029e-01	0.745722	0
B2M	4	2.1156e-01	1.5029e-01	0.745722	0
ELOVL3	4	2.1164e-01	1.5384e-01	0.759381	0
DHX57	4	2.1169e-01	1.5384e-01	0.759381	0
LDAH	4	2.1173e-01	1.5384e-01	0.759381	0
CIPC	4	2.1177e-01	1.5384e-01	0.759381	0
BLOC1S1	4	2.1186e-01	1.5384e-01	0.759381	0
TAOK1	4	2.1190e-01	1.5384e-01	0.759381	0
OPN1MW	4	2.1195e-01	1.5384e-01	0.759381	0
BAG5	4	2.1199e-01	1.5384e-01	0.759381	0
TMEM109	4	2.1208e-01	1.5384e-01	0.759381	0
CCRN4L	4	2.1212e-01	1.5384e-01	0.759381	0
DEFA5	4	2.1216e-01	1.5384e-01	0.759381	0
EZH2	4	2.1221e-01	1.5384e-01	0.759381	0
ASIC4	4	2.1225e-01	1.5384e-01	0.759381	0
TGIF2	4	2.1229e-01	1.5384e-01	0.759381	0
DHRS4	4	2.1234e-01	1.5384e-01	0.759381	0
NUDT9	4	2.1238e-01	1.5384e-01	0.759381	0
CYBB	4	2.1242e-01	1.5384e-01	0.759381	0
HSPA2	4	2.1251e-01	1.5384e-01	0.759381	0
ELL	4	2.1262e-01	1.5384e-01	0.759381	0
KRTAP27-1	4	2.1262e-01	1.5384e-01	0.759381	0
RNF115	4	2.1273e-01	1.5732e-01	0.774385	0
MANBA	4	2.1277e-01	1.5732e-01	0.774385	0
ANKRD16	4	2.1290e-01	1.5732e-01	0.774385	0
TRMT61B	4	2.1294e-01	1.5732e-01	0.774385	0
ASXL3	4	2.1298e-01	1.5732e-01	0.774385	0
ST7L	4	2.1303e-01	1.5732e-01	0.774385	0
AFTPH	4	2.1307e-01	1.5732e-01	0.774385	0
ZNF35	4	2.1316e-01	1.5732e-01	0.774385	0
PNMA1	4	2.1320e-01	1.5732e-01	0.774385	0
RNF138	4	2.1324e-01	1.5732e-01	0.774385	0
DLC1	4	2.1329e-01	1.5732e-01	0.774385	0
GNS	4	2.1337e-01	1.6090e-01	0.781307	0
ANKMY2	4	2.1346e-01	1.6090e-01	0.781307	0
MYO5B	4	2.1350e-01	1.6090e-01	0.781307	0
VIL1	4	2.1355e-01	1.6090e-01	0.781307	0
EMC9	4	2.1359e-01	1.6090e-01	0.781307	0
LOC283710	4	2.1363e-01	1.6090e-01	0.781307	0
TOR1AIP2	4	2.1368e-01	1.6090e-01	0.781307	0
CYP4F3	4	2.1372e-01	1.6090e-01	0.781307	0
CXCL3	4	2.1376e-01	1.6090e-01	0.781307	0
THRB	4	2.1381e-01	1.6090e-01	0.781307	0
CIAPIN1	4	2.1385e-01	1.6090e-01	0.781307	0
ATP6AP1L	4	2.1389e-01	1.6090e-01	0.781307	0
RIIAD1	4	2.1394e-01	1.6090e-01	0.781307	0
XDH	4	2.1398e-01	1.6090e-01	0.781307	0
SLC35A5	4	2.1402e-01	1.6090e-01	0.781307	0
USP13	4	2.1411e-01	1.6090e-01	0.781307	0
ANKRD34C	4	2.1415e-01	1.6090e-01	0.781307	0
LVRN	4	2.1420e-01	1.6090e-01	0.781307	0
RPRD2	4	2.1424e-01	1.6090e-01	0.781307	0
GZMK	4	2.1433e-01	1.6090e-01	0.781307	0
TAOK2	4	2.1445e-01	1.6090e-01	0.781307	0
KCTD14	4	2.1450e-01	1.6090e-01	0.781307	0
FAM71E1	4	2.1454e-01	1.6090e-01	0.781307	0
CFAP61	4	2.1458e-01	1.6090e-01	0.781307	0
MOBP	4	2.1463e-01	1.6090e-01	0.781307	0
TMEM161B	4	2.1467e-01	1.6090e-01	0.781307	0
DRAXIN	4	2.1471e-01	1.6090e-01	0.781307	0
ZNF260	3	2.1475e-01	1.8814e-01	0.823835	0
HNF1B	4	2.1476e-01	1.6090e-01	0.781307	0
MAFK	4	2.1480e-01	1.6090e-01	0.781307	0
PTGS1	4	2.1484e-01	1.6090e-01	0.781307	0
HTRA1	4	2.1489e-01	1.6090e-01	0.781307	0
NPEPL1	4	2.1493e-01	1.6090e-01	0.781307	0
CACNA1I	4	2.1497e-01	1.6090e-01	0.781307	0
INHBC	3	2.1501e-01	1.8814e-01	0.823835	0
PLEKHG4B	4	2.1502e-01	1.6090e-01	0.781307	0
SART3	4	2.1506e-01	1.6090e-01	0.781307	0
TCEB3B	4	2.1510e-01	1.6090e-01	0.781307	0
NEK7	3	2.1514e-01	1.8814e-01	0.823835	0
GLP2R	4	2.1515e-01	1.6090e-01	0.781307	0
PCYOX1	4	2.1523e-01	1.6090e-01	0.781307	0
PLCD4	4	2.1528e-01	1.6090e-01	0.781307	0
CDCA7L	4	2.1536e-01	1.6090e-01	0.781307	0
SH3GL3	4	2.1545e-01	1.6090e-01	0.781307	0
PTPRJ	4	2.1549e-01	1.6090e-01	0.781307	0
SFRP5	4	2.1558e-01	1.6090e-01	0.781307	0
ZNF730	4	2.1562e-01	1.6090e-01	0.781307	0
ASB14	4	2.1566e-01	1.6090e-01	0.781307	0
TRIM67	4	2.1571e-01	1.6090e-01	0.781307	0
SAV1	4	2.1575e-01	1.6090e-01	0.781307	0
CASK	4	2.1579e-01	1.6090e-01	0.781307	0
YPEL2	4	2.1584e-01	1.6090e-01	0.781307	0
MTMR3	4	2.1588e-01	1.6090e-01	0.781307	0
TSPY3	4	2.1592e-01	1.6090e-01	0.781307	0
ATP8B2	4	2.1597e-01	1.6090e-01	0.781307	0
EPN2	4	2.1601e-01	1.6090e-01	0.781307	0
SCN11A	4	2.1610e-01	1.6439e-01	0.794449	0
SLC39A8	4	2.1614e-01	1.6439e-01	0.794449	0
C10orf142	4	2.1618e-01	1.6439e-01	0.794449	0
FOXM1	4	2.1622e-01	1.6439e-01	0.794449	0
CYB5D2	4	2.1631e-01	1.6439e-01	0.794449	0
DUSP8	4	2.1635e-01	1.6439e-01	0.794449	0
CAPN9	4	2.1640e-01	1.6439e-01	0.794449	0
OR10V1	3	2.1640e-01	1.8814e-01	0.823835	0
TRAF4	4	2.1644e-01	1.6439e-01	0.794449	0
PTGR1	4	2.1648e-01	1.6439e-01	0.794449	0
CCDC54	4	2.1653e-01	1.6439e-01	0.794449	0
UBE2E3	4	2.1657e-01	1.6439e-01	0.794449	0
ZNF598	4	2.1666e-01	1.6439e-01	0.794449	0
OR2H1	4	2.1670e-01	1.6439e-01	0.794449	0
ARHGAP31	4	2.1674e-01	1.6439e-01	0.794449	0
KRTAP19-7	4	2.1679e-01	1.6439e-01	0.794449	0
CNTNAP2	4	2.1683e-01	1.6439e-01	0.794449	0
HSPB2	4	2.1687e-01	1.6439e-01	0.794449	0
DBNDD1	4	2.1691e-01	1.6439e-01	0.794449	0
SURF2	4	2.1696e-01	1.6439e-01	0.794449	0
ZFP1	4	2.1704e-01	1.6790e-01	0.804795	0
HCN4	4	2.1713e-01	1.6790e-01	0.804795	0
KRTAP3-2	4	2.1717e-01	1.6790e-01	0.804795	0
TSPAN17	4	2.1726e-01	1.6790e-01	0.804795	0
OR6X1	4	2.1735e-01	1.6790e-01	0.804795	0
DERA	4	2.1739e-01	1.6790e-01	0.804795	0
DYNLT1	4	2.1747e-01	1.6790e-01	0.804795	0
WSB2	4	2.1756e-01	1.6790e-01	0.804795	0
ADAP2	4	2.1760e-01	1.6790e-01	0.804795	0
ALDH9A1	4	2.1773e-01	1.6790e-01	0.804795	0
CHD6	4	2.1795e-01	1.6790e-01	0.804795	0
CHCHD5	4	2.1799e-01	1.6790e-01	0.804795	0
CHRNA10	4	2.1808e-01	1.6790e-01	0.804795	0
AMER3	4	2.1812e-01	1.6790e-01	0.804795	0
PRADC1	4	2.1816e-01	1.6790e-01	0.804795	0
ASPHD1	4	2.1821e-01	1.6790e-01	0.804795	0
NLRP7	4	2.1825e-01	1.6790e-01	0.804795	0
ALPPL2	4	2.1829e-01	1.6790e-01	0.804795	0
METTL15	4	2.1834e-01	1.6790e-01	0.804795	0
ABRACL	4	2.1838e-01	1.6790e-01	0.804795	0
SLAMF6	4	2.1847e-01	1.6790e-01	0.804795	0
RBM42	4	2.1851e-01	1.6790e-01	0.804795	0
CBR4	4	2.1864e-01	1.7136e-01	0.804795	0
CENPBD1	4	2.1868e-01	1.7136e-01	0.804795	0
YIPF4	4	2.1872e-01	1.7136e-01	0.804795	0
CHD3	4	2.1881e-01	1.7136e-01	0.804795	0
NEURL2	4	2.1885e-01	1.7136e-01	0.804795	0
YJEFN3	4	2.1890e-01	1.7136e-01	0.804795	0
FAM155B	4	2.1898e-01	1.7136e-01	0.804795	0
ATP12A	4	2.1907e-01	1.7136e-01	0.804795	0
TIPIN	4	2.1911e-01	1.7136e-01	0.804795	0
PHRF1	4	2.1915e-01	1.7136e-01	0.804795	0
TGDS	4	2.1920e-01	1.7136e-01	0.804795	0
GALR1	4	2.1924e-01	1.7136e-01	0.804795	0
SLC31A2	4	2.1933e-01	1.7136e-01	0.804795	0
TREM2	4	2.1937e-01	1.7136e-01	0.804795	0
POC5	4	2.1945e-01	1.7136e-01	0.804795	0
SLC29A4	4	2.1950e-01	1.7136e-01	0.804795	0
NRROS	4	2.1954e-01	1.7136e-01	0.804795	0
LACTBL1	4	2.1958e-01	1.7136e-01	0.804795	0
LOC645382	4	2.1963e-01	1.7136e-01	0.804795	0
GYPC	4	2.1971e-01	1.7136e-01	0.804795	0
NBPF7	4	2.1976e-01	1.7136e-01	0.804795	0
SPATA32	4	2.1984e-01	1.7136e-01	0.804795	0
UPK1B	4	2.1988e-01	1.7136e-01	0.804795	0
CPT1C	4	2.1993e-01	1.7136e-01	0.804795	0
SPANXN5	4	2.1997e-01	1.7136e-01	0.804795	0
CNN1	4	2.2001e-01	1.7136e-01	0.804795	0
FAM102B	4	2.2006e-01	1.7136e-01	0.804795	0
FAM53B	4	2.2010e-01	1.7136e-01	0.804795	0
SH3PXD2A	4	2.2014e-01	1.7136e-01	0.804795	0
SBF2	4	2.2019e-01	1.7136e-01	0.804795	0
TATDN2	4	2.2023e-01	1.7136e-01	0.804795	0
KRTAP4-7	4	2.2027e-01	1.7136e-01	0.804795	0
MNS1	4	2.2031e-01	1.7136e-01	0.804795	0
C16orf87	4	2.2036e-01	1.7136e-01	0.804795	0
CD37	4	2.2040e-01	1.7136e-01	0.804795	0
NSUN2	4	2.2044e-01	1.7136e-01	0.804795	0
COQ9	4	2.2049e-01	1.7136e-01	0.804795	0
C4orf46	4	2.2053e-01	1.7136e-01	0.804795	0
SPINK13	4	2.2057e-01	1.7136e-01	0.804795	0
TTC19	4	2.2062e-01	1.7136e-01	0.804795	0
OTC	4	2.2066e-01	1.7136e-01	0.804795	0
MRPL12	4	2.2070e-01	1.7136e-01	0.804795	0
RAB2A	4	2.2074e-01	1.7136e-01	0.804795	0
MOV10	4	2.2079e-01	1.7136e-01	0.804795	0
GPR150	4	2.2083e-01	1.7136e-01	0.804795	0
PARD3B	4	2.2092e-01	1.7136e-01	0.804795	0
GXYLT2	4	2.2096e-01	1.7136e-01	0.804795	0
TAS2R10	4	2.2113e-01	1.7136e-01	0.804795	0
KLHL21	4	2.2117e-01	1.7136e-01	0.804795	0
KIF7	4	2.2122e-01	1.7136e-01	0.804795	0
ARHGEF2	4	2.2126e-01	1.7136e-01	0.804795	0
USMG5	4	2.2135e-01	1.7136e-01	0.804795	0
TRPM4	4	2.2143e-01	1.7136e-01	0.804795	0
CEP83	4	2.2147e-01	1.7136e-01	0.804795	0
FMNL3	4	2.2154e-01	1.7136e-01	0.804795	0
CDC42EP4	4	2.2165e-01	1.7136e-01	0.804795	0
TCEB1	4	2.2169e-01	1.7136e-01	0.804795	0
LTBP1	4	2.2173e-01	1.7136e-01	0.804795	0
FBXL8	4	2.2177e-01	1.7136e-01	0.804795	0
ICAM2	4	2.2182e-01	1.7136e-01	0.804795	0
NOMO1	4	2.2186e-01	1.7136e-01	0.804795	0
FAM133B	4	2.2190e-01	1.7136e-01	0.804795	0
RANBP1	4	2.2195e-01	1.7136e-01	0.804795	0
INSL6	4	2.2199e-01	1.7136e-01	0.804795	0
C17orf100	4	2.2203e-01	1.7136e-01	0.804795	0
LIPF	4	2.2207e-01	1.7136e-01	0.804795	0
ZDHHC3	4	2.2212e-01	1.7136e-01	0.804795	0
CTSO	4	2.2216e-01	1.7136e-01	0.804795	0
VEZF1	4	2.2220e-01	1.7136e-01	0.804795	0
KCTD21	4	2.2225e-01	1.7136e-01	0.804795	0
MFSD6	4	2.2229e-01	1.7136e-01	0.804795	0
ARMC3	4	2.2233e-01	1.7136e-01	0.804795	0
FAM160B1	4	2.2242e-01	1.7136e-01	0.804795	0
KCNS2	4	2.2246e-01	1.7136e-01	0.804795	0
RNF144B	4	2.2255e-01	1.7136e-01	0.804795	0
IGSF23	4	2.2259e-01	1.7136e-01	0.804795	0
LPA	4	2.2263e-01	1.7136e-01	0.804795	0
NNAT	4	2.2272e-01	1.7480e-01	0.804795	0
TMEM89	4	2.2276e-01	1.7480e-01	0.804795	0
HOPX	4	2.2280e-01	1.7480e-01	0.804795	0
SHB	4	2.2285e-01	1.7480e-01	0.804795	0
RGL2	4	2.2298e-01	1.7480e-01	0.804795	0
ZNF674	4	2.2306e-01	1.7480e-01	0.804795	0
CD38	4	2.2310e-01	1.7480e-01	0.804795	0
EYS	4	2.2315e-01	1.7480e-01	0.804795	0
CYSTM1	4	2.2319e-01	1.7480e-01	0.804795	0
SMIM2	4	2.2323e-01	1.7480e-01	0.804795	0
GLDN	4	2.2327e-01	1.7480e-01	0.804795	0
MRPL28	4	2.2336e-01	1.7480e-01	0.804795	0
ITIH6	4	2.2340e-01	1.7480e-01	0.804795	0
ABHD1	4	2.2349e-01	1.7480e-01	0.804795	0
CLDN19	4	2.2357e-01	1.7480e-01	0.804795	0
OR8K3	4	2.2370e-01	1.7480e-01	0.804795	0
LMLN	4	2.2375e-01	1.7480e-01	0.804795	0
PCSK5	4	2.2379e-01	1.7480e-01	0.804795	0
UNC5D	4	2.2383e-01	1.7480e-01	0.804795	0
C2CD4A	4	2.2387e-01	1.7480e-01	0.804795	0
GIT1	4	2.2392e-01	1.7480e-01	0.804795	0
CCDC3	4	2.2396e-01	1.7480e-01	0.804795	0
PDE6G	4	2.2400e-01	1.7480e-01	0.804795	0
TMEM91	4	2.2405e-01	1.7480e-01	0.804795	0
IZUMO1	4	2.2409e-01	1.7480e-01	0.804795	0
LIN7A	4	2.2417e-01	1.7480e-01	0.804795	0
NFATC2IP	4	2.2422e-01	1.7480e-01	0.804795	0
MEGF8	4	2.2426e-01	1.7480e-01	0.804795	0
MCM8	4	2.2430e-01	1.7480e-01	0.804795	0
C2orf73	4	2.2439e-01	1.7828e-01	0.804795	0
KHDC1	4	2.2443e-01	1.7828e-01	0.804795	0
NTRK1	4	2.2447e-01	1.7828e-01	0.804795	0
GMFG	4	2.2452e-01	1.7828e-01	0.804795	0
DPAGT1	4	2.2456e-01	1.7828e-01	0.804795	0
ROBO4	4	2.2460e-01	1.7828e-01	0.804795	0
GPR107	4	2.2465e-01	1.7828e-01	0.804795	0
AOX1	4	2.2471e-01	1.7828e-01	0.804795	0
RBCK1	4	2.2471e-01	1.7828e-01	0.804795	0
CAMK2G	4	2.2477e-01	1.7828e-01	0.804795	0
KLF6	4	2.2482e-01	1.7828e-01	0.804795	0
GJB6	4	2.2486e-01	1.7828e-01	0.804795	0
LMOD2	4	2.2490e-01	1.7828e-01	0.804795	0
TMEM171	4	2.2494e-01	1.7828e-01	0.804795	0
IZUMO2	4	2.2499e-01	1.7828e-01	0.804795	0
CAPSL	4	2.2503e-01	1.7828e-01	0.804795	0
UIMC1	4	2.2507e-01	1.7828e-01	0.804795	0
HLA-E	4	2.2516e-01	1.7828e-01	0.804795	0
SOCS1	4	2.2520e-01	1.7828e-01	0.804795	0
DCANP1	4	2.2524e-01	1.7828e-01	0.804795	0
EXD3	4	2.2529e-01	1.7828e-01	0.804795	0
PLCE1	4	2.2533e-01	1.7828e-01	0.804795	0
TSR2	4	2.2537e-01	1.7828e-01	0.804795	0
WDR91	4	2.2546e-01	1.7828e-01	0.804795	0
ADAMDEC1	4	2.2550e-01	1.7828e-01	0.804795	0
TBC1D19	4	2.2554e-01	1.7828e-01	0.804795	0
PPP3R1	4	2.2567e-01	1.7828e-01	0.804795	0
IL15	4	2.2571e-01	1.7828e-01	0.804795	0
ARHGAP32	4	2.2580e-01	1.7828e-01	0.804795	0
ZNF578	4	2.2584e-01	1.7828e-01	0.804795	0
RAB5A	4	2.2589e-01	1.7828e-01	0.804795	0
C9orf135	4	2.2593e-01	1.7828e-01	0.804795	0
PGA5	4	2.2597e-01	1.7828e-01	0.804795	0
RCVRN	4	2.2601e-01	1.7828e-01	0.804795	0
FAM159A	4	2.2606e-01	1.7828e-01	0.804795	0
LRRTM1	4	2.2610e-01	1.7828e-01	0.804795	0
CALM1	4	2.2618e-01	1.7828e-01	0.804795	0
KRT35	4	2.2623e-01	1.7828e-01	0.804795	0
CRB3	4	2.2627e-01	1.7828e-01	0.804795	0
TBL1Y	4	2.2636e-01	1.7828e-01	0.804795	0
IRAK2	4	2.2640e-01	1.7828e-01	0.804795	0
NARF	4	2.2644e-01	1.7828e-01	0.804795	0
SOHLH1	4	2.2657e-01	1.7828e-01	0.804795	0
TMEM191C	4	2.2661e-01	1.7828e-01	0.804795	0
APOL4	4	2.2665e-01	1.7828e-01	0.804795	0
CCDC184	4	2.2670e-01	1.7828e-01	0.804795	0
PRSS42	4	2.2674e-01	1.7828e-01	0.804795	0
LRRC16A	4	2.2678e-01	1.7828e-01	0.804795	0
C1D	4	2.2682e-01	1.7828e-01	0.804795	0
SERTM1	4	2.2687e-01	1.7828e-01	0.804795	0
WNT10B	4	2.2691e-01	1.7828e-01	0.804795	0
SLC5A5	4	2.2695e-01	1.7828e-01	0.804795	0
UBQLN3	4	2.2700e-01	1.7828e-01	0.804795	0
CXorf40A	4	2.2704e-01	1.7828e-01	0.804795	0
CDNF	3	2.2704e-01	2.0108e-01	0.855376	0
PAN3	4	2.2712e-01	1.7828e-01	0.804795	0
NRXN3	4	2.2717e-01	1.7828e-01	0.804795	0
RBMY1J	4	2.2721e-01	1.7828e-01	0.804795	0
TMEM51	4	2.2725e-01	1.7828e-01	0.804795	0
IFI6	4	2.2729e-01	1.7828e-01	0.804795	0
NKX2-2	4	2.2734e-01	1.7828e-01	0.804795	0
MT1HL1	4	2.2738e-01	1.7828e-01	0.804795	0
GPSM1	4	2.2742e-01	1.7828e-01	0.804795	0
KLHL28	4	2.2747e-01	1.7828e-01	0.804795	0
NFATC1	4	2.2755e-01	1.7828e-01	0.804795	0
PDHB	4	2.2759e-01	1.7828e-01	0.804795	0
CRLF3	4	2.2764e-01	1.7828e-01	0.804795	0
SLFN13	4	2.2768e-01	1.7828e-01	0.804795	0
LOC100505841	4	2.2772e-01	1.7828e-01	0.804795	0
PRELP	4	2.2785e-01	1.7828e-01	0.804795	0
SLC12A1	4	2.2802e-01	1.7828e-01	0.804795	0
PAN2	4	2.2806e-01	1.7828e-01	0.804795	0
NSMAF	4	2.2810e-01	1.7828e-01	0.804795	0
F8	4	2.2815e-01	1.7828e-01	0.804795	0
LECT1	4	2.2823e-01	1.7828e-01	0.804795	0
IFI27	4	2.2828e-01	1.7828e-01	0.804795	0
DESI2	4	2.2832e-01	1.7828e-01	0.804795	0
NRP2	4	2.2836e-01	1.7828e-01	0.804795	0
ZNF385C	4	2.2845e-01	1.7828e-01	0.804795	0
SCN5A	4	2.2849e-01	1.7828e-01	0.804795	0
ZNF800	4	2.2853e-01	1.7828e-01	0.804795	0
SYT16	4	2.2857e-01	1.7828e-01	0.804795	0
PMCH	4	2.2862e-01	1.7828e-01	0.804795	0
TXNDC2	4	2.2866e-01	1.7828e-01	0.804795	0
FUOM	4	2.2870e-01	1.7828e-01	0.804795	0
DEFB124	4	2.2874e-01	1.7828e-01	0.804795	0
GPNMB	4	2.2879e-01	1.7828e-01	0.804795	0
ARSA	4	2.2883e-01	1.7828e-01	0.804795	0
CDH11	4	2.2887e-01	1.7828e-01	0.804795	0
ISPD	4	2.2891e-01	1.7828e-01	0.804795	0
C6orf120	4	2.2896e-01	1.7828e-01	0.804795	0
GNRHR	4	2.2904e-01	1.7828e-01	0.804795	0
EFNA1	4	2.2909e-01	1.7828e-01	0.804795	0
ABCA12	4	2.2913e-01	1.7828e-01	0.804795	0
FOXK1	4	2.2917e-01	1.7828e-01	0.804795	0
EMCN	4	2.2921e-01	1.7828e-01	0.804795	0
TNFSF4	4	2.2926e-01	1.7828e-01	0.804795	0
ZSCAN26	4	2.2930e-01	1.7828e-01	0.804795	0
TXLNG	4	2.2938e-01	1.7828e-01	0.804795	0
FAM117B	4	2.2943e-01	1.7828e-01	0.804795	0
LILRA1	4	2.2951e-01	1.7828e-01	0.804795	0
ZNF664	4	2.2955e-01	1.7828e-01	0.804795	0
PTPRR	4	2.2964e-01	1.7828e-01	0.804795	0
OCEL1	4	2.2968e-01	1.7828e-01	0.804795	0
PTPN9	4	2.2972e-01	1.7828e-01	0.804795	0
CRYAA	4	2.2977e-01	1.7828e-01	0.804795	0
POMK	4	2.2981e-01	1.7828e-01	0.804795	0
OR14J1	4	2.2994e-01	1.7828e-01	0.804795	0
UBQLN1	4	2.2998e-01	1.7828e-01	0.804795	0
LIG1	4	2.3002e-01	1.7828e-01	0.804795	0
OR4F4	4	2.3006e-01	1.7828e-01	0.804795	0
KRTAP6-3	4	2.3011e-01	1.7828e-01	0.804795	0
OR2C1	4	2.3015e-01	1.7828e-01	0.804795	0
OR1A2	4	2.3019e-01	1.7828e-01	0.804795	0
KLF13	4	2.3023e-01	1.7828e-01	0.804795	0
CLEC14A	4	2.3028e-01	1.7828e-01	0.804795	0
CST3	4	2.3041e-01	1.7828e-01	0.804795	0
SHROOM2	4	2.3045e-01	1.7828e-01	0.804795	0
PMS2	4	2.3053e-01	1.7828e-01	0.804795	0
MNX1	4	2.3062e-01	1.7828e-01	0.804795	0
SRI	4	2.3066e-01	1.7828e-01	0.804795	0
CDK17	4	2.3070e-01	1.7828e-01	0.804795	0
COX14	4	2.3075e-01	1.7828e-01	0.804795	0
SPINK1	4	2.3079e-01	1.7828e-01	0.804795	0
CBR3	4	2.3083e-01	1.7828e-01	0.804795	0
CADPS2	4	2.3092e-01	1.7828e-01	0.804795	0
IRF4	4	2.3096e-01	1.7828e-01	0.804795	0
LOC100996693	4	2.3100e-01	1.7828e-01	0.804795	0
NFAM1	4	2.3104e-01	1.7828e-01	0.804795	0
IFNA1	4	2.3109e-01	1.7828e-01	0.804795	0
ZBTB7C	4	2.3117e-01	1.7828e-01	0.804795	0
C9orf47	4	2.3121e-01	1.7828e-01	0.804795	0
SUPT20HL2	4	2.3130e-01	1.7828e-01	0.804795	0
NCKAP1L	4	2.3138e-01	1.7828e-01	0.804795	0
ZMYM4	4	2.3147e-01	1.7828e-01	0.804795	0
COG5	4	2.3155e-01	1.7828e-01	0.804795	0
ARHGAP6	4	2.3160e-01	1.7828e-01	0.804795	0
OPN1LW	4	2.3164e-01	1.7828e-01	0.804795	0
CTRC	4	2.3172e-01	1.7828e-01	0.804795	0
EMILIN3	4	2.3177e-01	1.7828e-01	0.804795	0
STX8	4	2.3181e-01	1.7828e-01	0.804795	0
EGFLAM	4	2.3185e-01	1.7828e-01	0.804795	0
RGS12	4	2.3189e-01	1.7828e-01	0.804795	0
FPR3	4	2.3194e-01	1.7828e-01	0.804795	0
ETS2	4	2.3198e-01	1.7828e-01	0.804795	0
INTS9	4	2.3202e-01	1.7828e-01	0.804795	0
EIF4EBP3	4	2.3211e-01	1.7828e-01	0.804795	0
ATXN7L3B	4	2.3219e-01	1.7828e-01	0.804795	0
FAM170B	4	2.3223e-01	1.7828e-01	0.804795	0
LGALS12	4	2.3228e-01	1.7828e-01	0.804795	0
SIGLEC5	4	2.3236e-01	1.8177e-01	0.808323	0
TLCD2	4	2.3240e-01	1.8177e-01	0.808323	0
CIDEB	4	2.3245e-01	1.8177e-01	0.808323	0
WNT8B	4	2.3249e-01	1.8177e-01	0.808323	0
FAM168B	4	2.3253e-01	1.8177e-01	0.808323	0
CCDC50	4	2.3262e-01	1.8177e-01	0.808323	0
GPR37L1	3	2.3269e-01	2.1143e-01	0.885709	0
NAA60	4	2.3270e-01	1.8177e-01	0.808323	0
OASL	4	2.3279e-01	1.8177e-01	0.808323	0
CRYZ	4	2.3283e-01	1.8177e-01	0.808323	0
TGFBRAP1	4	2.3287e-01	1.8177e-01	0.808323	0
WNT9A	4	2.3291e-01	1.8177e-01	0.808323	0
RFX8	4	2.3304e-01	1.8177e-01	0.808323	0
SERPINB10	4	2.3312e-01	1.8177e-01	0.808323	0
ALDH1A3	4	2.3317e-01	1.8177e-01	0.808323	0
MFSD5	4	2.3321e-01	1.8177e-01	0.808323	0
TSNAXIP1	4	2.3325e-01	1.8177e-01	0.808323	0
C8orf46	4	2.3329e-01	1.8177e-01	0.808323	0
LRP3	4	2.3338e-01	1.8177e-01	0.808323	0
NIN	4	2.3359e-01	1.8177e-01	0.808323	0
PROM2	4	2.3363e-01	1.8177e-01	0.808323	0
RNASE4	4	2.3368e-01	1.8177e-01	0.808323	0
RIBC2	4	2.3372e-01	1.8177e-01	0.808323	0
SLC22A17	4	2.3385e-01	1.8177e-01	0.808323	0
LOC400736	4	2.3389e-01	1.8177e-01	0.808323	0
LOC100131303	4	2.3393e-01	1.8177e-01	0.808323	0
SMURF2	4	2.3397e-01	1.8177e-01	0.808323	0
BRPF1	4	2.3402e-01	1.8177e-01	0.808323	0
HES2	4	2.3410e-01	1.8177e-01	0.808323	0
APLNR	4	2.3414e-01	1.8177e-01	0.808323	0
MKS1	4	2.3418e-01	1.8177e-01	0.808323	0
ATF2	4	2.3423e-01	1.8177e-01	0.808323	0
DNASE1	4	2.3427e-01	1.8177e-01	0.808323	0
MVB12A	4	2.3431e-01	1.8177e-01	0.808323	0
SMIM13	4	2.3435e-01	1.8177e-01	0.808323	0
NUPR1L	4	2.3440e-01	1.8177e-01	0.808323	0
ZNF205	4	2.3444e-01	1.8177e-01	0.808323	0
STK26	4	2.3448e-01	1.8177e-01	0.808323	0
OR8A1	4	2.3452e-01	1.8177e-01	0.808323	0
ZNF571	4	2.3457e-01	1.8177e-01	0.808323	0
CA8	4	2.3461e-01	1.8177e-01	0.808323	0
OR51B4	4	2.3465e-01	1.8177e-01	0.808323	0
OR5D13	4	2.3469e-01	1.8177e-01	0.808323	0
DAZ2	4	2.3474e-01	1.8177e-01	0.808323	0
CCSAP	4	2.3482e-01	1.8177e-01	0.808323	0
IFNL3	4	2.3486e-01	1.8177e-01	0.808323	0
C18orf8	4	2.3495e-01	1.8177e-01	0.808323	0
OR6K2	4	2.3499e-01	1.8177e-01	0.808323	0
KRTAP25-1	4	2.3507e-01	1.8177e-01	0.808323	0
TMEM160	4	2.3512e-01	1.8177e-01	0.808323	0
IQCF1	4	2.3516e-01	1.8177e-01	0.808323	0
MTTP	4	2.3520e-01	1.8177e-01	0.808323	0
PDS5B	4	2.3524e-01	1.8177e-01	0.808323	0
LPIN1	4	2.3529e-01	1.8177e-01	0.808323	0
DENND6B	4	2.3533e-01	1.8177e-01	0.808323	0
NRSN2	4	2.3537e-01	1.8177e-01	0.808323	0
BLVRA	4	2.3546e-01	1.8177e-01	0.808323	0
FOXP1	4	2.3550e-01	1.8177e-01	0.808323	0
SULT1C2	4	2.3554e-01	1.8177e-01	0.808323	0
SLC38A8	4	2.3558e-01	1.8177e-01	0.808323	0
SEMA3B	4	2.3563e-01	1.8177e-01	0.808323	0
OR8G2	4	2.3567e-01	1.8177e-01	0.808323	0
PITPNM2	4	2.3571e-01	1.8177e-01	0.808323	0
NEDD4	4	2.3575e-01	1.8177e-01	0.808323	0
GSG1L	4	2.3579e-01	1.8177e-01	0.808323	0
MAGI1	4	2.3588e-01	1.8525e-01	0.812466	0
MAPK12	4	2.3592e-01	1.8525e-01	0.812466	0
SPATA7	4	2.3596e-01	1.8525e-01	0.812466	0
MUC15	4	2.3601e-01	1.8525e-01	0.812466	0
B4GALNT3	4	2.3605e-01	1.8525e-01	0.812466	0
BPIFB4	4	2.3613e-01	1.8525e-01	0.812466	0
NEK4	4	2.3618e-01	1.8525e-01	0.812466	0
POFUT1	4	2.3626e-01	1.8525e-01	0.812466	0
SLC7A6	4	2.3630e-01	1.8525e-01	0.812466	0
PIK3R1	4	2.3634e-01	1.8525e-01	0.812466	0
GNAI2	4	2.3639e-01	1.8525e-01	0.812466	0
C1orf141	4	2.3643e-01	1.8525e-01	0.812466	0
TMEM9	4	2.3647e-01	1.8525e-01	0.812466	0
VCPKMT	4	2.3656e-01	1.8525e-01	0.812466	0
UBE4A	4	2.3660e-01	1.8525e-01	0.812466	0
STARD13	4	2.3664e-01	1.8525e-01	0.812466	0
CACNA1G	4	2.3668e-01	1.8525e-01	0.812466	0
HNRNPCL2	4	2.3673e-01	1.8525e-01	0.812466	0
C2orf49	4	2.3677e-01	1.8525e-01	0.812466	0
S100A1	4	2.3681e-01	1.8525e-01	0.812466	0
TMEM161A	4	2.3689e-01	1.8525e-01	0.812466	0
ADAMTS8	4	2.3694e-01	1.8525e-01	0.812466	0
USP28	4	2.3702e-01	1.8525e-01	0.812466	0
JADE2	4	2.3706e-01	1.8525e-01	0.812466	0
GPC6	4	2.3711e-01	1.8525e-01	0.812466	0
VLDLR	4	2.3715e-01	1.8525e-01	0.812466	0
OR6N1	4	2.3719e-01	1.8525e-01	0.812466	0
CTNNA2	4	2.3723e-01	1.8525e-01	0.812466	0
ENHO	4	2.3727e-01	1.8525e-01	0.812466	0
ADGRE5	4	2.3736e-01	1.8525e-01	0.812466	0
MAGI2	4	2.3740e-01	1.8525e-01	0.812466	0
SIGLEC7	4	2.3744e-01	1.8525e-01	0.812466	0
EVI5L	4	2.3749e-01	1.8525e-01	0.812466	0
PUS10	4	2.3753e-01	1.8525e-01	0.812466	0
IDNK	4	2.3757e-01	1.8525e-01	0.812466	0
RASL10B	4	2.3766e-01	1.8525e-01	0.812466	0
PTPRA	4	2.3770e-01	1.8525e-01	0.812466	0
WIZ	4	2.3774e-01	1.8525e-01	0.812466	0
TARBP1	4	2.3778e-01	1.8525e-01	0.812466	0
IPPK	4	2.3782e-01	1.8525e-01	0.812466	0
HERC2	4	2.3787e-01	1.8525e-01	0.812466	0
PHC1	4	2.3795e-01	1.8525e-01	0.812466	0
RABL6	4	2.3799e-01	1.8525e-01	0.812466	0
RAB6C	4	2.3804e-01	1.8525e-01	0.812466	0
CDK5R1	4	2.3808e-01	1.8525e-01	0.812466	0
CAMK2A	4	2.3812e-01	1.8525e-01	0.812466	0
FAM76A	4	2.3816e-01	1.8525e-01	0.812466	0
MRO	4	2.3820e-01	1.8525e-01	0.812466	0
OGFOD2	4	2.3829e-01	1.8525e-01	0.812466	0
CHUK	4	2.3837e-01	1.8525e-01	0.812466	0
BTK	4	2.3846e-01	1.8525e-01	0.812466	0
GUCY1A3	4	2.3850e-01	1.8525e-01	0.812466	0
ADGRF3	4	2.3854e-01	1.8525e-01	0.812466	0
CCDC68	4	2.3858e-01	1.8525e-01	0.812466	0
URGCP	4	2.3863e-01	1.8525e-01	0.812466	0
GOLGA8B	4	2.3867e-01	1.8525e-01	0.812466	0
TECTA	4	2.3871e-01	1.8525e-01	0.812466	0
DLX3	4	2.3875e-01	1.8525e-01	0.812466	0
PLCD3	4	2.3880e-01	1.8525e-01	0.812466	0
MYLK3	4	2.3884e-01	1.8525e-01	0.812466	0
ENO3	4	2.3892e-01	1.8866e-01	0.823835	0
MAZ	4	2.3896e-01	1.8866e-01	0.823835	0
CCDC116	4	2.3901e-01	1.8866e-01	0.823835	0
SKAP1	4	2.3905e-01	1.8866e-01	0.823835	0
PAQR9	4	2.3909e-01	1.8866e-01	0.823835	0
MRAP2	4	2.3913e-01	1.8866e-01	0.823835	0
AKAP10	4	2.3917e-01	1.8866e-01	0.823835	0
BACH1	4	2.3926e-01	1.8866e-01	0.823835	0
CDK14	4	2.3930e-01	1.8866e-01	0.823835	0
SNX5	4	2.3943e-01	1.8866e-01	0.823835	0
LCP1	4	2.3947e-01	1.8866e-01	0.823835	0
LRRC75B	4	2.3955e-01	1.8866e-01	0.823835	0
BNIP3L	4	2.3960e-01	1.8866e-01	0.823835	0
CD79A	4	2.3968e-01	1.8866e-01	0.823835	0
C10orf32	4	2.3972e-01	1.8866e-01	0.823835	0
ZNF606	4	2.3981e-01	1.9202e-01	0.836067	0
CD200R1	4	2.3993e-01	1.9544e-01	0.836067	0
CBX2	4	2.4002e-01	1.9544e-01	0.836067	0
ZBED3	4	2.4014e-01	1.9544e-01	0.836067	0
PIWIL3	4	2.4023e-01	1.9544e-01	0.836067	0
GPRC5D	4	2.4027e-01	1.9544e-01	0.836067	0
ELSPBP1	4	2.4036e-01	1.9544e-01	0.836067	0
DCTPP1	4	2.4040e-01	1.9544e-01	0.836067	0
DPY19L2	4	2.4044e-01	1.9544e-01	0.836067	0
C6orf132	4	2.4048e-01	1.9544e-01	0.836067	0
ANXA3	4	2.4052e-01	1.9544e-01	0.836067	0
SLC9A5	4	2.4057e-01	1.9544e-01	0.836067	0
RADIL	4	2.4065e-01	1.9544e-01	0.836067	0
APOO	4	2.4069e-01	1.9544e-01	0.836067	0
GLI4	4	2.4073e-01	1.9544e-01	0.836067	0
ANAPC16	4	2.4078e-01	1.9544e-01	0.836067	0
OR4C15	4	2.4090e-01	1.9544e-01	0.836067	0
C2orf50	4	2.4099e-01	1.9544e-01	0.836067	0
CKAP2L	4	2.4107e-01	1.9544e-01	0.836067	0
NPY	4	2.4111e-01	1.9544e-01	0.836067	0
ARHGAP28	4	2.4116e-01	1.9544e-01	0.836067	0
TMEM87B	4	2.4120e-01	1.9544e-01	0.836067	0
CACNB2	4	2.4128e-01	1.9544e-01	0.836067	0
MX1	4	2.4132e-01	1.9544e-01	0.836067	0
ITPR2	4	2.4137e-01	1.9544e-01	0.836067	0
MLLT6	4	2.4141e-01	1.9544e-01	0.836067	0
DHH	4	2.4145e-01	1.9544e-01	0.836067	0
H2AFB1	4	2.4149e-01	1.9544e-01	0.836067	0
CHN2	4	2.4158e-01	1.9544e-01	0.836067	0
RAB38	4	2.4166e-01	1.9544e-01	0.836067	0
ST6GALNAC1	4	2.4170e-01	1.9544e-01	0.836067	0
MPP5	4	2.4179e-01	1.9544e-01	0.836067	0
COL17A1	4	2.4187e-01	1.9544e-01	0.836067	0
GBX1	4	2.4191e-01	1.9544e-01	0.836067	0
UBP1	4	2.4200e-01	1.9544e-01	0.836067	0
GK	4	2.4208e-01	1.9544e-01	0.836067	0
CTXN2	4	2.4221e-01	1.9544e-01	0.836067	0
UGT1A1	4	2.4225e-01	1.9544e-01	0.836067	0
ZBTB14	4	2.4229e-01	1.9544e-01	0.836067	0
CNR1	4	2.4238e-01	1.9544e-01	0.836067	0
ZNF316	4	2.4242e-01	1.9544e-01	0.836067	0
AGAP2	4	2.4246e-01	1.9544e-01	0.836067	0
MSMO1	4	2.4254e-01	1.9545e-01	0.836067	0
CES4A	4	2.4263e-01	1.9545e-01	0.836067	0
PTPRB	4	2.4267e-01	1.9545e-01	0.836067	0
CTCFL	4	2.4271e-01	1.9545e-01	0.836067	0
C9orf152	4	2.4275e-01	1.9545e-01	0.836067	0
TRIM40	4	2.4280e-01	1.9545e-01	0.836067	0
KCNJ1	4	2.4288e-01	1.9545e-01	0.836067	0
MND1	4	2.4292e-01	1.9545e-01	0.836067	0
HIPK1	4	2.4296e-01	1.9545e-01	0.836067	0
KRT79	4	2.4301e-01	1.9545e-01	0.836067	0
DZIP3	4	2.4309e-01	1.9545e-01	0.836067	0
LRRC7	4	2.4317e-01	1.9545e-01	0.836067	0
PHACTR4	4	2.4322e-01	1.9545e-01	0.836067	0
NHLRC3	4	2.4326e-01	1.9545e-01	0.836067	0
ADAMTS9	4	2.4330e-01	1.9545e-01	0.836067	0
TEX19	4	2.4334e-01	1.9545e-01	0.836067	0
SLC28A1	4	2.4338e-01	1.9545e-01	0.836067	0
CNOT7	4	2.4343e-01	1.9545e-01	0.836067	0
PKN3	4	2.4359e-01	1.9545e-01	0.836067	0
HEMK1	4	2.4368e-01	1.9545e-01	0.836067	0
MYL3	4	2.4372e-01	1.9545e-01	0.836067	0
ECI2	4	2.4376e-01	1.9545e-01	0.836067	0
GABRA6	4	2.4380e-01	1.9545e-01	0.836067	0
ANKRD31	4	2.4385e-01	1.9545e-01	0.836067	0
GGA3	4	2.4389e-01	1.9545e-01	0.836067	0
KCNJ3	4	2.4393e-01	1.9545e-01	0.836067	0
CP	4	2.4401e-01	1.9545e-01	0.836067	0
CNTNAP1	4	2.4410e-01	1.9545e-01	0.836067	0
ZNRF2	4	2.4414e-01	1.9545e-01	0.836067	0
RCOR2	4	2.4427e-01	1.9545e-01	0.836067	0
DUSP3	4	2.4431e-01	1.9545e-01	0.836067	0
HAS2	4	2.4437e-01	1.9545e-01	0.836067	0
CAPZA3	4	2.4437e-01	1.9545e-01	0.836067	0
ITPK1	4	2.4443e-01	1.9545e-01	0.836067	0
MUC21	4	2.4448e-01	1.9545e-01	0.836067	0
DTD1	4	2.4456e-01	1.9545e-01	0.836067	0
MANSC4	4	2.4460e-01	1.9545e-01	0.836067	0
FAM216B	4	2.4464e-01	1.9545e-01	0.836067	0
CKB	4	2.4469e-01	1.9545e-01	0.836067	0
HDHD2	4	2.4473e-01	1.9545e-01	0.836067	0
CCDC71L	4	2.4477e-01	1.9545e-01	0.836067	0
CBX8	4	2.4481e-01	1.9545e-01	0.836067	0
PIPOX	4	2.4485e-01	1.9545e-01	0.836067	0
TRIM9	4	2.4490e-01	1.9545e-01	0.836067	0
GTF2IRD2	4	2.4494e-01	1.9545e-01	0.836067	0
MTF2	4	2.4502e-01	1.9545e-01	0.836067	0
ASF1A	4	2.4506e-01	1.9545e-01	0.836067	0
PRR15L	4	2.4511e-01	1.9545e-01	0.836067	0
FAM24A	4	2.4519e-01	1.9545e-01	0.836067	0
LTB	4	2.4527e-01	1.9880e-01	0.845857	0
FOXF2	4	2.4532e-01	1.9880e-01	0.845857	0
NUDT15	4	2.4544e-01	1.9880e-01	0.845857	0
VWA7	4	2.4548e-01	1.9880e-01	0.845857	0
PYCR1	4	2.4552e-01	1.9880e-01	0.845857	0
C1orf162	4	2.4557e-01	1.9880e-01	0.845857	0
GUF1	4	2.4561e-01	1.9880e-01	0.845857	0
AK3	4	2.4569e-01	1.9880e-01	0.845857	0
RNF44	4	2.4573e-01	1.9880e-01	0.845857	0
NAT16	4	2.4578e-01	1.9880e-01	0.845857	0
PPP6R3	4	2.4582e-01	1.9880e-01	0.845857	0
PCDHA2	4	2.4586e-01	1.9880e-01	0.845857	0
USP34	4	2.4590e-01	1.9880e-01	0.845857	0
DCAF8L2	4	2.4594e-01	1.9880e-01	0.845857	0
PCGF2	4	2.4599e-01	1.9880e-01	0.845857	0
SLC27A4	4	2.4603e-01	1.9880e-01	0.845857	0
TMEM202	4	2.4607e-01	1.9880e-01	0.845857	0
CARD17	4	2.4620e-01	1.9880e-01	0.845857	0
PRR18	4	2.4624e-01	1.9880e-01	0.845857	0
KCNJ14	4	2.4632e-01	1.9880e-01	0.845857	0
BEAN1	4	2.4636e-01	1.9880e-01	0.845857	0
APCS	4	2.4640e-01	1.9880e-01	0.845857	0
NXPE4	4	2.4649e-01	1.9880e-01	0.845857	0
OR2F1	4	2.4653e-01	1.9880e-01	0.845857	0
COLEC12	4	2.4661e-01	2.0224e-01	0.859347	0
FAM129A	4	2.4666e-01	2.0224e-01	0.859347	0
KRTAP9-6	4	2.4674e-01	2.0224e-01	0.859347	0
SAMD11	4	2.4695e-01	2.0224e-01	0.859347	0
CYP1B1	4	2.4707e-01	2.0224e-01	0.859347	0
C6orf118	4	2.4716e-01	2.0562e-01	0.868723	0
NCOR1	4	2.4720e-01	2.0562e-01	0.868723	0
SLC6A9	4	2.4724e-01	2.0562e-01	0.868723	0
SERPINA10	4	2.4730e-01	2.0562e-01	0.868723	0
GNB4	4	2.4730e-01	2.0562e-01	0.868723	0
OR1B1	4	2.4737e-01	2.0562e-01	0.868723	0
LRP6	4	2.4741e-01	2.0562e-01	0.868723	0
IZUMO3	4	2.4749e-01	2.0562e-01	0.868723	0
DNAJC19	4	2.4753e-01	2.0562e-01	0.868723	0
SEMA6A	4	2.4758e-01	2.0562e-01	0.868723	0
RAB9B	4	2.4762e-01	2.0562e-01	0.868723	0
MRPS31	4	2.4766e-01	2.0562e-01	0.868723	0
ANKRD10	4	2.4779e-01	2.0562e-01	0.868723	0
RBAK	4	2.4783e-01	2.0562e-01	0.868723	0
VKORC1	4	2.4787e-01	2.0562e-01	0.868723	0
SQSTM1	4	2.4791e-01	2.0562e-01	0.868723	0
ZNF608	4	2.4795e-01	2.0562e-01	0.868723	0
C4orf17	4	2.4799e-01	2.0562e-01	0.868723	0
PLA2G4D	4	2.4804e-01	2.0562e-01	0.868723	0
CXXC5	4	2.4808e-01	2.0562e-01	0.868723	0
ABCC1	4	2.4812e-01	2.0562e-01	0.868723	0
FASLG	4	2.4816e-01	2.0562e-01	0.868723	0
TTF2	4	2.4829e-01	2.0562e-01	0.868723	0
ACVR2B	4	2.4837e-01	2.0562e-01	0.868723	0
CASC1	4	2.4845e-01	2.0562e-01	0.868723	0
GPR151	4	2.4850e-01	2.0562e-01	0.868723	0
CYP1A1	4	2.4862e-01	2.0899e-01	0.876758	0
ZNF681	4	2.4866e-01	2.0899e-01	0.876758	0
GNPTAB	4	2.4871e-01	2.0899e-01	0.876758	0
DDX43	4	2.4875e-01	2.0899e-01	0.876758	0
GJB4	4	2.4879e-01	2.0899e-01	0.876758	0
INO80E	4	2.4883e-01	2.0899e-01	0.876758	0
TRMT2A	4	2.4891e-01	2.0899e-01	0.876758	0
KCND2	4	2.4904e-01	2.0899e-01	0.876758	0
GOLGA6L10	4	2.4912e-01	2.0899e-01	0.876758	0
LHX3	4	2.4917e-01	2.0899e-01	0.876758	0
SECISBP2L	4	2.4921e-01	2.0899e-01	0.876758	0
MYL7	4	2.4925e-01	2.0899e-01	0.876758	0
OAS2	4	2.4933e-01	2.0899e-01	0.876758	0
RNF31	4	2.4942e-01	2.0899e-01	0.876758	0
ACRBP	4	2.4946e-01	2.0899e-01	0.876758	0
MRTO4	4	2.4950e-01	2.0899e-01	0.876758	0
HEY1	4	2.4954e-01	2.0899e-01	0.876758	0
RELB	4	2.4962e-01	2.0899e-01	0.876758	0
CDH1	4	2.4971e-01	2.0899e-01	0.876758	0
BEND2	4	2.4975e-01	2.0899e-01	0.876758	0
HIST1H3H	4	2.4979e-01	2.0899e-01	0.876758	0
MAPK4	4	2.4983e-01	2.0899e-01	0.876758	0
ARSI	4	2.4987e-01	2.0899e-01	0.876758	0
PTPN22	4	2.4996e-01	2.0899e-01	0.876758	0
OOEP	4	2.5000e-01	2.0899e-01	0.876758	0
FAM193B	4	2.5004e-01	2.0899e-01	0.876758	0
GGT6	4	2.5008e-01	2.0899e-01	0.876758	0
RAP2C	4	2.5013e-01	2.0899e-01	0.876758	0
PCDHGA5	4	2.5017e-01	2.0899e-01	0.876758	0
PPP1R21	4	2.5021e-01	2.0899e-01	0.876758	0
CCNYL1	4	2.5025e-01	2.0899e-01	0.876758	0
NEUROD6	4	2.5029e-01	2.0899e-01	0.876758	0
TIGAR	3	2.5045e-01	2.2671e-01	0.906093	0
HSDL1	4	2.5046e-01	2.1238e-01	0.885709	0
FAM117A	4	2.5050e-01	2.1238e-01	0.885709	0
RABL2A	4	2.5054e-01	2.1238e-01	0.885709	0
CRYBB2	4	2.5058e-01	2.1238e-01	0.885709	0
GLRA3	4	2.5063e-01	2.1238e-01	0.885709	0
RUFY1	4	2.5075e-01	2.1238e-01	0.885709	0
BTBD10	4	2.5079e-01	2.1238e-01	0.885709	0
FLJ44635	4	2.5083e-01	2.1238e-01	0.885709	0
PLOD3	4	2.5088e-01	2.1238e-01	0.885709	0
ASTL	4	2.5092e-01	2.1238e-01	0.885709	0
MFF	4	2.5096e-01	2.1238e-01	0.885709	0
CSPG4	4	2.5100e-01	2.1238e-01	0.885709	0
IMPG1	4	2.5113e-01	2.1238e-01	0.885709	0
ADIRF	4	2.5117e-01	2.1238e-01	0.885709	0
SPINK6	4	2.5121e-01	2.1238e-01	0.885709	0
TMEM106C	4	2.5125e-01	2.1238e-01	0.885709	0
ASB15	4	2.5129e-01	2.1238e-01	0.885709	0
CCNB3	4	2.5133e-01	2.1238e-01	0.885709	0
GCOM1	4	2.5138e-01	2.1238e-01	0.885709	0
SELM	4	2.5142e-01	2.1238e-01	0.885709	0
HKR1	4	2.5146e-01	2.1238e-01	0.885709	0
SMCP	4	2.5158e-01	2.1238e-01	0.885709	0
CLEC1A	4	2.5163e-01	2.1238e-01	0.885709	0
ADGRG1	4	2.5171e-01	2.1238e-01	0.885709	0
MPC1	4	2.5175e-01	2.1238e-01	0.885709	0
SCN1A	4	2.5179e-01	2.1238e-01	0.885709	0
EGFL6	4	2.5196e-01	2.1572e-01	0.894969	0
CSMD1	4	2.5200e-01	2.1572e-01	0.894969	0
CPLX2	4	2.5208e-01	2.1572e-01	0.894969	0
P2RY10	4	2.5217e-01	2.1572e-01	0.894969	0
ZNF688	4	2.5221e-01	2.1572e-01	0.894969	0
NIPSNAP3A	4	2.5229e-01	2.1572e-01	0.894969	0
KRTAP12-3	4	2.5233e-01	2.1572e-01	0.894969	0
ARL4C	4	2.5242e-01	2.1572e-01	0.894969	0
PARP2	4	2.5246e-01	2.1572e-01	0.894969	0
FAM110A	4	2.5250e-01	2.1572e-01	0.894969	0
KIF25	4	2.5254e-01	2.1572e-01	0.894969	0
RARG	4	2.5258e-01	2.1572e-01	0.894969	0
NCF4	4	2.5267e-01	2.1572e-01	0.894969	0
FABP7	3	2.5269e-01	2.2927e-01	0.906093	0
CT45A3	4	2.5271e-01	2.1572e-01	0.894969	0
PET117	4	2.5279e-01	2.1572e-01	0.894969	0
TMEM234	4	2.5283e-01	2.1572e-01	0.894969	0
GPR27	4	2.5292e-01	2.1572e-01	0.894969	0
FAM53C	4	2.5296e-01	2.1572e-01	0.894969	0
TCL1A	4	2.5300e-01	2.1572e-01	0.894969	0
F9	4	2.5304e-01	2.1572e-01	0.894969	0
SLC22A2	4	2.5308e-01	2.1572e-01	0.894969	0
GPR85	4	2.5313e-01	2.1572e-01	0.894969	0
MGAT4B	4	2.5321e-01	2.1572e-01	0.894969	0
RCN3	4	2.5325e-01	2.1572e-01	0.894969	0
UBE2A	3	2.5333e-01	2.2927e-01	0.906093	0
NCMAP	4	2.5337e-01	2.1907e-01	0.905135	0
PPIL6	4	2.5342e-01	2.1907e-01	0.905135	0
UBE2L3	4	2.5350e-01	2.1907e-01	0.905135	0
MICU2	4	2.5354e-01	2.1907e-01	0.905135	0
TRPM6	4	2.5358e-01	2.1907e-01	0.905135	0
ARHGEF12	4	2.5362e-01	2.1907e-01	0.905135	0
MBNL3	4	2.5369e-01	2.1907e-01	0.905135	0
SPATA31A1	4	2.5369e-01	2.1907e-01	0.905135	0
FAM109A	4	2.5375e-01	2.1907e-01	0.905135	0
ADAMTS17	4	2.5379e-01	2.1907e-01	0.905135	0
KIFC2	4	2.5387e-01	2.1907e-01	0.905135	0
GRHL3	4	2.5396e-01	2.1907e-01	0.905135	0
ADGRA2	4	2.5400e-01	2.1907e-01	0.905135	0
LOC101928093	4	2.5404e-01	2.1907e-01	0.905135	0
WNK1	4	2.5408e-01	2.1907e-01	0.905135	0
PRPF18	4	2.5412e-01	2.1907e-01	0.905135	0
SLC25A20	4	2.5421e-01	2.1907e-01	0.905135	0
DRGX	4	2.5425e-01	2.1907e-01	0.905135	0
ZNF629	4	2.5437e-01	2.1907e-01	0.905135	0
FAM49B	3	2.5452e-01	2.2927e-01	0.906093	0
HOXD9	4	2.5462e-01	2.2242e-01	0.906093	0
MOS	4	2.5466e-01	2.2242e-01	0.906093	0
DMTN	4	2.5470e-01	2.2242e-01	0.906093	0
ADAM11	4	2.5475e-01	2.2242e-01	0.906093	0
GPRIN1	4	2.5479e-01	2.2242e-01	0.906093	0
CAGE1	4	2.5491e-01	2.2242e-01	0.906093	0
GLRX	4	2.5500e-01	2.2242e-01	0.906093	0
FRMPD2	4	2.5504e-01	2.2242e-01	0.906093	0
SMOC1	4	2.5508e-01	2.2242e-01	0.906093	0
CASP6	4	2.5512e-01	2.2242e-01	0.906093	0
TARDBP	4	2.5516e-01	2.2242e-01	0.906093	0
SLC6A14	4	2.5524e-01	2.2242e-01	0.906093	0
MSR1	4	2.5529e-01	2.2242e-01	0.906093	0
AR	4	2.5533e-01	2.2242e-01	0.906093	0
P2RY11	4	2.5537e-01	2.2242e-01	0.906093	0
OLFML3	4	2.5541e-01	2.2242e-01	0.906093	0
SERPINA4	4	2.5545e-01	2.2242e-01	0.906093	0
SLC9B2	4	2.5549e-01	2.2242e-01	0.906093	0
DOCK1	4	2.5554e-01	2.2242e-01	0.906093	0
IER5	4	2.5558e-01	2.2242e-01	0.906093	0
ERVV-1	4	2.5562e-01	2.2242e-01	0.906093	0
ASPH	4	2.5566e-01	2.2242e-01	0.906093	0
ATN1	4	2.5570e-01	2.2242e-01	0.906093	0
ANP32B	4	2.5574e-01	2.2242e-01	0.906093	0
TPH1	4	2.5578e-01	2.2242e-01	0.906093	0
DEFA4	4	2.5583e-01	2.2242e-01	0.906093	0
DCLK2	4	2.5595e-01	2.2242e-01	0.906093	0
CFHR1	4	2.5603e-01	2.2242e-01	0.906093	0
SLC35B3	4	2.5607e-01	2.2242e-01	0.906093	0
PRTN3	4	2.5612e-01	2.2242e-01	0.906093	0
FTCD	4	2.5616e-01	2.2242e-01	0.906093	0
FBXO18	4	2.5620e-01	2.2242e-01	0.906093	0
MFSD12	4	2.5624e-01	2.2242e-01	0.906093	0
NRCAM	4	2.5628e-01	2.2242e-01	0.906093	0
SLC2A3	4	2.5632e-01	2.2242e-01	0.906093	0
PLEKHB1	4	2.5641e-01	2.2242e-01	0.906093	0
FER1L5	4	2.5645e-01	2.2242e-01	0.906093	0
KLHL7	4	2.5649e-01	2.2242e-01	0.906093	0
PSME2	4	2.5657e-01	2.2242e-01	0.906093	0
CEACAM7	4	2.5661e-01	2.2242e-01	0.906093	0
OR56A5	4	2.5666e-01	2.2242e-01	0.906093	0
OR2G6	4	2.5674e-01	2.2242e-01	0.906093	0
PARD6B	4	2.5682e-01	2.2242e-01	0.906093	0
MLLT1	4	2.5686e-01	2.2242e-01	0.906093	0
NXT1	4	2.5695e-01	2.2242e-01	0.906093	0
SIX5	4	2.5699e-01	2.2242e-01	0.906093	0
BCL7B	4	2.5703e-01	2.2242e-01	0.906093	0
JOSD2	4	2.5711e-01	2.2242e-01	0.906093	0
RIN3	4	2.5715e-01	2.2242e-01	0.906093	0
PCYT2	4	2.5719e-01	2.2242e-01	0.906093	0
JSRP1	4	2.5724e-01	2.2242e-01	0.906093	0
RELL1	4	2.5736e-01	2.2242e-01	0.906093	0
PRKD1	4	2.5744e-01	2.2242e-01	0.906093	0
SNTB2	4	2.5748e-01	2.2242e-01	0.906093	0
RIMS1	4	2.5753e-01	2.2242e-01	0.906093	0
EFEMP1	4	2.5757e-01	2.2242e-01	0.906093	0
AIF1L	4	2.5769e-01	2.2242e-01	0.906093	0
DTHD1	4	2.5773e-01	2.2242e-01	0.906093	0
ARG2	4	2.5777e-01	2.2242e-01	0.906093	0
ZFYVE19	4	2.5782e-01	2.2242e-01	0.906093	0
ALDH3B1	4	2.5790e-01	2.2576e-01	0.906093	0
TNIP2	4	2.5794e-01	2.2576e-01	0.906093	0
DLG3	4	2.5798e-01	2.2576e-01	0.906093	0
ADAM33	4	2.5802e-01	2.2576e-01	0.906093	0
PRAMEF2	4	2.5806e-01	2.2576e-01	0.906093	0
GALNT16	4	2.5811e-01	2.2576e-01	0.906093	0
ZFP28	4	2.5815e-01	2.2576e-01	0.906093	0
AGPAT1	4	2.5827e-01	2.2576e-01	0.906093	0
RNASE1	4	2.5831e-01	2.2576e-01	0.906093	0
MPP4	4	2.5844e-01	2.2576e-01	0.906093	0
MSN	4	2.5848e-01	2.2576e-01	0.906093	0
TMED1	4	2.5856e-01	2.2576e-01	0.906093	0
TTYH2	4	2.5860e-01	2.2576e-01	0.906093	0
FCAMR	4	2.5873e-01	2.2576e-01	0.906093	0
THBS2	4	2.5877e-01	2.2576e-01	0.906093	0
GRIP1	4	2.5885e-01	2.2576e-01	0.906093	0
PTCHD3	4	2.5889e-01	2.2576e-01	0.906093	0
GPR137B	4	2.5893e-01	2.2576e-01	0.906093	0
FLRT3	4	2.5897e-01	2.2576e-01	0.906093	0
BCL7C	4	2.5906e-01	2.2576e-01	0.906093	0
FAM187B	4	2.5910e-01	2.2576e-01	0.906093	0
SALL1	4	2.5914e-01	2.2576e-01	0.906093	0
PIDD1	4	2.5918e-01	2.2576e-01	0.906093	0
CELA1	4	2.5922e-01	2.2576e-01	0.906093	0
IBTK	4	2.5926e-01	2.2576e-01	0.906093	0
LRRC31	4	2.5935e-01	2.2907e-01	0.906093	0
EFHB	4	2.5943e-01	2.2907e-01	0.906093	0
HPCAL4	4	2.5947e-01	2.2907e-01	0.906093	0
GRASP	4	2.5951e-01	2.2907e-01	0.906093	0
FAM163B	4	2.5955e-01	2.2907e-01	0.906093	0
L1CAM	4	2.5959e-01	2.2907e-01	0.906093	0
TLR7	4	2.5964e-01	2.2907e-01	0.906093	0
ELOVL7	4	2.5968e-01	2.2907e-01	0.906093	0
KMT2E	4	2.5980e-01	2.2907e-01	0.906093	0
SEZ6L2	4	2.5984e-01	2.2907e-01	0.906093	0
TRIM21	4	2.5988e-01	2.2907e-01	0.906093	0
ANO5	4	2.5992e-01	2.2907e-01	0.906093	0
ERC2	4	2.6001e-01	2.2907e-01	0.906093	0
IP6K1	4	2.6005e-01	2.2907e-01	0.906093	0
TGM6	4	2.6009e-01	2.2907e-01	0.906093	0
EVL	4	2.6017e-01	2.2907e-01	0.906093	0
RNF214	4	2.6021e-01	2.2907e-01	0.906093	0
ZNF891	4	2.6026e-01	2.2907e-01	0.906093	0
ZNF165	4	2.6030e-01	2.2907e-01	0.906093	0
USP9Y	4	2.6038e-01	2.2907e-01	0.906093	0
CC2D2A	4	2.6042e-01	2.2907e-01	0.906093	0
MPHOSPH9	4	2.6046e-01	2.2907e-01	0.906093	0
LRTM2	4	2.6059e-01	2.2907e-01	0.906093	0
IRF2BP1	4	2.6063e-01	2.2907e-01	0.906093	0
MXRA7	4	2.6067e-01	2.2907e-01	0.906093	0
SMCO2	4	2.6071e-01	2.2907e-01	0.906093	0
SPACA7	4	2.6075e-01	2.2907e-01	0.906093	0
TSPAN4	4	2.6079e-01	2.2907e-01	0.906093	0
BTBD8	4	2.6083e-01	2.2907e-01	0.906093	0
MNDA	4	2.6087e-01	2.2907e-01	0.906093	0
BMPR1A	4	2.6092e-01	2.2907e-01	0.906093	0
RASAL2	4	2.6096e-01	2.2907e-01	0.906093	0
ZNF227	4	2.6100e-01	2.2907e-01	0.906093	0
IL17F	4	2.6104e-01	2.2907e-01	0.906093	0
CERK	4	2.6108e-01	2.2907e-01	0.906093	0
PTP4A2	4	2.6112e-01	2.2907e-01	0.906093	0
CLCN5	4	2.6120e-01	2.2907e-01	0.906093	0
ACPP	4	2.6125e-01	2.2907e-01	0.906093	0
ZNF581	4	2.6129e-01	2.2907e-01	0.906093	0
TAS2R19	4	2.6137e-01	2.2907e-01	0.906093	0
PDE12	4	2.6141e-01	2.2907e-01	0.906093	0
QPCT	4	2.6145e-01	2.2907e-01	0.906093	0
TUFT1	4	2.6153e-01	2.2907e-01	0.906093	0
WFDC10B	4	2.6162e-01	2.2907e-01	0.906093	0
TNFRSF18	4	2.6170e-01	2.2907e-01	0.906093	0
KCNK5	4	2.6174e-01	2.2907e-01	0.906093	0
HBQ1	4	2.6178e-01	2.2907e-01	0.906093	0
HBD	4	2.6182e-01	2.2907e-01	0.906093	0
OR4N2	4	2.6191e-01	2.2907e-01	0.906093	0
EIF2D	4	2.6195e-01	2.2907e-01	0.906093	0
GSTM3	4	2.6203e-01	2.2907e-01	0.906093	0
FBN2	3	2.6218e-01	2.3934e-01	0.906093	0
MROH7	4	2.6219e-01	2.2907e-01	0.906093	0
KLK5	4	2.6232e-01	2.2907e-01	0.906093	0
TAF4B	4	2.6236e-01	2.2907e-01	0.906093	0
LRRTM4	4	2.6240e-01	2.2907e-01	0.906093	0
ANKFN1	4	2.6244e-01	2.2907e-01	0.906093	0
MUC3A	4	2.6248e-01	2.2907e-01	0.906093	0
MEA1	4	2.6252e-01	2.2907e-01	0.906093	0
SLC37A1	4	2.6257e-01	2.2907e-01	0.906093	0
SERAC1	4	2.6265e-01	2.2907e-01	0.906093	0
ENTPD6	4	2.6269e-01	2.2907e-01	0.906093	0
NAIF1	4	2.6273e-01	2.2907e-01	0.906093	0
IQCE	4	2.6281e-01	2.2907e-01	0.906093	0
CDAN1	4	2.6285e-01	2.2907e-01	0.906093	0
BDKRB1	4	2.6290e-01	2.2907e-01	0.906093	0
RSPO1	4	2.6294e-01	2.2907e-01	0.906093	0
EDAR	4	2.6298e-01	2.2907e-01	0.906093	0
PSMB8	4	2.6306e-01	2.2907e-01	0.906093	0
TNPO2	4	2.6314e-01	2.2907e-01	0.906093	0
F13A1	4	2.6318e-01	2.2907e-01	0.906093	0
MT1B	4	2.6327e-01	2.2907e-01	0.906093	0
CCKBR	4	2.6331e-01	2.2907e-01	0.906093	0
GAS1	4	2.6335e-01	2.2907e-01	0.906093	0
ZNF19	3	2.6339e-01	2.4181e-01	0.906093	0
CCDC108	4	2.6339e-01	2.2907e-01	0.906093	0
MYT1	4	2.6347e-01	2.2907e-01	0.906093	0
DMP1	4	2.6351e-01	2.2907e-01	0.906093	0
TTC28	4	2.6355e-01	2.2907e-01	0.906093	0
ANXA6	4	2.6360e-01	2.2907e-01	0.906093	0
TLE3	4	2.6364e-01	2.2907e-01	0.906093	0
MEIOB	4	2.6368e-01	2.2907e-01	0.906093	0
CYP19A1	4	2.6372e-01	2.2907e-01	0.906093	0
C3orf56	4	2.6376e-01	2.2907e-01	0.906093	0
NDP	4	2.6380e-01	2.2907e-01	0.906093	0
FGL1	4	2.6388e-01	2.2907e-01	0.906093	0
RCBTB2	4	2.6392e-01	2.2907e-01	0.906093	0
WSB1	4	2.6397e-01	2.2907e-01	0.906093	0
MRPL46	4	2.6401e-01	2.2907e-01	0.906093	0
GOPC	4	2.6405e-01	2.2907e-01	0.906093	0
IQCD	4	2.6409e-01	2.2907e-01	0.906093	0
SLC16A12	4	2.6413e-01	2.2907e-01	0.906093	0
BTLA	4	2.6417e-01	2.2907e-01	0.906093	0
CNN2	4	2.6421e-01	2.2907e-01	0.906093	0
KIR2DL1	4	2.6425e-01	2.2907e-01	0.906093	0
KCNN1	4	2.6429e-01	2.2907e-01	0.906093	0
OLAH	4	2.6434e-01	2.2907e-01	0.906093	0
SH3BP1	4	2.6438e-01	2.2907e-01	0.906093	0
GLS2	4	2.6442e-01	2.2907e-01	0.906093	0
STEAP1B	4	2.6446e-01	2.2907e-01	0.906093	0
ERN1	3	2.6447e-01	2.4428e-01	0.913492	0
NHS	4	2.6450e-01	2.2907e-01	0.906093	0
HSPB7	4	2.6454e-01	2.2907e-01	0.906093	0
MAN2C1	4	2.6458e-01	2.2907e-01	0.906093	0
DGKH	4	2.6462e-01	2.2907e-01	0.906093	0
ACSBG1	4	2.6479e-01	2.3242e-01	0.906093	0
RAB9A	4	2.6483e-01	2.3242e-01	0.906093	0
RALGAPA2	4	2.6491e-01	2.3242e-01	0.906093	0
GSDMB	4	2.6495e-01	2.3242e-01	0.906093	0
NPFF	4	2.6499e-01	2.3242e-01	0.906093	0
ZNF585A	4	2.6503e-01	2.3242e-01	0.906093	0
REPS2	4	2.6512e-01	2.3242e-01	0.906093	0
CDH20	4	2.6516e-01	2.3242e-01	0.906093	0
OR8B12	4	2.6524e-01	2.3567e-01	0.906093	0
PCDHGA12	4	2.6540e-01	2.3567e-01	0.906093	0
OR51M1	4	2.6545e-01	2.3567e-01	0.906093	0
TIPRL	4	2.6549e-01	2.3567e-01	0.906093	0
MPP7	4	2.6553e-01	2.3567e-01	0.906093	0
PCED1A	4	2.6557e-01	2.3567e-01	0.906093	0
ZFP2	4	2.6561e-01	2.3567e-01	0.906093	0
SPACA3	4	2.6565e-01	2.3567e-01	0.906093	0
TCTN2	4	2.6569e-01	2.3567e-01	0.906093	0
PTGES	4	2.6573e-01	2.3567e-01	0.906093	0
TAF15	4	2.6582e-01	2.3567e-01	0.906093	0
ZNF25	4	2.6586e-01	2.3567e-01	0.906093	0
FOXO6	4	2.6590e-01	2.3567e-01	0.906093	0
DNAI1	4	2.6598e-01	2.3567e-01	0.906093	0
NKAIN2	4	2.6606e-01	2.3567e-01	0.906093	0
LINGO1	4	2.6610e-01	2.3567e-01	0.906093	0
TMEM236	4	2.6614e-01	2.3567e-01	0.906093	0
CYTIP	4	2.6619e-01	2.3567e-01	0.906093	0
SPRR2G	4	2.6623e-01	2.3567e-01	0.906093	0
FGD2	4	2.6627e-01	2.3567e-01	0.906093	0
SELL	4	2.6635e-01	2.3567e-01	0.906093	0
AMACR	4	2.6643e-01	2.3567e-01	0.906093	0
CPXCR1	4	2.6647e-01	2.3567e-01	0.906093	0
VTN	4	2.6651e-01	2.3567e-01	0.906093	0
TRIM17	4	2.6655e-01	2.3567e-01	0.906093	0
EFNA2	4	2.6660e-01	2.3567e-01	0.906093	0
TBC1D13	4	2.6664e-01	2.3567e-01	0.906093	0
LCP2	4	2.6668e-01	2.3567e-01	0.906093	0
USP17L4	4	2.6672e-01	2.3567e-01	0.906093	0
LNX1	4	2.6676e-01	2.3567e-01	0.906093	0
FOXL2NB	4	2.6680e-01	2.3567e-01	0.906093	0
SMYD1	4	2.6684e-01	2.3567e-01	0.906093	0
PLA2G1B	4	2.6688e-01	2.3567e-01	0.906093	0
TAS2R40	4	2.6709e-01	2.3567e-01	0.906093	0
SYNC	4	2.6719e-01	2.3567e-01	0.906093	0
PPIC	4	2.6725e-01	2.3567e-01	0.906093	0
PRKCG	4	2.6729e-01	2.3567e-01	0.906093	0
RBP4	4	2.6737e-01	2.3567e-01	0.906093	0
REEP1	4	2.6742e-01	2.3567e-01	0.906093	0
CNR2	4	2.6746e-01	2.3567e-01	0.906093	0
CAPN13	4	2.6750e-01	2.3567e-01	0.906093	0
SOWAHA	4	2.6754e-01	2.3567e-01	0.906093	0
ERICH4	4	2.6758e-01	2.3567e-01	0.906093	0
KRT36	4	2.6762e-01	2.3567e-01	0.906093	0
PPFIA2	4	2.6766e-01	2.3567e-01	0.906093	0
FOXA3	4	2.6774e-01	2.3567e-01	0.906093	0
GTPBP10	4	2.6778e-01	2.3567e-01	0.906093	0
PCDHA10	4	2.6783e-01	2.3567e-01	0.906093	0
LAS1L	4	2.6787e-01	2.3567e-01	0.906093	0
ACBD6	4	2.6791e-01	2.3567e-01	0.906093	0
IRF2BP2	4	2.6822e-01	2.3567e-01	0.906093	0
KRTCAP3	4	2.6822e-01	2.3567e-01	0.906093	0
MFAP3L	4	2.6828e-01	2.3567e-01	0.906093	0
ZMAT3	4	2.6832e-01	2.3567e-01	0.906093	0
MTRNR2L6	4	2.6836e-01	2.3567e-01	0.906093	0
MAP4	4	2.6840e-01	2.3567e-01	0.906093	0
COL23A1	4	2.6852e-01	2.3567e-01	0.906093	0
PRICKLE4	4	2.6856e-01	2.3567e-01	0.906093	0
FBXL13	4	2.6860e-01	2.3567e-01	0.906093	0
ATG101	4	2.6865e-01	2.3567e-01	0.906093	0
TMCO1	4	2.6869e-01	2.3567e-01	0.906093	0
RNPEPL1	4	2.6873e-01	2.3567e-01	0.906093	0
ANXA7	4	2.6877e-01	2.3567e-01	0.906093	0
CLUAP1	4	2.6881e-01	2.3567e-01	0.906093	0
DENND5B	4	2.6885e-01	2.3567e-01	0.906093	0
LEMD3	4	2.6889e-01	2.3567e-01	0.906093	0
TMEM204	4	2.6893e-01	2.3567e-01	0.906093	0
DUSP18	4	2.6905e-01	2.3567e-01	0.906093	0
ZNF469	4	2.6910e-01	2.3567e-01	0.906093	0
ARHGAP17	4	2.6914e-01	2.3567e-01	0.906093	0
JADE3	4	2.6922e-01	2.3567e-01	0.906093	0
FCGRT	4	2.6926e-01	2.3567e-01	0.906093	0
VIPR2	4	2.6930e-01	2.3567e-01	0.906093	0
PDCD4	4	2.6934e-01	2.3567e-01	0.906093	0
KCNK9	4	2.6938e-01	2.3567e-01	0.906093	0
DCAF16	4	2.6942e-01	2.3567e-01	0.906093	0
MEI1	4	2.6950e-01	2.3567e-01	0.906093	0
AMOT	4	2.6959e-01	2.3567e-01	0.906093	0
SIM2	4	2.6967e-01	2.3899e-01	0.906093	0
TNRC18	4	2.6971e-01	2.3899e-01	0.906093	0
ODF3B	4	2.6975e-01	2.3899e-01	0.906093	0
TRMT44	4	2.6979e-01	2.3899e-01	0.906093	0
GATA4	4	2.6983e-01	2.3899e-01	0.906093	0
TRIML1	4	2.6987e-01	2.3899e-01	0.906093	0
FOPNL	4	2.6991e-01	2.3899e-01	0.906093	0
MINK1	4	2.7000e-01	2.3899e-01	0.906093	0
AKAP13	4	2.7004e-01	2.3899e-01	0.906093	0
SOWAHC	4	2.7012e-01	2.3899e-01	0.906093	0
RBM38	4	2.7016e-01	2.3899e-01	0.906093	0
GOSR1	4	2.7020e-01	2.3899e-01	0.906093	0
MYL6	4	2.7024e-01	2.3899e-01	0.906093	0
CDADC1	4	2.7028e-01	2.3899e-01	0.906093	0
ERCC5	4	2.7040e-01	2.3899e-01	0.906093	0
ACYP2	4	2.7053e-01	2.3899e-01	0.906093	0
MPND	4	2.7057e-01	2.3899e-01	0.906093	0
AVL9	3	2.7065e-01	2.5661e-01	0.931596	0
PDGFB	4	2.7073e-01	2.3899e-01	0.906093	0
GYPB	4	2.7077e-01	2.3899e-01	0.906093	0
UBQLNL	4	2.7081e-01	2.3899e-01	0.906093	0
GFM2	4	2.7085e-01	2.3899e-01	0.906093	0
S100A9	4	2.7090e-01	2.3899e-01	0.906093	0
MIEN1	4	2.7094e-01	2.3899e-01	0.906093	0
POLN	4	2.7098e-01	2.3899e-01	0.906093	0
DFNA5	4	2.7102e-01	2.3899e-01	0.906093	0
IP6K3	4	2.7110e-01	2.3899e-01	0.906093	0
CLEC10A	4	2.7114e-01	2.3899e-01	0.906093	0
PSTPIP1	4	2.7118e-01	2.3899e-01	0.906093	0
TNRC6B	4	2.7122e-01	2.3899e-01	0.906093	0
GNA15	4	2.7130e-01	2.3899e-01	0.906093	0
H1FNT	4	2.7134e-01	2.3899e-01	0.906093	0
ANKS1B	4	2.7139e-01	2.3899e-01	0.906093	0
ZC4H2	4	2.7143e-01	2.3899e-01	0.906093	0
WLS	4	2.7147e-01	2.3899e-01	0.906093	0
PTP4A3	4	2.7151e-01	2.3899e-01	0.906093	0
CTDSPL2	4	2.7155e-01	2.3899e-01	0.906093	0
OR52L1	4	2.7159e-01	2.3899e-01	0.906093	0
ANKRD61	4	2.7163e-01	2.3899e-01	0.906093	0
ANGPTL4	4	2.7167e-01	2.3899e-01	0.906093	0
C6orf47	4	2.7171e-01	2.3899e-01	0.906093	0
AGMO	4	2.7175e-01	2.3899e-01	0.906093	0
ZFYVE21	4	2.7179e-01	2.3899e-01	0.906093	0
AKR1C3	4	2.7183e-01	2.3899e-01	0.906093	0
CNTN2	4	2.7188e-01	2.3899e-01	0.906093	0
ARMCX5	4	2.7192e-01	2.3899e-01	0.906093	0
DENND6A	4	2.7196e-01	2.3899e-01	0.906093	0
MICAL1	4	2.7200e-01	2.3899e-01	0.906093	0
TUSC5	4	2.7204e-01	2.3899e-01	0.906093	0
RNF145	4	2.7208e-01	2.3899e-01	0.906093	0
C7orf50	4	2.7212e-01	2.3899e-01	0.906093	0
SOAT1	4	2.7216e-01	2.3899e-01	0.906093	0
SULT2A1	4	2.7220e-01	2.3899e-01	0.906093	0
MAN2B2	4	2.7228e-01	2.3899e-01	0.906093	0
DDTL	4	2.7232e-01	2.3899e-01	0.906093	0
GLYR1	4	2.7236e-01	2.3899e-01	0.906093	0
SUSD3	4	2.7245e-01	2.3899e-01	0.906093	0
ZDHHC14	4	2.7249e-01	2.3899e-01	0.906093	0
DCHS2	4	2.7253e-01	2.3899e-01	0.906093	0
MYOCD	4	2.7257e-01	2.3899e-01	0.906093	0
CCDC179	4	2.7265e-01	2.3899e-01	0.906093	0
CTAGE1	4	2.7269e-01	2.3899e-01	0.906093	0
SERPINA6	4	2.7273e-01	2.3899e-01	0.906093	0
UPRT	4	2.7281e-01	2.3899e-01	0.906093	0
CSNK1A1	4	2.7285e-01	2.3899e-01	0.906093	0
ERI2	4	2.7290e-01	2.3899e-01	0.906093	0
CCDC146	4	2.7302e-01	2.4225e-01	0.906093	0
GTF2A1L	4	2.7310e-01	2.4225e-01	0.906093	0
AANAT	4	2.7314e-01	2.4225e-01	0.906093	0
SIGLEC10	4	2.7318e-01	2.4225e-01	0.906093	0
ZBED1	4	2.7330e-01	2.4225e-01	0.906093	0
FAM20C	3	2.7332e-01	2.6148e-01	0.933010	0
PIGY	4	2.7334e-01	2.4225e-01	0.906093	0
SSH3	4	2.7338e-01	2.4225e-01	0.906093	0
TXNDC11	4	2.7343e-01	2.4225e-01	0.906093	0
COL27A1	4	2.7347e-01	2.4225e-01	0.906093	0
GSTA4	4	2.7351e-01	2.4225e-01	0.906093	0
STK17B	4	2.7355e-01	2.4225e-01	0.906093	0
UGT1A5	4	2.7359e-01	2.4225e-01	0.906093	0
SLC19A1	4	2.7367e-01	2.4225e-01	0.906093	0
HECTD4	4	2.7375e-01	2.4225e-01	0.906093	0
C14orf79	4	2.7383e-01	2.4225e-01	0.906093	0
TAS2R50	4	2.7387e-01	2.4225e-01	0.906093	0
AP3M1	4	2.7391e-01	2.4225e-01	0.906093	0
LPPR1	4	2.7395e-01	2.4225e-01	0.906093	0
DPYSL4	4	2.7400e-01	2.4225e-01	0.906093	0
ABCC4	4	2.7416e-01	2.4225e-01	0.906093	0
SEC14L2	4	2.7424e-01	2.4225e-01	0.906093	0
ARR3	4	2.7428e-01	2.4225e-01	0.906093	0
CLEC4F	4	2.7432e-01	2.4225e-01	0.906093	0
XKRX	4	2.7436e-01	2.4225e-01	0.906093	0
MARCKSL1	4	2.7440e-01	2.4225e-01	0.906093	0
KDM4B	4	2.7452e-01	2.4225e-01	0.906093	0
CA1	4	2.7457e-01	2.4225e-01	0.906093	0
OR2D3	4	2.7469e-01	2.4225e-01	0.906093	0
TCEAL4	4	2.7473e-01	2.4225e-01	0.906093	0
PTPRQ	4	2.7477e-01	2.4225e-01	0.906093	0
CENPI	4	2.7481e-01	2.4225e-01	0.906093	0
CA7	4	2.7485e-01	2.4225e-01	0.906093	0
CMC2	4	2.7489e-01	2.4225e-01	0.906093	0
TNC	4	2.7497e-01	2.4225e-01	0.906093	0
SYCE3	4	2.7501e-01	2.4225e-01	0.906093	0
IFITM10	4	2.7505e-01	2.4225e-01	0.906093	0
OR2B6	4	2.7509e-01	2.4225e-01	0.906093	0
APELA	4	2.7514e-01	2.4225e-01	0.906093	0
RSPH9	4	2.7518e-01	2.4225e-01	0.906093	0
NTNG1	4	2.7522e-01	2.4225e-01	0.906093	0
DCST2	4	2.7526e-01	2.4225e-01	0.906093	0
LDLRAD2	4	2.7530e-01	2.4225e-01	0.906093	0
TSPYL2	4	2.7534e-01	2.4225e-01	0.906093	0
B3GNT3	4	2.7538e-01	2.4225e-01	0.906093	0
BLK	4	2.7550e-01	2.4225e-01	0.906093	0
RNF169	4	2.7558e-01	2.4225e-01	0.906093	0
KCNN3	4	2.7562e-01	2.4225e-01	0.906093	0
CCIN	4	2.7570e-01	2.4225e-01	0.906093	0
GLUD1	4	2.7575e-01	2.4225e-01	0.906093	0
NIPA1	4	2.7579e-01	2.4225e-01	0.906093	0
MECP2	4	2.7583e-01	2.4225e-01	0.906093	0
THEG	4	2.7591e-01	2.4225e-01	0.906093	0
C9orf85	4	2.7595e-01	2.4225e-01	0.906093	0
RGS10	4	2.7607e-01	2.4225e-01	0.906093	0
VPS26A	4	2.7611e-01	2.4225e-01	0.906093	0
FAM126A	4	2.7615e-01	2.4225e-01	0.906093	0
CHRNB1	4	2.7623e-01	2.4225e-01	0.906093	0
RFPL4B	4	2.7627e-01	2.4225e-01	0.906093	0
SMARCD3	4	2.7631e-01	2.4225e-01	0.906093	0
SPARCL1	4	2.7635e-01	2.4225e-01	0.906093	0
ITLN1	4	2.7644e-01	2.4225e-01	0.906093	0
C12orf40	4	2.7652e-01	2.4225e-01	0.906093	0
P4HB	4	2.7660e-01	2.4225e-01	0.906093	0
TAPBPL	4	2.7664e-01	2.4225e-01	0.906093	0
SETMAR	4	2.7672e-01	2.4225e-01	0.906093	0
LHFPL1	4	2.7676e-01	2.4225e-01	0.906093	0
PLCB2	4	2.7680e-01	2.4225e-01	0.906093	0
PARM1	4	2.7692e-01	2.4225e-01	0.906093	0
CCNJL	4	2.7696e-01	2.4225e-01	0.906093	0
OR4D1	4	2.7705e-01	2.4225e-01	0.906093	0
KCNA1	4	2.7711e-01	2.4225e-01	0.906093	0
CDHR3	4	2.7717e-01	2.4225e-01	0.906093	0
ATP2B1	4	2.7721e-01	2.4225e-01	0.906093	0
GAGE10	4	2.7725e-01	2.4225e-01	0.906093	0
BAGE2	4	2.7729e-01	2.4225e-01	0.906093	0
SLITRK1	4	2.7733e-01	2.4225e-01	0.906093	0
FLVCR1	4	2.7741e-01	2.4225e-01	0.906093	0
ABCB5	4	2.7745e-01	2.4225e-01	0.906093	0
BTN3A3	4	2.7749e-01	2.4225e-01	0.906093	0
FAM166A	4	2.7761e-01	2.4225e-01	0.906093	0
TIMM21	4	2.7765e-01	2.4225e-01	0.906093	0
GSTK1	4	2.7769e-01	2.4225e-01	0.906093	0
FBXO34	4	2.7774e-01	2.4225e-01	0.906093	0
HS3ST3A1	4	2.7778e-01	2.4225e-01	0.906093	0
MEGF9	4	2.7782e-01	2.4225e-01	0.906093	0
CST9	4	2.7786e-01	2.4225e-01	0.906093	0
COL3A1	4	2.7794e-01	2.4225e-01	0.906093	0
TAAR9	4	2.7798e-01	2.4225e-01	0.906093	0
ADORA1	4	2.7802e-01	2.4225e-01	0.906093	0
ATP6V1B1	4	2.7806e-01	2.4225e-01	0.906093	0
SAPCD1	4	2.7818e-01	2.4225e-01	0.906093	0
CKM	4	2.7822e-01	2.4225e-01	0.906093	0
OR4C11	4	2.7826e-01	2.4225e-01	0.906093	0
MRPL2	4	2.7834e-01	2.4225e-01	0.906093	0
STXBP6	4	2.7838e-01	2.4225e-01	0.906093	0
HIF3A	4	2.7842e-01	2.4225e-01	0.906093	0
AURKA	4	2.7849e-01	2.4225e-01	0.906093	0
HIST1H4H	4	2.7849e-01	2.4225e-01	0.906093	0
ZNF311	4	2.7855e-01	2.4225e-01	0.906093	0
ARMCX4	4	2.7859e-01	2.4225e-01	0.906093	0
EGR3	4	2.7867e-01	2.4225e-01	0.906093	0
RINL	4	2.7879e-01	2.4225e-01	0.906093	0
OR52B4	4	2.7883e-01	2.4225e-01	0.906093	0
CHURC1	4	2.7887e-01	2.4225e-01	0.906093	0
B4GALT6	4	2.7895e-01	2.4225e-01	0.906093	0
TMEM185B	4	2.7899e-01	2.4225e-01	0.906093	0
FAM129B	4	2.7903e-01	2.4225e-01	0.906093	0
ITPR3	4	2.7907e-01	2.4225e-01	0.906093	0
UTS2R	4	2.7915e-01	2.4225e-01	0.906093	0
OR4F15	4	2.7919e-01	2.4225e-01	0.906093	0
KLRC4	4	2.7923e-01	2.4225e-01	0.906093	0
CARD18	4	2.7928e-01	2.4225e-01	0.906093	0
DYNLT3	4	2.7936e-01	2.4225e-01	0.906093	0
FLNA	4	2.7940e-01	2.4225e-01	0.906093	0
RNF149	4	2.7944e-01	2.4225e-01	0.906093	0
SYTL3	4	2.7948e-01	2.4225e-01	0.906093	0
KRT81	4	2.7952e-01	2.4225e-01	0.906093	0
HTR2C	4	2.7956e-01	2.4225e-01	0.906093	0
KLHL24	4	2.7960e-01	2.4225e-01	0.906093	0
THBD	4	2.7964e-01	2.4225e-01	0.906093	0
SUMO1	4	2.7972e-01	2.4225e-01	0.906093	0
CSRP2	4	2.7976e-01	2.4225e-01	0.906093	0
ERMP1	4	2.7984e-01	2.4225e-01	0.906093	0
ARHGEF33	4	2.7988e-01	2.4225e-01	0.906093	0
HTN1	4	2.7992e-01	2.4225e-01	0.906093	0
DEFB1	4	2.7996e-01	2.4225e-01	0.906093	0
CSRNP2	3	2.7999e-01	2.7142e-01	0.939912	0
LYPD6B	4	2.8000e-01	2.4225e-01	0.906093	0
TFPI	4	2.8004e-01	2.4225e-01	0.906093	0
MAGEA11	4	2.8009e-01	2.4225e-01	0.906093	0
C8orf86	4	2.8017e-01	2.4225e-01	0.906093	0
CCKAR	4	2.8021e-01	2.4225e-01	0.906093	0
TMEM150B	4	2.8029e-01	2.4225e-01	0.906093	0
ZNF208	4	2.8037e-01	2.4225e-01	0.906093	0
TESK1	4	2.8041e-01	2.4225e-01	0.906093	0
SDS	4	2.8045e-01	2.4225e-01	0.906093	0
ZNF619	4	2.8049e-01	2.4225e-01	0.906093	0
SSBP4	4	2.8053e-01	2.4225e-01	0.906093	0
FSCN2	4	2.8057e-01	2.4225e-01	0.906093	0
MEP1B	4	2.8061e-01	2.4225e-01	0.906093	0
ROCK1	4	2.8077e-01	2.4554e-01	0.918033	0
SERTAD2	4	2.8085e-01	2.4886e-01	0.921547	0
FYN	4	2.8089e-01	2.4886e-01	0.921547	0
TMEM184A	4	2.8093e-01	2.4886e-01	0.921547	0
BPIFA2	4	2.8098e-01	2.4886e-01	0.921547	0
GUCD1	4	2.8102e-01	2.4886e-01	0.921547	0
DNMT3L	4	2.8106e-01	2.4886e-01	0.921547	0
GALNTL5	4	2.8114e-01	2.4886e-01	0.921547	0
CACNB4	4	2.8122e-01	2.4886e-01	0.921547	0
CD300LB	4	2.8130e-01	2.4886e-01	0.921547	0
PCDHGA9	4	2.8134e-01	2.4886e-01	0.921547	0
DYDC2	4	2.8138e-01	2.4886e-01	0.921547	0
C5orf34	4	2.8146e-01	2.5207e-01	0.921547	0
TBPL2	4	2.8150e-01	2.5207e-01	0.921547	0
TMEM231	4	2.8154e-01	2.5207e-01	0.921547	0
ACAD10	4	2.8166e-01	2.5207e-01	0.921547	0
MLLT11	4	2.8170e-01	2.5207e-01	0.921547	0
PLEKHB2	4	2.8174e-01	2.5207e-01	0.921547	0
CXCL10	4	2.8182e-01	2.5207e-01	0.921547	0
CASZ1	4	2.8195e-01	2.5207e-01	0.921547	0
COMP	4	2.8199e-01	2.5207e-01	0.921547	0
LRRC69	4	2.8219e-01	2.5207e-01	0.921547	0
ZKSCAN8	4	2.8223e-01	2.5207e-01	0.921547	0
MSRA	4	2.8227e-01	2.5207e-01	0.921547	0
AMY2A	4	2.8231e-01	2.5207e-01	0.921547	0
ZNF285	4	2.8235e-01	2.5207e-01	0.921547	0
PHF14	4	2.8239e-01	2.5207e-01	0.921547	0
CKAP2	4	2.8243e-01	2.5207e-01	0.921547	0
HHATL	4	2.8247e-01	2.5207e-01	0.921547	0
NOD2	4	2.8251e-01	2.5207e-01	0.921547	0
ZNF816-ZNF321P	4	2.8255e-01	2.5207e-01	0.921547	0
RGS20	4	2.8259e-01	2.5207e-01	0.921547	0
TMEM181	4	2.8263e-01	2.5207e-01	0.921547	0
GTDC1	4	2.8267e-01	2.5207e-01	0.921547	0
LCE3D	4	2.8271e-01	2.5207e-01	0.921547	0
C1orf204	4	2.8275e-01	2.5207e-01	0.921547	0
UBE3B	4	2.8279e-01	2.5207e-01	0.921547	0
MS4A10	4	2.8283e-01	2.5207e-01	0.921547	0
CLPTM1	4	2.8287e-01	2.5207e-01	0.921547	0
MTMR7	4	2.8295e-01	2.5207e-01	0.921547	0
C3orf18	4	2.8299e-01	2.5207e-01	0.921547	0
FGB	4	2.8312e-01	2.5207e-01	0.921547	0
IGSF10	4	2.8316e-01	2.5207e-01	0.921547	0
CDH7	4	2.8320e-01	2.5207e-01	0.921547	0
SLK	4	2.8324e-01	2.5207e-01	0.921547	0
OPN3	4	2.8328e-01	2.5207e-01	0.921547	0
ADPRM	4	2.8332e-01	2.5207e-01	0.921547	0
ACTL8	4	2.8336e-01	2.5207e-01	0.921547	0
IGFBP3	4	2.8340e-01	2.5207e-01	0.921547	0
RHPN2	4	2.8344e-01	2.5207e-01	0.921547	0
EIF4E1B	4	2.8356e-01	2.5207e-01	0.921547	0
SLC18A2	4	2.8360e-01	2.5207e-01	0.921547	0
UPB1	4	2.8364e-01	2.5207e-01	0.921547	0
ANO6	4	2.8368e-01	2.5207e-01	0.921547	0
MTCP1	4	2.8372e-01	2.5207e-01	0.921547	0
REG3G	4	2.8396e-01	2.5207e-01	0.921547	0
CCNA1	4	2.8400e-01	2.5207e-01	0.921547	0
PSMD2	4	2.8408e-01	2.5207e-01	0.921547	0
ATP1B2	4	2.8412e-01	2.5207e-01	0.921547	0
TBRG1	4	2.8416e-01	2.5207e-01	0.921547	0
BCL2L10	4	2.8420e-01	2.5207e-01	0.921547	0
CR1	4	2.8429e-01	2.5207e-01	0.921547	0
ZNF256	4	2.8433e-01	2.5207e-01	0.921547	0
WFDC9	4	2.8437e-01	2.5207e-01	0.921547	0
TMEM56-RWDD3	4	2.8441e-01	2.5207e-01	0.921547	0
BIRC2	4	2.8445e-01	2.5207e-01	0.921547	0
ZMYM1	4	2.8449e-01	2.5207e-01	0.921547	0
LPAR6	4	2.8457e-01	2.5207e-01	0.921547	0
CDC20B	4	2.8461e-01	2.5207e-01	0.921547	0
KCNE1	4	2.8465e-01	2.5207e-01	0.921547	0
CENPL	4	2.8469e-01	2.5207e-01	0.921547	0
FZD9	4	2.8477e-01	2.5207e-01	0.921547	0
HIC1	4	2.8481e-01	2.5207e-01	0.921547	0
C11orf94	4	2.8489e-01	2.5207e-01	0.921547	0
RBP2	4	2.8497e-01	2.5207e-01	0.921547	0
DPY19L4	4	2.8501e-01	2.5207e-01	0.921547	0
INTS10	4	2.8505e-01	2.5207e-01	0.921547	0
B4GALNT1	4	2.8513e-01	2.5207e-01	0.921547	0
LRRC32	4	2.8517e-01	2.5207e-01	0.921547	0
LOC730183	4	2.8529e-01	2.5207e-01	0.921547	0
OR51G1	4	2.8533e-01	2.5207e-01	0.921547	0
SNTA1	4	2.8541e-01	2.5207e-01	0.921547	0
SNX29	4	2.8549e-01	2.5207e-01	0.921547	0
CDRT1	4	2.8553e-01	2.5207e-01	0.921547	0
C19orf81	4	2.8557e-01	2.5207e-01	0.921547	0
RHOT1	4	2.8565e-01	2.5207e-01	0.921547	0
SPOCK3	4	2.8577e-01	2.5207e-01	0.921547	0
KIAA1211L	4	2.8581e-01	2.5207e-01	0.921547	0
KIAA1045	4	2.8586e-01	2.5207e-01	0.921547	0
PPAPDC1B	4	2.8594e-01	2.5207e-01	0.921547	0
ZNF101	4	2.8598e-01	2.5207e-01	0.921547	0
ARHGAP10	4	2.8602e-01	2.5207e-01	0.921547	0
ATP2C2	4	2.8606e-01	2.5207e-01	0.921547	0
C1orf68	4	2.8614e-01	2.5207e-01	0.921547	0
WNT7A	4	2.8618e-01	2.5207e-01	0.921547	0
CLSTN1	4	2.8626e-01	2.5207e-01	0.921547	0
SYT3	4	2.8630e-01	2.5207e-01	0.921547	0
IGSF6	4	2.8634e-01	2.5207e-01	0.921547	0
CCL23	4	2.8642e-01	2.5207e-01	0.921547	0
AGMAT	4	2.8646e-01	2.5207e-01	0.921547	0
BAHD1	4	2.8650e-01	2.5207e-01	0.921547	0
AAMDC	4	2.8654e-01	2.5207e-01	0.921547	0
CCL13	4	2.8658e-01	2.5207e-01	0.921547	0
FAM101A	4	2.8662e-01	2.5207e-01	0.921547	0
APBB1IP	4	2.8666e-01	2.5207e-01	0.921547	0
PPTC7	4	2.8670e-01	2.5207e-01	0.921547	0
MKI67	4	2.8674e-01	2.5207e-01	0.921547	0
OR5M9	4	2.8678e-01	2.5207e-01	0.921547	0
TLR8	4	2.8686e-01	2.5207e-01	0.921547	0
HAGHL	4	2.8696e-01	2.5207e-01	0.921547	0
PRR16	4	2.8696e-01	2.5207e-01	0.921547	0
C17orf112	4	2.8702e-01	2.5207e-01	0.921547	0
FAM81B	4	2.8706e-01	2.5207e-01	0.921547	0
ADGRG4	4	2.8714e-01	2.5207e-01	0.921547	0
MVB12B	4	2.8718e-01	2.5207e-01	0.921547	0
RB1	4	2.8726e-01	2.5207e-01	0.921547	0
ZNF676	4	2.8738e-01	2.5207e-01	0.921547	0
F8A1	4	2.8746e-01	2.5525e-01	0.928035	0
RLTPR	4	2.8750e-01	2.5525e-01	0.928035	0
OCRL	4	2.8754e-01	2.5525e-01	0.928035	0
SH2D2A	4	2.8762e-01	2.5525e-01	0.928035	0
PRL	4	2.8766e-01	2.5525e-01	0.928035	0
CD24	4	2.8770e-01	2.5525e-01	0.928035	0
OR13C9	4	2.8774e-01	2.5525e-01	0.928035	0
OR51B2	4	2.8778e-01	2.5525e-01	0.928035	0
DHRS11	4	2.8782e-01	2.5525e-01	0.928035	0
LMF1	4	2.8786e-01	2.5525e-01	0.928035	0
PPM1N	4	2.8790e-01	2.5525e-01	0.928035	0
UNC13D	4	2.8794e-01	2.5525e-01	0.928035	0
SENP5	4	2.8798e-01	2.5525e-01	0.928035	0
ZNF665	4	2.8803e-01	2.5525e-01	0.928035	0
ZNF573	4	2.8807e-01	2.5525e-01	0.928035	0
ABLIM2	4	2.8815e-01	2.5525e-01	0.928035	0
GLOD5	4	2.8819e-01	2.5525e-01	0.928035	0
PDIA3	4	2.8823e-01	2.5525e-01	0.928035	0
METTL2A	4	2.8827e-01	2.5525e-01	0.928035	0
PPP2R3B	4	2.8835e-01	2.5525e-01	0.928035	0
ST18	4	2.8839e-01	2.5525e-01	0.928035	0
C7orf73	4	2.8843e-01	2.5525e-01	0.928035	0
CCNB2	4	2.8847e-01	2.5525e-01	0.928035	0
FCER1G	4	2.8855e-01	2.5525e-01	0.928035	0
INS-IGF2	4	2.8863e-01	2.5525e-01	0.928035	0
CTDSP1	4	2.8867e-01	2.5525e-01	0.928035	0
FSTL4	4	2.8871e-01	2.5525e-01	0.928035	0
CRHBP	4	2.8875e-01	2.5525e-01	0.928035	0
UTP14A	4	2.8879e-01	2.5525e-01	0.928035	0
LNX2	4	2.8891e-01	2.5848e-01	0.931596	0
PSTPIP2	4	2.8895e-01	2.5848e-01	0.931596	0
SLC25A13	4	2.8899e-01	2.5848e-01	0.931596	0
TFCP2	4	2.8903e-01	2.5848e-01	0.931596	0
CHRNA6	4	2.8907e-01	2.5848e-01	0.931596	0
CASQ2	4	2.8911e-01	2.5848e-01	0.931596	0
TBL1X	4	2.8915e-01	2.5848e-01	0.931596	0
RHBDL3	4	2.8923e-01	2.5848e-01	0.931596	0
SLC52A2	4	2.8935e-01	2.5848e-01	0.931596	0
POM121L12	4	2.8943e-01	2.5848e-01	0.931596	0
S100A12	4	2.8951e-01	2.5848e-01	0.931596	0
ECM1	4	2.8955e-01	2.5848e-01	0.931596	0
RPS6KC1	4	2.8959e-01	2.5848e-01	0.931596	0
SPAG1	4	2.8963e-01	2.5848e-01	0.931596	0
TRPM8	4	2.8967e-01	2.5848e-01	0.931596	0
OR2F2	4	2.8979e-01	2.5848e-01	0.931596	0
SNX6	4	2.8983e-01	2.5848e-01	0.931596	0
OR2T8	4	2.8987e-01	2.5848e-01	0.931596	0
TREM1	4	2.8991e-01	2.5848e-01	0.931596	0
SPATA16	4	2.8995e-01	2.5848e-01	0.931596	0
PLXNA2	4	2.9003e-01	2.5848e-01	0.931596	0
CRISPLD2	4	2.9007e-01	2.5848e-01	0.931596	0
CST9L	4	2.9011e-01	2.5848e-01	0.931596	0
MED1	4	2.9015e-01	2.5848e-01	0.931596	0
TPPP	4	2.9019e-01	2.5848e-01	0.931596	0
HSPA1B	4	2.9023e-01	2.5848e-01	0.931596	0
SNRPN	4	2.9027e-01	2.5848e-01	0.931596	0
ILK	4	2.9031e-01	2.5848e-01	0.931596	0
ZNF645	4	2.9035e-01	2.5848e-01	0.931596	0
PPP1R12B	4	2.9039e-01	2.5848e-01	0.931596	0
CERS5	4	2.9043e-01	2.5848e-01	0.931596	0
NEIL3	4	2.9051e-01	2.5848e-01	0.931596	0
BBS1	4	2.9055e-01	2.5848e-01	0.931596	0
MAPK10	4	2.9059e-01	2.5848e-01	0.931596	0
DIS3L	4	2.9067e-01	2.5848e-01	0.931596	0
MT3	4	2.9071e-01	2.5848e-01	0.931596	0
SEMG2	4	2.9095e-01	2.5848e-01	0.931596	0
C10orf107	4	2.9099e-01	2.5848e-01	0.931596	0
FREM3	4	2.9103e-01	2.5848e-01	0.931596	0
TROVE2	4	2.9107e-01	2.5848e-01	0.931596	0
CUL9	4	2.9111e-01	2.5848e-01	0.931596	0
TNFAIP2	4	2.9115e-01	2.5848e-01	0.931596	0
ZNF280C	4	2.9119e-01	2.5848e-01	0.931596	0
JPH2	4	2.9123e-01	2.5848e-01	0.931596	0
TMIE	4	2.9131e-01	2.5848e-01	0.931596	0
GFPT1	4	2.9147e-01	2.6165e-01	0.933010	0
ALG8	4	2.9151e-01	2.6165e-01	0.933010	0
TPSG1	4	2.9167e-01	2.6165e-01	0.933010	0
EDRF1	4	2.9171e-01	2.6165e-01	0.933010	0
TXLNA	4	2.9175e-01	2.6165e-01	0.933010	0
OPLAH	4	2.9191e-01	2.6165e-01	0.933010	0
CTHRC1	4	2.9195e-01	2.6165e-01	0.933010	0
ADPRHL1	4	2.9199e-01	2.6165e-01	0.933010	0
ITGB1	4	2.9207e-01	2.6165e-01	0.933010	0
PXN	4	2.9211e-01	2.6165e-01	0.933010	0
MGAT4A	4	2.9215e-01	2.6165e-01	0.933010	0
MMP1	4	2.9223e-01	2.6165e-01	0.933010	0
HSFY1	4	2.9227e-01	2.6165e-01	0.933010	0
LRMP	3	2.9235e-01	2.9548e-01	0.947244	0
RUSC2	4	2.9243e-01	2.6165e-01	0.933010	0
RFNG	4	2.9247e-01	2.6165e-01	0.933010	0
MANBAL	4	2.9255e-01	2.6165e-01	0.933010	0
LY86	4	2.9259e-01	2.6165e-01	0.933010	0
IL17C	4	2.9275e-01	2.6165e-01	0.933010	0
ANKMY1	4	2.9279e-01	2.6165e-01	0.933010	0
KAT2A	4	2.9283e-01	2.6165e-01	0.933010	0
PLEKHA4	4	2.9287e-01	2.6165e-01	0.933010	0
DCAF8	4	2.9291e-01	2.6165e-01	0.933010	0
TJP2	4	2.9295e-01	2.6165e-01	0.933010	0
EMX1	4	2.9299e-01	2.6165e-01	0.933010	0
CCK	4	2.9315e-01	2.6165e-01	0.933010	0
OR6S1	4	2.9319e-01	2.6165e-01	0.933010	0
TRIML2	4	2.9323e-01	2.6165e-01	0.933010	0
RFPL3	4	2.9327e-01	2.6165e-01	0.933010	0
SP140L	4	2.9335e-01	2.6165e-01	0.933010	0
ZBTB44	4	2.9339e-01	2.6165e-01	0.933010	0
PTPRC	4	2.9343e-01	2.6165e-01	0.933010	0
LY6G6D	4	2.9347e-01	2.6165e-01	0.933010	0
NR2C1	4	2.9355e-01	2.6165e-01	0.933010	0
SSMEM1	4	2.9363e-01	2.6165e-01	0.933010	0
NR1D1	4	2.9367e-01	2.6165e-01	0.933010	0
TMEM125	4	2.9371e-01	2.6165e-01	0.933010	0
TXNL1	4	2.9375e-01	2.6165e-01	0.933010	0
KRT38	4	2.9379e-01	2.6165e-01	0.933010	0
HIST1H3G	4	2.9383e-01	2.6165e-01	0.933010	0
ZKSCAN5	4	2.9387e-01	2.6165e-01	0.933010	0
SP5	4	2.9391e-01	2.6165e-01	0.933010	0
SOGA3	4	2.9399e-01	2.6165e-01	0.933010	0
MYO1D	4	2.9403e-01	2.6165e-01	0.933010	0
RNF13	4	2.9407e-01	2.6165e-01	0.933010	0
BCAP29	4	2.9415e-01	2.6165e-01	0.933010	0
C7orf33	4	2.9419e-01	2.6165e-01	0.933010	0
FAM71C	4	2.9427e-01	2.6165e-01	0.933010	0
SLC17A3	4	2.9431e-01	2.6165e-01	0.933010	0
GDF15	4	2.9435e-01	2.6165e-01	0.933010	0
PRSS22	4	2.9439e-01	2.6165e-01	0.933010	0
SCIN	4	2.9443e-01	2.6165e-01	0.933010	0
DCT	4	2.9446e-01	2.6165e-01	0.933010	0
EML6	4	2.9450e-01	2.6165e-01	0.933010	0
IKBKAP	4	2.9462e-01	2.6165e-01	0.933010	0
WDSUB1	4	2.9466e-01	2.6165e-01	0.933010	0
RS1	4	2.9470e-01	2.6165e-01	0.933010	0
C10orf12	4	2.9482e-01	2.6799e-01	0.939912	0
PKD1L3	4	2.9486e-01	2.6799e-01	0.939912	0
GPX6	4	2.9490e-01	2.6799e-01	0.939912	0
TNFSF18	4	2.9494e-01	2.6799e-01	0.939912	0
WNT4	4	2.9498e-01	2.6799e-01	0.939912	0
CECR1	4	2.9502e-01	2.6799e-01	0.939912	0
FOXI1	4	2.9510e-01	2.6799e-01	0.939912	0
OR11H6	4	2.9518e-01	2.6799e-01	0.939912	0
BICD1	4	2.9522e-01	2.6799e-01	0.939912	0
KIAA1024L	4	2.9526e-01	2.6799e-01	0.939912	0
UVRAG	4	2.9530e-01	2.6799e-01	0.939912	0
CES5A	4	2.9534e-01	2.6799e-01	0.939912	0
ZNF843	4	2.9538e-01	2.6799e-01	0.939912	0
CYP2J2	4	2.9542e-01	2.6799e-01	0.939912	0
SERPINB7	4	2.9546e-01	2.6799e-01	0.939912	0
C11orf45	4	2.9550e-01	2.6799e-01	0.939912	0
SAMD12	4	2.9554e-01	2.6799e-01	0.939912	0
LCMT2	4	2.9558e-01	2.6799e-01	0.939912	0
LRRC72	4	2.9562e-01	2.6799e-01	0.939912	0
OR1L3	4	2.9578e-01	2.6799e-01	0.939912	0
JAM2	4	2.9582e-01	2.6799e-01	0.939912	0
CPT2	4	2.9586e-01	2.6799e-01	0.939912	0
LPAR4	4	2.9598e-01	2.6799e-01	0.939912	0
BMP8A	4	2.9602e-01	2.6799e-01	0.939912	0
PFDN5	4	2.9606e-01	2.6799e-01	0.939912	0
EPS15L1	4	2.9610e-01	2.6799e-01	0.939912	0
FSHB	4	2.9614e-01	2.6799e-01	0.939912	0
LOC441155	4	2.9618e-01	2.6799e-01	0.939912	0
E2F6	3	2.9624e-01	2.9786e-01	0.950341	0
EIF4E2	4	2.9626e-01	2.6799e-01	0.939912	0
THEG5	4	2.9630e-01	2.6799e-01	0.939912	0
VSIG8	4	2.9638e-01	2.6799e-01	0.939912	0
ATP2B4	4	2.9646e-01	2.6799e-01	0.939912	0
CBX6	4	2.9650e-01	2.6799e-01	0.939912	0
ITSN2	4	2.9654e-01	2.6799e-01	0.939912	0
NOX3	4	2.9658e-01	2.6799e-01	0.939912	0
DBF4	4	2.9665e-01	2.6799e-01	0.939912	0
FBXW8	4	2.9669e-01	2.6799e-01	0.939912	0
WBP2	4	2.9673e-01	2.6799e-01	0.939912	0
NICN1	4	2.9681e-01	2.6799e-01	0.939912	0
ISCU	4	2.9685e-01	2.6799e-01	0.939912	0
FEM1C	4	2.9689e-01	2.6799e-01	0.939912	0
SPATA2	4	2.9693e-01	2.6799e-01	0.939912	0
MIB2	4	2.9697e-01	2.6799e-01	0.939912	0
EIF4ENIF1	4	2.9701e-01	2.6799e-01	0.939912	0
SULF1	4	2.9705e-01	2.6799e-01	0.939912	0
IL24	4	2.9713e-01	2.6799e-01	0.939912	0
MXD3	4	2.9725e-01	2.6799e-01	0.939912	0
VPS8	4	2.9729e-01	2.6799e-01	0.939912	0
RELA	4	2.9733e-01	2.6799e-01	0.939912	0
DDX17	4	2.9737e-01	2.6799e-01	0.939912	0
MILR1	4	2.9741e-01	2.6799e-01	0.939912	0
METTL22	4	2.9745e-01	2.6799e-01	0.939912	0
SSTR3	4	2.9757e-01	2.7118e-01	0.939912	0
RNASE8	4	2.9761e-01	2.7118e-01	0.939912	0
STAM2	4	2.9765e-01	2.7118e-01	0.939912	0
DHX32	4	2.9777e-01	2.7118e-01	0.939912	0
MACROD2	4	2.9781e-01	2.7118e-01	0.939912	0
TPRN	4	2.9785e-01	2.7118e-01	0.939912	0
IWS1	4	2.9789e-01	2.7118e-01	0.939912	0
FAM188A	4	2.9793e-01	2.7118e-01	0.939912	0
C16orf89	4	2.9797e-01	2.7118e-01	0.939912	0
FAM189A1	4	2.9809e-01	2.7118e-01	0.939912	0
OR2B11	4	2.9813e-01	2.7118e-01	0.939912	0
UBE2QL1	4	2.9816e-01	2.7118e-01	0.939912	0
PLCL1	4	2.9820e-01	2.7118e-01	0.939912	0
C2CD4C	3	2.9821e-01	3.0019e-01	0.953071	0
FAM170A	4	2.9824e-01	2.7118e-01	0.939912	0
ENOX2	4	2.9828e-01	2.7118e-01	0.939912	0
HOXC9	4	2.9836e-01	2.7118e-01	0.939912	0
FAM161B	4	2.9840e-01	2.7118e-01	0.939912	0
CFHR5	4	2.9846e-01	2.7118e-01	0.939912	0
SYNPO	4	2.9846e-01	2.7118e-01	0.939912	0
GCFC2	4	2.9856e-01	2.7118e-01	0.939912	0
SNX3	4	2.9864e-01	2.7118e-01	0.939912	0
TMEM265	4	2.9868e-01	2.7118e-01	0.939912	0
C12orf75	4	2.9872e-01	2.7118e-01	0.939912	0
CFD	4	2.9876e-01	2.7118e-01	0.939912	0
ZNF700	4	2.9888e-01	2.7118e-01	0.939912	0
FAM47A	4	2.9896e-01	2.7118e-01	0.939912	0
MSRB3	4	2.9900e-01	2.7118e-01	0.939912	0
CARD6	4	2.9904e-01	2.7118e-01	0.939912	0
TIMM50	4	2.9920e-01	2.7118e-01	0.939912	0
RNF219	4	2.9932e-01	2.7118e-01	0.939912	0
PISD	4	2.9936e-01	2.7118e-01	0.939912	0
KIAA1109	4	2.9939e-01	2.7118e-01	0.939912	0
ACIN1	4	2.9943e-01	2.7118e-01	0.939912	0
MATN4	4	2.9947e-01	2.7118e-01	0.939912	0
EFHC2	4	2.9955e-01	2.7118e-01	0.939912	0
CSNK1G1	4	2.9959e-01	2.7118e-01	0.939912	0
MAP3K5	4	2.9967e-01	2.7118e-01	0.939912	0
PCDHGB5	4	2.9975e-01	2.7118e-01	0.939912	0
KLHL4	4	2.9987e-01	2.7118e-01	0.939912	0
RBM12B	4	2.9991e-01	2.7118e-01	0.939912	0
ZNF560	4	2.9995e-01	2.7118e-01	0.939912	0
ARHGAP33	4	2.9999e-01	2.7118e-01	0.939912	0
UFM1	4	3.0003e-01	2.7118e-01	0.939912	0
KLK7	4	3.0007e-01	2.7118e-01	0.939912	0
NOMO3	4	3.0023e-01	2.7118e-01	0.939912	0
C19orf70	4	3.0027e-01	2.7118e-01	0.939912	0
FAM13B	4	3.0031e-01	2.7118e-01	0.939912	0
PRPSAP1	4	3.0035e-01	2.7118e-01	0.939912	0
IQSEC2	4	3.0039e-01	2.7118e-01	0.939912	0
FLYWCH2	4	3.0047e-01	2.7118e-01	0.939912	0
C16orf58	4	3.0050e-01	2.7118e-01	0.939912	0
HTR3A	4	3.0054e-01	2.7118e-01	0.939912	0
S1PR5	4	3.0058e-01	2.7118e-01	0.939912	0
PHOSPHO2	4	3.0062e-01	2.7118e-01	0.939912	0
KREMEN1	4	3.0066e-01	2.7118e-01	0.939912	0
ST20	4	3.0078e-01	2.7118e-01	0.939912	0
SORCS2	4	3.0090e-01	2.7118e-01	0.939912	0
NCR3LG1	4	3.0094e-01	2.7118e-01	0.939912	0
TRIM32	4	3.0098e-01	2.7118e-01	0.939912	0
CH25H	4	3.0106e-01	2.7440e-01	0.939912	0
ARL17A	4	3.0110e-01	2.7440e-01	0.939912	0
VASH2	4	3.0114e-01	2.7440e-01	0.939912	0
TRAT1	4	3.0122e-01	2.7440e-01	0.939912	0
LHX2	4	3.0126e-01	2.7440e-01	0.939912	0
PRKCA	4	3.0134e-01	2.7440e-01	0.939912	0
HACE1	4	3.0138e-01	2.7440e-01	0.939912	0
TCEAL3	4	3.0142e-01	2.7440e-01	0.939912	0
SEMA5A	4	3.0145e-01	2.7440e-01	0.939912	0
PRB3	4	3.0169e-01	2.7757e-01	0.939912	0
LOC100130705	4	3.0177e-01	2.7757e-01	0.939912	0
HDGF	4	3.0181e-01	2.7757e-01	0.939912	0
PMEL	4	3.0185e-01	2.7757e-01	0.939912	0
IPO8	4	3.0189e-01	2.7757e-01	0.939912	0
ATG3	4	3.0197e-01	2.7757e-01	0.939912	0
C20orf195	4	3.0201e-01	2.7757e-01	0.939912	0
MTERF4	4	3.0215e-01	2.7757e-01	0.939912	0
SLC39A10	4	3.0215e-01	2.7757e-01	0.939912	0
CD96	4	3.0221e-01	2.7757e-01	0.939912	0
ZNF785	4	3.0229e-01	2.7757e-01	0.939912	0
FAM149A	4	3.0232e-01	2.7757e-01	0.939912	0
AHRR	4	3.0236e-01	2.7757e-01	0.939912	0
OR5K2	4	3.0240e-01	2.7757e-01	0.939912	0
LLGL1	4	3.0244e-01	2.7757e-01	0.939912	0
MYO18B	4	3.0248e-01	2.7757e-01	0.939912	0
ZNF185	4	3.0256e-01	2.7757e-01	0.939912	0
FOXD4L4	4	3.0264e-01	2.7757e-01	0.939912	0
REPS1	4	3.0268e-01	2.7757e-01	0.939912	0
USP17L19	4	3.0272e-01	2.7757e-01	0.939912	0
SCARF2	4	3.0276e-01	2.7757e-01	0.939912	0
NKAIN3	4	3.0280e-01	2.7757e-01	0.939912	0
IFIT2	4	3.0284e-01	2.7757e-01	0.939912	0
PACS2	4	3.0288e-01	2.7757e-01	0.939912	0
HNRNPH2	4	3.0302e-01	2.7757e-01	0.939912	0
CLGN	4	3.0302e-01	2.7757e-01	0.939912	0
JMJD7-PLA2G4B	4	3.0308e-01	2.7757e-01	0.939912	0
GLI1	4	3.0312e-01	2.7757e-01	0.939912	0
AKT1S1	4	3.0315e-01	2.7757e-01	0.939912	0
INMT	4	3.0319e-01	2.7757e-01	0.939912	0
POPDC2	4	3.0335e-01	2.7757e-01	0.939912	0
FAM21C	4	3.0339e-01	2.7757e-01	0.939912	0
DHX29	4	3.0351e-01	2.7757e-01	0.939912	0
MIP	4	3.0355e-01	2.7757e-01	0.939912	0
MYDGF	4	3.0367e-01	2.7757e-01	0.939912	0
CPVL	4	3.0371e-01	2.7757e-01	0.939912	0
KLHL12	4	3.0375e-01	2.7757e-01	0.939912	0
TNS4	4	3.0379e-01	2.7757e-01	0.939912	0
CCDC155	4	3.0385e-01	2.7757e-01	0.939912	0
MED14OS	4	3.0385e-01	2.7757e-01	0.939912	0
ODF4	4	3.0390e-01	2.7757e-01	0.939912	0
OR52K1	4	3.0394e-01	2.7757e-01	0.939912	0
PCMT1	4	3.0398e-01	2.7757e-01	0.939912	0
APOC1	4	3.0402e-01	2.7757e-01	0.939912	0
ANGPT2	4	3.0414e-01	2.7757e-01	0.939912	0
NXPH1	4	3.0418e-01	2.7757e-01	0.939912	0
IGSF8	4	3.0426e-01	2.7757e-01	0.939912	0
STRA8	4	3.0430e-01	2.7757e-01	0.939912	0
OR4Q3	4	3.0438e-01	2.8078e-01	0.939912	0
TMEM14B	4	3.0442e-01	2.8078e-01	0.939912	0
CLSTN3	4	3.0446e-01	2.8078e-01	0.939912	0
EPN3	4	3.0450e-01	2.8078e-01	0.939912	0
CEACAM19	4	3.0461e-01	2.8078e-01	0.939912	0
MEOX2	4	3.0465e-01	2.8078e-01	0.939912	0
ELMO3	4	3.0469e-01	2.8078e-01	0.939912	0
HACD4	4	3.0473e-01	2.8078e-01	0.939912	0
FAM47E	4	3.0481e-01	2.8078e-01	0.939912	0
CACNG4	4	3.0489e-01	2.8078e-01	0.939912	0
TAF1L	4	3.0501e-01	2.8078e-01	0.939912	0
MTNR1B	4	3.0505e-01	2.8078e-01	0.939912	0
C10orf128	4	3.0513e-01	2.8078e-01	0.939912	0
ALG14	4	3.0517e-01	2.8078e-01	0.939912	0
CLEC4E	4	3.0521e-01	2.8078e-01	0.939912	0
PPEF1	4	3.0525e-01	2.8078e-01	0.939912	0
NTN5	4	3.0528e-01	2.8078e-01	0.939912	0
HMSD	4	3.0532e-01	2.8078e-01	0.939912	0
TIA1	4	3.0536e-01	2.8078e-01	0.939912	0
KLF5	4	3.0540e-01	2.8078e-01	0.939912	0
TMOD2	4	3.0548e-01	2.8078e-01	0.939912	0
PSMB11	4	3.0552e-01	2.8078e-01	0.939912	0
OR13C8	4	3.0556e-01	2.8078e-01	0.939912	0
CCDC120	4	3.0560e-01	2.8078e-01	0.939912	0
GLRB	4	3.0566e-01	2.8078e-01	0.939912	0
UGDH	4	3.0566e-01	2.8078e-01	0.939912	0
NTS	4	3.0572e-01	2.8078e-01	0.939912	0
PDGFA	4	3.0580e-01	2.8078e-01	0.939912	0
ZNF740	4	3.0584e-01	2.8078e-01	0.939912	0
PDCD1LG2	4	3.0588e-01	2.8078e-01	0.939912	0
CDH8	4	3.0592e-01	2.8078e-01	0.939912	0
FERMT1	4	3.0595e-01	2.8078e-01	0.939912	0
CTSC	4	3.0607e-01	2.8078e-01	0.939912	0
KCNK1	4	3.0611e-01	2.8078e-01	0.939912	0
GLB1L2	3	3.0612e-01	3.0957e-01	0.968192	0
AP1G2	4	3.0615e-01	2.8078e-01	0.939912	0
LGALS7B	4	3.0619e-01	2.8078e-01	0.939912	0
PRH1	4	3.0627e-01	2.8078e-01	0.939912	0
FBXO31	4	3.0631e-01	2.8078e-01	0.939912	0
FAM92A1	4	3.0635e-01	2.8078e-01	0.939912	0
RPGRIP1L	4	3.0643e-01	2.8078e-01	0.939912	0
SLC24A4	4	3.0651e-01	2.8078e-01	0.939912	0
ATG10	4	3.0662e-01	2.8078e-01	0.939912	0
ZNF461	4	3.0666e-01	2.8078e-01	0.939912	0
FAM83G	4	3.0670e-01	2.8078e-01	0.939912	0
PTPRE	4	3.0674e-01	2.8078e-01	0.939912	0
OR4F3	4	3.0690e-01	2.8078e-01	0.939912	0
RHBDF1	4	3.0702e-01	2.8391e-01	0.939912	0
FAM26E	4	3.0710e-01	2.8391e-01	0.939912	0
BHMT	4	3.0713e-01	2.8391e-01	0.939912	0
OSCP1	4	3.0717e-01	2.8391e-01	0.939912	0
KCNA5	4	3.0721e-01	2.8391e-01	0.939912	0
LIN52	4	3.0725e-01	2.8391e-01	0.939912	0
LENEP	4	3.0733e-01	2.8391e-01	0.939912	0
CELA3B	4	3.0737e-01	2.8391e-01	0.939912	0
BRINP3	4	3.0749e-01	2.8391e-01	0.939912	0
EPB41L1	4	3.0753e-01	2.8391e-01	0.939912	0
TRADD	4	3.0757e-01	2.8391e-01	0.939912	0
KIAA0040	4	3.0761e-01	2.8391e-01	0.939912	0
CDC42BPB	4	3.0765e-01	2.8391e-01	0.939912	0
AKAP3	4	3.0772e-01	2.8391e-01	0.939912	0
TMEM179	4	3.0776e-01	2.8391e-01	0.939912	0
GAGE12H	4	3.0780e-01	2.8391e-01	0.939912	0
ZNF806	4	3.0788e-01	2.8391e-01	0.939912	0
MEF2BNB-MEF2B	4	3.0792e-01	2.8391e-01	0.939912	0
GFY	4	3.0804e-01	2.8698e-01	0.939912	0
OTUB2	4	3.0808e-01	2.8698e-01	0.939912	0
PSCA	4	3.0812e-01	2.8698e-01	0.939912	0
RDH11	4	3.0816e-01	2.8698e-01	0.939912	0
ZNF852	4	3.0820e-01	2.8698e-01	0.939912	0
SLC34A2	4	3.0827e-01	2.8698e-01	0.939912	0
NKIRAS1	4	3.0831e-01	2.8698e-01	0.939912	0
RASL12	4	3.0839e-01	2.8698e-01	0.939912	0
MARVELD3	4	3.0843e-01	2.8698e-01	0.939912	0
MYH15	4	3.0851e-01	2.8698e-01	0.939912	0
LETM2	4	3.0855e-01	2.8698e-01	0.939912	0
C4orf45	4	3.0859e-01	2.8698e-01	0.939912	0
DAZ3	4	3.0863e-01	2.8698e-01	0.939912	0
TMEM229B	4	3.0867e-01	2.8698e-01	0.939912	0
SUPT6H	4	3.0871e-01	2.8698e-01	0.939912	0
AGAP1	4	3.0875e-01	2.8698e-01	0.939912	0
B3GALT6	4	3.0879e-01	2.8698e-01	0.939912	0
HSF2	4	3.0886e-01	2.8698e-01	0.939912	0
RHOF	4	3.0894e-01	2.8698e-01	0.939912	0
POTEG	4	3.0898e-01	2.8698e-01	0.939912	0
FAM216A	4	3.0902e-01	2.8698e-01	0.939912	0
CD68	4	3.0906e-01	2.8698e-01	0.939912	0
FHL3	4	3.0910e-01	2.8698e-01	0.939912	0
CAMK1G	4	3.0914e-01	2.8698e-01	0.939912	0
AHDC1	4	3.0918e-01	2.8698e-01	0.939912	0
DCAF17	4	3.0922e-01	2.8698e-01	0.939912	0
ADAM20	4	3.0930e-01	2.8698e-01	0.939912	0
GLTSCR1L	4	3.0933e-01	2.8698e-01	0.939912	0
POU5F1	4	3.0937e-01	2.8698e-01	0.939912	0
RUNX1T1	4	3.0941e-01	2.8698e-01	0.939912	0
SGPP2	4	3.0945e-01	2.8698e-01	0.939912	0
RAPH1	4	3.0949e-01	2.8698e-01	0.939912	0
C1QTNF9	4	3.0953e-01	2.8698e-01	0.939912	0
SUV39H2	4	3.0965e-01	2.8698e-01	0.939912	0
APLP2	4	3.0975e-01	2.8698e-01	0.939912	0
DLGAP1	4	3.0975e-01	2.8698e-01	0.939912	0
CDC42EP3	4	3.0981e-01	2.8698e-01	0.939912	0
C1orf86	4	3.0988e-01	2.8698e-01	0.939912	0
CYP27C1	4	3.0996e-01	2.8698e-01	0.939912	0
SPX	4	3.1000e-01	2.8698e-01	0.939912	0
SUGCT	4	3.1004e-01	2.8698e-01	0.939912	0
ELL2	4	3.1008e-01	2.8698e-01	0.939912	0
ASPHD2	4	3.1012e-01	2.8698e-01	0.939912	0
RALGPS2	4	3.1016e-01	2.8698e-01	0.939912	0
NDRG1	4	3.1020e-01	2.8698e-01	0.939912	0
FAM195A	4	3.1035e-01	2.8698e-01	0.939912	0
BPI	4	3.1039e-01	2.8698e-01	0.939912	0
C11orf68	4	3.1043e-01	2.8698e-01	0.939912	0
RAB6A	4	3.1047e-01	2.8698e-01	0.939912	0
HIST1H2AE	4	3.1055e-01	2.8698e-01	0.939912	0
ZSWIM3	4	3.1059e-01	2.8698e-01	0.939912	0
TRIB3	4	3.1063e-01	2.8698e-01	0.939912	0
TAS2R30	4	3.1071e-01	2.8698e-01	0.939912	0
ZNF836	4	3.1075e-01	2.8698e-01	0.939912	0
SLC41A2	4	3.1078e-01	2.8698e-01	0.939912	0
FBF1	4	3.1082e-01	2.8698e-01	0.939912	0
LCN12	4	3.1086e-01	2.8698e-01	0.939912	0
MYBPH	4	3.1094e-01	2.8698e-01	0.939912	0
FAM134A	4	3.1098e-01	2.8698e-01	0.939912	0
AREG	4	3.1106e-01	2.8698e-01	0.939912	0
SELO	4	3.1110e-01	2.8698e-01	0.939912	0
EPCAM	4	3.1118e-01	2.8698e-01	0.939912	0
FOXP3	4	3.1122e-01	2.8698e-01	0.939912	0
PCDHB10	4	3.1125e-01	2.8698e-01	0.939912	0
PHF21B	4	3.1129e-01	2.8698e-01	0.939912	0
PRKAG1	4	3.1133e-01	2.8698e-01	0.939912	0
ITPR1	4	3.1141e-01	2.8698e-01	0.939912	0
ARRDC1	4	3.1145e-01	2.8698e-01	0.939912	0
ACSM6	4	3.1149e-01	2.8698e-01	0.939912	0
FUBP3	4	3.1153e-01	2.8698e-01	0.939912	0
TRPC1	4	3.1161e-01	2.8698e-01	0.939912	0
ZNF689	4	3.1165e-01	2.8698e-01	0.939912	0
TFF3	4	3.1172e-01	2.8698e-01	0.939912	0
ELK4	4	3.1176e-01	2.8698e-01	0.939912	0
ANXA9	4	3.1180e-01	2.8698e-01	0.939912	0
ACO1	4	3.1188e-01	2.8698e-01	0.939912	0
SLC26A1	4	3.1196e-01	2.8698e-01	0.939912	0
GRIA2	4	3.1200e-01	2.8698e-01	0.939912	0
HSPA12A	4	3.1215e-01	2.8698e-01	0.939912	0
CLUH	4	3.1219e-01	2.8698e-01	0.939912	0
HEBP2	4	3.1223e-01	2.8698e-01	0.939912	0
KRTAP26-1	4	3.1227e-01	2.8698e-01	0.939912	0
HPSE2	4	3.1231e-01	2.8698e-01	0.939912	0
HBA1	4	3.1235e-01	2.8698e-01	0.939912	0
BSN	4	3.1239e-01	2.8698e-01	0.939912	0
ALOX15	4	3.1255e-01	2.8698e-01	0.939912	0
BCL11A	4	3.1266e-01	2.8698e-01	0.939912	0
ANKRD54	4	3.1270e-01	2.8698e-01	0.939912	0
PANK2	4	3.1274e-01	2.8698e-01	0.939912	0
PRSS12	4	3.1278e-01	2.8698e-01	0.939912	0
LUZP6	4	3.1282e-01	2.8698e-01	0.939912	0
ZNF557	4	3.1290e-01	2.8698e-01	0.939912	0
NCOA2	4	3.1294e-01	2.8698e-01	0.939912	0
AMPH	4	3.1301e-01	2.8698e-01	0.939912	0
NOVA2	4	3.1305e-01	2.8698e-01	0.939912	0
RBMY1D	4	3.1309e-01	2.8698e-01	0.939912	0
TRAF5	4	3.1317e-01	2.8698e-01	0.939912	0
C2orf71	4	3.1321e-01	2.8698e-01	0.939912	0
FBXL14	4	3.1325e-01	2.8698e-01	0.939912	0
NUDT7	4	3.1333e-01	2.8698e-01	0.939912	0
CCL8	4	3.1341e-01	2.8698e-01	0.939912	0
MMP17	4	3.1344e-01	2.8698e-01	0.939912	0
TMX4	4	3.1348e-01	2.8698e-01	0.939912	0
NOL3	4	3.1356e-01	2.8698e-01	0.939912	0
TXNDC12	4	3.1360e-01	2.8698e-01	0.939912	0
GBP6	4	3.1364e-01	2.8698e-01	0.939912	0
VPS13C	4	3.1368e-01	2.8698e-01	0.939912	0
SPANXD	4	3.1372e-01	2.8698e-01	0.939912	0
UBASH3B	4	3.1384e-01	2.8698e-01	0.939912	0
MGST1	4	3.1391e-01	2.8698e-01	0.939912	0
SLC18A3	4	3.1395e-01	2.8698e-01	0.939912	0
BPY2C	4	3.1403e-01	2.8698e-01	0.939912	0
CPXM2	4	3.1407e-01	2.8698e-01	0.939912	0
C19orf80	4	3.1411e-01	2.8698e-01	0.939912	0
SLC22A18AS	4	3.1415e-01	2.8698e-01	0.939912	0
SNX18	4	3.1419e-01	2.8698e-01	0.939912	0
SNX12	4	3.1423e-01	2.8698e-01	0.939912	0
ACP1	4	3.1436e-01	2.8698e-01	0.939912	0
OR5T3	4	3.1446e-01	2.8698e-01	0.939912	0
CCL28	4	3.1450e-01	2.8698e-01	0.939912	0
KCNK16	4	3.1454e-01	2.8698e-01	0.939912	0
CYTH3	4	3.1462e-01	2.8698e-01	0.939912	0
PLAC9	4	3.1465e-01	2.8698e-01	0.939912	0
FLJ45513	4	3.1469e-01	2.8698e-01	0.939912	0
SLC4A1	4	3.1473e-01	2.8698e-01	0.939912	0
ZNF45	4	3.1481e-01	2.8698e-01	0.939912	0
SOST	4	3.1485e-01	2.8698e-01	0.939912	0
RAB19	4	3.1493e-01	2.8698e-01	0.939912	0
SMG6	4	3.1497e-01	2.8698e-01	0.939912	0
NDUFA9	4	3.1501e-01	2.8698e-01	0.939912	0
GPR162	4	3.1504e-01	2.8698e-01	0.939912	0
PCDH11Y	4	3.1508e-01	2.8698e-01	0.939912	0
PTX3	4	3.1520e-01	2.8698e-01	0.939912	0
NDST3	4	3.1524e-01	2.8698e-01	0.939912	0
SEBOX	4	3.1532e-01	2.8698e-01	0.939912	0
CAMP	4	3.1536e-01	2.8698e-01	0.939912	0
TREML1	4	3.1551e-01	2.8698e-01	0.939912	0
RGS7	4	3.1559e-01	2.8698e-01	0.939912	0
TTC9B	4	3.1563e-01	2.8698e-01	0.939912	0
LBH	4	3.1575e-01	2.8698e-01	0.939912	0
ASCL1	4	3.1579e-01	2.8698e-01	0.939912	0
TIAM1	4	3.1584e-01	2.8698e-01	0.939912	0
USP54	4	3.1590e-01	2.8698e-01	0.939912	0
STAMBPL1	4	3.1594e-01	2.8698e-01	0.939912	0
SPINK14	4	3.1598e-01	2.8698e-01	0.939912	0
PNPLA4	4	3.1602e-01	2.8698e-01	0.939912	0
SLC24A2	4	3.1610e-01	2.8698e-01	0.939912	0
MZB1	4	3.1614e-01	2.8698e-01	0.939912	0
ADCYAP1R1	4	3.1619e-01	2.8698e-01	0.939912	0
RSPH6A	4	3.1625e-01	2.8698e-01	0.939912	0
NPPB	4	3.1633e-01	2.8698e-01	0.939912	0
NR5A1	4	3.1637e-01	2.8698e-01	0.939912	0
KCNS3	4	3.1641e-01	2.8698e-01	0.939912	0
ARL6IP4	4	3.1645e-01	2.8698e-01	0.939912	0
PEPD	4	3.1652e-01	2.8698e-01	0.939912	0
ZNF823	4	3.1656e-01	2.8698e-01	0.939912	0
MRPS28	4	3.1660e-01	2.8698e-01	0.939912	0
CLEC16A	4	3.1664e-01	2.8698e-01	0.939912	0
ACTBL2	4	3.1668e-01	2.8698e-01	0.939912	0
RFFL	4	3.1672e-01	2.8698e-01	0.939912	0
DIAPH3	4	3.1676e-01	2.8698e-01	0.939912	0
MGAM2	4	3.1684e-01	2.8698e-01	0.939912	0
CASP10	4	3.1688e-01	2.8698e-01	0.939912	0
EIF4EBP2	4	3.1691e-01	2.8698e-01	0.939912	0
FAM26F	4	3.1695e-01	2.8698e-01	0.939912	0
EDF1	4	3.1699e-01	2.8698e-01	0.939912	0
STYXL1	4	3.1703e-01	2.8698e-01	0.939912	0
PTHLH	4	3.1711e-01	2.8698e-01	0.939912	0
GRPR	4	3.1715e-01	2.8698e-01	0.939912	0
FRS3	4	3.1719e-01	2.8698e-01	0.939912	0
ROBO3	4	3.1723e-01	2.8698e-01	0.939912	0
KRTAP22-1	4	3.1726e-01	2.8698e-01	0.939912	0
C6orf99	4	3.1730e-01	2.8698e-01	0.939912	0
FNIP2	4	3.1734e-01	2.8698e-01	0.939912	0
GPCPD1	4	3.1738e-01	2.8698e-01	0.939912	0
DOCK4	4	3.1742e-01	2.8698e-01	0.939912	0
ABHD2	4	3.1746e-01	2.8698e-01	0.939912	0
ACY1	4	3.1750e-01	2.8698e-01	0.939912	0
FAM180B	4	3.1761e-01	2.8698e-01	0.939912	0
PRCP	4	3.1765e-01	2.8698e-01	0.939912	0
RARB	4	3.1769e-01	2.8698e-01	0.939912	0
SEZ6	4	3.1777e-01	2.8698e-01	0.939912	0
ZNF462	4	3.1781e-01	2.8698e-01	0.939912	0
HMGB3	4	3.1785e-01	2.8698e-01	0.939912	0
SUPT5H	4	3.1789e-01	2.8698e-01	0.939912	0
PAFAH2	4	3.1796e-01	2.8698e-01	0.939912	0
CPEB1	4	3.1800e-01	2.8698e-01	0.939912	0
PCNP	4	3.1804e-01	2.8698e-01	0.939912	0
GLDC	4	3.1812e-01	2.8698e-01	0.939912	0
ZNF276	4	3.1816e-01	2.8698e-01	0.939912	0
SLC5A4	4	3.1824e-01	2.9008e-01	0.939912	0
PRDM13	4	3.1827e-01	2.9008e-01	0.939912	0
B4GALT3	4	3.1839e-01	2.9008e-01	0.939912	0
GUSB	4	3.1843e-01	2.9008e-01	0.939912	0
LOC200726	4	3.1851e-01	2.9008e-01	0.939912	0
JDP2	4	3.1859e-01	2.9008e-01	0.939912	0
AICDA	3	3.1859e-01	3.1891e-01	0.983749	0
COCH	4	3.1862e-01	2.9008e-01	0.939912	0
HMOX2	4	3.1866e-01	2.9008e-01	0.939912	0
KRT10	4	3.1874e-01	2.9008e-01	0.939912	0
LRRC74A	4	3.1878e-01	2.9008e-01	0.939912	0
RXFP4	4	3.1882e-01	2.9008e-01	0.939912	0
SFT2D3	4	3.1886e-01	2.9008e-01	0.939912	0
LEPR	4	3.1890e-01	2.9008e-01	0.939912	0
OTOF	4	3.1894e-01	2.9008e-01	0.939912	0
GOLM1	4	3.1897e-01	2.9008e-01	0.939912	0
C1orf115	4	3.1901e-01	2.9008e-01	0.939912	0
POU5F2	4	3.1909e-01	2.9008e-01	0.939912	0
TRIL	4	3.1921e-01	2.9008e-01	0.939912	0
EPB41L2	4	3.1925e-01	2.9008e-01	0.939912	0
MOCS1	4	3.1928e-01	2.9008e-01	0.939912	0
SERPINB9	4	3.1932e-01	2.9008e-01	0.939912	0
SLC22A8	4	3.1936e-01	2.9008e-01	0.939912	0
SIRT4	4	3.1944e-01	2.9008e-01	0.939912	0
SERPINE1	4	3.1948e-01	2.9008e-01	0.939912	0
FSD1	4	3.1959e-01	2.9008e-01	0.939912	0
DTNBP1	4	3.1963e-01	2.9008e-01	0.939912	0
ZNF569	4	3.1971e-01	2.9008e-01	0.939912	0
TEX43	4	3.1975e-01	2.9008e-01	0.939912	0
FSCN1	4	3.1983e-01	2.9008e-01	0.939912	0
RHOV	4	3.1991e-01	2.9008e-01	0.939912	0
EGLN2	4	3.1994e-01	2.9008e-01	0.939912	0
IL17B	4	3.2006e-01	2.9008e-01	0.939912	0
ARL4D	4	3.2010e-01	2.9008e-01	0.939912	0
GPATCH2	4	3.2014e-01	2.9008e-01	0.939912	0
TUBG2	4	3.2022e-01	2.9008e-01	0.939912	0
RHBG	4	3.2029e-01	2.9008e-01	0.939912	0
SGK223	4	3.2037e-01	2.9008e-01	0.939912	0
ZDHHC22	4	3.2045e-01	2.9008e-01	0.939912	0
HSD17B2	4	3.2049e-01	2.9008e-01	0.939912	0
WFIKKN1	4	3.2053e-01	2.9008e-01	0.939912	0
ZHX2	4	3.2056e-01	2.9008e-01	0.939912	0
SLC6A4	4	3.2060e-01	2.9008e-01	0.939912	0
CXCL11	4	3.2072e-01	2.9008e-01	0.939912	0
ZNF439	4	3.2076e-01	2.9008e-01	0.939912	0
MSH3	4	3.2080e-01	2.9008e-01	0.939912	0
CACNA2D1	4	3.2087e-01	2.9008e-01	0.939912	0
MSANTD1	4	3.2095e-01	2.9314e-01	0.939912	0
ZNF607	4	3.2099e-01	2.9314e-01	0.939912	0
EBLN2	4	3.2103e-01	2.9314e-01	0.939912	0
SPTBN5	4	3.2111e-01	2.9314e-01	0.939912	0
DNAJA4	4	3.2115e-01	2.9314e-01	0.939912	0
CIC	4	3.2122e-01	2.9314e-01	0.939912	0
SFTA2	4	3.2130e-01	2.9314e-01	0.939912	0
HERC4	4	3.2134e-01	2.9314e-01	0.939912	0
FAM45A	4	3.2149e-01	2.9314e-01	0.939912	0
TJP3	4	3.2153e-01	2.9314e-01	0.939912	0
NRBF2	4	3.2157e-01	2.9314e-01	0.939912	0
RAC3	4	3.2161e-01	2.9314e-01	0.939912	0
PNLIPRP3	4	3.2165e-01	2.9314e-01	0.939912	0
C16orf46	4	3.2169e-01	2.9314e-01	0.939912	0
ACSBG2	4	3.2173e-01	2.9314e-01	0.939912	0
ESRRB	4	3.2176e-01	2.9314e-01	0.939912	0
LILRB3	4	3.2180e-01	2.9314e-01	0.939912	0
CD81	4	3.2196e-01	2.9314e-01	0.939912	0
PMP22	3	3.2198e-01	3.2347e-01	0.992659	0
ISX	4	3.2200e-01	2.9314e-01	0.939912	0
LRRFIP1	4	3.2211e-01	2.9314e-01	0.939912	0
C3orf52	4	3.2215e-01	2.9314e-01	0.939912	0
CLCF1	4	3.2227e-01	2.9314e-01	0.939912	0
CDKN2AIP	4	3.2231e-01	2.9314e-01	0.939912	0
SULT1A3	4	3.2234e-01	2.9314e-01	0.939912	0
ASZ1	4	3.2238e-01	2.9314e-01	0.939912	0
TUSC1	4	3.2242e-01	2.9314e-01	0.939912	0
ONECUT2	4	3.2246e-01	2.9314e-01	0.939912	0
DENND1A	4	3.2250e-01	2.9314e-01	0.939912	0
ACAA2	4	3.2254e-01	2.9314e-01	0.939912	0
ABHD12B	4	3.2258e-01	2.9314e-01	0.939912	0
PEX16	4	3.2265e-01	2.9314e-01	0.939912	0
PGBD4	4	3.2269e-01	2.9314e-01	0.939912	0
GPRASP2	4	3.2273e-01	2.9314e-01	0.939912	0
ZNF761	4	3.2277e-01	2.9314e-01	0.939912	0
EVI2B	4	3.2281e-01	2.9314e-01	0.939912	0
ZNF250	4	3.2285e-01	2.9314e-01	0.939912	0
FAM19A2	4	3.2289e-01	2.9314e-01	0.939912	0
PNPO	4	3.2292e-01	2.9314e-01	0.939912	0
STK24	4	3.2296e-01	2.9314e-01	0.939912	0
ZC3HC1	4	3.2300e-01	2.9314e-01	0.939912	0
PARP4	4	3.2304e-01	2.9314e-01	0.939912	0
TPSB2	4	3.2308e-01	2.9314e-01	0.939912	0
STAB2	4	3.2312e-01	2.9314e-01	0.939912	0
ASCC1	4	3.2316e-01	2.9314e-01	0.939912	0
TMBIM4	4	3.2320e-01	2.9314e-01	0.939912	0
PGC	4	3.2323e-01	2.9314e-01	0.939912	0
UBALD1	4	3.2327e-01	2.9314e-01	0.939912	0
PGF	4	3.2331e-01	2.9314e-01	0.939912	0
FAM65A	4	3.2335e-01	2.9314e-01	0.939912	0
TGIF2-C20orf24	4	3.2339e-01	2.9314e-01	0.939912	0
MTURN	4	3.2343e-01	2.9314e-01	0.939912	0
ZNF497	4	3.2347e-01	2.9314e-01	0.939912	0
CIB3	4	3.2358e-01	2.9314e-01	0.939912	0
SLC52A1	4	3.2366e-01	2.9314e-01	0.939912	0
TTC31	4	3.2370e-01	2.9314e-01	0.939912	0
TRIM8	4	3.2377e-01	2.9314e-01	0.939912	0
GABRB3	4	3.2381e-01	2.9314e-01	0.939912	0
TLK1	4	3.2389e-01	2.9314e-01	0.939912	0
ZNF638	4	3.2393e-01	2.9314e-01	0.939912	0
POLR2J2	4	3.2401e-01	2.9314e-01	0.939912	0
PDZRN3	4	3.2408e-01	2.9314e-01	0.939912	0
ZNF223	4	3.2412e-01	2.9314e-01	0.939912	0
PLK2	4	3.2416e-01	2.9314e-01	0.939912	0
PDCD7	4	3.2432e-01	2.9314e-01	0.939912	0
PLA2G2F	3	3.2432e-01	3.2807e-01	0.997990	0
C5orf51	4	3.2437e-01	2.9314e-01	0.939912	0
CACFD1	4	3.2437e-01	2.9314e-01	0.939912	0
TIMM17A	4	3.2445e-01	2.9314e-01	0.939912	0
TCF19	4	3.2445e-01	2.9314e-01	0.939912	0
C22orf31	4	3.2451e-01	2.9314e-01	0.939912	0
MEOX1	4	3.2455e-01	2.9314e-01	0.939912	0
USP3	4	3.2459e-01	2.9314e-01	0.939912	0
LOC101929372	4	3.2470e-01	2.9314e-01	0.939912	0
EEF1B2	4	3.2482e-01	2.9314e-01	0.939912	0
DOCK8	4	3.2486e-01	2.9314e-01	0.939912	0
AMER2	4	3.2489e-01	2.9314e-01	0.939912	0
PACRGL	4	3.2493e-01	2.9314e-01	0.939912	0
YTHDC2	4	3.2497e-01	2.9314e-01	0.939912	0
HS3ST3B1	4	3.2501e-01	2.9314e-01	0.939912	0
HIST1H2BG	4	3.2505e-01	2.9314e-01	0.939912	0
METTL10	4	3.2509e-01	2.9314e-01	0.939912	0
AMBRA1	4	3.2528e-01	2.9314e-01	0.939912	0
DLGAP5	4	3.2532e-01	2.9314e-01	0.939912	0
ARMCX3	4	3.2536e-01	2.9314e-01	0.939912	0
MAFG	4	3.2540e-01	2.9314e-01	0.939912	0
SGK3	4	3.2543e-01	2.9314e-01	0.939912	0
CCDC101	4	3.2547e-01	2.9314e-01	0.939912	0
ZNF418	4	3.2551e-01	2.9314e-01	0.939912	0
HYPK	4	3.2555e-01	2.9314e-01	0.939912	0
ACER3	4	3.2559e-01	2.9314e-01	0.939912	0
C12orf74	4	3.2563e-01	2.9314e-01	0.939912	0
ZNF284	4	3.2566e-01	2.9314e-01	0.939912	0
FFAR4	4	3.2570e-01	2.9314e-01	0.939912	0
ADAM15	4	3.2574e-01	2.9314e-01	0.939912	0
PLSCR1	4	3.2578e-01	2.9314e-01	0.939912	0
TEX13B	4	3.2582e-01	2.9314e-01	0.939912	0
PRKCE	4	3.2586e-01	2.9314e-01	0.939912	0
CLIC3	4	3.2593e-01	2.9314e-01	0.939912	0
TMEM163	4	3.2597e-01	2.9314e-01	0.939912	0
LIX1	4	3.2601e-01	2.9314e-01	0.939912	0
PRSS56	4	3.2605e-01	2.9314e-01	0.939912	0
PFKM	4	3.2609e-01	2.9314e-01	0.939912	0
NGF	4	3.2613e-01	2.9314e-01	0.939912	0
PLCXD2	4	3.2617e-01	2.9314e-01	0.939912	0
TMEM37	4	3.2620e-01	2.9314e-01	0.939912	0
TCF3	4	3.2624e-01	2.9314e-01	0.939912	0
NUAK2	4	3.2628e-01	2.9314e-01	0.939912	0
KLHDC7B	4	3.2632e-01	2.9314e-01	0.939912	0
EIF4G3	4	3.2636e-01	2.9314e-01	0.939912	0
HTR1A	4	3.2640e-01	2.9314e-01	0.939912	0
GIMD1	4	3.2644e-01	2.9314e-01	0.939912	0
ANKRD27	4	3.2647e-01	2.9314e-01	0.939912	0
FLG	4	3.2655e-01	2.9314e-01	0.939912	0
MAGEB4	4	3.2659e-01	2.9314e-01	0.939912	0
CBY3	4	3.2663e-01	2.9314e-01	0.939912	0
NR1H3	4	3.2667e-01	2.9314e-01	0.939912	0
PPP1R1A	4	3.2674e-01	2.9314e-01	0.939912	0
SLCO3A1	4	3.2678e-01	2.9314e-01	0.939912	0
STAP1	4	3.2682e-01	2.9314e-01	0.939912	0
ADRBK2	4	3.2686e-01	2.9314e-01	0.939912	0
DSC1	4	3.2690e-01	2.9314e-01	0.939912	0
OR2L13	4	3.2709e-01	2.9314e-01	0.939912	0
RPL39L	4	3.2717e-01	2.9314e-01	0.939912	0
ID3	4	3.2720e-01	2.9314e-01	0.939912	0
ZNF705G	4	3.2724e-01	2.9314e-01	0.939912	0
GAGE2D	4	3.2728e-01	2.9314e-01	0.939912	0
MMP7	4	3.2736e-01	2.9314e-01	0.939912	0
PROP1	4	3.2740e-01	2.9314e-01	0.939912	0
ANKS1A	4	3.2747e-01	2.9314e-01	0.939912	0
CT47A6	4	3.2751e-01	2.9314e-01	0.939912	0
KCNJ5	4	3.2755e-01	2.9314e-01	0.939912	0
NBPF12	4	3.2759e-01	2.9314e-01	0.939912	0
SIM1	4	3.2767e-01	2.9314e-01	0.939912	0
PDLIM1	4	3.2774e-01	2.9621e-01	0.949117	0
SNX13	4	3.2778e-01	2.9621e-01	0.949117	0
TMEM229A	4	3.2782e-01	2.9621e-01	0.949117	0
C21orf140	4	3.2794e-01	2.9928e-01	0.950341	0
LRRC10B	4	3.2797e-01	2.9928e-01	0.950341	0
LRRN4CL	4	3.2801e-01	2.9928e-01	0.950341	0
ZNF615	4	3.2813e-01	2.9928e-01	0.950341	0
SLC8A2	4	3.2817e-01	2.9928e-01	0.950341	0
ZMYND12	4	3.2820e-01	2.9928e-01	0.950341	0
ADGRL4	4	3.2828e-01	2.9928e-01	0.950341	0
KIAA2022	4	3.2832e-01	2.9928e-01	0.950341	0
DCP1A	4	3.2836e-01	2.9928e-01	0.950341	0
PPM1G	4	3.2840e-01	2.9928e-01	0.950341	0
N4BP1	4	3.2844e-01	2.9928e-01	0.950341	0
TMED7-TICAM2	4	3.2847e-01	2.9928e-01	0.950341	0
CFAP99	4	3.2855e-01	2.9928e-01	0.950341	0
NKX1-1	4	3.2859e-01	2.9928e-01	0.950341	0
ATOH7	4	3.2863e-01	2.9928e-01	0.950341	0
MYO5A	4	3.2867e-01	2.9928e-01	0.950341	0
ASB5	4	3.2870e-01	2.9928e-01	0.950341	0
PPP5C	4	3.2874e-01	2.9928e-01	0.950341	0
MAF	4	3.2878e-01	2.9928e-01	0.950341	0
CXXC4	4	3.2890e-01	2.9928e-01	0.950341	0
ASCC2	4	3.2893e-01	2.9928e-01	0.950341	0
FAM214A	4	3.2897e-01	2.9928e-01	0.950341	0
ATXN2	4	3.2901e-01	2.9928e-01	0.950341	0
DYNAP	4	3.2905e-01	2.9928e-01	0.950341	0
NTF4	4	3.2909e-01	2.9928e-01	0.950341	0
CNN3	4	3.2913e-01	2.9928e-01	0.950341	0
RAB3GAP1	4	3.2920e-01	2.9928e-01	0.950341	0
IFT43	4	3.2924e-01	2.9928e-01	0.950341	0
VPS26B	4	3.2932e-01	2.9928e-01	0.950341	0
COMT	4	3.2936e-01	2.9928e-01	0.950341	0
ZBTB37	4	3.2939e-01	2.9928e-01	0.950341	0
KRT80	4	3.2947e-01	2.9928e-01	0.950341	0
LRRK2	4	3.2951e-01	2.9928e-01	0.950341	0
ETV7	4	3.2955e-01	2.9928e-01	0.950341	0
SMIM19	4	3.2959e-01	2.9928e-01	0.950341	0
ADGRF4	4	3.2963e-01	2.9928e-01	0.950341	0
XYLT1	4	3.2966e-01	2.9928e-01	0.950341	0
CD300LF	4	3.2978e-01	2.9928e-01	0.950341	0
MYO1B	4	3.2982e-01	2.9928e-01	0.950341	0
ME3	4	3.2986e-01	2.9928e-01	0.950341	0
BLVRB	4	3.2997e-01	2.9928e-01	0.950341	0
SH2D3A	4	3.3005e-01	2.9928e-01	0.950341	0
ZFYVE9	4	3.3009e-01	2.9928e-01	0.950341	0
CASP7	4	3.3016e-01	2.9928e-01	0.950341	0
NTAN1	4	3.3020e-01	2.9928e-01	0.950341	0
FAHD2B	4	3.3024e-01	2.9928e-01	0.950341	0
DBNL	4	3.3028e-01	2.9928e-01	0.950341	0
NBEA	4	3.3032e-01	2.9928e-01	0.950341	0
NTPCR	4	3.3043e-01	2.9928e-01	0.950341	0
CAPZA1	4	3.3047e-01	2.9928e-01	0.950341	0
RND2	4	3.3051e-01	2.9928e-01	0.950341	0
ARL5A	4	3.3056e-01	2.9928e-01	0.950341	0
DCST1	4	3.3056e-01	2.9928e-01	0.950341	0
DNALI1	4	3.3066e-01	3.0239e-01	0.958156	0
ZNF576	4	3.3070e-01	3.0239e-01	0.958156	0
LMBRD2	4	3.3078e-01	3.0239e-01	0.958156	0
STRBP	4	3.3085e-01	3.0239e-01	0.958156	0
PRKAG2	4	3.3089e-01	3.0239e-01	0.958156	0
HHLA2	4	3.3101e-01	3.0239e-01	0.958156	0
PIGR	4	3.3108e-01	3.0239e-01	0.958156	0
RILPL2	4	3.3112e-01	3.0239e-01	0.958156	0
WHSC1	4	3.3120e-01	3.0239e-01	0.958156	0
APOBEC3F	4	3.3123e-01	3.0239e-01	0.958156	0
SETBP1	4	3.3127e-01	3.0239e-01	0.958156	0
FAM222A	4	3.3131e-01	3.0239e-01	0.958156	0
C11orf52	4	3.3152e-01	3.0551e-01	0.960710	0
PNMA6A	4	3.3158e-01	3.0551e-01	0.960710	0
MARVELD2	4	3.3162e-01	3.0551e-01	0.960710	0
GPAM	4	3.3166e-01	3.0551e-01	0.960710	0
ZG16B	4	3.3169e-01	3.0551e-01	0.960710	0
ZHX3	4	3.3173e-01	3.0551e-01	0.960710	0
DDIT4	4	3.3177e-01	3.0551e-01	0.960710	0
PREPL	4	3.3181e-01	3.0551e-01	0.960710	0
LOC400863	4	3.3185e-01	3.0551e-01	0.960710	0
ABCG1	4	3.3189e-01	3.0551e-01	0.960710	0
IL10RA	4	3.3192e-01	3.0551e-01	0.960710	0
MVP	4	3.3204e-01	3.0551e-01	0.960710	0
GLYATL3	4	3.3208e-01	3.0551e-01	0.960710	0
SORL1	4	3.3215e-01	3.0551e-01	0.960710	0
ATRNL1	4	3.3219e-01	3.0551e-01	0.960710	0
CCNDBP1	4	3.3223e-01	3.0551e-01	0.960710	0
OR2G3	4	3.3227e-01	3.0551e-01	0.960710	0
PCGF3	4	3.3231e-01	3.0551e-01	0.960710	0
SLC46A2	4	3.3246e-01	3.0551e-01	0.960710	0
TTPA	4	3.3257e-01	3.0551e-01	0.960710	0
ZNF224	4	3.3261e-01	3.0551e-01	0.960710	0
FAM157A	4	3.3265e-01	3.0551e-01	0.960710	0
MTMR11	4	3.3269e-01	3.0551e-01	0.960710	0
KDM2A	4	3.3273e-01	3.0551e-01	0.960710	0
DUPD1	4	3.3280e-01	3.0551e-01	0.960710	0
MITD1	4	3.3284e-01	3.0551e-01	0.960710	0
RARRES2	4	3.3288e-01	3.0551e-01	0.960710	0
IFT20	4	3.3292e-01	3.0551e-01	0.960710	0
ABHD6	4	3.3303e-01	3.0551e-01	0.960710	0
SLC25A39	4	3.3307e-01	3.0551e-01	0.960710	0
CT45A2	2	3.3313e-01	4.2523e-01	1.000000	0
RSPH3	4	3.3315e-01	3.0551e-01	0.960710	0
AEBP2	4	3.3319e-01	3.0551e-01	0.960710	0
PALM2	4	3.3322e-01	3.0551e-01	0.960710	0
MEDAG	4	3.3326e-01	3.0551e-01	0.960710	0
VSX1	4	3.3334e-01	3.0551e-01	0.960710	0
KIDINS220	4	3.3338e-01	3.0551e-01	0.960710	0
ANKRD11	4	3.3342e-01	3.0551e-01	0.960710	0
TET3	4	3.3345e-01	3.0551e-01	0.960710	0
AMDHD1	4	3.3349e-01	3.0551e-01	0.960710	0
MRPS24	4	3.3353e-01	3.0551e-01	0.960710	0
MT1F	4	3.3357e-01	3.0551e-01	0.960710	0
ZFP37	4	3.3361e-01	3.0551e-01	0.960710	0
SORBS3	4	3.3368e-01	3.0551e-01	0.960710	0
FAM212A	4	3.3372e-01	3.0551e-01	0.960710	0
CCL4L2	4	3.3380e-01	3.0551e-01	0.960710	0
TGM3	4	3.3384e-01	3.0551e-01	0.960710	0
RAG1	4	3.3391e-01	3.0851e-01	0.965393	0
PRAM1	4	3.3403e-01	3.0851e-01	0.965393	0
FABP3	4	3.3406e-01	3.0851e-01	0.965393	0
KIAA1467	4	3.3414e-01	3.0851e-01	0.965393	0
AK2	4	3.3418e-01	3.0851e-01	0.965393	0
CCDC93	4	3.3422e-01	3.0851e-01	0.965393	0
TF	4	3.3426e-01	3.0851e-01	0.965393	0
TTLL7	4	3.3429e-01	3.0851e-01	0.965393	0
CD9	4	3.3433e-01	3.0851e-01	0.965393	0
RPRD1A	4	3.3437e-01	3.0851e-01	0.965393	0
CDK15	4	3.3441e-01	3.0851e-01	0.965393	0
NAGA	4	3.3447e-01	3.0851e-01	0.965393	0
CFAP221	4	3.3452e-01	3.0851e-01	0.965393	0
AP1S3	4	3.3460e-01	3.0851e-01	0.965393	0
CPB1	4	3.3479e-01	3.0851e-01	0.965393	0
ZNF687	4	3.3483e-01	3.0851e-01	0.965393	0
ZSCAN30	4	3.3509e-01	3.0851e-01	0.965393	0
SGSM1	4	3.3513e-01	3.0851e-01	0.965393	0
TC2N	4	3.3517e-01	3.0851e-01	0.965393	0
LOC100129083	4	3.3521e-01	3.0851e-01	0.965393	0
SLC35A4	4	3.3525e-01	3.0851e-01	0.965393	0
TBX4	4	3.3532e-01	3.0851e-01	0.965393	0
STRA6	4	3.3540e-01	3.0851e-01	0.965393	0
RFX1	4	3.3544e-01	3.0851e-01	0.965393	0
LYRM2	4	3.3548e-01	3.0851e-01	0.965393	0
IRGQ	4	3.3551e-01	3.0851e-01	0.965393	0
HSPB11	4	3.3559e-01	3.0851e-01	0.965393	0
BCORL1	4	3.3563e-01	3.0851e-01	0.965393	0
UBE2T	4	3.3570e-01	3.0851e-01	0.965393	0
FKBP2	4	3.3574e-01	3.0851e-01	0.965393	0
CDH26	4	3.3582e-01	3.1154e-01	0.968192	0
GLT1D1	4	3.3586e-01	3.1154e-01	0.968192	0
OR8B2	4	3.3589e-01	3.1154e-01	0.968192	0
PRSS33	4	3.3593e-01	3.1154e-01	0.968192	0
TDG	4	3.3597e-01	3.1154e-01	0.968192	0
PHLDB1	4	3.3601e-01	3.1154e-01	0.968192	0
INCA1	4	3.3609e-01	3.1154e-01	0.968192	0
ASL	4	3.3612e-01	3.1154e-01	0.968192	0
ST6GALNAC2	4	3.3616e-01	3.1154e-01	0.968192	0
SNAP25	4	3.3620e-01	3.1154e-01	0.968192	0
PROX1	4	3.3624e-01	3.1154e-01	0.968192	0
NIPSNAP1	4	3.3631e-01	3.1154e-01	0.968192	0
SOD3	4	3.3635e-01	3.1154e-01	0.968192	0
ADM	4	3.3639e-01	3.1154e-01	0.968192	0
ZGLP1	4	3.3647e-01	3.1154e-01	0.968192	0
RGS18	4	3.3650e-01	3.1154e-01	0.968192	0
TNFRSF11A	4	3.3654e-01	3.1154e-01	0.968192	0
TNFRSF10C	4	3.3658e-01	3.1154e-01	0.968192	0
PNLIPRP2	4	3.3662e-01	3.1154e-01	0.968192	0
CEACAM5	4	3.3669e-01	3.1154e-01	0.968192	0
C19orf54	4	3.3673e-01	3.1154e-01	0.968192	0
HSF1	4	3.3681e-01	3.1154e-01	0.968192	0
SLC25A45	4	3.3688e-01	3.1154e-01	0.968192	0
C16orf72	4	3.3696e-01	3.1154e-01	0.968192	0
SLC22A3	4	3.3700e-01	3.1154e-01	0.968192	0
ZNF721	4	3.3707e-01	3.1154e-01	0.968192	0
ABHD16B	4	3.3715e-01	3.1154e-01	0.968192	0
PLEKHA2	4	3.3719e-01	3.1154e-01	0.968192	0
LRRC3C	4	3.3727e-01	3.1154e-01	0.968192	0
MSS51	4	3.3730e-01	3.1154e-01	0.968192	0
DCUN1D4	4	3.3734e-01	3.1154e-01	0.968192	0
ICAM4	4	3.3738e-01	3.1154e-01	0.968192	0
ZNF438	4	3.3742e-01	3.1154e-01	0.968192	0
OR2T3	4	3.3746e-01	3.1154e-01	0.968192	0
ANKRD18B	4	3.3749e-01	3.1154e-01	0.968192	0
PDE4B	4	3.3757e-01	3.1154e-01	0.968192	0
RIC3	4	3.3768e-01	3.1154e-01	0.968192	0
KRTAP19-8	4	3.3772e-01	3.1154e-01	0.968192	0
ADAMTS14	4	3.3780e-01	3.1154e-01	0.968192	0
PER1	4	3.3787e-01	3.1154e-01	0.968192	0
PHLDB3	4	3.3791e-01	3.1154e-01	0.968192	0
SLC27A1	4	3.3799e-01	3.1455e-01	0.977403	0
SLC39A1	4	3.3814e-01	3.1761e-01	0.979914	0
CT47A11	4	3.3818e-01	3.1761e-01	0.979914	0
MYO7A	4	3.3822e-01	3.1761e-01	0.979914	0
CA3	4	3.3825e-01	3.1761e-01	0.979914	0
NOL4L	4	3.3829e-01	3.1761e-01	0.979914	0
LY6H	4	3.3841e-01	3.1761e-01	0.979914	0
KPNA2	4	3.3844e-01	3.1761e-01	0.979914	0
GPER1	4	3.3848e-01	3.1761e-01	0.979914	0
BRINP1	4	3.3856e-01	3.1761e-01	0.979914	0
FAM228B	4	3.3871e-01	3.1761e-01	0.979914	0
NOTUM	4	3.3875e-01	3.1761e-01	0.979914	0
ZNF8	4	3.3879e-01	3.1761e-01	0.979914	0
FGD6	4	3.3882e-01	3.1761e-01	0.979914	0
SNX11	4	3.3897e-01	3.1761e-01	0.979914	0
PTBP3	4	3.3901e-01	3.1761e-01	0.979914	0
VSIG1	4	3.3909e-01	3.1761e-01	0.979914	0
TSHZ1	4	3.3913e-01	3.1761e-01	0.979914	0
NPM2	4	3.3920e-01	3.1761e-01	0.979914	0
OR10K1	4	3.3924e-01	3.1761e-01	0.979914	0
TST	4	3.3932e-01	3.1761e-01	0.979914	0
C1QL3	4	3.3939e-01	3.1761e-01	0.979914	0
TMPRSS6	4	3.3943e-01	3.1761e-01	0.979914	0
ACYP1	4	3.3947e-01	3.1761e-01	0.979914	0
DNAJC10	4	3.3951e-01	3.1761e-01	0.979914	0
OR13C3	4	3.3954e-01	3.1761e-01	0.979914	0
DSCAM	4	3.3958e-01	3.1761e-01	0.979914	0
DAZAP2	4	3.3962e-01	3.1761e-01	0.979914	0
MUC22	4	3.3973e-01	3.1761e-01	0.979914	0
MAPK14	4	3.3981e-01	3.1761e-01	0.979914	0
LMBR1	4	3.3985e-01	3.1761e-01	0.979914	0
ATOX1	4	3.3989e-01	3.1761e-01	0.979914	0
KCTD2	4	3.3992e-01	3.1761e-01	0.979914	0
TSHZ2	4	3.4000e-01	3.1761e-01	0.979914	0
GCLC	4	3.4004e-01	3.1761e-01	0.979914	0
EXOC3L2	4	3.4015e-01	3.1761e-01	0.979914	0
SCARA3	4	3.4023e-01	3.1761e-01	0.979914	0
SEMA3F	4	3.4030e-01	3.1761e-01	0.979914	0
MMP11	4	3.4034e-01	3.1761e-01	0.979914	0
MKRN1	4	3.4038e-01	3.1761e-01	0.979914	0
APLF	4	3.4042e-01	3.1761e-01	0.979914	0
ZNF664-FAM101A	4	3.4049e-01	3.1761e-01	0.979914	0
SEPTIN3	4	3.4053e-01	3.1761e-01	0.979914	0
TEX15	4	3.4057e-01	3.1761e-01	0.979914	0
BOLA2B	4	3.4061e-01	3.1761e-01	0.979914	0
CLCA1	4	3.4068e-01	3.2068e-01	0.986514	0
ABCC10	4	3.4072e-01	3.2068e-01	0.986514	0
ZFAND3	4	3.4076e-01	3.2068e-01	0.986514	0
PRR25	4	3.4087e-01	3.2068e-01	0.986514	0
VN1R2	4	3.4091e-01	3.2068e-01	0.986514	0
IQCF5	4	3.4095e-01	3.2068e-01	0.986514	0
OR5L1	4	3.4098e-01	3.2068e-01	0.986514	0
ZNF454	4	3.4102e-01	3.2068e-01	0.986514	0
BMPER	4	3.4106e-01	3.2068e-01	0.986514	0
KIAA1586	4	3.4110e-01	3.2068e-01	0.986514	0
MYEF2	4	3.4117e-01	3.2068e-01	0.986514	0
SSC4D	4	3.4121e-01	3.2068e-01	0.986514	0
TCAF1	4	3.4133e-01	3.2068e-01	0.986514	0
LAMA3	4	3.4140e-01	3.2068e-01	0.986514	0
TAS2R16	4	3.4148e-01	3.2068e-01	0.986514	0
C9orf69	4	3.4155e-01	3.2068e-01	0.986514	0
THAP3	4	3.4159e-01	3.2068e-01	0.986514	0
DISP2	4	3.4167e-01	3.2367e-01	0.992659	0
CEP128	4	3.4170e-01	3.2367e-01	0.992659	0
XRCC6BP1	4	3.4174e-01	3.2367e-01	0.992659	0
KRT8	4	3.4178e-01	3.2367e-01	0.992659	0
ZXDB	4	3.4182e-01	3.2367e-01	0.992659	0
COL24A1	4	3.4186e-01	3.2367e-01	0.992659	0
GMIP	4	3.4189e-01	3.2367e-01	0.992659	0
ATP5L	4	3.4201e-01	3.2367e-01	0.992659	0
NFKBIE	4	3.4204e-01	3.2367e-01	0.992659	0
SLFN12	4	3.4212e-01	3.2367e-01	0.992659	0
ASB6	4	3.4216e-01	3.2367e-01	0.992659	0
PCSK1N	4	3.4223e-01	3.2367e-01	0.992659	0
MIOX	4	3.4231e-01	3.2367e-01	0.992659	0
TSPYL1	4	3.4235e-01	3.2367e-01	0.992659	0
PDIA6	4	3.4238e-01	3.2367e-01	0.992659	0
PLIN4	4	3.4242e-01	3.2367e-01	0.992659	0
GALNT7	4	3.4250e-01	3.2367e-01	0.992659	0
WDR5B	4	3.4254e-01	3.2367e-01	0.992659	0
LGSN	4	3.4261e-01	3.2664e-01	0.993800	0
HSPBP1	4	3.4265e-01	3.2664e-01	0.993800	0
MCTS1	4	3.4269e-01	3.2664e-01	0.993800	0
NAA35	4	3.4273e-01	3.2664e-01	0.993800	0
MTMR4	4	3.4276e-01	3.2664e-01	0.993800	0
ABHD13	4	3.4288e-01	3.2664e-01	0.993800	0
ST3GAL1	4	3.4293e-01	3.2664e-01	0.993800	0
GDF1	4	3.4299e-01	3.2664e-01	0.993800	0
FOXC1	4	3.4303e-01	3.2664e-01	0.993800	0
CLDN22	4	3.4307e-01	3.2664e-01	0.993800	0
ZNF586	4	3.4325e-01	3.2664e-01	0.993800	0
PELI2	4	3.4329e-01	3.2664e-01	0.993800	0
ROCK2	4	3.4333e-01	3.2664e-01	0.993800	0
ANKRD34A	4	3.4337e-01	3.2664e-01	0.993800	0
TMEM40	4	3.4341e-01	3.2664e-01	0.993800	0
CYP2C18	4	3.4344e-01	3.2664e-01	0.993800	0
GPR137C	4	3.4356e-01	3.2664e-01	0.993800	0
PRAME	4	3.4359e-01	3.2664e-01	0.993800	0
ZBTB18	4	3.4375e-01	3.2664e-01	0.993800	0
RLN3	4	3.4378e-01	3.2664e-01	0.993800	0
BCL6	4	3.4382e-01	3.2664e-01	0.993800	0
SMPD3	4	3.4390e-01	3.2664e-01	0.993800	0
ZHX1-C8orf76	4	3.4401e-01	3.2664e-01	0.993800	0
MAS1L	4	3.4408e-01	3.2664e-01	0.993800	0
ULBP2	4	3.4416e-01	3.2664e-01	0.993800	0
MCCD1	4	3.4420e-01	3.2664e-01	0.993800	0
SLC25A32	4	3.4424e-01	3.2664e-01	0.993800	0
PMP2	4	3.4427e-01	3.2664e-01	0.993800	0
CRY2	4	3.4431e-01	3.2664e-01	0.993800	0
PKD2	4	3.4435e-01	3.2664e-01	0.993800	0
KLLN	4	3.4439e-01	3.2664e-01	0.993800	0
NSUN4	4	3.4442e-01	3.2664e-01	0.993800	0
PLEKHF2	4	3.4450e-01	3.2664e-01	0.993800	0
CCDC154	4	3.4454e-01	3.2664e-01	0.993800	0
CLDN16	4	3.4458e-01	3.2664e-01	0.993800	0
IMPG2	4	3.4461e-01	3.2664e-01	0.993800	0
AMBN	4	3.4473e-01	3.2664e-01	0.993800	0
CLN3	4	3.4476e-01	3.2664e-01	0.993800	0
OARD1	4	3.4480e-01	3.2664e-01	0.993800	0
OR9Q1	4	3.4488e-01	3.2664e-01	0.993800	0
FAM72D	4	3.4495e-01	3.2664e-01	0.993800	0
C11orf31	4	3.4499e-01	3.2664e-01	0.993800	0
UTRN	4	3.4503e-01	3.2664e-01	0.993800	0
RTN4	4	3.4507e-01	3.2664e-01	0.993800	0
LIMK2	4	3.4514e-01	3.2664e-01	0.993800	0
FXYD4	4	3.4522e-01	3.2664e-01	0.993800	0
MMD	4	3.4525e-01	3.2664e-01	0.993800	0
JTB	4	3.4533e-01	3.2664e-01	0.993800	0
CALCA	4	3.4540e-01	3.2664e-01	0.993800	0
TFAP2B	4	3.4544e-01	3.2664e-01	0.993800	0
MXD1	4	3.4552e-01	3.2959e-01	0.999591	0
EEF1E1	4	3.4556e-01	3.2959e-01	0.999591	0
HOXA4	4	3.4559e-01	3.2959e-01	0.999591	0
KCNV1	4	3.4571e-01	3.2959e-01	0.999591	0
CRTC1	4	3.4578e-01	3.2959e-01	0.999591	0
SLC9A6	4	3.4582e-01	3.2959e-01	0.999591	0
SLCO4A1	4	3.4586e-01	3.2959e-01	0.999591	0
FRA10AC1	4	3.4589e-01	3.2959e-01	0.999591	0
C1orf146	4	3.4597e-01	3.2959e-01	0.999591	0
CYBRD1	4	3.4601e-01	3.2959e-01	0.999591	0
CHCHD3	4	3.4605e-01	3.2959e-01	0.999591	0
PABPC1	4	3.4608e-01	3.2959e-01	0.999591	0
IL21	4	3.4620e-01	3.2959e-01	0.999591	0
ERAS	4	3.4623e-01	3.2959e-01	0.999591	0
RALB	4	3.4627e-01	3.2959e-01	0.999591	0
QPCTL	4	3.4631e-01	3.2959e-01	0.999591	0
CUL4A	4	3.4642e-01	3.2959e-01	0.999591	0
AK7	4	3.4646e-01	3.2959e-01	0.999591	0
ZNF705D	4	3.4650e-01	3.2959e-01	0.999591	0
EHD3	4	3.4657e-01	3.3255e-01	1.000000	0
GPR173	4	3.4672e-01	3.3255e-01	1.000000	0
ZNF43	4	3.4676e-01	3.3255e-01	1.000000	0
POFUT2	4	3.4680e-01	3.3255e-01	1.000000	0
NMI	4	3.4691e-01	3.3255e-01	1.000000	0
CTRB2	4	3.4699e-01	3.3255e-01	1.000000	0
TBX1	4	3.4714e-01	3.3255e-01	1.000000	0
GUCA2B	4	3.4721e-01	3.3255e-01	1.000000	0
KSR2	4	3.4740e-01	3.3255e-01	1.000000	0
MOB3C	4	3.4744e-01	3.3255e-01	1.000000	0
LYPD2	4	3.4751e-01	3.3255e-01	1.000000	0
C7orf66	4	3.4755e-01	3.3255e-01	1.000000	0
CRYL1	4	3.4759e-01	3.3255e-01	1.000000	0
UQCRH	4	3.4763e-01	3.3255e-01	1.000000	0
PRPF38B	4	3.4766e-01	3.3255e-01	1.000000	0
CYTH1	4	3.4774e-01	3.3255e-01	1.000000	0
STOX1	4	3.4778e-01	3.3255e-01	1.000000	0
WDR55	4	3.4781e-01	3.3255e-01	1.000000	0
CDKN2A	4	3.4785e-01	3.3255e-01	1.000000	0
MYL5	4	3.4789e-01	3.3255e-01	1.000000	0
ITGA9	4	3.4796e-01	3.3558e-01	1.000000	0
VASP	4	3.4800e-01	3.3558e-01	1.000000	0
GNG13	4	3.4808e-01	3.3558e-01	1.000000	0
FOXR2	4	3.4811e-01	3.3558e-01	1.000000	0
SH3GL1	4	3.4815e-01	3.3558e-01	1.000000	0
TAT	4	3.4823e-01	3.3558e-01	1.000000	0
CSN3	4	3.4836e-01	3.3851e-01	1.000000	0
SFTA3	4	3.4841e-01	3.3851e-01	1.000000	0
SAP30	4	3.4845e-01	3.3851e-01	1.000000	0
FABP4	4	3.4849e-01	3.3851e-01	1.000000	0
ENSA	4	3.4853e-01	3.3851e-01	1.000000	0
PRRT2	4	3.4860e-01	3.3851e-01	1.000000	0
WDR19	4	3.4864e-01	3.3851e-01	1.000000	0
FGD1	4	3.4871e-01	3.3851e-01	1.000000	0
ATRX	4	3.4875e-01	3.3851e-01	1.000000	0
PNPLA8	4	3.4879e-01	3.3851e-01	1.000000	0
HPD	4	3.4883e-01	3.3851e-01	1.000000	0
KDM2B	4	3.4890e-01	3.3851e-01	1.000000	0
ING5	4	3.4898e-01	3.3851e-01	1.000000	0
PARG	4	3.4902e-01	3.3851e-01	1.000000	0
PAGE5	4	3.4909e-01	3.3851e-01	1.000000	0
GPSM2	4	3.4924e-01	3.3851e-01	1.000000	0
MAP3K13	4	3.4928e-01	3.3851e-01	1.000000	0
CCDC42	4	3.4932e-01	3.3851e-01	1.000000	0
FLT3LG	4	3.4935e-01	3.3851e-01	1.000000	0
COX11	4	3.4939e-01	3.3851e-01	1.000000	0
MEIG1	4	3.4947e-01	3.3851e-01	1.000000	0
TFF2	4	3.4958e-01	3.3851e-01	1.000000	0
ZBTB45	4	3.4965e-01	3.3851e-01	1.000000	0
HS6ST3	4	3.4973e-01	3.3851e-01	1.000000	0
SWI5	4	3.4977e-01	3.3851e-01	1.000000	0
HABP4	4	3.4984e-01	3.3851e-01	1.000000	0
SYTL5	4	3.4988e-01	3.3851e-01	1.000000	0
FXYD6	4	3.4992e-01	3.3851e-01	1.000000	0
CSMD3	4	3.4995e-01	3.3851e-01	1.000000	0
WDFY4	4	3.4999e-01	3.3851e-01	1.000000	0
KCNH4	4	3.5003e-01	3.3851e-01	1.000000	0
CLEC12A	4	3.5007e-01	3.3851e-01	1.000000	0
SPATA22	4	3.5010e-01	3.3851e-01	1.000000	0
HES6	4	3.5014e-01	3.3851e-01	1.000000	0
ADARB1	4	3.5018e-01	3.3851e-01	1.000000	0
PANK4	4	3.5022e-01	3.3851e-01	1.000000	0
HSD11B2	4	3.5025e-01	3.3851e-01	1.000000	0
ANKS4B	4	3.5029e-01	3.3851e-01	1.000000	0
ZNF790	4	3.5033e-01	3.3851e-01	1.000000	0
RTP1	4	3.5037e-01	3.3851e-01	1.000000	0
ZNF512B	4	3.5044e-01	3.3851e-01	1.000000	0
HOOK3	4	3.5048e-01	3.3851e-01	1.000000	0
HIST1H3F	4	3.5051e-01	3.3851e-01	1.000000	0
C2CD2	4	3.5059e-01	3.4143e-01	1.000000	0
CHRNE	4	3.5078e-01	3.4143e-01	1.000000	0
REN	4	3.5089e-01	3.4143e-01	1.000000	0
SPANXB1	4	3.5093e-01	3.4143e-01	1.000000	0
ZNF592	4	3.5096e-01	3.4143e-01	1.000000	0
CDC42EP5	4	3.5100e-01	3.4143e-01	1.000000	0
TEX13A	4	3.5104e-01	3.4143e-01	1.000000	0
ASMT	4	3.5108e-01	3.4143e-01	1.000000	0
CREG1	4	3.5111e-01	3.4143e-01	1.000000	0
OR51A2	4	3.5119e-01	3.4143e-01	1.000000	0
CCDC27	4	3.5123e-01	3.4143e-01	1.000000	0
ZNF180	4	3.5126e-01	3.4143e-01	1.000000	0
OSBPL10	4	3.5138e-01	3.4143e-01	1.000000	0
GAL	4	3.5141e-01	3.4143e-01	1.000000	0
ERF	4	3.5153e-01	3.4143e-01	1.000000	0
SERP2	4	3.5156e-01	3.4143e-01	1.000000	0
CHAT	4	3.5160e-01	3.4143e-01	1.000000	0
PRODH	4	3.5164e-01	3.4143e-01	1.000000	0
CCDC171	4	3.5169e-01	3.4143e-01	1.000000	0
TBCCD1	4	3.5169e-01	3.4143e-01	1.000000	0
CCDC136	4	3.5175e-01	3.4143e-01	1.000000	0
LACC1	4	3.5179e-01	3.4143e-01	1.000000	0
BARHL1	4	3.5183e-01	3.4143e-01	1.000000	0
WIPI1	4	3.5197e-01	3.4143e-01	1.000000	0
KBTBD6	4	3.5207e-01	3.4143e-01	1.000000	0
VEGFC	4	3.5207e-01	3.4143e-01	1.000000	0
ARHGAP42	4	3.5220e-01	3.4143e-01	1.000000	0
MAST3	4	3.5224e-01	3.4143e-01	1.000000	0
NAT8L	4	3.5227e-01	3.4143e-01	1.000000	0
VIP	4	3.5235e-01	3.4143e-01	1.000000	0
MIER3	4	3.5239e-01	3.4143e-01	1.000000	0
SYNE2	4	3.5242e-01	3.4143e-01	1.000000	0
PCP4	4	3.5250e-01	3.4143e-01	1.000000	0
UBE2J2	4	3.5254e-01	3.4143e-01	1.000000	0
DNTTIP1	4	3.5257e-01	3.4143e-01	1.000000	0
CAPRIN2	4	3.5261e-01	3.4143e-01	1.000000	0
FAT4	4	3.5265e-01	3.4143e-01	1.000000	0
PINK1	4	3.5269e-01	3.4143e-01	1.000000	0
APOA4	4	3.5276e-01	3.4143e-01	1.000000	0
RBM23	4	3.5280e-01	3.4143e-01	1.000000	0
PTGDR	4	3.5287e-01	3.4143e-01	1.000000	0
NEUROD1	4	3.5298e-01	3.4143e-01	1.000000	0
MPPED1	4	3.5302e-01	3.4143e-01	1.000000	0
SLC25A53	4	3.5310e-01	3.4438e-01	1.000000	0
LOC100129697	4	3.5313e-01	3.4438e-01	1.000000	0
PSD2	4	3.5317e-01	3.4438e-01	1.000000	0
C2orf72	4	3.5325e-01	3.4438e-01	1.000000	0
ERP29	4	3.5328e-01	3.4438e-01	1.000000	0
MRLN	4	3.5336e-01	3.4438e-01	1.000000	0
EIF2S3	4	3.5339e-01	3.4438e-01	1.000000	0
C17orf78	4	3.5343e-01	3.4438e-01	1.000000	0
SHC1	4	3.5351e-01	3.4438e-01	1.000000	0
PLS1	4	3.5354e-01	3.4438e-01	1.000000	0
CCDC8	4	3.5362e-01	3.4438e-01	1.000000	0
RAP1B	4	3.5366e-01	3.4438e-01	1.000000	0
HIPK4	4	3.5373e-01	3.4438e-01	1.000000	0
PRRG4	4	3.5377e-01	3.4438e-01	1.000000	0
PTH2R	4	3.5381e-01	3.4438e-01	1.000000	0
CYP8B1	4	3.5384e-01	3.4438e-01	1.000000	0
PAQR3	4	3.5388e-01	3.4438e-01	1.000000	0
FAM120B	4	3.5392e-01	3.4438e-01	1.000000	0
KIAA1804	4	3.5399e-01	3.4438e-01	1.000000	0
RNF19B	4	3.5403e-01	3.4438e-01	1.000000	0
SLAIN1	4	3.5414e-01	3.4438e-01	1.000000	0
CLASP1	4	3.5422e-01	3.4438e-01	1.000000	0
KRT28	4	3.5425e-01	3.4438e-01	1.000000	0
SEL1L3	4	3.5431e-01	3.4438e-01	1.000000	0
PC	4	3.5437e-01	3.4438e-01	1.000000	0
NANP	4	3.5440e-01	3.4438e-01	1.000000	0
ABHD10	4	3.5444e-01	3.4438e-01	1.000000	0
PTH2	4	3.5451e-01	3.4438e-01	1.000000	0
ZNF322	4	3.5455e-01	3.4438e-01	1.000000	0
KRT34	4	3.5459e-01	3.4438e-01	1.000000	0
KCNV2	4	3.5463e-01	3.4438e-01	1.000000	0
PCDH9	4	3.5470e-01	3.4438e-01	1.000000	0
TMTC3	4	3.5478e-01	3.4438e-01	1.000000	0
ASAP1	4	3.5485e-01	3.4727e-01	1.000000	0
MAOA	4	3.5496e-01	3.4727e-01	1.000000	0
SPEF2	4	3.5504e-01	3.4727e-01	1.000000	0
IFNA13	4	3.5507e-01	3.4727e-01	1.000000	0
STC2	4	3.5511e-01	3.4727e-01	1.000000	0
STOML3	4	3.5526e-01	3.5022e-01	1.000000	0
A1CF	4	3.5530e-01	3.5022e-01	1.000000	0
TOM1L2	4	3.5533e-01	3.5022e-01	1.000000	0
CHST6	4	3.5537e-01	3.5022e-01	1.000000	0
ZNF641	4	3.5548e-01	3.5022e-01	1.000000	0
PYGL	4	3.5552e-01	3.5022e-01	1.000000	0
SPG20	4	3.5556e-01	3.5022e-01	1.000000	0
SLC5A6	4	3.5567e-01	3.5022e-01	1.000000	0
ENTPD1	4	3.5571e-01	3.5022e-01	1.000000	0
SLC24A1	4	3.5582e-01	3.5022e-01	1.000000	0
C11orf63	4	3.5586e-01	3.5022e-01	1.000000	0
CELF3	4	3.5589e-01	3.5022e-01	1.000000	0
SCN7A	4	3.5593e-01	3.5022e-01	1.000000	0
STAT5B	4	3.5597e-01	3.5022e-01	1.000000	0
GCAT	4	3.5612e-01	3.5022e-01	1.000000	0
STAR	4	3.5615e-01	3.5022e-01	1.000000	0
EDC4	4	3.5619e-01	3.5022e-01	1.000000	0
APOA1BP	4	3.5623e-01	3.5022e-01	1.000000	0
LTBP3	4	3.5627e-01	3.5022e-01	1.000000	0
RNF123	4	3.5630e-01	3.5022e-01	1.000000	0
VGLL4	4	3.5634e-01	3.5022e-01	1.000000	0
PTGIS	4	3.5641e-01	3.5022e-01	1.000000	0
LAMA5	4	3.5645e-01	3.5022e-01	1.000000	0
OR5M1	4	3.5649e-01	3.5022e-01	1.000000	0
HEYL	4	3.5653e-01	3.5022e-01	1.000000	0
CPA2	4	3.5660e-01	3.5022e-01	1.000000	0
TTYH1	4	3.5664e-01	3.5022e-01	1.000000	0
RAB3A	4	3.5667e-01	3.5022e-01	1.000000	0
AXDND1	4	3.5671e-01	3.5022e-01	1.000000	0
ESAM	4	3.5675e-01	3.5022e-01	1.000000	0
IFT57	4	3.5679e-01	3.5022e-01	1.000000	0
KLRC1	4	3.5682e-01	3.5022e-01	1.000000	0
EPHB6	4	3.5693e-01	3.5022e-01	1.000000	0
ZNF492	4	3.5705e-01	3.5022e-01	1.000000	0
DAPK2	4	3.5720e-01	3.5022e-01	1.000000	0
NLRP8	4	3.5727e-01	3.5022e-01	1.000000	0
LANCL3	4	3.5731e-01	3.5022e-01	1.000000	0
DHDH	4	3.5734e-01	3.5022e-01	1.000000	0
LAMP5	4	3.5738e-01	3.5022e-01	1.000000	0
MAGEB10	4	3.5742e-01	3.5022e-01	1.000000	0
CPM	4	3.5746e-01	3.5022e-01	1.000000	0
PRKD3	4	3.5753e-01	3.5314e-01	1.000000	0
IL7	4	3.5757e-01	3.5314e-01	1.000000	0
HOXC10	4	3.5764e-01	3.5314e-01	1.000000	0
SUN3	4	3.5772e-01	3.5314e-01	1.000000	0
KLK12	4	3.5775e-01	3.5314e-01	1.000000	0
SPINT3	4	3.5779e-01	3.5314e-01	1.000000	0
ANO10	4	3.5783e-01	3.5314e-01	1.000000	0
DLG4	4	3.5786e-01	3.5314e-01	1.000000	0
MS4A5	4	3.5790e-01	3.5314e-01	1.000000	0
TLL1	4	3.5794e-01	3.5314e-01	1.000000	0
CT47A1	4	3.5801e-01	3.5314e-01	1.000000	0
FAM103A1	4	3.5805e-01	3.5314e-01	1.000000	0
MTMR8	4	3.5809e-01	3.5314e-01	1.000000	0
TRIM63	4	3.5812e-01	3.5314e-01	1.000000	0
ADGRG6	4	3.5820e-01	3.5314e-01	1.000000	0
KCNN4	4	3.5824e-01	3.5314e-01	1.000000	0
CASQ1	4	3.5835e-01	3.5600e-01	1.000000	0
ST13	4	3.5838e-01	3.5600e-01	1.000000	0
TCF12	4	3.5842e-01	3.5600e-01	1.000000	0
MAGEB2	4	3.5846e-01	3.5600e-01	1.000000	0
FRMD5	4	3.5857e-01	3.5600e-01	1.000000	0
APBB1	4	3.5861e-01	3.5600e-01	1.000000	0
SPIN3	4	3.5868e-01	3.5600e-01	1.000000	0
NEK9	4	3.5875e-01	3.5600e-01	1.000000	0
FERMT3	4	3.5879e-01	3.5600e-01	1.000000	0
CCDC140	4	3.5883e-01	3.5600e-01	1.000000	0
FAM83C	4	3.5890e-01	3.5600e-01	1.000000	0
CASP5	4	3.5894e-01	3.5600e-01	1.000000	0
MAPK15	4	3.5898e-01	3.5600e-01	1.000000	0
RBL1	4	3.5901e-01	3.5600e-01	1.000000	0
CYB5R1	4	3.5905e-01	3.5600e-01	1.000000	0
SEC16B	4	3.5913e-01	3.5600e-01	1.000000	0
SYNE3	4	3.5916e-01	3.5600e-01	1.000000	0
DSG2	4	3.5920e-01	3.5600e-01	1.000000	0
KCTD3	4	3.5924e-01	3.5600e-01	1.000000	0
CYC1	4	3.5927e-01	3.5600e-01	1.000000	0
RNF2	4	3.5931e-01	3.5600e-01	1.000000	0
ABLIM3	4	3.5939e-01	3.5600e-01	1.000000	0
VWA9	4	3.5946e-01	3.5600e-01	1.000000	0
GNPDA1	4	3.5953e-01	3.5600e-01	1.000000	0
PDP2	4	3.5957e-01	3.5600e-01	1.000000	0
FAM43B	4	3.5976e-01	3.5600e-01	1.000000	0
RD3L	4	3.5979e-01	3.5600e-01	1.000000	0
C6orf1	4	3.5983e-01	3.5600e-01	1.000000	0
ZNF575	4	3.5987e-01	3.5600e-01	1.000000	0
ESR2	4	3.5994e-01	3.5600e-01	1.000000	0
KRTAP17-1	4	3.5998e-01	3.5600e-01	1.000000	0
LATS2	4	3.6005e-01	3.5600e-01	1.000000	0
CNGA2	4	3.6009e-01	3.5600e-01	1.000000	0
AUNIP	4	3.6024e-01	3.5600e-01	1.000000	0
JAKMIP3	4	3.6031e-01	3.5600e-01	1.000000	0
CCDC67	4	3.6035e-01	3.5600e-01	1.000000	0
BOC	4	3.6039e-01	3.5600e-01	1.000000	0
RFXAP	4	3.6042e-01	3.5600e-01	1.000000	0
CYSLTR2	4	3.6046e-01	3.5600e-01	1.000000	0
SPATS2L	4	3.6050e-01	3.5600e-01	1.000000	0
PTPN13	4	3.6061e-01	3.5890e-01	1.000000	0
PRR20A	4	3.6068e-01	3.5890e-01	1.000000	0
KCNG4	4	3.6076e-01	3.5890e-01	1.000000	0
CCL22	4	3.6079e-01	3.5890e-01	1.000000	0
TUBA3E	4	3.6087e-01	3.5890e-01	1.000000	0
HYKK	4	3.6094e-01	3.5890e-01	1.000000	0
RAPSN	4	3.6098e-01	3.5890e-01	1.000000	0
NPHP4	4	3.6105e-01	3.5890e-01	1.000000	0
RBM3	4	3.6109e-01	3.5890e-01	1.000000	0
KIAA1715	4	3.6113e-01	3.5890e-01	1.000000	0
EDA	4	3.6116e-01	3.5890e-01	1.000000	0
ZNF559	4	3.6120e-01	3.5890e-01	1.000000	0
DPCD	4	3.6124e-01	3.5890e-01	1.000000	0
GNG4	4	3.6135e-01	3.5890e-01	1.000000	0
OR52N5	4	3.6139e-01	3.5890e-01	1.000000	0
ENDOU	4	3.6146e-01	3.5890e-01	1.000000	0
OR10H3	4	3.6150e-01	3.5890e-01	1.000000	0
SCML4	4	3.6153e-01	3.5890e-01	1.000000	0
ENTPD4	4	3.6168e-01	3.5890e-01	1.000000	0
FAM157B	4	3.6172e-01	3.5890e-01	1.000000	0
CHRFAM7A	4	3.6183e-01	3.5890e-01	1.000000	0
ZNF703	4	3.6190e-01	3.5890e-01	1.000000	0
CST7	4	3.6205e-01	3.5890e-01	1.000000	0
ZSCAN23	4	3.6209e-01	3.5890e-01	1.000000	0
S100Z	4	3.6216e-01	3.5890e-01	1.000000	0
ZNF346	4	3.6220e-01	3.5890e-01	1.000000	0
SNRNP35	4	3.6225e-01	3.5890e-01	1.000000	0
ACTRT3	4	3.6225e-01	3.5890e-01	1.000000	0
IL18R1	4	3.6235e-01	3.5890e-01	1.000000	0
BCL10	4	3.6242e-01	3.5890e-01	1.000000	0
CCR7	4	3.6246e-01	3.5890e-01	1.000000	0
KLK11	4	3.6249e-01	3.5890e-01	1.000000	0
ZIC3	4	3.6257e-01	3.5890e-01	1.000000	0
FBXO46	4	3.6261e-01	3.5890e-01	1.000000	0
HPS3	4	3.6264e-01	3.5890e-01	1.000000	0
THRA	4	3.6268e-01	3.5890e-01	1.000000	0
LOXL1	4	3.6272e-01	3.5890e-01	1.000000	0
KIAA1919	4	3.6294e-01	3.6179e-01	1.000000	0
ZFP62	4	3.6312e-01	3.6179e-01	1.000000	0
KIF19	4	3.6323e-01	3.6179e-01	1.000000	0
LRRC37A2	4	3.6327e-01	3.6179e-01	1.000000	0
EML1	4	3.6331e-01	3.6179e-01	1.000000	0
HEMGN	4	3.6345e-01	3.6179e-01	1.000000	0
DNAH11	4	3.6349e-01	3.6179e-01	1.000000	0
UPK3A	4	3.6353e-01	3.6179e-01	1.000000	0
CMTM6	4	3.6360e-01	3.6179e-01	1.000000	0
ANKRD36	4	3.6364e-01	3.6179e-01	1.000000	0
C16orf91	4	3.6368e-01	3.6179e-01	1.000000	0
TSC22D2	4	3.6375e-01	3.6179e-01	1.000000	0
PENK	4	3.6382e-01	3.6179e-01	1.000000	0
P2RX4	4	3.6386e-01	3.6179e-01	1.000000	0
TMEM97	4	3.6390e-01	3.6179e-01	1.000000	0
OR5I1	4	3.6393e-01	3.6179e-01	1.000000	0
CCDC169	4	3.6401e-01	3.6179e-01	1.000000	0
NR1I2	4	3.6404e-01	3.6179e-01	1.000000	0
C1orf64	4	3.6408e-01	3.6179e-01	1.000000	0
C5orf45	4	3.6416e-01	3.6179e-01	1.000000	0
RHOQ	4	3.6419e-01	3.6179e-01	1.000000	0
CCDC137	4	3.6423e-01	3.6179e-01	1.000000	0
GAGE1	4	3.6430e-01	3.6179e-01	1.000000	0
SLC44A4	4	3.6445e-01	3.6179e-01	1.000000	0
BSX	4	3.6449e-01	3.6179e-01	1.000000	0
ZBTB33	4	3.6452e-01	3.6179e-01	1.000000	0
KRT6A	4	3.6456e-01	3.6179e-01	1.000000	0
DEFB126	4	3.6467e-01	3.6179e-01	1.000000	0
ESCO1	4	3.6475e-01	3.6179e-01	1.000000	0
STX7	4	3.6478e-01	3.6179e-01	1.000000	0
RIOK2	4	3.6482e-01	3.6179e-01	1.000000	0
ERMN	4	3.6493e-01	3.6179e-01	1.000000	0
SLC39A5	4	3.6500e-01	3.6179e-01	1.000000	0
TYMSOS	4	3.6504e-01	3.6179e-01	1.000000	0
PGLYRP3	4	3.6511e-01	3.6179e-01	1.000000	0
IFNL1	4	3.6515e-01	3.6179e-01	1.000000	0
METRN	4	3.6519e-01	3.6179e-01	1.000000	0
DNAAF5	4	3.6522e-01	3.6179e-01	1.000000	0
APH1A	4	3.6530e-01	3.6179e-01	1.000000	0
FAM84A	4	3.6537e-01	3.6179e-01	1.000000	0
MRPL50	4	3.6544e-01	3.6179e-01	1.000000	0
UQCRB	4	3.6548e-01	3.6179e-01	1.000000	0
HTR1E	4	3.6556e-01	3.6179e-01	1.000000	0
ASTN2	4	3.6559e-01	3.6179e-01	1.000000	0
DPF1	4	3.6570e-01	3.6179e-01	1.000000	0
GAN	4	3.6578e-01	3.6463e-01	1.000000	0
COL13A1	4	3.6585e-01	3.6463e-01	1.000000	0
MRAP	4	3.6592e-01	3.6463e-01	1.000000	0
THADA	4	3.6596e-01	3.6463e-01	1.000000	0
MTUS1	4	3.6603e-01	3.6463e-01	1.000000	0
GLG1	4	3.6607e-01	3.6463e-01	1.000000	0
TMEM222	4	3.6611e-01	3.6463e-01	1.000000	0
RNASEH2B	4	3.6625e-01	3.6463e-01	1.000000	0
C4orf51	4	3.6629e-01	3.6463e-01	1.000000	0
HIST1H3B	4	3.6633e-01	3.6463e-01	1.000000	0
KCNK7	4	3.6640e-01	3.6463e-01	1.000000	0
DPY19L1	4	3.6648e-01	3.6463e-01	1.000000	0
DIAPH1	4	3.6651e-01	3.6463e-01	1.000000	0
SPINK2	4	3.6655e-01	3.6463e-01	1.000000	0
XPNPEP1	4	3.6659e-01	3.6463e-01	1.000000	0
DNASE1L1	4	3.6662e-01	3.6463e-01	1.000000	0
RGAG4	4	3.6666e-01	3.6463e-01	1.000000	0
ERGIC2	3	3.6667e-01	4.0127e-01	1.000000	0
ENPP1	4	3.6670e-01	3.6463e-01	1.000000	0
MAPK3	4	3.6677e-01	3.6744e-01	1.000000	0
TIFA	4	3.6681e-01	3.6744e-01	1.000000	0
ZNF771	4	3.6684e-01	3.6744e-01	1.000000	0
OR8J1	4	3.6688e-01	3.6744e-01	1.000000	0
ACOT6	4	3.6695e-01	3.6744e-01	1.000000	0
WNT5B	4	3.6703e-01	3.6744e-01	1.000000	0
SETD7	4	3.6706e-01	3.6744e-01	1.000000	0
RCHY1	4	3.6710e-01	3.6744e-01	1.000000	0
MAPK1IP1L	4	3.6717e-01	3.6744e-01	1.000000	0
C17orf75	4	3.6721e-01	3.6744e-01	1.000000	0
NDFIP2	4	3.6736e-01	3.6744e-01	1.000000	0
TMEM120B	4	3.6739e-01	3.6744e-01	1.000000	0
DYSF	4	3.6743e-01	3.6744e-01	1.000000	0
XAGE1B	4	3.6747e-01	3.6744e-01	1.000000	0
TRPC5	4	3.6750e-01	3.6744e-01	1.000000	0
PGM2	4	3.6754e-01	3.6744e-01	1.000000	0
OR5K3	4	3.6758e-01	3.6744e-01	1.000000	0
MYOT	4	3.6761e-01	3.6744e-01	1.000000	0
ISL2	4	3.6769e-01	3.6744e-01	1.000000	0
IL22	4	3.6780e-01	3.6744e-01	1.000000	0
GNAZ	3	3.6782e-01	4.0127e-01	1.000000	0
HGSNAT	4	3.6783e-01	3.6744e-01	1.000000	0
NME9	4	3.6794e-01	3.6744e-01	1.000000	0
KRT9	4	3.6805e-01	3.6744e-01	1.000000	0
SRR	4	3.6809e-01	3.6744e-01	1.000000	0
ANKRD35	4	3.6813e-01	3.6744e-01	1.000000	0
SOX14	4	3.6816e-01	3.6744e-01	1.000000	0
CUTA	4	3.6820e-01	3.6744e-01	1.000000	0
FBP2	4	3.6835e-01	3.7029e-01	1.000000	0
MTFP1	4	3.6846e-01	3.7029e-01	1.000000	0
BPIFB1	3	3.6856e-01	4.0127e-01	1.000000	0
RXRB	4	3.6861e-01	3.7029e-01	1.000000	0
ASTN1	4	3.6868e-01	3.7029e-01	1.000000	0
DMRTC2	4	3.6875e-01	3.7029e-01	1.000000	0
VWA2	4	3.6883e-01	3.7029e-01	1.000000	0
SHROOM4	4	3.6886e-01	3.7029e-01	1.000000	0
PPP2CB	4	3.6901e-01	3.7310e-01	1.000000	0
THOC6	4	3.6905e-01	3.7310e-01	1.000000	0
KIRREL2	4	3.6908e-01	3.7310e-01	1.000000	0
ST3GAL5	4	3.6916e-01	3.7310e-01	1.000000	0
CWH43	4	3.6919e-01	3.7310e-01	1.000000	0
OPN1SW	4	3.6923e-01	3.7310e-01	1.000000	0
TGM2	4	3.6927e-01	3.7310e-01	1.000000	0
NGLY1	4	3.6934e-01	3.7310e-01	1.000000	0
RRAS2	4	3.6939e-01	3.7310e-01	1.000000	0
LILRA5	4	3.6945e-01	3.7310e-01	1.000000	0
LOC101927322	4	3.6949e-01	3.7310e-01	1.000000	0
MINA	4	3.6952e-01	3.7310e-01	1.000000	0
TMPRSS3	4	3.6956e-01	3.7310e-01	1.000000	0
OR2T35	4	3.6959e-01	3.7310e-01	1.000000	0
BDH2	4	3.6970e-01	3.7310e-01	1.000000	0
GOLGA6L2	4	3.6974e-01	3.7310e-01	1.000000	0
PFKFB1	4	3.6978e-01	3.7310e-01	1.000000	0
C5orf63	4	3.6992e-01	3.7310e-01	1.000000	0
SLC6A18	4	3.7000e-01	3.7310e-01	1.000000	0
C2orf42	4	3.7003e-01	3.7310e-01	1.000000	0
FIG4	4	3.7011e-01	3.7310e-01	1.000000	0
WDR88	4	3.7018e-01	3.7310e-01	1.000000	0
ERGIC3	4	3.7022e-01	3.7310e-01	1.000000	0
INS	4	3.7029e-01	3.7310e-01	1.000000	0
FZD8	4	3.7036e-01	3.7310e-01	1.000000	0
NAB1	4	3.7040e-01	3.7310e-01	1.000000	0
FXR2	4	3.7044e-01	3.7310e-01	1.000000	0
ADAD2	4	3.7047e-01	3.7310e-01	1.000000	0
CDC42EP2	4	3.7055e-01	3.7310e-01	1.000000	0
FPGT-TNNI3K	4	3.7058e-01	3.7310e-01	1.000000	0
XPNPEP2	4	3.7062e-01	3.7310e-01	1.000000	0
DMGDH	4	3.7069e-01	3.7310e-01	1.000000	0
PDYN	3	3.7084e-01	4.0767e-01	1.000000	0
CD274	4	3.7093e-01	3.7310e-01	1.000000	0
SHH	4	3.7099e-01	3.7310e-01	1.000000	0
SPATA31C1	4	3.7110e-01	3.7310e-01	1.000000	0
WDR90	4	3.7113e-01	3.7310e-01	1.000000	0
OR13C2	4	3.7117e-01	3.7310e-01	1.000000	0
FSTL5	4	3.7124e-01	3.7310e-01	1.000000	0
GJB2	4	3.7132e-01	3.7310e-01	1.000000	0
HERPUD1	4	3.7139e-01	3.7310e-01	1.000000	0
FAM218A	4	3.7146e-01	3.7310e-01	1.000000	0
PFKFB4	4	3.7150e-01	3.7310e-01	1.000000	0
DNAJC14	4	3.7161e-01	3.7594e-01	1.000000	0
SFXN3	4	3.7164e-01	3.7594e-01	1.000000	0
STC1	4	3.7168e-01	3.7594e-01	1.000000	0
GOLT1A	4	3.7179e-01	3.7594e-01	1.000000	0
PTK7	4	3.7190e-01	3.7594e-01	1.000000	0
FAM209A	4	3.7194e-01	3.7594e-01	1.000000	0
RHOD	4	3.7197e-01	3.7594e-01	1.000000	0
KIN	4	3.7203e-01	3.7594e-01	1.000000	0
CYP51A1	4	3.7203e-01	3.7594e-01	1.000000	0
FBXO16	4	3.7208e-01	3.7594e-01	1.000000	0
CNBD2	4	3.7212e-01	3.7594e-01	1.000000	0
ARL15	4	3.7216e-01	3.7594e-01	1.000000	0
CPPED1	4	3.7219e-01	3.7594e-01	1.000000	0
NCKAP5L	4	3.7223e-01	3.7594e-01	1.000000	0
PAK2	4	3.7227e-01	3.7594e-01	1.000000	0
ADIPOR1	4	3.7230e-01	3.7594e-01	1.000000	0
LRRC14	4	3.7234e-01	3.7594e-01	1.000000	0
VSTM1	4	3.7237e-01	3.7594e-01	1.000000	0
SETD3	4	3.7241e-01	3.7594e-01	1.000000	0
RGL4	4	3.7252e-01	3.7594e-01	1.000000	0
TCERG1L	4	3.7267e-01	3.7594e-01	1.000000	0
RNF126	4	3.7270e-01	3.7594e-01	1.000000	0
CHSY1	4	3.7278e-01	3.7594e-01	1.000000	0
ANTXR2	4	3.7281e-01	3.7594e-01	1.000000	0
SYF2	3	3.7287e-01	4.1399e-01	1.000000	0
OGN	4	3.7289e-01	3.7594e-01	1.000000	0
DCAF15	4	3.7292e-01	3.7594e-01	1.000000	0
GNB5	4	3.7296e-01	3.7594e-01	1.000000	0
SNED1	4	3.7303e-01	3.7594e-01	1.000000	0
ZNF574	4	3.7307e-01	3.7594e-01	1.000000	0
ZBTB39	4	3.7310e-01	3.7594e-01	1.000000	0
USP17L1	4	3.7314e-01	3.7594e-01	1.000000	0
AKR1C4	4	3.7325e-01	3.7594e-01	1.000000	0
MAGEL2	4	3.7329e-01	3.7594e-01	1.000000	0
ZNF431	4	3.7332e-01	3.7594e-01	1.000000	0
IL36B	4	3.7336e-01	3.7594e-01	1.000000	0
SYNJ2	4	3.7340e-01	3.7594e-01	1.000000	0
GFPT2	4	3.7343e-01	3.7594e-01	1.000000	0
NCKIPSD	4	3.7351e-01	3.7594e-01	1.000000	0
MYLK4	4	3.7354e-01	3.7594e-01	1.000000	0
EPB41L3	4	3.7358e-01	3.7594e-01	1.000000	0
LDOC1L	4	3.7362e-01	3.7594e-01	1.000000	0
LMNA	4	3.7365e-01	3.7594e-01	1.000000	0
AQP7	4	3.7376e-01	3.7594e-01	1.000000	0
ITGA5	4	3.7380e-01	3.7594e-01	1.000000	0
GAS7	4	3.7383e-01	3.7594e-01	1.000000	0
ZDHHC21	4	3.7387e-01	3.7594e-01	1.000000	0
EEF1A2	4	3.7405e-01	3.7594e-01	1.000000	0
PSD3	4	3.7409e-01	3.7594e-01	1.000000	0
ZNF112	4	3.7427e-01	3.7594e-01	1.000000	0
ZNF331	4	3.7433e-01	3.7594e-01	1.000000	0
C10orf105	4	3.7442e-01	3.7873e-01	1.000000	0
FKBP14	4	3.7445e-01	3.7873e-01	1.000000	0
CCDC130	4	3.7449e-01	3.7873e-01	1.000000	0
PRR12	4	3.7453e-01	3.7873e-01	1.000000	0
CORT	4	3.7456e-01	3.7873e-01	1.000000	0
PIR	4	3.7460e-01	3.7873e-01	1.000000	0
NDUFA4L2	4	3.7464e-01	3.7873e-01	1.000000	0
GRB10	4	3.7467e-01	3.7873e-01	1.000000	0
CPO	4	3.7471e-01	3.7873e-01	1.000000	0
MOB2	4	3.7474e-01	3.7873e-01	1.000000	0
DBX2	4	3.7478e-01	3.7873e-01	1.000000	0
ACADM	4	3.7485e-01	3.7873e-01	1.000000	0
WDFY2	4	3.7493e-01	3.7873e-01	1.000000	0
TMEM116	4	3.7496e-01	3.7873e-01	1.000000	0
WNT1	4	3.7505e-01	3.7873e-01	1.000000	0
SLC25A37	4	3.7511e-01	3.7873e-01	1.000000	0
FBXL3	4	3.7515e-01	3.7873e-01	1.000000	0
OR13F1	4	3.7522e-01	3.7873e-01	1.000000	0
MAN2A1	4	3.7525e-01	3.7873e-01	1.000000	0
APC2	4	3.7529e-01	3.7873e-01	1.000000	0
KLF14	4	3.7533e-01	3.7873e-01	1.000000	0
MAGEA9B	4	3.7536e-01	3.7873e-01	1.000000	0
ZNF583	4	3.7540e-01	3.7873e-01	1.000000	0
SCN1B	4	3.7544e-01	3.7873e-01	1.000000	0
C15orf65	4	3.7558e-01	3.7873e-01	1.000000	0
LDLRAD1	4	3.7562e-01	3.7873e-01	1.000000	0
RSRC1	4	3.7565e-01	3.7873e-01	1.000000	0
CLYBL	4	3.7569e-01	3.7873e-01	1.000000	0
CARD14	4	3.7573e-01	3.7873e-01	1.000000	0
RNF139	4	3.7576e-01	3.7873e-01	1.000000	0
COA1	4	3.7584e-01	3.7873e-01	1.000000	0
ACMSD	4	3.7587e-01	3.7873e-01	1.000000	0
TSSK4	4	3.7591e-01	3.7873e-01	1.000000	0
MAP7	4	3.7595e-01	3.7873e-01	1.000000	0
STPG2	4	3.7598e-01	3.7873e-01	1.000000	0
TACC1	4	3.7602e-01	3.7873e-01	1.000000	0
PYHIN1	4	3.7609e-01	3.7873e-01	1.000000	0
NRIP3	4	3.7613e-01	3.7873e-01	1.000000	0
ZC3HAV1L	4	3.7616e-01	3.7873e-01	1.000000	0
LOC388813	4	3.7620e-01	3.7873e-01	1.000000	0
PRSS27	4	3.7624e-01	3.7873e-01	1.000000	0
FGFR1OP	4	3.7631e-01	3.7873e-01	1.000000	0
GPRASP1	4	3.7638e-01	3.7873e-01	1.000000	0
SHC4	4	3.7645e-01	3.7873e-01	1.000000	0
MAGEC3	4	3.7653e-01	3.7873e-01	1.000000	0
OSTC	4	3.7674e-01	3.7873e-01	1.000000	0
OR1L4	4	3.7685e-01	3.7873e-01	1.000000	0
ARSG	4	3.7689e-01	3.7873e-01	1.000000	0
PLBD1	4	3.7693e-01	3.7873e-01	1.000000	0
HYPM	4	3.7700e-01	3.7873e-01	1.000000	0
RBM6	4	3.7704e-01	3.7873e-01	1.000000	0
CELSR1	4	3.7707e-01	3.7873e-01	1.000000	0
C16orf93	4	3.7714e-01	3.8151e-01	1.000000	0
CYB561	4	3.7718e-01	3.8151e-01	1.000000	0
USP17L3	4	3.7725e-01	3.8151e-01	1.000000	0
BST1	4	3.7729e-01	3.8151e-01	1.000000	0
POF1B	4	3.7733e-01	3.8151e-01	1.000000	0
ABI2	4	3.7740e-01	3.8151e-01	1.000000	0
EYA1	4	3.7743e-01	3.8151e-01	1.000000	0
ADAMTS7	4	3.7747e-01	3.8151e-01	1.000000	0
TEX37	4	3.7751e-01	3.8151e-01	1.000000	0
SLC2A4	4	3.7758e-01	3.8151e-01	1.000000	0
CASKIN1	4	3.7762e-01	3.8151e-01	1.000000	0
RAB3D	4	3.7772e-01	3.8151e-01	1.000000	0
OR2AE1	4	3.7780e-01	3.8151e-01	1.000000	0
IL1R2	4	3.7783e-01	3.8151e-01	1.000000	0
C12orf60	4	3.7787e-01	3.8151e-01	1.000000	0
FRS2	3	3.7792e-01	4.2463e-01	1.000000	0
C19orf68	4	3.7798e-01	3.8151e-01	1.000000	0
OLIG1	4	3.7805e-01	3.8151e-01	1.000000	0
PIF1	4	3.7809e-01	3.8151e-01	1.000000	0
MYO1E	4	3.7812e-01	3.8151e-01	1.000000	0
SMTNL1	4	3.7816e-01	3.8151e-01	1.000000	0
JMJD4	4	3.7823e-01	3.8151e-01	1.000000	0
OR9I1	4	3.7827e-01	3.8151e-01	1.000000	0
RGS3	4	3.7831e-01	3.8151e-01	1.000000	0
SHROOM1	4	3.7838e-01	3.8151e-01	1.000000	0
PRR30	4	3.7845e-01	3.8151e-01	1.000000	0
FXYD7	4	3.7852e-01	3.8151e-01	1.000000	0
IRG1	4	3.7860e-01	3.8151e-01	1.000000	0
CNOT1	4	3.7867e-01	3.8151e-01	1.000000	0
RCOR3	4	3.7870e-01	3.8151e-01	1.000000	0
PCDH20	4	3.7874e-01	3.8151e-01	1.000000	0
AKAP4	4	3.7881e-01	3.8151e-01	1.000000	0
OR10X1	4	3.7885e-01	3.8151e-01	1.000000	0
MEIS1	4	3.7889e-01	3.8151e-01	1.000000	0
CBLN1	4	3.7892e-01	3.8151e-01	1.000000	0
IQCC	4	3.7899e-01	3.8151e-01	1.000000	0
OTOP3	3	3.7902e-01	4.2666e-01	1.000000	0
DENND2D	4	3.7914e-01	3.8151e-01	1.000000	0
FAM19A4	4	3.7928e-01	3.8151e-01	1.000000	0
GALNT13	4	3.7932e-01	3.8151e-01	1.000000	0
FZD3	4	3.7936e-01	3.8151e-01	1.000000	0
LAMC2	4	3.7939e-01	3.8151e-01	1.000000	0
MEPCE	4	3.7943e-01	3.8151e-01	1.000000	0
NEGR1	4	3.7946e-01	3.8151e-01	1.000000	0
C19orf33	4	3.7954e-01	3.8151e-01	1.000000	0
DHX58	4	3.7957e-01	3.8151e-01	1.000000	0
HRH4	4	3.7961e-01	3.8151e-01	1.000000	0
C9orf117	4	3.7965e-01	3.8151e-01	1.000000	0
HNRNPA2B1	4	3.7977e-01	3.8151e-01	1.000000	0
SEPW1	4	3.7977e-01	3.8151e-01	1.000000	0
TBC1D25	4	3.7983e-01	3.8151e-01	1.000000	0
LOC403312	4	3.7986e-01	3.8151e-01	1.000000	0
RASGEF1A	4	3.7990e-01	3.8151e-01	1.000000	0
CRABP2	4	3.7994e-01	3.8151e-01	1.000000	0
ANKRD22	4	3.8001e-01	3.8151e-01	1.000000	0
SPATA5	4	3.8004e-01	3.8151e-01	1.000000	0
ANXA8	4	3.8008e-01	3.8151e-01	1.000000	0
DNAH10	4	3.8012e-01	3.8151e-01	1.000000	0
KCNE4	4	3.8015e-01	3.8151e-01	1.000000	0
TES	4	3.8019e-01	3.8151e-01	1.000000	0
RFX3	4	3.8022e-01	3.8151e-01	1.000000	0
SCRT2	4	3.8030e-01	3.8151e-01	1.000000	0
ADAP1	4	3.8033e-01	3.8151e-01	1.000000	0
OR10G8	4	3.8037e-01	3.8151e-01	1.000000	0
BTBD17	4	3.8041e-01	3.8151e-01	1.000000	0
KRTAP4-3	4	3.8051e-01	3.8151e-01	1.000000	0
CDX1	4	3.8055e-01	3.8151e-01	1.000000	0
C8orf34	4	3.8062e-01	3.8151e-01	1.000000	0
ADCK3	4	3.8073e-01	3.8151e-01	1.000000	0
OR7C2	4	3.8077e-01	3.8151e-01	1.000000	0
OAS3	4	3.8088e-01	3.8151e-01	1.000000	0
CA4	4	3.8091e-01	3.8151e-01	1.000000	0
FBXO3	4	3.8095e-01	3.8151e-01	1.000000	0
HLA-G	4	3.8102e-01	3.8151e-01	1.000000	0
LMAN1L	4	3.8106e-01	3.8151e-01	1.000000	0
KANSL1L	4	3.8116e-01	3.8151e-01	1.000000	0
TMEM108	4	3.8124e-01	3.8151e-01	1.000000	0
ANKRD30B	4	3.8127e-01	3.8151e-01	1.000000	0
OR10A5	4	3.8131e-01	3.8151e-01	1.000000	0
UBAP1L	4	3.8138e-01	3.8151e-01	1.000000	0
SLC7A1	4	3.8145e-01	3.8151e-01	1.000000	0
KCTD1	4	3.8149e-01	3.8151e-01	1.000000	0
DUS4L	4	3.8153e-01	3.8151e-01	1.000000	0
TMEM126A	4	3.8160e-01	3.8151e-01	1.000000	0
PDE3A	4	3.8163e-01	3.8151e-01	1.000000	0
ZNF709	4	3.8167e-01	3.8151e-01	1.000000	0
CLLU1	4	3.8171e-01	3.8151e-01	1.000000	0
PUS7L	4	3.8178e-01	3.8151e-01	1.000000	0
ZMYM5	4	3.8181e-01	3.8151e-01	1.000000	0
C3orf20	4	3.8189e-01	3.8151e-01	1.000000	0
AFF3	4	3.8192e-01	3.8151e-01	1.000000	0
ANXA1	4	3.8196e-01	3.8151e-01	1.000000	0
AKAP12	4	3.8200e-01	3.8151e-01	1.000000	0
NETO2	4	3.8207e-01	3.8151e-01	1.000000	0
RGS22	4	3.8210e-01	3.8151e-01	1.000000	0
MAP3K9	4	3.8218e-01	3.8151e-01	1.000000	0
RPH3AL	4	3.8225e-01	3.8151e-01	1.000000	0
TSGA13	4	3.8228e-01	3.8151e-01	1.000000	0
KRTAP4-11	4	3.8236e-01	3.8151e-01	1.000000	0
C10orf111	4	3.8239e-01	3.8151e-01	1.000000	0
LILRB1	4	3.8246e-01	3.8151e-01	1.000000	0
KRT13	4	3.8250e-01	3.8151e-01	1.000000	0
FAM227B	4	3.8257e-01	3.8151e-01	1.000000	0
DPEP2	4	3.8261e-01	3.8151e-01	1.000000	0
IL1RAPL1	4	3.8268e-01	3.8151e-01	1.000000	0
SYNGAP1	4	3.8272e-01	3.8151e-01	1.000000	0
PRR27	4	3.8275e-01	3.8151e-01	1.000000	0
PF4	4	3.8279e-01	3.8151e-01	1.000000	0
NUPL2	4	3.8282e-01	3.8151e-01	1.000000	0
THAP4	4	3.8286e-01	3.8151e-01	1.000000	0
ARAP2	4	3.8290e-01	3.8151e-01	1.000000	0
HAGH	4	3.8301e-01	3.8431e-01	1.000000	0
SLC45A3	4	3.8311e-01	3.8714e-01	1.000000	0
OR9G1	4	3.8315e-01	3.8714e-01	1.000000	0
DVL1	4	3.8322e-01	3.8714e-01	1.000000	0
TMEM88B	4	3.8326e-01	3.8714e-01	1.000000	0
FMN1	4	3.8329e-01	3.8714e-01	1.000000	0
CDK13	4	3.8333e-01	3.8714e-01	1.000000	0
CHGB	4	3.8346e-01	3.8714e-01	1.000000	0
CDPF1	4	3.8351e-01	3.8714e-01	1.000000	0
SLC12A6	4	3.8380e-01	3.8714e-01	1.000000	0
TOMM34	4	3.8387e-01	3.8714e-01	1.000000	0
MAP4K5	4	3.8394e-01	3.8714e-01	1.000000	0
CRYBA2	4	3.8401e-01	3.8714e-01	1.000000	0
LRRD1	4	3.8412e-01	3.8714e-01	1.000000	0
DAPK1	4	3.8416e-01	3.8714e-01	1.000000	0
C17orf47	4	3.8423e-01	3.8714e-01	1.000000	0
KRTAP12-1	4	3.8427e-01	3.8714e-01	1.000000	0
GSR	4	3.8434e-01	3.8714e-01	1.000000	0
CT47A9	4	3.8441e-01	3.8714e-01	1.000000	0
ADA	4	3.8445e-01	3.8714e-01	1.000000	0
TTLL12	4	3.8448e-01	3.8714e-01	1.000000	0
C20orf203	4	3.8452e-01	3.8714e-01	1.000000	0
LRCH2	4	3.8459e-01	3.8714e-01	1.000000	0
BRMS1L	4	3.8463e-01	3.8714e-01	1.000000	0
TSSK6	4	3.8466e-01	3.8714e-01	1.000000	0
MICU1	4	3.8473e-01	3.8714e-01	1.000000	0
PAX8	4	3.8477e-01	3.8714e-01	1.000000	0
ZNF75A	4	3.8481e-01	3.8714e-01	1.000000	0
ZNF326	4	3.8484e-01	3.8714e-01	1.000000	0
ADCK1	4	3.8491e-01	3.8714e-01	1.000000	0
CYP46A1	4	3.8499e-01	3.8714e-01	1.000000	0
NEK2	4	3.8502e-01	3.8714e-01	1.000000	0
MYOM2	4	3.8506e-01	3.8714e-01	1.000000	0
RANBP9	4	3.8509e-01	3.8714e-01	1.000000	0
ZNF408	4	3.8513e-01	3.8714e-01	1.000000	0
CRCT1	4	3.8517e-01	3.8714e-01	1.000000	0
H2AFX	4	3.8524e-01	3.8714e-01	1.000000	0
IGF2BP1	4	3.8534e-01	3.8714e-01	1.000000	0
OR9A2	4	3.8538e-01	3.8714e-01	1.000000	0
TOR1B	4	3.8542e-01	3.8714e-01	1.000000	0
KAT5	4	3.8545e-01	3.8714e-01	1.000000	0
CCDC113	4	3.8549e-01	3.8714e-01	1.000000	0
SUOX	4	3.8552e-01	3.8714e-01	1.000000	0
HUNK	4	3.8556e-01	3.8714e-01	1.000000	0
FIBCD1	4	3.8563e-01	3.8998e-01	1.000000	0
NFKBIA	4	3.8567e-01	3.8998e-01	1.000000	0
FOXN3	4	3.8574e-01	3.8998e-01	1.000000	0
CARD8	4	3.8578e-01	3.8998e-01	1.000000	0
CTSF	4	3.8585e-01	3.8998e-01	1.000000	0
LMTK2	4	3.8588e-01	3.8998e-01	1.000000	0
TAL2	4	3.8596e-01	3.8998e-01	1.000000	0
TRIM74	4	3.8606e-01	3.8998e-01	1.000000	0
RHCG	4	3.8610e-01	3.8998e-01	1.000000	0
ZEB1	4	3.8614e-01	3.8998e-01	1.000000	0
FAM217B	4	3.8617e-01	3.8998e-01	1.000000	0
EPX	4	3.8624e-01	3.8998e-01	1.000000	0
MYO7B	4	3.8628e-01	3.8998e-01	1.000000	0
TMEM189	4	3.8660e-01	3.8998e-01	1.000000	0
TECTB	4	3.8667e-01	3.8998e-01	1.000000	0
BBS4	4	3.8671e-01	3.8998e-01	1.000000	0
MGAM	4	3.8678e-01	3.8998e-01	1.000000	0
HTATIP2	4	3.8682e-01	3.8998e-01	1.000000	0
EFCAB7	4	3.8685e-01	3.8998e-01	1.000000	0
P2RY8	4	3.8692e-01	3.8998e-01	1.000000	0
TRAPPC4	4	3.8700e-01	3.8998e-01	1.000000	0
MYOZ2	4	3.8710e-01	3.8998e-01	1.000000	0
PTMS	4	3.8723e-01	3.8998e-01	1.000000	0
PERM1	4	3.8728e-01	3.8998e-01	1.000000	0
KIF1B	4	3.8732e-01	3.8998e-01	1.000000	0
C1QA	4	3.8736e-01	3.8998e-01	1.000000	0
KRTAP1-5	4	3.8743e-01	3.8998e-01	1.000000	0
C21orf2	4	3.8746e-01	3.8998e-01	1.000000	0
TMEM164	4	3.8750e-01	3.8998e-01	1.000000	0
FAM196A	4	3.8757e-01	3.8998e-01	1.000000	0
CTSK	4	3.8761e-01	3.8998e-01	1.000000	0
CRIM1	4	3.8764e-01	3.8998e-01	1.000000	0
ASB10	4	3.8768e-01	3.8998e-01	1.000000	0
PLEKHG5	4	3.8771e-01	3.8998e-01	1.000000	0
TRIM66	4	3.8775e-01	3.8998e-01	1.000000	0
HIST1H3D	4	3.8779e-01	3.8998e-01	1.000000	0
HERC1	4	3.8782e-01	3.8998e-01	1.000000	0
C11orf53	4	3.8786e-01	3.8998e-01	1.000000	0
TDRD6	4	3.8791e-01	3.8998e-01	1.000000	0
CHST2	4	3.8796e-01	3.8998e-01	1.000000	0
PDXDC1	4	3.8804e-01	3.8998e-01	1.000000	0
INCENP	4	3.8807e-01	3.8998e-01	1.000000	0
MORN1	4	3.8811e-01	3.8998e-01	1.000000	0
GALNT2	4	3.8825e-01	3.8998e-01	1.000000	0
C20orf194	4	3.8829e-01	3.8998e-01	1.000000	0
ACOT2	4	3.8843e-01	3.8998e-01	1.000000	0
HBG2	4	3.8847e-01	3.8998e-01	1.000000	0
TMEM246	4	3.8850e-01	3.8998e-01	1.000000	0
ZNF32	4	3.8854e-01	3.8998e-01	1.000000	0
B3GALT2	4	3.8865e-01	3.8998e-01	1.000000	0
TP73	4	3.8868e-01	3.8998e-01	1.000000	0
SHCBP1	4	3.8875e-01	3.8998e-01	1.000000	0
FBXO43	4	3.8879e-01	3.8998e-01	1.000000	0
LMO7DN	4	3.8882e-01	3.8998e-01	1.000000	0
GAS2L2	4	3.8886e-01	3.8998e-01	1.000000	0
ADGRF1	4	3.8897e-01	3.8998e-01	1.000000	0
HIST1H1T	4	3.8900e-01	3.8998e-01	1.000000	0
KRTAP12-4	4	3.8904e-01	3.8998e-01	1.000000	0
CARHSP1	4	3.8911e-01	3.8998e-01	1.000000	0
FAM183A	4	3.8918e-01	3.8998e-01	1.000000	0
NUDT12	4	3.8922e-01	3.8998e-01	1.000000	0
MARCHF11	4	3.8929e-01	3.8998e-01	1.000000	0
ZCCHC24	4	3.8933e-01	3.8998e-01	1.000000	0
DGCR6	4	3.8936e-01	3.8998e-01	1.000000	0
KRT3	4	3.8941e-01	3.8998e-01	1.000000	0
SYPL2	4	3.8941e-01	3.8998e-01	1.000000	0
CLDN12	4	3.8947e-01	3.8998e-01	1.000000	0
FRMD7	4	3.8954e-01	3.8998e-01	1.000000	0
ZNF470	4	3.8958e-01	3.8998e-01	1.000000	0
MEX3B	4	3.8961e-01	3.8998e-01	1.000000	0
CNTN6	4	3.8968e-01	3.8998e-01	1.000000	0
PPIL1	4	3.8972e-01	3.8998e-01	1.000000	0
SPTAN1	4	3.8979e-01	3.8998e-01	1.000000	0
PTH1R	4	3.8983e-01	3.8998e-01	1.000000	0
ARL6	4	3.8986e-01	3.8998e-01	1.000000	0
RPS6KA5	4	3.8990e-01	3.8998e-01	1.000000	0
STK11	4	3.8993e-01	3.8998e-01	1.000000	0
MPG	4	3.8997e-01	3.8998e-01	1.000000	0
ISOC2	4	3.9006e-01	3.8998e-01	1.000000	0
ARHGEF6	4	3.9011e-01	3.8998e-01	1.000000	0
TSPY8	4	3.9018e-01	3.8998e-01	1.000000	0
IL27RA	4	3.9025e-01	3.8998e-01	1.000000	0
BMX	4	3.9033e-01	3.8998e-01	1.000000	0
ZP2	4	3.9040e-01	3.8998e-01	1.000000	0
FBLN2	4	3.9043e-01	3.8998e-01	1.000000	0
MB21D1	4	3.9047e-01	3.8998e-01	1.000000	0
LDLRAD4	4	3.9050e-01	3.8998e-01	1.000000	0
CLEC4A	4	3.9061e-01	3.8998e-01	1.000000	0
IFNB1	4	3.9072e-01	3.8998e-01	1.000000	0
TTK	4	3.9079e-01	3.9278e-01	1.000000	0
SLITRK4	4	3.9083e-01	3.9278e-01	1.000000	0
ALG10	4	3.9093e-01	3.9278e-01	1.000000	0
HTR4	4	3.9100e-01	3.9278e-01	1.000000	0
PIP5K1C	4	3.9108e-01	3.9278e-01	1.000000	0
PHYKPL	4	3.9115e-01	3.9278e-01	1.000000	0
PARVB	4	3.9122e-01	3.9278e-01	1.000000	0
TMEM150A	4	3.9140e-01	3.9278e-01	1.000000	0
ZNF502	2	3.9144e-01	5.2941e-01	1.000000	0
UCP1	4	3.9147e-01	3.9278e-01	1.000000	0
BZW2	4	3.9150e-01	3.9278e-01	1.000000	0
ZP1	4	3.9154e-01	3.9278e-01	1.000000	0
FREM2	4	3.9165e-01	3.9278e-01	1.000000	0
SLC4A3	4	3.9172e-01	3.9278e-01	1.000000	0
TRIM71	4	3.9179e-01	3.9278e-01	1.000000	0
TAS2R1	4	3.9186e-01	3.9278e-01	1.000000	0
ST8SIA5	4	3.9190e-01	3.9278e-01	1.000000	0
IL18RAP	4	3.9193e-01	3.9278e-01	1.000000	0
NKAIN4	4	3.9197e-01	3.9278e-01	1.000000	0
ATHL1	4	3.9204e-01	3.9278e-01	1.000000	0
RLN1	4	3.9208e-01	3.9278e-01	1.000000	0
NPEPPS	4	3.9211e-01	3.9278e-01	1.000000	0
GUCY2C	4	3.9218e-01	3.9278e-01	1.000000	0
UGT1A4	4	3.9222e-01	3.9278e-01	1.000000	0
C2orf76	4	3.9225e-01	3.9278e-01	1.000000	0
ST6GALNAC3	4	3.9240e-01	3.9278e-01	1.000000	0
PAX5	4	3.9243e-01	3.9278e-01	1.000000	0
ZNF354A	4	3.9247e-01	3.9278e-01	1.000000	0
LGALS9	4	3.9250e-01	3.9278e-01	1.000000	0
C10orf25	4	3.9254e-01	3.9278e-01	1.000000	0
C16orf71	4	3.9257e-01	3.9278e-01	1.000000	0
HTR6	4	3.9261e-01	3.9278e-01	1.000000	0
F2RL3	4	3.9268e-01	3.9278e-01	1.000000	0
HGC6.3	3	3.9269e-01	4.4102e-01	1.000000	0
SLC41A3	4	3.9272e-01	3.9278e-01	1.000000	0
GPR142	4	3.9275e-01	3.9278e-01	1.000000	0
PROSER1	4	3.9279e-01	3.9278e-01	1.000000	0
OR52E4	4	3.9282e-01	3.9278e-01	1.000000	0
ULK1	4	3.9286e-01	3.9278e-01	1.000000	0
VTCN1	4	3.9297e-01	3.9278e-01	1.000000	0
ST8SIA1	4	3.9300e-01	3.9278e-01	1.000000	0
KCNH6	4	3.9307e-01	3.9278e-01	1.000000	0
IFFO2	4	3.9314e-01	3.9550e-01	1.000000	0
CBLB	4	3.9329e-01	3.9550e-01	1.000000	0
CFAP43	4	3.9339e-01	3.9550e-01	1.000000	0
SARM1	4	3.9343e-01	3.9550e-01	1.000000	0
LGR6	4	3.9346e-01	3.9550e-01	1.000000	0
AP3B2	4	3.9350e-01	3.9550e-01	1.000000	0
LGI3	4	3.9354e-01	3.9550e-01	1.000000	0
SNX21	4	3.9357e-01	3.9550e-01	1.000000	0
ALPK3	4	3.9364e-01	3.9550e-01	1.000000	0
SPAG11B	4	3.9368e-01	3.9550e-01	1.000000	0
RBM43	4	3.9371e-01	3.9550e-01	1.000000	0
BEX4	4	3.9375e-01	3.9550e-01	1.000000	0
C11orf24	4	3.9382e-01	3.9550e-01	1.000000	0
SCRN2	4	3.9403e-01	3.9550e-01	1.000000	0
SIRPB1	4	3.9407e-01	3.9550e-01	1.000000	0
LRRC40	4	3.9410e-01	3.9550e-01	1.000000	0
CES3	4	3.9418e-01	3.9550e-01	1.000000	0
LAMP1	4	3.9421e-01	3.9550e-01	1.000000	0
ZNF679	4	3.9425e-01	3.9550e-01	1.000000	0
ATXN10	4	3.9432e-01	3.9550e-01	1.000000	0
BICD2	4	3.9435e-01	3.9550e-01	1.000000	0
CILP2	4	3.9442e-01	3.9550e-01	1.000000	0
PSMA1	4	3.9446e-01	3.9550e-01	1.000000	0
CNOT2	4	3.9450e-01	3.9550e-01	1.000000	0
SKAP2	4	3.9453e-01	3.9550e-01	1.000000	0
TTC21B	4	3.9460e-01	3.9550e-01	1.000000	0
RIPPLY1	4	3.9471e-01	3.9550e-01	1.000000	0
NPDC1	4	3.9478e-01	3.9550e-01	1.000000	0
C17orf107	4	3.9482e-01	3.9550e-01	1.000000	0
BCOR	4	3.9485e-01	3.9550e-01	1.000000	0
C12orf57	4	3.9496e-01	3.9550e-01	1.000000	0
PDK3	4	3.9499e-01	3.9550e-01	1.000000	0
ZNF398	4	3.9503e-01	3.9550e-01	1.000000	0
CLPSL2	4	3.9510e-01	3.9550e-01	1.000000	0
PRSS8	4	3.9514e-01	3.9550e-01	1.000000	0
PHLDA2	4	3.9517e-01	3.9550e-01	1.000000	0
RNASE12	4	3.9521e-01	3.9550e-01	1.000000	0
LELP1	4	3.9524e-01	3.9550e-01	1.000000	0
VSIG10	4	3.9531e-01	3.9550e-01	1.000000	0
PRRG1	4	3.9535e-01	3.9550e-01	1.000000	0
MELK	4	3.9542e-01	3.9550e-01	1.000000	0
MOB3B	4	3.9545e-01	3.9550e-01	1.000000	0
TMEM71	4	3.9549e-01	3.9550e-01	1.000000	0
YY1AP1	4	3.9556e-01	3.9550e-01	1.000000	0
TPPP3	4	3.9560e-01	3.9550e-01	1.000000	0
PHOSPHO2-KLHL23	4	3.9563e-01	3.9550e-01	1.000000	0
UBR2	4	3.9570e-01	3.9550e-01	1.000000	0
C12orf77	4	3.9577e-01	3.9550e-01	1.000000	0
MYCN	4	3.9585e-01	3.9550e-01	1.000000	0
OR4F6	4	3.9606e-01	3.9550e-01	1.000000	0
IFT52	4	3.9613e-01	3.9550e-01	1.000000	0
PRRT4	4	3.9616e-01	3.9550e-01	1.000000	0
PORCN	4	3.9620e-01	3.9550e-01	1.000000	0
TCF7	4	3.9625e-01	3.9550e-01	1.000000	0
ATP1A2	4	3.9634e-01	3.9550e-01	1.000000	0
TMEM105	4	3.9638e-01	3.9550e-01	1.000000	0
TMEFF1	4	3.9641e-01	3.9550e-01	1.000000	0
SHISA4	4	3.9648e-01	3.9550e-01	1.000000	0
PIM2	4	3.9652e-01	3.9550e-01	1.000000	0
CCL5	4	3.9659e-01	3.9550e-01	1.000000	0
C8orf44	4	3.9663e-01	3.9550e-01	1.000000	0
KHDRBS1	4	3.9670e-01	3.9550e-01	1.000000	0
ATP11A	4	3.9677e-01	3.9826e-01	1.000000	0
SLC29A3	4	3.9687e-01	3.9826e-01	1.000000	0
TULP3	4	3.9691e-01	3.9826e-01	1.000000	0
OR2A1	4	3.9694e-01	3.9826e-01	1.000000	0
LHFP	4	3.9702e-01	3.9826e-01	1.000000	0
RFESD	4	3.9709e-01	3.9826e-01	1.000000	0
NMRK1	4	3.9712e-01	3.9826e-01	1.000000	0
CNPY3	4	3.9723e-01	3.9826e-01	1.000000	0
KIAA0753	4	3.9726e-01	3.9826e-01	1.000000	0
TRIP13	4	3.9730e-01	3.9826e-01	1.000000	0
HIST1H2AD	4	3.9737e-01	3.9826e-01	1.000000	0
OR2B2	4	3.9741e-01	3.9826e-01	1.000000	0
DMBT1	4	3.9744e-01	3.9826e-01	1.000000	0
ABCD2	4	3.9748e-01	3.9826e-01	1.000000	0
FKBP4	4	3.9751e-01	3.9826e-01	1.000000	0
IGSF11	4	3.9756e-01	3.9826e-01	1.000000	0
C1orf52	4	3.9765e-01	3.9826e-01	1.000000	0
ILDR2	4	3.9769e-01	3.9826e-01	1.000000	0
IL20RA	4	3.9772e-01	3.9826e-01	1.000000	0
DQX1	4	3.9776e-01	3.9826e-01	1.000000	0
GPR146	4	3.9779e-01	3.9826e-01	1.000000	0
SHE	4	3.9783e-01	3.9826e-01	1.000000	0
KANK1	4	3.9804e-01	3.9826e-01	1.000000	0
ATP8A2	4	3.9808e-01	3.9826e-01	1.000000	0
CNGA4	4	3.9815e-01	3.9826e-01	1.000000	0
RNF183	4	3.9818e-01	3.9826e-01	1.000000	0
SSX2	4	3.9822e-01	3.9826e-01	1.000000	0
CSRP2BP	4	3.9829e-01	3.9826e-01	1.000000	0
ABCC9	4	3.9838e-01	3.9826e-01	1.000000	0
KIF26B	4	3.9843e-01	3.9826e-01	1.000000	0
NTN4	4	3.9847e-01	3.9826e-01	1.000000	0
DAGLA	4	3.9850e-01	3.9826e-01	1.000000	0
PRSS16	4	3.9861e-01	3.9826e-01	1.000000	0
FZD7	4	3.9864e-01	3.9826e-01	1.000000	0
KRTAP29-1	4	3.9875e-01	4.0104e-01	1.000000	0
ZNF17	4	3.9879e-01	4.0104e-01	1.000000	0
TAGLN2	4	3.9882e-01	4.0104e-01	1.000000	0
DGKQ	4	3.9886e-01	4.0104e-01	1.000000	0
ALDH5A1	4	3.9889e-01	4.0104e-01	1.000000	0
DDX28	4	3.9894e-01	4.0104e-01	1.000000	0
TMEM194B	4	3.9894e-01	4.0104e-01	1.000000	0
ARMS2	4	3.9900e-01	4.0104e-01	1.000000	0
MCM6	4	3.9903e-01	4.0104e-01	1.000000	0
TOX	4	3.9907e-01	4.0104e-01	1.000000	0
ZCCHC3	4	3.9910e-01	4.0104e-01	1.000000	0
ARHGAP8	4	3.9914e-01	4.0104e-01	1.000000	0
MAGEE1	4	3.9917e-01	4.0104e-01	1.000000	0
MLLT4	4	3.9921e-01	4.0104e-01	1.000000	0
TMEM158	4	3.9924e-01	4.0104e-01	1.000000	0
NRG2	4	3.9928e-01	4.0104e-01	1.000000	0
VWF	4	3.9932e-01	4.0104e-01	1.000000	0
NSUN6	4	3.9935e-01	4.0104e-01	1.000000	0
ZMYM3	4	3.9939e-01	4.0104e-01	1.000000	0
DNAH9	4	3.9942e-01	4.0104e-01	1.000000	0
POLB	4	3.9946e-01	4.0104e-01	1.000000	0
SERPINH1	4	3.9949e-01	4.0104e-01	1.000000	0
ABAT	4	3.9953e-01	4.0104e-01	1.000000	0
AFAP1L1	4	3.9956e-01	4.0104e-01	1.000000	0
C9orf72	4	3.9960e-01	4.0104e-01	1.000000	0
PCP2	4	3.9974e-01	4.0104e-01	1.000000	0
PPP4R1	4	3.9977e-01	4.0104e-01	1.000000	0
SLC35E4	4	3.9981e-01	4.0104e-01	1.000000	0
PPM1D	4	3.9988e-01	4.0104e-01	1.000000	0
SUPT3H	4	3.9995e-01	4.0104e-01	1.000000	0
TCP11X2	4	3.9999e-01	4.0104e-01	1.000000	0
ATP1A4	4	4.0002e-01	4.0104e-01	1.000000	0
WTH3DI	4	4.0009e-01	4.0104e-01	1.000000	0
LALBA	4	4.0013e-01	4.0104e-01	1.000000	0
CUBN	4	4.0020e-01	4.0104e-01	1.000000	0
EPS15	4	4.0023e-01	4.0104e-01	1.000000	0
HSD3B7	4	4.0034e-01	4.0104e-01	1.000000	0
BCL2A1	4	4.0041e-01	4.0104e-01	1.000000	0
SEPSECS	4	4.0045e-01	4.0104e-01	1.000000	0
NCR3	4	4.0055e-01	4.0104e-01	1.000000	0
NSD1	4	4.0069e-01	4.0104e-01	1.000000	0
IRAK1BP1	4	4.0076e-01	4.0104e-01	1.000000	0
FIBIN	4	4.0087e-01	4.0104e-01	1.000000	0
MAGT1	4	4.0090e-01	4.0104e-01	1.000000	0
SMAGP	4	4.0101e-01	4.0371e-01	1.000000	0
ECE1	4	4.0104e-01	4.0371e-01	1.000000	0
ITSN1	4	4.0108e-01	4.0371e-01	1.000000	0
CD1A	4	4.0112e-01	4.0371e-01	1.000000	0
ACSS2	4	4.0115e-01	4.0371e-01	1.000000	0
EDEM2	4	4.0119e-01	4.0371e-01	1.000000	0
IL36G	4	4.0122e-01	4.0371e-01	1.000000	0
PAK3	4	4.0126e-01	4.0371e-01	1.000000	0
NDUFAF2	4	4.0136e-01	4.0371e-01	1.000000	0
SAA4	4	4.0140e-01	4.0371e-01	1.000000	0
CSAG3	4	4.0147e-01	4.0371e-01	1.000000	0
CEP41	4	4.0150e-01	4.0371e-01	1.000000	0
TEX26	4	4.0161e-01	4.0371e-01	1.000000	0
UBE2Q2	4	4.0168e-01	4.0371e-01	1.000000	0
SCEL	4	4.0171e-01	4.0371e-01	1.000000	0
C19orf47	4	4.0178e-01	4.0371e-01	1.000000	0
DUOX2	4	4.0189e-01	4.0371e-01	1.000000	0
EMX2	4	4.0196e-01	4.0371e-01	1.000000	0
PEAR1	4	4.0200e-01	4.0371e-01	1.000000	0
AGL	4	4.0203e-01	4.0371e-01	1.000000	0
BTC	4	4.0210e-01	4.0371e-01	1.000000	0
ECI1	4	4.0217e-01	4.0371e-01	1.000000	0
NT5DC2	4	4.0231e-01	4.0644e-01	1.000000	0
ITGA4	4	4.0238e-01	4.0644e-01	1.000000	0
RPL39	4	4.0242e-01	4.0644e-01	1.000000	0
ZNF772	4	4.0249e-01	4.0644e-01	1.000000	0
RNF111	4	4.0252e-01	4.0644e-01	1.000000	0
SNX24	4	4.0256e-01	4.0644e-01	1.000000	0
TAX1BP1	4	4.0259e-01	4.0644e-01	1.000000	0
MMAB	4	4.0266e-01	4.0644e-01	1.000000	0
LYG1	4	4.0274e-01	4.0644e-01	1.000000	0
PIN1	4	4.0277e-01	4.0644e-01	1.000000	0
MS4A8	4	4.0281e-01	4.0644e-01	1.000000	0
KIF26A	4	4.0284e-01	4.0644e-01	1.000000	0
LYPD1	4	4.0288e-01	4.0644e-01	1.000000	0
DDIT4L	4	4.0291e-01	4.0644e-01	1.000000	0
OR1L1	4	4.0302e-01	4.0644e-01	1.000000	0
SLC9A3R1	4	4.0305e-01	4.0644e-01	1.000000	0
BIK	4	4.0309e-01	4.0644e-01	1.000000	0
BUD13	4	4.0312e-01	4.0644e-01	1.000000	0
CYP20A1	4	4.0316e-01	4.0644e-01	1.000000	0
TDO2	4	4.0330e-01	4.0644e-01	1.000000	0
COPZ2	4	4.0333e-01	4.0644e-01	1.000000	0
MT1E	4	4.0337e-01	4.0644e-01	1.000000	0
AMIGO3	4	4.0351e-01	4.0644e-01	1.000000	0
C6orf223	4	4.0354e-01	4.0644e-01	1.000000	0
HIST1H2BA	4	4.0361e-01	4.0644e-01	1.000000	0
LLGL2	4	4.0368e-01	4.0644e-01	1.000000	0
ANKS3	4	4.0375e-01	4.0644e-01	1.000000	0
DEFB108B	4	4.0379e-01	4.0644e-01	1.000000	0
NIPSNAP3B	4	4.0382e-01	4.0644e-01	1.000000	0
DNAJA3	4	4.0393e-01	4.0644e-01	1.000000	0
GLMP	4	4.0397e-01	4.0644e-01	1.000000	0
RGS17	4	4.0404e-01	4.0644e-01	1.000000	0
XIRP1	4	4.0411e-01	4.0644e-01	1.000000	0
PPP1R12C	4	4.0414e-01	4.0644e-01	1.000000	0
ITGB4	4	4.0428e-01	4.0644e-01	1.000000	0
LCN6	4	4.0432e-01	4.0644e-01	1.000000	0
IRF3	4	4.0442e-01	4.0644e-01	1.000000	0
APBB3	4	4.0446e-01	4.0644e-01	1.000000	0
EMP3	4	4.0460e-01	4.0644e-01	1.000000	0
TCAIM	4	4.0470e-01	4.0644e-01	1.000000	0
KLHL31	4	4.0474e-01	4.0644e-01	1.000000	0
FAF1	4	4.0477e-01	4.0644e-01	1.000000	0
DOCK9	4	4.0481e-01	4.0644e-01	1.000000	0
VNN3	4	4.0484e-01	4.0644e-01	1.000000	0
SMIM20	4	4.0498e-01	4.0644e-01	1.000000	0
NEU3	4	4.0502e-01	4.0644e-01	1.000000	0
ZBED4	4	4.0505e-01	4.0644e-01	1.000000	0
SPATA6L	4	4.0509e-01	4.0644e-01	1.000000	0
CCZ1B	4	4.0512e-01	4.0644e-01	1.000000	0
DNAH5	4	4.0516e-01	4.0644e-01	1.000000	0
OGDHL	4	4.0519e-01	4.0644e-01	1.000000	0
MAL	4	4.0523e-01	4.0644e-01	1.000000	0
C1orf123	4	4.0526e-01	4.0644e-01	1.000000	0
CCDC172	4	4.0537e-01	4.0644e-01	1.000000	0
CCR9	4	4.0547e-01	4.0644e-01	1.000000	0
GLMN	4	4.0551e-01	4.0644e-01	1.000000	0
KLRC3	4	4.0554e-01	4.0644e-01	1.000000	0
DCK	4	4.0558e-01	4.0644e-01	1.000000	0
DHRS9	4	4.0568e-01	4.0915e-01	1.000000	0
KRTAP11-1	4	4.0572e-01	4.0915e-01	1.000000	0
SLC8A3	4	4.0579e-01	4.1191e-01	1.000000	0
NOL11	4	4.0583e-01	4.1191e-01	1.000000	0
BTG3	4	4.0586e-01	4.1191e-01	1.000000	0
CNOT11	4	4.0590e-01	4.1191e-01	1.000000	0
DNAAF2	4	4.0593e-01	4.1191e-01	1.000000	0
FAM208A	4	4.0597e-01	4.1191e-01	1.000000	0
MPO	4	4.0600e-01	4.1191e-01	1.000000	0
OR5P2	4	4.0604e-01	4.1191e-01	1.000000	0
UGT2A2	4	4.0611e-01	4.1191e-01	1.000000	0
APEH	4	4.0614e-01	4.1191e-01	1.000000	0
NCOA7	4	4.0618e-01	4.1191e-01	1.000000	0
IMPACT	4	4.0628e-01	4.1191e-01	1.000000	0
FHL1	4	4.0635e-01	4.1191e-01	1.000000	0
ZCCHC4	4	4.0639e-01	4.1191e-01	1.000000	0
TMEM67	4	4.0646e-01	4.1191e-01	1.000000	0
CACNA2D2	4	4.0649e-01	4.1191e-01	1.000000	0
HIGD2A	4	4.0656e-01	4.1191e-01	1.000000	0
GALK1	4	4.0660e-01	4.1191e-01	1.000000	0
CLK3	4	4.0663e-01	4.1191e-01	1.000000	0
HOXA9	4	4.0667e-01	4.1191e-01	1.000000	0
SMCO3	4	4.0674e-01	4.1191e-01	1.000000	0
GPR160	4	4.0677e-01	4.1191e-01	1.000000	0
GMDS	4	4.0681e-01	4.1191e-01	1.000000	0
MYH3	4	4.0695e-01	4.1191e-01	1.000000	0
EPHB1	4	4.0698e-01	4.1191e-01	1.000000	0
CASP14	4	4.0712e-01	4.1191e-01	1.000000	0
CPEB4	4	4.0716e-01	4.1191e-01	1.000000	0
OR5H6	4	4.0726e-01	4.1191e-01	1.000000	0
CPQ	4	4.0733e-01	4.1191e-01	1.000000	0
MAP4K4	4	4.0737e-01	4.1191e-01	1.000000	0
DDX58	3	4.0741e-01	4.7124e-01	1.000000	0
AQP10	4	4.0744e-01	4.1191e-01	1.000000	0
OR5H14	4	4.0751e-01	4.1191e-01	1.000000	0
ATG16L1	4	4.0765e-01	4.1191e-01	1.000000	0
CCDC7	4	4.0768e-01	4.1191e-01	1.000000	0
SCD5	4	4.0779e-01	4.1191e-01	1.000000	0
OPN4	4	4.0782e-01	4.1191e-01	1.000000	0
HMOX1	4	4.0786e-01	4.1191e-01	1.000000	0
KCNJ16	4	4.0796e-01	4.1191e-01	1.000000	0
NFKB2	4	4.0799e-01	4.1191e-01	1.000000	0
WT1	4	4.0803e-01	4.1191e-01	1.000000	0
DCN	4	4.0806e-01	4.1191e-01	1.000000	0
CYP1A2	4	4.0810e-01	4.1191e-01	1.000000	0
TSPYL4	4	4.0813e-01	4.1191e-01	1.000000	0
CEP104	4	4.0817e-01	4.1191e-01	1.000000	0
OBP2B	4	4.0820e-01	4.1191e-01	1.000000	0
ZNF146	4	4.0824e-01	4.1191e-01	1.000000	0
TRPM3	4	4.0827e-01	4.1191e-01	1.000000	0
HECA	4	4.0831e-01	4.1191e-01	1.000000	0
TM4SF19	4	4.0838e-01	4.1191e-01	1.000000	0
OR11H12	4	4.0845e-01	4.1191e-01	1.000000	0
B3GALNT2	4	4.0848e-01	4.1191e-01	1.000000	0
MGRN1	4	4.0852e-01	4.1191e-01	1.000000	0
ADGRB2	4	4.0859e-01	4.1191e-01	1.000000	0
FBLN1	4	4.0883e-01	4.1191e-01	1.000000	0
ZNF831	4	4.0887e-01	4.1191e-01	1.000000	0
MAGEC2	4	4.0890e-01	4.1191e-01	1.000000	0
CCNY	4	4.0894e-01	4.1191e-01	1.000000	0
ACBD7	4	4.0904e-01	4.1464e-01	1.000000	0
CEACAM6	4	4.0908e-01	4.1464e-01	1.000000	0
CYP2D6	4	4.0913e-01	4.1464e-01	1.000000	0
SBNO2	4	4.0913e-01	4.1464e-01	1.000000	0
RCN1	4	4.0922e-01	4.1731e-01	1.000000	0
NTRK2	4	4.0925e-01	4.1731e-01	1.000000	0
FOXI2	4	4.0932e-01	4.1731e-01	1.000000	0
KIRREL	4	4.0936e-01	4.1731e-01	1.000000	0
FAM153B	4	4.0939e-01	4.1731e-01	1.000000	0
ARL13A	4	4.0950e-01	4.1731e-01	1.000000	0
APH1B	4	4.0964e-01	4.1731e-01	1.000000	0
HIST1H4B	4	4.0971e-01	4.1731e-01	1.000000	0
ZMAT4	4	4.0978e-01	4.1731e-01	1.000000	0
SH3D19	4	4.0981e-01	4.1731e-01	1.000000	0
ZSCAN16	4	4.0984e-01	4.1731e-01	1.000000	0
API5	4	4.0991e-01	4.1731e-01	1.000000	0
HLA-DOB	4	4.0998e-01	4.1731e-01	1.000000	0
OR4D11	4	4.1012e-01	4.1731e-01	1.000000	0
DSG4	4	4.1016e-01	4.1731e-01	1.000000	0
ZNF76	4	4.1019e-01	4.1731e-01	1.000000	0
USP21	4	4.1026e-01	4.1731e-01	1.000000	0
SYNGR3	4	4.1030e-01	4.1731e-01	1.000000	0
SNX19	4	4.1033e-01	4.1731e-01	1.000000	0
AVP	4	4.1037e-01	4.1731e-01	1.000000	0
SLC22A13	4	4.1040e-01	4.1731e-01	1.000000	0
EXPH5	4	4.1047e-01	4.1731e-01	1.000000	0
DGKG	4	4.1054e-01	4.1731e-01	1.000000	0
MXI1	4	4.1058e-01	4.1731e-01	1.000000	0
EZR	4	4.1061e-01	4.1731e-01	1.000000	0
RAPGEF3	4	4.1065e-01	4.1731e-01	1.000000	0
NCF2	4	4.1068e-01	4.1731e-01	1.000000	0
FMO3	4	4.1072e-01	4.1731e-01	1.000000	0
DEFB121	4	4.1075e-01	4.1731e-01	1.000000	0
LRFN4	4	4.1079e-01	4.1731e-01	1.000000	0
RHO	4	4.1082e-01	4.1731e-01	1.000000	0
NPY5R	4	4.1089e-01	4.1731e-01	1.000000	0
PKDCC	4	4.1096e-01	4.1731e-01	1.000000	0
SPATC1L	4	4.1099e-01	4.1731e-01	1.000000	0
SRCIN1	4	4.1103e-01	4.1731e-01	1.000000	0
RAC2	4	4.1131e-01	4.1999e-01	1.000000	0
NPFFR1	4	4.1134e-01	4.1999e-01	1.000000	0
ZNF652	4	4.1138e-01	4.1999e-01	1.000000	0
PPL	4	4.1141e-01	4.1999e-01	1.000000	0
BAMBI	4	4.1148e-01	4.1999e-01	1.000000	0
RNF175	4	4.1152e-01	4.1999e-01	1.000000	0
CYB5R4	4	4.1155e-01	4.1999e-01	1.000000	0
PPID	4	4.1159e-01	4.1999e-01	1.000000	0
LMX1A	4	4.1166e-01	4.1999e-01	1.000000	0
CUL4B	4	4.1173e-01	4.1999e-01	1.000000	0
WDR66	4	4.1180e-01	4.1999e-01	1.000000	0
CGNL1	4	4.1183e-01	4.1999e-01	1.000000	0
OR2T4	4	4.1186e-01	4.1999e-01	1.000000	0
ZNF736	4	4.1190e-01	4.1999e-01	1.000000	0
ZNF248	4	4.1193e-01	4.1999e-01	1.000000	0
PSMB10	4	4.1197e-01	4.1999e-01	1.000000	0
HAL	4	4.1200e-01	4.1999e-01	1.000000	0
SLC24A3	4	4.1207e-01	4.1999e-01	1.000000	0
LRTM1	4	4.1214e-01	4.1999e-01	1.000000	0
SIAH2	4	4.1218e-01	4.1999e-01	1.000000	0
AGTR1	4	4.1221e-01	4.1999e-01	1.000000	0
ERCC6L2	4	4.1228e-01	4.1999e-01	1.000000	0
CD247	4	4.1237e-01	4.1999e-01	1.000000	0
FOXE3	4	4.1249e-01	4.1999e-01	1.000000	0
TNFAIP8	4	4.1253e-01	4.1999e-01	1.000000	0
MRPL21	4	4.1256e-01	4.1999e-01	1.000000	0
RMND5A	4	4.1259e-01	4.1999e-01	1.000000	0
APLN	4	4.1266e-01	4.1999e-01	1.000000	0
SPATA20	4	4.1273e-01	4.1999e-01	1.000000	0
MAP3K1	4	4.1277e-01	4.1999e-01	1.000000	0
RFX4	4	4.1280e-01	4.1999e-01	1.000000	0
ANGPTL2	4	4.1284e-01	4.1999e-01	1.000000	0
FAM72A	4	4.1289e-01	4.1999e-01	1.000000	0
GLYATL2	4	4.1298e-01	4.1999e-01	1.000000	0
AIM2	4	4.1301e-01	4.1999e-01	1.000000	0
COX6A2	4	4.1305e-01	4.1999e-01	1.000000	0
CYYR1	4	4.1312e-01	4.1999e-01	1.000000	0
LIN54	4	4.1315e-01	4.1999e-01	1.000000	0
TIMM23B	4	4.1325e-01	4.1999e-01	1.000000	0
TP53I11	4	4.1329e-01	4.1999e-01	1.000000	0
ZNF382	4	4.1336e-01	4.1999e-01	1.000000	0
MYH11	3	4.1336e-01	4.8879e-01	1.000000	0
TNS2	4	4.1339e-01	4.1999e-01	1.000000	0
MEIKIN	4	4.1343e-01	4.1999e-01	1.000000	0
TEK	4	4.1357e-01	4.1999e-01	1.000000	0
SLC7A11	4	4.1360e-01	4.1999e-01	1.000000	0
GPALPP1	4	4.1371e-01	4.1999e-01	1.000000	0
SPIN2B	4	4.1377e-01	4.1999e-01	1.000000	0
CCDC182	4	4.1381e-01	4.1999e-01	1.000000	0
TFAP2A	4	4.1384e-01	4.1999e-01	1.000000	0
OR4B1	4	4.1391e-01	4.1999e-01	1.000000	0
PHEX	4	4.1398e-01	4.1999e-01	1.000000	0
PPFIBP2	4	4.1409e-01	4.2264e-01	1.000000	0
RFTN2	4	4.1412e-01	4.2264e-01	1.000000	0
POTEH	4	4.1416e-01	4.2264e-01	1.000000	0
COX5B	4	4.1430e-01	4.2528e-01	1.000000	0
CLCN3	4	4.1436e-01	4.2528e-01	1.000000	0
SLX4IP	4	4.1440e-01	4.2528e-01	1.000000	0
PKP3	4	4.1447e-01	4.2528e-01	1.000000	0
DNASE1L3	4	4.1454e-01	4.2528e-01	1.000000	0
HGD	4	4.1461e-01	4.2528e-01	1.000000	0
IL25	4	4.1464e-01	4.2528e-01	1.000000	0
OR5R1	4	4.1468e-01	4.2528e-01	1.000000	0
IFT172	4	4.1471e-01	4.2528e-01	1.000000	0
GZF1	4	4.1475e-01	4.2528e-01	1.000000	0
COX8A	4	4.1478e-01	4.2528e-01	1.000000	0
DKK4	4	4.1482e-01	4.2528e-01	1.000000	0
SPACA5	4	4.1492e-01	4.2528e-01	1.000000	0
LRRC47	4	4.1495e-01	4.2528e-01	1.000000	0
OSM	4	4.1499e-01	4.2528e-01	1.000000	0
OR13H1	4	4.1502e-01	4.2528e-01	1.000000	0
NHP2L1	4	4.1506e-01	4.2528e-01	1.000000	0
ATF5	4	4.1509e-01	4.2528e-01	1.000000	0
EPS8L3	4	4.1516e-01	4.2528e-01	1.000000	0
FXYD2	4	4.1527e-01	4.2528e-01	1.000000	0
RFPL1	4	4.1530e-01	4.2528e-01	1.000000	0
TUBB6	4	4.1533e-01	4.2528e-01	1.000000	0
LEPROT	4	4.1540e-01	4.2528e-01	1.000000	0
EEPD1	4	4.1544e-01	4.2528e-01	1.000000	0
CDH17	4	4.1551e-01	4.2528e-01	1.000000	0
IRAK4	4	4.1556e-01	4.2528e-01	1.000000	0
NACC1	4	4.1556e-01	4.2528e-01	1.000000	0
MAP4K2	4	4.1561e-01	4.2528e-01	1.000000	0
TAS2R31	4	4.1568e-01	4.2528e-01	1.000000	0
CCDC124	4	4.1572e-01	4.2528e-01	1.000000	0
RGS2	4	4.1575e-01	4.2528e-01	1.000000	0
GNGT1	4	4.1578e-01	4.2528e-01	1.000000	0
CMSS1	4	4.1582e-01	4.2528e-01	1.000000	0
TMEM86B	4	4.1592e-01	4.2528e-01	1.000000	0
SELV	4	4.1596e-01	4.2528e-01	1.000000	0
CLDN10	4	4.1599e-01	4.2528e-01	1.000000	0
VANGL1	3	4.1600e-01	4.9253e-01	1.000000	0
PKD2L2	4	4.1603e-01	4.2528e-01	1.000000	0
C3orf22	4	4.1606e-01	4.2528e-01	1.000000	0
NMT2	4	4.1610e-01	4.2528e-01	1.000000	0
KIAA1024	4	4.1613e-01	4.2528e-01	1.000000	0
PRR23C	4	4.1620e-01	4.2528e-01	1.000000	0
KRTAP4-2	4	4.1630e-01	4.2794e-01	1.000000	0
SLC1A2	4	4.1634e-01	4.2794e-01	1.000000	0
SIX6	4	4.1637e-01	4.2794e-01	1.000000	0
S100A6	4	4.1641e-01	4.2794e-01	1.000000	0
IL10RB	4	4.1648e-01	4.2794e-01	1.000000	0
MTMR2	4	4.1651e-01	4.2794e-01	1.000000	0
KIZ	4	4.1655e-01	4.2794e-01	1.000000	0
CYP2A6	4	4.1665e-01	4.2794e-01	1.000000	0
COX7B2	4	4.1674e-01	4.2794e-01	1.000000	0
WDR37	4	4.1679e-01	4.2794e-01	1.000000	0
NLRP10	4	4.1682e-01	4.2794e-01	1.000000	0
ARMC1	4	4.1686e-01	4.2794e-01	1.000000	0
VSIG10L	4	4.1689e-01	4.2794e-01	1.000000	0
PCDH18	4	4.1696e-01	4.2794e-01	1.000000	0
ZNF707	4	4.1699e-01	4.2794e-01	1.000000	0
CD1B	4	4.1703e-01	4.2794e-01	1.000000	0
ALG5	4	4.1717e-01	4.2794e-01	1.000000	0
PKD1	4	4.1720e-01	4.2794e-01	1.000000	0
OR52I2	4	4.1727e-01	4.2794e-01	1.000000	0
NR3C2	4	4.1737e-01	4.2794e-01	1.000000	0
CREB5	4	4.1741e-01	4.2794e-01	1.000000	0
UROD	4	4.1744e-01	4.2794e-01	1.000000	0
FAM122C	4	4.1751e-01	4.2794e-01	1.000000	0
ARFIP1	4	4.1755e-01	4.2794e-01	1.000000	0
ZNF524	4	4.1758e-01	4.2794e-01	1.000000	0
C17orf82	4	4.1765e-01	4.2794e-01	1.000000	0
PRKACG	4	4.1769e-01	4.2794e-01	1.000000	0
ITPRIP	4	4.1782e-01	4.2794e-01	1.000000	0
IMPA1	4	4.1789e-01	4.2794e-01	1.000000	0
FOXC2	4	4.1793e-01	4.2794e-01	1.000000	0
CAV3	4	4.1796e-01	4.2794e-01	1.000000	0
SYT15	4	4.1800e-01	4.2794e-01	1.000000	0
VSX2	4	4.1807e-01	4.2794e-01	1.000000	0
FAM210A	4	4.1817e-01	4.3063e-01	1.000000	0
NPR3	4	4.1820e-01	4.3063e-01	1.000000	0
KRTAP1-1	4	4.1824e-01	4.3063e-01	1.000000	0
PRSS48	4	4.1831e-01	4.3063e-01	1.000000	0
ENPP6	4	4.1836e-01	4.3063e-01	1.000000	0
P3H3	4	4.1855e-01	4.3063e-01	1.000000	0
WFDC13	4	4.1858e-01	4.3063e-01	1.000000	0
TNMD	4	4.1872e-01	4.3063e-01	1.000000	0
CLEC3A	4	4.1875e-01	4.3063e-01	1.000000	0
CCDC22	4	4.1882e-01	4.3063e-01	1.000000	0
SENP3	4	4.1889e-01	4.3063e-01	1.000000	0
FCHO2	4	4.1893e-01	4.3063e-01	1.000000	0
HMHA1	4	4.1896e-01	4.3063e-01	1.000000	0
HEXDC	4	4.1906e-01	4.3063e-01	1.000000	0
CT47A8	4	4.1913e-01	4.3063e-01	1.000000	0
FOSL1	4	4.1917e-01	4.3063e-01	1.000000	0
CLMP	4	4.1927e-01	4.3063e-01	1.000000	0
PRIMA1	4	4.1934e-01	4.3063e-01	1.000000	0
PTX4	4	4.1941e-01	4.3063e-01	1.000000	0
MTCL1	4	4.1944e-01	4.3063e-01	1.000000	0
RAB33A	4	4.1948e-01	4.3063e-01	1.000000	0
RDH14	4	4.1951e-01	4.3063e-01	1.000000	0
SRY	4	4.1956e-01	4.3063e-01	1.000000	0
CCL4	4	4.1956e-01	4.3063e-01	1.000000	0
ARHGEF10L	4	4.1965e-01	4.3063e-01	1.000000	0
TCP11	4	4.1968e-01	4.3063e-01	1.000000	0
KSR1	4	4.1972e-01	4.3063e-01	1.000000	0
ZNF428	4	4.1975e-01	4.3063e-01	1.000000	0
JPH3	4	4.1979e-01	4.3063e-01	1.000000	0
PFKFB3	4	4.1982e-01	4.3063e-01	1.000000	0
RNF135	4	4.1986e-01	4.3063e-01	1.000000	0
RAB42	4	4.1993e-01	4.3063e-01	1.000000	0
SCO1	4	4.1999e-01	4.3063e-01	1.000000	0
CYP3A4	4	4.2006e-01	4.3063e-01	1.000000	0
KCTD16	4	4.2017e-01	4.3063e-01	1.000000	0
RRAS	4	4.2020e-01	4.3063e-01	1.000000	0
KCTD13	4	4.2024e-01	4.3063e-01	1.000000	0
ADAMTS3	4	4.2027e-01	4.3063e-01	1.000000	0
YIPF7	4	4.2030e-01	4.3063e-01	1.000000	0
BRD3	4	4.2034e-01	4.3063e-01	1.000000	0
MTM1	4	4.2037e-01	4.3063e-01	1.000000	0
GRID1	4	4.2041e-01	4.3063e-01	1.000000	0
CETN2	4	4.2044e-01	4.3063e-01	1.000000	0
STAC2	4	4.2048e-01	4.3063e-01	1.000000	0
CD300A	4	4.2051e-01	4.3063e-01	1.000000	0
MMP26	4	4.2058e-01	4.3063e-01	1.000000	0
HHEX	4	4.2068e-01	4.3063e-01	1.000000	0
KLHL6	4	4.2072e-01	4.3063e-01	1.000000	0
PPIG	4	4.2079e-01	4.3063e-01	1.000000	0
OR6C65	4	4.2082e-01	4.3063e-01	1.000000	0
C14orf178	4	4.2096e-01	4.3063e-01	1.000000	0
ZNF624	4	4.2099e-01	4.3063e-01	1.000000	0
TMEM14C	4	4.2120e-01	4.3063e-01	1.000000	0
DPCR1	4	4.2127e-01	4.3063e-01	1.000000	0
HSD3B2	4	4.2130e-01	4.3063e-01	1.000000	0
COMMD3	4	4.2134e-01	4.3063e-01	1.000000	0
KIT	4	4.2137e-01	4.3063e-01	1.000000	0
ATG9B	4	4.2144e-01	4.3063e-01	1.000000	0
CPLX1	4	4.2147e-01	4.3063e-01	1.000000	0
NDUFS8	4	4.2151e-01	4.3063e-01	1.000000	0
ETHE1	4	4.2154e-01	4.3063e-01	1.000000	0
DLX2	4	4.2161e-01	4.3063e-01	1.000000	0
OR2S2	4	4.2175e-01	4.3063e-01	1.000000	0
PAPPA2	4	4.2185e-01	4.3063e-01	1.000000	0
MPPED2	4	4.2189e-01	4.3063e-01	1.000000	0
PSIP1	4	4.2192e-01	4.3063e-01	1.000000	0
TMEM244	4	4.2195e-01	4.3063e-01	1.000000	0
QSER1	4	4.2199e-01	4.3063e-01	1.000000	0
KLK3	3	4.2208e-01	5.0195e-01	1.000000	0
GDAP1L1	4	4.2209e-01	4.3063e-01	1.000000	0
HOXB2	4	4.2213e-01	4.3063e-01	1.000000	0
NSDHL	4	4.2216e-01	4.3063e-01	1.000000	0
NAPG	4	4.2219e-01	4.3063e-01	1.000000	0
BCKDHA	4	4.2226e-01	4.3063e-01	1.000000	0
MITF	4	4.2233e-01	4.3063e-01	1.000000	0
LGALSL	4	4.2237e-01	4.3063e-01	1.000000	0
TEAD2	4	4.2240e-01	4.3063e-01	1.000000	0
METRNL	4	4.2247e-01	4.3063e-01	1.000000	0
OR4D9	4	4.2254e-01	4.3063e-01	1.000000	0
LCE4A	4	4.2257e-01	4.3063e-01	1.000000	0
VEGFB	4	4.2261e-01	4.3063e-01	1.000000	0
ZNF383	4	4.2264e-01	4.3063e-01	1.000000	0
MAGEB16	4	4.2274e-01	4.3063e-01	1.000000	0
PTGER2	4	4.2278e-01	4.3063e-01	1.000000	0
LRIG3	4	4.2281e-01	4.3063e-01	1.000000	0
ICAM1	4	4.2291e-01	4.3321e-01	1.000000	0
DGCR6L	4	4.2305e-01	4.3321e-01	1.000000	0
C10orf76	4	4.2309e-01	4.3321e-01	1.000000	0
IFT88	4	4.2312e-01	4.3321e-01	1.000000	0
TRAF3IP1	3	4.2319e-01	5.0758e-01	1.000000	0
SLC16A7	4	4.2319e-01	4.3321e-01	1.000000	0
CAMK1	4	4.2329e-01	4.3321e-01	1.000000	0
CXorf21	4	4.2333e-01	4.3321e-01	1.000000	0
SLC47A2	4	4.2336e-01	4.3321e-01	1.000000	0
PMF1	3	4.2337e-01	5.0947e-01	1.000000	0
C2orf82	4	4.2339e-01	4.3321e-01	1.000000	0
LRRC63	4	4.2353e-01	4.3321e-01	1.000000	0
CMAS	4	4.2357e-01	4.3321e-01	1.000000	0
KIAA1614	4	4.2360e-01	4.3321e-01	1.000000	0
CT45A6	4	4.2367e-01	4.3321e-01	1.000000	0
PAPPA	4	4.2374e-01	4.3582e-01	1.000000	0
KIAA1671	4	4.2377e-01	4.3582e-01	1.000000	0
TSPAN14	4	4.2381e-01	4.3582e-01	1.000000	0
ARHGAP4	4	4.2384e-01	4.3582e-01	1.000000	0
C1orf185	4	4.2387e-01	4.3582e-01	1.000000	0
MEI4	4	4.2398e-01	4.3582e-01	1.000000	0
TAS2R4	4	4.2408e-01	4.3582e-01	1.000000	0
TNIP3	4	4.2415e-01	4.3582e-01	1.000000	0
PDSS2	4	4.2422e-01	4.3582e-01	1.000000	0
CUEDC1	4	4.2425e-01	4.3582e-01	1.000000	0
MPC2	4	4.2435e-01	4.3582e-01	1.000000	0
TAS2R8	4	4.2442e-01	4.3582e-01	1.000000	0
MYBL1	4	4.2446e-01	4.3582e-01	1.000000	0
CDCP1	4	4.2449e-01	4.3582e-01	1.000000	0
MC5R	4	4.2452e-01	4.3582e-01	1.000000	0
ANKRD26	4	4.2459e-01	4.3582e-01	1.000000	0
ASAP3	4	4.2470e-01	4.3582e-01	1.000000	0
TAS2R9	4	4.2473e-01	4.3582e-01	1.000000	0
NXF2	4	4.2480e-01	4.3582e-01	1.000000	0
KPNA4	4	4.2485e-01	4.3582e-01	1.000000	0
KLHL34	4	4.2485e-01	4.3582e-01	1.000000	0
DTNA	4	4.2493e-01	4.3582e-01	1.000000	0
CDC14B	4	4.2504e-01	4.3582e-01	1.000000	0
C19orf26	4	4.2509e-01	4.3582e-01	1.000000	0
FANCC	4	4.2509e-01	4.3582e-01	1.000000	0
SOX5	4	4.2514e-01	4.3582e-01	1.000000	0
TBX20	4	4.2517e-01	4.3582e-01	1.000000	0
BTRC	4	4.2521e-01	4.3582e-01	1.000000	0
HINT3	4	4.2524e-01	4.3582e-01	1.000000	0
MTMR9	4	4.2528e-01	4.3582e-01	1.000000	0
SYNJ2BP-COX16	4	4.2531e-01	4.3582e-01	1.000000	0
SLMO1	4	4.2534e-01	4.3582e-01	1.000000	0
EPHA8	4	4.2541e-01	4.3582e-01	1.000000	0
ATP11B	4	4.2545e-01	4.3582e-01	1.000000	0
SPICE1	4	4.2548e-01	4.3582e-01	1.000000	0
UGCG	4	4.2558e-01	4.3582e-01	1.000000	0
ZBTB26	4	4.2569e-01	4.3582e-01	1.000000	0
ZNF282	3	4.2571e-01	5.1509e-01	1.000000	0
ZNF337	4	4.2572e-01	4.3582e-01	1.000000	0
DEFB4A	4	4.2582e-01	4.3582e-01	1.000000	0
HIST1H2BJ	4	4.2586e-01	4.3582e-01	1.000000	0
GPR19	4	4.2593e-01	4.3582e-01	1.000000	0
MYOZ1	4	4.2599e-01	4.3582e-01	1.000000	0
KRT19	4	4.2603e-01	4.3582e-01	1.000000	0
ALKBH2	4	4.2606e-01	4.3582e-01	1.000000	0
LRRC29	4	4.2610e-01	4.3582e-01	1.000000	0
NPY4R	4	4.2613e-01	4.3582e-01	1.000000	0
CCDC63	4	4.2616e-01	4.3582e-01	1.000000	0
LRRC46	4	4.2623e-01	4.3582e-01	1.000000	0
FBXL2	4	4.2627e-01	4.3582e-01	1.000000	0
TMEM221	4	4.2640e-01	4.3582e-01	1.000000	0
SYT1	4	4.2651e-01	4.3582e-01	1.000000	0
MRC2	4	4.2654e-01	4.3582e-01	1.000000	0
FEV	4	4.2657e-01	4.3582e-01	1.000000	0
SPRR2D	4	4.2661e-01	4.3582e-01	1.000000	0
BLZF1	4	4.2664e-01	4.3582e-01	1.000000	0
FAM227A	4	4.2668e-01	4.3582e-01	1.000000	0
OR5AR1	4	4.2674e-01	4.3582e-01	1.000000	0
CHD8	4	4.2698e-01	4.3844e-01	1.000000	0
MAGEA6	4	4.2702e-01	4.3844e-01	1.000000	0
PPP2R5A	4	4.2705e-01	4.3844e-01	1.000000	0
CSPG5	4	4.2709e-01	4.3844e-01	1.000000	0
OR1I1	4	4.2712e-01	4.3844e-01	1.000000	0
FAM135B	4	4.2715e-01	4.3844e-01	1.000000	0
HHIPL1	4	4.2719e-01	4.3844e-01	1.000000	0
CES1	4	4.2729e-01	4.3844e-01	1.000000	0
MREG	4	4.2732e-01	4.3844e-01	1.000000	0
TSFM	4	4.2739e-01	4.3844e-01	1.000000	0
RAB3IP	4	4.2750e-01	4.3844e-01	1.000000	0
LPP	4	4.2760e-01	4.4108e-01	1.000000	0
CCDC138	4	4.2763e-01	4.4108e-01	1.000000	0
PRDX3	4	4.2767e-01	4.4108e-01	1.000000	0
RGS9BP	4	4.2770e-01	4.4108e-01	1.000000	0
USP17L22	4	4.2780e-01	4.4108e-01	1.000000	0
LRRC73	4	4.2784e-01	4.4108e-01	1.000000	0
GAB2	4	4.2790e-01	4.4108e-01	1.000000	0
DHRS13	4	4.2794e-01	4.4108e-01	1.000000	0
ZFAND2B	4	4.2797e-01	4.4108e-01	1.000000	0
GGTLC1	4	4.2801e-01	4.4108e-01	1.000000	0
C4orf47	4	4.2807e-01	4.4108e-01	1.000000	0
RAB27B	4	4.2811e-01	4.4108e-01	1.000000	0
PFN4	4	4.2814e-01	4.4108e-01	1.000000	0
BANF2	4	4.2821e-01	4.4108e-01	1.000000	0
CYLC2	4	4.2830e-01	4.4108e-01	1.000000	0
CLCN6	4	4.2830e-01	4.4108e-01	1.000000	0
P4HA1	4	4.2835e-01	4.4108e-01	1.000000	0
NRL	4	4.2838e-01	4.4108e-01	1.000000	0
ZDHHC1	4	4.2841e-01	4.4108e-01	1.000000	0
RBMY1A1	4	4.2845e-01	4.4108e-01	1.000000	0
MED31	4	4.2855e-01	4.4108e-01	1.000000	0
IFNA7	4	4.2858e-01	4.4108e-01	1.000000	0
AS3MT	4	4.2862e-01	4.4108e-01	1.000000	0
OR51A4	4	4.2872e-01	4.4108e-01	1.000000	0
TIRAP	4	4.2876e-01	4.4108e-01	1.000000	0
SLC9A4	4	4.2882e-01	4.4353e-01	1.000000	0
RSPH1	4	4.2886e-01	4.4353e-01	1.000000	0
PADI3	4	4.2893e-01	4.4353e-01	1.000000	0
SIDT2	4	4.2899e-01	4.4353e-01	1.000000	0
C22orf39	4	4.2903e-01	4.4353e-01	1.000000	0
NMNAT2	4	4.2913e-01	4.4353e-01	1.000000	0
OPRD1	4	4.2921e-01	4.4353e-01	1.000000	0
TMEM255A	4	4.2927e-01	4.4353e-01	1.000000	0
FOXR1	4	4.2933e-01	4.4353e-01	1.000000	0
SPPL3	4	4.2947e-01	4.4353e-01	1.000000	0
ST8SIA4	4	4.2950e-01	4.4353e-01	1.000000	0
ZNF541	4	4.2954e-01	4.4353e-01	1.000000	0
OR14C36	4	4.2957e-01	4.4353e-01	1.000000	0
TLCD1	4	4.2961e-01	4.4353e-01	1.000000	0
UGT1A10	4	4.2964e-01	4.4353e-01	1.000000	0
ACOT8	4	4.2967e-01	4.4353e-01	1.000000	0
REV3L	4	4.2981e-01	4.4353e-01	1.000000	0
ELAVL4	4	4.2984e-01	4.4353e-01	1.000000	0
C8G	4	4.2995e-01	4.4353e-01	1.000000	0
CYP4V2	4	4.3008e-01	4.4603e-01	1.000000	0
TMEM220	4	4.3011e-01	4.4603e-01	1.000000	0
MRPS10	4	4.3015e-01	4.4603e-01	1.000000	0
ZYX	4	4.3018e-01	4.4603e-01	1.000000	0
FAM134B	4	4.3022e-01	4.4603e-01	1.000000	0
KCNG2	4	4.3032e-01	4.4603e-01	1.000000	0
CHIC2	4	4.3035e-01	4.4603e-01	1.000000	0
CXorf49B	4	4.3039e-01	4.4603e-01	1.000000	0
EIF2AK3	4	4.3042e-01	4.4603e-01	1.000000	0
CYP7B1	4	4.3045e-01	4.4603e-01	1.000000	0
SHBG	4	4.3052e-01	4.4603e-01	1.000000	0
ANO4	4	4.3056e-01	4.4603e-01	1.000000	0
TMEM69	4	4.3059e-01	4.4603e-01	1.000000	0
HSPG2	4	4.3066e-01	4.4603e-01	1.000000	0
ALOX15B	4	4.3069e-01	4.4603e-01	1.000000	0
LTK	4	4.3073e-01	4.4603e-01	1.000000	0
KIAA1210	4	4.3076e-01	4.4603e-01	1.000000	0
ZBP1	4	4.3086e-01	4.4603e-01	1.000000	0
APCDD1	4	4.3093e-01	4.4603e-01	1.000000	0
OR1N2	4	4.3096e-01	4.4603e-01	1.000000	0
DMTF1	4	4.3107e-01	4.4603e-01	1.000000	0
SLC25A16	4	4.3110e-01	4.4603e-01	1.000000	0
CBX5	4	4.3120e-01	4.4603e-01	1.000000	0
CEP192	4	4.3123e-01	4.4603e-01	1.000000	0
MAP2K4	4	4.3127e-01	4.4603e-01	1.000000	0
C18orf25	4	4.3130e-01	4.4603e-01	1.000000	0
CTNNB1	4	4.3134e-01	4.4603e-01	1.000000	0
ADH1A	4	4.3137e-01	4.4603e-01	1.000000	0
CEACAM4	4	4.3144e-01	4.4603e-01	1.000000	0
UBTD2	4	4.3154e-01	4.4603e-01	1.000000	0
DCAF11	4	4.3157e-01	4.4603e-01	1.000000	0
WFDC10A	4	4.3164e-01	4.4603e-01	1.000000	0
INSRR	4	4.3168e-01	4.4603e-01	1.000000	0
CCDC89	4	4.3178e-01	4.4603e-01	1.000000	0
KLF4	4	4.3181e-01	4.4603e-01	1.000000	0
SCRT1	4	4.3188e-01	4.4603e-01	1.000000	0
GBP1	4	4.3191e-01	4.4603e-01	1.000000	0
C11orf54	4	4.3198e-01	4.4603e-01	1.000000	0
PRKACA	4	4.3201e-01	4.4603e-01	1.000000	0
SGCZ	4	4.3205e-01	4.4603e-01	1.000000	0
PXDNL	4	4.3218e-01	4.4859e-01	1.000000	0
RHOXF2	4	4.3222e-01	4.4859e-01	1.000000	0
ZNF93	4	4.3225e-01	4.4859e-01	1.000000	0
RBP5	4	4.3232e-01	4.4859e-01	1.000000	0
PGA4	4	4.3239e-01	4.5114e-01	1.000000	0
CTAGE8	4	4.3242e-01	4.5114e-01	1.000000	0
PXMP4	4	4.3245e-01	4.5114e-01	1.000000	0
TUBB8	4	4.3249e-01	4.5114e-01	1.000000	0
EGF	4	4.3252e-01	4.5114e-01	1.000000	0
MBOAT7	4	4.3256e-01	4.5114e-01	1.000000	0
ATXN1	4	4.3259e-01	4.5114e-01	1.000000	0
CT83	4	4.3262e-01	4.5114e-01	1.000000	0
F7	4	4.3266e-01	4.5114e-01	1.000000	0
FABP9	4	4.3273e-01	4.5114e-01	1.000000	0
GRIPAP1	4	4.3276e-01	4.5114e-01	1.000000	0
ATP5SL	4	4.3279e-01	4.5114e-01	1.000000	0
GPC1	4	4.3283e-01	4.5114e-01	1.000000	0
KIAA0232	4	4.3286e-01	4.5114e-01	1.000000	0
ZNF233	4	4.3291e-01	4.5114e-01	1.000000	0
DUSP7	4	4.3300e-01	4.5114e-01	1.000000	0
CMC4	4	4.3306e-01	4.5114e-01	1.000000	0
PCDH7	4	4.3310e-01	4.5114e-01	1.000000	0
ZNF655	4	4.3313e-01	4.5114e-01	1.000000	0
CARNS1	4	4.3317e-01	4.5114e-01	1.000000	0
PHF19	4	4.3323e-01	4.5114e-01	1.000000	0
PAPOLG	4	4.3327e-01	4.5114e-01	1.000000	0
OR6N2	4	4.3330e-01	4.5114e-01	1.000000	0
SLIRP	4	4.3337e-01	4.5114e-01	1.000000	0
SP7	4	4.3340e-01	4.5114e-01	1.000000	0
CDCA7	4	4.3344e-01	4.5114e-01	1.000000	0
SIGLEC14	4	4.3347e-01	4.5114e-01	1.000000	0
HOXD13	4	4.3350e-01	4.5114e-01	1.000000	0
CBX7	4	4.3357e-01	4.5114e-01	1.000000	0
NCOA1	4	4.3361e-01	4.5114e-01	1.000000	0
FNDC8	4	4.3374e-01	4.5114e-01	1.000000	0
DEFB115	4	4.3377e-01	4.5114e-01	1.000000	0
ADPGK	4	4.3381e-01	4.5114e-01	1.000000	0
TPD52	4	4.3398e-01	4.5114e-01	1.000000	0
KCNF1	4	4.3401e-01	4.5114e-01	1.000000	0
LILRA6	4	4.3404e-01	4.5114e-01	1.000000	0
PRSS53	4	4.3411e-01	4.5114e-01	1.000000	0
WBSCR27	4	4.3415e-01	4.5114e-01	1.000000	0
TMEM211	4	4.3418e-01	4.5114e-01	1.000000	0
CTPS2	4	4.3421e-01	4.5114e-01	1.000000	0
ZNF558	4	4.3425e-01	4.5114e-01	1.000000	0
AMBP	4	4.3431e-01	4.5114e-01	1.000000	0
COL15A1	4	4.3435e-01	4.5114e-01	1.000000	0
LCN10	4	4.3442e-01	4.5114e-01	1.000000	0
CDC34	4	4.3452e-01	4.5114e-01	1.000000	0
SH2D6	4	4.3455e-01	4.5114e-01	1.000000	0
RAB32	4	4.3472e-01	4.5114e-01	1.000000	0
AIF1	4	4.3479e-01	4.5372e-01	1.000000	0
RAB3C	4	4.3486e-01	4.5372e-01	1.000000	0
TMEM44	4	4.3489e-01	4.5372e-01	1.000000	0
ATP6V1G3	4	4.3496e-01	4.5372e-01	1.000000	0
FGF22	4	4.3499e-01	4.5372e-01	1.000000	0
BATF2	4	4.3502e-01	4.5372e-01	1.000000	0
STRIP2	4	4.3506e-01	4.5372e-01	1.000000	0
SLC38A1	4	4.3509e-01	4.5372e-01	1.000000	0
MOSPD1	4	4.3513e-01	4.5372e-01	1.000000	0
ZNF708	4	4.3516e-01	4.5372e-01	1.000000	0
SH3BP5	4	4.3519e-01	4.5372e-01	1.000000	0
C15orf62	4	4.3526e-01	4.5372e-01	1.000000	0
BACE2	4	4.3529e-01	4.5372e-01	1.000000	0
CCSER2	4	4.3533e-01	4.5372e-01	1.000000	0
OR6B3	4	4.3536e-01	4.5372e-01	1.000000	0
PGLYRP1	4	4.3543e-01	4.5630e-01	1.000000	0
SPACA5B	4	4.3546e-01	4.5630e-01	1.000000	0
HIST1H2BL	4	4.3550e-01	4.5630e-01	1.000000	0
ATP9A	4	4.3563e-01	4.5630e-01	1.000000	0
OR6A2	4	4.3566e-01	4.5630e-01	1.000000	0
LUC7L	4	4.3570e-01	4.5630e-01	1.000000	0
SLC6A8	4	4.3580e-01	4.5630e-01	1.000000	0
THAP9	4	4.3587e-01	4.5630e-01	1.000000	0
POU4F2	4	4.3600e-01	4.5630e-01	1.000000	0
VCY	4	4.3604e-01	4.5630e-01	1.000000	0
LRRC14B	4	4.3607e-01	4.5630e-01	1.000000	0
COL22A1	4	4.3620e-01	4.5630e-01	1.000000	0
HLA-DRB1	4	4.3624e-01	4.5630e-01	1.000000	0
GPR83	4	4.3627e-01	4.5630e-01	1.000000	0
RPL3L	4	4.3634e-01	4.5630e-01	1.000000	0
FYTTD1	4	4.3644e-01	4.5630e-01	1.000000	0
SLC9A2	4	4.3651e-01	4.5630e-01	1.000000	0
HIST1H2BM	4	4.3664e-01	4.5630e-01	1.000000	0
IQCJ	4	4.3668e-01	4.5630e-01	1.000000	0
GAD2	4	4.3674e-01	4.5630e-01	1.000000	0
CDY1	4	4.3678e-01	4.5630e-01	1.000000	0
MICA	4	4.3681e-01	4.5630e-01	1.000000	0
NUDT19	4	4.3684e-01	4.5630e-01	1.000000	0
CCDC71	4	4.3688e-01	4.5630e-01	1.000000	0
HDAC10	4	4.3694e-01	4.5873e-01	1.000000	0
CBFA2T3	4	4.3705e-01	4.5873e-01	1.000000	0
KIF18B	4	4.3715e-01	4.5873e-01	1.000000	0
OR8H3	4	4.3721e-01	4.5873e-01	1.000000	0
ADRA1B	4	4.3731e-01	4.5873e-01	1.000000	0
FGF14	4	4.3735e-01	4.5873e-01	1.000000	0
TK2	4	4.3738e-01	4.5873e-01	1.000000	0
TAS1R1	4	4.3742e-01	4.5873e-01	1.000000	0
OR12D3	4	4.3745e-01	4.5873e-01	1.000000	0
BMPR2	4	4.3752e-01	4.5873e-01	1.000000	0
C6orf52	4	4.3755e-01	4.5873e-01	1.000000	0
COMMD3-BMI1	4	4.3762e-01	4.5873e-01	1.000000	0
TBC1D8B	4	4.3765e-01	4.5873e-01	1.000000	0
IL37	4	4.3779e-01	4.5873e-01	1.000000	0
ZNF70	4	4.3785e-01	4.5873e-01	1.000000	0
OR5H1	4	4.3792e-01	4.5873e-01	1.000000	0
TRAPPC6A	4	4.3799e-01	4.5873e-01	1.000000	0
LPIN2	4	4.3802e-01	4.5873e-01	1.000000	0
ARHGEF35	4	4.3809e-01	4.5873e-01	1.000000	0
TNNC2	4	4.3812e-01	4.5873e-01	1.000000	0
TREH	4	4.3819e-01	4.5873e-01	1.000000	0
GULP1	4	4.3826e-01	4.5873e-01	1.000000	0
ACSF2	4	4.3832e-01	4.5873e-01	1.000000	0
KIAA0586	4	4.3846e-01	4.6124e-01	1.000000	0
BCAS1	4	4.3853e-01	4.6124e-01	1.000000	0
MIXL1	4	4.3856e-01	4.6124e-01	1.000000	0
RIMS4	4	4.3863e-01	4.6124e-01	1.000000	0
SPP2	4	4.3869e-01	4.6124e-01	1.000000	0
GP6	4	4.3873e-01	4.6124e-01	1.000000	0
ZNF141	4	4.3876e-01	4.6124e-01	1.000000	0
ID1	4	4.3879e-01	4.6124e-01	1.000000	0
AGPAT4	4	4.3893e-01	4.6124e-01	1.000000	0
DPM3	4	4.3896e-01	4.6124e-01	1.000000	0
DRC1	4	4.3900e-01	4.6124e-01	1.000000	0
ZNF596	4	4.3906e-01	4.6124e-01	1.000000	0
ARRDC2	4	4.3910e-01	4.6124e-01	1.000000	0
GTF2IRD2B	4	4.3913e-01	4.6124e-01	1.000000	0
OR6B2	4	4.3916e-01	4.6124e-01	1.000000	0
ADAT1	4	4.3920e-01	4.6124e-01	1.000000	0
CDA	4	4.3930e-01	4.6124e-01	1.000000	0
TMC1	4	4.3936e-01	4.6124e-01	1.000000	0
RAB12	4	4.3940e-01	4.6124e-01	1.000000	0
GGT7	4	4.3943e-01	4.6124e-01	1.000000	0
RAB1B	4	4.3955e-01	4.6124e-01	1.000000	0
CPA3	4	4.3955e-01	4.6124e-01	1.000000	0
DCDC5	4	4.3960e-01	4.6124e-01	1.000000	0
BGLAP	4	4.3963e-01	4.6124e-01	1.000000	0
TMEM55A	4	4.3970e-01	4.6124e-01	1.000000	0
FOLR2	4	4.3975e-01	4.6124e-01	1.000000	0
DEDD	4	4.3975e-01	4.6124e-01	1.000000	0
PGM5	4	4.3980e-01	4.6124e-01	1.000000	0
F11	4	4.3987e-01	4.6124e-01	1.000000	0
AKR1C2	4	4.3990e-01	4.6124e-01	1.000000	0
SLCO2A1	4	4.3997e-01	4.6124e-01	1.000000	0
KLHL14	4	4.4000e-01	4.6124e-01	1.000000	0
METTL21C	4	4.4004e-01	4.6124e-01	1.000000	0
PGP	4	4.4010e-01	4.6124e-01	1.000000	0
MOCOS	4	4.4024e-01	4.6124e-01	1.000000	0
PRDX2	4	4.4027e-01	4.6124e-01	1.000000	0
MC2R	4	4.4034e-01	4.6124e-01	1.000000	0
PCDHGB7	4	4.4037e-01	4.6124e-01	1.000000	0
AKR1C1	4	4.4047e-01	4.6124e-01	1.000000	0
SCARB1	4	4.4064e-01	4.6124e-01	1.000000	0
CORO1B	4	4.4071e-01	4.6124e-01	1.000000	0
LRRFIP2	4	4.4074e-01	4.6124e-01	1.000000	0
NMB	4	4.4077e-01	4.6124e-01	1.000000	0
ASB11	4	4.4087e-01	4.6124e-01	1.000000	0
ADGRV1	4	4.4094e-01	4.6124e-01	1.000000	0
WNT3A	4	4.4097e-01	4.6124e-01	1.000000	0
DNAH1	4	4.4107e-01	4.6124e-01	1.000000	0
ERICH5	4	4.4111e-01	4.6124e-01	1.000000	0
TMEM150C	4	4.4114e-01	4.6124e-01	1.000000	0
PARVA	4	4.4117e-01	4.6124e-01	1.000000	0
GPR26	4	4.4144e-01	4.6624e-01	1.000000	0
DNM1	4	4.4151e-01	4.6624e-01	1.000000	0
LACTB2	4	4.4161e-01	4.6624e-01	1.000000	0
PBDC1	4	4.4164e-01	4.6624e-01	1.000000	0
C17orf77	4	4.4168e-01	4.6624e-01	1.000000	0
HACD1	4	4.4184e-01	4.6878e-01	1.000000	0
FAM199X	4	4.4188e-01	4.6878e-01	1.000000	0
PATL2	4	4.4191e-01	4.6878e-01	1.000000	0
NOTCH2	4	4.4194e-01	4.6878e-01	1.000000	0
PRX	4	4.4198e-01	4.6878e-01	1.000000	0
C1orf167	4	4.4201e-01	4.6878e-01	1.000000	0
CHRNA9	4	4.4211e-01	4.7123e-01	1.000000	0
DPP4	4	4.4214e-01	4.7123e-01	1.000000	0
RFXANK	4	4.4221e-01	4.7123e-01	1.000000	0
PRDX5	4	4.4226e-01	4.7123e-01	1.000000	0
RANBP6	4	4.4231e-01	4.7123e-01	1.000000	0
RIN1	4	4.4241e-01	4.7123e-01	1.000000	0
HCRTR1	4	4.4244e-01	4.7123e-01	1.000000	0
MAP1LC3B2	4	4.4248e-01	4.7123e-01	1.000000	0
GABBR1	4	4.4258e-01	4.7123e-01	1.000000	0
TRPM7	4	4.4261e-01	4.7123e-01	1.000000	0
SST	4	4.4275e-01	4.7123e-01	1.000000	0
PRKAR1B	4	4.4278e-01	4.7123e-01	1.000000	0
KLHL41	4	4.4281e-01	4.7123e-01	1.000000	0
RHOBTB2	4	4.4288e-01	4.7123e-01	1.000000	0
FAM46B	4	4.4291e-01	4.7123e-01	1.000000	0
KRT83	4	4.4301e-01	4.7378e-01	1.000000	0
RBMXL2	4	4.4305e-01	4.7378e-01	1.000000	0
ACTRT2	4	4.4308e-01	4.7378e-01	1.000000	0
CDX4	4	4.4311e-01	4.7378e-01	1.000000	0
OR4C46	4	4.4325e-01	4.7378e-01	1.000000	0
KRTAP19-3	4	4.4348e-01	4.7378e-01	1.000000	0
GALNTL6	4	4.4351e-01	4.7378e-01	1.000000	0
FARSB	4	4.4358e-01	4.7378e-01	1.000000	0
DNAJC1	4	4.4361e-01	4.7378e-01	1.000000	0
RHEB	4	4.4365e-01	4.7378e-01	1.000000	0
DLX1	4	4.4370e-01	4.7378e-01	1.000000	0
PECR	4	4.4375e-01	4.7378e-01	1.000000	0
COMMD2	4	4.4378e-01	4.7378e-01	1.000000	0
DEFB136	4	4.4385e-01	4.7378e-01	1.000000	0
CD209	4	4.4388e-01	4.7378e-01	1.000000	0
SPATA9	4	4.4398e-01	4.7624e-01	1.000000	0
CFP	4	4.4401e-01	4.7624e-01	1.000000	0
ADAM28	4	4.4405e-01	4.7624e-01	1.000000	0
ANKRD13B	4	4.4408e-01	4.7624e-01	1.000000	0
OSTF1	4	4.4418e-01	4.7624e-01	1.000000	0
TTLL1	4	4.4421e-01	4.7624e-01	1.000000	0
EI24	4	4.4425e-01	4.7624e-01	1.000000	0
ATF1	4	4.4428e-01	4.7624e-01	1.000000	0
KIAA0368	4	4.4435e-01	4.7624e-01	1.000000	0
OR10Z1	4	4.4445e-01	4.7624e-01	1.000000	0
POLR2H	4	4.4458e-01	4.7624e-01	1.000000	0
ZNF669	4	4.4461e-01	4.7624e-01	1.000000	0
ALAD	4	4.4470e-01	4.7624e-01	1.000000	0
PSORS1C1	4	4.4475e-01	4.7624e-01	1.000000	0
WDR87	4	4.4478e-01	4.7624e-01	1.000000	0
ZCCHC5	4	4.4488e-01	4.7624e-01	1.000000	0
TMEM100	4	4.4491e-01	4.7624e-01	1.000000	0
G6PC	4	4.4495e-01	4.7624e-01	1.000000	0
GLIPR1L1	4	4.4508e-01	4.7624e-01	1.000000	0
FAM159B	4	4.4511e-01	4.7624e-01	1.000000	0
DEFB110	4	4.4515e-01	4.7624e-01	1.000000	0
RNF180	4	4.4518e-01	4.7624e-01	1.000000	0
OR2T1	4	4.4528e-01	4.7624e-01	1.000000	0
MTRNR2L2	4	4.4535e-01	4.7624e-01	1.000000	0
FASTKD3	4	4.4548e-01	4.7624e-01	1.000000	0
ACRC	4	4.4555e-01	4.7624e-01	1.000000	0
PAM	4	4.4558e-01	4.7624e-01	1.000000	0
CILP	4	4.4561e-01	4.7624e-01	1.000000	0
PLP2	4	4.4571e-01	4.7624e-01	1.000000	0
CGB5	4	4.4578e-01	4.7624e-01	1.000000	0
SLC16A13	4	4.4581e-01	4.7624e-01	1.000000	0
GOLGA2	4	4.4591e-01	4.7624e-01	1.000000	0
SYCE1L	4	4.4601e-01	4.7624e-01	1.000000	0
ROPN1L	4	4.4604e-01	4.7624e-01	1.000000	0
PNLIP	4	4.4611e-01	4.7624e-01	1.000000	0
CPB2	4	4.4614e-01	4.7624e-01	1.000000	0
DEDD2	4	4.4618e-01	4.7624e-01	1.000000	0
IVD	4	4.4628e-01	4.7624e-01	1.000000	0
SQLE	4	4.4631e-01	4.7624e-01	1.000000	0
MALL	4	4.4634e-01	4.7624e-01	1.000000	0
DIP2C	4	4.4638e-01	4.7624e-01	1.000000	0
POLR2J3	4	4.4644e-01	4.7624e-01	1.000000	0
CMBL	4	4.4648e-01	4.7624e-01	1.000000	0
HIST1H2AC	4	4.4654e-01	4.7624e-01	1.000000	0
ZNF568	4	4.4661e-01	4.7624e-01	1.000000	0
ARHGAP25	4	4.4674e-01	4.7624e-01	1.000000	0
KDM5A	4	4.4681e-01	4.7875e-01	1.000000	0
PRSS2	4	4.4684e-01	4.7875e-01	1.000000	0
PPP1R1C	4	4.4688e-01	4.7875e-01	1.000000	0
ZFHX4	4	4.4694e-01	4.8115e-01	1.000000	0
HSP90B1	3	4.4696e-01	5.5649e-01	1.000000	0
PMFBP1	4	4.4697e-01	4.8115e-01	1.000000	0
SIRPB2	4	4.4701e-01	4.8115e-01	1.000000	0
OR2A14	4	4.4704e-01	4.8115e-01	1.000000	0
MLYCD	4	4.4711e-01	4.8115e-01	1.000000	0
PIRT	4	4.4714e-01	4.8115e-01	1.000000	0
SVOP	4	4.4717e-01	4.8115e-01	1.000000	0
ATG4C	4	4.4721e-01	4.8115e-01	1.000000	0
KLF12	4	4.4731e-01	4.8115e-01	1.000000	0
CST11	4	4.4734e-01	4.8115e-01	1.000000	0
RHBDD2	4	4.4737e-01	4.8115e-01	1.000000	0
SDF2L1	4	4.4747e-01	4.8115e-01	1.000000	0
MAG	4	4.4754e-01	4.8115e-01	1.000000	0
SGCE	4	4.4761e-01	4.8115e-01	1.000000	0
PRR32	4	4.4764e-01	4.8115e-01	1.000000	0
PRAC1	4	4.4767e-01	4.8115e-01	1.000000	0
SNTN	4	4.4770e-01	4.8115e-01	1.000000	0
SFN	4	4.4774e-01	4.8115e-01	1.000000	0
KPNA5	4	4.4777e-01	4.8115e-01	1.000000	0
PLP1	4	4.4780e-01	4.8115e-01	1.000000	0
MCOLN1	4	4.4790e-01	4.8115e-01	1.000000	0
PAGE3	4	4.4794e-01	4.8115e-01	1.000000	0
HIST1H4L	4	4.4797e-01	4.8115e-01	1.000000	0
KRT20	4	4.4810e-01	4.8115e-01	1.000000	0
ITGB3	4	4.4817e-01	4.8366e-01	1.000000	0
PUS1	4	4.4820e-01	4.8366e-01	1.000000	0
SIGLEC6	4	4.4824e-01	4.8366e-01	1.000000	0
COX7A2L	4	4.4830e-01	4.8603e-01	1.000000	0
COIL	4	4.4837e-01	4.8603e-01	1.000000	0
ITGAX	4	4.4847e-01	4.8603e-01	1.000000	0
MIER2	4	4.4853e-01	4.8848e-01	1.000000	0
DUSP11	4	4.4857e-01	4.8848e-01	1.000000	0
CACNA1A	3	4.4882e-01	5.5822e-01	1.000000	0
AKAP14	4	4.4883e-01	4.9330e-01	1.000000	0
CACNA2D3	4	4.4887e-01	4.9330e-01	1.000000	0
DCBLD2	4	4.4896e-01	4.9330e-01	1.000000	0
HIBADH	4	4.4903e-01	4.9330e-01	1.000000	0
TBC1D16	4	4.4910e-01	4.9330e-01	1.000000	0
AKAP9	4	4.4916e-01	4.9330e-01	1.000000	0
SFXN2	3	4.4919e-01	5.5822e-01	1.000000	0
EPG5	4	4.4926e-01	4.9330e-01	1.000000	0
BPIFB2	4	4.4933e-01	4.9568e-01	1.000000	0
FAM209B	4	4.4936e-01	4.9568e-01	1.000000	0
ZNF514	4	4.4949e-01	4.9568e-01	1.000000	0
LMCD1	4	4.4956e-01	4.9568e-01	1.000000	0
SRSF2	4	4.4966e-01	4.9568e-01	1.000000	0
ADORA3	4	4.4969e-01	4.9568e-01	1.000000	0
FAT3	4	4.4973e-01	4.9568e-01	1.000000	0
KIR3DL1	4	4.4983e-01	4.9568e-01	1.000000	0
ANKRD1	4	4.4989e-01	4.9568e-01	1.000000	0
HOXC4	4	4.4992e-01	4.9568e-01	1.000000	0
PYY	4	4.5002e-01	4.9568e-01	1.000000	0
SKOR1	4	4.5009e-01	4.9568e-01	1.000000	0
DEFB113	4	4.5019e-01	4.9568e-01	1.000000	0
CHST4	4	4.5022e-01	4.9568e-01	1.000000	0
PCDHGC5	4	4.5029e-01	4.9568e-01	1.000000	0
ARHGEF5	4	4.5032e-01	4.9568e-01	1.000000	0
FERD3L	4	4.5035e-01	4.9568e-01	1.000000	0
DIRAS3	4	4.5045e-01	4.9568e-01	1.000000	0
AQP9	4	4.5062e-01	4.9568e-01	1.000000	0
RAB11B	3	4.5065e-01	5.6001e-01	1.000000	0
ALX1	4	4.5072e-01	4.9568e-01	1.000000	0
NIPAL4	4	4.5075e-01	4.9568e-01	1.000000	0
ZMYND10	4	4.5078e-01	4.9568e-01	1.000000	0
DTX2	4	4.5082e-01	4.9568e-01	1.000000	0
B3GNT4	4	4.5085e-01	4.9568e-01	1.000000	0
TADA1	4	4.5092e-01	4.9568e-01	1.000000	0
HOXD4	4	4.5098e-01	4.9568e-01	1.000000	0
GPR87	4	4.5105e-01	4.9568e-01	1.000000	0
SPIRE2	4	4.5108e-01	4.9568e-01	1.000000	0
ZBTB40	4	4.5118e-01	4.9568e-01	1.000000	0
THSD1	4	4.5125e-01	4.9568e-01	1.000000	0
ZFP30	4	4.5135e-01	4.9568e-01	1.000000	0
PRSS1	4	4.5138e-01	4.9568e-01	1.000000	0
SPINK8	4	4.5141e-01	4.9568e-01	1.000000	0
PLET1	4	4.5158e-01	4.9568e-01	1.000000	0
C2CD5	4	4.5161e-01	4.9568e-01	1.000000	0
FMR1	4	4.5164e-01	4.9568e-01	1.000000	0
GPRC5B	4	4.5168e-01	4.9568e-01	1.000000	0
BCAS3	4	4.5171e-01	4.9568e-01	1.000000	0
DUSP5	4	4.5174e-01	4.9568e-01	1.000000	0
SLC27A2	4	4.5177e-01	4.9568e-01	1.000000	0
MUCL1	4	4.5181e-01	4.9568e-01	1.000000	0
LOC101928436	4	4.5184e-01	4.9568e-01	1.000000	0
SLFN5	4	4.5191e-01	4.9568e-01	1.000000	0
PLA2G4C	4	4.5194e-01	4.9568e-01	1.000000	0
PRR23B	4	4.5204e-01	4.9568e-01	1.000000	0
ASB7	4	4.5214e-01	4.9568e-01	1.000000	0
RDH10	4	4.5224e-01	4.9568e-01	1.000000	0
MON1A	4	4.5230e-01	4.9568e-01	1.000000	0
PARK2	4	4.5233e-01	4.9568e-01	1.000000	0
ANKRD42	3	4.5238e-01	5.6170e-01	1.000000	0
TMEM167B	4	4.5243e-01	4.9568e-01	1.000000	0
SH3BGRL2	4	4.5247e-01	4.9568e-01	1.000000	0
PDCD2L	4	4.5250e-01	4.9568e-01	1.000000	0
CHI3L2	4	4.5255e-01	4.9568e-01	1.000000	0
ZNF232	4	4.5260e-01	4.9568e-01	1.000000	0
RAB37	4	4.5263e-01	4.9568e-01	1.000000	0
SPG11	4	4.5266e-01	4.9568e-01	1.000000	0
PTPN18	4	4.5270e-01	4.9568e-01	1.000000	0
INHBE	4	4.5273e-01	4.9568e-01	1.000000	0
NT5DC3	4	4.5276e-01	4.9568e-01	1.000000	0
LRRC26	4	4.5280e-01	4.9568e-01	1.000000	0
ZNF503	4	4.5286e-01	4.9568e-01	1.000000	0
ELAC1	4	4.5291e-01	4.9568e-01	1.000000	0
LGALS2	4	4.5299e-01	4.9568e-01	1.000000	0
ZNF274	4	4.5303e-01	4.9568e-01	1.000000	0
DMPK	4	4.5309e-01	4.9568e-01	1.000000	0
NUDT3	4	4.5313e-01	4.9568e-01	1.000000	0
METTL21A	4	4.5319e-01	4.9568e-01	1.000000	0
KRT32	4	4.5322e-01	4.9568e-01	1.000000	0
CCL20	4	4.5326e-01	4.9568e-01	1.000000	0
GAB4	4	4.5329e-01	4.9568e-01	1.000000	0
TEX11	4	4.5332e-01	4.9568e-01	1.000000	0
ZC2HC1C	4	4.5336e-01	4.9568e-01	1.000000	0
CLEC17A	4	4.5339e-01	4.9568e-01	1.000000	0
SMIM21	4	4.5342e-01	4.9568e-01	1.000000	0
AKNAD1	4	4.5345e-01	4.9568e-01	1.000000	0
NXPE3	4	4.5349e-01	4.9568e-01	1.000000	0
CCBL2	4	4.5352e-01	4.9568e-01	1.000000	0
SCMH1	4	4.5359e-01	4.9568e-01	1.000000	0
EVC	4	4.5362e-01	4.9568e-01	1.000000	0
TRAF6	4	4.5365e-01	4.9568e-01	1.000000	0
ITGAE	4	4.5369e-01	4.9568e-01	1.000000	0
OR10AG1	4	4.5383e-01	4.9568e-01	1.000000	0
PAX3	4	4.5383e-01	4.9568e-01	1.000000	0
ETFB	4	4.5395e-01	4.9568e-01	1.000000	0
NUP155	4	4.5401e-01	4.9568e-01	1.000000	0
PM20D1	4	4.5405e-01	4.9568e-01	1.000000	0
FOXN1	4	4.5411e-01	4.9568e-01	1.000000	0
HARBI1	4	4.5415e-01	4.9568e-01	1.000000	0
ELOVL5	4	4.5418e-01	4.9568e-01	1.000000	0
TFRC	4	4.5424e-01	4.9568e-01	1.000000	0
THEM6	4	4.5431e-01	4.9568e-01	1.000000	0
ZNF44	4	4.5438e-01	4.9568e-01	1.000000	0
NEU2	4	4.5441e-01	4.9568e-01	1.000000	0
PHACTR3	4	4.5444e-01	4.9568e-01	1.000000	0
OR5D14	4	4.5447e-01	4.9568e-01	1.000000	0
MRPS2	4	4.5451e-01	4.9568e-01	1.000000	0
TATDN3	4	4.5454e-01	4.9568e-01	1.000000	0
PRB1	4	4.5457e-01	4.9568e-01	1.000000	0
RPS6KA2	4	4.5461e-01	4.9568e-01	1.000000	0
CSRNP3	4	4.5464e-01	4.9568e-01	1.000000	0
CD7	4	4.5467e-01	4.9568e-01	1.000000	0
RAB13	4	4.5470e-01	4.9568e-01	1.000000	0
SIGLECL1	4	4.5474e-01	4.9568e-01	1.000000	0
SIRT2	4	4.5480e-01	4.9568e-01	1.000000	0
CETP	4	4.5484e-01	4.9568e-01	1.000000	0
NRN1L	4	4.5489e-01	4.9568e-01	1.000000	0
CT47A10	4	4.5489e-01	4.9568e-01	1.000000	0
ZNF10	4	4.5497e-01	4.9568e-01	1.000000	0
AOC1	4	4.5507e-01	4.9568e-01	1.000000	0
UBTF	4	4.5510e-01	4.9568e-01	1.000000	0
HPRT1	4	4.5513e-01	4.9568e-01	1.000000	0
C1orf198	4	4.5518e-01	4.9568e-01	1.000000	0
VEPH1	4	4.5523e-01	4.9568e-01	1.000000	0
NDE1	4	4.5526e-01	4.9568e-01	1.000000	0
NFX1	4	4.5530e-01	4.9568e-01	1.000000	0
ZIC4	4	4.5536e-01	4.9568e-01	1.000000	0
SNAP47	4	4.5539e-01	4.9568e-01	1.000000	0
GIGYF1	4	4.5546e-01	4.9568e-01	1.000000	0
AVIL	4	4.5549e-01	4.9568e-01	1.000000	0
TSPY2	4	4.5562e-01	4.9568e-01	1.000000	0
INSM2	4	4.5566e-01	4.9568e-01	1.000000	0
AKR1D1	4	4.5569e-01	4.9568e-01	1.000000	0
C1orf229	4	4.5572e-01	4.9568e-01	1.000000	0
HAS3	4	4.5576e-01	4.9568e-01	1.000000	0
SPIN2A	4	4.5579e-01	4.9568e-01	1.000000	0
PLCD1	4	4.5582e-01	4.9568e-01	1.000000	0
CCDC59	4	4.5585e-01	4.9568e-01	1.000000	0
OR3A2	4	4.5589e-01	4.9568e-01	1.000000	0
P2RY12	4	4.5592e-01	4.9568e-01	1.000000	0
KIF1C	4	4.5595e-01	4.9568e-01	1.000000	0
OR14A16	4	4.5598e-01	4.9568e-01	1.000000	0
SUV420H2	4	4.5602e-01	4.9568e-01	1.000000	0
PROCR	4	4.5605e-01	4.9568e-01	1.000000	0
LHFPL5	4	4.5608e-01	4.9568e-01	1.000000	0
SPAG8	4	4.5615e-01	4.9568e-01	1.000000	0
GNB1	4	4.5618e-01	4.9568e-01	1.000000	0
LRRK1	4	4.5621e-01	4.9568e-01	1.000000	0
CEP350	4	4.5625e-01	4.9568e-01	1.000000	0
SENP7	4	4.5644e-01	4.9568e-01	1.000000	0
RNF152	4	4.5648e-01	4.9568e-01	1.000000	0
C9orf91	4	4.5654e-01	4.9568e-01	1.000000	0
HADH	4	4.5667e-01	4.9568e-01	1.000000	0
IL15RA	4	4.5671e-01	4.9568e-01	1.000000	0
ARMC8	4	4.5674e-01	4.9568e-01	1.000000	0
CCDC79	4	4.5684e-01	4.9568e-01	1.000000	0
MADCAM1	4	4.5692e-01	4.9568e-01	1.000000	0
NUP210L	4	4.5707e-01	4.9568e-01	1.000000	0
GRHL2	4	4.5710e-01	4.9568e-01	1.000000	0
IQCH	4	4.5713e-01	4.9568e-01	1.000000	0
KIAA1161	4	4.5716e-01	4.9568e-01	1.000000	0
VHLL	4	4.5720e-01	4.9568e-01	1.000000	0
OR52A1	4	4.5723e-01	4.9568e-01	1.000000	0
GPR45	4	4.5726e-01	4.9568e-01	1.000000	0
RORA	4	4.5730e-01	4.9568e-01	1.000000	0
ITPA	4	4.5733e-01	4.9568e-01	1.000000	0
TSPY1	4	4.5739e-01	4.9568e-01	1.000000	0
IL9R	4	4.5746e-01	4.9568e-01	1.000000	0
RRH	4	4.5749e-01	4.9568e-01	1.000000	0
GNA13	4	4.5752e-01	4.9568e-01	1.000000	0
ZG16	4	4.5756e-01	4.9568e-01	1.000000	0
CREB3L4	4	4.5766e-01	4.9568e-01	1.000000	0
IRAK3	4	4.5772e-01	4.9568e-01	1.000000	0
DTWD1	4	4.5779e-01	4.9568e-01	1.000000	0
HMX2	4	4.5788e-01	4.9568e-01	1.000000	0
ACAP1	4	4.5798e-01	4.9568e-01	1.000000	0
NNMT	4	4.5802e-01	4.9568e-01	1.000000	0
KRTAP4-6	4	4.5808e-01	4.9568e-01	1.000000	0
PPM1B	4	4.5811e-01	4.9568e-01	1.000000	0
KHDRBS2	4	4.5818e-01	4.9568e-01	1.000000	0
GDPD4	4	4.5838e-01	4.9568e-01	1.000000	0
TRAK1	4	4.5851e-01	4.9568e-01	1.000000	0
FAM171B	4	4.5854e-01	4.9568e-01	1.000000	0
SLC7A2	4	4.5860e-01	4.9568e-01	1.000000	0
LRRC36	4	4.5867e-01	4.9568e-01	1.000000	0
CMC1	4	4.5883e-01	4.9568e-01	1.000000	0
SLC5A7	4	4.5887e-01	4.9568e-01	1.000000	0
OR5K1	4	4.5893e-01	4.9568e-01	1.000000	0
HIVEP3	4	4.5896e-01	4.9568e-01	1.000000	0
ELMO2	4	4.5900e-01	4.9568e-01	1.000000	0
GAL3ST3	4	4.5903e-01	4.9568e-01	1.000000	0
DSE	4	4.5906e-01	4.9568e-01	1.000000	0
ZNF460	4	4.5909e-01	4.9568e-01	1.000000	0
BMP8B	4	4.5916e-01	4.9568e-01	1.000000	0
LAYN	4	4.5919e-01	4.9568e-01	1.000000	0
TRA2B	4	4.5922e-01	4.9568e-01	1.000000	0
PAK4	4	4.5926e-01	4.9568e-01	1.000000	0
TEX9	4	4.5929e-01	4.9568e-01	1.000000	0
PPM1K	4	4.5932e-01	4.9568e-01	1.000000	0
AGRP	4	4.5939e-01	4.9568e-01	1.000000	0
WBP2NL	4	4.5945e-01	4.9568e-01	1.000000	0
GFI1B	4	4.5965e-01	4.9803e-01	1.000000	0
RNF207	4	4.5968e-01	4.9803e-01	1.000000	0
NRAP	4	4.5971e-01	4.9803e-01	1.000000	0
UBN1	4	4.5981e-01	4.9803e-01	1.000000	0
SHANK3	4	4.5994e-01	4.9803e-01	1.000000	0
HHIPL2	4	4.6004e-01	4.9803e-01	1.000000	0
LAMB4	4	4.6007e-01	4.9803e-01	1.000000	0
CDK11B	4	4.6014e-01	4.9803e-01	1.000000	0
MGAT3	4	4.6020e-01	4.9803e-01	1.000000	0
ZSCAN1	4	4.6027e-01	4.9803e-01	1.000000	0
TRAP1	4	4.6033e-01	4.9803e-01	1.000000	0
SVEP1	4	4.6043e-01	4.9803e-01	1.000000	0
ADM5	3	4.6046e-01	5.6863e-01	1.000000	0
CST6	4	4.6046e-01	4.9803e-01	1.000000	0
DDT	4	4.6060e-01	5.0038e-01	1.000000	0
BTN3A1	4	4.6066e-01	5.0038e-01	1.000000	0
BATF	4	4.6079e-01	5.0273e-01	1.000000	0
UBE2N	4	4.6082e-01	5.0273e-01	1.000000	0
GRID2IP	4	4.6086e-01	5.0273e-01	1.000000	0
PRR5	4	4.6095e-01	5.0273e-01	1.000000	0
KCNK2	4	4.6099e-01	5.0273e-01	1.000000	0
RAP1GAP2	4	4.6112e-01	5.0273e-01	1.000000	0
FAM186A	4	4.6115e-01	5.0273e-01	1.000000	0
ZNF564	4	4.6128e-01	5.0273e-01	1.000000	0
SERPINA7	4	4.6134e-01	5.0273e-01	1.000000	0
GRAMD2	4	4.6141e-01	5.0273e-01	1.000000	0
LPAR5	4	4.6144e-01	5.0273e-01	1.000000	0
PRM1	4	4.6147e-01	5.0273e-01	1.000000	0
RDH8	4	4.6151e-01	5.0273e-01	1.000000	0
DAOA	4	4.6154e-01	5.0273e-01	1.000000	0
PIP4K2A	4	4.6157e-01	5.0273e-01	1.000000	0
MOXD1	4	4.6164e-01	5.0273e-01	1.000000	0
LTB4R2	4	4.6177e-01	5.0273e-01	1.000000	0
CLIC4	4	4.6180e-01	5.0273e-01	1.000000	0
TFEC	4	4.6183e-01	5.0273e-01	1.000000	0
PCDHGB1	4	4.6190e-01	5.0273e-01	1.000000	0
ADAMTSL4	4	4.6193e-01	5.0273e-01	1.000000	0
OMA1	4	4.6196e-01	5.0273e-01	1.000000	0
ADCY1	4	4.6203e-01	5.0273e-01	1.000000	0
PSG6	4	4.6209e-01	5.0273e-01	1.000000	0
ACTN2	4	4.6213e-01	5.0273e-01	1.000000	0
CSRNP1	4	4.6229e-01	5.0273e-01	1.000000	0
ARHGAP35	4	4.6232e-01	5.0273e-01	1.000000	0
TNFAIP3	4	4.6235e-01	5.0273e-01	1.000000	0
KCNIP2	4	4.6255e-01	5.0743e-01	1.000000	0
HRASLS5	4	4.6265e-01	5.0981e-01	1.000000	0
HTR1B	4	4.6269e-01	5.0981e-01	1.000000	0
ZMIZ2	4	4.6269e-01	5.0981e-01	1.000000	0
CLIP3	4	4.6274e-01	5.0981e-01	1.000000	0
MTRNR2L7	4	4.6278e-01	5.0981e-01	1.000000	0
MASP1	4	4.6281e-01	5.0981e-01	1.000000	0
ZNF627	4	4.6291e-01	5.0981e-01	1.000000	0
FAM173A	4	4.6294e-01	5.0981e-01	1.000000	0
GPR180	4	4.6297e-01	5.0981e-01	1.000000	0
PCDHB15	4	4.6300e-01	5.0981e-01	1.000000	0
ZKSCAN3	4	4.6304e-01	5.0981e-01	1.000000	0
SLC39A11	4	4.6310e-01	5.0981e-01	1.000000	0
ZFYVE27	4	4.6323e-01	5.0981e-01	1.000000	0
KCTD8	4	4.6326e-01	5.0981e-01	1.000000	0
NEU4	4	4.6330e-01	5.0981e-01	1.000000	0
DLK1	4	4.6333e-01	5.0981e-01	1.000000	0
NKX2-3	4	4.6339e-01	5.0981e-01	1.000000	0
MARK2	4	4.6343e-01	5.0981e-01	1.000000	0
TTLL9	4	4.6349e-01	5.0981e-01	1.000000	0
NARR	4	4.6352e-01	5.0981e-01	1.000000	0
CCDC61	4	4.6359e-01	5.0981e-01	1.000000	0
AFMID	4	4.6362e-01	5.0981e-01	1.000000	0
TSPAN12	4	4.6365e-01	5.0981e-01	1.000000	0
ZNF222	4	4.6368e-01	5.0981e-01	1.000000	0
HP1BP3	4	4.6372e-01	5.0981e-01	1.000000	0
WDR41	4	4.6375e-01	5.0981e-01	1.000000	0
TTC32	4	4.6378e-01	5.0981e-01	1.000000	0
KLHL9	4	4.6381e-01	5.0981e-01	1.000000	0
ACOT11	4	4.6386e-01	5.0981e-01	1.000000	0
MARCO	4	4.6394e-01	5.0981e-01	1.000000	0
PSMA8	4	4.6398e-01	5.0981e-01	1.000000	0
EIF2AK1	4	4.6404e-01	5.1215e-01	1.000000	0
CLCA4	4	4.6407e-01	5.1215e-01	1.000000	0
TRIM11	4	4.6411e-01	5.1215e-01	1.000000	0
POLDIP2	4	4.6414e-01	5.1215e-01	1.000000	0
AKR1B10	4	4.6417e-01	5.1215e-01	1.000000	0
IL12A	4	4.6424e-01	5.1215e-01	1.000000	0
TSPAN10	4	4.6433e-01	5.1215e-01	1.000000	0
SYNE1	4	4.6437e-01	5.1215e-01	1.000000	0
OR51E1	4	4.6440e-01	5.1215e-01	1.000000	0
ZNF267	4	4.6443e-01	5.1215e-01	1.000000	0
IGFL3	4	4.6446e-01	5.1215e-01	1.000000	0
ACTA2	4	4.6456e-01	5.1215e-01	1.000000	0
TMEM63A	4	4.6459e-01	5.1215e-01	1.000000	0
ACOT13	4	4.6466e-01	5.1448e-01	1.000000	0
GFOD2	4	4.6469e-01	5.1448e-01	1.000000	0
CSF2RA	4	4.6472e-01	5.1448e-01	1.000000	0
CDHR5	4	4.6485e-01	5.1682e-01	1.000000	0
SWAP70	4	4.6488e-01	5.1682e-01	1.000000	0
CELA2A	4	4.6492e-01	5.1682e-01	1.000000	0
TGIF1	4	4.6498e-01	5.1682e-01	1.000000	0
LYZ	4	4.6501e-01	5.1682e-01	1.000000	0
HAT1	4	4.6505e-01	5.1682e-01	1.000000	0
THOP1	4	4.6508e-01	5.1682e-01	1.000000	0
C7orf31	4	4.6511e-01	5.1682e-01	1.000000	0
SLC10A5	4	4.6518e-01	5.1682e-01	1.000000	0
FAM167A	4	4.6521e-01	5.1682e-01	1.000000	0
BIRC3	4	4.6527e-01	5.1682e-01	1.000000	0
KHNYN	4	4.6531e-01	5.1682e-01	1.000000	0
CMKLR1	4	4.6534e-01	5.1682e-01	1.000000	0
KRTAP10-3	4	4.6540e-01	5.1682e-01	1.000000	0
TYW3	4	4.6544e-01	5.1682e-01	1.000000	0
CIB4	4	4.6556e-01	5.1682e-01	1.000000	0
BCL6B	4	4.6560e-01	5.1682e-01	1.000000	0
PPP6R1	4	4.6563e-01	5.1682e-01	1.000000	0
DLX6	4	4.6566e-01	5.1682e-01	1.000000	0
DHODH	4	4.6582e-01	5.1682e-01	1.000000	0
OR1N1	4	4.6586e-01	5.1682e-01	1.000000	0
OR3A3	4	4.6602e-01	5.1682e-01	1.000000	0
COX6B2	4	4.6605e-01	5.1682e-01	1.000000	0
MIA	4	4.6611e-01	5.1682e-01	1.000000	0
TRIM38	4	4.6621e-01	5.1682e-01	1.000000	0
BTAF1	4	4.6624e-01	5.1682e-01	1.000000	0
DNAJB4	4	4.6628e-01	5.1682e-01	1.000000	0
LKAAEAR1	4	4.6634e-01	5.1682e-01	1.000000	0
P2RY14	4	4.6637e-01	5.1682e-01	1.000000	0
CDC25A	4	4.6644e-01	5.1682e-01	1.000000	0
PKLR	4	4.6657e-01	5.1682e-01	1.000000	0
ACOXL	4	4.6666e-01	5.1682e-01	1.000000	0
KIAA0922	4	4.6676e-01	5.1682e-01	1.000000	0
SPP1	4	4.6683e-01	5.1682e-01	1.000000	0
PRDX1	4	4.6686e-01	5.1682e-01	1.000000	0
COL20A1	4	4.6689e-01	5.1682e-01	1.000000	0
HNRNPUL1	4	4.6692e-01	5.1682e-01	1.000000	0
RAPGEF1	4	4.6696e-01	5.1682e-01	1.000000	0
TDRD9	4	4.6699e-01	5.1682e-01	1.000000	0
SELPLG	4	4.6705e-01	5.1918e-01	1.000000	0
IL13RA1	4	4.6708e-01	5.1918e-01	1.000000	0
POMGNT2	4	4.6715e-01	5.2151e-01	1.000000	0
ADRA1A	4	4.6718e-01	5.2151e-01	1.000000	0
NCALD	4	4.6725e-01	5.2151e-01	1.000000	0
CTSG	4	4.6741e-01	5.2151e-01	1.000000	0
NT5C	4	4.6754e-01	5.2151e-01	1.000000	0
OR1S1	4	4.6760e-01	5.2151e-01	1.000000	0
MVK	4	4.6763e-01	5.2151e-01	1.000000	0
CTAG1B	4	4.6767e-01	5.2151e-01	1.000000	0
LOC729159	4	4.6770e-01	5.2151e-01	1.000000	0
ANAPC13	4	4.6775e-01	5.2151e-01	1.000000	0
OR5AK2	4	4.6783e-01	5.2151e-01	1.000000	0
RELT	4	4.6792e-01	5.2151e-01	1.000000	0
UBOX5	4	4.6796e-01	5.2151e-01	1.000000	0
TMEM232	4	4.6799e-01	5.2151e-01	1.000000	0
MROH1	4	4.6802e-01	5.2151e-01	1.000000	0
SEC61A2	4	4.6805e-01	5.2151e-01	1.000000	0
KNCN	4	4.6808e-01	5.2151e-01	1.000000	0
FCN3	4	4.6828e-01	5.2151e-01	1.000000	0
BCL7A	4	4.6831e-01	5.2151e-01	1.000000	0
CIB2	4	4.6841e-01	5.2151e-01	1.000000	0
VN1R4	4	4.6846e-01	5.2151e-01	1.000000	0
UACA	4	4.6854e-01	5.2151e-01	1.000000	0
DMAP1	4	4.6857e-01	5.2151e-01	1.000000	0
POLH	4	4.6860e-01	5.2151e-01	1.000000	0
RHBDF2	4	4.6863e-01	5.2151e-01	1.000000	0
SPESP1	4	4.6867e-01	5.2151e-01	1.000000	0
TMEM50B	4	4.6870e-01	5.2151e-01	1.000000	0
MCOLN3	4	4.6876e-01	5.2151e-01	1.000000	0
CST2	4	4.6883e-01	5.2151e-01	1.000000	0
MSH4	4	4.6886e-01	5.2151e-01	1.000000	0
CRHR1	4	4.6889e-01	5.2151e-01	1.000000	0
C6orf141	4	4.6892e-01	5.2151e-01	1.000000	0
PGAP1	4	4.6899e-01	5.2151e-01	1.000000	0
FAM219A	4	4.6905e-01	5.2151e-01	1.000000	0
CSNK2A2	4	4.6908e-01	5.2151e-01	1.000000	0
C16orf96	4	4.6915e-01	5.2151e-01	1.000000	0
AHSG	4	4.6924e-01	5.2151e-01	1.000000	0
CYP2B6	4	4.6928e-01	5.2151e-01	1.000000	0
XAGE5	4	4.6931e-01	5.2151e-01	1.000000	0
SECTM1	4	4.6937e-01	5.2151e-01	1.000000	0
CTDSP2	4	4.6941e-01	5.2151e-01	1.000000	0
CD2BP2	4	4.6944e-01	5.2151e-01	1.000000	0
AOC2	4	4.6953e-01	5.2385e-01	1.000000	0
KLF17	4	4.6960e-01	5.2385e-01	1.000000	0
GRTP1	4	4.6963e-01	5.2385e-01	1.000000	0
LUZP4	4	4.6966e-01	5.2385e-01	1.000000	0
THNSL1	4	4.6970e-01	5.2385e-01	1.000000	0
CCDC178	4	4.6973e-01	5.2385e-01	1.000000	0
EDNRB	4	4.6976e-01	5.2385e-01	1.000000	0
RAB14	4	4.6979e-01	5.2385e-01	1.000000	0
CAPN3	4	4.6982e-01	5.2385e-01	1.000000	0
PHKA2	4	4.6986e-01	5.2385e-01	1.000000	0
TXLNB	4	4.6989e-01	5.2385e-01	1.000000	0
SYNCRIP	4	4.6995e-01	5.2385e-01	1.000000	0
USH1C	4	4.7008e-01	5.2385e-01	1.000000	0
U2AF1L4	4	4.7011e-01	5.2385e-01	1.000000	0
CD44	4	4.7018e-01	5.2385e-01	1.000000	0
TMOD3	4	4.7024e-01	5.2385e-01	1.000000	0
IDUA	4	4.7031e-01	5.2385e-01	1.000000	0
MRPS11	4	4.7034e-01	5.2385e-01	1.000000	0
NLRC5	4	4.7037e-01	5.2385e-01	1.000000	0
CFAP58	4	4.7040e-01	5.2385e-01	1.000000	0
SLC4A5	4	4.7047e-01	5.2613e-01	1.000000	0
BEX2	4	4.7050e-01	5.2613e-01	1.000000	0
PCDH10	4	4.7053e-01	5.2613e-01	1.000000	0
MUC16	4	4.7063e-01	5.2839e-01	1.000000	0
PPAT	4	4.7069e-01	5.2839e-01	1.000000	0
OTOGL	4	4.7076e-01	5.2839e-01	1.000000	0
CCL26	4	4.7079e-01	5.2839e-01	1.000000	0
MAGEF1	4	4.7082e-01	5.2839e-01	1.000000	0
DNAH7	4	4.7089e-01	5.2839e-01	1.000000	0
CHTF8	4	4.7095e-01	5.2839e-01	1.000000	0
SLC1A3	4	4.7098e-01	5.2839e-01	1.000000	0
TSGA10	4	4.7101e-01	5.2839e-01	1.000000	0
TRDMT1	4	4.7106e-01	5.2839e-01	1.000000	0
FUT2	4	4.7111e-01	5.2839e-01	1.000000	0
COL28A1	4	4.7117e-01	5.2839e-01	1.000000	0
TDRD3	4	4.7124e-01	5.2839e-01	1.000000	0
CA5A	4	4.7127e-01	5.2839e-01	1.000000	0
ZNF132	4	4.7130e-01	5.2839e-01	1.000000	0
CCNG1	4	4.7133e-01	5.2839e-01	1.000000	0
TMEM225	4	4.7137e-01	5.2839e-01	1.000000	0
TPGS1	4	4.7140e-01	5.2839e-01	1.000000	0
TP53TG3	4	4.7145e-01	5.2839e-01	1.000000	0
RAB8A	4	4.7150e-01	5.2839e-01	1.000000	0
ASIC2	4	4.7153e-01	5.2839e-01	1.000000	0
S1PR4	4	4.7159e-01	5.2839e-01	1.000000	0
MTPN	4	4.7162e-01	5.2839e-01	1.000000	0
C3orf14	4	4.7166e-01	5.2839e-01	1.000000	0
UCHL3	4	4.7175e-01	5.2839e-01	1.000000	0
TSPAN15	4	4.7178e-01	5.2839e-01	1.000000	0
FTSJ1	4	4.7185e-01	5.2839e-01	1.000000	0
ZNF616	4	4.7198e-01	5.2839e-01	1.000000	0
OTOR	4	4.7201e-01	5.2839e-01	1.000000	0
PTK6	4	4.7204e-01	5.2839e-01	1.000000	0
GSTO1	4	4.7214e-01	5.2839e-01	1.000000	0
FAM133A	4	4.7227e-01	5.2839e-01	1.000000	0
FGF16	4	4.7230e-01	5.2839e-01	1.000000	0
DNAJC7	4	4.7239e-01	5.2839e-01	1.000000	0
EIF2AK2	4	4.7246e-01	5.2839e-01	1.000000	0
COL6A3	4	4.7249e-01	5.2839e-01	1.000000	0
OR4M1	4	4.7259e-01	5.2839e-01	1.000000	0
DUSP12	4	4.7268e-01	5.2839e-01	1.000000	0
FAM26D	4	4.7281e-01	5.2839e-01	1.000000	0
CPNE3	4	4.7284e-01	5.2839e-01	1.000000	0
LIN7B	4	4.7287e-01	5.2839e-01	1.000000	0
IL17REL	4	4.7294e-01	5.2839e-01	1.000000	0
CPNE7	4	4.7300e-01	5.2839e-01	1.000000	0
ITPRIPL1	4	4.7307e-01	5.2839e-01	1.000000	0
RQCD1	4	4.7316e-01	5.2839e-01	1.000000	0
EPB41	4	4.7319e-01	5.2839e-01	1.000000	0
RAX	4	4.7323e-01	5.2839e-01	1.000000	0
CRKL	4	4.7326e-01	5.2839e-01	1.000000	0
COX19	4	4.7335e-01	5.2839e-01	1.000000	0
ZNF570	4	4.7339e-01	5.2839e-01	1.000000	0
DOC2A	4	4.7345e-01	5.2839e-01	1.000000	0
DNAH8	4	4.7348e-01	5.2839e-01	1.000000	0
TSPAN7	4	4.7351e-01	5.2839e-01	1.000000	0
UBASH3A	4	4.7367e-01	5.2839e-01	1.000000	0
TANC2	4	4.7371e-01	5.2839e-01	1.000000	0
PDE5A	4	4.7374e-01	5.2839e-01	1.000000	0
OR5AC2	4	4.7377e-01	5.2839e-01	1.000000	0
WIPF2	4	4.7380e-01	5.2839e-01	1.000000	0
MINPP1	4	4.7387e-01	5.2839e-01	1.000000	0
NAGPA	4	4.7396e-01	5.2839e-01	1.000000	0
LRRC70	4	4.7399e-01	5.2839e-01	1.000000	0
RNF144A	4	4.7407e-01	5.2839e-01	1.000000	0
FGF6	4	4.7415e-01	5.2839e-01	1.000000	0
SLC15A5	4	4.7422e-01	5.2839e-01	1.000000	0
SSTR4	4	4.7431e-01	5.2839e-01	1.000000	0
ASB2	4	4.7435e-01	5.2839e-01	1.000000	0
FAM169B	4	4.7441e-01	5.2839e-01	1.000000	0
LIMD1	4	4.7447e-01	5.2839e-01	1.000000	0
TEF	4	4.7451e-01	5.2839e-01	1.000000	0
HSD17B6	4	4.7454e-01	5.2839e-01	1.000000	0
GPLD1	4	4.7463e-01	5.2839e-01	1.000000	0
RARA	4	4.7467e-01	5.2839e-01	1.000000	0
ACAN	4	4.7473e-01	5.2839e-01	1.000000	0
ZNF473	4	4.7476e-01	5.2839e-01	1.000000	0
IGF1	4	4.7479e-01	5.2839e-01	1.000000	0
WDR12	4	4.7483e-01	5.2839e-01	1.000000	0
NEXN	4	4.7486e-01	5.2839e-01	1.000000	0
HEXIM2	4	4.7495e-01	5.3060e-01	1.000000	0
EXOC3L1	4	4.7499e-01	5.3060e-01	1.000000	0
CST8	4	4.7502e-01	5.3060e-01	1.000000	0
ACER2	4	4.7505e-01	5.3060e-01	1.000000	0
SULT6B1	4	4.7508e-01	5.3060e-01	1.000000	0
LCOR	4	4.7511e-01	5.3060e-01	1.000000	0
RAP2B	4	4.7518e-01	5.3060e-01	1.000000	0
ZIC2	4	4.7521e-01	5.3060e-01	1.000000	0
TRAPPC10	4	4.7530e-01	5.3060e-01	1.000000	0
ARMC5	4	4.7546e-01	5.3060e-01	1.000000	0
OR1S2	4	4.7550e-01	5.3060e-01	1.000000	0
AQP12A	4	4.7553e-01	5.3060e-01	1.000000	0
HIST1H2BE	4	4.7566e-01	5.3060e-01	1.000000	0
CDH5	4	4.7572e-01	5.3060e-01	1.000000	0
RNASE3	4	4.7578e-01	5.3060e-01	1.000000	0
ZC2HC1B	4	4.7585e-01	5.3060e-01	1.000000	0
KCNU1	4	4.7594e-01	5.3060e-01	1.000000	0
RNF217	4	4.7610e-01	5.3060e-01	1.000000	0
GZMA	4	4.7613e-01	5.3060e-01	1.000000	0
PCDHA12	4	4.7617e-01	5.3060e-01	1.000000	0
GPRC6A	4	4.7626e-01	5.3060e-01	1.000000	0
KMO	4	4.7633e-01	5.3060e-01	1.000000	0
DNER	4	4.7645e-01	5.3060e-01	1.000000	0
ERP27	4	4.7648e-01	5.3060e-01	1.000000	0
GNMT	4	4.7652e-01	5.3060e-01	1.000000	0
ZNF286A	4	4.7658e-01	5.3060e-01	1.000000	0
OR4K14	4	4.7674e-01	5.3288e-01	1.000000	0
ITGA3	4	4.7677e-01	5.3288e-01	1.000000	0
TYR	4	4.7684e-01	5.3288e-01	1.000000	0
LYRM1	4	4.7687e-01	5.3288e-01	1.000000	0
ZNF302	4	4.7696e-01	5.3288e-01	1.000000	0
STX17	4	4.7699e-01	5.3288e-01	1.000000	0
RD3	4	4.7703e-01	5.3288e-01	1.000000	0
FAM86C1	4	4.7712e-01	5.3288e-01	1.000000	0
SESN3	4	4.7715e-01	5.3288e-01	1.000000	0
GSKIP	4	4.7731e-01	5.3288e-01	1.000000	0
TMPRSS12	4	4.7734e-01	5.3288e-01	1.000000	0
TNFAIP6	4	4.7738e-01	5.3288e-01	1.000000	0
GARNL3	4	4.7741e-01	5.3288e-01	1.000000	0
DYRK4	4	4.7744e-01	5.3288e-01	1.000000	0
GPR141	4	4.7750e-01	5.3288e-01	1.000000	0
APOBEC2	4	4.7757e-01	5.3288e-01	1.000000	0
ST6GAL1	4	4.7760e-01	5.3288e-01	1.000000	0
ZNF396	4	4.7763e-01	5.3288e-01	1.000000	0
NLRP4	4	4.7769e-01	5.3288e-01	1.000000	0
PPP1R37	4	4.7776e-01	5.3288e-01	1.000000	0
MAGEB17	4	4.7782e-01	5.3288e-01	1.000000	0
GDF11	4	4.7785e-01	5.3288e-01	1.000000	0
GAGE2B	4	4.7789e-01	5.3288e-01	1.000000	0
FAM71B	4	4.7792e-01	5.3288e-01	1.000000	0
CORO7	4	4.7801e-01	5.3513e-01	1.000000	0
METTL7B	4	4.7804e-01	5.3513e-01	1.000000	0
TEKT1	4	4.7808e-01	5.3513e-01	1.000000	0
SLC16A6	4	4.7814e-01	5.3513e-01	1.000000	0
GLB1L3	4	4.7817e-01	5.3513e-01	1.000000	0
NOXO1	4	4.7820e-01	5.3513e-01	1.000000	0
MSMP	4	4.7824e-01	5.3513e-01	1.000000	0
SEPTIN5	4	4.7827e-01	5.3513e-01	1.000000	0
MGAT2	4	4.7830e-01	5.3513e-01	1.000000	0
NECAB2	4	4.7836e-01	5.3513e-01	1.000000	0
SLC26A3	4	4.7839e-01	5.3513e-01	1.000000	0
SLC7A3	4	4.7843e-01	5.3513e-01	1.000000	0
GHDC	4	4.7846e-01	5.3513e-01	1.000000	0
DIXDC1	4	4.7849e-01	5.3513e-01	1.000000	0
CCDC92	4	4.7858e-01	5.3513e-01	1.000000	0
CPNE6	4	4.7862e-01	5.3513e-01	1.000000	0
TDRD7	4	4.7865e-01	5.3513e-01	1.000000	0
KLF2	4	4.7878e-01	5.3513e-01	1.000000	0
ZNF24	4	4.7881e-01	5.3513e-01	1.000000	0
POC1B-GALNT4	4	4.7884e-01	5.3513e-01	1.000000	0
SBK2	4	4.7887e-01	5.3513e-01	1.000000	0
DRD3	4	4.7900e-01	5.3513e-01	1.000000	0
GPR25	4	4.7903e-01	5.3513e-01	1.000000	0
USP11	4	4.7906e-01	5.3513e-01	1.000000	0
MRPL3	4	4.7909e-01	5.3513e-01	1.000000	0
CSNK1G2	4	4.7912e-01	5.3513e-01	1.000000	0
PABPC4L	4	4.7925e-01	5.3513e-01	1.000000	0
DHRS12	4	4.7928e-01	5.3513e-01	1.000000	0
SLC22A7	3	4.7931e-01	6.1321e-01	1.000000	0
SCTR	4	4.7932e-01	5.3513e-01	1.000000	0
PDE8A	4	4.7935e-01	5.3513e-01	1.000000	0
LRCH4	4	4.7947e-01	5.3513e-01	1.000000	0
PRY2	4	4.7957e-01	5.3513e-01	1.000000	0
MFHAS1	4	4.7960e-01	5.3513e-01	1.000000	0
BLID	4	4.7963e-01	5.3513e-01	1.000000	0
ALKBH5	4	4.7973e-01	5.3513e-01	1.000000	0
NYNRIN	4	4.7979e-01	5.3513e-01	1.000000	0
ZDHHC6	4	4.7982e-01	5.3513e-01	1.000000	0
VSTM2L	4	4.7985e-01	5.3513e-01	1.000000	0
NPHS1	4	4.7992e-01	5.3513e-01	1.000000	0
NUBPL	4	4.8001e-01	5.3513e-01	1.000000	0
ATP6V1E2	4	4.8005e-01	5.3513e-01	1.000000	0
FTMT	4	4.8008e-01	5.3513e-01	1.000000	0
PDZD4	4	4.8011e-01	5.3513e-01	1.000000	0
ADGRL1	4	4.8014e-01	5.3513e-01	1.000000	0
GPR137	4	4.8020e-01	5.3513e-01	1.000000	0
COTL1	4	4.8024e-01	5.3513e-01	1.000000	0
KRTAP5-11	4	4.8030e-01	5.3513e-01	1.000000	0
HADHB	4	4.8043e-01	5.3740e-01	1.000000	0
KIF27	4	4.8046e-01	5.3740e-01	1.000000	0
SLC17A5	4	4.8049e-01	5.3740e-01	1.000000	0
MCU	4	4.8055e-01	5.3740e-01	1.000000	0
ZFAND1	4	4.8058e-01	5.3740e-01	1.000000	0
TMEM200B	4	4.8068e-01	5.3740e-01	1.000000	0
ZP3	4	4.8076e-01	5.3740e-01	1.000000	0
BZW1	4	4.8076e-01	5.3740e-01	1.000000	0
C19orf57	4	4.8084e-01	5.3740e-01	1.000000	0
RALA	4	4.8090e-01	5.3740e-01	1.000000	0
MALRD1	4	4.8095e-01	5.3740e-01	1.000000	0
CFL2	4	4.8106e-01	5.3740e-01	1.000000	0
STRADA	4	4.8122e-01	5.3740e-01	1.000000	0
ARL13B	4	4.8128e-01	5.3740e-01	1.000000	0
LCT	4	4.8131e-01	5.3740e-01	1.000000	0
HIST1H1D	4	4.8144e-01	5.3740e-01	1.000000	0
RNF185	4	4.8147e-01	5.3740e-01	1.000000	0
SERPINA3	4	4.8153e-01	5.3740e-01	1.000000	0
COL4A5	4	4.8157e-01	5.3740e-01	1.000000	0
OR10T2	4	4.8160e-01	5.3740e-01	1.000000	0
MYCT1	4	4.8163e-01	5.3740e-01	1.000000	0
EVA1C	4	4.8172e-01	5.3740e-01	1.000000	0
ZNF362	4	4.8179e-01	5.3740e-01	1.000000	0
MCC	4	4.8188e-01	5.3740e-01	1.000000	0
ACP5	4	4.8198e-01	5.3740e-01	1.000000	0
CHST12	4	4.8201e-01	5.3740e-01	1.000000	0
OR1C1	4	4.8206e-01	5.3741e-01	1.000000	0
ELOVL4	4	4.8210e-01	5.3741e-01	1.000000	0
STK36	4	4.8217e-01	5.3741e-01	1.000000	0
GPR68	4	4.8223e-01	5.3741e-01	1.000000	0
RBM19	4	4.8226e-01	5.3741e-01	1.000000	0
ICE2	4	4.8229e-01	5.3741e-01	1.000000	0
CCDC38	4	4.8234e-01	5.3741e-01	1.000000	0
OR5D16	4	4.8239e-01	5.3741e-01	1.000000	0
GADL1	4	4.8245e-01	5.3741e-01	1.000000	0
ELOVL6	4	4.8251e-01	5.3741e-01	1.000000	0
USP25	4	4.8255e-01	5.3741e-01	1.000000	0
MAD1L1	4	4.8258e-01	5.3741e-01	1.000000	0
C11orf85	4	4.8261e-01	5.3741e-01	1.000000	0
VPS18	4	4.8264e-01	5.3741e-01	1.000000	0
CCDC23	4	4.8267e-01	5.3741e-01	1.000000	0
PATE4	4	4.8270e-01	5.3741e-01	1.000000	0
KRTAP7-1	4	4.8273e-01	5.3741e-01	1.000000	0
RCBTB1	4	4.8280e-01	5.3741e-01	1.000000	0
SFRP2	4	4.8283e-01	5.3741e-01	1.000000	0
GSTO2	4	4.8289e-01	5.3741e-01	1.000000	0
PPP1R17	4	4.8296e-01	5.3741e-01	1.000000	0
GDPGP1	4	4.8299e-01	5.3741e-01	1.000000	0
NPW	4	4.8302e-01	5.3741e-01	1.000000	0
USP27X	4	4.8305e-01	5.3741e-01	1.000000	0
C17orf62	4	4.8308e-01	5.3741e-01	1.000000	0
CREB3L3	4	4.8311e-01	5.3741e-01	1.000000	0
ARHGAP15	4	4.8318e-01	5.3741e-01	1.000000	0
ATP6V0D2	4	4.8321e-01	5.3741e-01	1.000000	0
SCNN1D	4	4.8324e-01	5.3741e-01	1.000000	0
SPAG7	4	4.8327e-01	5.3741e-01	1.000000	0
ATXN7L1	4	4.8340e-01	5.3741e-01	1.000000	0
ZFAND2A	4	4.8349e-01	5.3741e-01	1.000000	0
BTG2	4	4.8359e-01	5.3741e-01	1.000000	0
PLAC1	4	4.8362e-01	5.3741e-01	1.000000	0
TMEM74	4	4.8365e-01	5.3741e-01	1.000000	0
DCUN1D5	4	4.8371e-01	5.3968e-01	1.000000	0
ALPI	4	4.8378e-01	5.3968e-01	1.000000	0
ALOXE3	4	4.8384e-01	5.3968e-01	1.000000	0
MESDC1	4	4.8393e-01	5.3968e-01	1.000000	0
C4orf36	4	4.8400e-01	5.3968e-01	1.000000	0
TAOK3	4	4.8406e-01	5.3968e-01	1.000000	0
SLC16A9	4	4.8412e-01	5.3968e-01	1.000000	0
TNFRSF11B	4	4.8415e-01	5.3968e-01	1.000000	0
C7orf43	4	4.8419e-01	5.3968e-01	1.000000	0
LOC100996634	4	4.8425e-01	5.3968e-01	1.000000	0
FFAR3	4	4.8431e-01	5.3968e-01	1.000000	0
FLT3	4	4.8438e-01	5.3968e-01	1.000000	0
CRH	4	4.8441e-01	5.3968e-01	1.000000	0
RBMS1	4	4.8444e-01	5.3968e-01	1.000000	0
PRDM1	4	4.8447e-01	5.3968e-01	1.000000	0
SLC45A2	4	4.8450e-01	5.3968e-01	1.000000	0
FAM13C	4	4.8464e-01	5.3968e-01	1.000000	0
ALDH8A1	4	4.8469e-01	5.3968e-01	1.000000	0
KRTAP10-8	4	4.8475e-01	5.3968e-01	1.000000	0
MFAP5	4	4.8482e-01	5.3968e-01	1.000000	0
HES4	4	4.8485e-01	5.3968e-01	1.000000	0
PRKAB1	4	4.8497e-01	5.3968e-01	1.000000	0
KIAA2012	4	4.8501e-01	5.3968e-01	1.000000	0
DNPH1	4	4.8504e-01	5.3968e-01	1.000000	0
HMGN1	4	4.8507e-01	5.3968e-01	1.000000	0
ANKRD60	4	4.8510e-01	5.3968e-01	1.000000	0
C20orf27	4	4.8513e-01	5.3968e-01	1.000000	0
LMTK3	4	4.8519e-01	5.3968e-01	1.000000	0
HPSE	4	4.8523e-01	5.3968e-01	1.000000	0
ZSWIM1	4	4.8529e-01	5.3968e-01	1.000000	0
LBX2	4	4.8532e-01	5.3968e-01	1.000000	0
OR10A4	4	4.8535e-01	5.3968e-01	1.000000	0
MC1R	4	4.8541e-01	5.3968e-01	1.000000	0
PRLHR	4	4.8545e-01	5.3968e-01	1.000000	0
C8orf48	4	4.8548e-01	5.3968e-01	1.000000	0
ZNF384	4	4.8557e-01	5.3968e-01	1.000000	0
ACSL6	4	4.8560e-01	5.3968e-01	1.000000	0
ZHX1	4	4.8563e-01	5.3968e-01	1.000000	0
TOMM22	4	4.8567e-01	5.3968e-01	1.000000	0
ZMAT5	4	4.8573e-01	5.3968e-01	1.000000	0
KCTD20	4	4.8576e-01	5.3968e-01	1.000000	0
SGCD	4	4.8582e-01	5.3968e-01	1.000000	0
SLC26A4	4	4.8585e-01	5.3968e-01	1.000000	0
NIPAL2	4	4.8595e-01	5.4407e-01	1.000000	0
OR6F1	4	4.8598e-01	5.4407e-01	1.000000	0
HN1L	4	4.8614e-01	5.4407e-01	1.000000	0
ST8SIA6	4	4.8623e-01	5.4407e-01	1.000000	0
BCO1	4	4.8626e-01	5.4407e-01	1.000000	0
SGSM2	4	4.8629e-01	5.4407e-01	1.000000	0
ANKH	4	4.8636e-01	5.4633e-01	1.000000	0
RASA2	4	4.8639e-01	5.4633e-01	1.000000	0
MRGPRX2	4	4.8648e-01	5.4633e-01	1.000000	0
SLC22A31	4	4.8661e-01	5.4633e-01	1.000000	0
DPT	4	4.8664e-01	5.4633e-01	1.000000	0
MAGEA9	4	4.8670e-01	5.4633e-01	1.000000	0
NGFRAP1	4	4.8686e-01	5.4855e-01	1.000000	0
CCR8	4	4.8695e-01	5.4855e-01	1.000000	0
SLC15A2	4	4.8705e-01	5.4855e-01	1.000000	0
SYT5	4	4.8711e-01	5.4855e-01	1.000000	0
LHPP	4	4.8714e-01	5.4855e-01	1.000000	0
WASF2	4	4.8717e-01	5.4855e-01	1.000000	0
C5orf66	4	4.8721e-01	5.4855e-01	1.000000	0
PLK3	4	4.8724e-01	5.4855e-01	1.000000	0
DENND4B	4	4.8730e-01	5.5076e-01	1.000000	0
PUM2	4	4.8735e-01	5.5076e-01	1.000000	0
DMRTA1	4	4.8735e-01	5.5076e-01	1.000000	0
EXOC7	4	4.8739e-01	5.5076e-01	1.000000	0
JRKL	4	4.8746e-01	5.5076e-01	1.000000	0
SLC35F1	4	4.8755e-01	5.5076e-01	1.000000	0
C10orf131	4	4.8758e-01	5.5076e-01	1.000000	0
STAMBP	4	4.8761e-01	5.5076e-01	1.000000	0
IGF2BP3	4	4.8777e-01	5.5296e-01	1.000000	0
PIAS3	4	4.8780e-01	5.5296e-01	1.000000	0
WNK2	4	4.8786e-01	5.5296e-01	1.000000	0
RIPK3	4	4.8790e-01	5.5296e-01	1.000000	0
STS	3	4.8795e-01	6.2429e-01	1.000000	0
SLC38A5	4	4.8799e-01	5.5296e-01	1.000000	0
A2M	4	4.8807e-01	5.5296e-01	1.000000	0
FGF1	4	4.8815e-01	5.5296e-01	1.000000	0
TALDO1	4	4.8821e-01	5.5296e-01	1.000000	0
JAKMIP1	4	4.8827e-01	5.5296e-01	1.000000	0
RGS11	4	4.8830e-01	5.5296e-01	1.000000	0
ABHD5	4	4.8833e-01	5.5296e-01	1.000000	0
PARD3	4	4.8837e-01	5.5296e-01	1.000000	0
LRRC55	4	4.8840e-01	5.5296e-01	1.000000	0
BNC2	4	4.8846e-01	5.5513e-01	1.000000	0
CLEC12B	4	4.8852e-01	5.5513e-01	1.000000	0
CDY1B	4	4.8855e-01	5.5513e-01	1.000000	0
ATG7	4	4.8858e-01	5.5513e-01	1.000000	0
ZNF48	4	4.8868e-01	5.5513e-01	1.000000	0
CHRDL2	4	4.8871e-01	5.5513e-01	1.000000	0
PITPNA	4	4.8877e-01	5.5513e-01	1.000000	0
MYLK	4	4.8887e-01	5.5513e-01	1.000000	0
NRBP2	4	4.8893e-01	5.5513e-01	1.000000	0
CATSPERB	4	4.8902e-01	5.5513e-01	1.000000	0
SKI	4	4.8905e-01	5.5513e-01	1.000000	0
HAPLN2	4	4.8909e-01	5.5513e-01	1.000000	0
C2orf66	4	4.8918e-01	5.5513e-01	1.000000	0
ALDH3A1	4	4.8924e-01	5.5513e-01	1.000000	0
STXBP5	4	4.8929e-01	5.5513e-01	1.000000	0
HIST1H4I	4	4.8929e-01	5.5513e-01	1.000000	0
ACSM2B	4	4.8938e-01	5.5513e-01	1.000000	0
SUCO	4	4.8946e-01	5.5513e-01	1.000000	0
MKKS	4	4.8952e-01	5.5513e-01	1.000000	0
CLN6	4	4.8955e-01	5.5513e-01	1.000000	0
ZNF597	4	4.8962e-01	5.5513e-01	1.000000	0
NEK11	4	4.8965e-01	5.5513e-01	1.000000	0
USH2A	4	4.8968e-01	5.5513e-01	1.000000	0
ZNF780A	4	4.8974e-01	5.5513e-01	1.000000	0
CTNNA3	4	4.8980e-01	5.5513e-01	1.000000	0
SPN	4	4.8984e-01	5.5513e-01	1.000000	0
HLF	4	4.8987e-01	5.5513e-01	1.000000	0
SFT2D2	4	4.8993e-01	5.5513e-01	1.000000	0
MAP4K1	4	4.8996e-01	5.5513e-01	1.000000	0
BAALC	4	4.9002e-01	5.5513e-01	1.000000	0
GNAT3	4	4.9005e-01	5.5513e-01	1.000000	0
LCE1B	4	4.9009e-01	5.5513e-01	1.000000	0
ME1	4	4.9015e-01	5.5513e-01	1.000000	0
SLC10A4	4	4.9021e-01	5.5513e-01	1.000000	0
RIMKLB	4	4.9030e-01	5.5513e-01	1.000000	0
KRTAP19-1	4	4.9040e-01	5.5513e-01	1.000000	0
FAM9C	4	4.9046e-01	5.5513e-01	1.000000	0
PPP1R2	4	4.9049e-01	5.5513e-01	1.000000	0
MUTYH	4	4.9052e-01	5.5513e-01	1.000000	0
LOC100130451	4	4.9059e-01	5.5513e-01	1.000000	0
KIF16B	4	4.9062e-01	5.5513e-01	1.000000	0
ASIC5	4	4.9071e-01	5.5513e-01	1.000000	0
PCBP4	4	4.9093e-01	5.5513e-01	1.000000	0
OR8G5	4	4.9096e-01	5.5513e-01	1.000000	0
IL1RL1	4	4.9115e-01	5.5513e-01	1.000000	0
AXIN2	4	4.9121e-01	5.5513e-01	1.000000	0
MAGEB18	4	4.9124e-01	5.5513e-01	1.000000	0
SIRT5	3	4.9128e-01	6.3192e-01	1.000000	0
ZNF268	4	4.9130e-01	5.5513e-01	1.000000	0
SEMG1	4	4.9133e-01	5.5513e-01	1.000000	0
TBC1D9	4	4.9143e-01	5.5513e-01	1.000000	0
CCDC57	4	4.9146e-01	5.5513e-01	1.000000	0
SEPTIN6	4	4.9152e-01	5.5513e-01	1.000000	0
ATXN7	4	4.9158e-01	5.5513e-01	1.000000	0
GABRD	4	4.9162e-01	5.5513e-01	1.000000	0
ADAMTS6	4	4.9165e-01	5.5513e-01	1.000000	0
FASTK	4	4.9171e-01	5.5726e-01	1.000000	0
ARC	4	4.9174e-01	5.5726e-01	1.000000	0
BMP2	4	4.9179e-01	5.5726e-01	1.000000	0
ZNF716	4	4.9179e-01	5.5726e-01	1.000000	0
SDHC	4	4.9208e-01	5.5726e-01	1.000000	0
ADAM12	4	4.9211e-01	5.5726e-01	1.000000	0
TRIM59	4	4.9215e-01	5.5726e-01	1.000000	0
RNASEL	4	4.9218e-01	5.5726e-01	1.000000	0
PRKCDBP	4	4.9224e-01	5.5726e-01	1.000000	0
RAB41	4	4.9227e-01	5.5726e-01	1.000000	0
C1orf226	4	4.9233e-01	5.5726e-01	1.000000	0
TSPAN13	4	4.9246e-01	5.5726e-01	1.000000	0
GRK4	4	4.9249e-01	5.5726e-01	1.000000	0
KCNC2	4	4.9252e-01	5.5726e-01	1.000000	0
PLGRKT	4	4.9255e-01	5.5726e-01	1.000000	0
LTN1	4	4.9258e-01	5.5726e-01	1.000000	0
JAK3	4	4.9261e-01	5.5726e-01	1.000000	0
LOC101928841	4	4.9264e-01	5.5726e-01	1.000000	0
NSUN3	4	4.9271e-01	5.5726e-01	1.000000	0
POU2F1	4	4.9274e-01	5.5726e-01	1.000000	0
KDELC1	4	4.9280e-01	5.5726e-01	1.000000	0
TSHZ3	4	4.9292e-01	5.5726e-01	1.000000	0
SYNPO2	4	4.9295e-01	5.5726e-01	1.000000	0
MBL2	4	4.9302e-01	5.5726e-01	1.000000	0
L3MBTL1	4	4.9308e-01	5.5726e-01	1.000000	0
OR2D2	4	4.9311e-01	5.5726e-01	1.000000	0
MAMSTR	4	4.9320e-01	5.5726e-01	1.000000	0
STRC	4	4.9330e-01	5.5726e-01	1.000000	0
NCCRP1	4	4.9333e-01	5.5726e-01	1.000000	0
ABCC3	4	4.9336e-01	5.5726e-01	1.000000	0
MIA2	4	4.9342e-01	5.5726e-01	1.000000	0
TCAF2	4	4.9345e-01	5.5726e-01	1.000000	0
MPP3	4	4.9358e-01	5.5726e-01	1.000000	0
SOX7	4	4.9364e-01	5.5726e-01	1.000000	0
RBM27	4	4.9367e-01	5.5726e-01	1.000000	0
OR5P3	4	4.9373e-01	5.5726e-01	1.000000	0
FSTL3	4	4.9389e-01	5.5726e-01	1.000000	0
NHLRC1	4	4.9395e-01	5.5726e-01	1.000000	0
NFATC2	4	4.9401e-01	5.5726e-01	1.000000	0
EMID1	4	4.9404e-01	5.5726e-01	1.000000	0
KBTBD11	4	4.9407e-01	5.5726e-01	1.000000	0
GRIP2	4	4.9414e-01	5.5726e-01	1.000000	0
SREBF2	4	4.9417e-01	5.5726e-01	1.000000	0
ALDH1A2	4	4.9420e-01	5.5726e-01	1.000000	0
CLRN2	4	4.9423e-01	5.5726e-01	1.000000	0
EMB	4	4.9429e-01	5.5726e-01	1.000000	0
RDH13	4	4.9435e-01	5.5726e-01	1.000000	0
CTXN3	4	4.9448e-01	5.5726e-01	1.000000	0
SATL1	4	4.9452e-01	5.5726e-01	1.000000	0
SOX18	4	4.9457e-01	5.5726e-01	1.000000	0
VCX	4	4.9463e-01	5.5726e-01	1.000000	0
TVP23C-CDRT4	4	4.9469e-01	5.5726e-01	1.000000	0
MROH2A	4	4.9473e-01	5.5726e-01	1.000000	0
SMYD4	4	4.9482e-01	5.5726e-01	1.000000	0
RAB28	4	4.9497e-01	5.5726e-01	1.000000	0
BHLHA15	4	4.9510e-01	5.5726e-01	1.000000	0
LCA5L	4	4.9522e-01	5.5938e-01	1.000000	0
LMBRD1	4	4.9525e-01	5.5938e-01	1.000000	0
USP43	4	4.9532e-01	5.5938e-01	1.000000	0
LOC100287036	4	4.9541e-01	5.5938e-01	1.000000	0
ODF3L1	4	4.9544e-01	5.5938e-01	1.000000	0
CSH2	4	4.9550e-01	5.5938e-01	1.000000	0
OR4X2	4	4.9563e-01	5.6156e-01	1.000000	0
TRIP4	4	4.9566e-01	5.6156e-01	1.000000	0
ZDHHC24	4	4.9569e-01	5.6156e-01	1.000000	0
PRDM4	4	4.9575e-01	5.6156e-01	1.000000	0
CNTRL	4	4.9578e-01	5.6156e-01	1.000000	0
SEPHS2	4	4.9581e-01	5.6156e-01	1.000000	0
SLC16A1	4	4.9584e-01	5.6156e-01	1.000000	0
ATP10D	4	4.9594e-01	5.6156e-01	1.000000	0
SEMA3C	4	4.9600e-01	5.6156e-01	1.000000	0
ZNF80	4	4.9603e-01	5.6156e-01	1.000000	0
OXCT2	4	4.9606e-01	5.6156e-01	1.000000	0
EFCAB5	4	4.9609e-01	5.6156e-01	1.000000	0
ZSCAN18	4	4.9615e-01	5.6156e-01	1.000000	0
GPAA1	4	4.9631e-01	5.6156e-01	1.000000	0
PLA2G4E	4	4.9638e-01	5.6156e-01	1.000000	0
CALCOCO1	4	4.9643e-01	5.6156e-01	1.000000	0
PDX1	4	4.9649e-01	5.6156e-01	1.000000	0
FBXW5	4	4.9652e-01	5.6156e-01	1.000000	0
CD2AP	4	4.9659e-01	5.6156e-01	1.000000	0
C11orf65	4	4.9662e-01	5.6156e-01	1.000000	0
KDM7A	4	4.9665e-01	5.6156e-01	1.000000	0
PPY	4	4.9668e-01	5.6156e-01	1.000000	0
ATP5O	4	4.9674e-01	5.6156e-01	1.000000	0
MAN2B1	4	4.9680e-01	5.6156e-01	1.000000	0
ORC3	4	4.9686e-01	5.6156e-01	1.000000	0
SYN1	4	4.9689e-01	5.6156e-01	1.000000	0
PLEKHA8	4	4.9693e-01	5.6156e-01	1.000000	0
DPY19L3	4	4.9699e-01	5.6156e-01	1.000000	0
NKG7	4	4.9702e-01	5.6156e-01	1.000000	0
PEX26	4	4.9705e-01	5.6156e-01	1.000000	0
ABRA	4	4.9711e-01	5.6156e-01	1.000000	0
UBXN11	4	4.9720e-01	5.6156e-01	1.000000	0
ING4	4	4.9733e-01	5.6156e-01	1.000000	0
TRAF3IP3	4	4.9739e-01	5.6156e-01	1.000000	0
OSBPL7	4	4.9742e-01	5.6156e-01	1.000000	0
LMNTD1	4	4.9745e-01	5.6156e-01	1.000000	0
VEZT	4	4.9770e-01	5.6156e-01	1.000000	0
AWAT1	4	4.9773e-01	5.6156e-01	1.000000	0
OR2A25	4	4.9779e-01	5.6377e-01	1.000000	0
ACE2	4	4.9782e-01	5.6377e-01	1.000000	0
SPANXA1	4	4.9785e-01	5.6377e-01	1.000000	0
PSEN2	4	4.9788e-01	5.6377e-01	1.000000	0
CYP3A7-CYP3A51P	4	4.9791e-01	5.6377e-01	1.000000	0
LRP12	4	4.9810e-01	5.6377e-01	1.000000	0
KIR2DL4	3	4.9816e-01	6.3650e-01	1.000000	0
C1orf61	4	4.9816e-01	5.6377e-01	1.000000	0
KIAA0513	4	4.9819e-01	5.6377e-01	1.000000	0
HGH1	4	4.9822e-01	5.6377e-01	1.000000	0
SOX8	4	4.9825e-01	5.6377e-01	1.000000	0
MAPK11	4	4.9829e-01	5.6377e-01	1.000000	0
FHL5	4	4.9832e-01	5.6377e-01	1.000000	0
KLRC4-KLRK1	4	4.9835e-01	5.6377e-01	1.000000	0
SLC22A9	4	4.9838e-01	5.6377e-01	1.000000	0
EMP1	4	4.9844e-01	5.6377e-01	1.000000	0
LECT2	4	4.9850e-01	5.6377e-01	1.000000	0
DNAJC28	4	4.9856e-01	5.6377e-01	1.000000	0
MAP10	4	4.9862e-01	5.6377e-01	1.000000	0
ANKLE1	4	4.9869e-01	5.6377e-01	1.000000	0
SEMA4G	4	4.9878e-01	5.6377e-01	1.000000	0
MXRA5	4	4.9884e-01	5.6377e-01	1.000000	0
RAB15	4	4.9887e-01	5.6377e-01	1.000000	0
SGOL2	4	4.9893e-01	5.6377e-01	1.000000	0
MAP3K7CL	4	4.9900e-01	5.6377e-01	1.000000	0
HNRNPL	4	4.9909e-01	5.6377e-01	1.000000	0
DNAAF1	4	4.9912e-01	5.6377e-01	1.000000	0
TUSC2	4	4.9915e-01	5.6377e-01	1.000000	0
SCGB1D4	4	4.9918e-01	5.6377e-01	1.000000	0
TRA2A	4	4.9927e-01	5.6377e-01	1.000000	0
GON4L	4	4.9938e-01	5.6377e-01	1.000000	0
PSG8	4	4.9946e-01	5.6377e-01	1.000000	0
GSTA1	4	4.9949e-01	5.6377e-01	1.000000	0
USP33	4	4.9958e-01	5.6377e-01	1.000000	0
CCDC39	4	4.9961e-01	5.6377e-01	1.000000	0
MMP20	4	4.9980e-01	5.6377e-01	1.000000	0
TSPEAR	4	4.9983e-01	5.6377e-01	1.000000	0
PGRMC1	4	4.9989e-01	5.6377e-01	1.000000	0
CCL11	4	4.9992e-01	5.6377e-01	1.000000	0
G6PC3	4	5.0007e-01	5.6591e-01	1.000000	0
UBE2R2	4	5.0017e-01	5.6809e-01	1.000000	0
NADK2	4	5.0020e-01	5.6809e-01	1.000000	0
BCL3	4	5.0023e-01	5.6809e-01	1.000000	0
VWC2	4	5.0032e-01	5.6809e-01	1.000000	0
SIAH1	4	5.0038e-01	5.6809e-01	1.000000	0
HACL1	4	5.0041e-01	5.6809e-01	1.000000	0
IRS4	4	5.0047e-01	5.6809e-01	1.000000	0
ACTL7B	4	5.0050e-01	5.6809e-01	1.000000	0
CTDSPL	4	5.0054e-01	5.6809e-01	1.000000	0
MEX3D	4	5.0060e-01	5.6809e-01	1.000000	0
RNF168	4	5.0069e-01	5.6809e-01	1.000000	0
STARD10	4	5.0072e-01	5.6809e-01	1.000000	0
GTPBP8	4	5.0075e-01	5.6809e-01	1.000000	0
ITIH3	4	5.0078e-01	5.6809e-01	1.000000	0
ZNF493	4	5.0081e-01	5.6809e-01	1.000000	0
ARPC5	4	5.0084e-01	5.6809e-01	1.000000	0
UBE2D1	4	5.0090e-01	5.6809e-01	1.000000	0
PPCS	4	5.0106e-01	5.6809e-01	1.000000	0
N4BP2L2	4	5.0112e-01	5.6809e-01	1.000000	0
MAGEB5	4	5.0115e-01	5.6809e-01	1.000000	0
TMEM145	4	5.0118e-01	5.6809e-01	1.000000	0
CLDN14	4	5.0121e-01	5.6809e-01	1.000000	0
ZNF195	4	5.0144e-01	5.6809e-01	1.000000	0
CD84	4	5.0158e-01	5.6809e-01	1.000000	0
OVOL3	4	5.0161e-01	5.6809e-01	1.000000	0
C19orf12	4	5.0167e-01	5.6809e-01	1.000000	0
TULP4	4	5.0170e-01	5.6809e-01	1.000000	0
CRYM	4	5.0173e-01	5.6809e-01	1.000000	0
KPRP	4	5.0176e-01	5.6809e-01	1.000000	0
SGTB	4	5.0180e-01	5.6809e-01	1.000000	0
DVL2	4	5.0183e-01	5.6809e-01	1.000000	0
C19orf66	4	5.0189e-01	5.7018e-01	1.000000	0
REG3A	4	5.0195e-01	5.7231e-01	1.000000	0
CLDN24	4	5.0198e-01	5.7231e-01	1.000000	0
LAIR2	4	5.0201e-01	5.7231e-01	1.000000	0
PAPSS2	4	5.0204e-01	5.7231e-01	1.000000	0
ATP8B4	4	5.0223e-01	5.7231e-01	1.000000	0
OBSL1	4	5.0229e-01	5.7231e-01	1.000000	0
ACVR1B	4	5.0235e-01	5.7231e-01	1.000000	0
CCL21	4	5.0238e-01	5.7231e-01	1.000000	0
SPZ1	4	5.0241e-01	5.7231e-01	1.000000	0
KIR3DL3	4	5.0244e-01	5.7231e-01	1.000000	0
LINGO3	4	5.0247e-01	5.7231e-01	1.000000	0
ASB9	4	5.0250e-01	5.7231e-01	1.000000	0
IL32	4	5.0253e-01	5.7231e-01	1.000000	0
CNGA1	4	5.0256e-01	5.7231e-01	1.000000	0
BRD1	4	5.0262e-01	5.7231e-01	1.000000	0
PPM1J	4	5.0265e-01	5.7231e-01	1.000000	0
ZNF83	4	5.0272e-01	5.7231e-01	1.000000	0
VPS53	4	5.0278e-01	5.7231e-01	1.000000	0
FANCM	4	5.0284e-01	5.7231e-01	1.000000	0
H1F0	4	5.0287e-01	5.7231e-01	1.000000	0
PDIA4	4	5.0290e-01	5.7231e-01	1.000000	0
OR2M7	4	5.0293e-01	5.7231e-01	1.000000	0
HPS5	4	5.0296e-01	5.7231e-01	1.000000	0
DTX3	4	5.0299e-01	5.7231e-01	1.000000	0
HS3ST5	4	5.0311e-01	5.7437e-01	1.000000	0
HESX1	4	5.0318e-01	5.7437e-01	1.000000	0
UBQLN4	4	5.0321e-01	5.7437e-01	1.000000	0
OR4P4	4	5.0330e-01	5.7650e-01	1.000000	0
ALG1L	4	5.0333e-01	5.7650e-01	1.000000	0
GJA1	4	5.0345e-01	5.7650e-01	1.000000	0
CELA2B	4	5.0348e-01	5.7650e-01	1.000000	0
C9orf163	4	5.0354e-01	5.7650e-01	1.000000	0
KCNAB1	4	5.0357e-01	5.7650e-01	1.000000	0
IDS	4	5.0364e-01	5.7650e-01	1.000000	0
SQRDL	4	5.0367e-01	5.7650e-01	1.000000	0
PAG1	3	5.0373e-01	6.4709e-01	1.000000	0
C1QTNF8	4	5.0377e-01	5.7650e-01	1.000000	0
LGR5	4	5.0385e-01	5.7862e-01	1.000000	0
TEX30	4	5.0388e-01	5.7862e-01	1.000000	0
SS18L1	4	5.0403e-01	5.8073e-01	1.000000	0
GINM1	4	5.0406e-01	5.8073e-01	1.000000	0
SPPL2B	4	5.0412e-01	5.8073e-01	1.000000	0
STXBP4	4	5.0422e-01	5.8073e-01	1.000000	0
STUB1	4	5.0425e-01	5.8073e-01	1.000000	0
SIRT1	4	5.0428e-01	5.8073e-01	1.000000	0
CNFN	4	5.0431e-01	5.8073e-01	1.000000	0
FAM184B	4	5.0434e-01	5.8073e-01	1.000000	0
POTEA	4	5.0437e-01	5.8073e-01	1.000000	0
OR4C3	4	5.0440e-01	5.8073e-01	1.000000	0
DSG3	4	5.0446e-01	5.8073e-01	1.000000	0
LINGO4	4	5.0449e-01	5.8073e-01	1.000000	0
RASSF2	4	5.0452e-01	5.8073e-01	1.000000	0
KNTC1	4	5.0455e-01	5.8073e-01	1.000000	0
NLRP2	4	5.0458e-01	5.8073e-01	1.000000	0
TPK1	4	5.0461e-01	5.8073e-01	1.000000	0
LILRB2	4	5.0464e-01	5.8073e-01	1.000000	0
ZNF213	4	5.0471e-01	5.8073e-01	1.000000	0
KCNK12	4	5.0474e-01	5.8073e-01	1.000000	0
SLURP1	4	5.0477e-01	5.8073e-01	1.000000	0
PYURF	4	5.0490e-01	5.8282e-01	1.000000	0
EDNRA	4	5.0507e-01	5.8282e-01	1.000000	0
BMP15	4	5.0523e-01	5.8489e-01	1.000000	0
H2AFJ	4	5.0532e-01	5.8489e-01	1.000000	0
CIZ1	4	5.0541e-01	5.8489e-01	1.000000	0
HCN3	4	5.0553e-01	5.8690e-01	1.000000	0
SPATA8	4	5.0565e-01	5.9106e-01	1.000000	0
MFN1	4	5.0581e-01	5.9106e-01	1.000000	0
ZNF879	4	5.0587e-01	5.9106e-01	1.000000	0
FXYD5	4	5.0590e-01	5.9106e-01	1.000000	0
PEG10	4	5.0593e-01	5.9106e-01	1.000000	0
PUS7	4	5.0596e-01	5.9106e-01	1.000000	0
CEP72	4	5.0599e-01	5.9106e-01	1.000000	0
CAD	4	5.0602e-01	5.9106e-01	1.000000	0
SC5D	4	5.0611e-01	5.9106e-01	1.000000	0
ENDOD1	4	5.0614e-01	5.9106e-01	1.000000	0
STX19	4	5.0620e-01	5.9106e-01	1.000000	0
PDIA2	4	5.0623e-01	5.9106e-01	1.000000	0
NDUFV2	4	5.0631e-01	5.9106e-01	1.000000	0
RDH16	4	5.0635e-01	5.9106e-01	1.000000	0
MRPL33	4	5.0639e-01	5.9106e-01	1.000000	0
C7	4	5.0642e-01	5.9106e-01	1.000000	0
SLC9A8	4	5.0648e-01	5.9106e-01	1.000000	0
KLC3	4	5.0654e-01	5.9106e-01	1.000000	0
REM1	4	5.0657e-01	5.9106e-01	1.000000	0
LPCAT4	4	5.0663e-01	5.9106e-01	1.000000	0
IFNW1	4	5.0675e-01	5.9106e-01	1.000000	0
ZFPM1	4	5.0678e-01	5.9106e-01	1.000000	0
RAMP2	4	5.0681e-01	5.9106e-01	1.000000	0
RBM33	4	5.0684e-01	5.9106e-01	1.000000	0
FADS6	4	5.0687e-01	5.9106e-01	1.000000	0
SUFU	4	5.0693e-01	5.9106e-01	1.000000	0
COL10A1	4	5.0701e-01	5.9106e-01	1.000000	0
CABP2	4	5.0709e-01	5.9106e-01	1.000000	0
ZNF600	4	5.0715e-01	5.9106e-01	1.000000	0
SLC9B1	4	5.0721e-01	5.9106e-01	1.000000	0
GPC4	4	5.0724e-01	5.9106e-01	1.000000	0
CLK1	4	5.0733e-01	5.9106e-01	1.000000	0
C11orf97	4	5.0736e-01	5.9106e-01	1.000000	0
TNFSF14	4	5.0739e-01	5.9106e-01	1.000000	0
C15orf38-AP3S2	4	5.0750e-01	5.9106e-01	1.000000	0
HIST1H2BI	4	5.0760e-01	5.9106e-01	1.000000	0
WDR27	4	5.0768e-01	5.9106e-01	1.000000	0
SETDB2	4	5.0768e-01	5.9106e-01	1.000000	0
ZNF283	4	5.0776e-01	5.9106e-01	1.000000	0
PHOX2A	4	5.0782e-01	5.9106e-01	1.000000	0
EME2	4	5.0785e-01	5.9106e-01	1.000000	0
DRAM1	4	5.0788e-01	5.9106e-01	1.000000	0
BFSP2	4	5.0791e-01	5.9106e-01	1.000000	0
LGALS3	4	5.0803e-01	5.9106e-01	1.000000	0
OR51D1	4	5.0812e-01	5.9106e-01	1.000000	0
TMEM92	4	5.0815e-01	5.9106e-01	1.000000	0
FBXL6	4	5.0818e-01	5.9106e-01	1.000000	0
PRTG	4	5.0821e-01	5.9106e-01	1.000000	0
SNAP29	4	5.0833e-01	5.9106e-01	1.000000	0
TP53	4	5.0836e-01	5.9106e-01	1.000000	0
ITLN2	4	5.0846e-01	5.9106e-01	1.000000	0
BET1L	4	5.0864e-01	5.9106e-01	1.000000	0
DLAT	4	5.0867e-01	5.9106e-01	1.000000	0
LURAP1	4	5.0873e-01	5.9106e-01	1.000000	0
SLC35D1	4	5.0882e-01	5.9106e-01	1.000000	0
GPR62	4	5.0885e-01	5.9106e-01	1.000000	0
WFIKKN2	4	5.0897e-01	5.9106e-01	1.000000	0
SREK1IP1	4	5.0900e-01	5.9106e-01	1.000000	0
EXOG	4	5.0911e-01	5.9106e-01	1.000000	0
DIRC2	4	5.0922e-01	5.9106e-01	1.000000	0
OR10A6	4	5.0925e-01	5.9106e-01	1.000000	0
SMCO1	4	5.0928e-01	5.9106e-01	1.000000	0
RBM20	4	5.0934e-01	5.9106e-01	1.000000	0
TAC1	4	5.0943e-01	5.9106e-01	1.000000	0
CDRT4	4	5.0946e-01	5.9106e-01	1.000000	0
POTED	4	5.0952e-01	5.9106e-01	1.000000	0
SPRYD3	4	5.0961e-01	5.9106e-01	1.000000	0
GRAMD1B	4	5.0964e-01	5.9106e-01	1.000000	0
OR5B21	4	5.0967e-01	5.9106e-01	1.000000	0
A1BG	4	5.0975e-01	5.9106e-01	1.000000	0
BAD	4	5.0985e-01	5.9106e-01	1.000000	0
CYP2A13	4	5.0997e-01	5.9106e-01	1.000000	0
CNDP2	4	5.1019e-01	5.9307e-01	1.000000	0
GNE	4	5.1028e-01	5.9307e-01	1.000000	0
FHL2	4	5.1034e-01	5.9307e-01	1.000000	0
GAB3	4	5.1037e-01	5.9307e-01	1.000000	0
NGB	4	5.1043e-01	5.9307e-01	1.000000	0
BAIAP2L1	4	5.1052e-01	5.9307e-01	1.000000	0
NDUFAB1	4	5.1067e-01	5.9307e-01	1.000000	0
LDHAL6A	3	5.1068e-01	6.5901e-01	1.000000	0
MGARP	4	5.1070e-01	5.9307e-01	1.000000	0
F11R	4	5.1079e-01	5.9307e-01	1.000000	0
DYNC1H1	4	5.1085e-01	5.9307e-01	1.000000	0
GRID2	4	5.1088e-01	5.9307e-01	1.000000	0
ASPM	4	5.1094e-01	5.9515e-01	1.000000	0
MPRIP	4	5.1097e-01	5.9515e-01	1.000000	0
SELK	4	5.1103e-01	5.9515e-01	1.000000	0
ZNF181	4	5.1106e-01	5.9515e-01	1.000000	0
CLEC7A	4	5.1110e-01	5.9515e-01	1.000000	0
SCPEP1	4	5.1113e-01	5.9515e-01	1.000000	0
ZNF562	4	5.1122e-01	5.9515e-01	1.000000	0
C10orf113	4	5.1134e-01	5.9515e-01	1.000000	0
OVCH1	4	5.1137e-01	5.9515e-01	1.000000	0
HFM1	4	5.1152e-01	5.9515e-01	1.000000	0
GNAL	4	5.1155e-01	5.9515e-01	1.000000	0
SCN9A	4	5.1158e-01	5.9515e-01	1.000000	0
SPRYD4	4	5.1164e-01	5.9515e-01	1.000000	0
SCRN1	4	5.1170e-01	5.9515e-01	1.000000	0
MAPRE2	4	5.1176e-01	5.9515e-01	1.000000	0
FXYD6-FXYD2	4	5.1179e-01	5.9515e-01	1.000000	0
GIMAP8	4	5.1194e-01	5.9515e-01	1.000000	0
TSC22D1	4	5.1197e-01	5.9515e-01	1.000000	0
TKTL2	4	5.1200e-01	5.9515e-01	1.000000	0
GPHA2	4	5.1206e-01	5.9515e-01	1.000000	0
CCDC103	4	5.1209e-01	5.9515e-01	1.000000	0
GJA4	4	5.1212e-01	5.9515e-01	1.000000	0
BCLAF1	4	5.1215e-01	5.9515e-01	1.000000	0
RHOXF2B	4	5.1227e-01	5.9515e-01	1.000000	0
DMD	4	5.1231e-01	5.9515e-01	1.000000	0
CD200	4	5.1240e-01	5.9515e-01	1.000000	0
CHAD	4	5.1243e-01	5.9515e-01	1.000000	0
ITGAL	4	5.1246e-01	5.9515e-01	1.000000	0
HIP1	4	5.1252e-01	5.9515e-01	1.000000	0
VIT	4	5.1255e-01	5.9515e-01	1.000000	0
ZBTB21	4	5.1258e-01	5.9515e-01	1.000000	0
MAP2K5	4	5.1276e-01	5.9715e-01	1.000000	0
SLC30A3	4	5.1279e-01	5.9715e-01	1.000000	0
BIN2	4	5.1282e-01	5.9715e-01	1.000000	0
RPL22	4	5.1285e-01	5.9715e-01	1.000000	0
C6orf58	4	5.1300e-01	5.9919e-01	1.000000	0
NFATC4	4	5.1303e-01	5.9919e-01	1.000000	0
KRTAP16-1	4	5.1308e-01	5.9919e-01	1.000000	0
PLIN5	4	5.1312e-01	5.9919e-01	1.000000	0
SDCBP2	4	5.1324e-01	5.9919e-01	1.000000	0
TNFRSF25	4	5.1333e-01	5.9919e-01	1.000000	0
SERINC2	4	5.1339e-01	5.9919e-01	1.000000	0
SLC11A2	4	5.1345e-01	5.9919e-01	1.000000	0
CD248	4	5.1351e-01	5.9919e-01	1.000000	0
HIST1H2AA	4	5.1354e-01	5.9919e-01	1.000000	0
LONRF1	4	5.1360e-01	5.9919e-01	1.000000	0
HTR3B	4	5.1363e-01	5.9919e-01	1.000000	0
C10orf82	4	5.1366e-01	5.9919e-01	1.000000	0
CDKN2B	4	5.1369e-01	5.9919e-01	1.000000	0
RAB11FIP4	4	5.1372e-01	5.9919e-01	1.000000	0
OTOA	4	5.1397e-01	5.9919e-01	1.000000	0
PRAF2	4	5.1403e-01	5.9919e-01	1.000000	0
APOL2	4	5.1413e-01	5.9919e-01	1.000000	0
LZIC	4	5.1424e-01	5.9919e-01	1.000000	0
SPTA1	4	5.1427e-01	5.9919e-01	1.000000	0
TMEM39B	4	5.1433e-01	5.9919e-01	1.000000	0
LINC01272	4	5.1442e-01	5.9919e-01	1.000000	0
ENTPD2	4	5.1445e-01	5.9919e-01	1.000000	0
TNFRSF10A	4	5.1451e-01	5.9919e-01	1.000000	0
TARBP2	4	5.1454e-01	5.9919e-01	1.000000	0
METTL21B	4	5.1457e-01	5.9919e-01	1.000000	0
TTC29	4	5.1460e-01	5.9919e-01	1.000000	0
TGFB1I1	4	5.1463e-01	5.9919e-01	1.000000	0
NABP1	4	5.1466e-01	5.9919e-01	1.000000	0
HORMAD1	4	5.1470e-01	5.9919e-01	1.000000	0
PRB2	4	5.1475e-01	5.9919e-01	1.000000	0
OR4K5	4	5.1481e-01	5.9919e-01	1.000000	0
ELF3	4	5.1484e-01	5.9919e-01	1.000000	0
SUSD2	4	5.1499e-01	5.9919e-01	1.000000	0
GALNT11	4	5.1505e-01	5.9919e-01	1.000000	0
TANK	4	5.1508e-01	5.9919e-01	1.000000	0
QDPR	4	5.1514e-01	5.9919e-01	1.000000	0
ARL14EPL	4	5.1517e-01	5.9919e-01	1.000000	0
TRABD	4	5.1526e-01	5.9919e-01	1.000000	0
ANGPTL1	4	5.1529e-01	5.9919e-01	1.000000	0
MSI1	4	5.1547e-01	6.0123e-01	1.000000	0
ADAM17	4	5.1556e-01	6.0123e-01	1.000000	0
TMEM134	4	5.1559e-01	6.0123e-01	1.000000	0
BRAP	4	5.1565e-01	6.0123e-01	1.000000	0
C15orf54	4	5.1571e-01	6.0123e-01	1.000000	0
MTERF1	4	5.1592e-01	6.0123e-01	1.000000	0
PLA2G15	4	5.1598e-01	6.0123e-01	1.000000	0
HPGDS	4	5.1601e-01	6.0123e-01	1.000000	0
DNAH17	4	5.1604e-01	6.0123e-01	1.000000	0
SERPINB5	4	5.1610e-01	6.0123e-01	1.000000	0
TFDP2	4	5.1613e-01	6.0123e-01	1.000000	0
PDZRN4	4	5.1616e-01	6.0123e-01	1.000000	0
EXOC3	4	5.1622e-01	6.0123e-01	1.000000	0
PCDHGB6	4	5.1631e-01	6.0123e-01	1.000000	0
OR8H2	4	5.1637e-01	6.0123e-01	1.000000	0
C17orf51	4	5.1643e-01	6.0123e-01	1.000000	0
COA5	4	5.1652e-01	6.0325e-01	1.000000	0
KANK4	4	5.1655e-01	6.0325e-01	1.000000	0
SOAT2	4	5.1661e-01	6.0325e-01	1.000000	0
KIAA2013	4	5.1664e-01	6.0325e-01	1.000000	0
MSLN	4	5.1670e-01	6.0325e-01	1.000000	0
CFAP52	4	5.1676e-01	6.0325e-01	1.000000	0
SLC25A15	4	5.1685e-01	6.0325e-01	1.000000	0
ZNF320	4	5.1691e-01	6.0325e-01	1.000000	0
CYS1	4	5.1697e-01	6.0325e-01	1.000000	0
C16orf95	4	5.1706e-01	6.0325e-01	1.000000	0
MAP3K3	4	5.1712e-01	6.0325e-01	1.000000	0
GGN	4	5.1715e-01	6.0325e-01	1.000000	0
KLHL25	4	5.1718e-01	6.0325e-01	1.000000	0
TFAP4	4	5.1721e-01	6.0325e-01	1.000000	0
MAP3K14	4	5.1744e-01	6.0325e-01	1.000000	0
CNTN3	4	5.1751e-01	6.0325e-01	1.000000	0
SARAF	4	5.1757e-01	6.0325e-01	1.000000	0
MT2A	4	5.1763e-01	6.0325e-01	1.000000	0
TP53BP2	4	5.1772e-01	6.0525e-01	1.000000	0
TYW1	4	5.1784e-01	6.0525e-01	1.000000	0
PLIN2	4	5.1787e-01	6.0525e-01	1.000000	0
HOXA6	4	5.1790e-01	6.0525e-01	1.000000	0
MIR1-1HG	4	5.1805e-01	6.0525e-01	1.000000	0
MAGEA2	4	5.1808e-01	6.0525e-01	1.000000	0
ZNF23	4	5.1820e-01	6.0525e-01	1.000000	0
FLOT2	4	5.1847e-01	6.0525e-01	1.000000	0
MB21D2	4	5.1853e-01	6.0525e-01	1.000000	0
LBX1	4	5.1865e-01	6.0525e-01	1.000000	0
PLIN3	4	5.1868e-01	6.0525e-01	1.000000	0
C8orf88	4	5.1871e-01	6.0525e-01	1.000000	0
KRT23	4	5.1883e-01	6.0724e-01	1.000000	0
C6orf229	4	5.1886e-01	6.0724e-01	1.000000	0
ARHGEF15	4	5.1898e-01	6.0724e-01	1.000000	0
UAP1	4	5.1910e-01	6.0926e-01	1.000000	0
CA9	4	5.1913e-01	6.0926e-01	1.000000	0
GSK3B	4	5.1916e-01	6.0926e-01	1.000000	0
BNIP2	4	5.1922e-01	6.0926e-01	1.000000	0
HORMAD2	4	5.1925e-01	6.0926e-01	1.000000	0
UNG	4	5.1928e-01	6.0926e-01	1.000000	0
DNAJC15	4	5.1940e-01	6.1122e-01	1.000000	0
MYADML2	4	5.1949e-01	6.1122e-01	1.000000	0
EBI3	4	5.1958e-01	6.1122e-01	1.000000	0
LDLR	4	5.1964e-01	6.1122e-01	1.000000	0
CPZ	4	5.1967e-01	6.1122e-01	1.000000	0
KMT2A	4	5.1970e-01	6.1122e-01	1.000000	0
TRPC3	4	5.1973e-01	6.1122e-01	1.000000	0
PDE6A	4	5.1976e-01	6.1122e-01	1.000000	0
VSIG4	4	5.1979e-01	6.1122e-01	1.000000	0
KPNA6	4	5.1982e-01	6.1122e-01	1.000000	0
RECQL5	4	5.1991e-01	6.1313e-01	1.000000	0
SNX20	4	5.1997e-01	6.1313e-01	1.000000	0
WTAP	4	5.2003e-01	6.1313e-01	1.000000	0
C11orf73	4	5.2011e-01	6.1313e-01	1.000000	0
FAM156B	4	5.2014e-01	6.1313e-01	1.000000	0
HRC	4	5.2017e-01	6.1313e-01	1.000000	0
GPRC5A	4	5.2023e-01	6.1313e-01	1.000000	0
DSPP	4	5.2029e-01	6.1313e-01	1.000000	0
CHCHD4	4	5.2035e-01	6.1505e-01	1.000000	0
AGR3	4	5.2041e-01	6.1505e-01	1.000000	0
S100P	4	5.2050e-01	6.1505e-01	1.000000	0
CDH4	4	5.2065e-01	6.1696e-01	1.000000	0
HYAL1	4	5.2077e-01	6.1696e-01	1.000000	0
FUT6	4	5.2080e-01	6.1696e-01	1.000000	0
CDH12	4	5.2085e-01	6.1696e-01	1.000000	0
TRIM55	4	5.2089e-01	6.1696e-01	1.000000	0
TSPY4	4	5.2095e-01	6.1696e-01	1.000000	0
GP5	4	5.2098e-01	6.1696e-01	1.000000	0
TADA2B	4	5.2107e-01	6.1696e-01	1.000000	0
SLC4A4	4	5.2110e-01	6.1696e-01	1.000000	0
MAP1LC3A	4	5.2119e-01	6.1696e-01	1.000000	0
ATP7B	4	5.2128e-01	6.1696e-01	1.000000	0
PYGO1	4	5.2131e-01	6.1696e-01	1.000000	0
DEFB105B	4	5.2137e-01	6.1696e-01	1.000000	0
PQLC1	4	5.2140e-01	6.1696e-01	1.000000	0
TMEM241	4	5.2143e-01	6.1696e-01	1.000000	0
MVD	4	5.2146e-01	6.1696e-01	1.000000	0
PDLIM4	4	5.2149e-01	6.1696e-01	1.000000	0
SLC35A3	4	5.2155e-01	6.1696e-01	1.000000	0
EPAS1	4	5.2158e-01	6.1696e-01	1.000000	0
PLEK2	4	5.2161e-01	6.1696e-01	1.000000	0
KIR3DL2	4	5.2167e-01	6.1696e-01	1.000000	0
FOXJ1	4	5.2170e-01	6.1696e-01	1.000000	0
NPAP1	4	5.2178e-01	6.1696e-01	1.000000	0
ATP5L2	4	5.2181e-01	6.1696e-01	1.000000	0
SYP	4	5.2184e-01	6.1696e-01	1.000000	0
ERBB3	4	5.2187e-01	6.1696e-01	1.000000	0
AGXT2	4	5.2196e-01	6.1696e-01	1.000000	0
ALLC	4	5.2199e-01	6.1696e-01	1.000000	0
FGFR1OP2	4	5.2202e-01	6.1696e-01	1.000000	0
OR6C74	4	5.2208e-01	6.1696e-01	1.000000	0
PPP4R4	4	5.2223e-01	6.1696e-01	1.000000	0
ST6GAL2	4	5.2229e-01	6.1696e-01	1.000000	0
LCE1E	4	5.2232e-01	6.1696e-01	1.000000	0
FAM120A	4	5.2235e-01	6.1696e-01	1.000000	0
PCSK2	4	5.2238e-01	6.1696e-01	1.000000	0
CYP27B1	4	5.2256e-01	6.1889e-01	1.000000	0
THBS3	4	5.2262e-01	6.1889e-01	1.000000	0
ZDHHC13	4	5.2268e-01	6.1889e-01	1.000000	0
OR4N5	4	5.2271e-01	6.1889e-01	1.000000	0
RTN4R	4	5.2274e-01	6.1889e-01	1.000000	0
DAAM2	4	5.2286e-01	6.1889e-01	1.000000	0
PGPEP1	4	5.2289e-01	6.1889e-01	1.000000	0
RNF34	4	5.2294e-01	6.1889e-01	1.000000	0
RTN1	4	5.2318e-01	6.1889e-01	1.000000	0
CEBPA	4	5.2324e-01	6.1889e-01	1.000000	0
STK33	4	5.2327e-01	6.1889e-01	1.000000	0
HPGD	4	5.2333e-01	6.1889e-01	1.000000	0
NUAK1	4	5.2339e-01	6.1889e-01	1.000000	0
AIFM3	4	5.2345e-01	6.1889e-01	1.000000	0
ZNF561	4	5.2348e-01	6.1889e-01	1.000000	0
RUNX3	4	5.2351e-01	6.1889e-01	1.000000	0
CCDC166	4	5.2354e-01	6.1889e-01	1.000000	0
GFRA2	4	5.2357e-01	6.1889e-01	1.000000	0
CXorf51B	4	5.2360e-01	6.1889e-01	1.000000	0
R3HDML	4	5.2367e-01	6.1889e-01	1.000000	0
HYDIN	4	5.2381e-01	6.1889e-01	1.000000	0
OR4A5	4	5.2390e-01	6.1889e-01	1.000000	0
CDKAL1	4	5.2398e-01	6.1889e-01	1.000000	0
RUFY3	4	5.2401e-01	6.1889e-01	1.000000	0
GPBP1	4	5.2407e-01	6.1889e-01	1.000000	0
ITGA2	4	5.2410e-01	6.1889e-01	1.000000	0
TIMD4	4	5.2413e-01	6.1889e-01	1.000000	0
VIM	4	5.2416e-01	6.1889e-01	1.000000	0
HERC3	4	5.2419e-01	6.1889e-01	1.000000	0
ZNF134	4	5.2425e-01	6.1889e-01	1.000000	0
CNPY4	4	5.2428e-01	6.1889e-01	1.000000	0
TBC1D10A	4	5.2431e-01	6.1889e-01	1.000000	0
OR8B3	4	5.2440e-01	6.1889e-01	1.000000	0
TBC1D29	4	5.2443e-01	6.1889e-01	1.000000	0
C1GALT1C1L	4	5.2446e-01	6.1889e-01	1.000000	0
ASPDH	4	5.2455e-01	6.1889e-01	1.000000	0
NCR2	4	5.2458e-01	6.1889e-01	1.000000	0
GTPBP6	4	5.2461e-01	6.1889e-01	1.000000	0
CD36	4	5.2467e-01	6.1889e-01	1.000000	0
MAGOHB	4	5.2470e-01	6.1889e-01	1.000000	0
EPDR1	4	5.2473e-01	6.1889e-01	1.000000	0
SH3GL2	4	5.2490e-01	6.2090e-01	1.000000	0
TBX5	4	5.2493e-01	6.2090e-01	1.000000	0
TEDDM1	4	5.2499e-01	6.2090e-01	1.000000	0
RAB34	4	5.2502e-01	6.2090e-01	1.000000	0
LRSAM1	4	5.2508e-01	6.2090e-01	1.000000	0
AMMECR1	4	5.2511e-01	6.2090e-01	1.000000	0
CAMSAP1	4	5.2520e-01	6.2091e-01	1.000000	0
KATNAL2	4	5.2523e-01	6.2091e-01	1.000000	0
NLRP6	4	5.2526e-01	6.2091e-01	1.000000	0
PSD4	4	5.2529e-01	6.2091e-01	1.000000	0
MTF1	4	5.2532e-01	6.2091e-01	1.000000	0
UBXN1	4	5.2541e-01	6.2091e-01	1.000000	0
UBXN2B	4	5.2544e-01	6.2091e-01	1.000000	0
OR52B2	4	5.2553e-01	6.2281e-01	1.000000	0
GTF2H2	4	5.2556e-01	6.2281e-01	1.000000	0
SLC4A9	4	5.2558e-01	6.2281e-01	1.000000	0
POTEJ	4	5.2564e-01	6.2281e-01	1.000000	0
TIAM2	4	5.2573e-01	6.2281e-01	1.000000	0
OR2M3	4	5.2576e-01	6.2281e-01	1.000000	0
C17orf104	4	5.2579e-01	6.2281e-01	1.000000	0
MAB21L3	4	5.2582e-01	6.2281e-01	1.000000	0
HJURP	4	5.2585e-01	6.2281e-01	1.000000	0
MAGED1	4	5.2594e-01	6.2281e-01	1.000000	0
JRK	4	5.2644e-01	6.2669e-01	1.000000	0
AGPAT6	4	5.2647e-01	6.2669e-01	1.000000	0
VGF	4	5.2653e-01	6.2669e-01	1.000000	0
ZNF366	4	5.2656e-01	6.2669e-01	1.000000	0
APOH	4	5.2665e-01	6.2669e-01	1.000000	0
C17orf102	4	5.2668e-01	6.2669e-01	1.000000	0
CREB3	4	5.2674e-01	6.2855e-01	1.000000	0
CD164L2	4	5.2677e-01	6.2855e-01	1.000000	0
DEC1	4	5.2680e-01	6.2855e-01	1.000000	0
PRSS45	4	5.2683e-01	6.2855e-01	1.000000	0
PRR13	4	5.2692e-01	6.2855e-01	1.000000	0
OR56B4	4	5.2700e-01	6.2855e-01	1.000000	0
ABHD3	4	5.2706e-01	6.2855e-01	1.000000	0
SLCO6A1	4	5.2712e-01	6.2855e-01	1.000000	0
LOC102723859	4	5.2715e-01	6.2855e-01	1.000000	0
CEP68	4	5.2718e-01	6.2855e-01	1.000000	0
FANK1	4	5.2727e-01	6.2855e-01	1.000000	0
RBMS3	4	5.2739e-01	6.2855e-01	1.000000	0
CYP26A1	4	5.2745e-01	6.2855e-01	1.000000	0
ACOT9	4	5.2754e-01	6.2855e-01	1.000000	0
A4GALT	4	5.2765e-01	6.2855e-01	1.000000	0
FAM83A	4	5.2777e-01	6.2855e-01	1.000000	0
LRP1	4	5.2780e-01	6.2855e-01	1.000000	0
LARP4B	4	5.2783e-01	6.2855e-01	1.000000	0
GDPD2	4	5.2786e-01	6.2855e-01	1.000000	0
FAM78B	4	5.2795e-01	6.2855e-01	1.000000	0
CHRM5	4	5.2801e-01	6.2855e-01	1.000000	0
PRKCB	4	5.2807e-01	6.2855e-01	1.000000	0
ATP8B1	4	5.2818e-01	6.2855e-01	1.000000	0
SNX33	4	5.2821e-01	6.2855e-01	1.000000	0
ZNF84	4	5.2830e-01	6.2855e-01	1.000000	0
PCDHA1	4	5.2833e-01	6.2855e-01	1.000000	0
EXOC6	4	5.2836e-01	6.2855e-01	1.000000	0
SNRK	4	5.2839e-01	6.2855e-01	1.000000	0
ADGRF5	4	5.2842e-01	6.2855e-01	1.000000	0
LAG3	4	5.2848e-01	6.3047e-01	1.000000	0
CLIC6	4	5.2851e-01	6.3047e-01	1.000000	0
TTLL4	4	5.2863e-01	6.3047e-01	1.000000	0
MEF2A	4	5.2867e-01	6.3047e-01	1.000000	0
TOR1A	4	5.2874e-01	6.3047e-01	1.000000	0
REEP4	4	5.2877e-01	6.3047e-01	1.000000	0
RAB18	4	5.2883e-01	6.3047e-01	1.000000	0
FAM124A	4	5.2892e-01	6.3047e-01	1.000000	0
MMP16	4	5.2895e-01	6.3047e-01	1.000000	0
RXFP3	4	5.2901e-01	6.3234e-01	1.000000	0
SPRR2A	4	5.2907e-01	6.3234e-01	1.000000	0
C2orf27B	4	5.2916e-01	6.3234e-01	1.000000	0
RIMBP2	4	5.2919e-01	6.3234e-01	1.000000	0
CTNNA1	4	5.2922e-01	6.3234e-01	1.000000	0
IGSF22	4	5.2938e-01	6.3234e-01	1.000000	0
TATDN1	4	5.2938e-01	6.3234e-01	1.000000	0
ZFPM2	4	5.2942e-01	6.3234e-01	1.000000	0
MS4A13	4	5.2945e-01	6.3234e-01	1.000000	0
XKR8	4	5.2948e-01	6.3234e-01	1.000000	0
FASTKD1	4	5.2966e-01	6.3234e-01	1.000000	0
FBXL18	4	5.2972e-01	6.3234e-01	1.000000	0
SLC30A5	4	5.2986e-01	6.3234e-01	1.000000	0
CYP3A7	4	5.2989e-01	6.3234e-01	1.000000	0
NIPA2	4	5.2998e-01	6.3234e-01	1.000000	0
MAGEA4	4	5.3004e-01	6.3234e-01	1.000000	0
TNFRSF9	4	5.3016e-01	6.3234e-01	1.000000	0
ADRA2B	4	5.3024e-01	6.3234e-01	1.000000	0
FAM83D	4	5.3030e-01	6.3234e-01	1.000000	0
IL1RL2	4	5.3033e-01	6.3234e-01	1.000000	0
CDH9	4	5.3036e-01	6.3234e-01	1.000000	0
XBP1	4	5.3042e-01	6.3424e-01	1.000000	0
ATP8B3	4	5.3048e-01	6.3424e-01	1.000000	0
TSEN34	4	5.3054e-01	6.3424e-01	1.000000	0
FAM150A	4	5.3057e-01	6.3424e-01	1.000000	0
SNAP91	4	5.3066e-01	6.3424e-01	1.000000	0
SPRR1A	4	5.3074e-01	6.3424e-01	1.000000	0
MBOAT2	4	5.3086e-01	6.3424e-01	1.000000	0
DAW1	4	5.3089e-01	6.3424e-01	1.000000	0
HDAC1	4	5.3095e-01	6.3424e-01	1.000000	0
CCDC58	4	5.3098e-01	6.3424e-01	1.000000	0
PLCXD3	4	5.3110e-01	6.3424e-01	1.000000	0
XKR3	4	5.3113e-01	6.3424e-01	1.000000	0
CRTAM	4	5.3115e-01	6.3424e-01	1.000000	0
DCUN1D2	4	5.3121e-01	6.3424e-01	1.000000	0
KLK9	4	5.3124e-01	6.3424e-01	1.000000	0
HAUS2	4	5.3130e-01	6.3424e-01	1.000000	0
TPD52L1	4	5.3151e-01	6.3612e-01	1.000000	0
TTC39A	4	5.3154e-01	6.3612e-01	1.000000	0
PDHA1	4	5.3157e-01	6.3612e-01	1.000000	0
MAT1A	4	5.3162e-01	6.3612e-01	1.000000	0
KCNC4	4	5.3165e-01	6.3612e-01	1.000000	0
POLR3G	4	5.3168e-01	6.3612e-01	1.000000	0
LRRC24	4	5.3171e-01	6.3612e-01	1.000000	0
CD1C	4	5.3174e-01	6.3612e-01	1.000000	0
GGA2	4	5.3177e-01	6.3612e-01	1.000000	0
TCEAL7	4	5.3183e-01	6.3612e-01	1.000000	0
TBKBP1	4	5.3186e-01	6.3612e-01	1.000000	0
EXOC6B	4	5.3198e-01	6.3612e-01	1.000000	0
CC2D1B	4	5.3215e-01	6.3612e-01	1.000000	0
CTAGE4	4	5.3218e-01	6.3612e-01	1.000000	0
SDHAF2	4	5.3221e-01	6.3612e-01	1.000000	0
CLIC1	4	5.3242e-01	6.3612e-01	1.000000	0
KCNA2	4	5.3250e-01	6.3612e-01	1.000000	0
MAGED4	4	5.3256e-01	6.3612e-01	1.000000	0
SHOX	4	5.3259e-01	6.3612e-01	1.000000	0
B3GALTL	4	5.3265e-01	6.3612e-01	1.000000	0
BHLHA9	4	5.3274e-01	6.3612e-01	1.000000	0
LDB3	4	5.3280e-01	6.3612e-01	1.000000	0
IRX5	4	5.3285e-01	6.3612e-01	1.000000	0
MTIF3	4	5.3288e-01	6.3612e-01	1.000000	0
FAM168A	4	5.3291e-01	6.3612e-01	1.000000	0
DCDC2C	4	5.3300e-01	6.3612e-01	1.000000	0
EPHX2	4	5.3309e-01	6.3612e-01	1.000000	0
CYP4F8	4	5.3318e-01	6.3612e-01	1.000000	0
SMPDL3A	4	5.3321e-01	6.3612e-01	1.000000	0
ZNF277	4	5.3323e-01	6.3612e-01	1.000000	0
SNAPC3	4	5.3332e-01	6.3612e-01	1.000000	0
SUCLG2	4	5.3338e-01	6.3612e-01	1.000000	0
TMCO2	4	5.3341e-01	6.3612e-01	1.000000	0
COL5A2	4	5.3344e-01	6.3612e-01	1.000000	0
SAMD5	4	5.3347e-01	6.3612e-01	1.000000	0
OR52W1	4	5.3350e-01	6.3612e-01	1.000000	0
ZSCAN10	4	5.3353e-01	6.3612e-01	1.000000	0
SAP30L	4	5.3359e-01	6.3612e-01	1.000000	0
POTEC	4	5.3361e-01	6.3612e-01	1.000000	0
ZNF548	4	5.3367e-01	6.3612e-01	1.000000	0
TSTA3	4	5.3376e-01	6.3612e-01	1.000000	0
TRMT11	4	5.3379e-01	6.3612e-01	1.000000	0
SOX30	4	5.3382e-01	6.3612e-01	1.000000	0
SERPINB2	4	5.3391e-01	6.3612e-01	1.000000	0
SLC36A1	4	5.3397e-01	6.3612e-01	1.000000	0
MIF4GD	4	5.3402e-01	6.3612e-01	1.000000	0
ADAMTS15	4	5.3405e-01	6.3612e-01	1.000000	0
RHBDL2	4	5.3408e-01	6.3612e-01	1.000000	0
TYROBP	4	5.3411e-01	6.3612e-01	1.000000	0
HECTD2	4	5.3423e-01	6.3612e-01	1.000000	0
HBP1	4	5.3432e-01	6.3612e-01	1.000000	0
SLC16A11	4	5.3434e-01	6.3612e-01	1.000000	0
FRRS1L	4	5.3437e-01	6.3612e-01	1.000000	0
PBX4	4	5.3452e-01	6.3612e-01	1.000000	0
NCR1	4	5.3464e-01	6.3612e-01	1.000000	0
LAMA1	4	5.3472e-01	6.3612e-01	1.000000	0
EML2	4	5.3475e-01	6.3612e-01	1.000000	0
SLC25A18	4	5.3484e-01	6.3612e-01	1.000000	0
ABCA1	4	5.3490e-01	6.3612e-01	1.000000	0
ANKRD13D	4	5.3493e-01	6.3612e-01	1.000000	0
C8orf89	4	5.3496e-01	6.3612e-01	1.000000	0
C11orf21	4	5.3502e-01	6.3612e-01	1.000000	0
CBFA2T2	4	5.3504e-01	6.3612e-01	1.000000	0
KIAA0355	4	5.3507e-01	6.3612e-01	1.000000	0
CNNM1	4	5.3510e-01	6.3612e-01	1.000000	0
ECH1	4	5.3519e-01	6.3797e-01	1.000000	0
THUMPD2	4	5.3522e-01	6.3797e-01	1.000000	0
ABI3	4	5.3528e-01	6.3797e-01	1.000000	0
FAM206A	4	5.3537e-01	6.3797e-01	1.000000	0
S100A8	4	5.3542e-01	6.3797e-01	1.000000	0
OGFR	4	5.3545e-01	6.3797e-01	1.000000	0
ARRDC4	4	5.3551e-01	6.3797e-01	1.000000	0
GUCY2D	4	5.3557e-01	6.3797e-01	1.000000	0
DAPL1	4	5.3560e-01	6.3797e-01	1.000000	0
CEP152	4	5.3563e-01	6.3797e-01	1.000000	0
RERG	4	5.3566e-01	6.3797e-01	1.000000	0
TMEM257	4	5.3569e-01	6.3797e-01	1.000000	0
NAP1L1	4	5.3572e-01	6.3797e-01	1.000000	0
GSTA3	4	5.3574e-01	6.3797e-01	1.000000	0
PACSIN1	4	5.3580e-01	6.3797e-01	1.000000	0
GNA11	4	5.3592e-01	6.3981e-01	1.000000	0
ZNF777	4	5.3595e-01	6.3981e-01	1.000000	0
RIT2	4	5.3598e-01	6.3981e-01	1.000000	0
UCKL1	4	5.3601e-01	6.3981e-01	1.000000	0
HSD17B8	4	5.3606e-01	6.3981e-01	1.000000	0
KRTAP8-1	4	5.3612e-01	6.3981e-01	1.000000	0
SLC35E2	4	5.3615e-01	6.3981e-01	1.000000	0
SMG9	4	5.3621e-01	6.3981e-01	1.000000	0
FNIP1	4	5.3624e-01	6.3981e-01	1.000000	0
GEM	4	5.3630e-01	6.4167e-01	1.000000	0
RALGAPA1	4	5.3633e-01	6.4167e-01	1.000000	0
ZNF18	4	5.3636e-01	6.4167e-01	1.000000	0
CTPS1	4	5.3638e-01	6.4167e-01	1.000000	0
CHRNA1	4	5.3641e-01	6.4167e-01	1.000000	0
SPRY4	4	5.3644e-01	6.4167e-01	1.000000	0
PRPF40B	4	5.3653e-01	6.4167e-01	1.000000	0
TIGD5	4	5.3656e-01	6.4167e-01	1.000000	0
SLCO1C1	4	5.3673e-01	6.4167e-01	1.000000	0
CD83	4	5.3676e-01	6.4167e-01	1.000000	0
GSG1	4	5.3679e-01	6.4167e-01	1.000000	0
MSI2	4	5.3682e-01	6.4167e-01	1.000000	0
DPYSL3	4	5.3685e-01	6.4167e-01	1.000000	0
KLC2	4	5.3691e-01	6.4167e-01	1.000000	0
MYOM3	4	5.3694e-01	6.4167e-01	1.000000	0
PARP10	4	5.3705e-01	6.4167e-01	1.000000	0
PARS2	4	5.3708e-01	6.4167e-01	1.000000	0
CFC1	4	5.3711e-01	6.4167e-01	1.000000	0
SEL1L2	4	5.3714e-01	6.4167e-01	1.000000	0
KCNQ1	4	5.3717e-01	6.4167e-01	1.000000	0
SAA2	4	5.3726e-01	6.4167e-01	1.000000	0
BRK1	4	5.3731e-01	6.4167e-01	1.000000	0
TMEM170A	4	5.3734e-01	6.4167e-01	1.000000	0
NOBOX	4	5.3737e-01	6.4167e-01	1.000000	0
ABHD17B	4	5.3740e-01	6.4167e-01	1.000000	0
ZNF100	4	5.3743e-01	6.4167e-01	1.000000	0
UBE2V1	4	5.3746e-01	6.4167e-01	1.000000	0
INSL5	4	5.3763e-01	6.4167e-01	1.000000	0
FAM65B	4	5.3766e-01	6.4167e-01	1.000000	0
DOT1L	4	5.3769e-01	6.4167e-01	1.000000	0
MKRN2OS	4	5.3772e-01	6.4167e-01	1.000000	0
GRM1	4	5.3775e-01	6.4167e-01	1.000000	0
TMCC1	4	5.3778e-01	6.4167e-01	1.000000	0
COX6C	4	5.3781e-01	6.4167e-01	1.000000	0
STON2	4	5.3784e-01	6.4167e-01	1.000000	0
MEIS2	4	5.3787e-01	6.4167e-01	1.000000	0
DUSP2	4	5.3790e-01	6.4167e-01	1.000000	0
TOMM7	4	5.3795e-01	6.4167e-01	1.000000	0
ABCC11	4	5.3816e-01	6.4167e-01	1.000000	0
ACSM1	4	5.3819e-01	6.4167e-01	1.000000	0
TESC	4	5.3821e-01	6.4167e-01	1.000000	0
SLITRK6	4	5.3824e-01	6.4167e-01	1.000000	0
C22orf34	4	5.3830e-01	6.4167e-01	1.000000	0
ZNF587	4	5.3833e-01	6.4167e-01	1.000000	0
DAG1	4	5.3850e-01	6.4530e-01	1.000000	0
OR10Q1	4	5.3853e-01	6.4530e-01	1.000000	0
TM9SF4	4	5.3866e-01	6.4530e-01	1.000000	0
SH3D21	4	5.3866e-01	6.4530e-01	1.000000	0
GCM2	4	5.3871e-01	6.4530e-01	1.000000	0
CALCRL	4	5.3877e-01	6.4530e-01	1.000000	0
ITGA6	4	5.3879e-01	6.4530e-01	1.000000	0
TUBA3C	4	5.3885e-01	6.4530e-01	1.000000	0
CEP44	4	5.3897e-01	6.4530e-01	1.000000	0
CRISPLD1	4	5.3900e-01	6.4530e-01	1.000000	0
DOCK5	4	5.3903e-01	6.4530e-01	1.000000	0
ISLR2	4	5.3908e-01	6.4530e-01	1.000000	0
KLHL35	4	5.3911e-01	6.4530e-01	1.000000	0
KRTAP22-2	4	5.3917e-01	6.4530e-01	1.000000	0
C9orf171	4	5.3923e-01	6.4530e-01	1.000000	0
ZNF26	4	5.3926e-01	6.4530e-01	1.000000	0
SPTB	4	5.3929e-01	6.4530e-01	1.000000	0
UGGT1	4	5.3935e-01	6.4530e-01	1.000000	0
SPRY3	4	5.3937e-01	6.4530e-01	1.000000	0
HOXB3	4	5.3946e-01	6.4530e-01	1.000000	0
PCED1B	4	5.3952e-01	6.4530e-01	1.000000	0
OR1J2	4	5.3955e-01	6.4530e-01	1.000000	0
IL34	4	5.3962e-01	6.4530e-01	1.000000	0
PRRT1	4	5.3972e-01	6.4530e-01	1.000000	0
AGTPBP1	4	5.3975e-01	6.4530e-01	1.000000	0
GAGE12J	4	5.3987e-01	6.4530e-01	1.000000	0
MYO3B	4	5.3989e-01	6.4530e-01	1.000000	0
ZBTB6	4	5.3995e-01	6.4530e-01	1.000000	0
GRP	4	5.4001e-01	6.4530e-01	1.000000	0
TCHP	4	5.4010e-01	6.4530e-01	1.000000	0
PRR23A	4	5.4018e-01	6.4530e-01	1.000000	0
BCKDK	4	5.4021e-01	6.4530e-01	1.000000	0
FHOD1	4	5.4024e-01	6.4530e-01	1.000000	0
ZNF579	4	5.4027e-01	6.4530e-01	1.000000	0
SIPA1L1	4	5.4030e-01	6.4530e-01	1.000000	0
SH2D3C	4	5.4033e-01	6.4530e-01	1.000000	0
AVPR1A	4	5.4039e-01	6.4530e-01	1.000000	0
KIAA1462	4	5.4044e-01	6.4530e-01	1.000000	0
ISM2	4	5.4047e-01	6.4530e-01	1.000000	0
TAS2R20	4	5.4053e-01	6.4530e-01	1.000000	0
MBD2	4	5.4056e-01	6.4530e-01	1.000000	0
MTCH2	4	5.4059e-01	6.4530e-01	1.000000	0
PCDHA4	4	5.4062e-01	6.4530e-01	1.000000	0
SLC12A3	4	5.4076e-01	6.4530e-01	1.000000	0
PAPL	4	5.4085e-01	6.4530e-01	1.000000	0
OR2A2	4	5.4091e-01	6.4530e-01	1.000000	0
MAST2	4	5.4096e-01	6.4530e-01	1.000000	0
ATL3	4	5.4101e-01	6.4530e-01	1.000000	0
METTL4	4	5.4109e-01	6.4530e-01	1.000000	0
GRM6	4	5.4109e-01	6.4530e-01	1.000000	0
TPD52L3	4	5.4125e-01	6.4530e-01	1.000000	0
LRRC57	4	5.4128e-01	6.4530e-01	1.000000	0
HBE1	4	5.4131e-01	6.4530e-01	1.000000	0
SLC35F5	4	5.4134e-01	6.4530e-01	1.000000	0
PRDM15	4	5.4137e-01	6.4530e-01	1.000000	0
IQSEC1	4	5.4143e-01	6.4530e-01	1.000000	0
CDKL5	4	5.4154e-01	6.4530e-01	1.000000	0
PTGES3L-AARSD1	4	5.4157e-01	6.4530e-01	1.000000	0
TTL	4	5.4163e-01	6.4530e-01	1.000000	0
WISP3	4	5.4169e-01	6.4530e-01	1.000000	0
NLRP1	4	5.4174e-01	6.4530e-01	1.000000	0
CER1	4	5.4177e-01	6.4530e-01	1.000000	0
PLEKHG4	4	5.4180e-01	6.4530e-01	1.000000	0
TRIM13	4	5.4183e-01	6.4530e-01	1.000000	0
NUP62CL	4	5.4186e-01	6.4530e-01	1.000000	0
TBX18	4	5.4192e-01	6.4530e-01	1.000000	0
MAMDC2	4	5.4196e-01	6.4530e-01	1.000000	0
IRF8	4	5.4206e-01	6.4530e-01	1.000000	0
ZNF74	4	5.4212e-01	6.4530e-01	1.000000	0
ELMOD1	4	5.4215e-01	6.4530e-01	1.000000	0
TRIM24	4	5.4218e-01	6.4530e-01	1.000000	0
RAB29	4	5.4226e-01	6.4714e-01	1.000000	0
SASH3	4	5.4229e-01	6.4714e-01	1.000000	0
TEN1	4	5.4235e-01	6.4714e-01	1.000000	0
WWP1	4	5.4238e-01	6.4714e-01	1.000000	0
VCX3A	4	5.4244e-01	6.4714e-01	1.000000	0
KAT6B	4	5.4246e-01	6.4714e-01	1.000000	0
PDE10A	4	5.4255e-01	6.4714e-01	1.000000	0
GNA14	4	5.4281e-01	6.4897e-01	1.000000	0
CSMD2	4	5.4285e-01	6.4897e-01	1.000000	0
C2orf74	4	5.4285e-01	6.4897e-01	1.000000	0
ANAPC1	4	5.4290e-01	6.4897e-01	1.000000	0
NSUN7	4	5.4292e-01	6.4897e-01	1.000000	0
NLRP9	4	5.4295e-01	6.4897e-01	1.000000	0
CLDN7	4	5.4298e-01	6.4897e-01	1.000000	0
STARD3NL	4	5.4313e-01	6.4897e-01	1.000000	0
CXCL1	4	5.4318e-01	6.4897e-01	1.000000	0
SLC12A2	4	5.4327e-01	6.4897e-01	1.000000	0
OR7G1	4	5.4333e-01	6.4897e-01	1.000000	0
RRAGB	4	5.4336e-01	6.4897e-01	1.000000	0
COX8C	4	5.4347e-01	6.4897e-01	1.000000	0
TUBA1C	4	5.4350e-01	6.4897e-01	1.000000	0
ZNF727	4	5.4356e-01	6.4897e-01	1.000000	0
CDKN2C	4	5.4359e-01	6.4897e-01	1.000000	0
LY96	4	5.4364e-01	6.4897e-01	1.000000	0
TMEM132C	4	5.4376e-01	6.5261e-01	1.000000	0
ETV3L	4	5.4382e-01	6.5261e-01	1.000000	0
ZNF211	4	5.4385e-01	6.5261e-01	1.000000	0
SPANXN1	4	5.4387e-01	6.5261e-01	1.000000	0
SLC35G3	4	5.4390e-01	6.5261e-01	1.000000	0
ZNF273	4	5.4393e-01	6.5261e-01	1.000000	0
PPP1R1B	4	5.4396e-01	6.5261e-01	1.000000	0
YBX3	4	5.4402e-01	6.5440e-01	1.000000	0
KLRC2	4	5.4405e-01	6.5440e-01	1.000000	0
ACBD5	4	5.4408e-01	6.5440e-01	1.000000	0
FBXL17	4	5.4413e-01	6.5440e-01	1.000000	0
CDKL2	4	5.4416e-01	6.5440e-01	1.000000	0
PCDH12	4	5.4423e-01	6.5440e-01	1.000000	0
NAPB	4	5.4436e-01	6.5440e-01	1.000000	0
TMEM249	4	5.4451e-01	6.5617e-01	1.000000	0
PLXNB3	4	5.4465e-01	6.5798e-01	1.000000	0
ZFR	4	5.4468e-01	6.5798e-01	1.000000	0
C20orf173	4	5.4474e-01	6.5798e-01	1.000000	0
MASTL	4	5.4476e-01	6.5798e-01	1.000000	0
GABRA4	4	5.4482e-01	6.5798e-01	1.000000	0
MLH1	4	5.4488e-01	6.5798e-01	1.000000	0
MSL2	4	5.4494e-01	6.5798e-01	1.000000	0
PHF7	4	5.4497e-01	6.5798e-01	1.000000	0
CBY1	4	5.4499e-01	6.5798e-01	1.000000	0
C11orf91	4	5.4505e-01	6.5798e-01	1.000000	0
ZNF300	4	5.4508e-01	6.5798e-01	1.000000	0
PRUNE2	4	5.4511e-01	6.5798e-01	1.000000	0
CDHR4	4	5.4517e-01	6.5798e-01	1.000000	0
DNTT	4	5.4519e-01	6.5798e-01	1.000000	0
CUEDC2	4	5.4522e-01	6.5798e-01	1.000000	0
GADD45B	4	5.4540e-01	6.5979e-01	1.000000	0
TCTA	4	5.4545e-01	6.6155e-01	1.000000	0
LPAR2	4	5.4548e-01	6.6155e-01	1.000000	0
C6orf226	4	5.4551e-01	6.6155e-01	1.000000	0
CFAP47	4	5.4557e-01	6.6155e-01	1.000000	0
MGP	4	5.4562e-01	6.6155e-01	1.000000	0
GTSF1L	4	5.4568e-01	6.6155e-01	1.000000	0
ZNF215	4	5.4580e-01	6.6155e-01	1.000000	0
OSGIN2	4	5.4583e-01	6.6155e-01	1.000000	0
C4orf32	4	5.4585e-01	6.6155e-01	1.000000	0
DEFA1B	4	5.4603e-01	6.6155e-01	1.000000	0
ZFP14	4	5.4617e-01	6.6155e-01	1.000000	0
ARSF	4	5.4628e-01	6.6155e-01	1.000000	0
SERPINE3	4	5.4631e-01	6.6155e-01	1.000000	0
HMX3	4	5.4634e-01	6.6155e-01	1.000000	0
LONRF3	4	5.4640e-01	6.6155e-01	1.000000	0
CTAGE9	4	5.4643e-01	6.6155e-01	1.000000	0
CNOT10	4	5.4654e-01	6.6155e-01	1.000000	0
HIST1H4C	4	5.4657e-01	6.6155e-01	1.000000	0
CYP11A1	4	5.4660e-01	6.6155e-01	1.000000	0
FSCN3	4	5.4666e-01	6.6155e-01	1.000000	0
ST8SIA3	4	5.4668e-01	6.6155e-01	1.000000	0
C9orf24	4	5.4671e-01	6.6155e-01	1.000000	0
ATP6V0A2	4	5.4674e-01	6.6155e-01	1.000000	0
SLITRK2	4	5.4677e-01	6.6155e-01	1.000000	0
TEX33	4	5.4688e-01	6.6155e-01	1.000000	0
RAD54L2	4	5.4694e-01	6.6155e-01	1.000000	0
CTSH	4	5.4698e-01	6.6155e-01	1.000000	0
PLEKHG6	4	5.4703e-01	6.6155e-01	1.000000	0
HEBP1	4	5.4714e-01	6.6155e-01	1.000000	0
HIST1H2BC	4	5.4717e-01	6.6155e-01	1.000000	0
UGT3A2	4	5.4720e-01	6.6155e-01	1.000000	0
TECR	4	5.4723e-01	6.6155e-01	1.000000	0
DUS1L	4	5.4731e-01	6.6155e-01	1.000000	0
OR5AP2	4	5.4737e-01	6.6155e-01	1.000000	0
MYB	4	5.4748e-01	6.6155e-01	1.000000	0
PNLDC1	4	5.4754e-01	6.6336e-01	1.000000	0
LLPH	4	5.4760e-01	6.6336e-01	1.000000	0
PNMA2	4	5.4768e-01	6.6336e-01	1.000000	0
BID	4	5.4771e-01	6.6336e-01	1.000000	0
NEURL4	4	5.4774e-01	6.6336e-01	1.000000	0
PIP	4	5.4780e-01	6.6336e-01	1.000000	0
DEFB106A	4	5.4783e-01	6.6336e-01	1.000000	0
ATAT1	4	5.4786e-01	6.6336e-01	1.000000	0
ZNF618	4	5.4791e-01	6.6336e-01	1.000000	0
RNF181	4	5.4794e-01	6.6336e-01	1.000000	0
IDO2	4	5.4803e-01	6.6336e-01	1.000000	0
TENM3	4	5.4811e-01	6.6336e-01	1.000000	0
MOK	4	5.4814e-01	6.6336e-01	1.000000	0
RSPH14	4	5.4820e-01	6.6336e-01	1.000000	0
BCL2L12	4	5.4824e-01	6.6336e-01	1.000000	0
HNRNPF	4	5.4828e-01	6.6336e-01	1.000000	0
ZNF304	4	5.4831e-01	6.6336e-01	1.000000	0
OPN5	4	5.4837e-01	6.6336e-01	1.000000	0
DISP1	4	5.4854e-01	6.6336e-01	1.000000	0
CRTC3	4	5.4860e-01	6.6336e-01	1.000000	0
OR52K2	4	5.4880e-01	6.6336e-01	1.000000	0
HNRNPH3	4	5.4888e-01	6.6336e-01	1.000000	0
C1orf106	4	5.4894e-01	6.6336e-01	1.000000	0
OLFM2	4	5.4905e-01	6.6336e-01	1.000000	0
ZNF546	4	5.4908e-01	6.6336e-01	1.000000	0
PRMT2	4	5.4911e-01	6.6336e-01	1.000000	0
APOBEC3H	4	5.4914e-01	6.6336e-01	1.000000	0
ZNF793	4	5.4917e-01	6.6336e-01	1.000000	0
HBM	4	5.4920e-01	6.6336e-01	1.000000	0
OR11H1	4	5.4925e-01	6.6336e-01	1.000000	0
FAM185A	4	5.4934e-01	6.6336e-01	1.000000	0
TLDC2	4	5.4937e-01	6.6336e-01	1.000000	0
FUS	4	5.4940e-01	6.6336e-01	1.000000	0
ZNF622	4	5.4942e-01	6.6336e-01	1.000000	0
SLC25A42	4	5.4945e-01	6.6336e-01	1.000000	0
CENPU	4	5.4948e-01	6.6336e-01	1.000000	0
GSDMC	4	5.4957e-01	6.6510e-01	1.000000	0
HIVEP2	4	5.4960e-01	6.6510e-01	1.000000	0
CCDC152	4	5.4965e-01	6.6510e-01	1.000000	0
MAN1C1	4	5.4968e-01	6.6510e-01	1.000000	0
PCDHB14	4	5.4971e-01	6.6510e-01	1.000000	0
GRM7	4	5.4982e-01	6.6510e-01	1.000000	0
ENTHD2	4	5.4985e-01	6.6510e-01	1.000000	0
KIAA1328	4	5.4988e-01	6.6510e-01	1.000000	0
DDX3Y	4	5.4991e-01	6.6510e-01	1.000000	0
PVRL2	4	5.4994e-01	6.6510e-01	1.000000	0
PHYHIP	4	5.5002e-01	6.6510e-01	1.000000	0
HIGD1B	4	5.5005e-01	6.6510e-01	1.000000	0
C14orf159	4	5.5011e-01	6.6510e-01	1.000000	0
GAMT	4	5.5016e-01	6.6510e-01	1.000000	0
IFNGR1	4	5.5019e-01	6.6510e-01	1.000000	0
IGSF9	4	5.5025e-01	6.6510e-01	1.000000	0
ATP6V1C2	4	5.5028e-01	6.6510e-01	1.000000	0
SENP1	4	5.5039e-01	6.6682e-01	1.000000	0
NPIPB6	4	5.5042e-01	6.6682e-01	1.000000	0
ZADH2	4	5.5048e-01	6.6682e-01	1.000000	0
NBEAL1	4	5.5051e-01	6.6682e-01	1.000000	0
ITIH5	4	5.5053e-01	6.6682e-01	1.000000	0
KCTD12	4	5.5065e-01	6.6682e-01	1.000000	0
TMIGD2	4	5.5073e-01	6.6682e-01	1.000000	0
KLHL22	4	5.5076e-01	6.6682e-01	1.000000	0
HIST3H2BB	4	5.5079e-01	6.6682e-01	1.000000	0
DPYSL2	4	5.5082e-01	6.6682e-01	1.000000	0
LRPAP1	4	5.5085e-01	6.6682e-01	1.000000	0
PFKP	4	5.5087e-01	6.6682e-01	1.000000	0
CUZD1	4	5.5090e-01	6.6682e-01	1.000000	0
ZNF425	4	5.5093e-01	6.6682e-01	1.000000	0
APOA5	4	5.5102e-01	6.6682e-01	1.000000	0
OR8B8	4	5.5106e-01	6.6682e-01	1.000000	0
MBLAC1	4	5.5113e-01	6.6682e-01	1.000000	0
PKIG	4	5.5116e-01	6.6682e-01	1.000000	0
ALPK1	4	5.5119e-01	6.6682e-01	1.000000	0
CFHR4	4	5.5122e-01	6.6682e-01	1.000000	0
C7orf34	4	5.5133e-01	6.6682e-01	1.000000	0
FRMD3	4	5.5139e-01	6.6682e-01	1.000000	0
ASAH1	4	5.5144e-01	6.6682e-01	1.000000	0
WDPCP	4	5.5150e-01	6.6682e-01	1.000000	0
RAD54B	4	5.5153e-01	6.6682e-01	1.000000	0
PHF11	4	5.5158e-01	6.6682e-01	1.000000	0
ZNF595	4	5.5161e-01	6.6682e-01	1.000000	0
ELK3	4	5.5164e-01	6.6682e-01	1.000000	0
ANKRD12	4	5.5167e-01	6.6682e-01	1.000000	0
KIAA1107	4	5.5184e-01	6.6682e-01	1.000000	0
ALKBH6	4	5.5187e-01	6.6682e-01	1.000000	0
STX2	4	5.5190e-01	6.6682e-01	1.000000	0
ARMCX5-GPRASP2	4	5.5193e-01	6.6682e-01	1.000000	0
SLTM	4	5.5204e-01	6.6682e-01	1.000000	0
CCDC102A	4	5.5210e-01	6.6682e-01	1.000000	0
FAM71A	4	5.5218e-01	6.6682e-01	1.000000	0
IL13	4	5.5221e-01	6.6682e-01	1.000000	0
CRNN	4	5.5227e-01	6.6682e-01	1.000000	0
AQP5	4	5.5235e-01	6.6682e-01	1.000000	0
DNAJC5G	4	5.5242e-01	6.6682e-01	1.000000	0
CNIH2	4	5.5246e-01	6.6682e-01	1.000000	0
NAB2	4	5.5249e-01	6.6682e-01	1.000000	0
LOC101927572	4	5.5252e-01	6.6682e-01	1.000000	0
LRRC8A	4	5.5255e-01	6.6682e-01	1.000000	0
BABAM1	4	5.5258e-01	6.6682e-01	1.000000	0
APOL3	4	5.5261e-01	6.6682e-01	1.000000	0
CBLL1	4	5.5263e-01	6.6682e-01	1.000000	0
PROX2	4	5.5266e-01	6.6682e-01	1.000000	0
HOMEZ	4	5.5272e-01	6.6682e-01	1.000000	0
CYTH2	4	5.5278e-01	6.6682e-01	1.000000	0
MYEOV	4	5.5280e-01	6.6682e-01	1.000000	0
DYM	4	5.5300e-01	6.6682e-01	1.000000	0
LCA5	4	5.5303e-01	6.6682e-01	1.000000	0
RABGEF1	4	5.5309e-01	6.6682e-01	1.000000	0
XKR6	4	5.5312e-01	6.6682e-01	1.000000	0
PRRG3	4	5.5320e-01	6.6682e-01	1.000000	0
RNASE6	4	5.5323e-01	6.6682e-01	1.000000	0
KPNA1	4	5.5334e-01	6.6682e-01	1.000000	0
ASAP2	4	5.5340e-01	6.6861e-01	1.000000	0
OR1K1	4	5.5343e-01	6.6861e-01	1.000000	0
OR6C1	4	5.5348e-01	6.6861e-01	1.000000	0
NET1	4	5.5360e-01	6.6861e-01	1.000000	0
TTLL3	4	5.5371e-01	6.6861e-01	1.000000	0
OR2M4	4	5.5374e-01	6.6861e-01	1.000000	0
LRRC49	4	5.5379e-01	6.6861e-01	1.000000	0
FKBP1A	4	5.5385e-01	6.6861e-01	1.000000	0
GDI1	4	5.5388e-01	6.6861e-01	1.000000	0
SCG5	4	5.5396e-01	6.6861e-01	1.000000	0
CT47A4	4	5.5399e-01	6.6861e-01	1.000000	0
TIFAB	4	5.5402e-01	6.6861e-01	1.000000	0
LIPT1	4	5.5419e-01	6.7043e-01	1.000000	0
RNF128	4	5.5422e-01	6.7043e-01	1.000000	0
HMG20B	4	5.5427e-01	6.7043e-01	1.000000	0
MRRF	4	5.5430e-01	6.7043e-01	1.000000	0
MORC3	4	5.5433e-01	6.7043e-01	1.000000	0
NTN3	4	5.5436e-01	6.7043e-01	1.000000	0
USP17L13	4	5.5442e-01	6.7043e-01	1.000000	0
MKRN2	4	5.5444e-01	6.7043e-01	1.000000	0
C7orf55-LUC7L2	4	5.5453e-01	6.7043e-01	1.000000	0
HMGB4	4	5.5458e-01	6.7043e-01	1.000000	0
ANKDD1A	4	5.5461e-01	6.7043e-01	1.000000	0
SLC35G5	4	5.5464e-01	6.7043e-01	1.000000	0
SPAG11A	4	5.5467e-01	6.7043e-01	1.000000	0
RPS6KB1	4	5.5470e-01	6.7043e-01	1.000000	0
ZBTB43	4	5.5475e-01	6.7043e-01	1.000000	0
ZNF317	4	5.5478e-01	6.7043e-01	1.000000	0
CDK4	4	5.5498e-01	6.7043e-01	1.000000	0
MAP4K3	4	5.5501e-01	6.7043e-01	1.000000	0
UBAP2	4	5.5506e-01	6.7043e-01	1.000000	0
TAAR8	4	5.5509e-01	6.7043e-01	1.000000	0
PRMT7	4	5.5521e-01	6.7043e-01	1.000000	0
CDC123	4	5.5523e-01	6.7043e-01	1.000000	0
PCDHGA3	4	5.5540e-01	6.7043e-01	1.000000	0
PPFIBP1	4	5.5545e-01	6.7043e-01	1.000000	0
MPP1	4	5.5545e-01	6.7043e-01	1.000000	0
TXN2	4	5.5552e-01	6.7043e-01	1.000000	0
SPACA1	4	5.5554e-01	6.7043e-01	1.000000	0
KDM1A	4	5.5563e-01	6.7043e-01	1.000000	0
CSNK1E	4	5.5566e-01	6.7043e-01	1.000000	0
FAM120AOS	4	5.5569e-01	6.7043e-01	1.000000	0
C14orf105	4	5.5571e-01	6.7043e-01	1.000000	0
CEP131	4	5.5574e-01	6.7043e-01	1.000000	0
PRODH2	4	5.5577e-01	6.7043e-01	1.000000	0
COL11A1	4	5.5583e-01	6.7043e-01	1.000000	0
SPEN	4	5.5591e-01	6.7043e-01	1.000000	0
LPPR3	4	5.5594e-01	6.7043e-01	1.000000	0
CLEC6A	4	5.5602e-01	6.7043e-01	1.000000	0
YPEL5	4	5.5611e-01	6.7043e-01	1.000000	0
TMEM207	4	5.5616e-01	6.7043e-01	1.000000	0
MRFAP1L1	4	5.5619e-01	6.7043e-01	1.000000	0
LITAF	4	5.5622e-01	6.7043e-01	1.000000	0
KCNA10	3	5.5624e-01	7.2959e-01	1.000000	0
SAPCD2	4	5.5625e-01	6.7043e-01	1.000000	0
SYTL4	4	5.5628e-01	6.7043e-01	1.000000	0
POU4F3	4	5.5633e-01	6.7043e-01	1.000000	0
HERC5	4	5.5636e-01	6.7043e-01	1.000000	0
PABPC1L2A	4	5.5639e-01	6.7043e-01	1.000000	0
CENPB	3	5.5640e-01	7.3089e-01	1.000000	0
C16orf47	4	5.5645e-01	6.7043e-01	1.000000	0
MYOZ3	4	5.5650e-01	6.7043e-01	1.000000	0
BTBD3	4	5.5653e-01	6.7043e-01	1.000000	0
H2BFWT	4	5.5656e-01	6.7043e-01	1.000000	0
AGFG2	4	5.5673e-01	6.7043e-01	1.000000	0
SARDH	4	5.5680e-01	6.7043e-01	1.000000	0
C1orf228	4	5.5684e-01	6.7043e-01	1.000000	0
KRTAP4-9	4	5.5687e-01	6.7043e-01	1.000000	0
ETAA1	4	5.5692e-01	6.7217e-01	1.000000	0
CNKSR3	4	5.5698e-01	6.7217e-01	1.000000	0
FAM122B	4	5.5704e-01	6.7217e-01	1.000000	0
ABCC8	4	5.5706e-01	6.7217e-01	1.000000	0
KIAA0226L	4	5.5712e-01	6.7217e-01	1.000000	0
SLC22A4	4	5.5718e-01	6.7217e-01	1.000000	0
KIAA1033	4	5.5737e-01	6.7217e-01	1.000000	0
SHISA5	4	5.5740e-01	6.7217e-01	1.000000	0
TUBB3	4	5.5743e-01	6.7217e-01	1.000000	0
DUOXA1	4	5.5746e-01	6.7217e-01	1.000000	0
TMTC2	4	5.5751e-01	6.7217e-01	1.000000	0
PLA2R1	4	5.5754e-01	6.7217e-01	1.000000	0
SSX2IP	4	5.5760e-01	6.7217e-01	1.000000	0
GCGR	4	5.5768e-01	6.7217e-01	1.000000	0
COL6A5	4	5.5771e-01	6.7217e-01	1.000000	0
SPPL2C	4	5.5782e-01	6.7217e-01	1.000000	0
AMN1	4	5.5788e-01	6.7217e-01	1.000000	0
TUBAL3	4	5.5796e-01	6.7217e-01	1.000000	0
ZNF577	4	5.5799e-01	6.7217e-01	1.000000	0
AMELX	4	5.5802e-01	6.7217e-01	1.000000	0
CBLC	4	5.5805e-01	6.7217e-01	1.000000	0
ARIH2OS	4	5.5808e-01	6.7217e-01	1.000000	0
IGF2	4	5.5813e-01	6.7217e-01	1.000000	0
SDF4	4	5.5823e-01	6.7217e-01	1.000000	0
AHSA1	4	5.5823e-01	6.7217e-01	1.000000	0
TRIM2	4	5.5827e-01	6.7217e-01	1.000000	0
TMEM9B	4	5.5833e-01	6.7217e-01	1.000000	0
QRFP	4	5.5841e-01	6.7217e-01	1.000000	0
NXPE2	4	5.5844e-01	6.7217e-01	1.000000	0
SULT1C3	4	5.5847e-01	6.7217e-01	1.000000	0
AMIGO2	4	5.5861e-01	6.7217e-01	1.000000	0
PAPD4	4	5.5872e-01	6.7217e-01	1.000000	0
LCTL	4	5.5883e-01	6.7217e-01	1.000000	0
CAMTA2	4	5.5886e-01	6.7217e-01	1.000000	0
CALR	4	5.5889e-01	6.7217e-01	1.000000	0
PCSK1	4	5.5892e-01	6.7217e-01	1.000000	0
TPO	4	5.5906e-01	6.7387e-01	1.000000	0
PHF10	4	5.5909e-01	6.7387e-01	1.000000	0
UBR7	4	5.5911e-01	6.7387e-01	1.000000	0
ZNF554	4	5.5914e-01	6.7387e-01	1.000000	0
ATF6B	4	5.5917e-01	6.7387e-01	1.000000	0
SPON2	4	5.5920e-01	6.7387e-01	1.000000	0
LIPC	4	5.5923e-01	6.7387e-01	1.000000	0
ADCY6	4	5.5925e-01	6.7387e-01	1.000000	0
EFHD2	4	5.5928e-01	6.7387e-01	1.000000	0
MAGEA10	4	5.5937e-01	6.7387e-01	1.000000	0
CLDN6	4	5.5939e-01	6.7387e-01	1.000000	0
RTN2	4	5.5942e-01	6.7387e-01	1.000000	0
CD59	4	5.5953e-01	6.7387e-01	1.000000	0
GALR2	4	5.5965e-01	6.7387e-01	1.000000	0
S1PR3	4	5.5967e-01	6.7387e-01	1.000000	0
OIT3	4	5.5970e-01	6.7387e-01	1.000000	0
UQCRQ	4	5.5979e-01	6.7387e-01	1.000000	0
LINC00452	4	5.5981e-01	6.7387e-01	1.000000	0
PIP5K1A	4	5.5984e-01	6.7387e-01	1.000000	0
PIBF1	4	5.5987e-01	6.7387e-01	1.000000	0
ZSCAN4	4	5.5993e-01	6.7387e-01	1.000000	0
DNAJA1	4	5.5995e-01	6.7387e-01	1.000000	0
TSPAN3	4	5.5998e-01	6.7387e-01	1.000000	0
WEE2	4	5.6006e-01	6.7387e-01	1.000000	0
PRKCQ	4	5.6009e-01	6.7387e-01	1.000000	0
KLC1	4	5.6020e-01	6.7387e-01	1.000000	0
TMEM159	4	5.6026e-01	6.7387e-01	1.000000	0
PDSS1	4	5.6040e-01	6.7388e-01	1.000000	0
SYCE1	4	5.6043e-01	6.7388e-01	1.000000	0
CLEC4C	4	5.6051e-01	6.7388e-01	1.000000	0
MTHFSD	4	5.6062e-01	6.7388e-01	1.000000	0
NEK5	4	5.6065e-01	6.7388e-01	1.000000	0
LY6K	4	5.6068e-01	6.7388e-01	1.000000	0
RAPGEF2	4	5.6074e-01	6.7388e-01	1.000000	0
FDCSP	4	5.6085e-01	6.7388e-01	1.000000	0
ENPEP	4	5.6102e-01	6.7388e-01	1.000000	0
GLA	4	5.6104e-01	6.7388e-01	1.000000	0
ADRA1D	4	5.6107e-01	6.7388e-01	1.000000	0
MEMO1	4	5.6115e-01	6.7388e-01	1.000000	0
ZMAT1	4	5.6121e-01	6.7388e-01	1.000000	0
STAT2	4	5.6127e-01	6.7388e-01	1.000000	0
ESRRG	4	5.6129e-01	6.7388e-01	1.000000	0
SLC47A1	4	5.6132e-01	6.7388e-01	1.000000	0
NMNAT1	4	5.6141e-01	6.7388e-01	1.000000	0
HOXA2	4	5.6148e-01	6.7388e-01	1.000000	0
IGF2BP2	4	5.6152e-01	6.7388e-01	1.000000	0
LYL1	4	5.6155e-01	6.7388e-01	1.000000	0
ABHD14A	4	5.6163e-01	6.7556e-01	1.000000	0
INAFM1	4	5.6166e-01	6.7556e-01	1.000000	0
NCOA4	4	5.6171e-01	6.7556e-01	1.000000	0
FTH1	4	5.6177e-01	6.7556e-01	1.000000	0
MASP2	4	5.6194e-01	6.7730e-01	1.000000	0
TAS2R7	4	5.6196e-01	6.7730e-01	1.000000	0
FAM3C	4	5.6202e-01	6.7730e-01	1.000000	0
ELK1	4	5.6208e-01	6.7730e-01	1.000000	0
LYPD3	4	5.6213e-01	6.7730e-01	1.000000	0
DGAT2	4	5.6216e-01	6.7730e-01	1.000000	0
TRIM54	4	5.6227e-01	6.7730e-01	1.000000	0
UMODL1	4	5.6233e-01	6.7730e-01	1.000000	0
ZIM2	4	5.6235e-01	6.7730e-01	1.000000	0
HECTD3	4	5.6238e-01	6.7730e-01	1.000000	0
LRRN1	4	5.6241e-01	6.7730e-01	1.000000	0
RAMP1	4	5.6244e-01	6.7730e-01	1.000000	0
MRPL35	4	5.6249e-01	6.7730e-01	1.000000	0
MTMR10	4	5.6252e-01	6.7730e-01	1.000000	0
ACKR3	4	5.6263e-01	6.7905e-01	1.000000	0
EEF2KMT	4	5.6266e-01	6.7905e-01	1.000000	0
RAET1E	4	5.6269e-01	6.7905e-01	1.000000	0
SLC5A10	4	5.6273e-01	6.7905e-01	1.000000	0
SND1	4	5.6283e-01	6.7905e-01	1.000000	0
CD226	4	5.6305e-01	6.8073e-01	1.000000	0
P2RX7	4	5.6313e-01	6.8073e-01	1.000000	0
RAB3IL1	4	5.6316e-01	6.8073e-01	1.000000	0
CABP7	4	5.6325e-01	6.8073e-01	1.000000	0
ZCCHC7	4	5.6330e-01	6.8073e-01	1.000000	0
FPR2	4	5.6338e-01	6.8073e-01	1.000000	0
ZNF189	4	5.6341e-01	6.8073e-01	1.000000	0
DHTKD1	4	5.6344e-01	6.8073e-01	1.000000	0
DND1	4	5.6347e-01	6.8073e-01	1.000000	0
LDHD	4	5.6350e-01	6.8073e-01	1.000000	0
BIN1	4	5.6355e-01	6.8073e-01	1.000000	0
PPAP2C	4	5.6358e-01	6.8073e-01	1.000000	0
SMAP1	4	5.6361e-01	6.8073e-01	1.000000	0
MKX	4	5.6363e-01	6.8073e-01	1.000000	0
OR2J2	4	5.6377e-01	6.8073e-01	1.000000	0
SLC13A5	4	5.6400e-01	6.8248e-01	1.000000	0
ARFGAP3	4	5.6408e-01	6.8248e-01	1.000000	0
BEND3	4	5.6411e-01	6.8248e-01	1.000000	0
PIK3R5	4	5.6413e-01	6.8248e-01	1.000000	0
ACVR2A	4	5.6416e-01	6.8248e-01	1.000000	0
FRMPD3	4	5.6419e-01	6.8248e-01	1.000000	0
CD14	4	5.6425e-01	6.8416e-01	1.000000	0
OR10W1	4	5.6436e-01	6.8416e-01	1.000000	0
GPD1	4	5.6438e-01	6.8416e-01	1.000000	0
CCDC80	4	5.6444e-01	6.8416e-01	1.000000	0
SMUG1	4	5.6447e-01	6.8416e-01	1.000000	0
GLE1	4	5.6452e-01	6.8416e-01	1.000000	0
CD163L1	4	5.6458e-01	6.8416e-01	1.000000	0
CFC1B	4	5.6461e-01	6.8416e-01	1.000000	0
HSBP1	4	5.6466e-01	6.8416e-01	1.000000	0
CXCL16	4	5.6469e-01	6.8416e-01	1.000000	0
FABP1	4	5.6472e-01	6.8416e-01	1.000000	0
PLD3	4	5.6475e-01	6.8416e-01	1.000000	0
IL23A	4	5.6480e-01	6.8416e-01	1.000000	0
CEACAM18	4	5.6483e-01	6.8416e-01	1.000000	0
OR51B6	4	5.6486e-01	6.8416e-01	1.000000	0
TMEM189-UBE2V1	4	5.6488e-01	6.8416e-01	1.000000	0
SOX21	4	5.6491e-01	6.8416e-01	1.000000	0
GLIPR1	4	5.6494e-01	6.8416e-01	1.000000	0
PAFAH1B2	3	5.6502e-01	7.4445e-01	1.000000	0
NDUFB1	4	5.6502e-01	6.8416e-01	1.000000	0
IFI35	4	5.6511e-01	6.8584e-01	1.000000	0
SDCCAG3	4	5.6516e-01	6.8584e-01	1.000000	0
CORO1A	4	5.6519e-01	6.8584e-01	1.000000	0
MYCBP2	4	5.6524e-01	6.8584e-01	1.000000	0
EPHX4	4	5.6527e-01	6.8584e-01	1.000000	0
RMDN3	4	5.6530e-01	6.8584e-01	1.000000	0
MTFR1	4	5.6536e-01	6.8584e-01	1.000000	0
TMEM128	4	5.6552e-01	6.8754e-01	1.000000	0
CLCN7	4	5.6558e-01	6.8754e-01	1.000000	0
GLRA4	4	5.6561e-01	6.8754e-01	1.000000	0
MPV17L2	4	5.6572e-01	6.8754e-01	1.000000	0
TRIM6-TRIM34	4	5.6580e-01	6.8754e-01	1.000000	0
OSBPL2	4	5.6585e-01	6.8754e-01	1.000000	0
C5orf28	4	5.6591e-01	6.8754e-01	1.000000	0
SPATA6	4	5.6594e-01	6.8754e-01	1.000000	0
TIMP4	4	5.6597e-01	6.8754e-01	1.000000	0
ANO1	4	5.6602e-01	6.8754e-01	1.000000	0
CASC3	4	5.6605e-01	6.8754e-01	1.000000	0
F2RL1	4	5.6608e-01	6.8754e-01	1.000000	0
ZNF296	4	5.6613e-01	6.8754e-01	1.000000	0
CD200R1L	4	5.6619e-01	6.8754e-01	1.000000	0
CADM4	4	5.6627e-01	6.8754e-01	1.000000	0
ZNF544	4	5.6630e-01	6.8754e-01	1.000000	0
AIMP1	4	5.6634e-01	6.8754e-01	1.000000	0
DOK4	4	5.6634e-01	6.8754e-01	1.000000	0
SMIM7	4	5.6638e-01	6.8754e-01	1.000000	0
PHF20L1	4	5.6646e-01	6.8754e-01	1.000000	0
GAS8	4	5.6649e-01	6.8754e-01	1.000000	0
CAP1	4	5.6652e-01	6.8754e-01	1.000000	0
DEF8	4	5.6657e-01	6.8754e-01	1.000000	0
DPP8	4	5.6671e-01	6.8918e-01	1.000000	0
CAMK2N2	4	5.6674e-01	6.8918e-01	1.000000	0
TPBGL	4	5.6677e-01	6.8918e-01	1.000000	0
C2orf40	4	5.6680e-01	6.8918e-01	1.000000	0
GFRAL	4	5.6693e-01	6.9087e-01	1.000000	0
ANK1	4	5.6699e-01	6.9087e-01	1.000000	0
JAGN1	4	5.6707e-01	6.9087e-01	1.000000	0
EEA1	4	5.6710e-01	6.9087e-01	1.000000	0
SDPR	4	5.6715e-01	6.9087e-01	1.000000	0
FN3K	4	5.6738e-01	6.9087e-01	1.000000	0
GTPBP1	4	5.6746e-01	6.9087e-01	1.000000	0
SLC22A12	4	5.6751e-01	6.9087e-01	1.000000	0
SPIDR	4	5.6757e-01	6.9087e-01	1.000000	0
JMJD8	4	5.6762e-01	6.9250e-01	1.000000	0
PDC	4	5.6765e-01	6.9251e-01	1.000000	0
CEACAM20	4	5.6773e-01	6.9583e-01	1.000000	0
CTSB	4	5.6780e-01	6.9583e-01	1.000000	0
COL12A1	4	5.6785e-01	6.9583e-01	1.000000	0
MTMR12	4	5.6790e-01	6.9583e-01	1.000000	0
KLF3	4	5.6793e-01	6.9583e-01	1.000000	0
SSC5D	4	5.6798e-01	6.9583e-01	1.000000	0
BARHL2	4	5.6808e-01	6.9583e-01	1.000000	0
FAM198A	4	5.6812e-01	6.9583e-01	1.000000	0
CCDC77	4	5.6822e-01	6.9746e-01	1.000000	0
NPSR1	4	5.6822e-01	6.9746e-01	1.000000	0
ZRANB2	4	5.6826e-01	6.9746e-01	1.000000	0
PCCA	4	5.6829e-01	6.9746e-01	1.000000	0
PRICKLE1	4	5.6837e-01	6.9746e-01	1.000000	0
MZF1	4	5.6840e-01	6.9746e-01	1.000000	0
CRYBB3	4	5.6845e-01	6.9746e-01	1.000000	0
SHPK	4	5.6848e-01	6.9746e-01	1.000000	0
LOXL4	4	5.6859e-01	6.9746e-01	1.000000	0
LOC400927-CSNK1E	4	5.6864e-01	6.9746e-01	1.000000	0
MRPL55	4	5.6867e-01	6.9746e-01	1.000000	0
RUNDC3A	4	5.6873e-01	6.9746e-01	1.000000	0
GSAP	4	5.6878e-01	6.9746e-01	1.000000	0
SPATA31E1	4	5.6881e-01	6.9746e-01	1.000000	0
MACC1	4	5.6884e-01	6.9746e-01	1.000000	0
METTL18	4	5.6889e-01	6.9746e-01	1.000000	0
GPATCH8	4	5.6895e-01	6.9746e-01	1.000000	0
TRPM5	4	5.6906e-01	6.9746e-01	1.000000	0
SPATA31D4	4	5.6909e-01	6.9746e-01	1.000000	0
TMEM17	4	5.6917e-01	6.9911e-01	1.000000	0
KRTAP10-7	4	5.6925e-01	6.9911e-01	1.000000	0
HIVEP1	4	5.6928e-01	6.9911e-01	1.000000	0
INA	4	5.6931e-01	6.9911e-01	1.000000	0
ZMYND11	4	5.6933e-01	6.9911e-01	1.000000	0
NTNG2	4	5.6942e-01	6.9911e-01	1.000000	0
C6orf106	4	5.6946e-01	6.9911e-01	1.000000	0
SERPINI1	4	5.6950e-01	6.9911e-01	1.000000	0
KIAA1456	4	5.6953e-01	6.9911e-01	1.000000	0
HMGN4	4	5.6964e-01	6.9912e-01	1.000000	0
NT5DC1	4	5.6966e-01	6.9912e-01	1.000000	0
TRMU	4	5.6969e-01	6.9912e-01	1.000000	0
FAM89B	4	5.6972e-01	6.9912e-01	1.000000	0
GLB1L	4	5.6975e-01	6.9912e-01	1.000000	0
DVL3	4	5.6979e-01	6.9912e-01	1.000000	0
KLHDC10	4	5.6983e-01	6.9912e-01	1.000000	0
PRAMEF1	4	5.6988e-01	6.9912e-01	1.000000	0
IRF5	4	5.6991e-01	6.9912e-01	1.000000	0
FCRL4	4	5.6997e-01	6.9912e-01	1.000000	0
SRXN1	4	5.6999e-01	6.9912e-01	1.000000	0
FZD2	4	5.7021e-01	7.0071e-01	1.000000	0
SERPINF1	4	5.7027e-01	7.0071e-01	1.000000	0
C2orf15	4	5.7030e-01	7.0071e-01	1.000000	0
RHOC	4	5.7035e-01	7.0071e-01	1.000000	0
AK5	4	5.7049e-01	7.0230e-01	1.000000	0
SSPN	3	5.7059e-01	7.5391e-01	1.000000	0
IDO1	4	5.7060e-01	7.0230e-01	1.000000	0
KRI1	4	5.7063e-01	7.0230e-01	1.000000	0
FAM198B	4	5.7065e-01	7.0230e-01	1.000000	0
AGT	4	5.7071e-01	7.0230e-01	1.000000	0
CCDC28A	4	5.7074e-01	7.0230e-01	1.000000	0
INPP4A	4	5.7076e-01	7.0230e-01	1.000000	0
RNF32	4	5.7079e-01	7.0230e-01	1.000000	0
BMF	4	5.7093e-01	7.0230e-01	1.000000	0
PHF23	4	5.7096e-01	7.0230e-01	1.000000	0
DENND1C	4	5.7098e-01	7.0230e-01	1.000000	0
PRPH2	4	5.7101e-01	7.0230e-01	1.000000	0
NLRP12	4	5.7107e-01	7.0230e-01	1.000000	0
SHC3	4	5.7117e-01	7.0230e-01	1.000000	0
DBX1	4	5.7126e-01	7.0230e-01	1.000000	0
SNAI1	4	5.7134e-01	7.0230e-01	1.000000	0
BNIPL	4	5.7145e-01	7.0388e-01	1.000000	0
LDOC1	4	5.7150e-01	7.0388e-01	1.000000	0
SAFB	4	5.7153e-01	7.0388e-01	1.000000	0
SDHAF1	4	5.7156e-01	7.0388e-01	1.000000	0
SRP68	4	5.7159e-01	7.0388e-01	1.000000	0
GUCA2A	4	5.7161e-01	7.0388e-01	1.000000	0
GRK5	4	5.7167e-01	7.0388e-01	1.000000	0
RREB1	4	5.7170e-01	7.0388e-01	1.000000	0
ACTR3B	4	5.7172e-01	7.0388e-01	1.000000	0
SLC32A1	4	5.7178e-01	7.0388e-01	1.000000	0
PIWIL4	4	5.7183e-01	7.0388e-01	1.000000	0
MAGEC1	4	5.7192e-01	7.0388e-01	1.000000	0
PLLP	4	5.7194e-01	7.0388e-01	1.000000	0
NKD1	4	5.7200e-01	7.0388e-01	1.000000	0
ACSL5	4	5.7203e-01	7.0388e-01	1.000000	0
MTR	4	5.7211e-01	7.0388e-01	1.000000	0
NR2F6	4	5.7213e-01	7.0388e-01	1.000000	0
OAZ3	4	5.7216e-01	7.0388e-01	1.000000	0
XKRY	4	5.7227e-01	7.0388e-01	1.000000	0
JAK1	4	5.7230e-01	7.0388e-01	1.000000	0
SLC22A16	4	5.7235e-01	7.0388e-01	1.000000	0
LOX	4	5.7238e-01	7.0388e-01	1.000000	0
LST1	4	5.7241e-01	7.0388e-01	1.000000	0
PCDHGC3	4	5.7244e-01	7.0388e-01	1.000000	0
PNO1	4	5.7257e-01	7.0388e-01	1.000000	0
JAM3	4	5.7260e-01	7.0388e-01	1.000000	0
C9orf106	4	5.7263e-01	7.0388e-01	1.000000	0
ACTC1	4	5.7265e-01	7.0388e-01	1.000000	0
MBD3L3	4	5.7268e-01	7.0388e-01	1.000000	0
FOXL2	4	5.7271e-01	7.0388e-01	1.000000	0
MORC1	4	5.7279e-01	7.0388e-01	1.000000	0
HADHA	4	5.7285e-01	7.0388e-01	1.000000	0
FCGR2A	4	5.7287e-01	7.0388e-01	1.000000	0
PIK3AP1	3	5.7288e-01	7.5626e-01	1.000000	0
LHX6	4	5.7298e-01	7.0388e-01	1.000000	0
CLEC11A	4	5.7304e-01	7.0388e-01	1.000000	0
SAGE1	4	5.7309e-01	7.0388e-01	1.000000	0
WIBG	4	5.7323e-01	7.0388e-01	1.000000	0
TRAK2	4	5.7331e-01	7.0388e-01	1.000000	0
FGA	4	5.7334e-01	7.0388e-01	1.000000	0
PTPRCAP	4	5.7348e-01	7.0388e-01	1.000000	0
PRPS2	4	5.7350e-01	7.0388e-01	1.000000	0
TTC34	4	5.7353e-01	7.0388e-01	1.000000	0
NEFM	4	5.7364e-01	7.0388e-01	1.000000	0
ZBTB48	4	5.7375e-01	7.0552e-01	1.000000	0
S100A10	4	5.7378e-01	7.0552e-01	1.000000	0
RGPD3	4	5.7389e-01	7.0716e-01	1.000000	0
ILKAP	4	5.7391e-01	7.0716e-01	1.000000	0
SLC5A2	4	5.7394e-01	7.0716e-01	1.000000	0
MYO1G	4	5.7408e-01	7.0716e-01	1.000000	0
EID2B	4	5.7410e-01	7.0716e-01	1.000000	0
TTC23	4	5.7413e-01	7.0716e-01	1.000000	0
ANGEL2	4	5.7419e-01	7.0716e-01	1.000000	0
TSEN2	4	5.7421e-01	7.0716e-01	1.000000	0
SHD	4	5.7427e-01	7.0716e-01	1.000000	0
DCTD	4	5.7432e-01	7.0875e-01	1.000000	0
TNNT3	4	5.7443e-01	7.0875e-01	1.000000	0
RBM41	4	5.7446e-01	7.0875e-01	1.000000	0
FAM160B2	4	5.7451e-01	7.1035e-01	1.000000	0
CCDC150	4	5.7457e-01	7.1035e-01	1.000000	0
STAC3	4	5.7470e-01	7.1035e-01	1.000000	0
ZNF550	4	5.7476e-01	7.1035e-01	1.000000	0
TGFB2	4	5.7481e-01	7.1035e-01	1.000000	0
CAV2	4	5.7484e-01	7.1035e-01	1.000000	0
FAM43A	4	5.7487e-01	7.1035e-01	1.000000	0
FCRL1	4	5.7489e-01	7.1035e-01	1.000000	0
SERPINB12	4	5.7492e-01	7.1035e-01	1.000000	0
PNMAL1	4	5.7500e-01	7.1035e-01	1.000000	0
TMEM255B	4	5.7506e-01	7.1035e-01	1.000000	0
ZNF675	4	5.7509e-01	7.1035e-01	1.000000	0
ADAM18	4	5.7522e-01	7.1195e-01	1.000000	0
SERPINB8	4	5.7530e-01	7.1195e-01	1.000000	0
MEAF6	4	5.7533e-01	7.1195e-01	1.000000	0
STOML1	4	5.7541e-01	7.1195e-01	1.000000	0
ARL6IP1	4	5.7549e-01	7.1195e-01	1.000000	0
ZNF90	4	5.7558e-01	7.1195e-01	1.000000	0
FOLH1B	4	5.7566e-01	7.1195e-01	1.000000	0
OCA2	4	5.7568e-01	7.1195e-01	1.000000	0
NUDT17	4	5.7571e-01	7.1195e-01	1.000000	0
RNF26	4	5.7574e-01	7.1195e-01	1.000000	0
PEX14	4	5.7579e-01	7.1195e-01	1.000000	0
MFAP2	4	5.7582e-01	7.1195e-01	1.000000	0
ZNF765	4	5.7585e-01	7.1195e-01	1.000000	0
ORAI3	4	5.7593e-01	7.1195e-01	1.000000	0
FH	4	5.7596e-01	7.1195e-01	1.000000	0
NUDC	4	5.7598e-01	7.1195e-01	1.000000	0
PNP	4	5.7604e-01	7.1195e-01	1.000000	0
LY75	4	5.7607e-01	7.1195e-01	1.000000	0
PPP1R27	4	5.7609e-01	7.1195e-01	1.000000	0
RABEP1	4	5.7612e-01	7.1195e-01	1.000000	0
OSR1	4	5.7620e-01	7.1195e-01	1.000000	0
GPR157	4	5.7626e-01	7.1195e-01	1.000000	0
CALY	4	5.7634e-01	7.1195e-01	1.000000	0
ZNF264	4	5.7639e-01	7.1195e-01	1.000000	0
SASH1	4	5.7645e-01	7.1195e-01	1.000000	0
ORAI1	4	5.7647e-01	7.1195e-01	1.000000	0
RUSC1-AS1	4	5.7653e-01	7.1195e-01	1.000000	0
STX1B	4	5.7664e-01	7.1195e-01	1.000000	0
UBE2D4	4	5.7666e-01	7.1195e-01	1.000000	0
PAK7	4	5.7669e-01	7.1195e-01	1.000000	0
SRPR	4	5.7680e-01	7.1195e-01	1.000000	0
PCDHB3	4	5.7683e-01	7.1195e-01	1.000000	0
AKAP6	4	5.7685e-01	7.1195e-01	1.000000	0
PCYOX1L	4	5.7688e-01	7.1195e-01	1.000000	0
SESN2	4	5.7691e-01	7.1195e-01	1.000000	0
ZCCHC17	4	5.7694e-01	7.1195e-01	1.000000	0
NUGGC	4	5.7696e-01	7.1195e-01	1.000000	0
COLCA1	4	5.7699e-01	7.1195e-01	1.000000	0
PRND	4	5.7702e-01	7.1195e-01	1.000000	0
KIAA0895	4	5.7704e-01	7.1195e-01	1.000000	0
CNTD1	4	5.7707e-01	7.1195e-01	1.000000	0
CELA3A	4	5.7715e-01	7.1195e-01	1.000000	0
ZNF862	4	5.7718e-01	7.1195e-01	1.000000	0
COLGALT2	4	5.7737e-01	7.1195e-01	1.000000	0
TMEM102	4	5.7740e-01	7.1195e-01	1.000000	0
HHLA1	4	5.7745e-01	7.1195e-01	1.000000	0
CORIN	4	5.7751e-01	7.1195e-01	1.000000	0
PTPRM	4	5.7764e-01	7.1195e-01	1.000000	0
REC114	4	5.7767e-01	7.1195e-01	1.000000	0
RSPO2	4	5.7786e-01	7.1195e-01	1.000000	0
LPCAT3	4	5.7789e-01	7.1195e-01	1.000000	0
SERPINB6	4	5.7797e-01	7.1356e-01	1.000000	0
GCNT3	4	5.7805e-01	7.1356e-01	1.000000	0
TIE1	4	5.7813e-01	7.1356e-01	1.000000	0
HIF1AN	4	5.7816e-01	7.1356e-01	1.000000	0
CRYGC	4	5.7827e-01	7.1356e-01	1.000000	0
TLE4	4	5.7829e-01	7.1356e-01	1.000000	0
TRIM15	4	5.7832e-01	7.1356e-01	1.000000	0
LYZL1	4	5.7835e-01	7.1356e-01	1.000000	0
NKX2-1	4	5.7840e-01	7.1356e-01	1.000000	0
MED18	4	5.7843e-01	7.1356e-01	1.000000	0
PABPC5	4	5.7851e-01	7.1356e-01	1.000000	0
GMPR	4	5.7854e-01	7.1356e-01	1.000000	0
ATP5G2	4	5.7856e-01	7.1356e-01	1.000000	0
GIMAP7	4	5.7859e-01	7.1356e-01	1.000000	0
SGCA	4	5.7862e-01	7.1356e-01	1.000000	0
ZNF672	4	5.7867e-01	7.1356e-01	1.000000	0
SIKE1	4	5.7873e-01	7.1356e-01	1.000000	0
AUH	4	5.7881e-01	7.1356e-01	1.000000	0
HAS1	4	5.7905e-01	7.1356e-01	1.000000	0
KCTD11	4	5.7910e-01	7.1356e-01	1.000000	0
RASGEF1C	4	5.7913e-01	7.1356e-01	1.000000	0
KIF12	4	5.7916e-01	7.1356e-01	1.000000	0
SRGAP3	4	5.7923e-01	7.1356e-01	1.000000	0
SLC26A7	4	5.7927e-01	7.1356e-01	1.000000	0
MCM9	4	5.7935e-01	7.1356e-01	1.000000	0
CCDC86	4	5.7938e-01	7.1356e-01	1.000000	0
TMEM104	4	5.7940e-01	7.1356e-01	1.000000	0
SSBP2	4	5.7954e-01	7.1666e-01	1.000000	0
PRR29	4	5.7958e-01	7.1666e-01	1.000000	0
C17orf99	3	5.7961e-01	7.6209e-01	1.000000	0
TMEM11	4	5.7965e-01	7.1666e-01	1.000000	0
DGKZ	4	5.7973e-01	7.1666e-01	1.000000	0
MRGPRX3	4	5.7975e-01	7.1666e-01	1.000000	0
ZNF750	4	5.7978e-01	7.1666e-01	1.000000	0
PTDSS1	4	5.7983e-01	7.1666e-01	1.000000	0
SUGP2	4	5.7989e-01	7.1666e-01	1.000000	0
FMO1	4	5.7997e-01	7.1666e-01	1.000000	0
CASP8	4	5.8000e-01	7.1666e-01	1.000000	0
NOSTRIN	4	5.8005e-01	7.1666e-01	1.000000	0
PHLDB2	4	5.8008e-01	7.1666e-01	1.000000	0
PIM3	4	5.8016e-01	7.1666e-01	1.000000	0
SUN2	4	5.8019e-01	7.1666e-01	1.000000	0
COL4A3	4	5.8035e-01	7.1666e-01	1.000000	0
KIF20B	4	5.8043e-01	7.1666e-01	1.000000	0
ZBED2	4	5.8048e-01	7.1666e-01	1.000000	0
FEZF1	4	5.8051e-01	7.1666e-01	1.000000	0
EXD2	4	5.8062e-01	7.1666e-01	1.000000	0
SLC17A1	4	5.8067e-01	7.1826e-01	1.000000	0
MYH10	4	5.8073e-01	7.1826e-01	1.000000	0
SULT1A1	4	5.8081e-01	7.1826e-01	1.000000	0
ARHGEF39	4	5.8083e-01	7.1826e-01	1.000000	0
MYL9	4	5.8089e-01	7.1826e-01	1.000000	0
DDR1	4	5.8091e-01	7.1826e-01	1.000000	0
OIP5	4	5.8100e-01	7.1826e-01	1.000000	0
ARPC1B	4	5.8102e-01	7.1826e-01	1.000000	0
CNKSR1	4	5.8108e-01	7.1826e-01	1.000000	0
MAB21L2	4	5.8113e-01	7.1826e-01	1.000000	0
MKLN1	4	5.8124e-01	7.1826e-01	1.000000	0
ZNF471	4	5.8132e-01	7.1826e-01	1.000000	0
RWDD2B	4	5.8137e-01	7.1826e-01	1.000000	0
RNF216	4	5.8143e-01	7.1826e-01	1.000000	0
OR2T12	4	5.8145e-01	7.1826e-01	1.000000	0
FOXO4	4	5.8148e-01	7.1826e-01	1.000000	0
ACTG2	4	5.8153e-01	7.1826e-01	1.000000	0
SLC35A1	4	5.8162e-01	7.1826e-01	1.000000	0
CHCHD2	4	5.8166e-01	7.1826e-01	1.000000	0
KERA	4	5.8170e-01	7.1826e-01	1.000000	0
KATNBL1	4	5.8175e-01	7.1826e-01	1.000000	0
STRN4	4	5.8186e-01	7.1826e-01	1.000000	0
ABCB10	4	5.8188e-01	7.1826e-01	1.000000	0
ART3	4	5.8194e-01	7.1826e-01	1.000000	0
GAGE12C	4	5.8199e-01	7.1826e-01	1.000000	0
MTMR6	4	5.8202e-01	7.1826e-01	1.000000	0
OR5AS1	4	5.8205e-01	7.1826e-01	1.000000	0
EIF4A2	4	5.8207e-01	7.1826e-01	1.000000	0
DDX21	4	5.8214e-01	7.1826e-01	1.000000	0
ABCB1	4	5.8214e-01	7.1826e-01	1.000000	0
OR13J1	4	5.8223e-01	7.1826e-01	1.000000	0
KRT73	4	5.8229e-01	7.1826e-01	1.000000	0
WFDC6	4	5.8232e-01	7.1826e-01	1.000000	0
APOE	4	5.8237e-01	7.1826e-01	1.000000	0
C14orf132	4	5.8248e-01	7.1826e-01	1.000000	0
PCDHB4	4	5.8284e-01	7.1905e-01	1.000000	0
NBAS	4	5.8284e-01	7.1905e-01	1.000000	0
CDHR1	4	5.8284e-01	7.1905e-01	1.000000	0
OR4F29	4	5.8284e-01	7.1905e-01	1.000000	0
WDR86	4	5.8284e-01	7.1905e-01	1.000000	0
SGTA	4	5.8284e-01	7.1905e-01	1.000000	0
GNPNAT1	4	5.8284e-01	7.1905e-01	1.000000	0
GEN1	4	5.8284e-01	7.1905e-01	1.000000	0
WDR82	4	5.8284e-01	7.1905e-01	1.000000	0
MANSC1	4	5.8284e-01	7.1905e-01	1.000000	0
WDR4	4	5.8284e-01	7.1905e-01	1.000000	0
CRHR2	4	5.8326e-01	7.2138e-01	1.000000	0
PPP2R5E	4	5.8334e-01	7.2138e-01	1.000000	0
PRDM11	4	5.8336e-01	7.2138e-01	1.000000	0
WDR45B	4	5.8339e-01	7.2138e-01	1.000000	0
SMARCE1	4	5.8342e-01	7.2138e-01	1.000000	0
MTRNR2L1	2	5.8343e-01	8.3618e-01	1.000000	0
PLEKHM3	4	5.8355e-01	7.2138e-01	1.000000	0
HNF4G	4	5.8358e-01	7.2138e-01	1.000000	0
TRPM2	4	5.8366e-01	7.2138e-01	1.000000	0
DDX26B	4	5.8371e-01	7.2138e-01	1.000000	0
INPP4B	4	5.8377e-01	7.2138e-01	1.000000	0
URAD	4	5.8385e-01	7.2138e-01	1.000000	0
NFE2	4	5.8390e-01	7.2138e-01	1.000000	0
NOS1AP	4	5.8401e-01	7.2139e-01	1.000000	0
SETX	4	5.8409e-01	7.2139e-01	1.000000	0
GALNT12	4	5.8412e-01	7.2139e-01	1.000000	0
PODXL	4	5.8420e-01	7.2139e-01	1.000000	0
FAM69B	4	5.8422e-01	7.2139e-01	1.000000	0
OR8D1	4	5.8428e-01	7.2139e-01	1.000000	0
UNC45A	4	5.8433e-01	7.2139e-01	1.000000	0
UGP2	4	5.8436e-01	7.2139e-01	1.000000	0
WNT7B	4	5.8438e-01	7.2139e-01	1.000000	0
CLDN3	4	5.8444e-01	7.2139e-01	1.000000	0
GXYLT1	4	5.8449e-01	7.2139e-01	1.000000	0
MBD5	4	5.8452e-01	7.2139e-01	1.000000	0
BPY2	4	5.8457e-01	7.2139e-01	1.000000	0
HOGA1	4	5.8465e-01	7.2139e-01	1.000000	0
HYAL4	4	5.8468e-01	7.2139e-01	1.000000	0
GOLGA5	4	5.8473e-01	7.2139e-01	1.000000	0
NAA25	4	5.8481e-01	7.2294e-01	1.000000	0
CCDC74A	4	5.8488e-01	7.2294e-01	1.000000	0
LDB2	4	5.8492e-01	7.2294e-01	1.000000	0
CREBL2	4	5.8495e-01	7.2294e-01	1.000000	0
KRT24	4	5.8497e-01	7.2294e-01	1.000000	0
DRC7	4	5.8503e-01	7.2294e-01	1.000000	0
NXN	4	5.8508e-01	7.2294e-01	1.000000	0
YTHDF1	4	5.8511e-01	7.2294e-01	1.000000	0
DEFB127	4	5.8513e-01	7.2294e-01	1.000000	0
RAB40C	4	5.8516e-01	7.2294e-01	1.000000	0
LRRC8E	4	5.8524e-01	7.2294e-01	1.000000	0
FAM213A	4	5.8527e-01	7.2294e-01	1.000000	0
FSD1L	4	5.8535e-01	7.2294e-01	1.000000	0
GCC1	4	5.8545e-01	7.2294e-01	1.000000	0
CREBRF	4	5.8551e-01	7.2294e-01	1.000000	0
ERBB2IP	4	5.8556e-01	7.2294e-01	1.000000	0
EPSTI1	4	5.8561e-01	7.2294e-01	1.000000	0
AURKC	4	5.8564e-01	7.2294e-01	1.000000	0
PCMTD2	4	5.8570e-01	7.2294e-01	1.000000	0
MPV17L	4	5.8572e-01	7.2294e-01	1.000000	0
KBTBD2	4	5.8580e-01	7.2294e-01	1.000000	0
SLC39A6	4	5.8588e-01	7.2294e-01	1.000000	0
YY2	4	5.8596e-01	7.2294e-01	1.000000	0
NKD2	4	5.8599e-01	7.2294e-01	1.000000	0
SYK	4	5.8604e-01	7.2294e-01	1.000000	0
SSX2B	4	5.8607e-01	7.2294e-01	1.000000	0
TTLL6	4	5.8610e-01	7.2294e-01	1.000000	0
OR2T5	4	5.8618e-01	7.2294e-01	1.000000	0
FETUB	4	5.8623e-01	7.2294e-01	1.000000	0
FKBP9	4	5.8626e-01	7.2294e-01	1.000000	0
KRTAP5-8	4	5.8631e-01	7.2294e-01	1.000000	0
COL4A3BP	4	5.8636e-01	7.2294e-01	1.000000	0
RGPD4	4	5.8658e-01	7.2294e-01	1.000000	0
NKAPL	4	5.8671e-01	7.2294e-01	1.000000	0
CLNS1A	4	5.8674e-01	7.2294e-01	1.000000	0
TMEM127	4	5.8684e-01	7.2294e-01	1.000000	0
FXYD1	3	5.8691e-01	7.8125e-01	1.000000	0
OLIG2	4	5.8698e-01	7.2294e-01	1.000000	0
GSTT2B	4	5.8700e-01	7.2294e-01	1.000000	0
ZNF582	4	5.8703e-01	7.2294e-01	1.000000	0
C3orf79	4	5.8706e-01	7.2294e-01	1.000000	0
EBF4	4	5.8711e-01	7.2294e-01	1.000000	0
IGLL1	4	5.8716e-01	7.2294e-01	1.000000	0
HIGD1A	4	5.8722e-01	7.2294e-01	1.000000	0
OR2T11	4	5.8724e-01	7.2294e-01	1.000000	0
LRPPRC	4	5.8742e-01	7.2294e-01	1.000000	0
HDLBP	4	5.8742e-01	7.2294e-01	1.000000	0
ACOX2	4	5.8746e-01	7.2294e-01	1.000000	0
ZNF106	4	5.8759e-01	7.2447e-01	1.000000	0
UQCRC1	4	5.8767e-01	7.2447e-01	1.000000	0
SLC6A5	4	5.8772e-01	7.2447e-01	1.000000	0
CCDC74B	4	5.8775e-01	7.2447e-01	1.000000	0
CAPN11	4	5.8778e-01	7.2447e-01	1.000000	0
H2BFM	4	5.8780e-01	7.2447e-01	1.000000	0
MYO15A	4	5.8784e-01	7.2447e-01	1.000000	0
SLC3A1	4	5.8788e-01	7.2447e-01	1.000000	0
PHKB	4	5.8791e-01	7.2447e-01	1.000000	0
EBNA1BP2	4	5.8799e-01	7.2447e-01	1.000000	0
NUMA1	4	5.8802e-01	7.2447e-01	1.000000	0
ARPP21	4	5.8810e-01	7.2600e-01	1.000000	0
PPP1R16B	4	5.8815e-01	7.2600e-01	1.000000	0
USP47	4	5.8826e-01	7.2600e-01	1.000000	0
IL17RD	4	5.8834e-01	7.2600e-01	1.000000	0
MCM10	4	5.8844e-01	7.2600e-01	1.000000	0
CCL15	4	5.8847e-01	7.2600e-01	1.000000	0
BANF1	4	5.8850e-01	7.2600e-01	1.000000	0
CWC27	4	5.8852e-01	7.2600e-01	1.000000	0
C15orf39	4	5.8855e-01	7.2600e-01	1.000000	0
KDM5C	4	5.8863e-01	7.2600e-01	1.000000	0
EDEM3	4	5.8868e-01	7.2600e-01	1.000000	0
FAM114A1	4	5.8871e-01	7.2600e-01	1.000000	0
HTR7	4	5.8879e-01	7.2600e-01	1.000000	0
KLHDC3	4	5.8884e-01	7.2600e-01	1.000000	0
SMTNL2	4	5.8889e-01	7.2600e-01	1.000000	0
HNRNPUL2	4	5.8892e-01	7.2600e-01	1.000000	0
ZNF517	4	5.8897e-01	7.2600e-01	1.000000	0
NHSL2	4	5.8900e-01	7.2600e-01	1.000000	0
SLC48A1	4	5.8905e-01	7.2600e-01	1.000000	0
GPC3	4	5.8908e-01	7.2600e-01	1.000000	0
NAGK	4	5.8911e-01	7.2600e-01	1.000000	0
TDRKH	4	5.8913e-01	7.2600e-01	1.000000	0
ATG14	4	5.8920e-01	7.2600e-01	1.000000	0
LRGUK	4	5.8920e-01	7.2600e-01	1.000000	0
DEFB114	4	5.8929e-01	7.2600e-01	1.000000	0
OCIAD1	4	5.8932e-01	7.2600e-01	1.000000	0
CALHM1	4	5.8937e-01	7.2748e-01	1.000000	0
REM2	4	5.8952e-01	7.2748e-01	1.000000	0
KCNH1	4	5.8952e-01	7.2748e-01	1.000000	0
TSHR	4	5.8967e-01	7.2748e-01	1.000000	0
SLC35F4	4	5.8974e-01	7.2748e-01	1.000000	0
APOBR	4	5.8977e-01	7.2748e-01	1.000000	0
INVS	4	5.8980e-01	7.2748e-01	1.000000	0
USP10	4	5.8982e-01	7.2748e-01	1.000000	0
MYL12A	4	5.8985e-01	7.2748e-01	1.000000	0
LIPH	4	5.8988e-01	7.2748e-01	1.000000	0
SEPTIN10	4	5.8993e-01	7.2902e-01	1.000000	0
NENF	4	5.8996e-01	7.2902e-01	1.000000	0
GYLTL1B	4	5.9001e-01	7.2902e-01	1.000000	0
TRPV1	4	5.9004e-01	7.2902e-01	1.000000	0
AP5S1	4	5.9006e-01	7.2902e-01	1.000000	0
BAZ2A	4	5.9012e-01	7.2902e-01	1.000000	0
MYRIP	4	5.9017e-01	7.2902e-01	1.000000	0
CTRL	4	5.9026e-01	7.2902e-01	1.000000	0
IGDCC3	4	5.9030e-01	7.2902e-01	1.000000	0
GHRHR	4	5.9038e-01	7.2902e-01	1.000000	0
C12orf10	4	5.9041e-01	7.2902e-01	1.000000	0
RIC8A	4	5.9043e-01	7.2902e-01	1.000000	0
PRR20C	4	5.9046e-01	7.2902e-01	1.000000	0
LCN9	4	5.9049e-01	7.2902e-01	1.000000	0
PSMB6	4	5.9059e-01	7.2902e-01	1.000000	0
GSC2	4	5.9062e-01	7.2902e-01	1.000000	0
PCNXL2	4	5.9073e-01	7.3054e-01	1.000000	0
BCL9	3	5.9080e-01	7.8673e-01	1.000000	0
TEX2	4	5.9086e-01	7.3360e-01	1.000000	0
KLHDC2	4	5.9091e-01	7.3360e-01	1.000000	0
WDR72	4	5.9096e-01	7.3360e-01	1.000000	0
DCX	4	5.9099e-01	7.3360e-01	1.000000	0
LENG1	4	5.9107e-01	7.3360e-01	1.000000	0
ERLEC1	4	5.9110e-01	7.3360e-01	1.000000	0
TMCO5A	4	5.9112e-01	7.3360e-01	1.000000	0
C10orf90	4	5.9115e-01	7.3360e-01	1.000000	0
TUBB4A	4	5.9118e-01	7.3360e-01	1.000000	0
PHLDA3	4	5.9120e-01	7.3360e-01	1.000000	0
DBH	4	5.9128e-01	7.3360e-01	1.000000	0
LSM4	4	5.9131e-01	7.3360e-01	1.000000	0
BRSK1	3	5.9135e-01	7.8673e-01	1.000000	0
NME1	4	5.9139e-01	7.3360e-01	1.000000	0
PDZD3	4	5.9141e-01	7.3360e-01	1.000000	0
C1GALT1	4	5.9165e-01	7.3360e-01	1.000000	0
C1orf111	4	5.9168e-01	7.3360e-01	1.000000	0
SEC22C	4	5.9171e-01	7.3360e-01	1.000000	0
THSD7A	4	5.9176e-01	7.3360e-01	1.000000	0
ERCC4	4	5.9178e-01	7.3360e-01	1.000000	0
MMP2	4	5.9184e-01	7.3360e-01	1.000000	0
TMEM218	4	5.9192e-01	7.3360e-01	1.000000	0
MESP2	4	5.9194e-01	7.3360e-01	1.000000	0
C5orf46	4	5.9213e-01	7.3510e-01	1.000000	0
NME5	4	5.9215e-01	7.3510e-01	1.000000	0
CRTAC1	4	5.9252e-01	7.3510e-01	1.000000	0
GDF2	4	5.9255e-01	7.3510e-01	1.000000	0
UBXN6	4	5.9258e-01	7.3510e-01	1.000000	0
PCNX	4	5.9260e-01	7.3510e-01	1.000000	0
HUS1B	4	5.9263e-01	7.3510e-01	1.000000	0
SAP130	4	5.9266e-01	7.3510e-01	1.000000	0
GCA	4	5.9268e-01	7.3510e-01	1.000000	0
CCDC153	4	5.9271e-01	7.3510e-01	1.000000	0
TTYH3	4	5.9274e-01	7.3510e-01	1.000000	0
ATOH1	4	5.9282e-01	7.3659e-01	1.000000	0
LY6G6C	4	5.9287e-01	7.3659e-01	1.000000	0
CCDC28B	4	5.9292e-01	7.3659e-01	1.000000	0
R3HDM1	4	5.9295e-01	7.3659e-01	1.000000	0
ANKRD30A	4	5.9297e-01	7.3659e-01	1.000000	0
XRCC2	4	5.9303e-01	7.3659e-01	1.000000	0
WDR83OS	4	5.9313e-01	7.3659e-01	1.000000	0
VDR	4	5.9318e-01	7.3659e-01	1.000000	0
KIF21B	4	5.9321e-01	7.3659e-01	1.000000	0
ANXA4	4	5.9324e-01	7.3659e-01	1.000000	0
PCDHA6	4	5.9326e-01	7.3659e-01	1.000000	0
BPIFB6	4	5.9332e-01	7.3659e-01	1.000000	0
CNPY2	4	5.9337e-01	7.3659e-01	1.000000	0
MAATS1	4	5.9347e-01	7.3659e-01	1.000000	0
ESM1	4	5.9350e-01	7.3659e-01	1.000000	0
SERPINA11	4	5.9355e-01	7.3659e-01	1.000000	0
WDYHV1	4	5.9358e-01	7.3659e-01	1.000000	0
AGPAT9	4	5.9369e-01	7.3659e-01	1.000000	0
RTP3	4	5.9371e-01	7.3659e-01	1.000000	0
SRPK1	4	5.9374e-01	7.3659e-01	1.000000	0
AZIN1	4	5.9376e-01	7.3659e-01	1.000000	0
SIRPG	4	5.9398e-01	7.3805e-01	1.000000	0
TSTD2	4	5.9403e-01	7.3805e-01	1.000000	0
ZC2HC1A	4	5.9405e-01	7.3805e-01	1.000000	0
ATG16L2	4	5.9413e-01	7.3805e-01	1.000000	0
NEDD1	4	5.9427e-01	7.3805e-01	1.000000	0
ZNF784	4	5.9429e-01	7.3805e-01	1.000000	0
IPP	3	5.9430e-01	7.9100e-01	1.000000	0
KRT15	4	5.9432e-01	7.3805e-01	1.000000	0
CCNK	4	5.9442e-01	7.3805e-01	1.000000	0
PFKL	4	5.9445e-01	7.3805e-01	1.000000	0
DDX60L	4	5.9448e-01	7.3805e-01	1.000000	0
ADAM7	4	5.9450e-01	7.3805e-01	1.000000	0
KIAA0319L	4	5.9457e-01	7.3805e-01	1.000000	0
GPATCH4	4	5.9461e-01	7.3805e-01	1.000000	0
DMRTC1B	4	5.9463e-01	7.3805e-01	1.000000	0
CPED1	4	5.9466e-01	7.3805e-01	1.000000	0
SAMSN1	4	5.9469e-01	7.3805e-01	1.000000	0
ARMCX2	4	5.9479e-01	7.3805e-01	1.000000	0
WDR44	4	5.9482e-01	7.3805e-01	1.000000	0
KIAA0930	4	5.9492e-01	7.3805e-01	1.000000	0
CHMP3	4	5.9495e-01	7.3805e-01	1.000000	0
IRF2BPL	4	5.9498e-01	7.3805e-01	1.000000	0
TBC1D8	4	5.9503e-01	7.3805e-01	1.000000	0
GPR50	4	5.9508e-01	7.3805e-01	1.000000	0
PLEKHG1	4	5.9513e-01	7.3805e-01	1.000000	0
PON2	4	5.9519e-01	7.3805e-01	1.000000	0
SSBP1	3	5.9526e-01	7.9100e-01	1.000000	0
ZNF333	4	5.9526e-01	7.3805e-01	1.000000	0
LZTS3	4	5.9529e-01	7.3805e-01	1.000000	0
ANKRD36B	4	5.9536e-01	7.3805e-01	1.000000	0
JAK2	4	5.9545e-01	7.3805e-01	1.000000	0
SLC25A2	4	5.9547e-01	7.3805e-01	1.000000	0
ADTRP	4	5.9553e-01	7.3805e-01	1.000000	0
MAP2	4	5.9558e-01	7.3805e-01	1.000000	0
PDGFRL	4	5.9561e-01	7.3805e-01	1.000000	0
ZNF429	4	5.9566e-01	7.3805e-01	1.000000	0
CACNG2	4	5.9571e-01	7.3805e-01	1.000000	0
WDR38	4	5.9595e-01	7.3805e-01	1.000000	0
CT47A2	4	5.9600e-01	7.3805e-01	1.000000	0
AKR1A1	4	5.9605e-01	7.3805e-01	1.000000	0
FAM135A	4	5.9608e-01	7.3805e-01	1.000000	0
SCNN1A	4	5.9616e-01	7.3805e-01	1.000000	0
KL	4	5.9618e-01	7.3805e-01	1.000000	0
PIGM	4	5.9621e-01	7.3805e-01	1.000000	0
SHISA7	4	5.9631e-01	7.3805e-01	1.000000	0
STIM1	4	5.9635e-01	7.3805e-01	1.000000	0
TRAPPC9	4	5.9635e-01	7.3805e-01	1.000000	0
FAM9B	4	5.9639e-01	7.3805e-01	1.000000	0
HFE	4	5.9645e-01	7.3805e-01	1.000000	0
AQP12B	4	5.9647e-01	7.3805e-01	1.000000	0
UCN3	4	5.9650e-01	7.3805e-01	1.000000	0
STAU1	4	5.9652e-01	7.3805e-01	1.000000	0
TCEA2	4	5.9660e-01	7.3805e-01	1.000000	0
ECSCR	4	5.9689e-01	7.3805e-01	1.000000	0
OR56B1	4	5.9692e-01	7.3805e-01	1.000000	0
LIPK	4	5.9694e-01	7.3805e-01	1.000000	0
KRTAP21-1	4	5.9697e-01	7.3805e-01	1.000000	0
OR6P1	4	5.9700e-01	7.3805e-01	1.000000	0
DNAJB14	4	5.9707e-01	7.3805e-01	1.000000	0
PROB1	4	5.9710e-01	7.3805e-01	1.000000	0
NECAB1	4	5.9713e-01	7.3805e-01	1.000000	0
VAMP5	4	5.9715e-01	7.3805e-01	1.000000	0
SLC35G2	4	5.9718e-01	7.3805e-01	1.000000	0
RUSC1	4	5.9721e-01	7.3805e-01	1.000000	0
GAREML	4	5.9723e-01	7.3805e-01	1.000000	0
UBC	4	5.9726e-01	7.3805e-01	1.000000	0
TMEM263	4	5.9731e-01	7.3805e-01	1.000000	0
TMEM183A	4	5.9734e-01	7.3805e-01	1.000000	0
OR2C3	4	5.9736e-01	7.3805e-01	1.000000	0
FAM177A1	4	5.9747e-01	7.3805e-01	1.000000	0
RCSD1	4	5.9749e-01	7.3805e-01	1.000000	0
TIMM17B	4	5.9752e-01	7.3805e-01	1.000000	0
NUP98	4	5.9757e-01	7.3805e-01	1.000000	0
GPR84	4	5.9768e-01	7.3805e-01	1.000000	0
ANP32E	4	5.9773e-01	7.3805e-01	1.000000	0
TCTN1	4	5.9775e-01	7.3805e-01	1.000000	0
ZER1	4	5.9782e-01	7.3805e-01	1.000000	0
CNTD2	4	5.9786e-01	7.3805e-01	1.000000	0
ATXN1L	4	5.9791e-01	7.3805e-01	1.000000	0
ECHDC2	4	5.9799e-01	7.3805e-01	1.000000	0
SSNA1	4	5.9802e-01	7.3805e-01	1.000000	0
EIF5AL1	4	5.9804e-01	7.3805e-01	1.000000	0
TMEM259	4	5.9807e-01	7.3805e-01	1.000000	0
STAT6	4	5.9809e-01	7.3805e-01	1.000000	0
CLEC2B	4	5.9812e-01	7.3805e-01	1.000000	0
MYBPC3	4	5.9828e-01	7.3805e-01	1.000000	0
FAM132B	4	5.9830e-01	7.3805e-01	1.000000	0
CAB39L	4	5.9838e-01	7.3805e-01	1.000000	0
FABP6	4	5.9843e-01	7.3805e-01	1.000000	0
GRIN3B	4	5.9849e-01	7.3805e-01	1.000000	0
IFNA6	4	5.9857e-01	7.3805e-01	1.000000	0
SH2D7	4	5.9862e-01	7.3805e-01	1.000000	0
HMGB2	4	5.9875e-01	7.3805e-01	1.000000	0
NAALAD2	4	5.9883e-01	7.3950e-01	1.000000	0
NOV	4	5.9885e-01	7.3950e-01	1.000000	0
OR2J3	4	5.9890e-01	7.3950e-01	1.000000	0
PYGB	3	5.9896e-01	7.9729e-01	1.000000	0
CABLES2	4	5.9898e-01	7.3950e-01	1.000000	0
DUSP16	4	5.9901e-01	7.3950e-01	1.000000	0
FAM53A	4	5.9904e-01	7.3950e-01	1.000000	0
PIGP	4	5.9914e-01	7.3950e-01	1.000000	0
SELP	4	5.9922e-01	7.3950e-01	1.000000	0
TRIM64B	4	5.9924e-01	7.3950e-01	1.000000	0
DBP	4	5.9927e-01	7.3950e-01	1.000000	0
MOB1A	4	5.9935e-01	7.3950e-01	1.000000	0
ZWINT	4	5.9943e-01	7.3950e-01	1.000000	0
ALKBH3	4	5.9948e-01	7.3950e-01	1.000000	0
BYSL	4	5.9958e-01	7.3950e-01	1.000000	0
PRSS55	4	5.9963e-01	7.3950e-01	1.000000	0
XKR7	4	5.9979e-01	7.3950e-01	1.000000	0
OR2T6	4	6.0000e-01	7.4096e-01	1.000000	0
SERINC4	4	6.0003e-01	7.4096e-01	1.000000	0
MTFR2	4	6.0005e-01	7.4096e-01	1.000000	0
SAMD7	4	6.0010e-01	7.4096e-01	1.000000	0
COL6A6	4	6.0018e-01	7.4096e-01	1.000000	0
ELMO1	4	6.0021e-01	7.4096e-01	1.000000	0
C11orf42	4	6.0023e-01	7.4096e-01	1.000000	0
C11orf74	4	6.0029e-01	7.4096e-01	1.000000	0
USP49	4	6.0031e-01	7.4096e-01	1.000000	0
TRIM58	4	6.0035e-01	7.4096e-01	1.000000	0
SPATA31A7	4	6.0039e-01	7.4096e-01	1.000000	0
ARL17B	4	6.0049e-01	7.4096e-01	1.000000	0
NUDT14	4	6.0055e-01	7.4096e-01	1.000000	0
MMP12	4	6.0062e-01	7.4096e-01	1.000000	0
TYRP1	4	6.0068e-01	7.4096e-01	1.000000	0
RABAC1	4	6.0070e-01	7.4096e-01	1.000000	0
RERE	4	6.0081e-01	7.4096e-01	1.000000	0
PLSCR5	4	6.0086e-01	7.4096e-01	1.000000	0
TMEM26	4	6.0104e-01	7.4096e-01	1.000000	0
HOOK1	4	6.0112e-01	7.4096e-01	1.000000	0
CYB5RL	4	6.0112e-01	7.4096e-01	1.000000	0
NBEAL2	4	6.0117e-01	7.4096e-01	1.000000	0
TMEM47	4	6.0127e-01	7.4096e-01	1.000000	0
CDK5RAP2	4	6.0130e-01	7.4096e-01	1.000000	0
DOK7	4	6.0135e-01	7.4245e-01	1.000000	0
HCFC2	4	6.0140e-01	7.4245e-01	1.000000	0
SIL1	4	6.0146e-01	7.4245e-01	1.000000	0
NR2F1	4	6.0148e-01	7.4245e-01	1.000000	0
YBEY	4	6.0151e-01	7.4245e-01	1.000000	0
RHCE	4	6.0156e-01	7.4245e-01	1.000000	0
HEPACAM	4	6.0159e-01	7.4245e-01	1.000000	0
NUDT8	4	6.0161e-01	7.4245e-01	1.000000	0
RASSF6	4	6.0164e-01	7.4245e-01	1.000000	0
KLRF1	4	6.0172e-01	7.4245e-01	1.000000	0
POLR2E	4	6.0187e-01	7.4245e-01	1.000000	0
MAPT	4	6.0192e-01	7.4245e-01	1.000000	0
GBP4	4	6.0198e-01	7.4245e-01	1.000000	0
OR4A47	4	6.0200e-01	7.4245e-01	1.000000	0
CHST5	4	6.0208e-01	7.4245e-01	1.000000	0
INSL3	4	6.0211e-01	7.4245e-01	1.000000	0
APPL1	4	6.0216e-01	7.4245e-01	1.000000	0
ATG4A	4	6.0223e-01	7.4245e-01	1.000000	0
C20orf141	4	6.0229e-01	7.4245e-01	1.000000	0
USP44	4	6.0234e-01	7.4245e-01	1.000000	0
DMXL1	4	6.0242e-01	7.4245e-01	1.000000	0
SPRR1B	4	6.0247e-01	7.4245e-01	1.000000	0
CD63	4	6.0262e-01	7.4389e-01	1.000000	0
HLA-DRB5	4	6.0270e-01	7.4389e-01	1.000000	0
GTF2F1	4	6.0273e-01	7.4389e-01	1.000000	0
SLC25A40	4	6.0275e-01	7.4389e-01	1.000000	0
SPRR4	4	6.0278e-01	7.4389e-01	1.000000	0
DYNLL2	4	6.0283e-01	7.4389e-01	1.000000	0
SIMC1	4	6.0288e-01	7.4389e-01	1.000000	0
ADAMTSL1	4	6.0293e-01	7.4389e-01	1.000000	0
MYPOP	4	6.0310e-01	7.4389e-01	1.000000	0
GTF3C6	4	6.0314e-01	7.4389e-01	1.000000	0
ADAM2	4	6.0325e-01	7.4389e-01	1.000000	0
GLO1	4	6.0335e-01	7.4389e-01	1.000000	0
MBOAT4	4	6.0337e-01	7.4389e-01	1.000000	0
CLDN1	4	6.0348e-01	7.4389e-01	1.000000	0
DDO	4	6.0353e-01	7.4389e-01	1.000000	0
RCAN1	4	6.0356e-01	7.4389e-01	1.000000	0
MEF2D	4	6.0358e-01	7.4389e-01	1.000000	0
ZFHX3	4	6.0371e-01	7.4389e-01	1.000000	0
ICAM5	4	6.0374e-01	7.4389e-01	1.000000	0
ANKRD33B	4	6.0376e-01	7.4389e-01	1.000000	0
INPPL1	4	6.0387e-01	7.4533e-01	1.000000	0
CCND2	4	6.0389e-01	7.4533e-01	1.000000	0
TAS2R46	4	6.0392e-01	7.4533e-01	1.000000	0
DRP2	4	6.0394e-01	7.4533e-01	1.000000	0
MCTP2	4	6.0397e-01	7.4533e-01	1.000000	0
ASB13	4	6.0402e-01	7.4533e-01	1.000000	0
OR4F5	4	6.0407e-01	7.4533e-01	1.000000	0
FGFBP2	4	6.0415e-01	7.4533e-01	1.000000	0
IDH3A	4	6.0418e-01	7.4533e-01	1.000000	0
PBX3	4	6.0420e-01	7.4533e-01	1.000000	0
SLC35F3	4	6.0425e-01	7.4678e-01	1.000000	0
PLG	4	6.0433e-01	7.4678e-01	1.000000	0
PLXND1	4	6.0441e-01	7.4678e-01	1.000000	0
CCDC42B	4	6.0443e-01	7.4678e-01	1.000000	0
ANHX	4	6.0449e-01	7.4678e-01	1.000000	0
DPP6	4	6.0451e-01	7.4678e-01	1.000000	0
PRR35	4	6.0454e-01	7.4678e-01	1.000000	0
CA14	4	6.0456e-01	7.4678e-01	1.000000	0
H6PD	4	6.0459e-01	7.4678e-01	1.000000	0
OPCML	4	6.0462e-01	7.4678e-01	1.000000	0
SEC11A	4	6.0467e-01	7.4678e-01	1.000000	0
PIANP	4	6.0480e-01	7.4678e-01	1.000000	0
RASGEF1B	4	6.0482e-01	7.4678e-01	1.000000	0
SPATA12	4	6.0490e-01	7.4827e-01	1.000000	0
HLA-DQB1	4	6.0493e-01	7.4827e-01	1.000000	0
NPIPA5	4	6.0495e-01	7.4827e-01	1.000000	0
C8orf31	4	6.0503e-01	7.4827e-01	1.000000	0
ERP44	4	6.0508e-01	7.4827e-01	1.000000	0
ABHD11	4	6.0513e-01	7.4827e-01	1.000000	0
VN1R1	4	6.0516e-01	7.4827e-01	1.000000	0
PLA2G10	4	6.0521e-01	7.4827e-01	1.000000	0
ATXN3L	4	6.0523e-01	7.4827e-01	1.000000	0
PINLYP	4	6.0527e-01	7.4827e-01	1.000000	0
USP17L25	4	6.0539e-01	7.4827e-01	1.000000	0
APP	4	6.0542e-01	7.4827e-01	1.000000	0
WFDC2	4	6.0554e-01	7.4827e-01	1.000000	0
FAM188B	4	6.0557e-01	7.4827e-01	1.000000	0
FLI1	4	6.0565e-01	7.4827e-01	1.000000	0
GZMB	4	6.0576e-01	7.4827e-01	1.000000	0
HOXA3	4	6.0585e-01	7.4827e-01	1.000000	0
GNG5	4	6.0588e-01	7.4827e-01	1.000000	0
CT45A1	2	6.0589e-01	8.5728e-01	1.000000	0
NEU1	4	6.0590e-01	7.4827e-01	1.000000	0
CD53	4	6.0594e-01	7.4827e-01	1.000000	0
AIPL1	4	6.0601e-01	7.4827e-01	1.000000	0
TLX3	4	6.0609e-01	7.4969e-01	1.000000	0
ENGASE	4	6.0616e-01	7.4969e-01	1.000000	0
KRT86	4	6.0629e-01	7.4969e-01	1.000000	0
HSFX2	4	6.0634e-01	7.4969e-01	1.000000	0
KBTBD12	4	6.0642e-01	7.5111e-01	1.000000	0
CACNA2D4	4	6.0645e-01	7.5111e-01	1.000000	0
KLB	4	6.0647e-01	7.5111e-01	1.000000	0
ZMYM6	4	6.0652e-01	7.5111e-01	1.000000	0
PRR14	4	6.0657e-01	7.5111e-01	1.000000	0
SMG8	4	6.0660e-01	7.5111e-01	1.000000	0
ENTHD1	4	6.0663e-01	7.5111e-01	1.000000	0
WDR7	4	6.0665e-01	7.5111e-01	1.000000	0
STAP2	4	6.0704e-01	7.5111e-01	1.000000	0
ACAA1	4	6.0706e-01	7.5111e-01	1.000000	0
NKX1-2	4	6.0714e-01	7.5111e-01	1.000000	0
RNASEH1	4	6.0717e-01	7.5111e-01	1.000000	0
AUP1	4	6.0722e-01	7.5111e-01	1.000000	0
ZFP41	4	6.0724e-01	7.5111e-01	1.000000	0
DUOX1	4	6.0727e-01	7.5111e-01	1.000000	0
KCNK18	4	6.0729e-01	7.5111e-01	1.000000	0
HSPA1A	4	6.0740e-01	7.5254e-01	1.000000	0
ASIC1	4	6.0742e-01	7.5254e-01	1.000000	0
TMEM131	4	6.0745e-01	7.5254e-01	1.000000	0
OAF	4	6.0747e-01	7.5254e-01	1.000000	0
PRICKLE3	4	6.0750e-01	7.5254e-01	1.000000	0
DEPTOR	4	6.0760e-01	7.5254e-01	1.000000	0
KLRD1	4	6.0763e-01	7.5254e-01	1.000000	0
CD177	4	6.0765e-01	7.5254e-01	1.000000	0
SEC11C	4	6.0769e-01	7.5254e-01	1.000000	0
C1orf210	4	6.0773e-01	7.5254e-01	1.000000	0
DACH2	4	6.0781e-01	7.5254e-01	1.000000	0
SLC35F2	4	6.0783e-01	7.5254e-01	1.000000	0
RLN2	4	6.0796e-01	7.5254e-01	1.000000	0
PIWIL2	4	6.0799e-01	7.5254e-01	1.000000	0
KDELC2	4	6.0801e-01	7.5254e-01	1.000000	0
CLTA	4	6.0804e-01	7.5254e-01	1.000000	0
HSPH1	4	6.0812e-01	7.5254e-01	1.000000	0
ERG	4	6.0814e-01	7.5254e-01	1.000000	0
RNF165	4	6.0819e-01	7.5398e-01	1.000000	0
MYL12B	4	6.0842e-01	7.5534e-01	1.000000	0
EAPP	4	6.0845e-01	7.5534e-01	1.000000	0
ASPG	4	6.0847e-01	7.5534e-01	1.000000	0
PAQR7	4	6.0850e-01	7.5534e-01	1.000000	0
VAT1	4	6.0853e-01	7.5534e-01	1.000000	0
NFU1	4	6.0855e-01	7.5534e-01	1.000000	0
IL4R	4	6.0870e-01	7.5676e-01	1.000000	0
MDK	4	6.0876e-01	7.5676e-01	1.000000	0
C12orf65	4	6.0878e-01	7.5676e-01	1.000000	0
FGF3	4	6.0881e-01	7.5676e-01	1.000000	0
C11orf40	4	6.0899e-01	7.5676e-01	1.000000	0
ZNF318	4	6.0901e-01	7.5676e-01	1.000000	0
LIFR	4	6.0904e-01	7.5676e-01	1.000000	0
KRTAP4-8	4	6.0906e-01	7.5676e-01	1.000000	0
ADCY7	4	6.0919e-01	7.5813e-01	1.000000	0
DPRX	4	6.0924e-01	7.5813e-01	1.000000	0
LY6G5C	4	6.0931e-01	7.5813e-01	1.000000	0
OR5B12	4	6.0934e-01	7.5813e-01	1.000000	0
TDP2	4	6.0952e-01	7.5813e-01	1.000000	0
APOF	4	6.0958e-01	7.5813e-01	1.000000	0
CYP2S1	4	6.0963e-01	7.5813e-01	1.000000	0
KCTD17	4	6.0970e-01	7.5813e-01	1.000000	0
TYRO3	4	6.0988e-01	7.5951e-01	1.000000	0
PIGW	4	6.0991e-01	7.5951e-01	1.000000	0
ARHGEF10	4	6.0996e-01	7.5951e-01	1.000000	0
CDH3	4	6.1004e-01	7.5951e-01	1.000000	0
CALU	4	6.1011e-01	7.5951e-01	1.000000	0
CPNE1	4	6.1021e-01	7.5951e-01	1.000000	0
CCZ1	4	6.1027e-01	7.5951e-01	1.000000	0
AGBL2	4	6.1029e-01	7.5951e-01	1.000000	0
OR4C6	4	6.1034e-01	7.5951e-01	1.000000	0
CISH	4	6.1038e-01	7.5951e-01	1.000000	0
ITK	4	6.1042e-01	7.5951e-01	1.000000	0
NSMCE2	4	6.1055e-01	7.5951e-01	1.000000	0
COL8A1	4	6.1062e-01	7.6081e-01	1.000000	0
TLE2	4	6.1065e-01	7.6081e-01	1.000000	0
GGH	4	6.1067e-01	7.6081e-01	1.000000	0
UNC80	4	6.1072e-01	7.6081e-01	1.000000	0
ATP7A	4	6.1075e-01	7.6081e-01	1.000000	0
C1orf21	4	6.1083e-01	7.6081e-01	1.000000	0
NEUROD4	4	6.1093e-01	7.6081e-01	1.000000	0
STEAP1	4	6.1098e-01	7.6081e-01	1.000000	0
LHX1	4	6.1118e-01	7.6081e-01	1.000000	0
PDLIM2	4	6.1123e-01	7.6081e-01	1.000000	0
PPP3CA	4	6.1126e-01	7.6081e-01	1.000000	0
ERRFI1	4	6.1129e-01	7.6081e-01	1.000000	0
PKN1	4	6.1131e-01	7.6081e-01	1.000000	0
PYGM	4	6.1134e-01	7.6081e-01	1.000000	0
NPB	4	6.1136e-01	7.6081e-01	1.000000	0
C1QTNF9B	4	6.1143e-01	7.6081e-01	1.000000	0
ZNF2	4	6.1164e-01	7.6081e-01	1.000000	0
STAC	4	6.1169e-01	7.6081e-01	1.000000	0
GPR33	4	6.1172e-01	7.6081e-01	1.000000	0
CAPN5	4	6.1177e-01	7.6081e-01	1.000000	0
ZDHHC15	4	6.1180e-01	7.6081e-01	1.000000	0
LRRC43	4	6.1185e-01	7.6081e-01	1.000000	0
NEB	4	6.1187e-01	7.6081e-01	1.000000	0
UGT1A9	4	6.1190e-01	7.6081e-01	1.000000	0
PTGES2	4	6.1195e-01	7.6081e-01	1.000000	0
ENTPD7	4	6.1197e-01	7.6081e-01	1.000000	0
FAM174A	4	6.1200e-01	7.6081e-01	1.000000	0
BCL2L11	4	6.1208e-01	7.6081e-01	1.000000	0
PREX1	4	6.1210e-01	7.6081e-01	1.000000	0
WRNIP1	4	6.1225e-01	7.6081e-01	1.000000	0
THSD4	4	6.1228e-01	7.6081e-01	1.000000	0
TINAG	4	6.1233e-01	7.6081e-01	1.000000	0
FCAR	4	6.1238e-01	7.6081e-01	1.000000	0
DHRS3	4	6.1251e-01	7.6081e-01	1.000000	0
IP6K2	4	6.1256e-01	7.6081e-01	1.000000	0
CEACAM8	4	6.1261e-01	7.6081e-01	1.000000	0
LAMC1	4	6.1264e-01	7.6081e-01	1.000000	0
GPC2	4	6.1266e-01	7.6081e-01	1.000000	0
NT5E	4	6.1284e-01	7.6081e-01	1.000000	0
KCNB2	4	6.1286e-01	7.6081e-01	1.000000	0
TRERF1	4	6.1289e-01	7.6081e-01	1.000000	0
RNF187	4	6.1291e-01	7.6081e-01	1.000000	0
CCDC94	4	6.1294e-01	7.6081e-01	1.000000	0
GMPS	4	6.1299e-01	7.6081e-01	1.000000	0
NAA38	4	6.1304e-01	7.6081e-01	1.000000	0
CCDC62	4	6.1307e-01	7.6081e-01	1.000000	0
IGFL4	4	6.1309e-01	7.6081e-01	1.000000	0
CTNNBIP1	4	6.1312e-01	7.6081e-01	1.000000	0
PIK3CA	4	6.1314e-01	7.6081e-01	1.000000	0
BTNL3	4	6.1325e-01	7.6081e-01	1.000000	0
SLC51B	4	6.1327e-01	7.6081e-01	1.000000	0
DLGAP3	4	6.1330e-01	7.6081e-01	1.000000	0
HACD2	4	6.1332e-01	7.6081e-01	1.000000	0
FIZ1	4	6.1335e-01	7.6081e-01	1.000000	0
ATAD2B	4	6.1337e-01	7.6081e-01	1.000000	0
ZNF658	4	6.1340e-01	7.6081e-01	1.000000	0
BNIP3	4	6.1347e-01	7.6081e-01	1.000000	0
SEC14L3	4	6.1355e-01	7.6081e-01	1.000000	0
SP110	4	6.1363e-01	7.6081e-01	1.000000	0
EP300	4	6.1373e-01	7.6081e-01	1.000000	0
FAM63A	4	6.1375e-01	7.6081e-01	1.000000	0
CPAMD8	4	6.1385e-01	7.6216e-01	1.000000	0
LAMB3	4	6.1393e-01	7.6216e-01	1.000000	0
TPRKB	4	6.1398e-01	7.6216e-01	1.000000	0
GNRH1	4	6.1401e-01	7.6216e-01	1.000000	0
PCBD2	4	6.1403e-01	7.6216e-01	1.000000	0
LMO3	4	6.1411e-01	7.6216e-01	1.000000	0
UNC93B1	4	6.1431e-01	7.6216e-01	1.000000	0
SCN2A	4	6.1434e-01	7.6216e-01	1.000000	0
FKRP	4	6.1439e-01	7.6216e-01	1.000000	0
OR4C45	4	6.1444e-01	7.6216e-01	1.000000	0
DEFB128	4	6.1446e-01	7.6216e-01	1.000000	0
MSH2	4	6.1458e-01	7.6216e-01	1.000000	0
TMEM19	4	6.1458e-01	7.6216e-01	1.000000	0
SSX7	4	6.1477e-01	7.6216e-01	1.000000	0
HPDL	4	6.1479e-01	7.6216e-01	1.000000	0
TGIF2LX	4	6.1482e-01	7.6216e-01	1.000000	0
BRICD5	4	6.1487e-01	7.6216e-01	1.000000	0
KAT7	4	6.1499e-01	7.6216e-01	1.000000	0
TNS1	4	6.1502e-01	7.6216e-01	1.000000	0
C3orf36	4	6.1510e-01	7.6216e-01	1.000000	0
PPP2R1B	4	6.1520e-01	7.6216e-01	1.000000	0
GAGE12I	4	6.1527e-01	7.6216e-01	1.000000	0
ZNF699	4	6.1530e-01	7.6216e-01	1.000000	0
SBSPON	4	6.1536e-01	7.6216e-01	1.000000	0
ANKRD23	4	6.1545e-01	7.6216e-01	1.000000	0
PALB2	4	6.1548e-01	7.6216e-01	1.000000	0
LRRC16B	4	6.1555e-01	7.6216e-01	1.000000	0
MRPS15	4	6.1563e-01	7.6216e-01	1.000000	0
SAMD3	4	6.1565e-01	7.6216e-01	1.000000	0
TEX35	4	6.1573e-01	7.6216e-01	1.000000	0
HRNR	4	6.1575e-01	7.6216e-01	1.000000	0
CEACAM21	4	6.1585e-01	7.6216e-01	1.000000	0
CABP4	4	6.1593e-01	7.6216e-01	1.000000	0
DXO	4	6.1596e-01	7.6216e-01	1.000000	0
LOC388780	4	6.1599e-01	7.6216e-01	1.000000	0
GNAQ	4	6.1611e-01	7.6216e-01	1.000000	0
CD164	4	6.1613e-01	7.6216e-01	1.000000	0
TLR3	4	6.1623e-01	7.6216e-01	1.000000	0
DNAJB12	4	6.1628e-01	7.6216e-01	1.000000	0
ZSWIM8	4	6.1636e-01	7.6216e-01	1.000000	0
HLA-DRA	4	6.1641e-01	7.6216e-01	1.000000	0
TCL1B	4	6.1646e-01	7.6216e-01	1.000000	0
HDDC3	4	6.1654e-01	7.6216e-01	1.000000	0
TNFRSF13C	4	6.1661e-01	7.6216e-01	1.000000	0
SLC39A7	4	6.1666e-01	7.6216e-01	1.000000	0
RHOU	4	6.1669e-01	7.6216e-01	1.000000	0
PRKCH	4	6.1676e-01	7.6216e-01	1.000000	0
SLC25A1	4	6.1679e-01	7.6216e-01	1.000000	0
ZKSCAN7	4	6.1685e-01	7.6216e-01	1.000000	0
TCP11L1	4	6.1685e-01	7.6216e-01	1.000000	0
DHX40	4	6.1691e-01	7.6216e-01	1.000000	0
NFAT5	4	6.1702e-01	7.6347e-01	1.000000	0
PRSS58	4	6.1704e-01	7.6347e-01	1.000000	0
AK9	4	6.1712e-01	7.6347e-01	1.000000	0
TFAP2E	4	6.1714e-01	7.6347e-01	1.000000	0
RWDD4	4	6.1719e-01	7.6347e-01	1.000000	0
CRLF2	4	6.1724e-01	7.6347e-01	1.000000	0
KRT31	4	6.1728e-01	7.6347e-01	1.000000	0
ITGB2	4	6.1739e-01	7.6347e-01	1.000000	0
PLSCR2	4	6.1742e-01	7.6347e-01	1.000000	0
SRGAP1	4	6.1744e-01	7.6347e-01	1.000000	0
ZNF844	4	6.1749e-01	7.6347e-01	1.000000	0
PROK1	4	6.1754e-01	7.6347e-01	1.000000	0
PCOLCE2	4	6.1757e-01	7.6347e-01	1.000000	0
MAP6	4	6.1759e-01	7.6347e-01	1.000000	0
PVRL4	4	6.1767e-01	7.6347e-01	1.000000	0
NEDD8-MDP1	4	6.1772e-01	7.6488e-01	1.000000	0
SLC38A6	4	6.1775e-01	7.6488e-01	1.000000	0
MCOLN2	4	6.1778e-01	7.6488e-01	1.000000	0
HIST1H2AB	4	6.1782e-01	7.6488e-01	1.000000	0
OTX1	4	6.1790e-01	7.6488e-01	1.000000	0
OR11H4	4	6.1792e-01	7.6488e-01	1.000000	0
ZNF341	4	6.1795e-01	7.6488e-01	1.000000	0
TMEM144	4	6.1810e-01	7.6488e-01	1.000000	0
SH3BP2	4	6.1817e-01	7.6625e-01	1.000000	0
PPBP	4	6.1843e-01	7.6625e-01	1.000000	0
PLA2G4F	4	6.1845e-01	7.6625e-01	1.000000	0
KLF15	4	6.1848e-01	7.6625e-01	1.000000	0
TMEM248	4	6.1853e-01	7.6625e-01	1.000000	0
C12orf80	4	6.1858e-01	7.6625e-01	1.000000	0
KCNJ8	4	6.1860e-01	7.6625e-01	1.000000	0
SLX1A	4	6.1863e-01	7.6625e-01	1.000000	0
FAM127B	4	6.1878e-01	7.6761e-01	1.000000	0
VAV1	4	6.1880e-01	7.6761e-01	1.000000	0
SBK3	4	6.1883e-01	7.6761e-01	1.000000	0
C1orf53	4	6.1913e-01	7.6761e-01	1.000000	0
OR4N4	4	6.1918e-01	7.6761e-01	1.000000	0
ANXA8L1	4	6.1923e-01	7.6761e-01	1.000000	0
SLC30A6	4	6.1925e-01	7.6761e-01	1.000000	0
TCF25	4	6.1945e-01	7.6761e-01	1.000000	0
MTUS2	4	6.1950e-01	7.6761e-01	1.000000	0
CCDC106	4	6.1956e-01	7.6761e-01	1.000000	0
C1QB	4	6.1958e-01	7.6761e-01	1.000000	0
GEMIN4	4	6.1978e-01	7.6896e-01	1.000000	0
BRCA2	4	6.1981e-01	7.6896e-01	1.000000	0
LONP1	4	6.1983e-01	7.6896e-01	1.000000	0
ZNF140	4	6.1987e-01	7.6896e-01	1.000000	0
ABCG8	4	6.1998e-01	7.6896e-01	1.000000	0
SPR	4	6.2001e-01	7.6896e-01	1.000000	0
PGLYRP2	4	6.2013e-01	7.6896e-01	1.000000	0
FER	4	6.2016e-01	7.6896e-01	1.000000	0
SLC17A6	4	6.2018e-01	7.6896e-01	1.000000	0
CGREF1	4	6.2026e-01	7.7030e-01	1.000000	0
ZNF397	3	6.2026e-01	8.2953e-01	1.000000	0
PTGFR	4	6.2029e-01	7.7030e-01	1.000000	0
ANKRD45	4	6.2029e-01	7.7030e-01	1.000000	0
TMEM139	4	6.2033e-01	7.7030e-01	1.000000	0
COPG2	4	6.2037e-01	7.7030e-01	1.000000	0
DLGAP4	4	6.2048e-01	7.7030e-01	1.000000	0
MYH4	4	6.2052e-01	7.7030e-01	1.000000	0
SLC10A3	4	6.2057e-01	7.7030e-01	1.000000	0
FCGR1A	4	6.2071e-01	7.7030e-01	1.000000	0
GPR119	4	6.2076e-01	7.7030e-01	1.000000	0
CDO1	4	6.2088e-01	7.7030e-01	1.000000	0
RNASE13	4	6.2097e-01	7.7030e-01	1.000000	0
C5orf24	4	6.2101e-01	7.7030e-01	1.000000	0
TACO1	4	6.2103e-01	7.7030e-01	1.000000	0
FBXO47	4	6.2111e-01	7.7030e-01	1.000000	0
PPARD	4	6.2116e-01	7.7030e-01	1.000000	0
FAM47C	4	6.2118e-01	7.7030e-01	1.000000	0
ATP6V0A4	4	6.2123e-01	7.7030e-01	1.000000	0
ZSCAN32	4	6.2126e-01	7.7030e-01	1.000000	0
UAP1L1	4	6.2128e-01	7.7030e-01	1.000000	0
ORC2	4	6.2131e-01	7.7030e-01	1.000000	0
CECR5	4	6.2141e-01	7.7030e-01	1.000000	0
EMC8	4	6.2143e-01	7.7030e-01	1.000000	0
ARHGAP1	4	6.2163e-01	7.7165e-01	1.000000	0
PIEZO1	4	6.2168e-01	7.7165e-01	1.000000	0
PIP4K2C	4	6.2176e-01	7.7298e-01	1.000000	0
ZNF169	4	6.2181e-01	7.7298e-01	1.000000	0
PARK7	4	6.2183e-01	7.7298e-01	1.000000	0
ELMSAN1	4	6.2188e-01	7.7298e-01	1.000000	0
TMPRSS4	4	6.2203e-01	7.7298e-01	1.000000	0
DYDC1	4	6.2206e-01	7.7298e-01	1.000000	0
GALNT10	3	6.2216e-01	8.3135e-01	1.000000	0
CC2D2B	4	6.2231e-01	7.7298e-01	1.000000	0
ANKEF1	4	6.2233e-01	7.7298e-01	1.000000	0
SLC9C2	4	6.2238e-01	7.7298e-01	1.000000	0
FRY	4	6.2244e-01	7.7298e-01	1.000000	0
VTI1A	4	6.2253e-01	7.7298e-01	1.000000	0
KLHL23	4	6.2266e-01	7.7298e-01	1.000000	0
C7orf57	4	6.2268e-01	7.7298e-01	1.000000	0
C6orf222	4	6.2271e-01	7.7298e-01	1.000000	0
GYPE	4	6.2276e-01	7.7298e-01	1.000000	0
NCF1	3	6.2285e-01	8.3135e-01	1.000000	0
NME8	4	6.2286e-01	7.7298e-01	1.000000	0
CCDC60	4	6.2291e-01	7.7298e-01	1.000000	0
TRIM47	4	6.2296e-01	7.7298e-01	1.000000	0
ITGA10	4	6.2298e-01	7.7298e-01	1.000000	0
SIRT3	4	6.2303e-01	7.7298e-01	1.000000	0
UPK1A	4	6.2308e-01	7.7298e-01	1.000000	0
STRN3	4	6.2310e-01	7.7298e-01	1.000000	0
C20orf196	4	6.2313e-01	7.7298e-01	1.000000	0
TMEM132B	4	6.2318e-01	7.7298e-01	1.000000	0
DOK1	4	6.2323e-01	7.7429e-01	1.000000	0
NME4	4	6.2325e-01	7.7429e-01	1.000000	0
CCDC69	4	6.2328e-01	7.7429e-01	1.000000	0
GRIK4	4	6.2330e-01	7.7429e-01	1.000000	0
GALNT5	4	6.2340e-01	7.7429e-01	1.000000	0
UEVLD	4	6.2343e-01	7.7429e-01	1.000000	0
CPA5	4	6.2348e-01	7.7429e-01	1.000000	0
CHM	4	6.2350e-01	7.7429e-01	1.000000	0
GS1-259H13.2	4	6.2353e-01	7.7429e-01	1.000000	0
GPR149	4	6.2358e-01	7.7429e-01	1.000000	0
RANBP3	4	6.2360e-01	7.7429e-01	1.000000	0
SLC1A4	4	6.2368e-01	7.7429e-01	1.000000	0
BAG1	4	6.2375e-01	7.7429e-01	1.000000	0
GPR78	4	6.2388e-01	7.7429e-01	1.000000	0
OR10S1	4	6.2393e-01	7.7429e-01	1.000000	0
KCNH3	4	6.2395e-01	7.7429e-01	1.000000	0
C2orf44	4	6.2398e-01	7.7429e-01	1.000000	0
LSMEM1	4	6.2403e-01	7.7429e-01	1.000000	0
WDR60	4	6.2410e-01	7.7563e-01	1.000000	0
ADGRL2	4	6.2417e-01	7.7563e-01	1.000000	0
UQCC2	4	6.2427e-01	7.7563e-01	1.000000	0
TPM3	4	6.2430e-01	7.7563e-01	1.000000	0
PKP1	4	6.2440e-01	7.7563e-01	1.000000	0
REC8	4	6.2445e-01	7.7563e-01	1.000000	0
FNDC3B	4	6.2450e-01	7.7563e-01	1.000000	0
PPP1R13L	4	6.2453e-01	7.7563e-01	1.000000	0
TNK1	4	6.2457e-01	7.7563e-01	1.000000	0
ZNF732	4	6.2460e-01	7.7563e-01	1.000000	0
PKP2	4	6.2462e-01	7.7563e-01	1.000000	0
ZRANB3	4	6.2467e-01	7.7563e-01	1.000000	0
NRXN1	4	6.2472e-01	7.7563e-01	1.000000	0
CCDC127	4	6.2475e-01	7.7563e-01	1.000000	0
JKAMP	4	6.2485e-01	7.7563e-01	1.000000	0
ZNF98	4	6.2497e-01	7.7563e-01	1.000000	0
HPS4	4	6.2502e-01	7.7563e-01	1.000000	0
KRBOX4	4	6.2507e-01	7.7563e-01	1.000000	0
IL21R	4	6.2512e-01	7.7563e-01	1.000000	0
WHAMM	4	6.2529e-01	7.7563e-01	1.000000	0
NF1	4	6.2537e-01	7.7563e-01	1.000000	0
DNAJC16	4	6.2556e-01	7.7563e-01	1.000000	0
OR6Y1	4	6.2564e-01	7.7563e-01	1.000000	0
KRTAP3-1	4	6.2566e-01	7.7563e-01	1.000000	0
B9D1	4	6.2574e-01	7.7563e-01	1.000000	0
EBPL	4	6.2581e-01	7.7563e-01	1.000000	0
ARL6IP5	4	6.2584e-01	7.7563e-01	1.000000	0
PRAMEF9	4	6.2586e-01	7.7563e-01	1.000000	0
EXOC3L4	4	6.2589e-01	7.7563e-01	1.000000	0
TRAPPC13	4	6.2591e-01	7.7563e-01	1.000000	0
ARL16	4	6.2596e-01	7.7563e-01	1.000000	0
SAXO1	4	6.2606e-01	7.7563e-01	1.000000	0
CCDC88A	4	6.2616e-01	7.7563e-01	1.000000	0
RBM46	4	6.2623e-01	7.7563e-01	1.000000	0
F2R	4	6.2633e-01	7.7563e-01	1.000000	0
TDP1	4	6.2639e-01	7.7563e-01	1.000000	0
CGB7	4	6.2639e-01	7.7563e-01	1.000000	0
SORCS1	4	6.2643e-01	7.7563e-01	1.000000	0
RECK	4	6.2651e-01	7.7563e-01	1.000000	0
GFRA4	4	6.2655e-01	7.7563e-01	1.000000	0
CNGB1	4	6.2663e-01	7.7563e-01	1.000000	0
MBOAT1	4	6.2670e-01	7.7563e-01	1.000000	0
MUSK	4	6.2678e-01	7.7563e-01	1.000000	0
CD58	4	6.2680e-01	7.7563e-01	1.000000	0
C14orf166	4	6.2690e-01	7.7563e-01	1.000000	0
KRT40	4	6.2693e-01	7.7563e-01	1.000000	0
APOA1	4	6.2695e-01	7.7563e-01	1.000000	0
P2RX3	4	6.2715e-01	7.7563e-01	1.000000	0
PITRM1	4	6.2725e-01	7.7563e-01	1.000000	0
KISS1R	4	6.2727e-01	7.7563e-01	1.000000	0
FAM69C	4	6.2740e-01	7.7563e-01	1.000000	0
MTMR1	4	6.2742e-01	7.7563e-01	1.000000	0
HES7	4	6.2747e-01	7.7563e-01	1.000000	0
TCTE1	4	6.2757e-01	7.7563e-01	1.000000	0
PILRB	4	6.2759e-01	7.7563e-01	1.000000	0
KCNQ5	4	6.2767e-01	7.7563e-01	1.000000	0
PANO1	4	6.2781e-01	7.7693e-01	1.000000	0
PI15	4	6.2784e-01	7.7693e-01	1.000000	0
ITFG3	4	6.2789e-01	7.7693e-01	1.000000	0
TCEAL2	4	6.2801e-01	7.7693e-01	1.000000	0
COX10	4	6.2806e-01	7.7693e-01	1.000000	0
CXCL2	4	6.2809e-01	7.7693e-01	1.000000	0
AGBL5	4	6.2826e-01	7.7693e-01	1.000000	0
TCF7L2	4	6.2828e-01	7.7693e-01	1.000000	0
ZNF219	4	6.2833e-01	7.7693e-01	1.000000	0
RABGAP1	4	6.2836e-01	7.7693e-01	1.000000	0
CTRB1	4	6.2838e-01	7.7693e-01	1.000000	0
TECPR1	4	6.2841e-01	7.7693e-01	1.000000	0
ZNF584	4	6.2843e-01	7.7693e-01	1.000000	0
CMYA5	4	6.2853e-01	7.7693e-01	1.000000	0
TMEM196	4	6.2855e-01	7.7693e-01	1.000000	0
LONP2	4	6.2860e-01	7.7693e-01	1.000000	0
FAM166B	4	6.2863e-01	7.7693e-01	1.000000	0
DIRC1	4	6.2868e-01	7.7693e-01	1.000000	0
NDUFS1	4	6.2870e-01	7.7693e-01	1.000000	0
HOXB5	4	6.2892e-01	7.7693e-01	1.000000	0
ATF7	4	6.2897e-01	7.7693e-01	1.000000	0
OTOG	4	6.2905e-01	7.7693e-01	1.000000	0
ADORA2A	4	6.2915e-01	7.7693e-01	1.000000	0
APOBEC1	4	6.2919e-01	7.7693e-01	1.000000	0
OR52E2	4	6.2929e-01	7.7693e-01	1.000000	0
ZNF225	4	6.2937e-01	7.7693e-01	1.000000	0
ANP32A	4	6.2939e-01	7.7693e-01	1.000000	0
FHDC1	4	6.2944e-01	7.7825e-01	1.000000	0
TMEM106B	4	6.2951e-01	7.7825e-01	1.000000	0
C11orf95	4	6.2965e-01	7.7954e-01	1.000000	0
ODF2	4	6.2971e-01	7.7954e-01	1.000000	0
FEM1A	4	6.2974e-01	7.7954e-01	1.000000	0
C12orf71	4	6.2981e-01	7.7954e-01	1.000000	0
RAP2A	4	6.2986e-01	7.7954e-01	1.000000	0
PRSS36	4	6.2991e-01	7.8080e-01	1.000000	0
DUSP23	4	6.2996e-01	7.8080e-01	1.000000	0
LGI1	4	6.3001e-01	7.8080e-01	1.000000	0
SLC6A11	4	6.3003e-01	7.8080e-01	1.000000	0
LCE2C	4	6.3008e-01	7.8080e-01	1.000000	0
HLA-DQB2	4	6.3010e-01	7.8080e-01	1.000000	0
USP2	4	6.3018e-01	7.8080e-01	1.000000	0
NLRX1	4	6.3020e-01	7.8080e-01	1.000000	0
SAMD4B	4	6.3030e-01	7.8080e-01	1.000000	0
THOC2	4	6.3045e-01	7.8080e-01	1.000000	0
SYT6	4	6.3047e-01	7.8080e-01	1.000000	0
NOTCH3	4	6.3050e-01	7.8080e-01	1.000000	0
CYP4F11	4	6.3055e-01	7.8080e-01	1.000000	0
ZNF782	4	6.3057e-01	7.8080e-01	1.000000	0
KY	4	6.3062e-01	7.8080e-01	1.000000	0
NUSAP1	4	6.3072e-01	7.8080e-01	1.000000	0
UPP1	4	6.3074e-01	7.8080e-01	1.000000	0
ARID1B	4	6.3077e-01	7.8080e-01	1.000000	0
NEK10	4	6.3087e-01	7.8080e-01	1.000000	0
APIP	4	6.3091e-01	7.8080e-01	1.000000	0
FAM161A	4	6.3094e-01	7.8080e-01	1.000000	0
GCSAML	4	6.3098e-01	7.8080e-01	1.000000	0
LY6E	4	6.3098e-01	7.8080e-01	1.000000	0
CDY2B	4	6.3101e-01	7.8080e-01	1.000000	0
SMIM15	4	6.3104e-01	7.8080e-01	1.000000	0
APBA1	4	6.3120e-01	7.8080e-01	1.000000	0
SULT4A1	4	6.3123e-01	7.8080e-01	1.000000	0
TCEA3	4	6.3128e-01	7.8080e-01	1.000000	0
METTL11B	4	6.3133e-01	7.8080e-01	1.000000	0
ACLY	4	6.3143e-01	7.8208e-01	1.000000	0
PAK6	4	6.3145e-01	7.8208e-01	1.000000	0
INTS3	4	6.3158e-01	7.8208e-01	1.000000	0
KCNS1	4	6.3170e-01	7.8208e-01	1.000000	0
EEF1D	4	6.3172e-01	7.8208e-01	1.000000	0
TERF2	4	6.3178e-01	7.8208e-01	1.000000	0
ATAD3B	4	6.3187e-01	7.8338e-01	1.000000	0
DNASE2B	4	6.3192e-01	7.8338e-01	1.000000	0
OR4S1	4	6.3194e-01	7.8338e-01	1.000000	0
TMED5	4	6.3197e-01	7.8338e-01	1.000000	0
CAST	4	6.3202e-01	7.8338e-01	1.000000	0
ZNF286B	4	6.3211e-01	7.8338e-01	1.000000	0
ZYG11B	4	6.3224e-01	7.8338e-01	1.000000	0
CTLA4	4	6.3226e-01	7.8338e-01	1.000000	0
HIST4H4	4	6.3229e-01	7.8338e-01	1.000000	0
GAREM	4	6.3233e-01	7.8338e-01	1.000000	0
SRC	4	6.3240e-01	7.8338e-01	1.000000	0
CAPN12	4	6.3246e-01	7.8338e-01	1.000000	0
TXNRD2	4	6.3248e-01	7.8338e-01	1.000000	0
PROKR2	4	6.3251e-01	7.8338e-01	1.000000	0
HRASLS2	4	6.3253e-01	7.8338e-01	1.000000	0
PHKG1	4	6.3263e-01	7.8338e-01	1.000000	0
C6orf10	4	6.3265e-01	7.8338e-01	1.000000	0
CASR	4	6.3270e-01	7.8338e-01	1.000000	0
IFT122	4	6.3275e-01	7.8338e-01	1.000000	0
FOXA2	4	6.3277e-01	7.8338e-01	1.000000	0
MCF2L2	4	6.3282e-01	7.8338e-01	1.000000	0
PCDHB7	4	6.3290e-01	7.8338e-01	1.000000	0
ASH1L	4	6.3295e-01	7.8338e-01	1.000000	0
ERVV-2	4	6.3314e-01	7.8338e-01	1.000000	0
DPP10	4	6.3326e-01	7.8460e-01	1.000000	0
TRIM72	4	6.3331e-01	7.8460e-01	1.000000	0
FGF8	4	6.3334e-01	7.8460e-01	1.000000	0
IREB2	4	6.3336e-01	7.8460e-01	1.000000	0
MYADM	4	6.3338e-01	7.8460e-01	1.000000	0
SNTB1	4	6.3346e-01	7.8460e-01	1.000000	0
TXNRD3NB	4	6.3348e-01	7.8460e-01	1.000000	0
PREX2	4	6.3351e-01	7.8460e-01	1.000000	0
TEC	4	6.3363e-01	7.8588e-01	1.000000	0
MRPS23	4	6.3368e-01	7.8588e-01	1.000000	0
EXTL2	4	6.3382e-01	7.8588e-01	1.000000	0
BRMS1	3	6.3383e-01	8.4654e-01	1.000000	0
ZIM3	4	6.3385e-01	7.8588e-01	1.000000	0
RRP1B	4	6.3402e-01	7.8588e-01	1.000000	0
CCDC53	4	6.3409e-01	7.8588e-01	1.000000	0
SPATA18	4	6.3416e-01	7.8588e-01	1.000000	0
ITGB1BP1	4	6.3419e-01	7.8588e-01	1.000000	0
DDR2	4	6.3421e-01	7.8588e-01	1.000000	0
ENDOV	4	6.3426e-01	7.8588e-01	1.000000	0
DPYSL5	4	6.3429e-01	7.8588e-01	1.000000	0
NELL1	4	6.3434e-01	7.8588e-01	1.000000	0
MTHFD2	4	6.3446e-01	7.8588e-01	1.000000	0
LMO2	4	6.3453e-01	7.8588e-01	1.000000	0
BMP10	4	6.3458e-01	7.8588e-01	1.000000	0
NUDT22	4	6.3470e-01	7.8715e-01	1.000000	0
SRPX	4	6.3472e-01	7.8715e-01	1.000000	0
SPANXA2	4	6.3477e-01	7.8715e-01	1.000000	0
ZNF555	4	6.3485e-01	7.8715e-01	1.000000	0
TRAPPC8	4	6.3487e-01	7.8715e-01	1.000000	0
ZNF551	4	6.3494e-01	7.8715e-01	1.000000	0
CRTC2	4	6.3497e-01	7.8715e-01	1.000000	0
NPAS1	4	6.3504e-01	7.8715e-01	1.000000	0
HEATR5A	4	6.3507e-01	7.8715e-01	1.000000	0
TIAF1	4	6.3516e-01	7.8715e-01	1.000000	0
SIX1	4	6.3526e-01	7.8715e-01	1.000000	0
FEZF2	4	6.3528e-01	7.8715e-01	1.000000	0
SMIM9	4	6.3536e-01	7.8715e-01	1.000000	0
SERP1	4	6.3538e-01	7.8715e-01	1.000000	0
RPF1	4	6.3541e-01	7.8715e-01	1.000000	0
OR1F1	4	6.3543e-01	7.8715e-01	1.000000	0
PHLPP2	4	6.3548e-01	7.8715e-01	1.000000	0
TMEM53	4	6.3550e-01	7.8715e-01	1.000000	0
TGM1	4	6.3555e-01	7.8715e-01	1.000000	0
NFATC3	4	6.3558e-01	7.8715e-01	1.000000	0
DHRS4L1	4	6.3560e-01	7.8715e-01	1.000000	0
SCIMP	4	6.3562e-01	7.8715e-01	1.000000	0
HHAT	4	6.3565e-01	7.8715e-01	1.000000	0
CNTN5	4	6.3570e-01	7.8715e-01	1.000000	0
JMJD7	4	6.3572e-01	7.8715e-01	1.000000	0
MLF1	4	6.3579e-01	7.8715e-01	1.000000	0
ELF5	4	6.3582e-01	7.8715e-01	1.000000	0
C7orf72	4	6.3584e-01	7.8715e-01	1.000000	0
IFT80	4	6.3587e-01	7.8715e-01	1.000000	0
ZNF234	4	6.3589e-01	7.8715e-01	1.000000	0
SLC28A2	4	6.3592e-01	7.8715e-01	1.000000	0
PRAP1	4	6.3596e-01	7.8715e-01	1.000000	0
ARHGAP5	4	6.3601e-01	7.8715e-01	1.000000	0
PIP4K2B	4	6.3604e-01	7.8715e-01	1.000000	0
ITGB6	4	6.3606e-01	7.8715e-01	1.000000	0
OTOS	4	6.3616e-01	7.8715e-01	1.000000	0
FBXO30	4	6.3622e-01	7.8715e-01	1.000000	0
PSPC1	4	6.3628e-01	7.8715e-01	1.000000	0
MBP	4	6.3633e-01	7.8715e-01	1.000000	0
PIK3CG	4	6.3635e-01	7.8715e-01	1.000000	0
CHCHD6	4	6.3645e-01	7.8839e-01	1.000000	0
GART	4	6.3647e-01	7.8839e-01	1.000000	0
HOXC12	4	6.3650e-01	7.8839e-01	1.000000	0
LYRM9	4	6.3657e-01	7.8839e-01	1.000000	0
PQLC3	4	6.3659e-01	7.8839e-01	1.000000	0
PNKP	4	6.3664e-01	7.8839e-01	1.000000	0
VKORC1L1	4	6.3674e-01	7.8839e-01	1.000000	0
DHCR7	4	6.3686e-01	7.8839e-01	1.000000	0
FBXO36	4	6.3691e-01	7.8839e-01	1.000000	0
RAPGEFL1	4	6.3696e-01	7.8839e-01	1.000000	0
PAFAH1B3	4	6.3705e-01	7.8839e-01	1.000000	0
CST5	4	6.3708e-01	7.8839e-01	1.000000	0
SMIM8	4	6.3713e-01	7.8839e-01	1.000000	0
EGR1	4	6.3718e-01	7.8839e-01	1.000000	0
SNAPC4	4	6.3722e-01	7.8839e-01	1.000000	0
ITGA8	4	6.3735e-01	7.8839e-01	1.000000	0
SEMA3E	4	6.3738e-01	7.8839e-01	1.000000	0
PTF1A	4	6.3738e-01	7.8839e-01	1.000000	0
CACNA1D	4	6.3742e-01	7.8839e-01	1.000000	0
OTOP1	4	6.3744e-01	7.8839e-01	1.000000	0
FASN	4	6.3747e-01	7.8839e-01	1.000000	0
INHBB	4	6.3759e-01	7.8839e-01	1.000000	0
MLLT10	4	6.3761e-01	7.8839e-01	1.000000	0
SLA2	4	6.3764e-01	7.8839e-01	1.000000	0
CDKN1C	4	6.3785e-01	7.8839e-01	1.000000	0
SNX4	4	6.3788e-01	7.8839e-01	1.000000	0
NIT2	4	6.3797e-01	7.8966e-01	1.000000	0
PALMD	4	6.3806e-01	7.8966e-01	1.000000	0
DLL1	4	6.3812e-01	7.8966e-01	1.000000	0
LHCGR	4	6.3814e-01	7.8966e-01	1.000000	0
TRPV2	4	6.3834e-01	7.9090e-01	1.000000	0
MDGA1	4	6.3836e-01	7.9090e-01	1.000000	0
CXorf65	4	6.3843e-01	7.9214e-01	1.000000	0
OR4K13	4	6.3846e-01	7.9214e-01	1.000000	0
MAD2L1BP	4	6.3853e-01	7.9214e-01	1.000000	0
RAD52	4	6.3855e-01	7.9214e-01	1.000000	0
CMTM8	4	6.3858e-01	7.9214e-01	1.000000	0
DNASE1L2	4	6.3860e-01	7.9214e-01	1.000000	0
MLXIPL	4	6.3865e-01	7.9214e-01	1.000000	0
GRIK2	4	6.3867e-01	7.9214e-01	1.000000	0
UBXN4	4	6.3872e-01	7.9214e-01	1.000000	0
PELI1	4	6.3880e-01	7.9214e-01	1.000000	0
BHMT2	4	6.3882e-01	7.9214e-01	1.000000	0
OR10G9	4	6.3896e-01	7.9214e-01	1.000000	0
MCL1	4	6.3916e-01	7.9214e-01	1.000000	0
KRTAP5-10	4	6.3925e-01	7.9214e-01	1.000000	0
TMEM254	4	6.3947e-01	7.9337e-01	1.000000	0
PTPN12	4	6.3959e-01	7.9337e-01	1.000000	0
CDIP1	4	6.3965e-01	7.9337e-01	1.000000	0
TPRX1	4	6.3976e-01	7.9337e-01	1.000000	0
DEFB107A	4	6.3978e-01	7.9337e-01	1.000000	0
GNA12	4	6.3995e-01	7.9337e-01	1.000000	0
OPN1MW2	4	6.3998e-01	7.9337e-01	1.000000	0
LRRTM2	4	6.4000e-01	7.9337e-01	1.000000	0
ZBTB7A	4	6.4005e-01	7.9337e-01	1.000000	0
MMEL1	4	6.4007e-01	7.9337e-01	1.000000	0
LAMP2	4	6.4012e-01	7.9337e-01	1.000000	0
CKS2	4	6.4025e-01	7.9458e-01	1.000000	0
GJD2	4	6.4036e-01	7.9702e-01	1.000000	0
MYD88	4	6.4038e-01	7.9702e-01	1.000000	0
IL26	4	6.4041e-01	7.9702e-01	1.000000	0
ST20-MTHFS	4	6.4043e-01	7.9702e-01	1.000000	0
USP53	4	6.4048e-01	7.9702e-01	1.000000	0
CDR2	4	6.4053e-01	7.9702e-01	1.000000	0
ORMDL1	4	6.4055e-01	7.9702e-01	1.000000	0
NTHL1	4	6.4060e-01	7.9702e-01	1.000000	0
APCDD1L	4	6.4063e-01	7.9702e-01	1.000000	0
PATZ1	4	6.4067e-01	7.9702e-01	1.000000	0
PID1	4	6.4070e-01	7.9703e-01	1.000000	0
DKK3	4	6.4075e-01	7.9703e-01	1.000000	0
UPK2	4	6.4079e-01	7.9703e-01	1.000000	0
HS6ST2	4	6.4082e-01	7.9703e-01	1.000000	0
HIST2H2BF	4	6.4084e-01	7.9703e-01	1.000000	0
OR11H2	4	6.4115e-01	7.9825e-01	1.000000	0
SLC16A3	4	6.4118e-01	7.9825e-01	1.000000	0
CEP19	4	6.4123e-01	7.9825e-01	1.000000	0
TSG101	4	6.4125e-01	7.9825e-01	1.000000	0
ZNF155	4	6.4130e-01	7.9825e-01	1.000000	0
ESR1	4	6.4132e-01	7.9825e-01	1.000000	0
TRIM43	4	6.4139e-01	7.9825e-01	1.000000	0
CCDC83	4	6.4142e-01	7.9825e-01	1.000000	0
CHIC1	4	6.4144e-01	7.9825e-01	1.000000	0
CFAP36	4	6.4154e-01	7.9825e-01	1.000000	0
SPRR2F	4	6.4171e-01	7.9825e-01	1.000000	0
ATP13A5	4	6.4175e-01	7.9825e-01	1.000000	0
STK32B	4	6.4187e-01	7.9825e-01	1.000000	0
GK5	4	6.4192e-01	7.9825e-01	1.000000	0
INTS6	4	6.4195e-01	7.9825e-01	1.000000	0
TCTEX1D1	4	6.4199e-01	7.9825e-01	1.000000	0
ERCC6L	4	6.4202e-01	7.9825e-01	1.000000	0
TRIM26	4	6.4204e-01	7.9825e-01	1.000000	0
ZZEF1	4	6.4209e-01	7.9825e-01	1.000000	0
SYNDIG1	4	6.4221e-01	7.9825e-01	1.000000	0
ZNF200	4	6.4223e-01	7.9825e-01	1.000000	0
HSD17B11	4	6.4238e-01	8.0066e-01	1.000000	0
TRIM29	4	6.4254e-01	8.0066e-01	1.000000	0
MYO1A	4	6.4259e-01	8.0066e-01	1.000000	0
ZSCAN20	4	6.4263e-01	8.0066e-01	1.000000	0
ADORA2B	3	6.4263e-01	8.5572e-01	1.000000	0
PANX2	4	6.4275e-01	8.0066e-01	1.000000	0
OR51S1	4	6.4281e-01	8.0066e-01	1.000000	0
SLC35E1	4	6.4283e-01	8.0066e-01	1.000000	0
PPP1R3C	4	6.4286e-01	8.0066e-01	1.000000	0
ZFP92	4	6.4293e-01	8.0066e-01	1.000000	0
HABP2	4	6.4302e-01	8.0066e-01	1.000000	0
ITIH2	4	6.4309e-01	8.0066e-01	1.000000	0
CSPP1	4	6.4312e-01	8.0066e-01	1.000000	0
NRAS	4	6.4319e-01	8.0066e-01	1.000000	0
ASIP	4	6.4321e-01	8.0066e-01	1.000000	0
OR2A4	4	6.4338e-01	8.0066e-01	1.000000	0
PPOX	4	6.4343e-01	8.0066e-01	1.000000	0
ADGRG5	4	6.4348e-01	8.0066e-01	1.000000	0
VWC2L	4	6.4350e-01	8.0066e-01	1.000000	0
GRPEL2	4	6.4352e-01	8.0066e-01	1.000000	0
NAP1L5	4	6.4357e-01	8.0066e-01	1.000000	0
CFAP126	4	6.4362e-01	8.0066e-01	1.000000	0
MYO9B	4	6.4367e-01	8.0066e-01	1.000000	0
ROBO2	4	6.4376e-01	8.0066e-01	1.000000	0
DUSP13	4	6.4381e-01	8.0066e-01	1.000000	0
PAPOLB	4	6.4388e-01	8.0066e-01	1.000000	0
FSIP2	4	6.4391e-01	8.0066e-01	1.000000	0
MUC4	4	6.4398e-01	8.0066e-01	1.000000	0
YDJC	4	6.4412e-01	8.0301e-01	1.000000	0
TBK1	4	6.4424e-01	8.0422e-01	1.000000	0
LRCH1	4	6.4429e-01	8.0422e-01	1.000000	0
MICAL2	4	6.4434e-01	8.0422e-01	1.000000	0
TMEM38A	4	6.4441e-01	8.0422e-01	1.000000	0
C1orf110	4	6.4443e-01	8.0422e-01	1.000000	0
SMIM12	4	6.4447e-01	8.0422e-01	1.000000	0
KIAA0408	4	6.4447e-01	8.0422e-01	1.000000	0
GPX1	4	6.4453e-01	8.0422e-01	1.000000	0
BDKRB2	4	6.4455e-01	8.0422e-01	1.000000	0
FGF18	4	6.4457e-01	8.0422e-01	1.000000	0
CD320	4	6.4460e-01	8.0422e-01	1.000000	0
MACROD1	4	6.4477e-01	8.0422e-01	1.000000	0
TWIST1	4	6.4479e-01	8.0422e-01	1.000000	0
C7orf55	4	6.4481e-01	8.0422e-01	1.000000	0
TMEM82	4	6.4486e-01	8.0422e-01	1.000000	0
TUB	4	6.4491e-01	8.0422e-01	1.000000	0
CAMKK2	4	6.4496e-01	8.0422e-01	1.000000	0
ZC3H6	4	6.4498e-01	8.0422e-01	1.000000	0
HIST1H2BB	4	6.4503e-01	8.0422e-01	1.000000	0
DYRK3	4	6.4510e-01	8.0422e-01	1.000000	0
TMC4	4	6.4512e-01	8.0422e-01	1.000000	0
AKR1E2	4	6.4519e-01	8.0422e-01	1.000000	0
CPNE8	4	6.4524e-01	8.0422e-01	1.000000	0
HMGXB4	4	6.4527e-01	8.0422e-01	1.000000	0
OR8U1	4	6.4529e-01	8.0422e-01	1.000000	0
SHISA6	4	6.4538e-01	8.0422e-01	1.000000	0
RNASE9	3	6.4545e-01	8.5819e-01	1.000000	0
SHOX2	4	6.4548e-01	8.0422e-01	1.000000	0
RCAN2	4	6.4550e-01	8.0422e-01	1.000000	0
RAP1A	4	6.4555e-01	8.0422e-01	1.000000	0
PCDHAC2	4	6.4559e-01	8.0422e-01	1.000000	0
UXS1	4	6.4572e-01	8.0422e-01	1.000000	0
TBC1D24	4	6.4576e-01	8.0422e-01	1.000000	0
KIAA0430	4	6.4584e-01	8.0422e-01	1.000000	0
CLPP	4	6.4586e-01	8.0422e-01	1.000000	0
CLRN3	4	6.4591e-01	8.0422e-01	1.000000	0
SYNE4	4	6.4593e-01	8.0422e-01	1.000000	0
OLFM4	4	6.4598e-01	8.0422e-01	1.000000	0
NRK	4	6.4603e-01	8.0422e-01	1.000000	0
PRSS23	4	6.4605e-01	8.0422e-01	1.000000	0
HLX	4	6.4607e-01	8.0422e-01	1.000000	0
CCDC73	4	6.4610e-01	8.0422e-01	1.000000	0
TMEM101	4	6.4622e-01	8.0422e-01	1.000000	0
PPP1R3G	4	6.4625e-01	8.0422e-01	1.000000	0
TMEM173	4	6.4625e-01	8.0422e-01	1.000000	0
INO80D	4	6.4629e-01	8.0422e-01	1.000000	0
IDE	4	6.4631e-01	8.0422e-01	1.000000	0
TOE1	4	6.4636e-01	8.0422e-01	1.000000	0
TANC1	4	6.4638e-01	8.0422e-01	1.000000	0
TMCO4	4	6.4645e-01	8.0422e-01	1.000000	0
CYB5R2	4	6.4648e-01	8.0422e-01	1.000000	0
ERO1LB	4	6.4650e-01	8.0422e-01	1.000000	0
ACR	3	6.4654e-01	8.5819e-01	1.000000	0
MAP3K15	4	6.4660e-01	8.0422e-01	1.000000	0
PRDX6	4	6.4662e-01	8.0422e-01	1.000000	0
ANAPC7	4	6.4664e-01	8.0422e-01	1.000000	0
PRDM8	4	6.4667e-01	8.0422e-01	1.000000	0
LRP8	4	6.4669e-01	8.0422e-01	1.000000	0
UCN2	4	6.4672e-01	8.0422e-01	1.000000	0
ATP5S	4	6.4676e-01	8.0422e-01	1.000000	0
ZNF451	4	6.4679e-01	8.0422e-01	1.000000	0
PYGO2	4	6.4681e-01	8.0422e-01	1.000000	0
CCNL2	4	6.4688e-01	8.0422e-01	1.000000	0
ZNF500	4	6.4690e-01	8.0422e-01	1.000000	0
MTRNR2L4	4	6.4700e-01	8.0422e-01	1.000000	0
TM4SF4	4	6.4702e-01	8.0422e-01	1.000000	0
WDR34	4	6.4715e-01	8.0422e-01	1.000000	0
METTL7A	4	6.4719e-01	8.0422e-01	1.000000	0
LSMEM2	4	6.4721e-01	8.0422e-01	1.000000	0
FAM195B	4	6.4724e-01	8.0422e-01	1.000000	0
PTGER1	4	6.4733e-01	8.0422e-01	1.000000	0
MAP2K2	4	6.4736e-01	8.0422e-01	1.000000	0
RNF6	4	6.4740e-01	8.0422e-01	1.000000	0
ZNF174	4	6.4750e-01	8.0422e-01	1.000000	0
PIWIL1	4	6.4757e-01	8.0422e-01	1.000000	0
C2orf57	4	6.4759e-01	8.0422e-01	1.000000	0
ELMOD3	4	6.4766e-01	8.0422e-01	1.000000	0
DDAH2	4	6.4778e-01	8.0422e-01	1.000000	0
ZDHHC16	4	6.4781e-01	8.0422e-01	1.000000	0
TMED8	4	6.4785e-01	8.0422e-01	1.000000	0
KAZALD1	4	6.4788e-01	8.0422e-01	1.000000	0
MAGEB3	4	6.4790e-01	8.0422e-01	1.000000	0
DEFB106B	2	6.4791e-01	8.9924e-01	1.000000	0
SLC44A5	4	6.4802e-01	8.0422e-01	1.000000	0
MAMLD1	4	6.4807e-01	8.0422e-01	1.000000	0
PRRT3	4	6.4811e-01	8.0422e-01	1.000000	0
PSG4	4	6.4823e-01	8.0422e-01	1.000000	0
RAB23	4	6.4828e-01	8.0422e-01	1.000000	0
ARHGAP30	4	6.4830e-01	8.0422e-01	1.000000	0
CRX	4	6.4833e-01	8.0422e-01	1.000000	0
CLSTN2	4	6.4835e-01	8.0422e-01	1.000000	0
TFG	4	6.4840e-01	8.0422e-01	1.000000	0
GABRB1	4	6.4842e-01	8.0422e-01	1.000000	0
NANOG	4	6.4861e-01	8.0422e-01	1.000000	0
CCDC115	4	6.4880e-01	8.0422e-01	1.000000	0
PLTP	4	6.4882e-01	8.0422e-01	1.000000	0
IFIH1	4	6.4885e-01	8.0422e-01	1.000000	0
EFCAB14	4	6.4887e-01	8.0422e-01	1.000000	0
ZC3H10	4	6.4918e-01	8.0422e-01	1.000000	0
PRKAA2	4	6.4920e-01	8.0422e-01	1.000000	0
PEX19	4	6.4922e-01	8.0422e-01	1.000000	0
ATP5G1	4	6.4946e-01	8.0529e-01	1.000000	0
MMP9	4	6.4953e-01	8.0529e-01	1.000000	0
PMEPA1	4	6.4960e-01	8.0529e-01	1.000000	0
USP9X	4	6.4965e-01	8.0643e-01	1.000000	0
IL17RA	4	6.4970e-01	8.0643e-01	1.000000	0
BICC1	4	6.4972e-01	8.0643e-01	1.000000	0
RNASE7	4	6.4974e-01	8.0643e-01	1.000000	0
JUP	4	6.4977e-01	8.0643e-01	1.000000	0
GPX2	4	6.4979e-01	8.0643e-01	1.000000	0
C8orf58	4	6.4984e-01	8.0643e-01	1.000000	0
OR5M10	4	6.4986e-01	8.0643e-01	1.000000	0
ICOS	4	6.4988e-01	8.0643e-01	1.000000	0
CCT6B	4	6.5000e-01	8.0643e-01	1.000000	0
BVES	4	6.5005e-01	8.0643e-01	1.000000	0
SMIM3	4	6.5007e-01	8.0643e-01	1.000000	0
RRAGD	4	6.5012e-01	8.0643e-01	1.000000	0
PIGN	4	6.5014e-01	8.0643e-01	1.000000	0
CTTNBP2	4	6.5017e-01	8.0643e-01	1.000000	0
TMEM198	4	6.5021e-01	8.0643e-01	1.000000	0
GPATCH2L	4	6.5024e-01	8.0643e-01	1.000000	0
SLC46A1	4	6.5028e-01	8.0643e-01	1.000000	0
DKK1	4	6.5031e-01	8.0643e-01	1.000000	0
ZXDA	4	6.5040e-01	8.0643e-01	1.000000	0
FAM229A	4	6.5045e-01	8.0643e-01	1.000000	0
PEA15	4	6.5047e-01	8.0643e-01	1.000000	0
IQGAP3	4	6.5050e-01	8.0643e-01	1.000000	0
GPR152	4	6.5054e-01	8.0643e-01	1.000000	0
SDC3	4	6.5057e-01	8.0643e-01	1.000000	0
PIN4	4	6.5059e-01	8.0643e-01	1.000000	0
PFKFB2	4	6.5066e-01	8.0760e-01	1.000000	0
TMEM35	4	6.5068e-01	8.0760e-01	1.000000	0
PROSC	4	6.5071e-01	8.0760e-01	1.000000	0
C15orf43	4	6.5080e-01	8.0877e-01	1.000000	0
ERAP1	4	6.5087e-01	8.0877e-01	1.000000	0
LOXL2	4	6.5090e-01	8.0877e-01	1.000000	0
RNF222	4	6.5104e-01	8.0990e-01	1.000000	0
TMEM184C	4	6.5106e-01	8.0990e-01	1.000000	0
HPS6	4	6.5113e-01	8.0990e-01	1.000000	0
SLC6A7	4	6.5118e-01	8.0990e-01	1.000000	0
SPRED3	4	6.5127e-01	8.0990e-01	1.000000	0
FAM98A	4	6.5130e-01	8.0990e-01	1.000000	0
TAGAP	4	6.5132e-01	8.0990e-01	1.000000	0
KCND3	4	6.5139e-01	8.0990e-01	1.000000	0
DENND2A	4	6.5141e-01	8.0990e-01	1.000000	0
SEMA6C	4	6.5146e-01	8.0990e-01	1.000000	0
RNFT2	4	6.5158e-01	8.0990e-01	1.000000	0
ACKR4	4	6.5160e-01	8.0990e-01	1.000000	0
GLS	4	6.5162e-01	8.0990e-01	1.000000	0
PTPRG	4	6.5170e-01	8.0990e-01	1.000000	0
NUDT16L1	4	6.5173e-01	8.1048e-01	1.000000	0
CTBP1	4	6.5177e-01	8.1107e-01	1.000000	0
KCNJ11	4	6.5181e-01	8.1107e-01	1.000000	0
OSR2	4	6.5184e-01	8.1107e-01	1.000000	0
SPATS2	4	6.5202e-01	8.1224e-01	1.000000	0
UBXN2A	4	6.5209e-01	8.1335e-01	1.000000	0
LIPN	4	6.5223e-01	8.1335e-01	1.000000	0
ZNF726	4	6.5240e-01	8.1335e-01	1.000000	0
NT5C3B	4	6.5242e-01	8.1335e-01	1.000000	0
ZCCHC14	4	6.5249e-01	8.1335e-01	1.000000	0
PSMD9	4	6.5254e-01	8.1335e-01	1.000000	0
TRIM69	4	6.5256e-01	8.1335e-01	1.000000	0
SPATC1	4	6.5259e-01	8.1335e-01	1.000000	0
KRT33A	4	6.5273e-01	8.1335e-01	1.000000	0
GUCY1B3	4	6.5284e-01	8.1335e-01	1.000000	0
FN1	4	6.5294e-01	8.1335e-01	1.000000	0
PLA2G6	4	6.5296e-01	8.1335e-01	1.000000	0
ACP6	4	6.5308e-01	8.1335e-01	1.000000	0
HNMT	4	6.5310e-01	8.1335e-01	1.000000	0
ZNF251	4	6.5315e-01	8.1335e-01	1.000000	0
PCYT1B	4	6.5317e-01	8.1335e-01	1.000000	0
ATOH8	4	6.5336e-01	8.1335e-01	1.000000	0
USF1	4	6.5339e-01	8.1335e-01	1.000000	0
CTNNAL1	4	6.5345e-01	8.1335e-01	1.000000	0
RPS6KB2	4	6.5348e-01	8.1335e-01	1.000000	0
ZEB2	4	6.5350e-01	8.1335e-01	1.000000	0
UBXN8	3	6.5356e-01	8.6385e-01	1.000000	0
AMZ2	4	6.5357e-01	8.1335e-01	1.000000	0
ZNF593	4	6.5376e-01	8.1451e-01	1.000000	0
EXOSC2	4	6.5387e-01	8.1451e-01	1.000000	0
PDCD6	4	6.5390e-01	8.1451e-01	1.000000	0
LRRC27	4	6.5394e-01	8.1451e-01	1.000000	0
SPATA3	4	6.5399e-01	8.1451e-01	1.000000	0
PACSIN2	4	6.5401e-01	8.1451e-01	1.000000	0
SRPK3	4	6.5406e-01	8.1451e-01	1.000000	0
SMAD9	4	6.5418e-01	8.1451e-01	1.000000	0
GDI2	4	6.5420e-01	8.1451e-01	1.000000	0
MCFD2	4	6.5427e-01	8.1451e-01	1.000000	0
PRMT3	4	6.5432e-01	8.1451e-01	1.000000	0
VWCE	4	6.5441e-01	8.1451e-01	1.000000	0
UTP14C	4	6.5443e-01	8.1451e-01	1.000000	0
CD300LD	4	6.5460e-01	8.1451e-01	1.000000	0
TPMT	4	6.5462e-01	8.1451e-01	1.000000	0
ADGRG7	4	6.5464e-01	8.1451e-01	1.000000	0
DPEP1	4	6.5467e-01	8.1451e-01	1.000000	0
GCHFR	4	6.5469e-01	8.1451e-01	1.000000	0
PLXNC1	4	6.5485e-01	8.1451e-01	1.000000	0
CAND2	4	6.5490e-01	8.1451e-01	1.000000	0
SLC16A5	4	6.5518e-01	8.1566e-01	1.000000	0
MYF6	4	6.5523e-01	8.1566e-01	1.000000	0
SMYD3	4	6.5530e-01	8.1566e-01	1.000000	0
GRIK3	4	6.5534e-01	8.1566e-01	1.000000	0
ZNF488	4	6.5539e-01	8.1566e-01	1.000000	0
OVGP1	4	6.5553e-01	8.1681e-01	1.000000	0
CD302	4	6.5562e-01	8.1681e-01	1.000000	0
AHSP	4	6.5565e-01	8.1681e-01	1.000000	0
SPATS1	4	6.5574e-01	8.1681e-01	1.000000	0
ZNF654	4	6.5581e-01	8.1681e-01	1.000000	0
FZD4	4	6.5588e-01	8.1681e-01	1.000000	0
OR10A2	4	6.5593e-01	8.1681e-01	1.000000	0
PRRG2	4	6.5595e-01	8.1681e-01	1.000000	0
EML5	4	6.5602e-01	8.1681e-01	1.000000	0
NMU	4	6.5604e-01	8.1681e-01	1.000000	0
ACOT1	4	6.5616e-01	8.1681e-01	1.000000	0
PNLIPRP1	4	6.5630e-01	8.1789e-01	1.000000	0
ZNF81	4	6.5648e-01	8.1789e-01	1.000000	0
MIS12	4	6.5651e-01	8.1789e-01	1.000000	0
C7orf62	4	6.5655e-01	8.1789e-01	1.000000	0
BCAS4	4	6.5660e-01	8.1901e-01	1.000000	0
ZMYND15	4	6.5667e-01	8.1901e-01	1.000000	0
L3HYPDH	4	6.5672e-01	8.1901e-01	1.000000	0
RPL36A	4	6.5674e-01	8.1901e-01	1.000000	0
C18orf63	4	6.5679e-01	8.1901e-01	1.000000	0
UCK1	4	6.5681e-01	8.1901e-01	1.000000	0
LILRA4	4	6.5685e-01	8.1901e-01	1.000000	0
FBXL16	4	6.5688e-01	8.1901e-01	1.000000	0
OR4D2	4	6.5692e-01	8.1901e-01	1.000000	0
LOC100133267	4	6.5699e-01	8.1901e-01	1.000000	0
MFSD1	4	6.5704e-01	8.1901e-01	1.000000	0
PEG3	4	6.5706e-01	8.1901e-01	1.000000	0
MAPRE1	4	6.5709e-01	8.1901e-01	1.000000	0
OCIAD2	4	6.5713e-01	8.1901e-01	1.000000	0
EPB42	4	6.5720e-01	8.1901e-01	1.000000	0
OR5H2	4	6.5723e-01	8.1901e-01	1.000000	0
EMILIN1	4	6.5725e-01	8.1901e-01	1.000000	0
MIF	4	6.5730e-01	8.1901e-01	1.000000	0
ZNF419	4	6.5734e-01	8.1901e-01	1.000000	0
KRBA2	4	6.5737e-01	8.1901e-01	1.000000	0
C5orf15	4	6.5746e-01	8.1901e-01	1.000000	0
VDAC2	4	6.5748e-01	8.1901e-01	1.000000	0
APOC4	4	6.5764e-01	8.2011e-01	1.000000	0
CD46	4	6.5771e-01	8.2011e-01	1.000000	0
CAAP1	4	6.5776e-01	8.2011e-01	1.000000	0
HCAR1	4	6.5788e-01	8.2011e-01	1.000000	0
MDH1B	4	6.5792e-01	8.2011e-01	1.000000	0
ELFN2	4	6.5794e-01	8.2011e-01	1.000000	0
CLCN2	4	6.5797e-01	8.2011e-01	1.000000	0
ROR2	4	6.5799e-01	8.2011e-01	1.000000	0
IFNA16	4	6.5808e-01	8.2011e-01	1.000000	0
PRAMEF6	4	6.5811e-01	8.2011e-01	1.000000	0
CITED4	4	6.5813e-01	8.2011e-01	1.000000	0
DCDC1	4	6.5819e-01	8.2011e-01	1.000000	0
TIGD4	4	6.5819e-01	8.2011e-01	1.000000	0
CRYGA	4	6.5822e-01	8.2011e-01	1.000000	0
CGB2	4	6.5825e-01	8.2011e-01	1.000000	0
GPR17	4	6.5834e-01	8.2011e-01	1.000000	0
LHX5	4	6.5836e-01	8.2011e-01	1.000000	0
SLC52A3	4	6.5842e-01	8.2011e-01	1.000000	0
ABCG5	4	6.5845e-01	8.2011e-01	1.000000	0
TMC6	4	6.5848e-01	8.2011e-01	1.000000	0
SPG21	4	6.5850e-01	8.2011e-01	1.000000	0
TMSB15B	4	6.5855e-01	8.2011e-01	1.000000	0
FAM105A	4	6.5857e-01	8.2011e-01	1.000000	0
CTAG1A	4	6.5864e-01	8.2011e-01	1.000000	0
OR10J1	4	6.5908e-01	8.2011e-01	1.000000	0
SESTD1	4	6.5910e-01	8.2011e-01	1.000000	0
SLC16A4	4	6.5912e-01	8.2011e-01	1.000000	0
MID1IP1	4	6.5915e-01	8.2011e-01	1.000000	0
GRB14	3	6.5916e-01	8.6701e-01	1.000000	0
CSF2	4	6.5936e-01	8.2238e-01	1.000000	0
NFASC	4	6.5940e-01	8.2238e-01	1.000000	0
CALHM3	4	6.5942e-01	8.2238e-01	1.000000	0
KCNT1	4	6.5947e-01	8.2238e-01	1.000000	0
OST4	4	6.5949e-01	8.2238e-01	1.000000	0
C6orf62	4	6.5952e-01	8.2238e-01	1.000000	0
ANKRD28	4	6.5963e-01	8.2238e-01	1.000000	0
ILVBL	4	6.5966e-01	8.2238e-01	1.000000	0
ARMC2	4	6.5977e-01	8.2238e-01	1.000000	0
GRIN3A	4	6.5984e-01	8.2238e-01	1.000000	0
UCP3	4	6.5989e-01	8.2238e-01	1.000000	0
PROC	4	6.5993e-01	8.2238e-01	1.000000	0
TECPR2	4	6.5996e-01	8.2238e-01	1.000000	0
AKAP8	4	6.6009e-01	8.2238e-01	1.000000	0
SMARCA4	4	6.6012e-01	8.2238e-01	1.000000	0
ZKSCAN2	4	6.6016e-01	8.2238e-01	1.000000	0
HAPLN1	4	6.6021e-01	8.2238e-01	1.000000	0
MANF	4	6.6024e-01	8.2238e-01	1.000000	0
CAPN10	4	6.6028e-01	8.2238e-01	1.000000	0
FOS	4	6.6042e-01	8.2346e-01	1.000000	0
CATSPER1	4	6.6044e-01	8.2346e-01	1.000000	0
GAPVD1	4	6.6046e-01	8.2346e-01	1.000000	0
SIDT1	4	6.6055e-01	8.2346e-01	1.000000	0
ADAMTS1	4	6.6072e-01	8.2346e-01	1.000000	0
SLC22A11	4	6.6074e-01	8.2346e-01	1.000000	0
UTF1	4	6.6078e-01	8.2346e-01	1.000000	0
RFX6	4	6.6085e-01	8.2346e-01	1.000000	0
CASC4	4	6.6092e-01	8.2346e-01	1.000000	0
ATP1B4	4	6.6097e-01	8.2346e-01	1.000000	0
UNC13B	4	6.6106e-01	8.2457e-01	1.000000	0
HLA-C	4	6.6111e-01	8.2457e-01	1.000000	0
PCSK6	4	6.6119e-01	8.2457e-01	1.000000	0
UHRF1BP1L	4	6.6122e-01	8.2457e-01	1.000000	0
SAMD15	4	6.6131e-01	8.2565e-01	1.000000	0
PPAPDC2	4	6.6136e-01	8.2565e-01	1.000000	0
KRTAP1-4	4	6.6139e-01	8.2565e-01	1.000000	0
TMOD4	4	6.6147e-01	8.2565e-01	1.000000	0
SLC50A1	4	6.6150e-01	8.2565e-01	1.000000	0
CLASRP	4	6.6154e-01	8.2565e-01	1.000000	0
INSL4	4	6.6164e-01	8.2677e-01	1.000000	0
ZNF787	4	6.6173e-01	8.2677e-01	1.000000	0
UBE2B	4	6.6175e-01	8.2677e-01	1.000000	0
DUSP9	4	6.6177e-01	8.2677e-01	1.000000	0
FMO2	4	6.6187e-01	8.2677e-01	1.000000	0
DENND3	4	6.6196e-01	8.2677e-01	1.000000	0
MOSPD2	4	6.6203e-01	8.2677e-01	1.000000	0
USP38	3	6.6205e-01	8.7095e-01	1.000000	0
GATA5	4	6.6209e-01	8.2677e-01	1.000000	0
RAB11FIP1	4	6.6226e-01	8.2782e-01	1.000000	0
OR10P1	4	6.6228e-01	8.2782e-01	1.000000	0
LEPROTL1	4	6.6230e-01	8.2782e-01	1.000000	0
KCTD18	4	6.6232e-01	8.2782e-01	1.000000	0
URI1	4	6.6242e-01	8.2782e-01	1.000000	0
MCEMP1	4	6.6246e-01	8.2782e-01	1.000000	0
MLKL	4	6.6248e-01	8.2782e-01	1.000000	0
TAL1	4	6.6251e-01	8.2782e-01	1.000000	0
OR4S2	4	6.6255e-01	8.2782e-01	1.000000	0
TUBB2A	4	6.6278e-01	8.2782e-01	1.000000	0
AGPAT5	4	6.6281e-01	8.2782e-01	1.000000	0
OXR1	4	6.6285e-01	8.2782e-01	1.000000	0
SNTG2	4	6.6290e-01	8.2782e-01	1.000000	0
RRBP1	4	6.6297e-01	8.2782e-01	1.000000	0
DLL4	4	6.6301e-01	8.2782e-01	1.000000	0
ANKRD63	4	6.6303e-01	8.2782e-01	1.000000	0
SAP25	4	6.6315e-01	8.2782e-01	1.000000	0
EHBP1L1	4	6.6322e-01	8.2782e-01	1.000000	0
ZNF630	4	6.6329e-01	8.2782e-01	1.000000	0
C22orf46	4	6.6331e-01	8.2782e-01	1.000000	0
TM9SF3	4	6.6336e-01	8.2782e-01	1.000000	0
C9orf78	4	6.6338e-01	8.2782e-01	1.000000	0
MKL2	4	6.6340e-01	8.2782e-01	1.000000	0
SDC1	4	6.6349e-01	8.2782e-01	1.000000	0
IL3RA	4	6.6354e-01	8.2782e-01	1.000000	0
CCNI	4	6.6358e-01	8.2782e-01	1.000000	0
USP17L15	4	6.6363e-01	8.2782e-01	1.000000	0
METAP1D	4	6.6365e-01	8.2782e-01	1.000000	0
ARHGAP20	4	6.6368e-01	8.2782e-01	1.000000	0
NUTF2	4	6.6373e-01	8.2782e-01	1.000000	0
BEND4	4	6.6377e-01	8.2782e-01	1.000000	0
LYRM5	4	6.6381e-01	8.2782e-01	1.000000	0
AGPAT2	4	6.6404e-01	8.2782e-01	1.000000	0
RANBP2	4	6.6416e-01	8.2782e-01	1.000000	0
ZNF506	4	6.6418e-01	8.2782e-01	1.000000	0
DLEC1	4	6.6420e-01	8.2782e-01	1.000000	0
UGT8	4	6.6434e-01	8.2890e-01	1.000000	0
PZP	4	6.6448e-01	8.2890e-01	1.000000	0
FBXO25	4	6.6454e-01	8.2890e-01	1.000000	0
IL5RA	4	6.6459e-01	8.2890e-01	1.000000	0
NEIL1	4	6.6463e-01	8.2890e-01	1.000000	0
CAPNS1	4	6.6466e-01	8.2890e-01	1.000000	0
CLEC4G	4	6.6468e-01	8.2890e-01	1.000000	0
FKBP15	4	6.6473e-01	8.2890e-01	1.000000	0
HIST1H2BF	4	6.6477e-01	8.2890e-01	1.000000	0
TIGD6	4	6.6491e-01	8.2890e-01	1.000000	0
LRRN4	4	6.6493e-01	8.2890e-01	1.000000	0
ZNF292	4	6.6495e-01	8.2890e-01	1.000000	0
ERICH6	4	6.6502e-01	8.2890e-01	1.000000	0
CTSZ	4	6.6509e-01	8.2890e-01	1.000000	0
ARG1	4	6.6515e-01	8.2890e-01	1.000000	0
PAQR4	4	6.6523e-01	8.2890e-01	1.000000	0
ADM2	4	6.6530e-01	8.2890e-01	1.000000	0
ZSCAN9	4	6.6534e-01	8.2890e-01	1.000000	0
NEUROG3	4	6.6536e-01	8.2890e-01	1.000000	0
C18orf54	4	6.6543e-01	8.2890e-01	1.000000	0
ELP5	4	6.6546e-01	8.2890e-01	1.000000	0
RIPPLY3	4	6.6555e-01	8.2890e-01	1.000000	0
PRDX4	4	6.6557e-01	8.2890e-01	1.000000	0
OCM2	4	6.6559e-01	8.2890e-01	1.000000	0
KLK8	4	6.6564e-01	8.2890e-01	1.000000	0
CATSPER4	4	6.6566e-01	8.2890e-01	1.000000	0
HEATR6	4	6.6568e-01	8.2890e-01	1.000000	0
PLEKHA5	4	6.6573e-01	8.2890e-01	1.000000	0
TMPRSS5	4	6.6580e-01	8.2890e-01	1.000000	0
CAMK2D	4	6.6582e-01	8.2890e-01	1.000000	0
FAM149B1	4	6.6587e-01	8.2890e-01	1.000000	0
GRM5	4	6.6591e-01	8.2890e-01	1.000000	0
MARCKS	4	6.6602e-01	8.2890e-01	1.000000	0
GIF	4	6.6609e-01	8.2890e-01	1.000000	0
MYPN	4	6.6614e-01	8.2890e-01	1.000000	0
LRP5	4	6.6616e-01	8.2890e-01	1.000000	0
MSC	4	6.6625e-01	8.2994e-01	1.000000	0
PPP1R16A	4	6.6632e-01	8.2994e-01	1.000000	0
OXNAD1	4	6.6637e-01	8.2994e-01	1.000000	0
OR51L1	4	6.6643e-01	8.2994e-01	1.000000	0
GH1	4	6.6646e-01	8.2994e-01	1.000000	0
NKX2-8	4	6.6650e-01	8.2994e-01	1.000000	0
MAP2K7	4	6.6655e-01	8.2994e-01	1.000000	0
FAM71F1	4	6.6657e-01	8.2994e-01	1.000000	0
TSPYL5	4	6.6675e-01	8.2994e-01	1.000000	0
BFSP1	3	6.6676e-01	8.7618e-01	1.000000	0
LDHB	4	6.6681e-01	8.2994e-01	1.000000	0
CCDC114	4	6.6687e-01	8.2994e-01	1.000000	0
BPIFA3	4	6.6691e-01	8.2994e-01	1.000000	0
PLEKHG3	4	6.6714e-01	8.2994e-01	1.000000	0
FBXO21	4	6.6718e-01	8.2994e-01	1.000000	0
HDAC4	4	6.6723e-01	8.3100e-01	1.000000	0
TAPT1	4	6.6730e-01	8.3100e-01	1.000000	0
ALDH1L1	4	6.6734e-01	8.3100e-01	1.000000	0
EMD	4	6.6739e-01	8.3100e-01	1.000000	0
GABRR1	4	6.6741e-01	8.3100e-01	1.000000	0
OR9K2	4	6.6750e-01	8.3100e-01	1.000000	0
TCN1	4	6.6777e-01	8.3307e-01	1.000000	0
NID2	4	6.6780e-01	8.3307e-01	1.000000	0
PDGFD	4	6.6791e-01	8.3307e-01	1.000000	0
CDV3	4	6.6798e-01	8.3307e-01	1.000000	0
FBXL21	4	6.6800e-01	8.3307e-01	1.000000	0
ZSCAN22	4	6.6804e-01	8.3410e-01	1.000000	0
ARRDC5	4	6.6807e-01	8.3410e-01	1.000000	0
ZNF783	4	6.6809e-01	8.3410e-01	1.000000	0
SERPINE2	4	6.6811e-01	8.3410e-01	1.000000	0
CD2	4	6.6816e-01	8.3410e-01	1.000000	0
TGFBI	4	6.6820e-01	8.3410e-01	1.000000	0
TAC3	4	6.6826e-01	8.3410e-01	1.000000	0
NANS	4	6.6834e-01	8.3410e-01	1.000000	0
CCDC173	4	6.6836e-01	8.3410e-01	1.000000	0
ACO2	3	6.6840e-01	8.7765e-01	1.000000	0
CFAP45	4	6.6848e-01	8.3410e-01	1.000000	0
USP12	4	6.6852e-01	8.3410e-01	1.000000	0
MATN2	4	6.6857e-01	8.3410e-01	1.000000	0
TFAP2D	4	6.6859e-01	8.3410e-01	1.000000	0
PROKR1	4	6.6861e-01	8.3410e-01	1.000000	0
ACSM4	4	6.6866e-01	8.3410e-01	1.000000	0
HCAR3	4	6.6888e-01	8.3518e-01	1.000000	0
MMP3	4	6.6890e-01	8.3518e-01	1.000000	0
KDM8	4	6.6893e-01	8.3518e-01	1.000000	0
SGSM3	4	6.6900e-01	8.3518e-01	1.000000	0
ARMCX6	4	6.6902e-01	8.3518e-01	1.000000	0
FER1L6	4	6.6906e-01	8.3518e-01	1.000000	0
SDR42E1	4	6.6912e-01	8.3624e-01	1.000000	0
MTRNR2L10	4	6.6915e-01	8.3624e-01	1.000000	0
DNAAF3	4	6.6920e-01	8.3624e-01	1.000000	0
LSP1	4	6.6924e-01	8.3624e-01	1.000000	0
KIF5C	4	6.6929e-01	8.3624e-01	1.000000	0
NT5C1A	4	6.6931e-01	8.3624e-01	1.000000	0
FAM65C	4	6.6938e-01	8.3624e-01	1.000000	0
SLC31A1	4	6.6940e-01	8.3624e-01	1.000000	0
C10orf99	4	6.6946e-01	8.3728e-01	1.000000	0
C19orf53	4	6.6946e-01	8.3728e-01	1.000000	0
ARHGAP11A	4	6.6951e-01	8.3728e-01	1.000000	0
MIIP	4	6.6954e-01	8.3728e-01	1.000000	0
PSAT1	4	6.6960e-01	8.3728e-01	1.000000	0
TMEM240	4	6.6976e-01	8.3728e-01	1.000000	0
KRTAP10-9	4	6.6985e-01	8.3728e-01	1.000000	0
ADRM1	4	6.6990e-01	8.3728e-01	1.000000	0
CLIP1	4	6.6997e-01	8.3833e-01	1.000000	0
FBXO27	4	6.7001e-01	8.3833e-01	1.000000	0
DAZ1	4	6.7008e-01	8.3833e-01	1.000000	0
ABTB2	4	6.7012e-01	8.3833e-01	1.000000	0
PUM1	4	6.7015e-01	8.3833e-01	1.000000	0
ZNF480	4	6.7017e-01	8.3833e-01	1.000000	0
PKP4	4	6.7019e-01	8.3833e-01	1.000000	0
HINT1	4	6.7021e-01	8.3833e-01	1.000000	0
AACS	4	6.7024e-01	8.3833e-01	1.000000	0
GP9	4	6.7030e-01	8.3833e-01	1.000000	0
SLC12A4	4	6.7035e-01	8.3833e-01	1.000000	0
GCH1	4	6.7039e-01	8.3833e-01	1.000000	0
MYO18A	4	6.7044e-01	8.3833e-01	1.000000	0
UBR1	4	6.7046e-01	8.3833e-01	1.000000	0
OVOL1	4	6.7051e-01	8.3833e-01	1.000000	0
C18orf32	4	6.7051e-01	8.3833e-01	1.000000	0
TNFSF15	4	6.7055e-01	8.3833e-01	1.000000	0
BEST3	4	6.7060e-01	8.3833e-01	1.000000	0
FSD2	4	6.7062e-01	8.3833e-01	1.000000	0
SCUBE2	4	6.7066e-01	8.3833e-01	1.000000	0
TXNDC5	4	6.7075e-01	8.3833e-01	1.000000	0
CERKL	4	6.7098e-01	8.3833e-01	1.000000	0
SRBD1	4	6.7111e-01	8.3937e-01	1.000000	0
C14orf1	4	6.7118e-01	8.3937e-01	1.000000	0
TMEM215	4	6.7123e-01	8.3937e-01	1.000000	0
OAZ1	4	6.7129e-01	8.3937e-01	1.000000	0
MICAL3	4	6.7138e-01	8.3937e-01	1.000000	0
AMOTL2	4	6.7143e-01	8.3937e-01	1.000000	0
C19orf45	4	6.7147e-01	8.3937e-01	1.000000	0
TACR1	4	6.7150e-01	8.3937e-01	1.000000	0
PMAIP1	4	6.7154e-01	8.3937e-01	1.000000	0
LOH12CR1	4	6.7156e-01	8.3937e-01	1.000000	0
UROS	4	6.7159e-01	8.3937e-01	1.000000	0
COL6A2	4	6.7163e-01	8.3937e-01	1.000000	0
DDB2	4	6.7179e-01	8.3937e-01	1.000000	0
SCNN1B	4	6.7186e-01	8.3937e-01	1.000000	0
TMEM177	4	6.7188e-01	8.3937e-01	1.000000	0
ROM1	4	6.7197e-01	8.3937e-01	1.000000	0
TNNI3K	4	6.7206e-01	8.3937e-01	1.000000	0
RPUSD1	4	6.7210e-01	8.3937e-01	1.000000	0
SPIN4	4	6.7219e-01	8.3937e-01	1.000000	0
CLCA2	4	6.7224e-01	8.3937e-01	1.000000	0
COL16A1	4	6.7228e-01	8.3937e-01	1.000000	0
PRM2	4	6.7230e-01	8.3937e-01	1.000000	0
AADACL3	4	6.7233e-01	8.3937e-01	1.000000	0
C9orf173	4	6.7252e-01	8.4039e-01	1.000000	0
GALE	3	6.7253e-01	8.8354e-01	1.000000	0
BAK1	4	6.7257e-01	8.4141e-01	1.000000	0
RNF39	3	6.7264e-01	8.8354e-01	1.000000	0
KCNG1	4	6.7266e-01	8.4242e-01	1.000000	0
MYZAP	4	6.7271e-01	8.4242e-01	1.000000	0
EEF1A1	4	6.7278e-01	8.4242e-01	1.000000	0
ARMC10	4	6.7280e-01	8.4242e-01	1.000000	0
MXRA8	4	6.7289e-01	8.4445e-01	1.000000	0
SP6	4	6.7293e-01	8.4445e-01	1.000000	0
ETNK1	4	6.7295e-01	8.4445e-01	1.000000	0
CRCP	4	6.7302e-01	8.4445e-01	1.000000	0
C6orf163	4	6.7304e-01	8.4445e-01	1.000000	0
PDPN	4	6.7310e-01	8.4445e-01	1.000000	0
ERLIN2	4	6.7310e-01	8.4445e-01	1.000000	0
ZNF773	4	6.7313e-01	8.4445e-01	1.000000	0
PTCD2	4	6.7316e-01	8.4445e-01	1.000000	0
BMP7	4	6.7325e-01	8.4445e-01	1.000000	0
YTHDF3	4	6.7329e-01	8.4445e-01	1.000000	0
CYB561A3	4	6.7331e-01	8.4445e-01	1.000000	0
HEXB	4	6.7333e-01	8.4445e-01	1.000000	0
TMSB4Y	4	6.7336e-01	8.4445e-01	1.000000	0
ATP11AUN	4	6.7340e-01	8.4445e-01	1.000000	0
SPRR2E	4	6.7349e-01	8.4546e-01	1.000000	0
SORBS2	4	6.7351e-01	8.4546e-01	1.000000	0
FOXN4	4	6.7354e-01	8.4546e-01	1.000000	0
IL31RA	4	6.7360e-01	8.4546e-01	1.000000	0
LTBR	4	6.7363e-01	8.4546e-01	1.000000	0
GDF9	4	6.7365e-01	8.4546e-01	1.000000	0
LEUTX	4	6.7378e-01	8.4546e-01	1.000000	0
ERC1	4	6.7385e-01	8.4546e-01	1.000000	0
PTPRD	4	6.7392e-01	8.4546e-01	1.000000	0
ZNF839	4	6.7394e-01	8.4546e-01	1.000000	0
MAB21L1	4	6.7396e-01	8.4546e-01	1.000000	0
GNAO1	4	6.7403e-01	8.4546e-01	1.000000	0
ABL2	4	6.7405e-01	8.4546e-01	1.000000	0
ERAP2	4	6.7412e-01	8.4546e-01	1.000000	0
ZNF92	4	6.7414e-01	8.4546e-01	1.000000	0
NPBWR2	4	6.7418e-01	8.4546e-01	1.000000	0
CCDC177	4	6.7427e-01	8.4546e-01	1.000000	0
GPR31	4	6.7430e-01	8.4546e-01	1.000000	0
NEMF	4	6.7439e-01	8.4546e-01	1.000000	0
ERLIN1	4	6.7445e-01	8.4546e-01	1.000000	0
DOK6	4	6.7447e-01	8.4546e-01	1.000000	0
MDM4	4	6.7450e-01	8.4546e-01	1.000000	0
COX17	4	6.7459e-01	8.4546e-01	1.000000	0
KIAA1551	4	6.7461e-01	8.4546e-01	1.000000	0
KIAA1143	4	6.7465e-01	8.4546e-01	1.000000	0
RGS1	4	6.7472e-01	8.4546e-01	1.000000	0
CD70	4	6.7474e-01	8.4546e-01	1.000000	0
AP3M2	4	6.7488e-01	8.4546e-01	1.000000	0
SOSTDC1	4	6.7490e-01	8.4546e-01	1.000000	0
CCDC36	4	6.7501e-01	8.4546e-01	1.000000	0
NXNL1	4	6.7514e-01	8.4546e-01	1.000000	0
GABRR2	4	6.7523e-01	8.4546e-01	1.000000	0
NXNL2	4	6.7525e-01	8.4546e-01	1.000000	0
TRIM49B	4	6.7528e-01	8.4546e-01	1.000000	0
GSTM5	4	6.7532e-01	8.4546e-01	1.000000	0
MRM1	4	6.7537e-01	8.4546e-01	1.000000	0
PCTP	4	6.7541e-01	8.4546e-01	1.000000	0
TRAPPC6B	4	6.7546e-01	8.4546e-01	1.000000	0
ZSCAN25	4	6.7550e-01	8.4546e-01	1.000000	0
CCDC175	4	6.7557e-01	8.4546e-01	1.000000	0
PSMD1	4	6.7559e-01	8.4546e-01	1.000000	0
AGTRAP	4	6.7561e-01	8.4546e-01	1.000000	0
IL20	4	6.7563e-01	8.4546e-01	1.000000	0
CLIP2	4	6.7566e-01	8.4546e-01	1.000000	0
DTNB	4	6.7568e-01	8.4546e-01	1.000000	0
ETV4	4	6.7574e-01	8.4645e-01	1.000000	0
BOLL	4	6.7577e-01	8.4645e-01	1.000000	0
HCK	4	6.7581e-01	8.4645e-01	1.000000	0
MRPS33	4	6.7583e-01	8.4645e-01	1.000000	0
SLC13A4	4	6.7586e-01	8.4645e-01	1.000000	0
MT1M	4	6.7590e-01	8.4645e-01	1.000000	0
FRK	4	6.7599e-01	8.4645e-01	1.000000	0
NDUFC2-KCTD14	4	6.7601e-01	8.4645e-01	1.000000	0
GPR88	4	6.7619e-01	8.4645e-01	1.000000	0
TREML4	4	6.7628e-01	8.4645e-01	1.000000	0
IL11RA	4	6.7638e-01	8.4645e-01	1.000000	0
C10orf53	4	6.7638e-01	8.4645e-01	1.000000	0
MYH6	4	6.7642e-01	8.4645e-01	1.000000	0
DMC1	4	6.7648e-01	8.4645e-01	1.000000	0
MAP7D1	4	6.7652e-01	8.4645e-01	1.000000	0
KDM5D	4	6.7664e-01	8.4743e-01	1.000000	0
MLIP	4	6.7668e-01	8.4743e-01	1.000000	0
ATP5H	4	6.7677e-01	8.4743e-01	1.000000	0
SPANXN2	4	6.7679e-01	8.4743e-01	1.000000	0
MFSD2B	4	6.7681e-01	8.4743e-01	1.000000	0
SPOCK1	3	6.7688e-01	8.8919e-01	1.000000	0
SFT2D1	4	6.7690e-01	8.4743e-01	1.000000	0
QTRTD1	4	6.7692e-01	8.4743e-01	1.000000	0
GID4	4	6.7712e-01	8.4743e-01	1.000000	0
SEMA3G	4	6.7723e-01	8.4743e-01	1.000000	0
CNIH3	4	6.7737e-01	8.4840e-01	1.000000	0
TSPAN18	4	6.7748e-01	8.4840e-01	1.000000	0
ARHGEF7	4	6.7757e-01	8.4840e-01	1.000000	0
BRS3	4	6.7763e-01	8.4840e-01	1.000000	0
BMI1	4	6.7770e-01	8.4840e-01	1.000000	0
EPS8L1	4	6.7776e-01	8.4840e-01	1.000000	0
KLK14	4	6.7794e-01	8.4840e-01	1.000000	0
SLBP	4	6.7799e-01	8.4840e-01	1.000000	0
TBX6	4	6.7801e-01	8.4840e-01	1.000000	0
MIS18A	4	6.7823e-01	8.4840e-01	1.000000	0
HVCN1	4	6.7827e-01	8.4840e-01	1.000000	0
ZP4	4	6.7832e-01	8.4840e-01	1.000000	0
ABR	4	6.7838e-01	8.4840e-01	1.000000	0
PTGDS	4	6.7842e-01	8.4840e-01	1.000000	0
ZNF416	4	6.7852e-01	8.4840e-01	1.000000	0
EOGT	4	6.7854e-01	8.4840e-01	1.000000	0
MTHFD1L	4	6.7856e-01	8.4840e-01	1.000000	0
NEO1	4	6.7865e-01	8.4940e-01	1.000000	0
TPSAB1	4	6.7872e-01	8.4940e-01	1.000000	0
DNAJC5	4	6.7874e-01	8.4940e-01	1.000000	0
OR7A5	4	6.7883e-01	8.4940e-01	1.000000	0
XCL1	4	6.7885e-01	8.4940e-01	1.000000	0
FERMT2	4	6.7891e-01	8.4940e-01	1.000000	0
QRSL1	4	6.7894e-01	8.4940e-01	1.000000	0
LAMTOR4	4	6.7896e-01	8.4940e-01	1.000000	0
ZNF662	4	6.7898e-01	8.4940e-01	1.000000	0
IRF2	4	6.7905e-01	8.4940e-01	1.000000	0
C1orf94	4	6.7909e-01	8.4940e-01	1.000000	0
LOC728485	4	6.7921e-01	8.4940e-01	1.000000	0
KIAA0907	4	6.7925e-01	8.4940e-01	1.000000	0
ELMOD2	4	6.7927e-01	8.4940e-01	1.000000	0
PIGQ	4	6.7929e-01	8.4940e-01	1.000000	0
ARAP3	4	6.7940e-01	8.4940e-01	1.000000	0
CCDC105	4	6.7947e-01	8.4940e-01	1.000000	0
MPDU1	4	6.7960e-01	8.4940e-01	1.000000	0
OR5A1	4	6.7962e-01	8.4940e-01	1.000000	0
PNMA3	4	6.7964e-01	8.4940e-01	1.000000	0
PP2D1	4	6.7969e-01	8.4940e-01	1.000000	0
ADSS	4	6.7971e-01	8.4940e-01	1.000000	0
ZNF530	4	6.7974e-01	8.4940e-01	1.000000	0
C5orf22	4	6.7980e-01	8.4940e-01	1.000000	0
CKMT1B	4	6.7984e-01	8.4940e-01	1.000000	0
NPAT	4	6.7991e-01	8.4940e-01	1.000000	0
SUN5	4	6.8004e-01	8.4940e-01	1.000000	0
SRRM4	4	6.8008e-01	8.4940e-01	1.000000	0
ARL10	4	6.8011e-01	8.4940e-01	1.000000	0
TOX3	4	6.8015e-01	8.4940e-01	1.000000	0
CARD10	4	6.8017e-01	8.4940e-01	1.000000	0
TSPAN31	4	6.8022e-01	8.4940e-01	1.000000	0
NKRF	4	6.8033e-01	8.4940e-01	1.000000	0
PCDHB9	4	6.8043e-01	8.4940e-01	1.000000	0
TMEM52	4	6.8050e-01	8.4940e-01	1.000000	0
MARCHF2	8	6.8057e-01	7.0161e-01	1.000000	0
AMZ1	4	6.8059e-01	8.5038e-01	1.000000	0
ADAMTSL3	4	6.8068e-01	8.5038e-01	1.000000	0
ANO2	4	6.8070e-01	8.5038e-01	1.000000	0
BLNK	4	6.8088e-01	8.5131e-01	1.000000	0
C3orf70	4	6.8094e-01	8.5131e-01	1.000000	0
AMDHD2	4	6.8101e-01	8.5131e-01	1.000000	0
PCDH8	4	6.8103e-01	8.5131e-01	1.000000	0
GBP3	4	6.8105e-01	8.5131e-01	1.000000	0
DEFB133	3	6.8111e-01	8.9393e-01	1.000000	0
HIST1H3A	4	6.8114e-01	8.5131e-01	1.000000	0
SARNP	4	6.8127e-01	8.5131e-01	1.000000	0
DMXL2	4	6.8129e-01	8.5131e-01	1.000000	0
IRF7	4	6.8132e-01	8.5131e-01	1.000000	0
TNNI2	4	6.8134e-01	8.5131e-01	1.000000	0
WFDC3	4	6.8136e-01	8.5131e-01	1.000000	0
TTPAL	4	6.8138e-01	8.5131e-01	1.000000	0
CDCA4	4	6.8143e-01	8.5131e-01	1.000000	0
NFXL1	4	6.8147e-01	8.5131e-01	1.000000	0
TMEM245	4	6.8154e-01	8.5131e-01	1.000000	0
ADGRB3	4	6.8167e-01	8.5131e-01	1.000000	0
GJD4	4	6.8169e-01	8.5131e-01	1.000000	0
MAP2K1	4	6.8172e-01	8.5131e-01	1.000000	0
ADAMTS12	4	6.8182e-01	8.5131e-01	1.000000	0
TNNI1	4	6.8193e-01	8.5131e-01	1.000000	0
CYP11B1	4	6.8202e-01	8.5222e-01	1.000000	0
PVALB	4	6.8204e-01	8.5222e-01	1.000000	0
RSPH10B	4	6.8206e-01	8.5222e-01	1.000000	0
USP35	4	6.8208e-01	8.5222e-01	1.000000	0
PHLPP1	4	6.8213e-01	8.5222e-01	1.000000	0
RAB5B	4	6.8238e-01	8.5222e-01	1.000000	0
SLC4A11	4	6.8243e-01	8.5222e-01	1.000000	0
FSTL1	4	6.8257e-01	8.5222e-01	1.000000	0
FAXC	4	6.8270e-01	8.5222e-01	1.000000	0
ZC3H13	4	6.8272e-01	8.5222e-01	1.000000	0
DFFB	4	6.8274e-01	8.5222e-01	1.000000	0
CYP3A5	4	6.8281e-01	8.5222e-01	1.000000	0
ETFDH	4	6.8283e-01	8.5222e-01	1.000000	0
C16orf70	4	6.8285e-01	8.5222e-01	1.000000	0
BTNL9	4	6.8294e-01	8.5222e-01	1.000000	0
SON	4	6.8305e-01	8.5222e-01	1.000000	0
PUF60	4	6.8318e-01	8.5222e-01	1.000000	0
POMT2	4	6.8320e-01	8.5222e-01	1.000000	0
TET2	4	6.8324e-01	8.5222e-01	1.000000	0
CHD5	4	6.8353e-01	8.5222e-01	1.000000	0
TMEM38B	4	6.8357e-01	8.5222e-01	1.000000	0
RAB2B	4	6.8371e-01	8.5316e-01	1.000000	0
KRCC1	4	6.8379e-01	8.5316e-01	1.000000	0
CEP55	4	6.8381e-01	8.5316e-01	1.000000	0
CRYZL1	4	6.8388e-01	8.5316e-01	1.000000	0
METTL8	4	6.8396e-01	8.5316e-01	1.000000	0
SMARCA1	4	6.8407e-01	8.5316e-01	1.000000	0
GPR153	4	6.8414e-01	8.5316e-01	1.000000	0
ALG1L2	4	6.8418e-01	8.5316e-01	1.000000	0
RDX	4	6.8423e-01	8.5316e-01	1.000000	0
ARFRP1	4	6.8425e-01	8.5316e-01	1.000000	0
NRG1	4	6.8427e-01	8.5316e-01	1.000000	0
ANKRD33	4	6.8436e-01	8.5316e-01	1.000000	0
ACY3	4	6.8444e-01	8.5316e-01	1.000000	0
COMMD8	4	6.8447e-01	8.5316e-01	1.000000	0
TROAP	4	6.8453e-01	8.5316e-01	1.000000	0
MGMT	4	6.8455e-01	8.5316e-01	1.000000	0
BRE	4	6.8458e-01	8.5316e-01	1.000000	0
PXDC1	4	6.8462e-01	8.5316e-01	1.000000	0
PICK1	4	6.8471e-01	8.5316e-01	1.000000	0
SHMT1	3	6.8474e-01	8.9794e-01	1.000000	0
BCAT1	4	6.8479e-01	8.5316e-01	1.000000	0
LHFPL3	4	6.8484e-01	8.5316e-01	1.000000	0
ETV1	4	6.8486e-01	8.5316e-01	1.000000	0
HSD17B7	4	6.8492e-01	8.5316e-01	1.000000	0
UBAP1	4	6.8495e-01	8.5316e-01	1.000000	0
ADAMTSL5	4	6.8521e-01	8.5409e-01	1.000000	0
KDELR2	4	6.8525e-01	8.5409e-01	1.000000	0
TGFA	4	6.8532e-01	8.5409e-01	1.000000	0
KIF13A	4	6.8553e-01	8.5409e-01	1.000000	0
NRG3	4	6.8558e-01	8.5409e-01	1.000000	0
TKFC	4	6.8562e-01	8.5409e-01	1.000000	0
GAP43	4	6.8564e-01	8.5409e-01	1.000000	0
EPHA10	4	6.8575e-01	8.5409e-01	1.000000	0
IL9	4	6.8582e-01	8.5409e-01	1.000000	0
NALCN	4	6.8584e-01	8.5409e-01	1.000000	0
EXOC1	4	6.8596e-01	8.5409e-01	1.000000	0
KIAA1257	4	6.8599e-01	8.5409e-01	1.000000	0
POR	4	6.8601e-01	8.5409e-01	1.000000	0
TPP2	4	6.8603e-01	8.5409e-01	1.000000	0
SLC38A3	4	6.8606e-01	8.5409e-01	1.000000	0
GOT2	4	6.8619e-01	8.5409e-01	1.000000	0
SORT1	4	6.8621e-01	8.5409e-01	1.000000	0
CDH15	4	6.8625e-01	8.5409e-01	1.000000	0
OTUD1	4	6.8634e-01	8.5409e-01	1.000000	0
CPLX4	4	6.8636e-01	8.5409e-01	1.000000	0
ZNF621	4	6.8638e-01	8.5409e-01	1.000000	0
SYT2	4	6.8649e-01	8.5409e-01	1.000000	0
SLC7A7	4	6.8651e-01	8.5409e-01	1.000000	0
CCDC109B	4	6.8653e-01	8.5409e-01	1.000000	0
MRGPRD	4	6.8655e-01	8.5409e-01	1.000000	0
ACTR6	4	6.8658e-01	8.5409e-01	1.000000	0
COLGALT1	4	6.8660e-01	8.5409e-01	1.000000	0
VWA5A	4	6.8664e-01	8.5409e-01	1.000000	0
SLC25A44	4	6.8666e-01	8.5409e-01	1.000000	0
PNOC	4	6.8668e-01	8.5409e-01	1.000000	0
KIAA0319	4	6.8675e-01	8.5409e-01	1.000000	0
ODF3	4	6.8677e-01	8.5409e-01	1.000000	0
NATD1	4	6.8681e-01	8.5409e-01	1.000000	0
CHRNA4	4	6.8692e-01	8.5409e-01	1.000000	0
METTL2B	4	6.8694e-01	8.5409e-01	1.000000	0
RASEF	4	6.8699e-01	8.5409e-01	1.000000	0
ZNF532	4	6.8703e-01	8.5409e-01	1.000000	0
ZBTB34	4	6.8716e-01	8.5501e-01	1.000000	0
ADH6	4	6.8723e-01	8.5501e-01	1.000000	0
SPRED1	4	6.8729e-01	8.5501e-01	1.000000	0
ZNF182	4	6.8733e-01	8.5595e-01	1.000000	0
ITGA7	4	6.8736e-01	8.5595e-01	1.000000	0
TAX1BP3	4	6.8738e-01	8.5595e-01	1.000000	0
SDSL	4	6.8744e-01	8.5595e-01	1.000000	0
TRIP10	4	6.8751e-01	8.5595e-01	1.000000	0
NGEF	4	6.8757e-01	8.5595e-01	1.000000	0
C9orf66	4	6.8762e-01	8.5684e-01	1.000000	0
ENKD1	4	6.8766e-01	8.5684e-01	1.000000	0
ZAN	4	6.8770e-01	8.5684e-01	1.000000	0
C1QTNF2	4	6.8782e-01	8.5684e-01	1.000000	0
CCDC33	4	6.8809e-01	8.5685e-01	1.000000	0
FGF7	4	6.8811e-01	8.5685e-01	1.000000	0
PRSS46	4	6.8816e-01	8.5685e-01	1.000000	0
MAPRE3	4	6.8818e-01	8.5685e-01	1.000000	0
DEFB119	4	6.8820e-01	8.5685e-01	1.000000	0
CMTM3	4	6.8826e-01	8.5685e-01	1.000000	0
CCDC149	4	6.8831e-01	8.5685e-01	1.000000	0
POTEI	4	6.8835e-01	8.5685e-01	1.000000	0
UGT2B4	4	6.8837e-01	8.5685e-01	1.000000	0
ZSWIM4	4	6.8842e-01	8.5685e-01	1.000000	0
OR52A5	4	6.8846e-01	8.5685e-01	1.000000	0
PPIAL4G	4	6.8850e-01	8.5685e-01	1.000000	0
HSPA6	4	6.8865e-01	8.5866e-01	1.000000	0
SLIT2	4	6.8876e-01	8.5866e-01	1.000000	0
ZNF646	4	6.8878e-01	8.5866e-01	1.000000	0
TCEANC	4	6.8885e-01	8.5866e-01	1.000000	0
ARSB	4	6.8887e-01	8.5866e-01	1.000000	0
SH3RF2	4	6.8891e-01	8.5866e-01	1.000000	0
PRUNE	4	6.8899e-01	8.5866e-01	1.000000	0
SLC17A2	4	6.8904e-01	8.5866e-01	1.000000	0
SPHAR	2	6.8907e-01	9.3505e-01	1.000000	0
KCNMB1	4	6.8924e-01	8.6139e-01	1.000000	0
VMO1	4	6.8929e-01	8.6139e-01	1.000000	0
FCN1	4	6.8929e-01	8.6139e-01	1.000000	0
KIAA1147	4	6.8932e-01	8.6139e-01	1.000000	0
CDY2A	4	6.8934e-01	8.6139e-01	1.000000	0
CDH22	4	6.8936e-01	8.6139e-01	1.000000	0
FADD	4	6.8941e-01	8.6139e-01	1.000000	0
HTR2A	4	6.8943e-01	8.6139e-01	1.000000	0
ADAM19	4	6.8945e-01	8.6139e-01	1.000000	0
FBXO2	4	6.8949e-01	8.6139e-01	1.000000	0
HES1	4	6.8958e-01	8.6228e-01	1.000000	0
ATG2B	4	6.8962e-01	8.6228e-01	1.000000	0
TLR10	4	6.8964e-01	8.6228e-01	1.000000	0
RPEL1	4	6.8968e-01	8.6228e-01	1.000000	0
KIF3B	4	6.8968e-01	8.6228e-01	1.000000	0
AKAP17A	4	6.8973e-01	8.6228e-01	1.000000	0
KLHL11	4	6.8986e-01	8.6228e-01	1.000000	0
VAX2	4	6.8990e-01	8.6228e-01	1.000000	0
SCYL3	4	6.9002e-01	8.6228e-01	1.000000	0
OXCT1	4	6.9002e-01	8.6228e-01	1.000000	0
ADGRA1	4	6.9010e-01	8.6228e-01	1.000000	0
SNPH	4	6.9012e-01	8.6228e-01	1.000000	0
SH3GLB1	4	6.9014e-01	8.6228e-01	1.000000	0
PRAMEF17	4	6.9038e-01	8.6406e-01	1.000000	0
NDRG4	4	6.9040e-01	8.6406e-01	1.000000	0
PALLD	4	6.9046e-01	8.6406e-01	1.000000	0
CYSLTR1	4	6.9048e-01	8.6406e-01	1.000000	0
SCG3	4	6.9051e-01	8.6406e-01	1.000000	0
NR3C1	4	6.9074e-01	8.6406e-01	1.000000	0
SCNN1G	4	6.9078e-01	8.6496e-01	1.000000	0
ABCG2	4	6.9091e-01	8.6496e-01	1.000000	0
DEPDC4	4	6.9093e-01	8.6496e-01	1.000000	0
ATXN2L	4	6.9098e-01	8.6496e-01	1.000000	0
GRAMD4	4	6.9100e-01	8.6496e-01	1.000000	0
ITCH	4	6.9102e-01	8.6496e-01	1.000000	0
UHRF1BP1	4	6.9113e-01	8.6496e-01	1.000000	0
MBNL2	3	6.9120e-01	9.0240e-01	1.000000	0
MAPK8IP2	4	6.9121e-01	8.6586e-01	1.000000	0
AP3S2	4	6.9128e-01	8.6586e-01	1.000000	0
RNF141	4	6.9134e-01	8.6586e-01	1.000000	0
LIMS3	4	6.9142e-01	8.6586e-01	1.000000	0
PRKAR2B	4	6.9147e-01	8.6586e-01	1.000000	0
SCOC	4	6.9149e-01	8.6586e-01	1.000000	0
RBM10	4	6.9162e-01	8.6586e-01	1.000000	0
M1AP	4	6.9164e-01	8.6586e-01	1.000000	0
NKX6-3	4	6.9171e-01	8.6674e-01	1.000000	0
RRNAD1	4	6.9175e-01	8.6763e-01	1.000000	0
SSX4B	4	6.9201e-01	8.6849e-01	1.000000	0
DRICH1	4	6.9205e-01	8.6849e-01	1.000000	0
SNCB	4	6.9209e-01	8.6849e-01	1.000000	0
ATPIF1	4	6.9217e-01	8.6849e-01	1.000000	0
HELT	4	6.9224e-01	8.6849e-01	1.000000	0
ATP1B1	4	6.9226e-01	8.6849e-01	1.000000	0
BBS7	4	6.9233e-01	8.6849e-01	1.000000	0
FAM171A1	4	6.9246e-01	8.6849e-01	1.000000	0
EVX2	4	6.9252e-01	8.6849e-01	1.000000	0
C17orf97	4	6.9261e-01	8.6849e-01	1.000000	0
UGT1A8	4	6.9263e-01	8.6849e-01	1.000000	0
PLD1	4	6.9269e-01	8.6849e-01	1.000000	0
MRPL14	4	6.9276e-01	8.6849e-01	1.000000	0
DNAJC12	4	6.9278e-01	8.6849e-01	1.000000	0
TAS2R60	4	6.9284e-01	8.6849e-01	1.000000	0
CGA	4	6.9293e-01	8.6849e-01	1.000000	0
CASP2	4	6.9299e-01	8.6937e-01	1.000000	0
ARHGEF26	4	6.9303e-01	8.6937e-01	1.000000	0
TMEM191B	4	6.9316e-01	8.6937e-01	1.000000	0
C17orf50	4	6.9320e-01	8.6937e-01	1.000000	0
C14orf28	4	6.9323e-01	8.6937e-01	1.000000	0
NBPF15	4	6.9329e-01	8.6937e-01	1.000000	0
SEC31A	4	6.9337e-01	8.7026e-01	1.000000	0
PPM1A	4	6.9341e-01	8.7026e-01	1.000000	0
SHANK2	4	6.9348e-01	8.7026e-01	1.000000	0
LGALS9B	4	6.9363e-01	8.7026e-01	1.000000	0
SPAG9	4	6.9380e-01	8.7026e-01	1.000000	0
ZNF660	4	6.9382e-01	8.7026e-01	1.000000	0
FGD5	3	6.9384e-01	9.0366e-01	1.000000	0
TNFRSF6B	4	6.9389e-01	8.7113e-01	1.000000	0
OR51I2	4	6.9393e-01	8.7113e-01	1.000000	0
MS4A6E	4	6.9404e-01	8.7113e-01	1.000000	0
RESP18	4	6.9406e-01	8.7113e-01	1.000000	0
CYFIP1	4	6.9408e-01	8.7113e-01	1.000000	0
GLRA2	4	6.9410e-01	8.7113e-01	1.000000	0
ANKDD1B	4	6.9418e-01	8.7113e-01	1.000000	0
CCDC6	4	6.9421e-01	8.7113e-01	1.000000	0
PIGO	4	6.9428e-01	8.7113e-01	1.000000	0
ABCB9	4	6.9434e-01	8.7113e-01	1.000000	0
FAM189B	4	6.9434e-01	8.7113e-01	1.000000	0
ZNF197	4	6.9467e-01	8.7113e-01	1.000000	0
NAV2	4	6.9491e-01	8.7201e-01	1.000000	0
SIX2	4	6.9497e-01	8.7201e-01	1.000000	0
SLC13A3	4	6.9504e-01	8.7201e-01	1.000000	0
ITM2C	4	6.9512e-01	8.7201e-01	1.000000	0
FBXW2	4	6.9517e-01	8.7201e-01	1.000000	0
PDK2	4	6.9538e-01	8.7286e-01	1.000000	0
PCDHB6	4	6.9542e-01	8.7286e-01	1.000000	0
UBE2E2	4	6.9545e-01	8.7286e-01	1.000000	0
QRFPR	4	6.9552e-01	8.7286e-01	1.000000	0
PLXDC2	4	6.9557e-01	8.7286e-01	1.000000	0
GIP	4	6.9567e-01	8.7286e-01	1.000000	0
C8orf44-SGK3	4	6.9578e-01	8.7286e-01	1.000000	0
ZNF720	4	6.9584e-01	8.7286e-01	1.000000	0
C16orf13	4	6.9588e-01	8.7286e-01	1.000000	0
MOGAT3	4	6.9595e-01	8.7286e-01	1.000000	0
TIMM8B	4	6.9601e-01	8.7286e-01	1.000000	0
TFF1	4	6.9610e-01	8.7286e-01	1.000000	0
CBS	4	6.9612e-01	8.7286e-01	1.000000	0
GCM1	4	6.9616e-01	8.7286e-01	1.000000	0
DSC3	4	6.9618e-01	8.7286e-01	1.000000	0
SEPN1	4	6.9622e-01	8.7286e-01	1.000000	0
TMEM119	4	6.9624e-01	8.7286e-01	1.000000	0
FAM104B	4	6.9627e-01	8.7286e-01	1.000000	0
P2RX6	4	6.9629e-01	8.7286e-01	1.000000	0
CCDC170	4	6.9645e-01	8.7286e-01	1.000000	0
C8orf74	4	6.9650e-01	8.7286e-01	1.000000	0
KRTAP4-4	4	6.9652e-01	8.7286e-01	1.000000	0
B3GAT1	4	6.9660e-01	8.7286e-01	1.000000	0
CLEC18B	4	6.9671e-01	8.7286e-01	1.000000	0
LGI4	4	6.9703e-01	8.7456e-01	1.000000	0
CGGBP1	4	6.9705e-01	8.7456e-01	1.000000	0
ASAH2B	4	6.9707e-01	8.7456e-01	1.000000	0
RIPK4	4	6.9711e-01	8.7456e-01	1.000000	0
ERICH6B	4	6.9715e-01	8.7456e-01	1.000000	0
TMPRSS11B	4	6.9718e-01	8.7456e-01	1.000000	0
STK3	4	6.9720e-01	8.7456e-01	1.000000	0
GJB7	4	6.9722e-01	8.7456e-01	1.000000	0
MTA2	4	6.9726e-01	8.7456e-01	1.000000	0
ETV5	4	6.9730e-01	8.7456e-01	1.000000	0
APOBEC3C	4	6.9732e-01	8.7456e-01	1.000000	0
P2RY13	4	6.9737e-01	8.7456e-01	1.000000	0
TMEM174	4	6.9747e-01	8.7456e-01	1.000000	0
KIAA1958	4	6.9756e-01	8.7456e-01	1.000000	0
ASTE1	4	6.9762e-01	8.7456e-01	1.000000	0
PLAC8	4	6.9769e-01	8.7456e-01	1.000000	0
SMARCAL1	4	6.9773e-01	8.7456e-01	1.000000	0
STOX2	4	6.9775e-01	8.7456e-01	1.000000	0
ZXDC	4	6.9783e-01	8.7456e-01	1.000000	0
STRIP1	4	6.9794e-01	8.7540e-01	1.000000	0
C9orf3	4	6.9796e-01	8.7540e-01	1.000000	0
STARD6	4	6.9804e-01	8.7540e-01	1.000000	0
CDC42SE1	4	6.9815e-01	8.7540e-01	1.000000	0
HMGCR	4	6.9821e-01	8.7540e-01	1.000000	0
ATP6V0A1	4	6.9827e-01	8.7540e-01	1.000000	0
FAM96A	4	6.9844e-01	8.7540e-01	1.000000	0
MFAP3	4	6.9848e-01	8.7540e-01	1.000000	0
BAZ2B	4	6.9859e-01	8.7540e-01	1.000000	0
RASAL3	4	6.9861e-01	8.7540e-01	1.000000	0
ISL1	4	6.9863e-01	8.7540e-01	1.000000	0
SLC2A14	4	6.9865e-01	8.7540e-01	1.000000	0
RFX2	4	6.9867e-01	8.7540e-01	1.000000	0
TDRD12	4	6.9870e-01	8.7540e-01	1.000000	0
PET100	4	6.9880e-01	8.7540e-01	1.000000	0
COL25A1	4	6.9882e-01	8.7540e-01	1.000000	0
MUL1	4	6.9886e-01	8.7540e-01	1.000000	0
FFAR1	4	6.9897e-01	8.7540e-01	1.000000	0
MROH5	4	6.9901e-01	8.7540e-01	1.000000	0
KRTAP12-2	4	6.9903e-01	8.7540e-01	1.000000	0
LRRC25	4	6.9905e-01	8.7540e-01	1.000000	0
LCE3E	4	6.9912e-01	8.7540e-01	1.000000	0
AP2S1	4	6.9916e-01	8.7540e-01	1.000000	0
RASSF1	4	6.9920e-01	8.7540e-01	1.000000	0
ALDOB	4	6.9922e-01	8.7540e-01	1.000000	0
KLHL36	4	6.9926e-01	8.7540e-01	1.000000	0
ALDH18A1	4	6.9945e-01	8.7624e-01	1.000000	0
RBMS2	4	6.9947e-01	8.7624e-01	1.000000	0
ZNF536	4	6.9952e-01	8.7624e-01	1.000000	0
ECM2	4	6.9962e-01	8.7624e-01	1.000000	0
PI4KB	4	6.9970e-01	8.7624e-01	1.000000	0
COL4A2	4	6.9973e-01	8.7624e-01	1.000000	0
TG	4	6.9983e-01	8.7624e-01	1.000000	0
SSH2	4	6.9987e-01	8.7624e-01	1.000000	0
ARFGEF2	4	6.9989e-01	8.7624e-01	1.000000	0
CXorf38	4	6.9994e-01	8.7624e-01	1.000000	0
ATP5G3	4	6.9996e-01	8.7624e-01	1.000000	0
SPATA31C2	4	7.0002e-01	8.7624e-01	1.000000	0
DDX25	4	7.0004e-01	8.7624e-01	1.000000	0
CCR2	4	7.0008e-01	8.7624e-01	1.000000	0
C9orf156	4	7.0016e-01	8.7624e-01	1.000000	0
SRCAP	4	7.0021e-01	8.7624e-01	1.000000	0
NUDT2	4	7.0025e-01	8.7624e-01	1.000000	0
PHF3	4	7.0027e-01	8.7624e-01	1.000000	0
COPS7B	4	7.0029e-01	8.7624e-01	1.000000	0
FGF23	4	7.0031e-01	8.7624e-01	1.000000	0
GATA3	4	7.0033e-01	8.7624e-01	1.000000	0
ELAVL3	4	7.0042e-01	8.7624e-01	1.000000	0
RCOR1	4	7.0045e-01	8.7624e-01	1.000000	0
ATP2A3	4	7.0067e-01	8.7706e-01	1.000000	0
NDFIP1	4	7.0074e-01	8.7706e-01	1.000000	0
RNF103-CHMP3	4	7.0082e-01	8.7706e-01	1.000000	0
GYS2	4	7.0084e-01	8.7706e-01	1.000000	0
CYP7A1	4	7.0088e-01	8.7706e-01	1.000000	0
ZNF3	4	7.0090e-01	8.7706e-01	1.000000	0
IER2	4	7.0092e-01	8.7706e-01	1.000000	0
CRYBB1	4	7.0094e-01	8.7706e-01	1.000000	0
NANOS2	4	7.0105e-01	8.7706e-01	1.000000	0
MECOM	4	7.0117e-01	8.7706e-01	1.000000	0
P2RX2	4	7.0130e-01	8.7706e-01	1.000000	0
C10orf35	4	7.0132e-01	8.7706e-01	1.000000	0
PATE3	4	7.0147e-01	8.7706e-01	1.000000	0
FAM213B	4	7.0153e-01	8.7706e-01	1.000000	0
STAU2	4	7.0155e-01	8.7706e-01	1.000000	0
ALDOC	4	7.0157e-01	8.7706e-01	1.000000	0
GAA	4	7.0163e-01	8.7706e-01	1.000000	0
SPC25	4	7.0167e-01	8.7706e-01	1.000000	0
USP17L24	4	7.0170e-01	8.7706e-01	1.000000	0
PYCR2	4	7.0180e-01	8.7706e-01	1.000000	0
PTPN4	4	7.0182e-01	8.7706e-01	1.000000	0
DRD5	4	7.0196e-01	8.7706e-01	1.000000	0
NDUFB6	4	7.0203e-01	8.7706e-01	1.000000	0
SCYL2	4	7.0211e-01	8.7706e-01	1.000000	0
CHST13	4	7.0213e-01	8.7706e-01	1.000000	0
EML4	4	7.0233e-01	8.7792e-01	1.000000	0
ZFAT	4	7.0238e-01	8.7792e-01	1.000000	0
ISOC1	4	7.0243e-01	8.7792e-01	1.000000	0
REST	4	7.0261e-01	8.7870e-01	1.000000	0
CYP4Z1	4	7.0266e-01	8.7870e-01	1.000000	0
SLC38A2	4	7.0270e-01	8.7870e-01	1.000000	0
NKX2-5	4	7.0272e-01	8.7870e-01	1.000000	0
PHPT1	4	7.0276e-01	8.7870e-01	1.000000	0
CUL7	4	7.0286e-01	8.7870e-01	1.000000	0
NNT	4	7.0288e-01	8.7870e-01	1.000000	0
SSR2	4	7.0292e-01	8.7870e-01	1.000000	0
SOX4	4	7.0295e-01	8.7870e-01	1.000000	0
CEP290	4	7.0305e-01	8.7952e-01	1.000000	0
RNF10	4	7.0311e-01	8.7952e-01	1.000000	0
TMEM62	4	7.0316e-01	8.7952e-01	1.000000	0
AZGP1	4	7.0318e-01	8.7952e-01	1.000000	0
TBP	4	7.0328e-01	8.7952e-01	1.000000	0
VAPA	4	7.0334e-01	8.7952e-01	1.000000	0
CDR1	4	7.0341e-01	8.8036e-01	1.000000	0
SRA1	4	7.0343e-01	8.8036e-01	1.000000	0
IL16	4	7.0357e-01	8.8036e-01	1.000000	0
SMTN	4	7.0359e-01	8.8036e-01	1.000000	0
C1orf186	4	7.0361e-01	8.8036e-01	1.000000	0
PPEF2	4	7.0366e-01	8.8036e-01	1.000000	0
CORO2B	4	7.0368e-01	8.8036e-01	1.000000	0
KLHDC8A	4	7.0370e-01	8.8036e-01	1.000000	0
SLCO1B1	4	7.0382e-01	8.8036e-01	1.000000	0
BBIP1	4	7.0395e-01	8.8036e-01	1.000000	0
CYHR1	4	7.0397e-01	8.8036e-01	1.000000	0
CEP126	4	7.0403e-01	8.8036e-01	1.000000	0
TAP1	4	7.0409e-01	8.8036e-01	1.000000	0
RAB11FIP5	4	7.0411e-01	8.8036e-01	1.000000	0
APEX2	4	7.0415e-01	8.8119e-01	1.000000	0
TRMT12	4	7.0430e-01	8.8119e-01	1.000000	0
ZNF613	4	7.0436e-01	8.8119e-01	1.000000	0
SSX4	4	7.0447e-01	8.8119e-01	1.000000	0
DMKN	4	7.0451e-01	8.8119e-01	1.000000	0
KIF3A	4	7.0459e-01	8.8119e-01	1.000000	0
FBXO40	4	7.0461e-01	8.8119e-01	1.000000	0
ATF7IP2	4	7.0463e-01	8.8119e-01	1.000000	0
OTX2	4	7.0467e-01	8.8119e-01	1.000000	0
APOPT1	4	7.0486e-01	8.8119e-01	1.000000	0
GIPC2	4	7.0490e-01	8.8119e-01	1.000000	0
ADHFE1	4	7.0492e-01	8.8119e-01	1.000000	0
FAM25G	4	7.0500e-01	8.8200e-01	1.000000	0
NPIPA7	4	7.0503e-01	8.8200e-01	1.000000	0
KIRREL3	4	7.0505e-01	8.8200e-01	1.000000	0
HIST2H2AC	4	7.0511e-01	8.8200e-01	1.000000	0
C3	4	7.0513e-01	8.8200e-01	1.000000	0
PCDHGB2	4	7.0521e-01	8.8200e-01	1.000000	0
TNRC6C	4	7.0536e-01	8.8200e-01	1.000000	0
DUSP15	4	7.0540e-01	8.8200e-01	1.000000	0
VPS37A	4	7.0544e-01	8.8200e-01	1.000000	0
CCDC169-SOHLH2	4	7.0546e-01	8.8200e-01	1.000000	0
PLAC8L1	4	7.0550e-01	8.8200e-01	1.000000	0
SUV39H1	4	7.0552e-01	8.8200e-01	1.000000	0
HSPA13	4	7.0561e-01	8.8200e-01	1.000000	0
ZNF678	4	7.0567e-01	8.8278e-01	1.000000	0
C1RL	4	7.0571e-01	8.8278e-01	1.000000	0
S100A14	4	7.0579e-01	8.8356e-01	1.000000	0
HRK	4	7.0581e-01	8.8356e-01	1.000000	0
VSTM2A	4	7.0583e-01	8.8356e-01	1.000000	0
MS4A4A	4	7.0596e-01	8.8356e-01	1.000000	0
MAML3	4	7.0608e-01	8.8356e-01	1.000000	0
PRSS57	4	7.0621e-01	8.8356e-01	1.000000	0
YIPF2	4	7.0630e-01	8.8356e-01	1.000000	0
ADGRA3	4	7.0635e-01	8.8356e-01	1.000000	0
CCDC85C	4	7.0641e-01	8.8356e-01	1.000000	0
PRKAG3	4	7.0643e-01	8.8356e-01	1.000000	0
ITGA11	4	7.0664e-01	8.8437e-01	1.000000	0
GNPTG	4	7.0666e-01	8.8437e-01	1.000000	0
NSUN5	4	7.0671e-01	8.8437e-01	1.000000	0
RBBP8	4	7.0671e-01	8.8437e-01	1.000000	0
C5	4	7.0678e-01	8.8437e-01	1.000000	0
RBM14	4	7.0697e-01	8.8437e-01	1.000000	0
MGC50722	4	7.0699e-01	8.8437e-01	1.000000	0
DACH1	4	7.0711e-01	8.8512e-01	1.000000	0
CCDC78	4	7.0718e-01	8.8512e-01	1.000000	0
ZNF512	4	7.0736e-01	8.8743e-01	1.000000	0
SERPINA5	4	7.0738e-01	8.8743e-01	1.000000	0
THOC1	4	7.0740e-01	8.8743e-01	1.000000	0
PGBD3	4	7.0744e-01	8.8743e-01	1.000000	0
MLN	4	7.0746e-01	8.8743e-01	1.000000	0
TMEM39A	4	7.0750e-01	8.8743e-01	1.000000	0
SCN3A	4	7.0763e-01	8.8743e-01	1.000000	0
IRX2	4	7.0765e-01	8.8743e-01	1.000000	0
ZFP3	4	7.0771e-01	8.8743e-01	1.000000	0
UST	4	7.0788e-01	8.8903e-01	1.000000	0
SPC24	4	7.0804e-01	8.8903e-01	1.000000	0
TBXA2R	4	7.0806e-01	8.8903e-01	1.000000	0
RALYL	4	7.0831e-01	8.8979e-01	1.000000	0
TMEM184B	4	7.0835e-01	8.9054e-01	1.000000	0
CEP76	4	7.0847e-01	8.9054e-01	1.000000	0
SMKR1	4	7.0851e-01	8.9054e-01	1.000000	0
CFAP69	4	7.0864e-01	8.9054e-01	1.000000	0
CHRM3	4	7.0868e-01	8.9054e-01	1.000000	0
FNDC3A	4	7.0886e-01	8.9055e-01	1.000000	0
IGSF5	4	7.0888e-01	8.9055e-01	1.000000	0
KRT75	4	7.0892e-01	8.9055e-01	1.000000	0
SMIM24	4	7.0902e-01	8.9055e-01	1.000000	0
BCAM	4	7.0911e-01	8.9133e-01	1.000000	0
ABCC6	4	7.0917e-01	8.9133e-01	1.000000	0
TLX1	4	7.0919e-01	8.9133e-01	1.000000	0
LSR	4	7.0921e-01	8.9133e-01	1.000000	0
ERV3-1	4	7.0927e-01	8.9133e-01	1.000000	0
HOXD12	4	7.0938e-01	8.9133e-01	1.000000	0
CYP3A43	4	7.0946e-01	8.9133e-01	1.000000	0
CHST14	4	7.0958e-01	8.9133e-01	1.000000	0
ZC3H12C	4	7.0960e-01	8.9133e-01	1.000000	0
PCDHGA4	4	7.0966e-01	8.9133e-01	1.000000	0
SEMA4C	4	7.0968e-01	8.9133e-01	1.000000	0
HECW2	4	7.0972e-01	8.9133e-01	1.000000	0
MAD2L2	4	7.0983e-01	8.9133e-01	1.000000	0
ENOX1	4	7.0985e-01	8.9133e-01	1.000000	0
NCSTN	4	7.0989e-01	8.9133e-01	1.000000	0
SLC46A3	4	7.0991e-01	8.9133e-01	1.000000	0
DENR	4	7.0993e-01	8.9133e-01	1.000000	0
PEF1	4	7.1001e-01	8.9209e-01	1.000000	0
TRIM5	4	7.1005e-01	8.9209e-01	1.000000	0
SLN	4	7.1009e-01	8.9209e-01	1.000000	0
OSTM1	4	7.1017e-01	8.9209e-01	1.000000	0
RNF212B	4	7.1019e-01	8.9209e-01	1.000000	0
ISG15	4	7.1021e-01	8.9209e-01	1.000000	0
FIBP	4	7.1028e-01	8.9209e-01	1.000000	0
GJC1	4	7.1036e-01	8.9283e-01	1.000000	0
TK1	4	7.1044e-01	8.9283e-01	1.000000	0
FAM212B	4	7.1050e-01	8.9283e-01	1.000000	0
RBM7	4	7.1052e-01	8.9283e-01	1.000000	0
VHL	4	7.1056e-01	8.9283e-01	1.000000	0
GLYAT	4	7.1060e-01	8.9283e-01	1.000000	0
CPN1	4	7.1062e-01	8.9283e-01	1.000000	0
FAN1	4	7.1064e-01	8.9283e-01	1.000000	0
DNAJB2	4	7.1068e-01	8.9283e-01	1.000000	0
TSHB	4	7.1072e-01	8.9283e-01	1.000000	0
BRD8	4	7.1079e-01	8.9283e-01	1.000000	0
PARN	4	7.1081e-01	8.9283e-01	1.000000	0
NAT8B	4	7.1087e-01	8.9283e-01	1.000000	0
TINAGL1	4	7.1091e-01	8.9283e-01	1.000000	0
DDC	4	7.1095e-01	8.9283e-01	1.000000	0
OR6C6	4	7.1097e-01	8.9283e-01	1.000000	0
FBXL20	4	7.1111e-01	8.9283e-01	1.000000	0
SULT1B1	4	7.1130e-01	8.9353e-01	1.000000	0
VPREB3	4	7.1140e-01	8.9427e-01	1.000000	0
ZNF263	4	7.1148e-01	8.9427e-01	1.000000	0
SCAMP1	4	7.1152e-01	8.9427e-01	1.000000	0
CNOT6L	4	7.1154e-01	8.9427e-01	1.000000	0
IL27	4	7.1164e-01	8.9427e-01	1.000000	0
KCNA7	4	7.1174e-01	8.9427e-01	1.000000	0
DBF4B	4	7.1179e-01	8.9427e-01	1.000000	0
PPP1R42	4	7.1187e-01	8.9427e-01	1.000000	0
CACNA1C	4	7.1189e-01	8.9427e-01	1.000000	0
ESYT1	4	7.1191e-01	8.9427e-01	1.000000	0
TMEM141	4	7.1193e-01	8.9427e-01	1.000000	0
CYTL1	4	7.1203e-01	8.9427e-01	1.000000	0
BMP1	4	7.1213e-01	8.9427e-01	1.000000	0
SCGB2A2	4	7.1217e-01	8.9427e-01	1.000000	0
PNPLA7	4	7.1219e-01	8.9427e-01	1.000000	0
IGLL5	4	7.1225e-01	8.9427e-01	1.000000	0
NOX4	4	7.1238e-01	8.9427e-01	1.000000	0
HOXA7	4	7.1240e-01	8.9427e-01	1.000000	0
CENPT	4	7.1248e-01	8.9427e-01	1.000000	0
C14orf93	4	7.1254e-01	8.9501e-01	1.000000	0
PCDHGA1	4	7.1266e-01	8.9501e-01	1.000000	0
CD151	4	7.1270e-01	8.9501e-01	1.000000	0
LMO1	4	7.1272e-01	8.9501e-01	1.000000	0
CYB5A	4	7.1274e-01	8.9501e-01	1.000000	0
ATP6V1G2	4	7.1276e-01	8.9501e-01	1.000000	0
GRAPL	4	7.1278e-01	8.9501e-01	1.000000	0
TRIM4	4	7.1281e-01	8.9501e-01	1.000000	0
SVIP	4	7.1284e-01	8.9501e-01	1.000000	0
GKN2	4	7.1292e-01	8.9501e-01	1.000000	0
RASGRP3	4	7.1297e-01	8.9501e-01	1.000000	0
KRT39	4	7.1321e-01	8.9501e-01	1.000000	0
CAMKK1	4	7.1323e-01	8.9501e-01	1.000000	0
ABHD14B	4	7.1325e-01	8.9501e-01	1.000000	0
PDZD9	3	7.1340e-01	9.1980e-01	1.000000	0
SPATA21	4	7.1384e-01	8.9729e-01	1.000000	0
RAB8B	4	7.1390e-01	8.9729e-01	1.000000	0
IGFBP7	4	7.1396e-01	8.9729e-01	1.000000	0
PPIP5K1	4	7.1398e-01	8.9729e-01	1.000000	0
GPR34	4	7.1402e-01	8.9729e-01	1.000000	0
OR1D2	4	7.1404e-01	8.9729e-01	1.000000	0
GYS1	4	7.1410e-01	8.9729e-01	1.000000	0
TBX2	4	7.1420e-01	8.9729e-01	1.000000	0
SLC40A1	4	7.1426e-01	8.9729e-01	1.000000	0
CCDC15	4	7.1438e-01	8.9729e-01	1.000000	0
ZNF792	4	7.1442e-01	8.9729e-01	1.000000	0
CNRIP1	4	7.1444e-01	8.9729e-01	1.000000	0
MXD4	4	7.1449e-01	8.9729e-01	1.000000	0
MYO9A	4	7.1455e-01	8.9801e-01	1.000000	0
ARL9	4	7.1457e-01	8.9801e-01	1.000000	0
RNF14	4	7.1463e-01	8.9801e-01	1.000000	0
LTBP2	4	7.1481e-01	8.9801e-01	1.000000	0
RGL3	4	7.1483e-01	8.9801e-01	1.000000	0
PDZD8	4	7.1491e-01	8.9801e-01	1.000000	0
TMEM61	4	7.1493e-01	8.9801e-01	1.000000	0
CFH	4	7.1495e-01	8.9801e-01	1.000000	0
PCDHA8	4	7.1509e-01	8.9873e-01	1.000000	0
VCX2	4	7.1515e-01	8.9873e-01	1.000000	0
FARS2	4	7.1527e-01	8.9873e-01	1.000000	0
ADGRE3	4	7.1533e-01	8.9873e-01	1.000000	0
LRIT3	4	7.1536e-01	8.9873e-01	1.000000	0
RRP36	4	7.1536e-01	8.9873e-01	1.000000	0
GPR182	4	7.1545e-01	8.9873e-01	1.000000	0
C12orf76	4	7.1547e-01	8.9873e-01	1.000000	0
SMPD2	4	7.1550e-01	8.9873e-01	1.000000	0
FOXB2	4	7.1576e-01	8.9873e-01	1.000000	0
CD163	4	7.1580e-01	8.9873e-01	1.000000	0
HSD17B14	4	7.1584e-01	8.9873e-01	1.000000	0
RORC	4	7.1588e-01	8.9873e-01	1.000000	0
NUP107	4	7.1590e-01	8.9873e-01	1.000000	0
HIST1H2BK	4	7.1608e-01	8.9873e-01	1.000000	0
ACTR3C	4	7.1610e-01	8.9873e-01	1.000000	0
CSHL1	4	7.1618e-01	8.9873e-01	1.000000	0
SLC2A4RG	4	7.1624e-01	8.9946e-01	1.000000	0
ATG9A	4	7.1628e-01	8.9946e-01	1.000000	0
OR6B1	4	7.1632e-01	8.9946e-01	1.000000	0
CDX2	4	7.1642e-01	8.9946e-01	1.000000	0
TSPAN5	4	7.1650e-01	8.9946e-01	1.000000	0
RSG1	4	7.1652e-01	8.9946e-01	1.000000	0
LSM14A	4	7.1660e-01	8.9946e-01	1.000000	0
SLC13A2	4	7.1672e-01	9.0016e-01	1.000000	0
SLC7A10	4	7.1674e-01	9.0016e-01	1.000000	0
LOC100130880	4	7.1678e-01	9.0016e-01	1.000000	0
UBR3	4	7.1686e-01	9.0016e-01	1.000000	0
PROM1	4	7.1688e-01	9.0016e-01	1.000000	0
MT1X	4	7.1696e-01	9.0016e-01	1.000000	0
SUMO4	4	7.1698e-01	9.0016e-01	1.000000	0
SYCP3	4	7.1704e-01	9.0016e-01	1.000000	0
ETNK2	4	7.1709e-01	9.0016e-01	1.000000	0
PDCD10	4	7.1715e-01	9.0016e-01	1.000000	0
PRR23D1	4	7.1717e-01	9.0016e-01	1.000000	0
MPHOSPH6	4	7.1729e-01	9.0088e-01	1.000000	0
IL20RB	4	7.1734e-01	9.0088e-01	1.000000	0
ZAR1L	4	7.1739e-01	9.0088e-01	1.000000	0
CCR10	4	7.1741e-01	9.0088e-01	1.000000	0
SPAM1	4	7.1743e-01	9.0088e-01	1.000000	0
STAT3	4	7.1745e-01	9.0088e-01	1.000000	0
FGF12	4	7.1752e-01	9.0088e-01	1.000000	0
CELF6	4	7.1755e-01	9.0088e-01	1.000000	0
ZNF177	4	7.1757e-01	9.0088e-01	1.000000	0
C1orf54	4	7.1773e-01	9.0088e-01	1.000000	0
SAMD4A	4	7.1791e-01	9.0088e-01	1.000000	0
KIAA1549L	4	7.1809e-01	9.0088e-01	1.000000	0
RASD1	4	7.1817e-01	9.0088e-01	1.000000	0
GTF3C1	4	7.1823e-01	9.0088e-01	1.000000	0
CEP89	4	7.1831e-01	9.0088e-01	1.000000	0
KIF21A	4	7.1833e-01	9.0088e-01	1.000000	0
SRL	4	7.1835e-01	9.0088e-01	1.000000	0
TAS2R3	4	7.1841e-01	9.0088e-01	1.000000	0
RNF114	4	7.1849e-01	9.0088e-01	1.000000	0
MAPK8IP1	4	7.1851e-01	9.0088e-01	1.000000	0
MUC1	4	7.1861e-01	9.0088e-01	1.000000	0
KRT2	4	7.1865e-01	9.0088e-01	1.000000	0
GPR148	4	7.1871e-01	9.0088e-01	1.000000	0
AGA	4	7.1873e-01	9.0088e-01	1.000000	0
LILRB5	4	7.1875e-01	9.0088e-01	1.000000	0
KLHL8	4	7.1883e-01	9.0088e-01	1.000000	0
PI4K2A	4	7.1891e-01	9.0088e-01	1.000000	0
CSDC2	4	7.1897e-01	9.0088e-01	1.000000	0
LATS1	4	7.1911e-01	9.0088e-01	1.000000	0
SPOCK2	4	7.1915e-01	9.0088e-01	1.000000	0
LRFN2	4	7.1921e-01	9.0088e-01	1.000000	0
GPANK1	4	7.1923e-01	9.0088e-01	1.000000	0
STAT4	4	7.1933e-01	9.0088e-01	1.000000	0
CITED1	4	7.1945e-01	9.0156e-01	1.000000	0
IL36A	4	7.1951e-01	9.0156e-01	1.000000	0
OR7G2	4	7.1955e-01	9.0156e-01	1.000000	0
TBC1D31	4	7.1969e-01	9.0156e-01	1.000000	0
EHBP1	4	7.1971e-01	9.0156e-01	1.000000	0
RBM8A	4	7.1985e-01	9.0156e-01	1.000000	0
GIPR	4	7.1987e-01	9.0156e-01	1.000000	0
TRPC5OS	4	7.1999e-01	9.0156e-01	1.000000	0
SCGB3A2	4	7.2003e-01	9.0156e-01	1.000000	0
SNX25	4	7.2011e-01	9.0156e-01	1.000000	0
WDR11	4	7.2019e-01	9.0156e-01	1.000000	0
GCK	4	7.2025e-01	9.0156e-01	1.000000	0
GSTM1	4	7.2035e-01	9.0156e-01	1.000000	0
EPHB2	4	7.2045e-01	9.0156e-01	1.000000	0
SLC43A3	4	7.2050e-01	9.0156e-01	1.000000	0
SNX8	4	7.2052e-01	9.0156e-01	1.000000	0
TERF1	4	7.2056e-01	9.0156e-01	1.000000	0
KIAA0226	4	7.2058e-01	9.0156e-01	1.000000	0
CD6	4	7.2060e-01	9.0156e-01	1.000000	0
FAM204A	4	7.2062e-01	9.0156e-01	1.000000	0
SLC4A2	4	7.2068e-01	9.0156e-01	1.000000	0
NHSL1	4	7.2074e-01	9.0156e-01	1.000000	0
ITM2A	4	7.2076e-01	9.0156e-01	1.000000	0
ARHGAP22	4	7.2084e-01	9.0156e-01	1.000000	0
GABARAPL2	4	7.2092e-01	9.0156e-01	1.000000	0
KLHL10	4	7.2094e-01	9.0156e-01	1.000000	0
ACTL10	4	7.2110e-01	9.0156e-01	1.000000	0
C21orf62	4	7.2116e-01	9.0156e-01	1.000000	0
SMIM5	4	7.2128e-01	9.0156e-01	1.000000	0
OLFML2A	4	7.2130e-01	9.0156e-01	1.000000	0
KIR2DS4	4	7.2136e-01	9.0156e-01	1.000000	0
FBXO44	4	7.2158e-01	9.0295e-01	1.000000	0
INO80C	4	7.2176e-01	9.0295e-01	1.000000	0
TWF2	4	7.2180e-01	9.0295e-01	1.000000	0
TPPP2	4	7.2182e-01	9.0295e-01	1.000000	0
FIGLA	4	7.2197e-01	9.0295e-01	1.000000	0
ITPKB	4	7.2207e-01	9.0435e-01	1.000000	0
MTERF2	4	7.2213e-01	9.0435e-01	1.000000	0
SLC25A26	4	7.2215e-01	9.0435e-01	1.000000	0
NDUFA7	4	7.2219e-01	9.0435e-01	1.000000	0
DEFB125	4	7.2221e-01	9.0435e-01	1.000000	0
ZFHX2	4	7.2225e-01	9.0435e-01	1.000000	0
FAM186B	4	7.2235e-01	9.0435e-01	1.000000	0
IFIT3	4	7.2239e-01	9.0435e-01	1.000000	0
ZBTB7B	4	7.2257e-01	9.0501e-01	1.000000	0
TCFL5	4	7.2261e-01	9.0501e-01	1.000000	0
IL2RA	4	7.2275e-01	9.0501e-01	1.000000	0
AGK	4	7.2277e-01	9.0501e-01	1.000000	0
CD72	4	7.2279e-01	9.0501e-01	1.000000	0
SERPING1	4	7.2281e-01	9.0501e-01	1.000000	0
RGS9	4	7.2283e-01	9.0501e-01	1.000000	0
BCAR3	4	7.2291e-01	9.0501e-01	1.000000	0
PRR3	4	7.2294e-01	9.0501e-01	1.000000	0
CAV1	4	7.2294e-01	9.0501e-01	1.000000	0
CABP5	4	7.2301e-01	9.0501e-01	1.000000	0
CENPV	4	7.2304e-01	9.0501e-01	1.000000	0
EHF	4	7.2309e-01	9.0501e-01	1.000000	0
SPATA2L	4	7.2309e-01	9.0501e-01	1.000000	0
AFF4	4	7.2316e-01	9.0501e-01	1.000000	0
ZNF667	4	7.2318e-01	9.0501e-01	1.000000	0
TNP1	4	7.2324e-01	9.0501e-01	1.000000	0
ARF5	4	7.2326e-01	9.0501e-01	1.000000	0
MDH2	4	7.2330e-01	9.0501e-01	1.000000	0
YLPM1	4	7.2342e-01	9.0501e-01	1.000000	0
RPS4Y2	4	7.2346e-01	9.0501e-01	1.000000	0
NLRP5	4	7.2350e-01	9.0501e-01	1.000000	0
ADCK2	4	7.2352e-01	9.0501e-01	1.000000	0
DOK2	4	7.2354e-01	9.0501e-01	1.000000	0
SIGLEC9	4	7.2357e-01	9.0501e-01	1.000000	0
CMTM1	4	7.2370e-01	9.0501e-01	1.000000	0
SPHKAP	4	7.2374e-01	9.0501e-01	1.000000	0
TAF1C	4	7.2379e-01	9.0501e-01	1.000000	0
ADRA2A	4	7.2381e-01	9.0501e-01	1.000000	0
SAMD8	4	7.2389e-01	9.0501e-01	1.000000	0
C20orf197	4	7.2391e-01	9.0501e-01	1.000000	0
C15orf26	4	7.2395e-01	9.0501e-01	1.000000	0
ACD	4	7.2397e-01	9.0501e-01	1.000000	0
DRD4	4	7.2407e-01	9.0501e-01	1.000000	0
DTX3L	4	7.2409e-01	9.0501e-01	1.000000	0
SLC2A12	4	7.2417e-01	9.0501e-01	1.000000	0
ZBED8	4	7.2421e-01	9.0501e-01	1.000000	0
DDX50	4	7.2429e-01	9.0501e-01	1.000000	0
AADACL2	4	7.2433e-01	9.0501e-01	1.000000	0
OR1G1	4	7.2435e-01	9.0501e-01	1.000000	0
GREB1	4	7.2437e-01	9.0501e-01	1.000000	0
C15orf57	4	7.2441e-01	9.0501e-01	1.000000	0
ZNF135	4	7.2446e-01	9.0501e-01	1.000000	0
S100A11	4	7.2448e-01	9.0501e-01	1.000000	0
FBN3	4	7.2452e-01	9.0501e-01	1.000000	0
SLC8A1	4	7.2454e-01	9.0501e-01	1.000000	0
PWWP2B	4	7.2456e-01	9.0501e-01	1.000000	0
DAP	4	7.2458e-01	9.0501e-01	1.000000	0
UQCR11	4	7.2460e-01	9.0501e-01	1.000000	0
PSG5	4	7.2462e-01	9.0501e-01	1.000000	0
CRYBG3	4	7.2466e-01	9.0501e-01	1.000000	0
ARL8A	4	7.2474e-01	9.0573e-01	1.000000	0
UFSP2	4	7.2476e-01	9.0573e-01	1.000000	0
GIPC1	4	7.2480e-01	9.0573e-01	1.000000	0
PRPF3	4	7.2484e-01	9.0573e-01	1.000000	0
GNAT2	4	7.2515e-01	9.0573e-01	1.000000	0
EDN1	4	7.2521e-01	9.0573e-01	1.000000	0
ATIC	4	7.2525e-01	9.0573e-01	1.000000	0
LIMS1	4	7.2533e-01	9.0573e-01	1.000000	0
LYST	4	7.2539e-01	9.0573e-01	1.000000	0
NPIPA8	4	7.2541e-01	9.0573e-01	1.000000	0
TAF7L	4	7.2545e-01	9.0573e-01	1.000000	0
GK2	4	7.2549e-01	9.0573e-01	1.000000	0
TTC21A	4	7.2553e-01	9.0573e-01	1.000000	0
ZNF518A	4	7.2555e-01	9.0573e-01	1.000000	0
CXCL5	4	7.2568e-01	9.0573e-01	1.000000	0
TMEM129	4	7.2570e-01	9.0573e-01	1.000000	0
FBXL12	4	7.2572e-01	9.0573e-01	1.000000	0
MZT1	4	7.2582e-01	9.0639e-01	1.000000	0
PAPLN	4	7.2598e-01	9.0639e-01	1.000000	0
IQCA1	4	7.2604e-01	9.0639e-01	1.000000	0
SMYD2	4	7.2606e-01	9.0639e-01	1.000000	0
LMBR1L	4	7.2608e-01	9.0639e-01	1.000000	0
C16orf45	4	7.2612e-01	9.0709e-01	1.000000	0
ZNF57	4	7.2613e-01	9.0709e-01	1.000000	0
DNAJB3	4	7.2625e-01	9.0709e-01	1.000000	0
ZBED6	4	7.2633e-01	9.0709e-01	1.000000	0
DCSTAMP	4	7.2638e-01	9.0709e-01	1.000000	0
TMEM230	4	7.2655e-01	9.0709e-01	1.000000	0
BARX2	4	7.2657e-01	9.0709e-01	1.000000	0
CLC	4	7.2668e-01	9.0709e-01	1.000000	0
S100A4	4	7.2682e-01	9.0709e-01	1.000000	0
CCDC151	4	7.2688e-01	9.0709e-01	1.000000	0
MORF4L1	4	7.2700e-01	9.0709e-01	1.000000	0
DDN	4	7.2705e-01	9.0709e-01	1.000000	0
DKKL1	4	7.2707e-01	9.0709e-01	1.000000	0
ZNF14	4	7.2717e-01	9.0709e-01	1.000000	0
PCNT	4	7.2725e-01	9.0709e-01	1.000000	0
ARNT2	4	7.2727e-01	9.0709e-01	1.000000	0
IFNA17	4	7.2729e-01	9.0709e-01	1.000000	0
NID1	4	7.2737e-01	9.0709e-01	1.000000	0
LRRC66	4	7.2739e-01	9.0709e-01	1.000000	0
XKRY2	4	7.2745e-01	9.0709e-01	1.000000	0
KPNA3	4	7.2754e-01	9.0709e-01	1.000000	0
FNDC1	4	7.2758e-01	9.0709e-01	1.000000	0
EPHB4	4	7.2760e-01	9.0709e-01	1.000000	0
MYH14	4	7.2772e-01	9.0709e-01	1.000000	0
SLC26A2	4	7.2778e-01	9.0776e-01	1.000000	0
DGKI	4	7.2782e-01	9.0776e-01	1.000000	0
OR5M11	4	7.2784e-01	9.0776e-01	1.000000	0
NETO1	4	7.2786e-01	9.0776e-01	1.000000	0
WDR64	4	7.2793e-01	9.0776e-01	1.000000	0
RALGPS1	4	7.2795e-01	9.0776e-01	1.000000	0
EPGN	4	7.2809e-01	9.0776e-01	1.000000	0
JAG1	4	7.2811e-01	9.0776e-01	1.000000	0
TRIQK	4	7.2813e-01	9.0776e-01	1.000000	0
H2AFY2	4	7.2815e-01	9.0776e-01	1.000000	0
TBC1D3K	4	7.2821e-01	9.0776e-01	1.000000	0
ZNF385B	4	7.2827e-01	9.0776e-01	1.000000	0
MYLPF	4	7.2831e-01	9.0776e-01	1.000000	0
ZNF534	4	7.2840e-01	9.0776e-01	1.000000	0
LDHC	4	7.2842e-01	9.0776e-01	1.000000	0
PLEKHD1	4	7.2846e-01	9.0776e-01	1.000000	0
CLHC1	4	7.2850e-01	9.0776e-01	1.000000	0
C9orf170	4	7.2852e-01	9.0776e-01	1.000000	0
ERGIC1	4	7.2854e-01	9.0776e-01	1.000000	0
KIAA1468	4	7.2858e-01	9.0776e-01	1.000000	0
ADSSL1	4	7.2860e-01	9.0776e-01	1.000000	0
ACADS	4	7.2869e-01	9.0776e-01	1.000000	0
FGGY	4	7.2871e-01	9.0776e-01	1.000000	0
TMED4	4	7.2887e-01	9.0776e-01	1.000000	0
MID2	4	7.2889e-01	9.0776e-01	1.000000	0
TMEM256	4	7.2891e-01	9.0776e-01	1.000000	0
KIF2C	4	7.2893e-01	9.0776e-01	1.000000	0
ZNF737	4	7.2899e-01	9.0844e-01	1.000000	0
TLR9	4	7.2906e-01	9.0844e-01	1.000000	0
AKAP7	4	7.2920e-01	9.0844e-01	1.000000	0
OR1J4	4	7.2927e-01	9.0844e-01	1.000000	0
SULT1A2	4	7.2941e-01	9.0844e-01	1.000000	0
NCOR2	4	7.2945e-01	9.0844e-01	1.000000	0
EPHA6	4	7.2953e-01	9.0844e-01	1.000000	0
MSRB1	4	7.2955e-01	9.0844e-01	1.000000	0
NTSR1	4	7.2957e-01	9.0844e-01	1.000000	0
KHK	4	7.2959e-01	9.0844e-01	1.000000	0
SDC2	4	7.2963e-01	9.0844e-01	1.000000	0
EHD2	4	7.2972e-01	9.0844e-01	1.000000	0
GHSR	4	7.2974e-01	9.0844e-01	1.000000	0
ZCWPW2	4	7.2976e-01	9.0844e-01	1.000000	0
MLF2	4	7.2978e-01	9.0844e-01	1.000000	0
FAM24B	4	7.2982e-01	9.0844e-01	1.000000	0
CH17-360D5.1	4	7.3001e-01	9.0844e-01	1.000000	0
STKLD1	4	7.3009e-01	9.0844e-01	1.000000	0
DHRS7C	4	7.3015e-01	9.0844e-01	1.000000	0
PVRL3	4	7.3017e-01	9.0844e-01	1.000000	0
GSG2	4	7.3027e-01	9.0844e-01	1.000000	0
HIATL1	4	7.3029e-01	9.0844e-01	1.000000	0
TM7SF2	4	7.3031e-01	9.0844e-01	1.000000	0
TSKU	4	7.3036e-01	9.0844e-01	1.000000	0
DHRS4L2	4	7.3038e-01	9.0844e-01	1.000000	0
HAVCR1	4	7.3054e-01	9.0910e-01	1.000000	0
C1GALT1C1	4	7.3060e-01	9.0910e-01	1.000000	0
EDN2	4	7.3064e-01	9.0910e-01	1.000000	0
KCNA4	4	7.3065e-01	9.0910e-01	1.000000	0
RSAD1	4	7.3071e-01	9.0910e-01	1.000000	0
NDUFA4	4	7.3076e-01	9.0910e-01	1.000000	0
NTF3	4	7.3076e-01	9.0910e-01	1.000000	0
NACA2	4	7.3081e-01	9.0910e-01	1.000000	0
NKX2-6	4	7.3083e-01	9.0910e-01	1.000000	0
PPP2R2C	4	7.3093e-01	9.0910e-01	1.000000	0
RASGRP4	4	7.3094e-01	9.0910e-01	1.000000	0
VEGFA	4	7.3102e-01	9.0910e-01	1.000000	0
VTA1	4	7.3108e-01	9.0910e-01	1.000000	0
SRPRB	4	7.3118e-01	9.0976e-01	1.000000	0
FAM177B	4	7.3120e-01	9.0976e-01	1.000000	0
MEST	4	7.3147e-01	9.0976e-01	1.000000	0
NBR1	4	7.3160e-01	9.0976e-01	1.000000	0
CLPX	4	7.3164e-01	9.0976e-01	1.000000	0
SP3	4	7.3172e-01	9.0976e-01	1.000000	0
CTSW	4	7.3178e-01	9.0976e-01	1.000000	0
FGF5	4	7.3183e-01	9.0976e-01	1.000000	0
HEG1	4	7.3185e-01	9.0976e-01	1.000000	0
DOCK11	4	7.3191e-01	9.0976e-01	1.000000	0
ACAD8	4	7.3197e-01	9.0976e-01	1.000000	0
KLRK1	4	7.3199e-01	9.0976e-01	1.000000	0
VAMP8	4	7.3205e-01	9.0976e-01	1.000000	0
KCTD15	4	7.3210e-01	9.0976e-01	1.000000	0
OR5K4	4	7.3224e-01	9.1039e-01	1.000000	0
PSG9	4	7.3226e-01	9.1039e-01	1.000000	0
WISP2	4	7.3230e-01	9.1039e-01	1.000000	0
NIPAL1	4	7.3232e-01	9.1039e-01	1.000000	0
YIPF5	4	7.3253e-01	9.1040e-01	1.000000	0
PCDHB1	4	7.3257e-01	9.1040e-01	1.000000	0
FGR	4	7.3266e-01	9.1040e-01	1.000000	0
HOXB13	4	7.3272e-01	9.1104e-01	1.000000	0
NKX3-2	4	7.3280e-01	9.1104e-01	1.000000	0
CTSL	4	7.3282e-01	9.1104e-01	1.000000	0
KCMF1	4	7.3284e-01	9.1104e-01	1.000000	0
NOMO2	4	7.3297e-01	9.1104e-01	1.000000	0
HLA-A	4	7.3307e-01	9.1168e-01	1.000000	0
ZSCAN5A	4	7.3312e-01	9.1168e-01	1.000000	0
LCE3A	4	7.3322e-01	9.1168e-01	1.000000	0
FANCA	4	7.3334e-01	9.1168e-01	1.000000	0
RANGRF	4	7.3335e-01	9.1168e-01	1.000000	0
ITGB3BP	4	7.3339e-01	9.1231e-01	1.000000	0
ABCB4	4	7.3347e-01	9.1231e-01	1.000000	0
CHRNB2	4	7.3349e-01	9.1231e-01	1.000000	0
GPR35	4	7.3351e-01	9.1231e-01	1.000000	0
GOLGA6D	4	7.3353e-01	9.1231e-01	1.000000	0
STAM	4	7.3355e-01	9.1231e-01	1.000000	0
SLC38A11	4	7.3376e-01	9.1231e-01	1.000000	0
ZNF385D	4	7.3382e-01	9.1294e-01	1.000000	0
KLK4	4	7.3395e-01	9.1294e-01	1.000000	0
MAST4	4	7.3397e-01	9.1294e-01	1.000000	0
TIGIT	4	7.3403e-01	9.1294e-01	1.000000	0
MTCH1	4	7.3406e-01	9.1294e-01	1.000000	0
MAEL	4	7.3410e-01	9.1294e-01	1.000000	0
ERMARD	4	7.3412e-01	9.1294e-01	1.000000	0
DUXA	4	7.3416e-01	9.1294e-01	1.000000	0
MLH3	4	7.3418e-01	9.1294e-01	1.000000	0
METTL6	4	7.3420e-01	9.1294e-01	1.000000	0
LMO4	4	7.3424e-01	9.1294e-01	1.000000	0
C10orf88	4	7.3428e-01	9.1294e-01	1.000000	0
OR4K2	4	7.3429e-01	9.1294e-01	1.000000	0
NEK6	4	7.3431e-01	9.1294e-01	1.000000	0
UGT3A1	4	7.3433e-01	9.1294e-01	1.000000	0
TBC1D17	4	7.3437e-01	9.1358e-01	1.000000	0
GABRR3	4	7.3447e-01	9.1422e-01	1.000000	0
PIFO	4	7.3449e-01	9.1422e-01	1.000000	0
MKNK1	4	7.3454e-01	9.1422e-01	1.000000	0
CEL	4	7.3458e-01	9.1422e-01	1.000000	0
ZNF358	4	7.3462e-01	9.1422e-01	1.000000	0
DEFB104B	4	7.3464e-01	9.1422e-01	1.000000	0
IL17RE	4	7.3468e-01	9.1422e-01	1.000000	0
FOXJ3	4	7.3475e-01	9.1422e-01	1.000000	0
TMEM205	4	7.3477e-01	9.1422e-01	1.000000	0
LRRC59	4	7.3479e-01	9.1422e-01	1.000000	0
FNBP1L	4	7.3481e-01	9.1422e-01	1.000000	0
TUBA8	4	7.3487e-01	9.1485e-01	1.000000	0
GNLY	4	7.3500e-01	9.1485e-01	1.000000	0
PNMA5	4	7.3502e-01	9.1485e-01	1.000000	0
C9orf62	4	7.3504e-01	9.1485e-01	1.000000	0
VRK2	4	7.3507e-01	9.1485e-01	1.000000	0
SMURF1	4	7.3512e-01	9.1485e-01	1.000000	0
PLEKHS1	4	7.3516e-01	9.1485e-01	1.000000	0
MRAS	4	7.3518e-01	9.1485e-01	1.000000	0
SLC30A7	4	7.3519e-01	9.1485e-01	1.000000	0
TSACC	4	7.3521e-01	9.1485e-01	1.000000	0
LGALS14	4	7.3531e-01	9.1485e-01	1.000000	0
PPP1R3E	4	7.3533e-01	9.1485e-01	1.000000	0
CXorf58	4	7.3539e-01	9.1485e-01	1.000000	0
UNC93A	4	7.3542e-01	9.1485e-01	1.000000	0
ACE	4	7.3549e-01	9.1485e-01	1.000000	0
CHIT1	4	7.3552e-01	9.1485e-01	1.000000	0
OR5AN1	4	7.3560e-01	9.1485e-01	1.000000	0
UPP2	4	7.3566e-01	9.1485e-01	1.000000	0
ART4	4	7.3573e-01	9.1485e-01	1.000000	0
FBXO41	4	7.3579e-01	9.1485e-01	1.000000	0
C11orf70	4	7.3584e-01	9.1485e-01	1.000000	0
PCK1	4	7.3592e-01	9.1485e-01	1.000000	0
GSDMA	4	7.3598e-01	9.1485e-01	1.000000	0
HMGN2	4	7.3603e-01	9.1485e-01	1.000000	0
ALS2CL	4	7.3615e-01	9.1485e-01	1.000000	0
PARD6G	4	7.3617e-01	9.1485e-01	1.000000	0
PLAT	4	7.3624e-01	9.1550e-01	1.000000	0
ZNF628	4	7.3636e-01	9.1550e-01	1.000000	0
SLC6A1	4	7.3638e-01	9.1550e-01	1.000000	0
NAALADL1	4	7.3640e-01	9.1550e-01	1.000000	0
OLFM3	4	7.3643e-01	9.1550e-01	1.000000	0
SMAD3	4	7.3645e-01	9.1550e-01	1.000000	0
GPR55	4	7.3651e-01	9.1550e-01	1.000000	0
SMOC2	4	7.3657e-01	9.1612e-01	1.000000	0
PAMR1	4	7.3676e-01	9.1612e-01	1.000000	0
ABCC12	4	7.3680e-01	9.1612e-01	1.000000	0
BHLHE22	4	7.3683e-01	9.1612e-01	1.000000	0
SORD	4	7.3689e-01	9.1612e-01	1.000000	0
KRTAP24-1	4	7.3691e-01	9.1612e-01	1.000000	0
MICALCL	4	7.3693e-01	9.1612e-01	1.000000	0
DIO1	4	7.3699e-01	9.1676e-01	1.000000	0
ASGR1	4	7.3720e-01	9.1676e-01	1.000000	0
PHF13	4	7.3729e-01	9.1738e-01	1.000000	0
C12orf43	4	7.3731e-01	9.1738e-01	1.000000	0
HOMER1	4	7.3754e-01	9.1800e-01	1.000000	0
MRPS18A	4	7.3756e-01	9.1800e-01	1.000000	0
RGS14	4	7.3759e-01	9.1800e-01	1.000000	0
HPR	4	7.3763e-01	9.1800e-01	1.000000	0
ASIC3	4	7.3771e-01	9.1800e-01	1.000000	0
LIF	4	7.3778e-01	9.1800e-01	1.000000	0
ZFAND6	4	7.3790e-01	9.1800e-01	1.000000	0
GZMH	4	7.3801e-01	9.1800e-01	1.000000	0
CSNK1A1L	4	7.3818e-01	9.1800e-01	1.000000	0
S1PR2	4	7.3822e-01	9.1801e-01	1.000000	0
PPP2R2D	4	7.3835e-01	9.1801e-01	1.000000	0
PPP1R15A	4	7.3839e-01	9.1801e-01	1.000000	0
GYG2	4	7.3841e-01	9.1801e-01	1.000000	0
C16orf78	4	7.3847e-01	9.1801e-01	1.000000	0
HIST1H3J	4	7.3850e-01	9.1801e-01	1.000000	0
FAM228A	4	7.3873e-01	9.1801e-01	1.000000	0
HOXB4	4	7.3879e-01	9.1801e-01	1.000000	0
DYRK1B	4	7.3883e-01	9.1801e-01	1.000000	0
KIAA1407	4	7.3886e-01	9.1801e-01	1.000000	0
MRPL45	4	7.3890e-01	9.1801e-01	1.000000	0
CCNI2	4	7.3907e-01	9.1861e-01	1.000000	0
TCP10L2	4	7.3915e-01	9.1861e-01	1.000000	0
LZTFL1	4	7.3917e-01	9.1861e-01	1.000000	0
ZCCHC13	4	7.3919e-01	9.1861e-01	1.000000	0
C21orf33	4	7.3920e-01	9.1861e-01	1.000000	0
KDM6B	4	7.3922e-01	9.1861e-01	1.000000	0
CXorf36	4	7.3926e-01	9.1861e-01	1.000000	0
CD160	4	7.3930e-01	9.1861e-01	1.000000	0
ZCCHC2	4	7.3937e-01	9.1861e-01	1.000000	0
TAS2R43	4	7.3939e-01	9.1861e-01	1.000000	0
CLDND1	4	7.3945e-01	9.1861e-01	1.000000	0
NFIX	4	7.3958e-01	9.1861e-01	1.000000	0
RASGRP2	4	7.3962e-01	9.1861e-01	1.000000	0
HEPACAM2	4	7.3966e-01	9.1861e-01	1.000000	0
CMIP	4	7.3971e-01	9.1861e-01	1.000000	0
OR2A7	4	7.3975e-01	9.1861e-01	1.000000	0
CHMP4C	4	7.3987e-01	9.1861e-01	1.000000	0
NMS	4	7.3988e-01	9.1861e-01	1.000000	0
MERTK	4	7.3996e-01	9.1924e-01	1.000000	0
LRRC1	4	7.4000e-01	9.1924e-01	1.000000	0
HSP90AB1	4	7.4002e-01	9.1924e-01	1.000000	0
SPAG17	4	7.4015e-01	9.1924e-01	1.000000	0
MTSS1	4	7.4022e-01	9.1924e-01	1.000000	0
KLHL13	4	7.4028e-01	9.1924e-01	1.000000	0
PBX1	4	7.4030e-01	9.1924e-01	1.000000	0
MAX	4	7.4036e-01	9.1924e-01	1.000000	0
OR9Q2	4	7.4039e-01	9.1924e-01	1.000000	0
DAP3	4	7.4043e-01	9.1924e-01	1.000000	0
LPAR3	4	7.4049e-01	9.1924e-01	1.000000	0
PVR	4	7.4052e-01	9.1924e-01	1.000000	0
PTRF	4	7.4054e-01	9.1924e-01	1.000000	0
ITGBL1	4	7.4068e-01	9.1924e-01	1.000000	0
MARCHF7	4	7.4073e-01	9.1924e-01	1.000000	0
DEFB135	4	7.4075e-01	9.1924e-01	1.000000	0
ESPNL	4	7.4077e-01	9.1924e-01	1.000000	0
ZNF330	4	7.4081e-01	9.1924e-01	1.000000	0
BTN2A2	4	7.4083e-01	9.1924e-01	1.000000	0
RET	4	7.4088e-01	9.1924e-01	1.000000	0
PANX3	4	7.4092e-01	9.1924e-01	1.000000	0
RBP1	4	7.4094e-01	9.1924e-01	1.000000	0
KDSR	4	7.4098e-01	9.1924e-01	1.000000	0
PLCB1	4	7.4100e-01	9.1924e-01	1.000000	0
DDX4	4	7.4107e-01	9.1988e-01	1.000000	0
PLA2G2C	4	7.4111e-01	9.1988e-01	1.000000	0
HTT	4	7.4118e-01	9.1988e-01	1.000000	0
ZBTB20	4	7.4122e-01	9.1988e-01	1.000000	0
OSGEP	4	7.4128e-01	9.1988e-01	1.000000	0
CBX4	4	7.4147e-01	9.2050e-01	1.000000	0
DNAJB8	4	7.4148e-01	9.2050e-01	1.000000	0
GNRH2	4	7.4152e-01	9.2050e-01	1.000000	0
CORO7-PAM16	4	7.4162e-01	9.2050e-01	1.000000	0
SLC26A8	4	7.4165e-01	9.2050e-01	1.000000	0
TMEM138	4	7.4171e-01	9.2050e-01	1.000000	0
AMTN	4	7.4173e-01	9.2050e-01	1.000000	0
NCAM1	4	7.4175e-01	9.2050e-01	1.000000	0
TFB1M	4	7.4177e-01	9.2050e-01	1.000000	0
FAM207A	4	7.4182e-01	9.2050e-01	1.000000	0
NELFE	4	7.4191e-01	9.2050e-01	1.000000	0
FAM196B	4	7.4193e-01	9.2050e-01	1.000000	0
COQ10B	4	7.4199e-01	9.2050e-01	1.000000	0
CHD9	4	7.4203e-01	9.2112e-01	1.000000	0
IL12B	4	7.4207e-01	9.2112e-01	1.000000	0
KRTAP13-1	4	7.4212e-01	9.2112e-01	1.000000	0
WNT10A	4	7.4216e-01	9.2112e-01	1.000000	0
ZDHHC2	4	7.4218e-01	9.2112e-01	1.000000	0
NDUFA8	4	7.4223e-01	9.2112e-01	1.000000	0
CDC37L1	4	7.4229e-01	9.2171e-01	1.000000	0
HNRNPDL	4	7.4248e-01	9.2228e-01	1.000000	0
CRLF1	4	7.4255e-01	9.2228e-01	1.000000	0
UNC5CL	4	7.4281e-01	9.2347e-01	1.000000	0
SHANK1	4	7.4284e-01	9.2347e-01	1.000000	0
PHF2	4	7.4291e-01	9.2347e-01	1.000000	0
EEF2K	4	7.4298e-01	9.2347e-01	1.000000	0
C2	4	7.4300e-01	9.2347e-01	1.000000	0
LRIG2	4	7.4302e-01	9.2347e-01	1.000000	0
ZNRF4	4	7.4308e-01	9.2347e-01	1.000000	0
TBC1D21	4	7.4313e-01	9.2347e-01	1.000000	0
RPUSD2	4	7.4319e-01	9.2347e-01	1.000000	0
CAMK2B	4	7.4321e-01	9.2347e-01	1.000000	0
EPB41L4B	4	7.4330e-01	9.2347e-01	1.000000	0
P2RY1	4	7.4332e-01	9.2347e-01	1.000000	0
P4HTM	4	7.4336e-01	9.2347e-01	1.000000	0
VN1R5	4	7.4341e-01	9.2347e-01	1.000000	0
CA6	4	7.4351e-01	9.2347e-01	1.000000	0
C9orf172	4	7.4356e-01	9.2347e-01	1.000000	0
COLQ	4	7.4358e-01	9.2347e-01	1.000000	0
CXCL12	4	7.4377e-01	9.2347e-01	1.000000	0
DCAF8L1	4	7.4386e-01	9.2347e-01	1.000000	0
SEMA4A	4	7.4398e-01	9.2375e-01	1.000000	0
BRWD1	4	7.4408e-01	9.2404e-01	1.000000	0
SP4	4	7.4412e-01	9.2404e-01	1.000000	0
PLA2G3	4	7.4418e-01	9.2404e-01	1.000000	0
USB1	4	7.4420e-01	9.2404e-01	1.000000	0
SCN4A	4	7.4427e-01	9.2404e-01	1.000000	0
ADH1B	4	7.4433e-01	9.2404e-01	1.000000	0
KRTAP20-2	4	7.4442e-01	9.2404e-01	1.000000	0
TRAM1L1	4	7.4447e-01	9.2404e-01	1.000000	0
EXD1	4	7.4451e-01	9.2404e-01	1.000000	0
ANGPTL6	4	7.4457e-01	9.2404e-01	1.000000	0
BASP1	4	7.4462e-01	9.2404e-01	1.000000	0
DEFA3	4	7.4467e-01	9.2404e-01	1.000000	0
TMIGD1	4	7.4472e-01	9.2404e-01	1.000000	0
SPON1	4	7.4479e-01	9.2404e-01	1.000000	0
S100A16	4	7.4485e-01	9.2404e-01	1.000000	0
S100A3	4	7.4492e-01	9.2404e-01	1.000000	0
RFC4	4	7.4496e-01	9.2404e-01	1.000000	0
ZBTB4	4	7.4498e-01	9.2404e-01	1.000000	0
DUS3L	4	7.4500e-01	9.2404e-01	1.000000	0
FAM20A	4	7.4501e-01	9.2404e-01	1.000000	0
ATP6AP1	4	7.4506e-01	9.2404e-01	1.000000	0
GSTA2	4	7.4529e-01	9.2404e-01	1.000000	0
PIGA	4	7.4531e-01	9.2404e-01	1.000000	0
ST6GALNAC6	4	7.4535e-01	9.2404e-01	1.000000	0
MMP8	4	7.4539e-01	9.2462e-01	1.000000	0
YPEL3	4	7.4542e-01	9.2462e-01	1.000000	0
BOK	4	7.4550e-01	9.2462e-01	1.000000	0
BEX5	4	7.4555e-01	9.2462e-01	1.000000	0
TLE1	4	7.4565e-01	9.2462e-01	1.000000	0
FBXL15	4	7.4572e-01	9.2462e-01	1.000000	0
CCDC97	4	7.4574e-01	9.2462e-01	1.000000	0
LAP3	4	7.4576e-01	9.2462e-01	1.000000	0
SPSB1	4	7.4577e-01	9.2462e-01	1.000000	0
SERTAD4	4	7.4583e-01	9.2462e-01	1.000000	0
LIPM	4	7.4590e-01	9.2462e-01	1.000000	0
FAT1	4	7.4602e-01	9.2462e-01	1.000000	0
STK31	4	7.4603e-01	9.2462e-01	1.000000	0
TMCO3	4	7.4607e-01	9.2462e-01	1.000000	0
COG7	4	7.4618e-01	9.2462e-01	1.000000	0
BBS9	4	7.4622e-01	9.2462e-01	1.000000	0
ENO4	4	7.4626e-01	9.2462e-01	1.000000	0
MIA3	4	7.4633e-01	9.2462e-01	1.000000	0
TAS2R41	4	7.4642e-01	9.2462e-01	1.000000	0
DHX34	4	7.4644e-01	9.2462e-01	1.000000	0
SULF2	4	7.4653e-01	9.2462e-01	1.000000	0
OR13D1	4	7.4661e-01	9.2462e-01	1.000000	0
IQSEC3	4	7.4665e-01	9.2462e-01	1.000000	0
HGF	4	7.4667e-01	9.2462e-01	1.000000	0
DZANK1	4	7.4672e-01	9.2462e-01	1.000000	0
PTGS2	4	7.4677e-01	9.2462e-01	1.000000	0
LRRC2	4	7.4689e-01	9.2462e-01	1.000000	0
TTC38	4	7.4690e-01	9.2462e-01	1.000000	0
NPTXR	4	7.4692e-01	9.2462e-01	1.000000	0
STON1	4	7.4694e-01	9.2462e-01	1.000000	0
EPPIN	4	7.4699e-01	9.2462e-01	1.000000	0
GRXCR1	4	7.4701e-01	9.2462e-01	1.000000	0
KRBA1	4	7.4703e-01	9.2462e-01	1.000000	0
MAEA	4	7.4714e-01	9.2462e-01	1.000000	0
MAPK7	4	7.4720e-01	9.2462e-01	1.000000	0
C14orf177	4	7.4724e-01	9.2462e-01	1.000000	0
FAM78A	4	7.4725e-01	9.2462e-01	1.000000	0
ZNF780B	4	7.4729e-01	9.2462e-01	1.000000	0
LRRIQ1	4	7.4733e-01	9.2462e-01	1.000000	0
STMN2	4	7.4735e-01	9.2462e-01	1.000000	0
FUK	4	7.4737e-01	9.2462e-01	1.000000	0
TMEM43	4	7.4742e-01	9.2518e-01	1.000000	0
NOG	4	7.4748e-01	9.2518e-01	1.000000	0
HIST1H3C	4	7.4762e-01	9.2577e-01	1.000000	0
PKD1L2	4	7.4764e-01	9.2577e-01	1.000000	0
NAGLU	4	7.4767e-01	9.2577e-01	1.000000	0
MRPL49	4	7.4773e-01	9.2577e-01	1.000000	0
SPINK9	4	7.4783e-01	9.2577e-01	1.000000	0
CNDP1	4	7.4790e-01	9.2634e-01	1.000000	0
CENPW	4	7.4803e-01	9.2634e-01	1.000000	0
SPINT2	4	7.4819e-01	9.2634e-01	1.000000	0
LAPTM4A	4	7.4823e-01	9.2634e-01	1.000000	0
SEPTIN8	4	7.4825e-01	9.2634e-01	1.000000	0
VPS54	4	7.4836e-01	9.2634e-01	1.000000	0
LOC102724279	4	7.4843e-01	9.2634e-01	1.000000	0
CFDP1	4	7.4845e-01	9.2634e-01	1.000000	0
OR2Z1	4	7.4851e-01	9.2634e-01	1.000000	0
AHCYL2	4	7.4880e-01	9.2634e-01	1.000000	0
PTPRK	4	7.4882e-01	9.2634e-01	1.000000	0
FAM111B	4	7.4893e-01	9.2634e-01	1.000000	0
C7orf69	4	7.4897e-01	9.2634e-01	1.000000	0
TNFSF13	4	7.4900e-01	9.2634e-01	1.000000	0
TMEM214	4	7.4904e-01	9.2634e-01	1.000000	0
FBXW10	4	7.4919e-01	9.2634e-01	1.000000	0
FAM136A	4	7.4924e-01	9.2634e-01	1.000000	0
ZBTB8B	4	7.4933e-01	9.2634e-01	1.000000	0
CLEC19A	4	7.4935e-01	9.2634e-01	1.000000	0
AGO1	4	7.4944e-01	9.2634e-01	1.000000	0
ATF3	4	7.4950e-01	9.2634e-01	1.000000	0
C15orf27	4	7.4953e-01	9.2634e-01	1.000000	0
KRTAP21-3	4	7.4965e-01	9.2634e-01	1.000000	0
PDPR	4	7.4971e-01	9.2634e-01	1.000000	0
EEF1G	4	7.4979e-01	9.2634e-01	1.000000	0
OR8H1	4	7.4985e-01	9.2634e-01	1.000000	0
MGAT4C	4	7.4987e-01	9.2634e-01	1.000000	0
PDZK1IP1	4	7.4989e-01	9.2634e-01	1.000000	0
USP17L20	4	7.4997e-01	9.2634e-01	1.000000	0
POLM	4	7.5007e-01	9.2634e-01	1.000000	0
KCNE3	4	7.5014e-01	9.2634e-01	1.000000	0
GOLGA6C	4	7.5029e-01	9.2634e-01	1.000000	0
CROCC	4	7.5036e-01	9.2634e-01	1.000000	0
LOC79999	4	7.5049e-01	9.2634e-01	1.000000	0
LRIG1	4	7.5052e-01	9.2634e-01	1.000000	0
ARHGDIG	4	7.5054e-01	9.2634e-01	1.000000	0
TTR	4	7.5056e-01	9.2634e-01	1.000000	0
UGT1A3	4	7.5058e-01	9.2634e-01	1.000000	0
CCDC129	4	7.5063e-01	9.2634e-01	1.000000	0
UBE2Q1	4	7.5069e-01	9.2634e-01	1.000000	0
HMCES	4	7.5076e-01	9.2634e-01	1.000000	0
SNURF	4	7.5080e-01	9.2634e-01	1.000000	0
NFE2L2	4	7.5082e-01	9.2634e-01	1.000000	0
NPHP1	4	7.5084e-01	9.2634e-01	1.000000	0
ULK2	4	7.5094e-01	9.2691e-01	1.000000	0
FANCG	4	7.5098e-01	9.2691e-01	1.000000	0
PPT1	4	7.5102e-01	9.2691e-01	1.000000	0
GABRA5	4	7.5105e-01	9.2691e-01	1.000000	0
VAMP7	4	7.5122e-01	9.2691e-01	1.000000	0
IRGM	4	7.5127e-01	9.2691e-01	1.000000	0
IL1RAP	4	7.5135e-01	9.2691e-01	1.000000	0
UGT1A6	4	7.5142e-01	9.2691e-01	1.000000	0
BAG3	4	7.5153e-01	9.2691e-01	1.000000	0
ANGPT1	4	7.5155e-01	9.2691e-01	1.000000	0
CEP170	4	7.5165e-01	9.2691e-01	1.000000	0
CNPY1	4	7.5167e-01	9.2691e-01	1.000000	0
DCDC2B	4	7.5173e-01	9.2691e-01	1.000000	0
TULP1	4	7.5180e-01	9.2691e-01	1.000000	0
SYNJ2BP	4	7.5184e-01	9.2691e-01	1.000000	0
CCDC37	4	7.5186e-01	9.2691e-01	1.000000	0
PLVAP	4	7.5191e-01	9.2691e-01	1.000000	0
CLK4	4	7.5195e-01	9.2691e-01	1.000000	0
SLC6A20	4	7.5202e-01	9.2691e-01	1.000000	0
SPTY2D1	4	7.5215e-01	9.2742e-01	1.000000	0
BLCAP	4	7.5217e-01	9.2742e-01	1.000000	0
CELF2	4	7.5238e-01	9.2742e-01	1.000000	0
CA2	4	7.5240e-01	9.2742e-01	1.000000	0
C1orf158	4	7.5247e-01	9.2742e-01	1.000000	0
OLIG3	4	7.5251e-01	9.2742e-01	1.000000	0
ARHGEF37	4	7.5260e-01	9.2742e-01	1.000000	0
CD48	4	7.5262e-01	9.2742e-01	1.000000	0
XPC	4	7.5264e-01	9.2742e-01	1.000000	0
SNAPIN	4	7.5267e-01	9.2742e-01	1.000000	0
NR1I3	4	7.5272e-01	9.2742e-01	1.000000	0
LRRC18	4	7.5272e-01	9.2742e-01	1.000000	0
RNASE10	4	7.5275e-01	9.2742e-01	1.000000	0
DGUOK	4	7.5278e-01	9.2742e-01	1.000000	0
SPINK7	3	7.5279e-01	9.4615e-01	1.000000	0
MAN1A2	4	7.5284e-01	9.2742e-01	1.000000	0
SART1	4	7.5286e-01	9.2742e-01	1.000000	0
IGFBP5	4	7.5287e-01	9.2742e-01	1.000000	0
COBLL1	4	7.5289e-01	9.2742e-01	1.000000	0
FAM71D	4	7.5295e-01	9.2742e-01	1.000000	0
PDPK1	4	7.5307e-01	9.2797e-01	1.000000	0
ARFGEF3	4	7.5309e-01	9.2797e-01	1.000000	0
OR6C70	4	7.5316e-01	9.2797e-01	1.000000	0
CCL16	4	7.5318e-01	9.2797e-01	1.000000	0
CYLD	4	7.5328e-01	9.2797e-01	1.000000	0
ANTXRL	4	7.5338e-01	9.2797e-01	1.000000	0
ZNF775	4	7.5342e-01	9.2797e-01	1.000000	0
PLEK	4	7.5345e-01	9.2797e-01	1.000000	0
CCDC82	4	7.5347e-01	9.2797e-01	1.000000	0
GBA	4	7.5349e-01	9.2797e-01	1.000000	0
C11orf87	4	7.5351e-01	9.2797e-01	1.000000	0
KIAA0195	4	7.5353e-01	9.2797e-01	1.000000	0
PLOD2	4	7.5355e-01	9.2797e-01	1.000000	0
HSPA8	4	7.5358e-01	9.2797e-01	1.000000	0
ENPP7	4	7.5367e-01	9.2797e-01	1.000000	0
UTS2	4	7.5369e-01	9.2797e-01	1.000000	0
SFI1	4	7.5371e-01	9.2797e-01	1.000000	0
BMP2K	4	7.5382e-01	9.2797e-01	1.000000	0
GBX2	4	7.5383e-01	9.2797e-01	1.000000	0
AP5Z1	4	7.5398e-01	9.2797e-01	1.000000	0
ZFP36L1	4	7.5408e-01	9.2797e-01	1.000000	0
ZNF484	4	7.5412e-01	9.2797e-01	1.000000	0
CEMIP	4	7.5420e-01	9.2797e-01	1.000000	0
FIGN	4	7.5421e-01	9.2797e-01	1.000000	0
VMA21	4	7.5430e-01	9.2797e-01	1.000000	0
LPPR5	4	7.5440e-01	9.2797e-01	1.000000	0
ACOX1	4	7.5441e-01	9.2797e-01	1.000000	0
ADAL	4	7.5445e-01	9.2852e-01	1.000000	0
ZNF329	4	7.5450e-01	9.2852e-01	1.000000	0
RASSF3	4	7.5452e-01	9.2852e-01	1.000000	0
CLPSL1	4	7.5454e-01	9.2852e-01	1.000000	0
DLK2	4	7.5461e-01	9.2852e-01	1.000000	0
H2AFV	4	7.5472e-01	9.2852e-01	1.000000	0
SFTPD	4	7.5476e-01	9.2852e-01	1.000000	0
CDC25C	4	7.5477e-01	9.2852e-01	1.000000	0
USP17L18	4	7.5488e-01	9.2852e-01	1.000000	0
ALDH1A1	4	7.5492e-01	9.2852e-01	1.000000	0
ATP6V1H	4	7.5504e-01	9.2852e-01	1.000000	0
CYP17A1	4	7.5508e-01	9.2852e-01	1.000000	0
RP9	4	7.5510e-01	9.2852e-01	1.000000	0
LHX4	4	7.5512e-01	9.2852e-01	1.000000	0
KAT2B	4	7.5522e-01	9.2852e-01	1.000000	0
DNAH6	4	7.5537e-01	9.2852e-01	1.000000	0
NECAP1	4	7.5544e-01	9.2852e-01	1.000000	0
ASNSD1	4	7.5549e-01	9.2852e-01	1.000000	0
FOXD4L6	4	7.5549e-01	9.2852e-01	1.000000	0
ATAD5	4	7.5560e-01	9.2852e-01	1.000000	0
CYP26C1	3	7.5564e-01	9.4821e-01	1.000000	0
GBP7	4	7.5569e-01	9.2852e-01	1.000000	0
CHD2	4	7.5578e-01	9.2852e-01	1.000000	0
PPP1CC	4	7.5586e-01	9.2852e-01	1.000000	0
TJAP1	4	7.5596e-01	9.2906e-01	1.000000	0
CRISP3	4	7.5602e-01	9.2906e-01	1.000000	0
SUV420H1	4	7.5607e-01	9.2906e-01	1.000000	0
PEX13	4	7.5609e-01	9.2906e-01	1.000000	0
GAGE2A	4	7.5611e-01	9.2906e-01	1.000000	0
PRR11	4	7.5614e-01	9.2906e-01	1.000000	0
ACKR2	4	7.5618e-01	9.2906e-01	1.000000	0
SPRN	4	7.5621e-01	9.2906e-01	1.000000	0
IFNL2	4	7.5627e-01	9.2906e-01	1.000000	0
TAF3	4	7.5636e-01	9.2906e-01	1.000000	0
C17orf59	4	7.5638e-01	9.2906e-01	1.000000	0
MT1G	4	7.5648e-01	9.3019e-01	1.000000	0
WASF1	4	7.5659e-01	9.3019e-01	1.000000	0
CMTR2	4	7.5661e-01	9.3019e-01	1.000000	0
RNF25	4	7.5663e-01	9.3019e-01	1.000000	0
ZPLD1	4	7.5677e-01	9.3019e-01	1.000000	0
SLC23A3	4	7.5681e-01	9.3019e-01	1.000000	0
ZNF121	4	7.5683e-01	9.3019e-01	1.000000	0
MAN1B1	4	7.5686e-01	9.3019e-01	1.000000	0
NCAN	4	7.5697e-01	9.3019e-01	1.000000	0
STXBP2	4	7.5709e-01	9.3072e-01	1.000000	0
KCNJ12	4	7.5713e-01	9.3072e-01	1.000000	0
C2orf68	4	7.5715e-01	9.3072e-01	1.000000	0
STX12	4	7.5718e-01	9.3126e-01	1.000000	0
CRYAB	4	7.5722e-01	9.3181e-01	1.000000	0
ACTN1	4	7.5727e-01	9.3181e-01	1.000000	0
GCNT1	4	7.5737e-01	9.3181e-01	1.000000	0
DEFA6	4	7.5747e-01	9.3181e-01	1.000000	0
CXorf23	4	7.5756e-01	9.3181e-01	1.000000	0
AES	4	7.5768e-01	9.3181e-01	1.000000	0
ZNF507	4	7.5772e-01	9.3181e-01	1.000000	0
OPRL1	4	7.5781e-01	9.3181e-01	1.000000	0
MAPK8IP3	4	7.5792e-01	9.3181e-01	1.000000	0
C6	4	7.5793e-01	9.3181e-01	1.000000	0
BPY2B	4	7.5795e-01	9.3181e-01	1.000000	0
NOTCH1	4	7.5801e-01	9.3181e-01	1.000000	0
DNAH14	4	7.5813e-01	9.3181e-01	1.000000	0
TRDN	4	7.5815e-01	9.3181e-01	1.000000	0
PLGLB2	4	7.5835e-01	9.3181e-01	1.000000	0
NEK8	4	7.5838e-01	9.3181e-01	1.000000	0
OR4C13	4	7.5856e-01	9.3181e-01	1.000000	0
PXT1	4	7.5858e-01	9.3181e-01	1.000000	0
STRN	4	7.5860e-01	9.3181e-01	1.000000	0
AOAH	4	7.5872e-01	9.3181e-01	1.000000	0
PROL1	4	7.5876e-01	9.3181e-01	1.000000	0
ADAR	4	7.5892e-01	9.3181e-01	1.000000	0
HOXC5	4	7.5896e-01	9.3181e-01	1.000000	0
CADM2	4	7.5901e-01	9.3181e-01	1.000000	0
XRCC4	4	7.5909e-01	9.3181e-01	1.000000	0
OR9G4	4	7.5913e-01	9.3181e-01	1.000000	0
HS3ST2	4	7.5917e-01	9.3181e-01	1.000000	0
OR51F1	4	7.5924e-01	9.3233e-01	1.000000	0
C4BPA	4	7.5927e-01	9.3233e-01	1.000000	0
DENND2C	4	7.5933e-01	9.3233e-01	1.000000	0
WDFY3	4	7.5937e-01	9.3233e-01	1.000000	0
RERGL	4	7.5940e-01	9.3233e-01	1.000000	0
IMPDH1	3	7.5943e-01	9.5030e-01	1.000000	0
FEZ2	4	7.5943e-01	9.3233e-01	1.000000	0
PRAC2	4	7.5947e-01	9.3233e-01	1.000000	0
GPR18	4	7.5949e-01	9.3233e-01	1.000000	0
ARHGAP26	4	7.5952e-01	9.3233e-01	1.000000	0
BLOC1S6	4	7.5956e-01	9.3233e-01	1.000000	0
ZNF611	4	7.5963e-01	9.3233e-01	1.000000	0
GNL1	4	7.5965e-01	9.3233e-01	1.000000	0
BOD1L2	4	7.5967e-01	9.3233e-01	1.000000	0
ZBTB8A	4	7.5970e-01	9.3233e-01	1.000000	0
LAIR1	4	7.5972e-01	9.3233e-01	1.000000	0
SH2D4A	4	7.5973e-01	9.3233e-01	1.000000	0
THSD7B	4	7.5977e-01	9.3233e-01	1.000000	0
COL2A1	4	7.5979e-01	9.3233e-01	1.000000	0
DDIT3	4	7.5988e-01	9.3233e-01	1.000000	0
PRRX1	4	7.5991e-01	9.3233e-01	1.000000	0
ARF3	4	7.5997e-01	9.3233e-01	1.000000	0
COMMD7	4	7.6005e-01	9.3233e-01	1.000000	0
DAGLB	4	7.6007e-01	9.3233e-01	1.000000	0
PODXL2	4	7.6009e-01	9.3233e-01	1.000000	0
BCAP31	4	7.6021e-01	9.3233e-01	1.000000	0
TSC22D4	4	7.6036e-01	9.3233e-01	1.000000	0
KBTBD13	4	7.6048e-01	9.3233e-01	1.000000	0
SIN3B	4	7.6050e-01	9.3233e-01	1.000000	0
TMEM239	4	7.6057e-01	9.3233e-01	1.000000	0
RGAG1	4	7.6068e-01	9.3233e-01	1.000000	0
IFT22	4	7.6069e-01	9.3233e-01	1.000000	0
SCAMP5	4	7.6073e-01	9.3233e-01	1.000000	0
RNF125	4	7.6075e-01	9.3233e-01	1.000000	0
PCDHB12	4	7.6076e-01	9.3233e-01	1.000000	0
LIMS3L	4	7.6085e-01	9.3233e-01	1.000000	0
HIPK3	4	7.6087e-01	9.3233e-01	1.000000	0
UBE2L6	4	7.6089e-01	9.3233e-01	1.000000	0
MED14	4	7.6103e-01	9.3233e-01	1.000000	0
LYPD8	4	7.6105e-01	9.3233e-01	1.000000	0
CLCNKB	4	7.6108e-01	9.3233e-01	1.000000	0
PRKRIR	4	7.6114e-01	9.3233e-01	1.000000	0
LOC113230	4	7.6115e-01	9.3233e-01	1.000000	0
GLCE	4	7.6121e-01	9.3233e-01	1.000000	0
CHL1	4	7.6124e-01	9.3233e-01	1.000000	0
TPM2	4	7.6131e-01	9.3233e-01	1.000000	0
C8orf82	4	7.6133e-01	9.3233e-01	1.000000	0
SFTPB	4	7.6138e-01	9.3233e-01	1.000000	0
HTR1D	4	7.6143e-01	9.3233e-01	1.000000	0
NR6A1	4	7.6149e-01	9.3233e-01	1.000000	0
F2RL2	4	7.6152e-01	9.3233e-01	1.000000	0
PCDHB11	4	7.6163e-01	9.3233e-01	1.000000	0
MAP3K11	4	7.6165e-01	9.3233e-01	1.000000	0
SYT10	4	7.6167e-01	9.3233e-01	1.000000	0
OR10H1	4	7.6168e-01	9.3233e-01	1.000000	0
PARP16	4	7.6172e-01	9.3233e-01	1.000000	0
OCSTAMP	4	7.6184e-01	9.3233e-01	1.000000	0
LY9	4	7.6190e-01	9.3233e-01	1.000000	0
NOM1	4	7.6193e-01	9.3233e-01	1.000000	0
LDHAL6B	4	7.6198e-01	9.3233e-01	1.000000	0
PGAM5	4	7.6204e-01	9.3233e-01	1.000000	0
TSPAN9	4	7.6211e-01	9.3233e-01	1.000000	0
C16orf90	4	7.6212e-01	9.3233e-01	1.000000	0
SIGLEC1	4	7.6215e-01	9.3233e-01	1.000000	0
FAM179A	4	7.6220e-01	9.3233e-01	1.000000	0
CLEC2D	4	7.6221e-01	9.3233e-01	1.000000	0
PPARA	4	7.6225e-01	9.3233e-01	1.000000	0
QTRT1	4	7.6227e-01	9.3233e-01	1.000000	0
YME1L1	4	7.6239e-01	9.3233e-01	1.000000	0
GSPT1	4	7.6250e-01	9.3342e-01	1.000000	0
SCFD1	4	7.6251e-01	9.3342e-01	1.000000	0
DNAH2	4	7.6255e-01	9.3342e-01	1.000000	0
MAP1S	4	7.6257e-01	9.3342e-01	1.000000	0
PPA2	4	7.6271e-01	9.3342e-01	1.000000	0
KLHDC1	4	7.6274e-01	9.3342e-01	1.000000	0
CEP95	4	7.6276e-01	9.3342e-01	1.000000	0
CRYBA4	4	7.6278e-01	9.3342e-01	1.000000	0
CCDC186	4	7.6283e-01	9.3342e-01	1.000000	0
MAP1B	4	7.6299e-01	9.3393e-01	1.000000	0
RIPK1	4	7.6301e-01	9.3393e-01	1.000000	0
CPNE4	4	7.6303e-01	9.3393e-01	1.000000	0
LRRC34	4	7.6309e-01	9.3393e-01	1.000000	0
HHIP	4	7.6318e-01	9.3393e-01	1.000000	0
C6orf89	4	7.6329e-01	9.3393e-01	1.000000	0
GTF3C2	4	7.6330e-01	9.3393e-01	1.000000	0
DNAJB6	4	7.6339e-01	9.3393e-01	1.000000	0
MRPS34	4	7.6341e-01	9.3393e-01	1.000000	0
HIST1H4E	4	7.6346e-01	9.3393e-01	1.000000	0
SNRNP70	4	7.6350e-01	9.3393e-01	1.000000	0
PCDHB13	4	7.6355e-01	9.3393e-01	1.000000	0
LCE1A	4	7.6362e-01	9.3393e-01	1.000000	0
DIP2B	4	7.6364e-01	9.3393e-01	1.000000	0
EFS	4	7.6366e-01	9.3393e-01	1.000000	0
PXK	4	7.6385e-01	9.3393e-01	1.000000	0
MT4	4	7.6392e-01	9.3393e-01	1.000000	0
BSCL2	4	7.6394e-01	9.3393e-01	1.000000	0
EXO1	4	7.6395e-01	9.3393e-01	1.000000	0
CD40	4	7.6401e-01	9.3445e-01	1.000000	0
PNRC2	4	7.6408e-01	9.3445e-01	1.000000	0
TAF1B	4	7.6415e-01	9.3445e-01	1.000000	0
C7orf71	4	7.6416e-01	9.3445e-01	1.000000	0
DPP7	4	7.6422e-01	9.3445e-01	1.000000	0
LGALS1	4	7.6429e-01	9.3495e-01	1.000000	0
SLC22A25	4	7.6430e-01	9.3495e-01	1.000000	0
STYX	4	7.6432e-01	9.3495e-01	1.000000	0
RTN4RL2	4	7.6434e-01	9.3495e-01	1.000000	0
CFAP44	4	7.6441e-01	9.3495e-01	1.000000	0
KRT72	4	7.6449e-01	9.3495e-01	1.000000	0
EMC1	4	7.6451e-01	9.3495e-01	1.000000	0
IGFBP1	4	7.6453e-01	9.3495e-01	1.000000	0
OTUD3	4	7.6455e-01	9.3495e-01	1.000000	0
ZNF275	4	7.6457e-01	9.3495e-01	1.000000	0
IRX1	4	7.6462e-01	9.3495e-01	1.000000	0
LRRC56	4	7.6465e-01	9.3495e-01	1.000000	0
GNAS	4	7.6472e-01	9.3495e-01	1.000000	0
HDAC6	4	7.6479e-01	9.3495e-01	1.000000	0
GOLGA6B	4	7.6507e-01	9.3546e-01	1.000000	0
LIPE	4	7.6513e-01	9.3546e-01	1.000000	0
WFDC5	3	7.6516e-01	9.5321e-01	1.000000	0
TNN	4	7.6521e-01	9.3546e-01	1.000000	0
MS4A3	4	7.6523e-01	9.3546e-01	1.000000	0
DLD	4	7.6527e-01	9.3546e-01	1.000000	0
ADRBK1	4	7.6528e-01	9.3546e-01	1.000000	0
RAPGEF4	4	7.6535e-01	9.3546e-01	1.000000	0
TNNT2	3	7.6543e-01	9.5361e-01	1.000000	0
KIAA1683	4	7.6546e-01	9.3546e-01	1.000000	0
ZNF37A	4	7.6549e-01	9.3546e-01	1.000000	0
IGSF1	4	7.6558e-01	9.3546e-01	1.000000	0
IPO4	4	7.6565e-01	9.3546e-01	1.000000	0
GFRA1	4	7.6579e-01	9.3645e-01	1.000000	0
ENC1	4	7.6581e-01	9.3645e-01	1.000000	0
TLR2	4	7.6584e-01	9.3645e-01	1.000000	0
LYPLAL1	4	7.6595e-01	9.3645e-01	1.000000	0
SLC38A10	4	7.6596e-01	9.3645e-01	1.000000	0
FAM131C	4	7.6603e-01	9.3645e-01	1.000000	0
PPP1R14A	4	7.6607e-01	9.3645e-01	1.000000	0
WNT9B	4	7.6609e-01	9.3645e-01	1.000000	0
TEX14	4	7.6614e-01	9.3645e-01	1.000000	0
HPX	4	7.6616e-01	9.3645e-01	1.000000	0
DNAJB1	4	7.6619e-01	9.3645e-01	1.000000	0
RAB11FIP2	4	7.6621e-01	9.3645e-01	1.000000	0
IGFL2	4	7.6626e-01	9.3645e-01	1.000000	0
RGS7BP	4	7.6628e-01	9.3645e-01	1.000000	0
GBGT1	4	7.6629e-01	9.3645e-01	1.000000	0
OGFOD3	4	7.6633e-01	9.3645e-01	1.000000	0
IL1A	4	7.6643e-01	9.3645e-01	1.000000	0
HDX	4	7.6647e-01	9.3645e-01	1.000000	0
PROK2	4	7.6659e-01	9.3645e-01	1.000000	0
RIPK2	4	7.6669e-01	9.3645e-01	1.000000	0
BSDC1	4	7.6682e-01	9.3645e-01	1.000000	0
IL1RN	4	7.6683e-01	9.3645e-01	1.000000	0
PTPDC1	4	7.6688e-01	9.3645e-01	1.000000	0
BARX1	4	7.6688e-01	9.3645e-01	1.000000	0
SLC2A6	4	7.6694e-01	9.3645e-01	1.000000	0
PPP2R5D	4	7.6696e-01	9.3645e-01	1.000000	0
C19orf67	4	7.6698e-01	9.3645e-01	1.000000	0
CCDC159	4	7.6708e-01	9.3645e-01	1.000000	0
TM4SF1	4	7.6713e-01	9.3697e-01	1.000000	0
NCOA5	4	7.6716e-01	9.3697e-01	1.000000	0
LMX1B	4	7.6718e-01	9.3697e-01	1.000000	0
THEM5	4	7.6723e-01	9.3697e-01	1.000000	0
ZBTB10	4	7.6727e-01	9.3697e-01	1.000000	0
FNDC9	4	7.6729e-01	9.3697e-01	1.000000	0
LGR4	4	7.6732e-01	9.3697e-01	1.000000	0
JMY	4	7.6735e-01	9.3697e-01	1.000000	0
DCLRE1C	4	7.6737e-01	9.3697e-01	1.000000	0
TMEM63C	4	7.6739e-01	9.3697e-01	1.000000	0
ATG2A	4	7.6761e-01	9.3747e-01	1.000000	0
CELF5	4	7.6767e-01	9.3747e-01	1.000000	0
TRIM16	4	7.6772e-01	9.3747e-01	1.000000	0
TMOD1	4	7.6775e-01	9.3747e-01	1.000000	0
GPR15	4	7.6786e-01	9.3747e-01	1.000000	0
CYP27A1	4	7.6790e-01	9.3747e-01	1.000000	0
CIART	4	7.6793e-01	9.3747e-01	1.000000	0
UNC5C	4	7.6803e-01	9.3747e-01	1.000000	0
TCHHL1	4	7.6810e-01	9.3748e-01	1.000000	0
ZDHHC4	4	7.6820e-01	9.3748e-01	1.000000	0
TMEM68	4	7.6824e-01	9.3748e-01	1.000000	0
SLC29A1	4	7.6826e-01	9.3748e-01	1.000000	0
CPXM1	4	7.6831e-01	9.3748e-01	1.000000	0
LHFPL2	4	7.6836e-01	9.3748e-01	1.000000	0
FAM47B	4	7.6838e-01	9.3748e-01	1.000000	0
FAM179B	4	7.6846e-01	9.3748e-01	1.000000	0
RNF150	4	7.6848e-01	9.3748e-01	1.000000	0
TOMM20L	4	7.6853e-01	9.3748e-01	1.000000	0
SHKBP1	4	7.6857e-01	9.3748e-01	1.000000	0
SOWAHB	4	7.6864e-01	9.3796e-01	1.000000	0
DMBX1	3	7.6865e-01	9.5700e-01	1.000000	0
CHST8	4	7.6867e-01	9.3796e-01	1.000000	0
KRTAP20-3	4	7.6870e-01	9.3846e-01	1.000000	0
PFN2	4	7.6876e-01	9.3846e-01	1.000000	0
SEMA5B	4	7.6877e-01	9.3846e-01	1.000000	0
KIAA1644	4	7.6883e-01	9.3846e-01	1.000000	0
TOM1	4	7.6888e-01	9.3846e-01	1.000000	0
IL1B	4	7.6903e-01	9.3846e-01	1.000000	0
BCCIP	4	7.6905e-01	9.3846e-01	1.000000	0
SOX10	4	7.6912e-01	9.3846e-01	1.000000	0
SLC26A11	4	7.6922e-01	9.3846e-01	1.000000	0
ALPP	4	7.6929e-01	9.3846e-01	1.000000	0
HILPDA	4	7.6938e-01	9.3846e-01	1.000000	0
NDUFC2	4	7.6939e-01	9.3846e-01	1.000000	0
AHI1	4	7.6943e-01	9.3846e-01	1.000000	0
CS	4	7.6952e-01	9.3846e-01	1.000000	0
LTF	4	7.6953e-01	9.3846e-01	1.000000	0
ZBTB24	4	7.6958e-01	9.3846e-01	1.000000	0
FEM1B	4	7.6969e-01	9.3846e-01	1.000000	0
PRAMEF10	4	7.6971e-01	9.3846e-01	1.000000	0
CDH6	4	7.6972e-01	9.3846e-01	1.000000	0
CEP162	4	7.6976e-01	9.3846e-01	1.000000	0
MKL1	4	7.6981e-01	9.3846e-01	1.000000	0
CST4	4	7.6984e-01	9.3896e-01	1.000000	0
SPIC	4	7.6986e-01	9.3896e-01	1.000000	0
SLC43A2	4	7.6989e-01	9.3896e-01	1.000000	0
CLINT1	4	7.6993e-01	9.3896e-01	1.000000	0
MT1A	4	7.7007e-01	9.3896e-01	1.000000	0
PRKAR2A	4	7.7019e-01	9.3896e-01	1.000000	0
KCTD4	4	7.7026e-01	9.3947e-01	1.000000	0
NLGN1	4	7.7032e-01	9.3947e-01	1.000000	0
CACNG7	4	7.7041e-01	9.3947e-01	1.000000	0
SGPL1	4	7.7056e-01	9.3947e-01	1.000000	0
LARGE	4	7.7060e-01	9.3947e-01	1.000000	0
ASPN	4	7.7063e-01	9.3947e-01	1.000000	0
TM7SF3	4	7.7082e-01	9.3947e-01	1.000000	0
PAH	4	7.7091e-01	9.3947e-01	1.000000	0
ASCL3	4	7.7096e-01	9.3947e-01	1.000000	0
FAM178B	4	7.7103e-01	9.3947e-01	1.000000	0
EGR2	4	7.7104e-01	9.3947e-01	1.000000	0
OPTN	4	7.7111e-01	9.3947e-01	1.000000	0
ACADVL	4	7.7116e-01	9.3947e-01	1.000000	0
TMEM180	4	7.7132e-01	9.3947e-01	1.000000	0
NAT10	4	7.7139e-01	9.3947e-01	1.000000	0
FAM155A	4	7.7142e-01	9.3947e-01	1.000000	0
GPD1L	4	7.7144e-01	9.3947e-01	1.000000	0
TRAF1	4	7.7152e-01	9.3994e-01	1.000000	0
PKHD1	4	7.7167e-01	9.4043e-01	1.000000	0
PRR5-ARHGAP8	4	7.7180e-01	9.4043e-01	1.000000	0
GYG1	4	7.7185e-01	9.4043e-01	1.000000	0
SLAMF7	4	7.7188e-01	9.4043e-01	1.000000	0
DCAF4L2	4	7.7195e-01	9.4043e-01	1.000000	0
UHRF2	4	7.7197e-01	9.4043e-01	1.000000	0
LOC650293	4	7.7208e-01	9.4043e-01	1.000000	0
SCAF4	4	7.7208e-01	9.4043e-01	1.000000	0
ZNFX1	4	7.7212e-01	9.4043e-01	1.000000	0
RLIM	4	7.7214e-01	9.4043e-01	1.000000	0
RYK	4	7.7216e-01	9.4043e-01	1.000000	0
RBM39	4	7.7223e-01	9.4043e-01	1.000000	0
SLC10A1	4	7.7229e-01	9.4043e-01	1.000000	0
DERL3	4	7.7232e-01	9.4043e-01	1.000000	0
LCORL	4	7.7243e-01	9.4043e-01	1.000000	0
ABCB11	4	7.7245e-01	9.4043e-01	1.000000	0
GLRX2	4	7.7255e-01	9.4090e-01	1.000000	0
RXFP1	4	7.7260e-01	9.4090e-01	1.000000	0
TPTE2	4	7.7267e-01	9.4135e-01	1.000000	0
IBSP	4	7.7272e-01	9.4135e-01	1.000000	0
OR51A7	4	7.7282e-01	9.4135e-01	1.000000	0
C1orf112	4	7.7286e-01	9.4135e-01	1.000000	0
TMEM165	4	7.7300e-01	9.4182e-01	1.000000	0
OR5L2	4	7.7303e-01	9.4182e-01	1.000000	0
MOB3A	4	7.7304e-01	9.4182e-01	1.000000	0
FYB	4	7.7306e-01	9.4182e-01	1.000000	0
CRIPAK	4	7.7311e-01	9.4182e-01	1.000000	0
OR52N4	4	7.7313e-01	9.4182e-01	1.000000	0
TM9SF1	4	7.7316e-01	9.4182e-01	1.000000	0
ADAM9	4	7.7320e-01	9.4182e-01	1.000000	0
WDR31	4	7.7325e-01	9.4182e-01	1.000000	0
WNK4	4	7.7328e-01	9.4182e-01	1.000000	0
COQ3	4	7.7343e-01	9.4229e-01	1.000000	0
LYZL4	4	7.7345e-01	9.4229e-01	1.000000	0
SMPD1	4	7.7349e-01	9.4274e-01	1.000000	0
ZNF860	4	7.7359e-01	9.4274e-01	1.000000	0
POMGNT1	4	7.7360e-01	9.4274e-01	1.000000	0
GPBAR1	4	7.7367e-01	9.4274e-01	1.000000	0
ANKK1	4	7.7376e-01	9.4274e-01	1.000000	0
EVC2	4	7.7379e-01	9.4274e-01	1.000000	0
GTF2IRD1	4	7.7381e-01	9.4274e-01	1.000000	0
BMPR1B	4	7.7386e-01	9.4322e-01	1.000000	0
SLC38A9	4	7.7401e-01	9.4322e-01	1.000000	0
CCDC14	4	7.7419e-01	9.4322e-01	1.000000	0
OR52E8	4	7.7426e-01	9.4322e-01	1.000000	0
PDE6C	4	7.7435e-01	9.4322e-01	1.000000	0
PCK2	4	7.7440e-01	9.4322e-01	1.000000	0
RNF38	4	7.7442e-01	9.4322e-01	1.000000	0
GPR65	4	7.7444e-01	9.4322e-01	1.000000	0
FKTN	4	7.7447e-01	9.4322e-01	1.000000	0
SH2B1	4	7.7449e-01	9.4322e-01	1.000000	0
FGFRL1	4	7.7452e-01	9.4322e-01	1.000000	0
RRP7A	4	7.7456e-01	9.4322e-01	1.000000	0
GHITM	4	7.7464e-01	9.4322e-01	1.000000	0
SPHK2	4	7.7469e-01	9.4371e-01	1.000000	0
FASTKD2	4	7.7478e-01	9.4371e-01	1.000000	0
LYZL6	4	7.7488e-01	9.4507e-01	1.000000	0
SEMA3D	4	7.7496e-01	9.4507e-01	1.000000	0
APAF1	4	7.7503e-01	9.4507e-01	1.000000	0
AVPR1B	4	7.7508e-01	9.4507e-01	1.000000	0
FBLIM1	4	7.7515e-01	9.4507e-01	1.000000	0
NOX1	4	7.7527e-01	9.4507e-01	1.000000	0
GATAD2B	4	7.7530e-01	9.4507e-01	1.000000	0
MORF4L2	4	7.7533e-01	9.4507e-01	1.000000	0
SRM	4	7.7535e-01	9.4507e-01	1.000000	0
PTCD3	4	7.7537e-01	9.4507e-01	1.000000	0
PDXK	4	7.7555e-01	9.4507e-01	1.000000	0
COLEC11	4	7.7557e-01	9.4507e-01	1.000000	0
COX4I2	4	7.7560e-01	9.4507e-01	1.000000	0
PARP6	4	7.7562e-01	9.4507e-01	1.000000	0
SLC14A2	4	7.7567e-01	9.4507e-01	1.000000	0
POLDIP3	4	7.7574e-01	9.4507e-01	1.000000	0
C1QL1	4	7.7576e-01	9.4507e-01	1.000000	0
CMTM2	4	7.7584e-01	9.4553e-01	1.000000	0
M6PR	4	7.7587e-01	9.4553e-01	1.000000	0
AGRN	4	7.7592e-01	9.4553e-01	1.000000	0
PCDHGA11	4	7.7594e-01	9.4553e-01	1.000000	0
IAH1	4	7.7601e-01	9.4553e-01	1.000000	0
JAKMIP2	4	7.7603e-01	9.4553e-01	1.000000	0
DALRD3	4	7.7608e-01	9.4553e-01	1.000000	0
ETV3	4	7.7616e-01	9.4553e-01	1.000000	0
ZC3H18	4	7.7626e-01	9.4600e-01	1.000000	0
OAT	4	7.7631e-01	9.4600e-01	1.000000	0
AIM1L	4	7.7633e-01	9.4600e-01	1.000000	0
CDC26	4	7.7640e-01	9.4600e-01	1.000000	0
DCLK1	4	7.7641e-01	9.4600e-01	1.000000	0
WARS2	4	7.7663e-01	9.4600e-01	1.000000	0
SNX31	4	7.7667e-01	9.4600e-01	1.000000	0
SEPTIN2	4	7.7670e-01	9.4600e-01	1.000000	0
CDH24	4	7.7672e-01	9.4600e-01	1.000000	0
GIT2	4	7.7688e-01	9.4600e-01	1.000000	0
REEP6	4	7.7690e-01	9.4600e-01	1.000000	0
BLMH	4	7.7720e-01	9.4642e-01	1.000000	0
PKIB	4	7.7724e-01	9.4642e-01	1.000000	0
WBP5	4	7.7735e-01	9.4688e-01	1.000000	0
MOCS2	4	7.7735e-01	9.4688e-01	1.000000	0
NR5A2	4	7.7752e-01	9.4688e-01	1.000000	0
NDUFAF7	4	7.7767e-01	9.4688e-01	1.000000	0
CAPN8	4	7.7769e-01	9.4688e-01	1.000000	0
ACPT	4	7.7774e-01	9.4688e-01	1.000000	0
ZNF445	4	7.7776e-01	9.4688e-01	1.000000	0
HMCN1	4	7.7786e-01	9.4688e-01	1.000000	0
MMP10	4	7.7787e-01	9.4688e-01	1.000000	0
RHOBTB1	4	7.7792e-01	9.4688e-01	1.000000	0
ECSIT	4	7.7797e-01	9.4688e-01	1.000000	0
PKDREJ	4	7.7799e-01	9.4688e-01	1.000000	0
TMC5	4	7.7802e-01	9.4688e-01	1.000000	0
APOBEC4	4	7.7802e-01	9.4688e-01	1.000000	0
C3orf62	3	7.7803e-01	9.5954e-01	1.000000	0
GALR3	4	7.7808e-01	9.4688e-01	1.000000	0
TAF13	4	7.7811e-01	9.4688e-01	1.000000	0
OSBPL8	4	7.7821e-01	9.4688e-01	1.000000	0
FOXP4	4	7.7833e-01	9.4688e-01	1.000000	0
DAPK3	4	7.7834e-01	9.4688e-01	1.000000	0
NFIA	4	7.7841e-01	9.4688e-01	1.000000	0
TMPO	4	7.7851e-01	9.4688e-01	1.000000	0
TTC12	4	7.7856e-01	9.4688e-01	1.000000	0
RGPD6	4	7.7858e-01	9.4688e-01	1.000000	0
GALNT6	4	7.7861e-01	9.4688e-01	1.000000	0
TRPT1	4	7.7864e-01	9.4688e-01	1.000000	0
PGM1	4	7.7891e-01	9.4688e-01	1.000000	0
SIAH3	4	7.7893e-01	9.4688e-01	1.000000	0
TNKS	4	7.7901e-01	9.4688e-01	1.000000	0
COG6	4	7.7903e-01	9.4688e-01	1.000000	0
NCAPD2	4	7.7904e-01	9.4688e-01	1.000000	0
DOC2B	4	7.7908e-01	9.4688e-01	1.000000	0
BCL2L13	4	7.7913e-01	9.4688e-01	1.000000	0
PCOLCE	4	7.7914e-01	9.4688e-01	1.000000	0
OR6V1	4	7.7916e-01	9.4688e-01	1.000000	0
ZNF778	4	7.7931e-01	9.4688e-01	1.000000	0
RBM24	4	7.7933e-01	9.4688e-01	1.000000	0
LAMA2	3	7.7943e-01	9.6023e-01	1.000000	0
NUP160	4	7.7946e-01	9.4688e-01	1.000000	0
DAAM1	4	7.7961e-01	9.4735e-01	1.000000	0
PTPN7	4	7.7964e-01	9.4735e-01	1.000000	0
TKTL1	4	7.7969e-01	9.4735e-01	1.000000	0
VWDE	4	7.7978e-01	9.4735e-01	1.000000	0
PPP1R14C	4	7.7981e-01	9.4735e-01	1.000000	0
HCCS	4	7.7984e-01	9.4735e-01	1.000000	0
ANGPT4	4	7.7994e-01	9.4735e-01	1.000000	0
DEFB134	4	7.7996e-01	9.4735e-01	1.000000	0
PDGFC	4	7.7998e-01	9.4735e-01	1.000000	0
TEKT5	4	7.8001e-01	9.4735e-01	1.000000	0
ARHGEF3	4	7.8006e-01	9.4735e-01	1.000000	0
SNTG1	4	7.8008e-01	9.4735e-01	1.000000	0
SSPO	4	7.8018e-01	9.4735e-01	1.000000	0
IER3	4	7.8023e-01	9.4735e-01	1.000000	0
C2orf27A	4	7.8026e-01	9.4735e-01	1.000000	0
IGFBP6	4	7.8033e-01	9.4735e-01	1.000000	0
HNRNPCL4	4	7.8034e-01	9.4735e-01	1.000000	0
HAND2	4	7.8039e-01	9.4735e-01	1.000000	0
SEMA7A	4	7.8043e-01	9.4735e-01	1.000000	0
IGF1R	4	7.8049e-01	9.4735e-01	1.000000	0
CLIC2	4	7.8056e-01	9.4735e-01	1.000000	0
CLCN4	4	7.8061e-01	9.4778e-01	1.000000	0
ARPC2	4	7.8063e-01	9.4778e-01	1.000000	0
VCAN	4	7.8073e-01	9.4778e-01	1.000000	0
MAP6D1	4	7.8076e-01	9.4778e-01	1.000000	0
SEC22A	4	7.8079e-01	9.4778e-01	1.000000	0
CATSPER3	4	7.8084e-01	9.4778e-01	1.000000	0
B3GALT5	4	7.8102e-01	9.4822e-01	1.000000	0
PNMAL2	4	7.8106e-01	9.4822e-01	1.000000	0
PRAMEF8	4	7.8107e-01	9.4822e-01	1.000000	0
NINL	4	7.8111e-01	9.4866e-01	1.000000	0
RPA4	4	7.8116e-01	9.4908e-01	1.000000	0
FGFBP3	4	7.8126e-01	9.4908e-01	1.000000	0
USP36	4	7.8127e-01	9.4908e-01	1.000000	0
NT5C3A	4	7.8129e-01	9.4908e-01	1.000000	0
CPT1B	4	7.8131e-01	9.4908e-01	1.000000	0
PPAPDC1A	4	7.8134e-01	9.4908e-01	1.000000	0
TRPC4AP	4	7.8155e-01	9.4952e-01	1.000000	0
THEMIS	4	7.8157e-01	9.4952e-01	1.000000	0
NDUFA3	4	7.8160e-01	9.4952e-01	1.000000	0
C2orf80	4	7.8167e-01	9.4952e-01	1.000000	0
OR56A1	4	7.8169e-01	9.4952e-01	1.000000	0
ALKBH4	4	7.8170e-01	9.4952e-01	1.000000	0
STK17A	4	7.8184e-01	9.4952e-01	1.000000	0
INPP5E	4	7.8208e-01	9.4993e-01	1.000000	0
PPAP2A	4	7.8212e-01	9.4993e-01	1.000000	0
PIGT	4	7.8217e-01	9.4993e-01	1.000000	0
CYP39A1	4	7.8218e-01	9.4993e-01	1.000000	0
SCAND1	4	7.8221e-01	9.4993e-01	1.000000	0
IDH3G	4	7.8225e-01	9.4993e-01	1.000000	0
C1orf168	4	7.8228e-01	9.4993e-01	1.000000	0
TMEM107	4	7.8238e-01	9.4993e-01	1.000000	0
GRHL1	4	7.8241e-01	9.4993e-01	1.000000	0
CCL3	4	7.8248e-01	9.4993e-01	1.000000	0
ARHGEF25	4	7.8250e-01	9.4993e-01	1.000000	0
CLIP4	4	7.8255e-01	9.4993e-01	1.000000	0
ZFP42	4	7.8256e-01	9.4993e-01	1.000000	0
MRPL38	4	7.8258e-01	9.4993e-01	1.000000	0
OR2Y1	4	7.8263e-01	9.4993e-01	1.000000	0
UGT2B15	4	7.8264e-01	9.4993e-01	1.000000	0
PQLC2L	4	7.8266e-01	9.4993e-01	1.000000	0
MYO19	4	7.8269e-01	9.4993e-01	1.000000	0
LYG2	4	7.8271e-01	9.4993e-01	1.000000	0
HDC	4	7.8275e-01	9.4993e-01	1.000000	0
CCL17	4	7.8286e-01	9.4993e-01	1.000000	0
HM13	4	7.8287e-01	9.4993e-01	1.000000	0
SLC25A33	4	7.8299e-01	9.5039e-01	1.000000	0
TTC25	4	7.8306e-01	9.5039e-01	1.000000	0
KCTD10	4	7.8309e-01	9.5039e-01	1.000000	0
HSD17B3	4	7.8312e-01	9.5039e-01	1.000000	0
CXCL13	4	7.8314e-01	9.5039e-01	1.000000	0
MYOG	4	7.8325e-01	9.5039e-01	1.000000	0
RAD23A	4	7.8334e-01	9.5039e-01	1.000000	0
PPCDC	4	7.8337e-01	9.5039e-01	1.000000	0
THEM4	4	7.8338e-01	9.5039e-01	1.000000	0
RHOBTB3	4	7.8342e-01	9.5039e-01	1.000000	0
ACAP3	4	7.8376e-01	9.5039e-01	1.000000	0
HSPB6	4	7.8380e-01	9.5039e-01	1.000000	0
MCF2	4	7.8384e-01	9.5039e-01	1.000000	0
TMEM14A	4	7.8394e-01	9.5039e-01	1.000000	0
HMP19	4	7.8401e-01	9.5039e-01	1.000000	0
TADA3	4	7.8403e-01	9.5039e-01	1.000000	0
HOXB1	4	7.8416e-01	9.5083e-01	1.000000	0
SLC9A1	4	7.8419e-01	9.5083e-01	1.000000	0
UGT1A7	4	7.8430e-01	9.5083e-01	1.000000	0
CDH19	4	7.8439e-01	9.5169e-01	1.000000	0
FAM163A	4	7.8453e-01	9.5169e-01	1.000000	0
ENKUR	4	7.8460e-01	9.5169e-01	1.000000	0
MAP3K12	3	7.8464e-01	9.6325e-01	1.000000	0
NAPEPLD	4	7.8468e-01	9.5169e-01	1.000000	0
PGPEP1L	4	7.8470e-01	9.5169e-01	1.000000	0
PLEKHG2	4	7.8471e-01	9.5169e-01	1.000000	0
POLR3GL	4	7.8473e-01	9.5169e-01	1.000000	0
HOXC8	4	7.8475e-01	9.5169e-01	1.000000	0
GSTP1	4	7.8478e-01	9.5169e-01	1.000000	0
UBE2Z	4	7.8481e-01	9.5169e-01	1.000000	0
NANOGNB	4	7.8484e-01	9.5169e-01	1.000000	0
CRELD1	4	7.8487e-01	9.5169e-01	1.000000	0
ANP32C	4	7.8506e-01	9.5210e-01	1.000000	0
TTC5	4	7.8518e-01	9.5250e-01	1.000000	0
PIH1D2	4	7.8518e-01	9.5250e-01	1.000000	0
CARTPT	4	7.8524e-01	9.5250e-01	1.000000	0
ZNF30	4	7.8528e-01	9.5250e-01	1.000000	0
RARRES3	4	7.8535e-01	9.5250e-01	1.000000	0
E2F8	4	7.8545e-01	9.5250e-01	1.000000	0
TRIM49	4	7.8548e-01	9.5250e-01	1.000000	0
FOLR3	4	7.8556e-01	9.5250e-01	1.000000	0
BAG2	4	7.8558e-01	9.5250e-01	1.000000	0
CT45A9	4	7.8569e-01	9.5250e-01	1.000000	0
PDIA5	4	7.8572e-01	9.5250e-01	1.000000	0
NPHP3	4	7.8572e-01	9.5250e-01	1.000000	0
ZBED5	4	7.8574e-01	9.5250e-01	1.000000	0
WBP1	4	7.8600e-01	9.5250e-01	1.000000	0
A3GALT2	4	7.8602e-01	9.5250e-01	1.000000	0
STARD8	4	7.8604e-01	9.5250e-01	1.000000	0
R3HCC1L	4	7.8610e-01	9.5288e-01	1.000000	0
UNC119B	4	7.8612e-01	9.5288e-01	1.000000	0
GOLGA6L9	4	7.8613e-01	9.5288e-01	1.000000	0
SH3TC2	4	7.8623e-01	9.5329e-01	1.000000	0
EIF4EBP1	4	7.8626e-01	9.5329e-01	1.000000	0
ZNF821	4	7.8632e-01	9.5329e-01	1.000000	0
C9orf40	4	7.8636e-01	9.5329e-01	1.000000	0
HTATSF1	4	7.8639e-01	9.5329e-01	1.000000	0
ORC4	4	7.8644e-01	9.5369e-01	1.000000	0
RBKS	4	7.8655e-01	9.5369e-01	1.000000	0
MGME1	4	7.8657e-01	9.5369e-01	1.000000	0
MFSD6L	4	7.8665e-01	9.5369e-01	1.000000	0
HK2	4	7.8676e-01	9.5369e-01	1.000000	0
PHF20	4	7.8683e-01	9.5369e-01	1.000000	0
PBOV1	4	7.8687e-01	9.5369e-01	1.000000	0
SLC39A12	4	7.8695e-01	9.5369e-01	1.000000	0
CISD2	4	7.8698e-01	9.5369e-01	1.000000	0
C1orf116	4	7.8701e-01	9.5369e-01	1.000000	0
JUND	4	7.8714e-01	9.5369e-01	1.000000	0
MEFV	4	7.8716e-01	9.5369e-01	1.000000	0
TTN	4	7.8719e-01	9.5369e-01	1.000000	0
PRSS37	4	7.8726e-01	9.5369e-01	1.000000	0
PTPN1	4	7.8729e-01	9.5369e-01	1.000000	0
KIF4B	4	7.8734e-01	9.5369e-01	1.000000	0
SV2A	4	7.8735e-01	9.5369e-01	1.000000	0
KLKB1	4	7.8737e-01	9.5369e-01	1.000000	0
CPA6	4	7.8740e-01	9.5369e-01	1.000000	0
RAE1	3	7.8745e-01	9.6584e-01	1.000000	0
HLA-F	4	7.8751e-01	9.5369e-01	1.000000	0
GABRG1	4	7.8760e-01	9.5409e-01	1.000000	0
GPR155	4	7.8774e-01	9.5409e-01	1.000000	0
ANKRD2	4	7.8776e-01	9.5409e-01	1.000000	0
LOC100505549	4	7.8782e-01	9.5409e-01	1.000000	0
PJA1	4	7.8784e-01	9.5409e-01	1.000000	0
FGFBP1	4	7.8785e-01	9.5409e-01	1.000000	0
MED27	4	7.8790e-01	9.5409e-01	1.000000	0
C4orf33	4	7.8795e-01	9.5409e-01	1.000000	0
PAX2	4	7.8807e-01	9.5447e-01	1.000000	0
SRRM1	4	7.8811e-01	9.5447e-01	1.000000	0
TPRG1	4	7.8823e-01	9.5447e-01	1.000000	0
TBC1D2B	4	7.8828e-01	9.5447e-01	1.000000	0
C15orf52	4	7.8836e-01	9.5447e-01	1.000000	0
SLFN12L	4	7.8837e-01	9.5447e-01	1.000000	0
OR6M1	4	7.8844e-01	9.5447e-01	1.000000	0
ACSM2A	4	7.8848e-01	9.5447e-01	1.000000	0
TEPP	4	7.8852e-01	9.5447e-01	1.000000	0
CTNS	4	7.8853e-01	9.5447e-01	1.000000	0
C2orf91	4	7.8861e-01	9.5486e-01	1.000000	0
IRF9	4	7.8863e-01	9.5486e-01	1.000000	0
DOCK10	3	7.8868e-01	9.6680e-01	1.000000	0
PTPN21	4	7.8871e-01	9.5486e-01	1.000000	0
OR8K5	4	7.8874e-01	9.5486e-01	1.000000	0
SENP2	4	7.8876e-01	9.5486e-01	1.000000	0
ABCD1	4	7.8884e-01	9.5486e-01	1.000000	0
SAT2	4	7.8889e-01	9.5486e-01	1.000000	0
ZNF440	4	7.8892e-01	9.5486e-01	1.000000	0
MED21	4	7.8899e-01	9.5486e-01	1.000000	0
KCNK15	4	7.8900e-01	9.5486e-01	1.000000	0
RTTN	4	7.8921e-01	9.5486e-01	1.000000	0
UBE2J1	4	7.8940e-01	9.5486e-01	1.000000	0
HOXD10	4	7.8942e-01	9.5486e-01	1.000000	0
RIOK3	4	7.8950e-01	9.5486e-01	1.000000	0
OR2T27	4	7.8952e-01	9.5486e-01	1.000000	0
WDTC1	4	7.8957e-01	9.5524e-01	1.000000	0
SH3RF1	4	7.8968e-01	9.5524e-01	1.000000	0
UBE2O	4	7.8977e-01	9.5524e-01	1.000000	0
ESYT2	4	7.8994e-01	9.5524e-01	1.000000	0
FAM71F2	4	7.8995e-01	9.5524e-01	1.000000	0
P4HA2	4	7.9000e-01	9.5524e-01	1.000000	0
MGST3	4	7.9003e-01	9.5524e-01	1.000000	0
TIMM10B	4	7.9005e-01	9.5524e-01	1.000000	0
SRP19	4	7.9006e-01	9.5524e-01	1.000000	0
EPYC	4	7.9011e-01	9.5524e-01	1.000000	0
TM4SF20	4	7.9013e-01	9.5524e-01	1.000000	0
SLC25A6	4	7.9019e-01	9.5524e-01	1.000000	0
HOXA1	4	7.9022e-01	9.5524e-01	1.000000	0
PALM2-AKAP2	4	7.9026e-01	9.5524e-01	1.000000	0
TTLL11	4	7.9029e-01	9.5524e-01	1.000000	0
FAM81A	4	7.9032e-01	9.5524e-01	1.000000	0
MSH5	4	7.9043e-01	9.5524e-01	1.000000	0
KLK13	4	7.9050e-01	9.5524e-01	1.000000	0
LOC101060389	4	7.9056e-01	9.5524e-01	1.000000	0
TMEM155	4	7.9069e-01	9.5524e-01	1.000000	0
KCNK3	4	7.9077e-01	9.5524e-01	1.000000	0
CCBL1	4	7.9079e-01	9.5524e-01	1.000000	0
AAMP	4	7.9082e-01	9.5524e-01	1.000000	0
VPS37B	4	7.9087e-01	9.5524e-01	1.000000	0
ISM1	4	7.9106e-01	9.5524e-01	1.000000	0
OSBP2	4	7.9117e-01	9.5524e-01	1.000000	0
SLC38A4	4	7.9120e-01	9.5524e-01	1.000000	0
CYP4F22	4	7.9123e-01	9.5524e-01	1.000000	0
CANX	4	7.9127e-01	9.5524e-01	1.000000	0
PLAUR	4	7.9130e-01	9.5524e-01	1.000000	0
TERF2IP	4	7.9139e-01	9.5524e-01	1.000000	0
MYOC	4	7.9144e-01	9.5524e-01	1.000000	0
KREMEN2	4	7.9149e-01	9.5524e-01	1.000000	0
KIAA0825	4	7.9152e-01	9.5524e-01	1.000000	0
MZT2B	4	7.9154e-01	9.5524e-01	1.000000	0
SUSD5	4	7.9160e-01	9.5524e-01	1.000000	0
TRAPPC5	4	7.9162e-01	9.5524e-01	1.000000	0
SAA1	4	7.9165e-01	9.5524e-01	1.000000	0
KRT74	4	7.9173e-01	9.5524e-01	1.000000	0
ETV6	4	7.9176e-01	9.5524e-01	1.000000	0
PRR20B	4	7.9195e-01	9.5565e-01	1.000000	0
ASB17	4	7.9198e-01	9.5565e-01	1.000000	0
C10orf71	4	7.9206e-01	9.5565e-01	1.000000	0
ZFYVE16	4	7.9208e-01	9.5565e-01	1.000000	0
DYNLL1	4	7.9211e-01	9.5565e-01	1.000000	0
CISD3	4	7.9219e-01	9.5565e-01	1.000000	0
GOLGA3	4	7.9228e-01	9.5565e-01	1.000000	0
ITGB1BP2	4	7.9230e-01	9.5565e-01	1.000000	0
ZNF34	4	7.9233e-01	9.5565e-01	1.000000	0
CCNF	4	7.9237e-01	9.5565e-01	1.000000	0
SLC7A8	4	7.9245e-01	9.5565e-01	1.000000	0
ISCA2	4	7.9248e-01	9.5565e-01	1.000000	0
APRT	4	7.9259e-01	9.5565e-01	1.000000	0
OR2AT4	4	7.9269e-01	9.5565e-01	1.000000	0
BZRAP1	4	7.9273e-01	9.5565e-01	1.000000	0
NUCB1	4	7.9276e-01	9.5565e-01	1.000000	0
PSEN1	4	7.9278e-01	9.5565e-01	1.000000	0
REXO4	4	7.9280e-01	9.5565e-01	1.000000	0
ART1	4	7.9281e-01	9.5565e-01	1.000000	0
SMPDL3B	4	7.9283e-01	9.5565e-01	1.000000	0
IGFALS	4	7.9284e-01	9.5565e-01	1.000000	0
SLC15A4	4	7.9292e-01	9.5565e-01	1.000000	0
LIN28A	4	7.9302e-01	9.5565e-01	1.000000	0
PPP1R18	4	7.9305e-01	9.5604e-01	1.000000	0
TSEN54	4	7.9315e-01	9.5604e-01	1.000000	0
CNTN1	4	7.9329e-01	9.5604e-01	1.000000	0
DDX1	4	7.9338e-01	9.5604e-01	1.000000	0
ARID3B	4	7.9345e-01	9.5604e-01	1.000000	0
CACNA1S	4	7.9346e-01	9.5604e-01	1.000000	0
MAP3K10	4	7.9356e-01	9.5604e-01	1.000000	0
SSR1	4	7.9362e-01	9.5604e-01	1.000000	0
IL12RB1	4	7.9369e-01	9.5604e-01	1.000000	0
TRO	4	7.9376e-01	9.5604e-01	1.000000	0
KRTAP4-5	4	7.9380e-01	9.5604e-01	1.000000	0
ABCA10	4	7.9380e-01	9.5604e-01	1.000000	0
SPG7	4	7.9380e-01	9.5604e-01	1.000000	0
SLC12A7	4	7.9388e-01	9.5641e-01	1.000000	0
ARID2	4	7.9396e-01	9.5641e-01	1.000000	0
SPATA17	4	7.9399e-01	9.5641e-01	1.000000	0
ANKRD32	4	7.9405e-01	9.5678e-01	1.000000	0
RNF40	4	7.9410e-01	9.5678e-01	1.000000	0
NRN1	4	7.9411e-01	9.5678e-01	1.000000	0
RAB1A	4	7.9413e-01	9.5678e-01	1.000000	0
MB	4	7.9418e-01	9.5678e-01	1.000000	0
DYX1C1	4	7.9419e-01	9.5678e-01	1.000000	0
HNF1A	4	7.9438e-01	9.5715e-01	1.000000	0
IL22RA2	4	7.9440e-01	9.5715e-01	1.000000	0
IGFL1	4	7.9451e-01	9.5715e-01	1.000000	0
SERPINA12	4	7.9454e-01	9.5752e-01	1.000000	0
RND3	4	7.9459e-01	9.5752e-01	1.000000	0
CNTNAP5	4	7.9460e-01	9.5752e-01	1.000000	0
KRT25	4	7.9471e-01	9.5752e-01	1.000000	0
ZNF423	4	7.9475e-01	9.5752e-01	1.000000	0
TMEM176A	4	7.9487e-01	9.5752e-01	1.000000	0
SH3BGRL	4	7.9489e-01	9.5752e-01	1.000000	0
RAB7B	4	7.9490e-01	9.5752e-01	1.000000	0
KRTAP5-1	4	7.9494e-01	9.5752e-01	1.000000	0
SRMS	4	7.9497e-01	9.5752e-01	1.000000	0
DEGS1	4	7.9503e-01	9.5752e-01	1.000000	0
GLRA1	4	7.9508e-01	9.5752e-01	1.000000	0
LYSMD1	4	7.9511e-01	9.5752e-01	1.000000	0
E2F4	4	7.9516e-01	9.5752e-01	1.000000	0
SLC22A10	4	7.9517e-01	9.5752e-01	1.000000	0
C1orf50	4	7.9520e-01	9.5752e-01	1.000000	0
ZNF467	4	7.9525e-01	9.5752e-01	1.000000	0
ZBTB12	4	7.9528e-01	9.5752e-01	1.000000	0
ZIC5	4	7.9535e-01	9.5752e-01	1.000000	0
KRTAP10-2	4	7.9541e-01	9.5752e-01	1.000000	0
VGLL2	4	7.9546e-01	9.5752e-01	1.000000	0
SIGLEC12	4	7.9550e-01	9.5752e-01	1.000000	0
FBRSL1	4	7.9558e-01	9.5752e-01	1.000000	0
SLC5A9	4	7.9563e-01	9.5752e-01	1.000000	0
POSTN	4	7.9564e-01	9.5752e-01	1.000000	0
UGGT2	4	7.9566e-01	9.5752e-01	1.000000	0
DUSP14	4	7.9569e-01	9.5752e-01	1.000000	0
OR9A4	4	7.9574e-01	9.5752e-01	1.000000	0
FXYD3	4	7.9579e-01	9.5752e-01	1.000000	0
ZNF117	4	7.9588e-01	9.5752e-01	1.000000	0
MGC57346-CRHR1	4	7.9591e-01	9.5752e-01	1.000000	0
FGD3	4	7.9593e-01	9.5752e-01	1.000000	0
TCEAL8	4	7.9614e-01	9.5752e-01	1.000000	0
MAPKAPK5	4	7.9616e-01	9.5752e-01	1.000000	0
ATP6V1G1	4	7.9619e-01	9.5752e-01	1.000000	0
CHST11	4	7.9629e-01	9.5792e-01	1.000000	0
ATP10A	4	7.9630e-01	9.5792e-01	1.000000	0
G3BP2	4	7.9634e-01	9.5792e-01	1.000000	0
SLC30A4	4	7.9637e-01	9.5792e-01	1.000000	0
KCNJ13	4	7.9638e-01	9.5792e-01	1.000000	0
STARD4	4	7.9641e-01	9.5792e-01	1.000000	0
SLC20A1	4	7.9652e-01	9.5792e-01	1.000000	0
ACOT4	4	7.9657e-01	9.5792e-01	1.000000	0
PADI4	4	7.9660e-01	9.5828e-01	1.000000	0
NPAS2	4	7.9673e-01	9.5828e-01	1.000000	0
C6orf203	4	7.9688e-01	9.5828e-01	1.000000	0
LIPI	3	7.9697e-01	9.7211e-01	1.000000	0
KIAA1841	4	7.9701e-01	9.5902e-01	1.000000	0
GADD45G	4	7.9704e-01	9.5902e-01	1.000000	0
PCDHGB3	4	7.9710e-01	9.5902e-01	1.000000	0
GNG2	4	7.9712e-01	9.5902e-01	1.000000	0
IL18BP	4	7.9720e-01	9.5902e-01	1.000000	0
SERPINA9	4	7.9723e-01	9.5902e-01	1.000000	0
ERICH2	4	7.9737e-01	9.5902e-01	1.000000	0
DNM3	4	7.9740e-01	9.5902e-01	1.000000	0
GLUL	4	7.9745e-01	9.5902e-01	1.000000	0
GJA9	4	7.9751e-01	9.5902e-01	1.000000	0
SLAMF9	4	7.9754e-01	9.5902e-01	1.000000	0
PTMA	4	7.9764e-01	9.5902e-01	1.000000	0
MYCBP	4	7.9765e-01	9.5902e-01	1.000000	0
GPR108	4	7.9770e-01	9.5902e-01	1.000000	0
BCAT2	4	7.9771e-01	9.5902e-01	1.000000	0
HCRTR2	4	7.9785e-01	9.5935e-01	1.000000	0
AMY1A	4	7.9789e-01	9.5935e-01	1.000000	0
CDH23	4	7.9790e-01	9.5935e-01	1.000000	0
LAT2	4	7.9798e-01	9.5935e-01	1.000000	0
VWA5B2	4	7.9806e-01	9.5935e-01	1.000000	0
ERCC6-PGBD3	4	7.9807e-01	9.5935e-01	1.000000	0
RASSF8	4	7.9814e-01	9.5935e-01	1.000000	0
GIMAP2	4	7.9821e-01	9.5935e-01	1.000000	0
TRIM62	4	7.9831e-01	9.5935e-01	1.000000	0
PSG11	4	7.9832e-01	9.5935e-01	1.000000	0
C9orf139	4	7.9851e-01	9.5935e-01	1.000000	0
SLC11A1	4	7.9852e-01	9.5935e-01	1.000000	0
OR5C1	4	7.9856e-01	9.5935e-01	1.000000	0
TMPRSS9	4	7.9862e-01	9.5935e-01	1.000000	0
NFYB	4	7.9871e-01	9.5935e-01	1.000000	0
REEP5	4	7.9879e-01	9.5935e-01	1.000000	0
KRTAP9-2	4	7.9881e-01	9.5935e-01	1.000000	0
KRTAP15-1	4	7.9885e-01	9.5935e-01	1.000000	0
SLC10A6	4	7.9908e-01	9.6010e-01	1.000000	0
TKT	4	7.9915e-01	9.6010e-01	1.000000	0
OR4D6	4	7.9922e-01	9.6010e-01	1.000000	0
RLBP1	4	7.9932e-01	9.6045e-01	1.000000	0
ACP2	4	7.9944e-01	9.6045e-01	1.000000	0
CD79B	4	7.9954e-01	9.6045e-01	1.000000	0
NCOA6	4	7.9955e-01	9.6045e-01	1.000000	0
TRMT1L	4	7.9958e-01	9.6045e-01	1.000000	0
TMUB2	4	7.9963e-01	9.6045e-01	1.000000	0
PRKAB2	4	7.9964e-01	9.6045e-01	1.000000	0
C8orf59	4	7.9971e-01	9.6080e-01	1.000000	0
TNNI3	4	7.9971e-01	9.6080e-01	1.000000	0
CD19	4	7.9975e-01	9.6080e-01	1.000000	0
EID1	4	7.9980e-01	9.6080e-01	1.000000	0
ARSD	4	7.9981e-01	9.6080e-01	1.000000	0
CEP63	4	7.9984e-01	9.6080e-01	1.000000	0
IFNAR1	4	7.9984e-01	9.6080e-01	1.000000	0
BIVM-ERCC5	4	7.9988e-01	9.6080e-01	1.000000	0
FBXO38	4	7.9992e-01	9.6080e-01	1.000000	0
ATP6V0E1	4	7.9998e-01	9.6080e-01	1.000000	0
ZNF202	4	8.0003e-01	9.6080e-01	1.000000	0
KCNH5	4	8.0005e-01	9.6080e-01	1.000000	0
NR0B2	4	8.0014e-01	9.6080e-01	1.000000	0
WRN	4	8.0033e-01	9.6080e-01	1.000000	0
MMP14	4	8.0034e-01	9.6080e-01	1.000000	0
NTRK3	4	8.0042e-01	9.6080e-01	1.000000	0
MDP1	4	8.0046e-01	9.6080e-01	1.000000	0
KRT6C	4	8.0051e-01	9.6080e-01	1.000000	0
IFNA8	4	8.0056e-01	9.6080e-01	1.000000	0
CDK5	4	8.0062e-01	9.6115e-01	1.000000	0
GPIHBP1	4	8.0074e-01	9.6115e-01	1.000000	0
CHMP1A	4	8.0076e-01	9.6115e-01	1.000000	0
NFE2L3	4	8.0085e-01	9.6115e-01	1.000000	0
BEST4	4	8.0088e-01	9.6115e-01	1.000000	0
HOXC6	4	8.0091e-01	9.6115e-01	1.000000	0
C15orf59	4	8.0093e-01	9.6115e-01	1.000000	0
NAV3	4	8.0094e-01	9.6115e-01	1.000000	0
ADPRHL2	4	8.0099e-01	9.6115e-01	1.000000	0
FOCAD	4	8.0102e-01	9.6115e-01	1.000000	0
ANKRD62	4	8.0107e-01	9.6115e-01	1.000000	0
KIAA1324	4	8.0110e-01	9.6115e-01	1.000000	0
KDELR3	4	8.0113e-01	9.6115e-01	1.000000	0
PMM2	4	8.0114e-01	9.6115e-01	1.000000	0
SCML2	4	8.0119e-01	9.6115e-01	1.000000	0
ZNF516	4	8.0124e-01	9.6115e-01	1.000000	0
ESRP1	4	8.0130e-01	9.6115e-01	1.000000	0
SLC30A10	4	8.0134e-01	9.6115e-01	1.000000	0
MRPS18C	4	8.0139e-01	9.6149e-01	1.000000	0
IFITM5	4	8.0142e-01	9.6149e-01	1.000000	0
C21orf58	4	8.0144e-01	9.6149e-01	1.000000	0
NDN	4	8.0150e-01	9.6149e-01	1.000000	0
PRLH	4	8.0158e-01	9.6149e-01	1.000000	0
BAZ1A	4	8.0167e-01	9.6149e-01	1.000000	0
CACNA1E	4	8.0178e-01	9.6149e-01	1.000000	0
GALNT1	4	8.0184e-01	9.6149e-01	1.000000	0
DNHD1	4	8.0201e-01	9.6149e-01	1.000000	0
IDH2	4	8.0204e-01	9.6149e-01	1.000000	0
INSC	4	8.0211e-01	9.6149e-01	1.000000	0
TPP1	4	8.0213e-01	9.6149e-01	1.000000	0
CSAD	4	8.0224e-01	9.6149e-01	1.000000	0
AP1S1	4	8.0231e-01	9.6149e-01	1.000000	0
PTGER4	4	8.0244e-01	9.6149e-01	1.000000	0
PURB	4	8.0256e-01	9.6149e-01	1.000000	0
FAM90A1	4	8.0267e-01	9.6185e-01	1.000000	0
SMARCAD1	4	8.0270e-01	9.6185e-01	1.000000	0
PLEKHH1	4	8.0273e-01	9.6185e-01	1.000000	0
SPTBN1	4	8.0280e-01	9.6185e-01	1.000000	0
DSCAML1	4	8.0287e-01	9.6185e-01	1.000000	0
HSFX1	4	8.0288e-01	9.6185e-01	1.000000	0
TMED9	4	8.0295e-01	9.6185e-01	1.000000	0
THOC3	4	8.0299e-01	9.6185e-01	1.000000	0
ZBTB25	4	8.0300e-01	9.6185e-01	1.000000	0
KNG1	4	8.0316e-01	9.6185e-01	1.000000	0
CBWD6	4	8.0317e-01	9.6185e-01	1.000000	0
HMGA1	4	8.0321e-01	9.6185e-01	1.000000	0
ZNF649	4	8.0323e-01	9.6185e-01	1.000000	0
KHSRP	4	8.0326e-01	9.6185e-01	1.000000	0
APPL2	4	8.0351e-01	9.6185e-01	1.000000	0
TM2D2	4	8.0355e-01	9.6185e-01	1.000000	0
CHFR	4	8.0360e-01	9.6185e-01	1.000000	0
KRTAP5-5	3	8.0361e-01	9.7603e-01	1.000000	0
CERS6	4	8.0365e-01	9.6219e-01	1.000000	0
SLC25A19	4	8.0366e-01	9.6219e-01	1.000000	0
CYP2C9	4	8.0377e-01	9.6219e-01	1.000000	0
PITPNM3	4	8.0380e-01	9.6219e-01	1.000000	0
RAB43	4	8.0386e-01	9.6219e-01	1.000000	0
PCDHGA2	4	8.0397e-01	9.6219e-01	1.000000	0
TRIP6	4	8.0400e-01	9.6219e-01	1.000000	0
WTIP	4	8.0407e-01	9.6219e-01	1.000000	0
C15orf56	4	8.0409e-01	9.6219e-01	1.000000	0
ACBD3	4	8.0415e-01	9.6219e-01	1.000000	0
BCHE	4	8.0421e-01	9.6219e-01	1.000000	0
WASF3	4	8.0424e-01	9.6219e-01	1.000000	0
SCAF11	4	8.0426e-01	9.6219e-01	1.000000	0
ARHGEF40	4	8.0427e-01	9.6219e-01	1.000000	0
ZNF729	4	8.0435e-01	9.6219e-01	1.000000	0
C1orf189	4	8.0436e-01	9.6219e-01	1.000000	0
SLPI	4	8.0447e-01	9.6219e-01	1.000000	0
CC2D1A	4	8.0451e-01	9.6219e-01	1.000000	0
TTLL2	4	8.0456e-01	9.6219e-01	1.000000	0
IL1R1	4	8.0461e-01	9.6219e-01	1.000000	0
MMP23B	4	8.0462e-01	9.6219e-01	1.000000	0
CFAP74	4	8.0497e-01	9.6219e-01	1.000000	0
NANOS1	4	8.0499e-01	9.6219e-01	1.000000	0
KRTAP10-5	4	8.0500e-01	9.6219e-01	1.000000	0
TRIM41	4	8.0502e-01	9.6219e-01	1.000000	0
GIGYF2	4	8.0503e-01	9.6219e-01	1.000000	0
EPHA5	4	8.0512e-01	9.6219e-01	1.000000	0
NDUFA2	4	8.0514e-01	9.6219e-01	1.000000	0
TMEM121	4	8.0543e-01	9.6254e-01	1.000000	0
TTC16	4	8.0547e-01	9.6254e-01	1.000000	0
FAM129C	4	8.0549e-01	9.6254e-01	1.000000	0
MEP1A	4	8.0550e-01	9.6254e-01	1.000000	0
GFRA3	4	8.0553e-01	9.6254e-01	1.000000	0
PRELID2	4	8.0555e-01	9.6254e-01	1.000000	0
DTWD2	4	8.0559e-01	9.6254e-01	1.000000	0
HMHB1	4	8.0565e-01	9.6254e-01	1.000000	0
NME6	4	8.0575e-01	9.6318e-01	1.000000	0
CHST10	4	8.0578e-01	9.6318e-01	1.000000	0
SLC35D3	4	8.0588e-01	9.6318e-01	1.000000	0
NR2E1	4	8.0596e-01	9.6318e-01	1.000000	0
USP29	4	8.0602e-01	9.6318e-01	1.000000	0
RAP1GAP	4	8.0606e-01	9.6318e-01	1.000000	0
HIST2H2AB	4	8.0629e-01	9.6318e-01	1.000000	0
RYR3	4	8.0632e-01	9.6318e-01	1.000000	0
ZNF319	4	8.0646e-01	9.6318e-01	1.000000	0
ZNF653	4	8.0649e-01	9.6318e-01	1.000000	0
DNAJC30	4	8.0668e-01	9.6318e-01	1.000000	0
ICA1	3	8.0673e-01	9.7728e-01	1.000000	0
TUBGCP5	4	8.0677e-01	9.6318e-01	1.000000	0
TMEM233	4	8.0679e-01	9.6318e-01	1.000000	0
ANKHD1	4	8.0686e-01	9.6318e-01	1.000000	0
RAB31	4	8.0691e-01	9.6318e-01	1.000000	0
MYOF	4	8.0698e-01	9.6318e-01	1.000000	0
TRMT61A	4	8.0703e-01	9.6318e-01	1.000000	0
RPL32	4	8.0730e-01	9.6352e-01	1.000000	0
CDC14A	4	8.0739e-01	9.6352e-01	1.000000	0
ZNF609	4	8.0751e-01	9.6352e-01	1.000000	0
CHAC2	4	8.0753e-01	9.6352e-01	1.000000	0
MAGEA3	4	8.0754e-01	9.6352e-01	1.000000	0
PDE6B	4	8.0762e-01	9.6352e-01	1.000000	0
COA4	4	8.0765e-01	9.6352e-01	1.000000	0
GRM4	4	8.0768e-01	9.6352e-01	1.000000	0
SH3RF3	4	8.0769e-01	9.6352e-01	1.000000	0
PEX6	4	8.0780e-01	9.6352e-01	1.000000	0
WRAP73	4	8.0783e-01	9.6352e-01	1.000000	0
TMEM151B	4	8.0796e-01	9.6352e-01	1.000000	0
ACTL7A	4	8.0798e-01	9.6352e-01	1.000000	0
DIDO1	4	8.0801e-01	9.6352e-01	1.000000	0
FLOT1	4	8.0802e-01	9.6352e-01	1.000000	0
STAG1	4	8.0807e-01	9.6352e-01	1.000000	0
ZNF347	4	8.0810e-01	9.6352e-01	1.000000	0
SMPX	4	8.0820e-01	9.6352e-01	1.000000	0
CAMKMT	4	8.0822e-01	9.6352e-01	1.000000	0
CDK6	4	8.0832e-01	9.6352e-01	1.000000	0
OCLN	4	8.0843e-01	9.6352e-01	1.000000	0
RYR1	4	8.0853e-01	9.6352e-01	1.000000	0
NCLN	4	8.0859e-01	9.6352e-01	1.000000	0
PCDHA9	4	8.0867e-01	9.6352e-01	1.000000	0
OBP2A	4	8.0870e-01	9.6352e-01	1.000000	0
TTC36	4	8.0883e-01	9.6352e-01	1.000000	0
GLIS1	4	8.0886e-01	9.6352e-01	1.000000	0
CKMT1A	4	8.0892e-01	9.6384e-01	1.000000	0
FBN1	4	8.0900e-01	9.6419e-01	1.000000	0
ALCAM	4	8.0907e-01	9.6419e-01	1.000000	0
RBM15	4	8.0912e-01	9.6419e-01	1.000000	0
OTUD7B	4	8.0930e-01	9.6482e-01	1.000000	0
HES5	4	8.0936e-01	9.6482e-01	1.000000	0
SCN8A	4	8.0937e-01	9.6482e-01	1.000000	0
TMEM123	4	8.0945e-01	9.6516e-01	1.000000	0
PTK2	4	8.0948e-01	9.6516e-01	1.000000	0
TSEN15	4	8.0951e-01	9.6516e-01	1.000000	0
TADA2A	4	8.0952e-01	9.6516e-01	1.000000	0
CMPK2	4	8.0953e-01	9.6516e-01	1.000000	0
YIF1A	4	8.0958e-01	9.6516e-01	1.000000	0
PLK5	4	8.0964e-01	9.6516e-01	1.000000	0
MFSD9	4	8.0965e-01	9.6516e-01	1.000000	0
NXPH2	4	8.0975e-01	9.6516e-01	1.000000	0
UGT2A1	4	8.0983e-01	9.6516e-01	1.000000	0
ARPIN	4	8.0986e-01	9.6516e-01	1.000000	0
RGPD5	4	8.0988e-01	9.6516e-01	1.000000	0
CSF3	4	8.0995e-01	9.6516e-01	1.000000	0
TMCO6	4	8.1001e-01	9.6516e-01	1.000000	0
WIPF3	4	8.1006e-01	9.6516e-01	1.000000	0
CFAP70	4	8.1010e-01	9.6516e-01	1.000000	0
GLTP	4	8.1031e-01	9.6516e-01	1.000000	0
BRIP1	4	8.1037e-01	9.6516e-01	1.000000	0
APOC3	4	8.1053e-01	9.6549e-01	1.000000	0
NUDT4	4	8.1088e-01	9.6549e-01	1.000000	0
TAB3	4	8.1092e-01	9.6549e-01	1.000000	0
SLC5A8	4	8.1097e-01	9.6549e-01	1.000000	0
HDHD1	4	8.1105e-01	9.6549e-01	1.000000	0
KIFC1	4	8.1111e-01	9.6549e-01	1.000000	0
NDUFS6	4	8.1114e-01	9.6549e-01	1.000000	0
KCNK17	4	8.1119e-01	9.6582e-01	1.000000	0
CXCL17	4	8.1129e-01	9.6582e-01	1.000000	0
TNFRSF12A	4	8.1135e-01	9.6582e-01	1.000000	0
GALT	4	8.1154e-01	9.6582e-01	1.000000	0
PXDN	4	8.1165e-01	9.6582e-01	1.000000	0
KCNA3	4	8.1171e-01	9.6582e-01	1.000000	0
GPR52	4	8.1181e-01	9.6582e-01	1.000000	0
CYP2C8	4	8.1182e-01	9.6582e-01	1.000000	0
KIAA0101	4	8.1185e-01	9.6582e-01	1.000000	0
C12orf4	4	8.1199e-01	9.6582e-01	1.000000	0
CDRT15L2	4	8.1218e-01	9.6582e-01	1.000000	0
CLEC9A	4	8.1222e-01	9.6582e-01	1.000000	0
ZNF214	4	8.1227e-01	9.6582e-01	1.000000	0
TRIM49D2	4	8.1233e-01	9.6582e-01	1.000000	0
STK32C	4	8.1241e-01	9.6582e-01	1.000000	0
LACRT	4	8.1249e-01	9.6582e-01	1.000000	0
OR6C75	4	8.1255e-01	9.6582e-01	1.000000	0
AAK1	4	8.1259e-01	9.6582e-01	1.000000	0
VAMP3	4	8.1267e-01	9.6582e-01	1.000000	0
NHLRC4	4	8.1271e-01	9.6582e-01	1.000000	0
CHRNA5	4	8.1275e-01	9.6582e-01	1.000000	0
PIGF	4	8.1278e-01	9.6582e-01	1.000000	0
USP17L8	4	8.1284e-01	9.6614e-01	1.000000	0
UGT2B10	4	8.1289e-01	9.6614e-01	1.000000	0
TRIM16L	4	8.1303e-01	9.6614e-01	1.000000	0
AKAP8L	4	8.1314e-01	9.6614e-01	1.000000	0
C12orf73	4	8.1324e-01	9.6614e-01	1.000000	0
SAAL1	4	8.1325e-01	9.6614e-01	1.000000	0
RSPH4A	4	8.1328e-01	9.6614e-01	1.000000	0
VPS28	4	8.1330e-01	9.6614e-01	1.000000	0
PRPF6	4	8.1336e-01	9.6614e-01	1.000000	0
ISCA1	4	8.1345e-01	9.6614e-01	1.000000	0
ZNF841	4	8.1349e-01	9.6614e-01	1.000000	0
FIGNL2	4	8.1350e-01	9.6614e-01	1.000000	0
LIX1L	4	8.1358e-01	9.6614e-01	1.000000	0
MRPL17	4	8.1359e-01	9.6614e-01	1.000000	0
C11orf98	4	8.1364e-01	9.6614e-01	1.000000	0
GRIN1	4	8.1364e-01	9.6614e-01	1.000000	0
LAMTOR1	4	8.1368e-01	9.6614e-01	1.000000	0
PSPH	4	8.1370e-01	9.6614e-01	1.000000	0
ANKIB1	4	8.1372e-01	9.6614e-01	1.000000	0
TSPAN11	4	8.1377e-01	9.6614e-01	1.000000	0
WDR20	4	8.1380e-01	9.6614e-01	1.000000	0
PRKCD	4	8.1399e-01	9.6614e-01	1.000000	0
NUCB2	4	8.1408e-01	9.6614e-01	1.000000	0
IFIT5	4	8.1422e-01	9.6614e-01	1.000000	0
NPNT	4	8.1427e-01	9.6614e-01	1.000000	0
C11orf16	4	8.1428e-01	9.6614e-01	1.000000	0
CYP4X1	4	8.1433e-01	9.6614e-01	1.000000	0
ACSM3	4	8.1437e-01	9.6646e-01	1.000000	0
OR12D2	4	8.1440e-01	9.6646e-01	1.000000	0
ZNF496	4	8.1443e-01	9.6646e-01	1.000000	0
NQO2	4	8.1444e-01	9.6646e-01	1.000000	0
SLC5A3	4	8.1447e-01	9.6646e-01	1.000000	0
ARHGAP29	4	8.1452e-01	9.6646e-01	1.000000	0
ADAMTS4	4	8.1458e-01	9.6646e-01	1.000000	0
MYBBP1A	4	8.1459e-01	9.6646e-01	1.000000	0
RAI1	4	8.1468e-01	9.6646e-01	1.000000	0
GSTCD	4	8.1478e-01	9.6646e-01	1.000000	0
MPI	4	8.1488e-01	9.6646e-01	1.000000	0
TEX40	4	8.1490e-01	9.6646e-01	1.000000	0
SPNS1	4	8.1493e-01	9.6646e-01	1.000000	0
ARSK	4	8.1494e-01	9.6646e-01	1.000000	0
FICD	4	8.1512e-01	9.6646e-01	1.000000	0
BLOC1S3	4	8.1515e-01	9.6646e-01	1.000000	0
CROT	4	8.1523e-01	9.6646e-01	1.000000	0
HNRNPA0	4	8.1548e-01	9.6646e-01	1.000000	0
TMEM52B	4	8.1560e-01	9.6676e-01	1.000000	0
SV2B	4	8.1567e-01	9.6676e-01	1.000000	0
GHRH	4	8.1568e-01	9.6676e-01	1.000000	0
GPR156	4	8.1570e-01	9.6676e-01	1.000000	0
REPIN1	4	8.1576e-01	9.6676e-01	1.000000	0
APC	4	8.1589e-01	9.6676e-01	1.000000	0
ERCC6	4	8.1593e-01	9.6676e-01	1.000000	0
TRABD2B	4	8.1595e-01	9.6676e-01	1.000000	0
ORM1	4	8.1608e-01	9.6676e-01	1.000000	0
HCN2	4	8.1614e-01	9.6676e-01	1.000000	0
XKR9	4	8.1616e-01	9.6676e-01	1.000000	0
AEBP1	4	8.1619e-01	9.6676e-01	1.000000	0
QSOX1	4	8.1627e-01	9.6676e-01	1.000000	0
PEX10	4	8.1630e-01	9.6676e-01	1.000000	0
DPP3	4	8.1631e-01	9.6676e-01	1.000000	0
ASF1B	4	8.1643e-01	9.6676e-01	1.000000	0
ERBB4	4	8.1644e-01	9.6676e-01	1.000000	0
MTO1	4	8.1653e-01	9.6706e-01	1.000000	0
SCP2	4	8.1654e-01	9.6706e-01	1.000000	0
UBL7	4	8.1660e-01	9.6706e-01	1.000000	0
GRIK1	4	8.1662e-01	9.6706e-01	1.000000	0
ADAMTS19	4	8.1664e-01	9.6706e-01	1.000000	0
SMC5	4	8.1670e-01	9.6706e-01	1.000000	0
CYP2F1	4	8.1680e-01	9.6706e-01	1.000000	0
WDFY1	4	8.1685e-01	9.6706e-01	1.000000	0
RPL26L1	4	8.1695e-01	9.6706e-01	1.000000	0
RNF182	4	8.1698e-01	9.6706e-01	1.000000	0
DCAF6	4	8.1699e-01	9.6706e-01	1.000000	0
USP20	4	8.1705e-01	9.6706e-01	1.000000	0
ISG20	4	8.1718e-01	9.6769e-01	1.000000	0
PIGX	4	8.1725e-01	9.6769e-01	1.000000	0
FAM114A2	4	8.1728e-01	9.6769e-01	1.000000	0
UBALD2	4	8.1734e-01	9.6769e-01	1.000000	0
SCGB1C1	4	8.1738e-01	9.6769e-01	1.000000	0
ZC3H14	4	8.1740e-01	9.6769e-01	1.000000	0
ZNF701	4	8.1747e-01	9.6801e-01	1.000000	0
UPF3B	4	8.1753e-01	9.6801e-01	1.000000	0
FCGR2B	4	8.1756e-01	9.6801e-01	1.000000	0
MAGEA2B	4	8.1757e-01	9.6801e-01	1.000000	0
C10orf67	4	8.1761e-01	9.6801e-01	1.000000	0
PRR34	4	8.1764e-01	9.6801e-01	1.000000	0
PIK3C3	4	8.1770e-01	9.6801e-01	1.000000	0
IFI16	4	8.1772e-01	9.6801e-01	1.000000	0
CABP1	3	8.1773e-01	9.8089e-01	1.000000	0
ADGRE2	4	8.1777e-01	9.6801e-01	1.000000	0
TGFBR3	4	8.1779e-01	9.6801e-01	1.000000	0
IZUMO1R	4	8.1796e-01	9.6801e-01	1.000000	0
ZKSCAN1	4	8.1806e-01	9.6801e-01	1.000000	0
CSTL1	4	8.1811e-01	9.6830e-01	1.000000	0
ANKRD20A3	4	8.1812e-01	9.6830e-01	1.000000	0
XAGE3	4	8.1813e-01	9.6830e-01	1.000000	0
SYN2	4	8.1818e-01	9.6830e-01	1.000000	0
EAF1	4	8.1839e-01	9.6830e-01	1.000000	0
NUP214	4	8.1841e-01	9.6830e-01	1.000000	0
HCN1	4	8.1854e-01	9.6830e-01	1.000000	0
MBD4	4	8.1861e-01	9.6830e-01	1.000000	0
OXTR	4	8.1864e-01	9.6830e-01	1.000000	0
SHROOM3	4	8.1865e-01	9.6830e-01	1.000000	0
AK1	4	8.1867e-01	9.6830e-01	1.000000	0
CHTOP	4	8.1870e-01	9.6830e-01	1.000000	0
COX18	3	8.1870e-01	9.8110e-01	1.000000	0
MALT1	4	8.1874e-01	9.6830e-01	1.000000	0
TMEM133	3	8.1894e-01	9.8110e-01	1.000000	0
TNFAIP1	4	8.1894e-01	9.6830e-01	1.000000	0
HCST	4	8.1901e-01	9.6830e-01	1.000000	0
ADGRG3	4	8.1913e-01	9.6830e-01	1.000000	0
TOR1AIP1	4	8.1914e-01	9.6830e-01	1.000000	0
HAUS8	4	8.1923e-01	9.6830e-01	1.000000	0
MRPL15	4	8.1927e-01	9.6830e-01	1.000000	0
MEIS3	4	8.1929e-01	9.6830e-01	1.000000	0
LOC100129924	4	8.1930e-01	9.6830e-01	1.000000	0
PALM	4	8.1940e-01	9.6860e-01	1.000000	0
RNF146	4	8.1943e-01	9.6860e-01	1.000000	0
HPN	4	8.1953e-01	9.6860e-01	1.000000	0
TMEM252	4	8.1960e-01	9.6860e-01	1.000000	0
ZMYND19	4	8.1970e-01	9.6860e-01	1.000000	0
RGSL1	4	8.1976e-01	9.6860e-01	1.000000	0
TMPRSS11A	4	8.1977e-01	9.6860e-01	1.000000	0
GMPR2	4	8.1994e-01	9.6860e-01	1.000000	0
MMP13	4	8.2002e-01	9.6860e-01	1.000000	0
RFTN1	4	8.2009e-01	9.6860e-01	1.000000	0
SERBP1	4	8.2024e-01	9.6890e-01	1.000000	0
RWDD2A	4	8.2029e-01	9.6890e-01	1.000000	0
CDC42SE2	4	8.2034e-01	9.6890e-01	1.000000	0
ISLR	4	8.2042e-01	9.6920e-01	1.000000	0
PRPS1L1	4	8.2046e-01	9.6920e-01	1.000000	0
NYAP1	4	8.2054e-01	9.6949e-01	1.000000	0
MYH13	4	8.2059e-01	9.6949e-01	1.000000	0
TOX2	4	8.2062e-01	9.6949e-01	1.000000	0
CYBA	4	8.2063e-01	9.6949e-01	1.000000	0
GAS2L3	4	8.2064e-01	9.6949e-01	1.000000	0
ARRB1	4	8.2074e-01	9.6950e-01	1.000000	0
ALOX12	4	8.2079e-01	9.6950e-01	1.000000	0
MAN1A1	4	8.2086e-01	9.6950e-01	1.000000	0
KBTBD3	4	8.2093e-01	9.6950e-01	1.000000	0
IFRD2	4	8.2110e-01	9.6978e-01	1.000000	0
PRSS54	4	8.2113e-01	9.6978e-01	1.000000	0
COX7A1	4	8.2114e-01	9.6978e-01	1.000000	0
CTXN1	4	8.2123e-01	9.6978e-01	1.000000	0
TLDC1	4	8.2124e-01	9.6978e-01	1.000000	0
GDF5	4	8.2129e-01	9.6978e-01	1.000000	0
CUX2	4	8.2131e-01	9.7007e-01	1.000000	0
SEPTIN11	4	8.2133e-01	9.7007e-01	1.000000	0
IMMP1L	4	8.2150e-01	9.7035e-01	1.000000	0
LOC391003	4	8.2156e-01	9.7035e-01	1.000000	0
XCR1	4	8.2164e-01	9.7035e-01	1.000000	0
PKIA	4	8.2166e-01	9.7035e-01	1.000000	0
MRPL1	4	8.2177e-01	9.7035e-01	1.000000	0
BRINP2	4	8.2178e-01	9.7035e-01	1.000000	0
TICRR	4	8.2183e-01	9.7035e-01	1.000000	0
PEX11G	4	8.2188e-01	9.7064e-01	1.000000	0
RBP3	4	8.2194e-01	9.7064e-01	1.000000	0
LAMA4	4	8.2203e-01	9.7064e-01	1.000000	0
MAFA	4	8.2210e-01	9.7064e-01	1.000000	0
ANKRD20A1	4	8.2214e-01	9.7064e-01	1.000000	0
ZNF485	4	8.2218e-01	9.7064e-01	1.000000	0
ZNF878	4	8.2222e-01	9.7064e-01	1.000000	0
TOP1MT	4	8.2229e-01	9.7064e-01	1.000000	0
CDRT15	4	8.2237e-01	9.7064e-01	1.000000	0
MS4A14	4	8.2245e-01	9.7064e-01	1.000000	0
ZNF814	4	8.2255e-01	9.7064e-01	1.000000	0
SERF1A	4	8.2262e-01	9.7091e-01	1.000000	0
MFSD10	4	8.2270e-01	9.7091e-01	1.000000	0
COX7C	4	8.2280e-01	9.7120e-01	1.000000	0
GRIN2C	4	8.2287e-01	9.7120e-01	1.000000	0
C10orf91	4	8.2293e-01	9.7120e-01	1.000000	0
MAP7D2	4	8.2295e-01	9.7120e-01	1.000000	0
DNAJB13	4	8.2297e-01	9.7120e-01	1.000000	0
RNPS1	4	8.2300e-01	9.7120e-01	1.000000	0
FBXL4	4	8.2302e-01	9.7120e-01	1.000000	0
ABHD17A	4	8.2309e-01	9.7120e-01	1.000000	0
KDF1	4	8.2310e-01	9.7120e-01	1.000000	0
TENM2	4	8.2321e-01	9.7120e-01	1.000000	0
PABPC4	4	8.2323e-01	9.7120e-01	1.000000	0
ROR1	4	8.2327e-01	9.7120e-01	1.000000	0
UGT2B17	4	8.2328e-01	9.7120e-01	1.000000	0
FZD10	4	8.2333e-01	9.7121e-01	1.000000	0
CMA1	4	8.2337e-01	9.7121e-01	1.000000	0
PROCA1	4	8.2347e-01	9.7121e-01	1.000000	0
CSF2RB	4	8.2350e-01	9.7121e-01	1.000000	0
GSX1	4	8.2367e-01	9.7121e-01	1.000000	0
HIST2H2BE	4	8.2376e-01	9.7121e-01	1.000000	0
IFT46	4	8.2381e-01	9.7147e-01	1.000000	0
INSIG2	4	8.2382e-01	9.7147e-01	1.000000	0
REEP3	4	8.2385e-01	9.7147e-01	1.000000	0
FAM162B	4	8.2388e-01	9.7147e-01	1.000000	0
FLT1	4	8.2389e-01	9.7147e-01	1.000000	0
TMEM167A	4	8.2392e-01	9.7147e-01	1.000000	0
TAS2R39	4	8.2398e-01	9.7147e-01	1.000000	0
VENTX	4	8.2402e-01	9.7147e-01	1.000000	0
ABCA7	4	8.2406e-01	9.7147e-01	1.000000	0
OR52J3	4	8.2409e-01	9.7147e-01	1.000000	0
PITPNM1	4	8.2412e-01	9.7147e-01	1.000000	0
ST14	4	8.2419e-01	9.7147e-01	1.000000	0
CHPT1	4	8.2421e-01	9.7147e-01	1.000000	0
CADM3	4	8.2426e-01	9.7147e-01	1.000000	0
H2AFY	4	8.2428e-01	9.7147e-01	1.000000	0
CEP170B	4	8.2437e-01	9.7147e-01	1.000000	0
POU4F1	4	8.2440e-01	9.7175e-01	1.000000	0
SNX16	4	8.2454e-01	9.7175e-01	1.000000	0
LCE6A	4	8.2455e-01	9.7175e-01	1.000000	0
ATF6	4	8.2458e-01	9.7175e-01	1.000000	0
KCNJ9	4	8.2461e-01	9.7175e-01	1.000000	0
GOLGB1	4	8.2465e-01	9.7175e-01	1.000000	0
METTL12	4	8.2471e-01	9.7175e-01	1.000000	0
CPNE9	4	8.2472e-01	9.7175e-01	1.000000	0
LIN37	4	8.2482e-01	9.7176e-01	1.000000	0
ZAP70	4	8.2487e-01	9.7176e-01	1.000000	0
DPPA5	4	8.2494e-01	9.7176e-01	1.000000	0
AP3D1	4	8.2497e-01	9.7176e-01	1.000000	0
CEP70	4	8.2511e-01	9.7176e-01	1.000000	0
EIF5A2	4	8.2525e-01	9.7202e-01	1.000000	0
SLC45A4	4	8.2527e-01	9.7202e-01	1.000000	0
DPPA3	4	8.2530e-01	9.7203e-01	1.000000	0
PAX9	4	8.2530e-01	9.7203e-01	1.000000	0
PTS	4	8.2536e-01	9.7230e-01	1.000000	0
HSF4	4	8.2543e-01	9.7230e-01	1.000000	0
DYNC2LI1	4	8.2545e-01	9.7230e-01	1.000000	0
SLC5A11	4	8.2549e-01	9.7258e-01	1.000000	0
OR1L8	4	8.2550e-01	9.7258e-01	1.000000	0
MAFB	4	8.2553e-01	9.7258e-01	1.000000	0
PSORS1C2	4	8.2559e-01	9.7258e-01	1.000000	0
PAGE1	4	8.2560e-01	9.7258e-01	1.000000	0
KTN1	4	8.2564e-01	9.7258e-01	1.000000	0
OR4X1	4	8.2566e-01	9.7258e-01	1.000000	0
CLDN4	4	8.2570e-01	9.7285e-01	1.000000	0
UHMK1	4	8.2574e-01	9.7285e-01	1.000000	0
MOG	4	8.2578e-01	9.7285e-01	1.000000	0
HTR1F	4	8.2584e-01	9.7285e-01	1.000000	0
C4orf22	4	8.2590e-01	9.7285e-01	1.000000	0
URGCP-MRPS24	4	8.2595e-01	9.7285e-01	1.000000	0
CBR1	4	8.2601e-01	9.7285e-01	1.000000	0
CXorf49	4	8.2603e-01	9.7312e-01	1.000000	0
CCNJ	4	8.2613e-01	9.7312e-01	1.000000	0
MRPS26	4	8.2622e-01	9.7312e-01	1.000000	0
FNTA	4	8.2623e-01	9.7312e-01	1.000000	0
KCNAB3	4	8.2624e-01	9.7312e-01	1.000000	0
ERI3	4	8.2629e-01	9.7312e-01	1.000000	0
SNX2	4	8.2636e-01	9.7312e-01	1.000000	0
TMEM55B	4	8.2644e-01	9.7312e-01	1.000000	0
C14orf119	4	8.2645e-01	9.7312e-01	1.000000	0
SIAE	4	8.2649e-01	9.7312e-01	1.000000	0
CRBN	4	8.2651e-01	9.7312e-01	1.000000	0
AKTIP	4	8.2665e-01	9.7312e-01	1.000000	0
CGN	4	8.2669e-01	9.7312e-01	1.000000	0
PDK1	4	8.2670e-01	9.7312e-01	1.000000	0
ARF4	4	8.2673e-01	9.7312e-01	1.000000	0
TUBA3D	4	8.2679e-01	9.7312e-01	1.000000	0
RPL36AL	4	8.2684e-01	9.7312e-01	1.000000	0
C10orf126	4	8.2687e-01	9.7312e-01	1.000000	0
RAB11A	4	8.2688e-01	9.7312e-01	1.000000	0
SUMF2	4	8.2700e-01	9.7312e-01	1.000000	0
RETN	4	8.2704e-01	9.7312e-01	1.000000	0
CKAP4	4	8.2705e-01	9.7312e-01	1.000000	0
SNRNP48	4	8.2713e-01	9.7312e-01	1.000000	0
C4orf29	4	8.2716e-01	9.7312e-01	1.000000	0
SCN10A	4	8.2720e-01	9.7312e-01	1.000000	0
SLC2A5	4	8.2726e-01	9.7312e-01	1.000000	0
C8A	4	8.2727e-01	9.7312e-01	1.000000	0
TANGO2	4	8.2729e-01	9.7312e-01	1.000000	0
NAIP	4	8.2731e-01	9.7312e-01	1.000000	0
TSPO2	4	8.2737e-01	9.7312e-01	1.000000	0
CSGALNACT1	4	8.2741e-01	9.7312e-01	1.000000	0
NFKBID	4	8.2745e-01	9.7312e-01	1.000000	0
ANKRD24	4	8.2749e-01	9.7312e-01	1.000000	0
RAB3GAP2	4	8.2759e-01	9.7312e-01	1.000000	0
UVSSA	4	8.2762e-01	9.7312e-01	1.000000	0
ABCA3	4	8.2765e-01	9.7312e-01	1.000000	0
PCGF5	4	8.2769e-01	9.7312e-01	1.000000	0
ZNF704	4	8.2772e-01	9.7312e-01	1.000000	0
INPP5K	4	8.2776e-01	9.7312e-01	1.000000	0
PTN	4	8.2780e-01	9.7312e-01	1.000000	0
NDUFB10	4	8.2781e-01	9.7312e-01	1.000000	0
TBC1D20	4	8.2785e-01	9.7312e-01	1.000000	0
PLB1	4	8.2791e-01	9.7312e-01	1.000000	0
TMEM50A	4	8.2799e-01	9.7312e-01	1.000000	0
ADARB2	4	8.2803e-01	9.7312e-01	1.000000	0
NGFR	4	8.2812e-01	9.7312e-01	1.000000	0
ACAT2	4	8.2813e-01	9.7312e-01	1.000000	0
DROSHA	4	8.2827e-01	9.7312e-01	1.000000	0
HHLA3	4	8.2830e-01	9.7312e-01	1.000000	0
C1QTNF9B-AS1	4	8.2831e-01	9.7312e-01	1.000000	0
ENAM	4	8.2838e-01	9.7312e-01	1.000000	0
PPAN-P2RY11	4	8.2850e-01	9.7312e-01	1.000000	0
H2AFB2	4	8.2852e-01	9.7312e-01	1.000000	0
ZFPL1	4	8.2857e-01	9.7312e-01	1.000000	0
RMDN1	4	8.2859e-01	9.7312e-01	1.000000	0
GPHB5	4	8.2860e-01	9.7312e-01	1.000000	0
DBN1	4	8.2864e-01	9.7312e-01	1.000000	0
ZNF28	4	8.2868e-01	9.7312e-01	1.000000	0
FKBP8	4	8.2870e-01	9.7312e-01	1.000000	0
APOBEC3B	4	8.2874e-01	9.7312e-01	1.000000	0
SLFNL1	4	8.2877e-01	9.7312e-01	1.000000	0
CHRM2	4	8.2882e-01	9.7340e-01	1.000000	0
KLF16	4	8.2892e-01	9.7368e-01	1.000000	0
TMEM115	4	8.2899e-01	9.7368e-01	1.000000	0
KCNMA1	3	8.2899e-01	9.8390e-01	1.000000	0
HSCB	4	8.2900e-01	9.7368e-01	1.000000	0
HAUS1	4	8.2906e-01	9.7368e-01	1.000000	0
GFI1	4	8.2912e-01	9.7368e-01	1.000000	0
DHRS2	4	8.2919e-01	9.7395e-01	1.000000	0
SMARCC2	4	8.2922e-01	9.7395e-01	1.000000	0
TMEM183B	4	8.2939e-01	9.7395e-01	1.000000	0
EDN3	4	8.2945e-01	9.7395e-01	1.000000	0
NCAPH2	4	8.2948e-01	9.7395e-01	1.000000	0
FABP5	4	8.2951e-01	9.7395e-01	1.000000	0
HRAS	4	8.2955e-01	9.7395e-01	1.000000	0
PLS3	4	8.2962e-01	9.7395e-01	1.000000	0
PCDHGA6	4	8.2965e-01	9.7395e-01	1.000000	0
FAM60A	4	8.2969e-01	9.7395e-01	1.000000	0
CPA1	4	8.2972e-01	9.7395e-01	1.000000	0
ANKRD40	4	8.2973e-01	9.7395e-01	1.000000	0
SIN3A	4	8.2977e-01	9.7395e-01	1.000000	0
RAB6B	4	8.2981e-01	9.7395e-01	1.000000	0
GIMAP6	4	8.2985e-01	9.7395e-01	1.000000	0
KRT76	4	8.2988e-01	9.7395e-01	1.000000	0
AAED1	4	8.2992e-01	9.7395e-01	1.000000	0
ERH	4	8.2993e-01	9.7395e-01	1.000000	0
GLB1	4	8.2996e-01	9.7395e-01	1.000000	0
ARID5B	4	8.2999e-01	9.7395e-01	1.000000	0
MRPS7	4	8.3000e-01	9.7395e-01	1.000000	0
KLHDC8B	4	8.3006e-01	9.7395e-01	1.000000	0
MLANA	4	8.3011e-01	9.7395e-01	1.000000	0
MYBPC1	4	8.3022e-01	9.7395e-01	1.000000	0
EEF2	4	8.3025e-01	9.7395e-01	1.000000	0
CAPNS2	4	8.3037e-01	9.7395e-01	1.000000	0
SEC24D	4	8.3039e-01	9.7395e-01	1.000000	0
DMRT1	4	8.3056e-01	9.7395e-01	1.000000	0
C17orf70	4	8.3060e-01	9.7395e-01	1.000000	0
GNB1L	4	8.3075e-01	9.7395e-01	1.000000	0
MBD3L4	4	8.3075e-01	9.7395e-01	1.000000	0
DPF2	4	8.3082e-01	9.7395e-01	1.000000	0
FHIT	4	8.3087e-01	9.7395e-01	1.000000	0
PRKD2	4	8.3100e-01	9.7421e-01	1.000000	0
CPS1	4	8.3110e-01	9.7421e-01	1.000000	0
PANX1	4	8.3112e-01	9.7421e-01	1.000000	0
DUSP27	4	8.3114e-01	9.7421e-01	1.000000	0
TAF11	4	8.3118e-01	9.7448e-01	1.000000	0
MTIF2	4	8.3123e-01	9.7448e-01	1.000000	0
H1FX	4	8.3153e-01	9.7448e-01	1.000000	0
CEP112	3	8.3161e-01	9.8447e-01	1.000000	0
SCAF8	4	8.3162e-01	9.7448e-01	1.000000	0
TRIB2	4	8.3166e-01	9.7448e-01	1.000000	0
EVA1B	3	8.3169e-01	9.8447e-01	1.000000	0
MAPKAPK2	4	8.3170e-01	9.7448e-01	1.000000	0
MME	4	8.3172e-01	9.7448e-01	1.000000	0
TMEM154	4	8.3181e-01	9.7448e-01	1.000000	0
GABRA3	4	8.3186e-01	9.7448e-01	1.000000	0
NOXA1	4	8.3191e-01	9.7448e-01	1.000000	0
BTG1	4	8.3202e-01	9.7448e-01	1.000000	0
GREB1L	4	8.3204e-01	9.7448e-01	1.000000	0
GLIPR2	4	8.3213e-01	9.7448e-01	1.000000	0
ABCD4	4	8.3221e-01	9.7448e-01	1.000000	0
CCDC30	4	8.3223e-01	9.7448e-01	1.000000	0
RPS5	4	8.3225e-01	9.7448e-01	1.000000	0
EIF5B	4	8.3227e-01	9.7448e-01	1.000000	0
PAQR6	4	8.3231e-01	9.7448e-01	1.000000	0
TSPAN8	4	8.3238e-01	9.7448e-01	1.000000	0
MTFMT	4	8.3239e-01	9.7448e-01	1.000000	0
GUCA1B	4	8.3240e-01	9.7448e-01	1.000000	0
MYO5C	4	8.3253e-01	9.7448e-01	1.000000	0
VAT1L	4	8.3265e-01	9.7498e-01	1.000000	0
TLR4	4	8.3286e-01	9.7548e-01	1.000000	0
PLA2G4A	4	8.3288e-01	9.7548e-01	1.000000	0
SLC25A46	4	8.3290e-01	9.7548e-01	1.000000	0
FLG2	4	8.3292e-01	9.7548e-01	1.000000	0
NCL	4	8.3300e-01	9.7572e-01	1.000000	0
SERF2	4	8.3305e-01	9.7598e-01	1.000000	0
GOLGA8R	4	8.3309e-01	9.7598e-01	1.000000	0
ZSWIM7	4	8.3312e-01	9.7598e-01	1.000000	0
NIF3L1	4	8.3319e-01	9.7623e-01	1.000000	0
OAS1	4	8.3335e-01	9.7623e-01	1.000000	0
XXYLT1	4	8.3336e-01	9.7623e-01	1.000000	0
ZNF22	4	8.3339e-01	9.7623e-01	1.000000	0
ABO	4	8.3358e-01	9.7623e-01	1.000000	0
MARCHF5	4	8.3361e-01	9.7623e-01	1.000000	0
ANKRD66	4	8.3365e-01	9.7623e-01	1.000000	0
IFT81	4	8.3367e-01	9.7623e-01	1.000000	0
C2orf48	4	8.3397e-01	9.7647e-01	1.000000	0
SKOR2	4	8.3398e-01	9.7647e-01	1.000000	0
FNBP1	4	8.3401e-01	9.7647e-01	1.000000	0
FKBP3	4	8.3405e-01	9.7669e-01	1.000000	0
KRTAP19-4	4	8.3413e-01	9.7669e-01	1.000000	0
SERPINC1	4	8.3415e-01	9.7669e-01	1.000000	0
MMP24	4	8.3419e-01	9.7669e-01	1.000000	0
OPRM1	4	8.3422e-01	9.7669e-01	1.000000	0
MTSS1L	4	8.3428e-01	9.7669e-01	1.000000	0
GBAS	4	8.3443e-01	9.7669e-01	1.000000	0
THAP2	4	8.3450e-01	9.7669e-01	1.000000	0
FAR2	4	8.3451e-01	9.7669e-01	1.000000	0
PIGU	4	8.3458e-01	9.7669e-01	1.000000	0
MYBL2	4	8.3464e-01	9.7669e-01	1.000000	0
PCP4L1	4	8.3467e-01	9.7669e-01	1.000000	0
DCBLD1	4	8.3468e-01	9.7669e-01	1.000000	0
HEXA	3	8.3469e-01	9.8483e-01	1.000000	0
EFCAB2	4	8.3480e-01	9.7669e-01	1.000000	0
TTC9C	4	8.3485e-01	9.7669e-01	1.000000	0
TNKS1BP1	4	8.3490e-01	9.7669e-01	1.000000	0
RNMT	4	8.3502e-01	9.7669e-01	1.000000	0
BCL2L2	4	8.3503e-01	9.7669e-01	1.000000	0
CHD1	4	8.3506e-01	9.7669e-01	1.000000	0
CSRP3	4	8.3510e-01	9.7669e-01	1.000000	0
LOC100505478	4	8.3511e-01	9.7669e-01	1.000000	0
NGDN	4	8.3515e-01	9.7669e-01	1.000000	0
FDPS	4	8.3517e-01	9.7669e-01	1.000000	0
COLCA2	4	8.3521e-01	9.7669e-01	1.000000	0
G0S2	4	8.3522e-01	9.7669e-01	1.000000	0
PPAP2B	4	8.3527e-01	9.7669e-01	1.000000	0
C9orf84	4	8.3530e-01	9.7669e-01	1.000000	0
MUC6	4	8.3543e-01	9.7669e-01	1.000000	0
NAALADL2	4	8.3545e-01	9.7669e-01	1.000000	0
AVPI1	4	8.3555e-01	9.7669e-01	1.000000	0
AGFG1	4	8.3558e-01	9.7669e-01	1.000000	0
RAF1	4	8.3569e-01	9.7669e-01	1.000000	0
LCE1D	4	8.3572e-01	9.7669e-01	1.000000	0
PACSIN3	4	8.3578e-01	9.7669e-01	1.000000	0
KLF11	4	8.3581e-01	9.7669e-01	1.000000	0
ARHGEF9	4	8.3585e-01	9.7669e-01	1.000000	0
LOC100132146	4	8.3588e-01	9.7669e-01	1.000000	0
GIMAP4	4	8.3592e-01	9.7669e-01	1.000000	0
VANGL2	4	8.3593e-01	9.7669e-01	1.000000	0
UBE2U	4	8.3614e-01	9.7669e-01	1.000000	0
TACR2	4	8.3617e-01	9.7669e-01	1.000000	0
LYPLA1	4	8.3620e-01	9.7669e-01	1.000000	0
GPRC5C	4	8.3626e-01	9.7669e-01	1.000000	0
CSAG1	4	8.3653e-01	9.7692e-01	1.000000	0
GOLGA6A	4	8.3656e-01	9.7692e-01	1.000000	0
C9orf9	4	8.3660e-01	9.7692e-01	1.000000	0
FBXO5	4	8.3661e-01	9.7692e-01	1.000000	0
ZFP69B	4	8.3666e-01	9.7692e-01	1.000000	0
PER3	4	8.3668e-01	9.7692e-01	1.000000	0
APBA3	4	8.3672e-01	9.7692e-01	1.000000	0
NSMCE1	4	8.3674e-01	9.7692e-01	1.000000	0
XYLT2	4	8.3679e-01	9.7692e-01	1.000000	0
CEACAM3	4	8.3689e-01	9.7692e-01	1.000000	0
VAC14	4	8.3690e-01	9.7692e-01	1.000000	0
SDHB	4	8.3693e-01	9.7692e-01	1.000000	0
GOLGA8O	4	8.3697e-01	9.7692e-01	1.000000	0
NDUFAF6	4	8.3698e-01	9.7692e-01	1.000000	0
NEK1	4	8.3699e-01	9.7692e-01	1.000000	0
FUCA1	4	8.3701e-01	9.7692e-01	1.000000	0
LPPR2	4	8.3723e-01	9.7717e-01	1.000000	0
AP1AR	4	8.3727e-01	9.7717e-01	1.000000	0
TBR1	4	8.3731e-01	9.7717e-01	1.000000	0
STMN4	4	8.3738e-01	9.7717e-01	1.000000	0
CNNM2	4	8.3741e-01	9.7717e-01	1.000000	0
HRH2	4	8.3755e-01	9.7717e-01	1.000000	0
NDUFB11	4	8.3761e-01	9.7717e-01	1.000000	0
GPX7	4	8.3771e-01	9.7740e-01	1.000000	0
MRPL54	4	8.3772e-01	9.7740e-01	1.000000	0
FBXW9	4	8.3778e-01	9.7740e-01	1.000000	0
USP30	4	8.3782e-01	9.7740e-01	1.000000	0
TBC1D26	4	8.3788e-01	9.7740e-01	1.000000	0
ERCC1	4	8.3790e-01	9.7740e-01	1.000000	0
FANCB	4	8.3796e-01	9.7740e-01	1.000000	0
C3orf35	4	8.3803e-01	9.7740e-01	1.000000	0
MIOS	4	8.3805e-01	9.7740e-01	1.000000	0
DNAJC24	4	8.3809e-01	9.7740e-01	1.000000	0
GPX8	4	8.3811e-01	9.7740e-01	1.000000	0
OLFM1	4	8.3815e-01	9.7740e-01	1.000000	0
TSSK1B	4	8.3816e-01	9.7740e-01	1.000000	0
PSG7	4	8.3821e-01	9.7740e-01	1.000000	0
ENPP2	4	8.3829e-01	9.7761e-01	1.000000	0
CDCP2	4	8.3836e-01	9.7761e-01	1.000000	0
LRRC8B	4	8.3844e-01	9.7761e-01	1.000000	0
FNDC4	4	8.3845e-01	9.7761e-01	1.000000	0
GDPD5	4	8.3863e-01	9.7761e-01	1.000000	0
HIGD1C	4	8.3865e-01	9.7761e-01	1.000000	0
GSE1	4	8.3867e-01	9.7761e-01	1.000000	0
DEPDC1B	4	8.3870e-01	9.7761e-01	1.000000	0
ATRAID	4	8.3873e-01	9.7761e-01	1.000000	0
FOXE1	4	8.3874e-01	9.7761e-01	1.000000	0
ATP13A2	4	8.3881e-01	9.7761e-01	1.000000	0
GCNT4	4	8.3886e-01	9.7784e-01	1.000000	0
NEUROG1	4	8.3889e-01	9.7784e-01	1.000000	0
CCDC25	4	8.3902e-01	9.7784e-01	1.000000	0
CLMN	4	8.3906e-01	9.7784e-01	1.000000	0
PNCK	4	8.3907e-01	9.7784e-01	1.000000	0
MAGEA10-MAGEA5	4	8.3921e-01	9.7807e-01	1.000000	0
GYPA	4	8.3937e-01	9.7807e-01	1.000000	0
MESDC2	4	8.3945e-01	9.7807e-01	1.000000	0
SYTL1	4	8.3963e-01	9.7807e-01	1.000000	0
INO80B	4	8.3967e-01	9.7807e-01	1.000000	0
KRTAP19-6	4	8.3984e-01	9.7807e-01	1.000000	0
PPP1R14B	4	8.3999e-01	9.7807e-01	1.000000	0
MGAT1	4	8.4003e-01	9.7807e-01	1.000000	0
EID2	4	8.4007e-01	9.7807e-01	1.000000	0
MAPK6	4	8.4017e-01	9.7807e-01	1.000000	0
RXRG	4	8.4020e-01	9.7807e-01	1.000000	0
PLOD1	4	8.4021e-01	9.7807e-01	1.000000	0
ZNF696	4	8.4022e-01	9.7807e-01	1.000000	0
GRXCR2	4	8.4026e-01	9.7807e-01	1.000000	0
ACKR1	4	8.4028e-01	9.7807e-01	1.000000	0
DAB1	4	8.4036e-01	9.7807e-01	1.000000	0
CACUL1	4	8.4038e-01	9.7807e-01	1.000000	0
CTSS	4	8.4047e-01	9.7807e-01	1.000000	0
NME2	4	8.4050e-01	9.7807e-01	1.000000	0
IZUMO4	4	8.4055e-01	9.7807e-01	1.000000	0
ABI3BP	4	8.4059e-01	9.7807e-01	1.000000	0
CRK	4	8.4064e-01	9.7807e-01	1.000000	0
NPBWR1	4	8.4067e-01	9.7807e-01	1.000000	0
FANCF	4	8.4072e-01	9.7829e-01	1.000000	0
PLEKHJ1	4	8.4074e-01	9.7829e-01	1.000000	0
GH2	4	8.4079e-01	9.7829e-01	1.000000	0
NUP153	4	8.4096e-01	9.7829e-01	1.000000	0
TMEM5	4	8.4102e-01	9.7829e-01	1.000000	0
CLVS1	4	8.4105e-01	9.7829e-01	1.000000	0
HDAC11	4	8.4109e-01	9.7829e-01	1.000000	0
SDHA	4	8.4116e-01	9.7829e-01	1.000000	0
LOC728392	4	8.4118e-01	9.7829e-01	1.000000	0
PEX11A	4	8.4119e-01	9.7829e-01	1.000000	0
CHP1	4	8.4127e-01	9.7829e-01	1.000000	0
ALKBH7	4	8.4132e-01	9.7829e-01	1.000000	0
OR1E2	4	8.4133e-01	9.7829e-01	1.000000	0
NPR2	4	8.4141e-01	9.7829e-01	1.000000	0
INADL	4	8.4153e-01	9.7852e-01	1.000000	0
PCDHGB4	4	8.4156e-01	9.7852e-01	1.000000	0
CCDC142	4	8.4163e-01	9.7852e-01	1.000000	0
ERVW-1	4	8.4165e-01	9.7852e-01	1.000000	0
LYVE1	4	8.4166e-01	9.7852e-01	1.000000	0
IL36RN	4	8.4167e-01	9.7852e-01	1.000000	0
TPRG1L	4	8.4169e-01	9.7852e-01	1.000000	0
CHCHD1	4	8.4172e-01	9.7852e-01	1.000000	0
REG1A	4	8.4182e-01	9.7852e-01	1.000000	0
OPHN1	4	8.4182e-01	9.7852e-01	1.000000	0
ARHGEF18	4	8.4185e-01	9.7852e-01	1.000000	0
PGM3	4	8.4191e-01	9.7852e-01	1.000000	0
INHBA	4	8.4192e-01	9.7852e-01	1.000000	0
GPR32	4	8.4193e-01	9.7852e-01	1.000000	0
OSER1	4	8.4197e-01	9.7852e-01	1.000000	0
ERCC8	4	8.4202e-01	9.7852e-01	1.000000	0
IL17A	4	8.4205e-01	9.7852e-01	1.000000	0
SOS2	4	8.4220e-01	9.7852e-01	1.000000	0
AGBL3	4	8.4224e-01	9.7852e-01	1.000000	0
HTR2B	4	8.4226e-01	9.7852e-01	1.000000	0
HLA-B	4	8.4235e-01	9.7852e-01	1.000000	0
PRCC	4	8.4242e-01	9.7852e-01	1.000000	0
OR51F2	4	8.4248e-01	9.7852e-01	1.000000	0
ST6GALNAC4	4	8.4249e-01	9.7852e-01	1.000000	0
TDGF1	4	8.4250e-01	9.7852e-01	1.000000	0
TPR	4	8.4252e-01	9.7852e-01	1.000000	0
ZCCHC6	4	8.4254e-01	9.7852e-01	1.000000	0
ALOX12B	4	8.4259e-01	9.7852e-01	1.000000	0
GMNC	4	8.4270e-01	9.7852e-01	1.000000	0
CPSF6	4	8.4275e-01	9.7852e-01	1.000000	0
IRS2	4	8.4279e-01	9.7852e-01	1.000000	0
GGTLC2	4	8.4283e-01	9.7852e-01	1.000000	0
ZNF446	4	8.4288e-01	9.7852e-01	1.000000	0
OR2L5	4	8.4290e-01	9.7852e-01	1.000000	0
CHRD	4	8.4302e-01	9.7852e-01	1.000000	0
EXOC4	4	8.4307e-01	9.7852e-01	1.000000	0
MARCHF4	4	8.4322e-01	9.7875e-01	1.000000	0
ADAM23	4	8.4325e-01	9.7875e-01	1.000000	0
R3HDM4	4	8.4330e-01	9.7875e-01	1.000000	0
RSBN1	4	8.4334e-01	9.7875e-01	1.000000	0
NXPH3	4	8.4345e-01	9.7875e-01	1.000000	0
GSC	4	8.4348e-01	9.7875e-01	1.000000	0
NXPH4	4	8.4359e-01	9.7875e-01	1.000000	0
LRCH3	4	8.4374e-01	9.7875e-01	1.000000	0
MADD	4	8.4378e-01	9.7875e-01	1.000000	0
C17orf64	4	8.4381e-01	9.7875e-01	1.000000	0
SCUBE3	4	8.4383e-01	9.7875e-01	1.000000	0
SLC44A1	4	8.4386e-01	9.7875e-01	1.000000	0
PLEKHO2	4	8.4387e-01	9.7875e-01	1.000000	0
PLK1	4	8.4399e-01	9.7875e-01	1.000000	0
RXRA	4	8.4405e-01	9.7875e-01	1.000000	0
TCN2	4	8.4408e-01	9.7875e-01	1.000000	0
SLC22A5	4	8.4421e-01	9.7922e-01	1.000000	0
RGS6	4	8.4423e-01	9.7922e-01	1.000000	0
POU3F2	4	8.4442e-01	9.7966e-01	1.000000	0
CALD1	4	8.4446e-01	9.7966e-01	1.000000	0
WARS	4	8.4459e-01	9.7966e-01	1.000000	0
USP17L10	4	8.4467e-01	9.7966e-01	1.000000	0
ATXN7L2	4	8.4469e-01	9.7966e-01	1.000000	0
PEAK1	4	8.4474e-01	9.7966e-01	1.000000	0
MRPL47	4	8.4496e-01	9.7966e-01	1.000000	0
CCER2	4	8.4497e-01	9.7966e-01	1.000000	0
ENPP3	4	8.4499e-01	9.7966e-01	1.000000	0
IGFN1	4	8.4502e-01	9.7966e-01	1.000000	0
C17orf74	4	8.4505e-01	9.7966e-01	1.000000	0
RASL11B	4	8.4510e-01	9.7966e-01	1.000000	0
MAGI3	4	8.4524e-01	9.7966e-01	1.000000	0
SUMO2	4	8.4536e-01	9.7966e-01	1.000000	0
DDI1	4	8.4541e-01	9.7966e-01	1.000000	0
CDYL2	4	8.4543e-01	9.7966e-01	1.000000	0
CATIP	4	8.4555e-01	9.7966e-01	1.000000	0
MRVI1	4	8.4556e-01	9.7966e-01	1.000000	0
TMEM88	4	8.4559e-01	9.7966e-01	1.000000	0
DPPA2	4	8.4567e-01	9.7966e-01	1.000000	0
ARAF	4	8.4570e-01	9.7989e-01	1.000000	0
ZNF91	4	8.4574e-01	9.7989e-01	1.000000	0
FAM192A	4	8.4577e-01	9.7989e-01	1.000000	0
APOD	4	8.4579e-01	9.7989e-01	1.000000	0
KLF1	4	8.4585e-01	9.7989e-01	1.000000	0
SLC7A9	4	8.4588e-01	9.7989e-01	1.000000	0
MTAP	4	8.4596e-01	9.7989e-01	1.000000	0
MRPL9	4	8.4601e-01	9.7989e-01	1.000000	0
NKAIN1	4	8.4605e-01	9.7989e-01	1.000000	0
SYCP2	4	8.4611e-01	9.8008e-01	1.000000	0
ALMS1	4	8.4614e-01	9.8008e-01	1.000000	0
ARL5C	4	8.4621e-01	9.8008e-01	1.000000	0
STON1-GTF2A1L	4	8.4624e-01	9.8008e-01	1.000000	0
ARHGAP19	3	8.4640e-01	9.8944e-01	1.000000	0
LYPD6	4	8.4644e-01	9.8028e-01	1.000000	0
GALNT8	4	8.4646e-01	9.8029e-01	1.000000	0
ZNF257	4	8.4650e-01	9.8029e-01	1.000000	0
ASPRV1	4	8.4660e-01	9.8029e-01	1.000000	0
HAO1	4	8.4667e-01	9.8050e-01	1.000000	0
GTPBP2	4	8.4671e-01	9.8050e-01	1.000000	0
IFNK	4	8.4674e-01	9.8050e-01	1.000000	0
TAS2R5	4	8.4676e-01	9.8050e-01	1.000000	0
MLPH	4	8.4677e-01	9.8050e-01	1.000000	0
CETN3	4	8.4679e-01	9.8050e-01	1.000000	0
BEST1	4	8.4682e-01	9.8050e-01	1.000000	0
SH3KBP1	4	8.4685e-01	9.8050e-01	1.000000	0
CMTM5	4	8.4694e-01	9.8050e-01	1.000000	0
OR1E1	4	8.4696e-01	9.8050e-01	1.000000	0
SPSB3	4	8.4700e-01	9.8050e-01	1.000000	0
NLRP13	4	8.4701e-01	9.8050e-01	1.000000	0
LCK	4	8.4706e-01	9.8050e-01	1.000000	0
CXorf57	4	8.4709e-01	9.8070e-01	1.000000	0
MED29	4	8.4715e-01	9.8070e-01	1.000000	0
PKHD1L1	4	8.4721e-01	9.8070e-01	1.000000	0
C22orf15	4	8.4729e-01	9.8070e-01	1.000000	0
LPXN	4	8.4759e-01	9.8090e-01	1.000000	0
TBX3	4	8.4763e-01	9.8090e-01	1.000000	0
ZSCAN29	4	8.4764e-01	9.8090e-01	1.000000	0
TNIK	4	8.4769e-01	9.8090e-01	1.000000	0
SLC22A6	4	8.4783e-01	9.8090e-01	1.000000	0
SLC39A13	4	8.4788e-01	9.8090e-01	1.000000	0
CALM3	4	8.4796e-01	9.8090e-01	1.000000	0
CALB1	4	8.4801e-01	9.8090e-01	1.000000	0
ZNF804A	4	8.4805e-01	9.8090e-01	1.000000	0
GPR171	4	8.4808e-01	9.8090e-01	1.000000	0
HOXD11	4	8.4810e-01	9.8090e-01	1.000000	0
PROSER2	4	8.4811e-01	9.8090e-01	1.000000	0
SLC22A24	4	8.4815e-01	9.8090e-01	1.000000	0
PSMD5	4	8.4816e-01	9.8090e-01	1.000000	0
MROH6	4	8.4830e-01	9.8109e-01	1.000000	0
IKZF2	4	8.4830e-01	9.8109e-01	1.000000	0
PTRH1	4	8.4839e-01	9.8109e-01	1.000000	0
ELANE	4	8.4870e-01	9.8129e-01	1.000000	0
PHOX2B	4	8.4881e-01	9.8129e-01	1.000000	0
SS18L2	4	8.4886e-01	9.8129e-01	1.000000	0
NDUFV1	4	8.4896e-01	9.8129e-01	1.000000	0
HINT2	4	8.4898e-01	9.8129e-01	1.000000	0
POU3F4	4	8.4914e-01	9.8129e-01	1.000000	0
FAM208B	4	8.4925e-01	9.8129e-01	1.000000	0
C10orf10	4	8.4930e-01	9.8129e-01	1.000000	0
CARD16	4	8.4933e-01	9.8129e-01	1.000000	0
RBMX2	4	8.4935e-01	9.8129e-01	1.000000	0
PYCRL	4	8.4943e-01	9.8129e-01	1.000000	0
TBC1D22A	4	8.4954e-01	9.8129e-01	1.000000	0
FLT4	4	8.4960e-01	9.8129e-01	1.000000	0
AGO4	4	8.4963e-01	9.8129e-01	1.000000	0
OR10G2	4	8.4970e-01	9.8129e-01	1.000000	0
CRELD2	4	8.4980e-01	9.8129e-01	1.000000	0
SSH1	4	8.4995e-01	9.8148e-01	1.000000	0
GOLPH3	4	8.4997e-01	9.8148e-01	1.000000	0
FBLN5	4	8.4998e-01	9.8148e-01	1.000000	0
HRCT1	4	8.5003e-01	9.8148e-01	1.000000	0
HTN3	4	8.5005e-01	9.8148e-01	1.000000	0
NRIP1	4	8.5010e-01	9.8148e-01	1.000000	0
WFS1	4	8.5018e-01	9.8168e-01	1.000000	0
HK1	4	8.5019e-01	9.8168e-01	1.000000	0
THEGL	4	8.5020e-01	9.8168e-01	1.000000	0
TP53TG3B	4	8.5021e-01	9.8168e-01	1.000000	0
C18orf21	4	8.5040e-01	9.8168e-01	1.000000	0
TNFSF8	4	8.5041e-01	9.8168e-01	1.000000	0
PTCH1	4	8.5044e-01	9.8168e-01	1.000000	0
TRNT1	4	8.5046e-01	9.8168e-01	1.000000	0
COPS5	4	8.5048e-01	9.8168e-01	1.000000	0
WNT16	4	8.5051e-01	9.8168e-01	1.000000	0
ZNF407	4	8.5064e-01	9.8168e-01	1.000000	0
FAM221B	4	8.5068e-01	9.8168e-01	1.000000	0
ESPL1	4	8.5074e-01	9.8168e-01	1.000000	0
MFI2	4	8.5085e-01	9.8168e-01	1.000000	0
RAB40AL	4	8.5086e-01	9.8168e-01	1.000000	0
IGSF3	4	8.5097e-01	9.8205e-01	1.000000	0
IFNA14	4	8.5105e-01	9.8206e-01	1.000000	0
BATF3	4	8.5109e-01	9.8206e-01	1.000000	0
GPR3	4	8.5111e-01	9.8206e-01	1.000000	0
CD3D	4	8.5120e-01	9.8224e-01	1.000000	0
FJX1	4	8.5122e-01	9.8224e-01	1.000000	0
BDH1	4	8.5136e-01	9.8224e-01	1.000000	0
PRR20D	4	8.5138e-01	9.8224e-01	1.000000	0
RIMBP3B	4	8.5151e-01	9.8224e-01	1.000000	0
NPPA	4	8.5162e-01	9.8224e-01	1.000000	0
SMIM10L1	4	8.5164e-01	9.8224e-01	1.000000	0
LAX1	4	8.5172e-01	9.8224e-01	1.000000	0
PIP5K1B	4	8.5174e-01	9.8224e-01	1.000000	0
PLSCR4	4	8.5180e-01	9.8243e-01	1.000000	0
ALOX5AP	4	8.5182e-01	9.8243e-01	1.000000	0
SLC36A3	4	8.5184e-01	9.8243e-01	1.000000	0
LOC643355	4	8.5189e-01	9.8243e-01	1.000000	0
BAX	4	8.5190e-01	9.8243e-01	1.000000	0
C20orf144	4	8.5197e-01	9.8243e-01	1.000000	0
PDCD6IP	4	8.5209e-01	9.8243e-01	1.000000	0
ZSCAN31	4	8.5238e-01	9.8261e-01	1.000000	0
TTI2	4	8.5244e-01	9.8261e-01	1.000000	0
APLP1	4	8.5255e-01	9.8261e-01	1.000000	0
OR4K17	4	8.5261e-01	9.8261e-01	1.000000	0
KRT17	4	8.5268e-01	9.8261e-01	1.000000	0
ZCCHC9	4	8.5280e-01	9.8261e-01	1.000000	0
RMND1	4	8.5305e-01	9.8261e-01	1.000000	0
PPIA	4	8.5306e-01	9.8261e-01	1.000000	0
HSPBAP1	4	8.5311e-01	9.8261e-01	1.000000	0
EPS8L2	4	8.5326e-01	9.8261e-01	1.000000	0
LMAN2	4	8.5332e-01	9.8261e-01	1.000000	0
NASP	4	8.5334e-01	9.8261e-01	1.000000	0
UQCR10	4	8.5339e-01	9.8261e-01	1.000000	0
GPRIN3	4	8.5347e-01	9.8261e-01	1.000000	0
DTX4	4	8.5348e-01	9.8261e-01	1.000000	0
KDM3A	4	8.5349e-01	9.8261e-01	1.000000	0
KRT85	4	8.5353e-01	9.8261e-01	1.000000	0
CCT4	4	8.5354e-01	9.8261e-01	1.000000	0
PLCH2	4	8.5361e-01	9.8261e-01	1.000000	0
ITIH4	4	8.5371e-01	9.8261e-01	1.000000	0
TBC1D3F	4	8.5376e-01	9.8261e-01	1.000000	0
TMEM81	4	8.5377e-01	9.8261e-01	1.000000	0
GPR101	4	8.5380e-01	9.8261e-01	1.000000	0
PARP14	4	8.5382e-01	9.8261e-01	1.000000	0
PDCD1	4	8.5390e-01	9.8281e-01	1.000000	0
SLC25A22	4	8.5391e-01	9.8281e-01	1.000000	0
RTKN	4	8.5396e-01	9.8281e-01	1.000000	0
FGFR3	4	8.5416e-01	9.8299e-01	1.000000	0
ANKRD9	4	8.5419e-01	9.8299e-01	1.000000	0
MRPL24	4	8.5420e-01	9.8299e-01	1.000000	0
RHOH	4	8.5425e-01	9.8299e-01	1.000000	0
SF3B6	4	8.5426e-01	9.8299e-01	1.000000	0
DDX11	3	8.5430e-01	9.9058e-01	1.000000	0
TSSC4	4	8.5431e-01	9.8299e-01	1.000000	0
ARSH	4	8.5435e-01	9.8299e-01	1.000000	0
FLYWCH1	4	8.5436e-01	9.8299e-01	1.000000	0
IQUB	4	8.5437e-01	9.8299e-01	1.000000	0
HIST1H4K	4	8.5445e-01	9.8299e-01	1.000000	0
INF2	4	8.5467e-01	9.8299e-01	1.000000	0
C5AR2	4	8.5468e-01	9.8299e-01	1.000000	0
VPS16	4	8.5471e-01	9.8299e-01	1.000000	0
TMEM110-MUSTN1	4	8.5475e-01	9.8299e-01	1.000000	0
IL7R	4	8.5477e-01	9.8299e-01	1.000000	0
SGK2	4	8.5479e-01	9.8299e-01	1.000000	0
SMG7	4	8.5482e-01	9.8299e-01	1.000000	0
MTNR1A	4	8.5490e-01	9.8299e-01	1.000000	0
RAB10	4	8.5491e-01	9.8299e-01	1.000000	0
UMPS	4	8.5493e-01	9.8299e-01	1.000000	0
MRPS9	4	8.5497e-01	9.8299e-01	1.000000	0
DLG1	4	8.5502e-01	9.8299e-01	1.000000	0
ADPRH	4	8.5508e-01	9.8299e-01	1.000000	0
GDF10	3	8.5514e-01	9.9072e-01	1.000000	0
CPN2	4	8.5515e-01	9.8299e-01	1.000000	0
ZCCHC18	4	8.5518e-01	9.8299e-01	1.000000	0
ADAMTS13	4	8.5522e-01	9.8320e-01	1.000000	0
TPST1	4	8.5530e-01	9.8320e-01	1.000000	0
ALDH6A1	4	8.5532e-01	9.8320e-01	1.000000	0
COX5A	4	8.5535e-01	9.8320e-01	1.000000	0
HERC6	4	8.5542e-01	9.8320e-01	1.000000	0
SDF2	4	8.5546e-01	9.8338e-01	1.000000	0
SMAD2	4	8.5548e-01	9.8338e-01	1.000000	0
ZCCHC10	4	8.5561e-01	9.8357e-01	1.000000	0
ZNF625	4	8.5567e-01	9.8357e-01	1.000000	0
IGHMBP2	4	8.5569e-01	9.8358e-01	1.000000	0
SLC39A4	4	8.5575e-01	9.8358e-01	1.000000	0
LONRF2	4	8.5577e-01	9.8358e-01	1.000000	0
PAK1	4	8.5581e-01	9.8358e-01	1.000000	0
FAM46D	4	8.5595e-01	9.8374e-01	1.000000	0
RIMBP3	4	8.5599e-01	9.8374e-01	1.000000	0
CYSRT1	4	8.5604e-01	9.8374e-01	1.000000	0
TRAM2	4	8.5607e-01	9.8374e-01	1.000000	0
CAPZA2	4	8.5611e-01	9.8374e-01	1.000000	0
ZNF394	4	8.5612e-01	9.8374e-01	1.000000	0
EFR3B	4	8.5618e-01	9.8374e-01	1.000000	0
TXNRD3	4	8.5622e-01	9.8392e-01	1.000000	0
LINS	4	8.5633e-01	9.8410e-01	1.000000	0
LYSMD3	4	8.5642e-01	9.8430e-01	1.000000	0
CCDC148	4	8.5649e-01	9.8430e-01	1.000000	0
LTA4H	4	8.5653e-01	9.8430e-01	1.000000	0
CD47	4	8.5679e-01	9.8430e-01	1.000000	0
PPARGC1A	4	8.5682e-01	9.8430e-01	1.000000	0
FAM57B	4	8.5696e-01	9.8430e-01	1.000000	0
GGCT	4	8.5697e-01	9.8430e-01	1.000000	0
MCEE	4	8.5698e-01	9.8430e-01	1.000000	0
AP4B1	4	8.5699e-01	9.8430e-01	1.000000	0
TMEM57	4	8.5700e-01	9.8430e-01	1.000000	0
MDC1	4	8.5720e-01	9.8447e-01	1.000000	0
THOC7	4	8.5732e-01	9.8465e-01	1.000000	0
VPS41	4	8.5735e-01	9.8465e-01	1.000000	0
TEX264	4	8.5745e-01	9.8465e-01	1.000000	0
E2F2	4	8.5748e-01	9.8465e-01	1.000000	0
PLAGL1	4	8.5755e-01	9.8465e-01	1.000000	0
AAR2	4	8.5760e-01	9.8465e-01	1.000000	0
ZDHHC18	4	8.5777e-01	9.8482e-01	1.000000	0
TCERG1	4	8.5780e-01	9.8482e-01	1.000000	0
NPIPB3	4	8.5790e-01	9.8482e-01	1.000000	0
ATP5C1	4	8.5793e-01	9.8482e-01	1.000000	0
TMEM201	4	8.5804e-01	9.8482e-01	1.000000	0
ARHGAP44	4	8.5807e-01	9.8482e-01	1.000000	0
NGRN	4	8.5817e-01	9.8500e-01	1.000000	0
RBBP9	4	8.5830e-01	9.8500e-01	1.000000	0
SPATA24	4	8.5835e-01	9.8500e-01	1.000000	0
FAM109B	3	8.5835e-01	9.9111e-01	1.000000	0
PKN2	4	8.5841e-01	9.8500e-01	1.000000	0
ORMDL2	4	8.5848e-01	9.8500e-01	1.000000	0
ANKHD1-EIF4EBP3	4	8.5849e-01	9.8500e-01	1.000000	0
TARP	4	8.5851e-01	9.8500e-01	1.000000	0
CHRNA3	4	8.5853e-01	9.8500e-01	1.000000	0
EVI5	4	8.5856e-01	9.8500e-01	1.000000	0
ATXN3	4	8.5860e-01	9.8500e-01	1.000000	0
ANK3	4	8.5871e-01	9.8501e-01	1.000000	0
CD244	4	8.5877e-01	9.8501e-01	1.000000	0
CHRNA7	4	8.5881e-01	9.8501e-01	1.000000	0
MUSTN1	4	8.5892e-01	9.8501e-01	1.000000	0
SV2C	4	8.5896e-01	9.8501e-01	1.000000	0
RUNDC3B	4	8.5900e-01	9.8501e-01	1.000000	0
FNDC5	4	8.5909e-01	9.8501e-01	1.000000	0
KIAA0196	4	8.5912e-01	9.8501e-01	1.000000	0
CEBPD	4	8.5933e-01	9.8518e-01	1.000000	0
HRSP12	4	8.5940e-01	9.8518e-01	1.000000	0
AARD	4	8.5943e-01	9.8518e-01	1.000000	0
TSPAN33	4	8.5952e-01	9.8536e-01	1.000000	0
NPIPA1	4	8.5953e-01	9.8536e-01	1.000000	0
COL8A2	4	8.5969e-01	9.8536e-01	1.000000	0
NPPC	4	8.5978e-01	9.8536e-01	1.000000	0
TBC1D15	4	8.5984e-01	9.8536e-01	1.000000	0
CMTM4	4	8.5991e-01	9.8536e-01	1.000000	0
LENG9	4	8.6000e-01	9.8536e-01	1.000000	0
CNST	4	8.6005e-01	9.8536e-01	1.000000	0
ANKAR	4	8.6014e-01	9.8536e-01	1.000000	0
OR2AP1	4	8.6027e-01	9.8536e-01	1.000000	0
FAM50A	4	8.6039e-01	9.8536e-01	1.000000	0
KCTD7	4	8.6040e-01	9.8536e-01	1.000000	0
KCNN2	4	8.6061e-01	9.8536e-01	1.000000	0
SPATA31D1	4	8.6062e-01	9.8536e-01	1.000000	0
TXNDC16	4	8.6064e-01	9.8536e-01	1.000000	0
PML	4	8.6077e-01	9.8552e-01	1.000000	0
PSKH1	4	8.6082e-01	9.8552e-01	1.000000	0
LZTS2	4	8.6083e-01	9.8552e-01	1.000000	0
BFAR	4	8.6087e-01	9.8552e-01	1.000000	0
NFIB	4	8.6091e-01	9.8552e-01	1.000000	0
RSPO3	4	8.6094e-01	9.8552e-01	1.000000	0
SIGLEC11	4	8.6096e-01	9.8552e-01	1.000000	0
VCX3B	4	8.6098e-01	9.8552e-01	1.000000	0
DAPP1	4	8.6107e-01	9.8552e-01	1.000000	0
EPM2AIP1	4	8.6111e-01	9.8552e-01	1.000000	0
NCS1	4	8.6121e-01	9.8552e-01	1.000000	0
DCTN3	4	8.6122e-01	9.8552e-01	1.000000	0
BCL11B	4	8.6134e-01	9.8552e-01	1.000000	0
KRT16	4	8.6137e-01	9.8552e-01	1.000000	0
TRIM60	4	8.6138e-01	9.8552e-01	1.000000	0
ULK3	4	8.6140e-01	9.8552e-01	1.000000	0
MATN1	4	8.6141e-01	9.8552e-01	1.000000	0
RPE	4	8.6148e-01	9.8552e-01	1.000000	0
FUNDC2	4	8.6149e-01	9.8552e-01	1.000000	0
CRYGB	4	8.6150e-01	9.8552e-01	1.000000	0
STRA13	4	8.6152e-01	9.8552e-01	1.000000	0
LGALS7	4	8.6167e-01	9.8569e-01	1.000000	0
AMMECR1L	4	8.6169e-01	9.8569e-01	1.000000	0
HIBCH	4	8.6171e-01	9.8569e-01	1.000000	0
ARPC1A	4	8.6182e-01	9.8569e-01	1.000000	0
PQBP1	4	8.6189e-01	9.8569e-01	1.000000	0
TAS2R13	4	8.6201e-01	9.8569e-01	1.000000	0
CLDN11	4	8.6209e-01	9.8569e-01	1.000000	0
IQCG	4	8.6211e-01	9.8569e-01	1.000000	0
CCDC88B	4	8.6224e-01	9.8569e-01	1.000000	0
FGFR2	4	8.6232e-01	9.8569e-01	1.000000	0
N6AMT2	4	8.6238e-01	9.8569e-01	1.000000	0
KBTBD8	4	8.6242e-01	9.8569e-01	1.000000	0
CD52	4	8.6243e-01	9.8569e-01	1.000000	0
ZNF691	4	8.6256e-01	9.8569e-01	1.000000	0
CEP295	4	8.6267e-01	9.8569e-01	1.000000	0
PRDM2	4	8.6268e-01	9.8569e-01	1.000000	0
CCR3	4	8.6271e-01	9.8569e-01	1.000000	0
ZNF670	3	8.6271e-01	9.9186e-01	1.000000	0
MPST	4	8.6277e-01	9.8569e-01	1.000000	0
CDC42BPG	4	8.6279e-01	9.8569e-01	1.000000	0
SSR4	4	8.6281e-01	9.8569e-01	1.000000	0
OR2L8	4	8.6284e-01	9.8569e-01	1.000000	0
AMELY	4	8.6291e-01	9.8569e-01	1.000000	0
NIT1	4	8.6302e-01	9.8569e-01	1.000000	0
ZNRF1	4	8.6309e-01	9.8569e-01	1.000000	0
RFK	4	8.6310e-01	9.8569e-01	1.000000	0
PRR5L	4	8.6322e-01	9.8569e-01	1.000000	0
SYNDIG1L	4	8.6326e-01	9.8569e-01	1.000000	0
PEX2	4	8.6328e-01	9.8569e-01	1.000000	0
CLPS	4	8.6337e-01	9.8569e-01	1.000000	0
LRRN2	4	8.6340e-01	9.8569e-01	1.000000	0
TBRG4	4	8.6347e-01	9.8569e-01	1.000000	0
APOL5	4	8.6352e-01	9.8569e-01	1.000000	0
SUPT7L	4	8.6354e-01	9.8569e-01	1.000000	0
SLC5A1	4	8.6362e-01	9.8569e-01	1.000000	0
BECN1	4	8.6363e-01	9.8569e-01	1.000000	0
HEATR4	4	8.6366e-01	9.8569e-01	1.000000	0
SPECC1L	4	8.6380e-01	9.8584e-01	1.000000	0
ASGR2	4	8.6384e-01	9.8584e-01	1.000000	0
PDE8B	4	8.6386e-01	9.8584e-01	1.000000	0
KCNAB2	4	8.6414e-01	9.8584e-01	1.000000	0
CDK12	4	8.6422e-01	9.8584e-01	1.000000	0
TIMM8A	4	8.6428e-01	9.8584e-01	1.000000	0
BPHL	4	8.6438e-01	9.8584e-01	1.000000	0
EFNB2	4	8.6439e-01	9.8584e-01	1.000000	0
TBL2	4	8.6453e-01	9.8584e-01	1.000000	0
TCF23	4	8.6459e-01	9.8584e-01	1.000000	0
NUDT18	4	8.6465e-01	9.8584e-01	1.000000	0
NUDT11	4	8.6466e-01	9.8584e-01	1.000000	0
RNF133	4	8.6468e-01	9.8584e-01	1.000000	0
BBOX1	4	8.6469e-01	9.8584e-01	1.000000	0
MIEF2	4	8.6473e-01	9.8584e-01	1.000000	0
MZT2A	4	8.6486e-01	9.8584e-01	1.000000	0
DNMT1	4	8.6496e-01	9.8584e-01	1.000000	0
C12orf42	4	8.6499e-01	9.8584e-01	1.000000	0
SYCN	4	8.6502e-01	9.8584e-01	1.000000	0
GPR12	4	8.6504e-01	9.8584e-01	1.000000	0
HPCA	4	8.6506e-01	9.8584e-01	1.000000	0
BAIAP2L2	4	8.6509e-01	9.8584e-01	1.000000	0
AFP	4	8.6512e-01	9.8584e-01	1.000000	0
USP19	4	8.6514e-01	9.8584e-01	1.000000	0
HSD3B1	4	8.6526e-01	9.8584e-01	1.000000	0
CA13	4	8.6528e-01	9.8603e-01	1.000000	0
CEND1	4	8.6535e-01	9.8603e-01	1.000000	0
NEFH	4	8.6536e-01	9.8603e-01	1.000000	0
NUFIP1	4	8.6540e-01	9.8603e-01	1.000000	0
ZNF713	4	8.6547e-01	9.8603e-01	1.000000	0
MS4A2	4	8.6555e-01	9.8603e-01	1.000000	0
MBTD1	4	8.6564e-01	9.8603e-01	1.000000	0
ACVR1	4	8.6568e-01	9.8603e-01	1.000000	0
UBB	4	8.6572e-01	9.8603e-01	1.000000	0
CCDC121	4	8.6575e-01	9.8603e-01	1.000000	0
TOR3A	4	8.6577e-01	9.8603e-01	1.000000	0
NOS1	4	8.6580e-01	9.8603e-01	1.000000	0
MPLKIP	4	8.6590e-01	9.8603e-01	1.000000	0
ABCF2	4	8.6593e-01	9.8603e-01	1.000000	0
GNG8	4	8.6597e-01	9.8603e-01	1.000000	0
KRTAP5-6	4	8.6604e-01	9.8603e-01	1.000000	0
PPDPF	4	8.6612e-01	9.8603e-01	1.000000	0
USP18	4	8.6614e-01	9.8603e-01	1.000000	0
ARTN	4	8.6616e-01	9.8603e-01	1.000000	0
IL2	4	8.6617e-01	9.8603e-01	1.000000	0
LIPA	4	8.6633e-01	9.8620e-01	1.000000	0
PRRC1	4	8.6641e-01	9.8620e-01	1.000000	0
KAZN	4	8.6644e-01	9.8620e-01	1.000000	0
OGFRL1	4	8.6649e-01	9.8620e-01	1.000000	0
SEC24C	4	8.6652e-01	9.8620e-01	1.000000	0
RAD21	4	8.6656e-01	9.8620e-01	1.000000	0
PTTG1	4	8.6658e-01	9.8620e-01	1.000000	0
KNDC1	4	8.6672e-01	9.8635e-01	1.000000	0
CNTLN	4	8.6675e-01	9.8635e-01	1.000000	0
PALM3	4	8.6689e-01	9.8635e-01	1.000000	0
HIST1H2BD	4	8.6690e-01	9.8635e-01	1.000000	0
DCAF10	4	8.6691e-01	9.8635e-01	1.000000	0
GGA1	4	8.6697e-01	9.8635e-01	1.000000	0
TRMT10C	4	8.6699e-01	9.8635e-01	1.000000	0
SELENBP1	4	8.6702e-01	9.8635e-01	1.000000	0
GADD45A	4	8.6705e-01	9.8635e-01	1.000000	0
PIKFYVE	4	8.6709e-01	9.8635e-01	1.000000	0
LOC100130357	4	8.6726e-01	9.8650e-01	1.000000	0
CNEP1R1	4	8.6729e-01	9.8650e-01	1.000000	0
ASB1	4	8.6743e-01	9.8667e-01	1.000000	0
MRPS18B	4	8.6747e-01	9.8667e-01	1.000000	0
RPUSD3	4	8.6756e-01	9.8667e-01	1.000000	0
RNPEP	4	8.6765e-01	9.8667e-01	1.000000	0
SLC26A6	4	8.6767e-01	9.8667e-01	1.000000	0
SLC41A1	4	8.6774e-01	9.8667e-01	1.000000	0
GALNT4	4	8.6775e-01	9.8667e-01	1.000000	0
LAMB1	4	8.6776e-01	9.8667e-01	1.000000	0
CCDC90B	4	8.6785e-01	9.8667e-01	1.000000	0
ZNF490	4	8.6788e-01	9.8667e-01	1.000000	0
CSTF2T	4	8.6796e-01	9.8667e-01	1.000000	0
GOT1	4	8.6805e-01	9.8667e-01	1.000000	0
TRIM7	4	8.6807e-01	9.8667e-01	1.000000	0
BCKDHB	4	8.6808e-01	9.8667e-01	1.000000	0
FABP2	4	8.6816e-01	9.8682e-01	1.000000	0
CENPJ	4	8.6821e-01	9.8682e-01	1.000000	0
CYP4F2	4	8.6822e-01	9.8682e-01	1.000000	0
ARHGAP27	4	8.6827e-01	9.8682e-01	1.000000	0
ZNF420	4	8.6841e-01	9.8699e-01	1.000000	0
SEC23A	4	8.6843e-01	9.8699e-01	1.000000	0
NFKB1	4	8.6857e-01	9.8699e-01	1.000000	0
PPM1H	4	8.6864e-01	9.8714e-01	1.000000	0
IFIT1B	4	8.6876e-01	9.8714e-01	1.000000	0
DEFB118	4	8.6881e-01	9.8714e-01	1.000000	0
CCDC65	4	8.6896e-01	9.8714e-01	1.000000	0
TMEM106A	4	8.6901e-01	9.8714e-01	1.000000	0
ARL3	4	8.6913e-01	9.8730e-01	1.000000	0
CNTFR	4	8.6914e-01	9.8730e-01	1.000000	0
RBM18	4	8.6919e-01	9.8730e-01	1.000000	0
FUT3	4	8.6921e-01	9.8730e-01	1.000000	0
SKIDA1	4	8.6923e-01	9.8730e-01	1.000000	0
MAD2L1	4	8.6927e-01	9.8730e-01	1.000000	0
EGFR	4	8.6928e-01	9.8730e-01	1.000000	0
ARHGEF11	4	8.6930e-01	9.8730e-01	1.000000	0
FGF13	4	8.6941e-01	9.8730e-01	1.000000	0
TTBK1	4	8.6953e-01	9.8730e-01	1.000000	0
SERPINB1	4	8.6953e-01	9.8730e-01	1.000000	0
OR52M1	4	8.6962e-01	9.8730e-01	1.000000	0
TTC30B	4	8.6968e-01	9.8744e-01	1.000000	0
UBXN10	3	8.6974e-01	9.9321e-01	1.000000	0
SIK3	4	8.6975e-01	9.8744e-01	1.000000	0
PABPN1L	4	8.6977e-01	9.8744e-01	1.000000	0
ZNF850	4	8.6978e-01	9.8744e-01	1.000000	0
FAM110C	4	8.6980e-01	9.8744e-01	1.000000	0
HCAR2	4	8.6990e-01	9.8744e-01	1.000000	0
SGMS1	4	8.6992e-01	9.8744e-01	1.000000	0
ITGA1	4	8.6998e-01	9.8744e-01	1.000000	0
CLTC	4	8.7012e-01	9.8758e-01	1.000000	0
ZNF365	4	8.7026e-01	9.8758e-01	1.000000	0
CCP110	4	8.7030e-01	9.8772e-01	1.000000	0
SRRM5	4	8.7038e-01	9.8772e-01	1.000000	0
TPD52L2	4	8.7043e-01	9.8772e-01	1.000000	0
ANKRD13C	4	8.7055e-01	9.8772e-01	1.000000	0
CPNE2	4	8.7059e-01	9.8772e-01	1.000000	0
FAM3D	4	8.7061e-01	9.8772e-01	1.000000	0
GJD3	4	8.7064e-01	9.8772e-01	1.000000	0
ENTPD3	4	8.7075e-01	9.8772e-01	1.000000	0
LRRC38	4	8.7076e-01	9.8772e-01	1.000000	0
ADAD1	4	8.7098e-01	9.8801e-01	1.000000	0
ATG4D	4	8.7103e-01	9.8801e-01	1.000000	0
ALDH1B1	4	8.7108e-01	9.8801e-01	1.000000	0
TBC1D32	4	8.7117e-01	9.8801e-01	1.000000	0
SLC2A7	4	8.7123e-01	9.8801e-01	1.000000	0
SAMD9	4	8.7127e-01	9.8801e-01	1.000000	0
HNRNPLL	4	8.7135e-01	9.8801e-01	1.000000	0
BTNL2	4	8.7155e-01	9.8830e-01	1.000000	0
AMD1	4	8.7158e-01	9.8830e-01	1.000000	0
CAPS2	4	8.7166e-01	9.8830e-01	1.000000	0
RHOA	4	8.7172e-01	9.8830e-01	1.000000	0
BTF3L4	4	8.7175e-01	9.8830e-01	1.000000	0
ZNF717	4	8.7178e-01	9.8830e-01	1.000000	0
LMOD1	4	8.7183e-01	9.8830e-01	1.000000	0
PCDHA7	4	8.7184e-01	9.8830e-01	1.000000	0
FAM156A	4	8.7186e-01	9.8830e-01	1.000000	0
PRKCZ	4	8.7189e-01	9.8830e-01	1.000000	0
PKM	4	8.7193e-01	9.8830e-01	1.000000	0
ATAD2	4	8.7195e-01	9.8830e-01	1.000000	0
PODN	4	8.7202e-01	9.8830e-01	1.000000	0
OR4M2	4	8.7204e-01	9.8830e-01	1.000000	0
CT47A5	4	8.7206e-01	9.8830e-01	1.000000	0
EXOSC6	4	8.7212e-01	9.8830e-01	1.000000	0
TMED7	3	8.7213e-01	9.9343e-01	1.000000	0
TCTEX1D2	4	8.7219e-01	9.8830e-01	1.000000	0
ZNF491	4	8.7220e-01	9.8830e-01	1.000000	0
RDH5	4	8.7225e-01	9.8830e-01	1.000000	0
TUBB1	4	8.7226e-01	9.8830e-01	1.000000	0
TIMM44	3	8.7230e-01	9.9354e-01	1.000000	0
VNN2	4	8.7245e-01	9.8830e-01	1.000000	0
FITM1	3	8.7270e-01	9.9354e-01	1.000000	0
PPM1L	4	8.7273e-01	9.8874e-01	1.000000	0
LBP	4	8.7280e-01	9.8874e-01	1.000000	0
AGBL1	4	8.7282e-01	9.8874e-01	1.000000	0
MYL6B	4	8.7284e-01	9.8875e-01	1.000000	0
CIRBP	4	8.7286e-01	9.8875e-01	1.000000	0
DLST	4	8.7289e-01	9.8875e-01	1.000000	0
TRIM44	4	8.7290e-01	9.8875e-01	1.000000	0
ERMAP	3	8.7294e-01	9.9364e-01	1.000000	0
SLC2A11	4	8.7295e-01	9.8875e-01	1.000000	0
EFCAB11	4	8.7299e-01	9.8875e-01	1.000000	0
RHOJ	4	8.7321e-01	9.8889e-01	1.000000	0
KRT14	4	8.7322e-01	9.8889e-01	1.000000	0
GLT8D1	4	8.7325e-01	9.8902e-01	1.000000	0
ARHGDIB	4	8.7330e-01	9.8916e-01	1.000000	0
OR10AD1	4	8.7331e-01	9.8916e-01	1.000000	0
TMF1	4	8.7341e-01	9.8916e-01	1.000000	0
SLC17A9	4	8.7346e-01	9.8916e-01	1.000000	0
USP24	4	8.7352e-01	9.8916e-01	1.000000	0
L1TD1	4	8.7358e-01	9.8916e-01	1.000000	0
ZNF559-ZNF177	4	8.7360e-01	9.8916e-01	1.000000	0
ALKBH8	4	8.7369e-01	9.8916e-01	1.000000	0
NSRP1	4	8.7376e-01	9.8916e-01	1.000000	0
AFF2	4	8.7384e-01	9.8916e-01	1.000000	0
MRGBP	4	8.7395e-01	9.8929e-01	1.000000	0
GABRQ	4	8.7404e-01	9.8929e-01	1.000000	0
STMND1	4	8.7418e-01	9.8929e-01	1.000000	0
PTGER3	4	8.7420e-01	9.8929e-01	1.000000	0
SMARCC1	4	8.7427e-01	9.8929e-01	1.000000	0
DHFR	4	8.7429e-01	9.8929e-01	1.000000	0
HTR3E	4	8.7434e-01	9.8929e-01	1.000000	0
TRPS1	4	8.7446e-01	9.8929e-01	1.000000	0
LRIT2	4	8.7450e-01	9.8929e-01	1.000000	0
MPHOSPH8	4	8.7456e-01	9.8942e-01	1.000000	0
LHB	4	8.7458e-01	9.8942e-01	1.000000	0
ANAPC2	4	8.7488e-01	9.8956e-01	1.000000	0
ARPP19	4	8.7492e-01	9.8956e-01	1.000000	0
PDLIM5	4	8.7494e-01	9.8956e-01	1.000000	0
NCAPH	4	8.7502e-01	9.8956e-01	1.000000	0
CDK11A	4	8.7507e-01	9.8956e-01	1.000000	0
ALK	4	8.7520e-01	9.8969e-01	1.000000	0
AMFR	4	8.7525e-01	9.8969e-01	1.000000	0
TMEM176B	4	8.7530e-01	9.8969e-01	1.000000	0
PLA2G4B	4	8.7532e-01	9.8969e-01	1.000000	0
OR3A1	4	8.7535e-01	9.8969e-01	1.000000	0
EXTL1	4	8.7539e-01	9.8969e-01	1.000000	0
CHRNB4	4	8.7546e-01	9.8969e-01	1.000000	0
EFR3A	4	8.7549e-01	9.8969e-01	1.000000	0
OTUD7A	3	8.7550e-01	9.9405e-01	1.000000	0
ESPN	4	8.7550e-01	9.8969e-01	1.000000	0
CHPF2	4	8.7551e-01	9.8969e-01	1.000000	0
RSBN1L	4	8.7558e-01	9.8970e-01	1.000000	0
IL6ST	4	8.7568e-01	9.8970e-01	1.000000	0
IRS1	4	8.7581e-01	9.8970e-01	1.000000	0
PTBP2	4	8.7586e-01	9.8970e-01	1.000000	0
FUBP1	4	8.7588e-01	9.8970e-01	1.000000	0
YIPF3	4	8.7591e-01	9.8970e-01	1.000000	0
FOXP2	4	8.7601e-01	9.8982e-01	1.000000	0
AFF1	4	8.7602e-01	9.8982e-01	1.000000	0
C2orf70	4	8.7608e-01	9.8982e-01	1.000000	0
NRGN	4	8.7611e-01	9.8982e-01	1.000000	0
P3H2	4	8.7621e-01	9.8982e-01	1.000000	0
LMNTD2	4	8.7627e-01	9.8982e-01	1.000000	0
C1orf127	4	8.7630e-01	9.8982e-01	1.000000	0
STOML2	4	8.7634e-01	9.8982e-01	1.000000	0
PPP5D1	4	8.7652e-01	9.8994e-01	1.000000	0
BCL2L15	4	8.7653e-01	9.8994e-01	1.000000	0
CCDC176	4	8.7657e-01	9.8994e-01	1.000000	0
MMAA	4	8.7658e-01	9.8994e-01	1.000000	0
AKT3	4	8.7661e-01	9.8994e-01	1.000000	0
KLRG2	4	8.7681e-01	9.8994e-01	1.000000	0
PRAMEF14	4	8.7683e-01	9.8994e-01	1.000000	0
OR7A10	4	8.7694e-01	9.8994e-01	1.000000	0
F8A2	4	8.7695e-01	9.8994e-01	1.000000	0
SLC13A1	4	8.7706e-01	9.9007e-01	1.000000	0
ZNF287	4	8.7711e-01	9.9020e-01	1.000000	0
DSEL	4	8.7720e-01	9.9020e-01	1.000000	0
CLDND2	4	8.7722e-01	9.9020e-01	1.000000	0
HEATR5B	4	8.7723e-01	9.9020e-01	1.000000	0
PSMF1	4	8.7727e-01	9.9020e-01	1.000000	0
KRT77	4	8.7729e-01	9.9020e-01	1.000000	0
MURC	4	8.7731e-01	9.9020e-01	1.000000	0
PPP1R15B	4	8.7737e-01	9.9020e-01	1.000000	0
LBR	4	8.7739e-01	9.9020e-01	1.000000	0
GGACT	4	8.7742e-01	9.9020e-01	1.000000	0
RNASET2	4	8.7748e-01	9.9020e-01	1.000000	0
DEFB123	4	8.7753e-01	9.9020e-01	1.000000	0
RBFA	4	8.7774e-01	9.9033e-01	1.000000	0
TMEM223	4	8.7780e-01	9.9033e-01	1.000000	0
MYL4	4	8.7782e-01	9.9033e-01	1.000000	0
MRPL18	4	8.7791e-01	9.9058e-01	1.000000	0
GHRL	4	8.7794e-01	9.9058e-01	1.000000	0
OPALIN	4	8.7801e-01	9.9070e-01	1.000000	0
PCDHB2	4	8.7808e-01	9.9070e-01	1.000000	0
REXO1	4	8.7811e-01	9.9070e-01	1.000000	0
CD5	4	8.7815e-01	9.9070e-01	1.000000	0
C1orf87	4	8.7819e-01	9.9070e-01	1.000000	0
C1QTNF3	4	8.7823e-01	9.9070e-01	1.000000	0
UFSP1	4	8.7829e-01	9.9070e-01	1.000000	0
PRR22	4	8.7835e-01	9.9070e-01	1.000000	0
STPG1	4	8.7842e-01	9.9081e-01	1.000000	0
ZFP64	4	8.7846e-01	9.9081e-01	1.000000	0
ALS2	4	8.7857e-01	9.9081e-01	1.000000	0
TRIM34	4	8.7858e-01	9.9081e-01	1.000000	0
MYF5	4	8.7859e-01	9.9081e-01	1.000000	0
C17orf89	4	8.7861e-01	9.9081e-01	1.000000	0
INTS5	4	8.7862e-01	9.9081e-01	1.000000	0
IFNA21	4	8.7877e-01	9.9081e-01	1.000000	0
KLRB1	4	8.7878e-01	9.9081e-01	1.000000	0
CORO1C	4	8.7882e-01	9.9081e-01	1.000000	0
LRP4	4	8.7888e-01	9.9081e-01	1.000000	0
SLC22A20	4	8.7891e-01	9.9081e-01	1.000000	0
C15orf48	4	8.7896e-01	9.9081e-01	1.000000	0
TMEM41A	4	8.7899e-01	9.9081e-01	1.000000	0
PNPLA1	4	8.7904e-01	9.9081e-01	1.000000	0
MRPL43	4	8.7905e-01	9.9081e-01	1.000000	0
DYNC1LI1	4	8.7908e-01	9.9081e-01	1.000000	0
RNASEK	4	8.7910e-01	9.9081e-01	1.000000	0
KRR1	4	8.7924e-01	9.9081e-01	1.000000	0
ANXA13	4	8.7925e-01	9.9081e-01	1.000000	0
TNS3	4	8.7926e-01	9.9081e-01	1.000000	0
LOC101927844	4	8.7928e-01	9.9081e-01	1.000000	0
IER3IP1	4	8.7930e-01	9.9081e-01	1.000000	0
AP4S1	4	8.7947e-01	9.9081e-01	1.000000	0
GATA6	4	8.7955e-01	9.9093e-01	1.000000	0
KIAA0754	4	8.7957e-01	9.9093e-01	1.000000	0
RPGR	4	8.7971e-01	9.9093e-01	1.000000	0
RNGTT	4	8.7972e-01	9.9093e-01	1.000000	0
NOS2	4	8.7973e-01	9.9093e-01	1.000000	0
USP17L21	4	8.7999e-01	9.9093e-01	1.000000	0
TRIM43B	4	8.8008e-01	9.9093e-01	1.000000	0
SFRP1	4	8.8017e-01	9.9105e-01	1.000000	0
MRPL32	4	8.8023e-01	9.9115e-01	1.000000	0
ZNF786	4	8.8024e-01	9.9115e-01	1.000000	0
SNX7	4	8.8027e-01	9.9115e-01	1.000000	0
PCDHA5	4	8.8056e-01	9.9136e-01	1.000000	0
ATL1	4	8.8060e-01	9.9136e-01	1.000000	0
ZNF444	4	8.8061e-01	9.9136e-01	1.000000	0
CADM1	4	8.8063e-01	9.9148e-01	1.000000	0
SPDYE3	4	8.8064e-01	9.9148e-01	1.000000	0
ATPAF1	4	8.8065e-01	9.9148e-01	1.000000	0
TAS1R3	4	8.8070e-01	9.9148e-01	1.000000	0
EGLN3	4	8.8084e-01	9.9148e-01	1.000000	0
EFNB3	4	8.8087e-01	9.9148e-01	1.000000	0
RNF121	4	8.8098e-01	9.9159e-01	1.000000	0
ONECUT1	4	8.8099e-01	9.9159e-01	1.000000	0
RNF24	4	8.8111e-01	9.9159e-01	1.000000	0
PPP1R32	4	8.8118e-01	9.9159e-01	1.000000	0
WBP4	4	8.8120e-01	9.9159e-01	1.000000	0
ZNF143	4	8.8122e-01	9.9159e-01	1.000000	0
OR52B6	4	8.8132e-01	9.9171e-01	1.000000	0
RGR	4	8.8137e-01	9.9171e-01	1.000000	0
COL5A1	4	8.8143e-01	9.9171e-01	1.000000	0
CLP1	4	8.8148e-01	9.9171e-01	1.000000	0
MN1	4	8.8165e-01	9.9203e-01	1.000000	0
NIPBL	4	8.8165e-01	9.9203e-01	1.000000	0
C3orf80	4	8.8170e-01	9.9203e-01	1.000000	0
ERCC2	4	8.8181e-01	9.9203e-01	1.000000	0
AP4E1	4	8.8184e-01	9.9203e-01	1.000000	0
GC	4	8.8194e-01	9.9203e-01	1.000000	0
CHADL	4	8.8195e-01	9.9203e-01	1.000000	0
ATP11C	4	8.8198e-01	9.9203e-01	1.000000	0
TLL2	4	8.8203e-01	9.9203e-01	1.000000	0
ZNF813	4	8.8209e-01	9.9213e-01	1.000000	0
TSPAN32	4	8.8211e-01	9.9213e-01	1.000000	0
FIP1L1	4	8.8222e-01	9.9213e-01	1.000000	0
TRMT13	4	8.8223e-01	9.9213e-01	1.000000	0
TLN1	4	8.8226e-01	9.9213e-01	1.000000	0
MYL1	4	8.8236e-01	9.9213e-01	1.000000	0
PRKG2	4	8.8238e-01	9.9213e-01	1.000000	0
ALOX5	4	8.8243e-01	9.9213e-01	1.000000	0
MTRF1	4	8.8244e-01	9.9213e-01	1.000000	0
CTNND1	4	8.8249e-01	9.9213e-01	1.000000	0
KRT33B	4	8.8252e-01	9.9213e-01	1.000000	0
CDK2AP1	4	8.8268e-01	9.9223e-01	1.000000	0
MICU3	4	8.8269e-01	9.9223e-01	1.000000	0
OR6C4	4	8.8270e-01	9.9223e-01	1.000000	0
AKT1	4	8.8272e-01	9.9223e-01	1.000000	0
HSF5	4	8.8276e-01	9.9223e-01	1.000000	0
MAP3K19	4	8.8283e-01	9.9223e-01	1.000000	0
ABCA9	4	8.8290e-01	9.9223e-01	1.000000	0
GTF2A2	4	8.8291e-01	9.9223e-01	1.000000	0
KCNH2	4	8.8292e-01	9.9223e-01	1.000000	0
NSF	4	8.8303e-01	9.9223e-01	1.000000	0
ZNF430	4	8.8306e-01	9.9223e-01	1.000000	0
GBP5	4	8.8307e-01	9.9223e-01	1.000000	0
AKIRIN1	4	8.8313e-01	9.9223e-01	1.000000	0
OOSP2	4	8.8331e-01	9.9223e-01	1.000000	0
SLU7	4	8.8332e-01	9.9223e-01	1.000000	0
HNRNPA1	4	8.8338e-01	9.9233e-01	1.000000	0
PTPN6	4	8.8342e-01	9.9233e-01	1.000000	0
ZNF853	4	8.8349e-01	9.9233e-01	1.000000	0
PDE3B	4	8.8351e-01	9.9233e-01	1.000000	0
NAA11	4	8.8352e-01	9.9233e-01	1.000000	0
RBM5	4	8.8369e-01	9.9233e-01	1.000000	0
SNX27	4	8.8371e-01	9.9233e-01	1.000000	0
SLC4A8	4	8.8374e-01	9.9233e-01	1.000000	0
WDR33	4	8.8375e-01	9.9233e-01	1.000000	0
SYDE1	4	8.8376e-01	9.9233e-01	1.000000	0
DYNLRB2	4	8.8378e-01	9.9233e-01	1.000000	0
LOC388849	3	8.8382e-01	9.9424e-01	1.000000	0
VPS13A	4	8.8391e-01	9.9244e-01	1.000000	0
ABI1	4	8.8392e-01	9.9244e-01	1.000000	0
MICALL2	4	8.8399e-01	9.9244e-01	1.000000	0
LOC100134391	4	8.8400e-01	9.9244e-01	1.000000	0
SRGN	4	8.8403e-01	9.9244e-01	1.000000	0
RIF1	4	8.8406e-01	9.9254e-01	1.000000	0
NUPR1	4	8.8413e-01	9.9254e-01	1.000000	0
NAP1L4	4	8.8417e-01	9.9254e-01	1.000000	0
SUGP1	4	8.8424e-01	9.9254e-01	1.000000	0
ANKRD7	4	8.8442e-01	9.9263e-01	1.000000	0
DRG2	4	8.8448e-01	9.9263e-01	1.000000	0
TRIM42	4	8.8450e-01	9.9263e-01	1.000000	0
RHPN1	4	8.8450e-01	9.9263e-01	1.000000	0
AIDA	4	8.8453e-01	9.9263e-01	1.000000	0
C8orf33	4	8.8457e-01	9.9273e-01	1.000000	0
ARHGEF1	4	8.8463e-01	9.9273e-01	1.000000	0
PUSL1	4	8.8472e-01	9.9282e-01	1.000000	0
C4A	4	8.8475e-01	9.9282e-01	1.000000	0
SEMA3A	4	8.8483e-01	9.9282e-01	1.000000	0
NUDCD3	4	8.8486e-01	9.9282e-01	1.000000	0
PAPSS1	4	8.8492e-01	9.9282e-01	1.000000	0
BTNL8	4	8.8498e-01	9.9282e-01	1.000000	0
USPL1	4	8.8506e-01	9.9282e-01	1.000000	0
FRMD4B	4	8.8507e-01	9.9282e-01	1.000000	0
CRB2	4	8.8511e-01	9.9282e-01	1.000000	0
CR2	4	8.8517e-01	9.9282e-01	1.000000	0
MCMDC2	4	8.8520e-01	9.9282e-01	1.000000	0
SIGMAR1	4	8.8521e-01	9.9282e-01	1.000000	0
AUTS2	4	8.8524e-01	9.9282e-01	1.000000	0
PLEC	4	8.8528e-01	9.9282e-01	1.000000	0
BRF2	4	8.8536e-01	9.9292e-01	1.000000	0
WNT2B	4	8.8542e-01	9.9292e-01	1.000000	0
C7orf61	4	8.8544e-01	9.9292e-01	1.000000	0
NHLH1	4	8.8551e-01	9.9303e-01	1.000000	0
NDST2	4	8.8556e-01	9.9303e-01	1.000000	0
LMNB2	4	8.8558e-01	9.9303e-01	1.000000	0
EMC2	4	8.8562e-01	9.9303e-01	1.000000	0
TECRL	4	8.8587e-01	9.9303e-01	1.000000	0
TMPPE	4	8.8595e-01	9.9303e-01	1.000000	0
TONSL	4	8.8596e-01	9.9303e-01	1.000000	0
C1QL4	4	8.8598e-01	9.9303e-01	1.000000	0
CLCN1	4	8.8601e-01	9.9303e-01	1.000000	0
C19orf48	4	8.8608e-01	9.9303e-01	1.000000	0
ZGPAT	4	8.8612e-01	9.9303e-01	1.000000	0
ABHD8	4	8.8613e-01	9.9303e-01	1.000000	0
MBLAC2	4	8.8614e-01	9.9303e-01	1.000000	0
THNSL2	4	8.8638e-01	9.9313e-01	1.000000	0
RAB27A	4	8.8640e-01	9.9313e-01	1.000000	0
PHACTR2	4	8.8644e-01	9.9313e-01	1.000000	0
VPS13B	4	8.8644e-01	9.9313e-01	1.000000	0
TEX36	4	8.8646e-01	9.9313e-01	1.000000	0
IL1F10	4	8.8648e-01	9.9313e-01	1.000000	0
MNAT1	4	8.8653e-01	9.9313e-01	1.000000	0
TFPT	4	8.8655e-01	9.9322e-01	1.000000	0
CTTNBP2NL	4	8.8658e-01	9.9323e-01	1.000000	0
RASGRF2	4	8.8660e-01	9.9323e-01	1.000000	0
DAD1	4	8.8664e-01	9.9331e-01	1.000000	0
MYSM1	4	8.8675e-01	9.9331e-01	1.000000	0
GTF3C3	4	8.8684e-01	9.9331e-01	1.000000	0
N6AMT1	4	8.8690e-01	9.9331e-01	1.000000	0
FKBPL	4	8.8691e-01	9.9331e-01	1.000000	0
FOXF1	4	8.8694e-01	9.9331e-01	1.000000	0
DLG2	4	8.8697e-01	9.9331e-01	1.000000	0
SPA17	4	8.8698e-01	9.9331e-01	1.000000	0
DCPS	4	8.8710e-01	9.9331e-01	1.000000	0
C4orf26	4	8.8719e-01	9.9331e-01	1.000000	0
HIP1R	4	8.8721e-01	9.9331e-01	1.000000	0
FAM132A	4	8.8722e-01	9.9331e-01	1.000000	0
FAM167B	4	8.8723e-01	9.9331e-01	1.000000	0
IL23R	4	8.8729e-01	9.9331e-01	1.000000	0
FZR1	4	8.8739e-01	9.9340e-01	1.000000	0
CLTCL1	4	8.8753e-01	9.9340e-01	1.000000	0
C11orf88	4	8.8756e-01	9.9340e-01	1.000000	0
NDUFS7	4	8.8759e-01	9.9340e-01	1.000000	0
IRAK1	4	8.8770e-01	9.9340e-01	1.000000	0
ARX	4	8.8774e-01	9.9340e-01	1.000000	0
AIG1	4	8.8779e-01	9.9340e-01	1.000000	0
VAMP1	4	8.8781e-01	9.9340e-01	1.000000	0
MATK	4	8.8788e-01	9.9349e-01	1.000000	0
ATP10B	4	8.8796e-01	9.9349e-01	1.000000	0
SLC20A2	4	8.8802e-01	9.9349e-01	1.000000	0
RINT1	4	8.8814e-01	9.9349e-01	1.000000	0
SPNS2	4	8.8818e-01	9.9349e-01	1.000000	0
CYP2E1	4	8.8819e-01	9.9349e-01	1.000000	0
SERPINI2	4	8.8821e-01	9.9349e-01	1.000000	0
KRTCAP2	4	8.8824e-01	9.9349e-01	1.000000	0
DNAJC18	4	8.8829e-01	9.9349e-01	1.000000	0
DIAPH2	4	8.8835e-01	9.9349e-01	1.000000	0
TMEM169	4	8.8841e-01	9.9349e-01	1.000000	0
TCTEX1D4	4	8.8843e-01	9.9349e-01	1.000000	0
FOXO1	4	8.8844e-01	9.9349e-01	1.000000	0
CCL3L3	4	8.8847e-01	9.9349e-01	1.000000	0
ARFGEF1	4	8.8852e-01	9.9349e-01	1.000000	0
TMEM41B	4	8.8864e-01	9.9349e-01	1.000000	0
SETD8	4	8.8866e-01	9.9349e-01	1.000000	0
MTA1	4	8.8867e-01	9.9349e-01	1.000000	0
BTBD1	4	8.8878e-01	9.9349e-01	1.000000	0
FRMPD4	4	8.8885e-01	9.9349e-01	1.000000	0
FANCI	4	8.8893e-01	9.9349e-01	1.000000	0
TARS	4	8.8894e-01	9.9349e-01	1.000000	0
UQCC3	4	8.8913e-01	9.9349e-01	1.000000	0
SNRPE	4	8.8926e-01	9.9358e-01	1.000000	0
COX6A1	4	8.8936e-01	9.9358e-01	1.000000	0
FAF2	4	8.8941e-01	9.9358e-01	1.000000	0
EFCAB13	3	8.8944e-01	9.9424e-01	1.000000	0
ADRB2	4	8.8945e-01	9.9358e-01	1.000000	0
CCDC87	4	8.8958e-01	9.9358e-01	1.000000	0
POU6F1	4	8.8960e-01	9.9358e-01	1.000000	0
GCSAM	4	8.8990e-01	9.9367e-01	1.000000	0
THG1L	4	8.9006e-01	9.9367e-01	1.000000	0
TGM7	4	8.9007e-01	9.9367e-01	1.000000	0
C1orf43	4	8.9010e-01	9.9367e-01	1.000000	0
C22orf42	4	8.9018e-01	9.9367e-01	1.000000	0
FAM63B	4	8.9027e-01	9.9367e-01	1.000000	0
ADCY5	4	8.9033e-01	9.9367e-01	1.000000	0
OLFML1	4	8.9039e-01	9.9367e-01	1.000000	0
SLC25A51	4	8.9042e-01	9.9367e-01	1.000000	0
RTN3	4	8.9045e-01	9.9367e-01	1.000000	0
ZNF280B	4	8.9046e-01	9.9367e-01	1.000000	0
C9orf129	4	8.9048e-01	9.9367e-01	1.000000	0
ZNF354C	4	8.9053e-01	9.9367e-01	1.000000	0
ASH2L	4	8.9060e-01	9.9367e-01	1.000000	0
RBM14-RBM4	4	8.9062e-01	9.9367e-01	1.000000	0
GJC3	4	8.9063e-01	9.9367e-01	1.000000	0
ZFYVE1	4	8.9064e-01	9.9367e-01	1.000000	0
CUX1	4	8.9073e-01	9.9367e-01	1.000000	0
TGFB3	4	8.9076e-01	9.9367e-01	1.000000	0
SSUH2	4	8.9079e-01	9.9367e-01	1.000000	0
PAPD7	4	8.9082e-01	9.9367e-01	1.000000	0
TMEM54	4	8.9087e-01	9.9367e-01	1.000000	0
C2CD4B	4	8.9092e-01	9.9367e-01	1.000000	0
COX16	4	8.9102e-01	9.9367e-01	1.000000	0
SPRR3	4	8.9105e-01	9.9367e-01	1.000000	0
CCRL2	3	8.9113e-01	9.9424e-01	1.000000	0
GPHN	4	8.9120e-01	9.9367e-01	1.000000	0
SLC25A5	4	8.9141e-01	9.9367e-01	1.000000	0
FUT5	4	8.9144e-01	9.9376e-01	1.000000	0
NPAS3	4	8.9148e-01	9.9376e-01	1.000000	0
SACS	4	8.9154e-01	9.9385e-01	1.000000	0
MEX3A	4	8.9156e-01	9.9385e-01	1.000000	0
QRICH1	4	8.9158e-01	9.9385e-01	1.000000	0
OPTC	4	8.9179e-01	9.9402e-01	1.000000	0
ZNF79	4	8.9180e-01	9.9402e-01	1.000000	0
CCDC64	4	8.9184e-01	9.9402e-01	1.000000	0
GPRIN2	4	8.9186e-01	9.9402e-01	1.000000	0
B4GAT1	4	8.9191e-01	9.9402e-01	1.000000	0
SIPA1L2	4	8.9195e-01	9.9402e-01	1.000000	0
ZNF827	4	8.9196e-01	9.9402e-01	1.000000	0
ZNF610	4	8.9201e-01	9.9402e-01	1.000000	0
SMEK2	4	8.9209e-01	9.9402e-01	1.000000	0
PASD1	4	8.9211e-01	9.9402e-01	1.000000	0
LCE5A	4	8.9214e-01	9.9402e-01	1.000000	0
FAM151A	4	8.9217e-01	9.9402e-01	1.000000	0
ANKRD20A4	4	8.9218e-01	9.9402e-01	1.000000	0
ADAMTSL2	4	8.9220e-01	9.9402e-01	1.000000	0
SLC37A4	4	8.9222e-01	9.9411e-01	1.000000	0
ZNF99	4	8.9226e-01	9.9411e-01	1.000000	0
RBM17	4	8.9228e-01	9.9411e-01	1.000000	0
GJA8	4	8.9237e-01	9.9411e-01	1.000000	0
DDX39A	4	8.9246e-01	9.9411e-01	1.000000	0
BCAR1	4	8.9260e-01	9.9419e-01	1.000000	0
NODAL	4	8.9266e-01	9.9419e-01	1.000000	0
SERHL2	4	8.9267e-01	9.9419e-01	1.000000	0
PSG2	4	8.9270e-01	9.9419e-01	1.000000	0
RAB24	4	8.9274e-01	9.9419e-01	1.000000	0
PEMT	4	8.9283e-01	9.9419e-01	1.000000	0
SLC25A52	4	8.9286e-01	9.9419e-01	1.000000	0
TRIO	4	8.9298e-01	9.9419e-01	1.000000	0
KPNA7	4	8.9299e-01	9.9419e-01	1.000000	0
DRD2	4	8.9310e-01	9.9427e-01	1.000000	0
VIMP	4	8.9312e-01	9.9427e-01	1.000000	0
ARID3A	4	8.9316e-01	9.9427e-01	1.000000	0
CAPS	4	8.9317e-01	9.9427e-01	1.000000	0
NEURL3	4	8.9318e-01	9.9427e-01	1.000000	0
MOB1B	4	8.9325e-01	9.9427e-01	1.000000	0
H1FOO	4	8.9335e-01	9.9427e-01	1.000000	0
CD1D	4	8.9339e-01	9.9427e-01	1.000000	0
ZNF12	4	8.9343e-01	9.9427e-01	1.000000	0
HMGCS2	4	8.9356e-01	9.9427e-01	1.000000	0
SCGB1A1	4	8.9365e-01	9.9427e-01	1.000000	0
DDX27	4	8.9368e-01	9.9427e-01	1.000000	0
CALCR	4	8.9372e-01	9.9427e-01	1.000000	0
BCL2L14	4	8.9374e-01	9.9427e-01	1.000000	0
MBD6	4	8.9375e-01	9.9427e-01	1.000000	0
GLYATL1	4	8.9382e-01	9.9427e-01	1.000000	0
NDUFB3	4	8.9388e-01	9.9427e-01	1.000000	0
C3orf84	4	8.9390e-01	9.9427e-01	1.000000	0
SLC43A1	4	8.9392e-01	9.9427e-01	1.000000	0
ZNF114	4	8.9393e-01	9.9427e-01	1.000000	0
XCL2	4	8.9399e-01	9.9427e-01	1.000000	0
ZNF479	4	8.9399e-01	9.9427e-01	1.000000	0
SPATA45	4	8.9403e-01	9.9427e-01	1.000000	0
PRPF31	4	8.9407e-01	9.9427e-01	1.000000	0
ZC3H11A	4	8.9419e-01	9.9427e-01	1.000000	0
CENPQ	4	8.9421e-01	9.9427e-01	1.000000	0
AZI2	4	8.9422e-01	9.9427e-01	1.000000	0
KCNMB4	4	8.9423e-01	9.9427e-01	1.000000	0
AP3B1	4	8.9428e-01	9.9435e-01	1.000000	0
SERPIND1	4	8.9445e-01	9.9435e-01	1.000000	0
ZNF85	4	8.9446e-01	9.9435e-01	1.000000	0
SCRG1	4	8.9453e-01	9.9444e-01	1.000000	0
TOR4A	4	8.9460e-01	9.9444e-01	1.000000	0
TVP23B	4	8.9469e-01	9.9444e-01	1.000000	0
TMEM117	4	8.9481e-01	9.9444e-01	1.000000	0
SLC24A5	4	8.9489e-01	9.9444e-01	1.000000	0
ARHGEF19	4	8.9497e-01	9.9444e-01	1.000000	0
SNX30	4	8.9499e-01	9.9444e-01	1.000000	0
CCDC157	4	8.9504e-01	9.9444e-01	1.000000	0
PDHA2	4	8.9512e-01	9.9452e-01	1.000000	0
IL5	4	8.9524e-01	9.9452e-01	1.000000	0
SYAP1	4	8.9530e-01	9.9452e-01	1.000000	0
EVPLL	4	8.9535e-01	9.9452e-01	1.000000	0
CAT	4	8.9546e-01	9.9461e-01	1.000000	0
NDUFS5	4	8.9552e-01	9.9461e-01	1.000000	0
MPHOSPH10	4	8.9554e-01	9.9461e-01	1.000000	0
BRI3	4	8.9556e-01	9.9461e-01	1.000000	0
C2orf88	4	8.9560e-01	9.9461e-01	1.000000	0
PRIM2	4	8.9566e-01	9.9461e-01	1.000000	0
CLEC5A	4	8.9567e-01	9.9461e-01	1.000000	0
SLC25A27	4	8.9574e-01	9.9461e-01	1.000000	0
CD4	4	8.9588e-01	9.9477e-01	1.000000	0
RAVER2	4	8.9591e-01	9.9477e-01	1.000000	0
TMEM95	4	8.9611e-01	9.9477e-01	1.000000	0
TM2D3	4	8.9618e-01	9.9477e-01	1.000000	0
GDF6	4	8.9620e-01	9.9477e-01	1.000000	0
PCDH11X	4	8.9626e-01	9.9477e-01	1.000000	0
ZNF324	4	8.9628e-01	9.9477e-01	1.000000	0
C9orf142	4	8.9639e-01	9.9485e-01	1.000000	0
TMEM18	4	8.9647e-01	9.9485e-01	1.000000	0
FAS	4	8.9647e-01	9.9485e-01	1.000000	0
CEP97	4	8.9649e-01	9.9485e-01	1.000000	0
CD3E	4	8.9650e-01	9.9485e-01	1.000000	0
RBM48	4	8.9656e-01	9.9485e-01	1.000000	0
ZNF385A	4	8.9663e-01	9.9485e-01	1.000000	0
SMR3A	4	8.9666e-01	9.9485e-01	1.000000	0
CCL25	4	8.9668e-01	9.9485e-01	1.000000	0
CYP2R1	4	8.9674e-01	9.9492e-01	1.000000	0
IQCF2	4	8.9682e-01	9.9492e-01	1.000000	0
CECR6	4	8.9697e-01	9.9492e-01	1.000000	0
BEND5	4	8.9713e-01	9.9492e-01	1.000000	0
RAG2	4	8.9720e-01	9.9492e-01	1.000000	0
PPP1R3A	4	8.9727e-01	9.9492e-01	1.000000	0
FADS2	4	8.9732e-01	9.9492e-01	1.000000	0
TYMS	4	8.9740e-01	9.9492e-01	1.000000	0
KIAA1522	4	8.9750e-01	9.9492e-01	1.000000	0
OR1D5	4	8.9771e-01	9.9492e-01	1.000000	0
ARSJ	4	8.9774e-01	9.9492e-01	1.000000	0
COL9A2	4	8.9788e-01	9.9499e-01	1.000000	0
USP48	4	8.9792e-01	9.9499e-01	1.000000	0
CATSPERD	4	8.9798e-01	9.9499e-01	1.000000	0
MARK1	4	8.9801e-01	9.9499e-01	1.000000	0
RITA1	4	8.9806e-01	9.9499e-01	1.000000	0
HIST1H2AI	4	8.9807e-01	9.9499e-01	1.000000	0
SALL3	4	8.9813e-01	9.9499e-01	1.000000	0
JMJD1C	4	8.9819e-01	9.9499e-01	1.000000	0
METTL13	4	8.9822e-01	9.9499e-01	1.000000	0
FAM222B	4	8.9824e-01	9.9499e-01	1.000000	0
CYB5D1	4	8.9825e-01	9.9499e-01	1.000000	0
PTPRF	4	8.9841e-01	9.9499e-01	1.000000	0
SNRPB2	4	8.9847e-01	9.9499e-01	1.000000	0
DNAJC4	4	8.9858e-01	9.9499e-01	1.000000	0
TEKT3	4	8.9863e-01	9.9499e-01	1.000000	0
CXCR2	4	8.9866e-01	9.9499e-01	1.000000	0
PSMC5	4	8.9870e-01	9.9499e-01	1.000000	0
PCMTD1	4	8.9873e-01	9.9499e-01	1.000000	0
ZNF131	4	8.9885e-01	9.9499e-01	1.000000	0
ETFA	4	8.9887e-01	9.9499e-01	1.000000	0
OR4K15	4	8.9889e-01	9.9499e-01	1.000000	0
GATAD2A	4	8.9902e-01	9.9499e-01	1.000000	0
MAML2	4	8.9903e-01	9.9499e-01	1.000000	0
RAD54L	4	8.9915e-01	9.9499e-01	1.000000	0
FMR1NB	4	8.9918e-01	9.9499e-01	1.000000	0
ARHGEF16	3	8.9926e-01	9.9443e-01	1.000000	0
WNT3	4	8.9928e-01	9.9499e-01	1.000000	0
SAMD9L	4	8.9947e-01	9.9499e-01	1.000000	0
SCNM1	4	8.9950e-01	9.9499e-01	1.000000	0
NUP93	4	8.9958e-01	9.9499e-01	1.000000	0
FAM150B	4	8.9962e-01	9.9507e-01	1.000000	0
YPEL4	4	8.9968e-01	9.9507e-01	1.000000	0
C7orf25	4	8.9981e-01	9.9507e-01	1.000000	0
DCLK3	4	8.9986e-01	9.9507e-01	1.000000	0
CCDC9	4	8.9992e-01	9.9507e-01	1.000000	0
BLOC1S4	4	9.0003e-01	9.9507e-01	1.000000	0
AK4	4	9.0008e-01	9.9507e-01	1.000000	0
PITPNB	3	9.0012e-01	9.9443e-01	1.000000	0
FAM193A	4	9.0020e-01	9.9507e-01	1.000000	0
PSMC3IP	4	9.0027e-01	9.9507e-01	1.000000	0
TINF2	4	9.0030e-01	9.9507e-01	1.000000	0
ZNF414	4	9.0035e-01	9.9507e-01	1.000000	0
EPHA1	4	9.0039e-01	9.9507e-01	1.000000	0
RETNLB	4	9.0045e-01	9.9507e-01	1.000000	0
DCAF4	4	9.0059e-01	9.9512e-01	1.000000	0
MC3R	4	9.0060e-01	9.9512e-01	1.000000	0
NDUFC1	4	9.0063e-01	9.9513e-01	1.000000	0
ITIH1	4	9.0066e-01	9.9520e-01	1.000000	0
TCTE3	4	9.0067e-01	9.9520e-01	1.000000	0
IL17RC	4	9.0074e-01	9.9520e-01	1.000000	0
SLC35G1	4	9.0078e-01	9.9520e-01	1.000000	0
PAGE4	4	9.0081e-01	9.9520e-01	1.000000	0
FBP1	4	9.0084e-01	9.9520e-01	1.000000	0
LEFTY2	4	9.0090e-01	9.9520e-01	1.000000	0
C15orf41	4	9.0091e-01	9.9520e-01	1.000000	0
ADAMTS10	4	9.0095e-01	9.9520e-01	1.000000	0
LRRC4B	4	9.0100e-01	9.9528e-01	1.000000	0
URB2	4	9.0102e-01	9.9528e-01	1.000000	0
MCHR1	4	9.0106e-01	9.9528e-01	1.000000	0
DGCR14	4	9.0107e-01	9.9528e-01	1.000000	0
DDX19B	4	9.0127e-01	9.9528e-01	1.000000	0
GJB5	4	9.0128e-01	9.9528e-01	1.000000	0
TEX29	4	9.0138e-01	9.9528e-01	1.000000	0
FAM72C	4	9.0142e-01	9.9528e-01	1.000000	0
JCHAIN	4	9.0152e-01	9.9528e-01	1.000000	0
NUP188	4	9.0154e-01	9.9528e-01	1.000000	0
OTUD4	4	9.0158e-01	9.9535e-01	1.000000	0
LRRC6	4	9.0165e-01	9.9535e-01	1.000000	0
ZC3H3	4	9.0168e-01	9.9535e-01	1.000000	0
SLC35F6	4	9.0205e-01	9.9542e-01	1.000000	0
LRRN3	4	9.0218e-01	9.9542e-01	1.000000	0
LAMTOR5	4	9.0230e-01	9.9561e-01	1.000000	0
SGIP1	4	9.0246e-01	9.9561e-01	1.000000	0
SRGAP2C	4	9.0254e-01	9.9561e-01	1.000000	0
OR4C12	4	9.0258e-01	9.9561e-01	1.000000	0
MED10	4	9.0259e-01	9.9561e-01	1.000000	0
ALS2CR11	4	9.0263e-01	9.9561e-01	1.000000	0
MINOS1-NBL1	4	9.0267e-01	9.9561e-01	1.000000	0
WDR17	4	9.0274e-01	9.9561e-01	1.000000	0
RTCA	4	9.0283e-01	9.9561e-01	1.000000	0
MAGED2	4	9.0292e-01	9.9561e-01	1.000000	0
NINJ1	4	9.0301e-01	9.9568e-01	1.000000	0
B3GALNT1	4	9.0316e-01	9.9568e-01	1.000000	0
NOVA1	4	9.0322e-01	9.9568e-01	1.000000	0
MRGPRF	4	9.0325e-01	9.9568e-01	1.000000	0
CERCAM	4	9.0328e-01	9.9568e-01	1.000000	0
FGF2	3	9.0328e-01	9.9453e-01	1.000000	0
WDR49	4	9.0334e-01	9.9568e-01	1.000000	0
TNFRSF17	4	9.0336e-01	9.9568e-01	1.000000	0
XRN2	4	9.0338e-01	9.9568e-01	1.000000	0
C2orf54	4	9.0354e-01	9.9568e-01	1.000000	0
IL2RB	4	9.0374e-01	9.9568e-01	1.000000	0
OBSCN	4	9.0382e-01	9.9574e-01	1.000000	0
ENY2	4	9.0397e-01	9.9581e-01	1.000000	0
CCDC64B	4	9.0399e-01	9.9581e-01	1.000000	0
ARSE	4	9.0411e-01	9.9587e-01	1.000000	0
SCN3B	4	9.0425e-01	9.9587e-01	1.000000	0
ZNF521	4	9.0427e-01	9.9587e-01	1.000000	0
DONSON	4	9.0430e-01	9.9587e-01	1.000000	0
NRIP2	4	9.0447e-01	9.9587e-01	1.000000	0
BPGM	4	9.0477e-01	9.9587e-01	1.000000	0
KCNMB3	4	9.0478e-01	9.9587e-01	1.000000	0
PHF1	4	9.0482e-01	9.9587e-01	1.000000	0
ATE1	4	9.0488e-01	9.9587e-01	1.000000	0
RRAD	4	9.0489e-01	9.9587e-01	1.000000	0
STMN1	4	9.0498e-01	9.9587e-01	1.000000	0
UBE2W	4	9.0504e-01	9.9587e-01	1.000000	0
TP53TG3D	4	9.0507e-01	9.9587e-01	1.000000	0
SEPP1	4	9.0529e-01	9.9587e-01	1.000000	0
FCGR1B	4	9.0530e-01	9.9587e-01	1.000000	0
SIX4	4	9.0537e-01	9.9587e-01	1.000000	0
KRAS	4	9.0539e-01	9.9587e-01	1.000000	0
CCDC107	4	9.0541e-01	9.9587e-01	1.000000	0
HMGCL	4	9.0553e-01	9.9587e-01	1.000000	0
APEX1	4	9.0556e-01	9.9587e-01	1.000000	0
RASGRF1	4	9.0559e-01	9.9587e-01	1.000000	0
DCP2	4	9.0561e-01	9.9587e-01	1.000000	0
NTMT1	4	9.0562e-01	9.9587e-01	1.000000	0
FCN2	4	9.0570e-01	9.9587e-01	1.000000	0
PIGC	4	9.0571e-01	9.9587e-01	1.000000	0
LIN9	4	9.0576e-01	9.9587e-01	1.000000	0
FIGNL1	4	9.0582e-01	9.9587e-01	1.000000	0
GPAT2	4	9.0584e-01	9.9587e-01	1.000000	0
ALDH2	4	9.0585e-01	9.9587e-01	1.000000	0
WIPF1	4	9.0589e-01	9.9587e-01	1.000000	0
SIGLEC8	4	9.0605e-01	9.9587e-01	1.000000	0
PPFIA4	4	9.0606e-01	9.9587e-01	1.000000	0
PIGG	4	9.0610e-01	9.9587e-01	1.000000	0
SRRM2	4	9.0613e-01	9.9587e-01	1.000000	0
SEPTIN4	4	9.0623e-01	9.9593e-01	1.000000	0
ADAM30	4	9.0626e-01	9.9593e-01	1.000000	0
SCN2B	4	9.0631e-01	9.9593e-01	1.000000	0
ADIG	4	9.0644e-01	9.9593e-01	1.000000	0
AQP3	4	9.0648e-01	9.9593e-01	1.000000	0
RASGRP1	4	9.0653e-01	9.9593e-01	1.000000	0
ALG10B	4	9.0655e-01	9.9593e-01	1.000000	0
TSPYL6	4	9.0659e-01	9.9593e-01	1.000000	0
PCYT1A	4	9.0663e-01	9.9593e-01	1.000000	0
HELZ2	4	9.0670e-01	9.9599e-01	1.000000	0
CUTC	4	9.0670e-01	9.9599e-01	1.000000	0
TYK2	4	9.0674e-01	9.9599e-01	1.000000	0
PSMG1	4	9.0679e-01	9.9599e-01	1.000000	0
HNRNPA3	4	9.0690e-01	9.9599e-01	1.000000	0
CD101	4	9.0697e-01	9.9605e-01	1.000000	0
LCAT	4	9.0704e-01	9.9605e-01	1.000000	0
COMMD10	4	9.0704e-01	9.9605e-01	1.000000	0
LYRM7	4	9.0711e-01	9.9605e-01	1.000000	0
MOSPD3	4	9.0721e-01	9.9612e-01	1.000000	0
CCDC66	4	9.0725e-01	9.9612e-01	1.000000	0
RNF113A	4	9.0726e-01	9.9612e-01	1.000000	0
ANKRD37	4	9.0743e-01	9.9612e-01	1.000000	0
NPIPB9	4	9.0745e-01	9.9612e-01	1.000000	0
CFTR	4	9.0748e-01	9.9612e-01	1.000000	0
MEF2B	4	9.0751e-01	9.9612e-01	1.000000	0
MYNN	4	9.0754e-01	9.9612e-01	1.000000	0
ALX4	4	9.0769e-01	9.9612e-01	1.000000	0
C11orf71	4	9.0771e-01	9.9612e-01	1.000000	0
TNNC1	4	9.0774e-01	9.9612e-01	1.000000	0
UBA6	4	9.0779e-01	9.9612e-01	1.000000	0
OGFOD1	4	9.0781e-01	9.9612e-01	1.000000	0
DSCR3	4	9.0790e-01	9.9612e-01	1.000000	0
TBC1D10C	4	9.0803e-01	9.9612e-01	1.000000	0
USP17L5	4	9.0808e-01	9.9612e-01	1.000000	0
OR5T1	4	9.0817e-01	9.9612e-01	1.000000	0
OR5M3	4	9.0845e-01	9.9612e-01	1.000000	0
CBLN2	4	9.0846e-01	9.9612e-01	1.000000	0
PPP3R2	4	9.0850e-01	9.9612e-01	1.000000	0
MARCHF1	8	9.0858e-01	9.8434e-01	1.000000	0
ANO9	4	9.0859e-01	9.9612e-01	1.000000	0
ORAI2	4	9.0860e-01	9.9612e-01	1.000000	0
SUCLA2	4	9.0864e-01	9.9618e-01	1.000000	0
SPINK4	4	9.0867e-01	9.9618e-01	1.000000	0
SERINC5	4	9.0869e-01	9.9618e-01	1.000000	0
LIPJ	4	9.0872e-01	9.9618e-01	1.000000	0
NANOS3	4	9.0884e-01	9.9618e-01	1.000000	0
PLEKHO1	4	9.0885e-01	9.9618e-01	1.000000	0
MCPH1	4	9.0887e-01	9.9618e-01	1.000000	0
SLC25A21	4	9.0895e-01	9.9618e-01	1.000000	0
RABL2B	4	9.0896e-01	9.9618e-01	1.000000	0
RFX5	4	9.0900e-01	9.9618e-01	1.000000	0
OR52D1	4	9.0903e-01	9.9618e-01	1.000000	0
CAMK1D	4	9.0906e-01	9.9618e-01	1.000000	0
GDAP1	4	9.0917e-01	9.9618e-01	1.000000	0
GMEB1	4	9.0922e-01	9.9618e-01	1.000000	0
YIF1B	4	9.0924e-01	9.9618e-01	1.000000	0
MFSD11	4	9.0931e-01	9.9618e-01	1.000000	0
WBP1L	4	9.0939e-01	9.9618e-01	1.000000	0
CALCB	4	9.0948e-01	9.9629e-01	1.000000	0
EPC1	4	9.0950e-01	9.9629e-01	1.000000	0
NDUFA10	4	9.0951e-01	9.9629e-01	1.000000	0
SLC25A24	4	9.0958e-01	9.9629e-01	1.000000	0
ACOT12	4	9.0960e-01	9.9629e-01	1.000000	0
MAPKAPK3	4	9.0962e-01	9.9629e-01	1.000000	0
TRIM64C	4	9.0963e-01	9.9629e-01	1.000000	0
ZNF436	4	9.0967e-01	9.9636e-01	1.000000	0
PTGIR	4	9.0969e-01	9.9636e-01	1.000000	0
C9orf92	4	9.0970e-01	9.9636e-01	1.000000	0
CLEC2L	4	9.0972e-01	9.9636e-01	1.000000	0
ZNF518B	4	9.0975e-01	9.9636e-01	1.000000	0
GTF2A1	4	9.0977e-01	9.9636e-01	1.000000	0
SUCNR1	4	9.0979e-01	9.9636e-01	1.000000	0
SNAPC1	4	9.0985e-01	9.9636e-01	1.000000	0
FANCE	4	9.0990e-01	9.9636e-01	1.000000	0
TMEM190	4	9.0995e-01	9.9636e-01	1.000000	0
EIF3J	4	9.0996e-01	9.9636e-01	1.000000	0
CD86	4	9.1001e-01	9.9636e-01	1.000000	0
OR8D2	4	9.1014e-01	9.9649e-01	1.000000	0
OSBPL9	3	9.1018e-01	9.9508e-01	1.000000	0
KALRN	4	9.1033e-01	9.9649e-01	1.000000	0
CABIN1	4	9.1036e-01	9.9649e-01	1.000000	0
CLN8	4	9.1036e-01	9.9649e-01	1.000000	0
WDR36	4	9.1038e-01	9.9649e-01	1.000000	0
TAF9B	4	9.1039e-01	9.9649e-01	1.000000	0
UBE2G1	4	9.1045e-01	9.9655e-01	1.000000	0
SLC7A13	4	9.1047e-01	9.9655e-01	1.000000	0
STX3	4	9.1052e-01	9.9655e-01	1.000000	0
TNFRSF1B	4	9.1058e-01	9.9655e-01	1.000000	0
CRIP1	4	9.1061e-01	9.9655e-01	1.000000	0
CCND3	4	9.1064e-01	9.9655e-01	1.000000	0
INIP	4	9.1069e-01	9.9655e-01	1.000000	0
ITGB5	4	9.1075e-01	9.9667e-01	1.000000	0
ACTN3	4	9.1075e-01	9.9667e-01	1.000000	0
BIRC7	4	9.1080e-01	9.9667e-01	1.000000	0
TLN2	4	9.1081e-01	9.9667e-01	1.000000	0
MTMR14	4	9.1082e-01	9.9667e-01	1.000000	0
TRIP11	4	9.1097e-01	9.9667e-01	1.000000	0
BPIFC	4	9.1108e-01	9.9667e-01	1.000000	0
MRPL20	4	9.1110e-01	9.9667e-01	1.000000	0
C22orf23	4	9.1114e-01	9.9667e-01	1.000000	0
THEMIS2	4	9.1115e-01	9.9667e-01	1.000000	0
CDCA5	4	9.1117e-01	9.9667e-01	1.000000	0
SEMA4B	4	9.1121e-01	9.9667e-01	1.000000	0
CCDC112	4	9.1122e-01	9.9667e-01	1.000000	0
C11orf57	4	9.1126e-01	9.9667e-01	1.000000	0
PPP2R5C	4	9.1131e-01	9.9672e-01	1.000000	0
UBLCP1	4	9.1134e-01	9.9672e-01	1.000000	0
SOX3	4	9.1144e-01	9.9672e-01	1.000000	0
NUTM1	4	9.1160e-01	9.9672e-01	1.000000	0
TNFAIP8L3	4	9.1165e-01	9.9672e-01	1.000000	0
IFT27	4	9.1167e-01	9.9678e-01	1.000000	0
ZFC3H1	4	9.1168e-01	9.9678e-01	1.000000	0
CCR5	4	9.1173e-01	9.9678e-01	1.000000	0
SSBP3	4	9.1176e-01	9.9678e-01	1.000000	0
FSCB	4	9.1176e-01	9.9678e-01	1.000000	0
SSX1	4	9.1194e-01	9.9684e-01	1.000000	0
KLRG1	4	9.1201e-01	9.9684e-01	1.000000	0
EIF3F	4	9.1213e-01	9.9684e-01	1.000000	0
C2orf78	4	9.1224e-01	9.9684e-01	1.000000	0
HELB	4	9.1227e-01	9.9684e-01	1.000000	0
PELI3	4	9.1229e-01	9.9689e-01	1.000000	0
WFDC8	4	9.1237e-01	9.9689e-01	1.000000	0
C10orf54	4	9.1242e-01	9.9694e-01	1.000000	0
TIGD3	4	9.1250e-01	9.9694e-01	1.000000	0
COL9A3	4	9.1257e-01	9.9694e-01	1.000000	0
AURKAIP1	4	9.1258e-01	9.9694e-01	1.000000	0
DNMT3A	4	9.1265e-01	9.9694e-01	1.000000	0
ZNF589	4	9.1266e-01	9.9694e-01	1.000000	0
CLDN18	4	9.1267e-01	9.9694e-01	1.000000	0
TPCN2	4	9.1269e-01	9.9694e-01	1.000000	0
PRPF40A	4	9.1286e-01	9.9694e-01	1.000000	0
EHD1	4	9.1289e-01	9.9694e-01	1.000000	0
RNF186	4	9.1294e-01	9.9694e-01	1.000000	0
OR2A5	4	9.1296e-01	9.9700e-01	1.000000	0
TPCN1	4	9.1307e-01	9.9700e-01	1.000000	0
ARHGEF17	3	9.1307e-01	9.9525e-01	1.000000	0
SLMAP	4	9.1311e-01	9.9700e-01	1.000000	0
PAFAH1B1	4	9.1311e-01	9.9700e-01	1.000000	0
DDX19A	4	9.1312e-01	9.9700e-01	1.000000	0
CES2	4	9.1317e-01	9.9700e-01	1.000000	0
MTRNR2L8	4	9.1321e-01	9.9700e-01	1.000000	0
ELFN1	4	9.1326e-01	9.9700e-01	1.000000	0
ARMC12	4	9.1326e-01	9.9700e-01	1.000000	0
DNAJB9	4	9.1330e-01	9.9700e-01	1.000000	0
ENTPD5	4	9.1333e-01	9.9700e-01	1.000000	0
C16orf86	4	9.1337e-01	9.9700e-01	1.000000	0
TBX19	4	9.1358e-01	9.9709e-01	1.000000	0
ESCO2	4	9.1365e-01	9.9715e-01	1.000000	0
TMED6	4	9.1382e-01	9.9720e-01	1.000000	0
AKAP1	4	9.1388e-01	9.9720e-01	1.000000	0
MMS22L	4	9.1389e-01	9.9720e-01	1.000000	0
ASAH2	4	9.1392e-01	9.9720e-01	1.000000	0
C1orf109	4	9.1393e-01	9.9720e-01	1.000000	0
SNF8	4	9.1395e-01	9.9720e-01	1.000000	0
SRGAP2B	4	9.1396e-01	9.9720e-01	1.000000	0
SERGEF	4	9.1398e-01	9.9720e-01	1.000000	0
CTBS	4	9.1399e-01	9.9720e-01	1.000000	0
PNISR	4	9.1403e-01	9.9720e-01	1.000000	0
TGOLN2	4	9.1415e-01	9.9720e-01	1.000000	0
ZFP36L2	4	9.1416e-01	9.9720e-01	1.000000	0
AGGF1	4	9.1423e-01	9.9720e-01	1.000000	0
SSRP1	4	9.1426e-01	9.9720e-01	1.000000	0
RFPL4AL1	4	9.1431e-01	9.9720e-01	1.000000	0
ODF1	4	9.1438e-01	9.9720e-01	1.000000	0
AMICA1	4	9.1447e-01	9.9720e-01	1.000000	0
FANCD2	4	9.1459e-01	9.9720e-01	1.000000	0
TJP1	4	9.1460e-01	9.9720e-01	1.000000	0
LMAN1	4	9.1470e-01	9.9725e-01	1.000000	0
E2F1	4	9.1474e-01	9.9725e-01	1.000000	0
CELSR3	4	9.1478e-01	9.9725e-01	1.000000	0
MRPL13	4	9.1480e-01	9.9725e-01	1.000000	0
RRP12	4	9.1481e-01	9.9725e-01	1.000000	0
PLAGL2	4	9.1485e-01	9.9725e-01	1.000000	0
NAPSA	4	9.1488e-01	9.9725e-01	1.000000	0
ADCY10	4	9.1498e-01	9.9725e-01	1.000000	0
RHEBL1	4	9.1505e-01	9.9725e-01	1.000000	0
TRAPPC12	4	9.1509e-01	9.9725e-01	1.000000	0
ZBTB5	4	9.1515e-01	9.9725e-01	1.000000	0
LRRC17	4	9.1518e-01	9.9725e-01	1.000000	0
GTPBP3	4	9.1538e-01	9.9730e-01	1.000000	0
SP2	4	9.1544e-01	9.9730e-01	1.000000	0
TMEM217	4	9.1549e-01	9.9732e-01	1.000000	0
C1orf95	4	9.1557e-01	9.9734e-01	1.000000	0
CDC23	4	9.1558e-01	9.9739e-01	1.000000	0
SUMO3	4	9.1562e-01	9.9739e-01	1.000000	0
USP17L2	4	9.1583e-01	9.9739e-01	1.000000	0
PARP3	4	9.1598e-01	9.9744e-01	1.000000	0
PNPLA5	4	9.1599e-01	9.9744e-01	1.000000	0
PCSK4	4	9.1602e-01	9.9744e-01	1.000000	0
STX6	4	9.1608e-01	9.9744e-01	1.000000	0
DIS3L2	4	9.1612e-01	9.9744e-01	1.000000	0
CREB1	4	9.1617e-01	9.9744e-01	1.000000	0
FUT11	4	9.1625e-01	9.9749e-01	1.000000	0
FADS3	4	9.1627e-01	9.9749e-01	1.000000	0
IDH1	4	9.1642e-01	9.9752e-01	1.000000	0
PPP3CB	4	9.1652e-01	9.9753e-01	1.000000	0
PHACTR1	4	9.1658e-01	9.9753e-01	1.000000	0
MOGAT1	4	9.1662e-01	9.9753e-01	1.000000	0
OR51T1	4	9.1664e-01	9.9753e-01	1.000000	0
TMEM203	4	9.1666e-01	9.9753e-01	1.000000	0
FAM118B	4	9.1667e-01	9.9753e-01	1.000000	0
SLITRK3	4	9.1671e-01	9.9757e-01	1.000000	0
LIG4	4	9.1673e-01	9.9757e-01	1.000000	0
PARP9	4	9.1675e-01	9.9757e-01	1.000000	0
ZDHHC12	4	9.1679e-01	9.9757e-01	1.000000	0
FAM162A	4	9.1680e-01	9.9757e-01	1.000000	0
MAPKAP1	4	9.1685e-01	9.9757e-01	1.000000	0
FRAT1	4	9.1688e-01	9.9757e-01	1.000000	0
ICE1	4	9.1690e-01	9.9757e-01	1.000000	0
SAMD13	4	9.1691e-01	9.9757e-01	1.000000	0
OR5A2	4	9.1700e-01	9.9761e-01	1.000000	0
STK25	4	9.1706e-01	9.9761e-01	1.000000	0
B4GALT2	4	9.1706e-01	9.9761e-01	1.000000	0
URM1	3	9.1708e-01	9.9550e-01	1.000000	0
RSC1A1	4	9.1710e-01	9.9765e-01	1.000000	0
SLC27A6	4	9.1716e-01	9.9765e-01	1.000000	0
FEZ1	4	9.1721e-01	9.9765e-01	1.000000	0
PAF1	3	9.1726e-01	9.9550e-01	1.000000	0
ADAMTS16	4	9.1729e-01	9.9765e-01	1.000000	0
C11orf84	4	9.1731e-01	9.9765e-01	1.000000	0
ZSWIM2	4	9.1736e-01	9.9765e-01	1.000000	0
SLC2A8	4	9.1738e-01	9.9765e-01	1.000000	0
GTSE1	4	9.1745e-01	9.9765e-01	1.000000	0
SLC25A34	4	9.1746e-01	9.9765e-01	1.000000	0
CALB2	4	9.1747e-01	9.9765e-01	1.000000	0
DPEP3	4	9.1749e-01	9.9765e-01	1.000000	0
MTFR1L	4	9.1750e-01	9.9765e-01	1.000000	0
ECEL1	4	9.1752e-01	9.9765e-01	1.000000	0
SLC16A8	4	9.1753e-01	9.9765e-01	1.000000	0
VDAC1	4	9.1757e-01	9.9765e-01	1.000000	0
COL1A2	4	9.1766e-01	9.9765e-01	1.000000	0
ECHDC1	4	9.1769e-01	9.9765e-01	1.000000	0
HPCAL1	4	9.1770e-01	9.9765e-01	1.000000	0
IMMT	4	9.1771e-01	9.9765e-01	1.000000	0
TRIM14	4	9.1775e-01	9.9765e-01	1.000000	0
HIPK2	4	9.1776e-01	9.9765e-01	1.000000	0
ALDH3A2	4	9.1780e-01	9.9765e-01	1.000000	0
FTHL17	4	9.1781e-01	9.9765e-01	1.000000	0
KIAA1598	4	9.1785e-01	9.9765e-01	1.000000	0
RAD23B	4	9.1801e-01	9.9765e-01	1.000000	0
EPHB3	4	9.1809e-01	9.9765e-01	1.000000	0
NHLH2	4	9.1813e-01	9.9765e-01	1.000000	0
ACAD9	4	9.1832e-01	9.9765e-01	1.000000	0
FCER2	4	9.1846e-01	9.9765e-01	1.000000	0
ANKRD39	4	9.1846e-01	9.9765e-01	1.000000	0
OSBPL3	4	9.1875e-01	9.9765e-01	1.000000	0
GBE1	4	9.1881e-01	9.9765e-01	1.000000	0
ALPL	4	9.1892e-01	9.9765e-01	1.000000	0
CD109	4	9.1896e-01	9.9765e-01	1.000000	0
CCDC43	4	9.1899e-01	9.9765e-01	1.000000	0
TPH2	4	9.1904e-01	9.9765e-01	1.000000	0
VPREB1	4	9.1906e-01	9.9765e-01	1.000000	0
HYLS1	4	9.1913e-01	9.9765e-01	1.000000	0
IFNE	4	9.1917e-01	9.9765e-01	1.000000	0
MCIDAS	4	9.1918e-01	9.9765e-01	1.000000	0
USP14	4	9.1920e-01	9.9765e-01	1.000000	0
MOAP1	4	9.1921e-01	9.9765e-01	1.000000	0
WASL	4	9.1928e-01	9.9765e-01	1.000000	0
CD3G	4	9.1932e-01	9.9765e-01	1.000000	0
TAS2R38	4	9.1932e-01	9.9765e-01	1.000000	0
ATP13A3	4	9.1937e-01	9.9765e-01	1.000000	0
SORBS1	4	9.1938e-01	9.9765e-01	1.000000	0
ECE2	4	9.1942e-01	9.9765e-01	1.000000	0
WWOX	4	9.1947e-01	9.9765e-01	1.000000	0
PRRC2C	4	9.1952e-01	9.9765e-01	1.000000	0
SLC25A35	4	9.1962e-01	9.9765e-01	1.000000	0
APOBEC3G	4	9.1969e-01	9.9765e-01	1.000000	0
QARS	4	9.1970e-01	9.9765e-01	1.000000	0
GTSF1	4	9.1974e-01	9.9765e-01	1.000000	0
TSTD3	4	9.1979e-01	9.9765e-01	1.000000	0
PDCL2	4	9.1981e-01	9.9765e-01	1.000000	0
ARPC4-TTLL3	4	9.1989e-01	9.9765e-01	1.000000	0
MEGF10	4	9.1992e-01	9.9765e-01	1.000000	0
GUCA1C	4	9.1995e-01	9.9765e-01	1.000000	0
CAMK2N1	4	9.2002e-01	9.9770e-01	1.000000	0
UBE3D	4	9.2003e-01	9.9770e-01	1.000000	0
FAM92B	4	9.2006e-01	9.9770e-01	1.000000	0
LYN	4	9.2006e-01	9.9770e-01	1.000000	0
CLU	4	9.2007e-01	9.9770e-01	1.000000	0
MRGPRX4	4	9.2021e-01	9.9770e-01	1.000000	0
SBF1	4	9.2023e-01	9.9770e-01	1.000000	0
TMSB4X	4	9.2035e-01	9.9770e-01	1.000000	0
GML	4	9.2042e-01	9.9774e-01	1.000000	0
TMEM208	4	9.2048e-01	9.9774e-01	1.000000	0
LRRC37B	4	9.2064e-01	9.9783e-01	1.000000	0
BMS1	4	9.2064e-01	9.9783e-01	1.000000	0
BACH2	4	9.2067e-01	9.9783e-01	1.000000	0
CCDC85B	4	9.2072e-01	9.9783e-01	1.000000	0
NMRK2	4	9.2075e-01	9.9783e-01	1.000000	0
LCE2D	4	9.2086e-01	9.9783e-01	1.000000	0
ZBTB11	4	9.2089e-01	9.9783e-01	1.000000	0
PRR19	4	9.2105e-01	9.9783e-01	1.000000	0
KRTAP5-2	4	9.2106e-01	9.9783e-01	1.000000	0
FBXO45	4	9.2110e-01	9.9783e-01	1.000000	0
OR2T33	4	9.2126e-01	9.9783e-01	1.000000	0
NXPE1	4	9.2128e-01	9.9783e-01	1.000000	0
ZBTB46	4	9.2149e-01	9.9787e-01	1.000000	0
ROPN1	4	9.2160e-01	9.9791e-01	1.000000	0
NDRG2	4	9.2184e-01	9.9791e-01	1.000000	0
FOSB	4	9.2192e-01	9.9794e-01	1.000000	0
BLOC1S2	4	9.2203e-01	9.9794e-01	1.000000	0
PDDC1	4	9.2214e-01	9.9795e-01	1.000000	0
ITGB7	4	9.2215e-01	9.9795e-01	1.000000	0
IQCB1	4	9.2219e-01	9.9795e-01	1.000000	0
USP16	4	9.2221e-01	9.9795e-01	1.000000	0
RARRES1	4	9.2222e-01	9.9795e-01	1.000000	0
SRSF10	4	9.2224e-01	9.9795e-01	1.000000	0
PODNL1	4	9.2224e-01	9.9795e-01	1.000000	0
DEGS2	4	9.2227e-01	9.9795e-01	1.000000	0
COG1	4	9.2231e-01	9.9795e-01	1.000000	0
LRIF1	4	9.2235e-01	9.9795e-01	1.000000	0
CXorf51A	4	9.2239e-01	9.9799e-01	1.000000	0
KRT1	4	9.2240e-01	9.9799e-01	1.000000	0
GLYCTK	4	9.2248e-01	9.9799e-01	1.000000	0
MUM1	4	9.2250e-01	9.9799e-01	1.000000	0
USP6	4	9.2251e-01	9.9799e-01	1.000000	0
MAU2	4	9.2254e-01	9.9799e-01	1.000000	0
LDB1	4	9.2263e-01	9.9799e-01	1.000000	0
CNTF	4	9.2264e-01	9.9799e-01	1.000000	0
AKR7A3	4	9.2265e-01	9.9799e-01	1.000000	0
CDR2L	4	9.2266e-01	9.9799e-01	1.000000	0
TAF5L	4	9.2268e-01	9.9799e-01	1.000000	0
GALNT15	4	9.2274e-01	9.9799e-01	1.000000	0
AP2M1	4	9.2284e-01	9.9799e-01	1.000000	0
PSG3	4	9.2291e-01	9.9799e-01	1.000000	0
ASUN	4	9.2304e-01	9.9799e-01	1.000000	0
HEPHL1	4	9.2312e-01	9.9799e-01	1.000000	0
NRM	4	9.2315e-01	9.9799e-01	1.000000	0
RNF103	4	9.2316e-01	9.9799e-01	1.000000	0
ZNF883	4	9.2317e-01	9.9799e-01	1.000000	0
CALR3	4	9.2325e-01	9.9799e-01	1.000000	0
EID3	4	9.2326e-01	9.9799e-01	1.000000	0
TMEM178B	4	9.2330e-01	9.9799e-01	1.000000	0
RSRC2	4	9.2332e-01	9.9799e-01	1.000000	0
FAM69A	4	9.2334e-01	9.9799e-01	1.000000	0
CISD1	4	9.2347e-01	9.9799e-01	1.000000	0
TNFRSF8	4	9.2359e-01	9.9799e-01	1.000000	0
MTX2	4	9.2365e-01	9.9799e-01	1.000000	0
SLC25A36	4	9.2376e-01	9.9799e-01	1.000000	0
LAMC3	4	9.2386e-01	9.9802e-01	1.000000	0
IFNLR1	4	9.2389e-01	9.9802e-01	1.000000	0
FAM64A	4	9.2398e-01	9.9802e-01	1.000000	0
NUP85	4	9.2402e-01	9.9802e-01	1.000000	0
C5orf49	4	9.2402e-01	9.9802e-01	1.000000	0
NOL12	4	9.2405e-01	9.9802e-01	1.000000	0
DOPEY1	4	9.2408e-01	9.9802e-01	1.000000	0
GATSL2	4	9.2412e-01	9.9802e-01	1.000000	0
PGM2L1	4	9.2415e-01	9.9802e-01	1.000000	0
PF4V1	4	9.2420e-01	9.9802e-01	1.000000	0
SLC16A2	4	9.2427e-01	9.9802e-01	1.000000	0
ZNF71	4	9.2436e-01	9.9802e-01	1.000000	0
SDK2	4	9.2442e-01	9.9805e-01	1.000000	0
SPAST	4	9.2447e-01	9.9805e-01	1.000000	0
TEAD4	4	9.2454e-01	9.9805e-01	1.000000	0
SDR16C5	4	9.2455e-01	9.9805e-01	1.000000	0
DTD2	4	9.2457e-01	9.9805e-01	1.000000	0
USP50	4	9.2463e-01	9.9805e-01	1.000000	0
SCX	4	9.2464e-01	9.9805e-01	1.000000	0
PSMB5	4	9.2467e-01	9.9805e-01	1.000000	0
PRRC2B	4	9.2476e-01	9.9805e-01	1.000000	0
SUPT20H	4	9.2477e-01	9.9805e-01	1.000000	0
SPATA19	4	9.2478e-01	9.9805e-01	1.000000	0
PDHX	4	9.2482e-01	9.9805e-01	1.000000	0
DDOST	4	9.2486e-01	9.9805e-01	1.000000	0
GAD1	4	9.2497e-01	9.9805e-01	1.000000	0
KRTAP5-9	4	9.2501e-01	9.9805e-01	1.000000	0
AIMP2	4	9.2503e-01	9.9805e-01	1.000000	0
HOXA13	4	9.2503e-01	9.9805e-01	1.000000	0
USP32	4	9.2507e-01	9.9805e-01	1.000000	0
SPEG	4	9.2513e-01	9.9805e-01	1.000000	0
KRT26	4	9.2515e-01	9.9805e-01	1.000000	0
CFAP97	4	9.2527e-01	9.9805e-01	1.000000	0
ZNF692	3	9.2529e-01	9.9627e-01	1.000000	0
YES1	4	9.2529e-01	9.9805e-01	1.000000	0
C8orf87	4	9.2529e-01	9.9805e-01	1.000000	0
POLRMT	3	9.2533e-01	9.9627e-01	1.000000	0
LYZL2	4	9.2538e-01	9.9805e-01	1.000000	0
IMPAD1	4	9.2541e-01	9.9805e-01	1.000000	0
STK40	4	9.2544e-01	9.9805e-01	1.000000	0
TOP2B	4	9.2549e-01	9.9805e-01	1.000000	0
PAX4	4	9.2561e-01	9.9809e-01	1.000000	0
CDK5R2	4	9.2566e-01	9.9809e-01	1.000000	0
OR2T34	3	9.2572e-01	9.9627e-01	1.000000	0
CACHD1	4	9.2581e-01	9.9809e-01	1.000000	0
VASH1	4	9.2588e-01	9.9809e-01	1.000000	0
POLL	4	9.2603e-01	9.9809e-01	1.000000	0
WDR24	4	9.2607e-01	9.9809e-01	1.000000	0
RALY	4	9.2616e-01	9.9812e-01	1.000000	0
RPAP1	4	9.2619e-01	9.9812e-01	1.000000	0
B3GNT2	4	9.2621e-01	9.9812e-01	1.000000	0
SLC2A1	4	9.2628e-01	9.9812e-01	1.000000	0
RGS13	4	9.2635e-01	9.9812e-01	1.000000	0
PDZD2	4	9.2652e-01	9.9812e-01	1.000000	0
DGKA	4	9.2656e-01	9.9812e-01	1.000000	0
HCRT	4	9.2659e-01	9.9812e-01	1.000000	0
SLC9C1	4	9.2668e-01	9.9812e-01	1.000000	0
IL6R	4	9.2671e-01	9.9812e-01	1.000000	0
ARGFX	4	9.2672e-01	9.9812e-01	1.000000	0
SLC25A30	4	9.2676e-01	9.9812e-01	1.000000	0
POMT1	4	9.2676e-01	9.9812e-01	1.000000	0
RPS27L	4	9.2678e-01	9.9812e-01	1.000000	0
KRTDAP	4	9.2679e-01	9.9812e-01	1.000000	0
PPP6R2	4	9.2681e-01	9.9812e-01	1.000000	0
C20orf62	4	9.2684e-01	9.9812e-01	1.000000	0
EFCAB1	4	9.2688e-01	9.9812e-01	1.000000	0
CALCOCO2	4	9.2703e-01	9.9816e-01	1.000000	0
HLA-DOA	4	9.2706e-01	9.9816e-01	1.000000	0
PIGH	4	9.2709e-01	9.9816e-01	1.000000	0
STXBP1	4	9.2710e-01	9.9816e-01	1.000000	0
MPZL3	4	9.2724e-01	9.9816e-01	1.000000	0
ZNF791	4	9.2730e-01	9.9819e-01	1.000000	0
MMP19	4	9.2737e-01	9.9819e-01	1.000000	0
TMX2	4	9.2749e-01	9.9819e-01	1.000000	0
KCTD19	4	9.2750e-01	9.9819e-01	1.000000	0
UBE3A	4	9.2761e-01	9.9819e-01	1.000000	0
MUC17	4	9.2779e-01	9.9823e-01	1.000000	0
MRPL10	4	9.2780e-01	9.9823e-01	1.000000	0
TRNP1	4	9.2796e-01	9.9823e-01	1.000000	0
RABEPK	4	9.2822e-01	9.9826e-01	1.000000	0
RAB25	4	9.2825e-01	9.9826e-01	1.000000	0
SYTL2	4	9.2829e-01	9.9826e-01	1.000000	0
FAAH2	4	9.2830e-01	9.9826e-01	1.000000	0
ACAP2	4	9.2832e-01	9.9826e-01	1.000000	0
LOC100289561	4	9.2845e-01	9.9826e-01	1.000000	0
POTEB3	4	9.2848e-01	9.9826e-01	1.000000	0
OR2T29	4	9.2851e-01	9.9826e-01	1.000000	0
CTAGE5	4	9.2853e-01	9.9826e-01	1.000000	0
AHCY	4	9.2857e-01	9.9826e-01	1.000000	0
DOCK7	4	9.2860e-01	9.9826e-01	1.000000	0
COMMD4	4	9.2861e-01	9.9826e-01	1.000000	0
NDUFS3	4	9.2862e-01	9.9826e-01	1.000000	0
DBT	4	9.2865e-01	9.9826e-01	1.000000	0
FAM107A	4	9.2873e-01	9.9826e-01	1.000000	0
TMLHE	4	9.2881e-01	9.9826e-01	1.000000	0
BHLHE41	4	9.2890e-01	9.9831e-01	1.000000	0
SMDT1	4	9.2893e-01	9.9831e-01	1.000000	0
PHYHIPL	4	9.2898e-01	9.9831e-01	1.000000	0
NDUFS2	4	9.2902e-01	9.9833e-01	1.000000	0
GNG10	4	9.2905e-01	9.9833e-01	1.000000	0
HS6ST1	4	9.2908e-01	9.9833e-01	1.000000	0
GATA2	4	9.2926e-01	9.9833e-01	1.000000	0
OLA1	4	9.2930e-01	9.9833e-01	1.000000	0
C15orf61	4	9.2947e-01	9.9833e-01	1.000000	0
THAP5	4	9.2953e-01	9.9833e-01	1.000000	0
SPATA33	4	9.2961e-01	9.9833e-01	1.000000	0
TTLL10	4	9.2968e-01	9.9833e-01	1.000000	0
LRFN1	4	9.2969e-01	9.9833e-01	1.000000	0
DNAJB7	4	9.2971e-01	9.9833e-01	1.000000	0
KCNQ3	4	9.2973e-01	9.9833e-01	1.000000	0
SELE	4	9.2973e-01	9.9833e-01	1.000000	0
RGPD2	4	9.2976e-01	9.9833e-01	1.000000	0
DNAL1	4	9.2987e-01	9.9837e-01	1.000000	0
CLDN5	4	9.2990e-01	9.9837e-01	1.000000	0
TYW1B	4	9.3004e-01	9.9840e-01	1.000000	0
AGAP6	4	9.3007e-01	9.9840e-01	1.000000	0
CYCS	4	9.3025e-01	9.9840e-01	1.000000	0
TMEM132A	4	9.3026e-01	9.9840e-01	1.000000	0
BTBD19	4	9.3027e-01	9.9840e-01	1.000000	0
MAML1	4	9.3032e-01	9.9840e-01	1.000000	0
GRIA4	4	9.3040e-01	9.9840e-01	1.000000	0
TMEM120A	4	9.3042e-01	9.9840e-01	1.000000	0
FAM21A	4	9.3051e-01	9.9840e-01	1.000000	0
ZNF711	4	9.3059e-01	9.9840e-01	1.000000	0
MAVS	4	9.3068e-01	9.9840e-01	1.000000	0
RAD17	4	9.3082e-01	9.9843e-01	1.000000	0
LRRC71	4	9.3087e-01	9.9843e-01	1.000000	0
LOC554223	4	9.3101e-01	9.9845e-01	1.000000	0
SOGA1	4	9.3112e-01	9.9849e-01	1.000000	0
ESX1	4	9.3117e-01	9.9849e-01	1.000000	0
ZNF804B	4	9.3126e-01	9.9849e-01	1.000000	0
CACNB3	4	9.3127e-01	9.9849e-01	1.000000	0
INSIG1	4	9.3144e-01	9.9849e-01	1.000000	0
LCN1	4	9.3160e-01	9.9849e-01	1.000000	0
ZSCAN21	4	9.3162e-01	9.9849e-01	1.000000	0
TUBB2B	4	9.3163e-01	9.9849e-01	1.000000	0
HNRNPA1L2	4	9.3177e-01	9.9852e-01	1.000000	0
XRCC1	4	9.3187e-01	9.9852e-01	1.000000	0
RIC8B	4	9.3198e-01	9.9852e-01	1.000000	0
NUCKS1	4	9.3198e-01	9.9852e-01	1.000000	0
GMEB2	4	9.3201e-01	9.9852e-01	1.000000	0
MYH7	4	9.3210e-01	9.9855e-01	1.000000	0
NUP35	4	9.3222e-01	9.9855e-01	1.000000	0
NCDN	4	9.3228e-01	9.9855e-01	1.000000	0
SGSH	4	9.3231e-01	9.9855e-01	1.000000	0
UFD1L	4	9.3233e-01	9.9855e-01	1.000000	0
LPIN3	4	9.3238e-01	9.9855e-01	1.000000	0
CENPH	4	9.3241e-01	9.9855e-01	1.000000	0
CASP4	4	9.3244e-01	9.9855e-01	1.000000	0
TPT1	4	9.3245e-01	9.9855e-01	1.000000	0
OR5B2	4	9.3252e-01	9.9859e-01	1.000000	0
BACE1	4	9.3260e-01	9.9861e-01	1.000000	0
NUTM2F	4	9.3264e-01	9.9861e-01	1.000000	0
EPB41L5	4	9.3277e-01	9.9861e-01	1.000000	0
CDH18	4	9.3279e-01	9.9861e-01	1.000000	0
SAG	4	9.3291e-01	9.9866e-01	1.000000	0
NOL6	4	9.3296e-01	9.9866e-01	1.000000	0
DR1	4	9.3297e-01	9.9866e-01	1.000000	0
HEATR1	4	9.3300e-01	9.9866e-01	1.000000	0
RSRP1	4	9.3305e-01	9.9866e-01	1.000000	0
ATP5E	4	9.3310e-01	9.9866e-01	1.000000	0
VPS4A	4	9.3317e-01	9.9866e-01	1.000000	0
NIPAL3	4	9.3320e-01	9.9866e-01	1.000000	0
OR5J2	4	9.3325e-01	9.9866e-01	1.000000	0
C12orf49	4	9.3326e-01	9.9866e-01	1.000000	0
PILRA	4	9.3327e-01	9.9866e-01	1.000000	0
NAPRT	4	9.3330e-01	9.9866e-01	1.000000	0
FAM89A	4	9.3335e-01	9.9866e-01	1.000000	0
SMS	4	9.3335e-01	9.9866e-01	1.000000	0
EXOC5	4	9.3341e-01	9.9869e-01	1.000000	0
KIF5B	4	9.3347e-01	9.9869e-01	1.000000	0
C14orf37	4	9.3354e-01	9.9869e-01	1.000000	0
PIH1D3	4	9.3360e-01	9.9869e-01	1.000000	0
ZMAT2	4	9.3370e-01	9.9869e-01	1.000000	0
GTF3C4	4	9.3372e-01	9.9869e-01	1.000000	0
CALHM2	4	9.3372e-01	9.9869e-01	1.000000	0
GP1BB	4	9.3374e-01	9.9869e-01	1.000000	0
SH2B2	4	9.3383e-01	9.9869e-01	1.000000	0
SPOCD1	4	9.3383e-01	9.9869e-01	1.000000	0
FAM173B	4	9.3387e-01	9.9869e-01	1.000000	0
TBX10	4	9.3395e-01	9.9869e-01	1.000000	0
FAAH	3	9.3399e-01	9.9752e-01	1.000000	0
TNFRSF10D	4	9.3399e-01	9.9869e-01	1.000000	0
GTF2E1	4	9.3408e-01	9.9869e-01	1.000000	0
SCGB1C2	4	9.3412e-01	9.9869e-01	1.000000	0
TRUB1	4	9.3429e-01	9.9869e-01	1.000000	0
LETM1	4	9.3439e-01	9.9869e-01	1.000000	0
UCP2	4	9.3451e-01	9.9869e-01	1.000000	0
MTRNR2L9	4	9.3451e-01	9.9869e-01	1.000000	0
NKAP	4	9.3458e-01	9.9869e-01	1.000000	0
PRR9	4	9.3459e-01	9.9869e-01	1.000000	0
ENTPD8	4	9.3465e-01	9.9869e-01	1.000000	0
TSR3	4	9.3478e-01	9.9869e-01	1.000000	0
MRPL53	4	9.3486e-01	9.9869e-01	1.000000	0
SHF	4	9.3500e-01	9.9871e-01	1.000000	0
PAGE2B	4	9.3502e-01	9.9871e-01	1.000000	0
DCAF5	4	9.3508e-01	9.9871e-01	1.000000	0
PTPRZ1	4	9.3511e-01	9.9871e-01	1.000000	0
CBWD1	3	9.3514e-01	9.9756e-01	1.000000	0
PIGB	4	9.3521e-01	9.9871e-01	1.000000	0
AKT2	4	9.3523e-01	9.9871e-01	1.000000	0
ST7	4	9.3523e-01	9.9871e-01	1.000000	0
ZNF519	4	9.3525e-01	9.9871e-01	1.000000	0
PIGV	4	9.3528e-01	9.9871e-01	1.000000	0
ATP6V0D1	3	9.3532e-01	9.9756e-01	1.000000	0
THY1	4	9.3539e-01	9.9871e-01	1.000000	0
SCN4B	4	9.3543e-01	9.9871e-01	1.000000	0
CHD1L	4	9.3552e-01	9.9874e-01	1.000000	0
GPX3	4	9.3557e-01	9.9874e-01	1.000000	0
SNX9	4	9.3563e-01	9.9876e-01	1.000000	0
STT3B	4	9.3574e-01	9.9876e-01	1.000000	0
ADGRB1	4	9.3574e-01	9.9876e-01	1.000000	0
RPGRIP1	4	9.3582e-01	9.9876e-01	1.000000	0
EXOSC3	4	9.3588e-01	9.9876e-01	1.000000	0
DEFB105A	4	9.3594e-01	9.9876e-01	1.000000	0
POMZP3	4	9.3597e-01	9.9876e-01	1.000000	0
UBE3C	4	9.3599e-01	9.9876e-01	1.000000	0
MRPL36	4	9.3604e-01	9.9876e-01	1.000000	0
YEATS2	4	9.3615e-01	9.9879e-01	1.000000	0
NUMB	4	9.3615e-01	9.9879e-01	1.000000	0
FTH1P18	4	9.3621e-01	9.9879e-01	1.000000	0
PRAMEF19	4	9.3629e-01	9.9879e-01	1.000000	0
MED26	4	9.3633e-01	9.9879e-01	1.000000	0
RPL10L	4	9.3636e-01	9.9879e-01	1.000000	0
CALML4	4	9.3640e-01	9.9879e-01	1.000000	0
DENND1B	4	9.3644e-01	9.9879e-01	1.000000	0
PHF6	4	9.3645e-01	9.9879e-01	1.000000	0
ZMYND8	4	9.3655e-01	9.9879e-01	1.000000	0
ANKRD13A	4	9.3663e-01	9.9879e-01	1.000000	0
PLXNB1	4	9.3664e-01	9.9879e-01	1.000000	0
TGFBR2	4	9.3686e-01	9.9883e-01	1.000000	0
NES	4	9.3695e-01	9.9883e-01	1.000000	0
LRRC41	4	9.3698e-01	9.9883e-01	1.000000	0
PTCHD1	4	9.3701e-01	9.9883e-01	1.000000	0
ASXL1	4	9.3705e-01	9.9883e-01	1.000000	0
HOXC11	4	9.3706e-01	9.9883e-01	1.000000	0
NPL	4	9.3711e-01	9.9883e-01	1.000000	0
SLC35C2	4	9.3718e-01	9.9886e-01	1.000000	0
MATN3	4	9.3724e-01	9.9886e-01	1.000000	0
RFPL4A	4	9.3727e-01	9.9886e-01	1.000000	0
TRIM51	4	9.3733e-01	9.9886e-01	1.000000	0
TSPAN16	4	9.3736e-01	9.9886e-01	1.000000	0
OR1Q1	4	9.3744e-01	9.9886e-01	1.000000	0
TAB1	4	9.3749e-01	9.9888e-01	1.000000	0
PTGES3L	4	9.3754e-01	9.9888e-01	1.000000	0
GOLGA8M	4	9.3754e-01	9.9888e-01	1.000000	0
GLRX3	4	9.3754e-01	9.9888e-01	1.000000	0
DOK5	4	9.3757e-01	9.9888e-01	1.000000	0
C1orf233	4	9.3763e-01	9.9888e-01	1.000000	0
DIRAS1	4	9.3764e-01	9.9888e-01	1.000000	0
GATS	4	9.3772e-01	9.9888e-01	1.000000	0
MRGPRX1	4	9.3785e-01	9.9888e-01	1.000000	0
SERPINB13	4	9.3787e-01	9.9888e-01	1.000000	0
ISY1-RAB43	4	9.3792e-01	9.9888e-01	1.000000	0
AASDH	4	9.3794e-01	9.9888e-01	1.000000	0
LEO1	4	9.3798e-01	9.9888e-01	1.000000	0
CBWD3	4	9.3804e-01	9.9891e-01	1.000000	0
TSTD1	4	9.3804e-01	9.9891e-01	1.000000	0
GGT5	4	9.3809e-01	9.9894e-01	1.000000	0
TASP1	4	9.3811e-01	9.9894e-01	1.000000	0
SLC34A3	4	9.3815e-01	9.9894e-01	1.000000	0
PERP	4	9.3815e-01	9.9894e-01	1.000000	0
COX7B	4	9.3816e-01	9.9894e-01	1.000000	0
PGRMC2	4	9.3821e-01	9.9894e-01	1.000000	0
SLC4A10	4	9.3821e-01	9.9894e-01	1.000000	0
AKR1B1	4	9.3823e-01	9.9894e-01	1.000000	0
CD3EAP	4	9.3827e-01	9.9894e-01	1.000000	0
LCN2	4	9.3831e-01	9.9894e-01	1.000000	0
TWISTNB	4	9.3835e-01	9.9894e-01	1.000000	0
LBHD1	4	9.3842e-01	9.9894e-01	1.000000	0
PABPN1	4	9.3847e-01	9.9894e-01	1.000000	0
DHRS7	4	9.3849e-01	9.9894e-01	1.000000	0
FRRS1	4	9.3850e-01	9.9894e-01	1.000000	0
ACHE	4	9.3853e-01	9.9894e-01	1.000000	0
PDS5A	4	9.3854e-01	9.9894e-01	1.000000	0
PDZD7	4	9.3856e-01	9.9894e-01	1.000000	0
MYT1L	4	9.3857e-01	9.9894e-01	1.000000	0
FARP1	4	9.3862e-01	9.9894e-01	1.000000	0
DNAJC2	4	9.3867e-01	9.9894e-01	1.000000	0
HMGA2	4	9.3868e-01	9.9894e-01	1.000000	0
INTS2	4	9.3881e-01	9.9894e-01	1.000000	0
MAGEB1	4	9.3885e-01	9.9894e-01	1.000000	0
NDUFB8	4	9.3888e-01	9.9894e-01	1.000000	0
FAM86B2	4	9.3888e-01	9.9894e-01	1.000000	0
NAPA	4	9.3891e-01	9.9894e-01	1.000000	0
TP53I3	4	9.3892e-01	9.9894e-01	1.000000	0
PTCD1	4	9.3905e-01	9.9894e-01	1.000000	0
FDXACB1	4	9.3905e-01	9.9894e-01	1.000000	0
IL33	4	9.3907e-01	9.9894e-01	1.000000	0
RNF41	4	9.3910e-01	9.9894e-01	1.000000	0
SPCS1	4	9.3912e-01	9.9894e-01	1.000000	0
OR4D10	4	9.3916e-01	9.9894e-01	1.000000	0
PTGDR2	4	9.3931e-01	9.9894e-01	1.000000	0
XAGE1E	4	9.3940e-01	9.9894e-01	1.000000	0
FAM57A	4	9.3941e-01	9.9894e-01	1.000000	0
ZNF697	4	9.3942e-01	9.9894e-01	1.000000	0
PRICKLE2	4	9.3945e-01	9.9894e-01	1.000000	0
SLC9A3	4	9.3951e-01	9.9894e-01	1.000000	0
DNAJC21	4	9.3952e-01	9.9894e-01	1.000000	0
RAD21L1	4	9.3954e-01	9.9894e-01	1.000000	0
YIPF6	4	9.3957e-01	9.9894e-01	1.000000	0
AMY1C	4	9.3959e-01	9.9894e-01	1.000000	0
CBWD2	4	9.3960e-01	9.9894e-01	1.000000	0
MGA	4	9.3962e-01	9.9894e-01	1.000000	0
APITD1-CORT	4	9.3968e-01	9.9894e-01	1.000000	0
C11orf58	4	9.3968e-01	9.9894e-01	1.000000	0
FHAD1	4	9.3974e-01	9.9894e-01	1.000000	0
GNG12	4	9.3976e-01	9.9894e-01	1.000000	0
SYT4	4	9.3976e-01	9.9894e-01	1.000000	0
SLC22A15	4	9.3979e-01	9.9894e-01	1.000000	0
SNX15	4	9.3981e-01	9.9894e-01	1.000000	0
GNG3	4	9.3986e-01	9.9894e-01	1.000000	0
ASRGL1	4	9.3993e-01	9.9894e-01	1.000000	0
C17orf80	4	9.3995e-01	9.9894e-01	1.000000	0
ZC3H15	4	9.4013e-01	9.9894e-01	1.000000	0
MORN4	4	9.4014e-01	9.9894e-01	1.000000	0
GPR158	4	9.4014e-01	9.9894e-01	1.000000	0
NFIC	4	9.4015e-01	9.9894e-01	1.000000	0
POTEM	4	9.4022e-01	9.9894e-01	1.000000	0
FRG2	4	9.4022e-01	9.9894e-01	1.000000	0
TOMM5	4	9.4035e-01	9.9894e-01	1.000000	0
POU5F1B	4	9.4043e-01	9.9894e-01	1.000000	0
ARL2BP	4	9.4060e-01	9.9894e-01	1.000000	0
NAMPT	4	9.4063e-01	9.9894e-01	1.000000	0
TRIM28	4	9.4063e-01	9.9894e-01	1.000000	0
HDAC7	4	9.4073e-01	9.9894e-01	1.000000	0
OR2M2	4	9.4078e-01	9.9894e-01	1.000000	0
LRP2	4	9.4078e-01	9.9894e-01	1.000000	0
CSGALNACT2	4	9.4080e-01	9.9894e-01	1.000000	0
AGO3	4	9.4088e-01	9.9894e-01	1.000000	0
HOXB9	4	9.4090e-01	9.9894e-01	1.000000	0
MAP3K8	4	9.4108e-01	9.9894e-01	1.000000	0
GREM1	4	9.4111e-01	9.9894e-01	1.000000	0
CAPRIN1	4	9.4112e-01	9.9894e-01	1.000000	0
RPN2	4	9.4113e-01	9.9894e-01	1.000000	0
BTBD7	4	9.4114e-01	9.9894e-01	1.000000	0
CKS1B	4	9.4117e-01	9.9894e-01	1.000000	0
PRDM16	4	9.4120e-01	9.9894e-01	1.000000	0
DOLPP1	4	9.4120e-01	9.9894e-01	1.000000	0
C6orf165	4	9.4123e-01	9.9894e-01	1.000000	0
GRSF1	4	9.4126e-01	9.9894e-01	1.000000	0
DHRSX	4	9.4127e-01	9.9894e-01	1.000000	0
SURF6	4	9.4129e-01	9.9894e-01	1.000000	0
WIF1	4	9.4134e-01	9.9894e-01	1.000000	0
TTC4	4	9.4139e-01	9.9894e-01	1.000000	0
GPATCH1	4	9.4140e-01	9.9894e-01	1.000000	0
VWA5B1	4	9.4145e-01	9.9894e-01	1.000000	0
OR2AK2	4	9.4149e-01	9.9894e-01	1.000000	0
ZNF683	4	9.4150e-01	9.9894e-01	1.000000	0
NPIPA3	4	9.4153e-01	9.9894e-01	1.000000	0
ODF3L2	4	9.4164e-01	9.9894e-01	1.000000	0
AGAP3	4	9.4164e-01	9.9894e-01	1.000000	0
MAP1LC3C	4	9.4166e-01	9.9894e-01	1.000000	0
C17orf53	4	9.4183e-01	9.9894e-01	1.000000	0
CCDC180	4	9.4199e-01	9.9894e-01	1.000000	0
MRPS5	4	9.4201e-01	9.9894e-01	1.000000	0
GAPT	4	9.4202e-01	9.9894e-01	1.000000	0
MYL10	4	9.4204e-01	9.9894e-01	1.000000	0
CGB1	4	9.4205e-01	9.9894e-01	1.000000	0
ABCC2	4	9.4213e-01	9.9894e-01	1.000000	0
PRDM12	4	9.4218e-01	9.9894e-01	1.000000	0
CDK2	4	9.4223e-01	9.9894e-01	1.000000	0
FAM181B	4	9.4224e-01	9.9894e-01	1.000000	0
NOC3L	4	9.4226e-01	9.9894e-01	1.000000	0
PAEP	4	9.4229e-01	9.9894e-01	1.000000	0
FMNL2	4	9.4229e-01	9.9894e-01	1.000000	0
TRIM25	4	9.4236e-01	9.9894e-01	1.000000	0
TMIGD3	4	9.4246e-01	9.9894e-01	1.000000	0
ZNF695	4	9.4250e-01	9.9894e-01	1.000000	0
ABCB8	4	9.4263e-01	9.9894e-01	1.000000	0
TMEM140	4	9.4267e-01	9.9894e-01	1.000000	0
NDUFAF1	4	9.4270e-01	9.9894e-01	1.000000	0
SH3BGR	4	9.4282e-01	9.9894e-01	1.000000	0
CBWD5	4	9.4284e-01	9.9894e-01	1.000000	0
PRKCI	4	9.4304e-01	9.9894e-01	1.000000	0
HAAO	4	9.4306e-01	9.9894e-01	1.000000	0
MTG2	4	9.4307e-01	9.9894e-01	1.000000	0
TBC1D2	4	9.4309e-01	9.9894e-01	1.000000	0
KDM4E	4	9.4313e-01	9.9894e-01	1.000000	0
FUT1	4	9.4313e-01	9.9894e-01	1.000000	0
LOC286238	4	9.4320e-01	9.9894e-01	1.000000	0
IFNA5	4	9.4330e-01	9.9894e-01	1.000000	0
GORASP1	4	9.4340e-01	9.9894e-01	1.000000	0
MT1H	4	9.4344e-01	9.9894e-01	1.000000	0
ZBTB22	4	9.4345e-01	9.9894e-01	1.000000	0
SEC24A	4	9.4347e-01	9.9894e-01	1.000000	0
RBBP5	4	9.4350e-01	9.9894e-01	1.000000	0
ADGRL3	4	9.4367e-01	9.9894e-01	1.000000	0
LIPT2	4	9.4370e-01	9.9894e-01	1.000000	0
TRIM33	4	9.4376e-01	9.9894e-01	1.000000	0
IKZF5	4	9.4388e-01	9.9894e-01	1.000000	0
GLI2	4	9.4392e-01	9.9894e-01	1.000000	0
CHEK2	4	9.4394e-01	9.9894e-01	1.000000	0
ZNF511	4	9.4398e-01	9.9894e-01	1.000000	0
IFITM3	4	9.4399e-01	9.9894e-01	1.000000	0
HMGCLL1	4	9.4400e-01	9.9894e-01	1.000000	0
TFPI2	4	9.4405e-01	9.9894e-01	1.000000	0
R3HDM2	4	9.4407e-01	9.9894e-01	1.000000	0
C3orf67	4	9.4407e-01	9.9894e-01	1.000000	0
STK39	4	9.4410e-01	9.9894e-01	1.000000	0
EPC2	4	9.4414e-01	9.9894e-01	1.000000	0
CRYGN	4	9.4416e-01	9.9894e-01	1.000000	0
RHOB	4	9.4424e-01	9.9894e-01	1.000000	0
PRAMEF11	4	9.4434e-01	9.9894e-01	1.000000	0
VSTM2B	4	9.4437e-01	9.9894e-01	1.000000	0
PABPC3	4	9.4440e-01	9.9894e-01	1.000000	0
POU2AF1	4	9.4442e-01	9.9894e-01	1.000000	0
KIF2A	4	9.4445e-01	9.9894e-01	1.000000	0
POLR2I	4	9.4450e-01	9.9894e-01	1.000000	0
BCAS2	4	9.4451e-01	9.9894e-01	1.000000	0
SGCB	4	9.4453e-01	9.9894e-01	1.000000	0
CXCR3	4	9.4459e-01	9.9894e-01	1.000000	0
PNPLA6	4	9.4465e-01	9.9894e-01	1.000000	0
PEX5L	4	9.4475e-01	9.9894e-01	1.000000	0
CEACAM1	4	9.4476e-01	9.9894e-01	1.000000	0
BTBD18	4	9.4479e-01	9.9894e-01	1.000000	0
ELOF1	4	9.4485e-01	9.9894e-01	1.000000	0
FOXD4L3	4	9.4499e-01	9.9894e-01	1.000000	0
PRKRIP1	4	9.4500e-01	9.9894e-01	1.000000	0
ID2	4	9.4516e-01	9.9894e-01	1.000000	0
FAM20B	4	9.4518e-01	9.9894e-01	1.000000	0
GCG	4	9.4520e-01	9.9894e-01	1.000000	0
SLX4	4	9.4531e-01	9.9894e-01	1.000000	0
EBF1	4	9.4532e-01	9.9894e-01	1.000000	0
LOC339862	4	9.4538e-01	9.9894e-01	1.000000	0
ACAD11	4	9.4541e-01	9.9894e-01	1.000000	0
AP4M1	4	9.4543e-01	9.9894e-01	1.000000	0
SYBU	4	9.4547e-01	9.9894e-01	1.000000	0
PEX12	4	9.4554e-01	9.9894e-01	1.000000	0
NLRP14	4	9.4561e-01	9.9894e-01	1.000000	0
RBBP8NL	4	9.4564e-01	9.9894e-01	1.000000	0
CHRND	4	9.4565e-01	9.9894e-01	1.000000	0
SNCG	4	9.4569e-01	9.9894e-01	1.000000	0
TGM5	4	9.4569e-01	9.9894e-01	1.000000	0
RAB40A	4	9.4572e-01	9.9894e-01	1.000000	0
ZNF644	4	9.4578e-01	9.9894e-01	1.000000	0
CDCA3	4	9.4579e-01	9.9894e-01	1.000000	0
TMEM8A	4	9.4583e-01	9.9894e-01	1.000000	0
TSSK2	4	9.4605e-01	9.9894e-01	1.000000	0
TMEM72	4	9.4609e-01	9.9894e-01	1.000000	0
RC3H1	4	9.4618e-01	9.9894e-01	1.000000	0
MYEOV2	4	9.4620e-01	9.9894e-01	1.000000	0
PCDHA3	4	9.4621e-01	9.9894e-01	1.000000	0
C9orf64	4	9.4623e-01	9.9894e-01	1.000000	0
UBE4B	4	9.4629e-01	9.9894e-01	1.000000	0
KRT6B	4	9.4632e-01	9.9894e-01	1.000000	0
UBAC2	4	9.4635e-01	9.9894e-01	1.000000	0
DACT2	4	9.4637e-01	9.9894e-01	1.000000	0
RNF8	4	9.4641e-01	9.9894e-01	1.000000	0
LOC643802	4	9.4642e-01	9.9894e-01	1.000000	0
RRAGC	4	9.4644e-01	9.9894e-01	1.000000	0
MRPL57	4	9.4649e-01	9.9894e-01	1.000000	0
CDH2	4	9.4656e-01	9.9894e-01	1.000000	0
OR6C68	4	9.4659e-01	9.9894e-01	1.000000	0
GPR132	4	9.4662e-01	9.9894e-01	1.000000	0
RCC2	4	9.4675e-01	9.9894e-01	1.000000	0
CELSR2	4	9.4679e-01	9.9894e-01	1.000000	0
OSCAR	4	9.4681e-01	9.9894e-01	1.000000	0
RPS6KA4	3	9.4687e-01	9.9872e-01	1.000000	0
KDELR1	4	9.4705e-01	9.9894e-01	1.000000	0
KLHL26	4	9.4707e-01	9.9894e-01	1.000000	0
NUFIP2	4	9.4713e-01	9.9894e-01	1.000000	0
KANK3	4	9.4714e-01	9.9894e-01	1.000000	0
ODC1	4	9.4716e-01	9.9894e-01	1.000000	0
CNBD1	4	9.4719e-01	9.9894e-01	1.000000	0
MTL5	4	9.4724e-01	9.9894e-01	1.000000	0
ASB16	4	9.4728e-01	9.9894e-01	1.000000	0
MPV17	4	9.4729e-01	9.9894e-01	1.000000	0
SERTAD3	4	9.4731e-01	9.9894e-01	1.000000	0
HTRA2	4	9.4732e-01	9.9894e-01	1.000000	0
NBN	4	9.4736e-01	9.9894e-01	1.000000	0
NDUFB2	4	9.4736e-01	9.9894e-01	1.000000	0
RNF224	4	9.4747e-01	9.9894e-01	1.000000	0
POTEB2	4	9.4763e-01	9.9894e-01	1.000000	0
ENOSF1	4	9.4768e-01	9.9894e-01	1.000000	0
MDH1	4	9.4770e-01	9.9894e-01	1.000000	0
PLCB4	4	9.4771e-01	9.9894e-01	1.000000	0
COPS8	4	9.4772e-01	9.9894e-01	1.000000	0
CD300LG	4	9.4773e-01	9.9894e-01	1.000000	0
OR2W5	4	9.4776e-01	9.9894e-01	1.000000	0
KDM4C	4	9.4789e-01	9.9894e-01	1.000000	0
C17orf49	4	9.4789e-01	9.9894e-01	1.000000	0
YWHAQ	4	9.4793e-01	9.9894e-01	1.000000	0
PIGS	4	9.4794e-01	9.9894e-01	1.000000	0
OR7C1	4	9.4798e-01	9.9894e-01	1.000000	0
BCL2L2-PABPN1	4	9.4799e-01	9.9894e-01	1.000000	0
DCTN1	4	9.4800e-01	9.9894e-01	1.000000	0
DDX53	4	9.4801e-01	9.9894e-01	1.000000	0
ATP5F1	4	9.4802e-01	9.9894e-01	1.000000	0
TRIM37	4	9.4804e-01	9.9894e-01	1.000000	0
OR51G2	4	9.4811e-01	9.9894e-01	1.000000	0
KIAA1324L	4	9.4818e-01	9.9894e-01	1.000000	0
COL14A1	4	9.4825e-01	9.9894e-01	1.000000	0
PDE4A	4	9.4825e-01	9.9894e-01	1.000000	0
FGL2	4	9.4847e-01	9.9894e-01	1.000000	0
TBCB	4	9.4858e-01	9.9894e-01	1.000000	0
YKT6	4	9.4861e-01	9.9894e-01	1.000000	0
PSRC1	4	9.4863e-01	9.9894e-01	1.000000	0
UGT2B7	4	9.4866e-01	9.9894e-01	1.000000	0
REV1	4	9.4877e-01	9.9894e-01	1.000000	0
CCDC12	4	9.4879e-01	9.9894e-01	1.000000	0
CAMSAP2	4	9.4880e-01	9.9894e-01	1.000000	0
LOC101060321	4	9.4887e-01	9.9894e-01	1.000000	0
CGB	4	9.4891e-01	9.9894e-01	1.000000	0
UROC1	4	9.4892e-01	9.9894e-01	1.000000	0
GSX2	4	9.4895e-01	9.9894e-01	1.000000	0
HNRNPAB	4	9.4895e-01	9.9894e-01	1.000000	0
WBSCR17	4	9.4899e-01	9.9894e-01	1.000000	0
BTBD6	4	9.4908e-01	9.9894e-01	1.000000	0
KATNB1	4	9.4923e-01	9.9894e-01	1.000000	0
NAT8	4	9.4924e-01	9.9894e-01	1.000000	0
WDR46	4	9.4925e-01	9.9894e-01	1.000000	0
SNX17	4	9.4927e-01	9.9894e-01	1.000000	0
CNTROB	4	9.4930e-01	9.9894e-01	1.000000	0
YWHAG	4	9.4934e-01	9.9894e-01	1.000000	0
GPR63	4	9.4945e-01	9.9894e-01	1.000000	0
PHIP	4	9.4947e-01	9.9894e-01	1.000000	0
RAB4B	4	9.4950e-01	9.9894e-01	1.000000	0
RSPO4	4	9.4953e-01	9.9894e-01	1.000000	0
PCM1	4	9.4959e-01	9.9896e-01	1.000000	0
PPHLN1	4	9.4963e-01	9.9896e-01	1.000000	0
SYT12	4	9.4963e-01	9.9896e-01	1.000000	0
FBXO42	4	9.4965e-01	9.9896e-01	1.000000	0
OR10H2	4	9.4968e-01	9.9896e-01	1.000000	0
NAAA	4	9.4969e-01	9.9896e-01	1.000000	0
TTC3	4	9.4979e-01	9.9896e-01	1.000000	0
DAND5	4	9.4986e-01	9.9896e-01	1.000000	0
PIK3C2A	4	9.4990e-01	9.9896e-01	1.000000	0
COPS7A	4	9.4998e-01	9.9896e-01	1.000000	0
SLC9A9	4	9.5002e-01	9.9896e-01	1.000000	0
MOGAT2	4	9.5003e-01	9.9896e-01	1.000000	0
DUSP10	4	9.5007e-01	9.9896e-01	1.000000	0
ATP5J	4	9.5008e-01	9.9896e-01	1.000000	0
NPY2R	3	9.5009e-01	9.9903e-01	1.000000	0
CNKSR2	4	9.5012e-01	9.9896e-01	1.000000	0
ATP5J2-PTCD1	4	9.5026e-01	9.9896e-01	1.000000	0
DSTN	4	9.5027e-01	9.9896e-01	1.000000	0
PCDHAC1	4	9.5030e-01	9.9896e-01	1.000000	0
MRPL40	4	9.5033e-01	9.9896e-01	1.000000	0
CXCL8	4	9.5048e-01	9.9896e-01	1.000000	0
FAM91A1	4	9.5051e-01	9.9896e-01	1.000000	0
RPL36A-HNRNPH2	4	9.5067e-01	9.9896e-01	1.000000	0
FDX1	4	9.5069e-01	9.9896e-01	1.000000	0
SCG2	4	9.5078e-01	9.9896e-01	1.000000	0
NUDT13	4	9.5090e-01	9.9896e-01	1.000000	0
FOXN2	3	9.5092e-01	9.9910e-01	1.000000	0
TFB2M	4	9.5099e-01	9.9896e-01	1.000000	0
ISG20L2	4	9.5101e-01	9.9896e-01	1.000000	0
ARL4A	4	9.5104e-01	9.9896e-01	1.000000	0
SCAMP3	4	9.5110e-01	9.9896e-01	1.000000	0
TUBB4B	4	9.5112e-01	9.9896e-01	1.000000	0
TNF	4	9.5121e-01	9.9896e-01	1.000000	0
DIEXF	4	9.5124e-01	9.9896e-01	1.000000	0
ROMO1	4	9.5125e-01	9.9896e-01	1.000000	0
MYBPHL	4	9.5130e-01	9.9896e-01	1.000000	0
HELLS	4	9.5131e-01	9.9896e-01	1.000000	0
USP17L27	4	9.5134e-01	9.9896e-01	1.000000	0
RGPD8	4	9.5141e-01	9.9896e-01	1.000000	0
ZC3H7A	4	9.5153e-01	9.9896e-01	1.000000	0
PRKAA1	4	9.5161e-01	9.9896e-01	1.000000	0
WDR63	4	9.5162e-01	9.9896e-01	1.000000	0
GPR4	4	9.5168e-01	9.9896e-01	1.000000	0
TRIT1	4	9.5169e-01	9.9896e-01	1.000000	0
GADD45GIP1	4	9.5170e-01	9.9896e-01	1.000000	0
KIF1BP	4	9.5174e-01	9.9896e-01	1.000000	0
KRTAP10-6	4	9.5177e-01	9.9896e-01	1.000000	0
C1QTNF4	4	9.5178e-01	9.9896e-01	1.000000	0
ELL3	4	9.5193e-01	9.9896e-01	1.000000	0
CDON	4	9.5203e-01	9.9896e-01	1.000000	0
RTBDN	4	9.5204e-01	9.9896e-01	1.000000	0
AAAS	4	9.5204e-01	9.9896e-01	1.000000	0
NDUFA1	4	9.5208e-01	9.9896e-01	1.000000	0
CDK5RAP1	4	9.5213e-01	9.9896e-01	1.000000	0
RNLS	4	9.5219e-01	9.9896e-01	1.000000	0
EFTUD1	4	9.5222e-01	9.9896e-01	1.000000	0
POLD4	4	9.5222e-01	9.9896e-01	1.000000	0
NBPF11	4	9.5223e-01	9.9896e-01	1.000000	0
YAE1D1	4	9.5228e-01	9.9896e-01	1.000000	0
TRPM1	4	9.5229e-01	9.9896e-01	1.000000	0
FAM32A	4	9.5233e-01	9.9896e-01	1.000000	0
TIAL1	4	9.5243e-01	9.9896e-01	1.000000	0
PFDN4	4	9.5248e-01	9.9896e-01	1.000000	0
GTF2E2	4	9.5250e-01	9.9896e-01	1.000000	0
USP31	4	9.5250e-01	9.9896e-01	1.000000	0
DDAH1	4	9.5261e-01	9.9896e-01	1.000000	0
IFNA10	4	9.5272e-01	9.9899e-01	1.000000	0
NUDT1	4	9.5276e-01	9.9899e-01	1.000000	0
METTL17	4	9.5280e-01	9.9899e-01	1.000000	0
C5orf30	4	9.5283e-01	9.9899e-01	1.000000	0
COX4I1	4	9.5286e-01	9.9899e-01	1.000000	0
FOXD4L5	4	9.5294e-01	9.9899e-01	1.000000	0
HIST2H4A	4	9.5298e-01	9.9899e-01	1.000000	0
ZNF789	4	9.5299e-01	9.9899e-01	1.000000	0
SLCO4C1	4	9.5301e-01	9.9899e-01	1.000000	0
DEXI	4	9.5310e-01	9.9899e-01	1.000000	0
TNRC6A	4	9.5311e-01	9.9899e-01	1.000000	0
ATR	4	9.5313e-01	9.9899e-01	1.000000	0
CWF19L2	4	9.5316e-01	9.9899e-01	1.000000	0
OTULIN	4	9.5320e-01	9.9899e-01	1.000000	0
GEMIN6	4	9.5321e-01	9.9899e-01	1.000000	0
CDC16	4	9.5328e-01	9.9899e-01	1.000000	0
MYRF	4	9.5331e-01	9.9899e-01	1.000000	0
YPEL1	4	9.5338e-01	9.9899e-01	1.000000	0
USP22	4	9.5339e-01	9.9899e-01	1.000000	0
LY6G6F	4	9.5344e-01	9.9899e-01	1.000000	0
MCF2L	4	9.5345e-01	9.9899e-01	1.000000	0
SLC2A10	4	9.5371e-01	9.9900e-01	1.000000	0
TNFSF12-TNFSF13	4	9.5373e-01	9.9900e-01	1.000000	0
KIF22	4	9.5374e-01	9.9900e-01	1.000000	0
SETSIP	4	9.5377e-01	9.9900e-01	1.000000	0
RPL17-C18orf32	4	9.5381e-01	9.9900e-01	1.000000	0
BUB1	4	9.5387e-01	9.9900e-01	1.000000	0
PLEKHA6	4	9.5388e-01	9.9900e-01	1.000000	0
COX20	4	9.5392e-01	9.9900e-01	1.000000	0
SLC26A10	4	9.5397e-01	9.9900e-01	1.000000	0
S100A5	4	9.5402e-01	9.9900e-01	1.000000	0
HSPA1L	4	9.5406e-01	9.9900e-01	1.000000	0
GOLIM4	4	9.5415e-01	9.9900e-01	1.000000	0
MSTO1	4	9.5423e-01	9.9900e-01	1.000000	0
FAM50B	4	9.5437e-01	9.9900e-01	1.000000	0
MRPL16	4	9.5442e-01	9.9900e-01	1.000000	0
WEE1	4	9.5448e-01	9.9900e-01	1.000000	0
AKNA	4	9.5450e-01	9.9900e-01	1.000000	0
THAP1	4	9.5454e-01	9.9900e-01	1.000000	0
GTF2H5	4	9.5462e-01	9.9900e-01	1.000000	0
MRPS30	4	9.5466e-01	9.9900e-01	1.000000	0
MIPOL1	4	9.5473e-01	9.9900e-01	1.000000	0
USP17L12	4	9.5483e-01	9.9900e-01	1.000000	0
GKN1	4	9.5484e-01	9.9901e-01	1.000000	0
NCOA3	4	9.5489e-01	9.9901e-01	1.000000	0
RFWD3	4	9.5494e-01	9.9901e-01	1.000000	0
BCR	4	9.5508e-01	9.9901e-01	1.000000	0
EPPK1	4	9.5511e-01	9.9901e-01	1.000000	0
SLC29A2	4	9.5515e-01	9.9901e-01	1.000000	0
TBC1D23	4	9.5516e-01	9.9901e-01	1.000000	0
SYNPO2L	4	9.5519e-01	9.9901e-01	1.000000	0
PLA2G16	4	9.5527e-01	9.9901e-01	1.000000	0
HFE2	4	9.5530e-01	9.9901e-01	1.000000	0
RNPC3	4	9.5535e-01	9.9901e-01	1.000000	0
C14orf39	4	9.5540e-01	9.9901e-01	1.000000	0
CRIP2	4	9.5544e-01	9.9901e-01	1.000000	0
RCC1	4	9.5549e-01	9.9901e-01	1.000000	0
POP4	4	9.5567e-01	9.9901e-01	1.000000	0
RGPD1	4	9.5570e-01	9.9901e-01	1.000000	0
PDCL3	4	9.5572e-01	9.9901e-01	1.000000	0
MMADHC	4	9.5576e-01	9.9901e-01	1.000000	0
C1orf56	4	9.5581e-01	9.9901e-01	1.000000	0
TTC1	4	9.5582e-01	9.9901e-01	1.000000	0
OTUD6B	4	9.5601e-01	9.9903e-01	1.000000	0
PSMC4	4	9.5605e-01	9.9903e-01	1.000000	0
NECAB3	4	9.5614e-01	9.9903e-01	1.000000	0
GBP2	4	9.5616e-01	9.9903e-01	1.000000	0
ABHD4	4	9.5621e-01	9.9903e-01	1.000000	0
ZDHHC7	4	9.5631e-01	9.9903e-01	1.000000	0
TOMM70A	4	9.5637e-01	9.9903e-01	1.000000	0
RBM12	4	9.5640e-01	9.9903e-01	1.000000	0
FUT7	4	9.5643e-01	9.9903e-01	1.000000	0
OSBPL5	4	9.5648e-01	9.9903e-01	1.000000	0
FRG2B	4	9.5649e-01	9.9903e-01	1.000000	0
WBP11	4	9.5663e-01	9.9903e-01	1.000000	0
INTS8	4	9.5667e-01	9.9903e-01	1.000000	0
ZNF335	4	9.5667e-01	9.9903e-01	1.000000	0
NUDCD1	4	9.5669e-01	9.9903e-01	1.000000	0
OR2A42	4	9.5673e-01	9.9903e-01	1.000000	0
ZNF714	4	9.5690e-01	9.9903e-01	1.000000	0
FLRT1	4	9.5696e-01	9.9903e-01	1.000000	0
RABIF	4	9.5698e-01	9.9903e-01	1.000000	0
TAF12	4	9.5705e-01	9.9903e-01	1.000000	0
ZMIZ1	4	9.5710e-01	9.9903e-01	1.000000	0
CEP120	4	9.5719e-01	9.9905e-01	1.000000	0
TRIM73	4	9.5725e-01	9.9905e-01	1.000000	0
ICK	4	9.5730e-01	9.9905e-01	1.000000	0
DACT1	4	9.5738e-01	9.9905e-01	1.000000	0
MBIP	4	9.5745e-01	9.9908e-01	1.000000	0
TPX2	4	9.5746e-01	9.9908e-01	1.000000	0
OR4K1	4	9.5759e-01	9.9908e-01	1.000000	0
NDUFA11	4	9.5764e-01	9.9908e-01	1.000000	0
KRTAP5-3	4	9.5768e-01	9.9908e-01	1.000000	0
RUFY2	4	9.5776e-01	9.9908e-01	1.000000	0
SPATA5L1	4	9.5781e-01	9.9908e-01	1.000000	0
HOXD3	4	9.5781e-01	9.9908e-01	1.000000	0
TPTE	4	9.5788e-01	9.9908e-01	1.000000	0
PURA	4	9.5793e-01	9.9908e-01	1.000000	0
UBXN7	4	9.5794e-01	9.9908e-01	1.000000	0
DRAP1	4	9.5795e-01	9.9908e-01	1.000000	0
ARFGAP1	4	9.5809e-01	9.9908e-01	1.000000	0
EPO	4	9.5816e-01	9.9910e-01	1.000000	0
HLA-DQA1	4	9.5816e-01	9.9910e-01	1.000000	0
VPS4B	4	9.5827e-01	9.9910e-01	1.000000	0
POC1B	3	9.5829e-01	9.9930e-01	1.000000	0
SMCR8	4	9.5835e-01	9.9910e-01	1.000000	0
MROH8	4	9.5840e-01	9.9910e-01	1.000000	0
ACADSB	4	9.5845e-01	9.9910e-01	1.000000	0
LAPTM5	4	9.5847e-01	9.9910e-01	1.000000	0
GAS2	4	9.5850e-01	9.9910e-01	1.000000	0
CEP57	4	9.5852e-01	9.9910e-01	1.000000	0
NBPF9	4	9.5877e-01	9.9910e-01	1.000000	0
MUT	4	9.5882e-01	9.9910e-01	1.000000	0
ZNF433	4	9.5888e-01	9.9910e-01	1.000000	0
MS4A7	4	9.5902e-01	9.9910e-01	1.000000	0
SEC16A	4	9.5905e-01	9.9910e-01	1.000000	0
CHORDC1	4	9.5911e-01	9.9910e-01	1.000000	0
XPA	4	9.5913e-01	9.9910e-01	1.000000	0
TMED3	4	9.5928e-01	9.9910e-01	1.000000	0
HDDC2	4	9.5933e-01	9.9910e-01	1.000000	0
CT45A5	4	9.5933e-01	9.9910e-01	1.000000	0
SLC7A5	4	9.5934e-01	9.9910e-01	1.000000	0
PPP1CA	4	9.5952e-01	9.9912e-01	1.000000	0
WNT2	4	9.5954e-01	9.9912e-01	1.000000	0
STX10	4	9.5956e-01	9.9912e-01	1.000000	0
CHRM4	4	9.5957e-01	9.9912e-01	1.000000	0
IL3	4	9.5971e-01	9.9912e-01	1.000000	0
LAPTM4B	4	9.5982e-01	9.9914e-01	1.000000	0
RILP	4	9.5983e-01	9.9914e-01	1.000000	0
WDR26	4	9.5984e-01	9.9914e-01	1.000000	0
C4orf27	4	9.5990e-01	9.9914e-01	1.000000	0
OR2AG2	4	9.5999e-01	9.9914e-01	1.000000	0
DPM2	4	9.6003e-01	9.9914e-01	1.000000	0
POMP	4	9.6011e-01	9.9914e-01	1.000000	0
EBLN1	4	9.6019e-01	9.9914e-01	1.000000	0
MRPL22	4	9.6023e-01	9.9914e-01	1.000000	0
ZNF594	4	9.6025e-01	9.9914e-01	1.000000	0
SMAD5	4	9.6028e-01	9.9914e-01	1.000000	0
DET1	4	9.6030e-01	9.9916e-01	1.000000	0
HIST2H4B	4	9.6035e-01	9.9916e-01	1.000000	0
GPD2	4	9.6041e-01	9.9916e-01	1.000000	0
MEN1	4	9.6053e-01	9.9916e-01	1.000000	0
SLC25A48	4	9.6055e-01	9.9916e-01	1.000000	0
AHNAK2	4	9.6077e-01	9.9916e-01	1.000000	0
HEXIM1	4	9.6078e-01	9.9916e-01	1.000000	0
ORC1	4	9.6092e-01	9.9916e-01	1.000000	0
COQ2	4	9.6107e-01	9.9917e-01	1.000000	0
FSIP1	4	9.6107e-01	9.9917e-01	1.000000	0
TEAD3	4	9.6110e-01	9.9917e-01	1.000000	0
FKBP7	4	9.6111e-01	9.9917e-01	1.000000	0
MAPK9	4	9.6116e-01	9.9917e-01	1.000000	0
POLR2M	4	9.6121e-01	9.9917e-01	1.000000	0
NFE2L1	4	9.6133e-01	9.9917e-01	1.000000	0
SNRPC	4	9.6138e-01	9.9917e-01	1.000000	0
YY1	4	9.6140e-01	9.9917e-01	1.000000	0
HMGN5	4	9.6156e-01	9.9917e-01	1.000000	0
RPP25L	4	9.6157e-01	9.9917e-01	1.000000	0
TMEM179B	4	9.6165e-01	9.9917e-01	1.000000	0
SIRPD	4	9.6174e-01	9.9917e-01	1.000000	0
DCC	4	9.6182e-01	9.9917e-01	1.000000	0
GNB2	4	9.6188e-01	9.9917e-01	1.000000	0
MED22	4	9.6191e-01	9.9917e-01	1.000000	0
PLCH1	4	9.6191e-01	9.9917e-01	1.000000	0
ASPA	4	9.6194e-01	9.9917e-01	1.000000	0
DHX8	4	9.6196e-01	9.9917e-01	1.000000	0
LRP1B	4	9.6201e-01	9.9920e-01	1.000000	0
ZNF671	4	9.6209e-01	9.9920e-01	1.000000	0
TARM1	4	9.6226e-01	9.9920e-01	1.000000	0
MARS2	4	9.6234e-01	9.9920e-01	1.000000	0
HYAL2	4	9.6235e-01	9.9920e-01	1.000000	0
ANKRD34B	4	9.6238e-01	9.9920e-01	1.000000	0
SRRM3	4	9.6247e-01	9.9920e-01	1.000000	0
TTC17	3	9.6248e-01	9.9946e-01	1.000000	0
CASS4	4	9.6250e-01	9.9920e-01	1.000000	0
C1orf216	4	9.6266e-01	9.9922e-01	1.000000	0
LRRIQ4	4	9.6269e-01	9.9922e-01	1.000000	0
CT45A7	4	9.6272e-01	9.9922e-01	1.000000	0
PPP1R11	4	9.6283e-01	9.9922e-01	1.000000	0
DSCR4	4	9.6284e-01	9.9922e-01	1.000000	0
SCGB1D2	4	9.6289e-01	9.9924e-01	1.000000	0
TMEM258	4	9.6292e-01	9.9924e-01	1.000000	0
ZNF266	4	9.6294e-01	9.9924e-01	1.000000	0
GCSH	4	9.6297e-01	9.9924e-01	1.000000	0
TRAM1	4	9.6306e-01	9.9924e-01	1.000000	0
HIST2H2AA4	4	9.6312e-01	9.9924e-01	1.000000	0
WDR76	4	9.6313e-01	9.9924e-01	1.000000	0
BEGAIN	4	9.6314e-01	9.9924e-01	1.000000	0
CTC1	4	9.6323e-01	9.9924e-01	1.000000	0
COQ6	4	9.6329e-01	9.9924e-01	1.000000	0
KRTAP3-3	4	9.6331e-01	9.9924e-01	1.000000	0
PARP8	4	9.6332e-01	9.9924e-01	1.000000	0
EYA3	4	9.6334e-01	9.9924e-01	1.000000	0
FKBP1B	4	9.6341e-01	9.9924e-01	1.000000	0
PDIK1L	4	9.6355e-01	9.9924e-01	1.000000	0
GSTM4	4	9.6358e-01	9.9924e-01	1.000000	0
H3F3A	3	9.6363e-01	9.9946e-01	1.000000	0
ROPN1B	4	9.6365e-01	9.9924e-01	1.000000	0
RGMB	4	9.6367e-01	9.9924e-01	1.000000	0
PMVK	4	9.6369e-01	9.9924e-01	1.000000	0
MRPS35	4	9.6372e-01	9.9924e-01	1.000000	0
CYB561D1	4	9.6379e-01	9.9924e-01	1.000000	0
SLC17A8	4	9.6380e-01	9.9924e-01	1.000000	0
ZNF207	4	9.6380e-01	9.9924e-01	1.000000	0
EDARADD	4	9.6387e-01	9.9924e-01	1.000000	0
VPS11	4	9.6394e-01	9.9924e-01	1.000000	0
SYNGR4	4	9.6397e-01	9.9924e-01	1.000000	0
PPT2	4	9.6398e-01	9.9924e-01	1.000000	0
SPI1	4	9.6409e-01	9.9925e-01	1.000000	0
RAD51	4	9.6416e-01	9.9925e-01	1.000000	0
MRPS27	4	9.6420e-01	9.9925e-01	1.000000	0
F2	4	9.6420e-01	9.9925e-01	1.000000	0
ANKRD52	4	9.6424e-01	9.9925e-01	1.000000	0
EFNA5	4	9.6427e-01	9.9925e-01	1.000000	0
SNAP23	4	9.6431e-01	9.9925e-01	1.000000	0
RNASEH2C	4	9.6439e-01	9.9926e-01	1.000000	0
PRG4	4	9.6441e-01	9.9926e-01	1.000000	0
PTPN20	4	9.6444e-01	9.9926e-01	1.000000	0
PCDHB5	4	9.6445e-01	9.9926e-01	1.000000	0
ECHS1	4	9.6447e-01	9.9926e-01	1.000000	0
PPIB	4	9.6447e-01	9.9926e-01	1.000000	0
OSBPL1A	4	9.6452e-01	9.9926e-01	1.000000	0
LMNB1	4	9.6457e-01	9.9926e-01	1.000000	0
CENPM	4	9.6458e-01	9.9926e-01	1.000000	0
CYB5R3	4	9.6463e-01	9.9926e-01	1.000000	0
TIGD1	4	9.6464e-01	9.9926e-01	1.000000	0
PDE4DIP	4	9.6473e-01	9.9926e-01	1.000000	0
STAT1	4	9.6484e-01	9.9926e-01	1.000000	0
CCDC167	4	9.6492e-01	9.9926e-01	1.000000	0
CCS	4	9.6497e-01	9.9926e-01	1.000000	0
HNRNPD	4	9.6501e-01	9.9926e-01	1.000000	0
CYTH4	4	9.6513e-01	9.9927e-01	1.000000	0
SYCP1	4	9.6514e-01	9.9927e-01	1.000000	0
SPINT4	4	9.6520e-01	9.9927e-01	1.000000	0
CSNK2A3	4	9.6527e-01	9.9927e-01	1.000000	0
TIMM23	4	9.6528e-01	9.9927e-01	1.000000	0
GANAB	4	9.6540e-01	9.9927e-01	1.000000	0
ARID4B	4	9.6541e-01	9.9927e-01	1.000000	0
ACAT1	4	9.6546e-01	9.9927e-01	1.000000	0
TMEM87A	4	9.6557e-01	9.9927e-01	1.000000	0
CKLF	4	9.6557e-01	9.9927e-01	1.000000	0
PLIN1	4	9.6558e-01	9.9927e-01	1.000000	0
LIN7C	4	9.6564e-01	9.9927e-01	1.000000	0
OSBPL11	4	9.6570e-01	9.9927e-01	1.000000	0
RPL8	4	9.6573e-01	9.9927e-01	1.000000	0
SNX32	4	9.6582e-01	9.9927e-01	1.000000	0
SMN2	4	9.6583e-01	9.9927e-01	1.000000	0
B4GALT5	4	9.6591e-01	9.9928e-01	1.000000	0
KARS	4	9.6593e-01	9.9928e-01	1.000000	0
DCAF12	4	9.6597e-01	9.9928e-01	1.000000	0
OLFML2B	4	9.6603e-01	9.9928e-01	1.000000	0
RDH12	4	9.6621e-01	9.9928e-01	1.000000	0
CYP26B1	4	9.6632e-01	9.9928e-01	1.000000	0
TREX2	4	9.6645e-01	9.9928e-01	1.000000	0
ESF1	4	9.6648e-01	9.9928e-01	1.000000	0
RABL3	4	9.6655e-01	9.9928e-01	1.000000	0
EHMT1	4	9.6663e-01	9.9928e-01	1.000000	0
MYO1C	4	9.6666e-01	9.9928e-01	1.000000	0
CLEC18A	4	9.6675e-01	9.9930e-01	1.000000	0
C5orf64	4	9.6682e-01	9.9930e-01	1.000000	0
OR4D5	4	9.6684e-01	9.9930e-01	1.000000	0
SLC35D2	4	9.6697e-01	9.9931e-01	1.000000	0
TMEM74B	4	9.6698e-01	9.9931e-01	1.000000	0
REG4	4	9.6698e-01	9.9931e-01	1.000000	0
COASY	4	9.6701e-01	9.9931e-01	1.000000	0
PSAP	4	9.6708e-01	9.9931e-01	1.000000	0
MAL2	4	9.6715e-01	9.9933e-01	1.000000	0
SFXN4	4	9.6728e-01	9.9933e-01	1.000000	0
MR1	4	9.6732e-01	9.9933e-01	1.000000	0
METTL14	4	9.6734e-01	9.9933e-01	1.000000	0
BROX	4	9.6739e-01	9.9933e-01	1.000000	0
PLEKHM2	4	9.6739e-01	9.9933e-01	1.000000	0
NBL1	4	9.6748e-01	9.9933e-01	1.000000	0
CACTIN	4	9.6771e-01	9.9933e-01	1.000000	0
DDX55	4	9.6773e-01	9.9933e-01	1.000000	0
TUBGCP2	4	9.6773e-01	9.9933e-01	1.000000	0
OR52N1	4	9.6783e-01	9.9933e-01	1.000000	0
TXNDC15	4	9.6785e-01	9.9933e-01	1.000000	0
DDX20	4	9.6785e-01	9.9933e-01	1.000000	0
FAM160A2	4	9.6790e-01	9.9933e-01	1.000000	0
CCDC132	4	9.6791e-01	9.9933e-01	1.000000	0
AGAP5	4	9.6798e-01	9.9933e-01	1.000000	0
KIF4A	4	9.6802e-01	9.9933e-01	1.000000	0
VPS37C	4	9.6810e-01	9.9935e-01	1.000000	0
CLN5	4	9.6813e-01	9.9935e-01	1.000000	0
PSME3	4	9.6831e-01	9.9938e-01	1.000000	0
RASA4	4	9.6833e-01	9.9938e-01	1.000000	0
PCDH15	4	9.6838e-01	9.9938e-01	1.000000	0
VPS33A	4	9.6840e-01	9.9938e-01	1.000000	0
MMS19	4	9.6844e-01	9.9938e-01	1.000000	0
EIF2S2	4	9.6847e-01	9.9940e-01	1.000000	0
LTB4R	4	9.6850e-01	9.9940e-01	1.000000	0
HIRA	4	9.6852e-01	9.9940e-01	1.000000	0
TMC2	4	9.6857e-01	9.9940e-01	1.000000	0
CAPG	4	9.6860e-01	9.9940e-01	1.000000	0
HEATR3	4	9.6866e-01	9.9940e-01	1.000000	0
PRB4	4	9.6880e-01	9.9940e-01	1.000000	0
CDK10	4	9.6888e-01	9.9940e-01	1.000000	0
GRWD1	4	9.6890e-01	9.9940e-01	1.000000	0
UNC5B	4	9.6891e-01	9.9940e-01	1.000000	0
OR4A16	4	9.6899e-01	9.9942e-01	1.000000	0
GALNS	4	9.6902e-01	9.9942e-01	1.000000	0
PRDM10	4	9.6902e-01	9.9942e-01	1.000000	0
GPR75	4	9.6905e-01	9.9942e-01	1.000000	0
GATC	4	9.6909e-01	9.9942e-01	1.000000	0
CDC27	4	9.6912e-01	9.9942e-01	1.000000	0
DERL1	4	9.6912e-01	9.9942e-01	1.000000	0
NPC1	4	9.6918e-01	9.9943e-01	1.000000	0
ATRN	4	9.6921e-01	9.9943e-01	1.000000	0
GINS4	4	9.6932e-01	9.9943e-01	1.000000	0
NRBP1	4	9.6939e-01	9.9943e-01	1.000000	0
C1orf234	4	9.6939e-01	9.9943e-01	1.000000	0
C1QC	4	9.6940e-01	9.9943e-01	1.000000	0
MAP3K7	4	9.6942e-01	9.9943e-01	1.000000	0
VAV3	4	9.6944e-01	9.9944e-01	1.000000	0
ATAD1	4	9.6950e-01	9.9944e-01	1.000000	0
FOLH1	4	9.6952e-01	9.9946e-01	1.000000	0
SHCBP1L	4	9.6953e-01	9.9946e-01	1.000000	0
RASA4B	4	9.6954e-01	9.9946e-01	1.000000	0
SNAI2	4	9.6955e-01	9.9946e-01	1.000000	0
PGAM4	4	9.6973e-01	9.9946e-01	1.000000	0
TMPRSS11D	4	9.6976e-01	9.9946e-01	1.000000	0
TIMP2	4	9.6983e-01	9.9946e-01	1.000000	0
RBMX	4	9.6983e-01	9.9946e-01	1.000000	0
SHPRH	4	9.6984e-01	9.9946e-01	1.000000	0
MRPL27	4	9.6991e-01	9.9946e-01	1.000000	0
LACTB	4	9.6994e-01	9.9946e-01	1.000000	0
SYNPR	4	9.6996e-01	9.9947e-01	1.000000	0
SLIT3	4	9.6997e-01	9.9947e-01	1.000000	0
SRSF4	4	9.7000e-01	9.9947e-01	1.000000	0
OR6C2	4	9.7001e-01	9.9947e-01	1.000000	0
USF2	4	9.7003e-01	9.9947e-01	1.000000	0
PFDN6	4	9.7009e-01	9.9947e-01	1.000000	0
NCBP2	4	9.7014e-01	9.9947e-01	1.000000	0
NRF1	4	9.7021e-01	9.9947e-01	1.000000	0
KCNRG	4	9.7024e-01	9.9947e-01	1.000000	0
CLLU1OS	4	9.7025e-01	9.9948e-01	1.000000	0
RNF212	4	9.7033e-01	9.9950e-01	1.000000	0
GAPDHS	4	9.7035e-01	9.9950e-01	1.000000	0
CHMP7	4	9.7037e-01	9.9950e-01	1.000000	0
SEPTIN9	4	9.7041e-01	9.9950e-01	1.000000	0
ABCA4	4	9.7055e-01	9.9953e-01	1.000000	0
FRAT2	4	9.7066e-01	9.9954e-01	1.000000	0
TNFRSF14	4	9.7069e-01	9.9954e-01	1.000000	0
UGT2B11	4	9.7072e-01	9.9954e-01	1.000000	0
NEURL1	4	9.7076e-01	9.9954e-01	1.000000	0
ABCB6	4	9.7086e-01	9.9954e-01	1.000000	0
GOLT1B	4	9.7086e-01	9.9954e-01	1.000000	0
SMARCB1	4	9.7092e-01	9.9954e-01	1.000000	0
NPLOC4	4	9.7093e-01	9.9954e-01	1.000000	0
NDC1	4	9.7106e-01	9.9956e-01	1.000000	0
WDR61	4	9.7107e-01	9.9956e-01	1.000000	0
MS4A15	4	9.7108e-01	9.9956e-01	1.000000	0
FOXD4L1	4	9.7109e-01	9.9956e-01	1.000000	0
PHTF1	4	9.7110e-01	9.9957e-01	1.000000	0
PPIF	4	9.7120e-01	9.9958e-01	1.000000	0
WAPAL	4	9.7120e-01	9.9958e-01	1.000000	0
SH3GLB2	4	9.7121e-01	9.9958e-01	1.000000	0
RBX1	4	9.7123e-01	9.9958e-01	1.000000	0
MYH1	4	9.7127e-01	9.9958e-01	1.000000	0
PREP	4	9.7131e-01	9.9958e-01	1.000000	0
NQO1	4	9.7139e-01	9.9959e-01	1.000000	0
NINJ2	4	9.7140e-01	9.9959e-01	1.000000	0
BET1	4	9.7146e-01	9.9959e-01	1.000000	0
PSAPL1	4	9.7147e-01	9.9959e-01	1.000000	0
NUPL1	4	9.7150e-01	9.9959e-01	1.000000	0
EGFL7	4	9.7151e-01	9.9959e-01	1.000000	0
SCD	4	9.7153e-01	9.9959e-01	1.000000	0
POLR2C	4	9.7155e-01	9.9959e-01	1.000000	0
COL26A1	4	9.7158e-01	9.9960e-01	1.000000	0
TBC1D30	4	9.7165e-01	9.9960e-01	1.000000	0
LETMD1	4	9.7170e-01	9.9960e-01	1.000000	0
DFFA	4	9.7184e-01	9.9962e-01	1.000000	0
ICMT	4	9.7188e-01	9.9962e-01	1.000000	0
AARSD1	4	9.7209e-01	9.9963e-01	1.000000	0
TSSC1	4	9.7220e-01	9.9964e-01	1.000000	0
EIF5A	3	9.7223e-01	9.9986e-01	1.000000	0
PGA3	4	9.7224e-01	9.9964e-01	1.000000	0
CGB8	4	9.7231e-01	9.9964e-01	1.000000	0
TAF9	4	9.7237e-01	9.9965e-01	1.000000	0
PPFIA1	4	9.7245e-01	9.9965e-01	1.000000	0
ANO7	4	9.7249e-01	9.9965e-01	1.000000	0
TENM4	4	9.7257e-01	9.9965e-01	1.000000	0
CHGA	4	9.7260e-01	9.9965e-01	1.000000	0
EME1	4	9.7262e-01	9.9965e-01	1.000000	0
OR10G3	4	9.7264e-01	9.9965e-01	1.000000	0
LIAS	4	9.7271e-01	9.9965e-01	1.000000	0
NOSIP	4	9.7276e-01	9.9966e-01	1.000000	0
SPATA31A3	4	9.7277e-01	9.9966e-01	1.000000	0
GAS2L1	4	9.7279e-01	9.9966e-01	1.000000	0
METAP2	4	9.7285e-01	9.9966e-01	1.000000	0
F12	4	9.7287e-01	9.9966e-01	1.000000	0
NAA40	4	9.7288e-01	9.9966e-01	1.000000	0
DDA1	4	9.7298e-01	9.9966e-01	1.000000	0
CSTF1	4	9.7299e-01	9.9966e-01	1.000000	0
NDUFAF3	4	9.7300e-01	9.9966e-01	1.000000	0
BTBD2	4	9.7303e-01	9.9966e-01	1.000000	0
PDRG1	4	9.7306e-01	9.9966e-01	1.000000	0
HAUS7	4	9.7311e-01	9.9966e-01	1.000000	0
PCDHGA8	4	9.7326e-01	9.9966e-01	1.000000	0
ARHGEF28	4	9.7333e-01	9.9966e-01	1.000000	0
KMT2B	4	9.7340e-01	9.9966e-01	1.000000	0
DNAJC13	4	9.7342e-01	9.9966e-01	1.000000	0
RHBDD3	4	9.7349e-01	9.9966e-01	1.000000	0
PPP1R13B	4	9.7350e-01	9.9966e-01	1.000000	0
EXO5	4	9.7352e-01	9.9966e-01	1.000000	0
S100PBP	4	9.7352e-01	9.9966e-01	1.000000	0
ACSS3	4	9.7361e-01	9.9966e-01	1.000000	0
NLN	4	9.7364e-01	9.9966e-01	1.000000	0
STARD9	4	9.7377e-01	9.9966e-01	1.000000	0
EWSR1	4	9.7384e-01	9.9967e-01	1.000000	0
POLR3H	4	9.7387e-01	9.9967e-01	1.000000	0
SMAD4	4	9.7389e-01	9.9967e-01	1.000000	0
SUB1	4	9.7390e-01	9.9967e-01	1.000000	0
PFN3	4	9.7396e-01	9.9967e-01	1.000000	0
ATAD3A	4	9.7396e-01	9.9967e-01	1.000000	0
RBPJ	4	9.7403e-01	9.9967e-01	1.000000	0
KCNK4	4	9.7403e-01	9.9967e-01	1.000000	0
VPS36	4	9.7406e-01	9.9967e-01	1.000000	0
DCLRE1B	4	9.7410e-01	9.9968e-01	1.000000	0
AKIRIN2	4	9.7420e-01	9.9968e-01	1.000000	0
PLAG1	4	9.7430e-01	9.9970e-01	1.000000	0
UQCRFS1	4	9.7430e-01	9.9970e-01	1.000000	0
LHX8	4	9.7432e-01	9.9970e-01	1.000000	0
HDAC8	4	9.7447e-01	9.9970e-01	1.000000	0
EMC3	4	9.7449e-01	9.9970e-01	1.000000	0
UBE2G2	4	9.7449e-01	9.9970e-01	1.000000	0
CD5L	4	9.7450e-01	9.9970e-01	1.000000	0
MMRN1	4	9.7458e-01	9.9970e-01	1.000000	0
MED9	4	9.7468e-01	9.9970e-01	1.000000	0
ADD1	4	9.7470e-01	9.9970e-01	1.000000	0
AGO2	4	9.7471e-01	9.9970e-01	1.000000	0
AGPAT3	4	9.7472e-01	9.9970e-01	1.000000	0
LEMD2	4	9.7475e-01	9.9970e-01	1.000000	0
UBE2S	4	9.7476e-01	9.9971e-01	1.000000	0
LRG1	4	9.7477e-01	9.9971e-01	1.000000	0
PRKRA	4	9.7479e-01	9.9972e-01	1.000000	0
IGDCC4	4	9.7480e-01	9.9972e-01	1.000000	0
PRPF4B	4	9.7486e-01	9.9972e-01	1.000000	0
HMGXB3	4	9.7487e-01	9.9972e-01	1.000000	0
STXBP3	4	9.7487e-01	9.9972e-01	1.000000	0
ASS1	4	9.7488e-01	9.9972e-01	1.000000	0
ZNF501	4	9.7491e-01	9.9972e-01	1.000000	0
CTSA	4	9.7498e-01	9.9972e-01	1.000000	0
ADAM21	4	9.7500e-01	9.9972e-01	1.000000	0
PRKACB	4	9.7501e-01	9.9972e-01	1.000000	0
SPTSSA	4	9.7506e-01	9.9972e-01	1.000000	0
PIK3R3	4	9.7521e-01	9.9973e-01	1.000000	0
DICER1	4	9.7527e-01	9.9973e-01	1.000000	0
TUBGCP4	4	9.7535e-01	9.9973e-01	1.000000	0
DHX30	4	9.7540e-01	9.9973e-01	1.000000	0
PPIAL4A	4	9.7541e-01	9.9973e-01	1.000000	0
UPK3BL	4	9.7548e-01	9.9974e-01	1.000000	0
RAB7A	4	9.7548e-01	9.9974e-01	1.000000	0
RBP7	4	9.7549e-01	9.9974e-01	1.000000	0
EIF3L	4	9.7551e-01	9.9974e-01	1.000000	0
SLC39A3	4	9.7552e-01	9.9974e-01	1.000000	0
NUP62	4	9.7558e-01	9.9974e-01	1.000000	0
ZNF148	4	9.7562e-01	9.9975e-01	1.000000	0
CTSE	4	9.7577e-01	9.9975e-01	1.000000	0
SMYD5	4	9.7585e-01	9.9975e-01	1.000000	0
EGLN1	4	9.7596e-01	9.9975e-01	1.000000	0
DYNC1LI2	4	9.7598e-01	9.9975e-01	1.000000	0
PLRG1	4	9.7614e-01	9.9976e-01	1.000000	0
RTFDC1	4	9.7626e-01	9.9977e-01	1.000000	0
PIM1	4	9.7630e-01	9.9977e-01	1.000000	0
PIGZ	4	9.7634e-01	9.9977e-01	1.000000	0
C8orf37	4	9.7636e-01	9.9977e-01	1.000000	0
ALB	4	9.7638e-01	9.9977e-01	1.000000	0
RPN1	4	9.7643e-01	9.9978e-01	1.000000	0
HAUS3	4	9.7646e-01	9.9978e-01	1.000000	0
ZRANB1	4	9.7647e-01	9.9978e-01	1.000000	0
HDGFRP2	4	9.7650e-01	9.9978e-01	1.000000	0
DOCK2	4	9.7650e-01	9.9978e-01	1.000000	0
ANKLE2	4	9.7652e-01	9.9978e-01	1.000000	0
GSPT2	4	9.7656e-01	9.9978e-01	1.000000	0
FLII	4	9.7658e-01	9.9978e-01	1.000000	0
HOMER3	4	9.7668e-01	9.9979e-01	1.000000	0
POLA2	4	9.7670e-01	9.9979e-01	1.000000	0
WDR59	4	9.7675e-01	9.9979e-01	1.000000	0
SCRIB	4	9.7678e-01	9.9980e-01	1.000000	0
R3HCC1	4	9.7681e-01	9.9980e-01	1.000000	0
SNRPA	4	9.7693e-01	9.9980e-01	1.000000	0
SNRPB	4	9.7700e-01	9.9980e-01	1.000000	0
NT5C2	4	9.7701e-01	9.9980e-01	1.000000	0
OR13C5	4	9.7704e-01	9.9980e-01	1.000000	0
COG8	4	9.7706e-01	9.9980e-01	1.000000	0
TUFM	4	9.7711e-01	9.9980e-01	1.000000	0
RPE65	4	9.7714e-01	9.9980e-01	1.000000	0
TSGA10IP	4	9.7730e-01	9.9980e-01	1.000000	0
SERPINB4	4	9.7734e-01	9.9980e-01	1.000000	0
ACCS	4	9.7735e-01	9.9980e-01	1.000000	0
FBXO24	4	9.7747e-01	9.9980e-01	1.000000	0
SYNGR1	4	9.7756e-01	9.9980e-01	1.000000	0
CCDC158	4	9.7757e-01	9.9980e-01	1.000000	0
TBCA	4	9.7763e-01	9.9980e-01	1.000000	0
SLC36A2	4	9.7770e-01	9.9981e-01	1.000000	0
CXorf56	4	9.7770e-01	9.9981e-01	1.000000	0
TAAR1	4	9.7772e-01	9.9981e-01	1.000000	0
COA6	4	9.7780e-01	9.9981e-01	1.000000	0
EFNA3	4	9.7795e-01	9.9982e-01	1.000000	0
GPBP1L1	4	9.7795e-01	9.9982e-01	1.000000	0
SRGAP2	4	9.7800e-01	9.9982e-01	1.000000	0
SNAPC2	4	9.7804e-01	9.9982e-01	1.000000	0
SPRYD7	4	9.7815e-01	9.9982e-01	1.000000	0
EFEMP2	4	9.7816e-01	9.9982e-01	1.000000	0
ZNF449	4	9.7817e-01	9.9982e-01	1.000000	0
CWC25	4	9.7821e-01	9.9982e-01	1.000000	0
NR1H2	4	9.7823e-01	9.9982e-01	1.000000	0
ASNA1	4	9.7827e-01	9.9982e-01	1.000000	0
BDP1	4	9.7831e-01	9.9982e-01	1.000000	0
C2CD3	4	9.7841e-01	9.9982e-01	1.000000	0
PRDM14	4	9.7844e-01	9.9982e-01	1.000000	0
GRPEL1	4	9.7850e-01	9.9982e-01	1.000000	0
RNF220	4	9.7852e-01	9.9982e-01	1.000000	0
MRPL30	4	9.7874e-01	9.9982e-01	1.000000	0
ARMC6	4	9.7875e-01	9.9982e-01	1.000000	0
CD8A	4	9.7876e-01	9.9982e-01	1.000000	0
PGR	4	9.7879e-01	9.9982e-01	1.000000	0
CHEK1	4	9.7880e-01	9.9982e-01	1.000000	0
APBA2	4	9.7882e-01	9.9982e-01	1.000000	0
ALG13	4	9.7892e-01	9.9982e-01	1.000000	0
SYT7	4	9.7893e-01	9.9982e-01	1.000000	0
ASB4	4	9.7900e-01	9.9982e-01	1.000000	0
FKBP5	4	9.7901e-01	9.9982e-01	1.000000	0
GPN3	3	9.7903e-01	9.9992e-01	1.000000	0
OR5AU1	4	9.7906e-01	9.9982e-01	1.000000	0
FTSJ2	4	9.7909e-01	9.9982e-01	1.000000	0
A4GNT	4	9.7910e-01	9.9982e-01	1.000000	0
POLG2	4	9.7910e-01	9.9982e-01	1.000000	0
IL19	4	9.7915e-01	9.9982e-01	1.000000	0
CITED2	4	9.7915e-01	9.9982e-01	1.000000	0
RCAN3	4	9.7919e-01	9.9982e-01	1.000000	0
C2CD4D	4	9.7920e-01	9.9982e-01	1.000000	0
PLA2G2E	4	9.7926e-01	9.9982e-01	1.000000	0
CYR61	4	9.7930e-01	9.9982e-01	1.000000	0
UPF2	4	9.7940e-01	9.9984e-01	1.000000	0
SF3A2	4	9.7950e-01	9.9985e-01	1.000000	0
RBBP7	4	9.7950e-01	9.9985e-01	1.000000	0
PRPS1	4	9.7962e-01	9.9985e-01	1.000000	0
CCDC174	4	9.7965e-01	9.9985e-01	1.000000	0
EMC4	4	9.7967e-01	9.9985e-01	1.000000	0
IL13RA2	4	9.7970e-01	9.9985e-01	1.000000	0
DHRS7B	4	9.7971e-01	9.9985e-01	1.000000	0
PIGL	4	9.7981e-01	9.9986e-01	1.000000	0
TBCC	4	9.7988e-01	9.9987e-01	1.000000	0
USP5	4	9.7994e-01	9.9987e-01	1.000000	0
CNPPD1	4	9.7995e-01	9.9987e-01	1.000000	0
YWHAZ	3	9.7995e-01	9.9993e-01	1.000000	0
COX6B1	4	9.7995e-01	9.9987e-01	1.000000	0
FOLR1	4	9.7996e-01	9.9987e-01	1.000000	0
NPM3	4	9.7996e-01	9.9987e-01	1.000000	0
PIAS2	4	9.8006e-01	9.9987e-01	1.000000	0
SUSD4	4	9.8008e-01	9.9987e-01	1.000000	0
VIPAS39	4	9.8011e-01	9.9987e-01	1.000000	0
FAM3A	4	9.8013e-01	9.9987e-01	1.000000	0
C7orf77	4	9.8015e-01	9.9987e-01	1.000000	0
FAM25A	4	9.8018e-01	9.9987e-01	1.000000	0
KIAA0895L	4	9.8020e-01	9.9987e-01	1.000000	0
MTX1	4	9.8020e-01	9.9987e-01	1.000000	0
PPP2R2B	4	9.8026e-01	9.9988e-01	1.000000	0
AP1M1	4	9.8028e-01	9.9988e-01	1.000000	0
PCDHB8	4	9.8029e-01	9.9988e-01	1.000000	0
FCRL5	4	9.8032e-01	9.9988e-01	1.000000	0
CSN2	4	9.8045e-01	9.9988e-01	1.000000	0
E2F3	4	9.8047e-01	9.9988e-01	1.000000	0
KANSL1	4	9.8049e-01	9.9988e-01	1.000000	0
C4B	4	9.8054e-01	9.9988e-01	1.000000	0
SPCS2	4	9.8054e-01	9.9988e-01	1.000000	0
MRI1	4	9.8060e-01	9.9989e-01	1.000000	0
CPSF4	4	9.8063e-01	9.9989e-01	1.000000	0
PTDSS2	4	9.8066e-01	9.9989e-01	1.000000	0
PER2	4	9.8068e-01	9.9989e-01	1.000000	0
EGFL8	4	9.8069e-01	9.9989e-01	1.000000	0
CERS1	4	9.8072e-01	9.9989e-01	1.000000	0
OR8B4	4	9.8079e-01	9.9990e-01	1.000000	0
PTCRA	4	9.8082e-01	9.9990e-01	1.000000	0
ANK2	4	9.8093e-01	9.9990e-01	1.000000	0
CAMLG	4	9.8097e-01	9.9990e-01	1.000000	0
FCHSD1	4	9.8097e-01	9.9990e-01	1.000000	0
CENPA	4	9.8101e-01	9.9990e-01	1.000000	0
TESPA1	4	9.8112e-01	9.9990e-01	1.000000	0
ADO	4	9.8118e-01	9.9990e-01	1.000000	0
WNK3	4	9.8138e-01	9.9990e-01	1.000000	0
PPP1R12A	4	9.8140e-01	9.9990e-01	1.000000	0
DYNC1I1	4	9.8141e-01	9.9990e-01	1.000000	0
TMEM262	4	9.8145e-01	9.9990e-01	1.000000	0
FBXL22	4	9.8153e-01	9.9990e-01	1.000000	0
ZBTB47	4	9.8155e-01	9.9990e-01	1.000000	0
ALX3	4	9.8160e-01	9.9990e-01	1.000000	0
PES1	4	9.8163e-01	9.9990e-01	1.000000	0
PRPF39	4	9.8167e-01	9.9990e-01	1.000000	0
CDCA8	4	9.8168e-01	9.9990e-01	1.000000	0
TAF8	4	9.8173e-01	9.9990e-01	1.000000	0
CA11	4	9.8177e-01	9.9990e-01	1.000000	0
RPS6KA1	4	9.8178e-01	9.9990e-01	1.000000	0
DCXR	4	9.8179e-01	9.9990e-01	1.000000	0
C1orf131	4	9.8179e-01	9.9990e-01	1.000000	0
H2AFZ	4	9.8182e-01	9.9990e-01	1.000000	0
ARL1	4	9.8184e-01	9.9990e-01	1.000000	0
GPATCH3	4	9.8184e-01	9.9990e-01	1.000000	0
SUPV3L1	4	9.8188e-01	9.9990e-01	1.000000	0
MRPS17	4	9.8195e-01	9.9991e-01	1.000000	0
FBXL7	4	9.8201e-01	9.9991e-01	1.000000	0
SPDYE1	4	9.8208e-01	9.9991e-01	1.000000	0
AP3S1	4	9.8211e-01	9.9991e-01	1.000000	0
CASC5	4	9.8211e-01	9.9991e-01	1.000000	0
ATAD3C	4	9.8213e-01	9.9991e-01	1.000000	0
RECQL4	4	9.8216e-01	9.9991e-01	1.000000	0
ZNF805	4	9.8218e-01	9.9991e-01	1.000000	0
SURF1	4	9.8221e-01	9.9991e-01	1.000000	0
GPR22	4	9.8234e-01	9.9991e-01	1.000000	0
ALDH16A1	4	9.8235e-01	9.9991e-01	1.000000	0
HTR3D	4	9.8247e-01	9.9991e-01	1.000000	0
BCL2L1	4	9.8247e-01	9.9991e-01	1.000000	0
SPAG5	4	9.8249e-01	9.9991e-01	1.000000	0
ZBTB3	4	9.8252e-01	9.9991e-01	1.000000	0
FAM58A	4	9.8254e-01	9.9991e-01	1.000000	0
OR10G4	4	9.8255e-01	9.9991e-01	1.000000	0
ST3GAL3	4	9.8257e-01	9.9991e-01	1.000000	0
RNF223	4	9.8258e-01	9.9991e-01	1.000000	0
ARHGAP24	4	9.8262e-01	9.9991e-01	1.000000	0
VPS51	4	9.8264e-01	9.9991e-01	1.000000	0
SSSCA1	4	9.8266e-01	9.9991e-01	1.000000	0
BPIFB3	4	9.8271e-01	9.9991e-01	1.000000	0
ANKUB1	4	9.8271e-01	9.9991e-01	1.000000	0
COX7A2	4	9.8276e-01	9.9991e-01	1.000000	0
ARHGAP40	4	9.8276e-01	9.9991e-01	1.000000	0
TGS1	4	9.8276e-01	9.9991e-01	1.000000	0
PPIAL4F	4	9.8277e-01	9.9991e-01	1.000000	0
DEFB131	4	9.8278e-01	9.9991e-01	1.000000	0
PSMG2	4	9.8284e-01	9.9991e-01	1.000000	0
GTF2H2C	4	9.8285e-01	9.9991e-01	1.000000	0
LSM10	4	9.8291e-01	9.9991e-01	1.000000	0
SDHAF3	4	9.8296e-01	9.9991e-01	1.000000	0
C8orf22	4	9.8296e-01	9.9991e-01	1.000000	0
GCLM	4	9.8297e-01	9.9991e-01	1.000000	0
LPPR4	4	9.8298e-01	9.9991e-01	1.000000	0
ILDR1	4	9.8307e-01	9.9991e-01	1.000000	0
UBE2H	4	9.8317e-01	9.9991e-01	1.000000	0
HLCS	4	9.8321e-01	9.9991e-01	1.000000	0
TBC1D3L	4	9.8321e-01	9.9991e-01	1.000000	0
ZSWIM5	4	9.8329e-01	9.9991e-01	1.000000	0
AVPR2	4	9.8329e-01	9.9991e-01	1.000000	0
ZNF367	4	9.8331e-01	9.9991e-01	1.000000	0
RABGGTA	4	9.8331e-01	9.9991e-01	1.000000	0
MPL	4	9.8336e-01	9.9991e-01	1.000000	0
VMAC	4	9.8336e-01	9.9991e-01	1.000000	0
FOXD3	4	9.8342e-01	9.9992e-01	1.000000	0
ARMC9	4	9.8343e-01	9.9992e-01	1.000000	0
LGALS9C	4	9.8343e-01	9.9992e-01	1.000000	0
FBXO6	4	9.8347e-01	9.9992e-01	1.000000	0
RPS12	4	9.8350e-01	9.9992e-01	1.000000	0
IPO9	4	9.8350e-01	9.9992e-01	1.000000	0
SATB1	4	9.8352e-01	9.9992e-01	1.000000	0
STAG3	4	9.8357e-01	9.9992e-01	1.000000	0
FAM19A3	4	9.8360e-01	9.9992e-01	1.000000	0
POM121C	4	9.8369e-01	9.9992e-01	1.000000	0
PBXIP1	4	9.8373e-01	9.9992e-01	1.000000	0
ELOVL1	4	9.8373e-01	9.9992e-01	1.000000	0
CLSPN	4	9.8376e-01	9.9992e-01	1.000000	0
COPS3	4	9.8378e-01	9.9992e-01	1.000000	0
WAC	4	9.8379e-01	9.9992e-01	1.000000	0
C9orf57	4	9.8380e-01	9.9992e-01	1.000000	0
EHHADH	4	9.8383e-01	9.9992e-01	1.000000	0
KRIT1	4	9.8386e-01	9.9992e-01	1.000000	0
OR6Q1	4	9.8397e-01	9.9992e-01	1.000000	0
MRPS16	4	9.8401e-01	9.9992e-01	1.000000	0
DMRTC1	4	9.8403e-01	9.9992e-01	1.000000	0
FAM102A	4	9.8405e-01	9.9992e-01	1.000000	0
BORA	4	9.8412e-01	9.9992e-01	1.000000	0
TRIM45	4	9.8417e-01	9.9992e-01	1.000000	0
PHGDH	4	9.8419e-01	9.9992e-01	1.000000	0
NOC2L	4	9.8421e-01	9.9992e-01	1.000000	0
TP63	4	9.8422e-01	9.9992e-01	1.000000	0
SMG1	4	9.8423e-01	9.9992e-01	1.000000	0
CEP164	4	9.8427e-01	9.9992e-01	1.000000	0
SEPTIN15	4	9.8433e-01	9.9992e-01	1.000000	0
EDDM3A	4	9.8443e-01	9.9992e-01	1.000000	0
TXNRD1	3	9.8446e-01	9.9997e-01	1.000000	0
EIF2AK4	4	9.8447e-01	9.9992e-01	1.000000	0
CHCHD10	4	9.8452e-01	9.9992e-01	1.000000	0
STX18	4	9.8453e-01	9.9992e-01	1.000000	0
SMG5	4	9.8454e-01	9.9992e-01	1.000000	0
VBP1	4	9.8455e-01	9.9992e-01	1.000000	0
RPP38	4	9.8456e-01	9.9992e-01	1.000000	0
KRT82	4	9.8458e-01	9.9992e-01	1.000000	0
FAM46C	4	9.8462e-01	9.9992e-01	1.000000	0
HSD11B1	4	9.8462e-01	9.9992e-01	1.000000	0
PAM16	4	9.8469e-01	9.9992e-01	1.000000	0
ERAL1	4	9.8480e-01	9.9993e-01	1.000000	0
UPF1	4	9.8481e-01	9.9993e-01	1.000000	0
VPS13D	4	9.8482e-01	9.9993e-01	1.000000	0
DDX24	4	9.8483e-01	9.9993e-01	1.000000	0
MRPL19	4	9.8484e-01	9.9993e-01	1.000000	0
C17orf58	4	9.8497e-01	9.9993e-01	1.000000	0
SWT1	4	9.8498e-01	9.9993e-01	1.000000	0
TEX261	4	9.8499e-01	9.9993e-01	1.000000	0
CALML6	4	9.8499e-01	9.9993e-01	1.000000	0
UFC1	4	9.8502e-01	9.9993e-01	1.000000	0
TRAPPC2L	4	9.8506e-01	9.9993e-01	1.000000	0
PAOX	4	9.8507e-01	9.9993e-01	1.000000	0
CDC6	4	9.8510e-01	9.9993e-01	1.000000	0
B4GALT7	4	9.8514e-01	9.9993e-01	1.000000	0
MRPL34	4	9.8517e-01	9.9993e-01	1.000000	0
NDUFA6	4	9.8518e-01	9.9993e-01	1.000000	0
GORASP2	4	9.8520e-01	9.9993e-01	1.000000	0
TP53RK	4	9.8521e-01	9.9993e-01	1.000000	0
TNFAIP8L2-SCNM1	4	9.8524e-01	9.9993e-01	1.000000	0
CXorf40B	4	9.8530e-01	9.9994e-01	1.000000	0
TRAPPC2	4	9.8534e-01	9.9994e-01	1.000000	0
CINP	4	9.8543e-01	9.9994e-01	1.000000	0
TRIM23	4	9.8545e-01	9.9994e-01	1.000000	0
EIF3H	4	9.8548e-01	9.9994e-01	1.000000	0
TPBG	4	9.8552e-01	9.9994e-01	1.000000	0
TAF6L	4	9.8558e-01	9.9994e-01	1.000000	0
MTPAP	4	9.8565e-01	9.9994e-01	1.000000	0
FLCN	4	9.8566e-01	9.9994e-01	1.000000	0
SEMA4D	4	9.8578e-01	9.9994e-01	1.000000	0
CD300E	4	9.8578e-01	9.9994e-01	1.000000	0
SLC6A6	4	9.8579e-01	9.9994e-01	1.000000	0
NPR1	4	9.8595e-01	9.9994e-01	1.000000	0
LUM	4	9.8596e-01	9.9994e-01	1.000000	0
GOLGA8N	4	9.8596e-01	9.9994e-01	1.000000	0
ARIH1	4	9.8597e-01	9.9994e-01	1.000000	0
TRIM64	4	9.8599e-01	9.9994e-01	1.000000	0
ATG12	4	9.8601e-01	9.9994e-01	1.000000	0
MOB4	4	9.8602e-01	9.9994e-01	1.000000	0
NOL8	4	9.8603e-01	9.9994e-01	1.000000	0
FASTKD5	4	9.8607e-01	9.9994e-01	1.000000	0
CHMP4A	4	9.8613e-01	9.9995e-01	1.000000	0
ODF2L	4	9.8621e-01	9.9995e-01	1.000000	0
SAC3D1	4	9.8627e-01	9.9995e-01	1.000000	0
KIF23	4	9.8630e-01	9.9995e-01	1.000000	0
MED19	4	9.8631e-01	9.9995e-01	1.000000	0
ABCB7	4	9.8634e-01	9.9995e-01	1.000000	0
MRGPRE	4	9.8634e-01	9.9995e-01	1.000000	0
PPP1R35	4	9.8638e-01	9.9995e-01	1.000000	0
XPO5	4	9.8638e-01	9.9995e-01	1.000000	0
DNAJC17	4	9.8642e-01	9.9995e-01	1.000000	0
DDRGK1	4	9.8642e-01	9.9995e-01	1.000000	0
TCEB3CL2	4	9.8646e-01	9.9995e-01	1.000000	0
GAL3ST4	4	9.8646e-01	9.9995e-01	1.000000	0
ZNF684	4	9.8648e-01	9.9995e-01	1.000000	0
DNAL4	4	9.8652e-01	9.9995e-01	1.000000	0
SLC35A2	4	9.8655e-01	9.9995e-01	1.000000	0
THAP11	4	9.8656e-01	9.9995e-01	1.000000	0
TM4SF18	4	9.8658e-01	9.9995e-01	1.000000	0
SF3B3	4	9.8667e-01	9.9995e-01	1.000000	0
POGLUT1	4	9.8671e-01	9.9995e-01	1.000000	0
TMEM25	4	9.8672e-01	9.9995e-01	1.000000	0
RFC2	4	9.8684e-01	9.9995e-01	1.000000	0
TRIM49C	4	9.8686e-01	9.9995e-01	1.000000	0
VCL	4	9.8689e-01	9.9995e-01	1.000000	0
PPIL4	4	9.8694e-01	9.9995e-01	1.000000	0
TMEM130	4	9.8697e-01	9.9995e-01	1.000000	0
DPH3P1	4	9.8700e-01	9.9995e-01	1.000000	0
GDF3	4	9.8702e-01	9.9995e-01	1.000000	0
TXNDC17	4	9.8704e-01	9.9995e-01	1.000000	0
IL12RB2	4	9.8710e-01	9.9995e-01	1.000000	0
CPEB3	4	9.8714e-01	9.9995e-01	1.000000	0
ADGRD1	3	9.8715e-01	9.9998e-01	1.000000	0
RSPH10B2	4	9.8718e-01	9.9995e-01	1.000000	0
BEST2	4	9.8719e-01	9.9995e-01	1.000000	0
NFYC	4	9.8720e-01	9.9995e-01	1.000000	0
ADAM8	4	9.8724e-01	9.9995e-01	1.000000	0
CCDC144NL	4	9.8725e-01	9.9995e-01	1.000000	0
USE1	4	9.8726e-01	9.9995e-01	1.000000	0
AADAC	4	9.8732e-01	9.9995e-01	1.000000	0
FOXRED1	4	9.8733e-01	9.9995e-01	1.000000	0
GPR61	4	9.8733e-01	9.9995e-01	1.000000	0
SH3BGRL3	4	9.8735e-01	9.9995e-01	1.000000	0
KRTAP5-7	4	9.8737e-01	9.9995e-01	1.000000	0
CPSF1	4	9.8742e-01	9.9995e-01	1.000000	0
CAPN7	4	9.8742e-01	9.9995e-01	1.000000	0
WDR83	4	9.8748e-01	9.9995e-01	1.000000	0
FAM231A	4	9.8748e-01	9.9995e-01	1.000000	0
NSMF	4	9.8751e-01	9.9995e-01	1.000000	0
CFI	4	9.8753e-01	9.9995e-01	1.000000	0
SEZ6L	4	9.8753e-01	9.9995e-01	1.000000	0
RNASE2	4	9.8754e-01	9.9995e-01	1.000000	0
AGAP9	4	9.8759e-01	9.9995e-01	1.000000	0
CYB561D2	4	9.8760e-01	9.9995e-01	1.000000	0
CENPC	4	9.8763e-01	9.9995e-01	1.000000	0
TAMM41	4	9.8764e-01	9.9995e-01	1.000000	0
NDOR1	4	9.8766e-01	9.9995e-01	1.000000	0
SLC35B1	4	9.8767e-01	9.9995e-01	1.000000	0
NUP43	4	9.8768e-01	9.9995e-01	1.000000	0
TBC1D12	4	9.8770e-01	9.9995e-01	1.000000	0
PDCD5	4	9.8775e-01	9.9995e-01	1.000000	0
MED7	4	9.8781e-01	9.9995e-01	1.000000	0
NAF1	4	9.8787e-01	9.9995e-01	1.000000	0
NUP210	4	9.8792e-01	9.9995e-01	1.000000	0
DAXX	4	9.8798e-01	9.9995e-01	1.000000	0
CDKN2AIPNL	4	9.8801e-01	9.9995e-01	1.000000	0
PUS3	4	9.8804e-01	9.9995e-01	1.000000	0
CRMP1	4	9.8821e-01	9.9995e-01	1.000000	0
RCE1	4	9.8828e-01	9.9996e-01	1.000000	0
ACTR1B	4	9.8835e-01	9.9996e-01	1.000000	0
PSMD12	4	9.8841e-01	9.9996e-01	1.000000	0
CENPE	4	9.8842e-01	9.9996e-01	1.000000	0
FADS1	4	9.8842e-01	9.9996e-01	1.000000	0
HENMT1	4	9.8845e-01	9.9996e-01	1.000000	0
FBXO33	4	9.8847e-01	9.9996e-01	1.000000	0
ALDH4A1	4	9.8848e-01	9.9996e-01	1.000000	0
PEX5	4	9.8849e-01	9.9996e-01	1.000000	0
PARPBP	4	9.8850e-01	9.9996e-01	1.000000	0
RHNO1	4	9.8850e-01	9.9996e-01	1.000000	0
PSD	4	9.8859e-01	9.9997e-01	1.000000	0
RPA2	4	9.8860e-01	9.9997e-01	1.000000	0
AVEN	4	9.8866e-01	9.9997e-01	1.000000	0
RAPGEF6	4	9.8867e-01	9.9997e-01	1.000000	0
NUTM2G	4	9.8871e-01	9.9997e-01	1.000000	0
INSR	4	9.8873e-01	9.9997e-01	1.000000	0
ATP5J2	4	9.8876e-01	9.9997e-01	1.000000	0
NIFK	4	9.8879e-01	9.9997e-01	1.000000	0
VPS72	4	9.8885e-01	9.9997e-01	1.000000	0
DDX18	4	9.8888e-01	9.9997e-01	1.000000	0
NRDE2	4	9.8893e-01	9.9997e-01	1.000000	0
H2AFB3	4	9.8895e-01	9.9997e-01	1.000000	0
DNTTIP2	4	9.8897e-01	9.9997e-01	1.000000	0
TMEM199	4	9.8898e-01	9.9997e-01	1.000000	0
TIGD7	4	9.8901e-01	9.9997e-01	1.000000	0
MBD3L5	4	9.8901e-01	9.9997e-01	1.000000	0
CHD4	4	9.8903e-01	9.9997e-01	1.000000	0
BLM	4	9.8913e-01	9.9997e-01	1.000000	0
TAF10	4	9.8919e-01	9.9997e-01	1.000000	0
LRTOMT	4	9.8920e-01	9.9997e-01	1.000000	0
FOXD2	4	9.8927e-01	9.9997e-01	1.000000	0
FHOD3	4	9.8929e-01	9.9997e-01	1.000000	0
ATF4	4	9.8933e-01	9.9997e-01	1.000000	0
TUBGCP6	4	9.8933e-01	9.9997e-01	1.000000	0
SNRPA1	4	9.8933e-01	9.9997e-01	1.000000	0
PHF12	4	9.8936e-01	9.9997e-01	1.000000	0
SFSWAP	4	9.8947e-01	9.9997e-01	1.000000	0
SDHD	4	9.8951e-01	9.9997e-01	1.000000	0
C14orf80	4	9.8953e-01	9.9997e-01	1.000000	0
KIF14	4	9.8960e-01	9.9997e-01	1.000000	0
MBD3	4	9.8965e-01	9.9998e-01	1.000000	0
PTH	4	9.8970e-01	9.9998e-01	1.000000	0
WBSCR28	4	9.8971e-01	9.9998e-01	1.000000	0
STK35	4	9.8978e-01	9.9998e-01	1.000000	0
UQCRHL	4	9.8979e-01	9.9998e-01	1.000000	0
CCDC47	4	9.8980e-01	9.9998e-01	1.000000	0
CHAF1A	4	9.8982e-01	9.9998e-01	1.000000	0
CCL19	4	9.8982e-01	9.9998e-01	1.000000	0
COG2	4	9.8984e-01	9.9998e-01	1.000000	0
HAO2	4	9.8987e-01	9.9998e-01	1.000000	0
FAM35A	4	9.8993e-01	9.9998e-01	1.000000	0
ANKRA2	4	9.9005e-01	9.9998e-01	1.000000	0
ERI1	4	9.9008e-01	9.9998e-01	1.000000	0
RPAIN	4	9.9009e-01	9.9998e-01	1.000000	0
IRF6	4	9.9010e-01	9.9998e-01	1.000000	0
CD8B	4	9.9017e-01	9.9998e-01	1.000000	0
XPNPEP3	4	9.9019e-01	9.9998e-01	1.000000	0
SPANXC	4	9.9033e-01	9.9999e-01	1.000000	0
TMUB1	4	9.9033e-01	9.9999e-01	1.000000	0
WDR1	4	9.9044e-01	9.9999e-01	1.000000	0
CPA4	4	9.9047e-01	9.9999e-01	1.000000	0
CKAP5	4	9.9052e-01	9.9999e-01	1.000000	0
HAUS6	4	9.9055e-01	9.9999e-01	1.000000	0
SDE2	4	9.9057e-01	9.9999e-01	1.000000	0
NFYA	4	9.9060e-01	9.9999e-01	1.000000	0
TCEB3C	4	9.9061e-01	9.9999e-01	1.000000	0
UNC50	4	9.9062e-01	9.9999e-01	1.000000	0
UQCRC2	4	9.9067e-01	9.9999e-01	1.000000	0
OR6C3	4	9.9068e-01	9.9999e-01	1.000000	0
TBC1D3B	4	9.9071e-01	9.9999e-01	1.000000	0
SETD5	4	9.9075e-01	9.9999e-01	1.000000	0
AFG3L2	4	9.9079e-01	9.9999e-01	1.000000	0
CENPN	4	9.9091e-01	9.9999e-01	1.000000	0
ORMDL3	4	9.9091e-01	9.9999e-01	1.000000	0
TAF5	4	9.9094e-01	9.9999e-01	1.000000	0
EXTL3	4	9.9094e-01	9.9999e-01	1.000000	0
MFAP1	4	9.9096e-01	9.9999e-01	1.000000	0
GOLGA6L6	4	9.9099e-01	9.9999e-01	1.000000	0
IMP3	4	9.9103e-01	9.9999e-01	1.000000	0
NBPF10	4	9.9105e-01	9.9999e-01	1.000000	0
HBEGF	4	9.9107e-01	9.9999e-01	1.000000	0
LCE2A	4	9.9107e-01	9.9999e-01	1.000000	0
CCNB1IP1	4	9.9108e-01	9.9999e-01	1.000000	0
CHERP	4	9.9108e-01	9.9999e-01	1.000000	0
COMTD1	4	9.9111e-01	9.9999e-01	1.000000	0
RAB35	4	9.9121e-01	9.9999e-01	1.000000	0
NBPF20	4	9.9124e-01	9.9999e-01	1.000000	0
CLK2	4	9.9130e-01	9.9999e-01	1.000000	0
DCAF7	4	9.9132e-01	9.9999e-01	1.000000	0
TP53BP1	4	9.9133e-01	9.9999e-01	1.000000	0
ELP2	4	9.9136e-01	9.9999e-01	1.000000	0
MUS81	4	9.9146e-01	9.9999e-01	1.000000	0
ZC3H8	4	9.9148e-01	9.9999e-01	1.000000	0
OR10H5	4	9.9157e-01	9.9999e-01	1.000000	0
PRKAR1A	4	9.9160e-01	9.9999e-01	1.000000	0
NFS1	4	9.9163e-01	9.9999e-01	1.000000	0
LANCL2	4	9.9164e-01	9.9999e-01	1.000000	0
CEPT1	4	9.9169e-01	9.9999e-01	1.000000	0
VWA1	4	9.9176e-01	9.9999e-01	1.000000	0
PHOSPHO1	4	9.9177e-01	9.9999e-01	1.000000	0
AATF	4	9.9179e-01	9.9999e-01	1.000000	0
RB1CC1	4	9.9181e-01	9.9999e-01	1.000000	0
GSTZ1	4	9.9181e-01	9.9999e-01	1.000000	0
SFPQ	4	9.9183e-01	9.9999e-01	1.000000	0
MST1	4	9.9185e-01	9.9999e-01	1.000000	0
XPO7	4	9.9187e-01	9.9999e-01	1.000000	0
BIRC6	4	9.9188e-01	9.9999e-01	1.000000	0
C16orf59	4	9.9190e-01	9.9999e-01	1.000000	0
TMEM251	4	9.9199e-01	9.9999e-01	1.000000	0
ARID1A	4	9.9205e-01	9.9999e-01	1.000000	0
LOC100507462	4	9.9206e-01	9.9999e-01	1.000000	0
SNRNP200	4	9.9208e-01	9.9999e-01	1.000000	0
NONO	4	9.9209e-01	9.9999e-01	1.000000	0
PLEKHG7	4	9.9210e-01	9.9999e-01	1.000000	0
UBIAD1	4	9.9213e-01	9.9999e-01	1.000000	0
NUDCD2	4	9.9215e-01	9.9999e-01	1.000000	0
ANG	4	9.9221e-01	9.9999e-01	1.000000	0
CENPK	4	9.9225e-01	9.9999e-01	1.000000	0
PEX11B	3	9.9225e-01	1.0000e+00	1.000000	0
GLRX5	4	9.9227e-01	9.9999e-01	1.000000	0
ABCF3	4	9.9232e-01	9.9999e-01	1.000000	0
PSMD3	4	9.9234e-01	9.9999e-01	1.000000	0
GEMIN7	4	9.9248e-01	9.9999e-01	1.000000	0
FAM122A	4	9.9249e-01	9.9999e-01	1.000000	0
GNAT1	4	9.9252e-01	9.9999e-01	1.000000	0
FXN	4	9.9253e-01	9.9999e-01	1.000000	0
NRD1	4	9.9254e-01	9.9999e-01	1.000000	0
MRE11A	4	9.9255e-01	9.9999e-01	1.000000	0
PDCL	4	9.9255e-01	9.9999e-01	1.000000	0
CCNB1	4	9.9257e-01	9.9999e-01	1.000000	0
DUS2	4	9.9261e-01	9.9999e-01	1.000000	0
AMY2B	4	9.9266e-01	9.9999e-01	1.000000	0
NPTN	4	9.9266e-01	9.9999e-01	1.000000	0
MEF2BNB	4	9.9267e-01	9.9999e-01	1.000000	0
TTF1	4	9.9268e-01	9.9999e-01	1.000000	0
NAA30	4	9.9269e-01	9.9999e-01	1.000000	0
UGT2A3	4	9.9270e-01	9.9999e-01	1.000000	0
MRPS6	4	9.9275e-01	9.9999e-01	1.000000	0
UBAP2L	4	9.9276e-01	9.9999e-01	1.000000	0
EIF4B	4	9.9279e-01	9.9999e-01	1.000000	0
TMBIM1	4	9.9283e-01	9.9999e-01	1.000000	0
MED30	4	9.9285e-01	9.9999e-01	1.000000	0
SLC7A6OS	4	9.9288e-01	9.9999e-01	1.000000	0
DDX41	4	9.9288e-01	9.9999e-01	1.000000	0
ESRRA	4	9.9294e-01	9.9999e-01	1.000000	0
RNH1	4	9.9295e-01	9.9999e-01	1.000000	0
PPRC1	3	9.9295e-01	1.0000e+00	1.000000	0
DEPDC1	4	9.9299e-01	9.9999e-01	1.000000	0
HSPA4L	4	9.9301e-01	9.9999e-01	1.000000	0
SOCS3	4	9.9302e-01	9.9999e-01	1.000000	0
PTGES3	4	9.9302e-01	9.9999e-01	1.000000	0
NAE1	4	9.9306e-01	9.9999e-01	1.000000	0
UFL1	4	9.9306e-01	9.9999e-01	1.000000	0
EEFSEC	4	9.9308e-01	9.9999e-01	1.000000	0
IL4	4	9.9308e-01	9.9999e-01	1.000000	0
INPP5A	4	9.9311e-01	9.9999e-01	1.000000	0
ORC5	4	9.9314e-01	9.9999e-01	1.000000	0
CFL1	4	9.9315e-01	9.9999e-01	1.000000	0
ATP6V0B	4	9.9319e-01	9.9999e-01	1.000000	0
GEMIN2	4	9.9322e-01	9.9999e-01	1.000000	0
ORC6	4	9.9324e-01	9.9999e-01	1.000000	0
TARS2	4	9.9326e-01	9.9999e-01	1.000000	0
GPX4	4	9.9329e-01	9.9999e-01	1.000000	0
NUP50	4	9.9331e-01	9.9999e-01	1.000000	0
PAK1IP1	4	9.9331e-01	9.9999e-01	1.000000	0
SREK1	4	9.9334e-01	9.9999e-01	1.000000	0
RIC1	4	9.9335e-01	9.9999e-01	1.000000	0
MRPL37	4	9.9336e-01	9.9999e-01	1.000000	0
SRRT	4	9.9338e-01	1.0000e+00	1.000000	0
CDC40	4	9.9339e-01	1.0000e+00	1.000000	0
JPH4	4	9.9340e-01	1.0000e+00	1.000000	0
TBL1XR1	4	9.9343e-01	1.0000e+00	1.000000	0
POP5	4	9.9346e-01	1.0000e+00	1.000000	0
MCM4	4	9.9349e-01	1.0000e+00	1.000000	0
MBD3L2	4	9.9352e-01	1.0000e+00	1.000000	0
G3BP1	4	9.9353e-01	1.0000e+00	1.000000	0
CDKN2D	4	9.9357e-01	1.0000e+00	1.000000	0
HNRNPR	4	9.9363e-01	1.0000e+00	1.000000	0
PGK1	4	9.9367e-01	1.0000e+00	1.000000	0
USP17L28	4	9.9372e-01	1.0000e+00	1.000000	0
MSH6	4	9.9372e-01	1.0000e+00	1.000000	0
GTF2F2	3	9.9372e-01	1.0000e+00	1.000000	0
TIMM13	4	9.9382e-01	1.0000e+00	1.000000	0
PRAMEF12	4	9.9383e-01	1.0000e+00	1.000000	0
TUBD1	4	9.9385e-01	1.0000e+00	1.000000	0
RIT1	4	9.9387e-01	1.0000e+00	1.000000	0
TRUB2	4	9.9390e-01	1.0000e+00	1.000000	0
VPS35	4	9.9390e-01	1.0000e+00	1.000000	0
OVCA2	4	9.9395e-01	1.0000e+00	1.000000	0
PGAP2	4	9.9395e-01	1.0000e+00	1.000000	0
TBC1D3H	4	9.9396e-01	1.0000e+00	1.000000	0
ZCCHC8	4	9.9400e-01	1.0000e+00	1.000000	0
UCHL5	4	9.9401e-01	1.0000e+00	1.000000	0
TRMT1	4	9.9402e-01	1.0000e+00	1.000000	0
FBXW11	4	9.9406e-01	1.0000e+00	1.000000	0
TMEM156	4	9.9407e-01	1.0000e+00	1.000000	0
PITX3	4	9.9408e-01	1.0000e+00	1.000000	0
SPTSSB	4	9.9412e-01	1.0000e+00	1.000000	0
PHC3	4	9.9412e-01	1.0000e+00	1.000000	0
TRIM61	4	9.9416e-01	1.0000e+00	1.000000	0
TBX15	4	9.9417e-01	1.0000e+00	1.000000	0
ZBTB2	4	9.9418e-01	1.0000e+00	1.000000	0
SHFM1	4	9.9418e-01	1.0000e+00	1.000000	0
NUF2	4	9.9422e-01	1.0000e+00	1.000000	0
CDC5L	4	9.9423e-01	1.0000e+00	1.000000	0
USP17L17	4	9.9423e-01	1.0000e+00	1.000000	0
ZFX	4	9.9426e-01	1.0000e+00	1.000000	0
LRRC37A3	4	9.9426e-01	1.0000e+00	1.000000	0
HMMR	4	9.9427e-01	1.0000e+00	1.000000	0
GOLGA1	4	9.9433e-01	1.0000e+00	1.000000	0
GBF1	4	9.9439e-01	1.0000e+00	1.000000	0
MYLIP	4	9.9440e-01	1.0000e+00	1.000000	0
RMI2	4	9.9441e-01	1.0000e+00	1.000000	0
PRMT9	4	9.9442e-01	1.0000e+00	1.000000	0
POLD3	4	9.9445e-01	1.0000e+00	1.000000	0
JADE1	4	9.9449e-01	1.0000e+00	1.000000	0
TRIM48	4	9.9450e-01	1.0000e+00	1.000000	0
MRPL44	4	9.9455e-01	1.0000e+00	1.000000	0
TAF4	4	9.9456e-01	1.0000e+00	1.000000	0
MST1L	4	9.9457e-01	1.0000e+00	1.000000	0
ELAC2	4	9.9457e-01	1.0000e+00	1.000000	0
CSE1L	4	9.9458e-01	1.0000e+00	1.000000	0
RPRD1B	4	9.9458e-01	1.0000e+00	1.000000	0
PPP2CA	4	9.9461e-01	1.0000e+00	1.000000	0
RNASEH2A	4	9.9463e-01	1.0000e+00	1.000000	0
RPUSD4	4	9.9467e-01	1.0000e+00	1.000000	0
KIAA0100	4	9.9467e-01	1.0000e+00	1.000000	0
RBM28	4	9.9469e-01	1.0000e+00	1.000000	0
SKA1	4	9.9473e-01	1.0000e+00	1.000000	0
GPR37	4	9.9473e-01	1.0000e+00	1.000000	0
POLR2G	4	9.9475e-01	1.0000e+00	1.000000	0
SNRNP25	4	9.9475e-01	1.0000e+00	1.000000	0
BRAF	4	9.9477e-01	1.0000e+00	1.000000	0
DARS2	4	9.9480e-01	1.0000e+00	1.000000	0
GAB1	4	9.9483e-01	1.0000e+00	1.000000	0
RTF1	4	9.9483e-01	1.0000e+00	1.000000	0
PSMD8	4	9.9486e-01	1.0000e+00	1.000000	0
UTP11L	4	9.9487e-01	1.0000e+00	1.000000	0
IMPDH2	4	9.9489e-01	1.0000e+00	1.000000	0
NELFB	4	9.9495e-01	1.0000e+00	1.000000	0
TOPORS	4	9.9496e-01	1.0000e+00	1.000000	0
LENG8	4	9.9496e-01	1.0000e+00	1.000000	0
FBXW4	4	9.9499e-01	1.0000e+00	1.000000	0
DDI2	4	9.9501e-01	1.0000e+00	1.000000	0
PNN	4	9.9503e-01	1.0000e+00	1.000000	0
DDX42	4	9.9507e-01	1.0000e+00	1.000000	0
NR2C2	4	9.9508e-01	1.0000e+00	1.000000	0
F8A3	4	9.9509e-01	1.0000e+00	1.000000	0
ARMC7	4	9.9510e-01	1.0000e+00	1.000000	0
TAF1D	4	9.9511e-01	1.0000e+00	1.000000	0
PTAR1	4	9.9514e-01	1.0000e+00	1.000000	0
CUL1	4	9.9515e-01	1.0000e+00	1.000000	0
ADAT2	4	9.9522e-01	1.0000e+00	1.000000	0
MYCL	4	9.9522e-01	1.0000e+00	1.000000	0
C16orf62	4	9.9524e-01	1.0000e+00	1.000000	0
NOXRED1	4	9.9527e-01	1.0000e+00	1.000000	0
MRPS21	4	9.9527e-01	1.0000e+00	1.000000	0
OR5D18	4	9.9533e-01	1.0000e+00	1.000000	0
ANKRD65	4	9.9535e-01	1.0000e+00	1.000000	0
PRPF38A	4	9.9537e-01	1.0000e+00	1.000000	0
FDX1L	4	9.9537e-01	1.0000e+00	1.000000	0
LRRC52	4	9.9537e-01	1.0000e+00	1.000000	0
STIL	4	9.9538e-01	1.0000e+00	1.000000	0
SCYL1	4	9.9538e-01	1.0000e+00	1.000000	0
MED28	4	9.9553e-01	1.0000e+00	1.000000	0
GAR1	4	9.9558e-01	1.0000e+00	1.000000	0
LCE1C	4	9.9560e-01	1.0000e+00	1.000000	0
NUS1	4	9.9560e-01	1.0000e+00	1.000000	0
BRCA1	4	9.9561e-01	1.0000e+00	1.000000	0
DCTN2	4	9.9561e-01	1.0000e+00	1.000000	0
PSMC6	4	9.9561e-01	1.0000e+00	1.000000	0
ZNF236	4	9.9564e-01	1.0000e+00	1.000000	0
PRELID1	4	9.9565e-01	1.0000e+00	1.000000	0
GMNN	4	9.9565e-01	1.0000e+00	1.000000	0
MORC2	4	9.9570e-01	1.0000e+00	1.000000	0
NPIPA2	4	9.9571e-01	1.0000e+00	1.000000	0
VPS52	4	9.9571e-01	1.0000e+00	1.000000	0
CDC25B	4	9.9574e-01	1.0000e+00	1.000000	0
SNAPC5	4	9.9576e-01	1.0000e+00	1.000000	0
RGP1	4	9.9579e-01	1.0000e+00	1.000000	0
ZNF746	4	9.9580e-01	1.0000e+00	1.000000	0
METTL24	4	9.9582e-01	1.0000e+00	1.000000	0
NDUFB7	4	9.9586e-01	1.0000e+00	1.000000	0
PDGFRA	4	9.9586e-01	1.0000e+00	1.000000	0
CTDP1	4	9.9587e-01	1.0000e+00	1.000000	0
CYP4A22	4	9.9593e-01	1.0000e+00	1.000000	0
CCAR1	4	9.9598e-01	1.0000e+00	1.000000	0
ZNF639	4	9.9599e-01	1.0000e+00	1.000000	0
TOMM40	4	9.9602e-01	1.0000e+00	1.000000	0
SPPL2A	4	9.9605e-01	1.0000e+00	1.000000	0
TTC27	4	9.9605e-01	1.0000e+00	1.000000	0
TMEM242	4	9.9609e-01	1.0000e+00	1.000000	0
CNBP	4	9.9611e-01	1.0000e+00	1.000000	0
BNIP1	4	9.9613e-01	1.0000e+00	1.000000	0
C7orf26	4	9.9613e-01	1.0000e+00	1.000000	0
DCTN4	4	9.9617e-01	1.0000e+00	1.000000	0
NDST1	3	9.9622e-01	1.0000e+00	1.000000	0
ATP2C1	4	9.9623e-01	1.0000e+00	1.000000	0
NBPF6	4	9.9624e-01	1.0000e+00	1.000000	0
TBC1D3C	4	9.9627e-01	1.0000e+00	1.000000	0
LAGE3	4	9.9628e-01	1.0000e+00	1.000000	0
SEC63	4	9.9633e-01	1.0000e+00	1.000000	0
CTAGE6	4	9.9635e-01	1.0000e+00	1.000000	0
COG3	4	9.9635e-01	1.0000e+00	1.000000	0
SYS1	4	9.9636e-01	1.0000e+00	1.000000	0
PAICS	4	9.9641e-01	1.0000e+00	1.000000	0
ZNF281	4	9.9641e-01	1.0000e+00	1.000000	0
SUDS3	4	9.9642e-01	1.0000e+00	1.000000	0
KLF10	4	9.9643e-01	1.0000e+00	1.000000	0
XK	4	9.9643e-01	1.0000e+00	1.000000	0
PPP2R3A	4	9.9645e-01	1.0000e+00	1.000000	0
RMI1	4	9.9647e-01	1.0000e+00	1.000000	0
GTF3C5	4	9.9648e-01	1.0000e+00	1.000000	0
DHX33	4	9.9648e-01	1.0000e+00	1.000000	0
GAK	4	9.9650e-01	1.0000e+00	1.000000	0
MRPS12	4	9.9650e-01	1.0000e+00	1.000000	0
PPIP5K2	4	9.9650e-01	1.0000e+00	1.000000	0
RPL7L1	4	9.9654e-01	1.0000e+00	1.000000	0
COPZ1	4	9.9657e-01	1.0000e+00	1.000000	0
LUC7L2	4	9.9660e-01	1.0000e+00	1.000000	0
SCGB2A1	4	9.9660e-01	1.0000e+00	1.000000	0
ZNHIT3	4	9.9667e-01	1.0000e+00	1.000000	0
DYNC1I2	4	9.9668e-01	1.0000e+00	1.000000	0
SEC62	4	9.9668e-01	1.0000e+00	1.000000	0
AHCYL1	4	9.9668e-01	1.0000e+00	1.000000	0
AP1G1	4	9.9669e-01	1.0000e+00	1.000000	0
NARS2	4	9.9670e-01	1.0000e+00	1.000000	0
ZFP91	4	9.9671e-01	1.0000e+00	1.000000	0
ATRIP	4	9.9672e-01	1.0000e+00	1.000000	0
CAPZB	4	9.9672e-01	1.0000e+00	1.000000	0
JMJD6	4	9.9673e-01	1.0000e+00	1.000000	0
CSNK2A1	4	9.9676e-01	1.0000e+00	1.000000	0
GOLGA6L4	4	9.9679e-01	1.0000e+00	1.000000	0
MMGT1	4	9.9680e-01	1.0000e+00	1.000000	0
PSMD14	4	9.9681e-01	1.0000e+00	1.000000	0
TMEM147	4	9.9683e-01	1.0000e+00	1.000000	0
GOLGA8J	4	9.9684e-01	1.0000e+00	1.000000	0
PSENEN	4	9.9689e-01	1.0000e+00	1.000000	0
RBM25	4	9.9690e-01	1.0000e+00	1.000000	0
PSMB3	4	9.9691e-01	1.0000e+00	1.000000	0
GABPB1	4	9.9691e-01	1.0000e+00	1.000000	0
SMC1A	4	9.9693e-01	1.0000e+00	1.000000	0
DERL2	4	9.9695e-01	1.0000e+00	1.000000	0
CHURC1-FNTB	3	9.9695e-01	1.0000e+00	1.000000	0
EIF3K	4	9.9696e-01	1.0000e+00	1.000000	0
PSMD4	4	9.9699e-01	1.0000e+00	1.000000	0
HNRNPM	4	9.9702e-01	1.0000e+00	1.000000	0
NMT1	4	9.9702e-01	1.0000e+00	1.000000	0
ASCC3	4	9.9704e-01	1.0000e+00	1.000000	0
PDAP1	4	9.9707e-01	1.0000e+00	1.000000	0
ATP6V1F	4	9.9708e-01	1.0000e+00	1.000000	0
SLC39A9	4	9.9709e-01	1.0000e+00	1.000000	0
WDR62	4	9.9710e-01	1.0000e+00	1.000000	0
NXF1	4	9.9712e-01	1.0000e+00	1.000000	0
MAGOH	4	9.9713e-01	1.0000e+00	1.000000	0
BPTF	4	9.9717e-01	1.0000e+00	1.000000	0
TUBGCP3	4	9.9718e-01	1.0000e+00	1.000000	0
NFRKB	3	9.9720e-01	1.0000e+00	1.000000	0
SLC12A9	4	9.9720e-01	1.0000e+00	1.000000	0
SLC30A9	4	9.9721e-01	1.0000e+00	1.000000	0
STT3A	4	9.9722e-01	1.0000e+00	1.000000	0
CERS2	4	9.9723e-01	1.0000e+00	1.000000	0
HINFP	4	9.9724e-01	1.0000e+00	1.000000	0
BOP1	4	9.9725e-01	1.0000e+00	1.000000	0
RPAP3	4	9.9725e-01	1.0000e+00	1.000000	0
GABPA	4	9.9726e-01	1.0000e+00	1.000000	0
CLCC1	4	9.9727e-01	1.0000e+00	1.000000	0
INO80	4	9.9728e-01	1.0000e+00	1.000000	0
MATR3	4	9.9730e-01	1.0000e+00	1.000000	0
RACGAP1	4	9.9731e-01	1.0000e+00	1.000000	0
PPIE	4	9.9732e-01	1.0000e+00	1.000000	0
DNAJB11	4	9.9735e-01	1.0000e+00	1.000000	0
SPRR2B	4	9.9735e-01	1.0000e+00	1.000000	0
RPA1	4	9.9736e-01	1.0000e+00	1.000000	0
DHX9	4	9.9738e-01	1.0000e+00	1.000000	0
PCNXL3	4	9.9738e-01	1.0000e+00	1.000000	0
EIF2A	4	9.9738e-01	1.0000e+00	1.000000	0
EXOSC10	4	9.9740e-01	1.0000e+00	1.000000	0
PARL	4	9.9741e-01	1.0000e+00	1.000000	0
NELFA	4	9.9743e-01	1.0000e+00	1.000000	0
PSMA2	4	9.9745e-01	1.0000e+00	1.000000	0
GATB	4	9.9746e-01	1.0000e+00	1.000000	0
SLC4A1AP	4	9.9747e-01	1.0000e+00	1.000000	0
PDGFRB	4	9.9747e-01	1.0000e+00	1.000000	0
POLE4	4	9.9748e-01	1.0000e+00	1.000000	0
ZBTB17	4	9.9749e-01	1.0000e+00	1.000000	0
USP17L29	4	9.9751e-01	1.0000e+00	1.000000	0
TBPL1	4	9.9752e-01	1.0000e+00	1.000000	0
EIF1	4	9.9753e-01	1.0000e+00	1.000000	0
ZZZ3	4	9.9753e-01	1.0000e+00	1.000000	0
RPL30	4	9.9756e-01	1.0000e+00	1.000000	0
ATP6AP2	4	9.9758e-01	1.0000e+00	1.000000	0
LPAR1	4	9.9758e-01	1.0000e+00	1.000000	0
DPH1	4	9.9759e-01	1.0000e+00	1.000000	0
HSD17B4	4	9.9760e-01	1.0000e+00	1.000000	0
CIT	4	9.9762e-01	1.0000e+00	1.000000	0
INPP5B	4	9.9764e-01	1.0000e+00	1.000000	0
FIS1	4	9.9765e-01	1.0000e+00	1.000000	0
PINX1	4	9.9768e-01	1.0000e+00	1.000000	0
SMEK1	4	9.9771e-01	1.0000e+00	1.000000	0
ESYT3	4	9.9773e-01	1.0000e+00	1.000000	0
MYH9	4	9.9774e-01	1.0000e+00	1.000000	0
C3orf38	4	9.9776e-01	1.0000e+00	1.000000	0
THRAP3	4	9.9777e-01	1.0000e+00	1.000000	0
THOC5	4	9.9777e-01	1.0000e+00	1.000000	0
NUP88	4	9.9777e-01	1.0000e+00	1.000000	0
TSR1	4	9.9778e-01	1.0000e+00	1.000000	0
RRP1	4	9.9781e-01	1.0000e+00	1.000000	0
SGMS2	4	9.9781e-01	1.0000e+00	1.000000	0
C19orf40	4	9.9781e-01	1.0000e+00	1.000000	0
KRT18	4	9.9782e-01	1.0000e+00	1.000000	0
EXOSC5	4	9.9782e-01	1.0000e+00	1.000000	0
CMTR1	4	9.9783e-01	1.0000e+00	1.000000	0
DYRK1A	4	9.9784e-01	1.0000e+00	1.000000	0
SKIV2L	4	9.9784e-01	1.0000e+00	1.000000	0
MED17	4	9.9786e-01	1.0000e+00	1.000000	0
PPP1R10	4	9.9787e-01	1.0000e+00	1.000000	0
NPM1	4	9.9788e-01	1.0000e+00	1.000000	0
ING3	3	9.9789e-01	1.0000e+00	1.000000	0
ATPAF2	4	9.9791e-01	1.0000e+00	1.000000	0
CNOT3	4	9.9793e-01	1.0000e+00	1.000000	0
POLR2D	4	9.9793e-01	1.0000e+00	1.000000	0
KIF20A	4	9.9799e-01	1.0000e+00	1.000000	0
HAX1	4	9.9802e-01	1.0000e+00	1.000000	0
HNRNPH1	4	9.9804e-01	1.0000e+00	1.000000	0
STAB1	4	9.9804e-01	1.0000e+00	1.000000	0
MIS18BP1	4	9.9804e-01	1.0000e+00	1.000000	0
OR4F21	3	9.9806e-01	1.0000e+00	1.000000	0
TCP10L	4	9.9806e-01	1.0000e+00	1.000000	0
DNAJC3	4	9.9809e-01	1.0000e+00	1.000000	0
LSM3	4	9.9810e-01	1.0000e+00	1.000000	0
NCEH1	4	9.9811e-01	1.0000e+00	1.000000	0
VPS39	4	9.9812e-01	1.0000e+00	1.000000	0
TIMM9	4	9.9813e-01	1.0000e+00	1.000000	0
ATP5I	4	9.9815e-01	1.0000e+00	1.000000	0
GFER	4	9.9820e-01	1.0000e+00	1.000000	0
TCOF1	4	9.9820e-01	1.0000e+00	1.000000	0
RPS6KA3	4	9.9821e-01	1.0000e+00	1.000000	0
TRIM52	4	9.9822e-01	1.0000e+00	1.000000	0
BRAT1	4	9.9824e-01	1.0000e+00	1.000000	0
AIFM1	4	9.9824e-01	1.0000e+00	1.000000	0
IPO13	4	9.9826e-01	1.0000e+00	1.000000	0
YTHDC1	4	9.9827e-01	1.0000e+00	1.000000	0
TBC1D3	4	9.9827e-01	1.0000e+00	1.000000	0
PRAMEF15	4	9.9829e-01	1.0000e+00	1.000000	0
ZNHIT6	4	9.9830e-01	1.0000e+00	1.000000	0
BCL9L	4	9.9830e-01	1.0000e+00	1.000000	0
POLR2K	4	9.9833e-01	1.0000e+00	1.000000	0
SAP30BP	4	9.9833e-01	1.0000e+00	1.000000	0
KIAA0020	4	9.9834e-01	1.0000e+00	1.000000	0
USP17L11	4	9.9834e-01	1.0000e+00	1.000000	0
TMA16	4	9.9835e-01	1.0000e+00	1.000000	0
RPL35	4	9.9835e-01	1.0000e+00	1.000000	0
MRPL52	4	9.9837e-01	1.0000e+00	1.000000	0
BOD1L1	4	9.9840e-01	1.0000e+00	1.000000	0
PSMA4	4	9.9840e-01	1.0000e+00	1.000000	0
LARS2	4	9.9842e-01	1.0000e+00	1.000000	0
KANSL3	4	9.9843e-01	1.0000e+00	1.000000	0
SF3B2	4	9.9845e-01	1.0000e+00	1.000000	0
EIF2B4	4	9.9848e-01	1.0000e+00	1.000000	0
MCAT	4	9.9849e-01	1.0000e+00	1.000000	0
ZW10	4	9.9849e-01	1.0000e+00	1.000000	0
PAXBP1	4	9.9850e-01	1.0000e+00	1.000000	0
MCRS1	4	9.9850e-01	1.0000e+00	1.000000	0
MFNG	4	9.9851e-01	1.0000e+00	1.000000	0
SEC22B	4	9.9852e-01	1.0000e+00	1.000000	0
SCFD2	4	9.9853e-01	1.0000e+00	1.000000	0
C21orf59	4	9.9853e-01	1.0000e+00	1.000000	0
RAP1GDS1	4	9.9855e-01	1.0000e+00	1.000000	0
TAF1A	4	9.9857e-01	1.0000e+00	1.000000	0
DHX38	4	9.9858e-01	1.0000e+00	1.000000	0
OPA3	4	9.9859e-01	1.0000e+00	1.000000	0
MGEA5	4	9.9860e-01	1.0000e+00	1.000000	0
GEMIN8	4	9.9860e-01	1.0000e+00	1.000000	0
DOLK	4	9.9861e-01	1.0000e+00	1.000000	0
POLR2B	4	9.9861e-01	1.0000e+00	1.000000	0
CDIPT	4	9.9862e-01	1.0000e+00	1.000000	0
POLD2	4	9.9863e-01	1.0000e+00	1.000000	0
POLR3C	3	9.9863e-01	1.0000e+00	1.000000	0
WASH1	4	9.9863e-01	1.0000e+00	1.000000	0
LRRC37A	4	9.9863e-01	1.0000e+00	1.000000	0
MMACHC	4	9.9863e-01	1.0000e+00	1.000000	0
PPP1R7	4	9.9864e-01	1.0000e+00	1.000000	0
SKP2	4	9.9865e-01	1.0000e+00	1.000000	0
CHMP2B	4	9.9866e-01	1.0000e+00	1.000000	0
PPIAL4E	4	9.9867e-01	1.0000e+00	1.000000	0
GOSR2	4	9.9868e-01	1.0000e+00	1.000000	0
LOC102724862	4	9.9868e-01	1.0000e+00	1.000000	0
TRNAU1AP	4	9.9869e-01	1.0000e+00	1.000000	0
FARSA	4	9.9869e-01	1.0000e+00	1.000000	0
ATM	4	9.9870e-01	1.0000e+00	1.000000	0
SF3A1	4	9.9871e-01	1.0000e+00	1.000000	0
FTSJ3	4	9.9874e-01	1.0000e+00	1.000000	0
MED11	4	9.9875e-01	1.0000e+00	1.000000	0
EIF3I	4	9.9875e-01	1.0000e+00	1.000000	0
PARP1	4	9.9875e-01	1.0000e+00	1.000000	0
UTP20	4	9.9877e-01	1.0000e+00	1.000000	0
PJA2	4	9.9877e-01	1.0000e+00	1.000000	0
MUC20	4	9.9879e-01	1.0000e+00	1.000000	0
SRRD	4	9.9880e-01	1.0000e+00	1.000000	0
C11orf30	4	9.9881e-01	1.0000e+00	1.000000	0
DNM1L	4	9.9882e-01	1.0000e+00	1.000000	0
MRPS14	4	9.9882e-01	1.0000e+00	1.000000	0
PPIH	4	9.9882e-01	1.0000e+00	1.000000	0
ALG11	4	9.9882e-01	1.0000e+00	1.000000	0
PGGT1B	4	9.9882e-01	1.0000e+00	1.000000	0
CMPK1	4	9.9883e-01	1.0000e+00	1.000000	0
C12orf45	4	9.9884e-01	1.0000e+00	1.000000	0
GOLGA7B	4	9.9884e-01	1.0000e+00	1.000000	0
PHB2	4	9.9886e-01	1.0000e+00	1.000000	0
RPL23	3	9.9887e-01	1.0000e+00	1.000000	0
PRKDC	4	9.9888e-01	1.0000e+00	1.000000	0
CCT8	4	9.9889e-01	1.0000e+00	1.000000	0
YEATS4	4	9.9889e-01	1.0000e+00	1.000000	0
SF1	4	9.9890e-01	1.0000e+00	1.000000	0
MIDN	4	9.9890e-01	1.0000e+00	1.000000	0
ADAT3	4	9.9890e-01	1.0000e+00	1.000000	0
NOLC1	4	9.9891e-01	1.0000e+00	1.000000	0
POLR3K	4	9.9893e-01	1.0000e+00	1.000000	0
SEL1L	4	9.9895e-01	1.0000e+00	1.000000	0
KIAA0391	4	9.9895e-01	1.0000e+00	1.000000	0
SRSF11	4	9.9896e-01	1.0000e+00	1.000000	0
MTG1	4	9.9897e-01	1.0000e+00	1.000000	0
TTC14	4	9.9898e-01	1.0000e+00	1.000000	0
JUNB	4	9.9898e-01	1.0000e+00	1.000000	0
HYOU1	4	9.9899e-01	1.0000e+00	1.000000	0
ACTR8	4	9.9900e-01	1.0000e+00	1.000000	0
SEPHS1	4	9.9900e-01	1.0000e+00	1.000000	0
POLE2	4	9.9901e-01	1.0000e+00	1.000000	0
WRAP53	4	9.9903e-01	1.0000e+00	1.000000	0
CENPP	3	9.9903e-01	1.0000e+00	1.000000	0
SNRNP27	4	9.9904e-01	1.0000e+00	1.000000	0
FCF1	4	9.9905e-01	1.0000e+00	1.000000	0
PLK4	4	9.9905e-01	1.0000e+00	1.000000	0
DHDDS	4	9.9907e-01	1.0000e+00	1.000000	0
CARM1	4	9.9907e-01	1.0000e+00	1.000000	0
DEFB132	4	9.9907e-01	1.0000e+00	1.000000	0
PPP1R8	4	9.9907e-01	1.0000e+00	1.000000	0
UBE2Q2L	4	9.9907e-01	1.0000e+00	1.000000	0
DNLZ	4	9.9908e-01	1.0000e+00	1.000000	0
SENP6	4	9.9909e-01	1.0000e+00	1.000000	0
TMED2	4	9.9910e-01	1.0000e+00	1.000000	0
CFLAR	4	9.9910e-01	1.0000e+00	1.000000	0
PIGK	4	9.9911e-01	1.0000e+00	1.000000	0
BAZ1B	4	9.9911e-01	1.0000e+00	1.000000	0
PELP1	4	9.9911e-01	1.0000e+00	1.000000	0
EIF3G	4	9.9911e-01	1.0000e+00	1.000000	0
ITGAV	4	9.9912e-01	1.0000e+00	1.000000	0
C9orf114	4	9.9912e-01	1.0000e+00	1.000000	0
EXOSC4	4	9.9913e-01	1.0000e+00	1.000000	0
HSD17B10	4	9.9913e-01	1.0000e+00	1.000000	0
METTL3	4	9.9913e-01	1.0000e+00	1.000000	0
ENO1	4	9.9913e-01	1.0000e+00	1.000000	0
TXNDC9	4	9.9915e-01	1.0000e+00	1.000000	0
DDX6	4	9.9916e-01	1.0000e+00	1.000000	0
NSFL1C	4	9.9917e-01	1.0000e+00	1.000000	0
PYROXD1	4	9.9918e-01	1.0000e+00	1.000000	0
MRPS22	4	9.9918e-01	1.0000e+00	1.000000	0
MAT2A	4	9.9918e-01	1.0000e+00	1.000000	0
CENPO	4	9.9919e-01	1.0000e+00	1.000000	0
SUGT1	4	9.9920e-01	1.0000e+00	1.000000	0
INTS7	4	9.9920e-01	1.0000e+00	1.000000	0
HIST2H3A	4	9.9920e-01	1.0000e+00	1.000000	0
PA2G4	4	9.9920e-01	1.0000e+00	1.000000	0
NR2C2AP	4	9.9921e-01	1.0000e+00	1.000000	0
RPL28	4	9.9921e-01	1.0000e+00	1.000000	0
U2AF1	4	9.9921e-01	1.0000e+00	1.000000	0
ARL8B	4	9.9921e-01	1.0000e+00	1.000000	0
TTI1	4	9.9922e-01	1.0000e+00	1.000000	0
WDR25	4	9.9922e-01	1.0000e+00	1.000000	0
SPCS3	4	9.9922e-01	1.0000e+00	1.000000	0
HUWE1	4	9.9922e-01	1.0000e+00	1.000000	0
RPL29	4	9.9923e-01	1.0000e+00	1.000000	0
ATL2	4	9.9923e-01	1.0000e+00	1.000000	0
SNIP1	4	9.9923e-01	1.0000e+00	1.000000	0
PWP2	4	9.9923e-01	1.0000e+00	1.000000	0
HCFC1	4	9.9924e-01	1.0000e+00	1.000000	0
DIMT1	4	9.9926e-01	1.0000e+00	1.000000	0
SMNDC1	4	9.9926e-01	1.0000e+00	1.000000	0
BRF1	4	9.9927e-01	1.0000e+00	1.000000	0
DDX49	4	9.9927e-01	1.0000e+00	1.000000	0
MECR	4	9.9927e-01	1.0000e+00	1.000000	0
XRN1	4	9.9928e-01	1.0000e+00	1.000000	0
EMG1	4	9.9928e-01	1.0000e+00	1.000000	0
CPSF2	4	9.9929e-01	1.0000e+00	1.000000	0
TOX4	4	9.9929e-01	1.0000e+00	1.000000	0
TUBG1	4	9.9930e-01	1.0000e+00	1.000000	0
GET4	4	9.9930e-01	1.0000e+00	1.000000	0
TEX10	4	9.9931e-01	1.0000e+00	1.000000	0
UTP23	4	9.9933e-01	1.0000e+00	1.000000	0
SLC35B2	4	9.9933e-01	1.0000e+00	1.000000	0
NUDT21	4	9.9934e-01	1.0000e+00	1.000000	0
PDCD11	4	9.9934e-01	1.0000e+00	1.000000	0
MED12	4	9.9935e-01	1.0000e+00	1.000000	0
XPOT	4	9.9935e-01	1.0000e+00	1.000000	0
ARPC3	4	9.9935e-01	1.0000e+00	1.000000	0
SOD2	4	9.9935e-01	1.0000e+00	1.000000	0
ALG12	4	9.9935e-01	1.0000e+00	1.000000	0
URB1	4	9.9935e-01	1.0000e+00	1.000000	0
OR4F16	4	9.9935e-01	1.0000e+00	1.000000	0
RPL41	4	9.9936e-01	1.0000e+00	1.000000	0
RPA3	4	9.9936e-01	1.0000e+00	1.000000	0
SRD5A3	4	9.9936e-01	1.0000e+00	1.000000	0
PSMD13	4	9.9936e-01	1.0000e+00	1.000000	0
ZC3H4	4	9.9937e-01	1.0000e+00	1.000000	0
NOP10	4	9.9937e-01	1.0000e+00	1.000000	0
KIF18A	4	9.9937e-01	1.0000e+00	1.000000	0
SF3B4	4	9.9938e-01	1.0000e+00	1.000000	0
AGAP4	4	9.9938e-01	1.0000e+00	1.000000	0
TRAPPC1	4	9.9938e-01	1.0000e+00	1.000000	0
RPS19BP1	4	9.9938e-01	1.0000e+00	1.000000	0
HNRNPK	4	9.9939e-01	1.0000e+00	1.000000	0
TOMM20	4	9.9939e-01	1.0000e+00	1.000000	0
OXSM	4	9.9939e-01	1.0000e+00	1.000000	0
RLF	4	9.9939e-01	1.0000e+00	1.000000	0
CSTF3	4	9.9939e-01	1.0000e+00	1.000000	0
E4F1	4	9.9940e-01	1.0000e+00	1.000000	0
ACTR2	4	9.9940e-01	1.0000e+00	1.000000	0
RNF4	4	9.9941e-01	1.0000e+00	1.000000	0
MNT	4	9.9941e-01	1.0000e+00	1.000000	0
HECTD1	4	9.9942e-01	1.0000e+00	1.000000	0
RRS1	4	9.9942e-01	1.0000e+00	1.000000	0
USP17L26	4	9.9942e-01	1.0000e+00	1.000000	0
TBL3	4	9.9942e-01	1.0000e+00	1.000000	0
POLR3D	4	9.9942e-01	1.0000e+00	1.000000	0
RPP40	4	9.9942e-01	1.0000e+00	1.000000	0
RRM2	4	9.9943e-01	1.0000e+00	1.000000	0
LAMTOR2	4	9.9943e-01	1.0000e+00	1.000000	0
COPE	4	9.9943e-01	1.0000e+00	1.000000	0
IK	4	9.9943e-01	1.0000e+00	1.000000	0
HBS1L	4	9.9943e-01	1.0000e+00	1.000000	0
PPP6C	4	9.9944e-01	1.0000e+00	1.000000	0
TTC37	4	9.9945e-01	1.0000e+00	1.000000	0
WDR92	4	9.9945e-01	1.0000e+00	1.000000	0
IPO11	4	9.9945e-01	1.0000e+00	1.000000	0
OR4F17	4	9.9946e-01	1.0000e+00	1.000000	0
SAP18	4	9.9946e-01	1.0000e+00	1.000000	0
ZRSR2	4	9.9946e-01	1.0000e+00	1.000000	0
USP1	4	9.9947e-01	1.0000e+00	1.000000	0
CTNNBL1	4	9.9947e-01	1.0000e+00	1.000000	0
PIK3CB	4	9.9947e-01	1.0000e+00	1.000000	0
CNOT4	4	9.9947e-01	1.0000e+00	1.000000	0
SSU72	4	9.9948e-01	1.0000e+00	1.000000	0
DDB1	4	9.9948e-01	1.0000e+00	1.000000	0
SLC35C1	4	9.9949e-01	1.0000e+00	1.000000	0
ARPC4	4	9.9949e-01	1.0000e+00	1.000000	0
GCN1L1	4	9.9950e-01	1.0000e+00	1.000000	0
MED8	4	9.9950e-01	1.0000e+00	1.000000	0
HNRNPC	4	9.9950e-01	1.0000e+00	1.000000	0
SLAIN2	4	9.9951e-01	1.0000e+00	1.000000	0
OGT	4	9.9951e-01	1.0000e+00	1.000000	0
MRPL51	4	9.9951e-01	1.0000e+00	1.000000	0
ALG6	4	9.9952e-01	1.0000e+00	1.000000	0
SPDL1	4	9.9953e-01	1.0000e+00	1.000000	0
MTRR	4	9.9953e-01	1.0000e+00	1.000000	0
NSL1	4	9.9954e-01	1.0000e+00	1.000000	0
ANKRD17	4	9.9954e-01	1.0000e+00	1.000000	0
CWF19L1	4	9.9954e-01	1.0000e+00	1.000000	0
BRIX1	4	9.9954e-01	1.0000e+00	1.000000	0
OXA1L	4	9.9954e-01	1.0000e+00	1.000000	0
DTYMK	4	9.9954e-01	1.0000e+00	1.000000	0
ATP2A2	4	9.9955e-01	1.0000e+00	1.000000	0
FNBP4	4	9.9955e-01	1.0000e+00	1.000000	0
TIMM22	4	9.9955e-01	1.0000e+00	1.000000	0
PKMYT1	4	9.9955e-01	1.0000e+00	1.000000	0
LYSMD4	4	9.9956e-01	1.0000e+00	1.000000	0
HAUS4	4	9.9956e-01	1.0000e+00	1.000000	0
ACTL6A	4	9.9956e-01	1.0000e+00	1.000000	0
FRG1	4	9.9956e-01	1.0000e+00	1.000000	0
DHX16	4	9.9957e-01	1.0000e+00	1.000000	0
PSMD7	4	9.9957e-01	1.0000e+00	1.000000	0
SARS2	4	9.9957e-01	1.0000e+00	1.000000	0
SACM1L	4	9.9958e-01	1.0000e+00	1.000000	0
RPL5	4	9.9958e-01	1.0000e+00	1.000000	0
TFIP11	4	9.9959e-01	1.0000e+00	1.000000	0
RPS28	4	9.9959e-01	1.0000e+00	1.000000	0
TM2D1	4	9.9960e-01	1.0000e+00	1.000000	0
POLE3	4	9.9960e-01	1.0000e+00	1.000000	0
ELP6	4	9.9962e-01	1.0000e+00	1.000000	0
ALG1	4	9.9962e-01	1.0000e+00	1.000000	0
GTF2B	4	9.9962e-01	1.0000e+00	1.000000	0
ZNF626	4	9.9962e-01	1.0000e+00	1.000000	0
EIF2S1	4	9.9962e-01	1.0000e+00	1.000000	0
TAF1	4	9.9963e-01	1.0000e+00	1.000000	0
EXOSC1	4	9.9963e-01	1.0000e+00	1.000000	0
SNW1	4	9.9963e-01	1.0000e+00	1.000000	0
UTP6	4	9.9964e-01	1.0000e+00	1.000000	0
RFWD2	4	9.9964e-01	1.0000e+00	1.000000	0
ACACA	4	9.9964e-01	1.0000e+00	1.000000	0
NHEJ1	4	9.9964e-01	1.0000e+00	1.000000	0
TRAPPC3	3	9.9965e-01	1.0000e+00	1.000000	0
SETD1A	4	9.9965e-01	1.0000e+00	1.000000	0
ALG9	4	9.9965e-01	1.0000e+00	1.000000	0
PDCD2	4	9.9965e-01	1.0000e+00	1.000000	0
SASS6	4	9.9966e-01	1.0000e+00	1.000000	0
NVL	4	9.9966e-01	1.0000e+00	1.000000	0
DDX59	4	9.9966e-01	1.0000e+00	1.000000	0
XRCC5	4	9.9966e-01	1.0000e+00	1.000000	0
HS2ST1	4	9.9966e-01	1.0000e+00	1.000000	0
ATP5D	4	9.9967e-01	1.0000e+00	1.000000	0
TXNL4B	4	9.9967e-01	1.0000e+00	1.000000	0
PSMD11	4	9.9967e-01	1.0000e+00	1.000000	0
TXN	4	9.9968e-01	1.0000e+00	1.000000	0
RPS15	4	9.9968e-01	1.0000e+00	1.000000	0
WRB	4	9.9968e-01	1.0000e+00	1.000000	0
TIMELESS	4	9.9969e-01	1.0000e+00	1.000000	0
GNL3L	4	9.9969e-01	1.0000e+00	1.000000	0
OPA1	4	9.9969e-01	1.0000e+00	1.000000	0
POLA1	4	9.9969e-01	1.0000e+00	1.000000	0
UTP3	4	9.9970e-01	1.0000e+00	1.000000	0
ANAPC5	4	9.9970e-01	1.0000e+00	1.000000	0
CWC22	4	9.9970e-01	1.0000e+00	1.000000	0
ARF6	4	9.9970e-01	1.0000e+00	1.000000	0
FAM25C	4	9.9970e-01	1.0000e+00	1.000000	0
AARS2	4	9.9971e-01	1.0000e+00	1.000000	0
EHMT2	4	9.9971e-01	1.0000e+00	1.000000	0
RBBP4	4	9.9971e-01	1.0000e+00	1.000000	0
ILF3	4	9.9971e-01	1.0000e+00	1.000000	0
CSNK2B	4	9.9971e-01	1.0000e+00	1.000000	0
SEH1L	3	9.9971e-01	1.0000e+00	1.000000	0
ANAPC15	4	9.9971e-01	1.0000e+00	1.000000	0
SRP9	4	9.9972e-01	1.0000e+00	1.000000	0
WBSCR16	4	9.9972e-01	1.0000e+00	1.000000	0
EXOSC7	4	9.9972e-01	1.0000e+00	1.000000	0
CHTF18	4	9.9972e-01	1.0000e+00	1.000000	0
CCNH	4	9.9973e-01	1.0000e+00	1.000000	0
CWC15	4	9.9973e-01	1.0000e+00	1.000000	0
BAP1	4	9.9973e-01	1.0000e+00	1.000000	0
TOP3A	4	9.9973e-01	1.0000e+00	1.000000	0
OBFC1	4	9.9973e-01	1.0000e+00	1.000000	0
SYVN1	4	9.9974e-01	1.0000e+00	1.000000	0
GARS	4	9.9974e-01	1.0000e+00	1.000000	0
USP37	4	9.9974e-01	1.0000e+00	1.000000	0
CRNKL1	4	9.9975e-01	1.0000e+00	1.000000	0
PPP1CB	4	9.9975e-01	1.0000e+00	1.000000	0
CFAP20	4	9.9975e-01	1.0000e+00	1.000000	0
DUT	4	9.9975e-01	1.0000e+00	1.000000	0
PI4KA	4	9.9976e-01	1.0000e+00	1.000000	0
TFAM	4	9.9976e-01	1.0000e+00	1.000000	0
RIOK1	4	9.9976e-01	1.0000e+00	1.000000	0
NDNL2	4	9.9976e-01	1.0000e+00	1.000000	0
PSMB7	4	9.9976e-01	1.0000e+00	1.000000	0
ATP6V1C1	4	9.9976e-01	1.0000e+00	1.000000	0
RPS7	4	9.9976e-01	1.0000e+00	1.000000	0
RPS4X	4	9.9976e-01	1.0000e+00	1.000000	0
ACTR5	4	9.9976e-01	1.0000e+00	1.000000	0
PSME4	4	9.9977e-01	1.0000e+00	1.000000	0
DCAF13	4	9.9978e-01	1.0000e+00	1.000000	0
PTBP1	4	9.9978e-01	1.0000e+00	1.000000	0
VPS29	4	9.9979e-01	1.0000e+00	1.000000	0
RAD50	4	9.9979e-01	1.0000e+00	1.000000	0
RPP14	4	9.9979e-01	1.0000e+00	1.000000	0
CARS	4	9.9979e-01	1.0000e+00	1.000000	0
NOL7	4	9.9979e-01	1.0000e+00	1.000000	0
TAF7	4	9.9979e-01	1.0000e+00	1.000000	0
RPLP1	4	9.9979e-01	1.0000e+00	1.000000	0
HARS2	4	9.9980e-01	1.0000e+00	1.000000	0
SSB	4	9.9980e-01	1.0000e+00	1.000000	0
PSMC3	4	9.9980e-01	1.0000e+00	1.000000	0
GTF2H1	4	9.9980e-01	1.0000e+00	1.000000	0
CSK	4	9.9981e-01	1.0000e+00	1.000000	0
EIF3CL	4	9.9981e-01	1.0000e+00	1.000000	0
AMY1B	4	9.9981e-01	1.0000e+00	1.000000	0
APITD1	4	9.9981e-01	1.0000e+00	1.000000	0
DDX56	4	9.9981e-01	1.0000e+00	1.000000	0
EP400	4	9.9981e-01	1.0000e+00	1.000000	0
INTS4	4	9.9981e-01	1.0000e+00	1.000000	0
IPO7	4	9.9982e-01	1.0000e+00	1.000000	0
RAD51B	4	9.9982e-01	1.0000e+00	1.000000	0
CRLS1	4	9.9982e-01	1.0000e+00	1.000000	0
METTL1	4	9.9982e-01	1.0000e+00	1.000000	0
AARS	4	9.9982e-01	1.0000e+00	1.000000	0
SYMPK	4	9.9982e-01	1.0000e+00	1.000000	0
TFDP1	4	9.9983e-01	1.0000e+00	1.000000	0
RRN3	4	9.9983e-01	1.0000e+00	1.000000	0
POLG	4	9.9983e-01	1.0000e+00	1.000000	0
USP17L30	4	9.9983e-01	1.0000e+00	1.000000	0
EIF3C	4	9.9983e-01	1.0000e+00	1.000000	0
GINS3	4	9.9983e-01	1.0000e+00	1.000000	0
SURF4	4	9.9983e-01	1.0000e+00	1.000000	0
RPL13	4	9.9984e-01	1.0000e+00	1.000000	0
LTV1	4	9.9984e-01	1.0000e+00	1.000000	0
SHQ1	4	9.9984e-01	1.0000e+00	1.000000	0
ACTR3	4	9.9984e-01	1.0000e+00	1.000000	0
KANSL2	4	9.9984e-01	1.0000e+00	1.000000	0
DPM1	4	9.9985e-01	1.0000e+00	1.000000	0
ERCC3	4	9.9985e-01	1.0000e+00	1.000000	0
POU1F1	4	9.9985e-01	1.0000e+00	1.000000	0
BUB1B	4	9.9985e-01	1.0000e+00	1.000000	0
RBM22	4	9.9985e-01	1.0000e+00	1.000000	0
SEPTIN7	4	9.9985e-01	1.0000e+00	1.000000	0
ANAPC10	4	9.9985e-01	1.0000e+00	1.000000	0
RPAP2	4	9.9985e-01	1.0000e+00	1.000000	0
ALYREF	4	9.9985e-01	1.0000e+00	1.000000	0
NBPF4	4	9.9985e-01	1.0000e+00	1.000000	0
RPL14	3	9.9985e-01	1.0000e+00	1.000000	0
C19orf25	4	9.9986e-01	1.0000e+00	1.000000	0
WDR77	4	9.9986e-01	1.0000e+00	1.000000	0
PRMT5	4	9.9986e-01	1.0000e+00	1.000000	0
EMC6	4	9.9986e-01	1.0000e+00	1.000000	0
EIF3D	4	9.9986e-01	1.0000e+00	1.000000	0
PFDN1	4	9.9986e-01	1.0000e+00	1.000000	0
MIPEP	4	9.9986e-01	1.0000e+00	1.000000	0
DARS	4	9.9986e-01	1.0000e+00	1.000000	0
DGCR8	4	9.9986e-01	1.0000e+00	1.000000	0
MRPL41	4	9.9986e-01	1.0000e+00	1.000000	0
GPR89B	4	9.9986e-01	1.0000e+00	1.000000	0
C14orf2	4	9.9987e-01	1.0000e+00	1.000000	0
RPLP2	4	9.9987e-01	1.0000e+00	1.000000	0
RPF2	4	9.9987e-01	1.0000e+00	1.000000	0
LSM12	4	9.9987e-01	1.0000e+00	1.000000	0
MON2	4	9.9987e-01	1.0000e+00	1.000000	0
CTU1	4	9.9987e-01	1.0000e+00	1.000000	0
PNPT1	4	9.9987e-01	1.0000e+00	1.000000	0
DTL	4	9.9988e-01	1.0000e+00	1.000000	0
CCM2	4	9.9988e-01	1.0000e+00	1.000000	0
CCNA2	4	9.9988e-01	1.0000e+00	1.000000	0
YARS	4	9.9988e-01	1.0000e+00	1.000000	0
WDR73	4	9.9988e-01	1.0000e+00	1.000000	0
GPI	4	9.9988e-01	1.0000e+00	1.000000	0
CTDNEP1	4	9.9988e-01	1.0000e+00	1.000000	0
XRCC3	4	9.9988e-01	1.0000e+00	1.000000	0
TANGO6	4	9.9988e-01	1.0000e+00	1.000000	0
TMED10	4	9.9989e-01	1.0000e+00	1.000000	0
SPDYE2	4	9.9989e-01	1.0000e+00	1.000000	0
COG4	4	9.9989e-01	1.0000e+00	1.000000	0
DYNLRB1	4	9.9989e-01	1.0000e+00	1.000000	0
SBDS	4	9.9989e-01	1.0000e+00	1.000000	0
POT1	4	9.9989e-01	1.0000e+00	1.000000	0
EXOSC8	4	9.9989e-01	1.0000e+00	1.000000	0
GPKOW	4	9.9989e-01	1.0000e+00	1.000000	0
EIF2B2	4	9.9989e-01	1.0000e+00	1.000000	0
HUS1	4	9.9989e-01	1.0000e+00	1.000000	0
UBE2C	4	9.9989e-01	1.0000e+00	1.000000	0
C19orf43	4	9.9989e-01	1.0000e+00	1.000000	0
METTL16	4	9.9989e-01	1.0000e+00	1.000000	0
GAPDH	4	9.9990e-01	1.0000e+00	1.000000	0
LAMTOR3	4	9.9990e-01	1.0000e+00	1.000000	0
VMP1	4	9.9990e-01	1.0000e+00	1.000000	0
MTBP	4	9.9990e-01	1.0000e+00	1.000000	0
GUK1	4	9.9990e-01	1.0000e+00	1.000000	0
KIAA1429	4	9.9990e-01	1.0000e+00	1.000000	0
ZNHIT1	4	9.9990e-01	1.0000e+00	1.000000	0
MED6	4	9.9990e-01	1.0000e+00	1.000000	0
PSMA3	4	9.9990e-01	1.0000e+00	1.000000	0
GOLGA8K	4	9.9990e-01	1.0000e+00	1.000000	0
NUP133	4	9.9990e-01	1.0000e+00	1.000000	0
LSM7	4	9.9990e-01	1.0000e+00	1.000000	0
OSBP	4	9.9990e-01	1.0000e+00	1.000000	0
SRSF3	4	9.9990e-01	1.0000e+00	1.000000	0
ACSL4	4	9.9991e-01	1.0000e+00	1.000000	0
ATP6V1D	4	9.9991e-01	1.0000e+00	1.000000	0
SNRNP40	4	9.9991e-01	1.0000e+00	1.000000	0
HSPA14	4	9.9991e-01	1.0000e+00	1.000000	0
DHX37	4	9.9991e-01	1.0000e+00	1.000000	0
RPSA	4	9.9991e-01	1.0000e+00	1.000000	0
NAA10	4	9.9991e-01	1.0000e+00	1.000000	0
SBNO1	4	9.9991e-01	1.0000e+00	1.000000	0
TRMT6	4	9.9991e-01	1.0000e+00	1.000000	0
RSL24D1	4	9.9991e-01	1.0000e+00	1.000000	0
TUBB	4	9.9991e-01	1.0000e+00	1.000000	0
PCBP1	4	9.9991e-01	1.0000e+00	1.000000	0
ACTR1A	4	9.9991e-01	1.0000e+00	1.000000	0
POLR3E	4	9.9991e-01	1.0000e+00	1.000000	0
RPS27	4	9.9991e-01	1.0000e+00	1.000000	0
CIRH1A	4	9.9992e-01	1.0000e+00	1.000000	0
XRCC6	4	9.9992e-01	1.0000e+00	1.000000	0
PSMB4	4	9.9992e-01	1.0000e+00	1.000000	0
PMPCB	4	9.9992e-01	1.0000e+00	1.000000	0
NAA50	4	9.9992e-01	1.0000e+00	1.000000	0
POP7	4	9.9992e-01	1.0000e+00	1.000000	0
CHMP4B	4	9.9992e-01	1.0000e+00	1.000000	0
NHP2	4	9.9992e-01	1.0000e+00	1.000000	0
SMC6	4	9.9992e-01	1.0000e+00	1.000000	0
MED4	4	9.9992e-01	1.0000e+00	1.000000	0
POLR1A	4	9.9992e-01	1.0000e+00	1.000000	0
U2AF2	4	9.9992e-01	1.0000e+00	1.000000	0
POLR1E	4	9.9992e-01	1.0000e+00	1.000000	0
CPSF3L	4	9.9992e-01	1.0000e+00	1.000000	0
FGFR1	4	9.9992e-01	1.0000e+00	1.000000	0
GLTSCR2	4	9.9992e-01	1.0000e+00	1.000000	0
GTF2H4	4	9.9992e-01	1.0000e+00	1.000000	0
UHRF1	4	9.9993e-01	1.0000e+00	1.000000	0
RRP15	4	9.9993e-01	1.0000e+00	1.000000	0
EIF6	4	9.9993e-01	1.0000e+00	1.000000	0
G6PD	4	9.9993e-01	1.0000e+00	1.000000	0
POLR1B	3	9.9993e-01	1.0000e+00	1.000000	0
TM9SF2	4	9.9993e-01	1.0000e+00	1.000000	0
LSG1	4	9.9993e-01	1.0000e+00	1.000000	0
POP1	4	9.9993e-01	1.0000e+00	1.000000	0
PPP2R1A	4	9.9993e-01	1.0000e+00	1.000000	0
MOCS3	4	9.9993e-01	1.0000e+00	1.000000	0
NAA15	4	9.9993e-01	1.0000e+00	1.000000	0
RPLP0	4	9.9993e-01	1.0000e+00	1.000000	0
RAC1	4	9.9993e-01	1.0000e+00	1.000000	0
CPSF3	4	9.9993e-01	1.0000e+00	1.000000	0
UBR4	4	9.9994e-01	1.0000e+00	1.000000	0
HIST2H3D	4	9.9994e-01	1.0000e+00	1.000000	0
HIST2H3C	4	9.9994e-01	1.0000e+00	1.000000	0
TRMT112	4	9.9994e-01	1.0000e+00	1.000000	0
RNF20	4	9.9994e-01	1.0000e+00	1.000000	0
PCNA	4	9.9994e-01	1.0000e+00	1.000000	0
RPL7A	4	9.9994e-01	1.0000e+00	1.000000	0
DDX52	4	9.9994e-01	1.0000e+00	1.000000	0
CDS2	4	9.9994e-01	1.0000e+00	1.000000	0
SLC33A1	4	9.9994e-01	1.0000e+00	1.000000	0
TOP2A	4	9.9994e-01	1.0000e+00	1.000000	0
NOC4L	4	9.9994e-01	1.0000e+00	1.000000	0
RPS27A	4	9.9994e-01	1.0000e+00	1.000000	0
ELP3	4	9.9994e-01	1.0000e+00	1.000000	0
C10orf2	4	9.9994e-01	1.0000e+00	1.000000	0
MET	4	9.9994e-01	1.0000e+00	1.000000	0
UXT	4	9.9994e-01	1.0000e+00	1.000000	0
SCAF1	4	9.9994e-01	1.0000e+00	1.000000	0
EARS2	4	9.9994e-01	1.0000e+00	1.000000	0
TBCD	4	9.9994e-01	1.0000e+00	1.000000	0
HMGB1	4	9.9994e-01	1.0000e+00	1.000000	0
DDX51	4	9.9994e-01	1.0000e+00	1.000000	0
DPY30	4	9.9995e-01	1.0000e+00	1.000000	0
LYRM4	4	9.9995e-01	1.0000e+00	1.000000	0
SMN1	4	9.9995e-01	1.0000e+00	1.000000	0
ABCF1	4	9.9995e-01	1.0000e+00	1.000000	0
SAE1	4	9.9995e-01	1.0000e+00	1.000000	0
NUBP1	4	9.9995e-01	1.0000e+00	1.000000	0
RPS14	4	9.9995e-01	1.0000e+00	1.000000	0
EXOSC9	4	9.9995e-01	1.0000e+00	1.000000	0
UBA5	4	9.9995e-01	1.0000e+00	1.000000	0
POC1A	4	9.9995e-01	1.0000e+00	1.000000	0
NOL10	4	9.9995e-01	1.0000e+00	1.000000	0
SREBF1	4	9.9995e-01	1.0000e+00	1.000000	0
RPS9	4	9.9995e-01	1.0000e+00	1.000000	0
DPH5	4	9.9995e-01	1.0000e+00	1.000000	0
BRD2	4	9.9995e-01	1.0000e+00	1.000000	0
GOLGA8H	4	9.9995e-01	1.0000e+00	1.000000	0
SRF	4	9.9995e-01	1.0000e+00	1.000000	0
GATAD1	4	9.9995e-01	1.0000e+00	1.000000	0
SRSF7	4	9.9995e-01	1.0000e+00	1.000000	0
WDR43	4	9.9995e-01	1.0000e+00	1.000000	0
SNUPN	4	9.9995e-01	1.0000e+00	1.000000	0
UBE2K	4	9.9995e-01	1.0000e+00	1.000000	0
ZCRB1	4	9.9995e-01	1.0000e+00	1.000000	0
NARFL	4	9.9996e-01	1.0000e+00	1.000000	0
MCM3	4	9.9996e-01	1.0000e+00	1.000000	0
DHX35	4	9.9996e-01	1.0000e+00	1.000000	0
DIS3	4	9.9996e-01	1.0000e+00	1.000000	0
DNM2	4	9.9996e-01	1.0000e+00	1.000000	0
SNRPD2	4	9.9996e-01	1.0000e+00	1.000000	0
PMPCA	4	9.9996e-01	1.0000e+00	1.000000	0
RPP30	4	9.9996e-01	1.0000e+00	1.000000	0
CDC37	4	9.9996e-01	1.0000e+00	1.000000	0
SF3B5	4	9.9996e-01	1.0000e+00	1.000000	0
RICTOR	4	9.9996e-01	1.0000e+00	1.000000	0
ZPR1	4	9.9996e-01	1.0000e+00	1.000000	0
PSMC2	4	9.9996e-01	1.0000e+00	1.000000	0
HSPA9	4	9.9996e-01	1.0000e+00	1.000000	0
SMC4	4	9.9996e-01	1.0000e+00	1.000000	0
EIF3M	4	9.9996e-01	1.0000e+00	1.000000	0
PCID2	4	9.9996e-01	1.0000e+00	1.000000	0
MTOR	4	9.9996e-01	1.0000e+00	1.000000	0
EIF4E	4	9.9996e-01	1.0000e+00	1.000000	0
SEC61A1	4	9.9996e-01	1.0000e+00	1.000000	0
AHCTF1	4	9.9996e-01	1.0000e+00	1.000000	0
SEC13	4	9.9996e-01	1.0000e+00	1.000000	0
COPB2	4	9.9996e-01	1.0000e+00	1.000000	0
BARD1	4	9.9996e-01	1.0000e+00	1.000000	0
EIF4A1	4	9.9996e-01	1.0000e+00	1.000000	0
SPDYE6	4	9.9996e-01	1.0000e+00	1.000000	0
NACA	4	9.9996e-01	1.0000e+00	1.000000	0
ATP5B	4	9.9996e-01	1.0000e+00	1.000000	0
AK6	4	9.9996e-01	1.0000e+00	1.000000	0
HAUS5	4	9.9996e-01	1.0000e+00	1.000000	0
DSCC1	4	9.9996e-01	1.0000e+00	1.000000	0
PSMD6	4	9.9996e-01	1.0000e+00	1.000000	0
RPL9	4	9.9997e-01	1.0000e+00	1.000000	0
SNRPD1	4	9.9997e-01	1.0000e+00	1.000000	0
SRP54	4	9.9997e-01	1.0000e+00	1.000000	0
ARCN1	4	9.9997e-01	1.0000e+00	1.000000	0
TBCE	4	9.9997e-01	1.0000e+00	1.000000	0
PHF5A	4	9.9997e-01	1.0000e+00	1.000000	0
MCM7	4	9.9997e-01	1.0000e+00	1.000000	0
POLE	4	9.9997e-01	1.0000e+00	1.000000	0
TACC3	4	9.9997e-01	1.0000e+00	1.000000	0
MDN1	4	9.9997e-01	1.0000e+00	1.000000	0
RPL36	4	9.9997e-01	1.0000e+00	1.000000	0
GFM1	4	9.9997e-01	1.0000e+00	1.000000	0
TRMT5	4	9.9997e-01	1.0000e+00	1.000000	0
NELFCD	4	9.9997e-01	1.0000e+00	1.000000	0
CDC20	4	9.9997e-01	1.0000e+00	1.000000	0
YBX1	4	9.9997e-01	1.0000e+00	1.000000	0
PPAN	4	9.9997e-01	1.0000e+00	1.000000	0
ALG3	4	9.9997e-01	1.0000e+00	1.000000	0
PSMC1	4	9.9997e-01	1.0000e+00	1.000000	0
LRR1	4	9.9997e-01	1.0000e+00	1.000000	0
MINOS1	4	9.9997e-01	1.0000e+00	1.000000	0
IGBP1	4	9.9997e-01	1.0000e+00	1.000000	0
DDX23	4	9.9997e-01	1.0000e+00	1.000000	0
GPS1	4	9.9997e-01	1.0000e+00	1.000000	0
HDAC3	4	9.9997e-01	1.0000e+00	1.000000	0
MCM2	4	9.9997e-01	1.0000e+00	1.000000	0
CEP85	4	9.9997e-01	1.0000e+00	1.000000	0
RRP9	4	9.9997e-01	1.0000e+00	1.000000	0
VPS25	4	9.9997e-01	1.0000e+00	1.000000	0
C3orf17	4	9.9997e-01	1.0000e+00	1.000000	0
MARS	4	9.9997e-01	1.0000e+00	1.000000	0
VARS2	4	9.9997e-01	1.0000e+00	1.000000	0
ALG2	4	9.9997e-01	1.0000e+00	1.000000	0
RARS	4	9.9997e-01	1.0000e+00	1.000000	0
TELO2	4	9.9997e-01	1.0000e+00	1.000000	0
CDC73	4	9.9997e-01	1.0000e+00	1.000000	0
UBA52	4	9.9997e-01	1.0000e+00	1.000000	0
FEN1	3	9.9997e-01	1.0000e+00	1.000000	0
ATP1A1	4	9.9997e-01	1.0000e+00	1.000000	0
PSTK	4	9.9997e-01	1.0000e+00	1.000000	0
SF3A3	4	9.9997e-01	1.0000e+00	1.000000	0
C3orf58	4	9.9998e-01	1.0000e+00	1.000000	0
GPR89A	4	9.9998e-01	1.0000e+00	1.000000	0
SMC3	4	9.9998e-01	1.0000e+00	1.000000	0
WDR18	4	9.9998e-01	1.0000e+00	1.000000	0
TRAIP	4	9.9998e-01	1.0000e+00	1.000000	0
HNRNPU	4	9.9998e-01	1.0000e+00	1.000000	0
ELP4	4	9.9998e-01	1.0000e+00	1.000000	0
SOD1	4	9.9998e-01	1.0000e+00	1.000000	0
FNTB	4	9.9998e-01	1.0000e+00	1.000000	0
MLST8	4	9.9998e-01	1.0000e+00	1.000000	0
MRPS25	4	9.9998e-01	1.0000e+00	1.000000	0
ECT2	4	9.9998e-01	1.0000e+00	1.000000	0
METAP1	4	9.9998e-01	1.0000e+00	1.000000	0
ZNHIT2	4	9.9998e-01	1.0000e+00	1.000000	0
LSM8	4	9.9998e-01	1.0000e+00	1.000000	0
CYB5B	4	9.9998e-01	1.0000e+00	1.000000	0
SNRPD3	4	9.9998e-01	1.0000e+00	1.000000	0
POLQ	4	9.9998e-01	1.0000e+00	1.000000	0
NCAPD3	4	9.9998e-01	1.0000e+00	1.000000	0
DUX4	4	9.9998e-01	1.0000e+00	1.000000	0
NHLRC2	4	9.9998e-01	1.0000e+00	1.000000	0
TOP1	4	9.9998e-01	1.0000e+00	1.000000	0
TAZ	4	9.9998e-01	1.0000e+00	1.000000	0
EIF2B5	4	9.9998e-01	1.0000e+00	1.000000	0
PRPF4	4	9.9998e-01	1.0000e+00	1.000000	0
RER1	4	9.9998e-01	1.0000e+00	1.000000	0
PRMT1	4	9.9998e-01	1.0000e+00	1.000000	0
ACTR10	4	9.9998e-01	1.0000e+00	1.000000	0
SKA2	4	9.9998e-01	1.0000e+00	1.000000	0
SMARCA5	4	9.9998e-01	1.0000e+00	1.000000	0
IARS2	4	9.9998e-01	1.0000e+00	1.000000	0
EXT1	4	9.9998e-01	1.0000e+00	1.000000	0
NLE1	4	9.9998e-01	1.0000e+00	1.000000	0
SRP14	4	9.9998e-01	1.0000e+00	1.000000	0
PPA1	4	9.9998e-01	1.0000e+00	1.000000	0
NOP2	4	9.9998e-01	1.0000e+00	1.000000	0
SUPT16H	4	9.9998e-01	1.0000e+00	1.000000	0
NAA20	4	9.9998e-01	1.0000e+00	1.000000	0
HELQ	4	9.9998e-01	1.0000e+00	1.000000	0
AURKB	4	9.9998e-01	1.0000e+00	1.000000	0
EIF2B1	4	9.9998e-01	1.0000e+00	1.000000	0
EMC7	4	9.9998e-01	1.0000e+00	1.000000	0
DDX46	4	9.9998e-01	1.0000e+00	1.000000	0
EIF2B3	4	9.9998e-01	1.0000e+00	1.000000	0
TAF2	4	9.9998e-01	1.0000e+00	1.000000	0
ANAPC4	4	9.9998e-01	1.0000e+00	1.000000	0
KDM4A	4	9.9998e-01	1.0000e+00	1.000000	0
RPL4	4	9.9998e-01	1.0000e+00	1.000000	0
RPS10	4	9.9998e-01	1.0000e+00	1.000000	0
ZBTB8OS	4	9.9998e-01	1.0000e+00	1.000000	0
KPNB1	4	9.9998e-01	1.0000e+00	1.000000	0
PHAX	4	9.9998e-01	1.0000e+00	1.000000	0
BANP	4	9.9998e-01	1.0000e+00	1.000000	0
XPO1	3	9.9998e-01	1.0000e+00	1.000000	0
CDK9	3	9.9998e-01	1.0000e+00	1.000000	0
POLR2F	4	9.9998e-01	1.0000e+00	1.000000	0
DNAJC8	4	9.9998e-01	1.0000e+00	1.000000	0
GTF2H3	4	9.9998e-01	1.0000e+00	1.000000	0
SMC2	4	9.9998e-01	1.0000e+00	1.000000	0
INTS1	4	9.9998e-01	1.0000e+00	1.000000	0
WDR3	4	9.9998e-01	1.0000e+00	1.000000	0
MFN2	4	9.9998e-01	1.0000e+00	1.000000	0
YARS2	4	9.9998e-01	1.0000e+00	1.000000	0
RSL1D1	4	9.9998e-01	1.0000e+00	1.000000	0
ATP6V1A	4	9.9998e-01	1.0000e+00	1.000000	0
NOL9	4	9.9998e-01	1.0000e+00	1.000000	0
SKP1	4	9.9999e-01	1.0000e+00	1.000000	0
FURIN	4	9.9999e-01	1.0000e+00	1.000000	0
CDC45	4	9.9999e-01	1.0000e+00	1.000000	0
PRC1	4	9.9999e-01	1.0000e+00	1.000000	0
EXT2	4	9.9999e-01	1.0000e+00	1.000000	0
U2SURP	4	9.9999e-01	1.0000e+00	1.000000	0
MRPL4	4	9.9999e-01	1.0000e+00	1.000000	0
RPL18	4	9.9999e-01	1.0000e+00	1.000000	0
VPRBP	4	9.9999e-01	1.0000e+00	1.000000	0
RPL10A	4	9.9999e-01	1.0000e+00	1.000000	0
RPS20	4	9.9999e-01	1.0000e+00	1.000000	0
NCAPG2	4	9.9999e-01	1.0000e+00	1.000000	0
NUBP2	4	9.9999e-01	1.0000e+00	1.000000	0
MCMBP	4	9.9999e-01	1.0000e+00	1.000000	0
WBSCR22	4	9.9999e-01	1.0000e+00	1.000000	0
ARL2	4	9.9999e-01	1.0000e+00	1.000000	0
TPI1	4	9.9999e-01	1.0000e+00	1.000000	0
DDX5	4	9.9999e-01	1.0000e+00	1.000000	0
CCND1	4	9.9999e-01	1.0000e+00	1.000000	0
POLR1D	4	9.9999e-01	1.0000e+00	1.000000	0
RAD1	4	9.9999e-01	1.0000e+00	1.000000	0
PCBP2	4	9.9999e-01	1.0000e+00	1.000000	0
DHX36	4	9.9999e-01	1.0000e+00	1.000000	0
POLR3A	4	9.9999e-01	1.0000e+00	1.000000	0
SARS	4	9.9999e-01	1.0000e+00	1.000000	0
AASDHPPT	4	9.9999e-01	1.0000e+00	1.000000	0
POLR3F	4	9.9999e-01	1.0000e+00	1.000000	0
XAB2	4	9.9999e-01	1.0000e+00	1.000000	0
EIF3E	4	9.9999e-01	1.0000e+00	1.000000	0
WDR5	4	9.9999e-01	1.0000e+00	1.000000	0
NMD3	4	9.9999e-01	1.0000e+00	1.000000	0
NIP7	4	9.9999e-01	1.0000e+00	1.000000	0
USP39	4	9.9999e-01	1.0000e+00	1.000000	0
RTCB	4	9.9999e-01	1.0000e+00	1.000000	0
CPD	4	9.9999e-01	1.0000e+00	1.000000	0
TRAPPC11	4	9.9999e-01	1.0000e+00	1.000000	0
C1orf27	4	9.9999e-01	1.0000e+00	1.000000	0
COPB1	4	9.9999e-01	1.0000e+00	1.000000	0
ILF2	4	9.9999e-01	1.0000e+00	1.000000	0
EIF4A3	4	9.9999e-01	1.0000e+00	1.000000	0
NCBP1	4	9.9999e-01	1.0000e+00	1.000000	0
TOPBP1	4	9.9999e-01	1.0000e+00	1.000000	0
VGLL3	4	9.9999e-01	1.0000e+00	1.000000	0
RFT1	4	9.9999e-01	1.0000e+00	1.000000	0
HSPA5	4	9.9999e-01	1.0000e+00	1.000000	0
SAR1A	4	9.9999e-01	1.0000e+00	1.000000	0
PPIL2	4	9.9999e-01	1.0000e+00	1.000000	0
PTPMT1	4	9.9999e-01	1.0000e+00	1.000000	0
TUBA1B	4	9.9999e-01	1.0000e+00	1.000000	0
GNL2	4	9.9999e-01	1.0000e+00	1.000000	0
KIAA1524	4	9.9999e-01	1.0000e+00	1.000000	0
LUC7L3	4	9.9999e-01	1.0000e+00	1.000000	0
PPWD1	4	9.9999e-01	1.0000e+00	1.000000	0
ACSL3	4	9.9999e-01	1.0000e+00	1.000000	0
WDR75	4	9.9999e-01	1.0000e+00	1.000000	0
BIRC5	4	9.9999e-01	1.0000e+00	1.000000	0
SHOC2	4	9.9999e-01	1.0000e+00	1.000000	0
BTF3	4	9.9999e-01	1.0000e+00	1.000000	0
DKC1	4	9.9999e-01	1.0000e+00	1.000000	0
RCL1	4	9.9999e-01	1.0000e+00	1.000000	0
POLR2L	4	9.9999e-01	1.0000e+00	1.000000	0
PREB	4	9.9999e-01	1.0000e+00	1.000000	0
SF3B1	4	9.9999e-01	1.0000e+00	1.000000	0
FAM96B	4	9.9999e-01	1.0000e+00	1.000000	0
MAK16	4	9.9999e-01	1.0000e+00	1.000000	0
CCT2	4	9.9999e-01	1.0000e+00	1.000000	0
ANKRD49	4	9.9999e-01	1.0000e+00	1.000000	0
RAD51D	4	9.9999e-01	1.0000e+00	1.000000	0
POLR3B	4	9.9999e-01	1.0000e+00	1.000000	0
LARP1	4	9.9999e-01	1.0000e+00	1.000000	0
GOLGA6L1	4	9.9999e-01	1.0000e+00	1.000000	0
FBL	4	9.9999e-01	1.0000e+00	1.000000	0
GMPPB	4	9.9999e-01	1.0000e+00	1.000000	0
KIF11	4	9.9999e-01	1.0000e+00	1.000000	0
RPL27A	4	9.9999e-01	1.0000e+00	1.000000	0
WDHD1	4	9.9999e-01	1.0000e+00	1.000000	0
EIF3A	4	9.9999e-01	1.0000e+00	1.000000	0
PTPN11	4	9.9999e-01	1.0000e+00	1.000000	0
LSM6	4	9.9999e-01	1.0000e+00	1.000000	0
DPH3	4	9.9999e-01	1.0000e+00	1.000000	0
RANGAP1	4	9.9999e-01	1.0000e+00	1.000000	0
RPL38	4	9.9999e-01	1.0000e+00	1.000000	0
TUT1	4	9.9999e-01	1.0000e+00	1.000000	0
RPL3	4	9.9999e-01	1.0000e+00	1.000000	0
PHB	4	9.9999e-01	1.0000e+00	1.000000	0
NOB1	4	9.9999e-01	1.0000e+00	1.000000	0
RUVBL2	4	9.9999e-01	1.0000e+00	1.000000	0
RPS26	4	9.9999e-01	1.0000e+00	1.000000	0
NSA2	4	9.9999e-01	1.0000e+00	1.000000	0
RABGGTB	4	9.9999e-01	1.0000e+00	1.000000	0
CHAF1B	4	9.9999e-01	1.0000e+00	1.000000	0
LARS	4	9.9999e-01	1.0000e+00	1.000000	0
UBA2	4	9.9999e-01	1.0000e+00	1.000000	0
TNPO3	4	9.9999e-01	1.0000e+00	1.000000	0
COPA	4	9.9999e-01	1.0000e+00	1.000000	0
LSM11	4	9.9999e-01	1.0000e+00	1.000000	0
RPS11	4	9.9999e-01	1.0000e+00	1.000000	0
EIF4G1	4	9.9999e-01	1.0000e+00	1.000000	0
CTR9	4	9.9999e-01	1.0000e+00	1.000000	0
ECD	4	9.9999e-01	1.0000e+00	1.000000	0
PGS1	4	9.9999e-01	1.0000e+00	1.000000	0
DHPS	4	9.9999e-01	1.0000e+00	1.000000	0
DPH2	4	9.9999e-01	1.0000e+00	1.000000	0
ETF1	4	9.9999e-01	1.0000e+00	1.000000	0
CEBPZ	4	9.9999e-01	1.0000e+00	1.000000	0
ARF1	4	9.9999e-01	1.0000e+00	1.000000	0
KTI12	4	9.9999e-01	1.0000e+00	1.000000	0
POLR1C	4	9.9999e-01	1.0000e+00	1.000000	0
SAMM50	4	9.9999e-01	1.0000e+00	1.000000	0
RAD9A	4	9.9999e-01	1.0000e+00	1.000000	0
TRIAP1	4	1.0000e+00	1.0000e+00	1.000000	0
RAN	4	1.0000e+00	1.0000e+00	1.000000	0
MBTPS1	4	1.0000e+00	1.0000e+00	1.000000	0
RPS3A	4	1.0000e+00	1.0000e+00	1.000000	0
NOP56	4	1.0000e+00	1.0000e+00	1.000000	0
CIAO1	4	1.0000e+00	1.0000e+00	1.000000	0
RPS24	4	1.0000e+00	1.0000e+00	1.000000	0
ATP6V1E1	4	1.0000e+00	1.0000e+00	1.000000	0
RTEL1	4	1.0000e+00	1.0000e+00	1.000000	0
DNA2	4	1.0000e+00	1.0000e+00	1.000000	0
RPL35A	4	1.0000e+00	1.0000e+00	1.000000	0
HMGCS1	4	1.0000e+00	1.0000e+00	1.000000	0
PELO	4	1.0000e+00	1.0000e+00	1.000000	0
TIPARP	4	1.0000e+00	1.0000e+00	1.000000	0
CCT5	4	1.0000e+00	1.0000e+00	1.000000	0
STRAP	4	1.0000e+00	1.0000e+00	1.000000	0
GGPS1	4	1.0000e+00	1.0000e+00	1.000000	0
PFDN2	4	1.0000e+00	1.0000e+00	1.000000	0
DDX10	4	1.0000e+00	1.0000e+00	1.000000	0
UBA1	4	1.0000e+00	1.0000e+00	1.000000	0
RPL18A	4	1.0000e+00	1.0000e+00	1.000000	0
GPN1	4	1.0000e+00	1.0000e+00	1.000000	0
RPL37	4	1.0000e+00	1.0000e+00	1.000000	0
EIF3B	4	1.0000e+00	1.0000e+00	1.000000	0
NOP14	4	1.0000e+00	1.0000e+00	1.000000	0
RPS19	4	1.0000e+00	1.0000e+00	1.000000	0
RPL19	4	1.0000e+00	1.0000e+00	1.000000	0
ALDOA	4	1.0000e+00	1.0000e+00	1.000000	0
RPL12	4	1.0000e+00	1.0000e+00	1.000000	0
MCM5	4	1.0000e+00	1.0000e+00	1.000000	0
ELAVL1	4	1.0000e+00	1.0000e+00	1.000000	0
PRIM1	4	1.0000e+00	1.0000e+00	1.000000	0
ASNS	4	1.0000e+00	1.0000e+00	1.000000	0
PGAM1	4	1.0000e+00	1.0000e+00	1.000000	0
TRRAP	4	1.0000e+00	1.0000e+00	1.000000	0
PPP4C	4	1.0000e+00	1.0000e+00	1.000000	0
DNAJC9	4	1.0000e+00	1.0000e+00	1.000000	0
USP7	4	1.0000e+00	1.0000e+00	1.000000	0
RPL6	4	1.0000e+00	1.0000e+00	1.000000	0
FDXR	4	1.0000e+00	1.0000e+00	1.000000	0
RPS17	4	1.0000e+00	1.0000e+00	1.000000	0
DHX15	4	1.0000e+00	1.0000e+00	1.000000	0
RFC5	4	1.0000e+00	1.0000e+00	1.000000	0
NCAPG	4	1.0000e+00	1.0000e+00	1.000000	0
PSMG3	4	1.0000e+00	1.0000e+00	1.000000	0
PFN1	4	1.0000e+00	1.0000e+00	1.000000	0
RPL26	4	1.0000e+00	1.0000e+00	1.000000	0
RPTOR	4	1.0000e+00	1.0000e+00	1.000000	0
B3GAT3	4	1.0000e+00	1.0000e+00	1.000000	0
NEDD8	4	1.0000e+00	1.0000e+00	1.000000	0
RPL37A	4	1.0000e+00	1.0000e+00	1.000000	0
ATP5A1	4	1.0000e+00	1.0000e+00	1.000000	0
RPS15A	4	1.0000e+00	1.0000e+00	1.000000	0
NOP16	4	1.0000e+00	1.0000e+00	1.000000	0
WDR74	4	1.0000e+00	1.0000e+00	1.000000	0
COPS6	4	1.0000e+00	1.0000e+00	1.000000	0
SRSF1	4	1.0000e+00	1.0000e+00	1.000000	0
BUD31	4	1.0000e+00	1.0000e+00	1.000000	0
TIMM10	4	1.0000e+00	1.0000e+00	1.000000	0
MYC	4	1.0000e+00	1.0000e+00	1.000000	0
DDX47	4	1.0000e+00	1.0000e+00	1.000000	0
SDAD1	4	1.0000e+00	1.0000e+00	1.000000	0
RPL7	4	1.0000e+00	1.0000e+00	1.000000	0
TEAD1	4	1.0000e+00	1.0000e+00	1.000000	0
HSD17B12	4	1.0000e+00	1.0000e+00	1.000000	0
PSMB2	4	1.0000e+00	1.0000e+00	1.000000	0
IARS	4	1.0000e+00	1.0000e+00	1.000000	0
RPL31	4	1.0000e+00	1.0000e+00	1.000000	0
CDC42	4	1.0000e+00	1.0000e+00	1.000000	0
LSM5	4	1.0000e+00	1.0000e+00	1.000000	0
ISY1	4	1.0000e+00	1.0000e+00	1.000000	0
SPDYE2B	4	1.0000e+00	1.0000e+00	1.000000	0
RPS8	4	1.0000e+00	1.0000e+00	1.000000	0
GPN2	4	1.0000e+00	1.0000e+00	1.000000	0
TCP1	4	1.0000e+00	1.0000e+00	1.000000	0
CCT3	4	1.0000e+00	1.0000e+00	1.000000	0
RPL11	4	1.0000e+00	1.0000e+00	1.000000	0
RPL24	4	1.0000e+00	1.0000e+00	1.000000	0
VCP	4	1.0000e+00	1.0000e+00	1.000000	0
TAF6	4	1.0000e+00	1.0000e+00	1.000000	0
AQR	4	1.0000e+00	1.0000e+00	1.000000	0
ANAPC11	4	1.0000e+00	1.0000e+00	1.000000	0
SCAP	4	1.0000e+00	1.0000e+00	1.000000	0
SLMO2	4	1.0000e+00	1.0000e+00	1.000000	0
RPL10	4	1.0000e+00	1.0000e+00	1.000000	0
CDK1	4	1.0000e+00	1.0000e+00	1.000000	0
UTP15	4	1.0000e+00	1.0000e+00	1.000000	0
DCTN5	4	1.0000e+00	1.0000e+00	1.000000	0
NARS	4	1.0000e+00	1.0000e+00	1.000000	0
HSPD1	4	1.0000e+00	1.0000e+00	1.000000	0
RPS23	4	1.0000e+00	1.0000e+00	1.000000	0
DCTN6	4	1.0000e+00	1.0000e+00	1.000000	0
GINS1	4	1.0000e+00	1.0000e+00	1.000000	0
GNB2L1	4	1.0000e+00	1.0000e+00	1.000000	0
IMP4	4	1.0000e+00	1.0000e+00	1.000000	0
COPS2	4	1.0000e+00	1.0000e+00	1.000000	0
ATP6V0C	4	1.0000e+00	1.0000e+00	1.000000	0
RPS25	4	1.0000e+00	1.0000e+00	1.000000	0
UBA3	4	1.0000e+00	1.0000e+00	1.000000	0
GRB2	4	1.0000e+00	1.0000e+00	1.000000	0
COPS4	4	1.0000e+00	1.0000e+00	1.000000	0
PSMB1	4	1.0000e+00	1.0000e+00	1.000000	0
DNAJC11	4	1.0000e+00	1.0000e+00	1.000000	0
CDC7	4	1.0000e+00	1.0000e+00	1.000000	0
RPS6	4	1.0000e+00	1.0000e+00	1.000000	0
VARS	4	1.0000e+00	1.0000e+00	1.000000	0
RPS29	4	1.0000e+00	1.0000e+00	1.000000	0
RPS21	4	1.0000e+00	1.0000e+00	1.000000	0
CTU2	4	1.0000e+00	1.0000e+00	1.000000	0
RFC3	4	1.0000e+00	1.0000e+00	1.000000	0
GNL3	4	1.0000e+00	1.0000e+00	1.000000	0
EIF5	4	1.0000e+00	1.0000e+00	1.000000	0
PMF1-BGLAP	4	1.0000e+00	1.0000e+00	1.000000	0
ORAOV1	4	1.0000e+00	1.0000e+00	1.000000	0
POLD1	4	1.0000e+00	1.0000e+00	1.000000	0
GTPBP4	4	1.0000e+00	1.0000e+00	1.000000	0
COPG1	4	1.0000e+00	1.0000e+00	1.000000	0
SNRPG	4	1.0000e+00	1.0000e+00	1.000000	0
SMU1	4	1.0000e+00	1.0000e+00	1.000000	0
RPL21	4	1.0000e+00	1.0000e+00	1.000000	0
RPP21	4	1.0000e+00	1.0000e+00	1.000000	0
RPL17	4	1.0000e+00	1.0000e+00	1.000000	0
ABCE1	4	1.0000e+00	1.0000e+00	1.000000	0
RPL34	4	1.0000e+00	1.0000e+00	1.000000	0
HARS	4	1.0000e+00	1.0000e+00	1.000000	0
SKIV2L2	4	1.0000e+00	1.0000e+00	1.000000	0
BUB3	4	1.0000e+00	1.0000e+00	1.000000	0
RPL27	4	1.0000e+00	1.0000e+00	1.000000	0
PRPF8	4	1.0000e+00	1.0000e+00	1.000000	0
RPS16	4	1.0000e+00	1.0000e+00	1.000000	0
CCDC84	4	1.0000e+00	1.0000e+00	1.000000	0
EIF1AX	4	1.0000e+00	1.0000e+00	1.000000	0
CCT7	4	1.0000e+00	1.0000e+00	1.000000	0
CDK7	4	1.0000e+00	1.0000e+00	1.000000	0
NOP58	4	1.0000e+00	1.0000e+00	1.000000	0
POLR2J	4	1.0000e+00	1.0000e+00	1.000000	0
HSPE1	4	1.0000e+00	1.0000e+00	1.000000	0
DDX54	4	1.0000e+00	1.0000e+00	1.000000	0
CCT6A	4	1.0000e+00	1.0000e+00	1.000000	0
PSMA6	4	1.0000e+00	1.0000e+00	1.000000	0
VRK1	4	1.0000e+00	1.0000e+00	1.000000	0
DOHH	4	1.0000e+00	1.0000e+00	1.000000	0
RPL15	4	1.0000e+00	1.0000e+00	1.000000	0
UBE2I	4	1.0000e+00	1.0000e+00	1.000000	0
PRPF19	4	1.0000e+00	1.0000e+00	1.000000	0
GINS2	4	1.0000e+00	1.0000e+00	1.000000	0
UBL5	4	1.0000e+00	1.0000e+00	1.000000	0
RPL23A	4	1.0000e+00	1.0000e+00	1.000000	0
USO1	4	1.0000e+00	1.0000e+00	1.000000	0
SNRPF	4	1.0000e+00	1.0000e+00	1.000000	0
EFTUD2	4	1.0000e+00	1.0000e+00	1.000000	0
ATP6V1B2	4	1.0000e+00	1.0000e+00	1.000000	0
RPS13	4	1.0000e+00	1.0000e+00	1.000000	0
LSM2	4	1.0000e+00	1.0000e+00	1.000000	0
RUVBL1	4	1.0000e+00	1.0000e+00	1.000000	0
RRM1	4	1.0000e+00	1.0000e+00	1.000000	0
RPS18	4	1.0000e+00	1.0000e+00	1.000000	0
FAU	4	1.0000e+00	1.0000e+00	1.000000	0
RPS3	4	1.0000e+00	1.0000e+00	1.000000	0
RAD51C	4	1.0000e+00	1.0000e+00	1.000000	0
PSMA5	4	1.0000e+00	1.0000e+00	1.000000	0
MBTPS2	4	1.0000e+00	1.0000e+00	1.000000	0
PSMA7	4	1.0000e+00	1.0000e+00	1.000000	0
