group_id	items_in_group	lo_value	p	FDR	goodsgrna
HSPA5	4	1.8421e-09	2.5901e-07	0.000007	4
DOHH	4	7.6572e-09	2.5901e-07	0.000007	4
EIF6	4	2.1248e-08	2.5901e-07	0.000007	4
CCDC84	4	2.7158e-08	2.5901e-07	0.000007	4
ANAPC11	4	2.8383e-08	2.5901e-07	0.000007	4
RPP21	4	3.5544e-08	2.5901e-07	0.000007	4
ATP6V0C	4	7.2988e-08	2.5901e-07	0.000007	4
RPS8	4	8.4926e-08	2.5901e-07	0.000007	4
RPL19	4	9.9137e-08	2.5901e-07	0.000007	4
RPS11	4	1.1123e-07	2.5901e-07	0.000007	4
SF3B1	4	1.2646e-07	2.5901e-07	0.000007	4
RPL7	4	1.2681e-07	2.5901e-07	0.000007	4
EIF5	4	1.3537e-07	2.5901e-07	0.000007	4
MCM7	4	1.5379e-07	2.5901e-07	0.000007	4
TPI1	4	1.6157e-07	2.5901e-07	0.000007	4
SNRPG	4	1.9331e-07	2.5901e-07	0.000007	4
PRMT1	4	1.9764e-07	2.5901e-07	0.000007	4
EFTUD2	4	2.0057e-07	2.5901e-07	0.000007	4
HMGCS1	4	2.2519e-07	2.5901e-07	0.000007	4
PELO	4	2.3278e-07	2.5901e-07	0.000007	4
COPA	4	2.5758e-07	2.5901e-07	0.000007	4
EIF3E	4	2.7612e-07	2.5901e-07	0.000007	4
RPS29	4	2.8305e-07	2.5901e-07	0.000007	4
ACSL4	4	2.9598e-07	2.5901e-07	0.000007	4
NELFCD	4	3.0562e-07	2.5901e-07	0.000007	4
LSM11	4	3.1481e-07	2.5901e-07	0.000007	4
ARL2	4	3.3997e-07	2.5901e-07	0.000007	4
UBE2I	4	3.4992e-07	2.5901e-07	0.000007	4
USP39	4	3.5066e-07	2.5901e-07	0.000007	4
NAA50	4	3.5667e-07	2.5901e-07	0.000007	4
TRMT5	4	4.0010e-07	2.5901e-07	0.000007	4
DNM2	4	4.1598e-07	2.5901e-07	0.000007	4
PCNA	4	4.9872e-07	2.5901e-07	0.000007	4
TRRAP	4	4.9936e-07	2.5901e-07	0.000007	4
NEDD8	4	4.9969e-07	2.5901e-07	0.000007	4
PHB	4	5.0457e-07	2.5901e-07	0.000007	4
SLMO2	4	5.0703e-07	2.5901e-07	0.000007	4
GGPS1	4	5.2750e-07	2.5901e-07	0.000007	4
U2AF1	4	5.3361e-07	2.5901e-07	0.000007	4
ORAOV1	4	5.5226e-07	2.5901e-07	0.000007	4
ALDOA	4	5.5971e-07	2.5901e-07	0.000007	3
SMN1	4	6.0324e-07	2.5901e-07	0.000007	4
CPSF2	4	6.2024e-07	2.5901e-07	0.000007	4
EIF2S1	4	6.3525e-07	2.5901e-07	0.000007	4
VRK1	4	6.6248e-07	2.5901e-07	0.000007	4
PRIM1	4	6.9930e-07	2.5901e-07	0.000007	4
GAPDH	4	7.3244e-07	2.5901e-07	0.000007	4
UBA2	4	8.0640e-07	2.5901e-07	0.000007	4
CCT7	4	8.3535e-07	2.5901e-07	0.000007	4
IMP4	4	8.4903e-07	2.5901e-07	0.000007	4
ZCRB1	4	8.7023e-07	2.5901e-07	0.000007	4
RPS3A	4	8.7175e-07	2.5901e-07	0.000007	4
SEC61A1	4	9.0239e-07	2.5901e-07	0.000007	4
PPWD1	4	9.3155e-07	2.5901e-07	0.000007	4
RFC2	4	9.5823e-07	2.5901e-07	0.000007	4
RPLP0	4	9.8710e-07	2.5901e-07	0.000007	4
VARS	4	9.9360e-07	2.5901e-07	0.000007	4
IMP3	4	1.0434e-06	2.5901e-07	0.000007	4
SNRPF	4	1.0638e-06	2.5901e-07	0.000007	4
TRMT112	4	1.0962e-06	2.5901e-07	0.000007	4
RPS17	4	1.1522e-06	2.5901e-07	0.000007	4
NOC4L	4	1.1651e-06	2.5901e-07	0.000007	4
MOCS3	4	1.1678e-06	2.5901e-07	0.000007	4
RPS19	4	1.1678e-06	2.5901e-07	0.000007	4
TRIAP1	4	1.1761e-06	2.5901e-07	0.000007	4
ILF3	4	1.2041e-06	2.5901e-07	0.000007	4
EXOSC2	4	1.2422e-06	2.5901e-07	0.000007	4
RPL35A	4	1.2534e-06	2.5901e-07	0.000007	4
COPB1	4	1.3910e-06	2.5901e-07	0.000007	4
NXF1	4	1.5415e-06	2.5901e-07	0.000007	4
COPS4	4	1.5552e-06	2.5901e-07	0.000007	4
PELP1	4	1.6013e-06	2.5901e-07	0.000007	4
ACTL6A	4	1.6036e-06	2.5901e-07	0.000007	4
PREB	4	1.6060e-06	2.5901e-07	0.000007	4
SNRPD1	4	1.6990e-06	2.5901e-07	0.000007	4
KPNB1	4	1.7272e-06	2.5901e-07	0.000007	4
TIMELESS	4	1.7520e-06	2.5901e-07	0.000007	4
PRPF19	4	1.7759e-06	2.5901e-07	0.000007	4
SEC13	4	1.8229e-06	2.5901e-07	0.000007	4
RPS3	4	1.8384e-06	2.5901e-07	0.000007	4
MAK16	4	1.9279e-06	2.5901e-07	0.000007	4
GINS2	4	1.9944e-06	2.5901e-07	0.000007	4
CPSF3	4	2.0304e-06	2.5901e-07	0.000007	4
DPH3	4	2.0815e-06	2.5901e-07	0.000007	4
SFPQ	4	2.1152e-06	2.5901e-07	0.000007	4
FBL	4	2.1528e-06	2.5901e-07	0.000007	4
RPS13	4	2.1762e-06	2.5901e-07	0.000007	4
PGAM1	4	2.2325e-06	2.5901e-07	0.000007	4
SYS1	4	2.3051e-06	2.5901e-07	0.000007	4
RER1	4	2.4461e-06	2.5901e-07	0.000007	4
RBBP4	4	2.4590e-06	2.5901e-07	0.000007	4
CDK1	4	2.5652e-06	2.5901e-07	0.000007	4
BUB3	4	2.5835e-06	2.5901e-07	0.000007	4
RRN3	4	2.6221e-06	2.5901e-07	0.000007	4
HSPD1	4	2.6765e-06	2.5901e-07	0.000007	4
RPS21	4	2.7231e-06	2.5901e-07	0.000007	4
RUVBL1	4	2.8073e-06	2.5901e-07	0.000007	4
GPR89A	4	2.8269e-06	2.5901e-07	0.000007	4
NOP10	4	2.8754e-06	2.5901e-07	0.000007	4
TUT1	4	2.8899e-06	2.5901e-07	0.000007	4
RPS15A	4	2.9614e-06	2.5901e-07	0.000007	4
CSE1L	4	3.0379e-06	2.5901e-07	0.000007	4
PSMB7	4	3.0681e-06	2.5901e-07	0.000007	4
UHRF1	4	3.0834e-06	2.5901e-07	0.000007	4
UBL5	4	3.0910e-06	2.5901e-07	0.000007	4
PSMD4	4	3.1293e-06	2.5901e-07	0.000007	4
ROMO1	4	3.1448e-06	2.5901e-07	0.000007	4
ARMC7	4	3.2244e-06	2.5901e-07	0.000007	4
PMF1-BGLAP	4	3.2378e-06	2.5901e-07	0.000007	4
RPL31	4	3.2648e-06	2.5901e-07	0.000007	4
PRPF8	4	3.3144e-06	2.5901e-07	0.000007	4
RPL17	4	3.3305e-06	2.5901e-07	0.000007	4
COG4	4	3.3427e-06	2.5901e-07	0.000007	4
DTL	4	3.3752e-06	2.5901e-07	0.000007	4
EIF1AX	4	3.4203e-06	2.5901e-07	0.000007	4
RPTOR	4	3.4679e-06	2.5901e-07	0.000007	4
RPL8	4	3.4845e-06	2.5901e-07	0.000007	4
CHAF1B	4	3.5055e-06	2.5901e-07	0.000007	4
PDPK1	4	3.6266e-06	2.5901e-07	0.000007	4
POLE2	4	3.6503e-06	2.5901e-07	0.000007	4
MDN1	4	3.6959e-06	2.5901e-07	0.000007	4
NFS1	4	3.8737e-06	2.5901e-07	0.000007	4
SRSF1	4	3.9168e-06	2.5901e-07	0.000007	4
CDK7	4	3.9328e-06	2.5901e-07	0.000007	4
DCTN5	4	4.0437e-06	2.5901e-07	0.000007	4
ECD	4	4.1665e-06	2.5901e-07	0.000007	4
POLR3A	4	4.4380e-06	2.5901e-07	0.000007	4
RPS20	4	4.4428e-06	2.5901e-07	0.000007	4
POLE	4	4.5773e-06	2.5901e-07	0.000007	4
XAB2	4	4.6365e-06	2.5901e-07	0.000007	4
RFC3	4	4.6625e-06	2.5901e-07	0.000007	4
EIF4G1	4	4.7593e-06	2.5901e-07	0.000007	4
CCT6A	4	4.7725e-06	2.5901e-07	0.000007	4
SNRPE	4	4.8336e-06	2.5901e-07	0.000007	4
TRAPPC11	4	4.9576e-06	2.5901e-07	0.000007	4
NIP7	4	4.9658e-06	2.5901e-07	0.000007	4
COPE	4	5.0452e-06	2.5901e-07	0.000007	4
VCP	4	5.1285e-06	2.5901e-07	0.000007	4
GPR89B	4	5.1492e-06	2.5901e-07	0.000007	4
RPS28	4	5.1676e-06	2.5901e-07	0.000007	4
RPAP2	4	5.2523e-06	2.5901e-07	0.000007	4
MCM4	4	5.2808e-06	2.5901e-07	0.000007	4
TUBA1B	4	5.2922e-06	2.5901e-07	0.000007	4
KARS	4	5.3530e-06	2.5901e-07	0.000007	3
ALG11	4	5.4599e-06	2.5901e-07	0.000007	4
GTPBP4	4	5.4833e-06	2.5901e-07	0.000007	4
POLR3K	4	5.5245e-06	2.5901e-07	0.000007	4
CCT4	4	5.6675e-06	2.5901e-07	0.000007	4
NHP2	4	5.7258e-06	2.5901e-07	0.000007	3
RPL37A	4	5.7827e-06	2.5901e-07	0.000007	4
EIF2S2	4	5.8072e-06	2.5901e-07	0.000007	4
GNL3	4	5.8194e-06	2.5901e-07	0.000007	4
COPB2	4	5.8996e-06	2.5901e-07	0.000007	4
LONP1	4	6.0980e-06	2.5901e-07	0.000007	4
AASDHPPT	4	6.1005e-06	2.5901e-07	0.000007	4
EIF2B2	4	6.1132e-06	2.5901e-07	0.000007	4
RPS23	4	6.1900e-06	2.5901e-07	0.000007	4
UBA3	4	6.2287e-06	2.5901e-07	0.000007	4
ARPC4	4	6.2870e-06	2.5901e-07	0.000007	4
VGLL3	4	6.3392e-06	2.5901e-07	0.000007	4
SACM1L	4	6.3588e-06	2.5901e-07	0.000007	4
SKIV2L2	4	6.4180e-06	2.5901e-07	0.000007	4
GPN2	4	6.4313e-06	2.5901e-07	0.000007	4
DDX47	4	6.4379e-06	2.5901e-07	0.000007	4
LSM7	4	6.5010e-06	2.5901e-07	0.000007	4
PSMG3	4	6.6455e-06	2.5901e-07	0.000007	4
RPS24	4	6.6829e-06	2.5901e-07	0.000007	4
CARS	4	6.6999e-06	2.5901e-07	0.000007	4
GNB2L1	4	6.7890e-06	2.5901e-07	0.000007	4
LSM2	4	6.8721e-06	2.5901e-07	0.000007	4
GOLGA6L1	4	6.9174e-06	2.5901e-07	0.000007	4
GOLGA8K	4	7.0759e-06	2.5901e-07	0.000007	4
SRP9	4	7.2046e-06	2.5901e-07	0.000007	4
POLR2L	4	7.2478e-06	2.5901e-07	0.000007	4
EIF4A3	4	7.2806e-06	2.5901e-07	0.000007	4
MBTPS2	4	7.2987e-06	2.5901e-07	0.000007	4
CDC42	4	7.3096e-06	2.5901e-07	0.000007	4
RPL12	4	7.5008e-06	2.5901e-07	0.000007	4
MFN2	4	7.6616e-06	2.5901e-07	0.000007	4
RPS14	4	7.6926e-06	2.5901e-07	0.000007	4
RPL24	4	7.7222e-06	2.5901e-07	0.000007	4
EIF2B3	4	7.7885e-06	2.5901e-07	0.000007	4
UBA5	4	8.0262e-06	2.5901e-07	0.000007	4
SNW1	4	8.1717e-06	2.5901e-07	0.000007	4
CIAO1	4	8.1835e-06	2.5901e-07	0.000007	4
DCTN6	4	8.2711e-06	2.5901e-07	0.000007	4
RAC1	4	8.2830e-06	2.5901e-07	0.000007	4
NAA20	4	8.6158e-06	2.5901e-07	0.000007	4
DDX10	4	8.6819e-06	2.5901e-07	0.000007	4
MARS	4	8.8403e-06	2.5901e-07	0.000007	4
GOLGA6A	4	9.0285e-06	2.5901e-07	0.000007	4
C10orf2	4	9.1293e-06	2.5901e-07	0.000007	4
EEFSEC	4	9.1551e-06	2.5901e-07	0.000007	4
SUPT16H	4	9.2329e-06	2.5901e-07	0.000007	4
TUBB	4	9.2851e-06	2.5901e-07	0.000007	4
DKC1	4	9.4032e-06	2.5901e-07	0.000007	4
PPP1CB	4	9.4601e-06	2.5901e-07	0.000007	3
RPS6	4	9.5492e-06	2.5901e-07	0.000007	4
RPL35	4	9.5581e-06	2.5901e-07	0.000007	4
RPL6	4	9.6027e-06	2.5901e-07	0.000007	4
RPS27A	4	9.6833e-06	2.5901e-07	0.000007	4
RPL27A	4	9.8234e-06	2.5901e-07	0.000007	4
COG8	4	9.8735e-06	2.5901e-07	0.000007	4
POLR3B	4	1.0206e-05	2.5901e-07	0.000007	4
INTS8	4	1.0243e-05	2.5901e-07	0.000007	4
COG2	4	1.0286e-05	2.5901e-07	0.000007	4
RAD51	4	1.0309e-05	2.5901e-07	0.000007	4
YARS	4	1.0319e-05	2.5901e-07	0.000007	4
DTYMK	4	1.0677e-05	2.5901e-07	0.000007	4
RPS27	4	1.0711e-05	2.5901e-07	0.000007	4
BAZ1B	4	1.1015e-05	2.5901e-07	0.000007	4
KIF11	4	1.1411e-05	2.5901e-07	0.000007	4
ALG13	4	1.1518e-05	2.5901e-07	0.000007	4
ELP4	4	1.1807e-05	2.5901e-07	0.000007	4
PSMA5	4	1.1881e-05	2.5901e-07	0.000007	4
URB1	4	1.1996e-05	2.5901e-07	0.000007	4
MMS19	4	1.2102e-05	2.5901e-07	0.000007	4
GTF2B	4	1.2134e-05	2.5901e-07	0.000007	4
HSPA9	4	1.2145e-05	2.5901e-07	0.000007	4
RPS18	4	1.2145e-05	2.5901e-07	0.000007	4
EIF2S3	4	1.2187e-05	2.5901e-07	0.000007	4
DDX59	4	1.2311e-05	2.5901e-07	0.000007	4
LUC7L3	4	1.2819e-05	2.5901e-07	0.000007	4
AP2M1	4	1.2836e-05	2.5901e-07	0.000007	4
TRNAU1AP	4	1.2986e-05	2.5901e-07	0.000007	4
WDR18	4	1.3059e-05	2.5901e-07	0.000007	4
RPL26	4	1.3160e-05	2.5901e-07	0.000007	3
NCL	4	1.3183e-05	2.5901e-07	0.000007	4
PSMB4	4	1.3240e-05	2.5901e-07	0.000007	4
CLTC	4	1.3269e-05	2.5901e-07	0.000007	4
RPS12	4	1.3291e-05	2.5901e-07	0.000007	4
CDIPT	4	1.3613e-05	2.5901e-07	0.000007	4
DNAJC11	4	1.3672e-05	2.5901e-07	0.000007	4
GMPPB	4	1.4024e-05	2.5901e-07	0.000007	4
RPL15	4	1.4203e-05	2.5901e-07	0.000007	4
RPL11	4	1.4372e-05	2.5901e-07	0.000007	4
EXOSC8	4	1.4627e-05	2.5901e-07	0.000007	4
AK6	4	1.4695e-05	2.5901e-07	0.000007	4
RNGTT	4	1.4994e-05	2.5901e-07	0.000007	4
RBM8A	4	1.5453e-05	2.5901e-07	0.000007	4
PMPCB	4	1.5491e-05	2.5901e-07	0.000007	4
HSCB	4	1.5712e-05	2.5901e-07	0.000007	4
RSL24D1	4	1.5761e-05	2.5901e-07	0.000007	4
DIS3	4	1.5781e-05	2.5901e-07	0.000007	4
TCP1	4	1.5904e-05	2.5901e-07	0.000007	4
CAPZB	4	1.6035e-05	2.5901e-07	0.000007	4
TUBA1C	4	1.6373e-05	2.5901e-07	0.000007	3
DDX21	4	1.6620e-05	2.5901e-07	0.000007	4
PPP2R1A	4	1.6661e-05	2.5901e-07	0.000007	4
RPL21	4	1.6688e-05	2.5901e-07	0.000007	4
INTS1	4	1.7035e-05	2.5901e-07	0.000007	4
ISY1	4	1.7215e-05	2.5901e-07	0.000007	4
XRCC3	4	1.7346e-05	2.5901e-07	0.000007	4
SRP54	4	1.7598e-05	2.5901e-07	0.000007	4
POP5	4	1.7655e-05	2.5901e-07	0.000007	4
RPL23A	4	1.7730e-05	2.5901e-07	0.000007	4
PSMA4	4	1.7796e-05	2.5901e-07	0.000007	4
EIF2B4	4	1.8182e-05	2.5901e-07	0.000007	4
RPS7	4	1.8226e-05	2.5901e-07	0.000007	4
UBA1	4	1.8516e-05	2.5901e-07	0.000007	4
ZNHIT1	4	1.8633e-05	2.5901e-07	0.000007	4
NUP85	4	1.8707e-05	2.5901e-07	0.000007	4
CCAR1	4	1.9003e-05	2.5901e-07	0.000007	4
FDXR	4	1.9093e-05	2.5901e-07	0.000007	4
VPS16	4	1.9607e-05	2.5901e-07	0.000007	4
NUBP1	4	1.9691e-05	2.5901e-07	0.000007	4
GPN1	4	1.9898e-05	2.5901e-07	0.000007	4
NMD3	4	2.0397e-05	2.5901e-07	0.000007	4
RPAIN	4	2.0523e-05	2.5901e-07	0.000007	4
WDR43	4	2.0649e-05	2.5901e-07	0.000007	4
VMP1	4	2.1194e-05	2.5901e-07	0.000007	4
PPIE	4	2.1291e-05	2.5901e-07	0.000007	4
SDAD1	4	2.1544e-05	2.5901e-07	0.000007	4
CKAP5	4	2.1675e-05	2.5901e-07	0.000007	4
NDNL2	4	2.1865e-05	2.5901e-07	0.000007	4
IARS2	4	2.1948e-05	2.5901e-07	0.000007	4
SASS6	4	2.2031e-05	2.5901e-07	0.000007	4
EIF4A1	4	2.2098e-05	2.5901e-07	0.000007	4
XRCC5	4	2.2165e-05	2.5901e-07	0.000007	4
NOL9	4	2.2366e-05	2.5901e-07	0.000007	4
EIF4E	4	2.2461e-05	2.5901e-07	0.000007	4
TAMM41	4	2.3065e-05	2.5901e-07	0.000007	4
TAF13	4	2.3272e-05	2.5901e-07	0.000007	4
DHX36	4	2.3446e-05	2.5901e-07	0.000007	4
ELP2	4	2.3735e-05	2.5901e-07	0.000007	4
ALG3	4	2.3921e-05	2.5901e-07	0.000007	4
PTPMT1	4	2.3939e-05	2.5901e-07	0.000007	4
WDR24	4	2.3978e-05	2.5901e-07	0.000007	4
MCM3	4	2.4027e-05	2.5901e-07	0.000007	4
PPP4C	4	2.4746e-05	2.5901e-07	0.000007	4
SMC5	4	2.4837e-05	2.5901e-07	0.000007	4
RECQL4	4	2.5020e-05	2.5901e-07	0.000007	4
POLR2G	4	2.5165e-05	2.5901e-07	0.000007	4
CDC7	4	2.5361e-05	2.5901e-07	0.000007	4
ATP6V1E1	4	2.5873e-05	2.5901e-07	0.000007	4
SLC35B2	4	2.5949e-05	2.5901e-07	0.000007	4
FARSA	4	2.6270e-05	2.5901e-07	0.000007	4
ATP6V1B2	4	2.6499e-05	2.5901e-07	0.000007	4
TOMM20	4	2.6624e-05	2.5901e-07	0.000007	4
PHAX	4	2.6845e-05	2.5901e-07	0.000007	4
LSG1	4	2.6922e-05	2.5901e-07	0.000007	4
RPS25	4	2.6961e-05	2.5901e-07	0.000007	4
RPL36	4	2.7058e-05	2.5901e-07	0.000007	4
NLE1	4	2.7101e-05	2.5901e-07	0.000007	4
SNUPN	4	2.7488e-05	2.5901e-07	0.000007	4
PSMA6	4	2.7665e-05	2.5901e-07	0.000007	4
ELP3	4	2.7883e-05	2.5901e-07	0.000007	4
TMED10	4	2.7936e-05	2.5901e-07	0.000007	4
EMC6	4	2.8323e-05	2.5901e-07	0.000007	4
NUP160	4	2.8331e-05	2.5901e-07	0.000007	3
CCND1	4	2.8535e-05	2.5901e-07	0.000007	4
PHF5A	4	2.8812e-05	2.5901e-07	0.000007	4
SCAP	4	2.8911e-05	2.5901e-07	0.000007	4
OGT	4	2.9249e-05	2.5901e-07	0.000007	3
PPP1R10	4	2.9611e-05	2.5901e-07	0.000007	4
RPL23	3	2.9612e-05	2.5901e-07	0.000007	3
SSB	4	2.9736e-05	2.5901e-07	0.000007	4
POLD2	4	3.0135e-05	2.5901e-07	0.000007	4
NOP56	4	3.0156e-05	2.5901e-07	0.000007	4
POLR1B	3	3.0173e-05	2.5901e-07	0.000007	3
COPZ1	4	3.0388e-05	2.5901e-07	0.000007	4
DHX35	4	3.0452e-05	2.5901e-07	0.000007	4
CHTF18	4	3.1996e-05	2.5901e-07	0.000007	4
PFDN2	4	3.2765e-05	2.5901e-07	0.000007	4
DDX46	4	3.2855e-05	2.5901e-07	0.000007	4
CDCA8	4	3.3179e-05	2.5901e-07	0.000007	4
RPS10	4	3.3295e-05	2.5901e-07	0.000007	4
MON2	4	3.3375e-05	2.5901e-07	0.000007	4
XPO1	3	3.3852e-05	2.5901e-07	0.000007	3
SPDYE6	4	3.3947e-05	2.5901e-07	0.000007	4
TIMM13	4	3.4410e-05	2.5901e-07	0.000007	4
HNRNPC	4	3.5031e-05	2.5901e-07	0.000007	4
NUTF2	4	3.5622e-05	2.5901e-07	0.000007	3
WDR77	4	3.5764e-05	2.5901e-07	0.000007	4
SNRPD3	4	3.6080e-05	2.5901e-07	0.000007	4
NCBP1	4	3.7214e-05	2.5901e-07	0.000007	4
TBCA	4	3.7288e-05	2.5901e-07	0.000007	4
RPL37	4	3.7636e-05	2.5901e-07	0.000007	4
TP53RK	4	3.7823e-05	2.5901e-07	0.000007	4
PPIL2	4	3.7925e-05	2.5901e-07	0.000007	4
WASH1	4	3.7998e-05	2.5901e-07	0.000007	4
BIRC5	4	3.8438e-05	2.5901e-07	0.000007	4
UBA52	4	3.9241e-05	2.5901e-07	0.000007	4
USP7	4	3.9382e-05	2.5901e-07	0.000007	4
PAFAH1B1	4	3.9389e-05	2.5901e-07	0.000007	4
PSMA3	4	3.9421e-05	2.5901e-07	0.000007	4
MRTO4	4	4.0004e-05	2.5901e-07	0.000007	4
DDX54	4	4.0099e-05	2.5901e-07	0.000007	4
COPG1	4	4.0200e-05	2.5901e-07	0.000007	4
TAF1C	4	4.0314e-05	2.5901e-07	0.000007	3
RPL27	4	4.0344e-05	2.5901e-07	0.000007	4
SRD5A3	4	4.0422e-05	2.5901e-07	0.000007	4
PRC1	4	4.1035e-05	2.5901e-07	0.000007	4
PRPS1	4	4.1056e-05	2.5901e-07	0.000007	4
MTA2	4	4.1162e-05	2.5901e-07	0.000007	4
GNL2	4	4.1899e-05	2.5901e-07	0.000007	4
DNAJC8	4	4.2142e-05	2.5901e-07	0.000007	4
XRCC6	4	4.2281e-05	2.5901e-07	0.000007	4
NCAPD3	4	4.2503e-05	2.5901e-07	0.000007	3
DDX5	4	4.3057e-05	2.5901e-07	0.000007	4
PCBP1	4	4.3223e-05	2.5901e-07	0.000007	4
DDX56	4	4.3805e-05	2.5901e-07	0.000007	4
CPSF4	4	4.4082e-05	2.5901e-07	0.000007	3
RANGAP1	4	4.4141e-05	2.5901e-07	0.000007	4
PSMB1	4	4.4507e-05	2.5901e-07	0.000007	4
PSMB3	4	4.4705e-05	2.5901e-07	0.000007	4
NAT10	4	4.4818e-05	2.5901e-07	0.000007	4
DHX15	4	4.5155e-05	2.5901e-07	0.000007	4
FAM96B	4	4.5374e-05	2.5901e-07	0.000007	4
SUPV3L1	4	4.5488e-05	2.5901e-07	0.000007	4
IARS	4	4.5543e-05	2.5901e-07	0.000007	4
ACTR2	4	4.5933e-05	2.5901e-07	0.000007	4
SNRPD2	4	4.5963e-05	2.5901e-07	0.000007	4
FBXW11	4	4.6311e-05	2.5901e-07	0.000007	4
ADAT3	4	4.6457e-05	2.5901e-07	0.000007	4
RBBP5	4	4.6954e-05	2.5901e-07	0.000007	4
EEF1A1	4	4.7072e-05	2.5901e-07	0.000007	4
LARS2	4	4.7160e-05	2.5901e-07	0.000007	4
TFIP11	4	4.7753e-05	2.5901e-07	0.000007	4
CRNKL1	4	4.7827e-05	2.5901e-07	0.000007	4
AARS	4	4.7834e-05	2.5901e-07	0.000007	4
EIF3B	4	4.7976e-05	2.5901e-07	0.000007	4
PRELID1	4	4.8642e-05	2.5901e-07	0.000007	4
MPDU1	4	4.8802e-05	2.5901e-07	0.000007	4
RPF2	4	4.8833e-05	2.5901e-07	0.000007	4
ACTR10	4	4.9049e-05	2.5901e-07	0.000007	4
IGBP1	4	4.9212e-05	2.5901e-07	0.000007	4
KIF18A	4	4.9609e-05	2.5901e-07	0.000007	4
WDR3	4	4.9623e-05	2.5901e-07	0.000007	4
BANP	3	4.9926e-05	2.5901e-07	0.000007	3
WDR74	4	5.0054e-05	2.5901e-07	0.000007	4
ARCN1	4	5.0284e-05	2.5901e-07	0.000007	4
MRPS12	4	5.0487e-05	2.5901e-07	0.000007	4
RPL18A	4	5.0564e-05	2.5901e-07	0.000007	4
PWP2	4	5.0985e-05	2.5901e-07	0.000007	4
NOP58	4	5.1286e-05	2.5901e-07	0.000007	4
DHRS7B	4	5.1298e-05	2.5901e-07	0.000007	4
ATP6V1A	4	5.2388e-05	2.5901e-07	0.000007	4
HCFC1	4	5.2982e-05	2.5901e-07	0.000007	4
LARS	4	5.3159e-05	2.5901e-07	0.000007	3
NCAPD2	4	5.3288e-05	2.5901e-07	0.000007	4
GTF3C4	4	5.3726e-05	2.5901e-07	0.000007	4
SS18L2	4	5.4374e-05	2.5901e-07	0.000007	4
DSCC1	4	5.4988e-05	2.5901e-07	0.000007	4
LAS1L	4	5.5170e-05	2.5901e-07	0.000007	4
NOP16	4	5.5962e-05	2.5901e-07	0.000007	4
C21orf59	4	5.6004e-05	2.5901e-07	0.000007	4
RPL17-C18orf32	4	5.6768e-05	2.5901e-07	0.000007	3
DUT	4	5.7039e-05	2.5901e-07	0.000007	3
RPL10	4	5.7888e-05	2.5901e-07	0.000007	4
RRM1	4	5.7888e-05	2.5901e-07	0.000007	4
CDC25B	4	5.7934e-05	2.5901e-07	0.000007	3
POT1	4	5.8220e-05	2.5901e-07	0.000007	4
OXSM	4	5.8403e-05	2.5901e-07	0.000007	4
HAUS8	4	5.8665e-05	2.5901e-07	0.000007	4
CTU2	4	5.8678e-05	2.5901e-07	0.000007	4
SMNDC1	4	5.9139e-05	2.5901e-07	0.000007	4
GOSR2	4	5.9432e-05	2.5901e-07	0.000007	4
METTL16	4	5.9695e-05	2.5901e-07	0.000007	3
TOP2A	4	5.9749e-05	2.5901e-07	0.000007	4
EIF3C	4	6.0154e-05	2.5901e-07	0.000007	4
NOP2	4	6.0314e-05	2.5901e-07	0.000007	4
EXT2	4	6.1312e-05	2.5901e-07	0.000007	4
GINS1	4	6.1384e-05	2.5901e-07	0.000007	4
PRPF4	4	6.1765e-05	2.5901e-07	0.000007	4
ABCE1	4	6.2142e-05	2.5901e-07	0.000007	4
NSL1	4	6.2305e-05	2.5901e-07	0.000007	4
PWP1	4	6.2721e-05	2.5901e-07	0.000007	4
GOLGA8O	4	6.4141e-05	2.5901e-07	0.000007	4
SKP1	4	6.4711e-05	2.5901e-07	0.000007	4
DBR1	4	6.4812e-05	2.5901e-07	0.000007	4
MBTPS1	4	6.4905e-05	2.5901e-07	0.000007	4
SREBF1	4	6.5469e-05	2.5901e-07	0.000007	4
COG3	4	6.6226e-05	2.5901e-07	0.000007	4
EIF3A	4	6.6643e-05	2.5901e-07	0.000007	3
RSL1D1	4	6.6645e-05	2.5901e-07	0.000007	4
POLD1	4	6.6793e-05	2.5901e-07	0.000007	4
LOC101060389	4	6.7259e-05	2.5901e-07	0.000007	4
CSTF3	4	6.7451e-05	2.5901e-07	0.000007	4
PSMG1	4	6.7895e-05	2.5901e-07	0.000007	4
SARS2	4	6.8186e-05	2.5901e-07	0.000007	4
NAA15	4	6.8693e-05	2.5901e-07	0.000007	4
ADAT2	4	6.8830e-05	2.5901e-07	0.000007	4
KANSL3	4	6.9006e-05	2.5901e-07	0.000007	4
NARS	4	6.9616e-05	2.5901e-07	0.000007	4
PPIH	4	7.1048e-05	2.5901e-07	0.000007	4
PSMD7	4	7.1611e-05	2.5901e-07	0.000007	4
UTP15	4	7.2726e-05	2.5901e-07	0.000007	4
SAP18	4	7.3380e-05	2.5901e-07	0.000007	4
C12orf45	4	7.3833e-05	2.5901e-07	0.000007	4
DCPS	4	7.3892e-05	2.5901e-07	0.000007	4
TICRR	4	7.4974e-05	2.5901e-07	0.000007	4
IPO13	4	7.5455e-05	2.5901e-07	0.000007	4
DHPS	4	7.5539e-05	2.5901e-07	0.000007	4
EPRS	4	7.5602e-05	2.5901e-07	0.000007	4
EEF2	4	7.7682e-05	2.5901e-07	0.000007	4
CENPK	4	7.7917e-05	2.5901e-07	0.000007	4
HAUS4	4	8.0350e-05	2.5901e-07	0.000007	4
ZPR1	4	8.0392e-05	2.5901e-07	0.000007	3
POP1	4	8.0732e-05	2.5901e-07	0.000007	4
PSMG4	4	8.1010e-05	2.5901e-07	0.000007	4
CENPN	4	8.2563e-05	2.5901e-07	0.000007	3
N6AMT1	4	8.4562e-05	2.5901e-07	0.000007	4
EXOSC4	4	8.5361e-05	2.5901e-07	0.000007	4
TTI1	4	8.6070e-05	2.5901e-07	0.000007	4
RPL9	4	8.6519e-05	2.5901e-07	0.000007	4
TMED2	4	8.7380e-05	2.5901e-07	0.000007	3
ANAPC4	4	9.1526e-05	2.5901e-07	0.000007	4
TTC27	4	9.3948e-05	2.5901e-07	0.000007	4
NUP88	4	9.4295e-05	2.5901e-07	0.000007	4
RPL13	4	9.4369e-05	2.5901e-07	0.000007	4
SMC3	4	9.4966e-05	2.5901e-07	0.000007	4
LYRM4	4	9.5264e-05	2.5901e-07	0.000007	4
DPM1	4	9.6268e-05	2.5901e-07	0.000007	4
NARFL	4	9.6318e-05	2.5901e-07	0.000007	4
SPCS1	4	9.7306e-05	2.5901e-07	0.000007	4
ATP6V1D	4	9.7532e-05	2.5901e-07	0.000007	4
NARS2	4	9.8041e-05	2.5901e-07	0.000007	4
TAF2	4	9.9246e-05	2.5901e-07	0.000007	4
PDCD2	4	9.9969e-05	2.5901e-07	0.000007	4
TFAM	4	1.0055e-04	2.5901e-07	0.000007	3
SBDS	4	1.0083e-04	2.5901e-07	0.000007	4
PGK1	4	1.0161e-04	2.5901e-07	0.000007	4
TRAPPC5	4	1.0161e-04	2.5901e-07	0.000007	4
NPM1	4	1.0161e-04	2.5901e-07	0.000007	4
PMVK	4	1.0267e-04	2.5901e-07	0.000007	4
POLR2B	4	1.0374e-04	2.5901e-07	0.000007	3
POLR2K	4	1.0394e-04	2.5901e-07	0.000007	4
PCID2	4	1.0401e-04	2.5901e-07	0.000007	4
CSNK1A1	4	1.0439e-04	2.5901e-07	0.000007	4
PRMT5	4	1.0441e-04	2.5901e-07	0.000007	3
KRR1	4	1.0455e-04	2.5901e-07	0.000007	4
BAP1	4	1.0576e-04	2.5901e-07	0.000007	4
CHEK1	4	1.0658e-04	2.5901e-07	0.000007	4
NAA10	4	1.0672e-04	2.5901e-07	0.000007	3
MOB4	4	1.0690e-04	2.5901e-07	0.000007	4
SPC24	4	1.0704e-04	2.5901e-07	0.000007	4
DNLZ	4	1.0727e-04	2.5901e-07	0.000007	4
RPS15	4	1.0783e-04	2.5901e-07	0.000007	4
RAB2A	4	1.0799e-04	2.5901e-07	0.000007	4
EXOSC9	4	1.0799e-04	2.5901e-07	0.000007	4
SYNCRIP	4	1.0918e-04	2.5901e-07	0.000007	4
RPP14	4	1.1017e-04	2.5901e-07	0.000007	4
TTC1	4	1.1056e-04	2.5901e-07	0.000007	3
GFM1	4	1.1200e-04	2.5901e-07	0.000007	4
FNTA	4	1.1498e-04	2.5901e-07	0.000007	4
TRAPPC8	4	1.1671e-04	2.5901e-07	0.000007	4
RPAP1	4	1.1698e-04	2.5901e-07	0.000007	4
RPLP2	4	1.2022e-04	2.5901e-07	0.000007	4
ATR	4	1.2067e-04	2.5901e-07	0.000007	4
RNASEH2A	4	1.2088e-04	2.5901e-07	0.000007	4
TERF2	4	1.2126e-04	2.5901e-07	0.000007	3
TBL3	4	1.2156e-04	2.5901e-07	0.000007	4
CIRH1A	4	1.2177e-04	2.5901e-07	0.000007	3
DAD1	4	1.2316e-04	2.5901e-07	0.000007	4
ESF1	4	1.2380e-04	2.5901e-07	0.000007	4
TFDP1	4	1.2529e-04	2.5901e-07	0.000007	4
RAN	4	1.2535e-04	2.5901e-07	0.000007	4
GTF2A2	4	1.2715e-04	2.5901e-07	0.000007	4
RCC1	4	1.2724e-04	2.5901e-07	0.000007	4
C15orf41	4	1.2783e-04	2.5901e-07	0.000007	4
CHD4	4	1.2823e-04	2.5901e-07	0.000007	4
MED11	4	1.2947e-04	2.5901e-07	0.000007	4
EIF3H	4	1.2977e-04	2.5901e-07	0.000007	4
HBS1L	4	1.3110e-04	2.5901e-07	0.000007	4
TIPARP	4	1.3134e-04	2.5901e-07	0.000007	4
INTS9	4	1.3149e-04	2.5901e-07	0.000007	3
NUDT21	4	1.3157e-04	2.5901e-07	0.000007	4
ECT2	4	1.3165e-04	2.5901e-07	0.000007	3
STRAP	4	1.3446e-04	2.5901e-07	0.000007	4
SNF8	4	1.3770e-04	2.5901e-07	0.000007	4
EXOSC7	4	1.3792e-04	2.5901e-07	0.000007	4
RPA1	4	1.3795e-04	2.5901e-07	0.000007	4
ZBTB8OS	4	1.3908e-04	2.5901e-07	0.000007	3
NAPA	4	1.4228e-04	2.5901e-07	0.000007	4
AP2S1	4	1.4344e-04	2.5901e-07	0.000007	4
ISY1-RAB43	4	1.4357e-04	2.5901e-07	0.000007	4
MRPL3	4	1.4442e-04	2.5901e-07	0.000007	4
DNAJC17	4	1.4494e-04	2.5901e-07	0.000007	4
SLC33A1	4	1.4933e-04	2.5901e-07	0.000007	4
SF3B3	4	1.4959e-04	2.5901e-07	0.000007	4
VPRBP	4	1.5104e-04	2.5901e-07	0.000007	4
RIMBP3B	4	1.5126e-04	2.5901e-07	0.000007	4
NUF2	4	1.5155e-04	2.5901e-07	0.000007	4
RUVBL2	4	1.5191e-04	2.5901e-07	0.000007	3
AQR	4	1.5268e-04	2.5901e-07	0.000007	4
HEATR1	4	1.5268e-04	2.5901e-07	0.000007	4
URI1	4	1.5468e-04	2.5901e-07	0.000007	4
VPS52	4	1.5519e-04	2.5901e-07	0.000007	4
PRPF38A	4	1.5591e-04	2.5901e-07	0.000007	4
SRP14	4	1.5626e-04	2.5901e-07	0.000007	4
ATP5A1	4	1.5685e-04	2.5901e-07	0.000007	4
BUD31	4	1.5758e-04	2.5901e-07	0.000007	4
ACLY	4	1.5767e-04	2.5901e-07	0.000007	4
MZT1	4	1.5867e-04	2.5901e-07	0.000007	4
SSU72	4	1.5962e-04	2.5901e-07	0.000007	4
COPS6	4	1.5966e-04	2.5901e-07	0.000007	4
DYNC1H1	4	1.6069e-04	2.5901e-07	0.000007	3
DDX23	4	1.6132e-04	2.5901e-07	0.000007	4
RPS4X	4	1.6192e-04	2.5901e-07	0.000007	4
PEX11B	3	1.6270e-04	2.5901e-07	0.000007	3
MSTO1	4	1.6412e-04	2.5901e-07	0.000007	3
NBPF15	4	1.6620e-04	2.5901e-07	0.000007	4
HINFP	4	1.6640e-04	2.5901e-07	0.000007	4
PSMD13	4	1.6722e-04	2.5901e-07	0.000007	4
RPP25L	4	1.6802e-04	2.5901e-07	0.000007	4
NCAPG2	4	1.6971e-04	2.5901e-07	0.000007	4
ERCC3	4	1.7426e-04	2.5901e-07	0.000007	4
HMGCR	4	1.7548e-04	2.5901e-07	0.000007	4
RPL18	4	1.7603e-04	2.5901e-07	0.000007	4
VPS25	4	1.7630e-04	2.5901e-07	0.000007	4
FAU	4	1.7773e-04	2.5901e-07	0.000007	4
PGAM4	4	1.7946e-04	2.5901e-07	0.000007	4
IPO5	4	1.7954e-04	2.5901e-07	0.000007	4
ANAPC5	4	1.8196e-04	2.5901e-07	0.000007	4
RPS9	4	1.8217e-04	2.5901e-07	0.000007	4
NUP93	4	1.8266e-04	2.5901e-07	0.000007	4
EIF3D	4	1.8295e-04	2.5901e-07	0.000007	4
RPS5	4	1.8331e-04	2.5901e-07	0.000007	4
MBD3L5	4	1.8335e-04	2.5901e-07	0.000007	4
HUWE1	4	1.8408e-04	2.5901e-07	0.000007	4
HARS2	4	1.8449e-04	2.5901e-07	0.000007	4
RRM2	4	1.8471e-04	2.5901e-07	0.000007	3
GBF1	4	1.8499e-04	2.5901e-07	0.000007	4
ATP6V0B	4	1.8619e-04	2.5901e-07	0.000007	3
POP7	4	1.8721e-04	2.5901e-07	0.000007	4
RPL10A	4	1.9006e-04	2.5901e-07	0.000007	4
DCTN4	4	1.9066e-04	2.5901e-07	0.000007	4
CCT3	4	1.9249e-04	2.5901e-07	0.000007	4
EIF3I	4	1.9298e-04	2.5901e-07	0.000007	4
TARDBP	4	1.9300e-04	2.5901e-07	0.000007	4
MRPS16	4	1.9650e-04	2.5901e-07	0.000007	4
SMC1A	4	1.9883e-04	2.5901e-07	0.000007	4
RNASEK	4	1.9898e-04	2.5901e-07	0.000007	4
SKA2	4	1.9900e-04	2.5901e-07	0.000007	4
LSM5	4	2.0024e-04	2.5901e-07	0.000007	4
ELAC2	4	2.0048e-04	2.5901e-07	0.000007	4
TRAPPC1	4	2.0180e-04	2.5901e-07	0.000007	4
NAA25	4	2.0259e-04	2.5901e-07	0.000007	4
RPL5	4	2.0357e-04	2.5901e-07	0.000007	4
WDR5	4	2.0364e-04	2.5901e-07	0.000007	4
COPS3	4	2.0757e-04	2.5901e-07	0.000007	4
CCT2	4	2.0799e-04	2.5901e-07	0.000007	4
TARS2	4	2.0854e-04	2.5901e-07	0.000007	4
POLR2J3	4	2.0881e-04	2.5901e-07	0.000007	4
SRSF3	4	2.1120e-04	2.5901e-07	0.000007	4
SCFD1	4	2.1120e-04	2.5901e-07	0.000007	4
PES1	4	2.1344e-04	2.5901e-07	0.000007	4
RGPD2	4	2.1378e-04	2.5901e-07	0.000007	3
ANKLE2	4	2.1385e-04	2.5901e-07	0.000007	4
MED4	4	2.1500e-04	2.5901e-07	0.000007	4
DERL2	4	2.1523e-04	2.5901e-07	0.000007	4
NELFB	4	2.1740e-04	2.5901e-07	0.000007	4
VPS28	4	2.1802e-04	2.5901e-07	0.000007	4
FDX1L	4	2.2232e-04	2.5901e-07	0.000007	4
CCT5	4	2.2273e-04	2.5901e-07	0.000007	4
DDX20	4	2.2365e-04	2.5901e-07	0.000007	4
BRF2	4	2.2596e-04	2.5901e-07	0.000007	4
CHCHD4	4	2.2625e-04	2.5901e-07	0.000007	4
WDR75	4	2.2855e-04	2.5901e-07	0.000007	4
MRPS18A	4	2.2904e-04	2.5901e-07	0.000007	4
ATP6V1C1	4	2.2927e-04	2.5901e-07	0.000007	4
PISD	4	2.3245e-04	2.5901e-07	0.000007	4
DDX55	4	2.3281e-04	2.5901e-07	0.000007	4
DUX4	4	2.3303e-04	2.5901e-07	0.000007	4
HARS	4	2.3429e-04	2.5901e-07	0.000007	4
CTDNEP1	4	2.3497e-04	2.5901e-07	0.000007	4
ANAPC1	4	2.3521e-04	2.5901e-07	0.000007	3
POLG	4	2.3704e-04	2.5901e-07	0.000007	4
NR2C2AP	4	2.3808e-04	2.5901e-07	0.000007	4
CHERP	4	2.4022e-04	2.5901e-07	0.000007	4
NOC2L	4	2.4124e-04	2.5901e-07	0.000007	4
NCAPG	4	2.4171e-04	2.5901e-07	0.000007	4
PGGT1B	4	2.4312e-04	2.5901e-07	0.000007	4
RPL30	4	2.4323e-04	2.5901e-07	0.000007	4
NCAPH2	4	2.4359e-04	2.5901e-07	0.000007	3
ELAVL1	4	2.4724e-04	2.5901e-07	0.000007	4
CHMP4B	4	2.5327e-04	2.5901e-07	0.000007	4
HDAC3	4	2.5459e-04	2.5901e-07	0.000007	4
DYNLRB1	4	2.5462e-04	2.5901e-07	0.000007	4
SSRP1	4	2.5528e-04	2.5901e-07	0.000007	3
RFWD2	4	2.5541e-04	2.5901e-07	0.000007	4
LSM4	4	2.5629e-04	2.5901e-07	0.000007	4
RAD9A	4	2.5661e-04	2.5901e-07	0.000007	4
MTF1	4	2.5798e-04	2.5901e-07	0.000007	4
RPL13A	4	2.5898e-04	2.5901e-07	0.000007	4
UXT	4	2.6469e-04	2.5901e-07	0.000007	4
DDX41	4	2.6696e-04	2.5901e-07	0.000007	3
DHX33	4	2.6999e-04	2.5901e-07	0.000007	4
CMTR1	4	2.7125e-04	2.5901e-07	0.000007	4
BANF1	4	2.8153e-04	2.5901e-07	0.000007	3
TIMM10	4	2.8299e-04	2.5901e-07	0.000007	4
CERS2	4	2.8481e-04	2.5901e-07	0.000007	4
RRP12	4	2.8612e-04	2.5901e-07	0.000007	3
NOL10	4	2.8678e-04	2.5901e-07	0.000007	4
CDC45	4	2.8981e-04	2.5901e-07	0.000007	3
SLC35A2	4	2.9033e-04	2.5901e-07	0.000007	4
NCBP2	4	2.9113e-04	2.5901e-07	0.000007	3
THOC3	4	2.9299e-04	2.5901e-07	0.000007	4
INCENP	4	2.9445e-04	2.5901e-07	0.000007	4
NBPF20	4	2.9649e-04	2.5901e-07	0.000007	4
MCM6	4	2.9673e-04	2.5901e-07	0.000007	4
RPL4	4	2.9761e-04	2.5901e-07	0.000007	4
PARS2	4	2.9878e-04	2.5901e-07	0.000007	4
MED8	4	3.0079e-04	2.5901e-07	0.000007	4
F8A3	4	3.0915e-04	2.5901e-07	0.000007	4
CEBPZ	4	3.1007e-04	2.5901e-07	0.000007	4
PSMB2	4	3.1479e-04	2.5901e-07	0.000007	4
PDRG1	4	3.1507e-04	2.5901e-07	0.000007	4
KAT8	4	3.1759e-04	2.5901e-07	0.000007	4
RBMX	4	3.1819e-04	2.5901e-07	0.000007	4
EEF1G	4	3.1900e-04	2.5901e-07	0.000007	3
BLM	4	3.2215e-04	2.5901e-07	0.000007	4
RPL34	4	3.2466e-04	2.5901e-07	0.000007	3
HSPE1	4	3.2494e-04	2.5901e-07	0.000007	4
ALG2	4	3.2809e-04	2.5901e-07	0.000007	4
PSMA7	4	3.3128e-04	2.5901e-07	0.000007	4
PDCL	4	3.3376e-04	2.5901e-07	0.000007	4
LAMTOR2	4	3.3620e-04	2.5901e-07	0.000007	4
AURKB	4	3.4087e-04	2.5901e-07	0.000007	4
EIF2B5	4	3.4137e-04	2.5901e-07	0.000007	4
GRPEL1	4	3.4234e-04	2.5901e-07	0.000007	4
ILF2	4	3.4608e-04	2.5901e-07	0.000007	4
C19orf25	4	3.4641e-04	2.5901e-07	0.000007	4
RTEL1	4	3.4687e-04	2.5901e-07	0.000007	4
BCL2L2-PABPN1	4	3.4753e-04	2.5901e-07	0.000007	3
CDC73	4	3.4779e-04	2.5901e-07	0.000007	4
NSF	4	3.4898e-04	2.5901e-07	0.000007	4
DYNLL1	4	3.4991e-04	2.5901e-07	0.000007	4
MRPL43	4	3.5021e-04	2.5901e-07	0.000007	3
METAP2	4	3.5604e-04	2.5901e-07	0.000007	4
EFTUD1	4	3.5927e-04	2.5901e-07	0.000007	4
NELFA	4	3.5961e-04	2.5901e-07	0.000007	4
AGAP11	4	3.6049e-04	2.5901e-07	0.000007	4
GLTSCR2	4	3.6341e-04	2.5901e-07	0.000007	4
SEC63	4	3.6451e-04	2.5901e-07	0.000007	4
DNAJC9	4	3.6956e-04	2.5901e-07	0.000007	4
TOP3A	4	3.7486e-04	2.5901e-07	0.000007	4
MIS18A	4	3.7724e-04	2.5901e-07	0.000007	4
CDC37	4	3.7942e-04	2.5901e-07	0.000007	4
ASCC3	4	3.8147e-04	2.5901e-07	0.000007	4
DPH2	4	3.8408e-04	2.5901e-07	0.000007	4
HAUS6	4	3.8851e-04	2.5901e-07	0.000007	4
POLR3C	3	3.9264e-04	2.5901e-07	0.000007	3
C3orf17	4	3.9456e-04	2.5901e-07	0.000007	4
PFDN5	4	3.9574e-04	2.5901e-07	0.000007	4
MCMBP	4	3.9674e-04	2.5901e-07	0.000007	4
COPS5	4	3.9785e-04	2.5901e-07	0.000007	3
PGS1	4	3.9849e-04	2.5901e-07	0.000007	4
TAF1B	4	3.9862e-04	2.5901e-07	0.000007	3
TMSB15A	4	4.0319e-04	2.5901e-07	0.000007	4
RBM22	4	4.0472e-04	2.5901e-07	0.000007	4
PSTK	4	4.0525e-04	2.5901e-07	0.000007	4
UTP23	4	4.0540e-04	2.5901e-07	0.000007	4
CCT8	4	4.0736e-04	2.5901e-07	0.000007	3
LETM1	4	4.0807e-04	2.5901e-07	0.000007	4
PSMG2	4	4.0902e-04	2.5901e-07	0.000007	3
MTOR	4	4.0948e-04	2.5901e-07	0.000007	4
FAM98B	4	4.1401e-04	2.5901e-07	0.000007	4
BRF1	4	4.1540e-04	2.5901e-07	0.000007	4
ORC6	4	4.1938e-04	2.5901e-07	0.000007	3
SMU1	4	4.2055e-04	2.5901e-07	0.000007	4
DPH5	4	4.2345e-04	2.5901e-07	0.000007	4
MVK	4	4.2787e-04	2.5901e-07	0.000007	4
RRP9	4	4.3301e-04	2.5901e-07	0.000007	4
HACD2	4	4.3332e-04	2.5901e-07	0.000007	4
DPY30	4	4.3363e-04	2.5901e-07	0.000007	4
POLR2J	4	4.3681e-04	2.5901e-07	0.000007	4
SMN2	4	4.3802e-04	2.5901e-07	0.000007	3
CRCP	4	4.4299e-04	2.5901e-07	0.000007	4
WDR92	4	4.4383e-04	2.5901e-07	0.000007	4
ATP6V1G1	4	4.4587e-04	2.5901e-07	0.000007	4
TOX4	4	4.4669e-04	2.5901e-07	0.000007	4
ZNHIT2	4	4.4692e-04	2.5901e-07	0.000007	4
ALG6	4	4.4727e-04	2.5901e-07	0.000007	4
RPL32	4	4.4765e-04	2.5901e-07	0.000007	4
EIF3M	4	4.4988e-04	2.5901e-07	0.000007	4
RPL3	4	4.5277e-04	2.5901e-07	0.000007	4
RHEB	4	4.5719e-04	2.5901e-07	0.000007	4
POP4	4	4.5862e-04	2.5901e-07	0.000007	3
UTP3	4	4.6013e-04	2.5901e-07	0.000007	4
RPSA	4	4.6077e-04	2.5901e-07	0.000007	4
GRB2	4	4.6149e-04	2.5901e-07	0.000007	3
LSM12	4	4.6429e-04	2.5901e-07	0.000007	4
RPF1	4	4.6581e-04	2.5901e-07	0.000007	4
TNPO3	4	4.7113e-04	2.5901e-07	0.000007	4
RPL38	4	4.7250e-04	2.5901e-07	0.000007	3
TBCD	4	4.7819e-04	2.5901e-07	0.000007	4
POLR2F	4	4.8114e-04	2.5901e-07	0.000007	3
DNA2	4	4.8760e-04	7.7704e-07	0.000018	2
HNRNPK	4	4.9304e-04	7.7704e-07	0.000018	4
SF3A1	4	4.9363e-04	7.7704e-07	0.000018	4
ASNS	4	4.9642e-04	7.7704e-07	0.000018	4
PPP6C	4	4.9664e-04	7.7704e-07	0.000018	4
OPA1	4	4.9689e-04	7.7704e-07	0.000018	4
CDC16	4	4.9758e-04	7.7704e-07	0.000018	4
POLR3F	4	4.9869e-04	7.7704e-07	0.000018	4
WDR82	4	4.9873e-04	7.7704e-07	0.000018	4
NSMCE1	4	4.9914e-04	7.7704e-07	0.000018	4
MRPL57	4	5.0096e-04	7.7704e-07	0.000018	4
ATP2C1	4	5.0122e-04	7.7704e-07	0.000018	4
RPL7L1	4	5.0323e-04	7.7704e-07	0.000018	3
FARS2	4	5.0609e-04	7.7704e-07	0.000018	4
FCF1	4	5.0742e-04	7.7704e-07	0.000018	4
GEMIN8	4	5.0907e-04	7.7704e-07	0.000018	4
RPS2	4	5.1808e-04	7.7704e-07	0.000018	4
DHDDS	4	5.2130e-04	7.7704e-07	0.000018	3
VPS13D	4	5.2598e-04	7.7704e-07	0.000018	3
DARS	4	5.2667e-04	7.7704e-07	0.000018	4
TUBGCP2	4	5.2938e-04	7.7704e-07	0.000018	4
UTP20	4	5.2998e-04	7.7704e-07	0.000018	3
POLR1C	4	5.3069e-04	7.7704e-07	0.000018	4
CTR9	4	5.3227e-04	7.7704e-07	0.000018	4
CWC22	4	5.3555e-04	7.7704e-07	0.000018	4
ATP2A2	4	5.3661e-04	7.7704e-07	0.000018	3
CTU1	4	5.3880e-04	7.7704e-07	0.000018	4
PPP1R7	4	5.4067e-04	7.7704e-07	0.000018	4
IKBKAP	4	5.4596e-04	7.7704e-07	0.000018	4
TBCB	4	5.4658e-04	7.7704e-07	0.000018	4
DNAJC24	4	5.5384e-04	7.7704e-07	0.000018	4
PFN1	4	5.5627e-04	7.7704e-07	0.000018	4
UBR4	4	5.5789e-04	7.7704e-07	0.000018	4
BNIP1	4	5.6197e-04	7.7704e-07	0.000018	3
NBPF9	4	5.7261e-04	7.7704e-07	0.000018	2
ARIH1	4	5.7494e-04	7.7704e-07	0.000018	3
OSBP	4	5.7556e-04	7.7704e-07	0.000018	3
USO1	4	5.7681e-04	7.7704e-07	0.000018	3
C9orf114	4	5.7681e-04	7.7704e-07	0.000018	4
RPRD1B	4	5.8513e-04	7.7704e-07	0.000018	4
ALG1	4	5.8558e-04	7.7704e-07	0.000018	4
KRT18	4	5.8810e-04	7.7704e-07	0.000018	3
UFSP2	4	5.8979e-04	7.7704e-07	0.000018	4
CHTF8	4	5.9148e-04	7.7704e-07	0.000018	3
TUBG1	4	5.9571e-04	7.7704e-07	0.000018	3
BRD2	4	5.9741e-04	7.7704e-07	0.000018	4
PKM	4	6.0446e-04	7.7704e-07	0.000018	4
RARS	4	6.0466e-04	7.7704e-07	0.000018	4
SMC6	4	6.0603e-04	7.7704e-07	0.000018	4
CHMP2B	4	6.1380e-04	7.7704e-07	0.000018	4
VHL	4	6.1958e-04	7.7704e-07	0.000018	3
TGS1	4	6.2080e-04	7.7704e-07	0.000018	4
SNRPA1	4	6.2161e-04	7.7704e-07	0.000018	4
ESPL1	4	6.2855e-04	7.7704e-07	0.000018	3
SNRPB	4	6.3164e-04	7.7704e-07	0.000018	4
SEC14L1	4	6.3290e-04	7.7704e-07	0.000018	4
MAT2A	4	6.3621e-04	7.7704e-07	0.000018	4
GOLGA8N	4	6.3725e-04	7.7704e-07	0.000018	4
PPIAL4C	4	6.3739e-04	7.7704e-07	0.000018	3
ING3	3	6.5564e-04	2.5901e-07	0.000007	2
TOMM22	4	6.6137e-04	7.7704e-07	0.000018	4
PLK1	4	6.6434e-04	7.7704e-07	0.000018	4
KDM2A	4	6.6974e-04	7.7704e-07	0.000018	4
ETF1	4	6.7770e-04	7.7704e-07	0.000018	4
EIF2B1	4	6.8559e-04	7.7704e-07	0.000018	3
HIF1AN	4	6.8652e-04	7.7704e-07	0.000018	4
RTFDC1	4	6.8914e-04	7.7704e-07	0.000018	4
AATF	4	6.9521e-04	7.7704e-07	0.000018	4
POLR1E	4	6.9565e-04	7.7704e-07	0.000018	4
PPAN-P2RY11	4	6.9897e-04	7.7704e-07	0.000018	4
ATP5G1	4	7.0055e-04	7.7704e-07	0.000018	4
RNMT	4	7.0110e-04	7.7704e-07	0.000018	3
NUP155	4	7.1773e-04	7.7704e-07	0.000018	3
SEPSECS	4	7.1879e-04	7.7704e-07	0.000018	4
TUBGCP3	4	7.2206e-04	7.7704e-07	0.000018	3
GEMIN2	4	7.2592e-04	7.7704e-07	0.000018	3
IPO7	4	7.2770e-04	7.7704e-07	0.000018	4
SART3	4	7.2882e-04	7.7704e-07	0.000018	3
HSPE1-MOB4	4	7.3052e-04	7.7704e-07	0.000018	4
DBF4	4	7.3195e-04	7.7704e-07	0.000018	4
MIS18BP1	4	7.4051e-04	7.7704e-07	0.000018	4
TRAPPC12	4	7.4319e-04	7.7704e-07	0.000018	4
EIF3J	4	7.4716e-04	7.7704e-07	0.000018	4
MRPL33	4	7.5073e-04	7.7704e-07	0.000018	4
CHD1	4	7.5139e-04	7.7704e-07	0.000018	4
TXN	4	7.5878e-04	1.2951e-06	0.000028	4
POLR1D	4	7.5978e-04	1.2951e-06	0.000028	3
ARF4	4	7.6077e-04	1.2951e-06	0.000028	4
NSA2	4	7.6277e-04	1.2951e-06	0.000028	4
XRN2	4	7.6327e-04	1.2951e-06	0.000028	4
PSMD6	4	7.6368e-04	1.2951e-06	0.000028	4
TM9SF3	4	7.8459e-04	1.2951e-06	0.000028	4
CEPT1	4	7.9019e-04	1.2951e-06	0.000028	4
COPS2	4	7.9568e-04	1.2951e-06	0.000028	4
EIF5A	3	7.9935e-04	2.5901e-07	0.000007	3
MED21	4	7.9980e-04	1.2951e-06	0.000028	3
SRFBP1	4	8.0074e-04	1.2951e-06	0.000028	4
MORF4L2	4	8.0186e-04	1.2951e-06	0.000028	4
LOC101929983	4	8.0249e-04	1.2951e-06	0.000028	3
SRSF7	4	8.0703e-04	1.2951e-06	0.000028	4
SRF	4	8.0916e-04	1.2951e-06	0.000028	4
FARSB	4	8.1535e-04	1.2951e-06	0.000028	4
YEATS4	4	8.2005e-04	1.2951e-06	0.000028	4
LSM6	4	8.2425e-04	1.2951e-06	0.000028	4
PLK4	4	8.2884e-04	1.2951e-06	0.000028	4
TRIM37	4	8.3188e-04	1.2951e-06	0.000028	4
ERH	4	8.3226e-04	1.2951e-06	0.000028	4
LDAH	4	8.4117e-04	1.2951e-06	0.000028	4
ABCF1	4	8.4117e-04	1.2951e-06	0.000028	4
KRI1	4	8.4630e-04	1.2951e-06	0.000028	4
POTEF	4	8.4733e-04	1.2951e-06	0.000028	4
ISG20L2	4	8.5171e-04	1.2951e-06	0.000028	4
RABGGTA	4	8.5378e-04	1.2951e-06	0.000028	4
RICTOR	3	8.6514e-04	2.5901e-07	0.000007	3
MMS22L	4	8.7188e-04	1.2951e-06	0.000028	3
PSMA2	4	8.7297e-04	1.2951e-06	0.000028	3
DPAGT1	4	8.7516e-04	1.2951e-06	0.000028	4
SRSF6	4	8.8193e-04	1.2951e-06	0.000028	4
QARS	4	8.8658e-04	1.2951e-06	0.000028	4
RGPD1	4	8.8834e-04	1.2951e-06	0.000028	4
RAD51B	4	8.9164e-04	1.2951e-06	0.000028	4
PPP1R35	4	8.9365e-04	1.2951e-06	0.000028	4
RNF20	4	8.9664e-04	1.2951e-06	0.000028	3
AUP1	4	8.9727e-04	1.2951e-06	0.000028	4
LHFPL3	4	9.0022e-04	1.2951e-06	0.000028	4
RPLP1	4	9.1734e-04	1.2951e-06	0.000028	4
DDX52	4	9.1903e-04	1.2951e-06	0.000028	4
SIVA1	4	9.2085e-04	1.2951e-06	0.000028	4
C3orf38	4	9.3036e-04	1.8131e-06	0.000038	3
IFITM1	4	9.3047e-04	1.8131e-06	0.000038	4
LRR1	4	9.3517e-04	1.8131e-06	0.000038	4
WDHD1	4	9.3835e-04	1.8131e-06	0.000038	4
LARP1	4	9.4072e-04	1.8131e-06	0.000038	4
SF3B6	4	9.4351e-04	1.8131e-06	0.000038	4
RPP38	4	9.4408e-04	1.8131e-06	0.000038	3
URB2	4	9.4638e-04	1.8131e-06	0.000038	4
THOC2	4	9.5156e-04	1.8131e-06	0.000038	4
INSIG1	4	9.5162e-04	1.8131e-06	0.000038	4
CLK1	4	9.5513e-04	1.8131e-06	0.000038	4
SAMM50	4	9.5950e-04	1.8131e-06	0.000038	4
CYB5B	4	9.5967e-04	1.8131e-06	0.000038	4
SNRNP200	4	9.6461e-04	1.8131e-06	0.000038	4
C1orf109	4	9.7308e-04	1.8131e-06	0.000038	4
PPP1R11	4	9.7366e-04	1.8131e-06	0.000038	4
PSMA1	4	9.7484e-04	1.8131e-06	0.000038	3
ELP5	4	9.7582e-04	1.8131e-06	0.000038	3
CRLS1	4	9.8258e-04	1.8131e-06	0.000038	4
CCDC74B	4	9.8488e-04	1.8131e-06	0.000038	4
GINS3	4	9.8720e-04	1.8131e-06	0.000038	4
TOMM70A	4	9.8839e-04	1.8131e-06	0.000038	4
FAM122A	4	9.8920e-04	1.8131e-06	0.000038	4
C1orf27	4	9.9253e-04	1.8131e-06	0.000038	4
CSNK2B	4	1.0033e-03	2.3311e-06	0.000049	3
GMPS	4	1.0050e-03	2.3311e-06	0.000049	4
POLR3E	4	1.0105e-03	2.3311e-06	0.000049	4
NVL	4	1.0122e-03	2.3311e-06	0.000049	4
INTS3	4	1.0143e-03	2.3311e-06	0.000049	3
ZNHIT3	4	1.0158e-03	2.3311e-06	0.000049	4
DHX37	4	1.0219e-03	2.3311e-06	0.000049	4
YTHDC1	4	1.0283e-03	2.3311e-06	0.000049	4
ORC3	4	1.0304e-03	2.3311e-06	0.000049	4
ACTR3	4	1.0383e-03	2.8491e-06	0.000059	4
SLU7	4	1.0425e-03	2.8491e-06	0.000059	4
ANKRD49	4	1.0426e-03	2.8491e-06	0.000059	4
SOD1	4	1.0454e-03	2.8491e-06	0.000059	4
SETD1A	4	1.0481e-03	2.8491e-06	0.000059	4
NFE2L1	4	1.0489e-03	2.8491e-06	0.000059	4
NUBP2	4	1.0537e-03	2.8491e-06	0.000059	4
SRSF2	4	1.0580e-03	2.8491e-06	0.000059	3
ZNF720	4	1.0613e-03	2.8491e-06	0.000059	2
HYOU1	4	1.0653e-03	2.8491e-06	0.000059	4
CINP	4	1.0761e-03	2.8491e-06	0.000059	4
PTTG1	4	1.0766e-03	2.8491e-06	0.000059	4
NOC3L	4	1.0775e-03	2.8491e-06	0.000059	4
NOB1	4	1.0776e-03	2.8491e-06	0.000059	3
SURF4	4	1.0795e-03	3.3672e-06	0.000069	4
HYPK	4	1.0859e-03	3.3672e-06	0.000069	4
GTF3C3	4	1.0905e-03	3.3672e-06	0.000069	4
TEAD1	4	1.0940e-03	3.3672e-06	0.000069	4
ATP5C1	4	1.0957e-03	3.3672e-06	0.000069	4
PMPCA	4	1.0962e-03	3.3672e-06	0.000069	4
GABPA	4	1.1080e-03	3.3672e-06	0.000069	4
FTSJ3	4	1.1130e-03	3.3672e-06	0.000069	4
UFC1	4	1.1159e-03	3.3672e-06	0.000069	4
CPSF3L	4	1.1205e-03	3.3672e-06	0.000069	4
PSMC3	4	1.1223e-03	3.3672e-06	0.000069	4
SPATA5	4	1.1246e-03	3.8852e-06	0.000079	4
TAF7	4	1.1335e-03	3.8852e-06	0.000079	3
SUPT6H	4	1.1347e-03	3.8852e-06	0.000079	4
METTL3	4	1.1411e-03	4.4032e-06	0.000088	4
ANKRD45	4	1.1434e-03	4.4032e-06	0.000088	4
SPDYE2	4	1.1496e-03	4.4032e-06	0.000088	3
CTC1	4	1.1502e-03	4.4032e-06	0.000088	4
TMEM161B	4	1.1641e-03	4.4032e-06	0.000088	4
EMG1	4	1.1694e-03	4.4032e-06	0.000088	4
LSM10	4	1.1713e-03	4.4032e-06	0.000088	3
PRKAR1A	4	1.1751e-03	4.4032e-06	0.000088	4
DET1	4	1.1759e-03	4.4032e-06	0.000088	4
MCM2	4	1.1825e-03	4.4032e-06	0.000088	4
FXN	4	1.1958e-03	4.4032e-06	0.000088	4
PARL	4	1.1993e-03	4.4032e-06	0.000088	4
ARPC2	4	1.2028e-03	4.4032e-06	0.000088	4
POLD3	4	1.2145e-03	4.9212e-06	0.000097	3
PRSS53	4	1.2165e-03	4.9212e-06	0.000097	1
DDRGK1	4	1.2226e-03	4.9212e-06	0.000097	4
DCTN3	4	1.2260e-03	4.9212e-06	0.000097	4
UBE2G2	4	1.2263e-03	4.9212e-06	0.000097	3
NCOA4	4	1.2277e-03	4.9212e-06	0.000097	4
SBNO1	4	1.2318e-03	4.9212e-06	0.000097	3
HTRA2	4	1.2321e-03	4.9212e-06	0.000097	4
TELO2	4	1.2325e-03	4.9212e-06	0.000097	4
DGCR8	4	1.2352e-03	4.9212e-06	0.000097	4
HNRNPL	4	1.2489e-03	4.9212e-06	0.000097	4
TSR2	4	1.2552e-03	4.9212e-06	0.000097	4
ARHGEF35	4	1.2554e-03	4.9212e-06	0.000097	4
PRIM2	4	1.2576e-03	4.9212e-06	0.000097	4
MRPL15	4	1.2656e-03	5.4393e-06	0.000107	4
CCNB1	4	1.2684e-03	5.4393e-06	0.000107	4
KDSR	4	1.2819e-03	5.9573e-06	0.000117	4
SPATA31A3	4	1.2926e-03	5.9573e-06	0.000117	4
PPAT	4	1.3070e-03	5.9573e-06	0.000117	4
TWISTNB	4	1.3085e-03	5.9573e-06	0.000117	4
CENPM	4	1.3107e-03	5.9573e-06	0.000117	4
RERE	4	1.3199e-03	6.4753e-06	0.000126	3
RRP15	4	1.3270e-03	6.4753e-06	0.000126	4
SPRYD7	4	1.3289e-03	6.4753e-06	0.000126	4
CDC20	4	1.3350e-03	6.4753e-06	0.000126	4
RAD51C	4	1.3357e-03	6.4753e-06	0.000126	4
RPN1	4	1.3499e-03	6.4753e-06	0.000126	4
GINS4	4	1.3503e-03	6.4753e-06	0.000126	3
CDC123	4	1.3532e-03	6.4753e-06	0.000126	4
MAD2L2	4	1.3636e-03	6.9933e-06	0.000136	3
DROSHA	4	1.3749e-03	6.9933e-06	0.000136	4
SARS	4	1.3757e-03	6.9933e-06	0.000136	3
PCBP2	4	1.3831e-03	7.5113e-06	0.000144	4
KIF20B	4	1.3864e-03	7.5113e-06	0.000144	4
TPT1	4	1.3952e-03	7.5113e-06	0.000144	4
SEL1L	4	1.4039e-03	7.5113e-06	0.000144	4
STT3B	4	1.4092e-03	7.5113e-06	0.000144	4
CUL1	4	1.4141e-03	7.5113e-06	0.000144	4
TAF6	4	1.4145e-03	7.5113e-06	0.000144	4
ALG12	4	1.4232e-03	7.5113e-06	0.000144	4
PSMC4	4	1.4234e-03	7.5113e-06	0.000144	2
HNRNPR	4	1.4262e-03	8.0294e-06	0.000154	4
SUMO2	4	1.4289e-03	8.0294e-06	0.000154	3
RPL14	3	1.4421e-03	2.3311e-06	0.000049	3
RPS16	4	1.4432e-03	8.5474e-06	0.000162	3
SNRNP25	4	1.4497e-03	8.5474e-06	0.000162	3
POTEM	4	1.4527e-03	8.5474e-06	0.000162	4
NDOR1	4	1.4543e-03	8.5474e-06	0.000162	3
EGLN1	4	1.4569e-03	8.5474e-06	0.000162	4
SAE1	4	1.4598e-03	8.5474e-06	0.000162	4
RAD1	4	1.4634e-03	8.5474e-06	0.000162	4
FNTB	4	1.4672e-03	8.5474e-06	0.000162	3
SF3B4	4	1.4695e-03	8.5474e-06	0.000162	3
ACTR6	4	1.4764e-03	8.5474e-06	0.000162	4
EXTL3	4	1.4896e-03	9.0654e-06	0.000170	4
WDR46	4	1.4994e-03	9.0654e-06	0.000170	4
ANKRD20A1	4	1.5057e-03	9.0654e-06	0.000170	4
TMEM251	4	1.5231e-03	9.0654e-06	0.000170	3
HS2ST1	4	1.5245e-03	9.0654e-06	0.000170	4
TAF1A	4	1.5269e-03	9.0654e-06	0.000170	4
HAUS3	4	1.5312e-03	9.0654e-06	0.000170	4
NOL6	4	1.5377e-03	9.0654e-06	0.000170	4
YPEL5	4	1.5490e-03	9.0654e-06	0.000170	4
MCRS1	4	1.5583e-03	9.0654e-06	0.000170	3
CHMP6	4	1.5651e-03	9.0654e-06	0.000170	4
PSMC2	4	1.5709e-03	9.0654e-06	0.000170	4
CLP1	4	1.5747e-03	9.0654e-06	0.000170	3
LOC100130451	4	1.5848e-03	9.0654e-06	0.000170	4
CEP97	4	1.5965e-03	9.0654e-06	0.000170	3
CENPL	4	1.5973e-03	9.0654e-06	0.000170	3
RPL7A	4	1.6030e-03	9.5834e-06	0.000176	3
SNRNP35	4	1.6062e-03	9.5834e-06	0.000176	4
NCEH1	4	1.6088e-03	9.5834e-06	0.000176	4
IFITM3	4	1.6103e-03	9.5834e-06	0.000176	3
CENPI	4	1.6127e-03	9.5834e-06	0.000176	3
DCLRE1B	4	1.6127e-03	9.5834e-06	0.000176	3
PSME4	4	1.6285e-03	9.5834e-06	0.000176	4
GNB1L	4	1.6303e-03	9.5834e-06	0.000176	4
OR10H4	4	1.6304e-03	9.5834e-06	0.000176	1
GNL3L	4	1.6356e-03	9.5834e-06	0.000176	4
SMC4	4	1.6430e-03	9.5834e-06	0.000176	3
U2AF2	4	1.6443e-03	9.5834e-06	0.000176	4
KCMF1	4	1.6447e-03	9.5834e-06	0.000176	4
SPATA5L1	4	1.6497e-03	9.5834e-06	0.000176	4
DCTN2	4	1.6513e-03	9.5834e-06	0.000176	4
MAU2	4	1.6547e-03	9.5834e-06	0.000176	4
SPDYE2B	4	1.6556e-03	9.5834e-06	0.000176	4
AHCTF1	4	1.6598e-03	9.5834e-06	0.000176	4
RNF103-CHMP3	4	1.6663e-03	1.1138e-05	0.000204	3
NUP43	4	1.6679e-03	1.1138e-05	0.000204	4
TBC1D3H	4	1.6692e-03	1.1138e-05	0.000204	4
ABCB7	4	1.6741e-03	1.1138e-05	0.000204	4
TUBD1	4	1.6777e-03	1.1138e-05	0.000204	4
PHB2	4	1.6796e-03	1.1138e-05	0.000204	3
INIP	4	1.6835e-03	1.1656e-05	0.000212	4
ANAPC10	4	1.6855e-03	1.1656e-05	0.000212	3
MRPL34	4	1.6941e-03	1.1656e-05	0.000212	4
SF3B5	4	1.6964e-03	1.1656e-05	0.000212	3
AQP7	4	1.7074e-03	1.2174e-05	0.000221	4
TRAPPC3	3	1.7092e-03	2.8491e-06	0.000059	2
CDAN1	4	1.7112e-03	1.2174e-05	0.000221	3
DDOST	4	1.7277e-03	1.2692e-05	0.000230	4
ELP6	4	1.7419e-03	1.2692e-05	0.000230	3
CCDC93	4	1.7440e-03	1.2692e-05	0.000230	4
ANAPC2	4	1.7450e-03	1.2692e-05	0.000230	4
SETD2	4	1.7569e-03	1.3210e-05	0.000238	4
TSFM	4	1.7572e-03	1.3210e-05	0.000238	4
POLE4	4	1.7578e-03	1.3210e-05	0.000238	4
CEP85	4	1.7632e-03	1.3210e-05	0.000238	4
HIST2H3D	4	1.7638e-03	1.3210e-05	0.000238	4
LIN9	4	1.7697e-03	1.3728e-05	0.000245	3
CHMP2A	4	1.7759e-03	1.3728e-05	0.000245	4
RRP7A	4	1.7764e-03	1.3728e-05	0.000245	4
TOP1	4	1.7775e-03	1.3728e-05	0.000245	4
VPS18	4	1.7809e-03	1.3728e-05	0.000245	4
RRP1	4	1.7890e-03	1.3728e-05	0.000245	3
CCL13	4	1.7899e-03	1.3728e-05	0.000245	4
RABL3	4	1.7925e-03	1.3728e-05	0.000245	3
EPC2	4	1.8039e-03	1.3728e-05	0.000245	4
LTV1	4	1.8312e-03	1.4246e-05	0.000252	3
AAMP	4	1.8341e-03	1.4246e-05	0.000252	4
TRMT6	4	1.8368e-03	1.4246e-05	0.000252	4
ATP6V1F	4	1.8373e-03	1.4246e-05	0.000252	4
WDR55	4	1.8405e-03	1.4246e-05	0.000252	3
LIN52	4	1.8488e-03	1.4246e-05	0.000252	4
TBCE	4	1.8664e-03	1.4246e-05	0.000252	4
VPS36	4	1.8706e-03	1.4246e-05	0.000252	4
SHQ1	4	1.8757e-03	1.4246e-05	0.000252	4
CNOT3	4	1.8903e-03	1.4764e-05	0.000261	3
U2SURP	4	1.8956e-03	1.4764e-05	0.000261	3
HAUS5	4	1.9037e-03	1.5282e-05	0.000270	3
LRRC37A	4	1.9056e-03	1.5800e-05	0.000278	4
MYNN	4	1.9133e-03	1.5800e-05	0.000278	4
GSPT1	4	1.9235e-03	1.5800e-05	0.000278	4
CFAP20	4	1.9339e-03	1.6318e-05	0.000286	3
ARID1A	4	1.9347e-03	1.6318e-05	0.000286	4
GTF2H3	4	1.9398e-03	1.6318e-05	0.000286	4
SMG5	4	1.9537e-03	1.6318e-05	0.000286	4
DNM1L	4	1.9574e-03	1.6318e-05	0.000286	4
PRAMEF1	4	1.9746e-03	1.7354e-05	0.000304	3
TBC1D28	4	1.9803e-03	1.7872e-05	0.000313	4
NUDCD3	4	2.0327e-03	1.8908e-05	0.000330	3
RBBP7	4	2.0345e-03	1.8908e-05	0.000330	4
SF3A3	4	2.0375e-03	1.8908e-05	0.000330	4
NEDD1	4	2.0423e-03	1.9426e-05	0.000338	4
UNC13A	4	2.0441e-03	1.9426e-05	0.000338	1
MOGS	4	2.0661e-03	1.9426e-05	0.000338	4
GLMN	4	2.0715e-03	1.9426e-05	0.000338	4
MGAT1	4	2.0889e-03	1.9944e-05	0.000343	4
AGAP4	4	2.0912e-03	1.9944e-05	0.000343	4
SNIP1	4	2.0993e-03	1.9944e-05	0.000343	4
PTAR1	4	2.0998e-03	1.9944e-05	0.000343	4
RNPS1	4	2.1031e-03	1.9944e-05	0.000343	3
PLSCR2	4	2.1080e-03	1.9944e-05	0.000343	4
PTPN11	4	2.1305e-03	1.9944e-05	0.000343	4
ARHGAP11B	4	2.1310e-03	1.9944e-05	0.000343	3
ATP5J2	4	2.1427e-03	1.9944e-05	0.000343	4
GNPTG	4	2.1428e-03	1.9944e-05	0.000343	4
SMC2	4	2.1663e-03	1.9944e-05	0.000343	4
TPRKB	4	2.1799e-03	2.0462e-05	0.000347	4
INTS4	4	2.1802e-03	2.0462e-05	0.000347	4
SYMPK	4	2.1812e-03	2.0462e-05	0.000347	4
SF1	4	2.1861e-03	2.0462e-05	0.000347	3
ALG10B	4	2.1943e-03	2.0462e-05	0.000347	4
SNRPC	4	2.2167e-03	2.0462e-05	0.000347	4
NOL12	4	2.2206e-03	2.0462e-05	0.000347	4
SEC22B	4	2.2206e-03	2.0462e-05	0.000347	3
MCM5	4	2.2212e-03	2.0462e-05	0.000347	4
RFT1	4	2.2281e-03	2.0462e-05	0.000347	3
CSTF1	4	2.2489e-03	2.0462e-05	0.000347	4
DDX51	4	2.2585e-03	2.0462e-05	0.000347	4
SPAG5	4	2.2742e-03	2.0462e-05	0.000347	4
GABPB1	4	2.2809e-03	2.0462e-05	0.000347	3
PNO1	4	2.2834e-03	2.0462e-05	0.000347	3
ZNHIT6	4	2.2836e-03	2.0462e-05	0.000347	4
EMC3	4	2.3180e-03	2.0462e-05	0.000347	4
ASNA1	4	2.3365e-03	2.0980e-05	0.000352	4
KIAA0100	4	2.3469e-03	2.0980e-05	0.000352	4
BTF3	4	2.3490e-03	2.0980e-05	0.000352	4
GPX4	4	2.3537e-03	2.0980e-05	0.000352	4
RACGAP1	4	2.3667e-03	2.0980e-05	0.000352	4
USP37	4	2.3693e-03	2.0980e-05	0.000352	4
XRCC4	4	2.3740e-03	2.0980e-05	0.000352	3
NDC80	4	2.3761e-03	2.0980e-05	0.000352	4
RAE1	3	2.4029e-03	1.5282e-05	0.000270	3
EARS2	4	2.4183e-03	2.4088e-05	0.000402	3
CNOT1	4	2.4237e-03	2.4088e-05	0.000402	4
ALYREF	4	2.4263e-03	2.4088e-05	0.000402	4
BRCA1	4	2.4396e-03	2.4088e-05	0.000402	4
PPP1R8	4	2.4444e-03	2.4088e-05	0.000402	3
TEN1	4	2.4460e-03	2.4088e-05	0.000402	4
RBM19	4	2.4482e-03	2.4088e-05	0.000402	3
FOXM1	4	2.4503e-03	2.4088e-05	0.000402	4
WDR44	4	2.4643e-03	2.4606e-05	0.000409	4
USE1	4	2.4718e-03	2.4606e-05	0.000409	3
PDCD6IP	4	2.4869e-03	2.4606e-05	0.000409	3
MRPL45	4	2.5064e-03	2.4606e-05	0.000409	3
WDR73	4	2.5086e-03	2.4606e-05	0.000409	4
MRPS25	4	2.5249e-03	2.5124e-05	0.000415	4
NUP133	4	2.5326e-03	2.5124e-05	0.000415	4
ELOF1	4	2.5347e-03	2.5124e-05	0.000415	4
SHFM1	4	2.5435e-03	2.5124e-05	0.000415	4
UTP6	4	2.5517e-03	2.5124e-05	0.000415	3
EIF1AD	4	2.5578e-03	2.5124e-05	0.000415	4
PTMA	4	2.5677e-03	2.5124e-05	0.000415	4
HJURP	4	2.6024e-03	2.5642e-05	0.000422	3
ISCU	4	2.6054e-03	2.5642e-05	0.000422	4
CCNH	4	2.6277e-03	2.5642e-05	0.000422	4
UTP11L	4	2.6311e-03	2.8750e-05	0.000470	3
YAE1D1	4	2.6389e-03	2.8750e-05	0.000470	3
C14orf80	4	2.6401e-03	2.8750e-05	0.000470	4
CDT1	4	2.6502e-03	2.8750e-05	0.000470	4
PRR36	4	2.6585e-03	2.8750e-05	0.000470	4
FZR1	4	2.6660e-03	2.8750e-05	0.000470	3
SMARCA5	4	2.6762e-03	2.8750e-05	0.000470	4
RFC5	4	2.6844e-03	2.8750e-05	0.000470	4
FEN1	4	2.6928e-03	2.9268e-05	0.000476	4
ZNF626	4	2.7040e-03	2.9268e-05	0.000476	4
VPS53	4	2.7040e-03	2.9268e-05	0.000476	4
POLA1	4	2.7057e-03	2.9268e-05	0.000476	4
GATB	4	2.7097e-03	2.9268e-05	0.000476	3
SSX1	4	2.7160e-03	2.9268e-05	0.000476	3
MRE11A	4	2.7297e-03	2.9268e-05	0.000476	3
MTBP	3	2.7416e-03	2.0980e-05	0.000352	3
NPIPA2	4	2.7426e-03	3.0304e-05	0.000490	2
ATP6V0D1	4	2.7586e-03	3.0304e-05	0.000490	3
NACA	4	2.7733e-03	3.0304e-05	0.000490	4
THAP1	4	2.7977e-03	3.0304e-05	0.000490	4
PCNP	4	2.8124e-03	3.0304e-05	0.000490	4
EMC4	4	2.8315e-03	3.0822e-05	0.000497	4
MPV17	4	2.8477e-03	3.0822e-05	0.000497	4
URM1	3	2.8543e-03	2.0980e-05	0.000352	2
DCTN1	4	2.8580e-03	3.0822e-05	0.000497	4
RPS10-NUDT3	4	2.8648e-03	3.0822e-05	0.000497	4
TNFAIP8L2-SCNM1	4	2.8883e-03	3.0822e-05	0.000497	4
SPDYE3	4	2.8972e-03	3.1340e-05	0.000505	3
RMI1	4	2.9128e-03	3.2895e-05	0.000528	2
TUBE1	4	2.9163e-03	3.2895e-05	0.000528	3
POLR1A	4	2.9194e-03	3.2895e-05	0.000528	4
USP10	4	2.9229e-03	3.5485e-05	0.000568	3
ZMAT5	4	2.9259e-03	3.5485e-05	0.000568	3
ZC3H10	4	2.9634e-03	3.6003e-05	0.000574	4
VPS29	4	2.9682e-03	3.6003e-05	0.000574	4
AARS2	4	2.9876e-03	3.6003e-05	0.000574	3
MTPAP	4	2.9897e-03	3.6003e-05	0.000574	4
MT2A	4	2.9912e-03	3.6003e-05	0.000574	3
HIST2H2AC	4	2.9925e-03	3.6003e-05	0.000574	3
XPO5	4	3.0071e-03	3.8593e-05	0.000612	4
TANGO6	4	3.0251e-03	3.8593e-05	0.000612	4
DYNC1I2	4	3.0262e-03	3.8593e-05	0.000612	2
PSMB5	4	3.0415e-03	3.8593e-05	0.000612	3
SF3A2	4	3.0441e-03	3.8593e-05	0.000612	4
GTF3C5	4	3.0446e-03	3.8593e-05	0.000612	4
ARF1	4	3.0613e-03	3.8593e-05	0.000612	4
OPA3	4	3.0754e-03	3.9111e-05	0.000618	4
PYROXD1	4	3.0773e-03	3.9111e-05	0.000618	4
LAGE3	4	3.1429e-03	3.9111e-05	0.000618	3
USP8	4	3.1436e-03	3.9111e-05	0.000618	3
TBCC	4	3.1948e-03	3.9629e-05	0.000625	3
PRPF31	4	3.2242e-03	3.9629e-05	0.000625	4
SLC25A19	4	3.2523e-03	4.1183e-05	0.000648	4
REV3L	4	3.2562e-03	4.1183e-05	0.000648	3
ALG1L2	4	3.2787e-03	4.1183e-05	0.000648	4
ESPN	4	3.2962e-03	4.1701e-05	0.000653	3
RCE1	4	3.3205e-03	4.1701e-05	0.000653	4
UFM1	4	3.3281e-03	4.1701e-05	0.000653	3
PLGLB1	4	3.3307e-03	4.1701e-05	0.000653	4
PPP6R2	4	3.3363e-03	4.1701e-05	0.000653	4
SEC62	4	3.3373e-03	4.1701e-05	0.000653	3
PPIAL4E	4	3.3644e-03	4.2219e-05	0.000660	4
TBC1D3B	4	3.3688e-03	4.2737e-05	0.000667	4
TCEB3B	4	3.3804e-03	4.2737e-05	0.000667	4
DOLPP1	4	3.3885e-03	4.5845e-05	0.000711	4
RNF145	4	3.3938e-03	4.5845e-05	0.000711	4
KDM4A	4	3.3978e-03	4.5845e-05	0.000711	4
ATP6V1H	4	3.4015e-03	4.5845e-05	0.000711	4
SYVN1	4	3.4110e-03	4.5845e-05	0.000711	4
NAA35	4	3.4164e-03	4.5845e-05	0.000711	3
RPP30	4	3.4230e-03	4.5845e-05	0.000711	3
PCYT1A	4	3.4280e-03	4.5845e-05	0.000711	3
C1QTNF9	4	3.4337e-03	4.5845e-05	0.000711	4
MFAP1	4	3.4510e-03	4.6363e-05	0.000711	4
WDR83	4	3.4728e-03	4.6363e-05	0.000711	4
GPATCH8	4	3.4787e-03	4.6363e-05	0.000711	4
NUDT4	4	3.4886e-03	4.6363e-05	0.000711	4
TOMM40	4	3.4943e-03	4.6363e-05	0.000711	4
EMC7	4	3.5332e-03	4.6363e-05	0.000711	4
RCL1	4	3.5563e-03	4.6363e-05	0.000711	3
CHAF1A	4	3.5585e-03	4.6363e-05	0.000711	3
TBP	4	3.5677e-03	4.6363e-05	0.000711	2
RTN4IP1	4	3.5705e-03	4.6363e-05	0.000711	4
DHX9	4	3.5740e-03	4.6363e-05	0.000711	4
WDR36	4	3.5842e-03	4.6363e-05	0.000711	3
POLR2A	4	3.5982e-03	4.6363e-05	0.000711	4
METTL14	4	3.6009e-03	4.6363e-05	0.000711	4
TMEM258	4	3.6249e-03	4.6881e-05	0.000716	4
METTL1	4	3.6433e-03	4.6881e-05	0.000716	4
ANKRD11	4	3.6541e-03	4.6881e-05	0.000716	4
INTS12	4	3.6657e-03	4.6881e-05	0.000716	3
MRPL46	4	3.6943e-03	4.8435e-05	0.000738	4
SPC25	4	3.7101e-03	4.8435e-05	0.000738	4
EXT1	4	3.7375e-03	4.8435e-05	0.000738	4
ALG14	4	3.7494e-03	4.8435e-05	0.000738	4
EBNA1BP2	4	3.8114e-03	4.8953e-05	0.000743	3
C1orf131	4	3.8359e-03	4.8953e-05	0.000743	4
WDR33	4	3.8385e-03	4.8953e-05	0.000743	4
POLA2	4	3.8399e-03	4.8953e-05	0.000743	4
SRPRB	4	3.8832e-03	5.0507e-05	0.000766	4
ZNF239	4	3.9026e-03	5.1025e-05	0.000773	3
MIPEP	4	3.9220e-03	5.2579e-05	0.000792	3
MCAT	4	3.9222e-03	5.2579e-05	0.000792	3
AMY1A	4	3.9236e-03	5.2579e-05	0.000792	4
FERMT2	4	3.9367e-03	5.2579e-05	0.000792	4
TXNL4B	4	3.9411e-03	5.2579e-05	0.000792	3
NCSTN	4	3.9447e-03	5.2579e-05	0.000792	3
PPIAL4A	4	3.9564e-03	5.2579e-05	0.000792	3
POLR2E	4	3.9681e-03	5.2579e-05	0.000792	3
KTI12	4	3.9990e-03	5.3097e-05	0.000797	3
GOLT1B	4	4.0029e-03	5.3097e-05	0.000797	3
JUN	4	4.0100e-03	5.3097e-05	0.000797	4
SRSF10	4	4.0281e-03	5.3097e-05	0.000797	3
ATG4B	4	4.0423e-03	5.3097e-05	0.000797	4
PUS3	4	4.0498e-03	5.5688e-05	0.000835	4
AURKA	4	4.1012e-03	6.0350e-05	0.000903	4
BPIFB1	4	4.1041e-03	6.0350e-05	0.000903	4
PPIAL4D	4	4.1146e-03	6.2940e-05	0.000940	4
DPM3	4	4.1184e-03	6.2940e-05	0.000940	4
TCP10L2	4	4.1251e-03	6.3458e-05	0.000947	4
DHX8	4	4.1356e-03	6.4494e-05	0.000962	3
SENP6	4	4.1514e-03	6.5530e-05	0.000976	4
TIMM44	3	4.1697e-03	3.2895e-05	0.000528	3
SHOC2	4	4.1733e-03	6.6048e-05	0.000983	4
MRPL23	4	4.1832e-03	6.8120e-05	0.001012	3
DOLK	4	4.1973e-03	6.8120e-05	0.001012	4
TIMM23	4	4.2045e-03	6.8638e-05	0.001017	4
OR4F16	4	4.2058e-03	6.8638e-05	0.001017	4
MIOS	4	4.2142e-03	6.8638e-05	0.001017	4
EIF5B	4	4.2147e-03	6.8638e-05	0.001017	2
SPATA2	4	4.2294e-03	7.3300e-05	0.001080	4
POLR2C	4	4.2379e-03	7.3300e-05	0.001080	4
ATP5D	4	4.2682e-03	7.3300e-05	0.001080	4
NFYC	4	4.2808e-03	7.3300e-05	0.001080	3
RPL22	4	4.2855e-03	7.3300e-05	0.001080	4
NUS1	4	4.3008e-03	7.3300e-05	0.001080	3
TMEM131	4	4.3168e-03	7.3300e-05	0.001080	4
POU1F1	4	4.3672e-03	7.3818e-05	0.001082	4
ZGLP1	4	4.3814e-03	7.3818e-05	0.001082	4
CFLAR	4	4.3970e-03	7.3818e-05	0.001082	4
WAPAL	4	4.4206e-03	7.3818e-05	0.001082	2
MPHOSPH10	4	4.4236e-03	7.3818e-05	0.001082	4
MMD	4	4.4322e-03	7.3818e-05	0.001082	4
DNAJB1	4	4.4420e-03	7.3818e-05	0.001082	4
HAUS2	4	4.4590e-03	7.7963e-05	0.001141	3
NEK6	4	4.4603e-03	7.7963e-05	0.001141	4
AURKAIP1	4	4.4777e-03	7.8481e-05	0.001148	4
HMGB1	4	4.5042e-03	7.8999e-05	0.001154	4
LRRC37A3	4	4.5496e-03	7.9517e-05	0.001160	4
PDE4DIP	4	4.5551e-03	7.9517e-05	0.001160	4
SEC61G	4	4.5875e-03	8.1589e-05	0.001189	4
PKMYT1	4	4.5969e-03	8.6251e-05	0.001254	4
SLC35B1	4	4.6291e-03	8.6251e-05	0.001254	3
ANAPC13	4	4.6372e-03	8.6251e-05	0.001254	4
ACTR8	4	4.6413e-03	8.6251e-05	0.001254	4
ADGRF1	4	4.6607e-03	8.6769e-05	0.001256	4
UBE2K	4	4.6829e-03	8.6769e-05	0.001256	4
ATP6V0E1	4	4.7089e-03	8.6769e-05	0.001256	4
NEMF	4	4.7163e-03	8.6769e-05	0.001256	4
FAM157A	4	4.7251e-03	8.6769e-05	0.001256	3
TOMM34	4	4.7308e-03	8.9877e-05	0.001299	4
PRLR	4	4.7369e-03	8.9877e-05	0.001299	4
PRPF38B	4	4.7585e-03	9.2985e-05	0.001342	2
PPP2CA	4	4.7596e-03	9.2985e-05	0.001342	3
RABGGTB	4	4.7959e-03	9.8684e-05	0.001422	3
BUB1	4	4.8273e-03	1.0179e-04	0.001465	3
CTAG1A	4	4.8577e-03	1.0179e-04	0.001465	4
PSMC1	4	4.8686e-03	1.0231e-04	0.001469	3
RNASE11	4	4.9036e-03	1.0231e-04	0.001469	4
WDR12	4	4.9197e-03	1.0231e-04	0.001469	3
HIST2H2BF	4	4.9344e-03	1.0490e-04	0.001494	3
MED6	4	4.9367e-03	1.0490e-04	0.001494	3
KRTAP5-6	4	4.9421e-03	1.0490e-04	0.001494	4
VAT1	4	4.9489e-03	1.0490e-04	0.001494	4
DERL1	4	4.9529e-03	1.0490e-04	0.001494	4
HSPA14	4	4.9597e-03	1.0490e-04	0.001494	4
TLN1	4	4.9613e-03	1.0490e-04	0.001494	3
EXOSC10	4	4.9681e-03	1.0490e-04	0.001494	4
BOP1	4	4.9783e-03	1.0490e-04	0.001494	4
UBE2L3	4	4.9883e-03	1.0490e-04	0.001494	3
TNPO1	4	5.0003e-03	1.0490e-04	0.001494	4
TSSC1	4	5.0190e-03	1.0542e-04	0.001497	3
ATP5H	4	5.0423e-03	1.0542e-04	0.001497	4
MBOAT7	4	5.0782e-03	1.0542e-04	0.001497	4
SACS	4	5.0796e-03	1.0542e-04	0.001497	4
FIP1L1	4	5.0977e-03	1.1319e-04	0.001606	3
ZNF490	4	5.1172e-03	1.1785e-04	0.001670	4
PCDHAC2	4	5.1582e-03	1.2303e-04	0.001737	4
CCZ1B	4	5.1609e-03	1.2303e-04	0.001737	4
CTDP1	4	5.1779e-03	1.2303e-04	0.001737	4
CHURC1-FNTB	4	5.1839e-03	1.2303e-04	0.001737	3
ORC1	4	5.1947e-03	1.2303e-04	0.001737	3
MARS2	4	5.2271e-03	1.2355e-04	0.001739	4
MTG2	4	5.2402e-03	1.2355e-04	0.001739	4
RBM17	4	5.2435e-03	1.2355e-04	0.001739	4
PRAMEF15	4	5.2628e-03	1.2355e-04	0.001739	3
NUP98	4	5.2978e-03	1.2458e-04	0.001751	2
CLNS1A	4	5.3118e-03	1.2458e-04	0.001751	3
RAB35	4	5.3333e-03	1.3132e-04	0.001843	4
MRPL12	4	5.3387e-03	1.3132e-04	0.001843	4
CT47A5	4	5.3866e-03	1.3391e-04	0.001875	3
FAM214A	4	5.3952e-03	1.3443e-04	0.001875	4
DR1	4	5.3964e-03	1.3443e-04	0.001875	4
NOP14	4	5.4009e-03	1.3443e-04	0.001875	4
UBTF	4	5.4010e-03	1.3443e-04	0.001875	4
PMF1	3	5.4051e-03	6.0868e-05	0.000910	3
ESCO2	4	5.4054e-03	1.3443e-04	0.001875	3
CDC5L	4	5.4080e-03	1.3443e-04	0.001875	3
LEO1	4	5.4206e-03	1.3443e-04	0.001875	4
DDX42	4	5.4636e-03	1.4220e-04	0.001982	3
RSPH10B	4	5.4915e-03	1.4479e-04	0.002010	4
CORO7-PAM16	4	5.5095e-03	1.4479e-04	0.002010	4
MEPCE	4	5.5132e-03	1.4479e-04	0.002010	4
PPP1R15B	4	5.5132e-03	1.4479e-04	0.002010	3
GOLGA8H	4	5.5273e-03	1.4479e-04	0.002010	4
RPA3	4	5.5452e-03	1.4479e-04	0.002010	4
POLR3H	4	5.5834e-03	1.4531e-04	0.002011	4
CLSPN	4	5.6544e-03	1.4531e-04	0.002011	4
CPSF1	4	5.6564e-03	1.4531e-04	0.002011	3
NDUFS8	4	5.6589e-03	1.4531e-04	0.002011	4
TIPRL	4	5.7096e-03	1.4841e-04	0.002051	4
NUDCD2	4	5.7198e-03	1.4841e-04	0.002051	4
RTCB	4	5.7620e-03	1.4893e-04	0.002054	4
PDCL3	4	5.7655e-03	1.4893e-04	0.002054	3
CCDC174	4	5.7890e-03	1.4893e-04	0.002054	4
CENPJ	4	5.8178e-03	1.5567e-04	0.002145	3
ZNF827	4	5.8195e-03	1.6033e-04	0.002187	4
HIST1H2BN	4	5.8225e-03	1.6033e-04	0.002187	3
SPDYE5	4	5.8522e-03	1.6033e-04	0.002187	3
GLIS1	4	5.8776e-03	1.6033e-04	0.002187	4
WBSCR16	4	5.8814e-03	1.6033e-04	0.002187	4
KRT76	4	5.8831e-03	1.6033e-04	0.002187	4
WDR47	4	5.8902e-03	1.6033e-04	0.002187	3
PAPLN	4	5.8959e-03	1.6033e-04	0.002187	3
GTSE1	4	5.9015e-03	1.6033e-04	0.002187	3
UBE2N	4	5.9034e-03	1.6033e-04	0.002187	3
SPTBN1	4	5.9117e-03	1.6033e-04	0.002187	4
YME1L1	4	5.9316e-03	1.6033e-04	0.002187	4
GJC3	4	5.9438e-03	1.6085e-04	0.002187	4
NHEJ1	4	5.9442e-03	1.6085e-04	0.002187	3
INTS7	4	5.9508e-03	1.6085e-04	0.002187	4
SPDYE1	4	5.9595e-03	1.6085e-04	0.002187	2
DYNC1LI2	4	5.9727e-03	1.6085e-04	0.002187	4
ENO1	4	6.0442e-03	1.6085e-04	0.002187	4
ATP6AP1L	4	6.0645e-03	1.6085e-04	0.002187	4
MRPL55	4	6.0722e-03	1.6447e-04	0.002229	3
VEZT	4	6.0828e-03	1.6447e-04	0.002229	3
THOC1	4	6.0847e-03	1.6447e-04	0.002229	4
SPATA16	4	6.0857e-03	1.6447e-04	0.002229	3
ORC5	4	6.1318e-03	1.6810e-04	0.002274	3
UPF2	4	6.1398e-03	1.6810e-04	0.002274	3
POMP	4	6.1578e-03	1.7069e-04	0.002307	4
TBC1D3L	4	6.1806e-03	1.7432e-04	0.002355	4
DHX30	4	6.2132e-03	1.7846e-04	0.002404	4
YEATS2	4	6.2138e-03	1.7846e-04	0.002404	4
KDM8	4	6.2187e-03	1.7846e-04	0.002404	4
HTATSF1	4	6.2333e-03	1.7846e-04	0.002404	4
SERINC4	4	6.2483e-03	1.7898e-04	0.002406	4
NACA2	4	6.2583e-03	1.7898e-04	0.002406	3
SRBD1	4	6.2686e-03	1.7898e-04	0.002406	3
CNOT4	4	6.2754e-03	1.8416e-04	0.002470	4
NPLOC4	4	6.2775e-03	1.8416e-04	0.002470	3
SKA1	4	6.2804e-03	1.8416e-04	0.002470	3
TGIF2-C20orf24	4	6.3515e-03	1.9296e-04	0.002586	4
OR7A17	4	6.3601e-03	1.9348e-04	0.002586	4
EXOSC5	4	6.3642e-03	1.9348e-04	0.002586	3
LOC100507462	4	6.3713e-03	1.9348e-04	0.002586	3
ZRANB1	4	6.3753e-03	1.9348e-04	0.002586	4
TRAPPC13	4	6.4071e-03	1.9866e-04	0.002653	3
WDR59	4	6.4141e-03	2.0384e-04	0.002721	4
DIEXF	4	6.4321e-03	2.1058e-04	0.002801	4
NPIPA1	4	6.4445e-03	2.1058e-04	0.002801	4
CCL20	4	6.4669e-03	2.1058e-04	0.002801	4
FHIT	4	6.4837e-03	2.1058e-04	0.002801	2
HIST1H2BI	4	6.4857e-03	2.1058e-04	0.002801	3
EIF3CL	4	6.5640e-03	2.1990e-04	0.002915	3
GUK1	3	6.5713e-03	9.7129e-05	0.001401	2
EHMT2	4	6.5982e-03	2.1990e-04	0.002915	4
GTF2E2	4	6.6012e-03	2.1990e-04	0.002915	3
ANAPC7	4	6.6216e-03	2.2042e-04	0.002915	4
TBX20	4	6.6248e-03	2.2042e-04	0.002915	4
TADA3	4	6.6290e-03	2.2042e-04	0.002915	4
CDC6	4	6.6308e-03	2.2042e-04	0.002915	4
OR7E24	4	6.6383e-03	2.2042e-04	0.002915	4
E2F3	4	6.6654e-03	2.2508e-04	0.002973	3
UTP18	4	6.6767e-03	2.2508e-04	0.002973	4
CENPO	4	6.7149e-03	2.2560e-04	0.002978	4
G6PD	4	6.7318e-03	2.3182e-04	0.003054	3
PLA2G10	4	6.7393e-03	2.3182e-04	0.003054	3
RALGDS	4	6.7423e-03	2.3182e-04	0.003054	3
TRAPPC2L	4	6.7743e-03	2.3233e-04	0.003058	4
WFDC10A	4	6.8212e-03	2.4166e-04	0.003179	4
GPX8	4	6.8843e-03	2.4995e-04	0.003274	3
RRAGC	4	6.8927e-03	2.4995e-04	0.003274	4
API5	4	6.8947e-03	2.4995e-04	0.003274	3
GFPT1	4	6.8979e-03	2.4995e-04	0.003274	4
CIT	4	6.9027e-03	2.4995e-04	0.003274	4
DNAJC3	4	6.9095e-03	2.4995e-04	0.003274	4
SPPL3	4	6.9561e-03	2.5046e-04	0.003279	4
SNRNP27	4	6.9954e-03	2.5616e-04	0.003344	4
PPRC1	3	7.0333e-03	1.1578e-04	0.001642	3
GZF1	4	7.0653e-03	2.5616e-04	0.003344	4
PDCD5	4	7.0673e-03	2.5616e-04	0.003344	3
PNPT1	4	7.0685e-03	2.5616e-04	0.003344	4
TFRC	4	7.1128e-03	2.5668e-04	0.003344	4
TFB2M	4	7.1354e-03	2.5668e-04	0.003344	3
TIMM9	4	7.1419e-03	2.5668e-04	0.003344	3
NHLRC2	4	7.1525e-03	2.6497e-04	0.003445	3
RAB3C	4	7.1783e-03	2.6497e-04	0.003445	4
ATRIP	4	7.1825e-03	2.6497e-04	0.003445	3
CLDN18	4	7.1911e-03	2.6549e-04	0.003447	3
LRPPRC	4	7.2000e-03	2.6549e-04	0.003447	4
CALU	4	7.2347e-03	2.8724e-04	0.003715	4
SOD2	4	7.2524e-03	2.8724e-04	0.003715	3
SKP2	4	7.2578e-03	2.8724e-04	0.003715	3
SGPP1	4	7.2621e-03	2.8724e-04	0.003715	4
PIK3C3	4	7.2708e-03	2.8724e-04	0.003715	3
DDX49	4	7.2784e-03	2.8724e-04	0.003715	3
ATAD3C	4	7.2989e-03	2.8776e-04	0.003716	4
LSM8	4	7.3081e-03	2.8776e-04	0.003716	4
TACC3	4	7.3553e-03	2.9450e-04	0.003787	3
ASH2L	4	7.3640e-03	2.9450e-04	0.003787	4
COMMD8	4	7.3692e-03	2.9450e-04	0.003787	4
CYP4F22	4	7.3705e-03	2.9450e-04	0.003787	4
ZC3H8	4	7.3875e-03	2.9450e-04	0.003787	4
GTF2H2C	4	7.3974e-03	2.9501e-04	0.003787	4
GPS1	4	7.4111e-03	2.9501e-04	0.003787	3
PPIAL4F	4	7.4208e-03	2.9501e-04	0.003787	3
SRP19	4	7.4569e-03	2.9501e-04	0.003787	4
MRPL4	4	7.4588e-03	2.9812e-04	0.003824	4
DDX27	4	7.4970e-03	3.0693e-04	0.003934	4
FOSL1	4	7.5162e-03	3.1366e-04	0.004018	4
GIPC1	4	7.5607e-03	3.2299e-04	0.004132	3
CYLD	4	7.5672e-03	3.2299e-04	0.004132	4
PSMD12	4	7.6276e-03	3.2765e-04	0.004178	3
HIST2H3A	4	7.6372e-03	3.2765e-04	0.004178	4
STOML2	4	7.6439e-03	3.2765e-04	0.004178	4
GTF2E1	4	7.6540e-03	3.2765e-04	0.004178	3
EFHC2	4	7.6747e-03	3.2765e-04	0.004178	4
PGLS	4	7.6843e-03	3.2817e-04	0.004179	3
UPK3BL	4	7.7111e-03	3.2817e-04	0.004179	4
MTCH2	4	7.7426e-03	3.3387e-04	0.004207	3
NUP35	4	7.7471e-03	3.3387e-04	0.004207	3
RAD51D	4	7.7696e-03	3.3387e-04	0.004207	4
EMC2	4	7.7696e-03	3.3387e-04	0.004207	4
VPS51	4	7.7696e-03	3.3387e-04	0.004207	3
LAMTOR5	4	7.7766e-03	3.3387e-04	0.004207	4
RBAK-RBAKDN	4	7.7868e-03	3.3387e-04	0.004207	4
DIMT1	4	7.7888e-03	3.3387e-04	0.004207	4
C18orf21	4	7.8058e-03	3.3387e-04	0.004207	3
ZPBP2	4	7.8228e-03	3.3387e-04	0.004207	4
RGPD3	4	7.8230e-03	3.3387e-04	0.004207	2
POLG2	4	7.8261e-03	3.3387e-04	0.004207	4
TARS	4	7.8292e-03	3.3387e-04	0.004207	2
TIPIN	4	7.8292e-03	3.3387e-04	0.004207	4
HSP90B1	3	7.8297e-03	1.6603e-04	0.002249	2
MED7	4	7.8409e-03	3.3438e-04	0.004207	4
DHX16	4	7.8746e-03	3.3438e-04	0.004207	4
FZD9	4	7.9319e-03	3.3438e-04	0.004207	3
FBXO11	4	7.9345e-03	3.3438e-04	0.004207	4
ARHGEF5	4	7.9759e-03	3.4578e-04	0.004348	4
SNAPC5	4	8.0116e-03	3.5303e-04	0.004433	3
CCER1	4	8.0216e-03	3.5303e-04	0.004433	4
SUDS3	4	8.0290e-03	3.6080e-04	0.004525	4
NOL11	4	8.0305e-03	3.6080e-04	0.004525	3
CALCR	4	8.0870e-03	3.6132e-04	0.004528	4
ZBTB11	4	8.1056e-03	3.7065e-04	0.004642	3
ZNF207	4	8.1307e-03	3.7531e-04	0.004691	3
PDE11A	4	8.1319e-03	3.7531e-04	0.004691	2
VPS33A	4	8.1472e-03	3.7531e-04	0.004691	4
CENPC	4	8.1660e-03	3.7583e-04	0.004692	4
TSPAN4	4	8.1799e-03	3.7583e-04	0.004692	3
PTPN20	4	8.1939e-03	3.8670e-04	0.004821	4
ERAL1	4	8.1997e-03	3.8670e-04	0.004821	3
TBC1D3	4	8.2126e-03	3.8722e-04	0.004821	3
IQSEC2	4	8.2205e-03	3.8722e-04	0.004821	4
KATNB1	4	8.2559e-03	3.9085e-04	0.004857	4
SLC38A2	4	8.2800e-03	3.9085e-04	0.004857	4
NBAS	4	8.2944e-03	3.9085e-04	0.004857	4
GEMIN4	4	8.3228e-03	3.9137e-04	0.004857	3
BHLHA9	4	8.3892e-03	3.9137e-04	0.004857	1
PSME3	4	8.3925e-03	4.0173e-04	0.004983	3
ICE1	4	8.3985e-03	4.0225e-04	0.004986	3
ALG9	4	8.4094e-03	4.1364e-04	0.005120	4
RNF25	4	8.4094e-03	4.1364e-04	0.005120	4
GLCE	4	8.4424e-03	4.2089e-04	0.005180	4
DDX28	4	8.4491e-03	4.2089e-04	0.005180	4
CYFIP1	4	8.4793e-03	4.2089e-04	0.005180	3
EIF1	4	8.4816e-03	4.2089e-04	0.005180	4
HMGCS2	4	8.4922e-03	4.2089e-04	0.005180	2
DAP3	4	8.5055e-03	4.2141e-04	0.005180	3
PI4KA	4	8.5222e-03	4.2141e-04	0.005180	4
SLC9A2	4	8.5447e-03	4.2141e-04	0.005180	4
PRPF40A	4	8.5485e-03	4.2141e-04	0.005180	3
KANSL1	4	8.5535e-03	4.2141e-04	0.005180	4
PABPN1	4	8.5774e-03	4.2141e-04	0.005180	3
SEPHS1	4	8.5958e-03	4.2711e-04	0.005246	3
POC1A	4	8.6155e-03	4.2763e-04	0.005249	4
TTI2	4	8.6600e-03	4.4628e-04	0.005453	3
TBC1D3K	4	8.6617e-03	4.4628e-04	0.005453	3
JTB	4	8.6956e-03	4.4680e-04	0.005453	3
TADA2A	4	8.7001e-03	4.4680e-04	0.005453	4
ZBTB49	4	8.7077e-03	4.4680e-04	0.005453	3
TM9SF2	4	8.7101e-03	4.4680e-04	0.005453	4
IPO9	4	8.7126e-03	4.4680e-04	0.005453	4
GATSL3	4	8.7296e-03	4.4680e-04	0.005453	4
CCDC74A	4	8.7355e-03	4.4680e-04	0.005453	4
ATP13A2	4	8.7422e-03	4.5249e-04	0.005515	4
LAMTOR4	4	8.7548e-03	4.5249e-04	0.005515	4
MREG	4	8.7659e-03	4.5301e-04	0.005515	4
EPB41L4A	4	8.7806e-03	4.5301e-04	0.005515	3
KIAA0391	4	8.7953e-03	4.6752e-04	0.005676	4
AFG3L2	4	8.7977e-03	4.6752e-04	0.005676	3
ATP6AP2	4	8.8287e-03	4.6752e-04	0.005676	2
USP36	4	8.8344e-03	4.6752e-04	0.005676	3
THG1L	4	8.8626e-03	4.6803e-04	0.005676	3
CSTL1	4	8.8785e-03	4.6803e-04	0.005676	4
PRR5-ARHGAP8	4	8.8982e-03	4.7632e-04	0.005754	3
SLC39A9	4	8.9420e-03	4.7632e-04	0.005754	3
CHP1	4	8.9732e-03	4.7632e-04	0.005754	4
SRGAP2C	4	8.9869e-03	4.7632e-04	0.005754	3
DGCR14	4	8.9932e-03	4.7684e-04	0.005754	3
NAE1	4	9.0117e-03	4.7684e-04	0.005754	3
CT45A3	4	9.0763e-03	4.7684e-04	0.005754	4
DNAJC13	4	9.1189e-03	4.8254e-04	0.005799	3
RGPD8	4	9.1247e-03	4.8254e-04	0.005799	3
NUP205	4	9.1462e-03	4.8254e-04	0.005799	3
AMY1B	4	9.1665e-03	4.8254e-04	0.005799	4
CHMP3	4	9.1706e-03	4.8254e-04	0.005799	3
SLC35E1	4	9.1788e-03	4.8306e-04	0.005799	3
NBN	4	9.1888e-03	4.8306e-04	0.005799	4
HS3ST3A1	4	9.2427e-03	4.8306e-04	0.005799	4
WARS	4	9.2971e-03	4.9083e-04	0.005873	4
VCX3B	4	9.3178e-03	4.9083e-04	0.005873	4
DNAJA3	4	9.3209e-03	4.9135e-04	0.005873	4
HNRNPU	4	9.3275e-03	4.9135e-04	0.005873	4
CPQ	4	9.3300e-03	4.9135e-04	0.005873	3
RARA	4	9.4098e-03	5.0222e-04	0.005992	4
GTF3C1	4	9.4194e-03	5.0222e-04	0.005992	4
E4F1	4	9.4427e-03	5.0222e-04	0.005992	4
RBX1	4	9.5059e-03	5.0274e-04	0.005994	3
GEMIN7	4	9.5245e-03	5.1310e-04	0.006109	3
MAPKAPK5	4	9.5676e-03	5.1362e-04	0.006109	4
CCDC144NL	4	9.5704e-03	5.1362e-04	0.006109	4
TRMT61A	4	9.5949e-03	5.1362e-04	0.006109	4
MTX2	4	9.6425e-03	5.3227e-04	0.006327	3
BCAP31	4	9.6770e-03	5.3279e-04	0.006329	4
SATL1	4	9.7636e-03	5.5713e-04	0.006600	4
TMEM41B	4	9.8038e-03	5.5713e-04	0.006600	4
MYC	4	9.8074e-03	5.5713e-04	0.006600	4
CDC26	4	9.8371e-03	5.5765e-04	0.006600	2
PPA1	4	9.8609e-03	5.5765e-04	0.006600	3
TMEM165	4	9.8609e-03	5.5765e-04	0.006600	4
CPNE1	4	9.9043e-03	5.7164e-04	0.006759	4
TAF4	4	9.9430e-03	5.7216e-04	0.006759	3
C19orf52	4	9.9623e-03	5.7216e-04	0.006759	4
WNK1	4	9.9893e-03	5.7630e-04	0.006768	4
NBPF12	4	1.0001e-02	5.7630e-04	0.006768	3
ERCC2	4	1.0030e-02	5.7630e-04	0.006768	3
SRRM4	4	1.0049e-02	5.7630e-04	0.006768	4
PDE6H	4	1.0071e-02	5.7630e-04	0.006768	4
BARD1	4	1.0082e-02	5.7682e-04	0.006768	2
USP17L27	4	1.0100e-02	5.7682e-04	0.006768	4
TRAPPC2	4	1.0126e-02	5.7682e-04	0.006768	3
ANAPC15	4	1.0150e-02	5.7682e-04	0.006768	4
INTS2	4	1.0154e-02	5.7682e-04	0.006768	4
RRS1	4	1.0176e-02	5.7682e-04	0.006768	4
MRPL11	4	1.0224e-02	5.8822e-04	0.006893	4
ARGLU1	4	1.0227e-02	5.8822e-04	0.006893	3
CDK2	4	1.0286e-02	6.0583e-04	0.007073	4
SRSF11	4	1.0288e-02	6.0583e-04	0.007073	4
SSX4	4	1.0289e-02	6.0583e-04	0.007073	4
SPCS3	4	1.0294e-02	6.0583e-04	0.007073	3
ZNF492	4	1.0295e-02	6.0583e-04	0.007073	4
UFL1	4	1.0306e-02	6.0583e-04	0.007073	3
TSR1	4	1.0351e-02	6.2603e-04	0.007262	3
CDC27	4	1.0351e-02	6.2603e-04	0.007262	4
GEMIN6	4	1.0363e-02	6.2603e-04	0.007262	3
DLST	4	1.0368e-02	6.2603e-04	0.007262	4
PSMC6	4	1.0370e-02	6.2603e-04	0.007262	4
WASF2	4	1.0428e-02	6.2603e-04	0.007262	3
OSGEP	4	1.0458e-02	6.2655e-04	0.007262	2
MRPL30	4	1.0464e-02	6.2655e-04	0.007262	2
VIM	4	1.0470e-02	6.2655e-04	0.007262	4
HECTD1	4	1.0470e-02	6.2655e-04	0.007262	4
PRKCH	4	1.0549e-02	6.2655e-04	0.007262	4
MRPS22	4	1.0562e-02	6.2655e-04	0.007262	3
GDAP2	4	1.0586e-02	6.4157e-04	0.007388	4
KIF23	4	1.0587e-02	6.4157e-04	0.007388	3
BCL6B	4	1.0631e-02	6.4157e-04	0.007388	3
CD300C	4	1.0656e-02	6.4157e-04	0.007388	4
C17orf50	4	1.0658e-02	6.4157e-04	0.007388	4
NDUFS5	4	1.0669e-02	6.4157e-04	0.007388	4
TTC4	4	1.0670e-02	6.4157e-04	0.007388	4
UGT1A8	4	1.0686e-02	6.4157e-04	0.007388	3
RPL39	4	1.0704e-02	6.4209e-04	0.007388	4
TMEM189-UBE2V1	4	1.0758e-02	6.4209e-04	0.007388	3
CREB1	4	1.0805e-02	6.4209e-04	0.007388	3
PLRG1	4	1.0806e-02	6.4209e-04	0.007388	3
UBIAD1	4	1.0836e-02	6.5349e-04	0.007515	3
RGP1	4	1.0858e-02	6.6799e-04	0.007642	3
CDC23	4	1.0865e-02	6.6799e-04	0.007642	3
ZFX	4	1.0886e-02	6.6799e-04	0.007642	3
MYBBP1A	4	1.0889e-02	6.6799e-04	0.007642	4
FOXD4L1	4	1.0946e-02	6.6799e-04	0.007642	3
RGR	4	1.0992e-02	6.6851e-04	0.007642	4
LDLR	4	1.0997e-02	6.6851e-04	0.007642	3
SEPTIN7	4	1.1053e-02	6.6851e-04	0.007642	4
CTDSP1	4	1.1063e-02	6.6851e-04	0.007642	3
NCKAP1L	4	1.1063e-02	6.6851e-04	0.007642	4
DONSON	4	1.1084e-02	6.8716e-04	0.007836	3
SMAD4	4	1.1158e-02	6.8716e-04	0.007836	4
NPHP1	4	1.1166e-02	6.8716e-04	0.007836	3
LOC102724862	4	1.1171e-02	6.8716e-04	0.007836	3
USP17L26	4	1.1268e-02	6.8768e-04	0.007838	4
MRPS18C	4	1.1315e-02	7.0892e-04	0.008071	3
RBM25	4	1.1369e-02	7.0943e-04	0.008071	4
GPR62	4	1.1373e-02	7.0943e-04	0.008071	4
VAPA	4	1.1405e-02	7.2912e-04	0.008218	4
PAX5	4	1.1433e-02	7.2912e-04	0.008218	3
FLII	4	1.1433e-02	7.2912e-04	0.008218	4
ACSF2	4	1.1437e-02	7.2912e-04	0.008218	3
OR11H2	4	1.1454e-02	7.2912e-04	0.008218	4
TIAL1	4	1.1503e-02	7.2912e-04	0.008218	4
DPH1	4	1.1529e-02	7.2912e-04	0.008218	4
EIF4E3	4	1.1550e-02	7.2912e-04	0.008218	3
C10orf90	4	1.1609e-02	7.2964e-04	0.008218	3
LOC100289561	4	1.1625e-02	7.2964e-04	0.008218	3
RQCD1	4	1.1635e-02	7.2964e-04	0.008218	4
LPCAT3	4	1.1653e-02	7.2964e-04	0.008218	4
SNAI2	4	1.1658e-02	7.2964e-04	0.008218	4
HSP90AA1	4	1.1710e-02	7.2964e-04	0.008218	4
NPB	4	1.1742e-02	7.2964e-04	0.008218	3
GOLGA6D	4	1.1753e-02	7.2964e-04	0.008218	4
MAPRE3	4	1.1755e-02	7.2964e-04	0.008218	4
HIST2H3C	4	1.1795e-02	7.4311e-04	0.008355	4
ARHGAP27	4	1.1825e-02	7.4311e-04	0.008355	4
ATL2	4	1.1835e-02	7.4311e-04	0.008355	4
PSRC1	4	1.1853e-02	7.4362e-04	0.008356	4
C14orf2	4	1.1922e-02	7.6020e-04	0.008434	4
RAD50	4	1.1938e-02	7.6020e-04	0.008434	4
MECR	4	1.1944e-02	7.6020e-04	0.008434	4
BCCIP	4	1.1954e-02	7.6020e-04	0.008434	4
SEH1L	4	1.1967e-02	7.6020e-04	0.008434	4
WAC	4	1.1970e-02	7.6020e-04	0.008434	3
TCEB1	4	1.2000e-02	7.6020e-04	0.008434	4
MGA	4	1.2010e-02	7.6020e-04	0.008434	3
MAN1B1	4	1.2050e-02	7.6020e-04	0.008434	3
MAD2L1	4	1.2069e-02	7.6020e-04	0.008434	3
DNMT1	4	1.2105e-02	7.6020e-04	0.008434	3
RANBP2	4	1.2111e-02	7.6020e-04	0.008434	3
CNOT10	4	1.2128e-02	7.6020e-04	0.008434	4
CENPW	4	1.2256e-02	7.6072e-04	0.008434	4
PPIL4	4	1.2262e-02	7.6072e-04	0.008434	3
ACIN1	4	1.2287e-02	7.6072e-04	0.008434	3
SERGEF	4	1.2311e-02	7.6072e-04	0.008434	3
SFSWAP	4	1.2325e-02	7.6072e-04	0.008434	4
GARS	4	1.2352e-02	7.6072e-04	0.008434	4
UBL7	4	1.2363e-02	7.6072e-04	0.008434	3
CCDC94	4	1.2371e-02	7.6072e-04	0.008434	4
ASXL1	4	1.2375e-02	7.6072e-04	0.008434	4
SOWAHA	4	1.2381e-02	7.6072e-04	0.008434	4
VPS11	4	1.2405e-02	7.7263e-04	0.008542	3
BRAT1	4	1.2434e-02	7.7263e-04	0.008542	2
POLE3	4	1.2468e-02	7.7315e-04	0.008542	3
ABCD3	4	1.2484e-02	7.7315e-04	0.008542	4
SAR1A	4	1.2506e-02	7.7315e-04	0.008542	3
ZNF131	4	1.2507e-02	7.7315e-04	0.008542	2
SNCG	4	1.2527e-02	7.8610e-04	0.008666	3
TINF2	4	1.2527e-02	7.8610e-04	0.008666	4
C19orf66	4	1.2544e-02	7.8662e-04	0.008666	3
OSTC	4	1.2551e-02	7.8662e-04	0.008666	4
TXN2	4	1.2554e-02	7.8662e-04	0.008666	3
CLDN12	4	1.2580e-02	8.0682e-04	0.008828	4
NBPF11	4	1.2599e-02	8.0682e-04	0.008828	4
CHAC2	4	1.2640e-02	8.0682e-04	0.008828	4
TONSL	4	1.2650e-02	8.0682e-04	0.008828	4
CCR6	4	1.2669e-02	8.0682e-04	0.008828	4
PPP4R2	4	1.2688e-02	8.0682e-04	0.008828	4
BCL2L14	4	1.2688e-02	8.0682e-04	0.008828	3
IKZF5	4	1.2708e-02	8.0682e-04	0.008828	3
AGAP6	4	1.2721e-02	8.0734e-04	0.008828	3
DDAH2	4	1.2759e-02	8.0734e-04	0.008828	4
LLPH	4	1.2792e-02	8.0734e-04	0.008828	3
SRPR	4	1.2862e-02	8.0734e-04	0.008828	2
GAPT	4	1.2862e-02	8.0734e-04	0.008828	4
PPAN	4	1.2875e-02	8.3065e-04	0.009067	4
MED27	4	1.2875e-02	8.3065e-04	0.009067	3
TOPBP1	4	1.2902e-02	8.3117e-04	0.009067	2
TFEC	4	1.2904e-02	8.3117e-04	0.009067	4
KCNH4	4	1.2949e-02	8.4723e-04	0.009211	4
GOLGA6L4	4	1.2963e-02	8.4723e-04	0.009211	3
OBFC1	4	1.2997e-02	8.4723e-04	0.009211	3
GAK	4	1.3003e-02	8.4723e-04	0.009211	3
CWC25	4	1.3031e-02	8.4775e-04	0.009211	2
MRPL39	4	1.3049e-02	8.4775e-04	0.009211	3
SGCG	4	1.3073e-02	8.4775e-04	0.009211	4
FOXD1	4	1.3103e-02	8.6380e-04	0.009242	4
XRN1	4	1.3131e-02	8.6432e-04	0.009242	4
SRRT	4	1.3198e-02	8.6795e-04	0.009242	4
TRIM43	4	1.3220e-02	8.6795e-04	0.009242	4
C11orf57	4	1.3238e-02	8.6795e-04	0.009242	3
COPS8	4	1.3269e-02	8.6795e-04	0.009242	3
PRKRIP1	4	1.3327e-02	8.6795e-04	0.009242	3
TEX19	4	1.3344e-02	8.6795e-04	0.009242	4
ZW10	4	1.3382e-02	8.6795e-04	0.009242	3
KANSL2	4	1.3396e-02	8.6795e-04	0.009242	4
PRPF39	4	1.3456e-02	8.6847e-04	0.009242	4
CDK9	3	1.3471e-02	4.7373e-04	0.005742	3
ZBTB2	4	1.3475e-02	8.6847e-04	0.009242	3
MEA1	4	1.3475e-02	8.6847e-04	0.009242	3
TMEM26	4	1.3491e-02	8.6847e-04	0.009242	4
ARMT1	4	1.3493e-02	8.6847e-04	0.009242	4
SSBP4	4	1.3497e-02	8.6847e-04	0.009242	3
NUPL1	4	1.3516e-02	8.6847e-04	0.009242	3
NUFIP1	4	1.3523e-02	8.6847e-04	0.009242	4
SELL	4	1.3527e-02	8.6847e-04	0.009242	4
PRPF3	4	1.3549e-02	8.6847e-04	0.009242	4
NUP153	4	1.3551e-02	8.6847e-04	0.009242	4
IFNGR2	4	1.3556e-02	8.6847e-04	0.009242	4
RPP40	4	1.3565e-02	8.6847e-04	0.009242	3
MAGEA9	4	1.3567e-02	8.6847e-04	0.009242	4
SLC26A2	4	1.3579e-02	8.6847e-04	0.009242	4
ABHD13	4	1.3620e-02	8.6847e-04	0.009242	4
ERCC4	4	1.3628e-02	8.6847e-04	0.009242	3
FAM92A1	4	1.3643e-02	8.6847e-04	0.009242	4
MVD	4	1.3647e-02	8.6847e-04	0.009242	3
GTF3A	4	1.3647e-02	8.6847e-04	0.009242	3
PFDN6	4	1.3654e-02	8.6847e-04	0.009242	2
WDR7	4	1.3654e-02	8.6847e-04	0.009242	3
PDE12	4	1.3657e-02	8.6847e-04	0.009242	4
FOXD4L5	4	1.3668e-02	8.6847e-04	0.009242	3
PTGIS	4	1.3672e-02	8.6847e-04	0.009242	4
WDR48	3	1.3677e-02	4.8720e-04	0.005845	3
DCAF13	4	1.3679e-02	8.6847e-04	0.009242	2
FCGR2B	4	1.3736e-02	8.6847e-04	0.009242	4
MBD3L3	4	1.3749e-02	8.7624e-04	0.009310	4
NFYB	4	1.3751e-02	8.7624e-04	0.009310	3
PRAMEF5	4	1.3800e-02	8.7676e-04	0.009310	4
MRPS14	4	1.3804e-02	8.7676e-04	0.009310	3
RAB1A	4	1.3864e-02	8.8556e-04	0.009393	4
LOC653602	4	1.3874e-02	8.8556e-04	0.009393	4
GATC	4	1.3908e-02	8.8608e-04	0.009393	4
FIS1	4	1.3944e-02	9.0317e-04	0.009569	3
ABT1	4	1.3968e-02	9.2182e-04	0.009745	4
CCNL1	4	1.3970e-02	9.2182e-04	0.009745	4
ATXN10	4	1.3987e-02	9.2182e-04	0.009745	4
H3F3A	3	1.4006e-02	4.8772e-04	0.005848	2
OR4F3	4	1.4024e-02	9.2234e-04	0.009745	2
ADGRG4	4	1.4043e-02	9.2234e-04	0.009745	4
SMTNL1	4	1.4045e-02	9.3736e-04	0.009898	2
SORBS1	4	1.4099e-02	9.5446e-04	0.010045	3
RRP1B	4	1.4101e-02	9.5446e-04	0.010045	4
AAGAB	4	1.4105e-02	9.5446e-04	0.010045	3
SPANXD	4	1.4106e-02	9.5446e-04	0.010045	4
S100A7	4	1.4142e-02	9.5446e-04	0.010045	4
CTCF	4	1.4199e-02	9.5498e-04	0.010045	2
HIST2H2AA3	4	1.4240e-02	9.5498e-04	0.010045	4
POLR2I	4	1.4252e-02	9.7518e-04	0.010241	4
ZNF526	4	1.4254e-02	9.7518e-04	0.010241	4
VARS2	4	1.4257e-02	9.7518e-04	0.010241	4
PDE4C	4	1.4288e-02	9.8088e-04	0.010289	3
ATP5B	4	1.4297e-02	9.8140e-04	0.010289	3
HIST1H2BJ	4	1.4297e-02	9.8140e-04	0.010289	4
RABEPK	4	1.4366e-02	1.0130e-03	0.010609	4
TAL2	4	1.4377e-02	1.0130e-03	0.010609	3
XAGE1E	4	1.4397e-02	1.0135e-03	0.010609	4
MRPS18B	4	1.4417e-02	1.0348e-03	0.010713	4
INO80	4	1.4419e-02	1.0348e-03	0.010713	4
ADAMTSL1	4	1.4431e-02	1.0348e-03	0.010713	4
NASP	4	1.4469e-02	1.0348e-03	0.010713	3
PGLYRP2	4	1.4487e-02	1.0348e-03	0.010713	4
SLC35F3	4	1.4495e-02	1.0348e-03	0.010713	4
MCOLN1	4	1.4606e-02	1.0348e-03	0.010713	4
ZDHHC16	4	1.4630e-02	1.0348e-03	0.010713	4
DDX1	4	1.4649e-02	1.0348e-03	0.010713	3
SNX9	4	1.4652e-02	1.0348e-03	0.010713	4
BTBD11	4	1.4656e-02	1.0353e-03	0.010713	4
NKAP	4	1.4691e-02	1.0353e-03	0.010713	3
TFG	4	1.4715e-02	1.0353e-03	0.010713	4
NCLN	4	1.4737e-02	1.0353e-03	0.010713	4
SKA3	4	1.4780e-02	1.0353e-03	0.010713	4
TBPL2	4	1.4796e-02	1.0353e-03	0.010713	4
MINOS1	4	1.4812e-02	1.0353e-03	0.010713	3
WEE1	4	1.4828e-02	1.0353e-03	0.010713	3
NELL1	4	1.4831e-02	1.0353e-03	0.010713	4
PDCD7	4	1.4858e-02	1.0353e-03	0.010713	4
GFM2	4	1.4881e-02	1.0353e-03	0.010713	4
WNT10A	4	1.4893e-02	1.0539e-03	0.010900	4
H2AFB2	4	1.4982e-02	1.0767e-03	0.011117	4
TMEM259	4	1.5046e-02	1.0772e-03	0.011117	4
SLC22A7	4	1.5048e-02	1.0772e-03	0.011117	4
ACTR5	4	1.5057e-02	1.0772e-03	0.011117	3
PIEZO1	4	1.5098e-02	1.1047e-03	0.011351	3
UCHL5	4	1.5102e-02	1.1047e-03	0.011351	3
OPALIN	4	1.5105e-02	1.1047e-03	0.011351	4
HNRNPH1	4	1.5145e-02	1.1047e-03	0.011351	3
PSG7	4	1.5149e-02	1.1047e-03	0.011351	4
TPPP	4	1.5178e-02	1.1052e-03	0.011351	4
ENO4	4	1.5186e-02	1.1052e-03	0.011351	3
SRSF9	4	1.5216e-02	1.1052e-03	0.011351	4
UNC50	4	1.5266e-02	1.1052e-03	0.011351	3
MRPL27	4	1.5283e-02	1.1311e-03	0.011603	3
ATAD1	4	1.5310e-02	1.1311e-03	0.011603	4
RNPEP	4	1.5358e-02	1.1316e-03	0.011603	3
DNAH14	4	1.5421e-02	1.1637e-03	0.011787	4
GADD45B	4	1.5437e-02	1.1637e-03	0.011787	4
GABRG2	4	1.5501e-02	1.1731e-03	0.011787	4
SLTM	4	1.5578e-02	1.1731e-03	0.011787	3
HAUS1	4	1.5591e-02	1.1731e-03	0.011787	4
WDR70	4	1.5598e-02	1.1731e-03	0.011787	4
POLR2D	4	1.5599e-02	1.1731e-03	0.011787	3
RTF1	4	1.5613e-02	1.1731e-03	0.011787	3
IMPDH2	4	1.5624e-02	1.1731e-03	0.011787	4
ADCY4	4	1.5636e-02	1.1731e-03	0.011787	4
CMPK1	4	1.5642e-02	1.1731e-03	0.011787	4
NUP62	4	1.5655e-02	1.1731e-03	0.011787	3
CFP	4	1.5675e-02	1.1731e-03	0.011787	3
TTK	4	1.5727e-02	1.1731e-03	0.011787	3
LOR	4	1.5742e-02	1.1731e-03	0.011787	4
WNT16	4	1.5759e-02	1.1731e-03	0.011787	4
DNAJC2	4	1.5790e-02	1.1731e-03	0.011787	4
HAND2	4	1.5791e-02	1.1731e-03	0.011787	4
PCF11	4	1.5794e-02	1.1731e-03	0.011787	4
RFC4	4	1.5808e-02	1.1731e-03	0.011787	4
C2orf27B	4	1.5825e-02	1.1731e-03	0.011787	3
TRAPPC4	4	1.5832e-02	1.1731e-03	0.011787	3
NRF1	4	1.5857e-02	1.1731e-03	0.011787	3
LAMTOR3	4	1.5873e-02	1.1731e-03	0.011787	4
MAPK6	4	1.5879e-02	1.1731e-03	0.011787	4
LYL1	4	1.5883e-02	1.1731e-03	0.011787	4
PI4KB	4	1.5893e-02	1.1736e-03	0.011787	4
NOLC1	4	1.5942e-02	1.1736e-03	0.011787	3
GRM8	4	1.6009e-02	1.1736e-03	0.011787	4
SCD	4	1.6033e-02	1.1736e-03	0.011787	4
C1QTNF9B-AS1	4	1.6065e-02	1.1736e-03	0.011787	3
CRBN	4	1.6079e-02	1.1736e-03	0.011787	3
DLX3	4	1.6143e-02	1.1736e-03	0.011787	4
RGN	4	1.6166e-02	1.1736e-03	0.011787	4
TRAIP	4	1.6222e-02	1.1736e-03	0.011787	4
TAS1R1	4	1.6243e-02	1.1736e-03	0.011787	3
TCERG1	4	1.6298e-02	1.1736e-03	0.011787	3
DNTTIP1	4	1.6319e-02	1.1736e-03	0.011787	4
ARL1	4	1.6335e-02	1.1736e-03	0.011787	4
TBC1D5	4	1.6438e-02	1.2197e-03	0.012217	3
PPIAL4G	4	1.6444e-02	1.2197e-03	0.012217	3
RCOR1	4	1.6457e-02	1.2202e-03	0.012217	4
ZNF367	4	1.6471e-02	1.2202e-03	0.012217	4
MRPS21	4	1.6478e-02	1.2202e-03	0.012217	3
ZCCHC9	4	1.6495e-02	1.2202e-03	0.012217	3
RNF113A	4	1.6497e-02	1.2295e-03	0.012264	4
TMUB2	4	1.6509e-02	1.2295e-03	0.012264	4
GTF3C2	4	1.6511e-02	1.2295e-03	0.012264	3
GOLGA6C	4	1.6514e-02	1.2295e-03	0.012264	4
NR1H2	4	1.6562e-02	1.2295e-03	0.012264	2
HAX1	4	1.6573e-02	1.2300e-03	0.012264	3
WTH3DI	4	1.6592e-02	1.2300e-03	0.012264	2
PAGE3	4	1.6604e-02	1.2300e-03	0.012264	4
RAB7A	4	1.6629e-02	1.2378e-03	0.012313	4
INTS5	4	1.6651e-02	1.2378e-03	0.012313	4
GFER	4	1.6664e-02	1.2378e-03	0.012313	2
MEMO1	4	1.6695e-02	1.2383e-03	0.012313	4
TAZ	4	1.6718e-02	1.2383e-03	0.012313	4
TRMT10A	4	1.6729e-02	1.2477e-03	0.012380	3
FAM20B	4	1.6785e-02	1.2482e-03	0.012380	4
EXOSC6	4	1.6805e-02	1.2482e-03	0.012380	3
CWC15	4	1.6820e-02	1.2482e-03	0.012380	3
UBAP2L	4	1.6873e-02	1.2741e-03	0.012630	4
ORC4	4	1.6892e-02	1.2984e-03	0.012844	3
WDR76	4	1.6909e-02	1.2984e-03	0.012844	4
JMJD6	4	1.6923e-02	1.2989e-03	0.012844	4
DSN1	4	1.6927e-02	1.2989e-03	0.012844	4
PDE3A	4	1.6938e-02	1.2989e-03	0.012844	2
SAMD10	4	1.6975e-02	1.3129e-03	0.012975	4
LEMD2	4	1.7053e-02	1.3305e-03	0.013073	4
EIF4ENIF1	4	1.7080e-02	1.3305e-03	0.013073	3
MAGEB16	4	1.7081e-02	1.3305e-03	0.013073	3
LENG8	4	1.7099e-02	1.3305e-03	0.013073	2
DAZ1	4	1.7142e-02	1.3305e-03	0.013073	2
TSSK4	4	1.7168e-02	1.3305e-03	0.013073	3
TRIM49C	4	1.7180e-02	1.3311e-03	0.013073	3
TCEAL8	4	1.7226e-02	1.3311e-03	0.013073	3
GLIPR1	4	1.7267e-02	1.3311e-03	0.013073	3
PEG10	4	1.7295e-02	1.3311e-03	0.013073	4
RHOG	4	1.7298e-02	1.3311e-03	0.013073	4
INPP5B	4	1.7323e-02	1.3311e-03	0.013073	4
ASPM	4	1.7361e-02	1.3564e-03	0.013316	4
GP1BB	4	1.7392e-02	1.3710e-03	0.013415	4
HSD17B10	4	1.7404e-02	1.3710e-03	0.013415	3
SLC4A5	4	1.7435e-02	1.3710e-03	0.013415	4
OSM	4	1.7467e-02	1.3715e-03	0.013415	3
SLC9C2	4	1.7479e-02	1.3715e-03	0.013415	4
C10orf142	4	1.7489e-02	1.3715e-03	0.013415	4
EIF3F	4	1.7497e-02	1.3715e-03	0.013415	3
GTF2H1	4	1.7614e-02	1.4031e-03	0.013687	3
METAP1	4	1.7634e-02	1.4036e-03	0.013687	4
AP1M1	4	1.7637e-02	1.4036e-03	0.013687	3
FPGT	4	1.7674e-02	1.4036e-03	0.013687	4
SDF2L1	4	1.7680e-02	1.4036e-03	0.013687	4
PAK1IP1	4	1.7700e-02	1.4036e-03	0.013687	3
MRPS17	4	1.7735e-02	1.4290e-03	0.013883	3
EIF4E2	4	1.7739e-02	1.4290e-03	0.013883	4
MRPS35	4	1.7741e-02	1.4290e-03	0.013883	4
RPA2	4	1.7788e-02	1.4290e-03	0.013883	4
OR4K5	4	1.7851e-02	1.4290e-03	0.013883	4
RPL29	4	1.7864e-02	1.4290e-03	0.013883	2
IFI27L1	4	1.7990e-02	1.4295e-03	0.013883	4
POMT2	4	1.8012e-02	1.4295e-03	0.013883	4
PRDM5	4	1.8045e-02	1.4445e-03	0.013991	4
UBAP1	4	1.8099e-02	1.4445e-03	0.013991	3
OR12D2	4	1.8105e-02	1.4445e-03	0.013991	4
SLC5A7	4	1.8108e-02	1.4445e-03	0.013991	4
TTC14	4	1.8146e-02	1.4450e-03	0.013991	4
ADSSL1	4	1.8184e-02	1.4450e-03	0.013991	4
CNIH4	4	1.8219e-02	1.4663e-03	0.014173	4
RIC8B	4	1.8222e-02	1.4663e-03	0.014173	4
CHMP5	4	1.8281e-02	1.4668e-03	0.014173	2
BCL2L10	4	1.8358e-02	1.4668e-03	0.014173	4
PPP1R21	4	1.8525e-02	1.4891e-03	0.014278	4
FAM178A	4	1.8528e-02	1.4891e-03	0.014278	3
USP17L18	4	1.8588e-02	1.4891e-03	0.014278	4
SHOX	4	1.8601e-02	1.4891e-03	0.014278	4
RIC1	4	1.8629e-02	1.4896e-03	0.014278	3
PKP3	4	1.8634e-02	1.4896e-03	0.014278	3
INTS6	4	1.8640e-02	1.4896e-03	0.014278	4
E2F1	4	1.8644e-02	1.4896e-03	0.014278	3
MYH7B	4	1.8682e-02	1.4896e-03	0.014278	4
MASTL	4	1.8684e-02	1.4896e-03	0.014278	4
IK	4	1.8693e-02	1.4896e-03	0.014278	3
KIF2C	4	1.8698e-02	1.4896e-03	0.014278	4
NGDN	4	1.8752e-02	1.4896e-03	0.014278	3
DDX60	4	1.8753e-02	1.4896e-03	0.014278	4
CPA5	4	1.8790e-02	1.4896e-03	0.014278	4
QRICH1	4	1.8792e-02	1.4896e-03	0.014278	4
MFSD12	4	1.8868e-02	1.5243e-03	0.014596	4
GK2	4	1.8911e-02	1.5533e-03	0.014851	3
RPL36A-HNRNPH2	4	1.8920e-02	1.5533e-03	0.014851	3
GATA1	4	1.8924e-02	1.5533e-03	0.014851	3
SHANK1	4	1.8992e-02	1.5730e-03	0.014970	3
EIF3G	4	1.9025e-02	1.5730e-03	0.014970	3
H2AFZ	4	1.9048e-02	1.5730e-03	0.014970	3
ZAR1L	4	1.9067e-02	1.5730e-03	0.014970	4
TBC1D15	4	1.9072e-02	1.5730e-03	0.014970	3
SPRR2B	4	1.9125e-02	1.5730e-03	0.014970	3
CCDC115	4	1.9146e-02	1.5730e-03	0.014970	3
GPR25	4	1.9219e-02	1.5735e-03	0.014970	4
ATP2B3	4	1.9247e-02	1.5735e-03	0.014970	3
LRIF1	4	1.9310e-02	1.5735e-03	0.014970	4
CCDC69	4	1.9329e-02	1.5901e-03	0.015112	4
SQRDL	4	1.9331e-02	1.5901e-03	0.015112	4
CPB1	4	1.9358e-02	1.6144e-03	0.015329	4
PRKRA	4	1.9368e-02	1.6144e-03	0.015329	3
MEF2BNB	4	1.9401e-02	1.6414e-03	0.015528	4
PRRT1	4	1.9408e-02	1.6414e-03	0.015528	1
TNFRSF8	4	1.9428e-02	1.6414e-03	0.015528	4
FAM188B	4	1.9459e-02	1.6414e-03	0.015528	4
RORA	4	1.9491e-02	1.6414e-03	0.015528	3
GPAA1	4	1.9515e-02	1.6419e-03	0.015528	4
NDUFB7	4	1.9517e-02	1.6419e-03	0.015528	3
YKT6	4	1.9577e-02	1.6419e-03	0.015528	3
CDS2	4	1.9643e-02	1.6704e-03	0.015693	4
LPCAT1	4	1.9659e-02	1.6704e-03	0.015693	3
MED14	4	1.9659e-02	1.6704e-03	0.015693	3
PAPOLA	4	1.9720e-02	1.6704e-03	0.015693	4
PIWIL2	4	1.9764e-02	1.6704e-03	0.015693	4
EXOC3L4	4	1.9765e-02	1.6704e-03	0.015693	4
ST13	4	1.9767e-02	1.6709e-03	0.015693	4
NHP2L1	4	1.9793e-02	1.6709e-03	0.015693	3
MTMR9	4	1.9833e-02	1.6709e-03	0.015693	4
NOP9	4	1.9860e-02	1.6709e-03	0.015693	3
KLHL30	4	1.9866e-02	1.6709e-03	0.015693	4
CTDSPL2	4	1.9879e-02	1.6709e-03	0.015693	4
PDCD6	4	1.9882e-02	1.6709e-03	0.015693	4
PTBP1	4	1.9883e-02	1.6709e-03	0.015693	3
CHRNA1	4	1.9984e-02	1.6880e-03	0.015828	4
RNF185	4	2.0017e-02	1.6885e-03	0.015828	4
CNPY2	4	2.0047e-02	1.6885e-03	0.015828	3
PDAP1	4	2.0063e-02	1.6885e-03	0.015828	3
WNK4	4	2.0096e-02	1.7154e-03	0.016069	3
TM6SF2	4	2.0117e-02	1.7160e-03	0.016069	3
RNASEH2B	4	2.0170e-02	1.7377e-03	0.016183	3
MAX	4	2.0195e-02	1.7377e-03	0.016183	3
ALG8	4	2.0239e-02	1.7377e-03	0.016183	4
CFL2	4	2.0255e-02	1.7377e-03	0.016183	4
NSMCE4A	4	2.0394e-02	1.7382e-03	0.016183	4
EHBP1	4	2.0415e-02	1.7382e-03	0.016183	3
UGT2B28	4	2.0419e-02	1.7382e-03	0.016183	4
ZMYND8	4	2.0438e-02	1.7382e-03	0.016183	4
REEP6	4	2.0467e-02	1.7382e-03	0.016183	3
ANTXRL	4	2.0473e-02	1.7382e-03	0.016183	4
DEDD2	4	2.0478e-02	1.7382e-03	0.016183	4
RGS7	4	2.0500e-02	1.7382e-03	0.016183	3
ALG5	4	2.0515e-02	1.7931e-03	0.016626	3
MED26	4	2.0530e-02	1.7931e-03	0.016626	3
ACSL3	4	2.0533e-02	1.7931e-03	0.016626	4
SOCS6	4	2.0540e-02	1.7931e-03	0.016626	4
MRPL13	4	2.0553e-02	1.7931e-03	0.016626	4
GANAB	4	2.0622e-02	1.7937e-03	0.016626	4
HSPA12B	4	2.0640e-02	1.7937e-03	0.016626	3
PABPC1	4	2.0661e-02	1.7937e-03	0.016626	3
MED31	4	2.0695e-02	1.7937e-03	0.016626	3
FAM91A1	4	2.0729e-02	1.8180e-03	0.016824	4
CNTROB	4	2.0749e-02	1.8180e-03	0.016824	3
TRMT10C	4	2.0770e-02	1.8185e-03	0.016824	3
MTG1	4	2.0794e-02	1.8185e-03	0.016824	4
OR4F29	3	2.0826e-02	1.2389e-03	0.012313	3
DHX38	4	2.0886e-02	1.8232e-03	0.016850	3
OLFM4	4	2.0896e-02	1.8232e-03	0.016850	4
ZNF462	4	2.0918e-02	1.8512e-03	0.017040	4
SLC9A3R1	4	2.0929e-02	1.8512e-03	0.017040	4
SPINT1	4	2.0962e-02	1.8512e-03	0.017040	4
REXO1	4	2.0968e-02	1.8512e-03	0.017040	3
FAF2	4	2.0972e-02	1.8512e-03	0.017040	2
FCRL6	4	2.1074e-02	1.8517e-03	0.017040	2
FAM63A	4	2.1162e-02	1.8517e-03	0.017040	4
FAM35A	4	2.1163e-02	1.8517e-03	0.017040	3
PAM16	4	2.1168e-02	1.8517e-03	0.017040	4
SYNPO2	4	2.1175e-02	1.8740e-03	0.017195	4
HPDL	4	2.1185e-02	1.8740e-03	0.017195	4
KRT14	4	2.1193e-02	1.8740e-03	0.017195	4
KRTAP4-12	4	2.1249e-02	1.8740e-03	0.017195	4
RBM12	4	2.1270e-02	1.8740e-03	0.017195	3
ATP1A1	4	2.1285e-02	1.8740e-03	0.017195	2
UBE2J1	4	2.1435e-02	1.9304e-03	0.017696	4
GPRC5A	4	2.1499e-02	1.9304e-03	0.017696	4
POLR3G	4	2.1684e-02	1.9791e-03	0.018134	4
VCX2	4	2.1803e-02	2.0081e-03	0.018316	3
PRF1	4	2.1834e-02	2.0081e-03	0.018316	4
SUN2	4	2.1920e-02	2.0081e-03	0.018316	3
TMEM2	4	2.1931e-02	2.0081e-03	0.018316	4
DIABLO	4	2.2020e-02	2.0086e-03	0.018316	3
FAM25G	4	2.2040e-02	2.0086e-03	0.018316	3
GTPBP2	4	2.2047e-02	2.0086e-03	0.018316	3
MMAA	4	2.2077e-02	2.0086e-03	0.018316	3
WRB	4	2.2198e-02	2.0086e-03	0.018316	2
HOXD8	4	2.2231e-02	2.0086e-03	0.018316	4
ZNF830	4	2.2262e-02	2.0397e-03	0.018499	3
C4orf36	4	2.2328e-02	2.0397e-03	0.018499	4
NBL1	4	2.2333e-02	2.0397e-03	0.018499	2
HNRNPLL	4	2.2370e-02	2.0397e-03	0.018499	4
RBM39	4	2.2390e-02	2.0397e-03	0.018499	2
SRM	4	2.2446e-02	2.0402e-03	0.018499	4
CTAG2	4	2.2461e-02	2.0402e-03	0.018499	4
GPALPP1	4	2.2473e-02	2.0402e-03	0.018499	4
UNC45B	4	2.2476e-02	2.0402e-03	0.018499	4
NDST1	3	2.2537e-02	1.5082e-03	0.014449	3
XPO4	4	2.2567e-02	2.0402e-03	0.018499	3
RPL41	4	2.2568e-02	2.0402e-03	0.018499	3
UQCRH	4	2.2570e-02	2.0402e-03	0.018499	4
CUTA	4	2.2672e-02	2.0729e-03	0.018684	2
KIAA1522	4	2.2672e-02	2.0729e-03	0.018684	4
NFIC	4	2.2681e-02	2.0729e-03	0.018684	2
KRTAP9-4	4	2.2688e-02	2.0729e-03	0.018684	4
ZSCAN20	4	2.2694e-02	2.0729e-03	0.018684	4
GPR132	4	2.2760e-02	2.0729e-03	0.018684	3
DUSP7	4	2.2803e-02	2.0734e-03	0.018684	3
ZNF25	4	2.2815e-02	2.0734e-03	0.018684	4
TAC4	4	2.2851e-02	2.0734e-03	0.018684	4
MOS	4	2.2856e-02	2.0734e-03	0.018684	4
IPO8	4	2.2912e-02	2.0734e-03	0.018684	4
HIST2H2AA4	4	2.2937e-02	2.0734e-03	0.018684	4
DUSP18	4	2.2946e-02	2.0734e-03	0.018684	4
GGA3	4	2.2964e-02	2.1003e-03	0.018909	4
SEMA6B	4	2.2966e-02	2.1003e-03	0.018909	3
SLC25A26	4	2.3032e-02	2.1454e-03	0.019256	4
PSPN	4	2.3062e-02	2.1454e-03	0.019256	4
MSH3	4	2.3071e-02	2.1454e-03	0.019256	4
NETO2	4	2.3085e-02	2.1454e-03	0.019256	4
SSSCA1	4	2.3127e-02	2.1459e-03	0.019256	4
ZNF736	4	2.3128e-02	2.1459e-03	0.019256	2
CLCC1	4	2.3157e-02	2.1459e-03	0.019256	4
NAA30	4	2.3168e-02	2.1868e-03	0.019614	3
RALGPS2	4	2.3208e-02	2.2122e-03	0.019832	3
RGPD5	4	2.3237e-02	2.2366e-03	0.019980	4
NKX1-2	4	2.3278e-02	2.2366e-03	0.019980	4
PIK3R2	4	2.3288e-02	2.2366e-03	0.019980	4
AKAP9	4	2.3316e-02	2.2371e-03	0.019980	3
H2AFV	4	2.3328e-02	2.2371e-03	0.019980	4
RAB6A	4	2.3331e-02	2.2371e-03	0.019980	3
C2orf49	4	2.3348e-02	2.2371e-03	0.019980	3
CHST7	4	2.3352e-02	2.2371e-03	0.019980	4
OR10K2	4	2.3454e-02	2.2842e-03	0.020382	4
DHRSX	4	2.3460e-02	2.2842e-03	0.020382	4
FAM72B	4	2.3500e-02	2.3189e-03	0.020677	4
ADAD2	4	2.3572e-02	2.3195e-03	0.020677	4
B3GALT2	4	2.3656e-02	2.3552e-03	0.020874	4
RPL39L	4	2.3684e-02	2.3552e-03	0.020874	4
GPBP1	4	2.3687e-02	2.3552e-03	0.020874	3
ADAM19	4	2.3848e-02	2.3552e-03	0.020874	2
RPUSD4	4	2.3867e-02	2.3557e-03	0.020874	3
FCRL1	4	2.3928e-02	2.3557e-03	0.020874	3
KRT84	4	2.3946e-02	2.3557e-03	0.020874	2
NIFK	4	2.3955e-02	2.3557e-03	0.020874	3
SSX4B	4	2.3968e-02	2.3557e-03	0.020874	4
MARCHF5	4	2.4032e-02	2.3557e-03	0.020874	3
NXPE3	4	2.4036e-02	2.3557e-03	0.020874	3
ZMAT2	4	2.4043e-02	2.3557e-03	0.020874	2
HIST4H4	4	2.4145e-02	2.4039e-03	0.021291	2
EXOSC1	4	2.4175e-02	2.4277e-03	0.021427	3
PSMD3	4	2.4185e-02	2.4277e-03	0.021427	4
KAT5	4	2.4278e-02	2.4277e-03	0.021427	3
TBL1XR1	4	2.4284e-02	2.4277e-03	0.021427	3
PFN2	4	2.4287e-02	2.4277e-03	0.021427	4
ATP5E	4	2.4359e-02	2.4282e-03	0.021427	3
C14orf166	4	2.4368e-02	2.4282e-03	0.021427	3
SMG9	4	2.4379e-02	2.4282e-03	0.021427	3
PFDN1	4	2.4466e-02	2.4635e-03	0.021662	4
CYP2R1	4	2.4486e-02	2.4635e-03	0.021662	3
TAP2	4	2.4501e-02	2.4635e-03	0.021662	4
MRPL54	4	2.4504e-02	2.4635e-03	0.021662	2
EWSR1	4	2.4524e-02	2.4640e-03	0.021662	3
TPX2	4	2.4545e-02	2.4640e-03	0.021662	4
ZNF675	4	2.4586e-02	2.4640e-03	0.021662	3
FKBPL	4	2.4654e-02	2.5546e-03	0.022433	2
TUBA3D	4	2.4673e-02	2.5552e-03	0.022433	3
S100A5	4	2.4678e-02	2.5552e-03	0.022433	4
IHH	4	2.4732e-02	2.6018e-03	0.022795	3
HS6ST1	4	2.4758e-02	2.6018e-03	0.022795	3
NPIPB9	4	2.4776e-02	2.6018e-03	0.022795	3
PSMC5	4	2.4817e-02	2.6023e-03	0.022795	4
MTRNR2L2	4	2.4851e-02	2.6023e-03	0.022795	3
STXBP5L	4	2.4950e-02	2.6344e-03	0.023055	4
C1orf50	4	2.4983e-02	2.6784e-03	0.023419	4
TEX43	4	2.4989e-02	2.6784e-03	0.023419	4
ZNF99	4	2.5009e-02	2.7157e-03	0.023695	2
RTTN	4	2.5104e-02	2.7163e-03	0.023695	3
EOMES	4	2.5111e-02	2.7163e-03	0.023695	3
SEPTIN2	4	2.5133e-02	2.7163e-03	0.023695	4
AVEN	4	2.5190e-02	2.7163e-03	0.023695	4
OR4K17	4	2.5215e-02	2.7375e-03	0.023712	4
CNOT2	4	2.5233e-02	2.7375e-03	0.023712	2
HCAR3	4	2.5253e-02	2.7375e-03	0.023712	3
YY2	4	2.5257e-02	2.7375e-03	0.023712	4
STMN1	4	2.5258e-02	2.7375e-03	0.023712	3
TIMP2	4	2.5269e-02	2.7375e-03	0.023712	4
FBN1	4	2.5270e-02	2.7375e-03	0.023712	4
ZNF622	4	2.5272e-02	2.7375e-03	0.023712	3
CAMK2B	4	2.5300e-02	2.7375e-03	0.023712	4
HSD11B1L	4	2.5303e-02	2.7375e-03	0.023712	4
SNCA	4	2.5407e-02	2.7380e-03	0.023712	2
VWA1	4	2.5414e-02	2.7380e-03	0.023712	4
SPON1	4	2.5415e-02	2.7380e-03	0.023712	3
SRRD	4	2.5434e-02	2.7380e-03	0.023712	3
IFT46	4	2.5467e-02	2.7380e-03	0.023712	3
ERI1	4	2.5496e-02	2.7380e-03	0.023712	3
KRT40	4	2.5514e-02	2.7639e-03	0.023897	4
NACC1	4	2.5608e-02	2.7639e-03	0.023897	3
ARL17B	4	2.5610e-02	2.7639e-03	0.023897	2
MTX1	4	2.5684e-02	2.7644e-03	0.023897	3
CD2BP2	4	2.5721e-02	2.7857e-03	0.024059	3
FAM188A	4	2.5726e-02	2.7857e-03	0.024059	3
ILK	4	2.5807e-02	2.8261e-03	0.024397	3
RPN2	4	2.5818e-02	2.8701e-03	0.024766	4
LSM3	4	2.5892e-02	2.9147e-03	0.025139	3
ARHGAP5	4	2.5933e-02	2.9934e-03	0.025741	4
TRNT1	4	2.5952e-02	2.9934e-03	0.025741	4
ZFR	4	2.5971e-02	2.9934e-03	0.025741	3
AUNIP	4	2.6057e-02	2.9939e-03	0.025741	4
BYSL	4	2.6059e-02	2.9939e-03	0.025741	3
MED9	4	2.6081e-02	2.9939e-03	0.025741	4
MAGOH	4	2.6099e-02	2.9939e-03	0.025741	3
NMT1	4	2.6120e-02	3.0359e-03	0.025966	2
DOCK4	4	2.6131e-02	3.0359e-03	0.025966	3
CCDC151	4	2.6135e-02	3.0359e-03	0.025966	4
KLF16	4	2.6170e-02	3.0359e-03	0.025966	4
OR4F21	3	2.6270e-02	2.3402e-03	0.020852	2
ZNF480	4	2.6279e-02	3.0364e-03	0.025966	2
NPAT	4	2.6282e-02	3.0364e-03	0.025966	3
ZFC3H1	4	2.6291e-02	3.0364e-03	0.025966	4
TRIM62	4	2.6299e-02	3.0364e-03	0.025966	3
RYK	4	2.6300e-02	3.0364e-03	0.025966	4
VDAC2	4	2.6340e-02	3.0364e-03	0.025966	3
SGK1	4	2.6343e-02	3.0364e-03	0.025966	2
B4GALNT3	4	2.6381e-02	3.0364e-03	0.025966	4
CMTM7	4	2.6420e-02	3.0732e-03	0.026133	4
PSMD8	4	2.6568e-02	3.0732e-03	0.026133	3
GET4	4	2.6596e-02	3.0732e-03	0.026133	3
TMPRSS4	4	2.6660e-02	3.0737e-03	0.026133	4
SCT	4	2.6708e-02	3.0737e-03	0.026133	4
RMND5A	4	2.6737e-02	3.0737e-03	0.026133	3
PRMT7	4	2.6746e-02	3.0737e-03	0.026133	4
ATRX	4	2.6756e-02	3.0737e-03	0.026133	3
FRAT2	4	2.6778e-02	3.0737e-03	0.026133	3
ARPC3	4	2.6778e-02	3.0737e-03	0.026133	3
RFWD3	4	2.6813e-02	3.0737e-03	0.026133	3
ZNF92	4	2.6822e-02	3.0737e-03	0.026133	3
NAA38	4	2.6840e-02	3.0737e-03	0.026133	4
EFR3A	4	2.6852e-02	3.1094e-03	0.026425	3
GTF2F2	3	2.6884e-02	2.4469e-03	0.021582	3
ZNF714	4	2.6944e-02	3.1581e-03	0.026701	4
POLQ	4	2.6961e-02	3.1581e-03	0.026701	3
USPL1	4	2.7001e-02	3.1581e-03	0.026701	3
UTP14A	4	2.7011e-02	3.1581e-03	0.026701	3
OXA1L	4	2.7038e-02	3.1581e-03	0.026701	3
SUCLA2	4	2.7054e-02	3.1581e-03	0.026701	4
PSMB6	4	2.7055e-02	3.1581e-03	0.026701	4
SH3RF2	4	2.7097e-02	3.1587e-03	0.026701	4
TMEM201	4	2.7125e-02	3.1587e-03	0.026701	4
APOLD1	4	2.7142e-02	3.1587e-03	0.026701	2
MRPS9	4	2.7201e-02	3.1587e-03	0.026701	3
RBM33	4	2.7211e-02	3.1587e-03	0.026701	4
VSNL1	4	2.7239e-02	3.2042e-03	0.026818	4
UBE2D3	4	2.7250e-02	3.2042e-03	0.026818	4
ZNF385C	4	2.7270e-02	3.2042e-03	0.026818	4
CCNA2	4	2.7300e-02	3.2042e-03	0.026818	3
ANXA9	4	2.7331e-02	3.2042e-03	0.026818	4
SIN3A	4	2.7340e-02	3.2042e-03	0.026818	4
STK31	4	2.7363e-02	3.2042e-03	0.026818	4
FRG2C	4	2.7433e-02	3.2042e-03	0.026818	4
SGTA	3	2.7439e-02	2.6272e-03	0.023002	1
ABCA12	4	2.7462e-02	3.2042e-03	0.026818	4
SDE2	4	2.7476e-02	3.2042e-03	0.026818	3
SMIM18	4	2.7523e-02	3.2042e-03	0.026818	2
SSTR3	4	2.7567e-02	3.2042e-03	0.026818	4
WWOX	4	2.7573e-02	3.2042e-03	0.026818	3
PREPL	4	2.7609e-02	3.2048e-03	0.026818	4
WBP5	4	2.7628e-02	3.2048e-03	0.026818	4
MRPL17	4	2.7676e-02	3.2048e-03	0.026818	3
ZNF184	4	2.7702e-02	3.2048e-03	0.026818	4
PRSS22	4	2.7711e-02	3.2048e-03	0.026818	4
SNAPC1	4	2.7762e-02	3.2048e-03	0.026818	3
NR2C2	4	2.7792e-02	3.2048e-03	0.026818	3
CFAP70	4	2.7877e-02	3.2048e-03	0.026818	3
SERP1	4	2.7886e-02	3.2048e-03	0.026818	3
HDAC4	4	2.7894e-02	3.2048e-03	0.026818	4
CD58	4	2.8029e-02	3.2405e-03	0.026980	4
HEBP2	4	2.8068e-02	3.2405e-03	0.026980	4
LBP	4	2.8098e-02	3.2405e-03	0.026980	4
DRICH1	4	2.8107e-02	3.2405e-03	0.026980	4
TSEN2	4	2.8127e-02	3.2405e-03	0.026980	2
TCEB3C	4	2.8146e-02	3.2405e-03	0.026980	4
NIPBL	4	2.8156e-02	3.2410e-03	0.026980	2
FLVCR2	4	2.8217e-02	3.2410e-03	0.026980	4
PNISR	4	2.8257e-02	3.2410e-03	0.026980	4
ASB12	4	2.8278e-02	3.2410e-03	0.026980	3
SLC26A1	4	2.8289e-02	3.2410e-03	0.026980	4
SMIM6	4	2.8346e-02	3.2410e-03	0.026980	4
F8A2	4	2.8368e-02	3.2737e-03	0.027161	4
PRR20D	4	2.8414e-02	3.2737e-03	0.027161	3
RIOK2	4	2.8450e-02	3.2742e-03	0.027161	3
MTCP1	4	2.8471e-02	3.2742e-03	0.027161	4
CCNO	4	2.8472e-02	3.2742e-03	0.027161	3
OR4Q3	4	2.8497e-02	3.2742e-03	0.027161	4
GPKOW	4	2.8522e-02	3.2742e-03	0.027161	4
NPIPB6	4	2.8532e-02	3.2742e-03	0.027161	3
WBSCR22	4	2.8561e-02	3.3229e-03	0.027436	3
USH1G	4	2.8616e-02	3.3229e-03	0.027436	3
GCNT3	4	2.8734e-02	3.3565e-03	0.027436	3
FAM120C	4	2.8752e-02	3.3565e-03	0.027436	4
PDCD11	4	2.8779e-02	3.3565e-03	0.027436	3
PALM2	4	2.8800e-02	3.3565e-03	0.027436	4
TEX10	4	2.8818e-02	3.3565e-03	0.027436	3
UBB	4	2.8832e-02	3.3565e-03	0.027436	3
DLGAP5	4	2.8868e-02	3.3565e-03	0.027436	3
MBD3L1	4	2.8950e-02	3.3571e-03	0.027436	3
ZNF333	4	2.8968e-02	3.3571e-03	0.027436	4
SETD8	4	2.8979e-02	3.3571e-03	0.027436	4
HCRT	4	2.8989e-02	3.3571e-03	0.027436	2
MAP4	4	2.8999e-02	3.3571e-03	0.027436	4
EFCAB2	4	2.9032e-02	3.3571e-03	0.027436	4
MRPS10	4	2.9057e-02	3.3571e-03	0.027436	2
ATP2B1	4	2.9145e-02	3.3571e-03	0.027436	3
PDE4A	4	2.9158e-02	3.3571e-03	0.027436	4
CBWD3	4	2.9173e-02	3.3571e-03	0.027436	3
GMNN	4	2.9220e-02	3.3887e-03	0.027436	4
ACAD10	4	2.9230e-02	3.3887e-03	0.027436	3
UFD1L	4	2.9257e-02	3.3887e-03	0.027436	3
NOM1	4	2.9272e-02	3.3887e-03	0.027436	2
MRPL16	4	2.9321e-02	3.3887e-03	0.027436	3
LIN37	4	2.9360e-02	3.3887e-03	0.027436	3
SYT6	4	2.9372e-02	3.3887e-03	0.027436	4
PPP1R2	4	2.9405e-02	3.3887e-03	0.027436	3
GPAT2	4	2.9429e-02	3.3887e-03	0.027436	2
TOP3B	4	2.9435e-02	3.3887e-03	0.027436	4
TUFM	4	2.9454e-02	3.3887e-03	0.027436	3
POMZP3	4	2.9457e-02	3.3887e-03	0.027436	4
GKN2	4	2.9465e-02	3.3887e-03	0.027436	3
QTRT1	4	2.9632e-02	3.3887e-03	0.027436	3
OPN1LW	4	2.9638e-02	3.3887e-03	0.027436	4
MRPL19	4	2.9645e-02	3.3887e-03	0.027436	3
CRTC3	4	2.9653e-02	3.3892e-03	0.027436	3
ACVR2A	4	2.9664e-02	3.3892e-03	0.027436	4
C20orf196	4	2.9685e-02	3.3892e-03	0.027436	3
ZRSR2	4	2.9706e-02	3.3892e-03	0.027436	3
ZSWIM5	4	2.9711e-02	3.3892e-03	0.027436	3
DIRAS1	4	2.9722e-02	3.3892e-03	0.027436	3
CLEC14A	4	2.9758e-02	3.3892e-03	0.027436	3
TSPAN19	4	2.9778e-02	3.3892e-03	0.027436	4
SSBP1	4	2.9803e-02	3.3892e-03	0.027436	4
ATP6AP1	4	2.9862e-02	3.3892e-03	0.027436	3
SMIM11	4	2.9901e-02	3.3892e-03	0.027436	4
PLEKHF2	4	2.9901e-02	3.3892e-03	0.027436	4
OSBPL9	4	2.9901e-02	3.3892e-03	0.027436	4
CCDC101	4	2.9943e-02	3.3892e-03	0.027436	3
EXOC5	4	2.9961e-02	3.3892e-03	0.027436	3
CTNNBL1	4	2.9968e-02	3.3892e-03	0.027436	4
TCN2	4	2.9979e-02	3.3892e-03	0.027436	4
STX18	4	3.0001e-02	3.3892e-03	0.027436	3
NEXN	4	3.0017e-02	3.3892e-03	0.027436	3
MINK1	4	3.0035e-02	3.3892e-03	0.027436	4
MLST8	4	3.0047e-02	3.3892e-03	0.027436	4
HORMAD2	4	3.0090e-02	3.3892e-03	0.027436	3
NBPF10	4	3.0145e-02	3.4322e-03	0.027602	3
TEAD3	4	3.0200e-02	3.4322e-03	0.027602	4
ATXN2L	4	3.0290e-02	3.4322e-03	0.027602	4
CD74	4	3.0292e-02	3.4322e-03	0.027602	3
CRYBB3	4	3.0303e-02	3.4322e-03	0.027602	3
MT1H	4	3.0313e-02	3.4322e-03	0.027602	3
DCDC2C	4	3.0324e-02	3.4322e-03	0.027602	3
ARFRP1	4	3.0435e-02	3.4327e-03	0.027602	3
FANCI	4	3.0446e-02	3.4327e-03	0.027602	3
OIP5	4	3.0448e-02	3.4327e-03	0.027602	2
FCGR2A	4	3.0464e-02	3.4327e-03	0.027602	4
DNAJB11	4	3.0473e-02	3.4327e-03	0.027602	4
OR2A14	4	3.0473e-02	3.4327e-03	0.027602	4
KRTAP10-11	4	3.0478e-02	3.4327e-03	0.027602	3
ATXN7L1	4	3.0516e-02	3.4327e-03	0.027602	3
PODXL	4	3.0537e-02	3.4327e-03	0.027602	3
SI	4	3.0581e-02	3.4700e-03	0.027882	4
RNPC3	4	3.0637e-02	3.4705e-03	0.027882	2
MRGPRG	4	3.0767e-02	3.5865e-03	0.028543	4
DDX18	4	3.0768e-02	3.5865e-03	0.028543	3
PIK3R4	4	3.0845e-02	3.5865e-03	0.028543	3
SMIM1	4	3.0858e-02	3.5865e-03	0.028543	4
WDFY1	4	3.0880e-02	3.5865e-03	0.028543	3
GDPD1	4	3.0935e-02	3.5865e-03	0.028543	4
ANLN	4	3.0958e-02	3.5865e-03	0.028543	2
CEP120	4	3.0969e-02	3.5865e-03	0.028543	4
NAF1	4	3.1008e-02	3.5865e-03	0.028543	3
TCP11X2	4	3.1026e-02	3.5865e-03	0.028543	4
SCO2	4	3.1039e-02	3.5865e-03	0.028543	3
CENPE	4	3.1046e-02	3.5865e-03	0.028543	4
MAEA	4	3.1085e-02	3.5871e-03	0.028543	3
NUP210	4	3.1172e-02	3.5871e-03	0.028543	4
DDX3X	3	3.1175e-02	3.6212e-03	0.028803	2
ERCC6L	4	3.1201e-02	3.5871e-03	0.028543	3
SNX7	4	3.1201e-02	3.5871e-03	0.028543	3
RHNO1	4	3.1209e-02	3.5871e-03	0.028543	4
HIST1H4G	4	3.1261e-02	3.5871e-03	0.028543	4
CEP85L	4	3.1268e-02	3.5871e-03	0.028543	4
ASMTL	4	3.1274e-02	3.5871e-03	0.028543	4
LRRC47	4	3.1293e-02	3.5871e-03	0.028543	3
SPANXA2	4	3.1318e-02	3.5871e-03	0.028543	3
SUGT1	4	3.1356e-02	3.5871e-03	0.028543	4
ATP13A1	4	3.1383e-02	3.6798e-03	0.028992	3
RNASEH2C	4	3.1442e-02	3.6798e-03	0.028992	3
SMPD3	4	3.1456e-02	3.6798e-03	0.028992	4
LOC79999	4	3.1463e-02	3.6798e-03	0.028992	4
CFHR4	4	3.1477e-02	3.6798e-03	0.028992	4
TMA7	4	3.1482e-02	3.6798e-03	0.028992	3
TERF1	4	3.1492e-02	3.6798e-03	0.028992	4
MLX	4	3.1508e-02	3.6798e-03	0.028992	3
ZNF558	4	3.1530e-02	3.6798e-03	0.028992	3
POTEB2	4	3.1563e-02	3.6798e-03	0.028992	2
NTN4	4	3.1595e-02	3.6803e-03	0.028992	3
HOXB9	4	3.1607e-02	3.6803e-03	0.028992	4
TMEM120A	4	3.1632e-02	3.6803e-03	0.028992	4
CT45A5	4	3.1665e-02	3.6803e-03	0.028992	2
ARHGEF9	4	3.1667e-02	3.6803e-03	0.028992	4
IPO4	4	3.1698e-02	3.6803e-03	0.028992	4
LOC728485	4	3.1706e-02	3.6803e-03	0.028992	4
SERP2	4	3.1751e-02	3.6803e-03	0.028992	3
KLHL26	4	3.1752e-02	3.6803e-03	0.028992	4
CDKL4	4	3.1781e-02	3.6803e-03	0.028992	3
DOCK10	3	3.1811e-02	3.7590e-03	0.028992	3
HSD17B12	4	3.1836e-02	3.7305e-03	0.028992	4
MYH9	4	3.1878e-02	3.7305e-03	0.028992	3
DTWD1	4	3.1944e-02	3.7305e-03	0.028992	4
SEC23A	4	3.1952e-02	3.7305e-03	0.028992	4
VCPKMT	4	3.1959e-02	3.7305e-03	0.028992	2
FRY	4	3.1962e-02	3.7305e-03	0.028992	3
CEP290	4	3.2003e-02	3.7305e-03	0.028992	4
STIM1	4	3.2054e-02	3.7305e-03	0.028992	4
ZZZ3	4	3.2079e-02	3.7305e-03	0.028992	3
NDUFS7	4	3.2092e-02	3.7305e-03	0.028992	3
RHBDD2	4	3.2242e-02	3.7305e-03	0.028992	4
RPS26	4	3.2255e-02	3.7305e-03	0.028992	3
ZNF781	4	3.2256e-02	3.7305e-03	0.028992	2
CDC42SE2	4	3.2264e-02	3.7305e-03	0.028992	4
NDUFAB1	4	3.2306e-02	3.7311e-03	0.028992	4
KDM5C	4	3.2306e-02	3.7311e-03	0.028992	3
OR11H1	4	3.2347e-02	3.7311e-03	0.028992	3
GTDC1	4	3.2409e-02	3.7311e-03	0.028992	3
ZNF362	4	3.2420e-02	3.7311e-03	0.028992	3
LOC650293	4	3.2456e-02	3.7311e-03	0.028992	4
IFT20	4	3.2481e-02	3.7311e-03	0.028992	3
DICER1	4	3.2511e-02	3.7311e-03	0.028992	3
PREP	4	3.2543e-02	3.7311e-03	0.028992	4
ARL6IP1	4	3.2559e-02	3.7311e-03	0.028992	2
ADI1	4	3.2572e-02	3.7311e-03	0.028992	3
CHRAC1	4	3.2617e-02	3.7311e-03	0.028992	3
KRT17	4	3.2645e-02	3.7311e-03	0.028992	2
CXorf38	4	3.2694e-02	3.7311e-03	0.028992	4
FBXO44	4	3.2702e-02	3.7311e-03	0.028992	4
RNF8	4	3.2727e-02	3.7311e-03	0.028992	3
FAM120A	4	3.2768e-02	3.7497e-03	0.028992	2
MTA1	4	3.2774e-02	3.7497e-03	0.028992	4
IL36G	4	3.2805e-02	3.7901e-03	0.028992	4
SLMAP	4	3.2817e-02	3.7901e-03	0.028992	4
XXYLT1	4	3.2849e-02	3.7901e-03	0.028992	4
GPN3	4	3.2862e-02	3.7901e-03	0.028992	3
MFGE8	4	3.2866e-02	3.7901e-03	0.028992	3
ARF5	4	3.2873e-02	3.7901e-03	0.028992	4
TMEM56-RWDD3	4	3.2939e-02	3.7901e-03	0.028992	4
SPDL1	4	3.2943e-02	3.7901e-03	0.028992	3
SERTAD1	4	3.2963e-02	3.7901e-03	0.028992	2
HBG2	4	3.3090e-02	3.7901e-03	0.028992	4
TTF1	4	3.3093e-02	3.7901e-03	0.028992	3
MRPS5	4	3.3129e-02	3.7901e-03	0.028992	3
CDCA5	4	3.3167e-02	3.7901e-03	0.028992	3
NEK2	4	3.3287e-02	3.7901e-03	0.028992	4
ARHGDIB	4	3.3291e-02	3.7901e-03	0.028992	4
SPATA31A6	4	3.3305e-02	3.7901e-03	0.028992	4
C19orf40	4	3.3308e-02	3.7901e-03	0.028992	3
FAM78B	4	3.3331e-02	3.7901e-03	0.028992	3
CAPS	4	3.3336e-02	3.7901e-03	0.028992	4
LCN15	4	3.3364e-02	3.7901e-03	0.028992	4
POTEG	4	3.3372e-02	3.7901e-03	0.028992	4
RNF24	4	3.3433e-02	3.7901e-03	0.028992	4
SIDT1	4	3.3492e-02	3.7906e-03	0.028992	3
PRKAB2	4	3.3530e-02	3.7906e-03	0.028992	4
MRPS30	4	3.3562e-02	3.7906e-03	0.028992	4
FBXO5	4	3.3588e-02	3.7906e-03	0.028992	4
GFI1B	4	3.3595e-02	3.7906e-03	0.028992	4
ARHGAP4	4	3.3603e-02	3.7906e-03	0.028992	4
SPTSSA	4	3.3638e-02	3.7906e-03	0.028992	2
TM4SF4	4	3.3639e-02	3.7906e-03	0.028992	3
DDI2	4	3.3664e-02	3.7906e-03	0.028992	2
TAF8	4	3.3684e-02	3.7906e-03	0.028992	4
NPAS1	4	3.3693e-02	3.7906e-03	0.028992	3
RNASE13	4	3.3713e-02	3.7906e-03	0.028992	4
ATG2A	4	3.3762e-02	3.7906e-03	0.028992	4
FOXN2	3	3.3854e-02	4.3397e-03	0.030102	3
DYM	4	3.3884e-02	3.7906e-03	0.028992	4
DTX1	4	3.3897e-02	3.7906e-03	0.028992	4
GNB1	4	3.4048e-02	3.7906e-03	0.028992	4
PRCD	4	3.4061e-02	3.7906e-03	0.028992	4
RHBDF1	4	3.4077e-02	3.7906e-03	0.028992	4
ZFP91	4	3.4108e-02	3.7906e-03	0.028992	3
DPM2	4	3.4124e-02	3.7906e-03	0.028992	3
FOXD4L6	4	3.4150e-02	3.7906e-03	0.028992	2
HNRNPD	4	3.4203e-02	3.8378e-03	0.029069	4
EXTL2	4	3.4265e-02	3.8378e-03	0.029069	2
MSMB	4	3.4281e-02	3.8378e-03	0.029069	3
ZNF708	4	3.4389e-02	3.8378e-03	0.029069	3
SUCNR1	4	3.4440e-02	3.8383e-03	0.029069	4
SF3B2	4	3.4449e-02	3.8383e-03	0.029069	4
RPEL1	4	3.4515e-02	3.8383e-03	0.029069	4
PQLC3	4	3.4553e-02	3.8383e-03	0.029069	3
CD164	4	3.4560e-02	3.8383e-03	0.029069	4
RPS6KA2	4	3.4564e-02	3.8383e-03	0.029069	4
TREX2	4	3.4568e-02	3.8383e-03	0.029069	4
CSGALNACT2	4	3.4654e-02	3.8383e-03	0.029069	1
FES	4	3.4737e-02	3.8813e-03	0.029069	4
CENPA	4	3.4797e-02	3.8813e-03	0.029069	4
MED17	4	3.4828e-02	3.8813e-03	0.029069	3
IMMP2L	4	3.4885e-02	3.8813e-03	0.029069	4
FCRL3	4	3.4889e-02	3.8813e-03	0.029069	4
THOP1	4	3.4896e-02	3.8813e-03	0.029069	4
SLC30A1	4	3.4961e-02	3.8813e-03	0.029069	3
MRPS34	4	3.5016e-02	3.8813e-03	0.029069	3
GRHL3	4	3.5019e-02	3.8813e-03	0.029069	4
GCDH	4	3.5025e-02	3.8813e-03	0.029069	3
PRPF18	4	3.5045e-02	3.8813e-03	0.029069	3
CMAS	4	3.5054e-02	3.8813e-03	0.029069	3
IL11RA	4	3.5057e-02	3.8813e-03	0.029069	4
TESK1	4	3.5082e-02	3.8813e-03	0.029069	4
SH3GL3	4	3.5099e-02	3.8813e-03	0.029069	4
PHLDB3	4	3.5112e-02	3.8813e-03	0.029069	3
UBXN10	3	3.5173e-02	4.5889e-03	0.030439	3
ZNRD1	4	3.5195e-02	3.8813e-03	0.029069	2
SLC13A5	4	3.5271e-02	3.8813e-03	0.029069	4
KCNIP2	4	3.5338e-02	3.8813e-03	0.029069	3
ATG7	4	3.5373e-02	3.8818e-03	0.029069	4
ETV3L	4	3.5440e-02	3.8818e-03	0.029069	4
NNAT	4	3.5463e-02	3.8818e-03	0.029069	4
FMNL2	4	3.5497e-02	3.8818e-03	0.029069	4
OR10H3	4	3.5508e-02	3.8818e-03	0.029069	4
CCP110	4	3.5610e-02	3.8818e-03	0.029069	3
NRXN1	4	3.5618e-02	3.8818e-03	0.029069	4
NPC2	4	3.5635e-02	3.8818e-03	0.029069	4
MAPRE1	4	3.5654e-02	3.8818e-03	0.029069	4
CDC40	4	3.5749e-02	3.8818e-03	0.029069	2
DDX6	4	3.5782e-02	3.8818e-03	0.029069	3
EIF2A	4	3.5800e-02	3.8818e-03	0.029069	4
ZNF682	4	3.5876e-02	3.8818e-03	0.029069	3
BAAT	4	3.5897e-02	3.8818e-03	0.029069	4
ZNF846	4	3.5956e-02	3.8818e-03	0.029069	3
DPP9-AS1	4	3.5976e-02	3.8818e-03	0.029069	4
SLC25A48	4	3.6062e-02	3.9253e-03	0.029069	4
CCDC6	4	3.6128e-02	3.9258e-03	0.029069	4
FURIN	4	3.6150e-02	3.9258e-03	0.029069	4
TMEM175	4	3.6216e-02	3.9709e-03	0.029069	4
MRPL49	4	3.6285e-02	3.9709e-03	0.029069	3
PRAMEF6	4	3.6297e-02	3.9709e-03	0.029069	4
FAM160B1	4	3.6324e-02	3.9709e-03	0.029069	4
CLEC2L	4	3.6397e-02	3.9709e-03	0.029069	4
TNFRSF21	4	3.6407e-02	3.9709e-03	0.029069	3
CD3EAP	4	3.6425e-02	3.9709e-03	0.029069	2
POLRMT	4	3.6436e-02	3.9709e-03	0.029069	3
PDLIM1	4	3.6458e-02	3.9709e-03	0.029069	4
ZNRF2	4	3.6488e-02	3.9709e-03	0.029069	4
F8A1	4	3.6526e-02	3.9709e-03	0.029069	3
DBNL	4	3.6529e-02	3.9709e-03	0.029069	4
PDE8B	4	3.6538e-02	3.9709e-03	0.029069	3
QRSL1	4	3.6609e-02	3.9709e-03	0.029069	4
EMILIN1	4	3.6635e-02	3.9709e-03	0.029069	4
CHCHD3	4	3.6653e-02	3.9709e-03	0.029069	4
APEX1	4	3.6670e-02	3.9709e-03	0.029069	4
USP22	4	3.6695e-02	3.9709e-03	0.029069	2
DYRK1A	4	3.6696e-02	3.9709e-03	0.029069	3
LIG1	4	3.6753e-02	3.9709e-03	0.029069	4
SNAP23	4	3.6785e-02	3.9714e-03	0.029069	4
ANKRD32	4	3.6842e-02	3.9714e-03	0.029069	4
CRYBA2	4	3.6936e-02	3.9714e-03	0.029069	3
TGFBR2	4	3.6946e-02	3.9714e-03	0.029069	4
OR52N2	4	3.6975e-02	3.9714e-03	0.029069	3
NPIPA7	4	3.6975e-02	3.9714e-03	0.029069	4
KIAA1524	4	3.7035e-02	3.9714e-03	0.029069	3
TAF10	4	3.7069e-02	3.9714e-03	0.029069	3
YARS2	4	3.7110e-02	3.9714e-03	0.029069	4
AGO1	4	3.7117e-02	3.9714e-03	0.029069	4
SNAPC4	4	3.7118e-02	3.9714e-03	0.029069	3
CERS1	4	3.7125e-02	3.9714e-03	0.029069	3
NFRKB	4	3.7151e-02	3.9714e-03	0.029069	3
SOBP	4	3.7185e-02	3.9714e-03	0.029069	4
TMEM191C	4	3.7259e-02	3.9714e-03	0.029069	4
MRPL28	4	3.7273e-02	3.9714e-03	0.029069	4
ACOT12	4	3.7284e-02	3.9714e-03	0.029069	4
ZBTB7A	4	3.7318e-02	4.0201e-03	0.029069	3
EIF4EBP3	4	3.7387e-02	4.0201e-03	0.029069	4
PSMD14	4	3.7423e-02	4.0201e-03	0.029069	3
IVNS1ABP	4	3.7450e-02	4.0201e-03	0.029069	2
HTR1F	4	3.7475e-02	4.0201e-03	0.029069	4
LIMS3L	4	3.7481e-02	4.0201e-03	0.029069	3
CCL4	4	3.7506e-02	4.0201e-03	0.029069	3
WDTC1	4	3.7506e-02	4.0201e-03	0.029069	4
PACS2	4	3.7541e-02	4.0201e-03	0.029069	4
VPS45	4	3.7625e-02	4.0201e-03	0.029069	4
CDK5	4	3.7639e-02	4.0201e-03	0.029069	4
SPAG11A	4	3.7687e-02	4.0201e-03	0.029069	4
ATP5I	4	3.7715e-02	4.0201e-03	0.029069	3
SRCAP	4	3.7727e-02	4.0201e-03	0.029069	3
RPRML	4	3.7788e-02	4.0201e-03	0.029069	3
VDAC1	4	3.7821e-02	4.0201e-03	0.029069	3
ARPC1A	4	3.7858e-02	4.0201e-03	0.029069	3
SOX5	4	3.7858e-02	4.0201e-03	0.029069	4
EPT1	4	3.7916e-02	4.0201e-03	0.029069	4
AGGF1	4	3.7938e-02	4.0206e-03	0.029069	4
ELL2	4	3.8074e-02	4.0206e-03	0.029069	4
PDXDC1	4	3.8163e-02	4.0206e-03	0.029069	3
PLEKHA3	4	3.8190e-02	4.0206e-03	0.029069	4
CITED2	4	3.8199e-02	4.0206e-03	0.029069	4
MICALCL	4	3.8313e-02	4.0206e-03	0.029069	4
DNAJB7	4	3.8343e-02	4.0206e-03	0.029069	4
REG4	4	3.8354e-02	4.0206e-03	0.029069	3
YWHAG	4	3.8378e-02	4.0206e-03	0.029069	3
MTDH	4	3.8410e-02	4.0206e-03	0.029069	4
WDR61	4	3.8444e-02	4.0206e-03	0.029069	3
CTDSP2	4	3.8501e-02	4.0206e-03	0.029069	3
GBP2	4	3.8516e-02	4.0206e-03	0.029069	2
COA6	4	3.8518e-02	4.0206e-03	0.029069	4
SPACA7	4	3.8531e-02	4.0206e-03	0.029069	4
VIT	4	3.8547e-02	4.0206e-03	0.029069	4
GEN1	3	3.8573e-02	5.2914e-03	0.032996	3
TMEM200B	4	3.8617e-02	4.0745e-03	0.029069	4
TTC32	4	3.8658e-02	4.0745e-03	0.029069	4
MARCHF4	4	3.8667e-02	4.0745e-03	0.029069	4
C3orf58	4	3.8708e-02	4.0745e-03	0.029069	4
ISCA1	4	3.8785e-02	4.0745e-03	0.029069	3
CTTNBP2NL	4	3.8791e-02	4.0745e-03	0.029069	3
SLC35E4	4	3.8808e-02	4.0745e-03	0.029069	3
IL13RA2	4	3.8818e-02	4.0745e-03	0.029069	4
C20orf197	4	3.8830e-02	4.0745e-03	0.029069	4
C17orf64	4	3.8835e-02	4.0745e-03	0.029069	3
ZNF644	4	3.8843e-02	4.0745e-03	0.029069	4
IDNK	4	3.8889e-02	4.0745e-03	0.029069	4
ZNF479	4	3.8898e-02	4.0745e-03	0.029069	4
GPR12	4	3.8965e-02	4.0745e-03	0.029069	3
OCIAD1	4	3.9011e-02	4.0745e-03	0.029069	4
PIGM	4	3.9024e-02	4.0745e-03	0.029069	4
CLCN2	4	3.9047e-02	4.0745e-03	0.029069	4
PPFIA1	4	3.9057e-02	4.0745e-03	0.029069	4
SYCP2L	4	3.9070e-02	4.0745e-03	0.029069	4
TULP1	4	3.9079e-02	4.0745e-03	0.029069	4
CLIP4	4	3.9102e-02	4.0745e-03	0.029069	4
ZNF80	4	3.9107e-02	4.0745e-03	0.029069	4
CREBRF	4	3.9109e-02	4.0745e-03	0.029069	2
PIGV	4	3.9177e-02	4.0750e-03	0.029069	4
FBLN5	4	3.9243e-02	4.0750e-03	0.029069	4
MARCKSL1	4	3.9251e-02	4.0750e-03	0.029069	3
DYRK3	4	3.9253e-02	4.0750e-03	0.029069	3
VPS72	4	3.9287e-02	4.0750e-03	0.029069	3
ABHD5	4	3.9307e-02	4.0750e-03	0.029069	4
AMMECR1	4	3.9317e-02	4.0750e-03	0.029069	4
ARHGAP29	4	3.9317e-02	4.0750e-03	0.029069	4
FBLN2	4	3.9362e-02	4.0750e-03	0.029069	4
ATP12A	4	3.9388e-02	4.0750e-03	0.029069	3
CUL2	4	3.9398e-02	4.0750e-03	0.029069	3
FRG2	4	3.9424e-02	4.0750e-03	0.029069	4
OR6C76	4	3.9425e-02	4.0750e-03	0.029069	3
YLPM1	4	3.9432e-02	4.0750e-03	0.029069	2
CCNG1	4	3.9435e-02	4.0750e-03	0.029069	3
FAM92B	4	3.9465e-02	4.0750e-03	0.029069	3
RDH12	4	3.9534e-02	4.0750e-03	0.029069	4
CCDC136	4	3.9594e-02	4.0750e-03	0.029069	3
FAM102B	4	3.9622e-02	4.0750e-03	0.029069	3
CMTR2	4	3.9638e-02	4.0750e-03	0.029069	3
MAP1S	4	3.9668e-02	4.0750e-03	0.029069	4
FAM209A	4	3.9674e-02	4.0750e-03	0.029069	4
WFDC2	4	3.9814e-02	4.1211e-03	0.029069	3
ANKRD36	4	3.9817e-02	4.1211e-03	0.029069	4
RBM5	4	3.9911e-02	4.1211e-03	0.029069	3
GTF3C6	4	3.9913e-02	4.1211e-03	0.029069	2
TUBB4B	4	3.9924e-02	4.1211e-03	0.029069	3
MYO1B	4	3.9961e-02	4.1211e-03	0.029069	4
FBXW8	4	3.9968e-02	4.1211e-03	0.029069	4
ZCCHC3	4	3.9984e-02	4.1211e-03	0.029069	4
LMTK2	4	3.9993e-02	4.1211e-03	0.029069	4
BAIAP2L2	4	4.0009e-02	4.1211e-03	0.029069	3
VPS35	4	4.0012e-02	4.1211e-03	0.029069	4
PRKCSH	4	4.0072e-02	4.1211e-03	0.029069	3
GTF2F1	4	4.0086e-02	4.1211e-03	0.029069	4
CPSF6	4	4.0126e-02	4.1211e-03	0.029069	3
ZFPM1	4	4.0135e-02	4.1211e-03	0.029069	4
C9orf78	4	4.0265e-02	4.1211e-03	0.029069	2
OASL	4	4.0332e-02	4.1211e-03	0.029069	4
WARS2	4	4.0374e-02	4.1211e-03	0.029069	3
PDS5B	4	4.0379e-02	4.1211e-03	0.029069	3
LNPEP	4	4.0412e-02	4.1211e-03	0.029069	4
EIF3L	4	4.0442e-02	4.1217e-03	0.029069	4
OR8B2	4	4.0514e-02	4.1217e-03	0.029069	4
SLC25A46	4	4.0518e-02	4.1217e-03	0.029069	3
PRG4	4	4.0547e-02	4.1217e-03	0.029069	4
RBMX2	4	4.0566e-02	4.1217e-03	0.029069	2
ZNF442	4	4.0569e-02	4.1217e-03	0.029069	3
NXT2	4	4.0598e-02	4.1217e-03	0.029069	3
KCND3	4	4.0622e-02	4.1217e-03	0.029069	3
MAMLD1	4	4.0631e-02	4.1217e-03	0.029069	4
INPP5E	4	4.0668e-02	4.1217e-03	0.029069	3
C10orf76	4	4.0719e-02	4.1217e-03	0.029069	3
ZFP30	4	4.0751e-02	4.1217e-03	0.029069	3
TAS2R3	4	4.0768e-02	4.1217e-03	0.029069	4
USP17L3	4	4.0789e-02	4.1217e-03	0.029069	3
SH3PXD2A	4	4.0852e-02	4.1217e-03	0.029069	4
FAM53C	4	4.0897e-02	4.1217e-03	0.029069	4
FXYD6	4	4.0927e-02	4.1217e-03	0.029069	4
CDYL2	4	4.0946e-02	4.1217e-03	0.029069	4
B3GAT3	4	4.0955e-02	4.1217e-03	0.029069	4
SEC11A	4	4.1050e-02	4.1217e-03	0.029069	4
SNAPC3	4	4.1058e-02	4.1217e-03	0.029069	2
SPANXC	4	4.1089e-02	4.1217e-03	0.029069	3
GNPNAT1	4	4.1121e-02	4.1217e-03	0.029069	4
CELF1	4	4.1142e-02	4.1217e-03	0.029069	4
CRYGC	4	4.1173e-02	4.1854e-03	0.029479	4
EDEM2	4	4.1198e-02	4.1854e-03	0.029479	3
CCDC80	4	4.1263e-02	4.1859e-03	0.029479	4
KIF18B	4	4.1282e-02	4.1859e-03	0.029479	4
APITD1-CORT	4	4.1344e-02	4.2408e-03	0.029836	4
AKNA	4	4.1360e-02	4.2408e-03	0.029836	4
PHKG1	4	4.1446e-02	4.2413e-03	0.029836	4
ZNF687	4	4.1733e-02	4.2973e-03	0.030034	3
FJX1	4	4.1746e-02	4.2973e-03	0.030034	4
HIST3H2BB	4	4.1748e-02	4.2973e-03	0.030034	2
UGT2B7	4	4.1759e-02	4.2973e-03	0.030034	3
ZMAT4	4	4.1768e-02	4.2973e-03	0.030034	4
ARL15	4	4.1898e-02	4.2973e-03	0.030034	3
P2RX2	4	4.1965e-02	4.2978e-03	0.030034	3
SPERT	4	4.1974e-02	4.2978e-03	0.030034	4
NDUFAF7	4	4.1989e-02	4.2978e-03	0.030034	4
SIX4	4	4.2058e-02	4.2978e-03	0.030034	4
SPRR2A	4	4.2080e-02	4.2978e-03	0.030034	3
CDH23	4	4.2122e-02	4.2978e-03	0.030034	3
CFHR1	4	4.2152e-02	4.2978e-03	0.030034	4
CRYZ	4	4.2187e-02	4.2978e-03	0.030034	4
RBBP6	4	4.2189e-02	4.2978e-03	0.030034	3
CCKAR	4	4.2273e-02	4.2978e-03	0.030034	4
JSRP1	4	4.2314e-02	4.2978e-03	0.030034	4
CDK5RAP3	4	4.2321e-02	4.2978e-03	0.030034	3
TRIM64B	4	4.2335e-02	4.3574e-03	0.030102	4
TRIB1	4	4.2345e-02	4.3574e-03	0.030102	4
MKRN2	4	4.2396e-02	4.3574e-03	0.030102	2
ATF6	4	4.2406e-02	4.3574e-03	0.030102	3
SMTN	4	4.2519e-02	4.3574e-03	0.030102	4
APBB2	4	4.2578e-02	4.3574e-03	0.030102	4
ERP44	4	4.2592e-02	4.3574e-03	0.030102	4
GAL3ST1	4	4.2605e-02	4.3574e-03	0.030102	4
PFKL	4	4.2621e-02	4.3574e-03	0.030102	4
MED30	4	4.2623e-02	4.3574e-03	0.030102	2
H2AFY2	4	4.2636e-02	4.3574e-03	0.030102	4
PTMS	4	4.2655e-02	4.3574e-03	0.030102	4
F5	4	4.2670e-02	4.3574e-03	0.030102	4
NUTM2B	4	4.2673e-02	4.3574e-03	0.030102	3
NIT2	4	4.2682e-02	4.3574e-03	0.030102	4
UBTD1	4	4.2711e-02	4.3574e-03	0.030102	4
C2orf47	4	4.2711e-02	4.3574e-03	0.030102	4
KCNS2	4	4.2777e-02	4.3574e-03	0.030102	4
FAM185A	4	4.2787e-02	4.3574e-03	0.030102	4
KIZ	4	4.2844e-02	4.3574e-03	0.030102	3
SMYD5	4	4.3002e-02	4.3579e-03	0.030102	4
MCL1	4	4.3068e-02	4.3579e-03	0.030102	3
IRGM	4	4.3099e-02	4.3579e-03	0.030102	4
ZNF556	4	4.3124e-02	4.3579e-03	0.030102	4
FRG1	4	4.3223e-02	4.3579e-03	0.030102	3
COG5	4	4.3235e-02	4.3579e-03	0.030102	2
ABHD14B	4	4.3243e-02	4.3579e-03	0.030102	3
PGK2	4	4.3274e-02	4.3579e-03	0.030102	3
ZFYVE21	4	4.3286e-02	4.3579e-03	0.030102	4
RND3	4	4.3342e-02	4.3579e-03	0.030102	3
RIMKLA	4	4.3369e-02	4.3579e-03	0.030102	3
NHSL2	4	4.3391e-02	4.3957e-03	0.030268	3
HIRA	4	4.3425e-02	4.3957e-03	0.030268	3
RNF182	4	4.3434e-02	4.3957e-03	0.030268	4
PPA2	4	4.3435e-02	4.3957e-03	0.030268	4
MGRN1	4	4.3444e-02	4.3957e-03	0.030268	2
GPS2	4	4.3455e-02	4.3957e-03	0.030268	3
FAM213B	4	4.3488e-02	4.3962e-03	0.030268	3
SLC35A1	4	4.3502e-02	4.3962e-03	0.030268	3
BATF3	4	4.3532e-02	4.3962e-03	0.030268	4
SWSAP1	4	4.3644e-02	4.4729e-03	0.030439	3
NECAB2	4	4.3659e-02	4.4729e-03	0.030439	3
C1RL	4	4.3705e-02	4.4729e-03	0.030439	4
SMARCB1	4	4.3714e-02	4.4729e-03	0.030439	3
HMGB3	4	4.3721e-02	4.4729e-03	0.030439	3
MED29	4	4.3770e-02	4.4729e-03	0.030439	2
ERAS	4	4.3799e-02	4.4729e-03	0.030439	4
RHOQ	4	4.3852e-02	4.4729e-03	0.030439	3
CHIC2	4	4.3913e-02	4.4729e-03	0.030439	4
MAPK11	4	4.4013e-02	4.4729e-03	0.030439	4
TMF1	4	4.4014e-02	4.4729e-03	0.030439	3
RNF186	4	4.4070e-02	4.4729e-03	0.030439	4
ZC3H11A	4	4.4098e-02	4.4734e-03	0.030439	4
MT1E	4	4.4162e-02	4.4734e-03	0.030439	4
AKR7A2	4	4.4177e-02	4.4734e-03	0.030439	4
NSUN2	4	4.4190e-02	4.4734e-03	0.030439	4
OR52B6	4	4.4203e-02	4.4734e-03	0.030439	3
COBL	4	4.4212e-02	4.4734e-03	0.030439	4
KRT15	4	4.4238e-02	4.4734e-03	0.030439	2
NQO1	4	4.4305e-02	4.4734e-03	0.030439	4
ABCC9	4	4.4305e-02	4.4734e-03	0.030439	4
THUMPD2	4	4.4375e-02	4.4734e-03	0.030439	3
KRTAP9-9	4	4.4412e-02	4.4734e-03	0.030439	4
SH3D21	4	4.4420e-02	4.4734e-03	0.030439	4
PINX1	4	4.4461e-02	4.4734e-03	0.030439	2
HNRNPM	4	4.4501e-02	4.4734e-03	0.030439	4
GAA	4	4.4508e-02	4.4734e-03	0.030439	4
HOMER3	4	4.4523e-02	4.4734e-03	0.030439	4
AMOT	4	4.4530e-02	4.4734e-03	0.030439	4
FGF13	4	4.4548e-02	4.4734e-03	0.030439	4
TBCK	4	4.4601e-02	4.5340e-03	0.030439	4
SLC10A7	4	4.4613e-02	4.5340e-03	0.030439	4
OR14A16	4	4.4656e-02	4.5340e-03	0.030439	4
MRPL32	4	4.4666e-02	4.5340e-03	0.030439	4
YES1	4	4.4674e-02	4.5340e-03	0.030439	4
TGIF1	4	4.4684e-02	4.5340e-03	0.030439	3
EFCC1	4	4.4692e-02	4.5340e-03	0.030439	3
TSSK2	4	4.4794e-02	4.5340e-03	0.030439	4
KRTAP21-2	4	4.4830e-02	4.5340e-03	0.030439	4
LRRC2	4	4.4842e-02	4.5340e-03	0.030439	4
RRAGA	4	4.4873e-02	4.5340e-03	0.030439	3
OR56A1	4	4.4888e-02	4.5340e-03	0.030439	4
KLHDC8B	4	4.4900e-02	4.5340e-03	0.030439	4
MSTN	4	4.4926e-02	4.5340e-03	0.030439	4
KIAA0196	4	4.4956e-02	4.5340e-03	0.030439	4
PIGB	4	4.4971e-02	4.5340e-03	0.030439	4
H2AFB3	4	4.4986e-02	4.5340e-03	0.030439	4
UBE4B	4	4.5044e-02	4.5340e-03	0.030439	3
GOLGA8J	4	4.5060e-02	4.5340e-03	0.030439	3
DNMBP	4	4.5077e-02	4.5340e-03	0.030439	3
LOC101060321	4	4.5109e-02	4.5340e-03	0.030439	3
TMEM220	4	4.5194e-02	4.5345e-03	0.030439	4
FHL5	4	4.5228e-02	4.5345e-03	0.030439	3
CCR9	4	4.5230e-02	4.5345e-03	0.030439	4
BACH2	4	4.5358e-02	4.5345e-03	0.030439	2
HIST1H1A	4	4.5408e-02	4.5345e-03	0.030439	4
PTCD3	4	4.5417e-02	4.5345e-03	0.030439	3
MCM3AP	4	4.5417e-02	4.5345e-03	0.030439	3
KRTAP11-1	4	4.5474e-02	4.5345e-03	0.030439	4
EMC1	4	4.5488e-02	4.5345e-03	0.030439	3
GABRA1	4	4.5494e-02	4.5345e-03	0.030439	4
RTBDN	4	4.5510e-02	4.5345e-03	0.030439	4
KIF14	4	4.5515e-02	4.5345e-03	0.030439	4
DDA1	4	4.5559e-02	4.5345e-03	0.030439	2
TOLLIP	4	4.5673e-02	4.5345e-03	0.030439	4
C4orf19	4	4.5676e-02	4.5345e-03	0.030439	3
HMGXB3	4	4.5702e-02	4.5345e-03	0.030439	2
XPOT	4	4.5713e-02	4.5345e-03	0.030439	3
IFNAR1	4	4.5735e-02	4.5703e-03	0.030439	4
MED12L	4	4.5786e-02	4.5703e-03	0.030439	4
HERPUD1	4	4.5791e-02	4.5703e-03	0.030439	4
FANCD2OS	4	4.5796e-02	4.5703e-03	0.030439	4
NEK9	4	4.5822e-02	4.5703e-03	0.030439	4
OTOP2	4	4.5865e-02	4.5708e-03	0.030439	4
GID8	4	4.5891e-02	4.5708e-03	0.030439	4
IFT122	4	4.5960e-02	4.5708e-03	0.030439	4
USP11	4	4.5976e-02	4.5708e-03	0.030439	4
UBALD1	4	4.5977e-02	4.5708e-03	0.030439	1
SMARCD2	4	4.6007e-02	4.6215e-03	0.030439	4
SEC16A	4	4.6077e-02	4.6221e-03	0.030439	3
MATN4	4	4.6107e-02	4.6221e-03	0.030439	3
HNF1B	4	4.6110e-02	4.6221e-03	0.030439	4
LOC101928093	4	4.6135e-02	4.6801e-03	0.030439	3
UQCRQ	4	4.6149e-02	4.6801e-03	0.030439	3
TPM4	4	4.6156e-02	4.6801e-03	0.030439	4
HSD3B2	4	4.6200e-02	4.6801e-03	0.030439	3
OR2M5	4	4.6214e-02	4.6801e-03	0.030439	3
IFI27	4	4.6231e-02	4.6801e-03	0.030439	3
ADGRG6	4	4.6259e-02	4.6801e-03	0.030439	4
CX3CR1	4	4.6298e-02	4.6801e-03	0.030439	2
ANKRD20A3	4	4.6300e-02	4.6801e-03	0.030439	3
LYZL2	4	4.6358e-02	4.6801e-03	0.030439	4
MCTP1	4	4.6383e-02	4.6801e-03	0.030439	3
IFNA14	4	4.6445e-02	4.6801e-03	0.030439	3
VPS54	4	4.6458e-02	4.6801e-03	0.030439	4
KRTAP22-2	4	4.6484e-02	4.6801e-03	0.030439	4
C20orf203	4	4.6497e-02	4.6801e-03	0.030439	4
KCNAB2	4	4.6537e-02	4.6801e-03	0.030439	2
SLC12A2	4	4.6554e-02	4.6801e-03	0.030439	4
OST4	4	4.6573e-02	4.6801e-03	0.030439	3
HIST1H4K	4	4.6621e-02	4.6801e-03	0.030439	3
STX17	4	4.6648e-02	4.6801e-03	0.030439	4
ATP11C	4	4.6705e-02	4.6801e-03	0.030439	2
C19orf48	4	4.6783e-02	4.6801e-03	0.030439	4
USP45	4	4.6839e-02	4.6801e-03	0.030439	3
USP17L22	4	4.6881e-02	4.6801e-03	0.030439	3
IDE	4	4.6888e-02	4.6801e-03	0.030439	4
ATP5G3	4	4.6901e-02	4.6801e-03	0.030439	4
PSEN1	4	4.6909e-02	4.6801e-03	0.030439	3
UBE3B	4	4.6911e-02	4.6801e-03	0.030439	4
CGGBP1	4	4.6929e-02	4.6801e-03	0.030439	4
GLA	4	4.6933e-02	4.6801e-03	0.030439	3
VPS13C	4	4.6995e-02	4.6801e-03	0.030439	3
PROK1	4	4.7048e-02	4.6801e-03	0.030439	3
SYT11	4	4.7180e-02	4.6801e-03	0.030439	3
WTAP	4	4.7236e-02	4.6801e-03	0.030439	3
TEFM	4	4.7247e-02	4.6801e-03	0.030439	3
DMRT1	4	4.7354e-02	4.6801e-03	0.030439	4
ADIPOR1	4	4.7391e-02	4.6801e-03	0.030439	3
NME6	4	4.7406e-02	4.6801e-03	0.030439	4
UNC45A	4	4.7419e-02	4.6801e-03	0.030439	4
F8	4	4.7424e-02	4.6801e-03	0.030439	3
HTR3D	4	4.7473e-02	4.6801e-03	0.030439	3
ERBB2IP	4	4.7522e-02	4.6806e-03	0.030439	4
TG	4	4.7527e-02	4.6806e-03	0.030439	4
VMAC	4	4.7578e-02	4.6806e-03	0.030439	4
ATP5S	4	4.7599e-02	4.6806e-03	0.030439	3
BOLA2	4	4.7612e-02	4.6806e-03	0.030439	4
FASLG	4	4.7702e-02	4.6806e-03	0.030439	4
TRPV3	4	4.7818e-02	4.6806e-03	0.030439	4
TRA2B	4	4.7833e-02	4.6806e-03	0.030439	2
HECTD3	4	4.7900e-02	4.6806e-03	0.030439	4
GPR61	4	4.7936e-02	4.6806e-03	0.030439	2
SLC20A1	4	4.7964e-02	4.6806e-03	0.030439	3
YRDC	4	4.7982e-02	4.6806e-03	0.030439	4
YY1	4	4.8021e-02	4.6806e-03	0.030439	3
COG7	4	4.8027e-02	4.6806e-03	0.030439	3
TUBA1A	4	4.8075e-02	4.6806e-03	0.030439	2
CCDC85C	4	4.8115e-02	4.6806e-03	0.030439	4
IGSF5	4	4.8130e-02	4.6806e-03	0.030439	2
RRP36	4	4.8209e-02	4.6806e-03	0.030439	4
ATP6V0E2	4	4.8243e-02	4.6806e-03	0.030439	4
C1GALT1C1	4	4.8331e-02	4.6806e-03	0.030439	3
HDGFL1	4	4.8331e-02	4.6806e-03	0.030439	4
GTF2H2	4	4.8349e-02	4.6806e-03	0.030439	3
TESC	4	4.8471e-02	4.6806e-03	0.030439	3
PDLIM3	4	4.8478e-02	4.6806e-03	0.030439	4
TMEM18	4	4.8524e-02	4.6806e-03	0.030439	4
MCM10	4	4.8617e-02	4.6806e-03	0.030439	3
ZNF70	4	4.8628e-02	4.6806e-03	0.030439	4
SUGP2	4	4.8639e-02	4.6806e-03	0.030439	4
SZRD1	4	4.8642e-02	4.6806e-03	0.030439	3
PTPN5	4	4.8671e-02	4.6806e-03	0.030439	4
CCDC53	4	4.8674e-02	4.6806e-03	0.030439	2
MRO	4	4.8685e-02	4.6806e-03	0.030439	4
GUCY2F	4	4.8687e-02	4.6806e-03	0.030439	4
WNK3	4	4.8713e-02	4.6806e-03	0.030439	3
FKBP9	4	4.8724e-02	4.6806e-03	0.030439	2
TF	4	4.8727e-02	4.6806e-03	0.030439	2
CEP192	4	4.8764e-02	4.6806e-03	0.030439	2
NGLY1	4	4.8784e-02	4.6806e-03	0.030439	4
ANKRD2	4	4.8784e-02	4.6806e-03	0.030439	3
GFRA3	4	4.8892e-02	4.7355e-03	0.030631	3
ANKRD9	4	4.8905e-02	4.7355e-03	0.030631	3
WBP1	4	4.8934e-02	4.7360e-03	0.030631	3
HOXB2	4	4.8969e-02	4.7360e-03	0.030631	3
GAL3ST3	4	4.9019e-02	4.7360e-03	0.030631	3
TKT	4	4.9021e-02	4.7360e-03	0.030631	2
CARKD	4	4.9053e-02	4.7785e-03	0.030631	4
PDIA3	4	4.9119e-02	4.7785e-03	0.030631	2
WFDC3	4	4.9126e-02	4.7785e-03	0.030631	3
FAM205A	4	4.9232e-02	4.7785e-03	0.030631	4
OTUD1	4	4.9313e-02	4.7785e-03	0.030631	4
CLK2	4	4.9340e-02	4.7785e-03	0.030631	3
NUDC	4	4.9448e-02	4.7785e-03	0.030631	3
PCDHGA10	4	4.9448e-02	4.7785e-03	0.030631	4
MEDAG	4	4.9470e-02	4.7785e-03	0.030631	3
RGS18	4	4.9492e-02	4.7785e-03	0.030631	4
PSMD11	4	4.9503e-02	4.7785e-03	0.030631	4
SLC31A1	4	4.9579e-02	4.7785e-03	0.030631	4
CEP63	4	4.9585e-02	4.7785e-03	0.030631	3
SEC24A	4	4.9622e-02	4.7785e-03	0.030631	4
USP5	4	4.9628e-02	4.7785e-03	0.030631	4
C7orf71	4	4.9644e-02	4.7785e-03	0.030631	4
ALDH1B1	4	4.9649e-02	4.7785e-03	0.030631	3
CAMLG	4	4.9750e-02	4.7790e-03	0.030631	3
XKR4	4	4.9759e-02	4.7790e-03	0.030631	4
ALDH3A2	4	4.9795e-02	4.7790e-03	0.030631	2
OR6C75	4	4.9824e-02	4.7790e-03	0.030631	4
CCNT1	4	4.9887e-02	4.7790e-03	0.030631	3
GEMIN5	4	4.9894e-02	4.7790e-03	0.030631	4
CTSS	4	4.9966e-02	4.7790e-03	0.030631	4
VOPP1	4	4.9985e-02	4.7790e-03	0.030631	4
BRINP2	4	5.0128e-02	4.7790e-03	0.030631	4
DNTTIP2	4	5.0128e-02	4.7790e-03	0.030631	2
CECR5	4	5.0204e-02	4.7790e-03	0.030631	3
PARN	4	5.0208e-02	4.7790e-03	0.030631	4
GAS2L1	4	5.0213e-02	4.7790e-03	0.030631	4
FAM222B	4	5.0233e-02	4.7790e-03	0.030631	3
BRK1	4	5.0301e-02	4.7790e-03	0.030631	4
SNAPC2	4	5.0301e-02	4.7790e-03	0.030631	2
OR2T10	4	5.0320e-02	4.7790e-03	0.030631	3
KRT16	4	5.0356e-02	4.7790e-03	0.030631	3
PLCB4	4	5.0362e-02	4.7790e-03	0.030631	4
BPHL	4	5.0393e-02	4.7790e-03	0.030631	3
ODF1	4	5.0433e-02	4.8474e-03	0.031031	4
SLC38A7	4	5.0488e-02	4.8474e-03	0.031031	4
ZNF713	4	5.0519e-02	4.8479e-03	0.031031	3
DNAH7	4	5.0519e-02	4.8479e-03	0.031031	3
ATP5O	4	5.0588e-02	4.9111e-03	0.031344	3
NUP214	4	5.0593e-02	4.9111e-03	0.031344	4
HAUS7	4	5.0698e-02	4.9111e-03	0.031344	2
AMY2A	4	5.0705e-02	4.9116e-03	0.031344	3
CITED1	4	5.0715e-02	4.9116e-03	0.031344	4
C7orf34	4	5.0765e-02	4.9116e-03	0.031344	4
PCDHGA12	4	5.0770e-02	4.9116e-03	0.031344	3
ATP5G2	4	5.0792e-02	4.9116e-03	0.031344	3
RABGAP1	4	5.0812e-02	4.9116e-03	0.031344	4
SEMA4D	4	5.0858e-02	4.9655e-03	0.031587	3
RIOK1	4	5.0867e-02	4.9655e-03	0.031587	2
TRIM50	4	5.0902e-02	5.0152e-03	0.031587	3
POTEI	4	5.0922e-02	5.0152e-03	0.031587	2
DNAH6	4	5.0966e-02	5.0152e-03	0.031587	3
ERP27	4	5.1020e-02	5.0152e-03	0.031587	4
LCE2A	4	5.1037e-02	5.0152e-03	0.031587	4
CCDC130	4	5.1040e-02	5.0152e-03	0.031587	3
NKIRAS2	4	5.1106e-02	5.0152e-03	0.031587	4
TNS1	4	5.1117e-02	5.0152e-03	0.031587	4
TSG101	4	5.1171e-02	5.0152e-03	0.031587	3
FAM21A	4	5.1190e-02	5.0152e-03	0.031587	3
CHMP4A	4	5.1201e-02	5.0152e-03	0.031587	4
COMMD3	4	5.1201e-02	5.0152e-03	0.031587	4
C10orf99	4	5.1201e-02	5.0152e-03	0.031587	3
PSMD2	4	5.1209e-02	5.0152e-03	0.031587	4
MRPL47	4	5.1284e-02	5.0152e-03	0.031587	3
ESX1	4	5.1285e-02	5.0152e-03	0.031587	3
PNMA3	4	5.1304e-02	5.0152e-03	0.031587	3
NEDD8-MDP1	4	5.1315e-02	5.0152e-03	0.031587	3
CASC1	4	5.1461e-02	5.0158e-03	0.031587	4
MOB2	4	5.1465e-02	5.0158e-03	0.031587	3
G2E3	4	5.1480e-02	5.0158e-03	0.031587	3
RSRP1	4	5.1524e-02	5.0158e-03	0.031587	3
UBAP2	4	5.1561e-02	5.0158e-03	0.031587	4
NPPC	4	5.1621e-02	5.0158e-03	0.031587	3
FBXO46	4	5.1634e-02	5.0158e-03	0.031587	4
SETDB2	4	5.1707e-02	5.0158e-03	0.031587	4
RBMY1E	4	5.1721e-02	5.0158e-03	0.031587	4
ZNF804A	4	5.1763e-02	5.0158e-03	0.031587	4
CD300LD	4	5.1796e-02	5.0158e-03	0.031587	3
RTKN2	4	5.1837e-02	5.0158e-03	0.031587	3
TTYH1	4	5.1845e-02	5.0158e-03	0.031587	4
SNRNP40	4	5.1847e-02	5.0158e-03	0.031587	3
OR2T27	4	5.1851e-02	5.0158e-03	0.031587	3
SGSH	4	5.1897e-02	5.0158e-03	0.031587	3
PLCB3	4	5.1910e-02	5.0158e-03	0.031587	4
CMIP	4	5.1912e-02	5.0158e-03	0.031587	3
CLTCL1	4	5.1925e-02	5.0158e-03	0.031587	3
TUBGCP4	4	5.1991e-02	5.0158e-03	0.031587	2
USP17L30	4	5.2022e-02	5.0841e-03	0.031905	4
EOGT	4	5.2056e-02	5.0841e-03	0.031905	4
ANKRD31	4	5.2062e-02	5.0841e-03	0.031905	4
AIDA	4	5.2128e-02	5.0841e-03	0.031905	3
DDX39A	4	5.2141e-02	5.0841e-03	0.031905	4
IQGAP3	4	5.2142e-02	5.0841e-03	0.031905	2
PLIN3	4	5.2165e-02	5.0847e-03	0.031905	3
TRIM59	4	5.2260e-02	5.0847e-03	0.031905	4
ANKRD35	4	5.2271e-02	5.0847e-03	0.031905	4
C1S	4	5.2288e-02	5.0847e-03	0.031905	4
TLR8	4	5.2294e-02	5.0847e-03	0.031905	4
JAK1	4	5.2321e-02	5.1582e-03	0.032317	3
SCN2B	4	5.2335e-02	5.1582e-03	0.032317	1
RTP1	4	5.2350e-02	5.1582e-03	0.032317	4
SPATA31C1	4	5.2453e-02	5.1582e-03	0.032317	4
MAGEA2B	4	5.2617e-02	5.1587e-03	0.032317	4
MSN	4	5.2623e-02	5.2256e-03	0.032621	4
ZBTB40	4	5.2634e-02	5.2256e-03	0.032621	4
S100A3	4	5.2651e-02	5.2256e-03	0.032621	3
ZFP36L1	4	5.2654e-02	5.2256e-03	0.032621	4
ZNF32	4	5.2674e-02	5.2256e-03	0.032621	4
GADD45GIP1	4	5.2697e-02	5.2256e-03	0.032621	4
FREM2	4	5.2700e-02	5.2256e-03	0.032621	3
FANCG	4	5.2737e-02	5.2261e-03	0.032621	4
IL2RB	4	5.2743e-02	5.2261e-03	0.032621	4
CSK	4	5.2760e-02	5.2261e-03	0.032621	4
LRRC14	4	5.2765e-02	5.2261e-03	0.032621	4
GCHFR	4	5.2797e-02	5.2908e-03	0.032996	3
PCDHGA4	4	5.2817e-02	5.2914e-03	0.032996	4
BZW1	4	5.2828e-02	5.3608e-03	0.033400	4
ZNF646	4	5.2857e-02	5.3608e-03	0.033400	4
ADAM29	4	5.2885e-02	5.3613e-03	0.033400	4
FAN1	4	5.2924e-02	5.4452e-03	0.033838	3
ATG12	4	5.2993e-02	5.4452e-03	0.033838	3
NADK	4	5.3056e-02	5.4452e-03	0.033838	3
NXN	4	5.3083e-02	5.4457e-03	0.033838	4
ARL14EP	4	5.3170e-02	5.4457e-03	0.033838	3
PTPRN	4	5.3194e-02	5.4457e-03	0.033838	4
CAMTA1	4	5.3208e-02	5.4457e-03	0.033838	2
PLGLB2	4	5.3229e-02	5.4457e-03	0.033838	4
EXOC4	4	5.3240e-02	5.5198e-03	0.034146	4
HUS1	4	5.3253e-02	5.5198e-03	0.034146	3
PHF12	4	5.3260e-02	5.5198e-03	0.034146	3
LRRC73	4	5.3280e-02	5.5198e-03	0.034146	4
DMC1	4	5.3313e-02	5.5198e-03	0.034146	3
ZNF654	4	5.3347e-02	5.5198e-03	0.034146	4
LRIT2	4	5.3392e-02	5.5198e-03	0.034146	3
TLE1	4	5.3395e-02	5.5198e-03	0.034146	3
RHCG	4	5.3403e-02	5.5198e-03	0.034146	3
CAMK2N2	4	5.3413e-02	5.5198e-03	0.034146	4
IKBKG	4	5.3485e-02	5.5203e-03	0.034146	4
PF4V1	4	5.3502e-02	5.5203e-03	0.034146	4
FCHO2	4	5.3570e-02	5.5203e-03	0.034146	3
SLC5A5	4	5.3602e-02	5.5203e-03	0.034146	3
ACSBG2	4	5.3673e-02	5.5954e-03	0.034440	3
RBM23	4	5.3698e-02	5.5954e-03	0.034440	4
DDX19A	4	5.3752e-02	5.5954e-03	0.034440	3
GAN	4	5.3857e-02	5.5960e-03	0.034440	4
INO80B	4	5.3863e-02	5.5960e-03	0.034440	3
CYP26B1	4	5.3899e-02	5.5960e-03	0.034440	3
KRTAP10-10	4	5.3914e-02	5.5960e-03	0.034440	3
ITFG1	4	5.3938e-02	5.5960e-03	0.034440	4
CMTM2	4	5.3985e-02	5.5960e-03	0.034440	4
SLC25A22	4	5.3998e-02	5.6809e-03	0.034440	3
FAM3C	4	5.4014e-02	5.6809e-03	0.034440	4
CFB	4	5.4072e-02	5.6809e-03	0.034440	4
ZSCAN26	4	5.4179e-02	5.6809e-03	0.034440	4
CD160	4	5.4179e-02	5.6809e-03	0.034440	3
C1QB	4	5.4223e-02	5.6809e-03	0.034440	4
ERGIC2	3	5.4229e-02	9.5557e-03	0.051462	3
AKIRIN1	4	5.4237e-02	5.6809e-03	0.034440	4
MRPS2	4	5.4239e-02	5.6809e-03	0.034440	2
MRPL52	4	5.4275e-02	5.6809e-03	0.034440	4
DPY19L4	4	5.4323e-02	5.6809e-03	0.034440	3
P2RY10	4	5.4357e-02	5.6809e-03	0.034440	4
SLC19A1	4	5.4389e-02	5.6809e-03	0.034440	4
TMEM43	4	5.4395e-02	5.6809e-03	0.034440	3
PIGT	4	5.4407e-02	5.6809e-03	0.034440	3
FAM129A	4	5.4445e-02	5.6809e-03	0.034440	3
VPS26B	4	5.4456e-02	5.6809e-03	0.034440	4
C17orf53	4	5.4485e-02	5.6809e-03	0.034440	4
CD8B	4	5.4491e-02	5.6809e-03	0.034440	4
DIRAS3	4	5.4508e-02	5.6809e-03	0.034440	4
TMEM169	4	5.4513e-02	5.6809e-03	0.034440	3
BNIP3	4	5.4578e-02	5.6809e-03	0.034440	2
EGLN2	4	5.4579e-02	5.6809e-03	0.034440	4
PCDHGA5	4	5.4605e-02	5.6809e-03	0.034440	4
RPE65	4	5.4625e-02	5.6809e-03	0.034440	4
CT47A1	4	5.4631e-02	5.6809e-03	0.034440	4
C5orf64	4	5.4640e-02	5.6809e-03	0.034440	4
ZSWIM1	4	5.4652e-02	5.6809e-03	0.034440	4
GPD1L	4	5.4657e-02	5.6809e-03	0.034440	3
B3GNT2	4	5.4663e-02	5.6809e-03	0.034440	4
SENP3	4	5.4693e-02	5.6809e-03	0.034440	2
LOC100144595	4	5.4751e-02	5.6814e-03	0.034440	3
SRPK2	4	5.4789e-02	5.6814e-03	0.034440	4
KRTAP16-1	4	5.4819e-02	5.6814e-03	0.034440	4
SCARF2	4	5.4854e-02	5.6814e-03	0.034440	3
RAI1	4	5.4892e-02	5.6814e-03	0.034440	4
CYP4A22	4	5.4939e-02	5.6814e-03	0.034440	4
NDE1	4	5.4948e-02	5.6814e-03	0.034440	4
XCL2	4	5.4974e-02	5.6814e-03	0.034440	4
C1orf87	4	5.4977e-02	5.6814e-03	0.034440	4
TMEM57	4	5.4982e-02	5.6814e-03	0.034440	3
SCARB1	4	5.4995e-02	5.6814e-03	0.034440	2
NUDCD1	4	5.5048e-02	5.6814e-03	0.034440	4
TM2D1	4	5.5092e-02	5.6814e-03	0.034440	3
OR9Q1	4	5.5119e-02	5.6814e-03	0.034440	3
PA2G4	4	5.5143e-02	5.6814e-03	0.034440	3
EFHD2	4	5.5177e-02	5.6814e-03	0.034440	3
HES4	4	5.5237e-02	5.6814e-03	0.034440	4
ADGRF3	4	5.5268e-02	5.6814e-03	0.034440	3
TIMM8A	4	5.5299e-02	5.6814e-03	0.034440	4
SIRT4	4	5.5343e-02	5.6814e-03	0.034440	4
HMG20A	4	5.5360e-02	5.6814e-03	0.034440	3
SLITRK2	4	5.5376e-02	5.6814e-03	0.034440	3
VIPR2	4	5.5422e-02	5.6814e-03	0.034440	3
CRKL	4	5.5433e-02	5.6814e-03	0.034440	2
SBF2	4	5.5452e-02	5.7648e-03	0.034871	4
RIPK3	4	5.5464e-02	5.7648e-03	0.034871	4
ZBTB12	4	5.5476e-02	5.7648e-03	0.034871	3
CBWD6	4	5.5484e-02	5.7648e-03	0.034871	2
BARHL2	4	5.5491e-02	5.7648e-03	0.034871	4
INSR	4	5.5542e-02	5.7653e-03	0.034871	3
TGM6	4	5.5552e-02	5.7653e-03	0.034871	3
FCER1G	4	5.5597e-02	5.9176e-03	0.035781	4
SAC3D1	4	5.5675e-02	6.0213e-03	0.036023	3
LSS	4	5.5728e-02	6.0213e-03	0.036023	4
TMEM179B	4	5.5764e-02	6.0213e-03	0.036023	4
NUDT19	4	5.5768e-02	6.0213e-03	0.036023	3
CHRNB4	4	5.5773e-02	6.0213e-03	0.036023	4
MFSD2A	4	5.5781e-02	6.0213e-03	0.036023	4
TMEM88B	4	5.5805e-02	6.0213e-03	0.036023	4
LMNTD1	4	5.5845e-02	6.0213e-03	0.036023	3
LOC100132146	4	5.5853e-02	6.0213e-03	0.036023	3
GINM1	4	5.5876e-02	6.0213e-03	0.036023	3
VN1R1	4	5.5976e-02	6.0213e-03	0.036023	3
FAM98A	4	5.6002e-02	6.0213e-03	0.036023	4
C1GALT1	4	5.6014e-02	6.0213e-03	0.036023	4
LOC100506388	4	5.6026e-02	6.0213e-03	0.036023	4
UNC13C	4	5.6058e-02	6.0213e-03	0.036023	4
SNTG2	4	5.6077e-02	6.0213e-03	0.036023	4
UQCR10	4	5.6107e-02	6.0218e-03	0.036023	3
MCHR2	4	5.6130e-02	6.0218e-03	0.036023	4
UGGT1	4	5.6142e-02	6.0218e-03	0.036023	3
TAF1	4	5.6144e-02	6.0218e-03	0.036023	3
DHRS7	4	5.6160e-02	6.0218e-03	0.036023	4
CPN2	4	5.6177e-02	6.0218e-03	0.036023	3
ZNF90	4	5.6181e-02	6.0218e-03	0.036023	4
RPL36AL	4	5.6183e-02	6.0218e-03	0.036023	3
DAZAP1	4	5.6209e-02	6.0218e-03	0.036023	3
LOC100505841	4	5.6235e-02	6.0218e-03	0.036023	4
PLEKHO1	4	5.6239e-02	6.0218e-03	0.036023	3
PIGF	4	5.6293e-02	6.0218e-03	0.036023	3
ASF1A	4	5.6369e-02	6.0218e-03	0.036023	4
UGT2A2	3	5.6382e-02	1.0145e-02	0.054126	3
ADH1A	4	5.6414e-02	6.0218e-03	0.036023	4
URGCP-MRPS24	4	5.6432e-02	6.0218e-03	0.036023	3
PTDSS1	4	5.6504e-02	6.0218e-03	0.036023	4
RNF212B	4	5.6526e-02	6.0218e-03	0.036023	3
TRIM73	4	5.6538e-02	6.0218e-03	0.036023	3
HPGDS	4	5.6558e-02	6.0844e-03	0.036309	4
CLPX	4	5.6650e-02	6.0844e-03	0.036309	3
MPI	4	5.6658e-02	6.0844e-03	0.036309	3
GDF3	4	5.6676e-02	6.0850e-03	0.036309	3
GK	4	5.6727e-02	6.0850e-03	0.036309	4
HIST1H2BC	4	5.6733e-02	6.0850e-03	0.036309	4
C1orf116	4	5.6761e-02	6.0850e-03	0.036309	3
THOC7	4	5.6779e-02	6.1622e-03	0.036309	3
RAB23	4	5.6793e-02	6.1622e-03	0.036309	4
NOL7	4	5.6814e-02	6.1622e-03	0.036309	4
NT5DC2	4	5.6819e-02	6.1622e-03	0.036309	2
ALDH9A1	4	5.6853e-02	6.1622e-03	0.036309	3
ELF2	4	5.6853e-02	6.1622e-03	0.036309	4
LTK	4	5.6859e-02	6.1622e-03	0.036309	4
C11orf16	4	5.6868e-02	6.1622e-03	0.036309	3
CARM1	4	5.6876e-02	6.1622e-03	0.036309	3
FCGR1B	4	5.6883e-02	6.1622e-03	0.036309	4
TBL2	4	5.7041e-02	6.1622e-03	0.036309	2
CDPF1	4	5.7049e-02	6.1622e-03	0.036309	4
SET	4	5.7083e-02	6.1622e-03	0.036309	4
KIFC2	4	5.7095e-02	6.1622e-03	0.036309	3
PRRT2	4	5.7155e-02	6.1622e-03	0.036309	4
PTGR2	4	5.7185e-02	6.1622e-03	0.036309	2
C10orf111	4	5.7185e-02	6.1622e-03	0.036309	4
BEST1	4	5.7234e-02	6.1622e-03	0.036309	4
GPX1	4	5.7298e-02	6.1622e-03	0.036309	3
HIC2	4	5.7307e-02	6.1622e-03	0.036309	4
CCDC77	4	5.7315e-02	6.1622e-03	0.036309	2
MNAT1	4	5.7328e-02	6.1622e-03	0.036309	3
MNS1	4	5.7361e-02	6.1627e-03	0.036309	3
AGAP9	4	5.7501e-02	6.1627e-03	0.036309	4
PRIMPOL	4	5.7544e-02	6.1627e-03	0.036309	4
CT47A2	4	5.7583e-02	6.1627e-03	0.036309	4
MRPS26	4	5.7590e-02	6.1627e-03	0.036309	3
FARP1	4	5.7605e-02	6.1627e-03	0.036309	4
IL16	4	5.7629e-02	6.1627e-03	0.036309	2
YTHDF1	4	5.7650e-02	6.1627e-03	0.036309	4
KRTAP5-3	4	5.7708e-02	6.1627e-03	0.036309	2
SERINC1	4	5.7797e-02	6.1627e-03	0.036309	4
SAG	4	5.7806e-02	6.1627e-03	0.036309	4
GYG2	4	5.7815e-02	6.1627e-03	0.036309	4
ZNF276	4	5.7836e-02	6.1627e-03	0.036309	4
TPM3	4	5.7839e-02	6.1627e-03	0.036309	2
GUCD1	4	5.7848e-02	6.1627e-03	0.036309	3
FER1L5	4	5.7848e-02	6.1627e-03	0.036309	4
HTR3E	4	5.7870e-02	6.1627e-03	0.036309	4
EIF2AK4	4	5.7879e-02	6.1627e-03	0.036309	3
APITD1	4	5.7911e-02	6.1627e-03	0.036309	3
SPATA20	4	5.7916e-02	6.1627e-03	0.036309	4
CCDC140	4	5.7998e-02	6.2518e-03	0.036792	4
SON	4	5.8041e-02	6.2523e-03	0.036792	3
OXCT2	4	5.8067e-02	6.2523e-03	0.036792	3
PCDHB16	4	5.8121e-02	6.2523e-03	0.036792	4
C4orf46	4	5.8188e-02	6.3398e-03	0.037093	4
MLLT6	4	5.8188e-02	6.3398e-03	0.037093	4
HIST1H2AH	4	5.8194e-02	6.3398e-03	0.037093	2
HMGA2	4	5.8226e-02	6.3398e-03	0.037093	4
NAB1	4	5.8250e-02	6.3398e-03	0.037093	4
C10orf55	4	5.8250e-02	6.3398e-03	0.037093	3
DDX39B	4	5.8273e-02	6.3398e-03	0.037093	3
LOC100131303	4	5.8302e-02	6.3398e-03	0.037093	4
CCM2L	4	5.8339e-02	6.3398e-03	0.037093	4
URGCP	4	5.8373e-02	6.3404e-03	0.037093	4
ADAMTSL3	4	5.8400e-02	6.3404e-03	0.037093	4
VBP1	4	5.8418e-02	6.3404e-03	0.037093	3
OR5H14	4	5.8443e-02	6.3404e-03	0.037093	4
CLIC2	4	5.8457e-02	6.3404e-03	0.037093	2
XPA	4	5.8462e-02	6.3404e-03	0.037093	4
SERF1A	4	5.8495e-02	6.3404e-03	0.037093	3
FAM120B	4	5.8499e-02	6.3404e-03	0.037093	4
CD151	4	5.8514e-02	6.3404e-03	0.037093	4
NAA60	4	5.8536e-02	6.3404e-03	0.037093	4
TP53I11	4	5.8595e-02	6.4191e-03	0.037385	3
ZC3H15	4	5.8622e-02	6.4191e-03	0.037385	4
CHST15	4	5.8628e-02	6.4191e-03	0.037385	4
ASGR1	4	5.8702e-02	6.4191e-03	0.037385	3
SMARCC2	4	5.8754e-02	6.4191e-03	0.037385	3
CD37	4	5.8798e-02	6.4191e-03	0.037385	4
SFT2D3	4	5.8814e-02	6.4191e-03	0.037385	4
ADAP1	4	5.8869e-02	6.4191e-03	0.037385	4
LRRC4	4	5.8906e-02	6.4196e-03	0.037385	4
NFE4	4	5.8937e-02	6.4196e-03	0.037385	4
USP1	4	5.8956e-02	6.4196e-03	0.037385	4
KLHDC7B	4	5.8981e-02	6.4196e-03	0.037385	4
BECN1	4	5.9140e-02	6.4196e-03	0.037385	3
EPM2A	4	5.9173e-02	6.4196e-03	0.037385	4
ST6GALNAC5	4	5.9204e-02	6.4196e-03	0.037385	4
SAA4	4	5.9243e-02	6.5263e-03	0.037917	3
TMEM164	4	5.9267e-02	6.5263e-03	0.037917	3
TMEM27	4	5.9347e-02	6.5263e-03	0.037917	3
MICAL2	4	5.9422e-02	6.5263e-03	0.037917	4
PTCD1	4	5.9435e-02	6.5263e-03	0.037917	4
MKRN1	4	5.9491e-02	6.5268e-03	0.037917	3
CCDC148	4	5.9622e-02	6.5268e-03	0.037917	4
PRPF4B	4	5.9656e-02	6.5268e-03	0.037917	4
RGL2	4	5.9762e-02	6.6180e-03	0.038102	2
OR4N4	4	5.9868e-02	6.6180e-03	0.038102	2
RABGEF1	4	5.9929e-02	6.6180e-03	0.038102	4
GALP	4	5.9941e-02	6.6180e-03	0.038102	4
RRAGD	4	5.9954e-02	6.6180e-03	0.038102	4
CTAG1B	4	6.0004e-02	6.6180e-03	0.038102	4
TNR	4	6.0054e-02	6.6180e-03	0.038102	4
MYEF2	4	6.0069e-02	6.6180e-03	0.038102	3
SLAIN2	4	6.0092e-02	6.6180e-03	0.038102	4
FIBIN	4	6.0117e-02	6.6180e-03	0.038102	4
HIST1H2AK	4	6.0142e-02	6.6180e-03	0.038102	3
ANKRD55	4	6.0155e-02	6.6180e-03	0.038102	4
PGM3	4	6.0180e-02	6.6180e-03	0.038102	4
TEAD2	4	6.0188e-02	6.6180e-03	0.038102	2
LUC7L2	4	6.0248e-02	6.6180e-03	0.038102	2
ANOS1	4	6.0252e-02	6.6180e-03	0.038102	4
LGR6	4	6.0299e-02	6.6185e-03	0.038102	3
EMP3	4	6.0311e-02	6.6185e-03	0.038102	3
DIAPH3	4	6.0408e-02	6.6185e-03	0.038102	3
KIAA1257	4	6.0416e-02	6.6185e-03	0.038102	3
REP15	4	6.0451e-02	6.6185e-03	0.038102	4
CAMK2G	4	6.0489e-02	6.6185e-03	0.038102	3
ADGRB2	4	6.0505e-02	6.6185e-03	0.038102	3
CST4	4	6.0627e-02	6.6185e-03	0.038102	3
TOM1L1	4	6.0837e-02	6.6185e-03	0.038102	2
IFI44L	4	6.0850e-02	6.6185e-03	0.038102	4
PIP5KL1	4	6.0870e-02	6.6185e-03	0.038102	3
ZNF835	4	6.0885e-02	6.6185e-03	0.038102	4
TCEAL4	4	6.0886e-02	6.6185e-03	0.038102	3
MRPS6	4	6.0890e-02	6.6185e-03	0.038102	2
ADGRE5	4	6.0926e-02	6.7082e-03	0.038595	4
PABPC1L2B	4	6.0927e-02	6.7082e-03	0.038595	3
OR4K1	4	6.0990e-02	6.7921e-03	0.039057	3
ENTHD2	4	6.1051e-02	6.7926e-03	0.039057	3
SERF2	4	6.1104e-02	6.8900e-03	0.039466	4
GFRA4	4	6.1129e-02	6.8900e-03	0.039466	4
ERCC6-PGBD3	4	6.1134e-02	6.8900e-03	0.039466	1
ZNF431	4	6.1199e-02	6.8900e-03	0.039466	3
SUCLG1	4	6.1206e-02	6.8900e-03	0.039466	4
PAPPA	4	6.1211e-02	6.8900e-03	0.039466	3
MED1	4	6.1220e-02	6.8905e-03	0.039466	3
FAHD2B	4	6.1266e-02	6.8905e-03	0.039466	3
NXF2	4	6.1295e-02	6.8905e-03	0.039466	4
GAB1	4	6.1321e-02	6.8905e-03	0.039466	4
RASEF	4	6.1325e-02	6.8905e-03	0.039466	3
NPIPA5	4	6.1331e-02	6.8905e-03	0.039466	3
CPNE8	4	6.1346e-02	6.8905e-03	0.039466	4
TLE3	4	6.1400e-02	6.9827e-03	0.039961	4
SATB1	4	6.1413e-02	6.9832e-03	0.039961	3
GHRL	4	6.1416e-02	6.9832e-03	0.039961	4
LIN7C	4	6.1497e-02	7.1070e-03	0.040593	3
GOLGA8M	4	6.1531e-02	7.1309e-03	0.040593	4
ARSJ	4	6.1531e-02	7.1309e-03	0.040593	4
TMX2	4	6.1599e-02	7.1547e-03	0.040593	4
CHGA	4	6.1615e-02	7.1547e-03	0.040593	4
IQCB1	4	6.1629e-02	7.1547e-03	0.040593	3
ABHD17A	4	6.1636e-02	7.1547e-03	0.040593	3
COL21A1	4	6.1660e-02	7.1547e-03	0.040593	3
MXRA7	4	6.1682e-02	7.1547e-03	0.040593	4
DCAF5	4	6.1692e-02	7.1547e-03	0.040593	4
KLHL33	4	6.1762e-02	7.1547e-03	0.040593	4
FAM84B	4	6.1801e-02	7.1547e-03	0.040593	4
PDLIM4	4	6.1813e-02	7.1547e-03	0.040593	4
TUB	4	6.1818e-02	7.1547e-03	0.040593	2
TEAD4	4	6.1846e-02	7.1547e-03	0.040593	4
IMMT	4	6.1885e-02	7.1552e-03	0.040593	2
OR2Y1	4	6.1906e-02	7.1552e-03	0.040593	3
SPAG7	4	6.1910e-02	7.1552e-03	0.040593	4
DCAF15	4	6.1935e-02	7.1552e-03	0.040593	4
ACOT7	4	6.2000e-02	7.1552e-03	0.040593	4
DPH7	4	6.2026e-02	7.1552e-03	0.040593	4
DPYSL2	4	6.2029e-02	7.1552e-03	0.040593	3
AP2B1	4	6.2051e-02	7.1552e-03	0.040593	4
DUS3L	4	6.2081e-02	7.1552e-03	0.040593	3
ZNF280A	4	6.2101e-02	7.1552e-03	0.040593	3
SNX5	4	6.2140e-02	7.1552e-03	0.040593	3
FGFBP3	4	6.2158e-02	7.1552e-03	0.040593	4
MRC1	4	6.2160e-02	7.1552e-03	0.040593	3
BRD4	4	6.2174e-02	7.1552e-03	0.040593	4
NBEAL2	4	6.2196e-02	7.2013e-03	0.040664	3
TCF20	4	6.2267e-02	7.2013e-03	0.040664	3
CHMP7	4	6.2300e-02	7.2013e-03	0.040664	3
RAB11A	4	6.2306e-02	7.2013e-03	0.040664	4
MRPL37	4	6.2393e-02	7.2013e-03	0.040664	4
CYB5RL	4	6.2393e-02	7.2013e-03	0.040664	4
BPIFB4	4	6.2407e-02	7.2013e-03	0.040664	3
GTF2H4	4	6.2467e-02	7.2013e-03	0.040664	2
C5orf22	4	6.2490e-02	7.2013e-03	0.040664	3
VAMP3	4	6.2500e-02	7.2018e-03	0.040664	3
CXCL14	4	6.2580e-02	7.2018e-03	0.040664	3
GGH	4	6.2615e-02	7.2018e-03	0.040664	2
ACP5	4	6.2683e-02	7.2018e-03	0.040664	2
PLA2G15	4	6.2688e-02	7.2018e-03	0.040664	3
LENEP	4	6.2724e-02	7.2018e-03	0.040664	3
RMI2	4	6.2762e-02	7.2018e-03	0.040664	3
MYT1	4	6.2819e-02	7.2894e-03	0.041146	3
SLC35G6	4	6.3023e-02	7.3780e-03	0.041417	3
ABHD12	4	6.3050e-02	7.3780e-03	0.041417	3
ZGPAT	4	6.3060e-02	7.3780e-03	0.041417	3
CYB5R4	4	6.3172e-02	7.3780e-03	0.041417	3
COG6	4	6.3227e-02	7.3780e-03	0.041417	2
NOS1AP	4	6.3259e-02	7.3780e-03	0.041417	3
LEFTY2	4	6.3274e-02	7.3780e-03	0.041417	3
MAP3K7	4	6.3317e-02	7.3780e-03	0.041417	3
ULBP3	4	6.3384e-02	7.3780e-03	0.041417	3
FAM25C	4	6.3471e-02	7.3785e-03	0.041417	3
SGSM3	4	6.3485e-02	7.3785e-03	0.041417	3
NPTX2	4	6.3492e-02	7.3785e-03	0.041417	3
TMEM222	4	6.3534e-02	7.3785e-03	0.041417	3
TRUB2	4	6.3615e-02	7.3785e-03	0.041417	2
NSFL1C	4	6.3650e-02	7.3785e-03	0.041417	3
ADAMTS14	4	6.3671e-02	7.3785e-03	0.041417	3
UCMA	4	6.3671e-02	7.3785e-03	0.041417	3
CLDN3	4	6.3775e-02	7.3785e-03	0.041417	3
OR2A7	4	6.3784e-02	7.3785e-03	0.041417	3
TSEN54	4	6.3854e-02	7.4671e-03	0.041892	3
ILKAP	4	6.3876e-02	7.4676e-03	0.041892	3
APOBEC3C	4	6.3950e-02	7.5593e-03	0.042150	2
DDTL	4	6.3955e-02	7.5593e-03	0.042150	3
MINOS1-NBL1	4	6.4034e-02	7.5593e-03	0.042150	3
ANKRD52	4	6.4059e-02	7.5593e-03	0.042150	3
KRTAP9-8	4	6.4118e-02	7.5593e-03	0.042150	3
SCN9A	4	6.4126e-02	7.5593e-03	0.042150	3
PRR20C	4	6.4141e-02	7.5593e-03	0.042150	2
MRPS7	4	6.4196e-02	7.5593e-03	0.042150	2
SMIM7	4	6.4223e-02	7.5593e-03	0.042150	3
TXNDC15	4	6.4227e-02	7.5593e-03	0.042150	3
CD302	4	6.4689e-02	7.5593e-03	0.042150	3
C7orf25	4	6.4782e-02	7.5598e-03	0.042150	3
TMEM241	4	6.4798e-02	7.5598e-03	0.042150	3
CD14	4	6.4858e-02	7.5598e-03	0.042150	3
OR2L8	4	6.4930e-02	7.5598e-03	0.042150	3
TSEN15	4	6.4956e-02	7.5598e-03	0.042150	3
BUB1B	4	6.5026e-02	7.5598e-03	0.042150	3
MAGEC2	4	6.5043e-02	7.5598e-03	0.042150	3
SNAP25	4	6.5089e-02	7.5598e-03	0.042150	2
FAM32A	4	6.5185e-02	7.5598e-03	0.042150	2
DXO	4	6.5449e-02	7.5598e-03	0.042150	3
SCYL1	4	6.5525e-02	7.6810e-03	0.042766	3
EXOSC3	4	6.5621e-02	7.6815e-03	0.042766	2
CDH24	4	6.5634e-02	7.6815e-03	0.042766	3
ZNF394	4	6.5652e-02	7.6815e-03	0.042766	3
RPIA	4	6.5668e-02	7.6815e-03	0.042766	3
GID4	4	6.5744e-02	7.7784e-03	0.043045	1
TECTB	4	6.5771e-02	7.7784e-03	0.043045	3
METTL25	4	6.5805e-02	7.7784e-03	0.043045	3
NPHS2	4	6.5813e-02	7.7784e-03	0.043045	3
OR52A1	4	6.5862e-02	7.7784e-03	0.043045	3
EPHB6	4	6.5899e-02	7.7784e-03	0.043045	3
CERS5	4	6.5920e-02	7.7784e-03	0.043045	3
CHID1	4	6.5954e-02	7.7784e-03	0.043045	3
THNSL2	4	6.6010e-02	7.7784e-03	0.043045	3
MAPKAPK3	4	6.6028e-02	7.7784e-03	0.043045	3
FKBP2	4	6.6104e-02	7.7784e-03	0.043045	2
CHGB	4	6.6173e-02	7.7789e-03	0.043045	3
SPTLC1	4	6.6194e-02	7.7789e-03	0.043045	2
MUC7	4	6.6197e-02	7.7789e-03	0.043045	3
UBL4B	4	6.6257e-02	7.7789e-03	0.043045	3
ZDHHC3	4	6.6326e-02	7.7789e-03	0.043045	3
RASA4	4	6.6342e-02	7.7789e-03	0.043045	3
NTSR2	4	6.6471e-02	7.7789e-03	0.043045	3
LPPR2	4	6.6486e-02	7.7789e-03	0.043045	3
UPK3A	4	6.6496e-02	7.7789e-03	0.043045	3
AP3D1	4	6.6500e-02	7.7789e-03	0.043045	3
PNPLA1	4	6.6625e-02	7.8799e-03	0.043557	3
SSUH2	4	6.6650e-02	7.8799e-03	0.043557	3
OGDH	4	6.6653e-02	7.8799e-03	0.043557	2
SEPTIN3	4	6.6736e-02	7.8804e-03	0.043557	3
SSX7	4	6.6973e-02	7.9923e-03	0.044137	3
C16orf59	4	6.6973e-02	7.9923e-03	0.044137	3
SORT1	4	6.7058e-02	7.9923e-03	0.044137	3
SEPP1	4	6.7174e-02	8.1363e-03	0.044677	3
CDCA7	4	6.7217e-02	8.1363e-03	0.044677	3
PTPRR	4	6.7294e-02	8.1363e-03	0.044677	3
FLJ44635	4	6.7402e-02	8.1363e-03	0.044677	3
TRIP11	4	6.7415e-02	8.1363e-03	0.044677	3
RHOU	4	6.7501e-02	8.1363e-03	0.044677	3
TEX261	4	6.7711e-02	8.1363e-03	0.044677	1
SNX14	4	6.7713e-02	8.1363e-03	0.044677	3
TMEM191B	4	6.7717e-02	8.1363e-03	0.044677	3
RPS6KB1	4	6.7769e-02	8.1363e-03	0.044677	3
GAGE1	4	6.7811e-02	8.1363e-03	0.044677	3
AKAP8	4	6.7830e-02	8.1363e-03	0.044677	3
CCDC175	4	6.7960e-02	8.1369e-03	0.044677	3
MDGA2	4	6.8175e-02	8.1369e-03	0.044677	3
C3orf33	4	6.8229e-02	8.1369e-03	0.044677	3
HRCT1	4	6.8316e-02	8.1369e-03	0.044677	3
TTLL7	4	6.8330e-02	8.1369e-03	0.044677	2
FGFR1	4	6.8423e-02	8.1369e-03	0.044677	2
TDGF1	4	6.8625e-02	8.1369e-03	0.044677	2
USP3	4	6.8723e-02	8.1369e-03	0.044677	2
MIDN	4	6.8856e-02	8.2482e-03	0.045123	3
APOL4	4	6.8869e-02	8.2482e-03	0.045123	3
PABPC4L	4	6.8908e-02	8.2482e-03	0.045123	3
AVPR1B	4	6.9004e-02	8.2482e-03	0.045123	3
MRPL2	4	6.9012e-02	8.2482e-03	0.045123	2
CYB5R1	4	6.9039e-02	8.2482e-03	0.045123	3
ZNF548	4	6.9140e-02	8.2482e-03	0.045123	3
THAP4	4	6.9166e-02	8.2482e-03	0.045123	3
ATAD5	4	6.9201e-02	8.2488e-03	0.045123	3
CYP2E1	4	6.9302e-02	8.2488e-03	0.045123	3
USP32	4	6.9408e-02	8.2488e-03	0.045123	2
HEATR3	4	6.9429e-02	8.2488e-03	0.045123	3
ARHGAP11A	4	6.9570e-02	8.2488e-03	0.045123	2
NUDT10	4	6.9732e-02	8.3461e-03	0.045619	3
ELFN2	4	6.9794e-02	8.3467e-03	0.045619	3
COMMD2	4	6.9864e-02	8.3467e-03	0.045619	3
MAP3K8	4	6.9935e-02	8.4663e-03	0.046210	3
ERN1	3	6.9937e-02	1.4441e-02	0.073153	3
MAPKAPK2	4	7.0009e-02	8.4663e-03	0.046210	2
SERPINI2	4	7.0101e-02	8.4668e-03	0.046210	3
PTPN23	4	7.0102e-02	8.4668e-03	0.046210	3
OR6K6	4	7.0305e-02	8.4668e-03	0.046210	3
SYT15	4	7.0314e-02	8.5829e-03	0.046713	2
PARP6	4	7.0323e-02	8.5829e-03	0.046713	3
PLS1	4	7.0364e-02	8.5829e-03	0.046713	3
PRRX1	4	7.0394e-02	8.5829e-03	0.046713	3
IL24	4	7.0416e-02	8.5829e-03	0.046713	3
C7orf57	4	7.0456e-02	8.5834e-03	0.046713	3
H2AFB1	4	7.0528e-02	8.5834e-03	0.046713	3
NLRX1	4	7.0528e-02	8.5834e-03	0.046713	2
OR2B11	4	7.0544e-02	8.5834e-03	0.046713	3
AHCYL1	4	7.0549e-02	8.5834e-03	0.046713	3
PTRH1	4	7.0684e-02	8.6870e-03	0.047105	2
NPIPA3	4	7.0775e-02	8.6870e-03	0.047105	3
FOXA2	4	7.0793e-02	8.6870e-03	0.047105	3
SP1	4	7.0802e-02	8.6870e-03	0.047105	2
TRIM74	4	7.0820e-02	8.6870e-03	0.047105	3
SNX27	4	7.0955e-02	8.6870e-03	0.047105	2
ORM1	4	7.0974e-02	8.6875e-03	0.047105	2
PPM1G	4	7.0979e-02	8.6875e-03	0.047105	3
DNAI2	4	7.1006e-02	8.6875e-03	0.047105	3
OR10H1	4	7.1076e-02	8.6875e-03	0.047105	2
C7orf72	4	7.1095e-02	8.6875e-03	0.047105	3
MRPL53	4	7.1248e-02	8.6875e-03	0.047105	2
SIRPA	4	7.1317e-02	8.6875e-03	0.047105	3
PSMD1	4	7.1482e-02	8.8196e-03	0.047808	3
SPP1	4	7.1523e-02	8.9429e-03	0.048383	3
KIF20A	4	7.1627e-02	8.9429e-03	0.048383	2
MRPL44	4	7.1660e-02	8.9429e-03	0.048383	2
ITSN2	4	7.1727e-02	8.9429e-03	0.048383	2
FRA10AC1	4	7.1727e-02	8.9429e-03	0.048383	3
PRUNE2	4	7.1920e-02	8.9434e-03	0.048383	3
SFTPA2	4	7.1943e-02	8.9434e-03	0.048383	3
TAF1D	4	7.2051e-02	9.0962e-03	0.049156	3
HOXD11	4	7.2140e-02	9.0968e-03	0.049156	3
NCKAP1	4	7.2140e-02	9.0968e-03	0.049156	3
VSX2	4	7.2157e-02	9.0968e-03	0.049156	3
RBMXL1	4	7.2222e-02	9.2511e-03	0.049937	3
ARPC1B	4	7.2279e-02	9.2511e-03	0.049937	3
HBM	4	7.2345e-02	9.2516e-03	0.049937	3
USF1	4	7.2410e-02	9.2516e-03	0.049937	3
KLF10	4	7.2610e-02	9.4791e-03	0.051066	2
SEC31A	4	7.2639e-02	9.4791e-03	0.051066	3
PAGE2B	4	7.2707e-02	9.4791e-03	0.051066	3
PARVG	4	7.2770e-02	9.4791e-03	0.051066	3
ZNF385B	4	7.2933e-02	9.4796e-03	0.051066	2
LMO7DN	4	7.3150e-02	9.4796e-03	0.051066	3
KRTAP10-6	4	7.3222e-02	9.4796e-03	0.051066	3
TNFSF11	4	7.3285e-02	9.6308e-03	0.051796	3
CCR5	4	7.3316e-02	9.6308e-03	0.051796	2
SPDEF	4	7.3421e-02	9.6308e-03	0.051796	3
SLC30A7	4	7.3548e-02	9.6314e-03	0.051796	3
MEOX2	4	7.3663e-02	9.6314e-03	0.051796	2
CYP17A1	4	7.3730e-02	9.7640e-03	0.052424	3
OR4F17	4	7.3750e-02	9.7640e-03	0.052424	3
KRTAP19-5	4	7.3857e-02	9.7640e-03	0.052424	3
ARHGEF2	4	7.3888e-02	9.7640e-03	0.052424	2
GSDMC	4	7.3957e-02	9.7645e-03	0.052424	3
BAGE2	4	7.3994e-02	9.7645e-03	0.052424	3
TMEM212	4	7.4121e-02	9.9199e-03	0.053243	3
RASA1	4	7.4258e-02	1.0040e-02	0.053755	3
CALHM1	4	7.4277e-02	1.0040e-02	0.053755	3
LY6G6F	4	7.4327e-02	1.0040e-02	0.053755	3
COL2A1	4	7.4377e-02	1.0040e-02	0.053755	3
EVC	4	7.4560e-02	1.0041e-02	0.053755	3
EN1	4	7.4570e-02	1.0041e-02	0.053755	2
SECISBP2	4	7.4650e-02	1.0041e-02	0.053755	2
TFPI2	4	7.4672e-02	1.0041e-02	0.053755	2
NCF1	3	7.4757e-02	1.5086e-02	0.075220	3
DUSP19	4	7.4775e-02	1.0041e-02	0.053755	3
PRAMEF4	4	7.4890e-02	1.0160e-02	0.054126	3
PIGC	4	7.4912e-02	1.0160e-02	0.054126	3
OR8A1	4	7.4936e-02	1.0160e-02	0.054126	3
HMX1	4	7.5022e-02	1.0160e-02	0.054126	2
PTGES3	4	7.5043e-02	1.0160e-02	0.054126	2
SETSIP	4	7.5189e-02	1.0160e-02	0.054126	2
AMY2B	4	7.5230e-02	1.0160e-02	0.054126	3
LAMTOR1	4	7.5277e-02	1.0160e-02	0.054126	3
PPP2R4	4	7.5285e-02	1.0160e-02	0.054126	3
THSD1	4	7.5408e-02	1.0161e-02	0.054126	2
NBPF14	4	7.5426e-02	1.0161e-02	0.054126	3
STK35	4	7.5451e-02	1.0161e-02	0.054126	3
CCNJ	4	7.5569e-02	1.0161e-02	0.054126	3
SMIM5	4	7.5635e-02	1.0161e-02	0.054126	3
EP400	4	7.5645e-02	1.0161e-02	0.054126	3
NR1I2	4	7.5653e-02	1.0161e-02	0.054126	3
ZBTB17	4	7.5715e-02	1.0161e-02	0.054126	3
FGFR4	4	7.5907e-02	1.0477e-02	0.055551	3
LGALS9	4	7.5914e-02	1.0477e-02	0.055551	2
OTOP1	4	7.5949e-02	1.0477e-02	0.055551	3
MRPL38	4	7.6005e-02	1.0477e-02	0.055551	3
PDCD4	4	7.6208e-02	1.0477e-02	0.055551	3
HERC1	4	7.6292e-02	1.0477e-02	0.055551	3
GPR137C	4	7.6390e-02	1.0478e-02	0.055551	2
LMX1A	4	7.6422e-02	1.0478e-02	0.055551	3
HIST1H4A	4	7.6431e-02	1.0478e-02	0.055551	3
SLC31A2	4	7.6524e-02	1.0478e-02	0.055551	2
PAPOLG	4	7.6552e-02	1.0478e-02	0.055551	3
QKI	4	7.6561e-02	1.0478e-02	0.055551	3
RABEP2	4	7.6570e-02	1.0478e-02	0.055551	3
BCL2L1	4	7.6632e-02	1.0478e-02	0.055551	3
ORMDL3	4	7.6654e-02	1.0478e-02	0.055551	3
IRAK1	4	7.6728e-02	1.0478e-02	0.055551	3
LRCH1	4	7.6775e-02	1.0478e-02	0.055551	3
SRPK3	4	7.6933e-02	1.0617e-02	0.056075	3
MTRNR2L3	4	7.6957e-02	1.0617e-02	0.056075	3
CRYBB1	4	7.7036e-02	1.0617e-02	0.056075	2
CROCC	4	7.7081e-02	1.0617e-02	0.056075	3
MAOB	4	7.7129e-02	1.0617e-02	0.056075	3
UQCRHL	4	7.7133e-02	1.0617e-02	0.056075	3
OR2L13	4	7.7134e-02	1.0617e-02	0.056075	1
ARMCX1	4	7.7194e-02	1.0618e-02	0.056075	3
FILIP1L	4	7.7288e-02	1.0618e-02	0.056075	3
EFHC1	4	7.7361e-02	1.0618e-02	0.056075	3
CALB1	4	7.7428e-02	1.0618e-02	0.056075	3
SUMO1	4	7.7456e-02	1.0618e-02	0.056075	3
PITRM1	4	7.7465e-02	1.0618e-02	0.056075	3
MIS12	4	7.7475e-02	1.0618e-02	0.056075	2
ABHD1	4	7.7601e-02	1.0909e-02	0.057412	3
OTUD7A	3	7.7633e-02	1.5930e-02	0.078379	3
MC1R	4	7.7642e-02	1.0909e-02	0.057412	2
ARFGAP3	4	7.7690e-02	1.0909e-02	0.057412	3
PPIL1	4	7.7700e-02	1.0909e-02	0.057412	3
RIMBP3	4	7.7716e-02	1.0909e-02	0.057412	2
ARHGEF11	4	7.7747e-02	1.0909e-02	0.057412	3
HOXA11	4	7.7822e-02	1.0909e-02	0.057412	3
KRTAP4-5	4	7.7930e-02	1.0910e-02	0.057412	2
GRAMD4	4	7.7982e-02	1.0910e-02	0.057412	3
NANOS3	4	7.8071e-02	1.0910e-02	0.057412	2
ANKRD7	4	7.8101e-02	1.0910e-02	0.057412	2
SLC28A2	4	7.8155e-02	1.0910e-02	0.057412	3
L1TD1	4	7.8169e-02	1.0910e-02	0.057412	3
CCDC157	4	7.8400e-02	1.1060e-02	0.058045	3
TMEM242	4	7.8555e-02	1.1060e-02	0.058045	3
RAB5A	4	7.8560e-02	1.1060e-02	0.058045	2
OSBPL11	4	7.8664e-02	1.1060e-02	0.058045	3
NADK2	4	7.8783e-02	1.1061e-02	0.058045	3
ZNF597	4	7.8815e-02	1.1061e-02	0.058045	3
BCS1L	4	7.8857e-02	1.1061e-02	0.058045	2
ARL8B	4	7.8872e-02	1.1061e-02	0.058045	3
CASZ1	4	7.9056e-02	1.1061e-02	0.058045	3
TMEM39B	4	7.9160e-02	1.1061e-02	0.058045	3
ARHGEF10L	4	7.9217e-02	1.1206e-02	0.058712	3
BLOC1S2	4	7.9307e-02	1.1206e-02	0.058712	3
WBSCR27	4	7.9436e-02	1.1206e-02	0.058712	3
HOXC6	4	7.9464e-02	1.1206e-02	0.058712	3
SYNE3	4	7.9468e-02	1.1206e-02	0.058712	2
PHF21A	4	7.9513e-02	1.1206e-02	0.058712	2
SLBP	4	7.9618e-02	1.1353e-02	0.059421	2
CHPF	4	7.9667e-02	1.1353e-02	0.059421	2
RHCE	4	7.9737e-02	1.1354e-02	0.059421	2
LOC391003	4	7.9811e-02	1.1354e-02	0.059421	3
PIGA	4	7.9949e-02	1.1717e-02	0.061257	3
SERPINA1	4	8.0150e-02	1.1717e-02	0.061257	3
TOE1	4	8.0245e-02	1.1717e-02	0.061257	3
SMG1	4	8.0245e-02	1.1717e-02	0.061257	3
PPP2R5E	4	8.0360e-02	1.1873e-02	0.061852	3
MRPS27	4	8.0425e-02	1.1873e-02	0.061852	3
AOC1	4	8.0518e-02	1.1873e-02	0.061852	2
FASN	4	8.0545e-02	1.1873e-02	0.061852	2
C1orf141	4	8.0551e-02	1.1873e-02	0.061852	3
CDCP1	4	8.0687e-02	1.1873e-02	0.061852	2
C2orf83	4	8.0710e-02	1.1873e-02	0.061852	2
MYCBP	4	8.0845e-02	1.1873e-02	0.061852	2
SELK	4	8.0920e-02	1.1873e-02	0.061852	3
OR51E1	4	8.1059e-02	1.1873e-02	0.061852	3
TIGD7	4	8.1138e-02	1.1873e-02	0.061852	2
CHORDC1	4	8.1150e-02	1.1873e-02	0.061852	2
IRX4	4	8.1160e-02	1.1873e-02	0.061852	2
HSPA2	4	8.1290e-02	1.2032e-02	0.062578	3
FAM213A	4	8.1309e-02	1.2032e-02	0.062578	3
MEP1A	4	8.1319e-02	1.2032e-02	0.062578	3
LY75	4	8.1341e-02	1.2032e-02	0.062578	3
AACS	4	8.1396e-02	1.2032e-02	0.062578	3
ITM2A	4	8.1416e-02	1.2032e-02	0.062578	3
MIP	4	8.1537e-02	1.2231e-02	0.063237	2
GXYLT2	4	8.1552e-02	1.2231e-02	0.063237	3
PCDHA9	4	8.1612e-02	1.2231e-02	0.063237	2
ZPLD1	4	8.1714e-02	1.2231e-02	0.063237	3
USP34	4	8.1748e-02	1.2231e-02	0.063237	3
ZNF282	3	8.1769e-02	1.6451e-02	0.080479	3
FAM65C	4	8.1791e-02	1.2231e-02	0.063237	3
TMEM110-MUSTN1	4	8.1808e-02	1.2231e-02	0.063237	3
SPAG4	4	8.1853e-02	1.2231e-02	0.063237	2
CALML6	4	8.1888e-02	1.2231e-02	0.063237	3
PIGY	4	8.1898e-02	1.2231e-02	0.063237	2
CHCHD6	4	8.1927e-02	1.2231e-02	0.063237	3
MAD1L1	4	8.1952e-02	1.2231e-02	0.063237	3
CECR2	4	8.1985e-02	1.2231e-02	0.063237	3
NCAPH	4	8.2178e-02	1.2232e-02	0.063237	2
ST7	4	8.2178e-02	1.2232e-02	0.063237	3
WDR4	4	8.2195e-02	1.2232e-02	0.063237	2
FEZ2	4	8.2198e-02	1.2232e-02	0.063237	3
BTK	4	8.2217e-02	1.2232e-02	0.063237	3
UBE2V1	4	8.2236e-02	1.2232e-02	0.063237	3
GMEB1	4	8.2344e-02	1.2232e-02	0.063237	3
IER5L	4	8.2389e-02	1.2232e-02	0.063237	2
C1orf168	4	8.2498e-02	1.2232e-02	0.063237	3
TAF5	4	8.2680e-02	1.2391e-02	0.063874	2
KIAA1143	4	8.2741e-02	1.2391e-02	0.063874	3
SYNDIG1	4	8.2751e-02	1.2391e-02	0.063874	3
CFL1	4	8.2765e-02	1.2391e-02	0.063874	3
CCDC70	4	8.2791e-02	1.2391e-02	0.063874	2
SLC12A1	4	8.2804e-02	1.2391e-02	0.063874	3
TFDP3	4	8.2821e-02	1.2391e-02	0.063874	2
RASA4B	4	8.2858e-02	1.2391e-02	0.063874	3
AGK	4	8.2877e-02	1.2392e-02	0.063874	3
ITGAV	4	8.2882e-02	1.2392e-02	0.063874	2
MTFR1L	4	8.3033e-02	1.2392e-02	0.063874	2
RIIAD1	4	8.3307e-02	1.2562e-02	0.064561	2
RIC3	4	8.3322e-02	1.2562e-02	0.064561	2
PDIA5	4	8.3365e-02	1.2562e-02	0.064561	3
C6orf132	4	8.3394e-02	1.2562e-02	0.064561	3
SLC47A2	4	8.3501e-02	1.2562e-02	0.064561	3
TMEM154	4	8.3511e-02	1.2562e-02	0.064561	3
MAGEA3	4	8.3541e-02	1.2562e-02	0.064561	3
PPP1R14A	4	8.3542e-02	1.2562e-02	0.064561	2
ALG1L	4	8.3578e-02	1.2562e-02	0.064561	1
OTOL1	4	8.3626e-02	1.2562e-02	0.064561	3
ART1	4	8.3725e-02	1.2562e-02	0.064561	2
THAP11	4	8.3763e-02	1.2731e-02	0.065169	3
POLDIP3	4	8.3778e-02	1.2731e-02	0.065169	3
FETUB	4	8.3845e-02	1.2731e-02	0.065169	2
LAIR1	4	8.3869e-02	1.2731e-02	0.065169	2
LRRC37A2	4	8.3913e-02	1.2731e-02	0.065169	3
MTIF3	4	8.3947e-02	1.2731e-02	0.065169	3
ZNF669	4	8.3976e-02	1.2731e-02	0.065169	3
MRPL35	4	8.4006e-02	1.2731e-02	0.065169	3
COQ3	4	8.4045e-02	1.2732e-02	0.065169	3
CBWD5	4	8.4098e-02	1.2732e-02	0.065169	2
PNKP	4	8.4136e-02	1.2732e-02	0.065169	3
RIMBP3C	4	8.4197e-02	1.2732e-02	0.065169	3
SMKR1	4	8.4305e-02	1.2732e-02	0.065169	3
SLC25A1	4	8.4327e-02	1.2732e-02	0.065169	2
PLEKHN1	4	8.4342e-02	1.2732e-02	0.065169	3
IP6K1	4	8.4418e-02	1.2891e-02	0.065845	3
SAA2	4	8.4492e-02	1.2891e-02	0.065845	3
FCGR1A	4	8.4620e-02	1.2891e-02	0.065845	1
MED18	4	8.4693e-02	1.2891e-02	0.065845	3
SLC6A5	4	8.4709e-02	1.2891e-02	0.065845	2
CTAGE4	4	8.4748e-02	1.2891e-02	0.065845	3
SLC25A18	4	8.4839e-02	1.2891e-02	0.065845	2
IMMP1L	4	8.4980e-02	1.2891e-02	0.065845	3
CDK5R2	4	8.5183e-02	1.3079e-02	0.066754	3
FBXW7	4	8.5202e-02	1.3079e-02	0.066754	3
QSER1	4	8.5428e-02	1.3080e-02	0.066754	2
PARP8	4	8.5737e-02	1.3240e-02	0.067541	3
BMS1	4	8.5789e-02	1.3241e-02	0.067541	3
FBXO18	4	8.5807e-02	1.3431e-02	0.068474	3
CCDC105	4	8.5876e-02	1.3431e-02	0.068474	3
CYP51A1	4	8.6012e-02	1.3805e-02	0.070103	2
OR5H6	4	8.6025e-02	1.3805e-02	0.070103	2
TMEM183A	4	8.6095e-02	1.3805e-02	0.070103	3
CHCHD7	4	8.6145e-02	1.3805e-02	0.070103	3
KDM1A	4	8.6174e-02	1.3805e-02	0.070103	3
ZSCAN31	4	8.6175e-02	1.3805e-02	0.070103	3
AGBL5	4	8.6320e-02	1.3806e-02	0.070103	3
FRRS1L	4	8.6344e-02	1.3806e-02	0.070103	3
MGC50722	4	8.6374e-02	1.3806e-02	0.070103	3
POM121	4	8.6464e-02	1.3806e-02	0.070103	3
MARCHF6	3	8.6474e-02	1.7487e-02	0.083978	3
PRKACB	4	8.6494e-02	1.3806e-02	0.070103	3
ARHGAP10	4	8.6554e-02	1.3806e-02	0.070103	3
BPIFB2	4	8.6623e-02	1.3806e-02	0.070103	3
HIST1H3J	4	8.6653e-02	1.3806e-02	0.070103	3
PHF20L1	4	8.6654e-02	1.3806e-02	0.070103	2
STAC	4	8.6723e-02	1.4021e-02	0.071119	3
TAS1R2	4	8.6782e-02	1.4021e-02	0.071119	2
GSDMB	4	8.6793e-02	1.4021e-02	0.071119	3
PYY	4	8.6829e-02	1.4021e-02	0.071119	2
DMWD	4	8.7115e-02	1.4199e-02	0.071965	2
LMAN1L	4	8.7115e-02	1.4199e-02	0.071965	2
AFP	4	8.7139e-02	1.4199e-02	0.071965	3
KIAA0513	4	8.7404e-02	1.4364e-02	0.072784	3
FNBP4	4	8.7586e-02	1.4545e-02	0.073200	2
FAM89B	4	8.7595e-02	1.4545e-02	0.073200	3
CBLN3	4	8.7635e-02	1.4545e-02	0.073200	3
A2M	4	8.7645e-02	1.4545e-02	0.073200	3
KLHL2	4	8.7665e-02	1.4545e-02	0.073200	3
APOB	4	8.7716e-02	1.4545e-02	0.073200	3
HMP19	4	8.7756e-02	1.4545e-02	0.073200	3
SPCS2	4	8.7815e-02	1.4545e-02	0.073200	3
TFCP2L1	4	8.7816e-02	1.4545e-02	0.073200	3
KLHL35	4	8.7877e-02	1.4545e-02	0.073200	3
GGTLC2	4	8.7887e-02	1.4545e-02	0.073200	3
SMOX	4	8.7951e-02	1.4545e-02	0.073200	3
ADAM17	4	8.7987e-02	1.4545e-02	0.073200	3
HIST1H3B	4	8.8020e-02	1.4546e-02	0.073200	2
GPATCH3	4	8.8028e-02	1.4546e-02	0.073200	3
CAST	4	8.8063e-02	1.4546e-02	0.073200	3
CTNND2	4	8.8113e-02	1.4546e-02	0.073200	3
CALML4	4	8.8149e-02	1.4546e-02	0.073200	3
ZCCHC17	4	8.8191e-02	1.4546e-02	0.073200	2
BDP1	4	8.8240e-02	1.4546e-02	0.073200	3
STRN3	4	8.8347e-02	1.4546e-02	0.073200	2
PBXIP1	4	8.8371e-02	1.4546e-02	0.073200	3
SERPING1	4	8.8381e-02	1.4546e-02	0.073200	3
OR2A12	4	8.8409e-02	1.4546e-02	0.073200	2
RMDN2	4	8.8440e-02	1.4546e-02	0.073200	2
CHRNA7	4	8.8482e-02	1.4727e-02	0.073901	3
PDIA4	4	8.8624e-02	1.4727e-02	0.073901	3
MAPKAP1	4	8.8694e-02	1.4727e-02	0.073901	3
C7orf73	4	8.8704e-02	1.4727e-02	0.073901	2
B4GALT5	4	8.8705e-02	1.4727e-02	0.073901	3
PDE6C	4	8.8782e-02	1.4727e-02	0.073901	2
H6PD	4	8.8813e-02	1.4728e-02	0.073901	3
DDB1	4	8.8816e-02	1.4728e-02	0.073901	3
ERCC1	4	8.8907e-02	1.4728e-02	0.073901	2
PAFAH1B2	3	8.8941e-02	1.7705e-02	0.084486	3
SLC16A8	4	8.8968e-02	1.4728e-02	0.073901	3
KRT12	4	8.9039e-02	1.4728e-02	0.073901	3
TMPRSS7	4	8.9140e-02	1.4907e-02	0.074549	3
LY86	4	8.9211e-02	1.4907e-02	0.074549	3
GALNT6	4	8.9313e-02	1.4907e-02	0.074549	3
ARHGEF28	4	8.9364e-02	1.4907e-02	0.074549	3
ACTBL2	4	8.9384e-02	1.4907e-02	0.074549	3
LNP1	4	8.9409e-02	1.4907e-02	0.074549	3
TRPC5OS	4	8.9588e-02	1.4907e-02	0.074549	3
SLC22A23	4	8.9624e-02	1.4907e-02	0.074549	3
BHLHE40	4	8.9781e-02	1.4907e-02	0.074549	3
DUSP12	4	8.9797e-02	1.4907e-02	0.074549	3
GATSL2	4	8.9812e-02	1.4907e-02	0.074549	3
C17orf80	4	8.9847e-02	1.4907e-02	0.074549	3
ANKRD17	4	8.9937e-02	1.4907e-02	0.074549	3
ACAP3	4	9.0015e-02	1.5132e-02	0.075220	2
TSTD2	4	9.0031e-02	1.5132e-02	0.075220	2
NRSN1	4	9.0172e-02	1.5132e-02	0.075220	2
C3orf67	4	9.0195e-02	1.5132e-02	0.075220	2
DHX58	4	9.0210e-02	1.5132e-02	0.075220	3
HIVEP3	4	9.0375e-02	1.5132e-02	0.075220	3
LIMS1	4	9.0445e-02	1.5132e-02	0.075220	3
MAGEA10-MAGEA5	4	9.0568e-02	1.5132e-02	0.075220	3
PDSS2	4	9.0603e-02	1.5132e-02	0.075220	3
PLA2G12A	4	9.0948e-02	1.5132e-02	0.075220	3
SOX10	4	9.0988e-02	1.5132e-02	0.075220	2
CD300LG	4	9.1035e-02	1.5132e-02	0.075220	3
CER1	4	9.1073e-02	1.5132e-02	0.075220	2
MAGEE2	4	9.1113e-02	1.5132e-02	0.075220	2
PCED1A	4	9.1137e-02	1.5132e-02	0.075220	2
OR5T1	4	9.1146e-02	1.5132e-02	0.075220	2
AHCY	4	9.1192e-02	1.5132e-02	0.075220	3
SEC24D	4	9.1205e-02	1.5132e-02	0.075220	3
ZNF543	4	9.1218e-02	1.5132e-02	0.075220	3
PTPRZ1	4	9.1381e-02	1.5132e-02	0.075220	2
SYNGR1	4	9.1390e-02	1.5132e-02	0.075220	3
TOR1B	4	9.1472e-02	1.5132e-02	0.075220	3
ARL4D	4	9.1580e-02	1.5324e-02	0.075863	3
POLR3D	4	9.1633e-02	1.5324e-02	0.075863	3
ADIPOQ	4	9.1771e-02	1.5324e-02	0.075863	3
TMEM50A	4	9.1792e-02	1.5324e-02	0.075863	3
PCDHB1	4	9.1806e-02	1.5324e-02	0.075863	2
PSME2	4	9.1936e-02	1.5325e-02	0.075863	3
VAV3	4	9.1956e-02	1.5325e-02	0.075863	2
MSH4	4	9.1957e-02	1.5325e-02	0.075863	3
KHDC1L	4	9.1978e-02	1.5325e-02	0.075863	3
APOD	4	9.1980e-02	1.5325e-02	0.075863	3
RNF40	4	9.2037e-02	1.5325e-02	0.075863	2
MEGF8	4	9.2071e-02	1.5325e-02	0.075863	3
ABRACL	4	9.2074e-02	1.5325e-02	0.075863	2
NPR1	4	9.2092e-02	1.5325e-02	0.075863	3
CDH6	4	9.2122e-02	1.5325e-02	0.075863	2
CASP10	4	9.2240e-02	1.5325e-02	0.075863	2
GRK7	4	9.2311e-02	1.5529e-02	0.076756	2
AMBRA1	4	9.2330e-02	1.5529e-02	0.076756	3
CTDSPL	4	9.2350e-02	1.5529e-02	0.076756	3
UBXN6	4	9.2402e-02	1.5530e-02	0.076756	3
VAC14	4	9.2480e-02	1.5530e-02	0.076756	3
RAD21	4	9.2495e-02	1.5530e-02	0.076756	2
TTYH2	4	9.2568e-02	1.5736e-02	0.077600	3
CXorf36	4	9.2687e-02	1.5736e-02	0.077600	1
TM4SF18	4	9.2687e-02	1.5736e-02	0.077600	3
GSTZ1	4	9.2719e-02	1.5736e-02	0.077600	3
POU6F1	4	9.2897e-02	1.5736e-02	0.077600	3
TBC1D31	4	9.2976e-02	1.5737e-02	0.077600	3
COX7B	4	9.3150e-02	1.5737e-02	0.077600	2
RARS2	4	9.3233e-02	1.5737e-02	0.077600	3
CAT	4	9.3244e-02	1.5737e-02	0.077600	3
ARL5C	4	9.3442e-02	1.5935e-02	0.078379	3
ART5	4	9.3494e-02	1.5935e-02	0.078379	3
TMIGD3	4	9.3588e-02	1.5935e-02	0.078379	3
ST6GALNAC4	4	9.3618e-02	1.5935e-02	0.078379	3
TNNI3	4	9.3619e-02	1.5935e-02	0.078379	3
C16orf86	4	9.3786e-02	1.5936e-02	0.078379	3
FGFRL1	4	9.3801e-02	1.5936e-02	0.078379	2
TIMM17A	4	9.3813e-02	1.5936e-02	0.078379	3
COL20A1	4	9.3839e-02	1.5936e-02	0.078379	3
SNTB1	4	9.3964e-02	1.6122e-02	0.079092	3
MMP3	4	9.4048e-02	1.6122e-02	0.079092	3
RBM27	4	9.4064e-02	1.6122e-02	0.079092	3
FBXO8	4	9.4072e-02	1.6122e-02	0.079092	3
SIAH1	4	9.4103e-02	1.6122e-02	0.079092	2
LRRC24	4	9.4121e-02	1.6122e-02	0.079092	3
OR2M7	4	9.4242e-02	1.6122e-02	0.079092	3
PMM2	4	9.4263e-02	1.6122e-02	0.079092	2
MUC13	4	9.4331e-02	1.6122e-02	0.079092	3
DRGX	4	9.4436e-02	1.6122e-02	0.079092	3
C1orf229	4	9.4542e-02	1.6300e-02	0.079805	2
NUP210L	4	9.4625e-02	1.6300e-02	0.079805	3
PAXBP1	4	9.4645e-02	1.6300e-02	0.079805	3
SETD5	4	9.4661e-02	1.6300e-02	0.079805	2
SPRED2	4	9.4667e-02	1.6300e-02	0.079805	3
FAM118B	4	9.4677e-02	1.6300e-02	0.079805	2
PTTG2	4	9.4741e-02	1.6301e-02	0.079805	3
CALB2	4	9.4751e-02	1.6301e-02	0.079805	3
FAAH2	4	9.4940e-02	1.6510e-02	0.080479	3
CHI3L2	4	9.4982e-02	1.6510e-02	0.080479	3
RNF150	4	9.5045e-02	1.6510e-02	0.080479	3
RASL12	4	9.5109e-02	1.6510e-02	0.080479	3
HPSE	4	9.5124e-02	1.6510e-02	0.080479	3
ZNF286B	4	9.5130e-02	1.6510e-02	0.080479	3
SLC25A33	4	9.5193e-02	1.6510e-02	0.080479	3
RANBP1	4	9.5225e-02	1.6510e-02	0.080479	3
CKAP2L	4	9.5236e-02	1.6510e-02	0.080479	2
LRRC57	4	9.5267e-02	1.6510e-02	0.080479	3
SPANXN3	4	9.5300e-02	1.6510e-02	0.080479	2
MS4A8	4	9.5452e-02	1.6510e-02	0.080479	2
PNN	4	9.5541e-02	1.6510e-02	0.080479	3
RAPGEF6	4	9.5556e-02	1.6510e-02	0.080479	3
OSBPL6	4	9.5589e-02	1.6510e-02	0.080479	3
SKAP1	4	9.5647e-02	1.6510e-02	0.080479	3
COLGALT1	4	9.5700e-02	1.6734e-02	0.081510	3
PPP2CB	4	9.5716e-02	1.6735e-02	0.081510	2
IMPAD1	4	9.5726e-02	1.6735e-02	0.081510	3
GIPC2	4	9.5812e-02	1.6927e-02	0.082158	2
HOXA13	4	9.5816e-02	1.6927e-02	0.082158	3
CCDC34	4	9.5858e-02	1.6927e-02	0.082158	3
ADRA2B	4	9.5943e-02	1.6927e-02	0.082158	3
MROH9	4	9.5954e-02	1.6927e-02	0.082158	3
ATPAF2	4	9.5957e-02	1.6927e-02	0.082158	2
LGALS9B	4	9.5973e-02	1.6927e-02	0.082158	3
SAP30BP	4	9.5989e-02	1.6927e-02	0.082158	2
NPFFR1	4	9.5996e-02	1.6927e-02	0.082158	3
THOC5	4	9.6005e-02	1.6927e-02	0.082158	2
WDR26	4	9.6013e-02	1.6927e-02	0.082158	3
CPLX1	4	9.6123e-02	1.6928e-02	0.082158	3
EVA1B	3	9.6198e-02	1.8748e-02	0.087719	3
CXorf51A	4	9.6208e-02	1.6928e-02	0.082158	3
ZNF704	4	9.6245e-02	1.6928e-02	0.082158	3
LRRC42	4	9.6341e-02	1.7129e-02	0.082508	3
PQBP1	4	9.6366e-02	1.7129e-02	0.082508	3
GPR50	4	9.6438e-02	1.7129e-02	0.082508	2
GPR19	4	9.6463e-02	1.7129e-02	0.082508	3
CACTIN	4	9.6470e-02	1.7129e-02	0.082508	2
EEF1B2	4	9.6511e-02	1.7129e-02	0.082508	3
FCHO1	4	9.6633e-02	1.7129e-02	0.082508	3
DMGDH	4	9.6703e-02	1.7129e-02	0.082508	3
EPPK1	4	9.6727e-02	1.7129e-02	0.082508	2
ERICH6	4	9.6750e-02	1.7129e-02	0.082508	3
SEPTIN5	4	9.6752e-02	1.7129e-02	0.082508	2
METTL15	4	9.6776e-02	1.7129e-02	0.082508	3
PNPLA8	4	9.6969e-02	1.7129e-02	0.082508	2
GK5	4	9.7001e-02	1.7129e-02	0.082508	2
CCDC146	4	9.7059e-02	1.7129e-02	0.082508	3
SLC44A2	4	9.7073e-02	1.7129e-02	0.082508	3
BRAP	4	9.7176e-02	1.7129e-02	0.082508	3
DECR1	4	9.7240e-02	1.7129e-02	0.082508	3
CHD8	4	9.7243e-02	1.7129e-02	0.082508	3
DACH2	4	9.7272e-02	1.7129e-02	0.082508	3
OTUD6B	4	9.7336e-02	1.7129e-02	0.082508	3
C9orf129	4	9.7388e-02	1.7129e-02	0.082508	2
LYZL1	4	9.7443e-02	1.7129e-02	0.082508	3
SRR	4	9.7453e-02	1.7129e-02	0.082508	3
AGFG2	4	9.7468e-02	1.7129e-02	0.082508	2
WDR38	4	9.7468e-02	1.7129e-02	0.082508	2
ZSCAN21	4	9.7475e-02	1.7129e-02	0.082508	3
OR9Q2	4	9.7484e-02	1.7129e-02	0.082508	2
DNAJC27	4	9.7614e-02	1.7129e-02	0.082508	3
HPD	4	9.7646e-02	1.7129e-02	0.082508	3
DEXI	4	9.7775e-02	1.7321e-02	0.083203	3
PRSS55	4	9.7791e-02	1.7321e-02	0.083203	2
SOGA1	4	9.7796e-02	1.7321e-02	0.083203	3
TRPM1	4	9.7812e-02	1.7321e-02	0.083203	3
SAMD15	4	9.7812e-02	1.7321e-02	0.083203	3
OBP2B	4	9.7871e-02	1.7321e-02	0.083203	3
STIM2	4	9.7872e-02	1.7321e-02	0.083203	2
DLEU7	4	9.7904e-02	1.7321e-02	0.083203	3
OR4F5	4	9.7953e-02	1.7321e-02	0.083203	2
C15orf48	4	9.8235e-02	1.7321e-02	0.083203	3
SMCO1	4	9.8267e-02	1.7321e-02	0.083203	3
GAS1	4	9.8434e-02	1.7517e-02	0.084019	3
FAIM2	4	9.8450e-02	1.7517e-02	0.084019	3
RASD1	4	9.8486e-02	1.7517e-02	0.084019	2
NLRP12	4	9.8547e-02	1.7518e-02	0.084019	3
PUF60	4	9.8547e-02	1.7518e-02	0.084019	3
BDH2	4	9.8740e-02	1.7716e-02	0.084486	3
GNG12	4	9.8810e-02	1.7716e-02	0.084486	3
PANX2	4	9.8859e-02	1.7716e-02	0.084486	2
HHLA1	4	9.8923e-02	1.7716e-02	0.084486	3
CPA1	4	9.8945e-02	1.7716e-02	0.084486	3
PCDHA13	4	9.8973e-02	1.7716e-02	0.084486	3
GP1BA	4	9.8977e-02	1.7716e-02	0.084486	3
TSC22D2	4	9.8988e-02	1.7716e-02	0.084486	3
C4orf3	4	9.9127e-02	1.7716e-02	0.084486	3
SYNGR2	4	9.9279e-02	1.7716e-02	0.084486	3
C8orf87	4	9.9323e-02	1.7716e-02	0.084486	3
HBA2	4	9.9501e-02	1.7717e-02	0.084486	3
DAOA	4	9.9517e-02	1.7717e-02	0.084486	3
DEC1	4	9.9528e-02	1.7717e-02	0.084486	3
FXR2	4	9.9687e-02	1.7717e-02	0.084486	3
GLS2	4	9.9720e-02	1.7717e-02	0.084486	2
NR1I3	4	9.9720e-02	1.7717e-02	0.084486	3
IL7R	4	9.9874e-02	1.7717e-02	0.084486	3
CLASP2	4	9.9931e-02	1.7717e-02	0.084486	3
RNASE4	4	9.9964e-02	1.7717e-02	0.084486	3
CGN	4	1.0000e-01	1.7717e-02	0.084486	3
CBR3	4	1.0003e-01	1.7717e-02	0.084486	3
SMC1B	4	1.0018e-01	1.7934e-02	0.085080	3
C11orf1	4	1.0024e-01	1.7934e-02	0.085080	2
RPRM	4	1.0034e-01	1.7934e-02	0.085080	2
APOBEC3D	4	1.0038e-01	1.7934e-02	0.085080	3
TMEM160	4	1.0040e-01	1.7934e-02	0.085080	3
RRAD	4	1.0043e-01	1.7934e-02	0.085080	3
SEMA3A	4	1.0070e-01	1.7934e-02	0.085080	2
ZNF365	4	1.0077e-01	1.7934e-02	0.085080	3
ARG1	4	1.0091e-01	1.7934e-02	0.085080	3
SMIM24	4	1.0093e-01	1.7934e-02	0.085080	2
GIT2	4	1.0093e-01	1.7934e-02	0.085080	3
PDE6A	4	1.0110e-01	1.7935e-02	0.085080	3
ARHGAP22	4	1.0123e-01	1.7935e-02	0.085080	1
RFC1	4	1.0134e-01	1.7935e-02	0.085080	3
CHST3	4	1.0142e-01	1.7935e-02	0.085080	3
GCAT	4	1.0145e-01	1.7935e-02	0.085080	3
XKR3	4	1.0154e-01	1.7935e-02	0.085080	3
FKBP3	4	1.0168e-01	1.7935e-02	0.085080	3
C14orf178	4	1.0170e-01	1.7935e-02	0.085080	2
CEP170B	4	1.0176e-01	1.7935e-02	0.085080	2
SUV420H2	4	1.0179e-01	1.7935e-02	0.085080	2
EBF1	4	1.0185e-01	1.8152e-02	0.086048	3
GALNT8	4	1.0189e-01	1.8152e-02	0.086048	3
CDK11B	4	1.0190e-01	1.8152e-02	0.086048	3
KIAA1429	4	1.0199e-01	1.8371e-02	0.086529	3
TNFRSF1B	4	1.0211e-01	1.8371e-02	0.086529	3
MRPL41	4	1.0212e-01	1.8371e-02	0.086529	2
KIF15	4	1.0219e-01	1.8371e-02	0.086529	3
IFT81	4	1.0224e-01	1.8371e-02	0.086529	3
ZNF335	4	1.0226e-01	1.8371e-02	0.086529	3
KIAA1211L	4	1.0228e-01	1.8371e-02	0.086529	3
ARMC9	4	1.0229e-01	1.8371e-02	0.086529	3
CLHC1	4	1.0230e-01	1.8371e-02	0.086529	3
FAM177A1	4	1.0253e-01	1.8371e-02	0.086529	3
BROX	4	1.0269e-01	1.8371e-02	0.086529	3
MBD3L4	4	1.0273e-01	1.8371e-02	0.086529	2
MLXIPL	4	1.0280e-01	1.8371e-02	0.086529	2
PXN	4	1.0281e-01	1.8371e-02	0.086529	2
ZNF283	4	1.0282e-01	1.8371e-02	0.086529	3
USP40	4	1.0284e-01	1.8371e-02	0.086529	3
NDUFV1	4	1.0287e-01	1.8371e-02	0.086529	3
ORAI2	4	1.0288e-01	1.8371e-02	0.086529	2
RNF39	3	1.0289e-01	2.0343e-02	0.091594	2
CTAGE9	4	1.0290e-01	1.8371e-02	0.086529	3
OR14C36	4	1.0291e-01	1.8371e-02	0.086529	2
TCP10L	4	1.0304e-01	1.8371e-02	0.086529	3
ZNF709	4	1.0309e-01	1.8371e-02	0.086529	3
ENY2	4	1.0310e-01	1.8371e-02	0.086529	3
RAF1	4	1.0315e-01	1.8371e-02	0.086529	3
METTL21C	4	1.0319e-01	1.8371e-02	0.086529	3
DTX2	4	1.0320e-01	1.8371e-02	0.086529	3
RALYL	4	1.0330e-01	1.8590e-02	0.087003	3
SAAL1	4	1.0335e-01	1.8590e-02	0.087003	2
PIH1D1	4	1.0339e-01	1.8590e-02	0.087003	2
GPR37	4	1.0349e-01	1.8590e-02	0.087003	3
IGLL5	4	1.0365e-01	1.8590e-02	0.087003	3
SPANXA1	4	1.0370e-01	1.8590e-02	0.087003	2
COL14A1	4	1.0371e-01	1.8590e-02	0.087003	2
ABLIM3	4	1.0373e-01	1.8590e-02	0.087003	3
PLIN1	4	1.0380e-01	1.8590e-02	0.087003	2
LOH12CR1	4	1.0382e-01	1.8590e-02	0.087003	3
TCF7L1	4	1.0386e-01	1.8590e-02	0.087003	3
RAP1GDS1	4	1.0387e-01	1.8590e-02	0.087003	3
SNX31	4	1.0395e-01	1.8590e-02	0.087003	3
LDLRAD4	4	1.0395e-01	1.8590e-02	0.087003	3
SLC2A6	4	1.0396e-01	1.8590e-02	0.087003	3
PRKDC	4	1.0401e-01	1.8591e-02	0.087003	3
PRAMEF20	4	1.0403e-01	1.8591e-02	0.087003	3
CCDC67	4	1.0403e-01	1.8591e-02	0.087003	3
ATP5J2-PTCD1	4	1.0406e-01	1.8591e-02	0.087003	3
HTT	4	1.0407e-01	1.8591e-02	0.087003	3
ARHGEF25	4	1.0414e-01	1.8591e-02	0.087003	3
DDAH1	4	1.0416e-01	1.8591e-02	0.087003	1
ABCA1	4	1.0423e-01	1.8591e-02	0.087003	1
ANXA8	4	1.0433e-01	1.8591e-02	0.087003	2
SPOCK2	4	1.0446e-01	1.8591e-02	0.087003	3
SNRPN	4	1.0463e-01	1.8591e-02	0.087003	3
TMSB4X	4	1.0471e-01	1.8803e-02	0.087782	3
OSGIN2	4	1.0486e-01	1.8803e-02	0.087782	3
ENPP4	4	1.0488e-01	1.8803e-02	0.087782	3
TACR2	4	1.0489e-01	1.8803e-02	0.087782	2
TCEAL2	4	1.0524e-01	1.8803e-02	0.087782	3
AGTR2	4	1.0529e-01	1.9032e-02	0.087782	3
TBC1D1	4	1.0532e-01	1.9032e-02	0.087782	3
ENHO	4	1.0532e-01	1.9032e-02	0.087782	3
PCM1	4	1.0540e-01	1.9032e-02	0.087782	3
MDM4	4	1.0549e-01	1.9032e-02	0.087782	3
KDM5D	4	1.0559e-01	1.9032e-02	0.087782	3
RAB29	4	1.0564e-01	1.9032e-02	0.087782	3
ADH5	4	1.0568e-01	1.9032e-02	0.087782	3
PSPC1	4	1.0572e-01	1.9032e-02	0.087782	3
OR5H15	4	1.0581e-01	1.9032e-02	0.087782	3
KRTAP17-1	4	1.0583e-01	1.9032e-02	0.087782	1
SGPL1	4	1.0586e-01	1.9032e-02	0.087782	3
BBS1	4	1.0595e-01	1.9032e-02	0.087782	3
MATR3	4	1.0607e-01	1.9032e-02	0.087782	2
LCN6	4	1.0609e-01	1.9032e-02	0.087782	3
VPREB3	3	1.0614e-01	2.0609e-02	0.092573	2
TCTEX1D2	4	1.0618e-01	1.9032e-02	0.087782	3
CEP57	4	1.0621e-01	1.9032e-02	0.087782	2
EPHB4	4	1.0639e-01	1.9032e-02	0.087782	3
DEPDC1B	4	1.0644e-01	1.9032e-02	0.087782	2
NPY4R	4	1.0660e-01	1.9032e-02	0.087782	2
MED12	4	1.0668e-01	1.9032e-02	0.087782	3
SRRM5	4	1.0673e-01	1.9032e-02	0.087782	3
PRKAG2	4	1.0675e-01	1.9032e-02	0.087782	3
TMEM140	4	1.0676e-01	1.9032e-02	0.087782	2
A4GALT	4	1.0676e-01	1.9032e-02	0.087782	2
SYNDIG1L	4	1.0682e-01	1.9032e-02	0.087782	2
LIN54	4	1.0685e-01	1.9032e-02	0.087782	2
FMO1	4	1.0686e-01	1.9032e-02	0.087782	3
CYBRD1	4	1.0692e-01	1.9032e-02	0.087782	3
HADHB	4	1.0694e-01	1.9032e-02	0.087782	3
TAF9	4	1.0695e-01	1.9032e-02	0.087782	3
ICE2	4	1.0699e-01	1.9032e-02	0.087782	3
TMEM176B	4	1.0699e-01	1.9032e-02	0.087782	3
CNNM4	4	1.0701e-01	1.9032e-02	0.087782	3
NUBPL	4	1.0701e-01	1.9032e-02	0.087782	2
GSTA5	4	1.0710e-01	1.9032e-02	0.087782	3
COMMD5	4	1.0713e-01	1.9032e-02	0.087782	3
NRXN2	4	1.0715e-01	1.9032e-02	0.087782	3
RPS19BP1	4	1.0719e-01	1.9032e-02	0.087782	3
TBC1D3C	4	1.0724e-01	1.9032e-02	0.087782	2
ARFGEF2	4	1.0726e-01	1.9032e-02	0.087782	3
DDX11	4	1.0726e-01	1.9032e-02	0.087782	3
USP17L13	4	1.0731e-01	1.9032e-02	0.087782	3
ADAT1	4	1.0736e-01	1.9032e-02	0.087782	2
SLAMF9	4	1.0739e-01	1.9032e-02	0.087782	2
FAXDC2	3	1.0742e-01	2.0902e-02	0.093313	3
TBC1D12	4	1.0749e-01	1.9032e-02	0.087782	3
ADAM20	4	1.0751e-01	1.9032e-02	0.087782	2
GCK	4	1.0752e-01	1.9032e-02	0.087782	3
C12orf49	4	1.0757e-01	1.9032e-02	0.087782	2
AZIN1	4	1.0761e-01	1.9032e-02	0.087782	2
SCAF1	4	1.0762e-01	1.9032e-02	0.087782	3
NUPR1	4	1.0766e-01	1.9032e-02	0.087782	3
EIF4B	4	1.0768e-01	1.9032e-02	0.087782	3
NDUFB11	4	1.0769e-01	1.9032e-02	0.087782	3
CRABP2	4	1.0771e-01	1.9263e-02	0.088485	3
CLDN6	4	1.0785e-01	1.9263e-02	0.088485	3
FAM120AOS	4	1.0789e-01	1.9263e-02	0.088485	3
RBM42	4	1.0796e-01	1.9263e-02	0.088485	2
EPS8L2	4	1.0796e-01	1.9263e-02	0.088485	3
CD5	4	1.0800e-01	1.9263e-02	0.088485	3
ECM2	4	1.0801e-01	1.9263e-02	0.088485	3
UBALD2	4	1.0818e-01	1.9264e-02	0.088485	3
PDZRN4	4	1.0821e-01	1.9264e-02	0.088485	3
NUTM2A	4	1.0822e-01	1.9264e-02	0.088485	3
MBTD1	4	1.0824e-01	1.9264e-02	0.088485	3
NFX1	4	1.0834e-01	1.9264e-02	0.088485	3
HRH3	4	1.0834e-01	1.9264e-02	0.088485	2
NDUFS4	4	1.0839e-01	1.9264e-02	0.088485	3
ALKBH7	4	1.0839e-01	1.9264e-02	0.088485	3
PODN	4	1.0845e-01	1.9490e-02	0.088485	2
CCNA1	4	1.0850e-01	1.9490e-02	0.088485	3
IL31	4	1.0855e-01	1.9490e-02	0.088485	3
AMBN	4	1.0857e-01	1.9490e-02	0.088485	3
HECA	4	1.0864e-01	1.9490e-02	0.088485	3
PPP3R1	4	1.0871e-01	1.9490e-02	0.088485	2
EFCAB1	3	1.0872e-01	2.1187e-02	0.093313	3
PCK2	4	1.0880e-01	1.9490e-02	0.088485	2
ZNF142	4	1.0880e-01	1.9490e-02	0.088485	2
C3orf35	4	1.0881e-01	1.9490e-02	0.088485	3
C1orf162	4	1.0890e-01	1.9490e-02	0.088485	3
SLAMF6	4	1.0898e-01	1.9490e-02	0.088485	3
PLEKHD1	4	1.0898e-01	1.9490e-02	0.088485	3
CHAC1	4	1.0902e-01	1.9490e-02	0.088485	1
MS4A1	4	1.0909e-01	1.9490e-02	0.088485	2
LCN2	4	1.0911e-01	1.9490e-02	0.088485	3
ZNF208	4	1.0914e-01	1.9490e-02	0.088485	3
COQ9	4	1.0915e-01	1.9490e-02	0.088485	2
MPPED1	4	1.0923e-01	1.9490e-02	0.088485	1
NPIPA8	4	1.0925e-01	1.9490e-02	0.088485	3
SH3YL1	4	1.0929e-01	1.9490e-02	0.088485	3
CLU	4	1.0934e-01	1.9490e-02	0.088485	3
C10orf32	4	1.0935e-01	1.9490e-02	0.088485	3
CNTNAP3B	4	1.0937e-01	1.9490e-02	0.088485	3
STAT3	4	1.0942e-01	1.9490e-02	0.088485	2
AP3S1	4	1.0947e-01	1.9490e-02	0.088485	2
STAMBP	4	1.0961e-01	1.9490e-02	0.088485	2
KANSL1L	4	1.0966e-01	1.9490e-02	0.088485	2
SLC12A8	4	1.0976e-01	1.9490e-02	0.088485	2
PLOD1	4	1.0977e-01	1.9490e-02	0.088485	2
PLCD3	4	1.0986e-01	1.9490e-02	0.088485	3
BEND5	4	1.1010e-01	1.9490e-02	0.088485	3
MRPL42	4	1.1018e-01	1.9490e-02	0.088485	1
ASAP2	4	1.1022e-01	1.9490e-02	0.088485	3
TSPAN11	4	1.1023e-01	1.9490e-02	0.088485	3
TMEM11	4	1.1046e-01	1.9490e-02	0.088485	3
TMEM185B	4	1.1054e-01	1.9490e-02	0.088485	3
ATP5L2	4	1.1068e-01	1.9490e-02	0.088485	3
EPHX3	4	1.1076e-01	1.9490e-02	0.088485	3
CAMSAP1	4	1.1081e-01	1.9490e-02	0.088485	3
G3BP1	4	1.1086e-01	1.9490e-02	0.088485	2
RNF4	4	1.1090e-01	1.9490e-02	0.088485	2
NOVA1	4	1.1104e-01	1.9490e-02	0.088485	3
C8orf44	4	1.1107e-01	1.9490e-02	0.088485	3
PHF3	4	1.1108e-01	1.9490e-02	0.088485	3
CD81	4	1.1109e-01	1.9490e-02	0.088485	3
NLRP3	4	1.1112e-01	1.9490e-02	0.088485	3
NUP50	4	1.1114e-01	1.9490e-02	0.088485	3
AFMID	4	1.1122e-01	1.9490e-02	0.088485	3
MYEOV2	3	1.1124e-01	2.1449e-02	0.094286	2
EHMT1	4	1.1126e-01	1.9490e-02	0.088485	2
CTAGE15	4	1.1129e-01	1.9490e-02	0.088485	3
C11orf73	4	1.1132e-01	1.9490e-02	0.088485	3
GSAP	4	1.1140e-01	1.9750e-02	0.089434	3
LY6H	4	1.1153e-01	1.9750e-02	0.089434	2
NDC1	4	1.1162e-01	1.9750e-02	0.089434	3
OR14J1	4	1.1176e-01	1.9750e-02	0.089434	3
CFAP99	4	1.1179e-01	1.9751e-02	0.089434	3
APEX2	4	1.1180e-01	1.9751e-02	0.089434	3
FAM19A1	4	1.1186e-01	1.9751e-02	0.089434	3
PDIK1L	4	1.1187e-01	1.9751e-02	0.089434	3
LRFN1	4	1.1204e-01	1.9751e-02	0.089434	3
SOX14	4	1.1206e-01	1.9751e-02	0.089434	3
CD163L1	4	1.1217e-01	1.9751e-02	0.089434	2
ZBTB45	4	1.1228e-01	1.9992e-02	0.090465	3
CLCN4	4	1.1229e-01	1.9993e-02	0.090465	3
SGK2	4	1.1237e-01	1.9993e-02	0.090465	3
ZNF624	4	1.1250e-01	2.0249e-02	0.091196	2
NDUFA5	4	1.1267e-01	2.0249e-02	0.091196	3
DNAL1	4	1.1268e-01	2.0249e-02	0.091196	3
C9orf9	4	1.1284e-01	2.0249e-02	0.091196	3
RNH1	4	1.1284e-01	2.0249e-02	0.091196	3
TNFRSF9	4	1.1285e-01	2.0249e-02	0.091196	3
PALD1	4	1.1297e-01	2.0249e-02	0.091196	3
ZNF721	4	1.1311e-01	2.0249e-02	0.091196	2
SERINC5	4	1.1314e-01	2.0249e-02	0.091196	2
CLDN20	4	1.1314e-01	2.0249e-02	0.091196	3
KRIT1	4	1.1321e-01	2.0249e-02	0.091196	3
MAPK8	4	1.1333e-01	2.0250e-02	0.091196	3
MRPL40	4	1.1342e-01	2.0250e-02	0.091196	3
DBNDD1	4	1.1372e-01	2.0250e-02	0.091196	3
HSPBAP1	4	1.1372e-01	2.0250e-02	0.091196	2
TCF4	3	1.1374e-01	2.2322e-02	0.097495	2
ENAM	4	1.1389e-01	2.0250e-02	0.091196	3
KRTAP5-1	4	1.1397e-01	2.0250e-02	0.091196	2
PBX1	4	1.1398e-01	2.0250e-02	0.091196	3
IQCF1	4	1.1410e-01	2.0250e-02	0.091196	2
REEP3	4	1.1412e-01	2.0250e-02	0.091196	3
MKNK2	4	1.1427e-01	2.0488e-02	0.092052	3
MAP3K7CL	4	1.1427e-01	2.0488e-02	0.092052	3
TMEM189	4	1.1430e-01	2.0488e-02	0.092052	3
CORIN	4	1.1439e-01	2.0488e-02	0.092052	3
ZDHHC4	4	1.1440e-01	2.0488e-02	0.092052	3
CRLF1	4	1.1444e-01	2.0488e-02	0.092052	3
PODXL2	4	1.1449e-01	2.0488e-02	0.092052	3
RGAG1	4	1.1450e-01	2.0488e-02	0.092052	3
ZNF579	4	1.1462e-01	2.0488e-02	0.092052	2
C19orf24	4	1.1468e-01	2.0739e-02	0.092856	3
PPP1R1B	4	1.1470e-01	2.0739e-02	0.092856	2
MAGEA12	3	1.1473e-01	2.2617e-02	0.098762	1
USP17L17	4	1.1482e-01	2.0739e-02	0.092856	2
RANBP3	4	1.1484e-01	2.0739e-02	0.092856	3
AQP8	4	1.1489e-01	2.0739e-02	0.092856	3
NUPR1L	4	1.1491e-01	2.0739e-02	0.092856	3
SNTG1	4	1.1496e-01	2.0739e-02	0.092856	2
CBFA2T3	4	1.1502e-01	2.0739e-02	0.092856	2
TVP23C-CDRT4	4	1.1512e-01	2.0740e-02	0.092856	3
C15orf43	4	1.1524e-01	2.0740e-02	0.092856	3
YIPF5	4	1.1534e-01	2.0740e-02	0.092856	2
LYSMD1	4	1.1535e-01	2.0740e-02	0.092856	2
LHX2	4	1.1541e-01	2.0740e-02	0.092856	3
FUT8	4	1.1542e-01	2.0740e-02	0.092856	3
PAX9	4	1.1546e-01	2.0976e-02	0.093313	3
MAPK10	4	1.1565e-01	2.0976e-02	0.093313	3
MTHFD1	4	1.1568e-01	2.0976e-02	0.093313	3
KIAA0319L	4	1.1582e-01	2.0977e-02	0.093313	3
ATXN7L3	4	1.1586e-01	2.0977e-02	0.093313	2
TGFB1	4	1.1588e-01	2.0977e-02	0.093313	3
REST	4	1.1589e-01	2.0977e-02	0.093313	3
BEX1	4	1.1592e-01	2.0977e-02	0.093313	3
OR13C9	4	1.1601e-01	2.1208e-02	0.093313	3
SART1	4	1.1609e-01	2.1208e-02	0.093313	2
CDH17	4	1.1611e-01	2.1208e-02	0.093313	3
ESR1	4	1.1611e-01	2.1208e-02	0.093313	3
OR52H1	4	1.1616e-01	2.1208e-02	0.093313	3
SRRM2	4	1.1631e-01	2.1208e-02	0.093313	2
XRCC2	4	1.1641e-01	2.1208e-02	0.093313	3
PHF20	4	1.1642e-01	2.1208e-02	0.093313	2
TFAP2B	4	1.1645e-01	2.1208e-02	0.093313	3
PDLIM5	4	1.1653e-01	2.1208e-02	0.093313	3
RBMY1D	4	1.1660e-01	2.1208e-02	0.093313	3
EDN2	4	1.1667e-01	2.1208e-02	0.093313	2
METTL2B	4	1.1668e-01	2.1208e-02	0.093313	3
LOC102724957	4	1.1673e-01	2.1208e-02	0.093313	2
PGF	4	1.1686e-01	2.1208e-02	0.093313	2
MAOA	4	1.1692e-01	2.1208e-02	0.093313	3
ZNF716	4	1.1696e-01	2.1208e-02	0.093313	3
PLEKHM2	4	1.1697e-01	2.1208e-02	0.093313	2
TRIM49	4	1.1700e-01	2.1208e-02	0.093313	3
EXOC6B	4	1.1708e-01	2.1208e-02	0.093313	3
TLR10	4	1.1711e-01	2.1208e-02	0.093313	2
PRAMEF14	4	1.1711e-01	2.1208e-02	0.093313	2
FAM174A	4	1.1712e-01	2.1208e-02	0.093313	3
NDRG1	4	1.1719e-01	2.1208e-02	0.093313	3
DHRS12	4	1.1721e-01	2.1208e-02	0.093313	3
PPP2R5A	4	1.1724e-01	2.1208e-02	0.093313	3
IQCF6	4	1.1726e-01	2.1208e-02	0.093313	3
DNAL4	4	1.1730e-01	2.1208e-02	0.093313	3
EXOC3	4	1.1733e-01	2.1208e-02	0.093313	2
AKIRIN2	4	1.1740e-01	2.1208e-02	0.093313	2
COMMD6	4	1.1746e-01	2.1208e-02	0.093313	3
AP1G2	4	1.1750e-01	2.1208e-02	0.093313	3
DGKQ	4	1.1750e-01	2.1208e-02	0.093313	2
ZIC3	4	1.1752e-01	2.1208e-02	0.093313	2
OBP2A	4	1.1756e-01	2.1208e-02	0.093313	3
HSPA8	4	1.1759e-01	2.1208e-02	0.093313	3
SPAG9	4	1.1765e-01	2.1208e-02	0.093313	2
TXNDC17	4	1.1770e-01	2.1208e-02	0.093313	3
MOGAT2	4	1.1772e-01	2.1208e-02	0.093313	3
LYAR	4	1.1777e-01	2.1208e-02	0.093313	1
LOC643802	4	1.1792e-01	2.1208e-02	0.093313	2
ADGRL1	4	1.1809e-01	2.1208e-02	0.093313	2
CELF2	4	1.1810e-01	2.1208e-02	0.093313	3
RILPL2	4	1.1814e-01	2.1208e-02	0.093313	3
LRRC25	4	1.1817e-01	2.1208e-02	0.093313	3
ZMYND10	4	1.1819e-01	2.1208e-02	0.093313	3
STXBP5	3	1.1823e-01	2.3215e-02	0.100893	3
ZFYVE27	4	1.1835e-01	2.1208e-02	0.093313	2
CACHD1	4	1.1841e-01	2.1208e-02	0.093313	3
C17orf74	4	1.1863e-01	2.1208e-02	0.093313	3
WEE2	4	1.1867e-01	2.1208e-02	0.093313	3
PAX4	4	1.1871e-01	2.1208e-02	0.093313	3
CCDC129	4	1.1889e-01	2.1208e-02	0.093313	2
RNF168	4	1.1896e-01	2.1208e-02	0.093313	2
IRS1	4	1.1899e-01	2.1208e-02	0.093313	3
C4orf29	4	1.1902e-01	2.1208e-02	0.093313	3
SEMA7A	4	1.1902e-01	2.1208e-02	0.093313	3
KLHDC10	4	1.1903e-01	2.1208e-02	0.093313	2
C9orf72	4	1.1905e-01	2.1208e-02	0.093313	3
UNKL	4	1.1908e-01	2.1208e-02	0.093313	2
PAPPA2	4	1.1909e-01	2.1208e-02	0.093313	3
AAAS	4	1.1909e-01	2.1208e-02	0.093313	2
MUTYH	4	1.1914e-01	2.1208e-02	0.093313	3
ERLEC1	4	1.1915e-01	2.1208e-02	0.093313	3
TBX21	4	1.1917e-01	2.1208e-02	0.093313	3
PIGQ	4	1.1921e-01	2.1208e-02	0.093313	1
ANKRD18B	4	1.1949e-01	2.1447e-02	0.094286	3
F13B	4	1.1953e-01	2.1447e-02	0.094286	3
CLEC18B	4	1.1954e-01	2.1447e-02	0.094286	2
SLC22A16	4	1.1968e-01	2.1715e-02	0.095128	3
ZC3H13	4	1.1969e-01	2.1715e-02	0.095128	2
ENG	4	1.1971e-01	2.1715e-02	0.095128	3
CLCN6	4	1.1973e-01	2.1715e-02	0.095128	2
TSSK6	4	1.1975e-01	2.1715e-02	0.095128	3
ULBP2	4	1.1981e-01	2.1715e-02	0.095128	3
PPM1K	4	1.1993e-01	2.1715e-02	0.095128	2
GPR87	4	1.1996e-01	2.1715e-02	0.095128	1
AIF1L	4	1.2003e-01	2.1715e-02	0.095128	3
KDM3B	4	1.2014e-01	2.1715e-02	0.095128	3
PRDM4	4	1.2017e-01	2.1715e-02	0.095128	3
ENPP1	4	1.2021e-01	2.1715e-02	0.095128	3
FAM21C	4	1.2026e-01	2.1715e-02	0.095128	2
C9orf66	4	1.2031e-01	2.1715e-02	0.095128	3
TBC1D26	4	1.2042e-01	2.1715e-02	0.095128	3
CENPP	3	1.2044e-01	2.3216e-02	0.100893	3
NONO	4	1.2055e-01	2.2214e-02	0.097047	2
EFCAB3	4	1.2056e-01	2.2214e-02	0.097047	3
TET3	4	1.2057e-01	2.2214e-02	0.097047	3
MORC2	4	1.2057e-01	2.2214e-02	0.097047	3
CNBD1	4	1.2062e-01	2.2214e-02	0.097047	2
GPATCH4	4	1.2086e-01	2.2214e-02	0.097047	3
TAC1	4	1.2090e-01	2.2214e-02	0.097047	3
TSPY8	4	1.2091e-01	2.2214e-02	0.097047	3
IFI16	4	1.2094e-01	2.2214e-02	0.097047	3
RNF123	4	1.2097e-01	2.2214e-02	0.097047	2
OR2J2	4	1.2099e-01	2.2214e-02	0.097047	3
GCN1L1	4	1.2103e-01	2.2214e-02	0.097047	3
OR4X2	4	1.2111e-01	2.2753e-02	0.099043	3
C19orf71	4	1.2117e-01	2.2753e-02	0.099043	2
GUSB	4	1.2124e-01	2.2753e-02	0.099043	3
LIMD2	4	1.2135e-01	2.2753e-02	0.099043	3
KLF7	4	1.2139e-01	2.2753e-02	0.099043	3
MTA3	4	1.2139e-01	2.2753e-02	0.099043	3
CT47A6	4	1.2143e-01	2.2753e-02	0.099043	2
B3GALNT1	4	1.2148e-01	2.2753e-02	0.099043	3
RAB3GAP1	4	1.2150e-01	2.2753e-02	0.099043	2
MROH2B	4	1.2158e-01	2.2754e-02	0.099043	2
RABL2A	4	1.2166e-01	2.2754e-02	0.099043	3
PPAP2B	4	1.2184e-01	2.2754e-02	0.099043	3
CNEP1R1	4	1.2187e-01	2.2754e-02	0.099043	3
PRRC2C	4	1.2191e-01	2.2754e-02	0.099043	1
NOTUM	4	1.2205e-01	2.3033e-02	0.100144	3
ESRP2	4	1.2206e-01	2.3033e-02	0.100144	3
GMEB2	4	1.2207e-01	2.3033e-02	0.100144	3
PUS7L	4	1.2213e-01	2.3033e-02	0.100144	3
KPNA7	4	1.2218e-01	2.3033e-02	0.100144	3
RPS6KA3	4	1.2230e-01	2.3296e-02	0.101106	3
TSPY2	4	1.2231e-01	2.3296e-02	0.101106	3
HNRNPCL2	4	1.2234e-01	2.3297e-02	0.101106	3
OAS2	4	1.2236e-01	2.3297e-02	0.101106	2
GANC	4	1.2239e-01	2.3297e-02	0.101106	3
VWCE	4	1.2240e-01	2.3297e-02	0.101106	3
MEX3D	4	1.2241e-01	2.3566e-02	0.102113	3
MTNR1B	4	1.2243e-01	2.3566e-02	0.102113	2
GMIP	4	1.2243e-01	2.3566e-02	0.102113	3
FBXO7	4	1.2244e-01	2.3566e-02	0.102113	3
LOC100130880	4	1.2245e-01	2.3566e-02	0.102113	3
C16orf82	3	1.2245e-01	2.3522e-02	0.102061	3
MFSD5	4	1.2253e-01	2.3566e-02	0.102113	3
UAP1	4	1.2267e-01	2.3826e-02	0.102713	2
GOLGA6L6	4	1.2270e-01	2.3826e-02	0.102713	3
SPTBN4	4	1.2275e-01	2.3826e-02	0.102713	3
EYS	4	1.2279e-01	2.3826e-02	0.102713	3
TUSC5	4	1.2284e-01	2.3826e-02	0.102713	3
HMGA1	4	1.2286e-01	2.3826e-02	0.102713	3
SETD4	4	1.2287e-01	2.3826e-02	0.102713	3
FCRL5	4	1.2294e-01	2.3827e-02	0.102713	3
TGM3	4	1.2296e-01	2.3827e-02	0.102713	3
EXTL1	4	1.2298e-01	2.3827e-02	0.102713	2
BEX2	4	1.2298e-01	2.3827e-02	0.102713	3
ANKRD13C	4	1.2304e-01	2.3827e-02	0.102713	2
ZBED1	4	1.2304e-01	2.3827e-02	0.102713	3
PAFAH2	4	1.2312e-01	2.3827e-02	0.102713	3
APOBEC1	4	1.2313e-01	2.3827e-02	0.102713	2
GDNF	4	1.2313e-01	2.3827e-02	0.102713	3
IGF2R	4	1.2322e-01	2.4086e-02	0.102713	2
GRIN1	4	1.2326e-01	2.4086e-02	0.102713	3
EMX1	4	1.2329e-01	2.4086e-02	0.102713	3
NACC2	4	1.2332e-01	2.4086e-02	0.102713	3
GPR20	4	1.2332e-01	2.4086e-02	0.102713	3
CCDC71L	4	1.2336e-01	2.4086e-02	0.102713	2
C16orf71	4	1.2339e-01	2.4086e-02	0.102713	3
WDR25	4	1.2344e-01	2.4086e-02	0.102713	2
PLCXD3	4	1.2344e-01	2.4086e-02	0.102713	3
MZB1	4	1.2351e-01	2.4086e-02	0.102713	3
KXD1	3	1.2354e-01	2.3599e-02	0.102231	3
FLNA	4	1.2355e-01	2.4086e-02	0.102713	3
RARRES1	4	1.2361e-01	2.4086e-02	0.102713	3
FEM1A	4	1.2369e-01	2.4086e-02	0.102713	3
CAB39L	4	1.2371e-01	2.4086e-02	0.102713	3
SFXN2	3	1.2374e-01	2.3675e-02	0.102538	3
MTRNR2L4	4	1.2375e-01	2.4086e-02	0.102713	3
OR6B2	4	1.2388e-01	2.4086e-02	0.102713	3
PRELP	4	1.2392e-01	2.4086e-02	0.102713	3
CREB3L1	4	1.2403e-01	2.4086e-02	0.102713	3
DARS2	4	1.2403e-01	2.4086e-02	0.102713	3
ZFP41	4	1.2409e-01	2.4086e-02	0.102713	3
CDC20B	4	1.2418e-01	2.4086e-02	0.102713	3
MT1F	4	1.2421e-01	2.4086e-02	0.102713	2
PERM1	4	1.2428e-01	2.4086e-02	0.102713	3
ZNF107	4	1.2431e-01	2.4086e-02	0.102713	2
PCDHGB3	4	1.2436e-01	2.4086e-02	0.102713	3
OSBPL2	4	1.2438e-01	2.4086e-02	0.102713	3
DMD	4	1.2448e-01	2.4086e-02	0.102713	3
ING4	4	1.2451e-01	2.4086e-02	0.102713	2
TBCCD1	4	1.2462e-01	2.4086e-02	0.102713	3
FOXK2	4	1.2466e-01	2.4086e-02	0.102713	2
NDUFA1	4	1.2469e-01	2.4086e-02	0.102713	3
FBXL21	4	1.2474e-01	2.4086e-02	0.102713	3
CXCR1	4	1.2478e-01	2.4086e-02	0.102713	3
GPSM2	4	1.2478e-01	2.4086e-02	0.102713	3
NUMB	4	1.2483e-01	2.4086e-02	0.102713	3
KLHL10	4	1.2495e-01	2.4086e-02	0.102713	3
MMP16	4	1.2501e-01	2.4086e-02	0.102713	3
FTSJ2	4	1.2506e-01	2.4086e-02	0.102713	2
EDDM3A	4	1.2517e-01	2.4086e-02	0.102713	2
CPNE4	4	1.2538e-01	2.4086e-02	0.102713	3
GNPTAB	4	1.2540e-01	2.4086e-02	0.102713	3
TMPO	4	1.2542e-01	2.4086e-02	0.102713	2
MRPL48	4	1.2545e-01	2.4086e-02	0.102713	3
EPOR	4	1.2545e-01	2.4086e-02	0.102713	1
KLHL4	4	1.2546e-01	2.4086e-02	0.102713	3
TPRG1L	4	1.2551e-01	2.4086e-02	0.102713	2
CA7	4	1.2562e-01	2.4086e-02	0.102713	3
ANKRD40	4	1.2568e-01	2.4086e-02	0.102713	3
DIP2A	4	1.2569e-01	2.4086e-02	0.102713	2
ANKRD44	4	1.2571e-01	2.4086e-02	0.102713	3
RPL10L	4	1.2574e-01	2.4086e-02	0.102713	3
ZNF425	4	1.2577e-01	2.4086e-02	0.102713	3
HIST2H4A	4	1.2578e-01	2.4086e-02	0.102713	3
UBE2Q2L	4	1.2596e-01	2.4362e-02	0.103842	2
FAM72C	4	1.2599e-01	2.4362e-02	0.103842	2
EPHA8	4	1.2612e-01	2.4661e-02	0.104840	3
GBP7	4	1.2613e-01	2.4661e-02	0.104840	3
TMUB1	4	1.2616e-01	2.4661e-02	0.104840	3
FBP1	4	1.2633e-01	2.4661e-02	0.104840	3
TRABD	4	1.2637e-01	2.4661e-02	0.104840	3
CPE	4	1.2647e-01	2.4661e-02	0.104840	3
DNAAF2	4	1.2648e-01	2.4662e-02	0.104840	2
AIFM1	4	1.2659e-01	2.4662e-02	0.104840	3
CD33	4	1.2676e-01	2.4662e-02	0.104840	2
ZIC4	4	1.2678e-01	2.4662e-02	0.104840	3
VCX3A	4	1.2683e-01	2.4662e-02	0.104840	3
STK4	4	1.2685e-01	2.4662e-02	0.104840	3
RIMS2	4	1.2694e-01	2.4927e-02	0.105452	3
ERI3	4	1.2707e-01	2.4927e-02	0.105452	3
NFASC	4	1.2717e-01	2.4927e-02	0.105452	3
GRWD1	4	1.2720e-01	2.4927e-02	0.105452	3
ZNF236	4	1.2720e-01	2.4927e-02	0.105452	3
SURF6	4	1.2723e-01	2.4927e-02	0.105452	2
TNFRSF13B	4	1.2726e-01	2.4927e-02	0.105452	3
ACTN2	4	1.2732e-01	2.4927e-02	0.105452	3
TAT	4	1.2745e-01	2.4927e-02	0.105452	2
CLASRP	4	1.2747e-01	2.4927e-02	0.105452	2
SOX8	4	1.2752e-01	2.4927e-02	0.105452	3
ITIH4	4	1.2753e-01	2.4927e-02	0.105452	3
IBA57	4	1.2755e-01	2.4927e-02	0.105452	3
HAPLN4	4	1.2760e-01	2.4927e-02	0.105452	3
SUMF2	4	1.2764e-01	2.4927e-02	0.105452	3
AHI1	4	1.2768e-01	2.4927e-02	0.105452	3
C9orf85	4	1.2770e-01	2.4927e-02	0.105452	2
ANK3	4	1.2774e-01	2.4927e-02	0.105452	2
FCGRT	4	1.2784e-01	2.4927e-02	0.105452	2
NDN	4	1.2786e-01	2.4927e-02	0.105452	3
KRTAP1-4	4	1.2792e-01	2.4927e-02	0.105452	3
ABCA4	4	1.2793e-01	2.4927e-02	0.105452	2
RBM41	4	1.2802e-01	2.5217e-02	0.106571	3
HIST1H3D	4	1.2804e-01	2.5217e-02	0.106571	3
ZNF197	4	1.2809e-01	2.5485e-02	0.106571	2
FOXD2	4	1.2812e-01	2.5485e-02	0.106571	3
COMTD1	4	1.2813e-01	2.5485e-02	0.106571	2
PORCN	4	1.2820e-01	2.5485e-02	0.106571	3
USP17L29	4	1.2821e-01	2.5485e-02	0.106571	3
TMEM132D	4	1.2822e-01	2.5485e-02	0.106571	3
TRIM39	4	1.2824e-01	2.5485e-02	0.106571	2
ZNF865	4	1.2825e-01	2.5485e-02	0.106571	3
FGF7	4	1.2838e-01	2.5486e-02	0.106571	2
TRAPPC6B	4	1.2842e-01	2.5486e-02	0.106571	3
AES	4	1.2845e-01	2.5486e-02	0.106571	1
KRT83	4	1.2857e-01	2.5486e-02	0.106571	3
WISP2	4	1.2857e-01	2.5486e-02	0.106571	3
FGF1	4	1.2862e-01	2.5486e-02	0.106571	2
AP1B1	4	1.2865e-01	2.5771e-02	0.106571	3
ICOS	4	1.2871e-01	2.5771e-02	0.106571	3
RNF144B	4	1.2877e-01	2.5771e-02	0.106571	3
OR7C2	4	1.2879e-01	2.5771e-02	0.106571	3
KRTAP10-8	4	1.2881e-01	2.5771e-02	0.106571	3
SUGCT	4	1.2884e-01	2.5771e-02	0.106571	3
FAM179B	4	1.2884e-01	2.5771e-02	0.106571	2
KIAA0020	4	1.2887e-01	2.5771e-02	0.106571	3
LOC388436	4	1.2887e-01	2.5771e-02	0.106571	3
CLEC18C	4	1.2901e-01	2.5771e-02	0.106571	2
KLHL8	4	1.2909e-01	2.5771e-02	0.106571	3
LTB4R	4	1.2909e-01	2.5771e-02	0.106571	3
GNGT1	4	1.2918e-01	2.5771e-02	0.106571	3
CYP3A7	4	1.2920e-01	2.5771e-02	0.106571	2
STAT6	4	1.2926e-01	2.5771e-02	0.106571	3
SLC2A3	4	1.2926e-01	2.5771e-02	0.106571	3
NMS	4	1.2929e-01	2.5771e-02	0.106571	3
SLC39A7	4	1.2934e-01	2.5771e-02	0.106571	2
CNR1	4	1.2939e-01	2.5771e-02	0.106571	3
COLCA2	4	1.2940e-01	2.5771e-02	0.106571	3
DEFB106A	4	1.2941e-01	2.5771e-02	0.106571	3
IZUMO3	4	1.2946e-01	2.5771e-02	0.106571	3
OAZ3	4	1.2952e-01	2.5771e-02	0.106571	2
ZMAT3	4	1.2952e-01	2.5771e-02	0.106571	3
C5	4	1.2964e-01	2.5771e-02	0.106571	3
ATAD2B	4	1.2966e-01	2.5771e-02	0.106571	3
OR4X1	4	1.2976e-01	2.5771e-02	0.106571	3
NFATC3	4	1.2976e-01	2.5771e-02	0.106571	3
TP53TG5	4	1.2977e-01	2.5771e-02	0.106571	3
PPM1N	4	1.2978e-01	2.5771e-02	0.106571	3
OR6A2	4	1.2990e-01	2.5771e-02	0.106571	2
MIPOL1	4	1.3002e-01	2.5771e-02	0.106571	2
SCGB2A2	4	1.3011e-01	2.5771e-02	0.106571	3
C15orf56	4	1.3012e-01	2.5771e-02	0.106571	3
PPP1R16B	4	1.3018e-01	2.5771e-02	0.106571	2
TIFA	4	1.3018e-01	2.5771e-02	0.106571	3
SMIM15	4	1.3026e-01	2.5771e-02	0.106571	3
TAC3	4	1.3035e-01	2.5771e-02	0.106571	3
TPSAB1	4	1.3041e-01	2.5771e-02	0.106571	3
KRTCAP3	4	1.3046e-01	2.5771e-02	0.106571	2
PIK3CA	4	1.3055e-01	2.5771e-02	0.106571	2
IRF5	4	1.3056e-01	2.5771e-02	0.106571	3
HIST1H4J	4	1.3057e-01	2.5771e-02	0.106571	3
HIST1H4I	4	1.3066e-01	2.5771e-02	0.106571	3
SP2	4	1.3067e-01	2.5771e-02	0.106571	3
KDM4B	4	1.3072e-01	2.5771e-02	0.106571	3
GPR85	4	1.3074e-01	2.5771e-02	0.106571	3
KCNG2	4	1.3086e-01	2.5771e-02	0.106571	3
LSR	4	1.3093e-01	2.5771e-02	0.106571	3
SAFB	4	1.3098e-01	2.5771e-02	0.106571	3
ATP5F1	4	1.3100e-01	2.5771e-02	0.106571	3
ZNF18	4	1.3101e-01	2.5771e-02	0.106571	3
SREK1	4	1.3113e-01	2.5771e-02	0.106571	2
OR4K2	4	1.3123e-01	2.5771e-02	0.106571	3
MPP5	4	1.3126e-01	2.5771e-02	0.106571	3
RBL2	4	1.3131e-01	2.5771e-02	0.106571	3
OXLD1	4	1.3138e-01	2.5771e-02	0.106571	3
RPAP3	4	1.3141e-01	2.5771e-02	0.106571	3
CT45A6	4	1.3152e-01	2.5771e-02	0.106571	3
CLVS2	4	1.3152e-01	2.5771e-02	0.106571	3
OR5H1	4	1.3156e-01	2.5771e-02	0.106571	3
GUCY1B3	4	1.3161e-01	2.5771e-02	0.106571	3
RCCD1	4	1.3162e-01	2.5771e-02	0.106571	3
SLC43A3	4	1.3182e-01	2.5771e-02	0.106571	3
AKAP10	4	1.3184e-01	2.5771e-02	0.106571	3
ENDOG	4	1.3187e-01	2.5771e-02	0.106571	3
IFRD1	4	1.3201e-01	2.5771e-02	0.106571	3
FASTKD2	4	1.3210e-01	2.5771e-02	0.106571	2
RUFY3	4	1.3212e-01	2.5771e-02	0.106571	3
PAQR8	4	1.3223e-01	2.5771e-02	0.106571	2
STMND1	4	1.3224e-01	2.5771e-02	0.106571	3
JRK	4	1.3232e-01	2.5771e-02	0.106571	2
IRAK1BP1	4	1.3242e-01	2.5771e-02	0.106571	3
RNF139	4	1.3248e-01	2.5771e-02	0.106571	3
LCE1E	4	1.3250e-01	2.5771e-02	0.106571	2
ENGASE	4	1.3256e-01	2.5771e-02	0.106571	3
SRPX2	4	1.3263e-01	2.5771e-02	0.106571	3
OGFRL1	4	1.3272e-01	2.5771e-02	0.106571	3
HNRNPA2B1	4	1.3272e-01	2.5771e-02	0.106571	2
NANP	4	1.3275e-01	2.5771e-02	0.106571	3
TMEM74	4	1.3279e-01	2.5771e-02	0.106571	3
FBRSL1	4	1.3291e-01	2.5771e-02	0.106571	3
C9orf106	4	1.3315e-01	2.5771e-02	0.106571	3
ATP1A3	4	1.3322e-01	2.5771e-02	0.106571	3
RGS6	4	1.3330e-01	2.5771e-02	0.106571	2
VWC2	4	1.3331e-01	2.5771e-02	0.106571	2
CDCP2	4	1.3336e-01	2.5771e-02	0.106571	3
FAM71F2	4	1.3342e-01	2.6022e-02	0.107470	3
NEK1	4	1.3354e-01	2.6022e-02	0.107470	2
TRIM42	4	1.3354e-01	2.6022e-02	0.107470	3
PRSS36	4	1.3364e-01	2.6023e-02	0.107470	3
CFAP74	4	1.3364e-01	2.6023e-02	0.107470	3
MFSD10	4	1.3367e-01	2.6023e-02	0.107470	3
MTRNR2L8	4	1.3389e-01	2.6326e-02	0.108606	3
NANOGNB	4	1.3395e-01	2.6326e-02	0.108606	1
CHST9	4	1.3398e-01	2.6326e-02	0.108606	3
LGALS3BP	4	1.3403e-01	2.6326e-02	0.108606	3
GNAO1	4	1.3405e-01	2.6326e-02	0.108606	3
IPCEF1	4	1.3420e-01	2.6946e-02	0.110999	3
TUSC2	4	1.3424e-01	2.6946e-02	0.110999	3
SSH1	4	1.3430e-01	2.6946e-02	0.110999	2
KIAA1549L	4	1.3441e-01	2.6947e-02	0.110999	3
ZFP36L2	4	1.3453e-01	2.7265e-02	0.111877	3
GDF15	4	1.3458e-01	2.7265e-02	0.111877	3
POMGNT1	4	1.3474e-01	2.7265e-02	0.111877	3
ANTXR1	4	1.3481e-01	2.7265e-02	0.111877	3
MEF2B	4	1.3481e-01	2.7265e-02	0.111877	2
LCMT1	4	1.3485e-01	2.7265e-02	0.111877	3
POLL	4	1.3494e-01	2.7265e-02	0.111877	3
HIST1H2AC	4	1.3494e-01	2.7265e-02	0.111877	3
MARCHF8	4	1.3503e-01	2.7265e-02	0.111877	3
AP4B1	4	1.3511e-01	2.7265e-02	0.111877	3
POLI	4	1.3513e-01	2.7265e-02	0.111877	2
BCLAF1	4	1.3515e-01	2.7265e-02	0.111877	3
TPRA1	4	1.3519e-01	2.7265e-02	0.111877	3
TSTA3	4	1.3525e-01	2.7265e-02	0.111877	3
TCP10	4	1.3535e-01	2.7265e-02	0.111877	3
PON1	3	1.3537e-01	2.5452e-02	0.106571	2
IGLON5	4	1.3542e-01	2.7265e-02	0.111877	3
EID3	4	1.3551e-01	2.7265e-02	0.111877	2
CPB2	4	1.3557e-01	2.7265e-02	0.111877	3
CDK12	4	1.3564e-01	2.7559e-02	0.112768	3
CT47A12	4	1.3570e-01	2.7559e-02	0.112768	3
DENND2D	4	1.3573e-01	2.7559e-02	0.112768	3
PAGE4	4	1.3577e-01	2.7559e-02	0.112768	3
DCHS2	4	1.3580e-01	2.7559e-02	0.112768	3
DDT	4	1.3600e-01	2.7559e-02	0.112768	3
CYTH3	4	1.3602e-01	2.7559e-02	0.112768	2
SPSB1	4	1.3606e-01	2.7559e-02	0.112768	3
APBA2	4	1.3614e-01	2.7559e-02	0.112768	2
ARHGEF10	4	1.3619e-01	2.7559e-02	0.112768	3
MUM1	4	1.3620e-01	2.7559e-02	0.112768	2
ZDHHC15	4	1.3622e-01	2.7559e-02	0.112768	1
AGPAT1	4	1.3629e-01	2.7559e-02	0.112768	3
ACOT6	4	1.3646e-01	2.7868e-02	0.113792	3
NPAS4	4	1.3648e-01	2.7868e-02	0.113792	3
NFE2L2	4	1.3648e-01	2.7868e-02	0.113792	2
NCDN	4	1.3651e-01	2.7868e-02	0.113792	2
MRPL20	4	1.3655e-01	2.7868e-02	0.113792	3
PDZD8	4	1.3658e-01	2.7869e-02	0.113792	3
CDKL3	4	1.3661e-01	2.7869e-02	0.113792	3
SLX4	4	1.3666e-01	2.7869e-02	0.113792	3
CDKAL1	4	1.3668e-01	2.7869e-02	0.113792	3
GPC4	4	1.3681e-01	2.8180e-02	0.114820	3
ATP8B2	4	1.3695e-01	2.8180e-02	0.114820	3
RAD18	4	1.3698e-01	2.8180e-02	0.114820	3
BACE1	4	1.3715e-01	2.8181e-02	0.114820	3
B3GALNT2	4	1.3716e-01	2.8181e-02	0.114820	3
EPHX1	4	1.3723e-01	2.8181e-02	0.114820	3
NPTN	4	1.3729e-01	2.8181e-02	0.114820	3
C14orf93	4	1.3729e-01	2.8181e-02	0.114820	3
MPZL2	4	1.3737e-01	2.8493e-02	0.115971	3
CECR1	4	1.3753e-01	2.8493e-02	0.115971	3
PHF19	4	1.3764e-01	2.8494e-02	0.115971	3
APOC1	4	1.3766e-01	2.8494e-02	0.115971	2
NYAP1	4	1.3774e-01	2.8784e-02	0.116461	2
OR2T3	4	1.3776e-01	2.8784e-02	0.116461	3
FABP3	4	1.3777e-01	2.8784e-02	0.116461	3
GLUL	4	1.3805e-01	2.8784e-02	0.116461	3
PPM1L	4	1.3817e-01	2.8784e-02	0.116461	1
COQ6	4	1.3818e-01	2.8784e-02	0.116461	2
KRTAP21-1	4	1.3820e-01	2.8784e-02	0.116461	3
GGT1	4	1.3820e-01	2.8784e-02	0.116461	2
S100A6	4	1.3821e-01	2.8784e-02	0.116461	3
RPS6KL1	4	1.3825e-01	2.8784e-02	0.116461	2
TMEM240	4	1.3827e-01	2.8784e-02	0.116461	3
FOXK1	4	1.3832e-01	2.8784e-02	0.116461	2
ACO2	3	1.3833e-01	2.6499e-02	0.109297	2
TAS2R41	4	1.3843e-01	2.8785e-02	0.116461	2
TYW1B	4	1.3845e-01	2.8785e-02	0.116461	2
DHRS7C	4	1.3855e-01	2.8785e-02	0.116461	3
FOXN3	4	1.3859e-01	2.8785e-02	0.116461	3
EML6	4	1.3859e-01	2.8785e-02	0.116461	2
STK17B	4	1.3861e-01	2.8785e-02	0.116461	3
OR1S2	4	1.3865e-01	2.8785e-02	0.116461	2
COPRS	4	1.3866e-01	2.8785e-02	0.116461	3
PREX1	4	1.3869e-01	2.8785e-02	0.116461	3
UTY	4	1.3877e-01	2.8785e-02	0.116461	3
LIMK1	4	1.3878e-01	2.8785e-02	0.116461	3
PTH1R	4	1.3885e-01	2.8785e-02	0.116461	3
STK32A	4	1.3887e-01	2.8785e-02	0.116461	3
ZNF638	4	1.3900e-01	2.8785e-02	0.116461	3
C7orf50	4	1.3900e-01	2.8785e-02	0.116461	2
MFAP4	4	1.3902e-01	2.8785e-02	0.116461	2
PGD	4	1.3912e-01	2.9082e-02	0.116826	3
XYLT2	4	1.3913e-01	2.9082e-02	0.116826	3
OGFOD3	4	1.3919e-01	2.9082e-02	0.116826	3
RAB32	4	1.3922e-01	2.9082e-02	0.116826	3
CTAGE5	4	1.3923e-01	2.9082e-02	0.116826	3
S100B	4	1.3925e-01	2.9082e-02	0.116826	3
TFF2	4	1.3926e-01	2.9082e-02	0.116826	3
JOSD1	4	1.3934e-01	2.9082e-02	0.116826	3
ACOT1	4	1.3934e-01	2.9082e-02	0.116826	3
ITGA2B	4	1.3938e-01	2.9082e-02	0.116826	3
UBR1	4	1.3941e-01	2.9082e-02	0.116826	3
CSTB	4	1.3942e-01	2.9082e-02	0.116826	3
TMEM234	4	1.3944e-01	2.9082e-02	0.116826	3
OR10H5	4	1.3951e-01	2.9082e-02	0.116826	1
GJB5	4	1.3952e-01	2.9082e-02	0.116826	3
FSD1	4	1.3954e-01	2.9082e-02	0.116826	2
PDE1B	4	1.3956e-01	2.9082e-02	0.116826	3
PRR20B	4	1.3960e-01	2.9082e-02	0.116826	3
DMRTB1	4	1.3963e-01	2.9082e-02	0.116826	2
SLC12A5	4	1.3966e-01	2.9083e-02	0.116826	2
SLITRK5	4	1.3967e-01	2.9083e-02	0.116826	3
CLC	4	1.3970e-01	2.9083e-02	0.116826	3
MTHFD2L	4	1.3972e-01	2.9083e-02	0.116826	3
SALL2	4	1.3977e-01	2.9083e-02	0.116826	3
DCT	4	1.3979e-01	2.9083e-02	0.116826	3
DTX3	4	1.3981e-01	2.9083e-02	0.116826	2
FAAH	3	1.3984e-01	2.6849e-02	0.110695	2
IKBKB	4	1.3994e-01	2.9083e-02	0.116826	3
GZMH	4	1.3997e-01	2.9083e-02	0.116826	2
GJA8	4	1.3999e-01	2.9083e-02	0.116826	3
MLH3	4	1.4003e-01	2.9083e-02	0.116826	3
METTL24	4	1.4011e-01	2.9083e-02	0.116826	3
ADAMTS4	4	1.4014e-01	2.9083e-02	0.116826	3
CYP3A4	4	1.4015e-01	2.9083e-02	0.116826	3
KLHDC4	4	1.4019e-01	2.9083e-02	0.116826	3
ZNF674	4	1.4025e-01	2.9392e-02	0.117849	2
EAPP	4	1.4028e-01	2.9392e-02	0.117849	2
CHEK2	4	1.4042e-01	2.9392e-02	0.117849	3
ZP4	4	1.4046e-01	2.9392e-02	0.117849	2
FOXP1	4	1.4054e-01	2.9392e-02	0.117849	2
LIFR	4	1.4057e-01	2.9393e-02	0.117849	3
CEP295	4	1.4059e-01	2.9393e-02	0.117849	2
F12	4	1.4079e-01	2.9393e-02	0.117849	3
OR8G5	4	1.4086e-01	2.9393e-02	0.117849	3
FRS2	3	1.4094e-01	2.6850e-02	0.110695	2
CMTM8	4	1.4106e-01	2.9687e-02	0.119004	3
TPR	4	1.4113e-01	2.9993e-02	0.119860	3
NETO1	4	1.4118e-01	2.9993e-02	0.119860	3
LIMK2	4	1.4126e-01	2.9993e-02	0.119860	2
TRAPPC9	4	1.4127e-01	2.9993e-02	0.119860	3
SHISA3	4	1.4137e-01	2.9993e-02	0.119860	3
AIFM2	4	1.4147e-01	2.9993e-02	0.119860	3
ZNF329	4	1.4166e-01	3.0314e-02	0.119860	3
VPS39	4	1.4171e-01	3.0314e-02	0.119860	3
SLC34A3	4	1.4174e-01	3.0314e-02	0.119860	2
FDPS	4	1.4175e-01	3.0314e-02	0.119860	3
LCP1	4	1.4177e-01	3.0314e-02	0.119860	3
DPEP2	4	1.4179e-01	3.0314e-02	0.119860	3
ADRB2	4	1.4181e-01	3.0314e-02	0.119860	3
CHCHD10	4	1.4185e-01	3.0314e-02	0.119860	2
ACADS	4	1.4192e-01	3.0314e-02	0.119860	3
MOB3A	4	1.4194e-01	3.0314e-02	0.119860	2
C2orf69	4	1.4200e-01	3.0314e-02	0.119860	2
ZNF331	4	1.4206e-01	3.0314e-02	0.119860	3
WNT9B	4	1.4211e-01	3.0314e-02	0.119860	3
FOXH1	4	1.4212e-01	3.0314e-02	0.119860	3
GOLGA6L10	4	1.4223e-01	3.0314e-02	0.119860	2
MAVS	4	1.4228e-01	3.0314e-02	0.119860	2
DYNC1LI1	4	1.4228e-01	3.0314e-02	0.119860	3
GSX2	4	1.4229e-01	3.0314e-02	0.119860	3
SIRPG	4	1.4232e-01	3.0314e-02	0.119860	3
ZNF251	4	1.4233e-01	3.0314e-02	0.119860	3
OTUB2	4	1.4235e-01	3.0314e-02	0.119860	3
ZNF300	4	1.4243e-01	3.0314e-02	0.119860	3
IL6ST	4	1.4243e-01	3.0314e-02	0.119860	3
PRR23C	4	1.4247e-01	3.0314e-02	0.119860	3
HSPA6	4	1.4249e-01	3.0314e-02	0.119860	2
RAD17	4	1.4253e-01	3.0314e-02	0.119860	3
SHISA4	4	1.4261e-01	3.0314e-02	0.119860	3
RPUSD2	4	1.4275e-01	3.0314e-02	0.119860	3
DNASE1L3	4	1.4278e-01	3.0314e-02	0.119860	3
ARMCX5-GPRASP2	4	1.4294e-01	3.0314e-02	0.119860	3
BUD13	4	1.4295e-01	3.0314e-02	0.119860	2
KRTAP10-1	4	1.4305e-01	3.0314e-02	0.119860	3
TRIM48	4	1.4312e-01	3.0314e-02	0.119860	3
BTBD1	4	1.4323e-01	3.0314e-02	0.119860	3
ZIC5	4	1.4336e-01	3.0314e-02	0.119860	2
TAF12	4	1.4339e-01	3.0314e-02	0.119860	2
LST1	4	1.4343e-01	3.0314e-02	0.119860	3
OR56A4	4	1.4348e-01	3.0314e-02	0.119860	3
DRAM2	4	1.4355e-01	3.0314e-02	0.119860	2
HSPB6	4	1.4355e-01	3.0314e-02	0.119860	2
NAGLU	4	1.4356e-01	3.0314e-02	0.119860	3
RYR2	4	1.4359e-01	3.0314e-02	0.119860	3
THUMPD1	4	1.4362e-01	3.0314e-02	0.119860	3
WDR54	4	1.4363e-01	3.0314e-02	0.119860	3
SAGE1	4	1.4375e-01	3.0314e-02	0.119860	3
DEPDC4	4	1.4376e-01	3.0314e-02	0.119860	3
PDZRN3	4	1.4379e-01	3.0314e-02	0.119860	3
SLC25A15	4	1.4383e-01	3.0314e-02	0.119860	3
OR8H2	4	1.4395e-01	3.0314e-02	0.119860	1
RNASE8	4	1.4405e-01	3.0314e-02	0.119860	3
CILP	4	1.4407e-01	3.0314e-02	0.119860	3
DNAAF5	4	1.4408e-01	3.0314e-02	0.119860	3
GDF2	3	1.4409e-01	2.7568e-02	0.112782	2
RNF31	4	1.4419e-01	3.0314e-02	0.119860	3
IL5	4	1.4419e-01	3.0314e-02	0.119860	2
CSF3	4	1.4423e-01	3.0314e-02	0.119860	2
CSAG3	4	1.4432e-01	3.0314e-02	0.119860	2
F11R	4	1.4435e-01	3.0314e-02	0.119860	3
C12orf65	4	1.4436e-01	3.0314e-02	0.119860	2
KRTAP9-2	4	1.4437e-01	3.0314e-02	0.119860	3
CEACAM5	4	1.4438e-01	3.0314e-02	0.119860	2
ZNF853	4	1.4447e-01	3.0606e-02	0.120589	3
ATG5	4	1.4455e-01	3.0606e-02	0.120589	3
PVALB	4	1.4457e-01	3.0606e-02	0.120589	3
TRIM69	4	1.4466e-01	3.0606e-02	0.120589	2
MTRNR2L10	4	1.4470e-01	3.0606e-02	0.120589	3
UBE2Q1	4	1.4477e-01	3.0606e-02	0.120589	3
OR11H4	4	1.4483e-01	3.0606e-02	0.120589	3
UBQLN3	4	1.4484e-01	3.0606e-02	0.120589	3
CNPY4	4	1.4489e-01	3.0606e-02	0.120589	2
CLUH	4	1.4499e-01	3.0606e-02	0.120589	3
SSX2B	4	1.4519e-01	3.0606e-02	0.120589	1
CCDC172	4	1.4520e-01	3.0606e-02	0.120589	3
ST20	4	1.4524e-01	3.0606e-02	0.120589	1
KIAA0195	4	1.4526e-01	3.0606e-02	0.120589	3
RAB2B	4	1.4526e-01	3.0606e-02	0.120589	3
POTEC	4	1.4529e-01	3.0606e-02	0.120589	2
MBOAT2	4	1.4533e-01	3.0606e-02	0.120589	3
KHDRBS2	4	1.4536e-01	3.0929e-02	0.120940	3
PIK3CB	4	1.4539e-01	3.0929e-02	0.120940	3
GBE1	4	1.4544e-01	3.0929e-02	0.120940	2
ARL2BP	4	1.4550e-01	3.0929e-02	0.120940	3
PPHLN1	4	1.4557e-01	3.0929e-02	0.120940	3
KIAA1671	4	1.4557e-01	3.0929e-02	0.120940	2
NUP37	4	1.4560e-01	3.0929e-02	0.120940	1
BRIX1	4	1.4564e-01	3.0929e-02	0.120940	3
DOCK11	4	1.4587e-01	3.0929e-02	0.120940	2
LAT	4	1.4588e-01	3.0929e-02	0.120940	3
FKBP6	4	1.4591e-01	3.0929e-02	0.120940	3
MATK	4	1.4597e-01	3.0929e-02	0.120940	2
SMURF1	4	1.4607e-01	3.0929e-02	0.120940	2
DRD4	4	1.4610e-01	3.0929e-02	0.120940	2
MRPL51	4	1.4611e-01	3.0929e-02	0.120940	3
CXCL2	4	1.4612e-01	3.0929e-02	0.120940	3
GOLPH3	4	1.4615e-01	3.0929e-02	0.120940	3
OR2G2	4	1.4616e-01	3.0929e-02	0.120940	1
DEFB104B	4	1.4616e-01	3.0929e-02	0.120940	3
KPNA1	4	1.4621e-01	3.0929e-02	0.120940	3
DOT1L	4	1.4624e-01	3.0929e-02	0.120940	3
PRSS3	4	1.4626e-01	3.0929e-02	0.120940	3
GOLPH3L	4	1.4631e-01	3.0929e-02	0.120940	3
TTC34	4	1.4639e-01	3.0929e-02	0.120940	3
DEFB107A	4	1.4640e-01	3.0929e-02	0.120940	3
CDC42SE1	4	1.4652e-01	3.0929e-02	0.120940	2
HMX3	4	1.4654e-01	3.0929e-02	0.120940	3
GPR182	4	1.4665e-01	3.0929e-02	0.120940	2
IL25	4	1.4668e-01	3.0929e-02	0.120940	3
GLTSCR1L	4	1.4671e-01	3.0929e-02	0.120940	2
LOC388282	4	1.4671e-01	3.0929e-02	0.120940	3
FAM131B	4	1.4674e-01	3.0929e-02	0.120940	3
NAIF1	4	1.4677e-01	3.0929e-02	0.120940	3
TMCO1	4	1.4681e-01	3.0929e-02	0.120940	3
CABLES1	4	1.4681e-01	3.0929e-02	0.120940	2
C7orf43	4	1.4683e-01	3.0929e-02	0.120940	2
GIPR	4	1.4687e-01	3.0929e-02	0.120940	3
CALCB	4	1.4693e-01	3.1591e-02	0.123379	3
FAM90A1	4	1.4695e-01	3.1591e-02	0.123379	3
ADAMTSL2	4	1.4698e-01	3.1591e-02	0.123379	2
ZNF541	4	1.4699e-01	3.1591e-02	0.123379	3
TPM1	4	1.4705e-01	3.1592e-02	0.123379	3
STRA13	4	1.4707e-01	3.1592e-02	0.123379	2
CBX6	4	1.4714e-01	3.1951e-02	0.124646	3
CPED1	4	1.4719e-01	3.1951e-02	0.124646	3
TEKT4	4	1.4721e-01	3.1951e-02	0.124646	3
GNPAT	4	1.4722e-01	3.1951e-02	0.124646	3
ADH6	4	1.4725e-01	3.2255e-02	0.124646	3
HSPB3	4	1.4735e-01	3.2255e-02	0.124646	2
APELA	4	1.4753e-01	3.2255e-02	0.124646	3
C6orf141	4	1.4756e-01	3.2255e-02	0.124646	2
ECHDC3	4	1.4760e-01	3.2255e-02	0.124646	3
NRBP1	4	1.4763e-01	3.2255e-02	0.124646	1
RNF133	4	1.4769e-01	3.2255e-02	0.124646	2
CCDC169	4	1.4772e-01	3.2255e-02	0.124646	3
ATG10	4	1.4772e-01	3.2255e-02	0.124646	2
AUTS2	4	1.4774e-01	3.2255e-02	0.124646	2
RHO	4	1.4774e-01	3.2255e-02	0.124646	2
CLDN25	4	1.4774e-01	3.2255e-02	0.124646	3
FAM160B2	4	1.4777e-01	3.2255e-02	0.124646	3
GPR68	4	1.4803e-01	3.2255e-02	0.124646	3
PEX7	4	1.4804e-01	3.2255e-02	0.124646	2
FZD3	4	1.4807e-01	3.2255e-02	0.124646	3
MTERF4	4	1.4808e-01	3.2255e-02	0.124646	3
SPPL2A	4	1.4809e-01	3.2255e-02	0.124646	3
SATB2	4	1.4814e-01	3.2255e-02	0.124646	3
TMX4	4	1.4815e-01	3.2255e-02	0.124646	3
SLC24A3	4	1.4837e-01	3.2255e-02	0.124646	3
SYNM	4	1.4839e-01	3.2255e-02	0.124646	3
STYK1	4	1.4853e-01	3.2256e-02	0.124646	3
S100A1	4	1.4862e-01	3.2256e-02	0.124646	3
ZBED9	4	1.4865e-01	3.2256e-02	0.124646	3
TMED9	4	1.4868e-01	3.2256e-02	0.124646	2
PNP	4	1.4869e-01	3.2256e-02	0.124646	3
OAZ2	4	1.4871e-01	3.2256e-02	0.124646	3
C15orf32	4	1.4872e-01	3.2256e-02	0.124646	3
IL9R	4	1.4887e-01	3.2256e-02	0.124646	3
PSMC3IP	4	1.4889e-01	3.2256e-02	0.124646	3
GDF10	4	1.4892e-01	3.2256e-02	0.124646	3
ZNF343	4	1.4892e-01	3.2256e-02	0.124646	3
SPATS1	4	1.4898e-01	3.2256e-02	0.124646	2
XDH	4	1.4910e-01	3.2256e-02	0.124646	3
FAM219A	4	1.4911e-01	3.2256e-02	0.124646	3
PBX2	4	1.4912e-01	3.2256e-02	0.124646	3
STARD8	4	1.4914e-01	3.2256e-02	0.124646	3
SGOL2	4	1.4917e-01	3.2256e-02	0.124646	2
CFDP1	4	1.4919e-01	3.2256e-02	0.124646	3
TAF1L	4	1.4925e-01	3.2256e-02	0.124646	3
DGUOK	4	1.4930e-01	3.2256e-02	0.124646	2
LRFN4	4	1.4939e-01	3.2256e-02	0.124646	2
CNN1	4	1.4945e-01	3.2256e-02	0.124646	2
CLEC7A	4	1.4951e-01	3.2256e-02	0.124646	1
ANKRD26	4	1.4953e-01	3.2256e-02	0.124646	3
OR1L3	4	1.4960e-01	3.2256e-02	0.124646	2
PKN3	4	1.4962e-01	3.2256e-02	0.124646	2
RAB25	4	1.4979e-01	3.2588e-02	0.125904	2
VRK3	4	1.4990e-01	3.2932e-02	0.126774	3
DTD2	4	1.4995e-01	3.2932e-02	0.126774	2
MSANTD3-TMEFF1	4	1.5005e-01	3.2932e-02	0.126774	3
ANKAR	4	1.5008e-01	3.2932e-02	0.126774	3
HOXB1	4	1.5012e-01	3.2932e-02	0.126774	2
NCOR1	4	1.5039e-01	3.2932e-02	0.126774	2
FAM129C	4	1.5040e-01	3.2932e-02	0.126774	3
TUBGCP5	4	1.5047e-01	3.2932e-02	0.126774	3
PLA2G4B	4	1.5047e-01	3.2932e-02	0.126774	2
PHF13	4	1.5048e-01	3.2932e-02	0.126774	2
OVGP1	4	1.5053e-01	3.2932e-02	0.126774	3
NYAP2	4	1.5059e-01	3.2932e-02	0.126774	3
TBX5	4	1.5060e-01	3.2932e-02	0.126774	3
ERC2	4	1.5062e-01	3.2932e-02	0.126774	3
HID1	4	1.5063e-01	3.2932e-02	0.126774	3
LCN1	4	1.5066e-01	3.2932e-02	0.126774	2
CST5	4	1.5066e-01	3.2932e-02	0.126774	3
MMAB	4	1.5071e-01	3.3611e-02	0.127690	3
LRRFIP2	4	1.5072e-01	3.3611e-02	0.127690	2
PKD2L1	4	1.5072e-01	3.3611e-02	0.127690	1
RIF1	4	1.5073e-01	3.3611e-02	0.127690	3
CSDE1	4	1.5074e-01	3.3611e-02	0.127690	3
ITPK1	4	1.5086e-01	3.3611e-02	0.127690	2
TRMT1	4	1.5086e-01	3.3611e-02	0.127690	3
PHGR1	4	1.5087e-01	3.3611e-02	0.127690	3
SCN2A	4	1.5091e-01	3.3611e-02	0.127690	3
COL10A1	4	1.5100e-01	3.3611e-02	0.127690	3
TXLNB	4	1.5104e-01	3.3611e-02	0.127690	2
KRTCAP2	4	1.5106e-01	3.3611e-02	0.127690	2
CD1E	4	1.5107e-01	3.3611e-02	0.127690	3
CKS1B	4	1.5107e-01	3.3611e-02	0.127690	3
SNX2	4	1.5108e-01	3.3611e-02	0.127690	3
SLC26A6	4	1.5109e-01	3.3611e-02	0.127690	3
L3MBTL4	4	1.5115e-01	3.3611e-02	0.127690	3
PLA2G3	4	1.5116e-01	3.3611e-02	0.127690	3
CALCOCO2	4	1.5117e-01	3.3611e-02	0.127690	2
BTBD2	4	1.5119e-01	3.3611e-02	0.127690	3
RNF170	4	1.5123e-01	3.3611e-02	0.127690	3
ACAA2	4	1.5124e-01	3.3611e-02	0.127690	3
ENKUR	4	1.5130e-01	3.3611e-02	0.127690	3
CD46	4	1.5133e-01	3.3611e-02	0.127690	3
TMEM207	4	1.5141e-01	3.3611e-02	0.127690	3
JAKMIP3	4	1.5150e-01	3.3611e-02	0.127690	2
MPPED2	4	1.5152e-01	3.3611e-02	0.127690	3
APOBEC3H	4	1.5159e-01	3.3611e-02	0.127690	2
EFHB	4	1.5161e-01	3.3611e-02	0.127690	3
HPCA	4	1.5165e-01	3.3611e-02	0.127690	2
TIGD1	4	1.5167e-01	3.3611e-02	0.127690	2
MARK3	4	1.5171e-01	3.3611e-02	0.127690	3
RANBP6	4	1.5174e-01	3.3611e-02	0.127690	3
HBEGF	4	1.5176e-01	3.3611e-02	0.127690	3
HIPK1	4	1.5177e-01	3.3611e-02	0.127690	3
EEF1D	4	1.5178e-01	3.3611e-02	0.127690	3
CBWD1	3	1.5180e-01	2.7933e-02	0.114003	2
CUX2	4	1.5184e-01	3.3611e-02	0.127690	3
RAPGEF2	4	1.5190e-01	3.3611e-02	0.127690	3
ATG3	4	1.5193e-01	3.3611e-02	0.127690	2
VPS9D1	4	1.5194e-01	3.3611e-02	0.127690	3
SCGB1C1	4	1.5197e-01	3.3611e-02	0.127690	3
ALDH1A3	4	1.5202e-01	3.3611e-02	0.127690	2
MTRNR2L6	4	1.5210e-01	3.3611e-02	0.127690	3
ZBTB18	4	1.5210e-01	3.3611e-02	0.127690	3
YWHAZ	3	1.5211e-01	2.7933e-02	0.114003	2
TRIM5	4	1.5214e-01	3.3611e-02	0.127690	2
LAMP3	4	1.5221e-01	3.3611e-02	0.127690	3
C9orf139	4	1.5225e-01	3.3611e-02	0.127690	3
KANK2	4	1.5234e-01	3.3611e-02	0.127690	3
LRRC74B	4	1.5236e-01	3.3611e-02	0.127690	3
TTBK2	4	1.5239e-01	3.3611e-02	0.127690	2
WHAMM	4	1.5242e-01	3.3611e-02	0.127690	3
VPS4B	4	1.5249e-01	3.3611e-02	0.127690	2
C12orf75	4	1.5249e-01	3.3611e-02	0.127690	2
CD96	4	1.5252e-01	3.3611e-02	0.127690	3
RASSF2	4	1.5258e-01	3.3611e-02	0.127690	3
ARAP2	4	1.5263e-01	3.3611e-02	0.127690	3
CTNNB1	4	1.5264e-01	3.3611e-02	0.127690	2
PLSCR1	4	1.5267e-01	3.3611e-02	0.127690	2
FAM76A	4	1.5267e-01	3.3611e-02	0.127690	3
DPCD	4	1.5284e-01	3.3611e-02	0.127690	3
GAGE2B	4	1.5297e-01	3.3611e-02	0.127690	3
MZF1	4	1.5299e-01	3.3611e-02	0.127690	3
ZNF100	4	1.5304e-01	3.3611e-02	0.127690	3
S100A2	4	1.5309e-01	3.3611e-02	0.127690	3
RBM48	4	1.5312e-01	3.3611e-02	0.127690	3
SIRT7	4	1.5312e-01	3.3611e-02	0.127690	2
C17orf97	4	1.5319e-01	3.3932e-02	0.127946	3
GZMB	4	1.5322e-01	3.3932e-02	0.127946	3
ZNF775	4	1.5331e-01	3.3932e-02	0.127946	2
DNAH12	4	1.5331e-01	3.3932e-02	0.127946	3
COL6A2	4	1.5333e-01	3.3932e-02	0.127946	3
FAM103A1	4	1.5353e-01	3.3932e-02	0.127946	3
DHRS4	4	1.5359e-01	3.3932e-02	0.127946	2
TXNDC16	4	1.5362e-01	3.3932e-02	0.127946	2
ITIH6	4	1.5365e-01	3.3932e-02	0.127946	2
ISM2	4	1.5380e-01	3.3932e-02	0.127946	2
MTHFD2	4	1.5391e-01	3.3932e-02	0.127946	3
WWP1	4	1.5394e-01	3.3932e-02	0.127946	3
BTBD3	4	1.5401e-01	3.3932e-02	0.127946	3
TRPC1	4	1.5411e-01	3.3932e-02	0.127946	3
BANK1	4	1.5419e-01	3.3932e-02	0.127946	3
TIGD2	4	1.5421e-01	3.3933e-02	0.127946	2
ATCAY	4	1.5425e-01	3.3933e-02	0.127946	3
MAGEB18	4	1.5435e-01	3.3933e-02	0.127946	2
STARD6	4	1.5438e-01	3.3933e-02	0.127946	2
RTKN	4	1.5442e-01	3.3933e-02	0.127946	2
ADPGK	4	1.5442e-01	3.3933e-02	0.127946	3
OR52E4	4	1.5454e-01	3.3933e-02	0.127946	2
USP17L25	4	1.5454e-01	3.3933e-02	0.127946	2
SOCS3	4	1.5460e-01	3.3933e-02	0.127946	3
ETNPPL	4	1.5461e-01	3.3933e-02	0.127946	2
OR52W1	4	1.5467e-01	3.3933e-02	0.127946	3
HUNK	4	1.5469e-01	3.3933e-02	0.127946	2
PRR5	4	1.5474e-01	3.3933e-02	0.127946	2
CXorf51B	4	1.5476e-01	3.3933e-02	0.127946	3
ANKRD18A	4	1.5480e-01	3.3933e-02	0.127946	3
PLEKHG6	4	1.5488e-01	3.3933e-02	0.127946	2
LIPM	4	1.5492e-01	3.3933e-02	0.127946	2
PKHD1L1	4	1.5493e-01	3.3933e-02	0.127946	3
CD70	4	1.5495e-01	3.3933e-02	0.127946	3
LOC200726	4	1.5507e-01	3.3933e-02	0.127946	2
IMPDH1	3	1.5507e-01	2.8297e-02	0.115270	2
CCL2	4	1.5511e-01	3.3933e-02	0.127946	2
HCN2	4	1.5513e-01	3.3933e-02	0.127946	3
MFSD1	4	1.5518e-01	3.3933e-02	0.127946	2
BOLA1	4	1.5529e-01	3.4615e-02	0.130416	2
HPS3	4	1.5531e-01	3.4615e-02	0.130416	3
XKR9	4	1.5531e-01	3.4615e-02	0.130416	2
RFX1	4	1.5535e-01	3.4615e-02	0.130416	3
TNFRSF4	4	1.5549e-01	3.4982e-02	0.131568	2
PPP1R1C	4	1.5555e-01	3.4982e-02	0.131568	2
WDR83OS	4	1.5557e-01	3.4982e-02	0.131568	3
MTRR	4	1.5564e-01	3.4982e-02	0.131568	2
STOML3	4	1.5572e-01	3.4982e-02	0.131568	3
FNDC4	4	1.5574e-01	3.4982e-02	0.131568	2
HSPB8	4	1.5600e-01	3.4983e-02	0.131568	3
RASGRP3	4	1.5610e-01	3.4983e-02	0.131568	3
PRAMEF11	4	1.5619e-01	3.5298e-02	0.132208	2
TIGD3	4	1.5621e-01	3.5298e-02	0.132208	2
HPX	4	1.5637e-01	3.5298e-02	0.132208	3
MDK	4	1.5637e-01	3.5298e-02	0.132208	3
BCAS4	4	1.5639e-01	3.5298e-02	0.132208	3
SMARCAD1	4	1.5642e-01	3.5298e-02	0.132208	2
C7orf77	4	1.5650e-01	3.5298e-02	0.132208	3
SUN3	4	1.5652e-01	3.5298e-02	0.132208	2
PRTN3	4	1.5653e-01	3.5298e-02	0.132208	3
SERBP1	4	1.5656e-01	3.5298e-02	0.132208	3
FASTKD5	4	1.5661e-01	3.5298e-02	0.132208	3
AMOTL1	4	1.5666e-01	3.5298e-02	0.132208	2
ARL5B	4	1.5667e-01	3.5298e-02	0.132208	3
S100A10	4	1.5669e-01	3.5298e-02	0.132208	3
KRT222	4	1.5673e-01	3.5298e-02	0.132208	2
SPAST	4	1.5674e-01	3.5298e-02	0.132208	3
NDUFS2	4	1.5679e-01	3.5298e-02	0.132208	3
NFIX	4	1.5691e-01	3.5298e-02	0.132208	3
STON1-GTF2A1L	4	1.5710e-01	3.5298e-02	0.132208	2
HYDIN	4	1.5719e-01	3.5298e-02	0.132208	3
NLRP2	4	1.5724e-01	3.5298e-02	0.132208	2
IQCA1	4	1.5731e-01	3.5658e-02	0.133452	3
CCDC152	4	1.5734e-01	3.5658e-02	0.133452	3
CCL25	4	1.5738e-01	3.5658e-02	0.133452	3
FAM170A	4	1.5742e-01	3.5658e-02	0.133452	3
STARD5	4	1.5751e-01	3.6026e-02	0.133885	2
ZBTB26	4	1.5753e-01	3.6026e-02	0.133885	3
OR10H2	4	1.5754e-01	3.6026e-02	0.133885	2
LDHAL6A	4	1.5763e-01	3.6026e-02	0.133885	2
EIF1B	4	1.5765e-01	3.6026e-02	0.133885	2
DMAP1	4	1.5767e-01	3.6026e-02	0.133885	2
CRX	4	1.5771e-01	3.6026e-02	0.133885	3
RBP2	4	1.5777e-01	3.6026e-02	0.133885	3
ULK4	4	1.5784e-01	3.6026e-02	0.133885	3
SLC17A7	4	1.5788e-01	3.6026e-02	0.133885	3
CDKN1C	4	1.5800e-01	3.6026e-02	0.133885	2
LMBRD1	4	1.5807e-01	3.6026e-02	0.133885	3
SRPK1	4	1.5821e-01	3.6026e-02	0.133885	2
PSAPL1	4	1.5824e-01	3.6026e-02	0.133885	3
CYP27A1	4	1.5834e-01	3.6026e-02	0.133885	3
CD44	4	1.5851e-01	3.6026e-02	0.133885	3
SH3RF1	4	1.5856e-01	3.6026e-02	0.133885	2
CASC4	4	1.5859e-01	3.6026e-02	0.133885	3
NTF4	4	1.5860e-01	3.6026e-02	0.133885	2
NT5C1B-RDH14	4	1.5867e-01	3.6026e-02	0.133885	3
GAL3ST2	4	1.5886e-01	3.6026e-02	0.133885	3
ISG20	4	1.5889e-01	3.6026e-02	0.133885	3
CA5A	4	1.5891e-01	3.6026e-02	0.133885	3
FAM26F	4	1.5893e-01	3.6026e-02	0.133885	2
FAM179A	4	1.5897e-01	3.6026e-02	0.133885	2
C3orf22	4	1.5901e-01	3.6026e-02	0.133885	2
TMC4	4	1.5906e-01	3.6026e-02	0.133885	2
NFU1	4	1.5911e-01	3.6026e-02	0.133885	2
CABP2	4	1.5912e-01	3.6026e-02	0.133885	1
SAMD9	4	1.5918e-01	3.6026e-02	0.133885	3
GBX1	4	1.5930e-01	3.6026e-02	0.133885	3
TCF12	4	1.5930e-01	3.6026e-02	0.133885	3
WWC3	4	1.5934e-01	3.6026e-02	0.133885	2
FER1L6	4	1.5939e-01	3.6026e-02	0.133885	2
GRHPR	4	1.5949e-01	3.6026e-02	0.133885	3
OR3A2	4	1.5951e-01	3.6026e-02	0.133885	3
SEMA6C	4	1.5960e-01	3.6362e-02	0.135108	2
MND1	4	1.5965e-01	3.6736e-02	0.135995	2
KRTAP19-4	4	1.5974e-01	3.6736e-02	0.135995	2
CLNK	4	1.5975e-01	3.6736e-02	0.135995	3
ONECUT3	4	1.5981e-01	3.6736e-02	0.135995	3
HDAC11	4	1.5982e-01	3.6736e-02	0.135995	3
SEMA4G	4	1.5984e-01	3.6736e-02	0.135995	3
CKLF-CMTM1	4	1.5987e-01	3.6736e-02	0.135995	2
MRI1	4	1.5989e-01	3.6736e-02	0.135995	3
MYPOP	4	1.5991e-01	3.6736e-02	0.135995	2
MACC1	4	1.5992e-01	3.6736e-02	0.135995	3
OR4D6	4	1.5995e-01	3.6736e-02	0.135995	3
MESP1	4	1.5996e-01	3.6736e-02	0.135995	1
MYO9A	4	1.6011e-01	3.6736e-02	0.135995	3
RAB33B	4	1.6022e-01	3.6736e-02	0.135995	3
FCER2	4	1.6032e-01	3.6736e-02	0.135995	3
C7	4	1.6040e-01	3.6736e-02	0.135995	3
CC2D1B	4	1.6042e-01	3.6736e-02	0.135995	3
IST1	4	1.6054e-01	3.6736e-02	0.135995	3
TCHHL1	4	1.6056e-01	3.6736e-02	0.135995	3
NUTM2G	4	1.6060e-01	3.7109e-02	0.136925	2
KIF17	4	1.6062e-01	3.7109e-02	0.136925	3
RGPD6	4	1.6069e-01	3.7109e-02	0.136925	3
ZNF813	4	1.6076e-01	3.7109e-02	0.136925	2
USP48	4	1.6081e-01	3.7109e-02	0.136925	3
CNIH1	4	1.6087e-01	3.7109e-02	0.136925	3
SELPLG	4	1.6087e-01	3.7109e-02	0.136925	2
FAM3A	4	1.6090e-01	3.7109e-02	0.136925	2
LHPP	4	1.6092e-01	3.7109e-02	0.136925	3
FAM151B	4	1.6095e-01	3.7109e-02	0.136925	2
MST1R	4	1.6102e-01	3.7109e-02	0.136925	2
MTRNR2L5	4	1.6105e-01	3.7109e-02	0.136925	3
TRIM16L	4	1.6108e-01	3.7109e-02	0.136925	3
SLC23A1	4	1.6113e-01	3.7109e-02	0.136925	3
MIEN1	4	1.6116e-01	3.7109e-02	0.136925	3
ARL4A	4	1.6118e-01	3.7109e-02	0.136925	3
HEATR5B	4	1.6120e-01	3.7109e-02	0.136925	2
SCMH1	4	1.6127e-01	3.7496e-02	0.136926	3
ZNF528	4	1.6135e-01	3.7496e-02	0.136926	3
FANCD2	4	1.6136e-01	3.7496e-02	0.136926	3
ITK	4	1.6137e-01	3.7496e-02	0.136926	3
ANXA8L1	4	1.6142e-01	3.7496e-02	0.136926	2
FUCA1	4	1.6148e-01	3.7496e-02	0.136926	2
CDR2L	4	1.6154e-01	3.7496e-02	0.136926	3
LAG3	4	1.6158e-01	3.7496e-02	0.136926	2
MBIP	4	1.6159e-01	3.7496e-02	0.136926	3
PHTF2	4	1.6162e-01	3.7496e-02	0.136926	3
SERPINA7	4	1.6165e-01	3.7496e-02	0.136926	2
SURF2	4	1.6166e-01	3.7496e-02	0.136926	3
PROCR	4	1.6173e-01	3.7496e-02	0.136926	3
PIPOX	4	1.6175e-01	3.7496e-02	0.136926	2
SLC35G2	4	1.6186e-01	3.7496e-02	0.136926	3
KIN	4	1.6194e-01	3.7496e-02	0.136926	3
GRTP1	4	1.6197e-01	3.7496e-02	0.136926	3
MAP2K2	4	1.6201e-01	3.7496e-02	0.136926	3
SYNPR	4	1.6201e-01	3.7496e-02	0.136926	3
COL4A2	4	1.6214e-01	3.7496e-02	0.136926	3
CCL17	4	1.6218e-01	3.7496e-02	0.136926	3
ZNF160	4	1.6221e-01	3.7496e-02	0.136926	3
TMEM106A	4	1.6229e-01	3.7496e-02	0.136926	2
ZNF557	4	1.6239e-01	3.7496e-02	0.136926	3
DUSP8	4	1.6246e-01	3.7496e-02	0.136926	3
SLC4A8	4	1.6251e-01	3.7496e-02	0.136926	3
DNAJC19	4	1.6253e-01	3.7496e-02	0.136926	3
LACTB2	4	1.6254e-01	3.7496e-02	0.136926	3
PADI6	4	1.6256e-01	3.7496e-02	0.136926	3
PARVA	4	1.6258e-01	3.7496e-02	0.136926	3
YY1AP1	4	1.6266e-01	3.7496e-02	0.136926	2
C6orf99	4	1.6270e-01	3.7496e-02	0.136926	2
FHOD3	4	1.6271e-01	3.7496e-02	0.136926	2
ZMYM1	4	1.6273e-01	3.7496e-02	0.136926	3
REL	4	1.6280e-01	3.7496e-02	0.136926	3
SNX17	4	1.6282e-01	3.7496e-02	0.136926	3
HCLS1	4	1.6283e-01	3.7496e-02	0.136926	2
RHOXF1	4	1.6287e-01	3.7496e-02	0.136926	2
C2orf66	4	1.6290e-01	3.7496e-02	0.136926	2
MS4A7	4	1.6290e-01	3.7496e-02	0.136926	3
STBD1	4	1.6291e-01	3.7496e-02	0.136926	3
SENP2	4	1.6292e-01	3.7496e-02	0.136926	3
MUC12	4	1.6294e-01	3.7496e-02	0.136926	3
TUBB2A	4	1.6301e-01	3.7496e-02	0.136926	2
C10orf12	4	1.6303e-01	3.7496e-02	0.136926	3
ACPP	4	1.6309e-01	3.7496e-02	0.136926	3
DAB2	4	1.6312e-01	3.7496e-02	0.136926	3
SUPT20HL2	4	1.6314e-01	3.7496e-02	0.136926	2
CCNB1IP1	4	1.6314e-01	3.7496e-02	0.136926	3
USP54	4	1.6316e-01	3.7496e-02	0.136926	3
RAB5C	4	1.6327e-01	3.7496e-02	0.136926	2
FAM212B	4	1.6332e-01	3.7496e-02	0.136926	3
IFRD2	4	1.6334e-01	3.7496e-02	0.136926	3
AGPAT4	4	1.6336e-01	3.7496e-02	0.136926	3
C15orf38-AP3S2	4	1.6346e-01	3.7876e-02	0.138284	3
KRTAP4-8	4	1.6350e-01	3.8252e-02	0.139366	2
IPO11	4	1.6352e-01	3.8252e-02	0.139366	3
SNX10	4	1.6353e-01	3.8252e-02	0.139366	3
COL6A5	4	1.6354e-01	3.8252e-02	0.139366	2
FLCN	4	1.6356e-01	3.8252e-02	0.139366	3
FAR2	4	1.6356e-01	3.8252e-02	0.139366	3
LMTK3	4	1.6358e-01	3.8252e-02	0.139366	2
ACCSL	4	1.6366e-01	3.8252e-02	0.139366	3
MET	4	1.6370e-01	3.8252e-02	0.139366	2
CTNND1	4	1.6370e-01	3.8252e-02	0.139366	3
OR10Q1	4	1.6371e-01	3.8252e-02	0.139366	3
ADAM8	4	1.6376e-01	3.8598e-02	0.140279	3
TRIM6	4	1.6377e-01	3.8598e-02	0.140279	3
C5orf63	4	1.6380e-01	3.8598e-02	0.140279	2
C18orf63	4	1.6382e-01	3.8598e-02	0.140279	2
TAF6L	4	1.6390e-01	3.8598e-02	0.140279	3
MED10	4	1.6391e-01	3.8598e-02	0.140279	3
KCNE2	4	1.6394e-01	3.8598e-02	0.140279	3
MBD3L2	4	1.6395e-01	3.8598e-02	0.140279	3
AQP9	4	1.6399e-01	3.8598e-02	0.140279	3
WDFY2	4	1.6403e-01	3.8598e-02	0.140279	3
PECAM1	4	1.6408e-01	3.8598e-02	0.140279	3
MAATS1	4	1.6412e-01	3.8598e-02	0.140279	3
C5orf15	4	1.6417e-01	3.8598e-02	0.140279	3
UBOX5	4	1.6422e-01	3.8986e-02	0.141128	2
ZNF211	4	1.6425e-01	3.8986e-02	0.141128	2
FTO	4	1.6430e-01	3.8986e-02	0.141128	3
HOXD13	4	1.6430e-01	3.8986e-02	0.141128	2
CSNK1D	4	1.6432e-01	3.8986e-02	0.141128	3
CFHR3	4	1.6437e-01	3.8986e-02	0.141128	2
KRT26	4	1.6439e-01	3.8986e-02	0.141128	3
C4BPB	4	1.6444e-01	3.8986e-02	0.141128	3
SHOX2	4	1.6450e-01	3.8986e-02	0.141128	2
PLA2G2A	4	1.6458e-01	3.8986e-02	0.141128	3
SEC23IP	4	1.6461e-01	3.8986e-02	0.141128	3
GDA	4	1.6471e-01	3.8986e-02	0.141128	3
PAQR9	4	1.6495e-01	3.8987e-02	0.141128	3
RAB10	4	1.6501e-01	3.8987e-02	0.141128	2
MYLK	4	1.6502e-01	3.8987e-02	0.141128	3
LOC100133267	4	1.6509e-01	3.8987e-02	0.141128	3
SAMD8	4	1.6511e-01	3.8987e-02	0.141128	2
SPAG16	4	1.6518e-01	3.8987e-02	0.141128	2
FAM127C	4	1.6532e-01	3.8987e-02	0.141128	3
GTPBP10	4	1.6536e-01	3.8987e-02	0.141128	3
WNT10B	4	1.6537e-01	3.8987e-02	0.141128	3
ZNF133	4	1.6550e-01	3.9349e-02	0.141557	3
CITED4	4	1.6551e-01	3.9349e-02	0.141557	3
CHRFAM7A	4	1.6554e-01	3.9349e-02	0.141557	3
TAS2R1	4	1.6565e-01	3.9349e-02	0.141557	3
CASP5	4	1.6571e-01	3.9349e-02	0.141557	3
IFT80	4	1.6578e-01	3.9349e-02	0.141557	3
IREB2	4	1.6582e-01	3.9349e-02	0.141557	3
E2F2	4	1.6586e-01	3.9349e-02	0.141557	2
PIGU	4	1.6595e-01	3.9349e-02	0.141557	2
NKD2	4	1.6605e-01	3.9349e-02	0.141557	3
TNFSF12-TNFSF13	4	1.6610e-01	3.9349e-02	0.141557	3
SRP72	4	1.6613e-01	3.9349e-02	0.141557	2
TPM2	4	1.6618e-01	3.9349e-02	0.141557	3
DSCR4	4	1.6625e-01	3.9350e-02	0.141557	3
DDX50	4	1.6626e-01	3.9350e-02	0.141557	2
GHR	4	1.6627e-01	3.9350e-02	0.141557	3
PROSER1	4	1.6627e-01	3.9350e-02	0.141557	2
ZDHHC18	4	1.6630e-01	3.9350e-02	0.141557	3
GUCA1C	4	1.6631e-01	3.9350e-02	0.141557	2
TMEM42	4	1.6641e-01	3.9350e-02	0.141557	3
ARFGEF3	4	1.6643e-01	3.9350e-02	0.141557	3
CC2D1A	4	1.6644e-01	3.9350e-02	0.141557	3
XRCC1	4	1.6648e-01	3.9350e-02	0.141557	3
DYRK2	4	1.6663e-01	3.9350e-02	0.141557	2
CTSW	4	1.6670e-01	3.9350e-02	0.141557	2
EBI3	4	1.6674e-01	3.9350e-02	0.141557	2
PPIF	4	1.6678e-01	3.9350e-02	0.141557	3
GYPA	4	1.6681e-01	3.9350e-02	0.141557	3
ENC1	4	1.6684e-01	3.9350e-02	0.141557	3
CT47A8	4	1.6685e-01	3.9350e-02	0.141557	2
GRM2	4	1.6693e-01	3.9350e-02	0.141557	3
SEC14L4	4	1.6695e-01	3.9350e-02	0.141557	2
FAM173A	4	1.6697e-01	3.9350e-02	0.141557	3
FITM1	3	1.6701e-01	3.2690e-02	0.126275	2
GPIHBP1	4	1.6706e-01	3.9734e-02	0.142352	3
SGCD	4	1.6712e-01	3.9734e-02	0.142352	2
C1QBP	4	1.6713e-01	3.9734e-02	0.142352	3
SLC25A53	4	1.6716e-01	3.9734e-02	0.142352	3
TECRL	4	1.6717e-01	3.9734e-02	0.142352	3
KLK11	4	1.6719e-01	3.9734e-02	0.142352	3
TRAF1	4	1.6725e-01	3.9734e-02	0.142352	2
ZNF580	4	1.6727e-01	3.9734e-02	0.142352	3
CEP44	4	1.6729e-01	3.9734e-02	0.142352	2
SPANXN2	4	1.6733e-01	3.9734e-02	0.142352	3
AIMP2	4	1.6735e-01	3.9734e-02	0.142352	3
METTL6	4	1.6740e-01	3.9734e-02	0.142352	2
PTGER1	4	1.6742e-01	3.9734e-02	0.142352	3
CYP1B1	4	1.6743e-01	3.9734e-02	0.142352	3
KLHL22	4	1.6745e-01	3.9734e-02	0.142352	3
CAPN11	4	1.6756e-01	3.9735e-02	0.142352	3
DPPA4	4	1.6757e-01	3.9735e-02	0.142352	3
CDC25A	4	1.6762e-01	3.9735e-02	0.142352	1
C7orf65	4	1.6763e-01	3.9735e-02	0.142352	2
SLURP1	4	1.6771e-01	3.9735e-02	0.142352	3
C2orf15	4	1.6777e-01	3.9735e-02	0.142352	3
ATF7IP2	4	1.6802e-01	4.0113e-02	0.143575	1
CCDC27	4	1.6815e-01	4.0113e-02	0.143575	3
SNRNP48	4	1.6816e-01	4.0113e-02	0.143575	1
RTN1	4	1.6823e-01	4.0113e-02	0.143575	3
STAT5B	4	1.6824e-01	4.0113e-02	0.143575	3
CDO1	4	1.6829e-01	4.0481e-02	0.144837	3
DRAM1	4	1.6832e-01	4.0481e-02	0.144837	3
CCNK	4	1.6840e-01	4.0860e-02	0.145866	3
LTC4S	4	1.6841e-01	4.0860e-02	0.145866	2
KRT33A	4	1.6843e-01	4.0860e-02	0.145866	3
HSD11B2	4	1.6851e-01	4.0860e-02	0.145866	3
BCAS2	4	1.6857e-01	4.0860e-02	0.145866	2
NUDT18	4	1.6861e-01	4.0860e-02	0.145866	2
OR2M3	4	1.6866e-01	4.0860e-02	0.145866	1
NBEAL1	4	1.6871e-01	4.0860e-02	0.145866	3
PROKR1	4	1.6874e-01	4.0860e-02	0.145866	2
VWA3B	4	1.6876e-01	4.0860e-02	0.145866	3
SPACA1	4	1.6880e-01	4.0860e-02	0.145866	2
NDUFA9	4	1.6885e-01	4.0860e-02	0.145866	3
POLK	4	1.6903e-01	4.1246e-02	0.147053	3
RAP1B	4	1.6906e-01	4.1246e-02	0.147053	3
RSPH3	4	1.6909e-01	4.1246e-02	0.147053	3
RAPH1	4	1.6926e-01	4.1247e-02	0.147053	3
PGM1	4	1.6931e-01	4.1247e-02	0.147053	3
SLC44A3	4	1.6936e-01	4.1247e-02	0.147053	3
ARRDC2	4	1.6941e-01	4.1247e-02	0.147053	2
PHF8	4	1.6951e-01	4.1617e-02	0.148127	3
MX1	4	1.6965e-01	4.1617e-02	0.148127	3
OR2AP1	4	1.6967e-01	4.1617e-02	0.148127	3
ZCCHC11	4	1.6973e-01	4.1618e-02	0.148127	3
PASK	4	1.6986e-01	4.1618e-02	0.148127	3
IMPA1	4	1.6992e-01	4.1618e-02	0.148127	3
UST	4	1.6995e-01	4.1618e-02	0.148127	3
LRBA	4	1.6996e-01	4.1618e-02	0.148127	3
DYNC1I1	4	1.7009e-01	4.2011e-02	0.148975	3
AXDND1	4	1.7010e-01	4.2011e-02	0.148975	2
GRIPAP1	4	1.7011e-01	4.2011e-02	0.148975	3
POU4F3	4	1.7012e-01	4.2011e-02	0.148975	2
SPAG17	4	1.7017e-01	4.2011e-02	0.148975	3
ZBTB6	4	1.7046e-01	4.2011e-02	0.148975	3
SLC35G1	4	1.7047e-01	4.2011e-02	0.148975	3
KIRREL2	4	1.7048e-01	4.2011e-02	0.148975	3
ADAR	4	1.7053e-01	4.2011e-02	0.148975	2
AQP6	4	1.7057e-01	4.2011e-02	0.148975	3
KSR2	4	1.7057e-01	4.2011e-02	0.148975	2
GSTA3	4	1.7059e-01	4.2011e-02	0.148975	2
HNRNPA1	4	1.7066e-01	4.2011e-02	0.148975	1
PTPRN2	4	1.7067e-01	4.2011e-02	0.148975	2
RPL28	4	1.7070e-01	4.2012e-02	0.148975	3
NIPAL1	4	1.7073e-01	4.2012e-02	0.148975	2
TP63	4	1.7078e-01	4.2012e-02	0.148975	3
ANKZF1	4	1.7110e-01	4.2012e-02	0.148975	3
TMEM256	4	1.7110e-01	4.2012e-02	0.148975	2
RIMKLB	4	1.7127e-01	4.2012e-02	0.148975	2
CHCHD1	4	1.7134e-01	4.2385e-02	0.150023	3
CUX1	4	1.7150e-01	4.2385e-02	0.150023	2
GCNT4	4	1.7153e-01	4.2385e-02	0.150023	3
BCL9	3	1.7154e-01	3.4880e-02	0.131387	2
EVI5	4	1.7155e-01	4.2385e-02	0.150023	3
CDADC1	4	1.7158e-01	4.2385e-02	0.150023	3
PCDHA12	4	1.7171e-01	4.2385e-02	0.150023	3
SETD9	4	1.7179e-01	4.2385e-02	0.150023	2
BTG3	4	1.7180e-01	4.2385e-02	0.150023	3
SCYL2	4	1.7184e-01	4.2385e-02	0.150023	2
BEST3	4	1.7226e-01	4.2386e-02	0.150023	2
SLC6A1	4	1.7241e-01	4.2764e-02	0.151279	3
USMG5	4	1.7250e-01	4.2764e-02	0.151279	3
COX15	4	1.7266e-01	4.2765e-02	0.151279	3
MAGEB17	4	1.7277e-01	4.3180e-02	0.151991	3
ANKIB1	4	1.7286e-01	4.3180e-02	0.151991	3
WDR6	4	1.7292e-01	4.3180e-02	0.151991	3
CR1L	4	1.7294e-01	4.3180e-02	0.151991	3
TMEM237	4	1.7297e-01	4.3180e-02	0.151991	3
EN2	4	1.7300e-01	4.3180e-02	0.151991	2
SPATC1L	4	1.7300e-01	4.3180e-02	0.151991	2
SERINC3	4	1.7306e-01	4.3180e-02	0.151991	3
KRT39	4	1.7308e-01	4.3180e-02	0.151991	3
POU5F1B	4	1.7317e-01	4.3180e-02	0.151991	3
RWDD2A	4	1.7325e-01	4.3180e-02	0.151991	3
AKIP1	4	1.7328e-01	4.3180e-02	0.151991	2
NDEL1	4	1.7334e-01	4.3181e-02	0.151991	2
A4GNT	4	1.7336e-01	4.3181e-02	0.151991	3
C19orf45	4	1.7340e-01	4.3181e-02	0.151991	3
B3GNT4	4	1.7349e-01	4.3181e-02	0.151991	3
HIST1H4H	4	1.7354e-01	4.3181e-02	0.151991	2
C19orf44	4	1.7354e-01	4.3181e-02	0.151991	1
SEC23B	4	1.7357e-01	4.3181e-02	0.151991	3
FGF16	4	1.7358e-01	4.3181e-02	0.151991	3
LRRC59	4	1.7360e-01	4.3181e-02	0.151991	3
ZNF91	4	1.7360e-01	4.3181e-02	0.151991	1
TMSB15B	4	1.7361e-01	4.3181e-02	0.151991	2
NRIP2	4	1.7365e-01	4.3181e-02	0.151991	1
LYPD6	4	1.7374e-01	4.3181e-02	0.151991	2
ARL16	4	1.7379e-01	4.3181e-02	0.151991	3
SLC40A1	4	1.7382e-01	4.3181e-02	0.151991	3
MYOG	4	1.7401e-01	4.3981e-02	0.154242	3
RGAG4	4	1.7405e-01	4.3981e-02	0.154242	3
GRIP2	4	1.7415e-01	4.3981e-02	0.154242	3
PTPRT	4	1.7417e-01	4.3981e-02	0.154242	3
TRDN	4	1.7423e-01	4.3981e-02	0.154242	3
GTPBP8	4	1.7424e-01	4.3981e-02	0.154242	2
TMC6	4	1.7426e-01	4.3981e-02	0.154242	3
POU5F1	4	1.7427e-01	4.3981e-02	0.154242	3
HOMER1	4	1.7434e-01	4.3982e-02	0.154242	3
S100A9	4	1.7435e-01	4.3982e-02	0.154242	2
MRPL21	4	1.7435e-01	4.3982e-02	0.154242	1
CPXCR1	4	1.7439e-01	4.3982e-02	0.154242	3
FKBP4	4	1.7440e-01	4.3982e-02	0.154242	3
LOC100505549	4	1.7441e-01	4.3982e-02	0.154242	1
LY6G5B	4	1.7451e-01	4.3982e-02	0.154242	3
TMEM30A	4	1.7455e-01	4.3982e-02	0.154242	3
GAPVD1	4	1.7457e-01	4.3982e-02	0.154242	2
TCF19	4	1.7462e-01	4.3982e-02	0.154242	2
MRPS11	4	1.7462e-01	4.3982e-02	0.154242	3
RMDN3	4	1.7468e-01	4.3982e-02	0.154242	3
USP17L19	4	1.7473e-01	4.4361e-02	0.155515	3
GRIN3B	4	1.7476e-01	4.4361e-02	0.155515	3
MAN2C1	4	1.7483e-01	4.5142e-02	0.158112	3
DLGAP4	4	1.7487e-01	4.5142e-02	0.158112	2
NRIP3	4	1.7487e-01	4.5142e-02	0.158112	3
CRLF3	4	1.7499e-01	4.5143e-02	0.158112	2
HIST2H4B	4	1.7500e-01	4.5143e-02	0.158112	2
LTBP3	4	1.7508e-01	4.5522e-02	0.158858	3
SLC4A7	4	1.7509e-01	4.5522e-02	0.158858	2
PTPN18	4	1.7511e-01	4.5522e-02	0.158858	2
RBM14	4	1.7514e-01	4.5522e-02	0.158858	2
ONECUT2	4	1.7529e-01	4.5522e-02	0.158858	3
MEI1	4	1.7529e-01	4.5522e-02	0.158858	2
TOMM20L	4	1.7532e-01	4.5522e-02	0.158858	3
REG1B	4	1.7535e-01	4.5522e-02	0.158858	3
PPFIA2	4	1.7539e-01	4.5522e-02	0.158858	3
LRFN5	4	1.7541e-01	4.5522e-02	0.158858	3
AAR2	4	1.7551e-01	4.5522e-02	0.158858	3
FLOT2	4	1.7558e-01	4.5522e-02	0.158858	2
PSTPIP1	4	1.7560e-01	4.5522e-02	0.158858	2
C6orf222	4	1.7585e-01	4.5522e-02	0.158858	3
HELT	4	1.7589e-01	4.5522e-02	0.158858	3
SLC22A5	4	1.7591e-01	4.5522e-02	0.158858	2
SLC27A3	4	1.7593e-01	4.5522e-02	0.158858	2
C14orf39	4	1.7595e-01	4.5522e-02	0.158858	3
ZGRF1	4	1.7611e-01	4.5522e-02	0.158858	2
MAP9	4	1.7616e-01	4.5522e-02	0.158858	2
CDHR5	4	1.7636e-01	4.5943e-02	0.160242	3
SLC10A1	4	1.7639e-01	4.5944e-02	0.160242	2
HOXD3	4	1.7651e-01	4.6368e-02	0.160928	2
OTUB1	4	1.7652e-01	4.6368e-02	0.160928	1
MEI4	4	1.7653e-01	4.6368e-02	0.160928	2
ZSWIM8	4	1.7653e-01	4.6368e-02	0.160928	3
SERTAD4	4	1.7656e-01	4.6368e-02	0.160928	2
LHX8	4	1.7661e-01	4.6368e-02	0.160928	3
SLC5A4	4	1.7670e-01	4.6368e-02	0.160928	2
CIB3	4	1.7674e-01	4.6368e-02	0.160928	2
THY1	4	1.7676e-01	4.6368e-02	0.160928	2
POMC	4	1.7676e-01	4.6368e-02	0.160928	3
ASXL2	4	1.7683e-01	4.6368e-02	0.160928	3
BCL2	4	1.7688e-01	4.6368e-02	0.160928	1
DMTF1	4	1.7688e-01	4.6368e-02	0.160928	3
AMY1C	4	1.7691e-01	4.6368e-02	0.160928	3
NSMCE2	4	1.7693e-01	4.6368e-02	0.160928	3
EML5	4	1.7694e-01	4.6368e-02	0.160928	3
ME1	4	1.7696e-01	4.6368e-02	0.160928	3
TBC1D3F	4	1.7701e-01	4.6368e-02	0.160928	3
OR1I1	4	1.7717e-01	4.6368e-02	0.160928	3
GIMAP1	4	1.7723e-01	4.6368e-02	0.160928	2
TIMM17B	4	1.7732e-01	4.6368e-02	0.160928	2
SLC13A4	4	1.7735e-01	4.6368e-02	0.160928	3
FAM3B	4	1.7739e-01	4.6368e-02	0.160928	3
HIST2H2AB	4	1.7745e-01	4.6368e-02	0.160928	2
CABIN1	4	1.7750e-01	4.6368e-02	0.160928	2
ZNF816	4	1.7752e-01	4.6368e-02	0.160928	3
GATA5	4	1.7754e-01	4.6368e-02	0.160928	3
ACBD3	4	1.7768e-01	4.6800e-02	0.161169	3
NLRP13	4	1.7769e-01	4.6800e-02	0.161169	2
PILRB	4	1.7770e-01	4.6800e-02	0.161169	3
TMEM202	4	1.7773e-01	4.6800e-02	0.161169	3
ZNF662	4	1.7775e-01	4.6800e-02	0.161169	3
GABRG3	4	1.7778e-01	4.6800e-02	0.161169	3
IL36B	4	1.7791e-01	4.6800e-02	0.161169	3
ZKSCAN7	4	1.7799e-01	4.6800e-02	0.161169	2
RPE	4	1.7813e-01	4.6800e-02	0.161169	2
ZDHHC20	4	1.7819e-01	4.6800e-02	0.161169	3
FRMD6	4	1.7820e-01	4.6800e-02	0.161169	3
SFTPD	4	1.7823e-01	4.6800e-02	0.161169	3
ANKRD24	4	1.7826e-01	4.6800e-02	0.161169	3
INMT	4	1.7831e-01	4.6800e-02	0.161169	3
TRAPPC6A	4	1.7834e-01	4.6800e-02	0.161169	3
KIAA1958	4	1.7838e-01	4.6800e-02	0.161169	3
AZIN2	4	1.7850e-01	4.6800e-02	0.161169	2
SPATA33	4	1.7852e-01	4.6800e-02	0.161169	3
PLSCR3	4	1.7853e-01	4.6800e-02	0.161169	2
LRRC17	4	1.7878e-01	4.6800e-02	0.161169	2
OR10J1	4	1.7878e-01	4.6800e-02	0.161169	3
BIK	4	1.7884e-01	4.6800e-02	0.161169	2
ZNF232	4	1.7886e-01	4.6800e-02	0.161169	3
UBE2M	3	1.7886e-01	3.9616e-02	0.142352	2
NLGN4X	4	1.7893e-01	4.6800e-02	0.161169	3
MLLT4	4	1.7895e-01	4.6800e-02	0.161169	3
GPATCH1	4	1.7905e-01	4.6800e-02	0.161169	2
TCEAL1	4	1.7907e-01	4.6800e-02	0.161169	3
TEF	4	1.7908e-01	4.6800e-02	0.161169	3
C5orf51	4	1.7912e-01	4.6800e-02	0.161169	3
PAK2	4	1.7912e-01	4.6800e-02	0.161169	3
WBSCR28	4	1.7915e-01	4.6800e-02	0.161169	3
VSIG8	4	1.7922e-01	4.6800e-02	0.161169	2
PRTG	4	1.7923e-01	4.6800e-02	0.161169	3
NOBOX	4	1.7926e-01	4.6800e-02	0.161169	2
FAF1	4	1.7938e-01	4.6800e-02	0.161169	3
C11orf91	4	1.7951e-01	4.6800e-02	0.161169	2
AHRR	4	1.7955e-01	4.6800e-02	0.161169	2
BMPR1A	4	1.7957e-01	4.6800e-02	0.161169	3
TUBB8	4	1.7966e-01	4.6800e-02	0.161169	3
UBASH3B	4	1.7969e-01	4.6800e-02	0.161169	2
GPI	4	1.7981e-01	4.6800e-02	0.161169	3
TFAP2A	4	1.7984e-01	4.6800e-02	0.161169	2
SLC6A12	4	1.7993e-01	4.6800e-02	0.161169	2
REEP5	4	1.7999e-01	4.7210e-02	0.162494	2
FAM83D	4	1.8010e-01	4.7210e-02	0.162494	3
FAM162A	4	1.8011e-01	4.7210e-02	0.162494	3
CSMD2	4	1.8016e-01	4.7618e-02	0.163811	3
ARGFX	4	1.8018e-01	4.7619e-02	0.163811	2
NINJ1	4	1.8018e-01	4.7619e-02	0.163811	1
PDS5A	4	1.8026e-01	4.8042e-02	0.165120	3
MSANTD1	4	1.8034e-01	4.8042e-02	0.165120	3
TBR1	4	1.8044e-01	4.8042e-02	0.165120	3
MMP23B	4	1.8047e-01	4.8042e-02	0.165120	3
DCAF7	4	1.8049e-01	4.8042e-02	0.165120	2
ZNF317	4	1.8058e-01	4.8900e-02	0.167437	3
KCTD16	4	1.8059e-01	4.8900e-02	0.167437	1
MYH8	4	1.8062e-01	4.8900e-02	0.167437	2
MTAP	4	1.8064e-01	4.8900e-02	0.167437	3
DUSP11	4	1.8065e-01	4.8900e-02	0.167437	3
TMEM163	4	1.8065e-01	4.8900e-02	0.167437	3
ST20-MTHFS	4	1.8072e-01	4.8900e-02	0.167437	2
ADM2	4	1.8073e-01	4.8900e-02	0.167437	3
CAMK2A	4	1.8075e-01	4.8900e-02	0.167437	2
KRTAP20-3	4	1.8093e-01	4.8900e-02	0.167437	3
ENOSF1	4	1.8104e-01	4.8901e-02	0.167437	3
FUBP1	4	1.8106e-01	4.8901e-02	0.167437	3
COL7A1	4	1.8110e-01	4.8901e-02	0.167437	3
BBX	4	1.8112e-01	4.8901e-02	0.167437	3
PENK	4	1.8116e-01	4.8901e-02	0.167437	2
KIAA1468	4	1.8130e-01	4.8901e-02	0.167437	3
FBXW10	4	1.8134e-01	4.8901e-02	0.167437	2
DCAF12	4	1.8140e-01	4.8901e-02	0.167437	3
KCNC4	4	1.8154e-01	4.9329e-02	0.167437	2
BTRC	4	1.8158e-01	4.9329e-02	0.167437	3
HRASLS	4	1.8158e-01	4.9329e-02	0.167437	2
FXR1	4	1.8161e-01	4.9329e-02	0.167437	3
F2RL3	4	1.8166e-01	4.9329e-02	0.167437	2
MUS81	4	1.8166e-01	4.9329e-02	0.167437	3
CENPT	4	1.8169e-01	4.9329e-02	0.167437	2
TROAP	4	1.8173e-01	4.9329e-02	0.167437	3
CBWD2	4	1.8174e-01	4.9329e-02	0.167437	2
IKZF2	4	1.8177e-01	4.9329e-02	0.167437	2
GJD3	4	1.8182e-01	4.9329e-02	0.167437	2
DEFB106B	2	1.8184e-01	5.9583e-02	0.174537	1
UQCRFS1	4	1.8199e-01	4.9329e-02	0.167437	3
LRRC75B	4	1.8203e-01	4.9329e-02	0.167437	3
GYG1	4	1.8210e-01	4.9329e-02	0.167437	3
STOML1	4	1.8214e-01	4.9329e-02	0.167437	3
FAM210A	4	1.8220e-01	4.9329e-02	0.167437	3
PCDH11X	4	1.8223e-01	4.9329e-02	0.167437	3
MAFK	4	1.8223e-01	4.9329e-02	0.167437	3
REPIN1	4	1.8236e-01	4.9329e-02	0.167437	3
BAG5	4	1.8236e-01	4.9329e-02	0.167437	3
SERPINA12	4	1.8238e-01	4.9329e-02	0.167437	2
FAM231A	4	1.8250e-01	4.9329e-02	0.167437	2
STRIP1	4	1.8253e-01	4.9329e-02	0.167437	3
GPR176	4	1.8256e-01	4.9329e-02	0.167437	3
NWD2	4	1.8257e-01	4.9329e-02	0.167437	3
ANKRD20A2	4	1.8259e-01	4.9329e-02	0.167437	2
HELLS	4	1.8260e-01	4.9329e-02	0.167437	3
TPMT	4	1.8266e-01	4.9330e-02	0.167437	3
PMAIP1	4	1.8268e-01	4.9330e-02	0.167437	1
LOC100129083	4	1.8270e-01	4.9330e-02	0.167437	2
PCBP4	4	1.8277e-01	4.9330e-02	0.167437	3
SRRM1	4	1.8281e-01	4.9330e-02	0.167437	3
ENTPD1	4	1.8289e-01	4.9330e-02	0.167437	3
NFKBIE	4	1.8295e-01	4.9330e-02	0.167437	3
SLC7A11	4	1.8302e-01	4.9330e-02	0.167437	2
AMACR	4	1.8305e-01	4.9330e-02	0.167437	3
SCLY	4	1.8310e-01	4.9330e-02	0.167437	2
GCLM	4	1.8321e-01	4.9330e-02	0.167437	3
SLC37A1	4	1.8324e-01	4.9330e-02	0.167437	2
CDH5	4	1.8327e-01	4.9330e-02	0.167437	3
PRRG4	4	1.8339e-01	4.9330e-02	0.167437	2
C20orf78	4	1.8340e-01	4.9330e-02	0.167437	3
ETV4	4	1.8346e-01	4.9330e-02	0.167437	2
CELA3A	4	1.8348e-01	4.9330e-02	0.167437	2
NXPE2	4	1.8350e-01	4.9330e-02	0.167437	2
RSPH14	4	1.8355e-01	4.9330e-02	0.167437	3
AIM2	4	1.8367e-01	4.9330e-02	0.167437	3
DNM3	4	1.8370e-01	4.9330e-02	0.167437	2
LOC100130370	4	1.8372e-01	4.9330e-02	0.167437	3
FAM131A	4	1.8374e-01	4.9330e-02	0.167437	3
ACY1	4	1.8375e-01	4.9330e-02	0.167437	3
IPP	3	1.8382e-01	4.1461e-02	0.147790	2
KCNAB1	4	1.8384e-01	4.9729e-02	0.168167	2
BTNL3	4	1.8390e-01	4.9729e-02	0.168167	2
GJB4	4	1.8390e-01	4.9729e-02	0.168167	2
VSTM2A	4	1.8392e-01	4.9729e-02	0.168167	2
UGT2B10	4	1.8405e-01	4.9729e-02	0.168167	3
SPATC1	4	1.8406e-01	4.9729e-02	0.168167	2
TRPT1	4	1.8413e-01	4.9729e-02	0.168167	3
INO80D	4	1.8416e-01	4.9729e-02	0.168167	3
GGT7	4	1.8417e-01	4.9729e-02	0.168167	3
PIK3CG	4	1.8422e-01	4.9729e-02	0.168167	2
SLC35G4	4	1.8423e-01	4.9729e-02	0.168167	3
ORMDL1	4	1.8428e-01	4.9730e-02	0.168167	1
DYX1C1	4	1.8434e-01	4.9730e-02	0.168167	2
ZNF420	4	1.8434e-01	4.9730e-02	0.168167	3
CXorf66	4	1.8442e-01	4.9730e-02	0.168167	2
SLC2A12	4	1.8443e-01	4.9730e-02	0.168167	3
ASB2	4	1.8450e-01	4.9730e-02	0.168167	1
CCDC103	4	1.8461e-01	4.9730e-02	0.168167	3
C7orf55-LUC7L2	4	1.8461e-01	4.9730e-02	0.168167	2
GTF2H5	4	1.8466e-01	4.9730e-02	0.168167	2
CCDC179	4	1.8467e-01	4.9730e-02	0.168167	3
CETP	4	1.8478e-01	5.0178e-02	0.169476	3
DNAJC30	4	1.8482e-01	5.0178e-02	0.169476	3
RPS27L	4	1.8487e-01	5.0178e-02	0.169476	2
EAF2	4	1.8495e-01	5.0179e-02	0.169476	3
DEFB136	4	1.8495e-01	5.0179e-02	0.169476	3
RASSF1	4	1.8500e-01	5.0179e-02	0.169476	2
ABLIM2	4	1.8507e-01	5.0602e-02	0.170728	3
LCA5	4	1.8514e-01	5.0602e-02	0.170728	3
NEDD4	4	1.8521e-01	5.0603e-02	0.170728	3
UNC5B	4	1.8522e-01	5.0603e-02	0.170728	2
ITIH1	4	1.8528e-01	5.0603e-02	0.170728	3
INSL6	4	1.8530e-01	5.0603e-02	0.170728	1
C1orf122	4	1.8538e-01	5.1018e-02	0.171435	3
ADGRB3	4	1.8543e-01	5.1018e-02	0.171435	3
AP4M1	4	1.8564e-01	5.1018e-02	0.171435	2
EME2	4	1.8581e-01	5.1018e-02	0.171435	3
RBBP8NL	4	1.8586e-01	5.1018e-02	0.171435	1
SMIM12	4	1.8586e-01	5.1018e-02	0.171435	2
LMBR1	4	1.8592e-01	5.1019e-02	0.171435	2
ANKRD34C	4	1.8595e-01	5.1019e-02	0.171435	3
PPARA	4	1.8600e-01	5.1019e-02	0.171435	2
UPRT	4	1.8612e-01	5.1019e-02	0.171435	3
TIAM2	4	1.8615e-01	5.1019e-02	0.171435	3
SPRED1	4	1.8618e-01	5.1019e-02	0.171435	2
KRT6B	4	1.8621e-01	5.1019e-02	0.171435	2
BABAM1	4	1.8624e-01	5.1019e-02	0.171435	2
SLC4A9	4	1.8625e-01	5.1019e-02	0.171435	3
RBFOX3	4	1.8628e-01	5.1019e-02	0.171435	2
TNNI1	4	1.8628e-01	5.1019e-02	0.171435	2
ITGA10	4	1.8628e-01	5.1019e-02	0.171435	3
KDELR2	4	1.8633e-01	5.1019e-02	0.171435	3
LIN28B	4	1.8636e-01	5.1019e-02	0.171435	3
KRT34	4	1.8637e-01	5.1019e-02	0.171435	2
LZTS2	4	1.8640e-01	5.1019e-02	0.171435	3
C17orf58	4	1.8646e-01	5.1019e-02	0.171435	2
FAM149B1	4	1.8650e-01	5.1471e-02	0.172297	3
ERVFRD-1	4	1.8650e-01	5.1471e-02	0.172297	2
MBD3	4	1.8650e-01	5.1471e-02	0.172297	2
STK32C	4	1.8652e-01	5.1471e-02	0.172297	2
LOC645382	4	1.8659e-01	5.1472e-02	0.172297	3
SLFN12	4	1.8666e-01	5.1472e-02	0.172297	3
MTRNR2L1	2	1.8673e-01	6.1565e-02	0.177423	1
DAND5	4	1.8675e-01	5.1924e-02	0.172297	3
DDB2	4	1.8682e-01	5.1924e-02	0.172297	3
ACAP2	4	1.8685e-01	5.1924e-02	0.172297	3
SHROOM1	4	1.8694e-01	5.1924e-02	0.172297	3
KCNAB3	4	1.8698e-01	5.1924e-02	0.172297	3
ZMIZ2	4	1.8706e-01	5.1924e-02	0.172297	3
PIGW	4	1.8712e-01	5.1924e-02	0.172297	3
DENND5A	4	1.8717e-01	5.1924e-02	0.172297	3
UGT2B11	4	1.8718e-01	5.1924e-02	0.172297	2
TIMM22	4	1.8721e-01	5.1924e-02	0.172297	3
IFT27	4	1.8723e-01	5.1924e-02	0.172297	3
LRRIQ3	4	1.8726e-01	5.1924e-02	0.172297	3
ZMYM5	4	1.8728e-01	5.1924e-02	0.172297	3
C3orf20	4	1.8730e-01	5.1924e-02	0.172297	3
CRELD1	4	1.8735e-01	5.1924e-02	0.172297	3
TTC9	4	1.8736e-01	5.1924e-02	0.172297	3
NINL	4	1.8743e-01	5.1924e-02	0.172297	3
SPATA6	4	1.8746e-01	5.1924e-02	0.172297	2
OPRL1	4	1.8756e-01	5.1924e-02	0.172297	3
TFR2	4	1.8757e-01	5.1924e-02	0.172297	3
ATP11A	4	1.8763e-01	5.1924e-02	0.172297	3
RSAD2	4	1.8765e-01	5.1925e-02	0.172297	1
ADRBK1	4	1.8765e-01	5.1925e-02	0.172297	2
RAP1GAP	4	1.8779e-01	5.1925e-02	0.172297	2
NPBWR1	4	1.8783e-01	5.1925e-02	0.172297	3
MYO3A	4	1.8783e-01	5.1925e-02	0.172297	3
GOLGA8R	4	1.8792e-01	5.1925e-02	0.172297	2
DGKG	4	1.8796e-01	5.1925e-02	0.172297	3
CCDC39	4	1.8805e-01	5.1925e-02	0.172297	2
PTPN7	4	1.8819e-01	5.1925e-02	0.172297	2
STAM2	4	1.8821e-01	5.1925e-02	0.172297	2
CYLC1	4	1.8824e-01	5.1925e-02	0.172297	3
ZNF516	4	1.8826e-01	5.1925e-02	0.172297	3
P4HB	4	1.8827e-01	5.1925e-02	0.172297	1
C8G	4	1.8830e-01	5.1925e-02	0.172297	3
IRF2	4	1.8834e-01	5.1925e-02	0.172297	3
REM2	4	1.8837e-01	5.1925e-02	0.172297	3
UBQLN2	4	1.8840e-01	5.1925e-02	0.172297	3
DGCR6L	4	1.8840e-01	5.1925e-02	0.172297	2
SUSD2	4	1.8843e-01	5.1925e-02	0.172297	2
ANG	4	1.8847e-01	5.1925e-02	0.172297	3
PRKAR2B	4	1.8856e-01	5.1925e-02	0.172297	3
IL1RL2	4	1.8858e-01	5.1925e-02	0.172297	3
GCSH	4	1.8867e-01	5.2348e-02	0.172297	3
HMGB2	4	1.8870e-01	5.2348e-02	0.172297	3
PLCB2	4	1.8871e-01	5.2348e-02	0.172297	2
HPS1	4	1.8875e-01	5.2348e-02	0.172297	3
TADA2B	4	1.8887e-01	5.2348e-02	0.172297	2
C9orf64	4	1.8887e-01	5.2348e-02	0.172297	3
RNF187	4	1.8891e-01	5.2348e-02	0.172297	3
FAM19A5	4	1.8894e-01	5.2348e-02	0.172297	2
NHLH1	4	1.8898e-01	5.2348e-02	0.172297	2
TSSK1B	4	1.8907e-01	5.2348e-02	0.172297	2
ZCCHC8	4	1.8909e-01	5.2348e-02	0.172297	2
PLEKHA4	4	1.8926e-01	5.2348e-02	0.172297	3
MRPS33	4	1.8929e-01	5.2348e-02	0.172297	2
UBE2Q2	4	1.8929e-01	5.2348e-02	0.172297	3
C3orf30	4	1.8932e-01	5.2348e-02	0.172297	3
PSKH1	4	1.8934e-01	5.2348e-02	0.172297	2
PBX3	4	1.8936e-01	5.2348e-02	0.172297	3
PCDHA1	4	1.8939e-01	5.2348e-02	0.172297	3
RFK	4	1.8944e-01	5.2348e-02	0.172297	3
C20orf195	4	1.8948e-01	5.2348e-02	0.172297	2
KLF9	4	1.8949e-01	5.2348e-02	0.172297	3
C4orf33	4	1.8952e-01	5.2348e-02	0.172297	2
CKAP2	4	1.8954e-01	5.2348e-02	0.172297	3
NKX3-2	4	1.8965e-01	5.2348e-02	0.172297	3
GOLGA2	4	1.8968e-01	5.2348e-02	0.172297	2
HADHA	4	1.8971e-01	5.2348e-02	0.172297	3
OR2L5	4	1.8978e-01	5.2348e-02	0.172297	3
GTSF1L	4	1.8983e-01	5.2348e-02	0.172297	3
LMO3	4	1.8983e-01	5.2348e-02	0.172297	3
SLC2A14	4	1.8989e-01	5.2348e-02	0.172297	3
ZNF879	4	1.8995e-01	5.2348e-02	0.172297	2
USP31	4	1.9001e-01	5.2348e-02	0.172297	3
C11orf58	4	1.9004e-01	5.2348e-02	0.172297	3
MBD6	4	1.9008e-01	5.2348e-02	0.172297	3
HIVEP2	4	1.9020e-01	5.2348e-02	0.172297	3
PPP1R14C	4	1.9024e-01	5.2348e-02	0.172297	2
MFSD6	4	1.9025e-01	5.2348e-02	0.172297	3
MLH1	4	1.9044e-01	5.2349e-02	0.172297	3
RET	4	1.9053e-01	5.2349e-02	0.172297	2
TSLP	4	1.9053e-01	5.2349e-02	0.172297	2
TAS2R5	4	1.9058e-01	5.2349e-02	0.172297	3
TAGAP	4	1.9063e-01	5.2349e-02	0.172297	3
FAM163B	4	1.9065e-01	5.2349e-02	0.172297	3
SSTR2	4	1.9066e-01	5.2349e-02	0.172297	3
ZC2HC1B	4	1.9075e-01	5.2349e-02	0.172297	1
MRPS15	4	1.9077e-01	5.2349e-02	0.172297	2
SLC4A1AP	4	1.9085e-01	5.2349e-02	0.172297	3
SLFN12L	4	1.9093e-01	5.2349e-02	0.172297	3
TRIM39-RPP21	4	1.9097e-01	5.2349e-02	0.172297	3
C11orf45	4	1.9097e-01	5.2349e-02	0.172297	2
C8A	4	1.9115e-01	5.2349e-02	0.172297	3
PPEF1	4	1.9119e-01	5.2349e-02	0.172297	2
LCE1C	4	1.9119e-01	5.2349e-02	0.172297	1
TNFAIP2	4	1.9129e-01	5.2349e-02	0.172297	3
SSR3	4	1.9132e-01	5.2349e-02	0.172297	3
ANK1	4	1.9137e-01	5.2349e-02	0.172297	3
ANKRD34B	4	1.9140e-01	5.2349e-02	0.172297	3
PCBD1	4	1.9146e-01	5.2349e-02	0.172297	3
TMEM55B	4	1.9148e-01	5.2349e-02	0.172297	2
INPP5K	4	1.9150e-01	5.2349e-02	0.172297	2
TSSC4	4	1.9159e-01	5.2349e-02	0.172297	3
ZCWPW2	4	1.9163e-01	5.2349e-02	0.172297	1
CISD1	4	1.9175e-01	5.2349e-02	0.172297	2
ASB6	4	1.9180e-01	5.2349e-02	0.172297	2
SCAF8	4	1.9192e-01	5.2349e-02	0.172297	2
PARP14	4	1.9203e-01	5.2349e-02	0.172297	1
ACCS	4	1.9206e-01	5.2349e-02	0.172297	3
PEX12	4	1.9207e-01	5.2349e-02	0.172297	2
SIGLEC11	4	1.9214e-01	5.2349e-02	0.172297	3
NFKBIB	4	1.9220e-01	5.2771e-02	0.172297	3
FKRP	4	1.9225e-01	5.2771e-02	0.172297	3
CYTL1	4	1.9228e-01	5.2771e-02	0.172297	2
ZNF433	4	1.9237e-01	5.2771e-02	0.172297	2
C14orf132	4	1.9237e-01	5.2771e-02	0.172297	3
USP27X	4	1.9241e-01	5.2771e-02	0.172297	2
CDRT15L2	4	1.9242e-01	5.2771e-02	0.172297	3
SBK3	4	1.9245e-01	5.2771e-02	0.172297	3
MBL2	4	1.9254e-01	5.2771e-02	0.172297	3
FLNC	4	1.9256e-01	5.2771e-02	0.172297	1
FBXO33	4	1.9257e-01	5.2771e-02	0.172297	3
FOXJ1	4	1.9265e-01	5.2771e-02	0.172297	3
MAFB	4	1.9267e-01	5.2771e-02	0.172297	3
CHAMP1	4	1.9269e-01	5.2771e-02	0.172297	2
FREM1	4	1.9269e-01	5.2771e-02	0.172297	1
ADM	4	1.9271e-01	5.2771e-02	0.172297	3
KIAA0895L	4	1.9275e-01	5.2771e-02	0.172297	3
SH3BP2	4	1.9277e-01	5.2771e-02	0.172297	2
RFPL1	4	1.9278e-01	5.2771e-02	0.172297	3
PRR32	4	1.9283e-01	5.2771e-02	0.172297	2
CD86	4	1.9285e-01	5.2771e-02	0.172297	3
GPR150	4	1.9287e-01	5.2771e-02	0.172297	1
TTC26	4	1.9289e-01	5.2771e-02	0.172297	3
ITLN2	4	1.9292e-01	5.2771e-02	0.172297	3
ZNF735	4	1.9293e-01	5.2771e-02	0.172297	2
MOSPD3	4	1.9296e-01	5.2771e-02	0.172297	2
SMOC2	4	1.9302e-01	5.2771e-02	0.172297	3
ST6GALNAC3	4	1.9312e-01	5.2772e-02	0.172297	3
OR5K1	4	1.9318e-01	5.2772e-02	0.172297	3
APH1A	4	1.9318e-01	5.2772e-02	0.172297	2
SLC50A1	4	1.9327e-01	5.2772e-02	0.172297	3
LCN8	4	1.9332e-01	5.2772e-02	0.172297	3
MRPS24	4	1.9336e-01	5.2772e-02	0.172297	2
CEP170	4	1.9340e-01	5.2772e-02	0.172297	2
STRIP2	4	1.9343e-01	5.2772e-02	0.172297	3
KIAA1462	4	1.9344e-01	5.2772e-02	0.172297	3
USF2	4	1.9354e-01	5.2772e-02	0.172297	3
CCDC127	4	1.9358e-01	5.2772e-02	0.172297	3
HK3	4	1.9360e-01	5.2772e-02	0.172297	3
ACR	3	1.9361e-01	4.5577e-02	0.159020	2
TMCO2	4	1.9361e-01	5.2772e-02	0.172297	3
ZNF35	4	1.9366e-01	5.2772e-02	0.172297	2
NFKBIZ	4	1.9369e-01	5.2772e-02	0.172297	2
CEP131	4	1.9378e-01	5.2772e-02	0.172297	2
XPNPEP1	4	1.9382e-01	5.2772e-02	0.172297	3
COMT	4	1.9386e-01	5.2772e-02	0.172297	1
MRPL24	4	1.9386e-01	5.2772e-02	0.172297	2
CCR3	4	1.9392e-01	5.2772e-02	0.172297	3
DNPH1	4	1.9393e-01	5.3213e-02	0.173148	2
TYW3	4	1.9395e-01	5.3213e-02	0.173148	3
EZH1	4	1.9400e-01	5.3213e-02	0.173148	2
GREB1L	4	1.9400e-01	5.3213e-02	0.173148	3
PUM1	4	1.9403e-01	5.3213e-02	0.173148	2
ATRAID	4	1.9406e-01	5.3213e-02	0.173148	3
C1orf185	4	1.9411e-01	5.3213e-02	0.173148	3
EPGN	4	1.9415e-01	5.3213e-02	0.173148	1
RAB3IP	4	1.9418e-01	5.3213e-02	0.173148	3
C14orf105	4	1.9419e-01	5.3213e-02	0.173148	2
CAMK1D	4	1.9425e-01	5.3213e-02	0.173148	3
ALPK3	4	1.9431e-01	5.3214e-02	0.173148	3
GLRX2	4	1.9435e-01	5.3214e-02	0.173148	2
PALM	4	1.9436e-01	5.3214e-02	0.173148	3
GNB2	4	1.9439e-01	5.3214e-02	0.173148	2
SRSF5	4	1.9443e-01	5.3214e-02	0.173148	3
FILIP1	4	1.9449e-01	5.3214e-02	0.173148	2
STAB2	4	1.9456e-01	5.3214e-02	0.173148	2
PRAMEF9	4	1.9460e-01	5.3214e-02	0.173148	3
OR6T1	4	1.9462e-01	5.3214e-02	0.173148	2
DLEC1	4	1.9472e-01	5.4088e-02	0.173810	2
ID2	4	1.9490e-01	5.4088e-02	0.173810	3
SH2D3A	4	1.9492e-01	5.4088e-02	0.173810	2
SUV39H1	4	1.9494e-01	5.4088e-02	0.173810	1
GOSR1	4	1.9497e-01	5.4088e-02	0.173810	2
HOXB5	4	1.9507e-01	5.4088e-02	0.173810	1
HSPB7	4	1.9507e-01	5.4088e-02	0.173810	2
CRIPAK	4	1.9514e-01	5.4088e-02	0.173810	2
LAMP2	4	1.9523e-01	5.4088e-02	0.173810	3
EFNA2	4	1.9529e-01	5.4088e-02	0.173810	3
UBL3	4	1.9533e-01	5.4088e-02	0.173810	3
LY6G6C	4	1.9538e-01	5.4088e-02	0.173810	2
C1orf234	4	1.9540e-01	5.4088e-02	0.173810	3
ASPH	4	1.9546e-01	5.4088e-02	0.173810	3
DCK	4	1.9547e-01	5.4088e-02	0.173810	3
LOC101927322	4	1.9550e-01	5.4088e-02	0.173810	3
CAMSAP2	4	1.9556e-01	5.4088e-02	0.173810	3
GIPC3	4	1.9561e-01	5.4088e-02	0.173810	3
IFNA5	4	1.9567e-01	5.4088e-02	0.173810	3
OR6V1	4	1.9573e-01	5.4088e-02	0.173810	3
LMO4	4	1.9573e-01	5.4088e-02	0.173810	1
MFAP5	4	1.9580e-01	5.4088e-02	0.173810	2
MTF2	4	1.9585e-01	5.4088e-02	0.173810	3
OR4F4	4	1.9597e-01	5.4088e-02	0.173810	3
DST	4	1.9600e-01	5.4088e-02	0.173810	3
MANF	4	1.9602e-01	5.4088e-02	0.173810	3
NAAA	4	1.9602e-01	5.4088e-02	0.173810	2
URAD	4	1.9606e-01	5.4088e-02	0.173810	3
NCF4	4	1.9611e-01	5.4088e-02	0.173810	3
CRY2	4	1.9622e-01	5.4088e-02	0.173810	2
RBMY1A1	4	1.9626e-01	5.4088e-02	0.173810	3
TDRD3	4	1.9626e-01	5.4088e-02	0.173810	3
SPG21	4	1.9629e-01	5.4088e-02	0.173810	3
MAPK8IP1	4	1.9632e-01	5.4088e-02	0.173810	3
CLEC1A	4	1.9637e-01	5.4088e-02	0.173810	3
LIMS2	4	1.9638e-01	5.4088e-02	0.173810	3
ANKRD62	4	1.9639e-01	5.4088e-02	0.173810	2
VNN1	4	1.9656e-01	5.4088e-02	0.173810	3
MRPL18	4	1.9657e-01	5.4088e-02	0.173810	2
PGRMC2	4	1.9670e-01	5.4088e-02	0.173810	3
MPHOSPH8	4	1.9684e-01	5.4088e-02	0.173810	3
LRRC4C	4	1.9684e-01	5.4088e-02	0.173810	2
EID1	4	1.9693e-01	5.4544e-02	0.173810	3
LPPR4	4	1.9696e-01	5.4544e-02	0.173810	3
WDR11	4	1.9699e-01	5.4544e-02	0.173810	3
SLC35C1	4	1.9703e-01	5.4544e-02	0.173810	3
PHACTR2	4	1.9706e-01	5.4544e-02	0.173810	3
NPM2	4	1.9709e-01	5.4544e-02	0.173810	3
ITPA	4	1.9731e-01	5.4544e-02	0.173810	3
DDX17	4	1.9736e-01	5.4544e-02	0.173810	3
CDC34	4	1.9753e-01	5.4544e-02	0.173810	2
EDN1	4	1.9767e-01	5.4544e-02	0.173810	2
SGIP1	4	1.9769e-01	5.4544e-02	0.173810	3
TPCN1	4	1.9772e-01	5.4544e-02	0.173810	3
C1orf216	4	1.9772e-01	5.4544e-02	0.173810	2
TMEM40	4	1.9781e-01	5.4544e-02	0.173810	3
KRT7	4	1.9792e-01	5.4544e-02	0.173810	3
TMEM52	4	1.9796e-01	5.4544e-02	0.173810	2
RBM28	4	1.9804e-01	5.4544e-02	0.173810	3
GRM5	4	1.9808e-01	5.4544e-02	0.173810	2
RPRD1A	4	1.9811e-01	5.4544e-02	0.173810	3
CPD	4	1.9813e-01	5.4544e-02	0.173810	3
IGF2BP2	4	1.9822e-01	5.4544e-02	0.173810	2
PER2	4	1.9847e-01	5.4544e-02	0.173810	3
PGBD3	4	1.9857e-01	5.5001e-02	0.173810	3
LCE4A	4	1.9857e-01	5.5001e-02	0.173810	3
SCAMP3	4	1.9874e-01	5.5001e-02	0.173810	3
CXCL9	4	1.9884e-01	5.5001e-02	0.173810	2
RXRA	4	1.9885e-01	5.5001e-02	0.173810	3
PIGL	4	1.9890e-01	5.5460e-02	0.173810	3
CIB4	4	1.9896e-01	5.5460e-02	0.173810	2
SLCO4A1	4	1.9900e-01	5.5460e-02	0.173810	2
LCE2B	4	1.9902e-01	5.5460e-02	0.173810	3
COL23A1	4	1.9903e-01	5.5460e-02	0.173810	3
HNRNPA3	4	1.9905e-01	5.5460e-02	0.173810	3
ZNF506	4	1.9908e-01	5.5460e-02	0.173810	2
GPR108	4	1.9912e-01	5.5460e-02	0.173810	3
FRMD4B	4	1.9914e-01	5.5460e-02	0.173810	3
DGKI	4	1.9915e-01	5.5460e-02	0.173810	3
PRY	3	1.9917e-01	4.8165e-02	0.165512	2
PTPN9	4	1.9927e-01	5.5460e-02	0.173810	1
RSPO2	4	1.9932e-01	5.5460e-02	0.173810	2
SPICE1	4	1.9941e-01	5.5460e-02	0.173810	3
KRT9	4	1.9942e-01	5.5460e-02	0.173810	2
KRTAP4-2	4	1.9945e-01	5.5460e-02	0.173810	2
PCDHGA1	4	1.9961e-01	5.5460e-02	0.173810	2
DNAJB12	4	1.9962e-01	5.5460e-02	0.173810	3
RNF26	4	1.9963e-01	5.5460e-02	0.173810	2
TTC37	4	1.9966e-01	5.5460e-02	0.173810	1
HELQ	4	1.9966e-01	5.5460e-02	0.173810	3
ZZEF1	4	1.9969e-01	5.5460e-02	0.173810	2
ZSCAN5B	4	1.9976e-01	5.5460e-02	0.173810	3
C1QL2	4	1.9977e-01	5.5460e-02	0.173810	2
PIWIL3	4	1.9981e-01	5.5460e-02	0.173810	3
ACTA2	4	1.9990e-01	5.5460e-02	0.173810	3
NBPF6	4	2.0011e-01	5.5460e-02	0.173810	3
RPL26L1	4	2.0012e-01	5.5460e-02	0.173810	3
SNRNP70	4	2.0016e-01	5.5460e-02	0.173810	2
CCDC186	4	2.0017e-01	5.5460e-02	0.173810	1
ZMIZ1	4	2.0022e-01	5.5460e-02	0.173810	2
TLE2	4	2.0025e-01	5.5460e-02	0.173810	3
CXADR	4	2.0025e-01	5.5460e-02	0.173810	3
DOCK7	4	2.0035e-01	5.5460e-02	0.173810	3
THEM6	4	2.0044e-01	5.5460e-02	0.173810	2
FCRLB	4	2.0047e-01	5.5460e-02	0.173810	3
TEX9	4	2.0051e-01	5.5460e-02	0.173810	2
GCFC2	4	2.0052e-01	5.5460e-02	0.173810	3
FNIP2	4	2.0060e-01	5.5460e-02	0.173810	2
ST7L	4	2.0069e-01	5.5460e-02	0.173810	3
MEGF11	4	2.0076e-01	5.5460e-02	0.173810	3
TRIM77	4	2.0078e-01	5.5460e-02	0.173810	2
OR7G2	4	2.0092e-01	5.5460e-02	0.173810	3
AHSA2	4	2.0096e-01	5.5460e-02	0.173810	3
GCNT1	4	2.0099e-01	5.5460e-02	0.173810	3
YPEL4	4	2.0103e-01	5.5460e-02	0.173810	3
GLB1L	4	2.0107e-01	5.5460e-02	0.173810	3
DYNAP	4	2.0110e-01	5.5460e-02	0.173810	3
ZBTB14	4	2.0112e-01	5.5460e-02	0.173810	2
PRL	4	2.0112e-01	5.5460e-02	0.173810	2
UGT1A5	4	2.0114e-01	5.5460e-02	0.173810	3
WBP11	4	2.0117e-01	5.5460e-02	0.173810	2
COTL1	4	2.0127e-01	5.5888e-02	0.173810	2
ZNF275	4	2.0135e-01	5.5888e-02	0.173810	2
NIT1	4	2.0148e-01	5.5888e-02	0.173810	3
GPRASP2	4	2.0152e-01	5.5888e-02	0.173810	3
CFAP36	4	2.0158e-01	5.5888e-02	0.173810	3
NRG3	4	2.0159e-01	5.5888e-02	0.173810	3
RNASET2	4	2.0165e-01	5.5888e-02	0.173810	3
DCST2	4	2.0167e-01	5.5888e-02	0.173810	3
CPTP	4	2.0188e-01	5.5889e-02	0.173810	3
MS4A5	4	2.0192e-01	5.5889e-02	0.173810	2
DESI1	4	2.0195e-01	5.5889e-02	0.173810	2
PRAMEF8	4	2.0198e-01	5.5889e-02	0.173810	3
TET2	4	2.0205e-01	5.5889e-02	0.173810	1
VWA9	4	2.0215e-01	5.5889e-02	0.173810	3
LONRF3	4	2.0217e-01	5.5889e-02	0.173810	3
KLHL29	4	2.0218e-01	5.5889e-02	0.173810	3
VPS33B	4	2.0220e-01	5.5889e-02	0.173810	3
OR10G7	4	2.0221e-01	5.5889e-02	0.173810	3
CFAP46	4	2.0226e-01	5.6381e-02	0.173810	3
OAT	4	2.0231e-01	5.6381e-02	0.173810	2
RNASE2	4	2.0242e-01	5.6381e-02	0.173810	3
PPP2R5D	4	2.0249e-01	5.6381e-02	0.173810	2
ADRBK2	4	2.0262e-01	5.6381e-02	0.173810	1
TGDS	4	2.0264e-01	5.6381e-02	0.173810	3
HNRNPCL4	4	2.0267e-01	5.6381e-02	0.173810	3
C17orf51	4	2.0281e-01	5.6381e-02	0.173810	2
KLF11	4	2.0282e-01	5.6381e-02	0.173810	3
GABARAP	4	2.0283e-01	5.6381e-02	0.173810	1
ATP5J	4	2.0291e-01	5.6381e-02	0.173810	3
RNF149	4	2.0293e-01	5.6381e-02	0.173810	3
OR8G1	4	2.0296e-01	5.6381e-02	0.173810	3
CCDC97	4	2.0297e-01	5.6381e-02	0.173810	3
SUN1	4	2.0298e-01	5.6381e-02	0.173810	3
ASAH2	4	2.0301e-01	5.6381e-02	0.173810	2
KIAA0101	4	2.0303e-01	5.6381e-02	0.173810	3
SURF1	4	2.0319e-01	5.6382e-02	0.173810	3
A3GALT2	4	2.0320e-01	5.6382e-02	0.173810	3
CXorf21	4	2.0327e-01	5.6382e-02	0.173810	2
TLN2	4	2.0332e-01	5.6382e-02	0.173810	2
IL33	4	2.0338e-01	5.6382e-02	0.173810	3
PAX3	4	2.0341e-01	5.6382e-02	0.173810	3
YIPF1	4	2.0349e-01	5.6382e-02	0.173810	3
IAPP	4	2.0355e-01	5.6382e-02	0.173810	3
KLRB1	4	2.0357e-01	5.6382e-02	0.173810	2
GRAMD2	4	2.0359e-01	5.6382e-02	0.173810	3
PTPRH	4	2.0365e-01	5.6382e-02	0.173810	3
SKIDA1	4	2.0371e-01	5.6382e-02	0.173810	2
TLX2	4	2.0373e-01	5.6382e-02	0.173810	2
RNASE7	4	2.0382e-01	5.6382e-02	0.173810	3
ARL9	4	2.0390e-01	5.6382e-02	0.173810	2
INO80C	4	2.0391e-01	5.6382e-02	0.173810	3
TADA1	4	2.0393e-01	5.6382e-02	0.173810	3
RGS16	4	2.0396e-01	5.6382e-02	0.173810	3
FAM72A	4	2.0402e-01	5.6791e-02	0.173810	2
MCC	4	2.0403e-01	5.6791e-02	0.173810	3
CNBP	4	2.0407e-01	5.6791e-02	0.173810	3
DUSP2	4	2.0410e-01	5.6791e-02	0.173810	3
IL11	4	2.0412e-01	5.6791e-02	0.173810	3
F10	4	2.0414e-01	5.6791e-02	0.173810	3
CDK11A	4	2.0415e-01	5.6791e-02	0.173810	3
NXF2B	4	2.0419e-01	5.6791e-02	0.173810	2
COX6A1	4	2.0420e-01	5.6791e-02	0.173810	3
CEP19	4	2.0423e-01	5.6791e-02	0.173810	2
MAFA	4	2.0425e-01	5.6791e-02	0.173810	3
IQCJ	4	2.0426e-01	5.6791e-02	0.173810	3
LOC100130357	3	2.0432e-01	4.9845e-02	0.168528	2
PRB4	4	2.0435e-01	5.6791e-02	0.173810	2
KHK	4	2.0435e-01	5.6791e-02	0.173810	3
RHOV	4	2.0439e-01	5.6791e-02	0.173810	2
SYT8	4	2.0447e-01	5.6791e-02	0.173810	3
SPIN3	4	2.0454e-01	5.6791e-02	0.173810	3
DGAT2L6	4	2.0458e-01	5.6791e-02	0.173810	3
RFNG	4	2.0460e-01	5.6791e-02	0.173810	2
ARL10	4	2.0462e-01	5.6791e-02	0.173810	3
NDUFAF2	4	2.0463e-01	5.6791e-02	0.173810	3
KRTAP4-7	4	2.0470e-01	5.6791e-02	0.173810	3
PDE8A	4	2.0470e-01	5.6791e-02	0.173810	3
ADNP	4	2.0471e-01	5.6791e-02	0.173810	1
DLX6	4	2.0474e-01	5.6791e-02	0.173810	2
OR5H2	4	2.0476e-01	5.6791e-02	0.173810	3
CNIH3	4	2.0478e-01	5.6791e-02	0.173810	3
SVIL	4	2.0479e-01	5.6791e-02	0.173810	3
TMEM174	4	2.0485e-01	5.6791e-02	0.173810	2
PKN2	4	2.0489e-01	5.6791e-02	0.173810	2
DTNB	4	2.0492e-01	5.6791e-02	0.173810	3
REPS1	4	2.0493e-01	5.6791e-02	0.173810	2
LGI1	4	2.0495e-01	5.6791e-02	0.173810	2
AANAT	4	2.0495e-01	5.6791e-02	0.173810	3
NABP2	4	2.0497e-01	5.6791e-02	0.173810	3
B3GNT9	4	2.0502e-01	5.6791e-02	0.173810	3
SPNS3	4	2.0510e-01	5.6791e-02	0.173810	3
CRP	4	2.0524e-01	5.6791e-02	0.173810	2
IL23A	4	2.0524e-01	5.6791e-02	0.173810	3
TAF3	4	2.0525e-01	5.6791e-02	0.173810	3
CFC1B	4	2.0530e-01	5.6791e-02	0.173810	3
MGME1	4	2.0541e-01	5.6791e-02	0.173810	3
ERICH2	4	2.0545e-01	5.6791e-02	0.173810	3
SAMD4B	4	2.0552e-01	5.6791e-02	0.173810	3
CCDC23	4	2.0565e-01	5.6791e-02	0.173810	3
COL1A2	4	2.0566e-01	5.6791e-02	0.173810	2
SHD	4	2.0577e-01	5.6791e-02	0.173810	3
DUS2	4	2.0583e-01	5.6791e-02	0.173810	3
ADGRF2	4	2.0583e-01	5.6791e-02	0.173810	2
TDRKH	4	2.0585e-01	5.6791e-02	0.173810	3
RBM20	4	2.0586e-01	5.6791e-02	0.173810	3
XAGE3	4	2.0589e-01	5.6791e-02	0.173810	1
CYP11A1	4	2.0598e-01	5.6791e-02	0.173810	2
PRAMEF12	4	2.0601e-01	5.6791e-02	0.173810	3
ASAP1	4	2.0603e-01	5.6791e-02	0.173810	3
AMOTL2	4	2.0612e-01	5.6791e-02	0.173810	3
CLPB	4	2.0617e-01	5.6791e-02	0.173810	3
BSN	4	2.0620e-01	5.6791e-02	0.173810	3
CCL3L3	4	2.0623e-01	5.6791e-02	0.173810	2
SLC9A8	4	2.0632e-01	5.6791e-02	0.173810	3
ACKR1	4	2.0632e-01	5.6791e-02	0.173810	1
ASIC2	4	2.0636e-01	5.6791e-02	0.173810	3
CT45A1	2	2.0644e-01	7.3938e-02	0.183221	1
SPANXB1	4	2.0645e-01	5.6791e-02	0.173810	2
PROKR2	4	2.0658e-01	5.6792e-02	0.173810	3
HGS	4	2.0659e-01	5.6792e-02	0.173810	2
CCDC85B	4	2.0662e-01	5.6792e-02	0.173810	3
TNIK	4	2.0663e-01	5.6792e-02	0.173810	3
LTN1	4	2.0664e-01	5.6792e-02	0.173810	2
ANKS1A	4	2.0674e-01	5.6792e-02	0.173810	2
PI3	4	2.0679e-01	5.6792e-02	0.173810	3
ANGEL1	4	2.0682e-01	5.6792e-02	0.173810	3
SHANK3	4	2.0689e-01	5.6792e-02	0.173810	1
HES5	4	2.0690e-01	5.6792e-02	0.173810	3
MORN3	4	2.0694e-01	5.6792e-02	0.173810	3
PDGFRA	4	2.0695e-01	5.6792e-02	0.173810	3
ASAH2B	4	2.0697e-01	5.6792e-02	0.173810	3
C1QTNF6	4	2.0698e-01	5.6792e-02	0.173810	3
SIPA1L2	4	2.0700e-01	5.6792e-02	0.173810	3
ALKBH3	4	2.0706e-01	5.6792e-02	0.173810	3
PLEKHM1	4	2.0709e-01	5.6792e-02	0.173810	3
DIO2	4	2.0711e-01	5.6792e-02	0.173810	3
FAT1	4	2.0711e-01	5.6792e-02	0.173810	2
ZMPSTE24	4	2.0713e-01	5.6792e-02	0.173810	3
PAIP2	4	2.0722e-01	5.6792e-02	0.173810	2
HPN	4	2.0729e-01	5.6792e-02	0.173810	3
PDDC1	4	2.0729e-01	5.6792e-02	0.173810	2
PTPRA	4	2.0735e-01	5.6792e-02	0.173810	3
SLC4A1	4	2.0737e-01	5.6792e-02	0.173810	3
ATG16L2	4	2.0738e-01	5.6792e-02	0.173810	2
PLEKHG1	4	2.0745e-01	5.6792e-02	0.173810	2
TRPV1	4	2.0748e-01	5.6792e-02	0.173810	3
SPATA21	4	2.0760e-01	5.6792e-02	0.173810	3
DCAF17	4	2.0766e-01	5.6792e-02	0.173810	3
C17orf99	3	2.0770e-01	5.2061e-02	0.172297	2
STX1A	4	2.0772e-01	5.6792e-02	0.173810	2
SERTM1	4	2.0772e-01	5.6792e-02	0.173810	2
HINT1	4	2.0782e-01	5.6792e-02	0.173810	2
HYI	4	2.0784e-01	5.6792e-02	0.173810	2
TRIM49B	4	2.0788e-01	5.6792e-02	0.173810	2
SOST	4	2.0794e-01	5.6792e-02	0.173810	3
KLB	4	2.0809e-01	5.6792e-02	0.173810	2
DOK6	4	2.0811e-01	5.6792e-02	0.173810	2
DNAH8	4	2.0824e-01	5.6792e-02	0.173810	3
WDPCP	4	2.0827e-01	5.6792e-02	0.173810	2
TCF15	4	2.0829e-01	5.6792e-02	0.173810	3
SMG7	4	2.0830e-01	5.6792e-02	0.173810	2
MTMR1	4	2.0830e-01	5.6792e-02	0.173810	2
SYT14	4	2.0832e-01	5.6792e-02	0.173810	3
RAET1E	4	2.0835e-01	5.6792e-02	0.173810	3
ARHGAP26	4	2.0841e-01	5.6792e-02	0.173810	2
ESD	4	2.0845e-01	5.6792e-02	0.173810	3
SORCS1	4	2.0846e-01	5.6792e-02	0.173810	1
CCBL1	4	2.0850e-01	5.6792e-02	0.173810	1
ABCD4	4	2.0852e-01	5.6792e-02	0.173810	2
WDR13	4	2.0859e-01	5.6792e-02	0.173810	2
PCCB	4	2.0860e-01	5.6792e-02	0.173810	3
C14orf169	4	2.0867e-01	5.6792e-02	0.173810	2
TSHZ2	4	2.0869e-01	5.6792e-02	0.173810	3
TACR3	4	2.0873e-01	5.6792e-02	0.173810	3
KRTAP19-7	4	2.0875e-01	5.6792e-02	0.173810	2
SPG7	4	2.0877e-01	5.6792e-02	0.173810	3
KIAA1467	4	2.0885e-01	5.6792e-02	0.173810	2
CLASP1	4	2.0885e-01	5.6792e-02	0.173810	2
LIG4	4	2.0887e-01	5.6792e-02	0.173810	3
NDRG4	4	2.0889e-01	5.6792e-02	0.173810	2
PTN	4	2.0890e-01	5.6792e-02	0.173810	3
GALNT1	4	2.0892e-01	5.6792e-02	0.173810	3
KCTD6	4	2.0895e-01	5.6792e-02	0.173810	2
ZNF141	4	2.0898e-01	5.6792e-02	0.173810	2
LIG3	4	2.0901e-01	5.6792e-02	0.173810	3
SRRM3	4	2.0902e-01	5.6792e-02	0.173810	3
TMEM229A	4	2.0902e-01	5.6792e-02	0.173810	1
DIO3	4	2.0906e-01	5.6792e-02	0.173810	2
NBPF7	4	2.0906e-01	5.6792e-02	0.173810	2
INSM2	4	2.0908e-01	5.6792e-02	0.173810	3
KCNA2	4	2.0915e-01	5.7281e-02	0.173810	3
DHRS4L2	4	2.0915e-01	5.7281e-02	0.173810	1
CWC27	4	2.0920e-01	5.7281e-02	0.173810	3
NDP	4	2.0920e-01	5.7281e-02	0.173810	2
TCP11L2	4	2.0925e-01	5.7281e-02	0.173810	3
STAG3	4	2.0930e-01	5.7281e-02	0.173810	3
NANOG	4	2.0932e-01	5.7281e-02	0.173810	3
COL4A6	4	2.0933e-01	5.7281e-02	0.173810	3
GRIN2C	4	2.0941e-01	5.7281e-02	0.173810	3
C5orf30	4	2.0943e-01	5.7281e-02	0.173810	3
B4GALT7	4	2.0945e-01	5.7281e-02	0.173810	3
RGS22	4	2.0956e-01	5.7281e-02	0.173810	3
TRA2A	3	2.0959e-01	5.3814e-02	0.173810	1
STOX1	4	2.0959e-01	5.7281e-02	0.173810	3
BMP2	4	2.0967e-01	5.7281e-02	0.173810	2
TCEA3	4	2.0970e-01	5.7281e-02	0.173810	3
TMEM50B	4	2.0971e-01	5.7281e-02	0.173810	3
CD36	4	2.0975e-01	5.7281e-02	0.173810	3
GPR135	4	2.0978e-01	5.7281e-02	0.173810	2
WFDC12	4	2.0980e-01	5.7281e-02	0.173810	3
PWWP2A	4	2.0983e-01	5.7281e-02	0.173810	2
DCAF11	4	2.0995e-01	5.7281e-02	0.173810	3
PLXNA2	4	2.0997e-01	5.7281e-02	0.173810	2
CNTD1	4	2.1000e-01	5.7281e-02	0.173810	3
C17orf62	4	2.1008e-01	5.7281e-02	0.173810	2
GSX1	4	2.1012e-01	5.7281e-02	0.173810	3
PRR15	4	2.1018e-01	5.7281e-02	0.173810	3
ARNT2	4	2.1021e-01	5.7281e-02	0.173810	3
RILP	4	2.1021e-01	5.7281e-02	0.173810	2
TP53	4	2.1030e-01	5.7281e-02	0.173810	3
PARVB	4	2.1034e-01	5.7281e-02	0.173810	3
RESP18	4	2.1040e-01	5.7281e-02	0.173810	3
MTMR11	4	2.1045e-01	5.7281e-02	0.173810	3
OLAH	4	2.1046e-01	5.7281e-02	0.173810	3
FAM3D	4	2.1050e-01	5.7281e-02	0.173810	1
INS-IGF2	4	2.1057e-01	5.7281e-02	0.173810	3
FAM104A	4	2.1063e-01	5.7281e-02	0.173810	3
CRIPT	4	2.1065e-01	5.7281e-02	0.173810	2
EMX2	4	2.1067e-01	5.7281e-02	0.173810	3
CRTC2	4	2.1070e-01	5.7281e-02	0.173810	3
OR51I1	4	2.1071e-01	5.7281e-02	0.173810	3
TSTD3	4	2.1077e-01	5.7281e-02	0.173810	3
PURG	4	2.1079e-01	5.7281e-02	0.173810	3
SMYD1	4	2.1081e-01	5.7281e-02	0.173810	3
CDK13	4	2.1084e-01	5.7281e-02	0.173810	3
GPLD1	4	2.1088e-01	5.7281e-02	0.173810	3
ZYG11B	4	2.1093e-01	5.7281e-02	0.173810	3
HEATR6	4	2.1100e-01	5.7281e-02	0.173810	2
FBXO22	4	2.1105e-01	5.7281e-02	0.173810	3
CYP2W1	4	2.1105e-01	5.7281e-02	0.173810	3
SPTA1	4	2.1110e-01	5.7281e-02	0.173810	3
DLX1	4	2.1110e-01	5.7281e-02	0.173810	2
CREB3L2	4	2.1126e-01	5.7281e-02	0.173810	3
ANKRD16	4	2.1131e-01	5.7281e-02	0.173810	3
TMA16	4	2.1132e-01	5.7281e-02	0.173810	3
CLIP2	4	2.1137e-01	5.7281e-02	0.173810	3
ANKRD27	4	2.1142e-01	5.7281e-02	0.173810	2
PCNXL4	4	2.1144e-01	5.7281e-02	0.173810	3
MIB2	4	2.1150e-01	5.7282e-02	0.173810	3
FAXC	4	2.1151e-01	5.7282e-02	0.173810	2
COL22A1	4	2.1158e-01	5.7282e-02	0.173810	1
GRIA1	4	2.1162e-01	5.7282e-02	0.173810	3
C20orf24	4	2.1162e-01	5.7282e-02	0.173810	2
AGFG1	4	2.1163e-01	5.7282e-02	0.173810	2
IDS	4	2.1165e-01	5.7282e-02	0.173810	2
DPEP1	4	2.1174e-01	5.7282e-02	0.173810	2
LGALS4	4	2.1175e-01	5.7282e-02	0.173810	3
HIF1A	4	2.1176e-01	5.7282e-02	0.173810	3
GALNT15	4	2.1191e-01	5.7282e-02	0.173810	3
GABRR1	4	2.1196e-01	5.7282e-02	0.173810	2
MPP3	4	2.1203e-01	5.7282e-02	0.173810	2
ACE2	4	2.1207e-01	5.7282e-02	0.173810	2
LRPAP1	4	2.1214e-01	5.7282e-02	0.173810	2
L3MBTL2	4	2.1219e-01	5.7282e-02	0.173810	1
NDUFB9	4	2.1226e-01	5.7282e-02	0.173810	2
KDR	4	2.1230e-01	5.7282e-02	0.173810	3
GYPB	4	2.1232e-01	5.7282e-02	0.173810	3
MESDC2	4	2.1232e-01	5.7282e-02	0.173810	1
PLCG2	4	2.1238e-01	5.7282e-02	0.173810	3
GIMAP8	4	2.1240e-01	5.7282e-02	0.173810	3
DOK7	4	2.1249e-01	5.7282e-02	0.173810	2
RAB5B	4	2.1249e-01	5.7282e-02	0.173810	3
SLC7A1	4	2.1254e-01	5.7282e-02	0.173810	3
ZNF341	4	2.1256e-01	5.7282e-02	0.173810	3
APOA2	4	2.1260e-01	5.7282e-02	0.173810	1
ZNF177	4	2.1260e-01	5.7282e-02	0.173810	2
MTMR12	4	2.1261e-01	5.7282e-02	0.173810	3
GRB14	3	2.1261e-01	5.4993e-02	0.173810	2
SPTLC2	4	2.1263e-01	5.7282e-02	0.173810	2
SLC24A1	4	2.1265e-01	5.7282e-02	0.173810	3
HFE2	4	2.1267e-01	5.7282e-02	0.173810	3
IFNAR2	4	2.1273e-01	5.7282e-02	0.173810	3
ADAM11	4	2.1278e-01	5.7282e-02	0.173810	2
CUTC	4	2.1288e-01	5.7282e-02	0.173810	3
IL15	4	2.1298e-01	5.7282e-02	0.173810	3
CHD7	4	2.1299e-01	5.7282e-02	0.173810	3
ZNF667	4	2.1305e-01	5.7282e-02	0.173810	2
ACBD4	4	2.1311e-01	5.7282e-02	0.173810	2
ZNF619	4	2.1317e-01	5.7282e-02	0.173810	3
ISG15	4	2.1321e-01	5.7282e-02	0.173810	3
CPPED1	4	2.1323e-01	5.7282e-02	0.173810	3
PALLD	4	2.1325e-01	5.7282e-02	0.173810	2
SLC7A3	4	2.1327e-01	5.7282e-02	0.173810	2
APOC4	4	2.1331e-01	5.7282e-02	0.173810	2
SSX3	4	2.1336e-01	5.7282e-02	0.173810	2
ACOT4	4	2.1338e-01	5.7282e-02	0.173810	2
PET117	4	2.1339e-01	5.7282e-02	0.173810	3
MAGEB6	4	2.1340e-01	5.7282e-02	0.173810	2
TMEM221	4	2.1342e-01	5.7282e-02	0.173810	2
OSTF1	4	2.1346e-01	5.7282e-02	0.173810	2
C1orf186	4	2.1349e-01	5.7282e-02	0.173810	3
TTLL6	4	2.1350e-01	5.7282e-02	0.173810	3
PRAMEF7	4	2.1353e-01	5.7282e-02	0.173810	2
GLYCTK	4	2.1357e-01	5.7282e-02	0.173810	2
OGFOD1	4	2.1369e-01	5.7282e-02	0.173810	2
TK1	4	2.1371e-01	5.7282e-02	0.173810	2
OR4C3	4	2.1386e-01	5.7782e-02	0.173915	3
ADCY3	3	2.1386e-01	5.4994e-02	0.173810	2
PTK2	4	2.1387e-01	5.7782e-02	0.173915	2
ZNF681	4	2.1388e-01	5.7782e-02	0.173915	3
LAMB3	4	2.1390e-01	5.7782e-02	0.173915	3
ARHGAP23	4	2.1391e-01	5.7782e-02	0.173915	3
CYB561	4	2.1407e-01	5.7782e-02	0.173915	3
FKBP10	4	2.1409e-01	5.7782e-02	0.173915	2
SPATA24	4	2.1412e-01	5.7782e-02	0.173915	3
GNL1	4	2.1416e-01	5.7782e-02	0.173915	2
SDR9C7	4	2.1420e-01	5.7782e-02	0.173915	3
ZNF391	4	2.1422e-01	5.7782e-02	0.173915	1
EFEMP1	4	2.1425e-01	5.7782e-02	0.173915	3
ELMSAN1	4	2.1433e-01	5.7782e-02	0.173915	2
HIST1H4F	4	2.1439e-01	5.7782e-02	0.173915	3
LMF1	4	2.1448e-01	5.7782e-02	0.173915	1
RNFT1	4	2.1449e-01	5.7782e-02	0.173915	3
RNF122	4	2.1452e-01	5.7782e-02	0.173915	3
GJC1	4	2.1453e-01	5.8289e-02	0.173915	3
KLHDC2	4	2.1455e-01	5.8289e-02	0.173915	2
ZIC2	4	2.1456e-01	5.8289e-02	0.173915	3
PCMTD2	4	2.1466e-01	5.8289e-02	0.173915	2
FAM135A	4	2.1466e-01	5.8289e-02	0.173915	2
BLZF1	4	2.1467e-01	5.8289e-02	0.173915	3
GEM	4	2.1471e-01	5.8289e-02	0.173915	3
RGS2	4	2.1474e-01	5.8289e-02	0.173915	2
FAM174B	4	2.1479e-01	5.8289e-02	0.173915	3
UNC119B	4	2.1483e-01	5.8289e-02	0.173915	3
GNPDA1	4	2.1487e-01	5.8289e-02	0.173915	2
AADAT	4	2.1488e-01	5.8289e-02	0.173915	3
ABCG8	4	2.1488e-01	5.8289e-02	0.173915	2
SNX20	4	2.1494e-01	5.8289e-02	0.173915	2
ZNF2	4	2.1515e-01	5.8289e-02	0.173915	3
CALML5	4	2.1522e-01	5.8289e-02	0.173915	3
ALS2	4	2.1528e-01	5.8289e-02	0.173915	3
DENND4A	4	2.1530e-01	5.8289e-02	0.173915	3
MED28	4	2.1534e-01	5.8750e-02	0.173915	3
ZIC1	4	2.1535e-01	5.8750e-02	0.173915	3
CLN5	4	2.1542e-01	5.8750e-02	0.173915	3
NDNF	4	2.1544e-01	5.8750e-02	0.173915	3
PSG8	4	2.1545e-01	5.8750e-02	0.173915	3
LEPROT	4	2.1546e-01	5.8750e-02	0.173915	2
FITM2	4	2.1561e-01	5.8750e-02	0.173915	3
ZNF555	4	2.1565e-01	5.8750e-02	0.173915	3
IL18RAP	4	2.1569e-01	5.8750e-02	0.173915	3
PPP2R5B	4	2.1581e-01	5.8750e-02	0.173915	3
GNAT1	4	2.1582e-01	5.8750e-02	0.173915	3
PCNXL2	4	2.1589e-01	5.8750e-02	0.173915	3
OR6B1	4	2.1595e-01	5.8750e-02	0.173915	2
C1orf159	4	2.1596e-01	5.8750e-02	0.173915	3
NMUR1	4	2.1597e-01	5.8750e-02	0.173915	2
FAM181A	4	2.1599e-01	5.8750e-02	0.173915	2
MOB1A	4	2.1601e-01	5.8750e-02	0.173915	2
NDUFB8	4	2.1612e-01	5.8750e-02	0.173915	3
FAM162B	4	2.1619e-01	5.8750e-02	0.173915	3
CAMK4	4	2.1627e-01	5.8750e-02	0.173915	1
FAM53B	4	2.1627e-01	5.8750e-02	0.173915	2
MYO1H	4	2.1628e-01	5.8750e-02	0.173915	3
HUS1B	4	2.1629e-01	5.8750e-02	0.173915	2
MMRN2	4	2.1633e-01	5.8750e-02	0.173915	3
HORMAD1	4	2.1638e-01	5.8750e-02	0.173915	3
MTFR2	4	2.1642e-01	5.8750e-02	0.173915	3
SENP7	4	2.1642e-01	5.8750e-02	0.173915	2
C1orf61	4	2.1645e-01	5.8750e-02	0.173915	2
RNF207	4	2.1651e-01	5.8750e-02	0.173915	3
ZMYM6	4	2.1653e-01	5.8750e-02	0.173915	1
GABRA4	4	2.1663e-01	5.8750e-02	0.173915	3
AMFR	4	2.1663e-01	5.8750e-02	0.173915	2
CRB1	4	2.1665e-01	5.8750e-02	0.173915	3
CHD5	4	2.1673e-01	5.8750e-02	0.173915	3
MYO5C	4	2.1684e-01	5.8750e-02	0.173915	3
FLOT1	4	2.1686e-01	5.8750e-02	0.173915	3
FAM47A	4	2.1687e-01	5.8750e-02	0.173915	3
CERS4	4	2.1692e-01	5.8750e-02	0.173915	3
BMP7	4	2.1701e-01	5.8750e-02	0.173915	3
CTSG	4	2.1711e-01	5.8750e-02	0.173915	2
ZNF695	4	2.1717e-01	5.8750e-02	0.173915	3
EML2	4	2.1718e-01	5.8750e-02	0.173915	2
SYT16	4	2.1719e-01	5.8750e-02	0.173915	3
DCAF4	4	2.1720e-01	5.8750e-02	0.173915	2
STXBP3	4	2.1726e-01	5.8750e-02	0.173915	3
FANCM	4	2.1726e-01	5.8750e-02	0.173915	3
PNRC2	4	2.1728e-01	5.8750e-02	0.173915	3
EFCAB6	4	2.1737e-01	5.8750e-02	0.173915	2
SEZ6L	4	2.1741e-01	5.8750e-02	0.173915	1
CPNE3	4	2.1746e-01	5.8750e-02	0.173915	2
FAM50A	4	2.1746e-01	5.8750e-02	0.173915	2
ATP6V0A1	4	2.1762e-01	5.8750e-02	0.173915	2
ACOX2	4	2.1763e-01	5.8750e-02	0.173915	2
TPO	4	2.1774e-01	5.8750e-02	0.173915	2
TECPR2	4	2.1778e-01	5.8750e-02	0.173915	3
WNT4	4	2.1782e-01	5.8750e-02	0.173915	3
ADAM30	4	2.1785e-01	5.8750e-02	0.173915	3
MFSD7	4	2.1789e-01	5.8750e-02	0.173915	2
TMEM55A	4	2.1796e-01	5.8750e-02	0.173915	2
TMEM132E	4	2.1799e-01	5.8750e-02	0.173915	3
TBX15	4	2.1801e-01	5.8750e-02	0.173915	3
MGAT4D	4	2.1803e-01	5.8750e-02	0.173915	2
WSB2	4	2.1803e-01	5.8750e-02	0.173915	2
PPIP5K2	4	2.1804e-01	5.8750e-02	0.173915	3
DBF4B	4	2.1810e-01	5.8750e-02	0.173915	1
ATP6V1C2	4	2.1811e-01	5.8750e-02	0.173915	3
TM2D2	4	2.1812e-01	5.8750e-02	0.173915	2
HACL1	4	2.1818e-01	5.8750e-02	0.173915	2
NR2F2	4	2.1819e-01	5.8750e-02	0.173915	2
OR1Q1	4	2.1820e-01	5.8750e-02	0.173915	2
RPL36A	4	2.1822e-01	5.8750e-02	0.173915	3
ATP1B3	4	2.1836e-01	5.8750e-02	0.173915	2
SUPT3H	4	2.1841e-01	5.9263e-02	0.173915	3
ELAC1	4	2.1855e-01	5.9263e-02	0.173915	2
MECOM	4	2.1857e-01	5.9263e-02	0.173915	3
VAMP7	4	2.1861e-01	5.9263e-02	0.173915	3
TBATA	4	2.1861e-01	5.9263e-02	0.173915	2
EDC4	4	2.1864e-01	5.9263e-02	0.173915	2
RBCK1	4	2.1866e-01	5.9263e-02	0.173915	3
MRPL36	4	2.1866e-01	5.9263e-02	0.173915	2
AMZ2	4	2.1871e-01	5.9263e-02	0.173915	3
PTCH2	4	2.1883e-01	5.9263e-02	0.173915	3
BAMBI	4	2.1888e-01	5.9263e-02	0.173915	2
SLC22A12	4	2.1888e-01	5.9263e-02	0.173915	3
ZNF148	4	2.1888e-01	5.9263e-02	0.173915	2
NAGS	4	2.1897e-01	5.9263e-02	0.173915	3
BOD1L1	4	2.1902e-01	5.9263e-02	0.173915	3
COX20	4	2.1905e-01	5.9263e-02	0.173915	3
XAGE1B	4	2.1908e-01	5.9263e-02	0.173915	3
OR2AE1	4	2.1909e-01	5.9263e-02	0.173915	2
MTMR4	4	2.1912e-01	5.9263e-02	0.173915	3
PIK3C2A	4	2.1914e-01	5.9263e-02	0.173915	1
LIPF	4	2.1921e-01	5.9263e-02	0.173915	3
HDDC3	4	2.1926e-01	5.9263e-02	0.173915	3
EDARADD	4	2.1931e-01	5.9263e-02	0.173915	1
SHISA7	4	2.1939e-01	5.9263e-02	0.173915	2
CLDN5	4	2.1940e-01	5.9263e-02	0.173915	2
IQCJ-SCHIP1	4	2.1944e-01	5.9263e-02	0.173915	3
LRRC56	4	2.1947e-01	5.9263e-02	0.173915	3
FYN	4	2.1952e-01	5.9263e-02	0.173915	2
PLCH2	4	2.1955e-01	5.9263e-02	0.173915	2
HIST1H3A	4	2.1958e-01	5.9263e-02	0.173915	3
VNN2	4	2.1961e-01	5.9263e-02	0.173915	2
SLC38A3	4	2.1964e-01	5.9263e-02	0.173915	3
RUSC2	4	2.1965e-01	5.9263e-02	0.173915	2
DPT	4	2.1973e-01	5.9263e-02	0.173915	2
MFNG	4	2.1982e-01	5.9263e-02	0.173915	2
ZNF155	4	2.1984e-01	5.9263e-02	0.173915	2
TAX1BP1	4	2.1986e-01	5.9263e-02	0.173915	3
C8orf22	4	2.1987e-01	5.9263e-02	0.173915	2
TXNRD1	3	2.1987e-01	6.1525e-02	0.177423	2
LUM	4	2.1992e-01	5.9263e-02	0.173915	3
TNFAIP8	4	2.1993e-01	5.9263e-02	0.173915	1
ACTRT3	4	2.1996e-01	5.9263e-02	0.173915	3
CSHL1	4	2.2001e-01	5.9263e-02	0.173915	3
NEFM	4	2.2002e-01	5.9263e-02	0.173915	3
MGC57346-CRHR1	4	2.2017e-01	5.9263e-02	0.173915	1
NPL	4	2.2018e-01	5.9263e-02	0.173915	2
TMPRSS12	4	2.2023e-01	5.9263e-02	0.173915	1
OR13C8	4	2.2036e-01	5.9263e-02	0.173915	3
NID2	4	2.2041e-01	5.9263e-02	0.173915	2
FFAR4	4	2.2043e-01	5.9263e-02	0.173915	3
STEAP1	4	2.2047e-01	5.9263e-02	0.173915	2
TSHB	4	2.2047e-01	5.9263e-02	0.173915	2
CDC42EP5	4	2.2053e-01	5.9264e-02	0.173915	3
ZNF37A	3	2.2054e-01	6.1525e-02	0.177423	2
ATP13A4	4	2.2068e-01	5.9264e-02	0.173915	3
MAB21L3	4	2.2079e-01	5.9264e-02	0.173915	2
FOXQ1	4	2.2081e-01	5.9264e-02	0.173915	1
USP21	4	2.2091e-01	5.9264e-02	0.173915	3
PRPF6	4	2.2101e-01	5.9264e-02	0.173915	2
CD7	4	2.2102e-01	5.9264e-02	0.173915	2
ANO9	4	2.2106e-01	5.9264e-02	0.173915	2
LRRC18	4	2.2106e-01	5.9264e-02	0.173915	3
FAM199X	4	2.2110e-01	5.9264e-02	0.173915	3
MGAT2	4	2.2111e-01	5.9264e-02	0.173915	1
ZNF441	4	2.2113e-01	5.9264e-02	0.173915	3
EIF4G2	4	2.2116e-01	5.9264e-02	0.173915	2
ZNF623	4	2.2120e-01	5.9264e-02	0.173915	3
AMT	4	2.2122e-01	5.9264e-02	0.173915	3
LBX1	4	2.2124e-01	5.9264e-02	0.173915	1
HSPA4L	4	2.2132e-01	5.9264e-02	0.173915	3
TTC29	4	2.2135e-01	5.9264e-02	0.173915	2
ATP7B	4	2.2137e-01	5.9264e-02	0.173915	3
PLEK2	4	2.2141e-01	5.9264e-02	0.173915	1
ITGB3	4	2.2141e-01	5.9264e-02	0.173915	2
PHYHIPL	4	2.2146e-01	5.9264e-02	0.173915	2
SALL1	4	2.2147e-01	5.9264e-02	0.173915	3
HACE1	4	2.2152e-01	5.9264e-02	0.173915	2
MSGN1	4	2.2154e-01	5.9264e-02	0.173915	3
CNR2	4	2.2154e-01	5.9264e-02	0.173915	2
FAM83E	4	2.2156e-01	5.9264e-02	0.173915	2
TMEM230	4	2.2160e-01	5.9264e-02	0.173915	3
KLHL41	4	2.2163e-01	5.9264e-02	0.173915	3
HNRNPCL3	4	2.2166e-01	5.9264e-02	0.173915	2
SEMA5A	4	2.2166e-01	5.9264e-02	0.173915	3
PRMT2	4	2.2168e-01	5.9264e-02	0.173915	3
LMO2	4	2.2171e-01	5.9264e-02	0.173915	2
RNF19A	4	2.2175e-01	5.9264e-02	0.173915	2
FOXA3	4	2.2186e-01	5.9264e-02	0.173915	3
CYP2A6	4	2.2188e-01	5.9264e-02	0.173915	3
ZNF138	4	2.2189e-01	5.9264e-02	0.173915	3
ZC3H14	4	2.2191e-01	5.9264e-02	0.173915	3
EDRF1	4	2.2203e-01	5.9264e-02	0.173915	3
ZNF221	4	2.2205e-01	5.9264e-02	0.173915	3
SERINC2	4	2.2207e-01	5.9264e-02	0.173915	3
SAMD7	4	2.2210e-01	5.9264e-02	0.173915	3
OR2T33	4	2.2214e-01	5.9264e-02	0.173915	2
EME1	4	2.2215e-01	5.9264e-02	0.173915	3
C19orf68	4	2.2217e-01	5.9264e-02	0.173915	2
PRRC2B	4	2.2223e-01	5.9264e-02	0.173915	2
LOC102723859	4	2.2233e-01	5.9264e-02	0.173915	3
KIR3DL2	4	2.2234e-01	5.9264e-02	0.173915	2
NMI	4	2.2234e-01	5.9264e-02	0.173915	2
CACNA1G	4	2.2236e-01	5.9264e-02	0.173915	3
FOLR2	4	2.2238e-01	5.9264e-02	0.173915	2
LOC389895	4	2.2255e-01	5.9264e-02	0.173915	3
ZG16B	4	2.2258e-01	5.9264e-02	0.173915	3
ALDH1A2	4	2.2259e-01	5.9264e-02	0.173915	2
SERPINC1	4	2.2260e-01	5.9264e-02	0.173915	3
PRAC2	4	2.2261e-01	5.9264e-02	0.173915	3
PDK4	4	2.2274e-01	5.9749e-02	0.174537	2
HMGN1	4	2.2287e-01	5.9749e-02	0.174537	2
RNF128	4	2.2294e-01	5.9749e-02	0.174537	3
OR52E8	4	2.2295e-01	5.9749e-02	0.174537	2
GTF2I	4	2.2299e-01	5.9749e-02	0.174537	3
IRX3	4	2.2301e-01	5.9749e-02	0.174537	2
IRF9	4	2.2304e-01	5.9749e-02	0.174537	3
AQP12B	4	2.2305e-01	5.9749e-02	0.174537	2
NECAB3	4	2.2309e-01	5.9749e-02	0.174537	3
ZSCAN12	4	2.2313e-01	5.9749e-02	0.174537	1
TIMD4	4	2.2324e-01	5.9749e-02	0.174537	3
MZT2B	4	2.2326e-01	5.9749e-02	0.174537	3
TFPT	4	2.2337e-01	5.9750e-02	0.174537	3
KLRC4	4	2.2338e-01	5.9750e-02	0.174537	3
FOLH1	4	2.2339e-01	5.9750e-02	0.174537	3
ALPI	4	2.2347e-01	5.9750e-02	0.174537	1
FAM136A	4	2.2348e-01	5.9750e-02	0.174537	2
KRTAP10-12	4	2.2349e-01	5.9750e-02	0.174537	3
MAT1A	4	2.2351e-01	5.9750e-02	0.174537	3
TP53I3	4	2.2352e-01	5.9750e-02	0.174537	3
DBN1	4	2.2356e-01	5.9750e-02	0.174537	3
CLSTN2	4	2.2357e-01	5.9750e-02	0.174537	2
GUCA1A	4	2.2357e-01	5.9750e-02	0.174537	2
C19orf43	4	2.2371e-01	5.9750e-02	0.174537	2
SAXO2	4	2.2373e-01	5.9750e-02	0.174537	3
CYP21A2	4	2.2373e-01	5.9750e-02	0.174537	2
HCN3	4	2.2376e-01	5.9750e-02	0.174537	2
TMEM233	4	2.2380e-01	5.9750e-02	0.174537	3
DOK1	4	2.2386e-01	5.9750e-02	0.174537	3
PPP2R5C	4	2.2394e-01	6.2738e-02	0.177423	3
CDHR1	4	2.2395e-01	6.2738e-02	0.177423	2
STARD13	4	2.2403e-01	6.2738e-02	0.177423	3
OCEL1	4	2.2405e-01	6.2738e-02	0.177423	2
SUMO4	4	2.2411e-01	6.2738e-02	0.177423	1
SSX2	4	2.2417e-01	6.2738e-02	0.177423	2
PPM1D	4	2.2420e-01	6.2738e-02	0.177423	3
AVPI1	4	2.2427e-01	6.2738e-02	0.177423	3
STMN4	4	2.2437e-01	6.2738e-02	0.177423	1
RAB11FIP5	4	2.2445e-01	6.2738e-02	0.177423	3
SULT1A3	4	2.2446e-01	6.2738e-02	0.177423	1
SNRPA	4	2.2461e-01	6.2738e-02	0.177423	3
IFNA21	4	2.2463e-01	6.2738e-02	0.177423	2
PINK1	4	2.2468e-01	6.2738e-02	0.177423	3
PLAT	4	2.2471e-01	6.2738e-02	0.177423	3
KIAA0922	4	2.2476e-01	6.2738e-02	0.177423	3
NME2	4	2.2483e-01	6.2738e-02	0.177423	3
MAGED4B	4	2.2484e-01	6.2738e-02	0.177423	2
BET1L	4	2.2488e-01	6.2738e-02	0.177423	2
DCAF10	4	2.2489e-01	6.2738e-02	0.177423	2
PRG3	4	2.2489e-01	6.2738e-02	0.177423	3
EPN3	4	2.2491e-01	6.2738e-02	0.177423	3
SREBF2	4	2.2500e-01	6.2738e-02	0.177423	3
MUL1	4	2.2508e-01	6.2738e-02	0.177423	1
WBSCR17	4	2.2513e-01	6.2738e-02	0.177423	3
CIDEC	4	2.2515e-01	6.2738e-02	0.177423	3
GORAB	4	2.2516e-01	6.2738e-02	0.177423	3
HS6ST2	4	2.2518e-01	6.2738e-02	0.177423	2
PCGF3	4	2.2518e-01	6.2738e-02	0.177423	2
AKAP7	4	2.2523e-01	6.2739e-02	0.177423	2
MRGBP	4	2.2526e-01	6.2739e-02	0.177423	3
FBXW12	4	2.2527e-01	6.2739e-02	0.177423	1
ZNF217	4	2.2532e-01	6.2739e-02	0.177423	3
CXCL5	4	2.2532e-01	6.2739e-02	0.177423	2
ABCB6	4	2.2532e-01	6.2739e-02	0.177423	2
ORC2	4	2.2548e-01	6.2739e-02	0.177423	1
PIGH	4	2.2566e-01	6.2739e-02	0.177423	2
TRIM16	4	2.2570e-01	6.2739e-02	0.177423	3
SORBS3	4	2.2573e-01	6.2739e-02	0.177423	3
SFT2D2	4	2.2575e-01	6.2739e-02	0.177423	3
AQP11	4	2.2578e-01	6.2739e-02	0.177423	1
TCF21	4	2.2582e-01	6.2739e-02	0.177423	3
CAMTA2	4	2.2591e-01	6.2739e-02	0.177423	1
IRX5	4	2.2597e-01	6.2739e-02	0.177423	3
TTC3	4	2.2599e-01	6.2739e-02	0.177423	3
LIMCH1	4	2.2602e-01	6.2739e-02	0.177423	3
AHNAK2	4	2.2604e-01	6.2739e-02	0.177423	2
EDEM1	4	2.2604e-01	6.2739e-02	0.177423	3
TTL	4	2.2611e-01	6.2739e-02	0.177423	3
RECQL5	4	2.2616e-01	6.2739e-02	0.177423	3
RHOB	4	2.2619e-01	6.2739e-02	0.177423	3
LRRFIP1	4	2.2625e-01	6.2739e-02	0.177423	3
KITLG	4	2.2627e-01	6.2739e-02	0.177423	3
SLC4A2	4	2.2628e-01	6.2739e-02	0.177423	2
HPCAL4	4	2.2630e-01	6.2739e-02	0.177423	3
WFDC10B	4	2.2637e-01	6.2739e-02	0.177423	2
CLGN	4	2.2641e-01	6.2739e-02	0.177423	2
HSPB9	4	2.2645e-01	6.2739e-02	0.177423	2
TAF9B	4	2.2647e-01	6.2739e-02	0.177423	3
LIMD1	4	2.2649e-01	6.2739e-02	0.177423	3
KRTAP2-2	4	2.2655e-01	6.3224e-02	0.177423	1
EPC1	4	2.2656e-01	6.3224e-02	0.177423	3
MTHFR	4	2.2656e-01	6.3224e-02	0.177423	3
DPH6	4	2.2661e-01	6.3224e-02	0.177423	3
RLBP1	4	2.2670e-01	6.3224e-02	0.177423	2
BAIAP2	4	2.2673e-01	6.3224e-02	0.177423	3
CRHR2	4	2.2681e-01	6.3224e-02	0.177423	2
CAPNS1	4	2.2683e-01	6.3224e-02	0.177423	3
GLRA2	4	2.2683e-01	6.3224e-02	0.177423	2
ZBTB25	4	2.2686e-01	6.3224e-02	0.177423	3
PAX7	4	2.2690e-01	6.3224e-02	0.177423	3
PROSER2	4	2.2694e-01	6.3224e-02	0.177423	3
PACSIN1	4	2.2702e-01	6.3224e-02	0.177423	1
FGFR3	4	2.2711e-01	6.3224e-02	0.177423	1
LRRN4	4	2.2713e-01	6.3224e-02	0.177423	3
HNRNPUL2	4	2.2714e-01	6.3224e-02	0.177423	3
MNX1	4	2.2723e-01	6.3224e-02	0.177423	3
LPAR1	4	2.2725e-01	6.3224e-02	0.177423	2
SNX19	4	2.2729e-01	6.3224e-02	0.177423	3
MPRIP	4	2.2735e-01	6.3224e-02	0.177423	3
TNNC1	4	2.2738e-01	6.3224e-02	0.177423	3
CLDN1	4	2.2740e-01	6.3224e-02	0.177423	3
ZNF676	4	2.2741e-01	6.3224e-02	0.177423	1
OPRM1	4	2.2741e-01	6.3224e-02	0.177423	3
HTR5A	4	2.2753e-01	6.3224e-02	0.177423	2
SOX21	4	2.2755e-01	6.3224e-02	0.177423	2
THAP10	4	2.2756e-01	6.3224e-02	0.177423	3
TFB1M	4	2.2760e-01	6.3224e-02	0.177423	3
RABIF	4	2.2762e-01	6.3224e-02	0.177423	2
ANP32E	4	2.2764e-01	6.3224e-02	0.177423	3
ZNF41	4	2.2770e-01	6.3224e-02	0.177423	3
ADARB2	4	2.2776e-01	6.3224e-02	0.177423	2
C1orf52	4	2.2777e-01	6.3224e-02	0.177423	3
GHSR	4	2.2779e-01	6.3224e-02	0.177423	2
ZNF30	4	2.2790e-01	6.3224e-02	0.177423	3
TESPA1	4	2.2794e-01	6.3224e-02	0.177423	2
FNIP1	4	2.2805e-01	6.3224e-02	0.177423	2
CCDC107	4	2.2805e-01	6.3224e-02	0.177423	3
SLC9A4	4	2.2808e-01	6.3224e-02	0.177423	2
BRMS1L	4	2.2812e-01	6.3224e-02	0.177423	2
PDZD7	4	2.2814e-01	6.3224e-02	0.177423	3
SSBP2	4	2.2819e-01	6.3224e-02	0.177423	2
FRMD5	4	2.2822e-01	6.3224e-02	0.177423	3
DBT	4	2.2825e-01	6.3224e-02	0.177423	2
PFN3	4	2.2826e-01	6.3224e-02	0.177423	1
KHDC3L	4	2.2827e-01	6.3224e-02	0.177423	3
POLM	4	2.2829e-01	6.3224e-02	0.177423	3
FAM196A	4	2.2834e-01	6.3224e-02	0.177423	3
TOX	4	2.2842e-01	6.3224e-02	0.177423	2
FABP7	3	2.2842e-01	6.4727e-02	0.177423	2
GGT5	4	2.2844e-01	6.3224e-02	0.177423	2
VAV1	4	2.2851e-01	6.3224e-02	0.177423	3
TXNDC8	4	2.2855e-01	6.3224e-02	0.177423	3
RCN2	4	2.2856e-01	6.3224e-02	0.177423	1
LAPTM4A	4	2.2857e-01	6.3224e-02	0.177423	2
MMP28	4	2.2859e-01	6.3224e-02	0.177423	2
EPS15L1	4	2.2860e-01	6.3224e-02	0.177423	2
SNCB	4	2.2868e-01	6.3224e-02	0.177423	2
KIF4B	4	2.2878e-01	6.3224e-02	0.177423	2
ZNF582	4	2.2881e-01	6.3224e-02	0.177423	3
FRZB	4	2.2891e-01	6.3224e-02	0.177423	3
BFSP1	3	2.2891e-01	6.5411e-02	0.177423	2
ARHGEF38	4	2.2897e-01	6.3225e-02	0.177423	3
RBM18	4	2.2900e-01	6.3225e-02	0.177423	3
TRMT61B	4	2.2911e-01	6.3225e-02	0.177423	3
PEX11G	4	2.2916e-01	6.3225e-02	0.177423	3
PMEPA1	4	2.2923e-01	6.3225e-02	0.177423	3
SOX12	4	2.2932e-01	6.3225e-02	0.177423	3
CT47A10	4	2.2933e-01	6.3225e-02	0.177423	1
PUS7	4	2.2945e-01	6.3225e-02	0.177423	1
KBTBD11	4	2.2952e-01	6.3225e-02	0.177423	2
MRM1	4	2.2961e-01	6.3225e-02	0.177423	2
USP33	4	2.2963e-01	6.3225e-02	0.177423	2
TRMT2B	4	2.2967e-01	6.3225e-02	0.177423	2
SLC12A7	4	2.2987e-01	6.3225e-02	0.177423	3
SPINK8	4	2.2993e-01	6.3225e-02	0.177423	2
ZNF408	4	2.2999e-01	6.3225e-02	0.177423	3
TCF7	4	2.3008e-01	6.3225e-02	0.177423	3
BASP1	4	2.3016e-01	6.3225e-02	0.177423	3
DNAJC1	4	2.3030e-01	6.3225e-02	0.177423	3
MMP21	4	2.3030e-01	6.3225e-02	0.177423	3
ACTB	4	2.3035e-01	6.3225e-02	0.177423	2
GJD2	4	2.3037e-01	6.3225e-02	0.177423	2
NDUFB3	4	2.3039e-01	6.3225e-02	0.177423	2
NAT8	4	2.3040e-01	6.3225e-02	0.177423	3
HIST1H2BF	4	2.3043e-01	6.3225e-02	0.177423	1
GLRA1	4	2.3044e-01	6.3225e-02	0.177423	2
EDA2R	4	2.3048e-01	6.3225e-02	0.177423	3
ZNF157	4	2.3050e-01	6.3225e-02	0.177423	2
ZBED6CL	4	2.3071e-01	6.3225e-02	0.177423	2
CLEC1B	4	2.3075e-01	6.3225e-02	0.177423	3
NLRP5	4	2.3075e-01	6.3225e-02	0.177423	2
MRPL1	4	2.3084e-01	6.3225e-02	0.177423	2
ZMYM4	4	2.3090e-01	6.3225e-02	0.177423	1
CCDC117	4	2.3092e-01	6.3225e-02	0.177423	3
LPCAT4	4	2.3101e-01	6.3225e-02	0.177423	2
USP26	4	2.3105e-01	6.3225e-02	0.177423	2
C2orf44	4	2.3107e-01	6.3225e-02	0.177423	2
DEDD	4	2.3112e-01	6.3225e-02	0.177423	2
SMARCA4	4	2.3113e-01	6.3225e-02	0.177423	3
OCLM	4	2.3114e-01	6.3225e-02	0.177423	3
RHPN1	4	2.3118e-01	6.3225e-02	0.177423	3
PRSS37	4	2.3121e-01	6.3225e-02	0.177423	2
IL27	4	2.3126e-01	6.3225e-02	0.177423	3
SENP1	4	2.3128e-01	6.3225e-02	0.177423	2
IFNL3	4	2.3133e-01	6.3225e-02	0.177423	2
HRASLS5	4	2.3136e-01	6.3225e-02	0.177423	3
TMEM167B	4	2.3138e-01	6.3746e-02	0.177423	3
POLH	4	2.3141e-01	6.3746e-02	0.177423	1
AKR1C4	4	2.3141e-01	6.3746e-02	0.177423	2
PRKAR2A	4	2.3152e-01	6.3746e-02	0.177423	3
PRKX	4	2.3160e-01	6.3746e-02	0.177423	3
NENF	4	2.3165e-01	6.3746e-02	0.177423	2
LRRC45	4	2.3170e-01	6.3746e-02	0.177423	3
ZNF527	4	2.3175e-01	6.3746e-02	0.177423	3
NR2F1	4	2.3177e-01	6.3746e-02	0.177423	3
PCP4	4	2.3186e-01	6.3746e-02	0.177423	2
TTC5	4	2.3191e-01	6.3746e-02	0.177423	3
PSD4	4	2.3203e-01	6.4277e-02	0.177423	3
ZCCHC18	4	2.3208e-01	6.4277e-02	0.177423	3
HIST1H2BH	4	2.3209e-01	6.4277e-02	0.177423	3
TRAF3IP1	3	2.3213e-01	6.6723e-02	0.177423	1
TCFL5	4	2.3213e-01	6.4277e-02	0.177423	2
PTH2	4	2.3216e-01	6.4277e-02	0.177423	3
COLQ	4	2.3222e-01	6.4278e-02	0.177423	1
SH3BGRL3	4	2.3226e-01	6.4278e-02	0.177423	3
NMRK1	4	2.3235e-01	6.4278e-02	0.177423	2
SLC37A2	4	2.3238e-01	6.4278e-02	0.177423	3
KCTD19	4	2.3240e-01	6.4278e-02	0.177423	3
TRPM5	4	2.3245e-01	6.4278e-02	0.177423	2
SOHLH1	4	2.3245e-01	6.4278e-02	0.177423	1
WDR93	4	2.3247e-01	6.4278e-02	0.177423	3
EHF	4	2.3248e-01	6.4832e-02	0.177423	3
MYL5	4	2.3252e-01	6.4832e-02	0.177423	2
SLC25A25	4	2.3260e-01	6.4832e-02	0.177423	3
ARMCX6	4	2.3263e-01	6.4832e-02	0.177423	2
C19orf70	4	2.3269e-01	6.4832e-02	0.177423	3
CDK18	4	2.3270e-01	6.4832e-02	0.177423	3
CHUK	4	2.3280e-01	6.4832e-02	0.177423	2
SOX3	4	2.3281e-01	6.4832e-02	0.177423	3
OTOGL	4	2.3287e-01	6.4832e-02	0.177423	3
KCNMB3	4	2.3288e-01	6.4832e-02	0.177423	2
FABP12	4	2.3290e-01	6.4832e-02	0.177423	2
FBXO43	4	2.3291e-01	6.4832e-02	0.177423	3
TIGD4	4	2.3303e-01	6.4832e-02	0.177423	3
PPIP5K1	4	2.3305e-01	6.4832e-02	0.177423	2
DACH1	4	2.3309e-01	6.4832e-02	0.177423	2
TMEM106B	4	2.3311e-01	6.4832e-02	0.177423	3
ARHGEF40	4	2.3319e-01	6.4832e-02	0.177423	2
EXD2	4	2.3319e-01	6.4832e-02	0.177423	2
IGFN1	4	2.3336e-01	6.4832e-02	0.177423	3
B4GALNT4	4	2.3345e-01	6.4832e-02	0.177423	3
TMEM87A	4	2.3349e-01	6.4832e-02	0.177423	2
IRAK2	4	2.3353e-01	6.4832e-02	0.177423	2
FAM60A	4	2.3354e-01	6.4832e-02	0.177423	3
ADAMTSL4	4	2.3366e-01	6.4832e-02	0.177423	2
OR4D10	4	2.3373e-01	6.4832e-02	0.177423	3
FAM208A	4	2.3379e-01	6.4832e-02	0.177423	3
ABCB10	4	2.3380e-01	6.4832e-02	0.177423	2
ASPA	4	2.3384e-01	6.4832e-02	0.177423	3
SMARCD3	4	2.3402e-01	6.4832e-02	0.177423	3
PCDHB11	4	2.3406e-01	6.4832e-02	0.177423	3
AK7	4	2.3406e-01	6.4832e-02	0.177423	3
ZIM3	4	2.3419e-01	6.4832e-02	0.177423	3
NR4A1	4	2.3419e-01	6.4832e-02	0.177423	3
MOB1B	4	2.3421e-01	6.4832e-02	0.177423	1
TPBGL	4	2.3421e-01	6.4832e-02	0.177423	1
LAMB2	4	2.3422e-01	6.4832e-02	0.177423	3
SPAG1	4	2.3422e-01	6.4832e-02	0.177423	2
FAM86B2	4	2.3430e-01	6.4832e-02	0.177423	2
PATL2	4	2.3437e-01	6.4832e-02	0.177423	3
FAM156A	4	2.3439e-01	6.4832e-02	0.177423	3
IZUMO4	4	2.3444e-01	6.4832e-02	0.177423	2
DPPA3	4	2.3447e-01	6.4832e-02	0.177423	1
TPTE	4	2.3454e-01	6.4832e-02	0.177423	3
SMPD2	4	2.3456e-01	6.4832e-02	0.177423	3
C15orf52	4	2.3457e-01	6.4832e-02	0.177423	3
CSNK1G2	4	2.3457e-01	6.4832e-02	0.177423	2
AMPH	4	2.3459e-01	6.4832e-02	0.177423	3
CUEDC1	4	2.3461e-01	6.4832e-02	0.177423	2
FMO5	4	2.3468e-01	6.4832e-02	0.177423	2
CATSPER4	4	2.3469e-01	6.4832e-02	0.177423	2
OR11A1	4	2.3474e-01	6.4832e-02	0.177423	3
AGPS	4	2.3482e-01	6.4832e-02	0.177423	3
GALNTL6	4	2.3489e-01	6.4832e-02	0.177423	3
NEURL1	4	2.3491e-01	6.4832e-02	0.177423	3
PRR23D1	4	2.3491e-01	6.4832e-02	0.177423	3
GSTT2B	4	2.3505e-01	6.4832e-02	0.177423	2
SFT2D1	4	2.3518e-01	6.4832e-02	0.177423	3
SOX6	4	2.3535e-01	6.5392e-02	0.177423	3
KIF2B	4	2.3548e-01	6.5392e-02	0.177423	2
CXorf57	4	2.3548e-01	6.5392e-02	0.177423	3
GPCPD1	4	2.3551e-01	6.5392e-02	0.177423	2
KPNA6	4	2.3555e-01	6.5392e-02	0.177423	3
BCL2L13	4	2.3557e-01	6.5392e-02	0.177423	2
SERPINB1	4	2.3559e-01	6.5392e-02	0.177423	3
GAGE12H	4	2.3561e-01	6.5392e-02	0.177423	2
CCL19	4	2.3565e-01	6.5392e-02	0.177423	2
COX18	3	2.3569e-01	6.9430e-02	0.178113	2
SLIT1	4	2.3569e-01	6.5392e-02	0.177423	3
CSTA	4	2.3573e-01	6.5392e-02	0.177423	2
ARHGEF37	4	2.3576e-01	6.5392e-02	0.177423	3
TNPO2	4	2.3578e-01	6.5392e-02	0.177423	2
KCNH8	4	2.3580e-01	6.5392e-02	0.177423	2
PMP2	4	2.3583e-01	6.5392e-02	0.177423	3
TMEM255A	4	2.3588e-01	6.5392e-02	0.177423	3
PIBF1	4	2.3591e-01	6.5392e-02	0.177423	2
SPTLC3	4	2.3591e-01	6.5392e-02	0.177423	3
GIMAP5	4	2.3593e-01	6.5392e-02	0.177423	3
SNX33	4	2.3601e-01	6.5392e-02	0.177423	2
PODNL1	4	2.3601e-01	6.5392e-02	0.177423	3
EPHA4	4	2.3615e-01	6.5392e-02	0.177423	3
PRAME	4	2.3619e-01	6.5392e-02	0.177423	3
SMIM2	4	2.3632e-01	6.5392e-02	0.177423	3
TMEM25	4	2.3636e-01	6.5392e-02	0.177423	3
MUC5B	4	2.3636e-01	6.5392e-02	0.177423	3
ZBTB3	4	2.3641e-01	6.5392e-02	0.177423	2
MMGT1	4	2.3646e-01	6.5392e-02	0.177423	2
PIGK	4	2.3650e-01	6.5392e-02	0.177423	2
HLA-DOA	4	2.3650e-01	6.5392e-02	0.177423	2
AP3B2	4	2.3651e-01	6.5392e-02	0.177423	3
REEP2	4	2.3654e-01	6.5392e-02	0.177423	3
KCNK13	4	2.3661e-01	6.5392e-02	0.177423	2
TEDDM1	4	2.3664e-01	6.5392e-02	0.177423	3
BBS12	4	2.3664e-01	6.5392e-02	0.177423	3
CD22	4	2.3666e-01	6.5392e-02	0.177423	3
FOCAD	4	2.3668e-01	6.5392e-02	0.177423	2
CDC42EP3	4	2.3670e-01	6.5392e-02	0.177423	2
SIT1	4	2.3670e-01	6.5392e-02	0.177423	3
HAPLN1	4	2.3674e-01	6.5392e-02	0.177423	3
CNST	4	2.3675e-01	6.5392e-02	0.177423	2
ZNF706	4	2.3678e-01	6.5392e-02	0.177423	3
PLP1	4	2.3682e-01	6.5392e-02	0.177423	2
SMR3B	4	2.3684e-01	6.5392e-02	0.177423	2
C1QTNF2	4	2.3694e-01	6.5392e-02	0.177423	2
KRT23	4	2.3697e-01	6.5392e-02	0.177423	3
SLC36A2	4	2.3700e-01	6.5392e-02	0.177423	2
PARP1	4	2.3701e-01	6.5392e-02	0.177423	2
INF2	4	2.3706e-01	6.5392e-02	0.177423	2
EPS8L1	4	2.3718e-01	6.5392e-02	0.177423	3
FOSB	4	2.3721e-01	6.5392e-02	0.177423	3
ERAP1	4	2.3723e-01	6.5392e-02	0.177423	2
ERICH3	4	2.3725e-01	6.5392e-02	0.177423	3
C4orf48	4	2.3730e-01	6.5392e-02	0.177423	2
MROH7	4	2.3747e-01	6.5392e-02	0.177423	3
ZNF222	4	2.3753e-01	6.5392e-02	0.177423	2
FAM150A	4	2.3757e-01	6.5392e-02	0.177423	3
MAGEA2	4	2.3779e-01	6.5392e-02	0.177423	2
UBE2Z	4	2.3781e-01	6.5392e-02	0.177423	2
PPP1R3B	4	2.3783e-01	6.5392e-02	0.177423	2
KRTAP10-9	4	2.3790e-01	6.5392e-02	0.177423	2
FRRS1	4	2.3792e-01	6.5392e-02	0.177423	2
FGF22	4	2.3796e-01	6.5392e-02	0.177423	2
C5orf66	4	2.3796e-01	6.5392e-02	0.177423	2
ARX	4	2.3797e-01	6.5392e-02	0.177423	3
FICD	4	2.3799e-01	6.5392e-02	0.177423	3
DYRK1B	4	2.3819e-01	6.5392e-02	0.177423	2
RNF183	4	2.3830e-01	6.5392e-02	0.177423	2
NUP107	4	2.3832e-01	6.5392e-02	0.177423	3
CNKSR2	4	2.3835e-01	6.5392e-02	0.177423	3
SLC5A3	4	2.3845e-01	6.5392e-02	0.177423	2
CCL16	4	2.3847e-01	6.5392e-02	0.177423	3
PHLDA2	4	2.3849e-01	6.5392e-02	0.177423	2
COLEC10	4	2.3850e-01	6.5392e-02	0.177423	3
CNTNAP1	4	2.3852e-01	6.5392e-02	0.177423	3
TSPAN17	4	2.3854e-01	6.5392e-02	0.177423	3
EFR3B	4	2.3860e-01	6.5392e-02	0.177423	3
DPF1	4	2.3863e-01	6.5392e-02	0.177423	1
TNIP1	4	2.3864e-01	6.5392e-02	0.177423	3
LRRC36	4	2.3871e-01	6.5392e-02	0.177423	3
PLA2G4F	4	2.3874e-01	6.5392e-02	0.177423	2
STRA6	4	2.3874e-01	6.5392e-02	0.177423	3
TMEM81	4	2.3878e-01	6.5392e-02	0.177423	2
ATXN2	4	2.3879e-01	6.5392e-02	0.177423	3
ATP2B4	4	2.3887e-01	6.5392e-02	0.177423	1
USP50	4	2.3903e-01	6.5392e-02	0.177423	2
AK5	4	2.3916e-01	6.5392e-02	0.177423	2
SH2D4A	4	2.3919e-01	6.5392e-02	0.177423	3
ZNF14	4	2.3922e-01	6.5392e-02	0.177423	3
NCKAP5	4	2.3935e-01	6.5940e-02	0.177423	2
C7orf31	4	2.3936e-01	6.5940e-02	0.177423	3
SYNGR3	4	2.3937e-01	6.5940e-02	0.177423	1
CYP46A1	4	2.3940e-01	6.5940e-02	0.177423	3
KLK12	4	2.3945e-01	6.5940e-02	0.177423	3
C1QTNF9B	4	2.3946e-01	6.5940e-02	0.177423	1
STRADA	4	2.3950e-01	6.5940e-02	0.177423	3
PRDX2	4	2.3950e-01	6.5940e-02	0.177423	3
ZNF415	4	2.3952e-01	6.5940e-02	0.177423	3
RSBN1	4	2.3953e-01	6.5940e-02	0.177423	2
RUFY1	4	2.3954e-01	6.5940e-02	0.177423	1
BIN1	4	2.3963e-01	6.5940e-02	0.177423	2
BTN3A2	4	2.3966e-01	6.5940e-02	0.177423	2
FAM171B	4	2.3970e-01	6.5940e-02	0.177423	3
GRIK5	4	2.3973e-01	6.5940e-02	0.177423	3
SYF2	3	2.3977e-01	7.1471e-02	0.181267	2
LAMP1	4	2.3981e-01	6.5940e-02	0.177423	3
NBR1	4	2.4012e-01	6.5940e-02	0.177423	2
LEKR1	4	2.4021e-01	6.5940e-02	0.177423	2
ZNF260	3	2.4022e-01	7.2158e-02	0.182816	2
NOX5	4	2.4024e-01	6.5940e-02	0.177423	3
STAU1	4	2.4032e-01	6.5940e-02	0.177423	2
P2RX3	4	2.4032e-01	6.5940e-02	0.177423	2
TRPM8	4	2.4035e-01	6.5940e-02	0.177423	3
GSTA1	4	2.4039e-01	6.5940e-02	0.177423	3
KIF22	4	2.4043e-01	6.5940e-02	0.177423	2
PJA1	4	2.4043e-01	6.5940e-02	0.177423	2
SOX11	4	2.4043e-01	6.5940e-02	0.177423	2
PAQR7	4	2.4047e-01	6.5940e-02	0.177423	2
FOXP4	4	2.4049e-01	6.5940e-02	0.177423	2
PDF	4	2.4051e-01	6.5940e-02	0.177423	2
P2RX4	4	2.4057e-01	6.5940e-02	0.177423	3
IL10RB	4	2.4064e-01	6.5940e-02	0.177423	1
PEBP1	4	2.4070e-01	6.5940e-02	0.177423	1
DOCK6	4	2.4084e-01	6.5940e-02	0.177423	2
RMDN1	4	2.4089e-01	6.5940e-02	0.177423	3
CCDC132	4	2.4092e-01	6.5940e-02	0.177423	2
PITX3	4	2.4095e-01	6.5940e-02	0.177423	3
TRIM68	3	2.4102e-01	7.2158e-02	0.182816	2
PPP1R16A	4	2.4104e-01	6.5940e-02	0.177423	3
FOLH1B	4	2.4105e-01	6.5940e-02	0.177423	3
PTTG1IP	4	2.4109e-01	6.5940e-02	0.177423	2
PLD6	4	2.4111e-01	6.5940e-02	0.177423	3
SMAD3	4	2.4123e-01	6.5940e-02	0.177423	2
CTH	4	2.4128e-01	6.5940e-02	0.177423	3
FAM19A4	4	2.4131e-01	6.5940e-02	0.177423	3
RBL1	4	2.4132e-01	6.5940e-02	0.177423	2
BLID	4	2.4135e-01	6.5940e-02	0.177423	2
SEPTIN1	4	2.4143e-01	6.5940e-02	0.177423	3
RIPK1	4	2.4152e-01	6.5940e-02	0.177423	2
LRRC28	4	2.4156e-01	6.5940e-02	0.177423	3
OR6K3	4	2.4159e-01	6.5940e-02	0.177423	3
ARHGAP15	4	2.4162e-01	6.5940e-02	0.177423	3
HOPX	4	2.4163e-01	6.5940e-02	0.177423	2
NDUFA4L2	4	2.4163e-01	6.5940e-02	0.177423	2
FAM114A2	4	2.4165e-01	6.5940e-02	0.177423	2
G3BP2	4	2.4168e-01	6.5940e-02	0.177423	3
SIPA1L3	4	2.4175e-01	6.5940e-02	0.177423	1
PCDH18	4	2.4175e-01	6.5940e-02	0.177423	2
NBPF3	4	2.4179e-01	6.5940e-02	0.177423	3
LDB1	4	2.4182e-01	6.5940e-02	0.177423	2
FBXO6	4	2.4187e-01	6.5940e-02	0.177423	3
MAT2B	4	2.4198e-01	6.5940e-02	0.177423	3
DNAJC28	4	2.4200e-01	6.5940e-02	0.177423	3
MORN4	4	2.4202e-01	6.5940e-02	0.177423	3
RAB11B	3	2.4205e-01	7.2158e-02	0.182816	2
STK25	4	2.4218e-01	6.5940e-02	0.177423	3
TNFRSF18	4	2.4219e-01	6.5940e-02	0.177423	2
CLOCK	4	2.4220e-01	6.5940e-02	0.177423	3
VAMP5	4	2.4220e-01	6.5940e-02	0.177423	2
ALOX12	4	2.4225e-01	6.5940e-02	0.177423	3
USP25	4	2.4227e-01	6.5940e-02	0.177423	2
PAOX	4	2.4228e-01	6.5940e-02	0.177423	3
C2orf80	4	2.4228e-01	6.5940e-02	0.177423	3
PPFIA3	4	2.4236e-01	6.5940e-02	0.177423	1
CDK20	4	2.4237e-01	6.5940e-02	0.177423	3
AJAP1	4	2.4240e-01	6.5940e-02	0.177423	2
NT5C	4	2.4243e-01	6.5940e-02	0.177423	2
ZNF311	4	2.4245e-01	6.5940e-02	0.177423	2
C6orf229	4	2.4247e-01	6.5940e-02	0.177423	3
KLHDC9	4	2.4253e-01	6.5940e-02	0.177423	2
ZADH2	4	2.4255e-01	6.5940e-02	0.177423	2
KLHL28	4	2.4261e-01	6.6512e-02	0.177423	3
BMP8B	4	2.4266e-01	6.6512e-02	0.177423	2
ZNF200	4	2.4270e-01	6.6512e-02	0.177423	2
HIST1H2BA	4	2.4284e-01	6.6512e-02	0.177423	3
NFAM1	4	2.4290e-01	6.6512e-02	0.177423	3
CPEB1	4	2.4290e-01	6.6512e-02	0.177423	3
UAP1L1	4	2.4296e-01	6.6512e-02	0.177423	3
SPATA31E1	4	2.4305e-01	6.6512e-02	0.177423	3
LAP3	4	2.4305e-01	6.6512e-02	0.177423	2
SLC26A5	4	2.4314e-01	6.6512e-02	0.177423	3
DEFB1	4	2.4319e-01	6.6512e-02	0.177423	3
MORN2	4	2.4325e-01	6.6512e-02	0.177423	3
NEURL2	4	2.4329e-01	6.6512e-02	0.177423	3
C6orf136	4	2.4331e-01	6.6512e-02	0.177423	2
LUZP4	4	2.4331e-01	6.6512e-02	0.177423	3
IFNG	4	2.4343e-01	6.6512e-02	0.177423	3
SPIN4	4	2.4345e-01	6.6512e-02	0.177423	3
FERMT3	4	2.4354e-01	6.6512e-02	0.177423	3
TDRD12	4	2.4354e-01	6.6512e-02	0.177423	3
HDGF	4	2.4354e-01	6.6512e-02	0.177423	3
PEX3	4	2.4371e-01	6.6512e-02	0.177423	3
FAM96A	4	2.4371e-01	6.6512e-02	0.177423	1
APOC2	4	2.4372e-01	6.6512e-02	0.177423	3
CA2	4	2.4382e-01	6.6512e-02	0.177423	2
OR1F1	4	2.4383e-01	6.6512e-02	0.177423	1
POLR2M	4	2.4384e-01	6.6512e-02	0.177423	2
ADGRG2	4	2.4389e-01	6.6512e-02	0.177423	2
SLC25A37	4	2.4391e-01	6.6512e-02	0.177423	3
OSTM1	4	2.4397e-01	6.6512e-02	0.177423	3
DENND6A	4	2.4400e-01	6.6512e-02	0.177423	1
PARD3B	4	2.4403e-01	6.6512e-02	0.177423	3
TRIM67	4	2.4413e-01	6.6512e-02	0.177423	3
HSD17B3	4	2.4416e-01	6.6512e-02	0.177423	3
IFIT5	4	2.4417e-01	6.6512e-02	0.177423	3
DBH	4	2.4418e-01	6.6512e-02	0.177423	3
MEGF6	4	2.4423e-01	6.6512e-02	0.177423	3
PKD2L2	4	2.4425e-01	6.6512e-02	0.177423	3
SOS1	4	2.4431e-01	6.6512e-02	0.177423	3
ADAMTS19	4	2.4434e-01	6.6512e-02	0.177423	3
TBC1D8B	4	2.4434e-01	6.6512e-02	0.177423	3
MYOM2	4	2.4436e-01	6.6512e-02	0.177423	3
TRIM49D1	4	2.4438e-01	6.6512e-02	0.177423	3
LHCGR	4	2.4442e-01	6.6512e-02	0.177423	2
AGPAT2	4	2.4444e-01	6.6512e-02	0.177423	3
GP9	4	2.4446e-01	6.6512e-02	0.177423	2
SCUBE3	4	2.4449e-01	6.6512e-02	0.177423	3
EFNA3	4	2.4450e-01	6.6512e-02	0.177423	2
CXXC4	4	2.4451e-01	6.6512e-02	0.177423	3
MAP3K5	4	2.4455e-01	6.6512e-02	0.177423	2
MAD2L1BP	4	2.4459e-01	6.6512e-02	0.177423	1
SLC8A3	4	2.4462e-01	6.6512e-02	0.177423	3
WRAP73	4	2.4462e-01	6.6512e-02	0.177423	3
ADAM9	4	2.4464e-01	6.6512e-02	0.177423	2
DMKN	4	2.4466e-01	6.6512e-02	0.177423	2
TTC21B	4	2.4467e-01	6.6512e-02	0.177423	2
PHF23	4	2.4472e-01	6.6512e-02	0.177423	3
MIEF2	4	2.4474e-01	6.6512e-02	0.177423	2
MSL1	4	2.4484e-01	6.6512e-02	0.177423	3
CLEC5A	4	2.4485e-01	6.6512e-02	0.177423	3
TMCO3	4	2.4495e-01	6.6512e-02	0.177423	1
KRT19	4	2.4495e-01	6.6512e-02	0.177423	2
NFAT5	4	2.4499e-01	6.6512e-02	0.177423	3
CNKSR3	4	2.4502e-01	6.6512e-02	0.177423	3
BIVM-ERCC5	4	2.4505e-01	6.6512e-02	0.177423	1
ZFP57	4	2.4509e-01	6.6512e-02	0.177423	2
ANKRD20A4	4	2.4513e-01	6.6512e-02	0.177423	1
SERPINB6	4	2.4517e-01	6.6512e-02	0.177423	3
PRKAG1	4	2.4517e-01	6.6512e-02	0.177423	2
TRIM2	4	2.4529e-01	6.6512e-02	0.177423	3
PARD6G	4	2.4530e-01	6.6512e-02	0.177423	3
TAS2R39	4	2.4532e-01	6.6512e-02	0.177423	2
PROK2	4	2.4534e-01	6.6512e-02	0.177423	3
BBS2	4	2.4536e-01	6.6512e-02	0.177423	3
FBXW2	4	2.4539e-01	6.6512e-02	0.177423	3
OR2V2	4	2.4543e-01	6.6512e-02	0.177423	3
ZNF785	4	2.4557e-01	6.6512e-02	0.177423	3
UROC1	4	2.4560e-01	6.6512e-02	0.177423	3
LRAT	4	2.4563e-01	6.6512e-02	0.177423	2
LPAR4	4	2.4567e-01	6.6512e-02	0.177423	3
JAG1	4	2.4572e-01	6.6512e-02	0.177423	1
EPHA3	4	2.4572e-01	6.6512e-02	0.177423	2
ZFPL1	4	2.4572e-01	6.6512e-02	0.177423	2
AGTR1	4	2.4573e-01	6.6512e-02	0.177423	3
CLEC9A	4	2.4579e-01	6.6512e-02	0.177423	3
TNFAIP1	4	2.4587e-01	6.6512e-02	0.177423	3
OR2H1	4	2.4588e-01	6.6512e-02	0.177423	3
NUDT1	4	2.4590e-01	6.6512e-02	0.177423	2
XPC	4	2.4591e-01	6.6512e-02	0.177423	2
CPO	4	2.4592e-01	6.6512e-02	0.177423	3
BAG2	4	2.4595e-01	6.6512e-02	0.177423	3
CAMKK2	4	2.4606e-01	6.6512e-02	0.177423	3
PRR34	4	2.4610e-01	6.6512e-02	0.177423	1
POLR2H	4	2.4611e-01	6.6512e-02	0.177423	3
CORO1A	4	2.4618e-01	6.6512e-02	0.177423	2
CDC14A	4	2.4618e-01	6.6512e-02	0.177423	3
ZNF530	4	2.4618e-01	6.6512e-02	0.177423	1
GDI2	4	2.4620e-01	6.6512e-02	0.177423	3
GABARAPL2	4	2.4642e-01	6.6512e-02	0.177423	2
HOXA2	4	2.4643e-01	6.6512e-02	0.177423	2
OR4C15	4	2.4648e-01	6.6512e-02	0.177423	3
UMPS	4	2.4649e-01	6.6512e-02	0.177423	3
CMTM3	4	2.4651e-01	6.6512e-02	0.177423	2
KMT2E	4	2.4653e-01	6.6512e-02	0.177423	3
TOM1L2	4	2.4653e-01	6.6512e-02	0.177423	2
CASP6	4	2.4655e-01	6.6512e-02	0.177423	3
CSNK2A2	4	2.4658e-01	6.6512e-02	0.177423	3
SELO	4	2.4660e-01	6.6512e-02	0.177423	3
TMCC1	4	2.4663e-01	6.6512e-02	0.177423	3
MFAP2	4	2.4675e-01	6.6512e-02	0.177423	2
MMP27	4	2.4684e-01	6.6512e-02	0.177423	3
RAX2	4	2.4689e-01	6.6512e-02	0.177423	3
SCML1	4	2.4689e-01	6.6512e-02	0.177423	3
HLA-DQA1	4	2.4696e-01	6.6512e-02	0.177423	3
PAGE1	4	2.4696e-01	6.6512e-02	0.177423	3
ATL1	4	2.4704e-01	6.6512e-02	0.177423	3
MYO19	4	2.4705e-01	6.7071e-02	0.177423	3
SLC9A6	4	2.4707e-01	6.7071e-02	0.177423	3
ACAP1	4	2.4726e-01	6.7071e-02	0.177423	3
ARHGAP9	4	2.4741e-01	6.7071e-02	0.177423	3
C20orf62	4	2.4754e-01	6.7071e-02	0.177423	3
DEFB124	4	2.4757e-01	6.7071e-02	0.177423	2
COX11	4	2.4771e-01	6.7071e-02	0.177423	2
DEFB132	4	2.4772e-01	6.7071e-02	0.177423	3
FAM72D	4	2.4779e-01	6.7071e-02	0.177423	3
PNLIPRP2	4	2.4781e-01	6.7071e-02	0.177423	3
ATOH8	4	2.4781e-01	6.7071e-02	0.177423	2
STRBP	4	2.4802e-01	6.7071e-02	0.177423	1
BLVRA	4	2.4808e-01	6.7071e-02	0.177423	3
C16orf46	4	2.4808e-01	6.7071e-02	0.177423	3
APIP	4	2.4823e-01	6.7071e-02	0.177423	3
C1orf189	4	2.4830e-01	6.7071e-02	0.177423	2
DES	4	2.4834e-01	6.7071e-02	0.177423	3
KRTAP19-8	4	2.4837e-01	6.7071e-02	0.177423	2
PNPO	4	2.4844e-01	6.7071e-02	0.177423	3
CSMD3	4	2.4854e-01	6.7071e-02	0.177423	3
FAM89A	4	2.4857e-01	6.7071e-02	0.177423	2
SYN3	4	2.4860e-01	6.7071e-02	0.177423	3
COQ10B	4	2.4860e-01	6.7071e-02	0.177423	3
CLIP1	4	2.4860e-01	6.7071e-02	0.177423	2
PSORS1C1	4	2.4865e-01	6.7071e-02	0.177423	1
TSPY3	4	2.4866e-01	6.7071e-02	0.177423	2
RSPO1	4	2.4867e-01	6.7071e-02	0.177423	3
RFPL3	4	2.4869e-01	6.7071e-02	0.177423	2
QPRT	4	2.4873e-01	6.7071e-02	0.177423	3
CFHR5	4	2.4877e-01	6.7071e-02	0.177423	3
SMG6	4	2.4878e-01	6.7071e-02	0.177423	2
INSIG2	4	2.4880e-01	6.7071e-02	0.177423	3
C1D	4	2.4886e-01	6.7071e-02	0.177423	3
DRG1	4	2.4889e-01	6.7071e-02	0.177423	3
ANGPT4	4	2.4891e-01	6.7071e-02	0.177423	2
CLK4	4	2.4896e-01	6.7071e-02	0.177423	2
CACNB1	4	2.4899e-01	6.7071e-02	0.177423	3
RAB3GAP2	4	2.4919e-01	6.7071e-02	0.177423	3
MAML1	4	2.4921e-01	6.7071e-02	0.177423	2
GPATCH11	4	2.4921e-01	6.7071e-02	0.177423	3
FOXA1	4	2.4924e-01	6.7071e-02	0.177423	3
TAS2R46	4	2.4925e-01	6.7071e-02	0.177423	2
FAM173B	4	2.4926e-01	6.7071e-02	0.177423	3
MLANA	4	2.4932e-01	6.7071e-02	0.177423	3
LARP7	4	2.4937e-01	6.7071e-02	0.177423	3
OR1J2	4	2.4940e-01	6.7071e-02	0.177423	3
FRMD4A	4	2.4942e-01	6.7071e-02	0.177423	3
PNLIP	4	2.4947e-01	6.7071e-02	0.177423	2
PRB1	4	2.4949e-01	6.7071e-02	0.177423	1
BTNL10	4	2.4958e-01	6.7071e-02	0.177423	2
ACSM2A	4	2.4960e-01	6.7071e-02	0.177423	3
ICAM4	4	2.4962e-01	6.7071e-02	0.177423	2
SRGN	4	2.4972e-01	6.7071e-02	0.177423	3
MAB21L1	4	2.4986e-01	6.7071e-02	0.177423	2
EBAG9	4	2.4990e-01	6.7071e-02	0.177423	3
ABCB1	4	2.4991e-01	6.7071e-02	0.177423	3
C8orf33	4	2.4992e-01	6.7071e-02	0.177423	3
DZANK1	4	2.4996e-01	6.7071e-02	0.177423	2
KRTAP12-4	4	2.5001e-01	6.7071e-02	0.177423	1
CRH	4	2.5016e-01	6.7509e-02	0.177423	3
MCFD2	4	2.5020e-01	6.7509e-02	0.177423	3
SUCO	4	2.5023e-01	6.7509e-02	0.177423	3
FBXO47	4	2.5025e-01	6.7509e-02	0.177423	3
ASB10	4	2.5028e-01	6.7509e-02	0.177423	1
PCDHB4	4	2.5031e-01	6.7509e-02	0.177423	3
MEOX1	4	2.5038e-01	6.7509e-02	0.177423	2
MTFMT	4	2.5050e-01	6.7509e-02	0.177423	3
IVD	4	2.5057e-01	6.7509e-02	0.177423	1
TVP23B	4	2.5065e-01	6.7509e-02	0.177423	1
SEC22C	4	2.5068e-01	6.7509e-02	0.177423	2
PSAP	4	2.5069e-01	6.7509e-02	0.177423	3
DUSP5	4	2.5070e-01	6.7509e-02	0.177423	2
LRRN3	4	2.5070e-01	6.7509e-02	0.177423	3
RXFP1	4	2.5073e-01	6.7509e-02	0.177423	3
MPHOSPH6	4	2.5079e-01	6.7509e-02	0.177423	3
IGDCC3	4	2.5098e-01	6.7509e-02	0.177423	2
ARPC4-TTLL3	4	2.5099e-01	6.7509e-02	0.177423	3
WDR41	4	2.5102e-01	6.7509e-02	0.177423	3
ACTL6B	4	2.5105e-01	6.7509e-02	0.177423	2
HIST3H3	4	2.5109e-01	6.7509e-02	0.177423	3
SPATS2L	4	2.5111e-01	6.7509e-02	0.177423	3
CDK4	4	2.5118e-01	6.7509e-02	0.177423	2
RFPL4B	4	2.5118e-01	6.7509e-02	0.177423	3
PCDHGA2	4	2.5123e-01	6.7509e-02	0.177423	2
PRDM10	4	2.5141e-01	6.7509e-02	0.177423	1
KSR1	4	2.5149e-01	6.7509e-02	0.177423	3
TNP1	4	2.5153e-01	6.7509e-02	0.177423	2
CA6	4	2.5153e-01	6.7509e-02	0.177423	3
DNAH2	4	2.5155e-01	6.7509e-02	0.177423	3
SLC35D1	4	2.5166e-01	6.7509e-02	0.177423	3
CXCR6	4	2.5170e-01	6.7509e-02	0.177423	1
M1AP	4	2.5171e-01	6.7509e-02	0.177423	3
TFF1	4	2.5172e-01	6.7509e-02	0.177423	2
PTAFR	4	2.5174e-01	6.7509e-02	0.177423	2
METTL17	4	2.5183e-01	6.7509e-02	0.177423	3
ANPEP	4	2.5192e-01	6.7509e-02	0.177423	3
CHRNB1	4	2.5195e-01	6.7509e-02	0.177423	1
SLC7A14	4	2.5200e-01	6.7509e-02	0.177423	2
DHX29	4	2.5203e-01	6.7509e-02	0.177423	1
FAM110C	4	2.5206e-01	6.7509e-02	0.177423	3
ZNF862	4	2.5212e-01	6.7509e-02	0.177423	3
CTNNA2	4	2.5215e-01	6.7509e-02	0.177423	2
PARD6B	4	2.5219e-01	6.7509e-02	0.177423	3
PPP2R2B	4	2.5221e-01	6.7509e-02	0.177423	2
OR1A1	4	2.5222e-01	6.7509e-02	0.177423	3
ZNF426	4	2.5224e-01	6.7509e-02	0.177423	2
YBX2	4	2.5227e-01	6.7509e-02	0.177423	3
MAGEC1	4	2.5233e-01	6.7509e-02	0.177423	2
DIP2C	4	2.5243e-01	6.7509e-02	0.177423	3
FGL1	4	2.5244e-01	6.7509e-02	0.177423	2
CXorf40B	4	2.5247e-01	6.7509e-02	0.177423	3
RLN1	4	2.5249e-01	6.7509e-02	0.177423	3
SLC25A31	4	2.5254e-01	6.7509e-02	0.177423	2
GDF6	4	2.5259e-01	6.7509e-02	0.177423	2
ADAMTS7	4	2.5265e-01	6.7509e-02	0.177423	3
SP9	4	2.5266e-01	6.7509e-02	0.177423	2
SLC16A12	4	2.5266e-01	6.7509e-02	0.177423	3
NRSN2	4	2.5272e-01	6.7509e-02	0.177423	3
TMEM35	4	2.5272e-01	6.7509e-02	0.177423	2
C20orf96	4	2.5278e-01	6.7509e-02	0.177423	1
C2orf61	4	2.5279e-01	6.7509e-02	0.177423	3
ARMC5	4	2.5282e-01	6.7509e-02	0.177423	2
COA5	4	2.5293e-01	6.7509e-02	0.177423	2
MST1L	4	2.5298e-01	6.7509e-02	0.177423	2
POC5	4	2.5303e-01	6.7509e-02	0.177423	3
C15orf26	4	2.5307e-01	6.7509e-02	0.177423	3
MUC4	4	2.5309e-01	6.7509e-02	0.177423	3
FAM133B	4	2.5311e-01	6.7509e-02	0.177423	3
C19orf53	4	2.5315e-01	6.7509e-02	0.177423	3
PRR23D2	4	2.5331e-01	6.7509e-02	0.177423	3
UBN1	4	2.5341e-01	6.7509e-02	0.177423	3
CHAT	4	2.5343e-01	6.7509e-02	0.177423	3
CEP55	4	2.5345e-01	6.7509e-02	0.177423	2
IFT22	4	2.5345e-01	6.7509e-02	0.177423	2
DERL3	4	2.5352e-01	6.7509e-02	0.177423	2
TAPBPL	4	2.5363e-01	6.7509e-02	0.177423	2
NET1	4	2.5381e-01	6.7509e-02	0.177423	3
KLHL20	4	2.5382e-01	6.7509e-02	0.177423	1
KRTAP15-1	4	2.5385e-01	6.7509e-02	0.177423	2
EEF1E1	4	2.5387e-01	6.7509e-02	0.177423	3
USP17L24	4	2.5389e-01	6.7509e-02	0.177423	2
C2orf73	4	2.5390e-01	6.7509e-02	0.177423	1
YBX1	4	2.5392e-01	6.7509e-02	0.177423	3
PQLC2	4	2.5393e-01	6.7509e-02	0.177423	3
FBXO41	4	2.5394e-01	6.7509e-02	0.177423	2
LDHAL6B	4	2.5400e-01	6.7509e-02	0.177423	2
PRPSAP2	4	2.5408e-01	6.7509e-02	0.177423	2
WDR62	4	2.5415e-01	6.7509e-02	0.177423	2
ACOT13	4	2.5416e-01	6.7509e-02	0.177423	3
MOGAT3	4	2.5419e-01	6.7509e-02	0.177423	3
METTL10	4	2.5419e-01	6.7509e-02	0.177423	3
ELMOD1	4	2.5419e-01	6.7509e-02	0.177423	2
C3orf14	4	2.5423e-01	6.7509e-02	0.177423	2
CCZ1	4	2.5424e-01	6.7509e-02	0.177423	1
OTX2	4	2.5430e-01	6.7509e-02	0.177423	3
TMOD4	4	2.5432e-01	6.7509e-02	0.177423	1
PRSS48	4	2.5438e-01	6.7509e-02	0.177423	3
KRTAP25-1	4	2.5441e-01	6.7509e-02	0.177423	3
CDK2AP2	4	2.5446e-01	6.7509e-02	0.177423	1
ZFP36	4	2.5453e-01	6.7509e-02	0.177423	3
ODC1	4	2.5455e-01	6.7509e-02	0.177423	1
FGF10	4	2.5460e-01	6.7509e-02	0.177423	3
HERC2	4	2.5468e-01	6.7509e-02	0.177423	3
ABRA	4	2.5472e-01	6.7509e-02	0.177423	3
FAM117A	4	2.5484e-01	6.7509e-02	0.177423	2
IFT57	4	2.5489e-01	6.7509e-02	0.177423	2
CFAP47	4	2.5490e-01	6.7509e-02	0.177423	3
MYO10	4	2.5490e-01	6.7509e-02	0.177423	3
BIRC6	4	2.5490e-01	6.7509e-02	0.177423	3
RELB	4	2.5495e-01	6.7509e-02	0.177423	3
HOXD9	4	2.5504e-01	6.7509e-02	0.177423	2
KRTAP4-6	4	2.5505e-01	6.7509e-02	0.177423	2
IQCH	4	2.5511e-01	6.7509e-02	0.177423	2
BRD8	4	2.5516e-01	6.7509e-02	0.177423	3
CFAP69	4	2.5521e-01	6.7509e-02	0.177423	2
ARIH2OS	4	2.5523e-01	6.7509e-02	0.177423	3
NOD2	4	2.5530e-01	6.7509e-02	0.177423	2
TMC5	4	2.5533e-01	6.7509e-02	0.177423	3
POMT1	4	2.5536e-01	6.7509e-02	0.177423	3
USP17L12	4	2.5539e-01	6.7509e-02	0.177423	2
SEPTIN11	4	2.5550e-01	6.7509e-02	0.177423	2
FIGLA	4	2.5561e-01	6.7509e-02	0.177423	2
MAP3K6	4	2.5569e-01	6.7509e-02	0.177423	2
SULT1A2	4	2.5575e-01	6.7509e-02	0.177423	3
KRTAP19-6	4	2.5584e-01	6.8089e-02	0.177423	3
ZNF273	4	2.5593e-01	6.8089e-02	0.177423	3
CCDC171	4	2.5600e-01	6.8089e-02	0.177423	2
SBSPON	4	2.5618e-01	6.8089e-02	0.177423	3
SLC44A5	4	2.5620e-01	6.8089e-02	0.177423	2
CPA3	4	2.5626e-01	6.8089e-02	0.177423	2
WFIKKN2	4	2.5634e-01	6.8089e-02	0.177423	3
FOXL1	4	2.5642e-01	6.8089e-02	0.177423	3
MYCT1	4	2.5652e-01	6.8089e-02	0.177423	2
RUNDC1	4	2.5658e-01	6.8089e-02	0.177423	1
FAM212A	4	2.5668e-01	6.8089e-02	0.177423	2
FBN2	3	2.5700e-01	8.2128e-02	0.194633	2
NKX6-3	4	2.5714e-01	6.8089e-02	0.177423	3
ABCA5	4	2.5726e-01	6.8089e-02	0.177423	3
PMS1	4	2.5731e-01	6.8089e-02	0.177423	3
KY	4	2.5735e-01	6.8089e-02	0.177423	3
MUC22	4	2.5737e-01	6.8089e-02	0.177423	2
FCN1	4	2.5739e-01	6.8089e-02	0.177423	3
NPTX1	4	2.5740e-01	6.8089e-02	0.177423	3
TMEM64	4	2.5747e-01	6.8089e-02	0.177423	2
KLRD1	4	2.5752e-01	6.8089e-02	0.177423	2
DCLK2	4	2.5759e-01	6.8089e-02	0.177423	2
FAM149A	4	2.5760e-01	6.8089e-02	0.177423	1
KIF6	4	2.5764e-01	6.8089e-02	0.177423	1
EFCAB11	4	2.5767e-01	6.8089e-02	0.177423	3
AXL	4	2.5779e-01	6.8090e-02	0.177423	2
LARP1B	4	2.5781e-01	6.8090e-02	0.177423	3
FSHR	4	2.5782e-01	6.8090e-02	0.177423	1
SV2B	4	2.5784e-01	6.8090e-02	0.177423	3
HIST1H3I	4	2.5789e-01	6.8090e-02	0.177423	3
ZCCHC10	4	2.5791e-01	6.8090e-02	0.177423	2
COQ7	4	2.5793e-01	6.8090e-02	0.177423	1
SERPINE1	4	2.5799e-01	6.8090e-02	0.177423	3
NOX1	4	2.5801e-01	6.8090e-02	0.177423	3
TPD52L3	4	2.5806e-01	6.8090e-02	0.177423	3
PLAG1	4	2.5811e-01	6.8090e-02	0.177423	3
OR52K2	4	2.5813e-01	6.8090e-02	0.177423	1
STEAP4	4	2.5815e-01	6.8090e-02	0.177423	3
AGTRAP	4	2.5828e-01	6.8090e-02	0.177423	3
OR8J1	4	2.5830e-01	6.8090e-02	0.177423	3
SNTB2	4	2.5839e-01	6.8090e-02	0.177423	2
IRX6	4	2.5846e-01	6.8090e-02	0.177423	2
PIH1D3	4	2.5848e-01	6.8090e-02	0.177423	3
CPT1B	4	2.5852e-01	6.8090e-02	0.177423	3
STYXL1	4	2.5859e-01	6.8090e-02	0.177423	2
PTDSS2	4	2.5876e-01	6.8090e-02	0.177423	3
CDH26	4	2.5879e-01	6.8090e-02	0.177423	3
OR2A25	4	2.5881e-01	6.8090e-02	0.177423	2
FKBP1A	4	2.5886e-01	6.8090e-02	0.177423	2
C9orf156	4	2.5890e-01	6.8090e-02	0.177423	3
RIOK3	4	2.5891e-01	6.8090e-02	0.177423	2
OTUD7B	4	2.5902e-01	6.8090e-02	0.177423	1
CACNA1E	4	2.5902e-01	6.8090e-02	0.177423	1
DHRS3	4	2.5905e-01	6.8090e-02	0.177423	3
CPT1C	4	2.5908e-01	6.8090e-02	0.177423	2
SLC22A17	4	2.5909e-01	6.8090e-02	0.177423	3
ZNF429	4	2.5909e-01	6.8090e-02	0.177423	3
TNFSF14	4	2.5913e-01	6.8090e-02	0.177423	2
SLC2A11	4	2.5915e-01	6.8090e-02	0.177423	2
HMGN5	4	2.5915e-01	6.8090e-02	0.177423	1
APOBEC3A	4	2.5920e-01	6.8090e-02	0.177423	2
MALL	4	2.5926e-01	6.8090e-02	0.177423	2
PDE4D	4	2.5927e-01	6.8090e-02	0.177423	3
TMC1	4	2.5927e-01	6.8090e-02	0.177423	2
ARHGEF18	4	2.5938e-01	6.8090e-02	0.177423	3
S100A7L2	4	2.5940e-01	6.8090e-02	0.177423	3
MYO1F	4	2.5944e-01	6.8090e-02	0.177423	3
VPS37B	4	2.5948e-01	6.8090e-02	0.177423	3
GALNT11	4	2.5950e-01	6.8090e-02	0.177423	3
FARP2	4	2.5953e-01	6.8090e-02	0.177423	3
ODF3	4	2.5959e-01	6.8090e-02	0.177423	2
LRRC75A	4	2.5966e-01	6.8090e-02	0.177423	2
F7	4	2.5966e-01	6.8090e-02	0.177423	2
NKAIN1	4	2.5971e-01	6.8090e-02	0.177423	2
CDH15	4	2.5971e-01	6.8090e-02	0.177423	3
TBC1D2B	4	2.5978e-01	6.8545e-02	0.177979	3
PRKRIR	4	2.5982e-01	6.8545e-02	0.177979	3
SYT4	4	2.5983e-01	6.8545e-02	0.177979	1
NPNT	4	2.5983e-01	6.8545e-02	0.177979	3
SHMT1	3	2.5985e-01	8.2855e-02	0.196257	2
ARHGDIA	4	2.5987e-01	6.8545e-02	0.177979	2
SHISA9	4	2.5987e-01	6.8545e-02	0.177979	2
ADA	4	2.5988e-01	6.8545e-02	0.177979	3
ZNF808	4	2.5991e-01	6.8545e-02	0.177979	3
COX19	4	2.5996e-01	6.8545e-02	0.177979	3
TMEM87B	4	2.6002e-01	6.8545e-02	0.177979	3
B3GAT2	4	2.6002e-01	6.8545e-02	0.177979	3
CSNK2A3	4	2.6008e-01	6.8545e-02	0.177979	3
KLF17	4	2.6016e-01	6.8545e-02	0.177979	2
FAM189B	4	2.6016e-01	6.8545e-02	0.177979	3
CSF1R	4	2.6016e-01	6.8545e-02	0.177979	3
ZNF554	4	2.6018e-01	6.8545e-02	0.177979	2
CBS	4	2.6024e-01	6.8545e-02	0.177979	3
PI16	4	2.6024e-01	6.8545e-02	0.177979	3
MSRB2	4	2.6030e-01	6.8545e-02	0.177979	3
TAF11	4	2.6033e-01	6.8545e-02	0.177979	1
CSGALNACT1	4	2.6035e-01	6.8545e-02	0.177979	2
TRAPPC3L	4	2.6036e-01	6.8545e-02	0.177979	3
SCGB1C2	4	2.6038e-01	6.8545e-02	0.177979	2
PHKA1	4	2.6045e-01	6.8545e-02	0.177979	1
TEX33	4	2.6046e-01	6.8545e-02	0.177979	2
SLC17A9	4	2.6053e-01	6.8545e-02	0.177979	2
CSDC2	4	2.6064e-01	6.9082e-02	0.178113	2
AFAP1	4	2.6066e-01	6.9082e-02	0.178113	2
TBX2	4	2.6066e-01	6.9082e-02	0.178113	1
APOL5	4	2.6068e-01	6.9082e-02	0.178113	3
GPC6	4	2.6069e-01	6.9082e-02	0.178113	3
CYP4F8	4	2.6077e-01	6.9082e-02	0.178113	2
KBTBD7	4	2.6078e-01	6.9082e-02	0.178113	3
DZIP1L	4	2.6087e-01	6.9082e-02	0.178113	3
CYP2C19	4	2.6090e-01	6.9082e-02	0.178113	2
KCNF1	4	2.6095e-01	6.9082e-02	0.178113	1
TACC2	4	2.6101e-01	6.9082e-02	0.178113	2
ST3GAL6	4	2.6108e-01	6.9082e-02	0.178113	3
ACER3	4	2.6111e-01	6.9082e-02	0.178113	3
GLRX3	4	2.6111e-01	6.9082e-02	0.178113	2
DIDO1	4	2.6114e-01	6.9082e-02	0.178113	3
KLF8	4	2.6121e-01	6.9082e-02	0.178113	3
RSRC2	4	2.6125e-01	6.9082e-02	0.178113	3
TRIM35	4	2.6126e-01	6.9082e-02	0.178113	2
CLN6	4	2.6129e-01	6.9082e-02	0.178113	2
PDCD1	4	2.6132e-01	6.9083e-02	0.178113	2
ALOX15B	4	2.6143e-01	6.9083e-02	0.178113	3
LRRC38	4	2.6145e-01	6.9083e-02	0.178113	3
MLNR	4	2.6148e-01	6.9083e-02	0.178113	3
CAMK2D	4	2.6150e-01	6.9083e-02	0.178113	3
TMEM183B	4	2.6151e-01	6.9083e-02	0.178113	2
PGBD2	4	2.6156e-01	6.9083e-02	0.178113	2
MPL	4	2.6159e-01	6.9083e-02	0.178113	3
BRINP1	4	2.6161e-01	6.9083e-02	0.178113	2
PRDX3	4	2.6163e-01	6.9083e-02	0.178113	3
ADSL	4	2.6164e-01	6.9083e-02	0.178113	3
LCA5L	4	2.6171e-01	6.9083e-02	0.178113	3
ARHGAP19	4	2.6180e-01	6.9083e-02	0.178113	3
PZP	4	2.6183e-01	6.9083e-02	0.178113	2
RFTN1	4	2.6183e-01	6.9083e-02	0.178113	3
IL23R	4	2.6188e-01	6.9083e-02	0.178113	3
TRIM43B	4	2.6190e-01	6.9083e-02	0.178113	2
LUZP2	4	2.6194e-01	6.9083e-02	0.178113	2
GADL1	4	2.6197e-01	6.9083e-02	0.178113	2
MFAP3L	4	2.6198e-01	6.9083e-02	0.178113	3
TP53BP2	4	2.6198e-01	6.9083e-02	0.178113	1
FAM107B	4	2.6206e-01	6.9658e-02	0.178113	2
ITM2C	4	2.6218e-01	6.9658e-02	0.178113	3
GRIK2	4	2.6222e-01	6.9658e-02	0.178113	1
VANGL1	3	2.6227e-01	8.4289e-02	0.198166	2
OR11H12	4	2.6232e-01	6.9658e-02	0.178113	2
HSD3B1	4	2.6235e-01	6.9658e-02	0.178113	2
ACSS3	4	2.6236e-01	6.9658e-02	0.178113	2
TRIM11	4	2.6236e-01	6.9658e-02	0.178113	3
HADH	4	2.6250e-01	6.9658e-02	0.178113	3
NOXO1	4	2.6255e-01	6.9658e-02	0.178113	1
AQP5	4	2.6258e-01	6.9658e-02	0.178113	2
EFNA1	4	2.6265e-01	6.9658e-02	0.178113	3
TCP11	4	2.6267e-01	6.9658e-02	0.178113	3
DVL2	4	2.6269e-01	6.9658e-02	0.178113	3
BCAS1	4	2.6276e-01	6.9658e-02	0.178113	1
C2orf27A	4	2.6280e-01	6.9658e-02	0.178113	3
PRAMEF17	4	2.6281e-01	6.9658e-02	0.178113	3
C16orf97	4	2.6282e-01	6.9658e-02	0.178113	2
SESTD1	4	2.6283e-01	6.9658e-02	0.178113	3
SLC5A9	4	2.6291e-01	6.9658e-02	0.178113	3
CCNT2	4	2.6298e-01	6.9658e-02	0.178113	3
MSRB3	4	2.6300e-01	6.9658e-02	0.178113	2
SCAND1	4	2.6302e-01	6.9658e-02	0.178113	2
KLRK1	4	2.6307e-01	6.9658e-02	0.178113	2
ZNF234	4	2.6309e-01	6.9658e-02	0.178113	2
C11orf49	4	2.6317e-01	6.9658e-02	0.178113	2
IZUMO1	4	2.6319e-01	6.9658e-02	0.178113	3
OR2C1	4	2.6325e-01	6.9658e-02	0.178113	3
CCDC112	4	2.6335e-01	6.9658e-02	0.178113	3
FAT4	4	2.6339e-01	6.9658e-02	0.178113	2
KCNJ4	4	2.6348e-01	6.9658e-02	0.178113	1
ALS2CL	4	2.6350e-01	6.9658e-02	0.178113	3
NEK3	4	2.6354e-01	6.9658e-02	0.178113	2
DDX4	4	2.6355e-01	6.9658e-02	0.178113	3
LACTB	4	2.6364e-01	6.9658e-02	0.178113	2
RPS6KA6	4	2.6366e-01	6.9658e-02	0.178113	3
PCDHB13	4	2.6368e-01	6.9658e-02	0.178113	3
ANO4	4	2.6370e-01	6.9658e-02	0.178113	2
C1QTNF7	4	2.6371e-01	6.9659e-02	0.178113	3
CXorf56	4	2.6383e-01	6.9659e-02	0.178113	3
STX16	4	2.6385e-01	6.9659e-02	0.178113	2
OPTC	4	2.6387e-01	6.9659e-02	0.178113	2
DEAF1	4	2.6391e-01	6.9659e-02	0.178113	3
R3HCC1L	4	2.6400e-01	6.9659e-02	0.178113	2
C2orf48	4	2.6405e-01	6.9659e-02	0.178113	2
ANKRD37	4	2.6408e-01	6.9659e-02	0.178113	1
IL10	4	2.6412e-01	6.9659e-02	0.178113	2
TP53INP1	4	2.6415e-01	6.9659e-02	0.178113	3
ZNF189	4	2.6418e-01	6.9659e-02	0.178113	3
PTGDS	4	2.6420e-01	6.9659e-02	0.178113	2
AASS	4	2.6427e-01	6.9659e-02	0.178113	2
OR5B3	4	2.6437e-01	6.9659e-02	0.178113	2
MDM1	4	2.6442e-01	6.9659e-02	0.178113	3
VAMP1	4	2.6445e-01	6.9659e-02	0.178113	3
VPS37D	4	2.6456e-01	6.9659e-02	0.178113	2
DCANP1	4	2.6457e-01	6.9659e-02	0.178113	2
TMBIM1	4	2.6461e-01	6.9659e-02	0.178113	2
ZNF575	4	2.6468e-01	6.9659e-02	0.178113	3
CSRP2BP	4	2.6470e-01	6.9659e-02	0.178113	3
TOR1AIP1	4	2.6472e-01	6.9659e-02	0.178113	3
PSG5	4	2.6477e-01	6.9659e-02	0.178113	3
SULT1C4	4	2.6483e-01	6.9659e-02	0.178113	3
NODAL	4	2.6484e-01	6.9659e-02	0.178113	2
ALKBH8	4	2.6485e-01	6.9659e-02	0.178113	3
TGOLN2	4	2.6489e-01	6.9659e-02	0.178113	3
FOXO6	4	2.6494e-01	6.9659e-02	0.178113	1
RHD	4	2.6507e-01	6.9659e-02	0.178113	3
CD300E	4	2.6513e-01	6.9659e-02	0.178113	2
CYB5D2	4	2.6514e-01	6.9659e-02	0.178113	3
FCHSD1	4	2.6519e-01	6.9659e-02	0.178113	2
RNMTL1	4	2.6523e-01	6.9659e-02	0.178113	2
NIF3L1	4	2.6523e-01	6.9659e-02	0.178113	2
SPP2	4	2.6523e-01	6.9659e-02	0.178113	3
ANKRD10	4	2.6535e-01	6.9659e-02	0.178113	2
PCLO	4	2.6541e-01	7.0230e-02	0.179023	2
MGAT3	4	2.6541e-01	7.0230e-02	0.179023	3
TBRG4	4	2.6544e-01	7.0230e-02	0.179023	1
GRK5	4	2.6545e-01	7.0230e-02	0.179023	2
KDM4C	4	2.6547e-01	7.0230e-02	0.179023	3
MAP3K13	4	2.6553e-01	7.0230e-02	0.179023	3
SLC1A4	4	2.6553e-01	7.0230e-02	0.179023	3
ZNF841	4	2.6559e-01	7.0230e-02	0.179023	3
TMEM79	4	2.6560e-01	7.0230e-02	0.179023	3
HTR2B	4	2.6562e-01	7.0230e-02	0.179023	2
SMAP2	4	2.6573e-01	7.0230e-02	0.179023	3
LDLRAD3	4	2.6576e-01	7.0230e-02	0.179023	3
OPRD1	4	2.6582e-01	7.0230e-02	0.179023	2
APLP2	4	2.6583e-01	7.0230e-02	0.179023	3
COPG2	4	2.6585e-01	7.0230e-02	0.179023	3
PNCK	4	2.6595e-01	7.0230e-02	0.179023	2
LGALS3	4	2.6601e-01	7.0230e-02	0.179023	3
SOWAHC	4	2.6601e-01	7.0230e-02	0.179023	2
CENPQ	4	2.6602e-01	7.0230e-02	0.179023	2
SLITRK3	4	2.6603e-01	7.0230e-02	0.179023	3
UBE2C	4	2.6605e-01	7.0230e-02	0.179023	2
COL8A1	4	2.6606e-01	7.0230e-02	0.179023	3
EXOC8	4	2.6626e-01	7.0230e-02	0.179023	2
DEF8	4	2.6626e-01	7.0812e-02	0.179955	3
DVL1	4	2.6628e-01	7.0812e-02	0.179955	3
FCN2	4	2.6632e-01	7.0812e-02	0.179955	3
CTXN2	4	2.6635e-01	7.0812e-02	0.179955	2
SRP68	4	2.6638e-01	7.0812e-02	0.179955	2
SP110	4	2.6642e-01	7.0812e-02	0.179955	1
NCR1	4	2.6645e-01	7.0812e-02	0.179955	3
MYO1C	4	2.6646e-01	7.0812e-02	0.179955	1
C7orf76	4	2.6648e-01	7.0812e-02	0.179955	3
LEFTY1	4	2.6650e-01	7.0812e-02	0.179955	3
LILRB2	4	2.6666e-01	7.0812e-02	0.179955	2
ELMO2	4	2.6668e-01	7.0812e-02	0.179955	3
GTSF1	4	2.6671e-01	7.0812e-02	0.179955	2
TMEM41A	4	2.6674e-01	7.0813e-02	0.179955	2
MAGED2	4	2.6684e-01	7.0813e-02	0.179955	3
USP51	4	2.6691e-01	7.0813e-02	0.179955	3
ZNF23	4	2.6700e-01	7.0813e-02	0.179955	3
ITGA7	4	2.6701e-01	7.0813e-02	0.179955	2
UCK1	4	2.6706e-01	7.0813e-02	0.179955	3
SLC17A5	4	2.6708e-01	7.0813e-02	0.179955	2
CHMP1B	4	2.6709e-01	7.0813e-02	0.179955	3
C19orf26	4	2.6713e-01	7.0813e-02	0.179955	3
MLLT1	4	2.6715e-01	7.0813e-02	0.179955	2
LOC286238	4	2.6720e-01	7.1431e-02	0.181189	3
ISCA2	4	2.6720e-01	7.1431e-02	0.181189	2
SERPINB13	4	2.6735e-01	7.1431e-02	0.181189	3
IDI1	4	2.6738e-01	7.1431e-02	0.181189	3
KPNA2	4	2.6740e-01	7.1431e-02	0.181189	3
SDF2	4	2.6741e-01	7.1431e-02	0.181189	3
PTPRU	4	2.6746e-01	7.1431e-02	0.181189	3
SLC12A4	4	2.6747e-01	7.1431e-02	0.181189	2
NME1-NME2	4	2.6748e-01	7.1431e-02	0.181189	3
NDUFS1	4	2.6752e-01	7.1431e-02	0.181189	3
TCEANC2	4	2.6752e-01	7.1431e-02	0.181189	3
LILRB5	4	2.6755e-01	7.1431e-02	0.181189	1
LYRM2	4	2.6761e-01	7.1431e-02	0.181189	3
ORM2	4	2.6764e-01	7.1431e-02	0.181189	2
CUEDC2	4	2.6769e-01	7.2037e-02	0.182581	1
ATP11B	4	2.6771e-01	7.2037e-02	0.182581	3
PRDM2	4	2.6771e-01	7.2037e-02	0.182581	2
ASPN	4	2.6775e-01	7.2037e-02	0.182581	2
COQ5	4	2.6777e-01	7.2037e-02	0.182581	3
IL19	4	2.6790e-01	7.2627e-02	0.183143	2
ANXA3	4	2.6793e-01	7.2627e-02	0.183143	3
UVSSA	4	2.6795e-01	7.2627e-02	0.183143	3
DKK2	4	2.6802e-01	7.2627e-02	0.183143	3
ADSS	4	2.6809e-01	7.2627e-02	0.183143	3
HRK	4	2.6813e-01	7.2627e-02	0.183143	3
DFFA	4	2.6818e-01	7.2627e-02	0.183143	3
HMGCL	4	2.6821e-01	7.2627e-02	0.183143	2
JMJD4	4	2.6824e-01	7.2627e-02	0.183143	3
MPP6	4	2.6827e-01	7.2627e-02	0.183143	2
KATNAL2	4	2.6831e-01	7.2627e-02	0.183143	3
CD209	4	2.6835e-01	7.2627e-02	0.183143	3
OGDHL	4	2.6838e-01	7.2627e-02	0.183143	3
FAM193B	4	2.6839e-01	7.2627e-02	0.183143	2
CYP4Z1	4	2.6839e-01	7.2627e-02	0.183143	2
GSTCD	4	2.6840e-01	7.2628e-02	0.183143	3
MYCN	4	2.6849e-01	7.2628e-02	0.183143	3
TRIM28	4	2.6861e-01	7.2628e-02	0.183143	3
CCDC159	4	2.6868e-01	7.2628e-02	0.183143	3
OOEP	4	2.6870e-01	7.2628e-02	0.183143	2
BTG2	4	2.6872e-01	7.2628e-02	0.183143	1
LXN	4	2.6872e-01	7.2628e-02	0.183143	2
HLA-DMA	4	2.6872e-01	7.2628e-02	0.183143	3
ASH1L	4	2.6892e-01	7.2628e-02	0.183143	2
PLD5	4	2.6895e-01	7.2628e-02	0.183143	3
ZNF281	4	2.6900e-01	7.2628e-02	0.183143	2
GRAMD3	4	2.6906e-01	7.3256e-02	0.183143	3
KCNK2	4	2.6909e-01	7.3256e-02	0.183143	2
NOL8	4	2.6913e-01	7.3256e-02	0.183143	3
OTOP3	3	2.6914e-01	9.2713e-02	0.205570	2
CABP7	4	2.6919e-01	7.3256e-02	0.183143	3
KRTAP4-11	4	2.6921e-01	7.3256e-02	0.183143	3
GLYR1	4	2.6925e-01	7.3256e-02	0.183143	3
SIRT1	4	2.6929e-01	7.3256e-02	0.183143	3
PRAP1	4	2.6929e-01	7.3256e-02	0.183143	2
NXPH2	4	2.6931e-01	7.3256e-02	0.183143	3
PSENEN	4	2.6937e-01	7.3256e-02	0.183143	3
TAS2R16	4	2.6937e-01	7.3256e-02	0.183143	1
TBKBP1	4	2.6953e-01	7.3256e-02	0.183143	2
ZNF165	4	2.6955e-01	7.3256e-02	0.183143	3
SCNN1A	4	2.6968e-01	7.3257e-02	0.183143	2
PIGG	4	2.6969e-01	7.3257e-02	0.183143	3
CDX1	4	2.6971e-01	7.3257e-02	0.183143	3
NELFE	4	2.6977e-01	7.3257e-02	0.183143	2
C2orf16	4	2.6982e-01	7.3257e-02	0.183143	3
EFNB3	4	2.7003e-01	7.3257e-02	0.183143	2
B4GALT2	4	2.7010e-01	7.3257e-02	0.183143	3
CLPTM1L	4	2.7014e-01	7.3897e-02	0.183143	3
FCRL4	4	2.7023e-01	7.3897e-02	0.183143	3
SEPHS2	4	2.7030e-01	7.3897e-02	0.183143	3
CNTNAP4	4	2.7031e-01	7.3897e-02	0.183143	2
BBS7	4	2.7035e-01	7.3897e-02	0.183143	3
CMTM4	4	2.7035e-01	7.3897e-02	0.183143	2
SLC1A3	4	2.7038e-01	7.3897e-02	0.183143	2
COL25A1	4	2.7039e-01	7.3897e-02	0.183143	3
MPC1L	4	2.7041e-01	7.3897e-02	0.183143	3
ASF1B	4	2.7053e-01	7.3897e-02	0.183143	3
ST6GAL1	4	2.7055e-01	7.3897e-02	0.183143	3
CYP2U1	4	2.7058e-01	7.3897e-02	0.183143	2
PCDHA4	4	2.7061e-01	7.3897e-02	0.183143	3
RNF208	4	2.7062e-01	7.3897e-02	0.183143	3
KRT72	4	2.7067e-01	7.3897e-02	0.183143	2
MIEF1	4	2.7068e-01	7.3897e-02	0.183143	3
LAPTM4B	4	2.7068e-01	7.3897e-02	0.183143	2
TMEM8B	4	2.7079e-01	7.3897e-02	0.183143	3
NDUFAF1	4	2.7083e-01	7.3897e-02	0.183143	3
IPMK	4	2.7095e-01	7.3897e-02	0.183143	3
KIAA0753	4	2.7098e-01	7.3897e-02	0.183143	2
RANBP9	4	2.7101e-01	7.3897e-02	0.183143	3
FANCL	4	2.7103e-01	7.3897e-02	0.183143	2
PDCD10	4	2.7111e-01	7.3897e-02	0.183143	2
SMYD4	4	2.7117e-01	7.3897e-02	0.183143	3
DMPK	4	2.7128e-01	7.3897e-02	0.183143	3
RIPPLY1	4	2.7131e-01	7.3897e-02	0.183143	2
TPD52L2	4	2.7133e-01	7.3897e-02	0.183143	2
AEN	4	2.7134e-01	7.3897e-02	0.183143	3
DBI	4	2.7135e-01	7.3897e-02	0.183143	3
IAH1	4	2.7142e-01	7.3897e-02	0.183143	3
SMIM20	4	2.7146e-01	7.3897e-02	0.183143	3
ABCC2	4	2.7156e-01	7.3897e-02	0.183143	3
MCOLN3	4	2.7161e-01	7.3897e-02	0.183143	2
ITGB3BP	4	2.7161e-01	7.3897e-02	0.183143	2
ARHGAP32	4	2.7161e-01	7.3897e-02	0.183143	3
GSTM5	4	2.7169e-01	7.3897e-02	0.183143	2
C20orf202	4	2.7174e-01	7.3897e-02	0.183143	3
SPRR2G	4	2.7178e-01	7.3897e-02	0.183143	1
DENND4C	4	2.7180e-01	7.3897e-02	0.183143	2
GIMAP6	4	2.7182e-01	7.3897e-02	0.183143	2
RBM4	4	2.7183e-01	7.3897e-02	0.183143	3
DESI2	4	2.7188e-01	7.3897e-02	0.183143	3
ACSL1	4	2.7190e-01	7.3897e-02	0.183143	3
IRS4	4	2.7192e-01	7.3897e-02	0.183143	3
TRPC6	4	2.7193e-01	7.3897e-02	0.183143	2
ARPP19	4	2.7195e-01	7.3897e-02	0.183143	2
RAB12	4	2.7205e-01	7.3897e-02	0.183143	3
FAIM3	4	2.7205e-01	7.3897e-02	0.183143	3
NATD1	4	2.7211e-01	7.3897e-02	0.183143	3
FBXL5	4	2.7215e-01	7.3897e-02	0.183143	1
PLXND1	4	2.7220e-01	7.3897e-02	0.183143	3
DIP2B	4	2.7225e-01	7.3897e-02	0.183143	3
SNAP29	4	2.7227e-01	7.3897e-02	0.183143	2
C9orf163	4	2.7230e-01	7.3897e-02	0.183143	2
ZNF182	4	2.7240e-01	7.3897e-02	0.183143	3
DMP1	4	2.7241e-01	7.3897e-02	0.183143	3
PDXP	4	2.7244e-01	7.3897e-02	0.183143	3
OTP	4	2.7252e-01	7.3897e-02	0.183143	3
IL6R	4	2.7258e-01	7.3897e-02	0.183143	3
HIST1H2BM	4	2.7262e-01	7.3897e-02	0.183143	3
TCEAL6	4	2.7274e-01	7.3897e-02	0.183143	3
ARMCX5	4	2.7276e-01	7.3897e-02	0.183143	3
HLF	4	2.7279e-01	7.3897e-02	0.183143	3
GJA1	4	2.7279e-01	7.3897e-02	0.183143	3
CENPH	4	2.7280e-01	7.3897e-02	0.183143	1
RABAC1	4	2.7284e-01	7.3897e-02	0.183143	1
SCML2	4	2.7290e-01	7.3897e-02	0.183143	2
ZSWIM3	4	2.7293e-01	7.3897e-02	0.183143	3
ZNF566	4	2.7297e-01	7.3897e-02	0.183143	3
EFCAB7	4	2.7303e-01	7.3897e-02	0.183143	2
OR4M2	4	2.7305e-01	7.3897e-02	0.183143	2
PRR29	4	2.7309e-01	7.3897e-02	0.183143	2
MCF2	4	2.7327e-01	7.3897e-02	0.183143	2
HAP1	4	2.7338e-01	7.3897e-02	0.183143	3
KCNQ1	4	2.7338e-01	7.3897e-02	0.183143	2
UNC119	4	2.7342e-01	7.3897e-02	0.183143	3
PPP2R2A	4	2.7346e-01	7.3897e-02	0.183143	3
THRB	4	2.7354e-01	7.3897e-02	0.183143	2
SLC19A2	4	2.7357e-01	7.3897e-02	0.183143	3
MBD5	4	2.7360e-01	7.3897e-02	0.183143	3
C19orf47	4	2.7366e-01	7.3897e-02	0.183143	1
ZNF334	4	2.7368e-01	7.3897e-02	0.183143	3
CAPN1	4	2.7376e-01	7.3897e-02	0.183143	3
ZNF852	4	2.7376e-01	7.3897e-02	0.183143	2
HHAT	4	2.7381e-01	7.3897e-02	0.183143	3
SV2A	4	2.7385e-01	7.3897e-02	0.183143	2
TP53I13	4	2.7389e-01	7.3897e-02	0.183143	2
MDFI	4	2.7397e-01	7.3897e-02	0.183143	3
KHDRBS1	4	2.7412e-01	7.3897e-02	0.183143	3
TCTN3	4	2.7413e-01	7.3897e-02	0.183143	3
RRAS2	4	2.7423e-01	7.3897e-02	0.183143	1
SORL1	4	2.7432e-01	7.3897e-02	0.183143	3
ARL17A	4	2.7437e-01	7.3897e-02	0.183143	1
POTED	4	2.7447e-01	7.3897e-02	0.183143	2
MKS1	3	2.7449e-01	9.7780e-02	0.215557	2
IL17RA	4	2.7450e-01	7.3897e-02	0.183143	3
MSL2	4	2.7452e-01	7.3897e-02	0.183143	2
WFS1	4	2.7452e-01	7.3897e-02	0.183143	3
GPR84	4	2.7456e-01	7.3897e-02	0.183143	2
OR9A2	4	2.7472e-01	7.3897e-02	0.183143	2
TSNARE1	4	2.7472e-01	7.3897e-02	0.183143	1
C1orf233	4	2.7479e-01	7.3897e-02	0.183143	2
LNX2	4	2.7482e-01	7.3897e-02	0.183143	3
VASH2	4	2.7484e-01	7.3897e-02	0.183143	2
CDX4	4	2.7484e-01	7.3897e-02	0.183143	2
GABRA2	4	2.7485e-01	7.3897e-02	0.183143	3
USP17L8	4	2.7491e-01	7.3897e-02	0.183143	3
PUS10	4	2.7492e-01	7.3897e-02	0.183143	1
MYH6	4	2.7494e-01	7.3897e-02	0.183143	3
CTAGE6	4	2.7500e-01	7.3897e-02	0.183143	2
CSRP2	4	2.7515e-01	7.3897e-02	0.183143	3
ANKRD63	4	2.7517e-01	7.3897e-02	0.183143	3
NDUFAF3	4	2.7518e-01	7.3897e-02	0.183143	3
CABLES2	4	2.7522e-01	7.3897e-02	0.183143	3
C10orf128	4	2.7524e-01	7.3897e-02	0.183143	2
TOB1	4	2.7528e-01	7.3897e-02	0.183143	3
DHX57	4	2.7529e-01	7.3897e-02	0.183143	2
SPATA8	4	2.7537e-01	7.3897e-02	0.183143	1
OR2V1	4	2.7545e-01	7.3897e-02	0.183143	1
MDH1	4	2.7553e-01	7.3897e-02	0.183143	3
OR13G1	4	2.7568e-01	7.3897e-02	0.183143	2
FSCB	4	2.7574e-01	7.3897e-02	0.183143	3
SPHK1	4	2.7580e-01	7.4519e-02	0.184636	1
SULT6B1	4	2.7586e-01	7.5148e-02	0.185763	2
SHCBP1L	4	2.7588e-01	7.5148e-02	0.185763	3
MAP3K12	3	2.7596e-01	1.0064e-01	0.220370	1
RAB7B	4	2.7596e-01	7.5148e-02	0.185763	2
RBMS3	4	2.7599e-01	7.5148e-02	0.185763	2
TMX1	4	2.7602e-01	7.5148e-02	0.185763	1
WRAP53	4	2.7603e-01	7.5148e-02	0.185763	3
CARD9	4	2.7607e-01	7.5148e-02	0.185763	3
FMO4	4	2.7610e-01	7.5148e-02	0.185763	2
FEZF1	4	2.7612e-01	7.5148e-02	0.185763	2
PRKCA	4	2.7621e-01	7.5148e-02	0.185763	2
SUGP1	4	2.7630e-01	7.5148e-02	0.185763	3
HHLA2	4	2.7639e-01	7.5148e-02	0.185763	1
RREB1	4	2.7651e-01	7.5149e-02	0.185763	1
DLX2	4	2.7651e-01	7.5149e-02	0.185763	3
PLA2G4E	4	2.7669e-01	7.5149e-02	0.185763	3
MAN1A2	4	2.7677e-01	7.5149e-02	0.185763	2
TRIM34	4	2.7677e-01	7.5149e-02	0.185763	2
PDZD11	4	2.7707e-01	7.5149e-02	0.185763	3
SEMA5B	4	2.7713e-01	7.7979e-02	0.191891	2
MINA	4	2.7720e-01	7.7979e-02	0.191891	1
KRBA2	4	2.7722e-01	7.7979e-02	0.191891	3
C17orf49	4	2.7728e-01	7.7979e-02	0.191891	3
LOC100129697	4	2.7736e-01	7.7979e-02	0.191891	2
GOLGA1	4	2.7744e-01	7.7979e-02	0.191891	3
FAM178B	4	2.7747e-01	7.7979e-02	0.191891	2
TMEM106C	4	2.7747e-01	7.7979e-02	0.191891	3
EMC9	4	2.7754e-01	7.7979e-02	0.191891	3
FBXO25	4	2.7754e-01	7.7979e-02	0.191891	2
CCDC47	4	2.7756e-01	7.7979e-02	0.191891	3
CSNK1A1L	4	2.7760e-01	7.7979e-02	0.191891	2
PCDH12	4	2.7765e-01	7.7979e-02	0.191891	2
RP9	4	2.7773e-01	7.7979e-02	0.191891	2
WSCD2	4	2.7786e-01	7.7979e-02	0.191891	3
EBF3	4	2.7787e-01	7.7979e-02	0.191891	3
HOOK3	4	2.7789e-01	7.7979e-02	0.191891	1
EIF2D	4	2.7791e-01	7.7979e-02	0.191891	3
XPO7	4	2.7791e-01	7.7979e-02	0.191891	3
NMB	4	2.7803e-01	7.7979e-02	0.191891	1
TLR9	4	2.7804e-01	7.7979e-02	0.191891	2
NUAK2	4	2.7806e-01	7.7979e-02	0.191891	3
PCDHGA7	4	2.7809e-01	7.7979e-02	0.191891	2
RHPN2	4	2.7816e-01	7.7979e-02	0.191891	3
HTR4	4	2.7817e-01	7.7979e-02	0.191891	2
PRPF40B	4	2.7820e-01	7.7979e-02	0.191891	2
CLMP	4	2.7822e-01	7.7979e-02	0.191891	2
SLCO3A1	4	2.7823e-01	7.7979e-02	0.191891	3
KCNK9	4	2.7825e-01	7.7979e-02	0.191891	2
MAGOHB	4	2.7828e-01	7.7979e-02	0.191891	3
CCDC43	4	2.7833e-01	7.7979e-02	0.191891	2
IL12RB2	4	2.7833e-01	7.7979e-02	0.191891	2
ZNF84	4	2.7846e-01	7.7979e-02	0.191891	2
SPRY3	4	2.7854e-01	7.7979e-02	0.191891	2
CIRBP	4	2.7856e-01	7.7979e-02	0.191891	3
RNASEL	4	2.7862e-01	7.8633e-02	0.192694	2
CD2	4	2.7866e-01	7.8633e-02	0.192694	3
CDHR3	4	2.7868e-01	7.8633e-02	0.192694	2
OR56B1	4	2.7869e-01	7.8633e-02	0.192694	3
CMC4	4	2.7876e-01	7.8633e-02	0.192694	2
MXRA8	4	2.7886e-01	7.8633e-02	0.192694	1
ETNK1	4	2.7888e-01	7.8633e-02	0.192694	3
NEUROD4	4	2.7890e-01	7.8634e-02	0.192694	1
TCAP	4	2.7906e-01	7.8634e-02	0.192694	1
THBS4	4	2.7909e-01	7.8634e-02	0.192694	3
THAP7	4	2.7910e-01	7.8634e-02	0.192694	2
BCL9L	4	2.7915e-01	7.8634e-02	0.192694	1
TPRN	4	2.7918e-01	7.8634e-02	0.192694	3
BTG4	4	2.7921e-01	7.9303e-02	0.192694	2
PRDM15	4	2.7921e-01	7.9303e-02	0.192694	2
CUBN	4	2.7924e-01	7.9303e-02	0.192694	2
CSPG5	4	2.7930e-01	7.9303e-02	0.192694	3
GAREM	4	2.7933e-01	7.9303e-02	0.192694	1
PCDHB15	4	2.7933e-01	7.9303e-02	0.192694	3
LHX5	4	2.7937e-01	7.9303e-02	0.192694	3
HOXC9	4	2.7947e-01	7.9303e-02	0.192694	1
PEG3	4	2.7950e-01	7.9303e-02	0.192694	3
GOLGA4	4	2.7953e-01	7.9303e-02	0.192694	2
CKMT2	4	2.7963e-01	7.9303e-02	0.192694	3
C9orf84	4	2.7963e-01	7.9303e-02	0.192694	1
GCOM1	4	2.7970e-01	7.9303e-02	0.192694	3
TIMM50	4	2.7981e-01	7.9303e-02	0.192694	3
OR10X1	4	2.7983e-01	7.9303e-02	0.192694	3
KL	4	2.7987e-01	7.9303e-02	0.192694	2
C15orf40	4	2.7996e-01	7.9303e-02	0.192694	3
CDKN2B	4	2.7998e-01	7.9303e-02	0.192694	3
PRSS33	4	2.8006e-01	7.9303e-02	0.192694	3
MARCHF2	8	2.8014e-01	5.6884e-02	0.173810	4
CREG1	4	2.8017e-01	7.9303e-02	0.192694	3
CDRT15	4	2.8032e-01	7.9303e-02	0.192694	3
PNPLA5	4	2.8035e-01	7.9303e-02	0.192694	3
FRMPD4	4	2.8039e-01	7.9303e-02	0.192694	2
RNF114	4	2.8042e-01	7.9303e-02	0.192694	2
SCARB2	4	2.8048e-01	7.9303e-02	0.192694	2
SSMEM1	4	2.8048e-01	7.9303e-02	0.192694	3
MAGEA8	4	2.8056e-01	7.9303e-02	0.192694	3
EIF1AY	4	2.8059e-01	7.9303e-02	0.192694	2
CTAGE1	4	2.8063e-01	7.9303e-02	0.192694	2
TSPO	4	2.8065e-01	7.9303e-02	0.192694	3
FAIM	4	2.8066e-01	7.9303e-02	0.192694	1
PACSIN2	4	2.8069e-01	7.9303e-02	0.192694	3
CACNA1I	4	2.8070e-01	7.9303e-02	0.192694	3
DPYS	4	2.8080e-01	7.9303e-02	0.192694	3
BMP15	4	2.8081e-01	7.9303e-02	0.192694	2
CLPS	4	2.8083e-01	7.9303e-02	0.192694	1
MB21D2	4	2.8083e-01	7.9303e-02	0.192694	2
ALS2CR12	4	2.8084e-01	7.9303e-02	0.192694	3
MAPRE2	4	2.8085e-01	7.9303e-02	0.192694	2
MROH2A	4	2.8089e-01	7.9303e-02	0.192694	3
CDC37L1	4	2.8095e-01	7.9303e-02	0.192694	2
TMEM167A	4	2.8098e-01	7.9303e-02	0.192694	3
DMXL1	4	2.8101e-01	7.9303e-02	0.192694	1
TUBGCP6	4	2.8106e-01	7.9303e-02	0.192694	3
TICAM1	4	2.8114e-01	7.9303e-02	0.192694	2
BCL2L11	4	2.8119e-01	7.9303e-02	0.192694	3
MT4	4	2.8120e-01	7.9303e-02	0.192694	2
MCOLN2	4	2.8121e-01	7.9303e-02	0.192694	3
QRFP	4	2.8122e-01	7.9303e-02	0.192694	3
SAP130	4	2.8125e-01	7.9303e-02	0.192694	2
FLNB	4	2.8126e-01	7.9303e-02	0.192694	3
ABCD1	4	2.8127e-01	7.9303e-02	0.192694	2
OR7D4	4	2.8130e-01	7.9303e-02	0.192694	3
LANCL1	4	2.8132e-01	7.9303e-02	0.192694	3
VPS37A	4	2.8133e-01	7.9303e-02	0.192694	1
ADAM12	4	2.8139e-01	7.9303e-02	0.192694	3
LCK	4	2.8145e-01	7.9303e-02	0.192694	2
ZNF71	4	2.8149e-01	7.9303e-02	0.192694	1
DMXL2	4	2.8149e-01	7.9303e-02	0.192694	3
FBXO30	4	2.8154e-01	7.9303e-02	0.192694	3
CEP295NL	4	2.8157e-01	7.9303e-02	0.192694	1
MPHOSPH9	4	2.8158e-01	7.9303e-02	0.192694	3
ZEB2	4	2.8165e-01	7.9303e-02	0.192694	2
C22orf31	4	2.8167e-01	7.9303e-02	0.192694	3
BCAR3	4	2.8169e-01	7.9303e-02	0.192694	3
CRISP1	4	2.8171e-01	7.9303e-02	0.192694	2
NCKAP5L	4	2.8172e-01	7.9303e-02	0.192694	3
RAC2	4	2.8174e-01	7.9303e-02	0.192694	2
DNAJC5G	4	2.8174e-01	7.9303e-02	0.192694	3
CCL7	4	2.8176e-01	7.9303e-02	0.192694	3
PVRL2	4	2.8178e-01	7.9303e-02	0.192694	2
ATF5	4	2.8183e-01	7.9303e-02	0.192694	3
PLA2G4D	4	2.8186e-01	7.9303e-02	0.192694	2
FAM69A	4	2.8187e-01	7.9303e-02	0.192694	3
KIF1B	4	2.8190e-01	7.9303e-02	0.192694	3
SESN1	4	2.8195e-01	7.9303e-02	0.192694	3
OR10A4	4	2.8197e-01	7.9303e-02	0.192694	3
GATAD2B	4	2.8197e-01	7.9303e-02	0.192694	2
CCL4L2	4	2.8202e-01	7.9303e-02	0.192694	3
PRSS58	4	2.8212e-01	7.9303e-02	0.192694	3
GOLGA6B	4	2.8215e-01	7.9303e-02	0.192694	3
NES	4	2.8218e-01	7.9303e-02	0.192694	3
CHCHD2	4	2.8221e-01	7.9303e-02	0.192694	3
STIL	4	2.8226e-01	7.9303e-02	0.192694	2
MAP3K4	4	2.8230e-01	7.9303e-02	0.192694	3
DEFB105B	4	2.8240e-01	7.9303e-02	0.192694	2
C17orf105	4	2.8251e-01	7.9986e-02	0.194009	3
ODF3B	4	2.8256e-01	7.9986e-02	0.194009	3
PAEP	4	2.8258e-01	7.9986e-02	0.194009	3
JUND	4	2.8265e-01	7.9986e-02	0.194009	2
LANCL2	4	2.8266e-01	7.9986e-02	0.194009	1
TOMM7	4	2.8269e-01	7.9986e-02	0.194009	2
MAST3	4	2.8274e-01	7.9986e-02	0.194009	2
ZNF625	4	2.8279e-01	7.9987e-02	0.194009	3
TATDN1	4	2.8279e-01	7.9987e-02	0.194009	3
RNF34	4	2.8285e-01	7.9987e-02	0.194009	2
CRIM1	4	2.8285e-01	7.9987e-02	0.194009	2
MAGT1	4	2.8286e-01	7.9987e-02	0.194009	3
FAM227A	4	2.8295e-01	7.9987e-02	0.194009	2
PTCH1	4	2.8296e-01	7.9987e-02	0.194009	2
FAM58A	4	2.8311e-01	8.0682e-02	0.194378	1
DPP3	4	2.8318e-01	8.0682e-02	0.194378	2
ADAMTS9	4	2.8319e-01	8.0682e-02	0.194378	1
FBXW9	4	2.8323e-01	8.0682e-02	0.194378	2
OGG1	4	2.8323e-01	8.0682e-02	0.194378	3
C15orf62	4	2.8328e-01	8.0682e-02	0.194378	3
OR8K1	4	2.8335e-01	8.0682e-02	0.194378	1
ZNF783	4	2.8336e-01	8.0682e-02	0.194378	3
KRTAP13-2	4	2.8343e-01	8.0682e-02	0.194378	1
GAB4	4	2.8349e-01	8.0682e-02	0.194378	2
RAB40B	4	2.8355e-01	8.0682e-02	0.194378	3
LGI2	4	2.8357e-01	8.0682e-02	0.194378	3
CDH7	4	2.8358e-01	8.0682e-02	0.194378	2
TJAP1	4	2.8359e-01	8.0682e-02	0.194378	1
TTC21A	4	2.8367e-01	8.0683e-02	0.194378	2
KLRC4-KLRK1	4	2.8373e-01	8.0683e-02	0.194378	2
MFF	4	2.8373e-01	8.0683e-02	0.194378	3
CELSR3	4	2.8381e-01	8.0683e-02	0.194378	3
TUBA3E	4	2.8383e-01	8.0683e-02	0.194378	3
SAP30	4	2.8383e-01	8.0683e-02	0.194378	2
CFI	4	2.8391e-01	8.0683e-02	0.194378	2
FZD6	4	2.8397e-01	8.0683e-02	0.194378	3
TEX36	4	2.8399e-01	8.0683e-02	0.194378	2
OR5M8	4	2.8400e-01	8.0683e-02	0.194378	3
CCDC181	4	2.8403e-01	8.0683e-02	0.194378	3
ADPRH	4	2.8404e-01	8.0683e-02	0.194378	1
EPB42	4	2.8412e-01	8.0683e-02	0.194378	1
LOX	4	2.8413e-01	8.0683e-02	0.194378	3
CORO2B	4	2.8416e-01	8.0683e-02	0.194378	1
CCNYL1	4	2.8418e-01	8.0683e-02	0.194378	2
CAPSL	4	2.8420e-01	8.0683e-02	0.194378	2
C9orf24	4	2.8422e-01	8.0683e-02	0.194378	3
EIF5AL1	4	2.8427e-01	8.1317e-02	0.194378	2
MAN1A1	4	2.8428e-01	8.1317e-02	0.194378	2
SLC23A2	4	2.8431e-01	8.1317e-02	0.194378	2
DEFB105A	4	2.8438e-01	8.1317e-02	0.194378	3
SMARCE1	4	2.8440e-01	8.1317e-02	0.194378	1
AGPAT3	4	2.8442e-01	8.1317e-02	0.194378	2
ZNF407	4	2.8444e-01	8.1317e-02	0.194378	3
GALNTL5	4	2.8448e-01	8.1317e-02	0.194378	1
SDC2	4	2.8458e-01	8.1317e-02	0.194378	3
SNX11	4	2.8460e-01	8.1317e-02	0.194378	2
GLE1	4	2.8464e-01	8.1317e-02	0.194378	2
KISS1	4	2.8467e-01	8.1317e-02	0.194378	3
UHRF2	4	2.8469e-01	8.1317e-02	0.194378	3
RBPJL	4	2.8469e-01	8.1317e-02	0.194378	2
NOTCH2NL	4	2.8472e-01	8.1317e-02	0.194378	2
HIST1H2AE	4	2.8476e-01	8.1317e-02	0.194378	2
RIBC1	4	2.8480e-01	8.1317e-02	0.194378	2
CD3E	4	2.8480e-01	8.1317e-02	0.194378	1
LRIG1	4	2.8485e-01	8.1317e-02	0.194378	3
NKRF	4	2.8486e-01	8.1317e-02	0.194378	2
KCND2	4	2.8491e-01	8.1317e-02	0.194378	3
SLC17A8	4	2.8504e-01	8.1317e-02	0.194378	3
MEN1	4	2.8505e-01	8.1317e-02	0.194378	3
CALCOCO1	4	2.8508e-01	8.1317e-02	0.194378	3
DUOXA1	4	2.8513e-01	8.1317e-02	0.194378	2
CLPP	4	2.8514e-01	8.1317e-02	0.194378	3
SCUBE2	4	2.8516e-01	8.1317e-02	0.194378	2
DMRTC1	4	2.8524e-01	8.1317e-02	0.194378	2
LRRC26	4	2.8528e-01	8.1317e-02	0.194378	3
SLC25A16	4	2.8532e-01	8.1317e-02	0.194378	3
VEGFC	4	2.8534e-01	8.1317e-02	0.194378	2
SUSD4	4	2.8534e-01	8.1317e-02	0.194378	2
MRS2	4	2.8536e-01	8.1317e-02	0.194378	3
SESN3	4	2.8543e-01	8.1317e-02	0.194378	2
KCNU1	4	2.8543e-01	8.1317e-02	0.194378	2
YIPF7	4	2.8553e-01	8.1317e-02	0.194378	2
GH2	4	2.8558e-01	8.1317e-02	0.194378	3
SAMD13	4	2.8569e-01	8.1317e-02	0.194378	3
AP3M2	4	2.8571e-01	8.1317e-02	0.194378	2
MROH6	4	2.8573e-01	8.1317e-02	0.194378	2
HCK	4	2.8573e-01	8.1317e-02	0.194378	3
SLC44A1	4	2.8577e-01	8.1317e-02	0.194378	3
BBOX1	4	2.8579e-01	8.1317e-02	0.194378	3
RBMS2	4	2.8581e-01	8.1317e-02	0.194378	3
PELI2	4	2.8581e-01	8.1317e-02	0.194378	2
LTBR	4	2.8582e-01	8.1317e-02	0.194378	3
LIN28A	4	2.8586e-01	8.1317e-02	0.194378	3
KIF19	4	2.8591e-01	8.1317e-02	0.194378	2
NFATC2	4	2.8591e-01	8.1317e-02	0.194378	2
LYPD2	4	2.8592e-01	8.1317e-02	0.194378	3
GIF	4	2.8595e-01	8.1317e-02	0.194378	2
ERBB3	4	2.8599e-01	8.1317e-02	0.194378	3
PFKFB3	4	2.8601e-01	8.1317e-02	0.194378	3
FBXL12	4	2.8612e-01	8.1317e-02	0.194378	2
MYOM1	4	2.8622e-01	8.1317e-02	0.194378	3
GPR153	4	2.8624e-01	8.1317e-02	0.194378	2
C22orf24	4	2.8625e-01	8.1317e-02	0.194378	3
NCOA3	4	2.8629e-01	8.1317e-02	0.194378	1
TDP1	4	2.8640e-01	8.1317e-02	0.194378	3
RPRD2	4	2.8653e-01	8.1317e-02	0.194378	2
HNRNPDL	4	2.8654e-01	8.1317e-02	0.194378	3
GAR1	4	2.8660e-01	8.1317e-02	0.194378	2
MANBAL	4	2.8682e-01	8.1317e-02	0.194378	3
DNAJC7	4	2.8683e-01	8.1317e-02	0.194378	1
PRB3	4	2.8707e-01	8.1317e-02	0.194378	2
TTYH3	4	2.8707e-01	8.1317e-02	0.194378	1
ZNF789	4	2.8713e-01	8.1317e-02	0.194378	3
SYNPO	4	2.8715e-01	8.1317e-02	0.194378	3
ARID2	4	2.8719e-01	8.1317e-02	0.194378	2
PIP5K1A	4	2.8725e-01	8.1317e-02	0.194378	1
ZNF536	4	2.8734e-01	8.2010e-02	0.194378	2
PAGE2	4	2.8737e-01	8.2010e-02	0.194378	3
SPNS1	4	2.8742e-01	8.2010e-02	0.194378	2
EMILIN3	4	2.8747e-01	8.2010e-02	0.194378	2
MARCO	4	2.8750e-01	8.2010e-02	0.194378	1
DPPA2	4	2.8764e-01	8.2010e-02	0.194378	2
ZNF12	4	2.8775e-01	8.2010e-02	0.194378	2
GPAM	4	2.8779e-01	8.2010e-02	0.194378	3
SLC23A3	4	2.8790e-01	8.2010e-02	0.194378	2
RASSF7	4	2.8790e-01	8.2010e-02	0.194378	2
SEPN1	4	2.8792e-01	8.2010e-02	0.194378	2
CCDC73	4	2.8798e-01	8.2010e-02	0.194378	3
UBR5	4	2.8798e-01	8.2010e-02	0.194378	3
VAT1L	4	2.8800e-01	8.2010e-02	0.194378	3
AXIN2	4	2.8802e-01	8.2010e-02	0.194378	2
MGAM2	4	2.8802e-01	8.2010e-02	0.194378	3
ANKLE1	4	2.8805e-01	8.2010e-02	0.194378	3
B4GALT3	4	2.8807e-01	8.2010e-02	0.194378	3
NLRP11	4	2.8818e-01	8.2010e-02	0.194378	1
JAK3	4	2.8820e-01	8.2010e-02	0.194378	2
PPP1R3G	4	2.8826e-01	8.2010e-02	0.194378	2
FAM200B	4	2.8832e-01	8.2010e-02	0.194378	3
CBX2	4	2.8838e-01	8.2010e-02	0.194378	2
PAK3	4	2.8838e-01	8.2010e-02	0.194378	3
GPR37L1	3	2.8839e-01	1.1210e-01	0.240376	2
SARDH	4	2.8846e-01	8.2010e-02	0.194378	2
MAGEB10	4	2.8858e-01	8.2010e-02	0.194378	3
TAX1BP3	4	2.8858e-01	8.2010e-02	0.194378	3
UBE2S	4	2.8868e-01	8.2010e-02	0.194378	3
CALHM3	4	2.8868e-01	8.2010e-02	0.194378	3
CEACAM4	4	2.8874e-01	8.2010e-02	0.194378	2
SLC22A2	4	2.8877e-01	8.2010e-02	0.194378	2
CSF3R	4	2.8878e-01	8.2010e-02	0.194378	3
COX7A2	4	2.8882e-01	8.2010e-02	0.194378	3
RASSF9	4	2.8884e-01	8.2010e-02	0.194378	2
ING5	4	2.8888e-01	8.2010e-02	0.194378	3
R3HDML	4	2.8894e-01	8.2010e-02	0.194378	3
DNAH5	4	2.8896e-01	8.2010e-02	0.194378	2
ZNF821	4	2.8896e-01	8.2010e-02	0.194378	1
TM4SF1	4	2.8896e-01	8.2010e-02	0.194378	1
GABRR2	4	2.8897e-01	8.2010e-02	0.194378	3
PCIF1	4	2.8902e-01	8.2010e-02	0.194378	1
FOXRED2	4	2.8906e-01	8.2010e-02	0.194378	3
TIMP1	4	2.8906e-01	8.2010e-02	0.194378	2
OCRL	4	2.8917e-01	8.2010e-02	0.194378	3
MUT	4	2.8920e-01	8.2010e-02	0.194378	3
IL4R	4	2.8927e-01	8.2010e-02	0.194378	2
GSK3A	4	2.8929e-01	8.2010e-02	0.194378	3
SPRYD4	4	2.8935e-01	8.2010e-02	0.194378	3
RELL2	4	2.8937e-01	8.2010e-02	0.194378	3
TSTD1	4	2.8942e-01	8.2010e-02	0.194378	3
HIST1H1C	4	2.8946e-01	8.2010e-02	0.194378	3
IFT172	4	2.8950e-01	8.2010e-02	0.194378	3
KIAA2018	4	2.8955e-01	8.2010e-02	0.194378	3
ID1	4	2.8960e-01	8.2010e-02	0.194378	3
MRPL50	4	2.8963e-01	8.2010e-02	0.194378	2
TRIM44	4	2.8969e-01	8.2010e-02	0.194378	3
TMPRSS2	4	2.8971e-01	8.2010e-02	0.194378	3
RHBDL3	4	2.8974e-01	8.2010e-02	0.194378	3
VSTM2B	4	2.8976e-01	8.2010e-02	0.194378	2
KRTAP10-7	4	2.8980e-01	8.2010e-02	0.194378	3
MS4A13	4	2.8980e-01	8.2010e-02	0.194378	1
PRMT8	4	2.8980e-01	8.2010e-02	0.194378	2
KRT73	4	2.8986e-01	8.2010e-02	0.194378	1
TRAF6	4	2.8988e-01	8.2010e-02	0.194378	3
ADORA2A	4	2.8999e-01	8.2010e-02	0.194378	3
KIF12	4	2.9011e-01	8.2010e-02	0.194378	3
EXOC2	4	2.9014e-01	8.2010e-02	0.194378	3
DALRD3	4	2.9018e-01	8.2010e-02	0.194378	3
MARCHF7	4	2.9021e-01	8.2010e-02	0.194378	2
G6PC	4	2.9021e-01	8.2010e-02	0.194378	3
SLC4A10	4	2.9029e-01	8.2010e-02	0.194378	2
OPCML	4	2.9032e-01	8.2010e-02	0.194378	1
IKBKE	4	2.9035e-01	8.2010e-02	0.194378	3
FRAT1	4	2.9035e-01	8.2010e-02	0.194378	3
C3	4	2.9038e-01	8.2010e-02	0.194378	2
IKZF1	4	2.9049e-01	8.2010e-02	0.194378	3
GATAD1	4	2.9057e-01	8.2010e-02	0.194378	3
KLK2	4	2.9058e-01	8.2010e-02	0.194378	1
IL17REL	4	2.9061e-01	8.2010e-02	0.194378	3
ACER1	4	2.9062e-01	8.2010e-02	0.194378	2
TRIM25	4	2.9065e-01	8.2010e-02	0.194378	3
SSTR1	4	2.9068e-01	8.2010e-02	0.194378	2
AP1G1	4	2.9074e-01	8.2686e-02	0.195883	2
GH1	4	2.9078e-01	8.2686e-02	0.195883	1
SLC25A4	4	2.9080e-01	8.2686e-02	0.195883	3
SUPT20HL1	4	2.9087e-01	8.3374e-02	0.197268	3
SPRY4	4	2.9087e-01	8.3374e-02	0.197268	3
BPIFB6	4	2.9091e-01	8.3374e-02	0.197268	3
JDP2	4	2.9095e-01	8.3374e-02	0.197268	3
MTMR6	4	2.9096e-01	8.3374e-02	0.197268	2
GSTM4	4	2.9097e-01	8.3374e-02	0.197268	3
ETHE1	4	2.9098e-01	8.3374e-02	0.197268	2
CCDC18	4	2.9104e-01	8.3374e-02	0.197268	3
DCD	4	2.9112e-01	8.3374e-02	0.197268	2
SLC45A4	4	2.9122e-01	8.4056e-02	0.198166	1
HIST1H2BD	4	2.9125e-01	8.4056e-02	0.198166	2
ARL6IP4	4	2.9128e-01	8.4056e-02	0.198166	1
LGMN	4	2.9128e-01	8.4056e-02	0.198166	2
TCEAL3	4	2.9132e-01	8.4056e-02	0.198166	2
CYTH4	4	2.9132e-01	8.4056e-02	0.198166	3
TOB2	4	2.9138e-01	8.4056e-02	0.198166	3
COA7	4	2.9142e-01	8.4056e-02	0.198166	3
RBM4B	4	2.9146e-01	8.4056e-02	0.198166	1
CAMK1	4	2.9149e-01	8.4056e-02	0.198166	3
MUC6	4	2.9150e-01	8.4056e-02	0.198166	2
GDNF-AS1	4	2.9151e-01	8.4056e-02	0.198166	3
WNT8A	4	2.9155e-01	8.4056e-02	0.198166	2
GNG11	4	2.9156e-01	8.4056e-02	0.198166	3
BIN2	4	2.9159e-01	8.4056e-02	0.198166	3
ATG4A	4	2.9162e-01	8.4056e-02	0.198166	2
OR51G2	4	2.9163e-01	8.4056e-02	0.198166	3
SPANXN5	4	2.9170e-01	8.4056e-02	0.198166	2
PRCC	4	2.9178e-01	8.4056e-02	0.198166	2
CATSPER2	4	2.9186e-01	8.4056e-02	0.198166	2
ATP8B3	4	2.9197e-01	8.4056e-02	0.198166	3
BCAN	4	2.9204e-01	8.4790e-02	0.198166	3
LOC730183	4	2.9208e-01	8.4790e-02	0.198166	2
FGB	4	2.9208e-01	8.4790e-02	0.198166	3
RTN4	4	2.9212e-01	8.4790e-02	0.198166	3
HMGB4	4	2.9214e-01	8.4790e-02	0.198166	2
KIAA1045	4	2.9223e-01	8.4790e-02	0.198166	3
MATN2	4	2.9228e-01	8.4790e-02	0.198166	3
HOXC8	4	2.9242e-01	8.4790e-02	0.198166	3
UQCRB	4	2.9242e-01	8.4790e-02	0.198166	2
THEMIS	4	2.9244e-01	8.4790e-02	0.198166	3
ZNF707	4	2.9246e-01	8.4790e-02	0.198166	3
LAMB1	4	2.9257e-01	8.4790e-02	0.198166	3
EPB41	4	2.9259e-01	8.4790e-02	0.198166	3
MON1A	4	2.9265e-01	8.4790e-02	0.198166	3
FIBCD1	4	2.9284e-01	8.4790e-02	0.198166	3
CTAGE8	4	2.9286e-01	8.4790e-02	0.198166	2
FOSL2	4	2.9291e-01	8.4790e-02	0.198166	3
TMEM54	4	2.9293e-01	8.4790e-02	0.198166	3
PRMT6	4	2.9295e-01	8.4790e-02	0.198166	2
ITGA8	4	2.9298e-01	8.4790e-02	0.198166	2
MYL6B	4	2.9315e-01	8.4790e-02	0.198166	2
UVRAG	4	2.9317e-01	8.4790e-02	0.198166	2
UTP14C	4	2.9322e-01	8.4790e-02	0.198166	2
TAF5L	4	2.9322e-01	8.4790e-02	0.198166	2
SLC38A4	4	2.9327e-01	8.4790e-02	0.198166	3
AZU1	4	2.9329e-01	8.4790e-02	0.198166	3
C15orf27	4	2.9336e-01	8.4790e-02	0.198166	3
TAF7L	4	2.9339e-01	8.4790e-02	0.198166	3
HK2	4	2.9339e-01	8.4790e-02	0.198166	3
GPC5	4	2.9345e-01	8.4790e-02	0.198166	3
LRTOMT	4	2.9345e-01	8.4790e-02	0.198166	3
IL17RD	4	2.9351e-01	8.4790e-02	0.198166	2
B3GALT1	4	2.9352e-01	8.4790e-02	0.198166	3
CT47A7	4	2.9357e-01	8.4790e-02	0.198166	2
CTNNAL1	4	2.9359e-01	8.4790e-02	0.198166	3
GAGE2D	4	2.9366e-01	8.4790e-02	0.198166	2
SLCO1B1	4	2.9373e-01	8.4790e-02	0.198166	2
NRD1	4	2.9376e-01	8.4790e-02	0.198166	3
HNRNPCL1	4	2.9380e-01	8.4790e-02	0.198166	3
LENG1	4	2.9386e-01	8.4790e-02	0.198166	2
SGK494	4	2.9398e-01	8.4790e-02	0.198166	1
SLC9A5	4	2.9406e-01	8.4790e-02	0.198166	2
XPNPEP2	4	2.9406e-01	8.4790e-02	0.198166	2
ASPHD2	4	2.9418e-01	8.4790e-02	0.198166	3
CLDN22	4	2.9422e-01	8.4790e-02	0.198166	2
FLT3	4	2.9430e-01	8.4790e-02	0.198166	1
DHRS1	4	2.9436e-01	8.4790e-02	0.198166	3
AGA	4	2.9440e-01	8.4790e-02	0.198166	2
CABP1	4	2.9442e-01	8.4790e-02	0.198166	2
NEIL2	4	2.9442e-01	8.4790e-02	0.198166	3
MAP1LC3B2	4	2.9447e-01	8.4790e-02	0.198166	3
NDUFAF6	4	2.9450e-01	8.4790e-02	0.198166	2
PEX16	4	2.9454e-01	8.4790e-02	0.198166	3
INSL5	4	2.9456e-01	8.4790e-02	0.198166	3
FIGNL2	4	2.9456e-01	8.4790e-02	0.198166	2
KLHL15	4	2.9457e-01	8.4790e-02	0.198166	3
C10orf67	4	2.9467e-01	8.4790e-02	0.198166	2
HDHD2	4	2.9469e-01	8.4790e-02	0.198166	3
FADD	4	2.9476e-01	8.4790e-02	0.198166	2
PHLDB2	4	2.9478e-01	8.4790e-02	0.198166	2
PPIA	4	2.9480e-01	8.4790e-02	0.198166	2
ACO1	4	2.9492e-01	8.4790e-02	0.198166	3
IFT43	4	2.9492e-01	8.4790e-02	0.198166	3
FAM228A	4	2.9513e-01	8.4790e-02	0.198166	2
PKHD1	4	2.9530e-01	8.4790e-02	0.198166	1
LIMS3	4	2.9533e-01	8.4790e-02	0.198166	3
NPM3	4	2.9541e-01	8.4790e-02	0.198166	2
HCN4	4	2.9545e-01	8.4790e-02	0.198166	1
NDFIP1	4	2.9546e-01	8.4790e-02	0.198166	3
NPSR1	4	2.9547e-01	8.4790e-02	0.198166	2
PFKP	4	2.9559e-01	8.4790e-02	0.198166	1
RBFOX2	4	2.9562e-01	8.4790e-02	0.198166	3
MUC17	4	2.9564e-01	8.4790e-02	0.198166	3
ZNF497	4	2.9570e-01	8.4790e-02	0.198166	2
AKAP12	4	2.9572e-01	8.4790e-02	0.198166	3
C17orf104	4	2.9575e-01	8.4790e-02	0.198166	2
CCDC168	4	2.9578e-01	8.4790e-02	0.198166	3
SIGLEC5	4	2.9584e-01	8.4790e-02	0.198166	3
DEFB115	4	2.9589e-01	8.5497e-02	0.199428	2
CAPZA2	4	2.9597e-01	8.5497e-02	0.199428	3
GOLGA6L9	4	2.9603e-01	8.5497e-02	0.199428	2
FSTL5	4	2.9607e-01	8.5497e-02	0.199428	3
MTFP1	4	2.9609e-01	8.5497e-02	0.199428	3
CCDC185	4	2.9610e-01	8.5497e-02	0.199428	2
TRIM13	4	2.9613e-01	8.5497e-02	0.199428	3
CATIP	4	2.9615e-01	8.5497e-02	0.199428	3
C1orf123	4	2.9615e-01	8.5497e-02	0.199428	2
ARHGDIG	4	2.9618e-01	8.5498e-02	0.199428	3
ASB16	4	2.9618e-01	8.5498e-02	0.199428	3
CT47A3	4	2.9619e-01	8.5498e-02	0.199428	2
RALGAPA1	4	2.9628e-01	8.5498e-02	0.199428	2
OR56A3	4	2.9630e-01	8.5498e-02	0.199428	3
PHF1	4	2.9632e-01	8.5498e-02	0.199428	2
ADAMTS13	4	2.9638e-01	8.5498e-02	0.199428	3
CGB5	4	2.9657e-01	8.6223e-02	0.200047	3
MTERF3	4	2.9665e-01	8.6223e-02	0.200047	1
C2orf78	4	2.9669e-01	8.6223e-02	0.200047	1
PLCXD2	4	2.9677e-01	8.6223e-02	0.200047	2
LRIG2	4	2.9693e-01	8.6223e-02	0.200047	2
KATNA1	4	2.9693e-01	8.6223e-02	0.200047	3
SZT2	4	2.9695e-01	8.6223e-02	0.200047	3
CST1	4	2.9696e-01	8.6223e-02	0.200047	3
TMEM69	4	2.9698e-01	8.6223e-02	0.200047	3
ZNF254	4	2.9701e-01	8.6223e-02	0.200047	2
NAGA	4	2.9704e-01	8.6223e-02	0.200047	3
LPAR6	4	2.9706e-01	8.6223e-02	0.200047	2
MRAP	4	2.9707e-01	8.6223e-02	0.200047	1
SLC25A38	4	2.9709e-01	8.6223e-02	0.200047	3
GLRA4	4	2.9709e-01	8.6223e-02	0.200047	3
POMGNT2	4	2.9710e-01	8.6223e-02	0.200047	2
EFCAB9	4	2.9713e-01	8.6223e-02	0.200047	2
OR4C12	4	2.9715e-01	8.6223e-02	0.200047	3
VAX2	4	2.9721e-01	8.6223e-02	0.200047	1
BLNK	4	2.9724e-01	8.6223e-02	0.200047	2
DEFB129	4	2.9728e-01	8.6223e-02	0.200047	2
UQCC3	4	2.9731e-01	8.6223e-02	0.200047	3
ARFIP1	4	2.9742e-01	8.6223e-02	0.200047	2
PROL1	4	2.9757e-01	8.6223e-02	0.200047	2
SPAG6	4	2.9768e-01	8.6223e-02	0.200047	1
BBC3	4	2.9771e-01	8.6223e-02	0.200047	3
FSHB	4	2.9775e-01	8.6223e-02	0.200047	3
ZDHHC14	4	2.9782e-01	8.6223e-02	0.200047	1
MYT1L	4	2.9784e-01	8.6223e-02	0.200047	3
STAP1	4	2.9786e-01	8.6223e-02	0.200047	3
BARHL1	4	2.9791e-01	8.6223e-02	0.200047	3
PNPLA6	4	2.9798e-01	8.6223e-02	0.200047	3
PLBD1	4	2.9798e-01	8.6223e-02	0.200047	3
CLDN9	4	2.9802e-01	8.6223e-02	0.200047	3
OR6C65	4	2.9806e-01	8.6223e-02	0.200047	2
ITGB2	4	2.9813e-01	8.6223e-02	0.200047	2
DLD	4	2.9822e-01	8.6223e-02	0.200047	3
RNF13	4	2.9836e-01	8.6223e-02	0.200047	2
DHX40	4	2.9839e-01	8.6223e-02	0.200047	3
PPP1R3E	4	2.9845e-01	8.6223e-02	0.200047	2
CCL14	4	2.9847e-01	8.6223e-02	0.200047	2
ZNF500	4	2.9851e-01	8.6223e-02	0.200047	2
XIRP2	4	2.9854e-01	8.6223e-02	0.200047	3
CLIC1	4	2.9864e-01	8.6223e-02	0.200047	1
CHN1	4	2.9869e-01	8.6947e-02	0.200659	2
LCE3D	4	2.9870e-01	8.6947e-02	0.200659	3
TREM1	4	2.9885e-01	8.7704e-02	0.200659	3
SPATA25	4	2.9891e-01	8.7704e-02	0.200659	1
LDLRAP1	4	2.9892e-01	8.7704e-02	0.200659	2
OR6B3	4	2.9895e-01	8.7704e-02	0.200659	1
TREML2	4	2.9896e-01	8.7704e-02	0.200659	2
LAIR2	4	2.9899e-01	8.7704e-02	0.200659	2
QRFPR	4	2.9905e-01	8.7704e-02	0.200659	2
ARAF	4	2.9910e-01	8.7704e-02	0.200659	3
UBA7	4	2.9913e-01	8.7704e-02	0.200659	3
CLTA	4	2.9913e-01	8.7704e-02	0.200659	2
MDFIC	4	2.9914e-01	8.7704e-02	0.200659	2
CA1	4	2.9915e-01	8.7704e-02	0.200659	3
BTD	4	2.9917e-01	8.7704e-02	0.200659	3
PLEKHF1	4	2.9919e-01	8.7704e-02	0.200659	2
MAGEA11	4	2.9919e-01	8.7704e-02	0.200659	3
KCP	4	2.9925e-01	8.7704e-02	0.200659	3
ICAM3	4	2.9929e-01	8.7704e-02	0.200659	3
EVA1C	4	2.9930e-01	8.7704e-02	0.200659	2
SLC26A9	4	2.9932e-01	8.7704e-02	0.200659	2
TINAGL1	4	2.9938e-01	8.7704e-02	0.200659	3
DNAJB9	4	2.9941e-01	8.7704e-02	0.200659	3
OR10P1	4	2.9944e-01	8.7704e-02	0.200659	3
ANKRD13B	4	2.9950e-01	8.7704e-02	0.200659	3
GABPB2	4	2.9951e-01	8.7704e-02	0.200659	2
NANOS1	4	2.9955e-01	8.7704e-02	0.200659	2
KIAA2026	4	2.9965e-01	8.7704e-02	0.200659	1
SAMD4A	4	2.9965e-01	8.7704e-02	0.200659	1
NME4	4	2.9973e-01	8.7704e-02	0.200659	2
MOXD1	4	2.9978e-01	8.7704e-02	0.200659	3
CCDC96	4	2.9982e-01	8.7704e-02	0.200659	3
FAM134A	4	2.9985e-01	8.7704e-02	0.200659	2
PLXNA4	4	2.9991e-01	8.7704e-02	0.200659	3
SIX6	4	3.0005e-01	8.7704e-02	0.200659	3
PLA2G7	4	3.0015e-01	8.7704e-02	0.200659	3
GBX2	4	3.0018e-01	8.7704e-02	0.200659	1
CRISPLD2	4	3.0026e-01	8.7704e-02	0.200659	2
ADCK3	4	3.0028e-01	8.7704e-02	0.200659	3
PDE1A	4	3.0032e-01	8.7704e-02	0.200659	3
PER1	4	3.0042e-01	8.7704e-02	0.200659	2
AFAP1L1	4	3.0044e-01	8.7704e-02	0.200659	2
FAP	4	3.0044e-01	8.7704e-02	0.200659	3
KRT10	4	3.0052e-01	8.7704e-02	0.200659	2
ODF3L1	4	3.0053e-01	8.7704e-02	0.200659	3
IDH3B	4	3.0053e-01	8.7704e-02	0.200659	2
SNX1	4	3.0055e-01	8.7704e-02	0.200659	3
CCDC86	4	3.0062e-01	8.7704e-02	0.200659	2
CMC1	4	3.0078e-01	8.7704e-02	0.200659	2
AMD1	4	3.0085e-01	8.7704e-02	0.200659	3
PHGDH	4	3.0090e-01	8.7704e-02	0.200659	3
KCNA5	4	3.0097e-01	8.7704e-02	0.200659	3
ERCC6	4	3.0105e-01	8.7704e-02	0.200659	2
UBE2G1	4	3.0106e-01	8.7704e-02	0.200659	3
IRX2	4	3.0107e-01	8.7704e-02	0.200659	2
PTPRQ	4	3.0108e-01	8.7704e-02	0.200659	3
GUCA2A	4	3.0112e-01	8.7704e-02	0.200659	3
BMX	4	3.0114e-01	8.7704e-02	0.200659	2
MAPK15	4	3.0115e-01	8.7704e-02	0.200659	3
MAGEB1	4	3.0120e-01	8.7704e-02	0.200659	3
FGF17	4	3.0121e-01	8.7704e-02	0.200659	2
SYNJ2BP	4	3.0121e-01	8.7704e-02	0.200659	1
OPN4	4	3.0129e-01	8.7705e-02	0.200659	2
ACAA1	4	3.0129e-01	8.7705e-02	0.200659	3
PON3	4	3.0133e-01	8.7705e-02	0.200659	2
MESDC1	4	3.0143e-01	8.7705e-02	0.200659	3
RAB15	4	3.0151e-01	8.7705e-02	0.200659	3
JAK2	4	3.0157e-01	8.7705e-02	0.200659	2
ZNF586	4	3.0163e-01	8.7705e-02	0.200659	2
COMMD10	4	3.0177e-01	8.7705e-02	0.200659	2
GPR141	4	3.0177e-01	8.7705e-02	0.200659	3
RFX2	4	3.0179e-01	8.7705e-02	0.200659	2
BCO2	4	3.0185e-01	8.7705e-02	0.200659	3
RAB11FIP2	4	3.0185e-01	8.7705e-02	0.200659	2
C5orf24	4	3.0189e-01	8.7705e-02	0.200659	3
C16orf58	4	3.0199e-01	8.7705e-02	0.200659	2
PYGB	4	3.0211e-01	8.7705e-02	0.200659	3
TEX264	4	3.0211e-01	8.7705e-02	0.200659	3
RGMA	4	3.0211e-01	8.7705e-02	0.200659	3
NCK1	4	3.0211e-01	8.7705e-02	0.200659	3
STT3A	4	3.0220e-01	8.7705e-02	0.200659	2
SPIDR	4	3.0228e-01	8.7705e-02	0.200659	1
ZBBX	4	3.0233e-01	8.7705e-02	0.200659	3
OR1E1	4	3.0235e-01	8.7705e-02	0.200659	2
HEATR5A	4	3.0236e-01	8.7705e-02	0.200659	1
TP53BP1	4	3.0240e-01	8.7705e-02	0.200659	1
ABCF3	4	3.0246e-01	8.7705e-02	0.200659	1
EHD4	4	3.0246e-01	8.7705e-02	0.200659	3
SFXN5	4	3.0263e-01	8.7705e-02	0.200659	3
ANGPTL6	4	3.0269e-01	8.7705e-02	0.200659	3
ZNF608	4	3.0275e-01	8.7705e-02	0.200659	3
SLC25A51	4	3.0275e-01	8.7705e-02	0.200659	2
BMP4	4	3.0275e-01	8.7705e-02	0.200659	2
CELSR1	4	3.0282e-01	8.7705e-02	0.200659	2
BAHD1	4	3.0292e-01	8.7705e-02	0.200659	3
RAB18	4	3.0295e-01	8.7705e-02	0.200659	2
TSACC	4	3.0304e-01	8.7705e-02	0.200659	3
ASCC1	4	3.0305e-01	8.7705e-02	0.200659	3
SS18L1	4	3.0311e-01	8.7705e-02	0.200659	2
CCDC138	4	3.0317e-01	8.7705e-02	0.200659	1
BDKRB1	4	3.0317e-01	8.7705e-02	0.200659	2
KIF4A	4	3.0317e-01	8.7705e-02	0.200659	3
C8orf48	4	3.0321e-01	8.7705e-02	0.200659	3
TMEM229B	4	3.0323e-01	8.7705e-02	0.200659	3
HIPK2	4	3.0330e-01	8.7705e-02	0.200659	3
ZNF766	4	3.0337e-01	8.7705e-02	0.200659	1
SCN8A	4	3.0338e-01	8.7705e-02	0.200659	2
FAM64A	4	3.0339e-01	8.7705e-02	0.200659	3
RHOJ	4	3.0345e-01	8.7705e-02	0.200659	2
GCC1	4	3.0349e-01	8.7705e-02	0.200659	3
ARHGEF16	4	3.0349e-01	8.7705e-02	0.200659	3
ARL11	4	3.0350e-01	8.7705e-02	0.200659	2
DKK3	4	3.0350e-01	8.7705e-02	0.200659	1
CERS3	4	3.0351e-01	8.7705e-02	0.200659	3
MSC	4	3.0353e-01	8.7705e-02	0.200659	3
OR6N2	4	3.0358e-01	8.7705e-02	0.200659	1
CASC10	4	3.0365e-01	8.8435e-02	0.200815	3
FCN3	4	3.0369e-01	8.8435e-02	0.200815	2
TFE3	4	3.0371e-01	8.8435e-02	0.200815	3
SLC35B3	4	3.0374e-01	8.8435e-02	0.200815	2
C8orf76	4	3.0378e-01	8.8435e-02	0.200815	3
CNTN5	4	3.0382e-01	8.8435e-02	0.200815	3
STMN3	4	3.0399e-01	8.8435e-02	0.200815	3
RIN2	4	3.0400e-01	8.8435e-02	0.200815	1
SKIV2L	4	3.0405e-01	8.8435e-02	0.200815	3
HPS5	4	3.0405e-01	8.8435e-02	0.200815	2
SELE	4	3.0406e-01	8.8435e-02	0.200815	2
TRABD2A	4	3.0409e-01	8.8435e-02	0.200815	3
DNAJC4	4	3.0410e-01	8.8435e-02	0.200815	2
FAM227B	4	3.0421e-01	8.8435e-02	0.200815	3
MED22	4	3.0429e-01	8.8435e-02	0.200815	2
CDH1	4	3.0436e-01	8.8435e-02	0.200815	3
SCN4B	4	3.0439e-01	8.8435e-02	0.200815	2
ENO3	4	3.0440e-01	8.8435e-02	0.200815	3
DHTKD1	4	3.0441e-01	8.8435e-02	0.200815	2
CTSE	4	3.0447e-01	8.8435e-02	0.200815	3
KRBOX1	4	3.0453e-01	8.8435e-02	0.200815	3
HHIP	4	3.0463e-01	8.8435e-02	0.200815	3
SMPDL3A	4	3.0476e-01	8.8435e-02	0.200815	2
DDX53	4	3.0477e-01	8.8435e-02	0.200815	1
SGK3	4	3.0482e-01	8.8435e-02	0.200815	3
NKX2-5	4	3.0484e-01	8.8435e-02	0.200815	3
CXorf49	4	3.0485e-01	8.8435e-02	0.200815	1
COX6C	4	3.0488e-01	8.8435e-02	0.200815	3
CCDC144A	4	3.0490e-01	8.8435e-02	0.200815	3
ARHGEF26	4	3.0492e-01	8.8435e-02	0.200815	3
RNPEPL1	4	3.0492e-01	8.8435e-02	0.200815	2
LRRC71	4	3.0497e-01	8.8435e-02	0.200815	3
ARMC1	4	3.0500e-01	8.8435e-02	0.200815	2
GKN1	4	3.0500e-01	8.8435e-02	0.200815	1
RPTN	4	3.0501e-01	8.8435e-02	0.200815	3
SARNP	4	3.0504e-01	8.8435e-02	0.200815	2
PRAF2	4	3.0506e-01	8.8435e-02	0.200815	2
ENDOD1	4	3.0511e-01	8.8435e-02	0.200815	3
NOD1	4	3.0516e-01	8.8435e-02	0.200815	2
S1PR4	4	3.0522e-01	8.8435e-02	0.200815	3
OR5D14	4	3.0531e-01	8.8435e-02	0.200815	3
TMEM178A	4	3.0538e-01	8.8435e-02	0.200815	3
GBP6	4	3.0540e-01	8.8435e-02	0.200815	1
HIST1H2BL	4	3.0543e-01	8.8435e-02	0.200815	3
ZNF512	4	3.0545e-01	8.8435e-02	0.200815	3
HES3	4	3.0549e-01	8.8435e-02	0.200815	3
KRTAP2-3	4	3.0556e-01	8.8435e-02	0.200815	1
WDR1	4	3.0559e-01	8.8435e-02	0.200815	3
MRPL9	4	3.0563e-01	8.8435e-02	0.200815	1
CERS6	4	3.0566e-01	8.8435e-02	0.200815	3
ZNF292	4	3.0566e-01	8.8435e-02	0.200815	2
PIM3	4	3.0567e-01	8.8435e-02	0.200815	1
ENTPD5	4	3.0570e-01	8.8435e-02	0.200815	3
DPH3P1	4	3.0571e-01	8.8435e-02	0.200815	2
CCDC24	4	3.0574e-01	8.8435e-02	0.200815	3
CNTNAP2	4	3.0575e-01	8.8435e-02	0.200815	1
LINC01272	4	3.0578e-01	8.8435e-02	0.200815	3
PLVAP	4	3.0586e-01	8.8435e-02	0.200815	3
GRINA	4	3.0590e-01	8.8435e-02	0.200815	3
MS4A6E	4	3.0595e-01	8.8435e-02	0.200815	1
KANK1	4	3.0599e-01	8.8435e-02	0.200815	3
LIPK	4	3.0602e-01	8.8435e-02	0.200815	3
GFRA1	4	3.0605e-01	8.8435e-02	0.200815	3
KLRC1	4	3.0609e-01	8.9182e-02	0.201572	3
SSH2	4	3.0611e-01	8.9182e-02	0.201572	2
WDR63	4	3.0611e-01	8.9182e-02	0.201572	3
SRSF12	4	3.0615e-01	8.9182e-02	0.201572	3
ERVW-1	4	3.0625e-01	8.9182e-02	0.201572	2
HR	4	3.0628e-01	8.9182e-02	0.201572	2
P3H1	4	3.0632e-01	8.9182e-02	0.201572	3
EEPD1	4	3.0632e-01	8.9182e-02	0.201572	2
PRR4	4	3.0634e-01	8.9183e-02	0.201572	3
PRICKLE3	4	3.0634e-01	8.9183e-02	0.201572	2
RGSL1	4	3.0646e-01	8.9183e-02	0.201572	3
APC2	4	3.0647e-01	8.9183e-02	0.201572	3
CFAP44	4	3.0648e-01	8.9183e-02	0.201572	1
GRAP2	4	3.0653e-01	8.9183e-02	0.201572	3
TRIM58	4	3.0655e-01	8.9183e-02	0.201572	3
ZNF354B	4	3.0662e-01	8.9911e-02	0.201572	1
NPBWR2	4	3.0670e-01	8.9911e-02	0.201572	2
ZNF776	4	3.0686e-01	8.9911e-02	0.201572	3
DLX4	4	3.0688e-01	8.9911e-02	0.201572	3
TPST1	4	3.0689e-01	8.9911e-02	0.201572	2
FBXL14	4	3.0690e-01	8.9911e-02	0.201572	3
NFE2	4	3.0691e-01	8.9911e-02	0.201572	2
SERPINF2	4	3.0692e-01	8.9911e-02	0.201572	3
FAM229B	4	3.0695e-01	8.9911e-02	0.201572	3
PCDHGB7	4	3.0695e-01	8.9911e-02	0.201572	2
WNT3	4	3.0698e-01	8.9911e-02	0.201572	3
ACVR1C	4	3.0700e-01	8.9911e-02	0.201572	3
MYO7A	4	3.0703e-01	8.9911e-02	0.201572	2
TRIM33	4	3.0703e-01	8.9911e-02	0.201572	3
ZNF581	4	3.0707e-01	8.9911e-02	0.201572	2
GTPBP6	4	3.0713e-01	8.9911e-02	0.201572	2
TUFT1	4	3.0713e-01	8.9911e-02	0.201572	3
NIPAL2	4	3.0713e-01	8.9911e-02	0.201572	2
ZFR2	4	3.0717e-01	8.9911e-02	0.201572	3
BRWD3	4	3.0725e-01	8.9911e-02	0.201572	3
ETS1	4	3.0730e-01	8.9911e-02	0.201572	3
APOO	4	3.0731e-01	8.9911e-02	0.201572	2
SMIM21	4	3.0739e-01	8.9911e-02	0.201572	3
TRIM64C	4	3.0741e-01	8.9911e-02	0.201572	2
TUBAL3	4	3.0747e-01	8.9911e-02	0.201572	3
PLEKHA8	4	3.0750e-01	8.9911e-02	0.201572	3
ADAMTSL5	4	3.0752e-01	8.9911e-02	0.201572	1
TTC23L	4	3.0755e-01	8.9911e-02	0.201572	3
GSDMD	4	3.0760e-01	8.9911e-02	0.201572	2
PAQR6	4	3.0762e-01	8.9911e-02	0.201572	3
ALDH3A1	4	3.0764e-01	8.9911e-02	0.201572	1
SEMA3E	4	3.0768e-01	8.9911e-02	0.201572	2
MRRF	4	3.0781e-01	8.9911e-02	0.201572	3
CCDC65	4	3.0786e-01	8.9911e-02	0.201572	2
RIT1	4	3.0788e-01	8.9911e-02	0.201572	2
HIST1H2AJ	4	3.0789e-01	8.9911e-02	0.201572	3
ENTPD8	4	3.0789e-01	8.9911e-02	0.201572	3
OCM2	4	3.0798e-01	8.9911e-02	0.201572	3
MANEAL	4	3.0802e-01	8.9911e-02	0.201572	3
POM121C	4	3.0803e-01	8.9911e-02	0.201572	2
CHRNA9	4	3.0804e-01	8.9911e-02	0.201572	3
ACTN1	4	3.0809e-01	8.9912e-02	0.201572	3
HDAC10	4	3.0810e-01	8.9912e-02	0.201572	2
MSI1	4	3.0811e-01	8.9912e-02	0.201572	3
DPP7	4	3.0813e-01	8.9912e-02	0.201572	3
SERPINA5	4	3.0817e-01	8.9912e-02	0.201572	2
ARHGAP25	4	3.0819e-01	8.9912e-02	0.201572	2
ADD3	4	3.0821e-01	8.9912e-02	0.201572	2
IFFO1	4	3.0823e-01	8.9912e-02	0.201572	3
DUOXA2	4	3.0829e-01	8.9912e-02	0.201572	2
RTP3	4	3.0837e-01	8.9912e-02	0.201572	2
CLDN14	4	3.0838e-01	8.9912e-02	0.201572	3
CD69	4	3.0843e-01	8.9912e-02	0.201572	2
NCS1	4	3.0844e-01	8.9912e-02	0.201572	3
PEAR1	4	3.0848e-01	8.9912e-02	0.201572	2
RBM47	4	3.0848e-01	8.9912e-02	0.201572	3
EVPL	4	3.0852e-01	8.9912e-02	0.201572	2
DPF2	4	3.0856e-01	8.9912e-02	0.201572	2
C1QC	4	3.0864e-01	8.9912e-02	0.201572	2
ICA1L	4	3.0868e-01	8.9912e-02	0.201572	2
LILRB3	4	3.0870e-01	8.9912e-02	0.201572	2
ZPBP	4	3.0877e-01	8.9912e-02	0.201572	2
SNX15	4	3.0879e-01	8.9912e-02	0.201572	3
NLRP8	4	3.0883e-01	8.9912e-02	0.201572	3
ECI1	4	3.0885e-01	8.9912e-02	0.201572	3
SUPT20H	4	3.0885e-01	8.9912e-02	0.201572	2
GSS	4	3.0889e-01	8.9912e-02	0.201572	3
KCNK5	4	3.0890e-01	8.9912e-02	0.201572	2
STK39	4	3.0898e-01	8.9912e-02	0.201572	2
DGAT2	4	3.0902e-01	8.9912e-02	0.201572	2
PTPN21	4	3.0906e-01	8.9912e-02	0.201572	2
PIWIL4	4	3.0906e-01	8.9912e-02	0.201572	1
THAP2	4	3.0913e-01	8.9912e-02	0.201572	2
NME7	4	3.0921e-01	8.9912e-02	0.201572	2
SPTB	4	3.0925e-01	8.9912e-02	0.201572	2
PDGFA	4	3.0925e-01	8.9912e-02	0.201572	3
FRYL	4	3.0927e-01	8.9912e-02	0.201572	2
SELM	4	3.0927e-01	8.9912e-02	0.201572	3
KRT78	4	3.0929e-01	8.9912e-02	0.201572	2
ITCH	4	3.0929e-01	8.9912e-02	0.201572	3
AFTPH	4	3.0933e-01	8.9912e-02	0.201572	1
JPH3	4	3.0933e-01	8.9912e-02	0.201572	3
ADCK4	4	3.0937e-01	8.9912e-02	0.201572	3
PCDH11Y	4	3.0956e-01	8.9912e-02	0.201572	2
STS	4	3.0958e-01	9.0104e-02	0.201572	3
GRM4	4	3.0958e-01	9.0104e-02	0.201572	3
MAS1L	4	3.0960e-01	9.0297e-02	0.201572	2
HEY1	4	3.0974e-01	9.0297e-02	0.201572	3
ZDHHC23	4	3.0976e-01	9.0297e-02	0.201572	3
GPR162	4	3.0982e-01	9.0297e-02	0.201572	3
ACTN3	4	3.0983e-01	9.0297e-02	0.201572	2
ACADSB	4	3.0984e-01	9.0297e-02	0.201572	1
SFRP2	4	3.0990e-01	9.0297e-02	0.201572	2
LRRC74A	4	3.0992e-01	9.0297e-02	0.201572	2
ERGIC1	4	3.0995e-01	9.0297e-02	0.201572	3
GPC2	4	3.0996e-01	9.0297e-02	0.201572	2
TTC8	4	3.1006e-01	9.0297e-02	0.201572	2
IRF2BP2	4	3.1008e-01	9.0297e-02	0.201572	1
GATA2	4	3.1011e-01	9.0297e-02	0.201572	3
KCNE1	4	3.1017e-01	9.0297e-02	0.201572	2
CFAP45	4	3.1019e-01	9.0297e-02	0.201572	1
LAX1	4	3.1020e-01	9.0297e-02	0.201572	2
CALCA	4	3.1024e-01	9.0297e-02	0.201572	2
NECAB1	4	3.1035e-01	9.0297e-02	0.201572	2
MAGED4	4	3.1042e-01	9.0297e-02	0.201572	3
ANKRD65	4	3.1045e-01	9.0297e-02	0.201572	3
HIST1H3C	4	3.1051e-01	9.0297e-02	0.201572	3
DUSP15	4	3.1053e-01	9.0297e-02	0.201572	2
HRG	4	3.1055e-01	9.0297e-02	0.201572	3
RNASE1	4	3.1062e-01	9.0298e-02	0.201572	2
ZNF568	4	3.1066e-01	9.0298e-02	0.201572	2
HIST1H3E	4	3.1069e-01	9.0298e-02	0.201572	3
FAM124B	4	3.1070e-01	9.0298e-02	0.201572	2
KIF1BP	4	3.1071e-01	9.0298e-02	0.201572	3
GAS2L2	4	3.1073e-01	9.0298e-02	0.201572	2
LINGO3	4	3.1074e-01	9.0298e-02	0.201572	3
CDH22	4	3.1075e-01	9.0298e-02	0.201572	2
CAMSAP3	4	3.1076e-01	9.0298e-02	0.201572	3
HTR2A	4	3.1078e-01	9.0298e-02	0.201572	3
PLEKHB1	4	3.1096e-01	9.0298e-02	0.201572	2
ACHE	4	3.1096e-01	9.0298e-02	0.201572	1
ANGPTL1	4	3.1098e-01	9.0298e-02	0.201572	2
TNS2	4	3.1100e-01	9.0298e-02	0.201572	2
PLSCR4	4	3.1107e-01	9.0298e-02	0.201572	2
FAM218A	4	3.1121e-01	9.0298e-02	0.201572	3
ASB18	4	3.1136e-01	9.0298e-02	0.201572	3
CLCA2	4	3.1143e-01	9.0298e-02	0.201572	2
NPY2R	4	3.1143e-01	9.0298e-02	0.201572	3
ZSCAN29	4	3.1152e-01	9.0298e-02	0.201572	2
CAPN14	4	3.1156e-01	9.0298e-02	0.201572	3
ITGA1	4	3.1163e-01	9.0684e-02	0.202317	2
OR2T34	4	3.1168e-01	9.0684e-02	0.202317	3
HIRIP3	4	3.1168e-01	9.0684e-02	0.202317	3
RNASE9	4	3.1168e-01	9.0684e-02	0.202317	3
ATP8B4	4	3.1168e-01	9.0684e-02	0.202317	3
DEPDC5	4	3.1170e-01	9.1439e-02	0.203053	2
SYNPO2L	4	3.1176e-01	9.1439e-02	0.203053	1
TENM4	4	3.1182e-01	9.1439e-02	0.203053	2
PTPRC	4	3.1184e-01	9.1439e-02	0.203053	2
DEF6	4	3.1188e-01	9.1439e-02	0.203053	2
CLEC4G	4	3.1192e-01	9.1439e-02	0.203053	3
POC1B	4	3.1192e-01	9.1439e-02	0.203053	3
PGLYRP4	4	3.1194e-01	9.1439e-02	0.203053	2
HSD17B8	4	3.1196e-01	9.1439e-02	0.203053	1
ZNF705B	4	3.1197e-01	9.1439e-02	0.203053	2
NFIA	4	3.1204e-01	9.1439e-02	0.203053	2
BRINP3	4	3.1211e-01	9.1439e-02	0.203053	2
GLB1L2	4	3.1218e-01	9.1439e-02	0.203053	3
ZNF350	4	3.1218e-01	9.1439e-02	0.203053	3
PAF1	4	3.1218e-01	9.1439e-02	0.203053	3
MB21D1	4	3.1226e-01	9.1439e-02	0.203053	2
NABP1	4	3.1239e-01	9.1439e-02	0.203053	2
KCNA6	4	3.1246e-01	9.1439e-02	0.203053	3
NCALD	4	3.1247e-01	9.1439e-02	0.203053	2
PHEX	4	3.1249e-01	9.1439e-02	0.203053	2
ABHD10	4	3.1266e-01	9.1439e-02	0.203053	2
KLHL32	4	3.1270e-01	9.1439e-02	0.203053	2
GPR17	4	3.1272e-01	9.1439e-02	0.203053	1
DPYSL3	4	3.1282e-01	9.1439e-02	0.203053	1
FABP9	4	3.1285e-01	9.1439e-02	0.203053	1
KCNG3	4	3.1293e-01	9.1439e-02	0.203053	1
ARHGAP17	4	3.1294e-01	9.1439e-02	0.203053	2
PHPT1	4	3.1299e-01	9.1439e-02	0.203053	2
HRH2	4	3.1301e-01	9.1439e-02	0.203053	2
POTEJ	4	3.1305e-01	9.1439e-02	0.203053	1
GAST	4	3.1311e-01	9.1439e-02	0.203053	1
ABCG2	4	3.1312e-01	9.1439e-02	0.203053	2
SLC41A3	4	3.1325e-01	9.1439e-02	0.203053	2
MYADM	4	3.1328e-01	9.1439e-02	0.203053	2
E2F6	3	3.1335e-01	1.2682e-01	0.267091	2
CADPS2	4	3.1341e-01	9.1439e-02	0.203053	2
PARG	4	3.1360e-01	9.1439e-02	0.203053	1
ZBTB34	4	3.1364e-01	9.1439e-02	0.203053	2
NUMBL	4	3.1367e-01	9.1439e-02	0.203053	2
CCDC134	4	3.1367e-01	9.1439e-02	0.203053	2
DGCR6	4	3.1373e-01	9.1439e-02	0.203053	2
LGALS2	4	3.1387e-01	9.2202e-02	0.204463	1
BET1	4	3.1393e-01	9.2202e-02	0.204463	1
SYT13	4	3.1393e-01	9.2202e-02	0.204463	2
SHH	4	3.1395e-01	9.2202e-02	0.204463	2
C8orf88	4	3.1399e-01	9.2202e-02	0.204463	2
KHNYN	4	3.1409e-01	9.2202e-02	0.204463	2
PLBD2	4	3.1411e-01	9.2202e-02	0.204463	2
DHFR	4	3.1422e-01	9.2202e-02	0.204463	2
SSR1	4	3.1430e-01	9.2202e-02	0.204463	1
PCMTD1	4	3.1438e-01	9.2202e-02	0.204463	2
CCHCR1	4	3.1438e-01	9.2202e-02	0.204463	2
BBS4	4	3.1446e-01	9.2202e-02	0.204463	2
AAK1	4	3.1456e-01	9.2964e-02	0.205867	2
ERICH6B	4	3.1459e-01	9.2964e-02	0.205867	2
CERCAM	4	3.1473e-01	9.2964e-02	0.205867	1
SMTNL2	4	3.1492e-01	9.2964e-02	0.205867	1
CDK5RAP1	4	3.1496e-01	9.2964e-02	0.205867	1
SMAD9	4	3.1524e-01	9.2965e-02	0.205867	2
ZCCHC12	4	3.1526e-01	9.2965e-02	0.205867	2
PYCRL	4	3.1539e-01	9.2965e-02	0.205867	1
CACNA1C	4	3.1547e-01	9.2965e-02	0.205867	2
NBPF8	4	3.1551e-01	9.2965e-02	0.205867	2
PCYT2	4	3.1551e-01	9.2965e-02	0.205867	2
GNAZ	3	3.1552e-01	1.2847e-01	0.270539	2
USP17L21	4	3.1578e-01	9.3725e-02	0.207408	1
RASL11A	4	3.1581e-01	9.3725e-02	0.207408	2
ARHGAP24	4	3.1587e-01	9.3725e-02	0.207408	2
OR10Z1	4	3.1617e-01	9.3726e-02	0.207408	1
GCNT2	4	3.1619e-01	9.3726e-02	0.207408	2
GPR75-ASB3	4	3.1621e-01	9.3726e-02	0.207408	1
OR2K2	4	3.1637e-01	9.7170e-02	0.214237	1
DUSP10	4	3.1639e-01	9.7170e-02	0.214237	2
FAM109B	3	3.1664e-01	1.3232e-01	0.276543	2
YDJC	4	3.1665e-01	9.7170e-02	0.214237	2
OR9G4	4	3.1680e-01	9.7170e-02	0.214237	2
TGFB3	4	3.1683e-01	9.7170e-02	0.214237	1
PHRF1	4	3.1691e-01	9.7170e-02	0.214237	2
TMED3	4	3.1691e-01	9.7170e-02	0.214237	2
DCP1B	4	3.1699e-01	9.7170e-02	0.214237	2
FOXI2	4	3.1705e-01	9.7170e-02	0.214237	2
DNAJC5	4	3.1705e-01	9.7170e-02	0.214237	2
NFKB1	4	3.1711e-01	9.7170e-02	0.214237	1
CGB	4	3.1714e-01	9.7170e-02	0.214237	1
MYPN	4	3.1725e-01	9.7170e-02	0.214237	2
ZNF665	4	3.1726e-01	9.7170e-02	0.214237	2
LOC388813	4	3.1727e-01	9.7170e-02	0.214237	2
ROBO2	4	3.1742e-01	9.7171e-02	0.214237	2
KAT2A	4	3.1749e-01	9.7171e-02	0.214237	2
HAGHL	4	3.1763e-01	9.7171e-02	0.214237	2
ELF3	4	3.1763e-01	9.7171e-02	0.214237	2
GPR158	4	3.1764e-01	9.7171e-02	0.214237	2
MRGPRX2	4	3.1771e-01	9.7171e-02	0.214237	2
MANSC1	4	3.1773e-01	9.7171e-02	0.214237	1
C3orf80	4	3.1777e-01	9.7171e-02	0.214237	2
QSOX2	4	3.1784e-01	9.7171e-02	0.214237	1
ST3GAL5	4	3.1788e-01	9.7171e-02	0.214237	1
PHF6	4	3.1800e-01	9.7171e-02	0.214237	2
FAM71A	4	3.1800e-01	9.7171e-02	0.214237	1
SCGB1D2	4	3.1808e-01	9.7171e-02	0.214237	1
TAS2R13	4	3.1812e-01	9.7171e-02	0.214237	1
PITPNB	3	3.1814e-01	1.3232e-01	0.276543	1
BLOC1S6	4	3.1822e-01	9.7171e-02	0.214237	2
DSTYK	4	3.1823e-01	9.7171e-02	0.214237	2
COL12A1	4	3.1827e-01	9.7171e-02	0.214237	2
ACBD5	4	3.1835e-01	9.7951e-02	0.215859	1
TMLHE	4	3.1845e-01	9.7951e-02	0.215859	1
C8orf59	4	3.1854e-01	9.7951e-02	0.215859	2
ZNF844	4	3.1874e-01	9.8760e-02	0.217041	1
REC114	4	3.1883e-01	9.8760e-02	0.217041	2
TMEM248	4	3.1895e-01	9.8760e-02	0.217041	2
NAP1L3	4	3.1901e-01	9.8760e-02	0.217041	2
CILP2	4	3.1929e-01	9.8760e-02	0.217041	2
AASDH	4	3.1942e-01	9.8760e-02	0.217041	2
F2R	4	3.1949e-01	9.8760e-02	0.217041	2
TAAR6	4	3.1966e-01	9.8760e-02	0.217041	2
CDKN2D	4	3.1983e-01	9.8760e-02	0.217041	2
C2orf76	4	3.2006e-01	9.8760e-02	0.217041	1
PPP1R18	4	3.2010e-01	9.8760e-02	0.217041	2
ITPR2	4	3.2013e-01	9.8760e-02	0.217041	2
SPRR2E	4	3.2017e-01	9.8760e-02	0.217041	2
GRM7	4	3.2031e-01	9.8760e-02	0.217041	1
CUL7	4	3.2037e-01	9.8760e-02	0.217041	2
TRAK1	4	3.2044e-01	9.8760e-02	0.217041	1
CDC14B	4	3.2045e-01	9.8760e-02	0.217041	2
PLA2G2E	4	3.2048e-01	9.8760e-02	0.217041	2
GPR157	4	3.2071e-01	9.8760e-02	0.217041	2
NGEF	4	3.2079e-01	9.8760e-02	0.217041	2
NOTCH1	4	3.2082e-01	9.8760e-02	0.217041	2
RSPO3	4	3.2085e-01	9.8760e-02	0.217041	2
OSTN	4	3.2089e-01	9.8760e-02	0.217041	2
C8orf74	4	3.2093e-01	9.8760e-02	0.217041	2
CDH13	4	3.2114e-01	9.9563e-02	0.218781	2
MARVELD3	4	3.2126e-01	1.0036e-01	0.219777	2
GLI2	4	3.2132e-01	1.0036e-01	0.219777	2
TRMT11	4	3.2141e-01	1.0036e-01	0.219777	2
ZNF93	4	3.2145e-01	1.0036e-01	0.219777	2
GHRH	4	3.2158e-01	1.0036e-01	0.219777	2
CNTNAP3	4	3.2159e-01	1.0036e-01	0.219777	1
COASY	4	3.2165e-01	1.0036e-01	0.219777	2
ZNF195	4	3.2165e-01	1.0036e-01	0.219777	2
LYG2	4	3.2175e-01	1.0036e-01	0.219777	2
UPP2	4	3.2177e-01	1.0036e-01	0.219777	2
TROVE2	4	3.2189e-01	1.0036e-01	0.219777	2
RAB27B	4	3.2199e-01	1.0036e-01	0.219777	1
RBP7	4	3.2207e-01	1.0036e-01	0.219777	2
UBD	4	3.2224e-01	1.0036e-01	0.219777	2
SLC9A9	4	3.2239e-01	1.0036e-01	0.219777	2
LRRC34	4	3.2258e-01	1.0036e-01	0.219777	2
ACVR2B	4	3.2266e-01	1.0036e-01	0.219777	2
ST6GALNAC6	4	3.2267e-01	1.0036e-01	0.219777	2
RBKS	4	3.2269e-01	1.0036e-01	0.219777	2
ISM1	4	3.2272e-01	1.0036e-01	0.219777	2
C7orf66	4	3.2275e-01	1.0036e-01	0.219777	2
ESYT3	4	3.2281e-01	1.0036e-01	0.219777	1
CNN3	4	3.2293e-01	1.0036e-01	0.219777	2
POFUT1	4	3.2296e-01	1.0036e-01	0.219777	1
GML	4	3.2304e-01	1.0036e-01	0.219777	2
RNF181	4	3.2310e-01	1.0036e-01	0.219777	2
ERC1	4	3.2323e-01	1.0036e-01	0.219777	2
TRMT2A	4	3.2327e-01	1.0036e-01	0.219777	2
GOT1	4	3.2329e-01	1.0036e-01	0.219777	2
CHDH	4	3.2331e-01	1.0036e-01	0.219777	2
USP17L28	4	3.2336e-01	1.0300e-01	0.225375	2
PNMA1	4	3.2340e-01	1.0300e-01	0.225375	2
SLC25A12	4	3.2341e-01	1.0300e-01	0.225375	1
HOOK1	4	3.2372e-01	1.0300e-01	0.225375	2
SERPINB7	4	3.2373e-01	1.0300e-01	0.225375	2
CEP162	4	3.2420e-01	1.0300e-01	0.225375	2
CAPN15	4	3.2425e-01	1.0383e-01	0.226756	1
TIMMDC1	4	3.2431e-01	1.0383e-01	0.226756	2
COL9A2	4	3.2447e-01	1.0383e-01	0.226756	2
GORASP1	4	3.2451e-01	1.0383e-01	0.226756	2
AK2	4	3.2452e-01	1.0383e-01	0.226756	2
MRPL10	4	3.2458e-01	1.0383e-01	0.226756	1
METTL2A	4	3.2470e-01	1.0383e-01	0.226756	1
OR13F1	4	3.2473e-01	1.0383e-01	0.226756	2
MCCD1	4	3.2487e-01	1.0383e-01	0.226756	2
PBDC1	4	3.2494e-01	1.0383e-01	0.226756	2
MED15	4	3.2497e-01	1.0383e-01	0.226756	2
MGAM	4	3.2508e-01	1.0383e-01	0.226756	2
CLEC4E	4	3.2528e-01	1.0383e-01	0.226756	1
CORT	4	3.2535e-01	1.0383e-01	0.226756	1
ACOT9	4	3.2547e-01	1.0383e-01	0.226756	2
PDE5A	4	3.2553e-01	1.0383e-01	0.226756	2
ERVV-2	4	3.2555e-01	1.0383e-01	0.226756	1
PDCD2L	4	3.2565e-01	1.0463e-01	0.227941	2
LSMEM1	4	3.2567e-01	1.0463e-01	0.227941	2
LRP4	4	3.2568e-01	1.0463e-01	0.227941	2
CAND2	4	3.2568e-01	1.0463e-01	0.227941	1
HELZ2	4	3.2575e-01	1.0463e-01	0.227941	2
LRRTM1	4	3.2578e-01	1.0463e-01	0.227941	2
PRPS2	4	3.2586e-01	1.0463e-01	0.227941	1
PIKFYVE	4	3.2592e-01	1.0463e-01	0.227941	2
CABP5	4	3.2593e-01	1.0463e-01	0.227941	1
SALL4	4	3.2597e-01	1.0463e-01	0.227941	2
TSPEAR	4	3.2603e-01	1.0463e-01	0.227941	2
CBR1	4	3.2619e-01	1.0463e-01	0.227941	2
FKBP1B	4	3.2625e-01	1.0463e-01	0.227941	2
ZNF280C	4	3.2632e-01	1.0463e-01	0.227941	2
LYPD4	4	3.2639e-01	1.0463e-01	0.227941	1
HFM1	4	3.2647e-01	1.0463e-01	0.227941	2
CMPK2	4	3.2647e-01	1.0463e-01	0.227941	2
CLRN3	4	3.2655e-01	1.0463e-01	0.227941	2
EDN3	4	3.2660e-01	1.0463e-01	0.227941	2
SNTA1	4	3.2696e-01	1.0463e-01	0.227941	2
CUZD1	4	3.2703e-01	1.0463e-01	0.227941	1
CEP126	4	3.2709e-01	1.0544e-01	0.228856	1
STK3	4	3.2712e-01	1.0544e-01	0.228856	2
TMEM44	4	3.2713e-01	1.0544e-01	0.228856	2
KIF3B	4	3.2716e-01	1.0544e-01	0.228856	2
FGD3	4	3.2717e-01	1.0544e-01	0.228856	2
IL17RE	4	3.2726e-01	1.0544e-01	0.228856	1
BRPF1	4	3.2732e-01	1.0544e-01	0.228856	1
EZR	4	3.2751e-01	1.0544e-01	0.228856	2
MARCHF9	4	3.2751e-01	1.0544e-01	0.228856	2
GIMAP1-GIMAP5	4	3.2755e-01	1.0544e-01	0.228856	2
SPANXN4	4	3.2769e-01	1.0544e-01	0.228856	2
PRRT3	4	3.2778e-01	1.0544e-01	0.228856	2
LAPTM5	4	3.2785e-01	1.0544e-01	0.228856	2
KRTAP9-6	4	3.2793e-01	1.0544e-01	0.228856	2
CDY2B	4	3.2803e-01	1.0544e-01	0.228856	1
PYDC2	4	3.2803e-01	1.0544e-01	0.228856	1
ASS1	4	3.2809e-01	1.0544e-01	0.228856	1
NPR2	4	3.2810e-01	1.0544e-01	0.228856	2
TEKT1	4	3.2816e-01	1.0544e-01	0.228856	1
FBXO38	4	3.2830e-01	1.0544e-01	0.228856	2
SLC6A19	4	3.2837e-01	1.0544e-01	0.228856	2
CA12	4	3.2857e-01	1.0544e-01	0.228856	2
BNC2	4	3.2868e-01	1.0544e-01	0.228856	1
JAKMIP2	4	3.2868e-01	1.0544e-01	0.228856	1
SMIM10	4	3.2872e-01	1.0544e-01	0.228856	2
ROR1	4	3.2878e-01	1.0544e-01	0.228856	1
PDPR	4	3.2891e-01	1.0544e-01	0.228856	2
ZDHHC8	4	3.2896e-01	1.0544e-01	0.228856	2
B4GALT4	4	3.2897e-01	1.0544e-01	0.228856	1
MAP4K5	4	3.2909e-01	1.0544e-01	0.228856	2
MN1	4	3.2910e-01	1.0544e-01	0.228856	2
KAT7	4	3.2912e-01	1.0544e-01	0.228856	2
DEFA4	4	3.2916e-01	1.0544e-01	0.228856	1
VPS41	4	3.2922e-01	1.0628e-01	0.229754	2
ARL6IP5	4	3.2928e-01	1.0628e-01	0.229754	2
BRWD1	4	3.2928e-01	1.0628e-01	0.229754	2
OR4N2	4	3.2935e-01	1.0628e-01	0.229754	2
TTC31	4	3.2938e-01	1.0628e-01	0.229754	2
PAQR3	4	3.2943e-01	1.0628e-01	0.229754	1
SLAMF7	4	3.2953e-01	1.0628e-01	0.229754	2
SLC24A2	4	3.2960e-01	1.0628e-01	0.229754	2
EMP1	4	3.2962e-01	1.0628e-01	0.229754	2
HEMGN	4	3.2968e-01	1.0628e-01	0.229754	1
C5AR1	4	3.2984e-01	1.0628e-01	0.229754	2
MSS51	4	3.2985e-01	1.0628e-01	0.229754	2
ENTPD2	4	3.2998e-01	1.0628e-01	0.229754	2
TMEM31	4	3.3016e-01	1.0628e-01	0.229754	2
LHFPL4	4	3.3029e-01	1.0628e-01	0.229754	2
TBC1D30	4	3.3036e-01	1.0628e-01	0.229754	2
NEURL4	4	3.3036e-01	1.0628e-01	0.229754	2
CCL5	4	3.3043e-01	1.0628e-01	0.229754	2
PARP16	4	3.3046e-01	1.0628e-01	0.229754	2
ARMC12	4	3.3055e-01	1.0628e-01	0.229754	2
CLCF1	4	3.3064e-01	1.0628e-01	0.229754	2
OR5D18	4	3.3089e-01	1.0628e-01	0.229754	2
NDUFV3	4	3.3103e-01	1.0628e-01	0.229754	2
HYAL1	4	3.3104e-01	1.0628e-01	0.229754	1
KLHL12	4	3.3107e-01	1.0628e-01	0.229754	2
PPY	4	3.3112e-01	1.0628e-01	0.229754	1
EVX2	4	3.3116e-01	1.0628e-01	0.229754	2
KRTAP9-7	4	3.3134e-01	1.0628e-01	0.229754	2
FUT9	4	3.3152e-01	1.0628e-01	0.229754	2
SH2D7	4	3.3158e-01	1.0628e-01	0.229754	2
SEPTIN9	4	3.3170e-01	1.0628e-01	0.229754	2
DIO1	4	3.3183e-01	1.0628e-01	0.229754	2
HSD17B2	4	3.3192e-01	1.0628e-01	0.229754	1
TMPRSS11B	4	3.3200e-01	1.0628e-01	0.229754	2
HMHA1	4	3.3204e-01	1.0628e-01	0.229754	2
KRT28	4	3.3208e-01	1.0712e-01	0.231136	2
PRDM16	4	3.3215e-01	1.0712e-01	0.231136	1
AP5M1	4	3.3215e-01	1.0712e-01	0.231136	2
PCSK6	4	3.3225e-01	1.0712e-01	0.231136	2
SLC7A10	4	3.3228e-01	1.0712e-01	0.231136	2
OR14I1	4	3.3239e-01	1.0712e-01	0.231136	2
PCDHB2	4	3.3264e-01	1.0712e-01	0.231136	2
IFNB1	4	3.3282e-01	1.0712e-01	0.231136	1
PDILT	4	3.3283e-01	1.0712e-01	0.231136	2
B3GALT6	4	3.3283e-01	1.0712e-01	0.231136	2
GNGT2	4	3.3292e-01	1.0712e-01	0.231136	2
TGFBR3	4	3.3316e-01	1.0712e-01	0.231136	2
CPNE2	4	3.3318e-01	1.0712e-01	0.231136	1
SVIP	4	3.3328e-01	1.0712e-01	0.231136	2
PRELID2	4	3.3330e-01	1.0712e-01	0.231136	1
RITA1	4	3.3334e-01	1.0712e-01	0.231136	2
SULT4A1	4	3.3348e-01	1.0712e-01	0.231136	2
LRWD1	4	3.3355e-01	1.0876e-01	0.234425	2
GABRB2	4	3.3364e-01	1.0876e-01	0.234425	1
ARV1	4	3.3367e-01	1.0876e-01	0.234425	2
TNFRSF10D	4	3.3367e-01	1.0876e-01	0.234425	2
PCDHA10	4	3.3367e-01	1.0876e-01	0.234425	2
ZFP1	4	3.3373e-01	1.0876e-01	0.234425	2
ILVBL	4	3.3381e-01	1.0876e-01	0.234425	2
FUK	4	3.3381e-01	1.0876e-01	0.234425	2
CADM3	4	3.3384e-01	1.0876e-01	0.234425	2
SMEK1	4	3.3396e-01	1.1129e-01	0.239322	2
SLC25A3	4	3.3398e-01	1.1129e-01	0.239322	2
PRSS21	4	3.3399e-01	1.1129e-01	0.239322	1
SLC25A36	4	3.3412e-01	1.1129e-01	0.239322	1
OR10A5	4	3.3417e-01	1.1129e-01	0.239322	2
CHRND	4	3.3422e-01	1.1129e-01	0.239322	2
RAB30	4	3.3429e-01	1.1129e-01	0.239322	1
C22orf42	4	3.3441e-01	1.1129e-01	0.239322	2
TRAF7	4	3.3444e-01	1.1129e-01	0.239322	2
SECTM1	4	3.3449e-01	1.1129e-01	0.239322	2
GABBR2	4	3.3471e-01	1.1129e-01	0.239322	1
LPCAT2	4	3.3473e-01	1.1129e-01	0.239322	2
WDR27	4	3.3480e-01	1.1129e-01	0.239322	2
AMDHD2	4	3.3484e-01	1.1129e-01	0.239322	2
NKAIN3	4	3.3506e-01	1.1129e-01	0.239322	2
ZNF16	4	3.3507e-01	1.1129e-01	0.239322	2
TTC38	4	3.3513e-01	1.1129e-01	0.239322	2
CASP3	4	3.3513e-01	1.1129e-01	0.239322	2
LCE2C	4	3.3532e-01	1.1129e-01	0.239322	2
DEFA1	4	3.3535e-01	1.1129e-01	0.239322	2
RYR1	4	3.3536e-01	1.1129e-01	0.239322	2
MOG	4	3.3540e-01	1.1214e-01	0.240376	2
FGFR1OP	4	3.3544e-01	1.1214e-01	0.240376	1
DNASE2	4	3.3547e-01	1.1214e-01	0.240376	1
RFX4	4	3.3555e-01	1.1214e-01	0.240376	2
MMP1	4	3.3563e-01	1.1214e-01	0.240376	1
C11orf80	4	3.3567e-01	1.1214e-01	0.240376	2
PIP5K1C	4	3.3572e-01	1.1214e-01	0.240376	2
LURAP1	4	3.3578e-01	1.1214e-01	0.240376	2
SMAD1	4	3.3586e-01	1.1214e-01	0.240376	1
PSPH	4	3.3589e-01	1.1214e-01	0.240376	2
C9orf152	4	3.3619e-01	1.1214e-01	0.240376	2
FAM183A	4	3.3621e-01	1.1214e-01	0.240376	2
DUSP3	4	3.3633e-01	1.1214e-01	0.240376	2
SLC41A2	4	3.3633e-01	1.1214e-01	0.240376	2
NUDT12	4	3.3639e-01	1.1214e-01	0.240376	1
CCT6B	4	3.3643e-01	1.1214e-01	0.240376	2
HIC1	4	3.3646e-01	1.1214e-01	0.240376	1
TMEM14B	4	3.3657e-01	1.1215e-01	0.240376	2
BMP5	4	3.3660e-01	1.1215e-01	0.240376	2
PRDM6	4	3.3666e-01	1.1215e-01	0.240376	2
METTL5	4	3.3672e-01	1.1215e-01	0.240376	2
PRR30	4	3.3685e-01	1.1215e-01	0.240376	2
CLSTN3	4	3.3706e-01	1.1215e-01	0.240376	2
MYL12A	4	3.3714e-01	1.1215e-01	0.240376	2
PRAM1	4	3.3719e-01	1.1215e-01	0.240376	2
RGS3	4	3.3726e-01	1.1215e-01	0.240376	2
PTGS2	4	3.3735e-01	1.1215e-01	0.240376	2
MAPT	4	3.3742e-01	1.1215e-01	0.240376	2
CRABP1	4	3.3764e-01	1.1298e-01	0.241944	2
GRPR	4	3.3780e-01	1.1298e-01	0.241944	2
TMEM184C	4	3.3799e-01	1.1298e-01	0.241944	1
LCP2	4	3.3805e-01	1.1298e-01	0.241944	2
GOLGA8B	4	3.3810e-01	1.1298e-01	0.241944	2
AOC2	4	3.3810e-01	1.1298e-01	0.241944	2
ARRB2	4	3.3818e-01	1.1298e-01	0.241944	1
ARFGAP1	4	3.3837e-01	1.1298e-01	0.241944	1
C1QA	4	3.3860e-01	1.1383e-01	0.243734	2
MYOZ2	4	3.3869e-01	1.1631e-01	0.248795	2
PPM1A	4	3.3876e-01	1.1631e-01	0.248795	2
CNOT8	4	3.3880e-01	1.1631e-01	0.248795	2
TIMP4	4	3.3882e-01	1.1631e-01	0.248795	2
ALX4	4	3.3896e-01	1.1631e-01	0.248795	2
ZNF891	4	3.3899e-01	1.1631e-01	0.248795	2
ANXA13	4	3.3901e-01	1.1631e-01	0.248795	1
STXBP2	4	3.3913e-01	1.1631e-01	0.248795	1
PIGO	4	3.3917e-01	1.1631e-01	0.248795	2
UQCC1	4	3.3925e-01	1.1720e-01	0.250621	2
MST1	4	3.3939e-01	1.1720e-01	0.250621	2
ZDHHC2	4	3.3942e-01	1.1720e-01	0.250621	2
P2RY8	4	3.3951e-01	1.1970e-01	0.255663	1
HPRT1	4	3.3951e-01	1.1970e-01	0.255663	2
ENTHD1	4	3.3951e-01	1.1970e-01	0.255663	2
SLC26A10	4	3.3964e-01	1.1970e-01	0.255663	2
BPTF	4	3.3974e-01	1.1970e-01	0.255663	2
EID2B	4	3.3985e-01	1.1970e-01	0.255663	2
LPAR2	4	3.3988e-01	1.1970e-01	0.255663	2
PIH1D2	4	3.3992e-01	1.1971e-01	0.255663	1
ZCWPW1	4	3.4001e-01	1.1971e-01	0.255663	2
REG3A	4	3.4013e-01	1.1971e-01	0.255663	2
TRIM52	4	3.4029e-01	1.1971e-01	0.255663	2
TMEM200C	4	3.4035e-01	1.2060e-01	0.256749	2
CCDC91	4	3.4061e-01	1.2060e-01	0.256749	2
CST11	4	3.4073e-01	1.2060e-01	0.256749	2
SYPL2	4	3.4086e-01	1.2060e-01	0.256749	2
NEO1	4	3.4099e-01	1.2060e-01	0.256749	2
CPA4	4	3.4106e-01	1.2060e-01	0.256749	2
KCNMB2	4	3.4108e-01	1.2060e-01	0.256749	2
MYCL	4	3.4111e-01	1.2060e-01	0.256749	2
TPPP2	4	3.4127e-01	1.2060e-01	0.256749	2
CES5A	4	3.4127e-01	1.2060e-01	0.256749	1
OR2M2	4	3.4144e-01	1.2060e-01	0.256749	2
C9orf40	4	3.4149e-01	1.2060e-01	0.256749	2
SEPTIN15	4	3.4151e-01	1.2060e-01	0.256749	2
PRPH2	4	3.4152e-01	1.2060e-01	0.256749	2
OR1M1	4	3.4155e-01	1.2060e-01	0.256749	2
CST9	4	3.4155e-01	1.2060e-01	0.256749	1
ANKMY2	4	3.4161e-01	1.2060e-01	0.256749	2
CIB2	4	3.4163e-01	1.2060e-01	0.256749	1
OR4A15	4	3.4170e-01	1.2060e-01	0.256749	1
GALE	3	3.4170e-01	1.5604e-01	0.312228	2
CAMP	4	3.4179e-01	1.2060e-01	0.256749	2
IGFBPL1	4	3.4197e-01	1.2060e-01	0.256749	1
UGGT2	4	3.4197e-01	1.2060e-01	0.256749	2
SFTPC	4	3.4202e-01	1.2060e-01	0.256749	2
GOT2	4	3.4204e-01	1.2060e-01	0.256749	2
ATP1B1	4	3.4212e-01	1.2060e-01	0.256749	2
PANK2	4	3.4216e-01	1.2060e-01	0.256749	1
GLP2R	4	3.4220e-01	1.2060e-01	0.256749	2
SYT1	4	3.4225e-01	1.2060e-01	0.256749	2
SEL1L2	4	3.4229e-01	1.2060e-01	0.256749	2
ADHFE1	4	3.4242e-01	1.2150e-01	0.257118	2
NPAS3	4	3.4243e-01	1.2150e-01	0.257118	2
AGMO	4	3.4249e-01	1.2150e-01	0.257118	2
RAC3	4	3.4250e-01	1.2150e-01	0.257118	1
C12orf57	4	3.4252e-01	1.2150e-01	0.257118	2
LCE1D	4	3.4261e-01	1.2150e-01	0.257118	2
SULT1C3	4	3.4275e-01	1.2150e-01	0.257118	2
KANK3	4	3.4279e-01	1.2150e-01	0.257118	2
PXDN	4	3.4291e-01	1.2150e-01	0.257118	2
ZNF683	4	3.4291e-01	1.2150e-01	0.257118	2
NDUFA3	4	3.4307e-01	1.2150e-01	0.257118	2
GAGE2A	4	3.4314e-01	1.2150e-01	0.257118	1
AKR1C1	4	3.4319e-01	1.2150e-01	0.257118	2
PROM1	4	3.4319e-01	1.2150e-01	0.257118	2
LCE3B	4	3.4335e-01	1.2150e-01	0.257118	2
ADCY2	4	3.4350e-01	1.2150e-01	0.257118	1
UGT2A1	4	3.4352e-01	1.2150e-01	0.257118	2
INPP5J	4	3.4363e-01	1.2150e-01	0.257118	2
GNG3	4	3.4366e-01	1.2150e-01	0.257118	2
SPRR2F	4	3.4367e-01	1.2150e-01	0.257118	2
TRIM45	4	3.4371e-01	1.2150e-01	0.257118	2
HHEX	4	3.4378e-01	1.2150e-01	0.257118	1
CD63	4	3.4384e-01	1.2150e-01	0.257118	2
PNPLA2	4	3.4391e-01	1.2150e-01	0.257118	2
ZNF257	4	3.4393e-01	1.2150e-01	0.257118	2
SRGAP2B	4	3.4405e-01	1.2150e-01	0.257118	2
ZNF513	4	3.4409e-01	1.2150e-01	0.257118	2
OR51F2	4	3.4416e-01	1.2150e-01	0.257118	1
PVR	4	3.4420e-01	1.2150e-01	0.257118	1
SLAMF1	4	3.4427e-01	1.2150e-01	0.257118	2
TBX3	4	3.4432e-01	1.2150e-01	0.257118	2
NLRP9	4	3.4439e-01	1.2150e-01	0.257118	2
OR1G1	4	3.4442e-01	1.2150e-01	0.257118	2
AMIGO2	4	3.4444e-01	1.2150e-01	0.257118	2
ADAMTS10	4	3.4449e-01	1.2150e-01	0.257118	2
CYHR1	4	3.4458e-01	1.2150e-01	0.257118	1
ELF5	4	3.4464e-01	1.2150e-01	0.257118	2
CLIC3	4	3.4466e-01	1.2150e-01	0.257118	2
KRTAP1-3	4	3.4471e-01	1.2150e-01	0.257118	2
GPR55	4	3.4471e-01	1.2150e-01	0.257118	2
RAPGEF3	4	3.4484e-01	1.2150e-01	0.257118	1
HSPA12A	4	3.4494e-01	1.2150e-01	0.257118	2
ZHX1	4	3.4503e-01	1.2150e-01	0.257118	2
PHLPP2	4	3.4507e-01	1.2150e-01	0.257118	2
SPSB3	4	3.4515e-01	1.2150e-01	0.257118	2
UBE2E1	4	3.4518e-01	1.2150e-01	0.257118	1
TAB3	4	3.4522e-01	1.2150e-01	0.257118	1
XIAP	4	3.4526e-01	1.2150e-01	0.257118	2
DMRTA1	4	3.4528e-01	1.2150e-01	0.257118	2
PKD1L2	4	3.4529e-01	1.2150e-01	0.257118	1
OSBPL5	4	3.4541e-01	1.2150e-01	0.257118	1
TOR4A	4	3.4548e-01	1.2150e-01	0.257118	2
HMGXB4	4	3.4554e-01	1.2150e-01	0.257118	2
EDEM3	4	3.4559e-01	1.2150e-01	0.257118	1
NAPSA	4	3.4574e-01	1.2488e-01	0.263734	2
CFAP97	4	3.4587e-01	1.2488e-01	0.263734	2
CCDC59	4	3.4608e-01	1.2488e-01	0.263734	1
SLC30A5	4	3.4612e-01	1.2488e-01	0.263734	2
SEC31B	4	3.4616e-01	1.2488e-01	0.263734	2
PI15	4	3.4620e-01	1.2488e-01	0.263734	1
C16orf91	4	3.4627e-01	1.2488e-01	0.263734	1
GXYLT1	4	3.4631e-01	1.2488e-01	0.263734	2
KTN1	4	3.4642e-01	1.2488e-01	0.263734	2
ZNF678	4	3.4647e-01	1.2488e-01	0.263734	2
PDHA1	4	3.4657e-01	1.2488e-01	0.263734	2
DYNC2LI1	4	3.4663e-01	1.2488e-01	0.263734	2
CIAPIN1	4	3.4665e-01	1.2488e-01	0.263734	2
SCAMP2	4	3.4680e-01	1.2488e-01	0.263734	2
MGAT5	4	3.4680e-01	1.2488e-01	0.263734	2
PRSS12	4	3.4680e-01	1.2488e-01	0.263734	2
ALDH18A1	4	3.4684e-01	1.2488e-01	0.263734	2
CDH16	4	3.4697e-01	1.2488e-01	0.263734	2
SETBP1	4	3.4715e-01	1.2577e-01	0.265089	2
ZNF385A	4	3.4721e-01	1.2577e-01	0.265089	1
TBC1D23	4	3.4738e-01	1.2577e-01	0.265089	2
CLEC18A	4	3.4738e-01	1.2577e-01	0.265089	2
CETN2	4	3.4738e-01	1.2577e-01	0.265089	2
CBLN1	4	3.4748e-01	1.2577e-01	0.265089	2
TET1	4	3.4756e-01	1.2577e-01	0.265089	2
TTC25	4	3.4765e-01	1.2577e-01	0.265089	2
SEMA6A	4	3.4774e-01	1.2577e-01	0.265089	1
TRH	4	3.4781e-01	1.2577e-01	0.265089	1
TPP2	4	3.4789e-01	1.2577e-01	0.265089	1
PPIL3	4	3.4795e-01	1.2577e-01	0.265089	1
RPGRIP1	4	3.4797e-01	1.2577e-01	0.265089	2
TAF15	4	3.4800e-01	1.2577e-01	0.265089	2
ITIH2	4	3.4811e-01	1.2577e-01	0.265089	2
AADACL4	4	3.4825e-01	1.2577e-01	0.265089	2
ALPK2	4	3.4832e-01	1.2577e-01	0.265089	2
TRAM1	4	3.4834e-01	1.2577e-01	0.265089	2
RGS1	4	3.4851e-01	1.2661e-01	0.266693	2
OCIAD2	4	3.4854e-01	1.2661e-01	0.266693	2
SNX22	4	3.4859e-01	1.2661e-01	0.266693	2
RCC2	4	3.4860e-01	1.2661e-01	0.266693	2
NIPAL3	4	3.4870e-01	1.2661e-01	0.266693	2
TEX2	4	3.4877e-01	1.2661e-01	0.266693	2
TAGLN2	4	3.4909e-01	1.2912e-01	0.271671	1
IL1RAP	4	3.4910e-01	1.2912e-01	0.271671	2
FAM196B	4	3.4913e-01	1.2912e-01	0.271671	2
RASSF10	4	3.4933e-01	1.2912e-01	0.271671	1
HEXA	3	3.4938e-01	1.6771e-01	0.329334	2
ANKS1B	4	3.4954e-01	1.2912e-01	0.271671	1
E2F8	4	3.4962e-01	1.2912e-01	0.271671	2
PRM2	4	3.4962e-01	1.2912e-01	0.271671	2
MYH4	4	3.4969e-01	1.2912e-01	0.271671	2
NAV2	4	3.4987e-01	1.3002e-01	0.271830	2
MAGEB4	4	3.4999e-01	1.3002e-01	0.271830	2
CADM2	4	3.5007e-01	1.3002e-01	0.271830	1
PDSS1	4	3.5021e-01	1.3002e-01	0.271830	2
TRIM49D2	4	3.5022e-01	1.3002e-01	0.271830	2
YOD1	4	3.5029e-01	1.3002e-01	0.271830	1
PDHB	4	3.5035e-01	1.3002e-01	0.271830	2
CDC25C	4	3.5037e-01	1.3002e-01	0.271830	2
TSGA10IP	4	3.5041e-01	1.3002e-01	0.271830	2
EFNB1	4	3.5044e-01	1.3002e-01	0.271830	1
PRKD3	4	3.5048e-01	1.3002e-01	0.271830	1
RAB13	4	3.5051e-01	1.3002e-01	0.271830	2
IGSF23	4	3.5052e-01	1.3002e-01	0.271830	1
TMEM9	4	3.5055e-01	1.3002e-01	0.271830	2
EFNB2	4	3.5069e-01	1.3002e-01	0.271830	2
ZNF212	4	3.5070e-01	1.3002e-01	0.271830	2
FKBP15	4	3.5071e-01	1.3002e-01	0.271830	2
TMEM147	4	3.5093e-01	1.3002e-01	0.271830	1
CRISPLD1	4	3.5104e-01	1.3002e-01	0.271830	1
AATK	4	3.5106e-01	1.3002e-01	0.271830	2
SLC38A5	4	3.5108e-01	1.3002e-01	0.271830	2
SMPD4	4	3.5113e-01	1.3002e-01	0.271830	2
KCTD17	4	3.5119e-01	1.3002e-01	0.271830	1
MTRF1L	4	3.5119e-01	1.3002e-01	0.271830	2
GDAP1L1	4	3.5126e-01	1.3002e-01	0.271830	2
GAS2	4	3.5127e-01	1.3002e-01	0.271830	2
TP73	4	3.5130e-01	1.3002e-01	0.271830	1
ZNF880	4	3.5133e-01	1.3002e-01	0.271830	2
DNAJC25-GNG10	4	3.5133e-01	1.3002e-01	0.271830	2
ARSI	4	3.5134e-01	1.3002e-01	0.271830	2
ZNF772	4	3.5138e-01	1.3002e-01	0.271830	1
GABRG1	4	3.5140e-01	1.3002e-01	0.271830	2
TSC22D3	4	3.5143e-01	1.3002e-01	0.271830	2
RGS17	4	3.5156e-01	1.3002e-01	0.271830	2
MTPN	4	3.5162e-01	1.3002e-01	0.271830	2
CLLU1	4	3.5169e-01	1.3002e-01	0.271830	2
AKT2	4	3.5186e-01	1.3002e-01	0.271830	2
SLCO1B7	4	3.5192e-01	1.3002e-01	0.271830	2
SYCP1	4	3.5194e-01	1.3002e-01	0.271830	2
ABCA2	4	3.5199e-01	1.3002e-01	0.271830	1
UBE2U	4	3.5202e-01	1.3002e-01	0.271830	2
SLC39A4	4	3.5213e-01	1.3002e-01	0.271830	2
RAB8B	4	3.5215e-01	1.3002e-01	0.271830	2
ZNF705G	4	3.5225e-01	1.3002e-01	0.271830	2
PIP4K2C	4	3.5227e-01	1.3002e-01	0.271830	2
PTGES3L-AARSD1	4	3.5239e-01	1.3002e-01	0.271830	2
SP4	4	3.5248e-01	1.3002e-01	0.271830	2
PCDH7	4	3.5248e-01	1.3002e-01	0.271830	2
PAPD5	4	3.5250e-01	1.3002e-01	0.271830	2
GRIA2	4	3.5257e-01	1.3002e-01	0.271830	2
CACFD1	4	3.5257e-01	1.3002e-01	0.271830	2
TNKS1BP1	4	3.5277e-01	1.3002e-01	0.271830	2
USP35	4	3.5280e-01	1.3002e-01	0.271830	1
TSHR	4	3.5283e-01	1.3002e-01	0.271830	2
TYMSOS	4	3.5287e-01	1.3002e-01	0.271830	1
PADI2	4	3.5289e-01	1.3002e-01	0.271830	2
S100P	4	3.5291e-01	1.3002e-01	0.271830	2
TMED5	4	3.5291e-01	1.3002e-01	0.271830	1
LPIN1	4	3.5314e-01	1.3093e-01	0.273701	2
NSUN3	4	3.5321e-01	1.3433e-01	0.280681	1
DEPDC1	4	3.5336e-01	1.3433e-01	0.280681	1
PHYHIP	4	3.5358e-01	1.3523e-01	0.282452	1
VIP	4	3.5364e-01	1.3523e-01	0.282452	1
MAST1	4	3.5368e-01	1.3523e-01	0.282452	2
CCDC17	4	3.5373e-01	1.3523e-01	0.282452	1
ZNF627	4	3.5382e-01	1.3770e-01	0.286535	2
ANKRD30B	4	3.5389e-01	1.3770e-01	0.286535	2
C1orf177	4	3.5394e-01	1.3770e-01	0.286535	2
GSDMA	4	3.5398e-01	1.3770e-01	0.286535	2
STOM	4	3.5403e-01	1.3770e-01	0.286535	2
LOC554223	4	3.5403e-01	1.3770e-01	0.286535	2
STK40	4	3.5403e-01	1.3770e-01	0.286535	2
MFI2	4	3.5414e-01	1.3770e-01	0.286535	1
NXF3	4	3.5419e-01	1.3770e-01	0.286535	2
TAS2R7	4	3.5425e-01	1.3770e-01	0.286535	1
TAAR9	4	3.5433e-01	1.3770e-01	0.286535	1
MDM2	4	3.5438e-01	1.3770e-01	0.286535	2
ATOH7	4	3.5452e-01	1.3770e-01	0.286535	2
MB	4	3.5457e-01	1.3770e-01	0.286535	2
ARL13B	4	3.5466e-01	1.3770e-01	0.286535	1
DUPD1	4	3.5472e-01	1.3770e-01	0.286535	2
INADL	4	3.5483e-01	1.3770e-01	0.286535	2
PAQR5	4	3.5485e-01	1.3770e-01	0.286535	2
OR8H3	4	3.5487e-01	1.3770e-01	0.286535	2
PCSK2	4	3.5487e-01	1.3770e-01	0.286535	1
SPINT2	4	3.5488e-01	1.3770e-01	0.286535	2
ZFP64	4	3.5496e-01	1.3770e-01	0.286535	2
ZNF85	4	3.5500e-01	1.3770e-01	0.286535	2
LHX9	4	3.5501e-01	1.3770e-01	0.286535	2
PRR23A	4	3.5504e-01	1.3770e-01	0.286535	2
LGALS7B	4	3.5520e-01	1.3770e-01	0.286535	2
C10orf91	4	3.5524e-01	1.3770e-01	0.286535	2
JAGN1	4	3.5552e-01	1.3770e-01	0.286535	2
PITPNC1	4	3.5554e-01	1.3770e-01	0.286535	2
FNBP1	4	3.5559e-01	1.3770e-01	0.286535	2
TMEM38A	4	3.5561e-01	1.3770e-01	0.286535	2
ELANE	4	3.5563e-01	1.3770e-01	0.286535	2
ZNF507	4	3.5615e-01	1.3770e-01	0.286535	2
WHSC1	4	3.5617e-01	1.3770e-01	0.286535	2
ARL13A	4	3.5620e-01	1.3858e-01	0.288180	2
ACAT1	4	3.5625e-01	1.3858e-01	0.288180	1
EVPLL	4	3.5641e-01	1.3858e-01	0.288180	2
FOS	4	3.5645e-01	1.3858e-01	0.288180	2
TENM3	4	3.5646e-01	1.3858e-01	0.288180	2
CAV3	4	3.5656e-01	1.3858e-01	0.288180	1
PLAU	4	3.5682e-01	1.3948e-01	0.289902	1
PDE6G	4	3.5688e-01	1.3948e-01	0.289902	2
DSC3	4	3.5691e-01	1.3948e-01	0.289902	2
ADIG	4	3.5694e-01	1.3948e-01	0.289902	2
TMPRSS6	4	3.5696e-01	1.3948e-01	0.289902	2
PADI1	4	3.5721e-01	1.4040e-01	0.290896	2
OR4S1	4	3.5727e-01	1.4040e-01	0.290896	2
FBXO16	4	3.5735e-01	1.4040e-01	0.290896	2
FANCC	4	3.5740e-01	1.4040e-01	0.290896	2
DGKK	4	3.5740e-01	1.4040e-01	0.290896	2
SEC14L3	4	3.5747e-01	1.4040e-01	0.290896	2
CFAP57	4	3.5757e-01	1.4040e-01	0.290896	2
SEC61B	4	3.5761e-01	1.4040e-01	0.290896	2
DNER	4	3.5767e-01	1.4040e-01	0.290896	2
MYBL1	4	3.5787e-01	1.4040e-01	0.290896	2
RBPJ	4	3.5800e-01	1.4040e-01	0.290896	2
TACR1	4	3.5805e-01	1.4040e-01	0.290896	2
SCD5	4	3.5820e-01	1.4040e-01	0.290896	2
ZBTB41	4	3.5822e-01	1.4040e-01	0.290896	2
RNF144A	4	3.5829e-01	1.4040e-01	0.290896	2
PAX6	4	3.5838e-01	1.4040e-01	0.290896	2
ALKBH6	4	3.5842e-01	1.4040e-01	0.290896	1
ZMYND12	4	3.5842e-01	1.4040e-01	0.290896	2
FEV	4	3.5858e-01	1.4040e-01	0.290896	2
PGA5	4	3.5865e-01	1.4040e-01	0.290896	2
ZNF831	4	3.5878e-01	1.4040e-01	0.290896	2
KDF1	4	3.5879e-01	1.4040e-01	0.290896	2
ACKR3	4	3.5881e-01	1.4040e-01	0.290896	2
INPP4A	4	3.5884e-01	1.4040e-01	0.290896	2
KIAA1551	4	3.5887e-01	1.4040e-01	0.290896	1
PNRC1	4	3.5900e-01	1.4040e-01	0.290896	2
SH3TC2	4	3.5913e-01	1.4040e-01	0.290896	2
FAM83F	4	3.5920e-01	1.4040e-01	0.290896	2
SERPINE3	4	3.5924e-01	1.4040e-01	0.290896	1
MAN2B1	4	3.5932e-01	1.4133e-01	0.291995	2
CSRNP2	3	3.5934e-01	1.7857e-01	0.347483	2
ERICH5	4	3.5936e-01	1.4133e-01	0.291995	2
SLC39A6	4	3.5942e-01	1.4133e-01	0.291995	2
SLC39A11	4	3.5950e-01	1.4133e-01	0.291995	1
ROCK2	4	3.5954e-01	1.4133e-01	0.291995	2
ABCA7	4	3.5961e-01	1.4133e-01	0.291995	1
SYCP2	4	3.5968e-01	1.4133e-01	0.291995	1
C11orf52	4	3.5973e-01	1.4133e-01	0.291995	2
GLT1D1	4	3.5983e-01	1.4133e-01	0.291995	2
CAB39	4	3.5990e-01	1.4133e-01	0.291995	2
PRLHR	4	3.5994e-01	1.4133e-01	0.291995	1
OCA2	4	3.5998e-01	1.4133e-01	0.291995	1
GNAQ	4	3.6007e-01	1.4133e-01	0.291995	2
FAM83G	4	3.6009e-01	1.4133e-01	0.291995	1
ACSM6	4	3.6017e-01	1.4133e-01	0.291995	1
ACRV1	4	3.6020e-01	1.4133e-01	0.291995	2
SLC25A11	4	3.6021e-01	1.4133e-01	0.291995	2
LOC101928436	4	3.6021e-01	1.4133e-01	0.291995	2
KIAA0226	4	3.6028e-01	1.4133e-01	0.291995	1
ZNF514	4	3.6042e-01	1.4133e-01	0.291995	2
CCDC83	4	3.6044e-01	1.4133e-01	0.291995	2
RASGRP2	4	3.6050e-01	1.4133e-01	0.291995	1
RAPGEF1	4	3.6051e-01	1.4133e-01	0.291995	2
FTMT	4	3.6053e-01	1.4133e-01	0.291995	2
PHYH	3	3.6056e-01	1.7857e-01	0.347483	2
CST9L	4	3.6058e-01	1.4133e-01	0.291995	2
PIM2	4	3.6065e-01	1.4133e-01	0.291995	2
CLEC17A	4	3.6072e-01	1.4224e-01	0.292420	2
CMTM5	4	3.6076e-01	1.4224e-01	0.292420	1
HOXD1	4	3.6083e-01	1.4224e-01	0.292420	2
CYP7B1	4	3.6085e-01	1.4224e-01	0.292420	2
DAZ4	4	3.6087e-01	1.4224e-01	0.292420	2
CHRNA5	4	3.6099e-01	1.4224e-01	0.292420	2
PHC1	4	3.6101e-01	1.4224e-01	0.292420	2
TKFC	4	3.6107e-01	1.4224e-01	0.292420	2
PSAT1	4	3.6107e-01	1.4224e-01	0.292420	1
RNASE10	4	3.6113e-01	1.4224e-01	0.292420	2
PLXNA3	4	3.6120e-01	1.4224e-01	0.292420	1
SLAMF8	4	3.6128e-01	1.4224e-01	0.292420	2
STYX	4	3.6140e-01	1.4224e-01	0.292420	2
RCAN3	4	3.6140e-01	1.4224e-01	0.292420	2
LUZP1	4	3.6154e-01	1.4224e-01	0.292420	1
PLB1	4	3.6161e-01	1.4224e-01	0.292420	1
MCF2L2	4	3.6163e-01	1.4224e-01	0.292420	2
ANKRD12	4	3.6165e-01	1.4224e-01	0.292420	2
SLCO6A1	4	3.6172e-01	1.4224e-01	0.292420	1
METTL12	4	3.6181e-01	1.4224e-01	0.292420	2
RNF44	4	3.6191e-01	1.4224e-01	0.292420	1
KCNC2	4	3.6209e-01	1.4224e-01	0.292420	2
APCS	4	3.6211e-01	1.4224e-01	0.292420	2
PFKFB1	4	3.6220e-01	1.4224e-01	0.292420	2
CT45A7	4	3.6226e-01	1.4224e-01	0.292420	2
N4BP3	4	3.6231e-01	1.4224e-01	0.292420	1
SEMA4F	4	3.6242e-01	1.4224e-01	0.292420	1
UGT1A9	4	3.6248e-01	1.4224e-01	0.292420	1
AGMAT	4	3.6257e-01	1.4224e-01	0.292420	2
FN1	4	3.6262e-01	1.4224e-01	0.292420	2
SMIM14	4	3.6264e-01	1.4224e-01	0.292420	1
MFAP3	4	3.6268e-01	1.4224e-01	0.292420	2
FAM117B	4	3.6273e-01	1.4224e-01	0.292420	2
DCDC2B	4	3.6277e-01	1.4224e-01	0.292420	2
TMEM132A	4	3.6277e-01	1.4224e-01	0.292420	2
ACTR1A	4	3.6301e-01	1.4224e-01	0.292420	1
MCPH1	4	3.6307e-01	1.4224e-01	0.292420	2
ZCCHC4	4	3.6309e-01	1.4224e-01	0.292420	1
ZUFSP	4	3.6314e-01	1.4224e-01	0.292420	2
ENOX1	4	3.6353e-01	1.4224e-01	0.292420	2
LOC100652758	4	3.6357e-01	1.4224e-01	0.292420	1
RASL11B	4	3.6364e-01	1.4224e-01	0.292420	2
CCDC88B	4	3.6369e-01	1.4224e-01	0.292420	2
HTR1A	4	3.6375e-01	1.4224e-01	0.292420	1
TMCC2	4	3.6379e-01	1.4224e-01	0.292420	2
TYK2	4	3.6381e-01	1.4224e-01	0.292420	2
RWDD3	4	3.6394e-01	1.4471e-01	0.296504	2
GRSF1	4	3.6394e-01	1.4471e-01	0.296504	2
MIR1-1HG	4	3.6413e-01	1.4471e-01	0.296504	2
ARL8A	4	3.6418e-01	1.4471e-01	0.296504	2
FBXL16	4	3.6425e-01	1.4471e-01	0.296504	2
GCLC	4	3.6438e-01	1.4471e-01	0.296504	2
LRRTM2	4	3.6445e-01	1.4471e-01	0.296504	2
BAG3	4	3.6456e-01	1.4471e-01	0.296504	2
C7orf33	4	3.6463e-01	1.4471e-01	0.296504	2
CHRM2	4	3.6475e-01	1.4471e-01	0.296504	1
OR52A5	4	3.6478e-01	1.4471e-01	0.296504	1
CYSTM1	4	3.6482e-01	1.4471e-01	0.296504	2
RBP1	4	3.6493e-01	1.4471e-01	0.296504	1
TBC1D17	4	3.6498e-01	1.4471e-01	0.296504	2
PLA2G5	4	3.6506e-01	1.4471e-01	0.296504	2
ADCK1	4	3.6521e-01	1.4471e-01	0.296504	2
MICA	4	3.6530e-01	1.4471e-01	0.296504	1
GALK2	4	3.6534e-01	1.4471e-01	0.296504	2
WDSUB1	4	3.6537e-01	1.4471e-01	0.296504	2
ZNF274	4	3.6539e-01	1.4471e-01	0.296504	1
OR2T29	4	3.6546e-01	1.4471e-01	0.296504	2
DBX2	4	3.6569e-01	1.4471e-01	0.296504	2
LRRC55	4	3.6569e-01	1.4471e-01	0.296504	2
SERPINB8	4	3.6573e-01	1.4471e-01	0.296504	2
ZNF383	4	3.6574e-01	1.4471e-01	0.296504	1
ZNF549	4	3.6587e-01	1.4471e-01	0.296504	2
TTC24	4	3.6589e-01	1.4471e-01	0.296504	2
TMIGD2	4	3.6593e-01	1.4471e-01	0.296504	1
TTC7B	4	3.6599e-01	1.4471e-01	0.296504	2
EPHA2	4	3.6605e-01	1.4471e-01	0.296504	2
CYP4V2	4	3.6607e-01	1.4471e-01	0.296504	2
DQX1	4	3.6621e-01	1.4565e-01	0.297478	2
TEC	4	3.6626e-01	1.4565e-01	0.297478	1
ADAL	4	3.6628e-01	1.4565e-01	0.297478	2
TARBP1	4	3.6629e-01	1.4565e-01	0.297478	2
SH3BGR	4	3.6633e-01	1.4565e-01	0.297478	2
CLRN2	4	3.6639e-01	1.4565e-01	0.297478	1
KRT80	4	3.6639e-01	1.4565e-01	0.297478	1
OR4F15	4	3.6639e-01	1.4565e-01	0.297478	2
TLR5	4	3.6651e-01	1.4565e-01	0.297478	2
OR6Q1	4	3.6651e-01	1.4565e-01	0.297478	1
SARM1	4	3.6654e-01	1.4565e-01	0.297478	2
EVI2A	4	3.6656e-01	1.4565e-01	0.297478	2
VPS13A	4	3.6657e-01	1.4565e-01	0.297478	2
CKAP4	4	3.6677e-01	1.4565e-01	0.297478	1
C1orf86	4	3.6681e-01	1.4565e-01	0.297478	2
CGB2	4	3.6685e-01	1.4565e-01	0.297478	2
WFDC11	4	3.6688e-01	1.4565e-01	0.297478	2
PEX11A	4	3.6693e-01	1.4565e-01	0.297478	2
ZSCAN2	4	3.6696e-01	1.4565e-01	0.297478	2
B9D1	4	3.6703e-01	1.4565e-01	0.297478	1
SPON2	4	3.6707e-01	1.4565e-01	0.297478	2
VIL1	4	3.6711e-01	1.4565e-01	0.297478	2
CCDC79	4	3.6718e-01	1.4565e-01	0.297478	2
CSNK1G1	4	3.6718e-01	1.4565e-01	0.297478	2
ITPR3	4	3.6736e-01	1.4565e-01	0.297478	2
KIF2A	4	3.6756e-01	1.4565e-01	0.297478	2
FAM210B	4	3.6773e-01	1.4565e-01	0.297478	2
DYNLT1	4	3.6784e-01	1.4565e-01	0.297478	1
CLN8	4	3.6793e-01	1.4565e-01	0.297478	1
GRAPL	4	3.6819e-01	1.4565e-01	0.297478	2
UTS2B	4	3.6858e-01	1.4664e-01	0.298798	2
RCOR3	4	3.6862e-01	1.4664e-01	0.298798	2
HILPDA	4	3.6867e-01	1.4664e-01	0.298798	2
CRAT	4	3.6874e-01	1.4664e-01	0.298798	2
TP53TG3C	4	3.6877e-01	1.4664e-01	0.298798	2
MAP10	4	3.6898e-01	1.4664e-01	0.298798	1
MAP2K7	4	3.6901e-01	1.4664e-01	0.298798	1
CCDC183	4	3.6909e-01	1.4664e-01	0.298798	2
PURA	4	3.6912e-01	1.4664e-01	0.298798	2
SOCS5	4	3.6922e-01	1.4664e-01	0.298798	2
FAM104B	4	3.6923e-01	1.4664e-01	0.298798	2
SDCBP	4	3.6931e-01	1.4664e-01	0.298798	2
CATSPER3	4	3.6945e-01	1.4664e-01	0.298798	2
ATXN7L2	4	3.6947e-01	1.4664e-01	0.298798	2
ZNF521	4	3.6949e-01	1.4664e-01	0.298798	2
OR6S1	4	3.6960e-01	1.4664e-01	0.298798	1
ARL6	4	3.6974e-01	1.4664e-01	0.298798	1
RARRES2	4	3.6977e-01	1.4664e-01	0.298798	2
RASGRF1	4	3.6982e-01	1.4664e-01	0.298798	2
MGAT4A	4	3.6985e-01	1.4664e-01	0.298798	1
PPP1R12A	4	3.6996e-01	1.4664e-01	0.298798	2
IL20RA	4	3.7000e-01	1.4664e-01	0.298798	2
SLC2A1	4	3.7010e-01	1.4902e-01	0.303591	2
SPRY2	4	3.7011e-01	1.4902e-01	0.303591	1
RBBP8	4	3.7018e-01	1.4997e-01	0.304765	2
GRB10	4	3.7023e-01	1.4997e-01	0.304765	2
IL27RA	4	3.7032e-01	1.4997e-01	0.304765	2
TRIM56	4	3.7032e-01	1.4997e-01	0.304765	2
VEZF1	4	3.7033e-01	1.4997e-01	0.304765	2
EIF4A2	4	3.7039e-01	1.4997e-01	0.304765	2
LURAP1L	4	3.7044e-01	1.4997e-01	0.304765	2
SOCS4	4	3.7053e-01	1.4997e-01	0.304765	2
IFNGR1	4	3.7055e-01	1.4997e-01	0.304765	1
PTGER2	4	3.7057e-01	1.4997e-01	0.304765	2
RECK	4	3.7059e-01	1.4997e-01	0.304765	2
SPOCK1	3	3.7063e-01	1.8217e-01	0.351453	2
EREG	4	3.7070e-01	1.4997e-01	0.304765	2
CAPN10	4	3.7073e-01	1.4997e-01	0.304765	1
SMIM8	4	3.7073e-01	1.4997e-01	0.304765	2
PI4K2A	4	3.7079e-01	1.4997e-01	0.304765	2
AGBL1	4	3.7081e-01	1.4997e-01	0.304765	1
KIAA0907	4	3.7092e-01	1.4997e-01	0.304765	1
TMOD1	4	3.7097e-01	1.4997e-01	0.304765	1
UROS	4	3.7099e-01	1.4997e-01	0.304765	2
ALOX5AP	4	3.7110e-01	1.4997e-01	0.304765	1
FGD1	4	3.7110e-01	1.4997e-01	0.304765	2
DAZAP2	4	3.7132e-01	1.4997e-01	0.304765	1
MYL12B	4	3.7132e-01	1.4997e-01	0.304765	2
CABS1	4	3.7141e-01	1.5093e-01	0.306049	2
PCDHGA9	4	3.7143e-01	1.5093e-01	0.306049	1
PTPRCAP	4	3.7148e-01	1.5093e-01	0.306049	2
CLCN3	4	3.7154e-01	1.5093e-01	0.306049	2
DUSP1	4	3.7174e-01	1.5093e-01	0.306049	1
FOXD4L4	4	3.7185e-01	1.5093e-01	0.306049	2
OR8H1	4	3.7188e-01	1.5093e-01	0.306049	2
SHROOM3	4	3.7192e-01	1.5093e-01	0.306049	1
ZNF345	4	3.7193e-01	1.5093e-01	0.306049	2
OR2W5	4	3.7198e-01	1.5093e-01	0.306049	2
C15orf61	4	3.7207e-01	1.5093e-01	0.306049	2
CYP7A1	4	3.7209e-01	1.5093e-01	0.306049	2
FAM216B	4	3.7216e-01	1.5093e-01	0.306049	2
DAB1	4	3.7218e-01	1.5093e-01	0.306049	2
MCM9	4	3.7227e-01	1.5093e-01	0.306049	2
ZNF318	4	3.7232e-01	1.5093e-01	0.306049	1
KCNMB4	4	3.7236e-01	1.5093e-01	0.306049	2
ADAM32	4	3.7247e-01	1.5093e-01	0.306049	1
CRYBB2	4	3.7249e-01	1.5093e-01	0.306049	2
SOGA3	4	3.7252e-01	1.5093e-01	0.306049	1
GPR45	4	3.7260e-01	1.5093e-01	0.306049	1
ASXL3	4	3.7274e-01	1.5186e-01	0.307409	2
CFAP53	4	3.7282e-01	1.5186e-01	0.307409	2
MYRF	3	3.7284e-01	1.8217e-01	0.351453	1
ZNF711	4	3.7286e-01	1.5186e-01	0.307409	2
ZC3H7B	4	3.7289e-01	1.5186e-01	0.307409	2
PPIC	4	3.7296e-01	1.5186e-01	0.307409	1
CASP8	4	3.7301e-01	1.5186e-01	0.307409	2
SCRN2	4	3.7308e-01	1.5186e-01	0.307409	2
LYVE1	4	3.7311e-01	1.5186e-01	0.307409	2
LOC113230	4	3.7312e-01	1.5186e-01	0.307409	2
TNNI2	4	3.7325e-01	1.5186e-01	0.307409	2
DSG3	4	3.7329e-01	1.5186e-01	0.307409	2
SEPTIN10	4	3.7340e-01	1.5186e-01	0.307409	2
SHISA6	4	3.7340e-01	1.5186e-01	0.307409	2
RMND5B	4	3.7343e-01	1.5186e-01	0.307409	2
FHAD1	4	3.7347e-01	1.5186e-01	0.307409	1
SHF	4	3.7348e-01	1.5186e-01	0.307409	2
MNT	3	3.7363e-01	1.8217e-01	0.351453	2
OXR1	4	3.7376e-01	1.5285e-01	0.308554	2
ALDH7A1	4	3.7381e-01	1.5285e-01	0.308554	2
SLC26A4	4	3.7384e-01	1.5285e-01	0.308554	1
SPRYD3	4	3.7387e-01	1.5285e-01	0.308554	2
PNMA5	4	3.7390e-01	1.5285e-01	0.308554	2
ZNF233	4	3.7393e-01	1.5285e-01	0.308554	1
PRSS1	4	3.7395e-01	1.5285e-01	0.308554	2
OR6M1	4	3.7404e-01	1.5285e-01	0.308554	2
SHC4	4	3.7411e-01	1.5285e-01	0.308554	2
LRFN2	4	3.7430e-01	1.5285e-01	0.308554	2
MOV10	4	3.7434e-01	1.5285e-01	0.308554	2
CHD1L	4	3.7445e-01	1.5285e-01	0.308554	2
CDH2	4	3.7449e-01	1.5285e-01	0.308554	1
HERC6	4	3.7453e-01	1.5285e-01	0.308554	1
HTR3A	4	3.7454e-01	1.5285e-01	0.308554	2
IGSF8	4	3.7457e-01	1.5285e-01	0.308554	2
GBAS	4	3.7459e-01	1.5285e-01	0.308554	2
TMEM218	4	3.7478e-01	1.5285e-01	0.308554	1
COL8A2	4	3.7489e-01	1.5285e-01	0.308554	2
TRIB3	4	3.7494e-01	1.5285e-01	0.308554	2
LOC401052	4	3.7498e-01	1.5285e-01	0.308554	2
TP53INP2	4	3.7500e-01	1.5285e-01	0.308554	2
MURC	4	3.7504e-01	1.5285e-01	0.308554	1
GSTA2	4	3.7516e-01	1.5285e-01	0.308554	2
TBRG1	4	3.7533e-01	1.5285e-01	0.308554	2
DNASE2B	4	3.7539e-01	1.5285e-01	0.308554	2
ZCCHC13	4	3.7546e-01	1.5380e-01	0.309854	2
TMEM194A	4	3.7562e-01	1.5380e-01	0.309854	2
SPATA31A5	4	3.7569e-01	1.5380e-01	0.309854	2
NAA40	4	3.7573e-01	1.5380e-01	0.309854	2
LOC102724279	4	3.7576e-01	1.5380e-01	0.309854	2
YPEL2	4	3.7580e-01	1.5380e-01	0.309854	1
DIAPH2	4	3.7591e-01	1.5380e-01	0.309854	2
TNNT2	4	3.7591e-01	1.5380e-01	0.309854	2
LRG1	4	3.7598e-01	1.5380e-01	0.309854	2
SLC6A6	4	3.7608e-01	1.5380e-01	0.309854	2
ZKSCAN5	4	3.7624e-01	1.5380e-01	0.309854	1
TYSND1	4	3.7624e-01	1.5380e-01	0.309854	2
TUSC1	4	3.7629e-01	1.5380e-01	0.309854	2
RBMS1	4	3.7632e-01	1.5380e-01	0.309854	2
TSPAN14	4	3.7635e-01	1.5380e-01	0.309854	1
RUFY4	4	3.7638e-01	1.5380e-01	0.309854	2
RAD54L2	4	3.7653e-01	1.5380e-01	0.309854	2
ZNF75A	4	3.7657e-01	1.5380e-01	0.309854	2
CFAP126	4	3.7657e-01	1.5380e-01	0.309854	2
SULT2A1	4	3.7665e-01	1.5477e-01	0.310307	2
SLK	4	3.7675e-01	1.5477e-01	0.310307	2
USP16	4	3.7677e-01	1.5477e-01	0.310307	2
PPP1R12B	4	3.7683e-01	1.5477e-01	0.310307	2
TCEA2	4	3.7683e-01	1.5477e-01	0.310307	2
OLIG3	4	3.7686e-01	1.5477e-01	0.310307	2
FAM132A	4	3.7689e-01	1.5477e-01	0.310307	2
OR4A47	4	3.7693e-01	1.5477e-01	0.310307	1
METTL7B	4	3.7697e-01	1.5477e-01	0.310307	1
SYCP3	4	3.7699e-01	1.5477e-01	0.310307	2
HSD17B6	4	3.7703e-01	1.5477e-01	0.310307	2
GABRA5	4	3.7721e-01	1.5477e-01	0.310307	2
STK19	4	3.7724e-01	1.5477e-01	0.310307	2
TSPO2	4	3.7755e-01	1.5477e-01	0.310307	2
CCSER1	4	3.7762e-01	1.5477e-01	0.310307	1
BGLAP	4	3.7774e-01	1.5477e-01	0.310307	2
APOA1BP	4	3.7785e-01	1.5477e-01	0.310307	2
DSCAM	4	3.7790e-01	1.5477e-01	0.310307	2
NEK7	3	3.7795e-01	1.8309e-01	0.352296	2
MADCAM1	4	3.7815e-01	1.5477e-01	0.310307	2
PTCD2	4	3.7820e-01	1.5477e-01	0.310307	1
FAM9C	4	3.7822e-01	1.5477e-01	0.310307	2
HSFX1	4	3.7827e-01	1.5477e-01	0.310307	2
LEMD3	4	3.7827e-01	1.5477e-01	0.310307	2
SLC39A10	4	3.7833e-01	1.5477e-01	0.310307	2
USP46	4	3.7845e-01	1.5477e-01	0.310307	2
DMBT1	4	3.7854e-01	1.5477e-01	0.310307	2
CD164L2	4	3.7859e-01	1.5477e-01	0.310307	2
TTLL10	4	3.7867e-01	1.5477e-01	0.310307	1
ZNF684	4	3.7868e-01	1.5477e-01	0.310307	2
ANXA7	4	3.7873e-01	1.5477e-01	0.310307	2
RNF135	4	3.7874e-01	1.5477e-01	0.310307	2
RAB33A	4	3.7882e-01	1.5477e-01	0.310307	2
OR10G3	4	3.7889e-01	1.5477e-01	0.310307	2
GJA5	4	3.7896e-01	1.5477e-01	0.310307	2
ASIC5	4	3.7905e-01	1.5477e-01	0.310307	2
PTGER4	4	3.7909e-01	1.5477e-01	0.310307	2
ANKRD66	4	3.7914e-01	1.5477e-01	0.310307	1
OR8D4	4	3.7923e-01	1.5477e-01	0.310307	2
SIRPB1	4	3.7932e-01	1.5477e-01	0.310307	2
CEP57L1	4	3.7939e-01	1.5477e-01	0.310307	2
SLC3A2	4	3.7941e-01	1.5477e-01	0.310307	2
UPF1	4	3.7947e-01	1.5477e-01	0.310307	2
C20orf144	4	3.7951e-01	1.5477e-01	0.310307	2
GP2	4	3.7954e-01	1.5477e-01	0.310307	2
RNLS	4	3.7958e-01	1.5477e-01	0.310307	2
CPOX	4	3.7958e-01	1.5477e-01	0.310307	2
FOXP3	4	3.7967e-01	1.5574e-01	0.311670	2
ZNF639	4	3.7978e-01	1.5574e-01	0.311670	2
TNFSF9	4	3.7983e-01	1.5574e-01	0.311670	2
VAMP8	4	3.7997e-01	1.5574e-01	0.311670	2
OARD1	4	3.8006e-01	1.5574e-01	0.311670	2
GDF9	4	3.8009e-01	1.5574e-01	0.311670	2
LGALS8	4	3.8012e-01	1.5574e-01	0.311670	2
SYNGAP1	4	3.8025e-01	1.5575e-01	0.311670	1
SLC10A5	4	3.8025e-01	1.5575e-01	0.311670	2
PDE10A	4	3.8030e-01	1.5575e-01	0.311670	1
HEPACAM	4	3.8047e-01	1.5575e-01	0.311670	2
TSPAN6	4	3.8048e-01	1.5575e-01	0.311670	2
ITGAE	4	3.8049e-01	1.5575e-01	0.311670	2
STX12	4	3.8055e-01	1.5575e-01	0.311670	2
MYH15	4	3.8063e-01	1.5575e-01	0.311670	2
TAF4B	4	3.8066e-01	1.5575e-01	0.311670	2
LZTS1	4	3.8066e-01	1.5575e-01	0.311670	2
ETS2	4	3.8070e-01	1.5575e-01	0.311670	2
AHSG	4	3.8116e-01	1.5905e-01	0.317987	2
UGP2	4	3.8139e-01	1.5905e-01	0.317987	2
HTN3	4	3.8141e-01	1.5905e-01	0.317987	2
SPIC	4	3.8146e-01	1.5905e-01	0.317987	2
GIGYF1	4	3.8146e-01	1.5905e-01	0.317987	2
TMEM206	4	3.8153e-01	1.5905e-01	0.317987	2
LMOD1	4	3.8153e-01	1.5905e-01	0.317987	2
EXO1	4	3.8158e-01	1.5905e-01	0.317987	2
ZNF417	4	3.8186e-01	1.6001e-01	0.318546	2
AAMDC	4	3.8194e-01	1.6001e-01	0.318546	2
PPT1	4	3.8199e-01	1.6001e-01	0.318546	2
C8orf89	4	3.8201e-01	1.6001e-01	0.318546	2
KLK8	4	3.8214e-01	1.6001e-01	0.318546	1
C17orf67	4	3.8215e-01	1.6001e-01	0.318546	2
ZNF250	4	3.8225e-01	1.6001e-01	0.318546	1
PKN1	4	3.8232e-01	1.6001e-01	0.318546	2
SHISA5	4	3.8233e-01	1.6001e-01	0.318546	2
MINPP1	4	3.8244e-01	1.6001e-01	0.318546	2
TIFAB	4	3.8247e-01	1.6001e-01	0.318546	2
KRTAP24-1	4	3.8249e-01	1.6001e-01	0.318546	2
MYSM1	4	3.8260e-01	1.6001e-01	0.318546	2
KRTAP19-2	4	3.8263e-01	1.6001e-01	0.318546	2
CD27	4	3.8268e-01	1.6001e-01	0.318546	2
SRSF4	4	3.8270e-01	1.6001e-01	0.318546	2
PPFIA4	4	3.8272e-01	1.6001e-01	0.318546	1
ZDHHC6	4	3.8286e-01	1.6001e-01	0.318546	2
GFAP	4	3.8289e-01	1.6001e-01	0.318546	2
ANKRD36B	4	3.8290e-01	1.6001e-01	0.318546	1
PLEKHJ1	4	3.8306e-01	1.6001e-01	0.318546	1
ITGB8	4	3.8312e-01	1.6001e-01	0.318546	2
C8orf58	4	3.8315e-01	1.6001e-01	0.318546	2
GPA33	4	3.8331e-01	1.6001e-01	0.318546	2
MYO1A	4	3.8333e-01	1.6001e-01	0.318546	2
AP2A1	4	3.8334e-01	1.6001e-01	0.318546	2
LOC388849	3	3.8352e-01	1.8494e-01	0.354159	2
ZC3H12C	4	3.8366e-01	1.6001e-01	0.318546	2
PAK7	4	3.8371e-01	1.6001e-01	0.318546	2
TRIM61	4	3.8385e-01	1.6001e-01	0.318546	2
GIMAP7	4	3.8394e-01	1.6001e-01	0.318546	2
C15orf59	4	3.8395e-01	1.6001e-01	0.318546	2
RUSC1-AS1	4	3.8398e-01	1.6001e-01	0.318546	2
PID1	4	3.8408e-01	1.6001e-01	0.318546	2
FAH	4	3.8413e-01	1.6001e-01	0.318546	2
ST8SIA1	4	3.8415e-01	1.6001e-01	0.318546	2
AGBL2	4	3.8427e-01	1.6001e-01	0.318546	1
LRRC8B	4	3.8431e-01	1.6001e-01	0.318546	2
NRN1	4	3.8445e-01	1.6001e-01	0.318546	2
FOXE3	4	3.8452e-01	1.6001e-01	0.318546	1
AMELX	4	3.8474e-01	1.6001e-01	0.318546	2
CACNG6	4	3.8479e-01	1.6001e-01	0.318546	2
PLEC	4	3.8488e-01	1.6101e-01	0.320391	2
TRPC3	4	3.8492e-01	1.6101e-01	0.320391	1
INHBC	4	3.8493e-01	1.6101e-01	0.320391	2
LOC400863	4	3.8498e-01	1.6101e-01	0.320391	2
PHLDA3	4	3.8509e-01	1.6336e-01	0.323928	2
MMACHC	4	3.8512e-01	1.6336e-01	0.323928	2
EDC3	4	3.8515e-01	1.6336e-01	0.323928	2
ZNF697	4	3.8522e-01	1.6336e-01	0.323928	1
COL1A1	4	3.8530e-01	1.6336e-01	0.323928	2
CD34	4	3.8541e-01	1.6336e-01	0.323928	2
PLG	4	3.8557e-01	1.6336e-01	0.323928	2
RIPPLY2	4	3.8570e-01	1.6336e-01	0.323928	2
CCDC182	4	3.8578e-01	1.6336e-01	0.323928	2
MPG	4	3.8596e-01	1.6336e-01	0.323928	2
TASP1	4	3.8600e-01	1.6336e-01	0.323928	2
MRGPRF	4	3.8614e-01	1.6336e-01	0.323928	1
RNF111	4	3.8618e-01	1.6336e-01	0.323928	1
IFNA7	4	3.8636e-01	1.6336e-01	0.323928	2
BRSK2	4	3.8639e-01	1.6336e-01	0.323928	1
ANKMY1	4	3.8660e-01	1.6336e-01	0.323928	2
LIN7B	4	3.8663e-01	1.6336e-01	0.323928	2
CLK3	4	3.8682e-01	1.6336e-01	0.323928	2
FAM157B	4	3.8707e-01	1.6336e-01	0.323928	2
C5orf46	4	3.8730e-01	1.6336e-01	0.323928	2
CTCFL	4	3.8736e-01	1.6336e-01	0.323928	1
ADAMTS1	4	3.8750e-01	1.6336e-01	0.323928	2
OLFML2A	4	3.8758e-01	1.6336e-01	0.323928	2
ELAVL4	4	3.8765e-01	1.6336e-01	0.323928	1
DPP10	4	3.8768e-01	1.6336e-01	0.323928	1
TERF2IP	4	3.8779e-01	1.6336e-01	0.323928	2
IFIT1B	4	3.8794e-01	1.6336e-01	0.323928	2
TC2N	4	3.8795e-01	1.6336e-01	0.323928	1
HOXA6	4	3.8797e-01	1.6336e-01	0.323928	2
HDAC6	4	3.8806e-01	1.6336e-01	0.323928	2
PHOSPHO1	4	3.8813e-01	1.6336e-01	0.323928	2
NRK	4	3.8820e-01	1.6336e-01	0.323928	2
RASSF4	4	3.8822e-01	1.6336e-01	0.323928	2
OAZ1	4	3.8822e-01	1.6336e-01	0.323928	2
IFIT2	4	3.8836e-01	1.6435e-01	0.325711	1
MCEE	4	3.8840e-01	1.6435e-01	0.325711	2
ZNF620	4	3.8844e-01	1.6435e-01	0.325711	2
C4orf17	4	3.8844e-01	1.6435e-01	0.325711	2
BATF2	4	3.8858e-01	1.6435e-01	0.325711	1
TMEM95	4	3.8872e-01	1.6536e-01	0.326662	2
SRCIN1	4	3.8876e-01	1.6536e-01	0.326662	2
RAMP2	4	3.8877e-01	1.6536e-01	0.326662	2
LAMP5	4	3.8881e-01	1.6536e-01	0.326662	2
ZSCAN22	4	3.8881e-01	1.6536e-01	0.326662	2
COL17A1	4	3.8891e-01	1.6536e-01	0.326662	2
C9orf117	4	3.8896e-01	1.6536e-01	0.326662	2
MAP2	4	3.8904e-01	1.6536e-01	0.326662	1
CYGB	4	3.8906e-01	1.6536e-01	0.326662	2
SHROOM4	4	3.8915e-01	1.6536e-01	0.326662	1
FAM159B	4	3.8919e-01	1.6536e-01	0.326662	2
YJEFN3	4	3.8933e-01	1.6536e-01	0.326662	1
FBXL7	4	3.8934e-01	1.6536e-01	0.326662	2
IL13	4	3.8937e-01	1.6536e-01	0.326662	2
MRAP2	4	3.8944e-01	1.6536e-01	0.326662	1
SNX4	4	3.8946e-01	1.6536e-01	0.326662	2
OXCT1	4	3.8946e-01	1.6536e-01	0.326662	2
OBSL1	4	3.8994e-01	1.6536e-01	0.326662	1
OR2Z1	4	3.9001e-01	1.6536e-01	0.326662	2
MYOM3	4	3.9011e-01	1.6536e-01	0.326662	2
USP17L4	4	3.9013e-01	1.6536e-01	0.326662	2
TUBA3C	4	3.9037e-01	1.6536e-01	0.326662	1
C2orf42	4	3.9040e-01	1.6536e-01	0.326662	1
ZNF43	4	3.9043e-01	1.6536e-01	0.326662	2
HCFC2	4	3.9047e-01	1.6536e-01	0.326662	1
ASB14	4	3.9073e-01	1.6536e-01	0.326662	2
FNDC5	4	3.9112e-01	1.6536e-01	0.326662	1
GYLTL1B	4	3.9121e-01	1.6536e-01	0.326662	2
DENND4B	4	3.9133e-01	1.6536e-01	0.326662	1
PDE6B	4	3.9137e-01	1.6536e-01	0.326662	2
ZNF319	4	3.9140e-01	1.6536e-01	0.326662	2
GALNT4	4	3.9151e-01	1.6637e-01	0.327439	2
SCRT1	4	3.9151e-01	1.6637e-01	0.327439	2
DIRC2	4	3.9162e-01	1.6637e-01	0.327439	2
CCDC61	4	3.9167e-01	1.6637e-01	0.327439	1
CCDC40	4	3.9180e-01	1.6637e-01	0.327439	1
AJUBA	4	3.9185e-01	1.6637e-01	0.327439	2
GMFG	4	3.9190e-01	1.6637e-01	0.327439	2
KLRG1	4	3.9194e-01	1.6637e-01	0.327439	1
FAM118A	4	3.9202e-01	1.6637e-01	0.327439	2
CD55	4	3.9213e-01	1.6637e-01	0.327439	2
SYK	4	3.9222e-01	1.6637e-01	0.327439	1
AP5S1	4	3.9283e-01	1.6637e-01	0.327439	1
ZNF213	4	3.9287e-01	1.6637e-01	0.327439	2
MYCBPAP	4	3.9295e-01	1.6637e-01	0.327439	2
C1orf64	4	3.9296e-01	1.6637e-01	0.327439	2
DNAI1	4	3.9302e-01	1.6637e-01	0.327439	2
MTSS1	4	3.9310e-01	1.6637e-01	0.327439	2
APOF	4	3.9311e-01	1.6637e-01	0.327439	1
MTO1	4	3.9322e-01	1.6637e-01	0.327439	2
L1CAM	4	3.9323e-01	1.6637e-01	0.327439	2
SLC2A9	4	3.9326e-01	1.6637e-01	0.327439	2
XBP1	4	3.9335e-01	1.6637e-01	0.327439	2
OR6K2	4	3.9340e-01	1.6637e-01	0.327439	2
LYSMD3	4	3.9343e-01	1.6637e-01	0.327439	2
UPF3A	4	3.9352e-01	1.6637e-01	0.327439	2
GNG4	4	3.9358e-01	1.6637e-01	0.327439	2
TBCEL	4	3.9365e-01	1.6637e-01	0.327439	1
C19orf57	4	3.9366e-01	1.6637e-01	0.327439	2
ATRN	4	3.9366e-01	1.6637e-01	0.327439	2
IFNA2	4	3.9372e-01	1.6637e-01	0.327439	2
FAM216A	4	3.9374e-01	1.6637e-01	0.327439	2
PPOX	4	3.9379e-01	1.6637e-01	0.327439	1
PRR18	4	3.9393e-01	1.6637e-01	0.327439	2
KLHL11	4	3.9404e-01	1.6637e-01	0.327439	1
MT1M	4	3.9422e-01	1.6637e-01	0.327439	2
APOL3	4	3.9425e-01	1.6637e-01	0.327439	2
CT45A10	4	3.9434e-01	1.6736e-01	0.328692	2
ID3	4	3.9436e-01	1.6736e-01	0.328692	2
NDUFS3	4	3.9454e-01	1.6736e-01	0.328692	1
SPSB2	4	3.9457e-01	1.6736e-01	0.328692	2
ZNF532	4	3.9464e-01	1.6736e-01	0.328692	2
FMNL1	4	3.9468e-01	1.6736e-01	0.328692	1
CASP14	4	3.9473e-01	1.6736e-01	0.328692	2
S1PR1	4	3.9478e-01	1.6736e-01	0.328692	2
TMEM129	4	3.9482e-01	1.6736e-01	0.328692	1
CNGA4	4	3.9487e-01	1.6736e-01	0.328692	2
UFSP1	4	3.9493e-01	1.6736e-01	0.328692	2
BDH1	4	3.9500e-01	1.6736e-01	0.328692	2
XIRP1	4	3.9501e-01	1.6736e-01	0.328692	2
ITGB6	4	3.9503e-01	1.6736e-01	0.328692	2
CTSF	4	3.9504e-01	1.6736e-01	0.328692	1
BEND6	4	3.9508e-01	1.6736e-01	0.328692	2
GAS2L3	4	3.9510e-01	1.6736e-01	0.328692	2
PRCP	4	3.9512e-01	1.6736e-01	0.328692	2
SPINK9	4	3.9528e-01	1.6736e-01	0.328692	2
TRPV4	4	3.9531e-01	1.6736e-01	0.328692	2
XKR6	4	3.9542e-01	1.6736e-01	0.328692	2
AKR1C3	4	3.9560e-01	1.6841e-01	0.329830	1
PTP4A3	4	3.9564e-01	1.6841e-01	0.329830	2
CASC5	4	3.9567e-01	1.6841e-01	0.329830	1
PGLYRP3	4	3.9571e-01	1.6841e-01	0.329830	1
ATXN3	4	3.9578e-01	1.6841e-01	0.329830	2
MIA3	4	3.9583e-01	1.6841e-01	0.329830	2
KIAA0895	4	3.9590e-01	1.6841e-01	0.329830	2
OR5D16	4	3.9599e-01	1.6841e-01	0.329830	1
NRARP	4	3.9609e-01	1.6841e-01	0.329830	2
UBE2W	4	3.9611e-01	1.6841e-01	0.329830	2
KIF7	4	3.9615e-01	1.6841e-01	0.329830	2
DCSTAMP	4	3.9617e-01	1.6841e-01	0.329830	2
PAK4	4	3.9630e-01	1.6841e-01	0.329830	1
TMCO5A	4	3.9649e-01	1.6841e-01	0.329830	2
STAT4	4	3.9658e-01	1.6841e-01	0.329830	2
ROBO4	4	3.9663e-01	1.6841e-01	0.329830	1
HRAS	4	3.9673e-01	1.6841e-01	0.329830	2
PCMT1	4	3.9678e-01	1.6841e-01	0.329830	2
NUP54	4	3.9679e-01	1.6841e-01	0.329830	1
PSIP1	4	3.9679e-01	1.6841e-01	0.329830	2
LMNA	3	3.9684e-01	1.8762e-01	0.357552	1
ADRA2A	4	3.9684e-01	1.6841e-01	0.329830	2
IQGAP2	4	3.9709e-01	1.6841e-01	0.329830	2
OTC	4	3.9709e-01	1.6841e-01	0.329830	2
TFPI	4	3.9713e-01	1.6841e-01	0.329830	1
SCIMP	4	3.9718e-01	1.6841e-01	0.329830	2
ADAMTS2	4	3.9720e-01	1.6841e-01	0.329830	2
PCGF1	4	3.9752e-01	1.7083e-01	0.334438	2
KCNH6	4	3.9756e-01	1.7083e-01	0.334438	2
AURKC	4	3.9764e-01	1.7083e-01	0.334438	2
ZC2HC1C	4	3.9784e-01	1.7083e-01	0.334438	2
GALNT10	3	3.9787e-01	1.8762e-01	0.357552	1
USP24	3	3.9788e-01	1.8762e-01	0.357552	2
KLHL23	4	3.9797e-01	1.7312e-01	0.337636	2
KLHL34	4	3.9800e-01	1.7312e-01	0.337636	2
BCL2L12	4	3.9802e-01	1.7312e-01	0.337636	2
NOSTRIN	4	3.9807e-01	1.7312e-01	0.337636	2
PCGF5	4	3.9811e-01	1.7312e-01	0.337636	2
CXorf40A	4	3.9816e-01	1.7312e-01	0.337636	2
EMCN	4	3.9825e-01	1.7312e-01	0.337636	2
TMEM144	4	3.9830e-01	1.7312e-01	0.337636	1
TRMT44	4	3.9830e-01	1.7312e-01	0.337636	2
DNAJC14	4	3.9837e-01	1.7312e-01	0.337636	1
HMX2	4	3.9844e-01	1.7312e-01	0.337636	2
SETD7	4	3.9847e-01	1.7312e-01	0.337636	1
KDM5A	4	3.9850e-01	1.7312e-01	0.337636	2
C1orf106	4	3.9851e-01	1.7312e-01	0.337636	1
POTEH	4	3.9854e-01	1.7312e-01	0.337636	2
TBX19	4	3.9867e-01	1.7312e-01	0.337636	2
OMA1	4	3.9875e-01	1.7312e-01	0.337636	2
PQLC2L	4	3.9885e-01	1.7312e-01	0.337636	2
LRCH2	4	3.9890e-01	1.7312e-01	0.337636	2
FGF20	4	3.9896e-01	1.7312e-01	0.337636	2
FAM204A	4	3.9915e-01	1.7312e-01	0.337636	2
IFI6	4	3.9915e-01	1.7312e-01	0.337636	2
IFITM2	4	3.9917e-01	1.7312e-01	0.337636	2
ETV1	4	3.9922e-01	1.7312e-01	0.337636	1
OR9G1	4	3.9929e-01	1.7312e-01	0.337636	2
GSG1	4	3.9946e-01	1.7312e-01	0.337636	2
PADI4	4	3.9950e-01	1.7312e-01	0.337636	1
SYCE3	4	3.9971e-01	1.7312e-01	0.337636	2
TCHP	4	3.9975e-01	1.7312e-01	0.337636	1
PRRG2	4	3.9977e-01	1.7312e-01	0.337636	2
KAT6B	4	3.9986e-01	1.7312e-01	0.337636	2
AGRN	4	3.9993e-01	1.7312e-01	0.337636	2
MYL1	4	3.9996e-01	1.7312e-01	0.337636	1
MORN5	4	4.0001e-01	1.7312e-01	0.337636	2
WFIKKN1	4	4.0007e-01	1.7312e-01	0.337636	2
NCR3	4	4.0015e-01	1.7312e-01	0.337636	2
TUBB2B	4	4.0031e-01	1.7312e-01	0.337636	2
CASK	4	4.0061e-01	1.7641e-01	0.343556	2
CDY2A	4	4.0061e-01	1.7641e-01	0.343556	2
P2RY14	4	4.0066e-01	1.7641e-01	0.343556	1
ERICH4	4	4.0072e-01	1.7641e-01	0.343556	2
SLC17A4	4	4.0073e-01	1.7641e-01	0.343556	1
DUSP21	4	4.0076e-01	1.7641e-01	0.343556	2
SVOP	4	4.0098e-01	1.7641e-01	0.343556	1
PIANP	4	4.0106e-01	1.7641e-01	0.343556	2
CYP2B6	4	4.0109e-01	1.7641e-01	0.343556	1
NCF2	4	4.0125e-01	1.7641e-01	0.343556	1
ABCA9	4	4.0149e-01	1.7641e-01	0.343556	2
SLC15A1	4	4.0155e-01	1.7641e-01	0.343556	2
CNOT11	4	4.0166e-01	1.7641e-01	0.343556	2
ZBTB4	4	4.0193e-01	1.7641e-01	0.343556	1
OPRK1	4	4.0205e-01	1.7744e-01	0.345349	2
ABI3BP	4	4.0207e-01	1.7744e-01	0.345349	2
KLRG2	4	4.0212e-01	1.7744e-01	0.345349	2
TIGAR	3	4.0216e-01	1.8943e-01	0.360932	2
TMEM168	4	4.0228e-01	1.7744e-01	0.345349	2
DEFB121	4	4.0232e-01	1.7744e-01	0.345349	2
C7orf26	4	4.0241e-01	1.7744e-01	0.345349	2
SYNJ1	4	4.0257e-01	1.7970e-01	0.347592	2
CGB7	4	4.0262e-01	1.7970e-01	0.347592	2
IL20RB	4	4.0268e-01	1.7970e-01	0.347592	2
DOPEY1	4	4.0273e-01	1.7970e-01	0.347592	2
C21orf62	4	4.0285e-01	1.7970e-01	0.347592	2
CHIT1	4	4.0302e-01	1.7970e-01	0.347592	1
CLIC5	4	4.0306e-01	1.7970e-01	0.347592	2
ALKBH5	4	4.0311e-01	1.7970e-01	0.347592	2
PITPNM3	4	4.0315e-01	1.7970e-01	0.347592	2
TXNDC11	4	4.0323e-01	1.7970e-01	0.347592	1
C10orf95	4	4.0331e-01	1.7970e-01	0.347592	1
PXT1	4	4.0353e-01	1.7970e-01	0.347592	1
SLC2A7	4	4.0364e-01	1.7970e-01	0.347592	2
BCL2L15	4	4.0381e-01	1.7970e-01	0.347592	2
TBC1D4	4	4.0381e-01	1.7970e-01	0.347592	2
C14orf180	4	4.0389e-01	1.7970e-01	0.347592	2
TMSB4Y	4	4.0398e-01	1.7970e-01	0.347592	2
AGAP5	4	4.0407e-01	1.7970e-01	0.347592	2
LOC400736	4	4.0408e-01	1.7970e-01	0.347592	2
IGSF11	4	4.0419e-01	1.7970e-01	0.347592	2
SPATA4	4	4.0422e-01	1.7970e-01	0.347592	2
FAM46D	4	4.0423e-01	1.7970e-01	0.347592	2
ZNF860	4	4.0427e-01	1.7970e-01	0.347592	1
FST	4	4.0427e-01	1.7970e-01	0.347592	2
NEUROG3	4	4.0428e-01	1.7970e-01	0.347592	2
THRSP	4	4.0433e-01	1.7970e-01	0.347592	2
SLC25A30	4	4.0436e-01	1.7970e-01	0.347592	2
TAL1	4	4.0451e-01	1.7970e-01	0.347592	2
CCDC68	4	4.0453e-01	1.7970e-01	0.347592	2
TMEM92	4	4.0456e-01	1.7970e-01	0.347592	2
MARCKS	4	4.0464e-01	1.7970e-01	0.347592	2
TAS2R43	4	4.0468e-01	1.7970e-01	0.347592	1
RBSN	4	4.0499e-01	1.7970e-01	0.347592	2
BICC1	4	4.0503e-01	1.7970e-01	0.347592	1
TMEM70	4	4.0504e-01	1.7970e-01	0.347592	2
NXT1	4	4.0509e-01	1.7970e-01	0.347592	2
LCE1B	4	4.0517e-01	1.7970e-01	0.347592	1
TLR2	4	4.0519e-01	1.7970e-01	0.347592	2
CAD	4	4.0538e-01	1.7970e-01	0.347592	2
AMICA1	4	4.0545e-01	1.7970e-01	0.347592	1
ZSCAN25	4	4.0548e-01	1.7970e-01	0.347592	2
CD1C	4	4.0550e-01	1.7970e-01	0.347592	2
IL12B	4	4.0550e-01	1.7970e-01	0.347592	2
PEMT	4	4.0559e-01	1.7970e-01	0.347592	2
SAA1	4	4.0566e-01	1.7970e-01	0.347592	2
ZDHHC17	4	4.0566e-01	1.7970e-01	0.347592	2
FAM221A	4	4.0583e-01	1.7970e-01	0.347592	2
OR4M1	4	4.0585e-01	1.7970e-01	0.347592	2
PRDM1	4	4.0587e-01	1.7970e-01	0.347592	2
SIRT2	4	4.0604e-01	1.7970e-01	0.347592	1
LYG1	4	4.0619e-01	1.7970e-01	0.347592	2
RHOBTB1	4	4.0622e-01	1.7970e-01	0.347592	1
TM7SF2	4	4.0633e-01	1.7970e-01	0.347592	2
GSG2	4	4.0635e-01	1.7970e-01	0.347592	2
MFSD2B	4	4.0650e-01	1.7970e-01	0.347592	1
RALGAPB	4	4.0651e-01	1.7970e-01	0.347592	2
SLC7A7	4	4.0653e-01	1.7970e-01	0.347592	2
RPUSD3	4	4.0660e-01	1.7970e-01	0.347592	2
COX7B2	4	4.0663e-01	1.7970e-01	0.347592	2
VMA21	4	4.0671e-01	1.8204e-01	0.351306	2
CALY	4	4.0671e-01	1.8204e-01	0.351306	2
SPRY1	3	4.0678e-01	1.9469e-01	0.365880	1
ADGRL2	4	4.0681e-01	1.8204e-01	0.351306	1
CDCA4	4	4.0684e-01	1.8204e-01	0.351306	2
FXYD4	4	4.0685e-01	1.8204e-01	0.351306	1
UTS2R	4	4.0693e-01	1.8204e-01	0.351306	2
VWA5B1	4	4.0697e-01	1.8204e-01	0.351306	2
C6orf25	4	4.0699e-01	1.8204e-01	0.351306	1
PXMP4	4	4.0708e-01	1.8204e-01	0.351306	2
GDPD3	4	4.0709e-01	1.8204e-01	0.351306	2
TMEM150A	3	4.0717e-01	1.9469e-01	0.365880	2
MLPH	4	4.0723e-01	1.8204e-01	0.351306	2
ZBTB32	4	4.0730e-01	1.8204e-01	0.351306	2
MYF6	4	4.0730e-01	1.8204e-01	0.351306	1
CASKIN2	4	4.0734e-01	1.8204e-01	0.351306	1
GRIP1	4	4.0744e-01	1.8204e-01	0.351306	2
LOC101928841	4	4.0748e-01	1.8204e-01	0.351306	2
LAMC3	4	4.0758e-01	1.8204e-01	0.351306	2
STC1	4	4.0765e-01	1.8204e-01	0.351306	2
NDUFA11	4	4.0772e-01	1.8204e-01	0.351306	1
TSC22D4	4	4.0776e-01	1.8204e-01	0.351306	2
CETN3	4	4.0779e-01	1.8204e-01	0.351306	1
GPR156	4	4.0780e-01	1.8204e-01	0.351306	2
LRRC8C	4	4.0788e-01	1.8204e-01	0.351306	2
LRRC70	4	4.0794e-01	1.8308e-01	0.352296	2
PKNOX1	4	4.0811e-01	1.8308e-01	0.352296	2
TUBB4A	4	4.0814e-01	1.8308e-01	0.352296	1
IL7	4	4.0817e-01	1.8308e-01	0.352296	2
KCNJ12	4	4.0833e-01	1.8308e-01	0.352296	2
VASP	4	4.0835e-01	1.8308e-01	0.352296	1
H2AFX	4	4.0840e-01	1.8308e-01	0.352296	2
TRPM2	4	4.0852e-01	1.8308e-01	0.352296	2
BBS5	4	4.0853e-01	1.8308e-01	0.352296	2
ZNF812	4	4.0863e-01	1.8308e-01	0.352296	2
PHOX2A	4	4.0865e-01	1.8308e-01	0.352296	2
HSD17B11	4	4.0886e-01	1.8308e-01	0.352296	2
KCNB2	4	4.0898e-01	1.8308e-01	0.352296	2
HLA-DRB5	4	4.0898e-01	1.8308e-01	0.352296	1
ZC3H3	4	4.0898e-01	1.8308e-01	0.352296	1
SERPIND1	4	4.0909e-01	1.8308e-01	0.352296	1
ANKRD33B	4	4.0909e-01	1.8308e-01	0.352296	2
SSR2	4	4.0934e-01	1.8308e-01	0.352296	2
IL17B	4	4.0937e-01	1.8308e-01	0.352296	2
TCAIM	4	4.0938e-01	1.8308e-01	0.352296	1
KIF1A	4	4.0943e-01	1.8308e-01	0.352296	1
SBK2	4	4.0947e-01	1.8308e-01	0.352296	1
ZNF98	4	4.0948e-01	1.8308e-01	0.352296	2
SPIN2B	4	4.0950e-01	1.8308e-01	0.352296	1
C18orf32	4	4.0954e-01	1.8308e-01	0.352296	1
CD180	4	4.0971e-01	1.8409e-01	0.354109	2
HEXB	4	4.0983e-01	1.8409e-01	0.354109	2
GPR1	4	4.0990e-01	1.8409e-01	0.354109	2
OR3A3	4	4.0997e-01	1.8513e-01	0.354159	2
ERV3-1	4	4.1010e-01	1.8513e-01	0.354159	1
S100Z	4	4.1015e-01	1.8513e-01	0.354159	2
ART4	4	4.1015e-01	1.8513e-01	0.354159	2
HPS4	4	4.1039e-01	1.8513e-01	0.354159	2
CD300A	4	4.1041e-01	1.8513e-01	0.354159	1
EPS15	4	4.1045e-01	1.8513e-01	0.354159	1
IQCF3	4	4.1052e-01	1.8513e-01	0.354159	1
PCP2	4	4.1058e-01	1.8513e-01	0.354159	2
CXCR3	4	4.1058e-01	1.8513e-01	0.354159	2
FNDC3B	4	4.1065e-01	1.8513e-01	0.354159	2
OR2T2	4	4.1066e-01	1.8513e-01	0.354159	2
MORC1	4	4.1074e-01	1.8513e-01	0.354159	2
C9orf172	4	4.1079e-01	1.8513e-01	0.354159	2
CENPB	3	4.1081e-01	1.9469e-01	0.365880	2
FAM53A	4	4.1089e-01	1.8513e-01	0.354159	2
OR2A42	4	4.1093e-01	1.8513e-01	0.354159	2
HLA-C	4	4.1104e-01	1.8513e-01	0.354159	2
PRND	4	4.1104e-01	1.8513e-01	0.354159	1
VCPIP1	4	4.1112e-01	1.8513e-01	0.354159	2
BLMH	4	4.1118e-01	1.8513e-01	0.354159	1
UGT8	4	4.1125e-01	1.8513e-01	0.354159	1
SLC28A3	4	4.1132e-01	1.8513e-01	0.354159	1
LINGO1	4	4.1139e-01	1.8513e-01	0.354159	2
DEPTOR	4	4.1142e-01	1.8513e-01	0.354159	2
BHMT	4	4.1147e-01	1.8513e-01	0.354159	2
LGSN	4	4.1155e-01	1.8513e-01	0.354159	2
TCEANC	4	4.1160e-01	1.8513e-01	0.354159	2
HIST1H4E	4	4.1165e-01	1.8513e-01	0.354159	2
ATIC	4	4.1165e-01	1.8513e-01	0.354159	2
DMBX1	3	4.1184e-01	1.9469e-01	0.365880	2
TNK2	4	4.1185e-01	1.8513e-01	0.354159	2
C11orf54	4	4.1208e-01	1.8513e-01	0.354159	1
XKRY2	4	4.1215e-01	1.8513e-01	0.354159	2
WDR72	4	4.1226e-01	1.8513e-01	0.354159	2
TRMT12	4	4.1233e-01	1.8513e-01	0.354159	1
LRRTM3	4	4.1236e-01	1.8513e-01	0.354159	2
PLK2	4	4.1250e-01	1.8513e-01	0.354159	2
GPC3	4	4.1257e-01	1.8513e-01	0.354159	2
SIX3	4	4.1260e-01	1.8513e-01	0.354159	2
CARHSP1	4	4.1267e-01	1.8513e-01	0.354159	2
FSTL4	4	4.1274e-01	1.8513e-01	0.354159	2
LARP4	4	4.1275e-01	1.8513e-01	0.354159	2
PIK3R1	4	4.1287e-01	1.8513e-01	0.354159	2
ZFP42	4	4.1289e-01	1.8513e-01	0.354159	2
OR51D1	4	4.1292e-01	1.8513e-01	0.354159	2
NFYA	4	4.1295e-01	1.8513e-01	0.354159	1
TBC1D32	4	4.1302e-01	1.8513e-01	0.354159	2
C1orf94	4	4.1305e-01	1.8513e-01	0.354159	1
PHF7	4	4.1316e-01	1.8513e-01	0.354159	2
ZNF726	4	4.1321e-01	1.8513e-01	0.354159	2
HERPUD2	4	4.1326e-01	1.8513e-01	0.354159	1
ZIM2	4	4.1340e-01	1.8513e-01	0.354159	2
CD93	4	4.1344e-01	1.8513e-01	0.354159	2
TIMP3	4	4.1349e-01	1.8513e-01	0.354159	2
BRDT	4	4.1353e-01	1.8513e-01	0.354159	2
SLC2A2	4	4.1371e-01	1.8614e-01	0.355632	2
KPRP	4	4.1378e-01	1.8614e-01	0.355632	1
CHST13	4	4.1396e-01	1.8614e-01	0.355632	1
TLR1	4	4.1396e-01	1.8614e-01	0.355632	2
ABCC4	4	4.1396e-01	1.8614e-01	0.355632	2
VN1R4	4	4.1403e-01	1.8614e-01	0.355632	2
CACNA2D2	4	4.1405e-01	1.8614e-01	0.355632	2
CPEB4	4	4.1406e-01	1.8614e-01	0.355632	1
AQP2	4	4.1413e-01	1.8614e-01	0.355632	2
KIR2DS4	4	4.1417e-01	1.8614e-01	0.355632	1
PARD3	4	4.1429e-01	1.8614e-01	0.355632	2
KLHL3	4	4.1434e-01	1.8614e-01	0.355632	2
KLHL21	4	4.1436e-01	1.8614e-01	0.355632	1
BCL6	4	4.1444e-01	1.8722e-01	0.356904	2
LRCH4	4	4.1448e-01	1.8722e-01	0.356904	2
MCF2L	4	4.1469e-01	1.8722e-01	0.356904	1
ZNF787	4	4.1473e-01	1.8722e-01	0.356904	2
RAB42	4	4.1477e-01	1.8722e-01	0.356904	1
SLFN14	4	4.1482e-01	1.8722e-01	0.356904	2
FAM169A	4	4.1488e-01	1.8722e-01	0.356904	1
C6orf120	4	4.1496e-01	1.8722e-01	0.356904	2
REXO4	4	4.1501e-01	1.8722e-01	0.356904	2
SH2B2	4	4.1510e-01	1.8722e-01	0.356904	2
C6orf223	4	4.1514e-01	1.8722e-01	0.356904	2
SLC25A39	4	4.1526e-01	1.8722e-01	0.356904	2
FBXW5	4	4.1531e-01	1.8722e-01	0.356904	2
IDH2	4	4.1531e-01	1.8722e-01	0.356904	2
HTR3C	4	4.1534e-01	1.8722e-01	0.356904	2
MAP2K6	4	4.1543e-01	1.8722e-01	0.356904	2
MYH2	4	4.1543e-01	1.8722e-01	0.356904	2
C1GALT1C1L	4	4.1566e-01	1.8722e-01	0.356904	2
MVB12A	4	4.1572e-01	1.8722e-01	0.356904	1
SPR	4	4.1574e-01	1.8722e-01	0.356904	2
ASB17	4	4.1576e-01	1.8722e-01	0.356904	2
TMED7	3	4.1580e-01	1.9646e-01	0.368744	1
SMG8	4	4.1583e-01	1.8722e-01	0.356904	1
TNFSF13B	4	4.1607e-01	1.8828e-01	0.358787	1
LOXL3	4	4.1611e-01	1.9057e-01	0.361481	2
SCAF11	4	4.1613e-01	1.9057e-01	0.361481	2
NAALADL1	4	4.1618e-01	1.9057e-01	0.361481	2
CFAP58	4	4.1625e-01	1.9057e-01	0.361481	2
ZNF547	4	4.1627e-01	1.9057e-01	0.361481	2
CYP2C8	4	4.1631e-01	1.9057e-01	0.361481	1
FBXO34	4	4.1636e-01	1.9057e-01	0.361481	2
ANGPTL3	4	4.1641e-01	1.9057e-01	0.361481	2
PLAC8L1	4	4.1659e-01	1.9057e-01	0.361481	2
ETV3	4	4.1661e-01	1.9057e-01	0.361481	2
HIST1H2AD	4	4.1666e-01	1.9057e-01	0.361481	2
ANGPTL4	4	4.1669e-01	1.9057e-01	0.361481	2
PPP2R3B	4	4.1693e-01	1.9057e-01	0.361481	2
HLA-DQA2	4	4.1705e-01	1.9057e-01	0.361481	2
RAB41	4	4.1711e-01	1.9057e-01	0.361481	1
TRIOBP	4	4.1718e-01	1.9057e-01	0.361481	1
FAM81B	4	4.1738e-01	1.9057e-01	0.361481	2
GNB3	4	4.1742e-01	1.9057e-01	0.361481	1
TMEM139	4	4.1747e-01	1.9057e-01	0.361481	2
TNRC6C	4	4.1749e-01	1.9057e-01	0.361481	2
MAFG	4	4.1761e-01	1.9057e-01	0.361481	2
RRM2B	4	4.1775e-01	1.9057e-01	0.361481	2
COA1	4	4.1780e-01	1.9057e-01	0.361481	1
GALNT5	4	4.1788e-01	1.9057e-01	0.361481	2
VEGFB	4	4.1802e-01	1.9057e-01	0.361481	2
SOD3	4	4.1811e-01	1.9057e-01	0.361481	2
PHYKPL	4	4.1825e-01	1.9057e-01	0.361481	2
GCG	4	4.1834e-01	1.9057e-01	0.361481	2
SLC9C1	4	4.1853e-01	1.9057e-01	0.361481	2
SLC35G3	4	4.1855e-01	1.9057e-01	0.361481	2
SFR1	4	4.1856e-01	1.9057e-01	0.361481	2
TIMM10B	4	4.1857e-01	1.9057e-01	0.361481	2
SIGLECL1	4	4.1873e-01	1.9057e-01	0.361481	2
KIAA1107	4	4.1873e-01	1.9057e-01	0.361481	2
C4orf47	4	4.1873e-01	1.9057e-01	0.361481	2
SLC22A1	4	4.1883e-01	1.9057e-01	0.361481	2
LRRC58	4	4.1909e-01	1.9057e-01	0.361481	2
MARK2	4	4.1909e-01	1.9057e-01	0.361481	2
OTULIN	4	4.1921e-01	1.9057e-01	0.361481	2
PCDHB5	4	4.1922e-01	1.9057e-01	0.361481	2
FAM47B	4	4.1942e-01	1.9057e-01	0.361481	1
EGFL6	4	4.1952e-01	1.9057e-01	0.361481	2
PPFIBP1	4	4.1963e-01	1.9057e-01	0.361481	2
CYB5D1	4	4.1968e-01	1.9057e-01	0.361481	2
OR10T2	4	4.1972e-01	1.9057e-01	0.361481	2
SMAGP	4	4.1995e-01	1.9282e-01	0.362773	2
KCTD10	4	4.2011e-01	1.9282e-01	0.362773	1
SH2D5	4	4.2018e-01	1.9282e-01	0.362773	2
PYURF	4	4.2023e-01	1.9282e-01	0.362773	2
ATP6V0D2	4	4.2030e-01	1.9282e-01	0.362773	1
INHBA	4	4.2030e-01	1.9282e-01	0.362773	2
OSBPL10	4	4.2039e-01	1.9282e-01	0.362773	2
RBBP9	4	4.2042e-01	1.9282e-01	0.362773	2
TNFRSF1A	4	4.2049e-01	1.9282e-01	0.362773	1
SLFN11	4	4.2055e-01	1.9282e-01	0.362773	2
HYAL2	4	4.2060e-01	1.9282e-01	0.362773	2
SEL1L3	4	4.2064e-01	1.9282e-01	0.362773	2
KRT13	4	4.2069e-01	1.9282e-01	0.362773	2
ZNF48	4	4.2074e-01	1.9282e-01	0.362773	2
SMDT1	4	4.2086e-01	1.9282e-01	0.362773	2
DUXA	4	4.2092e-01	1.9282e-01	0.362773	1
FOXN1	4	4.2104e-01	1.9282e-01	0.362773	2
CYTH2	4	4.2106e-01	1.9282e-01	0.362773	2
OR2B6	4	4.2108e-01	1.9282e-01	0.362773	2
PUM2	4	4.2120e-01	1.9282e-01	0.362773	2
TBPL1	4	4.2131e-01	1.9282e-01	0.362773	1
DLG3	4	4.2133e-01	1.9282e-01	0.362773	2
MDC1	4	4.2159e-01	1.9282e-01	0.362773	2
ENAH	4	4.2170e-01	1.9282e-01	0.362773	2
DEFB128	4	4.2172e-01	1.9282e-01	0.362773	1
SPZ1	4	4.2175e-01	1.9282e-01	0.362773	2
DENR	4	4.2179e-01	1.9282e-01	0.362773	2
LTA	4	4.2180e-01	1.9282e-01	0.362773	2
POU3F4	4	4.2186e-01	1.9282e-01	0.362773	2
UMOD	4	4.2189e-01	1.9282e-01	0.362773	2
HKDC1	4	4.2189e-01	1.9282e-01	0.362773	1
C16orf95	4	4.2191e-01	1.9282e-01	0.362773	2
AP3B1	4	4.2193e-01	1.9282e-01	0.362773	2
NKIRAS1	4	4.2200e-01	1.9282e-01	0.362773	2
AGO3	4	4.2212e-01	1.9282e-01	0.362773	2
PDGFB	4	4.2212e-01	1.9282e-01	0.362773	2
COL4A3BP	4	4.2217e-01	1.9282e-01	0.362773	1
FBLIM1	4	4.2222e-01	1.9282e-01	0.362773	1
ATP2C2	4	4.2237e-01	1.9282e-01	0.362773	2
ABCB4	4	4.2242e-01	1.9282e-01	0.362773	2
GNRHR	4	4.2251e-01	1.9282e-01	0.362773	2
SGPP2	4	4.2251e-01	1.9282e-01	0.362773	2
GDPD4	4	4.2265e-01	1.9282e-01	0.362773	2
HSD17B7	4	4.2265e-01	1.9282e-01	0.362773	2
NOMO2	4	4.2275e-01	1.9282e-01	0.362773	2
LEPROTL1	4	4.2278e-01	1.9282e-01	0.362773	2
LPAR5	4	4.2281e-01	1.9282e-01	0.362773	2
LOC100996634	4	4.2286e-01	1.9282e-01	0.362773	2
PGM5	4	4.2296e-01	1.9282e-01	0.362773	2
IQCG	4	4.2304e-01	1.9282e-01	0.362773	2
PRKAR1B	4	4.2308e-01	1.9282e-01	0.362773	2
CDC42EP1	4	4.2311e-01	1.9282e-01	0.362773	2
KIF3C	4	4.2313e-01	1.9282e-01	0.362773	2
FAM126B	4	4.2327e-01	1.9282e-01	0.362773	2
MGST1	4	4.2327e-01	1.9282e-01	0.362773	2
PLA2G4A	4	4.2330e-01	1.9282e-01	0.362773	1
RGPD4	4	4.2344e-01	1.9282e-01	0.362773	2
KIRREL	4	4.2349e-01	1.9282e-01	0.362773	2
QSOX1	4	4.2356e-01	1.9282e-01	0.362773	2
CA9	4	4.2361e-01	1.9282e-01	0.362773	2
PTPN13	4	4.2363e-01	1.9282e-01	0.362773	2
CRHR1	4	4.2366e-01	1.9282e-01	0.362773	2
FAM20C	3	4.2368e-01	1.9828e-01	0.371515	1
OR10AD1	4	4.2368e-01	1.9282e-01	0.362773	2
ALAS2	4	4.2373e-01	1.9282e-01	0.362773	2
ENDOV	4	4.2377e-01	1.9282e-01	0.362773	2
DNAJB8	4	4.2378e-01	1.9282e-01	0.362773	1
TMCC3	4	4.2391e-01	1.9282e-01	0.362773	2
GRM6	4	4.2395e-01	1.9282e-01	0.362773	2
CCDC64	4	4.2399e-01	1.9282e-01	0.362773	2
WIPF1	4	4.2414e-01	1.9282e-01	0.362773	2
GPR75	4	4.2421e-01	1.9282e-01	0.362773	2
LGALS9C	4	4.2423e-01	1.9282e-01	0.362773	1
COQ10A	3	4.2431e-01	1.9829e-01	0.371515	2
ANKRD6	4	4.2451e-01	1.9282e-01	0.362773	2
SLC6A2	4	4.2455e-01	1.9282e-01	0.362773	2
TDRD7	4	4.2464e-01	1.9282e-01	0.362773	2
TNFAIP8L3	4	4.2476e-01	1.9282e-01	0.362773	2
CPNE6	4	4.2481e-01	1.9282e-01	0.362773	1
LAMA2	3	4.2487e-01	2.0005e-01	0.374206	2
SORD	4	4.2491e-01	1.9282e-01	0.362773	2
MYLIP	4	4.2501e-01	1.9282e-01	0.362773	1
LCE5A	4	4.2515e-01	1.9282e-01	0.362773	2
HEATR9	4	4.2517e-01	1.9282e-01	0.362773	2
COX5B	4	4.2540e-01	1.9282e-01	0.362773	2
MRVI1	4	4.2542e-01	1.9282e-01	0.362773	2
BEND3	4	4.2565e-01	1.9384e-01	0.364646	2
KLHDC8A	4	4.2584e-01	1.9489e-01	0.365880	2
ACKR2	4	4.2590e-01	1.9489e-01	0.365880	1
PITHD1	4	4.2595e-01	1.9489e-01	0.365880	2
ZNF717	4	4.2607e-01	1.9489e-01	0.365880	2
CACNB2	4	4.2610e-01	1.9489e-01	0.365880	2
YBX3	4	4.2611e-01	1.9489e-01	0.365880	1
KLLN	4	4.2614e-01	1.9489e-01	0.365880	2
OR1D2	4	4.2624e-01	1.9489e-01	0.365880	1
COLCA1	4	4.2626e-01	1.9489e-01	0.365880	2
ZNF763	4	4.2635e-01	1.9489e-01	0.365880	2
AMIGO1	4	4.2642e-01	1.9489e-01	0.365880	2
SLC25A34	4	4.2650e-01	1.9489e-01	0.365880	2
DLGAP2	4	4.2657e-01	1.9489e-01	0.365880	2
GLI1	4	4.2662e-01	1.9489e-01	0.365880	1
FKBP5	4	4.2667e-01	1.9489e-01	0.365880	2
AP1M2	4	4.2679e-01	1.9489e-01	0.365880	2
ZNF672	4	4.2679e-01	1.9489e-01	0.365880	2
MSR1	4	4.2689e-01	1.9596e-01	0.367847	1
SLC38A9	4	4.2693e-01	1.9697e-01	0.369131	2
ART3	4	4.2695e-01	1.9697e-01	0.369131	2
OLA1	4	4.2696e-01	1.9697e-01	0.369131	2
SESN2	4	4.2715e-01	1.9697e-01	0.369131	2
LRRC46	4	4.2718e-01	1.9697e-01	0.369131	2
MEIKIN	4	4.2728e-01	1.9697e-01	0.369131	2
SP6	4	4.2730e-01	1.9697e-01	0.369131	2
IWS1	4	4.2735e-01	1.9697e-01	0.369131	2
SLC25A32	4	4.2761e-01	1.9697e-01	0.369131	2
KCTD12	4	4.2761e-01	1.9697e-01	0.369131	2
COL26A1	4	4.2766e-01	1.9697e-01	0.369131	2
CPA6	4	4.2773e-01	1.9697e-01	0.369131	2
ZNF786	4	4.2776e-01	1.9697e-01	0.369131	2
MIER2	4	4.2784e-01	1.9697e-01	0.369131	2
SERHL2	4	4.2788e-01	1.9697e-01	0.369131	1
DLC1	4	4.2798e-01	1.9697e-01	0.369131	2
CEACAM18	4	4.2810e-01	1.9922e-01	0.372757	2
SLC22A31	4	4.2836e-01	1.9922e-01	0.372757	2
RAB31	4	4.2842e-01	1.9922e-01	0.372757	2
THPO	4	4.2843e-01	1.9922e-01	0.372757	1
VWA3A	4	4.2846e-01	1.9922e-01	0.372757	1
WWP2	4	4.2847e-01	1.9922e-01	0.372757	2
ZNF700	4	4.2851e-01	1.9922e-01	0.372757	2
NPEPL1	4	4.2858e-01	1.9922e-01	0.372757	2
GCKR	3	4.2860e-01	2.0366e-01	0.380022	1
FGG	4	4.2862e-01	1.9922e-01	0.372757	2
STEAP3	4	4.2866e-01	1.9922e-01	0.372757	1
IL9	4	4.2874e-01	1.9922e-01	0.372757	2
GPBP1L1	4	4.2874e-01	1.9922e-01	0.372757	2
SYN1	4	4.2882e-01	1.9922e-01	0.372757	2
OR2T8	4	4.2894e-01	1.9922e-01	0.372757	2
APOL6	4	4.2907e-01	2.0027e-01	0.374206	1
ADAMTS15	4	4.2911e-01	2.0027e-01	0.374206	2
SIMC1	4	4.2914e-01	2.0027e-01	0.374206	1
SLC27A1	4	4.2918e-01	2.0027e-01	0.374206	2
GBP4	4	4.2922e-01	2.0027e-01	0.374206	2
PFDN4	4	4.2922e-01	2.0027e-01	0.374206	1
ABCA13	4	4.2927e-01	2.0027e-01	0.374206	2
SKI	4	4.2931e-01	2.0027e-01	0.374206	2
ARHGEF12	4	4.2936e-01	2.0027e-01	0.374206	1
CACNG7	4	4.2941e-01	2.0027e-01	0.374206	2
PATE1	4	4.2950e-01	2.0027e-01	0.374206	2
ATP11AUN	4	4.2957e-01	2.0027e-01	0.374206	2
LYZL4	4	4.2965e-01	2.0027e-01	0.374206	1
IGFBP4	3	4.2968e-01	2.0366e-01	0.380022	2
CLEC2B	4	4.2982e-01	2.0137e-01	0.376038	2
SEPTIN6	4	4.2982e-01	2.0137e-01	0.376038	2
SFXN1	4	4.2987e-01	2.0137e-01	0.376038	2
AMIGO3	4	4.2987e-01	2.0137e-01	0.376038	2
SLC38A11	4	4.2987e-01	2.0137e-01	0.376038	1
OR52E2	4	4.2989e-01	2.0137e-01	0.376038	2
ZC3H6	4	4.2998e-01	2.0357e-01	0.379925	2
R3HDM2	4	4.3002e-01	2.0357e-01	0.379925	2
CRK	4	4.3009e-01	2.0357e-01	0.379925	1
IGFBP6	4	4.3030e-01	2.0357e-01	0.379925	2
ANGEL2	4	4.3054e-01	2.0357e-01	0.379925	2
ZNF398	4	4.3070e-01	2.0357e-01	0.379925	1
GCC2	4	4.3122e-01	2.0468e-01	0.381622	2
KCNK18	4	4.3126e-01	2.0468e-01	0.381622	2
ZNF248	4	4.3129e-01	2.0468e-01	0.381622	2
CCRL2	3	4.3131e-01	2.0544e-01	0.383007	1
MYO3B	4	4.3135e-01	2.0468e-01	0.381622	1
OLR1	4	4.3136e-01	2.0468e-01	0.381622	2
KIR3DL1	4	4.3141e-01	2.0468e-01	0.381622	2
ABI1	4	4.3148e-01	2.0468e-01	0.381622	2
SPACA4	4	4.3150e-01	2.0468e-01	0.381622	2
BEND7	4	4.3152e-01	2.0688e-01	0.383217	2
STAU2	4	4.3155e-01	2.0688e-01	0.383217	2
FAM186A	4	4.3160e-01	2.0688e-01	0.383217	2
ECM1	4	4.3164e-01	2.0688e-01	0.383217	1
KRT86	4	4.3178e-01	2.0688e-01	0.383217	2
SYNE2	4	4.3189e-01	2.0688e-01	0.383217	2
SCARA5	4	4.3194e-01	2.0688e-01	0.383217	2
CELF5	4	4.3199e-01	2.0688e-01	0.383217	2
ACADL	4	4.3203e-01	2.0688e-01	0.383217	1
BST2	4	4.3206e-01	2.0688e-01	0.383217	2
LDHD	4	4.3210e-01	2.0688e-01	0.383217	2
TMEM91	4	4.3213e-01	2.0688e-01	0.383217	1
CLDN7	4	4.3214e-01	2.0688e-01	0.383217	2
LMBR1L	4	4.3219e-01	2.0688e-01	0.383217	1
ATG16L1	4	4.3237e-01	2.0688e-01	0.383217	2
CCL26	4	4.3258e-01	2.0688e-01	0.383217	2
MEPE	4	4.3263e-01	2.0688e-01	0.383217	2
CKMT1A	4	4.3265e-01	2.0688e-01	0.383217	2
ACTL8	4	4.3277e-01	2.0688e-01	0.383217	2
IFI35	4	4.3281e-01	2.0688e-01	0.383217	2
TAS2R4	4	4.3286e-01	2.0688e-01	0.383217	2
FAM151A	4	4.3297e-01	2.0688e-01	0.383217	2
FZD1	4	4.3302e-01	2.0688e-01	0.383217	2
SIAH3	4	4.3304e-01	2.0688e-01	0.383217	2
DIS3L2	4	4.3307e-01	2.0688e-01	0.383217	1
TMEM245	4	4.3311e-01	2.0688e-01	0.383217	2
TBXA2R	4	4.3318e-01	2.0688e-01	0.383217	1
PARK7	4	4.3343e-01	2.0688e-01	0.383217	2
GSTK1	4	4.3352e-01	2.0688e-01	0.383217	2
DCAF12L2	4	4.3358e-01	2.0688e-01	0.383217	1
HSD17B1	4	4.3362e-01	2.0688e-01	0.383217	2
LY75-CD302	4	4.3362e-01	2.0688e-01	0.383217	1
PPP1R26	4	4.3365e-01	2.0688e-01	0.383217	2
CISD2	4	4.3368e-01	2.0688e-01	0.383217	2
ZNF559-ZNF177	4	4.3394e-01	2.0688e-01	0.383217	2
KIAA1804	4	4.3396e-01	2.0688e-01	0.383217	2
AKT3	4	4.3399e-01	2.0688e-01	0.383217	1
FAM195B	4	4.3401e-01	2.0688e-01	0.383217	2
CSF2	4	4.3403e-01	2.0688e-01	0.383217	2
PCDHGA8	4	4.3410e-01	2.0688e-01	0.383217	2
P4HA2	4	4.3419e-01	2.0688e-01	0.383217	2
CDRT4	4	4.3422e-01	2.0688e-01	0.383217	2
KLF12	4	4.3426e-01	2.0688e-01	0.383217	1
PRMT9	4	4.3437e-01	2.0688e-01	0.383217	2
MAN2A1	4	4.3439e-01	2.0688e-01	0.383217	1
GLMP	4	4.3443e-01	2.0688e-01	0.383217	1
SUSD3	4	4.3444e-01	2.0688e-01	0.383217	2
LYPLAL1	4	4.3449e-01	2.0688e-01	0.383217	2
ZNF793	4	4.3455e-01	2.0688e-01	0.383217	1
OFD1	4	4.3458e-01	2.0688e-01	0.383217	2
LAYN	4	4.3460e-01	2.0688e-01	0.383217	2
TMEM121	4	4.3471e-01	2.0688e-01	0.383217	2
TSPAN9	4	4.3490e-01	2.0688e-01	0.383217	2
PLAGL2	4	4.3495e-01	2.0688e-01	0.383217	2
KCNK17	4	4.3500e-01	2.0688e-01	0.383217	2
SULT2B1	4	4.3502e-01	2.0688e-01	0.383217	2
CPXM2	4	4.3504e-01	2.0688e-01	0.383217	2
ZNF385D	4	4.3522e-01	2.0688e-01	0.383217	2
SPATA6L	4	4.3525e-01	2.0688e-01	0.383217	2
TMEM177	4	4.3527e-01	2.0688e-01	0.383217	2
AIFM3	4	4.3537e-01	2.0688e-01	0.383217	1
RCSD1	4	4.3549e-01	2.0688e-01	0.383217	1
SPINT4	4	4.3556e-01	2.0688e-01	0.383217	1
TES	4	4.3557e-01	2.0688e-01	0.383217	2
GPR3	4	4.3559e-01	2.0688e-01	0.383217	2
RAB8A	4	4.3561e-01	2.0688e-01	0.383217	2
KCNJ10	4	4.3587e-01	2.0796e-01	0.385071	2
PDGFRB	4	4.3603e-01	2.0796e-01	0.385071	2
TNFSF18	4	4.3613e-01	2.0796e-01	0.385071	2
MLF1	4	4.3622e-01	2.0796e-01	0.385071	2
NAP1L2	4	4.3640e-01	2.0903e-01	0.386078	2
TMEM126B	4	4.3650e-01	2.0903e-01	0.386078	2
UCN	4	4.3652e-01	2.0903e-01	0.386078	2
HIST3H2A	4	4.3653e-01	2.0903e-01	0.386078	2
HGD	4	4.3655e-01	2.0903e-01	0.386078	2
CLEC3B	4	4.3664e-01	2.0903e-01	0.386078	2
OR1D5	4	4.3674e-01	2.0903e-01	0.386078	2
BRE	4	4.3674e-01	2.0903e-01	0.386078	2
TMEM14C	4	4.3679e-01	2.0903e-01	0.386078	2
CNRIP1	4	4.3686e-01	2.0903e-01	0.386078	2
STK10	4	4.3689e-01	2.0903e-01	0.386078	1
CYP11B2	4	4.3692e-01	2.0903e-01	0.386078	2
SLC30A4	4	4.3695e-01	2.0903e-01	0.386078	2
OR8B8	4	4.3706e-01	2.0903e-01	0.386078	2
SLC35F1	4	4.3709e-01	2.0903e-01	0.386078	2
NGRN	4	4.3709e-01	2.0903e-01	0.386078	2
YIF1B	4	4.3715e-01	2.0903e-01	0.386078	2
CDC42BPG	4	4.3718e-01	2.0903e-01	0.386078	2
NOV	4	4.3719e-01	2.0903e-01	0.386078	1
PTRF	4	4.3726e-01	2.0903e-01	0.386078	2
COG1	4	4.3729e-01	2.0903e-01	0.386078	2
EGLN3	4	4.3743e-01	2.0903e-01	0.386078	2
FAM69C	4	4.3743e-01	2.0903e-01	0.386078	2
PCSK4	4	4.3752e-01	2.0903e-01	0.386078	2
RNF215	4	4.3754e-01	2.0903e-01	0.386078	2
CD99	4	4.3759e-01	2.0903e-01	0.386078	2
TMEM104	4	4.3780e-01	2.1016e-01	0.387417	2
SLC7A5	4	4.3783e-01	2.1016e-01	0.387417	1
C6orf226	4	4.3790e-01	2.1016e-01	0.387417	2
POLB	4	4.3790e-01	2.1016e-01	0.387417	2
MEF2BNB-MEF2B	4	4.3797e-01	2.1016e-01	0.387417	2
ICMT	4	4.3797e-01	2.1016e-01	0.387417	2
KRTAP12-1	4	4.3802e-01	2.1016e-01	0.387417	2
QTRTD1	4	4.3810e-01	2.1016e-01	0.387417	2
CDC42BPA	4	4.3813e-01	2.1016e-01	0.387417	2
ZXDC	4	4.3823e-01	2.1016e-01	0.387417	1
C18orf54	4	4.3825e-01	2.1016e-01	0.387417	2
PDIA2	4	4.3833e-01	2.1016e-01	0.387417	2
LRRC63	4	4.3834e-01	2.1016e-01	0.387417	1
PKP4	4	4.3839e-01	2.1016e-01	0.387417	2
TRIT1	4	4.3839e-01	2.1016e-01	0.387417	1
OR2L2	4	4.3844e-01	2.1016e-01	0.387417	2
MMP17	4	4.3854e-01	2.1016e-01	0.387417	2
CRYBA4	4	4.3856e-01	2.1016e-01	0.387417	2
MAMDC4	3	4.3877e-01	2.0991e-01	0.387417	2
CERKL	4	4.3883e-01	2.1237e-01	0.390855	2
LBHD1	4	4.3884e-01	2.1237e-01	0.390855	2
ZNF791	4	4.3887e-01	2.1237e-01	0.390855	1
ITIH3	4	4.3890e-01	2.1237e-01	0.390855	2
LRRC1	4	4.3894e-01	2.1237e-01	0.390855	2
LACE1	4	4.3901e-01	2.1237e-01	0.390855	2
BIRC2	4	4.3902e-01	2.1237e-01	0.390855	2
PIP4K2A	4	4.3907e-01	2.1237e-01	0.390855	2
FGD5	3	4.3912e-01	2.0991e-01	0.387417	1
TGFB2	4	4.3916e-01	2.1237e-01	0.390855	2
ASPSCR1	4	4.3922e-01	2.1237e-01	0.390855	2
BAK1	4	4.3927e-01	2.1237e-01	0.390855	2
MUC5AC	4	4.3929e-01	2.1237e-01	0.390855	2
ARHGAP44	4	4.3944e-01	2.1237e-01	0.390855	2
KRTAP3-3	4	4.3959e-01	2.1237e-01	0.390855	2
RIN1	4	4.3961e-01	2.1237e-01	0.390855	1
TERT	4	4.3971e-01	2.1237e-01	0.390855	2
CIART	4	4.3975e-01	2.1237e-01	0.390855	2
PRSS38	4	4.3978e-01	2.1348e-01	0.392173	2
MYH7	4	4.3981e-01	2.1348e-01	0.392173	2
CELF4	4	4.3981e-01	2.1348e-01	0.392173	2
SPIRE2	4	4.3984e-01	2.1348e-01	0.392173	2
TMEM116	4	4.3985e-01	2.1348e-01	0.392173	1
FANCF	4	4.3985e-01	2.1348e-01	0.392173	2
CDCA3	4	4.3998e-01	2.1348e-01	0.392173	2
TMEM192	4	4.4003e-01	2.1348e-01	0.392173	1
PNMT	4	4.4032e-01	2.1348e-01	0.392173	2
ORMDL2	4	4.4039e-01	2.1348e-01	0.392173	2
DAG1	4	4.4051e-01	2.1348e-01	0.392173	2
PEA15	4	4.4053e-01	2.1348e-01	0.392173	2
DISP1	4	4.4062e-01	2.1348e-01	0.392173	2
C10orf113	4	4.4068e-01	2.1348e-01	0.392173	2
C17orf89	4	4.4078e-01	2.1348e-01	0.392173	1
OSMR	4	4.4085e-01	2.1348e-01	0.392173	2
AP5B1	4	4.4092e-01	2.1348e-01	0.392173	2
HCAR1	4	4.4092e-01	2.1348e-01	0.392173	2
FANCA	4	4.4097e-01	2.1348e-01	0.392173	2
FAM155B	4	4.4104e-01	2.1456e-01	0.392847	2
TXNDC9	4	4.4109e-01	2.1456e-01	0.392847	1
EGR2	4	4.4110e-01	2.1456e-01	0.392847	2
RABGAP1L	4	4.4117e-01	2.1456e-01	0.392847	1
CYP2J2	4	4.4136e-01	2.1456e-01	0.392847	2
CRB3	4	4.4139e-01	2.1456e-01	0.392847	1
ZSCAN1	4	4.4172e-01	2.1456e-01	0.392847	2
ECHS1	4	4.4177e-01	2.1456e-01	0.392847	2
TTC7A	4	4.4182e-01	2.1456e-01	0.392847	1
NXF5	4	4.4186e-01	2.1456e-01	0.392847	2
USP15	4	4.4189e-01	2.1456e-01	0.392847	2
MYD88	4	4.4191e-01	2.1456e-01	0.392847	2
BTF3L4	4	4.4209e-01	2.1456e-01	0.392847	2
DAB2IP	4	4.4219e-01	2.1456e-01	0.392847	1
BNIPL	4	4.4223e-01	2.1456e-01	0.392847	2
OSBPL1A	4	4.4236e-01	2.1456e-01	0.392847	2
FNDC8	4	4.4239e-01	2.1456e-01	0.392847	2
SYDE1	4	4.4244e-01	2.1456e-01	0.392847	2
PRTFDC1	4	4.4249e-01	2.1456e-01	0.392847	1
PABPC1L	4	4.4261e-01	2.1456e-01	0.392847	2
CEP41	4	4.4262e-01	2.1456e-01	0.392847	1
ZDHHC24	4	4.4269e-01	2.1456e-01	0.392847	2
TAS2R40	4	4.4280e-01	2.1456e-01	0.392847	2
EQTN	4	4.4291e-01	2.1456e-01	0.392847	1
TRANK1	4	4.4296e-01	2.1456e-01	0.392847	2
CCDC12	4	4.4301e-01	2.1456e-01	0.392847	1
ZNF436	4	4.4315e-01	2.1456e-01	0.392847	2
SLC35D3	4	4.4329e-01	2.1456e-01	0.392847	2
VAMP4	4	4.4331e-01	2.1456e-01	0.392847	2
CEP164	4	4.4335e-01	2.1456e-01	0.392847	2
DDHD2	4	4.4338e-01	2.1456e-01	0.392847	2
SPPL2B	4	4.4340e-01	2.1456e-01	0.392847	2
SLC35D2	4	4.4342e-01	2.1456e-01	0.392847	2
NDUFB2	4	4.4352e-01	2.1456e-01	0.392847	2
SLC35E2B	4	4.4354e-01	2.1456e-01	0.392847	2
TVP23A	4	4.4357e-01	2.1675e-01	0.393350	2
TCAF2	4	4.4359e-01	2.1675e-01	0.393350	1
ABCC5	4	4.4365e-01	2.1675e-01	0.393350	2
FMNL3	4	4.4369e-01	2.1675e-01	0.393350	2
ACSL5	4	4.4381e-01	2.1675e-01	0.393350	2
GP5	4	4.4393e-01	2.1675e-01	0.393350	1
NTRK2	4	4.4403e-01	2.1675e-01	0.393350	1
PF4	4	4.4404e-01	2.1675e-01	0.393350	2
OR9A4	4	4.4406e-01	2.1675e-01	0.393350	1
SAA2-SAA4	4	4.4407e-01	2.1675e-01	0.393350	2
SLC36A1	4	4.4420e-01	2.1675e-01	0.393350	2
CASQ2	4	4.4430e-01	2.1675e-01	0.393350	2
FGF2	3	4.4432e-01	2.1527e-01	0.393350	2
ZMYND15	4	4.4433e-01	2.1675e-01	0.393350	1
KCNE4	4	4.4436e-01	2.1675e-01	0.393350	1
OR2T5	4	4.4439e-01	2.1675e-01	0.393350	1
SPIN2A	4	4.4449e-01	2.1675e-01	0.393350	2
COL18A1	4	4.4459e-01	2.1675e-01	0.393350	2
GABRE	4	4.4463e-01	2.1675e-01	0.393350	1
KRT79	4	4.4469e-01	2.1675e-01	0.393350	2
LAMA4	4	4.4488e-01	2.1675e-01	0.393350	2
ZNF20	4	4.4493e-01	2.1675e-01	0.393350	2
SYP	4	4.4496e-01	2.1675e-01	0.393350	1
RGS8	4	4.4496e-01	2.1675e-01	0.393350	2
GPR82	4	4.4503e-01	2.1675e-01	0.393350	2
GATA3	4	4.4503e-01	2.1675e-01	0.393350	2
APPL1	4	4.4512e-01	2.1675e-01	0.393350	2
LOC100134391	4	4.4524e-01	2.1675e-01	0.393350	2
THADA	4	4.4535e-01	2.1675e-01	0.393350	2
ZKSCAN8	4	4.4547e-01	2.1675e-01	0.393350	2
XAF1	4	4.4549e-01	2.1675e-01	0.393350	2
GRIA4	4	4.4551e-01	2.1675e-01	0.393350	1
CTNNA1	4	4.4551e-01	2.1675e-01	0.393350	2
MBNL2	3	4.4559e-01	2.1615e-01	0.393350	2
DENND2C	4	4.4572e-01	2.1675e-01	0.393350	2
ZNF74	4	4.4586e-01	2.1675e-01	0.393350	2
CCDC62	4	4.4603e-01	2.1675e-01	0.393350	2
PCDHA7	4	4.4603e-01	2.1675e-01	0.393350	2
ZNF621	4	4.4609e-01	2.1675e-01	0.393350	2
ALG10	4	4.4612e-01	2.1675e-01	0.393350	2
NEUROG1	4	4.4612e-01	2.1675e-01	0.393350	2
KCNMB1	4	4.4618e-01	2.1675e-01	0.393350	2
C6orf48	4	4.4621e-01	2.1675e-01	0.393350	2
USP18	4	4.4632e-01	2.1675e-01	0.393350	2
PPP2R2D	4	4.4634e-01	2.1675e-01	0.393350	2
RNF10	4	4.4637e-01	2.1675e-01	0.393350	2
KCNS1	4	4.4645e-01	2.1675e-01	0.393350	2
SLA2	4	4.4646e-01	2.1675e-01	0.393350	1
SNED1	4	4.4652e-01	2.1675e-01	0.393350	1
PSCA	4	4.4656e-01	2.1675e-01	0.393350	2
CDK2AP1	4	4.4658e-01	2.1675e-01	0.393350	2
ZACN	4	4.4668e-01	2.1675e-01	0.393350	2
XAGE5	4	4.4672e-01	2.1675e-01	0.393350	2
CXCR4	4	4.4682e-01	2.1675e-01	0.393350	1
HTR7	4	4.4685e-01	2.1675e-01	0.393350	1
AP3M1	4	4.4687e-01	2.1675e-01	0.393350	2
RAB9B	4	4.4689e-01	2.1675e-01	0.393350	2
NIM1K	4	4.4714e-01	2.1675e-01	0.393350	2
MAPK14	4	4.4730e-01	2.1675e-01	0.393350	2
KRCC1	4	4.4732e-01	2.1675e-01	0.393350	2
RAB36	4	4.4758e-01	2.1675e-01	0.393350	2
NDUFAF5	4	4.4765e-01	2.1675e-01	0.393350	2
PRAMEF10	4	4.4765e-01	2.1675e-01	0.393350	2
SAMD5	4	4.4773e-01	2.1675e-01	0.393350	2
UTRN	4	4.4782e-01	2.1675e-01	0.393350	1
OR4C13	4	4.4784e-01	2.1675e-01	0.393350	2
SNX3	4	4.4797e-01	2.1675e-01	0.393350	2
ZNF19	3	4.4797e-01	2.1792e-01	0.395288	2
LKAAEAR1	4	4.4798e-01	2.1675e-01	0.393350	1
LMCD1	4	4.4817e-01	2.1675e-01	0.393350	2
PRKCE	4	4.4818e-01	2.1675e-01	0.393350	2
TPP1	4	4.4821e-01	2.1675e-01	0.393350	1
SCN10A	4	4.4825e-01	2.1675e-01	0.393350	2
USP4	4	4.4828e-01	2.1675e-01	0.393350	2
SNAI3	4	4.4828e-01	2.1675e-01	0.393350	2
PROC	4	4.4833e-01	2.1675e-01	0.393350	2
FRG2B	4	4.4852e-01	2.1675e-01	0.393350	2
ZASP	4	4.4884e-01	2.1675e-01	0.393350	2
HMGN4	4	4.4888e-01	2.1675e-01	0.393350	1
RRH	4	4.4914e-01	2.1675e-01	0.393350	2
FRMD7	4	4.4916e-01	2.1675e-01	0.393350	2
ZNF205	4	4.4918e-01	2.1675e-01	0.393350	2
WIPI1	4	4.4928e-01	2.1675e-01	0.393350	2
IGSF9	4	4.4961e-01	2.1675e-01	0.393350	2
LOXL1	4	4.4987e-01	2.1675e-01	0.393350	1
LDLRAD2	4	4.4992e-01	2.1675e-01	0.393350	2
NRXN3	4	4.4994e-01	2.1675e-01	0.393350	1
UGT1A10	4	4.4997e-01	2.1675e-01	0.393350	2
KCNK3	4	4.5000e-01	2.1675e-01	0.393350	1
ACVR1B	4	4.5019e-01	2.1675e-01	0.393350	2
GPER1	4	4.5022e-01	2.1675e-01	0.393350	1
P2RY13	4	4.5028e-01	2.1675e-01	0.393350	2
BLOC1S3	4	4.5033e-01	2.1675e-01	0.393350	2
HRC	4	4.5033e-01	2.1675e-01	0.393350	2
PCSK1N	4	4.5040e-01	2.1784e-01	0.395184	2
APRT	4	4.5052e-01	2.1784e-01	0.395184	1
ANHX	4	4.5060e-01	2.1784e-01	0.395184	2
SLC1A6	4	4.5063e-01	2.1784e-01	0.395184	2
PAXIP1	4	4.5102e-01	2.2112e-01	0.398586	2
STKLD1	4	4.5104e-01	2.2112e-01	0.398586	2
CES3	4	4.5106e-01	2.2112e-01	0.398586	2
TMEM244	4	4.5111e-01	2.2112e-01	0.398586	2
KCNIP1	4	4.5115e-01	2.2112e-01	0.398586	2
POU3F1	4	4.5136e-01	2.2112e-01	0.398586	2
FAM186B	4	4.5149e-01	2.2112e-01	0.398586	2
COPS7A	4	4.5152e-01	2.2112e-01	0.398586	1
RAB9A	4	4.5160e-01	2.2112e-01	0.398586	2
FXYD2	4	4.5162e-01	2.2112e-01	0.398586	1
SLC12A3	4	4.5169e-01	2.2112e-01	0.398586	1
CLSTN1	4	4.5185e-01	2.2112e-01	0.398586	2
CNTLN	4	4.5185e-01	2.2112e-01	0.398586	2
ZNF606	4	4.5191e-01	2.2112e-01	0.398586	2
APPBP2	4	4.5193e-01	2.2112e-01	0.398586	2
FAM73A	4	4.5202e-01	2.2112e-01	0.398586	2
MAGEB3	4	4.5203e-01	2.2112e-01	0.398586	2
MMP11	4	4.5212e-01	2.2112e-01	0.398586	2
PLCB1	4	4.5220e-01	2.2112e-01	0.398586	2
KLHDC7A	4	4.5223e-01	2.2112e-01	0.398586	2
TMEM135	4	4.5225e-01	2.2112e-01	0.398586	1
DCAF4L2	4	4.5230e-01	2.2112e-01	0.398586	2
B3GNT6	4	4.5240e-01	2.2112e-01	0.398586	1
ENSA	4	4.5240e-01	2.2112e-01	0.398586	2
FUT3	4	4.5255e-01	2.2112e-01	0.398586	2
LRRC15	4	4.5264e-01	2.2112e-01	0.398586	2
KCNJ16	4	4.5267e-01	2.2112e-01	0.398586	2
SLC7A2	4	4.5271e-01	2.2112e-01	0.398586	1
CNTN3	4	4.5274e-01	2.2112e-01	0.398586	2
RNF220	4	4.5287e-01	2.2112e-01	0.398586	2
TBC1D8	4	4.5297e-01	2.2112e-01	0.398586	2
RAB39B	4	4.5301e-01	2.2112e-01	0.398586	2
IFIH1	4	4.5305e-01	2.2112e-01	0.398586	2
CEACAM6	4	4.5311e-01	2.2112e-01	0.398586	1
MATN1	4	4.5340e-01	2.2112e-01	0.398586	2
KRTAP6-2	4	4.5342e-01	2.2112e-01	0.398586	2
APC	4	4.5349e-01	2.2112e-01	0.398586	2
P4HA1	4	4.5355e-01	2.2112e-01	0.398586	1
CYP4X1	4	4.5355e-01	2.2112e-01	0.398586	2
HP1BP3	4	4.5363e-01	2.2112e-01	0.398586	2
VWA7	4	4.5365e-01	2.2112e-01	0.398586	2
PNMA6A	4	4.5367e-01	2.2112e-01	0.398586	1
CCDC25	4	4.5370e-01	2.2112e-01	0.398586	2
TTC12	4	4.5372e-01	2.2112e-01	0.398586	2
HSFY2	4	4.5378e-01	2.2112e-01	0.398586	2
CIR1	4	4.5378e-01	2.2112e-01	0.398586	2
TNFRSF19	4	4.5378e-01	2.2112e-01	0.398586	2
ZNF778	4	4.5383e-01	2.2112e-01	0.398586	1
NR4A2	4	4.5386e-01	2.2112e-01	0.398586	1
DIAPH1	4	4.5402e-01	2.2112e-01	0.398586	2
SCO1	4	4.5403e-01	2.2112e-01	0.398586	1
FGF11	4	4.5407e-01	2.2112e-01	0.398586	2
ANXA10	4	4.5409e-01	2.2112e-01	0.398586	2
ASB7	4	4.5413e-01	2.2112e-01	0.398586	2
LRRCC1	4	4.5418e-01	2.2112e-01	0.398586	2
KIF27	4	4.5420e-01	2.2112e-01	0.398586	2
TCTN2	4	4.5424e-01	2.2112e-01	0.398586	1
OR5D13	4	4.5427e-01	2.2112e-01	0.398586	2
SLC5A6	4	4.5433e-01	2.2112e-01	0.398586	2
DMRT3	4	4.5445e-01	2.2112e-01	0.398586	2
BAZ2B	4	4.5452e-01	2.2112e-01	0.398586	1
SIGIRR	4	4.5469e-01	2.2112e-01	0.398586	1
NAV1	4	4.5473e-01	2.2112e-01	0.398586	2
TMPRSS11A	4	4.5475e-01	2.2112e-01	0.398586	1
TSSK3	4	4.5498e-01	2.2112e-01	0.398586	2
WDR81	4	4.5500e-01	2.2112e-01	0.398586	2
NTN1	4	4.5505e-01	2.2221e-01	0.400172	2
KLHL38	4	4.5506e-01	2.2221e-01	0.400172	2
ICAM2	4	4.5521e-01	2.2221e-01	0.400172	2
CAPZA3	4	4.5528e-01	2.2221e-01	0.400172	1
RPS6KA4	4	4.5529e-01	2.2221e-01	0.400172	2
DOCK8	4	4.5539e-01	2.2221e-01	0.400172	2
FAM134B	4	4.5543e-01	2.2221e-01	0.400172	2
ABCC8	4	4.5547e-01	2.2221e-01	0.400172	1
FAM217A	4	4.5547e-01	2.2221e-01	0.400172	2
IL17RC	4	4.5555e-01	2.2221e-01	0.400172	2
C11orf65	4	4.5560e-01	2.2327e-01	0.401183	1
LRGUK	4	4.5563e-01	2.2327e-01	0.401183	2
CKB	4	4.5564e-01	2.2327e-01	0.401183	1
CLCN1	4	4.5567e-01	2.2327e-01	0.401183	2
ZHX3	4	4.5567e-01	2.2327e-01	0.401183	1
IZUMO1R	4	4.5570e-01	2.2327e-01	0.401183	1
NOG	4	4.5577e-01	2.2327e-01	0.401183	1
PCSK1	4	4.5583e-01	2.2327e-01	0.401183	2
OPLAH	4	4.5590e-01	2.2327e-01	0.401183	1
GNB4	4	4.5592e-01	2.2327e-01	0.401183	2
AMPD2	4	4.5601e-01	2.2327e-01	0.401183	2
DUSP23	4	4.5601e-01	2.2327e-01	0.401183	2
ZNF703	4	4.5603e-01	2.2327e-01	0.401183	1
CLDN17	4	4.5610e-01	2.2327e-01	0.401183	2
TCOF1	4	4.5616e-01	2.2327e-01	0.401183	2
LRP12	4	4.5623e-01	2.2327e-01	0.401183	1
UMODL1	4	4.5624e-01	2.2327e-01	0.401183	2
SEMA4A	4	4.5631e-01	2.2327e-01	0.401183	2
PRKG2	4	4.5633e-01	2.2327e-01	0.401183	2
UGT2B15	4	4.5640e-01	2.2327e-01	0.401183	2
ADGRG5	4	4.5645e-01	2.2327e-01	0.401183	2
ABCG5	4	4.5662e-01	2.2327e-01	0.401183	2
SERAC1	4	4.5665e-01	2.2327e-01	0.401183	2
S100A16	4	4.5670e-01	2.2327e-01	0.401183	2
C19orf33	4	4.5679e-01	2.2439e-01	0.401347	2
SYNC	4	4.5683e-01	2.2439e-01	0.401347	2
BMP3	4	4.5686e-01	2.2439e-01	0.401347	2
MAP1LC3B	4	4.5688e-01	2.2439e-01	0.401347	1
FAM26E	4	4.5691e-01	2.2439e-01	0.401347	2
SEMA3B	4	4.5699e-01	2.2439e-01	0.401347	2
ARID4B	4	4.5701e-01	2.2439e-01	0.401347	2
P4HTM	4	4.5711e-01	2.2439e-01	0.401347	2
DTHD1	4	4.5725e-01	2.2439e-01	0.401347	2
AFF2	4	4.5734e-01	2.2439e-01	0.401347	1
ENO2	4	4.5741e-01	2.2439e-01	0.401347	2
C5orf38	4	4.5751e-01	2.2439e-01	0.401347	2
LIAS	4	4.5754e-01	2.2439e-01	0.401347	2
TPD52	4	4.5754e-01	2.2439e-01	0.401347	1
NEK11	4	4.5759e-01	2.2439e-01	0.401347	2
SNX24	4	4.5764e-01	2.2439e-01	0.401347	2
ETNK2	4	4.5767e-01	2.2439e-01	0.401347	2
CDKL5	4	4.5772e-01	2.2439e-01	0.401347	2
LCN9	4	4.5784e-01	2.2439e-01	0.401347	2
FBXL4	4	4.5790e-01	2.2439e-01	0.401347	1
TEX12	4	4.5795e-01	2.2439e-01	0.401347	1
AMPD1	4	4.5800e-01	2.2439e-01	0.401347	2
KCNN1	4	4.5803e-01	2.2439e-01	0.401347	1
ZBTB47	4	4.5806e-01	2.2439e-01	0.401347	1
POLDIP2	4	4.5809e-01	2.2439e-01	0.401347	2
TMEM8C	4	4.5814e-01	2.2439e-01	0.401347	2
CSTF2T	4	4.5816e-01	2.2439e-01	0.401347	1
GPR160	4	4.5824e-01	2.2439e-01	0.401347	2
STAG1	4	4.5828e-01	2.2439e-01	0.401347	2
HAL	4	4.5830e-01	2.2439e-01	0.401347	2
KRBA1	4	4.5852e-01	2.2439e-01	0.401347	1
PKDREJ	4	4.5857e-01	2.2439e-01	0.401347	2
TRMU	4	4.5860e-01	2.2439e-01	0.401347	2
IQSEC1	4	4.5862e-01	2.2439e-01	0.401347	2
PSMB8	4	4.5867e-01	2.2439e-01	0.401347	2
PMEL	4	4.5870e-01	2.2439e-01	0.401347	2
SPRN	4	4.5874e-01	2.2439e-01	0.401347	2
C18orf42	4	4.5878e-01	2.2439e-01	0.401347	2
GNAS	4	4.5883e-01	2.2439e-01	0.401347	2
GRIN2D	4	4.5892e-01	2.2439e-01	0.401347	2
SPINK6	4	4.5908e-01	2.2439e-01	0.401347	1
CHAD	4	4.5910e-01	2.2439e-01	0.401347	2
BCL7B	4	4.5924e-01	2.2439e-01	0.401347	2
SLC16A13	4	4.5924e-01	2.2439e-01	0.401347	2
KIAA1683	4	4.5933e-01	2.2439e-01	0.401347	2
TMEM126A	4	4.5960e-01	2.2439e-01	0.401347	2
TXLNG	4	4.5965e-01	2.2439e-01	0.401347	2
HES1	4	4.5966e-01	2.2439e-01	0.401347	1
COA3	4	4.5978e-01	2.2554e-01	0.401822	1
LRRC72	4	4.5979e-01	2.2554e-01	0.401822	2
HCCS	4	4.5993e-01	2.2554e-01	0.401822	2
MYO1G	4	4.6005e-01	2.2554e-01	0.401822	1
TEX40	4	4.6009e-01	2.2554e-01	0.401822	2
RBMY1B	4	4.6022e-01	2.2554e-01	0.401822	2
ARRDC4	4	4.6053e-01	2.2554e-01	0.401822	2
CYP27C1	4	4.6057e-01	2.2554e-01	0.401822	2
ZNF28	4	4.6059e-01	2.2554e-01	0.401822	2
NPFF	4	4.6067e-01	2.2554e-01	0.401822	2
ARHGAP12	4	4.6073e-01	2.2554e-01	0.401822	2
DLL3	4	4.6084e-01	2.2554e-01	0.401822	2
OR4C16	4	4.6087e-01	2.2554e-01	0.401822	2
MYH13	4	4.6097e-01	2.2554e-01	0.401822	2
RNF212	4	4.6098e-01	2.2554e-01	0.401822	2
FBXO48	4	4.6107e-01	2.2554e-01	0.401822	1
ECHDC2	4	4.6107e-01	2.2554e-01	0.401822	2
CIB1	4	4.6109e-01	2.2554e-01	0.401822	2
VCY1B	4	4.6114e-01	2.2554e-01	0.401822	2
ELMO1	4	4.6116e-01	2.2554e-01	0.401822	2
SP8	4	4.6119e-01	2.2554e-01	0.401822	2
TTC13	4	4.6125e-01	2.2554e-01	0.401822	2
CLEC16A	4	4.6129e-01	2.2554e-01	0.401822	2
HDAC1	4	4.6136e-01	2.2554e-01	0.401822	2
KIF24	3	4.6144e-01	2.2334e-01	0.401261	2
LIPC	4	4.6148e-01	2.2554e-01	0.401822	2
ADGRF5	4	4.6155e-01	2.2554e-01	0.401822	2
ADPRM	4	4.6155e-01	2.2554e-01	0.401822	2
CPEB3	4	4.6162e-01	2.2554e-01	0.401822	1
DNAJC12	4	4.6190e-01	2.2667e-01	0.401822	2
PRADC1	4	4.6198e-01	2.2667e-01	0.401822	2
MPO	4	4.6201e-01	2.2667e-01	0.401822	2
OC90	4	4.6204e-01	2.2667e-01	0.401822	1
IP6K3	4	4.6227e-01	2.2667e-01	0.401822	2
BCL2L2	4	4.6240e-01	2.2667e-01	0.401822	2
DNAJC6	4	4.6245e-01	2.2667e-01	0.401822	2
NOL3	4	4.6248e-01	2.2667e-01	0.401822	2
MS4A12	4	4.6255e-01	2.2667e-01	0.401822	1
ANXA11	4	4.6273e-01	2.2667e-01	0.401822	2
TLDC2	4	4.6279e-01	2.2667e-01	0.401822	1
TIMM23B	4	4.6285e-01	2.2667e-01	0.401822	1
NUTM2F	4	4.6295e-01	2.2667e-01	0.401822	2
ANXA5	4	4.6298e-01	2.2667e-01	0.401822	2
BORA	4	4.6308e-01	2.2667e-01	0.401822	2
FABP5	4	4.6320e-01	2.2667e-01	0.401822	2
LZTR1	4	4.6321e-01	2.2667e-01	0.401822	1
OR4P4	4	4.6327e-01	2.2667e-01	0.401822	2
RSPH9	4	4.6331e-01	2.2780e-01	0.401822	2
TULP4	4	4.6334e-01	2.2780e-01	0.401822	2
TTLL1	4	4.6337e-01	2.2780e-01	0.401822	2
EIF5A2	4	4.6340e-01	2.2780e-01	0.401822	2
ZNF664-FAM101A	4	4.6350e-01	2.2780e-01	0.401822	2
S1PR5	4	4.6354e-01	2.2780e-01	0.401822	2
BATF	4	4.6361e-01	2.2780e-01	0.401822	2
AARD	4	4.6369e-01	2.2780e-01	0.401822	2
PFAS	4	4.6375e-01	2.2780e-01	0.401822	2
ASB9	4	4.6383e-01	2.2780e-01	0.401822	2
SH3D19	4	4.6389e-01	2.2780e-01	0.401822	2
C19orf60	4	4.6396e-01	2.2780e-01	0.401822	2
CENPV	4	4.6398e-01	2.2780e-01	0.401822	2
IQCF5	4	4.6402e-01	2.2780e-01	0.401822	2
COX10	4	4.6405e-01	2.2780e-01	0.401822	2
OR6N1	4	4.6415e-01	2.2780e-01	0.401822	1
JADE3	4	4.6422e-01	2.2780e-01	0.401822	1
PLLP	4	4.6425e-01	2.2780e-01	0.401822	1
SEC16B	4	4.6427e-01	2.2780e-01	0.401822	2
RASL10A	4	4.6428e-01	2.2780e-01	0.401822	2
SLA	4	4.6432e-01	2.2780e-01	0.401822	2
GPR151	4	4.6435e-01	2.2780e-01	0.401822	1
CPT2	4	4.6438e-01	2.2780e-01	0.401822	2
DCP1A	4	4.6453e-01	2.2780e-01	0.401822	1
PKIG	4	4.6457e-01	2.2780e-01	0.401822	2
TRIM24	4	4.6459e-01	2.2780e-01	0.401822	2
GPRC5C	4	4.6462e-01	2.2780e-01	0.401822	2
LHFP	4	4.6467e-01	2.2780e-01	0.401822	1
CCDC120	4	4.6467e-01	2.2780e-01	0.401822	2
DEPDC7	4	4.6471e-01	2.2780e-01	0.401822	2
GART	4	4.6477e-01	2.2780e-01	0.401822	2
EPHX2	4	4.6498e-01	2.2780e-01	0.401822	2
TANGO2	4	4.6501e-01	2.2780e-01	0.401822	2
KBTBD13	4	4.6509e-01	2.2780e-01	0.401822	2
FAM71E1	4	4.6514e-01	2.2780e-01	0.401822	2
SLC22A24	4	4.6521e-01	2.2780e-01	0.401822	2
PRRT4	4	4.6529e-01	2.2780e-01	0.401822	2
BHMT2	4	4.6545e-01	2.2780e-01	0.401822	2
CHTOP	4	4.6551e-01	2.2780e-01	0.401822	1
CMSS1	4	4.6554e-01	2.2780e-01	0.401822	2
OR52J3	4	4.6571e-01	2.2780e-01	0.401822	2
B3GNT5	4	4.6581e-01	2.2780e-01	0.401822	2
MEX3B	4	4.6594e-01	2.2780e-01	0.401822	2
IER3	4	4.6606e-01	2.2780e-01	0.401822	1
GDF11	4	4.6610e-01	2.2780e-01	0.401822	1
LLGL1	4	4.6625e-01	2.2780e-01	0.401822	2
ZG16	4	4.6627e-01	2.2780e-01	0.401822	2
TIAM1	4	4.6633e-01	2.2780e-01	0.401822	2
LZTS3	4	4.6638e-01	2.2780e-01	0.401822	2
MEF2D	4	4.6642e-01	2.2780e-01	0.401822	2
EPB41L5	4	4.6645e-01	2.2780e-01	0.401822	2
SIRPD	4	4.6647e-01	2.2780e-01	0.401822	2
CYP3A5	4	4.6648e-01	2.2780e-01	0.401822	1
PTGES	4	4.6651e-01	2.2780e-01	0.401822	2
GPR52	4	4.6658e-01	2.2780e-01	0.401822	1
AAED1	4	4.6664e-01	2.2780e-01	0.401822	2
DCDC2	4	4.6668e-01	2.2780e-01	0.401822	1
ARSH	4	4.6672e-01	2.2780e-01	0.401822	2
SPRR1A	4	4.6677e-01	2.2780e-01	0.401822	2
SIRT5	3	4.6683e-01	2.2864e-01	0.401822	2
OTUD3	4	4.6693e-01	2.2780e-01	0.401822	2
SFMBT2	4	4.6694e-01	2.2780e-01	0.401822	1
GDF5	4	4.6695e-01	2.2780e-01	0.401822	2
MUCL1	4	4.6711e-01	2.2780e-01	0.401822	2
GJB2	4	4.6713e-01	2.2780e-01	0.401822	2
SIK2	4	4.6723e-01	2.2780e-01	0.401822	1
RIMS4	4	4.6723e-01	2.2780e-01	0.401822	2
WWTR1	4	4.6726e-01	2.2780e-01	0.401822	1
DDX43	4	4.6738e-01	2.2780e-01	0.401822	2
ZNF746	4	4.6740e-01	2.2780e-01	0.401822	2
ZNF564	4	4.6747e-01	2.2780e-01	0.401822	2
OR5AP2	4	4.6752e-01	2.2780e-01	0.401822	2
FAM63B	4	4.6775e-01	2.2780e-01	0.401822	2
CCL23	4	4.6781e-01	2.2780e-01	0.401822	2
ABCA8	4	4.6782e-01	2.2780e-01	0.401822	2
ERICH1	3	4.6787e-01	2.2864e-01	0.401822	2
KLHL18	4	4.6793e-01	2.2780e-01	0.401822	2
SAR1B	4	4.6794e-01	2.2780e-01	0.401822	2
ARMCX4	4	4.6800e-01	2.2780e-01	0.401822	1
HBE1	4	4.6818e-01	2.2780e-01	0.401822	1
GBGT1	4	4.6818e-01	2.2780e-01	0.401822	2
LCORL	4	4.6823e-01	2.2780e-01	0.401822	2
INSRR	4	4.6826e-01	2.2780e-01	0.401822	2
GPR142	4	4.6830e-01	2.2780e-01	0.401822	2
ICAM5	4	4.6834e-01	2.2780e-01	0.401822	2
PSG9	4	4.6845e-01	2.2780e-01	0.401822	2
PPP3R2	4	4.6848e-01	2.2780e-01	0.401822	2
C9orf142	4	4.6854e-01	2.2780e-01	0.401822	2
SNX16	4	4.6865e-01	2.2780e-01	0.401822	2
KIFAP3	4	4.6866e-01	2.2780e-01	0.401822	2
ANKS4B	4	4.6868e-01	2.2780e-01	0.401822	1
RFXAP	4	4.6880e-01	2.2780e-01	0.401822	2
ZNF225	4	4.6883e-01	2.2780e-01	0.401822	2
CARTPT	4	4.6887e-01	2.2780e-01	0.401822	2
CDK6	4	4.6888e-01	2.2780e-01	0.401822	2
KNCN	4	4.6902e-01	2.2780e-01	0.401822	2
TMEM132C	4	4.6920e-01	2.2892e-01	0.401822	1
FAM9B	4	4.6924e-01	2.2892e-01	0.401822	2
P2RY11	4	4.6929e-01	2.2892e-01	0.401822	1
OR52M1	4	4.6939e-01	2.2892e-01	0.401822	2
PVRIG	4	4.6947e-01	2.2892e-01	0.401822	2
TUBG2	4	4.6947e-01	2.2892e-01	0.401822	1
AK1	4	4.6948e-01	2.2892e-01	0.401822	2
ARFGEF1	4	4.6952e-01	2.2892e-01	0.401822	2
CHST10	4	4.6958e-01	2.2892e-01	0.401822	2
CCDC30	4	4.6962e-01	2.2892e-01	0.401822	2
MICALL2	4	4.6971e-01	2.2892e-01	0.401822	1
UCP3	4	4.6977e-01	2.2892e-01	0.401822	1
ARHGEF39	4	4.6978e-01	2.2892e-01	0.401822	2
NEUROG2	4	4.6987e-01	2.2892e-01	0.401822	2
MAP6	4	4.6994e-01	2.2892e-01	0.401822	2
NR2E3	4	4.7015e-01	2.2892e-01	0.401822	2
PCSK7	4	4.7023e-01	2.2892e-01	0.401822	1
TRIP13	4	4.7033e-01	2.2892e-01	0.401822	2
MEF2C	4	4.7042e-01	2.2892e-01	0.401822	2
NUCB1	4	4.7045e-01	2.2892e-01	0.401822	2
ZNF630	4	4.7053e-01	2.2892e-01	0.401822	2
FOXN4	4	4.7056e-01	2.2892e-01	0.401822	2
SYT2	4	4.7058e-01	2.2892e-01	0.401822	1
DLX5	4	4.7077e-01	2.2892e-01	0.401822	1
CDKN2AIP	4	4.7085e-01	2.2892e-01	0.401822	2
ILDR2	4	4.7087e-01	2.2892e-01	0.401822	1
ZNF215	4	4.7100e-01	2.2892e-01	0.401822	1
STK32B	4	4.7101e-01	2.2892e-01	0.401822	2
SNAPIN	4	4.7104e-01	2.2892e-01	0.401822	2
GPBAR1	4	4.7130e-01	2.2892e-01	0.401822	2
GM2A	4	4.7130e-01	2.2892e-01	0.401822	1
DHFRL1	4	4.7133e-01	2.2892e-01	0.401822	2
RAMP1	4	4.7138e-01	2.2892e-01	0.401822	2
MYO7B	4	4.7145e-01	2.2892e-01	0.401822	2
ZNF524	4	4.7147e-01	2.2892e-01	0.401822	2
TRIM22	4	4.7161e-01	2.2892e-01	0.401822	2
ERGIC3	4	4.7163e-01	2.2892e-01	0.401822	2
IGSF21	4	4.7167e-01	2.2892e-01	0.401822	2
HIST1H2BO	4	4.7174e-01	2.2892e-01	0.401822	2
OSGEPL1	4	4.7179e-01	2.2892e-01	0.401822	2
ABCA10	4	4.7183e-01	2.2892e-01	0.401822	1
NUP188	4	4.7190e-01	2.2892e-01	0.401822	1
RBM43	4	4.7193e-01	2.2892e-01	0.401822	1
ARR3	4	4.7196e-01	2.2892e-01	0.401822	1
MMADHC	4	4.7197e-01	2.2892e-01	0.401822	2
PNPLA4	4	4.7206e-01	2.2892e-01	0.401822	2
PDPN	4	4.7215e-01	2.2892e-01	0.401822	1
OR2D3	4	4.7222e-01	2.2892e-01	0.401822	2
SLC25A27	4	4.7231e-01	2.2892e-01	0.401822	2
PKD2	4	4.7238e-01	2.2892e-01	0.401822	2
SPRR1B	4	4.7244e-01	2.2892e-01	0.401822	2
NXNL2	4	4.7247e-01	2.2892e-01	0.401822	2
BBIP1	4	4.7258e-01	2.2892e-01	0.401822	2
CALML3	4	4.7260e-01	2.2892e-01	0.401822	1
DHH	4	4.7261e-01	2.2892e-01	0.401822	2
SPEF1	4	4.7263e-01	2.2892e-01	0.401822	2
KCNQ2	4	4.7267e-01	2.2892e-01	0.401822	1
TNNI3K	4	4.7269e-01	2.2892e-01	0.401822	2
ZHX2	4	4.7278e-01	2.2892e-01	0.401822	2
MUC20	4	4.7300e-01	2.2892e-01	0.401822	2
CAGE1	4	4.7302e-01	2.2892e-01	0.401822	2
ADAMTS8	4	4.7327e-01	2.3006e-01	0.403314	2
GNAT2	4	4.7327e-01	2.3006e-01	0.403314	2
NMNAT3	4	4.7334e-01	2.3006e-01	0.403314	2
CORO1B	4	4.7339e-01	2.3006e-01	0.403314	2
SLC35A3	4	4.7357e-01	2.3006e-01	0.403314	2
PRPH	4	4.7361e-01	2.3006e-01	0.403314	2
AKAP6	4	4.7371e-01	2.3006e-01	0.403314	2
OR56B4	4	4.7373e-01	2.3006e-01	0.403314	2
PRODH	4	4.7389e-01	2.3121e-01	0.403314	2
SNAP47	4	4.7391e-01	2.3121e-01	0.403314	2
SNAI1	4	4.7394e-01	2.3121e-01	0.403314	2
ABCA3	4	4.7398e-01	2.3121e-01	0.403314	2
PLA2G6	4	4.7401e-01	2.3121e-01	0.403314	1
CCND2	4	4.7407e-01	2.3121e-01	0.403314	1
ZMYM2	4	4.7413e-01	2.3121e-01	0.403314	2
RETNLB	4	4.7416e-01	2.3121e-01	0.403314	2
FERD3L	4	4.7418e-01	2.3121e-01	0.403314	2
UGT2B17	4	4.7431e-01	2.3121e-01	0.403314	2
ZDHHC5	4	4.7439e-01	2.3121e-01	0.403314	2
SERPINF1	4	4.7439e-01	2.3121e-01	0.403314	1
ATM	4	4.7450e-01	2.3121e-01	0.403314	2
TICAM2	4	4.7465e-01	2.3121e-01	0.403314	1
DFNB59	4	4.7476e-01	2.3121e-01	0.403314	2
IFNA6	4	4.7476e-01	2.3121e-01	0.403314	2
RNF41	4	4.7481e-01	2.3121e-01	0.403314	2
RNF14	4	4.7484e-01	2.3121e-01	0.403314	2
LHX6	4	4.7497e-01	2.3121e-01	0.403314	1
ETFA	4	4.7507e-01	2.3121e-01	0.403314	2
CELF6	4	4.7508e-01	2.3121e-01	0.403314	2
AGT	4	4.7513e-01	2.3121e-01	0.403314	1
PCDHGC5	4	4.7519e-01	2.3121e-01	0.403314	1
ARF6	4	4.7529e-01	2.3121e-01	0.403314	2
HP	4	4.7532e-01	2.3121e-01	0.403314	2
KCNK10	4	4.7535e-01	2.3121e-01	0.403314	2
TTC36	4	4.7551e-01	2.3121e-01	0.403314	2
MOCS1	4	4.7573e-01	2.3121e-01	0.403314	2
TUBB3	4	4.7583e-01	2.3121e-01	0.403314	2
PRUNE	4	4.7585e-01	2.3121e-01	0.403314	2
FERMT1	4	4.7589e-01	2.3121e-01	0.403314	2
CAPN13	4	4.7595e-01	2.3121e-01	0.403314	2
C2orf82	4	4.7595e-01	2.3121e-01	0.403314	2
WISP3	4	4.7601e-01	2.3121e-01	0.403314	2
IL21R	4	4.7605e-01	2.3121e-01	0.403314	2
OTOG	4	4.7608e-01	2.3121e-01	0.403314	2
TMEM159	4	4.7609e-01	2.3121e-01	0.403314	1
IL26	4	4.7612e-01	2.3121e-01	0.403314	2
RLIM	4	4.7614e-01	2.3121e-01	0.403314	2
HIST1H2AI	4	4.7623e-01	2.3121e-01	0.403314	2
SHC1	4	4.7626e-01	2.3121e-01	0.403314	2
PRR19	4	4.7628e-01	2.3121e-01	0.403314	2
GLB1	4	4.7631e-01	2.3121e-01	0.403314	2
SEC24C	4	4.7644e-01	2.3121e-01	0.403314	1
PBLD	4	4.7658e-01	2.3121e-01	0.403314	1
SLC7A9	4	4.7669e-01	2.3121e-01	0.403314	2
PARP4	4	4.7669e-01	2.3121e-01	0.403314	2
KPNA3	4	4.7691e-01	2.3121e-01	0.403314	2
ERO1LB	4	4.7726e-01	2.3121e-01	0.403314	2
SLC26A3	4	4.7727e-01	2.3121e-01	0.403314	1
PTPN22	4	4.7731e-01	2.3121e-01	0.403314	2
PRDX1	4	4.7735e-01	2.3121e-01	0.403314	2
DSEL	4	4.7749e-01	2.3121e-01	0.403314	2
ZNF175	4	4.7758e-01	2.3121e-01	0.403314	2
PTCHD1	4	4.7760e-01	2.3121e-01	0.403314	2
ASCL3	4	4.7777e-01	2.3121e-01	0.403314	2
TMEM133	3	4.7778e-01	2.3396e-01	0.404842	2
GDPGP1	4	4.7782e-01	2.3121e-01	0.403314	2
ANO3	4	4.7783e-01	2.3121e-01	0.403314	2
ZNF3	4	4.7785e-01	2.3121e-01	0.403314	2
ZNF814	4	4.7797e-01	2.3121e-01	0.403314	2
SDHD	4	4.7810e-01	2.3236e-01	0.404354	2
IL1RN	4	4.7816e-01	2.3236e-01	0.404354	2
PTPDC1	4	4.7817e-01	2.3236e-01	0.404354	2
NSUN4	4	4.7817e-01	2.3236e-01	0.404354	2
TMEM194B	4	4.7842e-01	2.3236e-01	0.404354	2
MPV17L2	4	4.7851e-01	2.3236e-01	0.404354	2
PPARGC1A	4	4.7860e-01	2.3236e-01	0.404354	1
AGR3	4	4.7861e-01	2.3236e-01	0.404354	2
ZNF268	4	4.7866e-01	2.3236e-01	0.404354	1
P4HA3	4	4.7870e-01	2.3236e-01	0.404354	1
PRNP	4	4.7879e-01	2.3236e-01	0.404354	1
RAB40A	4	4.7882e-01	2.3236e-01	0.404354	1
BTC	4	4.7883e-01	2.3236e-01	0.404354	2
CRYGD	4	4.7886e-01	2.3236e-01	0.404354	1
MTCL1	4	4.7889e-01	2.3236e-01	0.404354	1
HNRNPUL1	4	4.7904e-01	2.3236e-01	0.404354	2
DSC2	4	4.7908e-01	2.3236e-01	0.404354	2
PDHA2	4	4.7911e-01	2.3236e-01	0.404354	1
CCNB2	4	4.7915e-01	2.3236e-01	0.404354	2
SLC18A1	4	4.7924e-01	2.3236e-01	0.404354	2
RHOXF2B	4	4.7930e-01	2.3236e-01	0.404354	1
FAM159A	4	4.7939e-01	2.3236e-01	0.404354	1
RNF115	4	4.7946e-01	2.3236e-01	0.404354	2
RHOXF2	4	4.7949e-01	2.3236e-01	0.404354	2
GBP5	4	4.7952e-01	2.3236e-01	0.404354	1
CUL4A	3	4.7955e-01	2.3574e-01	0.406546	2
DSCR3	4	4.7962e-01	2.3236e-01	0.404354	2
FRMPD2	4	4.7974e-01	2.3356e-01	0.404602	1
USP43	4	4.7981e-01	2.3356e-01	0.404602	2
ARSA	4	4.7984e-01	2.3356e-01	0.404602	1
FAM155A	4	4.7988e-01	2.3356e-01	0.404602	2
RHEBL1	4	4.8000e-01	2.3356e-01	0.404602	1
ADM5	3	4.8000e-01	2.3574e-01	0.406546	1
DCP2	4	4.8003e-01	2.3356e-01	0.404602	2
FLG2	4	4.8006e-01	2.3356e-01	0.404602	2
AVIL	4	4.8015e-01	2.3356e-01	0.404602	2
MIA2	4	4.8025e-01	2.3356e-01	0.404602	2
EDNRA	4	4.8028e-01	2.3356e-01	0.404602	1
IGFLR1	4	4.8031e-01	2.3356e-01	0.404602	2
MIIP	4	4.8052e-01	2.3356e-01	0.404602	2
VANGL2	4	4.8065e-01	2.3356e-01	0.404602	2
GALR2	4	4.8090e-01	2.3356e-01	0.404602	1
EPHB2	4	4.8095e-01	2.3356e-01	0.404602	2
GLS	4	4.8114e-01	2.3356e-01	0.404602	1
C10orf88	4	4.8116e-01	2.3356e-01	0.404602	2
TWSG1	4	4.8118e-01	2.3356e-01	0.404602	2
CDH8	4	4.8120e-01	2.3356e-01	0.404602	2
STAT2	4	4.8152e-01	2.3356e-01	0.404602	2
FAM86B1	4	4.8171e-01	2.3356e-01	0.404602	2
CCDC116	4	4.8177e-01	2.3356e-01	0.404602	1
APOBEC3B	4	4.8184e-01	2.3356e-01	0.404602	2
H2BFWT	4	4.8191e-01	2.3356e-01	0.404602	2
RPGRIP1L	4	4.8191e-01	2.3356e-01	0.404602	2
LINGO2	4	4.8204e-01	2.3356e-01	0.404602	2
MEGF10	4	4.8211e-01	2.3356e-01	0.404602	2
FCRL2	4	4.8212e-01	2.3356e-01	0.404602	1
PHC3	4	4.8225e-01	2.3356e-01	0.404602	2
SLC29A4	4	4.8225e-01	2.3356e-01	0.404602	2
TMED7-TICAM2	4	4.8237e-01	2.3356e-01	0.404602	2
CD40	4	4.8243e-01	2.3356e-01	0.404602	2
CYC1	4	4.8248e-01	2.3356e-01	0.404602	2
CT45A9	4	4.8253e-01	2.3356e-01	0.404602	2
KCNQ5	4	4.8263e-01	2.3356e-01	0.404602	2
C11orf87	4	4.8270e-01	2.3356e-01	0.404602	2
ANKRD22	4	4.8272e-01	2.3356e-01	0.404602	2
C7orf62	4	4.8279e-01	2.3356e-01	0.404602	2
FUT11	4	4.8281e-01	2.3356e-01	0.404602	1
ACADM	4	4.8285e-01	2.3356e-01	0.404602	1
FBF1	4	4.8288e-01	2.3356e-01	0.404602	2
CHML	4	4.8290e-01	2.3356e-01	0.404602	2
CDH4	4	4.8300e-01	2.3356e-01	0.404602	2
KLK14	4	4.8311e-01	2.3356e-01	0.404602	2
H1F0	4	4.8326e-01	2.3356e-01	0.404602	2
S100PBP	4	4.8327e-01	2.3356e-01	0.404602	2
MRPS31	4	4.8343e-01	2.3356e-01	0.404602	2
CHIA	4	4.8358e-01	2.3356e-01	0.404602	2
ANTXR2	4	4.8358e-01	2.3356e-01	0.404602	2
HEG1	4	4.8375e-01	2.3356e-01	0.404602	2
ADRA2C	4	4.8383e-01	2.3471e-01	0.404842	2
CARF	4	4.8397e-01	2.3471e-01	0.404842	2
VSTM4	4	4.8398e-01	2.3471e-01	0.404842	1
HOMEZ	4	4.8420e-01	2.3471e-01	0.404842	2
UHMK1	4	4.8431e-01	2.3471e-01	0.404842	2
CCDC137	4	4.8458e-01	2.3471e-01	0.404842	1
HNRNPA1L2	4	4.8462e-01	2.3471e-01	0.404842	2
OR8D1	4	4.8464e-01	2.3471e-01	0.404842	1
HMGCLL1	4	4.8475e-01	2.3471e-01	0.404842	1
PGAP3	4	4.8482e-01	2.3471e-01	0.404842	2
SLN	4	4.8485e-01	2.3471e-01	0.404842	1
XKRX	4	4.8486e-01	2.3471e-01	0.404842	2
TVP23C	4	4.8495e-01	2.3471e-01	0.404842	2
UGT2A3	4	4.8512e-01	2.3471e-01	0.404842	1
ZNF117	4	4.8514e-01	2.3471e-01	0.404842	2
IL17D	4	4.8521e-01	2.3471e-01	0.404842	2
FAM189A1	4	4.8525e-01	2.3471e-01	0.404842	2
PUS1	4	4.8527e-01	2.3471e-01	0.404842	2
AGL	4	4.8545e-01	2.3471e-01	0.404842	1
ABHD4	4	4.8545e-01	2.3471e-01	0.404842	2
ZNF652	4	4.8545e-01	2.3471e-01	0.404842	2
PPP3CA	4	4.8555e-01	2.3471e-01	0.404842	2
AP1S2	4	4.8556e-01	2.3471e-01	0.404842	2
DRD5	4	4.8559e-01	2.3471e-01	0.404842	2
SLC25A17	4	4.8579e-01	2.3471e-01	0.404842	2
TRAP1	4	4.8587e-01	2.3471e-01	0.404842	1
KRTAP10-3	4	4.8589e-01	2.3471e-01	0.404842	2
GRID2IP	4	4.8590e-01	2.3471e-01	0.404842	1
C1orf54	4	4.8605e-01	2.3471e-01	0.404842	2
PTPRK	4	4.8614e-01	2.3471e-01	0.404842	2
FABP6	4	4.8620e-01	2.3471e-01	0.404842	1
PSMD10	4	4.8632e-01	2.3471e-01	0.404842	2
GNLY	4	4.8647e-01	2.3471e-01	0.404842	1
TAAR2	4	4.8656e-01	2.3471e-01	0.404842	1
SYDE2	4	4.8659e-01	2.3471e-01	0.404842	1
RALB	4	4.8664e-01	2.3471e-01	0.404842	2
C1orf21	4	4.8669e-01	2.3471e-01	0.404842	2
HYLS1	4	4.8672e-01	2.3471e-01	0.404842	1
TCEB3	4	4.8677e-01	2.3471e-01	0.404842	2
ZNF445	4	4.8681e-01	2.3471e-01	0.404842	2
EPS8L3	4	4.8682e-01	2.3471e-01	0.404842	2
CTXN3	4	4.8686e-01	2.3471e-01	0.404842	2
MRGPRX4	4	4.8691e-01	2.3471e-01	0.404842	1
SIN3B	4	4.8691e-01	2.3471e-01	0.404842	2
GRAMD1B	4	4.8702e-01	2.3471e-01	0.404842	2
LRP6	4	4.8711e-01	2.3471e-01	0.404842	2
LRRC29	4	4.8716e-01	2.3471e-01	0.404842	1
PM20D2	4	4.8720e-01	2.3587e-01	0.406737	2
CCDC110	4	4.8732e-01	2.3705e-01	0.407919	1
HIST1H2BG	4	4.8749e-01	2.3705e-01	0.407919	1
PLAC4	4	4.8757e-01	2.3705e-01	0.407919	1
TIRAP	4	4.8759e-01	2.3705e-01	0.407919	2
ST6GAL2	4	4.8774e-01	2.3705e-01	0.407919	2
DOC2B	4	4.8782e-01	2.3705e-01	0.407919	2
LOC100129520	4	4.8784e-01	2.3705e-01	0.407919	2
POPDC2	4	4.8789e-01	2.3705e-01	0.407919	2
FAM228B	4	4.8793e-01	2.3705e-01	0.407919	2
AKR1D1	4	4.8795e-01	2.3705e-01	0.407919	2
STUB1	4	4.8797e-01	2.3705e-01	0.407919	1
FLI1	4	4.8807e-01	2.3705e-01	0.407919	2
TIMM21	4	4.8811e-01	2.3705e-01	0.407919	2
CSNK2A1	4	4.8818e-01	2.3705e-01	0.407919	2
VPREB1	4	4.8819e-01	2.3705e-01	0.407919	1
VCAM1	4	4.8820e-01	2.3705e-01	0.407919	2
CDC42EP4	4	4.8832e-01	2.3705e-01	0.407919	2
DHX32	4	4.8835e-01	2.3705e-01	0.407919	1
SLC24A5	4	4.8848e-01	2.3705e-01	0.407919	1
GALNT18	4	4.8850e-01	2.3705e-01	0.407919	2
TRIM36	4	4.8852e-01	2.3705e-01	0.407919	2
PROM2	4	4.8857e-01	2.3705e-01	0.407919	2
NPEPPS	4	4.8868e-01	2.3705e-01	0.407919	2
CBLN2	4	4.8885e-01	2.3823e-01	0.409175	1
PRR13	4	4.8902e-01	2.3823e-01	0.409175	2
SLC52A3	4	4.8913e-01	2.3823e-01	0.409175	1
CA14	4	4.8916e-01	2.3823e-01	0.409175	2
UBAC2	4	4.8923e-01	2.3823e-01	0.409175	2
PIK3AP1	3	4.8923e-01	2.3930e-01	0.410974	2
MAEL	4	4.8938e-01	2.3823e-01	0.409175	1
PADI3	4	4.8949e-01	2.3823e-01	0.409175	2
SHISA2	4	4.8950e-01	2.3823e-01	0.409175	2
ATG9B	4	4.8960e-01	2.3823e-01	0.409175	1
NPIPB3	4	4.8961e-01	2.3823e-01	0.409175	2
AKR1B10	4	4.8967e-01	2.3823e-01	0.409175	2
ZNF253	4	4.8970e-01	2.3823e-01	0.409175	2
POSTN	4	4.8970e-01	2.3823e-01	0.409175	2
HAPLN2	4	4.8972e-01	2.3823e-01	0.409175	2
COL9A1	4	4.8973e-01	2.3823e-01	0.409175	1
ATF4	4	4.8979e-01	2.3823e-01	0.409175	2
LACRT	4	4.8981e-01	2.3823e-01	0.409175	1
MDP1	4	4.8985e-01	2.3823e-01	0.409175	2
MYH10	4	4.8986e-01	2.3823e-01	0.409175	2
CDHR2	4	4.8988e-01	2.3823e-01	0.409175	1
ECH1	4	4.8992e-01	2.3823e-01	0.409175	1
JPH4	4	4.9013e-01	2.4034e-01	0.412461	1
IGFBP7	4	4.9016e-01	2.4034e-01	0.412461	2
TBC1D2	4	4.9048e-01	2.4157e-01	0.412461	2
AHSP	4	4.9051e-01	2.4157e-01	0.412461	2
PCDHB14	4	4.9056e-01	2.4157e-01	0.412461	2
MFHAS1	4	4.9067e-01	2.4157e-01	0.412461	1
OR51Q1	4	4.9081e-01	2.4157e-01	0.412461	1
HOMER2	4	4.9081e-01	2.4157e-01	0.412461	2
CGREF1	4	4.9101e-01	2.4157e-01	0.412461	2
NOX3	4	4.9102e-01	2.4157e-01	0.412461	2
C11orf63	4	4.9104e-01	2.4157e-01	0.412461	1
HOXB6	4	4.9107e-01	2.4157e-01	0.412461	2
COL11A1	4	4.9110e-01	2.4157e-01	0.412461	1
HBG1	4	4.9116e-01	2.4157e-01	0.412461	2
TPSB2	4	4.9140e-01	2.4157e-01	0.412461	2
CEP135	4	4.9140e-01	2.4157e-01	0.412461	1
DDR2	4	4.9149e-01	2.4157e-01	0.412461	2
TCTEX1D4	4	4.9154e-01	2.4157e-01	0.412461	2
ADCY6	4	4.9162e-01	2.4157e-01	0.412461	2
INO80E	4	4.9165e-01	2.4157e-01	0.412461	2
ASCL5	4	4.9181e-01	2.4157e-01	0.412461	2
GLO1	4	4.9188e-01	2.4157e-01	0.412461	2
ZNF330	4	4.9194e-01	2.4157e-01	0.412461	1
SLC25A10	4	4.9197e-01	2.4157e-01	0.412461	2
RPP25	4	4.9198e-01	2.4157e-01	0.412461	2
INHBB	4	4.9200e-01	2.4157e-01	0.412461	2
SIPA1L1	4	4.9208e-01	2.4157e-01	0.412461	1
DHRS13	4	4.9208e-01	2.4157e-01	0.412461	2
SLC22A4	4	4.9211e-01	2.4157e-01	0.412461	2
KCNJ13	4	4.9213e-01	2.4157e-01	0.412461	2
TNNT3	4	4.9216e-01	2.4157e-01	0.412461	2
UCN2	4	4.9233e-01	2.4157e-01	0.412461	2
TMEM211	4	4.9238e-01	2.4157e-01	0.412461	2
ANKUB1	4	4.9242e-01	2.4157e-01	0.412461	2
TNC	4	4.9248e-01	2.4157e-01	0.412461	2
BAZ1A	4	4.9272e-01	2.4157e-01	0.412461	2
KRTAP4-4	4	4.9274e-01	2.4157e-01	0.412461	2
PCDHA5	4	4.9278e-01	2.4157e-01	0.412461	2
ZFYVE19	4	4.9282e-01	2.4157e-01	0.412461	1
VWA2	4	4.9282e-01	2.4157e-01	0.412461	2
PPP2R3A	4	4.9291e-01	2.4157e-01	0.412461	1
COL16A1	4	4.9294e-01	2.4157e-01	0.412461	1
SYT12	4	4.9295e-01	2.4157e-01	0.412461	2
LANCL3	4	4.9295e-01	2.4157e-01	0.412461	2
MTX3	4	4.9304e-01	2.4157e-01	0.412461	2
SMPD1	4	4.9310e-01	2.4157e-01	0.412461	2
LRRC23	4	4.9313e-01	2.4157e-01	0.412461	2
CLINT1	4	4.9316e-01	2.4157e-01	0.412461	2
TCF23	4	4.9322e-01	2.4157e-01	0.412461	2
OR5B12	4	4.9324e-01	2.4157e-01	0.412461	2
MYOZ1	4	4.9335e-01	2.4157e-01	0.412461	1
C4orf26	4	4.9338e-01	2.4157e-01	0.412461	1
IRF8	4	4.9347e-01	2.4157e-01	0.412461	2
NOXRED1	4	4.9353e-01	2.4157e-01	0.412461	1
CD244	4	4.9360e-01	2.4157e-01	0.412461	2
BPIFA3	4	4.9375e-01	2.4157e-01	0.412461	1
RAG1	4	4.9385e-01	2.4157e-01	0.412461	2
SKOR1	4	4.9397e-01	2.4157e-01	0.412461	2
CAMK2N1	4	4.9400e-01	2.4157e-01	0.412461	2
CNN2	4	4.9403e-01	2.4157e-01	0.412461	1
TBC1D14	4	4.9415e-01	2.4157e-01	0.412461	2
NDUFA10	4	4.9417e-01	2.4157e-01	0.412461	2
HSBP1	4	4.9421e-01	2.4157e-01	0.412461	2
PCDHA2	4	4.9425e-01	2.4157e-01	0.412461	2
PEBP4	4	4.9428e-01	2.4157e-01	0.412461	2
SCTR	4	4.9453e-01	2.4394e-01	0.415552	2
CTPS1	4	4.9474e-01	2.4394e-01	0.415552	2
FPGS	4	4.9476e-01	2.4394e-01	0.415552	2
INPP5A	4	4.9478e-01	2.4394e-01	0.415552	2
PCDHA8	4	4.9482e-01	2.4394e-01	0.415552	2
ADCK2	4	4.9485e-01	2.4394e-01	0.415552	2
TNN	4	4.9487e-01	2.4394e-01	0.415552	2
CLDN4	4	4.9493e-01	2.4394e-01	0.415552	1
PSMB11	4	4.9495e-01	2.4394e-01	0.415552	2
OPN5	4	4.9499e-01	2.4394e-01	0.415552	1
DNAH9	4	4.9502e-01	2.4394e-01	0.415552	1
WT1	4	4.9505e-01	2.4394e-01	0.415552	2
ZP1	4	4.9512e-01	2.4394e-01	0.415552	2
ZC3H4	4	4.9515e-01	2.4394e-01	0.415552	2
PDK2	4	4.9518e-01	2.4394e-01	0.415552	1
HTN1	4	4.9533e-01	2.4394e-01	0.415552	2
CREBL2	4	4.9535e-01	2.4394e-01	0.415552	2
INCA1	4	4.9539e-01	2.4394e-01	0.415552	2
CHST14	4	4.9542e-01	2.4394e-01	0.415552	2
CDH12	4	4.9549e-01	2.4394e-01	0.415552	1
TNIP2	4	4.9551e-01	2.4394e-01	0.415552	2
RAP1A	4	4.9564e-01	2.4394e-01	0.415552	1
FABP2	4	4.9570e-01	2.4394e-01	0.415552	2
TMEM261	4	4.9570e-01	2.4394e-01	0.415552	2
BMP6	4	4.9571e-01	2.4394e-01	0.415552	1
STK16	4	4.9577e-01	2.4394e-01	0.415552	2
CALCRL	4	4.9580e-01	2.4595e-01	0.418934	2
KCNV2	4	4.9598e-01	2.4717e-01	0.420524	1
GPR78	4	4.9600e-01	2.4717e-01	0.420524	2
MOGAT1	4	4.9606e-01	2.4717e-01	0.420524	2
TBC1D20	4	4.9606e-01	2.4717e-01	0.420524	2
LRRC14B	4	4.9608e-01	2.4717e-01	0.420524	1
ZNF230	4	4.9616e-01	2.4717e-01	0.420524	2
STK33	4	4.9620e-01	2.4717e-01	0.420524	2
TBC1D9	4	4.9623e-01	2.4717e-01	0.420524	2
ERBB4	4	4.9630e-01	2.4717e-01	0.420524	2
IL1A	4	4.9636e-01	2.4717e-01	0.420524	1
ACOXL	4	4.9646e-01	2.4717e-01	0.420524	1
UGT3A1	4	4.9646e-01	2.4717e-01	0.420524	1
SNX30	4	4.9660e-01	2.4918e-01	0.423722	1
SLC15A2	4	4.9674e-01	2.4918e-01	0.423722	1
SPATA9	4	4.9685e-01	2.4918e-01	0.423722	2
DCUN1D1	4	4.9686e-01	2.4918e-01	0.423722	2
MPP2	4	4.9689e-01	2.4918e-01	0.423722	2
CYP2C9	4	4.9704e-01	2.5042e-01	0.423834	1
TMEM205	4	4.9713e-01	2.5042e-01	0.423834	1
KLHL31	4	4.9718e-01	2.5042e-01	0.423834	2
FAM19A3	4	4.9722e-01	2.5042e-01	0.423834	2
TMEM178B	4	4.9732e-01	2.5042e-01	0.423834	2
QPCT	4	4.9741e-01	2.5042e-01	0.423834	2
TPRX1	4	4.9744e-01	2.5042e-01	0.423834	1
TNIP3	4	4.9745e-01	2.5042e-01	0.423834	2
PLEKHA5	4	4.9747e-01	2.5042e-01	0.423834	1
CCNL2	4	4.9759e-01	2.5042e-01	0.423834	1
TMED8	4	4.9762e-01	2.5042e-01	0.423834	2
OR5W2	4	4.9777e-01	2.5042e-01	0.423834	2
GOLT1A	4	4.9786e-01	2.5042e-01	0.423834	2
NKX2-1	4	4.9788e-01	2.5042e-01	0.423834	2
ARHGAP30	4	4.9804e-01	2.5042e-01	0.423834	2
ZBTB21	4	4.9809e-01	2.5042e-01	0.423834	2
LIPH	4	4.9816e-01	2.5042e-01	0.423834	1
HK1	4	4.9827e-01	2.5042e-01	0.423834	2
BMP1	3	4.9833e-01	2.4715e-01	0.420524	1
PTCHD3	4	4.9834e-01	2.5042e-01	0.423834	2
SLC8B1	4	4.9840e-01	2.5042e-01	0.423834	2
ATAD3B	4	4.9845e-01	2.5042e-01	0.423834	2
EVL	4	4.9846e-01	2.5042e-01	0.423834	2
HINT3	4	4.9849e-01	2.5042e-01	0.423834	1
RFX6	4	4.9858e-01	2.5042e-01	0.423834	2
ITPRIPL1	4	4.9863e-01	2.5042e-01	0.423834	2
RASGEF1B	4	4.9867e-01	2.5042e-01	0.423834	2
INHA	4	4.9872e-01	2.5042e-01	0.423834	2
CRYZL1	4	4.9872e-01	2.5042e-01	0.423834	2
C1QTNF8	4	4.9883e-01	2.5042e-01	0.423834	2
C12orf79	4	4.9889e-01	2.5042e-01	0.423834	2
OR10G2	4	4.9903e-01	2.5042e-01	0.423834	1
PPP6R3	4	4.9913e-01	2.5042e-01	0.423834	2
MC3R	4	4.9915e-01	2.5042e-01	0.423834	2
NRDE2	4	4.9917e-01	2.5042e-01	0.423834	2
RAP2A	4	4.9924e-01	2.5042e-01	0.423834	2
ZSWIM2	4	4.9929e-01	2.5042e-01	0.423834	2
ZNF730	4	4.9930e-01	2.5042e-01	0.423834	2
LCLAT1	4	4.9949e-01	2.5042e-01	0.423834	2
SLC6A18	4	4.9954e-01	2.5042e-01	0.423834	2
PTER	4	4.9975e-01	2.5042e-01	0.423834	1
ATP6V1E2	4	4.9978e-01	2.5042e-01	0.423834	2
METTL9	4	4.9989e-01	2.5042e-01	0.423834	1
TYROBP	4	4.9989e-01	2.5042e-01	0.423834	1
CC2D2B	4	5.0003e-01	2.5042e-01	0.423834	2
FAM184A	4	5.0021e-01	2.5042e-01	0.423834	2
RBM15B	4	5.0035e-01	2.5042e-01	0.423834	1
VCAN	4	5.0038e-01	2.5042e-01	0.423834	2
RALBP1	4	5.0045e-01	2.5042e-01	0.423834	2
APOA4	4	5.0045e-01	2.5042e-01	0.423834	2
ERCC5	4	5.0048e-01	2.5042e-01	0.423834	2
PRKAA1	4	5.0061e-01	2.5042e-01	0.423834	2
SLIRP	4	5.0067e-01	2.5042e-01	0.423834	2
TBX4	4	5.0069e-01	2.5042e-01	0.423834	2
FLYWCH1	4	5.0095e-01	2.5366e-01	0.429113	1
NKX2-6	4	5.0103e-01	2.5366e-01	0.429113	2
PKD1L1	4	5.0114e-01	2.5366e-01	0.429113	1
PPP1R36	3	5.0122e-01	2.4797e-01	0.421855	1
MKRN3	4	5.0133e-01	2.5366e-01	0.429113	2
GAMT	4	5.0133e-01	2.5366e-01	0.429113	2
PNLDC1	4	5.0160e-01	2.5569e-01	0.431761	2
CHRNA10	4	5.0164e-01	2.5569e-01	0.431761	2
LY96	4	5.0168e-01	2.5569e-01	0.431761	2
SAFB2	4	5.0171e-01	2.5569e-01	0.431761	2
GRIK1	4	5.0188e-01	2.5569e-01	0.431761	1
AIM1L	4	5.0191e-01	2.5569e-01	0.431761	2
OAS3	4	5.0206e-01	2.5569e-01	0.431761	2
OR5K4	4	5.0209e-01	2.5569e-01	0.431761	2
DTX4	4	5.0218e-01	2.5569e-01	0.431761	2
HAVCR1	4	5.0220e-01	2.5569e-01	0.431761	2
MS4A6A	4	5.0223e-01	2.5569e-01	0.431761	2
RNF130	4	5.0232e-01	2.5569e-01	0.431761	1
CLDN10	4	5.0259e-01	2.5570e-01	0.431761	2
COL11A2	4	5.0261e-01	2.5570e-01	0.431761	2
CCDC167	4	5.0278e-01	2.5570e-01	0.431761	2
FAM132B	4	5.0287e-01	2.5570e-01	0.431761	1
MTMR2	4	5.0302e-01	2.5570e-01	0.431761	2
HERC3	4	5.0306e-01	2.5570e-01	0.431761	2
OR12D3	4	5.0322e-01	2.5570e-01	0.431761	2
GLRX5	4	5.0329e-01	2.5570e-01	0.431761	2
ZNF645	4	5.0339e-01	2.5570e-01	0.431761	2
CCNDBP1	4	5.0361e-01	2.5686e-01	0.432167	2
ZFYVE28	4	5.0361e-01	2.5686e-01	0.432167	2
GNE	4	5.0364e-01	2.5686e-01	0.432167	1
NTM	4	5.0367e-01	2.5686e-01	0.432167	2
OCM	4	5.0370e-01	2.5686e-01	0.432167	2
MYCBP2	4	5.0375e-01	2.5686e-01	0.432167	2
TWF2	4	5.0376e-01	2.5686e-01	0.432167	2
SPINK4	4	5.0381e-01	2.5686e-01	0.432167	1
MON1B	4	5.0391e-01	2.5686e-01	0.432167	2
CXXC5	4	5.0399e-01	2.5686e-01	0.432167	2
ZBTB38	4	5.0399e-01	2.5686e-01	0.432167	1
MAP1LC3C	4	5.0404e-01	2.5686e-01	0.432167	2
NQO2	4	5.0404e-01	2.5686e-01	0.432167	1
VN1R5	4	5.0433e-01	2.5686e-01	0.432167	2
ARPC5	4	5.0433e-01	2.5686e-01	0.432167	2
ITLN1	4	5.0445e-01	2.5686e-01	0.432167	1
AZI2	4	5.0446e-01	2.5686e-01	0.432167	2
GOLGB1	4	5.0448e-01	2.5686e-01	0.432167	2
SHC2	4	5.0466e-01	2.5686e-01	0.432167	2
CD68	4	5.0469e-01	2.5686e-01	0.432167	2
SLC39A5	4	5.0475e-01	2.5686e-01	0.432167	2
SEMA3G	4	5.0489e-01	2.5686e-01	0.432167	2
OR2T4	4	5.0496e-01	2.5686e-01	0.432167	2
CD6	4	5.0500e-01	2.5686e-01	0.432167	2
TNFRSF10A	4	5.0507e-01	2.5686e-01	0.432167	2
MFSD8	4	5.0514e-01	2.5686e-01	0.432167	2
RNF6	4	5.0523e-01	2.5686e-01	0.432167	1
BAX	4	5.0527e-01	2.5686e-01	0.432167	2
AMER3	4	5.0528e-01	2.5686e-01	0.432167	2
ST8SIA6	4	5.0546e-01	2.5686e-01	0.432167	1
CCDC54	4	5.0552e-01	2.5686e-01	0.432167	1
GUCY2C	4	5.0558e-01	2.5686e-01	0.432167	2
C2orf70	4	5.0558e-01	2.5686e-01	0.432167	1
PCDH19	4	5.0570e-01	2.5686e-01	0.432167	2
OR2G6	4	5.0582e-01	2.5686e-01	0.432167	1
CLCNKB	4	5.0586e-01	2.5686e-01	0.432167	2
MYLPF	4	5.0588e-01	2.5686e-01	0.432167	2
UBASH3A	4	5.0598e-01	2.5686e-01	0.432167	1
OTUD4	4	5.0610e-01	2.5686e-01	0.432167	2
SMCP	4	5.0610e-01	2.5686e-01	0.432167	1
CCDC58	4	5.0613e-01	2.5686e-01	0.432167	2
EYA4	4	5.0616e-01	2.5813e-01	0.433498	1
RFXANK	4	5.0627e-01	2.5813e-01	0.433498	2
TMEM53	4	5.0631e-01	2.5813e-01	0.433498	2
GABRQ	4	5.0634e-01	2.5813e-01	0.433498	1
CSH2	4	5.0647e-01	2.5813e-01	0.433498	2
VPS37C	4	5.0663e-01	2.5813e-01	0.433498	2
ATMIN	4	5.0665e-01	2.5813e-01	0.433498	2
ISLR2	4	5.0674e-01	2.5813e-01	0.433498	2
CDIP1	4	5.0677e-01	2.5813e-01	0.433498	2
TFAP2D	4	5.0680e-01	2.5813e-01	0.433498	1
SLC11A2	4	5.0695e-01	2.5813e-01	0.433498	2
STK17A	4	5.0711e-01	2.5813e-01	0.433498	2
UBQLNL	4	5.0728e-01	2.5813e-01	0.433498	2
FGR	4	5.0730e-01	2.5813e-01	0.433498	2
DUSP14	4	5.0738e-01	2.5813e-01	0.433498	2
SCNM1	4	5.0742e-01	2.5813e-01	0.433498	2
IL12RB1	4	5.0751e-01	2.5813e-01	0.433498	2
MEIS3	4	5.0755e-01	2.5813e-01	0.433498	2
PIGX	4	5.0757e-01	2.5813e-01	0.433498	2
MARVELD2	4	5.0759e-01	2.5813e-01	0.433498	1
TNFRSF12A	4	5.0760e-01	2.5813e-01	0.433498	2
IFNL2	4	5.0775e-01	2.5932e-01	0.435155	2
NPAP1	4	5.0784e-01	2.5932e-01	0.435155	1
TBC1D10A	4	5.0784e-01	2.5932e-01	0.435155	2
C1orf146	4	5.0789e-01	2.5932e-01	0.435155	2
MLLT10	4	5.0794e-01	2.5932e-01	0.435155	2
MAPK9	4	5.0805e-01	2.5932e-01	0.435155	2
TNFRSF11B	4	5.0809e-01	2.6051e-01	0.436657	2
MROH8	4	5.0820e-01	2.6051e-01	0.436657	2
TRIML2	4	5.0838e-01	2.6051e-01	0.436657	1
DNAJB5	4	5.0844e-01	2.6051e-01	0.436657	2
FBXW4	4	5.0848e-01	2.6051e-01	0.436657	2
GADD45A	4	5.0851e-01	2.6051e-01	0.436657	2
ACPT	4	5.0867e-01	2.6051e-01	0.436657	1
KRT20	4	5.0872e-01	2.6051e-01	0.436657	1
RYR3	4	5.0876e-01	2.6051e-01	0.436657	2
RNF175	4	5.0884e-01	2.6051e-01	0.436657	1
C8orf37	4	5.0895e-01	2.6051e-01	0.436657	2
ADAM18	4	5.0911e-01	2.6051e-01	0.436657	2
PTPRO	4	5.0917e-01	2.6172e-01	0.437988	2
VTI1A	4	5.0920e-01	2.6172e-01	0.437988	1
TRPC4	4	5.0921e-01	2.6172e-01	0.437988	2
NTRK1	4	5.0923e-01	2.6172e-01	0.437988	1
DEFB116	4	5.0924e-01	2.6172e-01	0.437988	2
OR5B2	4	5.0926e-01	2.6172e-01	0.437988	2
MEF2A	4	5.0930e-01	2.6172e-01	0.437988	1
ANXA1	4	5.0938e-01	2.6172e-01	0.437988	2
SLC25A14	4	5.0942e-01	2.6172e-01	0.437988	2
CHD2	4	5.0942e-01	2.6172e-01	0.437988	2
SC5D	4	5.0947e-01	2.6172e-01	0.437988	2
MTRNR2L7	4	5.0958e-01	2.6172e-01	0.437988	2
SELP	4	5.0963e-01	2.6172e-01	0.437988	2
HDAC8	4	5.0969e-01	2.6172e-01	0.437988	2
HAT1	4	5.0976e-01	2.6172e-01	0.437988	2
HSFY1	4	5.0978e-01	2.6172e-01	0.437988	1
MASP1	4	5.0984e-01	2.6172e-01	0.437988	2
EEA1	4	5.0985e-01	2.6172e-01	0.437988	2
NR5A1	4	5.0990e-01	2.6296e-01	0.439520	2
CNPPD1	4	5.0994e-01	2.6296e-01	0.439520	2
STX6	4	5.0996e-01	2.6296e-01	0.439520	2
DOCK3	4	5.0999e-01	2.6296e-01	0.439520	2
MCHR1	4	5.1011e-01	2.6296e-01	0.439520	1
ALOX15	4	5.1017e-01	2.6296e-01	0.439520	2
ZNF180	4	5.1027e-01	2.6296e-01	0.439520	1
KIF13A	4	5.1035e-01	2.6296e-01	0.439520	2
ARFGAP2	4	5.1036e-01	2.6296e-01	0.439520	1
ERMN	4	5.1041e-01	2.6296e-01	0.439520	2
OR10G4	4	5.1045e-01	2.6296e-01	0.439520	2
LGI3	4	5.1045e-01	2.6296e-01	0.439520	2
MFN1	4	5.1060e-01	2.6296e-01	0.439520	2
TBC1D25	4	5.1077e-01	2.6296e-01	0.439520	2
PEX19	4	5.1084e-01	2.6418e-01	0.441139	2
PHF10	4	5.1090e-01	2.6418e-01	0.441139	2
ZDHHC19	4	5.1098e-01	2.6418e-01	0.441139	2
ACRBP	4	5.1100e-01	2.6418e-01	0.441139	2
TMED1	4	5.1109e-01	2.6418e-01	0.441139	2
SELV	4	5.1111e-01	2.6418e-01	0.441139	2
MXD1	4	5.1111e-01	2.6418e-01	0.441139	1
GNG10	4	5.1116e-01	2.6418e-01	0.441139	1
ADAMTS6	4	5.1116e-01	2.6418e-01	0.441139	1
EDA	4	5.1122e-01	2.6418e-01	0.441139	2
LOC100129924	4	5.1127e-01	2.6611e-01	0.441894	2
LCE1F	4	5.1136e-01	2.6611e-01	0.441894	2
MMP13	4	5.1138e-01	2.6611e-01	0.441894	2
F13A1	4	5.1143e-01	2.6611e-01	0.441894	2
SCG3	4	5.1154e-01	2.6611e-01	0.441894	1
TYRO3	4	5.1158e-01	2.6611e-01	0.441894	2
RAB20	4	5.1160e-01	2.6611e-01	0.441894	1
ABCC11	4	5.1166e-01	2.6611e-01	0.441894	1
TXNRD2	4	5.1169e-01	2.6611e-01	0.441894	2
CHRM4	4	5.1169e-01	2.6611e-01	0.441894	2
HIST1H4L	4	5.1173e-01	2.6611e-01	0.441894	2
INAFM1	4	5.1173e-01	2.6611e-01	0.441894	2
CFAP221	4	5.1176e-01	2.6611e-01	0.441894	2
CCDC13	4	5.1178e-01	2.6611e-01	0.441894	1
ADGRG1	4	5.1193e-01	2.6611e-01	0.441894	2
RPS6KB2	4	5.1199e-01	2.6611e-01	0.441894	2
FGL2	4	5.1199e-01	2.6611e-01	0.441894	2
UPP1	4	5.1199e-01	2.6611e-01	0.441894	1
TTPAL	4	5.1201e-01	2.6611e-01	0.441894	2
USB1	4	5.1206e-01	2.6611e-01	0.441894	2
PRSS54	4	5.1214e-01	2.6611e-01	0.441894	2
EI24	4	5.1228e-01	2.6611e-01	0.441894	2
C2orf88	4	5.1232e-01	2.6611e-01	0.441894	2
SLC6A7	4	5.1242e-01	2.6611e-01	0.441894	1
TAAR8	4	5.1257e-01	2.6611e-01	0.441894	2
MGP	4	5.1264e-01	2.6611e-01	0.441894	2
MRGPRX1	4	5.1267e-01	2.6611e-01	0.441894	1
CEBPG	4	5.1272e-01	2.6611e-01	0.441894	1
HABP2	4	5.1273e-01	2.6611e-01	0.441894	2
THSD7A	4	5.1275e-01	2.6611e-01	0.441894	2
CH17-360D5.1	4	5.1280e-01	2.6611e-01	0.441894	2
PCYT1B	4	5.1299e-01	2.6611e-01	0.441894	1
PEF1	4	5.1305e-01	2.6611e-01	0.441894	1
MYOZ3	4	5.1308e-01	2.6611e-01	0.441894	1
MAS1	4	5.1341e-01	2.6611e-01	0.441894	2
ZNF679	4	5.1344e-01	2.6611e-01	0.441894	1
CHST5	4	5.1345e-01	2.6611e-01	0.441894	2
PPP2R2C	4	5.1356e-01	2.6611e-01	0.441894	2
RWDD2B	4	5.1359e-01	2.6611e-01	0.441894	2
SYNJ2BP-COX16	4	5.1365e-01	2.6611e-01	0.441894	2
CGB8	4	5.1368e-01	2.6611e-01	0.441894	2
IL4	4	5.1374e-01	2.6611e-01	0.441894	1
LMBRD2	4	5.1377e-01	2.6611e-01	0.441894	2
DAPK3	4	5.1380e-01	2.6611e-01	0.441894	1
CORO1C	4	5.1383e-01	2.6611e-01	0.441894	1
RAPGEF4	4	5.1386e-01	2.6611e-01	0.441894	2
USP12	4	5.1389e-01	2.6611e-01	0.441894	2
ZDHHC13	4	5.1389e-01	2.6611e-01	0.441894	2
SSX5	4	5.1392e-01	2.6611e-01	0.441894	2
RAD21L1	4	5.1395e-01	2.6611e-01	0.441894	2
TFF3	4	5.1397e-01	2.6611e-01	0.441894	2
MGAT4C	4	5.1399e-01	2.6611e-01	0.441894	2
TMEM176A	4	5.1401e-01	2.6611e-01	0.441894	1
ALOX12B	4	5.1411e-01	2.6611e-01	0.441894	1
SEMA3C	4	5.1415e-01	2.6611e-01	0.441894	2
IRGQ	4	5.1419e-01	2.6611e-01	0.441894	2
SPTBN2	4	5.1422e-01	2.6611e-01	0.441894	2
COIL	4	5.1423e-01	2.6611e-01	0.441894	2
PET100	4	5.1426e-01	2.6611e-01	0.441894	2
SLC7A6	4	5.1433e-01	2.6611e-01	0.441894	2
SIKE1	4	5.1436e-01	2.6611e-01	0.441894	2
ZNF473	4	5.1441e-01	2.6611e-01	0.441894	1
IQCE	4	5.1442e-01	2.6611e-01	0.441894	2
FAM208B	4	5.1444e-01	2.6611e-01	0.441894	2
AIF1	4	5.1451e-01	2.6737e-01	0.442526	2
GSTA4	4	5.1460e-01	2.6737e-01	0.442526	2
KLF13	4	5.1465e-01	2.6737e-01	0.442526	2
STARD9	4	5.1465e-01	2.6737e-01	0.442526	2
KHDRBS3	4	5.1468e-01	2.6737e-01	0.442526	1
SND1	4	5.1482e-01	2.6737e-01	0.442526	2
TBC1D22A	4	5.1483e-01	2.6737e-01	0.442526	2
ATP9A	4	5.1497e-01	2.6737e-01	0.442526	2
MORN1	4	5.1507e-01	2.6737e-01	0.442526	1
CALD1	4	5.1516e-01	2.6737e-01	0.442526	2
WDR66	4	5.1523e-01	2.6737e-01	0.442526	2
ZNF728	3	5.1530e-01	2.5834e-01	0.433733	1
PTPRJ	4	5.1535e-01	2.6737e-01	0.442526	1
CCL3	4	5.1540e-01	2.6737e-01	0.442526	2
EXOC6	4	5.1546e-01	2.6737e-01	0.442526	2
MMP12	4	5.1555e-01	2.6737e-01	0.442526	2
ZAK	4	5.1562e-01	2.6737e-01	0.442526	2
IL1RAPL1	4	5.1567e-01	2.6737e-01	0.442526	1
SPIRE1	4	5.1572e-01	2.6737e-01	0.442526	2
PNLIPRP1	4	5.1576e-01	2.6737e-01	0.442526	2
ZNF143	4	5.1581e-01	2.6737e-01	0.442526	1
PIP	4	5.1583e-01	2.6737e-01	0.442526	2
IL31RA	4	5.1592e-01	2.6737e-01	0.442526	2
THAP8	4	5.1597e-01	2.6737e-01	0.442526	1
HEPN1	4	5.1598e-01	2.6737e-01	0.442526	2
ATP2B2	4	5.1606e-01	2.6737e-01	0.442526	2
GFRA2	4	5.1606e-01	2.6737e-01	0.442526	1
EXO5	4	5.1610e-01	2.6737e-01	0.442526	2
FYTTD1	4	5.1614e-01	2.6737e-01	0.442526	1
MIR205HG	3	5.1616e-01	2.5834e-01	0.433733	1
MS4A15	4	5.1618e-01	2.6737e-01	0.442526	1
RSC1A1	4	5.1621e-01	2.6737e-01	0.442526	1
FAM84A	4	5.1627e-01	2.6737e-01	0.442526	2
RINT1	4	5.1630e-01	2.6737e-01	0.442526	2
CHST12	4	5.1635e-01	2.6737e-01	0.442526	2
C11orf42	4	5.1644e-01	2.6737e-01	0.442526	2
C10orf54	4	5.1651e-01	2.6737e-01	0.442526	2
MMP25	4	5.1654e-01	2.6737e-01	0.442526	1
MAGI1	4	5.1662e-01	2.6737e-01	0.442526	2
PSME1	4	5.1666e-01	2.6737e-01	0.442526	2
CYP24A1	4	5.1673e-01	2.6867e-01	0.443552	2
ZSCAN18	4	5.1678e-01	2.6867e-01	0.443552	1
HSPBP1	4	5.1679e-01	2.6867e-01	0.443552	2
NSRP1	4	5.1689e-01	2.6867e-01	0.443552	1
TGM7	4	5.1696e-01	2.6867e-01	0.443552	1
RNF19B	4	5.1699e-01	2.6867e-01	0.443552	1
METTL21A	4	5.1708e-01	2.6867e-01	0.443552	1
CST3	4	5.1711e-01	2.6867e-01	0.443552	2
FAM73B	4	5.1714e-01	2.6867e-01	0.443552	1
FSD2	4	5.1722e-01	2.6867e-01	0.443552	1
WFDC9	4	5.1726e-01	2.6867e-01	0.443552	1
TMOD3	4	5.1729e-01	2.6867e-01	0.443552	1
HCRTR2	4	5.1732e-01	2.6867e-01	0.443552	2
TIGD6	4	5.1735e-01	2.6867e-01	0.443552	1
NEUROD1	4	5.1741e-01	2.6867e-01	0.443552	1
TNK1	4	5.1753e-01	2.6867e-01	0.443552	2
MPZ	4	5.1756e-01	2.6867e-01	0.443552	1
C17orf59	4	5.1759e-01	2.6867e-01	0.443552	2
SLC12A9	4	5.1762e-01	2.6867e-01	0.443552	2
NTSR1	4	5.1765e-01	2.6867e-01	0.443552	1
PRR9	4	5.1772e-01	2.6867e-01	0.443552	2
TSEN34	4	5.1779e-01	2.6867e-01	0.443552	2
HIST1H2AG	4	5.1779e-01	2.6867e-01	0.443552	2
COL5A2	4	5.1785e-01	2.6867e-01	0.443552	1
CYB561D2	4	5.1785e-01	2.6867e-01	0.443552	1
STAC2	4	5.1786e-01	2.6867e-01	0.443552	2
SHMT2	4	5.1790e-01	2.6867e-01	0.443552	2
WNT2	4	5.1795e-01	2.6867e-01	0.443552	1
SLC16A9	4	5.1800e-01	2.6867e-01	0.443552	2
TLR6	4	5.1812e-01	2.6994e-01	0.445621	1
SCAMP4	4	5.1821e-01	2.7118e-01	0.447210	2
PBOV1	4	5.1828e-01	2.7118e-01	0.447210	2
TECPR1	4	5.1828e-01	2.7118e-01	0.447210	2
LRRTM4	4	5.1835e-01	2.7119e-01	0.447210	2
TPH2	4	5.1837e-01	2.7119e-01	0.447210	2
NPY5R	4	5.1841e-01	2.7119e-01	0.447210	2
C14orf119	4	5.1841e-01	2.7119e-01	0.447210	2
GPRC6A	4	5.1844e-01	2.7119e-01	0.447210	2
EPB41L2	4	5.1845e-01	2.7119e-01	0.447210	1
C19orf35	4	5.1848e-01	2.7119e-01	0.447210	2
PIAS3	4	5.1852e-01	2.7119e-01	0.447210	1
SERPINA6	4	5.1855e-01	2.7119e-01	0.447210	1
BAZ2A	4	5.1873e-01	2.7247e-01	0.448091	2
NTMT1	4	5.1873e-01	2.7247e-01	0.448091	2
KMT2A	4	5.1878e-01	2.7247e-01	0.448091	2
RANBP3L	4	5.1878e-01	2.7247e-01	0.448091	2
NOL4	4	5.1883e-01	2.7247e-01	0.448091	2
MAP1A	4	5.1883e-01	2.7247e-01	0.448091	1
KIAA1210	4	5.1887e-01	2.7247e-01	0.448091	2
AK4	4	5.1895e-01	2.7247e-01	0.448091	2
E2F5	4	5.1897e-01	2.7247e-01	0.448091	1
SPINK7	3	5.1910e-01	2.5834e-01	0.433733	1
CAMKV	4	5.1920e-01	2.7247e-01	0.448091	2
UBXN2A	4	5.1930e-01	2.7247e-01	0.448091	1
SEPTIN14	4	5.1933e-01	2.7247e-01	0.448091	1
TNFRSF14	4	5.1934e-01	2.7247e-01	0.448091	2
MAP3K2	4	5.1936e-01	2.7247e-01	0.448091	2
USP17L11	4	5.1938e-01	2.7247e-01	0.448091	2
XPNPEP3	4	5.1940e-01	2.7247e-01	0.448091	2
FATE1	4	5.1944e-01	2.7247e-01	0.448091	2
PPP1R12C	4	5.1949e-01	2.7247e-01	0.448091	2
CGNL1	4	5.1952e-01	2.7247e-01	0.448091	2
KIAA1033	4	5.1963e-01	2.7247e-01	0.448091	2
KIR2DL1	4	5.1975e-01	2.7247e-01	0.448091	1
CLEC10A	4	5.1976e-01	2.7247e-01	0.448091	2
PLEKHM3	4	5.1978e-01	2.7247e-01	0.448091	2
UNC13B	4	5.1981e-01	2.7247e-01	0.448091	2
PRRC1	4	5.1984e-01	2.7247e-01	0.448091	2
DPF3	4	5.1987e-01	2.7247e-01	0.448091	2
APMAP	4	5.1987e-01	2.7247e-01	0.448091	2
TCEB3CL2	4	5.1999e-01	2.7247e-01	0.448091	2
KCTD8	4	5.2001e-01	2.7247e-01	0.448091	2
TMEM19	4	5.2005e-01	2.7247e-01	0.448091	2
DOK5	4	5.2008e-01	2.7247e-01	0.448091	1
EMC8	4	5.2014e-01	2.7247e-01	0.448091	2
DCAF8	4	5.2019e-01	2.7442e-01	0.451182	1
LRP5	4	5.2025e-01	2.7442e-01	0.451182	1
PRR16	4	5.2043e-01	2.7442e-01	0.451182	2
BEGAIN	4	5.2046e-01	2.7566e-01	0.453069	1
GIN1	4	5.2048e-01	2.7566e-01	0.453069	2
CD3D	4	5.2050e-01	2.7566e-01	0.453069	2
C19orf80	4	5.2057e-01	2.7566e-01	0.453069	2
PRAC1	4	5.2073e-01	2.7698e-01	0.454806	2
SYBU	4	5.2080e-01	2.7698e-01	0.454806	2
RPS6KA1	4	5.2084e-01	2.7698e-01	0.454806	1
GLUD1	4	5.2084e-01	2.7698e-01	0.454806	2
RNF223	4	5.2091e-01	2.7698e-01	0.454806	1
RUNX3	4	5.2102e-01	2.7698e-01	0.454806	2
SCRT2	4	5.2104e-01	2.7698e-01	0.454806	2
IGF2	4	5.2106e-01	2.7698e-01	0.454806	1
KRTAP5-8	4	5.2109e-01	2.7698e-01	0.454806	1
VAV2	4	5.2111e-01	2.7698e-01	0.454806	2
ADCY10	4	5.2122e-01	2.7698e-01	0.454806	2
SUMF1	4	5.2126e-01	2.7890e-01	0.457296	2
OR8S1	4	5.2137e-01	2.7890e-01	0.457296	1
SDR42E1	4	5.2137e-01	2.7890e-01	0.457296	2
FAM43B	4	5.2142e-01	2.7890e-01	0.457296	2
HPSE2	4	5.2144e-01	2.7890e-01	0.457296	2
OR5P2	4	5.2147e-01	2.7890e-01	0.457296	2
PGM2	4	5.2151e-01	2.7890e-01	0.457296	2
GGT6	4	5.2158e-01	2.7890e-01	0.457296	1
OR52K1	4	5.2160e-01	2.7890e-01	0.457296	2
TSPYL1	4	5.2175e-01	2.7890e-01	0.457296	1
KLHL24	4	5.2182e-01	2.7890e-01	0.457296	2
KRTDAP	4	5.2189e-01	2.7890e-01	0.457296	2
IKBIP	4	5.2189e-01	2.7890e-01	0.457296	1
KIAA1109	4	5.2192e-01	2.7890e-01	0.457296	1
CCSER2	4	5.2193e-01	2.7890e-01	0.457296	2
UNC13D	4	5.2193e-01	2.7890e-01	0.457296	2
ATXN3L	4	5.2197e-01	2.7890e-01	0.457296	2
HPGD	4	5.2204e-01	2.8087e-01	0.459335	1
PTGS1	4	5.2212e-01	2.8087e-01	0.459335	1
MGST2	4	5.2215e-01	2.8087e-01	0.459335	2
PTGES2	4	5.2219e-01	2.8087e-01	0.459335	2
IL13RA1	4	5.2228e-01	2.8087e-01	0.459335	1
PCDHA11	4	5.2232e-01	2.8087e-01	0.459335	2
FAM127A	4	5.2236e-01	2.8087e-01	0.459335	2
ZNF132	4	5.2238e-01	2.8087e-01	0.459335	2
SCEL	3	5.2241e-01	2.6010e-01	0.436415	1
BTBD10	4	5.2246e-01	2.8087e-01	0.459335	1
BHLHB9	4	5.2250e-01	2.8087e-01	0.459335	2
PEX5L	4	5.2283e-01	2.8087e-01	0.459335	2
UQCC2	4	5.2288e-01	2.8087e-01	0.459335	1
LMOD3	4	5.2288e-01	2.8087e-01	0.459335	2
LRRC10B	4	5.2294e-01	2.8087e-01	0.459335	2
CNPY3	4	5.2303e-01	2.8087e-01	0.459335	2
ZNF512B	4	5.2312e-01	2.8087e-01	0.459335	2
TNFAIP8L2	4	5.2315e-01	2.8087e-01	0.459335	2
ROGDI	4	5.2319e-01	2.8087e-01	0.459335	2
UIMC1	4	5.2320e-01	2.8087e-01	0.459335	1
H1FNT	4	5.2322e-01	2.8087e-01	0.459335	2
ARL3	4	5.2326e-01	2.8087e-01	0.459335	1
SDCCAG8	4	5.2329e-01	2.8087e-01	0.459335	2
ZKSCAN2	4	5.2341e-01	2.8087e-01	0.459335	1
BTN3A3	4	5.2341e-01	2.8087e-01	0.459335	2
CSF2RB	4	5.2344e-01	2.8087e-01	0.459335	1
LILRB1	4	5.2348e-01	2.8087e-01	0.459335	2
SIM2	4	5.2350e-01	2.8087e-01	0.459335	1
ACTL10	4	5.2354e-01	2.8087e-01	0.459335	2
BRCC3	4	5.2364e-01	2.8087e-01	0.459335	2
WBP1L	4	5.2374e-01	2.8087e-01	0.459335	1
BCL11B	4	5.2383e-01	2.8274e-01	0.460974	2
BCL7A	4	5.2391e-01	2.8274e-01	0.460974	2
UBXN1	4	5.2413e-01	2.8274e-01	0.460974	2
AP5Z1	4	5.2417e-01	2.8274e-01	0.460974	1
NDUFS6	4	5.2420e-01	2.8274e-01	0.460974	2
H2AFJ	4	5.2421e-01	2.8274e-01	0.460974	2
ZFYVE9	4	5.2431e-01	2.8274e-01	0.460974	2
KRTAP5-7	4	5.2433e-01	2.8274e-01	0.460974	2
KLHL7	4	5.2438e-01	2.8274e-01	0.460974	1
HTR1D	4	5.2442e-01	2.8274e-01	0.460974	1
MAPK1IP1L	4	5.2446e-01	2.8274e-01	0.460974	1
NICN1	4	5.2453e-01	2.8274e-01	0.460974	2
NAALAD2	4	5.2454e-01	2.8274e-01	0.460974	2
LTBP4	4	5.2476e-01	2.8274e-01	0.460974	1
PLXNB2	4	5.2484e-01	2.8274e-01	0.460974	1
WDR60	4	5.2487e-01	2.8274e-01	0.460974	1
UCN3	4	5.2495e-01	2.8274e-01	0.460974	1
CUL4B	4	5.2496e-01	2.8274e-01	0.460974	2
FYCO1	4	5.2498e-01	2.8274e-01	0.460974	1
NRBP2	4	5.2505e-01	2.8274e-01	0.460974	2
RAX	4	5.2513e-01	2.8274e-01	0.460974	1
CYFIP2	4	5.2523e-01	2.8274e-01	0.460974	2
AP4E1	4	5.2525e-01	2.8274e-01	0.460974	2
SIK1	4	5.2535e-01	2.8274e-01	0.460974	2
COL5A3	4	5.2538e-01	2.8274e-01	0.460974	2
ELK1	4	5.2543e-01	2.8274e-01	0.460974	2
SLC25A40	4	5.2543e-01	2.8274e-01	0.460974	2
PKP2	4	5.2549e-01	2.8274e-01	0.460974	1
DEFB119	4	5.2553e-01	2.8274e-01	0.460974	2
PRSS56	4	5.2563e-01	2.8274e-01	0.460974	2
ZNF396	4	5.2570e-01	2.8274e-01	0.460974	2
CACNG2	4	5.2575e-01	2.8274e-01	0.460974	2
TBX10	4	5.2578e-01	2.8274e-01	0.460974	1
SDHAF1	4	5.2587e-01	2.8274e-01	0.460974	1
CTNNBIP1	4	5.2601e-01	2.8400e-01	0.462909	2
C1orf100	4	5.2601e-01	2.8400e-01	0.462909	1
TMEM219	4	5.2627e-01	2.8529e-01	0.464981	2
EXPH5	4	5.2654e-01	2.8658e-01	0.466913	2
EGR3	4	5.2655e-01	2.8658e-01	0.466913	2
ADD1	4	5.2674e-01	2.8658e-01	0.466913	1
HTR2C	4	5.2675e-01	2.8658e-01	0.466913	2
GRXCR2	4	5.2681e-01	2.8915e-01	0.470742	2
CEP350	4	5.2691e-01	2.8915e-01	0.470742	1
STARD7	4	5.2699e-01	2.8915e-01	0.470742	2
TNFSF13	4	5.2700e-01	2.8915e-01	0.470742	2
C12orf54	4	5.2706e-01	2.8915e-01	0.470742	2
ZBED2	4	5.2708e-01	2.8915e-01	0.470742	2
DNAAF1	4	5.2711e-01	2.8915e-01	0.470742	1
NME1	4	5.2714e-01	2.8915e-01	0.470742	1
GC	4	5.2720e-01	2.8915e-01	0.470742	1
GDAP1	4	5.2726e-01	2.9106e-01	0.473240	2
PEX1	4	5.2741e-01	2.9106e-01	0.473240	2
SDC1	4	5.2744e-01	2.9106e-01	0.473240	2
HYKK	4	5.2747e-01	2.9106e-01	0.473240	1
TGM5	4	5.2747e-01	2.9106e-01	0.473240	2
ARHGAP42	4	5.2760e-01	2.9106e-01	0.473240	2
NINJ2	4	5.2766e-01	2.9106e-01	0.473240	1
ZFHX2	4	5.2771e-01	2.9106e-01	0.473240	2
SLC27A5	4	5.2779e-01	2.9106e-01	0.473240	1
CD276	4	5.2782e-01	2.9106e-01	0.473240	2
NARR	4	5.2782e-01	2.9106e-01	0.473240	1
ELL	4	5.2784e-01	2.9106e-01	0.473240	2
USP42	3	5.2808e-01	2.6366e-01	0.440656	1
CDK16	4	5.2815e-01	2.9106e-01	0.473240	2
OR10W1	4	5.2820e-01	2.9106e-01	0.473240	2
DUSP13	4	5.2824e-01	2.9234e-01	0.473240	2
DEFA1B	4	5.2831e-01	2.9234e-01	0.473240	1
PPAPDC3	4	5.2833e-01	2.9234e-01	0.473240	2
HNRNPA0	4	5.2853e-01	2.9234e-01	0.473240	1
GOLIM4	4	5.2856e-01	2.9234e-01	0.473240	2
GTF2A1	4	5.2868e-01	2.9234e-01	0.473240	1
APPL2	4	5.2871e-01	2.9234e-01	0.473240	1
COL19A1	4	5.2874e-01	2.9234e-01	0.473240	2
HOXA3	4	5.2898e-01	2.9234e-01	0.473240	2
HELB	4	5.2912e-01	2.9234e-01	0.473240	1
CNTN6	4	5.2915e-01	2.9234e-01	0.473240	2
DPEP3	4	5.2916e-01	2.9234e-01	0.473240	2
PRSS42	4	5.2919e-01	2.9234e-01	0.473240	2
CYB5R3	4	5.2936e-01	2.9234e-01	0.473240	2
CRYL1	4	5.2942e-01	2.9234e-01	0.473240	2
C3orf56	4	5.2942e-01	2.9234e-01	0.473240	2
DCLRE1C	4	5.2959e-01	2.9234e-01	0.473240	1
ECE1	4	5.2990e-01	2.9234e-01	0.473240	2
PRAMEF2	4	5.2996e-01	2.9234e-01	0.473240	2
ADGRA2	4	5.3008e-01	2.9234e-01	0.473240	2
C17orf107	4	5.3012e-01	2.9234e-01	0.473240	1
OXNAD1	4	5.3044e-01	2.9234e-01	0.473240	1
MPND	4	5.3045e-01	2.9234e-01	0.473240	2
TMEM215	4	5.3047e-01	2.9234e-01	0.473240	1
TMEM72	4	5.3061e-01	2.9234e-01	0.473240	2
CPN1	4	5.3062e-01	2.9234e-01	0.473240	1
YWHAB	4	5.3072e-01	2.9234e-01	0.473240	2
APOBEC3G	4	5.3081e-01	2.9234e-01	0.473240	2
PIN4	4	5.3090e-01	2.9234e-01	0.473240	2
IL17C	4	5.3091e-01	2.9234e-01	0.473240	1
SLC9A7	4	5.3095e-01	2.9234e-01	0.473240	2
ZNF727	4	5.3100e-01	2.9234e-01	0.473240	2
MBLAC2	4	5.3107e-01	2.9234e-01	0.473240	2
C2CD4B	4	5.3112e-01	2.9234e-01	0.473240	2
ALK	4	5.3115e-01	2.9234e-01	0.473240	2
PLXNB1	4	5.3119e-01	2.9234e-01	0.473240	2
CIITA	4	5.3121e-01	2.9234e-01	0.473240	1
H3F3B	4	5.3131e-01	2.9234e-01	0.473240	1
ARPP21	4	5.3141e-01	2.9234e-01	0.473240	1
STX19	4	5.3161e-01	2.9234e-01	0.473240	2
TMEM199	4	5.3164e-01	2.9234e-01	0.473240	2
TTC23	4	5.3167e-01	2.9234e-01	0.473240	2
CNOT7	4	5.3169e-01	2.9234e-01	0.473240	2
NXPH1	4	5.3173e-01	2.9234e-01	0.473240	1
ANGPTL7	4	5.3176e-01	2.9234e-01	0.473240	2
IMPA2	4	5.3182e-01	2.9234e-01	0.473240	2
NOSIP	4	5.3182e-01	2.9234e-01	0.473240	2
DUS4L	4	5.3186e-01	2.9234e-01	0.473240	2
RDH10	4	5.3194e-01	2.9234e-01	0.473240	1
MYO5B	4	5.3199e-01	2.9234e-01	0.473240	2
TXLNA	4	5.3207e-01	2.9234e-01	0.473240	2
PABPC5	4	5.3211e-01	2.9234e-01	0.473240	2
CSTF2	4	5.3231e-01	2.9234e-01	0.473240	2
NCAM2	4	5.3251e-01	2.9419e-01	0.475829	2
KLHL6	4	5.3252e-01	2.9419e-01	0.475829	1
OR2AG2	4	5.3255e-01	2.9419e-01	0.475829	1
SLC17A3	4	5.3273e-01	2.9419e-01	0.475829	2
KIF21B	4	5.3276e-01	2.9419e-01	0.475829	1
PRR35	4	5.3280e-01	2.9419e-01	0.475829	2
MAP7D2	4	5.3282e-01	2.9419e-01	0.475829	2
THOC6	4	5.3288e-01	2.9419e-01	0.475829	1
METTL7A	4	5.3293e-01	2.9419e-01	0.475829	1
SEBOX	4	5.3299e-01	2.9419e-01	0.475829	1
KCND1	4	5.3305e-01	2.9548e-01	0.477719	2
FDX1	4	5.3314e-01	2.9548e-01	0.477719	1
IKZF4	4	5.3314e-01	2.9548e-01	0.477719	2
TMEM184A	4	5.3343e-01	2.9548e-01	0.477719	1
AMER2	4	5.3344e-01	2.9548e-01	0.477719	2
HIST1H1E	4	5.3358e-01	2.9864e-01	0.480821	2
TMPRSS13	4	5.3372e-01	2.9864e-01	0.480821	2
GALNT9	4	5.3380e-01	2.9864e-01	0.480821	1
CELF3	4	5.3384e-01	2.9864e-01	0.480821	2
SLC1A7	4	5.3388e-01	2.9864e-01	0.480821	1
TRO	4	5.3402e-01	2.9864e-01	0.480821	1
ALB	4	5.3413e-01	2.9864e-01	0.480821	2
TOR1A	4	5.3416e-01	2.9864e-01	0.480821	2
GPR179	4	5.3422e-01	2.9864e-01	0.480821	2
EXOC1	4	5.3424e-01	2.9864e-01	0.480821	2
SPAM1	4	5.3428e-01	2.9864e-01	0.480821	1
ZNF790	4	5.3430e-01	2.9864e-01	0.480821	2
SLC7A13	4	5.3432e-01	2.9864e-01	0.480821	1
LPAR3	4	5.3436e-01	2.9864e-01	0.480821	2
NKX1-1	4	5.3437e-01	2.9864e-01	0.480821	1
CA13	4	5.3441e-01	2.9864e-01	0.480821	1
FLJ45513	4	5.3444e-01	2.9864e-01	0.480821	2
DRD2	4	5.3453e-01	2.9864e-01	0.480821	2
HEXIM1	4	5.3462e-01	2.9864e-01	0.480821	2
DSG1	4	5.3476e-01	2.9864e-01	0.480821	1
KRT32	4	5.3480e-01	2.9864e-01	0.480821	2
CPA2	4	5.3486e-01	2.9864e-01	0.480821	1
C2CD3	4	5.3486e-01	2.9864e-01	0.480821	1
SLC25A24	4	5.3489e-01	2.9864e-01	0.480821	2
ZNF765	4	5.3491e-01	2.9864e-01	0.480821	2
SERPINB5	4	5.3505e-01	2.9864e-01	0.480821	1
FUT7	4	5.3505e-01	2.9864e-01	0.480821	2
DPY19L3	4	5.3507e-01	2.9864e-01	0.480821	2
MAP2K3	4	5.3513e-01	2.9864e-01	0.480821	2
NT5C2	4	5.3516e-01	2.9864e-01	0.480821	2
ZSCAN9	4	5.3519e-01	2.9864e-01	0.480821	2
U2AF1L4	4	5.3543e-01	2.9864e-01	0.480821	2
TSPAN31	4	5.3545e-01	2.9864e-01	0.480821	2
C8orf86	4	5.3549e-01	2.9864e-01	0.480821	2
PTGER3	4	5.3550e-01	2.9864e-01	0.480821	1
XAGE2	4	5.3553e-01	2.9864e-01	0.480821	1
SUSD6	4	5.3559e-01	2.9989e-01	0.480821	1
BTAF1	4	5.3562e-01	2.9989e-01	0.480821	2
LY9	4	5.3565e-01	2.9989e-01	0.480821	1
SSC5D	4	5.3568e-01	2.9989e-01	0.480821	1
HSPB1	4	5.3581e-01	2.9989e-01	0.480821	2
PHF11	4	5.3582e-01	2.9989e-01	0.480821	2
TNNT1	4	5.3591e-01	2.9989e-01	0.480821	2
AKNAD1	4	5.3596e-01	2.9989e-01	0.480821	2
SNX25	4	5.3598e-01	2.9989e-01	0.480821	2
AHCYL2	4	5.3600e-01	2.9989e-01	0.480821	2
ACOT11	4	5.3603e-01	2.9989e-01	0.480821	1
CCNB3	4	5.3608e-01	2.9989e-01	0.480821	2
GPR32	4	5.3620e-01	2.9989e-01	0.480821	2
BNIP3L	4	5.3620e-01	2.9989e-01	0.480821	2
AOC3	4	5.3630e-01	2.9989e-01	0.480821	2
IGFL2	4	5.3642e-01	2.9989e-01	0.480821	2
FANCB	4	5.3658e-01	2.9989e-01	0.480821	1
USP17L1	4	5.3660e-01	2.9989e-01	0.480821	2
VWF	4	5.3661e-01	2.9989e-01	0.480821	1
ETV7	4	5.3668e-01	2.9989e-01	0.480821	2
NEIL1	4	5.3680e-01	2.9989e-01	0.480821	2
COL13A1	4	5.3687e-01	2.9989e-01	0.480821	1
SULT1A1	4	5.3699e-01	2.9989e-01	0.480821	1
DFNB31	4	5.3702e-01	2.9989e-01	0.480821	1
SCGB3A2	4	5.3709e-01	2.9989e-01	0.480821	2
C2CD5	4	5.3711e-01	2.9989e-01	0.480821	2
RAET1G	4	5.3718e-01	2.9989e-01	0.480821	2
IGF2BP3	4	5.3722e-01	2.9989e-01	0.480821	1
SLC25A6	4	5.3731e-01	2.9989e-01	0.480821	1
HLA-G	4	5.3731e-01	2.9989e-01	0.480821	2
FBXO31	4	5.3740e-01	2.9989e-01	0.480821	2
BCKDHB	4	5.3757e-01	2.9989e-01	0.480821	1
NEIL3	4	5.3761e-01	2.9989e-01	0.480821	2
DYDC2	4	5.3763e-01	2.9989e-01	0.480821	1
MGEA5	4	5.3769e-01	2.9989e-01	0.480821	1
PRR20A	4	5.3778e-01	2.9989e-01	0.480821	2
PCDHGB6	4	5.3780e-01	2.9989e-01	0.480821	2
GPR101	4	5.3786e-01	2.9989e-01	0.480821	2
TBC1D29	4	5.3789e-01	2.9989e-01	0.480821	2
OR1N2	4	5.3789e-01	2.9989e-01	0.480821	2
C17orf85	4	5.3795e-01	2.9989e-01	0.480821	2
SAT1	4	5.3800e-01	2.9989e-01	0.480821	2
FAM156B	4	5.3803e-01	2.9989e-01	0.480821	2
ANO10	4	5.3815e-01	2.9989e-01	0.480821	1
NKX6-1	4	5.3820e-01	2.9989e-01	0.480821	2
ANKRA2	4	5.3828e-01	2.9989e-01	0.480821	2
TRIM26	4	5.3850e-01	2.9989e-01	0.480821	2
MAPK12	4	5.3853e-01	2.9989e-01	0.480821	2
TOPORS	4	5.3856e-01	2.9989e-01	0.480821	2
THEG	4	5.3871e-01	2.9989e-01	0.480821	2
DZIP1	4	5.3874e-01	2.9989e-01	0.480821	2
CD79B	4	5.3878e-01	2.9989e-01	0.480821	2
KMO	4	5.3896e-01	2.9989e-01	0.480821	2
RELT	4	5.3898e-01	2.9989e-01	0.480821	2
CXCL16	4	5.3900e-01	2.9989e-01	0.480821	2
PANX1	4	5.3903e-01	2.9989e-01	0.480821	2
DRAP1	4	5.3903e-01	2.9989e-01	0.480821	1
TMEM128	4	5.3903e-01	2.9989e-01	0.480821	2
USP9X	4	5.3905e-01	2.9989e-01	0.480821	2
SP3	4	5.3914e-01	2.9989e-01	0.480821	2
CACNG8	4	5.3918e-01	2.9989e-01	0.480821	1
TAS2R31	4	5.3918e-01	2.9989e-01	0.480821	2
RBM7	4	5.3928e-01	2.9989e-01	0.480821	2
SPATA31C2	4	5.3935e-01	3.0082e-01	0.482056	1
GAD1	4	5.3946e-01	3.0175e-01	0.482056	2
CYP4B1	4	5.3949e-01	3.0175e-01	0.482056	2
MFSD3	4	5.3950e-01	3.0175e-01	0.482056	2
SLC25A2	4	5.3951e-01	3.0175e-01	0.482056	2
UPK1A	4	5.3954e-01	3.0175e-01	0.482056	2
TMEM190	4	5.3956e-01	3.0175e-01	0.482056	2
PCDH10	4	5.3957e-01	3.0175e-01	0.482056	2
CCDC38	4	5.3958e-01	3.0175e-01	0.482056	2
CTTNBP2	4	5.3960e-01	3.0175e-01	0.482056	2
OR5I1	4	5.3977e-01	3.0175e-01	0.482056	2
HAS2	4	5.3980e-01	3.0175e-01	0.482056	2
HPCAL1	4	5.4000e-01	3.0175e-01	0.482056	1
ZNF649	4	5.4007e-01	3.0175e-01	0.482056	2
C12orf73	4	5.4009e-01	3.0175e-01	0.482056	2
IFI30	4	5.4016e-01	3.0175e-01	0.482056	2
UXS1	4	5.4018e-01	3.0175e-01	0.482056	2
GALNT13	4	5.4020e-01	3.0175e-01	0.482056	2
SLC7A8	4	5.4026e-01	3.0175e-01	0.482056	1
SNTN	4	5.4032e-01	3.0175e-01	0.482056	1
CCBE1	4	5.4042e-01	3.0175e-01	0.482056	2
PHOX2B	4	5.4049e-01	3.0175e-01	0.482056	2
IL20	4	5.4050e-01	3.0175e-01	0.482056	1
HPS6	4	5.4064e-01	3.0175e-01	0.482056	1
REPS2	4	5.4065e-01	3.0175e-01	0.482056	2
GNAL	4	5.4070e-01	3.0175e-01	0.482056	1
SPATA13	4	5.4070e-01	3.0175e-01	0.482056	2
C16orf52	4	5.4073e-01	3.0175e-01	0.482056	2
GNG8	4	5.4077e-01	3.0175e-01	0.482056	2
ELMOD3	4	5.4081e-01	3.0175e-01	0.482056	1
CD5L	4	5.4096e-01	3.0175e-01	0.482056	1
UPF3B	4	5.4104e-01	3.0175e-01	0.482056	1
CIC	4	5.4113e-01	3.0175e-01	0.482056	2
ENPP6	4	5.4113e-01	3.0175e-01	0.482056	2
MAP3K1	4	5.4117e-01	3.0175e-01	0.482056	1
FRMPD1	4	5.4118e-01	3.0175e-01	0.482056	2
GRPEL2	4	5.4122e-01	3.0175e-01	0.482056	1
STX1B	4	5.4124e-01	3.0175e-01	0.482056	2
PSD2	4	5.4128e-01	3.0175e-01	0.482056	2
KLHL17	4	5.4142e-01	3.0175e-01	0.482056	2
TMEM179	4	5.4158e-01	3.0175e-01	0.482056	2
AGER	4	5.4159e-01	3.0175e-01	0.482056	1
SFXN4	4	5.4171e-01	3.0175e-01	0.482056	2
SPDYA	4	5.4184e-01	3.0362e-01	0.484882	2
CCT8L2	4	5.4187e-01	3.0362e-01	0.484882	2
NAA16	4	5.4194e-01	3.0362e-01	0.484882	1
PPP3CC	4	5.4205e-01	3.0362e-01	0.484882	1
HCAR2	4	5.4211e-01	3.0546e-01	0.486762	2
ARHGEF33	4	5.4213e-01	3.0546e-01	0.486762	2
ZNF439	4	5.4217e-01	3.0546e-01	0.486762	2
SELT	4	5.4224e-01	3.0546e-01	0.486762	2
POU2F3	4	5.4239e-01	3.0546e-01	0.486762	2
C6orf201	4	5.4252e-01	3.0546e-01	0.486762	2
CNBD2	4	5.4257e-01	3.0546e-01	0.486762	1
OR13C3	4	5.4263e-01	3.0546e-01	0.486762	1
OR2W3	4	5.4266e-01	3.0546e-01	0.486762	1
PLEKHG7	4	5.4269e-01	3.0546e-01	0.486762	2
PAPD7	4	5.4291e-01	3.0546e-01	0.486762	2
GPR31	4	5.4305e-01	3.0546e-01	0.486762	2
DAO	4	5.4309e-01	3.0546e-01	0.486762	2
FSIP2	4	5.4311e-01	3.0546e-01	0.486762	2
PLEKHA7	4	5.4319e-01	3.0546e-01	0.486762	1
C22orf23	4	5.4329e-01	3.0546e-01	0.486762	1
REV1	4	5.4335e-01	3.0546e-01	0.486762	2
HS3ST5	4	5.4349e-01	3.0546e-01	0.486762	1
C11orf84	4	5.4354e-01	3.0546e-01	0.486762	2
CYP2C18	4	5.4357e-01	3.0546e-01	0.486762	2
CYP26A1	4	5.4361e-01	3.0546e-01	0.486762	2
ZNF823	4	5.4361e-01	3.0546e-01	0.486762	1
ATXN1L	4	5.4364e-01	3.0546e-01	0.486762	2
NRL	4	5.4367e-01	3.0546e-01	0.486762	1
CCNI2	4	5.4373e-01	3.0546e-01	0.486762	2
UNC93A	4	5.4375e-01	3.0546e-01	0.486762	2
RTCA	4	5.4382e-01	3.0674e-01	0.486783	2
CCNG2	4	5.4385e-01	3.0674e-01	0.486783	2
SH3KBP1	4	5.4393e-01	3.0674e-01	0.486783	1
SCN7A	4	5.4399e-01	3.0674e-01	0.486783	2
CD59	4	5.4416e-01	3.0674e-01	0.486783	1
MPC1	4	5.4418e-01	3.0674e-01	0.486783	1
OR51G1	4	5.4419e-01	3.0674e-01	0.486783	2
ASB3	4	5.4424e-01	3.0674e-01	0.486783	2
ZXDB	4	5.4430e-01	3.0674e-01	0.486783	1
RGS19	4	5.4434e-01	3.0674e-01	0.486783	2
L3MBTL1	4	5.4435e-01	3.0674e-01	0.486783	2
FUT6	4	5.4441e-01	3.0674e-01	0.486783	2
ISYNA1	4	5.4441e-01	3.0674e-01	0.486783	2
BMPER	4	5.4441e-01	3.0674e-01	0.486783	2
FAM129B	4	5.4451e-01	3.0674e-01	0.486783	2
ZNF611	4	5.4465e-01	3.0674e-01	0.486783	2
IFIT3	4	5.4470e-01	3.0674e-01	0.486783	2
SIL1	4	5.4472e-01	3.0674e-01	0.486783	2
ZSCAN5A	4	5.4473e-01	3.0674e-01	0.486783	1
CELA3B	4	5.4475e-01	3.0674e-01	0.486783	2
TRNP1	4	5.4481e-01	3.0674e-01	0.486783	2
CSF2RA	4	5.4495e-01	3.0674e-01	0.486783	2
SFTPA1	4	5.4515e-01	3.0674e-01	0.486783	2
ABHD16A	4	5.4519e-01	3.0674e-01	0.486783	2
CHRNB3	4	5.4523e-01	3.0674e-01	0.486783	2
ADH4	4	5.4532e-01	3.0674e-01	0.486783	2
DACT2	4	5.4536e-01	3.0674e-01	0.486783	2
INPPL1	4	5.4537e-01	3.0674e-01	0.486783	2
EMC10	4	5.4540e-01	3.0674e-01	0.486783	1
ZBTB8B	4	5.4541e-01	3.0674e-01	0.486783	2
PKD1L3	4	5.4543e-01	3.0674e-01	0.486783	2
APOL1	4	5.4548e-01	3.0674e-01	0.486783	2
KRTAP12-2	4	5.4550e-01	3.0674e-01	0.486783	1
GABRA6	4	5.4553e-01	3.0674e-01	0.486783	2
NKX2-2	4	5.4557e-01	3.0674e-01	0.486783	2
OS9	4	5.4563e-01	3.0674e-01	0.486783	2
RPL22L1	4	5.4565e-01	3.0674e-01	0.486783	2
OR51S1	4	5.4573e-01	3.0674e-01	0.486783	1
SLC30A9	4	5.4578e-01	3.0674e-01	0.486783	2
FSTL3	4	5.4581e-01	3.0674e-01	0.486783	2
RGS14	4	5.4585e-01	3.0674e-01	0.486783	1
LMX1B	4	5.4591e-01	3.0674e-01	0.486783	2
CD300LF	4	5.4596e-01	3.0674e-01	0.486783	2
PROZ	4	5.4606e-01	3.0674e-01	0.486783	2
TANK	4	5.4607e-01	3.0674e-01	0.486783	2
AP1S1	4	5.4614e-01	3.0674e-01	0.486783	2
NAPB	4	5.4622e-01	3.0674e-01	0.486783	1
ZNF845	4	5.4625e-01	3.0858e-01	0.488530	2
KRTAP1-1	4	5.4628e-01	3.0858e-01	0.488530	2
IDUA	4	5.4634e-01	3.0858e-01	0.488530	2
GAS8	4	5.4648e-01	3.0858e-01	0.488530	1
ZNF414	4	5.4656e-01	3.0858e-01	0.488530	1
CERK	4	5.4659e-01	3.0858e-01	0.488530	1
PAPL	4	5.4665e-01	3.0858e-01	0.488530	2
PDCD1LG2	4	5.4675e-01	3.0858e-01	0.488530	1
SYNE1	4	5.4680e-01	3.0858e-01	0.488530	2
RAB27A	4	5.4694e-01	3.0858e-01	0.488530	1
TARP	4	5.4700e-01	3.0858e-01	0.488530	2
TTC39A	4	5.4714e-01	3.0858e-01	0.488530	2
C1orf210	4	5.4720e-01	3.0858e-01	0.488530	2
MC5R	4	5.4722e-01	3.0858e-01	0.488530	1
CD48	4	5.4728e-01	3.0858e-01	0.488530	1
ABI2	4	5.4734e-01	3.0858e-01	0.488530	2
PYGO1	4	5.4751e-01	3.0858e-01	0.488530	2
KRTAP5-2	4	5.4772e-01	3.1043e-01	0.488530	2
CADPS	4	5.4774e-01	3.1043e-01	0.488530	2
SCGB2A1	4	5.4778e-01	3.1043e-01	0.488530	2
LILRA4	4	5.4780e-01	3.1043e-01	0.488530	2
CCND3	4	5.4782e-01	3.1043e-01	0.488530	2
PDCL2	4	5.4793e-01	3.1043e-01	0.488530	2
RDH8	4	5.4795e-01	3.1043e-01	0.488530	2
CBLB	4	5.4800e-01	3.1043e-01	0.488530	2
ITGB7	4	5.4806e-01	3.1043e-01	0.488530	2
CLEC4M	4	5.4806e-01	3.1043e-01	0.488530	1
MGMT	4	5.4813e-01	3.1043e-01	0.488530	2
ADCY1	4	5.4822e-01	3.1043e-01	0.488530	2
ACMSD	4	5.4825e-01	3.1043e-01	0.488530	1
IL18BP	4	5.4829e-01	3.1043e-01	0.488530	2
PTH2R	4	5.4836e-01	3.1043e-01	0.488530	2
HOXB8	4	5.4837e-01	3.1043e-01	0.488530	2
RNASEH1	4	5.4840e-01	3.1043e-01	0.488530	2
EMID1	4	5.4841e-01	3.1043e-01	0.488530	2
ARHGAP8	4	5.4862e-01	3.1043e-01	0.488530	2
B3GALTL	4	5.4879e-01	3.1043e-01	0.488530	2
LOXL4	4	5.4886e-01	3.1043e-01	0.488530	1
FNDC1	4	5.4899e-01	3.1043e-01	0.488530	2
IL2RG	4	5.4899e-01	3.1043e-01	0.488530	2
NCAM1	4	5.4925e-01	3.1043e-01	0.488530	2
ALDOB	4	5.4936e-01	3.1043e-01	0.488530	1
TMEM98	4	5.4942e-01	3.1043e-01	0.488530	2
LY6K	4	5.4955e-01	3.1043e-01	0.488530	1
KIAA2022	4	5.4963e-01	3.1043e-01	0.488530	2
SH3BP4	4	5.4974e-01	3.1043e-01	0.488530	2
C11orf74	4	5.4980e-01	3.1043e-01	0.488530	2
PRR14L	4	5.4980e-01	3.1043e-01	0.488530	2
ZNF570	4	5.4993e-01	3.1043e-01	0.488530	1
PPP3CB	4	5.4996e-01	3.1043e-01	0.488530	2
VWA8	4	5.4999e-01	3.1043e-01	0.488530	2
DENND1A	4	5.4999e-01	3.1043e-01	0.488530	1
UBE2D4	4	5.5005e-01	3.1043e-01	0.488530	1
ESR2	4	5.5012e-01	3.1043e-01	0.488530	2
TGFBR3L	4	5.5022e-01	3.1043e-01	0.488530	2
CNTN1	4	5.5032e-01	3.1043e-01	0.488530	2
COX16	4	5.5036e-01	3.1043e-01	0.488530	2
PPID	4	5.5038e-01	3.1043e-01	0.488530	2
DDR1	4	5.5041e-01	3.1043e-01	0.488530	2
OXER1	4	5.5047e-01	3.1043e-01	0.488530	2
EYA1	4	5.5060e-01	3.1043e-01	0.488530	2
MEIG1	4	5.5066e-01	3.1043e-01	0.488530	1
IFI27L2	4	5.5078e-01	3.1043e-01	0.488530	2
T	4	5.5085e-01	3.1043e-01	0.488530	2
SGCB	4	5.5096e-01	3.1043e-01	0.488530	2
ZNF69	4	5.5127e-01	3.1043e-01	0.488530	2
ZCCHC2	4	5.5145e-01	3.1043e-01	0.488530	1
DPP6	4	5.5145e-01	3.1043e-01	0.488530	1
ACOX3	4	5.5146e-01	3.1043e-01	0.488530	2
DOK3	4	5.5155e-01	3.1043e-01	0.488530	1
CFHR2	4	5.5164e-01	3.1043e-01	0.488530	2
PROSER3	4	5.5166e-01	3.1043e-01	0.488530	1
FOXB1	4	5.5171e-01	3.1043e-01	0.488530	1
ADGRA3	4	5.5173e-01	3.1043e-01	0.488530	2
CCDC57	4	5.5175e-01	3.1043e-01	0.488530	2
TEX37	4	5.5181e-01	3.1043e-01	0.488530	1
FOXJ2	4	5.5197e-01	3.1043e-01	0.488530	2
ELK4	4	5.5214e-01	3.1043e-01	0.488530	2
MSH5	4	5.5219e-01	3.1043e-01	0.488530	2
ST5	4	5.5221e-01	3.1043e-01	0.488530	2
FBXO42	4	5.5227e-01	3.1043e-01	0.488530	2
SCPEP1	4	5.5230e-01	3.1043e-01	0.488530	2
MXRA5	4	5.5234e-01	3.1043e-01	0.488530	2
CISH	4	5.5235e-01	3.1043e-01	0.488530	1
CLDN16	4	5.5243e-01	3.1043e-01	0.488530	1
PLCZ1	4	5.5246e-01	3.1043e-01	0.488530	2
INTU	4	5.5247e-01	3.1043e-01	0.488530	1
BIN3	4	5.5249e-01	3.1043e-01	0.488530	2
UQCRC2	4	5.5257e-01	3.1043e-01	0.488530	2
EVI5L	4	5.5260e-01	3.1043e-01	0.488530	2
ZNF264	4	5.5260e-01	3.1043e-01	0.488530	1
MAP1B	4	5.5265e-01	3.1043e-01	0.488530	2
TRIM3	4	5.5270e-01	3.1043e-01	0.488530	2
GPR15	4	5.5270e-01	3.1043e-01	0.488530	1
ARHGAP20	4	5.5286e-01	3.1043e-01	0.488530	1
AHDC1	4	5.5289e-01	3.1043e-01	0.488530	2
ZNF737	4	5.5293e-01	3.1043e-01	0.488530	2
TDRP	4	5.5294e-01	3.1043e-01	0.488530	1
ADH7	4	5.5300e-01	3.1043e-01	0.488530	2
HOXD4	4	5.5310e-01	3.1043e-01	0.488530	2
KRTAP8-1	4	5.5317e-01	3.1043e-01	0.488530	2
ATP1A4	4	5.5338e-01	3.1168e-01	0.489654	2
MFSD9	4	5.5345e-01	3.1168e-01	0.489654	2
DCN	4	5.5349e-01	3.1168e-01	0.489654	2
ODF4	4	5.5359e-01	3.1168e-01	0.489654	1
POTEE	4	5.5370e-01	3.1168e-01	0.489654	2
DEFB110	4	5.5371e-01	3.1168e-01	0.489654	2
RBM3	4	5.5382e-01	3.1168e-01	0.489654	1
PLIN2	4	5.5382e-01	3.1168e-01	0.489654	2
C2CD4A	4	5.5384e-01	3.1168e-01	0.489654	2
MCU	4	5.5385e-01	3.1168e-01	0.489654	1
MRGPRX3	4	5.5396e-01	3.1168e-01	0.489654	2
LYPLA2	4	5.5399e-01	3.1168e-01	0.489654	1
KLK15	4	5.5407e-01	3.1168e-01	0.489654	2
TNFSF10	4	5.5410e-01	3.1168e-01	0.489654	2
INSL3	4	5.5415e-01	3.1168e-01	0.489654	2
AICDA	4	5.5422e-01	3.1168e-01	0.489654	2
FMR1	4	5.5430e-01	3.1168e-01	0.489654	1
ADAM23	4	5.5439e-01	3.1168e-01	0.489654	2
RP1	4	5.5442e-01	3.1168e-01	0.489654	2
ABCC10	4	5.5453e-01	3.1168e-01	0.489654	2
CD24	4	5.5464e-01	3.1352e-01	0.490898	2
SLC5A8	4	5.5466e-01	3.1352e-01	0.490898	2
ANP32C	4	5.5468e-01	3.1352e-01	0.490898	2
WASF3	4	5.5469e-01	3.1352e-01	0.490898	2
PPP1R37	4	5.5470e-01	3.1352e-01	0.490898	2
VTI1B	4	5.5472e-01	3.1352e-01	0.490898	1
WDR17	4	5.5477e-01	3.1352e-01	0.490898	2
ENTPD3	4	5.5478e-01	3.1352e-01	0.490898	1
DNAJC25	4	5.5480e-01	3.1352e-01	0.490898	2
KRT6A	4	5.5488e-01	3.1352e-01	0.490898	2
EHD2	4	5.5492e-01	3.1352e-01	0.490898	1
BCL10	4	5.5498e-01	3.1352e-01	0.490898	2
LOC728392	4	5.5498e-01	3.1352e-01	0.490898	2
ZNF485	4	5.5500e-01	3.1352e-01	0.490898	1
PLSCR5	4	5.5505e-01	3.1352e-01	0.490898	1
RDH14	4	5.5509e-01	3.1352e-01	0.490898	1
C6	4	5.5516e-01	3.1352e-01	0.490898	1
TMEM125	4	5.5522e-01	3.1352e-01	0.490898	1
ZNF592	4	5.5537e-01	3.1352e-01	0.490898	2
PIWIL1	4	5.5543e-01	3.1352e-01	0.490898	2
RANBP17	4	5.5552e-01	3.1352e-01	0.490898	2
CDKL1	4	5.5563e-01	3.1352e-01	0.490898	2
POGLUT1	4	5.5572e-01	3.1352e-01	0.490898	1
MRPS28	4	5.5574e-01	3.1352e-01	0.490898	2
ARRB1	4	5.5578e-01	3.1352e-01	0.490898	2
KCTD7	4	5.5589e-01	3.1352e-01	0.490898	2
LCAT	4	5.5596e-01	3.1352e-01	0.490898	1
C9orf16	4	5.5602e-01	3.1352e-01	0.490898	2
COLEC11	4	5.5605e-01	3.1352e-01	0.490898	1
HEATR4	4	5.5609e-01	3.1352e-01	0.490898	2
LCE2D	4	5.5613e-01	3.1352e-01	0.490898	1
LDHC	4	5.5615e-01	3.1352e-01	0.490898	2
AGAP2	4	5.5625e-01	3.1352e-01	0.490898	2
TAS2R38	4	5.5633e-01	3.1352e-01	0.490898	2
TRIM17	4	5.5640e-01	3.1352e-01	0.490898	2
MAP3K10	4	5.5641e-01	3.1352e-01	0.490898	2
KCTD18	4	5.5644e-01	3.1352e-01	0.490898	2
OR51A7	4	5.5651e-01	3.1352e-01	0.490898	2
DNAJB14	4	5.5651e-01	3.1352e-01	0.490898	2
F2RL1	4	5.5657e-01	3.1352e-01	0.490898	2
LDB3	4	5.5664e-01	3.1352e-01	0.490898	2
ZKSCAN4	4	5.5668e-01	3.1483e-01	0.491745	2
TIGIT	4	5.5687e-01	3.1483e-01	0.491745	2
KDM5B	4	5.5692e-01	3.1483e-01	0.491745	2
AGBL4	4	5.5700e-01	3.1483e-01	0.491745	1
SLX1B	4	5.5709e-01	3.1483e-01	0.491745	2
CAPN2	4	5.5714e-01	3.1483e-01	0.491745	2
IGIP	4	5.5717e-01	3.1483e-01	0.491745	2
TJP1	4	5.5723e-01	3.1483e-01	0.491745	1
PSMB9	4	5.5723e-01	3.1483e-01	0.491745	2
HDAC2	4	5.5727e-01	3.1483e-01	0.491745	2
NDUFA6	4	5.5731e-01	3.1483e-01	0.491745	2
TMEM33	4	5.5736e-01	3.1483e-01	0.491745	2
ANKK1	4	5.5739e-01	3.1483e-01	0.491745	2
LOC730159	4	5.5743e-01	3.1483e-01	0.491745	1
TMEM198	4	5.5747e-01	3.1483e-01	0.491745	2
MT1X	4	5.5754e-01	3.1483e-01	0.491745	2
SEPTIN12	4	5.5757e-01	3.1483e-01	0.491745	2
ROPN1B	4	5.5757e-01	3.1483e-01	0.491745	2
SCN1A	4	5.5761e-01	3.1483e-01	0.491745	2
LOC441155	4	5.5764e-01	3.1483e-01	0.491745	2
PLCL2	4	5.5764e-01	3.1483e-01	0.491745	2
GJA9	4	5.5764e-01	3.1483e-01	0.491745	2
GNB5	4	5.5768e-01	3.1483e-01	0.491745	2
CHRNE	4	5.5776e-01	3.1666e-01	0.491745	1
C20orf85	4	5.5776e-01	3.1666e-01	0.491745	2
C14orf28	4	5.5787e-01	3.1666e-01	0.491745	2
IGFL3	4	5.5798e-01	3.1666e-01	0.491745	2
OR1J1	4	5.5807e-01	3.1666e-01	0.491745	1
SNX32	4	5.5816e-01	3.1666e-01	0.491745	2
BEST2	4	5.5818e-01	3.1666e-01	0.491745	2
PIK3R6	4	5.5834e-01	3.1666e-01	0.491745	2
LARP6	4	5.5856e-01	3.1666e-01	0.491745	1
NCR3LG1	4	5.5860e-01	3.1666e-01	0.491745	2
CLDN2	4	5.5863e-01	3.1666e-01	0.491745	2
UBAC1	4	5.5866e-01	3.1666e-01	0.491745	2
FAM168B	4	5.5869e-01	3.1666e-01	0.491745	2
MAGEA5	4	5.5869e-01	3.1666e-01	0.491745	2
ATP8A2	4	5.5872e-01	3.1666e-01	0.491745	2
LRP1B	4	5.5881e-01	3.1666e-01	0.491745	2
FAM166B	4	5.5884e-01	3.1666e-01	0.491745	2
BTNL2	4	5.5886e-01	3.1666e-01	0.491745	1
SHC3	4	5.5897e-01	3.1666e-01	0.491745	1
CYCS	4	5.5905e-01	3.1666e-01	0.491745	1
TBC1D19	4	5.5922e-01	3.1666e-01	0.491745	2
IRF6	4	5.5926e-01	3.1666e-01	0.491745	2
THEMIS2	4	5.5934e-01	3.1666e-01	0.491745	2
SBNO2	4	5.5938e-01	3.1666e-01	0.491745	2
CHD6	4	5.5941e-01	3.1666e-01	0.491745	2
TRIM40	4	5.5943e-01	3.1666e-01	0.491745	2
WFDC8	4	5.5961e-01	3.1666e-01	0.491745	1
MCCC1	4	5.5973e-01	3.1666e-01	0.491745	2
MTMR14	4	5.5978e-01	3.1666e-01	0.491745	2
RAB4A	4	5.5984e-01	3.1666e-01	0.491745	1
TMEM38B	4	5.5999e-01	3.1666e-01	0.491745	2
PDGFC	4	5.6006e-01	3.1666e-01	0.491745	2
SLC30A3	4	5.6009e-01	3.1666e-01	0.491745	2
CWF19L1	4	5.6009e-01	3.1666e-01	0.491745	1
RBMY1F	4	5.6021e-01	3.1666e-01	0.491745	2
AVPR1A	4	5.6027e-01	3.1666e-01	0.491745	1
OR52B4	4	5.6039e-01	3.1666e-01	0.491745	2
AGPAT9	4	5.6042e-01	3.1666e-01	0.491745	1
CGB1	4	5.6048e-01	3.1798e-01	0.491745	2
DTNBP1	4	5.6059e-01	3.1798e-01	0.491745	1
SYAP1	4	5.6065e-01	3.1798e-01	0.491745	1
DZIP3	4	5.6070e-01	3.1798e-01	0.491745	1
SSPO	4	5.6073e-01	3.1798e-01	0.491745	1
PACRGL	4	5.6087e-01	3.1798e-01	0.491745	2
ZNF578	4	5.6093e-01	3.1798e-01	0.491745	1
SLC30A10	4	5.6107e-01	3.1798e-01	0.491745	2
TMEM249	4	5.6136e-01	3.1798e-01	0.491745	2
PAPOLB	4	5.6140e-01	3.1798e-01	0.491745	1
C1orf95	4	5.6149e-01	3.1798e-01	0.491745	1
RAD54B	4	5.6151e-01	3.1798e-01	0.491745	1
CTBP2	4	5.6154e-01	3.1798e-01	0.491745	1
CPXM1	4	5.6158e-01	3.1798e-01	0.491745	2
SH3PXD2B	4	5.6171e-01	3.1798e-01	0.491745	2
GRM1	4	5.6176e-01	3.1798e-01	0.491745	1
C1orf43	4	5.6186e-01	3.1798e-01	0.491745	2
TSPY10	4	5.6202e-01	3.1798e-01	0.491745	2
CTXN1	4	5.6202e-01	3.1798e-01	0.491745	1
KREMEN1	4	5.6204e-01	3.1798e-01	0.491745	2
ZFP2	4	5.6204e-01	3.1798e-01	0.491745	1
FAM131C	4	5.6206e-01	3.1798e-01	0.491745	2
ALDOC	4	5.6211e-01	3.1798e-01	0.491745	1
MELK	4	5.6223e-01	3.1798e-01	0.491745	2
HECTD2	4	5.6239e-01	3.1798e-01	0.491745	2
LRIT1	4	5.6239e-01	3.1798e-01	0.491745	1
AADACL3	4	5.6249e-01	3.1798e-01	0.491745	2
FAM150B	4	5.6257e-01	3.1798e-01	0.491745	1
ZFP62	4	5.6261e-01	3.1798e-01	0.491745	2
ASPDH	4	5.6263e-01	3.1798e-01	0.491745	2
STX7	4	5.6272e-01	3.1798e-01	0.491745	2
TULP3	4	5.6276e-01	3.1798e-01	0.491745	2
RHBDD1	4	5.6278e-01	3.1798e-01	0.491745	2
EPB41L1	4	5.6283e-01	3.1798e-01	0.491745	2
RHBG	4	5.6288e-01	3.1798e-01	0.491745	1
RARB	4	5.6288e-01	3.1798e-01	0.491745	2
SPATA31A7	4	5.6296e-01	3.1798e-01	0.491745	2
EHHADH	4	5.6309e-01	3.1798e-01	0.491745	2
MAP4K3	4	5.6312e-01	3.1798e-01	0.491745	2
ANKRD23	4	5.6315e-01	3.1798e-01	0.491745	2
C6orf15	4	5.6321e-01	3.1798e-01	0.491745	2
CRMP1	4	5.6335e-01	3.1798e-01	0.491745	2
HNRNPF	4	5.6346e-01	3.1798e-01	0.491745	1
PDGFD	4	5.6353e-01	3.1798e-01	0.491745	2
HIST1H3G	4	5.6355e-01	3.1798e-01	0.491745	2
ZNF17	4	5.6355e-01	3.1798e-01	0.491745	2
ARHGEF7	4	5.6359e-01	3.1798e-01	0.491745	2
BECN2	4	5.6360e-01	3.1798e-01	0.491745	2
NAIP	4	5.6383e-01	3.1798e-01	0.491745	2
SMIM22	4	5.6390e-01	3.1798e-01	0.491745	2
TEX11	4	5.6394e-01	3.1798e-01	0.491745	2
CHADL	4	5.6401e-01	3.1798e-01	0.491745	2
IKZF3	4	5.6406e-01	3.1798e-01	0.491745	2
ZNF806	4	5.6410e-01	3.1798e-01	0.491745	2
TIA1	4	5.6414e-01	3.1798e-01	0.491745	2
THUMPD3	4	5.6420e-01	3.1798e-01	0.491745	1
MEIS1	4	5.6421e-01	3.1798e-01	0.491745	2
CCDC173	4	5.6424e-01	3.1798e-01	0.491745	1
VCY	4	5.6427e-01	3.1798e-01	0.491745	2
ZFYVE26	4	5.6433e-01	3.1798e-01	0.491745	2
BGN	4	5.6438e-01	3.1798e-01	0.491745	1
ZNF316	4	5.6449e-01	3.1798e-01	0.491745	2
ASMT	4	5.6451e-01	3.1798e-01	0.491745	2
MAP2K5	4	5.6458e-01	3.1798e-01	0.491745	2
CSMD1	4	5.6471e-01	3.1798e-01	0.491745	2
C10orf82	4	5.6480e-01	3.1798e-01	0.491745	1
F9	4	5.6485e-01	3.1798e-01	0.491745	2
UBR2	4	5.6495e-01	3.1798e-01	0.491745	2
RHOBTB3	4	5.6496e-01	3.1798e-01	0.491745	1
FBXO21	4	5.6499e-01	3.1798e-01	0.491745	1
GMPPA	4	5.6511e-01	3.1798e-01	0.491745	2
EFNA5	4	5.6513e-01	3.1798e-01	0.491745	1
CCS	4	5.6517e-01	3.1798e-01	0.491745	2
NOS2	4	5.6529e-01	3.1798e-01	0.491745	2
CACNA1A	3	5.6545e-01	2.8141e-01	0.460147	1
CTHRC1	4	5.6547e-01	3.1798e-01	0.491745	2
PPP1R14B	4	5.6548e-01	3.1798e-01	0.491745	1
ZNF768	4	5.6558e-01	3.1798e-01	0.491745	2
SLFN13	4	5.6567e-01	3.1798e-01	0.491745	2
F2	4	5.6574e-01	3.1798e-01	0.491745	1
SVEP1	4	5.6591e-01	3.1798e-01	0.491745	2
NLRP4	4	5.6592e-01	3.1798e-01	0.491745	2
DNAJC15	4	5.6592e-01	3.1798e-01	0.491745	2
CARD18	4	5.6602e-01	3.1798e-01	0.491745	1
C22orf46	4	5.6604e-01	3.1798e-01	0.491745	2
GLDN	4	5.6609e-01	3.1798e-01	0.491745	1
PRDM13	4	5.6611e-01	3.1798e-01	0.491745	2
MICU2	4	5.6613e-01	3.1798e-01	0.491745	1
PDE9A	4	5.6615e-01	3.1798e-01	0.491745	2
GPRIN2	4	5.6624e-01	3.1798e-01	0.491745	2
OR5AC2	4	5.6625e-01	3.1798e-01	0.491745	1
SLITRK1	4	5.6630e-01	3.1798e-01	0.491745	2
FGA	4	5.6640e-01	3.1979e-01	0.494468	2
ZFAND3	4	5.6641e-01	3.1979e-01	0.494468	2
GAGE12J	4	5.6662e-01	3.2157e-01	0.495556	2
OR4C46	4	5.6663e-01	3.2157e-01	0.495556	1
ATAD3A	4	5.6665e-01	3.2157e-01	0.495556	1
ADGRF4	4	5.6681e-01	3.2157e-01	0.495556	2
LCE3E	4	5.6685e-01	3.2157e-01	0.495556	1
TMEM181	4	5.6685e-01	3.2157e-01	0.495556	2
ATP6V0A2	4	5.6692e-01	3.2157e-01	0.495556	2
CEP89	4	5.6703e-01	3.2157e-01	0.495556	2
ZFAT	4	5.6710e-01	3.2157e-01	0.495556	1
UACA	4	5.6715e-01	3.2157e-01	0.495556	2
PCK1	4	5.6723e-01	3.2157e-01	0.495556	2
DPCR1	4	5.6724e-01	3.2157e-01	0.495556	2
C11orf85	4	5.6728e-01	3.2157e-01	0.495556	2
PQLC1	4	5.6728e-01	3.2157e-01	0.495556	2
DDI1	4	5.6731e-01	3.2157e-01	0.495556	2
PIEZO2	4	5.6737e-01	3.2157e-01	0.495556	1
SERPINE2	4	5.6743e-01	3.2157e-01	0.495556	1
ELN	4	5.6748e-01	3.2340e-01	0.495556	2
ZNF304	4	5.6752e-01	3.2340e-01	0.495556	2
RBM24	4	5.6755e-01	3.2340e-01	0.495556	2
UROD	4	5.6761e-01	3.2340e-01	0.495556	2
GJA4	4	5.6765e-01	3.2340e-01	0.495556	1
C8orf31	4	5.6768e-01	3.2340e-01	0.495556	2
LRP3	4	5.6790e-01	3.2340e-01	0.495556	2
FN3KRP	4	5.6801e-01	3.2340e-01	0.495556	2
TDRD5	4	5.6812e-01	3.2340e-01	0.495556	1
LIPG	4	5.6814e-01	3.2340e-01	0.495556	2
ACVR1	4	5.6819e-01	3.2340e-01	0.495556	2
CADM4	4	5.6826e-01	3.2340e-01	0.495556	2
TREH	4	5.6830e-01	3.2340e-01	0.495556	1
GSC2	4	5.6834e-01	3.2340e-01	0.495556	1
ARSG	4	5.6837e-01	3.2340e-01	0.495556	1
CDKN1B	4	5.6842e-01	3.2340e-01	0.495556	2
PMP22	3	5.6850e-01	2.8141e-01	0.460147	1
TMEM186	4	5.6857e-01	3.2340e-01	0.495556	2
ETFDH	4	5.6861e-01	3.2340e-01	0.495556	1
TGFBI	4	5.6867e-01	3.2340e-01	0.495556	1
SMCHD1	4	5.6868e-01	3.2340e-01	0.495556	2
NFKBIL1	4	5.6871e-01	3.2340e-01	0.495556	2
JAM2	4	5.6871e-01	3.2340e-01	0.495556	1
CRACR2A	4	5.6882e-01	3.2340e-01	0.495556	1
HIST1H2BB	4	5.6892e-01	3.2340e-01	0.495556	2
COX8C	4	5.6895e-01	3.2340e-01	0.495556	1
SLX4IP	4	5.6896e-01	3.2340e-01	0.495556	2
ANO2	4	5.6899e-01	3.2340e-01	0.495556	2
ATRNL1	4	5.6903e-01	3.2340e-01	0.495556	2
DLGAP1	4	5.6911e-01	3.2340e-01	0.495556	2
GALR3	4	5.6915e-01	3.2340e-01	0.495556	1
OCLN	4	5.6936e-01	3.2340e-01	0.495556	1
SPOCD1	4	5.6938e-01	3.2340e-01	0.495556	2
PPT2	4	5.6943e-01	3.2340e-01	0.495556	2
EGFLAM	4	5.6948e-01	3.2340e-01	0.495556	1
CXCL12	4	5.6955e-01	3.2340e-01	0.495556	2
HIAT1	4	5.6958e-01	3.2340e-01	0.495556	1
GAPDHS	4	5.6971e-01	3.2340e-01	0.495556	2
LYSMD2	4	5.6976e-01	3.2340e-01	0.495556	1
CD84	4	5.6984e-01	3.2340e-01	0.495556	2
NTHL1	4	5.6986e-01	3.2340e-01	0.495556	2
CHSY3	4	5.6994e-01	3.2340e-01	0.495556	2
KHDC1	4	5.7002e-01	3.2340e-01	0.495556	1
CLIC4	4	5.7007e-01	3.2340e-01	0.495556	1
NEDD9	4	5.7016e-01	3.2340e-01	0.495556	2
HBD	4	5.7021e-01	3.2340e-01	0.495556	2
NDUFA4	4	5.7025e-01	3.2340e-01	0.495556	2
PTPRD	4	5.7032e-01	3.2340e-01	0.495556	2
TCN1	4	5.7041e-01	3.2340e-01	0.495556	2
TSNAXIP1	4	5.7049e-01	3.2340e-01	0.495556	2
TBXAS1	4	5.7050e-01	3.2340e-01	0.495556	2
OR6C2	4	5.7056e-01	3.2340e-01	0.495556	2
LAD1	4	5.7065e-01	3.2340e-01	0.495556	2
PANK3	4	5.7068e-01	3.2340e-01	0.495556	2
CFAP52	4	5.7080e-01	3.2340e-01	0.495556	1
RBFA	4	5.7089e-01	3.2340e-01	0.495556	2
HMGN2	4	5.7108e-01	3.2340e-01	0.495556	2
GSC	4	5.7117e-01	3.2340e-01	0.495556	1
STMN2	4	5.7128e-01	3.2340e-01	0.495556	2
PLCL1	4	5.7139e-01	3.2340e-01	0.495556	2
MITD1	4	5.7145e-01	3.2340e-01	0.495556	2
ZNF202	4	5.7146e-01	3.2340e-01	0.495556	1
UNCX	4	5.7163e-01	3.2340e-01	0.495556	2
PCDHGA11	4	5.7164e-01	3.2340e-01	0.495556	1
CD4	4	5.7165e-01	3.2340e-01	0.495556	2
CYP2S1	4	5.7167e-01	3.2340e-01	0.495556	2
PPP1R27	4	5.7182e-01	3.2340e-01	0.495556	1
ZNF658	4	5.7191e-01	3.2340e-01	0.495556	2
TTC33	4	5.7191e-01	3.2340e-01	0.495556	2
CCDC126	4	5.7193e-01	3.2340e-01	0.495556	2
CDA	4	5.7195e-01	3.2340e-01	0.495556	1
HLX	4	5.7200e-01	3.2340e-01	0.495556	2
ADGRE3	4	5.7206e-01	3.2340e-01	0.495556	1
JADE1	4	5.7216e-01	3.2340e-01	0.495556	2
UCK2	4	5.7247e-01	3.2340e-01	0.495556	2
ZNF836	4	5.7249e-01	3.2340e-01	0.495556	1
SSC4D	4	5.7250e-01	3.2340e-01	0.495556	2
RGS10	4	5.7252e-01	3.2340e-01	0.495556	2
P3H3	4	5.7256e-01	3.2340e-01	0.495556	2
FAM105A	4	5.7267e-01	3.2340e-01	0.495556	2
ZC3H12D	4	5.7268e-01	3.2340e-01	0.495556	1
PLA2G4C	4	5.7272e-01	3.2340e-01	0.495556	1
GPHB5	4	5.7272e-01	3.2340e-01	0.495556	1
ATP2A3	4	5.7274e-01	3.2340e-01	0.495556	2
SLC34A2	4	5.7295e-01	3.2340e-01	0.495556	2
NDST4	4	5.7299e-01	3.2340e-01	0.495556	2
KLK6	4	5.7304e-01	3.2340e-01	0.495556	2
COCH	4	5.7309e-01	3.2340e-01	0.495556	2
TP53AIP1	4	5.7313e-01	3.2340e-01	0.495556	2
DSPP	4	5.7317e-01	3.2340e-01	0.495556	2
SYT9	4	5.7319e-01	3.2340e-01	0.495556	2
FUOM	4	5.7319e-01	3.2340e-01	0.495556	1
SFI1	4	5.7319e-01	3.2340e-01	0.495556	2
ELK3	4	5.7321e-01	3.2340e-01	0.495556	2
CCDC176	4	5.7332e-01	3.2340e-01	0.495556	2
PCSK5	4	5.7334e-01	3.2340e-01	0.495556	2
CPSF4L	4	5.7342e-01	3.2520e-01	0.496762	2
LGALS7	4	5.7354e-01	3.2520e-01	0.496762	2
MAF1	4	5.7356e-01	3.2520e-01	0.496762	2
SNRPB2	4	5.7358e-01	3.2520e-01	0.496762	1
HECW2	4	5.7361e-01	3.2520e-01	0.496762	2
LOC101929372	4	5.7361e-01	3.2520e-01	0.496762	2
SH3GLB2	4	5.7373e-01	3.2520e-01	0.496762	2
TACSTD2	4	5.7373e-01	3.2520e-01	0.496762	2
OR2A4	4	5.7376e-01	3.2520e-01	0.496762	2
GCH1	4	5.7378e-01	3.2520e-01	0.496762	2
YPEL1	4	5.7384e-01	3.2520e-01	0.496762	2
BICD2	4	5.7386e-01	3.2520e-01	0.496762	1
CYSRT1	4	5.7388e-01	3.2520e-01	0.496762	2
ESCO1	4	5.7388e-01	3.2520e-01	0.496762	1
SLC17A1	4	5.7391e-01	3.2520e-01	0.496762	2
ZNF235	4	5.7395e-01	3.2520e-01	0.496762	2
OR4D2	4	5.7398e-01	3.2520e-01	0.496762	2
MAPKBP1	4	5.7400e-01	3.2520e-01	0.496762	2
C12orf40	4	5.7406e-01	3.2520e-01	0.496762	2
TOMM5	4	5.7421e-01	3.2520e-01	0.496762	2
ZNF544	4	5.7427e-01	3.2520e-01	0.496762	2
LINS	4	5.7432e-01	3.2520e-01	0.496762	2
PXDC1	4	5.7435e-01	3.2520e-01	0.496762	1
SNPH	4	5.7440e-01	3.2520e-01	0.496762	2
SPSB4	4	5.7452e-01	3.2520e-01	0.496762	2
UBTD2	4	5.7456e-01	3.2520e-01	0.496762	2
ZC3H18	4	5.7492e-01	3.2520e-01	0.496762	1
NXPH4	4	5.7495e-01	3.2520e-01	0.496762	2
DDO	4	5.7497e-01	3.2520e-01	0.496762	1
AKR1E2	4	5.7508e-01	3.2520e-01	0.496762	1
ARVCF	4	5.7515e-01	3.2520e-01	0.496762	2
ZNF677	4	5.7521e-01	3.2520e-01	0.496762	2
ADIRF	4	5.7542e-01	3.2520e-01	0.496762	2
OR2D2	4	5.7543e-01	3.2520e-01	0.496762	2
NAT8L	4	5.7545e-01	3.2520e-01	0.496762	2
SAMD14	4	5.7549e-01	3.2520e-01	0.496762	1
CDON	4	5.7550e-01	3.2520e-01	0.496762	2
IGFBP3	4	5.7559e-01	3.2520e-01	0.496762	1
VTCN1	4	5.7565e-01	3.2520e-01	0.496762	2
SRY	4	5.7575e-01	3.2644e-01	0.497504	1
UQCR11	4	5.7580e-01	3.2644e-01	0.497504	2
LRTM1	4	5.7582e-01	3.2644e-01	0.497504	2
FUT1	4	5.7587e-01	3.2644e-01	0.497504	2
ZNF460	4	5.7596e-01	3.2644e-01	0.497504	1
PYGM	4	5.7598e-01	3.2644e-01	0.497504	1
FSCN1	4	5.7598e-01	3.2644e-01	0.497504	2
WFDC6	4	5.7602e-01	3.2644e-01	0.497504	2
ACY3	4	5.7604e-01	3.2644e-01	0.497504	2
PCDHGB1	4	5.7617e-01	3.2644e-01	0.497504	2
PTGES3L	3	5.7630e-01	2.8313e-01	0.461569	1
TMEM143	4	5.7634e-01	3.2644e-01	0.497504	2
ZNF382	4	5.7643e-01	3.2644e-01	0.497504	2
HIST1H4D	4	5.7645e-01	3.2644e-01	0.497504	2
PDGFRL	4	5.7650e-01	3.2644e-01	0.497504	1
PIK3C2B	4	5.7653e-01	3.2644e-01	0.497504	1
SCARF1	4	5.7660e-01	3.2644e-01	0.497504	2
EFCAB5	4	5.7669e-01	3.2644e-01	0.497504	2
ISX	4	5.7671e-01	3.2644e-01	0.497504	2
RTN4R	4	5.7675e-01	3.2644e-01	0.497504	2
SCRIB	4	5.7685e-01	3.2644e-01	0.497504	1
SST	4	5.7688e-01	3.2644e-01	0.497504	2
ITGA2	4	5.7699e-01	3.2644e-01	0.497504	2
TWIST1	4	5.7702e-01	3.2644e-01	0.497504	2
ZNF653	4	5.7704e-01	3.2644e-01	0.497504	1
SLC52A2	4	5.7712e-01	3.2644e-01	0.497504	1
CCDC22	4	5.7718e-01	3.2644e-01	0.497504	1
DNAH11	4	5.7725e-01	3.2644e-01	0.497504	2
OSBPL7	4	5.7738e-01	3.2644e-01	0.497504	2
AADACL2	4	5.7741e-01	3.2644e-01	0.497504	2
CRYM	4	5.7756e-01	3.2827e-01	0.498872	2
B3GAT1	4	5.7767e-01	3.2827e-01	0.498872	1
LRRC40	4	5.7768e-01	3.2827e-01	0.498872	2
EGFR	4	5.7780e-01	3.2827e-01	0.498872	2
OR3A1	4	5.7790e-01	3.2827e-01	0.498872	2
BMP10	4	5.7805e-01	3.2827e-01	0.498872	1
MYOCD	4	5.7806e-01	3.2827e-01	0.498872	2
DEFB131	4	5.7813e-01	3.2827e-01	0.498872	2
RND1	4	5.7821e-01	3.2827e-01	0.498872	2
M6PR	4	5.7821e-01	3.2827e-01	0.498872	1
ATF3	4	5.7825e-01	3.2827e-01	0.498872	2
SP5	4	5.7830e-01	3.2827e-01	0.498872	2
SLC25A23	4	5.7834e-01	3.2827e-01	0.498872	2
SLC38A8	4	5.7837e-01	3.2827e-01	0.498872	2
LTB4R2	4	5.7843e-01	3.2827e-01	0.498872	2
KAT2B	4	5.7851e-01	3.2827e-01	0.498872	2
TMEM235	4	5.7853e-01	3.2827e-01	0.498872	2
ITGB5	4	5.7878e-01	3.2827e-01	0.498872	1
SETX	4	5.7878e-01	3.2827e-01	0.498872	2
MSL3	4	5.7883e-01	3.2827e-01	0.498872	2
RXFP4	4	5.7886e-01	3.2827e-01	0.498872	2
RABL6	4	5.7888e-01	3.2827e-01	0.498872	2
HOXA1	4	5.7890e-01	3.2827e-01	0.498872	1
HES6	4	5.7892e-01	3.2827e-01	0.498872	2
FAS	4	5.7894e-01	3.2827e-01	0.498872	1
RWDD1	4	5.7894e-01	3.2827e-01	0.498872	2
SMCR8	4	5.7897e-01	3.2827e-01	0.498872	1
KDELR3	4	5.7899e-01	3.2827e-01	0.498872	1
XYLT1	4	5.7906e-01	3.2827e-01	0.498872	2
EFEMP2	4	5.7910e-01	3.2827e-01	0.498872	1
NUDT16L1	4	5.7913e-01	3.2827e-01	0.498872	1
PCYOX1	4	5.7917e-01	3.2827e-01	0.498872	1
ICOSLG	4	5.7924e-01	3.2827e-01	0.498872	2
PPM1E	4	5.7928e-01	3.2827e-01	0.498872	2
ZNF749	4	5.7932e-01	3.2827e-01	0.498872	2
ZBTB1	4	5.7936e-01	3.2827e-01	0.498872	2
TTC9C	4	5.7944e-01	3.3016e-01	0.500182	2
CD200R1L	4	5.7954e-01	3.3016e-01	0.500182	1
R3HDM1	4	5.7956e-01	3.3016e-01	0.500182	1
SPEM1	4	5.7959e-01	3.3016e-01	0.500182	2
PLEKHG4	4	5.7962e-01	3.3016e-01	0.500182	1
PABPC3	4	5.7970e-01	3.3016e-01	0.500182	2
KIAA0141	4	5.7975e-01	3.3016e-01	0.500182	2
NT5DC3	4	5.7983e-01	3.3016e-01	0.500182	2
MANSC4	4	5.7989e-01	3.3016e-01	0.500182	2
ZNF705A	4	5.7994e-01	3.3016e-01	0.500182	1
TRPA1	4	5.8005e-01	3.3016e-01	0.500182	1
TMEM115	4	5.8008e-01	3.3016e-01	0.500182	1
USP29	4	5.8012e-01	3.3016e-01	0.500182	2
METTL13	4	5.8013e-01	3.3016e-01	0.500182	1
MACROD1	4	5.8022e-01	3.3016e-01	0.500182	2
SHB	4	5.8026e-01	3.3016e-01	0.500182	2
FOXI3	4	5.8027e-01	3.3016e-01	0.500182	2
OBSCN	4	5.8031e-01	3.3016e-01	0.500182	2
TMEM74B	4	5.8032e-01	3.3016e-01	0.500182	1
C10orf71	4	5.8040e-01	3.3016e-01	0.500182	2
GPR21	4	5.8043e-01	3.3016e-01	0.500182	2
ITGA6	4	5.8046e-01	3.3016e-01	0.500182	2
PLCXD1	4	5.8048e-01	3.3016e-01	0.500182	2
LOC100130705	4	5.8054e-01	3.3016e-01	0.500182	2
ABI3	4	5.8075e-01	3.3016e-01	0.500182	1
CHKB	4	5.8079e-01	3.3016e-01	0.500182	1
FUT5	4	5.8088e-01	3.3016e-01	0.500182	2
OIT3	4	5.8094e-01	3.3016e-01	0.500182	2
LOC100129940	4	5.8102e-01	3.3016e-01	0.500182	2
KLF15	4	5.8108e-01	3.3016e-01	0.500182	1
TLE6	4	5.8118e-01	3.3194e-01	0.500182	2
SPNS2	4	5.8124e-01	3.3194e-01	0.500182	2
CYP20A1	4	5.8137e-01	3.3194e-01	0.500182	1
LRRC3B	4	5.8143e-01	3.3194e-01	0.500182	2
SLC9A3	4	5.8144e-01	3.3194e-01	0.500182	2
CAAP1	4	5.8152e-01	3.3194e-01	0.500182	2
ZC2HC1A	4	5.8153e-01	3.3194e-01	0.500182	2
BIRC7	4	5.8158e-01	3.3194e-01	0.500182	2
CCDC114	4	5.8161e-01	3.3194e-01	0.500182	2
SRL	4	5.8167e-01	3.3194e-01	0.500182	2
UBA6	4	5.8172e-01	3.3195e-01	0.500182	1
TDRD1	4	5.8176e-01	3.3195e-01	0.500182	2
P2RY12	4	5.8180e-01	3.3195e-01	0.500182	1
INSM1	4	5.8184e-01	3.3195e-01	0.500182	1
ADD2	4	5.8193e-01	3.3195e-01	0.500182	2
C17orf77	4	5.8195e-01	3.3195e-01	0.500182	2
IDO2	4	5.8202e-01	3.3195e-01	0.500182	1
MBNL3	4	5.8210e-01	3.3195e-01	0.500182	2
CTSA	4	5.8215e-01	3.3195e-01	0.500182	1
FUT10	4	5.8226e-01	3.3195e-01	0.500182	2
SMIM23	4	5.8228e-01	3.3195e-01	0.500182	2
CDH3	4	5.8244e-01	3.3382e-01	0.500182	2
FHDC1	4	5.8248e-01	3.3382e-01	0.500182	1
PLOD2	4	5.8248e-01	3.3382e-01	0.500182	2
IFNA13	4	5.8248e-01	3.3382e-01	0.500182	2
RASGEF1A	4	5.8253e-01	3.3382e-01	0.500182	2
TRIM14	4	5.8262e-01	3.3382e-01	0.500182	2
OR6Y1	4	5.8273e-01	3.3382e-01	0.500182	2
LIPN	4	5.8285e-01	3.3382e-01	0.500182	2
RAPGEF5	4	5.8292e-01	3.3382e-01	0.500182	2
CRYAA	4	5.8317e-01	3.3382e-01	0.500182	1
TMEM246	4	5.8320e-01	3.3382e-01	0.500182	1
ZNF641	4	5.8323e-01	3.3382e-01	0.500182	2
RFTN2	4	5.8323e-01	3.3382e-01	0.500182	1
TRHDE	4	5.8343e-01	3.3382e-01	0.500182	2
RGCC	4	5.8343e-01	3.3382e-01	0.500182	1
FAM83B	4	5.8355e-01	3.3382e-01	0.500182	2
KRTAP6-1	4	5.8356e-01	3.3382e-01	0.500182	2
ZNF26	4	5.8364e-01	3.3382e-01	0.500182	2
PRKCDBP	4	5.8366e-01	3.3382e-01	0.500182	2
SMR3A	4	5.8372e-01	3.3382e-01	0.500182	2
SYPL1	4	5.8377e-01	3.3382e-01	0.500182	2
BNC1	4	5.8381e-01	3.3382e-01	0.500182	2
ATP5L	4	5.8388e-01	3.3382e-01	0.500182	2
ZNF7	4	5.8395e-01	3.3382e-01	0.500182	1
C18orf65	4	5.8398e-01	3.3382e-01	0.500182	1
KMT2B	4	5.8414e-01	3.3382e-01	0.500182	1
GPR83	4	5.8416e-01	3.3382e-01	0.500182	2
CXCR2	4	5.8425e-01	3.3382e-01	0.500182	2
C12orf4	4	5.8426e-01	3.3382e-01	0.500182	2
PAICS	4	5.8428e-01	3.3382e-01	0.500182	2
DFFB	4	5.8433e-01	3.3382e-01	0.500182	2
TMEM37	4	5.8433e-01	3.3382e-01	0.500182	2
VEGFA	4	5.8443e-01	3.3382e-01	0.500182	2
MERTK	4	5.8449e-01	3.3382e-01	0.500182	2
C9orf47	4	5.8452e-01	3.3382e-01	0.500182	1
NAA11	4	5.8454e-01	3.3382e-01	0.500182	2
ZNF629	4	5.8457e-01	3.3382e-01	0.500182	2
KCNJ1	4	5.8465e-01	3.3382e-01	0.500182	2
SH2D2A	4	5.8476e-01	3.3382e-01	0.500182	2
SAT2	4	5.8478e-01	3.3382e-01	0.500182	2
MARCHF11	4	5.8481e-01	3.3382e-01	0.500182	2
FAM24B	4	5.8485e-01	3.3382e-01	0.500182	2
ABHD15	4	5.8492e-01	3.3382e-01	0.500182	1
ADAMTS3	4	5.8497e-01	3.3382e-01	0.500182	2
ZMYND19	4	5.8500e-01	3.3382e-01	0.500182	1
TDRD10	4	5.8508e-01	3.3382e-01	0.500182	2
PCGF2	4	5.8511e-01	3.3382e-01	0.500182	1
CXCL8	4	5.8529e-01	3.3382e-01	0.500182	2
OR10J5	4	5.8531e-01	3.3382e-01	0.500182	1
PAFAH1B3	4	5.8536e-01	3.3382e-01	0.500182	2
TCAF1	4	5.8540e-01	3.3382e-01	0.500182	2
SH3BP5	4	5.8540e-01	3.3382e-01	0.500182	2
CKLF	4	5.8545e-01	3.3382e-01	0.500182	1
KBTBD4	4	5.8562e-01	3.3382e-01	0.500182	2
NUPL2	4	5.8579e-01	3.3382e-01	0.500182	2
PTGFRN	4	5.8586e-01	3.3382e-01	0.500182	2
ZNF76	4	5.8591e-01	3.3382e-01	0.500182	2
S100A11	4	5.8594e-01	3.3382e-01	0.500182	2
HBA1	4	5.8607e-01	3.3565e-01	0.500182	2
RTN2	4	5.8610e-01	3.3565e-01	0.500182	1
PCDHA6	4	5.8612e-01	3.3565e-01	0.500182	1
ZNF574	4	5.8620e-01	3.3565e-01	0.500182	2
LMLN	4	5.8628e-01	3.3565e-01	0.500182	2
RNF38	4	5.8635e-01	3.3565e-01	0.500182	1
ZNF799	4	5.8642e-01	3.3565e-01	0.500182	1
LRP1	4	5.8646e-01	3.3565e-01	0.500182	2
WDR20	4	5.8647e-01	3.3565e-01	0.500182	1
C15orf53	4	5.8648e-01	3.3565e-01	0.500182	2
GSKIP	4	5.8653e-01	3.3565e-01	0.500182	2
CDK3	4	5.8654e-01	3.3565e-01	0.500182	1
SPI1	4	5.8663e-01	3.3565e-01	0.500182	2
SAP30L	4	5.8668e-01	3.3565e-01	0.500182	1
VDAC3	4	5.8682e-01	3.3565e-01	0.500182	2
SPINK5	4	5.8693e-01	3.3565e-01	0.500182	2
GLIS2	4	5.8702e-01	3.3565e-01	0.500182	2
RIPK2	4	5.8703e-01	3.3565e-01	0.500182	1
SNX18	4	5.8705e-01	3.3565e-01	0.500182	2
TAS2R14	4	5.8716e-01	3.3565e-01	0.500182	2
RAB17	4	5.8716e-01	3.3565e-01	0.500182	2
HDC	4	5.8724e-01	3.3565e-01	0.500182	1
PGAP2	4	5.8727e-01	3.3565e-01	0.500182	1
CYP2A7	4	5.8746e-01	3.3565e-01	0.500182	2
NDUFB1	4	5.8752e-01	3.3565e-01	0.500182	2
STRA8	4	5.8754e-01	3.3565e-01	0.500182	1
ANK2	4	5.8759e-01	3.3565e-01	0.500182	2
CLPSL1	4	5.8762e-01	3.3565e-01	0.500182	1
GRIFIN	4	5.8774e-01	3.3565e-01	0.500182	1
CCDC153	4	5.8784e-01	3.3565e-01	0.500182	2
PXYLP1	4	5.8792e-01	3.3565e-01	0.500182	2
TUSC3	4	5.8808e-01	3.3565e-01	0.500182	2
ARHGAP1	4	5.8810e-01	3.3565e-01	0.500182	2
CALHM2	4	5.8823e-01	3.3565e-01	0.500182	1
FAM180B	4	5.8827e-01	3.3565e-01	0.500182	2
GUF1	4	5.8831e-01	3.3565e-01	0.500182	1
ZNF518B	4	5.8836e-01	3.3565e-01	0.500182	1
DDX24	4	5.8840e-01	3.3565e-01	0.500182	2
IGSF1	4	5.8844e-01	3.3565e-01	0.500182	2
DEFB113	4	5.8846e-01	3.3565e-01	0.500182	2
CRELD2	4	5.8848e-01	3.3565e-01	0.500182	2
GALM	4	5.8860e-01	3.3565e-01	0.500182	1
ALX3	4	5.8881e-01	3.3565e-01	0.500182	1
FAM71B	4	5.8884e-01	3.3565e-01	0.500182	1
FAM98C	4	5.8894e-01	3.3565e-01	0.500182	2
TST	4	5.8896e-01	3.3565e-01	0.500182	1
GNRH1	4	5.8905e-01	3.3565e-01	0.500182	1
ADGRL4	4	5.8906e-01	3.3565e-01	0.500182	2
KCNH7	4	5.8909e-01	3.3565e-01	0.500182	2
SLC26A11	4	5.8912e-01	3.3565e-01	0.500182	2
FZD4	4	5.8912e-01	3.3565e-01	0.500182	2
CENPF	4	5.8919e-01	3.3565e-01	0.500182	2
DGAT1	4	5.8921e-01	3.3565e-01	0.500182	1
HEXIM2	4	5.8921e-01	3.3565e-01	0.500182	2
CECR6	4	5.8929e-01	3.3565e-01	0.500182	2
TAS2R19	4	5.8934e-01	3.3565e-01	0.500182	2
SERPINB12	4	5.8935e-01	3.3565e-01	0.500182	1
UCHL1	4	5.8943e-01	3.3565e-01	0.500182	2
RD3	4	5.8945e-01	3.3565e-01	0.500182	2
ZSWIM6	4	5.8945e-01	3.3565e-01	0.500182	2
SMARCA1	4	5.8948e-01	3.3565e-01	0.500182	1
OR1C1	4	5.8964e-01	3.3565e-01	0.500182	2
TMC8	4	5.8973e-01	3.3565e-01	0.500182	2
NECAP1	4	5.8978e-01	3.3565e-01	0.500182	2
PCDHB9	4	5.8990e-01	3.3565e-01	0.500182	1
TMEM214	4	5.8992e-01	3.3565e-01	0.500182	2
GPX5	4	5.9005e-01	3.3565e-01	0.500182	2
PHF21B	4	5.9012e-01	3.3565e-01	0.500182	2
AARSD1	4	5.9012e-01	3.3565e-01	0.500182	2
TOX3	4	5.9016e-01	3.3565e-01	0.500182	2
XCR1	4	5.9019e-01	3.3565e-01	0.500182	2
CASKIN1	4	5.9022e-01	3.3565e-01	0.500182	1
KRT25	4	5.9026e-01	3.3565e-01	0.500182	1
SNRK	4	5.9048e-01	3.3565e-01	0.500182	2
ADK	4	5.9058e-01	3.3565e-01	0.500182	2
ODAM	4	5.9065e-01	3.3565e-01	0.500182	2
DCXR	4	5.9067e-01	3.3565e-01	0.500182	1
GPR152	4	5.9071e-01	3.3565e-01	0.500182	1
JCHAIN	4	5.9083e-01	3.3565e-01	0.500182	2
PCDHB3	4	5.9085e-01	3.3565e-01	0.500182	2
ENPEP	4	5.9087e-01	3.3565e-01	0.500182	2
NOS3	4	5.9100e-01	3.3565e-01	0.500182	2
SUPT4H1	4	5.9102e-01	3.3565e-01	0.500182	2
PRKG1	4	5.9106e-01	3.3565e-01	0.500182	2
HBB	4	5.9117e-01	3.3565e-01	0.500182	2
ESM1	4	5.9120e-01	3.3565e-01	0.500182	1
NEK8	4	5.9128e-01	3.3565e-01	0.500182	2
RAP1GAP2	4	5.9128e-01	3.3565e-01	0.500182	1
ABAT	4	5.9132e-01	3.3565e-01	0.500182	2
WNT5A	4	5.9152e-01	3.3565e-01	0.500182	2
MACROD2	4	5.9155e-01	3.3565e-01	0.500182	1
CYP4F11	4	5.9169e-01	3.3565e-01	0.500182	1
AS3MT	4	5.9171e-01	3.3565e-01	0.500182	2
GPR155	4	5.9173e-01	3.3565e-01	0.500182	2
WDR78	4	5.9188e-01	3.3565e-01	0.500182	2
WFDC1	4	5.9194e-01	3.3565e-01	0.500182	2
POTEA	4	5.9205e-01	3.3565e-01	0.500182	1
NALCN	4	5.9208e-01	3.3565e-01	0.500182	2
GPATCH2	4	5.9209e-01	3.3565e-01	0.500182	2
RXRB	4	5.9210e-01	3.3565e-01	0.500182	1
PDZK1	4	5.9216e-01	3.3565e-01	0.500182	1
YIPF2	4	5.9217e-01	3.3565e-01	0.500182	2
PCDH8	4	5.9223e-01	3.3565e-01	0.500182	1
FAM13A	4	5.9228e-01	3.3565e-01	0.500182	2
PPIG	4	5.9231e-01	3.3565e-01	0.500182	1
LRRC49	4	5.9237e-01	3.3565e-01	0.500182	2
FAR1	4	5.9247e-01	3.3565e-01	0.500182	2
CTRC	4	5.9253e-01	3.3565e-01	0.500182	1
SMARCAL1	4	5.9271e-01	3.3565e-01	0.500182	2
RBAK	4	5.9276e-01	3.3565e-01	0.500182	2
SMCO4	4	5.9278e-01	3.3565e-01	0.500182	2
MVP	4	5.9282e-01	3.3565e-01	0.500182	1
BANF2	4	5.9289e-01	3.3565e-01	0.500182	2
LRRC3C	4	5.9304e-01	3.3565e-01	0.500182	2
LMAN2	4	5.9306e-01	3.3565e-01	0.500182	2
LECT2	4	5.9313e-01	3.3565e-01	0.500182	2
C16orf62	4	5.9319e-01	3.3565e-01	0.500182	2
ACE	4	5.9321e-01	3.3565e-01	0.500182	2
SOCS2	4	5.9337e-01	3.3565e-01	0.500182	1
OR7D2	4	5.9342e-01	3.3565e-01	0.500182	2
C5orf28	4	5.9344e-01	3.3565e-01	0.500182	2
DGKZ	4	5.9348e-01	3.3565e-01	0.500182	2
ALKBH1	4	5.9365e-01	3.3565e-01	0.500182	2
FAM71F1	4	5.9372e-01	3.3565e-01	0.500182	2
HERC4	4	5.9374e-01	3.3565e-01	0.500182	2
PCDHB12	4	5.9379e-01	3.3565e-01	0.500182	1
LRRC8D	4	5.9383e-01	3.3565e-01	0.500182	2
ABCG1	4	5.9390e-01	3.3565e-01	0.500182	2
TMPRSS3	4	5.9390e-01	3.3565e-01	0.500182	2
PPP1CC	4	5.9395e-01	3.3565e-01	0.500182	2
FAM57A	4	5.9396e-01	3.3565e-01	0.500182	2
SLC13A3	4	5.9398e-01	3.3565e-01	0.500182	2
POU5F2	4	5.9400e-01	3.3565e-01	0.500182	2
DUSP9	4	5.9405e-01	3.3565e-01	0.500182	1
DCDC5	4	5.9408e-01	3.3565e-01	0.500182	1
AIRE	4	5.9408e-01	3.3565e-01	0.500182	2
SPOCK3	4	5.9421e-01	3.3565e-01	0.500182	1
SLC16A5	4	5.9426e-01	3.3565e-01	0.500182	2
SLC41A1	4	5.9428e-01	3.3565e-01	0.500182	2
FAM81A	4	5.9431e-01	3.3565e-01	0.500182	2
SLC35E2	4	5.9452e-01	3.3750e-01	0.501688	2
SIX5	4	5.9462e-01	3.3750e-01	0.501688	2
RLF	4	5.9463e-01	3.3750e-01	0.501688	1
MORC4	4	5.9464e-01	3.3750e-01	0.501688	2
ATP10A	4	5.9469e-01	3.3750e-01	0.501688	1
LHFPL1	4	5.9473e-01	3.3750e-01	0.501688	2
ADAMDEC1	4	5.9479e-01	3.3750e-01	0.501688	2
CSAG1	4	5.9490e-01	3.3750e-01	0.501688	2
SGSM2	4	5.9490e-01	3.3750e-01	0.501688	2
XG	4	5.9492e-01	3.3750e-01	0.501688	2
GPD1	4	5.9496e-01	3.3750e-01	0.501688	2
BPY2B	4	5.9507e-01	3.3750e-01	0.501688	2
FBXO9	4	5.9534e-01	3.3750e-01	0.501688	2
FAM177B	4	5.9537e-01	3.3750e-01	0.501688	2
HAO1	4	5.9560e-01	3.3750e-01	0.501688	2
CPT1A	4	5.9562e-01	3.3750e-01	0.501688	1
BPNT1	4	5.9563e-01	3.3750e-01	0.501688	2
HDGFRP2	4	5.9569e-01	3.3750e-01	0.501688	1
PKD1	4	5.9575e-01	3.3750e-01	0.501688	2
SLC25A42	4	5.9584e-01	3.3750e-01	0.501688	1
NYNRIN	4	5.9592e-01	3.3750e-01	0.501688	2
ZNF829	3	5.9593e-01	3.0610e-01	0.486783	1
TCERG1L	4	5.9595e-01	3.3750e-01	0.501688	2
FLYWCH2	4	5.9597e-01	3.3750e-01	0.501688	2
ALS2CR11	4	5.9600e-01	3.3750e-01	0.501688	1
H1FX	4	5.9603e-01	3.3750e-01	0.501688	1
OR2C3	4	5.9607e-01	3.3750e-01	0.501688	2
TCEB2	4	5.9612e-01	3.3750e-01	0.501688	2
ACTR3B	4	5.9613e-01	3.3750e-01	0.501688	1
CCDC154	4	5.9621e-01	3.3750e-01	0.501688	1
SPATA2L	4	5.9627e-01	3.3750e-01	0.501688	2
GRIN3A	4	5.9629e-01	3.3750e-01	0.501688	2
LFNG	4	5.9632e-01	3.3750e-01	0.501688	1
HMHB1	4	5.9644e-01	3.3929e-01	0.502872	2
C1orf158	4	5.9645e-01	3.3929e-01	0.502872	1
SPA17	4	5.9650e-01	3.3929e-01	0.502872	2
TMEM252	4	5.9652e-01	3.3929e-01	0.502872	2
AP2A2	4	5.9653e-01	3.3929e-01	0.502872	2
SAMD9L	4	5.9654e-01	3.3929e-01	0.502872	2
HLTF	4	5.9655e-01	3.3929e-01	0.502872	2
TMEM184B	4	5.9674e-01	3.3929e-01	0.502872	2
RSPH10B2	4	5.9681e-01	3.3929e-01	0.502872	1
OR5AU1	4	5.9685e-01	3.3929e-01	0.502872	1
CD1D	4	5.9685e-01	3.3929e-01	0.502872	1
DEFB135	4	5.9687e-01	3.3929e-01	0.502872	2
SPATA32	4	5.9689e-01	3.3929e-01	0.502872	2
RPL3L	4	5.9696e-01	3.3929e-01	0.502872	1
OTOR	4	5.9700e-01	3.3929e-01	0.502872	1
ZBTB16	4	5.9702e-01	3.3929e-01	0.502872	1
SNURF	4	5.9710e-01	3.3929e-01	0.502872	2
SSBP3	4	5.9710e-01	3.3929e-01	0.502872	2
AKAP17A	4	5.9713e-01	3.3929e-01	0.502872	1
CALR	4	5.9721e-01	3.3929e-01	0.502872	1
GNAT3	4	5.9723e-01	3.3929e-01	0.502872	2
EPHA1	4	5.9725e-01	3.3929e-01	0.502872	2
CNIH2	4	5.9728e-01	3.3929e-01	0.502872	1
CCDC102B	4	5.9731e-01	3.3929e-01	0.502872	2
OR2M4	4	5.9736e-01	3.3929e-01	0.502872	1
CHRNG	3	5.9737e-01	3.0610e-01	0.486783	1
C14orf1	4	5.9740e-01	3.3929e-01	0.502872	2
LYRM5	4	5.9743e-01	3.3929e-01	0.502872	2
NLRP1	4	5.9746e-01	3.3929e-01	0.502872	2
PDE1C	4	5.9747e-01	3.3929e-01	0.502872	1
ARHGAP33	4	5.9765e-01	3.3929e-01	0.502872	1
MSX2	4	5.9768e-01	3.3929e-01	0.502872	2
TATDN2	4	5.9772e-01	3.3929e-01	0.502872	1
USP17L20	4	5.9783e-01	3.3929e-01	0.502872	2
APOL2	4	5.9789e-01	3.3929e-01	0.502872	1
C12orf76	4	5.9793e-01	3.3929e-01	0.502872	2
GHDC	4	5.9797e-01	3.3929e-01	0.502872	2
DTD1	3	5.9805e-01	3.0610e-01	0.486783	1
GLI3	4	5.9830e-01	3.4110e-01	0.502872	2
RSRC1	4	5.9832e-01	3.4110e-01	0.502872	2
MTCH1	4	5.9838e-01	3.4110e-01	0.502872	2
DAPK1	4	5.9841e-01	3.4110e-01	0.502872	2
CPNE9	4	5.9857e-01	3.4110e-01	0.502872	2
TOP1MT	4	5.9862e-01	3.4110e-01	0.502872	1
DLG1	4	5.9868e-01	3.4110e-01	0.502872	2
TPGS1	4	5.9870e-01	3.4110e-01	0.502872	2
TMEM17	4	5.9872e-01	3.4110e-01	0.502872	2
CHST1	4	5.9879e-01	3.4110e-01	0.502872	2
C17orf96	4	5.9883e-01	3.4110e-01	0.502872	1
FUNDC2	4	5.9887e-01	3.4110e-01	0.502872	2
GNRH2	4	5.9900e-01	3.4110e-01	0.502872	2
ALDH4A1	4	5.9904e-01	3.4110e-01	0.502872	2
FAHD2A	4	5.9917e-01	3.4110e-01	0.502872	2
ZNF277	4	5.9922e-01	3.4110e-01	0.502872	1
CNTF	4	5.9926e-01	3.4110e-01	0.502872	2
FLT3LG	4	5.9947e-01	3.4110e-01	0.502872	2
DENND3	4	5.9953e-01	3.4110e-01	0.502872	1
UBE2H	4	5.9955e-01	3.4110e-01	0.502872	2
TEX15	4	5.9960e-01	3.4110e-01	0.502872	2
CHI3L1	4	5.9964e-01	3.4110e-01	0.502872	2
TNNC2	4	5.9968e-01	3.4110e-01	0.502872	2
PYGL	4	5.9970e-01	3.4110e-01	0.502872	2
MALSU1	4	5.9981e-01	3.4110e-01	0.502872	2
TMEM71	4	5.9984e-01	3.4110e-01	0.502872	1
VPS8	4	5.9991e-01	3.4110e-01	0.502872	2
PSMB10	3	6.0007e-01	3.1146e-01	0.489654	1
MPP1	4	6.0021e-01	3.4110e-01	0.502872	2
NAPG	4	6.0021e-01	3.4110e-01	0.502872	2
OR8K3	4	6.0022e-01	3.4110e-01	0.502872	2
ZNF850	4	6.0029e-01	3.4110e-01	0.502872	1
ANKHD1	4	6.0041e-01	3.4110e-01	0.502872	2
C2CD2L	4	6.0048e-01	3.4110e-01	0.502872	1
FDCSP	4	6.0055e-01	3.4110e-01	0.502872	1
OR5A2	4	6.0065e-01	3.4296e-01	0.502872	1
FBXL17	4	6.0065e-01	3.4296e-01	0.502872	2
LRP2	4	6.0077e-01	3.4296e-01	0.502872	2
CLDN23	4	6.0081e-01	3.4296e-01	0.502872	2
GMNC	4	6.0099e-01	3.4296e-01	0.502872	2
EBLN1	4	6.0108e-01	3.4296e-01	0.502872	2
SLC22A25	4	6.0114e-01	3.4296e-01	0.502872	2
IGSF6	4	6.0130e-01	3.4296e-01	0.502872	2
KIAA0408	4	6.0134e-01	3.4296e-01	0.502872	2
TEKT3	4	6.0142e-01	3.4296e-01	0.502872	2
PATE2	4	6.0147e-01	3.4296e-01	0.502872	2
ITPRIPL2	4	6.0149e-01	3.4296e-01	0.502872	2
DEFB126	4	6.0159e-01	3.4296e-01	0.502872	1
ITGB1BP1	4	6.0183e-01	3.4296e-01	0.502872	2
METTL18	4	6.0188e-01	3.4296e-01	0.502872	2
DIS3L	4	6.0190e-01	3.4296e-01	0.502872	2
SPACA5B	4	6.0198e-01	3.4296e-01	0.502872	1
FAM175B	4	6.0200e-01	3.4296e-01	0.502872	1
ZNF10	4	6.0209e-01	3.4296e-01	0.502872	2
SHANK2	4	6.0216e-01	3.4296e-01	0.502872	1
MRFAP1	4	6.0220e-01	3.4296e-01	0.502872	2
ALX1	4	6.0223e-01	3.4296e-01	0.502872	2
AMPD3	4	6.0238e-01	3.4296e-01	0.502872	2
DBP	4	6.0238e-01	3.4296e-01	0.502872	1
TMEM209	4	6.0241e-01	3.4296e-01	0.502872	2
STEAP1B	4	6.0242e-01	3.4296e-01	0.502872	1
HBQ1	4	6.0277e-01	3.4296e-01	0.502872	2
FCGR3B	4	6.0280e-01	3.4296e-01	0.502872	2
GPR148	4	6.0281e-01	3.4296e-01	0.502872	1
ZNF540	4	6.0285e-01	3.4296e-01	0.502872	2
ESPNL	4	6.0311e-01	3.4296e-01	0.502872	2
GATS	4	6.0319e-01	3.4296e-01	0.502872	2
VCL	4	6.0329e-01	3.4296e-01	0.502872	2
CHMP4C	4	6.0332e-01	3.4296e-01	0.502872	2
RPS6KA5	4	6.0336e-01	3.4296e-01	0.502872	2
NXPE4	4	6.0340e-01	3.4296e-01	0.502872	2
STPG2	4	6.0353e-01	3.4296e-01	0.502872	2
PERP	4	6.0356e-01	3.4296e-01	0.502872	1
CCDC28B	4	6.0358e-01	3.4296e-01	0.502872	1
VPS13B	4	6.0361e-01	3.4296e-01	0.502872	1
DNMT3L	4	6.0366e-01	3.4296e-01	0.502872	1
FAM109A	4	6.0368e-01	3.4296e-01	0.502872	2
GPM6A	4	6.0378e-01	3.4296e-01	0.502872	1
IRAK4	4	6.0381e-01	3.4296e-01	0.502872	2
CLDND1	4	6.0389e-01	3.4296e-01	0.502872	2
TMEM59L	4	6.0397e-01	3.4296e-01	0.502872	2
PHOSPHO2	4	6.0400e-01	3.4296e-01	0.502872	2
DLL4	4	6.0405e-01	3.4296e-01	0.502872	1
CACNA1D	4	6.0407e-01	3.4296e-01	0.502872	2
CCDC177	4	6.0418e-01	3.4296e-01	0.502872	1
SECISBP2L	4	6.0419e-01	3.4296e-01	0.502872	2
CREB5	4	6.0424e-01	3.4296e-01	0.502872	2
STRC	4	6.0426e-01	3.4296e-01	0.502872	1
PHTF1	4	6.0429e-01	3.4296e-01	0.502872	1
ALDH6A1	4	6.0441e-01	3.4296e-01	0.502872	2
RETSAT	4	6.0445e-01	3.4296e-01	0.502872	2
HEY2	4	6.0446e-01	3.4296e-01	0.502872	2
NPIPB5	4	6.0449e-01	3.4296e-01	0.502872	2
OR5F1	4	6.0455e-01	3.4296e-01	0.502872	2
PPTC7	4	6.0460e-01	3.4296e-01	0.502872	2
LRIG3	4	6.0488e-01	3.4296e-01	0.502872	1
TP53TG3D	4	6.0493e-01	3.4296e-01	0.502872	1
SEMA4B	4	6.0494e-01	3.4296e-01	0.502872	2
CAMK1G	4	6.0496e-01	3.4296e-01	0.502872	2
RFPL4A	4	6.0498e-01	3.4296e-01	0.502872	1
GPD2	4	6.0499e-01	3.4296e-01	0.502872	2
REC8	4	6.0504e-01	3.4296e-01	0.502872	1
CRIP2	4	6.0509e-01	3.4296e-01	0.502872	1
AP3S2	4	6.0513e-01	3.4296e-01	0.502872	1
BOLL	4	6.0519e-01	3.4296e-01	0.502872	2
C1orf56	4	6.0529e-01	3.4296e-01	0.502872	2
CDS1	4	6.0558e-01	3.4296e-01	0.502872	1
SRGAP3	4	6.0564e-01	3.4296e-01	0.502872	2
DLG5	4	6.0568e-01	3.4296e-01	0.502872	2
PTPN1	4	6.0570e-01	3.4296e-01	0.502872	1
SLC39A12	4	6.0575e-01	3.4296e-01	0.502872	1
SLC1A2	4	6.0576e-01	3.4296e-01	0.502872	2
CDYL	4	6.0578e-01	3.4296e-01	0.502872	1
TFAP2E	4	6.0586e-01	3.4296e-01	0.502872	1
PRDM11	4	6.0589e-01	3.4296e-01	0.502872	2
HOXA7	4	6.0591e-01	3.4296e-01	0.502872	2
TM9SF1	4	6.0593e-01	3.4296e-01	0.502872	2
LCN10	4	6.0593e-01	3.4296e-01	0.502872	2
GPRASP1	4	6.0602e-01	3.4296e-01	0.502872	2
LPPR5	4	6.0610e-01	3.4296e-01	0.502872	2
FAM83H	4	6.0618e-01	3.4296e-01	0.502872	2
MUC16	4	6.0618e-01	3.4296e-01	0.502872	2
CAPN8	4	6.0631e-01	3.4296e-01	0.502872	2
NMUR2	4	6.0638e-01	3.4296e-01	0.502872	2
YTHDF3	4	6.0638e-01	3.4296e-01	0.502872	1
PXK	4	6.0644e-01	3.4296e-01	0.502872	2
ZNF618	4	6.0657e-01	3.4296e-01	0.502872	2
C14orf37	4	6.0658e-01	3.4296e-01	0.502872	1
MAL2	4	6.0665e-01	3.4296e-01	0.502872	2
C19orf81	4	6.0668e-01	3.4296e-01	0.502872	2
FBXO28	4	6.0683e-01	3.4296e-01	0.502872	2
ROR2	4	6.0691e-01	3.4296e-01	0.502872	2
CCER2	4	6.0699e-01	3.4296e-01	0.502872	2
ZFP69B	4	6.0707e-01	3.4296e-01	0.502872	2
TSPAN2	4	6.0715e-01	3.4296e-01	0.502872	1
SCAMP1	4	6.0717e-01	3.4296e-01	0.502872	2
HIST1H1B	4	6.0720e-01	3.4296e-01	0.502872	2
DCST1	4	6.0723e-01	3.4296e-01	0.502872	2
CAPRIN2	4	6.0725e-01	3.4296e-01	0.502872	2
CSN2	4	6.0729e-01	3.4296e-01	0.502872	2
CEMP1	4	6.0737e-01	3.4296e-01	0.502872	2
AQP10	4	6.0744e-01	3.4296e-01	0.502872	2
RTN4RL1	4	6.0752e-01	3.4477e-01	0.504912	2
PRKACA	4	6.0754e-01	3.4477e-01	0.504912	1
SPECC1L	4	6.0760e-01	3.4477e-01	0.504912	1
C11orf53	4	6.0763e-01	3.4477e-01	0.504912	1
ANKRD53	4	6.0764e-01	3.4477e-01	0.504912	2
THEGL	4	6.0768e-01	3.4477e-01	0.504912	2
ZNF577	4	6.0771e-01	3.4477e-01	0.504912	2
APOBEC3F	4	6.0773e-01	3.4477e-01	0.504912	1
ZNF354C	4	6.0777e-01	3.4477e-01	0.504912	2
OR1L1	4	6.0777e-01	3.4477e-01	0.504912	2
CEACAM21	4	6.0783e-01	3.4477e-01	0.504912	2
IER3IP1	4	6.0789e-01	3.4477e-01	0.504912	1
FAM45A	4	6.0801e-01	3.4477e-01	0.504912	2
B4GALNT2	4	6.0822e-01	3.4477e-01	0.504912	2
SLC38A10	4	6.0827e-01	3.4477e-01	0.504912	1
C6orf62	4	6.0835e-01	3.4477e-01	0.504912	2
LHX4	4	6.0845e-01	3.4846e-01	0.507759	2
ITGA4	4	6.0853e-01	3.4846e-01	0.507759	2
COL3A1	4	6.0856e-01	3.4846e-01	0.507759	2
ZMYM3	4	6.0858e-01	3.4846e-01	0.507759	2
WBP4	4	6.0862e-01	3.4846e-01	0.507759	2
BMI1	4	6.0864e-01	3.4846e-01	0.507759	2
UNC5A	4	6.0879e-01	3.4846e-01	0.507759	2
EXOC7	4	6.0886e-01	3.4846e-01	0.507759	2
NIN	4	6.0905e-01	3.4846e-01	0.507759	2
FRAS1	4	6.0909e-01	3.4846e-01	0.507759	2
LRRC8A	4	6.0913e-01	3.4846e-01	0.507759	2
THEM5	4	6.0917e-01	3.4846e-01	0.507759	1
CCBL2	4	6.0917e-01	3.4846e-01	0.507759	2
TAS2R20	4	6.0924e-01	3.4846e-01	0.507759	1
PSKH2	4	6.0927e-01	3.4846e-01	0.507759	1
HNRNPH2	4	6.0928e-01	3.4846e-01	0.507759	2
USP53	4	6.0930e-01	3.4846e-01	0.507759	2
TMEM101	4	6.0931e-01	3.4846e-01	0.507759	2
PTPN3	4	6.0932e-01	3.4846e-01	0.507759	2
NT5C1B	4	6.0936e-01	3.4846e-01	0.507759	1
CYB561D1	4	6.0943e-01	3.4846e-01	0.507759	2
PCP4L1	4	6.0950e-01	3.4846e-01	0.507759	1
FAM163A	4	6.0953e-01	3.4846e-01	0.507759	2
FGF12	4	6.0957e-01	3.4846e-01	0.507759	2
OR10R2	4	6.0960e-01	3.4846e-01	0.507759	1
N4BP2L2	4	6.0966e-01	3.4846e-01	0.507759	2
SPATA12	4	6.0970e-01	3.4846e-01	0.507759	2
KREMEN2	4	6.0972e-01	3.4846e-01	0.507759	2
ZNF174	4	6.0980e-01	3.4846e-01	0.507759	2
GOLGA8A	4	6.0983e-01	3.4846e-01	0.507759	2
TGM4	4	6.0993e-01	3.4846e-01	0.507759	2
TRMT10B	4	6.1001e-01	3.4846e-01	0.507759	1
ZSCAN10	4	6.1004e-01	3.4846e-01	0.507759	1
IGF1R	4	6.1006e-01	3.4846e-01	0.507759	2
TSPAN10	4	6.1014e-01	3.4846e-01	0.507759	1
CT62	4	6.1034e-01	3.4846e-01	0.507759	2
RGL3	4	6.1037e-01	3.4846e-01	0.507759	1
NPPB	4	6.1050e-01	3.4846e-01	0.507759	2
TXNDC5	4	6.1056e-01	3.4846e-01	0.507759	2
MYH1	4	6.1060e-01	3.4846e-01	0.507759	2
ANKRD28	4	6.1063e-01	3.4846e-01	0.507759	2
NPPA	4	6.1080e-01	3.4846e-01	0.507759	2
FSBP	4	6.1084e-01	3.4846e-01	0.507759	2
FGF21	4	6.1086e-01	3.4846e-01	0.507759	1
PPFIBP2	4	6.1089e-01	3.4846e-01	0.507759	1
KLHL40	4	6.1094e-01	3.4846e-01	0.507759	1
C2orf72	4	6.1094e-01	3.4846e-01	0.507759	2
MOB3C	4	6.1095e-01	3.4846e-01	0.507759	2
PCNXL3	4	6.1104e-01	3.4846e-01	0.507759	2
ZNF664	4	6.1112e-01	3.4846e-01	0.507759	1
KCNK16	4	6.1120e-01	3.4846e-01	0.507759	2
GHITM	4	6.1133e-01	3.5026e-01	0.507759	2
MSRB1	4	6.1147e-01	3.5026e-01	0.507759	1
ING1	4	6.1153e-01	3.5026e-01	0.507759	2
C2orf74	4	6.1164e-01	3.5026e-01	0.507759	2
IRF7	4	6.1166e-01	3.5026e-01	0.507759	1
TMEM204	4	6.1187e-01	3.5026e-01	0.507759	2
PAPD4	4	6.1193e-01	3.5026e-01	0.507759	2
NUP62CL	4	6.1202e-01	3.5026e-01	0.507759	2
ZNF79	4	6.1205e-01	3.5026e-01	0.507759	2
B4GAT1	4	6.1209e-01	3.5026e-01	0.507759	2
ANKRD46	4	6.1212e-01	3.5026e-01	0.507759	2
CMTM6	4	6.1217e-01	3.5026e-01	0.507759	2
TLR4	4	6.1218e-01	3.5026e-01	0.507759	1
HTRA1	4	6.1222e-01	3.5026e-01	0.507759	1
C17orf98	4	6.1249e-01	3.5026e-01	0.507759	1
CHCHD5	4	6.1254e-01	3.5026e-01	0.507759	2
TNFRSF6B	4	6.1257e-01	3.5026e-01	0.507759	1
HLA-F	4	6.1257e-01	3.5026e-01	0.507759	2
CCR7	4	6.1266e-01	3.5026e-01	0.507759	2
TSHZ1	4	6.1292e-01	3.5026e-01	0.507759	1
POPDC3	4	6.1299e-01	3.5026e-01	0.507759	1
SLC10A3	4	6.1303e-01	3.5026e-01	0.507759	2
MALRD1	4	6.1322e-01	3.5026e-01	0.507759	2
COL4A4	4	6.1335e-01	3.5208e-01	0.507759	1
SMIM4	4	6.1342e-01	3.5208e-01	0.507759	2
OR52I2	4	6.1346e-01	3.5208e-01	0.507759	2
PCNX	4	6.1346e-01	3.5208e-01	0.507759	1
USP19	4	6.1355e-01	3.5208e-01	0.507759	2
SLC16A1	4	6.1361e-01	3.5208e-01	0.507759	2
DEFB4B	4	6.1363e-01	3.5208e-01	0.507759	2
AKAP11	4	6.1376e-01	3.5208e-01	0.507759	1
ELMOD2	4	6.1396e-01	3.5208e-01	0.507759	1
MYL4	4	6.1398e-01	3.5208e-01	0.507759	1
SLC44A4	4	6.1406e-01	3.5208e-01	0.507759	1
C6orf118	4	6.1407e-01	3.5208e-01	0.507759	2
PLEKHA6	4	6.1409e-01	3.5208e-01	0.507759	1
CLTB	4	6.1411e-01	3.5208e-01	0.507759	2
SCRG1	4	6.1413e-01	3.5208e-01	0.507759	2
CHRNB2	4	6.1418e-01	3.5208e-01	0.507759	2
WASL	4	6.1425e-01	3.5208e-01	0.507759	2
UBFD1	4	6.1429e-01	3.5208e-01	0.507759	2
RAB40AL	4	6.1431e-01	3.5208e-01	0.507759	1
TBC1D10B	4	6.1434e-01	3.5208e-01	0.507759	1
OR4N5	4	6.1438e-01	3.5208e-01	0.507759	2
KNDC1	4	6.1439e-01	3.5208e-01	0.507759	1
SORCS2	4	6.1449e-01	3.5208e-01	0.507759	2
MTUS2	4	6.1453e-01	3.5208e-01	0.507759	2
WBP2NL	4	6.1462e-01	3.5208e-01	0.507759	1
KLRC3	4	6.1470e-01	3.5208e-01	0.507759	2
SIGLEC1	4	6.1474e-01	3.5208e-01	0.507759	1
CALM3	4	6.1476e-01	3.5208e-01	0.507759	2
FTH1	4	6.1485e-01	3.5208e-01	0.507759	2
UBC	4	6.1491e-01	3.5208e-01	0.507759	2
ITSN1	4	6.1497e-01	3.5208e-01	0.507759	2
EPHX4	4	6.1502e-01	3.5208e-01	0.507759	2
ABCC6	4	6.1510e-01	3.5208e-01	0.507759	1
RTL1	4	6.1512e-01	3.5208e-01	0.507759	2
HSFX2	4	6.1523e-01	3.5208e-01	0.507759	2
PPP1R3C	4	6.1529e-01	3.5208e-01	0.507759	2
OTOS	4	6.1539e-01	3.5208e-01	0.507759	2
C1orf115	4	6.1554e-01	3.5208e-01	0.507759	2
APTX	4	6.1562e-01	3.5208e-01	0.507759	2
RWDD4	4	6.1562e-01	3.5208e-01	0.507759	2
PYROXD2	4	6.1573e-01	3.5208e-01	0.507759	2
DCBLD2	4	6.1576e-01	3.5208e-01	0.507759	2
ZNF599	4	6.1581e-01	3.5208e-01	0.507759	1
SCAPER	4	6.1586e-01	3.5208e-01	0.507759	2
REG1A	4	6.1589e-01	3.5208e-01	0.507759	2
CCR10	4	6.1591e-01	3.5208e-01	0.507759	1
GAB2	4	6.1594e-01	3.5208e-01	0.507759	2
GLOD4	4	6.1598e-01	3.5208e-01	0.507759	2
LYPD6B	4	6.1608e-01	3.5208e-01	0.507759	2
DEFB125	4	6.1615e-01	3.5208e-01	0.507759	2
CTSH	4	6.1619e-01	3.5208e-01	0.507759	2
KCNH3	4	6.1624e-01	3.5208e-01	0.507759	2
ARMCX2	4	6.1625e-01	3.5208e-01	0.507759	2
IGFBP5	4	6.1627e-01	3.5208e-01	0.507759	1
PNPLA3	4	6.1636e-01	3.5208e-01	0.507759	1
RHOF	4	6.1647e-01	3.5208e-01	0.507759	2
MKL2	4	6.1659e-01	3.5208e-01	0.507759	1
OR5B17	4	6.1663e-01	3.5208e-01	0.507759	2
CTRB2	4	6.1664e-01	3.5208e-01	0.507759	1
EVX1	4	6.1668e-01	3.5208e-01	0.507759	1
CST6	4	6.1676e-01	3.5208e-01	0.507759	2
EPB41L4B	4	6.1677e-01	3.5208e-01	0.507759	1
TMTC4	4	6.1680e-01	3.5208e-01	0.507759	1
PSG3	4	6.1684e-01	3.5208e-01	0.507759	1
EFNA4	4	6.1694e-01	3.5208e-01	0.507759	2
C7orf55	4	6.1697e-01	3.5208e-01	0.507759	2
KCNK12	4	6.1705e-01	3.5208e-01	0.507759	2
GABARAPL1	4	6.1711e-01	3.5208e-01	0.507759	1
ACOT8	4	6.1712e-01	3.5208e-01	0.507759	2
MYL9	4	6.1714e-01	3.5208e-01	0.507759	2
SAYSD1	4	6.1714e-01	3.5208e-01	0.507759	1
YBEY	4	6.1723e-01	3.5208e-01	0.507759	2
DNAJC21	4	6.1732e-01	3.5208e-01	0.507759	2
GTF2IRD2B	4	6.1735e-01	3.5208e-01	0.507759	1
ODF3L2	4	6.1735e-01	3.5208e-01	0.507759	2
HLA-DRA	4	6.1737e-01	3.5208e-01	0.507759	2
WTIP	4	6.1740e-01	3.5208e-01	0.507759	2
ZNF607	4	6.1745e-01	3.5208e-01	0.507759	2
SLCO2A1	4	6.1751e-01	3.5208e-01	0.507759	2
ZNF285	4	6.1762e-01	3.5208e-01	0.507759	1
PLK3	4	6.1766e-01	3.5208e-01	0.507759	2
CAPN12	4	6.1779e-01	3.5387e-01	0.507759	2
DNAH10	4	6.1789e-01	3.5387e-01	0.507759	2
HIPK3	4	6.1789e-01	3.5387e-01	0.507759	2
ATP10D	4	6.1798e-01	3.5387e-01	0.507759	2
FBXO10	4	6.1804e-01	3.5387e-01	0.507759	2
BRAF	4	6.1815e-01	3.5387e-01	0.507759	1
VASH1	4	6.1828e-01	3.5387e-01	0.507759	1
MYDGF	4	6.1833e-01	3.5387e-01	0.507759	2
MCMDC2	4	6.1835e-01	3.5387e-01	0.507759	1
IL15RA	4	6.1838e-01	3.5387e-01	0.507759	2
CENPBD1	4	6.1848e-01	3.5387e-01	0.507759	1
KDM6A	4	6.1863e-01	3.5387e-01	0.507759	2
CD200R1	4	6.1865e-01	3.5387e-01	0.507759	2
OR8U1	4	6.1871e-01	3.5387e-01	0.507759	2
GPNMB	4	6.1873e-01	3.5387e-01	0.507759	2
SH2D1A	4	6.1881e-01	3.5387e-01	0.507759	1
TMEM117	4	6.1886e-01	3.5387e-01	0.507759	2
FANCE	4	6.1890e-01	3.5387e-01	0.507759	2
FSCN2	4	6.1902e-01	3.5387e-01	0.507759	2
DCBLD1	4	6.1916e-01	3.5387e-01	0.507759	1
FBN3	4	6.1923e-01	3.5387e-01	0.507759	2
MTHFS	4	6.1923e-01	3.5387e-01	0.507759	1
ALDH1L1	4	6.1928e-01	3.5387e-01	0.507759	2
LTF	4	6.1933e-01	3.5387e-01	0.507759	1
C15orf57	4	6.1935e-01	3.5387e-01	0.507759	2
AFF3	4	6.1945e-01	3.5503e-01	0.507759	2
FAM214B	4	6.1953e-01	3.5503e-01	0.507759	2
ZNF671	4	6.1963e-01	3.5503e-01	0.507759	2
LRCH3	4	6.1968e-01	3.5503e-01	0.507759	1
NRAS	4	6.1971e-01	3.5503e-01	0.507759	2
INSL4	4	6.1973e-01	3.5503e-01	0.507759	1
UBE2R2	4	6.1975e-01	3.5503e-01	0.507759	2
GNPDA2	4	6.1978e-01	3.5503e-01	0.507759	1
MAPK7	4	6.1981e-01	3.5503e-01	0.507759	1
DNAJC18	4	6.1986e-01	3.5503e-01	0.507759	2
MYOD1	4	6.1988e-01	3.5503e-01	0.507759	1
PPBP	4	6.1993e-01	3.5503e-01	0.507759	2
APBB3	4	6.1995e-01	3.5503e-01	0.507759	2
SLC6A8	4	6.1999e-01	3.5503e-01	0.507759	2
ABHD3	4	6.2004e-01	3.5503e-01	0.507759	1
TTC28	4	6.2007e-01	3.5503e-01	0.507759	2
KCNK1	4	6.2010e-01	3.5503e-01	0.507759	2
GIGYF2	4	6.2017e-01	3.5503e-01	0.507759	2
CACNB3	4	6.2026e-01	3.5503e-01	0.507759	1
ZNF572	4	6.2028e-01	3.5503e-01	0.507759	2
AKR1B15	4	6.2029e-01	3.5503e-01	0.507759	1
KNSTRN	4	6.2030e-01	3.5503e-01	0.507759	2
TGM1	4	6.2031e-01	3.5503e-01	0.507759	1
ZFP82	4	6.2035e-01	3.5503e-01	0.507759	2
C1QL1	4	6.2041e-01	3.5503e-01	0.507759	1
HOXA5	4	6.2045e-01	3.5503e-01	0.507759	2
NR1D2	4	6.2046e-01	3.5503e-01	0.507759	1
OR13C2	4	6.2049e-01	3.5503e-01	0.507759	1
NAT1	4	6.2056e-01	3.5503e-01	0.507759	2
MKI67	4	6.2059e-01	3.5503e-01	0.507759	1
GUCY1A3	4	6.2060e-01	3.5503e-01	0.507759	2
UBE2O	4	6.2061e-01	3.5503e-01	0.507759	2
AGAP3	4	6.2074e-01	3.5503e-01	0.507759	2
TMEM151B	4	6.2076e-01	3.5503e-01	0.507759	1
PAQR4	4	6.2084e-01	3.5503e-01	0.507759	2
CCAR2	4	6.2100e-01	3.5503e-01	0.507759	2
OR2T12	4	6.2101e-01	3.5503e-01	0.507759	1
SLC10A4	4	6.2104e-01	3.5503e-01	0.507759	2
TRIM31	4	6.2126e-01	3.5503e-01	0.507759	1
BARX2	4	6.2131e-01	3.5503e-01	0.507759	2
EIF4E1B	4	6.2131e-01	3.5503e-01	0.507759	1
NXPE1	4	6.2141e-01	3.5503e-01	0.507759	2
C2orf50	4	6.2145e-01	3.5503e-01	0.507759	1
OR4K15	4	6.2146e-01	3.5503e-01	0.507759	2
CD47	4	6.2157e-01	3.5503e-01	0.507759	1
C3orf79	4	6.2160e-01	3.5503e-01	0.507759	2
FKBP8	4	6.2161e-01	3.5503e-01	0.507759	1
MICU1	4	6.2169e-01	3.5503e-01	0.507759	2
ADGRG7	4	6.2171e-01	3.5503e-01	0.507759	1
UNC80	4	6.2177e-01	3.5503e-01	0.507759	2
PRR15L	4	6.2179e-01	3.5503e-01	0.507759	2
GUCY2D	4	6.2184e-01	3.5503e-01	0.507759	2
FCER1A	4	6.2197e-01	3.5503e-01	0.507759	1
CYP4A11	4	6.2203e-01	3.5503e-01	0.507759	2
TSPAN12	4	6.2205e-01	3.5503e-01	0.507759	1
GRN	4	6.2211e-01	3.5503e-01	0.507759	2
SSFA2	4	6.2215e-01	3.5503e-01	0.507759	2
FMOD	4	6.2230e-01	3.5503e-01	0.507759	2
FAM170B	4	6.2241e-01	3.5503e-01	0.507759	1
C4orf45	4	6.2246e-01	3.5503e-01	0.507759	1
POU4F1	4	6.2248e-01	3.5503e-01	0.507759	2
SAXO1	4	6.2256e-01	3.5503e-01	0.507759	2
PCDHGA3	4	6.2271e-01	3.5503e-01	0.507759	1
HDDC2	4	6.2273e-01	3.5503e-01	0.507759	2
WDR64	4	6.2273e-01	3.5503e-01	0.507759	1
ACAN	4	6.2288e-01	3.5504e-01	0.507759	1
LOC81691	4	6.2291e-01	3.5504e-01	0.507759	1
ATAD2	4	6.2308e-01	3.5504e-01	0.507759	2
NRG2	4	6.2308e-01	3.5504e-01	0.507759	2
PLEKHG4B	4	6.2308e-01	3.5504e-01	0.507759	1
SORCS3	4	6.2312e-01	3.5504e-01	0.507759	2
NUFIP2	4	6.2315e-01	3.5504e-01	0.507759	2
TRIM23	4	6.2320e-01	3.5504e-01	0.507759	1
FOLR1	4	6.2337e-01	3.5504e-01	0.507759	2
CPS1	4	6.2344e-01	3.5504e-01	0.507759	2
THEM4	4	6.2348e-01	3.5504e-01	0.507759	2
SLC2A13	4	6.2351e-01	3.5504e-01	0.507759	1
NUDT8	4	6.2358e-01	3.5504e-01	0.507759	2
OR4E2	4	6.2361e-01	3.5504e-01	0.507759	2
VSTM1	4	6.2394e-01	3.5504e-01	0.507759	1
TMEM134	4	6.2400e-01	3.5504e-01	0.507759	1
MAP7	4	6.2405e-01	3.5504e-01	0.507759	2
MLLT11	4	6.2416e-01	3.5504e-01	0.507759	2
HGH1	4	6.2428e-01	3.5504e-01	0.507759	2
HIST1H2AL	4	6.2433e-01	3.5504e-01	0.507759	2
NAT16	4	6.2435e-01	3.5504e-01	0.507759	1
IRS2	4	6.2444e-01	3.5504e-01	0.507759	2
OR1L8	4	6.2455e-01	3.5504e-01	0.507759	2
GNG5	4	6.2461e-01	3.5504e-01	0.507759	2
ZNF106	4	6.2468e-01	3.5504e-01	0.507759	1
HAMP	4	6.2479e-01	3.5504e-01	0.507759	2
HECTD4	4	6.2480e-01	3.5504e-01	0.507759	1
CDR2	4	6.2486e-01	3.5504e-01	0.507759	2
HSPA1A	4	6.2495e-01	3.5504e-01	0.507759	1
DDX25	4	6.2496e-01	3.5504e-01	0.507759	2
CREBBP	4	6.2501e-01	3.5504e-01	0.507759	2
NFATC1	4	6.2505e-01	3.5504e-01	0.507759	2
NSD1	4	6.2521e-01	3.5504e-01	0.507759	2
GALNT7	4	6.2524e-01	3.5504e-01	0.507759	2
ZNF701	4	6.2527e-01	3.5504e-01	0.507759	1
CCDC141	4	6.2531e-01	3.5504e-01	0.507759	1
GREM2	4	6.2548e-01	3.5504e-01	0.507759	2
APOPT1	4	6.2570e-01	3.5504e-01	0.507759	2
NR1D1	4	6.2573e-01	3.5504e-01	0.507759	2
DRC1	4	6.2580e-01	3.5504e-01	0.507759	2
USP17L2	4	6.2584e-01	3.5504e-01	0.507759	2
UTS2	4	6.2590e-01	3.5504e-01	0.507759	2
GABRD	4	6.2592e-01	3.5504e-01	0.507759	2
PTPN2	4	6.2596e-01	3.5504e-01	0.507759	2
VWA5A	4	6.2600e-01	3.5504e-01	0.507759	1
DENND6B	4	6.2609e-01	3.5504e-01	0.507759	1
SLC27A2	4	6.2611e-01	3.5504e-01	0.507759	1
PHACTR1	4	6.2617e-01	3.5689e-01	0.507759	2
KCTD15	4	6.2618e-01	3.5689e-01	0.507759	1
FAM153B	4	6.2621e-01	3.5689e-01	0.507759	2
KLF4	4	6.2621e-01	3.5689e-01	0.507759	2
RB1CC1	4	6.2623e-01	3.5689e-01	0.507759	2
DNPEP	4	6.2626e-01	3.5689e-01	0.507759	2
ZNF610	4	6.2628e-01	3.5689e-01	0.507759	2
NKAIN2	4	6.2636e-01	3.5689e-01	0.507759	1
KDM4D	4	6.2638e-01	3.5689e-01	0.507759	2
LRCOL1	4	6.2641e-01	3.5689e-01	0.507759	2
RTP2	4	6.2641e-01	3.5689e-01	0.507759	2
ANXA6	4	6.2651e-01	3.5689e-01	0.507759	2
HIGD1C	4	6.2660e-01	3.5689e-01	0.507759	2
C20orf27	4	6.2664e-01	3.5689e-01	0.507759	2
SFN	4	6.2665e-01	3.5689e-01	0.507759	2
ARHGEF3	4	6.2668e-01	3.5689e-01	0.507759	2
TFAP2C	4	6.2671e-01	3.5689e-01	0.507759	1
BTBD19	4	6.2675e-01	3.5689e-01	0.507759	2
MYBPC2	4	6.2693e-01	3.5689e-01	0.507759	2
PRG2	4	6.2698e-01	3.5689e-01	0.507759	2
CACNA1H	4	6.2718e-01	3.5689e-01	0.507759	2
AKR1C2	4	6.2718e-01	3.5689e-01	0.507759	2
EXOG	4	6.2723e-01	3.5689e-01	0.507759	2
SPHKAP	4	6.2727e-01	3.5689e-01	0.507759	2
OSR2	4	6.2733e-01	3.5689e-01	0.507759	2
ASNSD1	4	6.2735e-01	3.5689e-01	0.507759	2
ELOVL1	4	6.2739e-01	3.5689e-01	0.507759	2
PLOD3	4	6.2745e-01	3.5689e-01	0.507759	1
SPATA3	4	6.2746e-01	3.5689e-01	0.507759	2
NHS	4	6.2755e-01	3.5689e-01	0.507759	2
MRPS36	4	6.2769e-01	3.5689e-01	0.507759	2
C7orf49	4	6.2773e-01	3.5689e-01	0.507759	2
CCDC33	4	6.2775e-01	3.5689e-01	0.507759	2
MYADML2	4	6.2776e-01	3.5689e-01	0.507759	1
BTBD9	4	6.2778e-01	3.5689e-01	0.507759	2
HSPB11	4	6.2779e-01	3.5689e-01	0.507759	1
CLEC19A	4	6.2804e-01	3.5689e-01	0.507759	2
CLEC12B	4	6.2819e-01	3.5689e-01	0.507759	1
PPARG	4	6.2829e-01	3.5689e-01	0.507759	1
AFAP1L2	4	6.2837e-01	3.5689e-01	0.507759	2
HAGH	4	6.2840e-01	3.5689e-01	0.507759	2
FAM83A	4	6.2841e-01	3.5689e-01	0.507759	1
GLIPR1L2	4	6.2844e-01	3.5689e-01	0.507759	2
AREG	4	6.2864e-01	3.5689e-01	0.507759	2
OGFR	4	6.2867e-01	3.5689e-01	0.507759	2
OR5J2	4	6.2869e-01	3.5689e-01	0.507759	2
RAI14	4	6.2873e-01	3.5689e-01	0.507759	1
PPP1R3A	4	6.2877e-01	3.5689e-01	0.507759	1
GNS	4	6.2877e-01	3.5689e-01	0.507759	2
SETMAR	4	6.2884e-01	3.5689e-01	0.507759	2
PI4K2B	4	6.2890e-01	3.5689e-01	0.507759	1
MTERF1	4	6.2892e-01	3.5689e-01	0.507759	2
EPAS1	4	6.2896e-01	3.5689e-01	0.507759	2
PTCHD2	4	6.2906e-01	3.5689e-01	0.507759	1
WIPF2	4	6.2908e-01	3.5689e-01	0.507759	2
CCDC92	4	6.2915e-01	3.5689e-01	0.507759	2
APBB1	4	6.2921e-01	3.5689e-01	0.507759	1
R3HDM4	4	6.2927e-01	3.5689e-01	0.507759	2
PARP10	4	6.2937e-01	3.5689e-01	0.507759	1
TMEM156	4	6.2958e-01	3.5689e-01	0.507759	2
CCDC42	4	6.2970e-01	3.5689e-01	0.507759	2
APLF	4	6.2970e-01	3.5689e-01	0.507759	2
GLYATL3	4	6.2974e-01	3.5689e-01	0.507759	1
INPP5F	4	6.2978e-01	3.5689e-01	0.507759	1
DPP8	4	6.2981e-01	3.5689e-01	0.507759	1
FAM49A	4	6.2984e-01	3.5689e-01	0.507759	2
TPH1	4	6.2987e-01	3.5689e-01	0.507759	2
FOXL2NB	4	6.2989e-01	3.5689e-01	0.507759	2
PCCA	4	6.2991e-01	3.5689e-01	0.507759	1
LYRM7	4	6.3005e-01	3.5689e-01	0.507759	2
GBP1	4	6.3007e-01	3.5689e-01	0.507759	2
HGFAC	4	6.3011e-01	3.5689e-01	0.507759	1
BMPR2	4	6.3014e-01	3.5689e-01	0.507759	2
FBXL13	4	6.3014e-01	3.5689e-01	0.507759	2
TNFRSF11A	4	6.3016e-01	3.5689e-01	0.507759	1
GALNT12	4	6.3018e-01	3.5689e-01	0.507759	1
STC2	4	6.3019e-01	3.5689e-01	0.507759	2
SHE	4	6.3021e-01	3.5689e-01	0.507759	1
TOR1AIP2	4	6.3027e-01	3.5689e-01	0.507759	1
BPGM	4	6.3029e-01	3.5689e-01	0.507759	2
PLA1A	4	6.3040e-01	3.5689e-01	0.507759	1
FUBP3	4	6.3041e-01	3.5689e-01	0.507759	2
CETN1	4	6.3043e-01	3.5689e-01	0.507759	2
RELA	4	6.3045e-01	3.5689e-01	0.507759	2
SULF1	4	6.3046e-01	3.5689e-01	0.507759	2
DGKA	4	6.3053e-01	3.5689e-01	0.507759	1
KDELR1	4	6.3054e-01	3.5689e-01	0.507759	2
PRSS2	4	6.3065e-01	3.5689e-01	0.507759	2
MYO6	4	6.3065e-01	3.5689e-01	0.507759	1
MMP14	4	6.3072e-01	3.5689e-01	0.507759	2
C17orf70	4	6.3072e-01	3.5689e-01	0.507759	1
ZNF770	4	6.3076e-01	3.5802e-01	0.507792	1
FSIP1	4	6.3080e-01	3.5802e-01	0.507792	1
SGK223	4	6.3083e-01	3.5802e-01	0.507792	1
TNS4	4	6.3090e-01	3.5802e-01	0.507792	2
MPC2	4	6.3101e-01	3.5802e-01	0.507792	2
NUB1	4	6.3104e-01	3.5802e-01	0.507792	1
CHRDL1	4	6.3116e-01	3.5802e-01	0.507792	2
ITGAL	4	6.3126e-01	3.5802e-01	0.507792	1
L2HGDH	4	6.3136e-01	3.5802e-01	0.507792	2
IGLL1	4	6.3139e-01	3.5802e-01	0.507792	1
AMMECR1L	4	6.3141e-01	3.5802e-01	0.507792	2
LYST	4	6.3150e-01	3.5802e-01	0.507792	2
METTL21B	4	6.3150e-01	3.5802e-01	0.507792	2
KCNV1	4	6.3151e-01	3.5802e-01	0.507792	1
EMD	4	6.3156e-01	3.5802e-01	0.507792	2
FAM209B	4	6.3160e-01	3.5802e-01	0.507792	2
SCG2	4	6.3165e-01	3.5802e-01	0.507792	1
ROM1	4	6.3168e-01	3.5802e-01	0.507792	1
SNN	4	6.3173e-01	3.5802e-01	0.507792	2
TNFRSF13C	4	6.3178e-01	3.5979e-01	0.507792	1
PVRL1	4	6.3179e-01	3.5979e-01	0.507792	2
OR51A2	4	6.3192e-01	3.5979e-01	0.507792	1
TFCP2	4	6.3200e-01	3.5979e-01	0.507792	1
ARG2	4	6.3211e-01	3.5979e-01	0.507792	1
TMED6	4	6.3213e-01	3.5979e-01	0.507792	2
DNASE1L2	4	6.3224e-01	3.5979e-01	0.507792	1
LPIN3	4	6.3232e-01	3.5979e-01	0.507792	1
FLAD1	4	6.3236e-01	3.5979e-01	0.507792	1
OR10G8	4	6.3265e-01	3.6159e-01	0.507792	2
LYZ	4	6.3284e-01	3.6159e-01	0.507792	1
KDELC2	4	6.3285e-01	3.6159e-01	0.507792	2
ZNF446	4	6.3290e-01	3.6159e-01	0.507792	2
PDZK1IP1	4	6.3298e-01	3.6159e-01	0.507792	2
EDDM3B	4	6.3306e-01	3.6159e-01	0.507792	2
PGBD5	4	6.3312e-01	3.6159e-01	0.507792	1
OR2A1	4	6.3319e-01	3.6159e-01	0.507792	2
GMPR	4	6.3321e-01	3.6159e-01	0.507792	1
GRAMD1C	4	6.3329e-01	3.6159e-01	0.507792	2
KIAA0825	4	6.3330e-01	3.6159e-01	0.507792	1
ITPKA	4	6.3339e-01	3.6159e-01	0.507792	1
TMEM236	4	6.3341e-01	3.6159e-01	0.507792	2
SLC22A3	4	6.3356e-01	3.6159e-01	0.507792	1
THEG5	4	6.3364e-01	3.6159e-01	0.507792	2
CYP4F2	4	6.3369e-01	3.6159e-01	0.507792	2
EIF4EBP2	4	6.3377e-01	3.6159e-01	0.507792	1
AMHR2	4	6.3380e-01	3.6159e-01	0.507792	1
C1QTNF5	4	6.3381e-01	3.6159e-01	0.507792	2
CD300LB	4	6.3392e-01	3.6159e-01	0.507792	2
IRF4	4	6.3393e-01	3.6159e-01	0.507792	1
AIG1	4	6.3399e-01	3.6159e-01	0.507792	2
NR3C1	4	6.3405e-01	3.6159e-01	0.507792	2
C9orf173	4	6.3420e-01	3.6159e-01	0.507792	2
PBX4	4	6.3429e-01	3.6159e-01	0.507792	1
CYP4F3	4	6.3449e-01	3.6159e-01	0.507792	2
SETD6	4	6.3452e-01	3.6159e-01	0.507792	2
IRF2BPL	4	6.3453e-01	3.6159e-01	0.507792	2
LRRC39	4	6.3461e-01	3.6159e-01	0.507792	2
OLIG2	4	6.3465e-01	3.6159e-01	0.507792	2
OVCH2	4	6.3467e-01	3.6159e-01	0.507792	2
FGFBP1	4	6.3469e-01	3.6159e-01	0.507792	2
BRICD5	4	6.3471e-01	3.6159e-01	0.507792	1
MTUS1	4	6.3476e-01	3.6159e-01	0.507792	2
ATG4D	4	6.3482e-01	3.6159e-01	0.507792	2
VDR	4	6.3486e-01	3.6159e-01	0.507792	2
HACD4	4	6.3488e-01	3.6159e-01	0.507792	2
GNA15	4	6.3492e-01	3.6159e-01	0.507792	1
MID1	4	6.3494e-01	3.6159e-01	0.507792	2
SCAI	4	6.3496e-01	3.6159e-01	0.507792	2
SPTY2D1	4	6.3500e-01	3.6159e-01	0.507792	2
RMND1	4	6.3507e-01	3.6159e-01	0.507792	2
EFS	4	6.3509e-01	3.6159e-01	0.507792	2
CCDC3	4	6.3517e-01	3.6159e-01	0.507792	2
ZEB1	4	6.3550e-01	3.6159e-01	0.507792	1
CCDC82	4	6.3551e-01	3.6159e-01	0.507792	2
ADGRA1	4	6.3551e-01	3.6159e-01	0.507792	2
ADGRE1	4	6.3560e-01	3.6159e-01	0.507792	2
CHMP1A	4	6.3568e-01	3.6159e-01	0.507792	1
UHRF1BP1L	4	6.3571e-01	3.6159e-01	0.507792	2
IGSF9B	4	6.3573e-01	3.6159e-01	0.507792	2
NDUFAF4	4	6.3576e-01	3.6159e-01	0.507792	2
WDR88	4	6.3593e-01	3.6159e-01	0.507792	2
ZFAND6	4	6.3595e-01	3.6159e-01	0.507792	2
RHOC	4	6.3599e-01	3.6159e-01	0.507792	1
OTOA	4	6.3601e-01	3.6159e-01	0.507792	2
CT47A11	4	6.3605e-01	3.6159e-01	0.507792	2
BFAR	4	6.3612e-01	3.6159e-01	0.507792	1
KRTAP10-4	4	6.3618e-01	3.6159e-01	0.507792	2
OR10A3	4	6.3620e-01	3.6159e-01	0.507792	2
SEC14L6	4	6.3621e-01	3.6159e-01	0.507792	1
HDLBP	4	6.3622e-01	3.6159e-01	0.507792	2
STRADB	4	6.3626e-01	3.6159e-01	0.507792	2
DND1	4	6.3637e-01	3.6159e-01	0.507792	2
SNX29	4	6.3642e-01	3.6159e-01	0.507792	2
ARHGAP21	4	6.3643e-01	3.6159e-01	0.507792	1
SLC46A2	4	6.3649e-01	3.6159e-01	0.507792	2
SH3BP1	4	6.3652e-01	3.6159e-01	0.507792	2
DEFB130	4	6.3658e-01	3.6159e-01	0.507792	1
KRTAP1-5	4	6.3670e-01	3.6159e-01	0.507792	2
CPEB2	4	6.3676e-01	3.6159e-01	0.507792	2
ADCY8	4	6.3678e-01	3.6159e-01	0.507792	2
LTB	4	6.3682e-01	3.6159e-01	0.507792	2
SLAIN1	4	6.3690e-01	3.6159e-01	0.507792	2
CRTAP	4	6.3699e-01	3.6159e-01	0.507792	1
UMAD1	4	6.3713e-01	3.6342e-01	0.507792	2
SPAG11B	4	6.3716e-01	3.6342e-01	0.507792	2
C1orf174	4	6.3719e-01	3.6342e-01	0.507792	2
RNF103	4	6.3725e-01	3.6342e-01	0.507792	1
TRIM27	4	6.3727e-01	3.6342e-01	0.507792	2
C9orf69	4	6.3729e-01	3.6342e-01	0.507792	2
OR1L6	4	6.3738e-01	3.6342e-01	0.507792	2
LCE1A	4	6.3740e-01	3.6342e-01	0.507792	1
CDH10	4	6.3750e-01	3.6342e-01	0.507792	2
MRFAP1L1	4	6.3751e-01	3.6342e-01	0.507792	1
APOBEC2	4	6.3754e-01	3.6342e-01	0.507792	2
GALNT2	4	6.3757e-01	3.6342e-01	0.507792	1
ACSM2B	4	6.3758e-01	3.6342e-01	0.507792	2
DLGAP3	4	6.3770e-01	3.6342e-01	0.507792	2
REM1	4	6.3781e-01	3.6342e-01	0.507792	2
C6orf89	4	6.3787e-01	3.6342e-01	0.507792	2
TXNDC2	4	6.3789e-01	3.6342e-01	0.507792	2
ANKFN1	4	6.3791e-01	3.6342e-01	0.507792	2
CA4	4	6.3796e-01	3.6342e-01	0.507792	1
NIPA2	4	6.3805e-01	3.6342e-01	0.507792	2
RNASE3	4	6.3806e-01	3.6342e-01	0.507792	2
ZNF287	4	6.3810e-01	3.6342e-01	0.507792	2
ACSL6	4	6.3810e-01	3.6342e-01	0.507792	1
GPR33	4	6.3812e-01	3.6342e-01	0.507792	2
PPP1R32	4	6.3816e-01	3.6342e-01	0.507792	2
BAG1	4	6.3826e-01	3.6342e-01	0.507792	2
ACAD9	4	6.3827e-01	3.6342e-01	0.507792	1
PDXK	4	6.3834e-01	3.6342e-01	0.507792	1
KIAA1217	4	6.3836e-01	3.6342e-01	0.507792	2
SLC9A1	4	6.3840e-01	3.6342e-01	0.507792	2
AKAP1	4	6.3846e-01	3.6342e-01	0.507792	2
SERPINB11	4	6.3851e-01	3.6342e-01	0.507792	2
FAM26D	4	6.3857e-01	3.6342e-01	0.507792	2
GDF1	4	6.3868e-01	3.6342e-01	0.507792	2
DAGLA	4	6.3873e-01	3.6342e-01	0.507792	2
MLN	4	6.3879e-01	3.6342e-01	0.507792	2
KCNJ3	4	6.3880e-01	3.6342e-01	0.507792	1
IFT88	4	6.3883e-01	3.6342e-01	0.507792	1
ENTPD7	4	6.3884e-01	3.6342e-01	0.507792	2
PAAF1	4	6.3885e-01	3.6342e-01	0.507792	1
SH2B1	4	6.3890e-01	3.6342e-01	0.507792	2
TEX30	4	6.3899e-01	3.6342e-01	0.507792	1
FNDC7	4	6.3914e-01	3.6342e-01	0.507792	2
TLK1	4	6.3916e-01	3.6342e-01	0.507792	1
HLA-DMB	4	6.3919e-01	3.6342e-01	0.507792	2
KLHL25	4	6.3931e-01	3.6342e-01	0.507792	1
SFTA3	4	6.3933e-01	3.6342e-01	0.507792	2
SH3BGRL2	4	6.3933e-01	3.6342e-01	0.507792	1
ZCCHC6	4	6.3936e-01	3.6342e-01	0.507792	2
ACP1	4	6.3945e-01	3.6342e-01	0.507792	1
TIE1	4	6.3951e-01	3.6342e-01	0.507792	1
NUGGC	4	6.3953e-01	3.6342e-01	0.507792	2
CYBA	4	6.3960e-01	3.6342e-01	0.507792	1
ECEL1	4	6.3962e-01	3.6342e-01	0.507792	2
LRRC43	4	6.3970e-01	3.6342e-01	0.507792	2
PACRG	4	6.3977e-01	3.6342e-01	0.507792	1
RHOT1	4	6.3978e-01	3.6342e-01	0.507792	2
C9orf89	4	6.3985e-01	3.6342e-01	0.507792	2
CCDC9	4	6.3985e-01	3.6342e-01	0.507792	2
SCAMP5	4	6.3989e-01	3.6342e-01	0.507792	2
ACAT2	4	6.3996e-01	3.6342e-01	0.507792	2
LATS2	4	6.3998e-01	3.6342e-01	0.507792	1
ARHGAP36	4	6.4003e-01	3.6342e-01	0.507792	1
C16orf78	4	6.4008e-01	3.6342e-01	0.507792	1
RAB11FIP3	4	6.4009e-01	3.6342e-01	0.507792	2
COMMD1	4	6.4013e-01	3.6342e-01	0.507792	1
BTBD7	4	6.4016e-01	3.6342e-01	0.507792	2
EDNRB	4	6.4027e-01	3.6342e-01	0.507792	2
PRR27	4	6.4028e-01	3.6342e-01	0.507792	1
SAPCD1	4	6.4032e-01	3.6342e-01	0.507792	2
ATP8A1	4	6.4036e-01	3.6342e-01	0.507792	2
CHST2	4	6.4037e-01	3.6342e-01	0.507792	1
GPR88	4	6.4042e-01	3.6342e-01	0.507792	2
SPAG8	4	6.4098e-01	3.6342e-01	0.507792	1
VAPB	4	6.4111e-01	3.6342e-01	0.507792	1
MAP2K4	4	6.4116e-01	3.6342e-01	0.507792	1
DRD1	4	6.4121e-01	3.6342e-01	0.507792	1
ZBTB39	4	6.4121e-01	3.6342e-01	0.507792	2
ECSCR	4	6.4127e-01	3.6342e-01	0.507792	1
KCTD14	4	6.4127e-01	3.6342e-01	0.507792	1
RASSF5	4	6.4131e-01	3.6342e-01	0.507792	2
ADRA1B	4	6.4131e-01	3.6342e-01	0.507792	2
APP	4	6.4135e-01	3.6342e-01	0.507792	1
SEMA3F	4	6.4142e-01	3.6342e-01	0.507792	2
NT5C1A	4	6.4142e-01	3.6342e-01	0.507792	2
ENDOU	4	6.4144e-01	3.6342e-01	0.507792	2
C2orf68	4	6.4145e-01	3.6342e-01	0.507792	2
B2M	4	6.4151e-01	3.6342e-01	0.507792	2
PLIN4	4	6.4162e-01	3.6342e-01	0.507792	1
SLC22A8	4	6.4169e-01	3.6342e-01	0.507792	2
TCEAL5	4	6.4171e-01	3.6342e-01	0.507792	2
NUDT9	4	6.4177e-01	3.6342e-01	0.507792	2
CIDEA	4	6.4181e-01	3.6342e-01	0.507792	1
SLC13A2	4	6.4183e-01	3.6342e-01	0.507792	1
HIST1H2AM	4	6.4187e-01	3.6342e-01	0.507792	2
PRKAA2	4	6.4200e-01	3.6524e-01	0.507792	2
DBNDD2	4	6.4202e-01	3.6524e-01	0.507792	2
YAP1	4	6.4212e-01	3.6524e-01	0.507792	2
ANKRD39	4	6.4214e-01	3.6524e-01	0.507792	2
ALMS1	4	6.4220e-01	3.6524e-01	0.507792	2
TSNAX	4	6.4230e-01	3.6524e-01	0.507792	2
KRT31	4	6.4237e-01	3.6524e-01	0.507792	1
DUSP27	4	6.4239e-01	3.6524e-01	0.507792	2
MED14OS	4	6.4245e-01	3.6524e-01	0.507792	1
SLC39A8	4	6.4246e-01	3.6524e-01	0.507792	2
AGO4	4	6.4251e-01	3.6524e-01	0.507792	1
ZBTB48	4	6.4261e-01	3.6524e-01	0.507792	1
ZNF326	4	6.4266e-01	3.6524e-01	0.507792	2
CTRL	4	6.4279e-01	3.6524e-01	0.507792	1
CT47A9	4	6.4292e-01	3.6524e-01	0.507792	2
PER3	4	6.4293e-01	3.6524e-01	0.507792	1
KCNS3	4	6.4298e-01	3.6524e-01	0.507792	2
CEBPD	4	6.4300e-01	3.6524e-01	0.507792	2
CRYGB	4	6.4304e-01	3.6524e-01	0.507792	2
CCL15	4	6.4309e-01	3.6524e-01	0.507792	1
SLC51A	4	6.4315e-01	3.6524e-01	0.507792	1
SOX9	4	6.4318e-01	3.6524e-01	0.507792	1
IGSF3	4	6.4322e-01	3.6524e-01	0.507792	1
KCNC1	4	6.4331e-01	3.6524e-01	0.507792	2
NCOR2	4	6.4335e-01	3.6524e-01	0.507792	2
F11	4	6.4343e-01	3.6524e-01	0.507792	2
NPVF	4	6.4353e-01	3.6524e-01	0.507792	1
AREL1	4	6.4372e-01	3.6524e-01	0.507792	2
MOCS2	4	6.4372e-01	3.6524e-01	0.507792	2
TMEM9B	4	6.4388e-01	3.6524e-01	0.507792	2
RBP5	4	6.4400e-01	3.6524e-01	0.507792	2
KCNH5	4	6.4401e-01	3.6524e-01	0.507792	1
ZDHHC22	4	6.4407e-01	3.6524e-01	0.507792	2
MICALL1	4	6.4413e-01	3.6524e-01	0.507792	2
NFKBID	4	6.4421e-01	3.6524e-01	0.507792	2
PTK7	4	6.4425e-01	3.6524e-01	0.507792	1
ZNF562	4	6.4429e-01	3.6524e-01	0.507792	2
ASPG	4	6.4431e-01	3.6524e-01	0.507792	2
DNAJB6	4	6.4432e-01	3.6524e-01	0.507792	1
PIFO	4	6.4446e-01	3.6524e-01	0.507792	2
MYH14	4	6.4453e-01	3.6524e-01	0.507792	2
POM121L12	4	6.4453e-01	3.6524e-01	0.507792	1
ZNF804B	4	6.4461e-01	3.6524e-01	0.507792	1
HSD17B4	4	6.4465e-01	3.6524e-01	0.507792	2
ZNF773	4	6.4468e-01	3.6524e-01	0.507792	2
CHRM5	4	6.4474e-01	3.6524e-01	0.507792	2
TEX13A	4	6.4475e-01	3.6524e-01	0.507792	1
SMAD2	4	6.4478e-01	3.6524e-01	0.507792	2
LIX1	4	6.4481e-01	3.6524e-01	0.507792	2
PASD1	4	6.4492e-01	3.6524e-01	0.507792	2
MKX	4	6.4507e-01	3.6524e-01	0.507792	2
MMP15	4	6.4518e-01	3.6524e-01	0.507792	1
INPP1	4	6.4521e-01	3.6524e-01	0.507792	2
ZSCAN16	4	6.4522e-01	3.6524e-01	0.507792	1
SERPINB3	4	6.4523e-01	3.6524e-01	0.507792	2
HEXDC	4	6.4525e-01	3.6524e-01	0.507792	1
CLEC4F	4	6.4525e-01	3.6524e-01	0.507792	2
SLC8A2	4	6.4528e-01	3.6524e-01	0.507792	2
ENPP3	4	6.4539e-01	3.6524e-01	0.507792	1
DAXX	4	6.4541e-01	3.6524e-01	0.507792	1
PCOLCE	4	6.4543e-01	3.6524e-01	0.507792	2
TSPAN5	4	6.4558e-01	3.6524e-01	0.507792	1
FAM101A	4	6.4560e-01	3.6524e-01	0.507792	2
ASTE1	4	6.4564e-01	3.6524e-01	0.507792	2
ZNF534	4	6.4566e-01	3.6524e-01	0.507792	2
SCP2	4	6.4572e-01	3.6524e-01	0.507792	1
POU3F2	4	6.4577e-01	3.6524e-01	0.507792	2
UCKL1	4	6.4577e-01	3.6524e-01	0.507792	1
TNFRSF10C	4	6.4584e-01	3.6524e-01	0.507792	2
BZW2	4	6.4586e-01	3.6524e-01	0.507792	2
TTC39B	4	6.4588e-01	3.6524e-01	0.507792	2
YPEL3	4	6.4592e-01	3.6524e-01	0.507792	2
PSMA8	4	6.4599e-01	3.6524e-01	0.507792	2
EIF4G3	4	6.4601e-01	3.6524e-01	0.507792	2
GGACT	4	6.4603e-01	3.6524e-01	0.507792	2
CYYR1	4	6.4609e-01	3.6524e-01	0.507792	2
GTF2A1L	4	6.4609e-01	3.6524e-01	0.507792	2
PPIB	4	6.4609e-01	3.6524e-01	0.507792	2
ASGR2	4	6.4625e-01	3.6524e-01	0.507792	2
ZNF397	3	6.4628e-01	3.6252e-01	0.507792	1
MT1HL1	4	6.4637e-01	3.6706e-01	0.507792	1
PRSS50	4	6.4637e-01	3.6706e-01	0.507792	2
PRDM14	4	6.4639e-01	3.6706e-01	0.507792	1
ITPRIP	4	6.4648e-01	3.6706e-01	0.507792	1
NNT	4	6.4651e-01	3.6706e-01	0.507792	2
TNFSF12	4	6.4659e-01	3.6706e-01	0.507792	2
CCDC37	4	6.4659e-01	3.6706e-01	0.507792	2
FOXS1	4	6.4660e-01	3.6706e-01	0.507792	1
HERC5	4	6.4672e-01	3.6706e-01	0.507792	2
C2orf81	4	6.4676e-01	3.6706e-01	0.507792	2
SPANXN1	4	6.4684e-01	3.6706e-01	0.507792	2
ZNF146	4	6.4689e-01	3.6706e-01	0.507792	1
SLC29A2	4	6.4693e-01	3.6706e-01	0.507792	2
PACS1	4	6.4699e-01	3.6706e-01	0.507792	2
ZDHHC12	4	6.4703e-01	3.6706e-01	0.507792	1
MGARP	4	6.4707e-01	3.6706e-01	0.507792	2
PTHLH	4	6.4713e-01	3.6706e-01	0.507792	2
GZMM	4	6.4720e-01	3.6706e-01	0.507792	1
SLC16A11	4	6.4729e-01	3.6706e-01	0.507792	2
GZMK	4	6.4731e-01	3.6706e-01	0.507792	2
ADGRV1	4	6.4741e-01	3.6706e-01	0.507792	1
DLK2	4	6.4741e-01	3.6706e-01	0.507792	2
COX7C	4	6.4743e-01	3.6706e-01	0.507792	2
HECW1	4	6.4743e-01	3.6706e-01	0.507792	2
DCHS1	4	6.4750e-01	3.6706e-01	0.507792	1
TMEM107	4	6.4760e-01	3.6706e-01	0.507792	1
HDGFRP3	4	6.4762e-01	3.6706e-01	0.507792	1
SLC22A15	4	6.4764e-01	3.6706e-01	0.507792	2
GON4L	4	6.4764e-01	3.6706e-01	0.507792	2
LPL	4	6.4765e-01	3.6706e-01	0.507792	1
SFRP5	4	6.4767e-01	3.6706e-01	0.507792	1
GLTPD2	4	6.4768e-01	3.6706e-01	0.507792	2
MOAP1	4	6.4774e-01	3.6706e-01	0.507792	2
POTEB	4	6.4776e-01	3.6706e-01	0.507792	1
TPTE2	4	6.4777e-01	3.6706e-01	0.507792	2
TJP2	4	6.4790e-01	3.6706e-01	0.507792	1
ATAT1	4	6.4808e-01	3.6706e-01	0.507792	2
PIGR	4	6.4817e-01	3.6706e-01	0.507792	2
HDHD3	4	6.4827e-01	3.6706e-01	0.507792	1
OR5V1	4	6.4830e-01	3.6706e-01	0.507792	2
RBM15	4	6.4841e-01	3.6706e-01	0.507792	2
PRDM9	4	6.4843e-01	3.6706e-01	0.507792	2
RGS9BP	4	6.4845e-01	3.6706e-01	0.507792	2
ESRRG	4	6.4850e-01	3.6706e-01	0.507792	1
SMAP1	4	6.4852e-01	3.6706e-01	0.507792	1
GAD2	4	6.4865e-01	3.6706e-01	0.507792	2
C1QL4	4	6.4875e-01	3.6706e-01	0.507792	2
GBA2	4	6.4880e-01	3.6706e-01	0.507792	2
NDUFA12	4	6.4882e-01	3.6706e-01	0.507792	2
PWWP2B	4	6.4886e-01	3.6706e-01	0.507792	2
UBL4A	4	6.4891e-01	3.6706e-01	0.507792	1
OR8B4	4	6.4892e-01	3.6706e-01	0.507792	2
GLT8D2	4	6.4892e-01	3.6706e-01	0.507792	2
CLDN19	4	6.4895e-01	3.6706e-01	0.507792	1
EFHD1	4	6.4898e-01	3.6706e-01	0.507792	2
IL22RA1	4	6.4912e-01	3.6706e-01	0.507792	1
PIDD1	4	6.4914e-01	3.6706e-01	0.507792	2
SUMO3	4	6.4918e-01	3.6706e-01	0.507792	1
CYP2D6	4	6.4934e-01	3.6706e-01	0.507792	2
METRNL	4	6.4934e-01	3.6706e-01	0.507792	2
C3orf84	4	6.4937e-01	3.6706e-01	0.507792	2
SYT7	4	6.4941e-01	3.6706e-01	0.507792	2
IRF2BP1	4	6.4943e-01	3.6706e-01	0.507792	2
PAX2	4	6.4953e-01	3.6706e-01	0.507792	2
SIAH2	4	6.4954e-01	3.6706e-01	0.507792	1
RALGPS1	4	6.4955e-01	3.6706e-01	0.507792	2
ADAMTS5	4	6.4980e-01	3.6706e-01	0.507792	2
PRR25	4	6.4998e-01	3.6706e-01	0.507792	2
TSN	4	6.5003e-01	3.6706e-01	0.507792	1
NR2C1	4	6.5008e-01	3.6706e-01	0.507792	2
SWI5	4	6.5015e-01	3.6706e-01	0.507792	1
MYLK2	4	6.5022e-01	3.6706e-01	0.507792	1
DIRAS2	4	6.5024e-01	3.6706e-01	0.507792	2
LOC101927844	4	6.5027e-01	3.6706e-01	0.507792	2
NPY1R	4	6.5034e-01	3.6706e-01	0.507792	2
TCTA	4	6.5043e-01	3.6706e-01	0.507792	2
EPHB3	4	6.5048e-01	3.6706e-01	0.507792	2
TAS2R8	4	6.5050e-01	3.6706e-01	0.507792	1
SLC18A3	4	6.5051e-01	3.6706e-01	0.507792	2
IBSP	4	6.5055e-01	3.6706e-01	0.507792	1
TCP11L1	4	6.5057e-01	3.6706e-01	0.507792	2
CHRNA3	4	6.5062e-01	3.6706e-01	0.507792	2
PRR5L	4	6.5065e-01	3.6706e-01	0.507792	2
DISP2	4	6.5069e-01	3.6706e-01	0.507792	2
OTUD6A	4	6.5072e-01	3.6706e-01	0.507792	2
SSR4	4	6.5076e-01	3.6706e-01	0.507792	1
PEPD	4	6.5078e-01	3.6706e-01	0.507792	2
ATOH1	4	6.5089e-01	3.6706e-01	0.507792	2
CKM	4	6.5093e-01	3.6706e-01	0.507792	2
SPATA22	4	6.5095e-01	3.6706e-01	0.507792	2
BRD3	4	6.5099e-01	3.6706e-01	0.507792	2
IL3	4	6.5107e-01	3.6706e-01	0.507792	1
SLPI	4	6.5107e-01	3.6706e-01	0.507792	2
NAP1L1	4	6.5113e-01	3.6706e-01	0.507792	2
PTH	4	6.5116e-01	3.6706e-01	0.507792	1
SLC5A10	4	6.5130e-01	3.6706e-01	0.507792	2
GSR	4	6.5136e-01	3.6706e-01	0.507792	2
BPY2C	4	6.5140e-01	3.6706e-01	0.507792	1
MSMP	4	6.5144e-01	3.6706e-01	0.507792	2
OR51I2	4	6.5146e-01	3.6706e-01	0.507792	2
FOXI1	4	6.5147e-01	3.6706e-01	0.507792	1
CWH43	4	6.5154e-01	3.6706e-01	0.507792	2
KRT24	4	6.5168e-01	3.6706e-01	0.507792	1
ZNF83	4	6.5168e-01	3.6706e-01	0.507792	2
LCNL1	4	6.5170e-01	3.6891e-01	0.508764	2
TGIF2LX	4	6.5177e-01	3.6891e-01	0.508764	2
SUV420H1	4	6.5182e-01	3.6891e-01	0.508764	2
STAM	4	6.5187e-01	3.6891e-01	0.508764	2
SDHA	4	6.5190e-01	3.6891e-01	0.508764	2
GARNL3	4	6.5197e-01	3.6891e-01	0.508764	2
AKAP14	4	6.5217e-01	3.6891e-01	0.508764	1
C12orf43	4	6.5225e-01	3.6891e-01	0.508764	2
RDM1	4	6.5227e-01	3.6891e-01	0.508764	2
SEC61A2	4	6.5231e-01	3.6891e-01	0.508764	1
BTBD8	4	6.5233e-01	3.6891e-01	0.508764	2
SLC25A5	4	6.5235e-01	3.7074e-01	0.508764	2
TEX29	4	6.5239e-01	3.7074e-01	0.508764	1
SRC	4	6.5244e-01	3.7074e-01	0.508764	2
PNLIPRP3	4	6.5247e-01	3.7074e-01	0.508764	2
PARM1	4	6.5250e-01	3.7074e-01	0.508764	2
CD207	4	6.5255e-01	3.7074e-01	0.508764	2
KRT81	4	6.5258e-01	3.7074e-01	0.508764	2
ARID3A	4	6.5264e-01	3.7074e-01	0.508764	1
CCM2	4	6.5269e-01	3.7074e-01	0.508764	2
KIAA0355	4	6.5269e-01	3.7074e-01	0.508764	2
CYLC2	4	6.5272e-01	3.7074e-01	0.508764	2
PPP5D1	4	6.5292e-01	3.7074e-01	0.508764	2
TINAG	4	6.5305e-01	3.7258e-01	0.508764	2
PROX1	4	6.5318e-01	3.7258e-01	0.508764	2
PLCH1	4	6.5320e-01	3.7258e-01	0.508764	1
COPS7B	4	6.5322e-01	3.7258e-01	0.508764	2
GNAI1	4	6.5324e-01	3.7258e-01	0.508764	2
TRPV6	4	6.5340e-01	3.7258e-01	0.508764	2
RAD23B	4	6.5344e-01	3.7258e-01	0.508764	2
TOPAZ1	4	6.5344e-01	3.7258e-01	0.508764	2
PRH2	4	6.5353e-01	3.7258e-01	0.508764	2
LMO7	4	6.5363e-01	3.7258e-01	0.508764	2
ST18	4	6.5367e-01	3.7258e-01	0.508764	2
HOOK2	4	6.5373e-01	3.7258e-01	0.508764	2
EXD3	4	6.5374e-01	3.7258e-01	0.508764	1
LPA	4	6.5376e-01	3.7258e-01	0.508764	1
SERPINB9	4	6.5388e-01	3.7258e-01	0.508764	2
HSH2D	4	6.5394e-01	3.7258e-01	0.508764	2
PARP3	4	6.5394e-01	3.7258e-01	0.508764	2
ENKD1	4	6.5395e-01	3.7258e-01	0.508764	1
KCTD9	4	6.5397e-01	3.7258e-01	0.508764	1
INPP4B	4	6.5426e-01	3.7258e-01	0.508764	1
CBLL1	4	6.5430e-01	3.7258e-01	0.508764	1
OR7G3	4	6.5451e-01	3.7258e-01	0.508764	1
KIF5A	4	6.5456e-01	3.7258e-01	0.508764	2
USH2A	4	6.5468e-01	3.7258e-01	0.508764	2
UNC5CL	4	6.5469e-01	3.7258e-01	0.508764	1
FBXO17	4	6.5476e-01	3.7258e-01	0.508764	2
CDC42EP2	4	6.5479e-01	3.7258e-01	0.508764	2
EPHA6	4	6.5479e-01	3.7258e-01	0.508764	1
HAVCR2	4	6.5494e-01	3.7258e-01	0.508764	2
FAM107A	4	6.5500e-01	3.7258e-01	0.508764	2
COMMD4	4	6.5505e-01	3.7258e-01	0.508764	1
SAMHD1	4	6.5515e-01	3.7258e-01	0.508764	1
KRBOX4	4	6.5549e-01	3.7258e-01	0.508764	2
ECI2	4	6.5552e-01	3.7258e-01	0.508764	2
SOAT1	4	6.5560e-01	3.7258e-01	0.508764	2
AQP4	4	6.5563e-01	3.7258e-01	0.508764	1
PHC2	3	6.5571e-01	3.7308e-01	0.508764	1
USP17L5	4	6.5582e-01	3.7258e-01	0.508764	1
KDM4E	4	6.5585e-01	3.7258e-01	0.508764	2
GLYATL1	4	6.5589e-01	3.7258e-01	0.508764	1
MYO5A	4	6.5590e-01	3.7258e-01	0.508764	2
SPRR4	4	6.5592e-01	3.7258e-01	0.508764	1
NFATC4	4	6.5600e-01	3.7436e-01	0.508764	1
MS4A4A	4	6.5612e-01	3.7436e-01	0.508764	1
PATL1	4	6.5626e-01	3.7436e-01	0.508764	2
FRMD8	4	6.5626e-01	3.7436e-01	0.508764	2
ZNF510	4	6.5633e-01	3.7436e-01	0.508764	2
ELMO3	4	6.5638e-01	3.7436e-01	0.508764	1
VTA1	4	6.5639e-01	3.7436e-01	0.508764	2
ZNF322	4	6.5640e-01	3.7436e-01	0.508764	1
GALNT14	4	6.5642e-01	3.7436e-01	0.508764	2
ZNF404	4	6.5642e-01	3.7436e-01	0.508764	2
SLC15A4	4	6.5644e-01	3.7436e-01	0.508764	2
TMEM14A	4	6.5648e-01	3.7436e-01	0.508764	2
LOC283710	4	6.5670e-01	3.7436e-01	0.508764	1
FXYD7	4	6.5676e-01	3.7436e-01	0.508764	2
FRS3	4	6.5677e-01	3.7436e-01	0.508764	2
SOCS1	4	6.5682e-01	3.7436e-01	0.508764	2
C11orf44	4	6.5686e-01	3.7436e-01	0.508764	2
NT5DC1	4	6.5693e-01	3.7436e-01	0.508764	2
SERPINI1	4	6.5694e-01	3.7436e-01	0.508764	2
CD40LG	4	6.5696e-01	3.7436e-01	0.508764	2
TACC1	4	6.5698e-01	3.7436e-01	0.508764	2
OR2AG1	4	6.5706e-01	3.7436e-01	0.508764	2
SLC20A2	4	6.5710e-01	3.7436e-01	0.508764	1
GLT8D1	4	6.5712e-01	3.7436e-01	0.508764	2
PMCH	4	6.5714e-01	3.7436e-01	0.508764	1
FAM111A	4	6.5716e-01	3.7436e-01	0.508764	2
ISLR	4	6.5721e-01	3.7436e-01	0.508764	1
IFNLR1	4	6.5727e-01	3.7436e-01	0.508764	1
DKKL1	4	6.5745e-01	3.7436e-01	0.508764	2
TPST2	4	6.5751e-01	3.7436e-01	0.508764	2
PDZD4	4	6.5761e-01	3.7436e-01	0.508764	1
TBC1D16	4	6.5763e-01	3.7436e-01	0.508764	1
SDF4	4	6.5764e-01	3.7436e-01	0.508764	2
MYL6	4	6.5773e-01	3.7436e-01	0.508764	2
C4A	4	6.5795e-01	3.7436e-01	0.508764	2
LRP11	4	6.5813e-01	3.7436e-01	0.508764	2
APCDD1L	4	6.5816e-01	3.7436e-01	0.508764	2
DGKD	4	6.5821e-01	3.7436e-01	0.508764	2
STXBP6	4	6.5825e-01	3.7436e-01	0.508764	2
ZSWIM7	4	6.5825e-01	3.7436e-01	0.508764	1
MYZAP	4	6.5828e-01	3.7436e-01	0.508764	1
CCDC113	4	6.5828e-01	3.7436e-01	0.508764	2
NEFH	4	6.5830e-01	3.7436e-01	0.508764	1
WDR91	4	6.5841e-01	3.7436e-01	0.508764	2
ANKRD13A	4	6.5843e-01	3.7436e-01	0.508764	2
SOWAHD	4	6.5846e-01	3.7436e-01	0.508764	1
NPW	4	6.5850e-01	3.7436e-01	0.508764	2
PTK6	4	6.5855e-01	3.7436e-01	0.508764	2
H3F3C	4	6.5862e-01	3.7436e-01	0.508764	1
NMU	4	6.5865e-01	3.7436e-01	0.508764	2
CNP	4	6.5869e-01	3.7436e-01	0.508764	1
MFRP	4	6.5869e-01	3.7436e-01	0.508764	2
ADGRL3	4	6.5871e-01	3.7436e-01	0.508764	2
C19orf38	4	6.5874e-01	3.7436e-01	0.508764	2
AK8	4	6.5907e-01	3.7436e-01	0.508764	2
TYRP1	4	6.5911e-01	3.7436e-01	0.508764	2
TPCN2	4	6.5911e-01	3.7436e-01	0.508764	1
MAGEH1	4	6.5914e-01	3.7436e-01	0.508764	1
C21orf33	4	6.5923e-01	3.7436e-01	0.508764	2
SDPR	4	6.5925e-01	3.7436e-01	0.508764	1
LCT	4	6.5928e-01	3.7436e-01	0.508764	2
AKAP4	4	6.5932e-01	3.7436e-01	0.508764	2
NAPRT	4	6.5946e-01	3.7436e-01	0.508764	2
NAP1L5	4	6.5954e-01	3.7436e-01	0.508764	2
OR7C1	4	6.5954e-01	3.7436e-01	0.508764	2
KLHDC3	4	6.5954e-01	3.7436e-01	0.508764	2
G6PC3	4	6.5960e-01	3.7436e-01	0.508764	2
LELP1	4	6.5966e-01	3.7436e-01	0.508764	1
IL1F10	3	6.5969e-01	3.7846e-01	0.508764	1
KIAA1456	4	6.5992e-01	3.7436e-01	0.508764	2
DAP	4	6.6008e-01	3.7436e-01	0.508764	2
MYBPC1	4	6.6010e-01	3.7436e-01	0.508764	1
HYAL3	4	6.6012e-01	3.7436e-01	0.508764	2
GLP1R	4	6.6018e-01	3.7436e-01	0.508764	2
PAM	4	6.6024e-01	3.7436e-01	0.508764	2
GMFB	4	6.6042e-01	3.7614e-01	0.508764	1
MYO18B	4	6.6057e-01	3.7614e-01	0.508764	2
LARP4B	4	6.6070e-01	3.7614e-01	0.508764	2
MPLKIP	4	6.6076e-01	3.7614e-01	0.508764	2
TAPBP	4	6.6079e-01	3.7614e-01	0.508764	1
KIF3A	4	6.6079e-01	3.7614e-01	0.508764	2
PCDHGC3	4	6.6082e-01	3.7614e-01	0.508764	2
DCLRE1A	4	6.6089e-01	3.7614e-01	0.508764	1
OR5B21	4	6.6102e-01	3.7614e-01	0.508764	2
UBE2QL1	4	6.6102e-01	3.7614e-01	0.508764	1
PRICKLE4	4	6.6105e-01	3.7614e-01	0.508764	2
ZNF511	4	6.6116e-01	3.7614e-01	0.508764	1
NSMF	4	6.6117e-01	3.7614e-01	0.508764	2
KIR2DL4	3	6.6123e-01	3.8369e-01	0.510648	1
IFIT1	4	6.6125e-01	3.7614e-01	0.508764	1
FIBP	4	6.6129e-01	3.7614e-01	0.508764	2
DUSP4	4	6.6133e-01	3.7614e-01	0.508764	2
PTRHD1	4	6.6137e-01	3.7614e-01	0.508764	2
RAB11FIP1	4	6.6139e-01	3.7614e-01	0.508764	1
BCOR	4	6.6148e-01	3.7614e-01	0.508764	2
KRT35	4	6.6153e-01	3.7614e-01	0.508764	1
POLR2J2	4	6.6160e-01	3.7614e-01	0.508764	2
PRDM7	4	6.6165e-01	3.7614e-01	0.508764	2
ARMC8	4	6.6174e-01	3.7614e-01	0.508764	2
WSB1	4	6.6176e-01	3.7614e-01	0.508764	1
ZDHHC1	4	6.6177e-01	3.7614e-01	0.508764	2
SPATA31A1	4	6.6184e-01	3.7614e-01	0.508764	1
FAM161B	4	6.6193e-01	3.7614e-01	0.508764	2
PDP2	4	6.6197e-01	3.7614e-01	0.508764	1
FBXL8	4	6.6204e-01	3.7614e-01	0.508764	2
CTSO	4	6.6210e-01	3.7615e-01	0.508764	1
TALDO1	4	6.6213e-01	3.7615e-01	0.508764	2
SYTL5	4	6.6232e-01	3.7615e-01	0.508764	1
MME	4	6.6238e-01	3.7615e-01	0.508764	2
NME9	4	6.6247e-01	3.7615e-01	0.508764	2
SHCBP1	4	6.6249e-01	3.7615e-01	0.508764	1
PRRG1	4	6.6261e-01	3.7615e-01	0.508764	2
TMEM61	3	6.6263e-01	3.8369e-01	0.510648	1
CCDC150	4	6.6265e-01	3.7615e-01	0.508764	2
SYNRG	4	6.6268e-01	3.7615e-01	0.508764	2
TSPAN33	4	6.6270e-01	3.7615e-01	0.508764	1
FGF18	4	6.6279e-01	3.7615e-01	0.508764	2
ARAP3	4	6.6283e-01	3.7615e-01	0.508764	2
BEX5	4	6.6291e-01	3.7615e-01	0.508764	1
DEFB123	4	6.6293e-01	3.7615e-01	0.508764	1
ZNF470	4	6.6295e-01	3.7615e-01	0.508764	1
CALR3	4	6.6298e-01	3.7615e-01	0.508764	2
ZDBF2	4	6.6303e-01	3.7615e-01	0.508764	2
PPM1M	4	6.6304e-01	3.7615e-01	0.508764	1
LINGO4	4	6.6309e-01	3.7615e-01	0.508764	1
TENM2	4	6.6319e-01	3.7615e-01	0.508764	1
LTBP1	4	6.6325e-01	3.7615e-01	0.508764	2
GTPBP1	4	6.6353e-01	3.7615e-01	0.508764	2
LCE3C	4	6.6365e-01	3.7615e-01	0.508764	2
MMP2	4	6.6367e-01	3.7615e-01	0.508764	2
WRNIP1	4	6.6381e-01	3.7615e-01	0.508764	2
CATSPER1	4	6.6390e-01	3.7794e-01	0.508764	1
KANK4	4	6.6391e-01	3.7794e-01	0.508764	2
VHLL	4	6.6403e-01	3.7794e-01	0.508764	1
ZFHX3	4	6.6411e-01	3.7794e-01	0.508764	2
MEX3A	4	6.6415e-01	3.7794e-01	0.508764	2
OR1A2	4	6.6423e-01	3.7794e-01	0.508764	2
ZNF114	4	6.6425e-01	3.7794e-01	0.508764	2
GRID1	4	6.6427e-01	3.7794e-01	0.508764	2
CCK	4	6.6442e-01	3.7794e-01	0.508764	2
CREB3L4	4	6.6445e-01	3.7794e-01	0.508764	1
LAMA5	4	6.6447e-01	3.7794e-01	0.508764	2
PIN1	4	6.6448e-01	3.7794e-01	0.508764	2
KCNK15	4	6.6451e-01	3.7794e-01	0.508764	2
RSU1	4	6.6456e-01	3.7794e-01	0.508764	2
PXMP2	4	6.6460e-01	3.7794e-01	0.508764	2
NKX2-4	3	6.6461e-01	3.8898e-01	0.515080	1
C14orf159	4	6.6463e-01	3.7794e-01	0.508764	2
NMBR	4	6.6465e-01	3.7794e-01	0.508764	2
CNOT6L	4	6.6471e-01	3.7794e-01	0.508764	1
AZGP1	4	6.6477e-01	3.7794e-01	0.508764	2
OLFM2	4	6.6482e-01	3.7794e-01	0.508764	2
KRTAP4-9	4	6.6483e-01	3.7794e-01	0.508764	2
TRIM72	4	6.6494e-01	3.7794e-01	0.508764	2
KIAA1328	4	6.6503e-01	3.7794e-01	0.508764	1
HIST1H1D	4	6.6510e-01	3.7794e-01	0.508764	1
SIGLEC6	4	6.6517e-01	3.7794e-01	0.508764	2
ZNF780A	4	6.6519e-01	3.7794e-01	0.508764	2
TAS2R42	4	6.6528e-01	3.7794e-01	0.508764	1
ILDR1	4	6.6533e-01	3.7794e-01	0.508764	1
PTK2B	4	6.6537e-01	3.7794e-01	0.508764	2
IFITM5	4	6.6539e-01	3.7794e-01	0.508764	2
CCDC66	4	6.6546e-01	3.7794e-01	0.508764	1
ZBTB10	4	6.6549e-01	3.7794e-01	0.508764	2
OR6P1	4	6.6555e-01	3.7794e-01	0.508764	2
GRHL2	4	6.6559e-01	3.7794e-01	0.508764	2
TCIRG1	4	6.6561e-01	3.7794e-01	0.508764	2
TEX38	4	6.6562e-01	3.7794e-01	0.508764	1
KCNT2	4	6.6577e-01	3.7794e-01	0.508764	2
CRYGS	4	6.6583e-01	3.7794e-01	0.508764	2
ANKRD54	4	6.6586e-01	3.7794e-01	0.508764	2
ASB8	4	6.6612e-01	3.7794e-01	0.508764	1
ALLC	4	6.6618e-01	3.7794e-01	0.508764	1
TMEM247	4	6.6618e-01	3.7794e-01	0.508764	1
PTBP3	4	6.6628e-01	3.7794e-01	0.508764	1
TDG	4	6.6630e-01	3.7794e-01	0.508764	2
USH1C	4	6.6631e-01	3.7794e-01	0.508764	1
SERPINB4	4	6.6633e-01	3.7794e-01	0.508764	2
RFFL	4	6.6638e-01	3.7794e-01	0.508764	1
MBD4	4	6.6640e-01	3.7794e-01	0.508764	1
C1QTNF4	4	6.6643e-01	3.7794e-01	0.508764	2
TBX1	4	6.6660e-01	3.7794e-01	0.508764	2
HLA-DQB1	4	6.6675e-01	3.7794e-01	0.508764	2
PLAC9	4	6.6681e-01	3.7794e-01	0.508764	2
METTL8	4	6.6685e-01	3.7794e-01	0.508764	2
ATP6V0A4	4	6.6685e-01	3.7794e-01	0.508764	1
MMEL1	4	6.6700e-01	3.7794e-01	0.508764	1
ARID4A	4	6.6706e-01	3.7794e-01	0.508764	1
DNAAF3	4	6.6710e-01	3.7794e-01	0.508764	1
RGL1	4	6.6728e-01	3.7794e-01	0.508764	2
SMEK2	4	6.6731e-01	3.7794e-01	0.508764	2
SLC13A1	4	6.6735e-01	3.7794e-01	0.508764	2
HARBI1	4	6.6742e-01	3.7794e-01	0.508764	2
GPRC5D	4	6.6748e-01	3.7794e-01	0.508764	2
TWF1	4	6.6756e-01	3.7794e-01	0.508764	2
C9orf153	4	6.6758e-01	3.7794e-01	0.508764	2
VGLL2	4	6.6760e-01	3.7794e-01	0.508764	2
CSNK1E	4	6.6761e-01	3.7794e-01	0.508764	2
IL1R2	4	6.6781e-01	3.7794e-01	0.508764	1
PHACTR3	4	6.6808e-01	3.7794e-01	0.508764	1
TBC1D13	4	6.6812e-01	3.7794e-01	0.508764	2
SPOP	4	6.6815e-01	3.7794e-01	0.508764	2
CEP72	4	6.6817e-01	3.7794e-01	0.508764	1
ENPP5	4	6.6821e-01	3.7794e-01	0.508764	2
OGFOD2	4	6.6833e-01	3.7794e-01	0.508764	1
SCGN	4	6.6838e-01	3.7794e-01	0.508764	2
C10orf10	4	6.6846e-01	3.7794e-01	0.508764	1
NDUFB4	4	6.6849e-01	3.7794e-01	0.508764	2
OR4D9	4	6.6849e-01	3.7794e-01	0.508764	2
IL2	4	6.6864e-01	3.7976e-01	0.508764	2
OR51A4	4	6.6864e-01	3.7976e-01	0.508764	1
ITPR1	4	6.6869e-01	3.7976e-01	0.508764	2
IFT52	4	6.6869e-01	3.7976e-01	0.508764	1
KIAA1644	4	6.6874e-01	3.7976e-01	0.508764	2
PCDHGB4	4	6.6882e-01	3.7976e-01	0.508764	1
RGL4	4	6.6884e-01	3.7976e-01	0.508764	2
P3H2	4	6.6887e-01	3.7976e-01	0.508764	2
FAM172A	4	6.6887e-01	3.7976e-01	0.508764	2
IMPG1	4	6.6891e-01	3.7976e-01	0.508764	2
EGR4	4	6.6900e-01	3.7976e-01	0.508764	2
KAZALD1	4	6.6900e-01	3.7976e-01	0.508764	1
ZNF280B	4	6.6903e-01	3.7976e-01	0.508764	2
MRPL22	4	6.6906e-01	3.7976e-01	0.508764	2
ARL6IP6	4	6.6921e-01	3.7976e-01	0.508764	2
SLC37A3	4	6.6923e-01	3.7976e-01	0.508764	2
SLC52A1	4	6.6941e-01	3.7976e-01	0.508764	2
PTPRF	4	6.6948e-01	3.7976e-01	0.508764	1
AGPAT5	4	6.6957e-01	3.7976e-01	0.508764	1
FBXO24	4	6.6957e-01	3.7976e-01	0.508764	2
CATSPERB	4	6.6962e-01	3.7976e-01	0.508764	2
EAF1	4	6.6969e-01	3.7976e-01	0.508764	2
DCAKD	4	6.6973e-01	3.7976e-01	0.508764	1
CNNM2	4	6.6973e-01	3.7976e-01	0.508764	2
NBEA	4	6.6977e-01	3.7976e-01	0.508764	1
ZNF486	4	6.6984e-01	3.7976e-01	0.508764	1
OR8D2	4	6.6985e-01	3.7976e-01	0.508764	2
TRMT13	4	6.6985e-01	3.7976e-01	0.508764	2
PNPLA7	4	6.6996e-01	3.7976e-01	0.508764	2
MAGEA6	4	6.7000e-01	3.7976e-01	0.508764	2
ZNF551	4	6.7003e-01	3.7976e-01	0.508764	2
SLC9B2	4	6.7004e-01	3.7976e-01	0.508764	1
C5orf47	4	6.7007e-01	3.7976e-01	0.508764	1
SH3TC1	4	6.7014e-01	3.7976e-01	0.508764	2
CRYBG3	4	6.7016e-01	3.7976e-01	0.508764	1
FAM102A	4	6.7018e-01	3.7976e-01	0.508764	1
BRD7	4	6.7040e-01	3.7976e-01	0.508764	1
OR52N4	4	6.7054e-01	3.7976e-01	0.508764	1
RPS6KC1	4	6.7059e-01	3.7976e-01	0.508764	2
RANGRF	4	6.7064e-01	3.7976e-01	0.508764	2
AMN	4	6.7067e-01	3.7976e-01	0.508764	1
GMDS	4	6.7067e-01	3.7976e-01	0.508764	2
ARF3	4	6.7067e-01	3.7976e-01	0.508764	2
NDUFB5	4	6.7074e-01	3.7976e-01	0.508764	2
C11orf70	4	6.7076e-01	3.7976e-01	0.508764	1
FLG	4	6.7081e-01	3.7976e-01	0.508764	1
ARID5A	4	6.7087e-01	3.7976e-01	0.508764	2
FEZF2	4	6.7094e-01	3.7976e-01	0.508764	2
BSCL2	4	6.7098e-01	3.7976e-01	0.508764	2
CACNG1	4	6.7099e-01	3.7976e-01	0.508764	1
PRRX2	4	6.7114e-01	3.7976e-01	0.508764	2
KIAA1161	4	6.7115e-01	3.7976e-01	0.508764	1
SYNJ2	4	6.7117e-01	3.7976e-01	0.508764	1
ANKRD60	4	6.7126e-01	3.7976e-01	0.508764	2
NLRP14	4	6.7128e-01	3.7976e-01	0.508764	2
GMPR2	4	6.7132e-01	3.7976e-01	0.508764	2
ZNF496	4	6.7134e-01	3.7976e-01	0.508764	2
CASP4	4	6.7138e-01	3.7976e-01	0.508764	2
TRAM1L1	4	6.7146e-01	3.7976e-01	0.508764	2
GJB3	4	6.7152e-01	3.7976e-01	0.508764	2
SAMD12	4	6.7153e-01	3.7976e-01	0.508764	1
FAM222A	4	6.7154e-01	3.7976e-01	0.508764	2
PANK4	4	6.7156e-01	3.7976e-01	0.508764	2
MKKS	4	6.7173e-01	3.7976e-01	0.508764	1
SLIT2	4	6.7175e-01	3.7976e-01	0.508764	1
PLA2R1	4	6.7189e-01	3.7976e-01	0.508764	1
BZRAP1	4	6.7191e-01	3.7976e-01	0.508764	2
PLA2G16	4	6.7195e-01	3.7976e-01	0.508764	2
DPP4	4	6.7197e-01	3.7976e-01	0.508764	2
DCAF8L1	4	6.7203e-01	3.7976e-01	0.508764	2
DNAJB3	4	6.7204e-01	3.7976e-01	0.508764	1
MC2R	4	6.7214e-01	3.7976e-01	0.508764	2
CEP68	4	6.7216e-01	3.7976e-01	0.508764	1
XPO6	4	6.7219e-01	3.7976e-01	0.508764	2
ACYP1	4	6.7220e-01	3.7976e-01	0.508764	1
BTBD16	4	6.7225e-01	3.7976e-01	0.508764	2
TRIB2	4	6.7227e-01	3.7976e-01	0.508764	2
UBN2	4	6.7243e-01	3.7976e-01	0.508764	2
NUDT22	4	6.7246e-01	3.7976e-01	0.508764	2
PFKM	4	6.7249e-01	3.7976e-01	0.508764	2
FAM200A	4	6.7254e-01	3.7976e-01	0.508764	1
ABCC3	4	6.7265e-01	3.7976e-01	0.508764	2
GPR183	4	6.7265e-01	3.7976e-01	0.508764	1
OSGIN1	4	6.7280e-01	3.7976e-01	0.508764	2
KIAA0586	4	6.7292e-01	3.7976e-01	0.508764	2
UNG	4	6.7293e-01	3.7976e-01	0.508764	1
RAVER2	4	6.7293e-01	3.7976e-01	0.508764	2
KBTBD8	4	6.7293e-01	3.7976e-01	0.508764	2
OR5P3	4	6.7318e-01	3.7976e-01	0.508764	2
C3orf18	4	6.7323e-01	3.7976e-01	0.508764	1
GOLGA7B	4	6.7324e-01	3.7976e-01	0.508764	2
AGXT2	4	6.7331e-01	3.7976e-01	0.508764	2
HIST2H2BE	4	6.7334e-01	3.7976e-01	0.508764	2
TOX2	4	6.7349e-01	3.7976e-01	0.508764	2
OLFML3	4	6.7351e-01	3.7976e-01	0.508764	1
CBLN4	4	6.7355e-01	3.7976e-01	0.508764	2
KDM3A	4	6.7364e-01	3.7976e-01	0.508764	1
COMMD3-BMI1	4	6.7370e-01	3.7976e-01	0.508764	1
GLIPR1L1	4	6.7382e-01	3.7976e-01	0.508764	2
FAM168A	4	6.7382e-01	3.7976e-01	0.508764	2
CT47A4	4	6.7384e-01	3.7976e-01	0.508764	1
OR11H6	4	6.7405e-01	3.7976e-01	0.508764	2
PARP2	4	6.7408e-01	3.7976e-01	0.508764	1
ACSBG1	4	6.7413e-01	3.7976e-01	0.508764	2
ZNF648	4	6.7418e-01	3.7976e-01	0.508764	2
MTL5	4	6.7434e-01	3.7976e-01	0.508764	2
TFAP4	4	6.7437e-01	3.7976e-01	0.508764	1
RECQL	4	6.7442e-01	3.7976e-01	0.508764	2
C1orf105	4	6.7451e-01	3.7976e-01	0.508764	2
CCDC42B	4	6.7456e-01	3.7976e-01	0.508764	1
PPP1R14D	4	6.7460e-01	3.7976e-01	0.508764	1
ATOX1	3	6.7461e-01	3.9599e-01	0.523894	1
XCL1	4	6.7462e-01	3.7976e-01	0.508764	2
TLL1	4	6.7475e-01	3.7976e-01	0.508764	1
TNFSF8	4	6.7476e-01	3.7976e-01	0.508764	2
COX5A	4	6.7482e-01	3.7976e-01	0.508764	1
ADORA2B	3	6.7484e-01	3.9599e-01	0.523894	1
KCTD2	4	6.7486e-01	3.7976e-01	0.508764	1
CDC42BPB	4	6.7496e-01	3.7976e-01	0.508764	2
SUFU	4	6.7502e-01	3.7976e-01	0.508764	2
SLC25A43	4	6.7504e-01	3.7976e-01	0.508764	1
MAGED1	4	6.7506e-01	3.7976e-01	0.508764	2
RP1L1	4	6.7508e-01	3.7976e-01	0.508764	1
ZNF594	4	6.7513e-01	3.7976e-01	0.508764	1
ARSE	4	6.7515e-01	3.7976e-01	0.508764	1
RSPH4A	4	6.7526e-01	3.7976e-01	0.508764	1
NTS	4	6.7530e-01	3.7976e-01	0.508764	2
DPY19L1	4	6.7531e-01	3.7976e-01	0.508764	1
GPHA2	4	6.7538e-01	3.7976e-01	0.508764	2
C6orf165	4	6.7540e-01	3.7976e-01	0.508764	2
C8orf44-SGK3	4	6.7540e-01	3.7976e-01	0.508764	2
OTUD5	4	6.7551e-01	3.7976e-01	0.508764	1
ZNF561	4	6.7554e-01	3.7976e-01	0.508764	2
SLC25A47	4	6.7557e-01	3.7976e-01	0.508764	2
NDUFA8	4	6.7558e-01	3.7976e-01	0.508764	1
HEPH	4	6.7559e-01	3.7976e-01	0.508764	2
TBX18	4	6.7560e-01	3.7976e-01	0.508764	2
OR8G2	4	6.7561e-01	3.7976e-01	0.508764	2
CHST6	4	6.7563e-01	3.7976e-01	0.508764	2
ENTPD6	4	6.7572e-01	3.7976e-01	0.508764	2
ACSM1	4	6.7575e-01	3.7976e-01	0.508764	2
PRB2	4	6.7580e-01	3.7976e-01	0.508764	1
EIF2AK1	4	6.7591e-01	3.7976e-01	0.508764	1
AKAP8L	4	6.7593e-01	3.7976e-01	0.508764	2
ELOVL2	4	6.7597e-01	3.7976e-01	0.508764	2
KCTD21	4	6.7601e-01	3.7976e-01	0.508764	1
OR2A5	4	6.7605e-01	3.7976e-01	0.508764	2
IL36RN	4	6.7614e-01	3.7976e-01	0.508764	2
C17orf100	4	6.7616e-01	3.7976e-01	0.508764	1
CD8A	4	6.7618e-01	3.7976e-01	0.508764	1
TSPYL5	4	6.7622e-01	3.7976e-01	0.508764	1
RCN3	4	6.7638e-01	3.7976e-01	0.508764	1
HOXD10	4	6.7651e-01	3.7976e-01	0.508764	1
OCSTAMP	4	6.7654e-01	3.7976e-01	0.508764	2
HPR	4	6.7671e-01	3.7976e-01	0.508764	1
TANC1	4	6.7676e-01	3.7976e-01	0.508764	2
C2orf40	4	6.7691e-01	3.7976e-01	0.508764	1
VENTX	4	6.7696e-01	3.7976e-01	0.508764	2
KRTAP5-5	4	6.7696e-01	3.7976e-01	0.508764	2
CYBB	4	6.7696e-01	3.7976e-01	0.508764	2
FOXD4L3	4	6.7696e-01	3.7976e-01	0.508764	2
PLA2G2F	4	6.7696e-01	3.7976e-01	0.508764	2
JMJD7	4	6.7697e-01	3.7976e-01	0.508764	1
FPR2	4	6.7700e-01	3.7976e-01	0.508764	1
TRERF1	4	6.7709e-01	3.7976e-01	0.508764	1
IER5	4	6.7715e-01	3.7976e-01	0.508764	2
GRIK4	4	6.7727e-01	3.7976e-01	0.508764	2
KCNA7	4	6.7730e-01	3.7976e-01	0.508764	2
KRTAP22-1	4	6.7735e-01	3.7976e-01	0.508764	2
ZBTB8A	4	6.7740e-01	3.7976e-01	0.508764	2
KCNJ15	4	6.7743e-01	3.7976e-01	0.508764	2
TAGLN3	4	6.7750e-01	3.7976e-01	0.508764	2
ADAM33	4	6.7750e-01	3.7976e-01	0.508764	2
SEC24B	4	6.7754e-01	3.7976e-01	0.508764	2
ASAP3	4	6.7766e-01	3.8155e-01	0.508764	2
NTAN1	4	6.7772e-01	3.8155e-01	0.508764	2
SNX12	4	6.7773e-01	3.8155e-01	0.508764	1
NDUFB6	4	6.7776e-01	3.8155e-01	0.508764	2
RXFP3	4	6.7778e-01	3.8155e-01	0.508764	2
DRP2	4	6.7791e-01	3.8155e-01	0.508764	1
NSMAF	4	6.7800e-01	3.8155e-01	0.508764	2
TMEM161A	4	6.7814e-01	3.8155e-01	0.508764	2
LMNTD2	4	6.7825e-01	3.8155e-01	0.508764	2
FAM124A	4	6.7841e-01	3.8155e-01	0.508764	1
MNDA	4	6.7846e-01	3.8155e-01	0.508764	1
TEX26	4	6.7864e-01	3.8155e-01	0.508764	1
LRP5L	4	6.7873e-01	3.8155e-01	0.508764	1
TRIM71	4	6.7874e-01	3.8155e-01	0.508764	2
GREB1	4	6.7875e-01	3.8155e-01	0.508764	1
PRKAB1	4	6.7877e-01	3.8155e-01	0.508764	1
SLC22A9	4	6.7885e-01	3.8155e-01	0.508764	2
NOTO	4	6.7885e-01	3.8155e-01	0.508764	2
HABP4	4	6.7892e-01	3.8155e-01	0.508764	2
SLC5A1	4	6.7894e-01	3.8155e-01	0.508764	2
PARK2	4	6.7898e-01	3.8155e-01	0.508764	2
HIST1H3F	4	6.7899e-01	3.8155e-01	0.508764	1
BEST4	4	6.7902e-01	3.8155e-01	0.508764	2
SPOPL	4	6.7913e-01	3.8155e-01	0.508764	2
ZNF573	4	6.7932e-01	3.8155e-01	0.508764	1
KRTAP5-10	4	6.7934e-01	3.8155e-01	0.508764	1
KLF6	4	6.7936e-01	3.8155e-01	0.508764	2
IPPK	4	6.7939e-01	3.8155e-01	0.508764	1
FAM78A	4	6.7946e-01	3.8155e-01	0.508764	1
PC	4	6.7949e-01	3.8155e-01	0.508764	2
MVB12B	4	6.7951e-01	3.8155e-01	0.508764	1
LRRC16B	4	6.7957e-01	3.8155e-01	0.508764	1
DENND1C	4	6.7958e-01	3.8155e-01	0.508764	2
TRPS1	4	6.7964e-01	3.8155e-01	0.508764	1
FTHL17	4	6.7970e-01	3.8155e-01	0.508764	1
KIAA1024	4	6.7974e-01	3.8155e-01	0.508764	1
COX14	4	6.7989e-01	3.8155e-01	0.508764	1
LGI4	4	6.7997e-01	3.8155e-01	0.508764	2
NR3C2	4	6.8003e-01	3.8155e-01	0.508764	1
CCDC88C	4	6.8006e-01	3.8155e-01	0.508764	2
RSF1	4	6.8007e-01	3.8155e-01	0.508764	2
RAB21	4	6.8009e-01	3.8155e-01	0.508764	2
PARP12	4	6.8011e-01	3.8155e-01	0.508764	2
VRTN	4	6.8012e-01	3.8155e-01	0.508764	1
OR51M1	4	6.8027e-01	3.8155e-01	0.508764	1
NRN1L	4	6.8029e-01	3.8155e-01	0.508764	1
SULT1E1	4	6.8045e-01	3.8155e-01	0.508764	2
REN	4	6.8053e-01	3.8155e-01	0.508764	1
LIN7A	4	6.8056e-01	3.8155e-01	0.508764	2
ZNF529	4	6.8058e-01	3.8155e-01	0.508764	1
GPR63	4	6.8066e-01	3.8155e-01	0.508764	2
ZNF449	4	6.8074e-01	3.8155e-01	0.508764	2
ZFP37	4	6.8076e-01	3.8155e-01	0.508764	2
CTBP1	4	6.8080e-01	3.8155e-01	0.508764	1
OSR1	4	6.8094e-01	3.8155e-01	0.508764	1
KYNU	4	6.8122e-01	3.8155e-01	0.508764	2
PPP1R9B	4	6.8124e-01	3.8155e-01	0.508764	1
TMEM47	4	6.8131e-01	3.8155e-01	0.508764	2
KCTD11	4	6.8133e-01	3.8155e-01	0.508764	1
GLIS3	4	6.8134e-01	3.8155e-01	0.508764	2
OR52R1	4	6.8137e-01	3.8155e-01	0.508764	1
C9orf50	4	6.8139e-01	3.8155e-01	0.508764	2
VILL	4	6.8158e-01	3.8155e-01	0.508764	2
BLOC1S4	4	6.8161e-01	3.8155e-01	0.508764	1
C5orf45	4	6.8178e-01	3.8155e-01	0.508764	2
CCR2	4	6.8189e-01	3.8155e-01	0.508764	1
ZBTB24	4	6.8203e-01	3.8155e-01	0.508764	2
STARD4	4	6.8207e-01	3.8155e-01	0.508764	2
RASAL3	4	6.8207e-01	3.8155e-01	0.508764	1
ZNF44	4	6.8211e-01	3.8155e-01	0.508764	1
SRD5A2	4	6.8211e-01	3.8155e-01	0.508764	2
PRKCB	4	6.8217e-01	3.8155e-01	0.508764	2
NDFIP2	4	6.8219e-01	3.8155e-01	0.508764	2
KLF2	4	6.8224e-01	3.8155e-01	0.508764	2
SLC19A3	4	6.8229e-01	3.8155e-01	0.508764	2
MAFF	4	6.8256e-01	3.8336e-01	0.510290	2
TSPAN3	4	6.8262e-01	3.8336e-01	0.510290	1
FAM206A	4	6.8264e-01	3.8336e-01	0.510290	2
TH	4	6.8268e-01	3.8336e-01	0.510290	2
SCIN	4	6.8270e-01	3.8336e-01	0.510290	2
TCF24	4	6.8280e-01	3.8336e-01	0.510290	2
TEX101	4	6.8290e-01	3.8336e-01	0.510290	1
SPRED3	4	6.8293e-01	3.8336e-01	0.510290	1
IFT74	4	6.8293e-01	3.8336e-01	0.510290	2
STK36	4	6.8304e-01	3.8336e-01	0.510290	1
ADAM10	4	6.8305e-01	3.8336e-01	0.510290	2
PRDX6	4	6.8313e-01	3.8336e-01	0.510290	2
C2CD4D	4	6.8317e-01	3.8336e-01	0.510290	2
UPK2	4	6.8323e-01	3.8336e-01	0.510290	1
CACNG5	4	6.8324e-01	3.8336e-01	0.510290	2
FAM217B	4	6.8332e-01	3.8336e-01	0.510290	2
SMAD5	4	6.8338e-01	3.8336e-01	0.510290	2
OR5T3	4	6.8341e-01	3.8336e-01	0.510290	1
OR10K1	4	6.8345e-01	3.8336e-01	0.510290	1
DCLK3	4	6.8350e-01	3.8336e-01	0.510290	2
PLA2G2C	4	6.8354e-01	3.8336e-01	0.510290	2
ABTB1	4	6.8373e-01	3.8336e-01	0.510290	2
NAP1L4	4	6.8376e-01	3.8336e-01	0.510290	1
EPPIN-WFDC6	4	6.8379e-01	3.8336e-01	0.510290	2
NT5C3B	4	6.8387e-01	3.8336e-01	0.510290	1
BCAR1	4	6.8391e-01	3.8508e-01	0.512009	2
EPSTI1	4	6.8395e-01	3.8508e-01	0.512009	2
GABRP	4	6.8398e-01	3.8508e-01	0.512009	1
SPDYC	4	6.8399e-01	3.8508e-01	0.512009	2
NEURL3	4	6.8404e-01	3.8508e-01	0.512009	2
TESK2	4	6.8406e-01	3.8508e-01	0.512009	2
ULK3	4	6.8410e-01	3.8508e-01	0.512009	2
AKT1S1	4	6.8414e-01	3.8508e-01	0.512009	2
BTG1	4	6.8428e-01	3.8508e-01	0.512009	1
CNTD2	4	6.8430e-01	3.8508e-01	0.512009	2
RLN3	4	6.8438e-01	3.8508e-01	0.512009	2
TRPM7	4	6.8442e-01	3.8508e-01	0.512009	2
ZFYVE16	4	6.8448e-01	3.8508e-01	0.512009	1
HAPLN3	4	6.8450e-01	3.8508e-01	0.512009	1
CAPN9	4	6.8457e-01	3.8560e-01	0.512049	2
ZNF169	4	6.8476e-01	3.8611e-01	0.512049	1
TNFRSF10B	4	6.8504e-01	3.8611e-01	0.512049	1
MPP7	4	6.8510e-01	3.8611e-01	0.512049	1
B3GNT3	4	6.8512e-01	3.8611e-01	0.512049	2
TSPY1	4	6.8516e-01	3.8611e-01	0.512049	2
S100A7A	4	6.8518e-01	3.8611e-01	0.512049	2
SCN3A	4	6.8520e-01	3.8611e-01	0.512049	1
ZNF154	4	6.8521e-01	3.8611e-01	0.512049	2
BTBD17	4	6.8523e-01	3.8611e-01	0.512049	2
FOXD4	4	6.8529e-01	3.8611e-01	0.512049	2
SLC25A28	4	6.8531e-01	3.8611e-01	0.512049	2
OSBPL3	4	6.8533e-01	3.8611e-01	0.512049	1
SLFNL1	4	6.8533e-01	3.8611e-01	0.512049	2
OR6C68	4	6.8535e-01	3.8611e-01	0.512049	1
CREBZF	4	6.8535e-01	3.8611e-01	0.512049	2
CFTR	4	6.8537e-01	3.8611e-01	0.512049	2
C19orf84	4	6.8557e-01	3.8611e-01	0.512049	2
OR1B1	4	6.8561e-01	3.8611e-01	0.512049	1
CANT1	4	6.8566e-01	3.8611e-01	0.512049	2
LSP1	4	6.8570e-01	3.8611e-01	0.512049	1
WNT2B	4	6.8588e-01	3.8611e-01	0.512049	2
IGSF10	4	6.8592e-01	3.8611e-01	0.512049	2
TM4SF5	4	6.8595e-01	3.8611e-01	0.512049	2
CXorf49B	4	6.8609e-01	3.8611e-01	0.512049	1
CBR4	4	6.8609e-01	3.8611e-01	0.512049	2
SMAD7	4	6.8621e-01	3.8611e-01	0.512049	2
YWHAH	4	6.8621e-01	3.8611e-01	0.512049	2
KCNMA1	4	6.8621e-01	3.8611e-01	0.512049	2
C1orf195	4	6.8626e-01	3.8611e-01	0.512049	1
MYL7	4	6.8627e-01	3.8611e-01	0.512049	2
KLHL1	4	6.8630e-01	3.8611e-01	0.512049	2
AMZ1	4	6.8632e-01	3.8611e-01	0.512049	2
FAM127B	4	6.8638e-01	3.8611e-01	0.512049	2
CSRNP3	4	6.8639e-01	3.8611e-01	0.512049	1
ZXDA	4	6.8640e-01	3.8611e-01	0.512049	2
FBXO4	4	6.8647e-01	3.8611e-01	0.512049	2
FAM198A	4	6.8659e-01	3.8720e-01	0.513042	1
KIR2DL3	4	6.8667e-01	3.8720e-01	0.513042	2
USP17L10	4	6.8667e-01	3.8720e-01	0.513042	2
ZFAND1	4	6.8673e-01	3.8720e-01	0.513042	1
ITM2B	4	6.8677e-01	3.8720e-01	0.513042	1
MKLN1	4	6.8683e-01	3.8720e-01	0.513042	1
AMTN	4	6.8696e-01	3.8720e-01	0.513042	1
IL3RA	4	6.8702e-01	3.8720e-01	0.513042	2
ZNF605	4	6.8704e-01	3.8720e-01	0.513042	1
C8orf34	4	6.8715e-01	3.8720e-01	0.513042	1
SOX15	4	6.8718e-01	3.8720e-01	0.513042	2
IRF1	4	6.8718e-01	3.8720e-01	0.513042	2
OR10V1	4	6.8718e-01	3.8720e-01	0.513042	2
MAPK4	4	6.8737e-01	3.8897e-01	0.515080	2
LOC100287036	4	6.8739e-01	3.8897e-01	0.515080	2
CCDC160	4	6.8749e-01	3.8897e-01	0.515080	2
SLC24A4	4	6.8750e-01	3.8897e-01	0.515080	1
OVOL2	4	6.8761e-01	3.8897e-01	0.515080	1
ALKBH2	4	6.8776e-01	3.8897e-01	0.515080	1
ASB1	4	6.8797e-01	3.8897e-01	0.515080	1
EGFL7	4	6.8806e-01	3.8897e-01	0.515080	1
KIAA0232	4	6.8828e-01	3.9079e-01	0.517288	1
EIF2AK2	4	6.8854e-01	3.9079e-01	0.517288	1
CANX	4	6.8877e-01	3.9079e-01	0.517288	1
UQCRC1	4	6.8892e-01	3.9079e-01	0.517288	1
USP6	4	6.8898e-01	3.9079e-01	0.517288	1
SLC30A2	4	6.8911e-01	3.9260e-01	0.519615	1
SMARCC1	4	6.8917e-01	3.9260e-01	0.519615	1
SMIM9	4	6.8974e-01	3.9616e-01	0.523894	1
UGT1A7	4	6.8981e-01	3.9616e-01	0.523894	1
NOTCH2	4	6.9004e-01	3.9616e-01	0.523894	1
PRKCD	4	6.9013e-01	3.9616e-01	0.523894	1
NCK2	4	6.9028e-01	3.9616e-01	0.523894	1
SLC25A29	4	6.9032e-01	3.9616e-01	0.523894	1
UCP2	4	6.9056e-01	3.9616e-01	0.523894	1
ZNF613	4	6.9058e-01	3.9616e-01	0.523894	1
RAB38	4	6.9062e-01	3.9616e-01	0.523894	1
PDX1	4	6.9068e-01	3.9616e-01	0.523894	1
NOXA1	4	6.9103e-01	3.9794e-01	0.525887	1
AK3	4	6.9105e-01	3.9794e-01	0.525887	1
ZNF467	4	6.9110e-01	3.9794e-01	0.525887	1
MYH11	4	6.9123e-01	3.9794e-01	0.525887	1
DNAH1	4	6.9144e-01	3.9794e-01	0.525887	1
CA3	4	6.9146e-01	3.9794e-01	0.525887	1
RSAD1	4	6.9157e-01	3.9794e-01	0.525887	1
OR2W1	4	6.9159e-01	3.9794e-01	0.525887	1
CYP27B1	4	6.9163e-01	3.9794e-01	0.525887	1
BCL11A	4	6.9180e-01	3.9794e-01	0.525887	1
RALGAPA2	4	6.9195e-01	3.9973e-01	0.527077	1
PTGDR2	4	6.9200e-01	3.9973e-01	0.527077	1
FHL1	4	6.9208e-01	3.9973e-01	0.527077	1
UBE2D2	4	6.9219e-01	3.9973e-01	0.527077	1
METTL20	4	6.9266e-01	3.9973e-01	0.527077	1
SH3GL1	4	6.9281e-01	3.9973e-01	0.527077	1
THBD	4	6.9281e-01	3.9973e-01	0.527077	1
LDHB	4	6.9292e-01	3.9973e-01	0.527077	1
UGT1A1	4	6.9311e-01	3.9973e-01	0.527077	1
PRR3	4	6.9313e-01	3.9973e-01	0.527077	1
OR13C5	4	6.9324e-01	3.9973e-01	0.527077	1
PSG2	4	6.9326e-01	3.9973e-01	0.527077	1
RPS4Y2	4	6.9373e-01	3.9973e-01	0.527077	1
MARK1	4	6.9375e-01	3.9973e-01	0.527077	1
NPC1	4	6.9386e-01	3.9973e-01	0.527077	1
ALDH8A1	4	6.9415e-01	3.9973e-01	0.527077	1
TMEM67	4	6.9426e-01	3.9973e-01	0.527077	1
C11orf21	4	6.9438e-01	3.9973e-01	0.527077	1
ZNF583	4	6.9488e-01	3.9973e-01	0.527077	1
PPP4R1	4	6.9500e-01	3.9973e-01	0.527077	1
ABCB11	4	6.9536e-01	3.9973e-01	0.527077	1
CAMKK1	4	6.9539e-01	3.9973e-01	0.527077	1
TRIM9	4	6.9573e-01	3.9973e-01	0.527077	1
CPZ	4	6.9596e-01	3.9973e-01	0.527077	1
ADCY5	4	6.9624e-01	3.9973e-01	0.527077	1
ACKR4	4	6.9643e-01	3.9973e-01	0.527077	1
ARRDC5	4	6.9657e-01	3.9973e-01	0.527077	1
ADAM2	4	6.9662e-01	3.9973e-01	0.527077	1
TRDMT1	4	6.9698e-01	3.9973e-01	0.527077	1
DACT1	4	6.9706e-01	3.9973e-01	0.527077	1
SCNN1D	4	6.9718e-01	3.9973e-01	0.527077	1
PRKCZ	4	6.9723e-01	3.9973e-01	0.527077	1
SLC37A4	4	6.9746e-01	4.0332e-01	0.531269	1
P2RX1	4	6.9758e-01	4.0332e-01	0.531269	1
IFNE	4	6.9770e-01	4.0332e-01	0.531269	1
PLD4	4	6.9780e-01	4.0332e-01	0.531269	1
BTN3A1	4	6.9801e-01	4.0332e-01	0.531269	1
KCNJ9	4	6.9805e-01	4.0332e-01	0.531269	1
STARD3NL	4	6.9833e-01	4.0332e-01	0.531269	1
LBH	4	6.9852e-01	4.0332e-01	0.531269	1
NR5A2	4	6.9878e-01	4.0332e-01	0.531269	1
VIPAS39	4	6.9898e-01	4.0332e-01	0.531269	1
C11orf98	4	6.9911e-01	4.0332e-01	0.531269	1
PGBD4	4	6.9935e-01	4.0332e-01	0.531269	1
COL6A1	4	6.9955e-01	4.0332e-01	0.531269	1
JMJD1C	4	6.9976e-01	4.0332e-01	0.531269	1
C4BPA	4	6.9989e-01	4.0332e-01	0.531269	1
SULT1C2	4	7.0033e-01	4.0514e-01	0.533479	1
XYLB	4	7.0043e-01	4.0514e-01	0.533479	1
C18orf25	4	7.0049e-01	4.0514e-01	0.533479	1
BCO1	4	7.0051e-01	4.0514e-01	0.533479	1
NTN5	4	7.0056e-01	4.0514e-01	0.533479	1
LOC403312	4	7.0081e-01	4.0694e-01	0.535113	1
DNHD1	4	7.0085e-01	4.0694e-01	0.535113	1
OR1E2	4	7.0100e-01	4.0694e-01	0.535113	1
ZNF121	4	7.0116e-01	4.0694e-01	0.535113	1
ARHGEF17	3	7.0135e-01	4.2584e-01	0.556135	1
HES7	4	7.0142e-01	4.0694e-01	0.535113	1
MT3	4	7.0183e-01	4.0694e-01	0.535113	1
ANO7	4	7.0188e-01	4.0694e-01	0.535113	1
CDK5RAP2	4	7.0204e-01	4.0694e-01	0.535113	1
GUCA2B	4	7.0227e-01	4.0694e-01	0.535113	1
TMIE	4	7.0242e-01	4.0694e-01	0.535113	1
RCVRN	4	7.0249e-01	4.0694e-01	0.535113	1
F2RL2	4	7.0259e-01	4.0694e-01	0.535113	1
ANKH	4	7.0265e-01	4.0694e-01	0.535113	1
ATN1	4	7.0267e-01	4.0694e-01	0.535113	1
TRIM21	4	7.0286e-01	4.0694e-01	0.535113	1
DIRC1	4	7.0290e-01	4.0694e-01	0.535113	1
C16orf70	4	7.0306e-01	4.0694e-01	0.535113	1
TRIP12	4	7.0313e-01	4.0694e-01	0.535113	1
MAGI3	4	7.0322e-01	4.0694e-01	0.535113	1
C6orf106	4	7.0352e-01	4.0694e-01	0.535113	1
PLEKHH3	4	7.0373e-01	4.0877e-01	0.537448	1
RSPO4	4	7.0375e-01	4.0877e-01	0.537448	1
ACSM3	4	7.0426e-01	4.1053e-01	0.539317	1
TCEA1	4	7.0430e-01	4.1053e-01	0.539317	1
SEMA3D	4	7.0430e-01	4.1053e-01	0.539317	1
TSHZ3	4	7.0446e-01	4.1053e-01	0.539317	1
MTHFSD	4	7.0459e-01	4.1053e-01	0.539317	1
TGIF2	4	7.0469e-01	4.1053e-01	0.539317	1
CFC1	4	7.0479e-01	4.1053e-01	0.539317	1
TMEM51	4	7.0483e-01	4.1053e-01	0.539317	1
NAMPT	4	7.0489e-01	4.1053e-01	0.539317	1
SYT3	4	7.0511e-01	4.1053e-01	0.539317	1
PLCE1	4	7.0523e-01	4.1053e-01	0.539317	1
PRAMEF19	4	7.0525e-01	4.1053e-01	0.539317	1
CAPN6	4	7.0547e-01	4.1225e-01	0.540827	1
FASTK	4	7.0549e-01	4.1225e-01	0.540827	1
SGSM1	4	7.0556e-01	4.1225e-01	0.540827	1
PAPSS2	4	7.0559e-01	4.1225e-01	0.540827	1
KNTC1	4	7.0583e-01	4.1225e-01	0.540827	1
NLN	4	7.0602e-01	4.1225e-01	0.540827	1
ADAM15	4	7.0607e-01	4.1225e-01	0.540827	1
GFOD2	4	7.0669e-01	4.1225e-01	0.540827	1
ARMCX3	4	7.0682e-01	4.1225e-01	0.540827	1
ABHD2	4	7.0689e-01	4.1225e-01	0.540827	1
ELAVL3	4	7.0692e-01	4.1225e-01	0.540827	1
CLDN24	4	7.0706e-01	4.1225e-01	0.540827	1
TREM2	4	7.0729e-01	4.1225e-01	0.540827	1
MAGI2	4	7.0737e-01	4.1225e-01	0.540827	1
SLC16A3	4	7.0751e-01	4.1225e-01	0.540827	1
EXOC3L2	4	7.0783e-01	4.1225e-01	0.540827	1
GRXCR1	4	7.0791e-01	4.1225e-01	0.540827	1
SYCE1	4	7.0795e-01	4.1225e-01	0.540827	1
KIAA2012	4	7.0802e-01	4.1225e-01	0.540827	1
SULF2	4	7.0809e-01	4.1225e-01	0.540827	1
RELN	4	7.0840e-01	4.1400e-01	0.542382	1
FASTKD3	4	7.0844e-01	4.1400e-01	0.542382	1
BEAN1	4	7.0863e-01	4.1400e-01	0.542382	1
TRAFD1	4	7.0871e-01	4.1400e-01	0.542382	1
KRTAP9-3	4	7.0883e-01	4.1400e-01	0.542382	1
NLRC4	4	7.0902e-01	4.1400e-01	0.542382	1
TMEM63B	4	7.0960e-01	4.1400e-01	0.542382	1
SPRR2D	4	7.0967e-01	4.1400e-01	0.542382	1
NFKBIA	4	7.0994e-01	4.1400e-01	0.542382	1
OR10G9	4	7.0996e-01	4.1400e-01	0.542382	1
GREM1	4	7.1023e-01	4.1400e-01	0.542382	1
PIR	4	7.1025e-01	4.1400e-01	0.542382	1
ZNF358	4	7.1047e-01	4.1400e-01	0.542382	1
C20orf141	4	7.1068e-01	4.1400e-01	0.542382	1
GPR146	4	7.1074e-01	4.1400e-01	0.542382	1
PRMT3	4	7.1084e-01	4.1400e-01	0.542382	1
C6orf58	4	7.1096e-01	4.1400e-01	0.542382	1
RHBDF2	4	7.1106e-01	4.1400e-01	0.542382	1
THYN1	4	7.1111e-01	4.1400e-01	0.542382	1
ZNF410	4	7.1153e-01	4.1760e-01	0.546991	1
HLA-E	4	7.1162e-01	4.1761e-01	0.546991	1
VPS4A	4	7.1176e-01	4.1761e-01	0.546991	1
C4orf22	4	7.1185e-01	4.1939e-01	0.549104	1
TYR	4	7.1190e-01	4.1939e-01	0.549104	1
FUNDC1	4	7.1196e-01	4.1939e-01	0.549104	1
CRHBP	4	7.1221e-01	4.1939e-01	0.549104	1
FAM126A	4	7.1244e-01	4.1939e-01	0.549104	1
SOSTDC1	4	7.1244e-01	4.1939e-01	0.549104	1
PDE7A	4	7.1259e-01	4.2118e-01	0.550579	1
FNDC3A	4	7.1261e-01	4.2118e-01	0.550579	1
TMEM63C	4	7.1263e-01	4.2118e-01	0.550579	1
GIP	4	7.1280e-01	4.2118e-01	0.550579	1
EP300	4	7.1306e-01	4.2118e-01	0.550579	1
ZNF45	4	7.1334e-01	4.2118e-01	0.550579	1
MSRA	4	7.1343e-01	4.2118e-01	0.550579	1
LBX2	4	7.1365e-01	4.2118e-01	0.550579	1
DAPK2	4	7.1365e-01	4.2118e-01	0.550579	1
NAT14	4	7.1401e-01	4.2118e-01	0.550579	1
TMEM158	4	7.1456e-01	4.2118e-01	0.550579	1
FAM198B	4	7.1460e-01	4.2118e-01	0.550579	1
TMEM60	4	7.1476e-01	4.2118e-01	0.550579	1
PPARD	4	7.1507e-01	4.2118e-01	0.550579	1
MGLL	4	7.1513e-01	4.2118e-01	0.550579	1
MTR	4	7.1525e-01	4.2118e-01	0.550579	1
USP47	4	7.1540e-01	4.2118e-01	0.550579	1
ABHD17C	4	7.1545e-01	4.2118e-01	0.550579	1
VMO1	4	7.1555e-01	4.2118e-01	0.550579	1
CDK19	4	7.1571e-01	4.2118e-01	0.550579	1
LAMC1	4	7.1583e-01	4.2118e-01	0.550579	1
NEDD4L	4	7.1593e-01	4.2118e-01	0.550579	1
STXBP1	4	7.1598e-01	4.2118e-01	0.550579	1
GPSM1	4	7.1603e-01	4.2304e-01	0.552816	1
ADPRHL2	4	7.1611e-01	4.2304e-01	0.552816	1
TSC22D1	4	7.1615e-01	4.2304e-01	0.552816	1
HOXC4	4	7.1644e-01	4.2304e-01	0.552816	1
HDAC7	4	7.1648e-01	4.2304e-01	0.552816	1
NPDC1	4	7.1688e-01	4.2482e-01	0.554841	1
CRYGA	4	7.1693e-01	4.2482e-01	0.554841	1
FXYD1	3	7.1720e-01	4.3813e-01	0.567847	1
ADH1B	4	7.1721e-01	4.2482e-01	0.554841	1
PIK3CD	4	7.1721e-01	4.2482e-01	0.554841	1
COMP	4	7.1748e-01	4.2482e-01	0.554841	1
KIT	4	7.1750e-01	4.2482e-01	0.554841	1
C5orf67	4	7.1774e-01	4.2482e-01	0.554841	1
DDC	4	7.1828e-01	4.2482e-01	0.554841	1
CCNI	4	7.1856e-01	4.2657e-01	0.557058	1
MTERF2	4	7.1888e-01	4.2841e-01	0.557851	1
BLOC1S5	4	7.1904e-01	4.2841e-01	0.557851	1
PIP5K1B	4	7.1912e-01	4.2841e-01	0.557851	1
MED23	4	7.1940e-01	4.2841e-01	0.557851	1
FCRLA	4	7.1940e-01	4.2841e-01	0.557851	1
TTC17	3	7.1946e-01	4.4334e-01	0.573700	1
KRTAP29-1	4	7.1958e-01	4.2841e-01	0.557851	1
ASIC4	4	7.1962e-01	4.2841e-01	0.557851	1
CLUL1	4	7.1966e-01	4.2841e-01	0.557851	1
PSMF1	4	7.1974e-01	4.2841e-01	0.557851	1
PCDH1	4	7.1976e-01	4.2841e-01	0.557851	1
CCDC142	4	7.1984e-01	4.2841e-01	0.557851	1
PHKB	4	7.2000e-01	4.2841e-01	0.557851	1
FASTKD1	4	7.2002e-01	4.2841e-01	0.557851	1
SPDYE4	4	7.2008e-01	4.2841e-01	0.557851	1
PRLH	4	7.2021e-01	4.2841e-01	0.557851	1
CCL27	4	7.2024e-01	4.2841e-01	0.557851	1
FGF3	4	7.2030e-01	4.2841e-01	0.557851	1
POU2F2	4	7.2036e-01	4.2841e-01	0.557851	1
KIAA1755	4	7.2043e-01	4.2841e-01	0.557851	1
NME8	4	7.2056e-01	4.2841e-01	0.557851	1
BDKRB2	4	7.2060e-01	4.2841e-01	0.557851	1
MYOC	4	7.2070e-01	4.2841e-01	0.557851	1
BPY2	4	7.2076e-01	4.2841e-01	0.557851	1
FUZ	4	7.2088e-01	4.2841e-01	0.557851	1
SUOX	4	7.2094e-01	4.2841e-01	0.557851	1
B3GALT4	4	7.2098e-01	4.2841e-01	0.557851	1
UBE2T	4	7.2111e-01	4.2841e-01	0.557851	1
RAB1B	4	7.2122e-01	4.2841e-01	0.557851	1
C16orf96	4	7.2127e-01	4.2841e-01	0.557851	1
PLP2	4	7.2131e-01	4.2841e-01	0.557851	1
SLC39A14	4	7.2133e-01	4.2841e-01	0.557851	1
PRSS45	4	7.2145e-01	4.2841e-01	0.557851	1
RP2	4	7.2161e-01	4.2841e-01	0.557851	1
TLK2	4	7.2163e-01	4.2841e-01	0.557851	1
BSG	4	7.2165e-01	4.2841e-01	0.557851	1
RAET1L	4	7.2171e-01	4.2841e-01	0.557851	1
IL18R1	4	7.2177e-01	4.2841e-01	0.557851	1
NDUFA2	4	7.2187e-01	4.2841e-01	0.557851	1
RXRG	4	7.2244e-01	4.2841e-01	0.557851	1
UNC5C	4	7.2244e-01	4.2841e-01	0.557851	1
BOD1	4	7.2265e-01	4.2841e-01	0.557851	1
RRAS	4	7.2274e-01	4.2841e-01	0.557851	1
KRTAP3-2	4	7.2306e-01	4.3017e-01	0.559652	1
AHNAK	4	7.2332e-01	4.3017e-01	0.559652	1
CLPTM1	4	7.2339e-01	4.3017e-01	0.559652	1
TMEM39A	4	7.2376e-01	4.3017e-01	0.559652	1
PCDH15	4	7.2384e-01	4.3017e-01	0.559652	1
PEX26	4	7.2387e-01	4.3017e-01	0.559652	1
SPN	4	7.2420e-01	4.3017e-01	0.559652	1
PAGE5	4	7.2430e-01	4.3017e-01	0.559652	1
DMRTC1B	4	7.2432e-01	4.3017e-01	0.559652	1
HOXA4	4	7.2438e-01	4.3017e-01	0.559652	1
CLDN34	4	7.2454e-01	4.3017e-01	0.559652	1
DSP	4	7.2468e-01	4.3017e-01	0.559652	1
C3orf62	3	7.2478e-01	4.5035e-01	0.581041	1
ANGPTL5	4	7.2501e-01	4.3017e-01	0.559652	1
TSPYL6	4	7.2513e-01	4.3197e-01	0.561836	1
CCDC28A	4	7.2525e-01	4.3197e-01	0.561836	1
GRHL1	4	7.2538e-01	4.3197e-01	0.561836	1
PABPC4	4	7.2540e-01	4.3197e-01	0.561836	1
MTMR10	4	7.2556e-01	4.3372e-01	0.562934	1
RC3H2	4	7.2590e-01	4.3372e-01	0.562934	1
ANKS6	4	7.2613e-01	4.3372e-01	0.562934	1
MIER1	4	7.2644e-01	4.3372e-01	0.562934	1
LRRC10	4	7.2644e-01	4.3372e-01	0.562934	1
APOBEC4	4	7.2654e-01	4.3372e-01	0.562934	1
CHST4	4	7.2660e-01	4.3372e-01	0.562934	1
NPHP4	4	7.2678e-01	4.3372e-01	0.562934	1
SLC45A1	4	7.2680e-01	4.3372e-01	0.562934	1
ATG4C	4	7.2715e-01	4.3372e-01	0.562934	1
HKR1	4	7.2724e-01	4.3372e-01	0.562934	1
ASPRV1	4	7.2752e-01	4.3372e-01	0.562934	1
KLHL5	4	7.2777e-01	4.3372e-01	0.562934	1
MTSS1L	4	7.2792e-01	4.3372e-01	0.562934	1
SLC6A17	4	7.2792e-01	4.3372e-01	0.562934	1
NIPSNAP3B	4	7.2795e-01	4.3372e-01	0.562934	1
UBE2A	3	7.2797e-01	4.5556e-01	0.586134	1
GLT6D1	4	7.2799e-01	4.3372e-01	0.562934	1
HLA-B	4	7.2807e-01	4.3372e-01	0.562934	1
SFTA2	4	7.2814e-01	4.3372e-01	0.562934	1
CLDN8	4	7.2826e-01	4.3372e-01	0.562934	1
PILRA	4	7.2844e-01	4.3372e-01	0.562934	1
TRAK2	4	7.2846e-01	4.3372e-01	0.562934	1
KRT37	4	7.2886e-01	4.3372e-01	0.562934	1
TSKU	4	7.2890e-01	4.3372e-01	0.562934	1
ACTRT2	4	7.2896e-01	4.3372e-01	0.562934	1
TIMM8B	4	7.2910e-01	4.3372e-01	0.562934	1
BCAS3	4	7.2921e-01	4.3372e-01	0.562934	1
PCOLCE2	4	7.2939e-01	4.3372e-01	0.562934	1
ZNF792	4	7.2946e-01	4.3372e-01	0.562934	1
RNF32	4	7.2960e-01	4.3372e-01	0.562934	1
TMBIM6	4	7.2962e-01	4.3372e-01	0.562934	1
KBTBD3	4	7.3000e-01	4.3552e-01	0.564693	1
SPEN	4	7.3003e-01	4.3552e-01	0.564693	1
PPM1B	4	7.3028e-01	4.3552e-01	0.564693	1
LZTFL1	4	7.3042e-01	4.3552e-01	0.564693	1
SPHAR	2	7.3046e-01	4.1320e-01	0.542036	1
ZNF263	4	7.3050e-01	4.3552e-01	0.564693	1
SCN11A	4	7.3053e-01	4.3552e-01	0.564693	1
SCRN3	4	7.3069e-01	4.3552e-01	0.564693	1
S100G	4	7.3073e-01	4.3552e-01	0.564693	1
C7orf69	4	7.3084e-01	4.3552e-01	0.564693	1
JMY	4	7.3092e-01	4.3552e-01	0.564693	1
FLT1	4	7.3104e-01	4.3552e-01	0.564693	1
SPRR3	4	7.3129e-01	4.3552e-01	0.564693	1
CXCL17	4	7.3134e-01	4.3552e-01	0.564693	1
CEACAM19	4	7.3158e-01	4.3552e-01	0.564693	1
SLFN5	4	7.3171e-01	4.3552e-01	0.564693	1
SPG11	4	7.3208e-01	4.3734e-01	0.566862	1
ITGA3	4	7.3210e-01	4.3734e-01	0.566862	1
OR51T1	4	7.3212e-01	4.3734e-01	0.566862	1
BSND	4	7.3232e-01	4.3734e-01	0.566862	1
RFESD	4	7.3232e-01	4.3734e-01	0.566862	1
ZBTB22	4	7.3252e-01	4.3913e-01	0.568752	1
GNG2	4	7.3260e-01	4.3913e-01	0.568752	1
TNFRSF17	4	7.3266e-01	4.3913e-01	0.568752	1
HAS3	4	7.3268e-01	4.3913e-01	0.568752	1
ADPRHL1	4	7.3275e-01	4.3913e-01	0.568752	1
MTMR7	4	7.3283e-01	4.3913e-01	0.568752	1
ESAM	4	7.3294e-01	4.3913e-01	0.568752	1
CP	4	7.3314e-01	4.3913e-01	0.568752	1
VSTM2L	4	7.3318e-01	4.3913e-01	0.568752	1
ID4	4	7.3324e-01	4.3913e-01	0.568752	1
FBXL3	4	7.3366e-01	4.4090e-01	0.571002	1
FABP4	4	7.3412e-01	4.4265e-01	0.572851	1
CARNS1	4	7.3444e-01	4.4265e-01	0.572851	1
NLGN1	4	7.3457e-01	4.4265e-01	0.572851	1
SDC4	4	7.3479e-01	4.4265e-01	0.572851	1
ARSD	4	7.3496e-01	4.4265e-01	0.572851	1
GUCA1B	4	7.3519e-01	4.4265e-01	0.572851	1
FXYD5	4	7.3527e-01	4.4265e-01	0.572851	1
C11orf86	4	7.3531e-01	4.4265e-01	0.572851	1
ABCA6	4	7.3536e-01	4.4265e-01	0.572851	1
NPHP3	4	7.3545e-01	4.4265e-01	0.572851	1
C11orf24	4	7.3554e-01	4.4265e-01	0.572851	1
OR4K14	4	7.3567e-01	4.4443e-01	0.574916	1
NBPF4	4	7.3575e-01	4.4443e-01	0.574916	1
PTF1A	4	7.3582e-01	4.4443e-01	0.574916	1
SLC27A6	4	7.3585e-01	4.4443e-01	0.574916	1
IL10RA	4	7.3588e-01	4.4443e-01	0.574916	1
LPXN	4	7.3597e-01	4.4625e-01	0.576609	1
C5AR2	4	7.3608e-01	4.4625e-01	0.576609	1
SPESP1	4	7.3615e-01	4.4625e-01	0.576609	1
DHCR24	4	7.3622e-01	4.4625e-01	0.576609	1
FAM229A	4	7.3636e-01	4.4625e-01	0.576609	1
TMEM141	4	7.3639e-01	4.4625e-01	0.576609	1
DRG2	4	7.3645e-01	4.4625e-01	0.576609	1
ADAP2	4	7.3647e-01	4.4625e-01	0.576609	1
CGRRF1	4	7.3662e-01	4.4625e-01	0.576609	1
KAZN	4	7.3689e-01	4.4625e-01	0.576609	1
ETFB	4	7.3693e-01	4.4625e-01	0.576609	1
FOXO1	4	7.3696e-01	4.4625e-01	0.576609	1
DEFA3	4	7.3736e-01	4.4625e-01	0.576609	1
VRK2	4	7.3746e-01	4.4625e-01	0.576609	1
TRIO	4	7.3763e-01	4.4625e-01	0.576609	1
PLIN5	4	7.3768e-01	4.4625e-01	0.576609	1
C2orf91	4	7.3780e-01	4.4625e-01	0.576609	1
DNAJB4	4	7.3788e-01	4.4805e-01	0.578896	1
IFITM10	4	7.3804e-01	4.4984e-01	0.580422	1
FMR1NB	4	7.3804e-01	4.4984e-01	0.580422	1
ADH1C	4	7.3807e-01	4.4984e-01	0.580422	1
ARSB	4	7.3820e-01	4.4984e-01	0.580422	1
KIAA0930	4	7.3824e-01	4.4984e-01	0.580422	1
KIAA0430	4	7.3827e-01	4.4984e-01	0.580422	1
NCOA7	4	7.3843e-01	4.4984e-01	0.580422	1
LRRC7	4	7.3852e-01	4.4984e-01	0.580422	1
ZNF484	4	7.3870e-01	4.4984e-01	0.580422	1
EVA1A	4	7.3883e-01	4.4984e-01	0.580422	1
SIRPB2	4	7.3920e-01	4.4984e-01	0.580422	1
SPEF2	4	7.3941e-01	4.4984e-01	0.580422	1
CNTNAP5	4	7.3943e-01	4.4984e-01	0.580422	1
TMEM260	4	7.3954e-01	4.4984e-01	0.580422	1
RSG1	4	7.3964e-01	4.4984e-01	0.580422	1
LRRN4CL	4	7.3975e-01	4.4984e-01	0.580422	1
LCTL	4	7.4005e-01	4.4984e-01	0.580422	1
CXCL1	4	7.4017e-01	4.4984e-01	0.580422	1
HEBP1	4	7.4033e-01	4.4984e-01	0.580422	1
PRODH2	4	7.4045e-01	4.4984e-01	0.580422	1
ARL14	4	7.4064e-01	4.5161e-01	0.582425	1
PPAPDC1B	4	7.4067e-01	4.5161e-01	0.582425	1
FAM110D	4	7.4086e-01	4.5161e-01	0.582425	1
ZWINT	4	7.4103e-01	4.5161e-01	0.582425	1
DDX19B	4	7.4143e-01	4.5161e-01	0.582425	1
DENND2A	4	7.4146e-01	4.5161e-01	0.582425	1
PIGS	4	7.4168e-01	4.5346e-01	0.584261	1
EBF2	4	7.4168e-01	4.5346e-01	0.584261	1
ATG14	4	7.4176e-01	4.5346e-01	0.584261	1
HAO2	4	7.4203e-01	4.5346e-01	0.584261	1
ZNF518A	4	7.4214e-01	4.5346e-01	0.584261	1
OGN	4	7.4227e-01	4.5346e-01	0.584261	1
POMK	4	7.4231e-01	4.5346e-01	0.584261	1
MLC1	4	7.4234e-01	4.5346e-01	0.584261	1
TDO2	4	7.4238e-01	4.5346e-01	0.584261	1
LRRD1	4	7.4243e-01	4.5346e-01	0.584261	1
HMMR	4	7.4249e-01	4.5346e-01	0.584261	1
TM7SF3	4	7.4273e-01	4.5346e-01	0.584261	1
TM2D3	4	7.4283e-01	4.5346e-01	0.584261	1
MMP10	4	7.4287e-01	4.5346e-01	0.584261	1
GRID2	4	7.4291e-01	4.5523e-01	0.585758	1
CYS1	4	7.4309e-01	4.5523e-01	0.585758	1
SLC1A5	4	7.4311e-01	4.5523e-01	0.585758	1
DENND5B	4	7.4317e-01	4.5523e-01	0.585758	1
ABCC1	4	7.4324e-01	4.5523e-01	0.585758	1
SYCN	4	7.4328e-01	4.5523e-01	0.585758	1
ANGPTL2	4	7.4332e-01	4.5523e-01	0.585758	1
WDR53	4	7.4337e-01	4.5523e-01	0.585758	1
ANKDD1B	4	7.4343e-01	4.5523e-01	0.585758	1
TMEM102	4	7.4362e-01	4.5523e-01	0.585758	1
PTP4A1	4	7.4382e-01	4.5523e-01	0.585758	1
CCNJL	4	7.4384e-01	4.5523e-01	0.585758	1
MSI2	4	7.4390e-01	4.5523e-01	0.585758	1
OR5C1	4	7.4401e-01	4.5523e-01	0.585758	1
HSF2	4	7.4404e-01	4.5523e-01	0.585758	1
LITAF	4	7.4417e-01	4.5523e-01	0.585758	1
SLC22A6	4	7.4429e-01	4.5523e-01	0.585758	1
KIAA1715	4	7.4453e-01	4.5523e-01	0.585758	1
CCDC169-SOHLH2	4	7.4462e-01	4.5523e-01	0.585758	1
ASIC1	4	7.4464e-01	4.5523e-01	0.585758	1
HINT2	4	7.4512e-01	4.5704e-01	0.587455	1
DENND1B	4	7.4531e-01	4.5704e-01	0.587455	1
MMP26	4	7.4549e-01	4.5704e-01	0.587455	1
BRI3	4	7.4587e-01	4.5704e-01	0.587455	1
FAHD1	4	7.4598e-01	4.5704e-01	0.587455	1
KLHL13	4	7.4616e-01	4.5704e-01	0.587455	1
LOC100996693	4	7.4622e-01	4.5704e-01	0.587455	1
ZNF214	4	7.4624e-01	4.5704e-01	0.587455	1
CABP4	4	7.4625e-01	4.5704e-01	0.587455	1
WDR45B	4	7.4629e-01	4.5704e-01	0.587455	1
GPRIN3	4	7.4638e-01	4.5704e-01	0.587455	1
HLA-DOB	4	7.4638e-01	4.5704e-01	0.587455	1
HGSNAT	4	7.4656e-01	4.5704e-01	0.587455	1
PIGZ	4	7.4663e-01	4.5704e-01	0.587455	1
PSG11	4	7.4698e-01	4.5704e-01	0.587455	1
LMAN2L	4	7.4709e-01	4.5888e-01	0.589388	1
LMF2	4	7.4711e-01	4.5888e-01	0.589388	1
PTPN4	4	7.4720e-01	4.5888e-01	0.589388	1
C2CD2	4	7.4729e-01	4.5888e-01	0.589388	1
CATSPERG	4	7.4757e-01	4.5888e-01	0.589388	1
NRG1	4	7.4782e-01	4.5889e-01	0.589388	1
FA2H	4	7.4792e-01	4.5889e-01	0.589388	1
KLK4	4	7.4795e-01	4.5889e-01	0.589388	1
ZFP3	4	7.4799e-01	4.5889e-01	0.589388	1
ESRP1	4	7.4801e-01	4.5889e-01	0.589388	1
HTR1E	4	7.4803e-01	4.5889e-01	0.589388	1
ANXA4	4	7.4829e-01	4.6246e-01	0.593422	1
TRAF3	4	7.4836e-01	4.6246e-01	0.593422	1
D2HGDH	4	7.4860e-01	4.6246e-01	0.593422	1
VSIG1	4	7.4862e-01	4.6246e-01	0.593422	1
PRDM12	4	7.4863e-01	4.6246e-01	0.593422	1
HIST1H3H	4	7.4886e-01	4.6246e-01	0.593422	1
POLN	4	7.4901e-01	4.6246e-01	0.593422	1
ZBED4	4	7.4906e-01	4.6246e-01	0.593422	1
AVPR2	4	7.4919e-01	4.6246e-01	0.593422	1
PAWR	4	7.4926e-01	4.6246e-01	0.593422	1
SMCO2	4	7.4930e-01	4.6246e-01	0.593422	1
FAM195A	4	7.4932e-01	4.6246e-01	0.593422	1
DNASE1L1	4	7.4957e-01	4.6246e-01	0.593422	1
PLCG1	4	7.4961e-01	4.6246e-01	0.593422	1
OXGR1	4	7.4983e-01	4.6429e-01	0.595324	1
ZFP14	4	7.4988e-01	4.6429e-01	0.595324	1
FABP1	4	7.5010e-01	4.6429e-01	0.595324	1
IL37	4	7.5012e-01	4.6429e-01	0.595324	1
PGPEP1	4	7.5056e-01	4.6429e-01	0.595324	1
ZNF280D	4	7.5060e-01	4.6429e-01	0.595324	1
MROH1	4	7.5078e-01	4.6429e-01	0.595324	1
CCDC124	4	7.5095e-01	4.6429e-01	0.595324	1
GPR180	4	7.5100e-01	4.6429e-01	0.595324	1
GGNBP2	4	7.5114e-01	4.6429e-01	0.595324	1
CPVL	4	7.5116e-01	4.6429e-01	0.595324	1
PCTP	4	7.5145e-01	4.6608e-01	0.597298	1
SETD3	4	7.5156e-01	4.6608e-01	0.597298	1
CASD1	4	7.5175e-01	4.6608e-01	0.597298	1
RALY	4	7.5176e-01	4.6608e-01	0.597298	1
LETMD1	4	7.5179e-01	4.6608e-01	0.597298	1
TRIQK	4	7.5187e-01	4.6608e-01	0.597298	1
ARHGAP6	4	7.5198e-01	4.6608e-01	0.597298	1
C12orf60	4	7.5212e-01	4.6608e-01	0.597298	1
TRIM4	4	7.5227e-01	4.6786e-01	0.599424	1
BPIFA1	4	7.5235e-01	4.6786e-01	0.599424	1
OSCP1	4	7.5261e-01	4.6786e-01	0.599424	1
CEBPE	4	7.5273e-01	4.6786e-01	0.599424	1
KCNH1	4	7.5277e-01	4.6966e-01	0.601322	1
EDIL3	4	7.5284e-01	4.6966e-01	0.601322	1
LMNB2	4	7.5295e-01	4.6966e-01	0.601322	1
ZNF584	4	7.5305e-01	4.6966e-01	0.601322	1
EDF1	4	7.5315e-01	4.6966e-01	0.601322	1
TUBB6	4	7.5320e-01	4.6966e-01	0.601322	1
HS3ST1	4	7.5333e-01	4.6966e-01	0.601322	1
ZNF552	4	7.5345e-01	4.6966e-01	0.601322	1
RDX	4	7.5356e-01	4.6966e-01	0.601322	1
ZMYM6NB	4	7.5362e-01	4.6966e-01	0.601322	1
CCL21	4	7.5367e-01	4.7142e-01	0.603014	1
RHBDD3	4	7.5374e-01	4.7142e-01	0.603014	1
IQSEC3	4	7.5382e-01	4.7142e-01	0.603014	1
LILRA6	4	7.5386e-01	4.7142e-01	0.603014	1
TMPRSS11D	4	7.5398e-01	4.7142e-01	0.603014	1
ATF1	4	7.5428e-01	4.7142e-01	0.603014	1
SIAE	4	7.5454e-01	4.7142e-01	0.603014	1
CACNG4	4	7.5469e-01	4.7142e-01	0.603014	1
HTRA3	4	7.5472e-01	4.7142e-01	0.603014	1
CLEC3A	4	7.5486e-01	4.7142e-01	0.603014	1
ZC3HC1	4	7.5506e-01	4.7142e-01	0.603014	1
MFSD11	4	7.5508e-01	4.7142e-01	0.603014	1
RASL10B	4	7.5513e-01	4.7142e-01	0.603014	1
LRRC3	4	7.5520e-01	4.7142e-01	0.603014	1
BVES	4	7.5526e-01	4.7318e-01	0.604413	1
NEB	4	7.5531e-01	4.7318e-01	0.604413	1
HIF3A	4	7.5540e-01	4.7318e-01	0.604413	1
TMEM257	4	7.5563e-01	4.7318e-01	0.604413	1
MED25	4	7.5576e-01	4.7318e-01	0.604413	1
LIM2	4	7.5582e-01	4.7318e-01	0.604413	1
NMNAT2	4	7.5603e-01	4.7318e-01	0.604413	1
C11orf88	4	7.5638e-01	4.7318e-01	0.604413	1
MARK4	4	7.5654e-01	4.7318e-01	0.604413	1
DAZ3	4	7.5668e-01	4.7318e-01	0.604413	1
TSPYL2	3	7.5678e-01	4.8003e-01	0.611431	1
ABHD8	4	7.5682e-01	4.7318e-01	0.604413	1
PKNOX2	4	7.5695e-01	4.7318e-01	0.604413	1
C10orf35	4	7.5697e-01	4.7318e-01	0.604413	1
GPR22	4	7.5708e-01	4.7318e-01	0.604413	1
GGCX	4	7.5733e-01	4.7318e-01	0.604413	1
FOXJ3	4	7.5736e-01	4.7318e-01	0.604413	1
ERCC6L2	4	7.5744e-01	4.7318e-01	0.604413	1
STXBP4	4	7.5759e-01	4.7318e-01	0.604413	1
ROPN1	4	7.5763e-01	4.7318e-01	0.604413	1
THAP3	4	7.5767e-01	4.7318e-01	0.604413	1
AMDHD1	4	7.5774e-01	4.7318e-01	0.604413	1
FCAMR	4	7.5788e-01	4.7495e-01	0.606275	1
NUTM1	4	7.5795e-01	4.7495e-01	0.606275	1
OR5L1	4	7.5797e-01	4.7495e-01	0.606275	1
TOMM6	4	7.5802e-01	4.7495e-01	0.606275	1
CTSL	4	7.5808e-01	4.7495e-01	0.606275	1
F3	4	7.5823e-01	4.7495e-01	0.606275	1
CNPY1	4	7.5829e-01	4.7495e-01	0.606275	1
CCDC109B	4	7.5840e-01	4.7495e-01	0.606275	1
STEAP2	4	7.5869e-01	4.7495e-01	0.606275	1
DNAJB2	4	7.5888e-01	4.7495e-01	0.606275	1
ZDHHC7	4	7.5895e-01	4.7674e-01	0.608073	1
ADARB1	4	7.5936e-01	4.7674e-01	0.608073	1
PAK6	4	7.5938e-01	4.7674e-01	0.608073	1
ADGRE2	4	7.5947e-01	4.7674e-01	0.608073	1
MMP8	4	7.5952e-01	4.7674e-01	0.608073	1
P2RY6	4	7.5957e-01	4.7674e-01	0.608073	1
STK38L	4	7.5959e-01	4.7674e-01	0.608073	1
SNX8	4	7.5970e-01	4.7674e-01	0.608073	1
RNF165	4	7.5972e-01	4.7674e-01	0.608073	1
ZNF805	4	7.5979e-01	4.7674e-01	0.608073	1
KCNQ3	4	7.5981e-01	4.7674e-01	0.608073	1
ACBD7	4	7.5982e-01	4.7674e-01	0.608073	1
DPYD	3	7.5990e-01	4.8537e-01	0.617438	1
RB1	4	7.6011e-01	4.7855e-01	0.609926	1
SUSD5	4	7.6016e-01	4.7855e-01	0.609926	1
SPATS2	4	7.6025e-01	4.7855e-01	0.609926	1
B3GNT7	4	7.6037e-01	4.7855e-01	0.609926	1
TCL1B	4	7.6044e-01	4.7855e-01	0.609926	1
SDC3	4	7.6046e-01	4.7855e-01	0.609926	1
FKBP14	4	7.6076e-01	4.7855e-01	0.609926	1
SLC6A15	4	7.6078e-01	4.7855e-01	0.609926	1
LGALSL	4	7.6095e-01	4.7855e-01	0.609926	1
IDI2	4	7.6103e-01	4.7855e-01	0.609926	1
ADGRB1	4	7.6105e-01	4.7855e-01	0.609926	1
MICAL3	4	7.6110e-01	4.8037e-01	0.611431	1
CEL	4	7.6117e-01	4.8037e-01	0.611431	1
ALDH3B2	4	7.6128e-01	4.8037e-01	0.611431	1
GNAI3	4	7.6144e-01	4.8037e-01	0.611431	1
MASP2	4	7.6147e-01	4.8037e-01	0.611431	1
NEUROD2	4	7.6158e-01	4.8037e-01	0.611431	1
OLFML2B	4	7.6165e-01	4.8037e-01	0.611431	1
RUSC1	4	7.6191e-01	4.8037e-01	0.611431	1
SLC4A11	4	7.6207e-01	4.8037e-01	0.611431	1
NDST3	4	7.6212e-01	4.8037e-01	0.611431	1
MSANTD2	4	7.6237e-01	4.8037e-01	0.611431	1
USP13	4	7.6242e-01	4.8037e-01	0.611431	1
GLYAT	4	7.6244e-01	4.8037e-01	0.611431	1
KCNIP3	4	7.6259e-01	4.8037e-01	0.611431	1
SEC22A	4	7.6264e-01	4.8037e-01	0.611431	1
PCDHB6	4	7.6268e-01	4.8037e-01	0.611431	1
SH2B3	4	7.6281e-01	4.8037e-01	0.611431	1
HLA-DPB1	4	7.6313e-01	4.8037e-01	0.611431	1
DERA	4	7.6343e-01	4.8037e-01	0.611431	1
AP1S3	4	7.6369e-01	4.8397e-01	0.615901	1
PRKD2	4	7.6373e-01	4.8397e-01	0.615901	1
MICU3	4	7.6378e-01	4.8397e-01	0.615901	1
PTX3	4	7.6384e-01	4.8580e-01	0.617438	1
DEFB4A	3	7.6393e-01	4.8884e-01	0.621222	1
APOC3	4	7.6394e-01	4.8580e-01	0.617438	1
CASP1	4	7.6395e-01	4.8580e-01	0.617438	1
PDZD2	4	7.6400e-01	4.8580e-01	0.617438	1
DAAM1	4	7.6400e-01	4.8580e-01	0.617438	1
AMH	4	7.6405e-01	4.8580e-01	0.617438	1
ZFPM2	4	7.6443e-01	4.8580e-01	0.617438	1
PP2D1	4	7.6451e-01	4.8580e-01	0.617438	1
APBA1	4	7.6453e-01	4.8580e-01	0.617438	1
POU6F2	4	7.6490e-01	4.8580e-01	0.617438	1
BTBD6	4	7.6500e-01	4.8580e-01	0.617438	1
BCAT2	4	7.6513e-01	4.8580e-01	0.617438	1
TNFSF4	4	7.6520e-01	4.8580e-01	0.617438	1
OR2F2	4	7.6542e-01	4.8580e-01	0.617438	1
C16orf89	4	7.6546e-01	4.8580e-01	0.617438	1
SIM1	4	7.6560e-01	4.8580e-01	0.617438	1
FFAR1	4	7.6576e-01	4.8580e-01	0.617438	1
PRR22	4	7.6583e-01	4.8580e-01	0.617438	1
EGR1	4	7.6627e-01	4.8760e-01	0.619693	1
LRRN1	4	7.6637e-01	4.8937e-01	0.621738	1
PEX13	4	7.6643e-01	4.8937e-01	0.621738	1
LDOC1	3	7.6644e-01	4.9586e-01	0.626976	1
RASGRF2	4	7.6656e-01	4.8938e-01	0.621738	1
ADAMTS18	4	7.6659e-01	4.8938e-01	0.621738	1
CCDC14	4	7.6670e-01	4.9120e-01	0.623556	1
ZNF593	4	7.6682e-01	4.9120e-01	0.623556	1
ALAS1	4	7.6706e-01	4.9120e-01	0.623556	1
GDI1	4	7.6716e-01	4.9120e-01	0.623556	1
CT47B1	4	7.6745e-01	4.9120e-01	0.623556	1
MMP24	4	7.6781e-01	4.9120e-01	0.623556	1
MBNL1	4	7.6793e-01	4.9120e-01	0.623556	1
NME3	4	7.6801e-01	4.9120e-01	0.623556	1
SCFD2	4	7.6803e-01	4.9120e-01	0.623556	1
SYTL2	4	7.6812e-01	4.9120e-01	0.623556	1
PAK1	4	7.6822e-01	4.9120e-01	0.623556	1
AKR1A1	4	7.6827e-01	4.9120e-01	0.623556	1
BHLHE23	4	7.6839e-01	4.9298e-01	0.625528	1
PNMA2	4	7.6893e-01	4.9298e-01	0.625528	1
SIX1	4	7.6895e-01	4.9298e-01	0.625528	1
DOK4	4	7.6902e-01	4.9298e-01	0.625528	1
LY6E	4	7.6912e-01	4.9298e-01	0.625528	1
HMCES	4	7.6922e-01	4.9298e-01	0.625528	1
FAM57B	4	7.6933e-01	4.9298e-01	0.625528	1
MAF	4	7.6943e-01	4.9478e-01	0.625649	1
HHLA3	4	7.6948e-01	4.9478e-01	0.625649	1
C9orf170	4	7.6953e-01	4.9478e-01	0.625649	1
ADAM21	4	7.6969e-01	4.9478e-01	0.625649	1
MAST4	4	7.6979e-01	4.9478e-01	0.625649	1
KRTAP23-1	4	7.6981e-01	4.9478e-01	0.625649	1
B3GNTL1	4	7.6996e-01	4.9478e-01	0.625649	1
CHRD	4	7.6998e-01	4.9478e-01	0.625649	1
SARAF	4	7.7007e-01	4.9478e-01	0.625649	1
KIFC1	4	7.7034e-01	4.9478e-01	0.625649	1
PRKACG	4	7.7038e-01	4.9478e-01	0.625649	1
SH3BP5L	4	7.7041e-01	4.9478e-01	0.625649	1
YWHAQ	4	7.7056e-01	4.9478e-01	0.625649	1
C7orf60	4	7.7062e-01	4.9478e-01	0.625649	1
PRPS1L1	4	7.7069e-01	4.9478e-01	0.625649	1
TRPM3	4	7.7072e-01	4.9478e-01	0.625649	1
HSF1	4	7.7077e-01	4.9478e-01	0.625649	1
OR52L1	4	7.7087e-01	4.9478e-01	0.625649	1
SLC35A4	4	7.7098e-01	4.9478e-01	0.625649	1
EFCAB13	4	7.7099e-01	4.9478e-01	0.625649	1
C10orf120	4	7.7101e-01	4.9478e-01	0.625649	1
SIGLEC14	4	7.7105e-01	4.9478e-01	0.625649	1
JADE2	4	7.7110e-01	4.9478e-01	0.625649	1
ATP1A2	4	7.7111e-01	4.9478e-01	0.625649	1
OR10J3	4	7.7140e-01	4.9478e-01	0.625649	1
CYP4F12	4	7.7146e-01	4.9478e-01	0.625649	1
OR4C6	4	7.7147e-01	4.9478e-01	0.625649	1
GRB7	4	7.7158e-01	4.9478e-01	0.625649	1
IQUB	4	7.7159e-01	4.9478e-01	0.625649	1
GRAP	4	7.7166e-01	4.9478e-01	0.625649	1
DNAJA2	4	7.7168e-01	4.9478e-01	0.625649	1
BARX1	4	7.7173e-01	4.9478e-01	0.625649	1
ODF2L	4	7.7177e-01	4.9478e-01	0.625649	1
FOXO4	4	7.7194e-01	4.9478e-01	0.625649	1
OR1K1	4	7.7199e-01	4.9478e-01	0.625649	1
INS	4	7.7205e-01	4.9478e-01	0.625649	1
TTC9B	4	7.7208e-01	4.9478e-01	0.625649	1
NMT2	4	7.7224e-01	4.9478e-01	0.625649	1
NKX2-8	4	7.7226e-01	4.9478e-01	0.625649	1
TOP2B	4	7.7236e-01	4.9478e-01	0.625649	1
C11orf71	4	7.7252e-01	4.9478e-01	0.625649	1
IFNA16	4	7.7253e-01	4.9478e-01	0.625649	1
FSTL1	4	7.7268e-01	4.9478e-01	0.625649	1
VGF	4	7.7268e-01	4.9478e-01	0.625649	1
PTS	4	7.7271e-01	4.9478e-01	0.625649	1
MAGEA10	4	7.7277e-01	4.9478e-01	0.625649	1
CA5B	4	7.7286e-01	4.9478e-01	0.625649	1
FNDC9	4	7.7298e-01	4.9478e-01	0.625649	1
KATNAL1	4	7.7308e-01	4.9478e-01	0.625649	1
ENPP7	4	7.7337e-01	4.9478e-01	0.625649	1
WISP1	4	7.7341e-01	4.9478e-01	0.625649	1
BFSP2	4	7.7344e-01	4.9478e-01	0.625649	1
RHOT2	4	7.7359e-01	4.9652e-01	0.627227	1
OR4D11	4	7.7371e-01	4.9652e-01	0.627227	1
KRTAP7-1	4	7.7379e-01	4.9652e-01	0.627227	1
MPST	4	7.7390e-01	4.9652e-01	0.627227	1
ZNF546	4	7.7432e-01	4.9652e-01	0.627227	1
FBXL6	4	7.7455e-01	4.9652e-01	0.627227	1
NXNL1	4	7.7461e-01	4.9652e-01	0.627227	1
ZFP92	4	7.7464e-01	4.9652e-01	0.627227	1
ARHGAP18	4	7.7468e-01	4.9652e-01	0.627227	1
PPM1J	4	7.7474e-01	4.9652e-01	0.627227	1
TNKS	4	7.7478e-01	4.9652e-01	0.627227	1
OR11G2	4	7.7481e-01	4.9652e-01	0.627227	1
P2RX7	4	7.7483e-01	4.9652e-01	0.627227	1
NLRP10	4	7.7484e-01	4.9652e-01	0.627227	1
APCDD1	4	7.7506e-01	4.9830e-01	0.628856	1
CXorf65	4	7.7512e-01	4.9830e-01	0.628856	1
ZNF585B	4	7.7517e-01	4.9830e-01	0.628856	1
RBM46	4	7.7517e-01	4.9830e-01	0.628856	1
TMEM253	4	7.7530e-01	4.9830e-01	0.628856	1
BTN2A1	4	7.7544e-01	4.9830e-01	0.628856	1
CCDC60	4	7.7554e-01	4.9830e-01	0.628856	1
NUMA1	4	7.7557e-01	4.9830e-01	0.628856	1
ATP8B1	4	7.7562e-01	4.9830e-01	0.628856	1
TMEM150C	4	7.7564e-01	4.9830e-01	0.628856	1
AGO2	4	7.7568e-01	4.9830e-01	0.628856	1
DCAF6	4	7.7577e-01	4.9830e-01	0.628856	1
NOVA2	4	7.7584e-01	4.9830e-01	0.628856	1
RPA4	4	7.7608e-01	4.9830e-01	0.628856	1
SCHIP1	4	7.7628e-01	4.9830e-01	0.628856	1
CLN3	4	7.7682e-01	5.0007e-01	0.631045	1
SPINK1	4	7.7744e-01	5.0188e-01	0.632951	1
OR4C11	4	7.7747e-01	5.0188e-01	0.632951	1
RBMY1J	4	7.7751e-01	5.0188e-01	0.632951	1
DEFB133	3	7.7770e-01	5.1159e-01	0.642956	1
CD200	4	7.7773e-01	5.0188e-01	0.632951	1
SLC7A6OS	4	7.7778e-01	5.0188e-01	0.632951	1
CCL22	4	7.7783e-01	5.0188e-01	0.632951	1
DECR2	4	7.7791e-01	5.0188e-01	0.632951	1
IP6K2	4	7.7798e-01	5.0188e-01	0.632951	1
NUDT7	4	7.7820e-01	5.0188e-01	0.632951	1
STH	4	7.7833e-01	5.0371e-01	0.635097	1
POGZ	4	7.7835e-01	5.0371e-01	0.635097	1
BSDC1	4	7.7856e-01	5.0371e-01	0.635097	1
GCM2	4	7.7876e-01	5.0371e-01	0.635097	1
SEMA4C	4	7.7895e-01	5.0551e-01	0.636688	1
PYCR2	4	7.7901e-01	5.0551e-01	0.636688	1
ZNF563	4	7.7906e-01	5.0551e-01	0.636688	1
FRMD1	4	7.7911e-01	5.0551e-01	0.636688	1
EIF4H	4	7.7916e-01	5.0551e-01	0.636688	1
MRPS23	4	7.7928e-01	5.0551e-01	0.636688	1
KLC4	4	7.7938e-01	5.0551e-01	0.636688	1
TUBB1	4	7.7980e-01	5.0551e-01	0.636688	1
ARRDC3	4	7.7981e-01	5.0551e-01	0.636688	1
BIRC8	4	7.7986e-01	5.0551e-01	0.636688	1
KRTAP10-5	4	7.7995e-01	5.0551e-01	0.636688	1
TDP2	4	7.7999e-01	5.0551e-01	0.636688	1
IRG1	4	7.8010e-01	5.0551e-01	0.636688	1
GBA	4	7.8011e-01	5.0551e-01	0.636688	1
TRADD	4	7.8015e-01	5.0551e-01	0.636688	1
FGFR2	4	7.8016e-01	5.0551e-01	0.636688	1
LILRB4	4	7.8030e-01	5.0727e-01	0.638577	1
DVL3	4	7.8053e-01	5.0727e-01	0.638577	1
OR4L1	4	7.8058e-01	5.0727e-01	0.638577	1
TNFAIP8L1	4	7.8075e-01	5.0727e-01	0.638577	1
TMC3	4	7.8078e-01	5.0727e-01	0.638577	1
CCL18	4	7.8079e-01	5.0727e-01	0.638577	1
BMP8A	4	7.8093e-01	5.0727e-01	0.638577	1
LIMA1	4	7.8108e-01	5.0727e-01	0.638577	1
SLC32A1	4	7.8146e-01	5.0914e-01	0.640334	1
C9orf116	4	7.8151e-01	5.0914e-01	0.640334	1
C10orf105	4	7.8167e-01	5.0914e-01	0.640334	1
FTH1P18	4	7.8217e-01	5.0914e-01	0.640334	1
SLC22A11	4	7.8225e-01	5.0914e-01	0.640334	1
PLK5	4	7.8233e-01	5.0914e-01	0.640334	1
OVOL1	4	7.8245e-01	5.0914e-01	0.640334	1
SPECC1	4	7.8251e-01	5.0914e-01	0.640334	1
LEPR	4	7.8255e-01	5.0914e-01	0.640334	1
IRX1	4	7.8275e-01	5.0914e-01	0.640334	1
FAM65B	4	7.8281e-01	5.0914e-01	0.640334	1
CYP1A2	4	7.8303e-01	5.0914e-01	0.640334	1
NME5	4	7.8314e-01	5.0914e-01	0.640334	1
LBR	4	7.8321e-01	5.0914e-01	0.640334	1
NAV3	4	7.8334e-01	5.1096e-01	0.642208	1
MYRIP	4	7.8349e-01	5.1096e-01	0.642208	1
TRIM47	4	7.8365e-01	5.1096e-01	0.642208	1
DSCAML1	4	7.8368e-01	5.1096e-01	0.642208	1
MYO9B	4	7.8375e-01	5.1096e-01	0.642208	1
IFNW1	4	7.8377e-01	5.1096e-01	0.642208	1
PPEF2	4	7.8398e-01	5.1096e-01	0.642208	1
SEPTIN4	4	7.8403e-01	5.1096e-01	0.642208	1
DNAJA4	4	7.8408e-01	5.1096e-01	0.642208	1
YTHDF2	4	7.8417e-01	5.1096e-01	0.642208	1
ZC3H7A	4	7.8432e-01	5.1276e-01	0.644251	1
PPARGC1B	4	7.8460e-01	5.1276e-01	0.644251	1
ABCB9	4	7.8462e-01	5.1276e-01	0.644251	1
ADO	4	7.8470e-01	5.1276e-01	0.644251	1
CHURC1	4	7.8500e-01	5.1463e-01	0.645718	1
CHRM1	4	7.8500e-01	5.1463e-01	0.645718	1
SLC35A5	4	7.8517e-01	5.1463e-01	0.645718	1
FGD6	4	7.8548e-01	5.1463e-01	0.645718	1
UBE3C	4	7.8562e-01	5.1463e-01	0.645718	1
CALM1	4	7.8579e-01	5.1463e-01	0.645718	1
OLIG1	4	7.8584e-01	5.1463e-01	0.645718	1
DISC1	4	7.8588e-01	5.1464e-01	0.645718	1
ANP32B	4	7.8594e-01	5.1464e-01	0.645718	1
POU2AF1	4	7.8597e-01	5.1464e-01	0.645718	1
RAB24	4	7.8601e-01	5.1464e-01	0.645718	1
PCBP3	3	7.8604e-01	5.3106e-01	0.658335	1
CMTM1	4	7.8607e-01	5.1464e-01	0.645718	1
KRT74	4	7.8615e-01	5.1464e-01	0.645718	1
SOX7	4	7.8615e-01	5.1464e-01	0.645718	1
ERN2	4	7.8627e-01	5.1464e-01	0.645718	1
NAT6	4	7.8631e-01	5.1464e-01	0.645718	1
CD1B	4	7.8641e-01	5.1464e-01	0.645718	1
DEFB107B	1	7.8660e-01	7.4778e-01	0.806150	0
NUDT5	4	7.8666e-01	5.1464e-01	0.645718	1
DDHD1	4	7.8669e-01	5.1464e-01	0.645718	1
PROX2	4	7.8674e-01	5.1464e-01	0.645718	1
CYTH1	4	7.8684e-01	5.1464e-01	0.645718	1
ATP1B2	4	7.8702e-01	5.1642e-01	0.646553	1
EEF2K	4	7.8726e-01	5.1642e-01	0.646553	1
HMBOX1	4	7.8750e-01	5.1642e-01	0.646553	1
NEU2	4	7.8752e-01	5.1642e-01	0.646553	1
PGRMC1	4	7.8756e-01	5.1642e-01	0.646553	1
PLEKHG2	4	7.8756e-01	5.1642e-01	0.646553	1
TMC2	4	7.8759e-01	5.1642e-01	0.646553	1
FBXO36	4	7.8763e-01	5.1642e-01	0.646553	1
TRIM29	4	7.8774e-01	5.1642e-01	0.646553	1
SIDT2	4	7.8779e-01	5.1642e-01	0.646553	1
DYNC2H1	4	7.8786e-01	5.1642e-01	0.646553	1
BCHE	4	7.8787e-01	5.1642e-01	0.646553	1
COL9A3	4	7.8789e-01	5.1642e-01	0.646553	1
ANKRD42	4	7.8804e-01	5.1642e-01	0.646553	1
TTLL5	4	7.8807e-01	5.1642e-01	0.646553	1
PROS1	4	7.8810e-01	5.1642e-01	0.646553	1
NCMAP	4	7.8834e-01	5.1642e-01	0.646553	1
VPS26A	4	7.8836e-01	5.1642e-01	0.646553	1
EPPIN	4	7.8839e-01	5.1642e-01	0.646553	1
ATE1	4	7.8855e-01	5.1642e-01	0.646553	1
GALNT16	4	7.8865e-01	5.1642e-01	0.646553	1
WNT5B	4	7.8867e-01	5.1642e-01	0.646553	1
CTSK	4	7.8870e-01	5.1642e-01	0.646553	1
RPH3AL	4	7.8883e-01	5.1642e-01	0.646553	1
DHRS9	4	7.8884e-01	5.1642e-01	0.646553	1
ACTG2	4	7.8886e-01	5.1642e-01	0.646553	1
SCG5	4	7.8902e-01	5.1642e-01	0.646553	1
IER2	4	7.8904e-01	5.1642e-01	0.646553	1
FTCD	4	7.8909e-01	5.1642e-01	0.646553	1
TMEM150B	4	7.8910e-01	5.1642e-01	0.646553	1
KLF1	4	7.8912e-01	5.1642e-01	0.646553	1
KLHL9	4	7.8921e-01	5.1642e-01	0.646553	1
AWAT2	4	7.8931e-01	5.1642e-01	0.646553	1
RFX5	4	7.8947e-01	5.1811e-01	0.648544	1
PNOC	4	7.8954e-01	5.1811e-01	0.648544	1
TMEM173	4	7.8959e-01	5.1811e-01	0.648544	1
MS4A2	4	7.8973e-01	5.1993e-01	0.650223	1
DPYSL5	4	7.8981e-01	5.1993e-01	0.650223	1
ZNF101	4	7.9029e-01	5.1993e-01	0.650223	1
LOC388780	4	7.9031e-01	5.1993e-01	0.650223	1
FAM135B	4	7.9047e-01	5.1993e-01	0.650223	1
NKTR	4	7.9057e-01	5.1993e-01	0.650223	1
PLTP	4	7.9074e-01	5.1993e-01	0.650223	1
ZNF256	4	7.9101e-01	5.1993e-01	0.650223	1
CMYA5	4	7.9109e-01	5.1993e-01	0.650223	1
MYB	4	7.9130e-01	5.1993e-01	0.650223	1
GPT	4	7.9132e-01	5.1993e-01	0.650223	1
ASZ1	4	7.9138e-01	5.1993e-01	0.650223	1
SERPINA10	4	7.9157e-01	5.1993e-01	0.650223	1
NEUROD6	4	7.9159e-01	5.1993e-01	0.650223	1
MSMO1	4	7.9170e-01	5.2174e-01	0.651302	1
DACT3	4	7.9173e-01	5.2174e-01	0.651302	1
KRT6C	4	7.9178e-01	5.2174e-01	0.651302	1
SLC29A3	4	7.9184e-01	5.2174e-01	0.651302	1
GPR139	4	7.9199e-01	5.2174e-01	0.651302	1
NLRP7	4	7.9202e-01	5.2174e-01	0.651302	1
EPO	4	7.9204e-01	5.2174e-01	0.651302	1
CRCT1	4	7.9205e-01	5.2174e-01	0.651302	1
SCAF4	4	7.9213e-01	5.2174e-01	0.651302	1
ULK1	4	7.9215e-01	5.2174e-01	0.651302	1
COL15A1	4	7.9216e-01	5.2174e-01	0.651302	1
RAD54L	4	7.9219e-01	5.2174e-01	0.651302	1
MT1A	4	7.9221e-01	5.2174e-01	0.651302	1
ITGA11	4	7.9232e-01	5.2174e-01	0.651302	1
BBS10	4	7.9248e-01	5.2174e-01	0.651302	1
OR2T35	4	7.9272e-01	5.2174e-01	0.651302	1
CLEC2A	4	7.9286e-01	5.2174e-01	0.651302	1
SH3GLB1	4	7.9288e-01	5.2174e-01	0.651302	1
FAM187B	4	7.9294e-01	5.2174e-01	0.651302	1
DDN	4	7.9298e-01	5.2174e-01	0.651302	1
APOA5	4	7.9299e-01	5.2174e-01	0.651302	1
TGIF2LY	4	7.9304e-01	5.2174e-01	0.651302	1
GJD4	4	7.9304e-01	5.2174e-01	0.651302	1
SULT1B1	4	7.9334e-01	5.2174e-01	0.651302	1
XKR7	4	7.9339e-01	5.2174e-01	0.651302	1
GCSAM	4	7.9344e-01	5.2174e-01	0.651302	1
GPX7	4	7.9345e-01	5.2174e-01	0.651302	1
ELAVL2	4	7.9349e-01	5.2174e-01	0.651302	1
OR1J4	4	7.9366e-01	5.2354e-01	0.653198	1
CPNE7	4	7.9374e-01	5.2354e-01	0.653198	1
C2orf54	4	7.9375e-01	5.2354e-01	0.653198	1
ZNF468	4	7.9378e-01	5.2354e-01	0.653198	1
RAP2C	4	7.9385e-01	5.2354e-01	0.653198	1
PRDX5	4	7.9429e-01	5.2354e-01	0.653198	1
CKS2	4	7.9431e-01	5.2354e-01	0.653198	1
LYZL6	4	7.9434e-01	5.2354e-01	0.653198	1
SLC51B	4	7.9453e-01	5.2537e-01	0.654244	1
RASA3	4	7.9464e-01	5.2537e-01	0.654244	1
HSBP1L1	4	7.9505e-01	5.2537e-01	0.654244	1
SIGLEC10	4	7.9519e-01	5.2537e-01	0.654244	1
PLGRKT	4	7.9524e-01	5.2537e-01	0.654244	1
DOCK5	4	7.9543e-01	5.2537e-01	0.654244	1
PPP2R1B	4	7.9559e-01	5.2537e-01	0.654244	1
DLL1	4	7.9576e-01	5.2537e-01	0.654244	1
GOPC	4	7.9576e-01	5.2537e-01	0.654244	1
MAGIX	4	7.9582e-01	5.2537e-01	0.654244	1
PANO1	4	7.9592e-01	5.2537e-01	0.654244	1
PROB1	4	7.9597e-01	5.2537e-01	0.654244	1
GATM	4	7.9626e-01	5.2537e-01	0.654244	1
CPAMD8	4	7.9631e-01	5.2537e-01	0.654244	1
PRKD1	4	7.9636e-01	5.2537e-01	0.654244	1
BHLHA15	4	7.9637e-01	5.2537e-01	0.654244	1
TRUB1	4	7.9656e-01	5.2537e-01	0.654244	1
R3HCC1	4	7.9661e-01	5.2537e-01	0.654244	1
LHB	4	7.9672e-01	5.2537e-01	0.654244	1
CCIN	4	7.9694e-01	5.2537e-01	0.654244	1
NISCH	4	7.9697e-01	5.2537e-01	0.654244	1
SLC35C2	4	7.9698e-01	5.2537e-01	0.654244	1
SLC45A3	4	7.9703e-01	5.2537e-01	0.654244	1
CXCL6	4	7.9723e-01	5.2537e-01	0.654244	1
MYLK4	4	7.9749e-01	5.2537e-01	0.654244	1
PAPSS1	4	7.9763e-01	5.2537e-01	0.654244	1
ATP2A1	4	7.9771e-01	5.2537e-01	0.654244	1
PCDHB8	4	7.9777e-01	5.2537e-01	0.654244	1
RAD51AP1	4	7.9786e-01	5.2711e-01	0.655695	1
FAM8A1	4	7.9802e-01	5.2711e-01	0.655695	1
SKOR2	4	7.9805e-01	5.2711e-01	0.655695	1
GPR26	4	7.9808e-01	5.2711e-01	0.655695	1
MRGPRD	4	7.9814e-01	5.2711e-01	0.655695	1
ZNF324	4	7.9816e-01	5.2711e-01	0.655695	1
ANO1	4	7.9820e-01	5.2711e-01	0.655695	1
TARSL2	4	7.9836e-01	5.2711e-01	0.655695	1
SEMA6D	4	7.9847e-01	5.2711e-01	0.655695	1
CCRN4L	4	7.9850e-01	5.2711e-01	0.655695	1
LRFN3	4	7.9851e-01	5.2711e-01	0.655695	1
OR4B1	4	7.9862e-01	5.2711e-01	0.655695	1
BACE2	4	7.9867e-01	5.2711e-01	0.655695	1
NOL4L	4	7.9869e-01	5.2711e-01	0.655695	1
GRASP	4	7.9870e-01	5.2711e-01	0.655695	1
GPR161	4	7.9873e-01	5.2711e-01	0.655695	1
SNX13	4	7.9876e-01	5.2711e-01	0.655695	1
SLCO1A2	4	7.9895e-01	5.2889e-01	0.655984	1
GPR39	4	7.9898e-01	5.2889e-01	0.655984	1
IL1RAPL2	4	7.9901e-01	5.2889e-01	0.655984	1
C4orf32	4	7.9911e-01	5.2889e-01	0.655984	1
NUDT17	4	7.9916e-01	5.2889e-01	0.655984	1
OR4S2	4	7.9923e-01	5.2889e-01	0.655984	1
TMEM151A	4	7.9926e-01	5.2889e-01	0.655984	1
PHLDB1	4	7.9935e-01	5.2889e-01	0.655984	1
C11orf96	4	7.9990e-01	5.2889e-01	0.655984	1
UGT1A4	4	7.9996e-01	5.2889e-01	0.655984	1
ZDHHC21	4	7.9999e-01	5.2889e-01	0.655984	1
HRH1	4	8.0001e-01	5.2889e-01	0.655984	1
TEX14	4	8.0004e-01	5.2889e-01	0.655984	1
PGAP1	4	8.0027e-01	5.2889e-01	0.655984	1
GOLGA5	4	8.0028e-01	5.2889e-01	0.655984	1
TNKS2	4	8.0033e-01	5.2889e-01	0.655984	1
TM9SF4	4	8.0038e-01	5.2889e-01	0.655984	1
TRAF3IP2	4	8.0059e-01	5.2889e-01	0.655984	1
FGF14	4	8.0062e-01	5.2889e-01	0.655984	1
GOLM1	4	8.0067e-01	5.2889e-01	0.655984	1
MARCHF1	8	8.0082e-01	5.2488e-01	0.654244	2
MPZL3	4	8.0082e-01	5.2889e-01	0.655984	1
PRRC2A	4	8.0090e-01	5.2889e-01	0.655984	1
PREX2	4	8.0093e-01	5.2889e-01	0.655984	1
HS6ST3	4	8.0095e-01	5.2889e-01	0.655984	1
SCN5A	4	8.0104e-01	5.2889e-01	0.655984	1
RNF217	4	8.0107e-01	5.2889e-01	0.655984	1
CMKLR1	4	8.0110e-01	5.2889e-01	0.655984	1
CTSB	4	8.0115e-01	5.2889e-01	0.655984	1
OR4C45	4	8.0135e-01	5.2889e-01	0.655984	1
ISPD	4	8.0149e-01	5.2889e-01	0.655984	1
GGCT	4	8.0152e-01	5.2889e-01	0.655984	1
FAM46C	4	8.0169e-01	5.2889e-01	0.655984	1
TLCD1	4	8.0173e-01	5.2889e-01	0.655984	1
FBXL20	4	8.0184e-01	5.2889e-01	0.655984	1
EBLN2	4	8.0192e-01	5.2889e-01	0.655984	1
LGALS1	4	8.0196e-01	5.2889e-01	0.655984	1
C14orf79	4	8.0203e-01	5.2889e-01	0.655984	1
FRK	4	8.0210e-01	5.2889e-01	0.655984	1
ABCC12	4	8.0223e-01	5.2889e-01	0.655984	1
HSF2BP	4	8.0229e-01	5.2889e-01	0.655984	1
NPRL3	4	8.0249e-01	5.2889e-01	0.655984	1
PRKCG	4	8.0257e-01	5.2889e-01	0.655984	1
GP6	4	8.0266e-01	5.2889e-01	0.655984	1
SUV39H2	4	8.0270e-01	5.2889e-01	0.655984	1
VGLL1	4	8.0277e-01	5.2889e-01	0.655984	1
AIPL1	4	8.0312e-01	5.3068e-01	0.657901	1
COL24A1	4	8.0319e-01	5.3068e-01	0.657901	1
CCDC166	4	8.0341e-01	5.3068e-01	0.657901	1
CAPS2	4	8.0345e-01	5.3068e-01	0.657901	1
SREK1IP1	4	8.0348e-01	5.3068e-01	0.657901	1
KBTBD2	4	8.0368e-01	5.3068e-01	0.657901	1
SPTAN1	4	8.0373e-01	5.3068e-01	0.657901	1
SPACA5	4	8.0399e-01	5.3247e-01	0.660036	1
AKR1B1	4	8.0434e-01	5.3421e-01	0.661078	1
CNTN4	4	8.0442e-01	5.3421e-01	0.661078	1
ATF6B	4	8.0449e-01	5.3421e-01	0.661078	1
OR2A2	4	8.0455e-01	5.3421e-01	0.661078	1
TACO1	4	8.0460e-01	5.3421e-01	0.661078	1
CSF1	4	8.0472e-01	5.3421e-01	0.661078	1
PPM1H	4	8.0472e-01	5.3421e-01	0.661078	1
EYA3	4	8.0490e-01	5.3421e-01	0.661078	1
TRAF4	4	8.0499e-01	5.3421e-01	0.661078	1
TBL1X	4	8.0501e-01	5.3421e-01	0.661078	1
AR	4	8.0504e-01	5.3421e-01	0.661078	1
SCGB3A1	4	8.0516e-01	5.3421e-01	0.661078	1
HBP1	4	8.0520e-01	5.3421e-01	0.661078	1
PIGP	4	8.0534e-01	5.3421e-01	0.661078	1
RAD52	4	8.0537e-01	5.3421e-01	0.661078	1
HCST	4	8.0545e-01	5.3421e-01	0.661078	1
PRR7	4	8.0554e-01	5.3421e-01	0.661078	1
SPARCL1	4	8.0561e-01	5.3421e-01	0.661078	1
IBTK	4	8.0564e-01	5.3421e-01	0.661078	1
JAZF1	4	8.0577e-01	5.3421e-01	0.661078	1
PLXDC1	4	8.0581e-01	5.3421e-01	0.661078	1
TREML4	4	8.0586e-01	5.3421e-01	0.661078	1
GOLGA6L2	4	8.0592e-01	5.3421e-01	0.661078	1
CRYAB	4	8.0599e-01	5.3421e-01	0.661078	1
SAMD11	4	8.0605e-01	5.3421e-01	0.661078	1
ZNF124	4	8.0646e-01	5.3421e-01	0.661078	1
SH2D4B	4	8.0660e-01	5.3604e-01	0.663037	1
OR5M3	4	8.0673e-01	5.3604e-01	0.663037	1
RALA	4	8.0686e-01	5.3604e-01	0.663037	1
SEC14L5	4	8.0688e-01	5.3604e-01	0.663037	1
UBE2J2	4	8.0700e-01	5.3604e-01	0.663037	1
FAM83C	4	8.0704e-01	5.3604e-01	0.663037	1
ARID5B	4	8.0707e-01	5.3604e-01	0.663037	1
ARMC10	4	8.0719e-01	5.3783e-01	0.664015	1
ARHGEF6	4	8.0732e-01	5.3783e-01	0.664015	1
LOC100129216	4	8.0734e-01	5.3783e-01	0.664015	1
COX6A2	4	8.0740e-01	5.3783e-01	0.664015	1
THRAP3	4	8.0750e-01	5.3783e-01	0.664015	1
PCYOX1L	4	8.0756e-01	5.3783e-01	0.664015	1
MXD3	4	8.0761e-01	5.3783e-01	0.664015	1
STX8	4	8.0777e-01	5.3783e-01	0.664015	1
PALMD	4	8.0784e-01	5.3783e-01	0.664015	1
SPTSSB	4	8.0784e-01	5.3783e-01	0.664015	1
ADNP2	4	8.0792e-01	5.3783e-01	0.664015	1
RBMXL3	4	8.0813e-01	5.3957e-01	0.664015	1
CAV2	4	8.0824e-01	5.3957e-01	0.664015	1
RCHY1	4	8.0843e-01	5.3957e-01	0.664015	1
HSF4	4	8.0848e-01	5.3957e-01	0.664015	1
PSTPIP2	4	8.0894e-01	5.3957e-01	0.664015	1
IMPACT	4	8.0900e-01	5.3957e-01	0.664015	1
ASB4	4	8.0915e-01	5.3957e-01	0.664015	1
RDH11	4	8.0929e-01	5.3957e-01	0.664015	1
GJB6	4	8.0930e-01	5.3957e-01	0.664015	1
NKX3-1	4	8.0938e-01	5.3957e-01	0.664015	1
CKMT1B	4	8.0947e-01	5.3957e-01	0.664015	1
PPP1R9A	4	8.0956e-01	5.3957e-01	0.664015	1
GSPT2	4	8.0962e-01	5.3957e-01	0.664015	1
ALKBH4	4	8.0965e-01	5.3957e-01	0.664015	1
TRAF3IP3	4	8.0975e-01	5.3957e-01	0.664015	1
ZBTB46	4	8.0982e-01	5.3957e-01	0.664015	1
DBX1	4	8.0988e-01	5.3957e-01	0.664015	1
TMPPE	4	8.0991e-01	5.3957e-01	0.664015	1
ZNF33A	4	8.1000e-01	5.3957e-01	0.664015	1
DYNLL2	4	8.1003e-01	5.3957e-01	0.664015	1
TMEM238	4	8.1012e-01	5.3957e-01	0.664015	1
TMEFF1	4	8.1017e-01	5.3957e-01	0.664015	1
CYP19A1	4	8.1030e-01	5.3957e-01	0.664015	1
CAPZA1	4	8.1032e-01	5.3957e-01	0.664015	1
LAT2	4	8.1038e-01	5.3957e-01	0.664015	1
TMEM187	4	8.1057e-01	5.3957e-01	0.664015	1
FBP2	4	8.1063e-01	5.3957e-01	0.664015	1
FN3K	4	8.1073e-01	5.3957e-01	0.664015	1
LASP1	4	8.1076e-01	5.3957e-01	0.664015	1
ZBTB7B	4	8.1078e-01	5.3957e-01	0.664015	1
PIRT	4	8.1079e-01	5.3957e-01	0.664015	1
RAB44	4	8.1087e-01	5.3957e-01	0.664015	1
C3AR1	4	8.1104e-01	5.3957e-01	0.664015	1
ELOVL4	4	8.1122e-01	5.3957e-01	0.664015	1
FBXL2	4	8.1124e-01	5.3957e-01	0.664015	1
GAP43	4	8.1125e-01	5.3957e-01	0.664015	1
OR7G1	4	8.1128e-01	5.3957e-01	0.664015	1
PEX14	4	8.1130e-01	5.3957e-01	0.664015	1
PLN	4	8.1131e-01	5.3957e-01	0.664015	1
ALDH1A1	4	8.1137e-01	5.3957e-01	0.664015	1
DYRK4	4	8.1146e-01	5.3957e-01	0.664015	1
MOBP	4	8.1180e-01	5.3957e-01	0.664015	1
ADGRD1	3	8.1220e-01	5.4530e-01	0.670758	1
HIST1H2AB	4	8.1220e-01	5.3957e-01	0.664015	1
TRABD2B	4	8.1222e-01	5.3957e-01	0.664015	1
SLC3A1	4	8.1224e-01	5.3957e-01	0.664015	1
ZSWIM4	4	8.1232e-01	5.3957e-01	0.664015	1
STAT1	4	8.1235e-01	5.3957e-01	0.664015	1
KRTAP13-3	4	8.1236e-01	5.3957e-01	0.664015	1
SLC6A9	4	8.1239e-01	5.3957e-01	0.664015	1
IRGC	4	8.1249e-01	5.3957e-01	0.664015	1
MAGEB2	4	8.1286e-01	5.3957e-01	0.664015	1
ZNF384	4	8.1289e-01	5.3957e-01	0.664015	1
EPHA5	4	8.1294e-01	5.3957e-01	0.664015	1
ATP10B	4	8.1326e-01	5.3957e-01	0.664015	1
GRIK3	4	8.1338e-01	5.3957e-01	0.664015	1
SLC28A1	4	8.1341e-01	5.3957e-01	0.664015	1
CUL3	4	8.1350e-01	5.3957e-01	0.664015	1
IFNL1	4	8.1356e-01	5.3957e-01	0.664015	1
ZNF780B	4	8.1364e-01	5.3957e-01	0.664015	1
LEP	4	8.1378e-01	5.3957e-01	0.664015	1
COMMD9	4	8.1389e-01	5.3957e-01	0.664015	1
COX4I1	4	8.1410e-01	5.3957e-01	0.664015	1
C1orf112	4	8.1411e-01	5.3957e-01	0.664015	1
SCLT1	4	8.1414e-01	5.3957e-01	0.664015	1
ANO6	4	8.1419e-01	5.3957e-01	0.664015	1
DOPEY2	4	8.1422e-01	5.3957e-01	0.664015	1
GTSCR1	4	8.1425e-01	5.3957e-01	0.664015	1
NUDT3	4	8.1429e-01	5.3957e-01	0.664015	1
NIPA1	4	8.1442e-01	5.4132e-01	0.666087	1
HSD17B14	4	8.1445e-01	5.4132e-01	0.666087	1
ZFP28	4	8.1465e-01	5.4306e-01	0.668047	1
ZNF135	4	8.1476e-01	5.4306e-01	0.668047	1
SFXN3	4	8.1490e-01	5.4306e-01	0.668047	1
SPINK14	4	8.1505e-01	5.4306e-01	0.668047	1
UBE2E2	4	8.1520e-01	5.4654e-01	0.671730	1
C10orf53	4	8.1530e-01	5.4654e-01	0.671730	1
ACTR1B	4	8.1535e-01	5.4654e-01	0.671730	1
ANKEF1	4	8.1539e-01	5.4654e-01	0.671730	1
TXNRD3	4	8.1539e-01	5.4654e-01	0.671730	1
PCDHA3	4	8.1539e-01	5.4654e-01	0.671730	1
PRSS46	4	8.1553e-01	5.4654e-01	0.671730	1
APAF1	4	8.1565e-01	5.4654e-01	0.671730	1
CSRNP1	4	8.1586e-01	5.4654e-01	0.671730	1
PRIMA1	4	8.1597e-01	5.4654e-01	0.671730	1
PGM2L1	4	8.1627e-01	5.4654e-01	0.671730	1
MTNR1A	4	8.1637e-01	5.4654e-01	0.671730	1
CDY1	4	8.1649e-01	5.4654e-01	0.671730	1
TMEM14E	4	8.1653e-01	5.4834e-01	0.673596	1
KRAS	4	8.1664e-01	5.4834e-01	0.673596	1
LYNX1	4	8.1668e-01	5.4834e-01	0.673596	1
SDHAF2	4	8.1701e-01	5.5012e-01	0.675297	1
NOMO1	4	8.1711e-01	5.5012e-01	0.675297	1
GCM1	4	8.1715e-01	5.5012e-01	0.675297	1
TMEM223	4	8.1733e-01	5.5012e-01	0.675297	1
BTNL8	4	8.1739e-01	5.5012e-01	0.675297	1
C2orf57	4	8.1743e-01	5.5012e-01	0.675297	1
SIGLEC8	4	8.1753e-01	5.5012e-01	0.675297	1
HACD1	4	8.1760e-01	5.5012e-01	0.675297	1
TAP1	4	8.1760e-01	5.5012e-01	0.675297	1
MATN3	4	8.1769e-01	5.5192e-01	0.676345	1
LGR5	4	8.1774e-01	5.5192e-01	0.676345	1
FPGT-TNNI3K	4	8.1778e-01	5.5192e-01	0.676345	1
POLR3GL	4	8.1798e-01	5.5192e-01	0.676345	1
CT45A2	2	8.1807e-01	6.1515e-01	0.723042	0
CD226	3	8.1841e-01	5.4704e-01	0.672129	1
BEX4	4	8.1841e-01	5.5192e-01	0.676345	1
ST8SIA2	4	8.1856e-01	5.5192e-01	0.676345	1
IYD	4	8.1882e-01	5.5192e-01	0.676345	1
PCDHB7	4	8.1895e-01	5.5192e-01	0.676345	1
SYTL1	4	8.1898e-01	5.5192e-01	0.676345	1
HOGA1	4	8.1931e-01	5.5193e-01	0.676345	1
JOSD2	4	8.1939e-01	5.5193e-01	0.676345	1
GAREML	4	8.1956e-01	5.5193e-01	0.676345	1
MRGPRE	4	8.1971e-01	5.5193e-01	0.676345	1
SPX	4	8.1977e-01	5.5193e-01	0.676345	1
C22orf15	4	8.1978e-01	5.5193e-01	0.676345	1
OR5M11	4	8.1981e-01	5.5193e-01	0.676345	1
STX3	4	8.1984e-01	5.5193e-01	0.676345	1
STARD3	4	8.1995e-01	5.5193e-01	0.676345	1
ZNF395	4	8.2003e-01	5.5193e-01	0.676345	1
MAPK8IP3	4	8.2008e-01	5.5193e-01	0.676345	1
RERGL	4	8.2028e-01	5.5193e-01	0.676345	1
BSPRY	4	8.2051e-01	5.5193e-01	0.676345	1
CCNE1	4	8.2074e-01	5.5193e-01	0.676345	1
TMEM97	4	8.2082e-01	5.5377e-01	0.678389	1
B9D2	4	8.2084e-01	5.5377e-01	0.678389	1
FGGY	4	8.2085e-01	5.5377e-01	0.678389	1
SLC15A5	4	8.2094e-01	5.5377e-01	0.678389	1
SRMS	4	8.2099e-01	5.5377e-01	0.678389	1
CYP39A1	4	8.2117e-01	5.5557e-01	0.680240	1
GBP3	4	8.2128e-01	5.5557e-01	0.680240	1
CEP128	4	8.2129e-01	5.5557e-01	0.680240	1
DPYSL4	4	8.2141e-01	5.5557e-01	0.680240	1
MIF4GD	4	8.2155e-01	5.5557e-01	0.680240	1
ISL2	4	8.2163e-01	5.5557e-01	0.680240	1
PDYN	3	8.2166e-01	5.4704e-01	0.672129	1
PIK3IP1	4	8.2172e-01	5.5557e-01	0.680240	1
PLCD1	4	8.2188e-01	5.5557e-01	0.680240	1
KLC1	4	8.2210e-01	5.5738e-01	0.682019	1
PEX6	4	8.2243e-01	5.5738e-01	0.682019	1
ADRB1	4	8.2267e-01	5.5738e-01	0.682019	1
TEX13B	4	8.2274e-01	5.5738e-01	0.682019	1
UBE3D	4	8.2278e-01	5.5738e-01	0.682019	1
MAMDC2	4	8.2292e-01	5.5738e-01	0.682019	1
BID	4	8.2294e-01	5.5738e-01	0.682019	1
ATP1B4	4	8.2297e-01	5.5738e-01	0.682019	1
KCNT1	4	8.2298e-01	5.5738e-01	0.682019	1
TMBIM4	4	8.2305e-01	5.5738e-01	0.682019	1
FLRT3	4	8.2329e-01	5.5914e-01	0.682883	1
HBZ	4	8.2332e-01	5.5914e-01	0.682883	1
NDUFV2	4	8.2333e-01	5.5914e-01	0.682883	1
LSM14A	4	8.2338e-01	5.5914e-01	0.682883	1
CLCA4	4	8.2356e-01	5.5914e-01	0.682883	1
SYT5	4	8.2359e-01	5.5914e-01	0.682883	1
METTL23	4	8.2377e-01	5.5914e-01	0.682883	1
LDLRAD1	4	8.2379e-01	5.5914e-01	0.682883	1
MPDZ	4	8.2384e-01	5.5914e-01	0.682883	1
ANXA2	4	8.2395e-01	5.6094e-01	0.682883	1
BHLHE22	4	8.2403e-01	5.6094e-01	0.682883	1
OR51B4	4	8.2406e-01	5.6094e-01	0.682883	1
MTMR3	4	8.2419e-01	5.6094e-01	0.682883	1
KIAA0556	4	8.2426e-01	5.6094e-01	0.682883	1
CYP3A7-CYP3A51P	4	8.2426e-01	5.6094e-01	0.682883	1
XK	4	8.2429e-01	5.6094e-01	0.682883	1
CCDC64B	4	8.2433e-01	5.6094e-01	0.682883	1
ZNF688	4	8.2438e-01	5.6094e-01	0.682883	1
GNAI2	4	8.2452e-01	5.6094e-01	0.682883	1
TEPP	4	8.2453e-01	5.6094e-01	0.682883	1
TXNRD3NB	4	8.2454e-01	5.6094e-01	0.682883	1
CORO2A	4	8.2463e-01	5.6094e-01	0.682883	1
ICT1	4	8.2476e-01	5.6094e-01	0.682883	1
C5orf34	4	8.2477e-01	5.6094e-01	0.682883	1
ECE2	4	8.2484e-01	5.6094e-01	0.682883	1
SLC25A21	4	8.2485e-01	5.6094e-01	0.682883	1
SMS	4	8.2497e-01	5.6094e-01	0.682883	1
ERAP2	4	8.2499e-01	5.6094e-01	0.682883	1
ZNF75D	4	8.2502e-01	5.6094e-01	0.682883	1
BAD	4	8.2506e-01	5.6094e-01	0.682883	1
STAP2	4	8.2511e-01	5.6094e-01	0.682883	1
MIXL1	4	8.2525e-01	5.6094e-01	0.682883	1
ERP29	4	8.2527e-01	5.6094e-01	0.682883	1
ZC3HAV1	4	8.2547e-01	5.6094e-01	0.682883	1
PTBP2	4	8.2554e-01	5.6094e-01	0.682883	1
PGAM2	4	8.2555e-01	5.6094e-01	0.682883	1
CDH20	4	8.2558e-01	5.6094e-01	0.682883	1
SLC18A2	4	8.2571e-01	5.6094e-01	0.682883	1
DDX60L	4	8.2573e-01	5.6094e-01	0.682883	1
SFTPB	4	8.2579e-01	5.6094e-01	0.682883	1
KCNJ2	4	8.2596e-01	5.6094e-01	0.682883	1
NRP2	4	8.2601e-01	5.6094e-01	0.682883	1
AQP3	4	8.2614e-01	5.6094e-01	0.682883	1
TPGS2	4	8.2616e-01	5.6094e-01	0.682883	1
RAB6C	4	8.2620e-01	5.6094e-01	0.682883	1
CLCNKA	4	8.2624e-01	5.6094e-01	0.682883	1
VAX1	4	8.2624e-01	5.6094e-01	0.682883	1
HMG20B	4	8.2627e-01	5.6094e-01	0.682883	1
CCNF	4	8.2657e-01	5.6094e-01	0.682883	1
LOC643355	4	8.2676e-01	5.6094e-01	0.682883	1
CHPF2	4	8.2679e-01	5.6094e-01	0.682883	1
ZNF691	4	8.2687e-01	5.6094e-01	0.682883	1
ACSF3	4	8.2717e-01	5.6094e-01	0.682883	1
SPHK2	4	8.2720e-01	5.6094e-01	0.682883	1
SAMD3	4	8.2724e-01	5.6094e-01	0.682883	1
ACSS2	4	8.2738e-01	5.6094e-01	0.682883	1
HGC6.3	2	8.2739e-01	6.4336e-01	0.723042	0
CLIC6	4	8.2746e-01	5.6094e-01	0.682883	1
ITGB1BP2	4	8.2756e-01	5.6094e-01	0.682883	1
TRPC4AP	4	8.2760e-01	5.6094e-01	0.682883	1
EBF4	4	8.2785e-01	5.6094e-01	0.682883	1
B3GNT8	4	8.2786e-01	5.6094e-01	0.682883	1
ZNF576	4	8.2793e-01	5.6094e-01	0.682883	1
DOCK2	4	8.2815e-01	5.6094e-01	0.682883	1
FGF9	4	8.2820e-01	5.6094e-01	0.682883	1
CR2	4	8.2824e-01	5.6094e-01	0.682883	1
PCGF6	4	8.2839e-01	5.6094e-01	0.682883	1
MORF4L1	4	8.2842e-01	5.6094e-01	0.682883	1
CTSC	4	8.2843e-01	5.6094e-01	0.682883	1
SLC22A18	4	8.2846e-01	5.6094e-01	0.682883	1
KAAG1	4	8.2848e-01	5.6094e-01	0.682883	1
CAPN5	4	8.2859e-01	5.6094e-01	0.682883	1
VNN3	4	8.2867e-01	5.6094e-01	0.682883	1
TRIM65	4	8.2879e-01	5.6094e-01	0.682883	1
HFE	4	8.2905e-01	5.6094e-01	0.682883	1
DMTN	4	8.2917e-01	5.6094e-01	0.682883	1
TPPP3	4	8.2919e-01	5.6094e-01	0.682883	1
RIMBP2	4	8.2921e-01	5.6094e-01	0.682883	1
LONP2	4	8.2926e-01	5.6094e-01	0.682883	1
FOXR2	4	8.2935e-01	5.6094e-01	0.682883	1
PLXNC1	4	8.2942e-01	5.6094e-01	0.682883	1
WI2-2373I1.2	4	8.2963e-01	5.6271e-01	0.684776	1
ASTN1	4	8.2967e-01	5.6271e-01	0.684776	1
EPG5	4	8.2970e-01	5.6271e-01	0.684776	1
OAF	4	8.2986e-01	5.6271e-01	0.684776	1
WDR45	4	8.2989e-01	5.6271e-01	0.684776	1
C19orf18	4	8.2994e-01	5.6271e-01	0.684776	1
LHX1	3	8.3004e-01	5.4704e-01	0.672129	1
CARD8	4	8.3013e-01	5.6453e-01	0.685468	1
SLC16A14	4	8.3018e-01	5.6453e-01	0.685468	1
RBM44	4	8.3019e-01	5.6453e-01	0.685468	1
XKR8	4	8.3024e-01	5.6453e-01	0.685468	1
LRRC8E	4	8.3031e-01	5.6453e-01	0.685468	1
CT55	4	8.3033e-01	5.6453e-01	0.685468	1
TRIM6-TRIM34	4	8.3046e-01	5.6453e-01	0.685468	1
ZIK1	4	8.3051e-01	5.6453e-01	0.685468	1
THBS2	4	8.3065e-01	5.6453e-01	0.685468	1
RRP8	4	8.3069e-01	5.6453e-01	0.685468	1
WNT9A	4	8.3094e-01	5.6453e-01	0.685468	1
CRISP3	4	8.3096e-01	5.6453e-01	0.685468	1
SLC22A18AS	4	8.3097e-01	5.6453e-01	0.685468	1
C1orf204	4	8.3109e-01	5.6453e-01	0.685468	1
KIF26A	4	8.3132e-01	5.6453e-01	0.685468	1
SOX18	4	8.3135e-01	5.6453e-01	0.685468	1
PROCA1	4	8.3151e-01	5.6453e-01	0.685468	1
APEH	4	8.3156e-01	5.6453e-01	0.685468	1
CBX3	4	8.3157e-01	5.6453e-01	0.685468	1
SLC16A7	4	8.3164e-01	5.6453e-01	0.685468	1
NR0B1	4	8.3168e-01	5.6453e-01	0.685468	1
EPYC	4	8.3175e-01	5.6453e-01	0.685468	1
POLD4	4	8.3187e-01	5.6453e-01	0.685468	1
NPS	4	8.3192e-01	5.6453e-01	0.685468	1
HOXC5	4	8.3196e-01	5.6453e-01	0.685468	1
CYB5A	4	8.3200e-01	5.6453e-01	0.685468	1
NCAN	4	8.3202e-01	5.6453e-01	0.685468	1
NDST2	4	8.3203e-01	5.6453e-01	0.685468	1
PRX	4	8.3205e-01	5.6453e-01	0.685468	1
TXNL1	4	8.3213e-01	5.6453e-01	0.685468	1
BST1	4	8.3214e-01	5.6453e-01	0.685468	1
OR4D5	4	8.3230e-01	5.6453e-01	0.685468	1
HEYL	4	8.3232e-01	5.6453e-01	0.685468	1
ARFIP2	4	8.3233e-01	5.6453e-01	0.685468	1
P2RY4	4	8.3236e-01	5.6453e-01	0.685468	1
OPN1MW2	4	8.3268e-01	5.6631e-01	0.687575	1
TYMP	3	8.3276e-01	5.4704e-01	0.672129	1
PSD3	4	8.3279e-01	5.6810e-01	0.689357	1
SGTB	4	8.3280e-01	5.6810e-01	0.689357	1
FAM49B	3	8.3290e-01	5.4704e-01	0.672129	1
GCNT7	4	8.3294e-01	5.6810e-01	0.689357	1
ZNF550	4	8.3308e-01	5.6810e-01	0.689357	1
NEFL	4	8.3320e-01	5.6810e-01	0.689357	1
SLC26A7	4	8.3326e-01	5.6810e-01	0.689357	1
IL2RA	4	8.3331e-01	5.6810e-01	0.689357	1
NPY	4	8.3337e-01	5.6810e-01	0.689357	1
TMED4	4	8.3344e-01	5.6991e-01	0.690459	1
GNA11	4	8.3346e-01	5.6991e-01	0.690459	1
MSLN	4	8.3349e-01	5.6991e-01	0.690459	1
C11orf95	4	8.3364e-01	5.6991e-01	0.690459	1
DEGS2	4	8.3372e-01	5.6991e-01	0.690459	1
OR5K2	4	8.3375e-01	5.6991e-01	0.690459	1
SLC25A13	4	8.3376e-01	5.6991e-01	0.690459	1
GFI1	4	8.3378e-01	5.6991e-01	0.690459	1
CBY1	4	8.3409e-01	5.6991e-01	0.690459	1
SMOC1	4	8.3422e-01	5.6991e-01	0.690459	1
OR51L1	4	8.3426e-01	5.6991e-01	0.690459	1
CCDC155	4	8.3444e-01	5.6991e-01	0.690459	1
IL4I1	4	8.3446e-01	5.6991e-01	0.690459	1
DPPA5	4	8.3448e-01	5.6991e-01	0.690459	1
ZNF219	4	8.3453e-01	5.6991e-01	0.690459	1
ERMP1	4	8.3456e-01	5.6991e-01	0.690459	1
OR4D1	4	8.3463e-01	5.6991e-01	0.690459	1
ARL4C	4	8.3476e-01	5.6991e-01	0.690459	1
OR56A5	4	8.3481e-01	5.6991e-01	0.690459	1
BRPF3	4	8.3484e-01	5.6991e-01	0.690459	1
C16orf93	4	8.3489e-01	5.6991e-01	0.690459	1
C8B	4	8.3496e-01	5.6991e-01	0.690459	1
TMEM170B	4	8.3498e-01	5.6991e-01	0.690459	1
KLC3	4	8.3501e-01	5.6991e-01	0.690459	1
ACRC	4	8.3517e-01	5.6991e-01	0.690459	1
STON2	4	8.3587e-01	5.7171e-01	0.692416	1
C12orf74	4	8.3589e-01	5.7171e-01	0.692416	1
MID2	4	8.3604e-01	5.7171e-01	0.692416	1
MAP4K2	4	8.3614e-01	5.7171e-01	0.692416	1
RNF222	4	8.3615e-01	5.7171e-01	0.692416	1
ZBED3	4	8.3644e-01	5.7345e-01	0.693911	1
RNF213	4	8.3654e-01	5.7345e-01	0.693911	1
NANS	4	8.3659e-01	5.7345e-01	0.693911	1
SMAD6	4	8.3660e-01	5.7345e-01	0.693911	1
WWC1	4	8.3663e-01	5.7345e-01	0.693911	1
USP20	4	8.3666e-01	5.7345e-01	0.693911	1
USP49	4	8.3668e-01	5.7345e-01	0.693911	1
CAPG	4	8.3674e-01	5.7345e-01	0.693911	1
TMEM5	4	8.3686e-01	5.7345e-01	0.693911	1
ZMAT1	4	8.3688e-01	5.7345e-01	0.693911	1
PFN4	4	8.3690e-01	5.7345e-01	0.693911	1
SOX2	4	8.3695e-01	5.7345e-01	0.693911	1
ZBTB7C	4	8.3698e-01	5.7345e-01	0.693911	1
MYOF	4	8.3728e-01	5.7517e-01	0.694546	1
TARM1	4	8.3729e-01	5.7517e-01	0.694546	1
NEURL1B	4	8.3733e-01	5.7517e-01	0.694546	1
PGR	4	8.3735e-01	5.7517e-01	0.694546	1
PLD1	4	8.3757e-01	5.7517e-01	0.694546	1
HYPM	4	8.3773e-01	5.7517e-01	0.694546	1
ZBED6	4	8.3802e-01	5.7517e-01	0.694546	1
KRTAP21-3	4	8.3818e-01	5.7517e-01	0.694546	1
ZNF136	4	8.3825e-01	5.7517e-01	0.694546	1
ITGA9	4	8.3829e-01	5.7517e-01	0.694546	1
MAL	4	8.3834e-01	5.7517e-01	0.694546	1
ZNF227	4	8.3837e-01	5.7517e-01	0.694546	1
TMEM82	4	8.3874e-01	5.7517e-01	0.694546	1
EEF1A2	4	8.3880e-01	5.7517e-01	0.694546	1
FEM1B	4	8.3886e-01	5.7517e-01	0.694546	1
DEK	4	8.3886e-01	5.7517e-01	0.694546	1
TMEM196	4	8.3901e-01	5.7517e-01	0.694546	1
PKP1	4	8.3921e-01	5.7517e-01	0.694546	1
TMEM217	4	8.3942e-01	5.7517e-01	0.694546	1
KDELC1	4	8.3943e-01	5.7517e-01	0.694546	1
SOX13	4	8.3955e-01	5.7517e-01	0.694546	1
VGLL4	4	8.3958e-01	5.7517e-01	0.694546	1
TMEM62	4	8.3979e-01	5.7517e-01	0.694546	1
CST7	4	8.3980e-01	5.7517e-01	0.694546	1
SIGMAR1	4	8.3983e-01	5.7517e-01	0.694546	1
ALPK1	4	8.3987e-01	5.7517e-01	0.694546	1
ZNF454	4	8.3988e-01	5.7517e-01	0.694546	1
PRSS41	4	8.3995e-01	5.7517e-01	0.694546	1
SLC22A10	4	8.4017e-01	5.7517e-01	0.694546	1
RUFY2	4	8.4029e-01	5.7517e-01	0.694546	1
TPK1	4	8.4040e-01	5.7517e-01	0.694546	1
RGS13	4	8.4040e-01	5.7517e-01	0.694546	1
FAM76B	4	8.4052e-01	5.7517e-01	0.694546	1
BTBD18	4	8.4069e-01	5.7697e-01	0.695571	1
HNRNPH3	4	8.4072e-01	5.7697e-01	0.695571	1
PLAC1	4	8.4077e-01	5.7697e-01	0.695571	1
PDZD3	4	8.4078e-01	5.7697e-01	0.695571	1
BCL2A1	4	8.4085e-01	5.7697e-01	0.695571	1
TRAF5	4	8.4095e-01	5.7697e-01	0.695571	1
PROSC	4	8.4108e-01	5.7697e-01	0.695571	1
TSPAN7	4	8.4110e-01	5.7697e-01	0.695571	1
ZNF226	4	8.4120e-01	5.7697e-01	0.695571	1
TRPM6	4	8.4125e-01	5.7697e-01	0.695571	1
PRKCQ	4	8.4130e-01	5.7697e-01	0.695571	1
RD3L	4	8.4149e-01	5.7697e-01	0.695571	1
KRTAP12-3	4	8.4153e-01	5.7697e-01	0.695571	1
THBS3	4	8.4155e-01	5.7697e-01	0.695571	1
ZC3H12B	4	8.4164e-01	5.7697e-01	0.695571	1
YIPF4	4	8.4179e-01	5.7697e-01	0.695571	1
ZNF296	4	8.4179e-01	5.7697e-01	0.695571	1
THAP9	4	8.4183e-01	5.7697e-01	0.695571	1
MAZ	4	8.4185e-01	5.7697e-01	0.695571	1
PACSIN3	4	8.4207e-01	5.7697e-01	0.695571	1
EPN2	4	8.4208e-01	5.7697e-01	0.695571	1
MYF5	4	8.4211e-01	5.7697e-01	0.695571	1
NR4A3	4	8.4214e-01	5.7697e-01	0.695571	1
RBP4	4	8.4215e-01	5.7697e-01	0.695571	1
LIPT1	4	8.4255e-01	5.7697e-01	0.695571	1
SSPN	3	8.4273e-01	5.4877e-01	0.674038	1
C1QL3	4	8.4286e-01	5.7697e-01	0.695571	1
CDNF	3	8.4296e-01	5.4877e-01	0.674038	1
TRIM63	4	8.4308e-01	5.7874e-01	0.697531	1
GATA6	4	8.4315e-01	5.7874e-01	0.697531	1
IFT140	4	8.4316e-01	5.7874e-01	0.697531	1
PTP4A2	4	8.4326e-01	5.7874e-01	0.697531	1
MOSPD1	4	8.4345e-01	5.8053e-01	0.698453	1
C6orf52	4	8.4353e-01	5.8053e-01	0.698453	1
ANKRD50	4	8.4362e-01	5.8053e-01	0.698453	1
OR52E6	4	8.4364e-01	5.8053e-01	0.698453	1
PRR21	4	8.4382e-01	5.8053e-01	0.698453	1
RIBC2	4	8.4383e-01	5.8053e-01	0.698453	1
SPO11	4	8.4388e-01	5.8053e-01	0.698453	1
THAP6	4	8.4412e-01	5.8053e-01	0.698453	1
DUS1L	4	8.4420e-01	5.8053e-01	0.698453	1
SLC35F4	4	8.4429e-01	5.8053e-01	0.698453	1
FHOD1	4	8.4429e-01	5.8053e-01	0.698453	1
GFY	4	8.4432e-01	5.8053e-01	0.698453	1
SPTBN5	4	8.4433e-01	5.8053e-01	0.698453	1
CEACAM8	4	8.4450e-01	5.8053e-01	0.698453	1
SLC35E3	4	8.4489e-01	5.8053e-01	0.698453	1
SCYL3	4	8.4502e-01	5.8053e-01	0.698453	1
SERPINA11	4	8.4503e-01	5.8053e-01	0.698453	1
ASTN2	4	8.4511e-01	5.8053e-01	0.698453	1
CDH18	4	8.4515e-01	5.8053e-01	0.698453	1
SLC16A10	4	8.4516e-01	5.8053e-01	0.698453	1
JKAMP	4	8.4519e-01	5.8053e-01	0.698453	1
C8orf4	4	8.4525e-01	5.8053e-01	0.698453	1
C3orf36	4	8.4530e-01	5.8053e-01	0.698453	1
ZNFX1	4	8.4542e-01	5.8053e-01	0.698453	1
SMURF2	4	8.4543e-01	5.8053e-01	0.698453	1
PSMD5	4	8.4552e-01	5.8053e-01	0.698453	1
MSX1	4	8.4556e-01	5.8053e-01	0.698453	1
LDHA	4	8.4562e-01	5.8053e-01	0.698453	1
GPR143	4	8.4580e-01	5.8229e-01	0.699997	1
SEMG1	4	8.4585e-01	5.8229e-01	0.699997	1
ACTR3C	4	8.4588e-01	5.8229e-01	0.699997	1
SLC12A6	4	8.4611e-01	5.8229e-01	0.699997	1
CBLC	4	8.4612e-01	5.8229e-01	0.699997	1
AP4S1	4	8.4615e-01	5.8229e-01	0.699997	1
CD9	4	8.4615e-01	5.8229e-01	0.699997	1
GPR34	4	8.4617e-01	5.8229e-01	0.699997	1
CAPN3	4	8.4630e-01	5.8229e-01	0.699997	1
CRLF2	4	8.4640e-01	5.8229e-01	0.699997	1
HIST1H1T	4	8.4646e-01	5.8229e-01	0.699997	1
ACTN4	4	8.4646e-01	5.8229e-01	0.699997	1
SRGAP1	4	8.4651e-01	5.8229e-01	0.699997	1
C11orf68	4	8.4665e-01	5.8410e-01	0.701074	1
PCDH20	4	8.4666e-01	5.8410e-01	0.701074	1
FBXO32	4	8.4670e-01	5.8410e-01	0.701074	1
LOC100505478	4	8.4694e-01	5.8410e-01	0.701074	1
ADAD1	4	8.4701e-01	5.8410e-01	0.701074	1
C10orf126	4	8.4715e-01	5.8410e-01	0.701074	1
ADAM28	4	8.4723e-01	5.8410e-01	0.701074	1
FAM180A	4	8.4746e-01	5.8410e-01	0.701074	1
H2AFY	4	8.4750e-01	5.8410e-01	0.701074	1
C1QTNF1	4	8.4753e-01	5.8410e-01	0.701074	1
VSIG2	4	8.4779e-01	5.8410e-01	0.701074	1
WNT7B	4	8.4802e-01	5.8410e-01	0.701074	1
LY6G5C	4	8.4827e-01	5.8410e-01	0.701074	1
OR1S1	4	8.4832e-01	5.8410e-01	0.701074	1
PRSS57	4	8.4839e-01	5.8410e-01	0.701074	1
MAGEL2	4	8.4845e-01	5.8410e-01	0.701074	1
CDK5R1	4	8.4850e-01	5.8410e-01	0.701074	1
TRAM2	4	8.4853e-01	5.8410e-01	0.701074	1
KCNJ5	4	8.4861e-01	5.8410e-01	0.701074	1
CEP78	4	8.4864e-01	5.8410e-01	0.701074	1
KIF25	4	8.4866e-01	5.8410e-01	0.701074	1
ADAMTS16	4	8.4867e-01	5.8410e-01	0.701074	1
RORC	4	8.4875e-01	5.8410e-01	0.701074	1
ASCL2	4	8.4876e-01	5.8410e-01	0.701074	1
INPP5D	4	8.4879e-01	5.8410e-01	0.701074	1
DNASE1	4	8.4901e-01	5.8590e-01	0.701908	1
CRIP3	4	8.4910e-01	5.8590e-01	0.701908	1
SLITRK6	4	8.4917e-01	5.8590e-01	0.701908	1
DEFB108B	4	8.4920e-01	5.8590e-01	0.701908	1
TMEM130	4	8.4921e-01	5.8590e-01	0.701908	1
KRT85	4	8.4924e-01	5.8590e-01	0.701908	1
PABPN1L	4	8.4935e-01	5.8590e-01	0.701908	1
MOK	4	8.4936e-01	5.8590e-01	0.701908	1
PFKFB2	4	8.4939e-01	5.8590e-01	0.701908	1
DSE	4	8.4940e-01	5.8590e-01	0.701908	1
TCHH	4	8.4945e-01	5.8590e-01	0.701908	1
ZCCHC14	4	8.4946e-01	5.8590e-01	0.701908	1
DCUN1D2	4	8.4948e-01	5.8590e-01	0.701908	1
ALOXE3	4	8.4951e-01	5.8590e-01	0.701908	1
ZAR1	4	8.4963e-01	5.8590e-01	0.701908	1
ICAM1	4	8.4990e-01	5.8590e-01	0.701908	1
OR2AK2	4	8.4996e-01	5.8590e-01	0.701908	1
AKAP3	4	8.4996e-01	5.8590e-01	0.701908	1
WFDC13	4	8.5008e-01	5.8590e-01	0.701908	1
CD53	4	8.5011e-01	5.8590e-01	0.701908	1
CBL	4	8.5012e-01	5.8590e-01	0.701908	1
KRT8	4	8.5016e-01	5.8590e-01	0.701908	1
RNF146	4	8.5019e-01	5.8590e-01	0.701908	1
C1orf127	4	8.5035e-01	5.8590e-01	0.701908	1
KIAA0319	4	8.5040e-01	5.8590e-01	0.701908	1
JUNB	4	8.5044e-01	5.8590e-01	0.701908	1
KCNA3	4	8.5047e-01	5.8590e-01	0.701908	1
ATPAF1	4	8.5059e-01	5.8590e-01	0.701908	1
SLC35B4	4	8.5069e-01	5.8590e-01	0.701908	1
SYT17	4	8.5074e-01	5.8770e-01	0.704025	1
OR51V1	3	8.5075e-01	5.5046e-01	0.675551	1
MS4A14	4	8.5080e-01	5.8951e-01	0.705569	1
SPPL2C	4	8.5086e-01	5.8951e-01	0.705569	1
C2orf71	4	8.5090e-01	5.8951e-01	0.705569	1
FBXO2	4	8.5097e-01	5.8951e-01	0.705569	1
CTGF	4	8.5104e-01	5.8951e-01	0.705569	1
ICA1	3	8.5106e-01	5.5046e-01	0.675551	1
TMEM200A	4	8.5131e-01	5.8951e-01	0.705569	1
CEP95	4	8.5132e-01	5.8951e-01	0.705569	1
MILR1	4	8.5134e-01	5.8951e-01	0.705569	1
SLC9B1	4	8.5136e-01	5.8951e-01	0.705569	1
MIB1	4	8.5137e-01	5.8951e-01	0.705569	1
NOTCH3	4	8.5138e-01	5.8951e-01	0.705569	1
HRNR	4	8.5139e-01	5.8951e-01	0.705569	1
OR6C70	4	8.5146e-01	5.8951e-01	0.705569	1
LYPD3	4	8.5148e-01	5.8951e-01	0.705569	1
GJB1	4	8.5163e-01	5.9125e-01	0.707262	1
ZNF57	4	8.5169e-01	5.9125e-01	0.707262	1
GOLGA3	4	8.5181e-01	5.9125e-01	0.707262	1
GALK1	4	8.5196e-01	5.9125e-01	0.707262	1
PBK	4	8.5225e-01	5.9125e-01	0.707262	1
HES2	4	8.5227e-01	5.9125e-01	0.707262	1
KBTBD6	4	8.5228e-01	5.9125e-01	0.707262	1
GPATCH2L	4	8.5238e-01	5.9125e-01	0.707262	1
FAT2	4	8.5241e-01	5.9125e-01	0.707262	1
FAM69B	4	8.5265e-01	5.9302e-01	0.707912	1
MRLN	4	8.5270e-01	5.9302e-01	0.707912	1
OTX1	4	8.5274e-01	5.9302e-01	0.707912	1
MYO1D	4	8.5278e-01	5.9302e-01	0.707912	1
GLOD5	4	8.5279e-01	5.9302e-01	0.707912	1
PARPBP	4	8.5286e-01	5.9302e-01	0.707912	1
RAB3A	4	8.5291e-01	5.9302e-01	0.707912	1
BPI	4	8.5294e-01	5.9302e-01	0.707912	1
JUP	4	8.5296e-01	5.9302e-01	0.707912	1
SDCBP2	4	8.5300e-01	5.9302e-01	0.707912	1
ME3	4	8.5313e-01	5.9302e-01	0.707912	1
GRIA3	4	8.5327e-01	5.9302e-01	0.707912	1
FIGN	4	8.5338e-01	5.9302e-01	0.707912	1
KIAA1614	4	8.5349e-01	5.9302e-01	0.707912	1
BRCA2	4	8.5353e-01	5.9302e-01	0.707912	1
EML4	4	8.5355e-01	5.9302e-01	0.707912	1
MADD	4	8.5371e-01	5.9302e-01	0.707912	1
BCKDHA	4	8.5378e-01	5.9302e-01	0.707912	1
SLIT3	4	8.5380e-01	5.9302e-01	0.707912	1
LRRC48	4	8.5391e-01	5.9302e-01	0.707912	1
C20orf173	4	8.5394e-01	5.9302e-01	0.707912	1
ACADVL	4	8.5406e-01	5.9302e-01	0.707912	1
IGFBP2	4	8.5408e-01	5.9302e-01	0.707912	1
IGDCC4	4	8.5416e-01	5.9302e-01	0.707912	1
FAM25A	4	8.5417e-01	5.9302e-01	0.707912	1
UGT3A2	4	8.5424e-01	5.9302e-01	0.707912	1
RCN1	4	8.5425e-01	5.9302e-01	0.707912	1
TMEM88	4	8.5427e-01	5.9302e-01	0.707912	1
NGFR	4	8.5430e-01	5.9302e-01	0.707912	1
WNT1	4	8.5436e-01	5.9302e-01	0.707912	1
CMBL	4	8.5443e-01	5.9302e-01	0.707912	1
EPDR1	4	8.5446e-01	5.9302e-01	0.707912	1
PPP4R4	4	8.5452e-01	5.9302e-01	0.707912	1
C9	4	8.5461e-01	5.9661e-01	0.711844	1
ZNF883	4	8.5463e-01	5.9661e-01	0.711844	1
LOXL2	4	8.5465e-01	5.9661e-01	0.711844	1
FAM133A	4	8.5480e-01	5.9661e-01	0.711844	1
PRH1	4	8.5494e-01	5.9661e-01	0.711844	1
CNGB3	4	8.5500e-01	5.9661e-01	0.711844	1
VWDE	4	8.5503e-01	5.9661e-01	0.711844	1
CCDC78	4	8.5542e-01	5.9661e-01	0.711844	1
USP17L15	4	8.5556e-01	5.9837e-01	0.713540	1
CYR61	4	8.5566e-01	5.9837e-01	0.713540	1
ORAI3	4	8.5571e-01	5.9837e-01	0.713540	1
PYHIN1	3	8.5575e-01	5.5046e-01	0.675551	1
TSPAN32	4	8.5575e-01	5.9837e-01	0.713540	1
RCAN1	4	8.5582e-01	5.9837e-01	0.713540	1
ANO8	4	8.5588e-01	5.9837e-01	0.713540	1
TNRC6B	4	8.5598e-01	5.9837e-01	0.713540	1
IRAK3	4	8.5599e-01	5.9837e-01	0.713540	1
ST6GALNAC1	4	8.5604e-01	6.0014e-01	0.714453	1
CSN3	4	8.5606e-01	6.0014e-01	0.714453	1
KNOP1	4	8.5622e-01	6.0014e-01	0.714453	1
RSPH6A	4	8.5623e-01	6.0014e-01	0.714453	1
AKTIP	4	8.5636e-01	6.0014e-01	0.714453	1
PLD3	4	8.5637e-01	6.0014e-01	0.714453	1
TRIM10	4	8.5647e-01	6.0014e-01	0.714453	1
HLA-DQB2	4	8.5653e-01	6.0014e-01	0.714453	1
IL17F	4	8.5653e-01	6.0014e-01	0.714453	1
PLEKHO2	4	8.5657e-01	6.0014e-01	0.714453	1
MOV10L1	4	8.5666e-01	6.0014e-01	0.714453	1
ZNF418	4	8.5681e-01	6.0014e-01	0.714453	1
TSPAN15	4	8.5691e-01	6.0014e-01	0.714453	1
SEMG2	4	8.5696e-01	6.0014e-01	0.714453	1
CLEC11A	4	8.5719e-01	6.0014e-01	0.714453	1
GGA1	4	8.5723e-01	6.0014e-01	0.714453	1
MANEA	4	8.5725e-01	6.0014e-01	0.714453	1
FOLR3	4	8.5728e-01	6.0014e-01	0.714453	1
MTRNR2L9	4	8.5730e-01	6.0014e-01	0.714453	1
CXorf23	4	8.5743e-01	6.0014e-01	0.714453	1
ZNF501	4	8.5767e-01	6.0014e-01	0.714453	1
HDHD1	4	8.5770e-01	6.0014e-01	0.714453	1
ZCCHC7	4	8.5774e-01	6.0014e-01	0.714453	1
SBSN	4	8.5790e-01	6.0014e-01	0.714453	1
TSPAN8	4	8.5801e-01	6.0014e-01	0.714453	1
TMSB10	4	8.5803e-01	6.0014e-01	0.714453	1
SWAP70	4	8.5806e-01	6.0014e-01	0.714453	1
ZBED8	4	8.5812e-01	6.0189e-01	0.715816	1
FGD2	4	8.5818e-01	6.0189e-01	0.715816	1
ITGAX	4	8.5821e-01	6.0189e-01	0.715816	1
ONECUT1	4	8.5841e-01	6.0189e-01	0.715816	1
USHBP1	4	8.5843e-01	6.0189e-01	0.715816	1
OR13A1	4	8.5847e-01	6.0189e-01	0.715816	1
HSD3B7	4	8.5857e-01	6.0189e-01	0.715816	1
DLK1	4	8.5862e-01	6.0189e-01	0.715816	1
CNTRL	4	8.5865e-01	6.0189e-01	0.715816	1
DYNLT3	4	8.5906e-01	6.0189e-01	0.715816	1
LRRK2	4	8.5907e-01	6.0189e-01	0.715816	1
ATP5SL	4	8.5912e-01	6.0189e-01	0.715816	1
IL32	4	8.5920e-01	6.0189e-01	0.715816	1
CUL5	4	8.5928e-01	6.0189e-01	0.715816	1
HMGN3	4	8.5937e-01	6.0189e-01	0.715816	1
SLC14A2	4	8.5940e-01	6.0189e-01	0.715816	1
IL22RA2	4	8.5955e-01	6.0370e-01	0.717349	1
TCTE3	4	8.5974e-01	6.0370e-01	0.717349	1
STOX2	4	8.5997e-01	6.0370e-01	0.717349	1
OR5M9	4	8.6001e-01	6.0370e-01	0.717349	1
BTN1A1	4	8.6006e-01	6.0370e-01	0.717349	1
AHSA1	4	8.6010e-01	6.0370e-01	0.717349	1
HSDL2	4	8.6013e-01	6.0370e-01	0.717349	1
NAB2	4	8.6019e-01	6.0370e-01	0.717349	1
RASSF6	4	8.6026e-01	6.0370e-01	0.717349	1
NKX6-2	4	8.6027e-01	6.0370e-01	0.717349	1
LARGE	4	8.6050e-01	6.0370e-01	0.717349	1
PLEKHG5	4	8.6058e-01	6.0370e-01	0.717349	1
LOC100506422	4	8.6073e-01	6.0370e-01	0.717349	1
CXCR5	4	8.6083e-01	6.0370e-01	0.717349	1
CRTAC1	4	8.6091e-01	6.0555e-01	0.718872	1
A2ML1	4	8.6102e-01	6.0555e-01	0.718872	1
TMEM63A	4	8.6104e-01	6.0555e-01	0.718872	1
ZBTB20	4	8.6106e-01	6.0555e-01	0.718872	1
PNKD	4	8.6108e-01	6.0555e-01	0.718872	1
FKBP7	4	8.6125e-01	6.0555e-01	0.718872	1
ATG101	4	8.6126e-01	6.0555e-01	0.718872	1
ELF1	4	8.6131e-01	6.0555e-01	0.718872	1
C17orf82	4	8.6132e-01	6.0555e-01	0.718872	1
OR8I2	4	8.6135e-01	6.0555e-01	0.718872	1
SRD5A1	4	8.6137e-01	6.0555e-01	0.718872	1
UTF1	4	8.6138e-01	6.0555e-01	0.718872	1
ADGRG3	4	8.6139e-01	6.0555e-01	0.718872	1
DAW1	4	8.6150e-01	6.0555e-01	0.718872	1
ATPIF1	4	8.6158e-01	6.0555e-01	0.718872	1
SCNN1B	4	8.6167e-01	6.0730e-01	0.720771	1
MKL1	4	8.6171e-01	6.0730e-01	0.720771	1
C6orf47	4	8.6173e-01	6.0730e-01	0.720771	1
DFNA5	4	8.6181e-01	6.0730e-01	0.720771	1
RIC8A	4	8.6195e-01	6.0908e-01	0.722575	1
DDIT4	4	8.6203e-01	6.0908e-01	0.722575	1
BOLA3	3	8.6203e-01	5.5046e-01	0.675551	1
CABYR	4	8.6204e-01	6.0908e-01	0.722575	1
NAT8B	4	8.6205e-01	6.0908e-01	0.722575	1
HNF4A	4	8.6209e-01	6.0908e-01	0.722575	1
FBXO40	4	8.6211e-01	6.0908e-01	0.722575	1
STK11	4	8.6217e-01	6.0908e-01	0.722575	1
FAM19A2	4	8.6250e-01	6.1087e-01	0.723042	1
CFAP61	4	8.6252e-01	6.1087e-01	0.723042	1
PSG4	4	8.6258e-01	6.1087e-01	0.723042	1
TMOD2	4	8.6264e-01	6.1087e-01	0.723042	1
GPSM3	4	8.6265e-01	6.1087e-01	0.723042	1
ZWILCH	4	8.6268e-01	6.1087e-01	0.723042	1
LIX1L	4	8.6273e-01	6.1087e-01	0.723042	1
FAM167A	4	8.6301e-01	6.1261e-01	0.723042	1
PHOSPHO2-KLHL23	4	8.6302e-01	6.1261e-01	0.723042	1
FMN1	4	8.6303e-01	6.1261e-01	0.723042	1
SRPX	4	8.6307e-01	6.1261e-01	0.723042	1
SHPRH	4	8.6313e-01	6.1261e-01	0.723042	1
TEKT5	4	8.6314e-01	6.1261e-01	0.723042	1
PJA2	4	8.6321e-01	6.1261e-01	0.723042	1
UGT2B4	4	8.6345e-01	6.1446e-01	0.723042	1
DPP9	4	8.6348e-01	6.1446e-01	0.723042	1
S100A12	4	8.6355e-01	6.1446e-01	0.723042	1
ZFY	4	8.6367e-01	6.1446e-01	0.723042	1
CCDC108	4	8.6379e-01	6.1446e-01	0.723042	1
CADM1	4	8.6384e-01	6.1446e-01	0.723042	1
ATHL1	4	8.6385e-01	6.1446e-01	0.723042	1
DYNLRB2	4	8.6386e-01	6.1446e-01	0.723042	1
C14orf177	4	8.6402e-01	6.1446e-01	0.723042	1
UBLCP1	4	8.6407e-01	6.1446e-01	0.723042	1
CSNK1G3	4	8.6408e-01	6.1446e-01	0.723042	1
BPIFC	4	8.6410e-01	6.1446e-01	0.723042	1
C1orf101	4	8.6413e-01	6.1446e-01	0.723042	1
TRAF2	4	8.6420e-01	6.1446e-01	0.723042	1
RNF166	4	8.6429e-01	6.1446e-01	0.723042	1
OMD	4	8.6445e-01	6.1446e-01	0.723042	1
THAP5	4	8.6447e-01	6.1446e-01	0.723042	1
TSPYL4	4	8.6457e-01	6.1446e-01	0.723042	1
OR5A1	4	8.6459e-01	6.1446e-01	0.723042	1
CLECL1	4	8.6460e-01	6.1446e-01	0.723042	1
C5orf49	4	8.6475e-01	6.1446e-01	0.723042	1
ST3GAL3	4	8.6480e-01	6.1446e-01	0.723042	1
SPATA17	4	8.6487e-01	6.1446e-01	0.723042	1
CACNA2D1	4	8.6494e-01	6.1446e-01	0.723042	1
GALNS	4	8.6494e-01	6.1446e-01	0.723042	1
RPUSD1	4	8.6496e-01	6.1446e-01	0.723042	1
ZNF423	4	8.6507e-01	6.1446e-01	0.723042	1
GTF2IRD2	4	8.6509e-01	6.1446e-01	0.723042	1
ITFG2	4	8.6513e-01	6.1446e-01	0.723042	1
ERRFI1	4	8.6520e-01	6.1624e-01	0.723042	1
FRMPD3	4	8.6521e-01	6.1624e-01	0.723042	1
OPN1MW	4	8.6529e-01	6.1624e-01	0.723042	1
KIAA1324	4	8.6530e-01	6.1624e-01	0.723042	1
NEK10	4	8.6536e-01	6.1624e-01	0.723042	1
NDUFA7	4	8.6562e-01	6.1624e-01	0.723042	1
OR2S2	4	8.6572e-01	6.1624e-01	0.723042	1
TMEM145	4	8.6586e-01	6.1624e-01	0.723042	1
IQCC	4	8.6604e-01	6.1624e-01	0.723042	1
TREX1	4	8.6620e-01	6.1624e-01	0.723042	1
PPAP2A	4	8.6645e-01	6.1802e-01	0.723042	1
SFRP1	4	8.6649e-01	6.1802e-01	0.723042	1
TP53TG3B	4	8.6649e-01	6.1802e-01	0.723042	1
IGFALS	4	8.6658e-01	6.1802e-01	0.723042	1
TUBA4A	4	8.6668e-01	6.1802e-01	0.723042	1
KRTAP5-9	4	8.6670e-01	6.1802e-01	0.723042	1
NDUFC1	4	8.6675e-01	6.1802e-01	0.723042	1
LECT1	4	8.6678e-01	6.1802e-01	0.723042	1
ZFAND2A	4	8.6678e-01	6.1802e-01	0.723042	1
HIBCH	4	8.6700e-01	6.1982e-01	0.723042	1
RHBDL2	4	8.6703e-01	6.1982e-01	0.723042	1
ZNF438	4	8.6709e-01	6.2159e-01	0.723042	1
FADS1	4	8.6731e-01	6.2338e-01	0.723042	1
ARMS2	4	8.6733e-01	6.2338e-01	0.723042	1
ALDH3B1	4	8.6752e-01	6.2338e-01	0.723042	1
PLCD4	4	8.6754e-01	6.2338e-01	0.723042	1
ISOC1	4	8.6756e-01	6.2338e-01	0.723042	1
AKAP2	4	8.6760e-01	6.2338e-01	0.723042	1
STIP1	4	8.6770e-01	6.2338e-01	0.723042	1
RAB11FIP4	4	8.6783e-01	6.2338e-01	0.723042	1
NKG7	4	8.6784e-01	6.2338e-01	0.723042	1
LONRF1	4	8.6796e-01	6.2338e-01	0.723042	1
DSTN	4	8.6798e-01	6.2338e-01	0.723042	1
SLC30A6	4	8.6812e-01	6.2338e-01	0.723042	1
NKAPL	4	8.6816e-01	6.2338e-01	0.723042	1
KERA	4	8.6836e-01	6.2692e-01	0.723042	1
EMILIN2	4	8.6844e-01	6.2692e-01	0.723042	1
IL1R1	4	8.6847e-01	6.2692e-01	0.723042	1
ITPKC	4	8.6852e-01	6.2692e-01	0.723042	1
YTHDC2	4	8.6853e-01	6.2692e-01	0.723042	1
MKRN2OS	4	8.6866e-01	6.2692e-01	0.723042	1
IGF2BP1	4	8.6874e-01	6.2692e-01	0.723042	1
CLCN5	4	8.6890e-01	6.2692e-01	0.723042	1
KIAA0754	4	8.6892e-01	6.2692e-01	0.723042	1
LHX3	4	8.6911e-01	6.2692e-01	0.723042	1
PICK1	4	8.6934e-01	6.2692e-01	0.723042	1
PAIP1	4	8.6935e-01	6.2692e-01	0.723042	1
OOSP2	4	8.6936e-01	6.2692e-01	0.723042	1
RAB22A	4	8.6946e-01	6.2692e-01	0.723042	1
LRP10	4	8.6949e-01	6.2692e-01	0.723042	1
C21orf2	4	8.6953e-01	6.2692e-01	0.723042	1
CH25H	4	8.6961e-01	6.2692e-01	0.723042	1
CHRM3	4	8.6967e-01	6.2692e-01	0.723042	1
AFF1	4	8.6968e-01	6.2692e-01	0.723042	1
STAMBPL1	4	8.6972e-01	6.2692e-01	0.723042	1
EFCAB14	4	8.6980e-01	6.2692e-01	0.723042	1
ANKRD34A	4	8.6987e-01	6.2692e-01	0.723042	1
S1PR3	4	8.6990e-01	6.2692e-01	0.723042	1
LRP8	4	8.7002e-01	6.2692e-01	0.723042	1
CEBPB	4	8.7008e-01	6.2692e-01	0.723042	1
CDY1B	4	8.7022e-01	6.2692e-01	0.723042	1
ZFP69	4	8.7023e-01	6.2692e-01	0.723042	1
ADCYAP1	4	8.7039e-01	6.2692e-01	0.723042	1
CSAD	4	8.7043e-01	6.2692e-01	0.723042	1
S100A8	4	8.7047e-01	6.2692e-01	0.723042	1
ZYG11A	4	8.7049e-01	6.2692e-01	0.723042	1
TOR3A	4	8.7051e-01	6.2692e-01	0.723042	1
FIG4	4	8.7056e-01	6.2692e-01	0.723042	1
GSK3B	4	8.7066e-01	6.2692e-01	0.723042	1
BPIFA2	4	8.7067e-01	6.2692e-01	0.723042	1
EPB41L3	4	8.7073e-01	6.2692e-01	0.723042	1
C1orf53	4	8.7074e-01	6.2692e-01	0.723042	1
RDH13	4	8.7078e-01	6.2692e-01	0.723042	1
NCOA6	4	8.7079e-01	6.2692e-01	0.723042	1
CCDC180	4	8.7080e-01	6.2692e-01	0.723042	1
EPCAM	4	8.7083e-01	6.2692e-01	0.723042	1
GAGE12C	4	8.7098e-01	6.2874e-01	0.723042	1
PAMR1	4	8.7102e-01	6.2874e-01	0.723042	1
ERLIN2	4	8.7104e-01	6.2874e-01	0.723042	1
TMIGD1	4	8.7105e-01	6.2874e-01	0.723042	1
GLRB	4	8.7119e-01	6.3222e-01	0.723042	1
PRICKLE1	4	8.7119e-01	6.3222e-01	0.723042	1
CD247	4	8.7123e-01	6.3222e-01	0.723042	1
SASH3	4	8.7129e-01	6.3222e-01	0.723042	1
MOB3B	4	8.7130e-01	6.3222e-01	0.723042	1
TTBK1	4	8.7134e-01	6.3222e-01	0.723042	1
CLEC4C	4	8.7136e-01	6.3222e-01	0.723042	1
ST6GALNAC2	4	8.7144e-01	6.3586e-01	0.723042	1
MAGEB5	4	8.7146e-01	6.3586e-01	0.723042	1
PELI1	4	8.7154e-01	6.3586e-01	0.723042	1
OR7A5	4	8.7156e-01	6.3586e-01	0.723042	1
C1orf68	4	8.7164e-01	6.3586e-01	0.723042	1
NDUFB10	4	8.7165e-01	6.3586e-01	0.723042	1
S100A14	4	8.7194e-01	6.3586e-01	0.723042	1
SLC27A4	4	8.7198e-01	6.3586e-01	0.723042	1
TAOK3	4	8.7199e-01	6.3586e-01	0.723042	1
GPX2	4	8.7206e-01	6.3586e-01	0.723042	1
LRRC69	4	8.7214e-01	6.3759e-01	0.723042	1
PCNT	4	8.7215e-01	6.3759e-01	0.723042	1
TNRC18	4	8.7220e-01	6.3759e-01	0.723042	1
TMPRSS11E	4	8.7235e-01	6.3759e-01	0.723042	1
YWHAE	4	8.7238e-01	6.3759e-01	0.723042	1
HIP1R	4	8.7240e-01	6.3759e-01	0.723042	1
ZNF488	4	8.7243e-01	6.3759e-01	0.723042	1
ZNF77	4	8.7262e-01	6.3759e-01	0.723042	1
CCL11	4	8.7268e-01	6.3759e-01	0.723042	1
SAV1	4	8.7282e-01	6.3759e-01	0.723042	1
GABRB3	4	8.7309e-01	6.3759e-01	0.723042	1
PINLYP	4	8.7311e-01	6.3759e-01	0.723042	1
CREB3L3	4	8.7320e-01	6.3759e-01	0.723042	1
DAZ2	4	8.7322e-01	6.3759e-01	0.723042	1
KRT82	4	8.7326e-01	6.3759e-01	0.723042	1
TSPAN16	4	8.7331e-01	6.3759e-01	0.723042	1
PDE7B	4	8.7340e-01	6.3759e-01	0.723042	1
NRBF2	4	8.7360e-01	6.3759e-01	0.723042	1
FCAR	4	8.7366e-01	6.3759e-01	0.723042	1
GLRA3	4	8.7380e-01	6.3759e-01	0.723042	1
SPINK2	4	8.7383e-01	6.3759e-01	0.723042	1
KRTAP20-2	4	8.7406e-01	6.3759e-01	0.723042	1
AIM1	4	8.7408e-01	6.3759e-01	0.723042	1
IMPG2	4	8.7409e-01	6.3759e-01	0.723042	1
MAGEA9B	4	8.7423e-01	6.3759e-01	0.723042	1
ADAMTS17	4	8.7431e-01	6.3759e-01	0.723042	1
ZAN	4	8.7435e-01	6.3759e-01	0.723042	1
SLC34A1	4	8.7440e-01	6.3759e-01	0.723042	1
OR10A7	4	8.7444e-01	6.3759e-01	0.723042	1
C16orf72	4	8.7449e-01	6.3941e-01	0.723042	1
KPNA5	4	8.7451e-01	6.3941e-01	0.723042	1
NRG4	4	8.7461e-01	6.3941e-01	0.723042	1
PRR12	4	8.7483e-01	6.4119e-01	0.723042	1
CDHR4	4	8.7491e-01	6.4119e-01	0.723042	1
SGMS2	4	8.7493e-01	6.4119e-01	0.723042	1
ZBED5	4	8.7499e-01	6.4119e-01	0.723042	1
RGS11	4	8.7505e-01	6.4119e-01	0.723042	1
DUSP6	4	8.7518e-01	6.4119e-01	0.723042	1
CXorf58	4	8.7526e-01	6.4119e-01	0.723042	1
REEP4	4	8.7529e-01	6.4119e-01	0.723042	1
NTRK3	4	8.7537e-01	6.4119e-01	0.723042	1
MGAT5B	4	8.7544e-01	6.4119e-01	0.723042	1
CPLX3	4	8.7549e-01	6.4119e-01	0.723042	1
ZNF502	2	8.7551e-01	7.4888e-01	0.807114	0
RPGR	4	8.7557e-01	6.4119e-01	0.723042	1
P3H4	4	8.7560e-01	6.4119e-01	0.723042	1
MITF	4	8.7576e-01	6.4303e-01	0.723042	1
FAM169B	4	8.7577e-01	6.4303e-01	0.723042	1
MAN2A2	4	8.7583e-01	6.4303e-01	0.723042	1
WDR37	4	8.7589e-01	6.4303e-01	0.723042	1
BAIAP2L1	4	8.7601e-01	6.4303e-01	0.723042	1
SLC45A2	4	8.7623e-01	6.4303e-01	0.723042	1
HIGD1B	4	8.7636e-01	6.4303e-01	0.723042	1
KCNE5	4	8.7637e-01	6.4303e-01	0.723042	1
TRPV2	4	8.7638e-01	6.4303e-01	0.723042	1
SDSL	4	8.7660e-01	6.4303e-01	0.723042	1
ACSM4	4	8.7662e-01	6.4303e-01	0.723042	1
SALL3	4	8.7669e-01	6.4303e-01	0.723042	1
KLHL14	4	8.7675e-01	6.4303e-01	0.723042	1
MEP1B	4	8.7676e-01	6.4303e-01	0.723042	1
LUC7L	4	8.7682e-01	6.4303e-01	0.723042	1
LGALS13	4	8.7685e-01	6.4303e-01	0.723042	1
CTSZ	4	8.7694e-01	6.4303e-01	0.723042	1
MAP3K3	4	8.7705e-01	6.4303e-01	0.723042	1
OSBPL8	4	8.7711e-01	6.4303e-01	0.723042	1
CREB3	4	8.7729e-01	6.4303e-01	0.723042	1
BRIP1	4	8.7732e-01	6.4303e-01	0.723042	1
CEP152	4	8.7734e-01	6.4303e-01	0.723042	1
KRTAP6-3	4	8.7742e-01	6.4303e-01	0.723042	1
HESX1	4	8.7749e-01	6.4303e-01	0.723042	1
FAM13C	4	8.7750e-01	6.4303e-01	0.723042	1
DOK2	4	8.7755e-01	6.4303e-01	0.723042	1
OR2T1	4	8.7769e-01	6.4303e-01	0.723042	1
PELI3	4	8.7771e-01	6.4303e-01	0.723042	1
KHSRP	4	8.7778e-01	6.4303e-01	0.723042	1
MAP4K1	4	8.7786e-01	6.4303e-01	0.723042	1
KIAA1919	4	8.7811e-01	6.4303e-01	0.723042	1
VKORC1L1	4	8.7816e-01	6.4303e-01	0.723042	1
TAS2R9	4	8.7827e-01	6.4303e-01	0.723042	1
EHD3	4	8.7828e-01	6.4303e-01	0.723042	1
DHX34	4	8.7845e-01	6.4303e-01	0.723042	1
G6PC2	4	8.7848e-01	6.4303e-01	0.723042	1
HTR3B	4	8.7850e-01	6.4303e-01	0.723042	1
RASIP1	4	8.7851e-01	6.4303e-01	0.723042	1
LY6D	4	8.7873e-01	6.4303e-01	0.723042	1
ZNF692	3	8.7877e-01	5.6796e-01	0.689357	0
GYS2	4	8.7879e-01	6.4303e-01	0.723042	1
EIF4EBP1	4	8.7886e-01	6.4303e-01	0.723042	1
ELF4	4	8.7890e-01	6.4303e-01	0.723042	1
P2RX5	4	8.7894e-01	6.4303e-01	0.723042	1
C4orf27	4	8.7897e-01	6.4303e-01	0.723042	1
RLTPR	4	8.7903e-01	6.4303e-01	0.723042	1
GATA4	4	8.7906e-01	6.4303e-01	0.723042	1
ABHD11	4	8.7912e-01	6.4303e-01	0.723042	1
TRPC5	4	8.7917e-01	6.4303e-01	0.723042	1
CMC2	4	8.7922e-01	6.4303e-01	0.723042	1
SERPINA3	4	8.7925e-01	6.4303e-01	0.723042	1
CST8	4	8.7927e-01	6.4303e-01	0.723042	1
RAD9B	4	8.7942e-01	6.4303e-01	0.723042	1
PPIL6	4	8.7944e-01	6.4303e-01	0.723042	1
PPP1R42	4	8.7944e-01	6.4303e-01	0.723042	1
GATAD2A	4	8.7948e-01	6.4303e-01	0.723042	1
SLC39A3	4	8.7950e-01	6.4303e-01	0.723042	1
MUSK	4	8.7951e-01	6.4303e-01	0.723042	1
OR5M10	4	8.7959e-01	6.4303e-01	0.723042	1
LOXHD1	4	8.7974e-01	6.4485e-01	0.723042	1
SLC22A20	4	8.7979e-01	6.4485e-01	0.723042	1
SMO	4	8.7981e-01	6.4485e-01	0.723042	1
MAP3K14	4	8.7985e-01	6.4485e-01	0.723042	1
BHLHE41	4	8.8004e-01	6.4485e-01	0.723042	1
IQCD	4	8.8012e-01	6.4485e-01	0.723042	1
ASCL4	4	8.8015e-01	6.4485e-01	0.723042	1
SLC11A1	4	8.8018e-01	6.4485e-01	0.723042	1
FER	4	8.8022e-01	6.4485e-01	0.723042	1
LRRIQ4	4	8.8026e-01	6.4485e-01	0.723042	1
TMEM182	3	8.8028e-01	5.7311e-01	0.693911	0
GPR119	4	8.8030e-01	6.4485e-01	0.723042	1
ROBO3	4	8.8034e-01	6.4485e-01	0.723042	1
SIGLEC12	4	8.8039e-01	6.4485e-01	0.723042	1
RAB14	4	8.8040e-01	6.4485e-01	0.723042	1
RNF180	4	8.8052e-01	6.4485e-01	0.723042	1
TDRD6	4	8.8060e-01	6.4485e-01	0.723042	1
GPR27	4	8.8061e-01	6.4485e-01	0.723042	1
CYP2A13	4	8.8074e-01	6.4485e-01	0.723042	1
OR51B2	4	8.8075e-01	6.4485e-01	0.723042	1
CPSF7	4	8.8093e-01	6.4485e-01	0.723042	1
SLC36A4	4	8.8106e-01	6.4485e-01	0.723042	1
COL27A1	4	8.8122e-01	6.4485e-01	0.723042	1
KNG1	4	8.8126e-01	6.4485e-01	0.723042	1
CIDEB	4	8.8132e-01	6.4485e-01	0.723042	1
POC1B-GALNT4	4	8.8134e-01	6.4485e-01	0.723042	1
OR8J3	4	8.8134e-01	6.4485e-01	0.723042	1
RPH3A	4	8.8142e-01	6.4485e-01	0.723042	1
OR10A6	4	8.8144e-01	6.4485e-01	0.723042	1
NECAP2	4	8.8152e-01	6.4485e-01	0.723042	1
ZNF224	4	8.8153e-01	6.4485e-01	0.723042	1
GLUD2	4	8.8161e-01	6.4485e-01	0.723042	1
RAB3D	4	8.8163e-01	6.4485e-01	0.723042	1
RBM26	4	8.8169e-01	6.4485e-01	0.723042	1
HCFC1R1	4	8.8172e-01	6.4485e-01	0.723042	1
TRIM15	4	8.8173e-01	6.4485e-01	0.723042	1
FAM220A	4	8.8175e-01	6.4485e-01	0.723042	1
FOXD3	4	8.8180e-01	6.4485e-01	0.723042	1
ARID1B	4	8.8183e-01	6.4485e-01	0.723042	1
DOC2A	4	8.8184e-01	6.4485e-01	0.723042	1
RIT2	4	8.8191e-01	6.4485e-01	0.723042	1
C22orf39	4	8.8191e-01	6.4485e-01	0.723042	1
ELOVL7	4	8.8202e-01	6.4485e-01	0.723042	1
CCDC50	4	8.8204e-01	6.4485e-01	0.723042	1
GJB7	4	8.8209e-01	6.4485e-01	0.723042	1
EGF	4	8.8216e-01	6.4485e-01	0.723042	1
GGN	4	8.8226e-01	6.4485e-01	0.723042	1
LRRIQ1	4	8.8240e-01	6.4485e-01	0.723042	1
GPR18	4	8.8242e-01	6.4485e-01	0.723042	1
HMBS	4	8.8257e-01	6.4485e-01	0.723042	1
SASH1	4	8.8266e-01	6.4485e-01	0.723042	1
NFKB2	4	8.8269e-01	6.4485e-01	0.723042	1
TM4SF20	4	8.8271e-01	6.4485e-01	0.723042	1
C9orf92	4	8.8276e-01	6.4485e-01	0.723042	1
VCX	4	8.8287e-01	6.4485e-01	0.723042	1
NKD1	4	8.8298e-01	6.4485e-01	0.723042	1
NT5E	4	8.8299e-01	6.4485e-01	0.723042	1
DEGS1	4	8.8306e-01	6.4485e-01	0.723042	1
NOA1	4	8.8312e-01	6.4485e-01	0.723042	1
RNFT2	4	8.8313e-01	6.4485e-01	0.723042	1
ZBTB37	4	8.8317e-01	6.4485e-01	0.723042	1
SLC5A2	4	8.8324e-01	6.4485e-01	0.723042	1
TGFA	4	8.8329e-01	6.4485e-01	0.723042	1
WDR35	4	8.8334e-01	6.4485e-01	0.723042	1
PDZD9	3	8.8337e-01	5.8502e-01	0.701908	0
GABRR3	4	8.8343e-01	6.4485e-01	0.723042	1
POM121L2	4	8.8346e-01	6.4485e-01	0.723042	1
MOCOS	4	8.8347e-01	6.4485e-01	0.723042	1
TENM1	4	8.8349e-01	6.4485e-01	0.723042	1
HMCN1	4	8.8379e-01	6.4485e-01	0.723042	1
ZNF689	4	8.8381e-01	6.4485e-01	0.723042	1
WDR90	4	8.8388e-01	6.4485e-01	0.723042	1
RABEP1	4	8.8401e-01	6.4485e-01	0.723042	1
SPATA19	4	8.8402e-01	6.4485e-01	0.723042	1
MEGF9	4	8.8407e-01	6.4485e-01	0.723042	1
ERF	4	8.8413e-01	6.4485e-01	0.723042	1
RNF224	4	8.8440e-01	6.4663e-01	0.723042	1
PCDH17	4	8.8448e-01	6.4663e-01	0.723042	1
NIPSNAP3A	4	8.8458e-01	6.4663e-01	0.723042	1
SIGLEC7	4	8.8467e-01	6.4663e-01	0.723042	1
CD19	4	8.8477e-01	6.4663e-01	0.723042	1
KRT2	4	8.8487e-01	6.4663e-01	0.723042	1
RINL	4	8.8489e-01	6.4663e-01	0.723042	1
BCDIN3D	4	8.8491e-01	6.4663e-01	0.723042	1
CHPT1	4	8.8501e-01	6.4663e-01	0.723042	1
GLCCI1	4	8.8502e-01	6.4663e-01	0.723042	1
OR13H1	4	8.8506e-01	6.4663e-01	0.723042	1
DNAJC16	4	8.8515e-01	6.4663e-01	0.723042	1
UBTFL1	4	8.8531e-01	6.4663e-01	0.723042	1
QRICH2	4	8.8535e-01	6.4663e-01	0.723042	1
ZNF474	4	8.8537e-01	6.4663e-01	0.723042	1
TEKT2	4	8.8539e-01	6.4663e-01	0.723042	1
KRT4	3	8.8540e-01	5.9684e-01	0.712068	0
RTP5	4	8.8548e-01	6.4663e-01	0.723042	1
PTX4	4	8.8571e-01	6.4663e-01	0.723042	1
PLA2G12B	4	8.8581e-01	6.4842e-01	0.723042	1
LEF1	4	8.8583e-01	6.4842e-01	0.723042	1
SLC18B1	4	8.8588e-01	6.4842e-01	0.723042	1
SSTR4	4	8.8602e-01	6.4842e-01	0.723042	1
N4BP2	4	8.8603e-01	6.4842e-01	0.723042	1
C5orf52	4	8.8608e-01	6.4842e-01	0.723042	1
FAM71C	4	8.8610e-01	6.4842e-01	0.723042	1
TLR3	4	8.8623e-01	6.4842e-01	0.723042	1
ENPP2	4	8.8628e-01	6.4842e-01	0.723042	1
RHOBTB2	4	8.8631e-01	6.4842e-01	0.723042	1
LOC339862	4	8.8638e-01	6.4842e-01	0.723042	1
FAM71D	4	8.8639e-01	6.4842e-01	0.723042	1
LGR4	4	8.8640e-01	6.4842e-01	0.723042	1
CRADD	4	8.8642e-01	6.4842e-01	0.723042	1
HN1	4	8.8653e-01	6.4842e-01	0.723042	1
ANKDD1A	4	8.8663e-01	6.4842e-01	0.723042	1
SEC14L2	4	8.8686e-01	6.4842e-01	0.723042	1
TTLL11	4	8.8688e-01	6.4842e-01	0.723042	1
CCDC122	4	8.8689e-01	6.4842e-01	0.723042	1
CXorf67	4	8.8695e-01	6.4842e-01	0.723042	1
CNKSR1	4	8.8701e-01	6.4842e-01	0.723042	1
TMEM99	4	8.8710e-01	6.4842e-01	0.723042	1
ZNF469	4	8.8713e-01	6.4842e-01	0.723042	1
FAM114A1	4	8.8716e-01	6.4842e-01	0.723042	1
SOS2	4	8.8722e-01	6.4842e-01	0.723042	1
CISD3	4	8.8729e-01	6.4842e-01	0.723042	1
SLC2A8	4	8.8750e-01	6.5022e-01	0.723042	1
VWA5B2	4	8.8765e-01	6.5022e-01	0.723042	1
ZC3HAV1L	4	8.8765e-01	6.5022e-01	0.723042	1
USP17L7	4	8.8771e-01	6.5022e-01	0.723042	1
ETAA1	4	8.8772e-01	6.5022e-01	0.723042	1
DEFB127	4	8.8783e-01	6.5022e-01	0.723042	1
FOXP2	4	8.8785e-01	6.5022e-01	0.723042	1
RND2	4	8.8792e-01	6.5022e-01	0.723042	1
PARP15	4	8.8804e-01	6.5022e-01	0.723042	1
RCBTB1	4	8.8814e-01	6.5022e-01	0.723042	1
MYH3	4	8.8833e-01	6.5022e-01	0.723042	1
APOBR	4	8.8842e-01	6.5022e-01	0.723042	1
CACNA1S	4	8.8859e-01	6.5022e-01	0.723042	1
PCSK9	4	8.8866e-01	6.5022e-01	0.723042	1
APOOL	4	8.8867e-01	6.5022e-01	0.723042	1
RNF148	4	8.8868e-01	6.5022e-01	0.723042	1
LAMA3	4	8.8877e-01	6.5022e-01	0.723042	1
FEM1C	4	8.8879e-01	6.5022e-01	0.723042	1
DCAF16	4	8.8886e-01	6.5022e-01	0.723042	1
ECHDC1	4	8.8887e-01	6.5022e-01	0.723042	1
BCL7C	4	8.8891e-01	6.5022e-01	0.723042	1
ALCAM	4	8.8893e-01	6.5022e-01	0.723042	1
FMO2	4	8.8900e-01	6.5022e-01	0.723042	1
C9orf131	4	8.8900e-01	6.5022e-01	0.723042	1
CELA1	4	8.8904e-01	6.5022e-01	0.723042	1
OPN1SW	4	8.8905e-01	6.5022e-01	0.723042	1
ELFN1	4	8.8907e-01	6.5022e-01	0.723042	1
KRTAP2-1	4	8.8910e-01	6.5022e-01	0.723042	1
SLC8A1	4	8.8916e-01	6.5022e-01	0.723042	1
FKTN	4	8.8923e-01	6.5022e-01	0.723042	1
SYCE2	4	8.8926e-01	6.5022e-01	0.723042	1
OR5M1	4	8.8928e-01	6.5022e-01	0.723042	1
FLT4	4	8.8945e-01	6.5022e-01	0.723042	1
AEBP1	4	8.8949e-01	6.5022e-01	0.723042	1
LPP	4	8.8958e-01	6.5022e-01	0.723042	1
LRRC16A	4	8.8962e-01	6.5022e-01	0.723042	1
CSPP1	4	8.8966e-01	6.5022e-01	0.723042	1
MAP7D3	4	8.8973e-01	6.5022e-01	0.723042	1
FGF8	4	8.8976e-01	6.5022e-01	0.723042	1
BRS3	4	8.8983e-01	6.5022e-01	0.723042	1
TLL2	4	8.8984e-01	6.5022e-01	0.723042	1
C18orf8	4	8.8988e-01	6.5022e-01	0.723042	1
ARHGEF19	4	8.8993e-01	6.5022e-01	0.723042	1
HCRTR1	4	8.9000e-01	6.5022e-01	0.723042	1
CEACAM7	4	8.9007e-01	6.5022e-01	0.723042	1
OR52B2	4	8.9019e-01	6.5022e-01	0.723042	1
OR1N1	4	8.9041e-01	6.5022e-01	0.723042	1
NLGN3	4	8.9043e-01	6.5022e-01	0.723042	1
HDAC9	4	8.9044e-01	6.5022e-01	0.723042	1
OSER1	4	8.9050e-01	6.5022e-01	0.723042	1
PYGO2	4	8.9054e-01	6.5022e-01	0.723042	1
SYT10	4	8.9055e-01	6.5022e-01	0.723042	1
COX17	4	8.9065e-01	6.5022e-01	0.723042	1
KIAA2013	4	8.9083e-01	6.5022e-01	0.723042	1
KALRN	4	8.9094e-01	6.5022e-01	0.723042	1
RAB4B	4	8.9096e-01	6.5022e-01	0.723042	1
TMEM114	4	8.9101e-01	6.5022e-01	0.723042	1
MLLT3	4	8.9104e-01	6.5022e-01	0.723042	1
TMEM45A	4	8.9109e-01	6.5022e-01	0.723042	1
CLDN15	4	8.9139e-01	6.5022e-01	0.723042	1
AQP1	4	8.9148e-01	6.5022e-01	0.723042	1
ME2	4	8.9151e-01	6.5022e-01	0.723042	1
CHFR	4	8.9155e-01	6.5022e-01	0.723042	1
FFAR3	4	8.9157e-01	6.5022e-01	0.723042	1
CD2AP	4	8.9159e-01	6.5022e-01	0.723042	1
FAM110A	4	8.9162e-01	6.5022e-01	0.723042	1
LOC389602	4	8.9163e-01	6.5022e-01	0.723042	1
FAM47C	4	8.9170e-01	6.5022e-01	0.723042	1
ARHGEF15	4	8.9173e-01	6.5022e-01	0.723042	1
SLC35F2	4	8.9177e-01	6.5022e-01	0.723042	1
DUSP28	4	8.9179e-01	6.5022e-01	0.723042	1
SMYD2	4	8.9180e-01	6.5022e-01	0.723042	1
COPZ2	4	8.9184e-01	6.5022e-01	0.723042	1
OR51F1	4	8.9187e-01	6.5022e-01	0.723042	1
CDRT1	4	8.9207e-01	6.5022e-01	0.723042	1
RAMP3	4	8.9212e-01	6.5022e-01	0.723042	1
MPEG1	4	8.9218e-01	6.5022e-01	0.723042	1
PHF2	4	8.9220e-01	6.5022e-01	0.723042	1
ADCK5	4	8.9235e-01	6.5022e-01	0.723042	1
TPSD1	4	8.9237e-01	6.5022e-01	0.723042	1
SH3BGRL	4	8.9252e-01	6.5022e-01	0.723042	1
CELSR2	4	8.9259e-01	6.5022e-01	0.723042	1
ETV6	4	8.9281e-01	6.5022e-01	0.723042	1
NRIP1	4	8.9284e-01	6.5022e-01	0.723042	1
PRR20E	4	8.9285e-01	6.5022e-01	0.723042	1
PLA2G2D	4	8.9288e-01	6.5022e-01	0.723042	1
CASP9	4	8.9290e-01	6.5022e-01	0.723042	1
KCNRG	4	8.9294e-01	6.5022e-01	0.723042	1
ZNF223	4	8.9302e-01	6.5022e-01	0.723042	1
GPR4	4	8.9309e-01	6.5022e-01	0.723042	1
OPN3	4	8.9335e-01	6.5022e-01	0.723042	1
SMIM3	4	8.9338e-01	6.5022e-01	0.723042	1
RBPMS	4	8.9344e-01	6.5022e-01	0.723042	1
AVL9	3	8.9346e-01	6.3049e-01	0.723042	0
SH2D1B	4	8.9354e-01	6.5022e-01	0.723042	1
CHRNA6	4	8.9356e-01	6.5022e-01	0.723042	1
PRDX4	4	8.9366e-01	6.5022e-01	0.723042	1
METRN	4	8.9376e-01	6.5022e-01	0.723042	1
TAS2R10	4	8.9378e-01	6.5022e-01	0.723042	1
CARD6	4	8.9379e-01	6.5022e-01	0.723042	1
CCNC	4	8.9380e-01	6.5022e-01	0.723042	1
CCDC63	4	8.9384e-01	6.5022e-01	0.723042	1
FLVCR1	4	8.9384e-01	6.5022e-01	0.723042	1
ITGAM	4	8.9394e-01	6.5022e-01	0.723042	1
OLFML1	4	8.9396e-01	6.5022e-01	0.723042	1
MR1	4	8.9399e-01	6.5022e-01	0.723042	1
IL17RB	4	8.9404e-01	6.5022e-01	0.723042	1
LSMEM2	4	8.9407e-01	6.5022e-01	0.723042	1
VSX1	4	8.9428e-01	6.5022e-01	0.723042	1
TNMD	4	8.9429e-01	6.5022e-01	0.723042	1
HLA-DRB1	4	8.9435e-01	6.5022e-01	0.723042	1
RHOA	4	8.9446e-01	6.5198e-01	0.723042	1
WDFY3	4	8.9454e-01	6.5198e-01	0.723042	1
UPB1	4	8.9458e-01	6.5198e-01	0.723042	1
UBXN4	4	8.9474e-01	6.5198e-01	0.723042	1
TYW5	4	8.9490e-01	6.5198e-01	0.723042	1
FGD4	4	8.9492e-01	6.5198e-01	0.723042	1
RGS12	4	8.9500e-01	6.5198e-01	0.723042	1
DDIT3	4	8.9501e-01	6.5198e-01	0.723042	1
KCTD13	4	8.9506e-01	6.5198e-01	0.723042	1
TRPV5	4	8.9507e-01	6.5198e-01	0.723042	1
CCR4	4	8.9513e-01	6.5198e-01	0.723042	1
MUC15	4	8.9515e-01	6.5198e-01	0.723042	1
PARD6A	4	8.9528e-01	6.5198e-01	0.723042	1
TXNDC12	4	8.9536e-01	6.5198e-01	0.723042	1
CTLA4	4	8.9557e-01	6.5198e-01	0.723042	1
EML1	4	8.9559e-01	6.5198e-01	0.723042	1
HOXA10	4	8.9561e-01	6.5198e-01	0.723042	1
KCNN4	4	8.9561e-01	6.5198e-01	0.723042	1
CCDC87	4	8.9576e-01	6.5198e-01	0.723042	1
GAL3ST4	4	8.9601e-01	6.5198e-01	0.723042	1
CD109	4	8.9609e-01	6.5198e-01	0.723042	1
YIF1A	4	8.9609e-01	6.5198e-01	0.723042	1
ERVV-1	4	8.9609e-01	6.5198e-01	0.723042	1
CBX7	4	8.9625e-01	6.5198e-01	0.723042	1
PDE6D	4	8.9656e-01	6.5198e-01	0.723042	1
KDM6B	4	8.9659e-01	6.5198e-01	0.723042	1
FIGNL1	4	8.9669e-01	6.5198e-01	0.723042	1
CHODL	4	8.9681e-01	6.5198e-01	0.723042	1
CLRN1	4	8.9684e-01	6.5198e-01	0.723042	1
FAM9A	4	8.9687e-01	6.5198e-01	0.723042	1
QDPR	4	8.9688e-01	6.5198e-01	0.723042	1
KRT27	4	8.9695e-01	6.5198e-01	0.723042	1
FADS3	4	8.9703e-01	6.5198e-01	0.723042	1
OR9K2	3	8.9710e-01	6.4876e-01	0.723042	0
CCDC8	4	8.9726e-01	6.5198e-01	0.723042	1
SLC17A2	4	8.9728e-01	6.5198e-01	0.723042	1
ACTL9	4	8.9736e-01	6.5198e-01	0.723042	1
VSTM5	4	8.9745e-01	6.5198e-01	0.723042	1
TGM2	4	8.9750e-01	6.5198e-01	0.723042	1
ST8SIA5	4	8.9752e-01	6.5198e-01	0.723042	1
MARVELD1	4	8.9756e-01	6.5198e-01	0.723042	1
HTR6	4	8.9759e-01	6.5198e-01	0.723042	1
RADIL	4	8.9761e-01	6.5198e-01	0.723042	1
HSPA1L	4	8.9768e-01	6.5198e-01	0.723042	1
TBX22	4	8.9773e-01	6.5198e-01	0.723042	1
ING2	4	8.9779e-01	6.5198e-01	0.723042	1
FAM20A	4	8.9784e-01	6.5198e-01	0.723042	1
VEPH1	4	8.9792e-01	6.5198e-01	0.723042	1
NDRG2	4	8.9802e-01	6.5198e-01	0.723042	1
PCDHAC1	4	8.9805e-01	6.5198e-01	0.723042	1
PANK1	4	8.9813e-01	6.5198e-01	0.723042	1
SYTL4	4	8.9818e-01	6.5198e-01	0.723042	1
TNRC6A	4	8.9829e-01	6.5198e-01	0.723042	1
CLVS1	4	8.9841e-01	6.5198e-01	0.723042	1
FGF23	3	8.9842e-01	6.5458e-01	0.723042	0
FREM3	4	8.9844e-01	6.5198e-01	0.723042	1
CD248	4	8.9849e-01	6.5198e-01	0.723042	1
TAS2R60	4	8.9854e-01	6.5198e-01	0.723042	1
GLIPR2	4	8.9862e-01	6.5198e-01	0.723042	1
ZNF761	4	8.9873e-01	6.5198e-01	0.723042	1
STON1	4	8.9875e-01	6.5198e-01	0.723042	1
LMOD2	4	8.9883e-01	6.5198e-01	0.723042	1
NDRG3	4	8.9884e-01	6.5198e-01	0.723042	1
MTURN	4	8.9886e-01	6.5198e-01	0.723042	1
SSH3	4	8.9890e-01	6.5198e-01	0.723042	1
MSANTD4	4	8.9894e-01	6.5198e-01	0.723042	1
PDC	4	8.9897e-01	6.5198e-01	0.723042	1
C21orf140	4	8.9900e-01	6.5198e-01	0.723042	1
GRK6	4	8.9901e-01	6.5198e-01	0.723042	1
ZNF839	4	8.9902e-01	6.5198e-01	0.723042	1
VLDLR	4	8.9909e-01	6.5198e-01	0.723042	1
TNFAIP3	4	8.9915e-01	6.5198e-01	0.723042	1
MAG	4	8.9917e-01	6.5198e-01	0.723042	1
TJP3	4	8.9918e-01	6.5198e-01	0.723042	1
LRTM2	4	8.9926e-01	6.5198e-01	0.723042	1
CREM	4	8.9932e-01	6.5198e-01	0.723042	1
HSPA13	4	8.9933e-01	6.5198e-01	0.723042	1
RCAN2	4	8.9937e-01	6.5198e-01	0.723042	1
AMN1	4	8.9939e-01	6.5198e-01	0.723042	1
CASP2	4	8.9943e-01	6.5198e-01	0.723042	1
SLC16A2	4	8.9944e-01	6.5198e-01	0.723042	1
BCORL1	4	8.9954e-01	6.5198e-01	0.723042	1
PITPNA	4	8.9959e-01	6.5198e-01	0.723042	1
LRRC20	4	8.9963e-01	6.5198e-01	0.723042	1
ZNF696	4	8.9971e-01	6.5198e-01	0.723042	1
RUNDC3A	4	8.9980e-01	6.5198e-01	0.723042	1
SOCS7	4	8.9987e-01	6.5198e-01	0.723042	1
FAM50B	4	9.0002e-01	6.5198e-01	0.723042	1
PEX5	4	9.0006e-01	6.5198e-01	0.723042	1
RBM10	4	9.0009e-01	6.5198e-01	0.723042	1
LYSMD4	4	9.0015e-01	6.5198e-01	0.723042	1
FAM189A2	4	9.0023e-01	6.5198e-01	0.723042	1
ADCYAP1R1	4	9.0034e-01	6.5198e-01	0.723042	1
USP6NL	4	9.0036e-01	6.5198e-01	0.723042	1
NKPD1	4	9.0037e-01	6.5198e-01	0.723042	1
ZBTB33	4	9.0043e-01	6.5198e-01	0.723042	1
HGF	4	9.0046e-01	6.5198e-01	0.723042	1
RRAGB	4	9.0050e-01	6.5198e-01	0.723042	1
TTC16	4	9.0051e-01	6.5198e-01	0.723042	1
PTGDR	4	9.0073e-01	6.5198e-01	0.723042	1
MARCHF10	4	9.0084e-01	6.5198e-01	0.723042	1
GNA12	4	9.0096e-01	6.5198e-01	0.723042	1
RNF7	4	9.0109e-01	6.5198e-01	0.723042	1
DCAF8L2	4	9.0127e-01	6.5198e-01	0.723042	1
KLK5	4	9.0132e-01	6.5198e-01	0.723042	1
PDHX	4	9.0141e-01	6.5198e-01	0.723042	1
MTMR8	4	9.0148e-01	6.5198e-01	0.723042	1
TBC1D24	4	9.0151e-01	6.5198e-01	0.723042	1
NHSL1	4	9.0152e-01	6.5198e-01	0.723042	1
ZNF600	4	9.0159e-01	6.5198e-01	0.723042	1
FBRS	4	9.0162e-01	6.5198e-01	0.723042	1
RNF113B	4	9.0167e-01	6.5198e-01	0.723042	1
HNF4G	4	9.0182e-01	6.5198e-01	0.723042	1
NTNG1	4	9.0187e-01	6.5198e-01	0.723042	1
TRIM41	4	9.0189e-01	6.5198e-01	0.723042	1
CBY3	4	9.0190e-01	6.5198e-01	0.723042	1
SLCO5A1	4	9.0191e-01	6.5198e-01	0.723042	1
MRPL14	4	9.0200e-01	6.5198e-01	0.723042	1
DEFB112	4	9.0201e-01	6.5198e-01	0.723042	1
WIBG	4	9.0206e-01	6.5198e-01	0.723042	1
CUL9	4	9.0207e-01	6.5198e-01	0.723042	1
FAM184B	4	9.0213e-01	6.5198e-01	0.723042	1
P2RY2	4	9.0220e-01	6.5198e-01	0.723042	1
SUN5	4	9.0223e-01	6.5198e-01	0.723042	1
NLGN2	4	9.0231e-01	6.5198e-01	0.723042	1
FH	4	9.0239e-01	6.5198e-01	0.723042	1
TRAT1	4	9.0248e-01	6.5198e-01	0.723042	1
OR10AG1	4	9.0254e-01	6.5198e-01	0.723042	1
NT5M	4	9.0257e-01	6.5198e-01	0.723042	1
C11orf40	4	9.0268e-01	6.5198e-01	0.723042	1
CCDC125	4	9.0275e-01	6.5198e-01	0.723042	1
SV2C	4	9.0279e-01	6.5198e-01	0.723042	1
SLC35F5	4	9.0288e-01	6.5198e-01	0.723042	1
GALT	4	9.0290e-01	6.5198e-01	0.723042	1
PLXDC2	4	9.0292e-01	6.5198e-01	0.723042	1
ZSCAN4	4	9.0292e-01	6.5198e-01	0.723042	1
ABHD6	4	9.0296e-01	6.5198e-01	0.723042	1
ADAM22	4	9.0303e-01	6.5198e-01	0.723042	1
ZNF565	4	9.0314e-01	6.5198e-01	0.723042	1
SLMO1	4	9.0314e-01	6.5198e-01	0.723042	1
ZNF750	4	9.0316e-01	6.5198e-01	0.723042	1
BRI3BP	4	9.0320e-01	6.5198e-01	0.723042	1
ZSCAN32	4	9.0326e-01	6.5198e-01	0.723042	1
RASGRP1	4	9.0335e-01	6.5198e-01	0.723042	1
TAPT1	4	9.0344e-01	6.5198e-01	0.723042	1
CFD	4	9.0349e-01	6.5198e-01	0.723042	1
C12orf80	4	9.0353e-01	6.5198e-01	0.723042	1
KRT33B	4	9.0364e-01	6.5198e-01	0.723042	1
ERBB2	4	9.0374e-01	6.5198e-01	0.723042	1
HLCS	4	9.0379e-01	6.5198e-01	0.723042	1
ZNF416	4	9.0386e-01	6.5198e-01	0.723042	1
GAGE12I	4	9.0390e-01	6.5198e-01	0.723042	1
CHKA	4	9.0390e-01	6.5198e-01	0.723042	1
C3orf70	4	9.0396e-01	6.5198e-01	0.723042	1
COA4	4	9.0397e-01	6.5198e-01	0.723042	1
KCTD1	4	9.0398e-01	6.5198e-01	0.723042	1
AMBP	4	9.0414e-01	6.5198e-01	0.723042	1
HSPB2	4	9.0419e-01	6.5198e-01	0.723042	1
ADORA3	4	9.0420e-01	6.5198e-01	0.723042	1
LPO	4	9.0426e-01	6.5198e-01	0.723042	1
TMEM108	4	9.0441e-01	6.5198e-01	0.723042	1
LSAMP	4	9.0445e-01	6.5198e-01	0.723042	1
ZNF837	4	9.0450e-01	6.5198e-01	0.723042	1
CLEC2D	4	9.0467e-01	6.5198e-01	0.723042	1
ERLIN1	4	9.0476e-01	6.5198e-01	0.723042	1
KCNB1	4	9.0489e-01	6.5198e-01	0.723042	1
MS4A10	4	9.0494e-01	6.5198e-01	0.723042	1
PCDHGC4	4	9.0500e-01	6.5198e-01	0.723042	1
SNX6	4	9.0508e-01	6.5198e-01	0.723042	1
PKIB	4	9.0513e-01	6.5198e-01	0.723042	1
CCDC85A	4	9.0527e-01	6.5198e-01	0.723042	1
TMPRSS11F	4	9.0543e-01	6.5198e-01	0.723042	1
BPIFB3	4	9.0546e-01	6.5198e-01	0.723042	1
LEMD1	4	9.0561e-01	6.5198e-01	0.723042	1
LRRC37B	4	9.0562e-01	6.5198e-01	0.723042	1
IGSF22	4	9.0575e-01	6.5198e-01	0.723042	1
FAM166A	4	9.0584e-01	6.5198e-01	0.723042	1
SELENBP1	4	9.0587e-01	6.5198e-01	0.723042	1
MISP	4	9.0589e-01	6.5198e-01	0.723042	1
KCNQ4	4	9.0594e-01	6.5198e-01	0.723042	1
SMPDL3B	4	9.0602e-01	6.5198e-01	0.723042	1
ZNF8	4	9.0613e-01	6.5198e-01	0.723042	1
PPME1	4	9.0619e-01	6.5198e-01	0.723042	1
ZDHHC9	4	9.0626e-01	6.5198e-01	0.723042	1
ZBTB44	4	9.0630e-01	6.5198e-01	0.723042	1
CA8	4	9.0637e-01	6.5198e-01	0.723042	1
ZNF670	3	9.0637e-01	6.9041e-01	0.753745	0
ELOVL3	4	9.0640e-01	6.5198e-01	0.723042	1
METTL22	4	9.0642e-01	6.5198e-01	0.723042	1
NUSAP1	4	9.0651e-01	6.5198e-01	0.723042	1
VIPR1	4	9.0654e-01	6.5198e-01	0.723042	1
KISS1R	4	9.0656e-01	6.5198e-01	0.723042	1
EZH2	4	9.0670e-01	6.5198e-01	0.723042	1
GPR171	4	9.0674e-01	6.5198e-01	0.723042	1
OR7A10	4	9.0675e-01	6.5198e-01	0.723042	1
ARMC6	4	9.0677e-01	6.5198e-01	0.723042	1
G0S2	4	9.0680e-01	6.5198e-01	0.723042	1
SP140	4	9.0687e-01	6.5198e-01	0.723042	1
RHBDL1	4	9.0702e-01	6.5198e-01	0.723042	1
SIK3	4	9.0704e-01	6.5198e-01	0.723042	1
FSCN3	4	9.0706e-01	6.5198e-01	0.723042	1
MAP3K11	4	9.0714e-01	6.5198e-01	0.723042	1
METTL11B	4	9.0720e-01	6.5198e-01	0.723042	1
CACNA2D4	4	9.0731e-01	6.5198e-01	0.723042	1
PIK3R3	4	9.0738e-01	6.5198e-01	0.723042	1
EIF3K	4	9.0756e-01	6.5198e-01	0.723042	1
COX8A	4	9.0757e-01	6.5198e-01	0.723042	1
SLCO1B3	4	9.0758e-01	6.5198e-01	0.723042	1
MMP19	4	9.0770e-01	6.5198e-01	0.723042	1
PATE3	4	9.0781e-01	6.5198e-01	0.723042	1
MMRN1	4	9.0782e-01	6.5198e-01	0.723042	1
MEIS2	4	9.0789e-01	6.5198e-01	0.723042	1
TMEM65	4	9.0802e-01	6.5198e-01	0.723042	1
ZP2	4	9.0803e-01	6.5198e-01	0.723042	1
PANX3	4	9.0806e-01	6.5198e-01	0.723042	1
ZNF443	4	9.0809e-01	6.5198e-01	0.723042	1
HHIPL1	4	9.0815e-01	6.5198e-01	0.723042	1
SLC29A1	4	9.0825e-01	6.5198e-01	0.723042	1
RASGRP4	4	9.0829e-01	6.5198e-01	0.723042	1
CDKN3	4	9.0836e-01	6.5198e-01	0.723042	1
ATP13A5	4	9.0842e-01	6.5198e-01	0.723042	1
KCNJ18	4	9.0842e-01	6.5198e-01	0.723042	1
UBE2D1	4	9.0844e-01	6.5198e-01	0.723042	1
CEP83	4	9.0845e-01	6.5198e-01	0.723042	1
SQSTM1	4	9.0858e-01	6.5198e-01	0.723042	1
NFXL1	4	9.0863e-01	6.5198e-01	0.723042	1
HMSD	4	9.0865e-01	6.5198e-01	0.723042	1
ZNF878	4	9.0871e-01	6.5198e-01	0.723042	1
PALM3	4	9.0892e-01	6.5198e-01	0.723042	1
CDKL2	4	9.0898e-01	6.5198e-01	0.723042	1
ZNF519	4	9.0900e-01	6.5198e-01	0.723042	1
TEP1	4	9.0902e-01	6.5198e-01	0.723042	1
FAM47E	4	9.0904e-01	6.5198e-01	0.723042	1
TMTC2	4	9.0907e-01	6.5198e-01	0.723042	1
SCN4A	4	9.0908e-01	6.5198e-01	0.723042	1
RNF17	4	9.0916e-01	6.5198e-01	0.723042	1
PIGN	4	9.0918e-01	6.5198e-01	0.723042	1
COMMD7	4	9.0935e-01	6.5198e-01	0.723042	1
AKAP13	4	9.0935e-01	6.5198e-01	0.723042	1
COX4I2	4	9.0942e-01	6.5198e-01	0.723042	1
ARPC5L	4	9.0944e-01	6.5198e-01	0.723042	1
GORASP2	4	9.0945e-01	6.5198e-01	0.723042	1
WDR86	4	9.0951e-01	6.5198e-01	0.723042	1
DDX31	4	9.0951e-01	6.5198e-01	0.723042	1
MLKL	4	9.0963e-01	6.5198e-01	0.723042	1
GRIN2A	4	9.0964e-01	6.5198e-01	0.723042	1
RIMS1	4	9.0966e-01	6.5198e-01	0.723042	1
PRSS35	4	9.0968e-01	6.5198e-01	0.723042	1
KCNA1	4	9.0971e-01	6.5198e-01	0.723042	1
ZYX	4	9.0973e-01	6.5198e-01	0.723042	1
APBB1IP	4	9.0978e-01	6.5198e-01	0.723042	1
TMEM105	4	9.0980e-01	6.5198e-01	0.723042	1
FAM153A	4	9.0984e-01	6.5198e-01	0.723042	1
SOX17	4	9.0996e-01	6.5198e-01	0.723042	1
ZC3H12A	4	9.1009e-01	6.5198e-01	0.723042	1
C9orf43	4	9.1011e-01	6.5198e-01	0.723042	1
TRIM60	4	9.1012e-01	6.5198e-01	0.723042	1
SEZ6L2	4	9.1013e-01	6.5198e-01	0.723042	1
OR13J1	4	9.1017e-01	6.5198e-01	0.723042	1
SUSD1	4	9.1017e-01	6.5198e-01	0.723042	1
FMN2	4	9.1019e-01	6.5198e-01	0.723042	1
FADS6	4	9.1024e-01	6.5198e-01	0.723042	1
FAM207A	4	9.1034e-01	6.5198e-01	0.723042	1
ZCCHC5	4	9.1038e-01	6.5198e-01	0.723042	1
NTPCR	4	9.1041e-01	6.5198e-01	0.723042	1
ABHD16B	4	9.1045e-01	6.5198e-01	0.723042	1
C12orf29	4	9.1045e-01	6.5198e-01	0.723042	1
HIGD2A	4	9.1068e-01	6.5198e-01	0.723042	1
AKAP5	4	9.1078e-01	6.5198e-01	0.723042	1
UNC93B1	4	9.1086e-01	6.5198e-01	0.723042	1
SPATA31D3	4	9.1094e-01	6.5198e-01	0.723042	1
GZMA	4	9.1104e-01	6.5198e-01	0.723042	1
NCKIPSD	4	9.1106e-01	6.5198e-01	0.723042	1
RGMB	4	9.1108e-01	6.5198e-01	0.723042	1
PTCHD4	4	9.1124e-01	6.5198e-01	0.723042	1
C1orf198	4	9.1129e-01	6.5198e-01	0.723042	1
MAMSTR	4	9.1139e-01	6.5198e-01	0.723042	1
SSNA1	4	9.1141e-01	6.5198e-01	0.723042	1
CAPN7	4	9.1151e-01	6.5198e-01	0.723042	1
FAM160A2	4	9.1159e-01	6.5198e-01	0.723042	1
BSX	4	9.1173e-01	6.5198e-01	0.723042	1
RELL1	4	9.1192e-01	6.5198e-01	0.723042	1
RING1	4	9.1193e-01	6.5198e-01	0.723042	1
ALDH5A1	4	9.1195e-01	6.5198e-01	0.723042	1
CD101	4	9.1199e-01	6.5198e-01	0.723042	1
STATH	4	9.1200e-01	6.5198e-01	0.723042	1
TEX35	4	9.1208e-01	6.5198e-01	0.723042	1
C6orf10	4	9.1212e-01	6.5198e-01	0.723042	1
ZNF430	4	9.1214e-01	6.5198e-01	0.723042	1
ARHGAP35	4	9.1220e-01	6.5198e-01	0.723042	1
MYL2	4	9.1222e-01	6.5198e-01	0.723042	1
PAH	4	9.1229e-01	6.5198e-01	0.723042	1
NGF	4	9.1231e-01	6.5198e-01	0.723042	1
ARID3C	4	9.1234e-01	6.5198e-01	0.723042	1
PPP1R15A	4	9.1242e-01	6.5198e-01	0.723042	1
ATG2B	4	9.1253e-01	6.5198e-01	0.723042	1
AP1AR	4	9.1257e-01	6.5198e-01	0.723042	1
SLC46A3	4	9.1261e-01	6.5198e-01	0.723042	1
MTHFD1L	4	9.1264e-01	6.5198e-01	0.723042	1
DNAJC10	4	9.1266e-01	6.5198e-01	0.723042	1
CGA	4	9.1271e-01	6.5379e-01	0.723042	1
DYDC1	4	9.1284e-01	6.5379e-01	0.723042	1
KCNJ14	4	9.1304e-01	6.5379e-01	0.723042	1
CNNM3	4	9.1306e-01	6.5379e-01	0.723042	1
MAPK1	4	9.1316e-01	6.5379e-01	0.723042	1
PSORS1C2	4	9.1323e-01	6.5379e-01	0.723042	1
GAGE10	4	9.1325e-01	6.5379e-01	0.723042	1
TPSG1	4	9.1326e-01	6.5379e-01	0.723042	1
TBC1D7	4	9.1328e-01	6.5379e-01	0.723042	1
ACP2	4	9.1331e-01	6.5379e-01	0.723042	1
VTN	4	9.1334e-01	6.5379e-01	0.723042	1
TTLL12	4	9.1341e-01	6.5379e-01	0.723042	1
PRR11	4	9.1342e-01	6.5379e-01	0.723042	1
TMEM109	4	9.1346e-01	6.5379e-01	0.723042	1
DGKB	4	9.1350e-01	6.5379e-01	0.723042	1
NNMT	4	9.1352e-01	6.5379e-01	0.723042	1
CCDC81	4	9.1364e-01	6.5379e-01	0.723042	1
CACNG3	4	9.1373e-01	6.5379e-01	0.723042	1
RILPL1	4	9.1378e-01	6.5379e-01	0.723042	1
TMEM180	4	9.1384e-01	6.5379e-01	0.723042	1
INA	4	9.1390e-01	6.5379e-01	0.723042	1
RIPPLY3	4	9.1391e-01	6.5379e-01	0.723042	1
ZNF112	4	9.1393e-01	6.5379e-01	0.723042	1
TFEB	4	9.1394e-01	6.5379e-01	0.723042	1
SHBG	4	9.1403e-01	6.5379e-01	0.723042	1
KDM2B	4	9.1404e-01	6.5379e-01	0.723042	1
SLC25A52	4	9.1406e-01	6.5379e-01	0.723042	1
LONRF2	4	9.1416e-01	6.5379e-01	0.723042	1
OR10C1	4	9.1430e-01	6.5379e-01	0.723042	1
ESYT2	4	9.1434e-01	6.5379e-01	0.723042	1
GPR65	4	9.1436e-01	6.5379e-01	0.723042	1
KIAA1586	4	9.1438e-01	6.5379e-01	0.723042	1
C11orf31	4	9.1445e-01	6.5379e-01	0.723042	1
LAMB4	4	9.1448e-01	6.5379e-01	0.723042	1
BAG4	4	9.1448e-01	6.5379e-01	0.723042	1
CSN1S1	4	9.1453e-01	6.5379e-01	0.723042	1
NR6A1	4	9.1455e-01	6.5379e-01	0.723042	1
HHIPL2	4	9.1463e-01	6.5379e-01	0.723042	1
USP38	3	9.1496e-01	7.3268e-01	0.792517	0
SRGAP2	4	9.1499e-01	6.5379e-01	0.723042	1
ERI2	4	9.1504e-01	6.5379e-01	0.723042	1
FAM46A	4	9.1509e-01	6.5379e-01	0.723042	1
CLCA1	4	9.1513e-01	6.5379e-01	0.723042	1
CNOT6	4	9.1518e-01	6.5379e-01	0.723042	1
LTA4H	4	9.1532e-01	6.5379e-01	0.723042	1
ARNTL2	4	9.1533e-01	6.5379e-01	0.723042	1
BOC	4	9.1537e-01	6.5379e-01	0.723042	1
MAPK8IP2	4	9.1545e-01	6.5379e-01	0.723042	1
PPP5C	4	9.1545e-01	6.5379e-01	0.723042	1
LPGAT1	4	9.1552e-01	6.5379e-01	0.723042	1
TMEM208	4	9.1555e-01	6.5379e-01	0.723042	1
PPP1R1A	4	9.1568e-01	6.5379e-01	0.723042	1
ENOX2	4	9.1574e-01	6.5379e-01	0.723042	1
GSE1	4	9.1583e-01	6.5379e-01	0.723042	1
SH2D3C	4	9.1588e-01	6.5379e-01	0.723042	1
FGFBP2	4	9.1606e-01	6.5379e-01	0.723042	1
SLC1A1	4	9.1613e-01	6.5379e-01	0.723042	1
CPLX2	4	9.1636e-01	6.5379e-01	0.723042	1
CRYGN	4	9.1644e-01	6.5379e-01	0.723042	1
MAGEF1	4	9.1648e-01	6.5379e-01	0.723042	1
ZNF428	4	9.1653e-01	6.5379e-01	0.723042	1
DYSF	4	9.1655e-01	6.5379e-01	0.723042	1
MICB	4	9.1657e-01	6.5379e-01	0.723042	1
DGKE	4	9.1661e-01	6.5379e-01	0.723042	1
DHCR7	4	9.1674e-01	6.5379e-01	0.723042	1
GPR6	4	9.1676e-01	6.5379e-01	0.723042	1
ASTL	4	9.1681e-01	6.5379e-01	0.723042	1
DRC7	4	9.1691e-01	6.5379e-01	0.723042	1
ZNF22	4	9.1704e-01	6.5379e-01	0.723042	1
ZNF284	4	9.1705e-01	6.5379e-01	0.723042	1
SNCAIP	4	9.1713e-01	6.5559e-01	0.723042	1
TGFBRAP1	4	9.1722e-01	6.5559e-01	0.723042	1
FGF6	4	9.1728e-01	6.5559e-01	0.723042	1
C1orf137	4	9.1729e-01	6.5559e-01	0.723042	1
SLC35F6	4	9.1734e-01	6.5559e-01	0.723042	1
PKDCC	4	9.1739e-01	6.5559e-01	0.723042	1
CAMKMT	4	9.1749e-01	6.5559e-01	0.723042	1
C9orf171	4	9.1751e-01	6.5559e-01	0.723042	1
ASIP	4	9.1756e-01	6.5559e-01	0.723042	1
PNMAL1	4	9.1758e-01	6.5559e-01	0.723042	1
LLGL2	4	9.1760e-01	6.5559e-01	0.723042	1
MYL10	4	9.1765e-01	6.5559e-01	0.723042	1
C19orf67	4	9.1769e-01	6.5559e-01	0.723042	1
ZDHHC11	4	9.1770e-01	6.5559e-01	0.723042	1
MMP7	4	9.1774e-01	6.5559e-01	0.723042	1
SMIM10L1	4	9.1776e-01	6.5559e-01	0.723042	1
FRMD3	4	9.1784e-01	6.5559e-01	0.723042	1
KIFC3	4	9.1785e-01	6.5559e-01	0.723042	1
ZRANB2	4	9.1807e-01	6.5559e-01	0.723042	1
ST8SIA4	4	9.1818e-01	6.5559e-01	0.723042	1
OR10S1	4	9.1821e-01	6.5559e-01	0.723042	1
SPG20	4	9.1830e-01	6.5559e-01	0.723042	1
WIZ	4	9.1837e-01	6.5559e-01	0.723042	1
SDHC	4	9.1845e-01	6.5559e-01	0.723042	1
REEP1	4	9.1848e-01	6.5559e-01	0.723042	1
PFKFB4	4	9.1849e-01	6.5559e-01	0.723042	1
RSBN1L	4	9.1851e-01	6.5559e-01	0.723042	1
INTS10	4	9.1856e-01	6.5559e-01	0.723042	1
TMEM132B	4	9.1858e-01	6.5559e-01	0.723042	1
CASP7	4	9.1864e-01	6.5559e-01	0.723042	1
RHOD	4	9.1871e-01	6.5559e-01	0.723042	1
PECR	4	9.1878e-01	6.5559e-01	0.723042	1
TRIM51	4	9.1889e-01	6.5559e-01	0.723042	1
C14orf142	4	9.1893e-01	6.5559e-01	0.723042	1
ADGB	4	9.1903e-01	6.5559e-01	0.723042	1
SQLE	4	9.1909e-01	6.5559e-01	0.723042	1
IGHMBP2	4	9.1925e-01	6.5559e-01	0.723042	1
FAM181B	4	9.1943e-01	6.5559e-01	0.723042	1
CCDC178	4	9.1948e-01	6.5559e-01	0.723042	1
OR6C1	4	9.1955e-01	6.5559e-01	0.723042	1
ACVRL1	4	9.1957e-01	6.5559e-01	0.723042	1
B4GALT1	4	9.1959e-01	6.5559e-01	0.723042	1
TRIM38	4	9.1966e-01	6.5559e-01	0.723042	1
C8orf82	4	9.1972e-01	6.5559e-01	0.723042	1
CLEC4A	4	9.1975e-01	6.5559e-01	0.723042	1
CTSD	4	9.1980e-01	6.5559e-01	0.723042	1
RFX7	4	9.1982e-01	6.5559e-01	0.723042	1
STRN	4	9.1987e-01	6.5559e-01	0.723042	1
FAM160A1	4	9.1990e-01	6.5559e-01	0.723042	1
SGCE	4	9.2005e-01	6.5559e-01	0.723042	1
ARHGEF1	4	9.2012e-01	6.5559e-01	0.723042	1
RRNAD1	4	9.2015e-01	6.5559e-01	0.723042	1
CYP3A43	4	9.2017e-01	6.5559e-01	0.723042	1
C15orf54	4	9.2027e-01	6.5559e-01	0.723042	1
ZNF440	4	9.2060e-01	6.5559e-01	0.723042	1
UBQLN1	4	9.2062e-01	6.5559e-01	0.723042	1
RBMXL2	4	9.2065e-01	6.5559e-01	0.723042	1
RBFOX1	4	9.2096e-01	6.5559e-01	0.723042	1
MOSPD2	4	9.2097e-01	6.5559e-01	0.723042	1
EPS8	4	9.2117e-01	6.5559e-01	0.723042	1
PEX10	4	9.2123e-01	6.5559e-01	0.723042	1
SLC46A1	4	9.2132e-01	6.5559e-01	0.723042	1
TMEM80	4	9.2134e-01	6.5559e-01	0.723042	1
JPH1	4	9.2141e-01	6.5559e-01	0.723042	1
GCA	4	9.2148e-01	6.5559e-01	0.723042	1
CDK15	4	9.2150e-01	6.5559e-01	0.723042	1
BCR	4	9.2152e-01	6.5559e-01	0.723042	1
HIGD1A	4	9.2158e-01	6.5559e-01	0.723042	1
SAP25	4	9.2160e-01	6.5559e-01	0.723042	1
FUS	4	9.2164e-01	6.5559e-01	0.723042	1
SPEG	4	9.2178e-01	6.5559e-01	0.723042	1
ASIC3	4	9.2181e-01	6.5559e-01	0.723042	1
SAPCD2	4	9.2184e-01	6.5559e-01	0.723042	1
CHN2	4	9.2184e-01	6.5559e-01	0.723042	1
CDSN	4	9.2188e-01	6.5559e-01	0.723042	1
RNF121	4	9.2197e-01	6.5559e-01	0.723042	1
RNF5	4	9.2197e-01	6.5559e-01	0.723042	1
LMAN1	4	9.2200e-01	6.5559e-01	0.723042	1
CFAP43	4	9.2201e-01	6.5559e-01	0.723042	1
MAP3K9	4	9.2211e-01	6.5559e-01	0.723042	1
OTOF	4	9.2218e-01	6.5559e-01	0.723042	1
FOXC2	4	9.2220e-01	6.5559e-01	0.723042	1
COX7A2L	4	9.2230e-01	6.5559e-01	0.723042	1
RASD2	4	9.2234e-01	6.5559e-01	0.723042	1
SLC6A3	4	9.2237e-01	6.5559e-01	0.723042	1
PPP1R13L	4	9.2251e-01	6.5559e-01	0.723042	1
ZNF181	4	9.2268e-01	6.5559e-01	0.723042	1
CCR1	4	9.2269e-01	6.5559e-01	0.723042	1
LRRC61	4	9.2269e-01	6.5559e-01	0.723042	1
CIPC	4	9.2285e-01	6.5559e-01	0.723042	1
KIF26B	4	9.2301e-01	6.5559e-01	0.723042	1
WIPF3	4	9.2313e-01	6.5559e-01	0.723042	1
TOM1	4	9.2314e-01	6.5559e-01	0.723042	1
TMEM155	4	9.2330e-01	6.5559e-01	0.723042	1
VASN	4	9.2333e-01	6.5559e-01	0.723042	1
AGBL3	4	9.2333e-01	6.5559e-01	0.723042	1
NEU1	4	9.2334e-01	6.5559e-01	0.723042	1
PHYHD1	4	9.2343e-01	6.5559e-01	0.723042	1
SUZ12	4	9.2346e-01	6.5559e-01	0.723042	1
MDH2	4	9.2347e-01	6.5559e-01	0.723042	1
TAGLN	4	9.2348e-01	6.5559e-01	0.723042	1
IL6	4	9.2352e-01	6.5559e-01	0.723042	1
GUCY1A2	4	9.2359e-01	6.5559e-01	0.723042	1
FIGF	4	9.2362e-01	6.5559e-01	0.723042	1
L3MBTL3	4	9.2364e-01	6.5559e-01	0.723042	1
ANXA2R	3	9.2365e-01	7.6972e-01	0.824863	0
IDH3G	4	9.2367e-01	6.5559e-01	0.723042	1
IFNA1	4	9.2374e-01	6.5559e-01	0.723042	1
PYDC1	4	9.2376e-01	6.5559e-01	0.723042	1
HHATL	4	9.2376e-01	6.5559e-01	0.723042	1
GJA10	4	9.2383e-01	6.5559e-01	0.723042	1
IFNA4	4	9.2388e-01	6.5559e-01	0.723042	1
UNC5D	4	9.2389e-01	6.5559e-01	0.723042	1
PITPNM1	4	9.2398e-01	6.5559e-01	0.723042	1
KLHDC1	4	9.2408e-01	6.5559e-01	0.723042	1
GJC2	4	9.2414e-01	6.5559e-01	0.723042	1
OMP	4	9.2416e-01	6.5559e-01	0.723042	1
CNTN2	4	9.2417e-01	6.5559e-01	0.723042	1
GJA3	4	9.2418e-01	6.5559e-01	0.723042	1
MGAT4B	4	9.2430e-01	6.5559e-01	0.723042	1
FCGR3A	4	9.2433e-01	6.5559e-01	0.723042	1
OR10A2	4	9.2438e-01	6.5559e-01	0.723042	1
CDH19	4	9.2448e-01	6.5559e-01	0.723042	1
ASB13	4	9.2450e-01	6.5559e-01	0.723042	1
DEFB114	4	9.2456e-01	6.5559e-01	0.723042	1
HLA-A	4	9.2459e-01	6.5559e-01	0.723042	1
TMEM30B	4	9.2461e-01	6.5559e-01	0.723042	1
CEP70	4	9.2470e-01	6.5559e-01	0.723042	1
ZNF324B	4	9.2474e-01	6.5559e-01	0.723042	1
CD52	4	9.2504e-01	6.5559e-01	0.723042	1
FZD7	4	9.2506e-01	6.5559e-01	0.723042	1
GFRAL	4	9.2507e-01	6.5559e-01	0.723042	1
SP7	4	9.2514e-01	6.5559e-01	0.723042	1
WDR49	4	9.2516e-01	6.5559e-01	0.723042	1
RAB3B	4	9.2521e-01	6.5559e-01	0.723042	1
SFMBT1	3	9.2524e-01	7.7636e-01	0.830950	0
SOX4	4	9.2531e-01	6.5559e-01	0.723042	1
LIPT2	4	9.2533e-01	6.5559e-01	0.723042	1
CDK10	4	9.2538e-01	6.5559e-01	0.723042	1
HS3ST2	4	9.2540e-01	6.5559e-01	0.723042	1
C4B	4	9.2542e-01	6.5559e-01	0.723042	1
C20orf194	4	9.2546e-01	6.5559e-01	0.723042	1
COL6A6	4	9.2547e-01	6.5559e-01	0.723042	1
TMPRSS15	4	9.2549e-01	6.5559e-01	0.723042	1
KLK7	4	9.2560e-01	6.5559e-01	0.723042	1
NCOA1	4	9.2576e-01	6.5559e-01	0.723042	1
TRPM4	4	9.2582e-01	6.5559e-01	0.723042	1
ZNF740	4	9.2583e-01	6.5559e-01	0.723042	1
PHKA2	4	9.2588e-01	6.5559e-01	0.723042	1
TCF3	4	9.2589e-01	6.5559e-01	0.723042	1
HOXC13	4	9.2596e-01	6.5559e-01	0.723042	1
RCOR2	4	9.2596e-01	6.5559e-01	0.723042	1
SDHAF3	4	9.2598e-01	6.5559e-01	0.723042	1
NF2	4	9.2602e-01	6.5559e-01	0.723042	1
TMTC1	4	9.2604e-01	6.5559e-01	0.723042	1
BIVM	4	9.2611e-01	6.5559e-01	0.723042	1
CD1A	4	9.2615e-01	6.5559e-01	0.723042	1
PDIA6	4	9.2616e-01	6.5559e-01	0.723042	1
C6orf7	4	9.2618e-01	6.5559e-01	0.723042	1
TMEM255B	4	9.2622e-01	6.5559e-01	0.723042	1
ZNF705E	4	9.2623e-01	6.5559e-01	0.723042	1
ZNF24	4	9.2624e-01	6.5559e-01	0.723042	1
ASCL1	4	9.2625e-01	6.5559e-01	0.723042	1
ALAD	4	9.2626e-01	6.5559e-01	0.723042	1
ZNF589	4	9.2642e-01	6.5559e-01	0.723042	1
ACP6	4	9.2648e-01	6.5559e-01	0.723042	1
CPNE5	4	9.2657e-01	6.5559e-01	0.723042	1
RTN3	4	9.2660e-01	6.5559e-01	0.723042	1
KIF1C	4	9.2661e-01	6.5559e-01	0.723042	1
L3HYPDH	4	9.2674e-01	6.5559e-01	0.723042	1
RSPH1	4	9.2680e-01	6.5559e-01	0.723042	1
GNMT	4	9.2681e-01	6.5559e-01	0.723042	1
MLIP	4	9.2688e-01	6.5559e-01	0.723042	1
LILRA5	4	9.2700e-01	6.5559e-01	0.723042	1
ALDH16A1	4	9.2700e-01	6.5559e-01	0.723042	1
SORBS2	4	9.2701e-01	6.5559e-01	0.723042	1
KCNJ11	4	9.2702e-01	6.5559e-01	0.723042	1
RNF112	4	9.2711e-01	6.5559e-01	0.723042	1
TLE4	4	9.2714e-01	6.5559e-01	0.723042	1
PDK3	4	9.2719e-01	6.5559e-01	0.723042	1
ALDH1L2	4	9.2723e-01	6.5559e-01	0.723042	1
KIAA1211	4	9.2725e-01	6.5559e-01	0.723042	1
DSC1	4	9.2727e-01	6.5559e-01	0.723042	1
C12orf66	4	9.2728e-01	6.5559e-01	0.723042	1
SNAP91	4	9.2729e-01	6.5559e-01	0.723042	1
NIPAL4	4	9.2731e-01	6.5559e-01	0.723042	1
OR2L3	4	9.2733e-01	6.5559e-01	0.723042	1
CD38	4	9.2739e-01	6.5559e-01	0.723042	1
TCTN1	4	9.2741e-01	6.5559e-01	0.723042	1
VWC2L	4	9.2747e-01	6.5559e-01	0.723042	1
TMEM136	4	9.2750e-01	6.5559e-01	0.723042	1
HRSP12	4	9.2754e-01	6.5559e-01	0.723042	1
NMNAT1	4	9.2768e-01	6.5559e-01	0.723042	1
SDHB	4	9.2770e-01	6.5559e-01	0.723042	1
MUSTN1	4	9.2772e-01	6.5559e-01	0.723042	1
AOAH	4	9.2786e-01	6.5559e-01	0.723042	1
PLXNB3	4	9.2794e-01	6.5559e-01	0.723042	1
ZNF337	4	9.2798e-01	6.5559e-01	0.723042	1
ORAI1	4	9.2807e-01	6.5559e-01	0.723042	1
TRPC7	4	9.2809e-01	6.5559e-01	0.723042	1
C9orf41	4	9.2811e-01	6.5559e-01	0.723042	1
TMEM110	4	9.2813e-01	6.5559e-01	0.723042	1
ERCC8	4	9.2814e-01	6.5559e-01	0.723042	1
OVCA2	4	9.2815e-01	6.5559e-01	0.723042	1
SLITRK4	4	9.2818e-01	6.5559e-01	0.723042	1
PGLYRP1	4	9.2820e-01	6.5559e-01	0.723042	1
LOC149373	4	9.2828e-01	6.5559e-01	0.723042	1
ANP32D	4	9.2829e-01	6.5559e-01	0.723042	1
DCDC1	4	9.2830e-01	6.5559e-01	0.723042	1
RASAL1	4	9.2834e-01	6.5559e-01	0.723042	1
DLG4	4	9.2835e-01	6.5559e-01	0.723042	1
GPR35	4	9.2838e-01	6.5559e-01	0.723042	1
OR1L4	4	9.2840e-01	6.5559e-01	0.723042	1
HM13	4	9.2842e-01	6.5559e-01	0.723042	1
GPR174	4	9.2846e-01	6.5559e-01	0.723042	1
KRTAP27-1	4	9.2850e-01	6.5559e-01	0.723042	1
PLS3	4	9.2855e-01	6.5559e-01	0.723042	1
SLC39A2	4	9.2860e-01	6.5559e-01	0.723042	1
ZNF668	4	9.2865e-01	6.5559e-01	0.723042	1
AOX1	4	9.2867e-01	6.5559e-01	0.723042	1
ICK	4	9.2884e-01	6.5559e-01	0.723042	1
SLC15A3	4	9.2885e-01	6.5559e-01	0.723042	1
FOXE1	4	9.2887e-01	6.5559e-01	0.723042	1
XKR5	4	9.2890e-01	6.5559e-01	0.723042	1
KIAA1598	4	9.2896e-01	6.5559e-01	0.723042	1
FBXO3	4	9.2900e-01	6.5559e-01	0.723042	1
CATSPERD	4	9.2912e-01	6.5559e-01	0.723042	1
HS3ST4	4	9.2924e-01	6.5559e-01	0.723042	1
QPCTL	4	9.2927e-01	6.5559e-01	0.723042	1
SVOPL	4	9.2937e-01	6.5559e-01	0.723042	1
PCDHB10	4	9.2942e-01	6.5559e-01	0.723042	1
ZNF609	4	9.2944e-01	6.5559e-01	0.723042	1
CEND1	4	9.2944e-01	6.5559e-01	0.723042	1
HVCN1	4	9.2946e-01	6.5559e-01	0.723042	1
SP100	4	9.2948e-01	6.5559e-01	0.723042	1
SGMS1	4	9.2949e-01	6.5559e-01	0.723042	1
ZKSCAN3	4	9.2953e-01	6.5559e-01	0.723042	1
NRROS	4	9.2955e-01	6.5559e-01	0.723042	1
NACAD	4	9.2956e-01	6.5559e-01	0.723042	1
MAPK13	4	9.2971e-01	6.5559e-01	0.723042	1
KIAA1407	4	9.2975e-01	6.5559e-01	0.723042	1
TMEM86B	4	9.2978e-01	6.5559e-01	0.723042	1
PGA4	4	9.2978e-01	6.5559e-01	0.723042	1
CAV1	4	9.2986e-01	6.5559e-01	0.723042	1
TTF2	4	9.2994e-01	6.5559e-01	0.723042	1
HS3ST3B1	4	9.3002e-01	6.5559e-01	0.723042	1
NADSYN1	4	9.3015e-01	6.5559e-01	0.723042	1
DTX3L	4	9.3016e-01	6.5559e-01	0.723042	1
BAHCC1	4	9.3020e-01	6.5559e-01	0.723042	1
GLG1	4	9.3023e-01	6.5559e-01	0.723042	1
FOXF1	4	9.3027e-01	6.5559e-01	0.723042	1
ASL	4	9.3028e-01	6.5559e-01	0.723042	1
NLRP6	4	9.3035e-01	6.5559e-01	0.723042	1
HSPH1	4	9.3042e-01	6.5559e-01	0.723042	1
CHRNA4	4	9.3051e-01	6.5559e-01	0.723042	1
TMTC3	4	9.3053e-01	6.5559e-01	0.723042	1
SFRP4	4	9.3054e-01	6.5559e-01	0.723042	1
TMEM119	4	9.3055e-01	6.5559e-01	0.723042	1
CRACR2B	4	9.3064e-01	6.5559e-01	0.723042	1
IFNA17	4	9.3070e-01	6.5559e-01	0.723042	1
CTTN	4	9.3071e-01	6.5559e-01	0.723042	1
FOPNL	4	9.3072e-01	6.5559e-01	0.723042	1
CT83	4	9.3074e-01	6.5559e-01	0.723042	1
CLPSL2	4	9.3077e-01	6.5559e-01	0.723042	1
OXTR	4	9.3082e-01	6.5559e-01	0.723042	1
NARF	4	9.3084e-01	6.5559e-01	0.723042	1
MAB21L2	4	9.3086e-01	6.5559e-01	0.723042	1
TMEM86A	4	9.3089e-01	6.5559e-01	0.723042	1
SDR16C5	4	9.3095e-01	6.5559e-01	0.723042	1
RASGEF1C	4	9.3097e-01	6.5559e-01	0.723042	1
KRTAP2-4	4	9.3102e-01	6.5559e-01	0.723042	1
SIGLEC15	4	9.3104e-01	6.5559e-01	0.723042	1
OSCAR	4	9.3112e-01	6.5559e-01	0.723042	1
CCDC170	4	9.3116e-01	6.5559e-01	0.723042	1
ZNRF4	3	9.3117e-01	7.9875e-01	0.850641	0
UBXN11	4	9.3124e-01	6.5559e-01	0.723042	1
ZNF517	4	9.3128e-01	6.5559e-01	0.723042	1
LCN12	4	9.3128e-01	6.5559e-01	0.723042	1
ESYT1	4	9.3129e-01	6.5559e-01	0.723042	1
SERPINH1	4	9.3131e-01	6.5559e-01	0.723042	1
SLC2A10	4	9.3139e-01	6.5559e-01	0.723042	1
CBFA2T2	4	9.3141e-01	6.5559e-01	0.723042	1
SH3GL2	4	9.3150e-01	6.5559e-01	0.723042	1
NFATC2IP	4	9.3155e-01	6.5559e-01	0.723042	1
WNT3A	4	9.3157e-01	6.5559e-01	0.723042	1
IL21	4	9.3159e-01	6.5559e-01	0.723042	1
PPP1R3D	4	9.3160e-01	6.5559e-01	0.723042	1
KIAA0226L	4	9.3164e-01	6.5559e-01	0.723042	1
RNF157	4	9.3169e-01	6.5559e-01	0.723042	1
BRD1	4	9.3170e-01	6.5559e-01	0.723042	1
PAX8	4	9.3171e-01	6.5559e-01	0.723042	1
CCDC102A	4	9.3184e-01	6.5559e-01	0.723042	1
IFI44	4	9.3186e-01	6.5559e-01	0.723042	1
RNF138	4	9.3190e-01	6.5559e-01	0.723042	1
PSG6	4	9.3195e-01	6.5559e-01	0.723042	1
CNGA1	4	9.3200e-01	6.5559e-01	0.723042	1
LRRN2	4	9.3202e-01	6.5559e-01	0.723042	1
CTIF	4	9.3203e-01	6.5559e-01	0.723042	1
CWF19L2	4	9.3205e-01	6.5559e-01	0.723042	1
TRIP6	4	9.3213e-01	6.5559e-01	0.723042	1
MC4R	4	9.3220e-01	6.5559e-01	0.723042	1
DCC	4	9.3225e-01	6.5559e-01	0.723042	1
FYB	4	9.3226e-01	6.5559e-01	0.723042	1
UPK1B	4	9.3231e-01	6.5559e-01	0.723042	1
HRASLS2	4	9.3233e-01	6.5559e-01	0.723042	1
TMPRSS9	4	9.3235e-01	6.5559e-01	0.723042	1
CDR1	4	9.3241e-01	6.5559e-01	0.723042	1
CES1	4	9.3248e-01	6.5559e-01	0.723042	1
LRRC52	4	9.3249e-01	6.5559e-01	0.723042	1
KIF21A	4	9.3254e-01	6.5559e-01	0.723042	1
ELL3	4	9.3263e-01	6.5559e-01	0.723042	1
TBX6	4	9.3264e-01	6.5559e-01	0.723042	1
KRTAP13-4	4	9.3266e-01	6.5559e-01	0.723042	1
TLX1	4	9.3268e-01	6.5559e-01	0.723042	1
GPR107	4	9.3270e-01	6.5559e-01	0.723042	1
KRTAP20-1	4	9.3271e-01	6.5559e-01	0.723042	1
BCAT1	4	9.3300e-01	6.5559e-01	0.723042	1
TSR3	4	9.3322e-01	6.5559e-01	0.723042	1
ISL1	4	9.3322e-01	6.5559e-01	0.723042	1
MYBPC3	4	9.3328e-01	6.5559e-01	0.723042	1
WNT11	4	9.3337e-01	6.5559e-01	0.723042	1
AEBP2	4	9.3342e-01	6.5559e-01	0.723042	1
SLC6A11	4	9.3353e-01	6.5559e-01	0.723042	1
RNF151	4	9.3354e-01	6.5559e-01	0.723042	1
APLNR	4	9.3356e-01	6.5559e-01	0.723042	1
APOH	4	9.3361e-01	6.5559e-01	0.723042	1
MBLAC1	4	9.3368e-01	6.5559e-01	0.723042	1
MALT1	4	9.3372e-01	6.5559e-01	0.723042	1
PARP11	4	9.3377e-01	6.5559e-01	0.723042	1
DAZL	4	9.3381e-01	6.5559e-01	0.723042	1
TGFBR1	4	9.3381e-01	6.5559e-01	0.723042	1
KLF3	3	9.3389e-01	8.0288e-01	0.855000	0
C2CD4C	4	9.3394e-01	6.5559e-01	0.723042	1
ABCF2	4	9.3402e-01	6.5559e-01	0.723042	1
SLC47A1	4	9.3402e-01	6.5559e-01	0.723042	1
PIK3R5	4	9.3404e-01	6.5559e-01	0.723042	1
MYBL2	4	9.3408e-01	6.5559e-01	0.723042	1
TMCO6	4	9.3411e-01	6.5559e-01	0.723042	1
SLC25A35	4	9.3416e-01	6.5559e-01	0.723042	1
WDR5B	4	9.3418e-01	6.5559e-01	0.723042	1
HIATL1	4	9.3420e-01	6.5559e-01	0.723042	1
AXIN1	4	9.3429e-01	6.5559e-01	0.723042	1
ADAMTS12	4	9.3434e-01	6.5559e-01	0.723042	1
NWD1	4	9.3447e-01	6.5559e-01	0.723042	1
PTPRS	4	9.3453e-01	6.5559e-01	0.723042	1
CCDC51	4	9.3457e-01	6.5559e-01	0.723042	1
CCDC89	4	9.3459e-01	6.5559e-01	0.723042	1
KLRF1	4	9.3466e-01	6.5559e-01	0.723042	1
SLC6A14	4	9.3471e-01	6.5559e-01	0.723042	1
MAP3K15	4	9.3475e-01	6.5559e-01	0.723042	1
LYPD8	4	9.3476e-01	6.5559e-01	0.723042	1
SPIB	4	9.3477e-01	6.5559e-01	0.723042	1
MYO15A	4	9.3483e-01	6.5559e-01	0.723042	1
WHSC1L1	4	9.3496e-01	6.5559e-01	0.723042	1
STARD10	4	9.3503e-01	6.5559e-01	0.723042	1
PYCARD	4	9.3504e-01	6.5559e-01	0.723042	1
COQ2	4	9.3527e-01	6.5559e-01	0.723042	1
JRKL	4	9.3527e-01	6.5559e-01	0.723042	1
SEPW1	4	9.3528e-01	6.5559e-01	0.723042	1
MTIF2	4	9.3529e-01	6.5559e-01	0.723042	1
UBR3	4	9.3532e-01	6.5559e-01	0.723042	1
KLHL42	4	9.3534e-01	6.5559e-01	0.723042	1
EEF2KMT	4	9.3536e-01	6.5559e-01	0.723042	1
DNAH17	4	9.3539e-01	6.5559e-01	0.723042	1
MARCHF3	4	9.3554e-01	6.5559e-01	0.723042	1
C9orf91	4	9.3555e-01	6.5559e-01	0.723042	1
CACNB4	4	9.3558e-01	6.5559e-01	0.723042	1
SLC22A13	4	9.3564e-01	6.5559e-01	0.723042	1
PAIP2B	4	9.3566e-01	6.5559e-01	0.723042	1
PTPRE	4	9.3579e-01	6.5559e-01	0.723042	1
KCNN3	4	9.3580e-01	6.5559e-01	0.723042	1
DNMT3A	4	9.3595e-01	6.5559e-01	0.723042	1
ZNF493	4	9.3598e-01	6.5559e-01	0.723042	1
SUPT5H	4	9.3600e-01	6.5559e-01	0.723042	1
EPN1	4	9.3609e-01	6.5559e-01	0.723042	1
NDUFC2	4	9.3618e-01	6.5559e-01	0.723042	1
MLEC	4	9.3619e-01	6.5559e-01	0.723042	1
CSPG4	4	9.3621e-01	6.5559e-01	0.723042	1
TFDP2	4	9.3621e-01	6.5559e-01	0.723042	1
KRTAP10-2	4	9.3624e-01	6.5559e-01	0.723042	1
NCCRP1	4	9.3646e-01	6.5559e-01	0.723042	1
APLN	4	9.3652e-01	6.5650e-01	0.723922	1
GDE1	4	9.3652e-01	6.5650e-01	0.723922	1
SCN3B	4	9.3652e-01	6.5650e-01	0.723922	1
TLCD2	4	9.3661e-01	6.5742e-01	0.724343	1
NGFRAP1	4	9.3661e-01	6.5742e-01	0.724343	1
SLC2A4RG	4	9.3667e-01	6.5742e-01	0.724343	1
SIRT3	4	9.3675e-01	6.5742e-01	0.724343	1
PLEKHH2	4	9.3686e-01	6.5742e-01	0.724343	1
UBXN7	4	9.3687e-01	6.5742e-01	0.724343	1
SUCLG2	4	9.3694e-01	6.5742e-01	0.724343	1
RARG	4	9.3695e-01	6.5742e-01	0.724343	1
GRP	4	9.3696e-01	6.5742e-01	0.724343	1
ESRRA	4	9.3704e-01	6.5742e-01	0.724343	1
KLK3	4	9.3707e-01	6.5742e-01	0.724343	1
LTBP2	4	9.3709e-01	6.5742e-01	0.724343	1
LRIT3	4	9.3717e-01	6.5742e-01	0.724343	1
AMER1	4	9.3718e-01	6.5742e-01	0.724343	1
CEP112	4	9.3722e-01	6.5921e-01	0.725233	1
A1BG	4	9.3722e-01	6.5921e-01	0.725233	1
LOC158434	4	9.3726e-01	6.5921e-01	0.725233	1
ARTN	4	9.3727e-01	6.5921e-01	0.725233	1
DDX58	4	9.3731e-01	6.5921e-01	0.725233	1
CX3CL1	4	9.3731e-01	6.5921e-01	0.725233	1
XKRY	4	9.3739e-01	6.5921e-01	0.725233	1
DGCR2	4	9.3739e-01	6.5921e-01	0.725233	1
GPC1	4	9.3744e-01	6.5921e-01	0.725233	1
PPP6R1	4	9.3749e-01	6.5921e-01	0.725233	1
GSTM1	4	9.3751e-01	6.5921e-01	0.725233	0
ZBTB43	4	9.3752e-01	6.5921e-01	0.725233	0
PDK1	4	9.3757e-01	6.5921e-01	0.725233	0
WFDC5	4	9.3768e-01	6.5921e-01	0.725233	0
HIST1H2BE	4	9.3774e-01	6.5921e-01	0.725233	0
SCNN1G	4	9.3778e-01	6.5921e-01	0.725233	0
NFIB	4	9.3781e-01	6.5921e-01	0.725233	0
E2F4	4	9.3781e-01	6.5921e-01	0.725233	0
OR4K13	4	9.3785e-01	6.5921e-01	0.725233	0
HDX	4	9.3786e-01	6.5921e-01	0.725233	0
TNFSF15	4	9.3790e-01	6.5921e-01	0.725233	0
RASSF3	4	9.3793e-01	6.5921e-01	0.725233	0
VSIG4	4	9.3796e-01	6.5921e-01	0.725233	0
CXCL10	4	9.3796e-01	6.5921e-01	0.725233	0
HOXC11	4	9.3804e-01	6.5921e-01	0.725233	0
MDGA1	4	9.3806e-01	6.5921e-01	0.725233	0
TMEM52B	4	9.3812e-01	6.6102e-01	0.726058	0
C12orf77	4	9.3816e-01	6.6102e-01	0.726058	0
UBAP1L	4	9.3818e-01	6.6102e-01	0.726058	0
HSD11B1	4	9.3819e-01	6.6102e-01	0.726058	0
PALB2	4	9.3822e-01	6.6102e-01	0.726058	0
WDYHV1	4	9.3826e-01	6.6102e-01	0.726058	0
ISOC2	4	9.3828e-01	6.6102e-01	0.726058	0
C1orf226	4	9.3828e-01	6.6102e-01	0.726058	0
SDK1	4	9.3832e-01	6.6102e-01	0.726058	0
KRTAP13-1	4	9.3834e-01	6.6102e-01	0.726058	0
ABHD14A	4	9.3835e-01	6.6102e-01	0.726058	0
DHRS2	4	9.3841e-01	6.6102e-01	0.726058	0
OR51E2	4	9.3844e-01	6.6102e-01	0.726058	0
S100A4	4	9.3853e-01	6.6102e-01	0.726058	0
MSH2	4	9.3860e-01	6.6102e-01	0.726058	0
RABL2B	4	9.3861e-01	6.6102e-01	0.726058	0
PPAPDC1A	4	9.3865e-01	6.6102e-01	0.726058	0
TM4SF19	4	9.3870e-01	6.6102e-01	0.726058	0
NUDT2	4	9.3871e-01	6.6102e-01	0.726058	0
PON2	4	9.3871e-01	6.6102e-01	0.726058	0
NAGK	4	9.3872e-01	6.6102e-01	0.726058	0
SERPINB10	4	9.3875e-01	6.6102e-01	0.726058	0
GPANK1	4	9.3883e-01	6.6102e-01	0.726058	0
H2BFM	4	9.3883e-01	6.6102e-01	0.726058	0
LAMC2	4	9.3887e-01	6.6102e-01	0.726058	0
KRTAP5-11	4	9.3889e-01	6.6102e-01	0.726058	0
ZCCHC24	4	9.3892e-01	6.6102e-01	0.726058	0
PSMD9	4	9.3893e-01	6.6102e-01	0.726058	0
APOE	4	9.3894e-01	6.6280e-01	0.727806	0
IL34	4	9.3897e-01	6.6280e-01	0.727806	0
PGC	4	9.3899e-01	6.6280e-01	0.727806	0
N6AMT2	4	9.3912e-01	6.6280e-01	0.727806	0
CA11	4	9.3912e-01	6.6280e-01	0.727806	0
PROP1	4	9.3914e-01	6.6457e-01	0.729371	0
GTPBP3	4	9.3914e-01	6.6457e-01	0.729371	0
HOXD12	4	9.3915e-01	6.6457e-01	0.729371	0
SLC36A3	4	9.3917e-01	6.6457e-01	0.729371	0
SLC6A13	4	9.3919e-01	6.6457e-01	0.729371	0
RBM38	4	9.3924e-01	6.6457e-01	0.729371	0
LRSAM1	4	9.3927e-01	6.6457e-01	0.729371	0
OSBP2	4	9.3928e-01	6.6457e-01	0.729371	0
SERPINA9	4	9.3932e-01	6.6457e-01	0.729371	0
MYBPHL	4	9.3947e-01	6.6633e-01	0.730921	0
NLGN4Y	4	9.3956e-01	6.6633e-01	0.730921	0
TTN	4	9.3957e-01	6.6633e-01	0.730921	0
MAN1C1	4	9.3959e-01	6.6633e-01	0.730921	0
ATP13A3	4	9.3962e-01	6.6633e-01	0.730921	0
ZAP70	4	9.3963e-01	6.6633e-01	0.730921	0
GNG7	4	9.3965e-01	6.6633e-01	0.730921	0
MANBA	4	9.3966e-01	6.6633e-01	0.730921	0
PUSL1	4	9.3968e-01	6.6633e-01	0.730921	0
THTPA	4	9.3973e-01	6.6982e-01	0.734626	0
GNG13	4	9.3974e-01	6.6982e-01	0.734626	0
COLGALT2	4	9.3975e-01	6.6982e-01	0.734626	0
LGALS14	4	9.3977e-01	6.7159e-01	0.736436	0
SLC43A1	4	9.3983e-01	6.7159e-01	0.736436	0
SPATA7	4	9.3986e-01	6.7159e-01	0.736436	0
TCF25	4	9.3993e-01	6.7335e-01	0.738112	0
CPLX4	4	9.3995e-01	6.7335e-01	0.738112	0
RBM11	4	9.3997e-01	6.7335e-01	0.738112	0
BLVRB	4	9.4006e-01	6.7335e-01	0.738112	0
CNGA2	4	9.4008e-01	6.7335e-01	0.738112	0
DUSP16	4	9.4011e-01	6.7335e-01	0.738112	0
EPHA7	4	9.4013e-01	6.7511e-01	0.739619	0
ETV2	4	9.4016e-01	6.7511e-01	0.739619	0
NUDT6	4	9.4018e-01	6.7511e-01	0.739619	0
ABTB2	4	9.4022e-01	6.7511e-01	0.739619	0
MYOT	4	9.4023e-01	6.7511e-01	0.739619	0
NEK5	4	9.4024e-01	6.7511e-01	0.739619	0
SCUBE1	4	9.4025e-01	6.7511e-01	0.739619	0
COLEC12	4	9.4026e-01	6.7511e-01	0.739619	0
PMM1	4	9.4030e-01	6.7511e-01	0.739619	0
ZNF491	4	9.4032e-01	6.7511e-01	0.739619	0
GPHN	4	9.4042e-01	6.7679e-01	0.741378	0
NEK4	4	9.4042e-01	6.7679e-01	0.741378	0
RORB	4	9.4053e-01	6.7847e-01	0.742577	0
XRRA1	4	9.4060e-01	6.7847e-01	0.742577	0
BRMS1	4	9.4069e-01	6.7847e-01	0.742577	0
ACD	4	9.4075e-01	6.7847e-01	0.742577	0
MIOX	4	9.4080e-01	6.7847e-01	0.742577	0
BLCAP	4	9.4084e-01	6.7847e-01	0.742577	0
FGF4	4	9.4091e-01	6.7847e-01	0.742577	0
PURB	4	9.4098e-01	6.7847e-01	0.742577	0
WSCD1	4	9.4103e-01	6.7847e-01	0.742577	0
CRB2	4	9.4104e-01	6.7847e-01	0.742577	0
NUCKS1	4	9.4113e-01	6.7847e-01	0.742577	0
KCTD4	4	9.4120e-01	6.7847e-01	0.742577	0
KCNC3	4	9.4122e-01	6.7847e-01	0.742577	0
RBM34	4	9.4126e-01	6.7847e-01	0.742577	0
RBM6	4	9.4142e-01	6.7847e-01	0.742577	0
ALPP	4	9.4145e-01	6.8019e-01	0.744372	0
POU4F2	4	9.4149e-01	6.8019e-01	0.744372	0
POR	4	9.4156e-01	6.8189e-01	0.746191	0
ABL1	4	9.4159e-01	6.8363e-01	0.748049	0
ZFHX4	4	9.4164e-01	6.8534e-01	0.749877	0
MIF	4	9.4172e-01	6.8701e-01	0.751573	0
MMP9	4	9.4173e-01	6.8701e-01	0.751573	0
ZNF559	4	9.4175e-01	6.8701e-01	0.751573	0
FAM192A	4	9.4194e-01	6.8868e-01	0.752673	0
C6orf203	4	9.4195e-01	6.8868e-01	0.752673	0
COX6B2	4	9.4199e-01	6.8868e-01	0.752673	0
HEMK1	4	9.4205e-01	6.8868e-01	0.752673	0
KATNBL1	4	9.4206e-01	6.8868e-01	0.752673	0
COL4A3	4	9.4220e-01	6.8868e-01	0.752673	0
PTPRB	4	9.4221e-01	6.8868e-01	0.752673	0
STX10	4	9.4222e-01	6.8868e-01	0.752673	0
PLEKHB2	4	9.4223e-01	6.8868e-01	0.752673	0
CEACAM16	4	9.4225e-01	6.8868e-01	0.752673	0
UBQLN4	4	9.4231e-01	6.8868e-01	0.752673	0
NID1	4	9.4233e-01	6.8868e-01	0.752673	0
MT1B	4	9.4235e-01	6.8868e-01	0.752673	0
NTNG2	4	9.4237e-01	6.8868e-01	0.752673	0
TAB1	4	9.4238e-01	6.8868e-01	0.752673	0
RCBTB2	4	9.4239e-01	6.8868e-01	0.752673	0
NAPEPLD	4	9.4241e-01	6.8868e-01	0.752673	0
MAML2	4	9.4251e-01	6.9030e-01	0.753663	0
B4GALT6	4	9.4255e-01	6.9030e-01	0.753663	0
SLC38A1	4	9.4257e-01	6.9030e-01	0.753663	0
LVRN	4	9.4257e-01	6.9030e-01	0.753663	0
TNF	4	9.4264e-01	6.9030e-01	0.753663	0
YIPF6	4	9.4265e-01	6.9030e-01	0.753663	0
SS18	4	9.4268e-01	6.9030e-01	0.753663	0
MEST	4	9.4271e-01	6.9030e-01	0.753663	0
FEZ1	4	9.4272e-01	6.9030e-01	0.753663	0
C9orf3	4	9.4280e-01	6.9030e-01	0.753663	0
ANKS3	4	9.4284e-01	6.9030e-01	0.753663	0
KRTAP19-1	4	9.4286e-01	6.9030e-01	0.753663	0
MGST3	4	9.4287e-01	6.9030e-01	0.753663	0
ZNF185	4	9.4288e-01	6.9030e-01	0.753663	0
SLC14A1	4	9.4289e-01	6.9030e-01	0.753663	0
CXXC1	4	9.4294e-01	6.9030e-01	0.753663	0
OR6X1	4	9.4295e-01	6.9030e-01	0.753663	0
NHLH2	4	9.4295e-01	6.9030e-01	0.753663	0
BLK	4	9.4308e-01	6.9202e-01	0.755199	0
EMB	4	9.4309e-01	6.9202e-01	0.755199	0
MAGEA4	4	9.4310e-01	6.9202e-01	0.755199	0
GLDC	4	9.4311e-01	6.9202e-01	0.755199	0
SLC6A20	4	9.4313e-01	6.9202e-01	0.755199	0
PLEKHA2	4	9.4315e-01	6.9202e-01	0.755199	0
FBXL18	4	9.4317e-01	6.9202e-01	0.755199	0
KIF13B	4	9.4323e-01	6.9367e-01	0.756959	0
IL1RL1	4	9.4329e-01	6.9533e-01	0.758639	0
ELOVL6	4	9.4332e-01	6.9533e-01	0.758639	0
FOXL2	4	9.4333e-01	6.9533e-01	0.758639	0
C19orf73	4	9.4335e-01	6.9699e-01	0.760365	0
MPPE1	4	9.4336e-01	6.9699e-01	0.760365	0
ABHD17B	4	9.4339e-01	6.9860e-01	0.761769	0
HMCN2	4	9.4342e-01	6.9860e-01	0.761769	0
CNTFR	4	9.4351e-01	6.9860e-01	0.761769	0
MX2	4	9.4354e-01	6.9860e-01	0.761769	0
DYTN	4	9.4359e-01	6.9860e-01	0.761769	0
RHAG	4	9.4361e-01	6.9860e-01	0.761769	0
GYPE	4	9.4363e-01	6.9860e-01	0.761769	0
PCDHGB2	4	9.4366e-01	6.9860e-01	0.761769	0
WAS	4	9.4390e-01	7.0184e-01	0.764430	0
KIAA1147	4	9.4394e-01	7.0184e-01	0.764430	0
CCSAP	4	9.4400e-01	7.0184e-01	0.764430	0
ARC	4	9.4402e-01	7.0184e-01	0.764430	0
NLK	4	9.4407e-01	7.0184e-01	0.764430	0
SKIL	4	9.4409e-01	7.0184e-01	0.764430	0
TMEM232	4	9.4415e-01	7.0184e-01	0.764430	0
DNALI1	4	9.4417e-01	7.0184e-01	0.764430	0
NFIL3	4	9.4425e-01	7.0184e-01	0.764430	0
SLC7A4	4	9.4428e-01	7.0184e-01	0.764430	0
ASB15	4	9.4430e-01	7.0184e-01	0.764430	0
ADAMTS20	4	9.4431e-01	7.0184e-01	0.764430	0
CNDP1	4	9.4433e-01	7.0184e-01	0.764430	0
CAP1	4	9.4436e-01	7.0184e-01	0.764430	0
NUDT11	4	9.4440e-01	7.0184e-01	0.764430	0
LUZP6	4	9.4445e-01	7.0184e-01	0.764430	0
UBXN2B	4	9.4455e-01	7.0184e-01	0.764430	0
PCBD2	4	9.4460e-01	7.0184e-01	0.764430	0
OR6F1	4	9.4461e-01	7.0184e-01	0.764430	0
KCNJ8	4	9.4462e-01	7.0184e-01	0.764430	0
MPZL1	4	9.4464e-01	7.0345e-01	0.765928	0
GSTO1	4	9.4465e-01	7.0345e-01	0.765928	0
TMEM68	4	9.4469e-01	7.0345e-01	0.765928	0
ATXN7L3B	4	9.4469e-01	7.0345e-01	0.765928	0
ATP6V1G3	4	9.4473e-01	7.0345e-01	0.765928	0
RHOH	4	9.4474e-01	7.0345e-01	0.765928	0
DEFB134	4	9.4483e-01	7.0503e-01	0.767292	0
PRM1	4	9.4488e-01	7.0503e-01	0.767292	0
EHBP1L1	4	9.4490e-01	7.0503e-01	0.767292	0
HSDL1	4	9.4491e-01	7.0503e-01	0.767292	0
COL4A1	4	9.4493e-01	7.0503e-01	0.767292	0
PTGIR	4	9.4494e-01	7.0503e-01	0.767292	0
REXO2	4	9.4495e-01	7.0503e-01	0.767292	0
TLDC1	4	9.4498e-01	7.0503e-01	0.767292	0
ARSK	4	9.4509e-01	7.0660e-01	0.768611	0
SHISA8	4	9.4511e-01	7.0660e-01	0.768611	0
SMIM17	4	9.4513e-01	7.0660e-01	0.768611	0
SMLR1	4	9.4516e-01	7.0660e-01	0.768611	0
ZNF451	4	9.4518e-01	7.0660e-01	0.768611	0
CLEC12A	4	9.4525e-01	7.0660e-01	0.768611	0
RGS4	4	9.4526e-01	7.0660e-01	0.768611	0
ZER1	4	9.4535e-01	7.0660e-01	0.768611	0
FAM122C	4	9.4537e-01	7.0660e-01	0.768611	0
PDE2A	4	9.4540e-01	7.0822e-01	0.770196	0
BEND2	4	9.4542e-01	7.0822e-01	0.770196	0
DSG4	4	9.4542e-01	7.0822e-01	0.770196	0
KMT2C	4	9.4543e-01	7.0822e-01	0.770196	0
KPTN	4	9.4548e-01	7.0980e-01	0.771869	0
SKAP2	4	9.4556e-01	7.1135e-01	0.773207	0
DEFB118	4	9.4558e-01	7.1135e-01	0.773207	0
ABCB8	4	9.4561e-01	7.1135e-01	0.773207	0
SIRT6	4	9.4569e-01	7.1135e-01	0.773207	0
MAGEC3	4	9.4572e-01	7.1135e-01	0.773207	0
CARD10	4	9.4575e-01	7.1135e-01	0.773207	0
FBXL22	4	9.4579e-01	7.1135e-01	0.773207	0
CLEC6A	4	9.4579e-01	7.1135e-01	0.773207	0
WDFY4	4	9.4581e-01	7.1295e-01	0.774638	0
SEPTIN8	4	9.4582e-01	7.1295e-01	0.774638	0
CXCL11	4	9.4585e-01	7.1295e-01	0.774638	0
CYSLTR1	4	9.4591e-01	7.1295e-01	0.774638	0
DEFA6	4	9.4591e-01	7.1295e-01	0.774638	0
ROPN1L	4	9.4595e-01	7.1295e-01	0.774638	0
DOCK9	4	9.4597e-01	7.1295e-01	0.774638	0
GABRB1	4	9.4610e-01	7.1452e-01	0.776213	0
STAT5A	4	9.4614e-01	7.1452e-01	0.776213	0
SERTAD2	4	9.4617e-01	7.1452e-01	0.776213	0
FAM161A	4	9.4626e-01	7.1609e-01	0.777692	0
C10orf107	4	9.4630e-01	7.1609e-01	0.777692	0
RFX3	4	9.4634e-01	7.1609e-01	0.777692	0
CYP11B1	4	9.4635e-01	7.1609e-01	0.777692	0
GGTLC1	4	9.4636e-01	7.1609e-01	0.777692	0
CD3G	4	9.4639e-01	7.1763e-01	0.779052	0
CTRB1	4	9.4644e-01	7.1763e-01	0.779052	0
ITFG3	4	9.4652e-01	7.1763e-01	0.779052	0
CACYBP	4	9.4657e-01	7.1763e-01	0.779052	0
GGA2	4	9.4658e-01	7.1763e-01	0.779052	0
ZNF764	4	9.4661e-01	7.1763e-01	0.779052	0
GSTP1	4	9.4663e-01	7.1763e-01	0.779052	0
SPARC	4	9.4673e-01	7.1921e-01	0.780724	0
LILRA2	4	9.4675e-01	7.2075e-01	0.782041	0
C21orf91	4	9.4675e-01	7.2075e-01	0.782041	0
AKT1	4	9.4682e-01	7.2075e-01	0.782041	0
CDH9	4	9.4685e-01	7.2075e-01	0.782041	0
ZC4H2	4	9.4689e-01	7.2075e-01	0.782041	0
ANP32A	4	9.4690e-01	7.2075e-01	0.782041	0
OXT	4	9.4692e-01	7.2075e-01	0.782041	0
RASAL2	4	9.4698e-01	7.2075e-01	0.782041	0
WNT8B	4	9.4711e-01	7.2228e-01	0.783175	0
ACTRT1	4	9.4714e-01	7.2228e-01	0.783175	0
PRKCI	4	9.4719e-01	7.2228e-01	0.783175	0
SIPA1	4	9.4720e-01	7.2228e-01	0.783175	0
NHLRC3	4	9.4725e-01	7.2228e-01	0.783175	0
GFPT2	4	9.4726e-01	7.2228e-01	0.783175	0
IL18	4	9.4729e-01	7.2228e-01	0.783175	0
ERMARD	4	9.4733e-01	7.2228e-01	0.783175	0
COX7A1	4	9.4734e-01	7.2228e-01	0.783175	0
CCNE2	4	9.4734e-01	7.2228e-01	0.783175	0
FAM71E2	4	9.4735e-01	7.2228e-01	0.783175	0
NXPH3	4	9.4737e-01	7.2228e-01	0.783175	0
TMC7	4	9.4748e-01	7.2381e-01	0.783718	0
CXCL3	4	9.4758e-01	7.2381e-01	0.783718	0
TRIM66	4	9.4761e-01	7.2381e-01	0.783718	0
PIK3C2G	4	9.4763e-01	7.2381e-01	0.783718	0
PPDPF	4	9.4763e-01	7.2381e-01	0.783718	0
HOXB13	4	9.4768e-01	7.2381e-01	0.783718	0
HTATIP2	4	9.4768e-01	7.2381e-01	0.783718	0
THSD7B	4	9.4773e-01	7.2381e-01	0.783718	0
PRSS16	4	9.4777e-01	7.2381e-01	0.783718	0
KLK13	4	9.4781e-01	7.2381e-01	0.783718	0
CD99L2	4	9.4783e-01	7.2381e-01	0.783718	0
DEFA5	4	9.4785e-01	7.2381e-01	0.783718	0
IL1B	4	9.4786e-01	7.2381e-01	0.783718	0
BCL3	4	9.4786e-01	7.2381e-01	0.783718	0
SDK2	4	9.4787e-01	7.2381e-01	0.783718	0
ZNF140	4	9.4792e-01	7.2381e-01	0.783718	0
PKLR	4	9.4795e-01	7.2381e-01	0.783718	0
ACTL7A	4	9.4799e-01	7.2381e-01	0.783718	0
ANGPT2	4	9.4801e-01	7.2381e-01	0.783718	0
CROT	4	9.4818e-01	7.2381e-01	0.783718	0
CORO7	4	9.4824e-01	7.2381e-01	0.783718	0
ACOT2	4	9.4829e-01	7.2381e-01	0.783718	0
LHFPL2	4	9.4833e-01	7.2381e-01	0.783718	0
ASCC2	4	9.4834e-01	7.2381e-01	0.783718	0
CCL24	4	9.4837e-01	7.2381e-01	0.783718	0
PHACTR4	4	9.4843e-01	7.2533e-01	0.785278	0
THSD4	4	9.4843e-01	7.2533e-01	0.785278	0
NOS1	4	9.4846e-01	7.2683e-01	0.786850	0
LIPJ	4	9.4853e-01	7.2834e-01	0.788442	0
SSX2IP	4	9.4859e-01	7.2987e-01	0.789652	0
FLRT2	4	9.4860e-01	7.2987e-01	0.789652	0
ACAD8	4	9.4863e-01	7.2987e-01	0.789652	0
ANKRD30A	4	9.4869e-01	7.2987e-01	0.789652	0
C1orf228	4	9.4871e-01	7.2987e-01	0.789652	0
TM6SF1	4	9.4872e-01	7.2987e-01	0.789652	0
ERVMER34-1	4	9.4879e-01	7.2987e-01	0.789652	0
TLX3	4	9.4881e-01	7.2987e-01	0.789652	0
OR52N5	4	9.4891e-01	7.2987e-01	0.789652	0
CNGB1	4	9.4894e-01	7.2987e-01	0.789652	0
STX11	4	9.4904e-01	7.3135e-01	0.791120	0
ZNF747	4	9.4905e-01	7.3135e-01	0.791120	0
CHST11	4	9.4907e-01	7.3135e-01	0.791120	0
NUCB2	4	9.4917e-01	7.3284e-01	0.792552	0
CTNNA3	4	9.4919e-01	7.3284e-01	0.792552	0
ST3GAL4	4	9.4926e-01	7.3284e-01	0.792552	0
ZNF777	4	9.4930e-01	7.3436e-01	0.793742	0
DLG2	4	9.4930e-01	7.3436e-01	0.793742	0
IVL	4	9.4933e-01	7.3436e-01	0.793742	0
ALDH2	4	9.4943e-01	7.3436e-01	0.793742	0
RNF225	4	9.4945e-01	7.3436e-01	0.793742	0
SCOC	4	9.4945e-01	7.3436e-01	0.793742	0
KLC2	4	9.4946e-01	7.3436e-01	0.793742	0
TAAR5	4	9.4950e-01	7.3436e-01	0.793742	0
LCE3A	4	9.4959e-01	7.3436e-01	0.793742	0
ATP7A	4	9.4962e-01	7.3436e-01	0.793742	0
FAM110B	4	9.4967e-01	7.3582e-01	0.794746	0
CEACAM1	4	9.4968e-01	7.3582e-01	0.794746	0
CTBS	4	9.4969e-01	7.3582e-01	0.794746	0
ZNRF1	4	9.4976e-01	7.3582e-01	0.794746	0
FFAR2	4	9.4980e-01	7.3582e-01	0.794746	0
GSTM3	4	9.4987e-01	7.3583e-01	0.794746	0
CBX5	4	9.4989e-01	7.3583e-01	0.794746	0
CD80	4	9.4991e-01	7.3583e-01	0.794746	0
ZNF134	4	9.4991e-01	7.3583e-01	0.794746	0
CD79A	4	9.4992e-01	7.3583e-01	0.794746	0
HAS1	4	9.4994e-01	7.3583e-01	0.794746	0
ZNF614	4	9.4996e-01	7.3583e-01	0.794746	0
HYAL4	4	9.4998e-01	7.3583e-01	0.794746	0
GLRX	4	9.5017e-01	7.3877e-01	0.797751	0
MDH1B	4	9.5018e-01	7.3877e-01	0.797751	0
SIX2	4	9.5019e-01	7.3877e-01	0.797751	0
UCHL3	4	9.5021e-01	7.3877e-01	0.797751	0
DPRX	4	9.5024e-01	7.4028e-01	0.798972	0
CYB5R2	4	9.5025e-01	7.4028e-01	0.798972	0
ZNF699	4	9.5027e-01	7.4028e-01	0.798972	0
CES2	4	9.5028e-01	7.4028e-01	0.798972	0
TSPAN13	4	9.5031e-01	7.4028e-01	0.798972	0
RGS20	4	9.5032e-01	7.4028e-01	0.798972	0
ZNF729	4	9.5040e-01	7.4028e-01	0.798972	0
AGXT	4	9.5041e-01	7.4028e-01	0.798972	0
OLFM1	4	9.5045e-01	7.4028e-01	0.798972	0
PDE4B	4	9.5047e-01	7.4174e-01	0.800365	0
TRIM64	4	9.5056e-01	7.4174e-01	0.800365	0
NHLRC1	4	9.5056e-01	7.4174e-01	0.800365	0
GKAP1	4	9.5057e-01	7.4174e-01	0.800365	0
CXCL13	4	9.5066e-01	7.4609e-01	0.804746	0
CTNS	4	9.5070e-01	7.4609e-01	0.804746	0
FECH	4	9.5075e-01	7.4609e-01	0.804746	0
OR2F1	4	9.5081e-01	7.4609e-01	0.804746	0
MYL3	4	9.5082e-01	7.4609e-01	0.804746	0
NDUFC2-KCTD14	4	9.5084e-01	7.4609e-01	0.804746	0
ARSF	4	9.5088e-01	7.4609e-01	0.804746	0
UBE2E3	4	9.5099e-01	7.4750e-01	0.805900	0
NRM	4	9.5103e-01	7.4750e-01	0.805900	0
DAPL1	4	9.5107e-01	7.4750e-01	0.805900	0
GPR149	4	9.5110e-01	7.4750e-01	0.805900	0
DHRS4L1	4	9.5114e-01	7.4750e-01	0.805900	0
VAMP2	4	9.5117e-01	7.4750e-01	0.805900	0
SGCA	4	9.5119e-01	7.4750e-01	0.805900	0
SENP5	4	9.5126e-01	7.4750e-01	0.805900	0
GTF2IRD1	4	9.5128e-01	7.4896e-01	0.807114	0
NOTCH4	4	9.5129e-01	7.4896e-01	0.807114	0
TRIM46	4	9.5129e-01	7.4896e-01	0.807114	0
TBL1Y	4	9.5144e-01	7.4896e-01	0.807114	0
KRT5	3	9.5144e-01	8.5130e-01	0.896614	0
SIGLEC9	4	9.5145e-01	7.4896e-01	0.807114	0
CHD9	4	9.5147e-01	7.4896e-01	0.807114	0
DCTD	4	9.5149e-01	7.5038e-01	0.808551	0
KEL	4	9.5161e-01	7.5038e-01	0.808551	0
SLC5A12	4	9.5165e-01	7.5180e-01	0.809625	0
PDE3B	4	9.5171e-01	7.5180e-01	0.809625	0
ADCY9	4	9.5171e-01	7.5180e-01	0.809625	0
CAND1	4	9.5172e-01	7.5180e-01	0.809625	0
CEP104	4	9.5175e-01	7.5180e-01	0.809625	0
WNT6	4	9.5176e-01	7.5180e-01	0.809625	0
OLFM3	4	9.5182e-01	7.5180e-01	0.809625	0
DKK4	4	9.5183e-01	7.5180e-01	0.809625	0
KRT38	4	9.5185e-01	7.5180e-01	0.809625	0
KIDINS220	4	9.5193e-01	7.5180e-01	0.809625	0
MEAF6	4	9.5205e-01	7.5462e-01	0.812564	0
RAB43	4	9.5207e-01	7.5462e-01	0.812564	0
NUDT13	4	9.5219e-01	7.5742e-01	0.814937	0
TMEM89	4	9.5220e-01	7.5742e-01	0.814937	0
RGS21	4	9.5222e-01	7.5742e-01	0.814937	0
JAG2	4	9.5226e-01	7.5742e-01	0.814937	0
GSTO2	4	9.5232e-01	7.5742e-01	0.814937	0
SMYD3	4	9.5237e-01	7.5742e-01	0.814937	0
NSUN7	4	9.5238e-01	7.5742e-01	0.814937	0
ZNF680	4	9.5239e-01	7.5742e-01	0.814937	0
TCL1A	4	9.5245e-01	7.5742e-01	0.814937	0
C19orf54	4	9.5249e-01	7.5742e-01	0.814937	0
POTEB3	4	9.5251e-01	7.5742e-01	0.814937	0
PIAS4	4	9.5254e-01	7.5742e-01	0.814937	0
HOXB3	4	9.5255e-01	7.5742e-01	0.814937	0
SLC5A11	4	9.5261e-01	7.5742e-01	0.814937	0
SDCCAG3	4	9.5265e-01	7.5881e-01	0.816202	0
NKAIN4	4	9.5266e-01	7.5881e-01	0.816202	0
C11orf94	4	9.5266e-01	7.5881e-01	0.816202	0
CCPG1	4	9.5269e-01	7.5881e-01	0.816202	0
TAS2R50	4	9.5271e-01	7.5881e-01	0.816202	0
THNSL1	4	9.5279e-01	7.6021e-01	0.816654	0
TMEM210	4	9.5286e-01	7.6021e-01	0.816654	0
IDH1	4	9.5288e-01	7.6021e-01	0.816654	0
PRM3	4	9.5289e-01	7.6021e-01	0.816654	0
ZFYVE1	4	9.5292e-01	7.6021e-01	0.816654	0
ATP6V1G2	4	9.5293e-01	7.6021e-01	0.816654	0
TBC1D21	4	9.5296e-01	7.6021e-01	0.816654	0
TAS1R3	4	9.5300e-01	7.6021e-01	0.816654	0
CD177	4	9.5303e-01	7.6021e-01	0.816654	0
ZNF616	4	9.5310e-01	7.6021e-01	0.816654	0
HIST1H4C	4	9.5310e-01	7.6021e-01	0.816654	0
KDM7A	4	9.5315e-01	7.6021e-01	0.816654	0
PALM2-AKAP2	4	9.5318e-01	7.6021e-01	0.816654	0
TKTL2	4	9.5319e-01	7.6021e-01	0.816654	0
LPIN2	4	9.5321e-01	7.6021e-01	0.816654	0
SLC4A4	4	9.5322e-01	7.6021e-01	0.816654	0
ITGAD	4	9.5330e-01	7.6021e-01	0.816654	0
FAM193A	4	9.5333e-01	7.6021e-01	0.816654	0
CYSLTR2	4	9.5334e-01	7.6021e-01	0.816654	0
STX2	4	9.5338e-01	7.6021e-01	0.816654	0
NKX2-3	4	9.5350e-01	7.6021e-01	0.816654	0
N4BP2L1	4	9.5355e-01	7.6021e-01	0.816654	0
FAM24A	4	9.5362e-01	7.6021e-01	0.816654	0
SSTR5	4	9.5366e-01	7.6162e-01	0.817896	0
SLC10A6	4	9.5373e-01	7.6162e-01	0.817896	0
COL5A1	4	9.5374e-01	7.6162e-01	0.817896	0
RNF219	4	9.5376e-01	7.6162e-01	0.817896	0
FMO3	4	9.5379e-01	7.6162e-01	0.817896	0
PLAA	4	9.5382e-01	7.6162e-01	0.817896	0
PTPRG	4	9.5384e-01	7.6299e-01	0.818909	0
UBE2F	4	9.5385e-01	7.6299e-01	0.818909	0
TEX22	4	9.5390e-01	7.6299e-01	0.818909	0
HENMT1	4	9.5391e-01	7.6299e-01	0.818909	0
NR2F6	4	9.5393e-01	7.6299e-01	0.818909	0
MCTS1	4	9.5394e-01	7.6299e-01	0.818909	0
ST14	4	9.5396e-01	7.6299e-01	0.818909	0
C12orf56	4	9.5397e-01	7.6299e-01	0.818909	0
BICD1	4	9.5401e-01	7.6300e-01	0.818909	0
PPM1F	4	9.5408e-01	7.6300e-01	0.818909	0
PPL	4	9.5425e-01	7.6575e-01	0.821262	0
ZNF503	4	9.5435e-01	7.6575e-01	0.821262	0
MTFR1	4	9.5435e-01	7.6575e-01	0.821262	0
SNX21	4	9.5437e-01	7.6575e-01	0.821262	0
RFX8	4	9.5437e-01	7.6575e-01	0.821262	0
CACUL1	4	9.5442e-01	7.6575e-01	0.821262	0
LDOC1L	4	9.5443e-01	7.6575e-01	0.821262	0
LSM14B	4	9.5458e-01	7.6575e-01	0.821262	0
RAB39A	4	9.5466e-01	7.6575e-01	0.821262	0
PLD2	4	9.5468e-01	7.6575e-01	0.821262	0
STAC3	4	9.5473e-01	7.6575e-01	0.821262	0
TOMM40L	4	9.5480e-01	7.6575e-01	0.821262	0
EGFL8	4	9.5485e-01	7.6575e-01	0.821262	0
FPR3	4	9.5486e-01	7.6712e-01	0.822550	0
KIAA0040	4	9.5488e-01	7.6712e-01	0.822550	0
ZNF483	4	9.5491e-01	7.6712e-01	0.822550	0
GDF7	4	9.5492e-01	7.6712e-01	0.822550	0
PITX1	4	9.5495e-01	7.6843e-01	0.823588	0
SHROOM2	4	9.5497e-01	7.6843e-01	0.823588	0
SLC35G5	4	9.5501e-01	7.6843e-01	0.823588	0
IDH3A	4	9.5506e-01	7.6843e-01	0.823588	0
ZCCHC16	4	9.5507e-01	7.6843e-01	0.823588	0
ARHGAP40	4	9.5512e-01	7.6843e-01	0.823588	0
USP9Y	4	9.5512e-01	7.6843e-01	0.823588	0
KIF9	4	9.5513e-01	7.6843e-01	0.823588	0
ZNF560	4	9.5518e-01	7.6979e-01	0.824863	0
SCGB1D1	4	9.5521e-01	7.6979e-01	0.824863	0
ECSIT	4	9.5522e-01	7.6979e-01	0.824863	0
RNF214	4	9.5527e-01	7.7112e-01	0.826007	0
FBXO45	4	9.5529e-01	7.7112e-01	0.826007	0
PCED1B	4	9.5530e-01	7.7112e-01	0.826007	0
TTPA	4	9.5532e-01	7.7112e-01	0.826007	0
KLK10	4	9.5533e-01	7.7112e-01	0.826007	0
PTPRM	4	9.5540e-01	7.7112e-01	0.826007	0
PTCRA	4	9.5547e-01	7.7247e-01	0.827176	0
HS3ST6	4	9.5550e-01	7.7247e-01	0.827176	0
TNFRSF25	4	9.5552e-01	7.7247e-01	0.827176	0
UBE3A	4	9.5555e-01	7.7247e-01	0.827176	0
ANKRD33	4	9.5557e-01	7.7247e-01	0.827176	0
AKR7A3	4	9.5561e-01	7.7247e-01	0.827176	0
KRT75	4	9.5564e-01	7.7380e-01	0.828461	0
C12orf10	4	9.5565e-01	7.7380e-01	0.828461	0
JARID2	4	9.5566e-01	7.7380e-01	0.828461	0
CPM	4	9.5570e-01	7.7513e-01	0.829697	0
SCGB1A1	4	9.5578e-01	7.7513e-01	0.829697	0
GPRC5B	4	9.5579e-01	7.7513e-01	0.829697	0
ADRA1D	4	9.5580e-01	7.7513e-01	0.829697	0
ZNF782	4	9.5582e-01	7.7643e-01	0.830950	0
PTPN12	4	9.5587e-01	7.7643e-01	0.830950	0
CR1	4	9.5588e-01	7.7773e-01	0.832293	0
TMX3	4	9.5589e-01	7.7900e-01	0.833276	0
BOK	4	9.5593e-01	7.7900e-01	0.833276	0
OR13C4	4	9.5596e-01	7.7900e-01	0.833276	0
TMEM262	4	9.5601e-01	7.7900e-01	0.833276	0
NUDT15	4	9.5605e-01	7.7900e-01	0.833276	0
SERTAD3	4	9.5605e-01	7.7900e-01	0.833276	0
C5orf42	4	9.5622e-01	7.7900e-01	0.833276	0
SCML4	4	9.5632e-01	7.7900e-01	0.833276	0
OR2B3	4	9.5641e-01	7.8161e-01	0.836024	0
KRTAP4-3	4	9.5642e-01	7.8293e-01	0.836968	0
HN1L	4	9.5645e-01	7.8293e-01	0.836968	0
GRAMD1A	4	9.5647e-01	7.8293e-01	0.836968	0
RAP2B	4	9.5653e-01	7.8293e-01	0.836968	0
ANGPT1	4	9.5655e-01	7.8293e-01	0.836968	0
KCNA4	4	9.5658e-01	7.8293e-01	0.836968	0
ETV5	4	9.5659e-01	7.8293e-01	0.836968	0
FAM219B	4	9.5660e-01	7.8293e-01	0.836968	0
LALBA	4	9.5663e-01	7.8293e-01	0.836968	0
XRCC6BP1	4	9.5665e-01	7.8293e-01	0.836968	0
IGFL4	4	9.5669e-01	7.8424e-01	0.838182	0
SERPINB2	4	9.5671e-01	7.8424e-01	0.838182	0
TMEM100	4	9.5674e-01	7.8424e-01	0.838182	0
SRXN1	4	9.5676e-01	7.8424e-01	0.838182	0
APOM	4	9.5686e-01	7.8546e-01	0.839302	0
TCF7L2	4	9.5689e-01	7.8547e-01	0.839302	0
GYS1	4	9.5689e-01	7.8547e-01	0.839302	0
ABR	4	9.5691e-01	7.8547e-01	0.839302	0
MAGEA1	4	9.5697e-01	7.8675e-01	0.840252	0
SLCO1C1	4	9.5698e-01	7.8675e-01	0.840252	0
FAM46B	4	9.5699e-01	7.8675e-01	0.840252	0
LPPR1	4	9.5708e-01	7.8675e-01	0.840252	0
CLCN7	4	9.5714e-01	7.8675e-01	0.840252	0
GSTM2	4	9.5717e-01	7.8675e-01	0.840252	0
ALOX5	4	9.5719e-01	7.8675e-01	0.840252	0
CHIC1	4	9.5722e-01	7.8675e-01	0.840252	0
KLF5	4	9.5732e-01	7.8675e-01	0.840252	0
ADTRP	4	9.5746e-01	7.8922e-01	0.842842	0
NPC1L1	4	9.5750e-01	7.9044e-01	0.843953	0
RAB28	4	9.5751e-01	7.9044e-01	0.843953	0
FUT2	4	9.5752e-01	7.9044e-01	0.843953	0
FAM13B	4	9.5753e-01	7.9044e-01	0.843953	0
CCDC184	4	9.5756e-01	7.9170e-01	0.845260	0
PTGR1	4	9.5761e-01	7.9293e-01	0.846430	0
CASC3	4	9.5762e-01	7.9293e-01	0.846430	0
RRBP1	4	9.5765e-01	7.9293e-01	0.846430	0
PVRL3	4	9.5769e-01	7.9541e-01	0.847369	0
TAOK2	4	9.5771e-01	7.9541e-01	0.847369	0
NFE2L3	4	9.5772e-01	7.9541e-01	0.847369	0
ACYP2	4	9.5776e-01	7.9541e-01	0.847369	0
DCLK1	4	9.5776e-01	7.9541e-01	0.847369	0
HMOX1	4	9.5780e-01	7.9541e-01	0.847369	0
CHM	4	9.5781e-01	7.9541e-01	0.847369	0
CDX2	4	9.5786e-01	7.9541e-01	0.847369	0
EPHA10	4	9.5789e-01	7.9541e-01	0.847369	0
MAP3K19	4	9.5793e-01	7.9541e-01	0.847369	0
MED13L	4	9.5805e-01	7.9541e-01	0.847369	0
P2RX6	4	9.5806e-01	7.9541e-01	0.847369	0
CDK14	4	9.5812e-01	7.9541e-01	0.847369	0
KIF5C	4	9.5813e-01	7.9541e-01	0.847369	0
APH1B	4	9.5816e-01	7.9541e-01	0.847369	0
MT1G	4	9.5816e-01	7.9541e-01	0.847369	0
DDX26B	4	9.5826e-01	7.9541e-01	0.847369	0
KLK9	4	9.5829e-01	7.9541e-01	0.847369	0
GRM3	4	9.5829e-01	7.9541e-01	0.847369	0
B4GALNT1	4	9.5833e-01	7.9541e-01	0.847369	0
CCDC106	4	9.5839e-01	7.9541e-01	0.847369	0
ZNF444	4	9.5846e-01	7.9541e-01	0.847369	0
POF1B	4	9.5852e-01	7.9541e-01	0.847369	0
E2F7	4	9.5857e-01	7.9541e-01	0.847369	0
RAB34	4	9.5858e-01	7.9541e-01	0.847369	0
CEP250	4	9.5864e-01	7.9541e-01	0.847369	0
SWT1	4	9.5866e-01	7.9541e-01	0.847369	0
HSD17B13	4	9.5868e-01	7.9541e-01	0.847369	0
TMEM213	4	9.5869e-01	7.9541e-01	0.847369	0
PGA3	4	9.5870e-01	7.9541e-01	0.847369	0
CD274	4	9.5873e-01	7.9541e-01	0.847369	0
PRORY	4	9.5873e-01	7.9541e-01	0.847369	0
RNF216	4	9.5875e-01	7.9541e-01	0.847369	0
C10orf62	4	9.5876e-01	7.9541e-01	0.847369	0
FUCA2	4	9.5881e-01	7.9541e-01	0.847369	0
ADCY7	4	9.5882e-01	7.9541e-01	0.847369	0
DAAM2	4	9.5892e-01	7.9660e-01	0.848449	0
MYO1E	4	9.5903e-01	7.9660e-01	0.848449	0
RBPMS2	4	9.5911e-01	7.9660e-01	0.848449	0
NAALADL2	4	9.5915e-01	7.9660e-01	0.848449	0
ZNF302	4	9.5917e-01	7.9778e-01	0.849657	0
BAALC	4	9.5928e-01	8.0390e-01	0.856036	0
MAML3	4	9.5933e-01	8.0509e-01	0.857161	0
JAM3	4	9.5937e-01	8.0509e-01	0.857161	0
DUSP22	4	9.5938e-01	8.0509e-01	0.857161	0
PDP1	4	9.5944e-01	8.0633e-01	0.858047	0
CARD16	4	9.5949e-01	8.0633e-01	0.858047	0
ACER2	4	9.5951e-01	8.0633e-01	0.858047	0
LYPD1	4	9.5955e-01	8.0633e-01	0.858047	0
LRRC4B	4	9.5957e-01	8.0633e-01	0.858047	0
CACNA2D3	4	9.5959e-01	8.0633e-01	0.858047	0
ITPKB	4	9.5961e-01	8.0633e-01	0.858047	0
IZUMO2	4	9.5962e-01	8.0633e-01	0.858047	0
FAM122B	4	9.5964e-01	8.0633e-01	0.858047	0
OR4A16	4	9.5966e-01	8.0751e-01	0.859069	0
BNIP2	4	9.5968e-01	8.0751e-01	0.859069	0
EXD1	4	9.5972e-01	8.0752e-01	0.859069	0
OR5L2	4	9.5973e-01	8.0752e-01	0.859069	0
AGR2	4	9.5974e-01	8.0752e-01	0.859069	0
MSH6	4	9.5987e-01	8.0871e-01	0.860290	0
TRAPPC10	4	9.5990e-01	8.0991e-01	0.861521	0
DRD3	4	9.5993e-01	8.1102e-01	0.862412	0
LENG9	4	9.5995e-01	8.1102e-01	0.862412	0
UBE2B	4	9.5996e-01	8.1102e-01	0.862412	0
PEX2	4	9.5997e-01	8.1102e-01	0.862412	0
PMFBP1	4	9.6002e-01	8.1102e-01	0.862412	0
EBP	4	9.6004e-01	8.1102e-01	0.862412	0
PGBD1	4	9.6010e-01	8.1215e-01	0.863381	0
GAB3	4	9.6013e-01	8.1215e-01	0.863381	0
IQCF2	4	9.6020e-01	8.1216e-01	0.863381	0
DOCK1	4	9.6021e-01	8.1216e-01	0.863381	0
FDFT1	4	9.6023e-01	8.1216e-01	0.863381	0
FGF5	4	9.6026e-01	8.1332e-01	0.864288	0
GS1-259H13.2	4	9.6031e-01	8.1332e-01	0.864288	0
IL5RA	4	9.6032e-01	8.1332e-01	0.864288	0
FBXL15	4	9.6033e-01	8.1332e-01	0.864288	0
FOXG1	4	9.6036e-01	8.1332e-01	0.864288	0
TTLL3	4	9.6053e-01	8.1333e-01	0.864288	0
WDR34	4	9.6056e-01	8.1333e-01	0.864288	0
ARL5A	4	9.6064e-01	8.1446e-01	0.865202	0
ZNF347	4	9.6066e-01	8.1446e-01	0.865202	0
ZBTB9	4	9.6067e-01	8.1446e-01	0.865202	0
NRCAM	4	9.6070e-01	8.1446e-01	0.865202	0
PKIA	4	9.6072e-01	8.1446e-01	0.865202	0
C4orf51	4	9.6073e-01	8.1446e-01	0.865202	0
TTLL2	4	9.6084e-01	8.1558e-01	0.866208	0
PHKG2	4	9.6086e-01	8.1558e-01	0.866208	0
OPTN	4	9.6088e-01	8.1558e-01	0.866208	0
CD72	4	9.6096e-01	8.1558e-01	0.866208	0
PM20D1	4	9.6101e-01	8.1672e-01	0.867369	0
NCR2	4	9.6105e-01	8.1783e-01	0.867969	0
NLRC5	4	9.6105e-01	8.1783e-01	0.867969	0
ECT2L	4	9.6111e-01	8.1783e-01	0.867969	0
GADD45G	4	9.6114e-01	8.1783e-01	0.867969	0
FBXO27	4	9.6116e-01	8.1783e-01	0.867969	0
BACH1	4	9.6120e-01	8.1783e-01	0.867969	0
LOC729159	4	9.6122e-01	8.1783e-01	0.867969	0
C9orf135	4	9.6122e-01	8.1783e-01	0.867969	0
ODF2	4	9.6125e-01	8.1783e-01	0.867969	0
LGALS12	4	9.6127e-01	8.1783e-01	0.867969	0
CDH11	4	9.6130e-01	8.1783e-01	0.867969	0
ZNF569	4	9.6131e-01	8.1783e-01	0.867969	0
EBPL	4	9.6135e-01	8.1894e-01	0.868997	0
COX6B1	4	9.6138e-01	8.1894e-01	0.868997	0
ARL14EPL	4	9.6142e-01	8.1894e-01	0.868997	0
C16orf74	4	9.6150e-01	8.2007e-01	0.870098	0
INVS	4	9.6152e-01	8.2007e-01	0.870098	0
CELA2A	4	9.6162e-01	8.2121e-01	0.871217	0
LIF	4	9.6174e-01	8.2121e-01	0.871217	0
ACACB	4	9.6179e-01	8.2230e-01	0.872274	0
FAM134C	4	9.6183e-01	8.2230e-01	0.872274	0
SYNGR4	4	9.6191e-01	8.2338e-01	0.873226	0
TRIP4	4	9.6193e-01	8.2338e-01	0.873226	0
ITGB1	4	9.6195e-01	8.2338e-01	0.873226	0
LIPE	4	9.6202e-01	8.2338e-01	0.873226	0
AADAC	4	9.6211e-01	8.2445e-01	0.874024	0
OR2T6	4	9.6214e-01	8.2445e-01	0.874024	0
STPG1	4	9.6218e-01	8.2445e-01	0.874024	0
OR11L1	4	9.6224e-01	8.2445e-01	0.874024	0
BMPR1B	4	9.6232e-01	8.2445e-01	0.874024	0
SENP8	4	9.6232e-01	8.2445e-01	0.874024	0
CACNA1B	4	9.6240e-01	8.2445e-01	0.874024	0
AIMP1	4	9.6245e-01	8.2554e-01	0.875084	0
TTLL9	4	9.6246e-01	8.2554e-01	0.875084	0
RGS9	4	9.6254e-01	8.2662e-01	0.876083	0
KLF14	4	9.6255e-01	8.2662e-01	0.876083	0
S1PR2	4	9.6256e-01	8.2662e-01	0.876083	0
ZNF34	4	9.6260e-01	8.2767e-01	0.876750	0
ARPIN	4	9.6261e-01	8.2767e-01	0.876750	0
ANKFY1	4	9.6268e-01	8.2767e-01	0.876750	0
S100A13	4	9.6268e-01	8.2767e-01	0.876750	0
IFNK	4	9.6271e-01	8.2767e-01	0.876750	0
MCAM	4	9.6271e-01	8.2767e-01	0.876750	0
CYP2F1	4	9.6279e-01	8.2767e-01	0.876750	0
MPP4	4	9.6283e-01	8.2767e-01	0.876750	0
TTC30B	4	9.6284e-01	8.2767e-01	0.876750	0
OR8K5	4	9.6295e-01	8.2875e-01	0.877310	0
PMS2	4	9.6297e-01	8.2875e-01	0.877310	0
RETN	4	9.6297e-01	8.2875e-01	0.877310	0
GAS6	4	9.6299e-01	8.2875e-01	0.877310	0
LRRC31	4	9.6299e-01	8.2875e-01	0.877310	0
ATP4B	4	9.6301e-01	8.2875e-01	0.877310	0
MAN2B2	4	9.6304e-01	8.2875e-01	0.877310	0
DRAXIN	4	9.6304e-01	8.2875e-01	0.877310	0
SLC2A5	4	9.6308e-01	8.2875e-01	0.877310	0
FCHSD2	4	9.6311e-01	8.2875e-01	0.877310	0
OMG	4	9.6312e-01	8.2875e-01	0.877310	0
HDAC5	4	9.6312e-01	8.2875e-01	0.877310	0
ASPHD1	4	9.6316e-01	8.2984e-01	0.878372	0
EFCAB12	4	9.6316e-01	8.2984e-01	0.878372	0
IGFBP1	4	9.6321e-01	8.3088e-01	0.878689	0
ZNF598	4	9.6323e-01	8.3088e-01	0.878689	0
ERMAP	3	9.6326e-01	8.9439e-01	0.928189	0
MCTP2	4	9.6326e-01	8.3088e-01	0.878689	0
GNA13	4	9.6329e-01	8.3088e-01	0.878689	0
SPATA45	4	9.6329e-01	8.3088e-01	0.878689	0
LGALS16	4	9.6330e-01	8.3088e-01	0.878689	0
BMF	4	9.6330e-01	8.3088e-01	0.878689	0
TRHR	4	9.6332e-01	8.3088e-01	0.878689	0
MYEOV	4	9.6341e-01	8.3088e-01	0.878689	0
BIRC3	4	9.6341e-01	8.3088e-01	0.878689	0
WDR89	4	9.6345e-01	8.3088e-01	0.878689	0
MYO16	4	9.6350e-01	8.3088e-01	0.878689	0
TEK	4	9.6352e-01	8.3088e-01	0.878689	0
CES4A	4	9.6353e-01	8.3088e-01	0.878689	0
ZNF710	4	9.6357e-01	8.3088e-01	0.878689	0
SP140L	4	9.6359e-01	8.3088e-01	0.878689	0
VIMP	4	9.6365e-01	8.3193e-01	0.879559	0
KLHL36	4	9.6367e-01	8.3193e-01	0.879559	0
ATF7	4	9.6370e-01	8.3193e-01	0.879559	0
ZFAND5	4	9.6371e-01	8.3193e-01	0.879559	0
ATXN7	4	9.6373e-01	8.3193e-01	0.879559	0
MTM1	4	9.6384e-01	8.3299e-01	0.880585	0
GPM6B	4	9.6385e-01	8.3299e-01	0.880585	0
GYPC	4	9.6396e-01	8.3408e-01	0.881543	0
MYLK3	4	9.6396e-01	8.3408e-01	0.881543	0
TMEM120B	4	9.6398e-01	8.3408e-01	0.881543	0
SMUG1	4	9.6399e-01	8.3408e-01	0.881543	0
KLKB1	4	9.6408e-01	8.3510e-01	0.882523	0
PGAM5	4	9.6412e-01	8.3510e-01	0.882523	0
CYP1A1	4	9.6436e-01	8.3612e-01	0.883550	0
CEP76	4	9.6447e-01	8.3717e-01	0.884367	0
GPR137B	4	9.6448e-01	8.3717e-01	0.884367	0
GIMD1	4	9.6451e-01	8.3717e-01	0.884367	0
RAB26	4	9.6452e-01	8.3717e-01	0.884367	0
C12orf50	4	9.6460e-01	8.3717e-01	0.884367	0
TMEM138	4	9.6461e-01	8.3717e-01	0.884367	0
FAM111B	4	9.6469e-01	8.3919e-01	0.886456	0
C1orf194	4	9.6482e-01	8.4021e-01	0.887043	0
LINC00452	4	9.6483e-01	8.4021e-01	0.887043	0
OR8B3	4	9.6491e-01	8.4022e-01	0.887043	0
MID1IP1	4	9.6491e-01	8.4022e-01	0.887043	0
IL36A	4	9.6492e-01	8.4022e-01	0.887043	0
GCGR	4	9.6496e-01	8.4022e-01	0.887043	0
FDXACB1	4	9.6496e-01	8.4022e-01	0.887043	0
UEVLD	4	9.6497e-01	8.4022e-01	0.887043	0
SLC25A45	4	9.6499e-01	8.4022e-01	0.887043	0
GOT1L1	4	9.6505e-01	8.4022e-01	0.887043	0
SHARPIN	4	9.6512e-01	8.4118e-01	0.887572	0
UCP1	4	9.6513e-01	8.4118e-01	0.887572	0
TSKS	4	9.6520e-01	8.4118e-01	0.887572	0
ZSCAN30	4	9.6521e-01	8.4118e-01	0.887572	0
AMELY	4	9.6539e-01	8.4118e-01	0.887572	0
INAFM2	4	9.6540e-01	8.4118e-01	0.887572	0
C10orf131	4	9.6541e-01	8.4118e-01	0.887572	0
TRIP10	4	9.6549e-01	8.4118e-01	0.887572	0
ATF2	4	9.6551e-01	8.4118e-01	0.887572	0
NMRK2	4	9.6553e-01	8.4118e-01	0.887572	0
C6orf1	4	9.6557e-01	8.4318e-01	0.889243	0
PLEKHG3	4	9.6560e-01	8.4318e-01	0.889243	0
GLTP	4	9.6564e-01	8.4318e-01	0.889243	0
CCDC90B	4	9.6574e-01	8.4318e-01	0.889243	0
AK9	4	9.6580e-01	8.4318e-01	0.889243	0
CYB561A3	4	9.6582e-01	8.4318e-01	0.889243	0
NPHS1	4	9.6584e-01	8.4318e-01	0.889243	0
ZNF571	4	9.6587e-01	8.4318e-01	0.889243	0
C7orf61	4	9.6593e-01	8.4318e-01	0.889243	0
ZNF732	4	9.6596e-01	8.4516e-01	0.891182	0
CASS4	4	9.6597e-01	8.4516e-01	0.891182	0
TSPAN18	4	9.6601e-01	8.4516e-01	0.891182	0
AFM	4	9.6607e-01	8.4614e-01	0.891966	0
PAN2	4	9.6608e-01	8.4614e-01	0.891966	0
RAB19	4	9.6613e-01	8.4614e-01	0.891966	0
KRTAP26-1	4	9.6624e-01	8.4614e-01	0.891966	0
SYN2	4	9.6624e-01	8.4614e-01	0.891966	0
ATXN1	4	9.6628e-01	8.4714e-01	0.892926	0
SLC25A41	4	9.6631e-01	8.4714e-01	0.892926	0
OR2T11	4	9.6636e-01	8.4811e-01	0.893649	0
ITIH5	4	9.6643e-01	8.4811e-01	0.893649	0
UGT1A3	4	9.6645e-01	8.4811e-01	0.893649	0
TNS3	4	9.6646e-01	8.4811e-01	0.893649	0
C10orf25	4	9.6649e-01	8.4811e-01	0.893649	0
CACNA1F	4	9.6651e-01	8.4811e-01	0.893649	0
KIRREL3	4	9.6658e-01	8.4914e-01	0.894635	0
OR52N1	4	9.6665e-01	8.4914e-01	0.894635	0
GABBR1	4	9.6673e-01	8.5016e-01	0.895461	0
ZNF432	4	9.6676e-01	8.5016e-01	0.895461	0
NLRC3	4	9.6679e-01	8.5016e-01	0.895461	0
MAP1LC3A	4	9.6681e-01	8.5016e-01	0.895461	0
CARD17	4	9.6683e-01	8.5016e-01	0.895461	0
ADORA1	4	9.6687e-01	8.5214e-01	0.897206	0
LMO1	4	9.6689e-01	8.5214e-01	0.897206	0
NPAS2	4	9.6691e-01	8.5214e-01	0.897206	0
CBX4	4	9.6695e-01	8.5214e-01	0.897206	0
GLB1L3	4	9.6696e-01	8.5214e-01	0.897206	0
MCM8	4	9.6697e-01	8.5214e-01	0.897206	0
FAM65A	4	9.6708e-01	8.5407e-01	0.898787	0
STX5	4	9.6709e-01	8.5407e-01	0.898787	0
GIMAP2	4	9.6710e-01	8.5407e-01	0.898787	0
C16orf47	4	9.6712e-01	8.5407e-01	0.898787	0
CNFN	4	9.6713e-01	8.5407e-01	0.898787	0
HEPACAM2	4	9.6715e-01	8.5407e-01	0.898787	0
TTLL4	4	9.6716e-01	8.5407e-01	0.898787	0
COBLL1	4	9.6721e-01	8.5407e-01	0.898787	0
RDH5	4	9.6725e-01	8.5407e-01	0.898787	0
RNF125	4	9.6729e-01	8.5502e-01	0.899595	0
KCTD3	4	9.6735e-01	8.5502e-01	0.899595	0
MUM1L1	4	9.6738e-01	8.5502e-01	0.899595	0
POU2F1	4	9.6739e-01	8.5502e-01	0.899595	0
RAD51AP2	4	9.6743e-01	8.5594e-01	0.900466	0
ZNF596	4	9.6749e-01	8.5594e-01	0.900466	0
TMCO4	4	9.6756e-01	8.5778e-01	0.902246	0
CARD14	4	9.6756e-01	8.5778e-01	0.902246	0
DNAJB13	4	9.6759e-01	8.5778e-01	0.902246	0
ITGBL1	4	9.6762e-01	8.5872e-01	0.903185	0
TMEM127	4	9.6767e-01	8.5962e-01	0.904079	0
PSG1	4	9.6774e-01	8.6055e-01	0.904662	0
CCL1	4	9.6775e-01	8.6055e-01	0.904662	0
CDKN1A	4	9.6778e-01	8.6055e-01	0.904662	0
ERG	4	9.6778e-01	8.6055e-01	0.904662	0
FXYD6-FXYD2	4	9.6785e-01	8.6055e-01	0.904662	0
ZNF615	4	9.6785e-01	8.6055e-01	0.904662	0
PNMAL2	4	9.6787e-01	8.6055e-01	0.904662	0
RAB37	4	9.6791e-01	8.6055e-01	0.904662	0
TRIM32	4	9.6814e-01	8.6234e-01	0.906349	0
SLC30A8	4	9.6815e-01	8.6234e-01	0.906349	0
ARRDC1	4	9.6817e-01	8.6234e-01	0.906349	0
USP30	4	9.6824e-01	8.6234e-01	0.906349	0
KMT2D	4	9.6826e-01	8.6325e-01	0.906849	0
ZNF81	4	9.6826e-01	8.6325e-01	0.906849	0
PCDHGB5	4	9.6829e-01	8.6325e-01	0.906849	0
KPNA4	4	9.6832e-01	8.6325e-01	0.906849	0
TREML1	4	9.6835e-01	8.6325e-01	0.906849	0
KIF5B	4	9.6836e-01	8.6325e-01	0.906849	0
GDPD5	4	9.6836e-01	8.6325e-01	0.906849	0
SDR39U1	4	9.6840e-01	8.6325e-01	0.906849	0
LEAP2	4	9.6842e-01	8.6325e-01	0.906849	0
BAG6	4	9.6848e-01	8.6412e-01	0.907716	0
SLC9A3R2	4	9.6856e-01	8.6501e-01	0.908156	0
COL28A1	4	9.6856e-01	8.6501e-01	0.908156	0
WBP2	4	9.6863e-01	8.6501e-01	0.908156	0
HAND1	4	9.6865e-01	8.6501e-01	0.908156	0
TSC1	4	9.6870e-01	8.6501e-01	0.908156	0
OVOL3	4	9.6874e-01	8.6501e-01	0.908156	0
JAKMIP1	4	9.6880e-01	8.6501e-01	0.908156	0
ACTC1	4	9.6882e-01	8.6501e-01	0.908156	0
DCAF12L1	4	9.6883e-01	8.6501e-01	0.908156	0
NR2E1	4	9.6888e-01	8.6501e-01	0.908156	0
RS1	4	9.6891e-01	8.6682e-01	0.909757	0
LACTBL1	4	9.6893e-01	8.6682e-01	0.909757	0
RNF11	4	9.6901e-01	8.6682e-01	0.909757	0
CHP2	4	9.6902e-01	8.6682e-01	0.909757	0
CC2D2A	4	9.6907e-01	8.6682e-01	0.909757	0
KIAA1324L	4	9.6920e-01	8.6682e-01	0.909757	0
ABCD2	4	9.6929e-01	8.6769e-01	0.910515	0
EXOC3L1	4	9.6930e-01	8.6769e-01	0.910515	0
OR2J3	4	9.6932e-01	8.6769e-01	0.910515	0
MIER3	4	9.6940e-01	8.6856e-01	0.910876	0
HS1BP3	4	9.6947e-01	8.6856e-01	0.910876	0
DMRTC2	4	9.6955e-01	8.6856e-01	0.910876	0
ACTL7B	4	9.6956e-01	8.6856e-01	0.910876	0
FZD10	4	9.6959e-01	8.6856e-01	0.910876	0
TRMT1L	4	9.6964e-01	8.6856e-01	0.910876	0
LILRA1	4	9.6973e-01	8.6856e-01	0.910876	0
MYBPH	4	9.6977e-01	8.6856e-01	0.910876	0
LACC1	4	9.6981e-01	8.6856e-01	0.910876	0
PATZ1	4	9.6982e-01	8.6856e-01	0.910876	0
PCDH9	4	9.6986e-01	8.6856e-01	0.910876	0
MBP	4	9.6997e-01	8.6943e-01	0.911739	0
PLET1	4	9.7006e-01	8.7119e-01	0.913534	0
TCEAL7	4	9.7013e-01	8.7291e-01	0.915038	0
FUT4	4	9.7017e-01	8.7291e-01	0.915038	0
TMPRSS5	4	9.7018e-01	8.7291e-01	0.915038	0
CTF1	4	9.7019e-01	8.7291e-01	0.915038	0
NPR3	4	9.7025e-01	8.7291e-01	0.915038	0
GIT1	4	9.7028e-01	8.7291e-01	0.915038	0
NANOS2	4	9.7030e-01	8.7376e-01	0.915281	0
ABLIM1	4	9.7036e-01	8.7376e-01	0.915281	0
IDO1	4	9.7038e-01	8.7376e-01	0.915281	0
SH3RF3	4	9.7047e-01	8.7376e-01	0.915281	0
CEACAM3	4	9.7048e-01	8.7376e-01	0.915281	0
SOWAHB	4	9.7054e-01	8.7376e-01	0.915281	0
CLUAP1	4	9.7059e-01	8.7376e-01	0.915281	0
CBX8	4	9.7071e-01	8.7376e-01	0.915281	0
CHD3	4	9.7075e-01	8.7376e-01	0.915281	0
HSF5	4	9.7081e-01	8.7376e-01	0.915281	0
DCX	4	9.7087e-01	8.7376e-01	0.915281	0
PPP1CA	4	9.7090e-01	8.7376e-01	0.915281	0
CCDC7	4	9.7091e-01	8.7376e-01	0.915281	0
PAX1	4	9.7096e-01	8.7461e-01	0.916022	0
TATDN3	4	9.7101e-01	8.7461e-01	0.916022	0
MECP2	4	9.7106e-01	8.7461e-01	0.916022	0
SUB1	4	9.7110e-01	8.7545e-01	0.916753	0
SULT1A4	4	9.7112e-01	8.7546e-01	0.916753	0
HIPK4	4	9.7113e-01	8.7546e-01	0.916753	0
HSPA1B	4	9.7114e-01	8.7631e-01	0.917594	0
RAG2	4	9.7118e-01	8.7717e-01	0.918244	0
DDIAS	4	9.7119e-01	8.7717e-01	0.918244	0
ARMC2	4	9.7128e-01	8.7717e-01	0.918244	0
YIPF3	4	9.7129e-01	8.7717e-01	0.918244	0
RBM12B	4	9.7130e-01	8.7717e-01	0.918244	0
PDLIM2	4	9.7140e-01	8.7799e-01	0.919060	0
SLC25A20	4	9.7143e-01	8.7884e-01	0.919387	0
H1FOO	4	9.7144e-01	8.7884e-01	0.919387	0
FAM43A	4	9.7144e-01	8.7884e-01	0.919387	0
KRT3	4	9.7144e-01	8.7884e-01	0.919387	0
DHDH	4	9.7145e-01	8.7884e-01	0.919387	0
JMJD8	4	9.7152e-01	8.7884e-01	0.919387	0
BTN2A2	4	9.7155e-01	8.7884e-01	0.919387	0
TECR	4	9.7156e-01	8.7884e-01	0.919387	0
MAST2	4	9.7159e-01	8.7884e-01	0.919387	0
CD82	4	9.7160e-01	8.7884e-01	0.919387	0
RBM14-RBM4	4	9.7164e-01	8.7884e-01	0.919387	0
CCKBR	4	9.7175e-01	8.8130e-01	0.921865	0
ST3GAL2	4	9.7178e-01	8.8130e-01	0.921865	0
ELSPBP1	4	9.7180e-01	8.8211e-01	0.922131	0
LOC101927572	4	9.7180e-01	8.8211e-01	0.922131	0
IL17A	4	9.7183e-01	8.8211e-01	0.922131	0
TNP2	4	9.7188e-01	8.8211e-01	0.922131	0
MAP6D1	4	9.7191e-01	8.8211e-01	0.922131	0
MED19	4	9.7191e-01	8.8211e-01	0.922131	0
SLC6A16	4	9.7192e-01	8.8211e-01	0.922131	0
UBR7	4	9.7192e-01	8.8211e-01	0.922131	0
HSPA4	4	9.7195e-01	8.8211e-01	0.922131	0
DCAF4L1	4	9.7200e-01	8.8211e-01	0.922131	0
HOXB7	4	9.7202e-01	8.8291e-01	0.922131	0
RERG	4	9.7204e-01	8.8291e-01	0.922131	0
CIZ1	4	9.7208e-01	8.8291e-01	0.922131	0
DNM1	4	9.7209e-01	8.8291e-01	0.922131	0
MLXIP	4	9.7212e-01	8.8291e-01	0.922131	0
KCTD5	4	9.7214e-01	8.8291e-01	0.922131	0
MYO18A	4	9.7216e-01	8.8291e-01	0.922131	0
ZRANB3	4	9.7222e-01	8.8291e-01	0.922131	0
LRRC32	4	9.7222e-01	8.8291e-01	0.922131	0
LRRC30	4	9.7225e-01	8.8291e-01	0.922131	0
PARP9	4	9.7226e-01	8.8291e-01	0.922131	0
SLC38A6	4	9.7229e-01	8.8291e-01	0.922131	0
ABCG4	4	9.7233e-01	8.8291e-01	0.922131	0
TCTE1	4	9.7239e-01	8.8291e-01	0.922131	0
FBXO15	4	9.7239e-01	8.8291e-01	0.922131	0
DEFB103A	4	9.7240e-01	8.8291e-01	0.922131	0
CNDP2	4	9.7244e-01	8.8291e-01	0.922131	0
SH2D6	4	9.7245e-01	8.8291e-01	0.922131	0
GRK4	4	9.7246e-01	8.8367e-01	0.922325	0
C17orf47	4	9.7254e-01	8.8367e-01	0.922325	0
MUC21	4	9.7265e-01	8.8367e-01	0.922325	0
MESP2	4	9.7266e-01	8.8367e-01	0.922325	0
NPFFR2	4	9.7267e-01	8.8367e-01	0.922325	0
OR8B12	4	9.7273e-01	8.8367e-01	0.922325	0
SOX1	4	9.7273e-01	8.8367e-01	0.922325	0
ALPL	4	9.7278e-01	8.8367e-01	0.922325	0
ADRB3	4	9.7278e-01	8.8367e-01	0.922325	0
SUPT7L	4	9.7279e-01	8.8367e-01	0.922325	0
ASB11	4	9.7280e-01	8.8367e-01	0.922325	0
ABL2	4	9.7281e-01	8.8367e-01	0.922325	0
TMEM216	4	9.7283e-01	8.8445e-01	0.922652	0
ESRRB	4	9.7291e-01	8.8445e-01	0.922652	0
ST3GAL1	4	9.7291e-01	8.8445e-01	0.922652	0
FOXB2	4	9.7298e-01	8.8519e-01	0.922652	0
SMIM19	4	9.7299e-01	8.8519e-01	0.922652	0
STX4	4	9.7299e-01	8.8519e-01	0.922652	0
SPATA31D1	4	9.7300e-01	8.8519e-01	0.922652	0
LYRM1	4	9.7301e-01	8.8519e-01	0.922652	0
BMP2K	4	9.7304e-01	8.8519e-01	0.922652	0
STAG2	4	9.7305e-01	8.8519e-01	0.922652	0
SLC25A44	4	9.7306e-01	8.8519e-01	0.922652	0
OR5AK2	4	9.7309e-01	8.8519e-01	0.922652	0
ARHGAP31	4	9.7310e-01	8.8519e-01	0.922652	0
ITGA5	4	9.7312e-01	8.8519e-01	0.922652	0
NCOA5	4	9.7312e-01	8.8519e-01	0.922652	0
EPX	4	9.7320e-01	8.8519e-01	0.922652	0
TANC2	4	9.7321e-01	8.8519e-01	0.922652	0
RIPK4	4	9.7322e-01	8.8519e-01	0.922652	0
NTF3	4	9.7322e-01	8.8519e-01	0.922652	0
KEAP1	4	9.7333e-01	8.8519e-01	0.922652	0
TTC39C	4	9.7334e-01	8.8519e-01	0.922652	0
TTR	4	9.7336e-01	8.8519e-01	0.922652	0
SLC2A4	4	9.7337e-01	8.8519e-01	0.922652	0
CNGA3	4	9.7339e-01	8.8519e-01	0.922652	0
OR4A5	4	9.7340e-01	8.8519e-01	0.922652	0
DNAJC5B	4	9.7346e-01	8.8597e-01	0.923207	0
KIR3DL3	4	9.7347e-01	8.8597e-01	0.923207	0
STK24	4	9.7350e-01	8.8597e-01	0.923207	0
ZNF628	4	9.7356e-01	8.8597e-01	0.923207	0
KRT71	4	9.7356e-01	8.8597e-01	0.923207	0
COL4A5	4	9.7361e-01	8.8672e-01	0.923487	0
WLS	4	9.7361e-01	8.8672e-01	0.923487	0
CCDC149	4	9.7362e-01	8.8672e-01	0.923487	0
OR2B2	4	9.7363e-01	8.8672e-01	0.923487	0
TAAR1	4	9.7364e-01	8.8672e-01	0.923487	0
RUNDC3B	4	9.7365e-01	8.8672e-01	0.923487	0
GAS7	4	9.7372e-01	8.8672e-01	0.923487	0
CD28	4	9.7375e-01	8.8672e-01	0.923487	0
ATG9A	4	9.7377e-01	8.8672e-01	0.923487	0
FAT3	4	9.7378e-01	8.8672e-01	0.923487	0
KCNG1	4	9.7383e-01	8.8823e-01	0.924202	0
CMA1	4	9.7388e-01	8.8823e-01	0.924202	0
SLC6A4	4	9.7392e-01	8.8823e-01	0.924202	0
MEX3C	4	9.7395e-01	8.8823e-01	0.924202	0
SEC11C	4	9.7400e-01	8.8823e-01	0.924202	0
CLLU1OS	4	9.7405e-01	8.8823e-01	0.924202	0
HIBADH	4	9.7406e-01	8.8823e-01	0.924202	0
ZHX1-C8orf76	4	9.7407e-01	8.8823e-01	0.924202	0
OR52D1	4	9.7410e-01	8.8823e-01	0.924202	0
HSPG2	4	9.7411e-01	8.8823e-01	0.924202	0
WDR19	4	9.7412e-01	8.8823e-01	0.924202	0
MMD2	4	9.7416e-01	8.8823e-01	0.924202	0
CDV3	4	9.7418e-01	8.8823e-01	0.924202	0
ATG13	4	9.7418e-01	8.8823e-01	0.924202	0
SPATA31D4	4	9.7420e-01	8.8823e-01	0.924202	0
SPATA18	4	9.7423e-01	8.8823e-01	0.924202	0
TDRD9	4	9.7427e-01	8.8823e-01	0.924202	0
GOLGA7	4	9.7429e-01	8.8902e-01	0.924326	0
LCE6A	4	9.7431e-01	8.8902e-01	0.924326	0
FAM175A	4	9.7434e-01	8.8902e-01	0.924326	0
RTN4RL2	4	9.7435e-01	8.8902e-01	0.924326	0
MED13	4	9.7437e-01	8.8902e-01	0.924326	0
HMOX2	4	9.7446e-01	8.8902e-01	0.924326	0
KIAA1024L	4	9.7448e-01	8.8902e-01	0.924326	0
BRSK1	3	9.7449e-01	9.4098e-01	0.961606	0
ADAM7	4	9.7451e-01	8.8902e-01	0.924326	0
KCNE3	4	9.7452e-01	8.8902e-01	0.924326	0
SCGB2B2	4	9.7452e-01	8.8902e-01	0.924326	0
OR5R1	4	9.7456e-01	8.8902e-01	0.924326	0
MFSD6L	4	9.7458e-01	8.8902e-01	0.924326	0
KLRC2	4	9.7461e-01	8.8980e-01	0.924326	0
PITX2	4	9.7462e-01	8.8980e-01	0.924326	0
ANO5	4	9.7468e-01	8.8980e-01	0.924326	0
COL6A3	4	9.7480e-01	8.8980e-01	0.924326	0
MEIOB	4	9.7484e-01	8.8980e-01	0.924326	0
CCDC121	4	9.7484e-01	8.8980e-01	0.924326	0
OR51B6	4	9.7486e-01	8.8980e-01	0.924326	0
CCR8	4	9.7487e-01	8.8980e-01	0.924326	0
GNA14	4	9.7490e-01	8.8980e-01	0.924326	0
TIAF1	4	9.7496e-01	8.8980e-01	0.924326	0
RNF141	4	9.7498e-01	8.8980e-01	0.924326	0
NUDT14	4	9.7499e-01	8.8980e-01	0.924326	0
FIZ1	4	9.7500e-01	8.8980e-01	0.924326	0
AFF4	4	9.7510e-01	8.8980e-01	0.924326	0
ZNF320	4	9.7513e-01	8.8980e-01	0.924326	0
FTSJ1	4	9.7514e-01	8.8980e-01	0.924326	0
TMEM56	4	9.7518e-01	8.8980e-01	0.924326	0
MCIDAS	4	9.7525e-01	8.8980e-01	0.924326	0
GULP1	4	9.7527e-01	8.9132e-01	0.925761	0
MMP20	4	9.7531e-01	8.9132e-01	0.925761	0
C17orf75	4	9.7534e-01	8.9132e-01	0.925761	0
CLDND2	4	9.7541e-01	8.9286e-01	0.927308	0
PRDM8	4	9.7546e-01	8.9361e-01	0.927886	0
TMEM170A	4	9.7549e-01	8.9361e-01	0.927886	0
CORO6	4	9.7553e-01	8.9361e-01	0.927886	0
BAIAP3	4	9.7554e-01	8.9361e-01	0.927886	0
HEPHL1	4	9.7559e-01	8.9434e-01	0.928189	0
IGFL1	4	9.7571e-01	8.9434e-01	0.928189	0
TBC1D10C	4	9.7575e-01	8.9434e-01	0.928189	0
IFFO2	4	9.7577e-01	8.9434e-01	0.928189	0
FBXO39	4	9.7581e-01	8.9434e-01	0.928189	0
LZIC	4	9.7585e-01	8.9434e-01	0.928189	0
ZNF705D	4	9.7587e-01	8.9434e-01	0.928189	0
OR9I1	4	9.7589e-01	8.9434e-01	0.928189	0
ZSCAN23	4	9.7598e-01	8.9434e-01	0.928189	0
SPINK13	4	9.7602e-01	8.9513e-01	0.928707	0
P2RY1	4	9.7605e-01	8.9513e-01	0.928707	0
HIST1H2BK	4	9.7605e-01	8.9513e-01	0.928707	0
METTL4	4	9.7609e-01	8.9513e-01	0.928707	0
CSRP3	4	9.7610e-01	8.9513e-01	0.928707	0
TOR2A	4	9.7617e-01	8.9662e-01	0.929743	0
AGTPBP1	4	9.7619e-01	8.9662e-01	0.929743	0
RAB40C	4	9.7624e-01	8.9662e-01	0.929743	0
HNMT	4	9.7627e-01	8.9662e-01	0.929743	0
HSP90AB1	4	9.7628e-01	8.9662e-01	0.929743	0
SAMSN1	4	9.7632e-01	8.9662e-01	0.929743	0
CEACAM20	4	9.7633e-01	8.9662e-01	0.929743	0
POFUT2	4	9.7637e-01	8.9662e-01	0.929743	0
DGKH	4	9.7640e-01	8.9662e-01	0.929743	0
CD83	4	9.7643e-01	8.9662e-01	0.929743	0
FGFR1OP2	4	9.7649e-01	8.9732e-01	0.930175	0
SLC26A8	4	9.7651e-01	8.9732e-01	0.930175	0
TTC22	4	9.7652e-01	8.9732e-01	0.930175	0
HOXA9	4	9.7656e-01	8.9732e-01	0.930175	0
C19orf12	4	9.7657e-01	8.9732e-01	0.930175	0
PIP4K2B	4	9.7658e-01	8.9732e-01	0.930175	0
NTN3	4	9.7662e-01	8.9878e-01	0.931529	0
NSDHL	4	9.7663e-01	8.9878e-01	0.931529	0
PRKAG3	4	9.7665e-01	8.9878e-01	0.931529	0
FLRT1	4	9.7670e-01	8.9952e-01	0.931899	0
BEND4	4	9.7680e-01	8.9952e-01	0.931899	0
FOXF2	4	9.7689e-01	8.9952e-01	0.931899	0
EPM2AIP1	4	9.7691e-01	8.9952e-01	0.931899	0
WASF1	4	9.7693e-01	8.9952e-01	0.931899	0
APBA3	4	9.7694e-01	8.9952e-01	0.931899	0
ACTG1	4	9.7698e-01	8.9952e-01	0.931899	0
NR1H3	4	9.7703e-01	8.9952e-01	0.931899	0
SLC22A14	4	9.7705e-01	9.0024e-01	0.932540	0
CRIP1	4	9.7708e-01	9.0024e-01	0.932540	0
FAM171A1	4	9.7712e-01	9.0098e-01	0.933253	0
PLEKHS1	4	9.7715e-01	9.0170e-01	0.933847	0
KRT1	4	9.7721e-01	9.0170e-01	0.933847	0
CHSY1	4	9.7728e-01	9.0170e-01	0.933847	0
TEX28	4	9.7731e-01	9.0310e-01	0.934962	0
JPH2	4	9.7731e-01	9.0310e-01	0.934962	0
CCDC158	4	9.7736e-01	9.0310e-01	0.934962	0
LHFPL5	4	9.7737e-01	9.0310e-01	0.934962	0
ZNF354A	4	9.7742e-01	9.0310e-01	0.934962	0
NYX	4	9.7745e-01	9.0310e-01	0.934962	0
ATP9B	4	9.7746e-01	9.0380e-01	0.934962	0
GAL	4	9.7753e-01	9.0380e-01	0.934962	0
CD163	4	9.7766e-01	9.0380e-01	0.934962	0
CFH	4	9.7771e-01	9.0380e-01	0.934962	0
PDLIM7	4	9.7772e-01	9.0380e-01	0.934962	0
FHL3	4	9.7772e-01	9.0380e-01	0.934962	0
KCNK7	4	9.7780e-01	9.0380e-01	0.934962	0
ANKRD13D	4	9.7789e-01	9.0380e-01	0.934962	0
GCSAML	4	9.7789e-01	9.0380e-01	0.934962	0
SLC48A1	4	9.7790e-01	9.0380e-01	0.934962	0
BLOC1S1	4	9.7792e-01	9.0380e-01	0.934962	0
DHRS11	4	9.7796e-01	9.0380e-01	0.934962	0
SCX	4	9.7797e-01	9.0380e-01	0.934962	0
LOC400927-CSNK1E	4	9.7797e-01	9.0380e-01	0.934962	0
RUNX1T1	4	9.7800e-01	9.0380e-01	0.934962	0
PRY2	4	9.7804e-01	9.0450e-01	0.935124	0
RASA2	4	9.7805e-01	9.0450e-01	0.935124	0
NEU4	4	9.7810e-01	9.0450e-01	0.935124	0
NRAP	4	9.7811e-01	9.0450e-01	0.935124	0
PRSS8	4	9.7812e-01	9.0450e-01	0.935124	0
ZBP1	4	9.7815e-01	9.0450e-01	0.935124	0
FZD2	4	9.7815e-01	9.0450e-01	0.935124	0
NEU3	4	9.7824e-01	9.0450e-01	0.935124	0
LRRC19	4	9.7825e-01	9.0450e-01	0.935124	0
DNAJC22	4	9.7827e-01	9.0450e-01	0.935124	0
RNF152	4	9.7828e-01	9.0450e-01	0.935124	0
NUAK1	4	9.7839e-01	9.0655e-01	0.937150	0
RNF126	4	9.7843e-01	9.0655e-01	0.937150	0
NSUN5	4	9.7850e-01	9.0724e-01	0.937658	0
MEFV	4	9.7853e-01	9.0724e-01	0.937658	0
SRA1	4	9.7857e-01	9.0724e-01	0.937658	0
C21orf58	4	9.7859e-01	9.0724e-01	0.937658	0
LYPD5	4	9.7865e-01	9.0791e-01	0.938248	0
CST2	4	9.7867e-01	9.0791e-01	0.938248	0
ANKRD1	4	9.7879e-01	9.0995e-01	0.939438	0
AGPAT6	4	9.7879e-01	9.0995e-01	0.939438	0
PPCDC	4	9.7881e-01	9.0995e-01	0.939438	0
MACF1	4	9.7887e-01	9.0995e-01	0.939438	0
RC3H1	4	9.7888e-01	9.0995e-01	0.939438	0
TNXB	4	9.7888e-01	9.0995e-01	0.939438	0
KIAA1191	4	9.7890e-01	9.0995e-01	0.939438	0
CNNM1	4	9.7893e-01	9.0995e-01	0.939438	0
DUOX1	4	9.7897e-01	9.0995e-01	0.939438	0
SBF1	4	9.7903e-01	9.0995e-01	0.939438	0
SYCE1L	4	9.7905e-01	9.0995e-01	0.939438	0
SRI	4	9.7912e-01	9.0995e-01	0.939438	0
SMPX	4	9.7914e-01	9.0995e-01	0.939438	0
AUH	4	9.7915e-01	9.0995e-01	0.939438	0
STAR	4	9.7915e-01	9.0995e-01	0.939438	0
KIAA1841	4	9.7916e-01	9.0995e-01	0.939438	0
MTTP	4	9.7916e-01	9.0995e-01	0.939438	0
CELA2B	4	9.7917e-01	9.0995e-01	0.939438	0
KRT36	4	9.7929e-01	9.1126e-01	0.940339	0
PICALM	4	9.7929e-01	9.1126e-01	0.940339	0
C22orf29	4	9.7932e-01	9.1126e-01	0.940339	0
RPS4Y1	4	9.7932e-01	9.1126e-01	0.940339	0
SCARA3	4	9.7939e-01	9.1126e-01	0.940339	0
DCUN1D5	4	9.7940e-01	9.1126e-01	0.940339	0
TSGA10	4	9.7943e-01	9.1126e-01	0.940339	0
CRAMP1L	4	9.7948e-01	9.1126e-01	0.940339	0
WDR87	4	9.7949e-01	9.1126e-01	0.940339	0
FADS2	4	9.7955e-01	9.1191e-01	0.940729	0
ATP4A	4	9.7956e-01	9.1191e-01	0.940729	0
MROH5	4	9.7971e-01	9.1258e-01	0.940729	0
NEBL	4	9.7972e-01	9.1258e-01	0.940729	0
MXI1	4	9.7977e-01	9.1258e-01	0.940729	0
CLDN11	4	9.7978e-01	9.1258e-01	0.940729	0
NF1	4	9.7980e-01	9.1258e-01	0.940729	0
CDKN2A	4	9.7981e-01	9.1258e-01	0.940729	0
ZNF800	4	9.7992e-01	9.1258e-01	0.940729	0
ROBO1	4	9.7996e-01	9.1258e-01	0.940729	0
ABO	4	9.7998e-01	9.1258e-01	0.940729	0
RAVER1	4	9.7999e-01	9.1258e-01	0.940729	0
C16orf90	4	9.8004e-01	9.1258e-01	0.940729	0
ZNRF3	4	9.8005e-01	9.1258e-01	0.940729	0
RAB6B	4	9.8009e-01	9.1258e-01	0.940729	0
HNRNPAB	4	9.8011e-01	9.1258e-01	0.940729	0
PPAPDC2	4	9.8013e-01	9.1258e-01	0.940729	0
SMCO3	4	9.8016e-01	9.1258e-01	0.940729	0
KIF16B	4	9.8017e-01	9.1258e-01	0.940729	0
CALN1	4	9.8021e-01	9.1319e-01	0.941161	0
STK26	4	9.8025e-01	9.1319e-01	0.941161	0
VSIG10L	4	9.8027e-01	9.1319e-01	0.941161	0
SLC39A1	4	9.8030e-01	9.1319e-01	0.941161	0
IL12A	4	9.8033e-01	9.1382e-01	0.941758	0
TMEM239	4	9.8038e-01	9.1446e-01	0.942365	0
FAM86C1	4	9.8049e-01	9.1508e-01	0.942959	0
GLTSCR1	4	9.8059e-01	9.1574e-01	0.943173	0
ULK2	4	9.8059e-01	9.1574e-01	0.943173	0
NHLRC4	4	9.8061e-01	9.1574e-01	0.943173	0
PITPNM2	4	9.8063e-01	9.1574e-01	0.943173	0
NIPSNAP1	4	9.8063e-01	9.1574e-01	0.943173	0
PPP1R17	4	9.8079e-01	9.1574e-01	0.943173	0
LRRC66	4	9.8085e-01	9.1574e-01	0.943173	0
GHRHR	4	9.8088e-01	9.1574e-01	0.943173	0
TAS2R30	4	9.8092e-01	9.1574e-01	0.943173	0
LNX1	4	9.8093e-01	9.1636e-01	0.943407	0
C9orf62	4	9.8100e-01	9.1636e-01	0.943407	0
C1orf110	4	9.8109e-01	9.1636e-01	0.943407	0
SOHLH2	4	9.8112e-01	9.1636e-01	0.943407	0
KIAA0368	4	9.8113e-01	9.1636e-01	0.943407	0
TRIM7	4	9.8114e-01	9.1636e-01	0.943407	0
PRICKLE2	4	9.8115e-01	9.1636e-01	0.943407	0
FZD5	4	9.8116e-01	9.1636e-01	0.943407	0
EML3	4	9.8120e-01	9.1698e-01	0.943951	0
KLK1	4	9.8128e-01	9.1699e-01	0.943951	0
HCN1	4	9.8134e-01	9.1759e-01	0.944317	0
LETM2	4	9.8138e-01	9.1759e-01	0.944317	0
DTWD2	4	9.8143e-01	9.1759e-01	0.944317	0
LRRK1	4	9.8147e-01	9.1759e-01	0.944317	0
RFPL2	4	9.8149e-01	9.1759e-01	0.944317	0
TMEM171	4	9.8153e-01	9.1818e-01	0.944524	0
LATS1	4	9.8154e-01	9.1818e-01	0.944524	0
ITGB4	4	9.8158e-01	9.1818e-01	0.944524	0
TXNIP	4	9.8160e-01	9.1818e-01	0.944524	0
DHODH	4	9.8166e-01	9.1818e-01	0.944524	0
SERPINA4	4	9.8167e-01	9.1818e-01	0.944524	0
ACSS1	4	9.8168e-01	9.1818e-01	0.944524	0
CHL1	4	9.8171e-01	9.1818e-01	0.944524	0
PCDHGA6	4	9.8173e-01	9.1882e-01	0.944971	0
RLN2	4	9.8175e-01	9.1882e-01	0.944971	0
GRIN2B	4	9.8177e-01	9.1882e-01	0.944971	0
AWAT1	4	9.8183e-01	9.1882e-01	0.944971	0
MAGEE1	4	9.8188e-01	9.1942e-01	0.945487	0
KCTD20	4	9.8190e-01	9.1942e-01	0.945487	0
TSPY4	4	9.8201e-01	9.2005e-01	0.946089	0
SCGB1D4	4	9.8203e-01	9.2062e-01	0.946573	0
SLC17A6	4	9.8207e-01	9.2062e-01	0.946573	0
TARBP2	4	9.8214e-01	9.2123e-01	0.946792	0
TMEM123	4	9.8216e-01	9.2123e-01	0.946792	0
CDKN2AIPNL	4	9.8218e-01	9.2123e-01	0.946792	0
ADRA1A	4	9.8219e-01	9.2123e-01	0.946792	0
METAP1D	4	9.8219e-01	9.2123e-01	0.946792	0
CCL28	4	9.8220e-01	9.2123e-01	0.946792	0
C1orf111	4	9.8222e-01	9.2123e-01	0.946792	0
HIP1	4	9.8226e-01	9.2123e-01	0.946792	0
APOA1	4	9.8232e-01	9.2186e-01	0.947391	0
UGT1A6	4	9.8242e-01	9.2244e-01	0.947937	0
BBS9	4	9.8248e-01	9.2300e-01	0.948308	0
C6orf163	4	9.8250e-01	9.2300e-01	0.948308	0
MXD4	4	9.8254e-01	9.2300e-01	0.948308	0
MPV17L	4	9.8256e-01	9.2300e-01	0.948308	0
USP14	4	9.8261e-01	9.2359e-01	0.948805	0
ZNF587	4	9.8263e-01	9.2359e-01	0.948805	0
C15orf39	4	9.8268e-01	9.2476e-01	0.949853	0
CTPS2	4	9.8269e-01	9.2476e-01	0.949853	0
ADRM1	4	9.8273e-01	9.2476e-01	0.949853	0
SLC16A4	4	9.8282e-01	9.2530e-01	0.950363	0
C17orf112	4	9.8284e-01	9.2589e-01	0.950810	0
ZNF718	4	9.8286e-01	9.2589e-01	0.950810	0
PLXNA1	4	9.8287e-01	9.2589e-01	0.950810	0
FOXR1	4	9.8292e-01	9.2645e-01	0.951332	0
ZNF229	4	9.8309e-01	9.2754e-01	0.952349	0
NSG1	4	9.8311e-01	9.2754e-01	0.952349	0
UBE2L6	4	9.8320e-01	9.2807e-01	0.952849	0
ROS1	4	9.8324e-01	9.2864e-01	0.953377	0
MAK	4	9.8327e-01	9.2918e-01	0.953783	0
C1orf167	4	9.8328e-01	9.2918e-01	0.953783	0
IRF3	4	9.8329e-01	9.2918e-01	0.953783	0
CRTAM	4	9.8333e-01	9.2975e-01	0.954317	0
FANK1	4	9.8337e-01	9.3032e-01	0.954847	0
SDS	4	9.8342e-01	9.3089e-01	0.954977	0
SYNE4	4	9.8343e-01	9.3089e-01	0.954977	0
OR4F6	4	9.8344e-01	9.3089e-01	0.954977	0
KRTAP19-3	4	9.8344e-01	9.3089e-01	0.954977	0
LCOR	4	9.8352e-01	9.3089e-01	0.954977	0
RTP4	4	9.8353e-01	9.3089e-01	0.954977	0
TSPAN1	4	9.8354e-01	9.3089e-01	0.954977	0
ASAH1	4	9.8356e-01	9.3089e-01	0.954977	0
NELL2	4	9.8357e-01	9.3089e-01	0.954977	0
FAM221B	4	9.8358e-01	9.3143e-01	0.955471	0
CCNY	4	9.8374e-01	9.3196e-01	0.955921	0
EPHB1	4	9.8378e-01	9.3196e-01	0.955921	0
GDPD2	4	9.8383e-01	9.3250e-01	0.956369	0
B3GALT5	4	9.8389e-01	9.3250e-01	0.956369	0
GPR173	4	9.8395e-01	9.3302e-01	0.956389	0
CEMIP	4	9.8396e-01	9.3302e-01	0.956389	0
GLI4	4	9.8400e-01	9.3302e-01	0.956389	0
UBP1	4	9.8400e-01	9.3302e-01	0.956389	0
GALNT3	4	9.8401e-01	9.3302e-01	0.956389	0
BOLA2B	4	9.8404e-01	9.3302e-01	0.956389	0
ACBD6	4	9.8404e-01	9.3302e-01	0.956389	0
NPRL2	4	9.8406e-01	9.3302e-01	0.956389	0
BSPH1	4	9.8407e-01	9.3302e-01	0.956389	0
CDK17	4	9.8407e-01	9.3302e-01	0.956389	0
ANKHD1-EIF4EBP3	4	9.8411e-01	9.3357e-01	0.956845	0
CASQ1	4	9.8413e-01	9.3357e-01	0.956845	0
OR6C74	4	9.8416e-01	9.3408e-01	0.957323	0
RAPGEFL1	4	9.8420e-01	9.3458e-01	0.957735	0
MLYCD	4	9.8426e-01	9.3458e-01	0.957735	0
LIPA	4	9.8431e-01	9.3512e-01	0.958129	0
NOX4	4	9.8432e-01	9.3512e-01	0.958129	0
TTC30A	4	9.8432e-01	9.3512e-01	0.958129	0
PRPSAP1	4	9.8440e-01	9.3613e-01	0.959066	0
PRR23B	4	9.8442e-01	9.3613e-01	0.959066	0
HOXC10	4	9.8444e-01	9.3665e-01	0.959436	0
ARHGEF4	4	9.8444e-01	9.3665e-01	0.959436	0
KLRF2	4	9.8446e-01	9.3665e-01	0.959436	0
TRIM8	4	9.8451e-01	9.3713e-01	0.959675	0
TRIML1	4	9.8451e-01	9.3713e-01	0.959675	0
EIF2AK3	4	9.8458e-01	9.3713e-01	0.959675	0
KRTAP3-1	4	9.8459e-01	9.3713e-01	0.959675	0
FAM167B	4	9.8460e-01	9.3713e-01	0.959675	0
GMCL1	4	9.8465e-01	9.3762e-01	0.959868	0
CHRNA2	4	9.8468e-01	9.3762e-01	0.959868	0
DSG2	4	9.8469e-01	9.3762e-01	0.959868	0
LRRC41	4	9.8483e-01	9.3762e-01	0.959868	0
FOXC1	4	9.8483e-01	9.3762e-01	0.959868	0
YAF2	4	9.8485e-01	9.3762e-01	0.959868	0
RDH16	4	9.8489e-01	9.3814e-01	0.959989	0
USP44	4	9.8492e-01	9.3814e-01	0.959989	0
RGS7BP	4	9.8496e-01	9.3814e-01	0.959989	0
TMEM225	4	9.8497e-01	9.3814e-01	0.959989	0
TSC2	4	9.8500e-01	9.3814e-01	0.959989	0
CLEC4D	4	9.8503e-01	9.3814e-01	0.959989	0
PHLDA1	4	9.8510e-01	9.3814e-01	0.959989	0
KDM1B	4	9.8510e-01	9.3814e-01	0.959989	0
PLAUR	4	9.8511e-01	9.3862e-01	0.960330	0
GFOD1	4	9.8513e-01	9.3862e-01	0.960330	0
PYCR1	4	9.8514e-01	9.3862e-01	0.960330	0
SMIM13	4	9.8531e-01	9.4012e-01	0.960832	0
ASUN	4	9.8533e-01	9.4012e-01	0.960832	0
NR1H4	4	9.8539e-01	9.4012e-01	0.960832	0
TECTA	4	9.8541e-01	9.4012e-01	0.960832	0
ZNF419	4	9.8544e-01	9.4012e-01	0.960832	0
CRTC1	4	9.8558e-01	9.4012e-01	0.960832	0
TPRG1	4	9.8561e-01	9.4012e-01	0.960832	0
OR2H2	4	9.8563e-01	9.4012e-01	0.960832	0
MSANTD3	4	9.8565e-01	9.4012e-01	0.960832	0
GSN	4	9.8569e-01	9.4012e-01	0.960832	0
OR5AS1	4	9.8570e-01	9.4012e-01	0.960832	0
C1QTNF3	4	9.8570e-01	9.4012e-01	0.960832	0
LDB2	4	9.8570e-01	9.4012e-01	0.960832	0
C15orf65	4	9.8571e-01	9.4012e-01	0.960832	0
FTL	4	9.8573e-01	9.4012e-01	0.960832	0
STRN4	4	9.8576e-01	9.4012e-01	0.960832	0
TK2	4	9.8586e-01	9.4012e-01	0.960832	0
VN1R2	4	9.8586e-01	9.4012e-01	0.960832	0
HOXB4	4	9.8588e-01	9.4012e-01	0.960832	0
PPAP2C	4	9.8590e-01	9.4012e-01	0.960832	0
RANBP10	4	9.8592e-01	9.4062e-01	0.961293	0
UBXN8	3	9.8605e-01	9.7681e-01	0.989214	0
MS4A3	4	9.8605e-01	9.4162e-01	0.962164	0
RARRES3	4	9.8607e-01	9.4162e-01	0.962164	0
BCKDK	4	9.8612e-01	9.4212e-01	0.962621	0
MZT2A	4	9.8614e-01	9.4259e-01	0.962948	0
KBTBD12	4	9.8615e-01	9.4259e-01	0.962948	0
DAPP1	4	9.8615e-01	9.4259e-01	0.962948	0
PIAS2	4	9.8621e-01	9.4308e-01	0.963296	0
ZNF595	4	9.8624e-01	9.4309e-01	0.963296	0
LCMT2	4	9.8625e-01	9.4309e-01	0.963296	0
UNC79	4	9.8627e-01	9.4354e-01	0.963705	0
SCN1B	4	9.8634e-01	9.4493e-01	0.964713	0
CAPRIN1	4	9.8634e-01	9.4493e-01	0.964713	0
FSD1L	4	9.8635e-01	9.4493e-01	0.964713	0
DNTT	4	9.8639e-01	9.4493e-01	0.964713	0
CREG2	4	9.8640e-01	9.4493e-01	0.964713	0
MFSD4	4	9.8641e-01	9.4493e-01	0.964713	0
DNMT3B	4	9.8642e-01	9.4493e-01	0.964713	0
ENTPD4	4	9.8642e-01	9.4493e-01	0.964713	0
TBC1D22B	4	9.8646e-01	9.4536e-01	0.964896	0
GPX3	4	9.8648e-01	9.4536e-01	0.964896	0
BTLA	4	9.8652e-01	9.4536e-01	0.964896	0
ZNF660	4	9.8654e-01	9.4536e-01	0.964896	0
C8orf46	4	9.8655e-01	9.4536e-01	0.964896	0
ZNF587B	4	9.8658e-01	9.4583e-01	0.965223	0
ZNF461	4	9.8658e-01	9.4583e-01	0.965223	0
CRYBA1	4	9.8660e-01	9.4583e-01	0.965223	0
PIF1	3	9.8677e-01	9.7850e-01	0.989735	0
TMEM203	4	9.8679e-01	9.4670e-01	0.965698	0
WNK2	4	9.8680e-01	9.4670e-01	0.965698	0
SOAT2	4	9.8681e-01	9.4670e-01	0.965698	0
EVC2	4	9.8683e-01	9.4670e-01	0.965698	0
NEGR1	4	9.8684e-01	9.4670e-01	0.965698	0
DMRT2	4	9.8686e-01	9.4670e-01	0.965698	0
TTC19	4	9.8688e-01	9.4670e-01	0.965698	0
LRRC6	4	9.8688e-01	9.4670e-01	0.965698	0
MRC2	4	9.8690e-01	9.4716e-01	0.965907	0
HNF1A	4	9.8690e-01	9.4716e-01	0.965907	0
FAM171A2	4	9.8693e-01	9.4716e-01	0.965907	0
TSGA13	4	9.8695e-01	9.4716e-01	0.965907	0
ZBTB5	4	9.8695e-01	9.4716e-01	0.965907	0
EVI2B	4	9.8702e-01	9.4803e-01	0.966696	0
SMARCA2	4	9.8710e-01	9.4803e-01	0.966696	0
CRY1	4	9.8715e-01	9.4848e-01	0.967095	0
ARHGAP28	4	9.8722e-01	9.4892e-01	0.967348	0
RFPL4AL1	4	9.8722e-01	9.4892e-01	0.967348	0
HOXC12	4	9.8724e-01	9.4892e-01	0.967348	0
RNF169	4	9.8730e-01	9.4893e-01	0.967348	0
ASB5	4	9.8740e-01	9.4935e-01	0.967522	0
TMEM185A	4	9.8742e-01	9.4935e-01	0.967522	0
IL22	4	9.8742e-01	9.4935e-01	0.967522	0
FAM47E-STBD1	4	9.8746e-01	9.4935e-01	0.967522	0
TRIL	4	9.8759e-01	9.4935e-01	0.967522	0
PVRL4	4	9.8766e-01	9.4977e-01	0.967896	0
ZNF266	4	9.8777e-01	9.5021e-01	0.968145	0
KCNA10	3	9.8783e-01	9.8035e-01	0.990883	0
TPD52L1	4	9.8785e-01	9.5021e-01	0.968145	0
A1CF	4	9.8789e-01	9.5021e-01	0.968145	0
PIM1	4	9.8797e-01	9.5021e-01	0.968145	0
CSH1	4	9.8797e-01	9.5067e-01	0.968512	0
CBFB	4	9.8800e-01	9.5068e-01	0.968512	0
MLF2	4	9.8806e-01	9.5110e-01	0.968892	0
TP53TG3	4	9.8812e-01	9.5153e-01	0.969280	0
NT5C3A	4	9.8817e-01	9.5195e-01	0.969658	0
OR5K3	4	9.8819e-01	9.5236e-01	0.969974	0
EED	4	9.8820e-01	9.5236e-01	0.969974	0
AVP	4	9.8827e-01	9.5279e-01	0.970256	0
C3orf52	4	9.8828e-01	9.5279e-01	0.970256	0
IQCA1L	4	9.8829e-01	9.5279e-01	0.970256	0
PLEKHA1	4	9.8837e-01	9.5397e-01	0.971398	0
TXK	4	9.8838e-01	9.5435e-01	0.971735	0
WWC2	4	9.8845e-01	9.5513e-01	0.972481	0
C16orf92	4	9.8855e-01	9.5593e-01	0.973032	0
NDUFA13	4	9.8858e-01	9.5593e-01	0.973032	0
BOD1L2	4	9.8860e-01	9.5593e-01	0.973032	0
TYMS	4	9.8865e-01	9.5593e-01	0.973032	0
SLC4A3	4	9.8867e-01	9.5593e-01	0.973032	0
PLEK	4	9.8870e-01	9.5670e-01	0.973669	0
TYW1	4	9.8873e-01	9.5670e-01	0.973669	0
DCUN1D3	4	9.8876e-01	9.5670e-01	0.973669	0
VSIG10	4	9.8883e-01	9.5707e-01	0.973888	0
CARD11	4	9.8884e-01	9.5707e-01	0.973888	0
PSEN2	4	9.8885e-01	9.5707e-01	0.973888	0
C11orf30	4	9.8890e-01	9.5743e-01	0.974049	0
PRR14	4	9.8891e-01	9.5743e-01	0.974049	0
NOMO3	4	9.8892e-01	9.5743e-01	0.974049	0
C2	4	9.8892e-01	9.5743e-01	0.974049	0
AGRP	4	9.8894e-01	9.5782e-01	0.974389	0
PHLPP1	4	9.8899e-01	9.5855e-01	0.974820	0
UHRF1BP1	4	9.8901e-01	9.5855e-01	0.974820	0
RNASE12	4	9.8906e-01	9.5855e-01	0.974820	0
TRIM55	4	9.8908e-01	9.5855e-01	0.974820	0
SETDB1	4	9.8910e-01	9.5855e-01	0.974820	0
OR6C6	4	9.8911e-01	9.5855e-01	0.974820	0
DCUN1D4	4	9.8913e-01	9.5891e-01	0.975086	0
USP2	4	9.8916e-01	9.5891e-01	0.975086	0
ZNF366	4	9.8917e-01	9.5929e-01	0.975347	0
SEZ6	4	9.8921e-01	9.5929e-01	0.975347	0
GALR1	4	9.8923e-01	9.5963e-01	0.975347	0
DUOX2	4	9.8924e-01	9.5963e-01	0.975347	0
CS	4	9.8927e-01	9.5963e-01	0.975347	0
LRRC27	4	9.8929e-01	9.5963e-01	0.975347	0
CAP2	4	9.8929e-01	9.5963e-01	0.975347	0
MBD2	4	9.8932e-01	9.5963e-01	0.975347	0
HTRA4	4	9.8935e-01	9.5963e-01	0.975347	0
ERO1L	4	9.8941e-01	9.6104e-01	0.976675	0
NGB	4	9.8942e-01	9.6104e-01	0.976675	0
HIST1H4B	4	9.8946e-01	9.6139e-01	0.976977	0
RBP3	4	9.8963e-01	9.6209e-01	0.977375	0
CDCA7L	4	9.8965e-01	9.6209e-01	0.977375	0
MAPK3	4	9.8966e-01	9.6209e-01	0.977375	0
EDAR	4	9.8968e-01	9.6209e-01	0.977375	0
SHKBP1	4	9.8972e-01	9.6209e-01	0.977375	0
ARID3B	4	9.8974e-01	9.6209e-01	0.977375	0
IFNA10	4	9.8990e-01	9.6278e-01	0.978024	0
ZNF784	4	9.9001e-01	9.6310e-01	0.978305	0
LSM1	3	9.9002e-01	9.8368e-01	0.992818	0
OR13D1	4	9.9003e-01	9.6346e-01	0.978462	0
EID2	4	9.9004e-01	9.6346e-01	0.978462	0
PPP1R3F	4	9.9004e-01	9.6346e-01	0.978462	0
C17orf102	4	9.9005e-01	9.6346e-01	0.978462	0
RAD23A	4	9.9010e-01	9.6414e-01	0.978998	0
FKBP11	4	9.9012e-01	9.6414e-01	0.978998	0
TUBA8	4	9.9017e-01	9.6414e-01	0.978998	0
KCNN2	4	9.9025e-01	9.6574e-01	0.980570	0
DIXDC1	4	9.9032e-01	9.6605e-01	0.980832	0
ACSM5	4	9.9042e-01	9.6637e-01	0.981053	0
CYP8B1	4	9.9043e-01	9.6637e-01	0.981053	0
MTRF1	4	9.9054e-01	9.6669e-01	0.981067	0
PLAGL1	4	9.9056e-01	9.6669e-01	0.981067	0
C22orf34	4	9.9057e-01	9.6669e-01	0.981067	0
PABPC1L2A	4	9.9058e-01	9.6669e-01	0.981067	0
PSD	4	9.9059e-01	9.6669e-01	0.981067	0
CSRP1	4	9.9060e-01	9.6669e-01	0.981067	0
MAP2K1	4	9.9064e-01	9.6733e-01	0.981655	0
SGCZ	4	9.9071e-01	9.6764e-01	0.981875	0
INHBE	4	9.9074e-01	9.6765e-01	0.981875	0
ZFAND4	4	9.9078e-01	9.6795e-01	0.982136	0
SPINT3	4	9.9082e-01	9.6828e-01	0.982364	0
VKORC1	4	9.9094e-01	9.6828e-01	0.982364	0
PGPEP1L	4	9.9099e-01	9.6889e-01	0.982875	0
PTEN	4	9.9101e-01	9.6889e-01	0.982875	0
PPCS	4	9.9102e-01	9.6920e-01	0.983090	0
CBX1	4	9.9105e-01	9.6920e-01	0.983090	0
TMEM263	4	9.9108e-01	9.6950e-01	0.983339	0
ATF7IP	4	9.9109e-01	9.6981e-01	0.983551	0
DDX3Y	4	9.9114e-01	9.6981e-01	0.983551	0
TMEM45B	4	9.9118e-01	9.7009e-01	0.983682	0
UNK	4	9.9124e-01	9.7009e-01	0.983682	0
CLYBL	4	9.9126e-01	9.7009e-01	0.983682	0
C12orf71	4	9.9130e-01	9.7037e-01	0.983911	0
NR0B2	4	9.9136e-01	9.7097e-01	0.984361	0
PEAK1	4	9.9137e-01	9.7097e-01	0.984361	0
TRIM54	4	9.9138e-01	9.7097e-01	0.984361	0
LRMP	3	9.9139e-01	9.8648e-01	0.994386	0
CAPNS2	4	9.9146e-01	9.7126e-01	0.984551	0
ENOPH1	4	9.9149e-01	9.7126e-01	0.984551	0
ZNF843	4	9.9158e-01	9.7180e-01	0.985043	0
HAAO	4	9.9170e-01	9.7235e-01	0.985555	0
ZNF585A	4	9.9172e-01	9.7289e-01	0.985937	0
RXFP2	4	9.9174e-01	9.7289e-01	0.985937	0
MCUR1	4	9.9174e-01	9.7289e-01	0.985937	0
PXDNL	4	9.9183e-01	9.7368e-01	0.986690	0
DDIT4L	4	9.9185e-01	9.7394e-01	0.986695	0
SCRN1	4	9.9185e-01	9.7394e-01	0.986695	0
PTPN6	4	9.9186e-01	9.7394e-01	0.986695	0
C16orf13	4	9.9186e-01	9.7394e-01	0.986695	0
RNF167	4	9.9186e-01	9.7394e-01	0.986695	0
IQGAP1	4	9.9213e-01	9.7543e-01	0.988092	0
ACTA1	4	9.9214e-01	9.7543e-01	0.988092	0
OR6C3	4	9.9217e-01	9.7568e-01	0.988192	0
KCNG4	4	9.9217e-01	9.7568e-01	0.988192	0
N4BP1	4	9.9218e-01	9.7568e-01	0.988192	0
SPIN1	4	9.9223e-01	9.7617e-01	0.988639	0
DTNA	4	9.9234e-01	9.7715e-01	0.989214	0
HLA-DPA1	4	9.9240e-01	9.7715e-01	0.989214	0
RAI2	4	9.9240e-01	9.7715e-01	0.989214	0
ATL3	4	9.9241e-01	9.7715e-01	0.989214	0
PRRG3	4	9.9242e-01	9.7715e-01	0.989214	0
FBXL19	4	9.9246e-01	9.7715e-01	0.989214	0
SHPK	4	9.9247e-01	9.7715e-01	0.989214	0
EYA2	4	9.9250e-01	9.7740e-01	0.989406	0
ALPPL2	4	9.9253e-01	9.7764e-01	0.989441	0
WIPI2	4	9.9253e-01	9.7764e-01	0.989441	0
WRN	4	9.9254e-01	9.7764e-01	0.989441	0
CLIP3	4	9.9255e-01	9.7764e-01	0.989441	0
SBK1	4	9.9260e-01	9.7787e-01	0.989463	0
HTR1B	4	9.9260e-01	9.7787e-01	0.989463	0
LEUTX	4	9.9263e-01	9.7787e-01	0.989463	0
ST8SIA3	4	9.9264e-01	9.7787e-01	0.989463	0
CCDC15	4	9.9268e-01	9.7808e-01	0.989576	0
TAOK1	4	9.9268e-01	9.7808e-01	0.989576	0
MCEMP1	4	9.9271e-01	9.7830e-01	0.989591	0
KCNIP4	4	9.9272e-01	9.7830e-01	0.989591	0
ANAPC16	4	9.9273e-01	9.7830e-01	0.989591	0
CHRDL2	4	9.9274e-01	9.7830e-01	0.989591	0
PAG1	3	9.9275e-01	9.8887e-01	0.996194	0
WDR31	4	9.9278e-01	9.7873e-01	0.989822	0
C12orf42	4	9.9280e-01	9.7873e-01	0.989822	0
C17orf78	4	9.9284e-01	9.7895e-01	0.989822	0
ZP3	4	9.9285e-01	9.7895e-01	0.989822	0
ZFAND2B	4	9.9290e-01	9.7895e-01	0.989822	0
CCDC71	4	9.9292e-01	9.7895e-01	0.989822	0
RAPSN	4	9.9294e-01	9.7895e-01	0.989822	0
PGP	4	9.9307e-01	9.7960e-01	0.990378	0
LYN	4	9.9308e-01	9.7960e-01	0.990378	0
OPHN1	4	9.9313e-01	9.7982e-01	0.990442	0
SLC43A2	4	9.9322e-01	9.7982e-01	0.990442	0
ZNF471	4	9.9322e-01	9.7982e-01	0.990442	0
SLC10A2	4	9.9328e-01	9.8046e-01	0.990883	0
CCL8	4	9.9328e-01	9.8046e-01	0.990883	0
MBOAT1	4	9.9331e-01	9.8046e-01	0.990883	0
FOXO3	4	9.9331e-01	9.8068e-01	0.991001	0
CLMN	4	9.9332e-01	9.8068e-01	0.991001	0
CRISP2	4	9.9334e-01	9.8090e-01	0.991007	0
POGK	4	9.9344e-01	9.8090e-01	0.991007	0
ZMYND11	4	9.9345e-01	9.8090e-01	0.991007	0
ZNF771	4	9.9346e-01	9.8090e-01	0.991007	0
GPX6	4	9.9353e-01	9.8149e-01	0.991554	0
AGAP1	4	9.9356e-01	9.8188e-01	0.991897	0
JMJD7-PLA2G4B	4	9.9357e-01	9.8206e-01	0.991919	0
MUC1	4	9.9357e-01	9.8206e-01	0.991919	0
OR2AT4	4	9.9360e-01	9.8206e-01	0.991919	0
PML	4	9.9361e-01	9.8225e-01	0.992038	0
ROCK1	4	9.9361e-01	9.8245e-01	0.992038	0
LMNB1	4	9.9370e-01	9.8245e-01	0.992038	0
ELOVL5	4	9.9372e-01	9.8245e-01	0.992038	0
ZNF655	4	9.9379e-01	9.8264e-01	0.992038	0
GLYATL2	4	9.9379e-01	9.8264e-01	0.992038	0
UGDH	4	9.9380e-01	9.8264e-01	0.992038	0
LAMA1	4	9.9380e-01	9.8264e-01	0.992038	0
BCAM	4	9.9381e-01	9.8264e-01	0.992038	0
FHL2	4	9.9396e-01	9.8341e-01	0.992761	0
DMRTA2	4	9.9399e-01	9.8359e-01	0.992788	0
REG3G	4	9.9405e-01	9.8359e-01	0.992788	0
OR6C4	4	9.9405e-01	9.8359e-01	0.992788	0
SPACA3	4	9.9409e-01	9.8378e-01	0.992868	0
FBLN1	4	9.9410e-01	9.8397e-01	0.993014	0
LYRM9	4	9.9418e-01	9.8433e-01	0.993166	0
CA10	4	9.9421e-01	9.8433e-01	0.993166	0
HIVEP1	4	9.9426e-01	9.8433e-01	0.993166	0
TPBG	4	9.9428e-01	9.8433e-01	0.993166	0
ANKRD61	4	9.9429e-01	9.8452e-01	0.993248	0
SLCO4C1	4	9.9429e-01	9.8452e-01	0.993248	0
C16orf87	4	9.9439e-01	9.8505e-01	0.993627	0
BTNL9	4	9.9441e-01	9.8505e-01	0.993627	0
KRT77	4	9.9442e-01	9.8505e-01	0.993627	0
MAP4K4	4	9.9446e-01	9.8523e-01	0.993759	0
ZNF346	4	9.9453e-01	9.8558e-01	0.993950	0
ZNF286A	4	9.9453e-01	9.8558e-01	0.993950	0
SLC39A13	4	9.9454e-01	9.8558e-01	0.993950	0
TKTL1	4	9.9458e-01	9.8608e-01	0.994340	0
IGF1	4	9.9461e-01	9.8608e-01	0.994340	0
TMEM265	4	9.9462e-01	9.8624e-01	0.994340	0
PHF14	4	9.9464e-01	9.8624e-01	0.994340	0
C16orf45	4	9.9467e-01	9.8624e-01	0.994340	0
PRSS23	4	9.9470e-01	9.8638e-01	0.994340	0
ZNF567	4	9.9477e-01	9.8638e-01	0.994340	0
PAN3	4	9.9488e-01	9.8638e-01	0.994340	0
CD320	4	9.9492e-01	9.8670e-01	0.994562	0
DPY19L2	4	9.9495e-01	9.8686e-01	0.994665	0
HIST1H2AA	4	9.9501e-01	9.8700e-01	0.994756	0
OAS1	4	9.9502e-01	9.8715e-01	0.994856	0
RNF2	4	9.9507e-01	9.8730e-01	0.994950	0
ATP6V1B1	4	9.9512e-01	9.8803e-01	0.995536	0
CTSV	4	9.9513e-01	9.8804e-01	0.995536	0
RNASE6	4	9.9513e-01	9.8804e-01	0.995536	0
PBRM1	4	9.9520e-01	9.8846e-01	0.995915	0
LYPLA1	4	9.9531e-01	9.8861e-01	0.996012	0
ZNF774	4	9.9542e-01	9.8890e-01	0.996194	0
CHST8	4	9.9549e-01	9.8918e-01	0.996320	0
OXSR1	4	9.9549e-01	9.8918e-01	0.996320	0
ASRGL1	4	9.9549e-01	9.8918e-01	0.996320	0
RIN3	4	9.9550e-01	9.8944e-01	0.996527	0
MED16	4	9.9558e-01	9.8998e-01	0.997026	0
DKK1	4	9.9574e-01	9.9073e-01	0.997724	0
ABHD12B	4	9.9588e-01	9.9119e-01	0.997974	0
SLX1A	4	9.9593e-01	9.9119e-01	0.997974	0
GSG1L	4	9.9595e-01	9.9119e-01	0.997974	0
DNAJA1	4	9.9598e-01	9.9119e-01	0.997974	0
PATE4	4	9.9601e-01	9.9130e-01	0.998036	0
PPP1R13B	4	9.9604e-01	9.9153e-01	0.998062	0
C9orf57	4	9.9605e-01	9.9153e-01	0.998062	0
NRGN	4	9.9606e-01	9.9153e-01	0.998062	0
TMEM8A	4	9.9606e-01	9.9153e-01	0.998062	0
CENPU	4	9.9612e-01	9.9174e-01	0.998217	0
AIP	4	9.9617e-01	9.9207e-01	0.998395	0
RAB3IL1	4	9.9618e-01	9.9207e-01	0.998395	0
UGCG	4	9.9618e-01	9.9207e-01	0.998395	0
SOX30	4	9.9622e-01	9.9217e-01	0.998442	0
OR5AR1	4	9.9626e-01	9.9227e-01	0.998487	0
HELZ	4	9.9629e-01	9.9248e-01	0.998647	0
PTPN14	4	9.9634e-01	9.9268e-01	0.998790	0
RENBP	4	9.9635e-01	9.9278e-01	0.998842	0
FPR1	4	9.9636e-01	9.9288e-01	0.998873	0
PTGFR	4	9.9640e-01	9.9297e-01	0.998873	0
USP28	4	9.9640e-01	9.9297e-01	0.998873	0
CDKN2C	4	9.9654e-01	9.9307e-01	0.998873	0
OR5T2	4	9.9656e-01	9.9307e-01	0.998873	0
TMEM243	4	9.9657e-01	9.9316e-01	0.998914	0
SLCO2B1	4	9.9665e-01	9.9345e-01	0.999098	0
PRSS27	4	9.9665e-01	9.9345e-01	0.999098	0
C11orf97	4	9.9670e-01	9.9373e-01	0.999320	0
THRA	4	9.9677e-01	9.9407e-01	0.999356	0
MRAS	4	9.9685e-01	9.9407e-01	0.999356	0
KRTAP9-1	4	9.9686e-01	9.9407e-01	0.999356	0
OR2G3	4	9.9689e-01	9.9407e-01	0.999356	0
PLAC8	4	9.9693e-01	9.9407e-01	0.999356	0
SLC16A6	4	9.9694e-01	9.9407e-01	0.999356	0
HRH4	4	9.9699e-01	9.9416e-01	0.999385	0
GIMAP4	4	9.9701e-01	9.9432e-01	0.999443	0
DLAT	4	9.9703e-01	9.9432e-01	0.999443	0
MCCC2	4	9.9707e-01	9.9441e-01	0.999482	0
GPR137	4	9.9713e-01	9.9455e-01	0.999575	0
ZKSCAN1	4	9.9718e-01	9.9473e-01	0.999627	0
CCDC36	4	9.9719e-01	9.9473e-01	0.999627	0
C16orf54	4	9.9725e-01	9.9505e-01	0.999627	0
MBD1	4	9.9726e-01	9.9505e-01	0.999627	0
BCAP29	4	9.9726e-01	9.9505e-01	0.999627	0
CRNN	4	9.9726e-01	9.9505e-01	0.999627	0
AQP12A	4	9.9728e-01	9.9505e-01	0.999627	0
TCTEX1D1	4	9.9732e-01	9.9519e-01	0.999627	0
ARMC3	4	9.9733e-01	9.9519e-01	0.999627	0
LY6G6D	4	9.9736e-01	9.9527e-01	0.999627	0
TNFAIP6	4	9.9742e-01	9.9534e-01	0.999627	0
KCNH2	4	9.9744e-01	9.9534e-01	0.999627	0
TULP2	3	9.9745e-01	9.9709e-01	1.000000	0
NREP	4	9.9749e-01	9.9563e-01	0.999627	0
DNAH3	4	9.9751e-01	9.9563e-01	0.999627	0
NPTXR	4	9.9760e-01	9.9570e-01	0.999627	0
BRD9	4	9.9762e-01	9.9570e-01	0.999627	0
GABRA3	4	9.9770e-01	9.9570e-01	0.999627	0
TIGD5	4	9.9771e-01	9.9570e-01	0.999627	0
TMEM254	4	9.9772e-01	9.9570e-01	0.999627	0
WNT7A	4	9.9772e-01	9.9570e-01	0.999627	0
LRP2BP	4	9.9775e-01	9.9576e-01	0.999627	0
DAGLB	4	9.9777e-01	9.9576e-01	0.999627	0
STAB1	4	9.9791e-01	9.9596e-01	0.999742	0
DCTPP1	4	9.9797e-01	9.9608e-01	0.999742	0
FZD8	4	9.9799e-01	9.9608e-01	0.999742	0
RASSF8	4	9.9800e-01	9.9608e-01	0.999742	0
OVCH1	4	9.9812e-01	9.9646e-01	1.000000	0
CEBPA	4	9.9812e-01	9.9646e-01	1.000000	0
ARMC4	4	9.9818e-01	9.9669e-01	1.000000	0
MICAL1	4	9.9825e-01	9.9679e-01	1.000000	0
ACAD11	4	9.9825e-01	9.9679e-01	1.000000	0
ZNF816-ZNF321P	4	9.9832e-01	9.9690e-01	1.000000	0
XPR1	4	9.9833e-01	9.9690e-01	1.000000	0
MBOAT4	4	9.9833e-01	9.9690e-01	1.000000	0
UBE4A	4	9.9834e-01	9.9690e-01	1.000000	0
NSUN6	4	9.9835e-01	9.9690e-01	1.000000	0
ARAP1	4	9.9840e-01	9.9719e-01	1.000000	0
MKNK1	4	9.9846e-01	9.9728e-01	1.000000	0
KCNK4	4	9.9846e-01	9.9728e-01	1.000000	0
NAGPA	4	9.9850e-01	9.9737e-01	1.000000	0
TBK1	4	9.9851e-01	9.9737e-01	1.000000	0
MAP7D1	4	9.9852e-01	9.9737e-01	1.000000	0
ABCB5	4	9.9856e-01	9.9746e-01	1.000000	0
OR5AN1	4	9.9858e-01	9.9746e-01	1.000000	0
CASR	4	9.9861e-01	9.9754e-01	1.000000	0
SCP2D1	4	9.9862e-01	9.9759e-01	1.000000	0
PLEKHH1	4	9.9862e-01	9.9759e-01	1.000000	0
SCCPDH	3	9.9863e-01	9.9876e-01	1.000000	0
NCOA2	4	9.9873e-01	9.9773e-01	1.000000	0
EHD1	4	9.9876e-01	9.9781e-01	1.000000	0
CCDC88A	4	9.9877e-01	9.9781e-01	1.000000	0
INSC	4	9.9878e-01	9.9781e-01	1.000000	0
ACACA	4	9.9880e-01	9.9781e-01	1.000000	0
NRP1	4	9.9883e-01	9.9793e-01	1.000000	0
MORC3	4	9.9884e-01	9.9798e-01	1.000000	0
GPRIN1	4	9.9891e-01	9.9819e-01	1.000000	0
MED24	4	9.9895e-01	9.9823e-01	1.000000	0
TMEM231	4	9.9897e-01	9.9823e-01	1.000000	0
PLA2G1B	4	9.9899e-01	9.9834e-01	1.000000	0
NUDT16	4	9.9900e-01	9.9837e-01	1.000000	0
ZNF267	4	9.9902e-01	9.9840e-01	1.000000	0
APLP1	4	9.9909e-01	9.9852e-01	1.000000	0
PHIP	4	9.9912e-01	9.9864e-01	1.000000	0
ARIH2	4	9.9912e-01	9.9864e-01	1.000000	0
TGFB1I1	4	9.9919e-01	9.9883e-01	1.000000	0
LPPR3	4	9.9922e-01	9.9891e-01	1.000000	0
NRTN	4	9.9924e-01	9.9894e-01	1.000000	0
ACOX1	4	9.9940e-01	9.9922e-01	1.000000	0
WIF1	4	9.9942e-01	9.9928e-01	1.000000	0
ULBP1	4	9.9942e-01	9.9928e-01	1.000000	0
RUNX2	4	9.9942e-01	9.9928e-01	1.000000	0
CYTIP	4	9.9947e-01	9.9943e-01	1.000000	0
ADIPOR2	4	9.9947e-01	9.9943e-01	1.000000	0
TLR7	4	9.9949e-01	9.9944e-01	1.000000	0
ARNT	4	9.9955e-01	9.9951e-01	1.000000	0
FOXRED1	4	9.9957e-01	9.9954e-01	1.000000	0
PAGR1	4	9.9961e-01	9.9959e-01	1.000000	0
SETD1B	4	9.9962e-01	9.9959e-01	1.000000	0
MUC3A	4	9.9963e-01	9.9960e-01	1.000000	0
MIA	4	9.9970e-01	9.9968e-01	1.000000	0
CYP26C1	3	9.9972e-01	9.9990e-01	1.000000	0
FNBP1L	4	9.9972e-01	9.9976e-01	1.000000	0
LIPI	4	9.9978e-01	9.9984e-01	1.000000	0
OR52I1	4	9.9987e-01	9.9990e-01	1.000000	0
AHR	4	9.9988e-01	9.9991e-01	1.000000	0
SYTL3	4	9.9989e-01	9.9993e-01	1.000000	0
GALC	4	9.9990e-01	9.9993e-01	1.000000	0
FBLN7	4	9.9993e-01	9.9996e-01	1.000000	0
SMARCD1	4	9.9993e-01	9.9997e-01	1.000000	0
RUNX1	4	9.9996e-01	9.9999e-01	1.000000	0
NAT2	4	9.9996e-01	9.9999e-01	1.000000	0
FXYD3	4	9.9999e-01	1.0000e+00	1.000000	0
IFNA8	4	1.0000e+00	1.0000e+00	1.000000	0
ARNTL	4	1.0000e+00	1.0000e+00	1.000000	0
