group_id	items_in_group	lo_value	p	FDR	goodsgrna
FAU	4	2.1487e-11	2.5901e-07	0.000005	4
NEDD8	4	1.3429e-08	2.5901e-07	0.000005	4
RPL19	4	1.4629e-08	2.5901e-07	0.000005	4
FBL	4	1.7899e-08	2.5901e-07	0.000005	4
VRK1	4	2.8693e-08	2.5901e-07	0.000005	4
PSMA7	4	3.5098e-08	2.5901e-07	0.000005	4
NOP58	4	3.7827e-08	2.5901e-07	0.000005	4
EIF6	4	4.0860e-08	2.5901e-07	0.000005	4
ACTR10	4	5.0015e-08	2.5901e-07	0.000005	4
LSM11	4	5.5037e-08	2.5901e-07	0.000005	4
NCBP1	4	5.6920e-08	2.5901e-07	0.000005	4
PAFAH1B1	4	5.9680e-08	2.5901e-07	0.000005	4
HSPD1	4	6.1634e-08	2.5901e-07	0.000005	4
PSMA5	4	9.4110e-08	2.5901e-07	0.000005	4
SBDS	4	1.1224e-07	2.5901e-07	0.000005	4
RPL17	4	1.1320e-07	2.5901e-07	0.000005	4
TOP2A	4	1.3910e-07	2.5901e-07	0.000005	4
ETF1	4	1.4173e-07	2.5901e-07	0.000005	4
POLR2L	4	1.5141e-07	2.5901e-07	0.000005	4
EIF2S1	4	1.5301e-07	2.5901e-07	0.000005	4
POLE2	4	1.6537e-07	2.5901e-07	0.000005	4
SKP1	4	1.6580e-07	2.5901e-07	0.000005	4
BUB3	4	1.6750e-07	2.5901e-07	0.000005	4
CCT7	4	1.6965e-07	2.5901e-07	0.000005	4
CDIPT	4	1.7402e-07	2.5901e-07	0.000005	4
HSPE1	4	1.8949e-07	2.5901e-07	0.000005	4
POLR1C	4	1.9091e-07	2.5901e-07	0.000005	4
MCM7	4	1.9280e-07	2.5901e-07	0.000005	4
ORAOV1	4	1.9376e-07	2.5901e-07	0.000005	4
KPNB1	4	1.9471e-07	2.5901e-07	0.000005	4
PGAM1	4	2.3544e-07	2.5901e-07	0.000005	4
NUDT21	4	2.5540e-07	2.5901e-07	0.000005	4
RRM1	4	2.6553e-07	2.5901e-07	0.000005	4
DPH3	4	2.7597e-07	2.5901e-07	0.000005	4
RPL7	4	2.7847e-07	2.5901e-07	0.000005	4
PRIM1	4	2.8864e-07	2.5901e-07	0.000005	4
HSPA5	4	3.0107e-07	2.5901e-07	0.000005	4
EIF2S3	4	3.3320e-07	2.5901e-07	0.000005	4
CSE1L	4	3.4815e-07	2.5901e-07	0.000005	4
SEC61A1	4	3.5242e-07	2.5901e-07	0.000005	4
POLR3B	4	3.8114e-07	2.5901e-07	0.000005	4
PSMB7	4	3.9725e-07	2.5901e-07	0.000005	4
DARS	4	4.1982e-07	2.5901e-07	0.000005	4
COPA	4	4.3276e-07	2.5901e-07	0.000005	4
RPP21	4	4.6137e-07	2.5901e-07	0.000005	4
PLK1	4	4.6504e-07	2.5901e-07	0.000005	4
PSMB4	4	4.6725e-07	2.5901e-07	0.000005	4
RFC2	4	4.6735e-07	2.5901e-07	0.000005	4
UXT	4	4.8564e-07	2.5901e-07	0.000005	4
SRSF7	4	4.9042e-07	2.5901e-07	0.000005	4
ANAPC11	4	5.2534e-07	2.5901e-07	0.000005	4
RPS6	4	5.2787e-07	2.5901e-07	0.000005	4
CCT4	4	5.5365e-07	2.5901e-07	0.000005	4
DNM2	4	5.7495e-07	2.5901e-07	0.000005	4
NDNL2	4	5.9242e-07	2.5901e-07	0.000005	4
PCNA	4	6.8093e-07	2.5901e-07	0.000005	4
PHB	4	6.9079e-07	2.5901e-07	0.000005	4
GTPBP4	4	6.9194e-07	2.5901e-07	0.000005	4
ARPC3	4	6.9203e-07	2.5901e-07	0.000005	4
RPL37A	4	7.0159e-07	2.5901e-07	0.000005	4
ATP6V0C	4	7.0705e-07	2.5901e-07	0.000005	4
RPLP0	4	7.0957e-07	2.5901e-07	0.000005	4
SNRPF	4	7.2615e-07	2.5901e-07	0.000005	4
TRRAP	4	7.4106e-07	2.5901e-07	0.000005	4
SYS1	4	7.4696e-07	2.5901e-07	0.000005	4
PDCD2	4	7.5223e-07	2.5901e-07	0.000005	4
RPS15A	4	7.5753e-07	2.5901e-07	0.000005	4
RPS3A	4	7.7494e-07	2.5901e-07	0.000005	4
RSL24D1	4	7.7630e-07	2.5901e-07	0.000005	4
EIF4G1	4	8.1627e-07	2.5901e-07	0.000005	4
TAF2	4	8.3041e-07	2.5901e-07	0.000005	4
NAA10	4	8.4762e-07	2.5901e-07	0.000005	4
EIF2B3	4	8.5632e-07	2.5901e-07	0.000005	4
HSPA9	4	8.6216e-07	2.5901e-07	0.000005	4
PHF5A	4	8.9669e-07	2.5901e-07	0.000005	4
UBE2I	4	9.0084e-07	2.5901e-07	0.000005	4
PSMG3	4	9.2067e-07	2.5901e-07	0.000005	4
WDR75	4	9.5499e-07	2.5901e-07	0.000005	3
IARS2	4	9.7406e-07	2.5901e-07	0.000005	4
POT1	4	9.7566e-07	2.5901e-07	0.000005	4
SNRPD3	4	1.0082e-06	2.5901e-07	0.000005	4
FAM96B	4	1.0115e-06	2.5901e-07	0.000005	4
TUT1	4	1.0148e-06	2.5901e-07	0.000005	4
RPS14	4	1.0164e-06	2.5901e-07	0.000005	4
RAD51	4	1.0364e-06	2.5901e-07	0.000005	4
DHX37	4	1.0466e-06	2.5901e-07	0.000005	4
RPL11	4	1.0765e-06	2.5901e-07	0.000005	4
CIAO1	4	1.0808e-06	2.5901e-07	0.000005	4
SRSF1	4	1.1027e-06	2.5901e-07	0.000005	4
DTL	4	1.1051e-06	2.5901e-07	0.000005	4
GNL3	4	1.1646e-06	2.5901e-07	0.000005	4
SNRPD2	4	1.1775e-06	2.5901e-07	0.000005	4
ATP6AP1	4	1.1887e-06	2.5901e-07	0.000005	4
RPS20	4	1.1999e-06	2.5901e-07	0.000005	4
CCT2	4	1.2206e-06	2.5901e-07	0.000005	4
ILF3	4	1.2984e-06	2.5901e-07	0.000005	4
WDR3	4	1.3435e-06	2.5901e-07	0.000005	3
DAD1	4	1.3571e-06	2.5901e-07	0.000005	4
NUF2	4	1.3660e-06	2.5901e-07	0.000005	4
VARS	4	1.3736e-06	2.5901e-07	0.000005	4
DNAJC17	4	1.3819e-06	2.5901e-07	0.000005	4
DKC1	4	1.3987e-06	2.5901e-07	0.000005	4
NIP7	4	1.4262e-06	2.5901e-07	0.000005	4
RPS8	4	1.4760e-06	2.5901e-07	0.000005	4
SKIV2L2	4	1.5046e-06	2.5901e-07	0.000005	4
POLR3A	4	1.5315e-06	2.5901e-07	0.000005	4
WDR74	4	1.5633e-06	2.5901e-07	0.000005	4
ARCN1	4	1.5839e-06	2.5901e-07	0.000005	4
GOSR2	4	1.5955e-06	2.5901e-07	0.000005	4
CDK7	4	1.6060e-06	2.5901e-07	0.000005	4
SNW1	4	1.6142e-06	2.5901e-07	0.000005	4
RPL37	4	1.6236e-06	2.5901e-07	0.000005	4
TIMELESS	4	1.6259e-06	2.5901e-07	0.000005	4
SACM1L	4	1.6687e-06	2.5901e-07	0.000005	4
PELP1	4	1.6832e-06	2.5901e-07	0.000005	4
RPS17	4	1.6953e-06	2.5901e-07	0.000005	4
CDC42	4	1.7124e-06	2.5901e-07	0.000005	4
ATP6V1E1	4	1.7531e-06	2.5901e-07	0.000005	4
CCNH	4	1.7820e-06	2.5901e-07	0.000005	4
MARS	4	1.7845e-06	2.5901e-07	0.000005	4
RPF2	4	1.8022e-06	2.5901e-07	0.000005	4
ALDOA	4	1.8150e-06	2.5901e-07	0.000005	4
LOC100507462	4	1.8158e-06	2.5901e-07	0.000005	4
TRMT5	4	1.8201e-06	2.5901e-07	0.000005	4
RPL8	4	1.8355e-06	2.5901e-07	0.000005	4
IMP4	4	1.8485e-06	2.5901e-07	0.000005	4
CARS	4	1.8667e-06	2.5901e-07	0.000005	4
FERMT2	4	1.9870e-06	2.5901e-07	0.000005	4
RPL31	4	1.9925e-06	2.5901e-07	0.000005	4
GRPEL1	4	2.0201e-06	2.5901e-07	0.000005	4
GNL3L	4	2.0256e-06	2.5901e-07	0.000005	4
COPB1	4	2.0620e-06	2.5901e-07	0.000005	4
DDX21	4	2.0648e-06	2.5901e-07	0.000005	4
RPS18	4	2.1037e-06	2.5901e-07	0.000005	4
SNRNP35	4	2.1217e-06	2.5901e-07	0.000005	4
FARSA	4	2.1304e-06	2.5901e-07	0.000005	4
PFDN2	4	2.1477e-06	2.5901e-07	0.000005	4
U2AF1	4	2.1564e-06	2.5901e-07	0.000005	4
RPS28	4	2.2301e-06	2.5901e-07	0.000005	4
MFN2	4	2.3118e-06	2.5901e-07	0.000005	4
DDX54	4	2.3365e-06	2.5901e-07	0.000005	4
PCID2	4	2.3644e-06	2.5901e-07	0.000005	4
AURKB	4	2.3656e-06	2.5901e-07	0.000005	4
NOL9	4	2.4084e-06	2.5901e-07	0.000005	4
DDX47	4	2.4210e-06	2.5901e-07	0.000005	4
PPIL2	4	2.4449e-06	2.5901e-07	0.000005	4
ATP6V0B	4	2.4755e-06	2.5901e-07	0.000005	4
EXOSC2	4	2.5242e-06	2.5901e-07	0.000005	4
DHRS7B	4	2.5638e-06	2.5901e-07	0.000005	4
PRPF19	4	2.6837e-06	2.5901e-07	0.000005	4
PDPK1	4	2.7024e-06	2.5901e-07	0.000005	4
DDX55	4	2.7058e-06	2.5901e-07	0.000005	4
SNRPD1	4	2.7580e-06	2.5901e-07	0.000005	4
ACTR2	4	2.7755e-06	2.5901e-07	0.000005	4
RPTOR	4	2.7825e-06	2.5901e-07	0.000005	4
RPS27	4	2.8322e-06	2.5901e-07	0.000005	4
MTOR	4	2.8447e-06	2.5901e-07	0.000005	4
VPS25	4	2.8609e-06	2.5901e-07	0.000005	4
RFC3	4	2.8717e-06	2.5901e-07	0.000005	4
USP39	4	2.8861e-06	2.5901e-07	0.000005	4
PRMT5	4	2.9372e-06	2.5901e-07	0.000005	4
CCT5	4	3.0564e-06	2.5901e-07	0.000005	4
CDK1	4	3.0944e-06	2.5901e-07	0.000005	4
TRIAP1	4	3.1250e-06	2.5901e-07	0.000005	4
CPSF3	4	3.1598e-06	2.5901e-07	0.000005	4
CCT6A	4	3.2380e-06	2.5901e-07	0.000005	4
RPS4X	4	3.2657e-06	2.5901e-07	0.000005	4
STRAP	4	3.4982e-06	2.5901e-07	0.000005	4
ECD	4	3.5108e-06	2.5901e-07	0.000005	4
RPL10	4	3.5234e-06	2.5901e-07	0.000005	4
USO1	4	3.5318e-06	2.5901e-07	0.000005	4
CSTF3	4	3.5571e-06	2.5901e-07	0.000005	4
TTI1	4	3.6168e-06	2.5901e-07	0.000005	4
WDHD1	4	3.6491e-06	2.5901e-07	0.000005	4
UBA3	4	3.7428e-06	2.5901e-07	0.000005	4
UBL5	4	3.7472e-06	2.5901e-07	0.000005	4
EFTUD2	4	3.8048e-06	2.5901e-07	0.000005	4
GPN2	4	3.8608e-06	2.5901e-07	0.000005	4
COPE	4	3.9106e-06	2.5901e-07	0.000005	4
C1orf131	4	3.9266e-06	2.5901e-07	0.000005	4
RPS12	4	3.9862e-06	2.5901e-07	0.000005	4
SMU1	4	4.0001e-06	2.5901e-07	0.000005	4
MED11	4	4.0186e-06	2.5901e-07	0.000005	4
PSMB2	4	4.0465e-06	2.5901e-07	0.000005	4
ATP6V1C1	4	4.0559e-06	2.5901e-07	0.000005	4
NCAPD3	4	4.0629e-06	2.5901e-07	0.000005	4
SEC13	4	4.0981e-06	2.5901e-07	0.000005	4
EIF5	4	4.2220e-06	2.5901e-07	0.000005	4
RPL10A	4	4.2389e-06	2.5901e-07	0.000005	4
HARS	4	4.2850e-06	2.5901e-07	0.000005	4
PSMA6	4	4.3045e-06	2.5901e-07	0.000005	4
RABGGTA	4	4.4480e-06	2.5901e-07	0.000005	4
MAK16	4	4.5034e-06	2.5901e-07	0.000005	4
TUBB	4	4.5135e-06	2.5901e-07	0.000005	4
CLTC	4	4.5925e-06	2.5901e-07	0.000005	4
COPG1	4	4.7220e-06	2.5901e-07	0.000005	4
RFC5	4	4.7248e-06	2.5901e-07	0.000005	4
DTYMK	4	4.7774e-06	2.5901e-07	0.000005	4
SAP18	4	4.7986e-06	2.5901e-07	0.000005	4
SNRPG	4	4.8305e-06	2.5901e-07	0.000005	4
RPL38	4	4.9760e-06	2.5901e-07	0.000005	4
C12orf45	4	5.0252e-06	2.5901e-07	0.000005	4
TCP1	4	5.0637e-06	2.5901e-07	0.000005	4
SPDL1	4	5.1639e-06	2.5901e-07	0.000005	4
CCDC84	4	5.1663e-06	2.5901e-07	0.000005	4
DCTN6	4	5.1779e-06	2.5901e-07	0.000005	4
DDX18	4	5.1779e-06	2.5901e-07	0.000005	4
WBSCR22	4	5.2711e-06	2.5901e-07	0.000005	4
NOP16	4	5.2954e-06	2.5901e-07	0.000005	4
EIF1AX	4	5.4498e-06	2.5901e-07	0.000005	4
GLTSCR2	4	5.4731e-06	2.5901e-07	0.000005	4
ALG13	4	5.4907e-06	2.5901e-07	0.000005	4
PSMB1	4	5.5025e-06	2.5901e-07	0.000005	4
EEF1A1	4	5.7595e-06	2.5901e-07	0.000005	4
VPS52	4	5.7717e-06	2.5901e-07	0.000005	4
NARFL	4	5.7839e-06	2.5901e-07	0.000005	4
XPO1	3	5.8886e-06	2.5901e-07	0.000005	3
MOCS3	4	6.0067e-06	2.5901e-07	0.000005	4
ARPC4	4	6.1587e-06	2.5901e-07	0.000005	4
RUVBL1	4	6.2164e-06	2.5901e-07	0.000005	4
NLE1	4	6.2229e-06	2.5901e-07	0.000005	4
VPS29	4	6.2358e-06	2.5901e-07	0.000005	4
PSMB3	4	6.3071e-06	2.5901e-07	0.000005	4
TBCD	4	6.3856e-06	2.5901e-07	0.000005	4
INTS5	4	6.4251e-06	2.5901e-07	0.000005	4
NOP10	4	6.5047e-06	2.5901e-07	0.000005	4
EIF3I	4	6.5648e-06	2.5901e-07	0.000005	4
PPP4C	4	6.7205e-06	2.5901e-07	0.000005	4
GTF3C5	4	6.7273e-06	2.5901e-07	0.000005	4
G6PD	4	6.7478e-06	2.5901e-07	0.000005	4
RPL27	4	6.7508e-06	2.5901e-07	0.000005	4
FDXR	4	6.7959e-06	2.5901e-07	0.000005	4
POLR2A	4	6.8373e-06	2.5901e-07	0.000005	4
UBA52	4	6.8789e-06	2.5901e-07	0.000005	4
SSB	4	6.8998e-06	2.5901e-07	0.000005	4
UHRF1	4	6.9767e-06	2.5901e-07	0.000005	4
METTL16	4	6.9837e-06	2.5901e-07	0.000005	4
CCT3	4	7.0165e-06	2.5901e-07	0.000005	4
RPS15	4	7.0968e-06	2.5901e-07	0.000005	4
RPS19	4	7.1289e-06	2.5901e-07	0.000005	4
RPL23A	4	7.2113e-06	2.5901e-07	0.000005	4
PMPCB	4	7.2257e-06	2.5901e-07	0.000005	4
KIF11	4	7.2690e-06	2.5901e-07	0.000005	4
SMC6	4	7.2892e-06	2.5901e-07	0.000005	4
TIMM10	4	7.3271e-06	2.5901e-07	0.000005	4
CLP1	4	7.3856e-06	2.5901e-07	0.000005	4
UBA1	4	7.5072e-06	2.5901e-07	0.000005	4
TSR2	4	7.5630e-06	2.5901e-07	0.000005	4
NAA50	4	7.6680e-06	2.5901e-07	0.000005	4
TRAPPC11	4	7.7893e-06	2.5901e-07	0.000005	4
YBX1	4	7.8659e-06	2.5901e-07	0.000005	4
LRR1	4	7.9275e-06	2.5901e-07	0.000005	4
DUT	4	8.0013e-06	2.5901e-07	0.000005	3
GTF2B	4	8.0206e-06	2.5901e-07	0.000005	4
PHAX	4	8.0440e-06	2.5901e-07	0.000005	4
SMC5	4	8.0832e-06	2.5901e-07	0.000005	4
C3orf17	4	8.1619e-06	2.5901e-07	0.000005	4
VMP1	4	8.2332e-06	2.5901e-07	0.000005	4
MAEA	4	8.2571e-06	2.5901e-07	0.000005	4
EIF3A	4	8.4418e-06	2.5901e-07	0.000005	4
RAD50	4	8.4824e-06	2.5901e-07	0.000005	4
PDRG1	4	8.7290e-06	2.5901e-07	0.000005	4
EXOSC8	4	8.7789e-06	2.5901e-07	0.000005	4
RPL3	4	8.8104e-06	2.5901e-07	0.000005	3
BTF3	4	8.9978e-06	2.5901e-07	0.000005	4
NOC4L	4	9.0318e-06	2.5901e-07	0.000005	4
TIMM9	4	9.0916e-06	2.5901e-07	0.000005	4
EIF3D	4	9.1862e-06	2.5901e-07	0.000005	4
POLR2B	4	9.2345e-06	2.5901e-07	0.000005	3
RPL35A	4	9.4039e-06	2.5901e-07	0.000005	4
GGPS1	4	9.4479e-06	2.5901e-07	0.000005	4
TELO2	4	9.5630e-06	2.5901e-07	0.000005	4
WDR18	4	9.7421e-06	2.5901e-07	0.000005	4
DHPS	4	9.8054e-06	2.5901e-07	0.000005	4
KDM2A	4	9.9788e-06	2.5901e-07	0.000005	4
ENO1	4	1.0164e-05	2.5901e-07	0.000005	4
POLD1	4	1.0201e-05	2.5901e-07	0.000005	4
EIF3E	4	1.0248e-05	2.5901e-07	0.000005	4
PSMD7	4	1.0351e-05	2.5901e-07	0.000005	4
ELAVL1	4	1.0370e-05	2.5901e-07	0.000005	4
ALG6	4	1.0427e-05	2.5901e-07	0.000005	4
GPR89A	4	1.0441e-05	2.5901e-07	0.000005	4
TXN	4	1.0465e-05	2.5901e-07	0.000005	4
NELFCD	4	1.0551e-05	2.5901e-07	0.000005	4
NOL10	4	1.0608e-05	2.5901e-07	0.000005	4
DIEXF	4	1.0676e-05	2.5901e-07	0.000005	4
RAC1	4	1.0715e-05	2.5901e-07	0.000005	4
GTF2A2	4	1.1338e-05	2.5901e-07	0.000005	4
RPS29	4	1.1348e-05	2.5901e-07	0.000005	4
SBNO1	4	1.1368e-05	2.5901e-07	0.000005	4
GOLGA6L1	4	1.1552e-05	2.5901e-07	0.000005	4
RAD51C	4	1.1572e-05	2.5901e-07	0.000005	4
EPRS	4	1.1582e-05	2.5901e-07	0.000005	4
RPL35	4	1.1789e-05	2.5901e-07	0.000005	4
XRN2	4	1.1862e-05	2.5901e-07	0.000005	4
YEATS4	4	1.1915e-05	2.5901e-07	0.000005	4
CTC1	4	1.2073e-05	2.5901e-07	0.000005	4
PREB	4	1.2083e-05	2.5901e-07	0.000005	4
GPX4	4	1.2265e-05	2.5901e-07	0.000005	4
SUPT16H	4	1.2275e-05	2.5901e-07	0.000005	4
ELP4	4	1.2329e-05	2.5901e-07	0.000005	4
NXF1	4	1.2424e-05	2.5901e-07	0.000005	4
RPS13	4	1.2426e-05	2.5901e-07	0.000005	4
TIPARP	4	1.2480e-05	2.5901e-07	0.000005	4
CENPC	4	1.2546e-05	2.5901e-07	0.000005	4
RPL28	4	1.2677e-05	2.5901e-07	0.000005	4
CENPK	4	1.2722e-05	2.5901e-07	0.000005	4
EIF2B2	4	1.2793e-05	2.5901e-07	0.000005	4
TANGO6	4	1.2904e-05	2.5901e-07	0.000005	4
ACTL6A	4	1.2965e-05	2.5901e-07	0.000005	4
NUP43	4	1.3122e-05	2.5901e-07	0.000005	4
RTCB	4	1.3145e-05	2.5901e-07	0.000005	4
COPS2	4	1.3167e-05	2.5901e-07	0.000005	4
PELO	4	1.3441e-05	2.5901e-07	0.000005	4
HSCB	4	1.3637e-05	2.5901e-07	0.000005	4
TBCB	4	1.3719e-05	2.5901e-07	0.000005	4
CHTF18	4	1.3754e-05	2.5901e-07	0.000005	4
SF3B1	4	1.3777e-05	2.5901e-07	0.000005	4
HDAC3	4	1.3800e-05	2.5901e-07	0.000005	4
YARS	4	1.3853e-05	2.5901e-07	0.000005	4
CCNA2	4	1.3977e-05	2.5901e-07	0.000005	4
GPN1	4	1.4096e-05	2.5901e-07	0.000005	4
RPS24	4	1.4107e-05	2.5901e-07	0.000005	4
PGLS	4	1.4275e-05	2.5901e-07	0.000005	4
ITGB5	4	1.4323e-05	2.5901e-07	0.000005	4
ABCF1	4	1.4335e-05	2.5901e-07	0.000005	4
TAF1C	4	1.4424e-05	2.5901e-07	0.000005	4
ATP6V1D	4	1.4480e-05	2.5901e-07	0.000005	4
STX18	4	1.4492e-05	2.5901e-07	0.000005	4
MCM3	4	1.4517e-05	2.5901e-07	0.000005	4
PTPN11	4	1.4602e-05	2.5901e-07	0.000005	4
SNF8	4	1.4614e-05	2.5901e-07	0.000005	4
COPS6	4	1.4737e-05	2.5901e-07	0.000005	4
PRPF8	4	1.4768e-05	2.5901e-07	0.000005	4
RPS21	4	1.4786e-05	2.5901e-07	0.000005	4
NFS1	4	1.4826e-05	2.5901e-07	0.000005	4
EIF3C	4	1.5041e-05	2.5901e-07	0.000005	4
FNTA	4	1.5134e-05	2.5901e-07	0.000005	4
RNF113A	4	1.5197e-05	2.5901e-07	0.000005	4
SEC22B	4	1.5267e-05	2.5901e-07	0.000005	4
UBR4	4	1.5324e-05	2.5901e-07	0.000005	4
EGLN1	4	1.5438e-05	2.5901e-07	0.000005	4
SLC35B2	4	1.5463e-05	2.5901e-07	0.000005	4
RPL18A	4	1.5553e-05	2.5901e-07	0.000005	4
AARS	4	1.5614e-05	2.5901e-07	0.000005	4
ACSL4	4	1.5729e-05	2.5901e-07	0.000005	4
POLR3H	4	1.5837e-05	2.5901e-07	0.000005	4
UTP3	4	1.5941e-05	2.5901e-07	0.000005	4
ZCRB1	4	1.6230e-05	2.5901e-07	0.000005	4
DCTN5	4	1.6376e-05	2.5901e-07	0.000005	4
ARL2	4	1.6523e-05	2.5901e-07	0.000005	4
KTI12	4	1.6745e-05	2.5901e-07	0.000005	4
GFM1	4	1.6765e-05	2.5901e-07	0.000005	4
LSM6	4	1.6806e-05	2.5901e-07	0.000005	4
YARS2	4	1.6847e-05	2.5901e-07	0.000005	4
MYC	4	1.6942e-05	2.5901e-07	0.000005	4
EEF1G	4	1.7069e-05	2.5901e-07	0.000005	4
BARD1	4	1.7141e-05	2.5901e-07	0.000005	4
POP7	4	1.7286e-05	2.5901e-07	0.000005	4
PIK3C3	4	1.7805e-05	2.5901e-07	0.000005	4
C19orf52	4	1.7862e-05	2.5901e-07	0.000005	4
CPSF6	4	1.7876e-05	2.5901e-07	0.000005	4
UBTF	4	1.7891e-05	2.5901e-07	0.000005	4
PRC1	4	1.7975e-05	2.5901e-07	0.000005	4
IGBP1	4	1.8101e-05	2.5901e-07	0.000005	4
RPL34	4	1.8249e-05	2.5901e-07	0.000005	4
EARS2	4	1.8263e-05	2.5901e-07	0.000005	4
NCAPG	4	1.8364e-05	2.5901e-07	0.000005	4
RPS11	4	1.8495e-05	2.5901e-07	0.000005	4
GINS2	4	1.8697e-05	2.5901e-07	0.000005	4
DPM1	4	1.8967e-05	2.5901e-07	0.000005	4
NCAPD2	4	1.9019e-05	2.5901e-07	0.000005	4
GRB2	4	1.9690e-05	2.5901e-07	0.000005	4
DOHH	4	1.9767e-05	2.5901e-07	0.000005	4
UTP6	4	1.9798e-05	2.5901e-07	0.000005	4
STK11	4	1.9859e-05	2.5901e-07	0.000005	4
MMS19	4	1.9936e-05	2.5901e-07	0.000005	4
KDSR	4	2.0029e-05	2.5901e-07	0.000005	4
COPB2	4	2.0114e-05	2.5901e-07	0.000005	4
LONP1	4	2.0152e-05	2.5901e-07	0.000005	4
RPS9	4	2.0379e-05	2.5901e-07	0.000005	4
HMGCS1	4	2.0990e-05	2.5901e-07	0.000005	4
SMC2	4	2.1525e-05	2.5901e-07	0.000005	4
PSMD13	4	2.1721e-05	2.5901e-07	0.000005	4
TUBGCP3	4	2.1837e-05	2.5901e-07	0.000005	4
VCP	4	2.1870e-05	2.5901e-07	0.000005	4
TAF1B	4	2.1919e-05	2.5901e-07	0.000005	3
RPL21	4	2.1953e-05	2.5901e-07	0.000005	4
PNPT1	4	2.2203e-05	2.5901e-07	0.000005	4
RPS27A	4	2.2207e-05	2.5901e-07	0.000005	4
TICRR	4	2.2320e-05	2.5901e-07	0.000005	4
NOB1	4	2.2488e-05	2.5901e-07	0.000005	4
POLR2K	4	2.2522e-05	2.5901e-07	0.000005	4
RPL27A	4	2.2595e-05	2.5901e-07	0.000005	4
MFAP1	4	2.2692e-05	2.5901e-07	0.000005	4
DHX33	4	2.2889e-05	2.5901e-07	0.000005	4
NELFB	4	2.2931e-05	2.5901e-07	0.000005	4
HCFC1	4	2.3051e-05	2.5901e-07	0.000005	4
RFT1	4	2.3137e-05	2.5901e-07	0.000005	4
TBC1D3H	4	2.3528e-05	2.5901e-07	0.000005	4
POLR2G	4	2.3585e-05	2.5901e-07	0.000005	3
DHX36	4	2.3589e-05	2.5901e-07	0.000005	4
CCND1	4	2.3941e-05	2.5901e-07	0.000005	4
CHAF1B	4	2.4030e-05	2.5901e-07	0.000005	4
UTP18	4	2.4279e-05	2.5901e-07	0.000005	4
RRP9	4	2.4654e-05	2.5901e-07	0.000005	3
RAN	4	2.5168e-05	2.5901e-07	0.000005	4
UTP23	4	2.5253e-05	2.5901e-07	0.000005	4
DUX4	4	2.5352e-05	2.5901e-07	0.000005	4
C9orf114	4	2.5385e-05	2.5901e-07	0.000005	3
UBE2H	4	2.5556e-05	2.5901e-07	0.000005	4
IMP3	4	2.5817e-05	2.5901e-07	0.000005	4
CKAP5	4	2.5862e-05	2.5901e-07	0.000005	4
NUP205	4	2.5892e-05	2.5901e-07	0.000005	4
RPS16	4	2.6453e-05	2.5901e-07	0.000005	4
NHLRC2	4	2.6498e-05	2.5901e-07	0.000005	4
C15orf41	4	2.6786e-05	2.5901e-07	0.000005	4
TPRKB	4	2.6825e-05	2.5901e-07	0.000005	4
ADAT3	4	2.6902e-05	2.5901e-07	0.000005	4
ISCU	4	2.6921e-05	2.5901e-07	0.000005	4
NCAPG2	4	2.7076e-05	2.5901e-07	0.000005	4
NAPA	4	2.7467e-05	2.5901e-07	0.000005	4
TRAPPC5	4	2.7841e-05	2.5901e-07	0.000005	4
RARS	4	2.8663e-05	2.5901e-07	0.000005	4
WDR24	4	2.8908e-05	2.5901e-07	0.000005	4
TBCC	4	2.8968e-05	2.5901e-07	0.000005	4
INTS1	4	2.8989e-05	2.5901e-07	0.000005	4
RPL24	4	2.9661e-05	2.5901e-07	0.000005	4
POLR2C	4	3.0003e-05	2.5901e-07	0.000005	4
COPS3	4	3.0013e-05	2.5901e-07	0.000005	4
RPL30	4	3.0131e-05	2.5901e-07	0.000005	4
CTR9	4	3.0277e-05	2.5901e-07	0.000005	4
SRD5A3	4	3.0308e-05	2.5901e-07	0.000005	4
NUP155	4	3.0361e-05	2.5901e-07	0.000005	4
MOB4	4	3.0488e-05	2.5901e-07	0.000005	4
CSTB	4	3.0893e-05	2.5901e-07	0.000005	4
EPC2	4	3.0915e-05	2.5901e-07	0.000005	4
SPDYE6	4	3.1087e-05	2.5901e-07	0.000005	4
KANSL1	4	3.1563e-05	2.5901e-07	0.000005	4
ERCC3	4	3.2803e-05	2.5901e-07	0.000005	4
DCAF7	4	3.2846e-05	2.5901e-07	0.000005	4
LSM7	4	3.2991e-05	2.5901e-07	0.000005	3
RABGGTB	4	3.3048e-05	2.5901e-07	0.000005	4
NUP160	4	3.3117e-05	2.5901e-07	0.000005	4
MRPS25	4	3.3184e-05	2.5901e-07	0.000005	4
GMPPB	4	3.3297e-05	2.5901e-07	0.000005	4
RPAP2	4	3.3661e-05	2.5901e-07	0.000005	4
B3GAT3	4	3.3936e-05	2.5901e-07	0.000005	4
LSM2	4	3.4004e-05	2.5901e-07	0.000005	4
SFSWAP	4	3.4167e-05	2.5901e-07	0.000005	4
TEAD1	4	3.4259e-05	2.5901e-07	0.000005	4
CEBPZ	4	3.4325e-05	2.5901e-07	0.000005	4
TOMM40	4	3.4561e-05	2.5901e-07	0.000005	4
FGFR1	4	3.4631e-05	2.5901e-07	0.000005	4
RPS26	4	3.4748e-05	2.5901e-07	0.000005	4
CDC45	4	3.5790e-05	2.5901e-07	0.000005	4
DNA2	4	3.5814e-05	2.5901e-07	0.000005	4
LARS	4	3.6295e-05	2.5901e-07	0.000005	4
DNAJC11	4	3.6513e-05	2.5901e-07	0.000005	4
PTPMT1	4	3.6732e-05	2.5901e-07	0.000005	4
EIF4A1	4	3.6928e-05	2.5901e-07	0.000005	4
AK6	4	3.6977e-05	2.5901e-07	0.000005	4
ARMC7	4	3.7223e-05	2.5901e-07	0.000005	4
CHMP3	4	3.7440e-05	2.5901e-07	0.000005	3
DDI2	4	3.7918e-05	2.5901e-07	0.000005	4
RPP30	4	3.8057e-05	2.5901e-07	0.000005	4
VPS28	4	3.8294e-05	2.5901e-07	0.000005	4
EP400	4	3.8319e-05	2.5901e-07	0.000005	4
BIRC5	4	3.9030e-05	2.5901e-07	0.000005	4
RUVBL2	4	3.9414e-05	2.5901e-07	0.000005	4
RPS5	4	3.9664e-05	2.5901e-07	0.000005	3
MEMO1	4	3.9801e-05	2.5901e-07	0.000005	4
RER1	4	4.0009e-05	2.5901e-07	0.000005	4
EIF1AD	4	4.0019e-05	2.5901e-07	0.000005	4
GNB2L1	4	4.0376e-05	2.5901e-07	0.000005	4
USP8	4	4.0743e-05	2.5901e-07	0.000005	4
PAK1IP1	4	4.0888e-05	2.5901e-07	0.000005	4
PSTK	4	4.0996e-05	2.5901e-07	0.000005	4
XPO5	4	4.1193e-05	2.5901e-07	0.000005	4
SEPTIN7	4	4.1754e-05	2.5901e-07	0.000005	4
RRP1	4	4.2648e-05	2.5901e-07	0.000005	4
DDX10	4	4.2863e-05	2.5901e-07	0.000005	4
BUB1B	4	4.2867e-05	2.5901e-07	0.000005	4
MRPL39	4	4.3307e-05	2.5901e-07	0.000005	4
CHEK1	4	4.4295e-05	2.5901e-07	0.000005	4
CENPO	4	4.4988e-05	2.5901e-07	0.000005	4
ACLY	4	4.5130e-05	2.5901e-07	0.000005	4
NACA	4	4.5616e-05	2.5901e-07	0.000005	4
LTV1	4	4.6385e-05	2.5901e-07	0.000005	4
BANP	4	4.6396e-05	2.5901e-07	0.000005	4
FCF1	4	4.6790e-05	2.5901e-07	0.000005	4
TFB2M	4	4.6922e-05	2.5901e-07	0.000005	4
RNPC3	4	4.7629e-05	2.5901e-07	0.000005	4
PGK1	4	4.7867e-05	2.5901e-07	0.000005	4
TRMT112	4	4.7894e-05	2.5901e-07	0.000005	3
MED6	4	4.7974e-05	2.5901e-07	0.000005	4
U2SURP	4	4.8216e-05	2.5901e-07	0.000005	4
ARF1	4	4.8405e-05	2.5901e-07	0.000005	4
ELP2	4	4.9517e-05	2.5901e-07	0.000005	3
NHP2L1	4	4.9764e-05	2.5901e-07	0.000005	4
RPA3	4	4.9893e-05	2.5901e-07	0.000005	4
SFPQ	4	4.9929e-05	2.5901e-07	0.000005	4
RPL18	4	5.0011e-05	2.5901e-07	0.000005	4
SOD1	4	5.0108e-05	2.5901e-07	0.000005	4
TAF6	4	5.0324e-05	2.5901e-07	0.000005	4
VPS13D	4	5.0818e-05	2.5901e-07	0.000005	3
XRCC5	4	5.0842e-05	2.5901e-07	0.000005	4
SEC62	4	5.1039e-05	2.5901e-07	0.000005	4
YAE1D1	4	5.1219e-05	2.5901e-07	0.000005	4
DNAJC9	4	5.1935e-05	2.5901e-07	0.000005	4
HAUS5	4	5.2204e-05	2.5901e-07	0.000005	4
NOP56	4	5.2275e-05	2.5901e-07	0.000005	4
NCBP2	4	5.3260e-05	2.5901e-07	0.000005	4
ABT1	4	5.3293e-05	2.5901e-07	0.000005	4
PRIM2	4	5.3325e-05	2.5901e-07	0.000005	4
EXOSC9	4	5.3821e-05	2.5901e-07	0.000005	4
EIF3G	4	5.4038e-05	2.5901e-07	0.000005	4
RPL36	4	5.4081e-05	2.5901e-07	0.000005	4
XRCC6	4	5.4343e-05	2.5901e-07	0.000005	4
TARDBP	4	5.4431e-05	2.5901e-07	0.000005	4
SMG1	4	5.4562e-05	2.5901e-07	0.000005	4
ORC1	4	5.5023e-05	2.5901e-07	0.000005	4
PKM	4	5.5122e-05	2.5901e-07	0.000005	4
VHL	4	5.5840e-05	2.5901e-07	0.000005	4
CENPM	4	5.6055e-05	2.5901e-07	0.000005	4
THOC2	4	5.6863e-05	2.5901e-07	0.000005	4
RPL15	4	5.7003e-05	2.5901e-07	0.000005	4
RPLP2	4	5.7135e-05	2.5901e-07	0.000005	4
SF3B5	4	5.7455e-05	2.5901e-07	0.000005	4
LSM8	4	5.8269e-05	2.5901e-07	0.000005	4
SSU72	4	5.8714e-05	2.5901e-07	0.000005	4
DIMT1	4	5.8819e-05	2.5901e-07	0.000005	4
DNAJC8	4	5.9411e-05	2.5901e-07	0.000005	4
EIF4E	4	5.9657e-05	2.5901e-07	0.000005	4
SYVN1	4	5.9903e-05	2.5901e-07	0.000005	4
PES1	4	6.0121e-05	2.5901e-07	0.000005	4
ZPR1	4	6.0220e-05	2.5901e-07	0.000005	4
GPR89B	4	6.0504e-05	2.5901e-07	0.000005	4
ARPC2	4	6.2588e-05	2.5901e-07	0.000005	4
PPAN	4	6.2964e-05	2.5901e-07	0.000005	4
NSF	4	6.3543e-05	2.5901e-07	0.000005	4
CEPT1	4	6.3724e-05	2.5901e-07	0.000005	4
CPSF2	4	6.5301e-05	2.5901e-07	0.000005	3
POLR1A	4	6.5401e-05	2.5901e-07	0.000005	4
TEAD3	4	6.6460e-05	2.5901e-07	0.000005	4
ZNHIT3	4	6.6575e-05	2.5901e-07	0.000005	4
ANAPC1	4	6.6591e-05	2.5901e-07	0.000005	4
EIF2B4	4	6.6957e-05	2.5901e-07	0.000005	4
EIF3B	4	6.7544e-05	2.5901e-07	0.000005	4
SPATA5	4	6.7803e-05	2.5901e-07	0.000005	4
RBX1	4	6.7996e-05	2.5901e-07	0.000005	4
PRELID1	4	6.8229e-05	2.5901e-07	0.000005	4
AATF	4	6.8462e-05	2.5901e-07	0.000005	4
TPX2	4	6.9598e-05	2.5901e-07	0.000005	4
AURKA	4	6.9941e-05	2.5901e-07	0.000005	3
TUBGCP2	4	7.0908e-05	2.5901e-07	0.000005	4
XAB2	4	7.0977e-05	2.5901e-07	0.000005	4
POLR3K	4	7.1814e-05	2.5901e-07	0.000005	4
KDM1A	4	7.2155e-05	2.5901e-07	0.000005	4
ABCE1	4	7.2551e-05	2.5901e-07	0.000005	3
NBPF9	4	7.3066e-05	2.5901e-07	0.000005	3
MIS18A	4	7.3173e-05	2.5901e-07	0.000005	4
MTG2	4	7.3214e-05	2.5901e-07	0.000005	4
CMTR1	4	7.3747e-05	2.5901e-07	0.000005	4
RPAP1	4	7.5073e-05	2.5901e-07	0.000005	4
POLR2F	4	7.5117e-05	2.5901e-07	0.000005	4
POLR2J3	4	7.5785e-05	2.5901e-07	0.000005	4
DBR1	4	7.6149e-05	2.5901e-07	0.000005	4
QARS	4	7.6336e-05	2.5901e-07	0.000005	3
POLA2	4	7.6671e-05	2.5901e-07	0.000005	4
RANGAP1	4	7.7136e-05	2.5901e-07	0.000005	3
SS18L2	4	7.7565e-05	2.5901e-07	0.000005	4
MED21	4	7.8122e-05	2.5901e-07	0.000005	4
UTP20	4	7.8553e-05	2.5901e-07	0.000005	4
ORC6	4	7.9190e-05	2.5901e-07	0.000005	4
SURF4	4	8.0074e-05	2.5901e-07	0.000005	4
INCENP	4	8.0338e-05	2.5901e-07	0.000005	4
ITGAV	4	8.1396e-05	2.5901e-07	0.000005	4
RRN3	4	8.1451e-05	2.5901e-07	0.000005	4
DPH5	4	8.1885e-05	2.5901e-07	0.000005	4
RNASEK	4	8.1943e-05	2.5901e-07	0.000005	4
PISD	4	8.2022e-05	2.5901e-07	0.000005	3
BUD31	4	8.2085e-05	2.5901e-07	0.000005	4
VPRBP	4	8.2242e-05	2.5901e-07	0.000005	4
MVK	4	8.3522e-05	2.5901e-07	0.000005	4
CRNKL1	4	8.3754e-05	2.5901e-07	0.000005	4
ARF4	4	8.3952e-05	2.5901e-07	0.000005	4
SNRPA1	4	8.3987e-05	2.5901e-07	0.000005	4
SNAI2	4	8.4635e-05	2.5901e-07	0.000005	4
AP1M1	4	8.4863e-05	2.5901e-07	0.000005	4
PTK2	4	8.5138e-05	2.5901e-07	0.000005	4
SRP9	4	8.5275e-05	2.5901e-07	0.000005	4
SARS	4	8.5863e-05	2.5901e-07	0.000005	4
ATP6V1G1	4	8.6012e-05	2.5901e-07	0.000005	4
TERF2	4	8.6100e-05	2.5901e-07	0.000005	3
SRP54	4	8.6614e-05	2.5901e-07	0.000005	4
SRP72	4	8.6893e-05	2.5901e-07	0.000005	4
IARS	4	8.7050e-05	2.5901e-07	0.000005	4
SF3B3	4	8.7648e-05	2.5901e-07	0.000005	4
DHX8	4	8.8440e-05	2.5901e-07	0.000005	4
CRKL	4	8.8487e-05	2.5901e-07	0.000005	4
GEMIN2	4	8.9411e-05	2.5901e-07	0.000005	4
URI1	4	8.9821e-05	2.5901e-07	0.000005	4
CERS2	4	9.0102e-05	2.5901e-07	0.000005	4
PLRG1	4	9.0150e-05	2.5901e-07	0.000005	4
DDX1	4	9.1015e-05	2.5901e-07	0.000005	4
PWP2	4	9.1326e-05	2.5901e-07	0.000005	4
TOMM22	4	9.2278e-05	2.5901e-07	0.000005	4
C10orf2	4	9.3571e-05	2.5901e-07	0.000005	4
LSG1	4	9.3793e-05	2.5901e-07	0.000005	4
PKMYT1	4	9.3941e-05	2.5901e-07	0.000005	4
SKA2	4	9.4337e-05	2.5901e-07	0.000005	4
WDR7	4	9.4652e-05	2.5901e-07	0.000005	3
PDGFRA	4	9.5032e-05	2.5901e-07	0.000005	4
SRSF2	4	9.5537e-05	2.5901e-07	0.000005	3
C3orf38	4	9.5791e-05	2.5901e-07	0.000005	3
GINS1	4	9.6282e-05	2.5901e-07	0.000005	4
NAA15	4	9.6584e-05	2.5901e-07	0.000005	4
ALG9	4	9.7190e-05	2.5901e-07	0.000005	4
TLN1	4	9.7698e-05	2.5901e-07	0.000005	4
RPL5	4	9.7967e-05	2.5901e-07	0.000005	4
PMPCA	4	9.8096e-05	2.5901e-07	0.000005	4
RPL12	4	9.8411e-05	2.5901e-07	0.000005	4
NAT10	4	9.8613e-05	2.5901e-07	0.000005	3
PRPF38A	4	1.0109e-04	2.5901e-07	0.000005	3
RPL13	4	1.0275e-04	2.5901e-07	0.000005	4
NCL	4	1.0293e-04	2.5901e-07	0.000005	4
NEDD1	4	1.0328e-04	2.5901e-07	0.000005	4
PRMT1	4	1.0352e-04	2.5901e-07	0.000005	4
SEC61G	4	1.0397e-04	2.5901e-07	0.000005	4
TPI1	4	1.0447e-04	2.5901e-07	0.000005	4
YPEL5	4	1.0860e-04	2.5901e-07	0.000005	4
NUTF2	4	1.0878e-04	2.5901e-07	0.000005	4
NSA2	4	1.0906e-04	2.5901e-07	0.000005	4
IPO13	4	1.0942e-04	2.5901e-07	0.000005	4
RPL26	4	1.0989e-04	2.5901e-07	0.000005	4
KANSL3	4	1.0998e-04	2.5901e-07	0.000005	4
C21orf59	4	1.1015e-04	2.5901e-07	0.000005	4
RPL13A	4	1.1045e-04	2.5901e-07	0.000005	3
SF3A1	4	1.1087e-04	2.5901e-07	0.000005	4
NGDN	4	1.1440e-04	2.5901e-07	0.000005	3
TWISTNB	4	1.1501e-04	2.5901e-07	0.000005	4
UBE2N	4	1.1610e-04	2.5901e-07	0.000005	4
ZBTB8OS	4	1.2056e-04	2.5901e-07	0.000005	4
PPP2R1A	4	1.2095e-04	2.5901e-07	0.000005	3
BORA	4	1.2116e-04	2.5901e-07	0.000005	4
NPM1	4	1.2140e-04	2.5901e-07	0.000005	3
NHP2	4	1.2319e-04	2.5901e-07	0.000005	4
SRPR	4	1.2417e-04	2.5901e-07	0.000005	4
POLE	4	1.2478e-04	2.5901e-07	0.000005	4
NOP2	4	1.2595e-04	2.5901e-07	0.000005	4
TMEM258	4	1.2638e-04	2.5901e-07	0.000005	4
HNRNPL	4	1.2662e-04	2.5901e-07	0.000005	4
EXOSC7	4	1.2687e-04	2.5901e-07	0.000005	4
WASH1	4	1.2721e-04	2.5901e-07	0.000005	4
RNMT	4	1.2836e-04	2.5901e-07	0.000005	4
LUC7L3	4	1.2960e-04	2.5901e-07	0.000005	3
UTP15	4	1.3115e-04	2.5901e-07	0.000005	4
ATP2A2	4	1.3588e-04	2.5901e-07	0.000005	4
NUBP1	4	1.3702e-04	2.5901e-07	0.000005	4
TUFM	4	1.3752e-04	2.5901e-07	0.000005	4
HNRNPH1	4	1.3758e-04	2.5901e-07	0.000005	4
COG8	4	1.3784e-04	2.5901e-07	0.000005	4
BANF1	4	1.3906e-04	2.5901e-07	0.000005	4
RPAIN	4	1.4092e-04	2.5901e-07	0.000005	3
DPAGT1	4	1.4163e-04	2.5901e-07	0.000005	4
EEFSEC	4	1.4174e-04	2.5901e-07	0.000005	3
RPL6	4	1.4273e-04	2.5901e-07	0.000005	4
RPSA	4	1.4290e-04	2.5901e-07	0.000005	4
EXOSC6	4	1.4356e-04	2.5901e-07	0.000005	3
ASCC3	4	1.4390e-04	2.5901e-07	0.000005	4
EXOC5	4	1.4660e-04	2.5901e-07	0.000005	4
RPS7	4	1.4757e-04	2.5901e-07	0.000005	4
TOP3A	4	1.4798e-04	2.5901e-07	0.000005	4
SEL1L	4	1.4833e-04	2.5901e-07	0.000005	4
HARS2	4	1.4882e-04	2.5901e-07	0.000005	4
CFAP20	4	1.4896e-04	2.5901e-07	0.000005	4
SAE1	4	1.4903e-04	2.5901e-07	0.000005	4
DDX56	4	1.5048e-04	2.5901e-07	0.000005	3
TTC1	4	1.5134e-04	2.5901e-07	0.000005	4
DNMT1	4	1.5344e-04	2.5901e-07	0.000005	4
LPAR1	4	1.5365e-04	2.5901e-07	0.000005	4
RAPGEF1	4	1.5404e-04	2.5901e-07	0.000005	4
RBM42	4	1.5429e-04	2.5901e-07	0.000005	4
SMN1	4	1.5512e-04	2.5901e-07	0.000005	4
RAE1	3	1.5774e-04	2.5901e-07	0.000005	3
DDX41	4	1.5831e-04	2.5901e-07	0.000005	4
PFN1	4	1.5831e-04	2.5901e-07	0.000005	4
COG3	4	1.5852e-04	2.5901e-07	0.000005	4
CCAR1	4	1.5882e-04	2.5901e-07	0.000005	4
CHMP2A	3	1.5933e-04	2.5901e-07	0.000005	3
ZCCHC9	4	1.6214e-04	2.5901e-07	0.000005	4
DPM2	4	1.6355e-04	2.5901e-07	0.000005	4
UBA2	4	1.6405e-04	2.5901e-07	0.000005	3
MED8	4	1.6441e-04	2.5901e-07	0.000005	4
LSM4	4	1.6477e-04	2.5901e-07	0.000005	4
METTL1	4	1.6490e-04	2.5901e-07	0.000005	4
RRP7A	4	1.6672e-04	2.5901e-07	0.000005	4
VARS2	4	1.6740e-04	2.5901e-07	0.000005	4
CDC7	4	1.6825e-04	2.5901e-07	0.000005	4
RPL7A	4	1.7084e-04	2.5901e-07	0.000005	4
HEATR1	4	1.7178e-04	2.5901e-07	0.000005	4
ARIH1	4	1.7346e-04	2.5901e-07	0.000005	4
EEF2	4	1.7422e-04	2.5901e-07	0.000005	4
WEE1	4	1.7451e-04	2.5901e-07	0.000005	4
SF3A3	4	1.7744e-04	2.5901e-07	0.000005	3
C19orf25	4	1.7984e-04	2.5901e-07	0.000005	4
ZNHIT2	4	1.8016e-04	2.5901e-07	0.000005	4
DDX23	4	1.8031e-04	2.5901e-07	0.000005	4
TINF2	4	1.8090e-04	2.5901e-07	0.000005	4
EMC7	4	1.8153e-04	2.5901e-07	0.000005	4
FNTB	4	1.8222e-04	2.5901e-07	0.000005	4
MNAT1	4	1.8393e-04	2.5901e-07	0.000005	4
LYRM4	3	1.8476e-04	2.5901e-07	0.000005	3
SPCS3	4	1.8491e-04	2.5901e-07	0.000005	4
TAF8	4	1.8684e-04	2.5901e-07	0.000005	4
PMF1-BGLAP	4	1.8716e-04	2.5901e-07	0.000005	4
DIS3	4	1.8815e-04	2.5901e-07	0.000005	4
DDX46	4	1.8859e-04	2.5901e-07	0.000005	4
TSFM	4	1.8875e-04	2.5901e-07	0.000005	4
NUP214	4	1.8934e-04	2.5901e-07	0.000005	4
ESPL1	4	1.8935e-04	2.5901e-07	0.000005	4
FEN1	4	1.9034e-04	2.5901e-07	0.000005	4
RTEL1	4	1.9074e-04	2.5901e-07	0.000005	3
ERH	4	1.9114e-04	2.5901e-07	0.000005	4
MED30	4	1.9244e-04	2.5901e-07	0.000005	4
PFDN6	4	1.9253e-04	2.5901e-07	0.000005	4
ZMAT5	4	1.9482e-04	2.5901e-07	0.000005	4
MRPS34	4	1.9491e-04	2.5901e-07	0.000005	4
DLG5	4	1.9757e-04	2.5901e-07	0.000005	4
RPS10-NUDT3	4	1.9903e-04	2.5901e-07	0.000005	4
DHX38	4	2.0086e-04	2.5901e-07	0.000005	4
TAF7	4	2.0093e-04	2.5901e-07	0.000005	3
GARS	4	2.0191e-04	2.5901e-07	0.000005	4
MCM5	4	2.0385e-04	2.5901e-07	0.000005	4
CCT8	4	2.0510e-04	2.5901e-07	0.000005	4
UTP11L	4	2.0517e-04	2.5901e-07	0.000005	4
TNPO3	4	2.0713e-04	2.5901e-07	0.000005	4
SEC11A	4	2.0934e-04	2.5901e-07	0.000005	4
TBC1D3K	4	2.0976e-04	2.5901e-07	0.000005	4
AQR	4	2.1054e-04	2.5901e-07	0.000005	4
RSL1D1	4	2.1091e-04	2.5901e-07	0.000005	4
NBAS	4	2.1126e-04	2.5901e-07	0.000005	3
TIMM13	4	2.1190e-04	2.5901e-07	0.000005	3
PGS1	4	2.1212e-04	2.5901e-07	0.000005	4
GNA12	4	2.1492e-04	2.5901e-07	0.000005	4
NUBP2	4	2.1622e-04	2.5901e-07	0.000005	3
BRCA1	4	2.1667e-04	2.5901e-07	0.000005	4
UBIAD1	4	2.1759e-04	2.5901e-07	0.000005	4
COPS5	4	2.1819e-04	2.5901e-07	0.000005	3
NGLY1	4	2.1871e-04	2.5901e-07	0.000005	4
MON2	4	2.1926e-04	2.5901e-07	0.000005	4
RFC1	4	2.1936e-04	2.5901e-07	0.000005	2
DICER1	4	2.2093e-04	2.5901e-07	0.000005	4
SARS2	4	2.2184e-04	2.5901e-07	0.000005	4
HSPE1-MOB4	4	2.2226e-04	2.5901e-07	0.000005	4
RPS3	4	2.2321e-04	2.5901e-07	0.000005	4
PPP1CB	4	2.2504e-04	2.5901e-07	0.000005	4
WDR43	4	2.2653e-04	2.5901e-07	0.000005	4
PARS2	4	2.2777e-04	2.5901e-07	0.000005	4
HNRNPU	4	2.2931e-04	2.5901e-07	0.000005	4
POLR1D	4	2.2999e-04	2.5901e-07	0.000005	4
SMC4	4	2.3067e-04	2.5901e-07	0.000005	4
HAUS3	4	2.3067e-04	2.5901e-07	0.000005	3
CDC23	4	2.3090e-04	2.5901e-07	0.000005	4
FAM122A	4	2.3125e-04	2.5901e-07	0.000005	4
EXOSC10	4	2.3274e-04	2.5901e-07	0.000005	4
RPL4	4	2.3940e-04	2.5901e-07	0.000005	4
OPA1	4	2.4000e-04	2.5901e-07	0.000005	4
BNIP1	4	2.4244e-04	2.5901e-07	0.000005	4
EIF2B5	4	2.4442e-04	2.5901e-07	0.000005	4
PQBP1	4	2.4482e-04	2.5901e-07	0.000005	4
GATB	4	2.4655e-04	2.5901e-07	0.000005	4
PSMA2	4	2.4716e-04	2.5901e-07	0.000005	4
ALG1	4	2.4767e-04	2.5901e-07	0.000005	4
TCEB2	4	2.4844e-04	2.5901e-07	0.000005	4
RRM2	4	2.5003e-04	2.5901e-07	0.000005	4
NARS	4	2.5085e-04	2.5901e-07	0.000005	4
CDCA8	4	2.5098e-04	2.5901e-07	0.000005	3
FBXW11	4	2.5339e-04	2.5901e-07	0.000005	4
WDR92	4	2.5354e-04	2.5901e-07	0.000005	4
GTF3C1	4	2.5490e-04	2.5901e-07	0.000005	4
DONSON	4	2.5714e-04	2.5901e-07	0.000005	3
SLC39A9	4	2.5741e-04	2.5901e-07	0.000005	4
CTDNEP1	4	2.5899e-04	2.5901e-07	0.000005	4
GOLGA6L9	4	2.5941e-04	2.5901e-07	0.000005	4
POLR2J	4	2.6095e-04	2.5901e-07	0.000005	4
RAPGEF6	4	2.6164e-04	2.5901e-07	0.000005	4
CUL2	4	2.6388e-04	2.5901e-07	0.000005	4
TIPIN	4	2.6392e-04	2.5901e-07	0.000005	3
EIF4A3	4	2.6442e-04	2.5901e-07	0.000005	4
MRPL33	4	2.6541e-04	2.5901e-07	0.000005	3
RPS2	4	2.6854e-04	2.5901e-07	0.000005	3
PSMB5	4	2.6982e-04	2.5901e-07	0.000005	4
RPS23	4	2.7017e-04	2.5901e-07	0.000005	4
GMNN	4	2.7168e-04	2.5901e-07	0.000005	4
GAPDH	4	2.7211e-04	2.5901e-07	0.000005	4
UFM1	4	2.7652e-04	2.5901e-07	0.000005	3
USP7	4	2.7708e-04	2.5901e-07	0.000005	4
WDR5	4	2.7942e-04	2.5901e-07	0.000005	4
MED7	4	2.8279e-04	2.5901e-07	0.000005	4
DCTN4	4	2.8505e-04	2.5901e-07	0.000005	4
NUP85	4	2.8557e-04	2.5901e-07	0.000005	4
IER3IP1	4	2.8756e-04	2.5901e-07	0.000005	4
TBCE	4	2.8951e-04	2.5901e-07	0.000005	4
SPDYE2	4	2.9215e-04	2.5901e-07	0.000005	4
RPL7L1	4	2.9215e-04	2.5901e-07	0.000005	4
PCBP2	4	2.9354e-04	2.5901e-07	0.000005	4
NPIPB6	4	2.9657e-04	2.5901e-07	0.000005	4
RPL39	4	2.9776e-04	2.5901e-07	0.000005	3
NOP14	4	2.9974e-04	2.5901e-07	0.000005	4
MRPL52	4	2.9997e-04	2.5901e-07	0.000005	4
SRF	4	3.0127e-04	2.5901e-07	0.000005	4
SRSF3	4	3.0225e-04	2.5901e-07	0.000005	4
RNGTT	4	3.0460e-04	2.5901e-07	0.000005	4
TBC1D3B	4	3.0567e-04	2.5901e-07	0.000005	4
CDC73	4	3.1145e-04	2.5901e-07	0.000005	4
RBM8A	4	3.1222e-04	2.5901e-07	0.000005	4
RPS10	4	3.1328e-04	2.5901e-07	0.000005	4
SNRNP200	4	3.1347e-04	2.5901e-07	0.000005	3
RBM39	4	3.1500e-04	2.5901e-07	0.000005	4
COPS4	4	3.1805e-04	2.5901e-07	0.000005	4
RCE1	4	3.1830e-04	2.5901e-07	0.000005	4
RPS25	4	3.1892e-04	2.5901e-07	0.000005	4
NUS1	4	3.2033e-04	2.5901e-07	0.000005	4
GTF2H3	4	3.2174e-04	2.5901e-07	0.000005	4
POLD2	4	3.2444e-04	2.5901e-07	0.000005	4
VPS36	4	3.2513e-04	2.5901e-07	0.000005	4
MRPS2	4	3.2563e-04	2.5901e-07	0.000005	4
ALG2	4	3.2600e-04	2.5901e-07	0.000005	4
LSM5	4	3.3174e-04	2.5901e-07	0.000005	4
STT3A	4	3.3233e-04	2.5901e-07	0.000005	4
DDX59	4	3.3470e-04	2.5901e-07	0.000005	4
POLR2E	4	3.3492e-04	2.5901e-07	0.000005	3
POP5	4	3.3579e-04	2.5901e-07	0.000005	3
TMED10	4	3.3608e-04	2.5901e-07	0.000005	3
SPDYE2B	4	3.3616e-04	2.5901e-07	0.000005	3
SUPT6H	4	3.3642e-04	2.5901e-07	0.000005	4
ATP6V0E1	4	3.3965e-04	2.5901e-07	0.000005	4
ERCC2	4	3.4046e-04	2.5901e-07	0.000005	2
CHMP7	4	3.4224e-04	2.5901e-07	0.000005	4
THAP11	4	3.4250e-04	2.5901e-07	0.000005	4
ALG14	4	3.4498e-04	2.5901e-07	0.000005	4
CFLAR	4	3.4932e-04	2.5901e-07	0.000005	4
DYNC1H1	4	3.4979e-04	2.5901e-07	0.000005	3
RPL9	4	3.5164e-04	2.5901e-07	0.000005	4
ELMO2	4	3.5264e-04	2.5901e-07	0.000005	4
C1orf27	4	3.5437e-04	2.5901e-07	0.000005	4
GNB1	4	3.5571e-04	2.5901e-07	0.000005	4
TP53RK	4	3.5595e-04	2.5901e-07	0.000005	3
CDC16	4	3.6142e-04	2.5901e-07	0.000005	4
ELOF1	4	3.6178e-04	2.5901e-07	0.000005	4
PSMA3	4	3.6280e-04	2.5901e-07	0.000005	3
CWC22	4	3.6450e-04	2.5901e-07	0.000005	4
TTF1	4	3.6724e-04	2.5901e-07	0.000005	4
MSTO1	4	3.6725e-04	2.5901e-07	0.000005	4
TAMM41	4	3.6879e-04	2.5901e-07	0.000005	3
MCM6	4	3.6941e-04	2.5901e-07	0.000005	3
EIF2S2	4	3.6972e-04	2.5901e-07	0.000005	4
CDC6	4	3.7159e-04	2.5901e-07	0.000005	3
ANAPC5	4	3.7220e-04	2.5901e-07	0.000005	4
RPLP1	4	3.7267e-04	2.5901e-07	0.000005	3
MRPL30	4	3.7540e-04	2.5901e-07	0.000005	4
HIST2H3D	4	3.7627e-04	2.5901e-07	0.000005	4
DDX6	4	3.7784e-04	2.5901e-07	0.000005	4
MZT1	4	3.7806e-04	2.5901e-07	0.000005	4
DSCC1	4	3.7855e-04	2.5901e-07	0.000005	4
HYOU1	4	3.8004e-04	2.5901e-07	0.000005	4
BRF1	4	3.8384e-04	2.5901e-07	0.000005	4
C1orf109	4	3.8384e-04	2.5901e-07	0.000005	3
DERL1	4	3.8441e-04	2.5901e-07	0.000005	4
PDCD7	4	3.8526e-04	2.5901e-07	0.000005	4
NOM1	4	3.8554e-04	2.5901e-07	0.000005	4
UTP14A	4	3.8787e-04	2.5901e-07	0.000005	3
EIF3CL	4	3.9538e-04	2.5901e-07	0.000005	3
OBFC1	4	3.9603e-04	2.5901e-07	0.000005	4
HYPK	4	3.9749e-04	2.5901e-07	0.000005	4
RPP25L	4	4.0129e-04	2.5901e-07	0.000005	4
MPHOSPH10	4	4.0586e-04	2.5901e-07	0.000005	4
PSMD4	4	4.0881e-04	2.5901e-07	0.000005	4
AAMP	4	4.0927e-04	2.5901e-07	0.000005	4
CDC37	4	4.1246e-04	2.5901e-07	0.000005	4
RIC1	4	4.1748e-04	2.5901e-07	0.000005	4
YTHDC1	4	4.1797e-04	2.5901e-07	0.000005	4
ACTR3	4	4.2482e-04	2.5901e-07	0.000005	4
RPAP3	4	4.2896e-04	2.5901e-07	0.000005	4
DCTN2	4	4.3517e-04	2.5901e-07	0.000005	4
SEC63	4	4.3766e-04	2.5901e-07	0.000005	4
TRAPPC1	4	4.3863e-04	2.5901e-07	0.000005	4
DDB1	4	4.3958e-04	2.5901e-07	0.000005	3
CEP85	4	4.4175e-04	2.5901e-07	0.000005	4
RCC1	4	4.4459e-04	2.5901e-07	0.000005	4
CDC20	4	4.4716e-04	2.5901e-07	0.000005	4
GTF2H2C	4	4.4735e-04	2.5901e-07	0.000005	3
CLCC1	4	4.4840e-04	2.5901e-07	0.000005	4
ZNHIT1	4	4.5200e-04	2.5901e-07	0.000005	4
TARS2	4	4.5229e-04	2.5901e-07	0.000005	4
NBPF15	4	4.5655e-04	2.5901e-07	0.000005	4
DHX9	4	4.5761e-04	2.5901e-07	0.000005	4
SETD1A	4	4.5999e-04	2.5901e-07	0.000005	4
NDC80	4	4.6047e-04	2.5901e-07	0.000005	4
CYFIP1	4	4.6080e-04	2.5901e-07	0.000005	4
ANAPC2	4	4.6478e-04	2.5901e-07	0.000005	3
MCM4	4	4.6550e-04	2.5901e-07	0.000005	4
SLMO2	4	4.6658e-04	2.5901e-07	0.000005	4
XRCC3	4	4.7129e-04	2.5901e-07	0.000005	4
NUPL1	4	4.7166e-04	2.5901e-07	0.000005	4
WDR12	4	4.7348e-04	2.5901e-07	0.000005	4
CDC123	4	4.7494e-04	2.5901e-07	0.000005	3
CRLS1	4	4.7713e-04	2.5901e-07	0.000005	4
NAA20	4	4.7787e-04	2.5901e-07	0.000005	3
TRNAU1AP	4	4.7888e-04	2.5901e-07	0.000005	4
EXT2	4	4.7980e-04	2.5901e-07	0.000005	4
DDX51	4	4.8339e-04	2.5901e-07	0.000005	3
WDR36	4	4.8376e-04	2.5901e-07	0.000005	4
CAPZB	4	4.8710e-04	2.5901e-07	0.000005	4
DDX20	4	4.8892e-04	2.5901e-07	0.000005	4
DDAH1	4	4.9128e-04	2.5901e-07	0.000005	3
RPF1	4	4.9381e-04	2.5901e-07	0.000005	3
RPL23	3	4.9440e-04	2.5901e-07	0.000005	3
SPATA5L1	4	4.9494e-04	2.5901e-07	0.000005	4
ZNF407	4	4.9532e-04	2.5901e-07	0.000005	4
RBBP5	4	4.9946e-04	2.5901e-07	0.000005	4
MIOS	4	5.0076e-04	2.5901e-07	0.000005	4
RGPD8	4	5.0135e-04	2.5901e-07	0.000005	3
TFDP1	4	5.0318e-04	2.5901e-07	0.000005	4
SF3B2	4	5.0590e-04	2.5901e-07	0.000005	3
YKT6	4	5.0667e-04	2.5901e-07	0.000005	4
MRPS27	4	5.0719e-04	2.5901e-07	0.000005	4
CPSF4	4	5.0724e-04	2.5901e-07	0.000005	4
PPA1	4	5.0729e-04	2.5901e-07	0.000005	4
AASDHPPT	4	5.1164e-04	2.5901e-07	0.000005	4
SDAD1	4	5.1548e-04	2.5901e-07	0.000005	4
PRPF31	4	5.1741e-04	2.5901e-07	0.000005	4
OSBP	4	5.1741e-04	2.5901e-07	0.000005	3
OSGEP	4	5.1819e-04	2.5901e-07	0.000005	3
RPL17-C18orf32	4	5.1974e-04	2.5901e-07	0.000005	3
RAB3GAP2	4	5.2150e-04	2.5901e-07	0.000005	4
CTU2	4	5.3263e-04	2.5901e-07	0.000005	4
TOMM70A	4	5.3375e-04	2.5901e-07	0.000005	4
MRTO4	4	5.3411e-04	2.5901e-07	0.000005	4
LIN52	4	5.3638e-04	2.5901e-07	0.000005	3
GRWD1	4	5.3940e-04	2.5901e-07	0.000005	4
GNL2	4	5.4015e-04	2.5901e-07	0.000005	4
COG5	4	5.4031e-04	2.5901e-07	0.000005	4
ARMCX6	4	5.4105e-04	2.5901e-07	0.000005	4
PSMC4	4	5.4299e-04	2.5901e-07	0.000005	4
RNF103-CHMP3	4	5.4374e-04	2.5901e-07	0.000005	3
ATP1A1	4	5.4417e-04	2.5901e-07	0.000005	4
SART3	4	5.4895e-04	2.5901e-07	0.000005	3
RAD51D	4	5.5015e-04	2.5901e-07	0.000005	4
PGGT1B	4	5.5338e-04	2.5901e-07	0.000005	3
SPC25	4	5.5621e-04	2.5901e-07	0.000005	4
KCMF1	4	5.5662e-04	2.5901e-07	0.000005	4
MRPL41	4	5.6625e-04	2.5901e-07	0.000005	4
IKBKAP	4	5.6701e-04	2.5901e-07	0.000005	4
HS6ST1	4	5.6764e-04	2.5901e-07	0.000005	3
DCAF13	4	5.7423e-04	2.5901e-07	0.000005	4
ILF2	4	5.7714e-04	2.5901e-07	0.000005	3
RHEB	4	5.8172e-04	2.5901e-07	0.000005	3
PSMC5	4	5.8800e-04	2.5901e-07	0.000005	4
TSC22D2	4	5.9507e-04	2.5901e-07	0.000005	4
GPX8	4	5.9823e-04	2.5901e-07	0.000005	4
HUWE1	4	6.0260e-04	2.5901e-07	0.000005	4
PARVA	4	6.0455e-04	2.5901e-07	0.000005	4
VEZT	4	6.0639e-04	2.5901e-07	0.000005	4
NBPF6	4	6.0679e-04	2.5901e-07	0.000005	4
SHQ1	4	6.1056e-04	2.5901e-07	0.000005	3
ATRIP	4	6.1079e-04	2.5901e-07	0.000005	4
MED18	4	6.1402e-04	2.5901e-07	0.000005	4
TXNL4B	4	6.1422e-04	2.5901e-07	0.000005	4
ECT2	4	6.1661e-04	2.5901e-07	0.000005	4
KRR1	4	6.1686e-04	2.5901e-07	0.000005	4
SMC3	4	6.1965e-04	2.5901e-07	0.000005	4
EXOC3	4	6.2052e-04	2.5901e-07	0.000005	4
RHOA	4	6.2090e-04	2.5901e-07	0.000005	4
PSMA1	4	6.2270e-04	2.5901e-07	0.000005	4
HAUS4	4	6.2708e-04	2.5901e-07	0.000005	4
SCFD1	4	6.2867e-04	2.5901e-07	0.000005	4
MRPL20	4	6.3412e-04	2.5901e-07	0.000005	4
KAT5	4	6.4035e-04	2.5901e-07	0.000005	3
OGT	4	6.4122e-04	2.5901e-07	0.000005	4
PTMA	4	6.5283e-04	2.5901e-07	0.000005	4
TCEB1	4	6.5421e-04	2.5901e-07	0.000005	3
POLR3C	3	6.5775e-04	2.5901e-07	0.000005	3
DDX52	4	6.5782e-04	2.5901e-07	0.000005	4
RCL1	4	6.6589e-04	2.5901e-07	0.000005	4
MTPAP	4	6.6691e-04	2.5901e-07	0.000005	3
PPWD1	4	6.7098e-04	2.5901e-07	0.000005	4
SRFBP1	4	6.7103e-04	2.5901e-07	0.000005	4
TBCA	4	6.7638e-04	2.5901e-07	0.000005	4
LAS1L	4	6.8117e-04	2.5901e-07	0.000005	4
TFIP11	4	6.8423e-04	2.5901e-07	0.000005	4
ABCB7	4	6.8441e-04	2.5901e-07	0.000005	4
CHD4	4	6.8814e-04	2.5901e-07	0.000005	4
CHCHD4	4	6.8907e-04	2.5901e-07	0.000005	4
PSMG1	4	6.9501e-04	2.5901e-07	0.000005	4
MRE11A	4	6.9634e-04	2.5901e-07	0.000005	4
BRIX1	4	6.9656e-04	2.5901e-07	0.000005	4
MRPS5	4	6.9790e-04	2.5901e-07	0.000005	4
GINS3	4	6.9809e-04	2.5901e-07	0.000005	2
LRRC37A3	4	7.0525e-04	2.5901e-07	0.000005	4
SMG8	4	7.1222e-04	2.5901e-07	0.000005	4
NHEJ1	4	7.1561e-04	2.5901e-07	0.000005	4
SRP19	4	7.1845e-04	2.5901e-07	0.000005	3
NUP98	4	7.2128e-04	7.7704e-07	0.000014	4
RRP12	4	7.2527e-04	7.7704e-07	0.000014	4
PWP1	4	7.2699e-04	7.7704e-07	0.000014	4
TRMT6	4	7.2803e-04	7.7704e-07	0.000014	3
TOMM20	4	7.3726e-04	7.7704e-07	0.000014	4
NOL12	4	7.3823e-04	7.7704e-07	0.000014	4
TAF1	4	7.4607e-04	7.7704e-07	0.000014	4
C8orf44	4	7.4978e-04	7.7704e-07	0.000014	2
RIOK1	4	7.5157e-04	7.7704e-07	0.000014	4
ATP6V1A	4	7.5248e-04	7.7704e-07	0.000014	3
MBTPS1	4	7.5297e-04	7.7704e-07	0.000014	4
ELP6	4	7.5347e-04	7.7704e-07	0.000014	4
FARSB	4	7.6291e-04	7.7704e-07	0.000014	3
CENPN	4	7.6302e-04	7.7704e-07	0.000014	4
USP36	4	7.6991e-04	7.7704e-07	0.000014	4
UNC50	4	7.6993e-04	7.7704e-07	0.000014	4
CNOT3	4	7.7101e-04	7.7704e-07	0.000014	4
UFSP2	4	7.7242e-04	7.7704e-07	0.000014	3
TNPO1	4	7.7595e-04	7.7704e-07	0.000014	4
PSENEN	4	7.7893e-04	7.7704e-07	0.000014	4
SLC10A7	4	7.7990e-04	7.7704e-07	0.000014	4
PAK2	4	7.8887e-04	7.7704e-07	0.000014	4
CDS2	4	7.8936e-04	7.7704e-07	0.000014	4
TUBA1C	4	7.9744e-04	7.7704e-07	0.000014	4
SF1	4	8.0195e-04	7.7704e-07	0.000014	3
GTF2H1	4	8.0457e-04	7.7704e-07	0.000014	4
KLF10	4	8.0630e-04	7.7704e-07	0.000014	4
EXTL3	4	8.0893e-04	7.7704e-07	0.000014	4
FOXM1	4	8.1176e-04	7.7704e-07	0.000014	4
NUP133	4	8.1568e-04	7.7704e-07	0.000014	4
ISY1	4	8.1871e-04	7.7704e-07	0.000014	4
TMED2	4	8.2427e-04	7.7704e-07	0.000014	4
IK	4	8.2694e-04	7.7704e-07	0.000014	3
RACGAP1	4	8.2852e-04	7.7704e-07	0.000014	4
ATP6V1F	4	8.2904e-04	7.7704e-07	0.000014	3
ZNF830	4	8.3998e-04	1.2951e-06	0.000023	4
KARS	4	8.4381e-04	1.2951e-06	0.000023	4
KIAA0391	4	8.5029e-04	1.2951e-06	0.000023	4
NDUFAB1	4	8.5243e-04	1.2951e-06	0.000023	4
ROMO1	4	8.5485e-04	1.2951e-06	0.000023	3
CDT1	4	8.6084e-04	1.2951e-06	0.000023	4
SNRNP25	4	8.6863e-04	1.2951e-06	0.000023	3
MMS22L	4	8.6893e-04	1.2951e-06	0.000023	4
GINS4	4	8.6997e-04	1.2951e-06	0.000023	4
NRBP1	4	8.7652e-04	1.2951e-06	0.000023	4
NPIPA3	4	8.7733e-04	1.2951e-06	0.000023	4
DDOST	4	8.8580e-04	1.2951e-06	0.000023	4
CDAN1	4	8.8667e-04	1.2951e-06	0.000023	4
TOPBP1	4	8.9160e-04	1.2951e-06	0.000023	4
SNRPC	4	8.9313e-04	1.2951e-06	0.000023	4
TTC27	4	9.0655e-04	1.2951e-06	0.000023	4
ALYREF	4	9.1055e-04	1.2951e-06	0.000023	4
CCNB1	4	9.2462e-04	1.2951e-06	0.000023	3
EIF4B	4	9.3182e-04	1.2951e-06	0.000023	4
RRS1	4	9.3228e-04	1.2951e-06	0.000023	4
PSMD14	4	9.3541e-04	1.2951e-06	0.000023	3
PPP1R11	4	9.3655e-04	1.2951e-06	0.000023	4
TRAPPC2	4	9.3871e-04	1.2951e-06	0.000023	4
PSMC3	4	9.4112e-04	1.2951e-06	0.000023	3
POLR3F	4	9.4402e-04	1.2951e-06	0.000023	4
EXT1	4	9.4820e-04	1.2951e-06	0.000023	4
USP37	4	9.5146e-04	1.2951e-06	0.000023	4
TRAPPC4	4	9.5409e-04	1.2951e-06	0.000023	4
EIF3H	4	9.5898e-04	1.2951e-06	0.000023	3
MED4	4	9.6480e-04	1.2951e-06	0.000023	4
SMN2	4	9.6595e-04	1.2951e-06	0.000023	3
FXN	4	9.6769e-04	1.2951e-06	0.000023	3
PDCL	4	9.7105e-04	1.2951e-06	0.000023	4
DCTN1	4	9.7822e-04	1.2951e-06	0.000023	4
LDLR	4	9.8104e-04	1.2951e-06	0.000023	4
RBM22	4	9.8311e-04	1.2951e-06	0.000023	4
UBE2T	4	9.8621e-04	1.2951e-06	0.000023	4
SPC24	4	9.8794e-04	1.2951e-06	0.000023	4
JTB	4	1.0001e-03	1.2951e-06	0.000023	3
LRRC37A	4	1.0109e-03	1.2951e-06	0.000023	4
CHERP	4	1.0133e-03	1.2951e-06	0.000023	4
RPA1	4	1.0169e-03	1.2951e-06	0.000023	3
TRAPPC8	4	1.0196e-03	1.2951e-06	0.000023	4
SF3B4	4	1.0199e-03	1.2951e-06	0.000023	4
BMS1	4	1.0295e-03	1.2951e-06	0.000023	4
MRPL40	4	1.0400e-03	1.2951e-06	0.000023	4
ATP6V1B2	4	1.0479e-03	1.2951e-06	0.000023	4
MLST8	4	1.0559e-03	1.2951e-06	0.000023	4
CENPL	4	1.0646e-03	1.2951e-06	0.000023	4
MYH9	4	1.0715e-03	1.2951e-06	0.000023	4
HMGCR	4	1.0745e-03	1.2951e-06	0.000023	4
SEPSECS	4	1.0990e-03	1.8131e-06	0.000031	4
CPSF1	4	1.0997e-03	1.8131e-06	0.000031	4
GTF3C6	4	1.1099e-03	1.8131e-06	0.000031	3
LOC102724862	4	1.1122e-03	1.8131e-06	0.000031	4
MRPL34	4	1.1156e-03	1.8131e-06	0.000031	4
GTF2E2	4	1.1280e-03	1.8131e-06	0.000031	4
MAPRE1	4	1.1368e-03	1.8131e-06	0.000031	4
CRCP	4	1.1385e-03	1.8131e-06	0.000031	4
ANAPC10	4	1.1498e-03	1.8131e-06	0.000031	4
INO80	4	1.1629e-03	1.8131e-06	0.000031	4
HAUS8	4	1.1656e-03	1.8131e-06	0.000031	4
OR7E24	4	1.1715e-03	1.8131e-06	0.000031	3
CHAF1A	4	1.1744e-03	1.8131e-06	0.000031	4
TBL3	4	1.1834e-03	1.8131e-06	0.000031	4
LDAH	4	1.1888e-03	1.8131e-06	0.000031	4
MAU2	4	1.2042e-03	1.8131e-06	0.000031	3
PCF11	4	1.2129e-03	1.8131e-06	0.000031	4
PSMD12	4	1.2150e-03	1.8131e-06	0.000031	3
NUDC	4	1.2177e-03	1.8131e-06	0.000031	3
FDX1L	4	1.2204e-03	1.8131e-06	0.000031	4
CHTF8	4	1.2245e-03	1.8131e-06	0.000031	4
INTS2	4	1.2292e-03	1.8131e-06	0.000031	4
XRCC2	4	1.2443e-03	1.8131e-06	0.000031	4
FTSJ3	4	1.2588e-03	1.8131e-06	0.000031	3
DCLRE1B	4	1.2595e-03	1.8131e-06	0.000031	4
HIST2H3C	4	1.2636e-03	1.8131e-06	0.000031	4
NOC2L	4	1.2692e-03	1.8131e-06	0.000031	4
SNIP1	4	1.2776e-03	1.8131e-06	0.000031	4
KIF23	4	1.2807e-03	1.8131e-06	0.000031	4
TTI2	4	1.2819e-03	1.8131e-06	0.000031	4
GOLGA8K	4	1.2839e-03	1.8131e-06	0.000031	4
SENP6	4	1.2846e-03	1.8131e-06	0.000031	3
WDR25	4	1.2849e-03	1.8131e-06	0.000031	4
UBE2L3	4	1.2867e-03	1.8131e-06	0.000031	4
ATRN	4	1.2919e-03	1.8131e-06	0.000031	4
ALG3	4	1.2931e-03	1.8131e-06	0.000031	4
VPS53	4	1.2937e-03	1.8131e-06	0.000031	4
MARK2	4	1.3015e-03	2.8491e-06	0.000048	4
NUP88	4	1.3029e-03	2.8491e-06	0.000048	4
KRI1	4	1.3057e-03	2.8491e-06	0.000048	3
DHX30	4	1.3110e-03	2.8491e-06	0.000048	4
MGAT1	4	1.3139e-03	2.8491e-06	0.000048	4
MYBBP1A	4	1.3257e-03	2.8491e-06	0.000048	4
GPI	4	1.3275e-03	2.8491e-06	0.000048	4
LIMS1	4	1.3285e-03	2.8491e-06	0.000048	4
SYMPK	4	1.3350e-03	3.3672e-06	0.000056	4
VPS16	4	1.3379e-03	3.3672e-06	0.000056	3
MIPEP	4	1.3415e-03	3.3672e-06	0.000056	4
CBWD5	4	1.3434e-03	3.3672e-06	0.000056	4
DGCR8	4	1.3444e-03	3.3672e-06	0.000056	3
ERVW-1	4	1.3456e-03	3.3672e-06	0.000056	4
TSR1	4	1.3466e-03	3.3672e-06	0.000056	4
NSMCE4A	4	1.3509e-03	3.3672e-06	0.000056	4
MAD2L1	4	1.3516e-03	3.3672e-06	0.000056	3
RNF8	4	1.3625e-03	3.3672e-06	0.000056	4
CIRH1A	4	1.3652e-03	3.3672e-06	0.000056	4
SMARCA5	4	1.3779e-03	3.3672e-06	0.000056	4
NOP9	4	1.3793e-03	3.3672e-06	0.000056	4
NBPF10	4	1.3823e-03	3.8852e-06	0.000064	4
ORC3	4	1.3830e-03	3.8852e-06	0.000064	4
BCL2L2-PABPN1	4	1.3875e-03	3.8852e-06	0.000064	3
SNUPN	4	1.3889e-03	3.8852e-06	0.000064	4
PSMB6	4	1.3904e-03	3.8852e-06	0.000064	3
VPS51	4	1.4120e-03	3.8852e-06	0.000064	3
TIAL1	4	1.4220e-03	3.8852e-06	0.000064	4
RFWD3	4	1.4296e-03	3.8852e-06	0.000064	4
MBTPS2	4	1.4327e-03	3.8852e-06	0.000064	4
BUD13	4	1.4420e-03	4.4032e-06	0.000072	4
MIS12	4	1.4457e-03	4.4032e-06	0.000072	4
ZNHIT6	4	1.4504e-03	4.4032e-06	0.000072	3
TMEM41B	4	1.4634e-03	4.4032e-06	0.000072	4
ALG1L2	4	1.4644e-03	4.4032e-06	0.000072	2
ATXN10	4	1.4671e-03	4.4032e-06	0.000072	4
WDR77	4	1.4723e-03	4.4032e-06	0.000072	4
GOLGA6A	4	1.4740e-03	4.4032e-06	0.000072	3
RBM25	4	1.4883e-03	4.4032e-06	0.000072	4
WDR26	4	1.4887e-03	4.4032e-06	0.000072	4
GCN1L1	4	1.4911e-03	4.4032e-06	0.000072	4
NCAPH	4	1.4946e-03	4.4032e-06	0.000072	4
TRNT1	4	1.5038e-03	4.4032e-06	0.000072	4
WDR82	4	1.5065e-03	4.4032e-06	0.000072	4
BCAS2	4	1.5100e-03	4.4032e-06	0.000072	4
KRTAP19-1	4	1.5116e-03	4.4032e-06	0.000072	4
SAP30BP	4	1.5243e-03	4.9212e-06	0.000080	4
SNAPC3	4	1.5250e-03	4.9212e-06	0.000080	3
CCDC174	4	1.5268e-03	4.9212e-06	0.000080	3
ACSL3	4	1.5299e-03	4.9212e-06	0.000080	4
NAA25	4	1.5375e-03	4.9212e-06	0.000080	4
ANKRD17	4	1.5379e-03	4.9212e-06	0.000080	4
MIS18BP1	4	1.5617e-03	4.9212e-06	0.000080	4
NCAPH2	4	1.5638e-03	4.9212e-06	0.000080	4
SIN3A	4	1.5688e-03	5.9573e-06	0.000096	4
MAD2L2	4	1.5744e-03	5.9573e-06	0.000096	4
MESDC2	4	1.5785e-03	5.9573e-06	0.000096	4
HINFP	4	1.5805e-03	5.9573e-06	0.000096	4
HAUS6	4	1.5809e-03	5.9573e-06	0.000096	4
UBAP1	4	1.5825e-03	5.9573e-06	0.000096	3
ZRANB1	4	1.5887e-03	6.4753e-06	0.000103	4
NAA35	4	1.5891e-03	6.4753e-06	0.000103	4
MRPL16	4	1.6169e-03	6.4753e-06	0.000103	4
VAMP2	4	1.6257e-03	6.4753e-06	0.000103	4
MGRN1	4	1.6345e-03	6.4753e-06	0.000103	4
POP1	4	1.6427e-03	6.4753e-06	0.000103	3
CHORDC1	4	1.6518e-03	6.4753e-06	0.000103	4
SDE2	4	1.6592e-03	6.4753e-06	0.000103	4
PPRC1	4	1.6675e-03	6.9933e-06	0.000111	3
FARS2	4	1.6742e-03	6.9933e-06	0.000111	4
FAM178A	4	1.6804e-03	6.9933e-06	0.000111	4
GOLGA6L10	4	1.6809e-03	6.9933e-06	0.000111	4
HAX1	4	1.6838e-03	6.9933e-06	0.000111	4
MRPL38	4	1.6933e-03	6.9933e-06	0.000111	4
MCM10	4	1.7067e-03	6.9933e-06	0.000111	4
MRPS18A	4	1.7120e-03	6.9933e-06	0.000111	4
ZNF131	4	1.7172e-03	6.9933e-06	0.000111	4
NELFA	4	1.7230e-03	6.9933e-06	0.000111	4
CTU1	4	1.7281e-03	7.5113e-06	0.000119	4
DCPS	4	1.7367e-03	7.5113e-06	0.000119	4
TRAIP	4	1.7409e-03	8.0294e-06	0.000127	4
CCDC93	4	1.7453e-03	8.0294e-06	0.000127	4
ABI3BP	4	1.7457e-03	8.0294e-06	0.000127	4
RPL32	4	1.7633e-03	8.5474e-06	0.000134	4
ISY1-RAB43	4	1.7726e-03	8.5474e-06	0.000134	4
DERL2	4	1.7745e-03	8.5474e-06	0.000134	4
POLR2D	4	1.7806e-03	8.5474e-06	0.000134	4
SPDYE1	4	1.7876e-03	9.0654e-06	0.000142	4
DHRSX	4	1.8085e-03	9.0654e-06	0.000142	4
LARS2	4	1.8094e-03	9.0654e-06	0.000142	3
MCRS1	4	1.8182e-03	9.0654e-06	0.000142	4
MRPS11	4	1.8200e-03	9.0654e-06	0.000142	4
HAUS1	4	1.8213e-03	9.0654e-06	0.000142	4
SNRNP27	4	1.8367e-03	9.5834e-06	0.000150	4
ATP6AP2	4	1.8532e-03	9.5834e-06	0.000150	4
AARS2	4	1.8755e-03	1.0619e-05	0.000165	4
UFL1	4	1.8868e-03	1.0619e-05	0.000165	4
RAD1	4	1.9013e-03	1.0619e-05	0.000165	4
ILK	4	1.9031e-03	1.0619e-05	0.000165	4
GTF3A	4	1.9058e-03	1.0619e-05	0.000165	3
ZFR	4	1.9117e-03	1.1138e-05	0.000173	4
SRBD1	4	1.9213e-03	1.1138e-05	0.000173	3
MRPS21	4	1.9249e-03	1.1138e-05	0.000173	3
CNEP1R1	4	1.9359e-03	1.1656e-05	0.000174	3
ALG12	4	1.9479e-03	1.1656e-05	0.000174	4
ZNF207	4	1.9497e-03	1.1656e-05	0.000174	4
MAD1L1	4	1.9506e-03	1.1656e-05	0.000174	3
AP2M1	4	1.9527e-03	1.1656e-05	0.000174	4
BRF2	4	1.9747e-03	1.1656e-05	0.000174	4
DYNLRB1	4	1.9840e-03	1.1656e-05	0.000174	4
ARHGDIA	4	1.9850e-03	1.1656e-05	0.000174	4
COG7	4	1.9896e-03	1.1656e-05	0.000174	4
EXOC4	4	2.0008e-03	1.1656e-05	0.000174	3
POLR3E	4	2.0017e-03	1.1656e-05	0.000174	4
MNDA	4	2.0036e-03	1.1656e-05	0.000174	4
FURIN	4	2.0120e-03	1.1656e-05	0.000174	4
NSMCE2	4	2.0304e-03	1.1656e-05	0.000174	4
KAT8	4	2.0304e-03	1.1656e-05	0.000174	3
GLE1	4	2.0416e-03	1.1656e-05	0.000174	4
LAMTOR3	4	2.0423e-03	1.1656e-05	0.000174	4
DHDDS	4	2.0444e-03	1.1656e-05	0.000174	3
N6AMT1	4	2.0570e-03	1.1656e-05	0.000174	4
RSU1	4	2.0583e-03	1.1656e-05	0.000174	4
CDC40	4	2.0583e-03	1.1656e-05	0.000174	4
CWC25	4	2.0604e-03	1.1656e-05	0.000174	3
INTS9	4	2.0625e-03	1.1656e-05	0.000174	4
RMI1	4	2.0865e-03	1.1656e-05	0.000174	4
AIFM1	4	2.0882e-03	1.1656e-05	0.000174	4
TRIP11	4	2.1161e-03	1.1656e-05	0.000174	4
ZNF75A	4	2.1166e-03	1.1656e-05	0.000174	4
PTAR1	4	2.1603e-03	1.1656e-05	0.000174	4
ZNF852	4	2.1707e-03	1.1656e-05	0.000174	4
POLR1B	4	2.1741e-03	1.1656e-05	0.000174	4
ZW10	4	2.1785e-03	1.1656e-05	0.000174	4
PSMC2	4	2.1800e-03	1.1656e-05	0.000174	3
NPLOC4	4	2.1909e-03	1.1656e-05	0.000174	4
PAXBP1	4	2.1989e-03	1.1656e-05	0.000174	4
NRDE2	4	2.1989e-03	1.1656e-05	0.000174	4
CEACAM5	4	2.2190e-03	1.1656e-05	0.000174	4
ATP5G2	4	2.2195e-03	1.1656e-05	0.000174	4
CDK2	4	2.2219e-03	1.1656e-05	0.000174	3
POLD3	4	2.2240e-03	1.1656e-05	0.000174	3
SUPV3L1	4	2.2280e-03	1.1656e-05	0.000174	4
DOCK5	4	2.2362e-03	1.1656e-05	0.000174	4
GID8	4	2.2380e-03	1.1656e-05	0.000174	3
RAB6A	4	2.2415e-03	1.1656e-05	0.000174	4
UQCRH	4	2.2481e-03	1.1656e-05	0.000174	3
CDK9	4	2.2531e-03	1.1656e-05	0.000174	4
NMD3	4	2.2572e-03	1.1656e-05	0.000174	4
ELAC2	4	2.2949e-03	1.1656e-05	0.000174	4
ELP3	4	2.2972e-03	1.1656e-05	0.000174	4
PTCHD1	4	2.2997e-03	1.1656e-05	0.000174	2
KNCN	4	2.3004e-03	1.1656e-05	0.000174	4
MRPL51	4	2.3082e-03	1.1656e-05	0.000174	4
OXSM	4	2.3196e-03	1.2174e-05	0.000176	3
NEMF	4	2.3268e-03	1.2174e-05	0.000176	4
NOLC1	4	2.3404e-03	1.2174e-05	0.000176	4
ZC3H8	4	2.3444e-03	1.2174e-05	0.000176	4
NPIPB3	4	2.3719e-03	1.2174e-05	0.000176	4
TSEN54	4	2.3892e-03	1.2174e-05	0.000176	4
INTS3	4	2.4082e-03	1.2174e-05	0.000176	4
HIST1H4K	4	2.4105e-03	1.2174e-05	0.000176	4
RPA2	4	2.4285e-03	1.2174e-05	0.000176	4
CDC26	4	2.4295e-03	1.2174e-05	0.000176	4
NSMCE1	4	2.4376e-03	1.2174e-05	0.000176	4
SF3B6	4	2.4508e-03	1.2174e-05	0.000176	3
SLBP	4	2.4546e-03	1.2174e-05	0.000176	3
MRPL57	4	2.4551e-03	1.2174e-05	0.000176	4
XRN1	4	2.4971e-03	1.2174e-05	0.000176	4
ASNA1	4	2.5003e-03	1.2174e-05	0.000176	3
PPIL4	4	2.5088e-03	1.2174e-05	0.000176	2
CLNS1A	4	2.5088e-03	1.2174e-05	0.000176	4
UFC1	4	2.5215e-03	1.2174e-05	0.000176	4
FBXO5	4	2.5437e-03	1.2174e-05	0.000176	4
SNRPE	4	2.5472e-03	1.2174e-05	0.000176	4
ATP5J2-PTCD1	4	2.5625e-03	1.2174e-05	0.000176	4
PRPF38B	4	2.5771e-03	1.2174e-05	0.000176	4
C18orf21	4	2.5832e-03	1.2174e-05	0.000176	4
NARS2	4	2.5835e-03	1.2174e-05	0.000176	4
COG2	4	2.5913e-03	1.2174e-05	0.000176	3
PCDHB16	4	2.6028e-03	1.2174e-05	0.000176	4
ORC5	4	2.6035e-03	1.2174e-05	0.000176	4
POLR2I	4	2.6224e-03	1.2174e-05	0.000176	3
MRPL23	4	2.6258e-03	1.2174e-05	0.000176	4
SMARCB1	4	2.6303e-03	1.2174e-05	0.000176	4
TRAPPC3	4	2.6305e-03	1.2174e-05	0.000176	3
EFTUD1	4	2.6353e-03	1.2174e-05	0.000176	4
COASY	4	2.6387e-03	1.2174e-05	0.000176	4
DGCR14	4	2.6392e-03	1.2174e-05	0.000176	4
TAF1A	4	2.6494e-03	1.2174e-05	0.000176	3
OBP2A	4	2.6708e-03	1.2174e-05	0.000176	4
MRPL44	4	2.7019e-03	1.3210e-05	0.000190	4
EMG1	4	2.7127e-03	1.3210e-05	0.000190	4
WSCD1	4	2.7222e-03	1.3210e-05	0.000190	4
HAUS7	4	2.7383e-03	1.3210e-05	0.000190	4
TEN1	4	2.7403e-03	1.3210e-05	0.000190	3
PFDN5	4	2.7518e-03	1.3210e-05	0.000190	4
PMF1	4	2.7615e-03	1.3210e-05	0.000190	3
GUK1	4	2.7622e-03	1.3210e-05	0.000190	3
WDR73	4	2.7819e-03	1.3728e-05	0.000197	4
TUBA1B	4	2.7907e-03	1.3728e-05	0.000197	4
PRAMEF10	4	2.7957e-03	1.3728e-05	0.000197	4
KIAA1524	4	2.8362e-03	1.3728e-05	0.000197	4
RPP14	4	2.8393e-03	1.3728e-05	0.000197	4
EIF2B1	4	2.8585e-03	1.3728e-05	0.000197	4
SEC23A	4	2.8592e-03	1.3728e-05	0.000197	4
TPT1	4	2.8900e-03	1.4246e-05	0.000203	4
SMAD5	4	2.9009e-03	1.4246e-05	0.000203	4
TCF3	4	2.9048e-03	1.4246e-05	0.000203	4
HNRNPC	4	2.9192e-03	1.4246e-05	0.000203	3
KIAA0196	4	2.9235e-03	1.4246e-05	0.000203	4
DPY30	4	2.9289e-03	1.4764e-05	0.000209	4
SSX2B	4	2.9386e-03	1.4764e-05	0.000209	4
ATP6V1H	4	2.9529e-03	1.4764e-05	0.000209	3
KRTAP5-6	4	2.9596e-03	1.4764e-05	0.000209	4
PHB2	4	2.9638e-03	1.4764e-05	0.000209	3
RBM14	4	2.9838e-03	1.4764e-05	0.000209	4
GTF2H4	4	3.0106e-03	1.4764e-05	0.000209	4
MMD	4	3.0118e-03	1.4764e-05	0.000209	3
ITGB3	4	3.0217e-03	1.4764e-05	0.000209	4
PPIE	4	3.0244e-03	1.4764e-05	0.000209	4
SSBP1	4	3.0388e-03	1.4764e-05	0.000209	4
SNAPC5	4	3.0463e-03	1.4764e-05	0.000209	4
DDX42	4	3.0548e-03	1.4764e-05	0.000209	3
SLU7	4	3.0647e-03	1.5282e-05	0.000214	3
PSMG4	4	3.0769e-03	1.5282e-05	0.000214	3
THOC3	4	3.0815e-03	1.5282e-05	0.000214	4
NAF1	4	3.0870e-03	1.5282e-05	0.000214	3
MRPL37	4	3.0945e-03	1.5282e-05	0.000214	4
PSMC1	4	3.1005e-03	1.5282e-05	0.000214	4
CERS5	4	3.1049e-03	1.5282e-05	0.000214	4
TUBGCP6	4	3.1119e-03	1.5282e-05	0.000214	4
H3F3A	3	3.1347e-03	2.8491e-06	0.000048	2
GTF3C4	4	3.1353e-03	1.5282e-05	0.000214	4
TMX2	4	3.1483e-03	1.5282e-05	0.000214	4
LETM1	4	3.1511e-03	1.5282e-05	0.000214	4
MTMR9	4	3.1566e-03	1.5282e-05	0.000214	4
WDR70	4	3.1634e-03	1.5800e-05	0.000221	3
COPZ1	4	3.1990e-03	1.6318e-05	0.000228	4
PLGLB2	4	3.2148e-03	1.6318e-05	0.000228	4
SAP130	4	3.2506e-03	1.6836e-05	0.000235	4
PGD	4	3.2795e-03	1.8908e-05	0.000264	4
PARK7	4	3.2881e-03	1.9426e-05	0.000270	4
GTF3C3	4	3.2951e-03	1.9426e-05	0.000270	4
BOP1	4	3.3054e-03	1.9426e-05	0.000270	3
ICMT	4	3.3080e-03	1.9426e-05	0.000270	4
STUB1	4	3.3159e-03	1.9944e-05	0.000277	4
BICC1	4	3.3223e-03	1.9944e-05	0.000277	4
GEMIN7	4	3.3295e-03	2.0980e-05	0.000290	3
UNC45A	4	3.3316e-03	2.0980e-05	0.000290	4
NIPBL	4	3.3328e-03	2.0980e-05	0.000290	3
TSGA10	4	3.3374e-03	2.0980e-05	0.000290	4
MBD3L5	4	3.3539e-03	2.0980e-05	0.000290	4
OSTC	4	3.3629e-03	2.0980e-05	0.000290	3
KCNJ13	4	3.3720e-03	2.0980e-05	0.000290	4
ZNF598	4	3.3727e-03	2.0980e-05	0.000290	4
DPH1	4	3.3984e-03	2.0980e-05	0.000290	4
ATP6V0D1	4	3.4302e-03	2.1498e-05	0.000294	4
NOL8	4	3.4436e-03	2.1498e-05	0.000294	3
SNAPC2	4	3.4502e-03	2.1498e-05	0.000294	4
FITM2	4	3.4603e-03	2.1498e-05	0.000294	4
CDC25B	4	3.4649e-03	2.1498e-05	0.000294	4
SETD8	4	3.4662e-03	2.1498e-05	0.000294	4
EIF5B	4	3.4770e-03	2.1498e-05	0.000294	4
YRDC	4	3.4960e-03	2.1498e-05	0.000294	4
DOCK7	4	3.4985e-03	2.1498e-05	0.000294	4
THOC1	4	3.5024e-03	2.1498e-05	0.000294	4
PKNOX1	4	3.5138e-03	2.1498e-05	0.000294	4
PRPF40A	4	3.5243e-03	2.1498e-05	0.000294	4
ICE1	4	3.5391e-03	2.1498e-05	0.000294	3
SPDYE3	4	3.5540e-03	2.1498e-05	0.000294	3
ARFRP1	4	3.5577e-03	2.2016e-05	0.000299	4
SHOC2	4	3.5588e-03	2.2016e-05	0.000299	4
DPF2	4	3.5595e-03	2.2016e-05	0.000299	4
NDOR1	4	3.5694e-03	2.2016e-05	0.000299	4
MT2A	4	3.5709e-03	2.2016e-05	0.000299	4
RNPS1	4	3.5847e-03	2.2016e-05	0.000299	3
CHURC1-FNTB	4	3.5881e-03	2.2016e-05	0.000299	4
EXOSC5	4	3.5929e-03	2.2016e-05	0.000299	4
THAP1	4	3.5936e-03	2.2016e-05	0.000299	3
COG4	4	3.5977e-03	2.2016e-05	0.000299	3
CCDC22	4	3.6279e-03	2.3052e-05	0.000312	4
KPNA6	4	3.6333e-03	2.3052e-05	0.000312	4
SPTSSA	4	3.6632e-03	2.3570e-05	0.000318	4
KIAA0020	4	3.6973e-03	2.3570e-05	0.000318	4
E4F1	4	3.6987e-03	2.3570e-05	0.000318	3
EIF3M	4	3.7029e-03	2.3570e-05	0.000318	4
RPP38	4	3.7183e-03	2.3570e-05	0.000318	4
PGAM4	4	3.7267e-03	2.4088e-05	0.000324	3
ANKLE2	4	3.7307e-03	2.4088e-05	0.000324	4
LY6H	4	3.7385e-03	2.4088e-05	0.000324	4
RPEL1	4	3.7746e-03	2.4606e-05	0.000331	4
BRK1	4	3.7831e-03	2.5642e-05	0.000345	3
ARGLU1	4	3.7860e-03	2.5642e-05	0.000345	4
TRMT61A	4	3.7907e-03	2.6160e-05	0.000351	3
DNAJC2	4	3.8016e-03	2.7196e-05	0.000365	4
NBPF20	4	3.8551e-03	2.7714e-05	0.000371	3
WDR61	4	3.8624e-03	2.7714e-05	0.000371	4
FAM3A	4	3.8925e-03	2.8232e-05	0.000378	4
SACS	4	3.8933e-03	2.8232e-05	0.000378	4
MRPS26	4	3.9135e-03	2.8750e-05	0.000383	4
CD2BP2	4	3.9222e-03	2.8750e-05	0.000383	4
BIRC6	4	3.9232e-03	2.8750e-05	0.000383	4
IPO11	4	3.9289e-03	2.8750e-05	0.000383	4
CDC27	4	3.9738e-03	2.8750e-05	0.000383	4
CUL1	4	3.9852e-03	2.9268e-05	0.000390	3
RBBP6	4	3.9918e-03	2.9268e-05	0.000390	4
RNF20	4	4.0083e-03	2.9786e-05	0.000396	4
POLG2	4	4.0182e-03	2.9786e-05	0.000396	4
TEX10	4	4.0378e-03	3.0304e-05	0.000403	3
PDAP1	4	4.0423e-03	3.1340e-05	0.000413	3
HS2ST1	4	4.0437e-03	3.1340e-05	0.000413	3
MARK3	4	4.0438e-03	3.1340e-05	0.000413	4
MED26	4	4.0600e-03	3.1340e-05	0.000413	3
DOLK	4	4.0617e-03	3.1340e-05	0.000413	4
ZFP69	4	4.0629e-03	3.1340e-05	0.000413	4
MTBP	4	4.0686e-03	3.1340e-05	0.000413	4
PPP1R15B	4	4.0734e-03	3.1340e-05	0.000413	4
MRPL19	4	4.0764e-03	3.1340e-05	0.000413	3
EXOC1	4	4.0927e-03	3.1340e-05	0.000413	4
RPS19BP1	4	4.0942e-03	3.1340e-05	0.000413	4
TRIM49C	4	4.1032e-03	3.1340e-05	0.000413	3
EIF4G2	4	4.1062e-03	3.1340e-05	0.000413	4
PTPN23	4	4.1265e-03	3.1858e-05	0.000418	4
PYROXD1	4	4.1371e-03	3.1858e-05	0.000418	4
POLG	4	4.1557e-03	3.1858e-05	0.000418	3
TTK	4	4.1807e-03	3.1858e-05	0.000418	4
YME1L1	4	4.2406e-03	3.6003e-05	0.000472	4
ARMC5	4	4.2436e-03	3.6003e-05	0.000472	4
GFER	4	4.2618e-03	3.6521e-05	0.000478	4
GET4	4	4.2818e-03	3.6521e-05	0.000478	4
CT47A2	4	4.2837e-03	3.6521e-05	0.000478	4
RICTOR	4	4.2926e-03	3.9111e-05	0.000510	4
SPTLC1	4	4.3111e-03	3.9111e-05	0.000510	4
ZC3H10	4	4.3157e-03	3.9111e-05	0.000510	4
ACTR6	4	4.3198e-03	3.9111e-05	0.000510	3
SENP2	4	4.3390e-03	3.9629e-05	0.000516	4
AKIRIN2	4	4.3540e-03	3.9629e-05	0.000516	4
RIC8A	4	4.4214e-03	4.1701e-05	0.000542	4
COMMD3	4	4.4371e-03	4.1701e-05	0.000542	4
HBS1L	4	4.4399e-03	4.1701e-05	0.000542	4
GSPT1	4	4.4489e-03	4.3773e-05	0.000568	4
MTG1	4	4.4497e-03	4.3773e-05	0.000568	4
GEMIN4	4	4.4576e-03	4.4291e-05	0.000574	4
ZGPAT	4	4.4667e-03	4.5327e-05	0.000587	4
LSM12	4	4.4749e-03	4.5327e-05	0.000587	4
USE1	4	4.5021e-03	4.5845e-05	0.000592	3
HTATSF1	4	4.5081e-03	4.5845e-05	0.000592	4
CSTF1	4	4.5193e-03	4.5845e-05	0.000592	4
PRKRIR	4	4.5224e-03	4.5845e-05	0.000592	4
KMT2B	4	4.5695e-03	4.8953e-05	0.000631	4
CANT1	4	4.5697e-03	4.8953e-05	0.000631	2
LRCH3	4	4.5976e-03	4.8953e-05	0.000631	4
KHDRBS1	4	4.6325e-03	4.9471e-05	0.000634	4
UCHL5	4	4.6346e-03	4.9471e-05	0.000634	4
RFWD2	4	4.6657e-03	4.9471e-05	0.000634	4
DHX16	4	4.6719e-03	4.9471e-05	0.000634	3
ANAPC4	4	4.6881e-03	4.9471e-05	0.000634	3
ATP5A1	4	4.6953e-03	4.9471e-05	0.000634	4
TPR	4	4.7041e-03	4.9471e-05	0.000634	4
DDX3X	4	4.7132e-03	4.9471e-05	0.000634	3
MRPL14	4	4.7353e-03	4.9989e-05	0.000640	4
CKS1B	4	4.7469e-03	4.9989e-05	0.000640	4
GNB1L	4	4.7759e-03	5.0507e-05	0.000645	4
PCBP1	4	4.7823e-03	5.0507e-05	0.000645	4
GDE1	4	4.7982e-03	5.0507e-05	0.000645	4
ABHD12	4	4.8133e-03	5.0507e-05	0.000645	4
MOG	4	4.8208e-03	5.2579e-05	0.000671	4
NUP93	4	4.8426e-03	5.5688e-05	0.000708	4
ATR	4	4.8510e-03	5.5688e-05	0.000708	3
ZFC3H1	4	4.8540e-03	5.5688e-05	0.000708	4
URB1	4	4.8602e-03	5.5688e-05	0.000708	4
BICD2	4	4.8798e-03	5.5688e-05	0.000708	4
MECR	4	4.9066e-03	5.6206e-05	0.000712	4
RAB18	4	4.9330e-03	5.6206e-05	0.000712	3
ADAM33	4	4.9380e-03	5.6206e-05	0.000712	4
GPR182	4	4.9450e-03	5.6206e-05	0.000712	4
POLR2H	4	4.9499e-03	5.6206e-05	0.000712	4
SLC35B1	4	4.9653e-03	5.8278e-05	0.000737	4
ZNF92	4	4.9663e-03	5.8278e-05	0.000737	4
DDX5	4	4.9682e-03	5.8278e-05	0.000737	4
PRRC1	4	4.9938e-03	5.8796e-05	0.000743	3
BTAF1	4	5.0061e-03	6.2940e-05	0.000795	4
LOC79999	4	5.0129e-03	6.4494e-05	0.000812	4
CPSF3L	4	5.0175e-03	6.4494e-05	0.000812	4
SAMM50	4	5.0277e-03	6.4494e-05	0.000812	4
MRPL21	4	5.0383e-03	6.4494e-05	0.000812	4
PUS3	4	5.0598e-03	6.4494e-05	0.000812	4
DDX27	4	5.1274e-03	6.5012e-05	0.000815	4
PTPRN	4	5.1448e-03	6.5012e-05	0.000815	4
ZNF212	4	5.1487e-03	6.5012e-05	0.000815	4
C1orf210	4	5.1527e-03	6.5012e-05	0.000815	4
FAM160B1	4	5.1577e-03	6.5012e-05	0.000815	4
IFITM3	4	5.1894e-03	6.5012e-05	0.000815	3
SNAPC1	4	5.1973e-03	6.5012e-05	0.000815	3
ATP2B1	4	5.2129e-03	6.8120e-05	0.000853	3
CCDC53	4	5.2237e-03	7.0192e-05	0.000876	4
RPUSD4	4	5.2277e-03	7.0192e-05	0.000876	4
BARHL2	4	5.2277e-03	7.0192e-05	0.000876	4
SRRT	4	5.2368e-03	7.0192e-05	0.000876	2
PKN2	4	5.2400e-03	7.0192e-05	0.000876	4
MRPL32	4	5.2522e-03	7.0710e-05	0.000882	3
IST1	4	5.2559e-03	7.0710e-05	0.000882	4
WNK4	4	5.2787e-03	7.2782e-05	0.000906	4
OSBPL9	4	5.2794e-03	7.2782e-05	0.000906	3
PXN	4	5.3031e-03	7.5890e-05	0.000944	4
TBC1D3C	4	5.3137e-03	8.0035e-05	0.000995	3
CENPI	4	5.3163e-03	8.0035e-05	0.000995	4
TRAPPC2L	4	5.3757e-03	8.2625e-05	0.001023	4
PRPF4	4	5.3942e-03	8.2625e-05	0.001023	4
FBXO44	4	5.4090e-03	8.2625e-05	0.001023	4
TAF13	4	5.4121e-03	8.2625e-05	0.001023	4
SPCS2	4	5.4204e-03	8.2625e-05	0.001023	4
SMC1A	4	5.4310e-03	8.2625e-05	0.001023	3
KDELR2	4	5.5035e-03	8.5733e-05	0.001059	4
LOC100144595	4	5.5108e-03	8.5733e-05	0.001059	3
AGO2	4	5.5191e-03	8.5733e-05	0.001059	4
ATP5G1	4	5.5444e-03	8.5733e-05	0.001059	4
GPR157	4	5.5728e-03	8.6251e-05	0.001064	4
CACTIN	4	5.6173e-03	9.0395e-05	0.001114	3
C3orf58	4	5.6209e-03	9.0395e-05	0.001114	4
LCE1A	4	5.6353e-03	9.0913e-05	0.001120	4
WDR33	4	5.6903e-03	9.5057e-05	0.001168	3
PRKAR1A	4	5.6963e-03	9.5057e-05	0.001168	4
INTS6	4	5.6999e-03	9.5057e-05	0.001168	4
GAGE2D	4	5.7145e-03	9.5575e-05	0.001172	4
LIN9	4	5.7453e-03	9.5575e-05	0.001172	3
POP4	4	5.7499e-03	9.5575e-05	0.001172	4
PNO1	4	5.7684e-03	1.0076e-04	0.001233	3
IPO7	4	5.7771e-03	1.0076e-04	0.001233	4
DDX11	3	5.8079e-03	3.7557e-05	0.000491	2
CCNK	4	5.8156e-03	1.0076e-04	0.001233	4
RNF40	4	5.8282e-03	1.0076e-04	0.001233	4
MRPS6	4	5.8526e-03	1.0127e-04	0.001237	3
POTEB2	4	5.8708e-03	1.0127e-04	0.001237	4
NDC1	4	5.8940e-03	1.0127e-04	0.001237	4
ZMAT2	4	5.9171e-03	1.0594e-04	0.001293	4
S100A14	4	5.9545e-03	1.0645e-04	0.001298	4
HAPLN4	4	5.9847e-03	1.0645e-04	0.001298	4
NPIPA2	4	5.9916e-03	1.0697e-04	0.001303	3
NOC3L	4	6.0059e-03	1.1060e-04	0.001346	3
B4GALT7	4	6.0250e-03	1.1112e-04	0.001352	4
LSM10	4	6.0528e-03	1.1889e-04	0.001445	4
GABPA	4	6.0595e-03	1.1889e-04	0.001445	4
TSEN34	4	6.0662e-03	1.2303e-04	0.001494	3
NSUN2	4	6.0877e-03	1.2614e-04	0.001531	4
SRPRB	4	6.0990e-03	1.3236e-04	0.001600	4
MPDU1	4	6.1038e-03	1.3236e-04	0.001600	3
DNAJA3	4	6.1095e-03	1.3236e-04	0.001600	2
LENEP	4	6.1192e-03	1.3236e-04	0.001600	4
MED31	4	6.1237e-03	1.3236e-04	0.001600	2
METTL14	4	6.1482e-03	1.3236e-04	0.001600	3
FUT8	4	6.1670e-03	1.3287e-04	0.001602	4
EWSR1	4	6.1871e-03	1.3287e-04	0.001602	3
DYNC1I2	4	6.2163e-03	1.3287e-04	0.001602	3
PRKRA	4	6.2172e-03	1.3287e-04	0.001602	4
SLC7A6OS	4	6.2367e-03	1.3391e-04	0.001614	4
TAF4	4	6.2678e-03	1.3702e-04	0.001650	4
FAM103A1	4	6.2763e-03	1.3754e-04	0.001655	3
FAM25G	4	6.3036e-03	1.4323e-04	0.001718	4
ASAH2B	4	6.3262e-03	1.4323e-04	0.001718	3
GPS1	4	6.3499e-03	1.4323e-04	0.001718	3
GOSR1	4	6.3546e-03	1.4323e-04	0.001718	4
WBSCR16	4	6.3697e-03	1.4375e-04	0.001718	4
CHMP6	4	6.3733e-03	1.4375e-04	0.001718	4
KIF1BP	4	6.3757e-03	1.4375e-04	0.001718	4
CHMP4B	4	6.3871e-03	1.4375e-04	0.001718	3
BRD2	4	6.3931e-03	1.4375e-04	0.001718	4
PDGFRB	4	6.4154e-03	1.4375e-04	0.001718	4
NPIPA1	4	6.4307e-03	1.4375e-04	0.001718	3
NAE1	4	6.4550e-03	1.4686e-04	0.001752	3
BCAR3	4	6.4660e-03	1.4686e-04	0.001752	4
ZNF215	4	6.5079e-03	1.4686e-04	0.001752	4
EPN3	4	6.5235e-03	1.4738e-04	0.001753	3
SUPT5H	4	6.5256e-03	1.4738e-04	0.001753	3
COX18	4	6.5397e-03	1.4738e-04	0.001753	3
ELP5	4	6.5722e-03	1.4738e-04	0.001753	2
TRIM48	4	6.5785e-03	1.4738e-04	0.001753	3
UBE2D3	4	6.5871e-03	1.4790e-04	0.001758	4
SKA1	4	6.6255e-03	1.4841e-04	0.001763	4
DDX49	4	6.7136e-03	1.5152e-04	0.001798	4
GATC	4	6.7227e-03	1.5152e-04	0.001798	4
URM1	3	6.7324e-03	4.4291e-05	0.000574	3
C7orf34	4	6.7453e-03	1.5204e-04	0.001800	3
ARL15	4	6.8010e-03	1.5204e-04	0.001800	3
MDN1	4	6.8146e-03	1.5204e-04	0.001800	4
ZNRD1	4	6.8186e-03	1.5877e-04	0.001877	4
PABPC1	4	6.8300e-03	1.5877e-04	0.001877	3
COPS8	4	6.8369e-03	1.5877e-04	0.001877	4
NUP62	4	6.8665e-03	1.5929e-04	0.001881	4
CXorf49B	4	6.8674e-03	1.5929e-04	0.001881	4
BUB1	4	6.9279e-03	1.6551e-04	0.001950	3
BAG2	4	6.9415e-03	1.6551e-04	0.001950	3
CFDP1	4	6.9433e-03	1.6551e-04	0.001950	4
RAPGEF2	4	6.9677e-03	1.6603e-04	0.001954	4
COX4I1	4	7.0145e-03	1.6603e-04	0.001954	4
CSNK2B	4	7.0612e-03	1.7172e-04	0.002017	4
ESYT1	4	7.0635e-03	1.7172e-04	0.002017	4
PREX1	4	7.0825e-03	1.7172e-04	0.002017	4
PUF60	4	7.0917e-03	1.7691e-04	0.002074	2
PPM1E	4	7.0964e-03	1.7691e-04	0.002074	4
CCM2	4	7.0987e-03	1.7691e-04	0.002074	4
MRRF	4	7.1598e-03	1.7742e-04	0.002079	4
FAM181B	4	7.1866e-03	1.8468e-04	0.002156	4
SLC7A5	4	7.2109e-03	1.8468e-04	0.002156	4
CCDC94	4	7.2224e-03	1.8468e-04	0.002156	4
RTF1	4	7.2296e-03	1.8468e-04	0.002156	3
PAM16	4	7.2613e-03	1.8468e-04	0.002156	3
MRPS12	4	7.2996e-03	1.8468e-04	0.002156	4
PSMA4	4	7.3636e-03	1.8519e-04	0.002156	4
DBF4	4	7.4505e-03	1.8519e-04	0.002156	4
CDC42EP4	4	7.4768e-03	1.8519e-04	0.002156	4
ZC3H18	4	7.4861e-03	1.8519e-04	0.002156	4
PAQR4	4	7.5319e-03	1.8519e-04	0.002156	4
SLMAP	4	7.5773e-03	1.9193e-04	0.002233	3
WWTR1	4	7.6338e-03	1.9866e-04	0.002307	3
BAZ1B	4	7.6405e-03	1.9866e-04	0.002307	3
IGDCC4	4	7.6908e-03	1.9918e-04	0.002311	4
MRPL13	4	7.7447e-03	2.0488e-04	0.002376	4
ZBTB41	4	7.7948e-03	2.1109e-04	0.002444	4
ALG8	4	7.8155e-03	2.1109e-04	0.002444	3
NVL	4	7.8205e-03	2.1109e-04	0.002444	3
TIMM44	4	7.8563e-03	2.1161e-04	0.002444	4
CCDC64	4	7.8670e-03	2.1161e-04	0.002444	4
CTDP1	4	7.8738e-03	2.1161e-04	0.002444	3
CCDC105	4	7.8835e-03	2.1161e-04	0.002444	3
RPL41	4	7.9245e-03	2.2560e-04	0.002601	4
LOC100131303	4	7.9321e-03	2.2560e-04	0.002601	4
EXOC7	4	7.9369e-03	2.2560e-04	0.002601	4
PIH1D1	4	7.9493e-03	2.2612e-04	0.002603	4
FOXD4L1	4	7.9542e-03	2.2612e-04	0.002603	3
ISG20L2	4	7.9672e-03	2.3285e-04	0.002657	4
ST20	4	7.9674e-03	2.3285e-04	0.002657	2
EIF3F	4	7.9796e-03	2.3285e-04	0.002657	4
PIGU	4	7.9962e-03	2.3285e-04	0.002657	4
CATIP	4	8.0086e-03	2.3285e-04	0.002657	4
ATXN2	4	8.0308e-03	2.3285e-04	0.002657	4
SRRM1	4	8.0367e-03	2.3285e-04	0.002657	3
CFC1	4	8.0753e-03	2.3285e-04	0.002657	4
CDCA5	4	8.0782e-03	2.3285e-04	0.002657	3
HSPA14	4	8.0865e-03	2.3337e-04	0.002657	4
H2AFB3	4	8.1144e-03	2.3337e-04	0.002657	4
MCM2	4	8.1214e-03	2.3337e-04	0.002657	2
OR6C2	4	8.1372e-03	2.3337e-04	0.002657	3
POTEC	4	8.1564e-03	2.3337e-04	0.002657	4
SASS6	4	8.1616e-03	2.3337e-04	0.002657	3
PPIAL4A	4	8.1756e-03	2.3337e-04	0.002657	4
ABCD3	4	8.1775e-03	2.3337e-04	0.002657	4
FEM1C	4	8.1902e-03	2.3337e-04	0.002657	4
SLIT2	4	8.1930e-03	2.3337e-04	0.002657	4
RNF25	4	8.2000e-03	2.3596e-04	0.002684	4
RRP15	4	8.2758e-03	2.4839e-04	0.002813	4
LPPR2	4	8.3030e-03	2.4839e-04	0.002813	3
SPPL3	4	8.3105e-03	2.4839e-04	0.002813	4
DNLZ	4	8.3147e-03	2.4839e-04	0.002813	3
TSG101	4	8.3342e-03	2.4839e-04	0.002813	3
PPP6C	4	8.3371e-03	2.4839e-04	0.002813	4
LSM3	4	8.3452e-03	2.4839e-04	0.002813	3
PPP1R10	4	8.3795e-03	2.4891e-04	0.002813	3
CHST10	4	8.3866e-03	2.4891e-04	0.002813	4
EXOSC4	4	8.4720e-03	2.4891e-04	0.002813	3
MZT2A	4	8.4744e-03	2.5564e-04	0.002888	4
PPP1R7	4	8.4997e-03	2.5616e-04	0.002890	3
CCDC101	4	8.5116e-03	2.5616e-04	0.002890	4
GPR33	4	8.5319e-03	2.7378e-04	0.003085	4
MTHFR	4	8.5370e-03	2.7378e-04	0.003085	4
SCYL3	4	8.5465e-03	2.7429e-04	0.003089	4
SLC43A3	4	8.5625e-03	2.8103e-04	0.003158	4
MAPKAPK2	4	8.5669e-03	2.8103e-04	0.003158	4
RPL14	4	8.6055e-03	2.8103e-04	0.003158	4
POLRMT	4	8.6055e-03	2.8103e-04	0.003158	4
UPF1	4	8.7061e-03	2.9398e-04	0.003276	4
DNAJC13	4	8.7291e-03	2.9398e-04	0.003276	3
GEMIN8	4	8.7340e-03	2.9398e-04	0.003276	3
ZBTB40	4	8.7356e-03	2.9398e-04	0.003276	4
GPATCH3	4	8.7656e-03	2.9398e-04	0.003276	3
NRF1	4	8.7777e-03	2.9398e-04	0.003276	3
ZNF335	4	8.7826e-03	2.9398e-04	0.003276	3
GTF2A1	4	8.7919e-03	2.9398e-04	0.003276	4
PRPF3	4	8.8021e-03	2.9398e-04	0.003276	3
MICAL2	4	8.8302e-03	2.9450e-04	0.003276	3
GOLGA8J	4	8.8813e-03	2.9450e-04	0.003276	4
AFG3L2	4	8.9049e-03	2.9450e-04	0.003276	3
MRPL11	4	8.9073e-03	2.9450e-04	0.003276	3
NDST1	4	8.9147e-03	2.9450e-04	0.003276	4
SLC35C1	4	8.9203e-03	2.9450e-04	0.003276	4
STIL	4	8.9293e-03	2.9450e-04	0.003276	4
MAT2A	4	8.9393e-03	2.9450e-04	0.003276	3
ZNF672	4	9.0274e-03	3.1366e-04	0.003481	4
WDR59	4	9.0456e-03	3.1366e-04	0.003481	4
AGAP4	4	9.0506e-03	3.1366e-04	0.003481	3
TRIM49	4	9.0531e-03	3.1366e-04	0.003481	4
MRPL47	4	9.0953e-03	3.2299e-04	0.003545	3
VPS13C	4	9.1178e-03	3.2299e-04	0.003545	3
NUMA1	4	9.1702e-03	3.2299e-04	0.003545	3
ZNF668	4	9.2003e-03	3.2299e-04	0.003545	3
PCDHA2	4	9.2167e-03	3.2299e-04	0.003545	4
MEN1	4	9.2182e-03	3.2299e-04	0.003545	4
TARS	4	9.2256e-03	3.2299e-04	0.003545	4
FANCE	4	9.2259e-03	3.2299e-04	0.003545	4
GATSL2	4	9.2506e-03	3.2299e-04	0.003545	4
ZNF479	4	9.2737e-03	3.2299e-04	0.003545	4
PDIA4	4	9.3238e-03	3.2299e-04	0.003545	3
TMEM202	4	9.3357e-03	3.2351e-04	0.003545	4
TADA2A	4	9.3404e-03	3.2351e-04	0.003545	4
FIS1	4	9.3541e-03	3.2351e-04	0.003545	4
RHOG	4	9.4151e-03	3.2351e-04	0.003545	3
TAPT1	4	9.4168e-03	3.2351e-04	0.003545	4
EIF2A	4	9.4266e-03	3.2351e-04	0.003545	3
HAUS2	4	9.4431e-03	3.2351e-04	0.003545	4
FXYD5	4	9.4747e-03	3.2351e-04	0.003545	4
ARFGEF2	4	9.5141e-03	3.2351e-04	0.003545	4
ZNF781	4	9.5603e-03	3.2351e-04	0.003545	2
CCZ1	4	9.5630e-03	3.2351e-04	0.003545	4
LCE1B	4	9.5899e-03	3.2920e-04	0.003606	4
SYNDIG1	4	9.6074e-03	3.2972e-04	0.003609	4
CLEC14A	4	9.6439e-03	3.4267e-04	0.003740	4
UBE2G2	4	9.6487e-03	3.4267e-04	0.003740	4
ZNF217	4	9.6861e-03	3.4267e-04	0.003740	3
CLSPN	4	9.6902e-03	3.4319e-04	0.003740	4
EXOC2	4	9.7030e-03	3.4319e-04	0.003740	4
KANSL2	4	9.7056e-03	3.4319e-04	0.003740	3
SLC25A26	4	9.7062e-03	3.4319e-04	0.003740	4
KDM5D	4	9.7419e-03	3.4319e-04	0.003740	2
FOXK1	4	9.8595e-03	3.7427e-04	0.004049	4
IQCJ	4	9.8768e-03	3.7427e-04	0.004049	4
ERCC4	4	9.8857e-03	3.7427e-04	0.004049	3
XRCC4	4	9.9173e-03	3.7427e-04	0.004049	4
TUBGCP4	4	9.9674e-03	3.7427e-04	0.004049	3
METAP2	4	1.0004e-02	3.7479e-04	0.004049	3
LRCH1	4	1.0015e-02	3.7479e-04	0.004049	3
CINP	4	1.0015e-02	3.7479e-04	0.004049	3
PMVK	4	1.0049e-02	3.7479e-04	0.004049	4
DNTTIP1	4	1.0055e-02	3.7479e-04	0.004049	4
FOXD4L3	4	1.0055e-02	3.7479e-04	0.004049	3
BRD4	4	1.0091e-02	3.7479e-04	0.004049	4
CLDN6	4	1.0092e-02	3.7479e-04	0.004049	4
ZNF827	4	1.0130e-02	3.7479e-04	0.004049	4
MVD	4	1.0148e-02	3.7479e-04	0.004049	3
ADRB1	4	1.0180e-02	3.8308e-04	0.004134	3
CDK11A	4	1.0201e-02	3.8308e-04	0.004134	4
C16orf62	4	1.0204e-02	3.8360e-04	0.004138	4
PCYT1A	4	1.0252e-02	3.9240e-04	0.004188	3
MRPL53	4	1.0258e-02	3.9240e-04	0.004188	3
LRRC37A2	4	1.0262e-02	3.9240e-04	0.004188	3
UBALD2	4	1.0271e-02	3.9240e-04	0.004188	4
MED14	4	1.0274e-02	3.9240e-04	0.004188	3
DNM1L	4	1.0278e-02	3.9240e-04	0.004188	4
SHFM1	4	1.0293e-02	3.9240e-04	0.004188	3
SUMO2	4	1.0301e-02	3.9240e-04	0.004188	3
ARL1	4	1.0314e-02	3.9240e-04	0.004188	3
ACER1	4	1.0317e-02	3.9240e-04	0.004188	3
NFYB	4	1.0380e-02	3.9292e-04	0.004188	4
ZBTB7A	4	1.0382e-02	3.9292e-04	0.004188	1
GTF2F1	4	1.0391e-02	3.9292e-04	0.004188	4
ZBTB7B	4	1.0414e-02	3.9292e-04	0.004188	4
SEC61B	4	1.0417e-02	3.9292e-04	0.004188	4
PCDHA10	4	1.0429e-02	3.9292e-04	0.004188	4
TM9SF4	4	1.0453e-02	3.9292e-04	0.004188	4
TOP1	4	1.0475e-02	3.9292e-04	0.004188	2
RPN1	4	1.0485e-02	3.9292e-04	0.004188	3
POLE4	4	1.0502e-02	3.9292e-04	0.004188	4
SPDYE5	4	1.0510e-02	3.9292e-04	0.004188	3
ASNS	4	1.0587e-02	4.1727e-04	0.004441	3
XPO7	4	1.0589e-02	4.1727e-04	0.004441	3
WARS2	4	1.0633e-02	4.1779e-04	0.004441	3
ATP11A	4	1.0645e-02	4.1779e-04	0.004441	4
HIST1H2BN	4	1.0657e-02	4.1934e-04	0.004441	4
OXCT2	4	1.0663e-02	4.1934e-04	0.004441	4
ZNF229	4	1.0676e-02	4.1934e-04	0.004441	4
NOL6	4	1.0678e-02	4.1934e-04	0.004441	3
SPRYD3	4	1.0688e-02	4.1934e-04	0.004441	3
ANAPC13	4	1.0713e-02	4.1934e-04	0.004441	4
PRRC2C	4	1.0724e-02	4.1934e-04	0.004441	3
SLC33A1	4	1.0768e-02	4.1986e-04	0.004441	3
PSMG2	4	1.0783e-02	4.1986e-04	0.004441	4
USP17L22	4	1.0811e-02	4.1986e-04	0.004441	3
LAGE3	4	1.0851e-02	4.5198e-04	0.004765	4
CBWD1	3	1.0881e-02	1.9555e-04	0.002273	3
MRPS10	4	1.0895e-02	4.5198e-04	0.004765	4
INTS4	4	1.0907e-02	4.5198e-04	0.004765	4
AADAT	4	1.0908e-02	4.5198e-04	0.004765	4
TMEM251	4	1.0924e-02	4.5198e-04	0.004765	4
POLR1E	4	1.0957e-02	4.5249e-04	0.004765	3
WAPAL	4	1.0966e-02	4.5249e-04	0.004765	3
PPIAL4F	4	1.1017e-02	4.5249e-04	0.004765	3
NANOGNB	4	1.1151e-02	4.6441e-04	0.004888	1
ADGRG6	4	1.1289e-02	4.6493e-04	0.004891	4
SLC25A25	4	1.1298e-02	4.7995e-04	0.005043	3
NFE2L1	4	1.1303e-02	4.7995e-04	0.005043	2
DROSHA	4	1.1316e-02	4.8047e-04	0.005046	3
IL6ST	4	1.1335e-02	4.9186e-04	0.005157	4
ASPA	4	1.1342e-02	4.9186e-04	0.005157	4
MRPS30	4	1.1438e-02	4.9238e-04	0.005157	3
OR2M3	4	1.1459e-02	4.9238e-04	0.005157	4
SP2	4	1.1475e-02	4.9238e-04	0.005157	3
WFIKKN1	4	1.1516e-02	5.0792e-04	0.005308	4
UBA5	4	1.1516e-02	5.0792e-04	0.005308	4
RAD23B	4	1.1534e-02	5.0792e-04	0.005308	4
ANLN	4	1.1542e-02	5.0792e-04	0.005308	3
C11orf57	4	1.1583e-02	5.1776e-04	0.005392	2
AUP1	4	1.1592e-02	5.1776e-04	0.005392	3
CNOT1	4	1.1638e-02	5.1828e-04	0.005392	3
MRPL55	4	1.1644e-02	5.1828e-04	0.005392	4
CFHR5	4	1.1652e-02	5.1828e-04	0.005392	4
PACS2	4	1.1657e-02	5.1828e-04	0.005392	4
CLASP1	4	1.1658e-02	5.1828e-04	0.005392	4
OR4C16	4	1.1672e-02	5.1828e-04	0.005392	4
GBF1	4	1.1701e-02	5.2657e-04	0.005476	4
USP5	4	1.1718e-02	5.3797e-04	0.005591	3
ESF1	4	1.1761e-02	5.3849e-04	0.005594	4
BCAP31	4	1.1795e-02	5.4159e-04	0.005619	4
ELK3	4	1.1823e-02	5.4159e-04	0.005619	4
UBE2G1	4	1.1829e-02	5.4211e-04	0.005619	4
TMEM74	4	1.1863e-02	5.4211e-04	0.005619	4
OLFM4	4	1.1940e-02	5.5092e-04	0.005707	4
THADA	4	1.1968e-02	5.6594e-04	0.005860	3
WDR46	4	1.1990e-02	5.6646e-04	0.005862	3
ZBTB2	4	1.2033e-02	5.6801e-04	0.005874	3
INHBC	4	1.2094e-02	5.6853e-04	0.005874	4
ZBTB11	4	1.2121e-02	5.6853e-04	0.005874	4
ZNF706	4	1.2137e-02	5.8718e-04	0.006059	4
WNK1	4	1.2153e-02	5.8770e-04	0.006059	3
STYX	4	1.2155e-02	5.8770e-04	0.006059	4
OR4F5	4	1.2161e-02	5.8770e-04	0.006059	3
EME1	4	1.2193e-02	6.0117e-04	0.006194	3
ANXA9	4	1.2218e-02	6.0168e-04	0.006196	4
SLC39A7	4	1.2248e-02	6.1774e-04	0.006353	4
HSBP1	4	1.2254e-02	6.1774e-04	0.006353	3
PDCD5	4	1.2289e-02	6.1826e-04	0.006353	4
MRPL43	4	1.2291e-02	6.1826e-04	0.006353	4
GOLGA6L6	4	1.2360e-02	6.4779e-04	0.006646	4
SPCS1	4	1.2364e-02	6.4779e-04	0.006646	3
DHX15	4	1.2371e-02	6.4779e-04	0.006646	3
GEMIN6	4	1.2463e-02	6.6385e-04	0.006803	3
MRPL28	4	1.2464e-02	6.6385e-04	0.006803	4
CD69	4	1.2483e-02	6.6437e-04	0.006805	4
MAX	4	1.2536e-02	6.9804e-04	0.007127	3
MRPL4	4	1.2539e-02	6.9804e-04	0.007127	4
RALBP1	4	1.2552e-02	6.9804e-04	0.007127	3
SCARB2	4	1.2572e-02	6.9804e-04	0.007127	4
SAR1A	4	1.2585e-02	6.9804e-04	0.007127	3
MTERF3	4	1.2609e-02	6.9804e-04	0.007127	4
GTF2F2	3	1.2615e-02	2.4684e-04	0.002807	3
PPP1CC	4	1.2679e-02	6.9856e-04	0.007128	3
OXER1	4	1.2803e-02	7.0218e-04	0.007152	4
CENPQ	4	1.2815e-02	7.0218e-04	0.007152	4
RBBP8	4	1.2821e-02	7.0270e-04	0.007152	4
METTL17	4	1.2841e-02	7.0270e-04	0.007152	3
PGM3	4	1.2895e-02	7.0270e-04	0.007152	4
UXS1	4	1.2912e-02	7.2031e-04	0.007317	4
HIST1H2BI	4	1.2945e-02	7.2031e-04	0.007317	4
RMND5A	4	1.2947e-02	7.2031e-04	0.007317	3
ELL	4	1.2978e-02	7.2083e-04	0.007317	4
FUT5	4	1.3006e-02	7.2083e-04	0.007317	4
CENPH	4	1.3019e-02	7.2238e-04	0.007329	3
PDIA3	4	1.3028e-02	7.3792e-04	0.007482	3
GYPB	4	1.3051e-02	7.6124e-04	0.007714	4
HIST1H2AJ	4	1.3111e-02	7.7367e-04	0.007833	4
VCX3B	4	1.3175e-02	7.7419e-04	0.007833	4
GPR107	4	1.3188e-02	7.7419e-04	0.007833	3
SPRR2G	4	1.3226e-02	7.9750e-04	0.008040	4
RGP1	4	1.3229e-02	7.9750e-04	0.008040	3
MRPS33	4	1.3243e-02	7.9750e-04	0.008040	3
CCL4	4	1.3246e-02	7.9750e-04	0.008040	4
WTAP	4	1.3252e-02	7.9750e-04	0.008040	3
PRKDC	4	1.3280e-02	7.9750e-04	0.008040	3
PHACTR1	4	1.3288e-02	7.9802e-04	0.008040	4
CARD17	4	1.3337e-02	7.9802e-04	0.008040	3
THG1L	4	1.3382e-02	8.0475e-04	0.008062	3
HGS	4	1.3388e-02	8.0475e-04	0.008062	3
TMEM199	4	1.3392e-02	8.0475e-04	0.008062	4
LOC101060389	4	1.3407e-02	8.0475e-04	0.008062	4
INTS12	4	1.3426e-02	8.0475e-04	0.008062	4
PPP1R32	4	1.3458e-02	8.0475e-04	0.008062	3
IMMP2L	4	1.3482e-02	8.0527e-04	0.008062	4
GOLT1B	4	1.3483e-02	8.0527e-04	0.008062	2
CCZ1B	4	1.3532e-02	8.0527e-04	0.008062	3
IL1RAPL2	4	1.3535e-02	8.0527e-04	0.008062	3
WDR1	4	1.3538e-02	8.0527e-04	0.008062	4
GPBP1	4	1.3549e-02	8.0527e-04	0.008062	4
SPATA31A3	4	1.3578e-02	8.2236e-04	0.008229	4
RBBP4	4	1.3644e-02	8.3894e-04	0.008331	4
RAP1GDS1	4	1.3652e-02	8.3894e-04	0.008331	4
MCMBP	4	1.3654e-02	8.3894e-04	0.008331	4
MAPKAP1	4	1.3657e-02	8.3894e-04	0.008331	3
NSFL1C	4	1.3660e-02	8.3894e-04	0.008331	4
GTF2H2	4	1.3676e-02	8.3894e-04	0.008331	3
FANCA	4	1.3677e-02	8.3894e-04	0.008331	4
HEATR5B	4	1.3683e-02	8.3894e-04	0.008331	3
KRTAP21-3	4	1.3689e-02	8.3894e-04	0.008331	4
RGPD5	4	1.3731e-02	8.3894e-04	0.008331	4
PTPN1	4	1.3739e-02	8.3894e-04	0.008331	4
GOLGA6L4	4	1.3835e-02	8.3946e-04	0.008331	4
SLX4	4	1.3865e-02	8.3946e-04	0.008331	4
SHCBP1	4	1.3884e-02	8.3946e-04	0.008331	3
SPNS3	4	1.3923e-02	8.3946e-04	0.008331	3
SLAMF1	4	1.3949e-02	8.3946e-04	0.008331	4
SLC2A4RG	4	1.4044e-02	8.7883e-04	0.008708	3
RPS6KL1	4	1.4045e-02	8.7883e-04	0.008708	4
PARP14	4	1.4057e-02	8.7883e-04	0.008708	4
URB2	4	1.4066e-02	8.9903e-04	0.008903	4
ZNF100	4	1.4087e-02	8.9955e-04	0.008904	4
NSRP1	4	1.4095e-02	9.1923e-04	0.009094	4
LLPH	4	1.4133e-02	9.6016e-04	0.009470	3
SNRPB	4	1.4158e-02	9.6016e-04	0.009470	3
NUDCD3	4	1.4159e-02	9.6016e-04	0.009470	3
HJURP	4	1.4172e-02	9.6016e-04	0.009470	2
SSUH2	4	1.4192e-02	9.6016e-04	0.009470	4
ACTR8	4	1.4231e-02	9.6068e-04	0.009470	4
CMPK1	4	1.4299e-02	9.6068e-04	0.009470	2
INPP5K	4	1.4312e-02	9.8606e-04	0.009705	3
MRPL12	4	1.4313e-02	9.8606e-04	0.009705	4
RABGEF1	4	1.4317e-02	9.8658e-04	0.009705	4
SRSF10	4	1.4318e-02	9.8658e-04	0.009705	4
TEFM	4	1.4342e-02	1.0130e-03	0.009919	4
DNTTIP2	4	1.4369e-02	1.0130e-03	0.009919	3
KRTAP4-5	4	1.4371e-02	1.0130e-03	0.009919	3
NFE2L2	4	1.4391e-02	1.0130e-03	0.009919	3
YWHAQ	4	1.4406e-02	1.0130e-03	0.009919	4
ENY2	4	1.4448e-02	1.0130e-03	0.009919	4
CER1	4	1.4472e-02	1.0130e-03	0.009919	4
FLOT1	4	1.4532e-02	1.0135e-03	0.009919	2
NOL11	4	1.4533e-02	1.0135e-03	0.009919	3
MYO18B	4	1.4584e-02	1.0135e-03	0.009919	3
FBXL12	4	1.4629e-02	1.0394e-03	0.010151	3
NPFFR2	4	1.4630e-02	1.0394e-03	0.010151	4
METTL3	4	1.4633e-02	1.0394e-03	0.010151	2
ZNF19	4	1.4633e-02	1.0394e-03	0.010151	4
NTPCR	4	1.4774e-02	1.0757e-03	0.010473	4
FMNL3	4	1.4796e-02	1.0757e-03	0.010473	4
GPR20	4	1.4805e-02	1.0757e-03	0.010473	3
SUGT1	4	1.4812e-02	1.0757e-03	0.010473	4
ZNF574	4	1.4832e-02	1.0762e-03	0.010473	3
MST1	4	1.4859e-02	1.0762e-03	0.010473	3
NHLRC4	4	1.4877e-02	1.0762e-03	0.010473	4
ABCB9	4	1.5023e-02	1.1223e-03	0.010833	4
RBM28	4	1.5153e-02	1.1223e-03	0.010833	4
MAGEA9B	4	1.5181e-02	1.1223e-03	0.010833	4
BRAT1	4	1.5186e-02	1.1223e-03	0.010833	3
NXNL2	4	1.5197e-02	1.1223e-03	0.010833	2
RBAK-RBAKDN	4	1.5247e-02	1.1228e-03	0.010833	4
PPP1R8	4	1.5253e-02	1.1228e-03	0.010833	4
RPP40	4	1.5271e-02	1.1228e-03	0.010833	3
ALG11	4	1.5289e-02	1.1228e-03	0.010833	4
NUDT19	4	1.5299e-02	1.1228e-03	0.010833	3
NDUFAF2	4	1.5316e-02	1.1228e-03	0.010833	4
VPS45	4	1.5347e-02	1.1228e-03	0.010833	3
HSF4	4	1.5352e-02	1.1228e-03	0.010833	4
PRAMEF9	4	1.5381e-02	1.1228e-03	0.010833	4
LOC441155	4	1.5388e-02	1.1228e-03	0.010833	4
FAM111A	4	1.5409e-02	1.1228e-03	0.010833	4
SLC9A3	4	1.5429e-02	1.1228e-03	0.010833	4
RABL3	4	1.5438e-02	1.1492e-03	0.011077	3
KIF25	4	1.5459e-02	1.1492e-03	0.011077	3
PSMD11	4	1.5560e-02	1.1689e-03	0.011226	3
GINM1	4	1.5563e-02	1.1689e-03	0.011226	4
ACTR1A	4	1.5565e-02	1.1689e-03	0.011226	4
RECQL4	4	1.5567e-02	1.1689e-03	0.011226	4
MYO9B	4	1.5570e-02	1.1689e-03	0.011226	4
VMA21	4	1.5582e-02	1.1689e-03	0.011226	3
QRSL1	4	1.5586e-02	1.1694e-03	0.011226	3
LYRM5	4	1.5663e-02	1.1694e-03	0.011226	4
KRT81	4	1.5686e-02	1.2192e-03	0.011691	3
OR11H1	4	1.5689e-02	1.2192e-03	0.011691	4
UVRAG	4	1.5725e-02	1.2197e-03	0.011691	4
CAMKK2	4	1.5895e-02	1.2917e-03	0.012355	3
SERPINB6	4	1.5908e-02	1.2917e-03	0.012355	4
TFAP4	4	1.5947e-02	1.2922e-03	0.012355	4
KIF5A	4	1.5977e-02	1.2922e-03	0.012355	3
MRPS17	4	1.5991e-02	1.2922e-03	0.012355	4
LDLRAP1	4	1.6035e-02	1.2969e-03	0.012387	4
PCNXL3	4	1.6054e-02	1.2969e-03	0.012387	4
FAM98B	4	1.6091e-02	1.3181e-03	0.012558	4
MRPL35	4	1.6101e-02	1.3181e-03	0.012558	3
SRRD	4	1.6119e-02	1.3186e-03	0.012558	3
TBC1D3L	4	1.6124e-02	1.3186e-03	0.012558	4
DR1	4	1.6138e-02	1.3186e-03	0.012558	4
ANKFN1	4	1.6145e-02	1.3186e-03	0.012558	4
GADD45GIP1	4	1.6190e-02	1.3487e-03	0.012829	4
COX7C	4	1.6241e-02	1.3492e-03	0.012829	3
APTX	4	1.6291e-02	1.3492e-03	0.012829	4
OR4F17	4	1.6378e-02	1.4202e-03	0.013498	4
CLEC18B	4	1.6418e-02	1.5119e-03	0.014345	3
MRPS7	4	1.6426e-02	1.5119e-03	0.014345	4
HMG20B	4	1.6451e-02	1.5119e-03	0.014345	3
MINOS1-NBL1	4	1.6480e-02	1.5124e-03	0.014345	4
OR4N4	4	1.6521e-02	1.5191e-03	0.014386	2
PRPF4B	4	1.6559e-02	1.5196e-03	0.014386	2
PPIAL4G	4	1.6577e-02	1.5196e-03	0.014386	4
MAN2B1	4	1.6578e-02	1.5196e-03	0.014386	3
MAP1LC3C	4	1.6640e-02	1.5512e-03	0.014670	4
ALG5	4	1.6644e-02	1.5512e-03	0.014670	3
RSRC2	4	1.6673e-02	1.5807e-03	0.014859	3
VN1R5	4	1.6684e-02	1.5807e-03	0.014859	4
TFAM	4	1.6726e-02	1.5807e-03	0.014859	3
RBBP8NL	4	1.6754e-02	1.5807e-03	0.014859	4
BCS1L	4	1.6756e-02	1.5807e-03	0.014859	3
CDK18	4	1.6785e-02	1.5807e-03	0.014859	4
LRRC38	4	1.6809e-02	1.5813e-03	0.014859	4
GLCE	4	1.6825e-02	1.5813e-03	0.014859	3
STAT3	4	1.6860e-02	1.5813e-03	0.014859	4
IER5L	4	1.6867e-02	1.5813e-03	0.014859	4
BRI3BP	4	1.6874e-02	1.5813e-03	0.014859	4
EIF5A	4	1.6908e-02	1.5813e-03	0.014859	4
MYOF	4	1.6918e-02	1.5813e-03	0.014859	4
COL4A3BP	4	1.6937e-02	1.6191e-03	0.015159	4
MRPL3	4	1.6939e-02	1.6191e-03	0.015159	3
LOC389895	4	1.6942e-02	1.6191e-03	0.015159	4
STX5	4	1.6985e-02	1.6196e-03	0.015159	3
CT47A5	4	1.6985e-02	1.6196e-03	0.015159	2
ATP2A3	4	1.6993e-02	1.6196e-03	0.015159	2
MARCHF7	4	1.6993e-02	1.6196e-03	0.015159	4
CC2D2B	4	1.6997e-02	1.6196e-03	0.015159	3
ASB4	4	1.7135e-02	1.6947e-03	0.015847	4
SNRNP70	4	1.7139e-02	1.6947e-03	0.015847	3
ZNF148	4	1.7186e-02	1.7030e-03	0.015917	3
CST9L	4	1.7223e-02	1.7393e-03	0.016205	4
BIK	4	1.7228e-02	1.7393e-03	0.016205	4
PRDM15	4	1.7241e-02	1.7393e-03	0.016205	4
GTF2E1	4	1.7261e-02	1.7393e-03	0.016205	3
C19orf53	4	1.7269e-02	1.7393e-03	0.016205	4
DHFR	4	1.7295e-02	1.7398e-03	0.016205	3
RPTN	4	1.7322e-02	1.7398e-03	0.016205	4
LIMS3L	4	1.7351e-02	1.7735e-03	0.016475	3
TRIM43	4	1.7369e-02	1.7735e-03	0.016475	3
TLDC1	4	1.7371e-02	1.7735e-03	0.016475	4
C12orf77	4	1.7394e-02	1.7740e-03	0.016475	2
OR4F29	4	1.7401e-02	1.7740e-03	0.016475	4
SLC30A9	4	1.7428e-02	1.7740e-03	0.016475	4
AMHR2	4	1.7495e-02	1.8123e-03	0.016823	4
REV3L	4	1.7602e-02	1.8760e-03	0.017406	2
DRGX	4	1.7700e-02	1.9418e-03	0.017808	4
ANKRD20A4	4	1.7703e-02	1.9418e-03	0.017808	4
RTFDC1	4	1.7742e-02	1.9418e-03	0.017808	3
NPIPB9	4	1.7758e-02	1.9418e-03	0.017808	3
SLC35A2	4	1.7862e-02	1.9496e-03	0.017808	3
PNN	4	1.7906e-02	1.9501e-03	0.017808	3
OSTF1	4	1.7955e-02	1.9589e-03	0.017808	4
SMG9	4	1.7973e-02	1.9589e-03	0.017808	4
PSMD6	4	1.8008e-02	1.9589e-03	0.017808	2
KIAA1429	4	1.8041e-02	1.9589e-03	0.017808	4
MRPL45	4	1.8056e-02	1.9589e-03	0.017808	4
TPPP2	4	1.8105e-02	1.9589e-03	0.017808	4
CENPB	4	1.8111e-02	1.9589e-03	0.017808	2
FASN	4	1.8111e-02	1.9589e-03	0.017808	4
ARHGAP1	4	1.8130e-02	1.9589e-03	0.017808	3
PCM1	4	1.8161e-02	1.9589e-03	0.017808	3
WASF2	4	1.8210e-02	1.9589e-03	0.017808	4
TPRN	4	1.8215e-02	1.9589e-03	0.017808	3
KRT72	4	1.8228e-02	1.9589e-03	0.017808	4
MRPS22	4	1.8367e-02	1.9589e-03	0.017808	4
ANKRD13C	4	1.8385e-02	1.9589e-03	0.017808	4
PLEKHF2	4	1.8421e-02	1.9589e-03	0.017808	4
MRGBP	4	1.8443e-02	1.9589e-03	0.017808	3
DLEC1	4	1.8468e-02	1.9589e-03	0.017808	4
EIF4EBP3	4	1.8489e-02	1.9589e-03	0.017808	4
DET1	4	1.8495e-02	1.9589e-03	0.017808	3
ZNF763	4	1.8499e-02	1.9589e-03	0.017808	3
HMMR	4	1.8515e-02	1.9594e-03	0.017808	4
PCDHB10	4	1.8551e-02	1.9594e-03	0.017808	4
SAMD4B	4	1.8607e-02	1.9594e-03	0.017808	4
GSTM2	4	1.8621e-02	1.9594e-03	0.017808	4
RNASE4	4	1.8660e-02	1.9594e-03	0.017808	4
RFPL3	4	1.8734e-02	1.9594e-03	0.017808	3
DDRGK1	4	1.8749e-02	1.9594e-03	0.017808	4
RBMX2	4	1.8786e-02	1.9594e-03	0.017808	2
CRP	4	1.8836e-02	1.9594e-03	0.017808	4
ANKHD1	4	1.8860e-02	1.9594e-03	0.017808	4
H3F3C	4	1.8916e-02	1.9594e-03	0.017808	3
NPAT	4	1.8987e-02	1.9594e-03	0.017808	2
TTC4	4	1.9039e-02	1.9594e-03	0.017808	3
CDC5L	4	1.9043e-02	1.9594e-03	0.017808	3
RNF145	4	1.9048e-02	1.9594e-03	0.017808	4
PSMD2	4	1.9059e-02	1.9594e-03	0.017808	4
CDH8	4	1.9092e-02	1.9667e-03	0.017866	3
GAR1	4	1.9130e-02	1.9781e-03	0.017897	4
DNAJC3	4	1.9156e-02	1.9781e-03	0.017897	3
TMEM165	4	1.9162e-02	1.9781e-03	0.017897	3
MEPCE	4	1.9180e-02	1.9781e-03	0.017897	4
RASL12	4	1.9207e-02	1.9781e-03	0.017897	4
DAP3	4	1.9225e-02	1.9781e-03	0.017897	4
ENTPD7	4	1.9271e-02	1.9786e-03	0.017897	4
SREK1	4	1.9284e-02	1.9786e-03	0.017897	4
PAPOLA	4	1.9400e-02	1.9786e-03	0.017897	4
SLC36A2	4	1.9459e-02	1.9900e-03	0.017992	4
PUM2	4	1.9485e-02	2.0257e-03	0.018306	3
MYOT	4	1.9532e-02	2.0729e-03	0.018693	4
MTERF4	4	1.9586e-02	2.0734e-03	0.018693	4
FAM104A	4	1.9599e-02	2.0734e-03	0.018693	4
PHF7	4	1.9613e-02	2.0734e-03	0.018693	4
MRPL54	4	1.9617e-02	2.0734e-03	0.018693	4
CTAGE5	4	1.9640e-02	2.1086e-03	0.019001	2
WHAMM	4	1.9662e-02	2.1413e-03	0.019192	4
SNAPC4	4	1.9685e-02	2.1413e-03	0.019192	4
PPIAL4C	4	1.9693e-02	2.1413e-03	0.019192	2
TRAPPC12	4	1.9724e-02	2.1413e-03	0.019192	3
LOC113230	4	1.9738e-02	2.1413e-03	0.019192	3
CYHR1	4	1.9807e-02	2.1413e-03	0.019192	4
SURF6	4	1.9824e-02	2.1413e-03	0.019192	3
STRN	4	1.9836e-02	2.1413e-03	0.019192	3
ZNF730	4	1.9937e-02	2.1418e-03	0.019192	4
ANAPC7	4	1.9973e-02	2.1418e-03	0.019192	4
IFNA14	4	1.9976e-02	2.1418e-03	0.019192	4
OR7C2	4	2.0028e-02	2.1418e-03	0.019192	3
ARFGAP2	4	2.0102e-02	2.1817e-03	0.019508	3
HIST2H4A	4	2.0113e-02	2.1817e-03	0.019508	3
FBXO32	4	2.0136e-02	2.1822e-03	0.019508	4
ALG10B	4	2.0146e-02	2.1822e-03	0.019508	3
DLST	4	2.0147e-02	2.1822e-03	0.019508	4
TRAPPC13	4	2.0154e-02	2.2236e-03	0.019851	3
MTX2	4	2.0155e-02	2.2236e-03	0.019851	4
NHSL2	4	2.0186e-02	2.2236e-03	0.019851	4
MRPL22	4	2.0358e-02	2.2708e-03	0.020262	4
RAB7A	4	2.0453e-02	2.2832e-03	0.020358	3
ZNF675	4	2.0506e-02	2.2837e-03	0.020358	4
NR2C2AP	4	2.0661e-02	2.3195e-03	0.020658	3
TBX5	4	2.0670e-02	2.3195e-03	0.020658	2
RIF1	4	2.0704e-02	2.3630e-03	0.020865	3
CMSS1	4	2.0723e-02	2.3630e-03	0.020865	4
IPO9	4	2.0728e-02	2.3630e-03	0.020865	4
KDM8	4	2.0742e-02	2.3630e-03	0.020865	3
SMG5	4	2.0763e-02	2.3630e-03	0.020865	4
NFYA	4	2.0905e-02	2.3630e-03	0.020865	4
KMT2A	4	2.0910e-02	2.3630e-03	0.020865	4
PRDX2	4	2.0937e-02	2.3630e-03	0.020865	4
MS4A8	4	2.0990e-02	2.3635e-03	0.020865	3
AKAP13	4	2.1038e-02	2.3635e-03	0.020865	4
HIST2H3A	4	2.1067e-02	2.3635e-03	0.020865	4
GTPBP10	4	2.1078e-02	2.3635e-03	0.020865	4
P2RY14	4	2.1081e-02	2.3635e-03	0.020865	4
CT47A8	4	2.1166e-02	2.3635e-03	0.020865	2
ANKRD20A3	4	2.1166e-02	2.3635e-03	0.020865	3
ANKFY1	4	2.1202e-02	2.3635e-03	0.020865	3
REEP2	4	2.1204e-02	2.3635e-03	0.020865	4
C2orf68	4	2.1213e-02	2.3635e-03	0.020865	3
MYCBP	4	2.1230e-02	2.3635e-03	0.020865	4
TMEM259	4	2.1291e-02	2.4018e-03	0.021150	4
PDE7B	4	2.1296e-02	2.4018e-03	0.021150	4
CENPW	4	2.1327e-02	2.4018e-03	0.021150	2
PLEKHA5	4	2.1360e-02	2.4023e-03	0.021150	3
FAM25A	4	2.1377e-02	2.4023e-03	0.021150	4
VPS35	4	2.1450e-02	2.4023e-03	0.021150	3
TMA16	4	2.1471e-02	2.4490e-03	0.021368	3
KRTAP17-1	4	2.1496e-02	2.4490e-03	0.021368	4
EBNA1BP2	4	2.1514e-02	2.4490e-03	0.021368	2
TIMM22	4	2.1523e-02	2.4490e-03	0.021368	3
WDR55	4	2.1535e-02	2.4490e-03	0.021368	3
THOC7	4	2.1546e-02	2.4490e-03	0.021368	4
MFAP4	4	2.1566e-02	2.4490e-03	0.021368	4
CDON	4	2.1587e-02	2.4490e-03	0.021368	3
CCDC59	4	2.1621e-02	2.4490e-03	0.021368	3
PPA2	4	2.1636e-02	2.4490e-03	0.021368	4
PCDHB4	4	2.1668e-02	2.4490e-03	0.021368	4
E2F1	4	2.1677e-02	2.4490e-03	0.021368	3
MARS2	4	2.1699e-02	2.4490e-03	0.021368	4
AMELY	4	2.1718e-02	2.4490e-03	0.021368	4
LPCAT3	4	2.1725e-02	2.4495e-03	0.021368	4
ENO3	4	2.1759e-02	2.4495e-03	0.021368	3
CLCNKA	4	2.1768e-02	2.4495e-03	0.021368	3
SLC27A4	4	2.1811e-02	2.4495e-03	0.021368	4
GEN1	4	2.1835e-02	2.4495e-03	0.021368	4
MTURN	4	2.1873e-02	2.4495e-03	0.021368	4
COL5A1	4	2.2027e-02	2.5116e-03	0.021900	4
EIF3J	4	2.2046e-02	2.5557e-03	0.022207	4
CALML6	4	2.2074e-02	2.5557e-03	0.022207	4
IL25	4	2.2089e-02	2.5557e-03	0.022207	3
COX11	4	2.2101e-02	2.5557e-03	0.022207	4
SLFN14	4	2.2121e-02	2.5557e-03	0.022207	4
LIG1	4	2.2124e-02	2.5557e-03	0.022207	4
COQ6	4	2.2193e-02	2.5562e-03	0.022207	4
ARHGAP5	4	2.2209e-02	2.5562e-03	0.022207	3
S100A6	4	2.2383e-02	2.6111e-03	0.022674	3
NUP35	4	2.2431e-02	2.6608e-03	0.023090	3
MRPS35	4	2.2435e-02	2.6613e-03	0.023090	3
INTS7	4	2.2452e-02	2.7069e-03	0.023394	2
CSAG3	4	2.2462e-02	2.7069e-03	0.023394	4
TTLL3	4	2.2470e-02	2.7069e-03	0.023394	4
IGFBP2	4	2.2471e-02	2.7069e-03	0.023394	3
KDM5C	4	2.2519e-02	2.7069e-03	0.023394	3
SMR3A	4	2.2594e-02	2.7075e-03	0.023394	4
SEPTIN2	4	2.2633e-02	2.7075e-03	0.023394	4
INTS8	4	2.2665e-02	2.7075e-03	0.023394	3
FZD3	4	2.2678e-02	2.7075e-03	0.023394	4
HOOK3	4	2.2719e-02	2.7546e-03	0.023780	3
ARHGAP20	4	2.2730e-02	2.7546e-03	0.023780	4
TSPY1	4	2.2836e-02	2.7919e-03	0.024026	4
NCSTN	4	2.2843e-02	2.7919e-03	0.024026	4
CCDC87	4	2.2894e-02	2.7919e-03	0.024026	4
SLAIN1	4	2.2906e-02	2.7919e-03	0.024026	4
IL23A	4	2.2923e-02	2.7919e-03	0.024026	3
TCN2	4	2.2950e-02	2.7919e-03	0.024026	4
TAF5	4	2.3020e-02	2.7919e-03	0.024026	4
VPS54	4	2.3275e-02	2.8390e-03	0.024337	2
SLC25A46	4	2.3295e-02	2.8390e-03	0.024337	4
RPS6KA3	4	2.3296e-02	2.8390e-03	0.024337	3
LENG9	4	2.3304e-02	2.8390e-03	0.024337	4
TOE1	4	2.3311e-02	2.8390e-03	0.024337	3
SLC22A7	4	2.3323e-02	2.8390e-03	0.024337	4
SSX1	4	2.3332e-02	2.8390e-03	0.024337	4
NKAPL	4	2.3338e-02	2.8390e-03	0.024337	4
LOC388436	4	2.3364e-02	2.8395e-03	0.024337	3
PTCD3	4	2.3459e-02	2.8535e-03	0.024446	4
GHRH	4	2.3599e-02	2.9084e-03	0.024843	4
TLR4	4	2.3618e-02	2.9084e-03	0.024843	4
SFT2D3	4	2.3665e-02	2.9084e-03	0.024843	3
PTPRZ1	4	2.3699e-02	2.9084e-03	0.024843	3
CCDC171	4	2.3766e-02	2.9084e-03	0.024843	4
FAM35A	4	2.3777e-02	2.9090e-03	0.024843	3
ST20-MTHFS	4	2.3810e-02	2.9090e-03	0.024843	3
C7orf31	4	2.4011e-02	2.9556e-03	0.025156	3
JMJD8	4	2.4036e-02	2.9556e-03	0.025156	4
SRCAP	4	2.4040e-02	2.9556e-03	0.025156	2
EXO5	4	2.4060e-02	2.9556e-03	0.025156	4
IL1B	4	2.4075e-02	2.9561e-03	0.025156	3
AGAP5	4	2.4093e-02	2.9561e-03	0.025156	4
SMARCE1	4	2.4098e-02	2.9561e-03	0.025156	4
CYP2J2	4	2.4112e-02	2.9561e-03	0.025156	3
C21orf58	4	2.4199e-02	3.0069e-03	0.025558	3
ZEB1	4	2.4209e-02	3.0069e-03	0.025558	4
OMA1	4	2.4228e-02	3.0074e-03	0.025558	4
UBALD1	4	2.4310e-02	3.0219e-03	0.025617	3
RBM19	4	2.4318e-02	3.0219e-03	0.025617	3
POTEF	4	2.4451e-02	3.0219e-03	0.025617	4
HSD17B10	4	2.4508e-02	3.0224e-03	0.025617	4
APLP2	4	2.4547e-02	3.0224e-03	0.025617	4
ZNF439	4	2.4589e-02	3.0224e-03	0.025617	2
SPIC	4	2.4641e-02	3.0333e-03	0.025669	3
RPE	4	2.4692e-02	3.0333e-03	0.025669	4
KRTAP5-7	4	2.4701e-02	3.0338e-03	0.025669	3
MSMB	4	2.4753e-02	3.0338e-03	0.025669	3
LEO1	4	2.4825e-02	3.0468e-03	0.025680	3
APEX2	4	2.4837e-02	3.0468e-03	0.025680	4
BTBD2	4	2.4840e-02	3.0468e-03	0.025680	4
AKR1B10	4	2.4880e-02	3.0468e-03	0.025680	3
PIGH	4	2.4959e-02	3.0473e-03	0.025680	3
VIT	4	2.4963e-02	3.0473e-03	0.025680	4
VPS37A	4	2.4976e-02	3.0473e-03	0.025680	4
SEPHS1	4	2.4998e-02	3.0473e-03	0.025680	2
KLRD1	4	2.5016e-02	3.0473e-03	0.025680	3
SCIN	4	2.5048e-02	3.0986e-03	0.025900	4
MINOS1	4	2.5061e-02	3.0986e-03	0.025900	4
POTEB	4	2.5062e-02	3.0986e-03	0.025900	3
UQCR10	4	2.5073e-02	3.0986e-03	0.025900	3
TUBGCP5	4	2.5125e-02	3.0986e-03	0.025900	4
MRPS16	4	2.5130e-02	3.0986e-03	0.025900	4
PTRH1	4	2.5179e-02	3.0986e-03	0.025900	4
PRRG3	4	2.5192e-02	3.0986e-03	0.025900	4
TTC26	4	2.5215e-02	3.0986e-03	0.025900	4
OXA1L	4	2.5245e-02	3.0986e-03	0.025900	2
RAG1	4	2.5274e-02	3.0986e-03	0.025900	4
ABHD12B	4	2.5328e-02	3.0991e-03	0.025900	4
THBS3	4	2.5365e-02	3.0991e-03	0.025900	4
SGTA	4	2.5369e-02	3.0991e-03	0.025900	4
ASB7	4	2.5461e-02	3.0991e-03	0.025900	4
EMC3	4	2.5502e-02	3.0991e-03	0.025900	4
MYO1G	4	2.5509e-02	3.0991e-03	0.025900	3
CHKB	4	2.5524e-02	3.0991e-03	0.025900	4
RFX8	4	2.5540e-02	3.0991e-03	0.025900	4
AQP7	4	2.5649e-02	3.1623e-03	0.026056	3
GSTA2	4	2.5669e-02	3.1623e-03	0.026056	4
MOGS	4	2.5702e-02	3.1623e-03	0.026056	4
SEMA6C	4	2.5712e-02	3.1623e-03	0.026056	4
LIN7C	4	2.5722e-02	3.1623e-03	0.026056	4
UBA6	4	2.5769e-02	3.1623e-03	0.026056	3
MCAT	4	2.5806e-02	3.1623e-03	0.026056	3
ZNF728	4	2.5842e-02	3.1623e-03	0.026056	4
IRF7	4	2.5859e-02	3.1623e-03	0.026056	4
ARHGEF12	4	2.5869e-02	3.1623e-03	0.026056	3
LYVE1	4	2.5869e-02	3.1623e-03	0.026056	4
FASTKD1	4	2.5916e-02	3.1623e-03	0.026056	4
TONSL	4	2.5986e-02	3.1623e-03	0.026056	4
ANG	4	2.5989e-02	3.1623e-03	0.026056	3
ASH2L	4	2.5992e-02	3.1623e-03	0.026056	3
EPPIN-WFDC6	4	2.6008e-02	3.1623e-03	0.026056	4
POLA1	4	2.6018e-02	3.1623e-03	0.026056	3
DDA1	4	2.6047e-02	3.1628e-03	0.026056	3
OR4L1	4	2.6063e-02	3.1628e-03	0.026056	4
XXYLT1	4	2.6076e-02	3.1628e-03	0.026056	4
GDPD1	4	2.6084e-02	3.1628e-03	0.026056	3
RAPH1	4	2.6125e-02	3.1628e-03	0.026056	4
RAD21L1	4	2.6137e-02	3.1628e-03	0.026056	4
HNRNPD	4	2.6165e-02	3.1628e-03	0.026056	4
CCBL2	4	2.6177e-02	3.1628e-03	0.026056	4
PRPF6	4	2.6196e-02	3.1628e-03	0.026056	2
MTCH2	4	2.6204e-02	3.1628e-03	0.026056	4
TEKT4	4	2.6260e-02	3.1628e-03	0.026056	3
PCDH19	4	2.6265e-02	3.1628e-03	0.026056	3
PDCD11	4	2.6373e-02	3.1628e-03	0.026056	3
MED29	4	2.6390e-02	3.1628e-03	0.026056	4
BYSL	4	2.6392e-02	3.1628e-03	0.026056	3
UBE2V1	4	2.6401e-02	3.1628e-03	0.026056	3
DNAJC21	4	2.6448e-02	3.2099e-03	0.026403	4
DMAP1	4	2.6448e-02	3.2105e-03	0.026403	4
SSRP1	4	2.6465e-02	3.2105e-03	0.026403	3
PPP1R3D	4	2.6475e-02	3.2105e-03	0.026403	4
SLC17A3	4	2.6592e-02	3.3021e-03	0.027069	3
DDX43	4	2.6597e-02	3.3021e-03	0.027069	3
GOLGA1	4	2.6600e-02	3.3021e-03	0.027069	4
ATP5J2	4	2.6617e-02	3.3021e-03	0.027069	3
AGPAT4	4	2.6663e-02	3.3027e-03	0.027069	4
TAF10	4	2.6689e-02	3.3027e-03	0.027069	4
ARL6IP1	4	2.6724e-02	3.3027e-03	0.027069	4
TBC1D10B	4	2.6754e-02	3.3027e-03	0.027069	3
FAM72A	4	2.6850e-02	3.3928e-03	0.027627	4
MIA3	4	2.6877e-02	3.3928e-03	0.027627	3
TWIST1	4	2.6891e-02	3.3928e-03	0.027627	4
ODF3L2	4	2.6897e-02	3.3928e-03	0.027627	3
NANOS1	4	2.6936e-02	3.3928e-03	0.027627	3
KRT18	4	2.6956e-02	3.3933e-03	0.027627	3
TRABD2A	4	2.6957e-02	3.3933e-03	0.027627	4
XIRP2	4	2.7050e-02	3.4109e-03	0.027627	3
MVP	4	2.7056e-02	3.4109e-03	0.027627	4
PPP1CA	4	2.7079e-02	3.4109e-03	0.027627	4
FAM72B	4	2.7087e-02	3.4109e-03	0.027627	4
OR12D3	4	2.7109e-02	3.4109e-03	0.027627	3
CLASRP	4	2.7136e-02	3.4109e-03	0.027627	4
COX4I2	4	2.7209e-02	3.4114e-03	0.027627	4
SNRK	4	2.7216e-02	3.4114e-03	0.027627	4
RNASEH1	4	2.7229e-02	3.4114e-03	0.027627	4
COG6	4	2.7328e-02	3.4353e-03	0.027627	3
DVL2	4	2.7354e-02	3.4353e-03	0.027627	4
AGPAT1	4	2.7382e-02	3.4353e-03	0.027627	4
TBX19	4	2.7383e-02	3.4353e-03	0.027627	3
BCDIN3D	4	2.7403e-02	3.4353e-03	0.027627	4
DPH6	4	2.7449e-02	3.4353e-03	0.027627	4
PAN3	4	2.7487e-02	3.4353e-03	0.027627	3
MRPL46	4	2.7506e-02	3.4353e-03	0.027627	4
UCP3	4	2.7562e-02	3.4353e-03	0.027627	3
CAMLG	4	2.7590e-02	3.4353e-03	0.027627	3
MANBAL	4	2.7595e-02	3.4353e-03	0.027627	3
RBM12B	4	2.7694e-02	3.4358e-03	0.027627	4
HIST2H2BF	4	2.7722e-02	3.4358e-03	0.027627	4
CCDC141	4	2.7724e-02	3.4358e-03	0.027627	2
MT1B	4	2.7725e-02	3.4358e-03	0.027627	4
BECN1	4	2.7728e-02	3.4358e-03	0.027627	3
CPPED1	4	2.7736e-02	3.4358e-03	0.027627	4
RSBN1L	4	2.7763e-02	3.4358e-03	0.027627	3
OR4F16	4	2.7879e-02	3.4358e-03	0.027627	3
DYRK1A	4	2.7889e-02	3.4358e-03	0.027627	3
SEC16A	4	2.7905e-02	3.4358e-03	0.027627	2
ANKS4B	4	2.7908e-02	3.4358e-03	0.027627	4
ATAD3C	4	2.7918e-02	3.4358e-03	0.027627	2
TMC3	4	2.7926e-02	3.4358e-03	0.027627	4
SLC6A2	4	2.7965e-02	3.4358e-03	0.027627	4
THY1	4	2.8000e-02	3.4358e-03	0.027627	3
MBD3L3	4	2.8015e-02	3.4358e-03	0.027627	3
CREBBP	4	2.8020e-02	3.4358e-03	0.027627	3
OST4	4	2.8057e-02	3.4358e-03	0.027627	4
TRIM45	4	2.8094e-02	3.4871e-03	0.028027	4
NDUFS8	4	2.8203e-02	3.5456e-03	0.028442	3
PRPF39	4	2.8213e-02	3.5461e-03	0.028442	4
KRTAP10-1	4	2.8223e-02	3.5461e-03	0.028442	4
PHLPP2	4	2.8245e-02	3.5461e-03	0.028442	4
GPRC5D	4	2.8281e-02	3.5461e-03	0.028442	4
SHISA4	4	2.8324e-02	3.6036e-03	0.028883	4
IL36RN	4	2.8396e-02	3.6042e-03	0.028883	3
FRG2B	4	2.8424e-02	3.6787e-03	0.029460	3
IBA57	4	2.8483e-02	3.6793e-03	0.029460	3
FETUB	4	2.8629e-02	3.7554e-03	0.030057	4
HSP90B1	4	2.8647e-02	3.8171e-03	0.030538	4
SPATA31A6	4	2.8715e-02	3.8383e-03	0.030661	2
SLC5A10	4	2.8722e-02	3.8383e-03	0.030661	4
GRAP	4	2.8874e-02	3.8388e-03	0.030661	4
TSHZ2	4	2.8896e-02	3.8388e-03	0.030661	4
HECTD1	4	2.8972e-02	3.9129e-03	0.031213	4
LRRC74A	4	2.8979e-02	3.9129e-03	0.031213	4
PTPN4	4	2.9005e-02	3.9129e-03	0.031213	4
ZZZ3	4	2.9126e-02	3.9885e-03	0.031803	3
TCF7	4	2.9136e-02	4.0377e-03	0.032173	4
A2ML1	4	2.9173e-02	4.0383e-03	0.032173	3
C4orf46	4	2.9282e-02	4.0911e-03	0.032567	4
NLRP10	4	2.9313e-02	4.0911e-03	0.032567	3
CXorf21	4	2.9344e-02	4.1465e-03	0.032777	4
SYK	4	2.9379e-02	4.1465e-03	0.032777	4
PLXNC1	4	2.9401e-02	4.1465e-03	0.032777	4
HMGA1	4	2.9407e-02	4.1465e-03	0.032777	2
WDR83	4	2.9451e-02	4.1465e-03	0.032777	4
CDH3	4	2.9480e-02	4.1465e-03	0.032777	3
BMP4	4	2.9495e-02	4.1465e-03	0.032777	4
RBFA	4	2.9532e-02	4.1470e-03	0.032777	4
TSEN15	4	2.9538e-02	4.1470e-03	0.032777	3
FAM83B	4	2.9569e-02	4.1470e-03	0.032777	4
ENGASE	4	2.9595e-02	4.1470e-03	0.032777	4
CLK1	4	2.9635e-02	4.1470e-03	0.032777	4
FAM167B	4	2.9643e-02	4.1470e-03	0.032777	3
ABCA1	4	2.9657e-02	4.1470e-03	0.032777	4
FAM227B	4	2.9752e-02	4.1719e-03	0.032777	3
OIP5	4	2.9790e-02	4.1719e-03	0.032777	3
C17orf51	4	2.9843e-02	4.1719e-03	0.032777	4
IL7R	4	2.9852e-02	4.1719e-03	0.032777	3
RNASEH2A	4	2.9869e-02	4.1719e-03	0.032777	4
SRSF6	4	2.9875e-02	4.1719e-03	0.032777	3
LOC730159	4	2.9883e-02	4.1719e-03	0.032777	4
RNASE11	4	2.9891e-02	4.1719e-03	0.032777	4
HIRA	4	2.9899e-02	4.1719e-03	0.032777	3
OR4F3	4	2.9902e-02	4.1719e-03	0.032777	4
PABPN1	4	2.9914e-02	4.1719e-03	0.032777	3
USPL1	4	2.9993e-02	4.1724e-03	0.032777	3
TRIM61	4	3.0111e-02	4.1724e-03	0.032777	4
TRMT1	4	3.0115e-02	4.1724e-03	0.032777	3
MASTL	4	3.0147e-02	4.1724e-03	0.032777	3
GNG7	4	3.0205e-02	4.1724e-03	0.032777	3
GYPA	4	3.0219e-02	4.1724e-03	0.032777	4
LOC101060321	4	3.0236e-02	4.1724e-03	0.032777	3
RPS6KB1	4	3.0279e-02	4.1988e-03	0.032908	4
BIRC7	4	3.0298e-02	4.1988e-03	0.032908	4
NCOR2	4	3.0327e-02	4.1988e-03	0.032908	4
TNS2	4	3.0379e-02	4.1994e-03	0.032908	4
MT1M	4	3.0492e-02	4.1994e-03	0.032908	3
SCGB3A2	4	3.0498e-02	4.1994e-03	0.032908	4
BAGE2	4	3.0594e-02	4.2263e-03	0.032961	3
TFPT	4	3.0596e-02	4.2263e-03	0.032961	4
USP19	4	3.0611e-02	4.2263e-03	0.032961	4
SEMA4B	4	3.0615e-02	4.2263e-03	0.032961	4
ATP5D	4	3.0647e-02	4.2263e-03	0.032961	3
PPIP5K2	4	3.0653e-02	4.2263e-03	0.032961	4
ADAT2	4	3.0674e-02	4.2263e-03	0.032961	3
MRGPRG	4	3.0684e-02	4.2263e-03	0.032961	3
ANKRD11	4	3.0814e-02	4.2268e-03	0.032961	3
YY1	4	3.0964e-02	4.2268e-03	0.032961	3
CHMP5	4	3.1050e-02	4.2268e-03	0.032961	3
DHCR7	4	3.1057e-02	4.2268e-03	0.032961	4
NCKAP1	4	3.1175e-02	4.3113e-03	0.033478	3
GPR153	4	3.1202e-02	4.3113e-03	0.033478	4
PPAN-P2RY11	4	3.1214e-02	4.3113e-03	0.033478	4
BLVRA	4	3.1237e-02	4.3118e-03	0.033478	4
CD4	4	3.1266e-02	4.3118e-03	0.033478	3
AK8	4	3.1310e-02	4.3698e-03	0.033478	4
IGFBP4	4	3.1356e-02	4.3698e-03	0.033478	4
HIST1H3C	4	3.1371e-02	4.3698e-03	0.033478	4
ERCC6L	4	3.1375e-02	4.3698e-03	0.033478	4
PLSCR2	4	3.1379e-02	4.3698e-03	0.033478	4
KRTAP19-5	4	3.1407e-02	4.3698e-03	0.033478	3
FOXJ1	4	3.1437e-02	4.3698e-03	0.033478	3
SEH1L	4	3.1518e-02	4.3698e-03	0.033478	3
HUS1	4	3.1564e-02	4.3698e-03	0.033478	3
ASPSCR1	4	3.1646e-02	4.3698e-03	0.033478	3
KRTAP2-1	4	3.1654e-02	4.3698e-03	0.033478	4
DDX19A	4	3.1743e-02	4.3703e-03	0.033478	4
KIF22	4	3.1751e-02	4.3703e-03	0.033478	4
BCL2L1	4	3.1771e-02	4.3703e-03	0.033478	4
SART1	4	3.1938e-02	4.3703e-03	0.033478	4
ANTXRL	4	3.1954e-02	4.3703e-03	0.033478	3
PCDH18	4	3.2075e-02	4.3703e-03	0.033478	4
BET1	4	3.2095e-02	4.3703e-03	0.033478	4
DLD	4	3.2111e-02	4.3703e-03	0.033478	4
TUBG1	4	3.2157e-02	4.3703e-03	0.033478	3
PRAMEF7	4	3.2173e-02	4.3703e-03	0.033478	4
ATAD5	4	3.2175e-02	4.3703e-03	0.033478	3
ATP5B	4	3.2188e-02	4.3703e-03	0.033478	3
MCM3AP	4	3.2201e-02	4.4263e-03	0.033478	4
PFDN1	4	3.2341e-02	4.4263e-03	0.033478	2
KIAA1024L	4	3.2378e-02	4.4268e-03	0.033478	4
CT47A3	4	3.2382e-02	4.4268e-03	0.033478	3
GANAB	4	3.2413e-02	4.4268e-03	0.033478	3
ARPP19	4	3.2445e-02	4.4268e-03	0.033478	4
B3GNT4	4	3.2453e-02	4.4268e-03	0.033478	4
MED22	4	3.2454e-02	4.4268e-03	0.033478	3
BRMS1L	4	3.2465e-02	4.4268e-03	0.033478	4
ZWINT	4	3.2484e-02	4.4268e-03	0.033478	3
PXMP2	4	3.2487e-02	4.4268e-03	0.033478	3
TMEM185B	4	3.2556e-02	4.4330e-03	0.033478	3
MRPL27	4	3.2590e-02	4.4330e-03	0.033478	4
TCOF1	4	3.2623e-02	4.4330e-03	0.033478	3
DYRK3	4	3.2690e-02	4.4330e-03	0.033478	3
TEX13B	4	3.2737e-02	4.4330e-03	0.033478	4
EXOSC1	4	3.2795e-02	4.4335e-03	0.033478	4
YEATS2	4	3.2809e-02	4.4335e-03	0.033478	3
LOC100129697	4	3.2835e-02	4.4335e-03	0.033478	4
TM9SF2	4	3.2887e-02	4.4335e-03	0.033478	3
TESPA1	4	3.2890e-02	4.4335e-03	0.033478	4
IMPDH2	4	3.2906e-02	4.4335e-03	0.033478	4
ATE1	4	3.2916e-02	4.4335e-03	0.033478	4
SLC9A9	4	3.2921e-02	4.4335e-03	0.033478	3
GABARAPL1	4	3.2938e-02	4.4335e-03	0.033478	4
RTKN2	4	3.3028e-02	4.4610e-03	0.033478	4
MMP9	4	3.3036e-02	4.4610e-03	0.033478	4
TIMM8A	4	3.3044e-02	4.4610e-03	0.033478	3
AS3MT	4	3.3075e-02	4.4610e-03	0.033478	4
RAB40AL	4	3.3127e-02	4.4920e-03	0.033478	4
LCN10	4	3.3167e-02	4.4920e-03	0.033478	4
UQCRHL	4	3.3246e-02	4.4920e-03	0.033478	3
AGAP3	4	3.3263e-02	4.4920e-03	0.033478	4
CEP192	4	3.3275e-02	4.4920e-03	0.033478	3
DSG4	4	3.3280e-02	4.4920e-03	0.033478	4
COL19A1	4	3.3308e-02	4.4920e-03	0.033478	4
KLHL3	4	3.3372e-02	4.4926e-03	0.033478	4
KIAA1033	4	3.3495e-02	4.4926e-03	0.033478	4
WRB	4	3.3607e-02	4.5584e-03	0.033478	4
SRP68	4	3.3641e-02	4.5584e-03	0.033478	3
ZC2HC1B	4	3.3648e-02	4.5584e-03	0.033478	4
PGA5	4	3.3672e-02	4.5584e-03	0.033478	4
HELQ	4	3.3743e-02	4.5589e-03	0.033478	4
CDR2	4	3.3754e-02	4.5589e-03	0.033478	3
VPS8	4	3.3766e-02	4.5589e-03	0.033478	4
EXOC8	4	3.3782e-02	4.5589e-03	0.033478	4
OR2T27	4	3.3786e-02	4.5589e-03	0.033478	2
MYO10	4	3.3803e-02	4.5589e-03	0.033478	4
ZNF70	4	3.3852e-02	4.6236e-03	0.033478	4
DEXI	4	3.3882e-02	4.6236e-03	0.033478	4
VBP1	4	3.3891e-02	4.6236e-03	0.033478	2
TUBB4B	4	3.3911e-02	4.6236e-03	0.033478	4
LRRC71	4	3.3925e-02	4.6236e-03	0.033478	3
OR1D5	4	3.3930e-02	4.6236e-03	0.033478	3
B3GALT6	4	3.3974e-02	4.6236e-03	0.033478	3
ARID3B	4	3.3978e-02	4.6236e-03	0.033478	4
KLHL7	4	3.3982e-02	4.6236e-03	0.033478	4
C9orf66	4	3.3991e-02	4.6236e-03	0.033478	4
OR2A1	4	3.4050e-02	4.6236e-03	0.033478	3
PTCH2	4	3.4075e-02	4.6236e-03	0.033478	4
CTLA4	4	3.4141e-02	4.6236e-03	0.033478	3
STPG1	4	3.4183e-02	4.6236e-03	0.033478	4
LIG3	4	3.4198e-02	4.6236e-03	0.033478	3
TRIM69	4	3.4233e-02	4.6236e-03	0.033478	3
LCN2	4	3.4237e-02	4.6236e-03	0.033478	4
BTRC	4	3.4267e-02	4.6236e-03	0.033478	3
UBE2Q1	4	3.4410e-02	4.6236e-03	0.033478	3
F2	4	3.4464e-02	4.6236e-03	0.033478	4
HDGFL1	4	3.4485e-02	4.6236e-03	0.033478	4
VTCN1	4	3.4588e-02	4.6236e-03	0.033478	4
DCTN3	4	3.4605e-02	4.6236e-03	0.033478	4
SRSF11	4	3.4652e-02	4.6236e-03	0.033478	3
RGS6	4	3.4666e-02	4.6236e-03	0.033478	3
CHMP4A	4	3.4704e-02	4.6236e-03	0.033478	3
MRPL17	4	3.4710e-02	4.6236e-03	0.033478	3
IRGM	4	3.4734e-02	4.6236e-03	0.033478	4
FAM169A	4	3.4800e-02	4.6236e-03	0.033478	4
BEST4	4	3.4843e-02	4.6236e-03	0.033478	3
COX6B1	4	3.4846e-02	4.6236e-03	0.033478	4
MYH14	4	3.4854e-02	4.6236e-03	0.033478	4
CHFR	4	3.4867e-02	4.6236e-03	0.033478	4
MORN1	4	3.4871e-02	4.6236e-03	0.033478	4
RFFL	4	3.4883e-02	4.6236e-03	0.033478	3
C3	4	3.4884e-02	4.6236e-03	0.033478	4
GGNBP2	4	3.4898e-02	4.6236e-03	0.033478	3
PI4KB	4	3.4906e-02	4.6236e-03	0.033478	3
NKAP	4	3.4920e-02	4.6236e-03	0.033478	2
ATG5	4	3.4967e-02	4.6236e-03	0.033478	4
KIAA1147	4	3.4976e-02	4.6236e-03	0.033478	4
FOXD4L6	4	3.5068e-02	4.6236e-03	0.033478	2
MRPS18B	4	3.5132e-02	4.6236e-03	0.033478	2
PTP4A3	4	3.5208e-02	4.6236e-03	0.033478	3
TOR2A	4	3.5214e-02	4.6236e-03	0.033478	3
BCCIP	4	3.5215e-02	4.6236e-03	0.033478	3
LARP1	4	3.5229e-02	4.6236e-03	0.033478	4
LSAMP	4	3.5237e-02	4.6236e-03	0.033478	3
PPP1R12A	4	3.5243e-02	4.6236e-03	0.033478	2
THOC5	4	3.5258e-02	4.6236e-03	0.033478	3
MAGOH	4	3.5270e-02	4.6236e-03	0.033478	2
GEMIN5	4	3.5293e-02	4.6236e-03	0.033478	3
PPIF	4	3.5307e-02	4.6236e-03	0.033478	3
FTSJ2	4	3.5336e-02	4.6241e-03	0.033478	3
TBC1D26	4	3.5387e-02	4.6241e-03	0.033478	4
FRMD4B	4	3.5427e-02	4.6241e-03	0.033478	4
SERPINA12	4	3.5436e-02	4.6241e-03	0.033478	3
CUL4B	4	3.5440e-02	4.6241e-03	0.033478	4
C14orf132	4	3.5476e-02	4.6241e-03	0.033478	4
HFM1	4	3.5477e-02	4.6241e-03	0.033478	3
SYT6	4	3.5488e-02	4.6241e-03	0.033478	3
TRUB2	4	3.5578e-02	4.6241e-03	0.033478	3
HOXC13	4	3.5610e-02	4.6241e-03	0.033478	2
C1orf86	4	3.5641e-02	4.6241e-03	0.033478	4
OGDHL	4	3.5653e-02	4.6241e-03	0.033478	2
OR10AG1	4	3.5735e-02	4.6241e-03	0.033478	3
NPIPA5	4	3.5749e-02	4.6241e-03	0.033478	3
AMMECR1	4	3.5777e-02	4.6241e-03	0.033478	4
ST6GAL2	4	3.5803e-02	4.6241e-03	0.033478	4
ZBTB17	4	3.5824e-02	4.6241e-03	0.033478	4
SGSH	4	3.5850e-02	4.6241e-03	0.033478	4
RSRC1	4	3.5862e-02	4.6241e-03	0.033478	4
SDC2	4	3.5882e-02	4.6241e-03	0.033478	3
AXL	4	3.5899e-02	4.6241e-03	0.033478	3
TM2D1	4	3.5939e-02	4.6241e-03	0.033478	4
THEGL	4	3.5995e-02	4.6241e-03	0.033478	4
POLE3	4	3.5995e-02	4.6241e-03	0.033478	2
PITPNM1	4	3.6000e-02	4.6241e-03	0.033478	3
TMEM39B	4	3.6053e-02	4.6241e-03	0.033478	4
C17orf100	4	3.6059e-02	4.6241e-03	0.033478	4
PIK3R4	4	3.6070e-02	4.6241e-03	0.033478	3
C8orf82	4	3.6123e-02	4.6241e-03	0.033478	4
L2HGDH	4	3.6146e-02	4.6241e-03	0.033478	3
KRTAP10-12	4	3.6156e-02	4.6241e-03	0.033478	3
RFXANK	4	3.6162e-02	4.6241e-03	0.033478	4
YWHAZ	4	3.6183e-02	4.6241e-03	0.033478	4
COA1	4	3.6189e-02	4.6241e-03	0.033478	3
FRAT1	4	3.6217e-02	4.6241e-03	0.033478	4
LY6E	4	3.6252e-02	4.6241e-03	0.033478	4
USP17L30	4	3.6275e-02	4.6241e-03	0.033478	4
GLG1	4	3.6325e-02	4.6241e-03	0.033478	3
TOMM7	4	3.6361e-02	4.6241e-03	0.033478	3
CNGA1	4	3.6367e-02	4.6241e-03	0.033478	3
FSD2	4	3.6414e-02	4.6241e-03	0.033478	2
ESCO2	4	3.6428e-02	4.6241e-03	0.033478	4
GM2A	4	3.6454e-02	4.6241e-03	0.033478	4
ELL3	4	3.6484e-02	4.6241e-03	0.033478	4
SOD2	4	3.6500e-02	4.6241e-03	0.033478	4
HIST2H2BE	4	3.6519e-02	4.6241e-03	0.033478	4
IFT81	4	3.6554e-02	4.6241e-03	0.033478	3
TIMM23	4	3.6575e-02	4.6241e-03	0.033478	3
STX8	4	3.6611e-02	4.6241e-03	0.033478	3
IRX4	4	3.6634e-02	4.6241e-03	0.033478	3
RNF126	4	3.6636e-02	4.6241e-03	0.033478	4
KIF2A	4	3.6640e-02	4.6241e-03	0.033478	3
PNISR	4	3.6644e-02	4.6241e-03	0.033478	4
ARL14EPL	4	3.6679e-02	4.6241e-03	0.033478	4
MB	4	3.6694e-02	4.6241e-03	0.033478	3
SLC6A6	4	3.6724e-02	4.6241e-03	0.033478	3
TGIF2-C20orf24	4	3.6740e-02	4.6241e-03	0.033478	4
URGCP-MRPS24	4	3.6748e-02	4.6241e-03	0.033478	2
PFN4	4	3.6766e-02	4.6241e-03	0.033478	3
TMEM14C	4	3.6783e-02	4.6241e-03	0.033478	4
CFAP44	4	3.6853e-02	4.6853e-03	0.033860	4
HHLA3	4	3.6933e-02	4.6858e-03	0.033860	3
SKP2	4	3.6954e-02	4.6858e-03	0.033860	3
FBXO39	4	3.6987e-02	4.6858e-03	0.033860	3
TMEM201	4	3.7036e-02	4.6858e-03	0.033860	4
AP2S1	4	3.7216e-02	4.7132e-03	0.033981	3
CASC3	4	3.7276e-02	4.7132e-03	0.033981	3
CENPA	4	3.7307e-02	4.7132e-03	0.033981	4
COX8A	4	3.7336e-02	4.7132e-03	0.033981	3
ZNF837	4	3.7343e-02	4.7132e-03	0.033981	4
LEMD2	4	3.7356e-02	4.7132e-03	0.033981	3
NR1I3	4	3.7391e-02	4.7422e-03	0.034091	3
NAT2	4	3.7444e-02	4.7422e-03	0.034091	4
NHS	4	3.7461e-02	4.7422e-03	0.034091	4
TUBB4A	4	3.7488e-02	4.7422e-03	0.034091	3
KCNG1	4	3.7518e-02	4.7428e-03	0.034091	3
LRPPRC	4	3.7532e-02	4.7428e-03	0.034091	4
SLC35E2B	4	3.7616e-02	4.7428e-03	0.034091	4
PAK6	4	3.7633e-02	4.7428e-03	0.034091	3
OR14C36	4	3.7682e-02	4.8080e-03	0.034304	4
OR10V1	4	3.7742e-02	4.8080e-03	0.034304	3
OR5J2	4	3.7748e-02	4.8080e-03	0.034304	4
SPAG7	4	3.7771e-02	4.8080e-03	0.034304	4
TSPAN11	4	3.7815e-02	4.8080e-03	0.034304	4
DVL1	4	3.7833e-02	4.8080e-03	0.034304	4
CCDC151	4	3.7833e-02	4.8080e-03	0.034304	3
LIMCH1	4	3.7859e-02	4.8080e-03	0.034304	4
DMTN	4	3.7900e-02	4.8080e-03	0.034304	3
AGAP11	4	3.7913e-02	4.8086e-03	0.034304	4
RAB1A	4	3.7948e-02	4.8086e-03	0.034304	4
BAP1	4	3.7967e-02	4.8086e-03	0.034304	3
B4GALT2	4	3.7998e-02	4.8086e-03	0.034304	4
EFCAB6	4	3.8030e-02	4.8086e-03	0.034304	4
SNAI1	4	3.8095e-02	4.8086e-03	0.034304	4
MAPKBP1	4	3.8113e-02	4.8086e-03	0.034304	4
ZPBP2	4	3.8160e-02	4.8086e-03	0.034304	3
SPINK4	4	3.8171e-02	4.8086e-03	0.034304	4
GABARAP	4	3.8178e-02	4.8086e-03	0.034304	4
PROS1	4	3.8211e-02	4.8821e-03	0.034304	4
RASAL1	4	3.8216e-02	4.8821e-03	0.034304	4
SCGN	4	3.8297e-02	4.8821e-03	0.034304	2
PLCD1	4	3.8297e-02	4.8821e-03	0.034304	3
PRR25	4	3.8368e-02	4.8821e-03	0.034304	4
TAGAP	4	3.8374e-02	4.8821e-03	0.034304	2
KLHL20	4	3.8385e-02	4.8821e-03	0.034304	4
AP1G1	4	3.8494e-02	4.8821e-03	0.034304	3
TMEM57	4	3.8509e-02	4.8821e-03	0.034304	3
CDRT1	4	3.8530e-02	4.8821e-03	0.034304	4
MYL9	4	3.8629e-02	4.8821e-03	0.034304	4
CHST12	4	3.8680e-02	4.8826e-03	0.034304	4
CD300LD	4	3.8705e-02	4.8826e-03	0.034304	4
SIX6	4	3.8741e-02	4.8826e-03	0.034304	4
POMT2	4	3.8783e-02	4.8826e-03	0.034304	3
LRRC74B	4	3.8838e-02	4.8826e-03	0.034304	3
NPIPB5	4	3.8839e-02	4.8826e-03	0.034304	4
TUBB8	4	3.8860e-02	4.8826e-03	0.034304	3
ENHO	4	3.8911e-02	4.8826e-03	0.034304	4
RAD9A	4	3.8926e-02	4.8826e-03	0.034304	3
KREMEN2	4	3.8986e-02	4.8826e-03	0.034304	4
RILPL2	4	3.9018e-02	4.8826e-03	0.034304	4
PLGLB1	4	3.9022e-02	4.8826e-03	0.034304	4
CTAG1B	4	3.9027e-02	4.8826e-03	0.034304	4
TAF1D	4	3.9037e-02	4.8826e-03	0.034304	3
PRPSAP2	4	3.9049e-02	4.8826e-03	0.034304	4
ARFGEF1	4	3.9077e-02	4.8826e-03	0.034304	4
CETN3	4	3.9122e-02	4.9417e-03	0.034304	4
PLB1	4	3.9127e-02	4.9417e-03	0.034304	4
POTEJ	4	3.9200e-02	4.9982e-03	0.034304	4
SYNPO2L	4	3.9423e-02	4.9982e-03	0.034304	4
DALRD3	4	3.9429e-02	4.9982e-03	0.034304	3
VCY	4	3.9462e-02	4.9982e-03	0.034304	3
PPP2R5A	4	3.9465e-02	4.9982e-03	0.034304	4
FZD9	4	3.9488e-02	4.9982e-03	0.034304	2
ADCY1	4	3.9533e-02	4.9982e-03	0.034304	4
USP10	4	3.9545e-02	4.9982e-03	0.034304	3
MRPS9	4	3.9598e-02	4.9982e-03	0.034304	3
FEM1B	4	3.9686e-02	4.9982e-03	0.034304	3
NDUFAF7	4	3.9703e-02	4.9982e-03	0.034304	4
LIPA	4	3.9722e-02	4.9982e-03	0.034304	4
PRR19	4	3.9729e-02	4.9982e-03	0.034304	3
GLCCI1	4	3.9818e-02	4.9982e-03	0.034304	4
NUDT12	4	3.9833e-02	4.9982e-03	0.034304	3
PSMD8	4	3.9855e-02	4.9982e-03	0.034304	4
SSTR3	4	3.9861e-02	4.9982e-03	0.034304	3
TOP1MT	4	3.9867e-02	4.9982e-03	0.034304	3
TGS1	4	3.9874e-02	4.9982e-03	0.034304	3
NSL1	4	3.9941e-02	4.9982e-03	0.034304	4
TERT	4	3.9949e-02	4.9982e-03	0.034304	3
ZRANB2	4	3.9952e-02	4.9982e-03	0.034304	3
SPTA1	4	3.9982e-02	4.9982e-03	0.034304	4
TAB1	4	3.9999e-02	4.9982e-03	0.034304	4
DNMBP	4	4.0026e-02	4.9982e-03	0.034304	4
SLC6A11	4	4.0214e-02	4.9987e-03	0.034304	3
HIST1H2AI	4	4.0323e-02	4.9987e-03	0.034304	4
MLLT6	4	4.0347e-02	4.9987e-03	0.034304	3
ALG1L	4	4.0416e-02	4.9987e-03	0.034304	3
ERCC1	4	4.0429e-02	4.9987e-03	0.034304	3
PLEC	4	4.0431e-02	4.9987e-03	0.034304	4
PPP2CA	4	4.0447e-02	4.9987e-03	0.034304	3
ERAL1	4	4.0463e-02	4.9987e-03	0.034304	4
HOXD12	4	4.0492e-02	4.9987e-03	0.034304	3
PLA2G10	4	4.0516e-02	4.9987e-03	0.034304	4
BMPER	4	4.0524e-02	4.9987e-03	0.034304	3
PPIH	4	4.0526e-02	4.9987e-03	0.034304	3
ORAI2	4	4.0566e-02	4.9987e-03	0.034304	3
TMSB15A	4	4.0643e-02	4.9987e-03	0.034304	4
CRK	4	4.0664e-02	4.9987e-03	0.034304	4
KDM4A	4	4.0688e-02	4.9987e-03	0.034304	4
IFNW1	4	4.0753e-02	4.9987e-03	0.034304	4
WWOX	4	4.0786e-02	4.9987e-03	0.034304	4
LIPM	4	4.0855e-02	4.9987e-03	0.034304	3
GPN3	4	4.0899e-02	4.9987e-03	0.034304	4
PALB2	4	4.0921e-02	4.9987e-03	0.034304	4
LRRC41	4	4.0925e-02	4.9987e-03	0.034304	4
MUC15	4	4.0932e-02	4.9987e-03	0.034304	4
DMP1	4	4.0937e-02	4.9987e-03	0.034304	4
TRIM43B	4	4.0986e-02	5.0308e-03	0.034304	4
ROR2	4	4.0989e-02	5.0308e-03	0.034304	2
SOCS3	4	4.0993e-02	5.0308e-03	0.034304	4
ZBTB24	4	4.1017e-02	5.0308e-03	0.034304	4
PAF1	4	4.1057e-02	5.0308e-03	0.034304	3
TRAPPC6A	4	4.1072e-02	5.0308e-03	0.034304	3
CTAG1A	4	4.1139e-02	5.0308e-03	0.034304	4
MED10	4	4.1149e-02	5.0308e-03	0.034304	3
SUFU	4	4.1187e-02	5.0308e-03	0.034304	4
MRPL1	4	4.1191e-02	5.0308e-03	0.034304	4
C19orf24	4	4.1220e-02	5.0308e-03	0.034304	4
SLC34A3	4	4.1262e-02	5.0308e-03	0.034304	2
PPIAL4D	4	4.1284e-02	5.0308e-03	0.034304	3
GATAD2A	4	4.1341e-02	5.0308e-03	0.034304	3
PIK3CA	4	4.1341e-02	5.0308e-03	0.034304	2
ARHGEF11	4	4.1398e-02	5.0308e-03	0.034304	3
ASMT	4	4.1428e-02	5.0308e-03	0.034304	4
SGMS2	4	4.1452e-02	5.0308e-03	0.034304	4
APOO	4	4.1609e-02	5.0313e-03	0.034304	4
AURKAIP1	4	4.1729e-02	5.0313e-03	0.034304	3
CCL17	4	4.1762e-02	5.0313e-03	0.034304	4
FRMD4A	4	4.1805e-02	5.0313e-03	0.034304	3
NME3	4	4.1843e-02	5.0313e-03	0.034304	4
MRPL24	4	4.1844e-02	5.0313e-03	0.034304	3
CELSR1	4	4.1915e-02	5.0313e-03	0.034304	3
FCGR3B	4	4.1953e-02	5.0313e-03	0.034304	4
ACD	4	4.1980e-02	5.0313e-03	0.034304	3
AUNIP	4	4.1993e-02	5.0313e-03	0.034304	3
DOLPP1	4	4.2045e-02	5.0313e-03	0.034304	3
GPR146	4	4.2064e-02	5.0313e-03	0.034304	4
IQCF1	4	4.2162e-02	5.0608e-03	0.034304	3
MRPL50	4	4.2169e-02	5.0608e-03	0.034304	4
GPR45	4	4.2411e-02	5.0608e-03	0.034304	4
HSD17B3	4	4.2416e-02	5.0608e-03	0.034304	3
TSLP	4	4.2454e-02	5.0608e-03	0.034304	4
ZNF714	4	4.2464e-02	5.0608e-03	0.034304	4
FAM210A	4	4.2631e-02	5.0608e-03	0.034304	3
VAMP5	4	4.2633e-02	5.0608e-03	0.034304	4
TRAM1L1	4	4.2648e-02	5.0608e-03	0.034304	4
ANKRD44	4	4.2658e-02	5.0608e-03	0.034304	4
NAA30	4	4.2670e-02	5.0608e-03	0.034304	3
C5orf24	4	4.2760e-02	5.0608e-03	0.034304	4
TLE6	4	4.2818e-02	5.0608e-03	0.034304	4
ZNF644	4	4.2880e-02	5.0614e-03	0.034304	4
IRF2	4	4.2889e-02	5.0614e-03	0.034304	2
NIPA2	4	4.2891e-02	5.0614e-03	0.034304	4
EIF3L	4	4.2912e-02	5.0614e-03	0.034304	2
SEMA4F	4	4.2916e-02	5.0614e-03	0.034304	4
PPP2R5E	4	4.2930e-02	5.0614e-03	0.034304	4
TMEM167A	4	4.3016e-02	5.0614e-03	0.034304	3
CYLC2	4	4.3021e-02	5.0614e-03	0.034304	4
KLF6	4	4.3091e-02	5.0614e-03	0.034304	3
E2F6	4	4.3111e-02	5.0614e-03	0.034304	4
ATF4	4	4.3111e-02	5.0614e-03	0.034304	4
MAGEA12	4	4.3111e-02	5.0614e-03	0.034304	4
SLK	4	4.3163e-02	5.0614e-03	0.034304	3
IVL	4	4.3180e-02	5.0614e-03	0.034304	4
HIST1H2AH	4	4.3196e-02	5.0614e-03	0.034304	3
ZNF575	4	4.3214e-02	5.0614e-03	0.034304	4
PRPF18	4	4.3289e-02	5.0614e-03	0.034304	3
OR1E1	4	4.3364e-02	5.0614e-03	0.034304	4
PCGF1	4	4.3540e-02	5.0614e-03	0.034304	3
ADAT1	4	4.3568e-02	5.0966e-03	0.034304	4
COMMD10	4	4.3570e-02	5.0966e-03	0.034304	4
GMEB2	4	4.3597e-02	5.0966e-03	0.034304	4
HIVEP3	4	4.3621e-02	5.0966e-03	0.034304	2
FAM212A	4	4.3626e-02	5.0966e-03	0.034304	3
C15orf26	4	4.3655e-02	5.0966e-03	0.034304	2
ITK	4	4.3711e-02	5.0966e-03	0.034304	4
UPF2	4	4.3712e-02	5.0966e-03	0.034304	3
ADSSL1	4	4.3726e-02	5.0966e-03	0.034304	3
CD58	4	4.3792e-02	5.0966e-03	0.034304	4
GLIPR1L1	4	4.3806e-02	5.0966e-03	0.034304	3
CHI3L1	4	4.3815e-02	5.0966e-03	0.034304	4
CT47A6	4	4.3821e-02	5.0966e-03	0.034304	3
CPD	4	4.3865e-02	5.0971e-03	0.034304	4
FANCF	4	4.3874e-02	5.0971e-03	0.034304	4
BLMH	4	4.3924e-02	5.0971e-03	0.034304	4
MAP3K6	4	4.3989e-02	5.0971e-03	0.034304	4
MAP3K8	4	4.3999e-02	5.0971e-03	0.034304	4
AKIRIN1	4	4.4019e-02	5.0971e-03	0.034304	3
DDX24	4	4.4028e-02	5.0971e-03	0.034304	2
C19orf12	4	4.4143e-02	5.1344e-03	0.034304	4
HP1BP3	4	4.4153e-02	5.1344e-03	0.034304	4
CYP4Z1	4	4.4223e-02	5.1344e-03	0.034304	4
DDX39B	4	4.4253e-02	5.1344e-03	0.034304	4
RGPD1	4	4.4297e-02	5.1344e-03	0.034304	3
POTED	4	4.4307e-02	5.1344e-03	0.034304	4
PSMC6	4	4.4371e-02	5.1344e-03	0.034304	3
MAGEA2B	4	4.4407e-02	5.1344e-03	0.034304	3
GTF3C2	4	4.4473e-02	5.1344e-03	0.034304	3
SNX15	4	4.4481e-02	5.1349e-03	0.034304	3
U2AF2	4	4.4501e-02	5.1349e-03	0.034304	4
DPH2	4	4.4583e-02	5.1349e-03	0.034304	4
NNAT	4	4.4614e-02	5.1349e-03	0.034304	3
ZMYND8	4	4.4628e-02	5.1349e-03	0.034304	4
ARHGEF37	4	4.4636e-02	5.1349e-03	0.034304	4
CMIP	4	4.4655e-02	5.1349e-03	0.034304	3
LOC100289561	4	4.4661e-02	5.1349e-03	0.034304	2
MAFA	4	4.4708e-02	5.1349e-03	0.034304	3
RAB2A	4	4.4739e-02	5.1349e-03	0.034304	4
ICT1	4	4.4750e-02	5.1349e-03	0.034304	3
TBP	4	4.4790e-02	5.1349e-03	0.034304	3
FAM189B	4	4.4804e-02	5.1349e-03	0.034304	4
JPH1	4	4.4824e-02	5.1349e-03	0.034304	4
ZNF749	4	4.4837e-02	5.1732e-03	0.034548	3
KIAA1107	4	4.4890e-02	5.2095e-03	0.034591	4
VIM	4	4.4920e-02	5.2095e-03	0.034591	4
KCNIP2	4	4.4950e-02	5.2095e-03	0.034591	4
SYT15	4	4.4991e-02	5.2100e-03	0.034591	4
OR2T3	4	4.5006e-02	5.2100e-03	0.034591	4
ATG16L1	4	4.5014e-02	5.2100e-03	0.034591	3
C16orf45	4	4.5047e-02	5.2100e-03	0.034591	3
ACACB	4	4.5072e-02	5.2100e-03	0.034591	4
HMGCLL1	4	4.5092e-02	5.2100e-03	0.034591	4
CD3EAP	4	4.5107e-02	5.2489e-03	0.034591	4
PTP4A1	4	4.5155e-02	5.2489e-03	0.034591	3
FGFR1OP2	4	4.5274e-02	5.2494e-03	0.034591	2
C3orf36	4	4.5304e-02	5.2494e-03	0.034591	3
WARS	4	4.5371e-02	5.2494e-03	0.034591	4
PTDSS1	4	4.5384e-02	5.2494e-03	0.034591	4
MRPS14	4	4.5428e-02	5.2862e-03	0.034591	3
MICA	4	4.5457e-02	5.2862e-03	0.034591	4
CNPY2	4	4.5484e-02	5.2862e-03	0.034591	3
BMPR2	4	4.5519e-02	5.2862e-03	0.034591	4
RPL36A-HNRNPH2	4	4.5539e-02	5.2862e-03	0.034591	4
SPG11	4	4.5542e-02	5.2862e-03	0.034591	3
NOL7	4	4.5563e-02	5.2862e-03	0.034591	4
NPB	4	4.5576e-02	5.2862e-03	0.034591	3
ZNF417	4	4.5604e-02	5.2862e-03	0.034591	3
STK26	4	4.5610e-02	5.2862e-03	0.034591	4
HLA-F	4	4.5672e-02	5.2867e-03	0.034591	4
LGALS9	4	4.5677e-02	5.2867e-03	0.034591	2
LYPD8	4	4.5692e-02	5.2867e-03	0.034591	4
ARL2BP	4	4.5697e-02	5.2867e-03	0.034591	4
A4GNT	4	4.5718e-02	5.2867e-03	0.034591	4
SLC10A2	4	4.5748e-02	5.2867e-03	0.034591	4
C15orf56	4	4.5808e-02	5.2867e-03	0.034591	3
NIFK	4	4.5843e-02	5.2867e-03	0.034591	4
ERF	4	4.5861e-02	5.2867e-03	0.034591	4
KIAA1024	4	4.5959e-02	5.2986e-03	0.034591	3
CRYGA	4	4.5979e-02	5.2986e-03	0.034591	4
SCN11A	4	4.5989e-02	5.2986e-03	0.034591	4
WDR76	4	4.5994e-02	5.2986e-03	0.034591	4
FANCI	4	4.6007e-02	5.2986e-03	0.034591	3
ATP5J	4	4.6036e-02	5.2986e-03	0.034591	4
XPOT	4	4.6105e-02	5.2986e-03	0.034591	4
HAP1	4	4.6133e-02	5.2986e-03	0.034591	4
TMEM63A	4	4.6180e-02	5.2986e-03	0.034591	4
SLC31A2	4	4.6219e-02	5.2986e-03	0.034591	2
MRPS18C	4	4.6224e-02	5.2986e-03	0.034591	4
PSMD1	4	4.6236e-02	5.2986e-03	0.034591	3
GH1	4	4.6295e-02	5.2986e-03	0.034591	3
DOCK10	4	4.6336e-02	5.2986e-03	0.034591	3
SCFD2	4	4.6364e-02	5.2986e-03	0.034591	3
ANOS1	4	4.6443e-02	5.2986e-03	0.034591	4
ZNF816-ZNF321P	4	4.6474e-02	5.2991e-03	0.034591	4
C3orf56	4	4.6515e-02	5.2991e-03	0.034591	4
CARKD	4	4.6526e-02	5.2991e-03	0.034591	4
ITSN1	4	4.6612e-02	5.2991e-03	0.034591	3
HIST2H4B	4	4.6640e-02	5.2991e-03	0.034591	3
MAPK7	4	4.6647e-02	5.2991e-03	0.034591	3
CNTNAP3B	4	4.6666e-02	5.2991e-03	0.034591	4
IL36G	4	4.6692e-02	5.2991e-03	0.034591	4
PDGFD	4	4.6716e-02	5.2991e-03	0.034591	3
KIF18A	4	4.6754e-02	5.2991e-03	0.034591	4
DNAJB1	4	4.6782e-02	5.2991e-03	0.034591	3
CTCF	4	4.6854e-02	5.2991e-03	0.034591	3
ADSS	4	4.6859e-02	5.2991e-03	0.034591	2
ATP8B4	4	4.6871e-02	5.2991e-03	0.034591	4
MTIF2	4	4.6950e-02	5.2991e-03	0.034591	4
DIAPH1	4	4.6958e-02	5.2991e-03	0.034591	3
TNFRSF9	4	4.7000e-02	5.3359e-03	0.034608	3
CDH13	4	4.7004e-02	5.3359e-03	0.034608	4
FAM208A	4	4.7036e-02	5.3364e-03	0.034608	4
NXPE4	4	4.7041e-02	5.3364e-03	0.034608	4
HLA-DPA1	4	4.7051e-02	5.3810e-03	0.034608	4
JMJD1C	4	4.7059e-02	5.3810e-03	0.034608	3
SUCO	4	4.7063e-02	5.3810e-03	0.034608	2
SEC24C	4	4.7088e-02	5.3810e-03	0.034608	4
HIST1H3D	4	4.7182e-02	5.3810e-03	0.034608	4
OR5K4	4	4.7219e-02	5.3810e-03	0.034608	4
LRRC75B	4	4.7236e-02	5.3810e-03	0.034608	3
TUFT1	4	4.7245e-02	5.3810e-03	0.034608	4
OR1A1	4	4.7264e-02	5.3810e-03	0.034608	3
RGPD3	4	4.7267e-02	5.3810e-03	0.034608	3
ZG16	4	4.7313e-02	5.3810e-03	0.034608	3
PRDM10	4	4.7317e-02	5.3810e-03	0.034608	3
OR52E8	4	4.7348e-02	5.3810e-03	0.034608	3
DTNB	4	4.7376e-02	5.3810e-03	0.034608	3
DEFB107A	4	4.7411e-02	5.3810e-03	0.034608	3
SLC39A5	4	4.7466e-02	5.3810e-03	0.034608	4
CDIP1	4	4.7550e-02	5.3810e-03	0.034608	4
ITGB6	4	4.7581e-02	5.3815e-03	0.034608	4
CRYBA2	4	4.7587e-02	5.3815e-03	0.034608	4
KLHL17	4	4.7608e-02	5.3815e-03	0.034608	4
TPD52L3	4	4.7624e-02	5.3815e-03	0.034608	4
SIRPA	4	4.7634e-02	5.3815e-03	0.034608	3
B4GALT5	4	4.7645e-02	5.3815e-03	0.034608	4
ANKRD22	4	4.7655e-02	5.3815e-03	0.034608	3
B3GNT2	4	4.7676e-02	5.3815e-03	0.034608	3
GPS2	4	4.7755e-02	5.3815e-03	0.034608	4
ADAM30	4	4.7774e-02	5.3815e-03	0.034608	4
FERMT3	4	4.7777e-02	5.3815e-03	0.034608	4
SIL1	4	4.7787e-02	5.3815e-03	0.034608	4
ANKRD33B	4	4.7800e-02	5.3815e-03	0.034608	4
PAPLN	4	4.7808e-02	5.3815e-03	0.034608	4
NME8	4	4.7824e-02	5.3815e-03	0.034608	4
OR5D14	4	4.7834e-02	5.3815e-03	0.034608	3
CCL22	4	4.7861e-02	5.3815e-03	0.034608	4
C17orf98	4	4.7872e-02	5.3815e-03	0.034608	4
FAM222B	4	4.7946e-02	5.3815e-03	0.034608	4
CCDC97	4	4.7983e-02	5.3815e-03	0.034608	4
SMIM23	4	4.7994e-02	5.3815e-03	0.034608	4
RPL26L1	4	4.8036e-02	5.3815e-03	0.034608	4
PLOD2	4	4.8057e-02	5.3815e-03	0.034608	4
XPNPEP1	4	4.8148e-02	5.4286e-03	0.034751	4
SCAMP5	4	4.8233e-02	5.4286e-03	0.034751	4
MMP28	4	4.8254e-02	5.4286e-03	0.034751	4
CXCL8	4	4.8286e-02	5.4286e-03	0.034751	4
IMMT	4	4.8457e-02	5.4286e-03	0.034751	3
KLRK1	4	4.8510e-02	5.4291e-03	0.034751	4
ANXA2R	4	4.8564e-02	5.4291e-03	0.034751	4
ADAMTSL3	4	4.8578e-02	5.4291e-03	0.034751	3
TEKT1	4	4.8607e-02	5.4291e-03	0.034751	4
DNMT3B	4	4.8620e-02	5.4291e-03	0.034751	3
RGL1	4	4.8624e-02	5.4291e-03	0.034751	4
C16orf89	4	4.8757e-02	5.4291e-03	0.034751	4
GNPDA1	4	4.8843e-02	5.4291e-03	0.034751	4
YAP1	4	4.8907e-02	5.4291e-03	0.034751	4
GPATCH1	4	4.8929e-02	5.4706e-03	0.034764	4
TACC3	4	4.8982e-02	5.4706e-03	0.034764	3
CACNB3	4	4.9004e-02	5.4706e-03	0.034764	3
NNT	4	4.9112e-02	5.4706e-03	0.034764	4
CEP97	4	4.9125e-02	5.4706e-03	0.034764	3
GFY	4	4.9132e-02	5.4706e-03	0.034764	3
CNTROB	4	4.9182e-02	5.4706e-03	0.034764	4
PTPRS	4	4.9272e-02	5.4706e-03	0.034764	2
UGP2	4	4.9290e-02	5.4711e-03	0.034764	4
PLEKHH2	4	4.9323e-02	5.4711e-03	0.034764	4
TTC33	4	4.9346e-02	5.4711e-03	0.034764	3
MBD3L4	4	4.9358e-02	5.4711e-03	0.034764	2
AQP12B	4	4.9382e-02	5.4711e-03	0.034764	4
HNRNPM	4	4.9389e-02	5.4711e-03	0.034764	3
FABP3	4	4.9453e-02	5.4711e-03	0.034764	4
KBTBD7	4	4.9469e-02	5.4711e-03	0.034764	4
R3HDM4	4	4.9482e-02	5.4711e-03	0.034764	3
LHX8	4	4.9493e-02	5.4711e-03	0.034764	3
MYH13	4	4.9530e-02	5.4711e-03	0.034764	2
EXOC6	4	4.9534e-02	5.4711e-03	0.034764	4
TAX1BP3	4	4.9539e-02	5.4711e-03	0.034764	3
CYP3A7	4	4.9569e-02	5.4711e-03	0.034764	4
MSRB3	4	4.9647e-02	5.5177e-03	0.034882	3
MYOZ3	4	4.9665e-02	5.5177e-03	0.034882	4
PNKP	4	4.9697e-02	5.5182e-03	0.034882	4
SEPTIN9	4	4.9719e-02	5.5182e-03	0.034882	3
AHCYL1	4	4.9741e-02	5.5182e-03	0.034882	4
EXTL1	4	4.9758e-02	5.5695e-03	0.034882	4
SLC23A2	4	4.9758e-02	5.5695e-03	0.034882	3
LIPC	4	4.9768e-02	5.5695e-03	0.034882	4
CHRNA1	4	4.9776e-02	5.5695e-03	0.034882	3
NFKBIZ	4	4.9817e-02	5.5695e-03	0.034882	4
SETD1B	4	4.9877e-02	5.5695e-03	0.034882	3
TPSG1	4	4.9891e-02	5.5695e-03	0.034882	3
LRG1	4	4.9910e-02	5.5695e-03	0.034882	4
MGLL	4	4.9932e-02	5.5695e-03	0.034882	4
XKR4	4	4.9948e-02	5.5695e-03	0.034882	4
ISCA2	4	5.0064e-02	5.5695e-03	0.034882	3
YIPF5	4	5.0072e-02	5.5695e-03	0.034882	2
KHSRP	4	5.0111e-02	5.5695e-03	0.034882	3
SESN3	4	5.0112e-02	5.5695e-03	0.034882	4
ZCCHC12	4	5.0118e-02	5.5695e-03	0.034882	4
C17orf105	4	5.0122e-02	5.5695e-03	0.034882	3
ITPRIPL1	4	5.0136e-02	5.5695e-03	0.034882	3
CHST4	4	5.0194e-02	5.5695e-03	0.034882	3
CASC5	4	5.0195e-02	5.5695e-03	0.034882	3
CTNNA1	4	5.0292e-02	5.5695e-03	0.034882	3
C11orf16	4	5.0303e-02	5.5695e-03	0.034882	3
FDX1	4	5.0370e-02	5.5695e-03	0.034882	4
SURF2	4	5.0442e-02	5.5701e-03	0.034882	4
ANKDD1B	4	5.0486e-02	5.5701e-03	0.034882	4
BBIP1	4	5.0549e-02	5.5701e-03	0.034882	3
NTN1	4	5.0563e-02	5.5701e-03	0.034882	4
GMPS	4	5.0580e-02	5.5701e-03	0.034882	4
RNASEL	4	5.0585e-02	5.5701e-03	0.034882	3
ZNF442	4	5.0596e-02	5.5701e-03	0.034882	4
LPAR4	4	5.0621e-02	5.5701e-03	0.034882	4
PRSS3	4	5.0729e-02	5.5701e-03	0.034882	4
AKAP5	4	5.0778e-02	5.5701e-03	0.034882	4
EFNB3	4	5.0790e-02	5.5701e-03	0.034882	4
OR10H1	4	5.0883e-02	5.5701e-03	0.034882	3
GLYR1	4	5.0920e-02	5.5701e-03	0.034882	3
DIDO1	4	5.0928e-02	5.5701e-03	0.034882	4
TBCK	4	5.0978e-02	5.5701e-03	0.034882	4
SMTN	4	5.0992e-02	5.5701e-03	0.034882	3
ATP5C1	4	5.1013e-02	5.5701e-03	0.034882	3
IWS1	4	5.1122e-02	5.6187e-03	0.035007	4
PARN	4	5.1133e-02	5.6187e-03	0.035007	4
TSR3	4	5.1175e-02	5.6187e-03	0.035007	4
ADGRE3	4	5.1206e-02	5.6187e-03	0.035007	4
CCR4	4	5.1285e-02	5.6187e-03	0.035007	3
TMC6	4	5.1351e-02	5.6187e-03	0.035007	3
CLCN3	4	5.1405e-02	5.6193e-03	0.035007	3
EGR2	4	5.1407e-02	5.6193e-03	0.035007	4
TMEM176A	4	5.1451e-02	5.6193e-03	0.035007	4
UBB	4	5.1482e-02	5.6193e-03	0.035007	3
MRPS31	4	5.1541e-02	5.6193e-03	0.035007	4
NUPL2	4	5.1549e-02	5.6193e-03	0.035007	2
TP53BP1	4	5.1570e-02	5.6193e-03	0.035007	3
FAM219A	4	5.1605e-02	5.6193e-03	0.035007	4
NEK11	4	5.1622e-02	5.6193e-03	0.035007	3
FXYD7	4	5.1630e-02	5.6193e-03	0.035007	4
CCDC115	4	5.1699e-02	5.6757e-03	0.035293	3
FAM174B	4	5.1717e-02	5.6757e-03	0.035293	4
RBFOX2	4	5.1731e-02	5.6757e-03	0.035293	4
RNF121	4	5.1813e-02	5.6757e-03	0.035293	3
EPM2A	4	5.1849e-02	5.6762e-03	0.035293	4
PPP1R2	4	5.1850e-02	5.6762e-03	0.035293	3
GPR78	4	5.2024e-02	5.7203e-03	0.035479	4
PDE4DIP	4	5.2040e-02	5.7203e-03	0.035479	4
METTL2B	4	5.2091e-02	5.7208e-03	0.035479	4
FBXW7	4	5.2100e-02	5.7208e-03	0.035479	3
LENG8	4	5.2152e-02	5.7446e-03	0.035479	3
RARS2	4	5.2238e-02	5.7446e-03	0.035479	3
HMGB4	4	5.2278e-02	5.7446e-03	0.035479	4
PDCD6	4	5.2283e-02	5.7446e-03	0.035479	4
MFSD3	4	5.2306e-02	5.7446e-03	0.035479	4
RINT1	4	5.2339e-02	5.7446e-03	0.035479	2
WDTC1	4	5.2351e-02	5.7446e-03	0.035479	4
ANKRD36	4	5.2364e-02	5.7446e-03	0.035479	3
ADGB	4	5.2377e-02	5.7446e-03	0.035479	2
ZNF235	4	5.2535e-02	5.7451e-03	0.035479	4
CCL25	4	5.2567e-02	5.7451e-03	0.035479	4
MSL1	4	5.2575e-02	5.7451e-03	0.035479	4
RAB3A	4	5.2589e-02	5.7451e-03	0.035479	4
ZNF184	4	5.2597e-02	5.7451e-03	0.035479	3
HOXA7	4	5.2623e-02	5.7451e-03	0.035479	4
COX5B	4	5.2641e-02	5.7451e-03	0.035479	2
FLYWCH1	4	5.2642e-02	5.7451e-03	0.035479	3
FAR1	4	5.2811e-02	5.7809e-03	0.035588	4
TRIO	4	5.2906e-02	5.7809e-03	0.035588	2
TMC5	4	5.2954e-02	5.7809e-03	0.035588	4
ZNF281	4	5.2969e-02	5.7809e-03	0.035588	3
BRCA2	4	5.3020e-02	5.7809e-03	0.035588	3
ZNF705G	4	5.3057e-02	5.7814e-03	0.035588	4
BBS2	4	5.3074e-02	5.7814e-03	0.035588	4
PRDX1	4	5.3121e-02	5.7814e-03	0.035588	3
C1orf123	4	5.3126e-02	5.7814e-03	0.035588	3
NODAL	4	5.3205e-02	5.7814e-03	0.035588	4
RAD51B	4	5.3387e-02	5.8363e-03	0.035860	3
PIKFYVE	4	5.3400e-02	5.8363e-03	0.035860	2
WBP11	4	5.3418e-02	5.8363e-03	0.035860	3
C14orf166	4	5.3463e-02	5.8368e-03	0.035860	2
HYAL3	4	5.3518e-02	5.8368e-03	0.035860	4
OR1G1	4	5.3538e-02	5.8368e-03	0.035860	3
SDR9C7	4	5.3583e-02	5.8907e-03	0.036179	3
HMGN1	4	5.3735e-02	5.9254e-03	0.036360	2
SUMF2	4	5.3755e-02	5.9254e-03	0.036360	3
CACNA2D2	4	5.3764e-02	5.9259e-03	0.036360	3
DDX19B	4	5.3857e-02	5.9840e-03	0.036579	2
GPX1	4	5.3870e-02	5.9840e-03	0.036579	4
ZNF221	4	5.3914e-02	5.9840e-03	0.036579	3
UCHL3	4	5.3925e-02	5.9840e-03	0.036579	4
HPCAL1	4	5.3929e-02	5.9840e-03	0.036579	4
SIGLEC10	4	5.3975e-02	5.9840e-03	0.036579	3
WIPI2	4	5.3989e-02	5.9840e-03	0.036579	4
PRR30	4	5.4012e-02	5.9845e-03	0.036579	4
TMEM95	4	5.4020e-02	5.9845e-03	0.036579	3
FDPS	4	5.4088e-02	5.9845e-03	0.036579	4
JADE1	4	5.4178e-02	5.9845e-03	0.036579	4
ZFP36L1	4	5.4189e-02	5.9845e-03	0.036579	4
C4orf36	4	5.4209e-02	6.0446e-03	0.036726	4
ATF3	4	5.4239e-02	6.0446e-03	0.036726	4
OR52A5	4	5.4273e-02	6.0446e-03	0.036726	4
MEP1B	4	5.4277e-02	6.0446e-03	0.036726	3
IL32	4	5.4391e-02	6.0446e-03	0.036726	3
RASSF10	4	5.4410e-02	6.0446e-03	0.036726	4
ASPHD2	4	5.4448e-02	6.0446e-03	0.036726	4
FAM71A	4	5.4483e-02	6.0446e-03	0.036726	4
LINGO2	4	5.4518e-02	6.0446e-03	0.036726	4
STON1-GTF2A1L	4	5.4610e-02	6.0451e-03	0.036726	2
ABHD5	4	5.4647e-02	6.0451e-03	0.036726	4
SARNP	4	5.4687e-02	6.0451e-03	0.036726	3
BDP1	4	5.4755e-02	6.0451e-03	0.036726	3
FIGNL2	4	5.4787e-02	6.0451e-03	0.036726	4
HIST1H2BL	4	5.4789e-02	6.0451e-03	0.036726	3
C12orf65	4	5.4863e-02	6.0451e-03	0.036726	4
PYDC2	4	5.4904e-02	6.0451e-03	0.036726	4
HSPA6	4	5.4910e-02	6.0451e-03	0.036726	4
PPM1H	4	5.4917e-02	6.0451e-03	0.036726	2
HTR3A	4	5.4969e-02	6.0953e-03	0.036824	4
RGMB	4	5.4998e-02	6.0953e-03	0.036824	4
ZNF622	4	5.5007e-02	6.0953e-03	0.036824	3
LENG1	4	5.5136e-02	6.0953e-03	0.036824	4
GPAM	4	5.5192e-02	6.0953e-03	0.036824	4
ZGRF1	4	5.5205e-02	6.0953e-03	0.036824	3
DPH7	4	5.5223e-02	6.0953e-03	0.036824	3
ARHGAP11A	4	5.5231e-02	6.0953e-03	0.036824	4
PTCD1	4	5.5239e-02	6.0953e-03	0.036824	4
ACTN1	4	5.5266e-02	6.0958e-03	0.036824	3
OR6Y1	4	5.5269e-02	6.0958e-03	0.036824	4
HEPH	4	5.5293e-02	6.0958e-03	0.036824	4
WDR44	4	5.5340e-02	6.0958e-03	0.036824	4
TBC1D3F	4	5.5422e-02	6.0958e-03	0.036824	4
TAS2R50	4	5.5440e-02	6.0958e-03	0.036824	4
AMPD2	4	5.5446e-02	6.0958e-03	0.036824	4
ACTA1	4	5.5470e-02	6.0958e-03	0.036824	4
TMEM194B	4	5.5473e-02	6.0958e-03	0.036824	3
KRTAP5-2	4	5.5550e-02	6.1476e-03	0.037038	3
C2orf72	4	5.5567e-02	6.1476e-03	0.037038	4
SEPHS2	4	5.5596e-02	6.1476e-03	0.037038	3
AKIP1	4	5.5635e-02	6.1482e-03	0.037038	4
SPPL2B	4	5.5647e-02	6.1482e-03	0.037038	4
GDI2	4	5.5663e-02	6.1482e-03	0.037038	3
CD79B	4	5.5689e-02	6.2637e-03	0.037038	3
GFOD1	4	5.5695e-02	6.2637e-03	0.037038	4
PON2	4	5.5728e-02	6.2637e-03	0.037038	2
CHADL	4	5.5748e-02	6.2637e-03	0.037038	4
FAM72C	4	5.5766e-02	6.2637e-03	0.037038	4
ZC3H12D	4	5.5773e-02	6.2637e-03	0.037038	3
ZMYND10	4	5.5804e-02	6.2637e-03	0.037038	3
C6orf136	4	5.5837e-02	6.2637e-03	0.037038	4
PRTN3	4	5.5885e-02	6.2637e-03	0.037038	4
RBM41	4	5.5927e-02	6.2637e-03	0.037038	3
CENPU	4	5.5950e-02	6.2637e-03	0.037038	4
PELI1	4	5.5962e-02	6.2637e-03	0.037038	4
ZNF562	4	5.5980e-02	6.2637e-03	0.037038	4
MCTP1	4	5.6012e-02	6.2642e-03	0.037038	2
SLC12A6	4	5.6069e-02	6.2642e-03	0.037038	4
SIM2	4	5.6075e-02	6.2642e-03	0.037038	4
CHGA	4	5.6093e-02	6.2642e-03	0.037038	4
ALDH1A3	4	5.6099e-02	6.2642e-03	0.037038	4
GCSAML	4	5.6111e-02	6.2642e-03	0.037038	4
SYNCRIP	4	5.6129e-02	6.2642e-03	0.037038	4
HSPB6	4	5.6151e-02	6.2642e-03	0.037038	3
ICE2	4	5.6165e-02	6.2642e-03	0.037038	4
LOC388282	4	5.6180e-02	6.2642e-03	0.037038	4
KRBOX1	4	5.6278e-02	6.2642e-03	0.037038	4
CLDN1	4	5.6352e-02	6.3227e-03	0.037038	3
FAM157A	4	5.6388e-02	6.3227e-03	0.037038	3
CYTH3	4	5.6439e-02	6.3227e-03	0.037038	3
MAP1LC3A	4	5.6452e-02	6.3227e-03	0.037038	4
NBPF12	4	5.6460e-02	6.3227e-03	0.037038	3
NECAB2	4	5.6464e-02	6.3227e-03	0.037038	4
RPN2	4	5.6512e-02	6.3227e-03	0.037038	4
TICAM2	4	5.6543e-02	6.3227e-03	0.037038	2
IFNA5	4	5.6571e-02	6.3227e-03	0.037038	4
ZSCAN20	4	5.6610e-02	6.3227e-03	0.037038	4
SH2D1B	4	5.6639e-02	6.3227e-03	0.037038	3
PHF23	4	5.6674e-02	6.3227e-03	0.037038	4
GZMB	4	5.6710e-02	6.3227e-03	0.037038	4
CEACAM21	4	5.6810e-02	6.3227e-03	0.037038	3
DNAJC28	4	5.6810e-02	6.3227e-03	0.037038	3
BPIFC	4	5.6845e-02	6.3227e-03	0.037038	4
CCDC176	4	5.6860e-02	6.3227e-03	0.037038	4
NOS1AP	4	5.6903e-02	6.3227e-03	0.037038	3
YIPF4	4	5.6919e-02	6.3227e-03	0.037038	3
ACTBL2	4	5.6940e-02	6.3227e-03	0.037038	2
ZNF14	4	5.6962e-02	6.3227e-03	0.037038	4
EXOSC3	4	5.6972e-02	6.3227e-03	0.037038	3
SUN1	4	5.6981e-02	6.3227e-03	0.037038	3
WDR41	4	5.7029e-02	6.3227e-03	0.037038	4
ACAT2	4	5.7035e-02	6.3227e-03	0.037038	4
MME	4	5.7051e-02	6.3227e-03	0.037038	3
PA2G4	4	5.7053e-02	6.3227e-03	0.037038	4
CT62	4	5.7059e-02	6.3227e-03	0.037038	4
DUSP11	4	5.7071e-02	6.3227e-03	0.037038	4
GGCX	4	5.7101e-02	6.3227e-03	0.037038	4
SLC25A5	4	5.7113e-02	6.3227e-03	0.037038	4
GTF2H5	4	5.7150e-02	6.3227e-03	0.037038	4
FREM1	4	5.7180e-02	6.3227e-03	0.037038	4
MED1	4	5.7194e-02	6.3227e-03	0.037038	2
DNAJC24	4	5.7220e-02	6.3227e-03	0.037038	3
GSS	4	5.7234e-02	6.3227e-03	0.037038	4
NBPF14	4	5.7253e-02	6.3227e-03	0.037038	2
UBXN6	4	5.7285e-02	6.3227e-03	0.037038	2
CTAGE6	4	5.7309e-02	6.3227e-03	0.037038	3
ZNF624	4	5.7374e-02	6.3227e-03	0.037038	4
CACNB4	4	5.7501e-02	6.3233e-03	0.037038	4
RBM47	4	5.7532e-02	6.3233e-03	0.037038	4
WNT5A	4	5.7604e-02	6.3233e-03	0.037038	4
THSD4	4	5.7607e-02	6.3233e-03	0.037038	3
LRP10	4	5.7622e-02	6.3233e-03	0.037038	3
OTUD7A	4	5.7638e-02	6.3233e-03	0.037038	4
ZNF143	4	5.7684e-02	6.3233e-03	0.037038	4
OR2B3	4	5.7685e-02	6.3233e-03	0.037038	3
CXCR5	4	5.7756e-02	6.3233e-03	0.037038	3
NCAN	4	5.7772e-02	6.3233e-03	0.037038	4
OR2L13	4	5.7772e-02	6.3233e-03	0.037038	4
TMEM263	4	5.7787e-02	6.3233e-03	0.037038	3
C14orf2	4	5.7795e-02	6.3233e-03	0.037038	3
PDSS2	4	5.7811e-02	6.3233e-03	0.037038	3
GBGT1	4	5.7819e-02	6.3233e-03	0.037038	3
SYNGR3	4	5.7848e-02	6.3233e-03	0.037038	4
KRTAP4-2	4	5.7858e-02	6.3233e-03	0.037038	3
FATE1	4	5.7860e-02	6.3233e-03	0.037038	4
MAP3K13	4	5.7958e-02	6.3233e-03	0.037038	4
RBMY1J	4	5.7970e-02	6.3233e-03	0.037038	4
SPRR2A	4	5.8015e-02	6.3233e-03	0.037038	3
FANCM	4	5.8031e-02	6.3233e-03	0.037038	2
UBL4B	4	5.8062e-02	6.3233e-03	0.037038	4
LOC730183	4	5.8142e-02	6.3233e-03	0.037038	4
ZNF420	4	5.8154e-02	6.3233e-03	0.037038	4
FOXB2	4	5.8299e-02	6.3233e-03	0.037038	3
LILRB3	4	5.8386e-02	6.3233e-03	0.037038	2
RFC4	4	5.8424e-02	6.3233e-03	0.037038	4
PTPRU	4	5.8448e-02	6.3233e-03	0.037038	4
HSPB9	4	5.8458e-02	6.3916e-03	0.037373	3
CCDC152	4	5.8498e-02	6.3916e-03	0.037373	4
LIPK	4	5.8618e-02	6.3922e-03	0.037373	4
COX6C	4	5.8633e-02	6.3922e-03	0.037373	4
AUTS2	4	5.8639e-02	6.3922e-03	0.037373	4
CC2D1A	4	5.8643e-02	6.3922e-03	0.037373	3
PCDHB9	4	5.8759e-02	6.4600e-03	0.037747	3
NFU1	4	5.8834e-02	6.4600e-03	0.037747	2
LOC554223	4	5.8902e-02	6.5849e-03	0.038130	3
TNKS	4	5.8929e-02	6.5849e-03	0.038130	4
P2RX2	4	5.9022e-02	6.5849e-03	0.038130	4
PGBD3	4	5.9112e-02	6.5849e-03	0.038130	4
C1orf228	4	5.9121e-02	6.5849e-03	0.038130	4
ATOH8	4	5.9171e-02	6.5849e-03	0.038130	4
UBE2Z	4	5.9180e-02	6.5849e-03	0.038130	4
DBT	4	5.9214e-02	6.5849e-03	0.038130	4
ELAVL4	4	5.9221e-02	6.5849e-03	0.038130	4
KERA	4	5.9231e-02	6.5849e-03	0.038130	2
TAF15	4	5.9286e-02	6.5849e-03	0.038130	4
PIK3CB	4	5.9308e-02	6.5849e-03	0.038130	3
NCS1	4	5.9339e-02	6.5849e-03	0.038130	4
CTNNBL1	4	5.9339e-02	6.5849e-03	0.038130	4
TRIM49D2	4	5.9348e-02	6.5849e-03	0.038130	3
FOS	4	5.9364e-02	6.5854e-03	0.038130	4
HIST1H2BF	4	5.9429e-02	6.5854e-03	0.038130	2
C1GALT1	4	5.9509e-02	6.5854e-03	0.038130	3
NBPF4	4	5.9540e-02	6.5854e-03	0.038130	3
USMG5	4	5.9580e-02	6.5854e-03	0.038130	3
LMX1B	4	5.9607e-02	6.5854e-03	0.038130	4
SLC12A7	4	5.9688e-02	6.5854e-03	0.038130	4
TEAD4	4	5.9694e-02	6.5854e-03	0.038130	4
HIST3H3	4	5.9707e-02	6.5854e-03	0.038130	4
CALCA	4	5.9713e-02	6.5854e-03	0.038130	4
INSIG1	4	5.9763e-02	6.5854e-03	0.038130	4
MRPL36	4	5.9774e-02	6.5854e-03	0.038130	3
SMIM4	4	5.9785e-02	6.5854e-03	0.038130	4
HADHB	4	5.9808e-02	6.5854e-03	0.038130	3
MAP3K19	4	5.9814e-02	6.5854e-03	0.038130	3
SGMS1	4	5.9836e-02	6.6444e-03	0.038358	3
PCNXL4	4	5.9857e-02	6.6444e-03	0.038358	4
PROB1	4	5.9868e-02	6.6444e-03	0.038358	3
ANP32D	4	5.9869e-02	6.6444e-03	0.038358	4
CNIH1	4	5.9907e-02	6.6444e-03	0.038358	3
C19orf84	4	5.9941e-02	6.6444e-03	0.038358	3
AHCTF1	4	5.9954e-02	6.6444e-03	0.038358	4
PTPN20	4	6.0051e-02	6.6450e-03	0.038358	4
ARHGEF7	4	6.0057e-02	6.6450e-03	0.038358	4
TMEM252	4	6.0183e-02	6.6450e-03	0.038358	4
FOXI1	4	6.0253e-02	6.7227e-03	0.038772	3
CLEC18A	4	6.0258e-02	6.7227e-03	0.038772	4
RBMS1	4	6.0295e-02	6.7931e-03	0.038836	3
KISS1	4	6.0296e-02	6.7931e-03	0.038836	4
CD7	4	6.0384e-02	6.7931e-03	0.038836	4
SFXN3	4	6.0422e-02	6.7931e-03	0.038836	4
NACAD	4	6.0447e-02	6.7931e-03	0.038836	4
TMEM116	4	6.0517e-02	6.7931e-03	0.038836	4
THSD7A	4	6.0523e-02	6.7931e-03	0.038836	4
ZNF433	4	6.0641e-02	6.7931e-03	0.038836	2
AOC1	4	6.0643e-02	6.7931e-03	0.038836	4
GALT	4	6.0744e-02	6.7936e-03	0.038836	4
XPNPEP2	4	6.0747e-02	6.7936e-03	0.038836	3
TMCC3	4	6.0768e-02	6.7936e-03	0.038836	3
MGAT3	4	6.0788e-02	6.7936e-03	0.038836	4
HLA-DMB	4	6.0795e-02	6.7936e-03	0.038836	4
PKP3	4	6.0807e-02	6.7936e-03	0.038836	4
EPS8L1	4	6.0845e-02	6.7936e-03	0.038836	4
HPN	4	6.0858e-02	6.7936e-03	0.038836	4
CACNG1	4	6.0877e-02	6.7936e-03	0.038836	4
RASSF7	4	6.0942e-02	6.7936e-03	0.038836	3
CXCL14	4	6.0947e-02	6.7936e-03	0.038836	4
WNT4	4	6.0950e-02	6.7936e-03	0.038836	3
PRR14	4	6.0974e-02	6.7936e-03	0.038836	3
FOSB	4	6.0979e-02	6.7936e-03	0.038836	4
C1orf50	4	6.0979e-02	6.7936e-03	0.038836	4
CCNJ	4	6.1023e-02	6.7936e-03	0.038836	4
ASB6	4	6.1047e-02	6.7936e-03	0.038836	3
OR9Q1	4	6.1061e-02	6.7936e-03	0.038836	4
SPSB2	4	6.1074e-02	6.7936e-03	0.038836	4
DNAJC5	4	6.1087e-02	6.7936e-03	0.038836	4
PRSS53	4	6.1156e-02	6.8470e-03	0.038836	4
KLF4	4	6.1191e-02	6.8470e-03	0.038836	4
WDR49	4	6.1196e-02	6.8470e-03	0.038836	2
ITIH5	4	6.1226e-02	6.8470e-03	0.038836	3
SLC27A2	4	6.1226e-02	6.8470e-03	0.038836	4
TAAR2	4	6.1236e-02	6.8470e-03	0.038836	2
TTBK2	4	6.1290e-02	6.8470e-03	0.038836	4
C10orf142	4	6.1307e-02	6.8470e-03	0.038836	3
PYCARD	4	6.1309e-02	6.8470e-03	0.038836	4
ACVR1B	4	6.1328e-02	6.8470e-03	0.038836	4
RIMKLB	4	6.1335e-02	6.8470e-03	0.038836	4
CLEC18C	4	6.1482e-02	6.8470e-03	0.038836	4
USF2	4	6.1507e-02	6.8470e-03	0.038836	4
TPH1	4	6.1539e-02	6.8475e-03	0.038836	4
FBXO17	4	6.1561e-02	6.8475e-03	0.038836	4
TIMM50	4	6.1593e-02	6.8475e-03	0.038836	3
ST8SIA1	4	6.1646e-02	6.8475e-03	0.038836	3
RNF212	4	6.1661e-02	6.8475e-03	0.038836	4
MOV10	4	6.1705e-02	6.8475e-03	0.038836	4
LEFTY1	4	6.1718e-02	6.8475e-03	0.038836	4
BCAR1	4	6.1782e-02	6.8475e-03	0.038836	4
GFAP	4	6.1795e-02	6.8475e-03	0.038836	4
KIN	4	6.1808e-02	6.8475e-03	0.038836	3
HIST2H2AA4	4	6.1885e-02	6.8475e-03	0.038836	4
C2CD4C	4	6.1885e-02	6.8475e-03	0.038836	4
WDR4	4	6.1885e-02	6.8475e-03	0.038836	4
TMEM37	4	6.1903e-02	6.8475e-03	0.038836	3
AGTR1	4	6.2104e-02	7.0055e-03	0.039699	3
GDF10	4	6.2155e-02	7.0055e-03	0.039699	4
NAB2	4	6.2215e-02	7.0060e-03	0.039699	3
OR2T34	4	6.2368e-02	7.0376e-03	0.039819	4
SPTLC2	4	6.2368e-02	7.0376e-03	0.039819	4
KRT7	4	6.2368e-02	7.0376e-03	0.039819	4
MNT	4	6.2368e-02	7.0376e-03	0.039819	4
CBWD3	4	6.2368e-02	7.0376e-03	0.039819	4
XPO6	4	6.2497e-02	7.1464e-03	0.040423	4
KRTAP5-5	4	6.2643e-02	7.2241e-03	0.040850	3
ZCCHC16	4	6.2791e-02	7.3059e-03	0.041182	3
COL24A1	4	6.2916e-02	7.3059e-03	0.041182	2
KRTAP10-6	4	6.2930e-02	7.3059e-03	0.041182	3
ZNF736	4	6.2998e-02	7.3065e-03	0.041182	2
NME1-NME2	4	6.2998e-02	7.3065e-03	0.041182	3
ARHGEF2	4	6.3025e-02	7.3065e-03	0.041182	3
ABHD1	4	6.3056e-02	7.3065e-03	0.041182	3
FAM49A	4	6.3064e-02	7.3065e-03	0.041182	3
COL6A6	4	6.3161e-02	7.3065e-03	0.041182	2
CSDE1	4	6.3189e-02	7.3065e-03	0.041182	3
LRRC8E	4	6.3215e-02	7.3065e-03	0.041182	3
COPRS	4	6.3242e-02	7.4002e-03	0.041554	3
GPR179	4	6.3263e-02	7.4002e-03	0.041554	3
CD300E	4	6.3313e-02	7.4002e-03	0.041554	3
STOML2	4	6.3325e-02	7.4002e-03	0.041554	3
SUPT4H1	4	6.3433e-02	7.4002e-03	0.041554	2
IGSF3	4	6.3512e-02	7.4002e-03	0.041554	3
ASCL2	4	6.3705e-02	7.4002e-03	0.041554	2
AP4E1	4	6.3737e-02	7.4002e-03	0.041554	3
TSSK1B	4	6.3787e-02	7.4007e-03	0.041554	3
FCN1	4	6.4012e-02	7.4007e-03	0.041554	2
B4GALNT4	4	6.4088e-02	7.4007e-03	0.041554	3
C3orf35	4	6.4128e-02	7.4007e-03	0.041554	2
EML5	4	6.4205e-02	7.4007e-03	0.041554	3
PNCK	4	6.4288e-02	7.4857e-03	0.042007	3
PAIP2	4	6.4389e-02	7.4857e-03	0.042007	3
NFAT5	4	6.4704e-02	7.5556e-03	0.042303	2
MAGEB1	4	6.4733e-02	7.5556e-03	0.042303	3
OTUD4	4	6.4826e-02	7.5556e-03	0.042303	3
GJB5	4	6.4884e-02	7.5562e-03	0.042303	3
AGAP9	4	6.4901e-02	7.5562e-03	0.042303	3
HPR	4	6.4937e-02	7.5562e-03	0.042303	2
GOT2	4	6.5075e-02	7.5562e-03	0.042303	2
ZBTB25	4	6.5129e-02	7.5562e-03	0.042303	3
FLG2	4	6.5188e-02	7.6380e-03	0.042689	3
KRTAP5-9	4	6.5240e-02	7.6380e-03	0.042689	2
ZNF669	4	6.5295e-02	7.6380e-03	0.042689	3
FAM183A	4	6.5306e-02	7.6385e-03	0.042689	3
GRAMD3	4	6.5357e-02	7.6385e-03	0.042689	3
KIAA1161	4	6.5450e-02	7.6385e-03	0.042689	3
LAT	4	6.5584e-02	7.7235e-03	0.042878	3
SKA3	4	6.5612e-02	7.7235e-03	0.042878	2
GPER1	4	6.5636e-02	7.7235e-03	0.042878	3
MTRNR2L2	4	6.5687e-02	7.7235e-03	0.042878	3
ASB1	4	6.5713e-02	7.7235e-03	0.042878	3
TIGD3	4	6.5730e-02	7.7235e-03	0.042878	3
IL21	4	6.5768e-02	7.7235e-03	0.042878	3
FTMT	4	6.5819e-02	7.7235e-03	0.042878	3
ANKRD20A1	4	6.5849e-02	7.7235e-03	0.042878	3
MPP4	4	6.5857e-02	7.7235e-03	0.042878	3
HTN1	4	6.5874e-02	7.7235e-03	0.042878	3
FLRT2	4	6.5942e-02	7.7240e-03	0.042878	3
TSPAN3	4	6.5985e-02	7.7240e-03	0.042878	3
PIGA	4	6.6040e-02	7.7240e-03	0.042878	3
ARL16	4	6.6082e-02	7.7240e-03	0.042878	3
PXK	4	6.6109e-02	7.7240e-03	0.042878	3
STRBP	4	6.6155e-02	7.7240e-03	0.042878	3
RAB33B	4	6.6193e-02	7.7240e-03	0.042878	3
FBXL17	4	6.6206e-02	7.7240e-03	0.042878	3
OTUD3	4	6.6236e-02	7.7240e-03	0.042878	3
RBM48	4	6.6300e-02	7.7240e-03	0.042878	3
RFX5	4	6.6308e-02	7.7240e-03	0.042878	3
MGC57346-CRHR1	4	6.6325e-02	7.7240e-03	0.042878	3
PCDHB8	4	6.6445e-02	7.8090e-03	0.043065	3
PRAMEF5	4	6.6462e-02	7.8090e-03	0.043065	3
APOA2	4	6.6484e-02	7.8090e-03	0.043065	2
H3F3B	4	6.6525e-02	7.8090e-03	0.043065	3
ACAD10	4	6.6539e-02	7.8090e-03	0.043065	3
TBX1	4	6.6547e-02	7.8090e-03	0.043065	3
OPRD1	4	6.6556e-02	7.8090e-03	0.043065	3
GRK6	4	6.6573e-02	7.8090e-03	0.043065	3
HNRNPK	4	6.6581e-02	7.8090e-03	0.043065	2
STAC3	4	6.6821e-02	7.8090e-03	0.043065	3
PRAME	4	6.6915e-02	7.8095e-03	0.043065	3
GALNT9	4	6.6970e-02	7.8095e-03	0.043065	3
IFT80	4	6.7036e-02	7.8095e-03	0.043065	3
VIP	4	6.7053e-02	7.8095e-03	0.043065	3
LRRC8B	4	6.7061e-02	7.8095e-03	0.043065	3
RSPH10B	4	6.7121e-02	7.8095e-03	0.043065	3
KRT14	4	6.7161e-02	7.8095e-03	0.043065	2
CDH23	4	6.7203e-02	7.8095e-03	0.043065	3
MAGEA5	4	6.7233e-02	7.8095e-03	0.043065	3
RHOQ	4	6.7234e-02	7.8095e-03	0.043065	2
PPP1R21	4	6.7259e-02	7.8095e-03	0.043065	3
DPM3	4	6.7262e-02	7.8095e-03	0.043065	2
KIAA1407	4	6.7276e-02	7.8095e-03	0.043065	2
EIF4ENIF1	4	6.7466e-02	7.8965e-03	0.043410	3
RFPL4A	4	6.7534e-02	7.8965e-03	0.043410	3
PTTG1	4	6.7555e-02	7.8965e-03	0.043410	3
HIST1H2BK	4	6.7569e-02	7.8965e-03	0.043410	3
ALX3	4	6.7597e-02	7.8965e-03	0.043410	3
MTRF1L	4	6.7664e-02	7.8965e-03	0.043410	3
LRRC45	4	6.7819e-02	7.8970e-03	0.043410	3
OR10H5	4	6.7906e-02	7.8970e-03	0.043410	3
NEK2	4	6.8044e-02	7.8970e-03	0.043410	3
CLPS	4	6.8059e-02	7.8970e-03	0.043410	2
AKT1	4	6.8073e-02	7.8970e-03	0.043410	3
A3GALT2	4	6.8087e-02	7.9840e-03	0.043841	3
C8orf22	4	6.8131e-02	7.9840e-03	0.043841	3
RARRES1	4	6.8143e-02	7.9840e-03	0.043841	2
PTPRA	4	6.8183e-02	7.9846e-03	0.043841	3
XAGE1B	4	6.8255e-02	8.0845e-03	0.044354	2
C11orf80	4	6.8318e-02	8.0845e-03	0.044354	3
LACTBL1	4	6.8435e-02	8.0851e-03	0.044354	3
STRADA	4	6.8592e-02	8.1845e-03	0.044887	2
GPATCH8	4	6.8697e-02	8.2762e-03	0.045351	3
NQO1	4	6.8713e-02	8.2762e-03	0.045351	3
HIATL1	4	6.8748e-02	8.2762e-03	0.045351	3
TMEM40	4	6.8824e-02	8.3720e-03	0.045850	2
ERBB4	4	6.8852e-02	8.3720e-03	0.045850	3
MAST2	4	6.8957e-02	8.4767e-03	0.046148	3
DENND6A	4	6.8975e-02	8.4767e-03	0.046148	3
ST13	4	6.9010e-02	8.4767e-03	0.046148	3
C11orf91	4	6.9141e-02	8.4767e-03	0.046148	2
ASTN1	4	6.9149e-02	8.4767e-03	0.046148	3
ASCL5	4	6.9219e-02	8.4767e-03	0.046148	3
OR11H12	4	6.9267e-02	8.4767e-03	0.046148	3
IFT20	4	6.9338e-02	8.4767e-03	0.046148	2
MTMR4	4	6.9342e-02	8.4767e-03	0.046148	3
RAB4B	4	6.9386e-02	8.4767e-03	0.046148	3
FAM214A	4	6.9394e-02	8.4767e-03	0.046148	2
OR51I2	4	6.9447e-02	8.4767e-03	0.046148	3
WTH3DI	4	6.9507e-02	8.4767e-03	0.046148	2
EDDM3B	4	6.9536e-02	8.4767e-03	0.046148	3
MMP27	4	6.9565e-02	8.4772e-03	0.046148	3
KRT34	4	6.9622e-02	8.4772e-03	0.046148	3
MAPK11	4	6.9889e-02	8.4772e-03	0.046148	2
TRANK1	4	6.9903e-02	8.4772e-03	0.046148	3
CTRB2	4	6.9921e-02	8.4772e-03	0.046148	3
SLC25A31	4	6.9948e-02	8.4772e-03	0.046148	3
NGFR	4	7.0186e-02	8.4772e-03	0.046148	3
GPRC5B	4	7.0265e-02	8.5751e-03	0.046617	3
FAM110C	4	7.0314e-02	8.5751e-03	0.046617	3
BRPF1	4	7.0343e-02	8.5756e-03	0.046617	2
LOC149373	4	7.0428e-02	8.5756e-03	0.046617	3
UBC	4	7.0477e-02	8.5756e-03	0.046617	3
ERGIC2	3	7.0488e-02	1.5834e-02	0.074523	3
ZCWPW2	4	7.0506e-02	8.6818e-03	0.047050	2
HECTD3	4	7.0654e-02	8.6818e-03	0.047050	3
BHMT	4	7.0685e-02	8.6818e-03	0.047050	3
IQCF2	4	7.0716e-02	8.6818e-03	0.047050	3
BTBD7	4	7.0812e-02	8.6818e-03	0.047050	3
VCX2	4	7.0883e-02	8.6818e-03	0.047050	3
ZNF679	4	7.0983e-02	8.6818e-03	0.047050	2
RNF39	3	7.0988e-02	1.6367e-02	0.076596	2
POTEG	4	7.0997e-02	8.6818e-03	0.047050	3
TMTC4	4	7.1068e-02	8.6818e-03	0.047050	3
ZNF773	4	7.1311e-02	8.6823e-03	0.047050	3
GFPT1	4	7.1346e-02	8.6823e-03	0.047050	3
AMY1B	4	7.1725e-02	8.7922e-03	0.047433	3
CTSL	4	7.1796e-02	8.7922e-03	0.047433	2
SF3A2	4	7.1865e-02	8.7922e-03	0.047433	3
ETNK1	4	7.1882e-02	8.7922e-03	0.047433	3
PRAMEF1	4	7.1925e-02	8.7922e-03	0.047433	3
LHX2	4	7.1983e-02	8.7922e-03	0.047433	3
NTRK3	4	7.2061e-02	8.7922e-03	0.047433	3
GJA8	4	7.2097e-02	8.7922e-03	0.047433	2
FUBP1	4	7.2128e-02	8.7922e-03	0.047433	3
CDKN2AIPNL	4	7.2173e-02	8.7922e-03	0.047433	3
CABIN1	4	7.2248e-02	8.7927e-03	0.047433	3
LEMD3	4	7.2248e-02	8.7927e-03	0.047433	3
SERINC3	4	7.2591e-02	8.7927e-03	0.047433	3
GJB4	4	7.2672e-02	8.7927e-03	0.047433	3
BMP8B	4	7.2699e-02	8.7927e-03	0.047433	3
VPS11	4	7.2717e-02	8.7927e-03	0.047433	3
TACR2	4	7.2870e-02	8.8673e-03	0.047717	3
WI2-2373I1.2	4	7.3023e-02	8.8678e-03	0.047717	3
SAT1	4	7.3096e-02	8.8678e-03	0.047717	3
MAPK12	4	7.3118e-02	8.8678e-03	0.047717	2
OR4C3	4	7.3146e-02	8.8678e-03	0.047717	3
BCL6	4	7.3168e-02	8.8678e-03	0.047717	3
GBP1	4	7.3175e-02	8.8678e-03	0.047717	3
PPAPDC3	4	7.3185e-02	8.8678e-03	0.047717	2
SYTL5	4	7.3186e-02	8.8678e-03	0.047717	3
H6PD	4	7.3213e-02	8.9704e-03	0.048095	3
SAPCD1	4	7.3222e-02	8.9704e-03	0.048095	3
KPNA1	4	7.3403e-02	8.9704e-03	0.048095	3
SETDB2	4	7.3551e-02	8.9704e-03	0.048095	3
DYNC2H1	4	7.3602e-02	8.9704e-03	0.048095	3
APOL5	4	7.3711e-02	8.9704e-03	0.048095	3
HIST1H2BJ	4	7.3757e-02	8.9709e-03	0.048095	3
RFX1	4	7.3820e-02	8.9709e-03	0.048095	3
FOXK2	4	7.3861e-02	8.9709e-03	0.048095	3
ANTXR2	4	7.3970e-02	8.9709e-03	0.048095	3
ELMSAN1	4	7.4002e-02	8.9709e-03	0.048095	3
LCN1	4	7.4158e-02	8.9709e-03	0.048095	2
CTSG	4	7.4193e-02	8.9709e-03	0.048095	3
EAF1	4	7.4289e-02	9.0553e-03	0.048524	3
TMEM206	4	7.4440e-02	9.0558e-03	0.048524	3
DUSP27	4	7.4467e-02	9.1693e-03	0.049011	3
ZNF518B	4	7.4503e-02	9.1693e-03	0.049011	3
B3GNT3	4	7.4565e-02	9.1693e-03	0.049011	3
RNF123	4	7.4650e-02	9.1693e-03	0.049011	3
ZNF492	4	7.4666e-02	9.1693e-03	0.049011	3
RNF187	4	7.4677e-02	9.1693e-03	0.049011	3
KDR	4	7.5007e-02	9.1698e-03	0.049011	3
ACIN1	4	7.5039e-02	9.1698e-03	0.049011	3
MAP4K2	4	7.5053e-02	9.1698e-03	0.049011	3
C4orf33	4	7.5147e-02	9.2858e-03	0.049589	2
YTHDC2	4	7.5161e-02	9.2858e-03	0.049589	2
ADCYAP1R1	4	7.5163e-02	9.2858e-03	0.049589	3
DEFB118	4	7.5424e-02	9.3682e-03	0.049893	3
SERHL2	4	7.5430e-02	9.3682e-03	0.049893	1
RELB	4	7.5475e-02	9.3682e-03	0.049893	3
SLC10A6	4	7.5531e-02	9.3682e-03	0.049893	3
PIGV	4	7.5623e-02	9.3682e-03	0.049893	3
SMEK2	4	7.5686e-02	9.3687e-03	0.049893	2
VASH1	4	7.5687e-02	9.3687e-03	0.049893	3
HDGFRP2	4	7.5752e-02	9.3687e-03	0.049893	3
FRS2	3	7.5786e-02	1.7180e-02	0.079777	3
NCOA1	4	7.5906e-02	9.3687e-03	0.049893	2
TRAPPC6B	4	7.5918e-02	9.3687e-03	0.049893	3
PHKG1	4	7.6020e-02	9.4801e-03	0.050404	3
CCDC79	4	7.6067e-02	9.4801e-03	0.050404	3
ZNF629	4	7.6126e-02	9.4801e-03	0.050404	3
GOLGA8R	4	7.6184e-02	9.4801e-03	0.050404	3
CHIC2	4	7.6279e-02	9.4806e-03	0.050404	3
OR11H6	4	7.6293e-02	9.4806e-03	0.050404	3
FAM127B	4	7.6650e-02	9.5946e-03	0.050914	3
R3HCC1	4	7.6733e-02	9.5946e-03	0.050914	3
RPL29	4	7.6844e-02	9.5951e-03	0.050914	3
CDRT15L2	4	7.6844e-02	9.5951e-03	0.050914	3
UAP1	4	7.6919e-02	9.5951e-03	0.050914	3
NDUFB4	4	7.6994e-02	9.5951e-03	0.050914	3
SNAP23	4	7.7039e-02	9.5951e-03	0.050914	2
HEYL	4	7.7115e-02	9.7225e-03	0.051026	3
CCDC88B	4	7.7301e-02	9.7225e-03	0.051026	3
FAM185A	4	7.7315e-02	9.7225e-03	0.051026	3
ZNF618	4	7.7320e-02	9.7225e-03	0.051026	3
MPHOSPH6	4	7.7433e-02	9.7225e-03	0.051026	3
PCSK9	4	7.7484e-02	9.7225e-03	0.051026	3
EFR3A	4	7.7507e-02	9.7225e-03	0.051026	3
APH1A	4	7.7551e-02	9.7225e-03	0.051026	2
APOLD1	4	7.7563e-02	9.7225e-03	0.051026	3
NMNAT2	4	7.7572e-02	9.7225e-03	0.051026	3
AKAP1	4	7.7610e-02	9.7225e-03	0.051026	3
PSMD3	4	7.7623e-02	9.7225e-03	0.051026	2
OLFML2A	4	7.7638e-02	9.7225e-03	0.051026	3
DPEP2	4	7.8031e-02	9.7225e-03	0.051026	3
PRAMEF17	4	7.8039e-02	9.7225e-03	0.051026	3
CRABP2	4	7.8219e-02	9.7225e-03	0.051026	3
PREX2	4	7.8323e-02	9.7225e-03	0.051026	3
CORO7-PAM16	4	7.8407e-02	9.7225e-03	0.051026	3
POU5F2	4	7.8436e-02	9.7230e-03	0.051026	3
AGBL5	4	7.8453e-02	9.7230e-03	0.051026	3
TMSB10	4	7.8616e-02	9.7230e-03	0.051026	2
BMP15	4	7.8676e-02	9.7230e-03	0.051026	2
TMEM240	4	7.8705e-02	9.7230e-03	0.051026	3
FUT3	4	7.8735e-02	9.7230e-03	0.051026	2
RNF4	4	7.8841e-02	9.7230e-03	0.051026	3
MMGT1	4	7.8898e-02	9.7230e-03	0.051026	3
PGRMC2	4	7.8954e-02	9.7230e-03	0.051026	3
NISCH	4	7.9121e-02	9.7230e-03	0.051026	2
LCE2A	4	7.9188e-02	9.7230e-03	0.051026	2
LRWD1	4	7.9323e-02	9.7230e-03	0.051026	3
PTPN9	4	7.9329e-02	9.7230e-03	0.051026	3
TMEM191C	4	7.9344e-02	9.7230e-03	0.051026	3
MYL6	4	7.9389e-02	9.7230e-03	0.051026	3
VPS18	4	7.9463e-02	9.7230e-03	0.051026	3
CAPRIN1	4	7.9523e-02	9.7230e-03	0.051026	3
MARCHF2	8	7.9543e-02	6.7035e-03	0.038685	6
OR11H2	4	7.9674e-02	9.7230e-03	0.051026	3
BARHL1	4	7.9731e-02	9.7230e-03	0.051026	3
CCDC144NL	4	7.9732e-02	9.7230e-03	0.051026	3
RECK	4	7.9760e-02	9.7230e-03	0.051026	3
BCOR	4	7.9779e-02	9.7230e-03	0.051026	3
AGAP6	4	7.9864e-02	9.8546e-03	0.051620	3
GOLGA8N	4	7.9866e-02	9.8546e-03	0.051620	2
DYNC1LI2	4	7.9912e-02	9.8546e-03	0.051620	3
IDE	4	7.9922e-02	9.8546e-03	0.051620	3
ASIC4	4	7.9969e-02	9.8546e-03	0.051620	3
TMEM167B	4	8.0026e-02	9.8551e-03	0.051620	3
ZBED2	4	8.0150e-02	9.8551e-03	0.051620	3
ANAPC15	4	8.0389e-02	9.9810e-03	0.052168	3
ZNF354C	4	8.0404e-02	9.9810e-03	0.052168	3
DGKK	4	8.0434e-02	9.9810e-03	0.052168	2
METTL12	4	8.0475e-02	9.9810e-03	0.052168	3
IFNLR1	4	8.0644e-02	9.9815e-03	0.052168	2
LOX	4	8.0695e-02	9.9815e-03	0.052168	3
SIRT4	4	8.0752e-02	9.9815e-03	0.052168	3
GALNT3	4	8.0829e-02	9.9815e-03	0.052168	3
TFAP2E	4	8.0958e-02	1.0091e-02	0.052641	2
TP53BP2	4	8.0972e-02	1.0091e-02	0.052641	3
MRPL15	4	8.1139e-02	1.0091e-02	0.052641	3
PCGF2	4	8.1184e-02	1.0091e-02	0.052641	3
ZNF12	4	8.1212e-02	1.0091e-02	0.052641	3
PRR18	4	8.1229e-02	1.0091e-02	0.052641	3
TOMM6	4	8.1289e-02	1.0091e-02	0.052641	3
RCSD1	4	8.1395e-02	1.0215e-02	0.053113	3
PDCD2L	4	8.1443e-02	1.0215e-02	0.053113	3
GAK	4	8.1501e-02	1.0215e-02	0.053113	3
IL1RN	4	8.1609e-02	1.0215e-02	0.053113	1
GALR3	4	8.1665e-02	1.0215e-02	0.053113	3
FTO	4	8.1838e-02	1.0215e-02	0.053113	3
VWA9	4	8.1876e-02	1.0215e-02	0.053113	2
BPIFA2	4	8.1877e-02	1.0215e-02	0.053113	3
TECTA	4	8.1936e-02	1.0215e-02	0.053113	2
PAPD7	4	8.1993e-02	1.0215e-02	0.053113	3
MALSU1	4	8.2155e-02	1.0215e-02	0.053113	2
RNF26	4	8.2186e-02	1.0215e-02	0.053113	3
CENPJ	4	8.2418e-02	1.0589e-02	0.054983	3
PTPN5	4	8.2438e-02	1.0589e-02	0.054983	3
ITGB7	4	8.2491e-02	1.0589e-02	0.054983	3
NPPB	4	8.2555e-02	1.0589e-02	0.054983	3
BCO1	4	8.2748e-02	1.0589e-02	0.054983	3
ATP5G3	4	8.2797e-02	1.0710e-02	0.055177	2
SLITRK5	4	8.2812e-02	1.0710e-02	0.055177	2
IFRD1	4	8.2827e-02	1.0710e-02	0.055177	2
EIF3K	4	8.2888e-02	1.0710e-02	0.055177	3
BTNL3	4	8.3040e-02	1.0710e-02	0.055177	3
PLG	4	8.3070e-02	1.0710e-02	0.055177	2
GABRQ	4	8.3195e-02	1.0710e-02	0.055177	3
ADAMTSL2	4	8.3225e-02	1.0710e-02	0.055177	3
FKBP10	4	8.3259e-02	1.0710e-02	0.055177	3
SERINC5	4	8.3361e-02	1.0710e-02	0.055177	3
ABHD10	4	8.3464e-02	1.0710e-02	0.055177	3
KCNJ1	4	8.3537e-02	1.0710e-02	0.055177	3
PNMA5	4	8.3566e-02	1.0710e-02	0.055177	3
TJP1	4	8.3576e-02	1.0710e-02	0.055177	3
TRMT10A	4	8.3639e-02	1.0710e-02	0.055177	2
KIF21B	4	8.3713e-02	1.0710e-02	0.055177	3
FIP1L1	4	8.3882e-02	1.0710e-02	0.055177	3
CTAGE4	4	8.3913e-02	1.0710e-02	0.055177	3
NAAA	4	8.3977e-02	1.0710e-02	0.055177	3
ATP5L2	4	8.3996e-02	1.0710e-02	0.055177	2
RPH3AL	4	8.3997e-02	1.0710e-02	0.055177	3
OR4D6	4	8.4065e-02	1.0710e-02	0.055177	3
ALKBH7	4	8.4409e-02	1.0710e-02	0.055177	3
ZNF774	4	8.4477e-02	1.0710e-02	0.055177	3
FBLN5	4	8.4517e-02	1.0710e-02	0.055177	3
TRIM23	4	8.4546e-02	1.0710e-02	0.055177	3
RUSC1-AS1	4	8.4615e-02	1.0710e-02	0.055177	3
UBE3D	4	8.4743e-02	1.0710e-02	0.055177	3
DLL4	4	8.4743e-02	1.0710e-02	0.055177	2
SLC15A2	4	8.4910e-02	1.1010e-02	0.056343	3
SAMD7	4	8.4920e-02	1.1010e-02	0.056343	3
ING3	3	8.4991e-02	1.8853e-02	0.086041	3
TRMT10C	4	8.5001e-02	1.1010e-02	0.056343	1
DUSP12	4	8.5019e-02	1.1010e-02	0.056343	3
MCU	4	8.5034e-02	1.1010e-02	0.056343	3
FAM86B1	4	8.5039e-02	1.1010e-02	0.056343	3
KCNK12	4	8.5068e-02	1.1010e-02	0.056343	3
S100A2	4	8.5098e-02	1.1010e-02	0.056343	3
MS4A4A	4	8.5137e-02	1.1010e-02	0.056343	3
C2CD4A	4	8.5305e-02	1.1010e-02	0.056343	3
OR6N1	4	8.5414e-02	1.1010e-02	0.056343	3
TMEM232	4	8.5424e-02	1.1010e-02	0.056343	3
KRT86	4	8.5444e-02	1.1010e-02	0.056343	3
SEMA6B	4	8.5447e-02	1.1010e-02	0.056343	3
GID4	4	8.5447e-02	1.1010e-02	0.056343	2
GDF6	4	8.5661e-02	1.1010e-02	0.056343	3
LOC728392	4	8.5692e-02	1.1010e-02	0.056343	2
NWD1	4	8.5701e-02	1.1010e-02	0.056343	3
SORT1	4	8.5753e-02	1.1010e-02	0.056343	2
PADI2	4	8.5769e-02	1.1010e-02	0.056343	3
CBLL1	4	8.5850e-02	1.1010e-02	0.056343	3
TRIM39-RPP21	4	8.5892e-02	1.1010e-02	0.056343	3
OTOS	4	8.6108e-02	1.1010e-02	0.056343	3
SLC35A1	4	8.6118e-02	1.1010e-02	0.056343	3
ARL5A	4	8.6276e-02	1.1010e-02	0.056343	2
HIST1H2AK	4	8.6327e-02	1.1160e-02	0.057063	3
SRP14	4	8.6379e-02	1.1160e-02	0.057063	2
SLC16A12	4	8.6401e-02	1.1160e-02	0.057063	3
SEPP1	4	8.6466e-02	1.1265e-02	0.057542	3
NIF3L1	4	8.6476e-02	1.1265e-02	0.057542	3
DESI2	4	8.6491e-02	1.1265e-02	0.057542	3
CEP170	4	8.6614e-02	1.1266e-02	0.057542	3
SLC25A39	4	8.6666e-02	1.1538e-02	0.058855	3
AMER3	4	8.6730e-02	1.1538e-02	0.058855	3
C1QBP	4	8.6745e-02	1.1538e-02	0.058855	3
PAPSS1	4	8.6825e-02	1.1538e-02	0.058855	3
SMIM9	4	8.6845e-02	1.1538e-02	0.058855	3
RNF133	4	8.6965e-02	1.1686e-02	0.059455	3
SRSF12	4	8.7035e-02	1.1686e-02	0.059455	3
SAFB2	4	8.7061e-02	1.1686e-02	0.059455	3
C10orf76	4	8.7432e-02	1.1687e-02	0.059455	2
GOLGA8O	4	8.7463e-02	1.1687e-02	0.059455	3
ACTN3	4	8.7486e-02	1.1687e-02	0.059455	3
ALB	4	8.7506e-02	1.1687e-02	0.059455	3
USP17L27	4	8.7587e-02	1.1687e-02	0.059455	3
NUP107	4	8.7712e-02	1.1687e-02	0.059455	3
GABBR2	4	8.7749e-02	1.1687e-02	0.059455	3
DSCAM	4	8.7819e-02	1.1837e-02	0.059679	2
EFNB2	4	8.7828e-02	1.1837e-02	0.059679	1
KCNE2	4	8.7828e-02	1.1837e-02	0.059679	3
PRCC	4	8.7850e-02	1.1837e-02	0.059679	3
CD200R1L	4	8.7953e-02	1.1837e-02	0.059679	3
SYCP1	4	8.7958e-02	1.1837e-02	0.059679	2
TBC1D28	4	8.7968e-02	1.1837e-02	0.059679	3
PUS7	4	8.7998e-02	1.1837e-02	0.059679	3
CRISP1	4	8.8179e-02	1.1837e-02	0.059679	3
RIOK2	4	8.8250e-02	1.1837e-02	0.059679	3
YES1	4	8.8253e-02	1.1837e-02	0.059679	2
CYP7B1	4	8.8260e-02	1.1837e-02	0.059679	3
ZNF284	4	8.8315e-02	1.1837e-02	0.059679	2
GSC2	4	8.8401e-02	1.1837e-02	0.059679	3
AGRN	4	8.8441e-02	1.1837e-02	0.059679	3
IFITM5	4	8.8452e-02	1.1837e-02	0.059679	3
GSTM4	4	8.8623e-02	1.1837e-02	0.059679	3
RAB8A	4	8.8633e-02	1.1837e-02	0.059679	3
MICU1	4	8.8641e-02	1.1837e-02	0.059679	3
SRXN1	4	8.8643e-02	1.1837e-02	0.059679	3
DLX6	4	8.8689e-02	1.1837e-02	0.059679	3
MEF2A	4	8.8724e-02	1.1837e-02	0.059679	3
ZKSCAN3	4	8.8765e-02	1.1837e-02	0.059679	3
RGPD6	4	8.8815e-02	1.1837e-02	0.059679	3
TOMM40L	4	8.8846e-02	1.1837e-02	0.059679	3
CHRNA7	4	8.8906e-02	1.1837e-02	0.059679	3
KRT13	4	8.9058e-02	1.1837e-02	0.059679	3
TEX264	4	8.9061e-02	1.1837e-02	0.059679	2
PVRL2	4	8.9139e-02	1.1837e-02	0.059679	3
LOC391003	4	8.9150e-02	1.1837e-02	0.059679	3
GAN	4	8.9231e-02	1.1837e-02	0.059679	3
CCDC166	4	8.9322e-02	1.1837e-02	0.059679	3
ZNF502	2	8.9390e-02	1.5502e-02	0.073285	2
GABBR1	4	8.9454e-02	1.1837e-02	0.059679	3
KIRREL2	4	8.9464e-02	1.1837e-02	0.059679	3
RUNX1T1	4	8.9591e-02	1.1977e-02	0.060294	2
RAD17	4	8.9606e-02	1.1977e-02	0.060294	3
BRD8	4	8.9638e-02	1.1977e-02	0.060294	2
GMEB1	4	8.9731e-02	1.1977e-02	0.060294	3
BPIFB6	4	8.9841e-02	1.1978e-02	0.060294	3
TREX2	4	8.9966e-02	1.1978e-02	0.060294	3
KRT84	4	9.0085e-02	1.2137e-02	0.060741	3
PIWIL1	4	9.0126e-02	1.2137e-02	0.060741	3
SLC27A1	4	9.0187e-02	1.2137e-02	0.060741	3
USP45	4	9.0200e-02	1.2137e-02	0.060741	3
UBE2C	4	9.0269e-02	1.2137e-02	0.060741	3
OR10K1	4	9.0310e-02	1.2137e-02	0.060741	2
NPM3	4	9.0391e-02	1.2137e-02	0.060741	3
SNX3	4	9.0419e-02	1.2137e-02	0.060741	2
LMAN2	4	9.0482e-02	1.2137e-02	0.060741	2
GABPB1	4	9.0535e-02	1.2292e-02	0.060741	3
LEAP2	4	9.0545e-02	1.2292e-02	0.060741	3
TBC1D23	4	9.0592e-02	1.2292e-02	0.060741	3
RANBP2	4	9.0701e-02	1.2292e-02	0.060741	3
RILPL1	4	9.0806e-02	1.2292e-02	0.060741	3
TPSAB1	4	9.0852e-02	1.2292e-02	0.060741	3
FGF12	4	9.0905e-02	1.2292e-02	0.060741	2
CBWD6	4	9.0921e-02	1.2292e-02	0.060741	2
KREMEN1	4	9.1007e-02	1.2292e-02	0.060741	3
HNRNPCL4	4	9.1007e-02	1.2292e-02	0.060741	3
ZNF77	4	9.1047e-02	1.2292e-02	0.060741	3
CILP	4	9.1078e-02	1.2292e-02	0.060741	3
TPP1	4	9.1088e-02	1.2292e-02	0.060741	3
DNASE2B	4	9.1221e-02	1.2292e-02	0.060741	3
CAPN15	4	9.1355e-02	1.2292e-02	0.060741	3
SKI	4	9.1407e-02	1.2292e-02	0.060741	3
ANXA4	4	9.1448e-02	1.2292e-02	0.060741	3
NPAS4	4	9.1471e-02	1.2292e-02	0.060741	2
TAB3	4	9.1612e-02	1.2292e-02	0.060741	3
MT1F	4	9.1684e-02	1.2292e-02	0.060741	3
MROH7	4	9.1699e-02	1.2292e-02	0.060741	2
NBEAL1	4	9.1911e-02	1.2292e-02	0.060741	2
TAF7L	4	9.1932e-02	1.2292e-02	0.060741	3
RAB5A	4	9.1984e-02	1.2292e-02	0.060741	3
MICALCL	4	9.1997e-02	1.2292e-02	0.060741	1
PLEKHD1	4	9.2056e-02	1.2292e-02	0.060741	3
CENPE	4	9.2149e-02	1.2292e-02	0.060741	3
TVP23C	4	9.2221e-02	1.2292e-02	0.060741	3
CD163L1	4	9.2242e-02	1.2292e-02	0.060741	3
TIA1	4	9.2283e-02	1.2292e-02	0.060741	3
OPN1LW	4	9.2304e-02	1.2292e-02	0.060741	3
SELP	4	9.2335e-02	1.2292e-02	0.060741	3
CFI	4	9.2345e-02	1.2292e-02	0.060741	3
SLAIN2	4	9.2376e-02	1.2292e-02	0.060741	3
SOX17	4	9.2416e-02	1.2292e-02	0.060741	2
RPL22L1	4	9.2511e-02	1.2292e-02	0.060741	3
CNTN1	4	9.2589e-02	1.2292e-02	0.060741	3
TRMT12	4	9.2606e-02	1.2292e-02	0.060741	3
NXF2	4	9.2687e-02	1.2292e-02	0.060741	3
FHL1	4	9.2697e-02	1.2292e-02	0.060741	3
EVPLL	4	9.2708e-02	1.2292e-02	0.060741	3
GRAPL	4	9.2729e-02	1.2292e-02	0.060741	3
ZNF25	4	9.2764e-02	1.2292e-02	0.060741	2
STC2	4	9.2843e-02	1.2292e-02	0.060741	3
OR13C4	4	9.2874e-02	1.2292e-02	0.060741	3
HIST3H2BB	4	9.2874e-02	1.2292e-02	0.060741	3
OR4K1	4	9.2938e-02	1.2292e-02	0.060741	3
FAM32A	4	9.2978e-02	1.2292e-02	0.060741	3
SCNN1B	4	9.2988e-02	1.2292e-02	0.060741	3
GAREML	4	9.2998e-02	1.2292e-02	0.060741	3
TTC23	4	9.3206e-02	1.2292e-02	0.060741	3
ASB13	4	9.3207e-02	1.2292e-02	0.060741	3
LAPTM4B	4	9.3381e-02	1.2292e-02	0.060741	3
KCNJ9	4	9.3383e-02	1.2292e-02	0.060741	3
BOLA2	4	9.3415e-02	1.2292e-02	0.060741	3
DAAM2	4	9.3446e-02	1.2292e-02	0.060741	3
SPAG16	4	9.3529e-02	1.2292e-02	0.060741	3
ZSCAN5B	4	9.3540e-02	1.2292e-02	0.060741	3
CAMK2N2	4	9.3540e-02	1.2292e-02	0.060741	3
CD300LF	4	9.3571e-02	1.2292e-02	0.060741	3
NFATC2	4	9.3696e-02	1.2292e-02	0.060741	3
SPSB4	4	9.3712e-02	1.2292e-02	0.060741	3
C9orf170	4	9.3762e-02	1.2452e-02	0.061436	2
CFHR1	4	9.3779e-02	1.2452e-02	0.061436	3
KRTAP20-3	4	9.3841e-02	1.2452e-02	0.061436	3
OR2D2	4	9.3889e-02	1.2453e-02	0.061436	3
PYGO1	4	9.3967e-02	1.2453e-02	0.061436	3
EML6	4	9.3984e-02	1.2453e-02	0.061436	3
ELSPBP1	4	9.4103e-02	1.2638e-02	0.062114	3
CNKSR3	4	9.4135e-02	1.2638e-02	0.062114	3
AQP5	4	9.4191e-02	1.2638e-02	0.062114	2
EME2	4	9.4218e-02	1.2638e-02	0.062114	3
ZBTB3	4	9.4386e-02	1.2638e-02	0.062114	3
SMNDC1	4	9.4509e-02	1.2638e-02	0.062114	3
OR8K5	4	9.4522e-02	1.2638e-02	0.062114	3
GLRA1	4	9.4564e-02	1.2638e-02	0.062114	3
ZNF671	4	9.4638e-02	1.2638e-02	0.062114	3
ZNF844	4	9.4652e-02	1.2638e-02	0.062114	2
SVIP	4	9.4659e-02	1.2638e-02	0.062114	3
TTYH1	4	9.4680e-02	1.2638e-02	0.062114	3
SPINK14	4	9.4722e-02	1.2638e-02	0.062114	3
CIR1	4	9.4811e-02	1.2638e-02	0.062114	3
COL4A4	4	9.4890e-02	1.2638e-02	0.062114	3
LANCL2	4	9.4947e-02	1.2797e-02	0.062782	2
RHOT1	4	9.4947e-02	1.2797e-02	0.062782	3
SIK3	4	9.4995e-02	1.2797e-02	0.062782	3
AIFM2	4	9.5016e-02	1.2797e-02	0.062782	3
KLF17	4	9.5037e-02	1.2797e-02	0.062782	3
RC3H1	4	9.5072e-02	1.2798e-02	0.062782	3
RSPH10B2	4	9.5139e-02	1.2798e-02	0.062782	2
FOXN3	4	9.5274e-02	1.2955e-02	0.063538	2
RABIF	4	9.5450e-02	1.3128e-02	0.064368	2
MAMDC2	4	9.5479e-02	1.3303e-02	0.064714	3
PDK1	4	9.5543e-02	1.3303e-02	0.064714	3
SH3GLB2	4	9.5602e-02	1.3303e-02	0.064714	3
UGT2A1	4	9.5669e-02	1.3303e-02	0.064714	3
PCDHAC2	4	9.5706e-02	1.3303e-02	0.064714	2
WBP2	4	9.5770e-02	1.3303e-02	0.064714	3
EGFLAM	4	9.5849e-02	1.3303e-02	0.064714	3
ZNF362	4	9.5912e-02	1.3303e-02	0.064714	3
TNFRSF1A	4	9.5930e-02	1.3303e-02	0.064714	3
OR52A1	4	9.5954e-02	1.3303e-02	0.064714	2
TRUB1	4	9.6042e-02	1.3303e-02	0.064714	2
AMER1	4	9.6230e-02	1.3303e-02	0.064714	3
MEX3B	4	9.6379e-02	1.3303e-02	0.064714	3
P2RY1	4	9.6389e-02	1.3303e-02	0.064714	3
NUP153	4	9.6410e-02	1.3303e-02	0.064714	3
MCOLN2	4	9.6420e-02	1.3303e-02	0.064714	3
MAPT	4	9.6505e-02	1.3303e-02	0.064714	3
LPCAT4	4	9.6558e-02	1.3303e-02	0.064714	3
ATXN7L2	4	9.6668e-02	1.3303e-02	0.064714	3
REG1A	4	9.6708e-02	1.3303e-02	0.064714	3
PKD1L1	4	9.6845e-02	1.3303e-02	0.064714	3
SOWAHC	4	9.6861e-02	1.3303e-02	0.064714	2
SLC7A1	4	9.6867e-02	1.3303e-02	0.064714	3
ANGEL1	4	9.6877e-02	1.3303e-02	0.064714	3
HLF	4	9.6997e-02	1.3303e-02	0.064714	2
C7orf72	4	9.7102e-02	1.3303e-02	0.064714	2
HIGD1A	4	9.7118e-02	1.3303e-02	0.064714	2
NTAN1	4	9.7166e-02	1.3303e-02	0.064714	2
WRN	4	9.7218e-02	1.3303e-02	0.064714	3
RTBDN	4	9.7271e-02	1.3303e-02	0.064714	3
GOLGA6C	4	9.7374e-02	1.3303e-02	0.064714	3
PTCHD3	4	9.7645e-02	1.3488e-02	0.065514	3
MRPL9	4	9.7687e-02	1.3488e-02	0.065514	3
PTPN21	4	9.7698e-02	1.3488e-02	0.065514	2
TYROBP	4	9.7802e-02	1.3488e-02	0.065514	2
EHD4	4	9.7826e-02	1.3488e-02	0.065514	3
NIPSNAP3B	4	9.8035e-02	1.3488e-02	0.065514	3
SLC24A3	4	9.8078e-02	1.3670e-02	0.066214	3
ARL6	4	9.8094e-02	1.3670e-02	0.066214	3
RANBP10	4	9.8137e-02	1.3670e-02	0.066214	3
NDUFB1	4	9.8198e-02	1.3670e-02	0.066214	2
FAM173B	4	9.8359e-02	1.3670e-02	0.066214	3
FAM187B	4	9.8372e-02	1.3670e-02	0.066214	3
SUOX	4	9.8376e-02	1.3670e-02	0.066214	2
C16orf46	4	9.8555e-02	1.3670e-02	0.066214	3
ADAD2	4	9.8566e-02	1.3670e-02	0.066214	3
GOLGA6D	4	9.8570e-02	1.3670e-02	0.066214	2
PMFBP1	4	9.8602e-02	1.3670e-02	0.066214	3
ARFGAP3	4	9.9071e-02	1.3798e-02	0.066617	3
NENF	4	9.9088e-02	1.3798e-02	0.066617	2
OR5B12	4	9.9292e-02	1.3798e-02	0.066617	3
MOV10L1	4	9.9299e-02	1.3798e-02	0.066617	3
TRPS1	4	9.9346e-02	1.3799e-02	0.066617	3
ABCC5	4	9.9362e-02	1.3799e-02	0.066617	3
PSRC1	4	9.9395e-02	1.3799e-02	0.066617	3
ABCC9	4	9.9427e-02	1.3799e-02	0.066617	3
PDCL3	4	9.9438e-02	1.3799e-02	0.066617	3
MBTD1	4	9.9535e-02	1.3799e-02	0.066617	3
IDUA	4	9.9546e-02	1.3799e-02	0.066617	3
KY	4	9.9656e-02	1.3799e-02	0.066617	3
ZC3H4	4	9.9751e-02	1.3799e-02	0.066617	3
HSPB7	4	9.9843e-02	1.3977e-02	0.067429	2
UBE4B	4	1.0004e-01	1.3978e-02	0.067429	2
C19orf71	4	1.0009e-01	1.3978e-02	0.067429	3
KIAA1683	4	1.0022e-01	1.4172e-02	0.068062	2
PCOLCE2	4	1.0024e-01	1.4172e-02	0.068062	2
ARHGAP22	4	1.0029e-01	1.4172e-02	0.068062	2
PRR9	4	1.0047e-01	1.4172e-02	0.068062	3
C5orf51	4	1.0061e-01	1.4172e-02	0.068062	3
C1orf54	4	1.0066e-01	1.4172e-02	0.068062	2
PIK3R5	4	1.0069e-01	1.4172e-02	0.068062	3
PLXDC2	4	1.0077e-01	1.4172e-02	0.068062	3
OR51F2	4	1.0099e-01	1.4172e-02	0.068062	3
SULT1A3	4	1.0104e-01	1.4173e-02	0.068062	3
CTTNBP2	4	1.0118e-01	1.4173e-02	0.068062	3
OTUD6A	4	1.0132e-01	1.4173e-02	0.068062	3
PDE3A	4	1.0135e-01	1.4173e-02	0.068062	3
DECR1	4	1.0147e-01	1.4173e-02	0.068062	3
P4HTM	4	1.0151e-01	1.4173e-02	0.068062	3
RBSN	4	1.0153e-01	1.4173e-02	0.068062	2
IL9R	4	1.0154e-01	1.4173e-02	0.068062	3
GOLGA8M	4	1.0176e-01	1.4173e-02	0.068062	3
AMPD1	4	1.0184e-01	1.4298e-02	0.068647	3
CDRT4	4	1.0207e-01	1.4660e-02	0.070106	3
CACNG7	4	1.0212e-01	1.4660e-02	0.070106	3
SMYD2	4	1.0214e-01	1.4660e-02	0.070106	3
RARA	4	1.0222e-01	1.4660e-02	0.070106	2
HHATL	4	1.0225e-01	1.4660e-02	0.070106	3
REC8	4	1.0227e-01	1.4660e-02	0.070106	3
OR2AG2	4	1.0237e-01	1.4660e-02	0.070106	3
LRRIQ1	4	1.0248e-01	1.4660e-02	0.070106	2
WBP4	4	1.0255e-01	1.4661e-02	0.070106	3
KLHL41	4	1.0260e-01	1.4661e-02	0.070106	2
TMEM61	4	1.0261e-01	1.4661e-02	0.070106	3
OR4E2	4	1.0279e-01	1.4661e-02	0.070106	3
GNPNAT1	4	1.0281e-01	1.4661e-02	0.070106	3
CROCC	4	1.0287e-01	1.4661e-02	0.070106	3
USP3	4	1.0288e-01	1.4661e-02	0.070106	3
SLC16A4	4	1.0306e-01	1.4661e-02	0.070106	3
KIF4A	4	1.0314e-01	1.4854e-02	0.070553	3
TNNI1	4	1.0316e-01	1.4854e-02	0.070553	3
NAIP	4	1.0321e-01	1.4854e-02	0.070553	3
UGT2A3	4	1.0326e-01	1.4854e-02	0.070553	3
SERINC1	4	1.0337e-01	1.4854e-02	0.070553	3
TMEM81	4	1.0340e-01	1.4854e-02	0.070553	2
PIDD1	4	1.0342e-01	1.4854e-02	0.070553	2
SPON1	4	1.0351e-01	1.4854e-02	0.070553	3
RPL36A	4	1.0361e-01	1.4854e-02	0.070553	3
CRISPLD1	4	1.0367e-01	1.4854e-02	0.070553	3
ZC3H14	4	1.0373e-01	1.4854e-02	0.070553	3
PCYT2	4	1.0374e-01	1.4854e-02	0.070553	3
SUMO4	4	1.0380e-01	1.4854e-02	0.070553	2
CEBPD	4	1.0388e-01	1.4854e-02	0.070553	2
OSER1	4	1.0405e-01	1.4854e-02	0.070553	3
CSTF2T	4	1.0419e-01	1.4854e-02	0.070553	3
SRRM2	4	1.0419e-01	1.4854e-02	0.070553	3
ADO	4	1.0420e-01	1.4854e-02	0.070553	3
DSC3	4	1.0423e-01	1.4854e-02	0.070553	3
KRTAP5-8	4	1.0425e-01	1.4854e-02	0.070553	3
HOXD9	4	1.0426e-01	1.4854e-02	0.070553	3
TTC13	4	1.0428e-01	1.4854e-02	0.070553	3
CYP11A1	4	1.0428e-01	1.4854e-02	0.070553	2
TMEM164	4	1.0433e-01	1.4854e-02	0.070553	2
ZFP91	4	1.0436e-01	1.4854e-02	0.070553	3
SLC29A2	4	1.0440e-01	1.4854e-02	0.070553	3
CCDC17	4	1.0442e-01	1.4854e-02	0.070553	3
ARHGAP26	4	1.0444e-01	1.4991e-02	0.071117	2
TFPI	4	1.0449e-01	1.4991e-02	0.071117	3
EPHA10	4	1.0454e-01	1.4991e-02	0.071117	3
OTOGL	4	1.0458e-01	1.4991e-02	0.071117	3
ME2	4	1.0461e-01	1.4991e-02	0.071117	3
CEP120	4	1.0491e-01	1.5405e-02	0.072845	3
JSRP1	4	1.0505e-01	1.5405e-02	0.072845	3
PPIAL4E	4	1.0506e-01	1.5405e-02	0.072845	2
ZNF114	4	1.0510e-01	1.5405e-02	0.072845	2
ARPIN	4	1.0524e-01	1.5405e-02	0.072845	3
RBP5	4	1.0525e-01	1.5405e-02	0.072845	3
NMT1	4	1.0539e-01	1.5405e-02	0.072845	3
ZNF385A	4	1.0545e-01	1.5405e-02	0.072845	3
UBL7	4	1.0550e-01	1.5405e-02	0.072845	2
GUCD1	4	1.0553e-01	1.5405e-02	0.072845	3
SLC30A7	4	1.0557e-01	1.5405e-02	0.072845	2
H2AFX	4	1.0558e-01	1.5405e-02	0.072845	2
OR2G2	4	1.0577e-01	1.5405e-02	0.072845	2
PEF1	4	1.0590e-01	1.5577e-02	0.073497	3
FASLG	4	1.0597e-01	1.5577e-02	0.073497	3
CTSO	4	1.0606e-01	1.5578e-02	0.073497	3
PTGR2	4	1.0609e-01	1.5578e-02	0.073497	3
VGLL3	4	1.0612e-01	1.5578e-02	0.073497	3
PABPC1L2B	4	1.0618e-01	1.5578e-02	0.073497	3
IGFBPL1	4	1.0622e-01	1.5578e-02	0.073497	3
NUDT17	4	1.0625e-01	1.5578e-02	0.073497	3
N4BP1	4	1.0626e-01	1.5779e-02	0.074283	2
HHIPL1	4	1.0630e-01	1.5779e-02	0.074283	3
PCTP	4	1.0640e-01	1.5779e-02	0.074283	2
MTRNR2L8	4	1.0663e-01	1.5779e-02	0.074283	3
MMAB	4	1.0664e-01	1.5779e-02	0.074283	3
IVNS1ABP	4	1.0691e-01	1.5779e-02	0.074283	2
ABHD8	4	1.0698e-01	1.5779e-02	0.074283	3
EXOC3L1	4	1.0703e-01	1.5779e-02	0.074283	3
FCGR1B	4	1.0708e-01	1.5779e-02	0.074283	2
OSBPL11	4	1.0715e-01	1.5969e-02	0.075088	3
ADGRE2	4	1.0720e-01	1.5970e-02	0.075088	3
IL17REL	4	1.0721e-01	1.5970e-02	0.075088	3
GART	4	1.0723e-01	1.5970e-02	0.075088	3
METTL6	4	1.0729e-01	1.6165e-02	0.075671	3
LIFR	4	1.0733e-01	1.6165e-02	0.075671	3
SLC35B3	4	1.0735e-01	1.6165e-02	0.075671	3
TIFAB	4	1.0743e-01	1.6165e-02	0.075671	3
USF1	4	1.0753e-01	1.6165e-02	0.075671	3
CCDC112	4	1.0754e-01	1.6165e-02	0.075671	3
C8orf4	4	1.0769e-01	1.6165e-02	0.075671	3
DNAJC14	4	1.0778e-01	1.6165e-02	0.075671	3
MRPL18	4	1.0781e-01	1.6165e-02	0.075671	3
YLPM1	4	1.0785e-01	1.6165e-02	0.075671	3
MRPL49	4	1.0787e-01	1.6165e-02	0.075671	3
ACSM2A	4	1.0787e-01	1.6165e-02	0.075671	3
CDK12	4	1.0795e-01	1.6165e-02	0.075671	2
STK16	4	1.0797e-01	1.6165e-02	0.075671	3
CT45A5	4	1.0805e-01	1.6165e-02	0.075671	3
CMC1	4	1.0806e-01	1.6165e-02	0.075671	3
MS4A15	4	1.0820e-01	1.6165e-02	0.075671	3
DEDD2	4	1.0825e-01	1.6165e-02	0.075671	3
CCL7	4	1.0833e-01	1.6523e-02	0.077214	3
CEACAM19	4	1.0848e-01	1.6523e-02	0.077214	3
SIX1	4	1.0856e-01	1.6523e-02	0.077214	3
IGF2R	4	1.0857e-01	1.6523e-02	0.077214	2
SGPP1	4	1.0860e-01	1.6523e-02	0.077214	3
SLC11A2	4	1.0860e-01	1.6523e-02	0.077214	3
TXN2	4	1.0870e-01	1.6745e-02	0.077893	2
POTEA	4	1.0879e-01	1.6745e-02	0.077893	3
NOV	4	1.0882e-01	1.6745e-02	0.077893	3
CFAP74	4	1.0885e-01	1.6745e-02	0.077893	3
UBXN1	4	1.0887e-01	1.6745e-02	0.077893	3
FCHSD2	4	1.0891e-01	1.6745e-02	0.077893	3
PPARA	4	1.0892e-01	1.6745e-02	0.077893	3
PCMTD1	4	1.0904e-01	1.6745e-02	0.077893	3
C9orf78	4	1.0907e-01	1.6745e-02	0.077893	3
TAS2R40	4	1.0912e-01	1.6745e-02	0.077893	3
PPP1R14D	4	1.0920e-01	1.6745e-02	0.077893	3
SHMT2	4	1.0921e-01	1.6746e-02	0.077893	3
CNTN6	4	1.0927e-01	1.6746e-02	0.077893	2
C9orf50	4	1.0939e-01	1.6746e-02	0.077893	3
CA13	4	1.0946e-01	1.6746e-02	0.077893	3
OTX2	4	1.0951e-01	1.6746e-02	0.077893	3
GPR132	4	1.0963e-01	1.6746e-02	0.077893	3
SLC4A3	4	1.0966e-01	1.6746e-02	0.077893	3
RPRML	4	1.0968e-01	1.6746e-02	0.077893	3
PDXP	4	1.0982e-01	1.6879e-02	0.078494	3
CCDC185	4	1.0989e-01	1.7096e-02	0.079406	3
CGB8	4	1.1001e-01	1.7096e-02	0.079406	3
PRRX1	4	1.1003e-01	1.7096e-02	0.079406	3
CHRM3	4	1.1006e-01	1.7096e-02	0.079406	3
C1QB	4	1.1006e-01	1.7096e-02	0.079406	3
TMEM225	4	1.1008e-01	1.7307e-02	0.080252	2
HIST1H2BG	4	1.1017e-01	1.7307e-02	0.080252	3
SLAMF8	4	1.1021e-01	1.7307e-02	0.080252	3
CCM2L	4	1.1027e-01	1.7307e-02	0.080252	3
F8A2	4	1.1035e-01	1.7307e-02	0.080252	2
CYB5R4	4	1.1037e-01	1.7307e-02	0.080252	3
C16orf90	4	1.1055e-01	1.7527e-02	0.080939	3
NKX2-2	4	1.1057e-01	1.7527e-02	0.080939	2
DMRTC1	4	1.1060e-01	1.7527e-02	0.080939	3
COX16	4	1.1061e-01	1.7527e-02	0.080939	3
TUBA3D	4	1.1062e-01	1.7527e-02	0.080939	3
WFDC11	4	1.1065e-01	1.7527e-02	0.080939	3
HSFX1	4	1.1067e-01	1.7527e-02	0.080939	3
POU4F2	4	1.1070e-01	1.7527e-02	0.080939	3
PHLDA2	4	1.1072e-01	1.7527e-02	0.080939	3
ZNF32	4	1.1073e-01	1.7527e-02	0.080939	3
WDFY1	4	1.1082e-01	1.7528e-02	0.080939	3
NUDCD2	4	1.1085e-01	1.7528e-02	0.080939	3
CCR5	4	1.1087e-01	1.7528e-02	0.080939	3
KRTAP5-11	4	1.1096e-01	1.7528e-02	0.080939	3
DNAH17	4	1.1100e-01	1.7528e-02	0.080939	3
ORC2	4	1.1101e-01	1.7528e-02	0.080939	2
CTAGE8	4	1.1105e-01	1.7528e-02	0.080939	3
LRMP	3	1.1109e-01	2.2898e-02	0.101053	2
C1QTNF6	4	1.1109e-01	1.7750e-02	0.081928	3
C6orf141	4	1.1113e-01	1.7750e-02	0.081928	3
CDK5RAP1	4	1.1115e-01	1.7977e-02	0.082795	3
ADAMTS19	4	1.1125e-01	1.7977e-02	0.082795	2
PFKP	4	1.1128e-01	1.7977e-02	0.082795	3
INSIG2	4	1.1129e-01	1.7977e-02	0.082795	3
HIST1H2AL	4	1.1133e-01	1.7977e-02	0.082795	3
UBE2E3	4	1.1143e-01	1.7977e-02	0.082795	3
SAA2	4	1.1148e-01	1.7977e-02	0.082795	3
ANKRD20A2	4	1.1152e-01	1.7977e-02	0.082795	2
INO80B	4	1.1153e-01	1.7977e-02	0.082795	3
ETNK2	4	1.1161e-01	1.8201e-02	0.083765	3
BTN2A1	4	1.1175e-01	1.8201e-02	0.083765	3
AP4M1	4	1.1200e-01	1.8201e-02	0.083765	3
TUBB6	4	1.1221e-01	1.8659e-02	0.085443	3
CYSTM1	4	1.1233e-01	1.8659e-02	0.085443	2
UBXN7	4	1.1239e-01	1.8659e-02	0.085443	3
STK17A	4	1.1243e-01	1.8659e-02	0.085443	3
PIN4	4	1.1255e-01	1.8659e-02	0.085443	3
FAM117A	4	1.1258e-01	1.8659e-02	0.085443	2
SPOCK2	4	1.1260e-01	1.8659e-02	0.085443	2
SLC35F5	4	1.1267e-01	1.8659e-02	0.085443	3
SLC12A3	4	1.1268e-01	1.8659e-02	0.085443	2
LSR	4	1.1272e-01	1.8659e-02	0.085443	3
FCAMR	4	1.1287e-01	1.8659e-02	0.085443	3
GIGYF2	4	1.1291e-01	1.8659e-02	0.085443	3
LY6K	4	1.1295e-01	1.8659e-02	0.085443	3
IDI1	4	1.1296e-01	1.8659e-02	0.085443	2
LIG4	4	1.1298e-01	1.8659e-02	0.085443	3
CLDN10	4	1.1308e-01	1.8659e-02	0.085443	2
FGF8	4	1.1330e-01	1.8659e-02	0.085443	2
NRXN2	4	1.1331e-01	1.8659e-02	0.085443	3
ASCL4	4	1.1343e-01	1.8659e-02	0.085443	3
ZNF639	4	1.1349e-01	1.8659e-02	0.085443	2
EVA1C	4	1.1350e-01	1.8659e-02	0.085443	2
TAF3	4	1.1381e-01	1.8809e-02	0.085861	3
PLBD1	4	1.1393e-01	1.8809e-02	0.085861	3
GALNT7	4	1.1396e-01	1.8809e-02	0.085861	3
KRTAP2-2	4	1.1397e-01	1.8809e-02	0.085861	2
FAM20B	4	1.1407e-01	1.8809e-02	0.085861	3
ADH5	4	1.1414e-01	1.8809e-02	0.085861	3
ZNF524	4	1.1420e-01	1.8809e-02	0.085861	3
SETX	4	1.1422e-01	1.8809e-02	0.085861	3
ANHX	4	1.1424e-01	1.8809e-02	0.085861	3
MFSD2A	4	1.1427e-01	1.8809e-02	0.085861	3
SLC3A2	4	1.1431e-01	1.8809e-02	0.085861	3
MZF1	4	1.1434e-01	1.8809e-02	0.085861	3
PTK6	4	1.1442e-01	1.8809e-02	0.085861	3
ZNF561	4	1.1448e-01	1.9031e-02	0.086793	3
SMYD5	4	1.1514e-01	1.9031e-02	0.086793	2
ZACN	4	1.1515e-01	1.9031e-02	0.086793	3
FOXP4	4	1.1517e-01	1.9272e-02	0.087870	3
PTN	4	1.1529e-01	1.9529e-02	0.089020	3
MYADML2	4	1.1531e-01	1.9688e-02	0.089724	3
NTMT1	4	1.1540e-01	1.9938e-02	0.090540	3
ITPA	4	1.1545e-01	1.9938e-02	0.090540	3
POLR3D	4	1.1546e-01	1.9938e-02	0.090540	3
SLC48A1	4	1.1559e-01	1.9938e-02	0.090540	2
KRTAP12-4	4	1.1574e-01	1.9938e-02	0.090540	3
KLF16	4	1.1577e-01	1.9938e-02	0.090540	3
CPA4	4	1.1579e-01	1.9938e-02	0.090540	2
ADGRF4	4	1.1582e-01	1.9938e-02	0.090540	3
LHFPL5	4	1.1583e-01	1.9938e-02	0.090540	3
GALNT11	4	1.1584e-01	1.9938e-02	0.090540	3
TMEM184A	4	1.1588e-01	1.9938e-02	0.090540	2
GOLGA4	4	1.1592e-01	1.9938e-02	0.090540	3
SEC14L3	4	1.1599e-01	1.9938e-02	0.090540	3
DPH3P1	4	1.1602e-01	1.9938e-02	0.090540	2
IL16	4	1.1610e-01	1.9938e-02	0.090540	3
PIAS4	4	1.1617e-01	2.0180e-02	0.091229	3
OR1D2	4	1.1617e-01	2.0180e-02	0.091229	2
OR51G2	4	1.1620e-01	2.0180e-02	0.091229	3
EMC1	4	1.1622e-01	2.0180e-02	0.091229	3
ADGRA1	4	1.1630e-01	2.0180e-02	0.091229	3
CNOT2	4	1.1631e-01	2.0180e-02	0.091229	2
C10orf54	4	1.1653e-01	2.0180e-02	0.091229	3
DNM1	4	1.1655e-01	2.0180e-02	0.091229	3
SLC9A5	4	1.1666e-01	2.0180e-02	0.091229	2
CPT2	4	1.1673e-01	2.0181e-02	0.091229	3
KRTAP21-1	4	1.1681e-01	2.0181e-02	0.091229	3
ARSF	4	1.1686e-01	2.0181e-02	0.091229	2
PKD1	4	1.1691e-01	2.0181e-02	0.091229	3
SEC14L2	4	1.1694e-01	2.0181e-02	0.091229	3
TREM2	4	1.1707e-01	2.0181e-02	0.091229	3
MRPL10	4	1.1710e-01	2.0181e-02	0.091229	3
DCP1A	4	1.1711e-01	2.0181e-02	0.091229	3
PDX1	4	1.1715e-01	2.0181e-02	0.091229	2
ZNF106	4	1.1720e-01	2.0181e-02	0.091229	3
ASB11	4	1.1734e-01	2.0360e-02	0.091542	3
SUCNR1	4	1.1735e-01	2.0360e-02	0.091542	3
DHRS1	4	1.1752e-01	2.0360e-02	0.091542	3
EPCAM	4	1.1756e-01	2.0360e-02	0.091542	3
RNASE9	4	1.1758e-01	2.0360e-02	0.091542	3
AFF4	4	1.1759e-01	2.0360e-02	0.091542	3
NME4	4	1.1767e-01	2.0360e-02	0.091542	3
GULP1	4	1.1772e-01	2.0360e-02	0.091542	3
TAF12	4	1.1777e-01	2.0360e-02	0.091542	3
DBX1	4	1.1778e-01	2.0360e-02	0.091542	3
TRAM1	4	1.1783e-01	2.0360e-02	0.091542	2
SERPINB4	4	1.1784e-01	2.0360e-02	0.091542	2
TPSB2	4	1.1793e-01	2.0360e-02	0.091542	3
SH3TC2	4	1.1796e-01	2.0360e-02	0.091542	3
SPOCD1	4	1.1797e-01	2.0360e-02	0.091542	3
INS-IGF2	4	1.1802e-01	2.0360e-02	0.091542	3
OR52B6	4	1.1806e-01	2.0360e-02	0.091542	3
PARG	4	1.1807e-01	2.0360e-02	0.091542	3
ERLEC1	4	1.1809e-01	2.0360e-02	0.091542	3
OSBPL5	4	1.1817e-01	2.0360e-02	0.091542	3
C18orf25	4	1.1819e-01	2.0360e-02	0.091542	3
CXCL1	4	1.1823e-01	2.0360e-02	0.091542	3
SRRM5	4	1.1828e-01	2.0360e-02	0.091542	3
OR10A5	4	1.1841e-01	2.0602e-02	0.092608	3
SNCAIP	4	1.1847e-01	2.0835e-02	0.092720	3
ZNF808	4	1.1855e-01	2.0835e-02	0.092720	3
QPCT	4	1.1861e-01	2.0835e-02	0.092720	3
ZNF174	4	1.1867e-01	2.0835e-02	0.092720	3
SDF2	4	1.1884e-01	2.0835e-02	0.092720	3
GNB2	4	1.1885e-01	2.0835e-02	0.092720	3
ZSCAN18	4	1.1885e-01	2.0835e-02	0.092720	3
MECP2	4	1.1891e-01	2.0835e-02	0.092720	2
COX10	4	1.1892e-01	2.0835e-02	0.092720	3
TARBP1	4	1.1905e-01	2.0835e-02	0.092720	3
SMIM10	4	1.1913e-01	2.0835e-02	0.092720	3
LINC01272	4	1.1921e-01	2.0835e-02	0.092720	2
ATG16L2	4	1.1922e-01	2.0835e-02	0.092720	3
FCER2	4	1.1925e-01	2.0835e-02	0.092720	3
FRAT2	4	1.1930e-01	2.0835e-02	0.092720	1
PRKD2	4	1.1940e-01	2.0835e-02	0.092720	2
FAM204A	4	1.1942e-01	2.0835e-02	0.092720	2
LPCAT2	4	1.1944e-01	2.0835e-02	0.092720	2
MTMR3	4	1.1947e-01	2.0835e-02	0.092720	3
SLC8B1	4	1.1949e-01	2.0836e-02	0.092720	3
TBL1XR1	4	1.1950e-01	2.0836e-02	0.092720	3
SOX6	4	1.1952e-01	2.0836e-02	0.092720	3
RNF185	4	1.1957e-01	2.0836e-02	0.092720	3
SUGP1	4	1.1963e-01	2.0836e-02	0.092720	3
SUV420H2	4	1.1966e-01	2.0836e-02	0.092720	2
TSEN2	4	1.1976e-01	2.0836e-02	0.092720	2
NAMPT	4	1.1981e-01	2.0836e-02	0.092720	3
UQCRC2	4	1.1983e-01	2.0836e-02	0.092720	2
OR4F4	4	1.1988e-01	2.0836e-02	0.092720	3
FGGY	4	1.1996e-01	2.0836e-02	0.092720	2
FZD6	4	1.2004e-01	2.0836e-02	0.092720	3
RHBDL1	4	1.2006e-01	2.0836e-02	0.092720	3
POGZ	4	1.2008e-01	2.0836e-02	0.092720	3
LDLRAD1	4	1.2012e-01	2.0836e-02	0.092720	3
CABP5	4	1.2014e-01	2.0836e-02	0.092720	3
TFEC	4	1.2015e-01	2.0836e-02	0.092720	2
SEPTIN11	4	1.2016e-01	2.0836e-02	0.092720	2
SIMC1	4	1.2021e-01	2.0836e-02	0.092720	3
TMEM42	4	1.2029e-01	2.0836e-02	0.092720	3
ZNF320	4	1.2034e-01	2.0836e-02	0.092720	2
PPP2R5C	4	1.2041e-01	2.0836e-02	0.092720	2
NUDT3	4	1.2048e-01	2.0836e-02	0.092720	3
RUFY2	4	1.2049e-01	2.0836e-02	0.092720	3
TPRG1L	4	1.2055e-01	2.1099e-02	0.093787	2
MARCHF9	4	1.2060e-01	2.1099e-02	0.093787	3
GPR17	4	1.2060e-01	2.1099e-02	0.093787	3
CD1A	4	1.2063e-01	2.1099e-02	0.093787	2
SERPING1	4	1.2073e-01	2.1100e-02	0.093787	3
BPIFB1	4	1.2081e-01	2.1379e-02	0.094873	3
ZNF347	4	1.2083e-01	2.1379e-02	0.094873	3
REPIN1	4	1.2095e-01	2.1379e-02	0.094873	3
HCCS	4	1.2097e-01	2.1379e-02	0.094873	3
BNIP2	4	1.2102e-01	2.1379e-02	0.094873	3
RAF1	4	1.2107e-01	2.1379e-02	0.094873	3
CRACR2A	4	1.2114e-01	2.1379e-02	0.094873	3
TSPAN18	4	1.2117e-01	2.1638e-02	0.095914	2
ASF1B	4	1.2119e-01	2.1638e-02	0.095914	3
PRKCI	4	1.2122e-01	2.1638e-02	0.095914	2
ZNF597	4	1.2124e-01	2.1638e-02	0.095914	3
OR6C65	4	1.2125e-01	2.1639e-02	0.095914	3
GSTT2B	4	1.2133e-01	2.1920e-02	0.097120	3
NPIPA8	4	1.2138e-01	2.1921e-02	0.097120	3
CCDC137	4	1.2145e-01	2.2460e-02	0.099164	3
HEPHL1	4	1.2149e-01	2.2460e-02	0.099164	3
KRTAP19-4	4	1.2155e-01	2.2460e-02	0.099164	3
DPP9-AS1	4	1.2158e-01	2.2460e-02	0.099164	2
EPHB2	4	1.2159e-01	2.2460e-02	0.099164	2
NLN	4	1.2172e-01	2.2460e-02	0.099164	3
DSN1	4	1.2175e-01	2.2460e-02	0.099164	2
LBX2	4	1.2184e-01	2.2460e-02	0.099164	3
VPS4A	4	1.2185e-01	2.2460e-02	0.099164	3
LPPR1	4	1.2197e-01	2.2460e-02	0.099164	3
TNNC2	4	1.2208e-01	2.2460e-02	0.099164	3
HOPX	4	1.2210e-01	2.2460e-02	0.099164	3
TMPRSS11D	4	1.2213e-01	2.2460e-02	0.099164	3
RIMKLA	4	1.2217e-01	2.2460e-02	0.099164	3
SLC52A1	4	1.2219e-01	2.2460e-02	0.099164	3
OR8H1	4	1.2239e-01	2.2644e-02	0.099953	3
TTPAL	4	1.2256e-01	2.2904e-02	0.101054	3
FAM120A	4	1.2274e-01	2.3189e-02	0.101794	3
ST3GAL1	4	1.2288e-01	2.3189e-02	0.101794	3
DES	4	1.2298e-01	2.3189e-02	0.101794	3
TFB1M	4	1.2301e-01	2.3189e-02	0.101794	2
SERPINA5	4	1.2311e-01	2.3189e-02	0.101794	2
KCNAB1	4	1.2315e-01	2.3189e-02	0.101794	3
TP53TG3D	4	1.2318e-01	2.3189e-02	0.101794	3
LCE1D	4	1.2331e-01	2.3189e-02	0.101794	2
ZEB2	4	1.2333e-01	2.3189e-02	0.101794	3
RBM17	4	1.2334e-01	2.3189e-02	0.101794	2
TMEM82	4	1.2340e-01	2.3189e-02	0.101794	3
CRIP3	4	1.2345e-01	2.3189e-02	0.101794	2
TANC1	4	1.2355e-01	2.3189e-02	0.101794	3
NDUFA11	4	1.2366e-01	2.3189e-02	0.101794	3
GLA	4	1.2369e-01	2.3189e-02	0.101794	2
C15orf61	4	1.2384e-01	2.3189e-02	0.101794	3
KRTAP5-3	4	1.2385e-01	2.3189e-02	0.101794	2
DPP3	4	1.2402e-01	2.3189e-02	0.101794	3
PROKR1	4	1.2407e-01	2.3189e-02	0.101794	3
FAM114A2	4	1.2409e-01	2.3189e-02	0.101794	3
PRLHR	4	1.2420e-01	2.3189e-02	0.101794	3
TNFRSF8	4	1.2422e-01	2.3189e-02	0.101794	3
NMB	4	1.2439e-01	2.3444e-02	0.102892	3
CLSTN1	4	1.2440e-01	2.3532e-02	0.103251	3
IYD	4	1.2445e-01	2.3619e-02	0.103610	3
CDH12	4	1.2467e-01	2.3897e-02	0.104283	3
PRICKLE1	4	1.2468e-01	2.3897e-02	0.104283	2
CEACAM16	4	1.2468e-01	2.3897e-02	0.104283	3
SMCR8	4	1.2474e-01	2.3897e-02	0.104283	3
CKLF	4	1.2477e-01	2.3897e-02	0.104283	3
TRIP10	4	1.2481e-01	2.3897e-02	0.104283	3
GNAO1	4	1.2486e-01	2.3897e-02	0.104283	3
CCDC169-SOHLH2	4	1.2488e-01	2.3897e-02	0.104283	3
GNA13	4	1.2497e-01	2.3897e-02	0.104283	3
CEP57	4	1.2498e-01	2.3897e-02	0.104283	2
CDK5RAP3	4	1.2510e-01	2.3897e-02	0.104283	3
GP9	4	1.2522e-01	2.3897e-02	0.104283	3
MRPS24	4	1.2537e-01	2.3898e-02	0.104283	2
PARP8	4	1.2538e-01	2.3898e-02	0.104283	3
HECW1	4	1.2539e-01	2.3898e-02	0.104283	3
TCIRG1	4	1.2540e-01	2.3898e-02	0.104283	3
ALAS1	4	1.2542e-01	2.3898e-02	0.104283	3
ACP5	4	1.2545e-01	2.3898e-02	0.104283	3
AIM1	4	1.2553e-01	2.3898e-02	0.104283	3
RRAD	4	1.2555e-01	2.3898e-02	0.104283	3
IQSEC1	4	1.2558e-01	2.3898e-02	0.104283	3
F8A1	4	1.2583e-01	2.3898e-02	0.104283	3
RMI2	4	1.2588e-01	2.3898e-02	0.104283	3
NEUROD6	4	1.2598e-01	2.4179e-02	0.105272	2
CIART	4	1.2600e-01	2.4179e-02	0.105272	2
NPY4R	4	1.2608e-01	2.4179e-02	0.105272	3
DCST2	4	1.2613e-01	2.4179e-02	0.105272	3
MUC5AC	4	1.2616e-01	2.4179e-02	0.105272	3
CCDC89	4	1.2620e-01	2.4180e-02	0.105272	3
SLC25A33	4	1.2629e-01	2.4180e-02	0.105272	3
TMCC1	4	1.2635e-01	2.4180e-02	0.105272	3
ZNF721	4	1.2637e-01	2.4180e-02	0.105272	3
ADCK2	4	1.2646e-01	2.4180e-02	0.105272	2
C1orf158	4	1.2649e-01	2.4484e-02	0.105566	3
PCDHGA2	4	1.2650e-01	2.4484e-02	0.105566	2
NIPAL1	4	1.2650e-01	2.4484e-02	0.105566	3
NECAB3	4	1.2653e-01	2.4484e-02	0.105566	3
LASP1	4	1.2676e-01	2.4484e-02	0.105566	3
MED12	4	1.2685e-01	2.4484e-02	0.105566	1
ARSJ	4	1.2685e-01	2.4484e-02	0.105566	3
PPIC	4	1.2687e-01	2.4484e-02	0.105566	3
ANKRD40	4	1.2689e-01	2.4484e-02	0.105566	2
CHRD	4	1.2692e-01	2.4484e-02	0.105566	3
BAG3	4	1.2693e-01	2.4484e-02	0.105566	3
CNPPD1	4	1.2697e-01	2.4484e-02	0.105566	3
NBPF8	4	1.2706e-01	2.4484e-02	0.105566	3
SMIM8	4	1.2713e-01	2.4484e-02	0.105566	3
GDNF-AS1	4	1.2718e-01	2.4484e-02	0.105566	2
MAMDC4	4	1.2729e-01	2.4484e-02	0.105566	2
NHLRC3	4	1.2735e-01	2.4484e-02	0.105566	2
ENTPD1	4	1.2740e-01	2.4484e-02	0.105566	3
MGAT4C	4	1.2749e-01	2.4484e-02	0.105566	3
TMEM30A	4	1.2760e-01	2.4484e-02	0.105566	3
OR2A42	4	1.2768e-01	2.4485e-02	0.105566	3
COMMD5	4	1.2769e-01	2.4485e-02	0.105566	3
HAVCR1	4	1.2774e-01	2.4485e-02	0.105566	3
S100A3	4	1.2778e-01	2.4485e-02	0.105566	3
RNF103	4	1.2797e-01	2.4485e-02	0.105566	2
CFC1B	4	1.2806e-01	2.4485e-02	0.105566	2
SON	4	1.2809e-01	2.4485e-02	0.105566	3
OCLM	4	1.2815e-01	2.4485e-02	0.105566	2
ADHFE1	4	1.2820e-01	2.4485e-02	0.105566	1
MAL	4	1.2831e-01	2.4485e-02	0.105566	3
PGK2	4	1.2839e-01	2.4485e-02	0.105566	2
SLC45A3	4	1.2841e-01	2.4485e-02	0.105566	3
HAGHL	4	1.2844e-01	2.4485e-02	0.105566	3
RBP4	4	1.2845e-01	2.4485e-02	0.105566	2
TNFAIP8L2-SCNM1	4	1.2851e-01	2.4485e-02	0.105566	3
CHAT	4	1.2854e-01	2.4485e-02	0.105566	3
TMA7	4	1.2857e-01	2.4485e-02	0.105566	3
IL24	4	1.2862e-01	2.4485e-02	0.105566	1
PARL	4	1.2865e-01	2.4485e-02	0.105566	2
SPRN	4	1.2867e-01	2.4485e-02	0.105566	3
TM6SF1	4	1.2869e-01	2.4485e-02	0.105566	3
SEPTIN3	4	1.2873e-01	2.4485e-02	0.105566	3
TK1	4	1.2881e-01	2.4485e-02	0.105566	2
VHLL	4	1.2887e-01	2.4771e-02	0.106707	3
OR1A2	4	1.2889e-01	2.4771e-02	0.106707	3
OC90	4	1.2900e-01	2.4771e-02	0.106707	3
ZNF701	4	1.2905e-01	2.4772e-02	0.106707	2
LPPR5	4	1.2920e-01	2.5065e-02	0.107681	3
SLC30A2	4	1.2941e-01	2.5065e-02	0.107681	2
TPK1	4	1.2947e-01	2.5065e-02	0.107681	3
NOTCH4	4	1.2970e-01	2.5065e-02	0.107681	3
UPP1	4	1.2979e-01	2.5065e-02	0.107681	3
TSPAN2	4	1.2983e-01	2.5065e-02	0.107681	2
PDIA2	4	1.2984e-01	2.5065e-02	0.107681	2
XYLT1	4	1.2996e-01	2.5065e-02	0.107681	3
MITF	4	1.2997e-01	2.5065e-02	0.107681	3
MRPL42	4	1.3002e-01	2.5065e-02	0.107681	2
ARID2	4	1.3005e-01	2.5065e-02	0.107681	3
PREPL	4	1.3011e-01	2.5065e-02	0.107681	2
KCNU1	4	1.3023e-01	2.5649e-02	0.109992	3
FARP2	4	1.3029e-01	2.5649e-02	0.109992	3
CIB3	4	1.3031e-01	2.5649e-02	0.109992	3
C1QTNF9B-AS1	4	1.3032e-01	2.5649e-02	0.109992	3
PRAM1	4	1.3036e-01	2.5649e-02	0.109992	3
SPATA31C1	4	1.3040e-01	2.5649e-02	0.109992	3
PAGE4	4	1.3041e-01	2.5649e-02	0.109992	2
HIST1H1B	4	1.3041e-01	2.5649e-02	0.109992	3
OR5A1	4	1.3050e-01	2.5965e-02	0.111322	3
TMEM244	4	1.3063e-01	2.6266e-02	0.112413	2
HERPUD1	4	1.3064e-01	2.6266e-02	0.112413	3
AFAP1	4	1.3064e-01	2.6266e-02	0.112413	2
C12orf4	4	1.3078e-01	2.6266e-02	0.112413	3
ATP10A	4	1.3085e-01	2.6267e-02	0.112413	3
HIST1H1C	4	1.3088e-01	2.6267e-02	0.112413	3
PCOLCE	4	1.3089e-01	2.6267e-02	0.112413	3
SDS	4	1.3091e-01	2.6267e-02	0.112413	3
UTP14C	4	1.3098e-01	2.6454e-02	0.113114	3
SLC25A4	4	1.3098e-01	2.6454e-02	0.113114	2
MPP3	4	1.3106e-01	2.6454e-02	0.113114	3
KIAA1211L	4	1.3108e-01	2.6454e-02	0.113114	3
ACSBG2	4	1.3112e-01	2.6773e-02	0.114223	3
PGLYRP2	4	1.3114e-01	2.6773e-02	0.114223	2
NR1I2	4	1.3115e-01	2.6773e-02	0.114223	3
KIAA0556	4	1.3126e-01	2.6773e-02	0.114223	3
KRTAP21-2	4	1.3143e-01	2.6773e-02	0.114223	3
ZFP37	4	1.3146e-01	2.6773e-02	0.114223	3
OR4A5	4	1.3147e-01	2.6773e-02	0.114223	3
CLDN24	4	1.3160e-01	2.6773e-02	0.114223	3
P2RX7	4	1.3164e-01	2.6773e-02	0.114223	3
GPKOW	4	1.3174e-01	2.6773e-02	0.114223	1
TXNRD3	4	1.3192e-01	2.6969e-02	0.114830	2
NASP	4	1.3193e-01	2.6969e-02	0.114830	2
DYNAP	4	1.3200e-01	2.6969e-02	0.114830	3
D2HGDH	4	1.3204e-01	2.6969e-02	0.114830	3
ZNF18	4	1.3204e-01	2.6969e-02	0.114830	2
WDR60	4	1.3210e-01	2.6970e-02	0.114830	3
ADAR	4	1.3213e-01	2.6970e-02	0.114830	3
PLK4	4	1.3220e-01	2.6970e-02	0.114830	3
SBK1	4	1.3223e-01	2.6970e-02	0.114830	3
RIMBP3	4	1.3228e-01	2.7278e-02	0.116041	2
GLIPR1L2	4	1.3236e-01	2.7278e-02	0.116041	3
ATG12	4	1.3239e-01	2.7278e-02	0.116041	3
IFI44L	4	1.3242e-01	2.7278e-02	0.116041	3
EPHX1	4	1.3255e-01	2.7473e-02	0.116739	2
MFSD5	4	1.3267e-01	2.7473e-02	0.116739	2
SSTR1	4	1.3269e-01	2.7473e-02	0.116739	3
COQ7	4	1.3272e-01	2.7473e-02	0.116739	1
RAD21	4	1.3274e-01	2.7473e-02	0.116739	2
ABCB8	4	1.3289e-01	2.7790e-02	0.117801	2
USP49	4	1.3292e-01	2.7790e-02	0.117801	3
CNGA3	4	1.3295e-01	2.7790e-02	0.117801	3
TBC1D12	4	1.3296e-01	2.7790e-02	0.117801	2
FAM78B	4	1.3300e-01	2.7790e-02	0.117801	3
TVP23A	4	1.3303e-01	2.7790e-02	0.117801	3
SMUG1	4	1.3325e-01	2.7791e-02	0.117801	2
C1orf105	4	1.3334e-01	2.7791e-02	0.117801	3
GPR174	4	1.3336e-01	2.7791e-02	0.117801	3
GZMK	4	1.3339e-01	2.7791e-02	0.117801	3
UQCRB	4	1.3340e-01	2.7791e-02	0.117801	3
IPCEF1	4	1.3357e-01	2.8305e-02	0.119742	2
ZBTB8A	4	1.3359e-01	2.8305e-02	0.119742	2
ASIC2	4	1.3360e-01	2.8305e-02	0.119742	3
ARMC10	4	1.3363e-01	2.8305e-02	0.119742	3
FN3KRP	4	1.3365e-01	2.8305e-02	0.119742	3
C2orf61	4	1.3366e-01	2.8305e-02	0.119742	3
PPP6R2	4	1.3369e-01	2.8305e-02	0.119742	3
THNSL2	4	1.3369e-01	2.8305e-02	0.119742	3
OR4A47	4	1.3379e-01	2.8305e-02	0.119742	2
ABCG5	4	1.3404e-01	2.8661e-02	0.121196	2
MPLKIP	4	1.3406e-01	2.8661e-02	0.121196	3
SLC38A6	4	1.3419e-01	2.8992e-02	0.122567	2
C6orf118	4	1.3421e-01	2.9652e-02	0.124999	3
HIST1H4A	4	1.3437e-01	2.9652e-02	0.124999	3
FNDC3B	4	1.3448e-01	2.9652e-02	0.124999	3
ATP2C1	4	1.3451e-01	2.9652e-02	0.124999	3
UMOD	4	1.3461e-01	2.9652e-02	0.124999	3
FAM26F	4	1.3462e-01	2.9652e-02	0.124999	3
KIF20A	4	1.3470e-01	2.9652e-02	0.124999	3
KDM4B	4	1.3474e-01	2.9652e-02	0.124999	2
ZNF592	4	1.3477e-01	2.9652e-02	0.124999	2
POC1A	4	1.3489e-01	2.9652e-02	0.124999	3
ICAM4	4	1.3497e-01	2.9652e-02	0.124999	3
PPP4R4	4	1.3512e-01	2.9652e-02	0.124999	3
FBXO30	4	1.3516e-01	2.9652e-02	0.124999	3
LY96	4	1.3527e-01	2.9984e-02	0.126177	2
MTHFSD	4	1.3529e-01	2.9984e-02	0.126177	3
MARCKS	4	1.3538e-01	2.9984e-02	0.126177	3
FAM110D	4	1.3544e-01	2.9985e-02	0.126177	3
FAM117B	4	1.3545e-01	2.9985e-02	0.126177	2
SLC38A10	4	1.3545e-01	2.9985e-02	0.126177	3
NIM1K	4	1.3551e-01	2.9985e-02	0.126177	3
CDCA3	4	1.3556e-01	2.9985e-02	0.126177	3
MCF2	4	1.3558e-01	3.0321e-02	0.127397	3
COL17A1	4	1.3561e-01	3.0321e-02	0.127397	3
KLF13	4	1.3569e-01	3.0321e-02	0.127397	3
CCDC71	4	1.3576e-01	3.0321e-02	0.127397	3
H2AFZ	4	1.3592e-01	3.0321e-02	0.127397	3
EDNRA	4	1.3602e-01	3.0321e-02	0.127397	3
PLA2G15	4	1.3602e-01	3.0321e-02	0.127397	3
GAS2L3	4	1.3605e-01	3.0531e-02	0.127887	3
GSDMA	4	1.3607e-01	3.0531e-02	0.127887	3
CACNA2D1	4	1.3610e-01	3.0531e-02	0.127887	3
TMEM185A	4	1.3611e-01	3.0531e-02	0.127887	3
PRR20E	4	1.3621e-01	3.0531e-02	0.127887	3
IKBKE	4	1.3629e-01	3.0531e-02	0.127887	3
TSPAN32	4	1.3639e-01	3.0532e-02	0.127887	3
KRTAP1-1	4	1.3643e-01	3.0532e-02	0.127887	3
NLRP9	4	1.3654e-01	3.0532e-02	0.127887	3
OTUB1	4	1.3660e-01	3.0532e-02	0.127887	2
TTC37	4	1.3666e-01	3.0532e-02	0.127887	3
OR10J5	4	1.3667e-01	3.0532e-02	0.127887	2
TRMT13	4	1.3669e-01	3.0532e-02	0.127887	2
CTDSP1	4	1.3672e-01	3.0532e-02	0.127887	2
OR10X1	4	1.3677e-01	3.0749e-02	0.128658	3
FCGR1A	4	1.3682e-01	3.0749e-02	0.128658	3
ATCAY	4	1.3686e-01	3.0749e-02	0.128658	3
SLC39A3	4	1.3690e-01	3.0749e-02	0.128658	3
SLC26A11	4	1.3693e-01	3.0749e-02	0.128658	3
C11orf31	4	1.3698e-01	3.1081e-02	0.129680	2
ARMC6	4	1.3710e-01	3.1081e-02	0.129680	3
MRGPRE	4	1.3712e-01	3.1081e-02	0.129680	2
CSNK2A3	4	1.3713e-01	3.1081e-02	0.129680	1
ZNF81	4	1.3717e-01	3.1081e-02	0.129680	3
IL12RB2	4	1.3719e-01	3.1081e-02	0.129680	3
EMB	4	1.3721e-01	3.1081e-02	0.129680	3
IL20	4	1.3724e-01	3.1081e-02	0.129680	3
PI4KA	4	1.3737e-01	3.1082e-02	0.129680	3
C1orf204	4	1.3740e-01	3.1082e-02	0.129680	3
SYCP2	4	1.3745e-01	3.1082e-02	0.129680	2
ITGA2B	4	1.3767e-01	3.1082e-02	0.129680	3
FKBP15	4	1.3771e-01	3.1082e-02	0.129680	3
HLA-DRA	4	1.3790e-01	3.1426e-02	0.130974	3
CYP26B1	4	1.3793e-01	3.1426e-02	0.130974	3
TTC29	4	1.3800e-01	3.1426e-02	0.130974	3
SNX27	4	1.3800e-01	3.1426e-02	0.130974	3
PI16	4	1.3801e-01	3.1426e-02	0.130974	3
TUBA8	4	1.3803e-01	3.1755e-02	0.132000	2
SIPA1L2	4	1.3806e-01	3.1755e-02	0.132000	3
SCN3A	4	1.3807e-01	3.1755e-02	0.132000	3
KRTAP23-1	4	1.3820e-01	3.1755e-02	0.132000	2
SV2A	4	1.3825e-01	3.1755e-02	0.132000	2
ZFX	4	1.3831e-01	3.1755e-02	0.132000	3
TMEM119	4	1.3832e-01	3.1755e-02	0.132000	3
LTBP3	4	1.3833e-01	3.1755e-02	0.132000	3
VTI1A	4	1.3838e-01	3.1755e-02	0.132000	3
LMLN	4	1.3841e-01	3.1755e-02	0.132000	3
ZNF787	4	1.3847e-01	3.1755e-02	0.132000	2
MGAT2	4	1.3848e-01	3.1755e-02	0.132000	3
RGS16	4	1.3851e-01	3.2117e-02	0.133215	3
TMEM194A	4	1.3856e-01	3.2117e-02	0.133215	3
ANKRD55	4	1.3859e-01	3.2117e-02	0.133215	3
CMTM4	4	1.3870e-01	3.2117e-02	0.133215	3
AIDA	4	1.3879e-01	3.2117e-02	0.133215	3
GPAT2	4	1.3887e-01	3.2117e-02	0.133215	2
TERF1	4	1.3890e-01	3.2117e-02	0.133215	3
DTD2	4	1.3896e-01	3.2117e-02	0.133215	3
RPL22	4	1.3897e-01	3.2117e-02	0.133215	2
KRT222	4	1.3900e-01	3.2117e-02	0.133215	2
MEOX2	4	1.3909e-01	3.2461e-02	0.134149	2
RCAN3	4	1.3913e-01	3.2461e-02	0.134149	3
UPRT	4	1.3914e-01	3.2461e-02	0.134149	1
ITGB2	4	1.3920e-01	3.2461e-02	0.134149	2
ZNF676	4	1.3924e-01	3.2461e-02	0.134149	3
REPS1	4	1.3931e-01	3.2461e-02	0.134149	2
SYT17	4	1.3940e-01	3.2462e-02	0.134149	3
PPM1D	4	1.3942e-01	3.2462e-02	0.134149	3
RASA1	4	1.3951e-01	3.2462e-02	0.134149	3
FMNL1	4	1.3958e-01	3.2462e-02	0.134149	2
NRAS	4	1.3959e-01	3.2462e-02	0.134149	2
SNCG	4	1.3959e-01	3.2462e-02	0.134149	3
LUC7L2	4	1.3961e-01	3.2462e-02	0.134149	2
RPRD1B	4	1.3962e-01	3.2462e-02	0.134149	2
HES2	4	1.3963e-01	3.2462e-02	0.134149	3
ACOT13	4	1.3967e-01	3.2462e-02	0.134149	3
ATAD1	4	1.3970e-01	3.2462e-02	0.134149	3
SAAL1	4	1.3979e-01	3.2820e-02	0.135514	3
TAS2R5	4	1.3981e-01	3.2820e-02	0.135514	2
PTPRG	4	1.3985e-01	3.2820e-02	0.135514	2
DEFB136	4	1.3986e-01	3.2820e-02	0.135514	3
RNF115	4	1.3995e-01	3.3046e-02	0.136152	3
WLS	4	1.3996e-01	3.3046e-02	0.136152	3
SNED1	4	1.3999e-01	3.3046e-02	0.136152	1
RAD54L2	4	1.4009e-01	3.3046e-02	0.136152	3
VENTX	4	1.4013e-01	3.3046e-02	0.136152	3
ARL4D	4	1.4013e-01	3.3046e-02	0.136152	3
SPRR2F	4	1.4014e-01	3.3046e-02	0.136152	3
PFAS	4	1.4018e-01	3.3046e-02	0.136152	3
LOC100652758	4	1.4032e-01	3.3046e-02	0.136152	1
DIP2C	4	1.4032e-01	3.3046e-02	0.136152	2
CEP152	4	1.4034e-01	3.3422e-02	0.137610	3
FAM135A	4	1.4035e-01	3.3422e-02	0.137610	3
ZNF766	4	1.4038e-01	3.3422e-02	0.137610	3
AASDH	4	1.4050e-01	3.4004e-02	0.139769	3
WDR5B	4	1.4052e-01	3.4004e-02	0.139769	3
RNF19A	4	1.4054e-01	3.4004e-02	0.139769	3
CHD2	4	1.4055e-01	3.4004e-02	0.139769	3
TTF2	4	1.4060e-01	3.4004e-02	0.139769	2
C7orf73	4	1.4061e-01	3.4004e-02	0.139769	3
RNF13	4	1.4087e-01	3.4391e-02	0.140569	2
TRAF3IP3	4	1.4094e-01	3.4392e-02	0.140569	3
HOXD11	4	1.4114e-01	3.4765e-02	0.140569	3
RBMX	4	1.4119e-01	3.4765e-02	0.140569	2
SLC16A3	4	1.4122e-01	3.4765e-02	0.140569	3
GHITM	4	1.4122e-01	3.4765e-02	0.140569	2
SULT1C4	4	1.4126e-01	3.4765e-02	0.140569	3
TRIM73	4	1.4137e-01	3.4765e-02	0.140569	3
APOBEC3D	4	1.4140e-01	3.4765e-02	0.140569	2
FNDC4	4	1.4140e-01	3.4765e-02	0.140569	2
IL22	4	1.4147e-01	3.4765e-02	0.140569	3
NID1	4	1.4157e-01	3.4765e-02	0.140569	3
SLC25A41	4	1.4172e-01	3.4765e-02	0.140569	2
LIM2	4	1.4191e-01	3.4765e-02	0.140569	3
MEAF6	4	1.4193e-01	3.4765e-02	0.140569	3
ARMS2	4	1.4194e-01	3.4765e-02	0.140569	3
SNRNP40	4	1.4198e-01	3.4765e-02	0.140569	3
GNG12	4	1.4217e-01	3.4765e-02	0.140569	2
CDKN1B	4	1.4220e-01	3.4765e-02	0.140569	2
SCYL1	4	1.4225e-01	3.4765e-02	0.140569	3
CPXCR1	4	1.4230e-01	3.4765e-02	0.140569	3
TOM1	4	1.4235e-01	3.4765e-02	0.140569	2
ISOC1	4	1.4240e-01	3.4765e-02	0.140569	3
ANKAR	4	1.4241e-01	3.4765e-02	0.140569	3
C5AR2	4	1.4247e-01	3.4765e-02	0.140569	2
PAK4	4	1.4251e-01	3.4765e-02	0.140569	2
AP5M1	4	1.4252e-01	3.4765e-02	0.140569	3
DPT	4	1.4263e-01	3.4765e-02	0.140569	3
TBX21	4	1.4269e-01	3.4765e-02	0.140569	3
SRRM3	4	1.4277e-01	3.4765e-02	0.140569	3
SUDS3	4	1.4282e-01	3.4765e-02	0.140569	2
GLRX5	4	1.4290e-01	3.4765e-02	0.140569	2
PDE6C	4	1.4299e-01	3.4765e-02	0.140569	3
OLR1	4	1.4306e-01	3.4765e-02	0.140569	2
EVX2	4	1.4307e-01	3.4765e-02	0.140569	3
IRS1	4	1.4310e-01	3.4765e-02	0.140569	3
UBXN11	4	1.4313e-01	3.4765e-02	0.140569	3
PBRM1	4	1.4314e-01	3.4765e-02	0.140569	3
PCSK1N	4	1.4315e-01	3.4765e-02	0.140569	3
ELF1	4	1.4318e-01	3.4765e-02	0.140569	3
OR2L8	4	1.4336e-01	3.4765e-02	0.140569	2
EEA1	4	1.4350e-01	3.4765e-02	0.140569	3
PVRL3	4	1.4351e-01	3.4765e-02	0.140569	3
FBP2	4	1.4377e-01	3.4765e-02	0.140569	3
ANKK1	4	1.4382e-01	3.4765e-02	0.140569	1
ZMAT3	4	1.4384e-01	3.4765e-02	0.140569	2
NFASC	4	1.4386e-01	3.4765e-02	0.140569	3
TMEM44	4	1.4395e-01	3.4765e-02	0.140569	3
SLC35G6	4	1.4396e-01	3.4765e-02	0.140569	1
OR14J1	4	1.4399e-01	3.4765e-02	0.140569	3
ZSCAN21	4	1.4407e-01	3.4765e-02	0.140569	3
CATSPER1	4	1.4411e-01	3.4765e-02	0.140569	3
ZNF79	4	1.4413e-01	3.4765e-02	0.140569	3
CLEC12B	4	1.4419e-01	3.4765e-02	0.140569	2
NME1	4	1.4427e-01	3.4765e-02	0.140569	2
ETV3L	4	1.4456e-01	3.4765e-02	0.140569	2
MTUS1	4	1.4460e-01	3.4765e-02	0.140569	2
APC2	4	1.4469e-01	3.4765e-02	0.140569	2
RNF157	4	1.4469e-01	3.4765e-02	0.140569	3
TMEM86B	4	1.4480e-01	3.4765e-02	0.140569	2
ESRRB	4	1.4481e-01	3.4765e-02	0.140569	3
JAZF1	4	1.4482e-01	3.4765e-02	0.140569	3
DIRAS3	4	1.4493e-01	3.4765e-02	0.140569	3
COMMD9	4	1.4496e-01	3.4765e-02	0.140569	2
TUBD1	4	1.4497e-01	3.4765e-02	0.140569	3
TSPY4	4	1.4505e-01	3.4765e-02	0.140569	3
PRKCE	4	1.4512e-01	3.4765e-02	0.140569	2
GBP6	4	1.4512e-01	3.4765e-02	0.140569	3
C2CD3	4	1.4513e-01	3.4765e-02	0.140569	3
TMEM200C	4	1.4518e-01	3.4765e-02	0.140569	3
AGPAT2	4	1.4521e-01	3.4765e-02	0.140569	3
SCT	4	1.4528e-01	3.4765e-02	0.140569	3
DGKG	4	1.4534e-01	3.4765e-02	0.140569	3
ST6GALNAC6	4	1.4534e-01	3.4765e-02	0.140569	3
MAGEB5	4	1.4536e-01	3.4765e-02	0.140569	2
SLFN12	4	1.4537e-01	3.4765e-02	0.140569	2
GDF5	4	1.4567e-01	3.4765e-02	0.140569	3
CDH15	4	1.4582e-01	3.4995e-02	0.140881	3
MMADHC	4	1.4591e-01	3.4996e-02	0.140881	2
TEKT2	4	1.4594e-01	3.4996e-02	0.140881	2
C11orf40	4	1.4595e-01	3.4996e-02	0.140881	3
EIF4H	4	1.4599e-01	3.5232e-02	0.140881	3
RBM12	4	1.4601e-01	3.5232e-02	0.140881	2
LY6G5C	4	1.4619e-01	3.5232e-02	0.140881	3
F12	4	1.4621e-01	3.5232e-02	0.140881	3
TMSB4X	4	1.4621e-01	3.5232e-02	0.140881	1
HSPBP1	4	1.4623e-01	3.5232e-02	0.140881	3
MBD3L2	4	1.4625e-01	3.5232e-02	0.140881	3
KLF3	4	1.4628e-01	3.5232e-02	0.140881	1
LOC158434	4	1.4628e-01	3.5232e-02	0.140881	2
C15orf65	4	1.4628e-01	3.5232e-02	0.140881	3
C1D	4	1.4629e-01	3.5232e-02	0.140881	3
MON1B	4	1.4631e-01	3.5232e-02	0.140881	3
SPACA5	4	1.4635e-01	3.5232e-02	0.140881	3
MTIF3	4	1.4639e-01	3.5232e-02	0.140881	3
DCLK3	4	1.4643e-01	3.5232e-02	0.140881	3
LAYN	4	1.4653e-01	3.5232e-02	0.140881	3
CLN6	4	1.4660e-01	3.5232e-02	0.140881	3
GLIS2	4	1.4662e-01	3.5232e-02	0.140881	2
GIT1	4	1.4667e-01	3.5232e-02	0.140881	3
CCDC144A	4	1.4670e-01	3.5232e-02	0.140881	2
SLC13A4	4	1.4672e-01	3.5232e-02	0.140881	3
NMRK2	4	1.4675e-01	3.5232e-02	0.140881	3
COX7A2	4	1.4677e-01	3.5232e-02	0.140881	2
SCMH1	4	1.4690e-01	3.5232e-02	0.140881	3
PADI1	4	1.4699e-01	3.5232e-02	0.140881	3
C5orf66	4	1.4702e-01	3.5232e-02	0.140881	3
YIPF3	4	1.4705e-01	3.5232e-02	0.140881	2
KRTAP10-11	4	1.4710e-01	3.5232e-02	0.140881	2
EIF4E3	4	1.4725e-01	3.5232e-02	0.140881	3
STX1B	4	1.4732e-01	3.5232e-02	0.140881	3
CA10	4	1.4741e-01	3.5232e-02	0.140881	3
CKMT1B	4	1.4743e-01	3.5232e-02	0.140881	3
CFAP52	4	1.4751e-01	3.5454e-02	0.140881	2
RRP36	4	1.4752e-01	3.5454e-02	0.140881	2
RABGAP1	4	1.4753e-01	3.5454e-02	0.140881	3
SAMD12	4	1.4754e-01	3.5454e-02	0.140881	3
SMIM5	4	1.4759e-01	3.5454e-02	0.140881	3
MED24	4	1.4768e-01	3.5454e-02	0.140881	3
RAD52	4	1.4768e-01	3.5454e-02	0.140881	2
REST	4	1.4777e-01	3.5454e-02	0.140881	3
DMRTC1B	4	1.4781e-01	3.5454e-02	0.140881	3
HDAC10	4	1.4785e-01	3.5454e-02	0.140881	3
MEST	4	1.4786e-01	3.5454e-02	0.140881	3
SETD6	4	1.4790e-01	3.5454e-02	0.140881	3
TYR	4	1.4797e-01	3.5454e-02	0.140881	3
RGPD4	4	1.4808e-01	3.5454e-02	0.140881	3
TAT	4	1.4809e-01	3.5454e-02	0.140881	3
NMUR2	4	1.4826e-01	3.5454e-02	0.140881	2
FCGR2A	4	1.4827e-01	3.5454e-02	0.140881	3
LSMEM2	4	1.4829e-01	3.5454e-02	0.140881	3
CBL	4	1.4832e-01	3.5454e-02	0.140881	3
SRA1	4	1.4832e-01	3.5454e-02	0.140881	3
LIMK2	4	1.4835e-01	3.5454e-02	0.140881	3
PJA2	4	1.4841e-01	3.5454e-02	0.140881	3
MTERF2	4	1.4850e-01	3.5454e-02	0.140881	3
HLA-DPB1	4	1.4856e-01	3.5454e-02	0.140881	3
MEF2BNB	4	1.4860e-01	3.5454e-02	0.140881	2
TRNP1	4	1.4860e-01	3.5454e-02	0.140881	3
TNFRSF25	4	1.4881e-01	3.5454e-02	0.140881	3
NOL4L	4	1.4889e-01	3.5454e-02	0.140881	3
EIF4E2	4	1.4903e-01	3.5454e-02	0.140881	2
SOX15	4	1.4905e-01	3.5454e-02	0.140881	3
PTBP1	4	1.4906e-01	3.5454e-02	0.140881	3
FOXD1	4	1.4912e-01	3.5454e-02	0.140881	3
FOXD4	4	1.4918e-01	3.5454e-02	0.140881	3
OAZ2	4	1.4921e-01	3.5454e-02	0.140881	3
SOX3	4	1.4924e-01	3.5454e-02	0.140881	3
GCDH	4	1.4933e-01	3.5454e-02	0.140881	3
CHRNB1	4	1.4936e-01	3.5454e-02	0.140881	3
HTRA2	4	1.4942e-01	3.5454e-02	0.140881	3
PODXL	4	1.4959e-01	3.5454e-02	0.140881	2
HNRNPDL	4	1.4960e-01	3.5454e-02	0.140881	3
MKKS	4	1.4971e-01	3.5454e-02	0.140881	3
NFE4	4	1.4974e-01	3.5454e-02	0.140881	3
FBXO45	4	1.4978e-01	3.5454e-02	0.140881	3
HESX1	4	1.4979e-01	3.5454e-02	0.140881	3
HDHD2	4	1.4985e-01	3.5454e-02	0.140881	3
PLA2G2A	4	1.4987e-01	3.5454e-02	0.140881	2
QPRT	4	1.4988e-01	3.5454e-02	0.140881	2
CST1	4	1.5007e-01	3.5830e-02	0.142169	2
LONRF1	4	1.5008e-01	3.5830e-02	0.142169	3
NACA2	4	1.5010e-01	3.5830e-02	0.142169	3
CDY2A	4	1.5011e-01	3.5830e-02	0.142169	2
NDUFAF1	4	1.5022e-01	3.5830e-02	0.142169	2
WDR66	4	1.5024e-01	3.5830e-02	0.142169	3
TMEM26	4	1.5030e-01	3.5830e-02	0.142169	2
NR4A3	4	1.5047e-01	3.6209e-02	0.143554	2
CLHC1	4	1.5050e-01	3.6209e-02	0.143554	3
FJX1	4	1.5061e-01	3.6210e-02	0.143554	1
KRTCAP2	4	1.5068e-01	3.6210e-02	0.143554	3
PARP15	4	1.5088e-01	3.6592e-02	0.145010	3
HIST4H4	4	1.5089e-01	3.6592e-02	0.145010	1
CCDC86	4	1.5126e-01	3.6976e-02	0.146141	2
SI	4	1.5131e-01	3.6976e-02	0.146141	3
SLC35F3	4	1.5133e-01	3.6976e-02	0.146141	2
SPOP	4	1.5140e-01	3.6976e-02	0.146141	3
TPM1	4	1.5154e-01	3.6977e-02	0.146141	3
PDPN	4	1.5162e-01	3.6977e-02	0.146141	3
NPTN	4	1.5162e-01	3.6977e-02	0.146141	3
LDHD	4	1.5164e-01	3.6977e-02	0.146141	3
KIAA0040	4	1.5168e-01	3.6977e-02	0.146141	3
MKNK2	4	1.5170e-01	3.6977e-02	0.146141	3
PRPH	4	1.5174e-01	3.6977e-02	0.146141	3
LRAT	4	1.5177e-01	3.6977e-02	0.146141	3
OR2L3	4	1.5179e-01	3.6977e-02	0.146141	3
CDK11B	4	1.5180e-01	3.7226e-02	0.146313	3
MRPL2	4	1.5182e-01	3.7226e-02	0.146313	3
MDM2	4	1.5184e-01	3.7226e-02	0.146313	3
NBR1	4	1.5189e-01	3.7226e-02	0.146313	2
CT45A3	4	1.5194e-01	3.7226e-02	0.146313	3
HS3ST4	4	1.5194e-01	3.7226e-02	0.146313	2
SULT2A1	4	1.5202e-01	3.7226e-02	0.146313	3
SGCA	4	1.5207e-01	3.7226e-02	0.146313	2
SNTN	4	1.5208e-01	3.7226e-02	0.146313	3
OR6C4	4	1.5212e-01	3.7226e-02	0.146313	3
PPIL3	4	1.5212e-01	3.7226e-02	0.146313	3
BTNL10	4	1.5239e-01	3.7226e-02	0.146313	3
CASR	4	1.5241e-01	3.7226e-02	0.146313	3
ABHD3	4	1.5244e-01	3.7226e-02	0.146313	2
C10orf55	4	1.5254e-01	3.7227e-02	0.146313	2
FOXD4L5	4	1.5254e-01	3.7227e-02	0.146313	3
UBE2Q2L	4	1.5264e-01	3.7227e-02	0.146313	3
SH2D7	4	1.5267e-01	3.7227e-02	0.146313	2
MLLT11	4	1.5268e-01	3.7227e-02	0.146313	3
NDEL1	4	1.5284e-01	3.7227e-02	0.146313	3
LMCD1	4	1.5295e-01	3.7227e-02	0.146313	2
TGOLN2	4	1.5299e-01	3.7227e-02	0.146313	2
DMWD	4	1.5302e-01	3.7227e-02	0.146313	3
ARMCX5	4	1.5306e-01	3.7227e-02	0.146313	3
MYH8	4	1.5307e-01	3.7227e-02	0.146313	2
OR8B2	4	1.5311e-01	3.7227e-02	0.146313	3
P2RY6	4	1.5313e-01	3.7227e-02	0.146313	3
RECQL5	4	1.5323e-01	3.7638e-02	0.147687	3
USH1G	4	1.5324e-01	3.7638e-02	0.147687	2
ZNF626	4	1.5336e-01	3.7638e-02	0.147687	3
DEFB115	4	1.5338e-01	3.7638e-02	0.147687	3
ZNF568	4	1.5339e-01	3.7638e-02	0.147687	2
MED17	4	1.5340e-01	3.7638e-02	0.147687	2
ATF6	4	1.5343e-01	3.7638e-02	0.147687	3
MPZL2	4	1.5345e-01	3.7638e-02	0.147687	3
DYX1C1	4	1.5352e-01	3.8050e-02	0.148814	3
C3orf84	4	1.5355e-01	3.8050e-02	0.148814	3
PRDM6	4	1.5361e-01	3.8050e-02	0.148814	2
NEK1	4	1.5367e-01	3.8050e-02	0.148814	3
PRMT7	4	1.5371e-01	3.8050e-02	0.148814	3
SAGE1	4	1.5376e-01	3.8050e-02	0.148814	3
UPF3A	4	1.5378e-01	3.8050e-02	0.148814	3
MYOCD	4	1.5385e-01	3.8050e-02	0.148814	3
ERCC6-PGBD3	4	1.5387e-01	3.8050e-02	0.148814	3
ZC3H3	4	1.5390e-01	3.8050e-02	0.148814	2
C17orf89	4	1.5397e-01	3.8050e-02	0.148814	3
EML1	4	1.5400e-01	3.8050e-02	0.148814	3
PCDH11Y	4	1.5401e-01	3.8050e-02	0.148814	3
MOB3A	4	1.5404e-01	3.8050e-02	0.148814	3
DNAJC4	4	1.5419e-01	3.8050e-02	0.148814	3
SPATA25	4	1.5422e-01	3.8050e-02	0.148814	2
BPY2B	4	1.5433e-01	3.8434e-02	0.149765	3
ATG3	4	1.5440e-01	3.8434e-02	0.149765	3
GRM2	4	1.5445e-01	3.8434e-02	0.149765	3
CTBP2	4	1.5449e-01	3.8434e-02	0.149765	3
C15orf32	4	1.5452e-01	3.8434e-02	0.149765	2
NANOG	4	1.5471e-01	3.8434e-02	0.149765	3
MTRNR2L3	4	1.5488e-01	3.8434e-02	0.149765	3
RUNX2	4	1.5498e-01	3.8434e-02	0.149765	3
HEXIM1	4	1.5500e-01	3.8434e-02	0.149765	3
NRG2	4	1.5514e-01	3.8435e-02	0.149765	3
SZRD1	4	1.5516e-01	3.8435e-02	0.149765	3
ELAC1	4	1.5518e-01	3.8435e-02	0.149765	3
RALGAPA2	4	1.5530e-01	3.8435e-02	0.149765	2
FBXO28	4	1.5540e-01	3.8435e-02	0.149765	3
OLIG3	4	1.5549e-01	3.8435e-02	0.149765	3
STMN1	4	1.5556e-01	3.8435e-02	0.149765	3
SPRR2B	4	1.5562e-01	3.8435e-02	0.149765	3
OR8H2	4	1.5569e-01	3.8435e-02	0.149765	3
AES	4	1.5577e-01	3.8842e-02	0.150980	3
CCDC85C	4	1.5580e-01	3.8842e-02	0.150980	3
RPS6KA2	4	1.5590e-01	3.8843e-02	0.150980	3
OSGEPL1	4	1.5592e-01	3.8843e-02	0.150980	3
PHPT1	4	1.5593e-01	3.8843e-02	0.150980	3
AP4B1	4	1.5594e-01	3.8843e-02	0.150980	3
C7orf57	4	1.5597e-01	3.8843e-02	0.150980	3
TPGS1	4	1.5600e-01	3.8843e-02	0.150980	3
CCDC129	4	1.5601e-01	3.8843e-02	0.150980	3
PRR36	4	1.5602e-01	3.8843e-02	0.150980	2
PITPNA	4	1.5609e-01	3.9267e-02	0.150980	2
HMGN3	4	1.5611e-01	3.9267e-02	0.150980	2
FABP4	4	1.5613e-01	3.9267e-02	0.150980	2
CDO1	4	1.5615e-01	3.9267e-02	0.150980	3
NDUFV1	4	1.5617e-01	3.9267e-02	0.150980	3
PTX4	4	1.5621e-01	3.9267e-02	0.150980	3
ZNF432	4	1.5632e-01	3.9267e-02	0.150980	3
ITGAX	4	1.5636e-01	3.9267e-02	0.150980	3
TMEM254	4	1.5650e-01	3.9267e-02	0.150980	3
ALS2CR12	4	1.5651e-01	3.9267e-02	0.150980	3
PCK2	4	1.5654e-01	3.9267e-02	0.150980	3
FABP5	4	1.5657e-01	3.9267e-02	0.150980	3
TMPO	4	1.5658e-01	3.9267e-02	0.150980	3
CMTM6	4	1.5662e-01	3.9267e-02	0.150980	3
TMEM204	4	1.5664e-01	3.9267e-02	0.150980	3
SAXO2	4	1.5669e-01	3.9267e-02	0.150980	3
OR10A4	4	1.5673e-01	3.9267e-02	0.150980	3
TBC1D5	4	1.5676e-01	3.9267e-02	0.150980	3
RAP1GAP	4	1.5680e-01	3.9267e-02	0.150980	2
PGBD1	4	1.5685e-01	3.9267e-02	0.150980	3
AIRE	4	1.5696e-01	3.9267e-02	0.150980	3
GGA2	4	1.5704e-01	3.9267e-02	0.150980	3
SH3RF2	4	1.5708e-01	3.9267e-02	0.150980	2
MSL2	4	1.5714e-01	3.9267e-02	0.150980	2
CYP1A2	4	1.5716e-01	3.9267e-02	0.150980	3
MYH7	4	1.5718e-01	3.9267e-02	0.150980	3
MKNK1	4	1.5721e-01	3.9267e-02	0.150980	3
TNNT1	4	1.5726e-01	3.9267e-02	0.150980	3
NPIPA7	4	1.5729e-01	3.9267e-02	0.150980	2
HIST1H3J	4	1.5733e-01	3.9267e-02	0.150980	3
EFNA2	4	1.5741e-01	3.9267e-02	0.150980	2
MTRNR2L4	4	1.5741e-01	3.9267e-02	0.150980	2
SLC35D2	4	1.5743e-01	3.9267e-02	0.150980	3
DNAJC16	4	1.5746e-01	3.9268e-02	0.150980	3
PKHD1L1	4	1.5750e-01	3.9268e-02	0.150980	3
ZNF444	4	1.5757e-01	3.9268e-02	0.150980	3
RASA2	4	1.5760e-01	3.9268e-02	0.150980	3
DAP	4	1.5764e-01	3.9268e-02	0.150980	1
PCDHGC3	4	1.5783e-01	3.9268e-02	0.150980	3
DACH2	4	1.5790e-01	3.9268e-02	0.150980	3
PLEKHF1	4	1.5793e-01	3.9268e-02	0.150980	3
KCNQ5	4	1.5796e-01	3.9268e-02	0.150980	3
COX6A1	4	1.5796e-01	3.9268e-02	0.150980	3
ENTPD5	4	1.5800e-01	3.9268e-02	0.150980	2
TMEM180	4	1.5814e-01	3.9268e-02	0.150980	3
DEFB127	4	1.5824e-01	3.9268e-02	0.150980	2
FHOD1	4	1.5828e-01	3.9268e-02	0.150980	3
ARG1	4	1.5838e-01	3.9268e-02	0.150980	3
FYN	4	1.5839e-01	3.9268e-02	0.150980	3
ALG10	4	1.5846e-01	3.9268e-02	0.150980	3
PCDHB12	4	1.5849e-01	3.9268e-02	0.150980	3
CCDC179	4	1.5856e-01	3.9268e-02	0.150980	3
WDR17	4	1.5868e-01	3.9268e-02	0.150980	2
OR8H3	4	1.5872e-01	3.9268e-02	0.150980	3
ZNF646	4	1.5872e-01	3.9268e-02	0.150980	2
USP17L26	4	1.5878e-01	3.9268e-02	0.150980	3
PCSK1	4	1.5889e-01	3.9691e-02	0.152519	3
PIK3R3	4	1.5892e-01	3.9691e-02	0.152519	3
SPTBN2	4	1.5896e-01	3.9692e-02	0.152519	3
SENP7	4	1.5904e-01	3.9949e-02	0.152955	3
NDUFB11	4	1.5906e-01	3.9949e-02	0.152955	3
ECSIT	4	1.5908e-01	3.9949e-02	0.152955	2
CCND2	4	1.5913e-01	3.9949e-02	0.152955	3
EEF1E1	4	1.5916e-01	3.9949e-02	0.152955	3
REEP5	4	1.5927e-01	3.9949e-02	0.152955	3
CRBN	4	1.5931e-01	3.9949e-02	0.152955	3
NLRC5	4	1.5935e-01	3.9949e-02	0.152955	2
RTKN	4	1.5936e-01	3.9949e-02	0.152955	3
PTTG2	4	1.5941e-01	3.9949e-02	0.152955	3
WBSCR28	4	1.5943e-01	3.9949e-02	0.152955	3
NIPA1	4	1.5944e-01	3.9949e-02	0.152955	3
ACOT12	4	1.5948e-01	3.9949e-02	0.152955	2
GNS	4	1.5951e-01	3.9949e-02	0.152955	3
NQO2	4	1.5969e-01	3.9949e-02	0.152955	3
FNBP4	4	1.5975e-01	3.9949e-02	0.152955	3
OR52R1	4	1.5981e-01	3.9949e-02	0.152955	2
PPP2R1B	4	1.5985e-01	3.9949e-02	0.152955	2
GOLM1	4	1.5994e-01	4.0369e-02	0.153152	3
GDPD3	4	1.6000e-01	4.0369e-02	0.153152	3
PRSS42	4	1.6008e-01	4.0369e-02	0.153152	2
ARHGAP42	4	1.6009e-01	4.0369e-02	0.153152	3
STRN4	4	1.6014e-01	4.0369e-02	0.153152	3
MBLAC1	4	1.6014e-01	4.0369e-02	0.153152	3
DCAF12L1	4	1.6022e-01	4.0369e-02	0.153152	3
PRKRIP1	4	1.6023e-01	4.0369e-02	0.153152	3
PRPSAP1	4	1.6030e-01	4.0369e-02	0.153152	3
ZNF451	4	1.6031e-01	4.0369e-02	0.153152	3
SECISBP2	4	1.6037e-01	4.0369e-02	0.153152	2
PCIF1	4	1.6040e-01	4.0369e-02	0.153152	2
BASP1	4	1.6042e-01	4.0369e-02	0.153152	2
GAGE1	4	1.6046e-01	4.0369e-02	0.153152	2
GRN	4	1.6063e-01	4.0369e-02	0.153152	2
PDCD6IP	4	1.6073e-01	4.0369e-02	0.153152	3
PRDM16	4	1.6075e-01	4.0369e-02	0.153152	2
PLD1	4	1.6079e-01	4.0369e-02	0.153152	3
GUCA1B	4	1.6086e-01	4.0369e-02	0.153152	3
KDM6B	4	1.6093e-01	4.0369e-02	0.153152	3
ARHGAP4	4	1.6101e-01	4.0369e-02	0.153152	3
ADGRL2	4	1.6102e-01	4.0369e-02	0.153152	2
HIST1H2AG	4	1.6104e-01	4.0369e-02	0.153152	2
TAP2	4	1.6124e-01	4.0369e-02	0.153152	3
LMOD2	4	1.6132e-01	4.0369e-02	0.153152	3
VCX3A	4	1.6136e-01	4.0369e-02	0.153152	3
BTD	4	1.6136e-01	4.0369e-02	0.153152	2
TMEM158	4	1.6139e-01	4.0369e-02	0.153152	3
SLC12A8	4	1.6151e-01	4.0369e-02	0.153152	3
IKZF4	4	1.6152e-01	4.0369e-02	0.153152	3
PDE3B	4	1.6153e-01	4.0369e-02	0.153152	2
SPATA31C2	4	1.6159e-01	4.0369e-02	0.153152	2
HEXB	4	1.6165e-01	4.0369e-02	0.153152	3
TMEM139	4	1.6177e-01	4.0369e-02	0.153152	1
GPHB5	4	1.6180e-01	4.0369e-02	0.153152	3
ARL14	4	1.6184e-01	4.0369e-02	0.153152	3
GJC1	4	1.6190e-01	4.0369e-02	0.153152	3
RELT	4	1.6192e-01	4.0369e-02	0.153152	2
DRP2	4	1.6197e-01	4.0369e-02	0.153152	3
HPCAL4	4	1.6211e-01	4.0369e-02	0.153152	3
PI15	4	1.6211e-01	4.0369e-02	0.153152	3
CDH26	4	1.6214e-01	4.0369e-02	0.153152	2
AIMP2	4	1.6224e-01	4.0369e-02	0.153152	3
POLR3GL	4	1.6231e-01	4.0369e-02	0.153152	3
ERLIN2	4	1.6242e-01	4.0369e-02	0.153152	2
KRTAP10-9	4	1.6254e-01	4.0780e-02	0.154588	3
SORD	4	1.6255e-01	4.0780e-02	0.154588	3
C3orf18	4	1.6266e-01	4.0780e-02	0.154588	3
AMIGO1	4	1.6268e-01	4.0780e-02	0.154588	2
LOC339862	4	1.6275e-01	4.1211e-02	0.155545	3
THUMPD1	4	1.6278e-01	4.1211e-02	0.155545	3
USP27X	4	1.6279e-01	4.1211e-02	0.155545	3
SOWAHD	4	1.6292e-01	4.1211e-02	0.155545	3
TAS2R41	4	1.6296e-01	4.1211e-02	0.155545	2
AKAP8	4	1.6299e-01	4.1211e-02	0.155545	3
FICD	4	1.6302e-01	4.1211e-02	0.155545	3
TRIM9	4	1.6317e-01	4.1211e-02	0.155545	3
GPSM1	4	1.6328e-01	4.1211e-02	0.155545	2
POU6F2	4	1.6339e-01	4.1212e-02	0.155545	3
NUP50	4	1.6346e-01	4.1212e-02	0.155545	3
PXDNL	4	1.6349e-01	4.1212e-02	0.155545	3
POU5F1	4	1.6357e-01	4.1212e-02	0.155545	3
GHRL	4	1.6359e-01	4.1212e-02	0.155545	3
EMC2	4	1.6362e-01	4.1212e-02	0.155545	2
CDKAL1	4	1.6367e-01	4.1212e-02	0.155545	3
CT45A7	4	1.6369e-01	4.1212e-02	0.155545	2
XG	4	1.6371e-01	4.1212e-02	0.155545	2
SCAMP2	4	1.6380e-01	4.1212e-02	0.155545	3
PHF11	4	1.6390e-01	4.1212e-02	0.155545	2
ZNF608	4	1.6391e-01	4.1212e-02	0.155545	3
SOST	4	1.6394e-01	4.1212e-02	0.155545	3
PDILT	4	1.6398e-01	4.1628e-02	0.156745	2
ADAMTS9	4	1.6404e-01	4.1628e-02	0.156745	3
PATZ1	4	1.6407e-01	4.1628e-02	0.156745	2
MKL2	4	1.6408e-01	4.1628e-02	0.156745	3
HIPK1	4	1.6423e-01	4.1628e-02	0.156745	3
PIGB	4	1.6424e-01	4.1628e-02	0.156745	3
RAP1A	4	1.6427e-01	4.1628e-02	0.156745	2
ILDR1	4	1.6437e-01	4.1628e-02	0.156745	3
SARM1	4	1.6441e-01	4.1628e-02	0.156745	3
IPMK	4	1.6442e-01	4.1628e-02	0.156745	2
ADIG	4	1.6448e-01	4.1628e-02	0.156745	3
RAB24	4	1.6451e-01	4.1628e-02	0.156745	2
SUPT3H	4	1.6453e-01	4.2062e-02	0.158286	3
RNASE7	4	1.6455e-01	4.2062e-02	0.158286	3
GK2	4	1.6460e-01	4.2062e-02	0.158286	3
TYMSOS	4	1.6498e-01	4.2516e-02	0.159742	3
REL	4	1.6498e-01	4.2516e-02	0.159742	1
WDYHV1	4	1.6500e-01	4.2516e-02	0.159742	3
SLC6A8	4	1.6505e-01	4.2516e-02	0.159742	3
WSB1	4	1.6507e-01	4.2516e-02	0.159742	3
NADK	4	1.6510e-01	4.2516e-02	0.159742	3
KRTAP9-7	4	1.6523e-01	4.2516e-02	0.159742	2
DNAAF2	4	1.6524e-01	4.2516e-02	0.159742	3
F13A1	4	1.6542e-01	4.2773e-02	0.160522	3
LIMS3	4	1.6543e-01	4.2773e-02	0.160522	1
RNH1	4	1.6545e-01	4.2773e-02	0.160522	3
GAS2L1	4	1.6547e-01	4.2773e-02	0.160522	3
MAPK9	4	1.6550e-01	4.2774e-02	0.160522	3
KRTAP1-3	4	1.6562e-01	4.2774e-02	0.160522	3
ATOH1	4	1.6570e-01	4.3028e-02	0.161415	2
LNX1	4	1.6580e-01	4.3029e-02	0.161415	3
PDE1C	4	1.6585e-01	4.3461e-02	0.162752	3
CXorf40A	4	1.6588e-01	4.3461e-02	0.162752	3
TTC21A	4	1.6590e-01	4.3461e-02	0.162752	3
NGRN	4	1.6590e-01	4.3461e-02	0.162752	2
PFKFB1	4	1.6592e-01	4.3461e-02	0.162752	3
MGAT4A	4	1.6595e-01	4.3461e-02	0.162752	3
DAPK3	4	1.6604e-01	4.3461e-02	0.162752	2
FAM122B	4	1.6626e-01	4.3462e-02	0.162752	2
PRKAA2	4	1.6627e-01	4.3462e-02	0.162752	3
ANGPTL6	4	1.6644e-01	4.3914e-02	0.162882	3
HOXC6	4	1.6645e-01	4.3914e-02	0.162882	2
PPME1	4	1.6647e-01	4.3914e-02	0.162882	3
RANBP1	4	1.6647e-01	4.3914e-02	0.162882	2
C1QL1	4	1.6653e-01	4.3914e-02	0.162882	3
SLC9A8	4	1.6670e-01	4.3914e-02	0.162882	3
MYADM	4	1.6678e-01	4.3914e-02	0.162882	3
BEND3	4	1.6682e-01	4.3914e-02	0.162882	2
CLEC4M	4	1.6685e-01	4.3914e-02	0.162882	3
PGA3	4	1.6689e-01	4.3914e-02	0.162882	2
PIGS	4	1.6689e-01	4.3914e-02	0.162882	2
SPIB	4	1.6705e-01	4.3914e-02	0.162882	3
RNF207	4	1.6709e-01	4.3914e-02	0.162882	3
COPG2	4	1.6715e-01	4.3914e-02	0.162882	2
NAB1	4	1.6717e-01	4.3914e-02	0.162882	3
ACOX2	4	1.6724e-01	4.3914e-02	0.162882	3
ACSM2B	4	1.6729e-01	4.3914e-02	0.162882	2
REEP6	4	1.6729e-01	4.3914e-02	0.162882	3
EHD2	4	1.6730e-01	4.3914e-02	0.162882	3
CXCL3	4	1.6732e-01	4.3914e-02	0.162882	2
COPZ2	4	1.6738e-01	4.3914e-02	0.162882	2
KLF9	4	1.6740e-01	4.3914e-02	0.162882	2
COX15	4	1.6746e-01	4.3914e-02	0.162882	2
TLCD1	4	1.6747e-01	4.3914e-02	0.162882	3
PRKCB	4	1.6751e-01	4.3914e-02	0.162882	3
MTRNR2L7	4	1.6751e-01	4.3914e-02	0.162882	2
GALNT1	4	1.6753e-01	4.3914e-02	0.162882	3
SENP3	4	1.6754e-01	4.3914e-02	0.162882	2
A4GALT	4	1.6760e-01	4.3914e-02	0.162882	3
TMEM69	4	1.6760e-01	4.3914e-02	0.162882	3
COL12A1	4	1.6762e-01	4.3914e-02	0.162882	3
FMNL2	4	1.6763e-01	4.3914e-02	0.162882	2
CARD11	4	1.6767e-01	4.3914e-02	0.162882	3
SNX6	4	1.6770e-01	4.3914e-02	0.162882	3
DFNB59	4	1.6783e-01	4.3914e-02	0.162882	3
HCN1	4	1.6785e-01	4.3914e-02	0.162882	3
DYDC1	4	1.6791e-01	4.3914e-02	0.162882	3
RGS3	4	1.6795e-01	4.3914e-02	0.162882	3
ANKRD32	4	1.6796e-01	4.3914e-02	0.162882	3
MYO19	4	1.6810e-01	4.3914e-02	0.162882	3
RAB3D	4	1.6814e-01	4.3914e-02	0.162882	3
C8orf58	4	1.6819e-01	4.3914e-02	0.162882	3
PEX11B	3	1.6821e-01	3.3939e-02	0.139681	2
LY6G5B	4	1.6823e-01	4.3914e-02	0.162882	2
SH3BGR	4	1.6828e-01	4.3914e-02	0.162882	3
TMEM222	4	1.6829e-01	4.3914e-02	0.162882	3
DCAF4	4	1.6831e-01	4.3914e-02	0.162882	3
HCN2	4	1.6832e-01	4.3914e-02	0.162882	3
RALYL	4	1.6837e-01	4.3914e-02	0.162882	3
TIGD2	4	1.6845e-01	4.3914e-02	0.162882	3
ZNF813	4	1.6848e-01	4.4342e-02	0.164310	3
COA6	4	1.6855e-01	4.4342e-02	0.164310	2
NADK2	4	1.6864e-01	4.4342e-02	0.164310	3
TMEM159	4	1.6882e-01	4.4342e-02	0.164310	3
CCPG1	4	1.6884e-01	4.4342e-02	0.164310	3
LDLRAD3	4	1.6890e-01	4.4611e-02	0.164640	2
DLG1	4	1.6904e-01	4.4611e-02	0.164640	3
SH3GL1	4	1.6917e-01	4.4611e-02	0.164640	3
TUSC5	4	1.6920e-01	4.4611e-02	0.164640	3
DGKE	4	1.6925e-01	4.4611e-02	0.164640	3
KIDINS220	4	1.6926e-01	4.4611e-02	0.164640	3
PCCB	4	1.6931e-01	4.4611e-02	0.164640	2
PGAM5	4	1.6932e-01	4.4611e-02	0.164640	3
BLZF1	4	1.6933e-01	4.4611e-02	0.164640	2
RPL36AL	4	1.6933e-01	4.4611e-02	0.164640	3
HCRTR2	4	1.6935e-01	4.4611e-02	0.164640	3
SNRNP48	4	1.6945e-01	4.4612e-02	0.164640	2
ALDH6A1	4	1.6951e-01	4.4612e-02	0.164640	3
PLSCR3	4	1.6954e-01	4.4612e-02	0.164640	3
NUDT1	4	1.6954e-01	4.4612e-02	0.164640	2
CREBZF	4	1.6955e-01	4.4612e-02	0.164640	3
EGF	4	1.6959e-01	4.4612e-02	0.164640	3
ASAP1	4	1.6968e-01	4.4612e-02	0.164640	3
TCF4	3	1.6971e-01	3.3939e-02	0.139681	2
CNNM4	4	1.6985e-01	4.4612e-02	0.164640	2
BHLHA15	4	1.6988e-01	4.4612e-02	0.164640	3
GABRG1	4	1.6989e-01	4.4612e-02	0.164640	2
SST	4	1.6999e-01	4.5091e-02	0.166153	2
PIP5K1C	4	1.7001e-01	4.5091e-02	0.166153	3
SLC35E4	4	1.7003e-01	4.5091e-02	0.166153	1
TMEM55A	4	1.7007e-01	4.5091e-02	0.166153	3
LYPLA2	4	1.7011e-01	4.5092e-02	0.166153	2
KIAA2012	4	1.7024e-01	4.5092e-02	0.166153	2
ITGA5	4	1.7026e-01	4.5092e-02	0.166153	2
TMCO5A	4	1.7029e-01	4.5092e-02	0.166153	3
ACTR5	4	1.7038e-01	4.5383e-02	0.166876	3
S1PR1	4	1.7045e-01	4.5383e-02	0.166876	3
PAX9	4	1.7048e-01	4.5383e-02	0.166876	2
CNN2	4	1.7048e-01	4.5383e-02	0.166876	3
COL6A3	4	1.7048e-01	4.5383e-02	0.166876	1
STK4	4	1.7050e-01	4.5383e-02	0.166876	2
FOXA1	4	1.7051e-01	4.5383e-02	0.166876	3
CHD3	4	1.7052e-01	4.5383e-02	0.166876	2
MDP1	4	1.7055e-01	4.5383e-02	0.166876	2
PPP2R3B	4	1.7061e-01	4.5384e-02	0.166876	3
IL6R	4	1.7061e-01	4.5384e-02	0.166876	3
PCMTD2	4	1.7082e-01	4.5687e-02	0.167380	3
EIF5AL1	4	1.7089e-01	4.5687e-02	0.167380	2
DTWD1	4	1.7097e-01	4.5687e-02	0.167380	3
HEG1	4	1.7108e-01	4.5687e-02	0.167380	3
HDAC9	4	1.7109e-01	4.5687e-02	0.167380	3
ZNF418	4	1.7112e-01	4.5687e-02	0.167380	3
C1QL4	4	1.7112e-01	4.5687e-02	0.167380	3
CSRNP1	4	1.7115e-01	4.5687e-02	0.167380	3
FBXO8	4	1.7120e-01	4.5687e-02	0.167380	3
CUX2	4	1.7132e-01	4.5687e-02	0.167380	2
FAM107B	4	1.7141e-01	4.5687e-02	0.167380	2
TCFL5	4	1.7145e-01	4.5687e-02	0.167380	3
HCFC1R1	4	1.7148e-01	4.5687e-02	0.167380	2
TACC2	4	1.7150e-01	4.5687e-02	0.167380	3
HTR2A	4	1.7160e-01	4.5687e-02	0.167380	3
MYO1E	4	1.7163e-01	4.5687e-02	0.167380	3
FITM1	4	1.7165e-01	4.5687e-02	0.167380	3
GNRH1	4	1.7167e-01	4.5687e-02	0.167380	2
SRGN	4	1.7179e-01	4.5687e-02	0.167380	2
ANO10	4	1.7182e-01	4.6145e-02	0.168479	3
BPIFA1	4	1.7185e-01	4.6145e-02	0.168479	3
STXBP6	4	1.7186e-01	4.6145e-02	0.168479	3
CCL1	4	1.7187e-01	4.6145e-02	0.168479	3
PGRMC1	4	1.7188e-01	4.6145e-02	0.168479	2
FAM174A	4	1.7206e-01	4.6145e-02	0.168479	2
CFAP69	4	1.7208e-01	4.6145e-02	0.168479	2
GKN2	4	1.7211e-01	4.6145e-02	0.168479	3
UGGT2	4	1.7212e-01	4.6145e-02	0.168479	2
ZBTB47	4	1.7214e-01	4.6145e-02	0.168479	3
AP1G2	4	1.7220e-01	4.6145e-02	0.168479	3
CSHL1	4	1.7221e-01	4.6146e-02	0.168479	3
C10orf120	4	1.7231e-01	4.6146e-02	0.168479	3
IKZF5	4	1.7234e-01	4.6146e-02	0.168479	3
ABAT	4	1.7241e-01	4.6146e-02	0.168479	2
OR2AK2	4	1.7247e-01	4.6146e-02	0.168479	3
GK5	4	1.7255e-01	4.6146e-02	0.168479	2
TMEM173	4	1.7259e-01	4.6146e-02	0.168479	2
FAM166A	4	1.7263e-01	4.6595e-02	0.169063	3
COLEC12	4	1.7265e-01	4.6595e-02	0.169063	3
C14orf119	4	1.7281e-01	4.6595e-02	0.169063	3
EVI5L	4	1.7282e-01	4.6595e-02	0.169063	3
ZNF880	4	1.7284e-01	4.6595e-02	0.169063	2
ZC3H6	4	1.7291e-01	4.6595e-02	0.169063	3
LURAP1	4	1.7296e-01	4.6595e-02	0.169063	3
POLR3G	4	1.7310e-01	4.6595e-02	0.169063	2
CXADR	4	1.7315e-01	4.6595e-02	0.169063	3
R3HDM1	4	1.7318e-01	4.6595e-02	0.169063	3
TCERG1	4	1.7330e-01	4.6595e-02	0.169063	3
LTC4S	4	1.7336e-01	4.6595e-02	0.169063	2
BSN	4	1.7341e-01	4.6595e-02	0.169063	3
KCNC4	4	1.7353e-01	4.6595e-02	0.169063	2
CORT	4	1.7362e-01	4.6595e-02	0.169063	1
NMRK1	4	1.7366e-01	4.6595e-02	0.169063	3
ARMC9	4	1.7369e-01	4.6595e-02	0.169063	2
IREB2	4	1.7376e-01	4.6595e-02	0.169063	3
CLASP2	4	1.7379e-01	4.6595e-02	0.169063	3
DYRK1B	4	1.7380e-01	4.6595e-02	0.169063	3
NPBWR2	4	1.7382e-01	4.6595e-02	0.169063	2
ZFPM2	4	1.7383e-01	4.6595e-02	0.169063	3
PINLYP	4	1.7398e-01	4.6595e-02	0.169063	3
TNFSF18	4	1.7402e-01	4.6595e-02	0.169063	2
CDKN2AIP	4	1.7413e-01	4.6595e-02	0.169063	2
ZNF689	4	1.7414e-01	4.6595e-02	0.169063	3
VSTM1	4	1.7416e-01	4.6595e-02	0.169063	3
COL6A2	4	1.7422e-01	4.6595e-02	0.169063	2
ITIH3	4	1.7427e-01	4.6595e-02	0.169063	3
SCGB2A2	4	1.7447e-01	4.6896e-02	0.169063	2
GABRA1	4	1.7452e-01	4.6896e-02	0.169063	3
SKIV2L	4	1.7466e-01	4.6896e-02	0.169063	3
SLC25A22	4	1.7473e-01	4.6896e-02	0.169063	2
KCNA7	4	1.7476e-01	4.6896e-02	0.169063	3
TDRP	4	1.7478e-01	4.6896e-02	0.169063	3
CD8A	4	1.7494e-01	4.6896e-02	0.169063	3
RANBP3	4	1.7501e-01	4.6896e-02	0.169063	3
IGFALS	4	1.7510e-01	4.6896e-02	0.169063	3
FAM127C	4	1.7517e-01	4.6896e-02	0.169063	3
MICALL2	4	1.7520e-01	4.6896e-02	0.169063	2
METTL7A	4	1.7521e-01	4.6896e-02	0.169063	3
MYO1F	4	1.7524e-01	4.6896e-02	0.169063	2
CCNB3	4	1.7524e-01	4.6896e-02	0.169063	3
GOLPH3	4	1.7541e-01	4.6896e-02	0.169063	3
PTPRF	4	1.7544e-01	4.6896e-02	0.169063	3
TP53AIP1	4	1.7547e-01	4.6896e-02	0.169063	3
PPOX	4	1.7572e-01	4.6896e-02	0.169063	3
CNBD1	4	1.7573e-01	4.6896e-02	0.169063	2
PROX2	4	1.7577e-01	4.6896e-02	0.169063	3
TMPRSS15	4	1.7582e-01	4.6896e-02	0.169063	3
LAIR2	4	1.7585e-01	4.6896e-02	0.169063	3
COQ2	4	1.7589e-01	4.6896e-02	0.169063	3
CPED1	4	1.7594e-01	4.6896e-02	0.169063	3
ANKS1B	4	1.7595e-01	4.6896e-02	0.169063	3
ENSA	4	1.7611e-01	4.6896e-02	0.169063	3
SMIM12	4	1.7614e-01	4.6896e-02	0.169063	2
IFI16	4	1.7623e-01	4.6896e-02	0.169063	3
CEP44	4	1.7628e-01	4.6896e-02	0.169063	3
RSPO2	4	1.7629e-01	4.6896e-02	0.169063	3
C7orf26	4	1.7631e-01	4.6896e-02	0.169063	3
FAM169B	4	1.7644e-01	4.6896e-02	0.169063	2
CTAGE9	4	1.7645e-01	4.6896e-02	0.169063	1
CMC4	4	1.7647e-01	4.6896e-02	0.169063	3
KCNJ18	4	1.7656e-01	4.6896e-02	0.169063	2
NAPSA	4	1.7658e-01	4.6896e-02	0.169063	2
SERPINI2	4	1.7666e-01	4.7340e-02	0.169063	3
KCNK17	4	1.7672e-01	4.7340e-02	0.169063	3
SLC35C2	4	1.7681e-01	4.7340e-02	0.169063	3
KIF20B	4	1.7685e-01	4.7340e-02	0.169063	2
FOXF1	4	1.7696e-01	4.7340e-02	0.169063	3
GATM	4	1.7700e-01	4.7340e-02	0.169063	3
HRK	4	1.7703e-01	4.7340e-02	0.169063	3
KLHL36	4	1.7705e-01	4.7340e-02	0.169063	2
CYP4F11	4	1.7707e-01	4.7340e-02	0.169063	2
SH3BP4	4	1.7713e-01	4.7340e-02	0.169063	3
RAG2	4	1.7718e-01	4.7340e-02	0.169063	3
EBLN2	4	1.7719e-01	4.7340e-02	0.169063	2
FAM171A2	4	1.7723e-01	4.7340e-02	0.169063	3
KRTAP4-11	4	1.7725e-01	4.7340e-02	0.169063	1
RBL2	4	1.7731e-01	4.7340e-02	0.169063	3
VAT1	4	1.7740e-01	4.7340e-02	0.169063	3
XKRY2	4	1.7746e-01	4.7340e-02	0.169063	2
CRY1	4	1.7751e-01	4.7340e-02	0.169063	3
ATP8A1	4	1.7758e-01	4.7340e-02	0.169063	2
HIST1H1A	4	1.7779e-01	4.7340e-02	0.169063	2
PCGF5	4	1.7780e-01	4.7340e-02	0.169063	2
KIAA0101	4	1.7786e-01	4.7341e-02	0.169063	3
IL17RD	4	1.7786e-01	4.7341e-02	0.169063	2
SP5	4	1.7792e-01	4.7341e-02	0.169063	3
DHH	4	1.7794e-01	4.7341e-02	0.169063	3
GABRA6	4	1.7796e-01	4.7341e-02	0.169063	2
OR1B1	4	1.7797e-01	4.7341e-02	0.169063	3
HSD17B7	4	1.7800e-01	4.7341e-02	0.169063	3
TJP2	4	1.7802e-01	4.7341e-02	0.169063	3
CCK	4	1.7805e-01	4.7341e-02	0.169063	3
DNAH7	4	1.7805e-01	4.7341e-02	0.169063	2
CHCHD1	4	1.7811e-01	4.7341e-02	0.169063	3
DEFB123	4	1.7819e-01	4.7341e-02	0.169063	3
FSCN3	4	1.7837e-01	4.7341e-02	0.169063	3
NELL2	4	1.7837e-01	4.7341e-02	0.169063	3
OR5AP2	4	1.7838e-01	4.7341e-02	0.169063	3
MAGEA4	4	1.7841e-01	4.7341e-02	0.169063	3
KRT78	4	1.7846e-01	4.7341e-02	0.169063	2
ZNF440	4	1.7851e-01	4.7341e-02	0.169063	2
TMEM52B	4	1.7856e-01	4.7341e-02	0.169063	3
HM13	4	1.7859e-01	4.7341e-02	0.169063	3
RPL39L	4	1.7860e-01	4.7341e-02	0.169063	3
GCFC2	4	1.7867e-01	4.7341e-02	0.169063	2
SH3BGRL2	4	1.7868e-01	4.7341e-02	0.169063	1
FPGT	4	1.7869e-01	4.7341e-02	0.169063	3
NXN	4	1.7877e-01	4.7341e-02	0.169063	3
MTHFD1	4	1.7877e-01	4.7341e-02	0.169063	2
E2F3	4	1.7887e-01	4.7341e-02	0.169063	3
SPNS1	4	1.7889e-01	4.7341e-02	0.169063	3
MTMR1	4	1.7895e-01	4.7341e-02	0.169063	3
ACOT2	4	1.7898e-01	4.7341e-02	0.169063	3
COQ3	4	1.7902e-01	4.7341e-02	0.169063	3
TMEM50A	4	1.7914e-01	4.8107e-02	0.171765	3
IER2	4	1.7917e-01	4.8451e-02	0.172416	2
CEND1	4	1.7929e-01	4.8451e-02	0.172416	3
KLK6	4	1.7933e-01	4.8451e-02	0.172416	2
ADGRG1	4	1.7935e-01	4.8451e-02	0.172416	2
GPR68	4	1.7937e-01	4.8451e-02	0.172416	2
NEURL3	4	1.7946e-01	4.8451e-02	0.172416	2
CAPN9	4	1.7946e-01	4.8451e-02	0.172416	2
ANKRD42	4	1.7946e-01	4.8451e-02	0.172416	2
NFIX	4	1.7947e-01	4.8451e-02	0.172416	3
GRM8	4	1.7954e-01	4.8451e-02	0.172416	2
CCDC64B	4	1.7965e-01	4.8451e-02	0.172416	3
ZBTB10	4	1.7970e-01	4.8451e-02	0.172416	2
HIC1	4	1.7979e-01	4.8451e-02	0.172416	3
ERCC6L2	4	1.7984e-01	4.8451e-02	0.172416	2
TMEM132B	4	1.7988e-01	4.8451e-02	0.172416	3
ATAD3B	4	1.7990e-01	4.8451e-02	0.172416	3
C1orf53	4	1.7994e-01	4.8451e-02	0.172416	3
RXFP1	4	1.8000e-01	4.8451e-02	0.172416	3
OR2T29	4	1.8030e-01	4.8739e-02	0.172895	3
TRIM39	4	1.8035e-01	4.8739e-02	0.172895	2
KRTAP12-2	4	1.8038e-01	4.8739e-02	0.172895	2
DLL1	4	1.8038e-01	4.8739e-02	0.172895	3
ARHGAP18	4	1.8042e-01	4.8739e-02	0.172895	2
FSIP1	4	1.8057e-01	4.8739e-02	0.172895	3
CDC37L1	4	1.8064e-01	4.8740e-02	0.172895	2
CNTN3	4	1.8065e-01	4.8740e-02	0.172895	3
KCTD18	4	1.8067e-01	4.8740e-02	0.172895	2
KRT15	4	1.8069e-01	4.8740e-02	0.172895	3
NIPSNAP3A	4	1.8072e-01	4.8740e-02	0.172895	3
VCAM1	4	1.8073e-01	4.8740e-02	0.172895	1
OR4C6	4	1.8075e-01	4.8740e-02	0.172895	2
CHST6	4	1.8080e-01	4.8740e-02	0.172895	3
VGLL2	4	1.8086e-01	4.8740e-02	0.172895	3
OR10Q1	4	1.8087e-01	4.8740e-02	0.172895	3
TMBIM1	4	1.8099e-01	4.8740e-02	0.172895	3
OR2M5	4	1.8101e-01	4.9046e-02	0.172958	3
DUSP13	4	1.8102e-01	4.9046e-02	0.172958	3
HEATR3	4	1.8107e-01	4.9046e-02	0.172958	3
CEBPG	4	1.8108e-01	4.9046e-02	0.172958	3
CLUL1	4	1.8111e-01	4.9046e-02	0.172958	3
GCC1	4	1.8111e-01	4.9046e-02	0.172958	2
APOBEC3C	4	1.8113e-01	4.9046e-02	0.172958	2
RSAD1	4	1.8116e-01	4.9046e-02	0.172958	3
CFAP70	4	1.8117e-01	4.9046e-02	0.172958	2
ZNF716	4	1.8122e-01	4.9046e-02	0.172958	1
CREB3L2	4	1.8129e-01	4.9046e-02	0.172958	2
SPANXN1	4	1.8135e-01	4.9046e-02	0.172958	2
STOML1	4	1.8169e-01	4.9046e-02	0.172958	3
PAQR7	4	1.8182e-01	4.9046e-02	0.172958	3
PEX5L	4	1.8206e-01	4.9047e-02	0.172958	3
OR51B4	4	1.8207e-01	4.9047e-02	0.172958	2
CHST15	4	1.8209e-01	4.9047e-02	0.172958	3
MT1X	4	1.8215e-01	4.9047e-02	0.172958	3
ZDHHC17	4	1.8215e-01	4.9047e-02	0.172958	2
C7	4	1.8219e-01	4.9047e-02	0.172958	2
DIAPH3	4	1.8221e-01	4.9047e-02	0.172958	3
ERMP1	4	1.8227e-01	4.9047e-02	0.172958	3
CHAC2	4	1.8237e-01	4.9047e-02	0.172958	3
VMAC	4	1.8245e-01	4.9047e-02	0.172958	3
DNAI1	4	1.8248e-01	4.9047e-02	0.172958	3
AHCYL2	4	1.8252e-01	4.9047e-02	0.172958	3
HEPACAM	4	1.8254e-01	4.9047e-02	0.172958	3
METAP1D	4	1.8255e-01	4.9047e-02	0.172958	3
RND2	4	1.8260e-01	4.9047e-02	0.172958	3
ZNF720	4	1.8273e-01	4.9047e-02	0.172958	2
ZNF536	4	1.8275e-01	4.9047e-02	0.172958	3
OR4C12	4	1.8284e-01	4.9047e-02	0.172958	2
PERM1	4	1.8287e-01	4.9504e-02	0.174412	2
DDX28	4	1.8293e-01	4.9504e-02	0.174412	2
FCGRT	4	1.8303e-01	4.9505e-02	0.174412	3
MLF2	4	1.8308e-01	4.9505e-02	0.174412	3
SMTNL2	4	1.8308e-01	4.9505e-02	0.174412	3
MED27	4	1.8313e-01	4.9961e-02	0.175762	2
FYTTD1	4	1.8315e-01	4.9961e-02	0.175762	3
ZHX2	4	1.8319e-01	4.9961e-02	0.175762	3
LEPROT	4	1.8323e-01	4.9961e-02	0.175762	3
VNN1	4	1.8327e-01	4.9961e-02	0.175762	2
CAV3	4	1.8330e-01	4.9962e-02	0.175762	3
PRR3	4	1.8338e-01	4.9962e-02	0.175762	3
LDHAL6B	4	1.8340e-01	4.9962e-02	0.175762	3
PSMB8	4	1.8352e-01	5.0429e-02	0.176595	3
TMBIM4	4	1.8353e-01	5.0429e-02	0.176595	2
SMARCC2	4	1.8355e-01	5.0429e-02	0.176595	3
CT47A9	4	1.8358e-01	5.0429e-02	0.176595	2
GAB1	4	1.8370e-01	5.0429e-02	0.176595	2
RNF168	4	1.8375e-01	5.0429e-02	0.176595	2
HIST1H4G	4	1.8379e-01	5.0429e-02	0.176595	3
FMO5	4	1.8385e-01	5.0429e-02	0.176595	3
TRIB1	4	1.8386e-01	5.0429e-02	0.176595	3
KIF13A	4	1.8389e-01	5.0429e-02	0.176595	3
TNS1	4	1.8392e-01	5.0429e-02	0.176595	3
NIT2	4	1.8395e-01	5.0429e-02	0.176595	3
MFAP5	4	1.8403e-01	5.0429e-02	0.176595	3
POU1F1	4	1.8407e-01	5.0429e-02	0.176595	3
ZNF366	4	1.8409e-01	5.0429e-02	0.176595	2
TMEM235	4	1.8410e-01	5.0429e-02	0.176595	3
VKORC1L1	4	1.8412e-01	5.0429e-02	0.176595	3
OVOL1	4	1.8414e-01	5.0429e-02	0.176595	2
HS1BP3	4	1.8416e-01	5.0429e-02	0.176595	3
SAMD15	4	1.8426e-01	5.0429e-02	0.176595	2
PSIP1	4	1.8432e-01	5.0429e-02	0.176595	3
AHSA2	4	1.8441e-01	5.0429e-02	0.176595	3
EMP1	4	1.8455e-01	5.0429e-02	0.176595	2
PCDHB14	4	1.8457e-01	5.0429e-02	0.176595	3
CCNL1	4	1.8464e-01	5.0429e-02	0.176595	3
ZFP36L2	4	1.8481e-01	5.0894e-02	0.177345	3
ANO4	4	1.8483e-01	5.0894e-02	0.177345	3
LTB4R2	4	1.8484e-01	5.0894e-02	0.177345	2
SIX2	4	1.8488e-01	5.0894e-02	0.177345	2
B3GALT1	4	1.8489e-01	5.0894e-02	0.177345	3
FUK	4	1.8491e-01	5.0894e-02	0.177345	3
FAM19A5	4	1.8492e-01	5.0894e-02	0.177345	3
COLQ	4	1.8495e-01	5.0894e-02	0.177345	2
RHOBTB3	4	1.8505e-01	5.0894e-02	0.177345	2
TFDP3	4	1.8507e-01	5.0894e-02	0.177345	3
HES6	4	1.8510e-01	5.0894e-02	0.177345	3
FOXD4L4	4	1.8513e-01	5.0894e-02	0.177345	2
MAP1S	4	1.8514e-01	5.0894e-02	0.177345	3
FAM171A1	4	1.8516e-01	5.0894e-02	0.177345	2
LOC400736	4	1.8517e-01	5.0894e-02	0.177345	2
BTNL8	4	1.8519e-01	5.0894e-02	0.177345	3
H2AFV	4	1.8522e-01	5.0894e-02	0.177345	3
DPF3	4	1.8543e-01	5.0894e-02	0.177345	2
KIT	4	1.8548e-01	5.0894e-02	0.177345	3
WDR72	4	1.8550e-01	5.0894e-02	0.177345	3
CD163	4	1.8551e-01	5.0894e-02	0.177345	3
HELLS	4	1.8552e-01	5.0894e-02	0.177345	3
CLDN5	4	1.8553e-01	5.0894e-02	0.177345	3
NOS2	4	1.8554e-01	5.0894e-02	0.177345	3
CPE	4	1.8555e-01	5.0894e-02	0.177345	1
TDG	4	1.8557e-01	5.0894e-02	0.177345	3
CLDN18	4	1.8560e-01	5.0894e-02	0.177345	3
CGB1	4	1.8583e-01	5.1219e-02	0.178121	3
HTATIP2	4	1.8591e-01	5.1219e-02	0.178121	3
MTX3	4	1.8592e-01	5.1219e-02	0.178121	2
SULT4A1	4	1.8597e-01	5.1219e-02	0.178121	3
GRSF1	4	1.8598e-01	5.1219e-02	0.178121	2
SALL3	4	1.8609e-01	5.1219e-02	0.178121	3
NUDT8	4	1.8610e-01	5.1219e-02	0.178121	3
COG1	4	1.8611e-01	5.1219e-02	0.178121	2
CD1C	4	1.8612e-01	5.1219e-02	0.178121	3
PTPRD	4	1.8613e-01	5.1219e-02	0.178121	3
KPNA5	4	1.8618e-01	5.1219e-02	0.178121	3
GCHFR	4	1.8620e-01	5.1540e-02	0.178978	3
C2orf49	4	1.8624e-01	5.1540e-02	0.178978	1
UBE3B	4	1.8626e-01	5.1540e-02	0.178978	3
RNF14	4	1.8633e-01	5.1540e-02	0.178978	3
LDB1	4	1.8634e-01	5.1540e-02	0.178978	3
HES5	4	1.8645e-01	5.1540e-02	0.178978	3
PUS7L	4	1.8652e-01	5.1541e-02	0.178978	3
SUN5	4	1.8654e-01	5.1541e-02	0.178978	3
ABCC2	4	1.8676e-01	5.1886e-02	0.179493	3
KIAA0586	4	1.8682e-01	5.1886e-02	0.179493	3
RGS4	4	1.8693e-01	5.1886e-02	0.179493	2
MRPS28	4	1.8712e-01	5.1886e-02	0.179493	3
TMF1	4	1.8722e-01	5.1886e-02	0.179493	3
C8orf59	4	1.8722e-01	5.1886e-02	0.179493	3
NAA16	4	1.8722e-01	5.1886e-02	0.179493	2
C12orf60	4	1.8724e-01	5.1886e-02	0.179493	3
MTHFD2	4	1.8726e-01	5.1886e-02	0.179493	2
SLC22A18AS	4	1.8732e-01	5.1886e-02	0.179493	3
COL20A1	4	1.8734e-01	5.1886e-02	0.179493	3
IL11RA	4	1.8737e-01	5.1886e-02	0.179493	3
TRPM6	4	1.8742e-01	5.1886e-02	0.179493	2
CFHR4	4	1.8743e-01	5.1886e-02	0.179493	1
DLG4	4	1.8746e-01	5.1886e-02	0.179493	3
SOBP	4	1.8747e-01	5.1886e-02	0.179493	3
CTNND1	4	1.8749e-01	5.1886e-02	0.179493	3
FBXO3	4	1.8753e-01	5.1886e-02	0.179493	3
HAS2	4	1.8756e-01	5.1886e-02	0.179493	3
CIAPIN1	4	1.8756e-01	5.1886e-02	0.179493	3
NUBPL	4	1.8761e-01	5.1886e-02	0.179493	3
LHX3	4	1.8770e-01	5.2236e-02	0.180249	3
SPINK7	3	1.8774e-01	4.0196e-02	0.153152	2
LRPAP1	4	1.8774e-01	5.2236e-02	0.180249	2
TMX4	4	1.8778e-01	5.2236e-02	0.180249	3
MEI1	4	1.8783e-01	5.2236e-02	0.180249	2
MAD2L1BP	4	1.8790e-01	5.2236e-02	0.180249	3
ING2	4	1.8792e-01	5.2236e-02	0.180249	1
OR2K2	4	1.8793e-01	5.2236e-02	0.180249	2
RAB6B	4	1.8793e-01	5.2236e-02	0.180249	3
PNMA2	4	1.8801e-01	5.2237e-02	0.180249	3
TIGD4	4	1.8804e-01	5.2237e-02	0.180249	3
AK1	4	1.8809e-01	5.2237e-02	0.180249	2
IL3	4	1.8814e-01	5.2237e-02	0.180249	3
GRID1	4	1.8816e-01	5.2237e-02	0.180249	3
KLRB1	4	1.8818e-01	5.2237e-02	0.180249	2
C1orf234	4	1.8827e-01	5.2596e-02	0.180352	3
COL25A1	4	1.8828e-01	5.2596e-02	0.180352	3
ANGPTL1	4	1.8835e-01	5.2596e-02	0.180352	2
EBLN1	4	1.8840e-01	5.2596e-02	0.180352	3
INHBB	4	1.8845e-01	5.2596e-02	0.180352	3
RNF38	4	1.8847e-01	5.2596e-02	0.180352	1
BCHE	4	1.8850e-01	5.2596e-02	0.180352	3
TTC5	4	1.8856e-01	5.2596e-02	0.180352	2
HIP1R	4	1.8862e-01	5.2596e-02	0.180352	3
RNF112	4	1.8876e-01	5.2596e-02	0.180352	3
UQCC1	4	1.8882e-01	5.2596e-02	0.180352	2
CCL14	4	1.8885e-01	5.2596e-02	0.180352	2
MKI67	4	1.8886e-01	5.2596e-02	0.180352	3
ADH1B	4	1.8889e-01	5.2596e-02	0.180352	3
NMNAT3	4	1.8892e-01	5.2596e-02	0.180352	3
USP17L21	4	1.8905e-01	5.2596e-02	0.180352	3
HIST1H4H	4	1.8910e-01	5.2596e-02	0.180352	3
ZSCAN12	4	1.8917e-01	5.2596e-02	0.180352	3
TBC1D19	4	1.8925e-01	5.2597e-02	0.180352	3
CDC20B	4	1.8935e-01	5.2597e-02	0.180352	3
OR2T10	4	1.8935e-01	5.2597e-02	0.180352	3
ARSA	4	1.8938e-01	5.2597e-02	0.180352	3
FAM53C	4	1.8939e-01	5.2597e-02	0.180352	3
GLRX2	4	1.8959e-01	5.2597e-02	0.180352	3
TADA3	4	1.8963e-01	5.2597e-02	0.180352	2
TEX40	4	1.8964e-01	5.2597e-02	0.180352	3
ZBTB34	4	1.8968e-01	5.2597e-02	0.180352	3
NHLH1	4	1.8977e-01	5.2597e-02	0.180352	3
IGSF10	4	1.8980e-01	5.2597e-02	0.180352	3
ACTR3B	4	1.8984e-01	5.2597e-02	0.180352	3
KCTD14	4	1.8986e-01	5.2597e-02	0.180352	2
ZNF664-FAM101A	4	1.8989e-01	5.2597e-02	0.180352	3
CCR7	4	1.8991e-01	5.2597e-02	0.180352	2
CEACAM18	4	1.8998e-01	5.2597e-02	0.180352	3
STX2	4	1.9006e-01	5.2597e-02	0.180352	3
ZNF853	4	1.9024e-01	5.3050e-02	0.181874	3
BCL3	4	1.9034e-01	5.3559e-02	0.183391	3
TEX33	4	1.9035e-01	5.3559e-02	0.183391	3
KRIT1	4	1.9035e-01	5.3559e-02	0.183391	3
PDE10A	4	1.9041e-01	5.3559e-02	0.183391	3
BPNT1	4	1.9047e-01	5.3560e-02	0.183391	3
ZNF461	4	1.9049e-01	5.3560e-02	0.183391	3
PDE6A	4	1.9055e-01	5.3560e-02	0.183391	3
C3orf33	4	1.9063e-01	5.3912e-02	0.184434	3
NOX4	4	1.9088e-01	5.3913e-02	0.184434	1
ITPKB	4	1.9088e-01	5.3913e-02	0.184434	2
KRTAP9-4	4	1.9089e-01	5.3913e-02	0.184434	3
NDUFAF3	4	1.9097e-01	5.3913e-02	0.184434	2
OSTM1	4	1.9110e-01	5.4382e-02	0.185744	3
CCDC66	4	1.9112e-01	5.4382e-02	0.185744	3
ARMCX1	4	1.9113e-01	5.4382e-02	0.185744	2
TDGF1	4	1.9117e-01	5.4382e-02	0.185744	2
ESPN	4	1.9121e-01	5.4382e-02	0.185744	2
TAF11	4	1.9121e-01	5.4382e-02	0.185744	3
FAM21C	4	1.9125e-01	5.4382e-02	0.185744	2
SULF1	4	1.9134e-01	5.4383e-02	0.185744	3
MC4R	4	1.9150e-01	5.4383e-02	0.185744	1
GAD2	4	1.9158e-01	5.4879e-02	0.187106	3
KCND2	4	1.9161e-01	5.4879e-02	0.187106	2
TCEAL3	4	1.9166e-01	5.4879e-02	0.187106	3
TPMT	4	1.9168e-01	5.4879e-02	0.187106	3
RSBN1	4	1.9169e-01	5.4879e-02	0.187106	3
IQCB1	4	1.9172e-01	5.4879e-02	0.187106	3
HCLS1	4	1.9181e-01	5.4880e-02	0.187106	3
NEIL1	4	1.9183e-01	5.4880e-02	0.187106	2
PAQR6	4	1.9194e-01	5.4880e-02	0.187106	3
RNFT2	4	1.9195e-01	5.4880e-02	0.187106	2
AGL	4	1.9206e-01	5.5400e-02	0.188312	2
SMIM7	4	1.9206e-01	5.5400e-02	0.188312	3
MOGAT2	4	1.9209e-01	5.5400e-02	0.188312	3
NEUROG2	4	1.9212e-01	5.5400e-02	0.188312	2
CEP112	4	1.9226e-01	5.5400e-02	0.188312	3
PANK4	4	1.9228e-01	5.5401e-02	0.188312	3
IDNK	4	1.9230e-01	5.5401e-02	0.188312	3
C15orf54	4	1.9232e-01	5.5401e-02	0.188312	3
CUX1	4	1.9232e-01	5.5401e-02	0.188312	3
CTSW	4	1.9237e-01	5.5401e-02	0.188312	3
YIPF6	4	1.9238e-01	5.5401e-02	0.188312	2
USP17L19	4	1.9238e-01	5.5401e-02	0.188312	3
SFRP4	4	1.9238e-01	5.5401e-02	0.188312	3
APEX1	4	1.9242e-01	5.5401e-02	0.188312	2
AP3B2	4	1.9246e-01	5.5401e-02	0.188312	3
CNTD2	4	1.9251e-01	5.5401e-02	0.188312	2
NANOS3	4	1.9252e-01	5.5401e-02	0.188312	3
PMS1	4	1.9256e-01	5.5919e-02	0.189840	3
OR2V2	4	1.9260e-01	5.5919e-02	0.189840	3
DTX1	4	1.9262e-01	5.5920e-02	0.189840	3
LGI1	4	1.9262e-01	5.5920e-02	0.189840	2
FGD1	4	1.9263e-01	5.5920e-02	0.189840	3
CNGB1	4	1.9266e-01	5.5920e-02	0.189840	2
PAPD4	4	1.9268e-01	5.5920e-02	0.189840	3
GPR176	4	1.9282e-01	5.6277e-02	0.190141	3
USP28	4	1.9283e-01	5.6277e-02	0.190141	3
USP29	4	1.9285e-01	5.6277e-02	0.190141	3
SLC16A8	4	1.9286e-01	5.6277e-02	0.190141	3
KIR3DL3	4	1.9296e-01	5.6277e-02	0.190141	3
C1orf106	4	1.9299e-01	5.6277e-02	0.190141	3
MAGEA9	4	1.9303e-01	5.6277e-02	0.190141	3
HAT1	4	1.9307e-01	5.6277e-02	0.190141	3
CACHD1	4	1.9309e-01	5.6277e-02	0.190141	3
DENND4A	4	1.9319e-01	5.6277e-02	0.190141	2
MYBPC1	4	1.9320e-01	5.6277e-02	0.190141	3
PRSS12	4	1.9321e-01	5.6277e-02	0.190141	2
GUCA2A	4	1.9322e-01	5.6277e-02	0.190141	3
GADD45B	4	1.9325e-01	5.6277e-02	0.190141	2
DDIAS	4	1.9327e-01	5.6277e-02	0.190141	3
KCNIP3	4	1.9330e-01	5.6277e-02	0.190141	3
KLK2	4	1.9331e-01	5.6277e-02	0.190141	3
CXorf66	4	1.9333e-01	5.6277e-02	0.190141	3
TVP23C-CDRT4	4	1.9334e-01	5.6277e-02	0.190141	3
SLC22A16	4	1.9335e-01	5.6277e-02	0.190141	2
ERLIN1	4	1.9337e-01	5.6277e-02	0.190141	3
SIGIRR	4	1.9345e-01	5.6277e-02	0.190141	3
THPO	4	1.9350e-01	5.6277e-02	0.190141	3
DDX4	4	1.9351e-01	5.6277e-02	0.190141	3
HOXD3	4	1.9355e-01	5.6277e-02	0.190141	2
RNF151	4	1.9358e-01	5.6277e-02	0.190141	3
CHRNA2	4	1.9362e-01	5.6277e-02	0.190141	3
PRM2	4	1.9369e-01	5.6655e-02	0.191383	2
RPGRIP1L	4	1.9370e-01	5.7166e-02	0.192464	2
C1orf52	4	1.9373e-01	5.7166e-02	0.192464	3
RAB32	4	1.9375e-01	5.7166e-02	0.192464	3
FAM131C	4	1.9384e-01	5.7166e-02	0.192464	2
MSH6	4	1.9384e-01	5.7166e-02	0.192464	3
ZNF792	4	1.9389e-01	5.7166e-02	0.192464	3
UGT2B28	4	1.9393e-01	5.7166e-02	0.192464	3
IGFL3	4	1.9398e-01	5.7166e-02	0.192464	2
CCL3L3	4	1.9399e-01	5.7166e-02	0.192464	3
PBX3	4	1.9406e-01	5.7166e-02	0.192464	2
SLC30A6	4	1.9409e-01	5.7166e-02	0.192464	3
CASZ1	4	1.9418e-01	5.7166e-02	0.192464	2
C6orf223	4	1.9424e-01	5.7166e-02	0.192464	3
RWDD1	4	1.9426e-01	5.7166e-02	0.192464	3
RNF128	4	1.9431e-01	5.7166e-02	0.192464	3
PDE6G	4	1.9432e-01	5.7166e-02	0.192464	1
KLHL22	4	1.9432e-01	5.7166e-02	0.192464	3
NT5C3A	4	1.9441e-01	5.7166e-02	0.192464	3
CEP70	4	1.9442e-01	5.7166e-02	0.192464	3
CLUH	4	1.9446e-01	5.7662e-02	0.193634	3
ADM2	4	1.9463e-01	5.7663e-02	0.193634	3
PSPN	4	1.9465e-01	5.7663e-02	0.193634	2
NFIC	4	1.9471e-01	5.8179e-02	0.193634	3
RAB14	4	1.9477e-01	5.8179e-02	0.193634	2
ADAMTS8	4	1.9485e-01	5.8180e-02	0.193634	3
ARVCF	4	1.9488e-01	5.8180e-02	0.193634	3
LRFN1	4	1.9498e-01	5.8180e-02	0.193634	2
HCAR3	4	1.9504e-01	5.8677e-02	0.193634	3
KRT32	4	1.9505e-01	5.8677e-02	0.193634	3
ZFAND2A	4	1.9508e-01	5.8677e-02	0.193634	3
LZTR1	4	1.9516e-01	5.8677e-02	0.193634	3
LRRN1	4	1.9521e-01	5.8677e-02	0.193634	3
TTC39B	4	1.9524e-01	5.8677e-02	0.193634	3
SEZ6L	4	1.9524e-01	5.8677e-02	0.193634	2
ZIM2	4	1.9525e-01	5.8677e-02	0.193634	3
PKD1L2	4	1.9540e-01	5.8677e-02	0.193634	3
KCNB2	4	1.9556e-01	5.9211e-02	0.193634	2
UGCG	4	1.9561e-01	5.9211e-02	0.193634	3
AAR2	4	1.9563e-01	5.9211e-02	0.193634	3
ALLC	4	1.9571e-01	5.9211e-02	0.193634	3
SERPINB9	4	1.9572e-01	5.9211e-02	0.193634	3
ZFP3	4	1.9575e-01	5.9211e-02	0.193634	1
FBXW10	4	1.9580e-01	5.9211e-02	0.193634	2
PAIP2B	4	1.9581e-01	5.9211e-02	0.193634	3
DAPL1	4	1.9585e-01	5.9211e-02	0.193634	2
CELA3A	4	1.9592e-01	5.9591e-02	0.193634	3
UBE2J1	4	1.9599e-01	5.9591e-02	0.193634	3
SLC13A5	4	1.9603e-01	5.9591e-02	0.193634	3
FAHD2B	4	1.9610e-01	5.9591e-02	0.193634	3
MRPS36	4	1.9621e-01	5.9591e-02	0.193634	2
KCNMB3	4	1.9623e-01	5.9591e-02	0.193634	2
MBIP	4	1.9625e-01	5.9591e-02	0.193634	2
RAB37	4	1.9627e-01	5.9591e-02	0.193634	2
TMEM189-UBE2V1	4	1.9628e-01	5.9591e-02	0.193634	3
TMEM25	4	1.9634e-01	5.9591e-02	0.193634	1
UNKL	4	1.9634e-01	5.9591e-02	0.193634	2
CEP126	4	1.9637e-01	5.9591e-02	0.193634	2
C2orf66	4	1.9644e-01	5.9591e-02	0.193634	3
PCSK5	4	1.9645e-01	5.9591e-02	0.193634	3
SDC3	4	1.9650e-01	5.9591e-02	0.193634	2
FRG1	4	1.9659e-01	5.9591e-02	0.193634	3
COA7	4	1.9662e-01	5.9591e-02	0.193634	2
COX7A1	4	1.9670e-01	5.9591e-02	0.193634	3
CBR4	4	1.9676e-01	5.9591e-02	0.193634	2
LEPR	4	1.9678e-01	5.9591e-02	0.193634	3
LCE2B	4	1.9697e-01	5.9591e-02	0.193634	3
BHLHA9	4	1.9700e-01	5.9591e-02	0.193634	3
CD300C	4	1.9702e-01	5.9591e-02	0.193634	3
MTSS1L	4	1.9705e-01	5.9591e-02	0.193634	3
MOK	4	1.9711e-01	5.9591e-02	0.193634	3
C2orf27B	4	1.9714e-01	5.9591e-02	0.193634	3
CISD3	4	1.9715e-01	5.9591e-02	0.193634	3
OSBPL3	4	1.9716e-01	5.9591e-02	0.193634	3
NAP1L4	4	1.9733e-01	5.9591e-02	0.193634	2
CXorf36	4	1.9739e-01	5.9591e-02	0.193634	1
TRIML1	4	1.9741e-01	5.9591e-02	0.193634	3
MAGED4B	4	1.9751e-01	5.9591e-02	0.193634	3
UBQLN3	4	1.9752e-01	5.9591e-02	0.193634	1
VPS9D1	4	1.9761e-01	5.9591e-02	0.193634	2
MILR1	4	1.9774e-01	5.9591e-02	0.193634	2
RNASE1	4	1.9780e-01	5.9591e-02	0.193634	3
KIAA1644	4	1.9789e-01	5.9591e-02	0.193634	2
DCAF15	4	1.9789e-01	5.9591e-02	0.193634	2
G6PC	4	1.9792e-01	5.9591e-02	0.193634	2
TMCO4	4	1.9792e-01	5.9591e-02	0.193634	3
DYRK4	4	1.9796e-01	5.9591e-02	0.193634	2
EPGN	4	1.9807e-01	5.9591e-02	0.193634	3
NMU	4	1.9808e-01	5.9591e-02	0.193634	3
LRRC66	4	1.9819e-01	5.9591e-02	0.193634	3
ULBP3	4	1.9820e-01	5.9591e-02	0.193634	2
NDRG4	4	1.9820e-01	5.9591e-02	0.193634	2
CA7	4	1.9832e-01	5.9591e-02	0.193634	3
ABCA10	4	1.9843e-01	5.9591e-02	0.193634	2
GRB14	4	1.9849e-01	5.9591e-02	0.193634	2
SPATA2	4	1.9852e-01	5.9591e-02	0.193634	3
COL9A2	4	1.9868e-01	5.9591e-02	0.193634	3
USP11	4	1.9871e-01	5.9591e-02	0.193634	2
DUSP19	4	1.9875e-01	5.9591e-02	0.193634	2
CREB1	4	1.9876e-01	5.9591e-02	0.193634	3
CRELD1	4	1.9884e-01	5.9591e-02	0.193634	3
MRM1	4	1.9884e-01	5.9591e-02	0.193634	2
VWA1	4	1.9892e-01	5.9591e-02	0.193634	2
MBNL1	4	1.9897e-01	5.9591e-02	0.193634	3
CRIPAK	4	1.9898e-01	5.9591e-02	0.193634	3
NXF5	4	1.9901e-01	5.9591e-02	0.193634	3
KRT28	4	1.9906e-01	5.9591e-02	0.193634	1
ANO6	4	1.9910e-01	5.9591e-02	0.193634	3
FAM69A	4	1.9912e-01	5.9591e-02	0.193634	3
PATL1	4	1.9915e-01	5.9591e-02	0.193634	3
STAM2	4	1.9919e-01	5.9591e-02	0.193634	2
BEND6	4	1.9923e-01	5.9591e-02	0.193634	3
VIMP	4	1.9924e-01	5.9591e-02	0.193634	3
SNX29	4	1.9932e-01	5.9591e-02	0.193634	3
CLPB	4	1.9935e-01	5.9592e-02	0.193634	2
C1QL2	4	1.9945e-01	5.9592e-02	0.193634	1
CTSH	4	1.9948e-01	5.9592e-02	0.193634	3
PCLO	4	1.9954e-01	5.9592e-02	0.193634	3
CLU	4	1.9956e-01	5.9592e-02	0.193634	3
GTPBP3	4	1.9959e-01	5.9592e-02	0.193634	2
FAM102B	4	1.9967e-01	5.9592e-02	0.193634	2
GIT2	4	1.9972e-01	5.9592e-02	0.193634	3
CHD9	4	1.9972e-01	5.9592e-02	0.193634	2
PRUNE	4	1.9982e-01	5.9592e-02	0.193634	2
ARPC5L	4	1.9987e-01	5.9592e-02	0.193634	3
ETS1	4	2.0002e-01	5.9592e-02	0.193634	3
NOX5	4	2.0004e-01	5.9592e-02	0.193634	2
RNF41	4	2.0004e-01	5.9592e-02	0.193634	3
ZNF99	4	2.0006e-01	5.9592e-02	0.193634	3
ANKRD31	4	2.0009e-01	5.9592e-02	0.193634	2
GSTM5	4	2.0009e-01	5.9592e-02	0.193634	3
CYP7A1	4	2.0013e-01	5.9592e-02	0.193634	2
CXCL5	4	2.0015e-01	5.9592e-02	0.193634	3
PPM1G	4	2.0015e-01	5.9592e-02	0.193634	2
ATXN2L	4	2.0020e-01	5.9592e-02	0.193634	3
SLC25A37	4	2.0027e-01	5.9592e-02	0.193634	2
NUFIP1	4	2.0035e-01	5.9592e-02	0.193634	3
PADI3	4	2.0050e-01	5.9592e-02	0.193634	3
FUT9	4	2.0058e-01	5.9592e-02	0.193634	3
POTEI	4	2.0064e-01	5.9592e-02	0.193634	3
PPP4R1	4	2.0070e-01	5.9592e-02	0.193634	2
DNM3	4	2.0076e-01	5.9592e-02	0.193634	3
GNPTAB	4	2.0088e-01	5.9592e-02	0.193634	3
DSPP	4	2.0092e-01	5.9592e-02	0.193634	2
NPNT	4	2.0094e-01	5.9592e-02	0.193634	3
NUDT13	4	2.0099e-01	5.9592e-02	0.193634	3
KLF11	4	2.0102e-01	5.9592e-02	0.193634	3
CEP85L	4	2.0118e-01	5.9592e-02	0.193634	3
C16orf59	4	2.0128e-01	5.9592e-02	0.193634	3
C2orf27A	4	2.0128e-01	5.9592e-02	0.193634	2
CLPP	4	2.0133e-01	5.9592e-02	0.193634	1
ADAMDEC1	4	2.0142e-01	5.9592e-02	0.193634	2
TBC1D13	4	2.0144e-01	5.9592e-02	0.193634	3
SRPK1	4	2.0144e-01	5.9592e-02	0.193634	3
SCAF8	4	2.0156e-01	5.9592e-02	0.193634	3
PDCD1	4	2.0159e-01	5.9592e-02	0.193634	2
CD79A	4	2.0178e-01	5.9592e-02	0.193634	3
DRD5	4	2.0180e-01	5.9592e-02	0.193634	3
SGPP2	4	2.0194e-01	5.9592e-02	0.193634	3
NR1H3	4	2.0196e-01	5.9592e-02	0.193634	3
AIM2	4	2.0201e-01	5.9592e-02	0.193634	3
TNFRSF14	4	2.0203e-01	5.9592e-02	0.193634	2
RHOB	4	2.0205e-01	5.9592e-02	0.193634	3
ZNF789	4	2.0208e-01	5.9592e-02	0.193634	3
TLR5	4	2.0215e-01	5.9592e-02	0.193634	3
NEURL1	4	2.0225e-01	5.9592e-02	0.193634	1
SLC39A12	4	2.0231e-01	5.9592e-02	0.193634	3
ZSCAN5A	4	2.0242e-01	5.9592e-02	0.193634	3
DEFB126	4	2.0242e-01	5.9592e-02	0.193634	1
ING1	4	2.0246e-01	5.9592e-02	0.193634	3
FAM53B	4	2.0246e-01	5.9592e-02	0.193634	2
TAS1R1	4	2.0252e-01	5.9592e-02	0.193634	2
SDHC	4	2.0256e-01	5.9592e-02	0.193634	3
MAN1B1	4	2.0262e-01	5.9592e-02	0.193634	3
FAS	4	2.0270e-01	5.9592e-02	0.193634	3
HIST3H2A	4	2.0273e-01	5.9592e-02	0.193634	2
TEX11	4	2.0285e-01	5.9952e-02	0.193634	2
ADAMTS3	4	2.0286e-01	5.9952e-02	0.193634	3
MCUR1	4	2.0296e-01	5.9952e-02	0.193634	3
PALM3	4	2.0297e-01	5.9952e-02	0.193634	2
GAGE12H	4	2.0303e-01	5.9952e-02	0.193634	2
TCP11	4	2.0308e-01	5.9952e-02	0.193634	2
DNAJB8	4	2.0308e-01	5.9952e-02	0.193634	3
SPRR2D	4	2.0312e-01	5.9952e-02	0.193634	2
AP3S2	4	2.0314e-01	5.9952e-02	0.193634	3
ACVR2A	4	2.0322e-01	6.0482e-02	0.193634	2
SYT2	4	2.0329e-01	6.0482e-02	0.193634	3
LMNTD2	4	2.0338e-01	6.0852e-02	0.193634	2
CST11	4	2.0347e-01	6.0852e-02	0.193634	2
C16orf92	4	2.0354e-01	6.0853e-02	0.193634	3
ROCK2	4	2.0373e-01	6.1360e-02	0.193634	3
ARF6	4	2.0373e-01	6.1360e-02	0.193634	3
RMDN1	4	2.0382e-01	6.1360e-02	0.193634	2
HOXC9	4	2.0384e-01	6.1360e-02	0.193634	3
B3GNT6	4	2.0385e-01	6.1360e-02	0.193634	3
TGFBR1	4	2.0386e-01	6.1360e-02	0.193634	3
OTUD7B	4	2.0388e-01	6.1360e-02	0.193634	2
TBC1D15	4	2.0389e-01	6.1360e-02	0.193634	3
TINAG	4	2.0393e-01	6.1360e-02	0.193634	3
C19orf38	4	2.0393e-01	6.1360e-02	0.193634	3
ZBED4	4	2.0394e-01	6.1360e-02	0.193634	3
KANK4	4	2.0400e-01	6.1360e-02	0.193634	3
HLCS	4	2.0404e-01	6.1360e-02	0.193634	1
SLC35G3	4	2.0411e-01	6.1360e-02	0.193634	3
FBXO25	4	2.0414e-01	6.1360e-02	0.193634	2
HLA-E	4	2.0421e-01	6.1360e-02	0.193634	3
DNAJB12	4	2.0421e-01	6.1360e-02	0.193634	2
WASL	4	2.0423e-01	6.1360e-02	0.193634	2
PHYHD1	4	2.0424e-01	6.1360e-02	0.193634	3
CLCA1	4	2.0425e-01	6.1360e-02	0.193634	2
POLK	4	2.0433e-01	6.1360e-02	0.193634	2
AQP1	4	2.0434e-01	6.1360e-02	0.193634	3
OR4N2	4	2.0435e-01	6.1360e-02	0.193634	2
WWP1	4	2.0437e-01	6.1360e-02	0.193634	3
VOPP1	4	2.0438e-01	6.1360e-02	0.193634	2
ZNF175	4	2.0450e-01	6.1360e-02	0.193634	3
PJA1	4	2.0451e-01	6.1360e-02	0.193634	2
MTX1	4	2.0452e-01	6.1360e-02	0.193634	3
KRTAP9-2	4	2.0452e-01	6.1360e-02	0.193634	2
HIST1H2AC	4	2.0457e-01	6.1360e-02	0.193634	2
SERTAD2	4	2.0460e-01	6.1360e-02	0.193634	3
SUV39H1	4	2.0461e-01	6.1360e-02	0.193634	1
CNRIP1	4	2.0468e-01	6.1360e-02	0.193634	3
TESC	4	2.0471e-01	6.1360e-02	0.193634	3
C2orf88	4	2.0472e-01	6.1360e-02	0.193634	3
AMY2A	4	2.0474e-01	6.1360e-02	0.193634	3
KRT83	4	2.0482e-01	6.1360e-02	0.193634	2
IL17RE	4	2.0486e-01	6.1360e-02	0.193634	2
OR5M8	4	2.0500e-01	6.1360e-02	0.193634	1
MAB21L2	4	2.0513e-01	6.1360e-02	0.193634	2
KRTAP10-10	4	2.0515e-01	6.1360e-02	0.193634	3
TRIM44	4	2.0517e-01	6.1360e-02	0.193634	3
LRRC8A	4	2.0519e-01	6.1360e-02	0.193634	3
OR1M1	4	2.0520e-01	6.1360e-02	0.193634	3
NUDT22	4	2.0525e-01	6.1360e-02	0.193634	2
CCDC150	4	2.0527e-01	6.1360e-02	0.193634	3
NOG	4	2.0530e-01	6.1360e-02	0.193634	2
ACAA2	4	2.0535e-01	6.1360e-02	0.193634	3
GAPVD1	4	2.0541e-01	6.1360e-02	0.193634	3
CLEC4E	4	2.0542e-01	6.1360e-02	0.193634	3
NUTM2B	4	2.0546e-01	6.1360e-02	0.193634	2
IFI27	4	2.0550e-01	6.1360e-02	0.193634	3
SYT7	4	2.0551e-01	6.1360e-02	0.193634	2
ORAI1	4	2.0552e-01	6.1360e-02	0.193634	2
FGF13	4	2.0552e-01	6.1360e-02	0.193634	3
CUBN	4	2.0557e-01	6.1361e-02	0.193634	3
WBSCR17	4	2.0566e-01	6.1361e-02	0.193634	2
TMPRSS2	4	2.0569e-01	6.1361e-02	0.193634	2
LYZL4	4	2.0573e-01	6.1361e-02	0.193634	2
ZNF605	4	2.0577e-01	6.1361e-02	0.193634	2
UBTFL1	4	2.0592e-01	6.1361e-02	0.193634	3
ZNF790	4	2.0594e-01	6.1361e-02	0.193634	3
CDK5R2	4	2.0596e-01	6.1361e-02	0.193634	2
TRPM8	4	2.0598e-01	6.1361e-02	0.193634	2
TCEAL5	4	2.0604e-01	6.1361e-02	0.193634	3
HTR1A	4	2.0612e-01	6.1361e-02	0.193634	2
TCL1B	4	2.0618e-01	6.1361e-02	0.193634	3
AMIGO3	4	2.0621e-01	6.1361e-02	0.193634	3
RERE	4	2.0622e-01	6.1361e-02	0.193634	3
PYGB	4	2.0628e-01	6.1361e-02	0.193634	2
TFE3	4	2.0635e-01	6.1361e-02	0.193634	3
MEF2BNB-MEF2B	4	2.0641e-01	6.1361e-02	0.193634	2
PSORS1C2	4	2.0642e-01	6.1361e-02	0.193634	3
OXTR	4	2.0643e-01	6.1361e-02	0.193634	3
HERC3	4	2.0643e-01	6.1361e-02	0.193634	2
HMBS	4	2.0652e-01	6.1361e-02	0.193634	1
RELL2	4	2.0654e-01	6.1361e-02	0.193634	3
C6orf132	4	2.0664e-01	6.1361e-02	0.193634	2
UNC5CL	4	2.0664e-01	6.1361e-02	0.193634	3
CBR3	4	2.0669e-01	6.1361e-02	0.193634	1
FLOT2	4	2.0670e-01	6.1361e-02	0.193634	3
FOXH1	4	2.0675e-01	6.1361e-02	0.193634	3
HIST1H3B	4	2.0676e-01	6.1361e-02	0.193634	3
MDC1	4	2.0680e-01	6.1361e-02	0.193634	3
IFI27L1	4	2.0688e-01	6.1361e-02	0.193634	2
DERL3	4	2.0696e-01	6.1361e-02	0.193634	3
ARRB1	4	2.0699e-01	6.1361e-02	0.193634	3
BTBD11	4	2.0703e-01	6.1361e-02	0.193634	3
CASC4	4	2.0706e-01	6.1361e-02	0.193634	3
CACNA1D	4	2.0711e-01	6.1361e-02	0.193634	3
GSE1	4	2.0712e-01	6.1361e-02	0.193634	3
NR5A2	4	2.0714e-01	6.1361e-02	0.193634	3
JMJD6	4	2.0722e-01	6.1361e-02	0.193634	1
CPOX	4	2.0723e-01	6.1361e-02	0.193634	3
MANF	4	2.0734e-01	6.1361e-02	0.193634	2
STPG2	4	2.0740e-01	6.1361e-02	0.193634	3
SNTB1	4	2.0746e-01	6.1893e-02	0.193634	2
PET100	4	2.0749e-01	6.1893e-02	0.193634	3
DOT1L	4	2.0752e-01	6.1893e-02	0.193634	2
PCK1	4	2.0764e-01	6.1893e-02	0.193634	3
NDNF	4	2.0764e-01	6.1893e-02	0.193634	3
EHMT1	4	2.0770e-01	6.1893e-02	0.193634	3
C14orf37	4	2.0773e-01	6.1893e-02	0.193634	2
ADGRG3	4	2.0773e-01	6.1893e-02	0.193634	3
R3HDM2	4	2.0774e-01	6.1893e-02	0.193634	2
PRKAR1B	4	2.0779e-01	6.1893e-02	0.193634	2
FARP1	4	2.0783e-01	6.1893e-02	0.193634	3
DNASE2	4	2.0786e-01	6.1893e-02	0.193634	3
FADS6	4	2.0795e-01	6.1893e-02	0.193634	2
ZNF549	4	2.0796e-01	6.1893e-02	0.193634	3
ACADL	4	2.0796e-01	6.1893e-02	0.193634	2
ACAT1	4	2.0797e-01	6.1893e-02	0.193634	3
TCP10	4	2.0800e-01	6.1893e-02	0.193634	3
KCTD10	4	2.0805e-01	6.1893e-02	0.193634	3
OR2D3	4	2.0812e-01	6.1893e-02	0.193634	3
TMIGD2	4	2.0813e-01	6.1893e-02	0.193634	3
NIPSNAP1	4	2.0814e-01	6.1893e-02	0.193634	2
MFSD12	4	2.0817e-01	6.1893e-02	0.193634	3
HES1	4	2.0820e-01	6.1893e-02	0.193634	3
RAPGEF4	4	2.0821e-01	6.1893e-02	0.193634	3
LOC100506422	4	2.0822e-01	6.1893e-02	0.193634	2
TRIM56	4	2.0825e-01	6.1893e-02	0.193634	3
RPA4	4	2.0827e-01	6.1893e-02	0.193634	3
NRN1L	4	2.0843e-01	6.1893e-02	0.193634	2
HGFAC	4	2.0855e-01	6.1893e-02	0.193634	3
FKBP2	4	2.0861e-01	6.1893e-02	0.193634	2
DCAF17	4	2.0865e-01	6.1893e-02	0.193634	3
ARHGEF18	4	2.0869e-01	6.1893e-02	0.193634	2
AIF1L	4	2.0872e-01	6.1893e-02	0.193634	2
CDH11	4	2.0874e-01	6.1893e-02	0.193634	3
GSTZ1	4	2.0887e-01	6.1893e-02	0.193634	3
TAPBP	4	2.0895e-01	6.1893e-02	0.193634	1
CHD8	4	2.0897e-01	6.1893e-02	0.193634	3
LPPR4	4	2.0900e-01	6.1893e-02	0.193634	3
ZNRF1	4	2.0918e-01	6.1893e-02	0.193634	3
IL23R	4	2.0924e-01	6.1893e-02	0.193634	3
TMEM178B	4	2.0926e-01	6.1893e-02	0.193634	1
C1orf168	4	2.0928e-01	6.1893e-02	0.193634	2
EPC1	4	2.0932e-01	6.1893e-02	0.193634	3
PBDC1	4	2.0934e-01	6.1893e-02	0.193634	2
ADAM23	4	2.0939e-01	6.1893e-02	0.193634	3
C1orf229	4	2.0942e-01	6.1893e-02	0.193634	3
LDB3	4	2.0942e-01	6.1893e-02	0.193634	2
WBP5	4	2.0949e-01	6.1893e-02	0.193634	3
MCCC1	4	2.0956e-01	6.1893e-02	0.193634	3
SPAG9	4	2.0957e-01	6.1893e-02	0.193634	2
CNPY4	4	2.0958e-01	6.1893e-02	0.193634	3
LHFP	4	2.0959e-01	6.1893e-02	0.193634	2
ZFYVE1	4	2.0960e-01	6.1893e-02	0.193634	2
SCOC	4	2.0968e-01	6.1893e-02	0.193634	3
CCDC102B	4	2.0990e-01	6.1893e-02	0.193634	3
C12orf29	4	2.0991e-01	6.1893e-02	0.193634	1
OR2G6	4	2.0992e-01	6.1893e-02	0.193634	2
PAX5	4	2.0994e-01	6.1893e-02	0.193634	3
RHBDF1	4	2.0994e-01	6.1893e-02	0.193634	3
CISH	4	2.1002e-01	6.1893e-02	0.193634	3
UPK3BL	4	2.1006e-01	6.1893e-02	0.193634	3
SYPL1	4	2.1010e-01	6.1893e-02	0.193634	3
JAK1	4	2.1011e-01	6.1893e-02	0.193634	3
USP18	4	2.1019e-01	6.1894e-02	0.193634	3
VDAC1	4	2.1021e-01	6.1894e-02	0.193634	2
TNFSF13	4	2.1023e-01	6.1894e-02	0.193634	3
FAM193B	4	2.1027e-01	6.1894e-02	0.193634	2
ARID3C	4	2.1030e-01	6.1894e-02	0.193634	3
ZNF557	4	2.1031e-01	6.1894e-02	0.193634	3
CIDEB	4	2.1034e-01	6.1894e-02	0.193634	2
GCC2	4	2.1035e-01	6.1894e-02	0.193634	3
HTR6	4	2.1037e-01	6.1894e-02	0.193634	3
SAMD4A	4	2.1039e-01	6.1894e-02	0.193634	3
LRP4	4	2.1049e-01	6.1894e-02	0.193634	3
NCAM1	4	2.1056e-01	6.1894e-02	0.193634	3
ALDH3B2	4	2.1060e-01	6.1894e-02	0.193634	2
KRTAP20-2	4	2.1062e-01	6.1894e-02	0.193634	3
KRTAP19-3	4	2.1073e-01	6.1894e-02	0.193634	2
OR10H2	4	2.1075e-01	6.1894e-02	0.193634	2
AREG	4	2.1076e-01	6.1894e-02	0.193634	3
MLH1	4	2.1082e-01	6.1894e-02	0.193634	3
TMEM64	4	2.1086e-01	6.1894e-02	0.193634	1
ACVR2B	4	2.1087e-01	6.1894e-02	0.193634	3
BAHCC1	4	2.1092e-01	6.1894e-02	0.193634	3
DCUN1D4	4	2.1094e-01	6.1894e-02	0.193634	2
ANKRD18A	4	2.1096e-01	6.1894e-02	0.193634	2
SERF1A	4	2.1103e-01	6.1894e-02	0.193634	2
KIAA0100	4	2.1104e-01	6.1894e-02	0.193634	3
FBXO24	4	2.1112e-01	6.1894e-02	0.193634	2
MMP3	4	2.1117e-01	6.1894e-02	0.193634	3
KIAA0753	4	2.1118e-01	6.1894e-02	0.193634	3
ZSCAN1	4	2.1123e-01	6.1894e-02	0.193634	3
CCDC12	4	2.1125e-01	6.1894e-02	0.193634	3
NOTCH2	4	2.1127e-01	6.1894e-02	0.193634	3
MTFP1	4	2.1138e-01	6.1894e-02	0.193634	2
IDH3A	4	2.1153e-01	6.1894e-02	0.193634	2
OSGIN1	4	2.1155e-01	6.1894e-02	0.193634	3
ENG	4	2.1157e-01	6.1894e-02	0.193634	3
FAM120AOS	4	2.1160e-01	6.1894e-02	0.193634	2
HIST1H3G	4	2.1162e-01	6.1894e-02	0.193634	3
MTA2	4	2.1169e-01	6.1894e-02	0.193634	3
MRVI1	4	2.1169e-01	6.1894e-02	0.193634	3
C16orf93	4	2.1173e-01	6.1894e-02	0.193634	2
RCCD1	4	2.1189e-01	6.1894e-02	0.193634	3
OVCA2	4	2.1195e-01	6.1894e-02	0.193634	3
HSPBAP1	4	2.1203e-01	6.1894e-02	0.193634	3
SLC8A1	4	2.1204e-01	6.1894e-02	0.193634	2
C15orf40	4	2.1206e-01	6.1894e-02	0.193634	3
SP110	4	2.1211e-01	6.1894e-02	0.193634	3
EMCN	4	2.1212e-01	6.1894e-02	0.193634	3
GLRA2	4	2.1214e-01	6.1894e-02	0.193634	2
BCORL1	4	2.1217e-01	6.1894e-02	0.193634	3
MMACHC	4	2.1224e-01	6.1894e-02	0.193634	3
ELMO1	4	2.1224e-01	6.1894e-02	0.193634	2
SLC47A1	4	2.1225e-01	6.1894e-02	0.193634	3
WDFY3	4	2.1229e-01	6.1894e-02	0.193634	3
OR1I1	4	2.1231e-01	6.1894e-02	0.193634	3
SUMO3	4	2.1239e-01	6.1894e-02	0.193634	2
CD14	4	2.1247e-01	6.1894e-02	0.193634	2
AGMO	4	2.1261e-01	6.1894e-02	0.193634	3
OR4X2	4	2.1262e-01	6.1894e-02	0.193634	2
NF1	4	2.1263e-01	6.1894e-02	0.193634	1
LRCH2	4	2.1282e-01	6.1894e-02	0.193634	3
HIST2H2AC	4	2.1289e-01	6.1894e-02	0.193634	2
FGFRL1	4	2.1297e-01	6.2415e-02	0.193634	3
CATSPERD	4	2.1299e-01	6.2415e-02	0.193634	3
ADAM19	4	2.1299e-01	6.2415e-02	0.193634	2
CYBA	4	2.1307e-01	6.2415e-02	0.193634	3
BCKDHB	4	2.1312e-01	6.2415e-02	0.193634	2
ELMOD1	4	2.1318e-01	6.2415e-02	0.193634	3
MPHOSPH8	4	2.1318e-01	6.2415e-02	0.193634	2
SDHB	4	2.1320e-01	6.2415e-02	0.193634	3
PPEF1	4	2.1323e-01	6.2415e-02	0.193634	3
LOC400863	4	2.1324e-01	6.2415e-02	0.193634	2
LOC389602	4	2.1328e-01	6.2415e-02	0.193634	3
COMMD2	4	2.1334e-01	6.2415e-02	0.193634	3
TVP23B	4	2.1336e-01	6.2415e-02	0.193634	3
UCMA	4	2.1337e-01	6.2415e-02	0.193634	3
CCDC73	4	2.1339e-01	6.2415e-02	0.193634	2
CETN1	4	2.1344e-01	6.2415e-02	0.193634	3
CFB	4	2.1346e-01	6.2415e-02	0.193634	3
TTC24	4	2.1349e-01	6.2416e-02	0.193634	3
IRF9	4	2.1349e-01	6.2416e-02	0.193634	2
FABP6	4	2.1362e-01	6.2416e-02	0.193634	2
CPXM1	4	2.1363e-01	6.2416e-02	0.193634	3
AMTN	4	2.1364e-01	6.2416e-02	0.193634	2
UBQLNL	4	2.1367e-01	6.2416e-02	0.193634	3
SNX25	4	2.1372e-01	6.2416e-02	0.193634	3
TMOD1	4	2.1386e-01	6.2416e-02	0.193634	2
ZBED5	4	2.1389e-01	6.2416e-02	0.193634	2
LILRA6	4	2.1395e-01	6.2416e-02	0.193634	3
LYPLAL1	4	2.1401e-01	6.2965e-02	0.193634	2
TRIL	4	2.1405e-01	6.2965e-02	0.193634	2
CHRNE	4	2.1409e-01	6.2965e-02	0.193634	3
POLM	4	2.1409e-01	6.2965e-02	0.193634	2
MGA	4	2.1420e-01	6.2965e-02	0.193634	2
ZNF678	4	2.1432e-01	6.2965e-02	0.193634	2
MYDGF	4	2.1441e-01	6.2965e-02	0.193634	3
NEDD4L	4	2.1445e-01	6.2965e-02	0.193634	2
BROX	4	2.1451e-01	6.2965e-02	0.193634	3
ASTE1	4	2.1460e-01	6.2965e-02	0.193634	3
MBOAT1	4	2.1471e-01	6.2965e-02	0.193634	2
MET	4	2.1482e-01	6.2965e-02	0.193634	2
CLTA	4	2.1496e-01	6.2965e-02	0.193634	3
TMEM115	4	2.1497e-01	6.2965e-02	0.193634	3
TSPYL4	4	2.1507e-01	6.2965e-02	0.193634	3
ZNF287	4	2.1518e-01	6.2965e-02	0.193634	3
DYNC1LI1	4	2.1521e-01	6.2965e-02	0.193634	3
SCARB1	4	2.1526e-01	6.2965e-02	0.193634	2
CDH22	4	2.1527e-01	6.2965e-02	0.193634	1
FEZF1	4	2.1534e-01	6.2965e-02	0.193634	2
LRRC52	4	2.1536e-01	6.2965e-02	0.193634	3
TRIQK	4	2.1541e-01	6.2965e-02	0.193634	2
AP1S2	4	2.1541e-01	6.2965e-02	0.193634	3
RYR3	4	2.1559e-01	6.2965e-02	0.193634	2
TJP3	4	2.1564e-01	6.2965e-02	0.193634	2
AFTPH	4	2.1564e-01	6.2965e-02	0.193634	3
MDK	4	2.1566e-01	6.2965e-02	0.193634	2
LEF1	4	2.1570e-01	6.2965e-02	0.193634	2
PHOSPHO1	4	2.1575e-01	6.2966e-02	0.193634	3
CCDC184	4	2.1580e-01	6.2966e-02	0.193634	3
TIMP2	4	2.1582e-01	6.2966e-02	0.193634	2
CHAC1	4	2.1585e-01	6.2966e-02	0.193634	3
GIMAP1	4	2.1591e-01	6.2966e-02	0.193634	3
B4GALNT2	4	2.1591e-01	6.2966e-02	0.193634	2
CCRN4L	4	2.1601e-01	6.2966e-02	0.193634	3
SYTL1	4	2.1605e-01	6.2966e-02	0.193634	2
TCEAL8	4	2.1607e-01	6.2966e-02	0.193634	3
SIRT2	4	2.1609e-01	6.2966e-02	0.193634	3
ARHGAP33	4	2.1615e-01	6.2966e-02	0.193634	3
COA5	4	2.1617e-01	6.2966e-02	0.193634	3
GNAL	4	2.1622e-01	6.2966e-02	0.193634	2
SURF1	4	2.1626e-01	6.2966e-02	0.193634	3
POM121C	4	2.1635e-01	6.2966e-02	0.193634	2
SCNN1A	4	2.1641e-01	6.2966e-02	0.193634	2
SELPLG	4	2.1643e-01	6.2966e-02	0.193634	3
MALL	4	2.1651e-01	6.2966e-02	0.193634	3
SLC50A1	4	2.1668e-01	6.2966e-02	0.193634	2
OR51Q1	4	2.1671e-01	6.2966e-02	0.193634	2
RAB12	4	2.1683e-01	6.2966e-02	0.193634	3
MRPS23	4	2.1685e-01	6.2966e-02	0.193634	3
RRAS2	4	2.1687e-01	6.2966e-02	0.193634	3
C7orf69	4	2.1716e-01	6.2966e-02	0.193634	2
OSR2	4	2.1717e-01	6.2966e-02	0.193634	3
MAGEA1	4	2.1725e-01	6.2966e-02	0.193634	3
SLC2A8	4	2.1725e-01	6.2966e-02	0.193634	2
SUN3	4	2.1730e-01	6.2966e-02	0.193634	3
KCNN4	4	2.1733e-01	6.2966e-02	0.193634	2
CCNG1	4	2.1736e-01	6.2966e-02	0.193634	3
MYO6	4	2.1748e-01	6.3347e-02	0.193634	3
CASQ1	4	2.1749e-01	6.3347e-02	0.193634	2
GPR173	4	2.1754e-01	6.3347e-02	0.193634	3
SLC25A6	4	2.1758e-01	6.3347e-02	0.193634	2
MROH6	4	2.1762e-01	6.3347e-02	0.193634	3
FERD3L	4	2.1772e-01	6.3347e-02	0.193634	3
SQSTM1	4	2.1772e-01	6.3347e-02	0.193634	3
LRRN3	4	2.1774e-01	6.3347e-02	0.193634	3
RXRG	4	2.1781e-01	6.3347e-02	0.193634	2
CECR2	4	2.1787e-01	6.3347e-02	0.193634	3
GPR148	4	2.1787e-01	6.3347e-02	0.193634	3
CGB	4	2.1791e-01	6.3347e-02	0.193634	3
SMCP	4	2.1798e-01	6.3347e-02	0.193634	3
OTOL1	4	2.1814e-01	6.3348e-02	0.193634	2
QSOX2	4	2.1816e-01	6.3348e-02	0.193634	2
ENPP4	4	2.1818e-01	6.3348e-02	0.193634	2
HIST1H4E	4	2.1820e-01	6.3348e-02	0.193634	3
TMIE	4	2.1823e-01	6.3348e-02	0.193634	3
PLEKHG5	4	2.1823e-01	6.3348e-02	0.193634	3
C17orf50	4	2.1837e-01	6.3348e-02	0.193634	3
PRKCZ	4	2.1837e-01	6.3348e-02	0.193634	3
NEXN	4	2.1848e-01	6.3348e-02	0.193634	2
NUCB1	4	2.1851e-01	6.3348e-02	0.193634	3
EMX2	4	2.1860e-01	6.3734e-02	0.193634	3
BOLL	4	2.1866e-01	6.3734e-02	0.193634	3
SYNE2	4	2.1867e-01	6.3734e-02	0.193634	3
UGT1A8	4	2.1868e-01	6.3734e-02	0.193634	2
GNRHR	4	2.1868e-01	6.3734e-02	0.193634	3
PLCE1	4	2.1877e-01	6.3734e-02	0.193634	3
EPOR	4	2.1877e-01	6.3734e-02	0.193634	3
C7orf55-LUC7L2	4	2.1885e-01	6.3734e-02	0.193634	2
ZNF337	4	2.1903e-01	6.3734e-02	0.193634	3
ITM2C	4	2.1911e-01	6.3734e-02	0.193634	3
KRTAP19-7	4	2.1917e-01	6.3734e-02	0.193634	3
TSPAN16	4	2.1929e-01	6.3734e-02	0.193634	2
RBMY1A1	4	2.1931e-01	6.3734e-02	0.193634	3
MEGF11	4	2.1932e-01	6.3734e-02	0.193634	3
EFEMP2	4	2.1934e-01	6.3734e-02	0.193634	2
LARP6	4	2.1944e-01	6.3734e-02	0.193634	2
TMEM8A	4	2.1945e-01	6.3734e-02	0.193634	3
HELZ	4	2.1949e-01	6.3734e-02	0.193634	3
TRMT61B	4	2.1950e-01	6.3734e-02	0.193634	3
CAV2	4	2.1952e-01	6.3734e-02	0.193634	3
CCDC69	4	2.1960e-01	6.3734e-02	0.193634	3
SEPTIN12	4	2.1965e-01	6.3734e-02	0.193634	3
STARD5	4	2.1974e-01	6.3734e-02	0.193634	2
EIF4EBP1	4	2.1977e-01	6.3734e-02	0.193634	3
KCTD4	4	2.1987e-01	6.3734e-02	0.193634	3
SHISA6	4	2.1988e-01	6.3734e-02	0.193634	2
LYSMD2	4	2.2011e-01	6.3734e-02	0.193634	3
OR13F1	4	2.2026e-01	6.3734e-02	0.193634	2
PEBP1	4	2.2033e-01	6.3734e-02	0.193634	3
SEC23B	4	2.2035e-01	6.3734e-02	0.193634	3
ATG2A	4	2.2041e-01	6.3734e-02	0.193634	1
GPHA2	4	2.2041e-01	6.3734e-02	0.193634	3
FMO4	4	2.2045e-01	6.3734e-02	0.193634	3
CRHR1	4	2.2049e-01	6.3734e-02	0.193634	2
FAM195A	4	2.2049e-01	6.3734e-02	0.193634	3
CRYGN	4	2.2052e-01	6.3734e-02	0.193634	3
RHNO1	4	2.2056e-01	6.3734e-02	0.193634	3
NPDC1	4	2.2061e-01	6.3734e-02	0.193634	3
ZNF480	4	2.2064e-01	6.3734e-02	0.193634	1
MEA1	4	2.2066e-01	6.3734e-02	0.193634	3
DBNL	4	2.2073e-01	6.3734e-02	0.193634	3
TRIM77	4	2.2080e-01	6.3734e-02	0.193634	2
HUS1B	4	2.2093e-01	6.3734e-02	0.193634	3
C4orf3	4	2.2096e-01	6.3734e-02	0.193634	3
CLDN15	4	2.2097e-01	6.3734e-02	0.193634	3
ATIC	4	2.2107e-01	6.3734e-02	0.193634	3
ZNF239	4	2.2114e-01	6.3734e-02	0.193634	3
UFD1L	4	2.2130e-01	6.3734e-02	0.193634	2
ZNF653	4	2.2150e-01	6.3734e-02	0.193634	2
IMPAD1	4	2.2151e-01	6.3734e-02	0.193634	3
MRGPRX1	4	2.2164e-01	6.3734e-02	0.193634	3
MCMDC2	4	2.2165e-01	6.3734e-02	0.193634	2
MTCH1	4	2.2166e-01	6.3734e-02	0.193634	3
LYRM9	4	2.2181e-01	6.3734e-02	0.193634	2
MUT	4	2.2183e-01	6.3734e-02	0.193634	2
PLEKHG6	4	2.2187e-01	6.3734e-02	0.193634	2
PPP1R17	4	2.2190e-01	6.3734e-02	0.193634	3
TAS2R16	4	2.2191e-01	6.3734e-02	0.193634	2
MUC1	4	2.2194e-01	6.3734e-02	0.193634	2
OR51M1	4	2.2195e-01	6.3734e-02	0.193634	3
TMEM141	4	2.2198e-01	6.3734e-02	0.193634	2
DOK2	4	2.2202e-01	6.3734e-02	0.193634	2
KLHL33	4	2.2215e-01	6.3734e-02	0.193634	2
POMC	4	2.2217e-01	6.3734e-02	0.193634	3
KIAA2022	4	2.2227e-01	6.3734e-02	0.193634	3
CARM1	4	2.2237e-01	6.3734e-02	0.193634	3
GJA4	4	2.2241e-01	6.3734e-02	0.193634	3
OR5K1	4	2.2253e-01	6.3734e-02	0.193634	3
FAM89A	4	2.2260e-01	6.3734e-02	0.193634	2
AP1AR	4	2.2262e-01	6.3734e-02	0.193634	3
CDKN2B	4	2.2266e-01	6.3734e-02	0.193634	1
HPS4	4	2.2268e-01	6.3734e-02	0.193634	3
ABRA	4	2.2280e-01	6.3734e-02	0.193634	3
MRO	4	2.2283e-01	6.3734e-02	0.193634	1
KIFC2	4	2.2284e-01	6.3734e-02	0.193634	2
TMEM8B	4	2.2288e-01	6.3734e-02	0.193634	2
TMEM110-MUSTN1	4	2.2292e-01	6.3734e-02	0.193634	3
LOC200726	4	2.2300e-01	6.3734e-02	0.193634	3
IVD	4	2.2302e-01	6.3734e-02	0.193634	3
LANCL3	4	2.2303e-01	6.3734e-02	0.193634	3
FBXO41	4	2.2312e-01	6.3734e-02	0.193634	3
XYLT2	4	2.2318e-01	6.3734e-02	0.193634	3
VSIG8	4	2.2322e-01	6.3734e-02	0.193634	3
PRH1	4	2.2322e-01	6.3734e-02	0.193634	2
PDPR	4	2.2323e-01	6.3734e-02	0.193634	3
STX7	4	2.2324e-01	6.3734e-02	0.193634	2
SSBP4	4	2.2327e-01	6.3734e-02	0.193634	3
ZNF48	4	2.2343e-01	6.3734e-02	0.193634	1
PCSK4	4	2.2345e-01	6.3734e-02	0.193634	3
MAPK3	4	2.2353e-01	6.3734e-02	0.193634	3
KRT85	4	2.2356e-01	6.3734e-02	0.193634	2
ATP2B4	4	2.2358e-01	6.3734e-02	0.193634	2
RBP3	4	2.2366e-01	6.3734e-02	0.193634	3
HFE2	4	2.2370e-01	6.3734e-02	0.193634	2
SLC30A1	4	2.2374e-01	6.3734e-02	0.193634	3
MMP23B	4	2.2377e-01	6.3734e-02	0.193634	2
IFNGR1	4	2.2382e-01	6.3734e-02	0.193634	3
ECT2L	4	2.2385e-01	6.3734e-02	0.193634	2
CYP3A5	4	2.2387e-01	6.3734e-02	0.193634	3
LRRC16B	4	2.2394e-01	6.3734e-02	0.193634	1
ZNF776	4	2.2407e-01	6.3734e-02	0.193634	3
TMEM108	4	2.2414e-01	6.3734e-02	0.193634	3
SLC5A11	4	2.2415e-01	6.3734e-02	0.193634	2
ISLR2	4	2.2418e-01	6.3734e-02	0.193634	3
MMP14	4	2.2428e-01	6.3734e-02	0.193634	3
GNG10	4	2.2432e-01	6.3734e-02	0.193634	3
SCGB2A1	4	2.2436e-01	6.3734e-02	0.193634	2
TSPAN17	4	2.2440e-01	6.3734e-02	0.193634	3
HPCA	4	2.2441e-01	6.3734e-02	0.193634	1
ZDHHC12	4	2.2443e-01	6.3734e-02	0.193634	3
MYH15	4	2.2445e-01	6.3734e-02	0.193634	3
KRTAP5-1	4	2.2446e-01	6.3734e-02	0.193634	2
FAM157B	4	2.2455e-01	6.3734e-02	0.193634	3
ZNF385B	4	2.2458e-01	6.3734e-02	0.193634	2
UGT3A2	4	2.2472e-01	6.4128e-02	0.194587	3
CCDC63	4	2.2476e-01	6.4128e-02	0.194587	2
NPAS2	4	2.2488e-01	6.4524e-02	0.194587	3
HACD2	4	2.2498e-01	6.4524e-02	0.194587	2
SWSAP1	4	2.2505e-01	6.4524e-02	0.194587	2
KBTBD6	4	2.2517e-01	6.4524e-02	0.194587	3
SFR1	4	2.2527e-01	6.4524e-02	0.194587	3
AP1B1	4	2.2530e-01	6.4524e-02	0.194587	3
MTMR11	4	2.2535e-01	6.4524e-02	0.194587	2
RAB3IP	4	2.2544e-01	6.4524e-02	0.194587	2
BAD	4	2.2547e-01	6.4524e-02	0.194587	3
PNKD	4	2.2548e-01	6.4524e-02	0.194587	2
MICAL3	4	2.2552e-01	6.4524e-02	0.194587	2
CXorf49	4	2.2554e-01	6.4524e-02	0.194587	3
HIST1H4D	4	2.2557e-01	6.4524e-02	0.194587	2
AP3M2	4	2.2563e-01	6.4524e-02	0.194587	3
TJAP1	4	2.2565e-01	6.4524e-02	0.194587	2
KCNA3	4	2.2573e-01	6.4524e-02	0.194587	3
VIPR1	4	2.2579e-01	6.5050e-02	0.194587	3
THEMIS	4	2.2581e-01	6.5050e-02	0.194587	2
CRY2	4	2.2584e-01	6.5050e-02	0.194587	3
CHODL	4	2.2590e-01	6.5050e-02	0.194587	2
POMT1	4	2.2592e-01	6.5050e-02	0.194587	2
POLDIP3	4	2.2592e-01	6.5050e-02	0.194587	3
CBLN3	4	2.2597e-01	6.5050e-02	0.194587	3
NYAP2	4	2.2610e-01	6.5050e-02	0.194587	3
OOEP	4	2.2617e-01	6.5050e-02	0.194587	2
MYBPHL	4	2.2624e-01	6.5050e-02	0.194587	3
RFTN2	4	2.2633e-01	6.5050e-02	0.194587	2
L3MBTL1	4	2.2635e-01	6.5050e-02	0.194587	3
H1FNT	4	2.2640e-01	6.5050e-02	0.194587	2
TRAF1	4	2.2652e-01	6.5050e-02	0.194587	3
KLHL26	4	2.2654e-01	6.5050e-02	0.194587	3
GNAI3	4	2.2659e-01	6.5050e-02	0.194587	2
NELFE	4	2.2668e-01	6.5050e-02	0.194587	2
RAB35	4	2.2674e-01	6.5050e-02	0.194587	3
PLEKHA7	4	2.2678e-01	6.5050e-02	0.194587	1
KRBA2	4	2.2684e-01	6.5050e-02	0.194587	3
DPPA4	4	2.2686e-01	6.5050e-02	0.194587	3
ADAM29	4	2.2688e-01	6.5050e-02	0.194587	3
SEC24D	4	2.2689e-01	6.5050e-02	0.194587	2
MSTN	4	2.2693e-01	6.5050e-02	0.194587	2
LRRIQ3	4	2.2696e-01	6.5050e-02	0.194587	3
NDRG1	4	2.2698e-01	6.5050e-02	0.194587	3
TRAPPC3L	4	2.2701e-01	6.5050e-02	0.194587	3
TREML1	4	2.2701e-01	6.5050e-02	0.194587	2
ANKRD46	4	2.2703e-01	6.5050e-02	0.194587	3
KRT16	4	2.2713e-01	6.5050e-02	0.194587	3
SRSF9	4	2.2714e-01	6.5050e-02	0.194587	3
LDHAL6A	4	2.2716e-01	6.5050e-02	0.194587	2
ANKRD52	4	2.2719e-01	6.5050e-02	0.194587	3
CCL2	4	2.2728e-01	6.5050e-02	0.194587	3
OAZ1	4	2.2731e-01	6.5050e-02	0.194587	2
BAAT	4	2.2735e-01	6.5051e-02	0.194587	3
SLC9C1	4	2.2735e-01	6.5051e-02	0.194587	2
TTC34	4	2.2748e-01	6.5051e-02	0.194587	3
LRTM2	4	2.2752e-01	6.5051e-02	0.194587	2
TMSB15B	4	2.2753e-01	6.5051e-02	0.194587	3
PLD3	4	2.2755e-01	6.5051e-02	0.194587	3
GSPT2	4	2.2756e-01	6.5051e-02	0.194587	2
LOC100133267	4	2.2758e-01	6.5051e-02	0.194587	3
EPHX3	4	2.2764e-01	6.5051e-02	0.194587	3
MGST3	4	2.2767e-01	6.5051e-02	0.194587	2
DUSP21	4	2.2768e-01	6.5051e-02	0.194587	3
GRIK3	4	2.2778e-01	6.5051e-02	0.194587	2
SDCCAG3	4	2.2781e-01	6.5051e-02	0.194587	3
PRDM12	4	2.2781e-01	6.5051e-02	0.194587	2
OR10W1	4	2.2788e-01	6.5051e-02	0.194587	3
BDH1	4	2.2792e-01	6.5051e-02	0.194587	3
TMEM211	4	2.2793e-01	6.5051e-02	0.194587	2
TTL	4	2.2799e-01	6.5051e-02	0.194587	3
TMUB1	4	2.2807e-01	6.5051e-02	0.194587	3
AMD1	4	2.2807e-01	6.5051e-02	0.194587	2
OR2A4	4	2.2810e-01	6.5051e-02	0.194587	3
PDE6H	4	2.2830e-01	6.5051e-02	0.194587	2
ZNF232	4	2.2838e-01	6.5051e-02	0.194587	3
CDK6	4	2.2841e-01	6.5051e-02	0.194587	3
MEF2D	4	2.2842e-01	6.5051e-02	0.194587	3
OLFM3	4	2.2847e-01	6.5051e-02	0.194587	1
HMOX2	4	2.2854e-01	6.5051e-02	0.194587	2
TPM4	4	2.2855e-01	6.5051e-02	0.194587	2
PPT2	4	2.2856e-01	6.5051e-02	0.194587	2
CT47A1	4	2.2858e-01	6.5051e-02	0.194587	3
KRTAP26-1	4	2.2864e-01	6.5051e-02	0.194587	2
TGFBRAP1	4	2.2866e-01	6.5051e-02	0.194587	3
PCDH7	4	2.2873e-01	6.5051e-02	0.194587	3
SLC4A5	4	2.2875e-01	6.5051e-02	0.194587	2
HACD4	4	2.2876e-01	6.5051e-02	0.194587	2
FOLR2	4	2.2879e-01	6.5051e-02	0.194587	3
API5	4	2.2881e-01	6.5051e-02	0.194587	1
HOMEZ	4	2.2882e-01	6.5051e-02	0.194587	3
FRMPD2	4	2.2886e-01	6.5051e-02	0.194587	3
LEP	4	2.2898e-01	6.5598e-02	0.194587	3
CA3	4	2.2902e-01	6.5598e-02	0.194587	1
DHRS3	4	2.2908e-01	6.5598e-02	0.194587	3
CCDC47	4	2.2909e-01	6.5598e-02	0.194587	3
CXCL2	4	2.2911e-01	6.5598e-02	0.194587	2
DEFB128	4	2.2913e-01	6.5598e-02	0.194587	3
KCNH3	4	2.2914e-01	6.5598e-02	0.194587	3
GPR160	4	2.2915e-01	6.5598e-02	0.194587	2
PLA2G1B	4	2.2919e-01	6.5598e-02	0.194587	3
AGO3	4	2.2926e-01	6.5598e-02	0.194587	3
NFYC	4	2.2936e-01	6.5598e-02	0.194587	2
BTNL2	4	2.2936e-01	6.5598e-02	0.194587	2
APOOL	4	2.2940e-01	6.5598e-02	0.194587	2
LEPROTL1	4	2.2946e-01	6.5598e-02	0.194587	3
INA	4	2.2950e-01	6.5598e-02	0.194587	3
CDADC1	4	2.2952e-01	6.5598e-02	0.194587	3
TNFRSF6B	4	2.2953e-01	6.5598e-02	0.194587	2
DRD2	4	2.2957e-01	6.5598e-02	0.194587	2
HSPA8	4	2.2977e-01	6.5598e-02	0.194587	2
TSKU	4	2.2987e-01	6.5598e-02	0.194587	3
SLC36A4	4	2.2991e-01	6.5598e-02	0.194587	1
GPRC5A	4	2.2995e-01	6.5598e-02	0.194587	3
RILP	4	2.2997e-01	6.5598e-02	0.194587	3
FADS1	4	2.2998e-01	6.5598e-02	0.194587	3
SPN	4	2.3002e-01	6.5598e-02	0.194587	3
LIF	4	2.3004e-01	6.5598e-02	0.194587	2
DARS2	4	2.3006e-01	6.5598e-02	0.194587	2
ADH4	4	2.3008e-01	6.5598e-02	0.194587	3
GS1-259H13.2	4	2.3016e-01	6.5598e-02	0.194587	3
ASPM	4	2.3017e-01	6.5598e-02	0.194587	2
BIN2	4	2.3019e-01	6.5598e-02	0.194587	2
NUMB	4	2.3027e-01	6.5598e-02	0.194587	3
SLC2A6	4	2.3030e-01	6.5598e-02	0.194587	3
DNASE1L3	4	2.3038e-01	6.5598e-02	0.194587	3
SYNPR	4	2.3044e-01	6.5598e-02	0.194587	2
TMEM79	4	2.3046e-01	6.5598e-02	0.194587	3
XAGE1E	4	2.3047e-01	6.5598e-02	0.194587	2
CLPSL1	4	2.3053e-01	6.5598e-02	0.194587	3
SASH3	4	2.3060e-01	6.5598e-02	0.194587	3
ZNF567	4	2.3061e-01	6.5598e-02	0.194587	3
CTNNB1	4	2.3061e-01	6.5598e-02	0.194587	2
RAB5B	4	2.3065e-01	6.5598e-02	0.194587	3
SCRN3	4	2.3068e-01	6.5598e-02	0.194587	2
UBE2J2	4	2.3076e-01	6.5598e-02	0.194587	2
LRRC61	4	2.3083e-01	6.6020e-02	0.194587	3
DNASE1	4	2.3095e-01	6.6021e-02	0.194587	2
OR4K15	4	2.3104e-01	6.6584e-02	0.194587	3
AKAP4	4	2.3108e-01	6.6584e-02	0.194587	2
ADRA1D	4	2.3110e-01	6.6584e-02	0.194587	2
KLHL34	4	2.3114e-01	6.6584e-02	0.194587	3
ANXA3	4	2.3115e-01	6.6584e-02	0.194587	3
SUB1	4	2.3119e-01	6.6584e-02	0.194587	3
PHLDA3	4	2.3120e-01	6.6584e-02	0.194587	3
PPIB	4	2.3125e-01	6.6584e-02	0.194587	2
PLA2R1	4	2.3132e-01	6.6584e-02	0.194587	3
FBXL6	4	2.3134e-01	6.6584e-02	0.194587	3
SLC25A12	4	2.3136e-01	6.6584e-02	0.194587	3
VRK2	4	2.3139e-01	6.6584e-02	0.194587	3
CYP8B1	4	2.3140e-01	6.6584e-02	0.194587	1
TENM3	4	2.3144e-01	6.6584e-02	0.194587	2
PYCR2	4	2.3146e-01	6.6584e-02	0.194587	2
DKK1	4	2.3149e-01	6.6584e-02	0.194587	3
DAW1	4	2.3152e-01	6.6584e-02	0.194587	3
SLC25A2	4	2.3153e-01	6.6584e-02	0.194587	2
ADD2	4	2.3155e-01	6.6584e-02	0.194587	2
CT45A6	4	2.3157e-01	6.6584e-02	0.194587	3
MEGF9	4	2.3159e-01	6.6584e-02	0.194587	2
BAZ1A	4	2.3161e-01	6.6584e-02	0.194587	3
CELA3B	4	2.3172e-01	6.6584e-02	0.194587	3
AGPAT9	4	2.3176e-01	6.6584e-02	0.194587	2
MN1	4	2.3178e-01	6.6584e-02	0.194587	2
ZNF121	4	2.3180e-01	6.6584e-02	0.194587	2
OBSCN	4	2.3182e-01	6.6584e-02	0.194587	2
PROC	4	2.3183e-01	6.6584e-02	0.194587	3
ARRDC1	4	2.3190e-01	6.6584e-02	0.194587	3
ZMAT1	4	2.3191e-01	6.6584e-02	0.194587	2
TBC1D3	4	2.3195e-01	6.6584e-02	0.194587	1
SLTM	4	2.3198e-01	6.6584e-02	0.194587	3
ZMYM3	4	2.3203e-01	6.6584e-02	0.194587	3
PITRM1	4	2.3208e-01	6.6584e-02	0.194587	2
IQCJ-SCHIP1	4	2.3210e-01	6.6584e-02	0.194587	3
CAMK1	4	2.3212e-01	6.6584e-02	0.194587	3
PIGQ	4	2.3212e-01	6.6584e-02	0.194587	3
WDR35	4	2.3220e-01	6.6584e-02	0.194587	3
SEMA4D	4	2.3223e-01	6.6584e-02	0.194587	3
ZNF705E	4	2.3224e-01	6.6584e-02	0.194587	3
SLC5A4	4	2.3229e-01	6.6584e-02	0.194587	2
DLG3	4	2.3236e-01	6.6584e-02	0.194587	2
C18orf8	4	2.3238e-01	6.6584e-02	0.194587	3
LRP5	4	2.3241e-01	6.6584e-02	0.194587	3
UBXN2B	4	2.3248e-01	6.6584e-02	0.194587	3
DMPK	4	2.3249e-01	6.6584e-02	0.194587	3
VSIG4	4	2.3268e-01	6.6585e-02	0.194587	3
MPP7	4	2.3269e-01	6.6585e-02	0.194587	2
LPO	4	2.3272e-01	6.6585e-02	0.194587	3
MPND	4	2.3272e-01	6.6585e-02	0.194587	2
CCDC81	4	2.3273e-01	6.6585e-02	0.194587	3
ATP6V1G2	4	2.3278e-01	6.6585e-02	0.194587	3
LPAR3	4	2.3282e-01	6.6585e-02	0.194587	3
GCH1	4	2.3282e-01	6.6585e-02	0.194587	2
HOXD4	4	2.3290e-01	6.6585e-02	0.194587	3
DDI1	4	2.3292e-01	6.6585e-02	0.194587	3
NINJ2	4	2.3305e-01	6.6585e-02	0.194587	3
SMG6	4	2.3309e-01	6.6585e-02	0.194587	3
C5orf15	4	2.3310e-01	6.6585e-02	0.194587	3
PBX2	4	2.3314e-01	6.6585e-02	0.194587	2
DDX60L	4	2.3329e-01	6.6585e-02	0.194587	3
KRTAP19-6	4	2.3331e-01	6.6585e-02	0.194587	3
ZNF589	4	2.3331e-01	6.6585e-02	0.194587	2
HSPA2	4	2.3333e-01	6.6585e-02	0.194587	3
CGRRF1	4	2.3336e-01	6.6585e-02	0.194587	3
OPA3	4	2.3342e-01	6.6585e-02	0.194587	2
CMPK2	4	2.3344e-01	6.6585e-02	0.194587	1
MSRB2	4	2.3353e-01	6.6585e-02	0.194587	3
F2RL3	4	2.3355e-01	6.6585e-02	0.194587	3
ZNF512	4	2.3358e-01	6.6585e-02	0.194587	3
GPR37L1	4	2.3371e-01	6.6585e-02	0.194587	3
M6PR	4	2.3373e-01	6.6585e-02	0.194587	2
HDAC7	4	2.3374e-01	6.6585e-02	0.194587	2
ZNF552	4	2.3377e-01	6.6585e-02	0.194587	3
C1orf174	4	2.3382e-01	6.6585e-02	0.194587	3
TMEM196	4	2.3394e-01	6.6585e-02	0.194587	3
C3orf67	4	2.3397e-01	6.6585e-02	0.194587	3
RPUSD2	4	2.3416e-01	6.6585e-02	0.194587	2
RHOV	4	2.3418e-01	6.6585e-02	0.194587	2
STK40	4	2.3419e-01	6.6585e-02	0.194587	3
CTDSP2	4	2.3424e-01	6.6585e-02	0.194587	1
HABP4	4	2.3428e-01	6.6585e-02	0.194587	3
MYCBPAP	4	2.3430e-01	6.6585e-02	0.194587	3
C11orf71	4	2.3437e-01	6.7121e-02	0.194587	2
RNLS	4	2.3441e-01	6.7121e-02	0.194587	3
ERI2	4	2.3442e-01	6.7121e-02	0.194587	2
FAP	4	2.3443e-01	6.7121e-02	0.194587	3
AGR3	4	2.3457e-01	6.7122e-02	0.194587	3
ZNF625	4	2.3464e-01	6.7122e-02	0.194587	3
C1orf141	4	2.3465e-01	6.7122e-02	0.194587	3
CHST8	4	2.3470e-01	6.7515e-02	0.194587	3
TNNT2	4	2.3474e-01	6.7515e-02	0.194587	3
ZNF713	4	2.3476e-01	6.7515e-02	0.194587	2
FUT11	4	2.3478e-01	6.7515e-02	0.194587	2
WDR89	4	2.3482e-01	6.7515e-02	0.194587	2
LAD1	4	2.3491e-01	6.7515e-02	0.194587	3
ABHD6	4	2.3505e-01	6.7515e-02	0.194587	3
NME2	4	2.3506e-01	6.7515e-02	0.194587	3
ZNF829	3	2.3507e-01	6.2885e-02	0.193634	2
GJA1	4	2.3509e-01	6.7515e-02	0.194587	1
TNIP1	4	2.3512e-01	6.7515e-02	0.194587	2
PACSIN1	4	2.3518e-01	6.7515e-02	0.194587	2
TPCN1	4	2.3521e-01	6.7515e-02	0.194587	2
DEFB104B	4	2.3522e-01	6.7515e-02	0.194587	3
MPP1	4	2.3523e-01	6.7515e-02	0.194587	3
INF2	4	2.3527e-01	6.7515e-02	0.194587	3
RNASE12	4	2.3530e-01	6.7515e-02	0.194587	3
EMC4	4	2.3531e-01	6.7515e-02	0.194587	2
CLEC4D	4	2.3532e-01	6.7515e-02	0.194587	3
PPP1R1B	4	2.3533e-01	6.7515e-02	0.194587	2
MAST3	4	2.3534e-01	6.7515e-02	0.194587	1
CLEC1B	4	2.3538e-01	6.7515e-02	0.194587	3
RP1	4	2.3546e-01	6.7515e-02	0.194587	3
PSG4	4	2.3549e-01	6.7515e-02	0.194587	3
HOXD10	4	2.3551e-01	6.7515e-02	0.194587	1
PGR	4	2.3551e-01	6.7515e-02	0.194587	1
XRCC6BP1	4	2.3559e-01	6.7515e-02	0.194587	2
TTC9	4	2.3563e-01	6.7515e-02	0.194587	2
CD207	4	2.3564e-01	6.7515e-02	0.194587	3
FKBP6	4	2.3568e-01	6.7515e-02	0.194587	2
ZNF534	4	2.3586e-01	6.7515e-02	0.194587	3
RBM38	4	2.3590e-01	6.7515e-02	0.194587	3
ACTL10	4	2.3592e-01	6.7515e-02	0.194587	3
SLC7A6	4	2.3601e-01	6.7515e-02	0.194587	3
TMEM11	4	2.3608e-01	6.7515e-02	0.194587	2
LCE1F	4	2.3609e-01	6.7515e-02	0.194587	3
G3BP1	4	2.3610e-01	6.7515e-02	0.194587	2
C4orf17	4	2.3614e-01	6.7515e-02	0.194587	3
ATXN3	4	2.3617e-01	6.7515e-02	0.194587	3
SLC4A10	4	2.3629e-01	6.7515e-02	0.194587	3
LINS	4	2.3636e-01	6.7515e-02	0.194587	1
C17orf47	4	2.3636e-01	6.7515e-02	0.194587	3
TCF15	4	2.3638e-01	6.7515e-02	0.194587	3
TMEM109	4	2.3641e-01	6.7515e-02	0.194587	3
DLG2	4	2.3679e-01	6.7515e-02	0.194587	3
AKT2	4	2.3682e-01	6.7515e-02	0.194587	3
SPOPL	4	2.3684e-01	6.7515e-02	0.194587	3
GGTLC1	4	2.3685e-01	6.7515e-02	0.194587	2
PDGFA	4	2.3693e-01	6.7515e-02	0.194587	3
SPAG11A	4	2.3693e-01	6.7515e-02	0.194587	3
GFM2	4	2.3694e-01	6.7515e-02	0.194587	3
MC3R	4	2.3698e-01	6.7515e-02	0.194587	3
NDE1	4	2.3703e-01	6.7515e-02	0.194587	1
QRFP	4	2.3710e-01	6.7515e-02	0.194587	2
FAT4	4	2.3715e-01	6.7515e-02	0.194587	3
LSM1	3	2.3716e-01	6.3478e-02	0.193634	2
FMOD	4	2.3717e-01	6.7515e-02	0.194587	3
GIF	4	2.3718e-01	6.7515e-02	0.194587	3
CD86	4	2.3720e-01	6.7515e-02	0.194587	3
FRMD1	4	2.3723e-01	6.7515e-02	0.194587	3
AKT3	4	2.3727e-01	6.7515e-02	0.194587	2
OR10R2	4	2.3728e-01	6.7515e-02	0.194587	2
MFAP3	4	2.3734e-01	6.7515e-02	0.194587	2
LBP	4	2.3737e-01	6.7515e-02	0.194587	2
C5orf52	4	2.3741e-01	6.7515e-02	0.194587	3
LCE3B	4	2.3741e-01	6.7515e-02	0.194587	1
ZNF623	4	2.3742e-01	6.7515e-02	0.194587	3
DCST1	4	2.3745e-01	6.7515e-02	0.194587	2
ASAH2	4	2.3750e-01	6.7515e-02	0.194587	1
IRAK2	4	2.3756e-01	6.7515e-02	0.194587	2
RAB43	4	2.3763e-01	6.7515e-02	0.194587	3
TAAR8	4	2.3772e-01	6.7515e-02	0.194587	2
MGST1	4	2.3777e-01	6.7515e-02	0.194587	2
MORF4L2	4	2.3778e-01	6.7515e-02	0.194587	3
NTHL1	4	2.3783e-01	6.7515e-02	0.194587	2
COBL	4	2.3788e-01	6.7515e-02	0.194587	1
PLA2G4E	4	2.3790e-01	6.7515e-02	0.194587	3
TEX28	4	2.3796e-01	6.7515e-02	0.194587	3
VDAC3	4	2.3799e-01	6.7515e-02	0.194587	3
TRIM29	4	2.3800e-01	6.7515e-02	0.194587	3
DAGLB	4	2.3802e-01	6.7515e-02	0.194587	2
RP9	4	2.3802e-01	6.7515e-02	0.194587	3
UNC5C	4	2.3823e-01	6.7515e-02	0.194587	3
NUSAP1	4	2.3825e-01	6.7515e-02	0.194587	3
CDC42BPA	4	2.3826e-01	6.7515e-02	0.194587	3
SYBU	4	2.3828e-01	6.7515e-02	0.194587	3
C8orf31	4	2.3838e-01	6.7515e-02	0.194587	2
ESYT3	4	2.3842e-01	6.7515e-02	0.194587	2
JARID2	4	2.3845e-01	6.7515e-02	0.194587	3
CSF1	4	2.3847e-01	6.7515e-02	0.194587	2
OR2W5	4	2.3855e-01	6.7515e-02	0.194587	3
PANX2	4	2.3856e-01	6.7515e-02	0.194587	2
ZC3H13	4	2.3858e-01	6.7515e-02	0.194587	2
CD22	4	2.3866e-01	6.7515e-02	0.194587	3
FCAR	4	2.3866e-01	6.7515e-02	0.194587	2
TSPAN6	4	2.3871e-01	6.7515e-02	0.194587	2
PRR5-ARHGAP8	4	2.3872e-01	6.7515e-02	0.194587	2
MEFV	4	2.3887e-01	6.7515e-02	0.194587	2
CD93	4	2.3889e-01	6.7515e-02	0.194587	2
C7orf76	4	2.3893e-01	6.7515e-02	0.194587	2
FOXP3	4	2.3894e-01	6.7515e-02	0.194587	2
RCOR3	4	2.3898e-01	6.7515e-02	0.194587	2
POSTN	4	2.3898e-01	6.7515e-02	0.194587	3
CFAP57	4	2.3908e-01	6.7515e-02	0.194587	2
TCAF2	4	2.3913e-01	6.7515e-02	0.194587	2
MYL7	4	2.3917e-01	6.7515e-02	0.194587	3
SRPK2	4	2.3919e-01	6.7515e-02	0.194587	3
ARFGAP1	4	2.3921e-01	6.7515e-02	0.194587	3
APOF	4	2.3923e-01	6.7515e-02	0.194587	3
TYRP1	4	2.3931e-01	6.7926e-02	0.194587	3
PDP1	4	2.3938e-01	6.7926e-02	0.194587	3
HS3ST6	4	2.3939e-01	6.7926e-02	0.194587	2
SAPCD2	4	2.3941e-01	6.7926e-02	0.194587	2
LNPEP	4	2.3948e-01	6.7926e-02	0.194587	2
HID1	4	2.3954e-01	6.7926e-02	0.194587	3
NXPE3	4	2.3955e-01	6.7926e-02	0.194587	3
CYTH2	4	2.3966e-01	6.7926e-02	0.194587	3
TSNAXIP1	4	2.3977e-01	6.7926e-02	0.194587	2
SECTM1	4	2.3978e-01	6.7926e-02	0.194587	3
KRTAP6-1	4	2.3981e-01	6.7926e-02	0.194587	1
PDS5B	4	2.3985e-01	6.7926e-02	0.194587	3
RIPK3	4	2.3990e-01	6.7926e-02	0.194587	2
MAFG	4	2.3990e-01	6.7926e-02	0.194587	2
CEACAM20	4	2.3993e-01	6.7926e-02	0.194587	2
PRAMEF20	4	2.3994e-01	6.7926e-02	0.194587	1
CASP4	4	2.3997e-01	6.7926e-02	0.194587	3
PSMC3IP	4	2.3997e-01	6.7926e-02	0.194587	2
OR4F6	4	2.4000e-01	6.7926e-02	0.194587	3
CCDC23	4	2.4003e-01	6.7926e-02	0.194587	3
C11orf58	4	2.4007e-01	6.7926e-02	0.194587	3
EFHD1	4	2.4008e-01	6.7926e-02	0.194587	2
EFEMP1	4	2.4009e-01	6.7926e-02	0.194587	3
HDGF	3	2.4016e-01	6.4691e-02	0.194587	2
C16orf86	4	2.4018e-01	6.7927e-02	0.194587	2
UBE2A	4	2.4024e-01	6.7927e-02	0.194587	3
ENDOU	4	2.4026e-01	6.7927e-02	0.194587	3
SNX11	4	2.4027e-01	6.7927e-02	0.194587	2
PFKFB2	4	2.4036e-01	6.7927e-02	0.194587	2
TMEM150C	4	2.4048e-01	6.7927e-02	0.194587	2
CT45A10	4	2.4054e-01	6.7927e-02	0.194587	3
TLE3	4	2.4059e-01	6.7927e-02	0.194587	3
RAB36	4	2.4062e-01	6.7927e-02	0.194587	3
ERAP2	4	2.4071e-01	6.7927e-02	0.194587	3
GTF2IRD2	4	2.4072e-01	6.7927e-02	0.194587	2
PDCD1LG2	4	2.4074e-01	6.7927e-02	0.194587	1
S100A9	4	2.4076e-01	6.7927e-02	0.194587	3
ITGAM	4	2.4078e-01	6.7927e-02	0.194587	2
MICU3	4	2.4081e-01	6.7927e-02	0.194587	3
GPRIN2	4	2.4088e-01	6.7927e-02	0.194587	3
C20orf62	4	2.4091e-01	6.7927e-02	0.194587	3
OTX1	4	2.4095e-01	6.7927e-02	0.194587	2
PPP1R36	3	2.4100e-01	6.4691e-02	0.194587	2
C14orf178	4	2.4103e-01	6.7927e-02	0.194587	3
MDGA2	4	2.4103e-01	6.7927e-02	0.194587	3
CREBRF	4	2.4109e-01	6.8352e-02	0.194641	3
WFDC10A	4	2.4128e-01	6.8352e-02	0.194641	2
TMX1	4	2.4135e-01	6.8352e-02	0.194641	3
MCTP2	4	2.4136e-01	6.8352e-02	0.194641	2
CYCS	4	2.4145e-01	6.8352e-02	0.194641	3
C20orf202	4	2.4147e-01	6.8352e-02	0.194641	3
DCDC2	4	2.4161e-01	6.8352e-02	0.194641	3
GPNMB	4	2.4165e-01	6.8352e-02	0.194641	3
FAM221B	4	2.4173e-01	6.8352e-02	0.194641	3
ANKRD6	4	2.4183e-01	6.8352e-02	0.194641	2
C4orf26	4	2.4185e-01	6.8352e-02	0.194641	2
BRWD1	4	2.4196e-01	6.8352e-02	0.194641	2
MT1HL1	4	2.4199e-01	6.8352e-02	0.194641	3
ALX4	4	2.4202e-01	6.8352e-02	0.194641	3
SLC27A3	4	2.4207e-01	6.8352e-02	0.194641	3
FAM133B	4	2.4209e-01	6.8352e-02	0.194641	3
C10orf128	4	2.4211e-01	6.8352e-02	0.194641	3
RHOXF2B	4	2.4235e-01	6.8353e-02	0.194641	3
PDLIM3	4	2.4238e-01	6.8353e-02	0.194641	2
EBF3	4	2.4242e-01	6.8353e-02	0.194641	3
WDR38	4	2.4247e-01	6.8353e-02	0.194641	3
GATS	4	2.4252e-01	6.8353e-02	0.194641	3
KCND1	4	2.4254e-01	6.8353e-02	0.194641	3
NECAB1	4	2.4254e-01	6.8353e-02	0.194641	2
COMTD1	4	2.4255e-01	6.8353e-02	0.194641	2
ZMPSTE24	4	2.4259e-01	6.8353e-02	0.194641	3
MLXIPL	4	2.4269e-01	6.8353e-02	0.194641	2
DXO	4	2.4272e-01	6.8353e-02	0.194641	2
BLID	4	2.4280e-01	6.8353e-02	0.194641	3
DLX4	4	2.4283e-01	6.8353e-02	0.194641	3
BCAM	4	2.4288e-01	6.8353e-02	0.194641	2
PAQR9	4	2.4297e-01	6.8353e-02	0.194641	3
RNF139	4	2.4299e-01	6.8353e-02	0.194641	3
CNTNAP2	4	2.4314e-01	6.8353e-02	0.194641	2
MYCL	4	2.4318e-01	6.8353e-02	0.194641	2
ZNF506	4	2.4323e-01	6.8353e-02	0.194641	3
ALKBH5	4	2.4326e-01	6.8353e-02	0.194641	1
SLCO4A1	4	2.4330e-01	6.8353e-02	0.194641	3
HSD17B8	4	2.4330e-01	6.8353e-02	0.194641	1
TRAF5	4	2.4332e-01	6.8353e-02	0.194641	3
RAB10	4	2.4335e-01	6.8795e-02	0.195324	3
CD1E	4	2.4339e-01	6.8795e-02	0.195324	1
AVPR1B	4	2.4346e-01	6.8795e-02	0.195324	3
PBLD	4	2.4349e-01	6.8795e-02	0.195324	2
FAM120B	4	2.4351e-01	6.9233e-02	0.195324	3
DCTD	4	2.4361e-01	6.9233e-02	0.195324	2
NPR2	4	2.4364e-01	6.9233e-02	0.195324	3
GTF2A1L	4	2.4368e-01	6.9233e-02	0.195324	3
DDTL	4	2.4375e-01	6.9233e-02	0.195324	3
OR56A1	4	2.4377e-01	6.9233e-02	0.195324	3
C2CD4B	4	2.4381e-01	6.9233e-02	0.195324	2
PPP5D1	4	2.4381e-01	6.9233e-02	0.195324	3
JRK	4	2.4387e-01	6.9233e-02	0.195324	2
RIPPLY1	4	2.4392e-01	6.9233e-02	0.195324	2
CACNA1S	4	2.4393e-01	6.9233e-02	0.195324	2
CHCHD3	4	2.4394e-01	6.9233e-02	0.195324	3
FAM83H	4	2.4398e-01	6.9233e-02	0.195324	3
ZFPM1	4	2.4406e-01	6.9233e-02	0.195324	1
NAPRT	4	2.4408e-01	6.9233e-02	0.195324	3
C17orf99	3	2.4409e-01	6.6016e-02	0.194587	2
GGCT	4	2.4418e-01	6.9663e-02	0.195324	2
PPP3R2	4	2.4424e-01	6.9663e-02	0.195324	2
SIAH3	4	2.4427e-01	6.9663e-02	0.195324	3
INSC	4	2.4433e-01	6.9663e-02	0.195324	3
ZNF879	4	2.4433e-01	6.9663e-02	0.195324	2
CHSY3	4	2.4433e-01	6.9663e-02	0.195324	2
SCTR	4	2.4437e-01	6.9663e-02	0.195324	3
NUDT6	4	2.4440e-01	6.9663e-02	0.195324	3
SLC5A5	4	2.4445e-01	6.9663e-02	0.195324	2
AICDA	4	2.4447e-01	6.9663e-02	0.195324	3
ZNF283	4	2.4450e-01	6.9663e-02	0.195324	2
METTL24	4	2.4455e-01	6.9663e-02	0.195324	3
NT5C2	4	2.4464e-01	6.9663e-02	0.195324	3
EN1	4	2.4466e-01	6.9663e-02	0.195324	3
SCAI	4	2.4469e-01	6.9664e-02	0.195324	3
PARD6B	4	2.4469e-01	6.9664e-02	0.195324	3
LIPG	4	2.4473e-01	6.9664e-02	0.195324	3
DMBT1	4	2.4480e-01	6.9664e-02	0.195324	3
OTOF	4	2.4486e-01	6.9664e-02	0.195324	2
LRRC10	4	2.4487e-01	6.9664e-02	0.195324	3
SPARCL1	4	2.4491e-01	6.9664e-02	0.195324	3
ISL1	4	2.4493e-01	6.9664e-02	0.195324	2
ITM2A	4	2.4494e-01	6.9664e-02	0.195324	2
TNFRSF17	4	2.4495e-01	6.9664e-02	0.195324	2
BEND5	4	2.4497e-01	6.9664e-02	0.195324	2
MTMR8	4	2.4498e-01	6.9664e-02	0.195324	1
ATP6V0A1	4	2.4502e-01	6.9664e-02	0.195324	3
RAB5C	4	2.4504e-01	6.9664e-02	0.195324	3
F8A3	4	2.4518e-01	7.0136e-02	0.195324	3
WDR34	4	2.4520e-01	7.0136e-02	0.195324	3
SLC25A16	4	2.4528e-01	7.0136e-02	0.195324	3
RRNAD1	4	2.4529e-01	7.0136e-02	0.195324	2
C22orf34	4	2.4532e-01	7.0136e-02	0.195324	2
NRD1	4	2.4541e-01	7.0136e-02	0.195324	3
CXorf51B	4	2.4541e-01	7.0136e-02	0.195324	2
TMEM45B	4	2.4546e-01	7.0136e-02	0.195324	3
ARHGAP27	4	2.4548e-01	7.0136e-02	0.195324	1
TBC1D21	4	2.4561e-01	7.0136e-02	0.195324	2
RNF165	4	2.4568e-01	7.0136e-02	0.195324	3
COL7A1	4	2.4570e-01	7.0136e-02	0.195324	3
ADGRF1	4	2.4574e-01	7.0136e-02	0.195324	3
NELL1	4	2.4574e-01	7.0136e-02	0.195324	2
KLHL14	4	2.4589e-01	7.0136e-02	0.195324	3
HEMGN	4	2.4592e-01	7.0136e-02	0.195324	2
CA5A	4	2.4594e-01	7.0136e-02	0.195324	2
VWA5B2	4	2.4609e-01	7.0136e-02	0.195324	3
TMEM190	4	2.4614e-01	7.0136e-02	0.195324	3
SYAP1	4	2.4626e-01	7.0136e-02	0.195324	2
VTA1	4	2.4628e-01	7.0136e-02	0.195324	1
PMP2	4	2.4632e-01	7.0136e-02	0.195324	3
TMEM91	4	2.4632e-01	7.0136e-02	0.195324	2
UNC13A	4	2.4636e-01	7.0136e-02	0.195324	3
C6orf226	4	2.4636e-01	7.0136e-02	0.195324	2
FBXL19	4	2.4649e-01	7.0136e-02	0.195324	3
CAPZA3	4	2.4652e-01	7.0136e-02	0.195324	2
TNFRSF10C	4	2.4654e-01	7.0136e-02	0.195324	3
TTLL9	4	2.4656e-01	7.0136e-02	0.195324	2
EZR	4	2.4667e-01	7.0136e-02	0.195324	2
NSUN5	4	2.4669e-01	7.0136e-02	0.195324	2
PHF12	4	2.4672e-01	7.0136e-02	0.195324	3
FCRL5	4	2.4676e-01	7.0136e-02	0.195324	2
ARL6IP6	4	2.4681e-01	7.0136e-02	0.195324	3
CTRB1	4	2.4682e-01	7.0136e-02	0.195324	2
CELF5	4	2.4686e-01	7.0136e-02	0.195324	3
MAOB	4	2.4686e-01	7.0136e-02	0.195324	2
KAT6B	4	2.4688e-01	7.0136e-02	0.195324	3
CLDN8	4	2.4696e-01	7.0136e-02	0.195324	3
DCAF8L2	4	2.4697e-01	7.0136e-02	0.195324	2
SATL1	4	2.4699e-01	7.0136e-02	0.195324	3
COMP	4	2.4714e-01	7.0136e-02	0.195324	2
ZNF268	4	2.4716e-01	7.0136e-02	0.195324	2
NOTUM	4	2.4719e-01	7.0136e-02	0.195324	3
RABL2A	4	2.4728e-01	7.0136e-02	0.195324	1
NBPF11	4	2.4729e-01	7.0136e-02	0.195324	2
FLI1	4	2.4732e-01	7.0136e-02	0.195324	1
GIMAP2	4	2.4734e-01	7.0136e-02	0.195324	3
PIBF1	4	2.4737e-01	7.0136e-02	0.195324	2
NUDT9	4	2.4746e-01	7.0136e-02	0.195324	3
FAM83F	4	2.4750e-01	7.0136e-02	0.195324	3
CARD14	4	2.4753e-01	7.0136e-02	0.195324	3
TMEM17	4	2.4755e-01	7.0136e-02	0.195324	3
ELAVL3	4	2.4760e-01	7.0136e-02	0.195324	2
C6orf7	4	2.4766e-01	7.0136e-02	0.195324	3
MIPOL1	4	2.4767e-01	7.0136e-02	0.195324	3
DCHS2	4	2.4768e-01	7.0136e-02	0.195324	2
DNAJA4	4	2.4770e-01	7.0136e-02	0.195324	2
MEIS2	4	2.4782e-01	7.0136e-02	0.195324	2
UNC5A	4	2.4785e-01	7.0136e-02	0.195324	2
C1orf68	4	2.4790e-01	7.0136e-02	0.195324	2
NUB1	4	2.4790e-01	7.0136e-02	0.195324	3
PDK4	4	2.4792e-01	7.0136e-02	0.195324	3
TBC1D16	4	2.4794e-01	7.0136e-02	0.195324	3
ZNF90	4	2.4797e-01	7.0136e-02	0.195324	3
CXorf58	4	2.4798e-01	7.0136e-02	0.195324	2
GIPR	4	2.4808e-01	7.0136e-02	0.195324	1
DQX1	4	2.4808e-01	7.0136e-02	0.195324	3
DNAJC6	4	2.4809e-01	7.0136e-02	0.195324	3
SLC25A3	4	2.4826e-01	7.0136e-02	0.195324	2
PMS2	4	2.4829e-01	7.0136e-02	0.195324	3
SDHAF1	4	2.4835e-01	7.0136e-02	0.195324	2
GUCA1A	4	2.4844e-01	7.0136e-02	0.195324	3
TRIM64B	4	2.4845e-01	7.0136e-02	0.195324	2
CCER2	4	2.4849e-01	7.0136e-02	0.195324	1
RDH8	4	2.4850e-01	7.0136e-02	0.195324	3
ARHGAP19	4	2.4851e-01	7.0136e-02	0.195324	2
HIRIP3	4	2.4851e-01	7.0136e-02	0.195324	2
BNIP3	4	2.4855e-01	7.0136e-02	0.195324	3
BNIPL	4	2.4867e-01	7.0136e-02	0.195324	3
BOD1	4	2.4871e-01	7.0136e-02	0.195324	3
RHBG	4	2.4872e-01	7.0136e-02	0.195324	3
PPIL1	4	2.4887e-01	7.0136e-02	0.195324	2
CCDC138	4	2.4888e-01	7.0136e-02	0.195324	3
ACR	4	2.4911e-01	7.0136e-02	0.195324	3
KIRREL3	4	2.4915e-01	7.0136e-02	0.195324	2
KIF27	4	2.4916e-01	7.0136e-02	0.195324	1
ERC1	4	2.4920e-01	7.0136e-02	0.195324	1
ZNF684	4	2.4939e-01	7.0136e-02	0.195324	2
MYF6	4	2.4940e-01	7.0136e-02	0.195324	3
TTC38	4	2.4943e-01	7.0136e-02	0.195324	3
EHBP1L1	4	2.4950e-01	7.0136e-02	0.195324	3
ZNF74	4	2.4953e-01	7.0136e-02	0.195324	3
DNAH3	4	2.4957e-01	7.0136e-02	0.195324	3
OR8B8	4	2.4974e-01	7.0136e-02	0.195324	3
B2M	4	2.4976e-01	7.0136e-02	0.195324	3
RHPN2	4	2.4978e-01	7.0136e-02	0.195324	3
C14orf180	4	2.4982e-01	7.0136e-02	0.195324	2
ANKRD24	4	2.4985e-01	7.0136e-02	0.195324	3
SYTL3	4	2.4991e-01	7.0136e-02	0.195324	3
ACKR3	4	2.4993e-01	7.0136e-02	0.195324	2
MPP2	4	2.4999e-01	7.0136e-02	0.195324	3
CARNS1	4	2.5006e-01	7.0136e-02	0.195324	2
BACE1	4	2.5008e-01	7.0136e-02	0.195324	3
C20orf78	4	2.5020e-01	7.0585e-02	0.195799	3
TAS2R3	4	2.5021e-01	7.0585e-02	0.195799	2
SLC25A45	4	2.5025e-01	7.0586e-02	0.195799	2
AMY1A	4	2.5027e-01	7.0586e-02	0.195799	2
INAFM1	4	2.5030e-01	7.0586e-02	0.195799	3
TRIM25	4	2.5041e-01	7.1019e-02	0.195799	3
SELE	4	2.5055e-01	7.1019e-02	0.195799	3
PCDHGB3	4	2.5064e-01	7.1019e-02	0.195799	2
ZNF579	4	2.5068e-01	7.1019e-02	0.195799	2
POMP	4	2.5075e-01	7.1019e-02	0.195799	2
SETD9	4	2.5079e-01	7.1019e-02	0.195799	3
SLC9A4	4	2.5081e-01	7.1019e-02	0.195799	3
ZNF263	4	2.5099e-01	7.1019e-02	0.195799	3
PODNL1	4	2.5103e-01	7.1019e-02	0.195799	2
ITFG1	4	2.5106e-01	7.1019e-02	0.195799	3
PLCH1	4	2.5108e-01	7.1019e-02	0.195799	2
TCHP	4	2.5111e-01	7.1019e-02	0.195799	3
SLC46A2	4	2.5113e-01	7.1019e-02	0.195799	3
PLAT	4	2.5122e-01	7.1019e-02	0.195799	3
ADGRV1	4	2.5127e-01	7.1019e-02	0.195799	3
BCLAF1	4	2.5131e-01	7.1019e-02	0.195799	2
ASB18	4	2.5136e-01	7.1019e-02	0.195799	3
TGDS	4	2.5145e-01	7.1019e-02	0.195799	3
S100Z	4	2.5157e-01	7.1019e-02	0.195799	2
HPS1	4	2.5168e-01	7.1019e-02	0.195799	3
RBPMS	4	2.5170e-01	7.1019e-02	0.195799	3
EVI5	4	2.5174e-01	7.1019e-02	0.195799	2
KRT1	4	2.5175e-01	7.1019e-02	0.195799	3
DYNLL2	4	2.5182e-01	7.1019e-02	0.195799	3
GALNS	4	2.5183e-01	7.1019e-02	0.195799	1
GCNT1	4	2.5187e-01	7.1019e-02	0.195799	3
FBXO27	4	2.5192e-01	7.1019e-02	0.195799	2
PTRHD1	4	2.5199e-01	7.1019e-02	0.195799	3
ROR1	4	2.5205e-01	7.1019e-02	0.195799	3
CREM	4	2.5208e-01	7.1019e-02	0.195799	3
GNAT3	4	2.5224e-01	7.1019e-02	0.195799	2
SLC13A1	4	2.5228e-01	7.1019e-02	0.195799	2
AKR7A2	4	2.5231e-01	7.1019e-02	0.195799	2
ARID1B	4	2.5233e-01	7.1019e-02	0.195799	1
UBD	4	2.5233e-01	7.1019e-02	0.195799	2
RSPH4A	4	2.5233e-01	7.1019e-02	0.195799	3
TAF4B	4	2.5237e-01	7.1019e-02	0.195799	2
VASN	4	2.5244e-01	7.1019e-02	0.195799	3
PHYHIP	4	2.5247e-01	7.1019e-02	0.195799	3
ZNF740	4	2.5248e-01	7.1019e-02	0.195799	2
MRPS15	4	2.5254e-01	7.1019e-02	0.195799	2
TAAR5	4	2.5254e-01	7.1019e-02	0.195799	3
CATSPER4	4	2.5270e-01	7.1019e-02	0.195799	3
ASF1A	4	2.5272e-01	7.1019e-02	0.195799	2
SALL2	4	2.5277e-01	7.1019e-02	0.195799	3
TMTC2	4	2.5311e-01	7.1019e-02	0.195799	3
RAB11FIP3	4	2.5312e-01	7.1019e-02	0.195799	3
GRIP1	4	2.5316e-01	7.1019e-02	0.195799	3
FAM134B	4	2.5323e-01	7.1019e-02	0.195799	3
TNR	4	2.5326e-01	7.1019e-02	0.195799	3
NKX3-2	4	2.5328e-01	7.1019e-02	0.195799	3
ISOC2	4	2.5332e-01	7.1019e-02	0.195799	3
TCEAL6	4	2.5341e-01	7.1019e-02	0.195799	3
THBD	4	2.5346e-01	7.1019e-02	0.195799	3
ALPI	4	2.5351e-01	7.1515e-02	0.195799	3
FAXC	4	2.5358e-01	7.1515e-02	0.195799	3
COL6A5	4	2.5365e-01	7.1515e-02	0.195799	2
POTEH	4	2.5367e-01	7.1515e-02	0.195799	2
FNDC1	4	2.5369e-01	7.1515e-02	0.195799	3
YIPF1	4	2.5378e-01	7.1515e-02	0.195799	3
XIRP1	4	2.5393e-01	7.1515e-02	0.195799	2
HLA-DOA	4	2.5394e-01	7.1515e-02	0.195799	3
F7	4	2.5403e-01	7.1515e-02	0.195799	3
CIZ1	4	2.5403e-01	7.1515e-02	0.195799	2
STXBP3	4	2.5407e-01	7.1515e-02	0.195799	2
SPINT2	4	2.5413e-01	7.1515e-02	0.195799	3
ANKRD23	4	2.5415e-01	7.1515e-02	0.195799	2
TTLL5	4	2.5415e-01	7.1515e-02	0.195799	3
DHRS11	4	2.5420e-01	7.1515e-02	0.195799	3
SLC38A2	4	2.5426e-01	7.1515e-02	0.195799	3
SFTPA1	4	2.5427e-01	7.1515e-02	0.195799	3
C19orf67	4	2.5431e-01	7.1515e-02	0.195799	3
RAB1B	4	2.5432e-01	7.1515e-02	0.195799	2
ZNF382	4	2.5433e-01	7.1515e-02	0.195799	3
DHRS7	4	2.5436e-01	7.1515e-02	0.195799	3
ARPP21	4	2.5441e-01	7.1515e-02	0.195799	2
LCN6	4	2.5443e-01	7.1515e-02	0.195799	2
JUN	4	2.5449e-01	7.1515e-02	0.195799	3
SPATA9	4	2.5453e-01	7.1515e-02	0.195799	3
SLC6A17	4	2.5454e-01	7.1515e-02	0.195799	2
UHRF1BP1L	4	2.5459e-01	7.1515e-02	0.195799	3
FAM227A	4	2.5461e-01	7.1515e-02	0.195799	3
TMOD2	4	2.5465e-01	7.1515e-02	0.195799	3
GATSL3	4	2.5465e-01	7.1515e-02	0.195799	2
TMEM181	4	2.5471e-01	7.1515e-02	0.195799	2
HAPLN1	4	2.5478e-01	7.1515e-02	0.195799	2
IFNAR2	4	2.5483e-01	7.1516e-02	0.195799	3
OR5R1	4	2.5486e-01	7.1516e-02	0.195799	2
FLRT3	4	2.5488e-01	7.1516e-02	0.195799	3
C5orf30	4	2.5494e-01	7.1516e-02	0.195799	3
OCIAD2	4	2.5528e-01	7.1516e-02	0.195799	1
BECN2	4	2.5535e-01	7.1516e-02	0.195799	3
SEC23IP	4	2.5537e-01	7.1516e-02	0.195799	3
RSPO1	4	2.5539e-01	7.1516e-02	0.195799	3
MBD5	4	2.5540e-01	7.1516e-02	0.195799	1
SLC19A3	4	2.5548e-01	7.1516e-02	0.195799	3
GATA2	4	2.5550e-01	7.1516e-02	0.195799	3
DGKZ	4	2.5552e-01	7.1516e-02	0.195799	2
SIGLEC15	4	2.5560e-01	7.1516e-02	0.195799	3
PITPNM3	4	2.5565e-01	7.1516e-02	0.195799	2
LAMTOR4	4	2.5565e-01	7.1516e-02	0.195799	2
SRC	4	2.5569e-01	7.1516e-02	0.195799	3
SPINK8	4	2.5573e-01	7.1516e-02	0.195799	3
EPHA3	4	2.5594e-01	7.1516e-02	0.195799	3
H2AFB2	4	2.5597e-01	7.1516e-02	0.195799	2
LDLRAD2	4	2.5598e-01	7.1516e-02	0.195799	1
ASCC1	4	2.5599e-01	7.1516e-02	0.195799	2
FAM184B	4	2.5610e-01	7.1966e-02	0.195799	3
SH3PXD2A	4	2.5617e-01	7.1966e-02	0.195799	3
ACKR1	4	2.5621e-01	7.1966e-02	0.195799	2
NPR1	4	2.5625e-01	7.1966e-02	0.195799	2
TMEM191B	4	2.5641e-01	7.1966e-02	0.195799	2
CTXN2	4	2.5643e-01	7.1966e-02	0.195799	2
ANO2	4	2.5647e-01	7.1966e-02	0.195799	2
SELO	4	2.5654e-01	7.1966e-02	0.195799	3
YY1AP1	4	2.5660e-01	7.1966e-02	0.195799	2
ARG2	4	2.5660e-01	7.1966e-02	0.195799	2
LHFPL3	4	2.5664e-01	7.1966e-02	0.195799	1
ETFB	4	2.5669e-01	7.1966e-02	0.195799	2
SPRR1A	4	2.5675e-01	7.1966e-02	0.195799	2
ITLN1	4	2.5678e-01	7.1966e-02	0.195799	2
SOX18	4	2.5681e-01	7.1966e-02	0.195799	3
OR2T5	4	2.5684e-01	7.1966e-02	0.195799	2
KCNJ14	4	2.5695e-01	7.1966e-02	0.195799	3
LMNB1	4	2.5704e-01	7.1966e-02	0.195799	3
RBMXL2	4	2.5706e-01	7.1966e-02	0.195799	3
PYDC1	4	2.5708e-01	7.1966e-02	0.195799	3
MEX3A	4	2.5717e-01	7.1966e-02	0.195799	3
GLYCTK	4	2.5721e-01	7.1966e-02	0.195799	2
CLDN16	4	2.5722e-01	7.1966e-02	0.195799	3
CHPF	4	2.5722e-01	7.1966e-02	0.195799	1
C17orf85	4	2.5723e-01	7.1966e-02	0.195799	2
SDR42E1	4	2.5727e-01	7.1966e-02	0.195799	3
AKAP3	4	2.5735e-01	7.1966e-02	0.195799	3
E2F5	4	2.5735e-01	7.1966e-02	0.195799	1
CATSPER3	4	2.5736e-01	7.1966e-02	0.195799	2
TRIT1	4	2.5738e-01	7.1966e-02	0.195799	3
TRIM16L	4	2.5743e-01	7.1966e-02	0.195799	2
HYAL2	4	2.5745e-01	7.1966e-02	0.195799	1
SLC41A2	4	2.5749e-01	7.1966e-02	0.195799	3
KATNA1	4	2.5751e-01	7.1966e-02	0.195799	3
LIMD2	4	2.5754e-01	7.1966e-02	0.195799	2
FIGN	4	2.5754e-01	7.1966e-02	0.195799	3
MEIG1	4	2.5757e-01	7.1966e-02	0.195799	3
EFCAB9	4	2.5772e-01	7.1966e-02	0.195799	2
PHTF2	4	2.5781e-01	7.1966e-02	0.195799	3
FGF17	4	2.5792e-01	7.1966e-02	0.195799	3
ALKBH1	4	2.5799e-01	7.1966e-02	0.195799	2
SSX3	4	2.5804e-01	7.1966e-02	0.195799	2
CHIC1	4	2.5804e-01	7.1966e-02	0.195799	3
SMAD3	4	2.5808e-01	7.1966e-02	0.195799	2
ARHGEF15	4	2.5809e-01	7.1966e-02	0.195799	1
TP53TG3B	4	2.5809e-01	7.1966e-02	0.195799	3
NLRC3	4	2.5811e-01	7.1966e-02	0.195799	3
DHDH	4	2.5815e-01	7.1966e-02	0.195799	2
PKD2L2	4	2.5820e-01	7.1966e-02	0.195799	3
GOLGB1	4	2.5822e-01	7.1966e-02	0.195799	3
MMP13	4	2.5829e-01	7.2464e-02	0.195897	3
NFKB2	4	2.5834e-01	7.2464e-02	0.195897	3
MFSD2B	4	2.5838e-01	7.2464e-02	0.195897	2
EXOC6B	4	2.5841e-01	7.2464e-02	0.195897	3
IL10	4	2.5845e-01	7.2465e-02	0.195897	3
SMPD1	4	2.5850e-01	7.2465e-02	0.195897	2
TOX4	4	2.5855e-01	7.2465e-02	0.195897	2
HSFY2	4	2.5858e-01	7.2465e-02	0.195897	3
CSPG4	4	2.5868e-01	7.2986e-02	0.195897	3
ZNF546	4	2.5869e-01	7.2986e-02	0.195897	2
SHANK1	4	2.5870e-01	7.2986e-02	0.195897	3
GJA10	4	2.5872e-01	7.2986e-02	0.195897	3
PIFO	4	2.5884e-01	7.2986e-02	0.195897	2
SNPH	4	2.5889e-01	7.2986e-02	0.195897	2
ADAM17	4	2.5891e-01	7.2986e-02	0.195897	3
NCKAP1L	4	2.5897e-01	7.2986e-02	0.195897	3
METTL9	4	2.5898e-01	7.2986e-02	0.195897	3
TKT	4	2.5925e-01	7.2986e-02	0.195897	2
ADCYAP1	4	2.5933e-01	7.2986e-02	0.195897	3
ARL8B	4	2.5936e-01	7.2986e-02	0.195897	3
USP17L5	4	2.5941e-01	7.2986e-02	0.195897	2
TRIM54	4	2.5949e-01	7.2986e-02	0.195897	2
ANKRD63	4	2.5950e-01	7.2986e-02	0.195897	3
NEUROD4	4	2.5954e-01	7.2986e-02	0.195897	3
DCAKD	4	2.5963e-01	7.2986e-02	0.195897	2
CD300LG	4	2.5970e-01	7.2986e-02	0.195897	3
ZNF620	4	2.5974e-01	7.2986e-02	0.195897	2
CRYM	4	2.5975e-01	7.2986e-02	0.195897	3
OR3A2	4	2.5979e-01	7.2986e-02	0.195897	3
ANGPTL2	4	2.5980e-01	7.2986e-02	0.195897	2
FAM126A	4	2.5983e-01	7.2986e-02	0.195897	3
STEAP2	4	2.5988e-01	7.2986e-02	0.195897	3
NUDT18	4	2.5991e-01	7.2986e-02	0.195897	2
ACTL7B	4	2.5992e-01	7.2986e-02	0.195897	3
LST1	4	2.5995e-01	7.2986e-02	0.195897	3
TMEM243	4	2.6004e-01	7.2986e-02	0.195897	2
SPAG1	4	2.6006e-01	7.2986e-02	0.195897	3
CFL2	4	2.6012e-01	7.2986e-02	0.195897	1
PSD4	4	2.6016e-01	7.2986e-02	0.195897	2
DVL3	4	2.6020e-01	7.2986e-02	0.195897	3
GRIN2B	4	2.6025e-01	7.2986e-02	0.195897	2
TTPA	4	2.6040e-01	7.2986e-02	0.195897	3
CMTM7	4	2.6043e-01	7.2986e-02	0.195897	3
TBC1D24	4	2.6053e-01	7.2986e-02	0.195897	2
SEL1L3	4	2.6058e-01	7.2986e-02	0.195897	3
UGT1A7	4	2.6063e-01	7.2986e-02	0.195897	2
GLUD2	4	2.6065e-01	7.2986e-02	0.195897	2
GTPBP8	4	2.6072e-01	7.2986e-02	0.195897	3
TUSC2	4	2.6074e-01	7.2986e-02	0.195897	3
SLC27A6	4	2.6075e-01	7.2986e-02	0.195897	2
CAMSAP3	4	2.6077e-01	7.2986e-02	0.195897	3
PGBD2	4	2.6078e-01	7.2986e-02	0.195897	2
CYP2U1	4	2.6082e-01	7.2986e-02	0.195897	3
SLC4A1AP	4	2.6085e-01	7.2986e-02	0.195897	2
SAMD13	4	2.6089e-01	7.2986e-02	0.195897	2
PCDHGA12	4	2.6092e-01	7.2986e-02	0.195897	3
BRAF	4	2.6094e-01	7.2986e-02	0.195897	3
SNX24	4	2.6094e-01	7.2986e-02	0.195897	1
SEPW1	4	2.6097e-01	7.2986e-02	0.195897	3
CCND3	4	2.6098e-01	7.2986e-02	0.195897	2
FCN3	4	2.6111e-01	7.2986e-02	0.195897	3
NPPC	4	2.6115e-01	7.2986e-02	0.195897	3
NAGS	4	2.6120e-01	7.2986e-02	0.195897	3
TMUB2	4	2.6122e-01	7.2986e-02	0.195897	2
TFG	4	2.6127e-01	7.2986e-02	0.195897	2
RAB7B	4	2.6133e-01	7.2986e-02	0.195897	2
RIMBP3B	4	2.6139e-01	7.2986e-02	0.195897	3
FAM43B	4	2.6140e-01	7.2986e-02	0.195897	3
USP17L25	4	2.6142e-01	7.2986e-02	0.195897	3
CCDC61	4	2.6145e-01	7.2986e-02	0.195897	3
BZW1	4	2.6152e-01	7.2986e-02	0.195897	3
ACVR1C	4	2.6155e-01	7.2986e-02	0.195897	3
INPP5B	4	2.6164e-01	7.2986e-02	0.195897	3
OR51S1	4	2.6168e-01	7.2986e-02	0.195897	2
GPRIN3	4	2.6181e-01	7.2986e-02	0.195897	2
TBX2	4	2.6181e-01	7.2986e-02	0.195897	3
IFNL3	4	2.6190e-01	7.2986e-02	0.195897	3
BCKDK	4	2.6202e-01	7.2986e-02	0.195897	2
TAS2R30	4	2.6205e-01	7.2986e-02	0.195897	1
GC	4	2.6207e-01	7.2986e-02	0.195897	2
ASCC2	4	2.6208e-01	7.2986e-02	0.195897	3
FAM50A	4	2.6210e-01	7.2986e-02	0.195897	3
MINK1	4	2.6211e-01	7.2986e-02	0.195897	2
GPD2	4	2.6212e-01	7.2986e-02	0.195897	3
TPM3	4	2.6213e-01	7.2986e-02	0.195897	2
CERS4	4	2.6216e-01	7.2986e-02	0.195897	3
ZNF569	4	2.6220e-01	7.2986e-02	0.195897	2
GALNT12	4	2.6221e-01	7.2986e-02	0.195897	3
ZNF222	4	2.6234e-01	7.2986e-02	0.195897	1
IGFBP6	4	2.6242e-01	7.2986e-02	0.195897	3
MAGEA8	4	2.6246e-01	7.2986e-02	0.195897	2
ADCY5	4	2.6248e-01	7.2986e-02	0.195897	3
FAM159B	4	2.6255e-01	7.2986e-02	0.195897	1
FAM180B	4	2.6255e-01	7.2986e-02	0.195897	2
RAB9B	4	2.6257e-01	7.2986e-02	0.195897	3
PIP5K1A	4	2.6262e-01	7.2986e-02	0.195897	3
TMLHE	4	2.6283e-01	7.3520e-02	0.196285	2
MB21D2	4	2.6292e-01	7.3520e-02	0.196285	2
GZF1	4	2.6303e-01	7.3520e-02	0.196285	2
PINX1	4	2.6316e-01	7.3520e-02	0.196285	3
TRAPPC10	4	2.6319e-01	7.3520e-02	0.196285	3
PKIB	4	2.6321e-01	7.3520e-02	0.196285	2
ATMIN	4	2.6323e-01	7.3520e-02	0.196285	3
RPS6KA4	4	2.6329e-01	7.3520e-02	0.196285	3
TMEM132D	4	2.6332e-01	7.3520e-02	0.196285	3
DNAH10	4	2.6336e-01	7.3520e-02	0.196285	3
CSMD3	4	2.6341e-01	7.3520e-02	0.196285	3
ASB8	4	2.6343e-01	7.3520e-02	0.196285	3
GRIK5	4	2.6344e-01	7.3520e-02	0.196285	3
C2CD2L	4	2.6347e-01	7.3520e-02	0.196285	2
MYBPC3	4	2.6349e-01	7.3520e-02	0.196285	2
SHISA2	4	2.6358e-01	7.3521e-02	0.196285	2
MYO7B	4	2.6362e-01	7.3521e-02	0.196285	2
MAP10	4	2.6364e-01	7.3521e-02	0.196285	2
ATP8B3	4	2.6365e-01	7.3521e-02	0.196285	3
FREM3	4	2.6369e-01	7.3521e-02	0.196285	3
SIKE1	4	2.6374e-01	7.3521e-02	0.196285	2
SYT4	4	2.6383e-01	7.3521e-02	0.196285	3
LYRM7	4	2.6392e-01	7.3521e-02	0.196285	3
FKBP1A	4	2.6392e-01	7.3521e-02	0.196285	2
ADH7	4	2.6392e-01	7.3521e-02	0.196285	2
GDPGP1	4	2.6399e-01	7.3521e-02	0.196285	2
RHO	4	2.6410e-01	7.3521e-02	0.196285	2
ADIPOQ	4	2.6411e-01	7.3521e-02	0.196285	1
BBS12	4	2.6412e-01	7.3521e-02	0.196285	3
DCXR	4	2.6414e-01	7.3521e-02	0.196285	3
LGI4	4	2.6421e-01	7.3521e-02	0.196285	3
PRSS45	4	2.6422e-01	7.3521e-02	0.196285	3
OCIAD1	4	2.6435e-01	7.3521e-02	0.196285	3
BEX1	4	2.6436e-01	7.3521e-02	0.196285	1
ZNF322	4	2.6438e-01	7.3521e-02	0.196285	2
MCF2L2	4	2.6440e-01	7.3521e-02	0.196285	1
PAX6	4	2.6441e-01	7.3521e-02	0.196285	2
ANKRD34C	4	2.6441e-01	7.3521e-02	0.196285	3
EXD2	4	2.6449e-01	7.4028e-02	0.196390	2
OSM	4	2.6457e-01	7.4028e-02	0.196390	3
RNF181	4	2.6458e-01	7.4028e-02	0.196390	3
IBTK	4	2.6459e-01	7.4028e-02	0.196390	2
KIF2B	4	2.6459e-01	7.4028e-02	0.196390	2
SLC44A5	4	2.6460e-01	7.4028e-02	0.196390	3
CETP	4	2.6464e-01	7.4028e-02	0.196390	3
LRRC47	4	2.6475e-01	7.4028e-02	0.196390	3
LRFN4	4	2.6478e-01	7.4028e-02	0.196390	2
NFX1	4	2.6480e-01	7.4028e-02	0.196390	3
KHDRBS2	4	2.6481e-01	7.4028e-02	0.196390	1
KHDRBS3	4	2.6482e-01	7.4028e-02	0.196390	3
TMPRSS11A	4	2.6485e-01	7.4028e-02	0.196390	2
CECR1	4	2.6500e-01	7.4029e-02	0.196390	3
WFS1	4	2.6504e-01	7.4029e-02	0.196390	3
ARHGEF5	4	2.6515e-01	7.4029e-02	0.196390	2
CEP41	4	2.6516e-01	7.4029e-02	0.196390	3
KNTC1	4	2.6521e-01	7.4029e-02	0.196390	2
MGAT4D	4	2.6522e-01	7.4029e-02	0.196390	3
GP1BB	4	2.6522e-01	7.4029e-02	0.196390	2
ZNF778	4	2.6523e-01	7.4029e-02	0.196390	3
TCP11X2	4	2.6526e-01	7.4029e-02	0.196390	2
ATM	4	2.6536e-01	7.4546e-02	0.196390	1
CEP128	4	2.6548e-01	7.4546e-02	0.196390	2
IQUB	4	2.6556e-01	7.4546e-02	0.196390	3
DKK3	4	2.6565e-01	7.4546e-02	0.196390	3
CYP11B1	4	2.6565e-01	7.4546e-02	0.196390	2
PPFIBP1	4	2.6567e-01	7.4546e-02	0.196390	2
ABCA9	4	2.6570e-01	7.4546e-02	0.196390	3
PYCR1	4	2.6573e-01	7.4546e-02	0.196390	2
KIAA0141	4	2.6579e-01	7.4546e-02	0.196390	1
MAFF	4	2.6585e-01	7.4546e-02	0.196390	3
MED28	4	2.6598e-01	7.4546e-02	0.196390	3
UBASH3A	4	2.6602e-01	7.4546e-02	0.196390	2
PROM2	4	2.6604e-01	7.4546e-02	0.196390	2
GRAMD4	4	2.6622e-01	7.4546e-02	0.196390	2
ABHD4	4	2.6629e-01	7.4546e-02	0.196390	1
POGK	4	2.6635e-01	7.4546e-02	0.196390	3
IL9	4	2.6638e-01	7.4546e-02	0.196390	3
PLEKHG2	4	2.6641e-01	7.4546e-02	0.196390	3
TFDP2	4	2.6643e-01	7.4546e-02	0.196390	3
ACSM5	4	2.6654e-01	7.4546e-02	0.196390	3
TRIM36	4	2.6655e-01	7.4546e-02	0.196390	2
ARMCX4	4	2.6666e-01	7.4546e-02	0.196390	3
MAGEA10	4	2.6670e-01	7.4546e-02	0.196390	2
COQ5	4	2.6673e-01	7.4546e-02	0.196390	3
DGKQ	4	2.6676e-01	7.4546e-02	0.196390	2
GPR35	4	2.6679e-01	7.4546e-02	0.196390	3
MBD3	4	2.6681e-01	7.4546e-02	0.196390	2
ARAP2	4	2.6690e-01	7.4546e-02	0.196390	3
PTGDR	4	2.6690e-01	7.4546e-02	0.196390	2
DND1	4	2.6695e-01	7.4546e-02	0.196390	3
GLYATL2	4	2.6699e-01	7.4546e-02	0.196390	2
GPR61	4	2.6706e-01	7.4546e-02	0.196390	2
PRF1	4	2.6758e-01	7.4546e-02	0.196390	2
MXRA7	4	2.6760e-01	7.4546e-02	0.196390	3
GORASP1	4	2.6762e-01	7.4546e-02	0.196390	3
C11orf87	4	2.6765e-01	7.4546e-02	0.196390	2
GLT8D2	4	2.6768e-01	7.4546e-02	0.196390	3
RNF141	4	2.6769e-01	7.4546e-02	0.196390	2
ALAD	4	2.6771e-01	7.4546e-02	0.196390	3
CRIP1	4	2.6773e-01	7.4546e-02	0.196390	2
UPB1	4	2.6777e-01	7.4546e-02	0.196390	3
NOXO1	4	2.6782e-01	7.4546e-02	0.196390	3
TGFBR2	4	2.6790e-01	7.4546e-02	0.196390	2
MEGF6	4	2.6801e-01	7.4546e-02	0.196390	2
DUSP18	4	2.6812e-01	7.4546e-02	0.196390	2
SPRYD4	4	2.6824e-01	7.4546e-02	0.196390	3
IPPK	4	2.6828e-01	7.4546e-02	0.196390	3
SUGCT	4	2.6833e-01	7.4546e-02	0.196390	2
GRAMD1B	4	2.6839e-01	7.4546e-02	0.196390	2
SLC26A4	4	2.6841e-01	7.4546e-02	0.196390	2
THOP1	4	2.6842e-01	7.4546e-02	0.196390	2
CEACAM3	4	2.6842e-01	7.4546e-02	0.196390	3
DNAH1	4	2.6844e-01	7.4546e-02	0.196390	2
NUCB2	4	2.6846e-01	7.4546e-02	0.196390	2
NRG3	4	2.6849e-01	7.4546e-02	0.196390	3
SORCS1	4	2.6854e-01	7.4546e-02	0.196390	2
TRIM52	4	2.6857e-01	7.4546e-02	0.196390	3
F2RL1	4	2.6858e-01	7.4546e-02	0.196390	2
IQCH	4	2.6862e-01	7.4546e-02	0.196390	3
USP17L18	4	2.6863e-01	7.4546e-02	0.196390	2
GADD45A	4	2.6870e-01	7.4546e-02	0.196390	2
SPIN2B	4	2.6885e-01	7.4546e-02	0.196390	2
PPFIA1	4	2.6889e-01	7.4546e-02	0.196390	3
KCNK7	4	2.6894e-01	7.4546e-02	0.196390	2
IDH2	4	2.6895e-01	7.4546e-02	0.196390	3
PTPRK	4	2.6898e-01	7.4546e-02	0.196390	3
TSTD3	4	2.6904e-01	7.4546e-02	0.196390	3
EEF2KMT	4	2.6909e-01	7.4546e-02	0.196390	3
LRRFIP1	4	2.6913e-01	7.4546e-02	0.196390	2
C9orf139	4	2.6914e-01	7.4546e-02	0.196390	2
NR2F1	4	2.6917e-01	7.4546e-02	0.196390	3
HIGD1C	4	2.6923e-01	7.4546e-02	0.196390	2
RRAS	4	2.6927e-01	7.4546e-02	0.196390	2
FBXL7	4	2.6936e-01	7.4546e-02	0.196390	2
ZNF737	4	2.6945e-01	7.5075e-02	0.197456	3
ADM	4	2.6946e-01	7.5075e-02	0.197456	2
EPB41L5	4	2.6953e-01	7.5075e-02	0.197456	3
C2orf48	4	2.6956e-01	7.5075e-02	0.197456	2
USP26	4	2.6958e-01	7.5075e-02	0.197456	3
ZSCAN4	4	2.6962e-01	7.5075e-02	0.197456	2
ZNF488	4	2.6964e-01	7.5075e-02	0.197456	3
HTR3B	4	2.6966e-01	7.5075e-02	0.197456	3
C21orf140	4	2.6973e-01	7.5075e-02	0.197456	3
TBKBP1	4	2.6977e-01	7.5075e-02	0.197456	2
NFRKB	3	2.6978e-01	8.4857e-02	0.207189	1
SMEK1	4	2.6982e-01	7.5075e-02	0.197456	3
MIEF2	4	2.6985e-01	7.5075e-02	0.197456	2
NPSR1	4	2.6996e-01	7.5616e-02	0.197462	2
CCDC102A	4	2.6997e-01	7.5616e-02	0.197462	1
MAGEA2	4	2.7005e-01	7.5616e-02	0.197462	1
PHGR1	4	2.7006e-01	7.5616e-02	0.197462	3
HORMAD2	4	2.7017e-01	7.5616e-02	0.197462	2
TRIM49D1	4	2.7024e-01	7.5616e-02	0.197462	3
DIRC2	4	2.7025e-01	7.5616e-02	0.197462	2
HTR3D	4	2.7030e-01	7.5616e-02	0.197462	2
RNF149	4	2.7032e-01	7.5616e-02	0.197462	2
CEACAM7	4	2.7035e-01	7.5616e-02	0.197462	3
CTSF	4	2.7037e-01	7.5616e-02	0.197462	3
PNP	4	2.7038e-01	7.5616e-02	0.197462	2
TTC7A	4	2.7038e-01	7.5616e-02	0.197462	3
RAB44	4	2.7041e-01	7.5616e-02	0.197462	2
PRDM1	4	2.7042e-01	7.5616e-02	0.197462	3
C17orf80	4	2.7044e-01	7.5616e-02	0.197462	3
OR10A3	4	2.7049e-01	7.5616e-02	0.197462	3
C8B	4	2.7051e-01	7.5616e-02	0.197462	3
MIA	4	2.7053e-01	7.5616e-02	0.197462	3
CWF19L2	4	2.7054e-01	7.5616e-02	0.197462	1
OR10Z1	4	2.7058e-01	7.5616e-02	0.197462	3
GNAI2	4	2.7059e-01	7.5616e-02	0.197462	2
AGA	4	2.7062e-01	7.5616e-02	0.197462	2
P2RY10	4	2.7065e-01	7.5616e-02	0.197462	2
MYEF2	4	2.7066e-01	7.5616e-02	0.197462	1
THEG5	4	2.7080e-01	7.5616e-02	0.197462	3
CCBL1	4	2.7082e-01	7.5616e-02	0.197462	3
SHISA3	4	2.7086e-01	7.5616e-02	0.197462	2
LPA	4	2.7087e-01	7.5616e-02	0.197462	2
PDGFC	4	2.7099e-01	7.5617e-02	0.197462	1
BLOC1S3	4	2.7102e-01	7.5617e-02	0.197462	3
GDF3	4	2.7107e-01	7.5617e-02	0.197462	2
MCL1	4	2.7115e-01	7.5617e-02	0.197462	3
CNR1	4	2.7120e-01	7.5617e-02	0.197462	3
PHF14	4	2.7122e-01	7.5617e-02	0.197462	2
FRRS1	4	2.7131e-01	7.5617e-02	0.197462	3
LYN	4	2.7132e-01	7.5617e-02	0.197462	1
GPIHBP1	4	2.7136e-01	7.5617e-02	0.197462	1
ARID5A	4	2.7148e-01	7.5617e-02	0.197462	3
LRRC3B	4	2.7151e-01	7.5617e-02	0.197462	3
POTEE	4	2.7153e-01	7.5617e-02	0.197462	3
CCL27	4	2.7156e-01	7.5617e-02	0.197462	1
CCDC88C	4	2.7163e-01	7.5617e-02	0.197462	2
PLEKHS1	4	2.7166e-01	7.5617e-02	0.197462	3
MXRA5	4	2.7168e-01	7.5617e-02	0.197462	3
USP17L7	4	2.7170e-01	7.5617e-02	0.197462	3
TMEM154	4	2.7181e-01	7.5617e-02	0.197462	1
TCTEX1D1	4	2.7186e-01	7.6151e-02	0.197462	3
ZNF256	4	2.7188e-01	7.6151e-02	0.197462	2
TNMD	4	2.7201e-01	7.6151e-02	0.197462	2
TGFBR3L	4	2.7203e-01	7.6151e-02	0.197462	3
CYP2F1	4	2.7210e-01	7.6151e-02	0.197462	2
HHAT	4	2.7217e-01	7.6151e-02	0.197462	2
PDE8A	4	2.7219e-01	7.6151e-02	0.197462	3
ARMCX3	4	2.7222e-01	7.6151e-02	0.197462	3
AKAP11	4	2.7226e-01	7.6151e-02	0.197462	3
CPTP	4	2.7234e-01	7.6151e-02	0.197462	2
NPW	4	2.7238e-01	7.6151e-02	0.197462	2
CHP2	4	2.7239e-01	7.6151e-02	0.197462	2
WDR87	4	2.7241e-01	7.6151e-02	0.197462	3
CCDC80	4	2.7248e-01	7.6151e-02	0.197462	3
RGSL1	4	2.7250e-01	7.6151e-02	0.197462	2
TEKT3	4	2.7254e-01	7.6151e-02	0.197462	2
NLRX1	4	2.7258e-01	7.6151e-02	0.197462	3
EID3	4	2.7258e-01	7.6151e-02	0.197462	3
ZCCHC5	4	2.7262e-01	7.6151e-02	0.197462	1
USP6NL	4	2.7267e-01	7.6151e-02	0.197462	3
LMBR1L	4	2.7274e-01	7.6151e-02	0.197462	2
DNAJB11	4	2.7276e-01	7.6151e-02	0.197462	3
FBXW2	4	2.7276e-01	7.6151e-02	0.197462	2
CKAP2L	4	2.7278e-01	7.6151e-02	0.197462	2
PRKCD	4	2.7279e-01	7.6151e-02	0.197462	3
ABCA8	4	2.7281e-01	7.6151e-02	0.197462	2
NCLN	4	2.7286e-01	7.6151e-02	0.197462	1
EEF1B2	4	2.7288e-01	7.6151e-02	0.197462	3
DHTKD1	4	2.7296e-01	7.6152e-02	0.197462	3
SMKR1	4	2.7301e-01	7.6152e-02	0.197462	2
HIST2H2AB	4	2.7301e-01	7.6152e-02	0.197462	3
ATP5L	4	2.7303e-01	7.6152e-02	0.197462	2
CHRM4	4	2.7307e-01	7.6152e-02	0.197462	2
USP1	4	2.7309e-01	7.6152e-02	0.197462	3
NPHS1	4	2.7316e-01	7.6152e-02	0.197462	3
C10orf99	4	2.7320e-01	7.6152e-02	0.197462	3
NSDHL	4	2.7320e-01	7.6152e-02	0.197462	2
TRPV2	4	2.7323e-01	7.6152e-02	0.197462	1
IQCF3	4	2.7323e-01	7.6152e-02	0.197462	3
PIP4K2B	4	2.7325e-01	7.6152e-02	0.197462	2
SPTAN1	4	2.7326e-01	7.6152e-02	0.197462	3
PCDHGA8	4	2.7327e-01	7.6152e-02	0.197462	2
CIRBP	4	2.7331e-01	7.6152e-02	0.197462	3
OR5H6	4	2.7342e-01	7.6152e-02	0.197462	3
HADH	4	2.7344e-01	7.6152e-02	0.197462	2
F2R	4	2.7358e-01	7.6152e-02	0.197462	3
ANXA5	4	2.7360e-01	7.6152e-02	0.197462	2
SRY	4	2.7361e-01	7.6152e-02	0.197462	3
SMURF1	4	2.7361e-01	7.6152e-02	0.197462	3
KIAA1467	4	2.7367e-01	7.6152e-02	0.197462	2
DMRTC2	4	2.7368e-01	7.6152e-02	0.197462	2
JRKL	4	2.7373e-01	7.6152e-02	0.197462	3
CCDC3	4	2.7376e-01	7.6152e-02	0.197462	3
RYR1	4	2.7384e-01	7.6152e-02	0.197462	3
PPP2R4	4	2.7395e-01	7.6152e-02	0.197462	3
MIOX	4	2.7396e-01	7.6152e-02	0.197462	1
FAM57B	4	2.7397e-01	7.6152e-02	0.197462	2
FGD4	4	2.7400e-01	7.6690e-02	0.197677	3
CFAP97	4	2.7402e-01	7.6690e-02	0.197677	2
NEDD8-MDP1	4	2.7409e-01	7.6690e-02	0.197677	2
PRSS58	4	2.7417e-01	7.6690e-02	0.197677	1
KALRN	4	2.7419e-01	7.6690e-02	0.197677	2
HES4	4	2.7422e-01	7.6690e-02	0.197677	2
CDC14B	4	2.7424e-01	7.6690e-02	0.197677	3
GAB2	4	2.7426e-01	7.6690e-02	0.197677	2
PLEKHA2	4	2.7428e-01	7.6690e-02	0.197677	3
FXR1	4	2.7431e-01	7.6690e-02	0.197677	3
NOS3	4	2.7440e-01	7.6690e-02	0.197677	3
STAB2	4	2.7444e-01	7.6690e-02	0.197677	3
MAP3K7	4	2.7448e-01	7.6690e-02	0.197677	3
LRRC58	4	2.7450e-01	7.6690e-02	0.197677	3
LAMB1	4	2.7451e-01	7.6690e-02	0.197677	3
RENBP	4	2.7454e-01	7.6690e-02	0.197677	3
FAM83D	4	2.7457e-01	7.6690e-02	0.197677	2
CCDC42	4	2.7464e-01	7.6690e-02	0.197677	2
ESR1	4	2.7464e-01	7.6690e-02	0.197677	2
ZNF543	4	2.7466e-01	7.6690e-02	0.197677	3
PTMS	4	2.7468e-01	7.6690e-02	0.197677	2
SC5D	4	2.7473e-01	7.6690e-02	0.197677	3
KCNJ11	4	2.7477e-01	7.6690e-02	0.197677	3
GBP3	4	2.7478e-01	7.6690e-02	0.197677	2
TRIM72	4	2.7483e-01	7.6690e-02	0.197677	2
KRTAP10-7	4	2.7502e-01	7.6690e-02	0.197677	3
SLC7A11	4	2.7502e-01	7.6690e-02	0.197677	2
RDM1	4	2.7505e-01	7.6690e-02	0.197677	3
PIP5KL1	4	2.7506e-01	7.6690e-02	0.197677	3
ENOX1	4	2.7510e-01	7.6690e-02	0.197677	3
BRWD3	4	2.7516e-01	7.6690e-02	0.197677	3
FCRL4	4	2.7519e-01	7.6690e-02	0.197677	3
MKX	4	2.7520e-01	7.6690e-02	0.197677	2
AHNAK2	4	2.7522e-01	7.6690e-02	0.197677	2
WNT9A	4	2.7523e-01	7.6690e-02	0.197677	2
TNRC6A	4	2.7524e-01	7.6690e-02	0.197677	3
MAPKAPK5	4	2.7529e-01	7.6690e-02	0.197677	3
S100A7	4	2.7536e-01	7.6690e-02	0.197677	3
LRRC26	4	2.7551e-01	7.6690e-02	0.197677	1
RBPJ	4	2.7551e-01	7.6690e-02	0.197677	3
PIGC	4	2.7554e-01	7.6690e-02	0.197677	2
ARID4B	4	2.7563e-01	7.6690e-02	0.197677	1
TRIM2	4	2.7565e-01	7.6690e-02	0.197677	2
SMAD2	4	2.7567e-01	7.6690e-02	0.197677	3
RAB2B	4	2.7571e-01	7.7238e-02	0.198983	3
SLFN12L	4	2.7573e-01	7.7238e-02	0.198983	3
LBR	4	2.7578e-01	7.7238e-02	0.198983	3
CADM4	4	2.7587e-01	7.7238e-02	0.198983	1
TAC4	4	2.7606e-01	7.7818e-02	0.200450	3
NFKBIB	4	2.7608e-01	7.8403e-02	0.201741	3
NOD1	4	2.7608e-01	7.8403e-02	0.201741	2
TTC21B	4	2.7610e-01	7.8403e-02	0.201741	3
ADGRF3	4	2.7615e-01	7.8403e-02	0.201741	3
NDUFA9	4	2.7617e-01	7.8403e-02	0.201741	3
MYO1A	4	2.7619e-01	7.8404e-02	0.201741	3
SSX2	4	2.7620e-01	7.8404e-02	0.201741	2
TDP1	4	2.7626e-01	7.8404e-02	0.201741	3
CYP11B2	4	2.7631e-01	8.1181e-02	0.204944	3
BZW2	4	2.7635e-01	8.1181e-02	0.204944	3
PEG3	4	2.7636e-01	8.1181e-02	0.204944	1
OCA2	4	2.7637e-01	8.1181e-02	0.204944	3
MAGEA10-MAGEA5	4	2.7640e-01	8.1181e-02	0.204944	1
ULBP1	4	2.7644e-01	8.1181e-02	0.204944	3
OMP	4	2.7646e-01	8.1181e-02	0.204944	3
TP53I11	4	2.7658e-01	8.1181e-02	0.204944	3
IQCA1L	4	2.7661e-01	8.1181e-02	0.204944	3
FAIM2	4	2.7675e-01	8.1181e-02	0.204944	2
XKR9	4	2.7677e-01	8.1181e-02	0.204944	2
GLP1R	4	2.7690e-01	8.1181e-02	0.204944	3
EDDM3A	4	2.7691e-01	8.1181e-02	0.204944	2
NUMBL	4	2.7704e-01	8.1181e-02	0.204944	2
CD96	4	2.7707e-01	8.1181e-02	0.204944	3
NPFFR1	4	2.7717e-01	8.1181e-02	0.204944	1
KDELR3	4	2.7718e-01	8.1181e-02	0.204944	3
RAD54L	4	2.7723e-01	8.1181e-02	0.204944	3
CCDC172	4	2.7725e-01	8.1181e-02	0.204944	1
SOAT2	4	2.7732e-01	8.1181e-02	0.204944	2
NDUFAF5	4	2.7733e-01	8.1181e-02	0.204944	3
CLCN2	4	2.7736e-01	8.1181e-02	0.204944	3
RNMTL1	4	2.7738e-01	8.1181e-02	0.204944	3
DCSTAMP	4	2.7741e-01	8.1181e-02	0.204944	2
ACOXL	4	2.7746e-01	8.1181e-02	0.204944	2
TRPM7	4	2.7752e-01	8.1181e-02	0.204944	2
TFAP2B	4	2.7755e-01	8.1181e-02	0.204944	2
CPO	4	2.7757e-01	8.1181e-02	0.204944	3
TFPI2	4	2.7762e-01	8.1181e-02	0.204944	3
TNNI2	4	2.7768e-01	8.1181e-02	0.204944	3
C19orf26	4	2.7775e-01	8.1181e-02	0.204944	3
FAM118B	4	2.7782e-01	8.1181e-02	0.204944	3
CPLX1	4	2.7786e-01	8.1181e-02	0.204944	2
CLDN9	4	2.7790e-01	8.1181e-02	0.204944	3
CNTN2	4	2.7792e-01	8.1728e-02	0.204944	3
TNXB	4	2.7793e-01	8.1728e-02	0.204944	3
ZNF750	4	2.7794e-01	8.1728e-02	0.204944	2
CSNK1G2	4	2.7798e-01	8.1728e-02	0.204944	3
SPRR2E	4	2.7802e-01	8.1728e-02	0.204944	3
SLC52A3	4	2.7803e-01	8.1728e-02	0.204944	2
FAM171B	4	2.7805e-01	8.1728e-02	0.204944	3
FAM57A	4	2.7810e-01	8.1728e-02	0.204944	2
CNR2	4	2.7812e-01	8.1728e-02	0.204944	3
ANKRA2	4	2.7821e-01	8.1728e-02	0.204944	3
EIF1B	4	2.7827e-01	8.1728e-02	0.204944	1
DEFB119	4	2.7834e-01	8.1728e-02	0.204944	3
DUSP8	4	2.7838e-01	8.1728e-02	0.204944	3
ACADS	4	2.7841e-01	8.1728e-02	0.204944	2
PDE6B	4	2.7843e-01	8.1728e-02	0.204944	3
UTRN	4	2.7852e-01	8.1728e-02	0.204944	3
THAP7	4	2.7855e-01	8.1728e-02	0.204944	2
MYCT1	4	2.7855e-01	8.1728e-02	0.204944	1
DPY19L1	4	2.7862e-01	8.1728e-02	0.204944	3
SLC4A7	4	2.7875e-01	8.1728e-02	0.204944	3
CYP17A1	4	2.7879e-01	8.1728e-02	0.204944	3
POMGNT1	4	2.7879e-01	8.1728e-02	0.204944	3
SAMD8	4	2.7882e-01	8.1728e-02	0.204944	3
TRABD	4	2.7888e-01	8.1728e-02	0.204944	3
HABP2	4	2.7891e-01	8.1728e-02	0.204944	3
IFNA17	4	2.7891e-01	8.1728e-02	0.204944	3
GIMAP1-GIMAP5	4	2.7900e-01	8.1728e-02	0.204944	2
CXorf51A	4	2.7903e-01	8.1728e-02	0.204944	2
LAMB4	4	2.7904e-01	8.1728e-02	0.204944	3
CT47A12	4	2.7912e-01	8.1728e-02	0.204944	3
ADAMTS20	4	2.7924e-01	8.1728e-02	0.204944	3
WDR48	3	2.7931e-01	1.0208e-01	0.232196	2
HRH3	4	2.7931e-01	8.1728e-02	0.204944	2
HLA-DQB1	4	2.7933e-01	8.1728e-02	0.204944	3
ATP5E	4	2.7936e-01	8.1728e-02	0.204944	3
SETD2	4	2.7937e-01	8.1728e-02	0.204944	3
CNTNAP1	4	2.7942e-01	8.1728e-02	0.204944	3
INPP1	4	2.7947e-01	8.1728e-02	0.204944	3
COL11A2	4	2.7947e-01	8.1728e-02	0.204944	3
HNF1B	4	2.7950e-01	8.1728e-02	0.204944	3
HIST1H2BB	4	2.7956e-01	8.1728e-02	0.204944	3
TRIM46	4	2.7960e-01	8.1728e-02	0.204944	1
TSPYL2	4	2.7968e-01	8.1728e-02	0.204944	3
ADH1A	4	2.7968e-01	8.1728e-02	0.204944	1
CDV3	4	2.7984e-01	8.1728e-02	0.204944	3
COMMD1	4	2.7998e-01	8.1728e-02	0.204944	3
C9orf57	4	2.8004e-01	8.1728e-02	0.204944	3
ALDH4A1	4	2.8009e-01	8.1728e-02	0.204944	2
KRTCAP3	4	2.8013e-01	8.1728e-02	0.204944	3
SLC34A2	4	2.8017e-01	8.1728e-02	0.204944	3
C11orf49	4	2.8019e-01	8.1728e-02	0.204944	3
TNFSF15	4	2.8029e-01	8.1728e-02	0.204944	2
TMC2	4	2.8030e-01	8.1728e-02	0.204944	3
UBFD1	4	2.8039e-01	8.1728e-02	0.204944	3
GON4L	4	2.8040e-01	8.1728e-02	0.204944	2
FGF9	4	2.8042e-01	8.1728e-02	0.204944	2
PRKAG3	4	2.8043e-01	8.1728e-02	0.204944	3
COMMD3-BMI1	4	2.8044e-01	8.1728e-02	0.204944	2
PIGM	4	2.8045e-01	8.1728e-02	0.204944	3
SAYSD1	4	2.8048e-01	8.1728e-02	0.204944	2
PTPRM	4	2.8053e-01	8.1728e-02	0.204944	2
GLRA3	4	2.8054e-01	8.1728e-02	0.204944	3
SERPINB12	4	2.8059e-01	8.1728e-02	0.204944	2
RGL4	4	2.8060e-01	8.1728e-02	0.204944	3
OR7C1	4	2.8063e-01	8.1728e-02	0.204944	3
RPE65	4	2.8065e-01	8.1728e-02	0.204944	2
F3	4	2.8067e-01	8.1728e-02	0.204944	3
VEGFB	4	2.8071e-01	8.1728e-02	0.204944	3
BTBD6	4	2.8077e-01	8.1728e-02	0.204944	2
TRAF3IP1	3	2.8079e-01	1.0208e-01	0.232196	1
PANX3	4	2.8084e-01	8.1728e-02	0.204944	3
DNAJC12	4	2.8085e-01	8.1728e-02	0.204944	3
ABTB1	4	2.8091e-01	8.1728e-02	0.204944	3
SLC25A11	4	2.8092e-01	8.1728e-02	0.204944	2
NKX6-2	4	2.8094e-01	8.1728e-02	0.204944	1
CDCP1	4	2.8097e-01	8.1728e-02	0.204944	3
OR6P1	4	2.8098e-01	8.1728e-02	0.204944	2
LBX1	4	2.8100e-01	8.1728e-02	0.204944	3
DNAJC15	4	2.8102e-01	8.1728e-02	0.204944	1
BCAN	4	2.8102e-01	8.1728e-02	0.204944	3
PTCH1	4	2.8104e-01	8.1728e-02	0.204944	3
ZMYM6	4	2.8106e-01	8.1728e-02	0.204944	3
HOXA1	4	2.8108e-01	8.1728e-02	0.204944	3
KRT25	4	2.8108e-01	8.1728e-02	0.204944	2
LRBA	4	2.8115e-01	8.1728e-02	0.204944	3
ACTRT1	4	2.8124e-01	8.1729e-02	0.204944	2
YIPF2	4	2.8126e-01	8.1729e-02	0.204944	2
FNDC5	4	2.8126e-01	8.1729e-02	0.204944	3
VTI1B	4	2.8128e-01	8.1729e-02	0.204944	2
TXK	4	2.8135e-01	8.1729e-02	0.204944	3
RCOR1	4	2.8142e-01	8.1729e-02	0.204944	1
FIGLA	4	2.8148e-01	8.1729e-02	0.204944	2
AEBP2	4	2.8158e-01	8.1729e-02	0.204944	3
GPR183	4	2.8158e-01	8.1729e-02	0.204944	1
MMP11	4	2.8163e-01	8.1729e-02	0.204944	2
SHCBP1L	4	2.8164e-01	8.1729e-02	0.204944	2
TTC31	4	2.8164e-01	8.1729e-02	0.204944	1
HMX2	4	2.8170e-01	8.1729e-02	0.204944	2
C5orf63	4	2.8172e-01	8.1729e-02	0.204944	3
TM2D2	4	2.8172e-01	8.1729e-02	0.204944	3
FAM218A	4	2.8182e-01	8.1729e-02	0.204944	3
NR0B2	4	2.8189e-01	8.1729e-02	0.204944	3
GPR161	4	2.8193e-01	8.1729e-02	0.204944	3
SPATA31E1	4	2.8195e-01	8.1729e-02	0.204944	3
DDX60	4	2.8206e-01	8.1729e-02	0.204944	3
MATR3	4	2.8225e-01	8.1729e-02	0.204944	3
C9orf43	4	2.8227e-01	8.1729e-02	0.204944	2
GRXCR2	4	2.8231e-01	8.1729e-02	0.204944	1
ARHGEF40	4	2.8237e-01	8.1729e-02	0.204944	2
NLRP14	4	2.8238e-01	8.1729e-02	0.204944	3
ZNF316	4	2.8259e-01	8.1729e-02	0.204944	2
PPP5C	4	2.8260e-01	8.1729e-02	0.204944	3
TLCD2	4	2.8265e-01	8.1729e-02	0.204944	3
GDPD5	4	2.8276e-01	8.1729e-02	0.204944	2
CHST9	4	2.8279e-01	8.1729e-02	0.204944	2
ATAD3A	4	2.8280e-01	8.1729e-02	0.204944	3
PFDN4	4	2.8282e-01	8.1729e-02	0.204944	3
PSME3	4	2.8286e-01	8.1729e-02	0.204944	3
ETS2	4	2.8286e-01	8.1729e-02	0.204944	2
OASL	4	2.8294e-01	8.1729e-02	0.204944	2
CLSTN3	4	2.8297e-01	8.1729e-02	0.204944	3
FLJ45513	4	2.8299e-01	8.1729e-02	0.204944	3
CBFA2T3	4	2.8301e-01	8.1729e-02	0.204944	2
C2orf69	4	2.8303e-01	8.1729e-02	0.204944	2
IFT22	4	2.8310e-01	8.1729e-02	0.204944	2
NKTR	4	2.8312e-01	8.1729e-02	0.204944	3
GGTLC2	4	2.8314e-01	8.1729e-02	0.204944	2
SVOPL	4	2.8316e-01	8.1729e-02	0.204944	1
ZNF160	4	2.8317e-01	8.1729e-02	0.204944	3
GML	4	2.8321e-01	8.1729e-02	0.204944	3
PURA	4	2.8324e-01	8.1729e-02	0.204944	2
ZBTB44	4	2.8327e-01	8.1729e-02	0.204944	2
MAGEL2	4	2.8334e-01	8.1729e-02	0.204944	2
NDUFS5	4	2.8340e-01	8.1729e-02	0.204944	3
WDPCP	4	2.8343e-01	8.1729e-02	0.204944	3
C11orf68	4	2.8345e-01	8.1729e-02	0.204944	2
CENPBD1	4	2.8349e-01	8.1729e-02	0.204944	3
MYT1L	4	2.8350e-01	8.1729e-02	0.204944	2
SMTNL1	4	2.8355e-01	8.1729e-02	0.204944	3
USP17L28	4	2.8361e-01	8.1729e-02	0.204944	2
MYPN	4	2.8368e-01	8.1729e-02	0.204944	2
OR2V1	4	2.8369e-01	8.1729e-02	0.204944	2
LCT	4	2.8370e-01	8.1729e-02	0.204944	3
ERVFRD-1	4	2.8376e-01	8.1729e-02	0.204944	2
TRIM3	4	2.8380e-01	8.1729e-02	0.204944	3
GTF2IRD1	4	2.8380e-01	8.1729e-02	0.204944	2
GRAMD2	4	2.8384e-01	8.1729e-02	0.204944	3
SH2D3C	4	2.8392e-01	8.1729e-02	0.204944	2
NDFIP1	4	2.8400e-01	8.1729e-02	0.204944	1
FHAD1	4	2.8401e-01	8.1729e-02	0.204944	2
CLEC6A	4	2.8401e-01	8.1729e-02	0.204944	3
ZMIZ2	4	2.8405e-01	8.1729e-02	0.204944	3
HBM	4	2.8412e-01	8.1729e-02	0.204944	3
MPZL1	4	2.8418e-01	8.1729e-02	0.204944	3
PRRG2	4	2.8420e-01	8.1729e-02	0.204944	3
PIAS3	4	2.8426e-01	8.1729e-02	0.204944	1
XDH	4	2.8429e-01	8.1729e-02	0.204944	2
SHANK3	4	2.8434e-01	8.1729e-02	0.204944	3
NCOA3	4	2.8434e-01	8.1729e-02	0.204944	3
ARNT2	4	2.8436e-01	8.1729e-02	0.204944	2
LGALS7B	4	2.8452e-01	8.1729e-02	0.204944	3
KCNN2	4	2.8455e-01	8.1729e-02	0.204944	3
DOCK6	4	2.8457e-01	8.2299e-02	0.205996	3
C15orf38-AP3S2	4	2.8460e-01	8.2299e-02	0.205996	1
ADGRG4	4	2.8466e-01	8.2299e-02	0.205996	3
PNRC2	4	2.8470e-01	8.2299e-02	0.205996	3
LMAN1	4	2.8472e-01	8.2299e-02	0.205996	3
TIGD1	4	2.8474e-01	8.2299e-02	0.205996	2
ARHGAP40	4	2.8478e-01	8.2299e-02	0.205996	3
SREK1IP1	4	2.8483e-01	8.2299e-02	0.205996	3
ARHGEF17	4	2.8489e-01	8.2299e-02	0.205996	2
COL4A6	4	2.8499e-01	8.2299e-02	0.205996	3
OR5B17	4	2.8506e-01	8.2299e-02	0.205996	3
PPAPDC1A	4	2.8509e-01	8.2299e-02	0.205996	1
CCDC168	4	2.8513e-01	8.2299e-02	0.205996	2
B4GALT3	4	2.8513e-01	8.2299e-02	0.205996	3
PLLP	4	2.8517e-01	8.2884e-02	0.206112	3
LOC645382	4	2.8519e-01	8.2884e-02	0.206112	3
OR12D2	4	2.8521e-01	8.2884e-02	0.206112	2
FAM86B2	4	2.8525e-01	8.2884e-02	0.206112	2
PITHD1	4	2.8527e-01	8.2884e-02	0.206112	2
SDF2L1	4	2.8528e-01	8.2884e-02	0.206112	3
OMD	4	2.8529e-01	8.2884e-02	0.206112	2
CAMK1D	4	2.8532e-01	8.2884e-02	0.206112	3
MCF2L	4	2.8533e-01	8.2884e-02	0.206112	1
KCNS1	4	2.8534e-01	8.2884e-02	0.206112	2
SCAF11	4	2.8537e-01	8.2884e-02	0.206112	1
SPDYA	4	2.8537e-01	8.2884e-02	0.206112	3
ZBED1	4	2.8539e-01	8.2884e-02	0.206112	3
PILRB	4	2.8553e-01	8.2884e-02	0.206112	2
ARPC5	4	2.8556e-01	8.2884e-02	0.206112	3
CLCF1	4	2.8563e-01	8.2884e-02	0.206112	1
SNX22	4	2.8569e-01	8.2884e-02	0.206112	3
PPM1L	4	2.8569e-01	8.2884e-02	0.206112	2
OR5P3	4	2.8571e-01	8.2884e-02	0.206112	3
CLCN7	4	2.8578e-01	8.2884e-02	0.206112	3
PAGE5	4	2.8585e-01	8.2884e-02	0.206112	1
PRR35	4	2.8591e-01	8.2884e-02	0.206112	2
ZNF619	4	2.8597e-01	8.2884e-02	0.206112	3
FRG2	4	2.8608e-01	8.2884e-02	0.206112	3
SGK494	4	2.8617e-01	8.2884e-02	0.206112	3
NCR3LG1	4	2.8618e-01	8.2884e-02	0.206112	2
PRKAG1	4	2.8621e-01	8.2884e-02	0.206112	3
QTRT1	4	2.8631e-01	8.2884e-02	0.206112	3
MYO5A	4	2.8638e-01	8.2884e-02	0.206112	3
IGFN1	4	2.8647e-01	8.2885e-02	0.206112	2
C7orf43	4	2.8647e-01	8.2885e-02	0.206112	3
CORO7	4	2.8649e-01	8.2885e-02	0.206112	2
MT1A	4	2.8655e-01	8.2885e-02	0.206112	3
ORM2	4	2.8660e-01	8.2885e-02	0.206112	2
WNT2B	4	2.8661e-01	8.2885e-02	0.206112	2
NDUFA5	4	2.8662e-01	8.2885e-02	0.206112	3
POLR2M	4	2.8669e-01	8.2885e-02	0.206112	3
HOOK1	4	2.8686e-01	8.2885e-02	0.206112	1
C19orf70	4	2.8690e-01	8.2885e-02	0.206112	3
TTC28	4	2.8700e-01	8.2885e-02	0.206112	3
USP43	4	2.8707e-01	8.2885e-02	0.206112	2
CD209	4	2.8707e-01	8.2885e-02	0.206112	3
TMPRSS11B	4	2.8713e-01	8.2885e-02	0.206112	2
YTHDF1	4	2.8715e-01	8.2885e-02	0.206112	3
PCSK2	4	2.8718e-01	8.2885e-02	0.206112	2
MGAT4B	4	2.8748e-01	8.2885e-02	0.206112	3
CGREF1	4	2.8752e-01	8.2885e-02	0.206112	2
USP54	4	2.8758e-01	8.2885e-02	0.206112	3
SLC26A9	4	2.8766e-01	8.2885e-02	0.206112	2
SLC20A1	4	2.8770e-01	8.2885e-02	0.206112	1
FRMD8	4	2.8778e-01	8.3468e-02	0.206702	1
SEC22A	4	2.8782e-01	8.3468e-02	0.206702	1
TMEM205	4	2.8791e-01	8.3468e-02	0.206702	3
FGD6	4	2.8793e-01	8.3468e-02	0.206702	2
CAPSL	4	2.8799e-01	8.3468e-02	0.206702	3
VWA7	4	2.8803e-01	8.3468e-02	0.206702	2
TMEM143	4	2.8817e-01	8.3468e-02	0.206702	2
OGG1	4	2.8820e-01	8.3468e-02	0.206702	3
DACT2	4	2.8831e-01	8.3469e-02	0.206702	3
ZBTB12	4	2.8831e-01	8.3469e-02	0.206702	2
TCERG1L	4	2.8832e-01	8.3469e-02	0.206702	1
CTAG2	4	2.8838e-01	8.3469e-02	0.206702	2
GATAD1	4	2.8844e-01	8.3469e-02	0.206702	3
ARHGEF35	4	2.8845e-01	8.3469e-02	0.206702	2
CTXN1	4	2.8850e-01	8.3469e-02	0.206702	3
SLX1B	4	2.8851e-01	8.3469e-02	0.206702	3
HAO1	4	2.8853e-01	8.3469e-02	0.206702	3
MVB12B	4	2.8863e-01	8.3469e-02	0.206702	3
CYB5R2	4	2.8865e-01	8.3469e-02	0.206702	3
DNAAF5	4	2.8869e-01	8.3469e-02	0.206702	2
TULP1	4	2.8876e-01	8.3469e-02	0.206702	1
LRRC18	4	2.8876e-01	8.3469e-02	0.206702	1
C19orf33	4	2.8878e-01	8.3469e-02	0.206702	3
RAB40B	4	2.8886e-01	8.4033e-02	0.206702	2
USP17L29	4	2.8894e-01	8.4033e-02	0.206702	1
GOT1	4	2.8898e-01	8.4033e-02	0.206702	1
GALK2	4	2.8906e-01	8.4646e-02	0.206702	3
DOK1	4	2.8906e-01	8.4646e-02	0.206702	2
TAS2R38	4	2.8908e-01	8.4646e-02	0.206702	3
AFAP1L2	4	2.8911e-01	8.4646e-02	0.206702	2
OR6S1	4	2.8914e-01	8.4646e-02	0.206702	1
EFCAB12	4	2.8922e-01	8.4646e-02	0.206702	3
MED12L	4	2.8923e-01	8.4646e-02	0.206702	3
ZSCAN26	4	2.8930e-01	8.4646e-02	0.206702	3
PRPS2	4	2.8932e-01	8.4646e-02	0.206702	3
ACSM1	4	2.8933e-01	8.4646e-02	0.206702	2
PRB1	4	2.8934e-01	8.4646e-02	0.206702	1
PRPH2	4	2.8938e-01	8.4646e-02	0.206702	1
ATOH7	4	2.8940e-01	8.4646e-02	0.206702	3
DSTYK	4	2.8946e-01	8.4646e-02	0.206702	2
FAM219B	4	2.8946e-01	8.4646e-02	0.206702	3
CH17-360D5.1	4	2.8951e-01	8.4646e-02	0.206702	2
OR13C9	4	2.8953e-01	8.4646e-02	0.206702	3
DUSP14	4	2.8966e-01	8.4646e-02	0.206702	2
CYP4B1	4	2.8967e-01	8.4646e-02	0.206702	2
LAMP3	4	2.8974e-01	8.4646e-02	0.206702	2
REXO1	4	2.8977e-01	8.4646e-02	0.206702	3
PPP1R15A	4	2.8979e-01	8.4646e-02	0.206702	3
CDK17	4	2.8981e-01	8.4646e-02	0.206702	3
IGF2	4	2.8983e-01	8.4646e-02	0.206702	3
STBD1	4	2.8988e-01	8.4646e-02	0.206702	2
RBM24	4	2.8995e-01	8.4646e-02	0.206702	3
TTLL12	4	2.8998e-01	8.4646e-02	0.206702	3
FCHO1	4	2.8998e-01	8.4646e-02	0.206702	2
B3GALTL	4	2.9024e-01	8.4646e-02	0.206702	2
ULBP2	4	2.9034e-01	8.4646e-02	0.206702	1
APAF1	4	2.9040e-01	8.4646e-02	0.206702	2
NFIA	4	2.9042e-01	8.4646e-02	0.206702	2
APP	4	2.9045e-01	8.4646e-02	0.206702	3
RASD2	4	2.9049e-01	8.4646e-02	0.206702	3
MYOC	4	2.9049e-01	8.4646e-02	0.206702	2
EPS15	4	2.9054e-01	8.4646e-02	0.206702	2
SLC25A14	4	2.9054e-01	8.4646e-02	0.206702	3
IL4R	4	2.9060e-01	8.4646e-02	0.206702	2
SPTBN5	4	2.9065e-01	8.4646e-02	0.206702	3
PITPNB	4	2.9066e-01	8.4646e-02	0.206702	3
GPR135	4	2.9070e-01	8.4646e-02	0.206702	1
HIST1H1T	4	2.9075e-01	8.4646e-02	0.206702	3
TEX9	4	2.9078e-01	8.4646e-02	0.206702	2
HMSD	4	2.9096e-01	8.4646e-02	0.206702	3
SLC22A12	4	2.9098e-01	8.4646e-02	0.206702	1
FAM166B	4	2.9101e-01	8.4646e-02	0.206702	3
HAVCR2	4	2.9105e-01	8.4646e-02	0.206702	2
GALP	4	2.9106e-01	8.4646e-02	0.206702	2
ANKRD39	4	2.9107e-01	8.4646e-02	0.206702	3
NAT8L	4	2.9114e-01	8.4646e-02	0.206702	1
CCL15	4	2.9116e-01	8.4646e-02	0.206702	3
GPC5	4	2.9118e-01	8.4646e-02	0.206702	1
C2orf73	4	2.9122e-01	8.4646e-02	0.206702	3
C9orf3	4	2.9123e-01	8.4646e-02	0.206702	2
CALU	4	2.9124e-01	8.4646e-02	0.206702	3
LCE1C	4	2.9126e-01	8.4646e-02	0.206702	2
VAMP1	4	2.9128e-01	8.4646e-02	0.206702	3
CCL3	4	2.9130e-01	8.4647e-02	0.206702	2
OTOP2	4	2.9134e-01	8.4647e-02	0.206702	2
CYP2S1	4	2.9139e-01	8.4647e-02	0.206702	3
CCDC74B	4	2.9154e-01	8.4647e-02	0.206702	1
OGFOD3	4	2.9156e-01	8.4647e-02	0.206702	3
SPEG	4	2.9158e-01	8.4647e-02	0.206702	3
IRAK1	4	2.9158e-01	8.4647e-02	0.206702	2
C21orf91	4	2.9162e-01	8.4647e-02	0.206702	2
CCDC28B	4	2.9162e-01	8.4647e-02	0.206702	3
LIN28A	4	2.9162e-01	8.4647e-02	0.206702	3
PITX1	4	2.9165e-01	8.4647e-02	0.206702	3
CHD7	4	2.9171e-01	8.4647e-02	0.206702	3
FBXO46	4	2.9172e-01	8.4647e-02	0.206702	2
MAP4	4	2.9186e-01	8.4647e-02	0.206702	1
IPO8	4	2.9190e-01	8.4647e-02	0.206702	2
PHLDB1	4	2.9196e-01	8.4647e-02	0.206702	2
ENTHD2	4	2.9206e-01	8.4647e-02	0.206702	2
FAM129A	4	2.9210e-01	8.4647e-02	0.206702	1
ZNF708	4	2.9212e-01	8.4647e-02	0.206702	3
TSPAN31	4	2.9214e-01	8.4647e-02	0.206702	3
FRA10AC1	4	2.9216e-01	8.4647e-02	0.206702	3
PPARG	4	2.9218e-01	8.4647e-02	0.206702	3
ITGA9	4	2.9222e-01	8.4647e-02	0.206702	1
FAM162B	4	2.9226e-01	8.4647e-02	0.206702	2
PNMA3	4	2.9227e-01	8.4647e-02	0.206702	2
GAS2L2	4	2.9232e-01	8.4647e-02	0.206702	2
SLC6A13	4	2.9242e-01	8.4647e-02	0.206702	2
THSD7B	4	2.9243e-01	8.4647e-02	0.206702	3
PTGS2	4	2.9250e-01	8.4647e-02	0.206702	2
ZNF208	4	2.9254e-01	8.4647e-02	0.206702	1
LYSMD1	4	2.9256e-01	8.4647e-02	0.206702	2
CST6	4	2.9258e-01	8.4647e-02	0.206702	3
DNAJC5B	4	2.9280e-01	8.4647e-02	0.206702	3
BOLA1	4	2.9281e-01	8.4647e-02	0.206702	2
CCDC158	4	2.9283e-01	8.4647e-02	0.206702	2
SLC12A4	4	2.9286e-01	8.4647e-02	0.206702	1
CD276	4	2.9286e-01	8.4647e-02	0.206702	3
CDK5	4	2.9293e-01	8.4647e-02	0.206702	3
SEC14L4	4	2.9296e-01	8.4647e-02	0.206702	2
SET	4	2.9298e-01	8.4647e-02	0.206702	1
B3GNTL1	4	2.9299e-01	8.4647e-02	0.206702	2
SLC30A3	4	2.9301e-01	8.4647e-02	0.206702	2
MLXIP	4	2.9310e-01	8.4647e-02	0.206702	2
POC5	4	2.9316e-01	8.4647e-02	0.206702	3
PRRC2B	4	2.9318e-01	8.4647e-02	0.206702	1
CCDC125	4	2.9318e-01	8.4647e-02	0.206702	3
CRACR2B	4	2.9320e-01	8.4647e-02	0.206702	3
ZBTB9	4	2.9323e-01	8.4647e-02	0.206702	3
SAMD9L	4	2.9324e-01	8.4647e-02	0.206702	3
FERMT1	4	2.9332e-01	8.4647e-02	0.206702	2
ENAH	4	2.9337e-01	8.4647e-02	0.206702	2
AFF3	4	2.9337e-01	8.4647e-02	0.206702	3
CDSN	4	2.9339e-01	8.4647e-02	0.206702	3
L3MBTL4	4	2.9342e-01	8.4647e-02	0.206702	3
METTL10	4	2.9344e-01	8.4647e-02	0.206702	3
DENND5A	4	2.9346e-01	8.4647e-02	0.206702	3
SPDYC	4	2.9352e-01	8.4647e-02	0.206702	3
PGLYRP1	4	2.9355e-01	8.4647e-02	0.206702	3
GPATCH2L	4	2.9357e-01	8.5258e-02	0.208090	2
MAGEB3	4	2.9359e-01	8.5258e-02	0.208090	3
CRHBP	4	2.9381e-01	8.5259e-02	0.208090	3
CCDC27	4	2.9388e-01	8.5877e-02	0.209013	3
OR2B6	4	2.9392e-01	8.5877e-02	0.209013	3
HSD17B2	4	2.9399e-01	8.5877e-02	0.209013	3
SLC5A9	4	2.9401e-01	8.5877e-02	0.209013	3
ZFP82	4	2.9405e-01	8.5877e-02	0.209013	3
PCDH10	4	2.9410e-01	8.5877e-02	0.209013	3
SPATA4	4	2.9419e-01	8.5877e-02	0.209013	2
PLAC8	4	2.9421e-01	8.5877e-02	0.209013	1
TUBA1A	4	2.9424e-01	8.5877e-02	0.209013	3
SIX4	4	2.9425e-01	8.5877e-02	0.209013	1
FBXO9	4	2.9430e-01	8.5877e-02	0.209013	2
KNG1	4	2.9437e-01	8.5877e-02	0.209013	3
OR7A5	4	2.9439e-01	8.5877e-02	0.209013	1
EIF1AY	4	2.9448e-01	8.5878e-02	0.209013	3
PRSS35	4	2.9452e-01	8.5878e-02	0.209013	3
TSTA3	4	2.9455e-01	8.5878e-02	0.209013	2
IL33	4	2.9456e-01	8.5878e-02	0.209013	3
HOXB9	4	2.9461e-01	8.5878e-02	0.209013	2
TXLNB	4	2.9462e-01	8.5878e-02	0.209013	3
TRIM47	4	2.9470e-01	8.5878e-02	0.209013	2
OR4K13	4	2.9478e-01	8.5878e-02	0.209013	3
CSTL1	4	2.9488e-01	8.5878e-02	0.209013	2
TEX261	4	2.9499e-01	8.6506e-02	0.210221	3
HLX	4	2.9502e-01	8.6506e-02	0.210221	2
ACTR1B	4	2.9516e-01	8.6506e-02	0.210221	3
CPNE8	4	2.9520e-01	8.6506e-02	0.210221	3
GYLTL1B	4	2.9522e-01	8.6506e-02	0.210221	2
CHRM1	4	2.9522e-01	8.6506e-02	0.210221	3
HNRNPCL3	4	2.9524e-01	8.6506e-02	0.210221	3
DEFB124	4	2.9529e-01	8.6506e-02	0.210221	2
KRTAP6-2	4	2.9535e-01	8.6506e-02	0.210221	2
SGPL1	4	2.9541e-01	8.6506e-02	0.210221	3
GBX1	4	2.9542e-01	8.6506e-02	0.210221	2
KRTAP22-1	4	2.9545e-01	8.6506e-02	0.210221	1
SPINT3	4	2.9547e-01	8.7122e-02	0.211530	3
TCL1A	4	2.9557e-01	8.7122e-02	0.211530	2
MMP12	4	2.9564e-01	8.7122e-02	0.211530	1
TRIM11	4	2.9565e-01	8.7122e-02	0.211530	3
CFL1	4	2.9566e-01	8.7122e-02	0.211530	2
FAM213B	4	2.9568e-01	8.7122e-02	0.211530	3
TACSTD2	4	2.9573e-01	8.7122e-02	0.211530	2
STMN3	4	2.9576e-01	8.7728e-02	0.211999	1
RSPH14	4	2.9577e-01	8.7728e-02	0.211999	3
CNN1	4	2.9583e-01	8.7728e-02	0.211999	3
LHFPL4	4	2.9593e-01	8.7728e-02	0.211999	2
CACNG3	4	2.9596e-01	8.7728e-02	0.211999	3
KCNG2	4	2.9600e-01	8.7728e-02	0.211999	2
MAP3K2	4	2.9602e-01	8.7728e-02	0.211999	3
RUFY3	4	2.9605e-01	8.7728e-02	0.211999	3
KLHDC3	4	2.9617e-01	8.7728e-02	0.211999	3
BTF3L4	4	2.9620e-01	8.7728e-02	0.211999	2
MARVELD3	4	2.9622e-01	8.7728e-02	0.211999	2
PLEKHB1	4	2.9626e-01	8.7728e-02	0.211999	3
SIRPG	4	2.9629e-01	8.7728e-02	0.211999	2
XCL2	4	2.9632e-01	8.7728e-02	0.211999	3
TULP3	4	2.9632e-01	8.7728e-02	0.211999	1
MS4A10	4	2.9634e-01	8.7728e-02	0.211999	3
OR7A17	4	2.9636e-01	8.7728e-02	0.211999	2
PREP	4	2.9649e-01	8.7729e-02	0.211999	2
PLAC9	4	2.9653e-01	8.7729e-02	0.211999	3
C14orf169	4	2.9655e-01	8.7729e-02	0.211999	3
IFNA7	4	2.9658e-01	8.7729e-02	0.211999	2
H1F0	4	2.9668e-01	8.7729e-02	0.211999	3
ZNF423	4	2.9671e-01	8.7729e-02	0.211999	2
SLC13A3	4	2.9672e-01	8.7729e-02	0.211999	2
PPM1N	4	2.9673e-01	8.7729e-02	0.211999	2
SDHA	4	2.9681e-01	8.7729e-02	0.211999	3
USP17L20	4	2.9690e-01	8.7729e-02	0.211999	1
CNTF	4	2.9691e-01	8.7729e-02	0.211999	2
ZNF517	4	2.9695e-01	8.7729e-02	0.211999	3
MKS1	4	2.9696e-01	8.7729e-02	0.211999	2
FXYD4	4	2.9702e-01	8.7729e-02	0.211999	3
C3AR1	4	2.9706e-01	8.7729e-02	0.211999	3
ZNF189	4	2.9709e-01	8.8346e-02	0.211999	2
KRTAP9-1	4	2.9710e-01	8.8346e-02	0.211999	3
TLN2	4	2.9723e-01	8.8346e-02	0.211999	3
COX8C	4	2.9725e-01	8.8346e-02	0.211999	3
GAL3ST4	4	2.9727e-01	8.8346e-02	0.211999	3
HNRNPCL2	4	2.9727e-01	8.8346e-02	0.211999	2
ECHDC3	4	2.9731e-01	8.8346e-02	0.211999	3
SHC2	4	2.9742e-01	8.8346e-02	0.211999	3
C17orf59	4	2.9743e-01	8.8346e-02	0.211999	3
ACOT1	4	2.9744e-01	8.8346e-02	0.211999	3
CCDC67	4	2.9746e-01	8.8346e-02	0.211999	3
ZP2	4	2.9763e-01	8.8346e-02	0.211999	2
NDUFB5	4	2.9765e-01	8.8346e-02	0.211999	3
ANGPT2	4	2.9767e-01	8.8346e-02	0.211999	3
KIF14	4	2.9774e-01	8.8346e-02	0.211999	3
PHF3	4	2.9780e-01	8.8346e-02	0.211999	3
PRSS2	4	2.9784e-01	8.8346e-02	0.211999	3
UBR3	4	2.9790e-01	8.8346e-02	0.211999	2
ADAMTS7	4	2.9791e-01	8.8346e-02	0.211999	2
HTR2C	4	2.9793e-01	8.8346e-02	0.211999	3
CASP1	4	2.9799e-01	8.8346e-02	0.211999	3
PNPLA7	4	2.9807e-01	8.8346e-02	0.211999	2
ARID1A	4	2.9808e-01	8.8346e-02	0.211999	2
KIF7	4	2.9811e-01	8.8346e-02	0.211999	2
PAK3	4	2.9813e-01	8.8346e-02	0.211999	3
INHBE	4	2.9818e-01	8.8346e-02	0.211999	3
WRAP73	4	2.9826e-01	8.8346e-02	0.211999	3
HMGA2	4	2.9842e-01	8.8346e-02	0.211999	3
FBXO34	4	2.9842e-01	8.8346e-02	0.211999	2
ACAN	4	2.9854e-01	8.8347e-02	0.211999	3
SH2D3A	4	2.9855e-01	8.8347e-02	0.211999	2
UPP2	4	2.9858e-01	8.8347e-02	0.211999	2
OR2T6	4	2.9859e-01	8.8347e-02	0.211999	2
HCAR1	4	2.9863e-01	8.8347e-02	0.211999	2
EDIL3	4	2.9879e-01	8.8347e-02	0.211999	3
LRRC55	4	2.9879e-01	8.8347e-02	0.211999	2
PHKG2	4	2.9889e-01	8.8347e-02	0.211999	2
CASP10	4	2.9893e-01	8.8347e-02	0.211999	2
HELB	4	2.9896e-01	8.8347e-02	0.211999	3
CADM1	4	2.9899e-01	8.8347e-02	0.211999	2
MMEL1	4	2.9901e-01	8.8347e-02	0.211999	3
TNFRSF1B	4	2.9901e-01	8.8347e-02	0.211999	2
ZNF821	4	2.9904e-01	8.8347e-02	0.211999	3
ESRRA	4	2.9915e-01	8.8347e-02	0.211999	3
UTY	4	2.9919e-01	8.8347e-02	0.211999	2
BST2	4	2.9925e-01	8.8347e-02	0.211999	3
HDGFRP3	4	2.9928e-01	8.8347e-02	0.211999	3
CD37	4	2.9930e-01	8.8347e-02	0.211999	3
XRCC1	4	2.9934e-01	8.8347e-02	0.211999	2
MTM1	4	2.9934e-01	8.8347e-02	0.211999	3
FAM13A	4	2.9936e-01	8.8347e-02	0.211999	3
SAA1	4	2.9949e-01	8.8347e-02	0.211999	3
NCR2	4	2.9957e-01	8.8347e-02	0.211999	1
KATNB1	4	2.9961e-01	8.8347e-02	0.211999	1
BRICD5	4	2.9964e-01	8.8347e-02	0.211999	2
CYB5B	4	2.9965e-01	8.8347e-02	0.211999	3
OR2H2	4	2.9978e-01	8.8347e-02	0.211999	3
NDUFC2-KCTD14	4	2.9982e-01	8.8347e-02	0.211999	3
SMR3B	4	2.9984e-01	8.8347e-02	0.211999	3
KLRC4	4	2.9985e-01	8.8347e-02	0.211999	2
IGLON5	4	2.9988e-01	8.8347e-02	0.211999	3
PTGES2	4	2.9991e-01	8.8972e-02	0.213340	3
NMNAT1	4	2.9995e-01	8.8972e-02	0.213340	3
CCS	4	3.0000e-01	8.8972e-02	0.213340	2
DEFB112	4	3.0001e-01	8.8972e-02	0.213340	1
HSF2BP	4	3.0009e-01	8.8972e-02	0.213340	2
NKX1-2	4	3.0012e-01	8.8972e-02	0.213340	3
HSDL2	4	3.0018e-01	8.9504e-02	0.213705	3
TPBG	4	3.0022e-01	8.9504e-02	0.213705	3
DPPA3	4	3.0022e-01	8.9504e-02	0.213705	2
CLECL1	4	3.0033e-01	8.9504e-02	0.213705	2
BAIAP2	4	3.0038e-01	8.9504e-02	0.213705	2
SCUBE2	4	3.0045e-01	8.9504e-02	0.213705	2
CNTNAP3	4	3.0048e-01	8.9504e-02	0.213705	3
NCMAP	4	3.0049e-01	8.9504e-02	0.213705	2
HIPK3	4	3.0050e-01	8.9504e-02	0.213705	3
FAM73A	4	3.0051e-01	8.9504e-02	0.213705	2
CPN1	4	3.0052e-01	8.9504e-02	0.213705	3
FPGS	4	3.0055e-01	8.9504e-02	0.213705	3
MLLT4	4	3.0058e-01	8.9504e-02	0.213705	3
WHSC1	4	3.0060e-01	8.9504e-02	0.213705	3
KSR2	4	3.0062e-01	8.9504e-02	0.213705	2
ANKRD10	4	3.0063e-01	8.9504e-02	0.213705	2
TMEM106C	4	3.0067e-01	8.9504e-02	0.213705	2
TRH	4	3.0069e-01	8.9504e-02	0.213705	2
AGO1	4	3.0072e-01	8.9504e-02	0.213705	1
MYEOV2	4	3.0082e-01	8.9505e-02	0.213705	3
CTHRC1	4	3.0088e-01	8.9505e-02	0.213705	2
ERBB2IP	4	3.0092e-01	8.9505e-02	0.213705	3
CCP110	4	3.0100e-01	8.9505e-02	0.213705	2
OCRL	4	3.0100e-01	8.9505e-02	0.213705	3
CDH16	4	3.0105e-01	8.9505e-02	0.213705	3
AMPD3	4	3.0107e-01	8.9505e-02	0.213705	2
HIST1H3E	4	3.0112e-01	8.9505e-02	0.213705	2
MAP7D3	4	3.0116e-01	8.9505e-02	0.213705	2
KRTAP13-4	4	3.0119e-01	8.9505e-02	0.213705	3
SFN	4	3.0121e-01	8.9505e-02	0.213705	3
TDRKH	4	3.0125e-01	8.9505e-02	0.213705	2
GBE1	4	3.0128e-01	8.9505e-02	0.213705	2
SMARCD2	4	3.0129e-01	8.9505e-02	0.213705	3
CPNE6	4	3.0130e-01	8.9505e-02	0.213705	2
LEMD1	4	3.0136e-01	9.0012e-02	0.214355	3
KLK11	4	3.0136e-01	9.0012e-02	0.214355	2
C11orf53	4	3.0146e-01	9.0012e-02	0.214355	3
PCDHB3	4	3.0148e-01	9.0012e-02	0.214355	3
STAG3	4	3.0150e-01	9.0012e-02	0.214355	3
PAN2	4	3.0156e-01	9.0012e-02	0.214355	3
PGA4	4	3.0159e-01	9.0012e-02	0.214355	3
LZTS1	4	3.0169e-01	9.0012e-02	0.214355	3
CXCL9	4	3.0173e-01	9.0012e-02	0.214355	3
NDUFAF4	4	3.0178e-01	9.0013e-02	0.214355	3
UNC79	4	3.0181e-01	9.0013e-02	0.214355	2
FCHSD1	4	3.0183e-01	9.0013e-02	0.214355	3
CISD2	4	3.0183e-01	9.0013e-02	0.214355	3
FAM149A	4	3.0183e-01	9.0013e-02	0.214355	2
NLRP3	4	3.0186e-01	9.0013e-02	0.214355	3
IL22RA1	4	3.0188e-01	9.0013e-02	0.214355	3
PIGR	4	3.0190e-01	9.0013e-02	0.214355	3
FAM217B	4	3.0200e-01	9.0013e-02	0.214355	3
RAD9B	4	3.0207e-01	9.0013e-02	0.214355	3
ADSL	4	3.0212e-01	9.0013e-02	0.214355	3
OR52L1	4	3.0217e-01	9.0013e-02	0.214355	3
OR4F15	4	3.0220e-01	9.0649e-02	0.215137	3
MIR205HG	3	3.0223e-01	1.2947e-01	0.276435	2
U2AF1L4	4	3.0228e-01	9.0649e-02	0.215137	3
PNPLA2	4	3.0230e-01	9.0649e-02	0.215137	3
FNDC7	4	3.0234e-01	9.0649e-02	0.215137	3
FMN2	4	3.0242e-01	9.0649e-02	0.215137	1
SLC9A3R2	4	3.0243e-01	9.0649e-02	0.215137	3
OLAH	4	3.0246e-01	9.0649e-02	0.215137	1
COCH	4	3.0254e-01	9.0649e-02	0.215137	2
CADPS2	4	3.0257e-01	9.0649e-02	0.215137	3
AMDHD2	4	3.0257e-01	9.0649e-02	0.215137	2
UBA7	4	3.0262e-01	9.0649e-02	0.215137	3
ZNF354A	4	3.0264e-01	9.0649e-02	0.215137	3
EHD3	4	3.0270e-01	9.0649e-02	0.215137	1
HRSP12	4	3.0278e-01	9.0649e-02	0.215137	3
GNPTG	4	3.0280e-01	9.0649e-02	0.215137	3
MAT1A	4	3.0282e-01	9.0649e-02	0.215137	1
MMP25	4	3.0282e-01	9.0649e-02	0.215137	3
ATG4B	4	3.0284e-01	9.0649e-02	0.215137	3
CCL13	4	3.0284e-01	9.0649e-02	0.215137	2
SULT6B1	4	3.0285e-01	9.0649e-02	0.215137	2
ETHE1	4	3.0293e-01	9.0649e-02	0.215137	3
FOXRED2	4	3.0297e-01	9.0649e-02	0.215137	1
SFXN5	4	3.0307e-01	9.1287e-02	0.215137	3
NLRP6	4	3.0321e-01	9.1287e-02	0.215137	3
ARGFX	4	3.0321e-01	9.1287e-02	0.215137	3
HVCN1	4	3.0329e-01	9.1287e-02	0.215137	2
CPA2	4	3.0330e-01	9.1287e-02	0.215137	3
DPYSL3	4	3.0332e-01	9.1287e-02	0.215137	3
TBRG4	4	3.0338e-01	9.1287e-02	0.215137	2
NOTCH2NL	4	3.0352e-01	9.1287e-02	0.215137	3
LMNA	4	3.0352e-01	9.1287e-02	0.215137	3
CENPP	4	3.0352e-01	9.1287e-02	0.215137	3
KRT4	4	3.0352e-01	9.1287e-02	0.215137	3
ALDH3A2	4	3.0352e-01	9.1287e-02	0.215137	3
COA3	4	3.0352e-01	9.1287e-02	0.215137	3
NAT6	4	3.0356e-01	9.1287e-02	0.215137	1
C18orf54	4	3.0362e-01	9.1287e-02	0.215137	2
SHC1	4	3.0365e-01	9.1287e-02	0.215137	2
ZNF682	4	3.0368e-01	9.1287e-02	0.215137	1
TEX29	4	3.0378e-01	9.1287e-02	0.215137	1
SCLY	4	3.0387e-01	9.1287e-02	0.215137	3
LY6D	4	3.0392e-01	9.1287e-02	0.215137	2
ZNF768	4	3.0393e-01	9.1287e-02	0.215137	3
SEMA4C	4	3.0394e-01	9.1287e-02	0.215137	2
TM9SF1	4	3.0395e-01	9.1287e-02	0.215137	3
GDA	4	3.0399e-01	9.1287e-02	0.215137	2
SAC3D1	4	3.0406e-01	9.1287e-02	0.215137	3
UROC1	4	3.0410e-01	9.1287e-02	0.215137	2
PRORY	4	3.0414e-01	9.1287e-02	0.215137	2
NKAIN3	4	3.0420e-01	9.1287e-02	0.215137	2
KIZ	4	3.0424e-01	9.1287e-02	0.215137	3
ZNF22	4	3.0426e-01	9.1287e-02	0.215137	3
GPR62	4	3.0429e-01	9.1287e-02	0.215137	3
HOXA3	4	3.0435e-01	9.1287e-02	0.215137	2
BTC	4	3.0439e-01	9.1287e-02	0.215137	2
FGD2	4	3.0441e-01	9.1287e-02	0.215137	3
TBX4	4	3.0443e-01	9.1287e-02	0.215137	2
AIM1L	4	3.0447e-01	9.1287e-02	0.215137	2
KLHL29	4	3.0454e-01	9.1287e-02	0.215137	3
ESRP2	4	3.0458e-01	9.1287e-02	0.215137	3
TM7SF2	4	3.0459e-01	9.1287e-02	0.215137	2
TRPM5	4	3.0463e-01	9.1287e-02	0.215137	1
KYNU	4	3.0468e-01	9.1287e-02	0.215137	3
NFATC1	4	3.0473e-01	9.1287e-02	0.215137	3
SNTG2	4	3.0475e-01	9.1287e-02	0.215137	2
SYNM	4	3.0475e-01	9.1287e-02	0.215137	3
C20orf173	4	3.0482e-01	9.1287e-02	0.215137	2
OSCAR	4	3.0487e-01	9.1287e-02	0.215137	2
ZNF134	4	3.0491e-01	9.1287e-02	0.215137	2
WDR45B	4	3.0494e-01	9.1287e-02	0.215137	1
MEDAG	4	3.0500e-01	9.1287e-02	0.215137	3
DPYS	4	3.0510e-01	9.1287e-02	0.215137	2
BTNL9	4	3.0511e-01	9.1287e-02	0.215137	2
ZNF710	4	3.0519e-01	9.1287e-02	0.215137	3
DLX3	4	3.0520e-01	9.1287e-02	0.215137	2
OR10G3	4	3.0522e-01	9.1287e-02	0.215137	2
SPHK1	4	3.0535e-01	9.1287e-02	0.215137	2
CHAMP1	4	3.0540e-01	9.1287e-02	0.215137	2
KLC3	4	3.0548e-01	9.1961e-02	0.215137	1
GNA14	4	3.0551e-01	9.1961e-02	0.215137	2
FSCN1	4	3.0554e-01	9.1961e-02	0.215137	3
ERICH1	3	3.0554e-01	1.2947e-01	0.276435	1
COQ10B	4	3.0558e-01	9.1961e-02	0.215137	3
IFITM1	4	3.0562e-01	9.1961e-02	0.215137	3
NCOR1	4	3.0564e-01	9.1961e-02	0.215137	3
NUTM2F	4	3.0565e-01	9.1961e-02	0.215137	2
GPR88	4	3.0577e-01	9.1961e-02	0.215137	2
ZNF155	4	3.0579e-01	9.1961e-02	0.215137	3
DMRTA2	4	3.0585e-01	9.1961e-02	0.215137	3
NRSN2	4	3.0587e-01	9.1961e-02	0.215137	3
FOXA3	4	3.0600e-01	9.1961e-02	0.215137	3
EFHB	4	3.0612e-01	9.1961e-02	0.215137	2
SPATC1L	4	3.0614e-01	9.1961e-02	0.215137	2
CNGB3	4	3.0618e-01	9.1961e-02	0.215137	3
ZDHHC23	4	3.0623e-01	9.1961e-02	0.215137	3
NLRP7	4	3.0625e-01	9.1961e-02	0.215137	3
FAM76B	4	3.0633e-01	9.1961e-02	0.215137	3
MED9	4	3.0636e-01	9.1961e-02	0.215137	2
UNK	4	3.0638e-01	9.1961e-02	0.215137	3
IFIT3	4	3.0640e-01	9.1961e-02	0.215137	1
LRIG1	4	3.0641e-01	9.1961e-02	0.215137	3
PARM1	4	3.0642e-01	9.1961e-02	0.215137	3
FAT3	4	3.0644e-01	9.1961e-02	0.215137	3
CDK4	4	3.0648e-01	9.1961e-02	0.215137	2
PLD5	4	3.0648e-01	9.1961e-02	0.215137	3
C19orf80	4	3.0652e-01	9.1961e-02	0.215137	2
CT47A10	4	3.0660e-01	9.1961e-02	0.215137	2
GTF2IRD2B	4	3.0667e-01	9.1961e-02	0.215137	2
CANX	4	3.0671e-01	9.1961e-02	0.215137	1
CNNM2	4	3.0675e-01	9.1961e-02	0.215137	2
TMEM86A	4	3.0683e-01	9.1961e-02	0.215137	3
RHOBTB2	4	3.0691e-01	9.1962e-02	0.215137	3
OR13J1	4	3.0693e-01	9.1962e-02	0.215137	3
TMEM261	4	3.0696e-01	9.1962e-02	0.215137	3
HLA-B	4	3.0697e-01	9.1962e-02	0.215137	2
ZNF43	4	3.0699e-01	9.1962e-02	0.215137	1
NSD1	4	3.0699e-01	9.1962e-02	0.215137	2
ARRDC2	4	3.0702e-01	9.1962e-02	0.215137	2
GLYATL1	4	3.0711e-01	9.1962e-02	0.215137	2
PEX1	4	3.0711e-01	9.1962e-02	0.215137	3
ABCC10	4	3.0721e-01	9.1962e-02	0.215137	3
MANEAL	4	3.0722e-01	9.1962e-02	0.215137	2
FFAR2	4	3.0725e-01	9.1962e-02	0.215137	3
MYT1	4	3.0737e-01	9.1962e-02	0.215137	3
MYLPF	4	3.0742e-01	9.1962e-02	0.215137	1
CCT8L2	4	3.0746e-01	9.1962e-02	0.215137	3
SUCLA2	4	3.0748e-01	9.1962e-02	0.215137	3
PPM1J	4	3.0749e-01	9.1962e-02	0.215137	2
MAG	4	3.0751e-01	9.1962e-02	0.215137	2
COX14	4	3.0753e-01	9.1962e-02	0.215137	2
TPPP	4	3.0755e-01	9.1962e-02	0.215137	2
KCNA5	4	3.0756e-01	9.1962e-02	0.215137	3
MMAA	4	3.0758e-01	9.1962e-02	0.215137	3
BEST2	4	3.0761e-01	9.1962e-02	0.215137	2
PSKH2	4	3.0764e-01	9.1962e-02	0.215137	1
STAMBPL1	4	3.0768e-01	9.1962e-02	0.215137	3
NHSL1	4	3.0777e-01	9.1962e-02	0.215137	3
NBPF3	4	3.0779e-01	9.1962e-02	0.215137	1
SIRT1	4	3.0785e-01	9.1962e-02	0.215137	3
KATNBL1	4	3.0789e-01	9.1962e-02	0.215137	2
TRPV6	4	3.0789e-01	9.1962e-02	0.215137	2
SPP2	4	3.0801e-01	9.1962e-02	0.215137	2
USP34	4	3.0814e-01	9.1962e-02	0.215137	3
MIEF1	4	3.0818e-01	9.1962e-02	0.215137	3
LYPLA1	4	3.0821e-01	9.1962e-02	0.215137	2
USP17L15	4	3.0828e-01	9.2619e-02	0.215437	2
CD3D	4	3.0829e-01	9.2619e-02	0.215437	3
TTLL10	4	3.0835e-01	9.2619e-02	0.215437	3
SLC25A28	4	3.0841e-01	9.2619e-02	0.215437	3
RTP2	4	3.0843e-01	9.2619e-02	0.215437	3
DPCR1	4	3.0843e-01	9.2619e-02	0.215437	2
CHMP2B	4	3.0848e-01	9.2619e-02	0.215437	3
CTRC	4	3.0854e-01	9.2619e-02	0.215437	2
TBC1D10C	4	3.0859e-01	9.2619e-02	0.215437	2
PDE4D	4	3.0870e-01	9.2619e-02	0.215437	3
VGF	4	3.0872e-01	9.2619e-02	0.215437	3
ILDR2	4	3.0875e-01	9.2619e-02	0.215437	2
FBLN7	4	3.0878e-01	9.2619e-02	0.215437	3
SAP25	4	3.0879e-01	9.2619e-02	0.215437	3
SIK1	4	3.0889e-01	9.2619e-02	0.215437	3
DHRS4	4	3.0895e-01	9.2619e-02	0.215437	3
RUNDC1	4	3.0895e-01	9.2619e-02	0.215437	2
SPATA12	4	3.0899e-01	9.2619e-02	0.215437	1
ELOVL7	4	3.0903e-01	9.2619e-02	0.215437	3
PLXNA3	4	3.0904e-01	9.2619e-02	0.215437	2
CD28	4	3.0908e-01	9.2620e-02	0.215437	3
AURKC	4	3.0912e-01	9.2620e-02	0.215437	3
TMEM179B	4	3.0916e-01	9.2620e-02	0.215437	3
CEP63	4	3.0919e-01	9.2620e-02	0.215437	2
RAET1E	4	3.0925e-01	9.2620e-02	0.215437	3
WDR53	4	3.0928e-01	9.2620e-02	0.215437	3
CNOT7	4	3.0929e-01	9.2620e-02	0.215437	2
ABCA2	4	3.0934e-01	9.2620e-02	0.215437	3
FRG2C	4	3.0934e-01	9.2620e-02	0.215437	2
CXCR2	4	3.0935e-01	9.2620e-02	0.215437	3
KRTAP7-1	4	3.0938e-01	9.2620e-02	0.215437	2
DUOXA2	4	3.0939e-01	9.2620e-02	0.215437	3
DLL3	4	3.0947e-01	9.2620e-02	0.215437	3
LILRA5	4	3.0953e-01	9.2620e-02	0.215437	3
SUPT20HL2	4	3.0955e-01	9.2620e-02	0.215437	3
PNLIPRP3	4	3.0959e-01	9.2620e-02	0.215437	3
THAP10	4	3.0962e-01	9.2620e-02	0.215437	2
RABEP1	4	3.0962e-01	9.2620e-02	0.215437	2
RLTPR	4	3.0964e-01	9.2620e-02	0.215437	3
FAM168B	4	3.0970e-01	9.2620e-02	0.215437	3
SNCA	4	3.0972e-01	9.2620e-02	0.215437	3
CNOT8	4	3.0978e-01	9.2620e-02	0.215437	3
CLRN3	4	3.0978e-01	9.2620e-02	0.215437	2
LRRC37B	4	3.0980e-01	9.2620e-02	0.215437	3
IQCE	4	3.0982e-01	9.2620e-02	0.215437	3
MSMP	4	3.0985e-01	9.2620e-02	0.215437	1
NYAP1	4	3.0988e-01	9.2620e-02	0.215437	3
VWA5B1	4	3.0991e-01	9.3319e-02	0.216826	1
OR2A14	4	3.0993e-01	9.3319e-02	0.216826	3
GPR162	4	3.0995e-01	9.3319e-02	0.216826	3
MARCHF6	4	3.1003e-01	9.3319e-02	0.216826	3
OXLD1	4	3.1005e-01	9.3319e-02	0.216826	3
SLCO6A1	4	3.1007e-01	9.3319e-02	0.216826	2
TASP1	4	3.1013e-01	9.3319e-02	0.216826	3
ATF7	4	3.1017e-01	9.3319e-02	0.216826	1
SDC4	4	3.1021e-01	9.3319e-02	0.216826	2
ASIP	4	3.1030e-01	9.4018e-02	0.218027	3
VCL	4	3.1036e-01	9.4018e-02	0.218027	2
NFE2	4	3.1039e-01	9.4018e-02	0.218027	2
TRIM15	4	3.1054e-01	9.4018e-02	0.218027	2
CLEC4G	4	3.1065e-01	9.4018e-02	0.218027	3
TYMP	4	3.1065e-01	9.4018e-02	0.218027	3
LACTB	4	3.1065e-01	9.4018e-02	0.218027	3
ARHGEF3	4	3.1071e-01	9.4018e-02	0.218027	1
FXR2	4	3.1072e-01	9.4018e-02	0.218027	2
CYP24A1	4	3.1092e-01	9.4018e-02	0.218027	3
RAB11FIP4	4	3.1099e-01	9.4018e-02	0.218027	2
SP6	4	3.1101e-01	9.4018e-02	0.218027	3
NPY2R	4	3.1101e-01	9.4018e-02	0.218027	3
TM4SF5	4	3.1104e-01	9.4018e-02	0.218027	3
ZNFX1	4	3.1108e-01	9.4018e-02	0.218027	2
PDDC1	4	3.1111e-01	9.4018e-02	0.218027	2
CDH6	4	3.1126e-01	9.4714e-02	0.219375	2
TAS2R39	4	3.1130e-01	9.4714e-02	0.219375	2
DHX57	4	3.1131e-01	9.4714e-02	0.219375	2
SLC25A47	4	3.1134e-01	9.4715e-02	0.219375	2
NKAIN4	4	3.1146e-01	9.4715e-02	0.219375	3
CTAGE15	4	3.1146e-01	9.4715e-02	0.219375	3
SPRY1	4	3.1146e-01	9.4715e-02	0.219375	3
PRG4	4	3.1146e-01	9.4715e-02	0.219375	3
OR4F21	4	3.1146e-01	9.4715e-02	0.219375	3
RAB11A	4	3.1146e-01	9.4715e-02	0.219375	3
SOX9	4	3.1169e-01	9.5397e-02	0.220849	1
RHPN1	4	3.1169e-01	9.5397e-02	0.220849	2
NKIRAS1	4	3.1173e-01	9.5397e-02	0.220849	1
TCTN3	4	3.1175e-01	9.5397e-02	0.220849	3
IL17C	4	3.1180e-01	9.6094e-02	0.222301	2
TMEM150A	4	3.1182e-01	9.6094e-02	0.222301	3
ADAMTS14	4	3.1187e-01	9.6094e-02	0.222301	2
HOXC11	4	3.1193e-01	9.6094e-02	0.222301	2
ZBP1	4	3.1198e-01	9.6094e-02	0.222301	2
PGLYRP4	4	3.1204e-01	9.6094e-02	0.222301	2
MSI1	4	3.1208e-01	9.6805e-02	0.223868	2
PRPF40B	4	3.1210e-01	9.6805e-02	0.223868	2
UGT2A2	4	3.1210e-01	9.7058e-02	0.223868	3
HSP90AA1	4	3.1210e-01	9.7058e-02	0.223868	3
EFCAB13	4	3.1210e-01	9.7058e-02	0.223868	3
SMARCD3	4	3.1216e-01	9.7310e-02	0.223868	1
NUTM2G	4	3.1223e-01	9.7310e-02	0.223868	2
MLC1	4	3.1234e-01	9.7310e-02	0.223868	2
ABCD1	4	3.1239e-01	9.7310e-02	0.223868	2
ORC4	4	3.1241e-01	9.7310e-02	0.223868	2
OTC	4	3.1241e-01	9.7310e-02	0.223868	3
PABPN1L	4	3.1247e-01	9.7310e-02	0.223868	3
CDKL3	4	3.1251e-01	9.7310e-02	0.223868	1
GJC3	4	3.1268e-01	9.7310e-02	0.223868	2
ENOSF1	4	3.1279e-01	9.7310e-02	0.223868	1
SSBP3	4	3.1291e-01	9.7310e-02	0.223868	2
ARHGAP32	4	3.1294e-01	9.7310e-02	0.223868	1
EYS	4	3.1298e-01	9.7310e-02	0.223868	2
PRR32	4	3.1309e-01	9.7310e-02	0.223868	2
ZXDC	4	3.1310e-01	9.7310e-02	0.223868	2
IQCG	4	3.1314e-01	9.7310e-02	0.223868	1
ZSCAN32	4	3.1331e-01	9.7310e-02	0.223868	2
PEX16	4	3.1333e-01	9.7310e-02	0.223868	1
SCP2	4	3.1347e-01	9.7310e-02	0.223868	2
LRRC10B	4	3.1349e-01	9.7310e-02	0.223868	1
TCHHL1	4	3.1354e-01	9.7310e-02	0.223868	2
CELA1	4	3.1358e-01	9.7310e-02	0.223868	2
C22orf42	4	3.1360e-01	9.7310e-02	0.223868	2
ZAR1L	4	3.1366e-01	9.7310e-02	0.223868	2
RAX2	4	3.1374e-01	9.7311e-02	0.223868	2
PLXNB2	4	3.1376e-01	9.7311e-02	0.223868	2
APITD1-CORT	4	3.1384e-01	9.7311e-02	0.223868	1
NSMAF	4	3.1388e-01	9.7311e-02	0.223868	2
SPINK6	4	3.1394e-01	9.7311e-02	0.223868	2
NRBP2	4	3.1406e-01	9.7311e-02	0.223868	2
DIRAS2	4	3.1411e-01	9.7311e-02	0.223868	2
PAX8	4	3.1419e-01	9.7311e-02	0.223868	2
TP53TG3	4	3.1430e-01	9.7311e-02	0.223868	2
BSCL2	4	3.1442e-01	9.7311e-02	0.223868	2
LRIT3	4	3.1455e-01	9.7311e-02	0.223868	2
OR51V1	3	3.1463e-01	1.3036e-01	0.277058	2
SPI1	4	3.1466e-01	9.7311e-02	0.223868	1
STEAP1B	4	3.1476e-01	9.7311e-02	0.223868	2
SLC43A2	4	3.1489e-01	9.7311e-02	0.223868	2
CA5B	4	3.1501e-01	9.7311e-02	0.223868	2
ZNF654	4	3.1516e-01	9.7311e-02	0.223868	2
DUS3L	4	3.1522e-01	9.7311e-02	0.223868	2
CAMSAP2	4	3.1540e-01	9.8020e-02	0.225393	1
SPRED2	4	3.1555e-01	9.8020e-02	0.225393	1
FGF11	4	3.1572e-01	9.8021e-02	0.225393	2
CXCR6	4	3.1588e-01	9.8021e-02	0.225393	2
YDJC	4	3.1610e-01	9.8745e-02	0.225945	2
OR5T1	4	3.1611e-01	9.8745e-02	0.225945	2
ROCK1	4	3.1615e-01	9.8745e-02	0.225945	2
AASS	4	3.1618e-01	9.8745e-02	0.225945	2
ULK3	4	3.1643e-01	9.8745e-02	0.225945	1
C1QTNF5	4	3.1643e-01	9.8745e-02	0.225945	2
BRINP2	4	3.1665e-01	9.8745e-02	0.225945	2
QRICH2	4	3.1680e-01	9.8745e-02	0.225945	1
ETV3	4	3.1683e-01	9.8745e-02	0.225945	2
ASCL3	4	3.1690e-01	9.8745e-02	0.225945	2
PITPNM2	4	3.1701e-01	9.8745e-02	0.225945	2
KRBA1	4	3.1708e-01	9.8745e-02	0.225945	2
PROM1	4	3.1711e-01	9.8745e-02	0.225945	2
REV1	4	3.1717e-01	9.8745e-02	0.225945	2
CSF3R	4	3.1726e-01	9.8745e-02	0.225945	1
TLX1	4	3.1733e-01	9.8745e-02	0.225945	2
GABRG3	4	3.1736e-01	9.8745e-02	0.225945	2
TCEAL2	4	3.1737e-01	9.8745e-02	0.225945	2
TYW1	4	3.1739e-01	9.8745e-02	0.225945	2
ME1	4	3.1754e-01	9.8745e-02	0.225945	2
IFT27	4	3.1755e-01	9.8745e-02	0.225945	2
TRIM42	4	3.1760e-01	9.8745e-02	0.225945	2
GMNC	4	3.1761e-01	9.8745e-02	0.225945	1
LRRC56	4	3.1776e-01	9.8745e-02	0.225945	2
BBS9	4	3.1782e-01	9.8745e-02	0.225945	2
LRRC23	4	3.1785e-01	9.8745e-02	0.225945	2
FAM3D	4	3.1786e-01	9.8745e-02	0.225945	2
DGUOK	4	3.1789e-01	9.8745e-02	0.225945	2
ENDOV	4	3.1796e-01	9.8745e-02	0.225945	2
DIO2	4	3.1808e-01	9.8745e-02	0.225945	2
TERF2IP	4	3.1825e-01	9.8745e-02	0.225945	2
NDUFS7	4	3.1832e-01	9.8745e-02	0.225945	2
OSGIN2	4	3.1845e-01	9.8745e-02	0.225945	2
CCDC39	4	3.1848e-01	9.8745e-02	0.225945	2
C17orf82	4	3.1874e-01	9.8745e-02	0.225945	1
YTHDF3	4	3.1878e-01	9.8745e-02	0.225945	2
CDK10	4	3.1882e-01	9.8745e-02	0.225945	1
NUP210	4	3.1888e-01	9.8745e-02	0.225945	2
STOX1	4	3.1891e-01	9.8745e-02	0.225945	2
PRDM7	4	3.1895e-01	9.8745e-02	0.225945	2
TRIP13	4	3.1906e-01	9.8745e-02	0.225945	2
RNF11	4	3.1953e-01	9.9471e-02	0.226549	2
SP140L	4	3.1963e-01	9.9471e-02	0.226549	1
OR2AP1	4	3.1967e-01	9.9471e-02	0.226549	2
TMEM88	4	3.1979e-01	9.9471e-02	0.226549	2
FLYWCH2	4	3.1998e-01	9.9471e-02	0.226549	2
GPX7	4	3.2010e-01	9.9471e-02	0.226549	2
SLC15A1	4	3.2018e-01	9.9471e-02	0.226549	2
CLEC5A	4	3.2021e-01	9.9471e-02	0.226549	2
TAGLN3	4	3.2041e-01	9.9471e-02	0.226549	2
CHMP1A	4	3.2042e-01	9.9471e-02	0.226549	2
ANGPT1	4	3.2046e-01	9.9471e-02	0.226549	1
DCAF6	4	3.2046e-01	9.9471e-02	0.226549	2
MDH2	4	3.2051e-01	9.9471e-02	0.226549	2
GABRR1	4	3.2060e-01	9.9471e-02	0.226549	1
RNF186	4	3.2064e-01	9.9471e-02	0.226549	2
UQCRQ	4	3.2068e-01	9.9471e-02	0.226549	2
TMIGD1	4	3.2068e-01	9.9471e-02	0.226549	2
CHD5	4	3.2071e-01	9.9471e-02	0.226549	1
CTXN3	4	3.2103e-01	9.9471e-02	0.226549	2
KCNG3	4	3.2105e-01	9.9472e-02	0.226549	2
EDARADD	4	3.2120e-01	9.9472e-02	0.226549	2
ZFAND6	4	3.2141e-01	9.9472e-02	0.226549	2
EPAS1	4	3.2153e-01	9.9472e-02	0.226549	2
RAET1G	4	3.2157e-01	9.9472e-02	0.226549	2
ACSL6	4	3.2160e-01	9.9472e-02	0.226549	2
MPRIP	4	3.2164e-01	9.9472e-02	0.226549	2
SPINK13	4	3.2180e-01	9.9472e-02	0.226549	2
TFCP2L1	4	3.2182e-01	9.9472e-02	0.226549	2
ZNF688	4	3.2184e-01	9.9472e-02	0.226549	2
FAM162A	4	3.2188e-01	9.9472e-02	0.226549	1
DZIP1	4	3.2198e-01	9.9472e-02	0.226549	2
PAIP1	4	3.2203e-01	9.9472e-02	0.226549	1
NR5A1	4	3.2218e-01	9.9472e-02	0.226549	2
HMHA1	4	3.2222e-01	9.9472e-02	0.226549	2
ZNF385D	4	3.2267e-01	9.9472e-02	0.226549	2
CIPC	4	3.2276e-01	9.9472e-02	0.226549	1
ZNF333	4	3.2279e-01	9.9472e-02	0.226549	2
KRT17	4	3.2280e-01	9.9472e-02	0.226549	1
TP53TG5	4	3.2288e-01	9.9472e-02	0.226549	2
KCNRG	4	3.2300e-01	1.0015e-01	0.227854	1
CD177	4	3.2313e-01	1.0015e-01	0.227854	2
HSF2	4	3.2336e-01	1.0015e-01	0.227854	2
DACH1	4	3.2342e-01	1.0015e-01	0.227854	1
SPR	4	3.2354e-01	1.0015e-01	0.227854	1
ASUN	4	3.2372e-01	1.0015e-01	0.227854	2
SPDEF	4	3.2381e-01	1.0015e-01	0.227854	2
RAD23A	4	3.2386e-01	1.0015e-01	0.227854	2
EID1	4	3.2394e-01	1.0015e-01	0.227854	2
TMEM131	4	3.2408e-01	1.0279e-01	0.233070	2
FRZB	4	3.2411e-01	1.0279e-01	0.233070	2
TMEM30B	4	3.2415e-01	1.0279e-01	0.233070	2
FZR1	4	3.2429e-01	1.0279e-01	0.233070	2
ASL	4	3.2438e-01	1.0279e-01	0.233070	2
SPOCK1	4	3.2442e-01	1.0279e-01	0.233070	2
ICAM5	4	3.2447e-01	1.0279e-01	0.233070	2
COL15A1	4	3.2467e-01	1.0279e-01	0.233070	2
KCNA2	4	3.2477e-01	1.0279e-01	0.233070	1
COL14A1	4	3.2481e-01	1.0279e-01	0.233070	2
MND1	4	3.2490e-01	1.0279e-01	0.233070	2
ARFIP1	4	3.2492e-01	1.0279e-01	0.233070	2
DPF1	4	3.2506e-01	1.0279e-01	0.233070	2
MYO3A	4	3.2519e-01	1.0279e-01	0.233070	2
SIRT7	4	3.2524e-01	1.0279e-01	0.233070	2
CT45A9	4	3.2534e-01	1.0279e-01	0.233070	2
GLS	4	3.2540e-01	1.0279e-01	0.233070	2
EDNRB	4	3.2546e-01	1.0279e-01	0.233070	1
CWH43	4	3.2555e-01	1.0279e-01	0.233070	2
PNPLA1	4	3.2558e-01	1.0279e-01	0.233070	1
CEACAM1	4	3.2573e-01	1.0279e-01	0.233070	2
VPS26A	4	3.2580e-01	1.0279e-01	0.233070	2
SYNGR2	4	3.2589e-01	1.0279e-01	0.233070	2
EIF1	4	3.2595e-01	1.0279e-01	0.233070	2
VWA2	4	3.2596e-01	1.0279e-01	0.233070	2
CD53	4	3.2600e-01	1.0279e-01	0.233070	1
CLDN22	4	3.2616e-01	1.0350e-01	0.234196	2
TESK1	4	3.2639e-01	1.0350e-01	0.234196	2
SLC29A1	4	3.2639e-01	1.0350e-01	0.234196	2
IGFBP5	4	3.2646e-01	1.0350e-01	0.234196	2
COL2A1	4	3.2669e-01	1.0350e-01	0.234196	2
OARD1	4	3.2673e-01	1.0350e-01	0.234196	1
RFPL2	4	3.2675e-01	1.0350e-01	0.234196	2
LUZP4	4	3.2680e-01	1.0350e-01	0.234196	2
PPP1R14B	4	3.2681e-01	1.0350e-01	0.234196	2
FAM124B	4	3.2684e-01	1.0350e-01	0.234196	2
COL23A1	4	3.2685e-01	1.0350e-01	0.234196	2
PHRF1	4	3.2689e-01	1.0350e-01	0.234196	2
SLC18A2	4	3.2712e-01	1.0350e-01	0.234196	2
AGPAT3	4	3.2735e-01	1.0350e-01	0.234196	1
C6orf52	4	3.2746e-01	1.0350e-01	0.234196	2
LTK	4	3.2748e-01	1.0350e-01	0.234196	2
CMTM8	4	3.2750e-01	1.0350e-01	0.234196	1
ATXN7L3	4	3.2758e-01	1.0350e-01	0.234196	2
HSD3B2	4	3.2775e-01	1.0425e-01	0.235244	2
LAMA5	4	3.2788e-01	1.0425e-01	0.235244	2
LRRFIP2	4	3.2807e-01	1.0425e-01	0.235244	2
CHRNA5	4	3.2820e-01	1.0425e-01	0.235244	2
DCTPP1	4	3.2825e-01	1.0425e-01	0.235244	2
TMEM161B	4	3.2827e-01	1.0425e-01	0.235244	1
FAM175A	4	3.2827e-01	1.0425e-01	0.235244	2
ZNF443	4	3.2836e-01	1.0425e-01	0.235244	2
PSMB9	4	3.2858e-01	1.0425e-01	0.235244	2
RGS8	4	3.2861e-01	1.0425e-01	0.235244	2
LRP12	4	3.2868e-01	1.0425e-01	0.235244	2
ABCF2	4	3.2870e-01	1.0425e-01	0.235244	2
ZNF84	4	3.2902e-01	1.0425e-01	0.235244	2
SLC37A2	4	3.2904e-01	1.0425e-01	0.235244	2
DOCK1	4	3.2916e-01	1.0425e-01	0.235244	2
MORN3	4	3.2923e-01	1.0425e-01	0.235244	1
ANKRD30B	4	3.2924e-01	1.0425e-01	0.235244	2
TMC1	4	3.2938e-01	1.0425e-01	0.235244	1
HIPK4	4	3.2942e-01	1.0425e-01	0.235244	1
ALDH2	4	3.2946e-01	1.0425e-01	0.235244	2
C20orf196	4	3.2950e-01	1.0425e-01	0.235244	2
GSTO1	4	3.2952e-01	1.0425e-01	0.235244	2
STARD9	4	3.2954e-01	1.0425e-01	0.235244	2
STOX2	4	3.2984e-01	1.0499e-01	0.236530	2
ACACA	4	3.3004e-01	1.0499e-01	0.236530	2
USP33	4	3.3015e-01	1.0499e-01	0.236530	1
NDUFS3	4	3.3022e-01	1.0499e-01	0.236530	2
CWC27	4	3.3024e-01	1.0499e-01	0.236530	2
CLEC10A	4	3.3038e-01	1.0499e-01	0.236530	1
BHLHE41	4	3.3042e-01	1.0499e-01	0.236530	2
CASP3	4	3.3047e-01	1.0499e-01	0.236530	2
TWF1	4	3.3053e-01	1.0499e-01	0.236530	1
NDST3	4	3.3057e-01	1.0499e-01	0.236530	2
FRMD5	4	3.3080e-01	1.0499e-01	0.236530	2
C1orf226	4	3.3087e-01	1.0499e-01	0.236530	1
OPCML	4	3.3096e-01	1.0499e-01	0.236530	2
MAGI3	4	3.3099e-01	1.0499e-01	0.236530	2
RAB27B	4	3.3106e-01	1.0573e-01	0.237064	2
FOXI3	4	3.3107e-01	1.0573e-01	0.237064	2
SLC16A1	4	3.3108e-01	1.0573e-01	0.237064	2
RCC2	4	3.3122e-01	1.0573e-01	0.237064	1
SLC17A8	4	3.3130e-01	1.0573e-01	0.237064	2
C1orf198	4	3.3145e-01	1.0573e-01	0.237064	1
PNPLA6	4	3.3160e-01	1.0573e-01	0.237064	1
MS4A3	4	3.3162e-01	1.0573e-01	0.237064	2
CRYBA4	4	3.3172e-01	1.0573e-01	0.237064	2
DMRT1	4	3.3174e-01	1.0573e-01	0.237064	2
UROS	4	3.3181e-01	1.0573e-01	0.237064	2
NRIP2	4	3.3183e-01	1.0573e-01	0.237064	2
CDK2AP1	4	3.3186e-01	1.0573e-01	0.237064	2
PITX3	4	3.3195e-01	1.0573e-01	0.237064	1
OR6B2	4	3.3211e-01	1.0573e-01	0.237064	2
DNALI1	4	3.3214e-01	1.0573e-01	0.237064	1
ZSWIM7	4	3.3217e-01	1.0573e-01	0.237064	2
FRMPD1	4	3.3220e-01	1.0573e-01	0.237064	2
LOC100130451	4	3.3222e-01	1.0573e-01	0.237064	2
SMAGP	4	3.3225e-01	1.0573e-01	0.237064	2
UGT1A10	4	3.3237e-01	1.0573e-01	0.237064	2
PYGM	4	3.3247e-01	1.0644e-01	0.237064	2
SIGLEC8	4	3.3263e-01	1.0644e-01	0.237064	2
SAMD9	4	3.3265e-01	1.0644e-01	0.237064	2
CSN2	4	3.3286e-01	1.0644e-01	0.237064	2
ZNF497	4	3.3294e-01	1.0644e-01	0.237064	1
PRRG4	4	3.3297e-01	1.0644e-01	0.237064	2
KIF5B	4	3.3304e-01	1.0644e-01	0.237064	2
HIST1H3A	4	3.3321e-01	1.0644e-01	0.237064	1
PRAF2	4	3.3333e-01	1.0644e-01	0.237064	2
OSBPL7	4	3.3336e-01	1.0644e-01	0.237064	2
SERP1	4	3.3340e-01	1.0644e-01	0.237064	1
CHI3L2	4	3.3370e-01	1.0644e-01	0.237064	1
PRKCG	4	3.3376e-01	1.0644e-01	0.237064	2
ACADSB	4	3.3385e-01	1.0644e-01	0.237064	2
MAN2C1	4	3.3390e-01	1.0644e-01	0.237064	2
ZNF319	4	3.3399e-01	1.0644e-01	0.237064	2
MTDH	4	3.3408e-01	1.0644e-01	0.237064	1
CERS1	4	3.3412e-01	1.0644e-01	0.237064	1
FAM150A	4	3.3424e-01	1.0644e-01	0.237064	1
ZNF75D	4	3.3426e-01	1.0644e-01	0.237064	2
CRYGS	4	3.3427e-01	1.0644e-01	0.237064	2
BGN	4	3.3433e-01	1.0644e-01	0.237064	2
BCL7A	4	3.3469e-01	1.0644e-01	0.237064	1
TMPRSS9	4	3.3485e-01	1.0644e-01	0.237064	1
RSC1A1	4	3.3494e-01	1.0644e-01	0.237064	2
PGBD5	4	3.3496e-01	1.0644e-01	0.237064	2
RNF170	4	3.3503e-01	1.0644e-01	0.237064	2
SIGLEC5	4	3.3515e-01	1.0644e-01	0.237064	2
PLEKHN1	4	3.3535e-01	1.0644e-01	0.237064	2
LAMC2	4	3.3538e-01	1.0644e-01	0.237064	2
PMEL	4	3.3542e-01	1.0644e-01	0.237064	2
TCEB3C	4	3.3547e-01	1.0644e-01	0.237064	2
C10orf91	4	3.3551e-01	1.0644e-01	0.237064	2
ZMYM4	4	3.3558e-01	1.0644e-01	0.237064	2
GFRA2	4	3.3558e-01	1.0644e-01	0.237064	2
PRICKLE2	4	3.3563e-01	1.0644e-01	0.237064	2
CT47B1	4	3.3597e-01	1.0644e-01	0.237064	2
TMEM160	4	3.3614e-01	1.0644e-01	0.237064	1
ZSWIM2	4	3.3619e-01	1.0644e-01	0.237064	2
METTL23	4	3.3625e-01	1.0644e-01	0.237064	2
CRYAB	4	3.3633e-01	1.0644e-01	0.237064	1
CWC15	4	3.3640e-01	1.0644e-01	0.237064	2
GJD3	4	3.3644e-01	1.0644e-01	0.237064	1
ALDH5A1	4	3.3648e-01	1.0644e-01	0.237064	2
MUC20	4	3.3649e-01	1.0644e-01	0.237064	2
POLN	4	3.3651e-01	1.0644e-01	0.237064	2
GCAT	4	3.3653e-01	1.0644e-01	0.237064	2
AMY1C	4	3.3669e-01	1.0644e-01	0.237064	2
AHI1	4	3.3682e-01	1.0644e-01	0.237064	2
SLC25A51	4	3.3686e-01	1.0644e-01	0.237064	1
ZNF585A	4	3.3726e-01	1.0644e-01	0.237064	2
DGKI	4	3.3733e-01	1.0644e-01	0.237064	2
MRAP2	4	3.3735e-01	1.0644e-01	0.237064	2
PPHLN1	4	3.3740e-01	1.0644e-01	0.237064	2
MTHFD2L	4	3.3744e-01	1.0644e-01	0.237064	2
TLDC2	4	3.3747e-01	1.0644e-01	0.237064	2
ZNF248	4	3.3753e-01	1.0644e-01	0.237064	2
SCAP	4	3.3755e-01	1.0644e-01	0.237064	2
SLC25A20	4	3.3762e-01	1.0644e-01	0.237064	1
CCDC113	4	3.3774e-01	1.0644e-01	0.237064	2
KIAA1210	4	3.3777e-01	1.0644e-01	0.237064	2
OOSP2	4	3.3781e-01	1.0644e-01	0.237064	2
CCDC34	4	3.3789e-01	1.0644e-01	0.237064	2
ZNF253	4	3.3802e-01	1.0644e-01	0.237064	2
SLX1A	4	3.3806e-01	1.0644e-01	0.237064	2
FAF2	4	3.3815e-01	1.0644e-01	0.237064	1
PKP4	4	3.3842e-01	1.0644e-01	0.237064	2
CDR1	4	3.3844e-01	1.0644e-01	0.237064	2
OR7G1	4	3.3849e-01	1.0644e-01	0.237064	2
LIX1L	4	3.3851e-01	1.0644e-01	0.237064	2
OR8K3	4	3.3856e-01	1.0644e-01	0.237064	2
SLC25A48	4	3.3857e-01	1.0644e-01	0.237064	1
GRTP1	4	3.3863e-01	1.0644e-01	0.237064	2
OPN3	4	3.3869e-01	1.0644e-01	0.237064	2
C5orf67	4	3.3876e-01	1.0644e-01	0.237064	1
LOC102724957	4	3.3883e-01	1.0644e-01	0.237064	2
USP17L3	4	3.3906e-01	1.0644e-01	0.237064	2
ERI1	4	3.3919e-01	1.0721e-01	0.238469	2
BHLHE40	4	3.3929e-01	1.0721e-01	0.238469	1
BAG5	4	3.3942e-01	1.0721e-01	0.238469	2
AMH	4	3.3951e-01	1.0721e-01	0.238469	2
LIPT1	4	3.3952e-01	1.0721e-01	0.238469	1
NT5C	4	3.3956e-01	1.0721e-01	0.238469	2
RAD18	4	3.3958e-01	1.0721e-01	0.238469	2
OR51D1	4	3.3972e-01	1.0721e-01	0.238469	2
FAM118A	4	3.3973e-01	1.0721e-01	0.238469	1
ACVR1	4	3.3981e-01	1.0721e-01	0.238469	2
RRH	4	3.3982e-01	1.0721e-01	0.238469	1
TPCN2	4	3.4008e-01	1.0800e-01	0.239611	2
AQP6	4	3.4024e-01	1.0800e-01	0.239611	2
SLC2A3	4	3.4033e-01	1.0800e-01	0.239611	2
FHDC1	4	3.4035e-01	1.0800e-01	0.239611	1
SIGLEC7	4	3.4042e-01	1.0800e-01	0.239611	2
LYRM1	4	3.4047e-01	1.0800e-01	0.239611	2
OR1Q1	4	3.4050e-01	1.0800e-01	0.239611	1
CABP2	4	3.4054e-01	1.0800e-01	0.239611	2
FDFT1	4	3.4056e-01	1.0800e-01	0.239611	2
LOC101928093	4	3.4062e-01	1.0800e-01	0.239611	1
OAS2	4	3.4065e-01	1.0800e-01	0.239611	2
ITFG3	4	3.4107e-01	1.0800e-01	0.239611	2
ZNF462	4	3.4118e-01	1.0800e-01	0.239611	1
RAET1L	4	3.4124e-01	1.0800e-01	0.239611	2
TRIM6	4	3.4127e-01	1.0800e-01	0.239611	2
CCDC78	4	3.4145e-01	1.0800e-01	0.239611	2
ACMSD	4	3.4145e-01	1.0800e-01	0.239611	2
PHF20	4	3.4147e-01	1.0800e-01	0.239611	2
ZNF341	4	3.4153e-01	1.0800e-01	0.239611	2
ZNF707	4	3.4158e-01	1.0800e-01	0.239611	2
C12orf54	4	3.4170e-01	1.0800e-01	0.239611	2
AKR1C1	4	3.4175e-01	1.0800e-01	0.239611	2
CR2	4	3.4190e-01	1.0880e-01	0.240858	1
STAU2	4	3.4197e-01	1.0880e-01	0.240858	2
PAGE2B	4	3.4198e-01	1.0880e-01	0.240858	1
DHRS9	4	3.4202e-01	1.0880e-01	0.240858	1
KLC1	4	3.4211e-01	1.0880e-01	0.240858	2
HEY1	4	3.4213e-01	1.0880e-01	0.240858	1
CTPS1	4	3.4218e-01	1.0880e-01	0.240858	2
FIG4	4	3.4220e-01	1.0880e-01	0.240858	2
CXCR4	4	3.4224e-01	1.0880e-01	0.240858	1
MX2	4	3.4227e-01	1.0880e-01	0.240858	2
FMR1	4	3.4228e-01	1.0880e-01	0.240858	1
UPK1B	4	3.4236e-01	1.0880e-01	0.240858	2
RALY	4	3.4247e-01	1.0880e-01	0.240858	2
SLC35E2	4	3.4249e-01	1.0880e-01	0.240858	2
DDN	4	3.4254e-01	1.0880e-01	0.240858	2
NR2C2	4	3.4258e-01	1.0880e-01	0.240858	1
CNST	4	3.4270e-01	1.0880e-01	0.240858	1
TMED6	4	3.4277e-01	1.0880e-01	0.240858	2
RNF148	4	3.4285e-01	1.0880e-01	0.240858	1
PGC	4	3.4300e-01	1.0958e-01	0.242414	2
ZNF717	4	3.4302e-01	1.0958e-01	0.242414	2
PPP1R9B	4	3.4315e-01	1.0958e-01	0.242414	1
KCNMA1	3	3.4323e-01	1.5620e-01	0.313958	1
GRIA4	4	3.4326e-01	1.0958e-01	0.242414	1
SHPK	4	3.4327e-01	1.0958e-01	0.242414	2
PDF	4	3.4336e-01	1.0958e-01	0.242414	2
C17orf67	4	3.4338e-01	1.1204e-01	0.247387	2
ULK1	4	3.4349e-01	1.1204e-01	0.247387	2
FUT6	4	3.4349e-01	1.1204e-01	0.247387	2
PPM1B	4	3.4356e-01	1.1204e-01	0.247387	2
COA4	4	3.4360e-01	1.1204e-01	0.247387	2
TBR1	4	3.4364e-01	1.1204e-01	0.247387	1
SLC38A5	4	3.4370e-01	1.1204e-01	0.247387	2
NRM	4	3.4405e-01	1.1204e-01	0.247387	2
ZFP64	4	3.4421e-01	1.1204e-01	0.247387	2
GXYLT1	4	3.4441e-01	1.1204e-01	0.247387	2
OR10H4	4	3.4443e-01	1.1204e-01	0.247387	2
ZNF658	4	3.4447e-01	1.1204e-01	0.247387	2
TMEM70	4	3.4450e-01	1.1204e-01	0.247387	2
GRIA3	4	3.4459e-01	1.1204e-01	0.247387	2
INMT	4	3.4464e-01	1.1204e-01	0.247387	2
MT1E	4	3.4475e-01	1.1204e-01	0.247387	2
TLL2	4	3.4485e-01	1.1281e-01	0.249044	1
TNNC1	4	3.4503e-01	1.1281e-01	0.249044	2
EGFL7	4	3.4523e-01	1.1609e-01	0.255952	2
PTPN22	4	3.4528e-01	1.1609e-01	0.255952	2
CDHR5	4	3.4532e-01	1.1609e-01	0.255952	2
DBH	4	3.4560e-01	1.1609e-01	0.255952	1
KIAA0922	4	3.4567e-01	1.1609e-01	0.255952	1
TINAGL1	4	3.4568e-01	1.1609e-01	0.255952	2
SLC1A2	4	3.4571e-01	1.1609e-01	0.255952	2
ZNF93	4	3.4578e-01	1.1609e-01	0.255952	2
ZBED6	4	3.4587e-01	1.1609e-01	0.255952	2
SIT1	4	3.4594e-01	1.1609e-01	0.255952	2
PNMA1	4	3.4604e-01	1.1609e-01	0.255952	2
GPSM3	4	3.4616e-01	1.1683e-01	0.256751	2
EZH1	4	3.4639e-01	1.1683e-01	0.256751	2
FAM45A	4	3.4641e-01	1.1683e-01	0.256751	2
DIRC1	4	3.4644e-01	1.1683e-01	0.256751	2
PLXDC1	4	3.4648e-01	1.1683e-01	0.256751	1
OR4X1	4	3.4665e-01	1.1683e-01	0.256751	2
KIAA1211	4	3.4666e-01	1.1683e-01	0.256751	2
ERMARD	4	3.4687e-01	1.1683e-01	0.256751	2
ART4	4	3.4699e-01	1.1683e-01	0.256751	1
LRRC2	4	3.4705e-01	1.1683e-01	0.256751	2
UGT3A1	4	3.4710e-01	1.1683e-01	0.256751	2
LHCGR	4	3.4714e-01	1.1683e-01	0.256751	2
CNN3	4	3.4729e-01	1.1683e-01	0.256751	1
CAPN8	4	3.4730e-01	1.1683e-01	0.256751	2
ZNF835	4	3.4733e-01	1.1683e-01	0.256751	2
ANKRD36B	4	3.4744e-01	1.1683e-01	0.256751	1
OR5B21	4	3.4755e-01	1.1683e-01	0.256751	2
SPANXN4	4	3.4757e-01	1.1683e-01	0.256751	1
FAAH	3	3.4760e-01	1.5890e-01	0.318059	2
ARMC4	4	3.4769e-01	1.1683e-01	0.256751	2
EFNA5	4	3.4775e-01	1.1683e-01	0.256751	2
MED19	4	3.4778e-01	1.1683e-01	0.256751	1
HIST1H2BD	4	3.4785e-01	1.1683e-01	0.256751	2
C10orf131	4	3.4785e-01	1.1683e-01	0.256751	2
MBD3L1	4	3.4789e-01	1.1683e-01	0.256751	1
TMEM123	4	3.4796e-01	1.1683e-01	0.256751	2
SYNPO2	4	3.4800e-01	1.1683e-01	0.256751	2
EPS15L1	4	3.4803e-01	1.1683e-01	0.256751	2
CSRP2	4	3.4806e-01	1.1683e-01	0.256751	2
PRSS8	4	3.4819e-01	1.1938e-01	0.262295	1
GLMN	4	3.4830e-01	1.1938e-01	0.262295	1
LARGE	4	3.4838e-01	1.2190e-01	0.266913	2
CAPN12	4	3.4840e-01	1.2190e-01	0.266913	2
HSPA4L	4	3.4842e-01	1.2190e-01	0.266913	2
PRAMEF15	4	3.4849e-01	1.2190e-01	0.266913	2
HOXA5	4	3.4858e-01	1.2190e-01	0.266913	2
SGK2	4	3.4867e-01	1.2190e-01	0.266913	2
ROPN1B	4	3.4874e-01	1.2190e-01	0.266913	1
SFT2D1	4	3.4874e-01	1.2190e-01	0.266913	2
LIPJ	4	3.4876e-01	1.2190e-01	0.266913	2
AP2A2	4	3.4885e-01	1.2190e-01	0.266913	2
TPRA1	4	3.4887e-01	1.2190e-01	0.266913	2
DDB2	4	3.4901e-01	1.2190e-01	0.266913	2
C19orf66	4	3.4920e-01	1.2190e-01	0.266913	2
TTC30B	4	3.4920e-01	1.2190e-01	0.266913	2
RAB40A	4	3.4926e-01	1.2190e-01	0.266913	2
OR6A2	4	3.4943e-01	1.2190e-01	0.266913	1
CGGBP1	4	3.4947e-01	1.2190e-01	0.266913	1
ITGB8	4	3.4954e-01	1.2190e-01	0.266913	2
KRAS	4	3.4972e-01	1.2190e-01	0.266913	2
DYNLT3	4	3.4973e-01	1.2190e-01	0.266913	1
TSHZ1	4	3.4988e-01	1.2190e-01	0.266913	1
COL8A1	4	3.5009e-01	1.2190e-01	0.266913	2
CFAP221	4	3.5014e-01	1.2190e-01	0.266913	1
TNFAIP8	4	3.5040e-01	1.2190e-01	0.266913	1
GSTA4	4	3.5041e-01	1.2190e-01	0.266913	2
ICAM2	4	3.5048e-01	1.2190e-01	0.266913	2
ANGEL2	4	3.5050e-01	1.2190e-01	0.266913	2
PPP1R3A	4	3.5053e-01	1.2190e-01	0.266913	2
PRDM2	4	3.5057e-01	1.2190e-01	0.266913	2
AKNA	4	3.5068e-01	1.2190e-01	0.266913	2
ECEL1	4	3.5082e-01	1.2271e-01	0.268539	2
ADAMTS2	4	3.5085e-01	1.2271e-01	0.268539	2
PNLIPRP1	4	3.5086e-01	1.2271e-01	0.268539	2
BLOC1S6	4	3.5093e-01	1.2271e-01	0.268539	1
NRBF2	4	3.5098e-01	1.2271e-01	0.268539	2
TOMM5	4	3.5104e-01	1.2349e-01	0.269047	1
FAM160A2	4	3.5119e-01	1.2349e-01	0.269047	2
MED14OS	4	3.5134e-01	1.2349e-01	0.269047	2
OPN1MW2	4	3.5143e-01	1.2349e-01	0.269047	2
CAST	4	3.5160e-01	1.2349e-01	0.269047	1
LCN8	4	3.5168e-01	1.2349e-01	0.269047	2
STK39	4	3.5173e-01	1.2349e-01	0.269047	2
ZNF891	4	3.5175e-01	1.2349e-01	0.269047	1
LAMB3	4	3.5175e-01	1.2349e-01	0.269047	2
RELA	4	3.5178e-01	1.2349e-01	0.269047	2
SMPD4	4	3.5182e-01	1.2349e-01	0.269047	2
PLIN1	4	3.5184e-01	1.2349e-01	0.269047	2
ACTL7A	4	3.5190e-01	1.2349e-01	0.269047	1
NICN1	4	3.5195e-01	1.2349e-01	0.269047	2
PDE5A	4	3.5205e-01	1.2349e-01	0.269047	2
RESP18	4	3.5207e-01	1.2349e-01	0.269047	2
GAS6	4	3.5214e-01	1.2349e-01	0.269047	1
UVSSA	4	3.5220e-01	1.2349e-01	0.269047	1
HSPB8	4	3.5242e-01	1.2349e-01	0.269047	1
SYCE1L	4	3.5251e-01	1.2349e-01	0.269047	2
LPIN1	4	3.5262e-01	1.2349e-01	0.269047	2
TEDDM1	4	3.5276e-01	1.2349e-01	0.269047	2
SPAG5	4	3.5298e-01	1.2349e-01	0.269047	2
DNAJB9	4	3.5299e-01	1.2349e-01	0.269047	2
CPEB1	4	3.5313e-01	1.2349e-01	0.269047	2
APOA1	4	3.5319e-01	1.2349e-01	0.269047	2
TDRD1	4	3.5339e-01	1.2349e-01	0.269047	1
OLFML3	4	3.5344e-01	1.2349e-01	0.269047	2
TGIF1	4	3.5347e-01	1.2349e-01	0.269047	2
KCNJ12	4	3.5350e-01	1.2349e-01	0.269047	2
HAPLN2	4	3.5351e-01	1.2349e-01	0.269047	2
SCPEP1	4	3.5363e-01	1.2349e-01	0.269047	2
RGAG4	4	3.5367e-01	1.2349e-01	0.269047	2
PRAC1	4	3.5374e-01	1.2349e-01	0.269047	2
HMGN4	4	3.5381e-01	1.2349e-01	0.269047	2
C11orf96	4	3.5397e-01	1.2349e-01	0.269047	2
OR5M10	4	3.5406e-01	1.2349e-01	0.269047	2
EHHADH	4	3.5413e-01	1.2349e-01	0.269047	2
DNAAF1	4	3.5415e-01	1.2349e-01	0.269047	2
CHID1	4	3.5432e-01	1.2428e-01	0.270389	1
AXIN2	4	3.5433e-01	1.2428e-01	0.270389	2
SNCB	4	3.5436e-01	1.2428e-01	0.270389	2
TAOK3	4	3.5447e-01	1.2428e-01	0.270389	2
TSC22D3	4	3.5451e-01	1.2428e-01	0.270389	2
MED15	4	3.5463e-01	1.2428e-01	0.270389	2
KCNS3	4	3.5466e-01	1.2428e-01	0.270389	1
NAGK	4	3.5485e-01	1.2428e-01	0.270389	2
TRIM64	4	3.5485e-01	1.2428e-01	0.270389	2
SLC14A2	4	3.5493e-01	1.2428e-01	0.270389	2
C8orf88	4	3.5497e-01	1.2428e-01	0.270389	2
TCF25	4	3.5503e-01	1.2428e-01	0.270389	1
FAM46B	4	3.5506e-01	1.2510e-01	0.272151	2
GABPB2	4	3.5518e-01	1.2592e-01	0.273650	2
AQP9	4	3.5520e-01	1.2592e-01	0.273650	2
ZFYVE27	4	3.5537e-01	1.2592e-01	0.273650	2
WIBG	4	3.5538e-01	1.2592e-01	0.273650	2
NT5C1A	4	3.5544e-01	1.2592e-01	0.273650	2
USP50	4	3.5548e-01	1.2592e-01	0.273650	2
UTS2	4	3.5549e-01	1.2592e-01	0.273650	2
NLK	4	3.5559e-01	1.2592e-01	0.273650	2
DCLRE1C	4	3.5561e-01	1.2592e-01	0.273650	2
C19orf35	4	3.5581e-01	1.2672e-01	0.274063	2
RANBP9	4	3.5581e-01	1.2672e-01	0.274063	2
FAIM	4	3.5596e-01	1.2672e-01	0.274063	1
DGCR6L	4	3.5607e-01	1.2672e-01	0.274063	1
MUC5B	4	3.5611e-01	1.2672e-01	0.274063	1
CD80	4	3.5612e-01	1.2672e-01	0.274063	2
CLEC19A	4	3.5616e-01	1.2672e-01	0.274063	2
FAM179B	4	3.5622e-01	1.2672e-01	0.274063	1
SLAMF9	4	3.5626e-01	1.2672e-01	0.274063	1
TBC1D29	4	3.5638e-01	1.2672e-01	0.274063	2
MANSC1	4	3.5638e-01	1.2672e-01	0.274063	2
RNF10	4	3.5638e-01	1.2672e-01	0.274063	2
CDH19	4	3.5638e-01	1.2672e-01	0.274063	2
ZNF343	4	3.5638e-01	1.2672e-01	0.274063	2
ZNF735	4	3.5656e-01	1.2672e-01	0.274063	1
SPEF1	4	3.5664e-01	1.2672e-01	0.274063	2
BID	4	3.5666e-01	1.2672e-01	0.274063	2
ERICH2	4	3.5667e-01	1.2672e-01	0.274063	2
NIT1	4	3.5680e-01	1.2672e-01	0.274063	2
DDHD1	4	3.5682e-01	1.2672e-01	0.274063	2
TRMT1L	4	3.5687e-01	1.2672e-01	0.274063	2
PRAP1	4	3.5687e-01	1.2672e-01	0.274063	1
LGALS4	4	3.5693e-01	1.2672e-01	0.274063	1
TYMS	4	3.5696e-01	1.2672e-01	0.274063	1
OR52I1	4	3.5701e-01	1.2672e-01	0.274063	2
SYNE3	4	3.5712e-01	1.2672e-01	0.274063	2
WNT8A	4	3.5714e-01	1.2672e-01	0.274063	2
TGFB2	4	3.5715e-01	1.2672e-01	0.274063	1
ZNF350	4	3.5722e-01	1.2672e-01	0.274063	1
SEPN1	4	3.5724e-01	1.2672e-01	0.274063	2
B3GNT8	4	3.5726e-01	1.2672e-01	0.274063	2
PHACTR2	4	3.5726e-01	1.2672e-01	0.274063	2
C1orf112	4	3.5728e-01	1.2672e-01	0.274063	2
NOD2	4	3.5749e-01	1.2672e-01	0.274063	2
SOX12	4	3.5752e-01	1.2672e-01	0.274063	1
UBE2E2	4	3.5759e-01	1.2672e-01	0.274063	2
LYNX1	4	3.5765e-01	1.2672e-01	0.274063	2
NEFH	4	3.5767e-01	1.2672e-01	0.274063	2
RIBC2	4	3.5771e-01	1.2672e-01	0.274063	1
SPAG11B	4	3.5781e-01	1.2753e-01	0.274063	2
KCNK2	4	3.5788e-01	1.2753e-01	0.274063	2
CYP2W1	4	3.5790e-01	1.2753e-01	0.274063	2
COL22A1	4	3.5793e-01	1.2753e-01	0.274063	1
ANKRD54	4	3.5797e-01	1.2753e-01	0.274063	2
RND1	4	3.5830e-01	1.2753e-01	0.274063	1
BAG1	4	3.5847e-01	1.2753e-01	0.274063	2
CNGA2	4	3.5850e-01	1.2753e-01	0.274063	1
CATSPERG	4	3.5852e-01	1.2753e-01	0.274063	2
FUS	4	3.5856e-01	1.2753e-01	0.274063	1
ZNF107	4	3.5856e-01	1.2753e-01	0.274063	2
HPGDS	4	3.5860e-01	1.2753e-01	0.274063	2
C6orf58	4	3.5863e-01	1.2753e-01	0.274063	2
C4orf29	4	3.5871e-01	1.2753e-01	0.274063	1
PNPLA4	4	3.5874e-01	1.2753e-01	0.274063	2
ZNF91	4	3.5878e-01	1.2753e-01	0.274063	1
GCG	4	3.5889e-01	1.2753e-01	0.274063	1
WNT2	4	3.5897e-01	1.2753e-01	0.274063	2
CCER1	4	3.5907e-01	1.2753e-01	0.274063	2
CAMK2D	4	3.5912e-01	1.2753e-01	0.274063	1
CT45A2	2	3.5919e-01	1.3280e-01	0.281335	1
FNIP1	4	3.5923e-01	1.2753e-01	0.274063	1
C17orf96	4	3.5926e-01	1.2753e-01	0.274063	2
C15orf53	4	3.5932e-01	1.2753e-01	0.274063	2
P3H4	4	3.5936e-01	1.2753e-01	0.274063	2
EYA2	4	3.5938e-01	1.2753e-01	0.274063	2
SLC25A36	4	3.5949e-01	1.2753e-01	0.274063	1
FAM25C	4	3.5971e-01	1.2753e-01	0.274063	1
BRAP	4	3.5980e-01	1.2753e-01	0.274063	2
ADAM11	4	3.5993e-01	1.2753e-01	0.274063	2
ANKIB1	4	3.5996e-01	1.2753e-01	0.274063	2
TTYH2	4	3.6000e-01	1.2753e-01	0.274063	2
UGT1A4	4	3.6003e-01	1.2753e-01	0.274063	2
ORM1	4	3.6007e-01	1.2753e-01	0.274063	2
G2E3	4	3.6015e-01	1.2753e-01	0.274063	2
SUMF1	4	3.6019e-01	1.2753e-01	0.274063	1
IGF1R	4	3.6021e-01	1.2753e-01	0.274063	2
ABI1	4	3.6026e-01	1.2753e-01	0.274063	1
LRRC27	4	3.6030e-01	1.2753e-01	0.274063	1
MARCKSL1	4	3.6037e-01	1.2753e-01	0.274063	1
IMMP1L	4	3.6044e-01	1.2753e-01	0.274063	2
OR2L2	4	3.6045e-01	1.2753e-01	0.274063	2
GGN	4	3.6049e-01	1.2753e-01	0.274063	1
TMEM145	4	3.6052e-01	1.2753e-01	0.274063	1
PLA2G2C	4	3.6060e-01	1.2753e-01	0.274063	2
SLC5A1	4	3.6063e-01	1.2753e-01	0.274063	2
SSH3	4	3.6067e-01	1.2753e-01	0.274063	2
MAGEA6	4	3.6071e-01	1.2753e-01	0.274063	2
CEACAM4	4	3.6074e-01	1.2753e-01	0.274063	2
FSBP	4	3.6082e-01	1.2753e-01	0.274063	2
OR5B3	4	3.6083e-01	1.2753e-01	0.274063	2
ZNF845	4	3.6094e-01	1.2753e-01	0.274063	2
TBK1	4	3.6097e-01	1.2753e-01	0.274063	1
PTP4A2	4	3.6106e-01	1.2753e-01	0.274063	2
INPP5D	4	3.6111e-01	1.2753e-01	0.274063	2
IL7	4	3.6117e-01	1.2753e-01	0.274063	2
STX1A	4	3.6119e-01	1.2753e-01	0.274063	1
KCNH5	4	3.6137e-01	1.2753e-01	0.274063	1
AMACR	4	3.6141e-01	1.2753e-01	0.274063	1
IRX5	4	3.6144e-01	1.2753e-01	0.274063	2
NKX6-3	4	3.6152e-01	1.2753e-01	0.274063	2
CNDP1	4	3.6163e-01	1.2836e-01	0.275375	2
NUPR1L	4	3.6167e-01	1.2836e-01	0.275375	1
WIZ	4	3.6167e-01	1.2836e-01	0.275375	2
PRR21	4	3.6182e-01	1.2836e-01	0.275375	1
OR5K3	4	3.6190e-01	1.2836e-01	0.275375	2
ALX1	4	3.6195e-01	1.2836e-01	0.275375	2
LZTS2	4	3.6197e-01	1.2836e-01	0.275375	2
SCGB1D1	4	3.6208e-01	1.2836e-01	0.275375	2
SYNE1	4	3.6211e-01	1.2836e-01	0.275375	2
ENKD1	4	3.6218e-01	1.2836e-01	0.275375	2
DUOX1	4	3.6220e-01	1.2836e-01	0.275375	2
ATP4B	4	3.6233e-01	1.2836e-01	0.275375	2
ACAP2	4	3.6234e-01	1.2836e-01	0.275375	2
PM20D2	4	3.6238e-01	1.2836e-01	0.275375	2
KIAA1045	4	3.6259e-01	1.2836e-01	0.275375	2
TTBK1	4	3.6300e-01	1.2920e-01	0.276435	2
ZKSCAN8	4	3.6309e-01	1.2920e-01	0.276435	2
LONRF3	4	3.6337e-01	1.2920e-01	0.276435	2
ZNF329	4	3.6344e-01	1.2920e-01	0.276435	2
RNPEP	4	3.6346e-01	1.2920e-01	0.276435	2
EHF	4	3.6350e-01	1.2920e-01	0.276435	1
ATG7	4	3.6354e-01	1.2920e-01	0.276435	2
TMEM147	4	3.6355e-01	1.2920e-01	0.276435	1
NKX6-1	4	3.6357e-01	1.2920e-01	0.276435	2
FPR2	4	3.6362e-01	1.2920e-01	0.276435	2
C2orf50	4	3.6364e-01	1.2920e-01	0.276435	2
RPH3A	4	3.6366e-01	1.2920e-01	0.276435	1
TSSK4	4	3.6396e-01	1.3005e-01	0.276435	2
LMTK3	4	3.6405e-01	1.3005e-01	0.276435	2
EVL	4	3.6412e-01	1.3005e-01	0.276435	2
ALOX15	4	3.6414e-01	1.3005e-01	0.276435	2
DHRS12	4	3.6421e-01	1.3005e-01	0.276435	2
TXNDC15	4	3.6428e-01	1.3005e-01	0.276435	2
POPDC2	4	3.6433e-01	1.3005e-01	0.276435	2
SDR16C5	4	3.6440e-01	1.3005e-01	0.276435	1
TMEM87B	4	3.6452e-01	1.3005e-01	0.276435	2
SLFN13	4	3.6472e-01	1.3005e-01	0.276435	2
TMPRSS5	4	3.6479e-01	1.3005e-01	0.276435	2
TBX15	4	3.6480e-01	1.3005e-01	0.276435	2
CAPG	4	3.6483e-01	1.3005e-01	0.276435	2
TUBB2A	4	3.6491e-01	1.3005e-01	0.276435	2
PDE7A	4	3.6497e-01	1.3005e-01	0.276435	2
GNG5	4	3.6501e-01	1.3005e-01	0.276435	2
ARL13A	4	3.6517e-01	1.3005e-01	0.276435	2
PNPLA5	4	3.6532e-01	1.3005e-01	0.276435	2
GPR22	4	3.6552e-01	1.3005e-01	0.276435	2
SCN3B	4	3.6554e-01	1.3005e-01	0.276435	2
SPRED3	4	3.6561e-01	1.3005e-01	0.276435	2
ANKDD1A	4	3.6561e-01	1.3005e-01	0.276435	1
SALL1	4	3.6563e-01	1.3005e-01	0.276435	2
REEP4	4	3.6569e-01	1.3005e-01	0.276435	2
PRDX5	4	3.6582e-01	1.3005e-01	0.276435	2
AK2	4	3.6583e-01	1.3005e-01	0.276435	1
OR51I1	4	3.6589e-01	1.3005e-01	0.276435	2
AQP12A	4	3.6605e-01	1.3005e-01	0.276435	2
NHLH2	4	3.6609e-01	1.3005e-01	0.276435	2
S100B	4	3.6616e-01	1.3005e-01	0.276435	2
ZCCHC2	4	3.6620e-01	1.3005e-01	0.276435	1
AFF2	4	3.6642e-01	1.3005e-01	0.276435	1
MUS81	4	3.6646e-01	1.3005e-01	0.276435	2
GOLGA3	4	3.6653e-01	1.3005e-01	0.276435	2
CXXC1	4	3.6653e-01	1.3005e-01	0.276435	2
TPRG1	4	3.6663e-01	1.3005e-01	0.276435	2
BCAT2	4	3.6671e-01	1.3005e-01	0.276435	2
PYGO2	4	3.6686e-01	1.3005e-01	0.276435	2
LOC653602	4	3.6693e-01	1.3005e-01	0.276435	1
ZNF468	4	3.6705e-01	1.3005e-01	0.276435	2
MIB1	4	3.6712e-01	1.3005e-01	0.276435	1
MESP2	4	3.6719e-01	1.3005e-01	0.276435	2
SPATA6L	4	3.6726e-01	1.3005e-01	0.276435	1
MS4A6A	4	3.6730e-01	1.3005e-01	0.276435	1
DEFB130	4	3.6734e-01	1.3005e-01	0.276435	2
ARRB2	4	3.6735e-01	1.3005e-01	0.276435	2
WDR86	4	3.6737e-01	1.3005e-01	0.276435	2
ZNF571	4	3.6741e-01	1.3005e-01	0.276435	1
FIBCD1	4	3.6760e-01	1.3005e-01	0.276435	2
ARPC1A	4	3.6790e-01	1.3005e-01	0.276435	2
ZNF304	4	3.6806e-01	1.3005e-01	0.276435	2
GRHL1	4	3.6808e-01	1.3005e-01	0.276435	2
MICB	4	3.6818e-01	1.3005e-01	0.276435	2
STK32C	4	3.6820e-01	1.3005e-01	0.276435	2
ATP13A1	4	3.6829e-01	1.3005e-01	0.276435	2
C8orf33	4	3.6840e-01	1.3005e-01	0.276435	1
OBSL1	4	3.6843e-01	1.3005e-01	0.276435	2
FPR3	4	3.6844e-01	1.3005e-01	0.276435	1
CIITA	4	3.6852e-01	1.3005e-01	0.276435	2
CTTN	4	3.6859e-01	1.3005e-01	0.276435	2
CPNE3	4	3.6862e-01	1.3005e-01	0.276435	2
KLHL2	4	3.6863e-01	1.3005e-01	0.276435	2
CHST5	4	3.6866e-01	1.3005e-01	0.276435	2
PHYHIPL	4	3.6868e-01	1.3005e-01	0.276435	2
ZNF775	4	3.6873e-01	1.3005e-01	0.276435	1
DDX53	4	3.6880e-01	1.3005e-01	0.276435	2
NDUFA6	4	3.6884e-01	1.3005e-01	0.276435	2
ZBTB46	4	3.6886e-01	1.3005e-01	0.276435	2
ZNF57	4	3.6899e-01	1.3005e-01	0.276435	2
WNT7A	4	3.6909e-01	1.3244e-01	0.280597	2
A1CF	4	3.6910e-01	1.3244e-01	0.280597	1
CDKN2D	4	3.6917e-01	1.3244e-01	0.280597	2
ATP6V1C2	4	3.6921e-01	1.3244e-01	0.280597	1
USP30	4	3.6923e-01	1.3244e-01	0.280597	2
MEP1A	4	3.6925e-01	1.3244e-01	0.280597	2
ARX	4	3.6957e-01	1.3244e-01	0.280597	2
PTGDS	4	3.6974e-01	1.3244e-01	0.280597	2
EMC6	4	3.6979e-01	1.3244e-01	0.280597	2
FAM72D	4	3.6996e-01	1.3244e-01	0.280597	2
SLC9A7	4	3.6999e-01	1.3244e-01	0.280597	2
FGF3	4	3.7001e-01	1.3244e-01	0.280597	2
NPEPL1	4	3.7003e-01	1.3244e-01	0.280597	2
FAM46A	4	3.7005e-01	1.3244e-01	0.280597	2
OR1L3	4	3.7012e-01	1.3244e-01	0.280597	1
KIF1B	4	3.7020e-01	1.3244e-01	0.280597	2
GSTP1	4	3.7033e-01	1.3244e-01	0.280597	2
SPRR4	4	3.7041e-01	1.3244e-01	0.280597	2
TTC9C	4	3.7049e-01	1.3244e-01	0.280597	2
LINGO1	4	3.7056e-01	1.3244e-01	0.280597	2
CSGALNACT2	4	3.7060e-01	1.3244e-01	0.280597	1
SLC16A10	4	3.7067e-01	1.3244e-01	0.280597	2
TBX10	4	3.7074e-01	1.3244e-01	0.280597	2
REM1	4	3.7078e-01	1.3244e-01	0.280597	1
SERPINB10	4	3.7081e-01	1.3244e-01	0.280597	2
TNC	4	3.7082e-01	1.3244e-01	0.280597	1
TBX18	4	3.7085e-01	1.3244e-01	0.280597	2
ZNF526	4	3.7089e-01	1.3244e-01	0.280597	2
NCF2	4	3.7111e-01	1.3329e-01	0.282194	2
SLC25A32	4	3.7122e-01	1.3329e-01	0.282194	1
RPS6KB2	4	3.7122e-01	1.3329e-01	0.282194	2
LBH	4	3.7147e-01	1.3329e-01	0.282194	1
NONO	4	3.7153e-01	1.3329e-01	0.282194	1
OR13A1	4	3.7154e-01	1.3329e-01	0.282194	2
TSPAN9	4	3.7158e-01	1.3418e-01	0.283194	2
PRKAR2B	4	3.7164e-01	1.3418e-01	0.283194	2
TBX20	4	3.7176e-01	1.3418e-01	0.283194	2
KIAA0355	4	3.7180e-01	1.3418e-01	0.283194	2
CLPTM1L	4	3.7184e-01	1.3418e-01	0.283194	2
PROKR2	4	3.7191e-01	1.3418e-01	0.283194	2
CECR6	4	3.7193e-01	1.3418e-01	0.283194	2
ABTB2	4	3.7202e-01	1.3418e-01	0.283194	1
SLC22A11	4	3.7205e-01	1.3418e-01	0.283194	2
DOCK11	4	3.7206e-01	1.3418e-01	0.283194	2
ADAMTS6	4	3.7209e-01	1.3418e-01	0.283194	2
FAM163A	4	3.7223e-01	1.3418e-01	0.283194	2
TCF12	4	3.7250e-01	1.3418e-01	0.283194	2
SMIM10L1	4	3.7253e-01	1.3418e-01	0.283194	2
FOCAD	4	3.7255e-01	1.3418e-01	0.283194	2
ZNF804B	4	3.7260e-01	1.3418e-01	0.283194	2
PLCB3	4	3.7261e-01	1.3418e-01	0.283194	2
ZNF2	4	3.7267e-01	1.3418e-01	0.283194	2
C22orf31	4	3.7275e-01	1.3418e-01	0.283194	2
LARP1B	4	3.7278e-01	1.3418e-01	0.283194	2
C9orf84	4	3.7282e-01	1.3418e-01	0.283194	1
ZNF200	4	3.7293e-01	1.3418e-01	0.283194	1
POC1B	3	3.7312e-01	1.7936e-01	0.347779	2
OR56B4	4	3.7322e-01	1.3418e-01	0.283194	1
ARSE	4	3.7340e-01	1.3418e-01	0.283194	2
GIPC2	4	3.7349e-01	1.3418e-01	0.283194	2
BRD7	4	3.7352e-01	1.3418e-01	0.283194	2
SH2B2	4	3.7355e-01	1.3418e-01	0.283194	2
ZKSCAN2	4	3.7359e-01	1.3418e-01	0.283194	2
ST18	4	3.7370e-01	1.3503e-01	0.284803	2
TM4SF1	4	3.7370e-01	1.3503e-01	0.284803	2
PDIA5	4	3.7384e-01	1.3503e-01	0.284803	2
C1orf61	4	3.7388e-01	1.3503e-01	0.284803	2
EIF4EBP2	4	3.7397e-01	1.3503e-01	0.284803	2
MC1R	4	3.7402e-01	1.3503e-01	0.284803	2
FFAR1	4	3.7411e-01	1.3587e-01	0.286227	2
BNC1	4	3.7414e-01	1.3587e-01	0.286227	2
IGLL5	4	3.7417e-01	1.3587e-01	0.286227	2
NXF2B	4	3.7425e-01	1.3587e-01	0.286227	2
ATP6V1G3	4	3.7432e-01	1.3587e-01	0.286227	2
ZNF878	4	3.7436e-01	1.3587e-01	0.286227	2
CPNE2	4	3.7443e-01	1.3587e-01	0.286227	2
VWA3A	4	3.7446e-01	1.3587e-01	0.286227	1
NTF4	4	3.7448e-01	1.3587e-01	0.286227	2
TXNDC8	4	3.7454e-01	1.3587e-01	0.286227	2
NDST2	4	3.7455e-01	1.3587e-01	0.286227	2
C21orf62	4	3.7462e-01	1.3676e-01	0.287980	2
HPSE	4	3.7469e-01	1.3677e-01	0.287980	2
PACSIN2	4	3.7472e-01	1.3677e-01	0.287980	1
ANKRD30A	4	3.7473e-01	1.3677e-01	0.287980	2
FAM209B	4	3.7483e-01	1.3766e-01	0.288472	2
MRC2	4	3.7485e-01	1.3766e-01	0.288472	2
FAM179A	4	3.7492e-01	1.3766e-01	0.288472	2
GCGR	4	3.7498e-01	1.3766e-01	0.288472	2
GSTA3	4	3.7504e-01	1.3766e-01	0.288472	2
RAB3C	4	3.7508e-01	1.3766e-01	0.288472	1
GCK	4	3.7510e-01	1.3766e-01	0.288472	2
FGF10	4	3.7531e-01	1.3766e-01	0.288472	2
ALS2	4	3.7535e-01	1.3766e-01	0.288472	2
INPP4A	4	3.7540e-01	1.3766e-01	0.288472	2
C11orf97	4	3.7548e-01	1.3766e-01	0.288472	2
ACBD3	4	3.7551e-01	1.3766e-01	0.288472	2
FPGT-TNNI3K	4	3.7552e-01	1.3766e-01	0.288472	2
PIGK	4	3.7555e-01	1.3766e-01	0.288472	2
SH3BP2	4	3.7559e-01	1.3766e-01	0.288472	1
HBB	4	3.7563e-01	1.3766e-01	0.288472	2
RAMP2	4	3.7595e-01	1.3766e-01	0.288472	2
CC2D1B	4	3.7611e-01	1.3766e-01	0.288472	2
RRP8	4	3.7613e-01	1.3766e-01	0.288472	2
THOC6	4	3.7618e-01	1.3766e-01	0.288472	2
GLRX	4	3.7631e-01	1.3766e-01	0.288472	2
DMXL1	4	3.7633e-01	1.3766e-01	0.288472	2
TOR1A	4	3.7634e-01	1.3766e-01	0.288472	2
KCNA1	4	3.7636e-01	1.3766e-01	0.288472	2
IL1F10	3	3.7645e-01	1.7936e-01	0.347779	1
POPDC3	4	3.7646e-01	1.3766e-01	0.288472	1
ORMDL2	4	3.7664e-01	1.3766e-01	0.288472	2
ZIK1	4	3.7672e-01	1.3766e-01	0.288472	2
FZD2	4	3.7675e-01	1.3766e-01	0.288472	2
CCNB1IP1	4	3.7682e-01	1.3766e-01	0.288472	2
ATP1B3	4	3.7686e-01	1.3766e-01	0.288472	1
ALDOB	4	3.7696e-01	1.3766e-01	0.288472	2
DYRK2	4	3.7707e-01	1.3766e-01	0.288472	2
GGA1	4	3.7726e-01	1.3766e-01	0.288472	2
KIAA0226	4	3.7740e-01	1.3766e-01	0.288472	1
EFR3B	4	3.7753e-01	1.3766e-01	0.288472	2
CYB5RL	4	3.7762e-01	1.3766e-01	0.288472	1
OSBP2	4	3.7769e-01	1.3766e-01	0.288472	2
CRX	4	3.7777e-01	1.3766e-01	0.288472	2
OLA1	4	3.7787e-01	1.3766e-01	0.288472	2
ERMN	4	3.7791e-01	1.3766e-01	0.288472	2
ALDH9A1	4	3.7801e-01	1.3766e-01	0.288472	2
ADAM10	4	3.7808e-01	1.3766e-01	0.288472	2
KBTBD2	4	3.7820e-01	1.3766e-01	0.288472	2
NXNL1	4	3.7824e-01	1.3766e-01	0.288472	2
NLGN2	4	3.7844e-01	1.4008e-01	0.293160	2
PIK3R2	4	3.7853e-01	1.4008e-01	0.293160	1
RAB34	4	3.7872e-01	1.4008e-01	0.293160	2
G0S2	4	3.7875e-01	1.4008e-01	0.293160	2
TPM2	4	3.7885e-01	1.4008e-01	0.293160	2
SKIL	4	3.7889e-01	1.4008e-01	0.293160	2
MTRNR2L1	2	3.7893e-01	1.4911e-01	0.302153	1
HMCES	4	3.7893e-01	1.4008e-01	0.293160	2
RTN4RL2	4	3.7896e-01	1.4008e-01	0.293160	1
THSD1	4	3.7903e-01	1.4008e-01	0.293160	2
ZBTB6	4	3.7907e-01	1.4008e-01	0.293160	2
IL5	4	3.7911e-01	1.4008e-01	0.293160	2
TMED5	4	3.7914e-01	1.4008e-01	0.293160	2
DSCR4	4	3.7931e-01	1.4052e-01	0.294031	2
ARID5B	4	3.7941e-01	1.4095e-01	0.294268	2
TNFRSF18	4	3.7941e-01	1.4095e-01	0.294268	2
ACP2	4	3.7961e-01	1.4095e-01	0.294268	2
BPIFB4	4	3.7965e-01	1.4095e-01	0.294268	2
AGTR2	4	3.7969e-01	1.4095e-01	0.294268	1
ANK2	4	3.7969e-01	1.4095e-01	0.294268	2
CEBPB	4	3.7971e-01	1.4095e-01	0.294268	2
HSD17B12	4	3.7973e-01	1.4095e-01	0.294268	2
ACBD7	4	3.7976e-01	1.4095e-01	0.294268	1
ANKRD66	4	3.7978e-01	1.4095e-01	0.294268	2
MRAP	4	3.7980e-01	1.4095e-01	0.294268	2
DGKA	4	3.8003e-01	1.4095e-01	0.294268	1
TRIM16	4	3.8008e-01	1.4095e-01	0.294268	2
FOXE3	4	3.8026e-01	1.4095e-01	0.294268	1
PPP1R3E	4	3.8040e-01	1.4185e-01	0.294268	2
ZNF345	4	3.8048e-01	1.4185e-01	0.294268	2
TLL1	4	3.8052e-01	1.4185e-01	0.294268	1
RNF225	4	3.8059e-01	1.4185e-01	0.294268	2
KIAA1549L	4	3.8059e-01	1.4185e-01	0.294268	2
TEX35	4	3.8066e-01	1.4185e-01	0.294268	2
TMEM151A	4	3.8067e-01	1.4185e-01	0.294268	2
NACC2	4	3.8070e-01	1.4185e-01	0.294268	1
C19orf45	4	3.8084e-01	1.4185e-01	0.294268	1
FBXL5	4	3.8086e-01	1.4185e-01	0.294268	2
EFCAB2	4	3.8093e-01	1.4185e-01	0.294268	2
LCOR	4	3.8095e-01	1.4185e-01	0.294268	2
ZNF630	4	3.8097e-01	1.4185e-01	0.294268	2
ADAM32	4	3.8104e-01	1.4185e-01	0.294268	2
COMMD4	4	3.8109e-01	1.4185e-01	0.294268	2
DHRS2	4	3.8109e-01	1.4185e-01	0.294268	1
TICAM1	4	3.8118e-01	1.4185e-01	0.294268	2
DACT1	4	3.8120e-01	1.4185e-01	0.294268	2
NFKBIA	4	3.8127e-01	1.4185e-01	0.294268	2
LRRC15	4	3.8129e-01	1.4185e-01	0.294268	2
ITPRIPL2	4	3.8131e-01	1.4185e-01	0.294268	2
LAMB2	4	3.8134e-01	1.4185e-01	0.294268	2
ZNF862	4	3.8136e-01	1.4185e-01	0.294268	2
ANO8	4	3.8145e-01	1.4185e-01	0.294268	1
CCDC60	4	3.8151e-01	1.4185e-01	0.294268	2
CTSZ	4	3.8155e-01	1.4185e-01	0.294268	2
SYT3	4	3.8156e-01	1.4185e-01	0.294268	1
MPZ	4	3.8160e-01	1.4185e-01	0.294268	2
MARVELD2	4	3.8164e-01	1.4185e-01	0.294268	2
FAM170A	4	3.8178e-01	1.4185e-01	0.294268	2
CYP4F12	4	3.8182e-01	1.4185e-01	0.294268	1
C1QTNF2	4	3.8184e-01	1.4185e-01	0.294268	2
LRRC48	4	3.8191e-01	1.4185e-01	0.294268	2
B3GALT4	4	3.8198e-01	1.4185e-01	0.294268	2
C2orf40	4	3.8212e-01	1.4185e-01	0.294268	2
MGEA5	4	3.8219e-01	1.4185e-01	0.294268	2
OR51G1	4	3.8233e-01	1.4185e-01	0.294268	2
OR6N2	4	3.8236e-01	1.4185e-01	0.294268	1
PDZD11	4	3.8242e-01	1.4185e-01	0.294268	2
MTERF1	4	3.8250e-01	1.4185e-01	0.294268	1
FAM43A	4	3.8251e-01	1.4185e-01	0.294268	2
MSL3	4	3.8254e-01	1.4185e-01	0.294268	2
AQP8	4	3.8267e-01	1.4185e-01	0.294268	2
RASGRP4	4	3.8279e-01	1.4185e-01	0.294268	2
PPP2R5B	4	3.8292e-01	1.4185e-01	0.294268	2
HSPB11	4	3.8300e-01	1.4185e-01	0.294268	1
UPF3B	4	3.8303e-01	1.4185e-01	0.294268	2
GPR85	4	3.8314e-01	1.4185e-01	0.294268	2
TBC1D22A	4	3.8318e-01	1.4185e-01	0.294268	2
GLTP	4	3.8320e-01	1.4185e-01	0.294268	2
IL12RB1	4	3.8338e-01	1.4185e-01	0.294268	2
PARP3	4	3.8345e-01	1.4185e-01	0.294268	2
DYNLL1	4	3.8347e-01	1.4185e-01	0.294268	2
NSMF	4	3.8350e-01	1.4185e-01	0.294268	2
ABHD14B	4	3.8359e-01	1.4185e-01	0.294268	2
TMEM223	4	3.8361e-01	1.4185e-01	0.294268	2
LRRC20	4	3.8370e-01	1.4185e-01	0.294268	2
TSACC	4	3.8371e-01	1.4185e-01	0.294268	1
PSMB11	4	3.8371e-01	1.4185e-01	0.294268	1
TNFSF10	4	3.8376e-01	1.4185e-01	0.294268	1
IQGAP3	4	3.8380e-01	1.4185e-01	0.294268	2
SEPTIN1	4	3.8387e-01	1.4185e-01	0.294268	2
ZNF746	4	3.8387e-01	1.4185e-01	0.294268	1
GLP2R	4	3.8389e-01	1.4185e-01	0.294268	2
MZT2B	4	3.8403e-01	1.4185e-01	0.294268	2
SERGEF	4	3.8412e-01	1.4274e-01	0.295614	1
SCUBE3	4	3.8416e-01	1.4274e-01	0.295614	2
ZFP69B	4	3.8436e-01	1.4274e-01	0.295614	2
HMGXB4	4	3.8437e-01	1.4274e-01	0.295614	2
RNF223	4	3.8442e-01	1.4274e-01	0.295614	2
LRRC24	4	3.8444e-01	1.4274e-01	0.295614	2
CDKL5	4	3.8444e-01	1.4274e-01	0.295614	1
TSPAN15	4	3.8448e-01	1.4274e-01	0.295614	1
CLEC16A	4	3.8455e-01	1.4274e-01	0.295614	2
GLO1	4	3.8459e-01	1.4274e-01	0.295614	1
RPL10L	4	3.8460e-01	1.4274e-01	0.295614	2
ZNF609	4	3.8465e-01	1.4274e-01	0.295614	2
SLC5A6	4	3.8468e-01	1.4274e-01	0.295614	2
STX12	4	3.8474e-01	1.4274e-01	0.295614	2
ADGRB1	4	3.8480e-01	1.4274e-01	0.295614	1
OR6F1	4	3.8481e-01	1.4274e-01	0.295614	2
IRF8	4	3.8501e-01	1.4364e-01	0.295616	2
HTR4	4	3.8505e-01	1.4364e-01	0.295616	2
DDX50	4	3.8509e-01	1.4364e-01	0.295616	1
ZC3HAV1	4	3.8515e-01	1.4364e-01	0.295616	2
DNAJC5G	4	3.8516e-01	1.4364e-01	0.295616	2
RNF183	4	3.8517e-01	1.4364e-01	0.295616	2
MUCL1	4	3.8523e-01	1.4364e-01	0.295616	2
NUP54	4	3.8533e-01	1.4364e-01	0.295616	2
DEF6	4	3.8538e-01	1.4364e-01	0.295616	2
DCDC5	4	3.8547e-01	1.4364e-01	0.295616	2
KIAA1804	4	3.8556e-01	1.4364e-01	0.295616	2
SFRP5	4	3.8556e-01	1.4364e-01	0.295616	2
IFITM2	4	3.8559e-01	1.4364e-01	0.295616	2
CCDC8	4	3.8559e-01	1.4364e-01	0.295616	2
SV2B	4	3.8561e-01	1.4364e-01	0.295616	2
BCL2	4	3.8570e-01	1.4364e-01	0.295616	2
STRIP1	4	3.8581e-01	1.4364e-01	0.295616	2
CCNF	4	3.8584e-01	1.4364e-01	0.295616	2
ZDHHC13	4	3.8584e-01	1.4364e-01	0.295616	1
CYP51A1	4	3.8595e-01	1.4364e-01	0.295616	1
PPY	4	3.8598e-01	1.4364e-01	0.295616	2
CACNA1E	4	3.8599e-01	1.4364e-01	0.295616	2
MSANTD3	4	3.8605e-01	1.4364e-01	0.295616	2
MTCP1	4	3.8606e-01	1.4364e-01	0.295616	1
LKAAEAR1	4	3.8610e-01	1.4364e-01	0.295616	1
ZC3HC1	4	3.8621e-01	1.4364e-01	0.295616	2
PMM1	4	3.8625e-01	1.4364e-01	0.295616	2
PRR15	4	3.8635e-01	1.4364e-01	0.295616	2
PPIP5K1	4	3.8639e-01	1.4364e-01	0.295616	2
GAL3ST2	4	3.8642e-01	1.4364e-01	0.295616	1
OR6X1	4	3.8643e-01	1.4364e-01	0.295616	2
PACRGL	4	3.8649e-01	1.4364e-01	0.295616	2
CLN8	4	3.8653e-01	1.4364e-01	0.295616	2
GSKIP	4	3.8655e-01	1.4364e-01	0.295616	2
ATP5O	4	3.8660e-01	1.4364e-01	0.295616	1
EFS	4	3.8687e-01	1.4364e-01	0.295616	2
TALDO1	4	3.8688e-01	1.4364e-01	0.295616	1
ALKBH6	4	3.8706e-01	1.4364e-01	0.295616	2
TM4SF4	4	3.8708e-01	1.4364e-01	0.295616	2
OR5T2	4	3.8714e-01	1.4364e-01	0.295616	1
OR51T1	4	3.8729e-01	1.4364e-01	0.295616	2
FAM134C	4	3.8736e-01	1.4364e-01	0.295616	2
RASSF8	4	3.8757e-01	1.4364e-01	0.295616	1
PDE4B	4	3.8759e-01	1.4364e-01	0.295616	2
PUM1	4	3.8770e-01	1.4364e-01	0.295616	2
SYCE2	4	3.8783e-01	1.4364e-01	0.295616	1
HCK	4	3.8783e-01	1.4364e-01	0.295616	1
DKKL1	4	3.8788e-01	1.4364e-01	0.295616	2
NPHP4	4	3.8791e-01	1.4364e-01	0.295616	2
VAV3	4	3.8792e-01	1.4364e-01	0.295616	1
TREML2	4	3.8798e-01	1.4364e-01	0.295616	2
NHLRC1	4	3.8799e-01	1.4364e-01	0.295616	1
SNX32	4	3.8803e-01	1.4364e-01	0.295616	2
PON1	3	3.8805e-01	1.8754e-01	0.361078	2
GSX2	4	3.8807e-01	1.4364e-01	0.295616	2
PLSCR4	4	3.8819e-01	1.4364e-01	0.295616	1
PUS10	4	3.8825e-01	1.4364e-01	0.295616	2
CASP7	4	3.8825e-01	1.4364e-01	0.295616	2
PAFAH1B2	3	3.8830e-01	1.8754e-01	0.361078	2
CXorf38	4	3.8832e-01	1.4364e-01	0.295616	2
MEGF10	4	3.8846e-01	1.4457e-01	0.297465	2
GCM1	4	3.8850e-01	1.4457e-01	0.297465	1
DCDC2B	4	3.8864e-01	1.4548e-01	0.298121	2
UBE2B	4	3.8878e-01	1.4548e-01	0.298121	2
CLIP1	4	3.8883e-01	1.4548e-01	0.298121	2
METRNL	4	3.8889e-01	1.4548e-01	0.298121	2
TMEM132C	4	3.8894e-01	1.4548e-01	0.298121	2
ANKRD34A	4	3.8900e-01	1.4548e-01	0.298121	1
LRRC70	4	3.8908e-01	1.4548e-01	0.298121	2
SLC43A1	4	3.8915e-01	1.4548e-01	0.298121	2
C1QTNF8	4	3.8919e-01	1.4548e-01	0.298121	2
ACER3	4	3.8928e-01	1.4548e-01	0.298121	2
PRRT4	4	3.8929e-01	1.4548e-01	0.298121	2
IMPACT	4	3.8933e-01	1.4548e-01	0.298121	2
SRL	4	3.8941e-01	1.4548e-01	0.298121	2
CAMK2B	4	3.8946e-01	1.4548e-01	0.298121	2
BHMT2	4	3.8949e-01	1.4548e-01	0.298121	2
SPATA32	4	3.8950e-01	1.4548e-01	0.298121	1
PRSS41	4	3.8954e-01	1.4548e-01	0.298121	2
CAPZA2	4	3.8959e-01	1.4548e-01	0.298121	1
TGM2	4	3.8965e-01	1.4548e-01	0.298121	2
SDHD	4	3.8993e-01	1.4548e-01	0.298121	2
FBXO10	4	3.8995e-01	1.4548e-01	0.298121	2
TSGA10IP	4	3.9002e-01	1.4548e-01	0.298121	2
MYLK2	4	3.9007e-01	1.4548e-01	0.298121	2
ZNF784	4	3.9010e-01	1.4548e-01	0.298121	1
FAM159A	4	3.9018e-01	1.4548e-01	0.298121	2
TMEM220	4	3.9025e-01	1.4548e-01	0.298121	2
HCRT	4	3.9027e-01	1.4548e-01	0.298121	2
PPBP	4	3.9032e-01	1.4548e-01	0.298121	2
PCP2	4	3.9039e-01	1.4548e-01	0.298121	2
CBFA2T2	4	3.9046e-01	1.4548e-01	0.298121	2
OR6B3	4	3.9059e-01	1.4548e-01	0.298121	1
TEX101	4	3.9064e-01	1.4548e-01	0.298121	1
NEURL1B	4	3.9069e-01	1.4548e-01	0.298121	2
UNC93A	4	3.9080e-01	1.4548e-01	0.298121	2
KNDC1	4	3.9085e-01	1.4548e-01	0.298121	2
ABCG2	4	3.9089e-01	1.4548e-01	0.298121	1
CEP89	4	3.9092e-01	1.4548e-01	0.298121	2
PLCXD1	4	3.9094e-01	1.4548e-01	0.298121	2
CUTA	4	3.9110e-01	1.4641e-01	0.298337	1
MATN3	4	3.9117e-01	1.4641e-01	0.298337	2
GNE	4	3.9119e-01	1.4641e-01	0.298337	2
FGA	4	3.9124e-01	1.4641e-01	0.298337	2
FASTKD3	4	3.9125e-01	1.4641e-01	0.298337	2
CTBP1	4	3.9126e-01	1.4641e-01	0.298337	2
ERI3	4	3.9132e-01	1.4641e-01	0.298337	2
NKG7	4	3.9142e-01	1.4641e-01	0.298337	2
SPSB3	4	3.9146e-01	1.4641e-01	0.298337	1
OR8G2	4	3.9157e-01	1.4641e-01	0.298337	1
TMEM9B	4	3.9164e-01	1.4641e-01	0.298337	2
PKD2	4	3.9165e-01	1.4641e-01	0.298337	2
CARD18	4	3.9167e-01	1.4641e-01	0.298337	2
MADD	4	3.9170e-01	1.4641e-01	0.298337	2
GAST	4	3.9177e-01	1.4641e-01	0.298337	2
SOCS5	4	3.9188e-01	1.4641e-01	0.298337	2
SPIN4	4	3.9192e-01	1.4641e-01	0.298337	1
UBTD1	4	3.9206e-01	1.4641e-01	0.298337	2
TMEM256	4	3.9218e-01	1.4641e-01	0.298337	2
DHRS4L1	4	3.9220e-01	1.4641e-01	0.298337	2
TMEM120A	4	3.9221e-01	1.4641e-01	0.298337	2
P2RY8	4	3.9225e-01	1.4641e-01	0.298337	2
FES	4	3.9228e-01	1.4641e-01	0.298337	2
KHK	4	3.9234e-01	1.4641e-01	0.298337	2
SYNE4	4	3.9235e-01	1.4641e-01	0.298337	1
ADGRG5	4	3.9236e-01	1.4641e-01	0.298337	2
APPL1	4	3.9243e-01	1.4641e-01	0.298337	2
CCHCR1	4	3.9252e-01	1.4641e-01	0.298337	2
ACAD8	4	3.9278e-01	1.4641e-01	0.298337	2
OR6K6	4	3.9285e-01	1.4641e-01	0.298337	1
ODC1	4	3.9290e-01	1.4641e-01	0.298337	2
ZWILCH	4	3.9295e-01	1.4641e-01	0.298337	1
MCEMP1	4	3.9311e-01	1.4641e-01	0.298337	1
NUP37	4	3.9312e-01	1.4641e-01	0.298337	2
EFHD2	4	3.9317e-01	1.4641e-01	0.298337	2
KIAA1958	4	3.9321e-01	1.4641e-01	0.298337	2
ACE	4	3.9327e-01	1.4641e-01	0.298337	1
SZT2	4	3.9335e-01	1.4641e-01	0.298337	2
USP9X	4	3.9342e-01	1.4641e-01	0.298337	1
FHIT	4	3.9349e-01	1.4641e-01	0.298337	2
C2orf80	4	3.9349e-01	1.4641e-01	0.298337	2
PLD2	4	3.9359e-01	1.4641e-01	0.298337	2
SLC9A3R1	4	3.9363e-01	1.4641e-01	0.298337	2
MFRP	4	3.9370e-01	1.4641e-01	0.298337	2
FKTN	4	3.9377e-01	1.4641e-01	0.298337	1
METTL25	4	3.9381e-01	1.4641e-01	0.298337	2
CCR9	4	3.9383e-01	1.4641e-01	0.298337	1
ANKRD9	4	3.9386e-01	1.4641e-01	0.298337	2
TWSG1	4	3.9388e-01	1.4641e-01	0.298337	2
MAGOHB	4	3.9402e-01	1.4641e-01	0.298337	2
AMBRA1	4	3.9406e-01	1.4641e-01	0.298337	1
COMMD7	4	3.9430e-01	1.4641e-01	0.298337	2
FAM76A	4	3.9431e-01	1.4641e-01	0.298337	2
MORN2	4	3.9436e-01	1.4730e-01	0.300022	2
GPANK1	4	3.9438e-01	1.4730e-01	0.300022	2
C11orf1	4	3.9462e-01	1.4730e-01	0.300022	2
CBLC	4	3.9477e-01	1.4730e-01	0.300022	1
BEST1	4	3.9491e-01	1.4825e-01	0.300839	1
ATL1	4	3.9494e-01	1.4825e-01	0.300839	2
OR8B12	4	3.9494e-01	1.4825e-01	0.300839	2
FAM89B	4	3.9501e-01	1.4825e-01	0.300839	2
SAMSN1	4	3.9508e-01	1.4825e-01	0.300839	2
NECAP1	4	3.9512e-01	1.4825e-01	0.300839	2
DUSP23	4	3.9516e-01	1.4825e-01	0.300839	1
UMPS	4	3.9531e-01	1.4825e-01	0.300839	2
SNX4	4	3.9533e-01	1.4825e-01	0.300839	1
ATP5H	4	3.9537e-01	1.4825e-01	0.300839	2
MOAP1	4	3.9540e-01	1.4825e-01	0.300839	2
KRTAP10-3	4	3.9547e-01	1.4825e-01	0.300839	2
SLC25A35	4	3.9554e-01	1.4825e-01	0.300839	2
TBPL1	4	3.9557e-01	1.4825e-01	0.300839	2
SLCO1B7	4	3.9567e-01	1.4825e-01	0.300839	2
MOCS1	4	3.9572e-01	1.4825e-01	0.300839	2
FBXO47	4	3.9574e-01	1.4825e-01	0.300839	2
KLRC2	4	3.9586e-01	1.4826e-01	0.300839	2
KCNK16	4	3.9587e-01	1.4826e-01	0.300839	2
ANXA1	4	3.9594e-01	1.4826e-01	0.300839	2
OPN1MW	4	3.9595e-01	1.4826e-01	0.300839	2
CHST11	4	3.9604e-01	1.4826e-01	0.300839	2
LIPN	4	3.9606e-01	1.4826e-01	0.300839	2
PGM2L1	4	3.9616e-01	1.4826e-01	0.300839	2
KAZN	4	3.9620e-01	1.4826e-01	0.300839	2
POM121	4	3.9624e-01	1.4826e-01	0.300839	1
LMTK2	4	3.9633e-01	1.4826e-01	0.300839	2
TGFBI	4	3.9640e-01	1.4826e-01	0.300839	1
OR8I2	4	3.9648e-01	1.4826e-01	0.300839	2
DIP2A	4	3.9649e-01	1.4826e-01	0.300839	1
RIIAD1	4	3.9652e-01	1.4826e-01	0.300839	2
ITGA1	4	3.9654e-01	1.4826e-01	0.300839	2
EPHA8	4	3.9655e-01	1.4826e-01	0.300839	2
IMPA1	4	3.9661e-01	1.4826e-01	0.300839	2
TRAK2	4	3.9666e-01	1.4826e-01	0.300839	2
SLC25A10	4	3.9675e-01	1.4922e-01	0.302153	1
DAOA	4	3.9675e-01	1.4922e-01	0.302153	2
LGR6	4	3.9679e-01	1.4922e-01	0.302153	2
LCE3E	4	3.9680e-01	1.4922e-01	0.302153	2
MISP	4	3.9682e-01	1.4922e-01	0.302153	2
FUT10	4	3.9689e-01	1.4922e-01	0.302153	2
CNIH4	4	3.9689e-01	1.4922e-01	0.302153	1
HAS1	4	3.9691e-01	1.4922e-01	0.302153	2
EBI3	4	3.9694e-01	1.4922e-01	0.302153	2
CTTNBP2NL	4	3.9701e-01	1.4922e-01	0.302153	2
PDZD3	4	3.9705e-01	1.4922e-01	0.302153	2
CERS3	4	3.9707e-01	1.4922e-01	0.302153	2
C4BPB	4	3.9714e-01	1.4922e-01	0.302153	2
C2orf16	4	3.9714e-01	1.4922e-01	0.302153	2
FAT1	4	3.9721e-01	1.4922e-01	0.302153	2
MELK	4	3.9725e-01	1.4922e-01	0.302153	1
ZNF157	4	3.9739e-01	1.4922e-01	0.302153	1
POLD4	4	3.9749e-01	1.4922e-01	0.302153	1
ZC3H15	4	3.9753e-01	1.4922e-01	0.302153	2
POTEB3	4	3.9763e-01	1.5017e-01	0.303348	2
C19orf48	4	3.9780e-01	1.5017e-01	0.303348	2
TOR4A	4	3.9788e-01	1.5017e-01	0.303348	1
DOCK4	4	3.9811e-01	1.5017e-01	0.303348	2
CILP2	4	3.9818e-01	1.5017e-01	0.303348	2
GFRA3	4	3.9827e-01	1.5017e-01	0.303348	2
ZBED3	4	3.9848e-01	1.5017e-01	0.303348	1
C4orf47	4	3.9850e-01	1.5017e-01	0.303348	2
TRAF6	4	3.9852e-01	1.5017e-01	0.303348	2
OR2AT4	4	3.9859e-01	1.5017e-01	0.303348	1
EN2	4	3.9859e-01	1.5017e-01	0.303348	2
AATK	4	3.9875e-01	1.5017e-01	0.303348	2
ANO1	4	3.9880e-01	1.5017e-01	0.303348	2
LOC100130880	4	3.9880e-01	1.5017e-01	0.303348	2
CRABP1	4	3.9882e-01	1.5017e-01	0.303348	2
YPEL1	4	3.9893e-01	1.5017e-01	0.303348	1
SDCBP2	4	3.9894e-01	1.5017e-01	0.303348	2
CDKL4	4	3.9901e-01	1.5017e-01	0.303348	2
DYNLT1	4	3.9903e-01	1.5017e-01	0.303348	2
FOLR3	4	3.9905e-01	1.5017e-01	0.303348	1
FYB	4	3.9907e-01	1.5017e-01	0.303348	2
KRTAP2-3	4	3.9910e-01	1.5017e-01	0.303348	2
SBSN	4	3.9912e-01	1.5017e-01	0.303348	1
ECM1	4	3.9919e-01	1.5255e-01	0.308053	2
TRIM32	4	3.9930e-01	1.5255e-01	0.308053	2
NIPAL2	4	3.9933e-01	1.5255e-01	0.308053	1
MLANA	4	3.9942e-01	1.5352e-01	0.309841	2
FER1L5	4	3.9947e-01	1.5352e-01	0.309841	2
RFX4	4	3.9949e-01	1.5352e-01	0.309841	2
IKZF3	4	3.9958e-01	1.5352e-01	0.309841	2
PTHLH	4	3.9958e-01	1.5352e-01	0.309841	2
ST3GAL3	4	3.9961e-01	1.5448e-01	0.310896	2
TTLL7	4	3.9965e-01	1.5448e-01	0.310896	2
CAPN14	4	3.9983e-01	1.5448e-01	0.310896	2
COLCA1	4	3.9986e-01	1.5448e-01	0.310896	1
PPP1R14A	4	3.9990e-01	1.5448e-01	0.310896	2
RDH16	4	3.9999e-01	1.5448e-01	0.310896	2
CHML	4	4.0000e-01	1.5448e-01	0.310896	2
MYNN	4	4.0009e-01	1.5448e-01	0.310896	2
ST6GALNAC2	4	4.0013e-01	1.5448e-01	0.310896	2
ST8SIA5	4	4.0015e-01	1.5448e-01	0.310896	2
GPC6	4	4.0032e-01	1.5448e-01	0.310896	1
KMT2C	4	4.0045e-01	1.5448e-01	0.310896	2
SSX4B	4	4.0050e-01	1.5448e-01	0.310896	1
LRRC6	4	4.0052e-01	1.5448e-01	0.310896	2
VAMP8	4	4.0066e-01	1.5448e-01	0.310896	2
PLIN4	4	4.0074e-01	1.5448e-01	0.310896	2
COL1A2	4	4.0085e-01	1.5448e-01	0.310896	2
OR52I2	4	4.0088e-01	1.5448e-01	0.310896	1
ZNF615	4	4.0094e-01	1.5448e-01	0.310896	2
IL1R2	4	4.0113e-01	1.5448e-01	0.310896	2
DNAH6	4	4.0134e-01	1.5448e-01	0.310896	2
LOC403312	4	4.0135e-01	1.5448e-01	0.310896	2
RNF222	4	4.0149e-01	1.5448e-01	0.310896	2
CTDSPL	4	4.0152e-01	1.5448e-01	0.310896	2
GMFB	4	4.0160e-01	1.5448e-01	0.310896	2
CD1B	4	4.0166e-01	1.5448e-01	0.310896	2
AMFR	4	4.0167e-01	1.5448e-01	0.310896	2
PPFIA2	4	4.0174e-01	1.5544e-01	0.312466	2
ZNF146	4	4.0190e-01	1.5544e-01	0.312466	2
MECOM	4	4.0195e-01	1.5544e-01	0.312466	2
ZYG11A	4	4.0208e-01	1.5544e-01	0.312466	1
VIL1	4	4.0215e-01	1.5544e-01	0.312466	1
GOLGA7B	4	4.0222e-01	1.5544e-01	0.312466	1
RBMXL1	4	4.0233e-01	1.5544e-01	0.312466	1
CHRFAM7A	4	4.0236e-01	1.5544e-01	0.312466	2
ADAMTS1	4	4.0243e-01	1.5544e-01	0.312466	2
REG4	4	4.0243e-01	1.5544e-01	0.312466	2
KCNK15	4	4.0245e-01	1.5544e-01	0.312466	2
FBXO42	4	4.0252e-01	1.5638e-01	0.314157	2
TGM1	4	4.0261e-01	1.5638e-01	0.314157	2
MUC7	4	4.0268e-01	1.5638e-01	0.314157	2
ITGB1BP2	4	4.0275e-01	1.5638e-01	0.314157	1
ZSCAN23	4	4.0282e-01	1.5638e-01	0.314157	1
OR8B3	4	4.0291e-01	1.5871e-01	0.317707	2
LY86	4	4.0299e-01	1.5871e-01	0.317707	1
DCAF4L1	4	4.0312e-01	1.5871e-01	0.317707	2
CMA1	4	4.0317e-01	1.5871e-01	0.317707	2
PHC1	4	4.0317e-01	1.5871e-01	0.317707	1
CLEC7A	4	4.0320e-01	1.5871e-01	0.317707	1
C14orf105	4	4.0324e-01	1.5871e-01	0.317707	2
SLCO1B1	4	4.0326e-01	1.5871e-01	0.317707	2
CPVL	4	4.0331e-01	1.5871e-01	0.317707	1
ZNF490	4	4.0333e-01	1.5871e-01	0.317707	2
TRIM66	4	4.0334e-01	1.5871e-01	0.317707	1
YWHAH	4	4.0335e-01	1.5871e-01	0.317707	2
ZNF169	4	4.0353e-01	1.5871e-01	0.317707	2
MBD4	4	4.0365e-01	1.5871e-01	0.317707	2
FOSL2	4	4.0368e-01	1.5871e-01	0.317707	2
CCT6B	4	4.0373e-01	1.5871e-01	0.317707	2
CALCOCO1	4	4.0383e-01	1.5871e-01	0.317707	2
TMEM184C	4	4.0384e-01	1.5871e-01	0.317707	2
CD70	4	4.0386e-01	1.5871e-01	0.317707	2
ZNF185	4	4.0401e-01	1.5871e-01	0.317707	2
RTCA	4	4.0404e-01	1.5871e-01	0.317707	2
FAM161A	4	4.0411e-01	1.5871e-01	0.317707	2
ZC3H7A	4	4.0413e-01	1.5871e-01	0.317707	2
TMEM38A	4	4.0415e-01	1.5871e-01	0.317707	2
RGS18	4	4.0422e-01	1.5871e-01	0.317707	2
GMPR2	4	4.0433e-01	1.5871e-01	0.317707	2
FAM86C1	4	4.0441e-01	1.5871e-01	0.317707	2
ATRAID	4	4.0445e-01	1.5871e-01	0.317707	2
GAS1	4	4.0454e-01	1.5871e-01	0.317707	2
C1orf100	4	4.0457e-01	1.5871e-01	0.317707	1
CGB2	4	4.0464e-01	1.5871e-01	0.317707	2
KDM2B	4	4.0467e-01	1.5871e-01	0.317707	2
KIAA1841	4	4.0475e-01	1.5871e-01	0.317707	2
OVOL3	4	4.0478e-01	1.5871e-01	0.317707	2
LMBRD2	4	4.0491e-01	1.5967e-01	0.319322	2
GANC	4	4.0492e-01	1.5967e-01	0.319322	1
CCDC110	4	4.0496e-01	1.5967e-01	0.319322	2
MAP3K1	4	4.0503e-01	1.5967e-01	0.319322	2
CITED4	4	4.0524e-01	1.5967e-01	0.319322	2
KLHL25	4	4.0526e-01	1.5967e-01	0.319322	2
NOMO2	4	4.0527e-01	1.5967e-01	0.319322	2
IL3RA	4	4.0528e-01	1.5967e-01	0.319322	2
WFDC2	4	4.0540e-01	1.6064e-01	0.321163	2
IFI35	4	4.0548e-01	1.6064e-01	0.321163	1
BCL6B	4	4.0549e-01	1.6064e-01	0.321163	2
LANCL1	4	4.0553e-01	1.6298e-01	0.325468	2
UNC5B	4	4.0555e-01	1.6298e-01	0.325468	1
UBXN2A	4	4.0556e-01	1.6298e-01	0.325468	2
GCKR	3	4.0565e-01	1.9461e-01	0.368673	2
TLE4	4	4.0566e-01	1.6298e-01	0.325468	1
OR4P4	4	4.0569e-01	1.6298e-01	0.325468	2
P3H1	4	4.0576e-01	1.6298e-01	0.325468	2
PLAA	4	4.0585e-01	1.6298e-01	0.325468	1
PNMA6A	4	4.0590e-01	1.6298e-01	0.325468	2
PCDHA8	4	4.0594e-01	1.6298e-01	0.325468	1
TMEM161A	4	4.0595e-01	1.6298e-01	0.325468	2
CSF1R	4	4.0597e-01	1.6298e-01	0.325468	1
CCDC142	4	4.0617e-01	1.6398e-01	0.327027	2
SETSIP	4	4.0660e-01	1.6398e-01	0.327027	2
LOR	4	4.0660e-01	1.6398e-01	0.327027	1
GAL	4	4.0667e-01	1.6398e-01	0.327027	2
CYP2C19	4	4.0668e-01	1.6398e-01	0.327027	2
SMARCA1	4	4.0679e-01	1.6398e-01	0.327027	2
SGOL2	4	4.0691e-01	1.6398e-01	0.327027	2
CDH7	4	4.0709e-01	1.6398e-01	0.327027	2
C7orf62	4	4.0716e-01	1.6398e-01	0.327027	1
LAMTOR2	4	4.0717e-01	1.6398e-01	0.327027	2
CADM3	4	4.0723e-01	1.6398e-01	0.327027	2
GPC1	4	4.0726e-01	1.6398e-01	0.327027	2
IGFL4	4	4.0730e-01	1.6398e-01	0.327027	2
GOLGA2	4	4.0735e-01	1.6494e-01	0.328829	2
GALK1	4	4.0741e-01	1.6494e-01	0.328829	1
ATP2B3	4	4.0742e-01	1.6494e-01	0.328829	2
KLC2	4	4.0753e-01	1.6590e-01	0.330194	2
KCTD20	4	4.0772e-01	1.6590e-01	0.330194	2
ZDHHC22	4	4.0772e-01	1.6590e-01	0.330194	1
REG1B	4	4.0788e-01	1.6590e-01	0.330194	2
NOXA1	4	4.0790e-01	1.6590e-01	0.330194	2
C10orf62	4	4.0797e-01	1.6590e-01	0.330194	2
GMFG	4	4.0799e-01	1.6590e-01	0.330194	2
MLLT1	4	4.0800e-01	1.6590e-01	0.330194	1
C10orf53	4	4.0805e-01	1.6590e-01	0.330194	2
TBX3	4	4.0818e-01	1.6590e-01	0.330194	2
CLEC1A	4	4.0821e-01	1.6590e-01	0.330194	2
CCDC117	4	4.0828e-01	1.6590e-01	0.330194	1
SNAI3	4	4.0829e-01	1.6590e-01	0.330194	2
C3orf14	4	4.0832e-01	1.6590e-01	0.330194	2
OR4S1	4	4.0834e-01	1.6590e-01	0.330194	2
C5orf22	4	4.0836e-01	1.6590e-01	0.330194	2
SLC6A18	4	4.0850e-01	1.6689e-01	0.331749	2
AKR1E2	4	4.0857e-01	1.6689e-01	0.331749	2
PIEZO1	4	4.0864e-01	1.6689e-01	0.331749	2
KIAA1462	4	4.0866e-01	1.6689e-01	0.331749	2
CD48	4	4.0870e-01	1.6689e-01	0.331749	1
LOC102724279	4	4.0873e-01	1.6689e-01	0.331749	2
CCDC91	4	4.0877e-01	1.6689e-01	0.331749	1
BPTF	4	4.0880e-01	1.6689e-01	0.331749	2
ZNF783	4	4.0884e-01	1.6689e-01	0.331749	2
ADCK5	4	4.0891e-01	1.6689e-01	0.331749	2
TRIM65	4	4.0901e-01	1.6689e-01	0.331749	1
TGM5	4	4.0912e-01	1.6689e-01	0.331749	2
MAPRE2	4	4.0935e-01	1.6788e-01	0.333153	2
TMBIM6	4	4.0948e-01	1.6885e-01	0.333153	1
MAPK1IP1L	4	4.0949e-01	1.6885e-01	0.333153	2
MAGED4	4	4.0959e-01	1.6885e-01	0.333153	2
GRASP	4	4.0966e-01	1.6885e-01	0.333153	2
NR2E1	4	4.0978e-01	1.6885e-01	0.333153	2
HGC6.3	3	4.0979e-01	1.9817e-01	0.374128	1
DDR2	4	4.0981e-01	1.6885e-01	0.333153	2
EFNA3	4	4.0981e-01	1.6885e-01	0.333153	2
TRPV5	4	4.0983e-01	1.6885e-01	0.333153	2
ZFY	4	4.0992e-01	1.6885e-01	0.333153	1
SLC44A2	4	4.1006e-01	1.6885e-01	0.333153	2
IQGAP2	4	4.1006e-01	1.6885e-01	0.333153	2
CNOT6	4	4.1015e-01	1.6885e-01	0.333153	2
MUC6	4	4.1016e-01	1.6885e-01	0.333153	2
PAWR	4	4.1034e-01	1.6885e-01	0.333153	2
MGST2	4	4.1048e-01	1.6885e-01	0.333153	2
PBOV1	4	4.1051e-01	1.6885e-01	0.333153	1
PAX1	4	4.1057e-01	1.6885e-01	0.333153	2
FBXL13	4	4.1058e-01	1.6885e-01	0.333153	2
RFX3	4	4.1070e-01	1.6885e-01	0.333153	1
EPS8L3	4	4.1078e-01	1.6885e-01	0.333153	2
NDUFA13	4	4.1082e-01	1.6885e-01	0.333153	1
VCX	4	4.1086e-01	1.6885e-01	0.333153	2
ARAP1	4	4.1089e-01	1.6885e-01	0.333153	1
DLK2	4	4.1101e-01	1.6885e-01	0.333153	2
ZNF521	4	4.1104e-01	1.6885e-01	0.333153	2
KLF1	4	4.1107e-01	1.6885e-01	0.333153	2
TCF7L2	4	4.1126e-01	1.6885e-01	0.333153	2
NPY	4	4.1128e-01	1.6885e-01	0.333153	2
KDM4C	4	4.1136e-01	1.6885e-01	0.333153	1
USP24	4	4.1141e-01	1.6885e-01	0.333153	2
GNB5	4	4.1141e-01	1.6885e-01	0.333153	2
HAS3	4	4.1144e-01	1.6885e-01	0.333153	2
NECAP2	4	4.1145e-01	1.6885e-01	0.333153	2
ZGLP1	4	4.1156e-01	1.6885e-01	0.333153	2
ZNF282	3	4.1169e-01	2.0008e-01	0.377557	1
RIBC1	4	4.1172e-01	1.6885e-01	0.333153	2
KIAA0895L	4	4.1175e-01	1.6885e-01	0.333153	2
PAQR3	4	4.1180e-01	1.6885e-01	0.333153	2
KCNK1	4	4.1181e-01	1.6885e-01	0.333153	2
STK31	4	4.1198e-01	1.6885e-01	0.333153	2
ARHGEF38	4	4.1209e-01	1.6885e-01	0.333153	2
OR4D9	4	4.1218e-01	1.6885e-01	0.333153	2
S100A1	4	4.1221e-01	1.6885e-01	0.333153	1
HSD11B1	4	4.1228e-01	1.6885e-01	0.333153	1
WFDC3	4	4.1232e-01	1.6885e-01	0.333153	2
RNASEH2C	4	4.1234e-01	1.6885e-01	0.333153	2
PKIA	4	4.1242e-01	1.6885e-01	0.333153	2
SERBP1	4	4.1242e-01	1.6885e-01	0.333153	2
FLT3LG	4	4.1242e-01	1.6885e-01	0.333153	2
ZNF436	4	4.1245e-01	1.6885e-01	0.333153	2
LMBR1	4	4.1246e-01	1.6885e-01	0.333153	2
GIPC1	4	4.1248e-01	1.6885e-01	0.333153	2
CAMKK1	4	4.1261e-01	1.6885e-01	0.333153	2
KLHL1	4	4.1264e-01	1.6885e-01	0.333153	2
ZNF318	4	4.1270e-01	1.6885e-01	0.333153	2
VAMP3	4	4.1277e-01	1.6885e-01	0.333153	2
SYT11	4	4.1294e-01	1.6885e-01	0.333153	2
STARD6	4	4.1298e-01	1.6885e-01	0.333153	1
HNRNPAB	4	4.1305e-01	1.6885e-01	0.333153	2
SPPL2C	4	4.1310e-01	1.6885e-01	0.333153	2
FASTK	4	4.1312e-01	1.6885e-01	0.333153	1
AP2B1	4	4.1315e-01	1.6885e-01	0.333153	2
DLX1	4	4.1319e-01	1.6885e-01	0.333153	2
EIF2AK4	4	4.1326e-01	1.6885e-01	0.333153	2
C8orf48	4	4.1329e-01	1.6885e-01	0.333153	2
CORO1C	4	4.1332e-01	1.6885e-01	0.333153	1
PRAMEF14	4	4.1340e-01	1.6885e-01	0.333153	2
TMPRSS13	4	4.1346e-01	1.6885e-01	0.333153	2
CCDC130	4	4.1358e-01	1.6885e-01	0.333153	2
PCDHGA7	4	4.1388e-01	1.6885e-01	0.333153	1
RHBDL3	4	4.1394e-01	1.6885e-01	0.333153	2
DERA	4	4.1394e-01	1.6885e-01	0.333153	2
OR5T3	4	4.1402e-01	1.6983e-01	0.334429	1
IRAK1BP1	4	4.1406e-01	1.6983e-01	0.334429	2
TP53I13	4	4.1409e-01	1.6983e-01	0.334429	1
SAA4	4	4.1411e-01	1.6983e-01	0.334429	2
KRTAP4-8	4	4.1419e-01	1.6983e-01	0.334429	1
VSTM2B	4	4.1427e-01	1.6983e-01	0.334429	2
CLCN4	4	4.1429e-01	1.6983e-01	0.334429	2
USP17L24	4	4.1432e-01	1.6983e-01	0.334429	2
BGLAP	4	4.1447e-01	1.6983e-01	0.334429	1
CCNT1	4	4.1452e-01	1.6983e-01	0.334429	2
SMPD2	4	4.1478e-01	1.6983e-01	0.334429	2
CT47A4	4	4.1481e-01	1.6983e-01	0.334429	1
KLK7	4	4.1487e-01	1.6983e-01	0.334429	1
TMEM257	4	4.1487e-01	1.6983e-01	0.334429	1
TMEM14B	4	4.1491e-01	1.6983e-01	0.334429	2
SMIM21	4	4.1511e-01	1.6983e-01	0.334429	2
BRINP3	4	4.1516e-01	1.6983e-01	0.334429	2
PENK	4	4.1533e-01	1.6983e-01	0.334429	2
SOX11	4	4.1537e-01	1.6983e-01	0.334429	2
FBRS	4	4.1544e-01	1.7083e-01	0.336299	1
ZG16B	4	4.1547e-01	1.7083e-01	0.336299	2
TMOD3	4	4.1551e-01	1.7083e-01	0.336299	2
SLC5A7	4	4.1563e-01	1.7185e-01	0.338194	2
CYP2R1	4	4.1575e-01	1.7185e-01	0.338194	2
TREML4	4	4.1583e-01	1.7185e-01	0.338194	2
PIPOX	4	4.1592e-01	1.7287e-01	0.339619	2
NCOA5	4	4.1596e-01	1.7287e-01	0.339619	2
LRP11	4	4.1602e-01	1.7287e-01	0.339619	2
GPR155	4	4.1611e-01	1.7287e-01	0.339619	2
EDN3	4	4.1620e-01	1.7287e-01	0.339619	2
CRHR2	4	4.1640e-01	1.7287e-01	0.339619	1
KCNT1	4	4.1647e-01	1.7287e-01	0.339619	1
EPN2	4	4.1654e-01	1.7287e-01	0.339619	2
SRMS	4	4.1664e-01	1.7287e-01	0.339619	2
OGDH	4	4.1665e-01	1.7287e-01	0.339619	1
PAAF1	4	4.1687e-01	1.7287e-01	0.339619	2
MVB12A	4	4.1699e-01	1.7287e-01	0.339619	2
KRTAP4-12	4	4.1706e-01	1.7287e-01	0.339619	1
HLTF	4	4.1709e-01	1.7287e-01	0.339619	1
POLQ	4	4.1714e-01	1.7287e-01	0.339619	2
SULT1B1	4	4.1716e-01	1.7287e-01	0.339619	1
SEMA3F	4	4.1735e-01	1.7287e-01	0.339619	2
DBNDD1	4	4.1760e-01	1.7390e-01	0.339648	2
C12orf43	4	4.1767e-01	1.7390e-01	0.339648	2
VANGL2	4	4.1775e-01	1.7390e-01	0.339648	2
CCDC13	4	4.1779e-01	1.7390e-01	0.339648	2
CEP83	4	4.1781e-01	1.7390e-01	0.339648	2
APC	4	4.1795e-01	1.7390e-01	0.339648	2
ITGA2	4	4.1799e-01	1.7390e-01	0.339648	2
ELANE	4	4.1802e-01	1.7390e-01	0.339648	2
RTL1	4	4.1802e-01	1.7390e-01	0.339648	2
PARP10	4	4.1808e-01	1.7390e-01	0.339648	2
PCDHGA4	4	4.1820e-01	1.7390e-01	0.339648	1
HIBADH	4	4.1825e-01	1.7390e-01	0.339648	2
CFAP46	4	4.1830e-01	1.7390e-01	0.339648	1
DNAH8	4	4.1840e-01	1.7390e-01	0.339648	2
LUM	4	4.1852e-01	1.7390e-01	0.339648	2
SMLR1	4	4.1857e-01	1.7390e-01	0.339648	2
BMX	4	4.1861e-01	1.7390e-01	0.339648	2
KCNQ3	4	4.1866e-01	1.7390e-01	0.339648	2
SLC52A2	4	4.1868e-01	1.7390e-01	0.339648	2
IL1RL1	4	4.1875e-01	1.7390e-01	0.339648	2
TUB	4	4.1878e-01	1.7390e-01	0.339648	2
TXNRD2	4	4.1882e-01	1.7390e-01	0.339648	2
JOSD1	4	4.1889e-01	1.7390e-01	0.339648	1
KRTAP13-2	4	4.1893e-01	1.7390e-01	0.339648	2
CYLC1	4	4.1898e-01	1.7390e-01	0.339648	2
SERPINB8	4	4.1899e-01	1.7390e-01	0.339648	1
CALM3	4	4.1900e-01	1.7390e-01	0.339648	2
OSR1	4	4.1905e-01	1.7390e-01	0.339648	2
PCDHGA5	4	4.1907e-01	1.7390e-01	0.339648	2
SLC22A17	4	4.1913e-01	1.7390e-01	0.339648	1
DCANP1	4	4.1916e-01	1.7390e-01	0.339648	2
SNX20	4	4.1927e-01	1.7390e-01	0.339648	1
HELZ2	4	4.1934e-01	1.7390e-01	0.339648	2
OR2T12	4	4.1937e-01	1.7390e-01	0.339648	2
LRRC59	4	4.1942e-01	1.7390e-01	0.339648	2
TTC3	4	4.1949e-01	1.7390e-01	0.339648	2
YBX2	4	4.1951e-01	1.7390e-01	0.339648	1
MRGPRD	4	4.1951e-01	1.7390e-01	0.339648	2
CCDC36	4	4.1954e-01	1.7390e-01	0.339648	2
PF4	4	4.1962e-01	1.7390e-01	0.339648	2
RIN2	4	4.1974e-01	1.7390e-01	0.339648	2
DPEP3	4	4.1990e-01	1.7390e-01	0.339648	2
DDT	4	4.2003e-01	1.7390e-01	0.339648	2
EHMT2	4	4.2006e-01	1.7390e-01	0.339648	2
ST6GAL1	4	4.2027e-01	1.7390e-01	0.339648	2
CD160	4	4.2045e-01	1.7390e-01	0.339648	2
LTBP2	4	4.2074e-01	1.7390e-01	0.339648	2
OR52B4	4	4.2077e-01	1.7390e-01	0.339648	2
POMGNT2	4	4.2081e-01	1.7390e-01	0.339648	1
ARF3	4	4.2100e-01	1.7390e-01	0.339648	2
ARHGAP10	4	4.2105e-01	1.7390e-01	0.339648	2
LSP1	4	4.2109e-01	1.7390e-01	0.339648	2
PCDHB6	4	4.2116e-01	1.7390e-01	0.339648	2
IL15	4	4.2123e-01	1.7390e-01	0.339648	2
APBA3	4	4.2126e-01	1.7390e-01	0.339648	2
ADGRL3	4	4.2126e-01	1.7390e-01	0.339648	2
ZBTB4	4	4.2136e-01	1.7390e-01	0.339648	2
DCAF8L1	4	4.2155e-01	1.7720e-01	0.345796	2
KCTD2	4	4.2157e-01	1.7720e-01	0.345796	1
REG3A	4	4.2162e-01	1.7720e-01	0.345796	2
CAV1	4	4.2164e-01	1.7720e-01	0.345796	2
TCP10L	4	4.2167e-01	1.7720e-01	0.345796	2
ABHD17A	4	4.2177e-01	1.7823e-01	0.345796	1
INSM1	4	4.2190e-01	1.7823e-01	0.345796	2
SLC9A1	4	4.2194e-01	1.7823e-01	0.345796	2
ATHL1	4	4.2198e-01	1.7823e-01	0.345796	2
SSX2IP	4	4.2199e-01	1.7823e-01	0.345796	2
CNTRL	4	4.2201e-01	1.7823e-01	0.345796	1
ABLIM1	4	4.2204e-01	1.7823e-01	0.345796	2
TXNDC5	4	4.2208e-01	1.7823e-01	0.345796	2
KRT23	4	4.2222e-01	1.7823e-01	0.345796	2
C19orf47	4	4.2234e-01	1.7823e-01	0.345796	2
CSAD	4	4.2247e-01	1.7823e-01	0.345796	2
C19orf68	4	4.2254e-01	1.7823e-01	0.345796	2
BEND2	4	4.2263e-01	1.7823e-01	0.345796	1
RAB29	4	4.2286e-01	1.7823e-01	0.345796	2
LRP5L	4	4.2313e-01	1.7823e-01	0.345796	2
TLR1	4	4.2323e-01	1.7823e-01	0.345796	2
CCDC106	4	4.2335e-01	1.7823e-01	0.345796	1
BOLA3	3	4.2349e-01	2.0705e-01	0.386414	2
FUZ	4	4.2353e-01	1.7823e-01	0.345796	2
SPANXC	4	4.2357e-01	1.7823e-01	0.345796	2
GSK3A	4	4.2362e-01	1.7823e-01	0.345796	1
PCNP	4	4.2379e-01	1.7823e-01	0.345796	2
CFAP45	4	4.2383e-01	1.7823e-01	0.345796	1
GPR50	4	4.2384e-01	1.7823e-01	0.345796	2
C7orf55	4	4.2388e-01	1.7823e-01	0.345796	2
TMEM52	4	4.2390e-01	1.7823e-01	0.345796	2
CORIN	4	4.2397e-01	1.7823e-01	0.345796	1
ERICH5	4	4.2397e-01	1.7823e-01	0.345796	2
AWAT1	4	4.2400e-01	1.7823e-01	0.345796	2
VCPKMT	4	4.2403e-01	1.7823e-01	0.345796	2
BMF	4	4.2404e-01	1.7823e-01	0.345796	2
ANKRD34B	4	4.2408e-01	1.7823e-01	0.345796	2
HIF1AN	4	4.2414e-01	1.7823e-01	0.345796	2
CNIH3	4	4.2424e-01	1.7823e-01	0.345796	2
KCNJ16	4	4.2427e-01	1.7823e-01	0.345796	1
UHMK1	4	4.2431e-01	1.7823e-01	0.345796	2
STK33	4	4.2434e-01	1.7823e-01	0.345796	2
DEFB132	4	4.2438e-01	1.7823e-01	0.345796	2
ANKRD60	4	4.2441e-01	1.7823e-01	0.345796	2
KLHL15	4	4.2444e-01	1.7823e-01	0.345796	2
ZNF761	4	4.2448e-01	1.7823e-01	0.345796	1
ZDHHC7	4	4.2454e-01	1.7823e-01	0.345796	2
DST	4	4.2458e-01	1.7823e-01	0.345796	2
ACYP2	4	4.2463e-01	1.7823e-01	0.345796	2
CA4	4	4.2470e-01	1.7823e-01	0.345796	1
OR2T2	4	4.2477e-01	1.7823e-01	0.345796	1
C1S	4	4.2485e-01	1.7823e-01	0.345796	2
DCAF12L2	4	4.2489e-01	1.7823e-01	0.345796	2
UMAD1	4	4.2492e-01	1.7823e-01	0.345796	1
BAX	4	4.2509e-01	1.7823e-01	0.345796	2
HDDC2	4	4.2523e-01	1.7823e-01	0.345796	2
ATP1B4	4	4.2537e-01	1.7823e-01	0.345796	2
TCTE3	4	4.2540e-01	1.7823e-01	0.345796	1
TRAP1	4	4.2544e-01	1.7823e-01	0.345796	2
ARL17B	4	4.2548e-01	1.7823e-01	0.345796	2
BTBD8	4	4.2550e-01	1.7823e-01	0.345796	1
CAPS2	4	4.2551e-01	1.7823e-01	0.345796	2
RMND5B	4	4.2554e-01	1.7823e-01	0.345796	1
OR4M2	4	4.2555e-01	1.7823e-01	0.345796	2
MOXD1	4	4.2561e-01	1.7823e-01	0.345796	1
GPR31	4	4.2571e-01	1.7823e-01	0.345796	2
L3HYPDH	4	4.2584e-01	1.7925e-01	0.347651	1
BBS7	4	4.2592e-01	1.7925e-01	0.347651	2
BTBD10	4	4.2603e-01	1.7925e-01	0.347651	2
CYP27A1	4	4.2608e-01	1.7926e-01	0.347651	2
CA11	4	4.2629e-01	1.8031e-01	0.349233	2
LUC7L	4	4.2636e-01	1.8031e-01	0.349233	2
TPO	4	4.2645e-01	1.8031e-01	0.349233	2
ST3GAL2	4	4.2663e-01	1.8031e-01	0.349233	2
ADRBK2	4	4.2666e-01	1.8031e-01	0.349233	1
SULT1E1	4	4.2670e-01	1.8031e-01	0.349233	2
ZRSR2	4	4.2673e-01	1.8031e-01	0.349233	1
SLC2A1	4	4.2677e-01	1.8031e-01	0.349233	2
CT83	4	4.2683e-01	1.8031e-01	0.349233	1
FOXE1	4	4.2697e-01	1.8031e-01	0.349233	2
TMEM106B	4	4.2700e-01	1.8031e-01	0.349233	2
ZNF677	4	4.2717e-01	1.8138e-01	0.351264	2
SPIN3	4	4.2744e-01	1.8243e-01	0.353195	2
LAMP5	4	4.2746e-01	1.8243e-01	0.353195	2
DHRS7C	4	4.2748e-01	1.8243e-01	0.353195	1
OR7A10	4	4.2780e-01	1.8459e-01	0.356190	2
ZNF142	4	4.2782e-01	1.8459e-01	0.356190	2
LIMS2	4	4.2792e-01	1.8459e-01	0.356190	2
CALHM1	4	4.2796e-01	1.8459e-01	0.356190	2
CALN1	4	4.2799e-01	1.8459e-01	0.356190	1
KLHDC7A	4	4.2806e-01	1.8459e-01	0.356190	2
PEX11G	4	4.2810e-01	1.8459e-01	0.356190	2
IPO5	4	4.2816e-01	1.8459e-01	0.356190	1
B3GAT2	4	4.2819e-01	1.8459e-01	0.356190	2
UQCC2	4	4.2826e-01	1.8459e-01	0.356190	1
PPFIA4	4	4.2826e-01	1.8459e-01	0.356190	2
CHEK2	4	4.2830e-01	1.8459e-01	0.356190	2
PQLC2L	4	4.2842e-01	1.8459e-01	0.356190	2
YJEFN3	4	4.2847e-01	1.8459e-01	0.356190	2
AMY2B	4	4.2850e-01	1.8459e-01	0.356190	2
PM20D1	4	4.2854e-01	1.8459e-01	0.356190	2
C1RL	4	4.2858e-01	1.8459e-01	0.356190	2
PRAMEF6	4	4.2861e-01	1.8459e-01	0.356190	2
WDR47	4	4.2875e-01	1.8459e-01	0.356190	2
RAB21	4	4.2887e-01	1.8459e-01	0.356190	1
KRT6B	4	4.2891e-01	1.8459e-01	0.356190	1
SELK	4	4.2901e-01	1.8459e-01	0.356190	2
STRC	4	4.2902e-01	1.8459e-01	0.356190	2
PPP1R26	4	4.2907e-01	1.8459e-01	0.356190	2
STEAP4	4	4.2920e-01	1.8459e-01	0.356190	2
OSBPL10	4	4.2923e-01	1.8459e-01	0.356190	2
LYRM2	4	4.2925e-01	1.8459e-01	0.356190	2
PMEPA1	4	4.2942e-01	1.8459e-01	0.356190	1
ETV7	4	4.2946e-01	1.8459e-01	0.356190	2
SS18L1	4	4.2955e-01	1.8459e-01	0.356190	2
DOK4	4	4.2955e-01	1.8459e-01	0.356190	2
STAT5A	4	4.2959e-01	1.8459e-01	0.356190	2
GUCY2C	4	4.2962e-01	1.8459e-01	0.356190	2
MLNR	4	4.2969e-01	1.8565e-01	0.358121	2
TMEM242	4	4.2983e-01	1.8565e-01	0.358121	1
SSX5	4	4.2989e-01	1.8565e-01	0.358121	2
ZNF513	4	4.2999e-01	1.8674e-01	0.359613	1
ST8SIA4	4	4.3006e-01	1.8674e-01	0.359613	2
AADAC	4	4.3037e-01	1.8674e-01	0.359613	1
WFDC5	4	4.3040e-01	1.8674e-01	0.359613	2
ARHGEF1	4	4.3042e-01	1.8674e-01	0.359613	2
TMEM262	4	4.3044e-01	1.8674e-01	0.359613	2
SLITRK2	4	4.3055e-01	1.8674e-01	0.359613	2
TMPRSS3	4	4.3058e-01	1.8674e-01	0.359613	2
ELAVL2	4	4.3062e-01	1.8674e-01	0.359613	2
GYS2	4	4.3065e-01	1.8674e-01	0.359613	2
ZNF587	4	4.3067e-01	1.8674e-01	0.359613	1
BCL2L14	4	4.3067e-01	1.8674e-01	0.359613	2
MORC1	4	4.3071e-01	1.8674e-01	0.359613	2
GRM6	4	4.3077e-01	1.8674e-01	0.359613	2
TCEAL4	4	4.3081e-01	1.8674e-01	0.359613	1
WASF3	4	4.3084e-01	1.8674e-01	0.359613	1
CDC25A	4	4.3094e-01	1.8674e-01	0.359613	1
SCCPDH	3	4.3098e-01	2.1203e-01	0.393064	2
STAP1	4	4.3120e-01	1.8894e-01	0.362715	2
CYTH1	4	4.3122e-01	1.8894e-01	0.362715	2
ATXN1L	4	4.3123e-01	1.8894e-01	0.362715	2
IGFBP1	4	4.3134e-01	1.8894e-01	0.362715	2
CCDC62	4	4.3136e-01	1.8894e-01	0.362715	2
LGALS1	4	4.3142e-01	1.8894e-01	0.362715	2
PRMT6	4	4.3157e-01	1.8894e-01	0.362715	2
FLII	4	4.3159e-01	1.8894e-01	0.362715	2
SRPK3	4	4.3162e-01	1.8894e-01	0.362715	1
S100A7A	4	4.3176e-01	1.8894e-01	0.362715	2
FRRS1L	4	4.3178e-01	1.8894e-01	0.362715	2
VWF	4	4.3182e-01	1.8894e-01	0.362715	2
DCUN1D5	4	4.3185e-01	1.8894e-01	0.362715	2
CLINT1	4	4.3199e-01	1.8894e-01	0.362715	2
GCA	4	4.3203e-01	1.8894e-01	0.362715	2
IFITM10	4	4.3206e-01	1.8894e-01	0.362715	2
NINL	4	4.3210e-01	1.8894e-01	0.362715	1
C11orf94	4	4.3212e-01	1.8894e-01	0.362715	2
METRN	4	4.3221e-01	1.8894e-01	0.362715	1
LILRA1	4	4.3237e-01	1.8894e-01	0.362715	2
SPANXA1	4	4.3240e-01	1.8894e-01	0.362715	1
HAND2	4	4.3245e-01	1.8894e-01	0.362715	2
MYH7B	4	4.3250e-01	1.8894e-01	0.362715	1
IL12B	4	4.3258e-01	1.8894e-01	0.362715	2
GUCY2D	4	4.3260e-01	1.8894e-01	0.362715	2
PURG	4	4.3267e-01	1.8894e-01	0.362715	2
WISP2	4	4.3267e-01	1.8894e-01	0.362715	2
SMDT1	4	4.3279e-01	1.8894e-01	0.362715	2
IGSF1	4	4.3284e-01	1.8894e-01	0.362715	1
CCL21	4	4.3300e-01	1.9006e-01	0.364493	2
PGLYRP3	4	4.3311e-01	1.9006e-01	0.364493	2
GALNTL5	4	4.3318e-01	1.9006e-01	0.364493	2
PEX5	4	4.3327e-01	1.9006e-01	0.364493	2
CLOCK	4	4.3331e-01	1.9006e-01	0.364493	2
UBR7	4	4.3341e-01	1.9006e-01	0.364493	2
MYBPH	4	4.3343e-01	1.9006e-01	0.364493	2
DPYSL2	4	4.3345e-01	1.9006e-01	0.364493	2
IGSF11	4	4.3348e-01	1.9006e-01	0.364493	2
BTBD9	4	4.3350e-01	1.9006e-01	0.364493	2
ZSWIM3	4	4.3354e-01	1.9119e-01	0.365269	2
AGPAT5	4	4.3358e-01	1.9119e-01	0.365269	1
RNF2	4	4.3362e-01	1.9119e-01	0.365269	2
UBXN8	3	4.3367e-01	2.1366e-01	0.395098	1
DAPP1	4	4.3368e-01	1.9119e-01	0.365269	2
FDXACB1	4	4.3368e-01	1.9119e-01	0.365269	2
SLC22A24	4	4.3380e-01	1.9119e-01	0.365269	2
SREBF1	4	4.3392e-01	1.9119e-01	0.365269	2
BOLA2B	4	4.3396e-01	1.9119e-01	0.365269	2
GALNT16	4	4.3412e-01	1.9119e-01	0.365269	2
ATP1A3	4	4.3416e-01	1.9119e-01	0.365269	2
TMED8	4	4.3416e-01	1.9119e-01	0.365269	2
PSMB10	4	4.3423e-01	1.9119e-01	0.365269	2
HEPN1	4	4.3428e-01	1.9119e-01	0.365269	2
TM6SF2	4	4.3436e-01	1.9119e-01	0.365269	1
LRFN2	4	4.3442e-01	1.9119e-01	0.365269	2
PNPLA8	4	4.3445e-01	1.9119e-01	0.365269	2
SERPINA7	4	4.3455e-01	1.9119e-01	0.365269	2
MUC22	4	4.3471e-01	1.9119e-01	0.365269	1
FBLN2	4	4.3471e-01	1.9119e-01	0.365269	1
ZNF652	4	4.3476e-01	1.9119e-01	0.365269	1
TRPC4	4	4.3478e-01	1.9119e-01	0.365269	2
OR6M1	4	4.3488e-01	1.9119e-01	0.365269	2
CDK3	4	4.3491e-01	1.9119e-01	0.365269	2
ANKS1A	4	4.3493e-01	1.9119e-01	0.365269	1
PROZ	4	4.3513e-01	1.9119e-01	0.365269	2
BSPRY	4	4.3520e-01	1.9119e-01	0.365269	2
LOC100505549	4	4.3522e-01	1.9119e-01	0.365269	2
LTN1	4	4.3530e-01	1.9119e-01	0.365269	2
PLA2G12B	4	4.3540e-01	1.9119e-01	0.365269	2
KRTAP10-2	4	4.3554e-01	1.9119e-01	0.365269	2
OCLN	4	4.3556e-01	1.9119e-01	0.365269	2
LAMP1	4	4.3557e-01	1.9119e-01	0.365269	2
PCDHGA11	4	4.3567e-01	1.9119e-01	0.365269	2
OLFM2	4	4.3572e-01	1.9119e-01	0.365269	1
LRRC36	4	4.3575e-01	1.9119e-01	0.365269	2
TMPRSS4	4	4.3579e-01	1.9119e-01	0.365269	2
GUCA1C	4	4.3584e-01	1.9119e-01	0.365269	2
ZNF165	4	4.3589e-01	1.9119e-01	0.365269	2
CCDC68	4	4.3598e-01	1.9234e-01	0.366871	2
CSRP2BP	4	4.3602e-01	1.9234e-01	0.366871	2
HHIPL2	4	4.3611e-01	1.9234e-01	0.366871	2
TRIM6-TRIM34	4	4.3615e-01	1.9234e-01	0.366871	1
LRRIQ4	4	4.3625e-01	1.9234e-01	0.366871	2
DTX3	4	4.3635e-01	1.9234e-01	0.366871	2
OR10K2	4	4.3648e-01	1.9234e-01	0.366871	2
PRR23D1	4	4.3655e-01	1.9234e-01	0.366871	2
MAN2A1	4	4.3658e-01	1.9234e-01	0.366871	1
CLIC4	4	4.3660e-01	1.9234e-01	0.366871	2
KLK8	4	4.3687e-01	1.9234e-01	0.366871	2
FIGF	4	4.3692e-01	1.9234e-01	0.366871	2
CDRT15	4	4.3694e-01	1.9234e-01	0.366871	2
C12orf80	4	4.3695e-01	1.9234e-01	0.366871	2
CBX4	4	4.3696e-01	1.9234e-01	0.366871	2
OR2AE1	4	4.3702e-01	1.9346e-01	0.366871	1
IFNA2	4	4.3708e-01	1.9346e-01	0.366871	2
OR56A4	4	4.3712e-01	1.9346e-01	0.366871	2
VKORC1	4	4.3717e-01	1.9346e-01	0.366871	2
GLUL	4	4.3719e-01	1.9346e-01	0.366871	1
SFRP2	4	4.3722e-01	1.9346e-01	0.366871	1
FANCG	4	4.3732e-01	1.9346e-01	0.366871	2
CREBL2	4	4.3733e-01	1.9346e-01	0.366871	2
SRD5A2	4	4.3738e-01	1.9346e-01	0.366871	2
ZFP36	4	4.3739e-01	1.9346e-01	0.366871	1
PDCD10	4	4.3742e-01	1.9346e-01	0.366871	1
SLIT3	4	4.3747e-01	1.9346e-01	0.366871	2
CHN1	4	4.3749e-01	1.9346e-01	0.366871	2
CLC	4	4.3752e-01	1.9346e-01	0.366871	1
CHRDL2	4	4.3754e-01	1.9346e-01	0.366871	2
KRT5	3	4.3754e-01	2.1530e-01	0.397802	2
SH3KBP1	4	4.3756e-01	1.9346e-01	0.366871	1
SLC41A1	4	4.3756e-01	1.9346e-01	0.366871	2
CPT1A	4	4.3761e-01	1.9346e-01	0.366871	2
SEZ6	4	4.3765e-01	1.9346e-01	0.366871	2
C9orf47	4	4.3783e-01	1.9346e-01	0.366871	2
SPATA2L	4	4.3806e-01	1.9346e-01	0.366871	1
AP1M2	4	4.3813e-01	1.9346e-01	0.366871	2
MLPH	4	4.3816e-01	1.9346e-01	0.366871	2
ZSWIM4	4	4.3829e-01	1.9346e-01	0.366871	2
TMEM176B	4	4.3836e-01	1.9346e-01	0.366871	2
PCYOX1L	4	4.3848e-01	1.9346e-01	0.366871	2
BBS4	4	4.3854e-01	1.9346e-01	0.366871	2
RNF113B	4	4.3859e-01	1.9346e-01	0.366871	2
PEX12	4	4.3872e-01	1.9346e-01	0.366871	2
PAICS	4	4.3873e-01	1.9346e-01	0.366871	2
GCNT3	4	4.3877e-01	1.9346e-01	0.366871	1
CFTR	4	4.3887e-01	1.9346e-01	0.366871	1
C16orf82	3	4.3897e-01	2.1530e-01	0.397802	2
ERICH6B	4	4.3903e-01	1.9346e-01	0.366871	2
AGR2	4	4.3914e-01	1.9346e-01	0.366871	2
KIAA1257	4	4.3917e-01	1.9346e-01	0.366871	2
DENND4C	4	4.3920e-01	1.9346e-01	0.366871	2
HBP1	4	4.3926e-01	1.9346e-01	0.366871	2
CSF2	4	4.3953e-01	1.9346e-01	0.366871	2
PDE1A	4	4.3954e-01	1.9346e-01	0.366871	2
FAM107A	4	4.3960e-01	1.9346e-01	0.366871	1
MARCHF10	4	4.3967e-01	1.9346e-01	0.366871	1
RBM43	4	4.3976e-01	1.9346e-01	0.366871	2
RHBDD1	4	4.3984e-01	1.9346e-01	0.366871	1
STAM	4	4.3996e-01	1.9346e-01	0.366871	2
THNSL1	4	4.4011e-01	1.9346e-01	0.366871	2
PHC3	4	4.4011e-01	1.9346e-01	0.366871	2
URAD	4	4.4029e-01	1.9346e-01	0.366871	2
PLEKHG3	4	4.4038e-01	1.9346e-01	0.366871	2
HOXB2	4	4.4041e-01	1.9346e-01	0.366871	2
PRSS1	4	4.4061e-01	1.9346e-01	0.366871	2
MATK	4	4.4061e-01	1.9346e-01	0.366871	2
MBOAT7	4	4.4064e-01	1.9346e-01	0.366871	2
PIK3C2A	4	4.4073e-01	1.9346e-01	0.366871	2
MYOM2	4	4.4074e-01	1.9346e-01	0.366871	2
DCC	4	4.4078e-01	1.9346e-01	0.366871	2
RABEP2	4	4.4098e-01	1.9346e-01	0.366871	2
CD5L	4	4.4121e-01	1.9346e-01	0.366871	2
TMEM216	4	4.4131e-01	1.9346e-01	0.366871	2
BLOC1S4	4	4.4131e-01	1.9346e-01	0.366871	2
NEFM	4	4.4134e-01	1.9346e-01	0.366871	1
MSC	4	4.4151e-01	1.9456e-01	0.368616	2
NKX2-8	4	4.4164e-01	1.9456e-01	0.368616	2
PCDHB7	4	4.4164e-01	1.9456e-01	0.368616	2
SLC22A3	4	4.4178e-01	1.9456e-01	0.368616	2
USP35	4	4.4180e-01	1.9456e-01	0.368616	2
TAS1R3	4	4.4184e-01	1.9456e-01	0.368616	2
C12orf40	4	4.4187e-01	1.9456e-01	0.368616	2
DDX25	4	4.4191e-01	1.9456e-01	0.368616	1
FAM231A	4	4.4194e-01	1.9456e-01	0.368616	2
TTC36	4	4.4201e-01	1.9573e-01	0.369744	2
ENDOD1	4	4.4203e-01	1.9573e-01	0.369744	1
ZIC4	4	4.4208e-01	1.9573e-01	0.369744	2
PRELID2	4	4.4208e-01	1.9573e-01	0.369744	2
AAGAB	4	4.4217e-01	1.9573e-01	0.369744	2
PTGES3L	4	4.4236e-01	1.9573e-01	0.369744	2
ZNF45	4	4.4236e-01	1.9573e-01	0.369744	1
FBXO38	4	4.4245e-01	1.9573e-01	0.369744	2
DCHS1	4	4.4256e-01	1.9573e-01	0.369744	2
SLC26A6	4	4.4261e-01	1.9573e-01	0.369744	2
GPR83	4	4.4268e-01	1.9573e-01	0.369744	2
CYB5D1	4	4.4274e-01	1.9573e-01	0.369744	2
ATP12A	4	4.4291e-01	1.9573e-01	0.369744	1
MTMR7	4	4.4302e-01	1.9573e-01	0.369744	2
SMOC2	4	4.4320e-01	1.9573e-01	0.369744	2
PABPC4L	4	4.4325e-01	1.9573e-01	0.369744	2
APCDD1	4	4.4327e-01	1.9573e-01	0.369744	2
TOR3A	4	4.4332e-01	1.9573e-01	0.369744	2
ZNF544	4	4.4334e-01	1.9573e-01	0.369744	2
NOA1	4	4.4335e-01	1.9573e-01	0.369744	2
TSC22D4	4	4.4338e-01	1.9573e-01	0.369744	1
ANKRD62	4	4.4339e-01	1.9573e-01	0.369744	2
PAFAH2	4	4.4341e-01	1.9573e-01	0.369744	2
MEGF8	4	4.4358e-01	1.9573e-01	0.369744	2
ZNF485	4	4.4361e-01	1.9573e-01	0.369744	2
NCAM2	4	4.4368e-01	1.9573e-01	0.369744	1
NXT1	4	4.4368e-01	1.9573e-01	0.369744	2
AMT	4	4.4373e-01	1.9573e-01	0.369744	2
RAB30	4	4.4378e-01	1.9573e-01	0.369744	1
GIMD1	4	4.4391e-01	1.9802e-01	0.373882	2
MYL10	4	4.4395e-01	1.9802e-01	0.373882	1
CIB4	4	4.4415e-01	1.9802e-01	0.373882	1
RHOC	4	4.4419e-01	1.9802e-01	0.373882	2
SPACA3	4	4.4435e-01	1.9802e-01	0.373882	2
FGG	4	4.4446e-01	1.9919e-01	0.375933	2
RASSF1	4	4.4451e-01	1.9919e-01	0.375933	2
MYB	4	4.4460e-01	1.9919e-01	0.375933	2
LTB4R	4	4.4465e-01	2.0030e-01	0.377557	2
LSMEM1	4	4.4469e-01	2.0030e-01	0.377557	2
TRIM50	4	4.4488e-01	2.0030e-01	0.377557	2
FAM122C	4	4.4488e-01	2.0030e-01	0.377557	1
ZNF117	4	4.4490e-01	2.0030e-01	0.377557	2
USP17L17	4	4.4503e-01	2.0030e-01	0.377557	1
FBXL4	4	4.4511e-01	2.0031e-01	0.377557	2
MCOLN3	4	4.4515e-01	2.0031e-01	0.377557	2
OR3A1	4	4.4524e-01	2.0031e-01	0.377557	2
TMEM247	4	4.4528e-01	2.0031e-01	0.377557	1
PTPRJ	4	4.4531e-01	2.0031e-01	0.377557	2
BBC3	4	4.4538e-01	2.0031e-01	0.377557	2
SPINK9	4	4.4556e-01	2.0143e-01	0.378380	2
C6orf99	4	4.4572e-01	2.0143e-01	0.378380	2
C3orf20	4	4.4574e-01	2.0143e-01	0.378380	2
ARHGEF4	4	4.4575e-01	2.0143e-01	0.378380	2
APOPT1	4	4.4577e-01	2.0143e-01	0.378380	2
MS4A13	4	4.4588e-01	2.0143e-01	0.378380	2
AIFM3	4	4.4593e-01	2.0143e-01	0.378380	2
COMMD8	4	4.4594e-01	2.0143e-01	0.378380	2
C12orf73	4	4.4607e-01	2.0143e-01	0.378380	2
RBL1	4	4.4611e-01	2.0143e-01	0.378380	1
SPIDR	4	4.4621e-01	2.0143e-01	0.378380	2
ARRDC4	4	4.4622e-01	2.0143e-01	0.378380	2
C11orf84	4	4.4630e-01	2.0143e-01	0.378380	2
CNNM3	4	4.4631e-01	2.0143e-01	0.378380	2
SLC25A1	4	4.4634e-01	2.0143e-01	0.378380	1
GPRASP2	4	4.4634e-01	2.0143e-01	0.378380	2
CPAMD8	4	4.4637e-01	2.0143e-01	0.378380	2
LELP1	4	4.4639e-01	2.0143e-01	0.378380	2
MDFI	4	4.4646e-01	2.0143e-01	0.378380	2
PHOSPHO2-KLHL23	4	4.4662e-01	2.0143e-01	0.378380	2
BAG6	4	4.4666e-01	2.0143e-01	0.378380	2
ZNF839	4	4.4671e-01	2.0143e-01	0.378380	2
RAMP3	4	4.4681e-01	2.0143e-01	0.378380	1
ARL6IP5	4	4.4682e-01	2.0143e-01	0.378380	2
C4orf48	4	4.4685e-01	2.0143e-01	0.378380	2
FANCL	4	4.4690e-01	2.0143e-01	0.378380	1
TMEM183B	4	4.4692e-01	2.0143e-01	0.378380	2
MYOD1	4	4.4694e-01	2.0143e-01	0.378380	1
KCNH4	4	4.4704e-01	2.0143e-01	0.378380	1
CSPG5	4	4.4707e-01	2.0143e-01	0.378380	2
RPRD1A	4	4.4710e-01	2.0143e-01	0.378380	2
LARP4B	4	4.4730e-01	2.0143e-01	0.378380	2
SAP30L	4	4.4735e-01	2.0143e-01	0.378380	2
PHKB	4	4.4749e-01	2.0143e-01	0.378380	2
USP20	4	4.4753e-01	2.0143e-01	0.378380	1
MTRR	4	4.4769e-01	2.0259e-01	0.379846	2
TNFAIP3	4	4.4773e-01	2.0259e-01	0.379846	2
SMURF2	4	4.4781e-01	2.0259e-01	0.379846	2
THYN1	4	4.4787e-01	2.0259e-01	0.379846	2
KCNJ4	4	4.4792e-01	2.0259e-01	0.379846	2
SERPINA3	4	4.4797e-01	2.0259e-01	0.379846	1
PGPEP1	4	4.4802e-01	2.0259e-01	0.379846	2
TRHDE	4	4.4803e-01	2.0259e-01	0.379846	1
CDK20	4	4.4806e-01	2.0259e-01	0.379846	1
RADIL	4	4.4810e-01	2.0259e-01	0.379846	1
PTPRB	4	4.4815e-01	2.0259e-01	0.379846	2
TCHH	4	4.4820e-01	2.0259e-01	0.379846	2
CALB2	4	4.4823e-01	2.0259e-01	0.379846	2
CLK2	4	4.4830e-01	2.0259e-01	0.379846	1
C8A	4	4.4831e-01	2.0259e-01	0.379846	2
ERGIC1	4	4.4836e-01	2.0259e-01	0.379846	2
NPAS1	4	4.4852e-01	2.0259e-01	0.379846	2
SNX2	4	4.4859e-01	2.0259e-01	0.379846	2
LOXL4	4	4.4859e-01	2.0259e-01	0.379846	2
SSH1	4	4.4863e-01	2.0378e-01	0.381067	1
SDK1	4	4.4870e-01	2.0378e-01	0.381067	2
TAS2R19	4	4.4877e-01	2.0378e-01	0.381067	2
BCKDHA	4	4.4883e-01	2.0378e-01	0.381067	2
UPK1A	4	4.4889e-01	2.0378e-01	0.381067	1
PHF2	4	4.4893e-01	2.0378e-01	0.381067	2
PKD2L1	4	4.4896e-01	2.0378e-01	0.381067	1
SLC2A10	4	4.4898e-01	2.0378e-01	0.381067	2
NKX3-1	4	4.4902e-01	2.0378e-01	0.381067	1
FOXP2	4	4.4905e-01	2.0378e-01	0.381067	2
CCDC181	4	4.4907e-01	2.0378e-01	0.381067	2
NCF4	4	4.4909e-01	2.0378e-01	0.381067	1
VPS37B	4	4.4909e-01	2.0378e-01	0.381067	2
GABRR3	4	4.4922e-01	2.0378e-01	0.381067	2
C2orf15	4	4.4923e-01	2.0378e-01	0.381067	2
PDZD7	4	4.4926e-01	2.0378e-01	0.381067	1
METAP1	4	4.4930e-01	2.0378e-01	0.381067	2
GRM1	4	4.4936e-01	2.0378e-01	0.381067	1
KLF12	4	4.4948e-01	2.0378e-01	0.381067	2
RAP1B	4	4.4949e-01	2.0378e-01	0.381067	2
WDR63	4	4.4952e-01	2.0378e-01	0.381067	1
SLAMF6	4	4.4955e-01	2.0378e-01	0.381067	2
KIF26B	4	4.4957e-01	2.0378e-01	0.381067	1
SPANXB1	4	4.4962e-01	2.0378e-01	0.381067	1
STXBP5L	4	4.4979e-01	2.0378e-01	0.381067	2
DPP7	4	4.4982e-01	2.0378e-01	0.381067	2
C5orf47	4	4.4985e-01	2.0378e-01	0.381067	2
SPICE1	4	4.4998e-01	2.0495e-01	0.382913	2
CSRNP2	4	4.5002e-01	2.0495e-01	0.382913	2
C19orf44	4	4.5005e-01	2.0495e-01	0.382913	2
EIF2AK1	4	4.5008e-01	2.0495e-01	0.382913	2
TBX6	4	4.5012e-01	2.0495e-01	0.382913	2
PHF13	4	4.5015e-01	2.0495e-01	0.382913	2
SLC7A14	4	4.5021e-01	2.0495e-01	0.382913	2
RBM14-RBM4	4	4.5028e-01	2.0495e-01	0.382913	1
SHISA8	4	4.5028e-01	2.0495e-01	0.382913	2
C9orf129	4	4.5048e-01	2.0612e-01	0.384730	2
ESX1	4	4.5058e-01	2.0612e-01	0.384730	2
IAH1	4	4.5061e-01	2.0612e-01	0.384730	1
SLC1A6	4	4.5064e-01	2.0612e-01	0.384730	1
VAPA	4	4.5071e-01	2.0612e-01	0.384730	2
PCDH12	4	4.5076e-01	2.0612e-01	0.384730	2
C11orf98	4	4.5079e-01	2.0612e-01	0.384730	2
SFXN2	3	4.5081e-01	2.2201e-01	0.407230	2
OR5H15	4	4.5084e-01	2.0612e-01	0.384730	2
TFAP2D	4	4.5088e-01	2.0612e-01	0.384730	2
CAMTA1	4	4.5095e-01	2.0612e-01	0.384730	2
ENC1	4	4.5104e-01	2.0732e-01	0.386849	2
CLDN12	4	4.5107e-01	2.0732e-01	0.386849	1
STX6	4	4.5114e-01	2.0970e-01	0.390451	2
TM9SF3	4	4.5131e-01	2.0970e-01	0.390451	2
METTL21A	4	4.5134e-01	2.0970e-01	0.390451	2
FAM193A	4	4.5136e-01	2.0970e-01	0.390451	2
PLET1	4	4.5138e-01	2.0970e-01	0.390451	2
KIR2DS4	4	4.5153e-01	2.0970e-01	0.390451	2
HK1	4	4.5160e-01	2.0970e-01	0.390451	1
NEUROG1	4	4.5168e-01	2.0970e-01	0.390451	1
TSSC4	4	4.5175e-01	2.0970e-01	0.390451	2
OR5I1	4	4.5183e-01	2.0970e-01	0.390451	2
ADGRB2	4	4.5188e-01	2.0970e-01	0.390451	1
DPPA2	4	4.5191e-01	2.0970e-01	0.390451	2
RNF224	4	4.5198e-01	2.0970e-01	0.390451	2
PDZD9	3	4.5201e-01	2.2201e-01	0.407230	1
GDAP2	4	4.5209e-01	2.0970e-01	0.390451	2
CRIPT	4	4.5229e-01	2.0970e-01	0.390451	1
VN1R1	4	4.5243e-01	2.0970e-01	0.390451	2
FUNDC2	4	4.5265e-01	2.0970e-01	0.390451	2
LOC101928436	4	4.5269e-01	2.0970e-01	0.390451	2
PDE12	4	4.5271e-01	2.0970e-01	0.390451	2
PER3	4	4.5285e-01	2.0970e-01	0.390451	2
POU2AF1	4	4.5285e-01	2.0970e-01	0.390451	1
PTCRA	4	4.5287e-01	2.0970e-01	0.390451	2
SCRG1	4	4.5295e-01	2.1089e-01	0.392356	2
C6orf222	4	4.5301e-01	2.1089e-01	0.392356	2
PAG1	3	4.5305e-01	2.2201e-01	0.407230	2
LONRF2	4	4.5314e-01	2.1089e-01	0.392356	2
FXYD2	4	4.5321e-01	2.1089e-01	0.392356	2
ACAP1	4	4.5321e-01	2.1089e-01	0.392356	2
DEFA1B	4	4.5326e-01	2.1089e-01	0.392356	2
CCDC40	4	4.5330e-01	2.1089e-01	0.392356	2
OR1L1	4	4.5354e-01	2.1089e-01	0.392356	2
DBNDD2	4	4.5381e-01	2.1215e-01	0.393064	2
POFUT2	4	4.5381e-01	2.1215e-01	0.393064	2
TOMM34	4	4.5385e-01	2.1215e-01	0.393064	1
CCDC127	4	4.5390e-01	2.1215e-01	0.393064	1
SLC16A9	4	4.5392e-01	2.1215e-01	0.393064	2
MST1L	4	4.5397e-01	2.1215e-01	0.393064	1
SOX10	4	4.5400e-01	2.1215e-01	0.393064	2
TSSK2	4	4.5406e-01	2.1215e-01	0.393064	2
KHDC3L	4	4.5407e-01	2.1215e-01	0.393064	2
CACNG8	4	4.5408e-01	2.1215e-01	0.393064	2
ERGIC3	4	4.5411e-01	2.1215e-01	0.393064	2
EXO1	4	4.5423e-01	2.1215e-01	0.393064	2
DEAF1	4	4.5424e-01	2.1215e-01	0.393064	2
ZNF573	4	4.5427e-01	2.1215e-01	0.393064	1
ZNF236	4	4.5429e-01	2.1215e-01	0.393064	2
ZNF177	4	4.5440e-01	2.1215e-01	0.393064	2
CLEC4C	4	4.5453e-01	2.1215e-01	0.393064	1
B3GNT5	4	4.5454e-01	2.1215e-01	0.393064	2
SDK2	4	4.5461e-01	2.1215e-01	0.393064	2
KAT2B	4	4.5469e-01	2.1215e-01	0.393064	1
RIT2	4	4.5475e-01	2.1215e-01	0.393064	2
TMEM217	4	4.5476e-01	2.1215e-01	0.393064	1
ITGA10	4	4.5482e-01	2.1215e-01	0.393064	2
ISM1	4	4.5486e-01	2.1215e-01	0.393064	1
CLDN4	4	4.5493e-01	2.1215e-01	0.393064	2
TOB2	4	4.5495e-01	2.1215e-01	0.393064	2
RASSF4	4	4.5495e-01	2.1215e-01	0.393064	1
KCTD15	4	4.5504e-01	2.1215e-01	0.393064	1
TNKS2	4	4.5509e-01	2.1215e-01	0.393064	1
MT1G	4	4.5535e-01	2.1215e-01	0.393064	1
MAPK10	4	4.5539e-01	2.1215e-01	0.393064	2
SCHIP1	4	4.5545e-01	2.1215e-01	0.393064	2
ISCA1	4	4.5548e-01	2.1215e-01	0.393064	2
AWAT2	4	4.5558e-01	2.1215e-01	0.393064	2
IGF2BP2	4	4.5559e-01	2.1215e-01	0.393064	2
ZDHHC24	4	4.5564e-01	2.1215e-01	0.393064	2
PLCZ1	4	4.5568e-01	2.1215e-01	0.393064	2
SRD5A1	4	4.5582e-01	2.1215e-01	0.393064	2
MYH4	4	4.5587e-01	2.1215e-01	0.393064	2
C16orf78	4	4.5591e-01	2.1215e-01	0.393064	2
RFPL1	4	4.5596e-01	2.1215e-01	0.393064	2
AHSG	4	4.5600e-01	2.1215e-01	0.393064	2
HLA-DMA	4	4.5623e-01	2.1334e-01	0.394546	2
CACNG5	4	4.5628e-01	2.1334e-01	0.394546	1
TEP1	4	4.5628e-01	2.1334e-01	0.394546	2
RAP1GAP2	4	4.5642e-01	2.1334e-01	0.394546	2
CAMK2N1	4	4.5649e-01	2.1334e-01	0.394546	2
ZFHX2	4	4.5653e-01	2.1334e-01	0.394546	2
GUCY1A2	4	4.5662e-01	2.1334e-01	0.394546	2
ALS2CL	4	4.5669e-01	2.1334e-01	0.394546	1
SLC22A6	4	4.5671e-01	2.1334e-01	0.394546	2
P2RX1	4	4.5679e-01	2.1334e-01	0.394546	2
GGT7	4	4.5685e-01	2.1334e-01	0.394546	2
SHISA7	4	4.5686e-01	2.1334e-01	0.394546	2
SWT1	4	4.5687e-01	2.1334e-01	0.394546	2
IMPG2	4	4.5692e-01	2.1334e-01	0.394546	2
CAMSAP1	4	4.5693e-01	2.1334e-01	0.394546	2
CEP350	4	4.5693e-01	2.1334e-01	0.394546	2
SLC16A13	4	4.5695e-01	2.1334e-01	0.394546	1
MAN1C1	4	4.5699e-01	2.1334e-01	0.394546	2
CCNE1	4	4.5703e-01	2.1334e-01	0.394546	2
CYP2A6	4	4.5715e-01	2.1531e-01	0.397802	2
FAM133A	4	4.5718e-01	2.1531e-01	0.397802	1
CCDC109B	4	4.5722e-01	2.1531e-01	0.397802	2
DHFRL1	4	4.5725e-01	2.1531e-01	0.397802	1
LETMD1	4	4.5730e-01	2.1531e-01	0.397802	2
KCNV2	4	4.5731e-01	2.1531e-01	0.397802	2
PIGF	4	4.5738e-01	2.1531e-01	0.397802	2
TPD52L2	4	4.5744e-01	2.1656e-01	0.399796	1
GOLT1A	4	4.5748e-01	2.1656e-01	0.399796	1
SERPIND1	4	4.5749e-01	2.1656e-01	0.399796	2
DSG2	4	4.5751e-01	2.1656e-01	0.399796	2
DEFB135	4	4.5765e-01	2.1656e-01	0.399796	2
COX5A	4	4.5777e-01	2.1656e-01	0.399796	2
ADRA2B	4	4.5777e-01	2.1656e-01	0.399796	1
SBSPON	4	4.5780e-01	2.1656e-01	0.399796	1
C2orf91	4	4.5797e-01	2.1778e-01	0.401554	1
TGFB3	4	4.5800e-01	2.1778e-01	0.401554	2
RAX	4	4.5804e-01	2.1778e-01	0.401554	2
ALKBH2	4	4.5813e-01	2.1778e-01	0.401554	1
NMT2	4	4.5815e-01	2.1778e-01	0.401554	2
POU2F1	4	4.5824e-01	2.1778e-01	0.401554	1
ALPL	4	4.5838e-01	2.1778e-01	0.401554	2
VSTM4	4	4.5842e-01	2.1778e-01	0.401554	1
CSTA	4	4.5845e-01	2.1778e-01	0.401554	2
ESM1	4	4.5861e-01	2.1778e-01	0.401554	2
MGC50722	4	4.5862e-01	2.1778e-01	0.401554	2
GRID2IP	4	4.5863e-01	2.1778e-01	0.401554	2
ZNF20	4	4.5872e-01	2.1778e-01	0.401554	1
CREB5	4	4.5882e-01	2.1904e-01	0.403443	2
P3H3	4	4.5885e-01	2.1904e-01	0.403443	1
SRGAP2B	4	4.5902e-01	2.1904e-01	0.403443	2
PPARGC1B	4	4.5907e-01	2.1904e-01	0.403443	2
SMARCAD1	4	4.5918e-01	2.1904e-01	0.403443	2
FGR	4	4.5923e-01	2.1904e-01	0.403443	2
EEF1A2	4	4.5937e-01	2.1904e-01	0.403443	1
STX4	4	4.5944e-01	2.1904e-01	0.403443	1
FN1	4	4.5948e-01	2.1904e-01	0.403443	2
UBL4A	4	4.5950e-01	2.1904e-01	0.403443	1
ADAMTS5	4	4.5964e-01	2.1904e-01	0.403443	2
SEMA3E	4	4.5973e-01	2.2027e-01	0.404858	2
VPREB1	4	4.5975e-01	2.2027e-01	0.404858	2
ASPRV1	4	4.5978e-01	2.2027e-01	0.404858	2
TUBB3	4	4.5989e-01	2.2027e-01	0.404858	2
OR5H2	4	4.5994e-01	2.2027e-01	0.404858	2
NME9	4	4.5999e-01	2.2027e-01	0.404858	1
GAMT	4	4.6001e-01	2.2027e-01	0.404858	2
SH3GLB1	4	4.6002e-01	2.2027e-01	0.404858	1
DTHD1	4	4.6007e-01	2.2027e-01	0.404858	2
RSPO4	4	4.6022e-01	2.2027e-01	0.404858	2
PARP16	4	4.6023e-01	2.2027e-01	0.404858	2
ATP6V1E2	4	4.6028e-01	2.2027e-01	0.404858	2
RHD	4	4.6032e-01	2.2027e-01	0.404858	1
PTGER1	4	4.6035e-01	2.2027e-01	0.404858	2
BMP10	4	4.6037e-01	2.2027e-01	0.404858	2
SIAH1	4	4.6039e-01	2.2027e-01	0.404858	2
ZNF23	4	4.6042e-01	2.2027e-01	0.404858	2
TLX2	4	4.6048e-01	2.2027e-01	0.404858	2
KRTAP4-9	4	4.6051e-01	2.2027e-01	0.404858	1
GALNT10	3	4.6061e-01	2.2370e-01	0.410215	1
ZNF770	4	4.6064e-01	2.2027e-01	0.404858	1
YIF1B	4	4.6067e-01	2.2027e-01	0.404858	1
OVOL2	4	4.6074e-01	2.2027e-01	0.404858	1
TNPO2	4	4.6097e-01	2.2153e-01	0.406468	2
GPRASP1	4	4.6103e-01	2.2153e-01	0.406468	2
MAN2B2	4	4.6106e-01	2.2153e-01	0.406468	2
GUCY1B3	4	4.6108e-01	2.2153e-01	0.406468	2
FAF1	4	4.6115e-01	2.2153e-01	0.406468	2
SLC36A1	4	4.6122e-01	2.2153e-01	0.406468	2
PAX2	4	4.6152e-01	2.2153e-01	0.406468	1
HS3ST1	4	4.6163e-01	2.2153e-01	0.406468	2
FAM90A1	4	4.6165e-01	2.2153e-01	0.406468	2
ARMC2	4	4.6167e-01	2.2153e-01	0.406468	2
ACYP1	4	4.6175e-01	2.2153e-01	0.406468	2
ATG10	4	4.6177e-01	2.2153e-01	0.406468	2
METTL22	4	4.6179e-01	2.2153e-01	0.406468	2
ZNF71	4	4.6180e-01	2.2153e-01	0.406468	1
IL18	4	4.6180e-01	2.2153e-01	0.406468	1
ERG	4	4.6187e-01	2.2153e-01	0.406468	2
CHRM2	4	4.6187e-01	2.2153e-01	0.406468	2
SSBP2	4	4.6188e-01	2.2153e-01	0.406468	1
TMEM2	4	4.6202e-01	2.2276e-01	0.408530	2
HNRNPR	4	4.6204e-01	2.2276e-01	0.408530	1
ZFAND2B	4	4.6220e-01	2.2403e-01	0.410264	2
DUOX2	4	4.6220e-01	2.2403e-01	0.410264	2
AZIN2	4	4.6223e-01	2.2403e-01	0.410264	1
FASTKD2	4	4.6227e-01	2.2403e-01	0.410264	2
KCTD6	4	4.6236e-01	2.2403e-01	0.410264	2
GPR143	4	4.6236e-01	2.2403e-01	0.410264	1
WFDC8	4	4.6238e-01	2.2403e-01	0.410264	2
CNFN	4	4.6245e-01	2.2403e-01	0.410264	2
PIN1	4	4.6250e-01	2.2403e-01	0.410264	2
TNFSF11	4	4.6254e-01	2.2403e-01	0.410264	2
DYM	4	4.6259e-01	2.2403e-01	0.410264	2
EGFL6	4	4.6271e-01	2.2403e-01	0.410264	1
OGFOD1	4	4.6275e-01	2.2403e-01	0.410264	2
VGLL4	4	4.6279e-01	2.2403e-01	0.410264	1
IFI6	4	4.6295e-01	2.2526e-01	0.412402	2
SPATA20	4	4.6298e-01	2.2526e-01	0.412402	2
UMODL1	4	4.6301e-01	2.2526e-01	0.412402	2
PPP3CB	4	4.6320e-01	2.2855e-01	0.414293	2
ABCA12	4	4.6323e-01	2.2855e-01	0.414293	2
VSTM2A	4	4.6324e-01	2.2855e-01	0.414293	2
C7orf71	4	4.6331e-01	2.2855e-01	0.414293	1
DNAJB5	4	4.6337e-01	2.2855e-01	0.414293	1
CFP	4	4.6347e-01	2.2855e-01	0.414293	1
CKS2	4	4.6360e-01	2.2855e-01	0.414293	2
RAI1	4	4.6362e-01	2.2855e-01	0.414293	2
PAPOLB	4	4.6364e-01	2.2855e-01	0.414293	2
EDEM3	4	4.6366e-01	2.2855e-01	0.414293	1
MTTP	4	4.6371e-01	2.2855e-01	0.414293	2
VSIG1	4	4.6373e-01	2.2855e-01	0.414293	2
ZNF503	4	4.6375e-01	2.2855e-01	0.414293	2
CERS6	4	4.6382e-01	2.2855e-01	0.414293	2
PHOX2A	4	4.6384e-01	2.2855e-01	0.414293	2
ZRANB3	4	4.6389e-01	2.2855e-01	0.414293	2
BMP5	4	4.6399e-01	2.2855e-01	0.414293	2
SEMA6D	4	4.6414e-01	2.2855e-01	0.414293	2
BEX5	4	4.6418e-01	2.2855e-01	0.414293	1
H2AFY	4	4.6429e-01	2.2855e-01	0.414293	2
CDPF1	4	4.6429e-01	2.2855e-01	0.414293	1
PSMD5	4	4.6432e-01	2.2855e-01	0.414293	2
PZP	4	4.6436e-01	2.2855e-01	0.414293	2
UGDH	4	4.6448e-01	2.2855e-01	0.414293	2
SLITRK4	4	4.6449e-01	2.2855e-01	0.414293	2
THEG	4	4.6459e-01	2.2855e-01	0.414293	2
ADA	4	4.6464e-01	2.2855e-01	0.414293	2
GLI3	4	4.6467e-01	2.2855e-01	0.414293	2
PTPRR	4	4.6473e-01	2.2855e-01	0.414293	1
FBXO40	4	4.6478e-01	2.2855e-01	0.414293	2
XKR7	4	4.6480e-01	2.2855e-01	0.414293	1
NBN	4	4.6483e-01	2.2855e-01	0.414293	2
LPAR6	4	4.6483e-01	2.2855e-01	0.414293	1
HFE	4	4.6485e-01	2.2855e-01	0.414293	2
ANKHD1-EIF4EBP3	4	4.6486e-01	2.2855e-01	0.414293	1
DENND1A	4	4.6487e-01	2.2855e-01	0.414293	2
FZD7	4	4.6489e-01	2.2855e-01	0.414293	2
PTH2R	4	4.6501e-01	2.2855e-01	0.414293	2
OR2B2	4	4.6503e-01	2.2855e-01	0.414293	2
ELMOD3	4	4.6505e-01	2.2855e-01	0.414293	2
TBL2	4	4.6524e-01	2.2855e-01	0.414293	2
CRH	4	4.6528e-01	2.2855e-01	0.414293	1
P2RX5	4	4.6535e-01	2.2855e-01	0.414293	2
ABCD4	4	4.6535e-01	2.2855e-01	0.414293	2
PPIA	4	4.6541e-01	2.2855e-01	0.414293	1
GRIPAP1	4	4.6542e-01	2.2855e-01	0.414293	2
CEP78	4	4.6547e-01	2.2855e-01	0.414293	2
OR4D1	4	4.6554e-01	2.2855e-01	0.414293	1
TSPY3	4	4.6567e-01	2.2855e-01	0.414293	2
FBXO48	4	4.6569e-01	2.2855e-01	0.414293	2
PLA2G2E	4	4.6572e-01	2.2855e-01	0.414293	2
FAM198B	4	4.6573e-01	2.2855e-01	0.414293	1
PPP1R12C	4	4.6574e-01	2.2855e-01	0.414293	2
C14orf80	4	4.6583e-01	2.2855e-01	0.414293	2
XKR6	4	4.6585e-01	2.2855e-01	0.414293	2
HEATR4	4	4.6586e-01	2.2855e-01	0.414293	2
COL4A1	4	4.6588e-01	2.2855e-01	0.414293	2
DMD	4	4.6596e-01	2.2855e-01	0.414293	1
NAT16	4	4.6604e-01	2.2855e-01	0.414293	2
ZNF83	4	4.6609e-01	2.2855e-01	0.414293	2
UBE2E1	4	4.6615e-01	2.2855e-01	0.414293	2
KLK9	4	4.6617e-01	2.2855e-01	0.414293	2
TP53INP2	4	4.6625e-01	2.2855e-01	0.414293	2
DPEP1	4	4.6625e-01	2.2855e-01	0.414293	2
PLEKHM2	4	4.6628e-01	2.2855e-01	0.414293	2
SNRPA	4	4.6651e-01	2.2855e-01	0.414293	2
SLC2A12	4	4.6654e-01	2.2855e-01	0.414293	2
PEAR1	4	4.6661e-01	2.2855e-01	0.414293	2
C18orf63	4	4.6662e-01	2.2855e-01	0.414293	2
PEPD	4	4.6663e-01	2.2855e-01	0.414293	2
LOC100506388	4	4.6693e-01	2.2855e-01	0.414293	2
GABRA3	4	4.6713e-01	2.2855e-01	0.414293	2
PROX1	4	4.6719e-01	2.2855e-01	0.414293	2
APELA	4	4.6727e-01	2.2855e-01	0.414293	2
ZSCAN2	4	4.6735e-01	2.2855e-01	0.414293	1
CREG1	4	4.6741e-01	2.2855e-01	0.414293	1
CYP4F2	4	4.6745e-01	2.2855e-01	0.414293	2
MED16	4	4.6750e-01	2.2855e-01	0.414293	2
MIB2	4	4.6754e-01	2.2855e-01	0.414293	2
ROBO1	4	4.6762e-01	2.2855e-01	0.414293	2
UBAP2	4	4.6770e-01	2.2855e-01	0.414293	2
FGF22	4	4.6777e-01	2.2855e-01	0.414293	2
SLC35A5	4	4.6793e-01	2.2855e-01	0.414293	2
GATA5	4	4.6795e-01	2.2855e-01	0.414293	2
GBX2	4	4.6799e-01	2.2855e-01	0.414293	1
ZNF224	4	4.6804e-01	2.2855e-01	0.414293	2
EPT1	4	4.6809e-01	2.2855e-01	0.414293	2
LINGO4	4	4.6815e-01	2.2855e-01	0.414293	1
TOX3	4	4.6825e-01	2.3061e-01	0.414293	2
ZDHHC20	4	4.6827e-01	2.3061e-01	0.414293	2
VPS33A	4	4.6828e-01	2.3061e-01	0.414293	1
CASP6	4	4.6836e-01	2.3061e-01	0.414293	2
OR2M2	4	4.6841e-01	2.3061e-01	0.414293	1
TMEM92	4	4.6848e-01	2.3061e-01	0.414293	1
PTPRH	3	4.6851e-01	2.2538e-01	0.412572	2
P2RX4	4	4.6857e-01	2.3061e-01	0.414293	2
FAM228A	4	4.6860e-01	2.3061e-01	0.414293	1
ATXN7	4	4.6871e-01	2.3061e-01	0.414293	2
SYCE1	4	4.6891e-01	2.3061e-01	0.414293	2
TRIM49B	4	4.6896e-01	2.3061e-01	0.414293	2
SLC6A14	4	4.6902e-01	2.3061e-01	0.414293	2
CCKAR	4	4.6909e-01	2.3061e-01	0.414293	2
CKAP4	4	4.6918e-01	2.3061e-01	0.414293	2
BLVRB	4	4.6923e-01	2.3061e-01	0.414293	2
SRGAP2C	4	4.6925e-01	2.3061e-01	0.414293	2
DOK6	4	4.6937e-01	2.3061e-01	0.414293	2
COLEC11	4	4.6944e-01	2.3061e-01	0.414293	2
FOXP1	4	4.6947e-01	2.3061e-01	0.414293	2
CAAP1	4	4.6970e-01	2.3061e-01	0.414293	2
RTP1	4	4.6980e-01	2.3061e-01	0.414293	2
DRAP1	4	4.6983e-01	2.3061e-01	0.414293	1
ZNF80	4	4.6989e-01	2.3061e-01	0.414293	2
SLC25A24	4	4.6989e-01	2.3061e-01	0.414293	2
ISG20	4	4.6994e-01	2.3061e-01	0.414293	2
TOR1B	4	4.7007e-01	2.3061e-01	0.414293	2
RHCE	4	4.7017e-01	2.3061e-01	0.414293	2
TM2D3	4	4.7021e-01	2.3061e-01	0.414293	2
CSRP3	4	4.7028e-01	2.3061e-01	0.414293	2
KLHL32	4	4.7031e-01	2.3061e-01	0.414293	2
CRIM1	4	4.7045e-01	2.3061e-01	0.414293	2
TMEM27	4	4.7057e-01	2.3061e-01	0.414293	1
FOSL1	4	4.7063e-01	2.3061e-01	0.414293	2
MAML2	4	4.7067e-01	2.3061e-01	0.414293	2
PLEKHM1	4	4.7069e-01	2.3061e-01	0.414293	2
EOGT	4	4.7071e-01	2.3061e-01	0.414293	2
CLCN6	4	4.7080e-01	2.3061e-01	0.414293	2
SMCO2	4	4.7083e-01	2.3061e-01	0.414293	2
INCA1	4	4.7089e-01	2.3061e-01	0.414293	2
ZBTB48	4	4.7092e-01	2.3061e-01	0.414293	2
BDH2	4	4.7094e-01	2.3061e-01	0.414293	2
C7orf65	4	4.7099e-01	2.3061e-01	0.414293	2
RASIP1	4	4.7102e-01	2.3061e-01	0.414293	1
NDUFS2	4	4.7111e-01	2.3061e-01	0.414293	1
C11orf70	4	4.7117e-01	2.3061e-01	0.414293	2
OR5AK2	4	4.7131e-01	2.3061e-01	0.414293	2
CCNYL1	4	4.7134e-01	2.3061e-01	0.414293	1
PPP1R18	4	4.7142e-01	2.3061e-01	0.414293	2
TGM3	4	4.7153e-01	2.3061e-01	0.414293	1
LHB	4	4.7153e-01	2.3061e-01	0.414293	2
SLC46A3	4	4.7156e-01	2.3061e-01	0.414293	2
S1PR3	4	4.7156e-01	2.3061e-01	0.414293	1
ATL2	4	4.7159e-01	2.3061e-01	0.414293	2
MACF1	4	4.7165e-01	2.3061e-01	0.414293	2
QSER1	4	4.7166e-01	2.3061e-01	0.414293	1
DSCR3	4	4.7169e-01	2.3061e-01	0.414293	1
MAGED2	4	4.7172e-01	2.3061e-01	0.414293	2
PBX4	4	4.7174e-01	2.3061e-01	0.414293	2
CIDEC	4	4.7187e-01	2.3061e-01	0.414293	2
ASS1	4	4.7188e-01	2.3061e-01	0.414293	1
C1orf110	4	4.7192e-01	2.3061e-01	0.414293	2
SLIT1	4	4.7194e-01	2.3061e-01	0.414293	2
AMER2	4	4.7215e-01	2.3061e-01	0.414293	2
DNAAF3	4	4.7217e-01	2.3061e-01	0.414293	2
LOC100505841	4	4.7223e-01	2.3061e-01	0.414293	2
RAB6C	4	4.7244e-01	2.3061e-01	0.414293	2
FAM13C	4	4.7259e-01	2.3061e-01	0.414293	2
APOB	4	4.7260e-01	2.3061e-01	0.414293	2
SLC24A2	4	4.7263e-01	2.3061e-01	0.414293	2
BCL7C	4	4.7267e-01	2.3061e-01	0.414293	2
PRY2	4	4.7274e-01	2.3061e-01	0.414293	2
KIF21A	4	4.7275e-01	2.3061e-01	0.414293	1
SLC5A12	4	4.7295e-01	2.3061e-01	0.414293	2
ZNF180	4	4.7297e-01	2.3061e-01	0.414293	1
SQLE	4	4.7300e-01	2.3061e-01	0.414293	2
NID2	4	4.7308e-01	2.3061e-01	0.414293	2
KIAA1671	4	4.7310e-01	2.3061e-01	0.414293	2
C12orf10	4	4.7324e-01	2.3061e-01	0.414293	2
SLC45A1	4	4.7330e-01	2.3061e-01	0.414293	2
LZTS3	4	4.7351e-01	2.3061e-01	0.414293	1
KMT2E	4	4.7354e-01	2.3061e-01	0.414293	2
BEGAIN	4	4.7358e-01	2.3061e-01	0.414293	2
MLX	4	4.7367e-01	2.3061e-01	0.414293	2
ADORA3	4	4.7367e-01	2.3061e-01	0.414293	2
MACROD2	4	4.7380e-01	2.3061e-01	0.414293	1
SAMD5	4	4.7387e-01	2.3061e-01	0.414293	2
S100A12	4	4.7393e-01	2.3061e-01	0.414293	2
HILPDA	4	4.7408e-01	2.3061e-01	0.414293	2
ANKRD37	4	4.7412e-01	2.3061e-01	0.414293	2
MAP3K10	4	4.7415e-01	2.3061e-01	0.414293	2
C20orf96	4	4.7418e-01	2.3061e-01	0.414293	2
TLR10	4	4.7431e-01	2.3061e-01	0.414293	1
RARRES3	4	4.7431e-01	2.3061e-01	0.414293	2
MASP1	4	4.7440e-01	2.3061e-01	0.414293	2
PIP4K2C	4	4.7454e-01	2.3061e-01	0.414293	2
SLC9C2	4	4.7460e-01	2.3061e-01	0.414293	1
ZNF704	4	4.7463e-01	2.3061e-01	0.414293	2
PANO1	4	4.7473e-01	2.3061e-01	0.414293	2
SFTA2	4	4.7489e-01	2.3061e-01	0.414293	1
TMED3	4	4.7495e-01	2.3061e-01	0.414293	1
STH	4	4.7511e-01	2.3061e-01	0.414293	1
TMEM248	4	4.7518e-01	2.3061e-01	0.414293	2
OGFOD2	4	4.7521e-01	2.3061e-01	0.414293	1
HSPA1L	4	4.7533e-01	2.3061e-01	0.414293	2
SEMA3G	4	4.7537e-01	2.3061e-01	0.414293	2
KLB	4	4.7540e-01	2.3061e-01	0.414293	1
ATP6V0A4	4	4.7546e-01	2.3061e-01	0.414293	1
RFTN1	4	4.7556e-01	2.3061e-01	0.414293	1
ANGPTL7	4	4.7566e-01	2.3061e-01	0.414293	2
HOXB5	4	4.7570e-01	2.3061e-01	0.414293	2
GLIS1	4	4.7575e-01	2.3257e-01	0.416059	2
LMNTD1	4	4.7577e-01	2.3257e-01	0.416059	2
KRT9	4	4.7579e-01	2.3257e-01	0.416059	2
ABCA7	4	4.7581e-01	2.3257e-01	0.416059	2
PCDHA3	4	4.7584e-01	2.3257e-01	0.416059	1
GPR152	4	4.7587e-01	2.3257e-01	0.416059	2
ALKBH3	4	4.7594e-01	2.3257e-01	0.416059	2
FXYD6-FXYD2	4	4.7604e-01	2.3257e-01	0.416059	2
USP51	4	4.7605e-01	2.3257e-01	0.416059	2
TTC30A	4	4.7611e-01	2.3257e-01	0.416059	2
REP15	4	4.7611e-01	2.3257e-01	0.416059	2
KLC4	4	4.7613e-01	2.3257e-01	0.416059	2
AGBL2	4	4.7618e-01	2.3257e-01	0.416059	2
NFKB1	4	4.7620e-01	2.3257e-01	0.416059	2
NABP1	4	4.7623e-01	2.3257e-01	0.416059	1
PMM2	4	4.7629e-01	2.3257e-01	0.416059	2
ZNF416	4	4.7645e-01	2.3257e-01	0.416059	2
SLC29A4	4	4.7659e-01	2.3257e-01	0.416059	2
C9orf142	4	4.7673e-01	2.3257e-01	0.416059	2
WNT5B	4	4.7683e-01	2.3257e-01	0.416059	2
RIC3	4	4.7686e-01	2.3257e-01	0.416059	2
SLFNL1	4	4.7689e-01	2.3257e-01	0.416059	1
DGKH	4	4.7696e-01	2.3257e-01	0.416059	1
KLHL35	4	4.7700e-01	2.3257e-01	0.416059	2
XPNPEP3	4	4.7705e-01	2.3257e-01	0.416059	1
KIF1A	4	4.7716e-01	2.3257e-01	0.416059	2
TRIB3	4	4.7720e-01	2.3257e-01	0.416059	2
INSL6	4	4.7725e-01	2.3257e-01	0.416059	2
ASNSD1	4	4.7728e-01	2.3257e-01	0.416059	1
ZNF727	4	4.7731e-01	2.3257e-01	0.416059	2
WFDC1	4	4.7732e-01	2.3257e-01	0.416059	2
CLVS2	4	4.7736e-01	2.3257e-01	0.416059	2
ZFYVE28	4	4.7740e-01	2.3257e-01	0.416059	2
EHBP1	4	4.7752e-01	2.3257e-01	0.416059	2
LRIG2	4	4.7763e-01	2.3257e-01	0.416059	1
METTL21C	4	4.7764e-01	2.3257e-01	0.416059	2
RNF114	4	4.7769e-01	2.3257e-01	0.416059	2
TEX14	4	4.7773e-01	2.3257e-01	0.416059	2
ASB10	4	4.7775e-01	2.3257e-01	0.416059	2
BFSP2	4	4.7778e-01	2.3257e-01	0.416059	2
CCNL2	4	4.7782e-01	2.3257e-01	0.416059	1
PLSCR5	4	4.7782e-01	2.3257e-01	0.416059	2
ATAD2B	4	4.7786e-01	2.3257e-01	0.416059	2
FECH	4	4.7798e-01	2.3257e-01	0.416059	2
LPP	4	4.7823e-01	2.3257e-01	0.416059	2
CA9	4	4.7841e-01	2.3453e-01	0.419355	2
CBS	4	4.7846e-01	2.3453e-01	0.419355	2
TENM1	4	4.7848e-01	2.3453e-01	0.419355	1
CDK2AP2	4	4.7851e-01	2.3453e-01	0.419355	2
CBLN1	4	4.7858e-01	2.3453e-01	0.419355	1
LIN37	4	4.7875e-01	2.3578e-01	0.421317	2
CISD1	4	4.7877e-01	2.3578e-01	0.421317	1
NPAS3	4	4.7877e-01	2.3578e-01	0.421317	2
FAM19A2	4	4.7886e-01	2.3578e-01	0.421317	2
PRRT3	4	4.7893e-01	2.3578e-01	0.421317	1
MROH1	4	4.7896e-01	2.3578e-01	0.421317	1
LIPF	4	4.7898e-01	2.3578e-01	0.421317	2
CABP7	4	4.7916e-01	2.3706e-01	0.423175	1
RFPL4B	4	4.7923e-01	2.3706e-01	0.423175	2
FAM9A	4	4.7932e-01	2.3706e-01	0.423175	2
TMEM198	4	4.7943e-01	2.3706e-01	0.423175	2
METTL5	4	4.7971e-01	2.3706e-01	0.423175	2
TARP	4	4.7972e-01	2.3706e-01	0.423175	2
LRRC14	4	4.7975e-01	2.3706e-01	0.423175	1
SP9	4	4.7977e-01	2.3706e-01	0.423175	2
OR52M1	4	4.7980e-01	2.3706e-01	0.423175	2
IRAK3	4	4.7982e-01	2.3706e-01	0.423175	2
PRKCQ	4	4.7988e-01	2.3706e-01	0.423175	2
HIST1H2BE	4	4.7998e-01	2.3835e-01	0.425273	2
TSSC1	4	4.8004e-01	2.3835e-01	0.425273	1
C1orf127	4	4.8009e-01	2.3835e-01	0.425273	2
TMPRSS11F	4	4.8014e-01	2.3835e-01	0.425273	2
IRS4	4	4.8035e-01	2.3963e-01	0.425460	2
SOGA3	4	4.8038e-01	2.3963e-01	0.425460	1
CDHR1	4	4.8039e-01	2.3963e-01	0.425460	2
IL1A	4	4.8041e-01	2.3963e-01	0.425460	2
PHF10	4	4.8061e-01	2.3963e-01	0.425460	1
SERPINE1	4	4.8064e-01	2.3963e-01	0.425460	2
ZDHHC5	4	4.8067e-01	2.3963e-01	0.425460	2
SYT5	4	4.8070e-01	2.3963e-01	0.425460	2
CSN1S1	4	4.8088e-01	2.3963e-01	0.425460	2
KRTAP4-7	4	4.8098e-01	2.3963e-01	0.425460	2
RBPMS2	4	4.8105e-01	2.3963e-01	0.425460	2
ZFP1	4	4.8108e-01	2.3963e-01	0.425460	1
GPATCH4	4	4.8112e-01	2.3963e-01	0.425460	2
CRB1	4	4.8127e-01	2.3963e-01	0.425460	1
KIAA1456	4	4.8154e-01	2.3963e-01	0.425460	2
SMARCC1	4	4.8162e-01	2.3963e-01	0.425460	2
MACROD1	4	4.8166e-01	2.3963e-01	0.425460	2
EPN1	4	4.8168e-01	2.3963e-01	0.425460	2
GCLM	4	4.8171e-01	2.3963e-01	0.425460	2
GJA5	4	4.8180e-01	2.3963e-01	0.425460	2
TMEM114	4	4.8182e-01	2.3963e-01	0.425460	2
LYG2	4	4.8184e-01	2.3963e-01	0.425460	1
ANKEF1	4	4.8185e-01	2.3963e-01	0.425460	2
BACE2	4	4.8197e-01	2.3963e-01	0.425460	2
TRIM14	4	4.8209e-01	2.3963e-01	0.425460	1
CACNA1H	4	4.8209e-01	2.3963e-01	0.425460	2
KLK5	4	4.8214e-01	2.3963e-01	0.425460	2
TWF2	4	4.8221e-01	2.3963e-01	0.425460	2
JKAMP	4	4.8225e-01	2.3963e-01	0.425460	2
ATP13A4	4	4.8243e-01	2.3963e-01	0.425460	2
CD101	4	4.8257e-01	2.3963e-01	0.425460	2
SERPINA11	4	4.8259e-01	2.3963e-01	0.425460	2
CYP19A1	4	4.8260e-01	2.3963e-01	0.425460	1
CPS1	4	4.8263e-01	2.3963e-01	0.425460	1
OR4Q3	4	4.8266e-01	2.3963e-01	0.425460	1
AKR1D1	4	4.8273e-01	2.3963e-01	0.425460	2
PPP1R16A	4	4.8282e-01	2.3963e-01	0.425460	1
EML3	4	4.8285e-01	2.3963e-01	0.425460	2
DAZAP1	4	4.8291e-01	2.3963e-01	0.425460	2
VSNL1	4	4.8307e-01	2.3963e-01	0.425460	2
TSPO2	4	4.8332e-01	2.3963e-01	0.425460	2
CRB3	4	4.8335e-01	2.3963e-01	0.425460	2
GGH	4	4.8348e-01	2.3963e-01	0.425460	1
TMED9	4	4.8350e-01	2.3963e-01	0.425460	2
WDR37	4	4.8354e-01	2.3963e-01	0.425460	1
RASGEF1C	4	4.8357e-01	2.3963e-01	0.425460	2
C1QTNF3	4	4.8359e-01	2.3963e-01	0.425460	2
RBM44	4	4.8361e-01	2.3963e-01	0.425460	1
ZNF660	4	4.8364e-01	2.3963e-01	0.425460	1
PCDHGA9	4	4.8364e-01	2.3963e-01	0.425460	2
WFDC10B	4	4.8367e-01	2.3963e-01	0.425460	1
APITD1	4	4.8370e-01	2.3963e-01	0.425460	1
PITPNC1	4	4.8371e-01	2.3963e-01	0.425460	2
MAMSTR	4	4.8387e-01	2.4092e-01	0.427502	2
ADARB2	4	4.8402e-01	2.4092e-01	0.427502	2
RDH5	4	4.8407e-01	2.4092e-01	0.427502	2
APOC3	4	4.8412e-01	2.4092e-01	0.427502	2
P2RY13	4	4.8416e-01	2.4092e-01	0.427502	2
ARID4A	4	4.8427e-01	2.4092e-01	0.427502	2
ZFP41	4	4.8430e-01	2.4221e-01	0.428964	2
GAB3	4	4.8432e-01	2.4221e-01	0.428964	2
HSFX2	4	4.8447e-01	2.4221e-01	0.428964	2
GRK5	4	4.8450e-01	2.4221e-01	0.428964	2
PALM2	4	4.8455e-01	2.4221e-01	0.428964	2
LRRD1	4	4.8464e-01	2.4221e-01	0.428964	2
CENPF	4	4.8471e-01	2.4221e-01	0.428964	2
CDK5RAP2	4	4.8475e-01	2.4221e-01	0.428964	2
PLD6	4	4.8480e-01	2.4221e-01	0.428964	2
CDC42EP2	4	4.8499e-01	2.4221e-01	0.428964	1
GGT6	4	4.8500e-01	2.4221e-01	0.428964	2
OR1S1	4	4.8502e-01	2.4221e-01	0.428964	1
PARP6	4	4.8502e-01	2.4221e-01	0.428964	2
FRMD3	4	4.8520e-01	2.4221e-01	0.428964	2
ZNF550	4	4.8534e-01	2.4221e-01	0.428964	1
HGD	4	4.8534e-01	2.4221e-01	0.428964	2
FKBP14	4	4.8541e-01	2.4221e-01	0.428964	2
PRTG	4	4.8546e-01	2.4221e-01	0.428964	1
OR51L1	4	4.8548e-01	2.4221e-01	0.428964	2
ABHD15	4	4.8555e-01	2.4221e-01	0.428964	2
OR10P1	4	4.8564e-01	2.4351e-01	0.431066	1
RABGAP1L	4	4.8571e-01	2.4351e-01	0.431066	1
PIH1D2	4	4.8577e-01	2.4351e-01	0.431066	2
CLN3	4	4.8581e-01	2.4351e-01	0.431066	1
SCNN1D	4	4.8584e-01	2.4550e-01	0.432898	2
C1orf87	4	4.8590e-01	2.4550e-01	0.432898	2
CHCHD7	4	4.8593e-01	2.4550e-01	0.432898	1
SAMHD1	4	4.8607e-01	2.4550e-01	0.432898	2
ADGRD1	3	4.8608e-01	2.3709e-01	0.423197	2
OSMR	4	4.8609e-01	2.4550e-01	0.432898	1
ATF5	4	4.8611e-01	2.4550e-01	0.432898	2
UGT2B11	4	4.8615e-01	2.4550e-01	0.432898	2
PKNOX2	4	4.8618e-01	2.4550e-01	0.432898	2
HRASLS5	4	4.8622e-01	2.4550e-01	0.432898	1
LRRC57	4	4.8625e-01	2.4550e-01	0.432898	1
ZKSCAN7	4	4.8628e-01	2.4550e-01	0.432898	1
ZNF547	4	4.8631e-01	2.4550e-01	0.432898	1
SGCD	4	4.8640e-01	2.4550e-01	0.432898	1
FBXL16	4	4.8643e-01	2.4550e-01	0.432898	2
ZNF267	4	4.8645e-01	2.4550e-01	0.432898	2
IQSEC3	4	4.8650e-01	2.4550e-01	0.432898	1
WFIKKN2	4	4.8654e-01	2.4550e-01	0.432898	2
MYRF	4	4.8659e-01	2.4550e-01	0.432898	2
RGS1	4	4.8666e-01	2.4550e-01	0.432898	2
SLC10A1	4	4.8669e-01	2.4550e-01	0.432898	1
MRGPRX2	4	4.8670e-01	2.4550e-01	0.432898	2
SEMA4G	4	4.8672e-01	2.4550e-01	0.432898	1
TMEM104	4	4.8673e-01	2.4550e-01	0.432898	2
CCDC43	4	4.8678e-01	2.4550e-01	0.432898	1
TSTD2	4	4.8684e-01	2.4550e-01	0.432898	2
CALD1	4	4.8686e-01	2.4550e-01	0.432898	2
PWWP2A	4	4.8709e-01	2.4550e-01	0.432898	2
RGS7	4	4.8716e-01	2.4550e-01	0.432898	1
C9orf62	4	4.8718e-01	2.4550e-01	0.432898	2
GIN1	4	4.8725e-01	2.4550e-01	0.432898	2
MKRN2	4	4.8743e-01	2.4550e-01	0.432898	2
C8orf86	4	4.8753e-01	2.4550e-01	0.432898	2
SSH2	4	4.8763e-01	2.4550e-01	0.432898	1
OR5H1	4	4.8766e-01	2.4550e-01	0.432898	2
C14orf177	4	4.8766e-01	2.4550e-01	0.432898	1
PCDHGB6	4	4.8769e-01	2.4550e-01	0.432898	1
ENAM	4	4.8775e-01	2.4550e-01	0.432898	2
SIGLEC9	4	4.8778e-01	2.4550e-01	0.432898	2
DIXDC1	4	4.8784e-01	2.4550e-01	0.432898	2
CYB5R1	4	4.8788e-01	2.4550e-01	0.432898	2
C16orf47	4	4.8791e-01	2.4550e-01	0.432898	2
CARD6	4	4.8795e-01	2.4550e-01	0.432898	2
C7orf33	4	4.8809e-01	2.4680e-01	0.434840	2
CORO2B	4	4.8813e-01	2.4680e-01	0.434840	2
CD248	4	4.8818e-01	2.4680e-01	0.434840	2
ARTN	4	4.8822e-01	2.4680e-01	0.434840	2
FAM214B	4	4.8831e-01	2.4680e-01	0.434840	2
RWDD2A	4	4.8835e-01	2.4680e-01	0.434840	1
LILRA2	4	4.8843e-01	2.4680e-01	0.434840	2
EVA1B	3	4.8849e-01	2.4137e-01	0.428275	2
ZFP2	4	4.8852e-01	2.4680e-01	0.434840	2
PPM1K	4	4.8854e-01	2.4680e-01	0.434840	1
MAGEE2	4	4.8865e-01	2.4808e-01	0.437058	2
PPP1R35	4	4.8877e-01	2.4999e-01	0.438477	2
TEX37	4	4.8884e-01	2.4999e-01	0.438477	2
HIVEP1	4	4.8897e-01	2.4999e-01	0.438477	1
RAB31	4	4.8907e-01	2.4999e-01	0.438477	1
PPAPDC1B	4	4.8913e-01	2.4999e-01	0.438477	2
CENPV	4	4.8922e-01	2.4999e-01	0.438477	2
MMD2	4	4.8924e-01	2.4999e-01	0.438477	2
SIGLEC11	4	4.8929e-01	2.4999e-01	0.438477	2
ISG15	4	4.8932e-01	2.4999e-01	0.438477	1
DNAJB3	4	4.8942e-01	2.4999e-01	0.438477	2
PTGIS	4	4.8945e-01	2.4999e-01	0.438477	2
PRR11	4	4.8957e-01	2.4999e-01	0.438477	1
DPY19L2	4	4.8961e-01	2.4999e-01	0.438477	2
NPHS2	4	4.8963e-01	2.4999e-01	0.438477	2
C9orf116	4	4.8966e-01	2.4999e-01	0.438477	2
CLIP2	4	4.8967e-01	2.4999e-01	0.438477	2
GSDMB	4	4.8982e-01	2.4999e-01	0.438477	1
CCNJL	4	4.8988e-01	2.4999e-01	0.438477	2
SLC20A2	4	4.9006e-01	2.4999e-01	0.438477	2
CCR2	4	4.9022e-01	2.4999e-01	0.438477	2
TMEM150B	4	4.9026e-01	2.4999e-01	0.438477	2
RPUSD3	4	4.9028e-01	2.4999e-01	0.438477	2
RBM34	4	4.9031e-01	2.4999e-01	0.438477	2
KPNA2	4	4.9033e-01	2.4999e-01	0.438477	2
B3GNT9	4	4.9040e-01	2.4999e-01	0.438477	2
SLC28A2	4	4.9044e-01	2.4999e-01	0.438477	1
CRLF1	4	4.9047e-01	2.4999e-01	0.438477	2
REPS2	4	4.9050e-01	2.4999e-01	0.438477	2
KLHL5	4	4.9066e-01	2.4999e-01	0.438477	1
C11orf54	4	4.9069e-01	2.4999e-01	0.438477	2
MYH6	4	4.9075e-01	2.4999e-01	0.438477	2
ADCK4	4	4.9085e-01	2.4999e-01	0.438477	2
ST3GAL6	4	4.9088e-01	2.4999e-01	0.438477	2
APBA1	4	4.9099e-01	2.4999e-01	0.438477	2
NCOA4	4	4.9102e-01	2.4999e-01	0.438477	2
FBLIM1	4	4.9113e-01	2.4999e-01	0.438477	2
ESPNL	4	4.9121e-01	2.4999e-01	0.438477	2
SLC6A3	4	4.9124e-01	2.4999e-01	0.438477	2
DPYD	3	4.9134e-01	2.4233e-01	0.429136	2
RIPPLY2	4	4.9149e-01	2.4999e-01	0.438477	2
GNB3	4	4.9153e-01	2.4999e-01	0.438477	1
PRAMEF19	4	4.9153e-01	2.4999e-01	0.438477	2
IDH1	4	4.9158e-01	2.4999e-01	0.438477	2
RHBDD3	4	4.9167e-01	2.4999e-01	0.438477	2
TNRC6C	4	4.9174e-01	2.4999e-01	0.438477	2
FBXO36	4	4.9196e-01	2.4999e-01	0.438477	2
MT4	4	4.9199e-01	2.4999e-01	0.438477	2
NNMT	4	4.9205e-01	2.4999e-01	0.438477	2
ID4	4	4.9212e-01	2.4999e-01	0.438477	2
PPP1R13L	4	4.9239e-01	2.5196e-01	0.441523	2
GK	4	4.9240e-01	2.5196e-01	0.441523	1
C1QTNF7	4	4.9243e-01	2.5196e-01	0.441523	2
TNFRSF13B	4	4.9262e-01	2.5196e-01	0.441523	1
SLC35F2	4	4.9268e-01	2.5196e-01	0.441523	2
HSFY1	4	4.9276e-01	2.5196e-01	0.441523	2
ODAM	4	4.9282e-01	2.5196e-01	0.441523	2
SIRPB1	4	4.9288e-01	2.5196e-01	0.441523	2
C14orf142	4	4.9294e-01	2.5196e-01	0.441523	2
OR52H1	4	4.9299e-01	2.5196e-01	0.441523	1
THUMPD2	4	4.9312e-01	2.5325e-01	0.442325	1
IRX6	4	4.9314e-01	2.5325e-01	0.442325	2
APBB1	4	4.9328e-01	2.5325e-01	0.442325	2
PSD2	4	4.9334e-01	2.5325e-01	0.442325	2
MTRNR2L5	4	4.9348e-01	2.5325e-01	0.442325	2
VASH2	4	4.9357e-01	2.5325e-01	0.442325	2
GBA	4	4.9358e-01	2.5325e-01	0.442325	2
SOS2	4	4.9362e-01	2.5325e-01	0.442325	2
MYF5	4	4.9366e-01	2.5325e-01	0.442325	2
TMEM238	4	4.9368e-01	2.5325e-01	0.442325	2
SDC1	4	4.9389e-01	2.5325e-01	0.442325	2
ICK	4	4.9398e-01	2.5325e-01	0.442325	2
KCNJ10	4	4.9399e-01	2.5325e-01	0.442325	1
KLRG2	4	4.9411e-01	2.5325e-01	0.442325	2
SPATA33	4	4.9414e-01	2.5325e-01	0.442325	1
HRNR	4	4.9417e-01	2.5325e-01	0.442325	1
JAM2	4	4.9424e-01	2.5325e-01	0.442325	1
B4GALNT3	4	4.9427e-01	2.5325e-01	0.442325	2
ARMT1	4	4.9427e-01	2.5325e-01	0.442325	2
GRM7	4	4.9429e-01	2.5325e-01	0.442325	2
TYSND1	4	4.9441e-01	2.5325e-01	0.442325	2
TCTA	4	4.9455e-01	2.5325e-01	0.442325	1
PCYOX1	4	4.9466e-01	2.5325e-01	0.442325	2
KCTD13	4	4.9473e-01	2.5459e-01	0.442325	1
SP100	4	4.9476e-01	2.5459e-01	0.442325	2
SFMBT1	4	4.9482e-01	2.5459e-01	0.442325	2
TMEM209	4	4.9484e-01	2.5459e-01	0.442325	2
ITPKA	4	4.9491e-01	2.5459e-01	0.442325	2
TIE1	4	4.9492e-01	2.5459e-01	0.442325	1
OR9I1	4	4.9493e-01	2.5459e-01	0.442325	2
COL21A1	4	4.9502e-01	2.5459e-01	0.442325	2
ARL6IP4	4	4.9510e-01	2.5459e-01	0.442325	2
SULT1C2	4	4.9529e-01	2.5459e-01	0.442325	1
SCNN1G	4	4.9534e-01	2.5459e-01	0.442325	1
EPB41L4A	4	4.9536e-01	2.5459e-01	0.442325	2
HIGD1B	4	4.9538e-01	2.5459e-01	0.442325	1
RPS6KA6	4	4.9540e-01	2.5459e-01	0.442325	2
MSRA	4	4.9547e-01	2.5459e-01	0.442325	2
C9orf40	4	4.9556e-01	2.5459e-01	0.442325	2
IFT172	4	4.9563e-01	2.5459e-01	0.442325	2
SLC26A1	4	4.9581e-01	2.5459e-01	0.442325	2
PRND	4	4.9586e-01	2.5459e-01	0.442325	1
CHRNA3	4	4.9591e-01	2.5459e-01	0.442325	2
L3MBTL2	4	4.9599e-01	2.5459e-01	0.442325	2
DLEU7	4	4.9601e-01	2.5459e-01	0.442325	2
ZNF613	4	4.9603e-01	2.5459e-01	0.442325	1
METTL15	4	4.9606e-01	2.5459e-01	0.442325	2
CYP2C8	4	4.9608e-01	2.5459e-01	0.442325	2
TSTD1	4	4.9622e-01	2.5459e-01	0.442325	2
RAP2A	4	4.9626e-01	2.5459e-01	0.442325	2
KLHL40	4	4.9631e-01	2.5459e-01	0.442325	2
LIN54	4	4.9637e-01	2.5459e-01	0.442325	1
SPTBN4	4	4.9643e-01	2.5459e-01	0.442325	1
EAPP	4	4.9653e-01	2.5459e-01	0.442325	2
DHX35	4	4.9665e-01	2.5459e-01	0.442325	1
CNTN5	4	4.9672e-01	2.5459e-01	0.442325	2
BTN1A1	4	4.9681e-01	2.5459e-01	0.442325	2
NAV1	4	4.9692e-01	2.5459e-01	0.442325	2
GIMAP4	4	4.9695e-01	2.5459e-01	0.442325	2
PSD	4	4.9699e-01	2.5459e-01	0.442325	1
OR2M4	4	4.9705e-01	2.5459e-01	0.442325	2
HIST1H2AB	4	4.9708e-01	2.5459e-01	0.442325	2
POU3F4	4	4.9721e-01	2.5459e-01	0.442325	1
ADAMTS10	4	4.9724e-01	2.5459e-01	0.442325	2
SMIM24	4	4.9744e-01	2.5459e-01	0.442325	2
ITPKC	4	4.9758e-01	2.5459e-01	0.442325	1
CEACAM8	4	4.9761e-01	2.5459e-01	0.442325	2
SPAG8	4	4.9764e-01	2.5459e-01	0.442325	1
TUBAL3	4	4.9769e-01	2.5459e-01	0.442325	2
MTMR12	4	4.9769e-01	2.5459e-01	0.442325	2
CYBB	4	4.9769e-01	2.5459e-01	0.442325	2
C6	4	4.9769e-01	2.5459e-01	0.442325	2
KISS1R	4	4.9770e-01	2.5459e-01	0.442325	1
NXPE2	4	4.9773e-01	2.5459e-01	0.442325	1
BIN3	4	4.9776e-01	2.5459e-01	0.442325	2
RABEPK	4	4.9782e-01	2.5459e-01	0.442325	1
THTPA	4	4.9796e-01	2.5459e-01	0.442325	2
OR1S2	4	4.9798e-01	2.5459e-01	0.442325	2
DIAPH2	4	4.9807e-01	2.5459e-01	0.442325	1
ZNF317	4	4.9821e-01	2.5459e-01	0.442325	2
SLC7A7	4	4.9827e-01	2.5459e-01	0.442325	2
NPFF	4	4.9829e-01	2.5459e-01	0.442325	1
PXDN	4	4.9830e-01	2.5459e-01	0.442325	2
ACADVL	4	4.9843e-01	2.5459e-01	0.442325	2
ISL2	4	4.9844e-01	2.5459e-01	0.442325	1
PRR20A	4	4.9846e-01	2.5459e-01	0.442325	2
KDM5B	4	4.9848e-01	2.5459e-01	0.442325	2
LOC100129940	4	4.9850e-01	2.5459e-01	0.442325	1
PRKD3	4	4.9864e-01	2.5459e-01	0.442325	2
SESN1	4	4.9875e-01	2.5459e-01	0.442325	1
C5orf34	4	4.9876e-01	2.5459e-01	0.442325	2
S100P	4	4.9878e-01	2.5459e-01	0.442325	2
RNF167	4	4.9884e-01	2.5459e-01	0.442325	1
ALDH3B1	4	4.9893e-01	2.5584e-01	0.444298	2
RTN1	4	4.9895e-01	2.5584e-01	0.444298	2
MS4A2	4	4.9912e-01	2.5584e-01	0.444298	1
ADAMTS18	4	4.9913e-01	2.5584e-01	0.444298	2
PHLDB2	4	4.9918e-01	2.5584e-01	0.444298	2
MZB1	4	4.9930e-01	2.5716e-01	0.445212	2
VEGFC	4	4.9938e-01	2.5716e-01	0.445212	2
TECRL	4	4.9940e-01	2.5716e-01	0.445212	1
FAAH2	4	4.9943e-01	2.5716e-01	0.445212	2
LRRC19	4	4.9958e-01	2.5716e-01	0.445212	2
SYNJ2	4	4.9967e-01	2.5716e-01	0.445212	1
GPC4	4	4.9980e-01	2.5716e-01	0.445212	1
LCE2C	4	4.9981e-01	2.5716e-01	0.445212	2
SUSD4	4	4.9986e-01	2.5716e-01	0.445212	2
TMTC3	4	4.9989e-01	2.5716e-01	0.445212	1
FHL3	4	4.9992e-01	2.5716e-01	0.445212	2
GRIN2C	4	4.9993e-01	2.5716e-01	0.445212	2
ZNF195	4	4.9995e-01	2.5716e-01	0.445212	2
OR8A1	4	5.0008e-01	2.5716e-01	0.445212	2
SRM	4	5.0010e-01	2.5716e-01	0.445212	2
B3GALT2	4	5.0013e-01	2.5716e-01	0.445212	2
WDR54	4	5.0015e-01	2.5716e-01	0.445212	2
SEMA4A	4	5.0022e-01	2.5716e-01	0.445212	2
MCIDAS	4	5.0026e-01	2.5716e-01	0.445212	1
NUDT7	4	5.0032e-01	2.5716e-01	0.445212	1
GKN1	4	5.0035e-01	2.5716e-01	0.445212	2
ADCY3	3	5.0038e-01	2.5319e-01	0.442325	1
TRAF3IP2	4	5.0044e-01	2.5716e-01	0.445212	2
B3GALNT1	4	5.0050e-01	2.5716e-01	0.445212	2
VRK3	4	5.0062e-01	2.5716e-01	0.445212	2
UTS2B	4	5.0069e-01	2.5716e-01	0.445212	1
C4orf22	4	5.0071e-01	2.5716e-01	0.445212	2
SERTM1	4	5.0076e-01	2.5716e-01	0.445212	1
MTF1	4	5.0080e-01	2.5716e-01	0.445212	2
BRSK2	4	5.0084e-01	2.5716e-01	0.445212	2
PVRL1	4	5.0085e-01	2.5716e-01	0.445212	2
GFI1B	4	5.0092e-01	2.5716e-01	0.445212	2
DEFB1	4	5.0097e-01	2.5716e-01	0.445212	2
NAP1L1	4	5.0105e-01	2.5716e-01	0.445212	2
USP13	4	5.0118e-01	2.5716e-01	0.445212	2
EBF2	4	5.0139e-01	2.6041e-01	0.450147	1
ZNF230	4	5.0144e-01	2.6041e-01	0.450147	2
SEC16B	4	5.0149e-01	2.6041e-01	0.450147	1
FAM173A	4	5.0153e-01	2.6041e-01	0.450147	2
NAV2	4	5.0158e-01	2.6041e-01	0.450147	1
GAL3ST1	4	5.0163e-01	2.6041e-01	0.450147	2
CPT1B	4	5.0175e-01	2.6041e-01	0.450147	2
CSRP1	4	5.0178e-01	2.6041e-01	0.450147	2
SLC39A13	4	5.0180e-01	2.6041e-01	0.450147	2
URGCP	4	5.0181e-01	2.6041e-01	0.450147	1
RYR2	4	5.0182e-01	2.6041e-01	0.450147	2
ARNTL2	4	5.0196e-01	2.6041e-01	0.450147	1
KCNQ1	4	5.0201e-01	2.6041e-01	0.450147	1
TIMD4	4	5.0204e-01	2.6041e-01	0.450147	1
TBC1D22B	4	5.0209e-01	2.6041e-01	0.450147	2
HMX3	4	5.0210e-01	2.6041e-01	0.450147	1
CATSPERB	4	5.0213e-01	2.6041e-01	0.450147	2
DBX2	4	5.0219e-01	2.6172e-01	0.452289	2
OR8J1	4	5.0225e-01	2.6172e-01	0.452289	1
OR2A7	4	5.0231e-01	2.6172e-01	0.452289	1
SPACA4	4	5.0236e-01	2.6305e-01	0.453686	2
ESRRG	4	5.0241e-01	2.6305e-01	0.453686	2
SPTLC3	4	5.0250e-01	2.6305e-01	0.453686	2
ANKRD27	4	5.0250e-01	2.6305e-01	0.453686	2
SPDYE4	4	5.0257e-01	2.6305e-01	0.453686	2
ZIC3	4	5.0261e-01	2.6305e-01	0.453686	2
PEX3	4	5.0274e-01	2.6305e-01	0.453686	2
VWC2	4	5.0284e-01	2.6305e-01	0.453686	2
ZC3HAV1L	4	5.0284e-01	2.6305e-01	0.453686	2
UCN	4	5.0314e-01	2.6305e-01	0.453686	1
VSIG10	4	5.0320e-01	2.6305e-01	0.453686	2
ACP6	4	5.0321e-01	2.6305e-01	0.453686	2
CD3G	4	5.0328e-01	2.6305e-01	0.453686	2
ANO7	4	5.0336e-01	2.6305e-01	0.453686	1
ACSF2	4	5.0339e-01	2.6305e-01	0.453686	1
WDR45	4	5.0347e-01	2.6305e-01	0.453686	2
CRYGC	4	5.0354e-01	2.6305e-01	0.453686	2
CPQ	4	5.0375e-01	2.6305e-01	0.453686	1
INSR	4	5.0378e-01	2.6305e-01	0.453686	2
GPX2	4	5.0385e-01	2.6305e-01	0.453686	1
NDUFAF6	4	5.0399e-01	2.6305e-01	0.453686	2
AIP	4	5.0410e-01	2.6305e-01	0.453686	2
HCN4	4	5.0446e-01	2.6439e-01	0.455751	1
XAF1	4	5.0453e-01	2.6439e-01	0.455751	1
DEGS2	4	5.0453e-01	2.6439e-01	0.455751	1
KLF7	4	5.0455e-01	2.6439e-01	0.455751	2
IL13RA2	4	5.0478e-01	2.6439e-01	0.455751	2
DDR1	4	5.0484e-01	2.6439e-01	0.455751	2
NRTN	4	5.0491e-01	2.6534e-01	0.457262	1
PHYH	4	5.0491e-01	2.6534e-01	0.457262	1
TDRD12	4	5.0491e-01	2.6534e-01	0.457262	2
ZXDB	4	5.0500e-01	2.6629e-01	0.458732	2
CD5	4	5.0502e-01	2.6629e-01	0.458732	2
PRR23D2	4	5.0510e-01	2.6629e-01	0.458732	2
OAT	4	5.0514e-01	2.6629e-01	0.458732	2
USP48	4	5.0531e-01	2.6763e-01	0.458853	1
PALLD	4	5.0534e-01	2.6763e-01	0.458853	2
USP31	4	5.0541e-01	2.6763e-01	0.458853	2
CD6	4	5.0550e-01	2.6763e-01	0.458853	2
PFN3	4	5.0559e-01	2.6763e-01	0.458853	1
TMEM105	4	5.0559e-01	2.6763e-01	0.458853	2
LMO3	4	5.0565e-01	2.6763e-01	0.458853	2
APLNR	4	5.0568e-01	2.6763e-01	0.458853	1
RAB38	4	5.0570e-01	2.6763e-01	0.458853	2
ODF1	4	5.0574e-01	2.6763e-01	0.458853	1
GRIA1	4	5.0585e-01	2.6763e-01	0.458853	2
PINK1	4	5.0591e-01	2.6763e-01	0.458853	2
STEAP3	4	5.0595e-01	2.6763e-01	0.458853	1
TMEM156	4	5.0604e-01	2.6763e-01	0.458853	2
CRMP1	4	5.0606e-01	2.6763e-01	0.458853	2
TFRC	4	5.0608e-01	2.6763e-01	0.458853	2
MAP2K6	4	5.0610e-01	2.6763e-01	0.458853	1
SEMA3A	4	5.0624e-01	2.6763e-01	0.458853	2
SDHAF2	4	5.0638e-01	2.6763e-01	0.458853	2
FAM21A	4	5.0642e-01	2.6763e-01	0.458853	2
ZNF112	4	5.0660e-01	2.6763e-01	0.458853	2
DHODH	4	5.0662e-01	2.6763e-01	0.458853	1
ABCC6	4	5.0662e-01	2.6763e-01	0.458853	2
P4HA1	4	5.0665e-01	2.6763e-01	0.458853	2
TMED7	4	5.0674e-01	2.6763e-01	0.458853	2
MYLK4	4	5.0678e-01	2.6763e-01	0.458853	2
MAPK4	4	5.0680e-01	2.6763e-01	0.458853	2
RXRB	4	5.0683e-01	2.6763e-01	0.458853	2
TENM4	4	5.0687e-01	2.6763e-01	0.458853	2
OSCP1	4	5.0694e-01	2.6763e-01	0.458853	2
LRRTM4	4	5.0702e-01	2.6763e-01	0.458853	1
DEPDC4	4	5.0710e-01	2.6763e-01	0.458853	2
NDUFB3	4	5.0717e-01	2.6763e-01	0.458853	1
ZNF449	4	5.0730e-01	2.6763e-01	0.458853	2
KCNAB3	4	5.0734e-01	2.6763e-01	0.458853	2
LBHD1	4	5.0735e-01	2.6763e-01	0.458853	2
TLR8	4	5.0739e-01	2.6763e-01	0.458853	2
LAIR1	4	5.0755e-01	2.6763e-01	0.458853	2
RNF6	4	5.0760e-01	2.6763e-01	0.458853	1
TMSB4Y	4	5.0773e-01	2.6763e-01	0.458853	2
ARL14EP	4	5.0778e-01	2.6763e-01	0.458853	1
MCPH1	4	5.0791e-01	2.6763e-01	0.458853	2
IRS2	4	5.0799e-01	2.6763e-01	0.458853	1
OR10J3	4	5.0800e-01	2.6763e-01	0.458853	2
ZBTB1	4	5.0804e-01	2.6763e-01	0.458853	2
SMARCAL1	4	5.0814e-01	2.6763e-01	0.458853	1
LGI3	4	5.0818e-01	2.6763e-01	0.458853	2
GABRG2	4	5.0820e-01	2.6763e-01	0.458853	2
CD52	4	5.0820e-01	2.6763e-01	0.458853	1
FAM151A	4	5.0823e-01	2.6763e-01	0.458853	1
APOA5	4	5.0824e-01	2.6763e-01	0.458853	2
C21orf33	4	5.0832e-01	2.6763e-01	0.458853	2
PLSCR1	4	5.0832e-01	2.6763e-01	0.458853	2
CNTLN	4	5.0845e-01	2.6895e-01	0.459667	2
KIAA1468	4	5.0847e-01	2.6895e-01	0.459667	2
SYCE3	4	5.0856e-01	2.6895e-01	0.459667	2
ZNF219	4	5.0858e-01	2.6895e-01	0.459667	2
DEFB113	4	5.0860e-01	2.6895e-01	0.459667	1
C8orf37	4	5.0860e-01	2.6895e-01	0.459667	2
HNRNPA1	4	5.0866e-01	2.6895e-01	0.459667	2
GNG11	4	5.0881e-01	2.6895e-01	0.459667	1
ARL5C	4	5.0892e-01	2.6895e-01	0.459667	2
ST6GALNAC3	4	5.0910e-01	2.6895e-01	0.459667	2
PTGIR	4	5.0914e-01	2.6895e-01	0.459667	2
SLC8A3	4	5.0917e-01	2.6895e-01	0.459667	2
CRAMP1L	4	5.0923e-01	2.6895e-01	0.459667	2
FAM131B	4	5.0935e-01	2.6895e-01	0.459667	2
FBRSL1	4	5.0939e-01	2.6895e-01	0.459667	1
HAO2	4	5.0941e-01	2.6895e-01	0.459667	2
SENP1	4	5.0946e-01	2.6895e-01	0.459667	2
DNPEP	4	5.0948e-01	2.6895e-01	0.459667	2
CLK4	4	5.0968e-01	2.6895e-01	0.459667	2
ILVBL	4	5.0977e-01	2.6895e-01	0.459667	2
TAL1	4	5.0984e-01	2.6895e-01	0.459667	2
CUEDC1	4	5.0987e-01	2.6895e-01	0.459667	1
PDZK1IP1	4	5.0993e-01	2.6895e-01	0.459667	1
ST7	4	5.0995e-01	2.6895e-01	0.459667	2
NUP62CL	4	5.1002e-01	2.6895e-01	0.459667	2
TMOD4	4	5.1028e-01	2.6895e-01	0.459667	1
KIAA0513	4	5.1036e-01	2.6895e-01	0.459667	1
PNMAL2	4	5.1038e-01	2.6895e-01	0.459667	2
BAZ2B	4	5.1040e-01	2.6895e-01	0.459667	1
USP15	4	5.1040e-01	2.6895e-01	0.459667	2
TNFRSF13C	4	5.1052e-01	2.6895e-01	0.459667	2
MORN5	4	5.1054e-01	2.6895e-01	0.459667	1
OLFML1	4	5.1054e-01	2.6895e-01	0.459667	2
OR1C1	4	5.1056e-01	2.6895e-01	0.459667	2
ACAD9	4	5.1060e-01	2.6895e-01	0.459667	2
FBXL18	4	5.1063e-01	2.7030e-01	0.459923	1
PAPPA	4	5.1066e-01	2.7030e-01	0.459923	1
C4B	4	5.1069e-01	2.7030e-01	0.459923	1
STX11	4	5.1081e-01	2.7030e-01	0.459923	2
SLC22A2	4	5.1101e-01	2.7030e-01	0.459923	2
IRF3	4	5.1102e-01	2.7030e-01	0.459923	1
PRSS21	4	5.1117e-01	2.7030e-01	0.459923	2
ACRC	4	5.1117e-01	2.7030e-01	0.459923	1
DBI	4	5.1124e-01	2.7030e-01	0.459923	2
CPA5	4	5.1128e-01	2.7030e-01	0.459923	2
ZSWIM1	4	5.1129e-01	2.7030e-01	0.459923	1
TRIM68	4	5.1130e-01	2.7030e-01	0.459923	2
UBN1	4	5.1134e-01	2.7030e-01	0.459923	2
C22orf39	4	5.1148e-01	2.7030e-01	0.459923	1
HMP19	4	5.1153e-01	2.7030e-01	0.459923	2
ABCA13	4	5.1154e-01	2.7030e-01	0.459923	1
WRAP53	4	5.1159e-01	2.7030e-01	0.459923	2
MIDN	4	5.1172e-01	2.7030e-01	0.459923	2
TTLL11	4	5.1175e-01	2.7030e-01	0.459923	2
IFNA10	4	5.1191e-01	2.7030e-01	0.459923	2
LCE4A	4	5.1211e-01	2.7030e-01	0.459923	1
CD40	4	5.1214e-01	2.7030e-01	0.459923	2
SEC31A	4	5.1214e-01	2.7030e-01	0.459923	2
ADAMTS4	4	5.1223e-01	2.7030e-01	0.459923	1
GMPR	4	5.1225e-01	2.7030e-01	0.459923	2
PDLIM7	4	5.1226e-01	2.7030e-01	0.459923	1
C8orf87	4	5.1232e-01	2.7030e-01	0.459923	2
RHOU	4	5.1238e-01	2.7030e-01	0.459923	2
PARD6G	4	5.1244e-01	2.7030e-01	0.459923	2
C9orf117	4	5.1252e-01	2.7030e-01	0.459923	2
ZFAT	4	5.1265e-01	2.7030e-01	0.459923	1
FSD1L	4	5.1268e-01	2.7030e-01	0.459923	2
ABCC8	4	5.1270e-01	2.7030e-01	0.459923	1
EVC	4	5.1272e-01	2.7030e-01	0.459923	2
THBS4	4	5.1277e-01	2.7030e-01	0.459923	1
CAB39	4	5.1285e-01	2.7030e-01	0.459923	2
AKAP2	4	5.1288e-01	2.7030e-01	0.459923	2
KLHDC8B	4	5.1292e-01	2.7030e-01	0.459923	2
KBTBD11	4	5.1292e-01	2.7030e-01	0.459923	1
PANK2	4	5.1294e-01	2.7030e-01	0.459923	2
AGGF1	4	5.1299e-01	2.7030e-01	0.459923	2
CD1D	4	5.1310e-01	2.7030e-01	0.459923	2
ZFP62	4	5.1332e-01	2.7030e-01	0.459923	2
GFPT2	4	5.1332e-01	2.7030e-01	0.459923	2
THEM6	4	5.1335e-01	2.7030e-01	0.459923	2
OR13C2	4	5.1335e-01	2.7030e-01	0.459923	2
TTC39A	4	5.1337e-01	2.7030e-01	0.459923	2
MMP26	4	5.1341e-01	2.7030e-01	0.459923	2
SSPO	4	5.1348e-01	2.7030e-01	0.459923	2
SERF2	4	5.1359e-01	2.7169e-01	0.461332	2
NDUFA2	4	5.1360e-01	2.7169e-01	0.461332	2
GPBP1L1	4	5.1375e-01	2.7169e-01	0.461332	2
GLT6D1	4	5.1386e-01	2.7169e-01	0.461332	2
FOXG1	4	5.1391e-01	2.7169e-01	0.461332	2
MRPL48	4	5.1395e-01	2.7169e-01	0.461332	2
C11orf65	4	5.1400e-01	2.7169e-01	0.461332	2
CH25H	4	5.1407e-01	2.7169e-01	0.461332	2
EPHX4	4	5.1416e-01	2.7169e-01	0.461332	1
LOC100129520	4	5.1416e-01	2.7169e-01	0.461332	1
GALNT5	4	5.1422e-01	2.7169e-01	0.461332	2
TAS2R60	4	5.1425e-01	2.7169e-01	0.461332	1
MPZL3	4	5.1428e-01	2.7169e-01	0.461332	1
CALML4	4	5.1437e-01	2.7169e-01	0.461332	1
VN1R4	4	5.1446e-01	2.7169e-01	0.461332	2
SLC18A1	4	5.1449e-01	2.7169e-01	0.461332	1
CD2	4	5.1449e-01	2.7169e-01	0.461332	2
GPR84	4	5.1455e-01	2.7169e-01	0.461332	1
H2AFB1	4	5.1456e-01	2.7169e-01	0.461332	2
FAM149B1	4	5.1470e-01	2.7169e-01	0.461332	1
ZNF843	4	5.1472e-01	2.7169e-01	0.461332	2
HTN3	4	5.1474e-01	2.7169e-01	0.461332	2
MAP7	4	5.1476e-01	2.7169e-01	0.461332	2
RGS9	4	5.1481e-01	2.7303e-01	0.462624	2
DSC2	4	5.1491e-01	2.7303e-01	0.462624	1
ATPAF2	4	5.1494e-01	2.7303e-01	0.462624	2
NANOS2	4	5.1499e-01	2.7303e-01	0.462624	2
STAT4	4	5.1501e-01	2.7303e-01	0.462624	2
CCDC108	4	5.1506e-01	2.7303e-01	0.462624	2
MOCOS	4	5.1512e-01	2.7303e-01	0.462624	2
NEBL	4	5.1517e-01	2.7303e-01	0.462624	2
KCNA4	4	5.1527e-01	2.7303e-01	0.462624	1
HDC	4	5.1528e-01	2.7303e-01	0.462624	2
PCP4L1	4	5.1530e-01	2.7303e-01	0.462624	2
AP5S1	4	5.1542e-01	2.7303e-01	0.462624	1
DMXL2	4	5.1548e-01	2.7303e-01	0.462624	2
LAG3	4	5.1550e-01	2.7303e-01	0.462624	2
NOSIP	4	5.1551e-01	2.7303e-01	0.462624	1
CAPN11	4	5.1566e-01	2.7303e-01	0.462624	2
KRTAP5-10	4	5.1566e-01	2.7303e-01	0.462624	2
LINC00452	4	5.1569e-01	2.7303e-01	0.462624	1
MLKL	4	5.1572e-01	2.7303e-01	0.462624	2
USP22	4	5.1578e-01	2.7303e-01	0.462624	2
MUM1	4	5.1581e-01	2.7303e-01	0.462624	1
TENM2	4	5.1582e-01	2.7303e-01	0.462624	2
LCNL1	4	5.1591e-01	2.7303e-01	0.462624	2
TRIM51	4	5.1593e-01	2.7303e-01	0.462624	2
PATE4	4	5.1610e-01	2.7394e-01	0.464127	2
YOD1	4	5.1613e-01	2.7485e-01	0.464313	2
RGS14	4	5.1618e-01	2.7485e-01	0.464313	2
MFSD6	4	5.1620e-01	2.7485e-01	0.464313	2
HTR3E	4	5.1622e-01	2.7485e-01	0.464313	2
KRTAP13-3	4	5.1623e-01	2.7485e-01	0.464313	2
ADAP1	4	5.1624e-01	2.7485e-01	0.464313	2
SLC23A3	4	5.1629e-01	2.7485e-01	0.464313	2
FAM210B	4	5.1633e-01	2.7485e-01	0.464313	2
C4A	4	5.1635e-01	2.7485e-01	0.464313	1
EPHA4	4	5.1641e-01	2.7485e-01	0.464313	1
AGO4	4	5.1642e-01	2.7485e-01	0.464313	2
EPX	4	5.1647e-01	2.7485e-01	0.464313	2
KDELC2	4	5.1647e-01	2.7485e-01	0.464313	1
SYNJ1	4	5.1654e-01	2.7485e-01	0.464313	2
ITGA11	4	5.1676e-01	2.7485e-01	0.464313	1
SLC25A44	4	5.1678e-01	2.7485e-01	0.464313	2
MYO7A	4	5.1681e-01	2.7485e-01	0.464313	2
MIIP	4	5.1685e-01	2.7485e-01	0.464313	2
BBS1	4	5.1686e-01	2.7485e-01	0.464313	1
SORBS1	4	5.1687e-01	2.7485e-01	0.464313	2
RNASE8	4	5.1692e-01	2.7485e-01	0.464313	2
STON1	4	5.1698e-01	2.7485e-01	0.464313	1
RAD54B	4	5.1701e-01	2.7485e-01	0.464313	2
SYT9	4	5.1705e-01	2.7485e-01	0.464313	2
SGK1	4	5.1719e-01	2.7485e-01	0.464313	2
IL10RB	4	5.1719e-01	2.7485e-01	0.464313	2
SDF4	4	5.1732e-01	2.7485e-01	0.464313	2
GPR12	4	5.1737e-01	2.7485e-01	0.464313	2
FST	4	5.1740e-01	2.7485e-01	0.464313	2
NRP2	4	5.1741e-01	2.7485e-01	0.464313	2
TNFAIP8L2	4	5.1750e-01	2.7485e-01	0.464313	2
SPAG6	4	5.1752e-01	2.7485e-01	0.464313	2
HYPM	4	5.1755e-01	2.7485e-01	0.464313	2
ITM2B	4	5.1759e-01	2.7669e-01	0.466669	2
MANEA	4	5.1775e-01	2.7669e-01	0.466669	2
UBE2L6	4	5.1781e-01	2.7669e-01	0.466669	2
GUCY2F	4	5.1795e-01	2.7669e-01	0.466669	2
SLC25A43	4	5.1803e-01	2.7669e-01	0.466669	1
OR52J3	4	5.1804e-01	2.7669e-01	0.466669	2
FBP1	4	5.1806e-01	2.7669e-01	0.466669	2
OR10G9	4	5.1812e-01	2.7669e-01	0.466669	2
TIGD6	4	5.1820e-01	2.7669e-01	0.466669	2
CLIC5	4	5.1821e-01	2.7669e-01	0.466669	2
ZFP57	4	5.1822e-01	2.7669e-01	0.466669	2
VAT1L	4	5.1829e-01	2.7669e-01	0.466669	2
DUSP7	4	5.1836e-01	2.7669e-01	0.466669	1
OR1L8	4	5.1842e-01	2.7669e-01	0.466669	2
REEP3	4	5.1844e-01	2.7669e-01	0.466669	2
GP5	4	5.1851e-01	2.7669e-01	0.466669	1
SIRT3	4	5.1853e-01	2.7669e-01	0.466669	2
PLAC8L1	4	5.1855e-01	2.7669e-01	0.466669	2
PKDCC	4	5.1864e-01	2.7853e-01	0.468744	2
ECI1	4	5.1867e-01	2.7853e-01	0.468744	2
MAP2	4	5.1880e-01	2.7853e-01	0.468744	2
ELF2	4	5.1881e-01	2.7853e-01	0.468744	2
LAMA3	4	5.1889e-01	2.7853e-01	0.468744	2
C9orf89	4	5.1890e-01	2.7853e-01	0.468744	1
FOLH1B	4	5.1899e-01	2.7853e-01	0.468744	2
CCDC159	4	5.1917e-01	2.7853e-01	0.468744	2
CCDC122	4	5.1926e-01	2.7853e-01	0.468744	2
LGALS14	4	5.1929e-01	2.7853e-01	0.468744	2
POU2F2	4	5.1938e-01	2.7853e-01	0.468744	2
FOLH1	4	5.1941e-01	2.7853e-01	0.468744	2
PIGT	4	5.1943e-01	2.7853e-01	0.468744	2
NTRK2	4	5.1945e-01	2.7853e-01	0.468744	2
NBEA	4	5.1947e-01	2.7853e-01	0.468744	1
MFSD7	4	5.1947e-01	2.7853e-01	0.468744	2
CCR6	4	5.1972e-01	2.7853e-01	0.468744	2
ICOS	4	5.1990e-01	2.7853e-01	0.468744	2
DENND2C	4	5.1992e-01	2.7853e-01	0.468744	2
FAM71E1	4	5.1994e-01	2.7853e-01	0.468744	2
ANP32E	4	5.1997e-01	2.7853e-01	0.468744	2
IDH3B	4	5.2003e-01	2.7853e-01	0.468744	2
PCDHGA6	4	5.2009e-01	2.7853e-01	0.468744	2
ACSM3	4	5.2015e-01	2.7853e-01	0.468744	2
GNPAT	4	5.2023e-01	2.7853e-01	0.468744	2
TNNT3	4	5.2035e-01	2.8037e-01	0.471382	2
CCDC85B	4	5.2039e-01	2.8037e-01	0.471382	1
DYNC2LI1	4	5.2054e-01	2.8037e-01	0.471382	1
STX17	4	5.2057e-01	2.8037e-01	0.471382	2
ZNF600	4	5.2064e-01	2.8037e-01	0.471382	1
UBE2O	4	5.2065e-01	2.8037e-01	0.471382	2
TFR2	4	5.2069e-01	2.8037e-01	0.471382	1
MS4A6E	4	5.2070e-01	2.8037e-01	0.471382	2
MUC16	4	5.2077e-01	2.8037e-01	0.471382	2
ZNF233	4	5.2082e-01	2.8037e-01	0.471382	2
OPALIN	4	5.2090e-01	2.8037e-01	0.471382	1
CPM	4	5.2093e-01	2.8172e-01	0.471423	2
SSR3	4	5.2093e-01	2.8172e-01	0.471423	2
PADI4	4	5.2095e-01	2.8172e-01	0.471423	2
ZNF587B	4	5.2109e-01	2.8172e-01	0.471423	2
NR4A2	4	5.2111e-01	2.8172e-01	0.471423	2
MFSD9	4	5.2138e-01	2.8172e-01	0.471423	2
ASCL1	4	5.2142e-01	2.8172e-01	0.471423	2
CHL1	4	5.2156e-01	2.8172e-01	0.471423	2
PRADC1	4	5.2158e-01	2.8172e-01	0.471423	2
HOMER3	4	5.2158e-01	2.8172e-01	0.471423	2
GSTO2	4	5.2164e-01	2.8172e-01	0.471423	1
ZNF410	4	5.2173e-01	2.8172e-01	0.471423	1
LOC100996693	4	5.2178e-01	2.8172e-01	0.471423	2
EAF2	4	5.2182e-01	2.8172e-01	0.471423	2
NADSYN1	4	5.2185e-01	2.8172e-01	0.471423	2
YPEL3	4	5.2185e-01	2.8172e-01	0.471423	2
LHX5	4	5.2187e-01	2.8172e-01	0.471423	2
RAB3GAP1	4	5.2191e-01	2.8172e-01	0.471423	2
RNF212B	4	5.2197e-01	2.8172e-01	0.471423	1
HSPB3	4	5.2203e-01	2.8172e-01	0.471423	1
IL31RA	4	5.2209e-01	2.8172e-01	0.471423	1
HEATR6	4	5.2216e-01	2.8172e-01	0.471423	2
EREG	4	5.2220e-01	2.8172e-01	0.471423	2
DLGAP1	4	5.2223e-01	2.8172e-01	0.471423	2
ALDH3A1	4	5.2237e-01	2.8172e-01	0.471423	1
PARP12	4	5.2241e-01	2.8172e-01	0.471423	2
TNFRSF19	4	5.2252e-01	2.8172e-01	0.471423	2
SIDT2	4	5.2254e-01	2.8172e-01	0.471423	2
ADAM9	4	5.2267e-01	2.8172e-01	0.471423	2
MFSD10	4	5.2276e-01	2.8172e-01	0.471423	2
SARDH	4	5.2276e-01	2.8172e-01	0.471423	1
ZDHHC18	4	5.2286e-01	2.8172e-01	0.471423	1
LTA	4	5.2300e-01	2.8172e-01	0.471423	2
SMAP2	4	5.2301e-01	2.8172e-01	0.471423	1
MINA	4	5.2314e-01	2.8172e-01	0.471423	2
MCCC2	4	5.2319e-01	2.8172e-01	0.471423	2
PLA2G16	4	5.2326e-01	2.8172e-01	0.471423	2
BLCAP	4	5.2328e-01	2.8172e-01	0.471423	1
SPIN1	4	5.2330e-01	2.8172e-01	0.471423	2
FAM220A	4	5.2337e-01	2.8172e-01	0.471423	2
TM4SF20	4	5.2339e-01	2.8172e-01	0.471423	1
RBMXL3	4	5.2348e-01	2.8172e-01	0.471423	2
MYL6B	4	5.2351e-01	2.8172e-01	0.471423	2
TRIP4	4	5.2357e-01	2.8172e-01	0.471423	1
IRF2BP2	4	5.2363e-01	2.8172e-01	0.471423	1
LOC81691	4	5.2377e-01	2.8172e-01	0.471423	2
TMPRSS12	4	5.2390e-01	2.8172e-01	0.471423	1
TXNDC12	4	5.2397e-01	2.8172e-01	0.471423	2
DNER	4	5.2399e-01	2.8172e-01	0.471423	2
KRTAP12-1	4	5.2404e-01	2.8172e-01	0.471423	2
ODF3B	4	5.2406e-01	2.8172e-01	0.471423	2
EMILIN3	4	5.2408e-01	2.8172e-01	0.471423	1
EPHB1	4	5.2408e-01	2.8172e-01	0.471423	2
C20orf197	4	5.2444e-01	2.8172e-01	0.471423	2
GSG2	4	5.2457e-01	2.8353e-01	0.474367	2
FKBP3	4	5.2460e-01	2.8353e-01	0.474367	2
C1orf186	4	5.2466e-01	2.8489e-01	0.476180	2
SCGB1C2	4	5.2486e-01	2.8489e-01	0.476180	2
TSPAN8	4	5.2495e-01	2.8489e-01	0.476180	2
DOCK3	4	5.2496e-01	2.8489e-01	0.476180	2
ATP13A3	4	5.2504e-01	2.8489e-01	0.476180	2
GDF7	4	5.2522e-01	2.8489e-01	0.476180	2
MFHAS1	4	5.2529e-01	2.8489e-01	0.476180	2
MPV17L	4	5.2536e-01	2.8489e-01	0.476180	2
PTTG1IP	4	5.2540e-01	2.8489e-01	0.476180	2
CYP3A7-CYP3A51P	4	5.2558e-01	2.8489e-01	0.476180	2
MBNL2	4	5.2559e-01	2.8489e-01	0.476180	2
TLR7	4	5.2565e-01	2.8669e-01	0.476225	2
TAF9B	4	5.2567e-01	2.8669e-01	0.476225	2
IGFBP7	4	5.2598e-01	2.8669e-01	0.476225	2
MT1H	4	5.2600e-01	2.8669e-01	0.476225	2
OR6C6	4	5.2605e-01	2.8669e-01	0.476225	2
HACL1	4	5.2616e-01	2.8669e-01	0.476225	2
PTPRT	4	5.2620e-01	2.8669e-01	0.476225	2
ZNRF4	4	5.2627e-01	2.8669e-01	0.476225	2
DEFA3	4	5.2630e-01	2.8669e-01	0.476225	2
CREB3L1	4	5.2632e-01	2.8669e-01	0.476225	2
SLC17A9	4	5.2638e-01	2.8669e-01	0.476225	2
CHCHD6	4	5.2641e-01	2.8669e-01	0.476225	2
NT5M	4	5.2650e-01	2.8669e-01	0.476225	2
RGS11	4	5.2658e-01	2.8669e-01	0.476225	2
HOXC10	4	5.2667e-01	2.8669e-01	0.476225	2
ARSK	4	5.2672e-01	2.8669e-01	0.476225	2
LAPTM4A	4	5.2674e-01	2.8669e-01	0.476225	1
BEST3	4	5.2676e-01	2.8669e-01	0.476225	2
PSME2	4	5.2683e-01	2.8669e-01	0.476225	1
NXPH1	4	5.2683e-01	2.8669e-01	0.476225	2
PLEKHO2	4	5.2686e-01	2.8669e-01	0.476225	2
TIMM17A	4	5.2689e-01	2.8669e-01	0.476225	1
C11orf95	4	5.2694e-01	2.8669e-01	0.476225	2
CCDC160	4	5.2697e-01	2.8669e-01	0.476225	1
LLGL1	4	5.2701e-01	2.8669e-01	0.476225	2
CXCL6	4	5.2709e-01	2.8669e-01	0.476225	1
HEPACAM2	4	5.2712e-01	2.8669e-01	0.476225	2
ALDH1B1	4	5.2714e-01	2.8669e-01	0.476225	2
MTA1	4	5.2721e-01	2.8669e-01	0.476225	2
NOS1	4	5.2725e-01	2.8669e-01	0.476225	2
YBEY	4	5.2730e-01	2.8669e-01	0.476225	2
KLHDC10	4	5.2732e-01	2.8669e-01	0.476225	2
SYT12	4	5.2736e-01	2.8669e-01	0.476225	2
CMTR2	4	5.2748e-01	2.8669e-01	0.476225	1
MACC1	4	5.2750e-01	2.8669e-01	0.476225	2
RAB17	4	5.2757e-01	2.8669e-01	0.476225	2
PIRT	4	5.2758e-01	2.8669e-01	0.476225	2
PSTPIP1	4	5.2768e-01	2.8669e-01	0.476225	2
RCN3	4	5.2771e-01	2.8669e-01	0.476225	1
EPSTI1	4	5.2786e-01	2.8669e-01	0.476225	1
IRAK4	4	5.2798e-01	2.8669e-01	0.476225	2
KRTAP6-3	4	5.2812e-01	2.8669e-01	0.476225	2
OTUD6B	4	5.2815e-01	2.8669e-01	0.476225	2
GSTA5	4	5.2815e-01	2.8669e-01	0.476225	2
ACTG2	4	5.2819e-01	2.8669e-01	0.476225	2
KDM1B	4	5.2830e-01	2.8669e-01	0.476225	1
CCL20	4	5.2842e-01	2.8669e-01	0.476225	1
NEDD9	4	5.2851e-01	2.8669e-01	0.476225	2
NAIF1	4	5.2853e-01	2.8669e-01	0.476225	2
TDRD10	4	5.2855e-01	2.8669e-01	0.476225	2
AP3M1	4	5.2855e-01	2.8669e-01	0.476225	2
PLVAP	4	5.2865e-01	2.8669e-01	0.476225	1
TNNI3K	4	5.2868e-01	2.8669e-01	0.476225	1
DEFB125	4	5.2880e-01	2.8669e-01	0.476225	1
APOBEC1	4	5.2883e-01	2.8669e-01	0.476225	1
ISPD	4	5.2889e-01	2.8669e-01	0.476225	1
MAP3K9	4	5.2899e-01	2.8669e-01	0.476225	2
PPP1R42	4	5.2908e-01	2.8669e-01	0.476225	2
HMCN1	4	5.2912e-01	2.8669e-01	0.476225	2
CST4	4	5.2921e-01	2.8669e-01	0.476225	1
C9orf156	4	5.2924e-01	2.8669e-01	0.476225	2
MMP10	4	5.2933e-01	2.8669e-01	0.476225	2
EFCAB3	4	5.2946e-01	2.8669e-01	0.476225	2
GSTA1	4	5.2948e-01	2.8669e-01	0.476225	2
UFSP1	4	5.2977e-01	2.8669e-01	0.476225	2
CDH1	4	5.2991e-01	2.8669e-01	0.476225	2
SLC30A4	4	5.2993e-01	2.8669e-01	0.476225	2
EXPH5	4	5.3004e-01	2.8669e-01	0.476225	2
AGTPBP1	4	5.3006e-01	2.8669e-01	0.476225	2
FAM69C	4	5.3018e-01	2.8669e-01	0.476225	1
PKP2	4	5.3022e-01	2.8669e-01	0.476225	2
C5orf28	4	5.3031e-01	2.8804e-01	0.478146	2
POGLUT1	4	5.3033e-01	2.8804e-01	0.478146	2
NR2F2	4	5.3039e-01	2.8804e-01	0.478146	2
RIMS1	4	5.3041e-01	2.8804e-01	0.478146	2
COX17	4	5.3049e-01	2.8804e-01	0.478146	2
LAMTOR5	4	5.3050e-01	2.8804e-01	0.478146	2
ELL2	4	5.3053e-01	2.8804e-01	0.478146	2
TAS2R10	4	5.3059e-01	2.8804e-01	0.478146	2
HDDC3	4	5.3067e-01	2.8942e-01	0.480354	2
TARSL2	4	5.3071e-01	2.8942e-01	0.480354	1
LONP2	4	5.3083e-01	2.9126e-01	0.483194	2
MAP1A	4	5.3087e-01	2.9126e-01	0.483194	2
ARC	4	5.3097e-01	2.9126e-01	0.483194	1
C6orf165	4	5.3107e-01	2.9126e-01	0.483194	2
KRT10	4	5.3111e-01	2.9126e-01	0.483194	2
BBS5	4	5.3121e-01	2.9262e-01	0.484059	2
LDLRAD4	4	5.3124e-01	2.9262e-01	0.484059	2
NSUN4	4	5.3127e-01	2.9262e-01	0.484059	1
FZD1	4	5.3129e-01	2.9262e-01	0.484059	2
CCDC124	4	5.3131e-01	2.9262e-01	0.484059	1
GNGT2	4	5.3133e-01	2.9262e-01	0.484059	2
ZFP30	4	5.3135e-01	2.9262e-01	0.484059	1
TNFAIP2	4	5.3156e-01	2.9262e-01	0.484059	2
UBXN4	4	5.3158e-01	2.9262e-01	0.484059	2
RAVER2	4	5.3168e-01	2.9445e-01	0.484059	1
CACNA1I	4	5.3176e-01	2.9445e-01	0.484059	2
ADCK3	4	5.3180e-01	2.9445e-01	0.484059	2
PPP1R16B	4	5.3182e-01	2.9445e-01	0.484059	1
ELN	4	5.3185e-01	2.9445e-01	0.484059	2
NLRP2	4	5.3189e-01	2.9445e-01	0.484059	2
PDXK	4	5.3191e-01	2.9445e-01	0.484059	2
IL18BP	4	5.3196e-01	2.9445e-01	0.484059	2
GPRIN1	4	5.3203e-01	2.9445e-01	0.484059	1
SH2B1	4	5.3207e-01	2.9445e-01	0.484059	1
MYO15A	4	5.3212e-01	2.9445e-01	0.484059	1
CA2	4	5.3220e-01	2.9445e-01	0.484059	2
POMZP3	4	5.3231e-01	2.9445e-01	0.484059	2
M1AP	4	5.3238e-01	2.9445e-01	0.484059	2
PCDHB2	4	5.3241e-01	2.9445e-01	0.484059	1
TMEM71	4	5.3244e-01	2.9445e-01	0.484059	1
COQ10A	4	5.3245e-01	2.9445e-01	0.484059	2
PHF21A	4	5.3249e-01	2.9445e-01	0.484059	2
ZNF777	4	5.3251e-01	2.9445e-01	0.484059	2
RFPL4AL1	4	5.3255e-01	2.9445e-01	0.484059	1
PTCHD2	4	5.3256e-01	2.9445e-01	0.484059	2
SLC26A5	4	5.3260e-01	2.9445e-01	0.484059	2
GPR18	4	5.3267e-01	2.9445e-01	0.484059	2
FLNC	4	5.3267e-01	2.9445e-01	0.484059	1
CCDC140	4	5.3283e-01	2.9445e-01	0.484059	2
ZNF865	4	5.3291e-01	2.9445e-01	0.484059	2
TBC1D20	4	5.3293e-01	2.9445e-01	0.484059	1
FAM47B	4	5.3298e-01	2.9445e-01	0.484059	2
PARP11	4	5.3299e-01	2.9445e-01	0.484059	1
DOCK9	4	5.3308e-01	2.9578e-01	0.484059	2
HMCN2	4	5.3309e-01	2.9578e-01	0.484059	2
VSIG10L	4	5.3317e-01	2.9578e-01	0.484059	2
LIMK1	4	5.3320e-01	2.9578e-01	0.484059	2
SPANXD	4	5.3320e-01	2.9578e-01	0.484059	2
GPBAR1	4	5.3323e-01	2.9578e-01	0.484059	2
PCP4	4	5.3340e-01	2.9578e-01	0.484059	2
OR52E2	4	5.3345e-01	2.9578e-01	0.484059	2
PRICKLE4	4	5.3346e-01	2.9578e-01	0.484059	1
ASB17	4	5.3365e-01	2.9578e-01	0.484059	2
GPR34	4	5.3366e-01	2.9578e-01	0.484059	2
PRSS36	4	5.3384e-01	2.9578e-01	0.484059	1
ATP6V0A2	4	5.3385e-01	2.9578e-01	0.484059	2
CALM1	4	5.3392e-01	2.9578e-01	0.484059	2
C15orf57	4	5.3393e-01	2.9578e-01	0.484059	2
LHX9	4	5.3396e-01	2.9578e-01	0.484059	1
ART3	4	5.3398e-01	2.9578e-01	0.484059	2
TUBA3C	4	5.3401e-01	2.9578e-01	0.484059	2
PPL	4	5.3401e-01	2.9578e-01	0.484059	1
ABCB4	4	5.3404e-01	2.9578e-01	0.484059	1
HPD	4	5.3407e-01	2.9578e-01	0.484059	2
RCOR2	4	5.3407e-01	2.9578e-01	0.484059	1
TMEM214	4	5.3427e-01	2.9578e-01	0.484059	2
OR10G2	4	5.3431e-01	2.9578e-01	0.484059	1
HLA-DRB1	4	5.3435e-01	2.9578e-01	0.484059	2
POU6F1	4	5.3436e-01	2.9578e-01	0.484059	2
PCDHB15	4	5.3438e-01	2.9578e-01	0.484059	2
HSP90AB1	4	5.3441e-01	2.9578e-01	0.484059	1
TMEM179	4	5.3449e-01	2.9578e-01	0.484059	2
GLOD4	4	5.3455e-01	2.9578e-01	0.484059	1
PROSER3	4	5.3467e-01	2.9578e-01	0.484059	2
ZCCHC10	4	5.3469e-01	2.9578e-01	0.484059	1
ZCCHC18	4	5.3471e-01	2.9578e-01	0.484059	1
BTN2A2	4	5.3498e-01	2.9578e-01	0.484059	2
BCL2L13	4	5.3501e-01	2.9578e-01	0.484059	2
AK3	4	5.3509e-01	2.9578e-01	0.484059	1
ASTL	4	5.3527e-01	2.9578e-01	0.484059	1
MYL3	4	5.3527e-01	2.9578e-01	0.484059	2
GPATCH11	4	5.3529e-01	2.9578e-01	0.484059	2
STMN4	4	5.3530e-01	2.9578e-01	0.484059	2
GIP	4	5.3532e-01	2.9578e-01	0.484059	2
CNTNAP4	4	5.3560e-01	2.9578e-01	0.484059	1
FSTL5	4	5.3560e-01	2.9578e-01	0.484059	1
PDC	4	5.3565e-01	2.9578e-01	0.484059	1
PDP2	4	5.3572e-01	2.9578e-01	0.484059	2
ATXN3L	4	5.3572e-01	2.9578e-01	0.484059	1
CHD1	4	5.3578e-01	2.9578e-01	0.484059	2
STMND1	4	5.3585e-01	2.9578e-01	0.484059	1
TRPC1	4	5.3587e-01	2.9578e-01	0.484059	2
YWHAE	4	5.3594e-01	2.9578e-01	0.484059	2
PLEKHJ1	4	5.3594e-01	2.9578e-01	0.484059	2
ZMAT4	4	5.3600e-01	2.9578e-01	0.484059	2
ZNF799	4	5.3601e-01	2.9578e-01	0.484059	2
CCL19	4	5.3608e-01	2.9578e-01	0.484059	2
GLIPR2	4	5.3616e-01	2.9578e-01	0.484059	1
TMEM175	4	5.3623e-01	2.9578e-01	0.484059	2
DOC2B	4	5.3632e-01	2.9578e-01	0.484059	2
CSNK1G3	4	5.3638e-01	2.9578e-01	0.484059	2
CFAP53	4	5.3643e-01	2.9578e-01	0.484059	2
DPRX	4	5.3649e-01	2.9578e-01	0.484059	1
GAS7	4	5.3652e-01	2.9578e-01	0.484059	1
TAS2R13	4	5.3666e-01	2.9578e-01	0.484059	2
SLC22A20	4	5.3675e-01	2.9578e-01	0.484059	1
ZNF257	4	5.3678e-01	2.9578e-01	0.484059	2
RNASET2	4	5.3682e-01	2.9578e-01	0.484059	1
CLVS1	4	5.3687e-01	2.9578e-01	0.484059	2
WT1	4	5.3696e-01	2.9578e-01	0.484059	2
LCE6A	4	5.3698e-01	2.9578e-01	0.484059	2
ICAM1	4	5.3701e-01	2.9578e-01	0.484059	1
BMP6	4	5.3711e-01	2.9578e-01	0.484059	1
GALNT4	4	5.3712e-01	2.9578e-01	0.484059	2
ZNF346	4	5.3716e-01	2.9578e-01	0.484059	1
KIAA1522	4	5.3718e-01	2.9578e-01	0.484059	2
RGS17	4	5.3727e-01	2.9578e-01	0.484059	2
DLGAP5	4	5.3728e-01	2.9578e-01	0.484059	2
TRPM4	4	5.3736e-01	2.9578e-01	0.484059	1
SPATS2L	4	5.3743e-01	2.9578e-01	0.484059	2
MKL1	4	5.3745e-01	2.9578e-01	0.484059	2
SLC46A1	4	5.3745e-01	2.9578e-01	0.484059	2
SETD4	4	5.3749e-01	2.9578e-01	0.484059	2
CD34	4	5.3758e-01	2.9578e-01	0.484059	2
PLIN2	4	5.3759e-01	2.9578e-01	0.484059	1
PCDHA13	4	5.3774e-01	2.9578e-01	0.484059	2
SFTA3	4	5.3785e-01	2.9578e-01	0.484059	1
CD300A	4	5.3787e-01	2.9578e-01	0.484059	2
UQCRFS1	4	5.3788e-01	2.9578e-01	0.484059	2
NCKAP5L	4	5.3797e-01	2.9578e-01	0.484059	2
PECR	4	5.3803e-01	2.9578e-01	0.484059	1
HIST1H2BH	4	5.3807e-01	2.9578e-01	0.484059	2
C1orf159	4	5.3823e-01	2.9578e-01	0.484059	2
CALCRL	4	5.3825e-01	2.9578e-01	0.484059	2
CCDC30	4	5.3832e-01	2.9578e-01	0.484059	2
TOP2B	4	5.3834e-01	2.9578e-01	0.484059	2
OIT3	4	5.3840e-01	2.9578e-01	0.484059	2
EPO	4	5.3846e-01	2.9578e-01	0.484059	2
FAM199X	4	5.3856e-01	2.9578e-01	0.484059	2
NRIP3	4	5.3858e-01	2.9578e-01	0.484059	2
CKMT1A	4	5.3860e-01	2.9578e-01	0.484059	2
FAM178B	4	5.3864e-01	2.9578e-01	0.484059	1
OR52B2	4	5.3868e-01	2.9578e-01	0.484059	1
TMEM218	4	5.3871e-01	2.9578e-01	0.484059	2
NAP1L5	4	5.3880e-01	2.9578e-01	0.484059	2
GLT8D1	4	5.3881e-01	2.9578e-01	0.484059	2
SEZ6L2	4	5.3883e-01	2.9578e-01	0.484059	2
TPH2	4	5.3885e-01	2.9578e-01	0.484059	2
C1orf115	4	5.3887e-01	2.9578e-01	0.484059	1
PVRIG	4	5.3898e-01	2.9578e-01	0.484059	2
ZNF136	4	5.3910e-01	2.9578e-01	0.484059	1
HKR1	4	5.3927e-01	2.9578e-01	0.484059	1
RGS9BP	4	5.3930e-01	2.9578e-01	0.484059	2
NAT14	4	5.3939e-01	2.9578e-01	0.484059	2
NAV3	4	5.3942e-01	2.9578e-01	0.484059	2
TCEAL1	4	5.3956e-01	2.9578e-01	0.484059	2
ANP32A	4	5.3959e-01	2.9578e-01	0.484059	1
NRSN1	4	5.3967e-01	2.9578e-01	0.484059	2
LGI2	4	5.3971e-01	2.9578e-01	0.484059	2
VWDE	4	5.3974e-01	2.9578e-01	0.484059	1
AMDHD1	4	5.3976e-01	2.9578e-01	0.484059	1
PAGE3	4	5.3988e-01	2.9578e-01	0.484059	1
MPHOSPH9	4	5.3998e-01	2.9757e-01	0.486609	2
FKBP11	4	5.4005e-01	2.9757e-01	0.486609	2
SEL1L2	4	5.4009e-01	2.9757e-01	0.486609	2
MPC1L	4	5.4011e-01	2.9757e-01	0.486609	1
KANK1	4	5.4013e-01	2.9757e-01	0.486609	2
GDAP1L1	4	5.4014e-01	2.9757e-01	0.486609	1
OR5AR1	4	5.4026e-01	2.9757e-01	0.486609	2
HSD17B4	4	5.4026e-01	2.9757e-01	0.486609	2
CDC34	4	5.4029e-01	2.9757e-01	0.486609	2
SHROOM3	4	5.4033e-01	2.9936e-01	0.489081	2
ZNF415	4	5.4040e-01	2.9936e-01	0.489081	1
CCR3	4	5.4040e-01	2.9936e-01	0.489081	2
CALHM3	4	5.4042e-01	2.9936e-01	0.489081	2
PDZRN4	4	5.4049e-01	2.9936e-01	0.489081	1
DLK1	4	5.4052e-01	2.9936e-01	0.489081	1
TBPL2	4	5.4058e-01	2.9936e-01	0.489081	2
KIF24	4	5.4060e-01	2.9936e-01	0.489081	1
MAB21L1	4	5.4073e-01	2.9936e-01	0.489081	2
SCN4A	4	5.4083e-01	2.9936e-01	0.489081	1
LRRN4CL	4	5.4089e-01	2.9936e-01	0.489081	2
C16orf13	4	5.4103e-01	3.0068e-01	0.491148	2
CAPN3	4	5.4106e-01	3.0068e-01	0.491148	2
FAM63A	4	5.4127e-01	3.0207e-01	0.492875	1
RNF111	4	5.4141e-01	3.0207e-01	0.492875	2
SYPL2	4	5.4142e-01	3.0207e-01	0.492875	2
JAK3	4	5.4144e-01	3.0207e-01	0.492875	2
TEKT5	4	5.4151e-01	3.0207e-01	0.492875	2
MREG	4	5.4158e-01	3.0207e-01	0.492875	2
SERPINC1	4	5.4178e-01	3.0207e-01	0.492875	2
IGDCC3	4	5.4181e-01	3.0207e-01	0.492875	1
SERINC2	4	5.4182e-01	3.0207e-01	0.492875	2
SULT1A1	4	5.4186e-01	3.0207e-01	0.492875	2
KIAA1614	4	5.4195e-01	3.0207e-01	0.492875	2
WNK2	4	5.4196e-01	3.0207e-01	0.492875	1
FAM184A	4	5.4219e-01	3.0207e-01	0.492875	2
CA6	4	5.4232e-01	3.0340e-01	0.494794	1
PAEP	4	5.4233e-01	3.0340e-01	0.494794	2
C15orf43	4	5.4245e-01	3.0341e-01	0.494794	2
TMEM151B	4	5.4246e-01	3.0341e-01	0.494794	2
RBP7	4	5.4253e-01	3.0341e-01	0.494794	2
C14orf93	4	5.4253e-01	3.0341e-01	0.494794	2
SHISA5	4	5.4259e-01	3.0517e-01	0.497161	2
TMEM241	4	5.4262e-01	3.0517e-01	0.497161	1
CD55	4	5.4265e-01	3.0517e-01	0.497161	1
GOLPH3L	4	5.4268e-01	3.0517e-01	0.497161	2
MRAS	4	5.4270e-01	3.0517e-01	0.497161	2
RASL11A	4	5.4273e-01	3.0517e-01	0.497161	2
HHLA1	4	5.4276e-01	3.0517e-01	0.497161	1
ZNF28	4	5.4281e-01	3.0517e-01	0.497161	2
ZNF266	4	5.4285e-01	3.0517e-01	0.497161	1
LOC100129216	4	5.4286e-01	3.0517e-01	0.497161	2
PELI2	4	5.4288e-01	3.0517e-01	0.497161	2
FAM156A	4	5.4288e-01	3.0517e-01	0.497161	2
ALOX12B	4	5.4294e-01	3.0653e-01	0.498863	1
SLC45A2	4	5.4299e-01	3.0653e-01	0.498863	2
XCL1	4	5.4306e-01	3.0653e-01	0.498863	2
PKN3	4	5.4308e-01	3.0653e-01	0.498863	1
CCDC70	4	5.4310e-01	3.0653e-01	0.498863	2
OR13G1	4	5.4314e-01	3.0653e-01	0.498863	2
R3HDML	4	5.4321e-01	3.0653e-01	0.498863	2
GLI1	4	5.4322e-01	3.0653e-01	0.498863	1
BLK	4	5.4325e-01	3.0653e-01	0.498863	1
MFN1	4	5.4337e-01	3.0653e-01	0.498863	2
GOLGA8B	4	5.4341e-01	3.0653e-01	0.498863	2
MSH3	4	5.4350e-01	3.0653e-01	0.498863	2
ATL3	4	5.4381e-01	3.0790e-01	0.500634	1
WIPI1	4	5.4388e-01	3.0790e-01	0.500634	2
PPP1R13B	4	5.4392e-01	3.0790e-01	0.500634	2
GPR65	4	5.4400e-01	3.0790e-01	0.500634	2
PLA2G5	4	5.4414e-01	3.0790e-01	0.500634	2
DRD4	4	5.4417e-01	3.0790e-01	0.500634	1
KRT3	4	5.4419e-01	3.0790e-01	0.500634	2
SIGLEC12	4	5.4423e-01	3.0790e-01	0.500634	1
CLDN34	4	5.4425e-01	3.0790e-01	0.500634	2
KPTN	4	5.4429e-01	3.0790e-01	0.500634	2
OR6K2	4	5.4441e-01	3.0924e-01	0.501452	2
UGT8	4	5.4443e-01	3.0924e-01	0.501452	1
PCDHA11	4	5.4458e-01	3.0924e-01	0.501452	2
AOC2	4	5.4461e-01	3.0924e-01	0.501452	2
C11orf44	4	5.4461e-01	3.0924e-01	0.501452	1
TIFA	4	5.4463e-01	3.0924e-01	0.501452	2
TSPAN12	4	5.4486e-01	3.0924e-01	0.501452	1
TANK	4	5.4489e-01	3.0924e-01	0.501452	2
PCDHGA3	4	5.4496e-01	3.0924e-01	0.501452	2
KCNH7	4	5.4499e-01	3.0924e-01	0.501452	1
CA12	4	5.4503e-01	3.0924e-01	0.501452	2
CIC	4	5.4509e-01	3.0924e-01	0.501452	1
CLEC3B	4	5.4512e-01	3.0924e-01	0.501452	2
USP17L8	4	5.4514e-01	3.0924e-01	0.501452	2
GRPR	4	5.4516e-01	3.0925e-01	0.501452	2
SIRPD	4	5.4520e-01	3.0925e-01	0.501452	2
ERCC6	4	5.4525e-01	3.0925e-01	0.501452	2
OR52D1	4	5.4526e-01	3.0925e-01	0.501452	1
ZNF438	4	5.4536e-01	3.0925e-01	0.501452	2
SLC35G5	4	5.4540e-01	3.0925e-01	0.501452	2
ATF7IP2	4	5.4543e-01	3.0925e-01	0.501452	2
PRKAR2A	4	5.4552e-01	3.0925e-01	0.501452	1
PTS	4	5.4556e-01	3.0925e-01	0.501452	2
CCDC186	4	5.4558e-01	3.0925e-01	0.501452	2
SPATA31A5	4	5.4560e-01	3.0925e-01	0.501452	2
GPD1L	4	5.4562e-01	3.0925e-01	0.501452	2
PAPL	4	5.4566e-01	3.0925e-01	0.501452	1
TOPORS	4	5.4572e-01	3.0925e-01	0.501452	1
TSSK3	4	5.4578e-01	3.0925e-01	0.501452	1
DLX2	4	5.4591e-01	3.0925e-01	0.501452	2
C10orf71	4	5.4595e-01	3.0925e-01	0.501452	2
SVEP1	4	5.4603e-01	3.1064e-01	0.502739	1
MGAT5	4	5.4615e-01	3.1064e-01	0.502739	2
YWHAB	4	5.4629e-01	3.1064e-01	0.502739	2
CCDC173	4	5.4640e-01	3.1064e-01	0.502739	1
BIVM-ERCC5	4	5.4643e-01	3.1064e-01	0.502739	1
SPG21	4	5.4646e-01	3.1064e-01	0.502739	2
TRDN	4	5.4646e-01	3.1064e-01	0.502739	2
NKPD1	4	5.4649e-01	3.1064e-01	0.502739	2
BSG	4	5.4649e-01	3.1064e-01	0.502739	1
FGF2	3	5.4651e-01	2.6973e-01	0.459923	1
MTMR6	4	5.4655e-01	3.1064e-01	0.502739	2
ADAMTSL1	4	5.4664e-01	3.1064e-01	0.502739	2
ZNF583	4	5.4668e-01	3.1064e-01	0.502739	2
SPATS2	4	5.4672e-01	3.1064e-01	0.502739	1
ARL13B	4	5.4673e-01	3.1064e-01	0.502739	2
CCL23	4	5.4675e-01	3.1064e-01	0.502739	1
NTS	4	5.4678e-01	3.1064e-01	0.502739	2
GDAP1	4	5.4680e-01	3.1064e-01	0.502739	2
ZIC2	4	5.4684e-01	3.1064e-01	0.502739	2
IFFO2	4	5.4690e-01	3.1064e-01	0.502739	2
OR5M1	4	5.4693e-01	3.1064e-01	0.502739	2
CMC2	4	5.4695e-01	3.1064e-01	0.502739	2
FAM196B	4	5.4700e-01	3.1064e-01	0.502739	1
CCL11	4	5.4703e-01	3.1064e-01	0.502739	1
CRLF3	4	5.4710e-01	3.1201e-01	0.504814	2
MTRNR2L9	4	5.4715e-01	3.1201e-01	0.504814	2
CACNA1G	4	5.4718e-01	3.1201e-01	0.504814	1
AEBP1	4	5.4741e-01	3.1343e-01	0.505832	2
KRTAP27-1	4	5.4749e-01	3.1343e-01	0.505832	1
OR4D5	4	5.4750e-01	3.1343e-01	0.505832	2
GPRC5C	4	5.4752e-01	3.1343e-01	0.505832	1
GNL1	4	5.4759e-01	3.1343e-01	0.505832	2
CRISP3	4	5.4772e-01	3.1343e-01	0.505832	1
FABP12	4	5.4777e-01	3.1343e-01	0.505832	2
HMHB1	4	5.4777e-01	3.1343e-01	0.505832	1
EFCC1	4	5.4792e-01	3.1476e-01	0.505832	2
AP5Z1	4	5.4803e-01	3.1476e-01	0.505832	2
TNFSF8	4	5.4806e-01	3.1476e-01	0.505832	2
ATP1B2	4	5.4817e-01	3.1476e-01	0.505832	1
ATXN7L3B	4	5.4819e-01	3.1476e-01	0.505832	2
PDHX	4	5.4826e-01	3.1476e-01	0.505832	2
MYL1	4	5.4832e-01	3.1476e-01	0.505832	2
TACC1	4	5.4833e-01	3.1476e-01	0.505832	2
SCML1	4	5.4845e-01	3.1476e-01	0.505832	2
XCR1	4	5.4847e-01	3.1476e-01	0.505832	2
ANKLE1	4	5.4854e-01	3.1612e-01	0.505832	2
CD24	4	5.4858e-01	3.1612e-01	0.505832	2
SLC26A7	4	5.4860e-01	3.1612e-01	0.505832	2
CEP295	4	5.4862e-01	3.1612e-01	0.505832	2
TSNAX	4	5.4869e-01	3.1612e-01	0.505832	1
MON1A	4	5.4878e-01	3.1612e-01	0.505832	2
PCDHAC1	4	5.4883e-01	3.1612e-01	0.505832	2
RGS19	4	5.4906e-01	3.1612e-01	0.505832	1
GRK4	4	5.4914e-01	3.1612e-01	0.505832	1
METTL21B	4	5.4918e-01	3.1612e-01	0.505832	2
C1orf185	4	5.4920e-01	3.1612e-01	0.505832	2
CDCA7	4	5.4924e-01	3.1612e-01	0.505832	2
CAPNS2	4	5.4928e-01	3.1780e-01	0.505832	1
ZNF823	4	5.4933e-01	3.1780e-01	0.505832	2
ZNF202	4	5.4934e-01	3.1780e-01	0.505832	2
LGALS13	4	5.4935e-01	3.1780e-01	0.505832	2
DNHD1	4	5.4938e-01	3.1780e-01	0.505832	2
PDHA2	4	5.4940e-01	3.1780e-01	0.505832	1
TNRC6B	4	5.4953e-01	3.1780e-01	0.505832	2
KRT31	4	5.4957e-01	3.1780e-01	0.505832	2
C14orf1	4	5.4968e-01	3.1780e-01	0.505832	1
CORO6	4	5.4980e-01	3.1780e-01	0.505832	2
ZCCHC6	4	5.4983e-01	3.1780e-01	0.505832	1
IFNGR2	4	5.4985e-01	3.1780e-01	0.505832	2
C1orf146	4	5.4995e-01	3.1780e-01	0.505832	2
DCN	4	5.4997e-01	3.1780e-01	0.505832	2
HOXB13	4	5.5002e-01	3.1780e-01	0.505832	2
ZNF645	4	5.5006e-01	3.1780e-01	0.505832	2
C6orf106	4	5.5011e-01	3.1780e-01	0.505832	2
CYP27C1	4	5.5013e-01	3.1780e-01	0.505832	2
PACRG	4	5.5014e-01	3.1780e-01	0.505832	2
CPZ	4	5.5025e-01	3.1780e-01	0.505832	1
T	4	5.5028e-01	3.1780e-01	0.505832	1
CT45A1	2	5.5043e-01	2.9449e-01	0.484059	1
ARHGEF9	4	5.5048e-01	3.1780e-01	0.505832	1
PTPN2	4	5.5058e-01	3.1780e-01	0.505832	2
C18orf65	4	5.5063e-01	3.1780e-01	0.505832	2
PRAMEF8	4	5.5072e-01	3.1780e-01	0.505832	2
DUXA	4	5.5076e-01	3.1780e-01	0.505832	1
TMEM87A	4	5.5088e-01	3.1780e-01	0.505832	1
KIF9	4	5.5090e-01	3.1780e-01	0.505832	1
C4orf45	4	5.5116e-01	3.1780e-01	0.505832	2
CORO1A	4	5.5133e-01	3.1780e-01	0.505832	1
MTRNR2L6	4	5.5136e-01	3.1780e-01	0.505832	2
MCC	4	5.5140e-01	3.1780e-01	0.505832	2
ADPRM	4	5.5143e-01	3.1780e-01	0.505832	2
GRIK1	4	5.5145e-01	3.1780e-01	0.505832	2
PLS3	4	5.5154e-01	3.1780e-01	0.505832	2
SLC6A15	4	5.5158e-01	3.1780e-01	0.505832	2
RS1	4	5.5167e-01	3.1780e-01	0.505832	1
LGALS9C	4	5.5170e-01	3.1780e-01	0.505832	1
ZBTB37	4	5.5173e-01	3.1780e-01	0.505832	2
ZC3H12A	4	5.5178e-01	3.1780e-01	0.505832	1
DNAI2	4	5.5181e-01	3.1780e-01	0.505832	1
NR2C1	4	5.5184e-01	3.1780e-01	0.505832	2
ZNF607	4	5.5193e-01	3.1780e-01	0.505832	1
AMICA1	4	5.5201e-01	3.1780e-01	0.505832	2
C2orf44	4	5.5204e-01	3.1780e-01	0.505832	2
AGXT2	4	5.5210e-01	3.1780e-01	0.505832	2
ANGPT4	4	5.5210e-01	3.1780e-01	0.505832	2
TC2N	4	5.5215e-01	3.1780e-01	0.505832	2
PNPO	4	5.5227e-01	3.1780e-01	0.505832	2
ZNF593	4	5.5235e-01	3.1780e-01	0.505832	1
ABCB6	4	5.5238e-01	3.1780e-01	0.505832	2
PON3	4	5.5240e-01	3.1780e-01	0.505832	2
CES3	4	5.5246e-01	3.1780e-01	0.505832	1
NR6A1	4	5.5251e-01	3.1780e-01	0.505832	2
PCMT1	4	5.5255e-01	3.1780e-01	0.505832	2
ISX	4	5.5259e-01	3.1780e-01	0.505832	2
LCAT	4	5.5266e-01	3.1780e-01	0.505832	1
SH2D4A	4	5.5273e-01	3.1780e-01	0.505832	2
TMEM135	4	5.5283e-01	3.1780e-01	0.505832	2
HMBOX1	4	5.5297e-01	3.1780e-01	0.505832	2
DNAJC19	4	5.5304e-01	3.1780e-01	0.505832	1
TANGO2	4	5.5308e-01	3.1780e-01	0.505832	2
MORC2	4	5.5309e-01	3.1780e-01	0.505832	1
AP1S3	4	5.5317e-01	3.1780e-01	0.505832	2
PIK3IP1	4	5.5332e-01	3.1780e-01	0.505832	2
SPATA16	4	5.5334e-01	3.1780e-01	0.505832	2
FLT1	4	5.5339e-01	3.1780e-01	0.505832	2
MESDC1	4	5.5343e-01	3.1780e-01	0.505832	2
RCAN2	4	5.5354e-01	3.1780e-01	0.505832	1
SHROOM1	4	5.5358e-01	3.1780e-01	0.505832	2
LOC101927572	4	5.5363e-01	3.1780e-01	0.505832	2
SETD7	4	5.5378e-01	3.1780e-01	0.505832	2
CDK13	4	5.5398e-01	3.1780e-01	0.505832	2
SLC5A3	4	5.5400e-01	3.1780e-01	0.505832	2
ZNF473	4	5.5402e-01	3.1780e-01	0.505832	1
TOX	4	5.5405e-01	3.1780e-01	0.505832	1
LOXL3	4	5.5406e-01	3.1780e-01	0.505832	2
NLRP5	4	5.5406e-01	3.1780e-01	0.505832	2
ATAT1	4	5.5410e-01	3.1780e-01	0.505832	2
TMEM245	4	5.5420e-01	3.1780e-01	0.505832	1
SPO11	4	5.5429e-01	3.1780e-01	0.505832	2
OR5C1	4	5.5433e-01	3.1780e-01	0.505832	2
SNX8	4	5.5436e-01	3.1780e-01	0.505832	1
ACER2	4	5.5441e-01	3.1780e-01	0.505832	2
MAPK8IP3	4	5.5444e-01	3.1780e-01	0.505832	2
CYFIP2	4	5.5447e-01	3.1780e-01	0.505832	2
FGF23	4	5.5457e-01	3.1780e-01	0.505832	2
SNX17	4	5.5458e-01	3.1780e-01	0.505832	2
UGT1A6	4	5.5460e-01	3.1780e-01	0.505832	2
MMRN1	4	5.5461e-01	3.1780e-01	0.505832	1
RAB11FIP5	4	5.5472e-01	3.1780e-01	0.505832	1
FAN1	4	5.5475e-01	3.1780e-01	0.505832	1
NRROS	4	5.5481e-01	3.1780e-01	0.505832	2
GJA9	4	5.5487e-01	3.1780e-01	0.505832	2
KRTAP15-1	4	5.5495e-01	3.1780e-01	0.505832	1
NGF	4	5.5510e-01	3.1780e-01	0.505832	2
SH3RF3	4	5.5519e-01	3.1780e-01	0.505832	2
HARBI1	4	5.5532e-01	3.1780e-01	0.505832	2
TMEM213	4	5.5534e-01	3.1780e-01	0.505832	2
PYY	4	5.5548e-01	3.1780e-01	0.505832	2
HPRT1	4	5.5550e-01	3.1780e-01	0.505832	2
TRIM17	4	5.5556e-01	3.1780e-01	0.505832	2
WISP1	4	5.5580e-01	3.1780e-01	0.505832	2
FAM91A1	4	5.5585e-01	3.1780e-01	0.505832	2
SIPA1L3	4	5.5591e-01	3.1780e-01	0.505832	1
TRPC7	4	5.5596e-01	3.1780e-01	0.505832	2
DOCK2	4	5.5605e-01	3.1780e-01	0.505832	1
TMEM18	4	5.5609e-01	3.1780e-01	0.505832	2
FCRL6	4	5.5620e-01	3.1780e-01	0.505832	2
NUAK2	4	5.5644e-01	3.1780e-01	0.505832	2
HDHD3	4	5.5646e-01	3.1780e-01	0.505832	2
FGL1	4	5.5652e-01	3.1780e-01	0.505832	1
TNK2	4	5.5659e-01	3.1780e-01	0.505832	2
TBC1D4	4	5.5662e-01	3.1780e-01	0.505832	2
COMT	4	5.5662e-01	3.1780e-01	0.505832	2
PSAT1	4	5.5664e-01	3.1780e-01	0.505832	2
TUBA4A	4	5.5673e-01	3.1780e-01	0.505832	2
STAP2	4	5.5677e-01	3.1780e-01	0.505832	2
GRIFIN	4	5.5683e-01	3.1780e-01	0.505832	1
GHDC	4	5.5684e-01	3.1780e-01	0.505832	2
C15orf62	4	5.5692e-01	3.1780e-01	0.505832	2
KAAG1	4	5.5695e-01	3.1780e-01	0.505832	2
REM2	4	5.5714e-01	3.1780e-01	0.505832	2
ITLN2	4	5.5723e-01	3.1780e-01	0.505832	2
GLDC	4	5.5747e-01	3.1780e-01	0.505832	2
SLC32A1	4	5.5752e-01	3.1780e-01	0.505832	2
DIO3	4	5.5756e-01	3.1780e-01	0.505832	2
LCN15	4	5.5758e-01	3.1780e-01	0.505832	2
IP6K2	4	5.5765e-01	3.1780e-01	0.505832	2
KRT20	4	5.5766e-01	3.1780e-01	0.505832	1
PRR34	4	5.5766e-01	3.1780e-01	0.505832	2
PGM2	4	5.5779e-01	3.1780e-01	0.505832	2
ZNF26	4	5.5781e-01	3.1780e-01	0.505832	2
TMPRSS7	4	5.5784e-01	3.1780e-01	0.505832	1
CHMP4C	4	5.5785e-01	3.1780e-01	0.505832	2
SPPL2A	4	5.5787e-01	3.1780e-01	0.505832	1
TRADD	4	5.5791e-01	3.1780e-01	0.505832	2
DNASE1L2	4	5.5800e-01	3.1780e-01	0.505832	2
GP1BA	4	5.5804e-01	3.1780e-01	0.505832	1
C15orf59	4	5.5804e-01	3.1780e-01	0.505832	2
ARL11	4	5.5810e-01	3.1780e-01	0.505832	2
CELSR2	4	5.5813e-01	3.1780e-01	0.505832	2
PODXL2	4	5.5816e-01	3.1780e-01	0.505832	2
IMPG1	4	5.5816e-01	3.1780e-01	0.505832	2
GRB10	4	5.5832e-01	3.1780e-01	0.505832	1
HOXA6	4	5.5833e-01	3.1780e-01	0.505832	2
IGFL1	4	5.5835e-01	3.1780e-01	0.505832	2
CNTD1	4	5.5839e-01	3.1780e-01	0.505832	2
ENOPH1	4	5.5840e-01	3.1780e-01	0.505832	1
CDH5	4	5.5859e-01	3.1780e-01	0.505832	2
SGCZ	4	5.5861e-01	3.1780e-01	0.505832	2
LCE2D	4	5.5871e-01	3.1780e-01	0.505832	1
XIAP	4	5.5874e-01	3.1780e-01	0.505832	1
ADORA1	4	5.5880e-01	3.1780e-01	0.505832	2
BAALC	4	5.5881e-01	3.1780e-01	0.505832	2
GOPC	4	5.5888e-01	3.1780e-01	0.505832	1
NDUFV3	4	5.5894e-01	3.1780e-01	0.505832	2
CSF3	4	5.5907e-01	3.1780e-01	0.505832	2
KCNH6	4	5.5910e-01	3.1780e-01	0.505832	2
NOTO	4	5.5912e-01	3.1780e-01	0.505832	2
NAPB	4	5.5914e-01	3.1780e-01	0.505832	2
ARHGAP23	4	5.5916e-01	3.1780e-01	0.505832	2
SRRM4	4	5.5921e-01	3.1780e-01	0.505832	2
MPPED1	4	5.5927e-01	3.1780e-01	0.505832	1
RCN2	4	5.5936e-01	3.1920e-01	0.507610	2
PICK1	4	5.5938e-01	3.1920e-01	0.507610	1
ZNF404	4	5.5942e-01	3.1920e-01	0.507610	2
HSD17B11	4	5.5947e-01	3.1920e-01	0.507610	2
KLK12	4	5.5950e-01	3.1920e-01	0.507610	2
ZNF510	4	5.5951e-01	3.1920e-01	0.507610	2
ZNF396	4	5.5969e-01	3.1921e-01	0.507610	2
CDKL2	4	5.5971e-01	3.1921e-01	0.507610	2
WDR81	4	5.5975e-01	3.1921e-01	0.507610	1
PCDHA1	4	5.5986e-01	3.1921e-01	0.507610	2
GAGE2B	4	5.5989e-01	3.1921e-01	0.507610	2
THBS2	4	5.5997e-01	3.2235e-01	0.507891	2
ZNF41	4	5.6002e-01	3.2235e-01	0.507891	2
EML2	4	5.6010e-01	3.2235e-01	0.507891	2
ECSCR	4	5.6011e-01	3.2235e-01	0.507891	2
DMRTA1	4	5.6013e-01	3.2235e-01	0.507891	2
FBXL8	4	5.6019e-01	3.2235e-01	0.507891	2
GLT1D1	4	5.6025e-01	3.2235e-01	0.507891	2
ZMYM5	4	5.6043e-01	3.2235e-01	0.507891	2
SCGB1D2	4	5.6048e-01	3.2235e-01	0.507891	2
PRSS50	4	5.6050e-01	3.2235e-01	0.507891	1
KLHL4	4	5.6057e-01	3.2235e-01	0.507891	2
RDH10	4	5.6061e-01	3.2235e-01	0.507891	2
EMD	4	5.6078e-01	3.2235e-01	0.507891	1
MAPK13	4	5.6080e-01	3.2235e-01	0.507891	2
ATP11B	4	5.6084e-01	3.2235e-01	0.507891	1
PYURF	4	5.6096e-01	3.2235e-01	0.507891	2
LFNG	4	5.6100e-01	3.2235e-01	0.507891	2
CYB5D2	4	5.6105e-01	3.2235e-01	0.507891	2
PMAIP1	4	5.6124e-01	3.2235e-01	0.507891	1
CD164L2	4	5.6128e-01	3.2235e-01	0.507891	2
TBCCD1	4	5.6145e-01	3.2235e-01	0.507891	2
CEL	4	5.6148e-01	3.2235e-01	0.507891	1
IP6K3	4	5.6148e-01	3.2235e-01	0.507891	2
PSCA	4	5.6151e-01	3.2235e-01	0.507891	2
USP25	4	5.6161e-01	3.2235e-01	0.507891	2
ZBBX	4	5.6166e-01	3.2235e-01	0.507891	2
HIST1H1E	4	5.6168e-01	3.2235e-01	0.507891	2
ZSCAN10	4	5.6172e-01	3.2235e-01	0.507891	2
GPR15	4	5.6177e-01	3.2235e-01	0.507891	2
FGF16	4	5.6179e-01	3.2235e-01	0.507891	2
TAAR1	4	5.6181e-01	3.2235e-01	0.507891	1
C9orf92	4	5.6188e-01	3.2235e-01	0.507891	2
ZNF469	4	5.6196e-01	3.2235e-01	0.507891	2
TNP1	4	5.6213e-01	3.2235e-01	0.507891	2
MTA3	4	5.6216e-01	3.2235e-01	0.507891	2
CYP26A1	4	5.6216e-01	3.2235e-01	0.507891	2
PABPC1L	4	5.6223e-01	3.2235e-01	0.507891	2
RAB40C	4	5.6225e-01	3.2235e-01	0.507891	2
CCNO	4	5.6227e-01	3.2235e-01	0.507891	2
PPP1R3C	4	5.6229e-01	3.2235e-01	0.507891	2
ZNF501	4	5.6247e-01	3.2235e-01	0.507891	2
GORAB	4	5.6248e-01	3.2235e-01	0.507891	1
LRRC34	4	5.6254e-01	3.2235e-01	0.507891	1
IQCF5	4	5.6256e-01	3.2235e-01	0.507891	2
SLC35A4	4	5.6256e-01	3.2235e-01	0.507891	1
PRR23B	4	5.6262e-01	3.2235e-01	0.507891	1
CD200R1	4	5.6273e-01	3.2235e-01	0.507891	1
DDX31	4	5.6280e-01	3.2235e-01	0.507891	2
FAM120C	4	5.6282e-01	3.2235e-01	0.507891	1
PIGW	4	5.6284e-01	3.2235e-01	0.507891	2
KRTAP4-4	4	5.6286e-01	3.2235e-01	0.507891	2
CEP135	4	5.6293e-01	3.2235e-01	0.507891	2
ADGRL4	4	5.6297e-01	3.2235e-01	0.507891	2
SLC40A1	4	5.6298e-01	3.2235e-01	0.507891	1
ID2	4	5.6301e-01	3.2235e-01	0.507891	2
CES1	4	5.6304e-01	3.2235e-01	0.507891	2
TECTB	4	5.6309e-01	3.2235e-01	0.507891	2
TRIM59	4	5.6312e-01	3.2235e-01	0.507891	2
PLP2	4	5.6315e-01	3.2235e-01	0.507891	2
PTDSS2	4	5.6316e-01	3.2235e-01	0.507891	2
RPIA	4	5.6332e-01	3.2235e-01	0.507891	2
NXPH2	4	5.6338e-01	3.2235e-01	0.507891	2
SEC24B	4	5.6345e-01	3.2235e-01	0.507891	2
NAA38	4	5.6348e-01	3.2235e-01	0.507891	2
LRIF1	4	5.6358e-01	3.2235e-01	0.507891	2
LYZL6	4	5.6359e-01	3.2235e-01	0.507891	1
PTCD2	4	5.6362e-01	3.2235e-01	0.507891	1
ANPEP	4	5.6368e-01	3.2235e-01	0.507891	2
BMPR1B	4	5.6370e-01	3.2235e-01	0.507891	1
FTH1P18	4	5.6385e-01	3.2235e-01	0.507891	2
AOX1	4	5.6393e-01	3.2235e-01	0.507891	2
LYZL2	4	5.6393e-01	3.2235e-01	0.507891	2
PHEX	4	5.6395e-01	3.2235e-01	0.507891	1
PRDM8	4	5.6395e-01	3.2235e-01	0.507891	2
SLC16A11	4	5.6398e-01	3.2235e-01	0.507891	2
NRIP1	4	5.6402e-01	3.2235e-01	0.507891	2
SOX13	4	5.6407e-01	3.2235e-01	0.507891	1
JDP2	4	5.6409e-01	3.2235e-01	0.507891	2
DUS1L	4	5.6415e-01	3.2235e-01	0.507891	2
ABR	4	5.6422e-01	3.2235e-01	0.507891	2
PLCD4	4	5.6441e-01	3.2235e-01	0.507891	2
IL11	4	5.6454e-01	3.2235e-01	0.507891	2
AQP11	4	5.6458e-01	3.2235e-01	0.507891	2
PKIG	4	5.6459e-01	3.2235e-01	0.507891	1
PYGL	4	5.6462e-01	3.2235e-01	0.507891	1
PPP1R1C	4	5.6463e-01	3.2235e-01	0.507891	2
CTSK	4	5.6465e-01	3.2235e-01	0.507891	1
C5AR1	4	5.6470e-01	3.2235e-01	0.507891	1
NCDN	4	5.6476e-01	3.2235e-01	0.507891	2
LHPP	4	5.6481e-01	3.2235e-01	0.507891	2
PPAT	4	5.6489e-01	3.2235e-01	0.507891	2
C16orf96	4	5.6492e-01	3.2235e-01	0.507891	2
GIMAP5	4	5.6498e-01	3.2235e-01	0.507891	1
CUL4A	4	5.6502e-01	3.2235e-01	0.507891	2
GUF1	4	5.6505e-01	3.2235e-01	0.507891	2
FTHL17	4	5.6506e-01	3.2235e-01	0.507891	1
DEFB105B	4	5.6513e-01	3.2374e-01	0.507891	2
VSTM5	4	5.6522e-01	3.2374e-01	0.507891	2
DCAF8	4	5.6526e-01	3.2374e-01	0.507891	1
SPRY4	4	5.6535e-01	3.2374e-01	0.507891	2
BRD9	4	5.6537e-01	3.2374e-01	0.507891	2
PFKM	4	5.6545e-01	3.2374e-01	0.507891	1
PHACTR3	4	5.6546e-01	3.2374e-01	0.507891	2
TNFSF12-TNFSF13	4	5.6555e-01	3.2374e-01	0.507891	2
ZNF786	4	5.6559e-01	3.2374e-01	0.507891	2
GFI1	4	5.6559e-01	3.2374e-01	0.507891	2
TOLLIP	4	5.6564e-01	3.2374e-01	0.507891	2
RIOK3	4	5.6573e-01	3.2374e-01	0.507891	1
PLGRKT	4	5.6579e-01	3.2374e-01	0.507891	2
EMC8	4	5.6587e-01	3.2374e-01	0.507891	1
HERC5	4	5.6589e-01	3.2374e-01	0.507891	1
PLD4	4	5.6598e-01	3.2374e-01	0.507891	1
FBXW4	4	5.6612e-01	3.2374e-01	0.507891	2
PRM1	4	5.6623e-01	3.2374e-01	0.507891	1
B4GALT6	4	5.6623e-01	3.2374e-01	0.507891	2
ACCSL	4	5.6628e-01	3.2374e-01	0.507891	1
INSL5	4	5.6636e-01	3.2374e-01	0.507891	2
POR	4	5.6638e-01	3.2374e-01	0.507891	2
TET3	4	5.6646e-01	3.2374e-01	0.507891	2
CXorf40B	4	5.6649e-01	3.2374e-01	0.507891	2
MYL12B	4	5.6658e-01	3.2374e-01	0.507891	2
MROH2A	4	5.6665e-01	3.2374e-01	0.507891	2
PRSS55	4	5.6668e-01	3.2374e-01	0.507891	2
KCNK5	4	5.6670e-01	3.2374e-01	0.507891	2
SPA17	4	5.6671e-01	3.2374e-01	0.507891	2
FAM195B	4	5.6672e-01	3.2374e-01	0.507891	1
DAO	4	5.6681e-01	3.2374e-01	0.507891	1
VSTM2L	4	5.6682e-01	3.2374e-01	0.507891	2
RERG	4	5.6697e-01	3.2374e-01	0.507891	2
LYAR	4	5.6701e-01	3.2374e-01	0.507891	2
NKX2-5	4	5.6706e-01	3.2374e-01	0.507891	2
HSF5	4	5.6710e-01	3.2374e-01	0.507891	2
UNC119B	4	5.6711e-01	3.2374e-01	0.507891	2
TAAR6	4	5.6712e-01	3.2374e-01	0.507891	2
C1orf216	4	5.6714e-01	3.2374e-01	0.507891	2
CCDC120	4	5.6723e-01	3.2374e-01	0.507891	2
NBL1	4	5.6734e-01	3.2374e-01	0.507891	2
IQCF6	4	5.6736e-01	3.2374e-01	0.507891	2
ELMO3	4	5.6743e-01	3.2374e-01	0.507891	2
SLC22A15	4	5.6744e-01	3.2374e-01	0.507891	2
RBFOX3	4	5.6750e-01	3.2374e-01	0.507891	1
SYT14	4	5.6751e-01	3.2374e-01	0.507891	2
TAS2R14	4	5.6773e-01	3.2374e-01	0.507891	2
ENTPD3	4	5.6774e-01	3.2374e-01	0.507891	2
RNF24	4	5.6784e-01	3.2374e-01	0.507891	2
PPTC7	4	5.6787e-01	3.2374e-01	0.507891	2
CALCOCO2	4	5.6791e-01	3.2374e-01	0.507891	1
GHRHR	4	5.6800e-01	3.2374e-01	0.507891	2
TTR	4	5.6831e-01	3.2374e-01	0.507891	2
ENO2	4	5.6831e-01	3.2374e-01	0.507891	2
VASP	4	5.6836e-01	3.2374e-01	0.507891	2
C7orf77	4	5.6838e-01	3.2374e-01	0.507891	1
ZNF429	4	5.6839e-01	3.2374e-01	0.507891	2
HSD3B7	4	5.6841e-01	3.2374e-01	0.507891	2
RGPD2	4	5.6849e-01	3.2374e-01	0.507891	2
CCL8	4	5.6871e-01	3.2374e-01	0.507891	2
ODF4	4	5.6875e-01	3.2374e-01	0.507891	2
FUNDC1	4	5.6879e-01	3.2374e-01	0.507891	1
ST6GALNAC1	4	5.6882e-01	3.2374e-01	0.507891	2
MYL4	4	5.6886e-01	3.2374e-01	0.507891	2
ZNF484	4	5.6887e-01	3.2374e-01	0.507891	1
PAFAH1B3	4	5.6889e-01	3.2374e-01	0.507891	2
ENPEP	4	5.6893e-01	3.2374e-01	0.507891	1
IL17D	4	5.6901e-01	3.2374e-01	0.507891	1
CDX4	4	5.6907e-01	3.2540e-01	0.510166	2
KRTAP1-4	4	5.6931e-01	3.2540e-01	0.510166	2
IGF2BP1	4	5.6932e-01	3.2540e-01	0.510166	2
OR5AN1	4	5.6941e-01	3.2540e-01	0.510166	2
PTH2	4	5.6944e-01	3.2540e-01	0.510166	1
OR8G1	4	5.6950e-01	3.2540e-01	0.510166	2
GGT1	4	5.6954e-01	3.2540e-01	0.510166	2
FER	4	5.6956e-01	3.2540e-01	0.510166	2
FAM81B	4	5.6966e-01	3.2713e-01	0.511150	2
NEK10	4	5.6969e-01	3.2713e-01	0.511150	2
TRIM10	4	5.6975e-01	3.2713e-01	0.511150	1
ARSG	4	5.6978e-01	3.2713e-01	0.511150	1
MYOZ1	4	5.6980e-01	3.2713e-01	0.511150	2
SMIM3	4	5.6984e-01	3.2713e-01	0.511150	1
HOXB6	4	5.6991e-01	3.2713e-01	0.511150	2
MYO1C	4	5.7019e-01	3.2713e-01	0.511150	1
ARL9	4	5.7028e-01	3.2713e-01	0.511150	2
RXFP4	4	5.7033e-01	3.2713e-01	0.511150	1
PGAP2	4	5.7039e-01	3.2713e-01	0.511150	1
WNT7B	4	5.7041e-01	3.2713e-01	0.511150	2
TXNDC9	4	5.7050e-01	3.2713e-01	0.511150	2
TIGD5	4	5.7052e-01	3.2713e-01	0.511150	2
TBC1D30	4	5.7056e-01	3.2713e-01	0.511150	2
LHFPL1	4	5.7069e-01	3.2713e-01	0.511150	2
IL10RA	4	5.7082e-01	3.2713e-01	0.511150	1
KIAA1598	4	5.7085e-01	3.2713e-01	0.511150	1
OR10T2	4	5.7091e-01	3.2713e-01	0.511150	2
TMEM102	4	5.7093e-01	3.2713e-01	0.511150	2
KIF17	4	5.7093e-01	3.2713e-01	0.511150	1
OR6V1	4	5.7102e-01	3.2713e-01	0.511150	1
ZBTB21	4	5.7111e-01	3.2713e-01	0.511150	2
USP2	4	5.7119e-01	3.2713e-01	0.511150	2
PPM1A	4	5.7148e-01	3.2713e-01	0.511150	2
TFF1	4	5.7150e-01	3.2713e-01	0.511150	2
CBX3	4	5.7156e-01	3.2713e-01	0.511150	2
METTL8	4	5.7176e-01	3.2713e-01	0.511150	2
NINJ1	4	5.7178e-01	3.2713e-01	0.511150	2
CHRND	4	5.7180e-01	3.2713e-01	0.511150	2
MAVS	4	5.7181e-01	3.2713e-01	0.511150	1
WDR64	4	5.7182e-01	3.2713e-01	0.511150	2
STRA13	4	5.7189e-01	3.2713e-01	0.511150	1
CRCT1	4	5.7198e-01	3.2713e-01	0.511150	1
LGALS12	4	5.7206e-01	3.2713e-01	0.511150	2
C2orf42	4	5.7206e-01	3.2713e-01	0.511150	2
C6orf1	4	5.7228e-01	3.2713e-01	0.511150	1
MURC	4	5.7230e-01	3.2713e-01	0.511150	2
MXD1	4	5.7241e-01	3.2713e-01	0.511150	2
TRAF2	4	5.7250e-01	3.2713e-01	0.511150	2
SPATA21	4	5.7256e-01	3.2855e-01	0.512246	2
CXXC4	4	5.7258e-01	3.2855e-01	0.512246	1
GNGT1	4	5.7262e-01	3.2855e-01	0.512246	2
UGT2B10	4	5.7265e-01	3.2855e-01	0.512246	2
NKD2	4	5.7271e-01	3.2855e-01	0.512246	1
ETV4	4	5.7276e-01	3.2855e-01	0.512246	2
FAM172A	4	5.7278e-01	3.2855e-01	0.512246	2
NOTCH1	4	5.7290e-01	3.2855e-01	0.512246	1
WFDC9	4	5.7298e-01	3.2855e-01	0.512246	2
RASL10B	4	5.7323e-01	3.2855e-01	0.512246	2
RNF144B	4	5.7335e-01	3.2855e-01	0.512246	2
ZNF566	4	5.7341e-01	3.2855e-01	0.512246	2
HN1	4	5.7350e-01	3.2855e-01	0.512246	2
DAZAP2	4	5.7351e-01	3.2855e-01	0.512246	1
PPP1R14C	4	5.7354e-01	3.2855e-01	0.512246	2
EMX1	4	5.7361e-01	3.2855e-01	0.512246	2
NPAP1	4	5.7362e-01	3.2855e-01	0.512246	1
BPIFA3	4	5.7365e-01	3.2855e-01	0.512246	2
CFAP36	4	5.7367e-01	3.2855e-01	0.512246	2
SLC4A4	4	5.7370e-01	3.2855e-01	0.512246	1
PPP2R5D	4	5.7371e-01	3.2855e-01	0.512246	2
AANAT	4	5.7378e-01	3.2855e-01	0.512246	1
C6orf120	4	5.7380e-01	3.2855e-01	0.512246	2
GBP7	4	5.7383e-01	3.2855e-01	0.512246	1
NLRP1	4	5.7389e-01	3.2855e-01	0.512246	2
SMIM6	4	5.7392e-01	3.2855e-01	0.512246	1
TMEM107	4	5.7394e-01	3.2855e-01	0.512246	1
POF1B	4	5.7400e-01	3.2994e-01	0.514322	1
PLA2G12A	4	5.7405e-01	3.2994e-01	0.514322	2
APOBEC3G	4	5.7415e-01	3.3162e-01	0.514416	2
KIAA1217	4	5.7421e-01	3.3162e-01	0.514416	2
SCML4	4	5.7424e-01	3.3162e-01	0.514416	2
ACKR2	4	5.7429e-01	3.3162e-01	0.514416	2
LUZP6	4	5.7432e-01	3.3162e-01	0.514416	1
ACSM4	4	5.7435e-01	3.3162e-01	0.514416	2
HIST1H4F	4	5.7439e-01	3.3162e-01	0.514416	2
TRIM4	4	5.7447e-01	3.3162e-01	0.514416	2
OR2AG1	4	5.7456e-01	3.3162e-01	0.514416	2
ATP2B2	4	5.7462e-01	3.3162e-01	0.514416	1
HIAT1	4	5.7465e-01	3.3162e-01	0.514416	1
FBXO7	4	5.7469e-01	3.3162e-01	0.514416	2
LGALS2	4	5.7484e-01	3.3162e-01	0.514416	2
PDLIM4	4	5.7487e-01	3.3162e-01	0.514416	2
NUDT4	4	5.7495e-01	3.3162e-01	0.514416	2
USP6	4	5.7497e-01	3.3162e-01	0.514416	2
MSANTD3-TMEFF1	4	5.7499e-01	3.3162e-01	0.514416	2
SPAG17	4	5.7501e-01	3.3162e-01	0.514416	1
TAC1	4	5.7509e-01	3.3162e-01	0.514416	2
CRTC2	4	5.7512e-01	3.3162e-01	0.514416	2
ADGRF5	4	5.7517e-01	3.3162e-01	0.514416	1
SLC16A2	4	5.7522e-01	3.3162e-01	0.514416	2
CLEC9A	4	5.7530e-01	3.3162e-01	0.514416	1
CYP4F22	4	5.7531e-01	3.3162e-01	0.514416	2
PRB3	4	5.7536e-01	3.3162e-01	0.514416	2
C6orf201	4	5.7539e-01	3.3162e-01	0.514416	1
TEX26	4	5.7541e-01	3.3162e-01	0.514416	2
CLDN7	4	5.7543e-01	3.3162e-01	0.514416	2
TMPRSS11E	4	5.7544e-01	3.3162e-01	0.514416	1
F11	4	5.7549e-01	3.3162e-01	0.514416	2
MAPRE3	4	5.7560e-01	3.3162e-01	0.514416	2
IL22RA2	4	5.7569e-01	3.3162e-01	0.514416	2
GTSCR1	4	5.7571e-01	3.3162e-01	0.514416	2
MBP	4	5.7582e-01	3.3162e-01	0.514416	2
PRSS22	4	5.7585e-01	3.3162e-01	0.514416	2
SCN7A	4	5.7592e-01	3.3162e-01	0.514416	2
DUSP9	4	5.7593e-01	3.3162e-01	0.514416	1
NCALD	4	5.7610e-01	3.3330e-01	0.514416	2
FBN3	4	5.7635e-01	3.3330e-01	0.514416	2
AKAP6	4	5.7658e-01	3.3330e-01	0.514416	1
DNAJC22	4	5.7663e-01	3.3330e-01	0.514416	2
C3orf30	4	5.7666e-01	3.3330e-01	0.514416	2
TACR1	4	5.7666e-01	3.3330e-01	0.514416	2
BATF2	4	5.7673e-01	3.3330e-01	0.514416	2
OR4C45	4	5.7674e-01	3.3330e-01	0.514416	1
PHC2	4	5.7677e-01	3.3330e-01	0.514416	2
CCDC175	4	5.7686e-01	3.3496e-01	0.514416	2
OR6C76	4	5.7692e-01	3.3496e-01	0.514416	2
ASPHD1	4	5.7699e-01	3.3496e-01	0.514416	1
CHRDL1	4	5.7703e-01	3.3496e-01	0.514416	2
MSLN	4	5.7704e-01	3.3496e-01	0.514416	1
NATD1	4	5.7705e-01	3.3496e-01	0.514416	2
ZNF683	4	5.7715e-01	3.3496e-01	0.514416	1
ZNF695	4	5.7725e-01	3.3496e-01	0.514416	2
INPP5A	4	5.7726e-01	3.3496e-01	0.514416	2
DNAJB2	4	5.7731e-01	3.3496e-01	0.514416	2
TMEM169	4	5.7737e-01	3.3496e-01	0.514416	2
QRICH1	4	5.7738e-01	3.3496e-01	0.514416	2
DHX40	4	5.7742e-01	3.3496e-01	0.514416	2
AAK1	4	5.7749e-01	3.3496e-01	0.514416	2
NPC1L1	4	5.7755e-01	3.3496e-01	0.514416	2
RTN4	4	5.7757e-01	3.3496e-01	0.514416	2
MIF	4	5.7764e-01	3.3496e-01	0.514416	2
PRR27	4	5.7768e-01	3.3496e-01	0.514416	2
PGPEP1L	4	5.7779e-01	3.3496e-01	0.514416	2
ABCB11	4	5.7781e-01	3.3496e-01	0.514416	2
NLRP4	4	5.7788e-01	3.3496e-01	0.514416	2
KIAA0319	4	5.7788e-01	3.3496e-01	0.514416	2
NEURL4	4	5.7792e-01	3.3496e-01	0.514416	2
ATP5F1	4	5.7795e-01	3.3496e-01	0.514416	2
SPAM1	4	5.7811e-01	3.3496e-01	0.514416	2
GAGE12C	4	5.7818e-01	3.3496e-01	0.514416	1
ZNF765	4	5.7837e-01	3.3496e-01	0.514416	2
ZSWIM8	4	5.7845e-01	3.3496e-01	0.514416	2
GALNTL6	4	5.7850e-01	3.3496e-01	0.514416	2
SERPINE2	4	5.7851e-01	3.3496e-01	0.514416	1
ZNF76	4	5.7855e-01	3.3496e-01	0.514416	2
MAP3K11	4	5.7859e-01	3.3496e-01	0.514416	2
NLRP13	4	5.7870e-01	3.3496e-01	0.514416	2
PDE1B	4	5.7870e-01	3.3496e-01	0.514416	2
UGT1A5	4	5.7872e-01	3.3496e-01	0.514416	2
ZNF398	4	5.7874e-01	3.3496e-01	0.514416	2
FAM127A	4	5.7878e-01	3.3496e-01	0.514416	1
CEP57L1	4	5.7897e-01	3.3496e-01	0.514416	2
IL37	4	5.7900e-01	3.3496e-01	0.514416	2
EDEM1	4	5.7907e-01	3.3496e-01	0.514416	2
JPH4	4	5.7924e-01	3.3496e-01	0.514416	2
NIPAL4	4	5.7932e-01	3.3496e-01	0.514416	1
WIPF1	4	5.7937e-01	3.3496e-01	0.514416	2
RP1L1	4	5.7953e-01	3.3496e-01	0.514416	1
SLITRK3	4	5.7960e-01	3.3496e-01	0.514416	2
SLC17A6	4	5.7963e-01	3.3496e-01	0.514416	2
NPR3	4	5.7965e-01	3.3496e-01	0.514416	2
NR1H2	4	5.7975e-01	3.3496e-01	0.514416	1
ROPN1L	4	5.7980e-01	3.3496e-01	0.514416	2
BMP2	4	5.7985e-01	3.3496e-01	0.514416	2
RTN3	4	5.7987e-01	3.3496e-01	0.514416	2
JCHAIN	4	5.7989e-01	3.3496e-01	0.514416	2
FAM129C	4	5.7999e-01	3.3496e-01	0.514416	1
PATE3	4	5.8019e-01	3.3496e-01	0.514416	2
OR7G2	4	5.8021e-01	3.3496e-01	0.514416	2
CNGA4	4	5.8023e-01	3.3496e-01	0.514416	2
ABI2	4	5.8030e-01	3.3496e-01	0.514416	2
USH2A	4	5.8033e-01	3.3496e-01	0.514416	1
BRMS1	4	5.8033e-01	3.3496e-01	0.514416	1
TRA2A	4	5.8033e-01	3.3496e-01	0.514416	2
SOCS1	4	5.8036e-01	3.3496e-01	0.514416	2
ERVV-1	4	5.8041e-01	3.3496e-01	0.514416	2
KIF3B	4	5.8043e-01	3.3496e-01	0.514416	2
LYPD2	4	5.8058e-01	3.3496e-01	0.514416	2
PFKFB3	4	5.8065e-01	3.3496e-01	0.514416	2
MPV17L2	4	5.8068e-01	3.3496e-01	0.514416	1
PCDHGB4	4	5.8074e-01	3.3496e-01	0.514416	2
RALB	4	5.8090e-01	3.3496e-01	0.514416	2
TMEM132E	4	5.8093e-01	3.3496e-01	0.514416	2
ZNF431	4	5.8094e-01	3.3496e-01	0.514416	2
KIAA0226L	4	5.8101e-01	3.3496e-01	0.514416	2
SLC12A5	4	5.8102e-01	3.3496e-01	0.514416	1
USH1C	4	5.8119e-01	3.3496e-01	0.514416	2
OR56A3	4	5.8121e-01	3.3496e-01	0.514416	1
FAM111B	4	5.8134e-01	3.3496e-01	0.514416	2
FNBP1	4	5.8142e-01	3.3496e-01	0.514416	1
LOC283710	4	5.8154e-01	3.3496e-01	0.514416	1
MARCHF4	4	5.8160e-01	3.3496e-01	0.514416	2
SMIM14	4	5.8164e-01	3.3496e-01	0.514416	1
C15orf48	4	5.8174e-01	3.3496e-01	0.514416	1
ARHGEF19	4	5.8179e-01	3.3496e-01	0.514416	2
NTN3	4	5.8181e-01	3.3496e-01	0.514416	2
NES	4	5.8188e-01	3.3662e-01	0.514416	2
ATRX	4	5.8192e-01	3.3662e-01	0.514416	2
ZER1	4	5.8194e-01	3.3662e-01	0.514416	2
TRPM2	4	5.8196e-01	3.3662e-01	0.514416	1
CCDC114	4	5.8196e-01	3.3662e-01	0.514416	2
SPINK5	4	5.8201e-01	3.3662e-01	0.514416	2
SLC18A3	4	5.8204e-01	3.3662e-01	0.514416	1
MUC12	4	5.8205e-01	3.3662e-01	0.514416	2
C2orf47	4	5.8217e-01	3.3662e-01	0.514416	1
TMEM229A	4	5.8223e-01	3.3662e-01	0.514416	2
RSPH1	4	5.8224e-01	3.3662e-01	0.514416	2
NXPH3	4	5.8236e-01	3.3662e-01	0.514416	1
CLDND1	4	5.8239e-01	3.3662e-01	0.514416	2
SV2C	4	5.8247e-01	3.3662e-01	0.514416	1
HEATR5A	4	5.8252e-01	3.3662e-01	0.514416	1
LIPH	4	5.8255e-01	3.3662e-01	0.514416	2
SLC2A13	4	5.8264e-01	3.3662e-01	0.514416	2
FOXD3	4	5.8266e-01	3.3662e-01	0.514416	1
KAT2A	4	5.8268e-01	3.3662e-01	0.514416	1
NAALAD2	4	5.8272e-01	3.3662e-01	0.514416	2
MARCHF3	4	5.8275e-01	3.3662e-01	0.514416	1
PPP3CA	4	5.8275e-01	3.3662e-01	0.514416	1
C8orf44-SGK3	4	5.8282e-01	3.3662e-01	0.514416	1
CBX1	4	5.8287e-01	3.3662e-01	0.514416	2
GSTM3	4	5.8287e-01	3.3662e-01	0.514416	1
ADIRF	4	5.8293e-01	3.3662e-01	0.514416	2
C1GALT1C1	4	5.8295e-01	3.3662e-01	0.514416	2
NEK9	4	5.8306e-01	3.3662e-01	0.514416	1
LMOD1	4	5.8311e-01	3.3662e-01	0.514416	1
EGLN2	4	5.8316e-01	3.3662e-01	0.514416	2
ZNF565	4	5.8319e-01	3.3662e-01	0.514416	2
MTR	4	5.8322e-01	3.3662e-01	0.514416	1
DGAT2L6	4	5.8325e-01	3.3662e-01	0.514416	1
CCDC42B	4	5.8326e-01	3.3662e-01	0.514416	2
HIC2	4	5.8328e-01	3.3662e-01	0.514416	2
GOLGA8H	4	5.8333e-01	3.3662e-01	0.514416	2
SYTL4	4	5.8333e-01	3.3662e-01	0.514416	2
TACR3	4	5.8341e-01	3.3662e-01	0.514416	2
RHOH	4	5.8346e-01	3.3662e-01	0.514416	1
SEC14L6	4	5.8348e-01	3.3662e-01	0.514416	2
GYPE	4	5.8349e-01	3.3662e-01	0.514416	1
C1GALT1C1L	4	5.8354e-01	3.3662e-01	0.514416	1
SHBG	4	5.8358e-01	3.3662e-01	0.514416	2
ARHGAP9	4	5.8360e-01	3.3662e-01	0.514416	2
GSDMD	4	5.8360e-01	3.3662e-01	0.514416	2
RBM20	4	5.8362e-01	3.3662e-01	0.514416	1
KIFAP3	4	5.8375e-01	3.3662e-01	0.514416	2
MTFR1L	4	5.8376e-01	3.3662e-01	0.514416	1
PARD6A	4	5.8378e-01	3.3662e-01	0.514416	1
EPHB3	4	5.8395e-01	3.3662e-01	0.514416	2
DNAH2	4	5.8400e-01	3.3662e-01	0.514416	1
UNC13B	4	5.8404e-01	3.3662e-01	0.514416	2
CLMP	4	5.8405e-01	3.3662e-01	0.514416	1
UBQLN4	4	5.8415e-01	3.3662e-01	0.514416	2
MOBP	4	5.8415e-01	3.3662e-01	0.514416	2
FBXO6	4	5.8416e-01	3.3662e-01	0.514416	2
HIST1H2AA	4	5.8419e-01	3.3662e-01	0.514416	2
CD3E	4	5.8427e-01	3.3662e-01	0.514416	2
SOS1	4	5.8431e-01	3.3662e-01	0.514416	2
BICD1	4	5.8432e-01	3.3662e-01	0.514416	1
AZI2	4	5.8435e-01	3.3662e-01	0.514416	1
CKAP2	4	5.8436e-01	3.3662e-01	0.514416	2
C7orf50	4	5.8438e-01	3.3662e-01	0.514416	2
CRYGB	4	5.8440e-01	3.3662e-01	0.514416	2
AUH	4	5.8444e-01	3.3662e-01	0.514416	1
RXFP3	4	5.8445e-01	3.3662e-01	0.514416	2
NAA40	4	5.8453e-01	3.3662e-01	0.514416	2
CPEB3	4	5.8461e-01	3.3662e-01	0.514416	1
NOTCH3	4	5.8464e-01	3.3662e-01	0.514416	2
RHBDD2	4	5.8466e-01	3.3662e-01	0.514416	2
MBL2	4	5.8472e-01	3.3662e-01	0.514416	2
POLH	4	5.8474e-01	3.3662e-01	0.514416	2
BTG3	4	5.8478e-01	3.3662e-01	0.514416	1
KLHL42	4	5.8480e-01	3.3662e-01	0.514416	2
WAC	4	5.8485e-01	3.3662e-01	0.514416	2
VPS33B	4	5.8488e-01	3.3662e-01	0.514416	2
SIK2	4	5.8498e-01	3.3662e-01	0.514416	2
GIMAP7	4	5.8509e-01	3.3662e-01	0.514416	2
OAS1	4	5.8513e-01	3.3662e-01	0.514416	2
CYP4A11	4	5.8524e-01	3.3662e-01	0.514416	2
C17orf97	4	5.8528e-01	3.3662e-01	0.514416	2
PRKACB	4	5.8547e-01	3.3662e-01	0.514416	1
INPP5E	4	5.8556e-01	3.3662e-01	0.514416	2
TPST2	4	5.8563e-01	3.3662e-01	0.514416	2
CHGB	4	5.8565e-01	3.3662e-01	0.514416	2
VWA8	4	5.8579e-01	3.3662e-01	0.514416	1
COL18A1	4	5.8599e-01	3.3662e-01	0.514416	2
DMRTB1	4	5.8604e-01	3.3662e-01	0.514416	2
PCDHGA1	4	5.8610e-01	3.3662e-01	0.514416	2
SYT1	4	5.8614e-01	3.3662e-01	0.514416	2
KCNT2	4	5.8616e-01	3.3662e-01	0.514416	2
PPEF2	4	5.8622e-01	3.3662e-01	0.514416	2
ZBTB18	4	5.8642e-01	3.3662e-01	0.514416	2
C10orf32	4	5.8654e-01	3.3662e-01	0.514416	1
KCTD16	4	5.8655e-01	3.3662e-01	0.514416	2
PDYN	4	5.8662e-01	3.3662e-01	0.514416	1
HIST1H4B	4	5.8673e-01	3.3662e-01	0.514416	2
SEPTIN6	4	5.8681e-01	3.3662e-01	0.514416	2
CLCN5	4	5.8683e-01	3.3662e-01	0.514416	2
TMEM74B	4	5.8685e-01	3.3662e-01	0.514416	2
LY75-CD302	4	5.8691e-01	3.3662e-01	0.514416	1
LCMT2	4	5.8696e-01	3.3662e-01	0.514416	2
PALD1	4	5.8710e-01	3.3662e-01	0.514416	1
TSHR	4	5.8711e-01	3.3662e-01	0.514416	2
SLC29A3	4	5.8723e-01	3.3662e-01	0.514416	1
ZNF391	4	5.8739e-01	3.3662e-01	0.514416	1
THRSP	4	5.8760e-01	3.3662e-01	0.514416	2
MANSC4	4	5.8766e-01	3.3662e-01	0.514416	1
METTL18	4	5.8771e-01	3.3662e-01	0.514416	1
IRF4	4	5.8775e-01	3.3662e-01	0.514416	2
PRB4	4	5.8782e-01	3.3662e-01	0.514416	2
CMAS	4	5.8787e-01	3.3662e-01	0.514416	1
MAP3K3	4	5.8793e-01	3.3662e-01	0.514416	2
UNC119	4	5.8795e-01	3.3662e-01	0.514416	2
TOP3B	4	5.8796e-01	3.3662e-01	0.514416	1
SLC1A4	4	5.8806e-01	3.3662e-01	0.514416	2
LILRA4	4	5.8808e-01	3.3662e-01	0.514416	2
VAX1	4	5.8810e-01	3.3828e-01	0.516824	2
C17orf58	4	5.8814e-01	3.3828e-01	0.516824	2
TRAM2	4	5.8819e-01	3.3828e-01	0.516824	2
NDUFB8	4	5.8827e-01	3.3993e-01	0.518608	2
MTF2	4	5.8829e-01	3.3993e-01	0.518608	2
TMEM132A	4	5.8838e-01	3.3993e-01	0.518608	2
MYCN	4	5.8840e-01	3.3993e-01	0.518608	1
ZNF234	4	5.8850e-01	3.3993e-01	0.518608	2
ZNF804A	4	5.8854e-01	3.3993e-01	0.518608	2
GBP4	4	5.8856e-01	3.3993e-01	0.518608	2
LSM14A	4	5.8859e-01	3.3993e-01	0.518608	2
ACTC1	4	5.8861e-01	3.3993e-01	0.518608	1
TNFSF12	4	5.8862e-01	3.3993e-01	0.518608	2
ZNF726	4	5.8869e-01	3.3993e-01	0.518608	1
KCTD17	4	5.8885e-01	3.3993e-01	0.518608	2
FAM200A	4	5.8902e-01	3.3993e-01	0.518608	2
KRT33A	4	5.8909e-01	3.3993e-01	0.518608	2
FANCC	4	5.8911e-01	3.3993e-01	0.518608	2
ZNF860	4	5.8913e-01	3.3993e-01	0.518608	2
ZNF664	4	5.8920e-01	3.3993e-01	0.518608	2
CYP2A7	4	5.8926e-01	3.3993e-01	0.518608	2
TUSC3	4	5.8935e-01	3.4128e-01	0.520542	2
CREB3	4	5.8941e-01	3.4128e-01	0.520542	1
SOGA1	4	5.8945e-01	3.4128e-01	0.520542	2
EFCAB5	4	5.8958e-01	3.4293e-01	0.522217	2
CXCR1	4	5.8965e-01	3.4293e-01	0.522217	1
BAIAP2L1	4	5.8971e-01	3.4293e-01	0.522217	2
ATP10B	4	5.8973e-01	3.4293e-01	0.522217	1
KANSL1L	4	5.8976e-01	3.4293e-01	0.522217	2
PRR16	4	5.8984e-01	3.4293e-01	0.522217	2
PYHIN1	4	5.9001e-01	3.4293e-01	0.522217	2
SIX3	4	5.9003e-01	3.4293e-01	0.522217	2
SCAPER	4	5.9005e-01	3.4293e-01	0.522217	1
FLNB	4	5.9018e-01	3.4293e-01	0.522217	2
DSEL	4	5.9023e-01	3.4293e-01	0.522217	2
AMZ2	4	5.9026e-01	3.4293e-01	0.522217	2
LRP2	4	5.9027e-01	3.4293e-01	0.522217	2
SELV	4	5.9029e-01	3.4293e-01	0.522217	1
RSPH9	4	5.9037e-01	3.4293e-01	0.522217	1
SLC19A1	4	5.9052e-01	3.4293e-01	0.522217	2
DHX29	4	5.9053e-01	3.4293e-01	0.522217	2
PIGZ	4	5.9055e-01	3.4293e-01	0.522217	2
ALDH1A2	4	5.9057e-01	3.4293e-01	0.522217	2
MAPKAPK3	4	5.9061e-01	3.4293e-01	0.522217	2
PLXNB3	4	5.9068e-01	3.4463e-01	0.523226	2
GP2	4	5.9074e-01	3.4463e-01	0.523226	2
C6orf25	4	5.9077e-01	3.4463e-01	0.523226	2
USP16	4	5.9080e-01	3.4463e-01	0.523226	2
RBM6	4	5.9087e-01	3.4463e-01	0.523226	1
SLC4A9	4	5.9100e-01	3.4463e-01	0.523226	2
SHANK2	4	5.9102e-01	3.4463e-01	0.523226	2
PDK3	4	5.9106e-01	3.4463e-01	0.523226	2
ZNF518A	4	5.9117e-01	3.4463e-01	0.523226	2
C16orf74	4	5.9127e-01	3.4463e-01	0.523226	1
OCSTAMP	4	5.9129e-01	3.4463e-01	0.523226	1
MTRNR2L10	4	5.9132e-01	3.4463e-01	0.523226	2
ZKSCAN5	4	5.9143e-01	3.4463e-01	0.523226	2
AMIGO2	4	5.9148e-01	3.4463e-01	0.523226	1
DRG2	4	5.9161e-01	3.4463e-01	0.523226	1
WNT6	4	5.9169e-01	3.4463e-01	0.523226	1
KRT77	4	5.9174e-01	3.4463e-01	0.523226	1
ATP8B2	4	5.9175e-01	3.4463e-01	0.523226	2
TMEM43	4	5.9185e-01	3.4463e-01	0.523226	2
DRAXIN	4	5.9198e-01	3.4463e-01	0.523226	2
WDR31	4	5.9203e-01	3.4463e-01	0.523226	2
DENND4B	4	5.9216e-01	3.4463e-01	0.523226	1
SRSF5	4	5.9222e-01	3.4463e-01	0.523226	2
C4orf27	4	5.9224e-01	3.4463e-01	0.523226	2
TMEM186	4	5.9227e-01	3.4463e-01	0.523226	2
PRUNE2	4	5.9232e-01	3.4463e-01	0.523226	2
ANKRD13D	4	5.9243e-01	3.4463e-01	0.523226	2
SLC41A3	4	5.9249e-01	3.4463e-01	0.523226	1
RNF220	4	5.9252e-01	3.4463e-01	0.523226	2
ZNF140	4	5.9258e-01	3.4463e-01	0.523226	2
STX3	4	5.9261e-01	3.4463e-01	0.523226	1
NDUFB6	4	5.9284e-01	3.4463e-01	0.523226	2
BPIFB3	4	5.9290e-01	3.4463e-01	0.523226	1
RGS20	4	5.9298e-01	3.4463e-01	0.523226	1
HEXA	3	5.9307e-01	3.0736e-01	0.500184	1
HMGB3	4	5.9309e-01	3.4463e-01	0.523226	1
DCAF16	4	5.9311e-01	3.4463e-01	0.523226	2
SLC25A52	4	5.9318e-01	3.4463e-01	0.523226	2
DRC1	4	5.9323e-01	3.4463e-01	0.523226	1
RAPSN	4	5.9335e-01	3.4604e-01	0.523346	1
SUCLG1	4	5.9346e-01	3.4604e-01	0.523346	2
GLS2	4	5.9350e-01	3.4604e-01	0.523346	2
GDF9	4	5.9353e-01	3.4604e-01	0.523346	2
MPPED2	4	5.9359e-01	3.4604e-01	0.523346	1
LRCH4	4	5.9361e-01	3.4604e-01	0.523346	2
PIM3	4	5.9372e-01	3.4604e-01	0.523346	1
CT47A7	4	5.9374e-01	3.4604e-01	0.523346	2
KIAA2013	4	5.9382e-01	3.4604e-01	0.523346	1
NOMO1	4	5.9385e-01	3.4604e-01	0.523346	2
YIF1A	4	5.9414e-01	3.4604e-01	0.523346	2
PRDM11	4	5.9417e-01	3.4604e-01	0.523346	1
ADH1C	4	5.9425e-01	3.4604e-01	0.523346	2
RASL10A	4	5.9432e-01	3.4604e-01	0.523346	2
PVALB	4	5.9434e-01	3.4604e-01	0.523346	2
PLCB2	4	5.9436e-01	3.4604e-01	0.523346	2
KCNC3	4	5.9451e-01	3.4604e-01	0.523346	2
CATSPER2	4	5.9457e-01	3.4604e-01	0.523346	2
CASKIN2	4	5.9472e-01	3.4604e-01	0.523346	1
FOXN2	3	5.9481e-01	3.0901e-01	0.501452	1
PPP2R3A	4	5.9485e-01	3.4604e-01	0.523346	2
CD84	4	5.9485e-01	3.4604e-01	0.523346	2
SOX4	4	5.9487e-01	3.4604e-01	0.523346	2
PLEKHO1	4	5.9491e-01	3.4604e-01	0.523346	2
GRIA2	4	5.9493e-01	3.4604e-01	0.523346	1
MSN	4	5.9500e-01	3.4604e-01	0.523346	2
ZNF691	4	5.9502e-01	3.4604e-01	0.523346	2
PRB2	4	5.9509e-01	3.4604e-01	0.523346	2
PIGG	4	5.9511e-01	3.4604e-01	0.523346	2
SYNGAP1	4	5.9527e-01	3.4604e-01	0.523346	1
SAMD14	4	5.9536e-01	3.4604e-01	0.523346	2
SNX1	4	5.9538e-01	3.4604e-01	0.523346	2
TMEM246	4	5.9551e-01	3.4604e-01	0.523346	2
AARSD1	4	5.9558e-01	3.4604e-01	0.523346	2
GLTSCR1L	4	5.9561e-01	3.4604e-01	0.523346	1
CABP4	4	5.9565e-01	3.4604e-01	0.523346	2
CCDC18	4	5.9568e-01	3.4604e-01	0.523346	2
HIST1H4I	4	5.9574e-01	3.4604e-01	0.523346	2
MCM9	4	5.9598e-01	3.4739e-01	0.523346	2
CYB561D2	4	5.9607e-01	3.4739e-01	0.523346	2
AGPS	4	5.9610e-01	3.4739e-01	0.523346	2
LIX1	4	5.9610e-01	3.4739e-01	0.523346	1
ZNF841	4	5.9613e-01	3.4739e-01	0.523346	1
C8orf74	4	5.9628e-01	3.4739e-01	0.523346	2
SMCO1	4	5.9629e-01	3.4739e-01	0.523346	1
PTPRCAP	4	5.9632e-01	3.4739e-01	0.523346	2
PTBP2	4	5.9634e-01	3.4739e-01	0.523346	1
RHEBL1	4	5.9637e-01	3.4739e-01	0.523346	1
CDKN3	4	5.9647e-01	3.4739e-01	0.523346	2
SCRN2	4	5.9652e-01	3.4739e-01	0.523346	2
KCNE1	4	5.9654e-01	3.4739e-01	0.523346	2
FAM188A	4	5.9661e-01	3.4739e-01	0.523346	1
KIAA0430	4	5.9668e-01	3.4739e-01	0.523346	1
MPV17	4	5.9675e-01	3.4739e-01	0.523346	2
IFNE	4	5.9682e-01	3.4910e-01	0.523346	1
FLNA	4	5.9692e-01	3.4910e-01	0.523346	2
TRDMT1	4	5.9703e-01	3.4910e-01	0.523346	2
CALML3	4	5.9707e-01	3.4910e-01	0.523346	2
ZDBF2	4	5.9733e-01	3.4910e-01	0.523346	2
ITIH4	4	5.9735e-01	3.4910e-01	0.523346	1
KIAA0930	4	5.9750e-01	3.5075e-01	0.523346	2
LOC100129083	4	5.9756e-01	3.5075e-01	0.523346	1
WNT3A	4	5.9760e-01	3.5075e-01	0.523346	1
RWDD4	4	5.9763e-01	3.5075e-01	0.523346	1
FLRT1	4	5.9776e-01	3.5075e-01	0.523346	1
IRF6	4	5.9782e-01	3.5075e-01	0.523346	2
C20orf195	4	5.9802e-01	3.5075e-01	0.523346	2
SPATA18	4	5.9804e-01	3.5075e-01	0.523346	1
CLPX	4	5.9809e-01	3.5075e-01	0.523346	2
LRRK2	4	5.9815e-01	3.5075e-01	0.523346	1
COX7B	4	5.9817e-01	3.5075e-01	0.523346	1
FAM26D	4	5.9822e-01	3.5075e-01	0.523346	2
NTSR2	4	5.9835e-01	3.5233e-01	0.523346	2
LIN7A	4	5.9841e-01	3.5233e-01	0.523346	1
MFSD4	4	5.9848e-01	3.5233e-01	0.523346	2
FLVCR1	4	5.9857e-01	3.5233e-01	0.523346	2
BIRC2	4	5.9862e-01	3.5233e-01	0.523346	1
KIAA1551	4	5.9869e-01	3.5233e-01	0.523346	2
NRL	4	5.9873e-01	3.5233e-01	0.523346	2
RPS6KC1	4	5.9883e-01	3.5234e-01	0.523346	1
STRN3	4	5.9884e-01	3.5234e-01	0.523346	2
ANKMY1	4	5.9904e-01	3.5234e-01	0.523346	2
ARL8A	4	5.9914e-01	3.5234e-01	0.523346	1
ORMDL3	4	5.9916e-01	3.5234e-01	0.523346	2
FAM71F1	4	5.9937e-01	3.5234e-01	0.523346	2
PCDHA9	4	5.9944e-01	3.5398e-01	0.523346	2
XAGE5	4	5.9952e-01	3.5398e-01	0.523346	2
TDP2	4	5.9959e-01	3.5398e-01	0.523346	2
PXMP4	4	5.9962e-01	3.5398e-01	0.523346	1
CST8	4	5.9967e-01	3.5398e-01	0.523346	2
CAPN1	4	5.9970e-01	3.5398e-01	0.523346	2
KBTBD13	4	5.9970e-01	3.5398e-01	0.523346	2
AVP	4	5.9971e-01	3.5398e-01	0.523346	2
C3orf70	4	5.9978e-01	3.5398e-01	0.523346	2
CR1L	4	5.9986e-01	3.5398e-01	0.523346	2
RASGRP3	4	5.9987e-01	3.5398e-01	0.523346	2
TAL2	4	5.9999e-01	3.5398e-01	0.523346	2
AGT	4	6.0003e-01	3.5398e-01	0.523346	2
FAM181A	4	6.0005e-01	3.5398e-01	0.523346	1
TIAM1	4	6.0010e-01	3.5398e-01	0.523346	2
GPRC6A	4	6.0022e-01	3.5696e-01	0.523346	2
BCAS4	4	6.0025e-01	3.5696e-01	0.523346	2
FGFBP2	4	6.0027e-01	3.5696e-01	0.523346	2
KRT40	4	6.0039e-01	3.5696e-01	0.523346	1
MUL1	4	6.0044e-01	3.5696e-01	0.523346	2
GRIN1	4	6.0049e-01	3.5696e-01	0.523346	1
RNASE2	4	6.0054e-01	3.5696e-01	0.523346	2
ACPP	4	6.0070e-01	3.5696e-01	0.523346	1
AGTRAP	4	6.0071e-01	3.5696e-01	0.523346	2
SNN	4	6.0078e-01	3.5696e-01	0.523346	2
KCNG4	4	6.0081e-01	3.5696e-01	0.523346	1
SSNA1	4	6.0083e-01	3.5696e-01	0.523346	1
CSNK1A1L	4	6.0088e-01	3.5696e-01	0.523346	1
C17orf78	4	6.0088e-01	3.5696e-01	0.523346	2
PCED1B	4	6.0095e-01	3.5696e-01	0.523346	2
LMOD3	4	6.0103e-01	3.5696e-01	0.523346	2
SLC6A5	4	6.0106e-01	3.5696e-01	0.523346	1
OR51F1	4	6.0110e-01	3.5696e-01	0.523346	1
APOA1BP	4	6.0112e-01	3.5696e-01	0.523346	2
C19orf54	4	6.0125e-01	3.5696e-01	0.523346	2
LACE1	4	6.0127e-01	3.5696e-01	0.523346	2
B9D1	4	6.0132e-01	3.5696e-01	0.523346	1
EDC3	4	6.0137e-01	3.5696e-01	0.523346	2
CASP2	4	6.0140e-01	3.5696e-01	0.523346	2
MTFR1	4	6.0150e-01	3.5696e-01	0.523346	2
MIEN1	4	6.0156e-01	3.5696e-01	0.523346	2
MCM8	4	6.0158e-01	3.5696e-01	0.523346	1
DIS3L	4	6.0159e-01	3.5696e-01	0.523346	2
ETV2	4	6.0171e-01	3.5697e-01	0.523346	1
LMNB2	4	6.0172e-01	3.5697e-01	0.523346	2
OR2C1	4	6.0176e-01	3.5697e-01	0.523346	2
ZNF101	4	6.0184e-01	3.5697e-01	0.523346	1
PARP9	4	6.0186e-01	3.5697e-01	0.523346	2
RAC3	4	6.0188e-01	3.5697e-01	0.523346	2
TMEM155	4	6.0212e-01	3.5697e-01	0.523346	2
EIF5A2	4	6.0223e-01	3.5697e-01	0.523346	2
MRFAP1L1	4	6.0234e-01	3.5697e-01	0.523346	2
LPIN2	4	6.0239e-01	3.5697e-01	0.523346	1
RALGPS1	4	6.0246e-01	3.5697e-01	0.523346	2
PRR23C	4	6.0246e-01	3.5697e-01	0.523346	1
PSMD10	4	6.0249e-01	3.5697e-01	0.523346	1
LAMA2	3	6.0249e-01	3.1237e-01	0.505366	1
NRG1	4	6.0252e-01	3.5697e-01	0.523346	2
GNG2	4	6.0252e-01	3.5697e-01	0.523346	2
DEPTOR	4	6.0254e-01	3.5697e-01	0.523346	2
ABHD16A	4	6.0265e-01	3.5697e-01	0.523346	2
USP32	4	6.0284e-01	3.5697e-01	0.523346	2
TGIF2	4	6.0285e-01	3.5697e-01	0.523346	1
SLC5A2	4	6.0286e-01	3.5697e-01	0.523346	2
IZUMO1R	4	6.0297e-01	3.5697e-01	0.523346	2
HINT2	4	6.0303e-01	3.5697e-01	0.523346	1
LGALS9B	4	6.0313e-01	3.5697e-01	0.523346	2
KHDC1L	4	6.0316e-01	3.5697e-01	0.523346	1
ZNF471	4	6.0325e-01	3.5860e-01	0.523346	1
MUC17	4	6.0331e-01	3.5860e-01	0.523346	1
LOC286238	4	6.0345e-01	3.5860e-01	0.523346	2
ENTPD6	4	6.0350e-01	3.5860e-01	0.523346	2
TP63	4	6.0363e-01	3.5860e-01	0.523346	1
SLC22A5	4	6.0368e-01	3.5860e-01	0.523346	1
ERO1L	4	6.0373e-01	3.5860e-01	0.523346	1
C3orf52	4	6.0378e-01	3.5860e-01	0.523346	1
MAP3K7CL	4	6.0384e-01	3.5860e-01	0.523346	2
ATP4A	4	6.0385e-01	3.5860e-01	0.523346	1
LRRC25	4	6.0395e-01	3.5860e-01	0.523346	2
ZSCAN22	4	6.0398e-01	3.5860e-01	0.523346	2
GPR26	4	6.0409e-01	3.5860e-01	0.523346	2
APOE	4	6.0413e-01	3.5860e-01	0.523346	1
PNPLA3	4	6.0422e-01	3.5860e-01	0.523346	2
ASPH	4	6.0424e-01	3.5860e-01	0.523346	2
METTL2A	4	6.0425e-01	3.5860e-01	0.523346	1
CDC42SE2	4	6.0432e-01	3.5860e-01	0.523346	2
PCSK7	4	6.0438e-01	3.5860e-01	0.523346	2
LRIG3	4	6.0441e-01	3.5860e-01	0.523346	2
WDR6	4	6.0449e-01	3.5860e-01	0.523346	2
CLTB	4	6.0456e-01	3.5860e-01	0.523346	2
SLC10A3	4	6.0456e-01	3.5860e-01	0.523346	1
LOC101928841	4	6.0469e-01	3.5860e-01	0.523346	1
CHRNB3	4	6.0479e-01	3.5860e-01	0.523346	2
TIAM2	4	6.0481e-01	3.5860e-01	0.523346	2
TMEM229B	4	6.0483e-01	3.5860e-01	0.523346	1
MOB1B	4	6.0483e-01	3.5860e-01	0.523346	2
FGF1	4	6.0485e-01	3.5860e-01	0.523346	2
DDX26B	4	6.0492e-01	3.5860e-01	0.523346	1
CHST7	4	6.0498e-01	3.5860e-01	0.523346	2
DDX39A	4	6.0502e-01	3.5860e-01	0.523346	1
EFCAB14	4	6.0515e-01	3.5860e-01	0.523346	2
AKR1C3	4	6.0521e-01	3.5860e-01	0.523346	2
C2orf57	4	6.0534e-01	3.5860e-01	0.523346	2
AREL1	4	6.0543e-01	3.5860e-01	0.523346	2
UACA	4	6.0543e-01	3.5860e-01	0.523346	1
SFTPA2	4	6.0548e-01	3.5860e-01	0.523346	2
TAS2R20	4	6.0568e-01	3.5860e-01	0.523346	2
TF	4	6.0581e-01	3.5860e-01	0.523346	2
TECPR2	4	6.0587e-01	3.5860e-01	0.523346	1
BPY2C	4	6.0591e-01	3.6027e-01	0.523346	2
PNMT	4	6.0595e-01	3.6027e-01	0.523346	1
LOC101927322	4	6.0597e-01	3.6027e-01	0.523346	1
TRIOBP	4	6.0599e-01	3.6027e-01	0.523346	2
TMED7-TICAM2	4	6.0602e-01	3.6027e-01	0.523346	2
HGH1	4	6.0604e-01	3.6027e-01	0.523346	1
EDN2	4	6.0607e-01	3.6027e-01	0.523346	2
VSX2	4	6.0607e-01	3.6027e-01	0.523346	2
FOXB1	4	6.0616e-01	3.6027e-01	0.523346	1
PPP1R3B	4	6.0618e-01	3.6027e-01	0.523346	2
RRP1B	4	6.0626e-01	3.6027e-01	0.523346	2
ZNF528	4	6.0633e-01	3.6027e-01	0.523346	1
SLC22A8	4	6.0638e-01	3.6027e-01	0.523346	2
CITED1	4	6.0647e-01	3.6027e-01	0.523346	2
MS4A14	4	6.0657e-01	3.6027e-01	0.523346	1
AMBP	4	6.0659e-01	3.6027e-01	0.523346	2
IFNA6	4	6.0661e-01	3.6027e-01	0.523346	2
CERCAM	4	6.0662e-01	3.6027e-01	0.523346	1
MGMT	4	6.0664e-01	3.6027e-01	0.523346	1
NOX1	4	6.0667e-01	3.6027e-01	0.523346	1
DPYSL4	4	6.0668e-01	3.6027e-01	0.523346	2
COL8A2	4	6.0676e-01	3.6027e-01	0.523346	2
TBC1D14	4	6.0687e-01	3.6027e-01	0.523346	1
SRR	4	6.0695e-01	3.6027e-01	0.523346	2
RIPK2	4	6.0695e-01	3.6027e-01	0.523346	1
SFT2D2	4	6.0705e-01	3.6027e-01	0.523346	1
PLXNA4	4	6.0720e-01	3.6196e-01	0.523346	2
C19orf18	4	6.0724e-01	3.6196e-01	0.523346	2
PIANP	4	6.0735e-01	3.6196e-01	0.523346	2
PPAP2C	4	6.0739e-01	3.6196e-01	0.523346	1
CD226	4	6.0746e-01	3.6196e-01	0.523346	2
BHLHB9	4	6.0761e-01	3.6196e-01	0.523346	2
MGARP	4	6.0764e-01	3.6196e-01	0.523346	1
RPS6KA5	4	6.0765e-01	3.6196e-01	0.523346	2
OR5AU1	4	6.0767e-01	3.6196e-01	0.523346	1
EPS8	4	6.0767e-01	3.6196e-01	0.523346	2
NDUFC2	4	6.0769e-01	3.6196e-01	0.523346	2
S100A11	4	6.0772e-01	3.6196e-01	0.523346	1
IDI2	4	6.0775e-01	3.6196e-01	0.523346	1
LCN12	4	6.0786e-01	3.6196e-01	0.523346	1
DGAT2	4	6.0790e-01	3.6196e-01	0.523346	2
RWDD3	4	6.0792e-01	3.6196e-01	0.523346	2
EFCAB7	4	6.0798e-01	3.6196e-01	0.523346	1
ABRACL	4	6.0801e-01	3.6196e-01	0.523346	2
MFI2	4	6.0816e-01	3.6196e-01	0.523346	2
HMGN2	4	6.0822e-01	3.6196e-01	0.523346	2
INPP5F	4	6.0824e-01	3.6196e-01	0.523346	2
CXCL11	4	6.0826e-01	3.6196e-01	0.523346	2
ACTL8	4	6.0829e-01	3.6196e-01	0.523346	1
CLLU1	4	6.0839e-01	3.6196e-01	0.523346	2
PCDHA4	4	6.0841e-01	3.6196e-01	0.523346	2
LY6G6D	4	6.0843e-01	3.6196e-01	0.523346	2
SLC4A11	4	6.0846e-01	3.6196e-01	0.523346	1
PRR14L	4	6.0849e-01	3.6196e-01	0.523346	2
HSPH1	4	6.0852e-01	3.6196e-01	0.523346	2
AMOT	4	6.0859e-01	3.6196e-01	0.523346	1
FCHO2	4	6.0862e-01	3.6196e-01	0.523346	2
PLA1A	4	6.0865e-01	3.6196e-01	0.523346	2
SCN1B	4	6.0874e-01	3.6196e-01	0.523346	2
KLHL13	4	6.0874e-01	3.6196e-01	0.523346	2
HBG1	4	6.0880e-01	3.6196e-01	0.523346	1
C5orf46	4	6.0890e-01	3.6196e-01	0.523346	1
ZNF507	4	6.0909e-01	3.6196e-01	0.523346	2
UBE4A	4	6.0913e-01	3.6196e-01	0.523346	2
OR56A5	4	6.0914e-01	3.6196e-01	0.523346	1
UQCC3	4	6.0930e-01	3.6196e-01	0.523346	2
FUT2	4	6.0936e-01	3.6196e-01	0.523346	2
TECPR1	4	6.0941e-01	3.6196e-01	0.523346	1
DCDC1	4	6.0949e-01	3.6196e-01	0.523346	2
CADPS	4	6.0951e-01	3.6196e-01	0.523346	2
WDR88	4	6.0953e-01	3.6196e-01	0.523346	2
SLC25A29	4	6.0955e-01	3.6196e-01	0.523346	2
PROSER2	4	6.0955e-01	3.6196e-01	0.523346	1
RASD1	4	6.0987e-01	3.6196e-01	0.523346	2
MYCBP2	4	6.0995e-01	3.6358e-01	0.523346	2
BAMBI	4	6.1000e-01	3.6358e-01	0.523346	2
ZNF572	4	6.1028e-01	3.6358e-01	0.523346	1
CTIF	4	6.1030e-01	3.6358e-01	0.523346	1
PDHA1	4	6.1033e-01	3.6358e-01	0.523346	2
ZNF599	4	6.1038e-01	3.6358e-01	0.523346	1
ZAP70	4	6.1042e-01	3.6358e-01	0.523346	2
SLC6A20	4	6.1044e-01	3.6358e-01	0.523346	1
PAMR1	4	6.1048e-01	3.6358e-01	0.523346	2
SERPINA6	4	6.1058e-01	3.6358e-01	0.523346	2
FCRLA	4	6.1062e-01	3.6358e-01	0.523346	1
AZIN1	4	6.1065e-01	3.6358e-01	0.523346	2
SPERT	4	6.1071e-01	3.6358e-01	0.523346	2
PHF8	4	6.1075e-01	3.6358e-01	0.523346	2
NANS	4	6.1079e-01	3.6358e-01	0.523346	1
SCN4B	4	6.1080e-01	3.6358e-01	0.523346	2
DENR	4	6.1086e-01	3.6358e-01	0.523346	2
CYP4F3	4	6.1087e-01	3.6358e-01	0.523346	1
ZMYND12	4	6.1089e-01	3.6358e-01	0.523346	1
MIF4GD	4	6.1092e-01	3.6358e-01	0.523346	2
PRPS1	4	6.1096e-01	3.6358e-01	0.523346	2
LACRT	4	6.1106e-01	3.6358e-01	0.523346	2
UCP1	4	6.1111e-01	3.6358e-01	0.523346	2
MAGI2	4	6.1120e-01	3.6358e-01	0.523346	1
OR5L1	4	6.1122e-01	3.6358e-01	0.523346	1
C2orf78	4	6.1132e-01	3.6358e-01	0.523346	1
CCDC24	4	6.1134e-01	3.6358e-01	0.523346	2
FAM208B	4	6.1135e-01	3.6358e-01	0.523346	1
GALNT15	4	6.1137e-01	3.6358e-01	0.523346	1
GPR87	4	6.1145e-01	3.6358e-01	0.523346	2
LRRC40	4	6.1147e-01	3.6358e-01	0.523346	2
RGMA	4	6.1155e-01	3.6358e-01	0.523346	2
S100PBP	4	6.1160e-01	3.6358e-01	0.523346	2
ZFYVE16	4	6.1162e-01	3.6358e-01	0.523346	2
ZCCHC17	4	6.1163e-01	3.6358e-01	0.523346	2
LRRC30	4	6.1166e-01	3.6358e-01	0.523346	2
GCOM1	4	6.1173e-01	3.6358e-01	0.523346	2
ZNF649	4	6.1174e-01	3.6358e-01	0.523346	2
PI3	4	6.1177e-01	3.6358e-01	0.523346	2
PRDM13	4	6.1189e-01	3.6358e-01	0.523346	2
VEGFA	4	6.1191e-01	3.6358e-01	0.523346	2
ZNF296	4	6.1196e-01	3.6358e-01	0.523346	2
TOM1L2	4	6.1199e-01	3.6358e-01	0.523346	1
TCTEX1D2	4	6.1204e-01	3.6358e-01	0.523346	2
OR5W2	4	6.1211e-01	3.6358e-01	0.523346	1
ALDH18A1	4	6.1212e-01	3.6358e-01	0.523346	2
CCDC58	4	6.1233e-01	3.6358e-01	0.523346	2
HMGCS2	4	6.1236e-01	3.6358e-01	0.523346	2
XKR3	4	6.1240e-01	3.6358e-01	0.523346	2
EDEM2	4	6.1249e-01	3.6358e-01	0.523346	1
SHARPIN	4	6.1250e-01	3.6358e-01	0.523346	2
ZDHHC16	4	6.1257e-01	3.6358e-01	0.523346	1
TAS2R46	4	6.1263e-01	3.6358e-01	0.523346	2
SPAG4	4	6.1267e-01	3.6358e-01	0.523346	2
ZBTB14	4	6.1270e-01	3.6358e-01	0.523346	1
MYH1	4	6.1278e-01	3.6358e-01	0.523346	2
RALGPS2	4	6.1282e-01	3.6358e-01	0.523346	2
SPATA24	4	6.1287e-01	3.6358e-01	0.523346	2
C1orf233	4	6.1290e-01	3.6358e-01	0.523346	2
C14orf159	4	6.1295e-01	3.6358e-01	0.523346	2
NETO2	4	6.1300e-01	3.6358e-01	0.523346	2
DGKB	4	6.1300e-01	3.6358e-01	0.523346	2
ENPP1	4	6.1303e-01	3.6358e-01	0.523346	2
KLHL10	4	6.1309e-01	3.6358e-01	0.523346	2
VLDLR	4	6.1316e-01	3.6358e-01	0.523346	2
ADNP	4	6.1326e-01	3.6358e-01	0.523346	1
MTMR10	4	6.1336e-01	3.6358e-01	0.523346	1
CDCA4	4	6.1337e-01	3.6358e-01	0.523346	2
AK5	4	6.1338e-01	3.6358e-01	0.523346	1
RGN	4	6.1341e-01	3.6358e-01	0.523346	1
FCGR3A	4	6.1345e-01	3.6358e-01	0.523346	2
LIPT2	4	6.1347e-01	3.6358e-01	0.523346	2
ISLR	4	6.1348e-01	3.6358e-01	0.523346	1
SPACA7	4	6.1353e-01	3.6358e-01	0.523346	2
PARP2	4	6.1356e-01	3.6358e-01	0.523346	1
PRDX6	4	6.1366e-01	3.6358e-01	0.523346	1
MEIKIN	4	6.1372e-01	3.6358e-01	0.523346	2
SDSL	4	6.1376e-01	3.6358e-01	0.523346	1
C17orf75	4	6.1381e-01	3.6358e-01	0.523346	1
EBPL	4	6.1384e-01	3.6358e-01	0.523346	1
CX3CR1	4	6.1386e-01	3.6358e-01	0.523346	1
CEP162	4	6.1391e-01	3.6358e-01	0.523346	2
DAXX	4	6.1398e-01	3.6358e-01	0.523346	2
EPB41L1	4	6.1402e-01	3.6358e-01	0.523346	2
IQCA1	4	6.1404e-01	3.6358e-01	0.523346	2
RBMS3	4	6.1422e-01	3.6358e-01	0.523346	1
S1PR5	4	6.1425e-01	3.6358e-01	0.523346	2
CCDC148	4	6.1427e-01	3.6358e-01	0.523346	2
DEFB133	3	6.1431e-01	3.2711e-01	0.511150	1
PSG8	4	6.1433e-01	3.6358e-01	0.523346	2
ST7L	4	6.1434e-01	3.6358e-01	0.523346	1
GPR180	4	6.1440e-01	3.6358e-01	0.523346	1
SLC31A1	4	6.1442e-01	3.6358e-01	0.523346	2
SETD5	4	6.1444e-01	3.6358e-01	0.523346	2
MAGEB2	4	6.1460e-01	3.6358e-01	0.523346	2
FCGR2B	4	6.1465e-01	3.6358e-01	0.523346	1
RBMY1E	4	6.1469e-01	3.6358e-01	0.523346	2
SAR1B	4	6.1473e-01	3.6358e-01	0.523346	2
GDI1	4	6.1482e-01	3.6358e-01	0.523346	2
MGME1	4	6.1485e-01	3.6358e-01	0.523346	2
CYP3A4	4	6.1493e-01	3.6358e-01	0.523346	2
OR7D4	4	6.1495e-01	3.6358e-01	0.523346	1
C16orf58	4	6.1503e-01	3.6358e-01	0.523346	2
CD40LG	4	6.1505e-01	3.6358e-01	0.523346	2
SPTSSB	4	6.1505e-01	3.6358e-01	0.523346	1
CTSV	4	6.1510e-01	3.6358e-01	0.523346	1
SOX8	4	6.1513e-01	3.6358e-01	0.523346	2
SLCO1C1	4	6.1518e-01	3.6358e-01	0.523346	2
KATNAL1	4	6.1528e-01	3.6358e-01	0.523346	2
DEFB4B	4	6.1530e-01	3.6358e-01	0.523346	2
PCDHB5	4	6.1532e-01	3.6358e-01	0.523346	2
ARHGEF25	4	6.1533e-01	3.6358e-01	0.523346	1
GSX1	4	6.1536e-01	3.6358e-01	0.523346	2
RUFY1	4	6.1548e-01	3.6358e-01	0.523346	1
CEP164	4	6.1551e-01	3.6358e-01	0.523346	2
CSH1	4	6.1558e-01	3.6358e-01	0.523346	2
C1orf162	4	6.1561e-01	3.6358e-01	0.523346	1
RASAL3	4	6.1563e-01	3.6358e-01	0.523346	2
ZNF540	4	6.1568e-01	3.6358e-01	0.523346	2
OVGP1	4	6.1571e-01	3.6358e-01	0.523346	1
SLC2A5	4	6.1574e-01	3.6358e-01	0.523346	1
PHF1	4	6.1580e-01	3.6358e-01	0.523346	2
TIGD7	4	6.1585e-01	3.6358e-01	0.523346	2
SFI1	4	6.1597e-01	3.6358e-01	0.523346	2
COL5A3	4	6.1601e-01	3.6358e-01	0.523346	2
DTNA	4	6.1606e-01	3.6358e-01	0.523346	2
TAS2R8	4	6.1610e-01	3.6358e-01	0.523346	2
S100A5	4	6.1614e-01	3.6358e-01	0.523346	1
SLC13A2	4	6.1616e-01	3.6358e-01	0.523346	2
ZNF154	4	6.1622e-01	3.6358e-01	0.523346	2
COLGALT2	4	6.1624e-01	3.6358e-01	0.523346	1
PLOD1	4	6.1629e-01	3.6358e-01	0.523346	1
TES	4	6.1634e-01	3.6358e-01	0.523346	1
RTN4RL1	4	6.1641e-01	3.6358e-01	0.523346	2
NOXRED1	4	6.1652e-01	3.6358e-01	0.523346	1
MT3	4	6.1654e-01	3.6358e-01	0.523346	2
CCDC15	4	6.1662e-01	3.6358e-01	0.523346	2
RBM33	4	6.1663e-01	3.6358e-01	0.523346	1
NT5DC3	4	6.1666e-01	3.6358e-01	0.523346	2
LRRC7	4	6.1668e-01	3.6358e-01	0.523346	2
ELOVL3	4	6.1675e-01	3.6358e-01	0.523346	2
FREM2	4	6.1677e-01	3.6358e-01	0.523346	1
PABPC4	4	6.1677e-01	3.6358e-01	0.523346	2
SPANXA2	4	6.1684e-01	3.6358e-01	0.523346	1
WNT1	4	6.1685e-01	3.6358e-01	0.523346	2
APOC4	4	6.1687e-01	3.6358e-01	0.523346	2
ZNF300	4	6.1690e-01	3.6358e-01	0.523346	2
SPECC1	4	6.1692e-01	3.6358e-01	0.523346	2
ASIC3	4	6.1694e-01	3.6358e-01	0.523346	2
DMRT3	4	6.1697e-01	3.6358e-01	0.523346	2
WASF1	4	6.1702e-01	3.6358e-01	0.523346	1
ACHE	4	6.1704e-01	3.6358e-01	0.523346	2
ANKRD7	4	6.1706e-01	3.6358e-01	0.523346	2
C7orf66	4	6.1707e-01	3.6358e-01	0.523346	1
ZNF559-ZNF177	4	6.1708e-01	3.6358e-01	0.523346	2
KLK15	4	6.1713e-01	3.6358e-01	0.523346	2
SYCN	4	6.1719e-01	3.6358e-01	0.523346	2
REXO2	4	6.1722e-01	3.6358e-01	0.523346	1
REN	4	6.1730e-01	3.6358e-01	0.523346	1
LRP1	4	6.1747e-01	3.6358e-01	0.523346	2
C9orf135	4	6.1748e-01	3.6358e-01	0.523346	2
MPO	4	6.1752e-01	3.6358e-01	0.523346	2
PTPN3	4	6.1760e-01	3.6358e-01	0.523346	1
EDN1	4	6.1765e-01	3.6358e-01	0.523346	2
FAM109B	3	6.1767e-01	3.3195e-01	0.514416	1
NUP188	4	6.1770e-01	3.6358e-01	0.523346	1
CYB5A	4	6.1773e-01	3.6358e-01	0.523346	1
LAPTM5	4	6.1773e-01	3.6358e-01	0.523346	2
SMYD1	4	6.1775e-01	3.6358e-01	0.523346	1
RANBP6	4	6.1785e-01	3.6358e-01	0.523346	1
COL9A1	4	6.1788e-01	3.6358e-01	0.523346	2
VPS26B	4	6.1793e-01	3.6358e-01	0.523346	1
STAT6	4	6.1803e-01	3.6358e-01	0.523346	2
SAG	4	6.1805e-01	3.6358e-01	0.523346	1
ENPP2	4	6.1807e-01	3.6358e-01	0.523346	2
C9	4	6.1820e-01	3.6358e-01	0.523346	1
LIPI	4	6.1824e-01	3.6358e-01	0.523346	2
NKX2-4	4	6.1824e-01	3.6358e-01	0.523346	2
GLB1L2	4	6.1824e-01	3.6358e-01	0.523346	2
HTR1F	4	6.1824e-01	3.6358e-01	0.523346	2
STATH	4	6.1838e-01	3.6358e-01	0.523346	2
KCP	4	6.1843e-01	3.6358e-01	0.523346	2
AIF1	4	6.1864e-01	3.6525e-01	0.523346	2
C5orf38	4	6.1864e-01	3.6525e-01	0.523346	1
TMEM138	4	6.1881e-01	3.6525e-01	0.523346	2
MIP	4	6.1891e-01	3.6525e-01	0.523346	2
ZC3H11A	4	6.1895e-01	3.6525e-01	0.523346	2
MAPK8	4	6.1897e-01	3.6525e-01	0.523346	2
RASGEF1B	4	6.1898e-01	3.6525e-01	0.523346	1
TTC12	4	6.1903e-01	3.6525e-01	0.523346	1
PHYKPL	4	6.1921e-01	3.6688e-01	0.523346	2
KRT36	4	6.1922e-01	3.6688e-01	0.523346	2
C22orf24	4	6.1924e-01	3.6688e-01	0.523346	2
HCST	4	6.1926e-01	3.6688e-01	0.523346	2
MS4A1	4	6.1931e-01	3.6688e-01	0.523346	2
MED23	4	6.1937e-01	3.6688e-01	0.523346	2
WFDC6	4	6.1946e-01	3.6688e-01	0.523346	2
FBLN1	4	6.1960e-01	3.6688e-01	0.523346	2
SHOX2	4	6.1968e-01	3.6688e-01	0.523346	2
OLFML2B	4	6.1972e-01	3.6688e-01	0.523346	2
IRX3	4	6.1974e-01	3.6688e-01	0.523346	2
FOXI2	4	6.1977e-01	3.6688e-01	0.523346	2
INHBA	4	6.1998e-01	3.6688e-01	0.523346	1
SPNS2	4	6.2000e-01	3.6688e-01	0.523346	2
ITGAE	4	6.2004e-01	3.6688e-01	0.523346	2
KCTD1	4	6.2010e-01	3.6688e-01	0.523346	1
SLCO1B3	4	6.2014e-01	3.6688e-01	0.523346	2
C1orf95	4	6.2018e-01	3.6688e-01	0.523346	2
ATP5S	4	6.2028e-01	3.6688e-01	0.523346	2
RCHY1	4	6.2029e-01	3.6688e-01	0.523346	2
UROD	4	6.2033e-01	3.6688e-01	0.523346	2
RORA	4	6.2037e-01	3.6688e-01	0.523346	2
ZCCHC3	4	6.2042e-01	3.6688e-01	0.523346	1
ADAMTS13	4	6.2046e-01	3.6688e-01	0.523346	2
CCDC65	4	6.2048e-01	3.6688e-01	0.523346	2
ZNF250	4	6.2050e-01	3.6688e-01	0.523346	2
CYB561	4	6.2052e-01	3.6688e-01	0.523346	2
VGLL1	4	6.2058e-01	3.6688e-01	0.523346	2
C20orf203	4	6.2060e-01	3.6688e-01	0.523346	2
NME6	4	6.2073e-01	3.6688e-01	0.523346	2
FOXL2	4	6.2076e-01	3.6688e-01	0.523346	1
RARG	4	6.2083e-01	3.6688e-01	0.523346	2
TGM4	4	6.2085e-01	3.6688e-01	0.523346	2
ST8SIA2	4	6.2088e-01	3.6688e-01	0.523346	2
FAM177A1	4	6.2088e-01	3.6688e-01	0.523346	1
SMYD4	4	6.2096e-01	3.6688e-01	0.523346	2
FLAD1	4	6.2115e-01	3.6688e-01	0.523346	2
C11orf42	4	6.2121e-01	3.6688e-01	0.523346	2
TEX2	4	6.2122e-01	3.6688e-01	0.523346	1
CHRNA9	4	6.2127e-01	3.6688e-01	0.523346	2
MANBA	4	6.2136e-01	3.6688e-01	0.523346	1
TRIM64C	4	6.2140e-01	3.6688e-01	0.523346	2
KRTAP4-6	4	6.2142e-01	3.6688e-01	0.523346	2
STAB1	4	6.2151e-01	3.6688e-01	0.523346	2
HPDL	4	6.2154e-01	3.6688e-01	0.523346	2
OXSR1	4	6.2160e-01	3.6688e-01	0.523346	2
CEP19	4	6.2164e-01	3.6688e-01	0.523346	2
CDCP2	4	6.2171e-01	3.6688e-01	0.523346	2
FFAR4	4	6.2186e-01	3.6688e-01	0.523346	2
BEAN1	4	6.2186e-01	3.6688e-01	0.523346	1
FAM24B	4	6.2188e-01	3.6688e-01	0.523346	2
TOB1	4	6.2192e-01	3.6688e-01	0.523346	2
HKDC1	4	6.2209e-01	3.6688e-01	0.523346	2
ZPLD1	4	6.2218e-01	3.6688e-01	0.523346	1
NT5C3B	4	6.2240e-01	3.6688e-01	0.523346	2
HLA-C	4	6.2242e-01	3.6688e-01	0.523346	2
GDF15	4	6.2246e-01	3.6688e-01	0.523346	2
MX1	4	6.2254e-01	3.6688e-01	0.523346	2
DOPEY1	4	6.2257e-01	3.6688e-01	0.523346	2
PCDH9	4	6.2261e-01	3.6688e-01	0.523346	1
SLCO5A1	4	6.2263e-01	3.6688e-01	0.523346	2
C8orf89	4	6.2263e-01	3.6688e-01	0.523346	1
PRKX	4	6.2266e-01	3.6688e-01	0.523346	2
SERAC1	4	6.2267e-01	3.6688e-01	0.523346	2
RNF34	4	6.2275e-01	3.6688e-01	0.523346	2
TRERF1	4	6.2275e-01	3.6688e-01	0.523346	1
GIMAP8	4	6.2279e-01	3.6688e-01	0.523346	2
FBXW9	4	6.2282e-01	3.6688e-01	0.523346	2
ADPRHL1	4	6.2290e-01	3.6688e-01	0.523346	1
CCL5	4	6.2293e-01	3.6688e-01	0.523346	1
BAK1	4	6.2300e-01	3.6688e-01	0.523346	1
CNNM1	4	6.2303e-01	3.6688e-01	0.523346	1
ZFAND1	4	6.2317e-01	3.6688e-01	0.523346	2
HOXA2	4	6.2327e-01	3.6688e-01	0.523346	2
OR51B2	4	6.2328e-01	3.6688e-01	0.523346	1
SLC25A23	4	6.2336e-01	3.6688e-01	0.523346	2
TRIM28	4	6.2338e-01	3.6688e-01	0.523346	2
FASTKD5	4	6.2340e-01	3.6688e-01	0.523346	1
CXCR3	4	6.2348e-01	3.6688e-01	0.523346	2
WIPF2	4	6.2352e-01	3.6688e-01	0.523346	2
PDE6D	4	6.2357e-01	3.6688e-01	0.523346	2
NFKBIE	4	6.2359e-01	3.6688e-01	0.523346	2
ASH1L	4	6.2368e-01	3.6688e-01	0.523346	1
WFDC12	4	6.2370e-01	3.6688e-01	0.523346	1
MARCHF8	4	6.2373e-01	3.6688e-01	0.523346	2
GSTCD	4	6.2395e-01	3.6688e-01	0.523346	1
GRPEL2	4	6.2400e-01	3.6688e-01	0.523346	2
SMIM2	4	6.2405e-01	3.6688e-01	0.523346	2
C17orf112	4	6.2410e-01	3.6688e-01	0.523346	1
HERC4	4	6.2412e-01	3.6688e-01	0.523346	2
LMF1	4	6.2413e-01	3.6688e-01	0.523346	2
AP5B1	4	6.2423e-01	3.6688e-01	0.523346	2
WNT9B	4	6.2435e-01	3.6688e-01	0.523346	1
CDC42SE1	4	6.2452e-01	3.6688e-01	0.523346	1
KLHL6	4	6.2452e-01	3.6688e-01	0.523346	2
ABCC1	4	6.2455e-01	3.6688e-01	0.523346	2
OR1E2	4	6.2464e-01	3.6688e-01	0.523346	1
BCAP29	4	6.2469e-01	3.6688e-01	0.523346	2
TBXA2R	4	6.2472e-01	3.6688e-01	0.523346	1
ITIH6	4	6.2477e-01	3.6688e-01	0.523346	2
ANKRD1	4	6.2494e-01	3.6688e-01	0.523346	2
SPATA13	4	6.2498e-01	3.6688e-01	0.523346	2
TLE2	4	6.2521e-01	3.6688e-01	0.523346	2
PRRX2	4	6.2521e-01	3.6688e-01	0.523346	1
TMEM236	4	6.2524e-01	3.6688e-01	0.523346	2
CTPS2	4	6.2538e-01	3.6688e-01	0.523346	2
APPBP2	4	6.2540e-01	3.6688e-01	0.523346	2
NR2E3	4	6.2541e-01	3.6688e-01	0.523346	2
ATP11C	4	6.2542e-01	3.6688e-01	0.523346	2
MMP19	4	6.2545e-01	3.6688e-01	0.523346	1
INPP4B	4	6.2550e-01	3.6688e-01	0.523346	1
RAB39B	4	6.2550e-01	3.6688e-01	0.523346	2
ZNF211	4	6.2552e-01	3.6688e-01	0.523346	2
CCDC85A	4	6.2554e-01	3.6688e-01	0.523346	1
FAM205A	4	6.2554e-01	3.6688e-01	0.523346	2
TAS1R2	4	6.2563e-01	3.6688e-01	0.523346	1
ECHDC1	4	6.2568e-01	3.6688e-01	0.523346	1
NFXL1	4	6.2571e-01	3.6688e-01	0.523346	1
EFNA4	4	6.2573e-01	3.6688e-01	0.523346	2
PRLR	4	6.2585e-01	3.6688e-01	0.523346	1
ERP44	4	6.2591e-01	3.6688e-01	0.523346	1
IGSF6	4	6.2598e-01	3.6688e-01	0.523346	2
YAF2	4	6.2601e-01	3.6688e-01	0.523346	1
GALNT2	4	6.2604e-01	3.6688e-01	0.523346	2
TATDN3	4	6.2608e-01	3.6688e-01	0.523346	2
TTLL1	4	6.2609e-01	3.6688e-01	0.523346	2
IL5RA	4	6.2612e-01	3.6688e-01	0.523346	1
SLC37A4	4	6.2612e-01	3.6688e-01	0.523346	1
RNF17	4	6.2615e-01	3.6688e-01	0.523346	2
KIF18B	4	6.2625e-01	3.6688e-01	0.523346	2
PTH1R	4	6.2629e-01	3.6688e-01	0.523346	2
ACRBP	4	6.2634e-01	3.6688e-01	0.523346	2
MBOAT4	4	6.2636e-01	3.6688e-01	0.523346	2
GPD1	4	6.2640e-01	3.6688e-01	0.523346	2
NT5C1B-RDH14	4	6.2643e-01	3.6688e-01	0.523346	1
TIPRL	4	6.2648e-01	3.6688e-01	0.523346	1
SPINK2	4	6.2652e-01	3.6688e-01	0.523346	2
RASA4B	4	6.2660e-01	3.6688e-01	0.523346	2
SQRDL	4	6.2663e-01	3.6688e-01	0.523346	2
DAGLA	4	6.2666e-01	3.6688e-01	0.523346	2
ADTRP	4	6.2669e-01	3.6688e-01	0.523346	2
OR11H4	4	6.2672e-01	3.6688e-01	0.523346	1
IL36A	4	6.2678e-01	3.6688e-01	0.523346	2
PRAC2	4	6.2680e-01	3.6688e-01	0.523346	2
PHTF1	4	6.2680e-01	3.6688e-01	0.523346	1
DCLK1	4	6.2681e-01	3.6688e-01	0.523346	2
HN1L	4	6.2692e-01	3.6688e-01	0.523346	2
CDC42BPB	4	6.2698e-01	3.6688e-01	0.523346	2
ZNF275	4	6.2699e-01	3.6688e-01	0.523346	1
STAC2	4	6.2706e-01	3.6688e-01	0.523346	2
INPP5J	4	6.2714e-01	3.6688e-01	0.523346	1
CYTIP	4	6.2723e-01	3.6688e-01	0.523346	2
FOXJ3	4	6.2727e-01	3.6688e-01	0.523346	1
UST	4	6.2739e-01	3.6688e-01	0.523346	1
BRINP1	4	6.2746e-01	3.6688e-01	0.523346	2
SWI5	4	6.2749e-01	3.6688e-01	0.523346	1
OR8S1	4	6.2752e-01	3.6688e-01	0.523346	2
MYRIP	4	6.2754e-01	3.6688e-01	0.523346	2
GSN	4	6.2771e-01	3.6688e-01	0.523346	2
MFAP3L	4	6.2773e-01	3.6688e-01	0.523346	1
VPS37D	4	6.2794e-01	3.6688e-01	0.523346	2
MERTK	4	6.2798e-01	3.6688e-01	0.523346	2
SLC22A1	4	6.2806e-01	3.6688e-01	0.523346	2
KDELC1	4	6.2818e-01	3.6688e-01	0.523346	1
ORMDL1	4	6.2822e-01	3.6688e-01	0.523346	2
DAB1	4	6.2823e-01	3.6688e-01	0.523346	1
OR2T1	4	6.2825e-01	3.6688e-01	0.523346	2
BCL2A1	4	6.2839e-01	3.6688e-01	0.523346	2
OPTC	4	6.2841e-01	3.6688e-01	0.523346	2
TOX2	4	6.2852e-01	3.6688e-01	0.523346	2
SYT16	4	6.2858e-01	3.6688e-01	0.523346	2
ZNF558	4	6.2860e-01	3.6688e-01	0.523346	1
IL18RAP	4	6.2870e-01	3.6688e-01	0.523346	2
KDM4E	4	6.2879e-01	3.6688e-01	0.523346	2
ARMC3	4	6.2879e-01	3.6688e-01	0.523346	1
CCL18	4	6.2881e-01	3.6688e-01	0.523346	2
AKR1B1	4	6.2883e-01	3.6688e-01	0.523346	1
SRCIN1	4	6.2893e-01	3.6688e-01	0.523346	2
INO80C	4	6.2903e-01	3.6688e-01	0.523346	2
TMCC2	4	6.2904e-01	3.6688e-01	0.523346	1
BSDC1	4	6.2914e-01	3.6688e-01	0.523346	2
TRIM37	4	6.2916e-01	3.6688e-01	0.523346	2
FBF1	4	6.2919e-01	3.6688e-01	0.523346	1
DRAM2	4	6.2926e-01	3.6688e-01	0.523346	2
ZNF274	4	6.2929e-01	3.6688e-01	0.523346	1
ZFPL1	4	6.2930e-01	3.6688e-01	0.523346	2
SH3YL1	4	6.2936e-01	3.6688e-01	0.523346	1
ZNF445	4	6.2945e-01	3.6688e-01	0.523346	2
KLHDC8A	4	6.2947e-01	3.6688e-01	0.523346	2
BEND7	4	6.2968e-01	3.6688e-01	0.523346	2
HSPB1	4	6.2968e-01	3.6688e-01	0.523346	1
IGSF5	4	6.2970e-01	3.6688e-01	0.523346	2
ICOSLG	4	6.2972e-01	3.6688e-01	0.523346	2
SVOP	4	6.2980e-01	3.6688e-01	0.523346	1
MAGEB18	4	6.2990e-01	3.6688e-01	0.523346	1
NEGR1	4	6.2995e-01	3.6688e-01	0.523346	2
NPC2	4	6.3005e-01	3.6688e-01	0.523346	1
MR1	4	6.3005e-01	3.6688e-01	0.523346	2
HCFC2	4	6.3017e-01	3.6688e-01	0.523346	1
PPP1R27	4	6.3017e-01	3.6688e-01	0.523346	2
NTN5	4	6.3032e-01	3.6688e-01	0.523346	2
DGCR2	4	6.3034e-01	3.6688e-01	0.523346	1
SMG7	4	6.3037e-01	3.6688e-01	0.523346	1
NOVA1	4	6.3042e-01	3.6688e-01	0.523346	2
FLT4	4	6.3046e-01	3.6688e-01	0.523346	1
ZNF560	4	6.3053e-01	3.6688e-01	0.523346	2
GIPC3	4	6.3057e-01	3.6688e-01	0.523346	2
CLDN17	4	6.3063e-01	3.6688e-01	0.523346	1
NKAIN2	4	6.3076e-01	3.6688e-01	0.523346	1
FAM3C	4	6.3078e-01	3.6688e-01	0.523346	1
SPRYD7	4	6.3083e-01	3.6688e-01	0.523346	1
ASMTL	4	6.3090e-01	3.6688e-01	0.523346	1
GRM3	4	6.3105e-01	3.6688e-01	0.523346	1
TMEM130	4	6.3112e-01	3.6688e-01	0.523346	1
WDR11	4	6.3113e-01	3.6688e-01	0.523346	2
LRTOMT	4	6.3121e-01	3.6688e-01	0.523346	2
GRINA	4	6.3123e-01	3.6688e-01	0.523346	2
ARHGAP11B	4	6.3125e-01	3.6688e-01	0.523346	2
OR7D2	4	6.3135e-01	3.6688e-01	0.523346	2
HNRNPA1L2	4	6.3142e-01	3.6688e-01	0.523346	2
SVIL	4	6.3152e-01	3.6688e-01	0.523346	2
IZUMO2	4	6.3159e-01	3.6688e-01	0.523346	1
CASC1	4	6.3169e-01	3.6688e-01	0.523346	2
BRS3	4	6.3182e-01	3.6688e-01	0.523346	2
PSME1	4	6.3191e-01	3.6688e-01	0.523346	2
PSTPIP2	4	6.3196e-01	3.6688e-01	0.523346	1
LIAS	4	6.3198e-01	3.6688e-01	0.523346	2
ANKRD49	4	6.3204e-01	3.6688e-01	0.523346	2
TNRC18	4	6.3225e-01	3.6688e-01	0.523346	1
FADD	4	6.3227e-01	3.6688e-01	0.523346	1
LY6G6F	4	6.3229e-01	3.6688e-01	0.523346	2
LECT2	4	6.3238e-01	3.6688e-01	0.523346	2
CLEC2B	4	6.3245e-01	3.6688e-01	0.523346	2
HDLBP	4	6.3247e-01	3.6688e-01	0.523346	2
TMEM168	4	6.3253e-01	3.6688e-01	0.523346	2
GPAA1	4	6.3262e-01	3.6688e-01	0.523346	1
OR4C13	4	6.3264e-01	3.6688e-01	0.523346	2
CSF2RA	4	6.3266e-01	3.6688e-01	0.523346	1
MBLAC2	4	6.3271e-01	3.6688e-01	0.523346	2
DEFB106A	4	6.3274e-01	3.6688e-01	0.523346	2
LRP8	4	6.3279e-01	3.6688e-01	0.523346	1
CDHR4	4	6.3280e-01	3.6688e-01	0.523346	2
CSK	4	6.3281e-01	3.6688e-01	0.523346	2
LURAP1L	4	6.3286e-01	3.6688e-01	0.523346	2
ANXA8	4	6.3288e-01	3.6688e-01	0.523346	2
LYL1	4	6.3309e-01	3.6688e-01	0.523346	2
ZNF662	4	6.3313e-01	3.6688e-01	0.523346	1
DPP9	4	6.3315e-01	3.6688e-01	0.523346	2
DAND5	4	6.3327e-01	3.6688e-01	0.523346	1
PURB	4	6.3328e-01	3.6688e-01	0.523346	2
GPALPP1	4	6.3330e-01	3.6688e-01	0.523346	2
UBR5	4	6.3332e-01	3.6688e-01	0.523346	2
CLK3	4	6.3336e-01	3.6688e-01	0.523346	2
USP17L12	4	6.3340e-01	3.6688e-01	0.523346	2
ELF5	4	6.3342e-01	3.6688e-01	0.523346	2
TAS2R1	4	6.3354e-01	3.6688e-01	0.523346	1
TYRO3	4	6.3361e-01	3.6688e-01	0.523346	2
HOXB1	4	6.3362e-01	3.6688e-01	0.523346	1
UBE2D4	4	6.3363e-01	3.6688e-01	0.523346	2
SIM1	4	6.3369e-01	3.6688e-01	0.523346	1
CPEB2	4	6.3372e-01	3.6688e-01	0.523346	2
SPSB1	4	6.3388e-01	3.6688e-01	0.523346	2
SCEL	3	6.3390e-01	3.5013e-01	0.523346	1
KRTAP10-4	4	6.3403e-01	3.6688e-01	0.523346	2
RREB1	4	6.3412e-01	3.6688e-01	0.523346	2
LYZL1	4	6.3423e-01	3.6688e-01	0.523346	2
PLBD2	4	6.3431e-01	3.6688e-01	0.523346	2
SERPINB1	4	6.3439e-01	3.6688e-01	0.523346	1
NPS	4	6.3445e-01	3.6688e-01	0.523346	2
SH3GL2	4	6.3456e-01	3.6688e-01	0.523346	2
ADRB2	4	6.3459e-01	3.6688e-01	0.523346	1
TRPM3	4	6.3460e-01	3.6688e-01	0.523346	2
FLVCR2	4	6.3469e-01	3.6688e-01	0.523346	1
HRH2	4	6.3471e-01	3.6688e-01	0.523346	1
CHDH	4	6.3478e-01	3.6688e-01	0.523346	1
STAR	4	6.3493e-01	3.6688e-01	0.523346	2
KCNJ8	4	6.3498e-01	3.6688e-01	0.523346	1
CDYL2	4	6.3501e-01	3.6688e-01	0.523346	2
GPSM2	4	6.3507e-01	3.6688e-01	0.523346	2
GAS8	4	6.3512e-01	3.6688e-01	0.523346	1
KCNAB2	4	6.3513e-01	3.6688e-01	0.523346	2
SP1	4	6.3518e-01	3.6688e-01	0.523346	2
ADK	4	6.3527e-01	3.6688e-01	0.523346	1
UQCR11	4	6.3540e-01	3.6688e-01	0.523346	2
PGAM2	4	6.3548e-01	3.6688e-01	0.523346	2
PSEN1	4	6.3551e-01	3.6688e-01	0.523346	1
CCNE2	4	6.3554e-01	3.6688e-01	0.523346	1
OR5F1	4	6.3556e-01	3.6688e-01	0.523346	2
SCN10A	4	6.3557e-01	3.6688e-01	0.523346	2
EIF2AK2	4	6.3566e-01	3.6688e-01	0.523346	2
GDNF	4	6.3567e-01	3.6688e-01	0.523346	2
L1CAM	4	6.3568e-01	3.6688e-01	0.523346	1
DUSP5	4	6.3574e-01	3.6688e-01	0.523346	1
INO80D	4	6.3578e-01	3.6688e-01	0.523346	1
PRCD	4	6.3583e-01	3.6688e-01	0.523346	1
REXO4	4	6.3586e-01	3.6688e-01	0.523346	2
MRI1	4	6.3590e-01	3.6688e-01	0.523346	2
FAM126B	4	6.3592e-01	3.6688e-01	0.523346	2
JMJD7-PLA2G4B	4	6.3600e-01	3.6854e-01	0.523346	2
AGAP1	4	6.3606e-01	3.6854e-01	0.523346	1
HRG	4	6.3614e-01	3.6854e-01	0.523346	2
YIPF7	4	6.3625e-01	3.6854e-01	0.523346	2
PGM5	4	6.3626e-01	3.6854e-01	0.523346	2
HSD17B14	4	6.3629e-01	3.6854e-01	0.523346	1
RGL2	4	6.3635e-01	3.6854e-01	0.523346	2
CEP170B	4	6.3641e-01	3.6854e-01	0.523346	2
ZBTB16	4	6.3648e-01	3.6854e-01	0.523346	1
APOL3	4	6.3651e-01	3.6854e-01	0.523346	1
PSPC1	4	6.3653e-01	3.6854e-01	0.523346	1
SOSTDC1	4	6.3660e-01	3.6854e-01	0.523346	2
DRD3	4	6.3666e-01	3.6854e-01	0.523346	2
DNAJB13	4	6.3684e-01	3.6854e-01	0.523346	2
HSPA1A	4	6.3690e-01	3.6854e-01	0.523346	2
ZNF711	4	6.3693e-01	3.6854e-01	0.523346	2
PP2D1	4	6.3695e-01	3.6854e-01	0.523346	2
MAS1L	4	6.3699e-01	3.6854e-01	0.523346	2
OR1J4	4	6.3701e-01	3.6854e-01	0.523346	2
TMEM260	4	6.3706e-01	3.6854e-01	0.523346	1
ZNF98	4	6.3713e-01	3.6854e-01	0.523346	2
WBP1	4	6.3716e-01	3.6854e-01	0.523346	1
POLI	4	6.3718e-01	3.6854e-01	0.523346	2
GAGE12J	4	6.3726e-01	3.7023e-01	0.523346	2
CFAP43	4	6.3742e-01	3.7023e-01	0.523346	2
MYEOV	4	6.3756e-01	3.7023e-01	0.523346	2
ERICH4	4	6.3763e-01	3.7023e-01	0.523346	2
SLC25A38	4	6.3791e-01	3.7023e-01	0.523346	2
RMND1	4	6.3795e-01	3.7023e-01	0.523346	2
ACTL9	4	6.3805e-01	3.7023e-01	0.523346	2
TP53TG3C	4	6.3814e-01	3.7023e-01	0.523346	2
DMTF1	4	6.3815e-01	3.7023e-01	0.523346	1
MYOZ2	4	6.3818e-01	3.7023e-01	0.523346	2
LCLAT1	4	6.3820e-01	3.7023e-01	0.523346	2
LOH12CR1	4	6.3822e-01	3.7023e-01	0.523346	1
DTD1	4	6.3825e-01	3.7023e-01	0.523346	2
MAPK15	4	6.3834e-01	3.7023e-01	0.523346	1
POM121L12	4	6.3841e-01	3.7023e-01	0.523346	1
IFNB1	4	6.3861e-01	3.7023e-01	0.523346	2
BCAS3	4	6.3863e-01	3.7023e-01	0.523346	2
PSG6	4	6.3866e-01	3.7023e-01	0.523346	1
CD19	4	6.3868e-01	3.7023e-01	0.523346	1
RBP1	4	6.3878e-01	3.7023e-01	0.523346	2
SMIM13	4	6.3880e-01	3.7023e-01	0.523346	2
ASPG	4	6.3884e-01	3.7023e-01	0.523346	2
SPIRE2	4	6.3886e-01	3.7023e-01	0.523346	2
MOB3B	4	6.3898e-01	3.7023e-01	0.523346	2
ABLIM2	4	6.3899e-01	3.7023e-01	0.523346	1
CAMK2A	4	6.3915e-01	3.7023e-01	0.523346	2
CD300LB	4	6.3917e-01	3.7023e-01	0.523346	2
SMPD3	4	6.3921e-01	3.7023e-01	0.523346	2
BCAT1	4	6.3923e-01	3.7023e-01	0.523346	2
HMGXB3	4	6.3931e-01	3.7023e-01	0.523346	1
SLC1A1	4	6.3936e-01	3.7023e-01	0.523346	2
NDUFA7	4	6.3939e-01	3.7023e-01	0.523346	2
TECR	4	6.3943e-01	3.7023e-01	0.523346	2
GYS1	4	6.3947e-01	3.7023e-01	0.523346	2
TGFBR3	4	6.3947e-01	3.7023e-01	0.523346	1
RGS10	4	6.3949e-01	3.7023e-01	0.523346	2
ZFP28	4	6.3958e-01	3.7023e-01	0.523346	2
SNTA1	4	6.3960e-01	3.7023e-01	0.523346	2
NDST4	4	6.3962e-01	3.7023e-01	0.523346	2
FAM46C	4	6.3966e-01	3.7023e-01	0.523346	2
OR1J2	4	6.3970e-01	3.7023e-01	0.523346	2
TMEM136	4	6.3976e-01	3.7023e-01	0.523346	2
MAP1LC3B2	4	6.3976e-01	3.7023e-01	0.523346	2
PCDHA7	4	6.3985e-01	3.7023e-01	0.523346	2
TMEM56-RWDD3	4	6.3991e-01	3.7023e-01	0.523346	2
ACTRT3	4	6.3995e-01	3.7023e-01	0.523346	2
ARHGEF6	4	6.4001e-01	3.7023e-01	0.523346	2
RBMY1D	4	6.4003e-01	3.7023e-01	0.523346	2
PAH	4	6.4007e-01	3.7023e-01	0.523346	2
FAM65B	4	6.4012e-01	3.7023e-01	0.523346	1
IL20RA	4	6.4023e-01	3.7023e-01	0.523346	2
PCDHB13	4	6.4025e-01	3.7023e-01	0.523346	2
ARAP3	4	6.4027e-01	3.7023e-01	0.523346	2
TTC19	4	6.4036e-01	3.7023e-01	0.523346	2
MTNR1B	4	6.4038e-01	3.7023e-01	0.523346	2
FOXO6	4	6.4052e-01	3.7023e-01	0.523346	2
GALR2	4	6.4054e-01	3.7023e-01	0.523346	2
KANK2	4	6.4064e-01	3.7023e-01	0.523346	2
RNASE13	4	6.4068e-01	3.7023e-01	0.523346	1
NXPE1	4	6.4070e-01	3.7023e-01	0.523346	1
DDIT4L	4	6.4072e-01	3.7023e-01	0.523346	1
OR8U1	4	6.4073e-01	3.7023e-01	0.523346	2
HOXC4	4	6.4077e-01	3.7023e-01	0.523346	2
STARD4	4	6.4101e-01	3.7023e-01	0.523346	2
FBXO18	4	6.4108e-01	3.7023e-01	0.523346	1
TTC8	4	6.4109e-01	3.7023e-01	0.523346	2
MCHR2	4	6.4128e-01	3.7023e-01	0.523346	1
SPACA5B	4	6.4128e-01	3.7023e-01	0.523346	2
CACNB2	4	6.4132e-01	3.7023e-01	0.523346	1
ABHD11	4	6.4140e-01	3.7023e-01	0.523346	2
LAMA1	4	6.4146e-01	3.7023e-01	0.523346	2
SLC6A16	4	6.4147e-01	3.7023e-01	0.523346	2
SSR4	4	6.4148e-01	3.7023e-01	0.523346	2
PDLIM2	4	6.4152e-01	3.7023e-01	0.523346	1
GHR	4	6.4154e-01	3.7023e-01	0.523346	1
SLC9B1	4	6.4156e-01	3.7023e-01	0.523346	1
IL1R1	4	6.4157e-01	3.7023e-01	0.523346	2
ADORA2A	4	6.4160e-01	3.7023e-01	0.523346	2
TBXAS1	4	6.4173e-01	3.7023e-01	0.523346	2
PDE9A	4	6.4187e-01	3.7023e-01	0.523346	2
TCTN1	4	6.4189e-01	3.7023e-01	0.523346	2
HDX	4	6.4190e-01	3.7023e-01	0.523346	2
MAOA	4	6.4196e-01	3.7023e-01	0.523346	2
SFXN4	4	6.4196e-01	3.7023e-01	0.523346	2
LGALS3	4	6.4207e-01	3.7023e-01	0.523346	1
HIGD2A	4	6.4210e-01	3.7023e-01	0.523346	2
ANKRD35	4	6.4212e-01	3.7023e-01	0.523346	2
PRELP	4	6.4216e-01	3.7023e-01	0.523346	1
UBQLN1	4	6.4220e-01	3.7023e-01	0.523346	2
SLC35G4	4	6.4228e-01	3.7023e-01	0.523346	2
TMEM212	4	6.4230e-01	3.7023e-01	0.523346	2
MLLT3	4	6.4232e-01	3.7023e-01	0.523346	2
NXT2	4	6.4235e-01	3.7023e-01	0.523346	1
DNAJC18	4	6.4238e-01	3.7023e-01	0.523346	1
TRAT1	4	6.4253e-01	3.7023e-01	0.523346	2
E2F2	4	6.4259e-01	3.7023e-01	0.523346	2
C1QA	4	6.4276e-01	3.7023e-01	0.523346	1
SLC22A13	4	6.4296e-01	3.7023e-01	0.523346	2
ACAD11	4	6.4298e-01	3.7023e-01	0.523346	2
ZNF30	4	6.4301e-01	3.7023e-01	0.523346	1
ATP11AUN	4	6.4312e-01	3.7023e-01	0.523346	2
PSG7	4	6.4314e-01	3.7023e-01	0.523346	1
CPB2	4	6.4324e-01	3.7023e-01	0.523346	1
TMEM215	4	6.4331e-01	3.7023e-01	0.523346	2
ECE1	4	6.4355e-01	3.7023e-01	0.523346	1
ZDHHC15	4	6.4355e-01	3.7023e-01	0.523346	2
ACO1	4	6.4363e-01	3.7023e-01	0.523346	2
TANC2	4	6.4365e-01	3.7023e-01	0.523346	2
ARHGEF33	4	6.4367e-01	3.7023e-01	0.523346	2
EBF1	4	6.4370e-01	3.7023e-01	0.523346	1
ALPP	4	6.4376e-01	3.7023e-01	0.523346	1
COLEC10	4	6.4377e-01	3.7023e-01	0.523346	2
FAM160A1	4	6.4382e-01	3.7023e-01	0.523346	2
MUC13	4	6.4386e-01	3.7023e-01	0.523346	2
ZNF692	3	6.4386e-01	3.5998e-01	0.523346	1
MGAT5B	4	6.4388e-01	3.7023e-01	0.523346	2
EDAR	4	6.4389e-01	3.7023e-01	0.523346	1
C12orf56	4	6.4390e-01	3.7023e-01	0.523346	2
OR10C1	4	6.4394e-01	3.7023e-01	0.523346	2
NDUFV2	4	6.4408e-01	3.7023e-01	0.523346	2
AP1S1	4	6.4414e-01	3.7023e-01	0.523346	1
PCDHA5	4	6.4421e-01	3.7023e-01	0.523346	2
RGR	4	6.4424e-01	3.7023e-01	0.523346	1
SCO2	4	6.4429e-01	3.7187e-01	0.523346	2
CCDC6	4	6.4429e-01	3.7187e-01	0.523346	2
GAL3ST3	4	6.4441e-01	3.7350e-01	0.523346	2
CCDC146	4	6.4456e-01	3.7350e-01	0.523346	1
SLC2A14	4	6.4463e-01	3.7350e-01	0.523346	2
TMEM14A	4	6.4469e-01	3.7350e-01	0.523346	2
CCDC183	4	6.4475e-01	3.7350e-01	0.523346	2
DLGAP3	4	6.4480e-01	3.7350e-01	0.523346	2
SFMBT2	4	6.4484e-01	3.7350e-01	0.523346	2
GDF1	4	6.4485e-01	3.7350e-01	0.523346	1
APOBEC3H	4	6.4485e-01	3.7350e-01	0.523346	1
PDGFB	4	6.4493e-01	3.7350e-01	0.523346	1
AADACL4	4	6.4509e-01	3.7350e-01	0.523346	2
ARSI	4	6.4514e-01	3.7350e-01	0.523346	1
TRIP6	4	6.4516e-01	3.7350e-01	0.523346	2
MPP5	4	6.4518e-01	3.7350e-01	0.523346	2
CARTPT	4	6.4524e-01	3.7350e-01	0.523346	2
RAB9A	4	6.4539e-01	3.7350e-01	0.523346	2
AHDC1	4	6.4541e-01	3.7350e-01	0.523346	1
CBWD2	4	6.4545e-01	3.7350e-01	0.523346	1
HBQ1	4	6.4561e-01	3.7350e-01	0.523346	2
FAM228B	4	6.4571e-01	3.7350e-01	0.523346	2
RASSF2	4	6.4573e-01	3.7350e-01	0.523346	1
OR51A7	4	6.4573e-01	3.7350e-01	0.523346	2
KRT80	4	6.4588e-01	3.7350e-01	0.523346	2
AGPAT6	4	6.4600e-01	3.7350e-01	0.523346	2
AMMECR1L	4	6.4608e-01	3.7350e-01	0.523346	1
NRN1	4	6.4624e-01	3.7350e-01	0.523346	1
KCNMB4	4	6.4630e-01	3.7350e-01	0.523346	2
COL4A5	4	6.4636e-01	3.7350e-01	0.523346	2
TTN	4	6.4641e-01	3.7350e-01	0.523346	2
WEE2	4	6.4645e-01	3.7350e-01	0.523346	1
IL34	4	6.4657e-01	3.7350e-01	0.523346	2
WRNIP1	4	6.4663e-01	3.7350e-01	0.523346	2
KRT12	4	6.4667e-01	3.7350e-01	0.523346	2
GLMP	4	6.4670e-01	3.7350e-01	0.523346	2
FZD10	4	6.4670e-01	3.7350e-01	0.523346	2
LAT2	4	6.4682e-01	3.7350e-01	0.523346	1
STK32B	4	6.4687e-01	3.7350e-01	0.523346	2
AEN	4	6.4688e-01	3.7350e-01	0.523346	1
RTN4IP1	4	6.4700e-01	3.7350e-01	0.523346	2
WDFY4	4	6.4702e-01	3.7350e-01	0.523346	2
FSHB	4	6.4706e-01	3.7350e-01	0.523346	2
KCNS2	4	6.4710e-01	3.7350e-01	0.523346	2
CYP2B6	4	6.4720e-01	3.7350e-01	0.523346	2
SCX	4	6.4721e-01	3.7350e-01	0.523346	1
ERICH3	4	6.4724e-01	3.7350e-01	0.523346	2
LRRC1	4	6.4728e-01	3.7350e-01	0.523346	2
NPL	4	6.4734e-01	3.7350e-01	0.523346	2
HPGD	4	6.4742e-01	3.7350e-01	0.523346	2
OR4K5	4	6.4752e-01	3.7350e-01	0.523346	1
CLEC12A	4	6.4766e-01	3.7350e-01	0.523346	2
CLGN	4	6.4780e-01	3.7350e-01	0.523346	1
KIR3DL2	4	6.4781e-01	3.7350e-01	0.523346	2
HHIP	4	6.4799e-01	3.7350e-01	0.523346	2
CAMKV	4	6.4807e-01	3.7350e-01	0.523346	1
UPK2	4	6.4822e-01	3.7350e-01	0.523346	2
TSPAN33	4	6.4829e-01	3.7350e-01	0.523346	2
H2AFY2	4	6.4840e-01	3.7350e-01	0.523346	2
XPO4	4	6.4851e-01	3.7350e-01	0.523346	1
HEMK1	4	6.4863e-01	3.7350e-01	0.523346	1
SHMT1	3	6.4865e-01	3.5998e-01	0.523346	1
SERPINB11	4	6.4879e-01	3.7350e-01	0.523346	2
ADAM12	4	6.4886e-01	3.7350e-01	0.523346	1
ASB14	4	6.4897e-01	3.7350e-01	0.523346	1
PPP1R3F	4	6.4897e-01	3.7350e-01	0.523346	2
PLA2G2F	3	6.4898e-01	3.5998e-01	0.523346	1
MTPN	4	6.4903e-01	3.7350e-01	0.523346	1
TAS2R7	4	6.4903e-01	3.7350e-01	0.523346	2
EPB41	4	6.4908e-01	3.7350e-01	0.523346	2
PDLIM5	4	6.4910e-01	3.7350e-01	0.523346	1
TMCO3	4	6.4915e-01	3.7350e-01	0.523346	2
SERINC4	4	6.4917e-01	3.7350e-01	0.523346	1
GABRB1	4	6.4931e-01	3.7350e-01	0.523346	1
S1PR4	4	6.4945e-01	3.7350e-01	0.523346	2
JADE2	4	6.4950e-01	3.7350e-01	0.523346	2
FBXW8	4	6.4952e-01	3.7350e-01	0.523346	2
MFF	4	6.4958e-01	3.7350e-01	0.523346	2
GOLGA8A	4	6.4962e-01	3.7350e-01	0.523346	1
UBE2U	4	6.4969e-01	3.7350e-01	0.523346	1
TMEM125	4	6.4972e-01	3.7350e-01	0.523346	2
TMEM210	4	6.4977e-01	3.7350e-01	0.523346	1
PLK2	4	6.4983e-01	3.7350e-01	0.523346	2
CALY	4	6.4984e-01	3.7350e-01	0.523346	2
KPNA4	4	6.4994e-01	3.7350e-01	0.523346	2
GTSF1L	4	6.4999e-01	3.7350e-01	0.523346	2
FAM229B	4	6.5004e-01	3.7350e-01	0.523346	1
SHOX	4	6.5017e-01	3.7350e-01	0.523346	2
TSPAN7	4	6.5021e-01	3.7350e-01	0.523346	2
TMCO1	4	6.5027e-01	3.7350e-01	0.523346	2
PEBP4	4	6.5033e-01	3.7350e-01	0.523346	2
SYN1	4	6.5072e-01	3.7350e-01	0.523346	2
SIGLECL1	4	6.5074e-01	3.7350e-01	0.523346	2
TEPP	4	6.5078e-01	3.7350e-01	0.523346	2
ATP6V0E2	4	6.5080e-01	3.7350e-01	0.523346	2
ST3GAL5	4	6.5084e-01	3.7350e-01	0.523346	2
CASS4	4	6.5084e-01	3.7350e-01	0.523346	1
LILRB5	4	6.5100e-01	3.7350e-01	0.523346	2
C3orf62	4	6.5110e-01	3.7515e-01	0.523346	2
PFKL	4	6.5112e-01	3.7515e-01	0.523346	2
ENOX2	4	6.5117e-01	3.7515e-01	0.523346	1
GPR6	4	6.5118e-01	3.7515e-01	0.523346	2
HNF4A	4	6.5128e-01	3.7515e-01	0.523346	2
PORCN	4	6.5131e-01	3.7515e-01	0.523346	2
GLI2	4	6.5135e-01	3.7515e-01	0.523346	2
TRIM27	4	6.5143e-01	3.7515e-01	0.523346	2
WNT11	4	6.5145e-01	3.7515e-01	0.523346	2
KDM3A	4	6.5149e-01	3.7515e-01	0.523346	2
RBM7	4	6.5159e-01	3.7515e-01	0.523346	2
MBD6	4	6.5164e-01	3.7515e-01	0.523346	2
SULT1A2	4	6.5166e-01	3.7515e-01	0.523346	1
KLHL38	4	6.5169e-01	3.7515e-01	0.523346	2
MYPOP	4	6.5183e-01	3.7515e-01	0.523346	1
WHSC1L1	4	6.5190e-01	3.7515e-01	0.523346	2
MATN4	4	6.5193e-01	3.7515e-01	0.523346	2
MAP3K4	4	6.5211e-01	3.7515e-01	0.523346	1
CNTFR	4	6.5220e-01	3.7515e-01	0.523346	1
RHBDF2	4	6.5228e-01	3.7515e-01	0.523346	2
KRT8	4	6.5236e-01	3.7515e-01	0.523346	2
MALRD1	4	6.5239e-01	3.7515e-01	0.523346	2
C1orf195	4	6.5244e-01	3.7515e-01	0.523346	2
GGA3	4	6.5246e-01	3.7515e-01	0.523346	2
CDH24	4	6.5264e-01	3.7515e-01	0.523346	2
ZP3	4	6.5267e-01	3.7515e-01	0.523346	1
NDUFA4	4	6.5276e-01	3.7515e-01	0.523346	2
ACO2	3	6.5281e-01	3.6664e-01	0.523346	1
ACRV1	4	6.5286e-01	3.7515e-01	0.523346	1
KRT27	4	6.5288e-01	3.7515e-01	0.523346	2
VPS4B	4	6.5290e-01	3.7515e-01	0.523346	1
PQLC2	4	6.5291e-01	3.7515e-01	0.523346	2
NDUFB9	4	6.5291e-01	3.7515e-01	0.523346	2
SLPI	4	6.5302e-01	3.7515e-01	0.523346	1
LRRC8D	4	6.5311e-01	3.7515e-01	0.523346	2
DEFB105A	4	6.5331e-01	3.7515e-01	0.523346	2
PHLDB3	4	6.5333e-01	3.7515e-01	0.523346	2
ALOX12	4	6.5335e-01	3.7515e-01	0.523346	1
BZRAP1	4	6.5344e-01	3.7515e-01	0.523346	1
ZNF182	4	6.5351e-01	3.7515e-01	0.523346	1
ZNF205	4	6.5363e-01	3.7515e-01	0.523346	1
PRRT2	4	6.5364e-01	3.7515e-01	0.523346	2
DUSP4	4	6.5369e-01	3.7515e-01	0.523346	2
TRMT2A	4	6.5372e-01	3.7515e-01	0.523346	1
SPATS1	4	6.5375e-01	3.7515e-01	0.523346	1
ZNF181	4	6.5378e-01	3.7515e-01	0.523346	1
SCN8A	4	6.5378e-01	3.7515e-01	0.523346	1
RHBDL2	4	6.5389e-01	3.7515e-01	0.523346	2
IRX2	4	6.5393e-01	3.7515e-01	0.523346	2
PRIMPOL	4	6.5397e-01	3.7515e-01	0.523346	2
IZUMO4	4	6.5400e-01	3.7515e-01	0.523346	1
HEBP2	4	6.5404e-01	3.7515e-01	0.523346	2
SLC45A4	4	6.5404e-01	3.7515e-01	0.523346	1
KIAA1109	4	6.5410e-01	3.7515e-01	0.523346	2
RDH12	4	6.5414e-01	3.7515e-01	0.523346	2
SSR1	4	6.5428e-01	3.7515e-01	0.523346	2
CMTM3	4	6.5428e-01	3.7515e-01	0.523346	1
FAM188B	4	6.5435e-01	3.7515e-01	0.523346	1
OCM2	4	6.5442e-01	3.7515e-01	0.523346	1
INO80E	4	6.5447e-01	3.7515e-01	0.523346	2
LOC101927844	4	6.5454e-01	3.7515e-01	0.523346	1
CD8B	4	6.5454e-01	3.7515e-01	0.523346	2
TSPAN1	4	6.5456e-01	3.7515e-01	0.523346	2
ZNF594	4	6.5458e-01	3.7515e-01	0.523346	2
SLC15A4	4	6.5460e-01	3.7515e-01	0.523346	2
HEY2	4	6.5465e-01	3.7515e-01	0.523346	1
PRMT3	4	6.5470e-01	3.7515e-01	0.523346	1
SSTR2	4	6.5475e-01	3.7515e-01	0.523346	1
SHPRH	4	6.5482e-01	3.7515e-01	0.523346	2
ZNF384	4	6.5489e-01	3.7515e-01	0.523346	1
FADS3	4	6.5491e-01	3.7515e-01	0.523346	1
SNTB2	4	6.5492e-01	3.7515e-01	0.523346	2
FGD5	4	6.5498e-01	3.7515e-01	0.523346	2
CSNK1A1	4	6.5500e-01	3.7515e-01	0.523346	2
HSD17B1	4	6.5507e-01	3.7515e-01	0.523346	1
SORBS2	4	6.5510e-01	3.7515e-01	0.523346	1
C6orf229	4	6.5517e-01	3.7515e-01	0.523346	1
HMG20A	4	6.5547e-01	3.7683e-01	0.523346	2
JOSD2	4	6.5547e-01	3.7683e-01	0.523346	1
ASTN2	4	6.5567e-01	3.7683e-01	0.523346	2
C2	4	6.5568e-01	3.7683e-01	0.523346	1
IL27RA	4	6.5569e-01	3.7683e-01	0.523346	2
INSM2	4	6.5573e-01	3.7683e-01	0.523346	1
RRAGA	4	6.5577e-01	3.7683e-01	0.523346	1
LGMN	4	6.5579e-01	3.7683e-01	0.523346	2
TFAP2C	4	6.5591e-01	3.7683e-01	0.523346	1
OR4A15	4	6.5613e-01	3.7683e-01	0.523346	2
MORC4	4	6.5614e-01	3.7683e-01	0.523346	1
ZNF141	4	6.5626e-01	3.7683e-01	0.523346	2
SEBOX	4	6.5628e-01	3.7683e-01	0.523346	1
SIGLEC6	4	6.5631e-01	3.7683e-01	0.523346	2
FAM153B	4	6.5634e-01	3.7683e-01	0.523346	2
ACSM6	4	6.5648e-01	3.7683e-01	0.523346	2
ABCA3	4	6.5650e-01	3.7683e-01	0.523346	2
ZDHHC6	4	6.5652e-01	3.7683e-01	0.523346	2
SMAD6	4	6.5656e-01	3.7683e-01	0.523346	1
CAPN5	4	6.5662e-01	3.7683e-01	0.523346	2
PARP1	4	6.5665e-01	3.7683e-01	0.523346	1
PSG1	4	6.5668e-01	3.7683e-01	0.523346	2
SLC26A10	4	6.5670e-01	3.7683e-01	0.523346	1
NANP	4	6.5680e-01	3.7683e-01	0.523346	2
MAGEB6	4	6.5682e-01	3.7683e-01	0.523346	1
HOXD13	4	6.5690e-01	3.7683e-01	0.523346	2
C4BPA	4	6.5696e-01	3.7683e-01	0.523346	1
FGF6	4	6.5696e-01	3.7683e-01	0.523346	2
RETNLB	4	6.5700e-01	3.7683e-01	0.523346	1
SHC4	4	6.5703e-01	3.7683e-01	0.523346	2
TCF24	4	6.5708e-01	3.7683e-01	0.523346	2
HRASLS2	4	6.5710e-01	3.7683e-01	0.523346	2
LOC643355	4	6.5716e-01	3.7683e-01	0.523346	1
STK10	4	6.5719e-01	3.7683e-01	0.523346	2
KCNJ5	4	6.5721e-01	3.7683e-01	0.523346	1
SH2D6	4	6.5723e-01	3.7683e-01	0.523346	1
CPNE9	4	6.5728e-01	3.7683e-01	0.523346	2
THEM5	4	6.5733e-01	3.7683e-01	0.523346	1
GJC2	4	6.5736e-01	3.7683e-01	0.523346	2
NDUFS6	4	6.5740e-01	3.7683e-01	0.523346	2
CAB39L	4	6.5748e-01	3.7683e-01	0.523346	2
JMJD4	4	6.5752e-01	3.7683e-01	0.523346	2
UBN2	4	6.5756e-01	3.7683e-01	0.523346	2
SPARC	4	6.5760e-01	3.7683e-01	0.523346	1
MROH9	4	6.5775e-01	3.7683e-01	0.523346	2
SNX5	4	6.5785e-01	3.7683e-01	0.523346	2
SNX21	4	6.5791e-01	3.7683e-01	0.523346	1
GATA1	4	6.5791e-01	3.7683e-01	0.523346	2
PABPC5	4	6.5795e-01	3.7683e-01	0.523346	1
IGFLR1	4	6.5797e-01	3.7683e-01	0.523346	2
TCAF1	4	6.5799e-01	3.7683e-01	0.523346	2
TSPAN10	4	6.5802e-01	3.7683e-01	0.523346	1
ZNF35	4	6.5803e-01	3.7683e-01	0.523346	2
HERC1	4	6.5809e-01	3.7683e-01	0.523346	1
SLIRP	4	6.5811e-01	3.7683e-01	0.523346	2
ZNF614	4	6.5829e-01	3.7683e-01	0.523346	2
MAP2K2	4	6.5833e-01	3.7683e-01	0.523346	2
RANBP17	4	6.5835e-01	3.7683e-01	0.523346	2
LDOC1L	4	6.5848e-01	3.7683e-01	0.523346	1
NEURL2	4	6.5853e-01	3.7683e-01	0.523346	2
IL19	4	6.5858e-01	3.7683e-01	0.523346	1
OR2W3	4	6.5861e-01	3.7683e-01	0.523346	2
EDA	4	6.5867e-01	3.7683e-01	0.523346	2
DPP4	4	6.5873e-01	3.7683e-01	0.523346	2
FMN1	4	6.5875e-01	3.7683e-01	0.523346	2
DBP	4	6.5878e-01	3.7683e-01	0.523346	2
FADS2	4	6.5881e-01	3.7683e-01	0.523346	2
ZNF680	4	6.5885e-01	3.7683e-01	0.523346	1
PLEKHA8	4	6.5889e-01	3.7683e-01	0.523346	2
TMTC1	4	6.5890e-01	3.7683e-01	0.523346	1
SBF1	4	6.5891e-01	3.7683e-01	0.523346	2
KRTAP3-3	4	6.5899e-01	3.7683e-01	0.523346	2
DHRS13	4	6.5903e-01	3.7683e-01	0.523346	2
RNF216	4	6.5906e-01	3.7683e-01	0.523346	1
SERTAD4	4	6.5907e-01	3.7683e-01	0.523346	2
ZFP42	4	6.5911e-01	3.7683e-01	0.523346	1
DUSP2	4	6.5913e-01	3.7683e-01	0.523346	2
LY6G6C	4	6.5920e-01	3.7683e-01	0.523346	1
FANK1	4	6.5933e-01	3.7683e-01	0.523346	2
CSPP1	4	6.5941e-01	3.7683e-01	0.523346	2
NAA60	4	6.5947e-01	3.7683e-01	0.523346	2
GLRX3	4	6.5948e-01	3.7683e-01	0.523346	1
OBP2B	4	6.5950e-01	3.7683e-01	0.523346	1
DYSF	4	6.5953e-01	3.7683e-01	0.523346	2
TRIM21	4	6.5958e-01	3.7683e-01	0.523346	2
LRRC16A	4	6.5961e-01	3.7683e-01	0.523346	2
HSPA12B	4	6.5966e-01	3.7683e-01	0.523346	2
CAMTA2	4	6.5974e-01	3.7683e-01	0.523346	2
PTPDC1	4	6.5976e-01	3.7683e-01	0.523346	2
OR10G8	4	6.5978e-01	3.7683e-01	0.523346	2
IFIT1B	4	6.5982e-01	3.7683e-01	0.523346	2
FAM110B	4	6.5984e-01	3.7683e-01	0.523346	2
RUNX3	4	6.5988e-01	3.7683e-01	0.523346	2
NTF3	4	6.5988e-01	3.7683e-01	0.523346	2
OR2H1	4	6.5998e-01	3.7683e-01	0.523346	2
VAV1	4	6.5998e-01	3.7683e-01	0.523346	1
CAP1	4	6.6004e-01	3.7683e-01	0.523346	2
HOXC5	4	6.6008e-01	3.7683e-01	0.523346	1
LOXL1	4	6.6027e-01	3.7683e-01	0.523346	1
RAB13	4	6.6027e-01	3.7683e-01	0.523346	1
SYNC	4	6.6032e-01	3.7846e-01	0.524281	2
KCNC1	4	6.6034e-01	3.7846e-01	0.524281	2
CHST2	4	6.6034e-01	3.7846e-01	0.524281	1
DEFB114	4	6.6046e-01	3.7846e-01	0.524281	2
C2orf70	4	6.6048e-01	3.7846e-01	0.524281	2
SPATA6	4	6.6056e-01	3.7846e-01	0.524281	2
RNF130	4	6.6064e-01	3.7846e-01	0.524281	2
TGM7	4	6.6065e-01	3.7846e-01	0.524281	1
CKMT2	4	6.6080e-01	3.7846e-01	0.524281	2
ZNF223	4	6.6086e-01	3.7846e-01	0.524281	2
DAZ4	4	6.6093e-01	3.7846e-01	0.524281	1
OR8G5	4	6.6104e-01	3.7846e-01	0.524281	2
TCAP	4	6.6104e-01	3.7846e-01	0.524281	1
HK3	4	6.6108e-01	3.7846e-01	0.524281	2
APLF	4	6.6109e-01	3.7846e-01	0.524281	1
CTNND2	4	6.6114e-01	3.7846e-01	0.524281	2
AMPH	4	6.6116e-01	3.7846e-01	0.524281	2
TK2	4	6.6127e-01	3.7846e-01	0.524281	1
BACH2	4	6.6128e-01	3.7846e-01	0.524281	2
SCGB1C1	4	6.6136e-01	3.7846e-01	0.524281	1
OR4S2	4	6.6143e-01	3.7846e-01	0.524281	1
TTC9B	4	6.6156e-01	3.7846e-01	0.524281	2
KLLN	4	6.6160e-01	3.7846e-01	0.524281	2
C11orf88	4	6.6165e-01	3.7846e-01	0.524281	1
HIST1H2AD	4	6.6174e-01	3.7846e-01	0.524281	2
PLCB4	4	6.6183e-01	3.7846e-01	0.524281	1
CNP	4	6.6191e-01	3.7846e-01	0.524281	1
CHRNA4	4	6.6192e-01	3.7846e-01	0.524281	2
SEPTIN5	4	6.6198e-01	3.7846e-01	0.524281	2
SLA	4	6.6207e-01	3.7846e-01	0.524281	2
SERPINF2	4	6.6207e-01	3.7846e-01	0.524281	2
AACS	4	6.6210e-01	3.7846e-01	0.524281	1
NAT8	4	6.6210e-01	3.7846e-01	0.524281	2
ARR3	4	6.6221e-01	3.7846e-01	0.524281	1
MTL5	4	6.6222e-01	3.7846e-01	0.524281	2
GAGE10	4	6.6228e-01	3.8013e-01	0.524849	2
PDE2A	4	6.6243e-01	3.8013e-01	0.524849	2
ZNF641	4	6.6243e-01	3.8013e-01	0.524849	2
PLCB1	4	6.6248e-01	3.8013e-01	0.524849	2
DPY19L4	4	6.6250e-01	3.8013e-01	0.524849	1
PLAG1	4	6.6262e-01	3.8013e-01	0.524849	2
ZNF280A	4	6.6268e-01	3.8013e-01	0.524849	2
BLOC1S1	4	6.6276e-01	3.8013e-01	0.524849	2
OR11A1	4	6.6280e-01	3.8013e-01	0.524849	2
KCNJ2	4	6.6292e-01	3.8013e-01	0.524849	2
ABCG1	4	6.6296e-01	3.8013e-01	0.524849	2
CHST13	4	6.6302e-01	3.8013e-01	0.524849	1
BRIP1	4	6.6302e-01	3.8013e-01	0.524849	1
ZYX	4	6.6306e-01	3.8013e-01	0.524849	2
ZNF367	4	6.6326e-01	3.8013e-01	0.524849	1
ALDH1A1	4	6.6333e-01	3.8013e-01	0.524849	1
HOXD8	4	6.6336e-01	3.8013e-01	0.524849	2
IFI27L2	4	6.6336e-01	3.8013e-01	0.524849	2
PRPS1L1	4	6.6345e-01	3.8013e-01	0.524849	1
CRTAM	4	6.6352e-01	3.8013e-01	0.524849	2
RIC8B	4	6.6360e-01	3.8013e-01	0.524849	2
ZNF582	4	6.6372e-01	3.8013e-01	0.524849	1
HOMER2	4	6.6373e-01	3.8013e-01	0.524849	2
KRTAP4-3	4	6.6374e-01	3.8013e-01	0.524849	1
SLC35E1	4	6.6384e-01	3.8013e-01	0.524849	1
TAGLN	4	6.6386e-01	3.8013e-01	0.524849	2
PRODH2	4	6.6387e-01	3.8013e-01	0.524849	1
EBAG9	4	6.6388e-01	3.8013e-01	0.524849	2
MAPK1	4	6.6393e-01	3.8013e-01	0.524849	2
BARX1	4	6.6395e-01	3.8013e-01	0.524849	1
ZNF395	4	6.6396e-01	3.8013e-01	0.524849	2
SLC16A5	4	6.6401e-01	3.8013e-01	0.524849	1
CX3CL1	4	6.6413e-01	3.8013e-01	0.524849	2
UBE2S	4	6.6414e-01	3.8013e-01	0.524849	2
PI4K2A	4	6.6416e-01	3.8013e-01	0.524849	2
RAD51AP2	4	6.6425e-01	3.8013e-01	0.524849	2
JPH3	4	6.6440e-01	3.8013e-01	0.524849	2
FGFR4	4	6.6441e-01	3.8013e-01	0.524849	1
GPHN	4	6.6443e-01	3.8013e-01	0.524849	1
FKBP9	4	6.6444e-01	3.8013e-01	0.524849	2
NUTM2A	4	6.6448e-01	3.8013e-01	0.524849	2
F10	4	6.6450e-01	3.8013e-01	0.524849	2
H2BFM	4	6.6452e-01	3.8013e-01	0.524849	1
C17orf74	4	6.6456e-01	3.8013e-01	0.524849	2
DNMT3L	4	6.6457e-01	3.8013e-01	0.524849	1
B3GALT5	4	6.6458e-01	3.8013e-01	0.524849	2
CIB2	4	6.6466e-01	3.8177e-01	0.526961	2
ZDHHC11	4	6.6475e-01	3.8177e-01	0.526961	1
GNAT2	4	6.6476e-01	3.8177e-01	0.526961	2
GNAT1	4	6.6480e-01	3.8177e-01	0.526961	2
ZC3H12B	4	6.6494e-01	3.8338e-01	0.528601	2
MYL12A	4	6.6496e-01	3.8338e-01	0.528601	2
IRG1	4	6.6500e-01	3.8338e-01	0.528601	1
PHIP	4	6.6502e-01	3.8338e-01	0.528601	2
ZNF576	4	6.6508e-01	3.8338e-01	0.528601	2
PNLIPRP2	4	6.6520e-01	3.8338e-01	0.528601	1
FANCD2	4	6.6529e-01	3.8338e-01	0.528601	1
HMGN5	4	6.6530e-01	3.8338e-01	0.528601	2
SALL4	4	6.6534e-01	3.8338e-01	0.528601	2
TFEB	4	6.6536e-01	3.8338e-01	0.528601	2
PAX3	4	6.6536e-01	3.8338e-01	0.528601	1
MS4A7	4	6.6541e-01	3.8338e-01	0.528601	1
C8orf76	4	6.6547e-01	3.8338e-01	0.528601	1
PRMT8	4	6.6547e-01	3.8338e-01	0.528601	2
LPGAT1	4	6.6552e-01	3.8338e-01	0.528601	1
BTBD16	4	6.6558e-01	3.8502e-01	0.529034	1
FSHR	4	6.6558e-01	3.8502e-01	0.529034	1
FAIM3	4	6.6564e-01	3.8502e-01	0.529034	2
NMUR1	4	6.6568e-01	3.8502e-01	0.529034	2
OR4N5	4	6.6584e-01	3.8502e-01	0.529034	2
GALNT14	4	6.6586e-01	3.8502e-01	0.529034	2
LGALS16	4	6.6592e-01	3.8502e-01	0.529034	2
RNF215	4	6.6600e-01	3.8502e-01	0.529034	2
EMID1	4	6.6610e-01	3.8502e-01	0.529034	2
WDR91	4	6.6610e-01	3.8502e-01	0.529034	1
GPX5	4	6.6616e-01	3.8502e-01	0.529034	1
TEX19	4	6.6618e-01	3.8502e-01	0.529034	1
SLC15A5	4	6.6623e-01	3.8502e-01	0.529034	1
HIBCH	4	6.6634e-01	3.8502e-01	0.529034	2
FEM1A	4	6.6639e-01	3.8502e-01	0.529034	2
TMEM53	4	6.6647e-01	3.8502e-01	0.529034	2
BMP8A	4	6.6649e-01	3.8502e-01	0.529034	2
SLC25A18	4	6.6650e-01	3.8502e-01	0.529034	1
TAS2R43	4	6.6651e-01	3.8502e-01	0.529034	2
PDLIM1	4	6.6657e-01	3.8502e-01	0.529034	1
FBXL20	4	6.6666e-01	3.8668e-01	0.529034	1
MSX1	4	6.6677e-01	3.8668e-01	0.529034	1
ITGA6	4	6.6682e-01	3.8668e-01	0.529034	2
DEFB121	4	6.6691e-01	3.8668e-01	0.529034	1
KDELR1	4	6.6695e-01	3.8668e-01	0.529034	2
CA1	4	6.6697e-01	3.8668e-01	0.529034	2
SIGLEC1	4	6.6719e-01	3.8668e-01	0.529034	2
APIP	4	6.6721e-01	3.8668e-01	0.529034	2
ZCCHC4	4	6.6729e-01	3.8668e-01	0.529034	1
RSAD2	4	6.6731e-01	3.8668e-01	0.529034	2
GZMA	4	6.6737e-01	3.8668e-01	0.529034	2
SGCG	4	6.6743e-01	3.8668e-01	0.529034	1
TMCO6	4	6.6755e-01	3.8668e-01	0.529034	2
CDKN2C	4	6.6759e-01	3.8668e-01	0.529034	2
BAIAP2L2	4	6.6761e-01	3.8668e-01	0.529034	1
MTCL1	4	6.6763e-01	3.8668e-01	0.529034	1
MFSD1	4	6.6766e-01	3.8668e-01	0.529034	1
KIF19	4	6.6772e-01	3.8668e-01	0.529034	1
CLIC3	4	6.6781e-01	3.8668e-01	0.529034	2
GTDC1	4	6.6783e-01	3.8668e-01	0.529034	2
TMPRSS6	4	6.6785e-01	3.8668e-01	0.529034	1
KLK3	4	6.6793e-01	3.8668e-01	0.529034	2
DEFB134	4	6.6799e-01	3.8668e-01	0.529034	2
C2orf82	4	6.6800e-01	3.8668e-01	0.529034	1
OR51E1	4	6.6813e-01	3.8668e-01	0.529034	1
KIAA1324L	4	6.6815e-01	3.8668e-01	0.529034	1
KLHDC7B	4	6.6817e-01	3.8668e-01	0.529034	2
SLCO1A2	4	6.6828e-01	3.8668e-01	0.529034	2
CCDC153	4	6.6847e-01	3.8668e-01	0.529034	1
RFNG	4	6.6856e-01	3.8668e-01	0.529034	2
PPAP2A	4	6.6863e-01	3.8668e-01	0.529034	1
PNRC1	4	6.6867e-01	3.8668e-01	0.529034	2
UGT1A9	4	6.6870e-01	3.8668e-01	0.529034	2
C12orf66	4	6.6884e-01	3.8668e-01	0.529034	2
TIRAP	4	6.6885e-01	3.8668e-01	0.529034	1
IP6K1	4	6.6886e-01	3.8668e-01	0.529034	2
CPLX4	4	6.6890e-01	3.8668e-01	0.529034	1
ITGBL1	4	6.6892e-01	3.8668e-01	0.529034	1
TACO1	4	6.6897e-01	3.8668e-01	0.529034	1
ZNF474	4	6.6910e-01	3.8668e-01	0.529034	1
GPX3	4	6.6912e-01	3.8668e-01	0.529034	1
NR4A1	4	6.6914e-01	3.8668e-01	0.529034	2
XKRX	4	6.6919e-01	3.8668e-01	0.529034	1
NBPF7	4	6.6922e-01	3.8668e-01	0.529034	1
SNX31	4	6.6922e-01	3.8668e-01	0.529034	2
FBXO4	4	6.6928e-01	3.8668e-01	0.529034	1
RNF166	4	6.6930e-01	3.8668e-01	0.529034	2
CDK5R1	4	6.6932e-01	3.8668e-01	0.529034	2
PROCR	4	6.6933e-01	3.8668e-01	0.529034	1
CCDC103	4	6.6938e-01	3.8668e-01	0.529034	2
AVL9	3	6.6940e-01	3.8653e-01	0.529034	1
KLK14	4	6.6946e-01	3.8668e-01	0.529034	2
IL17A	4	6.6949e-01	3.8668e-01	0.529034	1
XPR1	4	6.6962e-01	3.8668e-01	0.529034	2
ZBED9	4	6.6969e-01	3.8668e-01	0.529034	1
TRIM40	4	6.6972e-01	3.8668e-01	0.529034	2
TMEM134	4	6.6978e-01	3.8668e-01	0.529034	1
FGL2	4	6.6985e-01	3.8668e-01	0.529034	2
SNX12	4	6.6987e-01	3.8668e-01	0.529034	1
ITSN2	4	6.6993e-01	3.8668e-01	0.529034	2
UNCX	4	6.6996e-01	3.8668e-01	0.529034	1
CACNA2D3	4	6.6998e-01	3.8668e-01	0.529034	1
USP17L10	4	6.7011e-01	3.8668e-01	0.529034	1
TIGAR	4	6.7011e-01	3.8668e-01	0.529034	1
NR2F6	4	6.7018e-01	3.8668e-01	0.529034	2
ZNF227	4	6.7026e-01	3.8668e-01	0.529034	2
TRAK1	4	6.7031e-01	3.8668e-01	0.529034	2
SIDT1	4	6.7053e-01	3.8668e-01	0.529034	2
TMEM88B	4	6.7067e-01	3.8668e-01	0.529034	2
HS3ST2	4	6.7075e-01	3.8668e-01	0.529034	2
ST3GAL4	4	6.7084e-01	3.8668e-01	0.529034	2
ANXA11	4	6.7087e-01	3.8668e-01	0.529034	1
FAM60A	4	6.7097e-01	3.8668e-01	0.529034	1
KRBOX4	4	6.7107e-01	3.8668e-01	0.529034	2
NEDD4	4	6.7112e-01	3.8668e-01	0.529034	2
EPPK1	4	6.7115e-01	3.8668e-01	0.529034	2
MMP8	4	6.7126e-01	3.8668e-01	0.529034	1
AK7	4	6.7131e-01	3.8668e-01	0.529034	1
HLA-DRB5	4	6.7132e-01	3.8668e-01	0.529034	2
ABHD2	4	6.7138e-01	3.8668e-01	0.529034	1
PEAK1	4	6.7138e-01	3.8668e-01	0.529034	2
SUGP2	4	6.7140e-01	3.8668e-01	0.529034	2
C5orf45	4	6.7142e-01	3.8668e-01	0.529034	2
ELOVL2	4	6.7144e-01	3.8668e-01	0.529034	2
EFHC1	4	6.7162e-01	3.8668e-01	0.529034	1
DSC1	4	6.7166e-01	3.8668e-01	0.529034	2
ZNF408	4	6.7176e-01	3.8668e-01	0.529034	2
CFAP126	4	6.7176e-01	3.8668e-01	0.529034	1
CREG2	4	6.7181e-01	3.8831e-01	0.531191	2
ALKBH4	4	6.7185e-01	3.8831e-01	0.531191	1
ZBTB49	4	6.7207e-01	3.8991e-01	0.531245	2
C5	4	6.7209e-01	3.8991e-01	0.531245	2
CDH17	4	6.7212e-01	3.8991e-01	0.531245	1
ZNF687	4	6.7219e-01	3.8991e-01	0.531245	2
CD180	4	6.7221e-01	3.8991e-01	0.531245	1
PHF20L1	4	6.7225e-01	3.8991e-01	0.531245	2
ZNF324B	4	6.7227e-01	3.8991e-01	0.531245	2
AKAP12	4	6.7230e-01	3.8991e-01	0.531245	1
CRISPLD2	4	6.7250e-01	3.8991e-01	0.531245	1
CLIP3	4	6.7254e-01	3.8991e-01	0.531245	1
MEF2C	4	6.7259e-01	3.8991e-01	0.531245	2
SEMA6A	4	6.7278e-01	3.8991e-01	0.531245	2
IL31	4	6.7283e-01	3.8991e-01	0.531245	1
ARSD	4	6.7288e-01	3.8991e-01	0.531245	1
ARMCX2	4	6.7292e-01	3.8991e-01	0.531245	1
RDH11	4	6.7292e-01	3.8991e-01	0.531245	2
RANGRF	4	6.7302e-01	3.8991e-01	0.531245	2
PTPN6	4	6.7306e-01	3.8991e-01	0.531245	2
PRSS38	4	6.7323e-01	3.8991e-01	0.531245	2
SLC25A17	4	6.7326e-01	3.8991e-01	0.531245	2
TBATA	4	6.7348e-01	3.8991e-01	0.531245	2
MAT2B	4	6.7350e-01	3.8991e-01	0.531245	2
SLC22A9	4	6.7351e-01	3.8991e-01	0.531245	2
AMELX	4	6.7355e-01	3.8991e-01	0.531245	1
FAM110A	4	6.7357e-01	3.8991e-01	0.531245	1
KRT24	4	6.7359e-01	3.8991e-01	0.531245	1
FAM132A	4	6.7359e-01	3.8991e-01	0.531245	2
CCDC33	4	6.7361e-01	3.8991e-01	0.531245	1
ZNF273	4	6.7367e-01	3.8991e-01	0.531245	2
PAQR5	4	6.7373e-01	3.8991e-01	0.531245	2
TMC4	4	6.7376e-01	3.8991e-01	0.531245	2
PCYT1B	4	6.7384e-01	3.8991e-01	0.531245	1
DEFB4A	4	6.7387e-01	3.8991e-01	0.531245	2
JAM3	4	6.7395e-01	3.8991e-01	0.531245	1
WNT3	4	6.7397e-01	3.8991e-01	0.531245	2
C1QTNF9B	4	6.7409e-01	3.8991e-01	0.531245	2
LOC101929372	4	6.7417e-01	3.8991e-01	0.531245	2
FAM153A	4	6.7423e-01	3.8991e-01	0.531245	2
ALMS1	4	6.7424e-01	3.8991e-01	0.531245	1
EPB42	4	6.7430e-01	3.8991e-01	0.531245	2
AGBL3	4	6.7431e-01	3.8991e-01	0.531245	1
CTNNAL1	4	6.7435e-01	3.8991e-01	0.531245	1
OR4C15	4	6.7438e-01	3.8991e-01	0.531245	2
IL1RAP	4	6.7440e-01	3.8991e-01	0.531245	2
OR13H1	4	6.7442e-01	3.8991e-01	0.531245	1
FAM71D	4	6.7448e-01	3.8991e-01	0.531245	2
ZNF24	4	6.7454e-01	3.8991e-01	0.531245	2
NXF3	4	6.7462e-01	3.8991e-01	0.531245	1
PELI3	4	6.7464e-01	3.8991e-01	0.531245	2
HUNK	4	6.7472e-01	3.8991e-01	0.531245	2
GMIP	4	6.7473e-01	3.8991e-01	0.531245	1
OR5AS1	4	6.7480e-01	3.8991e-01	0.531245	1
MC2R	4	6.7482e-01	3.8991e-01	0.531245	1
NKX2-6	4	6.7484e-01	3.8991e-01	0.531245	1
BIRC3	4	6.7490e-01	3.8991e-01	0.531245	2
SETBP1	4	6.7491e-01	3.8991e-01	0.531245	1
NAPG	4	6.7499e-01	3.9113e-01	0.532564	2
ANXA8L1	4	6.7503e-01	3.9113e-01	0.532564	2
PLAGL2	4	6.7505e-01	3.9113e-01	0.532564	2
PDZD4	4	6.7508e-01	3.9113e-01	0.532564	1
SLC35F4	4	6.7511e-01	3.9113e-01	0.532564	2
GTSE1	4	6.7517e-01	3.9113e-01	0.532564	2
ERP29	4	6.7519e-01	3.9113e-01	0.532564	1
FBXL14	4	6.7519e-01	3.9113e-01	0.532564	2
OR5A2	4	6.7523e-01	3.9113e-01	0.532564	1
IFIT1	4	6.7540e-01	3.9273e-01	0.534220	1
PNLIP	4	6.7555e-01	3.9273e-01	0.534220	1
DIRAS1	4	6.7559e-01	3.9273e-01	0.534220	2
TMEM5	4	6.7560e-01	3.9273e-01	0.534220	1
CDH10	4	6.7565e-01	3.9273e-01	0.534220	1
ERP27	4	6.7568e-01	3.9273e-01	0.534220	2
RHOT2	4	6.7570e-01	3.9273e-01	0.534220	2
PUS1	4	6.7573e-01	3.9273e-01	0.534220	1
OR2Z1	4	6.7582e-01	3.9273e-01	0.534220	1
TP53INP1	4	6.7584e-01	3.9273e-01	0.534220	1
CA14	4	6.7590e-01	3.9273e-01	0.534220	1
IFNA8	4	6.7594e-01	3.9273e-01	0.534220	2
CYP4A22	4	6.7597e-01	3.9273e-01	0.534220	2
BCAS1	4	6.7616e-01	3.9273e-01	0.534220	2
CXCL10	4	6.7624e-01	3.9396e-01	0.534897	2
VCPIP1	4	6.7626e-01	3.9396e-01	0.534897	2
FAM168A	4	6.7650e-01	3.9396e-01	0.534897	2
SLC25A21	4	6.7655e-01	3.9396e-01	0.534897	1
TMEM45A	4	6.7665e-01	3.9396e-01	0.534897	2
ZNF460	4	6.7673e-01	3.9396e-01	0.534897	1
PCDHGB1	4	6.7675e-01	3.9396e-01	0.534897	1
PRSS57	4	6.7681e-01	3.9396e-01	0.534897	2
BHLHE23	4	6.7688e-01	3.9396e-01	0.534897	2
CTSE	4	6.7690e-01	3.9396e-01	0.534897	2
TMEM255B	4	6.7691e-01	3.9396e-01	0.534897	1
CD68	4	6.7697e-01	3.9396e-01	0.534897	2
C1QTNF4	4	6.7700e-01	3.9396e-01	0.534897	1
C11orf63	4	6.7700e-01	3.9396e-01	0.534897	2
HIST1H4J	4	6.7706e-01	3.9396e-01	0.534897	1
ATG9B	4	6.7731e-01	3.9396e-01	0.534897	1
UBE3A	4	6.7732e-01	3.9396e-01	0.534897	2
ASRGL1	4	6.7736e-01	3.9396e-01	0.534897	2
TLE1	4	6.7737e-01	3.9396e-01	0.534897	1
NME5	4	6.7742e-01	3.9396e-01	0.534897	2
HIST1H4C	4	6.7757e-01	3.9396e-01	0.534897	2
ZNF780A	4	6.7759e-01	3.9396e-01	0.534897	1
CALR3	4	6.7762e-01	3.9396e-01	0.534897	1
VCY1B	4	6.7764e-01	3.9396e-01	0.534897	1
ARMC8	4	6.7775e-01	3.9396e-01	0.534897	1
METTL20	4	6.7777e-01	3.9396e-01	0.534897	1
ACY3	4	6.7793e-01	3.9564e-01	0.535702	1
FKRP	4	6.7797e-01	3.9564e-01	0.535702	2
CD83	4	6.7797e-01	3.9564e-01	0.535702	1
C12orf79	4	6.7804e-01	3.9564e-01	0.535702	2
VWA5A	4	6.7806e-01	3.9564e-01	0.535702	2
RPRM	4	6.7812e-01	3.9564e-01	0.535702	2
MAPK8IP1	4	6.7816e-01	3.9564e-01	0.535702	2
STXBP2	4	6.7821e-01	3.9564e-01	0.535702	1
SOX21	4	6.7828e-01	3.9564e-01	0.535702	1
ATOX1	4	6.7841e-01	3.9564e-01	0.535702	2
CHRNG	4	6.7841e-01	3.9564e-01	0.535702	2
ARHGEF16	4	6.7841e-01	3.9564e-01	0.535702	2
DOK5	4	6.7841e-01	3.9564e-01	0.535702	2
STS	4	6.7841e-01	3.9564e-01	0.535702	2
PTGES3L-AARSD1	4	6.7850e-01	3.9564e-01	0.535702	1
CBX6	4	6.7855e-01	3.9564e-01	0.535702	1
SDCCAG8	4	6.7859e-01	3.9564e-01	0.535702	2
ACOT4	4	6.7863e-01	3.9564e-01	0.535702	1
MYBPC2	4	6.7865e-01	3.9564e-01	0.535702	2
ARPC4-TTLL3	4	6.7869e-01	3.9564e-01	0.535702	2
CYGB	4	6.7879e-01	3.9564e-01	0.535702	1
AGFG1	4	6.7881e-01	3.9564e-01	0.535702	2
TMEM253	4	6.7885e-01	3.9564e-01	0.535702	2
NEO1	4	6.7904e-01	3.9565e-01	0.535702	2
BOK	4	6.7910e-01	3.9565e-01	0.535702	1
KRTAP9-9	4	6.7922e-01	3.9565e-01	0.535702	2
PRKAG2	4	6.7930e-01	3.9565e-01	0.535702	1
CYP2D6	4	6.7930e-01	3.9565e-01	0.535702	2
ADAM15	4	6.7945e-01	3.9565e-01	0.535702	1
BATF	4	6.7947e-01	3.9565e-01	0.535702	1
RAI14	4	6.7960e-01	3.9565e-01	0.535702	1
KATNAL2	4	6.7970e-01	3.9565e-01	0.535702	2
C10orf67	4	6.7973e-01	3.9565e-01	0.535702	2
PANX1	4	6.7980e-01	3.9565e-01	0.535702	1
SOAT1	4	6.7997e-01	3.9565e-01	0.535702	2
CTCFL	4	6.7999e-01	3.9565e-01	0.535702	2
LYPD5	4	6.8002e-01	3.9565e-01	0.535702	1
PIGY	4	6.8004e-01	3.9565e-01	0.535702	2
SH3D21	4	6.8010e-01	3.9565e-01	0.535702	2
P3H2	4	6.8016e-01	3.9732e-01	0.537186	2
PXYLP1	4	6.8025e-01	3.9732e-01	0.537186	2
CD151	4	6.8031e-01	3.9732e-01	0.537186	1
S100A7L2	4	6.8035e-01	3.9732e-01	0.537186	1
RPP25	4	6.8036e-01	3.9732e-01	0.537186	2
NT5E	4	6.8040e-01	3.9732e-01	0.537186	2
FAM98C	4	6.8046e-01	3.9732e-01	0.537186	2
UBQLN2	4	6.8053e-01	3.9896e-01	0.537186	2
SGCE	4	6.8060e-01	3.9896e-01	0.537186	2
POFUT1	4	6.8062e-01	3.9896e-01	0.537186	1
ZBTB32	4	6.8069e-01	3.9896e-01	0.537186	2
SUSD1	4	6.8073e-01	3.9896e-01	0.537186	2
RNF150	4	6.8077e-01	3.9896e-01	0.537186	1
AKT1S1	4	6.8087e-01	3.9896e-01	0.537186	2
E2F4	4	6.8088e-01	3.9896e-01	0.537186	1
SNX18	4	6.8089e-01	3.9896e-01	0.537186	2
TSSK6	4	6.8091e-01	3.9896e-01	0.537186	2
MYO1H	4	6.8096e-01	3.9896e-01	0.537186	2
TP53	4	6.8100e-01	3.9896e-01	0.537186	2
GPR137	4	6.8108e-01	3.9896e-01	0.537186	1
ESYT2	4	6.8113e-01	3.9896e-01	0.537186	2
COL13A1	4	6.8122e-01	3.9896e-01	0.537186	2
ZC2HC1C	4	6.8125e-01	3.9896e-01	0.537186	1
IL17RC	4	6.8126e-01	3.9896e-01	0.537186	2
ZNF467	4	6.8132e-01	3.9896e-01	0.537186	1
ZNF581	4	6.8147e-01	3.9896e-01	0.537186	1
LHX4	4	6.8157e-01	3.9896e-01	0.537186	1
GALR1	4	6.8157e-01	3.9896e-01	0.537186	2
MAML1	4	6.8163e-01	3.9896e-01	0.537186	2
CABLES1	4	6.8165e-01	3.9896e-01	0.537186	2
EOMES	4	6.8167e-01	3.9896e-01	0.537186	2
C19orf60	4	6.8171e-01	3.9896e-01	0.537186	2
TATDN1	4	6.8173e-01	3.9896e-01	0.537186	2
KLHL8	4	6.8173e-01	3.9896e-01	0.537186	1
PKP1	4	6.8176e-01	3.9896e-01	0.537186	1
TREM1	4	6.8189e-01	3.9896e-01	0.537186	1
LTBR	4	6.8193e-01	3.9896e-01	0.537186	1
DCAF10	4	6.8202e-01	3.9896e-01	0.537186	2
GGACT	4	6.8204e-01	3.9896e-01	0.537186	2
HIST1H3H	4	6.8206e-01	3.9896e-01	0.537186	1
ANKRD18B	4	6.8214e-01	3.9896e-01	0.537186	2
RBMY1B	4	6.8225e-01	3.9896e-01	0.537186	2
KLF2	4	6.8226e-01	3.9896e-01	0.537186	2
KIAA1586	4	6.8239e-01	3.9896e-01	0.537186	2
KIAA1324	4	6.8241e-01	3.9896e-01	0.537186	2
CRYBB2	4	6.8248e-01	3.9896e-01	0.537186	1
PPARGC1A	4	6.8259e-01	3.9896e-01	0.537186	1
SECISBP2L	4	6.8262e-01	3.9896e-01	0.537186	2
OTP	4	6.8268e-01	3.9896e-01	0.537186	2
PLTP	4	6.8270e-01	3.9896e-01	0.537186	1
WFDC13	4	6.8276e-01	3.9896e-01	0.537186	2
GAS2	4	6.8279e-01	3.9896e-01	0.537186	1
ATN1	4	6.8287e-01	3.9896e-01	0.537186	1
HPS5	4	6.8288e-01	3.9896e-01	0.537186	2
BBOX1	4	6.8293e-01	3.9896e-01	0.537186	2
C9orf172	4	6.8293e-01	3.9896e-01	0.537186	2
NEUROG3	4	6.8296e-01	3.9896e-01	0.537186	2
ERAP1	4	6.8298e-01	3.9896e-01	0.537186	1
SPTB	4	6.8305e-01	3.9896e-01	0.537186	1
RFXAP	4	6.8305e-01	3.9896e-01	0.537186	2
FAM20C	3	6.8317e-01	4.0152e-01	0.539300	1
HORMAD1	4	6.8318e-01	3.9896e-01	0.537186	1
C2orf76	4	6.8331e-01	3.9896e-01	0.537186	1
LCORL	4	6.8335e-01	3.9896e-01	0.537186	1
FAM83C	4	6.8353e-01	3.9896e-01	0.537186	2
LIMD1	4	6.8359e-01	3.9896e-01	0.537186	1
CCL4L2	4	6.8360e-01	3.9896e-01	0.537186	2
NTNG2	4	6.8362e-01	3.9896e-01	0.537186	2
FGFBP3	4	6.8366e-01	3.9896e-01	0.537186	2
OAZ3	4	6.8370e-01	3.9896e-01	0.537186	2
MSANTD2	4	6.8374e-01	3.9896e-01	0.537186	2
KRT19	4	6.8382e-01	3.9896e-01	0.537186	2
PAOX	4	6.8385e-01	3.9896e-01	0.537186	2
AGMAT	4	6.8387e-01	3.9896e-01	0.537186	1
GPR149	4	6.8391e-01	3.9896e-01	0.537186	2
APOC2	4	6.8399e-01	3.9896e-01	0.537186	2
BABAM1	4	6.8405e-01	3.9896e-01	0.537186	2
OR2Y1	4	6.8414e-01	3.9896e-01	0.537186	1
TMEM171	4	6.8436e-01	3.9896e-01	0.537186	1
TMEM101	4	6.8444e-01	3.9896e-01	0.537186	2
WNT10B	4	6.8461e-01	4.0055e-01	0.538038	2
C17orf70	4	6.8462e-01	4.0055e-01	0.538038	1
CYC1	4	6.8471e-01	4.0055e-01	0.538038	1
TFAP2A	4	6.8475e-01	4.0055e-01	0.538038	2
NKX2-3	4	6.8483e-01	4.0055e-01	0.538038	2
PCDHGC4	4	6.8485e-01	4.0055e-01	0.538038	2
ZNF580	4	6.8488e-01	4.0055e-01	0.538038	1
C15orf52	4	6.8489e-01	4.0055e-01	0.538038	2
RPS27L	4	6.8494e-01	4.0055e-01	0.538038	1
OVCH1	4	6.8499e-01	4.0055e-01	0.538038	1
C10orf90	4	6.8500e-01	4.0055e-01	0.538038	2
BPIFB2	4	6.8501e-01	4.0055e-01	0.538038	1
SKAP1	4	6.8507e-01	4.0055e-01	0.538038	1
IFI30	4	6.8518e-01	4.0055e-01	0.538038	2
KRT79	4	6.8519e-01	4.0055e-01	0.538038	1
PCED1A	4	6.8519e-01	4.0055e-01	0.538038	1
PROCA1	4	6.8527e-01	4.0055e-01	0.538038	1
TUSC1	4	6.8528e-01	4.0055e-01	0.538038	2
IRF1	4	6.8541e-01	4.0055e-01	0.538038	2
OR5M3	4	6.8546e-01	4.0055e-01	0.538038	1
KRT82	4	6.8565e-01	4.0055e-01	0.538038	2
ZNF548	4	6.8565e-01	4.0055e-01	0.538038	2
GGT5	4	6.8565e-01	4.0055e-01	0.538038	2
ZNF37A	4	6.8565e-01	4.0055e-01	0.538038	2
PHACTR4	4	6.8571e-01	4.0055e-01	0.538038	1
ABCB5	4	6.8588e-01	4.0055e-01	0.538038	2
MATN1	4	6.8590e-01	4.0055e-01	0.538038	2
GBP5	4	6.8592e-01	4.0055e-01	0.538038	1
SCAF1	4	6.8596e-01	4.0055e-01	0.538038	2
SERTAD1	4	6.8607e-01	4.0055e-01	0.538038	2
GDF2	4	6.8609e-01	4.0055e-01	0.538038	2
CEMP1	4	6.8613e-01	4.0055e-01	0.538038	2
MDM1	4	6.8617e-01	4.0055e-01	0.538038	2
DEPDC1B	4	6.8618e-01	4.0055e-01	0.538038	1
ADORA2B	4	6.8646e-01	4.0215e-01	0.539697	2
NALCN	4	6.8646e-01	4.0215e-01	0.539697	2
ZNF670	4	6.8646e-01	4.0215e-01	0.539697	2
ART1	4	6.8646e-01	4.0215e-01	0.539697	2
LDOC1	4	6.8646e-01	4.0215e-01	0.539697	2
BFSP1	4	6.8646e-01	4.0215e-01	0.539697	2
BMP1	4	6.8646e-01	4.0215e-01	0.539697	2
RNF169	4	6.8662e-01	4.0215e-01	0.539697	1
ZHX1	4	6.8670e-01	4.0215e-01	0.539697	1
PTGFRN	4	6.8675e-01	4.0215e-01	0.539697	1
FRMD6	4	6.8692e-01	4.0215e-01	0.539697	1
GPR3	4	6.8703e-01	4.0215e-01	0.539697	1
DMBX1	4	6.8710e-01	4.0275e-01	0.540237	2
ESCO1	4	6.8710e-01	4.0275e-01	0.540237	2
SLC7A9	4	6.8710e-01	4.0275e-01	0.540237	2
UBE2M	4	6.8710e-01	4.0275e-01	0.540237	2
TMEM133	4	6.8710e-01	4.0275e-01	0.540237	2
LINGO3	4	6.8710e-01	4.0275e-01	0.540237	2
PARP4	4	6.8710e-01	4.0275e-01	0.540237	2
HS3ST3B1	4	6.8727e-01	4.0498e-01	0.541854	1
MS4A12	4	6.8740e-01	4.0498e-01	0.541854	1
INIP	4	6.8742e-01	4.0498e-01	0.541854	1
APMAP	4	6.8743e-01	4.0498e-01	0.541854	2
NRARP	4	6.8745e-01	4.0498e-01	0.541854	2
LRGUK	4	6.8748e-01	4.0498e-01	0.541854	1
SFTPD	4	6.8752e-01	4.0498e-01	0.541854	1
ARSH	4	6.8781e-01	4.0498e-01	0.541854	1
TNS4	4	6.8783e-01	4.0498e-01	0.541854	1
RARRES2	4	6.8791e-01	4.0498e-01	0.541854	1
OR8B4	4	6.8841e-01	4.0498e-01	0.541854	1
TRIM13	4	6.8852e-01	4.0498e-01	0.541854	1
LRSAM1	4	6.8859e-01	4.0498e-01	0.541854	1
CCDC116	4	6.8867e-01	4.0498e-01	0.541854	1
OR9Q2	4	6.8885e-01	4.0498e-01	0.541854	1
BTG1	4	6.8906e-01	4.0498e-01	0.541854	1
PTPN13	4	6.8910e-01	4.0498e-01	0.541854	1
OR2G3	4	6.8927e-01	4.0498e-01	0.541854	1
CROT	4	6.8949e-01	4.0498e-01	0.541854	1
NR1H4	4	6.8957e-01	4.0498e-01	0.541854	1
SP7	4	6.8959e-01	4.0498e-01	0.541854	1
ZNF16	4	6.8962e-01	4.0498e-01	0.541854	1
XAGE3	4	6.8968e-01	4.0498e-01	0.541854	1
ASB9	4	6.8971e-01	4.0498e-01	0.541854	1
RNF125	4	6.8987e-01	4.0498e-01	0.541854	1
NAALADL2	4	6.8990e-01	4.0498e-01	0.541854	1
FYCO1	4	6.9018e-01	4.0498e-01	0.541854	1
NAP1L3	4	6.9033e-01	4.0498e-01	0.541854	1
OR52N4	4	6.9067e-01	4.0498e-01	0.541854	1
ZCCHC13	4	6.9071e-01	4.0498e-01	0.541854	1
RNF31	4	6.9082e-01	4.0498e-01	0.541854	1
FAM186B	4	6.9088e-01	4.0498e-01	0.541854	1
NGB	4	6.9097e-01	4.0498e-01	0.541854	1
TMEM207	4	6.9099e-01	4.0498e-01	0.541854	1
METTL13	4	6.9103e-01	4.0498e-01	0.541854	1
HBA2	4	6.9108e-01	4.0498e-01	0.541854	1
FN3K	4	6.9131e-01	4.0663e-01	0.544020	1
LEUTX	4	6.9185e-01	4.0825e-01	0.545547	1
TDRD6	4	6.9188e-01	4.0825e-01	0.545547	1
CSMD2	4	6.9200e-01	4.0825e-01	0.545547	1
PQLC1	4	6.9213e-01	4.0825e-01	0.545547	1
SCN2B	4	6.9215e-01	4.0825e-01	0.545547	1
ADRA2C	4	6.9221e-01	4.0825e-01	0.545547	1
CSH2	4	6.9232e-01	4.0825e-01	0.545547	1
APOBEC3F	4	6.9238e-01	4.0825e-01	0.545547	1
DNTT	4	6.9242e-01	4.0825e-01	0.545547	1
TSPAN4	4	6.9251e-01	4.0825e-01	0.545547	1
POU4F3	4	6.9274e-01	4.0825e-01	0.545547	1
C1orf21	4	6.9298e-01	4.0825e-01	0.545547	1
CPSF7	4	6.9306e-01	4.0825e-01	0.545547	1
LYPD6B	4	6.9311e-01	4.0825e-01	0.545547	1
LHX1	4	6.9317e-01	4.0825e-01	0.545547	1
DENND5B	4	6.9326e-01	4.0825e-01	0.545547	1
ANXA6	4	6.9341e-01	4.0825e-01	0.545547	1
MAP3K15	4	6.9370e-01	4.0985e-01	0.547102	1
OR6B1	4	6.9377e-01	4.0985e-01	0.547102	1
NT5DC2	4	6.9390e-01	4.0985e-01	0.547102	1
CCDC121	4	6.9415e-01	4.0985e-01	0.547102	1
CUTC	4	6.9427e-01	4.0985e-01	0.547102	1
TCEA3	4	6.9456e-01	4.0985e-01	0.547102	1
LPXN	4	6.9458e-01	4.0985e-01	0.547102	1
C6orf10	4	6.9483e-01	4.0985e-01	0.547102	1
LRRN2	4	6.9498e-01	4.0985e-01	0.547102	1
MYH10	4	6.9511e-01	4.0985e-01	0.547102	1
BEND4	4	6.9526e-01	4.0985e-01	0.547102	1
RINL	4	6.9534e-01	4.0985e-01	0.547102	1
MFSD11	4	6.9539e-01	4.0985e-01	0.547102	1
ZBTB26	4	6.9551e-01	4.0985e-01	0.547102	1
TRPV4	4	6.9557e-01	4.0985e-01	0.547102	1
NLRP12	4	6.9571e-01	4.1150e-01	0.549001	1
THRAP3	4	6.9574e-01	4.1150e-01	0.549001	1
GRM4	4	6.9612e-01	4.1150e-01	0.549001	1
MPL	4	6.9627e-01	4.1150e-01	0.549001	1
OR51A4	4	6.9642e-01	4.1150e-01	0.549001	1
PCSK6	4	6.9646e-01	4.1150e-01	0.549001	1
LTF	4	6.9693e-01	4.1150e-01	0.549001	1
ERMAP	3	6.9711e-01	4.1619e-01	0.554918	1
FSCB	4	6.9725e-01	4.1150e-01	0.549001	1
SULT1A4	4	6.9739e-01	4.1314e-01	0.551070	1
HSH2D	4	6.9749e-01	4.1314e-01	0.551070	1
MED25	4	6.9749e-01	4.1314e-01	0.551070	1
MPPE1	4	6.9767e-01	4.1640e-01	0.554918	1
FEZ1	4	6.9769e-01	4.1640e-01	0.554918	1
DACT3	4	6.9781e-01	4.1640e-01	0.554918	1
ZFP92	4	6.9786e-01	4.1640e-01	0.554918	1
HYI	4	6.9796e-01	4.1640e-01	0.554918	1
CIT	4	6.9822e-01	4.1640e-01	0.554918	1
KCTD7	4	6.9847e-01	4.1640e-01	0.554918	1
ZFAND3	4	6.9851e-01	4.1640e-01	0.554918	1
KIFC3	4	6.9885e-01	4.1640e-01	0.554918	1
ANTXR1	4	6.9889e-01	4.1640e-01	0.554918	1
CUL9	4	6.9895e-01	4.1640e-01	0.554918	1
LGSN	4	6.9935e-01	4.1640e-01	0.554918	1
MOS	4	6.9956e-01	4.1799e-01	0.555149	1
SLC14A1	4	6.9962e-01	4.1799e-01	0.555149	1
BTK	4	6.9975e-01	4.1799e-01	0.555149	1
TADA2B	4	7.0002e-01	4.1799e-01	0.555149	1
EPB41L4B	4	7.0011e-01	4.1799e-01	0.555149	1
C16orf54	4	7.0019e-01	4.1799e-01	0.555149	1
RNF122	4	7.0029e-01	4.1799e-01	0.555149	1
LMO4	4	7.0040e-01	4.1799e-01	0.555149	1
NEU3	4	7.0067e-01	4.1799e-01	0.555149	1
SLC4A8	4	7.0111e-01	4.1799e-01	0.555149	1
NPRL3	4	7.0128e-01	4.1799e-01	0.555149	1
RIMBP2	4	7.0136e-01	4.1799e-01	0.555149	1
ABCA4	4	7.0152e-01	4.1799e-01	0.555149	1
UBE2Q2	4	7.0169e-01	4.1799e-01	0.555149	1
IFNK	4	7.0180e-01	4.1799e-01	0.555149	1
SREBF2	4	7.0190e-01	4.1799e-01	0.555149	1
ZHX3	4	7.0207e-01	4.1799e-01	0.555149	1
PRR20C	4	7.0209e-01	4.1799e-01	0.555149	1
ATP10D	4	7.0213e-01	4.1799e-01	0.555149	1
DOK3	4	7.0218e-01	4.1799e-01	0.555149	1
NOL4	4	7.0228e-01	4.1799e-01	0.555149	1
BTBD1	4	7.0241e-01	4.1799e-01	0.555149	1
PROL1	4	7.0259e-01	4.1800e-01	0.555149	1
ABCF3	4	7.0274e-01	4.1800e-01	0.555149	1
BCL9	3	7.0276e-01	4.2783e-01	0.565814	1
CALB1	4	7.0280e-01	4.1800e-01	0.555149	1
STC1	4	7.0282e-01	4.1800e-01	0.555149	1
DCLRE1A	4	7.0315e-01	4.1800e-01	0.555149	1
ZNF674	4	7.0319e-01	4.1800e-01	0.555149	1
KIAA0368	4	7.0322e-01	4.1800e-01	0.555149	1
C12orf76	4	7.0326e-01	4.1800e-01	0.555149	1
GLB1L	4	7.0328e-01	4.1800e-01	0.555149	1
OR5D16	4	7.0347e-01	4.1800e-01	0.555149	1
DENND6B	4	7.0378e-01	4.1800e-01	0.555149	1
LECT1	4	7.0399e-01	4.1800e-01	0.555149	1
NBEAL2	4	7.0403e-01	4.1800e-01	0.555149	1
PRSS48	4	7.0415e-01	4.1800e-01	0.555149	1
PTPN7	4	7.0417e-01	4.1800e-01	0.555149	1
AVPR2	4	7.0423e-01	4.1800e-01	0.555149	1
SNRPN	4	7.0448e-01	4.1800e-01	0.555149	1
SUPT20HL1	4	7.0454e-01	4.1800e-01	0.555149	1
LYPD1	4	7.0479e-01	4.1800e-01	0.555149	1
IL17B	4	7.0494e-01	4.1800e-01	0.555149	1
RGS2	4	7.0521e-01	4.1800e-01	0.555149	1
AKAP10	4	7.0523e-01	4.1800e-01	0.555149	1
KRTAP19-2	4	7.0533e-01	4.1800e-01	0.555149	1
IKBKG	4	7.0537e-01	4.1800e-01	0.555149	1
KDM4D	4	7.0550e-01	4.1800e-01	0.555149	1
CUEDC2	4	7.0552e-01	4.1800e-01	0.555149	1
RIPPLY3	4	7.0554e-01	4.1800e-01	0.555149	1
CELF4	4	7.0575e-01	4.1967e-01	0.557142	1
TTC17	3	7.0578e-01	4.3606e-01	0.574980	1
KRTAP13-1	4	7.0583e-01	4.1967e-01	0.557142	1
CHD1L	4	7.0591e-01	4.1967e-01	0.557142	1
CLMN	4	7.0593e-01	4.1967e-01	0.557142	1
UBP1	4	7.0608e-01	4.1967e-01	0.557142	1
NFKBID	4	7.0610e-01	4.1967e-01	0.557142	1
IKZF2	4	7.0624e-01	4.2135e-01	0.558708	1
ZMYM1	4	7.0628e-01	4.2135e-01	0.558708	1
CLIP4	4	7.0682e-01	4.2135e-01	0.558708	1
GUCA2B	4	7.0698e-01	4.2135e-01	0.558708	1
TTC7B	4	7.0709e-01	4.2135e-01	0.558708	1
OR1K1	4	7.0738e-01	4.2135e-01	0.558708	1
SDR39U1	4	7.0749e-01	4.2135e-01	0.558708	1
FRS3	4	7.0756e-01	4.2135e-01	0.558708	1
EMILIN2	4	7.0778e-01	4.2135e-01	0.558708	1
HIST1H1D	4	7.0783e-01	4.2135e-01	0.558708	1
ADCY6	4	7.0805e-01	4.2135e-01	0.558708	1
AHNAK	4	7.0814e-01	4.2135e-01	0.558708	1
OMG	4	7.0822e-01	4.2135e-01	0.558708	1
GNG3	4	7.0826e-01	4.2135e-01	0.558708	1
RBCK1	4	7.0835e-01	4.2135e-01	0.558708	1
CHD6	4	7.0839e-01	4.2135e-01	0.558708	1
TIMM21	4	7.0842e-01	4.2135e-01	0.558708	1
EXOG	4	7.0867e-01	4.2296e-01	0.560452	1
PIEZO2	4	7.0869e-01	4.2296e-01	0.560452	1
SYF2	4	7.0871e-01	4.2296e-01	0.560452	1
TTLL4	4	7.0879e-01	4.2296e-01	0.560452	1
ZBTB33	4	7.0915e-01	4.2296e-01	0.560452	1
COMMD6	4	7.0921e-01	4.2296e-01	0.560452	1
CCDC77	4	7.0921e-01	4.2296e-01	0.560452	1
SEMA7A	4	7.0928e-01	4.2296e-01	0.560452	1
CAPN10	4	7.0937e-01	4.2296e-01	0.560452	1
RRAGC	4	7.0941e-01	4.2296e-01	0.560452	1
HBE1	4	7.0980e-01	4.2622e-01	0.563760	1
KLHL23	4	7.0984e-01	4.2622e-01	0.563760	1
ITPRIP	4	7.0994e-01	4.2622e-01	0.563760	1
KIAA0319L	4	7.1015e-01	4.2622e-01	0.563760	1
MLN	4	7.1021e-01	4.2622e-01	0.563760	1
LMAN1L	4	7.1049e-01	4.2622e-01	0.563760	1
ADAM28	4	7.1072e-01	4.2622e-01	0.563760	1
ELF3	4	7.1076e-01	4.2622e-01	0.563760	1
SMIM11	4	7.1089e-01	4.2622e-01	0.563760	1
AP3D1	4	7.1129e-01	4.2622e-01	0.563760	1
HSD17B13	4	7.1151e-01	4.2622e-01	0.563760	1
CCNDBP1	4	7.1159e-01	4.2622e-01	0.563760	1
PERP	4	7.1173e-01	4.2622e-01	0.563760	1
RET	4	7.1194e-01	4.2622e-01	0.563760	1
ARHGAP12	4	7.1201e-01	4.2622e-01	0.563760	1
FCRLB	4	7.1208e-01	4.2622e-01	0.563760	1
KCNK4	4	7.1214e-01	4.2622e-01	0.563760	1
TRMT2B	4	7.1241e-01	4.2622e-01	0.563760	1
CMTM2	4	7.1253e-01	4.2622e-01	0.563760	1
C11orf85	4	7.1263e-01	4.2622e-01	0.563760	1
CYP4F8	4	7.1289e-01	4.2622e-01	0.563760	1
RTN4R	4	7.1297e-01	4.2622e-01	0.563760	1
SSMEM1	4	7.1305e-01	4.2622e-01	0.563760	1
LRRC29	4	7.1312e-01	4.2622e-01	0.563760	1
TNFRSF21	4	7.1346e-01	4.2622e-01	0.563760	1
ODF3	4	7.1352e-01	4.2622e-01	0.563760	1
C12orf57	4	7.1399e-01	4.2779e-01	0.565801	1
CHMP1B	4	7.1427e-01	4.2942e-01	0.567683	1
N4BP3	4	7.1437e-01	4.2942e-01	0.567683	1
FAM189A2	4	7.1447e-01	4.2942e-01	0.567683	1
TBC1D9	4	7.1479e-01	4.2942e-01	0.567683	1
PCDHA6	4	7.1494e-01	4.2942e-01	0.567683	1
NR3C2	4	7.1498e-01	4.2942e-01	0.567683	1
UNC13D	4	7.1522e-01	4.3109e-01	0.569725	1
MGP	4	7.1538e-01	4.3109e-01	0.569725	1
C10orf35	4	7.1548e-01	4.3109e-01	0.569725	1
KRTAP22-2	4	7.1552e-01	4.3109e-01	0.569725	1
ADARB1	4	7.1572e-01	4.3277e-01	0.571871	1
C10orf88	4	7.1580e-01	4.3277e-01	0.571871	1
CYBRD1	4	7.1616e-01	4.3439e-01	0.573457	1
N4BP2L2	4	7.1618e-01	4.3439e-01	0.573457	1
ANXA13	4	7.1627e-01	4.3439e-01	0.573457	1
CYP2E1	4	7.1649e-01	4.3439e-01	0.573457	1
PPP1R12B	4	7.1655e-01	4.3439e-01	0.573457	1
PARPBP	4	7.1659e-01	4.3439e-01	0.573457	1
CDC42BPG	4	7.1661e-01	4.3439e-01	0.573457	1
ASB5	4	7.1663e-01	4.3439e-01	0.573457	1
LRP1B	4	7.1671e-01	4.3439e-01	0.573457	1
ZBTB7C	4	7.1673e-01	4.3439e-01	0.573457	1
LRRC49	4	7.1683e-01	4.3439e-01	0.573457	1
NDUFA12	4	7.1691e-01	4.3439e-01	0.573457	1
CLDN19	4	7.1693e-01	4.3439e-01	0.573457	1
TSPEAR	4	7.1707e-01	4.3439e-01	0.573457	1
EMC9	4	7.1713e-01	4.3597e-01	0.574906	1
PEX19	4	7.1719e-01	4.3597e-01	0.574906	1
ASB15	4	7.1731e-01	4.3597e-01	0.574906	1
CNTNAP5	4	7.1761e-01	4.3597e-01	0.574906	1
LRFN5	4	7.1769e-01	4.3597e-01	0.574906	1
RRBP1	4	7.1771e-01	4.3597e-01	0.574906	1
DUS2	4	7.1773e-01	4.3597e-01	0.574906	1
LLGL2	4	7.1815e-01	4.3597e-01	0.574906	1
GFRA4	4	7.1887e-01	4.3597e-01	0.574906	1
PDCD4	4	7.1889e-01	4.3597e-01	0.574906	1
LSM14B	4	7.1893e-01	4.3597e-01	0.574906	1
GARNL3	4	7.1904e-01	4.3597e-01	0.574906	1
CGN	4	7.1909e-01	4.3597e-01	0.574906	1
IRF5	4	7.1913e-01	4.3597e-01	0.574906	1
CDC14A	4	7.1929e-01	4.3597e-01	0.574906	1
OR14A16	4	7.1935e-01	4.3597e-01	0.574906	1
DEFB129	4	7.1965e-01	4.3761e-01	0.576314	1
APLN	4	7.1981e-01	4.3761e-01	0.576314	1
C16orf97	4	7.1983e-01	4.3761e-01	0.576314	1
LRRC43	4	7.1997e-01	4.3761e-01	0.576314	1
OR2F1	4	7.2009e-01	4.3761e-01	0.576314	1
ABI3	4	7.2019e-01	4.3761e-01	0.576314	1
SPHAR	2	7.2034e-01	4.4727e-01	0.586903	1
GRHPR	4	7.2037e-01	4.3761e-01	0.576314	1
SYN3	4	7.2044e-01	4.3761e-01	0.576314	1
GABRD	4	7.2048e-01	4.3761e-01	0.576314	1
HTR1B	4	7.2060e-01	4.3761e-01	0.576314	1
CNIH2	4	7.2094e-01	4.3761e-01	0.576314	1
SEMA5A	4	7.2098e-01	4.3761e-01	0.576314	1
TRMT44	4	7.2112e-01	4.3761e-01	0.576314	1
FOPNL	4	7.2118e-01	4.3761e-01	0.576314	1
ATG4D	4	7.2126e-01	4.3761e-01	0.576314	1
DISP1	4	7.2148e-01	4.3761e-01	0.576314	1
PCDH8	4	7.2152e-01	4.3761e-01	0.576314	1
USP47	4	7.2164e-01	4.3761e-01	0.576314	1
FAM216B	4	7.2197e-01	4.3925e-01	0.578398	1
ZNF596	4	7.2220e-01	4.3925e-01	0.578398	1
ACOT6	4	7.2241e-01	4.4087e-01	0.579885	1
PLAC1	4	7.2245e-01	4.4087e-01	0.579885	1
FBXO15	4	7.2288e-01	4.4087e-01	0.579885	1
PEX26	4	7.2290e-01	4.4087e-01	0.579885	1
ZMYM6NB	4	7.2296e-01	4.4087e-01	0.579885	1
SCO1	4	7.2308e-01	4.4087e-01	0.579885	1
MAL2	4	7.2314e-01	4.4087e-01	0.579885	1
HYAL1	4	7.2365e-01	4.4087e-01	0.579885	1
ADD3	4	7.2367e-01	4.4087e-01	0.579885	1
PAGE1	4	7.2369e-01	4.4087e-01	0.579885	1
EXD3	4	7.2373e-01	4.4087e-01	0.579885	1
FABP2	4	7.2381e-01	4.4087e-01	0.579885	1
ZFHX3	4	7.2384e-01	4.4087e-01	0.579885	1
NKX2-1	4	7.2387e-01	4.4087e-01	0.579885	1
ADAM21	4	7.2399e-01	4.4087e-01	0.579885	1
IFI44	4	7.2446e-01	4.4087e-01	0.579885	1
FNDC9	4	7.2462e-01	4.4251e-01	0.581365	1
CCDC51	4	7.2475e-01	4.4251e-01	0.581365	1
SAMD11	4	7.2481e-01	4.4251e-01	0.581365	1
NUDT2	4	7.2501e-01	4.4251e-01	0.581365	1
SLC15A3	4	7.2503e-01	4.4251e-01	0.581365	1
ACBD6	4	7.2527e-01	4.4251e-01	0.581365	1
ZNF225	4	7.2536e-01	4.4251e-01	0.581365	1
C6orf15	4	7.2599e-01	4.4251e-01	0.581365	1
LPAR5	4	7.2605e-01	4.4251e-01	0.581365	1
PATE1	4	7.2627e-01	4.4251e-01	0.581365	1
SRSF4	4	7.2644e-01	4.4251e-01	0.581365	1
SLC38A4	4	7.2668e-01	4.4251e-01	0.581365	1
KIAA2018	4	7.2670e-01	4.4251e-01	0.581365	1
DKK4	4	7.2671e-01	4.4251e-01	0.581365	1
TUBG2	4	7.2673e-01	4.4251e-01	0.581365	1
JUP	4	7.2681e-01	4.4251e-01	0.581365	1
ZNF814	4	7.2685e-01	4.4251e-01	0.581365	1
SLC22A18	4	7.2720e-01	4.4409e-01	0.583002	1
TBC1D2	4	7.2732e-01	4.4409e-01	0.583002	1
SIVA1	4	7.2748e-01	4.4409e-01	0.583002	1
CACFD1	4	7.2755e-01	4.4409e-01	0.583002	1
EBP	4	7.2763e-01	4.4409e-01	0.583002	1
ZFP14	4	7.2775e-01	4.4409e-01	0.583002	1
RAB3IL1	4	7.2810e-01	4.4409e-01	0.583002	1
HIF3A	4	7.2812e-01	4.4409e-01	0.583002	1
GALNT8	4	7.2822e-01	4.4409e-01	0.583002	1
ZC2HC1A	4	7.2824e-01	4.4409e-01	0.583002	1
LOC100129924	4	7.2828e-01	4.4409e-01	0.583002	1
MCOLN1	4	7.2845e-01	4.4573e-01	0.585079	1
PDCL2	4	7.2853e-01	4.4573e-01	0.585079	1
FSTL1	4	7.2878e-01	4.4743e-01	0.586903	1
CES2	4	7.2890e-01	4.4743e-01	0.586903	1
ZNF138	4	7.2894e-01	4.4743e-01	0.586903	1
ACY1	4	7.2900e-01	4.4743e-01	0.586903	1
VPREB3	3	7.2904e-01	4.7071e-01	0.608745	1
OR13C3	4	7.2925e-01	4.4743e-01	0.586903	1
FAM83A	4	7.2927e-01	4.4743e-01	0.586903	1
C8orf34	4	7.2931e-01	4.4743e-01	0.586903	1
CHIT1	4	7.2934e-01	4.4743e-01	0.586903	1
SLURP1	4	7.2946e-01	4.4743e-01	0.586903	1
PGBD4	4	7.2960e-01	4.4905e-01	0.588903	1
LRRTM2	4	7.2967e-01	4.4905e-01	0.588903	1
SMIM1	4	7.2971e-01	4.4905e-01	0.588903	1
TMEM39A	4	7.2979e-01	4.5067e-01	0.590954	1
RIT1	4	7.2983e-01	4.5067e-01	0.590954	1
CYLD	4	7.3024e-01	4.5227e-01	0.593004	1
ZNF491	4	7.3033e-01	4.5384e-01	0.594048	1
KRTAP3-1	4	7.3049e-01	4.5384e-01	0.594048	1
SULT2B1	4	7.3062e-01	4.5384e-01	0.594048	1
ZDHHC21	4	7.3064e-01	4.5384e-01	0.594048	1
TMEM54	4	7.3068e-01	4.5384e-01	0.594048	1
HACD1	4	7.3084e-01	4.5384e-01	0.594048	1
ADAMTSL4	4	7.3086e-01	4.5384e-01	0.594048	1
PDS5A	4	7.3097e-01	4.5384e-01	0.594048	1
OTOP1	4	7.3113e-01	4.5384e-01	0.594048	1
SYNGR4	4	7.3118e-01	4.5384e-01	0.594048	1
PTPRO	4	7.3128e-01	4.5384e-01	0.594048	1
CDA	4	7.3137e-01	4.5384e-01	0.594048	1
CCDC180	4	7.3140e-01	4.5384e-01	0.594048	1
FBXL3	4	7.3155e-01	4.5384e-01	0.594048	1
LITAF	4	7.3159e-01	4.5384e-01	0.594048	1
PCDH11X	4	7.3165e-01	4.5384e-01	0.594048	1
SPATA7	4	7.3174e-01	4.5384e-01	0.594048	1
PROP1	4	7.3176e-01	4.5384e-01	0.594048	1
LSS	4	7.3202e-01	4.5384e-01	0.594048	1
CHPF2	4	7.3207e-01	4.5384e-01	0.594048	1
IGHMBP2	4	7.3223e-01	4.5384e-01	0.594048	1
IFNG	4	7.3224e-01	4.5384e-01	0.594048	1
SGSM1	4	7.3230e-01	4.5384e-01	0.594048	1
HNRNPF	4	7.3273e-01	4.5384e-01	0.594048	1
PCDH17	4	7.3280e-01	4.5384e-01	0.594048	1
CEP76	4	7.3311e-01	4.5549e-01	0.595842	1
DOK7	4	7.3315e-01	4.5549e-01	0.595842	1
C22orf15	4	7.3317e-01	4.5549e-01	0.595842	1
TNFRSF11A	4	7.3324e-01	4.5549e-01	0.595842	1
FAM26E	4	7.3328e-01	4.5549e-01	0.595842	1
GAGE12I	4	7.3336e-01	4.5549e-01	0.595842	1
NPHP3	4	7.3349e-01	4.5549e-01	0.595842	1
FOXL1	4	7.3355e-01	4.5549e-01	0.595842	1
GSAP	4	7.3359e-01	4.5549e-01	0.595842	1
PRR15L	4	7.3384e-01	4.5715e-01	0.597075	1
C11orf73	4	7.3416e-01	4.5715e-01	0.597075	1
CEP290	4	7.3430e-01	4.5715e-01	0.597075	1
HS6ST2	4	7.3445e-01	4.5715e-01	0.597075	1
CLCN1	4	7.3457e-01	4.5715e-01	0.597075	1
CRYBB1	4	7.3468e-01	4.5715e-01	0.597075	1
LOC100134391	4	7.3489e-01	4.5715e-01	0.597075	1
CACNA1F	4	7.3508e-01	4.5715e-01	0.597075	1
ACADM	4	7.3526e-01	4.5715e-01	0.597075	1
COLGALT1	4	7.3535e-01	4.5715e-01	0.597075	1
CCAR2	4	7.3539e-01	4.5715e-01	0.597075	1
FAM132B	4	7.3543e-01	4.5715e-01	0.597075	1
ZNF705B	4	7.3545e-01	4.5715e-01	0.597075	1
FAM58A	4	7.3550e-01	4.5715e-01	0.597075	1
CD274	4	7.3556e-01	4.5715e-01	0.597075	1
DEFB107B	1	7.3558e-01	6.7466e-01	0.772533	0
BBS10	4	7.3564e-01	4.5715e-01	0.597075	1
METTL7B	4	7.3567e-01	4.5715e-01	0.597075	1
TRIM63	4	7.3579e-01	4.5715e-01	0.597075	1
TYW5	4	7.3583e-01	4.5715e-01	0.597075	1
LMO7DN	4	7.3585e-01	4.5715e-01	0.597075	1
HBD	4	7.3617e-01	4.5715e-01	0.597075	1
MARCHF11	4	7.3627e-01	4.5715e-01	0.597075	1
ANAPC16	4	7.3627e-01	4.5715e-01	0.597075	1
IGFBP3	4	7.3647e-01	4.5881e-01	0.598171	1
SLC1A7	4	7.3697e-01	4.5881e-01	0.598171	1
RB1CC1	4	7.3699e-01	4.5881e-01	0.598171	1
OR5P2	4	7.3703e-01	4.5881e-01	0.598171	1
UGT2B15	4	7.3706e-01	4.5881e-01	0.598171	1
GPR27	4	7.3714e-01	4.5881e-01	0.598171	1
PIK3C2G	4	7.3720e-01	4.5881e-01	0.598171	1
FAM155B	4	7.3729e-01	4.5881e-01	0.598171	1
SMARCD1	4	7.3732e-01	4.5881e-01	0.598171	1
NUTM1	4	7.3752e-01	4.5881e-01	0.598171	1
LYPD4	4	7.3763e-01	4.5881e-01	0.598171	1
ENO4	4	7.3767e-01	4.5881e-01	0.598171	1
GCNT4	4	7.3793e-01	4.5881e-01	0.598171	1
TIMM10B	4	7.3799e-01	4.5881e-01	0.598171	1
DEFB103A	4	7.3818e-01	4.5881e-01	0.598171	1
RAB39A	4	7.3826e-01	4.5881e-01	0.598171	1
FAM96A	4	7.3850e-01	4.5881e-01	0.598171	1
VILL	4	7.3860e-01	4.5881e-01	0.598171	1
EPPIN	4	7.3873e-01	4.5881e-01	0.598171	1
TNFAIP6	4	7.3881e-01	4.5881e-01	0.598171	1
SERTAD3	4	7.3882e-01	4.5881e-01	0.598171	1
NEK5	4	7.3886e-01	4.5881e-01	0.598171	1
ASIC1	4	7.3894e-01	4.5881e-01	0.598171	1
APCS	4	7.3898e-01	4.5881e-01	0.598171	1
SGSM3	4	7.3901e-01	4.5881e-01	0.598171	1
CCL28	4	7.3928e-01	4.5881e-01	0.598171	1
ACOT8	4	7.3967e-01	4.6045e-01	0.599533	1
RBFOX1	4	7.3971e-01	4.6045e-01	0.599533	1
MTAP	4	7.3975e-01	4.6045e-01	0.599533	1
OPN5	4	7.3992e-01	4.6045e-01	0.599533	1
ABLIM3	4	7.4007e-01	4.6045e-01	0.599533	1
BCL2L2	4	7.4018e-01	4.6045e-01	0.599533	1
TBRG1	4	7.4037e-01	4.6045e-01	0.599533	1
SOX1	4	7.4067e-01	4.6045e-01	0.599533	1
NKX1-1	4	7.4069e-01	4.6045e-01	0.599533	1
PTBP3	4	7.4093e-01	4.6045e-01	0.599533	1
PRR20B	4	7.4101e-01	4.6045e-01	0.599533	1
TSN	4	7.4107e-01	4.6045e-01	0.599533	1
NUGGC	4	7.4120e-01	4.6045e-01	0.599533	1
TDRD5	4	7.4126e-01	4.6045e-01	0.599533	1
CASD1	4	7.4157e-01	4.6045e-01	0.599533	1
ADRB3	4	7.4159e-01	4.6045e-01	0.599533	1
SLC37A3	4	7.4174e-01	4.6045e-01	0.599533	1
RBP2	4	7.4178e-01	4.6045e-01	0.599533	1
GABRE	4	7.4189e-01	4.6045e-01	0.599533	1
TRAFD1	4	7.4224e-01	4.6213e-01	0.601355	1
BTN3A1	4	7.4232e-01	4.6213e-01	0.601355	1
CGB7	4	7.4238e-01	4.6213e-01	0.601355	1
HEXDC	4	7.4270e-01	4.6213e-01	0.601355	1
DKK2	4	7.4298e-01	4.6213e-01	0.601355	1
KCNE5	4	7.4313e-01	4.6213e-01	0.601355	1
ZNF214	4	7.4316e-01	4.6213e-01	0.601355	1
RXRA	4	7.4318e-01	4.6213e-01	0.601355	1
TRPC3	4	7.4335e-01	4.6213e-01	0.601355	1
DDAH2	4	7.4339e-01	4.6374e-01	0.602716	1
RND3	4	7.4348e-01	4.6374e-01	0.602716	1
ADCY4	4	7.4363e-01	4.6374e-01	0.602716	1
NOSTRIN	4	7.4370e-01	4.6374e-01	0.602716	1
NET1	4	7.4376e-01	4.6374e-01	0.602716	1
KCNV1	4	7.4385e-01	4.6374e-01	0.602716	1
GORASP2	4	7.4391e-01	4.6374e-01	0.602716	1
CFH	4	7.4398e-01	4.6374e-01	0.602716	1
FAM135B	4	7.4400e-01	4.6374e-01	0.602716	1
FBXW5	4	7.4421e-01	4.6374e-01	0.602716	1
HS3ST5	4	7.4430e-01	4.6374e-01	0.602716	1
MGAM	4	7.4449e-01	4.6374e-01	0.602716	1
IL2RA	4	7.4480e-01	4.6374e-01	0.602716	1
AGBL1	4	7.4486e-01	4.6374e-01	0.602716	1
C17orf53	4	7.4488e-01	4.6374e-01	0.602716	1
ESAM	4	7.4497e-01	4.6374e-01	0.602716	1
MRS2	4	7.4499e-01	4.6374e-01	0.602716	1
TMEM117	4	7.4506e-01	4.6374e-01	0.602716	1
TBC1D25	4	7.4539e-01	4.6536e-01	0.604442	1
HRASLS	4	7.4546e-01	4.6536e-01	0.604442	1
NOL3	4	7.4552e-01	4.6536e-01	0.604442	1
C20orf27	4	7.4554e-01	4.6536e-01	0.604442	1
RLN1	4	7.4565e-01	4.6536e-01	0.604442	1
TRIM62	4	7.4584e-01	4.6536e-01	0.604442	1
KLRF1	4	7.4586e-01	4.6536e-01	0.604442	1
RAMP1	4	7.4595e-01	4.6536e-01	0.604442	1
C22orf29	4	7.4601e-01	4.6536e-01	0.604442	1
ALPK3	4	7.4630e-01	4.6696e-01	0.605946	1
POLB	4	7.4638e-01	4.6696e-01	0.605946	1
SNX33	4	7.4652e-01	4.6696e-01	0.605946	1
WBSCR27	4	7.4656e-01	4.6696e-01	0.605946	1
MDH1B	4	7.4675e-01	4.6696e-01	0.605946	1
GPR171	4	7.4680e-01	4.6696e-01	0.605946	1
PGAP1	4	7.4684e-01	4.6696e-01	0.605946	1
C1orf101	4	7.4687e-01	4.6696e-01	0.605946	1
ARRDC5	4	7.4689e-01	4.6696e-01	0.605946	1
MYOG	4	7.4693e-01	4.6696e-01	0.605946	1
FGD3	4	7.4697e-01	4.6696e-01	0.605946	1
TRABD2B	4	7.4700e-01	4.6696e-01	0.605946	1
IL21R	4	7.4721e-01	4.6696e-01	0.605946	1
FOXC1	4	7.4724e-01	4.6696e-01	0.605946	1
SEC14L1	4	7.4748e-01	4.6861e-01	0.606195	1
FRY	4	7.4758e-01	4.6861e-01	0.606195	1
FDCSP	4	7.4759e-01	4.6861e-01	0.606195	1
DZIP3	4	7.4766e-01	4.6861e-01	0.606195	1
MRGPRF	4	7.4766e-01	4.6861e-01	0.606195	1
FAM170B	4	7.4770e-01	4.6861e-01	0.606195	1
ZFYVE21	4	7.4774e-01	4.6861e-01	0.606195	1
MATN2	4	7.4791e-01	4.6861e-01	0.606195	1
KRTAP8-1	4	7.4794e-01	4.6861e-01	0.606195	1
TCEANC2	4	7.4809e-01	4.6861e-01	0.606195	1
C4orf51	4	7.4813e-01	4.6861e-01	0.606195	1
S100A4	4	7.4822e-01	4.6861e-01	0.606195	1
KRT76	4	7.4829e-01	4.6861e-01	0.606195	1
FAHD1	4	7.4857e-01	4.6861e-01	0.606195	1
MYBL1	4	7.4866e-01	4.6861e-01	0.606195	1
SLC30A10	4	7.4879e-01	4.6861e-01	0.606195	1
UGT1A3	4	7.4914e-01	4.6861e-01	0.606195	1
IMPA2	4	7.4928e-01	4.6861e-01	0.606195	1
CCL16	4	7.4945e-01	4.6861e-01	0.606195	1
PSD3	4	7.4947e-01	4.6861e-01	0.606195	1
RAB25	4	7.4955e-01	4.6861e-01	0.606195	1
TMEM183A	4	7.4961e-01	4.6861e-01	0.606195	1
CCNI2	4	7.4969e-01	4.6861e-01	0.606195	1
FABP9	4	7.5000e-01	4.6861e-01	0.606195	1
TMEM233	4	7.5003e-01	4.6861e-01	0.606195	1
CREB3L3	4	7.5013e-01	4.6861e-01	0.606195	1
SPESP1	4	7.5025e-01	4.6861e-01	0.606195	1
SDPR	4	7.5036e-01	4.6861e-01	0.606195	1
DGCR6	4	7.5084e-01	4.6861e-01	0.606195	1
MAP3K12	3	7.5084e-01	5.1034e-01	0.646991	1
SSTR4	4	7.5093e-01	4.6861e-01	0.606195	1
ZDHHC9	4	7.5100e-01	4.6861e-01	0.606195	1
IQGAP1	4	7.5104e-01	4.6861e-01	0.606195	1
OXNAD1	4	7.5109e-01	4.6861e-01	0.606195	1
KEL	4	7.5113e-01	4.6861e-01	0.606195	1
RASGRF2	4	7.5117e-01	4.6861e-01	0.606195	1
MFSD6L	4	7.5142e-01	4.6861e-01	0.606195	1
OXGR1	4	7.5144e-01	4.6861e-01	0.606195	1
FBXO21	4	7.5162e-01	4.6861e-01	0.606195	1
KDM3B	4	7.5171e-01	4.6861e-01	0.606195	1
HECA	4	7.5179e-01	4.6861e-01	0.606195	1
NRCAM	4	7.5184e-01	4.6861e-01	0.606195	1
KLK4	4	7.5188e-01	4.6861e-01	0.606195	1
TLX3	4	7.5191e-01	4.6861e-01	0.606195	1
ZNF197	4	7.5195e-01	4.6861e-01	0.606195	1
FGF18	4	7.5204e-01	4.6861e-01	0.606195	1
FRAS1	4	7.5264e-01	4.6861e-01	0.606195	1
RUSC1	4	7.5271e-01	4.7022e-01	0.608153	1
OR4B1	4	7.5275e-01	4.7022e-01	0.608153	1
HNRNPA3	4	7.5336e-01	4.7022e-01	0.608153	1
MB21D1	4	7.5340e-01	4.7188e-01	0.609769	1
MTUS2	4	7.5360e-01	4.7188e-01	0.609769	1
KRTAP2-4	4	7.5367e-01	4.7188e-01	0.609769	1
MITD1	4	7.5373e-01	4.7188e-01	0.609769	1
FAM221A	4	7.5396e-01	4.7188e-01	0.609769	1
CCDC37	4	7.5398e-01	4.7188e-01	0.609769	1
QSOX1	4	7.5407e-01	4.7188e-01	0.609769	1
MSH4	4	7.5420e-01	4.7188e-01	0.609769	1
RXFP2	4	7.5432e-01	4.7188e-01	0.609769	1
NDN	4	7.5439e-01	4.7188e-01	0.609769	1
CARD9	4	7.5447e-01	4.7188e-01	0.609769	1
PPP2CB	4	7.5448e-01	4.7188e-01	0.609769	1
TMEM55B	4	7.5485e-01	4.7351e-01	0.611670	1
FABP7	3	7.5507e-01	5.1531e-01	0.651788	1
MOSPD1	4	7.5522e-01	4.7351e-01	0.611670	1
NFATC3	4	7.5530e-01	4.7351e-01	0.611670	1
KRTAP24-1	4	7.5533e-01	4.7351e-01	0.611670	1
GDPD2	4	7.5560e-01	4.7351e-01	0.611670	1
SLITRK6	4	7.5571e-01	4.7519e-01	0.613261	1
FGF4	4	7.5578e-01	4.7519e-01	0.613261	1
WBP2NL	4	7.5583e-01	4.7519e-01	0.613261	1
LACC1	4	7.5589e-01	4.7519e-01	0.613261	1
TRAF7	4	7.5607e-01	4.7519e-01	0.613261	1
EGR1	4	7.5610e-01	4.7519e-01	0.613261	1
TPRX1	4	7.5627e-01	4.7519e-01	0.613261	1
HIST1H3F	4	7.5632e-01	4.7519e-01	0.613261	1
TOR1AIP1	4	7.5637e-01	4.7519e-01	0.613261	1
APOBEC3B	4	7.5639e-01	4.7519e-01	0.613261	1
ZNF771	4	7.5666e-01	4.7519e-01	0.613261	1
PSMD9	4	7.5679e-01	4.7519e-01	0.613261	1
OR5AC2	4	7.5711e-01	4.7519e-01	0.613261	1
HIST1H2BO	4	7.5714e-01	4.7519e-01	0.613261	1
SPTBN1	4	7.5718e-01	4.7681e-01	0.615180	1
MYO1D	4	7.5722e-01	4.7681e-01	0.615180	1
GRIK2	4	7.5734e-01	4.7681e-01	0.615180	1
MICAL1	4	7.5739e-01	4.7681e-01	0.615180	1
PRKCDBP	4	7.5754e-01	4.7842e-01	0.617052	1
SCN1A	4	7.5766e-01	4.7842e-01	0.617052	1
KRTDAP	4	7.5769e-01	4.7842e-01	0.617052	1
DHCR24	4	7.5791e-01	4.7842e-01	0.617052	1
TFF2	4	7.5795e-01	4.7842e-01	0.617052	1
RBAK	4	7.5834e-01	4.8002e-01	0.618075	1
FHL5	4	7.5854e-01	4.8002e-01	0.618075	1
RABL2B	4	7.5855e-01	4.8002e-01	0.618075	1
TEX38	4	7.5859e-01	4.8002e-01	0.618075	1
HYKK	4	7.5882e-01	4.8002e-01	0.618075	1
FCRL2	4	7.5884e-01	4.8002e-01	0.618075	1
PAPPA2	4	7.5890e-01	4.8002e-01	0.618075	1
PLP1	4	7.5916e-01	4.8002e-01	0.618075	1
CELA2A	4	7.5923e-01	4.8002e-01	0.618075	1
NEU4	4	7.5941e-01	4.8002e-01	0.618075	1
WIF1	4	7.5999e-01	4.8002e-01	0.618075	1
KCNN3	4	7.6005e-01	4.8002e-01	0.618075	1
STYXL1	4	7.6006e-01	4.8002e-01	0.618075	1
KIAA1755	4	7.6042e-01	4.8002e-01	0.618075	1
CYR61	4	7.6053e-01	4.8002e-01	0.618075	1
PNLDC1	4	7.6054e-01	4.8002e-01	0.618075	1
MMRN2	4	7.6064e-01	4.8002e-01	0.618075	1
SYDE2	4	7.6070e-01	4.8002e-01	0.618075	1
APEH	4	7.6072e-01	4.8002e-01	0.618075	1
GNA15	4	7.6084e-01	4.8002e-01	0.618075	1
GXYLT2	4	7.6091e-01	4.8002e-01	0.618075	1
ZNF764	4	7.6093e-01	4.8002e-01	0.618075	1
MAP3K14	4	7.6120e-01	4.8002e-01	0.618075	1
CASK	4	7.6139e-01	4.8002e-01	0.618075	1
KLK1	4	7.6159e-01	4.8002e-01	0.618075	1
RFESD	4	7.6192e-01	4.8165e-01	0.620086	1
ZNF426	4	7.6196e-01	4.8165e-01	0.620086	1
EIF2AK3	4	7.6201e-01	4.8327e-01	0.621210	1
MYBL2	4	7.6206e-01	4.8327e-01	0.621210	1
GJB1	4	7.6212e-01	4.8327e-01	0.621210	1
MYOM1	4	7.6217e-01	4.8327e-01	0.621210	1
CWF19L1	4	7.6229e-01	4.8327e-01	0.621210	1
PRSS56	4	7.6233e-01	4.8327e-01	0.621210	1
PTF1A	4	7.6246e-01	4.8327e-01	0.621210	1
KCNH2	4	7.6291e-01	4.8327e-01	0.621210	1
FUCA2	4	7.6301e-01	4.8327e-01	0.621210	1
ALOX15B	4	7.6312e-01	4.8327e-01	0.621210	1
CBX5	4	7.6336e-01	4.8327e-01	0.621210	1
HNF4G	4	7.6345e-01	4.8327e-01	0.621210	1
NEK3	4	7.6350e-01	4.8327e-01	0.621210	1
UEVLD	4	7.6354e-01	4.8327e-01	0.621210	1
HAPLN3	4	7.6370e-01	4.8327e-01	0.621210	1
ERN1	3	7.6373e-01	5.2697e-01	0.663306	1
GAPT	4	7.6377e-01	4.8327e-01	0.621210	1
OR2T35	4	7.6385e-01	4.8327e-01	0.621210	1
EP300	4	7.6399e-01	4.8327e-01	0.621210	1
KLHL24	4	7.6408e-01	4.8327e-01	0.621210	1
PLA2G3	4	7.6417e-01	4.8327e-01	0.621210	1
ZNF470	4	7.6419e-01	4.8327e-01	0.621210	1
LOC100287036	4	7.6426e-01	4.8327e-01	0.621210	1
PTPRC	4	7.6431e-01	4.8327e-01	0.621210	1
TAS2R31	4	7.6472e-01	4.8488e-01	0.623149	1
G3BP2	4	7.6475e-01	4.8488e-01	0.623149	1
CALCB	4	7.6508e-01	4.8488e-01	0.623149	1
CALR	4	7.6517e-01	4.8818e-01	0.627268	1
APOM	4	7.6526e-01	4.8818e-01	0.627268	1
SH3D19	4	7.6526e-01	4.8818e-01	0.627268	1
P2RY11	4	7.6562e-01	4.8981e-01	0.628859	1
PRSS16	4	7.6564e-01	4.8981e-01	0.628859	1
PER2	4	7.6576e-01	4.8981e-01	0.628859	1
SLC22A31	4	7.6581e-01	4.8981e-01	0.628859	1
RIPK1	4	7.6590e-01	4.8981e-01	0.628859	1
PDE11A	4	7.6630e-01	4.8981e-01	0.628859	1
ZXDA	4	7.6639e-01	4.8981e-01	0.628859	1
SCAMP4	4	7.6652e-01	4.8981e-01	0.628859	1
SEMG1	4	7.6675e-01	4.8981e-01	0.628859	1
KRT26	4	7.6691e-01	4.8981e-01	0.628859	1
C7orf60	4	7.6710e-01	4.8981e-01	0.628859	1
TMEM249	4	7.6713e-01	4.8981e-01	0.628859	1
TIMP1	4	7.6729e-01	4.9141e-01	0.629934	1
PASK	4	7.6736e-01	4.9141e-01	0.629934	1
TRPC5OS	4	7.6746e-01	4.9141e-01	0.629934	1
OPN1SW	4	7.6748e-01	4.9141e-01	0.629934	1
LRRK1	4	7.6751e-01	4.9141e-01	0.629934	1
FAM9C	4	7.6756e-01	4.9141e-01	0.629934	1
ALOXE3	4	7.6786e-01	4.9141e-01	0.629934	1
MYO1B	4	7.6789e-01	4.9141e-01	0.629934	1
C2orf83	4	7.6797e-01	4.9141e-01	0.629934	1
ATP2A1	4	7.6805e-01	4.9141e-01	0.629934	1
CYP27B1	4	7.6812e-01	4.9141e-01	0.629934	1
CDC42EP3	4	7.6850e-01	4.9141e-01	0.629934	1
MPC2	4	7.6864e-01	4.9141e-01	0.629934	1
DCAF12	4	7.6868e-01	4.9141e-01	0.629934	1
THAP3	4	7.6907e-01	4.9141e-01	0.629934	1
EID2	4	7.6923e-01	4.9141e-01	0.629934	1
HTRA1	4	7.6926e-01	4.9141e-01	0.629934	1
VAX2	4	7.6928e-01	4.9141e-01	0.629934	1
TCF19	4	7.6928e-01	4.9141e-01	0.629934	1
UPK3A	4	7.6933e-01	4.9141e-01	0.629934	1
TTC16	4	7.6955e-01	4.9141e-01	0.629934	1
C9orf69	4	7.6964e-01	4.9141e-01	0.629934	1
ZNF512B	4	7.6970e-01	4.9141e-01	0.629934	1
SH2D1A	4	7.7007e-01	4.9303e-01	0.631509	1
KDF1	4	7.7016e-01	4.9303e-01	0.631509	1
XAGE2	4	7.7024e-01	4.9303e-01	0.631509	1
HIST1H2AM	4	7.7027e-01	4.9303e-01	0.631509	1
NUAK1	4	7.7044e-01	4.9303e-01	0.631509	1
SMO	4	7.7058e-01	4.9304e-01	0.631509	1
MALT1	4	7.7072e-01	4.9304e-01	0.631509	1
STON2	4	7.7075e-01	4.9304e-01	0.631509	1
VPS13A	4	7.7077e-01	4.9304e-01	0.631509	1
FBN1	4	7.7084e-01	4.9304e-01	0.631509	1
CRYBB3	4	7.7086e-01	4.9304e-01	0.631509	1
GABRR2	4	7.7090e-01	4.9304e-01	0.631509	1
CREB3L4	4	7.7094e-01	4.9464e-01	0.633085	1
KDM5A	4	7.7097e-01	4.9464e-01	0.633085	1
CBX2	4	7.7103e-01	4.9464e-01	0.633085	1
NR1D1	4	7.7109e-01	4.9464e-01	0.633085	1
BVES	4	7.7115e-01	4.9464e-01	0.633085	1
ZNF226	4	7.7116e-01	4.9464e-01	0.633085	1
ABL1	4	7.7127e-01	4.9464e-01	0.633085	1
OR7G3	4	7.7164e-01	4.9464e-01	0.633085	1
PRAMEF4	4	7.7185e-01	4.9622e-01	0.633085	1
FUT1	4	7.7191e-01	4.9622e-01	0.633085	1
CRB2	4	7.7198e-01	4.9622e-01	0.633085	1
ZSCAN25	4	7.7203e-01	4.9622e-01	0.633085	1
BARX2	4	7.7229e-01	4.9622e-01	0.633085	1
FRMPD4	4	7.7241e-01	4.9622e-01	0.633085	1
TCTEX1D4	4	7.7255e-01	4.9622e-01	0.633085	1
ZNF135	4	7.7266e-01	4.9622e-01	0.633085	1
WDR27	4	7.7273e-01	4.9622e-01	0.633085	1
RASSF5	4	7.7280e-01	4.9622e-01	0.633085	1
EXOC3L2	4	7.7285e-01	4.9622e-01	0.633085	1
UQCRC1	4	7.7287e-01	4.9622e-01	0.633085	1
HHLA2	4	7.7290e-01	4.9622e-01	0.633085	1
SLC2A4	4	7.7292e-01	4.9622e-01	0.633085	1
SCGB1A1	4	7.7297e-01	4.9622e-01	0.633085	1
SRI	4	7.7309e-01	4.9622e-01	0.633085	1
MAB21L3	4	7.7336e-01	4.9622e-01	0.633085	1
EPHA6	4	7.7340e-01	4.9622e-01	0.633085	1
EIF4G3	4	7.7345e-01	4.9622e-01	0.633085	1
VDAC2	4	7.7357e-01	4.9622e-01	0.633085	1
ECH1	4	7.7367e-01	4.9622e-01	0.633085	1
ELFN1	4	7.7377e-01	4.9622e-01	0.633085	1
USP12	4	7.7394e-01	4.9622e-01	0.633085	1
ROBO2	4	7.7397e-01	4.9622e-01	0.633085	1
SLC39A11	4	7.7407e-01	4.9622e-01	0.633085	1
DEK	4	7.7414e-01	4.9622e-01	0.633085	1
NEK4	4	7.7457e-01	4.9622e-01	0.633085	1
SPAST	4	7.7465e-01	4.9622e-01	0.633085	1
MAATS1	4	7.7474e-01	4.9622e-01	0.633085	1
OR5H14	4	7.7499e-01	4.9622e-01	0.633085	1
SYNJ2BP	4	7.7511e-01	4.9622e-01	0.633085	1
FAM104B	4	7.7516e-01	4.9622e-01	0.633085	1
SLFN5	4	7.7528e-01	4.9622e-01	0.633085	1
GPR82	4	7.7543e-01	4.9622e-01	0.633085	1
DUSP16	4	7.7556e-01	4.9622e-01	0.633085	1
GNG13	4	7.7566e-01	4.9622e-01	0.633085	1
IL36B	4	7.7568e-01	4.9622e-01	0.633085	1
CHCHD5	4	7.7580e-01	4.9622e-01	0.633085	1
WNT16	4	7.7587e-01	4.9622e-01	0.633085	1
PKD1L3	4	7.7595e-01	4.9622e-01	0.633085	1
CYP20A1	4	7.7597e-01	4.9622e-01	0.633085	1
TMEM100	4	7.7614e-01	4.9622e-01	0.633085	1
AADACL3	4	7.7617e-01	4.9622e-01	0.633085	1
ASPDH	4	7.7624e-01	4.9622e-01	0.633085	1
SLC38A11	4	7.7625e-01	4.9622e-01	0.633085	1
THAP5	4	7.7637e-01	4.9622e-01	0.633085	1
BPY2	4	7.7640e-01	4.9622e-01	0.633085	1
ANGPTL4	4	7.7651e-01	4.9622e-01	0.633085	1
OR5K2	4	7.7669e-01	4.9622e-01	0.633085	1
LOC102723859	4	7.7674e-01	4.9622e-01	0.633085	1
BPHL	4	7.7694e-01	4.9622e-01	0.633085	1
COLCA2	4	7.7706e-01	4.9786e-01	0.634845	1
HMOX1	4	7.7708e-01	4.9786e-01	0.634845	1
PTER	4	7.7714e-01	4.9786e-01	0.634845	1
RMDN2	4	7.7718e-01	4.9786e-01	0.634845	1
CHAD	4	7.7721e-01	4.9786e-01	0.634845	1
RGL3	4	7.7729e-01	4.9786e-01	0.634845	1
RALGDS	4	7.7733e-01	4.9786e-01	0.634845	1
CSDC2	4	7.7740e-01	4.9786e-01	0.634845	1
MSX2	4	7.7770e-01	4.9951e-01	0.636471	1
BEX4	4	7.7791e-01	4.9951e-01	0.636471	1
PANK1	4	7.7800e-01	4.9951e-01	0.636471	1
SELL	4	7.7818e-01	4.9951e-01	0.636471	1
PRTFDC1	4	7.7847e-01	4.9951e-01	0.636471	1
PTPN18	4	7.7853e-01	4.9951e-01	0.636471	1
MSH2	4	7.7870e-01	4.9951e-01	0.636471	1
ARL10	4	7.7872e-01	4.9951e-01	0.636471	1
ZNF564	4	7.7882e-01	4.9951e-01	0.636471	1
GRIN2A	4	7.7890e-01	4.9951e-01	0.636471	1
SLC2A9	4	7.7893e-01	4.9951e-01	0.636471	1
SLITRK1	4	7.7898e-01	5.0115e-01	0.638349	1
KLK13	4	7.7907e-01	5.0115e-01	0.638349	1
MED13L	4	7.7917e-01	5.0115e-01	0.638349	1
PRLH	4	7.7922e-01	5.0115e-01	0.638349	1
CMTM1	4	7.7927e-01	5.0115e-01	0.638349	1
CCDC83	4	7.7943e-01	5.0277e-01	0.640370	1
NFKBIL1	4	7.7990e-01	5.0609e-01	0.643193	1
POTEM	4	7.8007e-01	5.0609e-01	0.643193	1
SMAD1	4	7.8013e-01	5.0609e-01	0.643193	1
RNF7	4	7.8021e-01	5.0609e-01	0.643193	1
KRT75	4	7.8041e-01	5.0609e-01	0.643193	1
SHE	4	7.8045e-01	5.0609e-01	0.643193	1
ASXL3	4	7.8046e-01	5.0609e-01	0.643193	1
SEPTIN4	4	7.8056e-01	5.0609e-01	0.643193	1
MAGEF1	4	7.8061e-01	5.0609e-01	0.643193	1
ZNF493	4	7.8086e-01	5.0609e-01	0.643193	1
KBTBD8	4	7.8096e-01	5.0609e-01	0.643193	1
JMY	4	7.8098e-01	5.0609e-01	0.643193	1
DEFA6	4	7.8101e-01	5.0609e-01	0.643193	1
ARV1	4	7.8103e-01	5.0609e-01	0.643193	1
TOPAZ1	4	7.8110e-01	5.0609e-01	0.643193	1
STAMBP	4	7.8114e-01	5.0609e-01	0.643193	1
SORCS2	4	7.8134e-01	5.0609e-01	0.643193	1
OR13C5	4	7.8141e-01	5.0609e-01	0.643193	1
DFNA5	4	7.8146e-01	5.0609e-01	0.643193	1
ZNF394	4	7.8147e-01	5.0609e-01	0.643193	1
FAM65C	4	7.8152e-01	5.0609e-01	0.643193	1
MAF	4	7.8169e-01	5.0609e-01	0.643193	1
DAZ1	4	7.8179e-01	5.0609e-01	0.643193	1
BCL7B	4	7.8185e-01	5.0609e-01	0.643193	1
CHP1	4	7.8190e-01	5.0609e-01	0.643193	1
RNASEH2B	4	7.8225e-01	5.0609e-01	0.643193	1
RASAL2	4	7.8227e-01	5.0609e-01	0.643193	1
ANO3	4	7.8245e-01	5.0609e-01	0.643193	1
WISP3	4	7.8268e-01	5.0609e-01	0.643193	1
RAD51AP1	4	7.8269e-01	5.0609e-01	0.643193	1
PCDHB1	4	7.8276e-01	5.0609e-01	0.643193	1
SNAP47	4	7.8296e-01	5.0609e-01	0.643193	1
HOMER1	4	7.8297e-01	5.0609e-01	0.643193	1
ALDH16A1	4	7.8309e-01	5.0769e-01	0.644798	1
UGT2B4	4	7.8311e-01	5.0769e-01	0.644798	1
ZSCAN29	4	7.8329e-01	5.0769e-01	0.644798	1
RTTN	4	7.8337e-01	5.0769e-01	0.644798	1
ZNF260	3	7.8345e-01	5.4847e-01	0.685810	1
SCYL2	4	7.8348e-01	5.0769e-01	0.644798	1
ZNF780B	4	7.8352e-01	5.0769e-01	0.644798	1
SNX13	4	7.8353e-01	5.0769e-01	0.644798	1
NPM2	4	7.8358e-01	5.0769e-01	0.644798	1
DEFB106B	2	7.8363e-01	5.3169e-01	0.667725	0
NPTX1	4	7.8371e-01	5.0769e-01	0.644798	1
C12orf71	4	7.8379e-01	5.0769e-01	0.644798	1
ZDHHC1	4	7.8427e-01	5.0935e-01	0.645787	1
HBG2	4	7.8434e-01	5.0935e-01	0.645787	1
IPO4	4	7.8448e-01	5.0935e-01	0.645787	1
ANKRD33	4	7.8457e-01	5.0935e-01	0.645787	1
SPATA17	4	7.8462e-01	5.0935e-01	0.645787	1
CCDC74A	4	7.8476e-01	5.0935e-01	0.645787	1
GPR39	4	7.8484e-01	5.0935e-01	0.645787	1
STK17B	4	7.8501e-01	5.0935e-01	0.645787	1
OR10G7	4	7.8504e-01	5.0935e-01	0.645787	1
CACNA2D4	4	7.8507e-01	5.0935e-01	0.645787	1
HSPA1B	4	7.8512e-01	5.0935e-01	0.645787	1
HTR7	4	7.8515e-01	5.0935e-01	0.645787	1
TTC25	4	7.8522e-01	5.0935e-01	0.645787	1
ITGB4	4	7.8527e-01	5.0935e-01	0.645787	1
ZAN	4	7.8531e-01	5.0935e-01	0.645787	1
TCEA2	4	7.8531e-01	5.0935e-01	0.645787	1
ZNF665	4	7.8538e-01	5.0935e-01	0.645787	1
DRICH1	4	7.8558e-01	5.0935e-01	0.645787	1
CBY1	4	7.8561e-01	5.0935e-01	0.645787	1
GRIP2	4	7.8564e-01	5.0935e-01	0.645787	1
CHKA	4	7.8574e-01	5.0935e-01	0.645787	1
DEFB110	4	7.8594e-01	5.0935e-01	0.645787	1
CST3	4	7.8597e-01	5.0935e-01	0.645787	1
RBM46	4	7.8605e-01	5.0935e-01	0.645787	1
OTUB2	4	7.8615e-01	5.0935e-01	0.645787	1
TCEAL7	4	7.8638e-01	5.0935e-01	0.645787	1
LAP3	4	7.8651e-01	5.1097e-01	0.647454	1
FOXR1	4	7.8657e-01	5.1097e-01	0.647454	1
ZNF805	4	7.8660e-01	5.1097e-01	0.647454	1
SLC26A8	4	7.8664e-01	5.1097e-01	0.647454	1
SLC6A1	4	7.8672e-01	5.1097e-01	0.647454	1
BIN1	4	7.8683e-01	5.1097e-01	0.647454	1
MAPK14	4	7.8693e-01	5.1097e-01	0.647454	1
WSB2	4	7.8698e-01	5.1097e-01	0.647454	1
SOWAHB	4	7.8709e-01	5.1259e-01	0.648434	1
GREM2	4	7.8716e-01	5.1259e-01	0.648434	1
KRT35	4	7.8719e-01	5.1259e-01	0.648434	1
PSAP	4	7.8726e-01	5.1259e-01	0.648434	1
TMEM62	4	7.8728e-01	5.1259e-01	0.648434	1
ZNF700	4	7.8732e-01	5.1259e-01	0.648434	1
ZSCAN16	4	7.8754e-01	5.1259e-01	0.648434	1
TRAF4	4	7.8774e-01	5.1259e-01	0.648434	1
ST5	4	7.8787e-01	5.1259e-01	0.648434	1
MDH1	4	7.8791e-01	5.1259e-01	0.648434	1
MIR1-1HG	4	7.8793e-01	5.1259e-01	0.648434	1
ATP7B	4	7.8803e-01	5.1259e-01	0.648434	1
HOXA13	4	7.8814e-01	5.1259e-01	0.648434	1
JAKMIP2	4	7.8821e-01	5.1259e-01	0.648434	1
LAMA4	4	7.8822e-01	5.1259e-01	0.648434	1
PLEKHG1	4	7.8825e-01	5.1259e-01	0.648434	1
SERPINA10	4	7.8845e-01	5.1259e-01	0.648434	1
RNF5	4	7.8850e-01	5.1259e-01	0.648434	1
OR52N2	4	7.8878e-01	5.1259e-01	0.648434	1
PRDM5	4	7.8904e-01	5.1259e-01	0.648434	1
RD3	4	7.8927e-01	5.1259e-01	0.648434	1
BATF3	4	7.8933e-01	5.1259e-01	0.648434	1
RAB11FIP2	4	7.8937e-01	5.1259e-01	0.648434	1
LOC101929983	4	7.8942e-01	5.1259e-01	0.648434	1
PRSS27	4	7.8949e-01	5.1259e-01	0.648434	1
SGCB	4	7.8959e-01	5.1423e-01	0.650457	1
CD109	4	7.8966e-01	5.1588e-01	0.651860	1
ELK1	4	7.9006e-01	5.1588e-01	0.651860	1
HOXC12	4	7.9017e-01	5.1588e-01	0.651860	1
CPNE1	4	7.9022e-01	5.1588e-01	0.651860	1
TBX22	4	7.9023e-01	5.1588e-01	0.651860	1
C9orf163	4	7.9035e-01	5.1588e-01	0.651860	1
APOBEC2	4	7.9038e-01	5.1588e-01	0.651860	1
UGT2B7	4	7.9046e-01	5.1588e-01	0.651860	1
LOC388780	4	7.9075e-01	5.1588e-01	0.651860	1
RASGRP1	4	7.9084e-01	5.1588e-01	0.651860	1
HDAC4	4	7.9087e-01	5.1588e-01	0.651860	1
TNIP2	4	7.9095e-01	5.1588e-01	0.651860	1
MSH5	4	7.9099e-01	5.1588e-01	0.651860	1
IGSF22	4	7.9110e-01	5.1588e-01	0.651860	1
ATP9B	4	7.9129e-01	5.1588e-01	0.651860	1
VEZF1	4	7.9134e-01	5.1752e-01	0.652812	1
BTLA	4	7.9154e-01	5.1752e-01	0.652812	1
NIN	4	7.9158e-01	5.1752e-01	0.652812	1
NPY1R	4	7.9166e-01	5.1752e-01	0.652812	1
BTN3A3	4	7.9172e-01	5.1752e-01	0.652812	1
IL13RA1	4	7.9180e-01	5.1752e-01	0.652812	1
AOAH	4	7.9198e-01	5.1752e-01	0.652812	1
COL9A3	4	7.9201e-01	5.1752e-01	0.652812	1
KCNK3	4	7.9204e-01	5.1752e-01	0.652812	1
RAB3B	4	7.9205e-01	5.1752e-01	0.652812	1
TRPM1	4	7.9209e-01	5.1752e-01	0.652812	1
P2RX6	4	7.9210e-01	5.1752e-01	0.652812	1
B3GAT1	4	7.9228e-01	5.1752e-01	0.652812	1
USP17L4	4	7.9231e-01	5.1752e-01	0.652812	1
CAPS	4	7.9247e-01	5.1752e-01	0.652812	1
DCUN1D1	4	7.9255e-01	5.1752e-01	0.652812	1
CCDC126	4	7.9274e-01	5.1752e-01	0.652812	1
SEC11C	4	7.9277e-01	5.1752e-01	0.652812	1
CERK	4	7.9288e-01	5.1752e-01	0.652812	1
LGALS8	4	7.9298e-01	5.1752e-01	0.652812	1
PRKCH	4	7.9307e-01	5.1752e-01	0.652812	1
ZNF555	4	7.9318e-01	5.1752e-01	0.652812	1
SCRIB	4	7.9326e-01	5.1752e-01	0.652812	1
PDZD8	4	7.9337e-01	5.1752e-01	0.652812	1
GREB1	4	7.9352e-01	5.1752e-01	0.652812	1
UTS2R	4	7.9353e-01	5.1752e-01	0.652812	1
CKB	4	7.9364e-01	5.1915e-01	0.654731	1
TUBB2B	4	7.9370e-01	5.1915e-01	0.654731	1
IGLL1	4	7.9377e-01	5.1915e-01	0.654731	1
POU5F1B	4	7.9396e-01	5.2081e-01	0.656437	1
KLHDC1	4	7.9424e-01	5.2081e-01	0.656437	1
DENND3	4	7.9432e-01	5.2081e-01	0.656437	1
BTBD18	4	7.9454e-01	5.2081e-01	0.656437	1
ALDOC	4	7.9458e-01	5.2081e-01	0.656437	1
GFRA1	4	7.9484e-01	5.2081e-01	0.656437	1
NRK	4	7.9499e-01	5.2081e-01	0.656437	1
PADI6	4	7.9506e-01	5.2081e-01	0.656437	1
SPATA45	4	7.9514e-01	5.2081e-01	0.656437	1
C6orf163	4	7.9529e-01	5.2245e-01	0.658422	1
TMEM184B	4	7.9551e-01	5.2245e-01	0.658422	1
OR6C75	4	7.9598e-01	5.2406e-01	0.660011	1
SAT2	4	7.9599e-01	5.2406e-01	0.660011	1
ACTL6B	4	7.9610e-01	5.2406e-01	0.660011	1
ZDHHC14	4	7.9613e-01	5.2406e-01	0.660011	1
LRRC46	4	7.9626e-01	5.2406e-01	0.660011	1
TDRD3	4	7.9629e-01	5.2406e-01	0.660011	1
CEP131	4	7.9645e-01	5.2406e-01	0.660011	1
IL26	4	7.9648e-01	5.2406e-01	0.660011	1
ABCD2	4	7.9654e-01	5.2406e-01	0.660011	1
OPRK1	4	7.9657e-01	5.2406e-01	0.660011	1
SPATA8	4	7.9723e-01	5.2733e-01	0.663306	1
TNNI3	4	7.9727e-01	5.2733e-01	0.663306	1
ISM2	4	7.9729e-01	5.2733e-01	0.663306	1
INSRR	4	7.9732e-01	5.2733e-01	0.663306	1
TRPC6	4	7.9734e-01	5.2733e-01	0.663306	1
SLC2A11	4	7.9739e-01	5.2733e-01	0.663306	1
SPATC1	4	7.9750e-01	5.2733e-01	0.663306	1
OR6C1	4	7.9765e-01	5.2733e-01	0.663306	1
ZCCHC8	4	7.9768e-01	5.2733e-01	0.663306	1
NTSR1	4	7.9770e-01	5.2733e-01	0.663306	1
ZBED6CL	4	7.9778e-01	5.2733e-01	0.663306	1
FAM206A	4	7.9806e-01	5.2733e-01	0.663306	1
MTSS1	4	7.9810e-01	5.2733e-01	0.663306	1
PRODH	4	7.9814e-01	5.2733e-01	0.663306	1
B4GALT4	4	7.9824e-01	5.2733e-01	0.663306	1
NFATC2IP	4	7.9826e-01	5.2733e-01	0.663306	1
IL2RG	4	7.9846e-01	5.2733e-01	0.663306	1
FOXO4	4	7.9848e-01	5.2733e-01	0.663306	1
OXT	4	7.9874e-01	5.2900e-01	0.665049	1
JADE3	4	7.9884e-01	5.2900e-01	0.665049	1
ZZEF1	4	7.9887e-01	5.2900e-01	0.665049	1
ZNF554	4	7.9893e-01	5.2900e-01	0.665049	1
SGTB	4	7.9896e-01	5.2900e-01	0.665049	1
OR2J2	4	7.9899e-01	5.2900e-01	0.665049	1
GTF2I	4	7.9905e-01	5.2900e-01	0.665049	1
GLIS3	4	7.9911e-01	5.2900e-01	0.665049	1
GPA33	4	7.9932e-01	5.3065e-01	0.666468	1
RAB27A	4	7.9936e-01	5.3065e-01	0.666468	1
OLFM1	4	7.9941e-01	5.3065e-01	0.666468	1
TDO2	4	7.9955e-01	5.3065e-01	0.666468	1
SNX30	4	7.9956e-01	5.3065e-01	0.666468	1
TBC1D8B	4	7.9966e-01	5.3065e-01	0.666468	1
APBB3	4	7.9970e-01	5.3065e-01	0.666468	1
ARHGEF10L	4	7.9981e-01	5.3065e-01	0.666468	1
TRA2B	4	8.0012e-01	5.3065e-01	0.666468	1
CSMD1	4	8.0023e-01	5.3065e-01	0.666468	1
DEFB131	4	8.0031e-01	5.3065e-01	0.666468	1
AZU1	4	8.0038e-01	5.3065e-01	0.666468	1
DFFB	4	8.0057e-01	5.3065e-01	0.666468	1
SATB2	4	8.0059e-01	5.3065e-01	0.666468	1
ADCY2	4	8.0072e-01	5.3065e-01	0.666468	1
FNDC8	4	8.0082e-01	5.3227e-01	0.668280	1
DTWD2	4	8.0085e-01	5.3227e-01	0.668280	1
SLC38A7	4	8.0091e-01	5.3227e-01	0.668280	1
SLC39A6	4	8.0094e-01	5.3227e-01	0.668280	1
CAPN13	4	8.0111e-01	5.3383e-01	0.670110	1
TCP11L2	4	8.0128e-01	5.3383e-01	0.670110	1
PLIN3	4	8.0143e-01	5.3383e-01	0.670110	1
SYNRG	4	8.0186e-01	5.3548e-01	0.672091	1
IDO2	4	8.0220e-01	5.3548e-01	0.672091	1
ZIM3	4	8.0251e-01	5.3871e-01	0.675797	1
LYSMD3	4	8.0261e-01	5.3871e-01	0.675797	1
XPC	4	8.0263e-01	5.3871e-01	0.675797	1
UGT1A1	4	8.0266e-01	5.3871e-01	0.675797	1
PDK2	4	8.0272e-01	5.3871e-01	0.675797	1
TUBA3E	4	8.0283e-01	5.3871e-01	0.675797	1
KIF5C	4	8.0297e-01	5.3871e-01	0.675797	1
COX6B2	4	8.0301e-01	5.3871e-01	0.675797	1
RNASE10	4	8.0317e-01	5.4033e-01	0.677695	1
SPATA31D4	4	8.0358e-01	5.4033e-01	0.677695	1
ZNF10	4	8.0370e-01	5.4033e-01	0.677695	1
ANGPTL3	4	8.0378e-01	5.4198e-01	0.679713	1
OR11L1	4	8.0382e-01	5.4358e-01	0.680336	1
RHCG	4	8.0390e-01	5.4358e-01	0.680336	1
ZNF667	4	8.0397e-01	5.4358e-01	0.680336	1
ZNF446	4	8.0411e-01	5.4358e-01	0.680336	1
ACOX1	4	8.0413e-01	5.4358e-01	0.680336	1
PIK3C2B	4	8.0422e-01	5.4358e-01	0.680336	1
FAM19A3	4	8.0425e-01	5.4358e-01	0.680336	1
SNRPB2	4	8.0448e-01	5.4358e-01	0.680336	1
PRSS33	4	8.0462e-01	5.4358e-01	0.680336	1
RAB11B	3	8.0467e-01	5.7480e-01	0.710663	1
HIPK2	4	8.0474e-01	5.4358e-01	0.680336	1
ETV6	4	8.0488e-01	5.4358e-01	0.680336	1
PQLC3	4	8.0498e-01	5.4358e-01	0.680336	1
RAB19	4	8.0519e-01	5.4358e-01	0.680336	1
AVPR1A	4	8.0528e-01	5.4358e-01	0.680336	1
FAXDC2	4	8.0530e-01	5.4358e-01	0.680336	1
COL4A2	4	8.0540e-01	5.4358e-01	0.680336	1
PLXNB1	4	8.0542e-01	5.4358e-01	0.680336	1
RUFY4	4	8.0565e-01	5.4358e-01	0.680336	1
SLC25A27	4	8.0590e-01	5.4358e-01	0.680336	1
NCKIPSD	4	8.0596e-01	5.4358e-01	0.680336	1
CBY3	4	8.0602e-01	5.4358e-01	0.680336	1
PIM2	4	8.0604e-01	5.4358e-01	0.680336	1
PPP2R2D	4	8.0625e-01	5.4358e-01	0.680336	1
SLC2A2	4	8.0633e-01	5.4358e-01	0.680336	1
PXDC1	4	8.0636e-01	5.4358e-01	0.680336	1
CENPT	4	8.0642e-01	5.4358e-01	0.680336	1
TXNDC16	4	8.0645e-01	5.4358e-01	0.680336	1
AAAS	4	8.0660e-01	5.4358e-01	0.680336	1
KLRG1	4	8.0663e-01	5.4358e-01	0.680336	1
NCK2	4	8.0666e-01	5.4358e-01	0.680336	1
SLC37A1	4	8.0669e-01	5.4358e-01	0.680336	1
TMEM63C	4	8.0691e-01	5.4521e-01	0.681894	1
LACTB2	4	8.0693e-01	5.4521e-01	0.681894	1
MEX3C	4	8.0696e-01	5.4521e-01	0.681894	1
TAP1	4	8.0706e-01	5.4521e-01	0.681894	1
SLC26A2	4	8.0712e-01	5.4521e-01	0.681894	1
CCSAP	4	8.0723e-01	5.4521e-01	0.681894	1
IFT88	4	8.0725e-01	5.4521e-01	0.681894	1
ACSS2	4	8.0731e-01	5.4522e-01	0.681894	1
PHLDA1	4	8.0737e-01	5.4522e-01	0.681894	1
PODN	4	8.0761e-01	5.4522e-01	0.681894	1
NMI	4	8.0765e-01	5.4522e-01	0.681894	1
VMO1	4	8.0791e-01	5.4849e-01	0.685810	1
C9orf153	4	8.0797e-01	5.4849e-01	0.685810	1
EVC2	4	8.0800e-01	5.4849e-01	0.685810	1
CCDC107	4	8.0819e-01	5.5008e-01	0.687304	1
ARFIP2	4	8.0830e-01	5.5008e-01	0.687304	1
LRRC32	4	8.0831e-01	5.5008e-01	0.687304	1
CELF3	4	8.0843e-01	5.5008e-01	0.687304	1
DMKN	4	8.0846e-01	5.5008e-01	0.687304	1
LRRTM3	4	8.0848e-01	5.5008e-01	0.687304	1
ZFYVE19	4	8.0875e-01	5.5008e-01	0.687304	1
BRD3	4	8.0878e-01	5.5008e-01	0.687304	1
UCKL1	4	8.0889e-01	5.5008e-01	0.687304	1
PCDHB11	4	8.0898e-01	5.5008e-01	0.687304	1
KLHL9	4	8.0900e-01	5.5008e-01	0.687304	1
UIMC1	4	8.0919e-01	5.5172e-01	0.687825	1
RSPO3	4	8.0927e-01	5.5172e-01	0.687825	1
PALM2-AKAP2	4	8.0945e-01	5.5172e-01	0.687825	1
ARMC1	4	8.0954e-01	5.5172e-01	0.687825	1
STOML3	4	8.0955e-01	5.5172e-01	0.687825	1
DCAF4L2	4	8.0961e-01	5.5172e-01	0.687825	1
EGFL8	4	8.0966e-01	5.5172e-01	0.687825	1
NLRP11	4	8.0991e-01	5.5172e-01	0.687825	1
PRR4	4	8.0995e-01	5.5172e-01	0.687825	1
CEP104	4	8.1006e-01	5.5172e-01	0.687825	1
CPN2	4	8.1016e-01	5.5172e-01	0.687825	1
MSANTD1	4	8.1028e-01	5.5172e-01	0.687825	1
C17orf107	4	8.1038e-01	5.5172e-01	0.687825	1
HES7	4	8.1043e-01	5.5172e-01	0.687825	1
SLC44A1	4	8.1044e-01	5.5172e-01	0.687825	1
KCNB1	4	8.1061e-01	5.5172e-01	0.687825	1
PPP2R2B	4	8.1062e-01	5.5172e-01	0.687825	1
PKDREJ	4	8.1064e-01	5.5172e-01	0.687825	1
ZFYVE26	4	8.1065e-01	5.5172e-01	0.687825	1
GPATCH2	4	8.1073e-01	5.5172e-01	0.687825	1
SAFB	4	8.1085e-01	5.5172e-01	0.687825	1
PLAC4	4	8.1088e-01	5.5172e-01	0.687825	1
SSC5D	4	8.1098e-01	5.5172e-01	0.687825	1
GAP43	4	8.1104e-01	5.5172e-01	0.687825	1
C17orf77	4	8.1110e-01	5.5172e-01	0.687825	1
BRDT	4	8.1117e-01	5.5172e-01	0.687825	1
LGALS3BP	4	8.1129e-01	5.5172e-01	0.687825	1
SOD3	4	8.1139e-01	5.5172e-01	0.687825	1
ATF2	4	8.1144e-01	5.5172e-01	0.687825	1
MAGED1	4	8.1157e-01	5.5172e-01	0.687825	1
TNFRSF4	4	8.1161e-01	5.5172e-01	0.687825	1
KLHDC2	4	8.1163e-01	5.5172e-01	0.687825	1
PMCH	4	8.1166e-01	5.5172e-01	0.687825	1
HRAS	4	8.1168e-01	5.5172e-01	0.687825	1
SMIM20	4	8.1175e-01	5.5329e-01	0.689736	1
C7orf61	4	8.1189e-01	5.5492e-01	0.690602	1
GPR75	4	8.1219e-01	5.5492e-01	0.690602	1
GHSR	4	8.1231e-01	5.5492e-01	0.690602	1
NTRK1	4	8.1246e-01	5.5492e-01	0.690602	1
PCNX	4	8.1255e-01	5.5492e-01	0.690602	1
CHTOP	4	8.1263e-01	5.5492e-01	0.690602	1
SAMD10	4	8.1277e-01	5.5492e-01	0.690602	1
CR1	4	8.1280e-01	5.5492e-01	0.690602	1
TMED4	4	8.1284e-01	5.5492e-01	0.690602	1
ATP1A2	4	8.1291e-01	5.5492e-01	0.690602	1
ITCH	4	8.1299e-01	5.5492e-01	0.690602	1
ZNF621	4	8.1305e-01	5.5492e-01	0.690602	1
C10orf82	4	8.1309e-01	5.5492e-01	0.690602	1
CCDC57	4	8.1311e-01	5.5492e-01	0.690602	1
CSNK2A2	4	8.1316e-01	5.5492e-01	0.690602	1
GRB7	4	8.1343e-01	5.5492e-01	0.690602	1
CTDSPL2	4	8.1350e-01	5.5492e-01	0.690602	1
OSBPL2	4	8.1352e-01	5.5492e-01	0.690602	1
OR14I1	4	8.1362e-01	5.5492e-01	0.690602	1
AADACL2	4	8.1382e-01	5.5492e-01	0.690602	1
MESP1	4	8.1393e-01	5.5492e-01	0.690602	1
TRPV1	4	8.1397e-01	5.5492e-01	0.690602	1
CCR1	4	8.1404e-01	5.5492e-01	0.690602	1
PBK	4	8.1421e-01	5.5492e-01	0.690602	1
FGFR2	4	8.1434e-01	5.5492e-01	0.690602	1
CDH2	4	8.1438e-01	5.5492e-01	0.690602	1
ANKZF1	4	8.1456e-01	5.5659e-01	0.692500	1
CGNL1	4	8.1465e-01	5.5659e-01	0.692500	1
EIF4A2	4	8.1467e-01	5.5659e-01	0.692500	1
EFHC2	4	8.1469e-01	5.5659e-01	0.692500	1
LTBP4	4	8.1483e-01	5.5821e-01	0.694286	1
NEFL	4	8.1489e-01	5.5821e-01	0.694286	1
C17orf102	4	8.1501e-01	5.5821e-01	0.694286	1
SNAP25	4	8.1508e-01	5.5821e-01	0.694286	1
FSTL4	4	8.1520e-01	5.5821e-01	0.694286	1
C20orf144	4	8.1536e-01	5.5984e-01	0.696272	1
C1QTNF9	4	8.1548e-01	5.6150e-01	0.698241	1
MOB3C	4	8.1553e-01	5.6150e-01	0.698241	1
HGF	4	8.1558e-01	5.6474e-01	0.701588	1
MPST	4	8.1560e-01	5.6474e-01	0.701588	1
DEFA1	4	8.1564e-01	5.6474e-01	0.701588	1
GNG8	4	8.1565e-01	5.6474e-01	0.701588	1
FAM216A	4	8.1577e-01	5.6474e-01	0.701588	1
RGS21	4	8.1584e-01	5.6474e-01	0.701588	1
FAM198A	4	8.1604e-01	5.6474e-01	0.701588	1
TGIF2LY	4	8.1626e-01	5.6474e-01	0.701588	1
DNAJC25-GNG10	4	8.1628e-01	5.6474e-01	0.701588	1
ZNF254	4	8.1641e-01	5.6474e-01	0.701588	1
FUOM	4	8.1655e-01	5.6474e-01	0.701588	1
SLC10A5	4	8.1667e-01	5.6474e-01	0.701588	1
ABCC3	4	8.1668e-01	5.6474e-01	0.701588	1
SETMAR	4	8.1674e-01	5.6474e-01	0.701588	1
STRA8	4	8.1687e-01	5.6474e-01	0.701588	1
FKBP1B	4	8.1691e-01	5.6631e-01	0.703350	1
TTLL2	4	8.1694e-01	5.6631e-01	0.703350	1
FOXR2	4	8.1699e-01	5.6631e-01	0.703350	1
TRPT1	4	8.1700e-01	5.6631e-01	0.703350	1
FAM200B	4	8.1759e-01	5.6797e-01	0.704630	1
CYP1A1	4	8.1774e-01	5.6797e-01	0.704630	1
RAB11FIP1	4	8.1791e-01	5.6797e-01	0.704630	1
NR1D2	4	8.1792e-01	5.6797e-01	0.704630	1
FANCD2OS	4	8.1794e-01	5.6797e-01	0.704630	1
APBB2	4	8.1803e-01	5.6797e-01	0.704630	1
C11orf86	4	8.1807e-01	5.6797e-01	0.704630	1
ATRNL1	4	8.1816e-01	5.6797e-01	0.704630	1
KIR2DL3	4	8.1820e-01	5.6797e-01	0.704630	1
ANKRD12	4	8.1831e-01	5.6797e-01	0.704630	1
PRDM9	4	8.1837e-01	5.6797e-01	0.704630	1
ATXN1	4	8.1857e-01	5.6797e-01	0.704630	1
TMPPE	4	8.1859e-01	5.6797e-01	0.704630	1
GRID2	4	8.1867e-01	5.6797e-01	0.704630	1
UCN3	4	8.1880e-01	5.6797e-01	0.704630	1
TMED1	4	8.1890e-01	5.6797e-01	0.704630	1
RASEF	4	8.1892e-01	5.6797e-01	0.704630	1
FAM47A	4	8.1918e-01	5.6956e-01	0.706514	1
PRMT9	4	8.1922e-01	5.6956e-01	0.706514	1
CEP72	4	8.1938e-01	5.7120e-01	0.707774	1
COL28A1	4	8.1946e-01	5.7120e-01	0.707774	1
OTOA	4	8.1958e-01	5.7120e-01	0.707774	1
OR5L2	4	8.1961e-01	5.7120e-01	0.707774	1
IRGQ	4	8.1981e-01	5.7120e-01	0.707774	1
POLL	4	8.1983e-01	5.7120e-01	0.707774	1
YPEL2	4	8.1995e-01	5.7120e-01	0.707774	1
ILKAP	4	8.2002e-01	5.7120e-01	0.707774	1
ST8SIA3	4	8.2015e-01	5.7120e-01	0.707774	1
OR8D1	4	8.2018e-01	5.7120e-01	0.707774	1
PAPSS2	4	8.2025e-01	5.7120e-01	0.707774	1
PHOX2B	4	8.2033e-01	5.7120e-01	0.707774	1
FZD4	4	8.2035e-01	5.7120e-01	0.707774	1
LYPD3	4	8.2043e-01	5.7120e-01	0.707774	1
ADAM2	4	8.2062e-01	5.7120e-01	0.707774	1
KCTD19	4	8.2076e-01	5.7120e-01	0.707774	1
FRMPD3	4	8.2078e-01	5.7120e-01	0.707774	1
JMJD7	4	8.2083e-01	5.7283e-01	0.709416	1
DNAH12	4	8.2098e-01	5.7283e-01	0.709416	1
SPIN2A	4	8.2106e-01	5.7283e-01	0.709416	1
NGFRAP1	4	8.2110e-01	5.7283e-01	0.709416	1
MYO18A	4	8.2120e-01	5.7283e-01	0.709416	1
RLN2	4	8.2125e-01	5.7283e-01	0.709416	1
GYPC	4	8.2126e-01	5.7283e-01	0.709416	1
FBXO33	4	8.2129e-01	5.7283e-01	0.709416	1
OTOP3	3	8.2161e-01	5.8301e-01	0.719603	1
OR9G1	4	8.2162e-01	5.7442e-01	0.710235	1
NARR	4	8.2166e-01	5.7442e-01	0.710235	1
SPATA31A7	4	8.2170e-01	5.7442e-01	0.710235	1
NEK7	3	8.2179e-01	5.8301e-01	0.719603	1
ABCC11	4	8.2184e-01	5.7442e-01	0.710235	1
OSBPL8	4	8.2223e-01	5.7442e-01	0.710235	1
LOC729159	4	8.2230e-01	5.7442e-01	0.710235	1
SHC3	4	8.2237e-01	5.7442e-01	0.710235	1
TMEM60	4	8.2238e-01	5.7442e-01	0.710235	1
RAB33A	4	8.2258e-01	5.7442e-01	0.710235	1
DSP	4	8.2264e-01	5.7442e-01	0.710235	1
YPEL4	4	8.2268e-01	5.7442e-01	0.710235	1
IGSF9B	4	8.2270e-01	5.7442e-01	0.710235	1
DEF8	4	8.2279e-01	5.7442e-01	0.710235	1
MAP1B	4	8.2292e-01	5.7442e-01	0.710235	1
OPLAH	4	8.2310e-01	5.7442e-01	0.710235	1
ERVV-2	4	8.2323e-01	5.7442e-01	0.710235	1
KRTAP9-3	4	8.2334e-01	5.7442e-01	0.710235	1
OPTN	4	8.2336e-01	5.7442e-01	0.710235	1
RBM27	4	8.2344e-01	5.7442e-01	0.710235	1
DRG1	4	8.2348e-01	5.7442e-01	0.710235	1
CXCL12	4	8.2367e-01	5.7442e-01	0.710235	1
SEPTIN15	4	8.2376e-01	5.7442e-01	0.710235	1
DAB2	4	8.2382e-01	5.7442e-01	0.710235	1
COX7A2L	4	8.2388e-01	5.7442e-01	0.710235	1
IFRD2	4	8.2396e-01	5.7442e-01	0.710235	1
TET1	4	8.2427e-01	5.7598e-01	0.711853	1
C19orf81	4	8.2428e-01	5.7598e-01	0.711853	1
RSPH3	4	8.2433e-01	5.7598e-01	0.711853	1
TDRD7	4	8.2440e-01	5.7599e-01	0.711853	1
LPAR2	4	8.2445e-01	5.7599e-01	0.711853	1
SPATA3	4	8.2449e-01	5.7599e-01	0.711853	1
COQ9	4	8.2458e-01	5.7759e-01	0.713150	1
CFHR3	4	8.2462e-01	5.7759e-01	0.713150	1
BCO2	4	8.2466e-01	5.7759e-01	0.713150	1
FCRL1	4	8.2472e-01	5.7759e-01	0.713150	1
GTPBP2	4	8.2504e-01	5.7759e-01	0.713150	1
ITPR3	4	8.2505e-01	5.7759e-01	0.713150	1
IGSF8	4	8.2517e-01	5.7759e-01	0.713150	1
SLC35B4	4	8.2519e-01	5.7759e-01	0.713150	1
GABRB2	4	8.2522e-01	5.7759e-01	0.713150	1
MAGEB4	4	8.2525e-01	5.7759e-01	0.713150	1
PCGF6	4	8.2531e-01	5.7759e-01	0.713150	1
CD59	4	8.2547e-01	5.7759e-01	0.713150	1
FAM98A	4	8.2552e-01	5.7759e-01	0.713150	1
ANKRD26	4	8.2563e-01	5.7759e-01	0.713150	1
ASXL1	4	8.2567e-01	5.7759e-01	0.713150	1
KLKB1	4	8.2577e-01	5.8076e-01	0.716926	1
DCBLD2	4	8.2596e-01	5.8077e-01	0.716926	1
LOC728485	4	8.2600e-01	5.8077e-01	0.716926	1
MLLT10	4	8.2627e-01	5.8399e-01	0.720581	1
MIA2	4	8.2630e-01	5.8399e-01	0.720581	1
TEX13A	4	8.2644e-01	5.8399e-01	0.720581	1
C3orf80	4	8.2655e-01	5.8399e-01	0.720581	1
BNIP3L	4	8.2663e-01	5.8399e-01	0.720581	1
CEP295NL	4	8.2678e-01	5.8564e-01	0.722103	1
CACNA1A	3	8.2679e-01	5.8802e-01	0.724661	1
HK2	4	8.2681e-01	5.8564e-01	0.722103	1
MTMR2	4	8.2688e-01	5.8564e-01	0.722103	1
TEX12	4	8.2732e-01	5.8564e-01	0.722103	1
PTAFR	4	8.2756e-01	5.8564e-01	0.722103	1
SELT	4	8.2762e-01	5.8564e-01	0.722103	1
IER5	4	8.2766e-01	5.8564e-01	0.722103	1
C16orf52	4	8.2770e-01	5.8564e-01	0.722103	1
ALPPL2	4	8.2778e-01	5.8564e-01	0.722103	1
ADAD1	4	8.2779e-01	5.8564e-01	0.722103	1
CLDN20	4	8.2787e-01	5.8564e-01	0.722103	1
HBZ	4	8.2797e-01	5.8726e-01	0.723778	1
INPPL1	4	8.2799e-01	5.8726e-01	0.723778	1
C1orf194	4	8.2804e-01	5.8726e-01	0.723778	1
ZBED8	4	8.2828e-01	5.8726e-01	0.723778	1
ZNF425	4	8.2831e-01	5.8726e-01	0.723778	1
RHOJ	4	8.2846e-01	5.8726e-01	0.723778	1
PLN	4	8.2847e-01	5.8726e-01	0.723778	1
ZNF585B	4	8.2880e-01	5.8890e-01	0.725184	1
RNF182	4	8.2882e-01	5.8890e-01	0.725184	1
SLFN11	4	8.2888e-01	5.8890e-01	0.725184	1
PATE2	4	8.2890e-01	5.8890e-01	0.725184	1
DCK	4	8.2895e-01	5.8890e-01	0.725184	1
CXCL16	4	8.2897e-01	5.8890e-01	0.725184	1
ZNF358	4	8.2902e-01	5.8890e-01	0.725184	1
SPINT1	4	8.2905e-01	5.8890e-01	0.725184	1
MTHFD1L	4	8.2917e-01	5.8890e-01	0.725184	1
PPT1	4	8.2921e-01	5.8890e-01	0.725184	1
TCF20	4	8.2923e-01	5.8890e-01	0.725184	1
CDK14	4	8.2925e-01	5.8890e-01	0.725184	1
FAM71B	4	8.2939e-01	5.9049e-01	0.726769	1
CIDEA	4	8.2946e-01	5.9049e-01	0.726769	1
TFCP2	4	8.2954e-01	5.9049e-01	0.726769	1
AAMDC	4	8.2956e-01	5.9049e-01	0.726769	1
ARL3	4	8.2967e-01	5.9215e-01	0.728394	1
LY75	4	8.2968e-01	5.9215e-01	0.728394	1
PDXDC1	4	8.2970e-01	5.9215e-01	0.728394	1
SMS	4	8.2976e-01	5.9215e-01	0.728394	1
LOC401052	4	8.2978e-01	5.9215e-01	0.728394	1
TEAD2	4	8.2980e-01	5.9215e-01	0.728394	1
FAM213A	4	8.2991e-01	5.9215e-01	0.728394	1
WDR13	4	8.2998e-01	5.9215e-01	0.728394	1
PDE4C	4	8.3000e-01	5.9215e-01	0.728394	1
RELN	4	8.3017e-01	5.9696e-01	0.733743	1
FAM50B	4	8.3046e-01	5.9696e-01	0.733743	1
H2AFJ	4	8.3048e-01	5.9696e-01	0.733743	1
DBN1	4	8.3056e-01	5.9696e-01	0.733743	1
HOXB3	4	8.3069e-01	5.9696e-01	0.733743	1
FAM64A	4	8.3079e-01	5.9696e-01	0.733743	1
CNBP	4	8.3080e-01	5.9696e-01	0.733743	1
PLEK2	4	8.3090e-01	5.9696e-01	0.733743	1
ABO	4	8.3091e-01	5.9696e-01	0.733743	1
TCF23	4	8.3093e-01	5.9696e-01	0.733743	1
FAM20A	4	8.3104e-01	5.9696e-01	0.733743	1
KLHDC4	4	8.3106e-01	5.9696e-01	0.733743	1
TGFA	4	8.3116e-01	5.9860e-01	0.735423	1
LRRC14B	4	8.3127e-01	5.9860e-01	0.735423	1
ACAP3	4	8.3131e-01	5.9860e-01	0.735423	1
SMAD9	4	8.3142e-01	5.9860e-01	0.735423	1
ZSWIM5	4	8.3144e-01	5.9860e-01	0.735423	1
TSKS	4	8.3147e-01	5.9860e-01	0.735423	1
LCE3C	4	8.3148e-01	5.9860e-01	0.735423	1
WDR83OS	4	8.3155e-01	6.0025e-01	0.736552	1
OR9A4	4	8.3162e-01	6.0025e-01	0.736552	1
NOX3	4	8.3176e-01	6.0025e-01	0.736552	1
PCCA	4	8.3191e-01	6.0025e-01	0.736552	1
CLN5	4	8.3195e-01	6.0025e-01	0.736552	1
LOC388813	4	8.3199e-01	6.0025e-01	0.736552	1
ABCG8	4	8.3219e-01	6.0025e-01	0.736552	1
TMEM200A	4	8.3222e-01	6.0025e-01	0.736552	1
GJA3	4	8.3231e-01	6.0025e-01	0.736552	1
TMEM174	4	8.3237e-01	6.0025e-01	0.736552	1
HERPUD2	4	8.3252e-01	6.0025e-01	0.736552	1
NPVF	4	8.3252e-01	6.0025e-01	0.736552	1
KRT74	4	8.3257e-01	6.0025e-01	0.736552	1
SBNO2	4	8.3260e-01	6.0025e-01	0.736552	1
ANKUB1	4	8.3264e-01	6.0025e-01	0.736552	1
ABHD13	4	8.3280e-01	6.0025e-01	0.736552	1
SERPINF1	4	8.3283e-01	6.0025e-01	0.736552	1
MORN4	4	8.3285e-01	6.0025e-01	0.736552	1
SLC38A3	4	8.3294e-01	6.0025e-01	0.736552	1
IL27	4	8.3300e-01	6.0188e-01	0.738125	1
KRT73	4	8.3308e-01	6.0188e-01	0.738125	1
HSBP1L1	4	8.3312e-01	6.0188e-01	0.738125	1
PRR29	4	8.3316e-01	6.0188e-01	0.738125	1
ZNF124	4	8.3319e-01	6.0188e-01	0.738125	1
IGSF9	4	8.3350e-01	6.0188e-01	0.738125	1
CDHR3	4	8.3365e-01	6.0188e-01	0.738125	1
SLC10A4	4	8.3368e-01	6.0188e-01	0.738125	1
SEC22C	4	8.3376e-01	6.0188e-01	0.738125	1
FAM101A	4	8.3384e-01	6.0352e-01	0.739992	1
DLGAP2	4	8.3389e-01	6.0352e-01	0.739992	1
CLSTN2	4	8.3403e-01	6.0352e-01	0.739992	1
DPP6	4	8.3423e-01	6.0514e-01	0.741794	1
CHST1	4	8.3426e-01	6.0514e-01	0.741794	1
ADAM7	4	8.3428e-01	6.0514e-01	0.741794	1
SAP30	4	8.3444e-01	6.0514e-01	0.741794	1
TIMM23B	4	8.3474e-01	6.0672e-01	0.743306	1
ANKRD2	4	8.3483e-01	6.0672e-01	0.743306	1
PPCS	4	8.3489e-01	6.0672e-01	0.743306	1
C1orf116	4	8.3491e-01	6.0672e-01	0.743306	1
GUSB	4	8.3495e-01	6.0672e-01	0.743306	1
TNFRSF11B	4	8.3497e-01	6.0672e-01	0.743306	1
ARF5	4	8.3500e-01	6.0672e-01	0.743306	1
CCDC28A	4	8.3503e-01	6.0672e-01	0.743306	1
IFNA13	4	8.3507e-01	6.0672e-01	0.743306	1
TIGIT	4	8.3521e-01	6.0836e-01	0.744839	1
POM121L2	4	8.3525e-01	6.0836e-01	0.744839	1
C10orf105	4	8.3538e-01	6.0836e-01	0.744839	1
CLTCL1	4	8.3545e-01	6.0836e-01	0.744839	1
GJB2	4	8.3558e-01	6.0837e-01	0.744839	1
PRR22	4	8.3562e-01	6.0837e-01	0.744839	1
MEIS1	4	8.3564e-01	6.0837e-01	0.744839	1
BCL2L12	4	8.3565e-01	6.0837e-01	0.744839	1
PDHB	4	8.3566e-01	6.0837e-01	0.744839	1
CCDC178	4	8.3581e-01	6.0837e-01	0.744839	1
BACH1	4	8.3594e-01	6.1000e-01	0.746465	1
AKR1A1	4	8.3597e-01	6.1000e-01	0.746465	1
TEK	4	8.3602e-01	6.1000e-01	0.746465	1
ERN2	4	8.3613e-01	6.1000e-01	0.746465	1
TOMM20L	4	8.3614e-01	6.1000e-01	0.746465	1
COL16A1	4	8.3620e-01	6.1001e-01	0.746465	1
PSG11	4	8.3626e-01	6.1001e-01	0.746465	1
AGBL4	4	8.3645e-01	6.1001e-01	0.746465	1
ZNF606	4	8.3659e-01	6.1322e-01	0.748395	1
FAM136A	4	8.3662e-01	6.1322e-01	0.748395	1
CFD	4	8.3685e-01	6.1322e-01	0.748395	1
SLCO2A1	4	8.3694e-01	6.1322e-01	0.748395	1
ABCC12	4	8.3695e-01	6.1322e-01	0.748395	1
SERPINB7	4	8.3698e-01	6.1484e-01	0.748395	1
FUT4	4	8.3699e-01	6.1484e-01	0.748395	1
ADGRA2	4	8.3710e-01	6.1484e-01	0.748395	1
CMTM5	4	8.3722e-01	6.1648e-01	0.748395	1
TMEM144	4	8.3732e-01	6.1648e-01	0.748395	1
GH2	4	8.3746e-01	6.1648e-01	0.748395	1
ARHGDIB	4	8.3754e-01	6.1648e-01	0.748395	1
OR10A2	4	8.3767e-01	6.1648e-01	0.748395	1
L1TD1	4	8.3771e-01	6.1648e-01	0.748395	1
CORO1B	4	8.3775e-01	6.1648e-01	0.748395	1
MICALL1	4	8.3789e-01	6.1648e-01	0.748395	1
PPP1R37	4	8.3797e-01	6.1648e-01	0.748395	1
SUMO1	4	8.3799e-01	6.1648e-01	0.748395	1
GPT	4	8.3822e-01	6.1648e-01	0.748395	1
GPR139	4	8.3828e-01	6.1648e-01	0.748395	1
ZNF285	4	8.3830e-01	6.1648e-01	0.748395	1
ARNTL	4	8.3832e-01	6.1648e-01	0.748395	1
MAST4	4	8.3834e-01	6.1648e-01	0.748395	1
ZBTB39	4	8.3838e-01	6.1648e-01	0.748395	1
LRRC63	4	8.3840e-01	6.1648e-01	0.748395	1
C9orf171	4	8.3842e-01	6.1648e-01	0.748395	1
OR8D2	4	8.3851e-01	6.1648e-01	0.748395	1
DEPDC1	4	8.3880e-01	6.1648e-01	0.748395	1
S1PR2	4	8.3882e-01	6.1648e-01	0.748395	1
MAP4K5	4	8.3886e-01	6.1648e-01	0.748395	1
TMC8	4	8.3899e-01	6.1648e-01	0.748395	1
HGSNAT	4	8.3905e-01	6.1648e-01	0.748395	1
MC5R	4	8.3918e-01	6.1648e-01	0.748395	1
MAEL	4	8.3920e-01	6.1648e-01	0.748395	1
PSORS1C1	4	8.3936e-01	6.1648e-01	0.748395	1
TMEM170B	4	8.3937e-01	6.1648e-01	0.748395	1
LTB	4	8.3938e-01	6.1648e-01	0.748395	1
RIPK4	4	8.3941e-01	6.1648e-01	0.748395	1
STX16	4	8.3942e-01	6.1648e-01	0.748395	1
C15orf39	4	8.3943e-01	6.1648e-01	0.748395	1
CCL26	4	8.3947e-01	6.1648e-01	0.748395	1
MEF2B	4	8.3949e-01	6.1648e-01	0.748395	1
LYPD6	4	8.3960e-01	6.1648e-01	0.748395	1
DCAF11	4	8.3963e-01	6.1648e-01	0.748395	1
LOXL2	4	8.3971e-01	6.1648e-01	0.748395	1
HOXA10	4	8.3976e-01	6.1648e-01	0.748395	1
C19orf43	4	8.3978e-01	6.1648e-01	0.748395	1
LIN28B	4	8.3987e-01	6.1648e-01	0.748395	1
CTAGE1	4	8.4002e-01	6.1648e-01	0.748395	1
PLXNA2	4	8.4005e-01	6.1648e-01	0.748395	1
OR52K2	4	8.4008e-01	6.1648e-01	0.748395	1
OR5B2	4	8.4018e-01	6.1648e-01	0.748395	1
COL4A3	4	8.4023e-01	6.1648e-01	0.748395	1
STK36	4	8.4027e-01	6.1648e-01	0.748395	1
SLC6A19	4	8.4038e-01	6.1648e-01	0.748395	1
IFNA16	4	8.4039e-01	6.1648e-01	0.748395	1
BCL9L	4	8.4043e-01	6.1648e-01	0.748395	1
PRR12	4	8.4047e-01	6.1648e-01	0.748395	1
C15orf27	4	8.4056e-01	6.1648e-01	0.748395	1
LEKR1	4	8.4070e-01	6.1648e-01	0.748395	1
UAP1L1	4	8.4076e-01	6.1648e-01	0.748395	1
IDS	4	8.4079e-01	6.1648e-01	0.748395	1
LOC100505478	4	8.4086e-01	6.1648e-01	0.748395	1
DSTN	4	8.4089e-01	6.1648e-01	0.748395	1
NPY5R	4	8.4091e-01	6.1648e-01	0.748395	1
SLC1A5	4	8.4099e-01	6.1648e-01	0.748395	1
TMEM110	4	8.4102e-01	6.1648e-01	0.748395	1
SLC35G2	4	8.4112e-01	6.1648e-01	0.748395	1
PFN2	4	8.4122e-01	6.1648e-01	0.748395	1
IFFO1	4	8.4132e-01	6.1648e-01	0.748395	1
KIAA1919	4	8.4134e-01	6.1648e-01	0.748395	1
GOT1L1	4	8.4147e-01	6.1648e-01	0.748395	1
NDUFB10	4	8.4154e-01	6.1648e-01	0.748395	1
R3HCC1L	4	8.4160e-01	6.1648e-01	0.748395	1
SLC6A4	4	8.4168e-01	6.1648e-01	0.748395	1
PCNXL2	4	8.4176e-01	6.1648e-01	0.748395	1
RBM11	4	8.4178e-01	6.1648e-01	0.748395	1
SCG2	4	8.4193e-01	6.1648e-01	0.748395	1
ADCY9	4	8.4196e-01	6.1648e-01	0.748395	1
CSNK2A1	4	8.4203e-01	6.1648e-01	0.748395	1
PEX6	4	8.4212e-01	6.1648e-01	0.748395	1
DISP2	4	8.4215e-01	6.1648e-01	0.748395	1
FAHD2A	4	8.4224e-01	6.1648e-01	0.748395	1
KRTAP19-8	4	8.4226e-01	6.1648e-01	0.748395	1
METTL11B	4	8.4237e-01	6.1648e-01	0.748395	1
PRR23A	4	8.4244e-01	6.1648e-01	0.748395	1
PARVB	4	8.4256e-01	6.1648e-01	0.748395	1
CLRN2	4	8.4264e-01	6.1648e-01	0.748395	1
SH3BP5L	4	8.4281e-01	6.1648e-01	0.748395	1
SPHK2	4	8.4283e-01	6.1648e-01	0.748395	1
ITPK1	4	8.4287e-01	6.1648e-01	0.748395	1
SLC25A34	4	8.4290e-01	6.1648e-01	0.748395	1
RLN3	4	8.4302e-01	6.1648e-01	0.748395	1
C4orf32	4	8.4310e-01	6.1648e-01	0.748395	1
EDA2R	4	8.4315e-01	6.1648e-01	0.748395	1
CLUAP1	4	8.4317e-01	6.1648e-01	0.748395	1
INSL4	4	8.4323e-01	6.1648e-01	0.748395	1
ZDHHC3	4	8.4324e-01	6.1648e-01	0.748395	1
IL17RB	4	8.4328e-01	6.1648e-01	0.748395	1
CERKL	4	8.4332e-01	6.1648e-01	0.748395	1
SPG20	4	8.4349e-01	6.1648e-01	0.748395	1
C9orf72	4	8.4375e-01	6.1648e-01	0.748395	1
OR52W1	4	8.4381e-01	6.1648e-01	0.748395	1
ZNF516	4	8.4384e-01	6.1648e-01	0.748395	1
EFNB1	4	8.4390e-01	6.1648e-01	0.748395	1
NCF1	3	8.4391e-01	5.8965e-01	0.725929	1
GPLD1	4	8.4395e-01	6.1648e-01	0.748395	1
SLC23A1	4	8.4397e-01	6.1648e-01	0.748395	1
AHSP	4	8.4416e-01	6.1648e-01	0.748395	1
GALNT13	4	8.4417e-01	6.1648e-01	0.748395	1
PRDM4	4	8.4418e-01	6.1648e-01	0.748395	1
PRKG1	4	8.4423e-01	6.1648e-01	0.748395	1
KDM7A	4	8.4471e-01	6.1648e-01	0.748395	1
ADPRH	4	8.4495e-01	6.1648e-01	0.748395	1
CCNB2	4	8.4497e-01	6.1648e-01	0.748395	1
C2CD4D	4	8.4509e-01	6.1648e-01	0.748395	1
AZGP1	4	8.4526e-01	6.1648e-01	0.748395	1
CHRNA10	4	8.4532e-01	6.1648e-01	0.748395	1
MAP4K1	4	8.4535e-01	6.1648e-01	0.748395	1
KLRF2	4	8.4550e-01	6.1648e-01	0.748395	1
SEPTIN14	4	8.4569e-01	6.1648e-01	0.748395	1
TMEM68	4	8.4582e-01	6.1648e-01	0.748395	1
SLC24A1	4	8.4584e-01	6.1648e-01	0.748395	1
CASQ2	4	8.4587e-01	6.1648e-01	0.748395	1
SGSM2	4	8.4595e-01	6.1648e-01	0.748395	1
EDC4	4	8.4597e-01	6.1807e-01	0.750184	1
TKTL1	4	8.4602e-01	6.1807e-01	0.750184	1
HADHA	4	8.4620e-01	6.1807e-01	0.750184	1
GRAMD1C	4	8.4630e-01	6.1973e-01	0.751872	1
ZNF806	4	8.4635e-01	6.1973e-01	0.751872	1
STK35	4	8.4642e-01	6.1973e-01	0.751872	1
OR4K2	4	8.4644e-01	6.1973e-01	0.751872	1
CUL3	4	8.4645e-01	6.1973e-01	0.751872	1
LOC100132146	4	8.4649e-01	6.1973e-01	0.751872	1
GZMM	4	8.4652e-01	6.1973e-01	0.751872	1
ZIC1	4	8.4674e-01	6.2134e-01	0.753766	1
FAM189A1	4	8.4692e-01	6.2297e-01	0.754167	1
CTSD	4	8.4700e-01	6.2297e-01	0.754167	1
LOC100996634	4	8.4705e-01	6.2297e-01	0.754167	1
IDO1	4	8.4706e-01	6.2297e-01	0.754167	1
FRMD7	4	8.4707e-01	6.2297e-01	0.754167	1
MXD3	4	8.4709e-01	6.2297e-01	0.754167	1
RGAG1	4	8.4712e-01	6.2297e-01	0.754167	1
SETDB1	4	8.4715e-01	6.2297e-01	0.754167	1
SEC61A2	4	8.4720e-01	6.2297e-01	0.754167	1
GPR108	4	8.4723e-01	6.2297e-01	0.754167	1
ERICH6	4	8.4750e-01	6.2297e-01	0.754167	1
SYT8	4	8.4762e-01	6.2297e-01	0.754167	1
SLC25A53	4	8.4764e-01	6.2297e-01	0.754167	1
HTR2B	4	8.4771e-01	6.2297e-01	0.754167	1
BST1	4	8.4773e-01	6.2297e-01	0.754167	1
TMEM9	4	8.4782e-01	6.2297e-01	0.754167	1
TROVE2	4	8.4786e-01	6.2297e-01	0.754167	1
IZUMO1	4	8.4789e-01	6.2297e-01	0.754167	1
DNAJB7	4	8.4792e-01	6.2297e-01	0.754167	1
TROAP	4	8.4796e-01	6.2297e-01	0.754167	1
MCTS1	4	8.4803e-01	6.2297e-01	0.754167	1
TTC22	4	8.4805e-01	6.2297e-01	0.754167	1
TMEM221	4	8.4807e-01	6.2297e-01	0.754167	1
E2F7	4	8.4808e-01	6.2297e-01	0.754167	1
ARIH2OS	4	8.4811e-01	6.2297e-01	0.754167	1
TCTN2	4	8.4822e-01	6.2297e-01	0.754167	1
SLC47A2	4	8.4830e-01	6.2297e-01	0.754167	1
GPR101	4	8.4837e-01	6.2297e-01	0.754167	1
CLDN25	4	8.4842e-01	6.2297e-01	0.754167	1
BCL2L10	4	8.4845e-01	6.2297e-01	0.754167	1
ALOX5AP	4	8.4851e-01	6.2297e-01	0.754167	1
USP4	4	8.4867e-01	6.2297e-01	0.754167	1
SERPINB3	4	8.4870e-01	6.2297e-01	0.754167	1
DNAH14	4	8.4891e-01	6.2464e-01	0.756052	1
TRMU	4	8.4892e-01	6.2464e-01	0.756052	1
OR10A6	4	8.4894e-01	6.2464e-01	0.756052	1
RGS22	4	8.4919e-01	6.2631e-01	0.757638	1
FGF14	4	8.4934e-01	6.2631e-01	0.757638	1
TMEFF1	4	8.4941e-01	6.2631e-01	0.757638	1
SGIP1	4	8.4943e-01	6.2631e-01	0.757638	1
SLC25A13	4	8.4944e-01	6.2631e-01	0.757638	1
C2orf74	4	8.4956e-01	6.2631e-01	0.757638	1
NPBWR1	4	8.4959e-01	6.2631e-01	0.757638	1
CELF2	4	8.4966e-01	6.2631e-01	0.757638	1
SYT10	4	8.4978e-01	6.2631e-01	0.757638	1
MAP2K7	4	8.4985e-01	6.2790e-01	0.758500	1
NFIB	4	8.4988e-01	6.2790e-01	0.758500	1
SLC44A4	4	8.4999e-01	6.2790e-01	0.758500	1
ZNF563	4	8.5009e-01	6.2790e-01	0.758500	1
SCRT2	4	8.5014e-01	6.2790e-01	0.758500	1
HDAC6	4	8.5017e-01	6.2790e-01	0.758500	1
ZNF519	4	8.5020e-01	6.2790e-01	0.758500	1
RNF175	4	8.5026e-01	6.2790e-01	0.758500	1
NUDT10	4	8.5044e-01	6.2790e-01	0.758500	1
MLH3	4	8.5052e-01	6.2790e-01	0.758500	1
NSUN3	4	8.5056e-01	6.2790e-01	0.758500	1
FAM186A	4	8.5061e-01	6.2790e-01	0.758500	1
GCNT7	4	8.5075e-01	6.2790e-01	0.758500	1
LPPR3	4	8.5076e-01	6.2790e-01	0.758500	1
SOCS2	4	8.5077e-01	6.2790e-01	0.758500	1
TMEM63B	4	8.5083e-01	6.2790e-01	0.758500	1
KRTAP9-8	4	8.5087e-01	6.2790e-01	0.758500	1
ATG101	4	8.5093e-01	6.2790e-01	0.758500	1
SEC14L5	4	8.5098e-01	6.2790e-01	0.758500	1
KCNE4	4	8.5104e-01	6.2790e-01	0.758500	1
ZNF732	4	8.5108e-01	6.2790e-01	0.758500	1
BLM	4	8.5112e-01	6.2790e-01	0.758500	1
ACTG1	4	8.5124e-01	6.2955e-01	0.760309	1
CD9	4	8.5129e-01	6.2955e-01	0.760309	1
KLHL11	4	8.5132e-01	6.2955e-01	0.760309	1
SLA2	4	8.5137e-01	6.2955e-01	0.760309	1
FBN2	3	8.5142e-01	5.8965e-01	0.725929	1
PXT1	4	8.5147e-01	6.3121e-01	0.760622	1
GPR25	4	8.5163e-01	6.3121e-01	0.760622	1
DPPA5	4	8.5165e-01	6.3121e-01	0.760622	1
NEB	4	8.5174e-01	6.3121e-01	0.760622	1
CYP4V2	4	8.5175e-01	6.3121e-01	0.760622	1
PLK3	4	8.5180e-01	6.3121e-01	0.760622	1
NFAM1	4	8.5198e-01	6.3121e-01	0.760622	1
HRH4	4	8.5201e-01	6.3121e-01	0.760622	1
PI4K2B	4	8.5211e-01	6.3121e-01	0.760622	1
LMO1	4	8.5213e-01	6.3121e-01	0.760622	1
MIER2	4	8.5221e-01	6.3121e-01	0.760622	1
ITGA8	4	8.5223e-01	6.3121e-01	0.760622	1
EFNA1	4	8.5229e-01	6.3121e-01	0.760622	1
CYSRT1	4	8.5231e-01	6.3121e-01	0.760622	1
ZNF251	4	8.5251e-01	6.3121e-01	0.760622	1
ABHD14A	4	8.5258e-01	6.3121e-01	0.760622	1
OR6Q1	4	8.5260e-01	6.3121e-01	0.760622	1
CAMK4	4	8.5264e-01	6.3121e-01	0.760622	1
WWC2	4	8.5286e-01	6.3121e-01	0.760622	1
MAZ	4	8.5293e-01	6.3121e-01	0.760622	1
PCBP4	4	8.5296e-01	6.3121e-01	0.760622	1
FNIP2	4	8.5307e-01	6.3121e-01	0.760622	1
PLEKHG4B	4	8.5318e-01	6.3121e-01	0.760622	1
DPY19L3	4	8.5328e-01	6.3121e-01	0.760622	1
SBK3	4	8.5335e-01	6.3121e-01	0.760622	1
THRB	4	8.5339e-01	6.3121e-01	0.760622	1
MNS1	4	8.5344e-01	6.3121e-01	0.760622	1
PIR	4	8.5348e-01	6.3121e-01	0.760622	1
UBASH3B	4	8.5353e-01	6.3121e-01	0.760622	1
ITFG2	4	8.5362e-01	6.3121e-01	0.760622	1
APOL2	4	8.5364e-01	6.3121e-01	0.760622	1
PILRA	4	8.5366e-01	6.3121e-01	0.760622	1
MCCD1	4	8.5369e-01	6.3121e-01	0.760622	1
OR2J3	4	8.5371e-01	6.3121e-01	0.760622	1
CCR10	4	8.5372e-01	6.3121e-01	0.760622	1
BLOC1S5	4	8.5405e-01	6.3283e-01	0.762053	1
COPS7A	4	8.5407e-01	6.3283e-01	0.762053	1
SLC18B1	4	8.5427e-01	6.3283e-01	0.762053	1
RSG1	4	8.5428e-01	6.3283e-01	0.762053	1
NCR1	4	8.5446e-01	6.3283e-01	0.762053	1
FAM161B	4	8.5455e-01	6.3283e-01	0.762053	1
CHIA	4	8.5460e-01	6.3283e-01	0.762053	1
CEBPA	4	8.5461e-01	6.3283e-01	0.762053	1
OR51B6	4	8.5467e-01	6.3283e-01	0.762053	1
MXI1	4	8.5469e-01	6.3283e-01	0.762053	1
NCOA2	4	8.5479e-01	6.3283e-01	0.762053	1
DLX5	4	8.5489e-01	6.3447e-01	0.762537	1
CYTL1	4	8.5494e-01	6.3447e-01	0.762537	1
KCNA10	3	8.5496e-01	5.8965e-01	0.725929	1
C17orf62	4	8.5500e-01	6.3447e-01	0.762537	1
ASB3	4	8.5502e-01	6.3447e-01	0.762537	1
ANP32C	4	8.5519e-01	6.3447e-01	0.762537	1
ADGRG2	4	8.5534e-01	6.3447e-01	0.762537	1
TMEM14E	4	8.5537e-01	6.3447e-01	0.762537	1
CAD	4	8.5537e-01	6.3447e-01	0.762537	1
AMBN	4	8.5559e-01	6.3447e-01	0.762537	1
TCEB3CL2	4	8.5582e-01	6.3447e-01	0.762537	1
MTO1	4	8.5585e-01	6.3447e-01	0.762537	1
FTCD	4	8.5593e-01	6.3447e-01	0.762537	1
HDAC1	4	8.5603e-01	6.3447e-01	0.762537	1
PER1	4	8.5604e-01	6.3447e-01	0.762537	1
BMP3	4	8.5608e-01	6.3447e-01	0.762537	1
RAB22A	4	8.5614e-01	6.3447e-01	0.762537	1
CARD10	4	8.5620e-01	6.3447e-01	0.762537	1
PDE4A	4	8.5621e-01	6.3447e-01	0.762537	1
SLC39A2	4	8.5625e-01	6.3447e-01	0.762537	1
TMEM192	4	8.5627e-01	6.3447e-01	0.762537	1
ZNF397	4	8.5639e-01	6.3447e-01	0.762537	1
RETN	4	8.5650e-01	6.3447e-01	0.762537	1
DNMT3A	4	8.5652e-01	6.3447e-01	0.762537	1
CXorf23	4	8.5666e-01	6.3447e-01	0.762537	1
OR4D11	4	8.5676e-01	6.3447e-01	0.762537	1
TAF6L	4	8.5685e-01	6.3447e-01	0.762537	1
SEMG2	4	8.5688e-01	6.3447e-01	0.762537	1
PBXIP1	4	8.5692e-01	6.3447e-01	0.762537	1
SLC11A1	4	8.5698e-01	6.3447e-01	0.762537	1
OR6C3	4	8.5703e-01	6.3447e-01	0.762537	1
RBM4	4	8.5708e-01	6.3611e-01	0.764318	1
ATXN7L1	4	8.5709e-01	6.3611e-01	0.764318	1
CTSB	4	8.5711e-01	6.3611e-01	0.764318	1
CCDC132	4	8.5714e-01	6.3611e-01	0.764318	1
KLHL30	4	8.5744e-01	6.3775e-01	0.765715	1
SLC35E3	4	8.5771e-01	6.3775e-01	0.765715	1
DHX58	4	8.5773e-01	6.3775e-01	0.765715	1
HOXA11	4	8.5776e-01	6.3775e-01	0.765715	1
TAF1L	4	8.5792e-01	6.3776e-01	0.765715	1
MUM1L1	4	8.5793e-01	6.3776e-01	0.765715	1
CYP46A1	4	8.5794e-01	6.3776e-01	0.765715	1
CRIP2	4	8.5810e-01	6.3776e-01	0.765715	1
FAM47E	4	8.5816e-01	6.3776e-01	0.765715	1
VPS13B	4	8.5822e-01	6.3776e-01	0.765715	1
CD27	4	8.5823e-01	6.3776e-01	0.765715	1
NUFIP2	4	8.5826e-01	6.3776e-01	0.765715	1
PLCG1	4	8.5842e-01	6.3943e-01	0.767393	1
MRGPRX4	4	8.5844e-01	6.3943e-01	0.767393	1
TPST1	4	8.5848e-01	6.3943e-01	0.767393	1
OTOR	4	8.5851e-01	6.3943e-01	0.767393	1
SAA2-SAA4	4	8.5861e-01	6.3943e-01	0.767393	1
TREH	4	8.5867e-01	6.3943e-01	0.767393	1
ART5	4	8.5871e-01	6.3943e-01	0.767393	1
RLBP1	4	8.5885e-01	6.4102e-01	0.769247	1
ZNF681	4	8.5919e-01	6.4267e-01	0.770554	1
ADGRE1	4	8.5926e-01	6.4267e-01	0.770554	1
ALPK1	4	8.5929e-01	6.4267e-01	0.770554	1
HOXA9	4	8.5930e-01	6.4267e-01	0.770554	1
NAP1L2	4	8.5938e-01	6.4267e-01	0.770554	1
RSF1	4	8.5943e-01	6.4267e-01	0.770554	1
ADIPOR1	4	8.5947e-01	6.4267e-01	0.770554	1
TSPY10	4	8.5951e-01	6.4267e-01	0.770554	1
ATF7IP	4	8.5963e-01	6.4267e-01	0.770554	1
SPATA19	4	8.5968e-01	6.4267e-01	0.770554	1
MAP6	4	8.5974e-01	6.4267e-01	0.770554	1
LALBA	4	8.5975e-01	6.4267e-01	0.770554	1
RING1	4	8.5982e-01	6.4267e-01	0.770554	1
SHISA9	4	8.5985e-01	6.4267e-01	0.770554	1
ROS1	4	8.5992e-01	6.4431e-01	0.772183	1
HTRA4	4	8.6004e-01	6.4431e-01	0.772183	1
CD74	4	8.6005e-01	6.4431e-01	0.772183	1
NDUFB2	4	8.6008e-01	6.4431e-01	0.772183	1
WWP2	4	8.6009e-01	6.4431e-01	0.772183	1
FAM69B	4	8.6013e-01	6.4431e-01	0.772183	1
ACSF3	4	8.6017e-01	6.4431e-01	0.772183	1
CAMP	4	8.6053e-01	6.4593e-01	0.772533	1
TRMT11	4	8.6056e-01	6.4593e-01	0.772533	1
STEAP1	4	8.6059e-01	6.4593e-01	0.772533	1
PCDHGA10	4	8.6067e-01	6.4593e-01	0.772533	1
KIF15	4	8.6069e-01	6.4593e-01	0.772533	1
PCDHGB7	4	8.6072e-01	6.4593e-01	0.772533	1
PLEKHA3	4	8.6076e-01	6.4593e-01	0.772533	1
DCT	4	8.6079e-01	6.4593e-01	0.772533	1
RNF32	4	8.6102e-01	6.4593e-01	0.772533	1
PTRF	4	8.6109e-01	6.4593e-01	0.772533	1
FMR1NB	4	8.6137e-01	6.4593e-01	0.772533	1
C21orf2	4	8.6143e-01	6.4593e-01	0.772533	1
C9orf152	4	8.6144e-01	6.4593e-01	0.772533	1
PRM3	4	8.6150e-01	6.4593e-01	0.772533	1
ZPBP	4	8.6154e-01	6.4593e-01	0.772533	1
TMEM200B	4	8.6160e-01	6.4593e-01	0.772533	1
CCDC157	4	8.6164e-01	6.4593e-01	0.772533	1
ECI2	4	8.6166e-01	6.4593e-01	0.772533	1
LRFN3	4	8.6174e-01	6.4593e-01	0.772533	1
ARHGAP28	4	8.6186e-01	6.4593e-01	0.772533	1
DAPK1	4	8.6190e-01	6.4593e-01	0.772533	1
CYP26C1	3	8.6194e-01	5.8965e-01	0.725929	1
GLDN	4	8.6203e-01	6.4757e-01	0.772533	1
CPA3	4	8.6228e-01	6.4757e-01	0.772533	1
MAP2K5	4	8.6228e-01	6.4757e-01	0.772533	1
RAC2	4	8.6234e-01	6.4757e-01	0.772533	1
MTRF1	4	8.6245e-01	6.4757e-01	0.772533	1
P2RX3	4	8.6248e-01	6.4757e-01	0.772533	1
PARK2	4	8.6250e-01	6.4757e-01	0.772533	1
ATP1B1	4	8.6252e-01	6.4757e-01	0.772533	1
FILIP1	4	8.6269e-01	6.4757e-01	0.772533	1
CRYBG3	4	8.6278e-01	6.4757e-01	0.772533	1
IL12A	4	8.6283e-01	6.4757e-01	0.772533	1
SPATA31A1	4	8.6295e-01	6.4757e-01	0.772533	1
CDH20	4	8.6297e-01	6.4757e-01	0.772533	1
HPX	4	8.6298e-01	6.4757e-01	0.772533	1
MS4A5	4	8.6302e-01	6.4757e-01	0.772533	1
HCN3	4	8.6303e-01	6.4757e-01	0.772533	1
MBNL3	4	8.6304e-01	6.4757e-01	0.772533	1
ZNF430	4	8.6312e-01	6.4757e-01	0.772533	1
PPP2R2C	4	8.6333e-01	6.4919e-01	0.772533	1
C5orf42	4	8.6334e-01	6.4919e-01	0.772533	1
S100A8	4	8.6340e-01	6.4919e-01	0.772533	1
SH3TC1	4	8.6344e-01	6.4919e-01	0.772533	1
HNRNPH2	4	8.6359e-01	6.4919e-01	0.772533	1
HOXB7	4	8.6361e-01	6.4919e-01	0.772533	1
PLA2G2D	4	8.6374e-01	6.4919e-01	0.772533	1
DSCAML1	4	8.6376e-01	6.4919e-01	0.772533	1
MLIP	4	8.6377e-01	6.4919e-01	0.772533	1
TMEM38B	4	8.6381e-01	6.4919e-01	0.772533	1
TMEM56	4	8.6384e-01	6.4919e-01	0.772533	1
CALCR	4	8.6387e-01	6.4919e-01	0.772533	1
PIP	4	8.6395e-01	6.4919e-01	0.772533	1
SYNDIG1L	4	8.6398e-01	6.4919e-01	0.772533	1
CCNT2	4	8.6401e-01	6.4919e-01	0.772533	1
USP53	4	8.6402e-01	6.4919e-01	0.772533	1
XBP1	4	8.6411e-01	6.4919e-01	0.772533	1
MYD88	4	8.6426e-01	6.4919e-01	0.772533	1
ESR2	4	8.6432e-01	6.4919e-01	0.772533	1
NUDT16	4	8.6433e-01	6.4919e-01	0.772533	1
LILRB2	4	8.6443e-01	6.4919e-01	0.772533	1
CHRNB2	4	8.6450e-01	6.4919e-01	0.772533	1
C11orf30	4	8.6455e-01	6.4919e-01	0.772533	1
FTL	4	8.6458e-01	6.4919e-01	0.772533	1
DIP2B	4	8.6464e-01	6.4919e-01	0.772533	1
CHPT1	4	8.6468e-01	6.4919e-01	0.772533	1
ITIH2	4	8.6477e-01	6.5077e-01	0.772533	1
ZNF836	4	8.6477e-01	6.5077e-01	0.772533	1
SAXO1	4	8.6479e-01	6.5077e-01	0.772533	1
C19orf57	4	8.6486e-01	6.5077e-01	0.772533	1
CPNE7	4	8.6506e-01	6.5077e-01	0.772533	1
CCDC50	4	8.6507e-01	6.5077e-01	0.772533	1
OR2C3	4	8.6508e-01	6.5077e-01	0.772533	1
ERCC5	4	8.6527e-01	6.5077e-01	0.772533	1
IL2RB	4	8.6540e-01	6.5239e-01	0.772533	1
SWAP70	4	8.6542e-01	6.5239e-01	0.772533	1
CPLX2	4	8.6548e-01	6.5239e-01	0.772533	1
GPM6B	4	8.6552e-01	6.5239e-01	0.772533	1
HYDIN	4	8.6565e-01	6.5239e-01	0.772533	1
TMIGD3	4	8.6575e-01	6.5239e-01	0.772533	1
CYB5R3	4	8.6581e-01	6.5239e-01	0.772533	1
TNFAIP8L1	4	8.6585e-01	6.5239e-01	0.772533	1
SOHLH1	4	8.6597e-01	6.5239e-01	0.772533	1
P4HB	4	8.6603e-01	6.5239e-01	0.772533	1
ATP7A	4	8.6614e-01	6.5239e-01	0.772533	1
FAM24A	4	8.6618e-01	6.5239e-01	0.772533	1
PEX2	4	8.6625e-01	6.5239e-01	0.772533	1
TAGLN2	4	8.6631e-01	6.5239e-01	0.772533	1
SLC35D3	4	8.6647e-01	6.5239e-01	0.772533	1
ZNF3	4	8.6651e-01	6.5239e-01	0.772533	1
ZC3H7B	4	8.6657e-01	6.5239e-01	0.772533	1
APOL1	4	8.6658e-01	6.5239e-01	0.772533	1
ITGB3BP	4	8.6659e-01	6.5239e-01	0.772533	1
OR52N5	4	8.6660e-01	6.5239e-01	0.772533	1
CBR1	4	8.6670e-01	6.5239e-01	0.772533	1
PIWIL4	4	8.6671e-01	6.5239e-01	0.772533	1
SMOX	4	8.6691e-01	6.5239e-01	0.772533	1
BCL10	4	8.6697e-01	6.5239e-01	0.772533	1
GRP	4	8.6709e-01	6.5239e-01	0.772533	1
IKBIP	4	8.6711e-01	6.5239e-01	0.772533	1
NT5C1B	4	8.6721e-01	6.5239e-01	0.772533	1
GPR141	4	8.6726e-01	6.5239e-01	0.772533	1
HSPA13	4	8.6729e-01	6.5239e-01	0.772533	1
LCE3A	4	8.6740e-01	6.5239e-01	0.772533	1
SP8	4	8.6741e-01	6.5239e-01	0.772533	1
AMN	4	8.6745e-01	6.5239e-01	0.772533	1
C10orf107	4	8.6757e-01	6.5239e-01	0.772533	1
BET1L	4	8.6761e-01	6.5239e-01	0.772533	1
NR0B1	4	8.6764e-01	6.5239e-01	0.772533	1
IFNL1	4	8.6765e-01	6.5239e-01	0.772533	1
RP2	4	8.6782e-01	6.5239e-01	0.772533	1
FOXD2	4	8.6798e-01	6.5239e-01	0.772533	1
OR1N1	4	8.6801e-01	6.5239e-01	0.772533	1
CMKLR1	4	8.6805e-01	6.5239e-01	0.772533	1
FAH	4	8.6807e-01	6.5239e-01	0.772533	1
ANKRD45	4	8.6808e-01	6.5239e-01	0.772533	1
KCTD8	4	8.6817e-01	6.5239e-01	0.772533	1
NABP2	4	8.6824e-01	6.5239e-01	0.772533	1
GREB1L	4	8.6829e-01	6.5239e-01	0.772533	1
TYW1B	4	8.6830e-01	6.5239e-01	0.772533	1
OR4M1	4	8.6836e-01	6.5239e-01	0.772533	1
NKD1	4	8.6841e-01	6.5239e-01	0.772533	1
PHF6	4	8.6843e-01	6.5239e-01	0.772533	1
TCN1	4	8.6858e-01	6.5405e-01	0.772533	1
PRR13	4	8.6860e-01	6.5405e-01	0.772533	1
KAZALD1	4	8.6861e-01	6.5405e-01	0.772533	1
UBE2W	4	8.6862e-01	6.5405e-01	0.772533	1
PAPD5	4	8.6865e-01	6.5405e-01	0.772533	1
ZNF812	4	8.6871e-01	6.5405e-01	0.772533	1
APOL4	4	8.6897e-01	6.5405e-01	0.772533	1
ZNF8	4	8.6900e-01	6.5405e-01	0.772533	1
SUSD3	4	8.6905e-01	6.5405e-01	0.772533	1
ID3	4	8.6906e-01	6.5405e-01	0.772533	1
CPB1	4	8.6914e-01	6.5405e-01	0.772533	1
XRRA1	4	8.6928e-01	6.5405e-01	0.772533	1
FAM163B	4	8.6931e-01	6.5405e-01	0.772533	1
NYNRIN	4	8.6937e-01	6.5405e-01	0.772533	1
ACKR4	4	8.6941e-01	6.5405e-01	0.772533	1
SCGB3A1	4	8.6942e-01	6.5405e-01	0.772533	1
CRAT	4	8.6951e-01	6.5405e-01	0.772533	1
BTG4	4	8.6962e-01	6.5405e-01	0.772533	1
KIR2DL1	4	8.6975e-01	6.5405e-01	0.772533	1
C1QC	4	8.6976e-01	6.5405e-01	0.772533	1
RRAGD	4	8.6979e-01	6.5405e-01	0.772533	1
CYTH4	4	8.6982e-01	6.5405e-01	0.772533	1
TMEM170A	4	8.6987e-01	6.5405e-01	0.772533	1
DDX3Y	4	8.6990e-01	6.5405e-01	0.772533	1
CLEC2A	4	8.7005e-01	6.5405e-01	0.772533	1
CYS1	4	8.7006e-01	6.5405e-01	0.772533	1
KLF5	4	8.7011e-01	6.5405e-01	0.772533	1
MFNG	4	8.7012e-01	6.5405e-01	0.772533	1
DNAH11	4	8.7018e-01	6.5405e-01	0.772533	1
RNF217	4	8.7038e-01	6.5568e-01	0.772533	1
DYNC1I1	4	8.7039e-01	6.5568e-01	0.772533	1
IFT140	4	8.7049e-01	6.5568e-01	0.772533	1
PSMA8	4	8.7051e-01	6.5568e-01	0.772533	1
STT3B	4	8.7056e-01	6.5568e-01	0.772533	1
LNP1	4	8.7059e-01	6.5568e-01	0.772533	1
KIAA1191	4	8.7066e-01	6.5568e-01	0.772533	1
ZNF816	4	8.7080e-01	6.5568e-01	0.772533	1
SERPINB5	4	8.7086e-01	6.5568e-01	0.772533	1
DOCK8	4	8.7087e-01	6.5568e-01	0.772533	1
BLNK	4	8.7090e-01	6.5568e-01	0.772533	1
SLC25A30	4	8.7097e-01	6.5568e-01	0.772533	1
MAK	4	8.7098e-01	6.5568e-01	0.772533	1
CACNG6	4	8.7101e-01	6.5568e-01	0.772533	1
STRIP2	4	8.7107e-01	6.5568e-01	0.772533	1
RFX2	4	8.7112e-01	6.5568e-01	0.772533	1
TIMP3	4	8.7131e-01	6.5568e-01	0.772533	1
NDUFA3	4	8.7135e-01	6.5568e-01	0.772533	1
AFP	4	8.7140e-01	6.5568e-01	0.772533	1
SUSD6	4	8.7140e-01	6.5568e-01	0.772533	1
ATP1A4	4	8.7145e-01	6.5568e-01	0.772533	1
PSG3	4	8.7158e-01	6.5568e-01	0.772533	1
ZNF286B	4	8.7161e-01	6.5568e-01	0.772533	1
HACE1	4	8.7170e-01	6.5568e-01	0.772533	1
FBXL2	4	8.7191e-01	6.5568e-01	0.772533	1
CES5A	4	8.7206e-01	6.5568e-01	0.772533	1
SH3PXD2B	4	8.7212e-01	6.5568e-01	0.772533	1
PLEKHB2	4	8.7213e-01	6.5568e-01	0.772533	1
RCAN1	4	8.7216e-01	6.5568e-01	0.772533	1
KIF12	4	8.7235e-01	6.5568e-01	0.772533	1
SOX5	4	8.7239e-01	6.5568e-01	0.772533	1
CLDN2	4	8.7240e-01	6.5568e-01	0.772533	1
ARHGAP30	4	8.7243e-01	6.5568e-01	0.772533	1
GADD45G	4	8.7248e-01	6.5568e-01	0.772533	1
LAMTOR1	4	8.7255e-01	6.5568e-01	0.772533	1
FAM229A	4	8.7266e-01	6.5568e-01	0.772533	1
BAG4	4	8.7273e-01	6.5568e-01	0.772533	1
DCUN1D2	4	8.7284e-01	6.5568e-01	0.772533	1
CPEB4	4	8.7297e-01	6.5568e-01	0.772533	1
GAGE2A	4	8.7306e-01	6.5568e-01	0.772533	1
KIAA1715	4	8.7307e-01	6.5568e-01	0.772533	1
POU4F1	4	8.7308e-01	6.5568e-01	0.772533	1
SLAMF7	4	8.7313e-01	6.5730e-01	0.772533	1
TMEM140	4	8.7316e-01	6.5730e-01	0.772533	1
NDUFA8	4	8.7317e-01	6.5730e-01	0.772533	1
LRRC39	4	8.7319e-01	6.5730e-01	0.772533	1
CCDC7	4	8.7337e-01	6.5897e-01	0.772533	1
LETM2	4	8.7339e-01	6.5897e-01	0.772533	1
DNAJB14	4	8.7340e-01	6.5897e-01	0.772533	1
TCEB3	4	8.7350e-01	6.5897e-01	0.772533	1
SLC9A2	4	8.7365e-01	6.6057e-01	0.772533	1
PARVG	4	8.7371e-01	6.6057e-01	0.772533	1
FOXA2	4	8.7373e-01	6.6057e-01	0.772533	1
TMEM230	4	8.7377e-01	6.6057e-01	0.772533	1
PEX7	4	8.7379e-01	6.6057e-01	0.772533	1
SPTY2D1	4	8.7381e-01	6.6057e-01	0.772533	1
STXBP4	4	8.7382e-01	6.6057e-01	0.772533	1
OR6T1	4	8.7394e-01	6.6057e-01	0.772533	1
ESRP1	4	8.7405e-01	6.6058e-01	0.772533	1
BMP2K	4	8.7410e-01	6.6058e-01	0.772533	1
FBXO2	4	8.7413e-01	6.6058e-01	0.772533	1
ZDHHC2	4	8.7420e-01	6.6058e-01	0.772533	1
SH3BP1	4	8.7433e-01	6.6058e-01	0.772533	1
ARHGEF28	4	8.7434e-01	6.6058e-01	0.772533	1
PCDH15	4	8.7436e-01	6.6058e-01	0.772533	1
COPS7B	4	8.7440e-01	6.6058e-01	0.772533	1
JAG2	4	8.7444e-01	6.6058e-01	0.772533	1
SMOC1	4	8.7465e-01	6.6218e-01	0.772533	1
PHLPP1	4	8.7469e-01	6.6218e-01	0.772533	1
ZAR1	4	8.7475e-01	6.6218e-01	0.772533	1
FAM78A	4	8.7479e-01	6.6218e-01	0.772533	1
DSE	4	8.7482e-01	6.6218e-01	0.772533	1
GATA4	4	8.7484e-01	6.6218e-01	0.772533	1
ZNF514	4	8.7496e-01	6.6218e-01	0.772533	1
ZNF428	4	8.7497e-01	6.6218e-01	0.772533	1
IRGC	4	8.7500e-01	6.6218e-01	0.772533	1
GBP2	4	8.7506e-01	6.6218e-01	0.772533	1
LYG1	4	8.7510e-01	6.6218e-01	0.772533	1
SLC34A1	4	8.7520e-01	6.6218e-01	0.772533	1
ZCCHC14	4	8.7522e-01	6.6218e-01	0.772533	1
PPP4R2	4	8.7527e-01	6.6218e-01	0.772533	1
KCTD11	4	8.7529e-01	6.6218e-01	0.772533	1
FAM102A	4	8.7539e-01	6.6218e-01	0.772533	1
C1orf94	4	8.7542e-01	6.6218e-01	0.772533	1
IRX1	4	8.7552e-01	6.6218e-01	0.772533	1
ACPT	4	8.7554e-01	6.6218e-01	0.772533	1
GYG1	4	8.7555e-01	6.6218e-01	0.772533	1
CDCA7L	4	8.7566e-01	6.6218e-01	0.772533	1
PRKD1	4	8.7568e-01	6.6218e-01	0.772533	1
C9orf9	4	8.7578e-01	6.6218e-01	0.772533	1
CNOT6L	4	8.7591e-01	6.6218e-01	0.772533	1
SDHAF3	4	8.7597e-01	6.6218e-01	0.772533	1
CDS1	4	8.7598e-01	6.6218e-01	0.772533	1
CDY2B	4	8.7599e-01	6.6218e-01	0.772533	1
APOA4	4	8.7610e-01	6.6218e-01	0.772533	1
DENND1B	4	8.7619e-01	6.6218e-01	0.772533	1
CHRNB4	4	8.7646e-01	6.6218e-01	0.772533	1
LDB2	4	8.7648e-01	6.6218e-01	0.772533	1
TULP4	4	8.7660e-01	6.6218e-01	0.772533	1
RASSF6	4	8.7664e-01	6.6218e-01	0.772533	1
DCUN1D3	4	8.7668e-01	6.6218e-01	0.772533	1
CCSER1	4	8.7674e-01	6.6218e-01	0.772533	1
CAND2	4	8.7681e-01	6.6218e-01	0.772533	1
SCUBE1	4	8.7682e-01	6.6218e-01	0.772533	1
CLIC2	4	8.7694e-01	6.6218e-01	0.772533	1
UBE2D2	4	8.7696e-01	6.6218e-01	0.772533	1
USP44	4	8.7713e-01	6.6218e-01	0.772533	1
CEACAM6	4	8.7726e-01	6.6218e-01	0.772533	1
OR5D18	4	8.7727e-01	6.6218e-01	0.772533	1
MID1	4	8.7738e-01	6.6218e-01	0.772533	1
DNAJC27	4	8.7751e-01	6.6218e-01	0.772533	1
ASZ1	4	8.7754e-01	6.6218e-01	0.772533	1
NKAIN1	4	8.7760e-01	6.6218e-01	0.772533	1
SCIMP	4	8.7769e-01	6.6218e-01	0.772533	1
SLC16A7	4	8.7771e-01	6.6218e-01	0.772533	1
TATDN2	4	8.7773e-01	6.6218e-01	0.772533	1
LIN7B	4	8.7780e-01	6.6218e-01	0.772533	1
TCEB3B	4	8.7782e-01	6.6218e-01	0.772533	1
PAGE2	4	8.7787e-01	6.6218e-01	0.772533	1
FKBPL	4	8.7789e-01	6.6218e-01	0.772533	1
MEI4	4	8.7796e-01	6.6218e-01	0.772533	1
TRPA1	4	8.7801e-01	6.6218e-01	0.772533	1
CEBPE	4	8.7808e-01	6.6218e-01	0.772533	1
HRH1	4	8.7813e-01	6.6218e-01	0.772533	1
SLCO3A1	4	8.7815e-01	6.6218e-01	0.772533	1
OR3A3	4	8.7820e-01	6.6218e-01	0.772533	1
MIER3	4	8.7825e-01	6.6218e-01	0.772533	1
CD247	4	8.7830e-01	6.6218e-01	0.772533	1
TFF3	4	8.7831e-01	6.6218e-01	0.772533	1
PBX1	4	8.7837e-01	6.6382e-01	0.772533	1
DYNLRB2	4	8.7841e-01	6.6382e-01	0.772533	1
SNURF	4	8.7846e-01	6.6548e-01	0.772533	1
ZP4	4	8.7857e-01	6.6548e-01	0.772533	1
IQCC	4	8.7860e-01	6.6548e-01	0.772533	1
POLR2J2	4	8.7861e-01	6.6548e-01	0.772533	1
DNAJC30	4	8.7863e-01	6.6548e-01	0.772533	1
SLC27A5	4	8.7864e-01	6.6548e-01	0.772533	1
TIMMDC1	4	8.7866e-01	6.6548e-01	0.772533	1
C8orf46	4	8.7868e-01	6.6548e-01	0.772533	1
RBBP7	4	8.7872e-01	6.6548e-01	0.772533	1
P4HA2	4	8.7891e-01	6.6548e-01	0.772533	1
C22orf23	4	8.7896e-01	6.6712e-01	0.772533	1
GALM	4	8.7906e-01	6.6712e-01	0.772533	1
SPEN	4	8.7909e-01	6.6712e-01	0.772533	1
PDE8B	4	8.7920e-01	6.6713e-01	0.772533	1
ACOX3	4	8.7928e-01	6.6873e-01	0.772533	1
KRTAP11-1	4	8.7937e-01	6.6873e-01	0.772533	1
USP17L1	4	8.7952e-01	6.6873e-01	0.772533	1
TBC1D1	4	8.7956e-01	6.6873e-01	0.772533	1
RHOD	4	8.7961e-01	6.7036e-01	0.772533	1
ABL2	4	8.7967e-01	6.7036e-01	0.772533	1
PIGX	4	8.7969e-01	6.7036e-01	0.772533	1
SMCO4	4	8.7970e-01	6.7036e-01	0.772533	1
TIAF1	4	8.7971e-01	6.7036e-01	0.772533	1
LIMA1	4	8.7988e-01	6.7036e-01	0.772533	1
KPNA3	4	8.8015e-01	6.7201e-01	0.772533	1
GRM5	4	8.8018e-01	6.7201e-01	0.772533	1
UBLCP1	4	8.8026e-01	6.7201e-01	0.772533	1
DEGS1	4	8.8031e-01	6.7201e-01	0.772533	1
GLIPR1	4	8.8039e-01	6.7201e-01	0.772533	1
CCDC92	4	8.8054e-01	6.7201e-01	0.772533	1
LMO2	4	8.8063e-01	6.7201e-01	0.772533	1
FAM8A1	4	8.8079e-01	6.7363e-01	0.772533	1
TPSD1	4	8.8080e-01	6.7363e-01	0.772533	1
GABRB3	4	8.8097e-01	6.7363e-01	0.772533	1
IGF1	4	8.8107e-01	6.7363e-01	0.772533	1
ALDH1L2	4	8.8120e-01	6.7363e-01	0.772533	1
MAP6D1	4	8.8129e-01	6.7526e-01	0.772533	1
IFT52	4	8.8132e-01	6.7527e-01	0.772533	1
ZNF850	4	8.8143e-01	6.7686e-01	0.772533	1
FSIP2	4	8.8147e-01	6.7686e-01	0.772533	1
AGRP	4	8.8158e-01	6.7686e-01	0.772533	1
HSPA12A	4	8.8173e-01	6.7850e-01	0.772533	1
PRKAB1	4	8.8179e-01	6.7850e-01	0.772533	1
AKAP14	4	8.8182e-01	6.7850e-01	0.772533	1
TBC1D31	4	8.8185e-01	6.7850e-01	0.772533	1
BIRC8	4	8.8191e-01	6.7850e-01	0.772533	1
BOD1L2	4	8.8195e-01	6.8013e-01	0.772533	1
DYDC2	4	8.8198e-01	6.8013e-01	0.772533	1
CLLU1OS	4	8.8200e-01	6.8013e-01	0.772533	1
CRYL1	4	8.8211e-01	6.8013e-01	0.772533	1
TRIM8	4	8.8213e-01	6.8013e-01	0.772533	1
PRNP	4	8.8218e-01	6.8013e-01	0.772533	1
C3orf22	4	8.8220e-01	6.8013e-01	0.772533	1
CCDC88A	4	8.8246e-01	6.8013e-01	0.772533	1
CD36	4	8.8254e-01	6.8013e-01	0.772533	1
C16orf70	4	8.8256e-01	6.8013e-01	0.772533	1
GLTPD2	4	8.8264e-01	6.8013e-01	0.772533	1
STK38L	4	8.8273e-01	6.8013e-01	0.772533	1
PTGFR	4	8.8274e-01	6.8013e-01	0.772533	1
ZNF511	4	8.8278e-01	6.8013e-01	0.772533	1
DYTN	4	8.8285e-01	6.8013e-01	0.772533	1
ELOVL5	4	8.8291e-01	6.8013e-01	0.772533	1
TNN	4	8.8294e-01	6.8013e-01	0.772533	1
ZNF331	4	8.8299e-01	6.8013e-01	0.772533	1
RORB	4	8.8306e-01	6.8013e-01	0.772533	1
PIK3CD	4	8.8310e-01	6.8013e-01	0.772533	1
HS3ST3A1	4	8.8312e-01	6.8013e-01	0.772533	1
PHKA1	4	8.8316e-01	6.8013e-01	0.772533	1
SSPN	3	8.8320e-01	6.1087e-01	0.747476	0
RCBTB1	4	8.8324e-01	6.8013e-01	0.772533	1
EXTL2	4	8.8342e-01	6.8013e-01	0.772533	1
LYSMD4	4	8.8353e-01	6.8013e-01	0.772533	1
ANK1	4	8.8356e-01	6.8013e-01	0.772533	1
MOGAT1	4	8.8378e-01	6.8013e-01	0.772533	1
LNX2	4	8.8383e-01	6.8013e-01	0.772533	1
GUCY1A3	4	8.8386e-01	6.8013e-01	0.772533	1
C10orf113	4	8.8389e-01	6.8013e-01	0.772533	1
VNN3	4	8.8391e-01	6.8013e-01	0.772533	1
PDZRN3	4	8.8393e-01	6.8013e-01	0.772533	1
MPDZ	4	8.8397e-01	6.8013e-01	0.772533	1
ERVMER34-1	4	8.8398e-01	6.8013e-01	0.772533	1
PRKCA	4	8.8403e-01	6.8013e-01	0.772533	1
ST14	4	8.8406e-01	6.8013e-01	0.772533	1
ROM1	4	8.8414e-01	6.8013e-01	0.772533	1
SULF2	4	8.8417e-01	6.8013e-01	0.772533	1
CTNNA3	4	8.8425e-01	6.8013e-01	0.772533	1
TRIM22	4	8.8428e-01	6.8013e-01	0.772533	1
STK32A	4	8.8429e-01	6.8013e-01	0.772533	1
HERC6	4	8.8432e-01	6.8013e-01	0.772533	1
BDKRB2	4	8.8439e-01	6.8013e-01	0.772533	1
LOC100130357	4	8.8445e-01	6.8013e-01	0.772533	1
THAP9	4	8.8454e-01	6.8013e-01	0.772533	1
PPFIA3	4	8.8474e-01	6.8013e-01	0.772533	1
SPEF2	4	8.8480e-01	6.8013e-01	0.772533	1
GNAS	4	8.8481e-01	6.8013e-01	0.772533	1
HSD11B1L	4	8.8486e-01	6.8013e-01	0.772533	1
MRLN	4	8.8492e-01	6.8013e-01	0.772533	1
SH3GL3	4	8.8493e-01	6.8013e-01	0.772533	1
MAFK	4	8.8504e-01	6.8013e-01	0.772533	1
SMYD3	4	8.8507e-01	6.8013e-01	0.772533	1
CCDC167	4	8.8515e-01	6.8013e-01	0.772533	1
CTSS	4	8.8516e-01	6.8013e-01	0.772533	1
ZNF280C	4	8.8525e-01	6.8013e-01	0.772533	1
C16orf95	4	8.8532e-01	6.8013e-01	0.772533	1
KIAA0195	4	8.8535e-01	6.8013e-01	0.772533	1
COL3A1	4	8.8540e-01	6.8013e-01	0.772533	1
SPECC1L	4	8.8543e-01	6.8013e-01	0.772533	1
TMEM59L	4	8.8546e-01	6.8013e-01	0.772533	1
CLDN23	4	8.8559e-01	6.8013e-01	0.772533	1
RABL6	4	8.8568e-01	6.8013e-01	0.772533	1
NEK6	4	8.8569e-01	6.8013e-01	0.772533	1
TEC	4	8.8574e-01	6.8013e-01	0.772533	1
KRTAP1-5	4	8.8579e-01	6.8013e-01	0.772533	1
SKIDA1	4	8.8580e-01	6.8013e-01	0.772533	1
TMEM89	4	8.8582e-01	6.8013e-01	0.772533	1
CAPN2	4	8.8589e-01	6.8013e-01	0.772533	1
MUC4	4	8.8591e-01	6.8013e-01	0.772533	1
TNFSF9	4	8.8599e-01	6.8013e-01	0.772533	1
MYO3B	4	8.8601e-01	6.8013e-01	0.772533	1
SERPINB13	4	8.8604e-01	6.8013e-01	0.772533	1
NDUFA10	4	8.8614e-01	6.8013e-01	0.772533	1
GJD4	4	8.8621e-01	6.8013e-01	0.772533	1
GPR151	4	8.8632e-01	6.8013e-01	0.772533	1
TSPAN5	4	8.8636e-01	6.8013e-01	0.772533	1
TMC7	4	8.8638e-01	6.8013e-01	0.772533	1
DNAL1	4	8.8640e-01	6.8013e-01	0.772533	1
PTGS1	4	8.8661e-01	6.8013e-01	0.772533	1
ROBO4	4	8.8666e-01	6.8013e-01	0.772533	1
TSPYL1	4	8.8678e-01	6.8013e-01	0.772533	1
PTH	4	8.8682e-01	6.8013e-01	0.772533	1
DUSP10	4	8.8683e-01	6.8013e-01	0.772533	1
BHLHE22	4	8.8684e-01	6.8013e-01	0.772533	1
TGFB1I1	4	8.8690e-01	6.8013e-01	0.772533	1
MAP9	4	8.8704e-01	6.8180e-01	0.772533	1
TBL1Y	4	8.8710e-01	6.8180e-01	0.772533	1
SH2D2A	4	8.8716e-01	6.8180e-01	0.772533	1
MTFMT	4	8.8727e-01	6.8341e-01	0.772533	1
USP17L2	4	8.8735e-01	6.8341e-01	0.772533	1
NDUFC1	4	8.8741e-01	6.8341e-01	0.772533	1
LAX1	4	8.8744e-01	6.8341e-01	0.772533	1
CD81	4	8.8748e-01	6.8341e-01	0.772533	1
MKRN1	4	8.8758e-01	6.8341e-01	0.772533	1
OTOG	4	8.8760e-01	6.8341e-01	0.772533	1
PTGER3	4	8.8781e-01	6.8341e-01	0.772533	1
ARMCX5-GPRASP2	4	8.8786e-01	6.8341e-01	0.772533	1
SCAMP3	4	8.8788e-01	6.8341e-01	0.772533	1
WNT10A	4	8.8790e-01	6.8341e-01	0.772533	1
CBLN2	4	8.8798e-01	6.8341e-01	0.772533	1
HAMP	4	8.8800e-01	6.8341e-01	0.772533	1
PPP6R1	4	8.8802e-01	6.8341e-01	0.772533	1
ADNP2	4	8.8812e-01	6.8341e-01	0.772533	1
HNRNPUL2	4	8.8816e-01	6.8341e-01	0.772533	1
KXD1	3	8.8816e-01	6.3435e-01	0.762537	0
HAGH	4	8.8834e-01	6.8341e-01	0.772533	1
TAPBPL	4	8.8838e-01	6.8341e-01	0.772533	1
IGSF21	4	8.8869e-01	6.8341e-01	0.772533	1
RDH13	4	8.8876e-01	6.8341e-01	0.772533	1
TNKS1BP1	4	8.8887e-01	6.8341e-01	0.772533	1
NOVA2	4	8.8893e-01	6.8341e-01	0.772533	1
TNFSF13B	4	8.8897e-01	6.8341e-01	0.772533	1
CCDC134	4	8.8901e-01	6.8341e-01	0.772533	1
SLC38A8	4	8.8902e-01	6.8341e-01	0.772533	1
ARHGAP15	4	8.8904e-01	6.8341e-01	0.772533	1
HAND1	4	8.8915e-01	6.8341e-01	0.772533	1
DUS4L	4	8.8922e-01	6.8341e-01	0.772533	1
UCN2	4	8.8946e-01	6.8341e-01	0.772533	1
PCBD2	4	8.8950e-01	6.8341e-01	0.772533	1
INTU	4	8.8953e-01	6.8341e-01	0.772533	1
ARL4C	4	8.8961e-01	6.8508e-01	0.772533	1
TAS2R9	4	8.8967e-01	6.8508e-01	0.772533	1
COTL1	4	8.8976e-01	6.8508e-01	0.772533	1
PPP3CC	4	8.8979e-01	6.8508e-01	0.772533	1
CORO2A	4	8.8992e-01	6.8508e-01	0.772533	1
CFAP47	4	8.8995e-01	6.8508e-01	0.772533	1
AKAP9	4	8.9001e-01	6.8508e-01	0.772533	1
DUSP3	4	8.9034e-01	6.8508e-01	0.772533	1
MDM4	4	8.9037e-01	6.8508e-01	0.772533	1
BSPH1	4	8.9039e-01	6.8508e-01	0.772533	1
ZCWPW1	4	8.9046e-01	6.8508e-01	0.772533	1
SLC16A6	4	8.9060e-01	6.8508e-01	0.772533	1
NAT8B	4	8.9076e-01	6.8508e-01	0.772533	1
FCN2	4	8.9080e-01	6.8508e-01	0.772533	1
CDKL1	4	8.9090e-01	6.8508e-01	0.772533	1
MEIS3	4	8.9095e-01	6.8508e-01	0.772533	1
EI24	4	8.9096e-01	6.8508e-01	0.772533	1
MAGEB10	4	8.9098e-01	6.8508e-01	0.772533	1
RMDN3	4	8.9101e-01	6.8508e-01	0.772533	1
MAGEC3	4	8.9115e-01	6.8508e-01	0.772533	1
PLA2G4C	4	8.9116e-01	6.8508e-01	0.772533	1
PPIL6	4	8.9118e-01	6.8508e-01	0.772533	1
KNSTRN	4	8.9129e-01	6.8508e-01	0.772533	1
HOXB4	4	8.9145e-01	6.8508e-01	0.772533	1
SLC7A10	4	8.9147e-01	6.8508e-01	0.772533	1
FAM155A	4	8.9149e-01	6.8508e-01	0.772533	1
AJUBA	4	8.9159e-01	6.8508e-01	0.772533	1
KCNK9	4	8.9163e-01	6.8508e-01	0.772533	1
KIR3DL1	4	8.9166e-01	6.8508e-01	0.772533	1
LRRC69	4	8.9175e-01	6.8508e-01	0.772533	1
SPHKAP	4	8.9176e-01	6.8508e-01	0.772533	1
ASAP3	4	8.9180e-01	6.8508e-01	0.772533	1
JAG1	4	8.9187e-01	6.8508e-01	0.772533	1
ELOVL1	4	8.9188e-01	6.8508e-01	0.772533	1
LCMT1	4	8.9195e-01	6.8508e-01	0.772533	1
POU3F1	4	8.9197e-01	6.8508e-01	0.772533	1
SEC31B	4	8.9198e-01	6.8508e-01	0.772533	1
ZNF616	4	8.9203e-01	6.8508e-01	0.772533	1
EPS8L2	4	8.9205e-01	6.8508e-01	0.772533	1
MYZAP	4	8.9211e-01	6.8508e-01	0.772533	1
ADRA1B	4	8.9217e-01	6.8508e-01	0.772533	1
AMOTL1	4	8.9219e-01	6.8508e-01	0.772533	1
ACCS	4	8.9225e-01	6.8508e-01	0.772533	1
ANKRD13A	4	8.9233e-01	6.8508e-01	0.772533	1
PRRT1	4	8.9233e-01	6.8508e-01	0.772533	1
RBM4B	4	8.9244e-01	6.8508e-01	0.772533	1
SOCS4	4	8.9251e-01	6.8508e-01	0.772533	1
APOL6	4	8.9258e-01	6.8508e-01	0.772533	1
MCHR1	4	8.9264e-01	6.8508e-01	0.772533	1
AGAP2	4	8.9267e-01	6.8508e-01	0.772533	1
ENPP6	4	8.9269e-01	6.8508e-01	0.772533	1
TRIM60	4	8.9274e-01	6.8508e-01	0.772533	1
GSG1L	4	8.9283e-01	6.8508e-01	0.772533	1
C9orf64	4	8.9290e-01	6.8508e-01	0.772533	1
MSANTD4	4	8.9291e-01	6.8508e-01	0.772533	1
SOWAHA	4	8.9301e-01	6.8667e-01	0.772533	1
OR2W1	4	8.9306e-01	6.8667e-01	0.772533	1
SLC16A14	4	8.9308e-01	6.8667e-01	0.772533	1
BANF2	4	8.9311e-01	6.8667e-01	0.772533	1
PRKG2	4	8.9318e-01	6.8667e-01	0.772533	1
ENTPD4	4	8.9322e-01	6.8667e-01	0.772533	1
TTC23L	4	8.9327e-01	6.8668e-01	0.772533	1
HLA-DQA1	4	8.9331e-01	6.8668e-01	0.772533	1
LCE3D	4	8.9332e-01	6.8668e-01	0.772533	1
SLMO1	4	8.9343e-01	6.8668e-01	0.772533	1
FAM47C	4	8.9355e-01	6.8668e-01	0.772533	1
HIST1H2BC	4	8.9356e-01	6.8668e-01	0.772533	1
MADCAM1	4	8.9371e-01	6.8828e-01	0.772533	1
TRIML2	4	8.9385e-01	6.8828e-01	0.772533	1
FBXL22	4	8.9399e-01	6.8828e-01	0.772533	1
PHKA2	4	8.9406e-01	6.8828e-01	0.772533	1
RAP2C	4	8.9408e-01	6.8828e-01	0.772533	1
NAA11	4	8.9413e-01	6.8828e-01	0.772533	1
NEUROD2	4	8.9416e-01	6.8828e-01	0.772533	1
EQTN	4	8.9432e-01	6.8828e-01	0.772533	1
SORCS3	4	8.9436e-01	6.8828e-01	0.772533	1
RHOXF2	4	8.9437e-01	6.8828e-01	0.772533	1
GSG1	4	8.9442e-01	6.8828e-01	0.772533	1
KCTD21	4	8.9448e-01	6.8828e-01	0.772533	1
FAM71C	4	8.9452e-01	6.8828e-01	0.772533	1
FAM124A	4	8.9453e-01	6.8828e-01	0.772533	1
TBC1D10A	4	8.9456e-01	6.8828e-01	0.772533	1
PIM1	4	8.9459e-01	6.8828e-01	0.772533	1
AFF1	4	8.9474e-01	6.8828e-01	0.772533	1
ZNF831	4	8.9481e-01	6.8828e-01	0.772533	1
TNS3	4	8.9483e-01	6.8828e-01	0.772533	1
CPA6	4	8.9492e-01	6.8828e-01	0.772533	1
ZNF846	4	8.9493e-01	6.8828e-01	0.772533	1
FEZF2	4	8.9496e-01	6.8828e-01	0.772533	1
ERAS	4	8.9515e-01	6.8828e-01	0.772533	1
SLC1A3	4	8.9516e-01	6.8828e-01	0.772533	1
CRADD	4	8.9518e-01	6.8828e-01	0.772533	1
CNTN4	4	8.9530e-01	6.8828e-01	0.772533	1
USP40	4	8.9542e-01	6.8828e-01	0.772533	1
ADRBK1	4	8.9545e-01	6.8828e-01	0.772533	1
ANXA7	4	8.9552e-01	6.8828e-01	0.772533	1
STAC	4	8.9554e-01	6.8828e-01	0.772533	1
CYP2C9	4	8.9557e-01	6.8828e-01	0.772533	1
CLEC17A	4	8.9571e-01	6.8828e-01	0.772533	1
INHA	4	8.9574e-01	6.8828e-01	0.772533	1
UBR1	4	8.9582e-01	6.8828e-01	0.772533	1
LAMC1	4	8.9589e-01	6.8828e-01	0.772533	1
SPATA22	4	8.9590e-01	6.8828e-01	0.772533	1
PRL	4	8.9592e-01	6.8828e-01	0.772533	1
PCDHGB2	4	8.9610e-01	6.8828e-01	0.772533	1
LILRB4	4	8.9611e-01	6.8828e-01	0.772533	1
FAM13B	4	8.9628e-01	6.8828e-01	0.772533	1
IGIP	4	8.9644e-01	6.8828e-01	0.772533	1
DNPH1	4	8.9644e-01	6.8828e-01	0.772533	1
LRRC73	4	8.9645e-01	6.8828e-01	0.772533	1
FAM81A	4	8.9646e-01	6.8828e-01	0.772533	1
ZNF718	4	8.9660e-01	6.8828e-01	0.772533	1
AK4	4	8.9661e-01	6.8828e-01	0.772533	1
CAPZA1	4	8.9662e-01	6.8828e-01	0.772533	1
KIR2DL4	3	8.9667e-01	6.6576e-01	0.772533	0
OR2T11	4	8.9672e-01	6.8828e-01	0.772533	1
ZSCAN9	4	8.9678e-01	6.8828e-01	0.772533	1
GSK3B	4	8.9679e-01	6.8828e-01	0.772533	1
IRF2BP1	4	8.9685e-01	6.8828e-01	0.772533	1
FAR2	4	8.9691e-01	6.8828e-01	0.772533	1
DGAT1	4	8.9697e-01	6.8828e-01	0.772533	1
CCDC182	4	8.9704e-01	6.8828e-01	0.772533	1
GNAI1	4	8.9728e-01	6.8828e-01	0.772533	1
GCM2	4	8.9735e-01	6.8828e-01	0.772533	1
ZNF595	4	8.9744e-01	6.8828e-01	0.772533	1
MPI	4	8.9745e-01	6.8828e-01	0.772533	1
SH3BGRL	4	8.9746e-01	6.8828e-01	0.772533	1
CLEC4A	4	8.9750e-01	6.8828e-01	0.772533	1
PPP2R2A	4	8.9756e-01	6.8828e-01	0.772533	1
ZNF280B	4	8.9778e-01	6.8828e-01	0.772533	1
PRSS54	4	8.9786e-01	6.8828e-01	0.772533	1
FGFR3	4	8.9789e-01	6.8828e-01	0.772533	1
TRPC4AP	4	8.9806e-01	6.8828e-01	0.772533	1
DLC1	4	8.9811e-01	6.8828e-01	0.772533	1
TSHB	4	8.9813e-01	6.8828e-01	0.772533	1
C9orf131	4	8.9825e-01	6.8828e-01	0.772533	1
DNAL4	4	8.9828e-01	6.8828e-01	0.772533	1
POU3F2	4	8.9832e-01	6.8828e-01	0.772533	1
TYW3	4	8.9846e-01	6.8828e-01	0.772533	1
LEFTY2	4	8.9849e-01	6.8828e-01	0.772533	1
SSX7	4	8.9850e-01	6.8828e-01	0.772533	1
RNF208	4	8.9856e-01	6.8828e-01	0.772533	1
TEX36	4	8.9862e-01	6.8828e-01	0.772533	1
DNAH9	4	8.9863e-01	6.8828e-01	0.772533	1
HOOK2	4	8.9867e-01	6.8828e-01	0.772533	1
OR2A25	4	8.9867e-01	6.8828e-01	0.772533	1
HBA1	4	8.9871e-01	6.8828e-01	0.772533	1
EMP3	4	8.9880e-01	6.8828e-01	0.772533	1
CELF6	4	8.9927e-01	6.8828e-01	0.772533	1
EEF1D	4	8.9929e-01	6.8828e-01	0.772533	1
ATP13A5	4	8.9930e-01	6.8828e-01	0.772533	1
ADAP2	4	8.9937e-01	6.8828e-01	0.772533	1
GNAZ	3	8.9942e-01	6.8159e-01	0.772533	0
LRRC75A	4	8.9942e-01	6.8828e-01	0.772533	1
ALPK2	4	8.9951e-01	6.8828e-01	0.772533	1
OR4D2	4	8.9966e-01	6.8828e-01	0.772533	1
PGP	4	8.9978e-01	6.8828e-01	0.772533	1
OR8D4	4	8.9986e-01	6.8828e-01	0.772533	1
ARHGDIG	4	8.9992e-01	6.8828e-01	0.772533	1
EXOC3L4	4	8.9999e-01	6.8828e-01	0.772533	1
GABRA4	4	9.0003e-01	6.8828e-01	0.772533	1
DCAF5	4	9.0004e-01	6.8828e-01	0.772533	1
COL11A1	4	9.0008e-01	6.8828e-01	0.772533	1
HHEX	4	9.0024e-01	6.8828e-01	0.772533	1
ITGAD	4	9.0026e-01	6.8828e-01	0.772533	1
PRDM14	4	9.0037e-01	6.8996e-01	0.772533	1
ETNPPL	4	9.0042e-01	6.8996e-01	0.772533	1
ZBTB20	4	9.0045e-01	6.8996e-01	0.772533	1
BOC	4	9.0047e-01	6.8996e-01	0.772533	1
RALA	4	9.0050e-01	6.8996e-01	0.772533	1
GPR137B	4	9.0056e-01	6.8996e-01	0.772533	1
FAM160B2	4	9.0067e-01	6.8996e-01	0.772533	1
APBB1IP	4	9.0068e-01	6.8996e-01	0.772533	1
LDHA	4	9.0071e-01	6.8996e-01	0.772533	1
SS18	4	9.0072e-01	6.8996e-01	0.772533	1
BIVM	4	9.0074e-01	6.8996e-01	0.772533	1
UCK1	4	9.0077e-01	6.8996e-01	0.772533	1
SPON2	4	9.0077e-01	6.8996e-01	0.772533	1
DAPK2	4	9.0083e-01	6.8996e-01	0.772533	1
ARMC12	4	9.0084e-01	6.8996e-01	0.772533	1
ATP2C2	4	9.0091e-01	6.8996e-01	0.772533	1
WDR93	4	9.0095e-01	6.8996e-01	0.772533	1
TNF	4	9.0108e-01	6.8996e-01	0.772533	1
AKR1C4	4	9.0116e-01	6.8996e-01	0.772533	1
KLHDC9	4	9.0119e-01	6.8996e-01	0.772533	1
SLC30A5	4	9.0120e-01	6.8996e-01	0.772533	1
GPR119	4	9.0122e-01	6.8996e-01	0.772533	1
GBA2	4	9.0123e-01	6.8996e-01	0.772533	1
ZNRF2	4	9.0131e-01	6.8996e-01	0.772533	1
OR4K17	4	9.0136e-01	6.8996e-01	0.772533	1
HRCT1	4	9.0144e-01	6.8996e-01	0.772533	1
CLYBL	4	9.0150e-01	6.8996e-01	0.772533	1
CPA1	4	9.0156e-01	6.8996e-01	0.772533	1
AARD	4	9.0159e-01	6.8996e-01	0.772533	1
XK	4	9.0167e-01	6.8996e-01	0.772533	1
IFNAR1	4	9.0170e-01	6.8996e-01	0.772533	1
C10orf111	4	9.0174e-01	6.8996e-01	0.772533	1
SAMD3	4	9.0182e-01	6.8996e-01	0.772533	1
FA2H	4	9.0183e-01	6.8996e-01	0.772533	1
GRAMD1A	4	9.0184e-01	6.8996e-01	0.772533	1
ATG4A	4	9.0186e-01	6.8996e-01	0.772533	1
PROK1	4	9.0188e-01	6.8996e-01	0.772533	1
NDUFS4	4	9.0190e-01	6.8996e-01	0.772533	1
SH3RF1	4	9.0195e-01	6.8996e-01	0.772533	1
DEPDC7	4	9.0199e-01	6.9163e-01	0.772533	1
ARL5B	4	9.0200e-01	6.9163e-01	0.772533	1
KIAA0408	4	9.0204e-01	6.9163e-01	0.772533	1
RIMS2	4	9.0212e-01	6.9163e-01	0.772533	1
C9orf91	4	9.0216e-01	6.9163e-01	0.772533	1
BTBD19	4	9.0219e-01	6.9163e-01	0.772533	1
RASGRF1	4	9.0224e-01	6.9163e-01	0.772533	1
TRIM71	4	9.0245e-01	6.9163e-01	0.772533	1
BMPR1A	4	9.0248e-01	6.9163e-01	0.772533	1
CCDC170	4	9.0252e-01	6.9163e-01	0.772533	1
NFE2L3	4	9.0257e-01	6.9163e-01	0.772533	1
GABRP	4	9.0260e-01	6.9163e-01	0.772533	1
PHF19	4	9.0264e-01	6.9163e-01	0.772533	1
UBE3C	4	9.0266e-01	6.9163e-01	0.772533	1
DDC	4	9.0274e-01	6.9163e-01	0.772533	1
CBFB	4	9.0275e-01	6.9163e-01	0.772533	1
LRRC17	4	9.0280e-01	6.9163e-01	0.772533	1
UBL3	4	9.0286e-01	6.9163e-01	0.772533	1
SERP2	4	9.0288e-01	6.9163e-01	0.772533	1
DCDC2C	4	9.0299e-01	6.9163e-01	0.772533	1
STARD8	4	9.0302e-01	6.9163e-01	0.772533	1
L3MBTL3	4	9.0304e-01	6.9163e-01	0.772533	1
SUCLG2	4	9.0305e-01	6.9163e-01	0.772533	1
IGFL2	4	9.0307e-01	6.9163e-01	0.772533	1
HLA-DQA2	4	9.0327e-01	6.9323e-01	0.772533	1
FCER1G	4	9.0350e-01	6.9323e-01	0.772533	1
ARHGAP35	4	9.0353e-01	6.9323e-01	0.772533	1
SETD3	4	9.0356e-01	6.9323e-01	0.772533	1
GPR137C	4	9.0362e-01	6.9323e-01	0.772533	1
RAB41	4	9.0367e-01	6.9323e-01	0.772533	1
SLC25A15	4	9.0368e-01	6.9323e-01	0.772533	1
ODF2L	4	9.0371e-01	6.9323e-01	0.772533	1
GPR156	4	9.0371e-01	6.9323e-01	0.772533	1
DESI1	4	9.0379e-01	6.9323e-01	0.772533	1
CD244	4	9.0383e-01	6.9323e-01	0.772533	1
OGFRL1	4	9.0395e-01	6.9323e-01	0.772533	1
CASP5	4	9.0396e-01	6.9323e-01	0.772533	1
HRC	4	9.0405e-01	6.9323e-01	0.772533	1
TCEANC	4	9.0410e-01	6.9323e-01	0.772533	1
ENPP5	4	9.0418e-01	6.9323e-01	0.772533	1
JAKMIP1	4	9.0422e-01	6.9323e-01	0.772533	1
TBCEL	4	9.0430e-01	6.9323e-01	0.772533	1
ATP6V1B1	4	9.0434e-01	6.9323e-01	0.772533	1
RORC	4	9.0436e-01	6.9323e-01	0.772533	1
DCBLD1	4	9.0437e-01	6.9323e-01	0.772533	1
ZNF334	4	9.0440e-01	6.9323e-01	0.772533	1
ZNF697	4	9.0448e-01	6.9323e-01	0.772533	1
RRAGB	4	9.0449e-01	6.9323e-01	0.772533	1
ENTPD2	4	9.0455e-01	6.9323e-01	0.772533	1
ANKRD28	4	9.0463e-01	6.9323e-01	0.772533	1
PLAUR	4	9.0470e-01	6.9323e-01	0.772533	1
DEFB108B	4	9.0473e-01	6.9323e-01	0.772533	1
NSG1	4	9.0499e-01	6.9489e-01	0.772533	1
FAM65A	4	9.0504e-01	6.9489e-01	0.772533	1
GPCPD1	4	9.0508e-01	6.9489e-01	0.772533	1
RANBP3L	4	9.0511e-01	6.9489e-01	0.772533	1
NDRG3	4	9.0512e-01	6.9489e-01	0.772533	1
NEUROD1	4	9.0513e-01	6.9489e-01	0.772533	1
HLA-A	4	9.0526e-01	6.9489e-01	0.772533	1
RPS4Y1	4	9.0533e-01	6.9489e-01	0.772533	1
ZNF541	4	9.0538e-01	6.9489e-01	0.772533	1
PDZK1	4	9.0552e-01	6.9489e-01	0.772533	1
DNAJC25	4	9.0554e-01	6.9489e-01	0.772533	1
MYSM1	4	9.0558e-01	6.9489e-01	0.772533	1
GRHL3	4	9.0560e-01	6.9489e-01	0.772533	1
CRYZL1	4	9.0562e-01	6.9489e-01	0.772533	1
MEX3D	4	9.0563e-01	6.9489e-01	0.772533	1
SPATA31D3	4	9.0575e-01	6.9489e-01	0.772533	1
CAMK1G	4	9.0584e-01	6.9489e-01	0.772533	1
PSG9	4	9.0594e-01	6.9489e-01	0.772533	1
ZBTB45	4	9.0599e-01	6.9489e-01	0.772533	1
BRE	4	9.0604e-01	6.9489e-01	0.772533	1
KCNK10	4	9.0613e-01	6.9489e-01	0.772533	1
RBMY1F	4	9.0617e-01	6.9489e-01	0.772533	1
FOXRED1	4	9.0618e-01	6.9489e-01	0.772533	1
PIK3CG	4	9.0618e-01	6.9489e-01	0.772533	1
MFSD8	4	9.0625e-01	6.9489e-01	0.772533	1
SPINT4	4	9.0634e-01	6.9489e-01	0.772533	1
BRPF3	4	9.0640e-01	6.9489e-01	0.772533	1
MST1R	4	9.0642e-01	6.9489e-01	0.772533	1
PRY	3	9.0648e-01	7.0082e-01	0.775027	0
ZNF578	4	9.0649e-01	6.9489e-01	0.772533	1
FAM207A	4	9.0650e-01	6.9489e-01	0.772533	1
RIN3	4	9.0652e-01	6.9489e-01	0.772533	1
SEPTIN10	4	9.0656e-01	6.9489e-01	0.772533	1
C2orf81	4	9.0681e-01	6.9489e-01	0.772533	1
RBM23	4	9.0695e-01	6.9489e-01	0.772533	1
ZNF85	4	9.0705e-01	6.9489e-01	0.772533	1
OR9G4	4	9.0709e-01	6.9489e-01	0.772533	1
CXXC5	4	9.0711e-01	6.9489e-01	0.772533	1
CDH4	4	9.0714e-01	6.9489e-01	0.772533	1
FAM222A	4	9.0716e-01	6.9489e-01	0.772533	1
TCEA1	4	9.0717e-01	6.9489e-01	0.772533	1
PRR20D	4	9.0719e-01	6.9489e-01	0.772533	1
PAXIP1	4	9.0720e-01	6.9489e-01	0.772533	1
OGN	4	9.0728e-01	6.9489e-01	0.772533	1
ZMYND19	4	9.0738e-01	6.9489e-01	0.772533	1
PIP4K2A	4	9.0742e-01	6.9489e-01	0.772533	1
FGF20	4	9.0748e-01	6.9489e-01	0.772533	1
AJAP1	4	9.0755e-01	6.9489e-01	0.772533	1
OR2L5	4	9.0760e-01	6.9489e-01	0.772533	1
USP17L11	4	9.0769e-01	6.9489e-01	0.772533	1
SP4	4	9.0778e-01	6.9489e-01	0.772533	1
MOCS2	4	9.0784e-01	6.9489e-01	0.772533	1
B4GALNT1	4	9.0785e-01	6.9489e-01	0.772533	1
CELF1	4	9.0789e-01	6.9489e-01	0.772533	1
VAMP4	4	9.0793e-01	6.9489e-01	0.772533	1
ING4	4	9.0799e-01	6.9489e-01	0.772533	1
SLC28A1	4	9.0810e-01	6.9489e-01	0.772533	1
CEP95	4	9.0812e-01	6.9489e-01	0.772533	1
C1orf167	4	9.0815e-01	6.9489e-01	0.772533	1
HP	4	9.0822e-01	6.9489e-01	0.772533	1
PATL2	4	9.0831e-01	6.9489e-01	0.772533	1
DSG3	4	9.0832e-01	6.9489e-01	0.772533	1
DUSP22	4	9.0841e-01	6.9489e-01	0.772533	1
GOLIM4	4	9.0844e-01	6.9489e-01	0.772533	1
YTHDF2	4	9.0846e-01	6.9489e-01	0.772533	1
ANXA2	4	9.0855e-01	6.9489e-01	0.772533	1
GPR150	4	9.0857e-01	6.9489e-01	0.772533	1
PRG3	4	9.0857e-01	6.9489e-01	0.772533	1
SLC4A1	4	9.0863e-01	6.9489e-01	0.772533	1
SOX7	4	9.0865e-01	6.9489e-01	0.772533	1
C9orf106	4	9.0886e-01	6.9489e-01	0.772533	1
USP17L13	4	9.0886e-01	6.9489e-01	0.772533	1
OLIG2	4	9.0891e-01	6.9489e-01	0.772533	1
TMEM99	4	9.0895e-01	6.9489e-01	0.772533	1
DRAM1	4	9.0895e-01	6.9489e-01	0.772533	1
MAP2K4	4	9.0900e-01	6.9489e-01	0.772533	1
PACSIN3	4	9.0910e-01	6.9489e-01	0.772533	1
KLF14	4	9.0914e-01	6.9489e-01	0.772533	1
IFNA4	4	9.0919e-01	6.9489e-01	0.772533	1
ZNF454	4	9.0921e-01	6.9489e-01	0.772533	1
SLC17A7	4	9.0952e-01	6.9489e-01	0.772533	1
PYROXD2	4	9.0957e-01	6.9489e-01	0.772533	1
SMPDL3B	4	9.0959e-01	6.9489e-01	0.772533	1
RNFT1	4	9.0963e-01	6.9489e-01	0.772533	1
CHCHD2	4	9.0970e-01	6.9489e-01	0.772533	1
SHD	4	9.0975e-01	6.9489e-01	0.772533	1
POLDIP2	4	9.0979e-01	6.9489e-01	0.772533	1
GLYATL3	4	9.0980e-01	6.9489e-01	0.772533	1
OR2T33	4	9.0982e-01	6.9489e-01	0.772533	1
ALOX5	4	9.0989e-01	6.9489e-01	0.772533	1
GKAP1	4	9.0999e-01	6.9489e-01	0.772533	1
TMEM97	4	9.1007e-01	6.9489e-01	0.772533	1
CTF1	4	9.1021e-01	6.9489e-01	0.772533	1
ALKBH8	4	9.1026e-01	6.9489e-01	0.772533	1
VSX1	4	9.1028e-01	6.9489e-01	0.772533	1
NT5DC1	4	9.1031e-01	6.9489e-01	0.772533	1
KLRC4-KLRK1	4	9.1031e-01	6.9489e-01	0.772533	1
MSMO1	4	9.1035e-01	6.9489e-01	0.772533	1
COL27A1	4	9.1037e-01	6.9489e-01	0.772533	1
GPM6A	4	9.1042e-01	6.9489e-01	0.772533	1
KRT33B	4	9.1044e-01	6.9489e-01	0.772533	1
APBA2	4	9.1046e-01	6.9489e-01	0.772533	1
EIF4E1B	4	9.1049e-01	6.9489e-01	0.772533	1
TMEM80	4	9.1051e-01	6.9489e-01	0.772533	1
TAZ	4	9.1072e-01	6.9489e-01	0.772533	1
BPI	4	9.1073e-01	6.9489e-01	0.772533	1
TMEM98	4	9.1080e-01	6.9489e-01	0.772533	1
CLDN14	4	9.1091e-01	6.9489e-01	0.772533	1
NEIL3	4	9.1113e-01	6.9489e-01	0.772533	1
SLC8A2	4	9.1116e-01	6.9489e-01	0.772533	1
ZNF638	4	9.1121e-01	6.9489e-01	0.772533	1
LDHC	4	9.1123e-01	6.9489e-01	0.772533	1
HOXD1	4	9.1134e-01	6.9489e-01	0.772533	1
HAAO	4	9.1150e-01	6.9489e-01	0.772533	1
UBR2	4	9.1153e-01	6.9489e-01	0.772533	1
DEFA4	4	9.1155e-01	6.9489e-01	0.772533	1
DDX58	3	9.1173e-01	7.0880e-01	0.779587	0
SH2B3	4	9.1178e-01	6.9489e-01	0.772533	1
OXCT1	4	9.1188e-01	6.9489e-01	0.772533	1
PABPC3	4	9.1196e-01	6.9489e-01	0.772533	1
PLCH2	4	9.1198e-01	6.9489e-01	0.772533	1
FGB	4	9.1240e-01	6.9489e-01	0.772533	1
PLEK	4	9.1246e-01	6.9489e-01	0.772533	1
CDR2L	4	9.1254e-01	6.9489e-01	0.772533	1
PEA15	4	9.1259e-01	6.9489e-01	0.772533	1
TEX30	4	9.1265e-01	6.9489e-01	0.772533	1
TMEM51	4	9.1269e-01	6.9489e-01	0.772533	1
RRM2B	4	9.1271e-01	6.9489e-01	0.772533	1
KITLG	4	9.1273e-01	6.9489e-01	0.772533	1
CSNK1D	4	9.1285e-01	6.9489e-01	0.772533	1
ZNF414	4	9.1286e-01	6.9489e-01	0.772533	1
LMBRD1	4	9.1291e-01	6.9489e-01	0.772533	1
VPS72	4	9.1294e-01	6.9489e-01	0.772533	1
SLC35G1	4	9.1295e-01	6.9489e-01	0.772533	1
ZUFSP	4	9.1300e-01	6.9489e-01	0.772533	1
SRPX2	4	9.1305e-01	6.9489e-01	0.772533	1
MUSTN1	4	9.1312e-01	6.9489e-01	0.772533	1
COX7B2	4	9.1318e-01	6.9489e-01	0.772533	1
CLDN3	4	9.1321e-01	6.9489e-01	0.772533	1
HINT3	4	9.1337e-01	6.9489e-01	0.772533	1
AHRR	4	9.1340e-01	6.9489e-01	0.772533	1
ZNF705D	4	9.1343e-01	6.9489e-01	0.772533	1
USP46	4	9.1350e-01	6.9489e-01	0.772533	1
SMCO3	4	9.1372e-01	6.9489e-01	0.772533	1
ECHS1	4	9.1376e-01	6.9489e-01	0.772533	1
ADGRA3	4	9.1380e-01	6.9489e-01	0.772533	1
TGFB1	4	9.1383e-01	6.9489e-01	0.772533	1
TAX1BP1	4	9.1384e-01	6.9489e-01	0.772533	1
DEDD	4	9.1385e-01	6.9489e-01	0.772533	1
GCSH	4	9.1400e-01	6.9489e-01	0.772533	1
ANKRD16	4	9.1403e-01	6.9489e-01	0.772533	1
LCA5	4	9.1404e-01	6.9489e-01	0.772533	1
KRT37	4	9.1413e-01	6.9489e-01	0.772533	1
LOXHD1	4	9.1413e-01	6.9489e-01	0.772533	1
C2orf71	4	9.1429e-01	6.9489e-01	0.772533	1
C10orf126	4	9.1433e-01	6.9489e-01	0.772533	1
DNAJA2	4	9.1434e-01	6.9489e-01	0.772533	1
ACTA2	4	9.1437e-01	6.9489e-01	0.772533	1
PRRC2A	4	9.1439e-01	6.9489e-01	0.772533	1
ZNF772	4	9.1441e-01	6.9489e-01	0.772533	1
GRAP2	4	9.1461e-01	6.9489e-01	0.772533	1
FGF21	4	9.1463e-01	6.9489e-01	0.772533	1
NKRF	4	9.1467e-01	6.9489e-01	0.772533	1
ASIC5	4	9.1476e-01	6.9489e-01	0.772533	1
GPR19	4	9.1481e-01	6.9489e-01	0.772533	1
CDK16	4	9.1483e-01	6.9489e-01	0.772533	1
SLC5A8	4	9.1485e-01	6.9489e-01	0.772533	1
ZNF527	4	9.1486e-01	6.9489e-01	0.772533	1
C11orf74	4	9.1488e-01	6.9489e-01	0.772533	1
WDR90	4	9.1492e-01	6.9489e-01	0.772533	1
RETSAT	4	9.1494e-01	6.9489e-01	0.772533	1
TMEM31	4	9.1495e-01	6.9489e-01	0.772533	1
MAPK8IP2	4	9.1500e-01	6.9489e-01	0.772533	1
CCDC71L	4	9.1517e-01	6.9489e-01	0.772533	1
ECM2	4	9.1529e-01	6.9489e-01	0.772533	1
QPCTL	4	9.1533e-01	6.9489e-01	0.772533	1
CYP2A13	4	9.1537e-01	6.9489e-01	0.772533	1
TLR2	4	9.1556e-01	6.9489e-01	0.772533	1
MAMLD1	4	9.1559e-01	6.9489e-01	0.772533	1
MXRA8	4	9.1561e-01	6.9489e-01	0.772533	1
HLA-G	4	9.1566e-01	6.9489e-01	0.772533	1
SYCP3	4	9.1576e-01	6.9489e-01	0.772533	1
SELM	4	9.1578e-01	6.9489e-01	0.772533	1
SYNJ2BP-COX16	4	9.1580e-01	6.9489e-01	0.772533	1
HMGB2	4	9.1581e-01	6.9489e-01	0.772533	1
ROPN1	4	9.1582e-01	6.9489e-01	0.772533	1
KCNA6	4	9.1584e-01	6.9489e-01	0.772533	1
CCDC96	4	9.1588e-01	6.9489e-01	0.772533	1
IFIT5	4	9.1595e-01	6.9489e-01	0.772533	1
ITPR1	4	9.1598e-01	6.9489e-01	0.772533	1
CLDND2	4	9.1599e-01	6.9489e-01	0.772533	1
NAGPA	4	9.1601e-01	6.9489e-01	0.772533	1
CIB1	4	9.1609e-01	6.9489e-01	0.772533	1
C22orf46	4	9.1610e-01	6.9489e-01	0.772533	1
LGALS7	4	9.1615e-01	6.9489e-01	0.772533	1
C5orf64	4	9.1617e-01	6.9489e-01	0.772533	1
C9orf41	4	9.1623e-01	6.9489e-01	0.772533	1
CMYA5	4	9.1626e-01	6.9489e-01	0.772533	1
FTSJ1	4	9.1628e-01	6.9489e-01	0.772533	1
HERC2	4	9.1633e-01	6.9489e-01	0.772533	1
COX6A2	4	9.1634e-01	6.9489e-01	0.772533	1
SUV39H2	4	9.1651e-01	6.9489e-01	0.772533	1
AAED1	4	9.1656e-01	6.9489e-01	0.772533	1
POMK	4	9.1657e-01	6.9489e-01	0.772533	1
UNC45B	4	9.1660e-01	6.9489e-01	0.772533	1
MUC3A	4	9.1679e-01	6.9489e-01	0.772533	1
C12orf75	4	9.1679e-01	6.9489e-01	0.772533	1
OR2A5	4	9.1682e-01	6.9489e-01	0.772533	1
CSN3	4	9.1683e-01	6.9489e-01	0.772533	1
SDCBP	4	9.1686e-01	6.9489e-01	0.772533	1
ESD	4	9.1687e-01	6.9489e-01	0.772533	1
ISYNA1	4	9.1695e-01	6.9489e-01	0.772533	1
USHBP1	4	9.1706e-01	6.9489e-01	0.772533	1
TXNDC11	4	9.1707e-01	6.9489e-01	0.772533	1
FCRL3	4	9.1722e-01	6.9489e-01	0.772533	1
DCLK2	4	9.1723e-01	6.9489e-01	0.772533	1
WBP1L	4	9.1727e-01	6.9489e-01	0.772533	1
HOXA4	4	9.1728e-01	6.9489e-01	0.772533	1
PAQR8	4	9.1728e-01	6.9489e-01	0.772533	1
CPSF4L	4	9.1731e-01	6.9489e-01	0.772533	1
MNX1	4	9.1735e-01	6.9489e-01	0.772533	1
APOBEC3A	4	9.1737e-01	6.9489e-01	0.772533	1
PLA2G4F	4	9.1743e-01	6.9489e-01	0.772533	1
CNOT11	4	9.1744e-01	6.9489e-01	0.772533	1
PRAMEF11	4	9.1747e-01	6.9489e-01	0.772533	1
SCD	4	9.1750e-01	6.9489e-01	0.772533	1
VAMP7	4	9.1752e-01	6.9489e-01	0.772533	1
SPANXN3	4	9.1758e-01	6.9489e-01	0.772533	1
TCP11L1	4	9.1762e-01	6.9489e-01	0.772533	1
ANKRD13B	4	9.1768e-01	6.9489e-01	0.772533	1
MUC21	4	9.1778e-01	6.9489e-01	0.772533	1
HIST1H2AE	4	9.1778e-01	6.9489e-01	0.772533	1
NIPAL3	4	9.1789e-01	6.9489e-01	0.772533	1
POU2F3	4	9.1789e-01	6.9489e-01	0.772533	1
ACVRL1	4	9.1792e-01	6.9489e-01	0.772533	1
DMRT2	4	9.1797e-01	6.9489e-01	0.772533	1
ZNF276	4	9.1801e-01	6.9489e-01	0.772533	1
AFM	4	9.1805e-01	6.9489e-01	0.772533	1
FOLR1	4	9.1817e-01	6.9489e-01	0.772533	1
SCP2D1	4	9.1823e-01	6.9489e-01	0.772533	1
C10orf95	4	9.1827e-01	6.9489e-01	0.772533	1
FAM177B	4	9.1828e-01	6.9489e-01	0.772533	1
SMARCA2	4	9.1834e-01	6.9489e-01	0.772533	1
PEX10	4	9.1835e-01	6.9489e-01	0.772533	1
ADAM18	4	9.1847e-01	6.9489e-01	0.772533	1
RECQL	4	9.1852e-01	6.9489e-01	0.772533	1
NMS	4	9.1856e-01	6.9489e-01	0.772533	1
TRIM55	4	9.1865e-01	6.9489e-01	0.772533	1
PLCL2	4	9.1866e-01	6.9489e-01	0.772533	1
CDNF	3	9.1867e-01	7.2810e-01	0.796039	0
TSPO	4	9.1868e-01	6.9489e-01	0.772533	1
ZNF584	4	9.1880e-01	6.9489e-01	0.772533	1
AIPL1	4	9.1889e-01	6.9489e-01	0.772533	1
SUSD5	4	9.1892e-01	6.9489e-01	0.772533	1
SCARF1	4	9.1894e-01	6.9489e-01	0.772533	1
STYK1	4	9.1898e-01	6.9489e-01	0.772533	1
MOB2	4	9.1902e-01	6.9489e-01	0.772533	1
NEIL2	4	9.1903e-01	6.9489e-01	0.772533	1
MARCO	4	9.1906e-01	6.9489e-01	0.772533	1
H1FX	4	9.1911e-01	6.9489e-01	0.772533	1
HOGA1	4	9.1912e-01	6.9489e-01	0.772533	1
KIAA0232	4	9.1913e-01	6.9489e-01	0.772533	1
SNAP91	4	9.1940e-01	6.9489e-01	0.772533	1
FAM217A	4	9.1943e-01	6.9489e-01	0.772533	1
PSMF1	4	9.1945e-01	6.9489e-01	0.772533	1
IGSF23	4	9.1947e-01	6.9489e-01	0.772533	1
CD33	4	9.1954e-01	6.9489e-01	0.772533	1
KLHL28	4	9.1954e-01	6.9489e-01	0.772533	1
SIAH2	4	9.1957e-01	6.9489e-01	0.772533	1
IL1RL2	4	9.1963e-01	6.9489e-01	0.772533	1
CLDN11	4	9.1970e-01	6.9489e-01	0.772533	1
C2CD5	4	9.1977e-01	6.9489e-01	0.772533	1
HEATR9	4	9.1980e-01	6.9489e-01	0.772533	1
CGB5	4	9.1988e-01	6.9489e-01	0.772533	1
NPRL2	4	9.1998e-01	6.9489e-01	0.772533	1
TSPY2	4	9.2000e-01	6.9489e-01	0.772533	1
PIWIL3	4	9.2005e-01	6.9489e-01	0.772533	1
DMGDH	4	9.2005e-01	6.9489e-01	0.772533	1
IDH3G	4	9.2007e-01	6.9489e-01	0.772533	1
SAV1	4	9.2016e-01	6.9489e-01	0.772533	1
SLC22A4	4	9.2022e-01	6.9489e-01	0.772533	1
B3GALNT2	4	9.2023e-01	6.9489e-01	0.772533	1
SELENBP1	4	9.2027e-01	6.9489e-01	0.772533	1
CABP1	4	9.2029e-01	6.9489e-01	0.772533	1
ICA1L	4	9.2033e-01	6.9489e-01	0.772533	1
PCDHGB5	4	9.2037e-01	6.9489e-01	0.772533	1
HNRNPA0	4	9.2039e-01	6.9489e-01	0.772533	1
LYZ	4	9.2047e-01	6.9489e-01	0.772533	1
TMEM126B	4	9.2054e-01	6.9489e-01	0.772533	1
VPS37C	4	9.2066e-01	6.9489e-01	0.772533	1
PRRG1	4	9.2067e-01	6.9489e-01	0.772533	1
SYN2	4	9.2071e-01	6.9489e-01	0.772533	1
FBXO43	4	9.2072e-01	6.9489e-01	0.772533	1
ZP1	4	9.2079e-01	6.9489e-01	0.772533	1
OCEL1	4	9.2086e-01	6.9489e-01	0.772533	1
BCL2L11	4	9.2090e-01	6.9489e-01	0.772533	1
PCBP3	3	9.2090e-01	7.3564e-01	0.802762	0
ULK4	4	9.2096e-01	6.9489e-01	0.772533	1
HSD17B6	4	9.2097e-01	6.9489e-01	0.772533	1
LOC100130370	4	9.2102e-01	6.9489e-01	0.772533	1
LDHB	4	9.2106e-01	6.9489e-01	0.772533	1
UBTD2	4	9.2108e-01	6.9489e-01	0.772533	1
HINT1	4	9.2111e-01	6.9489e-01	0.772533	1
FOXL2NB	4	9.2118e-01	6.9489e-01	0.772533	1
OR1N2	4	9.2128e-01	6.9489e-01	0.772533	1
SLC22A23	4	9.2131e-01	6.9489e-01	0.772533	1
HECTD2	4	9.2133e-01	6.9489e-01	0.772533	1
ERBB2	4	9.2137e-01	6.9489e-01	0.772533	1
VDR	4	9.2140e-01	6.9489e-01	0.772533	1
BLOC1S2	4	9.2142e-01	6.9489e-01	0.772533	1
DUSP28	4	9.2149e-01	6.9489e-01	0.772533	1
PF4V1	4	9.2153e-01	6.9489e-01	0.772533	1
RFK	4	9.2155e-01	6.9489e-01	0.772533	1
RAB15	4	9.2156e-01	6.9489e-01	0.772533	1
MYL5	4	9.2157e-01	6.9489e-01	0.772533	1
NREP	4	9.2158e-01	6.9489e-01	0.772533	1
NR3C1	4	9.2160e-01	6.9489e-01	0.772533	1
LATS1	4	9.2162e-01	6.9489e-01	0.772533	1
IL13	4	9.2165e-01	6.9489e-01	0.772533	1
MMP21	4	9.2168e-01	6.9489e-01	0.772533	1
STIM1	4	9.2169e-01	6.9489e-01	0.772533	1
SNX7	4	9.2173e-01	6.9489e-01	0.772533	1
MAN1A2	4	9.2183e-01	6.9489e-01	0.772533	1
C12orf42	4	9.2187e-01	6.9489e-01	0.772533	1
AP3S1	4	9.2188e-01	6.9489e-01	0.772533	1
SMARCA4	4	9.2192e-01	6.9489e-01	0.772533	1
KNOP1	4	9.2194e-01	6.9489e-01	0.772533	1
SMPX	4	9.2195e-01	6.9489e-01	0.772533	1
MSS51	4	9.2208e-01	6.9489e-01	0.772533	1
DHX34	4	9.2213e-01	6.9489e-01	0.772533	1
APOC1	4	9.2224e-01	6.9489e-01	0.772533	1
HCAR2	4	9.2231e-01	6.9489e-01	0.772533	1
DLGAP4	4	9.2234e-01	6.9489e-01	0.772533	1
IL6	4	9.2235e-01	6.9489e-01	0.772533	1
LRTM1	4	9.2238e-01	6.9489e-01	0.772533	1
HIST1H3I	4	9.2253e-01	6.9489e-01	0.772533	1
FPR1	4	9.2255e-01	6.9489e-01	0.772533	1
RDH14	4	9.2259e-01	6.9489e-01	0.772533	1
NUPR1	4	9.2262e-01	6.9489e-01	0.772533	1
ACTN2	4	9.2269e-01	6.9489e-01	0.772533	1
FIGNL1	4	9.2279e-01	6.9489e-01	0.772533	1
TRPV3	4	9.2285e-01	6.9489e-01	0.772533	1
FAM83G	4	9.2286e-01	6.9489e-01	0.772533	1
FKBP7	4	9.2290e-01	6.9489e-01	0.772533	1
ANKRD53	4	9.2296e-01	6.9489e-01	0.772533	1
CGA	4	9.2298e-01	6.9489e-01	0.772533	1
ERC2	4	9.2303e-01	6.9489e-01	0.772533	1
RELL1	4	9.2304e-01	6.9489e-01	0.772533	1
SEMA5B	4	9.2317e-01	6.9489e-01	0.772533	1
C16orf87	4	9.2332e-01	6.9489e-01	0.772533	1
TPPP3	4	9.2337e-01	6.9489e-01	0.772533	1
MAP2K3	4	9.2345e-01	6.9489e-01	0.772533	1
TRAF3	4	9.2347e-01	6.9489e-01	0.772533	1
BCL11B	4	9.2349e-01	6.9489e-01	0.772533	1
TCF7L1	4	9.2353e-01	6.9489e-01	0.772533	1
PTK2B	4	9.2355e-01	6.9489e-01	0.772533	1
ACTR3C	4	9.2358e-01	6.9489e-01	0.772533	1
PAX7	4	9.2362e-01	6.9489e-01	0.772533	1
CNDP2	4	9.2363e-01	6.9489e-01	0.772533	1
PASD1	4	9.2367e-01	6.9489e-01	0.772533	1
TNFRSF12A	4	9.2377e-01	6.9489e-01	0.772533	1
GJB7	4	9.2386e-01	6.9489e-01	0.772533	1
ROBO3	4	9.2389e-01	6.9489e-01	0.772533	1
RABAC1	4	9.2395e-01	6.9489e-01	0.772533	1
REG3G	4	9.2397e-01	6.9489e-01	0.772533	1
DZANK1	4	9.2404e-01	6.9489e-01	0.772533	1
JAKMIP3	4	9.2409e-01	6.9489e-01	0.772533	1
WDSUB1	4	9.2410e-01	6.9489e-01	0.772533	1
SOX14	4	9.2416e-01	6.9489e-01	0.772533	1
C18orf32	4	9.2420e-01	6.9489e-01	0.772533	1
PLA2G6	4	9.2424e-01	6.9489e-01	0.772533	1
SH3BGRL3	4	9.2427e-01	6.9489e-01	0.772533	1
HLA-DOB	4	9.2431e-01	6.9489e-01	0.772533	1
CYP1B1	4	9.2440e-01	6.9489e-01	0.772533	1
AVPI1	4	9.2446e-01	6.9489e-01	0.772533	1
TM4SF18	4	9.2449e-01	6.9489e-01	0.772533	1
SLC39A8	4	9.2459e-01	6.9489e-01	0.772533	1
NAT1	4	9.2475e-01	6.9489e-01	0.772533	1
RAB23	4	9.2493e-01	6.9489e-01	0.772533	1
ASGR2	4	9.2495e-01	6.9489e-01	0.772533	1
FXYD3	4	9.2504e-01	6.9489e-01	0.772533	1
MAGEE1	4	9.2505e-01	6.9489e-01	0.772533	1
FLJ44635	4	9.2526e-01	6.9489e-01	0.772533	1
PRR5	4	9.2529e-01	6.9489e-01	0.772533	1
SCG5	4	9.2532e-01	6.9489e-01	0.772533	1
PRMT2	4	9.2547e-01	6.9489e-01	0.772533	1
CCDC82	4	9.2549e-01	6.9489e-01	0.772533	1
UNC80	4	9.2553e-01	6.9489e-01	0.772533	1
CLNK	4	9.2555e-01	6.9489e-01	0.772533	1
GRIN2D	4	9.2562e-01	6.9489e-01	0.772533	1
LOC100130705	4	9.2563e-01	6.9489e-01	0.772533	1
FBXL21	4	9.2569e-01	6.9489e-01	0.772533	1
ID1	4	9.2575e-01	6.9489e-01	0.772533	1
GPR21	4	9.2580e-01	6.9489e-01	0.772533	1
ST6GALNAC5	4	9.2595e-01	6.9489e-01	0.772533	1
CRYAA	4	9.2609e-01	6.9489e-01	0.772533	1
DNAH5	4	9.2614e-01	6.9489e-01	0.772533	1
DGKD	4	9.2618e-01	6.9489e-01	0.772533	1
ZBTB38	4	9.2630e-01	6.9489e-01	0.772533	1
EPHB6	4	9.2636e-01	6.9489e-01	0.772533	1
CCIN	4	9.2639e-01	6.9489e-01	0.772533	1
N4BP2	4	9.2640e-01	6.9489e-01	0.772533	1
TPGS2	4	9.2646e-01	6.9489e-01	0.772533	1
CBLN4	4	9.2650e-01	6.9489e-01	0.772533	1
PLAGL1	4	9.2651e-01	6.9489e-01	0.772533	1
KCNK18	4	9.2661e-01	6.9489e-01	0.772533	1
UBAC1	4	9.2662e-01	6.9489e-01	0.772533	1
ASAH1	4	9.2664e-01	6.9489e-01	0.772533	1
AHCY	4	9.2666e-01	6.9489e-01	0.772533	1
BPGM	4	9.2682e-01	6.9489e-01	0.772533	1
PC	4	9.2686e-01	6.9489e-01	0.772533	1
SSFA2	4	9.2693e-01	6.9489e-01	0.772533	1
PKHD1	4	9.2708e-01	6.9489e-01	0.772533	1
SLCO2B1	4	9.2713e-01	6.9489e-01	0.772533	1
F5	4	9.2714e-01	6.9489e-01	0.772533	1
BRCC3	4	9.2715e-01	6.9489e-01	0.772533	1
NME7	4	9.2720e-01	6.9489e-01	0.772533	1
SLC44A3	4	9.2720e-01	6.9489e-01	0.772533	1
RC3H2	4	9.2721e-01	6.9489e-01	0.772533	1
EMC10	4	9.2732e-01	6.9489e-01	0.772533	1
PKN1	4	9.2733e-01	6.9489e-01	0.772533	1
SHROOM4	4	9.2734e-01	6.9489e-01	0.772533	1
EPHX2	4	9.2735e-01	6.9489e-01	0.772533	1
PET117	4	9.2741e-01	6.9489e-01	0.772533	1
TRPC5	4	9.2742e-01	6.9489e-01	0.772533	1
MOGAT3	4	9.2748e-01	6.9489e-01	0.772533	1
SLC38A1	4	9.2765e-01	6.9489e-01	0.772533	1
TTC32	4	9.2770e-01	6.9489e-01	0.772533	1
NAGA	4	9.2770e-01	6.9489e-01	0.772533	1
RNASE6	4	9.2775e-01	6.9489e-01	0.772533	1
ATF1	4	9.2781e-01	6.9489e-01	0.772533	1
CARHSP1	4	9.2782e-01	6.9489e-01	0.772533	1
RASGEF1A	4	9.2784e-01	6.9489e-01	0.772533	1
ANKRD65	4	9.2803e-01	6.9489e-01	0.772533	1
F8	4	9.2814e-01	6.9489e-01	0.772533	1
SCAND1	4	9.2821e-01	6.9489e-01	0.772533	1
ETV1	4	9.2825e-01	6.9489e-01	0.772533	1
AHSA1	4	9.2842e-01	6.9489e-01	0.772533	1
VAPB	4	9.2843e-01	6.9489e-01	0.772533	1
SLC3A1	4	9.2844e-01	6.9489e-01	0.772533	1
GTSF1	4	9.2847e-01	6.9489e-01	0.772533	1
PTGES	4	9.2848e-01	6.9489e-01	0.772533	1
NUDT11	4	9.2849e-01	6.9489e-01	0.772533	1
STIP1	4	9.2854e-01	6.9489e-01	0.772533	1
CXorf56	4	9.2859e-01	6.9489e-01	0.772533	1
SIAE	4	9.2860e-01	6.9489e-01	0.772533	1
OR10A7	4	9.2862e-01	6.9489e-01	0.772533	1
TESK2	4	9.2869e-01	6.9489e-01	0.772533	1
KSR1	4	9.2871e-01	6.9489e-01	0.772533	1
TIMM17B	4	9.2875e-01	6.9489e-01	0.772533	1
NLRC4	4	9.2880e-01	6.9489e-01	0.772533	1
MAN2A2	4	9.2881e-01	6.9489e-01	0.772533	1
EHD1	4	9.2884e-01	6.9489e-01	0.772533	1
EFCAB1	4	9.2887e-01	6.9489e-01	0.772533	1
TRIM26	4	9.2903e-01	6.9489e-01	0.772533	1
ENTPD8	4	9.2906e-01	6.9489e-01	0.772533	1
UBE2K	4	9.2911e-01	6.9489e-01	0.772533	1
SLC7A4	4	9.2918e-01	6.9489e-01	0.772533	1
STARD10	4	9.2920e-01	6.9489e-01	0.772533	1
MAN1A1	4	9.2921e-01	6.9489e-01	0.772533	1
FOXN4	4	9.2931e-01	6.9489e-01	0.772533	1
ZFR2	4	9.2931e-01	6.9489e-01	0.772533	1
FUT7	4	9.2933e-01	6.9489e-01	0.772533	1
HTR3C	4	9.2934e-01	6.9489e-01	0.772533	1
ATG2B	4	9.2943e-01	6.9489e-01	0.772533	1
DNAJA1	4	9.2948e-01	6.9489e-01	0.772533	1
SIX5	4	9.2963e-01	6.9489e-01	0.772533	1
UBE2R2	4	9.2964e-01	6.9489e-01	0.772533	1
TXNDC17	4	9.2972e-01	6.9489e-01	0.772533	1
PPP6R3	4	9.2986e-01	6.9489e-01	0.772533	1
ADPRHL2	4	9.2992e-01	6.9489e-01	0.772533	1
APPL2	4	9.2995e-01	6.9489e-01	0.772533	1
SRGAP2	4	9.2997e-01	6.9489e-01	0.772533	1
CST2	4	9.3006e-01	6.9489e-01	0.772533	1
KIAA2026	4	9.3018e-01	6.9489e-01	0.772533	1
MMP7	4	9.3019e-01	6.9489e-01	0.772533	1
CYP39A1	4	9.3022e-01	6.9489e-01	0.772533	1
ABHD16B	4	9.3027e-01	6.9489e-01	0.772533	1
CSTF2	4	9.3036e-01	6.9489e-01	0.772533	1
C7orf49	4	9.3048e-01	6.9489e-01	0.772533	1
C1orf43	4	9.3050e-01	6.9489e-01	0.772533	1
FAM156B	4	9.3052e-01	6.9489e-01	0.772533	1
RHOXF1	4	9.3062e-01	6.9489e-01	0.772533	1
RPS6KA1	4	9.3066e-01	6.9489e-01	0.772533	1
C9orf24	4	9.3075e-01	6.9489e-01	0.772533	1
EPM2AIP1	4	9.3075e-01	6.9489e-01	0.772533	1
ZC3H12C	4	9.3083e-01	6.9489e-01	0.772533	1
ODF2	4	9.3086e-01	6.9489e-01	0.772533	1
STRA6	4	9.3092e-01	6.9489e-01	0.772533	1
C6orf47	4	9.3094e-01	6.9489e-01	0.772533	1
DRD1	4	9.3100e-01	6.9489e-01	0.772533	1
RERGL	4	9.3109e-01	6.9489e-01	0.772533	1
RBKS	4	9.3111e-01	6.9489e-01	0.772533	1
HES3	4	9.3115e-01	6.9489e-01	0.772533	1
BAHD1	4	9.3117e-01	6.9489e-01	0.772533	1
GOLGA6B	4	9.3126e-01	6.9489e-01	0.772533	1
IFNA1	4	9.3132e-01	6.9489e-01	0.772533	1
MGAM2	4	9.3135e-01	6.9489e-01	0.772533	1
ZNF496	4	9.3135e-01	6.9489e-01	0.772533	1
DUSP1	4	9.3136e-01	6.9489e-01	0.772533	1
IFT122	4	9.3137e-01	6.9489e-01	0.772533	1
GPR4	4	9.3142e-01	6.9489e-01	0.772533	1
TMEM219	4	9.3142e-01	6.9489e-01	0.772533	1
SGK3	4	9.3149e-01	6.9489e-01	0.772533	1
PDIA6	4	9.3156e-01	6.9489e-01	0.772533	1
TMEM19	4	9.3166e-01	6.9489e-01	0.772533	1
AKTIP	4	9.3171e-01	6.9489e-01	0.772533	1
TPTE	4	9.3172e-01	6.9489e-01	0.772533	1
CLEC2L	4	9.3178e-01	6.9489e-01	0.772533	1
LCTL	4	9.3180e-01	6.9489e-01	0.772533	1
ZFYVE9	4	9.3184e-01	6.9489e-01	0.772533	1
FH	4	9.3186e-01	6.9489e-01	0.772533	1
IL2	4	9.3189e-01	6.9489e-01	0.772533	1
LILRB1	4	9.3196e-01	6.9489e-01	0.772533	1
NUDT14	4	9.3198e-01	6.9489e-01	0.772533	1
HIST2H2AA3	4	9.3205e-01	6.9489e-01	0.772533	1
C2orf54	4	9.3206e-01	6.9489e-01	0.772533	1
GPR75-ASB3	4	9.3209e-01	6.9489e-01	0.772533	1
MBOAT2	4	9.3211e-01	6.9489e-01	0.772533	1
PPIG	4	9.3219e-01	6.9489e-01	0.772533	1
PFKFB4	4	9.3233e-01	6.9489e-01	0.772533	1
CCRL2	4	9.3236e-01	6.9489e-01	0.772533	1
FAM92A1	4	9.3239e-01	6.9489e-01	0.772533	1
TG	4	9.3242e-01	6.9489e-01	0.772533	1
ARID3A	4	9.3244e-01	6.9489e-01	0.772533	1
MYLK	4	9.3246e-01	6.9489e-01	0.772533	1
PIGN	4	9.3253e-01	6.9489e-01	0.772533	1
PLAU	4	9.3261e-01	6.9489e-01	0.772533	1
CALML5	4	9.3263e-01	6.9489e-01	0.772533	1
SERPINB2	4	9.3264e-01	6.9489e-01	0.772533	1
COX20	4	9.3265e-01	6.9489e-01	0.772533	1
FBXL15	4	9.3270e-01	6.9489e-01	0.772533	1
WWC3	4	9.3272e-01	6.9489e-01	0.772533	1
PIK3AP1	4	9.3280e-01	6.9489e-01	0.772533	1
KCND3	4	9.3286e-01	6.9489e-01	0.772533	1
ZADH2	4	9.3289e-01	6.9489e-01	0.772533	1
GYG2	4	9.3300e-01	6.9489e-01	0.772533	1
CKM	4	9.3302e-01	6.9489e-01	0.772533	1
FIBIN	4	9.3307e-01	6.9489e-01	0.772533	1
THAP6	4	9.3319e-01	6.9489e-01	0.772533	1
ATP6V0D2	4	9.3319e-01	6.9489e-01	0.772533	1
RGCC	4	9.3321e-01	6.9489e-01	0.772533	1
GAA	4	9.3322e-01	6.9489e-01	0.772533	1
AP3B1	4	9.3331e-01	6.9651e-01	0.772701	1
FAM92B	4	9.3334e-01	6.9651e-01	0.772701	1
SIGLEC14	4	9.3335e-01	6.9651e-01	0.772701	1
NETO1	4	9.3336e-01	6.9651e-01	0.772701	1
SLC6A9	4	9.3339e-01	6.9651e-01	0.772701	1
SPEM1	4	9.3348e-01	6.9651e-01	0.772701	1
TSPAN13	4	9.3349e-01	6.9651e-01	0.772701	1
UGT2B17	4	9.3357e-01	6.9651e-01	0.772701	1
INTS10	4	9.3360e-01	6.9651e-01	0.772701	1
OCM	4	9.3361e-01	6.9651e-01	0.772701	1
CSNK1E	4	9.3363e-01	6.9651e-01	0.772701	1
ADGRE5	4	9.3365e-01	6.9651e-01	0.772701	1
NKIRAS2	4	9.3373e-01	6.9815e-01	0.772701	1
C2CD2	4	9.3374e-01	6.9815e-01	0.772701	1
OR51A2	4	9.3380e-01	6.9815e-01	0.772701	1
SPRR3	4	9.3388e-01	6.9815e-01	0.772701	1
EPB41L2	4	9.3389e-01	6.9815e-01	0.772701	1
ANGPTL5	4	9.3399e-01	6.9815e-01	0.772701	1
FTH1	4	9.3404e-01	6.9815e-01	0.772701	1
FAM180A	4	9.3421e-01	6.9815e-01	0.772701	1
UNC13C	4	9.3425e-01	6.9815e-01	0.772701	1
SLCO4C1	4	9.3426e-01	6.9815e-01	0.772701	1
SCAMP1	4	9.3429e-01	6.9815e-01	0.772701	1
MDGA1	4	9.3430e-01	6.9815e-01	0.772701	1
ZNF385C	4	9.3434e-01	6.9815e-01	0.772701	1
ICA1	4	9.3443e-01	6.9815e-01	0.772701	1
TMEM67	4	9.3455e-01	6.9815e-01	0.772701	1
KCNH1	4	9.3463e-01	6.9815e-01	0.772701	1
TEX22	4	9.3473e-01	6.9815e-01	0.772701	1
PAK1	4	9.3480e-01	6.9815e-01	0.772701	1
MFAP2	4	9.3482e-01	6.9815e-01	0.772701	1
ABCG4	4	9.3490e-01	6.9815e-01	0.772701	1
ATP9A	4	9.3492e-01	6.9815e-01	0.772701	1
TTLL6	4	9.3496e-01	6.9815e-01	0.772701	1
CPNE5	4	9.3504e-01	6.9815e-01	0.772701	1
ICAM3	4	9.3505e-01	6.9815e-01	0.772701	1
TMEM234	4	9.3507e-01	6.9815e-01	0.772701	1
COL5A2	4	9.3508e-01	6.9815e-01	0.772701	1
GREM1	4	9.3509e-01	6.9815e-01	0.772701	1
DAZ2	4	9.3510e-01	6.9815e-01	0.772701	1
TMEM178A	4	9.3526e-01	6.9815e-01	0.772701	1
SYTL2	4	9.3534e-01	6.9815e-01	0.772701	1
APCDD1L	4	9.3542e-01	6.9815e-01	0.772701	1
TPP2	4	9.3543e-01	6.9815e-01	0.772701	1
TAC3	4	9.3550e-01	6.9815e-01	0.772701	1
OPN4	4	9.3551e-01	6.9815e-01	0.772701	1
SNX19	4	9.3557e-01	6.9815e-01	0.772701	1
FAM46D	4	9.3559e-01	6.9815e-01	0.772701	1
B4GALT1	4	9.3568e-01	6.9815e-01	0.772701	1
RBM3	4	9.3569e-01	6.9815e-01	0.772701	1
ADGRB3	4	9.3572e-01	6.9815e-01	0.772701	1
ZBTB22	4	9.3578e-01	6.9815e-01	0.772701	1
C19orf73	4	9.3585e-01	6.9815e-01	0.772701	1
AP4S1	4	9.3592e-01	6.9815e-01	0.772701	1
ABCA5	4	9.3598e-01	6.9815e-01	0.772701	1
CFAP61	4	9.3602e-01	6.9815e-01	0.772701	1
C1orf122	4	9.3608e-01	6.9815e-01	0.772701	1
ARL4A	4	9.3616e-01	6.9815e-01	0.772701	1
TRIM31	4	9.3618e-01	6.9815e-01	0.772701	1
ACP1	4	9.3638e-01	6.9815e-01	0.772701	1
C10orf10	4	9.3639e-01	6.9815e-01	0.772701	1
SLC7A2	4	9.3641e-01	6.9815e-01	0.772701	1
FEV	4	9.3642e-01	6.9815e-01	0.772701	1
OR9K2	3	9.3645e-01	7.9312e-01	0.851290	0
ITGAL	4	9.3657e-01	6.9815e-01	0.772701	1
UNG	4	9.3666e-01	6.9815e-01	0.772701	1
GIMAP6	4	9.3669e-01	6.9815e-01	0.772701	1
AQP2	4	9.3673e-01	6.9815e-01	0.772701	1
KAT7	4	9.3675e-01	6.9815e-01	0.772701	1
SMIM18	4	9.3678e-01	6.9815e-01	0.772701	1
ZMYND11	4	9.3688e-01	6.9815e-01	0.772701	1
SPRY2	4	9.3688e-01	6.9815e-01	0.772701	1
OPHN1	4	9.3702e-01	6.9815e-01	0.772701	1
PTCHD4	4	9.3704e-01	6.9815e-01	0.772701	1
USP38	4	9.3715e-01	6.9815e-01	0.772701	1
FOXJ2	4	9.3715e-01	6.9815e-01	0.772701	1
NCK1	4	9.3715e-01	6.9815e-01	0.772701	1
USP42	4	9.3715e-01	6.9815e-01	0.772701	1
IPP	4	9.3737e-01	6.9896e-01	0.773553	1
HAL	4	9.3746e-01	6.9977e-01	0.773912	1
ZNF326	4	9.3752e-01	6.9977e-01	0.773912	0
REEP1	4	9.3755e-01	6.9977e-01	0.773912	0
FBXW12	4	9.3755e-01	6.9977e-01	0.773912	0
CDHR2	4	9.3761e-01	6.9977e-01	0.773912	0
ZNF7	4	9.3763e-01	6.9977e-01	0.773912	0
DCD	4	9.3764e-01	6.9977e-01	0.773912	0
FAM175B	4	9.3765e-01	6.9977e-01	0.773912	0
HTRA3	4	9.3768e-01	6.9977e-01	0.773912	0
FLG	4	9.3771e-01	6.9977e-01	0.773912	0
MYOM3	4	9.3772e-01	6.9977e-01	0.773912	0
FOXO1	4	9.3772e-01	6.9977e-01	0.773912	0
RHOBTB1	4	9.3775e-01	7.0137e-01	0.775542	0
KLK10	4	9.3776e-01	7.0137e-01	0.775542	0
MCEE	4	9.3777e-01	7.0297e-01	0.775746	0
TPBGL	4	9.3778e-01	7.0297e-01	0.775746	0
TNFRSF10B	4	9.3781e-01	7.0297e-01	0.775746	0
ANXA10	4	9.3790e-01	7.0297e-01	0.775746	0
WDR62	4	9.3792e-01	7.0297e-01	0.775746	0
CXCL13	4	9.3795e-01	7.0297e-01	0.775746	0
C10orf25	4	9.3803e-01	7.0297e-01	0.775746	0
PDGFRL	4	9.3806e-01	7.0297e-01	0.775746	0
NPEPPS	4	9.3807e-01	7.0297e-01	0.775746	0
FABP1	4	9.3815e-01	7.0297e-01	0.775746	0
PIK3R1	4	9.3816e-01	7.0297e-01	0.775746	0
VCAN	4	9.3827e-01	7.0297e-01	0.775746	0
DEFA5	4	9.3828e-01	7.0297e-01	0.775746	0
MEPE	4	9.3835e-01	7.0297e-01	0.775746	0
C6orf62	4	9.3837e-01	7.0297e-01	0.775746	0
ZNF264	4	9.3840e-01	7.0297e-01	0.775746	0
SCN5A	4	9.3843e-01	7.0297e-01	0.775746	0
DCP2	4	9.3844e-01	7.0297e-01	0.775746	0
AQP10	4	9.3849e-01	7.0297e-01	0.775746	0
AKAP7	4	9.3850e-01	7.0297e-01	0.775746	0
COBLL1	4	9.3857e-01	7.0297e-01	0.775746	0
ZNF529	4	9.3858e-01	7.0297e-01	0.775746	0
OR13D1	4	9.3872e-01	7.0297e-01	0.775746	0
TNFRSF10A	4	9.3873e-01	7.0297e-01	0.775746	0
CACNG2	4	9.3876e-01	7.0297e-01	0.775746	0
ADH6	4	9.3881e-01	7.0297e-01	0.775746	0
F11R	4	9.3882e-01	7.0297e-01	0.775746	0
UBE2QL1	4	9.3887e-01	7.0297e-01	0.775746	0
KCNC2	4	9.3891e-01	7.0297e-01	0.775746	0
CT55	4	9.3897e-01	7.0297e-01	0.775746	0
SMCHD1	4	9.3902e-01	7.0297e-01	0.775746	0
BCL11A	4	9.3904e-01	7.0297e-01	0.775746	0
GLOD5	4	9.3908e-01	7.0297e-01	0.775746	0
PTX3	4	9.3910e-01	7.0297e-01	0.775746	0
RWDD2B	4	9.3912e-01	7.0297e-01	0.775746	0
NCR3	4	9.3919e-01	7.0457e-01	0.777376	0
TSNARE1	4	9.3922e-01	7.0457e-01	0.777376	0
SYT13	4	9.3925e-01	7.0457e-01	0.777376	0
C12orf50	4	9.3939e-01	7.0619e-01	0.777819	0
ACOT9	4	9.3944e-01	7.0619e-01	0.777819	0
CYP3A43	4	9.3954e-01	7.0619e-01	0.777819	0
TIMP4	4	9.3955e-01	7.0619e-01	0.777819	0
HTR1D	4	9.3957e-01	7.0619e-01	0.777819	0
KIF2C	4	9.3958e-01	7.0619e-01	0.777819	0
FER1L6	4	9.3962e-01	7.0619e-01	0.777819	0
TSHZ3	4	9.3965e-01	7.0619e-01	0.777819	0
ZNF627	4	9.3970e-01	7.0619e-01	0.777819	0
ZNF696	4	9.3971e-01	7.0619e-01	0.777819	0
FIBP	4	9.3974e-01	7.0619e-01	0.777819	0
DAZL	4	9.3976e-01	7.0619e-01	0.777819	0
FAM192A	4	9.3978e-01	7.0619e-01	0.777819	0
ADAMTSL5	4	9.3979e-01	7.0619e-01	0.777819	0
IL18R1	4	9.3989e-01	7.0619e-01	0.777819	0
BTG2	4	9.3991e-01	7.0619e-01	0.777819	0
DHX32	4	9.3992e-01	7.0619e-01	0.777819	0
PRKAA1	4	9.3994e-01	7.0619e-01	0.777819	0
PLIN5	4	9.3995e-01	7.0619e-01	0.777819	0
CYP2C18	4	9.4007e-01	7.0619e-01	0.777819	0
TRIM74	4	9.4009e-01	7.0619e-01	0.777819	0
CCDC14	4	9.4017e-01	7.0619e-01	0.777819	0
KLF15	4	9.4021e-01	7.0619e-01	0.777819	0
SORBS3	4	9.4025e-01	7.0619e-01	0.777819	0
RAB4A	4	9.4029e-01	7.0619e-01	0.777819	0
IFT57	4	9.4044e-01	7.0619e-01	0.777819	0
MINPP1	4	9.4049e-01	7.0619e-01	0.777819	0
CD320	4	9.4053e-01	7.0619e-01	0.777819	0
MYO16	4	9.4058e-01	7.0619e-01	0.777819	0
CSF2RB	4	9.4063e-01	7.0619e-01	0.777819	0
SOHLH2	4	9.4066e-01	7.0779e-01	0.779124	0
SSC4D	4	9.4078e-01	7.0779e-01	0.779124	0
TIMM8B	4	9.4080e-01	7.0779e-01	0.779124	0
EMILIN1	4	9.4082e-01	7.0779e-01	0.779124	0
SPRR1B	4	9.4087e-01	7.0779e-01	0.779124	0
DTX2	4	9.4089e-01	7.0779e-01	0.779124	0
OR4K14	4	9.4094e-01	7.0779e-01	0.779124	0
PAPOLG	4	9.4095e-01	7.0779e-01	0.779124	0
PNMAL1	4	9.4097e-01	7.0779e-01	0.779124	0
ZNF330	4	9.4100e-01	7.0779e-01	0.779124	0
ABCA6	4	9.4109e-01	7.0939e-01	0.779587	0
CACNA1C	4	9.4111e-01	7.0939e-01	0.779587	0
GATA3	4	9.4113e-01	7.0939e-01	0.779587	0
TLR6	4	9.4114e-01	7.0939e-01	0.779587	0
OR2B11	4	9.4116e-01	7.0939e-01	0.779587	0
SKOR2	4	9.4118e-01	7.0939e-01	0.779587	0
RAPGEFL1	4	9.4123e-01	7.0939e-01	0.779587	0
SMIM17	4	9.4124e-01	7.0939e-01	0.779587	0
DISC1	4	9.4124e-01	7.0939e-01	0.779587	0
MMP24	4	9.4134e-01	7.0939e-01	0.779587	0
POC1B-GALNT4	4	9.4136e-01	7.0939e-01	0.779587	0
GLUD1	4	9.4137e-01	7.0939e-01	0.779587	0
PRKCSH	4	9.4139e-01	7.0939e-01	0.779587	0
FFAR3	4	9.4143e-01	7.0939e-01	0.779587	0
SMIM22	4	9.4145e-01	7.0939e-01	0.779587	0
C20orf141	4	9.4147e-01	7.0939e-01	0.779587	0
ZNF277	4	9.4148e-01	7.0939e-01	0.779587	0
C14orf39	4	9.4149e-01	7.0939e-01	0.779587	0
KRCC1	4	9.4153e-01	7.0939e-01	0.779587	0
MLEC	4	9.4156e-01	7.0939e-01	0.779587	0
NWD2	4	9.4164e-01	7.0939e-01	0.779587	0
SPP1	4	9.4170e-01	7.0939e-01	0.779587	0
FXYD6	4	9.4173e-01	7.0939e-01	0.779587	0
TRIM41	4	9.4176e-01	7.0939e-01	0.779587	0
GPR158	4	9.4177e-01	7.0939e-01	0.779587	0
DBF4B	4	9.4182e-01	7.0939e-01	0.779587	0
ERRFI1	4	9.4183e-01	7.0939e-01	0.779587	0
C1orf64	4	9.4185e-01	7.0939e-01	0.779587	0
ZNF729	4	9.4190e-01	7.1101e-01	0.780962	0
GRIN3A	4	9.4194e-01	7.1101e-01	0.780962	0
SCLT1	4	9.4196e-01	7.1101e-01	0.780962	0
C11orf21	4	9.4198e-01	7.1101e-01	0.780962	0
KRTAP10-8	4	9.4199e-01	7.1101e-01	0.780962	0
GP6	4	9.4202e-01	7.1101e-01	0.780962	0
GLB1L3	4	9.4203e-01	7.1101e-01	0.780962	0
NUP210L	4	9.4205e-01	7.1101e-01	0.780962	0
NRAP	4	9.4213e-01	7.1101e-01	0.780962	0
APOBEC4	4	9.4222e-01	7.1263e-01	0.782611	0
RUNDC3A	4	9.4222e-01	7.1263e-01	0.782611	0
LRP2BP	4	9.4228e-01	7.1263e-01	0.782611	0
ZFAND4	4	9.4241e-01	7.1425e-01	0.784248	0
IQSEC2	4	9.4251e-01	7.1425e-01	0.784248	0
FGFR1OP	4	9.4252e-01	7.1425e-01	0.784248	0
PPDPF	4	9.4263e-01	7.1580e-01	0.785550	0
STKLD1	4	9.4264e-01	7.1580e-01	0.785550	0
TRO	4	9.4269e-01	7.1580e-01	0.785550	0
FZD5	4	9.4275e-01	7.1580e-01	0.785550	0
ZCCHC11	4	9.4277e-01	7.1580e-01	0.785550	0
TDRD9	4	9.4283e-01	7.1580e-01	0.785550	0
GSC	4	9.4285e-01	7.1580e-01	0.785550	0
KCNJ3	4	9.4289e-01	7.1580e-01	0.785550	0
SESTD1	4	9.4292e-01	7.1580e-01	0.785550	0
FOXF2	4	9.4308e-01	7.1737e-01	0.786999	0
EGLN3	4	9.4311e-01	7.1737e-01	0.786999	0
C9orf173	4	9.4313e-01	7.1737e-01	0.786999	0
NDUFA4L2	4	9.4315e-01	7.1737e-01	0.786999	0
PALM	4	9.4318e-01	7.1737e-01	0.786999	0
CXorf57	4	9.4320e-01	7.1737e-01	0.786999	0
ARHGAP36	4	9.4324e-01	7.1893e-01	0.788577	0
TM4SF19	4	9.4334e-01	7.1893e-01	0.788577	0
ZIC5	4	9.4336e-01	7.1893e-01	0.788577	0
GNPDA2	4	9.4341e-01	7.2049e-01	0.789973	0
PLOD3	4	9.4343e-01	7.2049e-01	0.789973	0
GMPPA	4	9.4344e-01	7.2049e-01	0.789973	0
SGK223	4	9.4345e-01	7.2049e-01	0.789973	0
RAB28	4	9.4348e-01	7.2049e-01	0.789973	0
EID2B	4	9.4349e-01	7.2049e-01	0.789973	0
PPFIBP2	4	9.4353e-01	7.2049e-01	0.789973	0
HSDL1	4	9.4361e-01	7.2203e-01	0.791251	0
C1orf177	4	9.4363e-01	7.2203e-01	0.791251	0
FMO3	4	9.4368e-01	7.2203e-01	0.791251	0
ZFAND5	4	9.4370e-01	7.2203e-01	0.791251	0
DEPDC5	4	9.4371e-01	7.2203e-01	0.791251	0
EEPD1	4	9.4372e-01	7.2203e-01	0.791251	0
RNF144A	4	9.4373e-01	7.2203e-01	0.791251	0
RASA4	4	9.4376e-01	7.2203e-01	0.791251	0
C1QL3	4	9.4381e-01	7.2203e-01	0.791251	0
ARHGAP17	4	9.4388e-01	7.2354e-01	0.791904	0
CEP68	4	9.4390e-01	7.2354e-01	0.791904	0
FAM131A	4	9.4391e-01	7.2354e-01	0.791904	0
MTMR14	4	9.4394e-01	7.2354e-01	0.791904	0
ADAMTS17	4	9.4395e-01	7.2354e-01	0.791904	0
ZBTB8B	4	9.4396e-01	7.2354e-01	0.791904	0
MOB1A	4	9.4398e-01	7.2354e-01	0.791904	0
HNF1A	4	9.4400e-01	7.2354e-01	0.791904	0
ITGA7	4	9.4401e-01	7.2354e-01	0.791904	0
CASKIN1	4	9.4403e-01	7.2354e-01	0.791904	0
USP9Y	4	9.4409e-01	7.2354e-01	0.791904	0
TUBB1	4	9.4411e-01	7.2354e-01	0.791904	0
TH	4	9.4413e-01	7.2354e-01	0.791904	0
SPZ1	4	9.4415e-01	7.2354e-01	0.791904	0
FAM209A	4	9.4419e-01	7.2354e-01	0.791904	0
DLAT	4	9.4421e-01	7.2354e-01	0.791904	0
DTX3L	4	9.4424e-01	7.2354e-01	0.791904	0
IFIH1	4	9.4425e-01	7.2354e-01	0.791904	0
SNX10	4	9.4430e-01	7.2354e-01	0.791904	0
NARF	4	9.4431e-01	7.2354e-01	0.791904	0
PLCD3	4	9.4433e-01	7.2354e-01	0.791904	0
KCTD12	4	9.4434e-01	7.2354e-01	0.791904	0
MARK4	4	9.4448e-01	7.2508e-01	0.793459	0
CAP2	4	9.4448e-01	7.2508e-01	0.793459	0
CDK19	4	9.4456e-01	7.2508e-01	0.793459	0
C10orf12	4	9.4462e-01	7.2811e-01	0.796039	0
DTX4	4	9.4464e-01	7.2811e-01	0.796039	0
PCGF3	4	9.4466e-01	7.2811e-01	0.796039	0
KIAA0754	4	9.4467e-01	7.2811e-01	0.796039	0
CCDC169	4	9.4468e-01	7.2811e-01	0.796039	0
SLC17A1	4	9.4474e-01	7.2811e-01	0.796039	0
HTR1E	4	9.4475e-01	7.2811e-01	0.796039	0
SLC4A2	4	9.4477e-01	7.2811e-01	0.796039	0
GATA6	4	9.4478e-01	7.2811e-01	0.796039	0
NPHP1	4	9.4480e-01	7.2811e-01	0.796039	0
RPS4Y2	4	9.4481e-01	7.2811e-01	0.796039	0
RNF214	4	9.4481e-01	7.2811e-01	0.796039	0
PTPRE	4	9.4483e-01	7.2811e-01	0.796039	0
PTGES3	4	9.4487e-01	7.2811e-01	0.796039	0
OR5M9	4	9.4488e-01	7.2811e-01	0.796039	0
PARD3	4	9.4490e-01	7.2959e-01	0.797343	0
CA8	4	9.4495e-01	7.2959e-01	0.797343	0
IAPP	4	9.4496e-01	7.2959e-01	0.797343	0
SLC35A3	4	9.4500e-01	7.2959e-01	0.797343	0
DUSP15	4	9.4501e-01	7.2959e-01	0.797343	0
UBAP1L	4	9.4503e-01	7.2959e-01	0.797343	0
CPLX3	4	9.4505e-01	7.2959e-01	0.797343	0
HYLS1	4	9.4508e-01	7.3108e-01	0.798780	0
PTPRN2	4	9.4511e-01	7.3108e-01	0.798780	0
TM7SF3	4	9.4512e-01	7.3108e-01	0.798780	0
C18orf42	4	9.4514e-01	7.3108e-01	0.798780	0
GLRB	4	9.4518e-01	7.3252e-01	0.799723	0
ZNF324	4	9.4521e-01	7.3252e-01	0.799723	0
STAT1	4	9.4524e-01	7.3252e-01	0.799723	0
C3orf79	4	9.4527e-01	7.3252e-01	0.799723	0
NRGN	4	9.4532e-01	7.3252e-01	0.799723	0
MAGEH1	4	9.4535e-01	7.3252e-01	0.799723	0
C11orf52	4	9.4536e-01	7.3252e-01	0.799723	0
DUSP6	4	9.4540e-01	7.3252e-01	0.799723	0
RAB8B	4	9.4550e-01	7.3252e-01	0.799723	0
ZSCAN31	4	9.4555e-01	7.3252e-01	0.799723	0
DENND2D	4	9.4558e-01	7.3252e-01	0.799723	0
IFNA21	4	9.4559e-01	7.3252e-01	0.799723	0
ARHGEF39	4	9.4562e-01	7.3252e-01	0.799723	0
SCGB1D4	4	9.4563e-01	7.3252e-01	0.799723	0
FAM212B	4	9.4575e-01	7.3401e-01	0.801295	0
CFHR2	4	9.4576e-01	7.3546e-01	0.802607	0
IFT46	4	9.4588e-01	7.3546e-01	0.802607	0
BAIAP3	4	9.4591e-01	7.3546e-01	0.802607	0
ASB2	4	9.4592e-01	7.3546e-01	0.802607	0
HTR5A	4	9.4593e-01	7.3546e-01	0.802607	0
PLA2G4A	4	9.4596e-01	7.3546e-01	0.802607	0
SLN	4	9.4600e-01	7.3694e-01	0.804130	0
INSL3	4	9.4606e-01	7.3844e-01	0.805495	0
SCARF2	4	9.4607e-01	7.3844e-01	0.805495	0
TEF	4	9.4616e-01	7.3844e-01	0.805495	0
ACTRT2	4	9.4619e-01	7.3844e-01	0.805495	0
FOXQ1	4	9.4620e-01	7.3844e-01	0.805495	0
OR8K1	4	9.4621e-01	7.3844e-01	0.805495	0
ZAK	4	9.4625e-01	7.4135e-01	0.807465	0
ARSB	4	9.4629e-01	7.4135e-01	0.807465	0
TNIP3	4	9.4633e-01	7.4135e-01	0.807465	0
BCL2L15	4	9.4638e-01	7.4135e-01	0.807465	0
ANKRD61	4	9.4639e-01	7.4135e-01	0.807465	0
STIM2	4	9.4640e-01	7.4135e-01	0.807465	0
CCDC38	4	9.4642e-01	7.4135e-01	0.807465	0
KCNQ2	4	9.4646e-01	7.4135e-01	0.807465	0
ATPAF1	4	9.4647e-01	7.4135e-01	0.807465	0
NTNG1	4	9.4650e-01	7.4135e-01	0.807465	0
NXPH4	4	9.4651e-01	7.4135e-01	0.807465	0
ACAA1	4	9.4652e-01	7.4135e-01	0.807465	0
SH3BP5	4	9.4655e-01	7.4135e-01	0.807465	0
CARF	4	9.4661e-01	7.4135e-01	0.807465	0
ALCAM	4	9.4662e-01	7.4135e-01	0.807465	0
C1orf189	4	9.4663e-01	7.4135e-01	0.807465	0
ITGB1BP1	4	9.4664e-01	7.4135e-01	0.807465	0
PVR	4	9.4666e-01	7.4135e-01	0.807465	0
PGF	4	9.4673e-01	7.4135e-01	0.807465	0
KIAA1143	4	9.4675e-01	7.4135e-01	0.807465	0
ING5	4	9.4678e-01	7.4135e-01	0.807465	0
SERPINA4	4	9.4687e-01	7.4135e-01	0.807465	0
PCBD1	4	9.4688e-01	7.4135e-01	0.807465	0
LCE5A	4	9.4692e-01	7.4135e-01	0.807465	0
EPB41L3	4	9.4695e-01	7.4135e-01	0.807465	0
RUSC2	4	9.4699e-01	7.4135e-01	0.807465	0
MAGEC2	4	9.4703e-01	7.4429e-01	0.810347	0
SLC35F1	4	9.4703e-01	7.4429e-01	0.810347	0
ASB16	4	9.4706e-01	7.4429e-01	0.810347	0
EPDR1	4	9.4711e-01	7.4429e-01	0.810347	0
LRP3	4	9.4716e-01	7.4429e-01	0.810347	0
EPYC	4	9.4718e-01	7.4429e-01	0.810347	0
VIPAS39	4	9.4719e-01	7.4429e-01	0.810347	0
FBXO22	4	9.4721e-01	7.4577e-01	0.811823	0
GRIK4	4	9.4723e-01	7.4577e-01	0.811823	0
TPTE2	4	9.4724e-01	7.4577e-01	0.811823	0
FAM53A	4	9.4733e-01	7.4716e-01	0.812588	0
WNK3	4	9.4734e-01	7.4716e-01	0.812588	0
LAMP2	4	9.4735e-01	7.4716e-01	0.812588	0
SLC6A7	4	9.4738e-01	7.4716e-01	0.812588	0
CDC42EP1	4	9.4742e-01	7.4716e-01	0.812588	0
TLK2	4	9.4743e-01	7.4716e-01	0.812588	0
PRH2	4	9.4746e-01	7.4716e-01	0.812588	0
OR52E6	4	9.4747e-01	7.4716e-01	0.812588	0
AVEN	4	9.4749e-01	7.4716e-01	0.812588	0
PSG5	4	9.4755e-01	7.4716e-01	0.812588	0
TXNL1	4	9.4758e-01	7.4716e-01	0.812588	0
PLEKHH1	4	9.4771e-01	7.4716e-01	0.812588	0
TBC1D8	4	9.4777e-01	7.4716e-01	0.812588	0
RCVRN	4	9.4778e-01	7.4716e-01	0.812588	0
GABARAPL2	4	9.4780e-01	7.4716e-01	0.812588	0
CST9	4	9.4784e-01	7.4716e-01	0.812588	0
KCNF1	4	9.4787e-01	7.4858e-01	0.813493	0
MROH2B	4	9.4794e-01	7.4858e-01	0.813493	0
MAGEB16	4	9.4796e-01	7.4858e-01	0.813493	0
FKBP4	4	9.4803e-01	7.4858e-01	0.813493	0
FUCA1	4	9.4806e-01	7.4858e-01	0.813493	0
TMEM265	4	9.4809e-01	7.4858e-01	0.813493	0
CXCL17	4	9.4809e-01	7.4858e-01	0.813493	0
UCHL1	4	9.4811e-01	7.4858e-01	0.813493	0
OR2T4	4	9.4811e-01	7.4859e-01	0.813493	0
FBXO31	4	9.4813e-01	7.4859e-01	0.813493	0
DAG1	4	9.4816e-01	7.4859e-01	0.813493	0
MUSK	4	9.4817e-01	7.4859e-01	0.813493	0
CLCNKB	4	9.4818e-01	7.4859e-01	0.813493	0
CRTC3	4	9.4828e-01	7.4859e-01	0.813493	0
TULP2	3	9.4839e-01	8.3787e-01	0.885207	0
TPD52	4	9.4840e-01	7.5002e-01	0.814451	0
PEX13	4	9.4848e-01	7.5002e-01	0.814451	0
PSPH	4	9.4848e-01	7.5002e-01	0.814451	0
RGS7BP	4	9.4849e-01	7.5002e-01	0.814451	0
TCP10L2	4	9.4856e-01	7.5002e-01	0.814451	0
CD44	4	9.4862e-01	7.5002e-01	0.814451	0
ZBTB43	4	9.4863e-01	7.5002e-01	0.814451	0
ULK2	4	9.4865e-01	7.5002e-01	0.814451	0
SLC25A42	4	9.4867e-01	7.5002e-01	0.814451	0
NFATC4	4	9.4868e-01	7.5002e-01	0.814451	0
CELA2B	4	9.4874e-01	7.5002e-01	0.814451	0
CRYBA1	4	9.4882e-01	7.5002e-01	0.814451	0
C1orf111	4	9.4883e-01	7.5002e-01	0.814451	0
PPAPDC2	4	9.4887e-01	7.5148e-01	0.815432	0
A1BG	4	9.4887e-01	7.5148e-01	0.815432	0
IFNL2	4	9.4888e-01	7.5148e-01	0.815432	0
STAT5B	4	9.4893e-01	7.5148e-01	0.815432	0
FAM196A	4	9.4899e-01	7.5148e-01	0.815432	0
NLRP8	4	9.4899e-01	7.5148e-01	0.815432	0
FZD8	4	9.4901e-01	7.5148e-01	0.815432	0
KCNMB1	4	9.4901e-01	7.5148e-01	0.815432	0
MAFB	4	9.4906e-01	7.5148e-01	0.815432	0
ANKH	4	9.4910e-01	7.5148e-01	0.815432	0
GNAQ	4	9.4911e-01	7.5148e-01	0.815432	0
C7orf25	4	9.4913e-01	7.5148e-01	0.815432	0
TAAR9	4	9.4918e-01	7.5148e-01	0.815432	0
CD99	4	9.4922e-01	7.5285e-01	0.816739	0
OGFR	4	9.4927e-01	7.5285e-01	0.816739	0
MAGEB17	4	9.4938e-01	7.5285e-01	0.816739	0
ZHX1-C8orf76	4	9.4938e-01	7.5285e-01	0.816739	0
KIAA0895	4	9.4949e-01	7.5423e-01	0.817814	0
CCNY	4	9.4949e-01	7.5423e-01	0.817814	0
HELT	4	9.4953e-01	7.5423e-01	0.817814	0
KRTAP16-1	4	9.4957e-01	7.5423e-01	0.817814	0
HSD3B1	4	9.4958e-01	7.5423e-01	0.817814	0
ATAD2	4	9.4959e-01	7.5423e-01	0.817814	0
ARL17A	4	9.4960e-01	7.5423e-01	0.817814	0
CASP8	4	9.4962e-01	7.5423e-01	0.817814	0
ADAMTS16	4	9.4963e-01	7.5423e-01	0.817814	0
SERPINE3	4	9.4967e-01	7.5692e-01	0.820640	0
CHRAC1	4	9.4974e-01	7.5692e-01	0.820640	0
DAB2IP	4	9.4984e-01	7.5831e-01	0.822003	0
VAC14	4	9.4987e-01	7.5831e-01	0.822003	0
NEU2	4	9.4999e-01	7.5831e-01	0.822003	0
CMBL	4	9.5002e-01	7.5966e-01	0.823232	0
N6AMT2	4	9.5008e-01	7.5966e-01	0.823232	0
MASP2	4	9.5008e-01	7.5966e-01	0.823232	0
ZDHHC19	4	9.5011e-01	7.5966e-01	0.823232	0
KRT71	4	9.5012e-01	7.5966e-01	0.823232	0
UHRF1BP1	4	9.5020e-01	7.6104e-01	0.824585	0
TGIF2LX	4	9.5021e-01	7.6104e-01	0.824585	0
PPP1R3G	4	9.5023e-01	7.6104e-01	0.824585	0
RASL11B	4	9.5032e-01	7.6238e-01	0.825717	0
GMDS	4	9.5036e-01	7.6238e-01	0.825717	0
ETFA	4	9.5042e-01	7.6238e-01	0.825717	0
ACTB	4	9.5043e-01	7.6238e-01	0.825717	0
SPRY3	4	9.5046e-01	7.6238e-01	0.825717	0
CC2D2A	4	9.5047e-01	7.6238e-01	0.825717	0
AKR7A3	4	9.5048e-01	7.6238e-01	0.825717	0
MKLN1	4	9.5054e-01	7.6378e-01	0.826384	0
ZNF486	4	9.5058e-01	7.6378e-01	0.826384	0
EPG5	4	9.5059e-01	7.6378e-01	0.826384	0
GNRH2	4	9.5062e-01	7.6378e-01	0.826384	0
CTGF	4	9.5063e-01	7.6378e-01	0.826384	0
NUDT15	4	9.5063e-01	7.6378e-01	0.826384	0
TMEM41A	4	9.5064e-01	7.6378e-01	0.826384	0
FAM114A1	4	9.5065e-01	7.6378e-01	0.826384	0
NFIL3	4	9.5068e-01	7.6378e-01	0.826384	0
NCEH1	4	9.5069e-01	7.6378e-01	0.826384	0
SNTG1	4	9.5069e-01	7.6378e-01	0.826384	0
TSPAN19	4	9.5073e-01	7.6378e-01	0.826384	0
XKR8	4	9.5074e-01	7.6378e-01	0.826384	0
FLT3	4	9.5077e-01	7.6378e-01	0.826384	0
APLP1	4	9.5082e-01	7.6378e-01	0.826384	0
ZNF793	4	9.5083e-01	7.6378e-01	0.826384	0
SEMA3D	4	9.5087e-01	7.6378e-01	0.826384	0
SLC51B	4	9.5091e-01	7.6378e-01	0.826384	0
CDKN1A	4	9.5103e-01	7.6517e-01	0.827419	0
SMAD4	4	9.5105e-01	7.6517e-01	0.827419	0
HENMT1	4	9.5107e-01	7.6517e-01	0.827419	0
KCNJ15	4	9.5111e-01	7.6517e-01	0.827419	0
ZNF132	4	9.5113e-01	7.6517e-01	0.827419	0
GNMT	4	9.5113e-01	7.6517e-01	0.827419	0
SYP	4	9.5120e-01	7.6517e-01	0.827419	0
KIAA0825	4	9.5121e-01	7.6517e-01	0.827419	0
PRICKLE3	4	9.5124e-01	7.6517e-01	0.827419	0
CNOT4	4	9.5125e-01	7.6517e-01	0.827419	0
KLF8	4	9.5133e-01	7.6653e-01	0.828659	0
PSKH1	4	9.5139e-01	7.6653e-01	0.828659	0
AFAP1L1	4	9.5143e-01	7.6653e-01	0.828659	0
SLC25A19	4	9.5144e-01	7.6653e-01	0.828659	0
PDSS1	4	9.5147e-01	7.6653e-01	0.828659	0
TRIM35	4	9.5148e-01	7.6786e-01	0.829862	0
SLC9B2	4	9.5154e-01	7.6786e-01	0.829862	0
TXLNG	4	9.5155e-01	7.6786e-01	0.829862	0
NCKAP5	4	9.5156e-01	7.6786e-01	0.829862	0
OR11G2	4	9.5156e-01	7.6786e-01	0.829862	0
EPHA1	4	9.5158e-01	7.6914e-01	0.830960	0
LCE1E	4	9.5161e-01	7.6914e-01	0.830960	0
FNDC3A	4	9.5163e-01	7.6914e-01	0.830960	0
LZIC	4	9.5164e-01	7.6914e-01	0.830960	0
EML4	4	9.5167e-01	7.6914e-01	0.830960	0
BOD1L1	4	9.5170e-01	7.6914e-01	0.830960	0
FCER1A	4	9.5174e-01	7.7049e-01	0.832373	0
C1orf56	4	9.5180e-01	7.7185e-01	0.833701	0
PTK7	4	9.5182e-01	7.7185e-01	0.833701	0
PIWIL2	4	9.5182e-01	7.7185e-01	0.833701	0
INS	4	9.5198e-01	7.7317e-01	0.834752	0
GTPBP6	4	9.5205e-01	7.7317e-01	0.834752	0
LRIT2	4	9.5214e-01	7.7317e-01	0.834752	0
KIAA1328	4	9.5217e-01	7.7317e-01	0.834752	0
OR4A16	4	9.5218e-01	7.7317e-01	0.834752	0
TNP2	4	9.5219e-01	7.7317e-01	0.834752	0
LAMC3	4	9.5225e-01	7.7317e-01	0.834752	0
ADAL	4	9.5232e-01	7.7317e-01	0.834752	0
DSG1	4	9.5237e-01	7.7448e-01	0.836019	0
SCN9A	4	9.5240e-01	7.7448e-01	0.836019	0
KRT6C	4	9.5242e-01	7.7448e-01	0.836019	0
ANO5	4	9.5261e-01	7.7581e-01	0.837408	0
C8G	4	9.5275e-01	7.7710e-01	0.838712	0
STAG1	4	9.5282e-01	7.7710e-01	0.838712	0
MLYCD	4	9.5286e-01	7.7842e-01	0.839946	0
NPPA	4	9.5289e-01	7.7842e-01	0.839946	0
FAM9B	4	9.5291e-01	7.7842e-01	0.839946	0
SESN2	4	9.5291e-01	7.7842e-01	0.839946	0
SP3	4	9.5302e-01	7.8102e-01	0.842374	0
TET2	4	9.5303e-01	7.8102e-01	0.842374	0
CALHM2	4	9.5306e-01	7.8102e-01	0.842374	0
SYCP2L	4	9.5309e-01	7.8102e-01	0.842374	0
PMP22	3	9.5310e-01	8.5586e-01	0.897560	0
THAP4	4	9.5313e-01	7.8102e-01	0.842374	0
CTNNA2	4	9.5316e-01	7.8102e-01	0.842374	0
PIGO	4	9.5321e-01	7.8235e-01	0.842374	0
TMEM47	4	9.5324e-01	7.8235e-01	0.842374	0
RTP4	4	9.5324e-01	7.8235e-01	0.842374	0
SPANXN2	4	9.5329e-01	7.8235e-01	0.842374	0
FSTL3	4	9.5330e-01	7.8235e-01	0.842374	0
GPC2	4	9.5331e-01	7.8235e-01	0.842374	0
FEZ2	4	9.5331e-01	7.8235e-01	0.842374	0
IL4	4	9.5335e-01	7.8235e-01	0.842374	0
OR10AD1	4	9.5335e-01	7.8235e-01	0.842374	0
SERPINH1	4	9.5339e-01	7.8235e-01	0.842374	0
ZNF648	4	9.5341e-01	7.8235e-01	0.842374	0
SMAP1	4	9.5343e-01	7.8235e-01	0.842374	0
TNFAIP8L3	4	9.5346e-01	7.8235e-01	0.842374	0
CCDC9	4	9.5347e-01	7.8235e-01	0.842374	0
CYB561A3	4	9.5352e-01	7.8235e-01	0.842374	0
PLEKHA4	4	9.5353e-01	7.8235e-01	0.842374	0
USB1	4	9.5362e-01	7.8235e-01	0.842374	0
LRRC4B	4	9.5362e-01	7.8235e-01	0.842374	0
ADAMTS12	4	9.5368e-01	7.8235e-01	0.842374	0
SLC51A	4	9.5371e-01	7.8235e-01	0.842374	0
SLC12A2	4	9.5372e-01	7.8235e-01	0.842374	0
FAM167A	4	9.5373e-01	7.8235e-01	0.842374	0
XPA	4	9.5374e-01	7.8235e-01	0.842374	0
HSPB2	4	9.5375e-01	7.8235e-01	0.842374	0
ZSWIM6	4	9.5378e-01	7.8235e-01	0.842374	0
CAT	4	9.5379e-01	7.8235e-01	0.842374	0
CFAP99	4	9.5390e-01	7.8235e-01	0.842374	0
SLC2A7	4	9.5393e-01	7.8235e-01	0.842374	0
ARHGAP25	4	9.5394e-01	7.8235e-01	0.842374	0
GOLGA5	4	9.5400e-01	7.8235e-01	0.842374	0
CLIC1	4	9.5401e-01	7.8235e-01	0.842374	0
CECR5	4	9.5406e-01	7.8235e-01	0.842374	0
TMEM255A	4	9.5414e-01	7.8486e-01	0.844939	0
GSTM1	4	9.5415e-01	7.8486e-01	0.844939	0
MEIOB	4	9.5419e-01	7.8486e-01	0.844939	0
ZSCAN30	4	9.5420e-01	7.8611e-01	0.845810	0
RPUSD1	4	9.5421e-01	7.8611e-01	0.845810	0
GDF11	4	9.5422e-01	7.8611e-01	0.845810	0
B3GNT7	4	9.5438e-01	7.8611e-01	0.845810	0
RTP5	4	9.5439e-01	7.8611e-01	0.845810	0
CAPRIN2	4	9.5442e-01	7.8611e-01	0.845810	0
SUV420H1	4	9.5448e-01	7.8611e-01	0.845810	0
ZMYND15	4	9.5450e-01	7.8611e-01	0.845810	0
APRT	4	9.5452e-01	7.8611e-01	0.845810	0
BSX	4	9.5454e-01	7.8611e-01	0.845810	0
NAALADL1	4	9.5458e-01	7.8739e-01	0.846809	0
BMP7	4	9.5460e-01	7.8739e-01	0.846809	0
CACNG4	4	9.5476e-01	7.8740e-01	0.846809	0
ASGR1	4	9.5485e-01	7.8740e-01	0.846809	0
RBMS2	4	9.5487e-01	7.8740e-01	0.846809	0
LRP6	4	9.5490e-01	7.8740e-01	0.846809	0
GJB6	4	9.5491e-01	7.8740e-01	0.846809	0
CTSC	4	9.5492e-01	7.8740e-01	0.846809	0
ME3	4	9.5498e-01	7.8867e-01	0.848131	0
ITGA3	4	9.5504e-01	7.8994e-01	0.849017	0
ODF3L1	4	9.5512e-01	7.8994e-01	0.849017	0
PROSER1	4	9.5516e-01	7.8994e-01	0.849017	0
OR51E2	4	9.5518e-01	7.8994e-01	0.849017	0
FMO1	4	9.5519e-01	7.8994e-01	0.849017	0
ADM5	4	9.5529e-01	7.8994e-01	0.849017	0
CNOT10	4	9.5529e-01	7.8994e-01	0.849017	0
SSSCA1	4	9.5531e-01	7.8994e-01	0.849017	0
C12orf49	4	9.5531e-01	7.8994e-01	0.849017	0
KRTAP29-1	4	9.5534e-01	7.8994e-01	0.849017	0
COX19	4	9.5546e-01	7.9117e-01	0.850013	0
DPP10	4	9.5547e-01	7.9117e-01	0.850013	0
SCRT1	4	9.5549e-01	7.9117e-01	0.850013	0
RAB26	4	9.5554e-01	7.9117e-01	0.850013	0
ARAF	4	9.5557e-01	7.9118e-01	0.850013	0
LTA4H	4	9.5562e-01	7.9118e-01	0.850013	0
CDX2	4	9.5569e-01	7.9118e-01	0.850013	0
COL6A1	4	9.5576e-01	7.9240e-01	0.850567	0
CTNNBIP1	4	9.5577e-01	7.9240e-01	0.850567	0
OAS3	4	9.5581e-01	7.9240e-01	0.850567	0
TNK1	4	9.5583e-01	7.9240e-01	0.850567	0
FAM105A	4	9.5589e-01	7.9240e-01	0.850567	0
SH2D4B	4	9.5591e-01	7.9240e-01	0.850567	0
BRI3	4	9.5594e-01	7.9240e-01	0.850567	0
PTGER4	4	9.5597e-01	7.9240e-01	0.850567	0
CYSLTR2	4	9.5597e-01	7.9240e-01	0.850567	0
HOXC8	4	9.5598e-01	7.9240e-01	0.850567	0
EGR4	4	9.5605e-01	7.9240e-01	0.850567	0
TRIB2	4	9.5605e-01	7.9240e-01	0.850567	0
MUTYH	4	9.5611e-01	7.9240e-01	0.850567	0
SCD5	4	9.5616e-01	7.9240e-01	0.850567	0
TRIM33	4	9.5616e-01	7.9240e-01	0.850567	0
GPR1	4	9.5617e-01	7.9240e-01	0.850567	0
DCP1B	4	9.5623e-01	7.9362e-01	0.851585	0
ZNF611	4	9.5634e-01	7.9362e-01	0.851585	0
CABYR	4	9.5637e-01	7.9362e-01	0.851585	0
ADCY7	4	9.5639e-01	7.9362e-01	0.851585	0
PALMD	4	9.5644e-01	7.9362e-01	0.851585	0
AOC3	4	9.5653e-01	7.9602e-01	0.854061	0
THUMPD3	4	9.5654e-01	7.9602e-01	0.854061	0
CD47	4	9.5657e-01	7.9719e-01	0.854502	0
MAST1	4	9.5661e-01	7.9719e-01	0.854502	0
TTYH3	4	9.5663e-01	7.9719e-01	0.854502	0
ZNF17	4	9.5665e-01	7.9719e-01	0.854502	0
VWA3B	4	9.5666e-01	7.9719e-01	0.854502	0
C11orf24	4	9.5667e-01	7.9719e-01	0.854502	0
CNKSR2	4	9.5681e-01	7.9719e-01	0.854502	0
INADL	4	9.5682e-01	7.9719e-01	0.854502	0
PRSS46	4	9.5691e-01	7.9719e-01	0.854502	0
SCN2A	4	9.5698e-01	7.9719e-01	0.854502	0
GNA11	4	9.5702e-01	7.9719e-01	0.854502	0
PAK7	4	9.5706e-01	7.9719e-01	0.854502	0
VWCE	4	9.5707e-01	7.9719e-01	0.854502	0
THEMIS2	4	9.5708e-01	7.9719e-01	0.854502	0
PLCL1	4	9.5709e-01	7.9719e-01	0.854502	0
EYA4	4	9.5711e-01	7.9719e-01	0.854502	0
F2RL2	4	9.5719e-01	7.9719e-01	0.854502	0
ZNF747	4	9.5726e-01	7.9838e-01	0.855736	0
GOLGA6L2	4	9.5734e-01	7.9960e-01	0.856861	0
PTGDR2	4	9.5742e-01	7.9960e-01	0.856861	0
GADL1	4	9.5743e-01	7.9960e-01	0.856861	0
CD302	4	9.5775e-01	8.0078e-01	0.856861	0
SCG3	4	9.5777e-01	8.0078e-01	0.856861	0
PIAS2	4	9.5780e-01	8.0078e-01	0.856861	0
CYYR1	4	9.5781e-01	8.0078e-01	0.856861	0
MROH8	4	9.5782e-01	8.0078e-01	0.856861	0
RITA1	4	9.5790e-01	8.0078e-01	0.856861	0
CD38	4	9.5793e-01	8.0078e-01	0.856861	0
TARM1	4	9.5794e-01	8.0078e-01	0.856861	0
C19orf40	4	9.5795e-01	8.0078e-01	0.856861	0
NMBR	4	9.5798e-01	8.0078e-01	0.856861	0
MPC1	4	9.5799e-01	8.0078e-01	0.856861	0
PUSL1	4	9.5804e-01	8.0078e-01	0.856861	0
ZNF577	4	9.5805e-01	8.0078e-01	0.856861	0
CD99L2	4	9.5809e-01	8.0078e-01	0.856861	0
PLA2G4D	4	9.5815e-01	8.0078e-01	0.856861	0
ADIPOR2	4	9.5823e-01	8.0078e-01	0.856861	0
PCDHA12	4	9.5825e-01	8.0078e-01	0.856861	0
OR4C11	4	9.5826e-01	8.0078e-01	0.856861	0
CST7	4	9.5831e-01	8.0078e-01	0.856861	0
HDHD1	4	9.5834e-01	8.0078e-01	0.856861	0
TSPYL5	4	9.5836e-01	8.0078e-01	0.856861	0
THAP8	4	9.5837e-01	8.0078e-01	0.856861	0
UBOX5	4	9.5842e-01	8.0078e-01	0.856861	0
SCGB2B2	4	9.5844e-01	8.0078e-01	0.856861	0
FAM134A	4	9.5845e-01	8.0078e-01	0.856861	0
SKAP2	4	9.5846e-01	8.0078e-01	0.856861	0
MPEG1	4	9.5847e-01	8.0078e-01	0.856861	0
ERO1LB	4	9.5852e-01	8.0198e-01	0.858000	0
MAP2K1	4	9.5856e-01	8.0198e-01	0.858000	0
KLHL12	4	9.5857e-01	8.0198e-01	0.858000	0
ST6GALNAC4	4	9.5868e-01	8.0319e-01	0.858145	0
GRIN3B	4	9.5871e-01	8.0319e-01	0.858145	0
SLC22A10	4	9.5871e-01	8.0319e-01	0.858145	0
FAM63B	4	9.5873e-01	8.0319e-01	0.858145	0
RD3L	4	9.5874e-01	8.0319e-01	0.858145	0
CYSLTR1	4	9.5876e-01	8.0319e-01	0.858145	0
GNG4	4	9.5879e-01	8.0319e-01	0.858145	0
PRAMEF2	4	9.5882e-01	8.0319e-01	0.858145	0
PANK3	4	9.5882e-01	8.0319e-01	0.858145	0
ASB12	4	9.5883e-01	8.0319e-01	0.858145	0
RAB20	4	9.5885e-01	8.0319e-01	0.858145	0
OXR1	4	9.5891e-01	8.0319e-01	0.858145	0
EPHB4	4	9.5894e-01	8.0319e-01	0.858145	0
ZNF500	4	9.5895e-01	8.0319e-01	0.858145	0
VEPH1	4	9.5896e-01	8.0319e-01	0.858145	0
VSIG2	4	9.5905e-01	8.0319e-01	0.858145	0
SFTPB	4	9.5907e-01	8.0319e-01	0.858145	0
GNLY	4	9.5919e-01	8.0319e-01	0.858145	0
GAB4	4	9.5922e-01	8.0319e-01	0.858145	0
HSPG2	4	9.5924e-01	8.0319e-01	0.858145	0
DNAJB4	4	9.5924e-01	8.0319e-01	0.858145	0
FAT2	4	9.5925e-01	8.0319e-01	0.858145	0
TMEM231	4	9.5933e-01	8.0319e-01	0.858145	0
EVA1A	4	9.5936e-01	8.0319e-01	0.858145	0
SEC24A	4	9.5940e-01	8.0437e-01	0.858589	0
TLR9	4	9.5941e-01	8.0437e-01	0.858589	0
LPIN3	4	9.5958e-01	8.0437e-01	0.858589	0
STK25	4	9.5958e-01	8.0437e-01	0.858589	0
KPNA7	4	9.5959e-01	8.0437e-01	0.858589	0
TKTL2	4	9.5960e-01	8.0437e-01	0.858589	0
STOM	4	9.5961e-01	8.0437e-01	0.858589	0
GNB4	4	9.5963e-01	8.0437e-01	0.858589	0
ACBD5	4	9.5964e-01	8.0437e-01	0.858589	0
AQP3	4	9.5969e-01	8.0437e-01	0.858589	0
INAFM2	4	9.5977e-01	8.0437e-01	0.858589	0
ERCC8	4	9.5985e-01	8.0437e-01	0.858589	0
OTUD1	4	9.5990e-01	8.0437e-01	0.858589	0
CLPSL2	4	9.5997e-01	8.0437e-01	0.858589	0
DUPD1	4	9.6001e-01	8.0437e-01	0.858589	0
IL4I1	4	9.6007e-01	8.0437e-01	0.858589	0
PML	4	9.6013e-01	8.0437e-01	0.858589	0
DZIP1L	4	9.6018e-01	8.0555e-01	0.859421	0
SORL1	4	9.6020e-01	8.0555e-01	0.859421	0
SLC7A13	4	9.6025e-01	8.0555e-01	0.859421	0
ARHGAP21	4	9.6026e-01	8.0555e-01	0.859421	0
DOC2A	4	9.6027e-01	8.0555e-01	0.859421	0
MKRN2OS	4	9.6031e-01	8.0555e-01	0.859421	0
DCX	4	9.6036e-01	8.0555e-01	0.859421	0
CCSER2	4	9.6041e-01	8.0555e-01	0.859421	0
ZBTB5	4	9.6043e-01	8.0555e-01	0.859421	0
CASP9	4	9.6046e-01	8.0668e-01	0.860293	0
LGALSL	4	9.6053e-01	8.0668e-01	0.860293	0
CHN2	4	9.6054e-01	8.0668e-01	0.860293	0
SCARA3	4	9.6056e-01	8.0668e-01	0.860293	0
C16orf71	4	9.6062e-01	8.0668e-01	0.860293	0
FSD1	4	9.6068e-01	8.0668e-01	0.860293	0
UCK2	4	9.6069e-01	8.0668e-01	0.860293	0
CSRNP3	4	9.6081e-01	8.0900e-01	0.862712	0
LHFPL2	4	9.6088e-01	8.1014e-01	0.862871	0
OR13C8	4	9.6089e-01	8.1014e-01	0.862871	0
HECTD4	4	9.6091e-01	8.1014e-01	0.862871	0
PEX11A	4	9.6094e-01	8.1014e-01	0.862871	0
DTNBP1	4	9.6097e-01	8.1014e-01	0.862871	0
TCF21	4	9.6101e-01	8.1014e-01	0.862871	0
CST5	4	9.6102e-01	8.1014e-01	0.862871	0
PLEKHA6	4	9.6112e-01	8.1014e-01	0.862871	0
ZNF280D	4	9.6113e-01	8.1014e-01	0.862871	0
ZNF551	4	9.6126e-01	8.1014e-01	0.862871	0
ENPP7	4	9.6126e-01	8.1014e-01	0.862871	0
MRFAP1	4	9.6127e-01	8.1014e-01	0.862871	0
ADRA1A	4	9.6134e-01	8.1014e-01	0.862871	0
RASSF9	4	9.6140e-01	8.1014e-01	0.862871	0
EED	4	9.6142e-01	8.1014e-01	0.862871	0
LMAN2L	4	9.6143e-01	8.1014e-01	0.862871	0
CRTC1	4	9.6144e-01	8.1014e-01	0.862871	0
ADPGK	4	9.6147e-01	8.1014e-01	0.862871	0
SBK2	4	9.6147e-01	8.1014e-01	0.862871	0
PAX4	4	9.6148e-01	8.1014e-01	0.862871	0
TCTE1	4	9.6152e-01	8.1014e-01	0.862871	0
LOC643802	4	9.6157e-01	8.1014e-01	0.862871	0
ZDHHC8	4	9.6164e-01	8.1129e-01	0.863324	0
IL17F	4	9.6165e-01	8.1129e-01	0.863324	0
CASP14	4	9.6166e-01	8.1129e-01	0.863324	0
KRT2	4	9.6169e-01	8.1129e-01	0.863324	0
XYLB	4	9.6173e-01	8.1129e-01	0.863324	0
RFX7	4	9.6174e-01	8.1129e-01	0.863324	0
CCNG2	4	9.6182e-01	8.1129e-01	0.863324	0
BMI1	4	9.6183e-01	8.1129e-01	0.863324	0
ZNF383	4	9.6185e-01	8.1129e-01	0.863324	0
GAPDHS	4	9.6189e-01	8.1129e-01	0.863324	0
TMEM65	4	9.6190e-01	8.1129e-01	0.863324	0
LRRC3C	4	9.6194e-01	8.1129e-01	0.863324	0
HMX1	4	9.6194e-01	8.1129e-01	0.863324	0
DDIT4	4	9.6198e-01	8.1129e-01	0.863324	0
ZNF311	4	9.6217e-01	8.1129e-01	0.863324	0
TBL1X	4	9.6223e-01	8.1129e-01	0.863324	0
BTN3A2	4	9.6242e-01	8.1243e-01	0.864394	0
MYLK3	4	9.6244e-01	8.1243e-01	0.864394	0
DRC7	4	9.6246e-01	8.1243e-01	0.864394	0
ELF4	4	9.6255e-01	8.1355e-01	0.865011	0
ITPR2	4	9.6256e-01	8.1355e-01	0.865011	0
C20orf194	4	9.6262e-01	8.1355e-01	0.865011	0
FAM84A	4	9.6271e-01	8.1355e-01	0.865011	0
IL1RAPL1	4	9.6275e-01	8.1355e-01	0.865011	0
TPD52L1	4	9.6282e-01	8.1355e-01	0.865011	0
AQP4	4	9.6288e-01	8.1355e-01	0.865011	0
OR2T8	4	9.6295e-01	8.1355e-01	0.865011	0
SLC24A5	4	9.6303e-01	8.1355e-01	0.865011	0
IZUMO3	4	9.6303e-01	8.1355e-01	0.865011	0
ATP8A2	4	9.6305e-01	8.1355e-01	0.865011	0
HNMT	4	9.6308e-01	8.1355e-01	0.865011	0
NTN4	4	9.6314e-01	8.1470e-01	0.866129	0
ZNF782	4	9.6316e-01	8.1470e-01	0.866129	0
CHM	4	9.6332e-01	8.1697e-01	0.868360	0
ZNF709	4	9.6333e-01	8.1697e-01	0.868360	0
RAPGEF5	4	9.6336e-01	8.1698e-01	0.868360	0
CELSR3	4	9.6336e-01	8.1698e-01	0.868360	0
ERBB3	4	9.6348e-01	8.1809e-01	0.869399	0
BEX2	4	9.6351e-01	8.1809e-01	0.869399	0
ECHDC2	4	9.6356e-01	8.1809e-01	0.869399	0
MCAM	4	9.6365e-01	8.1923e-01	0.869594	0
WIPF3	4	9.6368e-01	8.1923e-01	0.869594	0
SPACA1	4	9.6369e-01	8.1923e-01	0.869594	0
USP21	4	9.6372e-01	8.1923e-01	0.869594	0
ZNF365	4	9.6380e-01	8.1923e-01	0.869594	0
AXDND1	4	9.6382e-01	8.1923e-01	0.869594	0
TMEM239	4	9.6382e-01	8.1923e-01	0.869594	0
HPS3	4	9.6383e-01	8.1923e-01	0.869594	0
ZNF419	4	9.6384e-01	8.1923e-01	0.869594	0
PCDH1	4	9.6387e-01	8.1923e-01	0.869594	0
GRK7	4	9.6388e-01	8.1923e-01	0.869594	0
ENKUR	4	9.6391e-01	8.1923e-01	0.869594	0
LZTFL1	4	9.6396e-01	8.1923e-01	0.869594	0
CRELD2	4	9.6398e-01	8.1923e-01	0.869594	0
SLC17A4	4	9.6401e-01	8.1923e-01	0.869594	0
CNKSR1	4	9.6401e-01	8.1923e-01	0.869594	0
TMEM127	4	9.6402e-01	8.1923e-01	0.869594	0
QKI	4	9.6405e-01	8.1923e-01	0.869594	0
SYNGR1	4	9.6406e-01	8.1923e-01	0.869594	0
SLC19A2	4	9.6408e-01	8.1923e-01	0.869594	0
CAPN6	4	9.6416e-01	8.1923e-01	0.869594	0
KIF4B	4	9.6429e-01	8.2148e-01	0.871936	0
C11orf45	4	9.6433e-01	8.2258e-01	0.872622	0
RNF213	4	9.6439e-01	8.2258e-01	0.872622	0
ONECUT3	4	9.6439e-01	8.2258e-01	0.872622	0
TMEM121	4	9.6441e-01	8.2258e-01	0.872622	0
PIGP	4	9.6452e-01	8.2258e-01	0.872622	0
GMCL1	4	9.6452e-01	8.2258e-01	0.872622	0
ZNF570	4	9.6452e-01	8.2258e-01	0.872622	0
SEMA3B	4	9.6454e-01	8.2258e-01	0.872622	0
CYB561D1	4	9.6456e-01	8.2258e-01	0.872622	0
OR5V1	4	9.6459e-01	8.2258e-01	0.872622	0
FBXO16	4	9.6471e-01	8.2367e-01	0.873534	0
MMP20	4	9.6474e-01	8.2367e-01	0.873534	0
HSPA4	4	9.6478e-01	8.2367e-01	0.873534	0
OSBPL1A	4	9.6481e-01	8.2367e-01	0.873534	0
S100A16	4	9.6487e-01	8.2367e-01	0.873534	0
HDAC11	4	9.6492e-01	8.2475e-01	0.874538	0
C14orf79	4	9.6495e-01	8.2475e-01	0.874538	0
MYO5B	4	9.6498e-01	8.2475e-01	0.874538	0
KRTAP9-6	4	9.6512e-01	8.2586e-01	0.875608	0
H1FOO	4	9.6520e-01	8.2586e-01	0.875608	0
CACNA1B	4	9.6523e-01	8.2695e-01	0.876527	0
SLC22A14	4	9.6524e-01	8.2695e-01	0.876527	0
ALS2CR11	4	9.6526e-01	8.2695e-01	0.876527	0
TNFRSF10D	4	9.6529e-01	8.2695e-01	0.876527	0
RASSF3	4	9.6529e-01	8.2695e-01	0.876527	0
MIER1	4	9.6531e-01	8.2800e-01	0.877299	0
RSRP1	4	9.6536e-01	8.2800e-01	0.877299	0
KRTAP12-3	4	9.6540e-01	8.2800e-01	0.877299	0
ST8SIA6	4	9.6540e-01	8.2800e-01	0.877299	0
SIGMAR1	4	9.6546e-01	8.2800e-01	0.877299	0
CAGE1	4	9.6548e-01	8.2800e-01	0.877299	0
ZYG11B	4	9.6554e-01	8.2800e-01	0.877299	0
CCDC177	4	9.6555e-01	8.2904e-01	0.877964	0
C6orf203	4	9.6556e-01	8.2904e-01	0.877964	0
ERV3-1	4	9.6557e-01	8.2904e-01	0.877964	0
SYNPO	4	9.6564e-01	8.2904e-01	0.877964	0
AKNAD1	4	9.6566e-01	8.2904e-01	0.877964	0
PRKAB2	4	9.6567e-01	8.2904e-01	0.877964	0
ZNF610	4	9.6568e-01	8.2904e-01	0.877964	0
CD164	4	9.6570e-01	8.2904e-01	0.877964	0
LGR4	4	9.6571e-01	8.2904e-01	0.877964	0
GLI4	4	9.6578e-01	8.3010e-01	0.878598	0
CNPY1	4	9.6582e-01	8.3010e-01	0.878598	0
DNAJC10	4	9.6583e-01	8.3010e-01	0.878598	0
KIF13B	4	9.6584e-01	8.3010e-01	0.878598	0
BAZ2A	4	9.6587e-01	8.3010e-01	0.878598	0
ZCCHC24	4	9.6589e-01	8.3010e-01	0.878598	0
CEP250	4	9.6592e-01	8.3010e-01	0.878598	0
RIMBP3C	4	9.6593e-01	8.3010e-01	0.878598	0
KCNE3	4	9.6596e-01	8.3010e-01	0.878598	0
MIXL1	4	9.6605e-01	8.3010e-01	0.878598	0
AGER	4	9.6609e-01	8.3115e-01	0.879274	0
MYH3	4	9.6612e-01	8.3115e-01	0.879274	0
ETV5	4	9.6614e-01	8.3115e-01	0.879274	0
CD72	4	9.6618e-01	8.3115e-01	0.879274	0
CS	4	9.6622e-01	8.3115e-01	0.879274	0
METTL4	4	9.6625e-01	8.3115e-01	0.879274	0
KANK3	4	9.6628e-01	8.3115e-01	0.879274	0
MROH5	4	9.6629e-01	8.3115e-01	0.879274	0
SEPTIN8	4	9.6631e-01	8.3115e-01	0.879274	0
MAGEA11	4	9.6633e-01	8.3221e-01	0.880295	0
CHST14	4	9.6636e-01	8.3221e-01	0.880295	0
SLC39A4	4	9.6651e-01	8.3426e-01	0.881930	0
CCDC155	4	9.6655e-01	8.3426e-01	0.881930	0
SPRED1	4	9.6657e-01	8.3426e-01	0.881930	0
UBAC2	4	9.6660e-01	8.3426e-01	0.881930	0
YBX3	4	9.6661e-01	8.3426e-01	0.881930	0
GZMH	4	9.6663e-01	8.3426e-01	0.881930	0
HPS6	4	9.6672e-01	8.3426e-01	0.881930	0
MMP2	4	9.6673e-01	8.3426e-01	0.881930	0
LVRN	4	9.6673e-01	8.3426e-01	0.881930	0
CPXM2	4	9.6675e-01	8.3426e-01	0.881930	0
UCP2	4	9.6687e-01	8.3426e-01	0.881930	0
ELOVL6	4	9.6692e-01	8.3528e-01	0.882955	0
HEBP1	4	9.6699e-01	8.3629e-01	0.883583	0
MYO5C	4	9.6703e-01	8.3629e-01	0.883583	0
TMEM35	4	9.6704e-01	8.3629e-01	0.883583	0
GFRAL	4	9.6706e-01	8.3629e-01	0.883583	0
SOX2	4	9.6709e-01	8.3629e-01	0.883583	0
SNX14	4	9.6710e-01	8.3629e-01	0.883583	0
CYP21A2	4	9.6713e-01	8.3629e-01	0.883583	0
RAPGEF3	4	9.6714e-01	8.3629e-01	0.883583	0
CLCA4	4	9.6717e-01	8.3629e-01	0.883583	0
PHOSPHO2	4	9.6727e-01	8.3948e-01	0.886605	0
DPYSL5	4	9.6730e-01	8.4050e-01	0.886605	0
ITIH1	4	9.6732e-01	8.4050e-01	0.886605	0
RNF219	4	9.6733e-01	8.4050e-01	0.886605	0
OR1J1	4	9.6733e-01	8.4050e-01	0.886605	0
HCRTR1	4	9.6734e-01	8.4050e-01	0.886605	0
ATF6B	4	9.6736e-01	8.4050e-01	0.886605	0
EFCAB11	4	9.6738e-01	8.4050e-01	0.886605	0
DMC1	4	9.6740e-01	8.4050e-01	0.886605	0
MAP3K5	4	9.6741e-01	8.4050e-01	0.886605	0
ZMYM2	4	9.6743e-01	8.4050e-01	0.886605	0
PEMT	4	9.6746e-01	8.4050e-01	0.886605	0
SNAP29	4	9.6748e-01	8.4050e-01	0.886605	0
IHH	4	9.6755e-01	8.4050e-01	0.886605	0
ATP5SL	4	9.6758e-01	8.4050e-01	0.886605	0
MAGEC1	4	9.6759e-01	8.4050e-01	0.886605	0
FGFBP1	4	9.6759e-01	8.4050e-01	0.886605	0
STXBP1	4	9.6764e-01	8.4050e-01	0.886605	0
LOC388849	3	9.6766e-01	9.1603e-01	0.945239	0
SCNM1	4	9.6770e-01	8.4050e-01	0.886605	0
NACC1	4	9.6773e-01	8.4050e-01	0.886605	0
C16orf91	4	9.6775e-01	8.4050e-01	0.886605	0
ABHD17C	4	9.6776e-01	8.4050e-01	0.886605	0
TRIM24	4	9.6783e-01	8.4050e-01	0.886605	0
AMN1	4	9.6785e-01	8.4050e-01	0.886605	0
PLEKHG4	4	9.6785e-01	8.4050e-01	0.886605	0
IKZF1	4	9.6786e-01	8.4050e-01	0.886605	0
OTULIN	4	9.6787e-01	8.4050e-01	0.886605	0
EPHA7	4	9.6790e-01	8.4050e-01	0.886605	0
DENND2A	4	9.6799e-01	8.4149e-01	0.887187	0
KHDC1	4	9.6800e-01	8.4149e-01	0.887187	0
CCNI	4	9.6801e-01	8.4149e-01	0.887187	0
UNC5D	4	9.6803e-01	8.4149e-01	0.887187	0
BTBD3	4	9.6805e-01	8.4149e-01	0.887187	0
ACE2	4	9.6814e-01	8.4149e-01	0.887187	0
TAS2R42	4	9.6815e-01	8.4149e-01	0.887187	0
EGFR	4	9.6823e-01	8.4252e-01	0.887187	0
TMEM187	4	9.6825e-01	8.4252e-01	0.887187	0
APH1B	4	9.6826e-01	8.4252e-01	0.887187	0
CCNA1	4	9.6828e-01	8.4252e-01	0.887187	0
COIL	4	9.6829e-01	8.4252e-01	0.887187	0
CD2AP	4	9.6830e-01	8.4252e-01	0.887187	0
TOR1AIP2	4	9.6830e-01	8.4252e-01	0.887187	0
LY9	4	9.6833e-01	8.4252e-01	0.887187	0
EGR3	4	9.6836e-01	8.4252e-01	0.887187	0
KRT38	4	9.6844e-01	8.4351e-01	0.887187	0
N4BP2L1	4	9.6847e-01	8.4351e-01	0.887187	0
ANK3	4	9.6852e-01	8.4351e-01	0.887187	0
CUZD1	4	9.6858e-01	8.4351e-01	0.887187	0
AR	4	9.6862e-01	8.4351e-01	0.887187	0
JUND	4	9.6867e-01	8.4351e-01	0.887187	0
CACNB1	4	9.6868e-01	8.4351e-01	0.887187	0
ALDH1L1	4	9.6879e-01	8.4351e-01	0.887187	0
PARD3B	4	9.6882e-01	8.4351e-01	0.887187	0
TMEM237	4	9.6883e-01	8.4351e-01	0.887187	0
PLEKHA1	4	9.6888e-01	8.4351e-01	0.887187	0
OR2S2	4	9.6893e-01	8.4351e-01	0.887187	0
FXYD1	3	9.6899e-01	9.1885e-01	0.946538	0
NUCKS1	4	9.6905e-01	8.4351e-01	0.887187	0
PIP5K1B	4	9.6910e-01	8.4351e-01	0.887187	0
CDK15	4	9.6912e-01	8.4351e-01	0.887187	0
MORC3	4	9.6918e-01	8.4351e-01	0.887187	0
GRXCR1	4	9.6920e-01	8.4351e-01	0.887187	0
OR52K1	4	9.6924e-01	8.4351e-01	0.887187	0
OR2M7	4	9.6925e-01	8.4351e-01	0.887187	0
PYCRL	4	9.6928e-01	8.4351e-01	0.887187	0
FRK	4	9.6931e-01	8.4351e-01	0.887187	0
ZNF483	4	9.6933e-01	8.4351e-01	0.887187	0
AP2A1	4	9.6935e-01	8.4351e-01	0.887187	0
HMGCL	4	9.6937e-01	8.4351e-01	0.887187	0
CCR8	4	9.6937e-01	8.4351e-01	0.887187	0
STXBP5	3	9.6937e-01	9.2058e-01	0.948164	0
MDFIC	4	9.6940e-01	8.4351e-01	0.887187	0
TLR3	4	9.6942e-01	8.4351e-01	0.887187	0
ENDOG	4	9.6945e-01	8.4351e-01	0.887187	0
UBXN10	3	9.6947e-01	9.2170e-01	0.948867	0
CXorf65	4	9.6951e-01	8.4351e-01	0.887187	0
OSBPL6	4	9.6951e-01	8.4351e-01	0.887187	0
ZNF532	4	9.6953e-01	8.4351e-01	0.887187	0
HBEGF	4	9.6960e-01	8.4351e-01	0.887187	0
KRTAP10-5	4	9.6961e-01	8.4351e-01	0.887187	0
EEF2K	4	9.6963e-01	8.4351e-01	0.887187	0
LMF2	4	9.6963e-01	8.4351e-01	0.887187	0
HIVEP2	4	9.6968e-01	8.4351e-01	0.887187	0
HECW2	4	9.6975e-01	8.4351e-01	0.887187	0
HYAL4	4	9.6990e-01	8.4450e-01	0.887983	0
HSD11B2	4	9.6993e-01	8.4450e-01	0.887983	0
LRRC4	4	9.7001e-01	8.4450e-01	0.887983	0
ZNF559	4	9.7005e-01	8.4450e-01	0.887983	0
SFXN1	4	9.7007e-01	8.4450e-01	0.887983	0
KCNK13	4	9.7010e-01	8.4551e-01	0.888854	0
RUNX1	4	9.7011e-01	8.4551e-01	0.888854	0
CTBS	4	9.7013e-01	8.4551e-01	0.888854	0
WSCD2	4	9.7016e-01	8.4551e-01	0.888854	0
SLC39A10	4	9.7023e-01	8.4749e-01	0.890890	0
UHRF2	4	9.7029e-01	8.4848e-01	0.891441	0
CACUL1	4	9.7030e-01	8.4848e-01	0.891441	0
ALDH7A1	4	9.7034e-01	8.4848e-01	0.891441	0
CLEC2D	4	9.7037e-01	8.4849e-01	0.891441	0
STK19	4	9.7038e-01	8.4849e-01	0.891441	0
OR10S1	4	9.7039e-01	8.4849e-01	0.891441	0
TMEM189	4	9.7040e-01	8.4849e-01	0.891441	0
TARBP2	4	9.7046e-01	8.4849e-01	0.891441	0
RPRD2	4	9.7048e-01	8.4849e-01	0.891441	0
RTN2	4	9.7050e-01	8.4849e-01	0.891441	0
AIG1	4	9.7054e-01	8.4947e-01	0.892079	0
ZDHHC4	4	9.7055e-01	8.4947e-01	0.892079	0
IL20RB	4	9.7059e-01	8.4947e-01	0.892079	0
KCNH8	4	9.7060e-01	8.4947e-01	0.892079	0
FAM150B	4	9.7061e-01	8.4947e-01	0.892079	0
CHST3	4	9.7068e-01	8.4947e-01	0.892079	0
NUDT5	4	9.7072e-01	8.4947e-01	0.892079	0
ARPC1B	4	9.7072e-01	8.4947e-01	0.892079	0
QTRTD1	4	9.7074e-01	8.5040e-01	0.892862	0
ZKSCAN4	4	9.7078e-01	8.5040e-01	0.892862	0
FKBP5	4	9.7081e-01	8.5040e-01	0.892862	0
ASXL2	4	9.7081e-01	8.5040e-01	0.892862	0
GIGYF1	4	9.7085e-01	8.5139e-01	0.893559	0
MSGN1	4	9.7088e-01	8.5139e-01	0.893559	0
TXNRD3NB	4	9.7089e-01	8.5139e-01	0.893559	0
HIST1H2BA	4	9.7094e-01	8.5139e-01	0.893559	0
FAM3B	4	9.7097e-01	8.5139e-01	0.893559	0
OS9	4	9.7098e-01	8.5139e-01	0.893559	0
AGFG2	4	9.7101e-01	8.5139e-01	0.893559	0
MYH11	4	9.7104e-01	8.5232e-01	0.894486	0
RFX6	4	9.7105e-01	8.5326e-01	0.895276	0
CARD8	4	9.7106e-01	8.5326e-01	0.895276	0
SYDE1	4	9.7108e-01	8.5326e-01	0.895276	0
TRIM38	4	9.7111e-01	8.5326e-01	0.895276	0
C9orf85	4	9.7114e-01	8.5420e-01	0.896118	0
RNPEPL1	4	9.7115e-01	8.5420e-01	0.896118	0
KLRC3	4	9.7121e-01	8.5420e-01	0.896118	0
FOXS1	4	9.7128e-01	8.5514e-01	0.896855	0
GJD2	4	9.7130e-01	8.5514e-01	0.896855	0
ZNF133	4	9.7134e-01	8.5514e-01	0.896855	0
ZKSCAN1	4	9.7134e-01	8.5514e-01	0.896855	0
PWWP2B	4	9.7140e-01	8.5514e-01	0.896855	0
HPSE2	4	9.7151e-01	8.5606e-01	0.897629	0
ATP6AP1L	4	9.7153e-01	8.5607e-01	0.897629	0
LIPE	4	9.7162e-01	8.5607e-01	0.897629	0
KIFC1	4	9.7167e-01	8.5699e-01	0.898209	0
NUDCD1	4	9.7175e-01	8.5699e-01	0.898209	0
STRADB	4	9.7177e-01	8.5699e-01	0.898209	0
CDH18	4	9.7178e-01	8.5699e-01	0.898209	0
KIF26A	4	9.7181e-01	8.5699e-01	0.898209	0
MAPK6	4	9.7182e-01	8.5699e-01	0.898209	0
OR9A2	4	9.7190e-01	8.5699e-01	0.898209	0
PRSS37	4	9.7193e-01	8.5699e-01	0.898209	0
GSDMC	4	9.7201e-01	8.5792e-01	0.899035	0
HS6ST3	4	9.7203e-01	8.5792e-01	0.899035	0
RNF152	4	9.7208e-01	8.5792e-01	0.899035	0
NUDT16L1	4	9.7211e-01	8.5883e-01	0.899587	0
MMP17	4	9.7218e-01	8.5883e-01	0.899587	0
WWC1	4	9.7227e-01	8.5883e-01	0.899587	0
TP53I3	4	9.7228e-01	8.5883e-01	0.899587	0
SFRP1	4	9.7230e-01	8.5883e-01	0.899587	0
KRTAP20-1	4	9.7236e-01	8.5883e-01	0.899587	0
VNN2	4	9.7237e-01	8.5883e-01	0.899587	0
MORF4L1	4	9.7239e-01	8.5883e-01	0.899587	0
FAM71E2	4	9.7240e-01	8.5981e-01	0.900268	0
TMEM182	4	9.7245e-01	8.5981e-01	0.900268	0
FMO2	4	9.7247e-01	8.5981e-01	0.900268	0
OAF	4	9.7251e-01	8.5981e-01	0.900268	0
FAM19A4	4	9.7252e-01	8.5981e-01	0.900268	0
ACTN4	4	9.7259e-01	8.5981e-01	0.900268	0
QDPR	4	9.7260e-01	8.5981e-01	0.900268	0
LUZP1	4	9.7264e-01	8.6072e-01	0.901177	0
SLC6A12	4	9.7270e-01	8.6163e-01	0.901728	0
PGAP3	4	9.7274e-01	8.6163e-01	0.901728	0
FUBP3	4	9.7274e-01	8.6163e-01	0.901728	0
PCNT	4	9.7274e-01	8.6163e-01	0.901728	0
KBTBD4	4	9.7277e-01	8.6163e-01	0.901728	0
CCBE1	4	9.7277e-01	8.6163e-01	0.901728	0
FAM83E	4	9.7281e-01	8.6163e-01	0.901728	0
PLCG2	4	9.7282e-01	8.6163e-01	0.901728	0
RNF138	4	9.7291e-01	8.6252e-01	0.902117	0
ZNF703	4	9.7293e-01	8.6252e-01	0.902117	0
DEFB116	4	9.7295e-01	8.6252e-01	0.902117	0
CHRNA6	4	9.7299e-01	8.6252e-01	0.902117	0
ALAS2	4	9.7299e-01	8.6252e-01	0.902117	0
CCDC25	4	9.7300e-01	8.6252e-01	0.902117	0
LTBP1	4	9.7301e-01	8.6252e-01	0.902117	0
HDAC8	4	9.7302e-01	8.6252e-01	0.902117	0
ADCY10	4	9.7307e-01	8.6252e-01	0.902117	0
VN1R2	4	9.7313e-01	8.6252e-01	0.902117	0
SOCS7	4	9.7315e-01	8.6252e-01	0.902117	0
IFIT2	4	9.7316e-01	8.6341e-01	0.902703	0
RCBTB2	4	9.7317e-01	8.6341e-01	0.902703	0
TSC22D1	4	9.7317e-01	8.6341e-01	0.902703	0
SKOR1	4	9.7321e-01	8.6341e-01	0.902703	0
SARAF	4	9.7325e-01	8.6341e-01	0.902703	0
TRIM5	4	9.7327e-01	8.6341e-01	0.902703	0
FGF7	4	9.7327e-01	8.6341e-01	0.902703	0
WDR19	4	9.7329e-01	8.6432e-01	0.903612	0
PECAM1	4	9.7339e-01	8.6611e-01	0.905328	0
APOBR	4	9.7340e-01	8.6611e-01	0.905328	0
STMN2	4	9.7341e-01	8.6611e-01	0.905328	0
LRRC72	4	9.7348e-01	8.6699e-01	0.906156	0
GCLC	4	9.7354e-01	8.6700e-01	0.906156	0
ENTHD1	4	9.7356e-01	8.6876e-01	0.907706	0
AK9	4	9.7359e-01	8.6876e-01	0.907706	0
PKLR	4	9.7361e-01	8.6876e-01	0.907706	0
OR10J1	4	9.7362e-01	8.6876e-01	0.907706	0
LMX1A	4	9.7362e-01	8.6876e-01	0.907706	0
DDO	4	9.7368e-01	8.6876e-01	0.907706	0
FNBP1L	4	9.7383e-01	8.6960e-01	0.908485	0
B4GAT1	4	9.7383e-01	8.6960e-01	0.908485	0
KPRP	4	9.7395e-01	8.7048e-01	0.909356	0
FANCB	4	9.7397e-01	8.7135e-01	0.909966	0
SSTR5	4	9.7402e-01	8.7135e-01	0.909966	0
RCN1	4	9.7406e-01	8.7135e-01	0.909966	0
FAM73B	4	9.7408e-01	8.7135e-01	0.909966	0
CLEC3A	4	9.7409e-01	8.7135e-01	0.909966	0
ACSS1	4	9.7412e-01	8.7135e-01	0.909966	0
CLPTM1	4	9.7418e-01	8.7309e-01	0.911728	0
GATAD2B	4	9.7420e-01	8.7392e-01	0.912293	0
PRKACG	4	9.7420e-01	8.7392e-01	0.912293	0
ACSS3	4	9.7425e-01	8.7392e-01	0.912293	0
ZNF556	4	9.7428e-01	8.7392e-01	0.912293	0
FGF5	4	9.7429e-01	8.7392e-01	0.912293	0
RNF180	4	9.7430e-01	8.7392e-01	0.912293	0
MAP7D1	4	9.7434e-01	8.7477e-01	0.913083	0
CHCHD10	4	9.7438e-01	8.7477e-01	0.913083	0
C6orf89	4	9.7449e-01	8.7561e-01	0.913914	0
LRRC42	4	9.7455e-01	8.7642e-01	0.914653	0
IQCD	4	9.7459e-01	8.7642e-01	0.914653	0
SLC22A25	4	9.7465e-01	8.7723e-01	0.915448	0
ARHGAP31	4	9.7468e-01	8.7808e-01	0.915742	0
GDPD4	4	9.7471e-01	8.7808e-01	0.915742	0
OR1L4	4	9.7480e-01	8.7808e-01	0.915742	0
TXNIP	4	9.7481e-01	8.7808e-01	0.915742	0
TMEM50B	4	9.7485e-01	8.7808e-01	0.915742	0
CUL7	4	9.7490e-01	8.7808e-01	0.915742	0
CD46	4	9.7491e-01	8.7808e-01	0.915742	0
CPNE4	4	9.7494e-01	8.7808e-01	0.915742	0
DNAJB6	4	9.7496e-01	8.7808e-01	0.915742	0
PEX14	4	9.7498e-01	8.7808e-01	0.915742	0
TMEM72	4	9.7499e-01	8.7808e-01	0.915742	0
THAP2	4	9.7500e-01	8.7808e-01	0.915742	0
LCP1	4	9.7503e-01	8.7894e-01	0.916590	0
LCK	4	9.7507e-01	8.7977e-01	0.917396	0
CASC10	4	9.7511e-01	8.8055e-01	0.917967	0
ZNF785	4	9.7513e-01	8.8055e-01	0.917967	0
MMP15	4	9.7518e-01	8.8055e-01	0.917967	0
MAP4K3	4	9.7520e-01	8.8055e-01	0.917967	0
ZCCHC7	4	9.7521e-01	8.8055e-01	0.917967	0
OR4C46	4	9.7525e-01	8.8135e-01	0.918643	0
SLC39A1	4	9.7526e-01	8.8135e-01	0.918643	0
OPRM1	4	9.7532e-01	8.8135e-01	0.918643	0
BSND	4	9.7533e-01	8.8214e-01	0.919375	0
PHF21B	4	9.7543e-01	8.8214e-01	0.919375	0
ZNF354B	4	9.7556e-01	8.8291e-01	0.920125	0
CABS1	4	9.7566e-01	8.8370e-01	0.920600	0
DIABLO	4	9.7568e-01	8.8370e-01	0.920600	0
LRRC31	4	9.7576e-01	8.8370e-01	0.920600	0
RPGRIP1	4	9.7583e-01	8.8370e-01	0.920600	0
MICU2	4	9.7585e-01	8.8370e-01	0.920600	0
REC114	4	9.7587e-01	8.8370e-01	0.920600	0
NGEF	4	9.7588e-01	8.8370e-01	0.920600	0
H2BFWT	4	9.7592e-01	8.8447e-01	0.920898	0
RARB	4	9.7594e-01	8.8447e-01	0.920898	0
RNF19B	4	9.7600e-01	8.8447e-01	0.920898	0
OR52E4	4	9.7602e-01	8.8447e-01	0.920898	0
NLGN4X	4	9.7604e-01	8.8447e-01	0.920898	0
EPHA2	4	9.7604e-01	8.8447e-01	0.920898	0
EBF4	4	9.7605e-01	8.8447e-01	0.920898	0
ZNF34	4	9.7605e-01	8.8447e-01	0.920898	0
CAPN7	4	9.7609e-01	8.8447e-01	0.920898	0
NRXN1	4	9.7611e-01	8.8447e-01	0.920898	0
C20orf85	4	9.7615e-01	8.8529e-01	0.921602	0
RNF135	4	9.7625e-01	8.8529e-01	0.921602	0
VIPR2	4	9.7627e-01	8.8529e-01	0.921602	0
SNX9	4	9.7635e-01	8.8686e-01	0.922929	0
CCDC90B	4	9.7635e-01	8.8686e-01	0.922929	0
DNAJC7	4	9.7637e-01	8.8686e-01	0.922929	0
KIF3C	4	9.7642e-01	8.8686e-01	0.922929	0
TOM1L1	4	9.7644e-01	8.8686e-01	0.922929	0
CEP55	4	9.7644e-01	8.8686e-01	0.922929	0
TRIM58	4	9.7665e-01	8.8838e-01	0.923864	0
RASGRP2	4	9.7669e-01	8.8838e-01	0.923864	0
USP14	4	9.7670e-01	8.8838e-01	0.923864	0
DDX17	4	9.7672e-01	8.8838e-01	0.923864	0
PHGDH	4	9.7672e-01	8.8838e-01	0.923864	0
GAREM	4	9.7675e-01	8.8838e-01	0.923864	0
ELK4	4	9.7677e-01	8.8838e-01	0.923864	0
ATG13	4	9.7677e-01	8.8838e-01	0.923864	0
ADGRF2	4	9.7684e-01	8.8838e-01	0.923864	0
G6PC2	4	9.7686e-01	8.8838e-01	0.923864	0
MRC1	4	9.7694e-01	8.8838e-01	0.923864	0
KCNIP4	4	9.7696e-01	8.8838e-01	0.923864	0
BFAR	4	9.7700e-01	8.8838e-01	0.923864	0
JAGN1	4	9.7703e-01	8.8919e-01	0.924505	0
GRHL2	4	9.7706e-01	8.8919e-01	0.924505	0
SLC39A14	4	9.7706e-01	8.8919e-01	0.924505	0
HEXIM2	4	9.7714e-01	8.8919e-01	0.924505	0
LRRC4C	4	9.7716e-01	8.8993e-01	0.925121	0
SIRT5	3	9.7720e-01	9.5248e-01	0.973882	0
LPL	4	9.7721e-01	8.8993e-01	0.925121	0
CDH9	4	9.7722e-01	8.8993e-01	0.925121	0
IER3	4	9.7731e-01	8.9069e-01	0.925759	0
SLC12A1	4	9.7732e-01	8.9069e-01	0.925759	0
PCDH20	4	9.7732e-01	8.9069e-01	0.925759	0
ZNF302	4	9.7737e-01	8.9222e-01	0.926942	0
MAP7D2	4	9.7738e-01	8.9222e-01	0.926942	0
STARD7	4	9.7739e-01	8.9222e-01	0.926942	0
TNIK	4	9.7745e-01	8.9222e-01	0.926942	0
SMPDL3A	4	9.7746e-01	8.9222e-01	0.926942	0
GLRA4	4	9.7747e-01	8.9222e-01	0.926942	0
KBTBD3	4	9.7747e-01	8.9222e-01	0.926942	0
MAS1	4	9.7748e-01	8.9222e-01	0.926942	0
DIO1	4	9.7751e-01	8.9299e-01	0.927145	0
SRGAP1	4	9.7753e-01	8.9299e-01	0.927145	0
ABHD17B	4	9.7753e-01	8.9299e-01	0.927145	0
CSAG1	4	9.7756e-01	8.9299e-01	0.927145	0
ALDH8A1	4	9.7759e-01	8.9299e-01	0.927145	0
XKRY	3	9.7761e-01	9.5326e-01	0.974458	0
RBBP9	4	9.7761e-01	8.9299e-01	0.927145	0
TLK1	4	9.7763e-01	8.9299e-01	0.927145	0
UNC93B1	4	9.7769e-01	8.9300e-01	0.927145	0
PCDHGC5	4	9.7771e-01	8.9300e-01	0.927145	0
SMIM15	4	9.7772e-01	8.9300e-01	0.927145	0
STAT2	4	9.7774e-01	8.9300e-01	0.927145	0
STX19	4	9.7780e-01	8.9300e-01	0.927145	0
ARHGEF26	4	9.7784e-01	8.9450e-01	0.928310	0
MAP1LC3B	4	9.7785e-01	8.9450e-01	0.928310	0
SLC17A2	4	9.7787e-01	8.9450e-01	0.928310	0
ELFN2	4	9.7793e-01	8.9450e-01	0.928310	0
TSPYL6	4	9.7796e-01	8.9451e-01	0.928310	0
LCN9	4	9.7800e-01	8.9451e-01	0.928310	0
TMEM120B	4	9.7803e-01	8.9451e-01	0.928310	0
C17orf64	4	9.7809e-01	8.9451e-01	0.928310	0
ZNF441	4	9.7814e-01	8.9597e-01	0.929481	0
ATP13A2	4	9.7815e-01	8.9597e-01	0.929481	0
KCNMB2	4	9.7822e-01	8.9597e-01	0.929481	0
CPT1C	4	9.7826e-01	8.9597e-01	0.929481	0
CSGALNACT1	4	9.7828e-01	8.9597e-01	0.929481	0
GABRA5	4	9.7829e-01	8.9597e-01	0.929481	0
ZNF586	4	9.7830e-01	8.9597e-01	0.929481	0
STK3	4	9.7843e-01	8.9670e-01	0.929884	0
CACYBP	4	9.7845e-01	8.9670e-01	0.929884	0
NSUN6	4	9.7846e-01	8.9670e-01	0.929884	0
CT47A11	4	9.7846e-01	8.9670e-01	0.929884	0
ACBD4	4	9.7847e-01	8.9670e-01	0.929884	0
ARHGAP8	4	9.7847e-01	8.9670e-01	0.929884	0
HIP1	4	9.7848e-01	8.9670e-01	0.929884	0
IFT74	4	9.7853e-01	8.9739e-01	0.930500	0
PDZD2	4	9.7853e-01	8.9739e-01	0.930500	0
LCA5L	4	9.7862e-01	8.9815e-01	0.931134	0
SLC28A3	4	9.7863e-01	8.9815e-01	0.931134	0
AKR1C2	4	9.7866e-01	8.9815e-01	0.931134	0
ETFDH	4	9.7869e-01	8.9886e-01	0.931614	0
CCKBR	4	9.7871e-01	8.9886e-01	0.931614	0
ENPP3	4	9.7881e-01	8.9886e-01	0.931614	0
NRXN3	4	9.7882e-01	8.9886e-01	0.931614	0
AKR1B15	4	9.7884e-01	8.9886e-01	0.931614	0
MED13	4	9.7888e-01	8.9960e-01	0.932236	0
ATP8B1	4	9.7892e-01	8.9961e-01	0.932236	0
SENP8	4	9.7892e-01	8.9961e-01	0.932236	0
JUNB	4	9.7894e-01	9.0035e-01	0.932753	0
CADM2	4	9.7895e-01	9.0035e-01	0.932753	0
CDKN1C	4	9.7896e-01	9.0035e-01	0.932753	0
KRT39	4	9.7897e-01	9.0035e-01	0.932753	0
CABLES2	4	9.7897e-01	9.0035e-01	0.932753	0
TSGA13	4	9.7901e-01	9.0105e-01	0.933426	0
KHNYN	4	9.7911e-01	9.0174e-01	0.933988	0
SUPT7L	4	9.7912e-01	9.0174e-01	0.933988	0
GPR52	4	9.7913e-01	9.0174e-01	0.933988	0
SLC38A9	4	9.7918e-01	9.0242e-01	0.934647	0
SIPA1	4	9.7925e-01	9.0309e-01	0.935235	0
LMO7	4	9.7927e-01	9.0309e-01	0.935235	0
TMEM8C	4	9.7936e-01	9.0443e-01	0.936523	0
C1QTNF1	4	9.7939e-01	9.0443e-01	0.936523	0
ORAI3	4	9.7945e-01	9.0512e-01	0.937089	0
LOC400927-CSNK1E	4	9.7948e-01	9.0512e-01	0.937089	0
DDHD2	4	9.7948e-01	9.0512e-01	0.937089	0
ADD1	4	9.7950e-01	9.0582e-01	0.937709	0
TGM6	4	9.7957e-01	9.0582e-01	0.937709	0
TP73	4	9.7962e-01	9.0651e-01	0.938218	0
SCRN1	4	9.7963e-01	9.0651e-01	0.938218	0
DFNB31	4	9.7964e-01	9.0651e-01	0.938218	0
SLC7A3	4	9.7968e-01	9.0651e-01	0.938218	0
HNRNPLL	4	9.7978e-01	9.0719e-01	0.938778	0
OR52N1	4	9.7982e-01	9.0719e-01	0.938778	0
PRIMA1	4	9.7985e-01	9.0720e-01	0.938778	0
MSI2	4	9.7995e-01	9.0784e-01	0.939239	0
PTPRQ	4	9.7996e-01	9.0784e-01	0.939239	0
LCP2	4	9.8004e-01	9.0784e-01	0.939239	0
SPATA31D1	4	9.8010e-01	9.0784e-01	0.939239	0
MBD2	4	9.8014e-01	9.0984e-01	0.940950	0
CCL24	4	9.8015e-01	9.0984e-01	0.940950	0
PRR5L	4	9.8016e-01	9.0984e-01	0.940950	0
JAK2	4	9.8016e-01	9.0984e-01	0.940950	0
ZC4H2	4	9.8017e-01	9.0984e-01	0.940950	0
VTN	4	9.8019e-01	9.0984e-01	0.940950	0
SHROOM2	4	9.8028e-01	9.0984e-01	0.940950	0
EVI2A	4	9.8030e-01	9.1053e-01	0.941005	0
CHUK	4	9.8031e-01	9.1053e-01	0.941005	0
ANKS6	4	9.8032e-01	9.1053e-01	0.941005	0
KMO	4	9.8034e-01	9.1053e-01	0.941005	0
PDIK1L	4	9.8042e-01	9.1053e-01	0.941005	0
NDUFB7	4	9.8049e-01	9.1053e-01	0.941005	0
GALNT6	4	9.8051e-01	9.1053e-01	0.941005	0
DNASE1L1	4	9.8056e-01	9.1053e-01	0.941005	0
GAD1	4	9.8062e-01	9.1053e-01	0.941005	0
YY2	4	9.8064e-01	9.1053e-01	0.941005	0
RLF	4	9.8068e-01	9.1053e-01	0.941005	0
MAF1	4	9.8070e-01	9.1053e-01	0.941005	0
SPANXN5	4	9.8071e-01	9.1053e-01	0.941005	0
RNASE3	4	9.8072e-01	9.1119e-01	0.941581	0
FAM84B	4	9.8075e-01	9.1119e-01	0.941581	0
ALK	4	9.8080e-01	9.1186e-01	0.942122	0
KTN1	4	9.8081e-01	9.1186e-01	0.942122	0
KLRC1	4	9.8082e-01	9.1186e-01	0.942122	0
CDC42EP5	4	9.8090e-01	9.1313e-01	0.943137	0
P2RY4	4	9.8092e-01	9.1313e-01	0.943137	0
C9orf16	4	9.8093e-01	9.1313e-01	0.943137	0
CLEC4F	4	9.8093e-01	9.1313e-01	0.943137	0
OR2F2	4	9.8103e-01	9.1314e-01	0.943137	0
DENND1C	4	9.8105e-01	9.1314e-01	0.943137	0
TMEM33	4	9.8107e-01	9.1380e-01	0.943772	0
MSR1	4	9.8110e-01	9.1443e-01	0.944370	0
GSTK1	4	9.8117e-01	9.1571e-01	0.945239	0
CEMIP	4	9.8122e-01	9.1571e-01	0.945239	0
ZNF69	4	9.8124e-01	9.1571e-01	0.945239	0
ZNF628	4	9.8128e-01	9.1631e-01	0.945239	0
MAGT1	4	9.8130e-01	9.1631e-01	0.945239	0
PLXND1	4	9.8131e-01	9.1631e-01	0.945239	0
GPC3	4	9.8133e-01	9.1631e-01	0.945239	0
TRIM67	4	9.8133e-01	9.1631e-01	0.945239	0
EPHA5	4	9.8134e-01	9.1631e-01	0.945239	0
FILIP1L	4	9.8134e-01	9.1631e-01	0.945239	0
CBX8	4	9.8136e-01	9.1631e-01	0.945239	0
ZMIZ1	4	9.8137e-01	9.1631e-01	0.945239	0
FSCN2	4	9.8137e-01	9.1631e-01	0.945239	0
SLX4IP	4	9.8141e-01	9.1631e-01	0.945239	0
P2RY12	4	9.8142e-01	9.1631e-01	0.945239	0
ARHGEF10	4	9.8144e-01	9.1631e-01	0.945239	0
LOC650293	4	9.8146e-01	9.1631e-01	0.945239	0
KLHL31	4	9.8149e-01	9.1631e-01	0.945239	0
SCARA5	4	9.8150e-01	9.1631e-01	0.945239	0
MARK1	4	9.8153e-01	9.1631e-01	0.945239	0
E2F8	4	9.8167e-01	9.1692e-01	0.945765	0
DPCD	4	9.8169e-01	9.1692e-01	0.945765	0
PTGR1	4	9.8170e-01	9.1756e-01	0.945817	0
KRTAP25-1	4	9.8172e-01	9.1756e-01	0.945817	0
SUPT20H	4	9.8176e-01	9.1756e-01	0.945817	0
PPP3R1	4	9.8181e-01	9.1756e-01	0.945817	0
CLRN1	4	9.8182e-01	9.1756e-01	0.945817	0
OR5M11	4	9.8184e-01	9.1756e-01	0.945817	0
ZNF655	4	9.8185e-01	9.1756e-01	0.945817	0
SND1	4	9.8187e-01	9.1756e-01	0.945817	0
MID1IP1	4	9.8192e-01	9.1756e-01	0.945817	0
PAGR1	4	9.8193e-01	9.1756e-01	0.945817	0
MID2	4	9.8194e-01	9.1756e-01	0.945817	0
HSF1	4	9.8196e-01	9.1756e-01	0.945817	0
XKR5	4	9.8216e-01	9.1884e-01	0.946538	0
STARD3NL	4	9.8222e-01	9.1884e-01	0.946538	0
SHH	4	9.8225e-01	9.1884e-01	0.946538	0
TXNDC2	4	9.8225e-01	9.1884e-01	0.946538	0
AKAP17A	4	9.8226e-01	9.1884e-01	0.946538	0
MAGI1	4	9.8227e-01	9.1884e-01	0.946538	0
PROK2	4	9.8229e-01	9.1884e-01	0.946538	0
ATG9A	4	9.8229e-01	9.1884e-01	0.946538	0
HIST1H4L	4	9.8229e-01	9.1884e-01	0.946538	0
RSPH6A	4	9.8231e-01	9.1884e-01	0.946538	0
CLIC6	4	9.8236e-01	9.1884e-01	0.946538	0
NOMO3	4	9.8243e-01	9.1946e-01	0.947110	0
DAAM1	4	9.8247e-01	9.2008e-01	0.947694	0
PGM1	4	9.8253e-01	9.2069e-01	0.948171	0
RYK	4	9.8254e-01	9.2069e-01	0.948171	0
ZNF699	4	9.8264e-01	9.2128e-01	0.948726	0
P4HA3	4	9.8265e-01	9.2186e-01	0.948867	0
TBC1D2B	4	9.8266e-01	9.2186e-01	0.948867	0
NDRG2	4	9.8266e-01	9.2186e-01	0.948867	0
ARRDC3	4	9.8270e-01	9.2186e-01	0.948867	0
RASA3	4	9.8270e-01	9.2186e-01	0.948867	0
PPM1M	4	9.8271e-01	9.2186e-01	0.948867	0
RLIM	4	9.8271e-01	9.2186e-01	0.948867	0
CXorf67	4	9.8272e-01	9.2186e-01	0.948867	0
OR10G4	4	9.8283e-01	9.2246e-01	0.949379	0
KLHL21	4	9.8283e-01	9.2246e-01	0.949379	0
EYA1	4	9.8290e-01	9.2305e-01	0.949737	0
S100A10	4	9.8291e-01	9.2305e-01	0.949737	0
CFAP58	4	9.8293e-01	9.2305e-01	0.949737	0
GPR55	4	9.8295e-01	9.2305e-01	0.949737	0
SNX16	4	9.8301e-01	9.2305e-01	0.949737	0
LRRTM1	4	9.8306e-01	9.2367e-01	0.950268	0
DUOXA1	4	9.8307e-01	9.2367e-01	0.950268	0
IFT43	4	9.8310e-01	9.2424e-01	0.950803	0
CCDC54	4	9.8313e-01	9.2480e-01	0.951233	0
RGS12	4	9.8314e-01	9.2480e-01	0.951233	0
TRMT10B	4	9.8316e-01	9.2481e-01	0.951233	0
PIF1	3	9.8319e-01	9.6843e-01	0.985020	0
UBE2D1	4	9.8321e-01	9.2539e-01	0.951676	0
ADAM20	4	9.8322e-01	9.2539e-01	0.951676	0
KBTBD12	4	9.8324e-01	9.2539e-01	0.951676	0
TMEM129	4	9.8335e-01	9.2596e-01	0.952015	0
PRG2	4	9.8340e-01	9.2596e-01	0.952015	0
RBPJL	4	9.8342e-01	9.2596e-01	0.952015	0
SERPINA1	4	9.8350e-01	9.2596e-01	0.952015	0
FKBP8	4	9.8355e-01	9.2596e-01	0.952015	0
DNAJC1	4	9.8364e-01	9.2767e-01	0.953358	0
EVPL	4	9.8369e-01	9.2767e-01	0.953358	0
AIMP1	4	9.8369e-01	9.2767e-01	0.953358	0
NRG4	4	9.8371e-01	9.2767e-01	0.953358	0
CCDC154	4	9.8371e-01	9.2767e-01	0.953358	0
SIN3B	4	9.8377e-01	9.2767e-01	0.953358	0
SERPINA9	4	9.8384e-01	9.2767e-01	0.953358	0
OR8J3	4	9.8387e-01	9.2767e-01	0.953358	0
SIRPB2	4	9.8393e-01	9.2826e-01	0.953758	0
FAM47E-STBD1	4	9.8394e-01	9.2826e-01	0.953758	0
PPAP2B	4	9.8405e-01	9.2826e-01	0.953758	0
EXD1	4	9.8405e-01	9.2826e-01	0.953758	0
OR10H3	4	9.8407e-01	9.2880e-01	0.954260	0
HDAC5	4	9.8412e-01	9.2935e-01	0.954673	0
SPINK1	4	9.8412e-01	9.2935e-01	0.954673	0
OVCH2	4	9.8413e-01	9.2935e-01	0.954673	0
ARHGAP44	4	9.8418e-01	9.2987e-01	0.955107	0
PSME4	4	9.8420e-01	9.2987e-01	0.955107	0
DFFA	4	9.8428e-01	9.3038e-01	0.955476	0
GCSAM	4	9.8428e-01	9.3038e-01	0.955476	0
FAM109A	4	9.8428e-01	9.3038e-01	0.955476	0
OR6C70	4	9.8435e-01	9.3142e-01	0.956390	0
RPL3L	4	9.8435e-01	9.3142e-01	0.956390	0
MTNR1A	4	9.8436e-01	9.3142e-01	0.956390	0
LPCAT1	4	9.8440e-01	9.3193e-01	0.956656	0
SMAD7	3	9.8446e-01	9.7046e-01	0.986363	0
NPTX2	4	9.8447e-01	9.3193e-01	0.956656	0
SCML2	4	9.8448e-01	9.3193e-01	0.956656	0
TMEM163	4	9.8451e-01	9.3193e-01	0.956656	0
RBM26	4	9.8452e-01	9.3193e-01	0.956656	0
GABRA2	4	9.8468e-01	9.3300e-01	0.957549	0
CHURC1	4	9.8475e-01	9.3300e-01	0.957549	0
EYA3	4	9.8477e-01	9.3300e-01	0.957549	0
CTH	4	9.8480e-01	9.3300e-01	0.957549	0
RAI2	4	9.8486e-01	9.3351e-01	0.957661	0
PLEKHG7	4	9.8488e-01	9.3351e-01	0.957661	0
TUBE1	4	9.8494e-01	9.3351e-01	0.957661	0
ZNF33A	4	9.8495e-01	9.3351e-01	0.957661	0
SIRT6	4	9.8498e-01	9.3351e-01	0.957661	0
MLF1	4	9.8500e-01	9.3351e-01	0.957661	0
PLCXD3	4	9.8501e-01	9.3351e-01	0.957661	0
GBAS	4	9.8507e-01	9.3351e-01	0.957661	0
PLEKHM3	4	9.8515e-01	9.3402e-01	0.958135	0
ACOT7	4	9.8532e-01	9.3554e-01	0.959637	0
SLC30A8	4	9.8534e-01	9.3606e-01	0.960068	0
ONECUT2	4	9.8536e-01	9.3606e-01	0.960068	0
SBF2	4	9.8540e-01	9.3654e-01	0.960406	0
AFMID	4	9.8543e-01	9.3654e-01	0.960406	0
PLXNA1	4	9.8543e-01	9.3654e-01	0.960406	0
RHAG	4	9.8548e-01	9.3756e-01	0.961301	0
C6orf48	4	9.8550e-01	9.3756e-01	0.961301	0
WDR78	4	9.8552e-01	9.3756e-01	0.961301	0
LYST	4	9.8555e-01	9.3805e-01	0.961750	0
FHOD3	4	9.8558e-01	9.3902e-01	0.962586	0
TMEM106A	4	9.8561e-01	9.3902e-01	0.962586	0
TSPAN14	4	9.8562e-01	9.3902e-01	0.962586	0
ZNF800	4	9.8573e-01	9.3953e-01	0.963060	0
PRSS23	4	9.8581e-01	9.4002e-01	0.963508	0
ETAA1	4	9.8586e-01	9.4049e-01	0.963835	0
PRDX3	4	9.8587e-01	9.4049e-01	0.963835	0
MARVELD1	4	9.8591e-01	9.4049e-01	0.963835	0
STARD13	4	9.8605e-01	9.4144e-01	0.964555	0
HR	4	9.8606e-01	9.4144e-01	0.964555	0
MAGIX	4	9.8609e-01	9.4144e-01	0.964555	0
KIAA0907	4	9.8611e-01	9.4144e-01	0.964555	0
GJB3	4	9.8616e-01	9.4144e-01	0.964555	0
SFTPC	4	9.8618e-01	9.4191e-01	0.964986	0
TCAIM	4	9.8622e-01	9.4239e-01	0.965367	0
ADGRG7	4	9.8623e-01	9.4239e-01	0.965367	0
HNRNPA2B1	4	9.8632e-01	9.4285e-01	0.965793	0
STX10	4	9.8638e-01	9.4331e-01	0.966110	0
CDC25C	4	9.8642e-01	9.4331e-01	0.966110	0
CDY1	4	9.8642e-01	9.4331e-01	0.966110	0
PLK5	4	9.8644e-01	9.4378e-01	0.966541	0
NOBOX	4	9.8647e-01	9.4422e-01	0.966889	0
TRHR	4	9.8648e-01	9.4423e-01	0.966889	0
ADRA2A	4	9.8650e-01	9.4468e-01	0.967143	0
KRTAP3-2	4	9.8651e-01	9.4468e-01	0.967143	0
PLEKHH3	4	9.8651e-01	9.4468e-01	0.967143	0
BANK1	4	9.8652e-01	9.4468e-01	0.967143	0
SHKBP1	4	9.8658e-01	9.4513e-01	0.967404	0
CLEC11A	4	9.8666e-01	9.4513e-01	0.967404	0
PITX2	4	9.8666e-01	9.4513e-01	0.967404	0
PLA2G7	4	9.8671e-01	9.4513e-01	0.967404	0
PLCXD2	4	9.8676e-01	9.4560e-01	0.967831	0
KIF1C	4	9.8688e-01	9.4657e-01	0.968717	0
INVS	4	9.8691e-01	9.4657e-01	0.968717	0
MCFD2	4	9.8698e-01	9.4700e-01	0.969111	0
MPG	4	9.8698e-01	9.4746e-01	0.969421	0
SMC1B	4	9.8699e-01	9.4746e-01	0.969421	0
IBSP	4	9.8700e-01	9.4746e-01	0.969421	0
HLA-DQB2	4	9.8707e-01	9.4788e-01	0.969801	0
RIMS4	4	9.8713e-01	9.4919e-01	0.970989	0
VANGL1	4	9.8716e-01	9.4919e-01	0.970989	0
RBM15	4	9.8721e-01	9.4919e-01	0.970989	0
OFD1	4	9.8725e-01	9.4962e-01	0.971370	0
NDUFS1	4	9.8728e-01	9.5005e-01	0.971758	0
FAM151B	4	9.8733e-01	9.5047e-01	0.972138	0
MMP16	4	9.8736e-01	9.5088e-01	0.972451	0
MYO9A	4	9.8737e-01	9.5088e-01	0.972451	0
NLGN3	4	9.8744e-01	9.5168e-01	0.973170	0
PACS1	4	9.8744e-01	9.5168e-01	0.973170	0
YWHAG	4	9.8753e-01	9.5253e-01	0.973882	0
WDFY2	4	9.8756e-01	9.5253e-01	0.973882	0
TRIM34	4	9.8760e-01	9.5294e-01	0.974248	0
SLC35F6	4	9.8763e-01	9.5335e-01	0.974458	0
SRPX	4	9.8765e-01	9.5335e-01	0.974458	0
ACOT11	4	9.8766e-01	9.5335e-01	0.974458	0
CP	4	9.8770e-01	9.5377e-01	0.974837	0
PRDX4	4	9.8775e-01	9.5419e-01	0.975207	0
ARFGEF3	4	9.8787e-01	9.5456e-01	0.975541	0
PABPC1L2A	4	9.8793e-01	9.5496e-01	0.975630	0
C20orf24	4	9.8796e-01	9.5496e-01	0.975630	0
TMEM177	4	9.8796e-01	9.5496e-01	0.975630	0
SUSD2	4	9.8797e-01	9.5496e-01	0.975630	0
FAM19A1	4	9.8801e-01	9.5536e-01	0.975630	0
VAV2	4	9.8805e-01	9.5536e-01	0.975630	0
SH2D5	4	9.8806e-01	9.5536e-01	0.975630	0
PLS1	4	9.8811e-01	9.5536e-01	0.975630	0
CDYL	4	9.8811e-01	9.5536e-01	0.975630	0
PPP1R9A	4	9.8817e-01	9.5537e-01	0.975630	0
NDP	4	9.8817e-01	9.5537e-01	0.975630	0
COL1A1	4	9.8824e-01	9.5537e-01	0.975630	0
PRX	4	9.8827e-01	9.5537e-01	0.975630	0
KCTD3	4	9.8828e-01	9.5537e-01	0.975630	0
OR2A2	4	9.8831e-01	9.5578e-01	0.976000	0
STAG2	4	9.8841e-01	9.5615e-01	0.976226	0
TST	4	9.8845e-01	9.5615e-01	0.976226	0
TAS2R4	4	9.8845e-01	9.5615e-01	0.976226	0
RAB42	4	9.8847e-01	9.5653e-01	0.976353	0
KRT6A	4	9.8847e-01	9.5653e-01	0.976353	0
CETN2	4	9.8849e-01	9.5653e-01	0.976353	0
OR1F1	4	9.8850e-01	9.5653e-01	0.976353	0
OPRL1	4	9.8850e-01	9.5653e-01	0.976353	0
TSPY8	4	9.8857e-01	9.5693e-01	0.976701	0
DECR2	4	9.8861e-01	9.5764e-01	0.977327	0
CNBD2	4	9.8862e-01	9.5764e-01	0.977327	0
BDKRB1	4	9.8872e-01	9.5843e-01	0.978079	0
MTHFS	4	9.8882e-01	9.5916e-01	0.978669	0
FAM129B	4	9.8882e-01	9.5916e-01	0.978669	0
GALC	4	9.8885e-01	9.5916e-01	0.978669	0
LRIT1	4	9.8894e-01	9.5951e-01	0.978923	0
NAGLU	4	9.8895e-01	9.5951e-01	0.978923	0
RUNDC3B	4	9.8900e-01	9.5990e-01	0.979264	0
TRAPPC9	4	9.8909e-01	9.6026e-01	0.979268	0
MOSPD2	4	9.8910e-01	9.6026e-01	0.979268	0
RPGR	4	9.8911e-01	9.6026e-01	0.979268	0
ZFHX4	4	9.8911e-01	9.6026e-01	0.979268	0
PSEN2	4	9.8913e-01	9.6026e-01	0.979268	0
SOCS6	4	9.8917e-01	9.6026e-01	0.979268	0
SATB1	4	9.8918e-01	9.6026e-01	0.979268	0
B9D2	4	9.8925e-01	9.6062e-01	0.979321	0
KIF16B	4	9.8926e-01	9.6062e-01	0.979321	0
C1orf137	4	9.8927e-01	9.6062e-01	0.979321	0
MAML3	4	9.8930e-01	9.6062e-01	0.979321	0
RB1	4	9.8931e-01	9.6062e-01	0.979321	0
GPR32	4	9.8931e-01	9.6062e-01	0.979321	0
MBD1	4	9.8938e-01	9.6129e-01	0.979953	0
GALE	4	9.8946e-01	9.6164e-01	0.980106	0
PAM	4	9.8949e-01	9.6164e-01	0.980106	0
PRCP	4	9.8952e-01	9.6165e-01	0.980106	0
NLGN4Y	4	9.8955e-01	9.6165e-01	0.980106	0
F13B	4	9.8966e-01	9.6267e-01	0.981097	0
ATG14	4	9.8978e-01	9.6337e-01	0.981548	0
LRRN4	4	9.8980e-01	9.6337e-01	0.981548	0
ATG4C	4	9.8980e-01	9.6337e-01	0.981548	0
ABCB10	4	9.8981e-01	9.6337e-01	0.981548	0
RHOF	4	9.8982e-01	9.6337e-01	0.981548	0
SLC26A3	4	9.8997e-01	9.6370e-01	0.981726	0
SHB	4	9.8998e-01	9.6370e-01	0.981726	0
FIZ1	4	9.8999e-01	9.6370e-01	0.981726	0
CRTAC1	4	9.9006e-01	9.6406e-01	0.981943	0
OR6C68	4	9.9011e-01	9.6406e-01	0.981943	0
HIST1H2BM	4	9.9013e-01	9.6406e-01	0.981943	0
PLA2G4B	4	9.9016e-01	9.6474e-01	0.982419	0
SHF	4	9.9019e-01	9.6474e-01	0.982419	0
CLCA2	4	9.9024e-01	9.6474e-01	0.982419	0
TNFSF4	4	9.9025e-01	9.6474e-01	0.982419	0
PSAPL1	4	9.9029e-01	9.6505e-01	0.982580	0
CRYZ	4	9.9030e-01	9.6505e-01	0.982580	0
HOXB8	4	9.9033e-01	9.6505e-01	0.982580	0
IL15RA	4	9.9035e-01	9.6536e-01	0.982792	0
TAF9	4	9.9035e-01	9.6536e-01	0.982792	0
MRGPRX3	4	9.9040e-01	9.6567e-01	0.982948	0
ADAM8	4	9.9040e-01	9.6567e-01	0.982948	0
SPG7	4	9.9042e-01	9.6567e-01	0.982948	0
C5orf49	4	9.9046e-01	9.6629e-01	0.983529	0
NYX	4	9.9049e-01	9.6660e-01	0.983741	0
TKFC	4	9.9054e-01	9.6660e-01	0.983741	0
ZNF213	4	9.9061e-01	9.6692e-01	0.983801	0
CITED2	4	9.9062e-01	9.6692e-01	0.983801	0
IMPDH1	3	9.9063e-01	9.8728e-01	0.998253	0
TMX3	4	9.9064e-01	9.6692e-01	0.983801	0
MPP6	4	9.9066e-01	9.6692e-01	0.983801	0
DEC1	4	9.9067e-01	9.6692e-01	0.983801	0
CNPY3	4	9.9069e-01	9.6752e-01	0.984357	0
ECE2	4	9.9073e-01	9.6812e-01	0.984865	0
CRTAP	4	9.9075e-01	9.6812e-01	0.984865	0
GLYAT	4	9.9079e-01	9.6842e-01	0.985020	0
TBC1D32	4	9.9080e-01	9.6842e-01	0.985020	0
CAPNS1	4	9.9084e-01	9.6874e-01	0.985233	0
RAP2B	4	9.9100e-01	9.6874e-01	0.985233	0
S100G	4	9.9102e-01	9.6903e-01	0.985475	0
ARHGAP29	4	9.9112e-01	9.6934e-01	0.985741	0
NDFIP2	4	9.9117e-01	9.6993e-01	0.986287	0
CHSY1	4	9.9121e-01	9.7022e-01	0.986363	0
CYP4X1	4	9.9122e-01	9.7022e-01	0.986363	0
CES4A	4	9.9122e-01	9.7022e-01	0.986363	0
LUZP2	4	9.9125e-01	9.7022e-01	0.986363	0
ANP32B	4	9.9126e-01	9.7052e-01	0.986363	0
GPX6	4	9.9129e-01	9.7052e-01	0.986363	0
WAS	4	9.9129e-01	9.7052e-01	0.986363	0
CSNK1G1	4	9.9133e-01	9.7052e-01	0.986363	0
TMEM203	4	9.9133e-01	9.7052e-01	0.986363	0
ZNF44	4	9.9142e-01	9.7107e-01	0.986717	0
PPCDC	4	9.9144e-01	9.7107e-01	0.986717	0
FOXO3	4	9.9145e-01	9.7107e-01	0.986717	0
THEM4	4	9.9146e-01	9.7107e-01	0.986717	0
PNOC	4	9.9157e-01	9.7219e-01	0.987584	0
LHX6	4	9.9159e-01	9.7219e-01	0.987584	0
SPOCK3	4	9.9162e-01	9.7219e-01	0.987584	0
RNF44	4	9.9163e-01	9.7219e-01	0.987584	0
ADGRL1	4	9.9173e-01	9.7244e-01	0.987787	0
COL26A1	4	9.9175e-01	9.7271e-01	0.987961	0
FAM71F2	4	9.9176e-01	9.7271e-01	0.987961	0
SULT1C3	4	9.9184e-01	9.7324e-01	0.988394	0
SLC7A8	4	9.9188e-01	9.7324e-01	0.988394	0
S100A13	4	9.9193e-01	9.7352e-01	0.988622	0
TTC39C	4	9.9200e-01	9.7406e-01	0.989121	0
BRSK1	4	9.9202e-01	9.7458e-01	0.989598	0
MMP1	4	9.9205e-01	9.7483e-01	0.989741	0
FHL2	4	9.9208e-01	9.7483e-01	0.989741	0
A2M	4	9.9213e-01	9.7532e-01	0.990190	0
ZNF286A	4	9.9215e-01	9.7556e-01	0.990384	0
KCNN1	4	9.9218e-01	9.7582e-01	0.990586	0
ARHGAP24	4	9.9225e-01	9.7606e-01	0.990779	0
EDRF1	4	9.9226e-01	9.7628e-01	0.990957	0
HNRNPUL1	4	9.9234e-01	9.7652e-01	0.991145	0
ZNF530	4	9.9256e-01	9.7749e-01	0.992078	0
TBC1D17	4	9.9258e-01	9.7773e-01	0.992264	0
NRP1	4	9.9260e-01	9.7797e-01	0.992347	0
NDUFA1	4	9.9264e-01	9.7797e-01	0.992347	0
NSUN7	4	9.9268e-01	9.7797e-01	0.992347	0
IKBKB	4	9.9279e-01	9.7841e-01	0.992590	0
IRF2BPL	4	9.9279e-01	9.7841e-01	0.992590	0
TNFSF14	4	9.9279e-01	9.7841e-01	0.992590	0
KIF6	4	9.9279e-01	9.7841e-01	0.992590	0
GLTSCR1	4	9.9280e-01	9.7863e-01	0.992604	0
MSRB1	4	9.9280e-01	9.7863e-01	0.992604	0
NCOA7	4	9.9287e-01	9.7863e-01	0.992604	0
TAOK2	4	9.9289e-01	9.7863e-01	0.992604	0
LRRC3	4	9.9290e-01	9.7886e-01	0.992622	0
ZNF791	4	9.9294e-01	9.7886e-01	0.992622	0
ROGDI	4	9.9295e-01	9.7886e-01	0.992622	0
SRGAP3	4	9.9295e-01	9.7886e-01	0.992622	0
LRCOL1	4	9.9301e-01	9.7930e-01	0.993015	0
NEU1	4	9.9304e-01	9.7994e-01	0.993504	0
ANKRD50	4	9.9305e-01	9.7994e-01	0.993504	0
AVIL	4	9.9309e-01	9.7994e-01	0.993504	0
OSTN	4	9.9318e-01	9.8078e-01	0.994306	0
CRNN	4	9.9325e-01	9.8141e-01	0.994683	0
OR4D10	4	9.9327e-01	9.8141e-01	0.994683	0
KL	4	9.9328e-01	9.8141e-01	0.994683	0
KCNQ4	4	9.9330e-01	9.8141e-01	0.994683	0
UBAP2L	4	9.9333e-01	9.8141e-01	0.994683	0
PEG10	4	9.9336e-01	9.8162e-01	0.994840	0
C17orf104	4	9.9337e-01	9.8181e-01	0.994980	0
MARCHF5	4	9.9347e-01	9.8243e-01	0.995442	0
GPR63	4	9.9348e-01	9.8243e-01	0.995442	0
DOPEY2	4	9.9351e-01	9.8263e-01	0.995442	0
LRRC28	4	9.9353e-01	9.8263e-01	0.995442	0
OR6C74	4	9.9355e-01	9.8263e-01	0.995442	0
MKRN3	4	9.9355e-01	9.8263e-01	0.995442	0
MYH2	4	9.9356e-01	9.8263e-01	0.995442	0
CHRM5	4	9.9373e-01	9.8338e-01	0.995941	0
SSR2	4	9.9378e-01	9.8338e-01	0.995941	0
EDF1	4	9.9380e-01	9.8338e-01	0.995941	0
OR6K3	4	9.9381e-01	9.8338e-01	0.995941	0
F9	4	9.9382e-01	9.8338e-01	0.995941	0
RAVER1	4	9.9384e-01	9.8358e-01	0.996087	0
WNT8B	4	9.9388e-01	9.8392e-01	0.996382	0
PIGL	4	9.9391e-01	9.8411e-01	0.996519	0
CD200	4	9.9393e-01	9.8430e-01	0.996552	0
DDIT3	4	9.9404e-01	9.8430e-01	0.996552	0
RTP3	4	9.9405e-01	9.8430e-01	0.996552	0
WTIP	4	9.9407e-01	9.8448e-01	0.996686	0
GCNT2	4	9.9412e-01	9.8478e-01	0.996938	0
C12orf74	4	9.9417e-01	9.8514e-01	0.997243	0
SPIRE1	4	9.9422e-01	9.8562e-01	0.997562	0
LRRC8C	4	9.9427e-01	9.8577e-01	0.997562	0
SEMA3C	4	9.9428e-01	9.8577e-01	0.997562	0
TEX43	4	9.9429e-01	9.8577e-01	0.997562	0
OLIG1	4	9.9430e-01	9.8577e-01	0.997562	0
GSR	4	9.9431e-01	9.8577e-01	0.997562	0
PVRL4	4	9.9437e-01	9.8592e-01	0.997562	0
MXD4	4	9.9439e-01	9.8592e-01	0.997562	0
PRAMEF12	4	9.9443e-01	9.8592e-01	0.997562	0
SPX	4	9.9451e-01	9.8610e-01	0.997579	0
SP140	4	9.9451e-01	9.8610e-01	0.997579	0
STAU1	4	9.9452e-01	9.8610e-01	0.997579	0
BRD1	4	9.9454e-01	9.8625e-01	0.997679	0
SERPINI1	4	9.9457e-01	9.8640e-01	0.997727	0
RDX	4	9.9459e-01	9.8640e-01	0.997727	0
ELOVL4	4	9.9465e-01	9.8701e-01	0.998138	0
GOLGA7	4	9.9468e-01	9.8701e-01	0.998138	0
TEX15	4	9.9468e-01	9.8701e-01	0.998138	0
SASH1	4	9.9472e-01	9.8701e-01	0.998138	0
PRR7	4	9.9475e-01	9.8718e-01	0.998202	0
C17orf49	4	9.9477e-01	9.8718e-01	0.998202	0
AXIN1	4	9.9479e-01	9.8749e-01	0.998300	0
QRFPR	4	9.9481e-01	9.8749e-01	0.998300	0
CD63	4	9.9486e-01	9.8749e-01	0.998300	0
ADI1	4	9.9492e-01	9.8763e-01	0.998387	0
LXN	4	9.9496e-01	9.8790e-01	0.998614	0
FOXN1	4	9.9498e-01	9.8806e-01	0.998715	0
CAMKMT	4	9.9499e-01	9.8820e-01	0.998807	0
CRYGD	4	9.9508e-01	9.8862e-01	0.999185	0
LGR5	4	9.9527e-01	9.8904e-01	0.999234	0
WDR20	4	9.9529e-01	9.8904e-01	0.999234	0
C4orf19	4	9.9535e-01	9.8904e-01	0.999234	0
HTT	4	9.9536e-01	9.8904e-01	0.999234	0
TMEM128	4	9.9538e-01	9.8904e-01	0.999234	0
AKAP8L	4	9.9539e-01	9.8904e-01	0.999234	0
CTRL	4	9.9543e-01	9.8904e-01	0.999234	0
CCDC136	4	9.9546e-01	9.8917e-01	0.999247	0
OR56B1	4	9.9550e-01	9.8931e-01	0.999247	0
VPS41	4	9.9553e-01	9.8931e-01	0.999247	0
RGS13	4	9.9558e-01	9.8931e-01	0.999247	0
CAMK2G	4	9.9559e-01	9.8931e-01	0.999247	0
JPH2	4	9.9563e-01	9.8970e-01	0.999588	0
ZNF705A	4	9.9572e-01	9.8983e-01	0.999615	0
BNC2	4	9.9572e-01	9.8983e-01	0.999615	0
PPID	4	9.9579e-01	9.9012e-01	0.999848	0
ACSL1	4	9.9582e-01	9.9024e-01	0.999855	0
NLGN1	4	9.9584e-01	9.9037e-01	0.999855	0
FAM49B	3	9.9586e-01	9.9669e-01	1.000000	0
CBLB	4	9.9587e-01	9.9037e-01	0.999855	0
CCDC149	4	9.9590e-01	9.9051e-01	0.999855	0
ELMOD2	4	9.9606e-01	9.9064e-01	0.999855	0
PPARD	4	9.9611e-01	9.9075e-01	0.999855	0
ARNT	4	9.9616e-01	9.9075e-01	0.999855	0
CRISP2	4	9.9617e-01	9.9075e-01	0.999855	0
EIF2D	4	9.9618e-01	9.9075e-01	0.999855	0
LARP4	4	9.9622e-01	9.9075e-01	0.999855	0
ATP5I	4	9.9623e-01	9.9075e-01	0.999855	0
GEM	4	9.9624e-01	9.9075e-01	0.999855	0
HMGB1	4	9.9629e-01	9.9101e-01	1.000000	0
SLC24A4	4	9.9639e-01	9.9147e-01	1.000000	0
IGF2BP3	4	9.9642e-01	9.9169e-01	1.000000	0
PPP1R1A	4	9.9646e-01	9.9191e-01	1.000000	0
CDX1	4	9.9651e-01	9.9213e-01	1.000000	0
BTBD17	4	9.9652e-01	9.9213e-01	1.000000	0
CTNS	4	9.9652e-01	9.9213e-01	1.000000	0
ADAMTS15	4	9.9655e-01	9.9224e-01	1.000000	0
C14orf28	4	9.9662e-01	9.9254e-01	1.000000	0
GPR37	4	9.9662e-01	9.9254e-01	1.000000	0
SLC17A5	4	9.9668e-01	9.9285e-01	1.000000	0
TREX1	4	9.9671e-01	9.9294e-01	1.000000	0
P2RY2	4	9.9675e-01	9.9332e-01	1.000000	0
LRRCC1	4	9.9676e-01	9.9332e-01	1.000000	0
ADCY8	4	9.9685e-01	9.9403e-01	1.000000	0
MAGEA3	4	9.9688e-01	9.9419e-01	1.000000	0
DHRS4L2	4	9.9694e-01	9.9428e-01	1.000000	0
AMZ1	4	9.9698e-01	9.9436e-01	1.000000	0
TRIM7	4	9.9699e-01	9.9443e-01	1.000000	0
NCCRP1	4	9.9707e-01	9.9460e-01	1.000000	0
EVX1	4	9.9707e-01	9.9460e-01	1.000000	0
GPR142	4	9.9707e-01	9.9467e-01	1.000000	0
KDM6A	4	9.9710e-01	9.9475e-01	1.000000	0
DPP8	4	9.9715e-01	9.9483e-01	1.000000	0
SCAF4	4	9.9716e-01	9.9490e-01	1.000000	0
VRTN	4	9.9716e-01	9.9490e-01	1.000000	0
PSG2	4	9.9718e-01	9.9499e-01	1.000000	0
ANO9	4	9.9719e-01	9.9499e-01	1.000000	0
HDAC2	4	9.9721e-01	9.9506e-01	1.000000	0
ZNF883	4	9.9723e-01	9.9506e-01	1.000000	0
STARD3	4	9.9730e-01	9.9514e-01	1.000000	0
OR5D13	4	9.9732e-01	9.9536e-01	1.000000	0
SMIM19	4	9.9734e-01	9.9536e-01	1.000000	0
AGK	4	9.9735e-01	9.9536e-01	1.000000	0
CKLF-CMTM1	4	9.9736e-01	9.9536e-01	1.000000	0
SLC36A3	4	9.9741e-01	9.9543e-01	1.000000	0
SIPA1L1	4	9.9741e-01	9.9543e-01	1.000000	0
RBM15B	4	9.9752e-01	9.9565e-01	1.000000	0
RNF146	4	9.9756e-01	9.9572e-01	1.000000	0
TMEM126A	4	9.9761e-01	9.9597e-01	1.000000	0
APOD	4	9.9764e-01	9.9610e-01	1.000000	0
GLB1	4	9.9765e-01	9.9610e-01	1.000000	0
ITGA4	4	9.9766e-01	9.9610e-01	1.000000	0
KIF3A	4	9.9770e-01	9.9610e-01	1.000000	0
RBM18	4	9.9770e-01	9.9610e-01	1.000000	0
TRIP12	4	9.9771e-01	9.9618e-01	1.000000	0
TXLNA	4	9.9775e-01	9.9630e-01	1.000000	0
RALGAPB	4	9.9782e-01	9.9643e-01	1.000000	0
CD82	4	9.9795e-01	9.9700e-01	1.000000	0
SLC35D1	4	9.9803e-01	9.9705e-01	1.000000	0
MFGE8	4	9.9808e-01	9.9721e-01	1.000000	0
FBXO11	4	9.9808e-01	9.9721e-01	1.000000	0
TMCO2	4	9.9808e-01	9.9721e-01	1.000000	0
PIH1D3	4	9.9809e-01	9.9721e-01	1.000000	0
ASPN	4	9.9810e-01	9.9721e-01	1.000000	0
IL17RA	4	9.9817e-01	9.9730e-01	1.000000	0
ZNRF3	4	9.9820e-01	9.9736e-01	1.000000	0
UGGT1	4	9.9824e-01	9.9744e-01	1.000000	0
HNRNPH3	4	9.9830e-01	9.9753e-01	1.000000	0
SSX4	4	9.9846e-01	9.9794e-01	1.000000	0
LATS2	4	9.9846e-01	9.9794e-01	1.000000	0
MYL2	4	9.9847e-01	9.9794e-01	1.000000	0
TAF5L	4	9.9859e-01	9.9813e-01	1.000000	0
AGXT	4	9.9861e-01	9.9816e-01	1.000000	0
ZNF292	4	9.9861e-01	9.9816e-01	1.000000	0
LARP7	4	9.9866e-01	9.9821e-01	1.000000	0
HIF1A	4	9.9874e-01	9.9839e-01	1.000000	0
RALGAPA1	4	9.9875e-01	9.9839e-01	1.000000	0
PROSC	4	9.9875e-01	9.9839e-01	1.000000	0
OR2A12	4	9.9875e-01	9.9839e-01	1.000000	0
TYK2	4	9.9878e-01	9.9842e-01	1.000000	0
SNAPIN	4	9.9880e-01	9.9854e-01	1.000000	0
COL10A1	4	9.9882e-01	9.9869e-01	1.000000	0
CRLF2	4	9.9883e-01	9.9869e-01	1.000000	0
ACSBG1	4	9.9884e-01	9.9869e-01	1.000000	0
THRA	4	9.9885e-01	9.9872e-01	1.000000	0
MARCHF1	8	9.9885e-01	9.7158e-01	0.987182	0
ATPIF1	4	9.9887e-01	9.9880e-01	1.000000	0
RIN1	4	9.9890e-01	9.9883e-01	1.000000	0
OR1L6	4	9.9893e-01	9.9885e-01	1.000000	0
NTM	4	9.9893e-01	9.9885e-01	1.000000	0
ADAM22	4	9.9897e-01	9.9896e-01	1.000000	0
TADA1	4	9.9899e-01	9.9902e-01	1.000000	0
SLC25A40	4	9.9901e-01	9.9902e-01	1.000000	0
NPTXR	4	9.9902e-01	9.9902e-01	1.000000	0
ARHGAP6	4	9.9903e-01	9.9904e-01	1.000000	0
ZASP	4	9.9905e-01	9.9907e-01	1.000000	0
SOX30	4	9.9906e-01	9.9918e-01	1.000000	0
MEOX1	4	9.9908e-01	9.9919e-01	1.000000	0
KLHL18	4	9.9911e-01	9.9924e-01	1.000000	0
NEK8	4	9.9911e-01	9.9924e-01	1.000000	0
CDY1B	4	9.9912e-01	9.9925e-01	1.000000	0
TBC1D7	4	9.9914e-01	9.9927e-01	1.000000	0
NAPEPLD	4	9.9915e-01	9.9929e-01	1.000000	0
ABCC4	4	9.9922e-01	9.9938e-01	1.000000	0
MTFR2	4	9.9922e-01	9.9938e-01	1.000000	0
ONECUT1	4	9.9923e-01	9.9938e-01	1.000000	0
ABCB1	4	9.9925e-01	9.9938e-01	1.000000	0
G6PC3	4	9.9927e-01	9.9944e-01	1.000000	0
HNRNPCL1	4	9.9932e-01	9.9947e-01	1.000000	0
EZH2	4	9.9932e-01	9.9947e-01	1.000000	0
CDKN2A	4	9.9935e-01	9.9951e-01	1.000000	0
ACSL5	4	9.9938e-01	9.9951e-01	1.000000	0
DAZ3	4	9.9938e-01	9.9951e-01	1.000000	0
GTPBP1	4	9.9941e-01	9.9959e-01	1.000000	0
APOH	4	9.9942e-01	9.9959e-01	1.000000	0
EVI2B	4	9.9946e-01	9.9964e-01	1.000000	0
CBX7	4	9.9946e-01	9.9964e-01	1.000000	0
PID1	4	9.9947e-01	9.9965e-01	1.000000	0
MYLIP	4	9.9947e-01	9.9965e-01	1.000000	0
GFOD2	4	9.9948e-01	9.9967e-01	1.000000	0
SUN2	4	9.9953e-01	9.9970e-01	1.000000	0
PIK3R6	4	9.9954e-01	9.9971e-01	1.000000	0
GALNT18	4	9.9955e-01	9.9972e-01	1.000000	0
CARD16	4	9.9960e-01	9.9976e-01	1.000000	0
SLC12A9	4	9.9962e-01	9.9978e-01	1.000000	0
PICALM	4	9.9964e-01	9.9982e-01	1.000000	0
KMT2D	4	9.9966e-01	9.9983e-01	1.000000	0
MOSPD3	4	9.9966e-01	9.9984e-01	1.000000	0
CTSA	4	9.9967e-01	9.9985e-01	1.000000	0
RQCD1	4	9.9968e-01	9.9985e-01	1.000000	0
ANKMY2	4	9.9968e-01	9.9985e-01	1.000000	0
UBE2F	4	9.9969e-01	9.9986e-01	1.000000	0
TTC14	4	9.9970e-01	9.9986e-01	1.000000	0
BBX	4	9.9971e-01	9.9987e-01	1.000000	0
ASAP2	4	9.9975e-01	9.9990e-01	1.000000	0
ADRM1	4	9.9975e-01	9.9990e-01	1.000000	0
VWC2L	4	9.9975e-01	9.9990e-01	1.000000	0
TNFAIP1	4	9.9978e-01	9.9992e-01	1.000000	0
NCOA6	4	9.9980e-01	9.9994e-01	1.000000	0
SENP5	4	9.9983e-01	9.9995e-01	1.000000	0
C16orf72	4	9.9984e-01	9.9996e-01	1.000000	0
PTPN12	4	9.9985e-01	9.9996e-01	1.000000	0
RBM5	4	9.9986e-01	9.9997e-01	1.000000	0
KIRREL	4	9.9988e-01	9.9997e-01	1.000000	0
ITGB1	4	9.9988e-01	9.9997e-01	1.000000	0
RBM10	4	9.9989e-01	9.9998e-01	1.000000	0
NPC1	4	9.9989e-01	9.9998e-01	1.000000	0
AHR	4	9.9990e-01	9.9998e-01	1.000000	0
PRKACA	4	9.9991e-01	9.9998e-01	1.000000	0
ADCK1	4	9.9993e-01	9.9999e-01	1.000000	0
VPS39	4	9.9993e-01	9.9999e-01	1.000000	0
PTGER2	4	9.9994e-01	9.9999e-01	1.000000	0
KCNIP1	4	9.9995e-01	9.9999e-01	1.000000	0
OTUD5	4	9.9995e-01	9.9999e-01	1.000000	0
ARIH2	4	9.9995e-01	9.9999e-01	1.000000	0
KCTD9	4	9.9995e-01	9.9999e-01	1.000000	0
BCR	4	9.9996e-01	9.9999e-01	1.000000	0
DIS3L2	4	9.9997e-01	1.0000e+00	1.000000	0
SLC9A6	4	9.9997e-01	1.0000e+00	1.000000	0
FOXC2	4	9.9998e-01	1.0000e+00	1.000000	0
SUZ12	4	9.9998e-01	1.0000e+00	1.000000	0
TXNRD1	3	9.9999e-01	1.0000e+00	1.000000	0
TMEM208	4	9.9999e-01	1.0000e+00	1.000000	0
FLCN	4	1.0000e+00	1.0000e+00	1.000000	0
CUL5	4	1.0000e+00	1.0000e+00	1.000000	0
UTF1	4	1.0000e+00	1.0000e+00	1.000000	0
ANKS3	4	1.0000e+00	1.0000e+00	1.000000	0
TSC1	4	1.0000e+00	1.0000e+00	1.000000	0
NF2	4	1.0000e+00	1.0000e+00	1.000000	0
PTPN14	4	1.0000e+00	1.0000e+00	1.000000	0
KCTD5	4	1.0000e+00	1.0000e+00	1.000000	0
PPM1F	4	1.0000e+00	1.0000e+00	1.000000	0
CCNC	4	1.0000e+00	1.0000e+00	1.000000	0
FRYL	4	1.0000e+00	1.0000e+00	1.000000	0
AMOTL2	4	1.0000e+00	1.0000e+00	1.000000	0
TAOK1	4	1.0000e+00	1.0000e+00	1.000000	0
CAND1	4	1.0000e+00	1.0000e+00	1.000000	0
TSC2	4	1.0000e+00	1.0000e+00	1.000000	0
PTEN	4	1.0000e+00	1.0000e+00	1.000000	0
STK24	4	1.0000e+00	1.0000e+00	1.000000	0
MAP4K4	4	1.0000e+00	1.0000e+00	1.000000	0
KEAP1	4	1.0000e+00	1.0000e+00	1.000000	0
