group_id	items_in_group	lo_value	p	FDR	goodsgrna
KEAP1	4	2.9501e-10	2.5901e-07	0.000550	4
TSC1	4	9.2522e-08	2.5901e-07	0.000550	3
CAND1	4	1.6697e-07	2.5901e-07	0.000550	3
TSC2	4	3.2846e-07	2.5901e-07	0.000550	3
GNAS	4	1.1788e-05	2.5901e-07	0.000550	2
PTPN14	4	1.7047e-05	2.5901e-07	0.000550	2
ARTN	4	2.5862e-05	2.5901e-07	0.000550	1
FLCN	4	3.1868e-05	2.5901e-07	0.000550	2
UBE2M	4	4.0192e-05	2.5901e-07	0.000550	2
DOCK10	4	7.7583e-05	6.4753e-06	0.004432	1
CCNC	4	8.5402e-05	2.4606e-05	0.004432	2
MS4A6A	4	9.5590e-05	2.5124e-05	0.004432	2
AMOTL2	4	1.0185e-04	2.5124e-05	0.004432	2
RWDD4	4	1.1564e-04	5.2579e-05	0.004432	2
NF2	4	1.1631e-04	5.2579e-05	0.004432	2
SNX8	4	1.2886e-04	5.2579e-05	0.004432	2
SOGA1	4	1.2930e-04	5.2579e-05	0.004432	1
PDYN	4	1.8102e-04	5.2579e-05	0.004432	1
HOXC10	4	2.3274e-04	5.2579e-05	0.004432	1
FAT4	4	3.3616e-04	5.2579e-05	0.004432	1
MYL7	4	3.8787e-04	5.2579e-05	0.004432	1
LAMA1	4	4.3958e-04	5.2579e-05	0.004432	1
GABRA3	4	4.9128e-04	5.2579e-05	0.004432	1
CDHR2	4	5.4299e-04	5.2579e-05	0.004432	1
MARCHF1	8	5.6882e-04	2.4787e-04	0.020598	1
KIR3DL2	4	5.9469e-04	5.2579e-05	0.004432	1
AP1S1	4	6.4639e-04	5.2579e-05	0.004432	1
SYT8	4	6.9809e-04	5.2579e-05	0.004432	1
IL3RA	4	7.4978e-04	5.2579e-05	0.004432	1
DBF4B	4	8.0148e-04	5.2579e-05	0.004432	1
TMEM208	4	8.5317e-04	5.2579e-05	0.004432	1
SARDH	4	9.0486e-04	5.2579e-05	0.004432	1
SMIM11	4	9.5654e-04	5.2579e-05	0.004432	1
PPP1R26	4	1.0082e-03	5.2579e-05	0.004432	1
BAMBI	4	1.0599e-03	5.2579e-05	0.004432	1
SEMA6A	4	1.1116e-03	5.2579e-05	0.004432	1
KIAA2026	4	1.1633e-03	5.2579e-05	0.004432	1
NBEAL2	4	1.2150e-03	5.2579e-05	0.004432	1
SEMA6D	4	1.2666e-03	5.2579e-05	0.004432	1
CCDC65	4	1.3183e-03	5.2579e-05	0.004432	1
NCDN	4	1.3700e-03	5.2579e-05	0.004432	1
OR10G3	4	1.4216e-03	5.2579e-05	0.004432	1
PLEKHA7	4	1.4733e-03	5.2579e-05	0.004432	1
TPST1	4	1.5250e-03	5.2579e-05	0.004432	1
C2orf70	4	1.5766e-03	5.2579e-05	0.004432	1
ZNF490	4	1.6283e-03	5.2579e-05	0.004432	1
ZNF470	4	1.6800e-03	5.2579e-05	0.004432	1
AGMAT	4	1.7316e-03	5.2579e-05	0.004432	1
ANKRD28	4	1.7833e-03	5.2579e-05	0.004432	1
HES7	4	1.8349e-03	5.2579e-05	0.004432	1
IL17RA	4	1.9382e-03	5.2579e-05	0.004432	1
SLC39A1	4	1.9899e-03	5.2579e-05	0.004432	1
ERN1	3	1.9965e-03	2.6678e-05	0.004432	1
RAB34	4	2.0932e-03	5.2579e-05	0.004432	1
CLCN2	4	2.1448e-03	5.2579e-05	0.004432	1
CTSC	4	2.1964e-03	5.2579e-05	0.004432	1
AFF2	4	2.2997e-03	5.2579e-05	0.004432	1
SDC4	4	2.3514e-03	5.2579e-05	0.004432	1
SLC6A3	4	2.4030e-03	5.2579e-05	0.004432	1
PARP12	4	2.4546e-03	5.2579e-05	0.004432	1
FAM227A	4	2.5579e-03	5.2579e-05	0.004432	1
RAP2A	4	2.6095e-03	5.2579e-05	0.004432	1
TMEM184B	4	2.7127e-03	5.2579e-05	0.004432	1
EDA	4	2.7643e-03	5.2579e-05	0.004432	1
C16orf92	4	2.8160e-03	5.2579e-05	0.004432	1
OR2A25	4	2.8676e-03	5.2579e-05	0.004432	1
DCUN1D4	4	2.9192e-03	5.2579e-05	0.004432	1
FRMD3	4	2.9708e-03	5.2579e-05	0.004432	1
TMEM19	4	3.0740e-03	5.2579e-05	0.004432	1
HSPA13	4	3.1256e-03	5.2579e-05	0.004432	1
NEFM	4	3.1772e-03	5.2579e-05	0.004432	1
PRLHR	4	3.2288e-03	5.2579e-05	0.004432	1
IDH3G	4	3.2804e-03	5.2579e-05	0.004432	1
CUL5	4	3.3320e-03	5.2579e-05	0.004432	1
GPRIN1	4	3.3836e-03	5.2579e-05	0.004432	1
RGCC	4	3.4352e-03	5.2579e-05	0.004432	1
KCNN1	4	3.4868e-03	5.2579e-05	0.004432	1
TNFSF10	4	3.6415e-03	5.2579e-05	0.004432	1
ANKRD1	4	3.6931e-03	5.2579e-05	0.004432	1
TOPAZ1	4	3.7447e-03	5.2579e-05	0.004432	1
STK24	4	3.8479e-03	5.2579e-05	0.004432	1
PTS	4	3.8994e-03	5.2579e-05	0.004432	1
CASP7	4	3.9510e-03	5.2579e-05	0.004432	1
USB1	4	4.0541e-03	5.2579e-05	0.004432	1
DOCK8	4	4.1057e-03	5.2579e-05	0.004432	1
SLC18A3	4	4.1573e-03	5.2579e-05	0.004432	1
TM7SF3	4	4.2088e-03	5.2579e-05	0.004432	1
TTYH3	4	4.2604e-03	5.2579e-05	0.004432	1
DHRS9	4	4.3119e-03	5.2579e-05	0.004432	1
PPCDC	4	4.3635e-03	5.2579e-05	0.004432	1
TMCO2	4	4.4150e-03	5.2579e-05	0.004432	1
CPA6	4	4.4666e-03	5.2579e-05	0.004432	1
USP17L26	4	4.5181e-03	5.2579e-05	0.004432	1
GPR18	4	4.5697e-03	5.2579e-05	0.004432	1
SOWAHC	4	4.6212e-03	5.2579e-05	0.004432	1
GRIN2D	4	4.7243e-03	5.2579e-05	0.004432	1
ISLR	4	4.7759e-03	5.2579e-05	0.004432	1
LPIN2	4	4.8274e-03	5.2579e-05	0.004432	1
OGFR	4	4.9305e-03	5.2579e-05	0.004432	1
TMEM255B	4	4.9820e-03	5.2579e-05	0.004432	1
FSTL4	4	5.0335e-03	5.2579e-05	0.004432	1
TMED5	4	5.0851e-03	5.2579e-05	0.004432	1
PYGB	4	5.1366e-03	5.2579e-05	0.004432	1
NDUFB4	4	5.1881e-03	5.2579e-05	0.004432	1
TNF	4	5.2911e-03	5.2579e-05	0.004432	1
MMP21	4	5.3427e-03	5.2579e-05	0.004432	1
SH3GL3	4	5.3942e-03	5.2579e-05	0.004432	1
CRIPT	4	5.4457e-03	5.2579e-05	0.004432	1
PDP2	4	5.4972e-03	5.2579e-05	0.004432	1
CELA2B	4	5.5487e-03	5.2579e-05	0.004432	1
KRTAP1-4	4	5.6517e-03	5.2579e-05	0.004432	1
DMRTC1	4	5.7547e-03	5.2579e-05	0.004432	1
C20orf196	4	5.8062e-03	5.2579e-05	0.004432	1
RGAG1	4	5.8577e-03	5.2579e-05	0.004432	1
DNAJC19	4	5.9092e-03	5.2579e-05	0.004432	1
TRMT2B	4	5.9607e-03	5.2579e-05	0.004432	1
RDH11	4	6.0122e-03	5.2579e-05	0.004432	1
SPRY3	4	6.0637e-03	5.2579e-05	0.004432	1
EPB42	4	6.1152e-03	5.2579e-05	0.004432	1
ATXN1	4	6.1667e-03	5.2579e-05	0.004432	1
PIGN	4	6.2182e-03	5.2579e-05	0.004432	1
GPR180	4	6.2696e-03	5.3097e-05	0.004432	1
PKD2	4	6.3211e-03	5.3097e-05	0.004432	1
RNF125	4	6.3726e-03	5.3097e-05	0.004432	1
KNSTRN	4	6.4241e-03	5.3097e-05	0.004432	1
ADCK3	4	6.4755e-03	5.3097e-05	0.004432	1
SMIM6	4	6.5270e-03	5.3097e-05	0.004432	1
ANKS3	4	6.5785e-03	5.3097e-05	0.004432	1
TEKT3	4	6.6299e-03	5.3097e-05	0.004432	1
PDXK	4	6.6814e-03	5.3097e-05	0.004432	1
FOXD3	4	6.7843e-03	5.3097e-05	0.004432	1
NR2F6	4	6.8358e-03	5.3097e-05	0.004432	1
MYBL2	4	6.8873e-03	5.3097e-05	0.004432	1
CRYBA1	4	6.9387e-03	5.3097e-05	0.004432	1
IFT74	4	6.9902e-03	5.3097e-05	0.004432	1
B4GALT6	4	7.0416e-03	5.3097e-05	0.004432	1
LARP7	4	7.0931e-03	5.3097e-05	0.004432	1
CALN1	4	7.1445e-03	5.3097e-05	0.004432	1
MATN3	4	7.1960e-03	5.3097e-05	0.004432	1
TXNRD1	3	7.2174e-03	2.7196e-05	0.004432	1
TAOK1	4	7.2474e-03	5.3097e-05	0.004432	1
C8orf86	4	7.2988e-03	5.3097e-05	0.004432	1
CYP4A22	4	7.3503e-03	5.3097e-05	0.004432	1
ARHGAP19	4	7.4017e-03	5.3097e-05	0.004432	1
XYLB	4	7.5046e-03	5.3097e-05	0.004432	1
PTEN	4	7.5560e-03	5.3097e-05	0.004432	1
UBQLN2	4	7.6074e-03	5.3097e-05	0.004432	1
PTDSS2	4	7.6589e-03	5.3097e-05	0.004432	1
MAF1	4	7.7103e-03	5.3097e-05	0.004432	1
TIGD6	4	7.7617e-03	5.3097e-05	0.004432	1
OR1L6	4	7.8131e-03	5.3097e-05	0.004432	1
ATP10D	4	7.8646e-03	5.3097e-05	0.004432	1
LPAR2	4	7.9160e-03	5.3097e-05	0.004432	1
LOC101927572	4	7.9674e-03	5.3097e-05	0.004432	1
GBA2	4	8.0188e-03	5.3097e-05	0.004432	1
DOPEY2	4	8.0702e-03	5.3097e-05	0.004432	1
CUZD1	4	8.1216e-03	5.3097e-05	0.004432	1
NKPD1	4	8.1730e-03	5.3097e-05	0.004432	1
KDM7A	4	8.2244e-03	5.3097e-05	0.004432	1
NHLH2	4	8.2758e-03	5.3097e-05	0.004432	1
MFSD11	4	8.3272e-03	5.3097e-05	0.004432	1
ABL1	4	8.4300e-03	5.3097e-05	0.004432	1
RNF7	4	8.4814e-03	5.3097e-05	0.004432	1
C16orf72	4	8.5328e-03	5.3097e-05	0.004432	1
WDR78	4	8.5842e-03	5.3097e-05	0.004432	1
GCSH	4	8.6356e-03	5.3097e-05	0.004432	1
BCR	4	8.6870e-03	5.3097e-05	0.004432	1
TCF25	4	8.7384e-03	5.3097e-05	0.004432	1
MBD3L3	4	8.7898e-03	5.3097e-05	0.004432	1
STARD3	4	8.8411e-03	5.3097e-05	0.004432	1
ZNF519	4	8.9439e-03	5.3097e-05	0.004432	1
DUSP19	4	9.0210e-03	5.3097e-05	0.004432	1
ZNF615	4	9.0210e-03	5.3097e-05	0.004432	1
INS-IGF2	4	9.0980e-03	5.3097e-05	0.004432	1
ODC1	4	9.1494e-03	5.3097e-05	0.004432	1
APOBEC3B	4	9.2521e-03	5.3097e-05	0.004432	1
F10	4	9.3035e-03	5.3097e-05	0.004432	1
SLC2A11	4	9.3549e-03	5.3097e-05	0.004432	1
BUB1	4	9.4062e-03	5.3097e-05	0.004432	1
APPL2	4	9.4576e-03	5.3097e-05	0.004432	1
RRAGD	4	9.5089e-03	5.3097e-05	0.004432	1
KCTD5	4	9.5603e-03	5.3097e-05	0.004432	1
CAPN2	4	9.6630e-03	5.3097e-05	0.004432	1
METTL8	4	9.7143e-03	5.3097e-05	0.004432	1
FAM134A	4	9.7657e-03	5.3097e-05	0.004432	1
PIWIL3	4	9.8170e-03	5.3097e-05	0.004432	1
GABBR1	4	9.8684e-03	5.3097e-05	0.004432	1
ODF3B	4	9.9197e-03	5.3097e-05	0.004432	1
PNKD	4	9.9710e-03	5.3097e-05	0.004432	1
SLCO2A1	4	1.0022e-02	5.3097e-05	0.004432	1
PCDHGA4	4	1.0074e-02	5.3097e-05	0.004432	1
ALDH5A1	4	1.0125e-02	5.3097e-05	0.004432	1
CDR2L	4	1.0176e-02	5.3097e-05	0.004432	1
KANSL2	4	1.0228e-02	5.3097e-05	0.004432	1
SMCO2	4	1.0279e-02	5.3097e-05	0.004432	1
GULP1	4	1.0382e-02	5.3097e-05	0.004432	1
RNF148	4	1.0433e-02	5.3097e-05	0.004432	1
SUPT4H1	4	1.0484e-02	5.3097e-05	0.004432	1
AQP9	4	1.0536e-02	5.3097e-05	0.004432	1
REEP1	4	1.0587e-02	5.3097e-05	0.004432	1
MOGAT1	4	1.0638e-02	5.3097e-05	0.004432	1
CEMIP	4	1.0690e-02	5.3097e-05	0.004432	1
GYLTL1B	4	1.0741e-02	5.3097e-05	0.004432	1
CTNNB1	4	1.0792e-02	5.3097e-05	0.004432	1
SRGAP2	4	1.0843e-02	5.3097e-05	0.004432	1
MKLN1	4	1.0946e-02	5.3097e-05	0.004432	1
TEX12	4	1.0997e-02	5.3097e-05	0.004432	1
MAGEA8	4	1.1049e-02	5.3097e-05	0.004432	1
BCL11B	4	1.1100e-02	5.3097e-05	0.004432	1
OR13C4	4	1.1151e-02	5.3097e-05	0.004432	1
HHLA2	4	1.1203e-02	5.3097e-05	0.004432	1
LELP1	4	1.1254e-02	5.3097e-05	0.004432	1
KMT2D	4	1.1305e-02	5.3097e-05	0.004432	1
DCX	4	1.1408e-02	5.3097e-05	0.004432	1
SYN3	4	1.1459e-02	5.3097e-05	0.004432	1
LSMEM1	4	1.1510e-02	5.3097e-05	0.004432	1
DAZ4	4	1.1562e-02	5.3097e-05	0.004432	1
CUL9	4	1.1613e-02	5.3097e-05	0.004432	1
RIN1	4	1.1715e-02	5.3097e-05	0.004432	1
CCDC142	4	1.1767e-02	5.3097e-05	0.004432	1
ITIH4	4	1.1818e-02	5.3097e-05	0.004432	1
B4GALNT1	4	1.1869e-02	5.3097e-05	0.004432	1
NLRP3	4	1.1920e-02	5.3097e-05	0.004432	1
MFSD1	4	1.1972e-02	5.3097e-05	0.004432	1
HDC	4	1.2023e-02	5.3097e-05	0.004432	1
ADAM22	4	1.2074e-02	5.3097e-05	0.004432	1
OR52I2	4	1.2125e-02	5.3097e-05	0.004432	1
MAP3K12	3	1.2151e-02	6.0585e-03	0.354762	1
VPS13B	4	1.2177e-02	5.3097e-05	0.004432	1
APOBEC4	4	1.2228e-02	5.3097e-05	0.004432	1
MAGEA6	4	1.2279e-02	5.3097e-05	0.004432	1
NTSR1	4	1.2382e-02	4.0020e-03	0.284387	1
SVIP	4	1.2433e-02	4.0020e-03	0.284387	1
PAX8	4	1.2484e-02	4.0020e-03	0.284387	1
TXNL1	4	1.2535e-02	4.0020e-03	0.284387	1
HIST1H2BM	4	1.2587e-02	4.0020e-03	0.284387	1
FMN1	4	1.2638e-02	4.0020e-03	0.284387	1
SLC35D3	4	1.2689e-02	4.0020e-03	0.284387	1
LIG3	4	1.2740e-02	4.0020e-03	0.284387	1
CPSF2	4	1.2792e-02	4.0020e-03	0.284387	1
C12orf71	4	1.2843e-02	4.0020e-03	0.284387	1
SLC35E4	4	1.2894e-02	4.0020e-03	0.284387	1
KLHL21	4	1.2945e-02	4.0020e-03	0.284387	1
NOX4	4	1.2996e-02	4.0020e-03	0.284387	1
UTF1	4	1.3048e-02	4.0020e-03	0.284387	1
DLC1	4	1.3099e-02	4.0020e-03	0.284387	1
SIGLEC5	4	1.3150e-02	4.0020e-03	0.284387	1
PTPN12	4	1.3201e-02	4.0020e-03	0.284387	1
FBXO28	4	1.3252e-02	4.0020e-03	0.284387	1
CCDC27	4	1.3304e-02	4.0020e-03	0.284387	1
PCDHGA7	4	1.3355e-02	4.0020e-03	0.284387	1
ARRB2	4	1.3406e-02	4.0025e-03	0.284387	1
BRD8	4	1.3457e-02	4.0025e-03	0.284387	1
VPS41	4	1.3508e-02	4.0025e-03	0.284387	1
OS9	4	1.3560e-02	4.0025e-03	0.284387	1
TYMS	4	1.3611e-02	4.0025e-03	0.284387	1
ERICH1	3	1.3651e-02	9.0854e-03	0.354762	1
COL27A1	4	1.3662e-02	4.0025e-03	0.284387	1
TMEM177	4	1.3713e-02	4.0025e-03	0.284387	1
RNF122	4	1.3764e-02	4.0025e-03	0.284387	1
HAND2	4	1.3867e-02	4.0025e-03	0.284387	1
SAMD8	4	1.3918e-02	4.0025e-03	0.284387	1
ADAMTSL3	4	1.3969e-02	4.0025e-03	0.284387	1
AGAP1	4	1.4020e-02	4.0025e-03	0.284387	1
DNMT3B	4	1.4072e-02	4.0025e-03	0.284387	1
C1orf111	4	1.4123e-02	4.0025e-03	0.284387	1
SCRN3	4	1.4174e-02	4.0025e-03	0.284387	1
DCP2	4	1.4225e-02	4.0025e-03	0.284387	1
C9orf84	4	1.4276e-02	4.0025e-03	0.284387	1
GALNS	4	1.4327e-02	4.0025e-03	0.284387	1
SLC25A40	4	1.4379e-02	4.0025e-03	0.284387	1
DAPK1	4	1.4481e-02	7.9037e-03	0.354762	1
RBL1	4	1.4532e-02	7.9037e-03	0.354762	1
HOXB1	4	1.4583e-02	7.9037e-03	0.354762	1
TET2	4	1.4634e-02	7.9037e-03	0.354762	1
CCDC88C	4	1.4686e-02	7.9037e-03	0.354762	1
KIF16B	4	1.4737e-02	7.9037e-03	0.354762	1
TMEFF1	4	1.4788e-02	7.9037e-03	0.354762	1
MPP4	4	1.4839e-02	7.9037e-03	0.354762	1
FNIP1	4	1.4890e-02	7.9037e-03	0.354762	1
PABPC1L2A	4	1.4941e-02	7.9037e-03	0.354762	1
ITGBL1	4	1.4992e-02	7.9037e-03	0.354762	1
C10orf90	4	1.5095e-02	7.9037e-03	0.354762	1
SCAPER	4	1.5146e-02	7.9037e-03	0.354762	1
SLC13A2	4	1.5197e-02	7.9037e-03	0.354762	1
TEX35	4	1.5248e-02	7.9037e-03	0.354762	1
FSTL1	4	1.5299e-02	7.9037e-03	0.354762	1
SPR	4	1.5350e-02	7.9037e-03	0.354762	1
TPST2	4	1.5401e-02	7.9037e-03	0.354762	1
PCBP3	3	1.5418e-02	9.0854e-03	0.354762	0
MBD2	4	1.5453e-02	7.9037e-03	0.354762	1
MYO1B	4	1.5504e-02	7.9037e-03	0.354762	1
PRICKLE2	4	1.5555e-02	7.9037e-03	0.354762	1
C21orf62	4	1.5606e-02	7.9037e-03	0.354762	1
PTGER3	4	1.5657e-02	7.9037e-03	0.354762	1
ICT1	4	1.5708e-02	7.9037e-03	0.354762	1
KLK4	4	1.5759e-02	7.9037e-03	0.354762	1
KRT77	4	1.5810e-02	7.9037e-03	0.354762	1
PPM1F	4	1.5862e-02	7.9043e-03	0.354762	1
ACTL9	4	1.5964e-02	7.9043e-03	0.354762	1
PLA2G4F	4	1.6015e-02	7.9043e-03	0.354762	1
SLC12A1	4	1.6066e-02	7.9043e-03	0.354762	1
PANK3	4	1.6117e-02	7.9043e-03	0.354762	1
ITPR1	4	1.6219e-02	7.9043e-03	0.354762	1
PAPD4	4	1.6270e-02	7.9043e-03	0.354762	1
MAP4K4	4	1.6321e-02	7.9043e-03	0.354762	1
IFNLR1	4	1.6373e-02	7.9043e-03	0.354762	1
EDIL3	4	1.6577e-02	7.9043e-03	0.354762	1
TMEM216	4	1.6628e-02	7.9043e-03	0.354762	1
FRRS1L	4	1.6679e-02	7.9043e-03	0.354762	1
CCDC144NL	4	1.6730e-02	7.9043e-03	0.354762	1
TCEB1	4	1.6781e-02	7.9043e-03	0.354762	1
DAZ2	4	1.6832e-02	7.9043e-03	0.354762	1
JPH2	4	1.6883e-02	7.9043e-03	0.354762	1
CYB5R4	4	1.6934e-02	7.9043e-03	0.354762	1
C16orf91	4	1.6985e-02	7.9043e-03	0.354762	1
PSMC6	4	1.7036e-02	7.9043e-03	0.354762	1
IL11	4	1.7088e-02	7.9043e-03	0.354762	1
IFI30	4	1.7139e-02	7.9043e-03	0.354762	1
GOLIM4	4	1.7190e-02	7.9043e-03	0.354762	1
FOXF1	4	1.7343e-02	1.1931e-02	0.354762	1
DSPP	4	1.7394e-02	1.1931e-02	0.354762	1
CCDC168	4	1.7445e-02	1.1931e-02	0.354762	1
COL4A3	4	1.7598e-02	1.1931e-02	0.354762	1
ADAP2	4	1.7649e-02	1.1931e-02	0.354762	1
PRDX6	4	1.7700e-02	1.1931e-02	0.354762	1
HOXA3	4	1.7751e-02	1.1931e-02	0.354762	1
FAM71E2	4	1.7802e-02	1.1931e-02	0.354762	1
TRIM24	4	1.7853e-02	1.1931e-02	0.354762	1
BOP1	4	1.7904e-02	1.1931e-02	0.354762	1
PPP1R2	4	1.7955e-02	1.1931e-02	0.354762	1
ARL14EP	4	1.8006e-02	1.1931e-02	0.354762	1
SMIM10L1	4	1.8057e-02	1.1931e-02	0.354762	1
SP4	4	1.8108e-02	1.1931e-02	0.354762	1
FRYL	4	1.8210e-02	1.1931e-02	0.354762	1
DNAJC25-GNG10	4	1.8261e-02	1.1931e-02	0.354762	1
TMEM52	4	1.8312e-02	1.1931e-02	0.354762	1
ZCCHC3	4	1.8363e-02	1.1931e-02	0.354762	1
SPIN4	4	1.8414e-02	1.1931e-02	0.354762	1
MRPS36	4	1.8516e-02	1.1931e-02	0.354762	1
LGR6	4	1.8567e-02	1.1931e-02	0.354762	1
C2orf82	4	1.8618e-02	1.1931e-02	0.354762	1
KLHDC3	4	1.8669e-02	1.1931e-02	0.354762	1
SUV420H1	4	1.8720e-02	1.1931e-02	0.354762	1
SLC1A4	4	1.8771e-02	1.1931e-02	0.354762	0
OR2T35	4	1.8822e-02	1.1931e-02	0.354762	0
PMP22	3	1.8869e-02	9.0859e-03	0.354762	0
MASP1	4	1.8873e-02	1.1931e-02	0.354762	0
SECISBP2	4	1.8924e-02	1.1931e-02	0.354762	0
TMEM187	4	1.8975e-02	1.1931e-02	0.354762	0
SPINT4	4	1.9026e-02	1.1931e-02	0.354762	0
ARV1	4	1.9077e-02	1.1931e-02	0.354762	0
VASP	4	1.9128e-02	1.1931e-02	0.354762	0
PRX	4	1.9179e-02	1.1931e-02	0.354762	0
RORB	4	1.9230e-02	1.1931e-02	0.354762	0
SGCD	4	1.9281e-02	1.1931e-02	0.354762	0
PSG3	4	1.9332e-02	1.1931e-02	0.354762	0
MROH2A	4	1.9383e-02	1.1931e-02	0.354762	0
CCDC92	4	1.9434e-02	1.1931e-02	0.354762	0
UNC93A	4	1.9485e-02	1.1931e-02	0.354762	0
METTL15	4	1.9536e-02	1.1931e-02	0.354762	0
CRABP2	4	1.9587e-02	1.1931e-02	0.354762	0
TRIM28	4	1.9638e-02	1.1931e-02	0.354762	0
NDUFA3	4	1.9689e-02	1.1931e-02	0.354762	0
KIF1C	4	1.9740e-02	1.1931e-02	0.354762	0
TAGLN2	4	1.9791e-02	1.1931e-02	0.354762	0
GCHFR	4	1.9842e-02	1.1931e-02	0.354762	0
TM7SF2	4	1.9893e-02	1.1931e-02	0.354762	0
ESYT2	4	1.9944e-02	1.1931e-02	0.354762	0
ZNF395	4	1.9995e-02	1.1931e-02	0.354762	0
CSGALNACT1	4	2.0046e-02	1.1931e-02	0.354762	0
ARHGAP29	4	2.0097e-02	1.1931e-02	0.354762	0
FAM216B	4	2.0148e-02	1.1931e-02	0.354762	0
OR4D1	4	2.0198e-02	1.1931e-02	0.354762	0
ZFP62	4	2.0249e-02	1.1931e-02	0.354762	0
TXNIP	4	2.0300e-02	1.1931e-02	0.354762	0
ZC3H7A	4	2.0402e-02	1.1931e-02	0.354762	0
FAHD2A	4	2.0453e-02	1.1931e-02	0.354762	0
RPL39	4	2.0555e-02	1.1931e-02	0.354762	0
BBS4	4	2.0606e-02	1.1931e-02	0.354762	0
MAF	4	2.0657e-02	1.1931e-02	0.354762	0
LATS2	4	2.0708e-02	1.1931e-02	0.354762	0
CYP39A1	4	2.0759e-02	1.1931e-02	0.354762	0
MAP2K4	4	2.0810e-02	1.1931e-02	0.354762	0
DIP2A	4	2.0860e-02	1.1931e-02	0.354762	0
AGGF1	4	2.0911e-02	1.1931e-02	0.354762	0
ST6GALNAC1	4	2.0962e-02	1.1931e-02	0.354762	0
ZNF213	4	2.1013e-02	1.1931e-02	0.354762	0
ARHGAP12	4	2.1064e-02	1.1931e-02	0.354762	0
SCD	4	2.1115e-02	1.1931e-02	0.354762	0
FAM101A	4	2.1166e-02	1.1931e-02	0.354762	0
SMIM20	4	2.1217e-02	1.1931e-02	0.354762	0
OSBPL8	4	2.1268e-02	1.1931e-02	0.354762	0
BPIFB2	4	2.1319e-02	1.1931e-02	0.354762	0
ELF1	4	2.1370e-02	1.1931e-02	0.354762	0
ZNF862	4	2.1420e-02	1.1931e-02	0.354762	0
PLAGL1	4	2.1471e-02	1.1931e-02	0.354762	0
C14orf180	4	2.1522e-02	1.1931e-02	0.354762	0
NME7	4	2.1573e-02	1.1931e-02	0.354762	0
MTX3	4	2.1624e-02	1.1931e-02	0.354762	0
MTMR8	4	2.1675e-02	1.1931e-02	0.354762	0
DSTN	4	2.1726e-02	1.1931e-02	0.354762	0
ECT2L	4	2.1777e-02	1.1931e-02	0.354762	0
MAP2K5	4	2.1827e-02	1.1931e-02	0.354762	0
NUTM2B	4	2.1878e-02	1.1931e-02	0.354762	0
CCDC144A	4	2.1929e-02	1.1931e-02	0.354762	0
WIPF3	4	2.2031e-02	1.1931e-02	0.354762	0
EED	4	2.2082e-02	1.1931e-02	0.354762	0
KRTAP29-1	4	2.2133e-02	1.1931e-02	0.354762	0
CWC27	4	2.2184e-02	1.1931e-02	0.354762	0
CARD8	4	2.2234e-02	1.1931e-02	0.354762	0
SP3	4	2.2285e-02	1.1931e-02	0.354762	0
SMAD1	4	2.2336e-02	1.1931e-02	0.354762	0
TMEM253	4	2.2387e-02	1.1931e-02	0.354762	0
CD274	4	2.2438e-02	1.1931e-02	0.354762	0
PLXND1	4	2.2489e-02	1.1931e-02	0.354762	0
KRT79	4	2.2540e-02	1.1931e-02	0.354762	0
TMEM143	4	2.2590e-02	1.1931e-02	0.354762	0
NYAP1	4	2.2641e-02	1.1931e-02	0.354762	0
RAP2B	4	2.2692e-02	1.1931e-02	0.354762	0
DYTN	4	2.2743e-02	1.1931e-02	0.354762	0
CADPS	4	2.2794e-02	1.1931e-02	0.354762	0
RAB7A	4	2.2845e-02	1.1931e-02	0.354762	0
SPSB3	4	2.2895e-02	1.1931e-02	0.354762	0
CENPV	4	2.2946e-02	1.1931e-02	0.354762	0
SCHIP1	4	2.3048e-02	1.1931e-02	0.354762	0
H1FX	4	2.3099e-02	1.1931e-02	0.354762	0
SPIB	4	2.3200e-02	1.1931e-02	0.354762	0
C10orf62	4	2.3251e-02	1.1931e-02	0.354762	0
PEPD	4	2.3302e-02	1.1931e-02	0.354762	0
GOLT1B	4	2.3353e-02	1.1931e-02	0.354762	0
SART3	4	2.3404e-02	1.1931e-02	0.354762	0
BRD1	4	2.3454e-02	1.1931e-02	0.354762	0
ZNF320	4	2.3505e-02	1.1931e-02	0.354762	0
F5	4	2.3556e-02	1.1931e-02	0.354762	0
USPL1	4	2.3607e-02	1.1931e-02	0.354762	0
P2RX5	4	2.3658e-02	1.1931e-02	0.354762	0
MAPK11	4	2.3708e-02	1.1931e-02	0.354762	0
THAP6	4	2.3759e-02	1.1931e-02	0.354762	0
GUCY1A3	4	2.3810e-02	1.1931e-02	0.354762	0
WWC3	4	2.3861e-02	1.1931e-02	0.354762	0
EFNA2	4	2.3912e-02	1.1931e-02	0.354762	0
RHD	4	2.3962e-02	1.1931e-02	0.354762	0
C18orf25	4	2.4013e-02	1.1931e-02	0.354762	0
ZBTB26	4	2.4064e-02	1.1931e-02	0.354762	0
EDF1	4	2.4115e-02	1.1931e-02	0.354762	0
RUNX1	4	2.4166e-02	1.1931e-02	0.354762	0
PSMB8	4	2.4216e-02	1.1931e-02	0.354762	0
RNF146	4	2.4267e-02	1.1931e-02	0.354762	0
HP	4	2.4318e-02	1.1931e-02	0.354762	0
KRT14	4	2.4369e-02	1.1931e-02	0.354762	0
RAB22A	4	2.4419e-02	1.1931e-02	0.354762	0
OVOL2	4	2.4470e-02	1.1931e-02	0.354762	0
C21orf58	4	2.4521e-02	1.1931e-02	0.354762	0
CDHR1	4	2.4572e-02	1.1931e-02	0.354762	0
ANO10	4	2.4623e-02	1.1931e-02	0.354762	0
ZBTB5	4	2.4673e-02	1.1931e-02	0.354762	0
NPW	4	2.4724e-02	1.1931e-02	0.354762	0
PLD2	4	2.4775e-02	1.1931e-02	0.354762	0
PEMT	4	2.4826e-02	1.1931e-02	0.354762	0
AOC2	4	2.4876e-02	1.1931e-02	0.354762	0
CGGBP1	4	2.4927e-02	1.1931e-02	0.354762	0
RTL1	4	2.4978e-02	1.1931e-02	0.354762	0
SAXO1	4	2.5029e-02	1.1931e-02	0.354762	0
SDCBP	4	2.5130e-02	1.1931e-02	0.354762	0
FZD7	4	2.5181e-02	1.1931e-02	0.354762	0
OR1C1	4	2.5232e-02	1.1931e-02	0.354762	0
CDH7	4	2.5282e-02	1.1931e-02	0.354762	0
XPR1	4	2.5333e-02	1.1931e-02	0.354762	0
CEP295	4	2.5435e-02	1.1931e-02	0.354762	0
KCNE4	4	2.5485e-02	1.1931e-02	0.354762	0
ZASP	4	2.5536e-02	1.1931e-02	0.354762	0
ARNT	4	2.5587e-02	1.1931e-02	0.354762	0
LCN9	4	2.5637e-02	1.1931e-02	0.354762	0
FBXO6	4	2.5688e-02	1.1931e-02	0.354762	0
TREML4	4	2.5739e-02	1.1931e-02	0.354762	0
C16orf58	4	2.5790e-02	1.1931e-02	0.354762	0
SULT1A3	4	2.5840e-02	1.1931e-02	0.354762	0
UBE2F	4	2.5891e-02	1.1931e-02	0.354762	0
PDCD10	4	2.5942e-02	1.1931e-02	0.354762	0
IL27	4	2.5993e-02	1.1931e-02	0.354762	0
ZNF230	4	2.6043e-02	1.1931e-02	0.354762	0
PSMF1	4	2.6094e-02	1.1931e-02	0.354762	0
GLMP	4	2.6145e-02	1.1931e-02	0.354762	0
LGR5	4	2.6246e-02	1.1931e-02	0.354762	0
KRTAP8-1	4	2.6297e-02	1.1931e-02	0.354762	0
L3HYPDH	4	2.6347e-02	1.1931e-02	0.354762	0
LSM1	3	2.6396e-02	1.2088e-02	0.354762	0
NPSR1	4	2.6398e-02	1.1931e-02	0.354762	0
SERPINE2	4	2.6449e-02	1.1931e-02	0.354762	0
JAKMIP3	4	2.6500e-02	1.1931e-02	0.354762	0
EVPL	4	2.6550e-02	1.1931e-02	0.354762	0
PTCHD4	4	2.6601e-02	1.1931e-02	0.354762	0
HIST1H1B	4	2.6652e-02	1.1931e-02	0.354762	0
ZNF580	4	2.6702e-02	1.1931e-02	0.354762	0
C4B	4	2.6753e-02	1.1931e-02	0.354762	0
CDC42SE1	4	2.6804e-02	1.1931e-02	0.354762	0
C20orf195	4	2.6854e-02	1.1931e-02	0.354762	0
KLRC1	4	2.6905e-02	1.1931e-02	0.354762	0
OVCA2	4	2.6956e-02	1.1931e-02	0.354762	0
RHOQ	4	2.7006e-02	1.1931e-02	0.354762	0
SSX5	4	2.7057e-02	1.1931e-02	0.354762	0
SAT1	4	2.7108e-02	1.1931e-02	0.354762	0
CD160	4	2.7158e-02	1.1931e-02	0.354762	0
SHPRH	4	2.7209e-02	1.1931e-02	0.354762	0
C1orf115	4	2.7310e-02	1.1931e-02	0.354762	0
EIF2AK1	4	2.7361e-02	1.1931e-02	0.354762	0
CLEC2L	4	2.7412e-02	1.1931e-02	0.354762	0
TMEM178A	4	2.7462e-02	1.1931e-02	0.354762	0
PRR20D	4	2.7513e-02	1.1931e-02	0.354762	0
CD2	4	2.7564e-02	1.1931e-02	0.354762	0
AMN	4	2.7614e-02	1.1931e-02	0.354762	0
EPHA1	4	2.7665e-02	1.1931e-02	0.354762	0
CNGA4	4	2.7766e-02	1.1931e-02	0.354762	0
SSRP1	4	2.7817e-02	1.1931e-02	0.354762	0
NTF3	4	2.7867e-02	1.1931e-02	0.354762	0
BRE	4	2.7918e-02	1.1931e-02	0.354762	0
RQCD1	4	2.7969e-02	1.1931e-02	0.354762	0
CDC42BPA	4	2.8019e-02	1.1931e-02	0.354762	0
MMP2	4	2.8070e-02	1.1931e-02	0.354762	0
RPS4Y1	4	2.8121e-02	1.1931e-02	0.354762	0
ZNF557	4	2.8171e-02	1.1931e-02	0.354762	0
AKAP8L	4	2.8222e-02	1.1931e-02	0.354762	0
PRPF6	4	2.8323e-02	1.1931e-02	0.354762	0
SERTAD2	4	2.8374e-02	1.1931e-02	0.354762	0
SMARCA2	4	2.8424e-02	1.1931e-02	0.354762	0
CHD6	4	2.8475e-02	1.1931e-02	0.354762	0
DMBX1	4	2.8526e-02	1.1931e-02	0.354762	0
NIPAL3	4	2.8576e-02	1.1931e-02	0.354762	0
FAM151A	4	2.8627e-02	1.1931e-02	0.354762	0
ZNF45	4	2.8677e-02	1.1931e-02	0.354762	0
SLC29A3	4	2.8728e-02	1.1931e-02	0.354762	0
TTC14	4	2.8829e-02	1.5869e-02	0.354762	0
OR5AS1	4	2.8880e-02	1.5869e-02	0.354762	0
SLC19A2	4	2.8930e-02	1.5869e-02	0.354762	0
FANCG	4	2.8981e-02	1.5869e-02	0.354762	0
C11orf30	4	2.9032e-02	1.5869e-02	0.354762	0
SPESP1	4	2.9082e-02	1.5869e-02	0.354762	0
SLC38A4	4	2.9133e-02	1.5869e-02	0.354762	0
IKBKB	4	2.9183e-02	1.5869e-02	0.354762	0
GGT6	4	2.9285e-02	1.5869e-02	0.354762	0
TMPRSS11A	4	2.9335e-02	1.5869e-02	0.354762	0
RBM4	4	2.9386e-02	1.5869e-02	0.354762	0
ZNF530	4	2.9436e-02	1.5869e-02	0.354762	0
FN3K	4	2.9487e-02	1.5869e-02	0.354762	0
HSD17B3	4	2.9538e-02	1.5869e-02	0.354762	0
ZNF181	4	2.9588e-02	1.5869e-02	0.354762	0
MEX3D	4	2.9639e-02	1.5869e-02	0.354762	0
SUCLG2	4	2.9689e-02	1.5869e-02	0.354762	0
SLC25A17	4	2.9740e-02	1.5869e-02	0.354762	0
SNRNP200	4	2.9790e-02	1.5869e-02	0.354762	0
ZDHHC3	4	2.9841e-02	1.5869e-02	0.354762	0
HOXB4	4	2.9891e-02	1.5869e-02	0.354762	0
VPS39	4	2.9993e-02	1.5869e-02	0.354762	0
SCAMP3	4	3.0043e-02	1.5869e-02	0.354762	0
CAD	4	3.0094e-02	1.5869e-02	0.354762	0
IQGAP1	4	3.0144e-02	1.5869e-02	0.354762	0
CYP20A1	4	3.0195e-02	1.5869e-02	0.354762	0
PON2	4	3.0245e-02	1.5869e-02	0.354762	0
RFTN1	4	3.0296e-02	1.5869e-02	0.354762	0
LZTS3	4	3.0346e-02	1.5869e-02	0.354762	0
SUZ12	4	3.0397e-02	1.5869e-02	0.354762	0
EAF1	4	3.0448e-02	1.5869e-02	0.354762	0
MEGF9	4	3.0549e-02	1.5869e-02	0.354762	0
BTNL10	4	3.0599e-02	1.5869e-02	0.354762	0
BRD7	4	3.0650e-02	1.5869e-02	0.354762	0
PFKFB1	4	3.0700e-02	1.5869e-02	0.354762	0
RAB3B	4	3.0751e-02	1.5869e-02	0.354762	0
VN1R2	4	3.0801e-02	1.5869e-02	0.354762	0
SFXN4	4	3.0852e-02	1.5869e-02	0.354762	0
UBE3C	4	3.0902e-02	1.5869e-02	0.354762	0
ARMC12	4	3.0953e-02	1.5869e-02	0.354762	0
CLN3	4	3.1003e-02	1.5869e-02	0.354762	0
YTHDC2	4	3.1054e-02	1.5869e-02	0.354762	0
PRAMEF8	4	3.1104e-02	1.5869e-02	0.354762	0
PTPRQ	4	3.1155e-02	1.5869e-02	0.354762	0
PDIA4	4	3.1205e-02	1.5869e-02	0.354762	0
ZNF581	4	3.1256e-02	1.5869e-02	0.354762	0
FAM46D	4	3.1306e-02	1.5869e-02	0.354762	0
DHX40	4	3.1357e-02	1.5869e-02	0.354762	0
ATF5	4	3.1407e-02	1.5869e-02	0.354762	0
TRPV4	4	3.1458e-02	1.5869e-02	0.354762	0
CES5A	4	3.1508e-02	1.5869e-02	0.354762	0
SLC25A51	4	3.1559e-02	1.5869e-02	0.354762	0
INADL	4	3.1609e-02	1.5869e-02	0.354762	0
MSI1	4	3.1660e-02	1.5869e-02	0.354762	0
ITM2A	4	3.1710e-02	1.5869e-02	0.354762	0
SKIDA1	4	3.1761e-02	1.5869e-02	0.354762	0
SSC4D	4	3.1862e-02	1.5869e-02	0.354762	0
APLN	4	3.1912e-02	1.5869e-02	0.354762	0
OR5L1	4	3.1963e-02	1.5869e-02	0.354762	0
C11orf31	4	3.2013e-02	1.5869e-02	0.354762	0
GLRA4	4	3.2064e-02	1.5869e-02	0.354762	0
SCNN1G	4	3.2114e-02	1.5869e-02	0.354762	0
ZNF492	4	3.2165e-02	1.5869e-02	0.354762	0
ADGRL2	4	3.2266e-02	1.5869e-02	0.354762	0
FIZ1	4	3.2316e-02	1.5869e-02	0.354762	0
ZNF331	4	3.2367e-02	1.5869e-02	0.354762	0
USP17L2	4	3.2417e-02	1.5869e-02	0.354762	0
DLEU7	4	3.2467e-02	1.5869e-02	0.354762	0
C5orf42	4	3.2518e-02	1.5869e-02	0.354762	0
CFP	4	3.2568e-02	1.5869e-02	0.354762	0
SMPD3	4	3.2619e-02	1.5869e-02	0.354762	0
LGALS16	4	3.2669e-02	1.5869e-02	0.354762	0
C8orf44	4	3.2720e-02	1.5869e-02	0.354762	0
CLEC1B	4	3.2770e-02	1.5869e-02	0.354762	0
PSMD10	4	3.2821e-02	1.5869e-02	0.354762	0
NPIPA5	4	3.2871e-02	1.5869e-02	0.354762	0
TRPC5	4	3.2921e-02	1.5869e-02	0.354762	0
OR5P2	4	3.2972e-02	1.5869e-02	0.354762	0
TIGD4	4	3.3022e-02	1.5869e-02	0.354762	0
DPF3	4	3.3073e-02	1.5869e-02	0.354762	0
PATL2	4	3.3123e-02	1.5869e-02	0.354762	0
TMEM88B	4	3.3174e-02	1.5869e-02	0.354762	0
CDC25C	4	3.3224e-02	1.5869e-02	0.354762	0
S100A2	4	3.3275e-02	1.5869e-02	0.354762	0
FAM65B	4	3.3325e-02	1.5869e-02	0.354762	0
GPA33	4	3.3375e-02	1.5869e-02	0.354762	0
SCNN1B	4	3.3426e-02	1.5869e-02	0.354762	0
RAB11FIP2	4	3.3476e-02	1.5869e-02	0.354762	0
MFRP	4	3.3527e-02	1.5869e-02	0.354762	0
GSTA3	4	3.3577e-02	1.5869e-02	0.354762	0
C22orf29	4	3.3627e-02	1.5869e-02	0.354762	0
GAP43	4	3.3678e-02	1.5869e-02	0.354762	0
BMPR1B	4	3.3728e-02	1.5869e-02	0.354762	0
PAK1	4	3.3779e-02	1.5869e-02	0.354762	0
ATP8B2	4	3.3829e-02	1.5869e-02	0.354762	0
OR7A17	4	3.3880e-02	1.5869e-02	0.354762	0
KCNT1	4	3.3930e-02	1.5869e-02	0.354762	0
HSD11B1L	4	3.3980e-02	1.5869e-02	0.354762	0
MTHFS	4	3.4031e-02	1.5869e-02	0.354762	0
TXN2	4	3.4132e-02	1.5869e-02	0.354762	0
NINJ2	4	3.4182e-02	1.5869e-02	0.354762	0
DENND4C	4	3.4232e-02	1.5869e-02	0.354762	0
PELI3	4	3.4283e-02	1.5869e-02	0.354762	0
NEK3	4	3.4333e-02	1.5869e-02	0.354762	0
SPOCK1	4	3.4383e-02	1.5869e-02	0.354762	0
BAHD1	4	3.4434e-02	1.5869e-02	0.354762	0
CNTN3	4	3.4484e-02	1.5869e-02	0.354762	0
MOSPD3	4	3.4535e-02	1.5869e-02	0.354762	0
FAM46A	4	3.4585e-02	1.5869e-02	0.354762	0
KIF3A	4	3.4635e-02	1.5869e-02	0.354762	0
CBLN4	4	3.4686e-02	1.5869e-02	0.354762	0
SAMD13	4	3.4736e-02	1.5869e-02	0.354762	0
AARSD1	4	3.4786e-02	1.5869e-02	0.354762	0
MSANTD4	4	3.4837e-02	1.5869e-02	0.354762	0
ZMYM1	4	3.4887e-02	1.5869e-02	0.354762	0
RPS27L	4	3.4938e-02	1.5869e-02	0.354762	0
SLC30A8	4	3.4988e-02	1.5869e-02	0.354762	0
P3H4	4	3.5089e-02	1.5869e-02	0.354762	0
CALML3	4	3.5139e-02	1.5869e-02	0.354762	0
KRTAP6-3	4	3.5189e-02	1.5869e-02	0.354762	0
NXF2	4	3.5290e-02	1.5869e-02	0.354762	0
OR7E24	4	3.5340e-02	1.5869e-02	0.354762	0
RALA	4	3.5391e-02	1.5869e-02	0.354762	0
PFN2	4	3.5441e-02	1.5869e-02	0.354762	0
HS6ST3	4	3.5491e-02	1.5869e-02	0.354762	0
MED13	4	3.5542e-02	1.5869e-02	0.354762	0
CBLN2	4	3.5592e-02	1.5869e-02	0.354762	0
SLC16A11	4	3.5642e-02	1.5869e-02	0.354762	0
HCRT	4	3.5693e-02	1.5869e-02	0.354762	0
FYB	4	3.5743e-02	1.5869e-02	0.354762	0
TBL1X	4	3.5793e-02	1.5869e-02	0.354762	0
NCOA6	4	3.5844e-02	1.5869e-02	0.354762	0
MYL2	4	3.5894e-02	1.5869e-02	0.354762	0
POC1B-GALNT4	4	3.5944e-02	1.5869e-02	0.354762	0
TADA1	4	3.5995e-02	1.5869e-02	0.354762	0
INTS7	4	3.6045e-02	1.5869e-02	0.354762	0
OR8B2	4	3.6095e-02	1.5869e-02	0.354762	0
NEBL	4	3.6146e-02	1.5869e-02	0.354762	0
WNT3	4	3.6246e-02	1.5869e-02	0.354762	0
RBM18	4	3.6297e-02	1.5869e-02	0.354762	0
CHSY1	4	3.6347e-02	1.5869e-02	0.354762	0
ZNF789	4	3.6397e-02	1.5869e-02	0.354762	0
SPHAR	2	3.6399e-02	1.7913e-02	0.399966	0
CD82	4	3.6448e-02	1.5869e-02	0.354762	0
RBM3	4	3.6498e-02	1.5869e-02	0.354762	0
C11orf74	4	3.6598e-02	1.5869e-02	0.354762	0
COLCA1	4	3.6699e-02	1.5869e-02	0.354762	0
SCGB2A2	4	3.6749e-02	1.5869e-02	0.354762	0
NIM1K	4	3.6800e-02	1.5869e-02	0.354762	0
KLF13	4	3.6850e-02	1.5869e-02	0.354762	0
RASAL3	4	3.6900e-02	1.5869e-02	0.354762	0
STMN4	4	3.6950e-02	1.5869e-02	0.354762	0
TSNAX	4	3.7001e-02	1.5869e-02	0.354762	0
ARHGAP32	4	3.7051e-02	1.5869e-02	0.354762	0
ACSS2	4	3.7152e-02	1.5869e-02	0.354762	0
SPDEF	4	3.7202e-02	1.5869e-02	0.354762	0
LARP4	4	3.7252e-02	1.5869e-02	0.354762	0
OLIG2	4	3.7302e-02	1.5869e-02	0.354762	0
WFDC6	4	3.7353e-02	1.5869e-02	0.354762	0
ZNF528	4	3.7453e-02	1.5869e-02	0.354762	0
TRIML2	4	3.7503e-02	1.5870e-02	0.354762	0
SIGLEC15	4	3.7705e-02	1.5870e-02	0.354762	0
CYP2C9	4	3.7755e-02	1.5870e-02	0.354762	0
SAP25	4	3.7805e-02	1.5870e-02	0.354762	0
RBM23	4	3.7855e-02	1.5870e-02	0.354762	0
WISP2	4	3.7906e-02	1.5870e-02	0.354762	0
NPVF	4	3.7956e-02	1.5870e-02	0.354762	0
TMCO6	4	3.8006e-02	1.5870e-02	0.354762	0
PTPRZ1	4	3.8056e-02	1.5870e-02	0.354762	0
RANBP2	4	3.8106e-02	1.5870e-02	0.354762	0
NKAP	4	3.8157e-02	1.5870e-02	0.354762	0
ATP5L2	4	3.8207e-02	1.5870e-02	0.354762	0
TMEM81	4	3.8257e-02	1.5870e-02	0.354762	0
ATP6V0A1	4	3.8307e-02	1.5870e-02	0.354762	0
RABEP2	4	3.8358e-02	1.5870e-02	0.354762	0
IFI44	4	3.8408e-02	1.5870e-02	0.354762	0
ADAMTSL2	4	3.8458e-02	1.5870e-02	0.354762	0
ASB3	4	3.8508e-02	1.5870e-02	0.354762	0
OR13H1	4	3.8559e-02	1.5870e-02	0.354762	0
IMMT	4	3.8609e-02	1.5870e-02	0.354762	0
ST6GALNAC5	4	3.8659e-02	1.5870e-02	0.354762	0
CARD6	4	3.8709e-02	1.5870e-02	0.354762	0
LEPR	4	3.8759e-02	1.5870e-02	0.354762	0
ARL8A	4	3.8810e-02	1.5870e-02	0.354762	0
C22orf15	4	3.8860e-02	1.5870e-02	0.354762	0
PPID	4	3.8910e-02	1.5870e-02	0.354762	0
FAM107A	4	3.8960e-02	1.5870e-02	0.354762	0
SNAI3	4	3.9010e-02	1.5870e-02	0.354762	0
ZNF654	4	3.9061e-02	1.5870e-02	0.354762	0
ZXDA	4	3.9111e-02	1.5870e-02	0.354762	0
ZNF341	4	3.9161e-02	1.5870e-02	0.354762	0
IDI1	4	3.9261e-02	1.5870e-02	0.354762	0
EIF2D	4	3.9312e-02	1.5870e-02	0.354762	0
PSAT1	4	3.9362e-02	1.5870e-02	0.354762	0
FAR2	4	3.9412e-02	1.5870e-02	0.354762	0
CCDC184	4	3.9462e-02	1.5870e-02	0.354762	0
MAGED4B	4	3.9512e-02	1.5870e-02	0.354762	0
RBPMS2	4	3.9563e-02	1.5870e-02	0.354762	0
C1S	4	3.9613e-02	1.5870e-02	0.354762	0
FAM169B	4	3.9663e-02	1.5870e-02	0.354762	0
HRSP12	4	3.9713e-02	1.5870e-02	0.354762	0
FAM189A1	4	3.9763e-02	1.5870e-02	0.354762	0
UBE2R2	4	3.9813e-02	1.5870e-02	0.354762	0
SGK223	4	3.9864e-02	1.5870e-02	0.354762	0
ACSL5	4	3.9914e-02	1.5870e-02	0.354762	0
IRF2BP1	4	3.9964e-02	1.5870e-02	0.354762	0
OXNAD1	4	4.0014e-02	1.5870e-02	0.354762	0
CHID1	4	4.0064e-02	1.5870e-02	0.354762	0
GRAMD1C	4	4.0165e-02	1.5870e-02	0.354762	0
ZNF346	4	4.0215e-02	1.5870e-02	0.354762	0
NUPR1	4	4.0265e-02	1.5870e-02	0.354762	0
HDAC11	4	4.0315e-02	1.5870e-02	0.354762	0
IRS4	4	4.0365e-02	1.5870e-02	0.354762	0
HEATR9	4	4.0415e-02	1.5870e-02	0.354762	0
ELOVL4	4	4.0466e-02	1.5870e-02	0.354762	0
CFHR2	4	4.0516e-02	1.5870e-02	0.354762	0
FAM3B	4	4.0566e-02	1.5870e-02	0.354762	0
PCDHGA3	4	4.0616e-02	1.5870e-02	0.354762	0
FH	4	4.0666e-02	1.5870e-02	0.354762	0
KIN	4	4.0716e-02	1.5870e-02	0.354762	0
GTF3A	4	4.0766e-02	1.5870e-02	0.354762	0
SP140L	4	4.0816e-02	1.5870e-02	0.354762	0
C14orf177	4	4.0867e-02	1.5870e-02	0.354762	0
NCCRP1	4	4.0917e-02	1.5870e-02	0.354762	0
ZNF462	4	4.0967e-02	1.5870e-02	0.354762	0
ANKRD50	4	4.1017e-02	1.5870e-02	0.354762	0
FUT11	4	4.1067e-02	1.5870e-02	0.354762	0
RRP1B	4	4.1117e-02	1.5870e-02	0.354762	0
PRR9	4	4.1167e-02	1.5870e-02	0.354762	0
MBLAC2	4	4.1217e-02	1.5870e-02	0.354762	0
GMNC	4	4.1268e-02	1.5870e-02	0.354762	0
PGLYRP3	4	4.1318e-02	1.5870e-02	0.354762	0
AKNAD1	4	4.1368e-02	1.5870e-02	0.354762	0
CEP104	4	4.1418e-02	1.5870e-02	0.354762	0
XKRX	4	4.1468e-02	1.5870e-02	0.354762	0
RBM24	4	4.1518e-02	1.5870e-02	0.354762	0
PRR5L	4	4.1568e-02	1.5870e-02	0.354762	0
UQCC2	4	4.1618e-02	1.5870e-02	0.354762	0
GJA5	4	4.1668e-02	1.5870e-02	0.354762	0
C14orf178	4	4.1719e-02	1.5870e-02	0.354762	0
HGH1	4	4.1769e-02	1.5870e-02	0.354762	0
MDH1	4	4.1819e-02	1.5870e-02	0.354762	0
CD109	4	4.1869e-02	1.5870e-02	0.354762	0
PVR	4	4.1919e-02	1.5870e-02	0.354762	0
FAM134C	4	4.1969e-02	1.5870e-02	0.354762	0
SOX1	4	4.2019e-02	1.5870e-02	0.354762	0
SNAPIN	4	4.2069e-02	1.5870e-02	0.354762	0
PROCR	4	4.2119e-02	1.5870e-02	0.354762	0
TRIM7	4	4.2169e-02	1.5870e-02	0.354762	0
TRIM40	4	4.2219e-02	1.5870e-02	0.354762	0
KAT7	4	4.2269e-02	1.5870e-02	0.354762	0
ATG4C	4	4.2320e-02	1.5870e-02	0.354762	0
ACAD10	4	4.2370e-02	1.5870e-02	0.354762	0
TMEM8C	4	4.2420e-02	1.5870e-02	0.354762	0
BAG4	4	4.2470e-02	1.5870e-02	0.354762	0
MTRNR2L9	4	4.2520e-02	1.5870e-02	0.354762	0
ZNF83	4	4.2570e-02	1.5870e-02	0.354762	0
ZNF449	4	4.2620e-02	1.5870e-02	0.354762	0
PEX5	4	4.2670e-02	1.5870e-02	0.354762	0
PLAC4	4	4.2720e-02	1.5870e-02	0.354762	0
CELF6	4	4.2770e-02	1.5870e-02	0.354762	0
ODF2L	4	4.2820e-02	1.5870e-02	0.354762	0
ANO1	4	4.2870e-02	1.5870e-02	0.354762	0
HN1	4	4.2920e-02	1.5870e-02	0.354762	0
LATS1	4	4.2970e-02	1.5870e-02	0.354762	0
LZTFL1	4	4.3070e-02	1.5870e-02	0.354762	0
PAQR6	4	4.3120e-02	1.5870e-02	0.354762	0
ITGB3BP	4	4.3171e-02	1.5870e-02	0.354762	0
SIT1	4	4.3221e-02	1.5870e-02	0.354762	0
RBM46	4	4.3271e-02	1.5870e-02	0.354762	0
ZNF219	4	4.3321e-02	1.5870e-02	0.354762	0
UACA	4	4.3371e-02	1.5870e-02	0.354762	0
SLC29A4	4	4.3421e-02	1.5870e-02	0.354762	0
PAQR3	4	4.3471e-02	1.5870e-02	0.354762	0
C5orf45	4	4.3521e-02	1.5870e-02	0.354762	0
LNX2	4	4.3571e-02	1.5870e-02	0.354762	0
SH2B3	4	4.3621e-02	1.5870e-02	0.354762	0
ADRA1B	4	4.3671e-02	1.5870e-02	0.354762	0
BEST1	4	4.3721e-02	1.5870e-02	0.354762	0
ITGB1	4	4.3771e-02	1.5870e-02	0.354762	0
HK2	4	4.3821e-02	1.5870e-02	0.354762	0
CUTC	4	4.3871e-02	1.5870e-02	0.354762	0
MSR1	4	4.3921e-02	1.5870e-02	0.354762	0
AARD	4	4.3971e-02	1.5870e-02	0.354762	0
LRP1	4	4.4021e-02	1.5870e-02	0.354762	0
KIAA1217	4	4.4071e-02	1.5870e-02	0.354762	0
C9orf116	4	4.4121e-02	1.5870e-02	0.354762	0
HGC6.3	3	4.4121e-02	2.0886e-02	0.428789	0
TAOK2	4	4.4171e-02	1.5870e-02	0.354762	0
CARD9	4	4.4221e-02	1.5870e-02	0.354762	0
DDO	4	4.4271e-02	1.5870e-02	0.354762	0
ACSM2B	4	4.4321e-02	1.5870e-02	0.354762	0
PEX1	4	4.4371e-02	1.5870e-02	0.354762	0
TAGLN3	4	4.4421e-02	1.5870e-02	0.354762	0
OR8J3	4	4.4471e-02	1.5870e-02	0.354762	0
TMEM47	4	4.4521e-02	1.5870e-02	0.354762	0
CRTC1	4	4.4571e-02	1.5870e-02	0.354762	0
FAM155A	4	4.4621e-02	1.5870e-02	0.354762	0
AKR1C3	4	4.4671e-02	1.5870e-02	0.354762	0
FGF17	4	4.4821e-02	1.5870e-02	0.354762	0
ZNF391	4	4.4871e-02	1.5870e-02	0.354762	0
COL4A2	4	4.4921e-02	1.5870e-02	0.354762	0
CAPN8	4	4.4971e-02	1.5870e-02	0.354762	0
MYOM3	4	4.5021e-02	1.5870e-02	0.354762	0
FGL1	4	4.5071e-02	1.5870e-02	0.354762	0
DHX58	4	4.5121e-02	1.5870e-02	0.354762	0
FKBP1A	4	4.5171e-02	1.5870e-02	0.354762	0
SOAT2	4	4.5221e-02	1.5870e-02	0.354762	0
ANKRD6	4	4.5270e-02	1.5870e-02	0.354762	0
CLEC11A	4	4.5320e-02	1.5870e-02	0.354762	0
MBD3	4	4.5370e-02	1.5870e-02	0.354762	0
PDE4C	4	4.5420e-02	1.5870e-02	0.354762	0
FAF2	4	4.5470e-02	1.5870e-02	0.354762	0
CACNA1F	4	4.5520e-02	1.5870e-02	0.354762	0
GCNT2	4	4.5620e-02	1.5870e-02	0.354762	0
CHST2	4	4.5670e-02	1.5870e-02	0.354762	0
ICAM3	4	4.5720e-02	1.5870e-02	0.354762	0
CFAP52	4	4.5770e-02	1.5870e-02	0.354762	0
CCDC154	4	4.5820e-02	1.5870e-02	0.354762	0
B2M	4	4.5920e-02	1.5870e-02	0.354762	0
MSANTD2	4	4.5970e-02	1.5870e-02	0.354762	0
MMP17	4	4.6020e-02	1.5870e-02	0.354762	0
OR4P4	4	4.6070e-02	1.5870e-02	0.354762	0
PHF2	4	4.6119e-02	1.5870e-02	0.354762	0
ARIH2	4	4.6169e-02	1.5870e-02	0.354762	0
ARL5B	4	4.6319e-02	1.9821e-02	0.407800	0
GDPD4	4	4.6369e-02	1.9821e-02	0.407800	0
SEC14L3	4	4.6419e-02	1.9821e-02	0.407800	0
TEC	4	4.6519e-02	1.9821e-02	0.407800	0
SORBS2	4	4.6569e-02	1.9821e-02	0.407800	0
EVX1	4	4.6619e-02	1.9821e-02	0.407800	0
SLPI	4	4.6669e-02	1.9821e-02	0.407800	0
MST1L	4	4.6718e-02	1.9821e-02	0.407800	0
LRP5L	4	4.6768e-02	1.9821e-02	0.407800	0
PROSC	4	4.6818e-02	1.9821e-02	0.407800	0
FGFR4	4	4.6868e-02	1.9821e-02	0.407800	0
HS3ST1	4	4.6918e-02	1.9821e-02	0.407800	0
KRT8	4	4.6968e-02	1.9821e-02	0.407800	0
BCL9L	4	4.7018e-02	1.9821e-02	0.407800	0
DPF1	4	4.7068e-02	1.9821e-02	0.407800	0
SLC12A9	4	4.7118e-02	1.9821e-02	0.407800	0
GOLGA5	4	4.7167e-02	1.9821e-02	0.407800	0
LMX1A	4	4.7217e-02	1.9821e-02	0.407800	0
SLC25A4	4	4.7267e-02	1.9821e-02	0.407800	0
SPATA20	4	4.7317e-02	1.9821e-02	0.407800	0
FAM46B	4	4.7367e-02	1.9821e-02	0.407800	0
CBFA2T3	4	4.7417e-02	1.9821e-02	0.407800	0
CPNE9	4	4.7467e-02	1.9821e-02	0.407800	0
LTBP1	4	4.7517e-02	1.9821e-02	0.407800	0
MYCL	4	4.7616e-02	1.9821e-02	0.407800	0
STT3B	4	4.7666e-02	1.9821e-02	0.407800	0
HDAC2	4	4.7816e-02	1.9821e-02	0.407800	0
SEL1L2	4	4.7866e-02	1.9821e-02	0.407800	0
SHCBP1L	4	4.7915e-02	1.9821e-02	0.407800	0
CACNA2D3	4	4.7965e-02	1.9821e-02	0.407800	0
CLSTN2	4	4.8015e-02	1.9821e-02	0.407800	0
CPNE4	4	4.8115e-02	1.9821e-02	0.407800	0
MTMR2	4	4.8165e-02	1.9821e-02	0.407800	0
KRT1	4	4.8215e-02	1.9821e-02	0.407800	0
PLAC8L1	4	4.8264e-02	1.9821e-02	0.407800	0
ZKSCAN1	4	4.8314e-02	1.9821e-02	0.407800	0
HMGA2	4	4.8364e-02	1.9821e-02	0.407800	0
BCAT1	4	4.8414e-02	1.9821e-02	0.407800	0
C19orf40	4	4.8464e-02	1.9821e-02	0.407800	0
TTF2	4	4.8514e-02	1.9821e-02	0.407800	0
CFTR	4	4.8563e-02	1.9821e-02	0.407800	0
RBBP9	4	4.8613e-02	1.9821e-02	0.407800	0
DUOXA2	4	4.8663e-02	1.9821e-02	0.407800	0
SLFN13	4	4.8713e-02	1.9821e-02	0.407800	0
ZNF658	4	4.8763e-02	1.9821e-02	0.407800	0
CD3G	4	4.8813e-02	1.9821e-02	0.407800	0
UROS	4	4.8862e-02	1.9821e-02	0.407800	0
IFT122	4	4.8912e-02	1.9821e-02	0.407800	0
NEXN	4	4.8962e-02	1.9821e-02	0.407800	0
DAZ3	4	4.9062e-02	1.9821e-02	0.407800	0
CANX	4	4.9111e-02	1.9821e-02	0.407800	0
LRP2BP	4	4.9161e-02	1.9821e-02	0.407800	0
SOX21	4	4.9211e-02	1.9821e-02	0.407800	0
TRAF3IP1	3	4.9231e-02	2.0886e-02	0.428789	0
CYB561A3	4	4.9261e-02	1.9821e-02	0.407800	0
TMEM255A	4	4.9311e-02	1.9821e-02	0.407800	0
GIMAP6	4	4.9360e-02	1.9821e-02	0.407800	0
H2AFY2	4	4.9410e-02	1.9821e-02	0.407800	0
PLXNB3	4	4.9460e-02	1.9821e-02	0.407800	0
HSFX2	4	4.9510e-02	1.9821e-02	0.407800	0
TACSTD2	4	4.9560e-02	1.9821e-02	0.407800	0
TET3	4	4.9609e-02	1.9821e-02	0.407800	0
MS4A14	4	4.9659e-02	1.9821e-02	0.407800	0
NUPR1L	4	4.9709e-02	1.9821e-02	0.407800	0
C6orf25	4	4.9759e-02	1.9821e-02	0.407800	0
MYF6	4	4.9808e-02	1.9821e-02	0.407800	0
CNBD2	4	4.9858e-02	1.9821e-02	0.407800	0
EPC1	4	4.9908e-02	1.9821e-02	0.407800	0
HOXB9	4	4.9958e-02	1.9821e-02	0.407800	0
HOOK1	4	5.0008e-02	1.9821e-02	0.407800	0
SLC2A14	4	5.0057e-02	1.9821e-02	0.407800	0
COL5A2	4	5.0157e-02	1.9821e-02	0.407800	0
GGCT	4	5.0207e-02	1.9821e-02	0.407800	0
STK3	4	5.0256e-02	1.9821e-02	0.407800	0
MXD3	4	5.0356e-02	2.3789e-02	0.440532	0
SAMD12	4	5.0406e-02	2.3789e-02	0.440532	0
KLHDC9	4	5.0455e-02	2.3789e-02	0.440532	0
ZNF556	4	5.0505e-02	2.3789e-02	0.440532	0
RNASEH2B	4	5.0555e-02	2.3789e-02	0.440532	0
EIF4G3	4	5.0605e-02	2.3789e-02	0.440532	0
TSPAN13	4	5.0654e-02	2.3789e-02	0.440532	0
SEC14L5	4	5.0804e-02	2.7750e-02	0.440532	0
C17orf49	4	5.0853e-02	2.7750e-02	0.440532	0
COMT	4	5.0903e-02	2.7750e-02	0.440532	0
TRAF7	4	5.0953e-02	2.7750e-02	0.440532	0
PCDHGA2	4	5.1003e-02	2.7750e-02	0.440532	0
EEF1B2	4	5.1052e-02	2.7750e-02	0.440532	0
ZNF93	4	5.1102e-02	2.7750e-02	0.440532	0
MGEA5	4	5.1152e-02	2.7750e-02	0.440532	0
PSPC1	4	5.1202e-02	2.7750e-02	0.440532	0
ANKRD34A	4	5.1251e-02	2.7750e-02	0.440532	0
VTN	4	5.1301e-02	2.7750e-02	0.440532	0
VCY1B	4	5.1351e-02	2.7750e-02	0.440532	0
FABP2	4	5.1400e-02	2.7750e-02	0.440532	0
NT5C1A	4	5.1450e-02	2.7750e-02	0.440532	0
APOH	4	5.1500e-02	2.7750e-02	0.440532	0
DIRAS1	4	5.1550e-02	2.7750e-02	0.440532	0
EXD1	4	5.1599e-02	2.7750e-02	0.440532	0
LPPR4	4	5.1649e-02	2.7750e-02	0.440532	0
CDKN2AIPNL	4	5.1699e-02	2.7750e-02	0.440532	0
RFPL1	4	5.1748e-02	2.7750e-02	0.440532	0
ZNF740	4	5.1798e-02	2.7750e-02	0.440532	0
DYNC2H1	4	5.1848e-02	2.7750e-02	0.440532	0
PRAMEF2	4	5.1897e-02	2.7750e-02	0.440532	0
TTLL1	4	5.1947e-02	2.7750e-02	0.440532	0
SIGLEC1	4	5.1997e-02	2.7750e-02	0.440532	0
PRODH2	4	5.2047e-02	2.7750e-02	0.440532	0
SUPT7L	4	5.2096e-02	2.7750e-02	0.440532	0
MAGOHB	4	5.2146e-02	2.7750e-02	0.440532	0
SARAF	4	5.2196e-02	2.7750e-02	0.440532	0
SERPINA9	4	5.2245e-02	2.7750e-02	0.440532	0
GFRAL	4	5.2295e-02	2.7750e-02	0.440532	0
POLL	4	5.2345e-02	2.7750e-02	0.440532	0
KLLN	4	5.2394e-02	2.7750e-02	0.440532	0
CYTIP	4	5.2444e-02	2.7750e-02	0.440532	0
DPEP3	4	5.2494e-02	2.7750e-02	0.440532	0
RLN3	4	5.2543e-02	2.7750e-02	0.440532	0
RGS21	4	5.2593e-02	2.7750e-02	0.440532	0
COX19	4	5.2643e-02	2.7750e-02	0.440532	0
OR5AU1	4	5.2692e-02	2.7750e-02	0.440532	0
C14orf39	4	5.2742e-02	2.7750e-02	0.440532	0
HTR5A	4	5.2841e-02	2.7750e-02	0.440532	0
YJEFN3	4	5.2891e-02	2.7750e-02	0.440532	0
PPP1R3G	4	5.2941e-02	2.7750e-02	0.440532	0
PAPPA	4	5.2990e-02	2.7750e-02	0.440532	0
GFOD2	4	5.3090e-02	2.7750e-02	0.440532	0
CREB3L4	4	5.3139e-02	2.7750e-02	0.440532	0
SPOPL	4	5.3189e-02	2.7750e-02	0.440532	0
HIST1H4C	4	5.3239e-02	2.7750e-02	0.440532	0
SYT9	4	5.3288e-02	2.7750e-02	0.440532	0
ATP6V1F	4	5.3338e-02	2.7750e-02	0.440532	0
HS3ST3A1	4	5.3388e-02	2.7750e-02	0.440532	0
HIF3A	4	5.3437e-02	2.7750e-02	0.440532	0
IER5	4	5.3487e-02	2.7750e-02	0.440532	0
PKP4	4	5.3536e-02	2.7750e-02	0.440532	0
FBXW2	4	5.3586e-02	2.7750e-02	0.440532	0
MCTS1	4	5.3636e-02	2.7750e-02	0.440532	0
KAT2A	4	5.3685e-02	2.7750e-02	0.440532	0
UPK2	4	5.3735e-02	2.7750e-02	0.440532	0
MTERF1	4	5.3785e-02	2.7750e-02	0.440532	0
CREG1	4	5.3834e-02	2.7750e-02	0.440532	0
FOXE1	4	5.3884e-02	2.7750e-02	0.440532	0
OR52N5	4	5.3983e-02	2.7750e-02	0.440532	0
HIST1H1C	4	5.4033e-02	2.7750e-02	0.440532	0
LRP5	4	5.4082e-02	2.7750e-02	0.440532	0
SWAP70	4	5.4181e-02	2.7750e-02	0.440532	0
KRTAP22-2	4	5.4231e-02	2.7750e-02	0.440532	0
OR6X1	4	5.4281e-02	2.7750e-02	0.440532	0
NARF	4	5.4330e-02	2.7750e-02	0.440532	0
PRCD	4	5.4380e-02	2.7750e-02	0.440532	0
APOBEC3A	4	5.4429e-02	2.7750e-02	0.440532	0
SERPINB7	4	5.4479e-02	2.7750e-02	0.440532	0
SNX17	4	5.4529e-02	2.7750e-02	0.440532	0
ARHGEF9	4	5.4578e-02	2.7750e-02	0.440532	0
NUDT14	4	5.4628e-02	2.7750e-02	0.440532	0
CCL5	4	5.4677e-02	2.7750e-02	0.440532	0
KIDINS220	4	5.4727e-02	2.7750e-02	0.440532	0
IFNA10	4	5.4777e-02	2.7750e-02	0.440532	0
PRDM10	4	5.4826e-02	2.7750e-02	0.440532	0
SLC22A9	4	5.4925e-02	2.7750e-02	0.440532	0
METTL2A	4	5.4975e-02	2.7750e-02	0.440532	0
VRTN	4	5.5025e-02	2.7750e-02	0.440532	0
PRSS48	4	5.5074e-02	2.7750e-02	0.440532	0
PCDHGB2	4	5.5124e-02	2.7750e-02	0.440532	0
RABL2A	4	5.5223e-02	2.7750e-02	0.440532	0
RNF113B	4	5.5272e-02	2.7750e-02	0.440532	0
CD24	4	5.5322e-02	2.7750e-02	0.440532	0
BTC	4	5.5371e-02	2.7750e-02	0.440532	0
SATB2	4	5.5421e-02	2.7750e-02	0.440532	0
TIGD1	4	5.5471e-02	2.7750e-02	0.440532	0
AZGP1	4	5.5520e-02	2.7750e-02	0.440532	0
KRT71	4	5.5570e-02	2.7750e-02	0.440532	0
KNTC1	4	5.5619e-02	2.7750e-02	0.440532	0
TEX14	4	5.5669e-02	2.7750e-02	0.440532	0
DEC1	4	5.5718e-02	2.7750e-02	0.440532	0
SLC25A2	4	5.5768e-02	2.7750e-02	0.440532	0
PHKB	4	5.5817e-02	2.7750e-02	0.440532	0
GAA	4	5.5867e-02	2.7750e-02	0.440532	0
SUSD4	4	5.5917e-02	2.7750e-02	0.440532	0
C20orf78	4	5.5966e-02	2.7750e-02	0.440532	0
STK17B	4	5.6065e-02	2.7750e-02	0.440532	0
CYP2C8	4	5.6115e-02	2.7750e-02	0.440532	0
SLC36A4	4	5.6164e-02	2.7750e-02	0.440532	0
CLCN6	4	5.6214e-02	2.7750e-02	0.440532	0
KRTAP4-4	4	5.6263e-02	2.7750e-02	0.440532	0
HPD	4	5.6313e-02	2.7750e-02	0.440532	0
PAPSS2	4	5.6412e-02	2.7750e-02	0.440532	0
OR2B11	4	5.6461e-02	2.7750e-02	0.440532	0
TPTE	4	5.6511e-02	2.7750e-02	0.440532	0
CCDC155	4	5.6610e-02	2.7750e-02	0.440532	0
BTLA	4	5.6659e-02	2.7750e-02	0.440532	0
NPHP3	4	5.6709e-02	2.7750e-02	0.440532	0
C6orf165	4	5.6758e-02	2.7750e-02	0.440532	0
SLC24A1	4	5.6808e-02	2.7750e-02	0.440532	0
MYOD1	4	5.6857e-02	2.7750e-02	0.440532	0
USP17L8	4	5.6956e-02	2.7750e-02	0.440532	0
NFKBID	4	5.7006e-02	2.7750e-02	0.440532	0
OR52A1	4	5.7105e-02	2.7750e-02	0.440532	0
ANKMY2	4	5.7154e-02	2.7750e-02	0.440532	0
ZNF692	3	5.7273e-02	2.9671e-02	0.470617	0
ACADVL	4	5.7303e-02	2.7750e-02	0.440532	0
KIF3B	4	5.7352e-02	2.7750e-02	0.440532	0
AMPH	4	5.7402e-02	2.7750e-02	0.440532	0
URGCP-MRPS24	4	5.7501e-02	2.7750e-02	0.440532	0
YWHAG	4	5.7550e-02	2.7750e-02	0.440532	0
CHL1	4	5.7600e-02	2.7750e-02	0.440532	0
DOC2B	4	5.7649e-02	2.7750e-02	0.440532	0
RHOXF2B	4	5.7699e-02	2.7750e-02	0.440532	0
MYO18A	4	5.7748e-02	2.7750e-02	0.440532	0
TMOD3	4	5.7798e-02	2.7750e-02	0.440532	0
TMEM80	4	5.7847e-02	2.7750e-02	0.440532	0
IGSF23	4	5.7897e-02	2.7750e-02	0.440532	0
KRT4	4	5.7946e-02	2.7750e-02	0.440532	0
NLRC5	4	5.7995e-02	2.7750e-02	0.440532	0
OR2T2	4	5.8045e-02	2.7750e-02	0.440532	0
HOXB8	4	5.8144e-02	2.7751e-02	0.440532	0
SLCO4C1	4	5.8193e-02	2.7751e-02	0.440532	0
TRADD	4	5.8243e-02	2.7751e-02	0.440532	0
RD3L	4	5.8292e-02	2.7751e-02	0.440532	0
RP1L1	4	5.8342e-02	2.7751e-02	0.440532	0
KCTD8	4	5.8440e-02	2.7751e-02	0.440532	0
RNF180	4	5.8490e-02	2.7751e-02	0.440532	0
ZNF91	4	5.8539e-02	2.7751e-02	0.440532	0
TNIP1	4	5.8589e-02	2.7751e-02	0.440532	0
GTF2I	4	5.8688e-02	2.7751e-02	0.440532	0
DHX16	4	5.8787e-02	2.7751e-02	0.440532	0
PCDHGB1	4	5.8836e-02	2.7751e-02	0.440532	0
CAPSL	4	5.8885e-02	2.7751e-02	0.440532	0
MYLIP	4	5.8984e-02	2.7751e-02	0.440532	0
PGM1	4	5.9034e-02	2.7751e-02	0.440532	0
SPINK2	4	5.9083e-02	2.7751e-02	0.440532	0
CCDC82	4	5.9132e-02	2.7751e-02	0.440532	0
SLC39A14	4	5.9182e-02	2.7751e-02	0.440532	0
CAMK2G	4	5.9231e-02	2.7751e-02	0.440532	0
EFCAB11	4	5.9281e-02	2.7751e-02	0.440532	0
RASL11B	4	5.9330e-02	2.7751e-02	0.440532	0
PTGER4	4	5.9379e-02	2.7751e-02	0.440532	0
CSF2RB	4	5.9429e-02	2.7751e-02	0.440532	0
UTS2R	4	5.9478e-02	2.7751e-02	0.440532	0
KLF5	4	5.9528e-02	2.7751e-02	0.440532	0
PCDHA6	4	5.9577e-02	2.7751e-02	0.440532	0
KCNJ15	4	5.9626e-02	2.7751e-02	0.440532	0
OR7C1	4	5.9725e-02	2.7751e-02	0.440532	0
NSDHL	4	5.9775e-02	2.7751e-02	0.440532	0
GPR50	4	5.9873e-02	2.7751e-02	0.440532	0
PRR3	4	5.9923e-02	2.7751e-02	0.440532	0
MICU2	4	5.9972e-02	2.7751e-02	0.440532	0
DLGAP5	4	6.0022e-02	2.7751e-02	0.440532	0
TRIM8	4	6.0071e-02	2.7751e-02	0.440532	0
AVIL	4	6.0120e-02	2.7751e-02	0.440532	0
ARFGAP1	4	6.0170e-02	2.7751e-02	0.440532	0
METRNL	4	6.0219e-02	2.7751e-02	0.440532	0
REC8	4	6.0268e-02	2.7751e-02	0.440532	0
KLHL9	4	6.0318e-02	2.7751e-02	0.440532	0
SBF1	4	6.0367e-02	2.7751e-02	0.440532	0
RNF141	4	6.0417e-02	2.7751e-02	0.440532	0
STATH	4	6.0466e-02	2.7751e-02	0.440532	0
SPTY2D1	4	6.0515e-02	2.7751e-02	0.440532	0
FLII	4	6.0565e-02	2.7751e-02	0.440532	0
C9orf171	4	6.0614e-02	2.7751e-02	0.440532	0
ZNF655	4	6.0663e-02	2.7751e-02	0.440532	0
PROK2	4	6.0713e-02	2.7751e-02	0.440532	0
KIAA1024	4	6.0762e-02	2.7751e-02	0.440532	0
BOD1L2	4	6.0811e-02	2.7751e-02	0.440532	0
SPAST	4	6.0861e-02	2.7751e-02	0.440532	0
RP2	4	6.0910e-02	2.7751e-02	0.440532	0
CAMK1D	4	6.1009e-02	2.7751e-02	0.440532	0
PLEKHG4B	4	6.1058e-02	2.7751e-02	0.440532	0
PPP1R3C	4	6.1107e-02	2.7751e-02	0.440532	0
LRRC57	4	6.1157e-02	2.7751e-02	0.440532	0
HKR1	4	6.1206e-02	2.7751e-02	0.440532	0
FAM49B	3	6.1221e-02	3.2643e-02	0.484023	0
OPRM1	4	6.1255e-02	2.7751e-02	0.440532	0
SPACA1	4	6.1305e-02	2.7751e-02	0.440532	0
CDK14	4	6.1354e-02	2.7751e-02	0.440532	0
ESCO1	4	6.1403e-02	2.7751e-02	0.440532	0
ONECUT2	4	6.1453e-02	2.7751e-02	0.440532	0
TRPV3	4	6.1502e-02	2.7751e-02	0.440532	0
ST3GAL2	4	6.1551e-02	2.7751e-02	0.440532	0
ELK4	4	6.1601e-02	2.7751e-02	0.440532	0
LYST	4	6.1650e-02	2.7751e-02	0.440532	0
DLG4	4	6.1699e-02	2.7751e-02	0.440532	0
SMYD3	4	6.1749e-02	2.7751e-02	0.440532	0
SRGN	4	6.1798e-02	2.7751e-02	0.440532	0
LRRC72	4	6.1847e-02	2.7751e-02	0.440532	0
TIPRL	4	6.1897e-02	2.7751e-02	0.440532	0
KRTAP4-7	4	6.1946e-02	2.7751e-02	0.440532	0
SNCB	4	6.1995e-02	2.7751e-02	0.440532	0
HIPK2	4	6.2044e-02	2.7751e-02	0.440532	0
CCR5	4	6.2094e-02	2.7751e-02	0.440532	0
ACTB	4	6.2143e-02	2.7751e-02	0.440532	0
ARRDC4	4	6.2242e-02	2.7751e-02	0.440532	0
DEF8	4	6.2291e-02	2.7751e-02	0.440532	0
ZWILCH	4	6.2340e-02	2.7751e-02	0.440532	0
CLDN1	4	6.2389e-02	2.7751e-02	0.440532	0
RB1CC1	4	6.2439e-02	2.7751e-02	0.440532	0
CCDC61	4	6.2488e-02	2.7751e-02	0.440532	0
RAD51AP2	4	6.2537e-02	2.7751e-02	0.440532	0
MCEMP1	4	6.2587e-02	2.7751e-02	0.440532	0
ASGR1	4	6.2636e-02	2.7751e-02	0.440532	0
TNFSF12	4	6.2734e-02	2.7751e-02	0.440532	0
PECAM1	4	6.2784e-02	2.7751e-02	0.440532	0
CCDC146	4	6.2882e-02	2.7751e-02	0.440532	0
SERPINH1	4	6.2931e-02	2.7751e-02	0.440532	0
IFITM2	4	6.2981e-02	2.7751e-02	0.440532	0
ACOT13	4	6.3030e-02	2.7751e-02	0.440532	0
TARP	4	6.3079e-02	2.7751e-02	0.440532	0
MKS1	4	6.3128e-02	2.7751e-02	0.440532	0
LRTM1	4	6.3178e-02	2.7751e-02	0.440532	0
TMPPE	4	6.3227e-02	2.7751e-02	0.440532	0
CDCA4	4	6.3276e-02	2.7751e-02	0.440532	0
CDCA7	4	6.3325e-02	2.7751e-02	0.440532	0
SEPN1	4	6.3375e-02	2.7751e-02	0.440532	0
SSX3	4	6.3424e-02	2.7751e-02	0.440532	0
POU2AF1	4	6.3473e-02	2.7751e-02	0.440532	0
DTD1	4	6.3522e-02	2.7751e-02	0.440532	0
TAS2R60	4	6.3572e-02	2.7751e-02	0.440532	0
LOC100505841	4	6.3621e-02	2.7751e-02	0.440532	0
SLC24A4	4	6.3670e-02	2.7751e-02	0.440532	0
AK3	4	6.3719e-02	2.7751e-02	0.440532	0
LMAN1L	4	6.3769e-02	2.7751e-02	0.440532	0
MEIS1	4	6.3818e-02	2.7751e-02	0.440532	0
CUL4A	4	6.3916e-02	2.7751e-02	0.440532	0
PIK3R1	4	6.3966e-02	2.7751e-02	0.440532	0
OR5H15	4	6.4015e-02	2.7751e-02	0.440532	0
TKFC	4	6.4113e-02	2.7751e-02	0.440532	0
C10orf95	4	6.4162e-02	2.7751e-02	0.440532	0
ENAM	4	6.4212e-02	2.7751e-02	0.440532	0
ERC2	4	6.4310e-02	2.7751e-02	0.440532	0
NCR3	4	6.4359e-02	2.7751e-02	0.440532	0
KRTAP10-4	4	6.4408e-02	2.7751e-02	0.440532	0
DIS3L2	4	6.4458e-02	2.7751e-02	0.440532	0
CAMKV	4	6.4507e-02	2.7751e-02	0.440532	0
TMEM225	4	6.4556e-02	2.7751e-02	0.440532	0
HIF1A	4	6.4605e-02	2.7751e-02	0.440532	0
EFCAB2	4	6.4654e-02	2.7751e-02	0.440532	0
RBM15	4	6.4753e-02	2.7751e-02	0.440532	0
RETSAT	4	6.4802e-02	2.7751e-02	0.440532	0
GID4	4	6.4851e-02	2.7751e-02	0.440532	0
ARHGAP21	4	6.4900e-02	2.7751e-02	0.440532	0
KDM5B	4	6.4950e-02	2.7751e-02	0.440532	0
C14orf93	4	6.4999e-02	2.7751e-02	0.440532	0
ENTPD8	4	6.5048e-02	2.7751e-02	0.440532	0
USP17L11	4	6.5146e-02	2.7751e-02	0.440532	0
ZFHX3	4	6.5195e-02	2.7751e-02	0.440532	0
LSS	4	6.5245e-02	2.7751e-02	0.440532	0
DCUN1D1	4	6.5294e-02	2.7751e-02	0.440532	0
ADGRV1	4	6.5343e-02	2.7751e-02	0.440532	0
SLC7A9	4	6.5392e-02	2.7751e-02	0.440532	0
MARVELD3	4	6.5490e-02	3.1740e-02	0.471008	0
TTC39C	4	6.5540e-02	3.1740e-02	0.471008	0
FAM157B	4	6.5589e-02	3.1740e-02	0.471008	0
NRIP2	4	6.5638e-02	3.1740e-02	0.471008	0
ST14	4	6.5687e-02	3.1740e-02	0.471008	0
OR2G3	4	6.5736e-02	3.1740e-02	0.471008	0
KLHL31	4	6.5785e-02	3.1740e-02	0.471008	0
CHURC1	4	6.5884e-02	3.1740e-02	0.471008	0
DSC1	4	6.5933e-02	3.1740e-02	0.471008	0
CAMTA1	4	6.5982e-02	3.1740e-02	0.471008	0
LCMT1	4	6.6031e-02	3.1740e-02	0.471008	0
CCDC177	4	6.6080e-02	3.1740e-02	0.471008	0
OAZ3	4	6.6129e-02	3.1740e-02	0.471008	0
BRI3	4	6.6228e-02	3.1740e-02	0.471008	0
FAM222A	4	6.6277e-02	3.1740e-02	0.471008	0
CHST9	4	6.6326e-02	3.1740e-02	0.471008	0
WNT4	4	6.6375e-02	3.1740e-02	0.471008	0
RCN1	4	6.6424e-02	3.1740e-02	0.471008	0
KLHL15	4	6.6473e-02	3.1740e-02	0.471008	0
LRRC49	4	6.6522e-02	3.1740e-02	0.471008	0
SPATA6L	4	6.6572e-02	3.1740e-02	0.471008	0
SLC10A6	4	6.6621e-02	3.1740e-02	0.471008	0
RAVER1	4	6.6670e-02	3.1740e-02	0.471008	0
ABCC4	4	6.6719e-02	3.1740e-02	0.471008	0
SIKE1	4	6.6768e-02	3.1740e-02	0.471008	0
TMEM184C	4	6.6817e-02	3.1740e-02	0.471008	0
USP17L21	4	6.6866e-02	3.1740e-02	0.471008	0
GADD45G	4	6.6915e-02	3.1740e-02	0.471008	0
POMGNT2	4	6.6964e-02	3.1740e-02	0.471008	0
DUSP7	4	6.7014e-02	3.1740e-02	0.471008	0
SYTL2	4	6.7112e-02	3.1740e-02	0.471008	0
C7orf76	4	6.7161e-02	3.1740e-02	0.471008	0
FSD2	4	6.7210e-02	3.1740e-02	0.471008	0
ADCY7	4	6.7308e-02	3.1740e-02	0.471008	0
ICK	4	6.7357e-02	3.1740e-02	0.471008	0
TSHR	4	6.7406e-02	3.1740e-02	0.471008	0
BST1	4	6.7455e-02	3.1740e-02	0.471008	0
ZMIZ1	4	6.7554e-02	3.1740e-02	0.471008	0
CFB	4	6.7603e-02	3.1740e-02	0.471008	0
TSPAN6	4	6.7652e-02	3.1740e-02	0.471008	0
PDPR	4	6.7701e-02	3.1740e-02	0.471008	0
ZNF324B	4	6.7750e-02	3.1741e-02	0.471008	0
PYGL	4	6.7799e-02	3.1741e-02	0.471008	0
SCAF11	4	6.7848e-02	3.1741e-02	0.471008	0
CHMP4B	4	6.7897e-02	3.1741e-02	0.471008	0
SAP30	4	6.7946e-02	3.1741e-02	0.471008	0
CD2AP	4	6.7995e-02	3.1741e-02	0.471008	0
C19orf60	4	6.8044e-02	3.1741e-02	0.471008	0
SLC24A2	4	6.8142e-02	3.1741e-02	0.471008	0
TMC1	4	6.8191e-02	3.1741e-02	0.471008	0
ALCAM	4	6.8241e-02	3.1741e-02	0.471008	0
CKM	4	6.8290e-02	3.1741e-02	0.471008	0
TRAPPC9	4	6.8339e-02	3.1741e-02	0.471008	0
HHIPL2	4	6.8388e-02	3.1741e-02	0.471008	0
GLB1	4	6.8486e-02	3.1741e-02	0.471008	0
ZNF572	4	6.8535e-02	3.1741e-02	0.471008	0
KCNK1	4	6.8584e-02	3.1741e-02	0.471008	0
SLC9A5	4	6.8633e-02	3.1741e-02	0.471008	0
CACNA1G	4	6.8682e-02	3.1741e-02	0.471008	0
GEM	4	6.8731e-02	3.1741e-02	0.471008	0
HABP4	4	6.8780e-02	3.1741e-02	0.471008	0
TNFAIP1	4	6.8829e-02	3.1741e-02	0.471008	0
SCN5A	4	6.8878e-02	3.1741e-02	0.471008	0
NAA30	4	6.8927e-02	3.1741e-02	0.471008	0
IL2	4	6.9025e-02	3.1741e-02	0.471008	0
NADK2	4	6.9074e-02	3.1741e-02	0.471008	0
LOC400927-CSNK1E	4	6.9123e-02	3.1741e-02	0.471008	0
LCE6A	4	6.9172e-02	3.1741e-02	0.471008	0
RCBTB1	4	6.9221e-02	3.1741e-02	0.471008	0
TRIM51	4	6.9270e-02	3.1741e-02	0.471008	0
ZNF408	4	6.9319e-02	3.1741e-02	0.471008	0
ANKRD13A	4	6.9368e-02	3.1741e-02	0.471008	0
PRND	4	6.9417e-02	3.1741e-02	0.471008	0
PUF60	4	6.9466e-02	3.1741e-02	0.471008	0
FOXB1	4	6.9515e-02	3.1741e-02	0.471008	0
IFT80	4	6.9613e-02	3.1741e-02	0.471008	0
ADRB3	4	6.9662e-02	3.1741e-02	0.471008	0
PAH	4	6.9711e-02	3.1741e-02	0.471008	0
IRG1	4	6.9760e-02	3.1741e-02	0.471008	0
KLHL12	4	6.9809e-02	3.1741e-02	0.471008	0
BOLA2	4	6.9858e-02	3.1741e-02	0.471008	0
TNFAIP3	4	6.9907e-02	3.1741e-02	0.471008	0
SLAMF8	4	6.9956e-02	3.1741e-02	0.471008	0
ETV2	4	7.0103e-02	3.5694e-02	0.488107	0
DCTD	4	7.0152e-02	3.5694e-02	0.488107	0
DSCR4	4	7.0201e-02	3.5694e-02	0.488107	0
ZNF106	4	7.0250e-02	3.5694e-02	0.488107	0
GRIFIN	4	7.0299e-02	3.5694e-02	0.488107	0
RANBP9	4	7.0348e-02	3.5694e-02	0.488107	0
CCDC37	4	7.0397e-02	3.5694e-02	0.488107	0
TUBB2A	4	7.0446e-02	3.5694e-02	0.488107	0
DUSP10	4	7.0495e-02	3.5694e-02	0.488107	0
PCDHB15	4	7.0544e-02	3.5694e-02	0.488107	0
PPP1R3E	4	7.0593e-02	3.5694e-02	0.488107	0
CDC42BPB	4	7.0691e-02	3.5694e-02	0.488107	0
C1orf100	4	7.0740e-02	3.5694e-02	0.488107	0
SLC7A4	4	7.0789e-02	3.5694e-02	0.488107	0
PPP1R32	4	7.0887e-02	3.5694e-02	0.488107	0
IL21R	4	7.0935e-02	3.5694e-02	0.488107	0
SIX4	4	7.0984e-02	3.5694e-02	0.488107	0
TIMM23	4	7.1033e-02	3.5694e-02	0.488107	0
MAGED4	4	7.1082e-02	3.5694e-02	0.488107	0
TMEM169	4	7.1131e-02	3.5695e-02	0.488107	0
ELAVL2	4	7.1180e-02	3.5695e-02	0.488107	0
HDDC2	4	7.1229e-02	3.5695e-02	0.488107	0
NR1H4	4	7.1278e-02	3.5695e-02	0.488107	0
ADA	4	7.1327e-02	3.5695e-02	0.488107	0
C2orf73	4	7.1376e-02	3.5695e-02	0.488107	0
CCDC62	4	7.1425e-02	3.5695e-02	0.488107	0
RASA1	4	7.1523e-02	3.5695e-02	0.488107	0
CFAP47	4	7.1572e-02	3.5695e-02	0.488107	0
TGFBR2	4	7.1621e-02	3.5695e-02	0.488107	0
CBX4	4	7.1669e-02	3.5695e-02	0.488107	0
DERA	4	7.1767e-02	3.5695e-02	0.488107	0
HMGN1	4	7.1816e-02	3.5695e-02	0.488107	0
C19orf43	4	7.1865e-02	3.5695e-02	0.488107	0
DCLRE1A	4	7.1914e-02	3.5695e-02	0.488107	0
STXBP3	4	7.1963e-02	3.5695e-02	0.488107	0
SOX12	4	7.2012e-02	3.5695e-02	0.488107	0
AP2A2	4	7.2061e-02	3.5695e-02	0.488107	0
MORF4L1	4	7.2110e-02	3.5695e-02	0.488107	0
SFMBT1	4	7.2256e-02	3.9611e-02	0.488107	0
GPR135	4	7.2305e-02	3.9611e-02	0.488107	0
RHOJ	4	7.2354e-02	3.9611e-02	0.488107	0
COL10A1	4	7.2403e-02	3.9611e-02	0.488107	0
ARHGEF10	4	7.2501e-02	3.9611e-02	0.488107	0
CLDN12	4	7.2550e-02	3.9611e-02	0.488107	0
GGA3	4	7.2599e-02	3.9611e-02	0.488107	0
REEP5	4	7.2647e-02	3.9611e-02	0.488107	0
C18orf63	4	7.2696e-02	3.9611e-02	0.488107	0
AJUBA	4	7.2745e-02	3.9611e-02	0.488107	0
RRAGC	4	7.2794e-02	3.9611e-02	0.488107	0
SCARF1	4	7.2843e-02	3.9611e-02	0.488107	0
ZBTB34	4	7.2892e-02	3.9611e-02	0.488107	0
HOMER2	4	7.2941e-02	3.9611e-02	0.488107	0
ADAD1	4	7.2990e-02	3.9611e-02	0.488107	0
KRTAP9-6	4	7.3038e-02	3.9611e-02	0.488107	0
ARFIP1	4	7.3087e-02	3.9611e-02	0.488107	0
CPNE5	4	7.3136e-02	3.9611e-02	0.488107	0
GALC	4	7.3185e-02	3.9611e-02	0.488107	0
AMBN	4	7.3234e-02	3.9611e-02	0.488107	0
TMED7	4	7.3503e-02	3.9611e-02	0.488107	0
VANGL1	4	7.3503e-02	3.9611e-02	0.488107	0
WFDC5	4	7.3503e-02	3.9611e-02	0.488107	0
KCNIP1	4	7.3503e-02	3.9611e-02	0.488107	0
CYB5RL	4	7.3503e-02	3.9611e-02	0.488107	0
NBAS	4	7.3503e-02	3.9611e-02	0.488107	0
FGF23	4	7.3503e-02	3.9611e-02	0.488107	0
FTSJ2	4	7.3503e-02	3.9611e-02	0.488107	0
LOC100130357	4	7.3503e-02	3.9611e-02	0.488107	0
PIK3AP1	4	7.3503e-02	3.9611e-02	0.488107	0
SSPN	3	7.3699e-02	3.8480e-02	0.488107	0
EYA3	4	7.3771e-02	3.9611e-02	0.488107	0
GABRG3	4	7.3820e-02	3.9611e-02	0.488107	0
C3orf79	4	7.3869e-02	3.9611e-02	0.488107	0
SCN2B	4	7.3918e-02	3.9611e-02	0.488107	0
GDF11	4	7.3966e-02	3.9611e-02	0.488107	0
ARSG	4	7.4015e-02	3.9611e-02	0.488107	0
PABPN1	4	7.4064e-02	3.9611e-02	0.488107	0
TRIP12	4	7.4113e-02	3.9611e-02	0.488107	0
PRR20C	4	7.4162e-02	3.9611e-02	0.488107	0
SPEG	4	7.4211e-02	3.9611e-02	0.488107	0
KCNJ3	4	7.4308e-02	3.9611e-02	0.488107	0
STOX2	4	7.4357e-02	3.9611e-02	0.488107	0
PLA2G2F	3	7.4363e-02	3.8481e-02	0.488107	0
ZBTB21	4	7.4406e-02	3.9611e-02	0.488107	0
KCNH1	4	7.4455e-02	3.9611e-02	0.488107	0
CCDC88B	4	7.4503e-02	3.9611e-02	0.488107	0
OGDHL	4	7.4552e-02	3.9611e-02	0.488107	0
FAM120C	4	7.4601e-02	3.9611e-02	0.488107	0
SLC46A1	4	7.4650e-02	3.9611e-02	0.488107	0
PAQR8	4	7.4699e-02	3.9611e-02	0.488107	0
CCDC178	4	7.4747e-02	3.9611e-02	0.488107	0
FBXL22	4	7.4796e-02	3.9611e-02	0.488107	0
LOC388849	3	7.4841e-02	3.8481e-02	0.488107	0
TRIM42	4	7.4845e-02	3.9611e-02	0.488107	0
RYK	4	7.4894e-02	3.9611e-02	0.488107	0
ACBD7	4	7.4943e-02	3.9611e-02	0.488107	0
PAGE2	4	7.4991e-02	3.9611e-02	0.488107	0
TLL2	4	7.5040e-02	3.9611e-02	0.488107	0
ATPAF1	4	7.5089e-02	3.9611e-02	0.488107	0
METTL4	4	7.5138e-02	3.9611e-02	0.488107	0
KLF8	4	7.5187e-02	3.9611e-02	0.488107	0
LRRC18	4	7.5235e-02	3.9611e-02	0.488107	0
NEURL1	4	7.5284e-02	3.9611e-02	0.488107	0
ARL16	4	7.5333e-02	3.9611e-02	0.488107	0
MTA3	4	7.5406e-02	3.9611e-02	0.488107	0
TLR2	4	7.5406e-02	3.9611e-02	0.488107	0
RSPH3	4	7.5479e-02	3.9611e-02	0.488107	0
NBPF7	4	7.5528e-02	3.9611e-02	0.488107	0
UBXN4	4	7.5577e-02	3.9611e-02	0.488107	0
HS6ST2	4	7.5674e-02	3.9611e-02	0.488107	0
MT4	4	7.5723e-02	3.9611e-02	0.488107	0
TCEANC	4	7.5772e-02	3.9611e-02	0.488107	0
FAM153B	4	7.5821e-02	3.9611e-02	0.488107	0
SCML4	4	7.5869e-02	3.9611e-02	0.488107	0
RIC8B	4	7.5967e-02	3.9611e-02	0.488107	0
WDR19	4	7.6016e-02	3.9611e-02	0.488107	0
USP20	4	7.6064e-02	3.9611e-02	0.488107	0
FADS2	4	7.6113e-02	3.9611e-02	0.488107	0
TBX2	4	7.6162e-02	3.9611e-02	0.488107	0
GGT5	4	7.6259e-02	3.9611e-02	0.488107	0
ZNF497	4	7.6308e-02	3.9611e-02	0.488107	0
RNPEPL1	4	7.6357e-02	3.9611e-02	0.488107	0
CTSS	4	7.6405e-02	3.9611e-02	0.488107	0
STON1	4	7.6454e-02	3.9611e-02	0.488107	0
IZUMO1	4	7.6503e-02	3.9611e-02	0.488107	0
NPC1	4	7.6600e-02	3.9611e-02	0.488107	0
EFHD1	4	7.6649e-02	3.9611e-02	0.488107	0
TMEM230	4	7.6698e-02	3.9611e-02	0.488107	0
PPP1R37	4	7.6746e-02	3.9611e-02	0.488107	0
PRPF4B	4	7.6844e-02	3.9611e-02	0.488107	0
DDAH2	4	7.6893e-02	3.9611e-02	0.488107	0
INPP4B	4	7.6941e-02	3.9611e-02	0.488107	0
LAMP1	4	7.6990e-02	3.9611e-02	0.488107	0
NPM1	4	7.7039e-02	3.9611e-02	0.488107	0
COL14A1	4	7.7087e-02	3.9611e-02	0.488107	0
KDM6A	4	7.7136e-02	3.9611e-02	0.488107	0
AQP2	4	7.7185e-02	3.9611e-02	0.488107	0
GRP	4	7.7234e-02	3.9611e-02	0.488107	0
ZNF28	4	7.7282e-02	3.9611e-02	0.488107	0
TRMT11	4	7.7331e-02	3.9611e-02	0.488107	0
TNKS1BP1	4	7.7380e-02	3.9611e-02	0.488107	0
OR5M8	4	7.7428e-02	3.9611e-02	0.488107	0
MARVELD2	4	7.7477e-02	3.9611e-02	0.488107	0
SPATA22	4	7.7526e-02	3.9611e-02	0.488107	0
PSG7	4	7.7574e-02	3.9611e-02	0.488107	0
B4GAT1	4	7.7623e-02	3.9611e-02	0.488107	0
DEFB130	4	7.7672e-02	3.9611e-02	0.488107	0
BEND5	4	7.7720e-02	3.9611e-02	0.488107	0
MOSPD1	4	7.7769e-02	3.9611e-02	0.488107	0
ARHGAP8	4	7.7818e-02	3.9611e-02	0.488107	0
ENTPD4	4	7.7866e-02	3.9611e-02	0.488107	0
TRIM47	4	7.7915e-02	3.9611e-02	0.488107	0
MYH8	4	7.7964e-02	3.9611e-02	0.488107	0
C7orf55	4	7.8012e-02	3.9611e-02	0.488107	0
JUND	4	7.8061e-02	3.9611e-02	0.488107	0
PIGS	4	7.8110e-02	3.9611e-02	0.488107	0
FAM208B	4	7.8158e-02	3.9611e-02	0.488107	0
CTAGE9	4	7.8207e-02	3.9611e-02	0.488107	0
UBTFL1	4	7.8256e-02	3.9611e-02	0.488107	0
TTC7B	4	7.8304e-02	3.9611e-02	0.488107	0
DOCK9	4	7.8353e-02	3.9611e-02	0.488107	0
ACP6	4	7.8402e-02	3.9611e-02	0.488107	0
OR2L5	4	7.8450e-02	3.9611e-02	0.488107	0
CRISP2	4	7.8499e-02	3.9611e-02	0.488107	0
LILRB3	4	7.8548e-02	3.9611e-02	0.488107	0
RBM26	4	7.8596e-02	3.9611e-02	0.488107	0
ACSBG1	4	7.8645e-02	3.9611e-02	0.488107	0
ST3GAL5	4	7.8694e-02	3.9611e-02	0.488107	0
FAM206A	4	7.8791e-02	3.9611e-02	0.488107	0
STRA8	4	7.8840e-02	3.9611e-02	0.488107	0
MFAP3	4	7.8888e-02	3.9611e-02	0.488107	0
MXRA7	4	7.8937e-02	3.9611e-02	0.488107	0
TAF9	4	7.8985e-02	3.9611e-02	0.488107	0
RBM10	4	7.9034e-02	3.9611e-02	0.488107	0
HNRNPH3	4	7.9131e-02	3.9611e-02	0.488107	0
SFT2D3	4	7.9180e-02	3.9611e-02	0.488107	0
TSPY8	4	7.9229e-02	3.9611e-02	0.488107	0
SLC4A5	4	7.9277e-02	3.9611e-02	0.488107	0
SPZ1	4	7.9374e-02	3.9611e-02	0.488107	0
GRXCR1	4	7.9423e-02	3.9611e-02	0.488107	0
RASGRF2	4	7.9472e-02	3.9611e-02	0.488107	0
RAB37	4	7.9520e-02	3.9611e-02	0.488107	0
KIAA0895L	4	7.9569e-02	3.9611e-02	0.488107	0
PM20D1	4	7.9617e-02	3.9611e-02	0.488107	0
UNC93B1	4	7.9666e-02	3.9611e-02	0.488107	0
SPACA4	4	7.9715e-02	3.9611e-02	0.488107	0
BEND3	4	7.9788e-02	3.9611e-02	0.488107	0
ARRDC3	4	7.9860e-02	3.9611e-02	0.488107	0
OR5D13	4	7.9909e-02	3.9611e-02	0.488107	0
TOX2	4	7.9958e-02	3.9611e-02	0.488107	0
MOB3C	4	8.0006e-02	3.9611e-02	0.488107	0
TPMT	4	8.0103e-02	4.3523e-02	0.488107	0
RNF217	4	8.0152e-02	4.3523e-02	0.488107	0
MICALL1	4	8.0201e-02	4.3523e-02	0.488107	0
N6AMT2	4	8.0249e-02	4.3523e-02	0.488107	0
GLCE	4	8.0298e-02	4.3523e-02	0.488107	0
USP9X	4	8.0346e-02	4.3523e-02	0.488107	0
TXLNA	4	8.0395e-02	4.3523e-02	0.488107	0
PLCL2	4	8.0443e-02	4.3523e-02	0.488107	0
WHSC1L1	4	8.0492e-02	4.3523e-02	0.488107	0
ERICH3	4	8.0541e-02	4.3523e-02	0.488107	0
SREBF2	4	8.0589e-02	4.3523e-02	0.488107	0
MAMSTR	4	8.0638e-02	4.3523e-02	0.488107	0
RPGR	4	8.0686e-02	4.3523e-02	0.488107	0
ST8SIA6	4	8.0735e-02	4.3523e-02	0.488107	0
SMAD7	3	8.0759e-02	4.1447e-02	0.488107	0
TRIM5	4	8.0832e-02	4.3523e-02	0.488107	0
APBB3	4	8.0929e-02	4.3523e-02	0.488107	0
DRAXIN	4	8.0978e-02	4.3523e-02	0.488107	0
OPN1MW	4	8.1075e-02	4.3523e-02	0.488107	0
H1FNT	4	8.1123e-02	4.3523e-02	0.488107	0
ADCY8	4	8.1172e-02	4.3523e-02	0.488107	0
SPIRE2	4	8.1220e-02	4.3523e-02	0.488107	0
SNTG2	4	8.1269e-02	4.3523e-02	0.488107	0
SPANXN4	4	8.1317e-02	4.3523e-02	0.488107	0
KIAA1462	4	8.1414e-02	4.3523e-02	0.488107	0
TROAP	4	8.1463e-02	4.3523e-02	0.488107	0
CDKN1B	4	8.1511e-02	4.3523e-02	0.488107	0
FAM47E	4	8.1560e-02	4.3523e-02	0.488107	0
FAM84B	4	8.1609e-02	4.3523e-02	0.488107	0
MSRB2	4	8.1657e-02	4.3523e-02	0.488107	0
LHFPL3	4	8.1706e-02	4.3523e-02	0.488107	0
SRSF12	4	8.1754e-02	4.3523e-02	0.488107	0
ATXN3L	4	8.1803e-02	4.3523e-02	0.488107	0
NRROS	4	8.1851e-02	4.3523e-02	0.488107	0
HARBI1	4	8.1900e-02	4.3523e-02	0.488107	0
ZNF157	4	8.1948e-02	4.3523e-02	0.488107	0
RPP25	4	8.1997e-02	4.3523e-02	0.488107	0
VIMP	4	8.2094e-02	4.7457e-02	0.488107	0
PEX6	4	8.2142e-02	4.7457e-02	0.488107	0
AP2B1	4	8.2191e-02	4.7457e-02	0.488107	0
OTUD5	4	8.2239e-02	4.7457e-02	0.488107	0
SLC4A10	4	8.2288e-02	4.7457e-02	0.488107	0
EPS15L1	4	8.2336e-02	4.7457e-02	0.488107	0
STRADA	4	8.2385e-02	4.7457e-02	0.488107	0
FAM92A1	4	8.2433e-02	4.7457e-02	0.488107	0
EFCAB5	4	8.2482e-02	4.7457e-02	0.488107	0
SLC5A8	4	8.2530e-02	4.7457e-02	0.488107	0
EFCAB3	4	8.2579e-02	4.7457e-02	0.488107	0
TGM7	4	8.2627e-02	4.7457e-02	0.488107	0
GATSL3	4	8.2724e-02	4.7457e-02	0.488107	0
RPL36AL	4	8.2773e-02	4.7457e-02	0.488107	0
CCL26	4	8.2821e-02	4.7457e-02	0.488107	0
ATP1A4	4	8.2870e-02	4.7457e-02	0.488107	0
PRAMEF1	4	8.2918e-02	4.7457e-02	0.488107	0
CROT	4	8.2966e-02	4.7457e-02	0.488107	0
CSNK1E	4	8.3112e-02	4.7457e-02	0.488107	0
SMIM21	4	8.3160e-02	4.7457e-02	0.488107	0
CDY2B	4	8.3209e-02	4.7457e-02	0.488107	0
INPP5B	4	8.3257e-02	4.7457e-02	0.488107	0
RASGRP2	4	8.3306e-02	4.7457e-02	0.488107	0
CMTM1	4	8.3354e-02	4.7457e-02	0.488107	0
WTIP	4	8.3403e-02	4.7457e-02	0.488107	0
C19orf35	4	8.3451e-02	4.7457e-02	0.488107	0
RAB19	4	8.3500e-02	4.7457e-02	0.488107	0
SYDE1	4	8.3548e-02	4.7457e-02	0.488107	0
TDG	4	8.3596e-02	4.7457e-02	0.488107	0
UMAD1	4	8.3645e-02	4.7457e-02	0.488107	0
FAM25C	4	8.3693e-02	4.7457e-02	0.488107	0
SEC24B	4	8.3742e-02	4.7457e-02	0.488107	0
ZNF276	4	8.3790e-02	4.7457e-02	0.488107	0
ZNF761	4	8.3839e-02	4.7457e-02	0.488107	0
HTR7	4	8.3887e-02	4.7457e-02	0.488107	0
FNDC9	4	8.3936e-02	4.7457e-02	0.488107	0
CTBS	4	8.3984e-02	4.7457e-02	0.488107	0
LINS	4	8.4032e-02	4.7457e-02	0.488107	0
GIT1	4	8.4081e-02	4.7457e-02	0.488107	0
CPSF7	4	8.4129e-02	4.7457e-02	0.488107	0
ZSCAN30	4	8.4178e-02	4.7457e-02	0.488107	0
DOCK1	4	8.4226e-02	4.7457e-02	0.488107	0
GZMA	4	8.4323e-02	4.7457e-02	0.488107	0
BATF	4	8.4371e-02	4.7457e-02	0.488107	0
ANO6	4	8.4420e-02	4.7457e-02	0.488107	0
ZNF584	4	8.4468e-02	4.7457e-02	0.488107	0
FBXO4	4	8.4517e-02	4.7457e-02	0.488107	0
ZDBF2	4	8.4565e-02	4.7457e-02	0.488107	0
LDHB	4	8.4613e-02	4.7457e-02	0.488107	0
MAPK15	4	8.4662e-02	4.7457e-02	0.488107	0
AKAP4	4	8.4759e-02	4.7457e-02	0.488107	0
DNAJB6	4	8.4807e-02	4.7457e-02	0.488107	0
RABL6	4	8.4904e-02	4.7457e-02	0.488107	0
ITGA2	4	8.4952e-02	4.7457e-02	0.488107	0
TRAF3IP3	4	8.5001e-02	4.7457e-02	0.488107	0
KL	4	8.5049e-02	4.7457e-02	0.488107	0
EGLN3	4	8.5097e-02	4.7457e-02	0.488107	0
LMOD1	4	8.5146e-02	4.7457e-02	0.488107	0
PCDHGC5	4	8.5194e-02	4.7457e-02	0.488107	0
KLHL28	4	8.5242e-02	4.7457e-02	0.488107	0
ALKBH5	4	8.5291e-02	4.7457e-02	0.488107	0
CRX	4	8.5339e-02	4.7457e-02	0.488107	0
PCDHAC2	4	8.5388e-02	4.7457e-02	0.488107	0
PPM1L	4	8.5436e-02	4.7457e-02	0.488107	0
ZNF630	4	8.5484e-02	4.7457e-02	0.488107	0
KCTD6	4	8.5533e-02	4.7457e-02	0.488107	0
TMSB4X	4	8.5581e-02	4.7457e-02	0.488107	0
TRANK1	4	8.5629e-02	4.7457e-02	0.488107	0
CCDC88A	4	8.5678e-02	4.7457e-02	0.488107	0
TYK2	4	8.5726e-02	4.7457e-02	0.488107	0
PCNP	4	8.5775e-02	4.7457e-02	0.488107	0
C6orf47	4	8.5823e-02	4.7457e-02	0.488107	0
IGHMBP2	4	8.5871e-02	4.7457e-02	0.488107	0
MAGI1	4	8.5920e-02	4.7457e-02	0.488107	0
G6PC3	4	8.6065e-02	4.7457e-02	0.488107	0
IRF1	4	8.6113e-02	4.7457e-02	0.488107	0
CAPN11	4	8.6161e-02	4.7457e-02	0.488107	0
S100A9	4	8.6258e-02	4.7457e-02	0.488107	0
CLCF1	4	8.6306e-02	4.7457e-02	0.488107	0
KRT2	4	8.6355e-02	4.7457e-02	0.488107	0
ZNF436	4	8.6403e-02	4.7457e-02	0.488107	0
MPZ	4	8.6451e-02	4.7457e-02	0.488107	0
TCEANC2	4	8.6500e-02	4.7457e-02	0.488107	0
NKAIN3	4	8.6548e-02	4.7457e-02	0.488107	0
SSX2IP	4	8.6596e-02	4.7457e-02	0.488107	0
GNAZ	3	8.6614e-02	4.4337e-02	0.488107	0
ATP5I	4	8.6645e-02	4.7457e-02	0.488107	0
ZNF501	4	8.6693e-02	4.7457e-02	0.488107	0
RGN	4	8.6790e-02	4.7457e-02	0.488107	0
RNF34	4	8.6886e-02	4.7457e-02	0.488107	0
SCNN1A	4	8.6983e-02	4.7457e-02	0.488107	0
ANKRA2	4	8.7031e-02	4.7457e-02	0.488107	0
XKR5	4	8.7080e-02	4.7457e-02	0.488107	0
MAS1	4	8.7128e-02	4.7457e-02	0.488107	0
PDS5A	4	8.7176e-02	4.7457e-02	0.488107	0
TMC4	4	8.7224e-02	4.7457e-02	0.488107	0
TSPAN12	4	8.7273e-02	4.7457e-02	0.488107	0
RSRC2	4	8.7321e-02	4.7457e-02	0.488107	0
KRTAP13-2	4	8.7369e-02	4.7457e-02	0.488107	0
LAMB3	4	8.7466e-02	4.7457e-02	0.488107	0
EPHA5	4	8.7514e-02	4.7457e-02	0.488107	0
HJURP	4	8.7563e-02	4.7457e-02	0.488107	0
OTUB2	4	8.7611e-02	4.7457e-02	0.488107	0
FAM228A	4	8.7659e-02	4.7457e-02	0.488107	0
PITPNM2	4	8.7707e-02	4.7457e-02	0.488107	0
RBSN	4	8.7756e-02	4.7457e-02	0.488107	0
KTN1	4	8.7804e-02	4.7457e-02	0.488107	0
MBD5	4	8.7852e-02	4.7457e-02	0.488107	0
SDR16C5	4	8.7900e-02	4.7457e-02	0.488107	0
CNN2	4	8.7949e-02	4.7457e-02	0.488107	0
CD9	4	8.7997e-02	4.7457e-02	0.488107	0
KPNA5	4	8.8045e-02	4.7457e-02	0.488107	0
C22orf39	4	8.8094e-02	4.7457e-02	0.488107	0
ALOX15B	4	8.8142e-02	4.7457e-02	0.488107	0
OPTN	4	8.8190e-02	4.7457e-02	0.488107	0
NAT8B	4	8.8238e-02	4.7457e-02	0.488107	0
DKKL1	4	8.8335e-02	4.7457e-02	0.488107	0
LRGUK	4	8.8383e-02	4.7457e-02	0.488107	0
DTNB	4	8.8431e-02	4.7457e-02	0.488107	0
CARD16	4	8.8480e-02	4.7457e-02	0.488107	0
GATAD2B	4	8.8528e-02	4.7457e-02	0.488107	0
CTXN2	4	8.8576e-02	4.7457e-02	0.488107	0
OPN3	4	8.8624e-02	4.7457e-02	0.488107	0
MBNL3	4	8.8673e-02	4.7457e-02	0.488107	0
THAP10	4	8.8721e-02	4.7457e-02	0.488107	0
NLRP11	4	8.8769e-02	4.7457e-02	0.488107	0
C9orf129	4	8.8817e-02	4.7457e-02	0.488107	0
CMC2	4	8.8866e-02	4.7457e-02	0.488107	0
CDKN2C	4	8.8914e-02	4.7457e-02	0.488107	0
AKR1C2	4	8.8962e-02	4.7457e-02	0.488107	0
NFATC2IP	4	8.9010e-02	4.7457e-02	0.488107	0
NEURL3	4	8.9059e-02	4.7457e-02	0.488107	0
MTMR7	4	8.9203e-02	4.7457e-02	0.488107	0
ADCK1	4	8.9251e-02	4.7457e-02	0.488107	0
C17orf107	4	8.9300e-02	4.7457e-02	0.488107	0
PRKACA	4	8.9396e-02	4.7457e-02	0.488107	0
CNST	4	8.9444e-02	4.7457e-02	0.488107	0
PACRGL	4	8.9541e-02	4.7457e-02	0.488107	0
ANKUB1	4	8.9589e-02	4.7457e-02	0.488107	0
CLPTM1	4	8.9637e-02	4.7457e-02	0.488107	0
PLA2G16	4	8.9685e-02	4.7457e-02	0.488107	0
ACTRT1	4	8.9734e-02	4.7457e-02	0.488107	0
ITPRIP	4	8.9782e-02	4.7457e-02	0.488107	0
AWAT1	4	8.9830e-02	4.7457e-02	0.488107	0
LOC101927322	4	8.9878e-02	4.7457e-02	0.488107	0
CDS1	4	8.9926e-02	4.7457e-02	0.488107	0
C2orf54	4	8.9975e-02	4.7457e-02	0.488107	0
SRPK3	4	9.0023e-02	4.7457e-02	0.488107	0
S100A13	4	9.0071e-02	4.7457e-02	0.488107	0
HCFC1R1	4	9.0119e-02	4.7457e-02	0.488107	0
SLA2	4	9.0167e-02	4.7457e-02	0.488107	0
FAM167A	4	9.0215e-02	4.7457e-02	0.488107	0
SLC39A11	4	9.0264e-02	4.7457e-02	0.488107	0
SYT12	4	9.0312e-02	4.7457e-02	0.488107	0
S1PR4	4	9.0360e-02	4.7457e-02	0.488107	0
NKIRAS2	4	9.0408e-02	4.7457e-02	0.488107	0
UGGT1	4	9.0456e-02	4.7457e-02	0.488107	0
CALML5	4	9.0505e-02	4.7457e-02	0.488107	0
SLC30A10	4	9.0553e-02	4.7457e-02	0.488107	0
UCN2	4	9.0601e-02	4.7457e-02	0.488107	0
CAMK2N1	4	9.0649e-02	4.7457e-02	0.488107	0
AZU1	4	9.0697e-02	4.7457e-02	0.488107	0
CLDN5	4	9.0745e-02	4.7457e-02	0.488107	0
KCNK10	4	9.0842e-02	4.7457e-02	0.488107	0
MTO1	4	9.0890e-02	4.7457e-02	0.488107	0
GUCA1A	4	9.0938e-02	4.7457e-02	0.488107	0
OOSP2	4	9.0986e-02	4.7457e-02	0.488107	0
ALG5	4	9.1082e-02	4.7457e-02	0.488107	0
SCAF8	4	9.1131e-02	4.7457e-02	0.488107	0
HSD17B4	4	9.1275e-02	4.7457e-02	0.488107	0
OR56A4	4	9.1323e-02	4.7457e-02	0.488107	0
CCDC141	4	9.1371e-02	4.7457e-02	0.488107	0
DAP	4	9.1419e-02	4.7457e-02	0.488107	0
PGK2	4	9.1468e-02	4.7457e-02	0.488107	0
SPAG16	4	9.1516e-02	4.7457e-02	0.488107	0
SLC9A6	4	9.1564e-02	4.7457e-02	0.488107	0
FAM173A	4	9.1612e-02	4.7457e-02	0.488107	0
ABLIM2	4	9.1660e-02	4.7457e-02	0.488107	0
TIMM17B	4	9.1756e-02	4.7457e-02	0.488107	0
C19orf57	4	9.1804e-02	4.7457e-02	0.488107	0
DSC2	4	9.1853e-02	4.7457e-02	0.488107	0
C9orf153	4	9.1901e-02	4.7457e-02	0.488107	0
ANKRD53	4	9.1997e-02	4.7457e-02	0.488107	0
CBX5	4	9.2045e-02	4.7457e-02	0.488107	0
PET117	4	9.2093e-02	4.7457e-02	0.488107	0
LPL	4	9.2141e-02	4.7457e-02	0.488107	0
HIST1H3B	4	9.2237e-02	4.7457e-02	0.488107	0
CLRN2	4	9.2286e-02	4.7457e-02	0.488107	0
TTLL6	4	9.2334e-02	4.7457e-02	0.488107	0
TMA16	4	9.2430e-02	4.7457e-02	0.488107	0
HAGH	4	9.2478e-02	4.7457e-02	0.488107	0
HCRTR1	4	9.2526e-02	4.7457e-02	0.488107	0
CCNB1	4	9.2574e-02	4.7457e-02	0.488107	0
IFT43	4	9.2622e-02	4.7457e-02	0.488107	0
FEZ2	4	9.2670e-02	4.7457e-02	0.488107	0
CELF1	4	9.2718e-02	4.7457e-02	0.488107	0
SULT1A4	4	9.2766e-02	4.7457e-02	0.488107	0
NOA1	4	9.2815e-02	4.7457e-02	0.488107	0
USP17L29	4	9.2911e-02	4.7457e-02	0.488107	0
SH3YL1	4	9.2959e-02	4.7457e-02	0.488107	0
GP2	4	9.3007e-02	4.7457e-02	0.488107	0
CES4A	4	9.3103e-02	4.7457e-02	0.488107	0
IGFL3	4	9.3247e-02	5.1263e-02	0.488107	0
HPS4	4	9.3295e-02	5.1263e-02	0.488107	0
SFTA3	4	9.3343e-02	5.1263e-02	0.488107	0
ZNRF3	4	9.3391e-02	5.1263e-02	0.488107	0
STBD1	4	9.3439e-02	5.1263e-02	0.488107	0
LLGL2	4	9.3488e-02	5.1263e-02	0.488107	0
CREM	4	9.3536e-02	5.1263e-02	0.488107	0
TCF24	4	9.3584e-02	5.1263e-02	0.488107	0
PLEK	4	9.3680e-02	5.1263e-02	0.488107	0
BPI	4	9.3728e-02	5.1263e-02	0.488107	0
SFTPD	4	9.3824e-02	5.1263e-02	0.488107	0
ZNF804A	4	9.3872e-02	5.1263e-02	0.488107	0
VCAM1	4	9.3920e-02	5.1263e-02	0.488107	0
IGSF1	4	9.3968e-02	5.1263e-02	0.488107	0
DGKK	4	9.4016e-02	5.1263e-02	0.488107	0
SGCA	4	9.4064e-02	5.1263e-02	0.488107	0
RGL2	4	9.4112e-02	5.1263e-02	0.488107	0
TCF19	4	9.4160e-02	5.1263e-02	0.488107	0
NPIPA1	4	9.4208e-02	5.1263e-02	0.488107	0
MARCKS	4	9.4256e-02	5.1263e-02	0.488107	0
MDM4	4	9.4304e-02	5.1263e-02	0.488107	0
NDRG2	4	9.4352e-02	5.1263e-02	0.488107	0
SERPINA11	4	9.4400e-02	5.1263e-02	0.488107	0
OR10K1	4	9.4448e-02	5.1263e-02	0.488107	0
FAM219B	4	9.4496e-02	5.1263e-02	0.488107	0
MFAP3L	4	9.4592e-02	5.1263e-02	0.488107	0
SEBOX	4	9.4640e-02	5.1263e-02	0.488107	0
GCNT4	4	9.4688e-02	5.1263e-02	0.488107	0
MACROD2	4	9.4736e-02	5.1263e-02	0.488107	0
MSMO1	4	9.4784e-02	5.1263e-02	0.488107	0
H2AFY	4	9.4928e-02	5.1263e-02	0.488107	0
ACSM1	4	9.4976e-02	5.1263e-02	0.488107	0
TUBAL3	4	9.5072e-02	5.1263e-02	0.488107	0
SNRPA	4	9.5120e-02	5.1263e-02	0.488107	0
CERS1	4	9.5168e-02	5.1263e-02	0.488107	0
ARHGAP24	4	9.5216e-02	5.1263e-02	0.488107	0
SLC9A7	4	9.5264e-02	5.1263e-02	0.488107	0
DDX39A	4	9.5312e-02	5.1263e-02	0.488107	0
CABP1	4	9.5360e-02	5.1263e-02	0.488107	0
EPHA4	4	9.5408e-02	5.1263e-02	0.488107	0
HTR3D	4	9.5456e-02	5.1263e-02	0.488107	0
SIRT4	4	9.5504e-02	5.1263e-02	0.488107	0
RSPH1	4	9.5552e-02	5.1263e-02	0.488107	0
GSG1	4	9.5600e-02	5.1263e-02	0.488107	0
LRRC43	4	9.5648e-02	5.1263e-02	0.488107	0
RAD21	4	9.5696e-02	5.1263e-02	0.488107	0
FSCB	4	9.5744e-02	5.1263e-02	0.488107	0
GLTP	4	9.5840e-02	5.1263e-02	0.488107	0
HSPA12A	4	9.5888e-02	5.1263e-02	0.488107	0
GSC	4	9.5984e-02	5.1263e-02	0.488107	0
PRSS37	4	9.6032e-02	5.1263e-02	0.488107	0
ROGDI	4	9.6080e-02	5.1263e-02	0.488107	0
NCAM2	4	9.6128e-02	5.1263e-02	0.488107	0
CFAP46	4	9.6223e-02	5.1263e-02	0.488107	0
TREH	4	9.6319e-02	5.1263e-02	0.488107	0
MBD1	4	9.6367e-02	5.1263e-02	0.488107	0
ZNF785	4	9.6415e-02	5.1263e-02	0.488107	0
CHST3	4	9.6463e-02	5.1263e-02	0.488107	0
ESPN	4	9.6511e-02	5.1263e-02	0.488107	0
CDKL5	4	9.6559e-02	5.1263e-02	0.488107	0
TMEM139	4	9.6607e-02	5.1263e-02	0.488107	0
FBXW7	4	9.6655e-02	5.1263e-02	0.488107	0
GAS1	4	9.6703e-02	5.1263e-02	0.488107	0
MAP3K10	4	9.6751e-02	5.1263e-02	0.488107	0
SERPINB13	4	9.6799e-02	5.1263e-02	0.488107	0
CCDC18	4	9.6847e-02	5.1263e-02	0.488107	0
PCDH7	4	9.6894e-02	5.1263e-02	0.488107	0
NAIF1	4	9.6942e-02	5.1263e-02	0.488107	0
APH1B	4	9.6990e-02	5.1263e-02	0.488107	0
NPRL3	4	9.7086e-02	5.1263e-02	0.488107	0
TOR1A	4	9.7134e-02	5.1263e-02	0.488107	0
RPUSD1	4	9.7182e-02	5.1263e-02	0.488107	0
CCRN4L	4	9.7230e-02	5.1263e-02	0.488107	0
ARPC4-TTLL3	4	9.7278e-02	5.1263e-02	0.488107	0
PLEKHO2	4	9.7326e-02	5.1263e-02	0.488107	0
TES	4	9.7374e-02	5.1263e-02	0.488107	0
PTGS1	4	9.7421e-02	5.1264e-02	0.488107	0
SAFB2	4	9.7469e-02	5.1264e-02	0.488107	0
COL1A1	4	9.7517e-02	5.1264e-02	0.488107	0
C17orf77	4	9.7565e-02	5.1264e-02	0.488107	0
FHOD3	4	9.7613e-02	5.1264e-02	0.488107	0
PEX26	4	9.7661e-02	5.1264e-02	0.488107	0
BBS12	4	9.7709e-02	5.1264e-02	0.488107	0
CCDC149	4	9.7757e-02	5.1264e-02	0.488107	0
ARHGDIG	4	9.7805e-02	5.1264e-02	0.488107	0
TSSK4	4	9.7852e-02	5.1264e-02	0.488107	0
NCR3LG1	4	9.7948e-02	5.1264e-02	0.488107	0
RALGAPA1	4	9.7996e-02	5.1264e-02	0.488107	0
APOOL	4	9.8092e-02	5.1264e-02	0.488107	0
SIRT5	3	9.8106e-02	5.0199e-02	0.488107	0
MYCBPAP	4	9.8140e-02	5.1264e-02	0.488107	0
PNMA2	4	9.8188e-02	5.1264e-02	0.488107	0
FAM71E1	4	9.8283e-02	5.1264e-02	0.488107	0
GDF9	4	9.8331e-02	5.1264e-02	0.488107	0
PEA15	4	9.8475e-02	5.1264e-02	0.488107	0
ERICH2	4	9.8570e-02	5.1264e-02	0.488107	0
HPGDS	4	9.8618e-02	5.1264e-02	0.488107	0
TMEM238	4	9.8666e-02	5.1264e-02	0.488107	0
CAMK4	4	9.8714e-02	5.1264e-02	0.488107	0
GFRA3	4	9.8762e-02	5.1264e-02	0.488107	0
PRSS36	4	9.8857e-02	5.1264e-02	0.488107	0
ZNF48	4	9.9001e-02	5.1264e-02	0.488107	0
PLEKHA8	4	9.9144e-02	5.1264e-02	0.488107	0
PRR14L	4	9.9192e-02	5.1264e-02	0.488107	0
KRTAP9-8	4	9.9240e-02	5.1264e-02	0.488107	0
NELFE	4	9.9288e-02	5.1264e-02	0.488107	0
VOPP1	4	9.9336e-02	5.1264e-02	0.488107	0
MAPKAP1	4	9.9384e-02	5.1264e-02	0.488107	0
TNFRSF9	4	9.9431e-02	5.1264e-02	0.488107	0
MALT1	4	9.9479e-02	5.1264e-02	0.488107	0
C12orf40	4	9.9575e-02	5.1264e-02	0.488107	0
PRSS23	4	9.9623e-02	5.1264e-02	0.488107	0
UGT1A3	4	9.9670e-02	5.1264e-02	0.488107	0
MSRB1	4	9.9718e-02	5.1264e-02	0.488107	0
MND1	4	9.9766e-02	5.1264e-02	0.488107	0
CLDND2	4	9.9814e-02	5.1264e-02	0.488107	0
ACTG1	4	9.9862e-02	5.1264e-02	0.488107	0
NAT1	4	9.9909e-02	5.1264e-02	0.488107	0
THAP9	4	9.9957e-02	5.1264e-02	0.488107	0
FUCA2	4	1.0001e-01	5.1264e-02	0.488107	0
CDKN2A	4	1.0005e-01	5.1264e-02	0.488107	0
MAP2K6	4	1.0010e-01	5.1264e-02	0.488107	0
AGBL3	4	1.0015e-01	5.1264e-02	0.488107	0
ABCC6	4	1.0020e-01	5.1264e-02	0.488107	0
SCN1B	4	1.0024e-01	5.1264e-02	0.488107	0
MUC1	4	1.0034e-01	5.1264e-02	0.488107	0
EXOC3L2	4	1.0044e-01	5.1264e-02	0.488107	0
CBX7	4	1.0053e-01	5.1264e-02	0.488107	0
CXorf56	4	1.0058e-01	5.1264e-02	0.488107	0
MMP15	4	1.0063e-01	5.1264e-02	0.488107	0
NDN	4	1.0067e-01	5.1264e-02	0.488107	0
ZNF688	4	1.0077e-01	5.1264e-02	0.488107	0
PDE6D	4	1.0082e-01	5.1264e-02	0.488107	0
PAAF1	4	1.0087e-01	5.1264e-02	0.488107	0
WDR93	4	1.0091e-01	5.1264e-02	0.488107	0
VAMP4	4	1.0101e-01	5.1264e-02	0.488107	0
CARD10	4	1.0110e-01	5.1264e-02	0.488107	0
SLC6A8	4	1.0115e-01	5.1264e-02	0.488107	0
APLF	4	1.0120e-01	5.1264e-02	0.488107	0
N4BP2	4	1.0125e-01	5.1264e-02	0.488107	0
PC	4	1.0134e-01	5.1264e-02	0.488107	0
EVI2B	4	1.0139e-01	5.1264e-02	0.488107	0
SLC25A10	4	1.0144e-01	5.1264e-02	0.488107	0
SERPINE1	4	1.0149e-01	5.1264e-02	0.488107	0
MARCHF11	4	1.0153e-01	5.1264e-02	0.488107	0
SLC25A31	4	1.0158e-01	5.1264e-02	0.488107	0
ZNF75D	4	1.0163e-01	5.1264e-02	0.488107	0
GJB3	4	1.0172e-01	5.5176e-02	0.488107	0
SPATA31A7	4	1.0177e-01	5.5176e-02	0.488107	0
LMNTD1	4	1.0182e-01	5.5176e-02	0.488107	0
NLRP14	4	1.0187e-01	5.5176e-02	0.488107	0
RAP1GAP	4	1.0192e-01	5.5176e-02	0.488107	0
TIMP2	4	1.0196e-01	5.5176e-02	0.488107	0
SLC15A5	4	1.0201e-01	5.5176e-02	0.488107	0
KCNA1	4	1.0206e-01	5.5176e-02	0.488107	0
PLS3	4	1.0211e-01	5.5176e-02	0.488107	0
MBOAT4	4	1.0215e-01	5.5176e-02	0.488107	0
CCNYL1	4	1.0220e-01	5.5176e-02	0.488107	0
CLCN4	4	1.0225e-01	5.5176e-02	0.488107	0
C2CD4D	4	1.0230e-01	5.5176e-02	0.488107	0
CTAGE1	4	1.0234e-01	5.5176e-02	0.488107	0
LRRC16B	4	1.0239e-01	5.5176e-02	0.488107	0
PDE9A	4	1.0244e-01	5.5176e-02	0.488107	0
OR5H2	4	1.0249e-01	5.5176e-02	0.488107	0
EBF1	4	1.0254e-01	5.5176e-02	0.488107	0
PTGS2	4	1.0258e-01	5.5176e-02	0.488107	0
ZDHHC14	4	1.0263e-01	5.5176e-02	0.488107	0
FAAH2	4	1.0268e-01	5.5176e-02	0.488107	0
PEX12	4	1.0273e-01	5.5176e-02	0.488107	0
FHAD1	4	1.0277e-01	5.5176e-02	0.488107	0
RFK	4	1.0282e-01	5.5176e-02	0.488107	0
HTR3C	4	1.0287e-01	5.5176e-02	0.488107	0
TMCO1	4	1.0292e-01	5.5176e-02	0.488107	0
TMEM120B	4	1.0296e-01	5.5176e-02	0.488107	0
PQLC2	4	1.0301e-01	5.5176e-02	0.488107	0
CLEC4F	4	1.0306e-01	5.5176e-02	0.488107	0
TRIM49D1	4	1.0311e-01	5.5176e-02	0.488107	0
ZADH2	4	1.0316e-01	5.5176e-02	0.488107	0
LACC1	4	1.0320e-01	5.5176e-02	0.488107	0
ZBTB1	4	1.0325e-01	5.5176e-02	0.488107	0
ID1	4	1.0330e-01	5.5176e-02	0.488107	0
LRRC56	4	1.0335e-01	5.5176e-02	0.488107	0
BMI1	4	1.0339e-01	5.5176e-02	0.488107	0
ADH6	4	1.0344e-01	5.5176e-02	0.488107	0
RBM44	4	1.0349e-01	5.5176e-02	0.488107	0
TIGD3	4	1.0358e-01	5.5176e-02	0.488107	0
LEAP2	4	1.0363e-01	5.5176e-02	0.488107	0
ZNF99	4	1.0368e-01	5.5176e-02	0.488107	0
PMCH	4	1.0377e-01	5.5176e-02	0.488107	0
EEF1D	4	1.0382e-01	5.5176e-02	0.488107	0
NUTM2A	4	1.0387e-01	5.5176e-02	0.488107	0
S100A7A	4	1.0392e-01	5.5176e-02	0.488107	0
CKAP2L	4	1.0397e-01	5.5176e-02	0.488107	0
ZRANB2	4	1.0401e-01	5.5176e-02	0.488107	0
PSMD6	4	1.0406e-01	5.5176e-02	0.488107	0
ACBD5	4	1.0411e-01	5.5176e-02	0.488107	0
COQ10A	4	1.0416e-01	5.5176e-02	0.488107	0
CDK5	4	1.0420e-01	5.5176e-02	0.488107	0
TMOD4	4	1.0425e-01	5.5176e-02	0.488107	0
PURB	4	1.0435e-01	5.5176e-02	0.488107	0
S100A1	4	1.0439e-01	5.5176e-02	0.488107	0
LRRK2	4	1.0444e-01	5.5176e-02	0.488107	0
ZBTB7A	4	1.0449e-01	5.5176e-02	0.488107	0
LRRTM1	4	1.0454e-01	5.5176e-02	0.488107	0
OR2A12	4	1.0458e-01	5.5176e-02	0.488107	0
MUC22	4	1.0468e-01	5.5176e-02	0.488107	0
ACYP1	4	1.0473e-01	5.5176e-02	0.488107	0
RCVRN	4	1.0477e-01	5.5176e-02	0.488107	0
PGA4	4	1.0482e-01	5.5176e-02	0.488107	0
SMCO4	4	1.0487e-01	5.5176e-02	0.488107	0
CHD5	4	1.0492e-01	5.5176e-02	0.488107	0
FOXL2NB	4	1.0497e-01	5.5176e-02	0.488107	0
LCNL1	4	1.0501e-01	5.5176e-02	0.488107	0
CYB561D1	4	1.0506e-01	5.5176e-02	0.488107	0
WDR20	4	1.0511e-01	5.5176e-02	0.488107	0
PRPF40B	4	1.0516e-01	5.5176e-02	0.488107	0
CCIN	4	1.0525e-01	5.5177e-02	0.488107	0
ODF1	4	1.0530e-01	5.5177e-02	0.488107	0
DEPDC7	4	1.0535e-01	5.5177e-02	0.488107	0
SPRED3	4	1.0539e-01	5.5177e-02	0.488107	0
MTRNR2L4	4	1.0544e-01	5.5177e-02	0.488107	0
RGS18	4	1.0549e-01	5.5177e-02	0.488107	0
FAM129B	4	1.0554e-01	5.5177e-02	0.488107	0
VPS33B	4	1.0558e-01	5.5177e-02	0.488107	0
CBFA2T2	4	1.0568e-01	5.5177e-02	0.488107	0
OSTN	4	1.0573e-01	5.5177e-02	0.488107	0
CDKN1C	4	1.0577e-01	5.5177e-02	0.488107	0
MAGEF1	4	1.0587e-01	5.5177e-02	0.488107	0
LMBR1	4	1.0592e-01	5.5177e-02	0.488107	0
CASC10	4	1.0596e-01	5.5177e-02	0.488107	0
OIT3	4	1.0601e-01	5.5177e-02	0.488107	0
DIP2B	4	1.0606e-01	5.5177e-02	0.488107	0
SYCP2L	4	1.0611e-01	5.5177e-02	0.488107	0
C17orf85	4	1.0615e-01	5.5177e-02	0.488107	0
HS3ST5	4	1.0625e-01	5.5177e-02	0.488107	0
GBP7	4	1.0630e-01	5.5177e-02	0.488107	0
CIRBP	4	1.0634e-01	5.5177e-02	0.488107	0
GFI1B	4	1.0639e-01	5.5177e-02	0.488107	0
ACKR1	4	1.0644e-01	5.5177e-02	0.488107	0
ISPD	4	1.0649e-01	5.5177e-02	0.488107	0
TNFRSF18	4	1.0653e-01	5.5177e-02	0.488107	0
CRHR1	4	1.0658e-01	5.5177e-02	0.488107	0
ZNF8	4	1.0663e-01	5.5177e-02	0.488107	0
FA2H	4	1.0668e-01	5.5177e-02	0.488107	0
BAIAP2L1	4	1.0673e-01	5.5177e-02	0.488107	0
TMEM222	4	1.0677e-01	5.5177e-02	0.488107	0
FBXL16	4	1.0687e-01	5.5177e-02	0.488107	0
KCNH7	4	1.0692e-01	5.5177e-02	0.488107	0
AGBL2	4	1.0696e-01	5.5177e-02	0.488107	0
HIST1H3F	4	1.0701e-01	5.5177e-02	0.488107	0
WRNIP1	4	1.0706e-01	5.5177e-02	0.488107	0
AAED1	4	1.0711e-01	5.5177e-02	0.488107	0
ADPGK	4	1.0715e-01	5.5177e-02	0.488107	0
MKRN3	4	1.0720e-01	5.5177e-02	0.488107	0
BDKRB2	4	1.0734e-01	5.5177e-02	0.488107	0
ETV1	4	1.0744e-01	5.5177e-02	0.488107	0
NPM2	4	1.0749e-01	5.5177e-02	0.488107	0
KIT	4	1.0753e-01	5.5177e-02	0.488107	0
APOPT1	4	1.0758e-01	5.5177e-02	0.488107	0
VPS13A	4	1.0763e-01	5.5177e-02	0.488107	0
DMGDH	4	1.0768e-01	5.5177e-02	0.488107	0
CD300LB	4	1.0772e-01	5.5177e-02	0.488107	0
LRRC8A	4	1.0777e-01	5.5177e-02	0.488107	0
C6orf7	4	1.0782e-01	5.5177e-02	0.488107	0
HOXC5	4	1.0787e-01	5.5177e-02	0.488107	0
C12orf79	4	1.0791e-01	5.5177e-02	0.488107	0
ANGPTL6	4	1.0796e-01	5.5177e-02	0.488107	0
HSPA2	4	1.0801e-01	5.5177e-02	0.488107	0
GALNT15	4	1.0806e-01	5.5177e-02	0.488107	0
CDC42EP1	4	1.0810e-01	5.5177e-02	0.488107	0
CSNK1G3	4	1.0815e-01	5.5177e-02	0.488107	0
C11orf58	4	1.0820e-01	5.5177e-02	0.488107	0
UNC45B	4	1.0824e-01	5.5177e-02	0.488107	0
SLK	4	1.0829e-01	5.5177e-02	0.488107	0
SLC3A2	4	1.0834e-01	5.5177e-02	0.488107	0
CCNO	4	1.0839e-01	5.5177e-02	0.488107	0
PDLIM7	4	1.0843e-01	5.5177e-02	0.488107	0
CLEC10A	4	1.0848e-01	5.5177e-02	0.488107	0
RTN2	4	1.0853e-01	5.5177e-02	0.488107	0
HGS	4	1.0858e-01	5.5177e-02	0.488107	0
SLC38A3	4	1.0862e-01	5.5177e-02	0.488107	0
PXMP4	4	1.0867e-01	5.5177e-02	0.488107	0
KIAA1683	4	1.0872e-01	5.5177e-02	0.488107	0
MAOA	4	1.0877e-01	5.5177e-02	0.488107	0
MIXL1	4	1.0886e-01	5.9018e-02	0.488107	0
ATP9B	4	1.0891e-01	5.9018e-02	0.488107	0
ATP5F1	4	1.0896e-01	5.9018e-02	0.488107	0
FAM84A	4	1.0900e-01	5.9018e-02	0.488107	0
PICK1	4	1.0905e-01	5.9018e-02	0.488107	0
HAVCR2	4	1.0910e-01	5.9018e-02	0.488107	0
GREB1L	4	1.0915e-01	5.9018e-02	0.488107	0
GABRE	4	1.0919e-01	5.9018e-02	0.488107	0
EIF5A2	4	1.0924e-01	5.9018e-02	0.488107	0
DEFA4	4	1.0929e-01	5.9018e-02	0.488107	0
GLI3	4	1.0934e-01	5.9018e-02	0.488107	0
ACADL	4	1.0938e-01	5.9018e-02	0.488107	0
FAM114A1	4	1.0943e-01	5.9018e-02	0.488107	0
TEN1	4	1.0948e-01	5.9018e-02	0.488107	0
VWA5A	4	1.0953e-01	5.9018e-02	0.488107	0
C1QL2	4	1.0962e-01	5.9018e-02	0.488107	0
CCDC136	4	1.0972e-01	5.9018e-02	0.488107	0
MACF1	4	1.0981e-01	5.9018e-02	0.488107	0
ZNF326	4	1.0986e-01	5.9018e-02	0.488107	0
PCDHB11	4	1.0991e-01	5.9018e-02	0.488107	0
SH2B1	4	1.0995e-01	5.9018e-02	0.488107	0
LRRC28	4	1.1000e-01	5.9018e-02	0.488107	0
CCDC102A	4	1.1005e-01	5.9018e-02	0.488107	0
SYNJ2BP-COX16	4	1.1009e-01	5.9018e-02	0.488107	0
MUSK	4	1.1014e-01	5.9018e-02	0.488107	0
VAPB	4	1.1019e-01	5.9018e-02	0.488107	0
PLEKHA6	4	1.1024e-01	5.9018e-02	0.488107	0
JMJD7	4	1.1028e-01	5.9018e-02	0.488107	0
ZNF33A	4	1.1033e-01	5.9018e-02	0.488107	0
GRK4	4	1.1038e-01	5.9018e-02	0.488107	0
CXCL2	4	1.1043e-01	5.9018e-02	0.488107	0
BTD	4	1.1047e-01	5.9018e-02	0.488107	0
ANKRD16	4	1.1052e-01	5.9018e-02	0.488107	0
CNTNAP1	4	1.1057e-01	5.9018e-02	0.488107	0
NPHP4	4	1.1062e-01	5.9018e-02	0.488107	0
KRT40	4	1.1066e-01	5.9018e-02	0.488107	0
CCNA1	4	1.1071e-01	5.9018e-02	0.488107	0
CLPX	4	1.1076e-01	5.9018e-02	0.488107	0
GOT1L1	4	1.1081e-01	5.9018e-02	0.488107	0
MOSPD2	4	1.1085e-01	5.9018e-02	0.488107	0
USP38	4	1.1090e-01	5.9018e-02	0.488107	0
BRWD3	4	1.1095e-01	5.9018e-02	0.488107	0
MORC2	4	1.1104e-01	5.9018e-02	0.488107	0
ASB13	4	1.1109e-01	5.9018e-02	0.488107	0
ZNF34	4	1.1114e-01	5.9018e-02	0.488107	0
SLN	4	1.1118e-01	5.9018e-02	0.488107	0
DRD5	4	1.1123e-01	5.9018e-02	0.488107	0
IL18	4	1.1128e-01	5.9018e-02	0.488107	0
CDKL4	4	1.1133e-01	5.9018e-02	0.488107	0
C16orf54	4	1.1137e-01	5.9018e-02	0.488107	0
CKMT2	4	1.1142e-01	5.9018e-02	0.488107	0
LRRC3	4	1.1147e-01	5.9018e-02	0.488107	0
MARCHF5	4	1.1152e-01	5.9018e-02	0.488107	0
KIRREL	4	1.1156e-01	5.9018e-02	0.488107	0
TNFRSF12A	4	1.1161e-01	5.9018e-02	0.488107	0
KRTAP22-1	4	1.1166e-01	5.9018e-02	0.488107	0
LUM	4	1.1170e-01	5.9018e-02	0.488107	0
LRCOL1	4	1.1175e-01	5.9018e-02	0.488107	0
BRCC3	4	1.1180e-01	5.9018e-02	0.488107	0
PSMD9	4	1.1185e-01	5.9018e-02	0.488107	0
FAM57A	4	1.1189e-01	5.9018e-02	0.488107	0
GPS1	4	1.1194e-01	5.9018e-02	0.488107	0
KIAA0895	4	1.1199e-01	5.9018e-02	0.488107	0
KHDC1	4	1.1204e-01	5.9018e-02	0.488107	0
FAM127C	4	1.1208e-01	5.9018e-02	0.488107	0
TRAPPC13	4	1.1218e-01	5.9018e-02	0.488107	0
SLC10A4	4	1.1223e-01	5.9018e-02	0.488107	0
ARMC3	4	1.1227e-01	5.9018e-02	0.488107	0
OPA3	4	1.1232e-01	5.9018e-02	0.488107	0
CCNY	4	1.1237e-01	5.9018e-02	0.488107	0
RHOF	4	1.1241e-01	5.9018e-02	0.488107	0
SNED1	4	1.1246e-01	5.9018e-02	0.488107	0
SAMD5	4	1.1256e-01	5.9018e-02	0.488107	0
PLA2G2A	4	1.1260e-01	5.9018e-02	0.488107	0
TNK2	4	1.1265e-01	5.9018e-02	0.488107	0
JMJD6	4	1.1270e-01	5.9018e-02	0.488107	0
GPR21	4	1.1275e-01	5.9018e-02	0.488107	0
ARHGEF3	4	1.1279e-01	5.9018e-02	0.488107	0
NDUFB8	4	1.1284e-01	5.9018e-02	0.488107	0
KLF6	4	1.1289e-01	5.9018e-02	0.488107	0
BLOC1S2	4	1.1293e-01	5.9018e-02	0.488107	0
TGFA	4	1.1298e-01	5.9018e-02	0.488107	0
DNAAF2	4	1.1303e-01	5.9018e-02	0.488107	0
VPS72	4	1.1308e-01	5.9018e-02	0.488107	0
BLNK	4	1.1317e-01	5.9018e-02	0.488107	0
CYP2D6	4	1.1327e-01	5.9018e-02	0.488107	0
IRX3	4	1.1331e-01	5.9018e-02	0.488107	0
GOLGA7	4	1.1336e-01	5.9018e-02	0.488107	0
ZNF473	4	1.1345e-01	5.9018e-02	0.488107	0
SECTM1	4	1.1350e-01	5.9018e-02	0.488107	0
CKB	4	1.1360e-01	5.9018e-02	0.488107	0
ARHGEF15	4	1.1364e-01	5.9018e-02	0.488107	0
FOXC2	4	1.1369e-01	5.9018e-02	0.488107	0
SLC48A1	4	1.1374e-01	5.9018e-02	0.488107	0
ZNF878	4	1.1383e-01	5.9018e-02	0.488107	0
NPPC	4	1.1388e-01	5.9018e-02	0.488107	0
TTC3	4	1.1393e-01	5.9018e-02	0.488107	0
LILRA5	4	1.1397e-01	5.9018e-02	0.488107	0
ISCA1	4	1.1402e-01	5.9018e-02	0.488107	0
UHRF2	4	1.1407e-01	5.9018e-02	0.488107	0
PRG2	4	1.1412e-01	5.9018e-02	0.488107	0
C9orf131	4	1.1416e-01	5.9018e-02	0.488107	0
CALB2	4	1.1421e-01	5.9018e-02	0.488107	0
LOC100130370	4	1.1426e-01	5.9018e-02	0.488107	0
G6PC	4	1.1430e-01	5.9018e-02	0.488107	0
DDIT3	4	1.1435e-01	5.9018e-02	0.488107	0
SRPX2	4	1.1440e-01	5.9018e-02	0.488107	0
WBP1L	4	1.1449e-01	5.9018e-02	0.488107	0
KDM3B	4	1.1454e-01	5.9018e-02	0.488107	0
ZNF311	4	1.1464e-01	5.9018e-02	0.488107	0
PARK2	4	1.1468e-01	5.9018e-02	0.488107	0
CEP152	4	1.1473e-01	5.9018e-02	0.488107	0
ERI2	4	1.1478e-01	5.9018e-02	0.488107	0
SLC17A7	4	1.1482e-01	5.9018e-02	0.488107	0
SAMD15	4	1.1487e-01	5.9018e-02	0.488107	0
GIPR	4	1.1492e-01	5.9018e-02	0.488107	0
OCM	4	1.1497e-01	5.9018e-02	0.488107	0
C3orf80	4	1.1511e-01	5.9018e-02	0.488107	0
HSPB6	4	1.1515e-01	5.9018e-02	0.488107	0
PHYHD1	4	1.1525e-01	5.9018e-02	0.488107	0
KDM4D	4	1.1530e-01	5.9018e-02	0.488107	0
LTK	4	1.1534e-01	5.9018e-02	0.488107	0
CLPSL2	4	1.1539e-01	5.9018e-02	0.488107	0
KIZ	4	1.1544e-01	5.9018e-02	0.488107	0
OXGR1	4	1.1548e-01	5.9018e-02	0.488107	0
TBC1D5	4	1.1553e-01	5.9018e-02	0.488107	0
ITPRIPL1	4	1.1558e-01	5.9018e-02	0.488107	0
GRIK5	4	1.1567e-01	5.9018e-02	0.488107	0
PAXIP1	4	1.1572e-01	5.9018e-02	0.488107	0
ARHGEF28	4	1.1577e-01	5.9018e-02	0.488107	0
IFNG	4	1.1586e-01	5.9018e-02	0.488107	0
HRH1	4	1.1591e-01	5.9018e-02	0.488107	0
ZAK	4	1.1600e-01	5.9018e-02	0.488107	0
RSPO3	4	1.1605e-01	5.9018e-02	0.488107	0
CDV3	4	1.1615e-01	5.9018e-02	0.488107	0
PITPNC1	4	1.1619e-01	5.9018e-02	0.488107	0
DDX53	4	1.1624e-01	5.9018e-02	0.488107	0
PITHD1	4	1.1629e-01	5.9018e-02	0.488107	0
ALG1L	4	1.1633e-01	5.9018e-02	0.488107	0
FBXW4	4	1.1638e-01	5.9018e-02	0.488107	0
OR6F1	4	1.1643e-01	5.9018e-02	0.488107	0
COX5B	4	1.1648e-01	5.9018e-02	0.488107	0
LMAN1	4	1.1657e-01	5.9018e-02	0.488107	0
KLHL24	4	1.1662e-01	5.9018e-02	0.488107	0
SCNM1	4	1.1666e-01	5.9018e-02	0.488107	0
NRBP2	4	1.1671e-01	5.9018e-02	0.488107	0
NIN	4	1.1681e-01	5.9018e-02	0.488107	0
LACRT	4	1.1690e-01	5.9018e-02	0.488107	0
BTG4	4	1.1695e-01	5.9018e-02	0.488107	0
SUCNR1	4	1.1699e-01	5.9018e-02	0.488107	0
ASCC1	4	1.1709e-01	5.9018e-02	0.488107	0
RHBDL2	4	1.1713e-01	5.9018e-02	0.488107	0
ST20-MTHFS	4	1.1718e-01	5.9018e-02	0.488107	0
TAPBP	4	1.1723e-01	5.9018e-02	0.488107	0
ABL2	4	1.1728e-01	5.9018e-02	0.488107	0
GNAI1	4	1.1732e-01	5.9018e-02	0.488107	0
KIAA1598	4	1.1737e-01	5.9018e-02	0.488107	0
PHC1	4	1.1742e-01	5.9018e-02	0.488107	0
CNKSR1	4	1.1746e-01	5.9018e-02	0.488107	0
SPRYD7	4	1.1751e-01	5.9018e-02	0.488107	0
SUDS3	4	1.1756e-01	5.9018e-02	0.488107	0
KCNA10	3	1.1759e-01	7.0167e-02	0.524434	0
CYB5D1	4	1.1765e-01	5.9018e-02	0.488107	0
IKZF2	4	1.1770e-01	5.9018e-02	0.488107	0
CT45A2	2	1.1772e-01	6.1089e-02	0.505017	0
UBE4A	4	1.1775e-01	5.9018e-02	0.488107	0
FTSJ1	4	1.1784e-01	5.9018e-02	0.488107	0
SLC1A2	4	1.1789e-01	5.9018e-02	0.488107	0
IZUMO3	4	1.1794e-01	5.9018e-02	0.488107	0
ASAP3	4	1.1798e-01	5.9018e-02	0.488107	0
SMIM19	4	1.1803e-01	5.9018e-02	0.488107	0
PLAC1	4	1.1817e-01	5.9018e-02	0.488107	0
TLX1	4	1.1826e-01	5.9018e-02	0.488107	0
TSEN15	4	1.1831e-01	5.9018e-02	0.488107	0
ZBTB25	4	1.1841e-01	5.9018e-02	0.488107	0
HSH2D	4	1.1845e-01	5.9018e-02	0.488107	0
TTC39A	4	1.1850e-01	5.9018e-02	0.488107	0
QDPR	4	1.1855e-01	5.9018e-02	0.488107	0
SNX32	4	1.1859e-01	5.9018e-02	0.488107	0
ANKS1B	4	1.1864e-01	5.9018e-02	0.488107	0
HTATIP2	4	1.1869e-01	5.9018e-02	0.488107	0
LYSMD4	4	1.1874e-01	5.9018e-02	0.488107	0
DHRS4L2	4	1.1878e-01	5.9018e-02	0.488107	0
OR1N1	4	1.1883e-01	5.9018e-02	0.488107	0
RBPJL	4	1.1888e-01	5.9018e-02	0.488107	0
LGALS12	4	1.1892e-01	5.9018e-02	0.488107	0
ANP32A	4	1.1897e-01	5.9018e-02	0.488107	0
CIDEB	4	1.1902e-01	5.9018e-02	0.488107	0
CHP2	4	1.1906e-01	5.9018e-02	0.488107	0
ACBD4	4	1.1911e-01	5.9018e-02	0.488107	0
MED19	4	1.1916e-01	5.9018e-02	0.488107	0
MAP2K1	4	1.1921e-01	5.9018e-02	0.488107	0
BMP6	4	1.1930e-01	5.9018e-02	0.488107	0
PGA3	4	1.1935e-01	5.9018e-02	0.488107	0
C10orf126	4	1.1939e-01	5.9018e-02	0.488107	0
KATNBL1	4	1.1944e-01	5.9018e-02	0.488107	0
C5orf28	4	1.1949e-01	5.9018e-02	0.488107	0
HIST1H3A	4	1.1954e-01	5.9018e-02	0.488107	0
AGFG1	4	1.1958e-01	5.9018e-02	0.488107	0
DSE	4	1.1963e-01	5.9018e-02	0.488107	0
ATP9A	4	1.1968e-01	5.9018e-02	0.488107	0
VPS4B	4	1.1972e-01	5.9018e-02	0.488107	0
ADORA1	4	1.1977e-01	5.9018e-02	0.488107	0
TCEA1	4	1.1982e-01	5.9018e-02	0.488107	0
TH	4	1.1986e-01	5.9018e-02	0.488107	0
EPHB4	4	1.1991e-01	5.9018e-02	0.488107	0
NR1H2	4	1.1996e-01	5.9018e-02	0.488107	0
ZC3H14	4	1.2001e-01	5.9018e-02	0.488107	0
MRGPRX4	4	1.2005e-01	5.9018e-02	0.488107	0
STK31	4	1.2010e-01	5.9018e-02	0.488107	0
CA4	4	1.2015e-01	5.9018e-02	0.488107	0
CCNB2	4	1.2019e-01	5.9018e-02	0.488107	0
TAS2R5	4	1.2024e-01	5.9018e-02	0.488107	0
SLC25A47	4	1.2029e-01	5.9018e-02	0.488107	0
PPP2R2B	4	1.2033e-01	5.9018e-02	0.488107	0
ME3	4	1.2038e-01	5.9018e-02	0.488107	0
FCAR	4	1.2043e-01	5.9018e-02	0.488107	0
FUT7	4	1.2047e-01	5.9018e-02	0.488107	0
SETD9	4	1.2052e-01	5.9018e-02	0.488107	0
SLC41A3	4	1.2057e-01	5.9018e-02	0.488107	0
RCOR1	4	1.2062e-01	5.9018e-02	0.488107	0
LMLN	4	1.2066e-01	5.9018e-02	0.488107	0
ADAM18	4	1.2071e-01	5.9018e-02	0.488107	0
SOCS5	4	1.2076e-01	5.9018e-02	0.488107	0
ZFYVE27	4	1.2080e-01	5.9018e-02	0.488107	0
SERPINA3	4	1.2085e-01	5.9018e-02	0.488107	0
LECT1	4	1.2090e-01	5.9018e-02	0.488107	0
ZNF280D	4	1.2094e-01	5.9018e-02	0.488107	0
PDZD2	4	1.2099e-01	5.9018e-02	0.488107	0
KRTAP24-1	4	1.2104e-01	5.9018e-02	0.488107	0
ADAM20	4	1.2109e-01	5.9018e-02	0.488107	0
ZNF267	4	1.2113e-01	5.9018e-02	0.488107	0
INSL6	4	1.2118e-01	5.9018e-02	0.488107	0
SECISBP2L	4	1.2123e-01	5.9018e-02	0.488107	0
ACTA2	4	1.2127e-01	5.9018e-02	0.488107	0
PKD1	4	1.2132e-01	5.9018e-02	0.488107	0
ITGA6	4	1.2137e-01	5.9018e-02	0.488107	0
CA1	4	1.2141e-01	5.9018e-02	0.488107	0
TMSB4Y	4	1.2146e-01	5.9018e-02	0.488107	0
IFIT3	4	1.2151e-01	5.9018e-02	0.488107	0
RBM17	4	1.2155e-01	5.9018e-02	0.488107	0
DXO	4	1.2160e-01	5.9018e-02	0.488107	0
PRH2	4	1.2165e-01	5.9018e-02	0.488107	0
IFIT2	4	1.2179e-01	5.9018e-02	0.488107	0
PRM1	4	1.2184e-01	5.9018e-02	0.488107	0
ST8SIA2	4	1.2188e-01	5.9018e-02	0.488107	0
CXCR6	4	1.2198e-01	5.9018e-02	0.488107	0
RTP1	4	1.2202e-01	5.9018e-02	0.488107	0
ADAMTS4	4	1.2207e-01	5.9018e-02	0.488107	0
CCDC170	4	1.2212e-01	5.9018e-02	0.488107	0
ACOXL	4	1.2216e-01	5.9018e-02	0.488107	0
ZNF613	4	1.2221e-01	5.9018e-02	0.488107	0
SYN2	4	1.2235e-01	5.9018e-02	0.488107	0
CALHM3	4	1.2240e-01	5.9018e-02	0.488107	0
LBH	4	1.2245e-01	5.9018e-02	0.488107	0
SOX5	4	1.2249e-01	5.9018e-02	0.488107	0
EPB41L2	4	1.2254e-01	5.9018e-02	0.488107	0
C6orf62	4	1.2263e-01	5.9018e-02	0.488107	0
SUMO2	4	1.2268e-01	5.9018e-02	0.488107	0
MAP9	4	1.2273e-01	5.9018e-02	0.488107	0
DENND3	4	1.2277e-01	5.9018e-02	0.488107	0
GJB7	4	1.2282e-01	5.9018e-02	0.488107	0
APBB1IP	4	1.2287e-01	5.9018e-02	0.488107	0
PWWP2B	4	1.2292e-01	5.9018e-02	0.488107	0
MNX1	4	1.2296e-01	5.9018e-02	0.488107	0
BCKDK	4	1.2301e-01	5.9018e-02	0.488107	0
CCND3	4	1.2306e-01	5.9018e-02	0.488107	0
HIST1H2AH	4	1.2310e-01	5.9018e-02	0.488107	0
DEFB125	4	1.2315e-01	5.9018e-02	0.488107	0
TMEM221	4	1.2320e-01	5.9018e-02	0.488107	0
C1orf101	4	1.2324e-01	5.9018e-02	0.488107	0
NTNG1	4	1.2329e-01	5.9018e-02	0.488107	0
CCNJL	4	1.2334e-01	5.9018e-02	0.488107	0
KIAA0754	4	1.2338e-01	5.9018e-02	0.488107	0
IRS2	4	1.2343e-01	5.9018e-02	0.488107	0
CRYGC	4	1.2348e-01	5.9018e-02	0.488107	0
KIAA1468	4	1.2352e-01	5.9018e-02	0.488107	0
FRAS1	4	1.2362e-01	5.9018e-02	0.488107	0
PLEKHH3	4	1.2366e-01	5.9018e-02	0.488107	0
ASB9	4	1.2371e-01	5.9018e-02	0.488107	0
HPS3	4	1.2376e-01	5.9018e-02	0.488107	0
DNAJC10	4	1.2381e-01	5.9018e-02	0.488107	0
ZAR1	4	1.2385e-01	5.9018e-02	0.488107	0
NUFIP1	4	1.2390e-01	5.9018e-02	0.488107	0
DMC1	4	1.2395e-01	5.9018e-02	0.488107	0
ZNF843	4	1.2399e-01	5.9018e-02	0.488107	0
MTCP1	4	1.2404e-01	5.9018e-02	0.488107	0
SPP1	4	1.2409e-01	5.9018e-02	0.488107	0
GNG11	4	1.2413e-01	5.9018e-02	0.488107	0
ANKS6	4	1.2418e-01	5.9018e-02	0.488107	0
SWSAP1	4	1.2423e-01	5.9018e-02	0.488107	0
GOLGB1	4	1.2432e-01	5.9018e-02	0.488107	0
KBTBD12	4	1.2446e-01	5.9018e-02	0.488107	0
CLEC1A	4	1.2451e-01	5.9018e-02	0.488107	0
BCL2L11	4	1.2455e-01	5.9018e-02	0.488107	0
ACAT1	4	1.2465e-01	5.9018e-02	0.488107	0
KCTD9	4	1.2474e-01	5.9018e-02	0.488107	0
RIBC2	4	1.2479e-01	5.9018e-02	0.488107	0
LCORL	4	1.2484e-01	5.9018e-02	0.488107	0
MIA3	4	1.2488e-01	5.9018e-02	0.488107	0
NOL4L	4	1.2493e-01	5.9018e-02	0.488107	0
C11orf84	4	1.2498e-01	5.9018e-02	0.488107	0
TP53I3	4	1.2507e-01	5.9018e-02	0.488107	0
KIAA1143	4	1.2512e-01	5.9018e-02	0.488107	0
ZBTB38	4	1.2516e-01	5.9018e-02	0.488107	0
MRPL24	4	1.2521e-01	5.9018e-02	0.488107	0
TSSC1	4	1.2530e-01	5.9018e-02	0.488107	0
NPFF	4	1.2535e-01	5.9018e-02	0.488107	0
NACC1	4	1.2544e-01	5.9018e-02	0.488107	0
ZNF680	4	1.2549e-01	5.9018e-02	0.488107	0
HOXD3	4	1.2554e-01	5.9018e-02	0.488107	0
ATL3	4	1.2568e-01	6.2835e-02	0.513676	0
GPR142	4	1.2572e-01	6.2835e-02	0.513676	0
DRG2	4	1.2577e-01	6.2835e-02	0.513676	0
CCDC57	4	1.2582e-01	6.2835e-02	0.513676	0
SDF2	4	1.2586e-01	6.2835e-02	0.513676	0
KIF6	4	1.2591e-01	6.2835e-02	0.513676	0
SPTBN4	4	1.2596e-01	6.2835e-02	0.513676	0
GTF2IRD1	4	1.2601e-01	6.2835e-02	0.513676	0
CNTD1	4	1.2605e-01	6.2835e-02	0.513676	0
PSG2	4	1.2610e-01	6.2835e-02	0.513676	0
UNC5D	4	1.2615e-01	6.2835e-02	0.513676	0
HOXD13	4	1.2619e-01	6.2835e-02	0.513676	0
TRIM62	4	1.2624e-01	6.2835e-02	0.513676	0
CDH4	4	1.2629e-01	6.2835e-02	0.513676	0
FXR1	4	1.2633e-01	6.2836e-02	0.513676	0
AVEN	4	1.2638e-01	6.2836e-02	0.513676	0
DNAH5	4	1.2643e-01	6.2836e-02	0.513676	0
CBX1	4	1.2647e-01	6.2836e-02	0.513676	0
TBC1D22B	4	1.2652e-01	6.2836e-02	0.513676	0
CAGE1	4	1.2666e-01	6.2836e-02	0.513676	0
METTL17	4	1.2671e-01	6.2836e-02	0.513676	0
LCN15	4	1.2680e-01	6.2836e-02	0.513676	0
CES1	4	1.2685e-01	6.2836e-02	0.513676	0
UBE2W	4	1.2689e-01	6.2836e-02	0.513676	0
TP73	4	1.2694e-01	6.2836e-02	0.513676	0
ZNF850	4	1.2699e-01	6.2836e-02	0.513676	0
CDC42EP2	4	1.2708e-01	6.6638e-02	0.524434	0
PARP3	4	1.2713e-01	6.6638e-02	0.524434	0
CLEC2D	4	1.2717e-01	6.6638e-02	0.524434	0
SIM1	4	1.2722e-01	6.6638e-02	0.524434	0
ZNF80	4	1.2727e-01	6.6638e-02	0.524434	0
GPLD1	4	1.2731e-01	6.6638e-02	0.524434	0
SLC22A15	4	1.2736e-01	6.6638e-02	0.524434	0
OR5B2	4	1.2741e-01	6.6638e-02	0.524434	0
ADAM8	4	1.2745e-01	6.6638e-02	0.524434	0
SBK3	4	1.2750e-01	6.6638e-02	0.524434	0
SLC25A38	4	1.2755e-01	6.6638e-02	0.524434	0
PPARD	4	1.2759e-01	6.6638e-02	0.524434	0
CHMP4A	4	1.2764e-01	6.6638e-02	0.524434	0
CD4	4	1.2769e-01	6.6638e-02	0.524434	0
CLDN2	4	1.2773e-01	6.6638e-02	0.524434	0
FAM127B	4	1.2783e-01	6.6638e-02	0.524434	0
ZNF585A	4	1.2787e-01	6.6638e-02	0.524434	0
MEOX1	4	1.2792e-01	6.6638e-02	0.524434	0
TOMM40L	4	1.2797e-01	6.6638e-02	0.524434	0
MEFV	4	1.2801e-01	6.6638e-02	0.524434	0
CHGB	4	1.2806e-01	6.6639e-02	0.524434	0
PAGE2B	4	1.2811e-01	6.6639e-02	0.524434	0
KIAA1804	4	1.2815e-01	6.6639e-02	0.524434	0
RANGRF	4	1.2820e-01	6.6639e-02	0.524434	0
NKX2-8	4	1.2825e-01	6.6639e-02	0.524434	0
KRT13	4	1.2829e-01	6.6639e-02	0.524434	0
OR14A16	4	1.2834e-01	6.6639e-02	0.524434	0
ZNF234	4	1.2839e-01	6.6639e-02	0.524434	0
EVC	4	1.2843e-01	6.6639e-02	0.524434	0
NR5A2	4	1.2848e-01	6.6639e-02	0.524434	0
CPEB2	4	1.2853e-01	6.6639e-02	0.524434	0
SYNPO	4	1.2857e-01	6.6639e-02	0.524434	0
INVS	4	1.2867e-01	6.6639e-02	0.524434	0
RGS19	4	1.2871e-01	6.6639e-02	0.524434	0
CAMKMT	4	1.2876e-01	6.6639e-02	0.524434	0
GABRA4	4	1.2881e-01	6.6639e-02	0.524434	0
GSTCD	4	1.2885e-01	6.6639e-02	0.524434	0
EHF	4	1.2890e-01	6.6639e-02	0.524434	0
GSTM1	4	1.2895e-01	6.6639e-02	0.524434	0
ZNF662	4	1.2899e-01	6.6639e-02	0.524434	0
GPR174	4	1.2904e-01	6.6639e-02	0.524434	0
FMO2	4	1.2913e-01	7.0379e-02	0.524434	0
FAM83F	4	1.2918e-01	7.0379e-02	0.524434	0
PSME2	4	1.2923e-01	7.0379e-02	0.524434	0
MILR1	4	1.2927e-01	7.0379e-02	0.524434	0
CCDC86	4	1.2932e-01	7.0379e-02	0.524434	0
SUOX	4	1.2937e-01	7.0379e-02	0.524434	0
RNF13	4	1.2941e-01	7.0379e-02	0.524434	0
SRSF11	4	1.2946e-01	7.0379e-02	0.524434	0
HIST1H4D	4	1.2951e-01	7.0379e-02	0.524434	0
OR52E2	4	1.2955e-01	7.0379e-02	0.524434	0
IFIH1	4	1.2965e-01	7.0379e-02	0.524434	0
NME9	4	1.2969e-01	7.0379e-02	0.524434	0
FOXO4	4	1.2974e-01	7.0379e-02	0.524434	0
CARD14	4	1.2979e-01	7.0379e-02	0.524434	0
NOX1	4	1.2988e-01	7.0379e-02	0.524434	0
NEU1	4	1.2993e-01	7.0379e-02	0.524434	0
FCHSD1	4	1.3002e-01	7.0379e-02	0.524434	0
POPDC3	4	1.3007e-01	7.0379e-02	0.524434	0
FOXO3	4	1.3011e-01	7.0379e-02	0.524434	0
SBNO2	4	1.3016e-01	7.0379e-02	0.524434	0
HAS3	4	1.3021e-01	7.0379e-02	0.524434	0
SH2D3C	4	1.3025e-01	7.0379e-02	0.524434	0
DBN1	4	1.3030e-01	7.0379e-02	0.524434	0
MTFR2	4	1.3039e-01	7.0379e-02	0.524434	0
MMADHC	4	1.3044e-01	7.0379e-02	0.524434	0
MGAT5B	4	1.3048e-01	7.0379e-02	0.524434	0
PML	4	1.3053e-01	7.0379e-02	0.524434	0
C1orf68	4	1.3058e-01	7.0379e-02	0.524434	0
ANKRD35	4	1.3062e-01	7.0379e-02	0.524434	0
FLT1	4	1.3067e-01	7.0379e-02	0.524434	0
DAGLB	4	1.3072e-01	7.0379e-02	0.524434	0
ADORA2A	4	1.3076e-01	7.0379e-02	0.524434	0
XPNPEP2	4	1.3081e-01	7.0379e-02	0.524434	0
ADAMTS12	4	1.3086e-01	7.0379e-02	0.524434	0
REL	4	1.3090e-01	7.0379e-02	0.524434	0
OR56A5	4	1.3095e-01	7.0379e-02	0.524434	0
LRRC6	4	1.3100e-01	7.0379e-02	0.524434	0
ZNF610	4	1.3104e-01	7.0379e-02	0.524434	0
RPGRIP1L	4	1.3109e-01	7.0379e-02	0.524434	0
HVCN1	4	1.3114e-01	7.0379e-02	0.524434	0
SAYSD1	4	1.3118e-01	7.0379e-02	0.524434	0
RAB40B	4	1.3123e-01	7.0379e-02	0.524434	0
SLC25A11	4	1.3128e-01	7.0379e-02	0.524434	0
RNF11	4	1.3137e-01	7.0379e-02	0.524434	0
RTN1	4	1.3146e-01	7.0379e-02	0.524434	0
ADGRL1	4	1.3151e-01	7.0379e-02	0.524434	0
ATP6V0E2	4	1.3156e-01	7.0379e-02	0.524434	0
MYH2	4	1.3160e-01	7.0379e-02	0.524434	0
YTHDF2	4	1.3165e-01	7.0379e-02	0.524434	0
CAPNS2	4	1.3170e-01	7.0379e-02	0.524434	0
C5orf46	4	1.3174e-01	7.0379e-02	0.524434	0
SIRPD	4	1.3179e-01	7.0379e-02	0.524434	0
OR7D2	4	1.3183e-01	7.0379e-02	0.524434	0
CBX2	4	1.3188e-01	7.0379e-02	0.524434	0
KDM5A	4	1.3193e-01	7.0379e-02	0.524434	0
FDCSP	4	1.3197e-01	7.0379e-02	0.524434	0
DTNBP1	4	1.3202e-01	7.0379e-02	0.524434	0
FIGLA	4	1.3207e-01	7.0379e-02	0.524434	0
ZNRF4	4	1.3211e-01	7.0379e-02	0.524434	0
REST	4	1.3221e-01	7.0379e-02	0.524434	0
EYA4	4	1.3225e-01	7.0379e-02	0.524434	0
EFNA1	4	1.3230e-01	7.0379e-02	0.524434	0
SPACA7	4	1.3235e-01	7.0379e-02	0.524434	0
ARL13B	4	1.3239e-01	7.0379e-02	0.524434	0
TMEM45B	4	1.3244e-01	7.0379e-02	0.524434	0
SLC35A3	4	1.3249e-01	7.0379e-02	0.524434	0
C11orf53	4	1.3253e-01	7.0379e-02	0.524434	0
SLC8A1	4	1.3258e-01	7.0379e-02	0.524434	0
CGB7	4	1.3263e-01	7.0379e-02	0.524434	0
ARMC2	4	1.3267e-01	7.0379e-02	0.524434	0
TMEM87A	4	1.3272e-01	7.0379e-02	0.524434	0
GPR173	4	1.3276e-01	7.0379e-02	0.524434	0
CISD1	4	1.3281e-01	7.0379e-02	0.524434	0
C6orf89	4	1.3290e-01	7.0379e-02	0.524434	0
POU4F1	4	1.3295e-01	7.0379e-02	0.524434	0
PNP	4	1.3300e-01	7.0379e-02	0.524434	0
ANO9	4	1.3304e-01	7.0379e-02	0.524434	0
DGUOK	4	1.3309e-01	7.0379e-02	0.524434	0
DEDD	4	1.3318e-01	7.0379e-02	0.524434	0
ZNF563	4	1.3323e-01	7.0379e-02	0.524434	0
ASAP2	4	1.3328e-01	7.0379e-02	0.524434	0
LOC286238	4	1.3332e-01	7.0379e-02	0.524434	0
STK33	4	1.3337e-01	7.0379e-02	0.524434	0
TMC7	4	1.3342e-01	7.0379e-02	0.524434	0
SYT3	4	1.3346e-01	7.0379e-02	0.524434	0
POTEB3	4	1.3351e-01	7.0379e-02	0.524434	0
SLC35G1	4	1.3355e-01	7.0379e-02	0.524434	0
HBG1	4	1.3360e-01	7.0379e-02	0.524434	0
TWSG1	4	1.3365e-01	7.0379e-02	0.524434	0
KAZALD1	4	1.3374e-01	7.0379e-02	0.524434	0
EID2	4	1.3379e-01	7.0379e-02	0.524434	0
SNRPB2	4	1.3383e-01	7.0379e-02	0.524434	0
EMX1	4	1.3388e-01	7.0379e-02	0.524434	0
TMEM18	4	1.3393e-01	7.0380e-02	0.524434	0
GDAP2	4	1.3397e-01	7.0380e-02	0.524434	0
PYY	4	1.3402e-01	7.0380e-02	0.524434	0
GRM4	4	1.3407e-01	7.0380e-02	0.524434	0
UBTD2	4	1.3411e-01	7.0380e-02	0.524434	0
CREG2	4	1.3416e-01	7.0380e-02	0.524434	0
LEP	4	1.3420e-01	7.0380e-02	0.524434	0
CLRN1	4	1.3425e-01	7.0380e-02	0.524434	0
CYP11A1	4	1.3430e-01	7.0380e-02	0.524434	0
HCAR1	4	1.3439e-01	7.0380e-02	0.524434	0
CYP4F8	4	1.3448e-01	7.0380e-02	0.524434	0
KIF15	4	1.3453e-01	7.0380e-02	0.524434	0
GGH	4	1.3462e-01	7.0380e-02	0.524434	0
CRTAP	4	1.3467e-01	7.0380e-02	0.524434	0
SST	4	1.3472e-01	7.0380e-02	0.524434	0
ZNF711	4	1.3476e-01	7.0380e-02	0.524434	0
CDK5R2	4	1.3481e-01	7.0380e-02	0.524434	0
NR2E3	4	1.3485e-01	7.0380e-02	0.524434	0
CCDC77	4	1.3490e-01	7.0380e-02	0.524434	0
CNNM2	4	1.3495e-01	7.0380e-02	0.524434	0
ZNF165	4	1.3499e-01	7.0380e-02	0.524434	0
CXCL3	4	1.3504e-01	7.0380e-02	0.524434	0
ACRC	4	1.3509e-01	7.0380e-02	0.524434	0
PRB1	4	1.3513e-01	7.0380e-02	0.524434	0
TST	4	1.3518e-01	7.0380e-02	0.524434	0
IKZF1	4	1.3523e-01	7.0380e-02	0.524434	0
TMEM203	4	1.3527e-01	7.0380e-02	0.524434	0
CDH6	4	1.3541e-01	7.0380e-02	0.524434	0
PCLO	4	1.3546e-01	7.0380e-02	0.524434	0
ZNF425	4	1.3555e-01	7.0380e-02	0.524434	0
SNX7	4	1.3560e-01	7.0380e-02	0.524434	0
SLC5A1	4	1.3564e-01	7.0380e-02	0.524434	0
EBAG9	4	1.3569e-01	7.0380e-02	0.524434	0
FAM83H	4	1.3574e-01	7.0380e-02	0.524434	0
KRT76	4	1.3578e-01	7.0380e-02	0.524434	0
ALPK2	4	1.3583e-01	7.0380e-02	0.524434	0
PTBP2	4	1.3587e-01	7.0380e-02	0.524434	0
KBTBD11	4	1.3592e-01	7.0380e-02	0.524434	0
BTG3	4	1.3597e-01	7.0380e-02	0.524434	0
MYO5C	4	1.3601e-01	7.0380e-02	0.524434	0
NKX1-2	4	1.3606e-01	7.0380e-02	0.524434	0
C9orf135	4	1.3611e-01	7.0380e-02	0.524434	0
PPL	4	1.3615e-01	7.0380e-02	0.524434	0
MLH1	4	1.3620e-01	7.0380e-02	0.524434	0
TAF5L	4	1.3625e-01	7.0380e-02	0.524434	0
KRTAP20-2	4	1.3629e-01	7.0380e-02	0.524434	0
TRPC3	4	1.3634e-01	7.0380e-02	0.524434	0
PRR7	4	1.3638e-01	7.0380e-02	0.524434	0
SLC38A5	4	1.3643e-01	7.0380e-02	0.524434	0
CCDC175	4	1.3648e-01	7.0380e-02	0.524434	0
NXPH3	4	1.3652e-01	7.0380e-02	0.524434	0
CHKA	4	1.3657e-01	7.0380e-02	0.524434	0
CIT	4	1.3662e-01	7.0380e-02	0.524434	0
TMEM163	4	1.3666e-01	7.0380e-02	0.524434	0
HRG	4	1.3671e-01	7.0380e-02	0.524434	0
CITED4	4	1.3676e-01	7.0380e-02	0.524434	0
PARM1	4	1.3680e-01	7.0380e-02	0.524434	0
LGI2	4	1.3685e-01	7.0380e-02	0.524434	0
IGFL1	4	1.3689e-01	7.0380e-02	0.524434	0
MSRA	4	1.3694e-01	7.0380e-02	0.524434	0
ZCCHC6	4	1.3703e-01	7.0380e-02	0.524434	0
DFFB	4	1.3708e-01	7.0380e-02	0.524434	0
C2orf49	4	1.3713e-01	7.0380e-02	0.524434	0
GABRA2	4	1.3717e-01	7.0380e-02	0.524434	0
GTF2IRD2B	4	1.3722e-01	7.0380e-02	0.524434	0
ITSN2	4	1.3726e-01	7.0380e-02	0.524434	0
OSGEP	4	1.3736e-01	7.0380e-02	0.524434	0
ZNF224	4	1.3740e-01	7.0380e-02	0.524434	0
DCAF12L1	4	1.3745e-01	7.0380e-02	0.524434	0
IGF1	4	1.3750e-01	7.0380e-02	0.524434	0
BTBD16	4	1.3754e-01	7.0380e-02	0.524434	0
CA13	4	1.3759e-01	7.0380e-02	0.524434	0
S100A11	4	1.3764e-01	7.0380e-02	0.524434	0
ACBD6	4	1.3768e-01	7.0380e-02	0.524434	0
USP14	4	1.3773e-01	7.0380e-02	0.524434	0
DLG2	4	1.3777e-01	7.0380e-02	0.524434	0
RAP2C	4	1.3782e-01	7.0380e-02	0.524434	0
FAM102A	4	1.3787e-01	7.0380e-02	0.524434	0
PLEKHH1	4	1.3791e-01	7.0380e-02	0.524434	0
TCF12	4	1.3801e-01	7.0380e-02	0.524434	0
CKLF-CMTM1	4	1.3805e-01	7.0380e-02	0.524434	0
TMEM210	4	1.3810e-01	7.0380e-02	0.524434	0
C12orf77	4	1.3814e-01	7.0380e-02	0.524434	0
SERPINI1	4	1.3819e-01	7.0380e-02	0.524434	0
C14orf80	4	1.3824e-01	7.0380e-02	0.524434	0
PARD6B	4	1.3828e-01	7.0380e-02	0.524434	0
CBX6	4	1.3833e-01	7.0380e-02	0.524434	0
TAS2R14	4	1.3838e-01	7.0380e-02	0.524434	0
MYO1C	4	1.3842e-01	7.0380e-02	0.524434	0
MAGEE1	4	1.3847e-01	7.0380e-02	0.524434	0
ADM	4	1.3851e-01	7.0380e-02	0.524434	0
PTPRJ	4	1.3856e-01	7.0380e-02	0.524434	0
SEPTIN1	4	1.3875e-01	7.4174e-02	0.537614	0
CRTC2	4	1.3879e-01	7.4174e-02	0.537614	0
UNG	4	1.3884e-01	7.4174e-02	0.537614	0
RNF138	4	1.3893e-01	7.4174e-02	0.537614	0
LBP	4	1.3898e-01	7.4174e-02	0.537614	0
PIDD1	4	1.3902e-01	7.4174e-02	0.537614	0
SPG21	4	1.3907e-01	7.4174e-02	0.537614	0
SIGLEC14	4	1.3912e-01	7.4174e-02	0.537614	0
MS4A5	4	1.3916e-01	7.4174e-02	0.537614	0
PYHIN1	4	1.3921e-01	7.4174e-02	0.537614	0
NR2E1	4	1.3925e-01	7.4174e-02	0.537614	0
OTX1	4	1.3930e-01	7.4174e-02	0.537614	0
C6orf201	4	1.3935e-01	7.4174e-02	0.537614	0
C1orf137	4	1.3939e-01	7.4174e-02	0.537614	0
FAM134B	4	1.3944e-01	7.4174e-02	0.537614	0
RTP4	4	1.3949e-01	7.4174e-02	0.537614	0
BPIFB6	4	1.3953e-01	7.4174e-02	0.537614	0
DRG1	4	1.3958e-01	7.4174e-02	0.537614	0
KLF2	4	1.3962e-01	7.4174e-02	0.537614	0
ZNF365	4	1.3967e-01	7.4174e-02	0.537614	0
GABRP	4	1.3972e-01	7.4174e-02	0.537614	0
RNF135	4	1.3976e-01	7.4174e-02	0.537614	0
AMBP	4	1.3981e-01	7.4174e-02	0.537614	0
AHR	4	1.3985e-01	7.4174e-02	0.537614	0
SETX	4	1.3990e-01	7.4174e-02	0.537614	0
MSMB	4	1.3995e-01	7.4174e-02	0.537614	0
KIAA0100	4	1.4009e-01	7.4174e-02	0.537614	0
LEFTY2	4	1.4013e-01	7.4174e-02	0.537614	0
RRAGB	4	1.4018e-01	7.4174e-02	0.537614	0
RAB23	4	1.4022e-01	7.4174e-02	0.537614	0
SRRM5	4	1.4027e-01	7.4174e-02	0.537614	0
PALM2-AKAP2	4	1.4036e-01	7.4174e-02	0.537614	0
PIK3R3	4	1.4041e-01	7.4174e-02	0.537614	0
CSF3R	4	1.4046e-01	7.4174e-02	0.537614	0
THG1L	4	1.4050e-01	7.4174e-02	0.537614	0
IQCF5	4	1.4055e-01	7.4174e-02	0.537614	0
TRIM67	4	1.4059e-01	7.4174e-02	0.537614	0
B4GALT1	4	1.4064e-01	7.4174e-02	0.537614	0
ADORA2B	4	1.4069e-01	7.4174e-02	0.537614	0
DCAF5	4	1.4073e-01	7.4174e-02	0.537614	0
MPC2	4	1.4078e-01	7.4174e-02	0.537614	0
PTGER2	4	1.4082e-01	7.4174e-02	0.537614	0
CC2D1B	4	1.4092e-01	7.4174e-02	0.537614	0
MYL1	4	1.4096e-01	7.4174e-02	0.537614	0
SPAG6	4	1.4101e-01	7.4174e-02	0.537614	0
TMEM56-RWDD3	4	1.4106e-01	7.4174e-02	0.537614	0
LMF2	4	1.4110e-01	7.4174e-02	0.537614	0
CDY1B	4	1.4124e-01	7.4174e-02	0.537614	0
OSTM1	4	1.4129e-01	7.4174e-02	0.537614	0
SLC2A13	4	1.4133e-01	7.4174e-02	0.537614	0
SOX7	4	1.4138e-01	7.4174e-02	0.537614	0
TBPL1	4	1.4142e-01	7.4174e-02	0.537614	0
TRIM64B	4	1.4147e-01	7.4174e-02	0.537614	0
EVA1A	4	1.4152e-01	7.4174e-02	0.537614	0
MCTP1	4	1.4166e-01	7.4174e-02	0.537614	0
CMTM2	4	1.4170e-01	7.4174e-02	0.537614	0
FRS3	4	1.4175e-01	7.4174e-02	0.537614	0
APITD1-CORT	4	1.4179e-01	7.4174e-02	0.537614	0
WEE2	4	1.4184e-01	7.4174e-02	0.537614	0
POLE3	4	1.4193e-01	7.4174e-02	0.537614	0
ARMCX2	4	1.4198e-01	7.4174e-02	0.537614	0
ENO4	4	1.4202e-01	7.4174e-02	0.537614	0
CDH22	4	1.4207e-01	7.4174e-02	0.537614	0
ASUN	4	1.4212e-01	7.4174e-02	0.537614	0
KIF12	4	1.4216e-01	7.4174e-02	0.537614	0
CAPRIN2	4	1.4221e-01	7.4174e-02	0.537614	0
TINAGL1	4	1.4225e-01	7.4174e-02	0.537614	0
SUV420H2	4	1.4230e-01	7.4174e-02	0.537614	0
POLR2J2	4	1.4235e-01	7.4174e-02	0.537614	0
C17orf74	4	1.4239e-01	7.4174e-02	0.537614	0
ACRBP	4	1.4253e-01	7.4174e-02	0.537614	0
TRPM5	4	1.4258e-01	7.4174e-02	0.537614	0
CRELD2	4	1.4272e-01	7.7989e-02	0.544441	0
SENP5	4	1.4276e-01	7.7989e-02	0.544441	0
LRRD1	4	1.4281e-01	7.7989e-02	0.544441	0
CRADD	4	1.4285e-01	7.7989e-02	0.544441	0
GP1BA	4	1.4290e-01	7.7989e-02	0.544441	0
PPP1R35	4	1.4295e-01	7.7989e-02	0.544441	0
HMGN4	4	1.4299e-01	7.7989e-02	0.544441	0
HSD3B1	4	1.4304e-01	7.7989e-02	0.544441	0
RASL10A	4	1.4308e-01	7.7989e-02	0.544441	0
DPP8	4	1.4318e-01	7.7989e-02	0.544441	0
TEX40	4	1.4322e-01	7.7989e-02	0.544441	0
RRM2B	4	1.4327e-01	7.7989e-02	0.544441	0
PINX1	4	1.4331e-01	7.7989e-02	0.544441	0
HPS6	4	1.4336e-01	7.7989e-02	0.544441	0
LAPTM5	4	1.4341e-01	7.7989e-02	0.544441	0
KLHL18	4	1.4345e-01	7.7989e-02	0.544441	0
MZB1	4	1.4354e-01	7.7989e-02	0.544441	0
FAM83A	4	1.4359e-01	7.7989e-02	0.544441	0
PRDM13	4	1.4364e-01	7.7989e-02	0.544441	0
TAS2R1	4	1.4368e-01	7.7989e-02	0.544441	0
PPP2R5D	4	1.4373e-01	7.7989e-02	0.544441	0
FASLG	4	1.4382e-01	7.7989e-02	0.544441	0
RPS6KA6	4	1.4387e-01	7.7989e-02	0.544441	0
NRIP3	4	1.4396e-01	7.7989e-02	0.544441	0
SLC22A31	4	1.4400e-01	7.7989e-02	0.544441	0
GPX2	4	1.4405e-01	7.7989e-02	0.544441	0
IL6R	4	1.4410e-01	7.7989e-02	0.544441	0
KRT38	4	1.4419e-01	7.7989e-02	0.544441	0
USP46	4	1.4428e-01	7.7989e-02	0.544441	0
KRTAP10-6	4	1.4433e-01	7.7989e-02	0.544441	0
TUBA3C	4	1.4442e-01	7.7989e-02	0.544441	0
ADAMTS5	4	1.4447e-01	7.7989e-02	0.544441	0
CTSD	4	1.4451e-01	7.7989e-02	0.544441	0
FAM71F2	4	1.4456e-01	7.7989e-02	0.544441	0
GPR68	4	1.4460e-01	7.7989e-02	0.544441	0
ELK1	4	1.4465e-01	7.7989e-02	0.544441	0
CHRM5	4	1.4470e-01	7.7989e-02	0.544441	0
C8orf88	4	1.4474e-01	7.7989e-02	0.544441	0
USP12	4	1.4479e-01	7.7989e-02	0.544441	0
FMO1	4	1.4488e-01	7.7989e-02	0.544441	0
ADRA2B	4	1.4493e-01	7.7989e-02	0.544441	0
GNAT3	4	1.4497e-01	7.7989e-02	0.544441	0
CPEB3	4	1.4502e-01	7.7989e-02	0.544441	0
CEP162	4	1.4506e-01	7.7989e-02	0.544441	0
KALRN	4	1.4516e-01	7.7989e-02	0.544441	0
HRC	4	1.4520e-01	7.7989e-02	0.544441	0
RAB14	4	1.4525e-01	7.7989e-02	0.544441	0
IL34	4	1.4529e-01	7.7989e-02	0.544441	0
ZEB2	4	1.4534e-01	7.7989e-02	0.544441	0
PPDPF	4	1.4539e-01	7.7989e-02	0.544441	0
HSD17B11	4	1.4543e-01	7.7989e-02	0.544441	0
OLAH	4	1.4548e-01	7.7989e-02	0.544441	0
SLC27A5	4	1.4552e-01	7.7989e-02	0.544441	0
PCDHGA5	4	1.4557e-01	7.7989e-02	0.544441	0
PRMT8	4	1.4561e-01	7.7989e-02	0.544441	0
ACOT4	4	1.4566e-01	7.7989e-02	0.544441	0
PSMC3IP	4	1.4571e-01	7.7989e-02	0.544441	0
NANP	4	1.4575e-01	7.7989e-02	0.544441	0
SYTL3	4	1.4580e-01	7.7989e-02	0.544441	0
EZH2	4	1.4584e-01	7.7989e-02	0.544441	0
CORO1A	4	1.4589e-01	7.7989e-02	0.544441	0
GOLGA6B	4	1.4594e-01	7.7989e-02	0.544441	0
WWC2	4	1.4607e-01	7.7989e-02	0.544441	0
ACADS	4	1.4612e-01	7.7989e-02	0.544441	0
ANTXRL	4	1.4617e-01	7.7989e-02	0.544441	0
CCNL1	4	1.4621e-01	7.7989e-02	0.544441	0
ZFP92	4	1.4630e-01	8.1815e-02	0.544441	0
UPRT	4	1.4635e-01	8.1815e-02	0.544441	0
APOL2	4	1.4644e-01	8.1815e-02	0.544441	0
MUC17	4	1.4649e-01	8.1815e-02	0.544441	0
TM4SF1	4	1.4653e-01	8.1815e-02	0.544441	0
HINT1	4	1.4660e-01	8.1815e-02	0.544441	0
PRLH	4	1.4660e-01	8.1815e-02	0.544441	0
HOXC8	4	1.4667e-01	8.1815e-02	0.544441	0
PERM1	4	1.4672e-01	8.1815e-02	0.544441	0
KLHDC10	4	1.4676e-01	8.1816e-02	0.544441	0
LOC100129940	4	1.4681e-01	8.1816e-02	0.544441	0
ZNF248	4	1.4686e-01	8.1816e-02	0.544441	0
SLC16A1	4	1.4690e-01	8.1816e-02	0.544441	0
PRR36	4	1.4704e-01	8.1816e-02	0.544441	0
MANSC4	4	1.4708e-01	8.1816e-02	0.544441	0
STH	4	1.4713e-01	8.1816e-02	0.544441	0
TMED3	4	1.4718e-01	8.1816e-02	0.544441	0
CST11	4	1.4722e-01	8.1816e-02	0.544441	0
NKRF	4	1.4731e-01	8.5569e-02	0.544441	0
PLSCR4	4	1.4741e-01	8.5569e-02	0.544441	0
DNAJC22	4	1.4745e-01	8.5569e-02	0.544441	0
DHX34	4	1.4750e-01	8.5569e-02	0.544441	0
ASAH2	4	1.4754e-01	8.5569e-02	0.544441	0
PACSIN1	4	1.4759e-01	8.5569e-02	0.544441	0
FSIP1	4	1.4768e-01	8.5569e-02	0.544441	0
MSANTD1	4	1.4773e-01	8.5569e-02	0.544441	0
PRKG1	4	1.4777e-01	8.5569e-02	0.544441	0
ZBTB44	4	1.4786e-01	8.5569e-02	0.544441	0
AMY2A	4	1.4791e-01	8.5569e-02	0.544441	0
GBAS	4	1.4800e-01	8.5569e-02	0.544441	0
INIP	4	1.4809e-01	8.5569e-02	0.544441	0
ZNF865	4	1.4814e-01	8.5569e-02	0.544441	0
CAPZA1	4	1.4819e-01	8.5569e-02	0.544441	0
SLC27A6	4	1.4823e-01	8.5569e-02	0.544441	0
FIBP	4	1.4828e-01	8.5570e-02	0.544441	0
GPC5	4	1.4832e-01	8.5570e-02	0.544441	0
IMPA2	4	1.4842e-01	8.5570e-02	0.544441	0
GFRA1	4	1.4846e-01	8.5570e-02	0.544441	0
TNFRSF10D	4	1.4851e-01	8.5570e-02	0.544441	0
EPS8L2	4	1.4855e-01	8.5570e-02	0.544441	0
ERICH4	4	1.4860e-01	8.5570e-02	0.544441	0
PCDHB2	4	1.4864e-01	8.5570e-02	0.544441	0
CAPN13	4	1.4869e-01	8.5570e-02	0.544441	0
SPTLC3	4	1.4878e-01	8.5570e-02	0.544441	0
FLRT1	4	1.4883e-01	8.5570e-02	0.544441	0
MLF1	4	1.4892e-01	8.5570e-02	0.544441	0
KRT37	4	1.4897e-01	8.5570e-02	0.544441	0
SLC25A45	4	1.4906e-01	8.5570e-02	0.544441	0
MRC1	4	1.4910e-01	8.5570e-02	0.544441	0
HTR2B	4	1.4915e-01	8.5570e-02	0.544441	0
SLCO5A1	4	1.4919e-01	8.5570e-02	0.544441	0
SUSD5	4	1.4929e-01	8.9350e-02	0.544441	0
C1orf194	4	1.4933e-01	8.9350e-02	0.544441	0
SCAMP1	4	1.4938e-01	8.9350e-02	0.544441	0
C19orf54	4	1.4942e-01	8.9350e-02	0.544441	0
TAC4	4	1.4947e-01	8.9350e-02	0.544441	0
RRP36	4	1.4952e-01	8.9350e-02	0.544441	0
TTC36	4	1.4956e-01	8.9350e-02	0.544441	0
PPARGC1B	4	1.4965e-01	8.9350e-02	0.544441	0
ARFIP2	4	1.4974e-01	8.9350e-02	0.544441	0
SMAD6	4	1.4979e-01	8.9350e-02	0.544441	0
ITGA3	4	1.4984e-01	8.9350e-02	0.544441	0
RAB5C	4	1.4988e-01	8.9350e-02	0.544441	0
FLVCR2	4	1.4993e-01	8.9350e-02	0.544441	0
NAMPT	4	1.4997e-01	8.9350e-02	0.544441	0
RPA4	4	1.5002e-01	8.9350e-02	0.544441	0
FRMD7	4	1.5006e-01	8.9350e-02	0.544441	0
CEP19	4	1.5016e-01	8.9350e-02	0.544441	0
TMEM249	4	1.5020e-01	8.9350e-02	0.544441	0
AMDHD2	4	1.5025e-01	8.9350e-02	0.544441	0
SERPINB11	4	1.5029e-01	8.9350e-02	0.544441	0
ZNF17	4	1.5034e-01	8.9350e-02	0.544441	0
RXRA	4	1.5039e-01	8.9350e-02	0.544441	0
TBC1D29	4	1.5043e-01	8.9350e-02	0.544441	0
GNA11	4	1.5052e-01	8.9350e-02	0.544441	0
ZNF626	4	1.5057e-01	8.9350e-02	0.544441	0
SH2D1A	4	1.5066e-01	8.9350e-02	0.544441	0
C6orf52	4	1.5075e-01	9.3163e-02	0.544441	0
PPP1R42	4	1.5080e-01	9.3163e-02	0.544441	0
ZNF354A	4	1.5084e-01	9.3163e-02	0.544441	0
EPHX2	4	1.5089e-01	9.3163e-02	0.544441	0
CXorf40A	4	1.5093e-01	9.3163e-02	0.544441	0
NOD2	4	1.5098e-01	9.3163e-02	0.544441	0
HIST1H4B	4	1.5107e-01	9.3163e-02	0.544441	0
STX19	4	1.5112e-01	9.3163e-02	0.544441	0
FBXW5	4	1.5116e-01	9.3163e-02	0.544441	0
C1orf146	4	1.5121e-01	9.3163e-02	0.544441	0
MPST	4	1.5125e-01	9.3163e-02	0.544441	0
HIPK4	4	1.5130e-01	9.3163e-02	0.544441	0
TSPAN1	4	1.5135e-01	9.3163e-02	0.544441	0
RITA1	4	1.5139e-01	9.3163e-02	0.544441	0
EPB41	4	1.5144e-01	9.3163e-02	0.544441	0
IRF2BP2	4	1.5148e-01	9.3163e-02	0.544441	0
MLLT1	4	1.5153e-01	9.3163e-02	0.544441	0
KXD1	3	1.5153e-01	8.3016e-02	0.544441	0
GJA10	4	1.5157e-01	9.3163e-02	0.544441	0
PRDM12	4	1.5167e-01	9.3163e-02	0.544441	0
HIST1H1D	4	1.5171e-01	9.3163e-02	0.544441	0
AP3B1	4	1.5180e-01	9.3163e-02	0.544441	0
CXCL16	4	1.5185e-01	9.3163e-02	0.544441	0
DNAJA3	4	1.5189e-01	9.3163e-02	0.544441	0
CSNK2A3	4	1.5194e-01	9.3163e-02	0.544441	0
ARL4A	4	1.5199e-01	9.3163e-02	0.544441	0
FAM207A	4	1.5203e-01	9.3163e-02	0.544441	0
ZNF367	4	1.5208e-01	9.3163e-02	0.544441	0
APCDD1L	4	1.5212e-01	9.3163e-02	0.544441	0
BDKRB1	4	1.5217e-01	9.3163e-02	0.544441	0
GNRHR	4	1.5221e-01	9.3163e-02	0.544441	0
CHST4	4	1.5226e-01	9.3163e-02	0.544441	0
CCDC134	4	1.5231e-01	9.3163e-02	0.544441	0
PIGL	4	1.5235e-01	9.3163e-02	0.544441	0
OR6C3	4	1.5240e-01	9.3163e-02	0.544441	0
NPIPA7	4	1.5244e-01	9.3163e-02	0.544441	0
DZIP1L	4	1.5249e-01	9.3163e-02	0.544441	0
HIST2H2AC	4	1.5253e-01	9.3163e-02	0.544441	0
CPT1A	4	1.5258e-01	9.3163e-02	0.544441	0
FOXQ1	4	1.5263e-01	9.3163e-02	0.544441	0
CYP4F3	4	1.5267e-01	9.3163e-02	0.544441	0
ZMYM6	4	1.5272e-01	9.3163e-02	0.544441	0
C2orf40	4	1.5276e-01	9.3163e-02	0.544441	0
GRHPR	4	1.5281e-01	9.3163e-02	0.544441	0
TGIF1	4	1.5285e-01	9.3163e-02	0.544441	0
TCP11X2	4	1.5290e-01	9.3163e-02	0.544441	0
HAPLN1	4	1.5295e-01	9.3163e-02	0.544441	0
PPAPDC3	4	1.5299e-01	9.3163e-02	0.544441	0
PDZD7	4	1.5304e-01	9.3163e-02	0.544441	0
GHDC	4	1.5308e-01	9.3163e-02	0.544441	0
LYSMD1	4	1.5313e-01	9.3163e-02	0.544441	0
CHRNA9	4	1.5317e-01	9.3163e-02	0.544441	0
LOC650293	4	1.5327e-01	9.3163e-02	0.544441	0
MPP5	4	1.5331e-01	9.3163e-02	0.544441	0
KRT74	4	1.5336e-01	9.3163e-02	0.544441	0
HSF5	4	1.5345e-01	9.3163e-02	0.544441	0
NFAT5	4	1.5349e-01	9.3163e-02	0.544441	0
PDC	4	1.5354e-01	9.3163e-02	0.544441	0
ARG2	4	1.5358e-01	9.3163e-02	0.544441	0
MYO1D	4	1.5368e-01	9.3163e-02	0.544441	0
FAM63A	4	1.5372e-01	9.3163e-02	0.544441	0
RASA3	4	1.5377e-01	9.3163e-02	0.544441	0
HIST1H2BA	4	1.5386e-01	9.3163e-02	0.544441	0
PLXDC1	4	1.5390e-01	9.3163e-02	0.544441	0
CASC1	4	1.5395e-01	9.3163e-02	0.544441	0
ZNF208	4	1.5400e-01	9.3163e-02	0.544441	0
FAM160B2	4	1.5404e-01	9.3163e-02	0.544441	0
MT1H	4	1.5409e-01	9.3163e-02	0.544441	0
KLHL30	4	1.5413e-01	9.3163e-02	0.544441	0
HBQ1	4	1.5418e-01	9.3163e-02	0.544441	0
ATP1B2	4	1.5422e-01	9.3163e-02	0.544441	0
SP1	4	1.5427e-01	9.3163e-02	0.544441	0
BNC2	4	1.5431e-01	9.3163e-02	0.544441	0
CUL3	4	1.5441e-01	9.3163e-02	0.544441	0
IL20RB	4	1.5445e-01	9.3163e-02	0.544441	0
COL4A1	4	1.5450e-01	9.3163e-02	0.544441	0
KCTD16	4	1.5454e-01	9.3163e-02	0.544441	0
APH1A	4	1.5459e-01	9.3163e-02	0.544441	0
NXT2	4	1.5463e-01	9.3163e-02	0.544441	0
LRRC36	4	1.5468e-01	9.3163e-02	0.544441	0
CABIN1	4	1.5473e-01	9.3163e-02	0.544441	0
C15orf59	4	1.5477e-01	9.3163e-02	0.544441	0
EPPK1	4	1.5486e-01	9.3163e-02	0.544441	0
ALS2CL	4	1.5491e-01	9.3163e-02	0.544441	0
PTH2	4	1.5500e-01	9.3163e-02	0.544441	0
GBP5	4	1.5504e-01	9.3163e-02	0.544441	0
PROX1	4	1.5509e-01	9.3163e-02	0.544441	0
PROM1	4	1.5523e-01	9.3163e-02	0.544441	0
CLDN10	4	1.5527e-01	9.3163e-02	0.544441	0
UNC119B	4	1.5532e-01	9.3163e-02	0.544441	0
SLC17A1	4	1.5536e-01	9.3163e-02	0.544441	0
FAM177B	4	1.5541e-01	9.3163e-02	0.544441	0
RWDD2A	4	1.5545e-01	9.3163e-02	0.544441	0
TRIM71	4	1.5550e-01	9.3163e-02	0.544441	0
GHRHR	4	1.5555e-01	9.3163e-02	0.544441	0
COX7A1	4	1.5564e-01	9.3163e-02	0.544441	0
ATP6AP1L	4	1.5568e-01	9.3163e-02	0.544441	0
VAV3	4	1.5577e-01	9.3163e-02	0.544441	0
NF1	4	1.5582e-01	9.3163e-02	0.544441	0
GZF1	4	1.5586e-01	9.3163e-02	0.544441	0
SLC15A1	4	1.5591e-01	9.3163e-02	0.544441	0
NOS1	4	1.5596e-01	9.3163e-02	0.544441	0
F13B	4	1.5600e-01	9.3163e-02	0.544441	0
PLCD1	4	1.5614e-01	9.3163e-02	0.544441	0
ALOXE3	4	1.5618e-01	9.3163e-02	0.544441	0
AQP4	4	1.5623e-01	9.3163e-02	0.544441	0
LPGAT1	4	1.5637e-01	9.3163e-02	0.544441	0
ZMYM2	4	1.5641e-01	9.3163e-02	0.544441	0
KSR1	4	1.5646e-01	9.3163e-02	0.544441	0
ZNF138	4	1.5650e-01	9.3163e-02	0.544441	0
SRGAP1	4	1.5655e-01	9.3163e-02	0.544441	0
ENTPD6	4	1.5664e-01	9.3163e-02	0.544441	0
RFPL4AL1	4	1.5668e-01	9.3163e-02	0.544441	0
ZCCHC13	4	1.5673e-01	9.3163e-02	0.544441	0
PGAP3	4	1.5682e-01	9.3163e-02	0.544441	0
NRAP	4	1.5691e-01	9.3163e-02	0.544441	0
PNLIPRP1	4	1.5696e-01	9.3163e-02	0.544441	0
RNF152	4	1.5700e-01	9.3163e-02	0.544441	0
RRAGA	4	1.5705e-01	9.3163e-02	0.544441	0
AFAP1L2	4	1.5709e-01	9.3163e-02	0.544441	0
ADORA3	4	1.5714e-01	9.3163e-02	0.544441	0
APOD	4	1.5718e-01	9.3163e-02	0.544441	0
GSR	4	1.5723e-01	9.3163e-02	0.544441	0
HGF	4	1.5732e-01	9.3163e-02	0.544441	0
FHL2	4	1.5737e-01	9.3163e-02	0.544441	0
CACNA1B	4	1.5741e-01	9.3163e-02	0.544441	0
ASH2L	4	1.5750e-01	9.3163e-02	0.544441	0
MAGEH1	4	1.5755e-01	9.3163e-02	0.544441	0
HMSD	4	1.5759e-01	9.3163e-02	0.544441	0
TTC8	4	1.5764e-01	9.3163e-02	0.544441	0
COX7C	4	1.5769e-01	9.3163e-02	0.544441	0
DDX24	4	1.5773e-01	9.3163e-02	0.544441	0
RBKS	4	1.5778e-01	9.3163e-02	0.544441	0
PCDHA11	4	1.5787e-01	9.3163e-02	0.544441	0
DRC1	4	1.5791e-01	9.3163e-02	0.544441	0
RALGAPB	4	1.5796e-01	9.3163e-02	0.544441	0
ADRM1	4	1.5800e-01	9.3163e-02	0.544441	0
SLC19A1	4	1.5814e-01	9.3163e-02	0.544441	0
TMEM150C	4	1.5819e-01	9.3163e-02	0.544441	0
FAM133A	4	1.5823e-01	9.3163e-02	0.544441	0
GGTLC2	4	1.5828e-01	9.3163e-02	0.544441	0
PHF11	4	1.5832e-01	9.3163e-02	0.544441	0
ARL13A	4	1.5837e-01	9.3163e-02	0.544441	0
CRYGS	4	1.5841e-01	9.3163e-02	0.544441	0
CNOT10	4	1.5846e-01	9.3163e-02	0.544441	0
SLC16A13	4	1.5850e-01	9.3163e-02	0.544441	0
THRAP3	4	1.5855e-01	9.3163e-02	0.544441	0
HSPA4	4	1.5859e-01	9.3163e-02	0.544441	0
SOHLH2	4	1.5864e-01	9.3163e-02	0.544441	0
RHOH	4	1.5869e-01	9.3163e-02	0.544441	0
FBXO2	4	1.5873e-01	9.3163e-02	0.544441	0
LMNTD2	4	1.5887e-01	9.3163e-02	0.544441	0
TEX26	4	1.5896e-01	9.3163e-02	0.544441	0
EVA1B	3	1.5897e-01	8.7265e-02	0.544441	0
BIN2	4	1.5900e-01	9.3163e-02	0.544441	0
RBM34	4	1.5905e-01	9.3163e-02	0.544441	0
CADM2	4	1.5909e-01	9.3163e-02	0.544441	0
KRTAP3-1	4	1.5918e-01	9.3163e-02	0.544441	0
LBR	4	1.5923e-01	9.3163e-02	0.544441	0
DNAJC25	4	1.5932e-01	9.3163e-02	0.544441	0
TEKT5	4	1.5937e-01	9.3163e-02	0.544441	0
CRLF2	4	1.5941e-01	9.3163e-02	0.544441	0
RMDN2	4	1.5946e-01	9.3163e-02	0.544441	0
FOXN4	4	1.5953e-01	9.3163e-02	0.544441	0
C5orf64	4	1.5953e-01	9.3163e-02	0.544441	0
HNRNPCL1	4	1.5959e-01	9.3163e-02	0.544441	0
CENPT	4	1.5964e-01	9.3163e-02	0.544441	0
GRIA3	4	1.5968e-01	9.3163e-02	0.544441	0
EPHA7	4	1.5973e-01	9.3163e-02	0.544441	0
EPHA6	4	1.5978e-01	9.3163e-02	0.544441	0
PIK3C2A	4	1.5982e-01	9.3163e-02	0.544441	0
TCTE1	4	1.5987e-01	9.3163e-02	0.544441	0
VDAC1	4	1.5991e-01	9.3163e-02	0.544441	0
TMEM67	4	1.5996e-01	9.3163e-02	0.544441	0
IZUMO2	4	1.6000e-01	9.3163e-02	0.544441	0
IL1RL1	4	1.6005e-01	9.3163e-02	0.544441	0
TCTE3	4	1.6009e-01	9.3163e-02	0.544441	0
C1orf54	4	1.6014e-01	9.3163e-02	0.544441	0
VSIG4	4	1.6018e-01	9.3163e-02	0.544441	0
BRINP2	4	1.6023e-01	9.3163e-02	0.544441	0
PSME1	4	1.6027e-01	9.3163e-02	0.544441	0
OAZ1	4	1.6037e-01	9.6832e-02	0.544441	0
SPX	4	1.6046e-01	9.6832e-02	0.544441	0
SERPINB3	4	1.6050e-01	9.6832e-02	0.544441	0
PPP2R3A	4	1.6055e-01	9.6832e-02	0.544441	0
LANCL2	4	1.6059e-01	9.6832e-02	0.544441	0
ITPR2	4	1.6064e-01	9.6832e-02	0.544441	0
CPLX4	4	1.6068e-01	9.6832e-02	0.544441	0
SYCP1	4	1.6073e-01	9.6832e-02	0.544441	0
ZIC3	4	1.6077e-01	9.6832e-02	0.544441	0
TNFAIP6	4	1.6082e-01	9.6832e-02	0.544441	0
LRMP	3	1.6083e-01	8.7265e-02	0.544441	0
METTL20	4	1.6086e-01	9.6832e-02	0.544441	0
HOXD12	4	1.6091e-01	9.6832e-02	0.544441	0
AQP7	4	1.6095e-01	9.6832e-02	0.544441	0
ENOPH1	4	1.6100e-01	9.6832e-02	0.544441	0
SESTD1	4	1.6105e-01	9.6832e-02	0.544441	0
PPP2R5B	4	1.6109e-01	9.6832e-02	0.544441	0
FADS6	4	1.6123e-01	9.6832e-02	0.544441	0
IGSF22	4	1.6127e-01	9.6832e-02	0.544441	0
TLX2	4	1.6132e-01	9.6832e-02	0.544441	0
TOX3	4	1.6136e-01	9.6832e-02	0.544441	0
SRMS	4	1.6150e-01	9.6832e-02	0.544441	0
OR10H3	4	1.6154e-01	9.6832e-02	0.544441	0
EMCN	4	1.6159e-01	9.6832e-02	0.544441	0
CBR3	4	1.6168e-01	9.6832e-02	0.544441	0
LMNB1	4	1.6173e-01	9.6832e-02	0.544441	0
CCDC14	4	1.6177e-01	9.6832e-02	0.544441	0
DKK4	4	1.6182e-01	9.6832e-02	0.544441	0
FANCL	4	1.6186e-01	9.6832e-02	0.544441	0
BTBD17	4	1.6195e-01	9.6832e-02	0.544441	0
NUDCD1	4	1.6202e-01	9.6832e-02	0.544441	0
POC1B	3	1.6207e-01	8.7266e-02	0.544441	0
KCTD7	4	1.6209e-01	9.6832e-02	0.544441	0
C15orf39	4	1.6213e-01	9.6832e-02	0.544441	0
PLEKHA3	4	1.6218e-01	9.6832e-02	0.544441	0
VAV2	4	1.6222e-01	9.6832e-02	0.544441	0
ASCL3	4	1.6227e-01	9.6832e-02	0.544441	0
DEGS2	4	1.6231e-01	9.6832e-02	0.544441	0
PAFAH1B3	4	1.6236e-01	9.6832e-02	0.544441	0
SLFNL1	4	1.6240e-01	9.6832e-02	0.544441	0
CEP290	4	1.6245e-01	9.6832e-02	0.544441	0
DYNLRB2	4	1.6250e-01	9.6832e-02	0.544441	0
IL12RB1	4	1.6254e-01	9.6832e-02	0.544441	0
JAGN1	4	1.6259e-01	9.6832e-02	0.544441	0
RAP1B	4	1.6268e-01	9.6832e-02	0.544441	0
LRRC45	4	1.6277e-01	9.6832e-02	0.544441	0
DOK1	4	1.6286e-01	9.6832e-02	0.544441	0
RASGEF1A	4	1.6295e-01	9.6832e-02	0.544441	0
FBXO47	4	1.6299e-01	9.6832e-02	0.544441	0
SCPEP1	4	1.6304e-01	9.6832e-02	0.544441	0
HINT2	4	1.6308e-01	9.6832e-02	0.544441	0
GATA5	4	1.6313e-01	9.6832e-02	0.544441	0
ATP10A	4	1.6317e-01	9.6832e-02	0.544441	0
LECT2	4	1.6322e-01	9.6832e-02	0.544441	0
WBSCR17	4	1.6327e-01	9.6832e-02	0.544441	0
RIPPLY2	4	1.6331e-01	9.6832e-02	0.544441	0
GPIHBP1	4	1.6336e-01	9.6832e-02	0.544441	0
SUGP1	4	1.6340e-01	9.6832e-02	0.544441	0
USP17L1	4	1.6345e-01	9.6832e-02	0.544441	0
C8orf44-SGK3	4	1.6349e-01	9.6832e-02	0.544441	0
MLC1	4	1.6358e-01	9.6832e-02	0.544441	0
LOC102724957	4	1.6363e-01	9.6832e-02	0.544441	0
ZNF155	4	1.6367e-01	9.6832e-02	0.544441	0
C3orf62	4	1.6372e-01	9.6832e-02	0.544441	0
NETO2	4	1.6381e-01	9.6832e-02	0.544441	0
KCNV1	4	1.6385e-01	9.6832e-02	0.544441	0
SYNRG	4	1.6390e-01	9.6832e-02	0.544441	0
FOXI3	4	1.6394e-01	9.6832e-02	0.544441	0
ZBED6CL	4	1.6399e-01	9.6832e-02	0.544441	0
BHMT2	4	1.6408e-01	9.6832e-02	0.544441	0
SHROOM1	4	1.6412e-01	9.6832e-02	0.544441	0
FAM24A	4	1.6417e-01	9.6832e-02	0.544441	0
GON4L	4	1.6421e-01	9.6832e-02	0.544441	0
TAS2R4	4	1.6426e-01	9.6832e-02	0.544441	0
C1orf162	4	1.6431e-01	9.6832e-02	0.544441	0
ADH7	4	1.6435e-01	9.6832e-02	0.544441	0
ROPN1	4	1.6440e-01	9.6832e-02	0.544441	0
ANKRD65	4	1.6444e-01	9.6832e-02	0.544441	0
SPRY4	4	1.6449e-01	9.6832e-02	0.544441	0
POTEH	4	1.6458e-01	9.6832e-02	0.544441	0
SLC7A8	4	1.6462e-01	9.6832e-02	0.544441	0
KCNA6	4	1.6467e-01	9.6832e-02	0.544441	0
DPRX	4	1.6476e-01	9.6832e-02	0.544441	0
PROSER3	4	1.6480e-01	9.6832e-02	0.544441	0
NEK4	4	1.6489e-01	9.6832e-02	0.544441	0
PREPL	4	1.6494e-01	9.6832e-02	0.544441	0
SOCS6	4	1.6498e-01	9.6832e-02	0.544441	0
CSRNP3	4	1.6503e-01	9.6832e-02	0.544441	0
NOSIP	4	1.6507e-01	9.6832e-02	0.544441	0
INS	4	1.6512e-01	9.6832e-02	0.544441	0
PLEKHG5	4	1.6516e-01	9.6832e-02	0.544441	0
GPR101	4	1.6521e-01	9.6832e-02	0.544441	0
SMAGP	4	1.6525e-01	9.6832e-02	0.544441	0
NAP1L2	4	1.6530e-01	9.6832e-02	0.544441	0
SAV1	4	1.6534e-01	9.6832e-02	0.544441	0
SNX24	4	1.6539e-01	9.6832e-02	0.544441	0
S100A4	4	1.6543e-01	9.6832e-02	0.544441	0
SFTPA2	4	1.6548e-01	9.6832e-02	0.544441	0
STXBP4	4	1.6553e-01	9.6832e-02	0.544441	0
ZKSCAN5	4	1.6557e-01	9.6832e-02	0.544441	0
GALE	4	1.6562e-01	9.6832e-02	0.544441	0
GAL3ST3	4	1.6566e-01	9.6832e-02	0.544441	0
RNF130	4	1.6571e-01	9.6832e-02	0.544441	0
TFB1M	4	1.6575e-01	9.6832e-02	0.544441	0
VCAN	4	1.6584e-01	9.6832e-02	0.544441	0
HBE1	4	1.6589e-01	9.6832e-02	0.544441	0
PROZ	4	1.6593e-01	9.6832e-02	0.544441	0
THRA	4	1.6598e-01	9.6832e-02	0.544441	0
ATRX	4	1.6602e-01	9.6832e-02	0.544441	0
GGA1	4	1.6607e-01	9.6832e-02	0.544441	0
KY	4	1.6611e-01	9.6832e-02	0.544441	0
SIN3B	4	1.6616e-01	9.6832e-02	0.544441	0
CHMP1B	4	1.6620e-01	9.6832e-02	0.544441	0
NDUFB9	4	1.6625e-01	9.6832e-02	0.544441	0
MZF1	4	1.6629e-01	9.6832e-02	0.544441	0
SLC11A2	4	1.6634e-01	9.6832e-02	0.544441	0
MRLN	4	1.6638e-01	9.6832e-02	0.544441	0
DGCR2	4	1.6643e-01	9.6832e-02	0.544441	0
SP5	4	1.6647e-01	9.6832e-02	0.544441	0
OR2A2	4	1.6652e-01	9.6832e-02	0.544441	0
PIP5K1A	4	1.6656e-01	9.6832e-02	0.544441	0
OR2B2	4	1.6661e-01	9.6832e-02	0.544441	0
MEF2BNB-MEF2B	4	1.6665e-01	9.6832e-02	0.544441	0
HNRNPM	4	1.6670e-01	9.6832e-02	0.544441	0
DLX5	4	1.6679e-01	9.6832e-02	0.544441	0
PCDHA8	4	1.6683e-01	9.6832e-02	0.544441	0
ACTN4	4	1.6688e-01	9.6832e-02	0.544441	0
SSH2	4	1.6692e-01	9.6832e-02	0.544441	0
ASTL	4	1.6697e-01	9.6832e-02	0.544441	0
IZUMO4	4	1.6701e-01	9.6832e-02	0.544441	0
TNNI2	4	1.6706e-01	9.6832e-02	0.544441	0
ACTG2	4	1.6710e-01	9.6832e-02	0.544441	0
ZBED9	4	1.6715e-01	9.6832e-02	0.544441	0
USP17L17	4	1.6719e-01	9.6832e-02	0.544441	0
AGTRAP	4	1.6724e-01	9.6832e-02	0.544441	0
HNRNPLL	4	1.6729e-01	9.6832e-02	0.544441	0
NCEH1	4	1.6733e-01	9.6832e-02	0.544441	0
PPIAL4F	4	1.6738e-01	9.6832e-02	0.544441	0
KIF9	4	1.6742e-01	9.6832e-02	0.544441	0
SFTPA1	4	1.6747e-01	9.6832e-02	0.544441	0
TRIM39-RPP21	4	1.6751e-01	9.6832e-02	0.544441	0
SPANXA1	4	1.6756e-01	9.6832e-02	0.544441	0
SCFD2	4	1.6760e-01	9.6832e-02	0.544441	0
EDEM3	4	1.6765e-01	9.6832e-02	0.544441	0
DGCR6	4	1.6769e-01	9.6832e-02	0.544441	0
ASIC5	4	1.6774e-01	9.6832e-02	0.544441	0
OLFM3	4	1.6778e-01	9.6832e-02	0.544441	0
DPYSL5	4	1.6783e-01	9.6832e-02	0.544441	0
PIWIL4	4	1.6787e-01	9.6832e-02	0.544441	0
DEFB127	4	1.6792e-01	9.6832e-02	0.544441	0
AHSG	4	1.6801e-01	9.6832e-02	0.544441	0
UBAC2	4	1.6805e-01	9.6832e-02	0.544441	0
ZNF677	4	1.6810e-01	9.6832e-02	0.544441	0
ZNF98	4	1.6814e-01	9.6832e-02	0.544441	0
KRT17	4	1.6819e-01	9.6832e-02	0.544441	0
IBSP	4	1.6823e-01	9.6832e-02	0.544441	0
SRI	4	1.6828e-01	9.6832e-02	0.544441	0
FSTL5	4	1.6832e-01	9.6832e-02	0.544441	0
OR4C12	4	1.6837e-01	9.6832e-02	0.544441	0
DPCR1	4	1.6841e-01	9.6832e-02	0.544441	0
CHRDL1	4	1.6846e-01	9.6832e-02	0.544441	0
DNAH11	4	1.6850e-01	9.6832e-02	0.544441	0
MID1	4	1.6855e-01	9.6832e-02	0.544441	0
MAP2	4	1.6864e-01	9.6832e-02	0.544441	0
GPR63	4	1.6873e-01	9.6832e-02	0.544441	0
CYP27B1	4	1.6877e-01	9.6832e-02	0.544441	0
LURAP1	4	1.6882e-01	9.6832e-02	0.544441	0
TCTA	4	1.6886e-01	9.6832e-02	0.544441	0
PSME4	4	1.6891e-01	9.6832e-02	0.544441	0
INO80E	4	1.6895e-01	9.6832e-02	0.544441	0
TYW3	4	1.6900e-01	9.6832e-02	0.544441	0
ID3	4	1.6909e-01	9.6832e-02	0.544441	0
C8orf46	4	1.6913e-01	9.6832e-02	0.544441	0
UBAP2L	4	1.6918e-01	9.6832e-02	0.544441	0
ACE	4	1.6922e-01	9.6832e-02	0.544441	0
COL9A3	4	1.6927e-01	9.6832e-02	0.544441	0
EBPL	4	1.6936e-01	9.6832e-02	0.544441	0
ALKBH6	4	1.6940e-01	9.6832e-02	0.544441	0
GIMAP8	4	1.6945e-01	9.6832e-02	0.544441	0
AGXT2	4	1.6949e-01	9.6832e-02	0.544441	0
PHEX	4	1.6954e-01	9.6832e-02	0.544441	0
PRF1	4	1.6958e-01	9.6832e-02	0.544441	0
MLEC	4	1.6967e-01	9.6832e-02	0.544441	0
NUDT5	4	1.6976e-01	9.6832e-02	0.544441	0
MIA2	4	1.6981e-01	9.6832e-02	0.544441	0
XKR6	4	1.6985e-01	9.6832e-02	0.544441	0
ULBP3	4	1.6990e-01	9.6832e-02	0.544441	0
TIMP4	4	1.6994e-01	9.6832e-02	0.544441	0
HSP90AB1	4	1.6999e-01	9.6832e-02	0.544441	0
DNAL4	4	1.7012e-01	9.6832e-02	0.544441	0
NUDC	4	1.7017e-01	9.6832e-02	0.544441	0
CALM3	4	1.7021e-01	9.6832e-02	0.544441	0
LANCL1	4	1.7026e-01	9.6832e-02	0.544441	0
RPL3L	4	1.7030e-01	9.6832e-02	0.544441	0
C18orf32	4	1.7039e-01	9.6832e-02	0.544441	0
DEFB132	4	1.7044e-01	9.6832e-02	0.544441	0
CLIC3	4	1.7048e-01	9.6832e-02	0.544441	0
SRGAP2B	4	1.7053e-01	9.6832e-02	0.544441	0
MAOB	4	1.7057e-01	9.6832e-02	0.544441	0
CT47A10	4	1.7062e-01	9.6832e-02	0.544441	0
CFAP45	4	1.7071e-01	9.6832e-02	0.544441	0
FAM3C	4	1.7075e-01	9.6832e-02	0.544441	0
CLDN24	4	1.7080e-01	9.6832e-02	0.544441	0
OSR1	4	1.7084e-01	9.6832e-02	0.544441	0
ENKUR	4	1.7093e-01	9.6832e-02	0.544441	0
FAM151B	4	1.7102e-01	9.6832e-02	0.544441	0
BMP7	4	1.7107e-01	9.6832e-02	0.544441	0
KRT28	4	1.7111e-01	9.6832e-02	0.544441	0
KLRC4-KLRK1	4	1.7116e-01	9.6832e-02	0.544441	0
SHD	4	1.7125e-01	9.6832e-02	0.544441	0
BLM	4	1.7138e-01	9.6832e-02	0.544441	0
LAP3	4	1.7143e-01	9.6832e-02	0.544441	0
DPP4	4	1.7147e-01	9.6832e-02	0.544441	0
WDR63	4	1.7152e-01	9.6832e-02	0.544441	0
PRAC2	4	1.7156e-01	9.6832e-02	0.544441	0
DSTYK	4	1.7161e-01	9.6832e-02	0.544441	0
TBC1D32	4	1.7165e-01	9.6832e-02	0.544441	0
ADGRL4	4	1.7174e-01	9.6832e-02	0.544441	0
TMEM100	4	1.7178e-01	9.6832e-02	0.544441	0
RSAD2	4	1.7183e-01	9.6832e-02	0.544441	0
GATA6	4	1.7187e-01	9.6832e-02	0.544441	0
INO80D	4	1.7192e-01	9.6832e-02	0.544441	0
MALSU1	4	1.7196e-01	9.6832e-02	0.544441	0
GDF3	4	1.7201e-01	9.6832e-02	0.544441	0
ENAH	4	1.7205e-01	9.6832e-02	0.544441	0
P2RY13	4	1.7210e-01	9.6832e-02	0.544441	0
CLIC5	4	1.7214e-01	9.6832e-02	0.544441	0
DDB1	4	1.7219e-01	9.6832e-02	0.544441	0
S100A12	4	1.7223e-01	9.6832e-02	0.544441	0
CDK6	4	1.7228e-01	9.6832e-02	0.544441	0
MYH1	4	1.7232e-01	9.6832e-02	0.544441	0
MANEAL	4	1.7237e-01	9.6832e-02	0.544441	0
KIF24	4	1.7241e-01	9.6832e-02	0.544441	0
MYL6	4	1.7246e-01	9.6832e-02	0.544441	0
ABCC3	4	1.7250e-01	9.6832e-02	0.544441	0
FAM78A	4	1.7255e-01	9.6832e-02	0.544441	0
SPATA13	4	1.7259e-01	9.6832e-02	0.544441	0
ZNF426	4	1.7264e-01	9.6832e-02	0.544441	0
ADIPOQ	4	1.7268e-01	9.6832e-02	0.544441	0
OR2W3	4	1.7273e-01	9.6832e-02	0.544441	0
LACTB2	4	1.7277e-01	9.6832e-02	0.544441	0
LVRN	4	1.7282e-01	9.6832e-02	0.544441	0
COX7A2L	4	1.7286e-01	9.6832e-02	0.544441	0
CCL14	4	1.7291e-01	9.6832e-02	0.544441	0
MESDC1	4	1.7300e-01	9.6832e-02	0.544441	0
HMGN2	4	1.7309e-01	9.6832e-02	0.544441	0
BNIP3L	4	1.7313e-01	9.6832e-02	0.544441	0
TMEM161A	4	1.7318e-01	9.6832e-02	0.544441	0
ZNF3	4	1.7327e-01	9.6832e-02	0.544441	0
IGF1R	4	1.7331e-01	9.6832e-02	0.544441	0
GLT8D1	4	1.7336e-01	9.6832e-02	0.544441	0
MAP7D2	4	1.7340e-01	9.6832e-02	0.544441	0
RNASE6	4	1.7345e-01	9.6832e-02	0.544441	0
CCDC36	4	1.7353e-01	9.6832e-02	0.544441	0
SUMF1	4	1.7358e-01	9.6832e-02	0.544441	0
PPTC7	4	1.7362e-01	9.6832e-02	0.544441	0
ARHGEF19	4	1.7371e-01	9.6832e-02	0.544441	0
LMBR1L	4	1.7376e-01	9.6832e-02	0.544441	0
ATG13	4	1.7385e-01	9.6832e-02	0.544441	0
HAO2	4	1.7394e-01	9.6832e-02	0.544441	0
ZNF771	4	1.7398e-01	9.6832e-02	0.544441	0
VCPKMT	4	1.7403e-01	9.6832e-02	0.544441	0
GPR26	4	1.7407e-01	9.6832e-02	0.544441	0
SPG20	4	1.7412e-01	9.6832e-02	0.544441	0
RUNX2	4	1.7416e-01	9.6832e-02	0.544441	0
ZIC5	4	1.7421e-01	9.6832e-02	0.544441	0
DNASE1	4	1.7425e-01	9.6832e-02	0.544441	0
ADGRG5	4	1.7430e-01	9.6832e-02	0.544441	0
SLC4A3	4	1.7434e-01	9.6832e-02	0.544441	0
ZNF780A	4	1.7439e-01	9.6832e-02	0.544441	0
NT5E	4	1.7443e-01	9.6832e-02	0.544441	0
CXorf58	4	1.7448e-01	9.6832e-02	0.544441	0
GPR155	4	1.7457e-01	9.6832e-02	0.544441	0
NSUN5	4	1.7461e-01	9.6832e-02	0.544441	0
STEAP1B	4	1.7465e-01	9.6832e-02	0.544441	0
C10orf99	4	1.7470e-01	9.6832e-02	0.544441	0
EXOC4	4	1.7474e-01	9.6832e-02	0.544441	0
ASCL4	4	1.7483e-01	9.6832e-02	0.544441	0
FFAR4	4	1.7488e-01	9.6832e-02	0.544441	0
MYH6	4	1.7492e-01	9.6832e-02	0.544441	0
PSD3	4	1.7501e-01	9.6832e-02	0.544441	0
TP53TG5	4	1.7506e-01	9.6832e-02	0.544441	0
DOPEY1	4	1.7519e-01	9.6832e-02	0.544441	0
STK35	4	1.7524e-01	9.6832e-02	0.544441	0
TCEAL4	4	1.7528e-01	9.6832e-02	0.544441	0
FOLH1	4	1.7533e-01	9.6832e-02	0.544441	0
OR4D2	4	1.7542e-01	9.6832e-02	0.544441	0
GLYAT	4	1.7551e-01	9.6832e-02	0.544441	0
GABARAPL2	4	1.7555e-01	9.6832e-02	0.544441	0
OR7G3	4	1.7560e-01	9.6832e-02	0.544441	0
DCBLD2	4	1.7568e-01	9.6832e-02	0.544441	0
UCN3	4	1.7573e-01	9.6832e-02	0.544441	0
TDRD10	4	1.7577e-01	9.6832e-02	0.544441	0
LHX4	4	1.7582e-01	9.6832e-02	0.544441	0
TMX1	4	1.7586e-01	9.6832e-02	0.544441	0
SLC39A2	4	1.7595e-01	9.6832e-02	0.544441	0
ZNF845	4	1.7600e-01	9.6832e-02	0.544441	0
TMEM117	4	1.7604e-01	9.6832e-02	0.544441	0
ZNF527	4	1.7609e-01	9.6832e-02	0.544441	0
WT1	4	1.7613e-01	9.6832e-02	0.544441	0
PHGR1	4	1.7618e-01	9.6832e-02	0.544441	0
NKAIN1	4	1.7622e-01	9.6832e-02	0.544441	0
C19orf18	4	1.7627e-01	9.6832e-02	0.544441	0
AIPL1	4	1.7631e-01	9.6832e-02	0.544441	0
IFNA6	4	1.7636e-01	9.6832e-02	0.544441	0
PCBP4	4	1.7640e-01	9.6832e-02	0.544441	0
C17orf59	4	1.7645e-01	9.6832e-02	0.544441	0
OR56A1	4	1.7649e-01	9.6832e-02	0.544441	0
CX3CR1	4	1.7653e-01	9.6832e-02	0.544441	0
C22orf42	4	1.7662e-01	9.6832e-02	0.544441	0
MAPK8IP1	4	1.7676e-01	9.6832e-02	0.544441	0
GNE	4	1.7685e-01	9.6832e-02	0.544441	0
CDH17	4	1.7689e-01	9.6832e-02	0.544441	0
IGFBP1	4	1.7694e-01	9.6832e-02	0.544441	0
AHRR	4	1.7698e-01	9.6832e-02	0.544441	0
CCBL1	4	1.7712e-01	9.6832e-02	0.544441	0
TNFAIP8L1	4	1.7716e-01	9.6832e-02	0.544441	0
PLEKHM2	4	1.7720e-01	9.6832e-02	0.544441	0
PATE1	4	1.7729e-01	9.6832e-02	0.544441	0
LAMP2	4	1.7734e-01	9.6832e-02	0.544441	0
ZCCHC11	4	1.7738e-01	9.6832e-02	0.544441	0
LRRC30	4	1.7743e-01	9.6832e-02	0.544441	0
CLTCL1	4	1.7747e-01	9.6832e-02	0.544441	0
SLC1A6	4	1.7752e-01	9.6832e-02	0.544441	0
ZNF16	4	1.7756e-01	9.6832e-02	0.544441	0
ASMTL	4	1.7765e-01	9.6832e-02	0.544441	0
ACSM5	4	1.7770e-01	9.6832e-02	0.544441	0
HOXB3	4	1.7774e-01	9.6832e-02	0.544441	0
WFDC2	4	1.7779e-01	9.6832e-02	0.544441	0
VCPIP1	4	1.7788e-01	9.6832e-02	0.544441	0
USP48	4	1.7792e-01	9.6832e-02	0.544441	0
MED14OS	4	1.7801e-01	9.6832e-02	0.544441	0
ARAF	4	1.7805e-01	9.6832e-02	0.544441	0
IGSF9B	4	1.7810e-01	9.6832e-02	0.544441	0
DNAH1	4	1.7814e-01	9.6832e-02	0.544441	0
MXRA8	4	1.7819e-01	9.6832e-02	0.544441	0
CSN2	4	1.7828e-01	9.6832e-02	0.544441	0
MCOLN1	4	1.7832e-01	9.6832e-02	0.544441	0
SUN2	4	1.7841e-01	9.6832e-02	0.544441	0
LTBP3	4	1.7850e-01	1.0049e-01	0.544441	0
KIF20A	4	1.7854e-01	1.0049e-01	0.544441	0
FUT1	4	1.7859e-01	1.0049e-01	0.544441	0
NOC3L	4	1.7863e-01	1.0049e-01	0.544441	0
PFKFB3	4	1.7868e-01	1.0049e-01	0.544441	0
SLC35E3	4	1.7872e-01	1.0049e-01	0.544441	0
ACRV1	4	1.7877e-01	1.0049e-01	0.544441	0
CT47A11	4	1.7886e-01	1.0049e-01	0.544441	0
SIGLEC7	4	1.7890e-01	1.0049e-01	0.544441	0
OR8H3	4	1.7899e-01	1.0049e-01	0.544441	0
MYPN	4	1.7904e-01	1.0049e-01	0.544441	0
KLHL13	4	1.7908e-01	1.0049e-01	0.544441	0
TUBB8	4	1.7912e-01	1.0049e-01	0.544441	0
MUC12	4	1.7917e-01	1.0049e-01	0.544441	0
ACTR5	4	1.7921e-01	1.0049e-01	0.544441	0
SLC40A1	4	1.7930e-01	1.0049e-01	0.544441	0
TNFAIP8	4	1.7935e-01	1.0049e-01	0.544441	0
SLC22A23	4	1.7939e-01	1.0049e-01	0.544441	0
MEI1	4	1.7944e-01	1.0049e-01	0.544441	0
AKTIP	4	1.7948e-01	1.0049e-01	0.544441	0
ENTPD5	4	1.7957e-01	1.0049e-01	0.544441	0
DQX1	4	1.7962e-01	1.0049e-01	0.544441	0
TNFSF4	4	1.7966e-01	1.0049e-01	0.544441	0
SMPX	4	1.7970e-01	1.0049e-01	0.544441	0
NXN	4	1.7975e-01	1.0049e-01	0.544441	0
REPS2	4	1.7984e-01	1.0049e-01	0.544441	0
LHX1	4	1.7988e-01	1.0049e-01	0.544441	0
PNPLA5	4	1.7993e-01	1.0049e-01	0.544441	0
DAPK2	4	1.7997e-01	1.0049e-01	0.544441	0
RPS6KC1	4	1.8006e-01	1.0049e-01	0.544441	0
GCSAM	4	1.8011e-01	1.0049e-01	0.544441	0
SGSM2	4	1.8015e-01	1.0049e-01	0.544441	0
TMEM209	4	1.8028e-01	1.0049e-01	0.544441	0
FGF2	3	1.8032e-01	1.0412e-01	0.544441	0
BATF3	4	1.8037e-01	1.0049e-01	0.544441	0
HTR1F	4	1.8042e-01	1.0049e-01	0.544441	0
ARL3	4	1.8051e-01	1.0049e-01	0.544441	0
ATG16L1	4	1.8068e-01	1.0049e-01	0.544441	0
MEIS2	4	1.8073e-01	1.0049e-01	0.544441	0
CCDC137	4	1.8077e-01	1.0049e-01	0.544441	0
SH3BP5L	4	1.8082e-01	1.0049e-01	0.544441	0
PI16	4	1.8086e-01	1.0049e-01	0.544441	0
NR1D2	4	1.8091e-01	1.0049e-01	0.544441	0
PAFAH2	4	1.8095e-01	1.0049e-01	0.544441	0
LDHAL6B	4	1.8100e-01	1.0049e-01	0.544441	0
SEC14L1	4	1.8109e-01	1.0417e-01	0.544441	0
FDXACB1	4	1.8113e-01	1.0417e-01	0.544441	0
MAP4	4	1.8117e-01	1.0417e-01	0.544441	0
RAB29	4	1.8122e-01	1.0417e-01	0.544441	0
OSCP1	4	1.8126e-01	1.0417e-01	0.544441	0
HSD17B6	4	1.8131e-01	1.0417e-01	0.544441	0
STRIP2	4	1.8135e-01	1.0417e-01	0.544441	0
PHF10	4	1.8140e-01	1.0417e-01	0.544441	0
OR51E2	4	1.8144e-01	1.0417e-01	0.544441	0
ZNRF2	4	1.8149e-01	1.0417e-01	0.544441	0
FAM188A	4	1.8158e-01	1.0417e-01	0.544441	0
GNRH1	4	1.8162e-01	1.0417e-01	0.544441	0
NRP1	4	1.8166e-01	1.0417e-01	0.544441	0
TAAR1	4	1.8175e-01	1.0417e-01	0.544441	0
AIG1	4	1.8180e-01	1.0417e-01	0.544441	0
STX10	4	1.8184e-01	1.0417e-01	0.544441	0
CACNB3	4	1.8189e-01	1.0417e-01	0.544441	0
PRKAR2B	4	1.8193e-01	1.0417e-01	0.544441	0
ARHGAP28	4	1.8202e-01	1.0417e-01	0.544441	0
NPAT	4	1.8206e-01	1.0417e-01	0.544441	0
STAT2	4	1.8211e-01	1.0417e-01	0.544441	0
CORO2A	4	1.8215e-01	1.0417e-01	0.544441	0
EPGN	4	1.8220e-01	1.0417e-01	0.544441	0
RNF213	4	1.8224e-01	1.0417e-01	0.544441	0
ZSCAN16	4	1.8229e-01	1.0417e-01	0.544441	0
EHD3	4	1.8233e-01	1.0417e-01	0.544441	0
ADD3	4	1.8238e-01	1.0417e-01	0.544441	0
HMCN1	4	1.8242e-01	1.0417e-01	0.544441	0
RAB11B	3	1.8246e-01	1.0412e-01	0.544441	0
WDR38	4	1.8249e-01	1.0417e-01	0.544441	0
ECHDC3	4	1.8249e-01	1.0417e-01	0.544441	0
GNG8	4	1.8255e-01	1.0417e-01	0.544441	0
CCDC96	4	1.8260e-01	1.0417e-01	0.544441	0
MGAT4C	4	1.8264e-01	1.0417e-01	0.544441	0
CERS6	4	1.8269e-01	1.0417e-01	0.544441	0
SLC16A14	4	1.8273e-01	1.0417e-01	0.544441	0
PIGK	4	1.8278e-01	1.0417e-01	0.544441	0
PHF19	4	1.8282e-01	1.0417e-01	0.544441	0
PAIP2	4	1.8287e-01	1.0417e-01	0.544441	0
GRHL2	4	1.8291e-01	1.0417e-01	0.544441	0
LINC00452	4	1.8295e-01	1.0417e-01	0.544441	0
IL32	4	1.8304e-01	1.0417e-01	0.544441	0
TSPYL2	4	1.8309e-01	1.0417e-01	0.544441	0
HIST1H2BC	4	1.8313e-01	1.0417e-01	0.544441	0
RASSF5	4	1.8322e-01	1.0417e-01	0.544441	0
SLC4A2	4	1.8327e-01	1.0417e-01	0.544441	0
EPHA8	4	1.8331e-01	1.0417e-01	0.544441	0
GP5	4	1.8335e-01	1.0417e-01	0.544441	0
FAM120AOS	4	1.8340e-01	1.0417e-01	0.544441	0
FGF16	4	1.8344e-01	1.0417e-01	0.544441	0
ANXA5	4	1.8349e-01	1.0417e-01	0.544441	0
CYB5R1	4	1.8353e-01	1.0417e-01	0.544441	0
RNASEL	4	1.8358e-01	1.0417e-01	0.544441	0
STK25	4	1.8362e-01	1.0417e-01	0.544441	0
TMEM239	4	1.8367e-01	1.0417e-01	0.544441	0
CHRNA2	4	1.8371e-01	1.0417e-01	0.544441	0
FKBP4	4	1.8375e-01	1.0417e-01	0.544441	0
AAMDC	4	1.8380e-01	1.0417e-01	0.544441	0
TRIM60	4	1.8384e-01	1.0417e-01	0.544441	0
PTH	4	1.8389e-01	1.0417e-01	0.544441	0
DCAF8	4	1.8393e-01	1.0417e-01	0.544441	0
PPP1R14C	4	1.8402e-01	1.0417e-01	0.544441	0
ESRP1	4	1.8406e-01	1.0417e-01	0.544441	0
CADM4	4	1.8411e-01	1.0417e-01	0.544441	0
CSTL1	4	1.8415e-01	1.0417e-01	0.544441	0
PDE4D	4	1.8420e-01	1.0417e-01	0.544441	0
DKK2	4	1.8424e-01	1.0417e-01	0.544441	0
TRPC4AP	4	1.8429e-01	1.0417e-01	0.544441	0
FAM19A3	4	1.8433e-01	1.0417e-01	0.544441	0
NDFIP2	4	1.8438e-01	1.0417e-01	0.544441	0
FAM9A	4	1.8442e-01	1.0417e-01	0.544441	0
ZNF282	3	1.8442e-01	1.0685e-01	0.544441	0
FAM193A	4	1.8446e-01	1.0417e-01	0.544441	0
TSPAN3	4	1.8451e-01	1.0417e-01	0.544441	0
ZNF451	4	1.8460e-01	1.0417e-01	0.544441	0
RAB8B	4	1.8464e-01	1.0417e-01	0.544441	0
NMUR2	4	1.8473e-01	1.0417e-01	0.544441	0
SPINK7	3	1.8476e-01	1.0685e-01	0.544441	0
SMAP1	4	1.8478e-01	1.0417e-01	0.544441	0
WNT10B	4	1.8482e-01	1.0417e-01	0.544441	0
PRMT2	4	1.8486e-01	1.0417e-01	0.544441	0
CIZ1	4	1.8495e-01	1.0417e-01	0.544441	0
PPP1R12B	4	1.8500e-01	1.0417e-01	0.544441	0
HIP1	4	1.8504e-01	1.0417e-01	0.544441	0
GLOD4	4	1.8509e-01	1.0417e-01	0.544441	0
ABCB8	4	1.8517e-01	1.0417e-01	0.544441	0
ZNF300	4	1.8522e-01	1.0417e-01	0.544441	0
OR8K3	4	1.8526e-01	1.0417e-01	0.544441	0
POMP	4	1.8531e-01	1.0417e-01	0.544441	0
LAMC3	4	1.8535e-01	1.0417e-01	0.544441	0
PAM	4	1.8540e-01	1.0417e-01	0.544441	0
SHOX2	4	1.8544e-01	1.0417e-01	0.544441	0
ZNF324	4	1.8553e-01	1.0417e-01	0.544441	0
USP17L20	4	1.8557e-01	1.0417e-01	0.544441	0
TMEM64	4	1.8562e-01	1.0417e-01	0.544441	0
EFHC1	4	1.8566e-01	1.0417e-01	0.544441	0
MAB21L2	4	1.8571e-01	1.0417e-01	0.544441	0
HBB	4	1.8575e-01	1.0417e-01	0.544441	0
DPY19L1	4	1.8580e-01	1.0417e-01	0.544441	0
CXCR3	4	1.8584e-01	1.0417e-01	0.544441	0
OR6K3	4	1.8593e-01	1.0417e-01	0.544441	0
FAM170B	4	1.8597e-01	1.0417e-01	0.544441	0
KCNC1	4	1.8602e-01	1.0417e-01	0.544441	0
AMD1	4	1.8624e-01	1.0417e-01	0.544441	0
RALGPS1	4	1.8628e-01	1.0417e-01	0.544441	0
C1orf53	4	1.8633e-01	1.0417e-01	0.544441	0
SH3D19	4	1.8637e-01	1.0417e-01	0.544441	0
PRAMEF6	4	1.8642e-01	1.0417e-01	0.544441	0
AMT	4	1.8646e-01	1.0417e-01	0.544441	0
MYBPC1	4	1.8650e-01	1.0417e-01	0.544441	0
SLC26A3	4	1.8655e-01	1.0417e-01	0.544441	0
DCDC1	4	1.8659e-01	1.0417e-01	0.544441	0
NKD1	4	1.8664e-01	1.0417e-01	0.544441	0
IQCC	4	1.8668e-01	1.0417e-01	0.544441	0
RAB3IL1	4	1.8673e-01	1.0417e-01	0.544441	0
CEACAM1	4	1.8677e-01	1.0417e-01	0.544441	0
LCE3A	4	1.8681e-01	1.0417e-01	0.544441	0
ZNF589	4	1.8686e-01	1.0417e-01	0.544441	0
C21orf33	4	1.8695e-01	1.0417e-01	0.544441	0
MPDU1	4	1.8699e-01	1.0417e-01	0.544441	0
PPARGC1A	4	1.8708e-01	1.0417e-01	0.544441	0
ATM	4	1.8712e-01	1.0417e-01	0.544441	0
NAA60	4	1.8717e-01	1.0417e-01	0.544441	0
STK4	4	1.8721e-01	1.0417e-01	0.544441	0
IL1RL2	4	1.8730e-01	1.0417e-01	0.544441	0
DMPK	4	1.8735e-01	1.0417e-01	0.544441	0
ABCB1	4	1.8739e-01	1.0417e-01	0.544441	0
FOXJ2	4	1.8743e-01	1.0417e-01	0.544441	0
MAP7	4	1.8748e-01	1.0417e-01	0.544441	0
SH2D5	4	1.8752e-01	1.0417e-01	0.544441	0
TP63	4	1.8757e-01	1.0417e-01	0.544441	0
IMPDH1	3	1.8757e-01	1.0966e-01	0.544441	0
NYAP2	4	1.8761e-01	1.0417e-01	0.544441	0
PNMAL1	4	1.8766e-01	1.0417e-01	0.544441	0
SCGB1C1	4	1.8770e-01	1.0417e-01	0.544441	0
COMMD8	4	1.8774e-01	1.0417e-01	0.544441	0
DCDC5	4	1.8779e-01	1.0417e-01	0.544441	0
MLNR	4	1.8783e-01	1.0417e-01	0.544441	0
CARHSP1	4	1.8788e-01	1.0417e-01	0.544441	0
KIFC2	4	1.8792e-01	1.0417e-01	0.544441	0
SPTSSB	4	1.8797e-01	1.0417e-01	0.544441	0
P2RY11	4	1.8801e-01	1.0417e-01	0.544441	0
MAP4K3	4	1.8805e-01	1.0417e-01	0.544441	0
FUT4	4	1.8810e-01	1.0417e-01	0.544441	0
CNGB1	4	1.8819e-01	1.0417e-01	0.544441	0
KRTAP4-9	4	1.8823e-01	1.0417e-01	0.544441	0
AP5B1	4	1.8828e-01	1.0417e-01	0.544441	0
CCDC169	4	1.8832e-01	1.0417e-01	0.544441	0
PSCA	4	1.8836e-01	1.0417e-01	0.544441	0
IL2RA	4	1.8841e-01	1.0417e-01	0.544441	0
RNF219	4	1.8845e-01	1.0417e-01	0.544441	0
GBP2	4	1.8850e-01	1.0417e-01	0.544441	0
GRIA2	4	1.8854e-01	1.0417e-01	0.544441	0
SLC35B4	4	1.8858e-01	1.0417e-01	0.544441	0
HNRNPUL2	4	1.8867e-01	1.0417e-01	0.544441	0
GPR52	4	1.8872e-01	1.0417e-01	0.544441	0
ACTR3C	4	1.8876e-01	1.0417e-01	0.544441	0
LYAR	4	1.8885e-01	1.0417e-01	0.544441	0
NIPSNAP3A	4	1.8894e-01	1.0417e-01	0.544441	0
ATG7	4	1.8898e-01	1.0417e-01	0.544441	0
KPNA3	4	1.8912e-01	1.0417e-01	0.544441	0
KLK15	4	1.8920e-01	1.0417e-01	0.544441	0
INSR	4	1.8925e-01	1.0417e-01	0.544441	0
TDRP	4	1.8929e-01	1.0417e-01	0.544441	0
CD226	4	1.8947e-01	1.0417e-01	0.544441	0
DNAJB12	4	1.8956e-01	1.0417e-01	0.544441	0
TBX3	4	1.8965e-01	1.0417e-01	0.544441	0
ZSWIM1	4	1.8969e-01	1.0417e-01	0.544441	0
STK32C	4	1.8973e-01	1.0417e-01	0.544441	0
EIF1AY	4	1.8978e-01	1.0417e-01	0.544441	0
OR1F1	4	1.8982e-01	1.0417e-01	0.544441	0
TPCN2	4	1.8987e-01	1.0417e-01	0.544441	0
GYS2	4	1.8991e-01	1.0417e-01	0.544441	0
ZFYVE28	4	1.8995e-01	1.0417e-01	0.544441	0
LYZ	4	1.9000e-01	1.0417e-01	0.544441	0
HIVEP1	4	1.9004e-01	1.0417e-01	0.544441	0
RAMP3	4	1.9013e-01	1.0417e-01	0.544441	0
MPV17	4	1.9018e-01	1.0417e-01	0.544441	0
C9orf89	4	1.9022e-01	1.0417e-01	0.544441	0
CCHCR1	4	1.9026e-01	1.0417e-01	0.544441	0
SERBP1	4	1.9031e-01	1.0417e-01	0.544441	0
BBS1	4	1.9035e-01	1.0417e-01	0.544441	0
MAP3K11	4	1.9040e-01	1.0417e-01	0.544441	0
SLC35F6	4	1.9044e-01	1.0417e-01	0.544441	0
CHP1	4	1.9048e-01	1.0417e-01	0.544441	0
MED23	4	1.9057e-01	1.0417e-01	0.544441	0
AGXT	4	1.9062e-01	1.0417e-01	0.544441	0
C11orf86	4	1.9066e-01	1.0417e-01	0.544441	0
MUM1	4	1.9071e-01	1.0417e-01	0.544441	0
ANKRD13B	4	1.9079e-01	1.0417e-01	0.544441	0
SLC3A1	4	1.9084e-01	1.0417e-01	0.544441	0
PEX16	4	1.9088e-01	1.0417e-01	0.544441	0
CDC14A	4	1.9097e-01	1.0417e-01	0.544441	0
SCEL	3	1.9101e-01	1.1246e-01	0.544441	0
FLT3LG	4	1.9101e-01	1.0417e-01	0.544441	0
UBE2D2	4	1.9110e-01	1.0417e-01	0.544441	0
HEMGN	4	1.9119e-01	1.0417e-01	0.544441	0
NALCN	4	1.9123e-01	1.0417e-01	0.544441	0
MDGA2	4	1.9128e-01	1.0417e-01	0.544441	0
TBC1D8	4	1.9132e-01	1.0417e-01	0.544441	0
IGSF6	4	1.9146e-01	1.0417e-01	0.544441	0
FCHO2	4	1.9150e-01	1.0417e-01	0.544441	0
GALK1	4	1.9159e-01	1.0417e-01	0.544441	0
STRA6	4	1.9163e-01	1.0417e-01	0.544441	0
SNX16	4	1.9168e-01	1.0417e-01	0.544441	0
ANXA8L1	4	1.9172e-01	1.0417e-01	0.544441	0
TDGF1	4	1.9190e-01	1.0417e-01	0.544441	0
CD200R1L	4	1.9194e-01	1.0417e-01	0.544441	0
ABCA7	4	1.9198e-01	1.0417e-01	0.544441	0
DAAM1	4	1.9203e-01	1.0417e-01	0.544441	0
NUFIP2	4	1.9207e-01	1.0417e-01	0.544441	0
ABHD4	4	1.9212e-01	1.0417e-01	0.544441	0
NAA38	4	1.9216e-01	1.0417e-01	0.544441	0
CHSY3	4	1.9220e-01	1.0417e-01	0.544441	0
ADAM12	4	1.9229e-01	1.0417e-01	0.544441	0
ZNF76	4	1.9234e-01	1.0417e-01	0.544441	0
FLAD1	4	1.9238e-01	1.0417e-01	0.544441	0
TMEM175	4	1.9243e-01	1.0417e-01	0.544441	0
STAG2	4	1.9247e-01	1.0417e-01	0.544441	0
SKAP1	4	1.9256e-01	1.0417e-01	0.544441	0
THUMPD1	4	1.9260e-01	1.0417e-01	0.544441	0
SMLR1	4	1.9265e-01	1.0417e-01	0.544441	0
KRT6A	4	1.9269e-01	1.0417e-01	0.544441	0
TEAD2	4	1.9273e-01	1.0417e-01	0.544441	0
HTR1E	4	1.9282e-01	1.0417e-01	0.544441	0
ZNF664	4	1.9291e-01	1.0417e-01	0.544441	0
DENND2C	4	1.9295e-01	1.0417e-01	0.544441	0
SEC23B	4	1.9300e-01	1.0417e-01	0.544441	0
MFSD6	4	1.9304e-01	1.0417e-01	0.544441	0
ROM1	4	1.9317e-01	1.0417e-01	0.544441	0
PDZD3	4	1.9322e-01	1.0417e-01	0.544441	0
GDPD2	4	1.9326e-01	1.0417e-01	0.544441	0
C11orf96	4	1.9331e-01	1.0417e-01	0.544441	0
PANK1	4	1.9335e-01	1.0417e-01	0.544441	0
ZNF136	4	1.9339e-01	1.0417e-01	0.544441	0
AOC3	4	1.9344e-01	1.0417e-01	0.544441	0
AGAP4	4	1.9348e-01	1.0417e-01	0.544441	0
BAG3	4	1.9353e-01	1.0417e-01	0.544441	0
NPTX2	4	1.9361e-01	1.0417e-01	0.544441	0
ANKRD12	4	1.9366e-01	1.0417e-01	0.544441	0
HECW2	4	1.9375e-01	1.0417e-01	0.544441	0
APOB	4	1.9379e-01	1.0417e-01	0.544441	0
CST4	4	1.9388e-01	1.0417e-01	0.544441	0
RGS2	4	1.9392e-01	1.0417e-01	0.544441	0
CLIC6	4	1.9397e-01	1.0417e-01	0.544441	0
TTC21B	4	1.9401e-01	1.0417e-01	0.544441	0
FKBP14	4	1.9410e-01	1.0417e-01	0.544441	0
SENP8	4	1.9414e-01	1.0417e-01	0.544441	0
TRPT1	4	1.9419e-01	1.0417e-01	0.544441	0
MSI2	4	1.9423e-01	1.0417e-01	0.544441	0
APOA1	4	1.9427e-01	1.0417e-01	0.544441	0
DLGAP1	4	1.9432e-01	1.0417e-01	0.544441	0
MMRN1	4	1.9436e-01	1.0417e-01	0.544441	0
NR3C1	4	1.9441e-01	1.0417e-01	0.544441	0
TOR1AIP2	4	1.9449e-01	1.0417e-01	0.544441	0
RANBP3L	4	1.9454e-01	1.0417e-01	0.544441	0
ENTHD1	4	1.9458e-01	1.0417e-01	0.544441	0
ARHGEF4	4	1.9463e-01	1.0417e-01	0.544441	0
ELFN1	4	1.9467e-01	1.0417e-01	0.544441	0
GDNF	4	1.9471e-01	1.0417e-01	0.544441	0
MGST3	4	1.9476e-01	1.0417e-01	0.544441	0
SPRR1A	4	1.9485e-01	1.0786e-01	0.544441	0
CEACAM20	4	1.9489e-01	1.0786e-01	0.544441	0
EMC2	4	1.9498e-01	1.0786e-01	0.544441	0
FOXF2	4	1.9502e-01	1.0786e-01	0.544441	0
EXTL2	4	1.9511e-01	1.0786e-01	0.544441	0
C3orf38	4	1.9515e-01	1.0786e-01	0.544441	0
ZFP30	4	1.9520e-01	1.0786e-01	0.544441	0
SHISA6	4	1.9524e-01	1.0786e-01	0.544441	0
ST3GAL6	4	1.9529e-01	1.0786e-01	0.544441	0
RBCK1	4	1.9533e-01	1.0786e-01	0.544441	0
MAGEA10-MAGEA5	4	1.9537e-01	1.0786e-01	0.544441	0
DLG1	4	1.9542e-01	1.0786e-01	0.544441	0
ELOVL5	4	1.9546e-01	1.0786e-01	0.544441	0
EOGT	4	1.9551e-01	1.0786e-01	0.544441	0
UPF3A	4	1.9555e-01	1.0786e-01	0.544441	0
HYAL2	4	1.9559e-01	1.0786e-01	0.544441	0
GIMAP1	4	1.9564e-01	1.0786e-01	0.544441	0
CD101	4	1.9568e-01	1.0786e-01	0.544441	0
CLIP2	4	1.9572e-01	1.0786e-01	0.544441	0
BABAM1	4	1.9577e-01	1.0786e-01	0.544441	0
LGMN	4	1.9581e-01	1.0786e-01	0.544441	0
CNGA2	4	1.9586e-01	1.0786e-01	0.544441	0
BMP3	4	1.9590e-01	1.0786e-01	0.544441	0
MINA	4	1.9594e-01	1.0786e-01	0.544441	0
MAGEB16	4	1.9599e-01	1.0786e-01	0.544441	0
TMEM128	4	1.9603e-01	1.0786e-01	0.544441	0
PHLDB2	4	1.9608e-01	1.0786e-01	0.544441	0
PCDHGB7	4	1.9612e-01	1.0786e-01	0.544441	0
NAA11	4	1.9616e-01	1.0786e-01	0.544441	0
SIX5	4	1.9621e-01	1.0786e-01	0.544441	0
SYF2	4	1.9676e-01	1.0971e-01	0.544441	0
FAXDC2	4	1.9676e-01	1.0971e-01	0.544441	0
EFCAB1	4	1.9676e-01	1.0971e-01	0.544441	0
CCRL2	4	1.9676e-01	1.0971e-01	0.544441	0
KIR2DL3	4	1.9676e-01	1.0971e-01	0.544441	0
GLRX3	4	1.9676e-01	1.0971e-01	0.544441	0
PALM3	4	1.9676e-01	1.0971e-01	0.544441	0
PPRC1	4	1.9676e-01	1.0971e-01	0.544441	0
DDX3X	4	1.9676e-01	1.0971e-01	0.544441	0
GUK1	4	1.9676e-01	1.0971e-01	0.544441	0
A1BG	4	1.9676e-01	1.0971e-01	0.544441	0
MYH11	4	1.9676e-01	1.0971e-01	0.544441	0
ADM5	4	1.9676e-01	1.0971e-01	0.544441	0
TRAPPC3	4	1.9676e-01	1.0971e-01	0.544441	0
TMEM182	4	1.9676e-01	1.0971e-01	0.544441	0
BRSK1	4	1.9676e-01	1.0971e-01	0.544441	0
PHC2	4	1.9676e-01	1.0971e-01	0.544441	0
C17orf80	4	1.9730e-01	1.1157e-01	0.544441	0
UBAC1	4	1.9735e-01	1.1157e-01	0.544441	0
MSTN	4	1.9739e-01	1.1157e-01	0.544441	0
DLGAP4	4	1.9744e-01	1.1157e-01	0.544441	0
ZFHX4	4	1.9748e-01	1.1157e-01	0.544441	0
TFF2	4	1.9757e-01	1.1157e-01	0.544441	0
ATPIF1	4	1.9761e-01	1.1157e-01	0.544441	0
ATP1B1	4	1.9766e-01	1.1157e-01	0.544441	0
FZD10	4	1.9770e-01	1.1157e-01	0.544441	0
DRC7	4	1.9774e-01	1.1157e-01	0.544441	0
CPT1C	4	1.9779e-01	1.1157e-01	0.544441	0
BBX	4	1.9783e-01	1.1157e-01	0.544441	0
UCHL1	4	1.9788e-01	1.1157e-01	0.544441	0
NDUFB6	4	1.9792e-01	1.1157e-01	0.544441	0
S100A7L2	4	1.9796e-01	1.1157e-01	0.544441	0
ENDOD1	4	1.9801e-01	1.1157e-01	0.544441	0
C2orf91	4	1.9805e-01	1.1157e-01	0.544441	0
RMND5B	4	1.9809e-01	1.1157e-01	0.544441	0
CLDN25	4	1.9814e-01	1.1157e-01	0.544441	0
CDC42EP3	4	1.9818e-01	1.1157e-01	0.544441	0
PRR23C	4	1.9823e-01	1.1157e-01	0.544441	0
CAMK2D	4	1.9827e-01	1.1157e-01	0.544441	0
CCDC127	4	1.9831e-01	1.1157e-01	0.544441	0
CAPNS1	4	1.9836e-01	1.1157e-01	0.544441	0
FAM178B	4	1.9840e-01	1.1157e-01	0.544441	0
OTULIN	4	1.9844e-01	1.1157e-01	0.544441	0
MANBA	4	1.9849e-01	1.1157e-01	0.544441	0
GATS	4	1.9853e-01	1.1157e-01	0.544441	0
ATOX1	4	1.9858e-01	1.1157e-01	0.544441	0
TAZ	4	1.9862e-01	1.1157e-01	0.544441	0
TBC1D25	4	1.9866e-01	1.1157e-01	0.544441	0
UBP1	4	1.9871e-01	1.1157e-01	0.544441	0
ZNF565	4	1.9880e-01	1.1157e-01	0.544441	0
LCP2	4	1.9884e-01	1.1157e-01	0.544441	0
TBC1D7	4	1.9888e-01	1.1157e-01	0.544441	0
LOXL4	4	1.9897e-01	1.1157e-01	0.544441	0
MYOC	4	1.9901e-01	1.1157e-01	0.544441	0
ZNF430	4	1.9906e-01	1.1157e-01	0.544441	0
MCHR1	4	1.9910e-01	1.1157e-01	0.544441	0
OR7G1	4	1.9915e-01	1.1157e-01	0.544441	0
CNIH4	4	1.9923e-01	1.1157e-01	0.544441	0
ALKBH8	4	1.9928e-01	1.1157e-01	0.544441	0
PSAP	4	1.9932e-01	1.1157e-01	0.544441	0
SMIM17	4	1.9936e-01	1.1157e-01	0.544441	0
DLX4	4	1.9941e-01	1.1157e-01	0.544441	0
NOMO3	4	1.9950e-01	1.1157e-01	0.544441	0
TXLNB	4	1.9954e-01	1.1157e-01	0.544441	0
GLIPR1	4	1.9963e-01	1.1157e-01	0.544441	0
CCDC24	4	1.9967e-01	1.1157e-01	0.544441	0
KIF1B	4	1.9971e-01	1.1157e-01	0.544441	0
C1orf168	4	1.9976e-01	1.1157e-01	0.544441	0
ACTC1	4	1.9980e-01	1.1157e-01	0.544441	0
SPRR1B	4	1.9985e-01	1.1157e-01	0.544441	0
SLC8A3	4	1.9989e-01	1.1157e-01	0.544441	0
CTAGE5	4	2.0002e-01	1.1157e-01	0.544441	0
TCF20	4	2.0009e-01	1.1157e-01	0.544441	0
CDK13	4	2.0009e-01	1.1157e-01	0.544441	0
ACHE	4	2.0015e-01	1.1157e-01	0.544441	0
FST	4	2.0024e-01	1.1157e-01	0.544441	0
OGFRL1	4	2.0028e-01	1.1157e-01	0.544441	0
ZNF653	4	2.0033e-01	1.1157e-01	0.544441	0
TNFRSF11B	4	2.0037e-01	1.1157e-01	0.544441	0
TMEM51	4	2.0041e-01	1.1157e-01	0.544441	0
CEACAM8	4	2.0046e-01	1.1157e-01	0.544441	0
NMU	4	2.0050e-01	1.1157e-01	0.544441	0
KMT2E	4	2.0055e-01	1.1157e-01	0.544441	0
FAM92B	4	2.0059e-01	1.1157e-01	0.544441	0
ARAP3	4	2.0063e-01	1.1157e-01	0.544441	0
CCDC33	4	2.0068e-01	1.1157e-01	0.544441	0
TNFAIP8L2	4	2.0072e-01	1.1157e-01	0.544441	0
SLC30A3	4	2.0076e-01	1.1157e-01	0.544441	0
TRAPPC12	4	2.0081e-01	1.1157e-01	0.544441	0
OPRL1	4	2.0085e-01	1.1157e-01	0.544441	0
TLR7	4	2.0090e-01	1.1157e-01	0.544441	0
GRIK3	4	2.0094e-01	1.1157e-01	0.544441	0
AEBP2	4	2.0098e-01	1.1157e-01	0.544441	0
PCGF3	4	2.0103e-01	1.1157e-01	0.544441	0
PRIMPOL	4	2.0107e-01	1.1157e-01	0.544441	0
GBA	4	2.0116e-01	1.1525e-01	0.544441	0
CABS1	4	2.0120e-01	1.1525e-01	0.544441	0
KRTAP4-3	4	2.0125e-01	1.1525e-01	0.544441	0
ETV4	4	2.0133e-01	1.1525e-01	0.544441	0
PCDHGC3	4	2.0138e-01	1.1525e-01	0.544441	0
RB1	4	2.0142e-01	1.1525e-01	0.544441	0
ANKRD63	4	2.0146e-01	1.1525e-01	0.544441	0
RSPH14	4	2.0151e-01	1.1525e-01	0.544441	0
PPP2R2A	4	2.0155e-01	1.1525e-01	0.544441	0
ZNF841	4	2.0159e-01	1.1525e-01	0.544441	0
TRIM65	4	2.0164e-01	1.1525e-01	0.544441	0
IPO8	4	2.0168e-01	1.1525e-01	0.544441	0
TMEM35	4	2.0190e-01	1.1525e-01	0.544441	0
LRRC3C	4	2.0194e-01	1.1525e-01	0.544441	0
ZMYND12	4	2.0208e-01	1.1525e-01	0.544441	0
ATG9A	4	2.0212e-01	1.1525e-01	0.544441	0
FXR2	4	2.0216e-01	1.1525e-01	0.544441	0
ANLN	4	2.0221e-01	1.1525e-01	0.544441	0
STK32B	4	2.0225e-01	1.1525e-01	0.544441	0
COQ3	4	2.0229e-01	1.1525e-01	0.544441	0
LTB4R	4	2.0234e-01	1.1525e-01	0.544441	0
FHDC1	4	2.0238e-01	1.1525e-01	0.544441	0
HYI	4	2.0247e-01	1.1525e-01	0.544441	0
LY9	4	2.0251e-01	1.1525e-01	0.544441	0
JAM2	4	2.0256e-01	1.1525e-01	0.544441	0
NXPE2	4	2.0260e-01	1.1525e-01	0.544441	0
ALDH1L1	4	2.0264e-01	1.1525e-01	0.544441	0
PRKAR2A	4	2.0273e-01	1.1525e-01	0.544441	0
UGDH	4	2.0277e-01	1.1525e-01	0.544441	0
TFR2	4	2.0282e-01	1.1525e-01	0.544441	0
TMEM246	4	2.0286e-01	1.1525e-01	0.544441	0
HACD1	4	2.0290e-01	1.1525e-01	0.544441	0
ZFAND2B	4	2.0295e-01	1.1525e-01	0.544441	0
NT5DC1	4	2.0299e-01	1.1525e-01	0.544441	0
GATAD2A	4	2.0304e-01	1.1525e-01	0.544441	0
FAM98C	4	2.0308e-01	1.1525e-01	0.544441	0
TPM2	4	2.0317e-01	1.1525e-01	0.544441	0
SRP68	4	2.0321e-01	1.1525e-01	0.544441	0
HK3	4	2.0325e-01	1.1525e-01	0.544441	0
S100A5	4	2.0332e-01	1.1525e-01	0.544441	0
ZNF534	4	2.0338e-01	1.1525e-01	0.544441	0
KLK14	4	2.0347e-01	1.1525e-01	0.544441	0
ARSI	4	2.0360e-01	1.1525e-01	0.544441	0
SYCN	4	2.0365e-01	1.1525e-01	0.544441	0
TARM1	4	2.0369e-01	1.1525e-01	0.544441	0
SGPL1	4	2.0373e-01	1.1525e-01	0.544441	0
ARAP1	4	2.0378e-01	1.1525e-01	0.544441	0
THAP4	4	2.0382e-01	1.1525e-01	0.544441	0
UHMK1	4	2.0386e-01	1.1525e-01	0.544441	0
PRSS2	4	2.0391e-01	1.1525e-01	0.544441	0
CR2	4	2.0395e-01	1.1525e-01	0.544441	0
HTRA3	4	2.0400e-01	1.1525e-01	0.544441	0
CDK15	4	2.0404e-01	1.1525e-01	0.544441	0
CENPB	4	2.0417e-01	1.1525e-01	0.544441	0
COL17A1	4	2.0421e-01	1.1525e-01	0.544441	0
TRIM17	4	2.0426e-01	1.1525e-01	0.544441	0
LYRM2	4	2.0430e-01	1.1525e-01	0.544441	0
TTPA	4	2.0441e-01	1.1525e-01	0.544441	0
C1QTNF9B	4	2.0441e-01	1.1525e-01	0.544441	0
TOMM5	4	2.0447e-01	1.1525e-01	0.544441	0
ERO1L	4	2.0452e-01	1.1525e-01	0.544441	0
OR8D2	4	2.0461e-01	1.1525e-01	0.544441	0
OR8D1	4	2.0469e-01	1.1525e-01	0.544441	0
SOX30	4	2.0478e-01	1.1525e-01	0.544441	0
TADA3	4	2.0487e-01	1.1525e-01	0.544441	0
GALNTL5	4	2.0491e-01	1.1525e-01	0.544441	0
ALDH8A1	4	2.0495e-01	1.1525e-01	0.544441	0
MS4A4A	4	2.0500e-01	1.1525e-01	0.544441	0
TMEM130	4	2.0504e-01	1.1525e-01	0.544441	0
PAX3	4	2.0508e-01	1.1525e-01	0.544441	0
ETS1	4	2.0513e-01	1.1525e-01	0.544441	0
LILRB1	4	2.0517e-01	1.1525e-01	0.544441	0
FOXO1	4	2.0521e-01	1.1525e-01	0.544441	0
PTPN6	4	2.0539e-01	1.1525e-01	0.544441	0
NHLRC1	4	2.0543e-01	1.1525e-01	0.544441	0
CMTM4	4	2.0548e-01	1.1525e-01	0.544441	0
SLC17A5	4	2.0556e-01	1.1525e-01	0.544441	0
ZXDB	4	2.0561e-01	1.1525e-01	0.544441	0
ATG2B	4	2.0569e-01	1.1525e-01	0.544441	0
CNGA1	4	2.0578e-01	1.1525e-01	0.544441	0
OR56A3	4	2.0587e-01	1.1525e-01	0.544441	0
SH2D4A	4	2.0591e-01	1.1525e-01	0.544441	0
OR2A1	4	2.0595e-01	1.1525e-01	0.544441	0
PCDHA9	4	2.0600e-01	1.1525e-01	0.544441	0
AGPAT5	4	2.0604e-01	1.1525e-01	0.544441	0
MICAL3	4	2.0609e-01	1.1525e-01	0.544441	0
RDH16	4	2.0617e-01	1.1525e-01	0.544441	0
OR5F1	4	2.0622e-01	1.1525e-01	0.544441	0
KNG1	4	2.0626e-01	1.1525e-01	0.544441	0
CACNA1H	4	2.0630e-01	1.1525e-01	0.544441	0
SPAG17	4	2.0635e-01	1.1525e-01	0.544441	0
VWC2	4	2.0639e-01	1.1525e-01	0.544441	0
HS3ST3B1	4	2.0648e-01	1.1525e-01	0.544441	0
CRYBB2	4	2.0652e-01	1.1525e-01	0.544441	0
COX7A2	4	2.0656e-01	1.1525e-01	0.544441	0
TNP2	4	2.0661e-01	1.1525e-01	0.544441	0
RWDD2B	4	2.0665e-01	1.1525e-01	0.544441	0
NPHS1	4	2.0669e-01	1.1525e-01	0.544441	0
PPEF2	4	2.0674e-01	1.1525e-01	0.544441	0
UBL3	4	2.0678e-01	1.1525e-01	0.544441	0
TMEM14A	4	2.0682e-01	1.1525e-01	0.544441	0
FAM71B	4	2.0691e-01	1.1525e-01	0.544441	0
BNIP3	4	2.0695e-01	1.1525e-01	0.544441	0
KIR3DL1	4	2.0700e-01	1.1525e-01	0.544441	0
ZNF467	4	2.0704e-01	1.1525e-01	0.544441	0
IBTK	4	2.0709e-01	1.1525e-01	0.544441	0
USP15	4	2.0713e-01	1.1525e-01	0.544441	0
ABCC12	4	2.0717e-01	1.1525e-01	0.544441	0
PIK3R6	4	2.0722e-01	1.1525e-01	0.544441	0
RGS13	4	2.0726e-01	1.1525e-01	0.544441	0
LGI1	4	2.0730e-01	1.1525e-01	0.544441	0
SPATA31D3	4	2.0735e-01	1.1525e-01	0.544441	0
RECQL	4	2.0739e-01	1.1525e-01	0.544441	0
CDRT15	4	2.0748e-01	1.1525e-01	0.544441	0
OR10K2	4	2.0752e-01	1.1525e-01	0.544441	0
NLGN4Y	4	2.0756e-01	1.1525e-01	0.544441	0
ERCC6	4	2.0761e-01	1.1525e-01	0.544441	0
LDOC1L	4	2.0765e-01	1.1525e-01	0.544441	0
TBC1D10B	4	2.0769e-01	1.1525e-01	0.544441	0
ZNF568	4	2.0774e-01	1.1525e-01	0.544441	0
KLF15	4	2.0778e-01	1.1525e-01	0.544441	0
CDKL3	4	2.0787e-01	1.1525e-01	0.544441	0
SH3GL2	4	2.0791e-01	1.1525e-01	0.544441	0
TCHP	4	2.0795e-01	1.1525e-01	0.544441	0
HSPA4L	4	2.0804e-01	1.1525e-01	0.544441	0
NARR	4	2.0808e-01	1.1525e-01	0.544441	0
SLC7A13	4	2.0813e-01	1.1525e-01	0.544441	0
TICAM1	4	2.0817e-01	1.1525e-01	0.544441	0
ALOX12	4	2.0821e-01	1.1525e-01	0.544441	0
IL10RB	4	2.0826e-01	1.1525e-01	0.544441	0
RNF216	4	2.0835e-01	1.1525e-01	0.544441	0
UIMC1	4	2.0839e-01	1.1525e-01	0.544441	0
CSNK1G2	4	2.0843e-01	1.1525e-01	0.544441	0
TMEM110-MUSTN1	4	2.0852e-01	1.1525e-01	0.544441	0
FMN2	4	2.0856e-01	1.1525e-01	0.544441	0
TRMT10C	4	2.0861e-01	1.1525e-01	0.544441	0
SRGAP3	4	2.0869e-01	1.1525e-01	0.544441	0
SYCP2	4	2.0882e-01	1.1525e-01	0.544441	0
CORO2B	4	2.0887e-01	1.1525e-01	0.544441	0
ZNF600	4	2.0891e-01	1.1525e-01	0.544441	0
ZNF275	4	2.0895e-01	1.1525e-01	0.544441	0
PPIA	4	2.0900e-01	1.1525e-01	0.544441	0
RAB11A	4	2.0904e-01	1.1525e-01	0.544441	0
C12orf29	4	2.0908e-01	1.1525e-01	0.544441	0
RAB39A	4	2.0913e-01	1.1525e-01	0.544441	0
FUBP3	4	2.0917e-01	1.1525e-01	0.544441	0
GTF3C2	4	2.0926e-01	1.1525e-01	0.544441	0
CD200	4	2.0930e-01	1.1525e-01	0.544441	0
CADPS2	4	2.0939e-01	1.1525e-01	0.544441	0
TMEM98	4	2.0943e-01	1.1525e-01	0.544441	0
PCDH20	4	2.0947e-01	1.1525e-01	0.544441	0
ZNF283	4	2.0956e-01	1.1525e-01	0.544441	0
CLVS2	4	2.0960e-01	1.1525e-01	0.544441	0
IFT172	4	2.0965e-01	1.1525e-01	0.544441	0
PRR27	4	2.0973e-01	1.1525e-01	0.544441	0
HES4	4	2.0982e-01	1.1525e-01	0.544441	0
ZNF773	4	2.0986e-01	1.1525e-01	0.544441	0
FBLN7	4	2.0991e-01	1.1525e-01	0.544441	0
ACSM4	4	2.0995e-01	1.1525e-01	0.544441	0
YIF1A	4	2.0999e-01	1.1525e-01	0.544441	0
OR2M2	4	2.1008e-01	1.1525e-01	0.544441	0
GTSE1	4	2.1012e-01	1.1525e-01	0.544441	0
DTNA	4	2.1017e-01	1.1525e-01	0.544441	0
BCO2	4	2.1021e-01	1.1525e-01	0.544441	0
ABCA13	4	2.1025e-01	1.1525e-01	0.544441	0
ERCC8	4	2.1034e-01	1.1525e-01	0.544441	0
ATP7B	4	2.1043e-01	1.1525e-01	0.544441	0
NACA2	4	2.1047e-01	1.1525e-01	0.544441	0
ARFGEF3	4	2.1051e-01	1.1525e-01	0.544441	0
CRYAB	4	2.1056e-01	1.1525e-01	0.544441	0
CNTNAP3	4	2.1060e-01	1.1525e-01	0.544441	0
SUCO	4	2.1064e-01	1.1525e-01	0.544441	0
CAMLG	4	2.1069e-01	1.1525e-01	0.544441	0
TMEM129	4	2.1077e-01	1.1525e-01	0.544441	0
SRD5A2	4	2.1082e-01	1.1525e-01	0.544441	0
FLG	4	2.1086e-01	1.1525e-01	0.544441	0
SEC22A	4	2.1090e-01	1.1525e-01	0.544441	0
DEFB126	4	2.1095e-01	1.1525e-01	0.544441	0
SPATA25	4	2.1112e-01	1.1525e-01	0.544441	0
KRTAP13-1	4	2.1116e-01	1.1525e-01	0.544441	0
CTNNA1	4	2.1121e-01	1.1525e-01	0.544441	0
DUS4L	4	2.1125e-01	1.1525e-01	0.544441	0
NUDT9	4	2.1129e-01	1.1525e-01	0.544441	0
STMN3	4	2.1134e-01	1.1525e-01	0.544441	0
LPPR2	4	2.1142e-01	1.1525e-01	0.544441	0
PNPLA1	4	2.1147e-01	1.1525e-01	0.544441	0
SLC44A2	4	2.1155e-01	1.1525e-01	0.544441	0
NXF3	4	2.1160e-01	1.1525e-01	0.544441	0
SPON2	4	2.1168e-01	1.1525e-01	0.544441	0
C7	4	2.1177e-01	1.1525e-01	0.544441	0
RIMS2	4	2.1181e-01	1.1525e-01	0.544441	0
LRRC58	4	2.1186e-01	1.1525e-01	0.544441	0
ADRA2A	4	2.1190e-01	1.1525e-01	0.544441	0
SMIM13	4	2.1199e-01	1.1525e-01	0.544441	0
TFCP2	4	2.1203e-01	1.1525e-01	0.544441	0
GNG3	4	2.1211e-01	1.1525e-01	0.544441	0
PRDM7	4	2.1216e-01	1.1525e-01	0.544441	0
NIPAL4	4	2.1220e-01	1.1525e-01	0.544441	0
ZC3HAV1L	4	2.1224e-01	1.1525e-01	0.544441	0
UTS2	4	2.1229e-01	1.1525e-01	0.544441	0
STOM	4	2.1237e-01	1.1525e-01	0.544441	0
TNFSF9	4	2.1242e-01	1.1525e-01	0.544441	0
ADGRG1	4	2.1246e-01	1.1525e-01	0.544441	0
BARHL1	4	2.1250e-01	1.1525e-01	0.544441	0
ZWINT	4	2.1255e-01	1.1525e-01	0.544441	0
KRT35	4	2.1263e-01	1.1525e-01	0.544441	0
ENPP1	4	2.1268e-01	1.1525e-01	0.544441	0
RCC2	4	2.1272e-01	1.1525e-01	0.544441	0
TMEM91	4	2.1281e-01	1.1525e-01	0.544441	0
EVA1C	4	2.1285e-01	1.1525e-01	0.544441	0
MAN1B1	4	2.1289e-01	1.1525e-01	0.544441	0
TMEM92	4	2.1294e-01	1.1525e-01	0.544441	0
QPCT	4	2.1298e-01	1.1525e-01	0.544441	0
HPX	4	2.1302e-01	1.1525e-01	0.544441	0
ZNF671	4	2.1311e-01	1.1525e-01	0.544441	0
AGTR2	4	2.1320e-01	1.1525e-01	0.544441	0
ELANE	4	2.1328e-01	1.1525e-01	0.544441	0
MTF2	4	2.1333e-01	1.1525e-01	0.544441	0
CRABP1	4	2.1337e-01	1.1525e-01	0.544441	0
SDK2	4	2.1341e-01	1.1525e-01	0.544441	0
CT47A4	4	2.1346e-01	1.1525e-01	0.544441	0
LACTBL1	4	2.1350e-01	1.1525e-01	0.544441	0
CPNE2	4	2.1363e-01	1.1525e-01	0.544441	0
TBC1D10A	4	2.1367e-01	1.1525e-01	0.544441	0
C4A	4	2.1371e-01	1.1525e-01	0.544441	0
SPATA33	4	2.1380e-01	1.1525e-01	0.544441	0
ITIH6	4	2.1384e-01	1.1525e-01	0.544441	0
PSEN2	4	2.1389e-01	1.1525e-01	0.544441	0
ATP10B	4	2.1397e-01	1.1525e-01	0.544441	0
MPDZ	4	2.1406e-01	1.1525e-01	0.544441	0
CECR5	4	2.1410e-01	1.1525e-01	0.544441	0
PICALM	4	2.1423e-01	1.1525e-01	0.544441	0
C10orf12	4	2.1428e-01	1.1525e-01	0.544441	0
HDAC4	4	2.1436e-01	1.1525e-01	0.544441	0
EIF1B	4	2.1440e-01	1.1525e-01	0.544441	0
CYTL1	4	2.1449e-01	1.1525e-01	0.544441	0
XAGE1B	4	2.1453e-01	1.1525e-01	0.544441	0
ENDOG	4	2.1462e-01	1.1525e-01	0.544441	0
PGBD4	4	2.1471e-01	1.1525e-01	0.544441	0
TK2	4	2.1475e-01	1.1525e-01	0.544441	0
TMEM147	4	2.1479e-01	1.1525e-01	0.544441	0
SMUG1	4	2.1488e-01	1.1525e-01	0.544441	0
UBE2K	4	2.1492e-01	1.1525e-01	0.544441	0
LYL1	4	2.1497e-01	1.1525e-01	0.544441	0
CDC25A	4	2.1501e-01	1.1525e-01	0.544441	0
SLCO1B7	4	2.1505e-01	1.1525e-01	0.544441	0
NID2	4	2.1510e-01	1.1525e-01	0.544441	0
GPBP1L1	4	2.1514e-01	1.1525e-01	0.544441	0
C1orf234	4	2.1518e-01	1.1525e-01	0.544441	0
C3orf84	4	2.1522e-01	1.1525e-01	0.544441	0
ZCCHC2	4	2.1527e-01	1.1525e-01	0.544441	0
ZNF599	4	2.1531e-01	1.1525e-01	0.544441	0
SPANXN3	4	2.1535e-01	1.1525e-01	0.544441	0
ADCK4	4	2.1540e-01	1.1525e-01	0.544441	0
PHIP	4	2.1544e-01	1.1525e-01	0.544441	0
POLDIP2	4	2.1548e-01	1.1525e-01	0.544441	0
SCP2D1	4	2.1553e-01	1.1525e-01	0.544441	0
BCAS4	4	2.1557e-01	1.1525e-01	0.544441	0
CLPTM1L	4	2.1561e-01	1.1525e-01	0.544441	0
STK19	4	2.1566e-01	1.1525e-01	0.544441	0
SLC9A1	4	2.1570e-01	1.1525e-01	0.544441	0
TGFB1I1	4	2.1574e-01	1.1525e-01	0.544441	0
RGS10	4	2.1579e-01	1.1525e-01	0.544441	0
TCTEX1D1	4	2.1583e-01	1.1525e-01	0.544441	0
RCAN1	4	2.1587e-01	1.1525e-01	0.544441	0
TMTC2	4	2.1591e-01	1.1525e-01	0.544441	0
ZBTB2	4	2.1596e-01	1.1525e-01	0.544441	0
ADGRL3	4	2.1600e-01	1.1525e-01	0.544441	0
EXOC6B	4	2.1604e-01	1.1525e-01	0.544441	0
SMS	4	2.1613e-01	1.1525e-01	0.544441	0
CRIP3	4	2.1617e-01	1.1525e-01	0.544441	0
ELMOD1	4	2.1622e-01	1.1525e-01	0.544441	0
SLC30A4	4	2.1626e-01	1.1525e-01	0.544441	0
DRICH1	4	2.1630e-01	1.1525e-01	0.544441	0
GRIK4	4	2.1635e-01	1.1525e-01	0.544441	0
RARG	4	2.1639e-01	1.1525e-01	0.544441	0
IFT57	4	2.1643e-01	1.1525e-01	0.544441	0
TAS2R16	4	2.1647e-01	1.1525e-01	0.544441	0
IYD	4	2.1652e-01	1.1525e-01	0.544441	0
GORASP2	4	2.1656e-01	1.1525e-01	0.544441	0
ANKRD34B	4	2.1660e-01	1.1525e-01	0.544441	0
OLR1	4	2.1669e-01	1.1525e-01	0.544441	0
OR4C13	4	2.1673e-01	1.1525e-01	0.544441	0
ULK3	4	2.1678e-01	1.1525e-01	0.544441	0
SLC37A2	4	2.1682e-01	1.1525e-01	0.544441	0
CHRNA6	4	2.1686e-01	1.1525e-01	0.544441	0
TMEM72	4	2.1691e-01	1.1525e-01	0.544441	0
SPRR2B	4	2.1695e-01	1.1525e-01	0.544441	0
PCDHA13	4	2.1699e-01	1.1525e-01	0.544441	0
WBP5	4	2.1703e-01	1.1525e-01	0.544441	0
CFAP221	4	2.1712e-01	1.1525e-01	0.544441	0
C2orf47	4	2.1716e-01	1.1525e-01	0.544441	0
PCDHGA1	4	2.1721e-01	1.1525e-01	0.544441	0
CCDC25	4	2.1725e-01	1.1525e-01	0.544441	0
MSGN1	4	2.1729e-01	1.1525e-01	0.544441	0
LRRC75B	4	2.1734e-01	1.1525e-01	0.544441	0
SHOX	4	2.1738e-01	1.1525e-01	0.544441	0
IGIP	4	2.1742e-01	1.1525e-01	0.544441	0
PGBD2	4	2.1746e-01	1.1525e-01	0.544441	0
ZSWIM7	4	2.1751e-01	1.1525e-01	0.544441	0
C7orf49	4	2.1759e-01	1.1525e-01	0.544441	0
LHFPL5	4	2.1764e-01	1.1525e-01	0.544441	0
PANK2	4	2.1768e-01	1.1525e-01	0.544441	0
GPRC5C	4	2.1772e-01	1.1525e-01	0.544441	0
MAGT1	4	2.1777e-01	1.1525e-01	0.544441	0
TEF	4	2.1785e-01	1.1525e-01	0.544441	0
JAKMIP1	4	2.1790e-01	1.1525e-01	0.544441	0
TPGS2	4	2.1794e-01	1.1525e-01	0.544441	0
SPATA4	4	2.1798e-01	1.1525e-01	0.544441	0
LPIN3	4	2.1802e-01	1.1525e-01	0.544441	0
PTPN9	4	2.1811e-01	1.1525e-01	0.544441	0
COL6A3	4	2.1820e-01	1.1525e-01	0.544441	0
FDFT1	4	2.1824e-01	1.1525e-01	0.544441	0
OR5T2	4	2.1828e-01	1.1525e-01	0.544441	0
CCBE1	4	2.1833e-01	1.1525e-01	0.544441	0
MMP7	4	2.1845e-01	1.1882e-01	0.550795	0
MED12	4	2.1850e-01	1.1882e-01	0.550795	0
SPATA31C1	4	2.1854e-01	1.1882e-01	0.550795	0
SNX12	4	2.1858e-01	1.1882e-01	0.550795	0
DNASE1L1	4	2.1863e-01	1.1882e-01	0.550795	0
KRT86	4	2.1876e-01	1.1882e-01	0.550795	0
DAO	4	2.1880e-01	1.1882e-01	0.550795	0
CNTF	4	2.1884e-01	1.1882e-01	0.550795	0
CACNA1I	4	2.1893e-01	1.1882e-01	0.550795	0
GRID2	4	2.1897e-01	1.1882e-01	0.550795	0
MINPP1	4	2.1901e-01	1.1882e-01	0.550795	0
MAPKAPK3	4	2.1906e-01	1.1882e-01	0.550795	0
ZNF416	4	2.1910e-01	1.1882e-01	0.550795	0
PHLDB1	4	2.1914e-01	1.1882e-01	0.550795	0
LIN7B	4	2.1918e-01	1.1882e-01	0.550795	0
CYP2B6	4	2.1923e-01	1.1882e-01	0.550795	0
CYP8B1	4	2.1927e-01	1.1882e-01	0.550795	0
GPR148	4	2.1931e-01	1.1882e-01	0.550795	0
PATE4	4	2.1936e-01	1.1882e-01	0.550795	0
ADAM2	4	2.1944e-01	1.1882e-01	0.550795	0
RABL2B	4	2.1949e-01	1.1882e-01	0.550795	0
GALNT5	4	2.1953e-01	1.1882e-01	0.550795	0
CCDC7	4	2.1957e-01	1.1882e-01	0.550795	0
AKT3	4	2.1961e-01	1.1882e-01	0.550795	0
TREML1	4	2.1966e-01	1.1882e-01	0.550795	0
RIPK2	4	2.1970e-01	1.1882e-01	0.550795	0
TIPIN	4	2.1987e-01	1.1882e-01	0.550795	0
DDIT4L	4	2.1992e-01	1.1882e-01	0.550795	0
GALNT18	4	2.2000e-01	1.1882e-01	0.550795	0
ASXL1	4	2.2004e-01	1.1882e-01	0.550795	0
NKX3-2	4	2.2009e-01	1.1882e-01	0.550795	0
MED16	4	2.2013e-01	1.1882e-01	0.550795	0
RHO	4	2.2017e-01	1.1882e-01	0.550795	0
GPR3	4	2.2022e-01	1.1882e-01	0.550795	0
IQCA1	4	2.2034e-01	1.1882e-01	0.550795	0
PQLC1	4	2.2039e-01	1.1882e-01	0.550795	0
OLFML2A	4	2.2047e-01	1.1882e-01	0.550795	0
ZNF195	4	2.2052e-01	1.1882e-01	0.550795	0
GLS2	4	2.2056e-01	1.1882e-01	0.550795	0
LRRC32	4	2.2060e-01	1.1882e-01	0.550795	0
SIRPG	4	2.2064e-01	1.1882e-01	0.550795	0
ATG9B	4	2.2069e-01	1.1882e-01	0.550795	0
SLC25A48	4	2.2073e-01	1.1882e-01	0.550795	0
FCRLA	4	2.2077e-01	1.1882e-01	0.550795	0
TBR1	4	2.2082e-01	1.1882e-01	0.550795	0
CTCFL	4	2.2086e-01	1.1882e-01	0.550795	0
TSPAN18	4	2.2090e-01	1.1882e-01	0.550795	0
BTK	4	2.2094e-01	1.1882e-01	0.550795	0
TTN	4	2.2099e-01	1.1882e-01	0.550795	0
KHDC1L	4	2.2103e-01	1.1882e-01	0.550795	0
GPATCH11	4	2.2107e-01	1.1882e-01	0.550795	0
CD81	4	2.2114e-01	1.1882e-01	0.550795	0
TCP11L2	4	2.2114e-01	1.1882e-01	0.550795	0
C10orf91	4	2.2120e-01	1.1882e-01	0.550795	0
OR10S1	4	2.2129e-01	1.1882e-01	0.550795	0
IL13RA1	4	2.2137e-01	1.1882e-01	0.550795	0
CD83	4	2.2142e-01	1.1882e-01	0.550795	0
SLC6A11	4	2.2146e-01	1.1882e-01	0.550795	0
BNC1	4	2.2155e-01	1.1882e-01	0.550795	0
MAP3K9	4	2.2163e-01	1.1882e-01	0.550795	0
SSTR5	4	2.2167e-01	1.1882e-01	0.550795	0
ZNF454	4	2.2172e-01	1.1882e-01	0.550795	0
ANGPTL5	4	2.2176e-01	1.1882e-01	0.550795	0
ADGRD1	3	2.2180e-01	1.4535e-01	0.611654	0
ZFP28	4	2.2180e-01	1.1882e-01	0.550795	0
CAMK2B	4	2.2185e-01	1.1882e-01	0.550795	0
ITPR3	4	2.2193e-01	1.1882e-01	0.550795	0
INTS10	4	2.2197e-01	1.1882e-01	0.550795	0
NCR1	4	2.2202e-01	1.1882e-01	0.550795	0
CCDC124	4	2.2206e-01	1.1882e-01	0.550795	0
IQSEC3	4	2.2210e-01	1.1882e-01	0.550795	0
CRTAC1	4	2.2219e-01	1.1882e-01	0.550795	0
MYO3B	4	2.2223e-01	1.1882e-01	0.550795	0
CBS	4	2.2232e-01	1.1882e-01	0.550795	0
TRIOBP	4	2.2236e-01	1.1882e-01	0.550795	0
RAD23A	4	2.2240e-01	1.1882e-01	0.550795	0
CTRL	4	2.2244e-01	1.1882e-01	0.550795	0
USP16	4	2.2249e-01	1.1882e-01	0.550795	0
TFG	4	2.2257e-01	1.2241e-01	0.565248	0
SMARCD3	4	2.2266e-01	1.2241e-01	0.565248	0
GPR151	4	2.2270e-01	1.2241e-01	0.565248	0
PCSK9	4	2.2274e-01	1.2241e-01	0.565248	0
GAL3ST2	4	2.2279e-01	1.2241e-01	0.565248	0
KCNV2	4	2.2287e-01	1.2241e-01	0.565248	0
LGALS3BP	4	2.2296e-01	1.2241e-01	0.565248	0
ZCCHC14	4	2.2300e-01	1.2241e-01	0.565248	0
HSPA1B	4	2.2304e-01	1.2241e-01	0.565248	0
SLC13A3	4	2.2309e-01	1.2241e-01	0.565248	0
OAT	4	2.2317e-01	1.2241e-01	0.565248	0
SLC35G3	4	2.2322e-01	1.2241e-01	0.565248	0
CCDC109B	4	2.2326e-01	1.2241e-01	0.565248	0
STARD10	4	2.2330e-01	1.2241e-01	0.565248	0
WBP2NL	4	2.2334e-01	1.2241e-01	0.565248	0
HOXC11	4	2.2339e-01	1.2241e-01	0.565248	0
C11orf97	4	2.2347e-01	1.2605e-01	0.577319	0
KIAA1755	4	2.2360e-01	1.2605e-01	0.577319	0
USP53	4	2.2364e-01	1.2605e-01	0.577319	0
ATF7IP	4	2.2373e-01	1.2605e-01	0.577319	0
CSN1S1	4	2.2377e-01	1.2605e-01	0.577319	0
RHBDF1	4	2.2381e-01	1.2605e-01	0.577319	0
TMEM145	4	2.2386e-01	1.2605e-01	0.577319	0
SYNGR2	4	2.2394e-01	1.2605e-01	0.577319	0
TSSC4	4	2.2399e-01	1.2605e-01	0.577319	0
ZNF579	4	2.2403e-01	1.2605e-01	0.577319	0
ATP2B1	4	2.2407e-01	1.2605e-01	0.577319	0
ATG101	4	2.2411e-01	1.2605e-01	0.577319	0
STRN3	4	2.2416e-01	1.2605e-01	0.577319	0
CYTH4	4	2.2433e-01	1.2605e-01	0.577319	0
POLA1	4	2.2437e-01	1.2605e-01	0.577319	0
TLCD1	4	2.2446e-01	1.2605e-01	0.577319	0
GPR32	4	2.2450e-01	1.2605e-01	0.577319	0
WFDC9	4	2.2458e-01	1.2605e-01	0.577319	0
PDGFC	4	2.2463e-01	1.2605e-01	0.577319	0
DEFB113	4	2.2467e-01	1.2605e-01	0.577319	0
LOC729159	4	2.2471e-01	1.2605e-01	0.577319	0
ZNF511	4	2.2476e-01	1.2605e-01	0.577319	0
FAM135B	4	2.2484e-01	1.2605e-01	0.577319	0
CDC123	4	2.2493e-01	1.2605e-01	0.577319	0
TENM4	4	2.2497e-01	1.2605e-01	0.577319	0
DCUN1D2	4	2.2501e-01	1.2605e-01	0.577319	0
LIAS	4	2.2505e-01	1.2605e-01	0.577319	0
YBX2	4	2.2510e-01	1.2605e-01	0.577319	0
PTPRD	4	2.2514e-01	1.2605e-01	0.577319	0
SKP2	4	2.2527e-01	1.2605e-01	0.577319	0
PRMT3	4	2.2535e-01	1.2605e-01	0.577319	0
TPP2	4	2.2544e-01	1.2605e-01	0.577319	0
TAS1R2	4	2.2548e-01	1.2605e-01	0.577319	0
TMEM50B	4	2.2552e-01	1.2605e-01	0.577319	0
MADCAM1	4	2.2569e-01	1.2968e-01	0.589170	0
PON3	4	2.2574e-01	1.2968e-01	0.589170	0
BEST2	4	2.2578e-01	1.2968e-01	0.589170	0
MAP7D3	4	2.2582e-01	1.2968e-01	0.589170	0
CHCHD5	4	2.2587e-01	1.2968e-01	0.589170	0
TRMT44	4	2.2595e-01	1.2968e-01	0.589170	0
MCHR2	4	2.2599e-01	1.2968e-01	0.589170	0
CD33	4	2.2604e-01	1.2968e-01	0.589170	0
SNX33	4	2.2608e-01	1.2968e-01	0.589170	0
TBX18	4	2.2621e-01	1.2968e-01	0.589170	0
ICA1	4	2.2625e-01	1.2968e-01	0.589170	0
OR7D4	4	2.2629e-01	1.2968e-01	0.589170	0
HSF2	4	2.2634e-01	1.2968e-01	0.589170	0
PAEP	4	2.2638e-01	1.2968e-01	0.589170	0
IMPACT	4	2.2642e-01	1.2968e-01	0.589170	0
ZNF222	4	2.2646e-01	1.2968e-01	0.589170	0
TSPAN2	4	2.2651e-01	1.2968e-01	0.589170	0
MAST3	4	2.2655e-01	1.2968e-01	0.589170	0
IL18RAP	4	2.2663e-01	1.2968e-01	0.589170	0
TMSB10	4	2.2668e-01	1.2968e-01	0.589170	0
CR1L	4	2.2676e-01	1.2968e-01	0.589170	0
PLIN2	4	2.2685e-01	1.2968e-01	0.589170	0
TRNP1	4	2.2697e-01	1.2968e-01	0.589170	0
C17orf64	4	2.2702e-01	1.2968e-01	0.589170	0
TMEM71	4	2.2710e-01	1.2968e-01	0.589170	0
CLPS	4	2.2723e-01	1.2968e-01	0.589170	0
SPATA7	4	2.2727e-01	1.2968e-01	0.589170	0
IL9R	4	2.2732e-01	1.2968e-01	0.589170	0
IQSEC2	4	2.2736e-01	1.2968e-01	0.589170	0
NDUFV2	4	2.2740e-01	1.2968e-01	0.589170	0
SIGLEC6	4	2.2744e-01	1.2968e-01	0.589170	0
KRTAP9-3	4	2.2753e-01	1.2968e-01	0.589170	0
IL17B	4	2.2757e-01	1.2968e-01	0.589170	0
SCUBE3	4	2.2761e-01	1.2968e-01	0.589170	0
OFD1	4	2.2770e-01	1.3329e-01	0.595314	0
ERBB3	4	2.2774e-01	1.3329e-01	0.595314	0
ADARB1	4	2.2778e-01	1.3329e-01	0.595314	0
ZZZ3	4	2.2783e-01	1.3329e-01	0.595314	0
ZFPL1	4	2.2791e-01	1.3329e-01	0.595314	0
NT5C3B	4	2.2796e-01	1.3329e-01	0.595314	0
SLC38A6	4	2.2800e-01	1.3329e-01	0.595314	0
TEK	4	2.2804e-01	1.3329e-01	0.595314	0
DKK1	4	2.2808e-01	1.3329e-01	0.595314	0
DPP3	4	2.2813e-01	1.3329e-01	0.595314	0
FAM60A	4	2.2817e-01	1.3329e-01	0.595314	0
KLF3	4	2.2821e-01	1.3329e-01	0.595314	0
CRYAA	4	2.2830e-01	1.3329e-01	0.595314	0
PLEKHG7	4	2.2842e-01	1.3329e-01	0.595314	0
PHF8	4	2.2847e-01	1.3329e-01	0.595314	0
GPR132	4	2.2851e-01	1.3329e-01	0.595314	0
INHBE	4	2.2855e-01	1.3329e-01	0.595314	0
AURKAIP1	4	2.2859e-01	1.3329e-01	0.595314	0
KIAA1614	4	2.2864e-01	1.3329e-01	0.595314	0
DYRK4	4	2.2868e-01	1.3329e-01	0.595314	0
RERGL	4	2.2872e-01	1.3329e-01	0.595314	0
ZNF667	4	2.2876e-01	1.3329e-01	0.595314	0
FREM2	4	2.2881e-01	1.3329e-01	0.595314	0
PARD3	4	2.2885e-01	1.3329e-01	0.595314	0
CD1B	4	2.2889e-01	1.3329e-01	0.595314	0
ALOX5	4	2.2893e-01	1.3329e-01	0.595314	0
MAP1LC3B2	4	2.2898e-01	1.3329e-01	0.595314	0
DRAM1	4	2.2902e-01	1.3329e-01	0.595314	0
N4BP3	4	2.2910e-01	1.3329e-01	0.595314	0
DCUN1D3	4	2.2923e-01	1.3329e-01	0.595314	0
SPATA2L	4	2.2928e-01	1.3329e-01	0.595314	0
CACNG4	4	2.2936e-01	1.3329e-01	0.595314	0
RGS4	4	2.2940e-01	1.3329e-01	0.595314	0
LUZP2	4	2.2949e-01	1.3680e-01	0.595314	0
SLC25A21	4	2.2953e-01	1.3680e-01	0.595314	0
CSGALNACT2	4	2.2957e-01	1.3680e-01	0.595314	0
EPG5	4	2.2962e-01	1.3680e-01	0.595314	0
IL36A	4	2.2966e-01	1.3680e-01	0.595314	0
FBXO8	4	2.2970e-01	1.3680e-01	0.595314	0
ASTN1	4	2.2974e-01	1.3680e-01	0.595314	0
C12orf42	4	2.2979e-01	1.3680e-01	0.595314	0
KAT8	4	2.2983e-01	1.3680e-01	0.595314	0
DDX50	4	2.2987e-01	1.3680e-01	0.595314	0
OR4M2	4	2.2991e-01	1.3680e-01	0.595314	0
RGMA	4	2.2996e-01	1.3680e-01	0.595314	0
WDR27	4	2.3000e-01	1.3680e-01	0.595314	0
ENOSF1	4	2.3004e-01	1.3680e-01	0.595314	0
KLHL33	4	2.3008e-01	1.3680e-01	0.595314	0
SEC31B	4	2.3013e-01	1.3680e-01	0.595314	0
BHLHE22	4	2.3017e-01	1.3680e-01	0.595314	0
SLC38A7	4	2.3021e-01	1.3680e-01	0.595314	0
C20orf202	4	2.3027e-01	1.3680e-01	0.595314	0
LCE2A	4	2.3027e-01	1.3680e-01	0.595314	0
STK32A	4	2.3034e-01	1.3680e-01	0.595314	0
FIGF	4	2.3038e-01	1.3680e-01	0.595314	0
NAALADL1	4	2.3042e-01	1.3680e-01	0.595314	0
PPP1R3A	4	2.3059e-01	1.3680e-01	0.595314	0
CXXC5	4	2.3064e-01	1.3680e-01	0.595314	0
CD99L2	4	2.3068e-01	1.3680e-01	0.595314	0
STK10	4	2.3072e-01	1.3680e-01	0.595314	0
SVOPL	4	2.3076e-01	1.3680e-01	0.595314	0
SEZ6L	4	2.3089e-01	1.3680e-01	0.595314	0
FBXO11	4	2.3093e-01	1.3680e-01	0.595314	0
ZNF726	4	2.3102e-01	1.3680e-01	0.595314	0
BSN	4	2.3110e-01	1.3680e-01	0.595314	0
SLC7A11	4	2.3115e-01	1.3680e-01	0.595314	0
UBE2Q2	4	2.3123e-01	1.3680e-01	0.595314	0
RASL10B	4	2.3127e-01	1.3680e-01	0.595314	0
GNGT2	4	2.3132e-01	1.3680e-01	0.595314	0
PITPNM3	4	2.3136e-01	1.3680e-01	0.595314	0
P2RY4	4	2.3140e-01	1.3680e-01	0.595314	0
TMEM191B	4	2.3144e-01	1.3680e-01	0.595314	0
DUSP28	4	2.3149e-01	1.3680e-01	0.595314	0
FOXD1	4	2.3165e-01	1.3680e-01	0.595314	0
CD40LG	4	2.3170e-01	1.3680e-01	0.595314	0
STXBP1	4	2.3174e-01	1.3680e-01	0.595314	0
STOML3	4	2.3178e-01	1.3680e-01	0.595314	0
CILP2	4	2.3182e-01	1.3680e-01	0.595314	0
RAF1	4	2.3187e-01	1.3680e-01	0.595314	0
PDLIM3	4	2.3191e-01	1.3680e-01	0.595314	0
SPATA31D1	4	2.3195e-01	1.3680e-01	0.595314	0
ERVMER34-1	4	2.3199e-01	1.3680e-01	0.595314	0
DUSP1	4	2.3204e-01	1.3680e-01	0.595314	0
TRAM2	4	2.3208e-01	1.3680e-01	0.595314	0
PXYLP1	4	2.3212e-01	1.3680e-01	0.595314	0
GPX5	4	2.3216e-01	1.3680e-01	0.595314	0
ZFP36	4	2.3221e-01	1.3680e-01	0.595314	0
PIK3CG	4	2.3225e-01	1.3680e-01	0.595314	0
RNASE9	4	2.3233e-01	1.3680e-01	0.595314	0
OR9K2	3	2.3242e-01	1.4805e-01	0.618926	0
F7	4	2.3246e-01	1.3680e-01	0.595314	0
DCAF17	4	2.3250e-01	1.3680e-01	0.595314	0
KLHDC4	4	2.3255e-01	1.3680e-01	0.595314	0
VSX1	4	2.3259e-01	1.3680e-01	0.595314	0
DNM3	4	2.3263e-01	1.3680e-01	0.595314	0
ACTBL2	4	2.3267e-01	1.3680e-01	0.595314	0
PDE6B	4	2.3280e-01	1.3680e-01	0.595314	0
TCEB3CL2	4	2.3284e-01	1.3680e-01	0.595314	0
GXYLT2	4	2.3293e-01	1.3680e-01	0.595314	0
KIAA1191	4	2.3297e-01	1.3680e-01	0.595314	0
SLC13A4	4	2.3310e-01	1.3680e-01	0.595314	0
KLRC2	4	2.3314e-01	1.3680e-01	0.595314	0
BCAP29	4	2.3318e-01	1.3680e-01	0.595314	0
RGS22	4	2.3322e-01	1.3680e-01	0.595314	0
AKR7A2	4	2.3327e-01	1.3680e-01	0.595314	0
CAP1	4	2.3335e-01	1.3680e-01	0.595314	0
CCPG1	4	2.3348e-01	1.3680e-01	0.595314	0
RSPH6A	4	2.3352e-01	1.3680e-01	0.595314	0
NKX2-5	4	2.3356e-01	1.3680e-01	0.595314	0
ABCA4	4	2.3361e-01	1.3680e-01	0.595314	0
DEFB121	4	2.3369e-01	1.3680e-01	0.595314	0
PIPOX	4	2.3373e-01	1.3680e-01	0.595314	0
FNDC3A	4	2.3378e-01	1.3680e-01	0.595314	0
ZNF330	4	2.3382e-01	1.3680e-01	0.595314	0
CRCT1	4	2.3386e-01	1.3680e-01	0.595314	0
CRH	4	2.3390e-01	1.3680e-01	0.595314	0
MRPL33	4	2.3394e-01	1.3680e-01	0.595314	0
LCN8	4	2.3403e-01	1.3680e-01	0.595314	0
C1orf116	4	2.3407e-01	1.3680e-01	0.595314	0
IGFBP3	4	2.3416e-01	1.3680e-01	0.595314	0
OR1S1	4	2.3420e-01	1.3680e-01	0.595314	0
POSTN	4	2.3424e-01	1.3680e-01	0.595314	0
RHBDF2	4	2.3428e-01	1.3680e-01	0.595314	0
RUNX1T1	4	2.3433e-01	1.3680e-01	0.595314	0
RNF32	4	2.3445e-01	1.3680e-01	0.595314	0
HDAC1	4	2.3458e-01	1.3680e-01	0.595314	0
SPATA24	4	2.3462e-01	1.3680e-01	0.595314	0
CHD8	4	2.3466e-01	1.3680e-01	0.595314	0
CD68	4	2.3471e-01	1.3680e-01	0.595314	0
TRAFD1	4	2.3475e-01	1.3680e-01	0.595314	0
CAMK2A	4	2.3479e-01	1.3680e-01	0.595314	0
EEF2KMT	4	2.3483e-01	1.3680e-01	0.595314	0
RRAS	4	2.3488e-01	1.3680e-01	0.595314	0
LAMC2	4	2.3492e-01	1.3680e-01	0.595314	0
SLC7A10	4	2.3496e-01	1.3680e-01	0.595314	0
MRFAP1	4	2.3517e-01	1.3680e-01	0.595314	0
R3HCC1L	4	2.3521e-01	1.3680e-01	0.595314	0
CCDC38	4	2.3526e-01	1.3680e-01	0.595314	0
KLK8	4	2.3530e-01	1.3680e-01	0.595314	0
ANKRD61	4	2.3538e-01	1.3680e-01	0.595314	0
CA2	4	2.3543e-01	1.3680e-01	0.595314	0
SIPA1L1	4	2.3547e-01	1.3680e-01	0.595314	0
FKBP10	4	2.3551e-01	1.3680e-01	0.595314	0
PIF1	3	2.3557e-01	1.5623e-01	0.644621	0
METAP1	4	2.3559e-01	1.3680e-01	0.595314	0
PDIA3	4	2.3564e-01	1.3680e-01	0.595314	0
TAAR2	4	2.3568e-01	1.3680e-01	0.595314	0
CTHRC1	4	2.3572e-01	1.3680e-01	0.595314	0
USP47	4	2.3576e-01	1.3680e-01	0.595314	0
TMEM63C	4	2.3585e-01	1.3680e-01	0.595314	0
CDH1	4	2.3593e-01	1.3680e-01	0.595314	0
TIMM23B	4	2.3598e-01	1.3680e-01	0.595314	0
CA3	4	2.3602e-01	1.3680e-01	0.595314	0
SPTB	4	2.3606e-01	1.3680e-01	0.595314	0
NTNG2	4	2.3610e-01	1.3680e-01	0.595314	0
CDK20	4	2.3619e-01	1.3680e-01	0.595314	0
CIDEA	4	2.3625e-01	1.3680e-01	0.595314	0
NEUROG2	4	2.3625e-01	1.3680e-01	0.595314	0
PIGC	4	2.3636e-01	1.3680e-01	0.595314	0
IDO2	4	2.3640e-01	1.3680e-01	0.595314	0
SLFN5	4	2.3644e-01	1.3680e-01	0.595314	0
HSPBAP1	4	2.3648e-01	1.3680e-01	0.595314	0
SCT	4	2.3652e-01	1.3680e-01	0.595314	0
ACTL7A	4	2.3657e-01	1.3680e-01	0.595314	0
KDM4B	4	2.3665e-01	1.3680e-01	0.595314	0
GUCA2A	4	2.3674e-01	1.3680e-01	0.595314	0
OR52N2	4	2.3678e-01	1.3680e-01	0.595314	0
ZNF705A	4	2.3682e-01	1.3680e-01	0.595314	0
L1TD1	4	2.3690e-01	1.3680e-01	0.595314	0
CALR3	4	2.3695e-01	1.3680e-01	0.595314	0
AKAP2	4	2.3699e-01	1.3680e-01	0.595314	0
PIP	4	2.3707e-01	1.3680e-01	0.595314	0
LOXHD1	4	2.3716e-01	1.3680e-01	0.595314	0
CFHR4	4	2.3720e-01	1.3680e-01	0.595314	0
SLC20A1	4	2.3724e-01	1.3680e-01	0.595314	0
FUOM	4	2.3728e-01	1.3680e-01	0.595314	0
RIN3	4	2.3733e-01	1.3680e-01	0.595314	0
PFKFB4	4	2.3737e-01	1.3680e-01	0.595314	0
CTPS2	4	2.3741e-01	1.3680e-01	0.595314	0
ESR1	4	2.3745e-01	1.3680e-01	0.595314	0
OR10G4	4	2.3750e-01	1.3680e-01	0.595314	0
GLRB	4	2.3754e-01	1.3680e-01	0.595314	0
APLNR	4	2.3758e-01	1.3680e-01	0.595314	0
C11orf71	4	2.3762e-01	1.3680e-01	0.595314	0
PABPC1L	4	2.3766e-01	1.3680e-01	0.595314	0
MLXIP	4	2.3771e-01	1.3680e-01	0.595314	0
FZD4	4	2.3775e-01	1.3680e-01	0.595314	0
CCDC116	4	2.3788e-01	1.4032e-01	0.600651	0
ORMDL2	4	2.3792e-01	1.4032e-01	0.600651	0
TAS2R38	4	2.3796e-01	1.4032e-01	0.600651	0
CDK17	4	2.3804e-01	1.4032e-01	0.600651	0
CUEDC2	4	2.3809e-01	1.4032e-01	0.600651	0
LRRFIP1	4	2.3813e-01	1.4032e-01	0.600651	0
KCNS3	4	2.3821e-01	1.4032e-01	0.600651	0
IL1R2	4	2.3826e-01	1.4032e-01	0.600651	0
COQ2	4	2.3834e-01	1.4032e-01	0.600651	0
ORMDL3	4	2.3838e-01	1.4032e-01	0.600651	0
ADRA1A	4	2.3855e-01	1.4032e-01	0.600651	0
OR51B6	4	2.3859e-01	1.4032e-01	0.600651	0
DFNB31	4	2.3863e-01	1.4032e-01	0.600651	0
CD53	4	2.3868e-01	1.4032e-01	0.600651	0
GRIK1	4	2.3872e-01	1.4032e-01	0.600651	0
WWC1	4	2.3876e-01	1.4032e-01	0.600651	0
MADD	4	2.3880e-01	1.4032e-01	0.600651	0
TRIM66	4	2.3885e-01	1.4032e-01	0.600651	0
CLEC4A	4	2.3889e-01	1.4032e-01	0.600651	0
C20orf62	4	2.3893e-01	1.4032e-01	0.600651	0
SH2D4B	4	2.3897e-01	1.4032e-01	0.600651	0
ATAD2B	4	2.3906e-01	1.4032e-01	0.600651	0
RAB11FIP4	4	2.3910e-01	1.4032e-01	0.600651	0
LHFPL2	4	2.3914e-01	1.4032e-01	0.600651	0
OR6M1	4	2.3918e-01	1.4032e-01	0.600651	0
SNAP25	4	2.3927e-01	1.4032e-01	0.600651	0
DBI	4	2.3931e-01	1.4032e-01	0.600651	0
VILL	4	2.3935e-01	1.4032e-01	0.600651	0
CHST5	4	2.3939e-01	1.4032e-01	0.600651	0
PARVG	4	2.3944e-01	1.4032e-01	0.600651	0
MSN	4	2.3948e-01	1.4032e-01	0.600651	0
KLHL40	4	2.3952e-01	1.4032e-01	0.600651	0
SPRED2	4	2.3956e-01	1.4032e-01	0.600651	0
PPIL4	4	2.3960e-01	1.4032e-01	0.600651	0
PRPSAP1	4	2.3965e-01	1.4032e-01	0.600651	0
DEFB116	4	2.3969e-01	1.4032e-01	0.600651	0
OSGIN2	4	2.3973e-01	1.4032e-01	0.600651	0
TBC1D9	4	2.3977e-01	1.4032e-01	0.600651	0
CRYBB1	4	2.3986e-01	1.4032e-01	0.600651	0
OBP2B	4	2.3990e-01	1.4032e-01	0.600651	0
BLOC1S5	4	2.3994e-01	1.4032e-01	0.600651	0
CAPN15	4	2.3998e-01	1.4032e-01	0.600651	0
PPP1R3F	4	2.4003e-01	1.4032e-01	0.600651	0
BPY2B	4	2.4007e-01	1.4032e-01	0.600651	0
ETV3L	4	2.4011e-01	1.4032e-01	0.600651	0
ANKRD37	4	2.4015e-01	1.4032e-01	0.600651	0
RPE65	4	2.4019e-01	1.4032e-01	0.600651	0
GPR150	4	2.4024e-01	1.4032e-01	0.600651	0
MOB2	4	2.4028e-01	1.4032e-01	0.600651	0
MRGPRF	4	2.4032e-01	1.4032e-01	0.600651	0
DOT1L	4	2.4036e-01	1.4032e-01	0.600651	0
CYP27A1	4	2.4040e-01	1.4032e-01	0.600651	0
BIRC3	4	2.4045e-01	1.4032e-01	0.600651	0
MAN1A1	4	2.4049e-01	1.4032e-01	0.600651	0
NDUFAF1	4	2.4053e-01	1.4032e-01	0.600651	0
LKAAEAR1	4	2.4057e-01	1.4032e-01	0.600651	0
HCAR2	4	2.4074e-01	1.4032e-01	0.600651	0
GALNT10	3	2.4074e-01	1.5892e-01	0.647517	0
ANKRD33	4	2.4078e-01	1.4032e-01	0.600651	0
SHROOM2	4	2.4087e-01	1.4032e-01	0.600651	0
PEG3	4	2.4095e-01	1.4032e-01	0.600651	0
LGALS13	4	2.4104e-01	1.4032e-01	0.600651	0
TIMM21	4	2.4108e-01	1.4032e-01	0.600651	0
ZNF529	4	2.4112e-01	1.4032e-01	0.600651	0
WDR86	4	2.4116e-01	1.4032e-01	0.600651	0
ARNT2	4	2.4120e-01	1.4032e-01	0.600651	0
STIP1	4	2.4125e-01	1.4032e-01	0.600651	0
STXBP2	4	2.4129e-01	1.4032e-01	0.600651	0
TACR3	4	2.4133e-01	1.4032e-01	0.600651	0
ZNF649	4	2.4137e-01	1.4032e-01	0.600651	0
XKRY	3	2.4139e-01	1.5892e-01	0.647517	0
SMARCA1	4	2.4141e-01	1.4032e-01	0.600651	0
NR1I3	4	2.4146e-01	1.4032e-01	0.600651	0
GPR160	4	2.4150e-01	1.4032e-01	0.600651	0
FXYD6	4	2.4158e-01	1.4032e-01	0.600651	0
WDR83OS	4	2.4167e-01	1.4390e-01	0.605662	0
CYP4A11	4	2.4171e-01	1.4390e-01	0.605662	0
C2orf74	4	2.4175e-01	1.4390e-01	0.605662	0
MRVI1	4	2.4179e-01	1.4390e-01	0.605662	0
CHRNE	4	2.4183e-01	1.4390e-01	0.605662	0
KRTAP4-12	4	2.4188e-01	1.4390e-01	0.605662	0
CLGN	4	2.4196e-01	1.4390e-01	0.605662	0
DBH	4	2.4200e-01	1.4390e-01	0.605662	0
FSD1	4	2.4204e-01	1.4390e-01	0.605662	0
HMHB1	4	2.4209e-01	1.4390e-01	0.605662	0
RFNG	4	2.4221e-01	1.4390e-01	0.605662	0
KIF2A	4	2.4225e-01	1.4390e-01	0.605662	0
SIGLECL1	4	2.4230e-01	1.4390e-01	0.605662	0
BPIFB1	4	2.4234e-01	1.4390e-01	0.605662	0
GDI1	4	2.4238e-01	1.4390e-01	0.605662	0
NR0B1	4	2.4242e-01	1.4390e-01	0.605662	0
PLD1	4	2.4246e-01	1.4390e-01	0.605662	0
SERPINA1	4	2.4251e-01	1.4390e-01	0.605662	0
PRKCE	4	2.4259e-01	1.4390e-01	0.605662	0
VEPH1	4	2.4263e-01	1.4390e-01	0.605662	0
CCDC6	4	2.4267e-01	1.4390e-01	0.605662	0
OVCH2	4	2.4272e-01	1.4390e-01	0.605662	0
CPTP	4	2.4276e-01	1.4390e-01	0.605662	0
TGM1	4	2.4284e-01	1.4390e-01	0.605662	0
DEF6	4	2.4288e-01	1.4390e-01	0.605662	0
EIF4E2	4	2.4293e-01	1.4390e-01	0.605662	0
ZNF735	4	2.4301e-01	1.4390e-01	0.605662	0
PLA2G12B	4	2.4305e-01	1.4390e-01	0.605662	0
TGFB1	4	2.4314e-01	1.4390e-01	0.605662	0
TACO1	4	2.4322e-01	1.4390e-01	0.605662	0
TP53INP1	4	2.4326e-01	1.4390e-01	0.605662	0
SLC16A2	4	2.4330e-01	1.4390e-01	0.605662	0
CHPF2	4	2.4335e-01	1.4390e-01	0.605662	0
PVRL1	4	2.4341e-01	1.4390e-01	0.605662	0
RFC1	4	2.4341e-01	1.4390e-01	0.605662	0
ATP13A1	4	2.4347e-01	1.4390e-01	0.605662	0
VLDLR	4	2.4351e-01	1.4390e-01	0.605662	0
LIPT1	4	2.4356e-01	1.4390e-01	0.605662	0
SMOX	4	2.4360e-01	1.4390e-01	0.605662	0
CCDC80	4	2.4368e-01	1.4390e-01	0.605662	0
CEP295NL	4	2.4377e-01	1.4390e-01	0.605662	0
ZKSCAN4	4	2.4381e-01	1.4390e-01	0.605662	0
PDZK1	4	2.4385e-01	1.4390e-01	0.605662	0
OR2T12	4	2.4389e-01	1.4390e-01	0.605662	0
THOC5	4	2.4393e-01	1.4390e-01	0.605662	0
GPR139	4	2.4397e-01	1.4390e-01	0.605662	0
CCDC34	4	2.4402e-01	1.4390e-01	0.605662	0
BCAS3	4	2.4406e-01	1.4390e-01	0.605662	0
PCMTD1	4	2.4410e-01	1.4390e-01	0.605662	0
EPHA2	4	2.4414e-01	1.4390e-01	0.605662	0
IDNK	4	2.4418e-01	1.4390e-01	0.605662	0
MAGEA3	4	2.4423e-01	1.4390e-01	0.605662	0
C11orf73	4	2.4427e-01	1.4390e-01	0.605662	0
LIN37	4	2.4431e-01	1.4390e-01	0.605662	0
ZPBP	4	2.4435e-01	1.4390e-01	0.605662	0
FGF13	4	2.4444e-01	1.4390e-01	0.605662	0
UBXN10	3	2.4445e-01	1.6167e-01	0.653219	0
USP11	4	2.4448e-01	1.4390e-01	0.605662	0
MCPH1	4	2.4452e-01	1.4390e-01	0.605662	0
DUSP15	4	2.4456e-01	1.4390e-01	0.605662	0
ZNF266	4	2.4460e-01	1.4390e-01	0.605662	0
PYGM	4	2.4469e-01	1.4390e-01	0.605662	0
PTGES3L-AARSD1	4	2.4473e-01	1.4390e-01	0.605662	0
NDUFS2	4	2.4477e-01	1.4390e-01	0.605662	0
CNDP2	4	2.4481e-01	1.4390e-01	0.605662	0
CCNG1	4	2.4486e-01	1.4390e-01	0.605662	0
CDHR4	4	2.4490e-01	1.4390e-01	0.605662	0
VWCE	4	2.4494e-01	1.4390e-01	0.605662	0
NKTR	4	2.4498e-01	1.4390e-01	0.605662	0
ATRAID	4	2.4502e-01	1.4390e-01	0.605662	0
SPTBN5	4	2.4506e-01	1.4390e-01	0.605662	0
SLC25A22	4	2.4511e-01	1.4390e-01	0.605662	0
CALM1	4	2.4515e-01	1.4390e-01	0.605662	0
NOXO1	4	2.4519e-01	1.4390e-01	0.605662	0
DNAJB14	4	2.4523e-01	1.4390e-01	0.605662	0
XRRA1	4	2.4527e-01	1.4390e-01	0.605662	0
FCN1	4	2.4532e-01	1.4390e-01	0.605662	0
MYLK4	4	2.4540e-01	1.4745e-01	0.616533	0
CINP	4	2.4544e-01	1.4745e-01	0.616533	0
PLEKHA2	4	2.4548e-01	1.4745e-01	0.616533	0
PHTF2	4	2.4561e-01	1.4745e-01	0.616533	0
GSG1L	4	2.4565e-01	1.4745e-01	0.616533	0
LRRC4C	4	2.4569e-01	1.4745e-01	0.616533	0
YY1	4	2.4578e-01	1.4745e-01	0.616533	0
NOMO2	4	2.4582e-01	1.4745e-01	0.616533	0
MPP6	4	2.4590e-01	1.4745e-01	0.616533	0
GPR85	4	2.4594e-01	1.4745e-01	0.616533	0
TDRD6	4	2.4603e-01	1.4745e-01	0.616533	0
FGF20	4	2.4607e-01	1.4745e-01	0.616533	0
ITGA4	4	2.4611e-01	1.4745e-01	0.616533	0
SCGB1D2	4	2.4628e-01	1.4745e-01	0.616533	0
SLC37A3	4	2.4632e-01	1.4745e-01	0.616533	0
TDO2	4	2.4636e-01	1.4745e-01	0.616533	0
PLAC8	4	2.4640e-01	1.4745e-01	0.616533	0
METTL25	4	2.4645e-01	1.4745e-01	0.616533	0
BEND4	4	2.4649e-01	1.4745e-01	0.616533	0
SQSTM1	4	2.4657e-01	1.4745e-01	0.616533	0
ZC3H13	4	2.4661e-01	1.4745e-01	0.616533	0
FBXO25	4	2.4666e-01	1.4745e-01	0.616533	0
HOPX	4	2.4670e-01	1.4745e-01	0.616533	0
NEK6	4	2.4674e-01	1.4745e-01	0.616533	0
SPSB1	4	2.4682e-01	1.4745e-01	0.616533	0
CEP83	4	2.4686e-01	1.4745e-01	0.616533	0
TRIO	4	2.4691e-01	1.4745e-01	0.616533	0
THOP1	4	2.4703e-01	1.4745e-01	0.616533	0
SLC2A5	4	2.4707e-01	1.4745e-01	0.616533	0
DHX35	4	2.4716e-01	1.5094e-01	0.629087	0
F3	4	2.4720e-01	1.5094e-01	0.629087	0
TMEM151B	4	2.4724e-01	1.5094e-01	0.629087	0
TRA2B	4	2.4728e-01	1.5094e-01	0.629087	0
TET1	4	2.4732e-01	1.5094e-01	0.629087	0
MS4A2	4	2.4737e-01	1.5094e-01	0.629087	0
SGCB	4	2.4741e-01	1.5094e-01	0.629087	0
HTT	4	2.4753e-01	1.5094e-01	0.629087	0
NUP37	4	2.4757e-01	1.5094e-01	0.629087	0
SERPINB8	4	2.4766e-01	1.5094e-01	0.629087	0
TLR10	4	2.4770e-01	1.5094e-01	0.629087	0
GPR55	4	2.4774e-01	1.5094e-01	0.629087	0
GPR37	4	2.4778e-01	1.5094e-01	0.629087	0
ARMC1	4	2.4783e-01	1.5094e-01	0.629087	0
KCNA2	4	2.4795e-01	1.5451e-01	0.643257	0
RTBDN	4	2.4799e-01	1.5451e-01	0.643257	0
PLEKHG4	4	2.4808e-01	1.5451e-01	0.643257	0
NRIP1	4	2.4812e-01	1.5451e-01	0.643257	0
TULP3	4	2.4820e-01	1.5451e-01	0.643257	0
KRT31	4	2.4829e-01	1.5814e-01	0.644621	0
SLC22A18	4	2.4833e-01	1.5814e-01	0.644621	0
INMT	4	2.4837e-01	1.5814e-01	0.644621	0
SHISA8	4	2.4841e-01	1.5814e-01	0.644621	0
LCP1	4	2.4845e-01	1.5814e-01	0.644621	0
SMPDL3A	4	2.4849e-01	1.5814e-01	0.644621	0
OTUD1	4	2.4854e-01	1.5814e-01	0.644621	0
KIAA0195	4	2.4862e-01	1.5814e-01	0.644621	0
PHTF1	4	2.4866e-01	1.5814e-01	0.644621	0
ZNF707	4	2.4870e-01	1.5814e-01	0.644621	0
NDUFS7	4	2.4874e-01	1.5814e-01	0.644621	0
IL37	4	2.4879e-01	1.5814e-01	0.644621	0
PKHD1	4	2.4883e-01	1.5814e-01	0.644621	0
BMP2K	4	2.4887e-01	1.5814e-01	0.644621	0
DDHD1	4	2.4891e-01	1.5814e-01	0.644621	0
NUGGC	4	2.4895e-01	1.5814e-01	0.644621	0
KEL	4	2.4904e-01	1.5814e-01	0.644621	0
AXIN1	4	2.4908e-01	1.5814e-01	0.644621	0
NEK7	3	2.4911e-01	1.6950e-01	0.663099	0
WNT16	4	2.4912e-01	1.5814e-01	0.644621	0
C9orf156	4	2.4916e-01	1.5814e-01	0.644621	0
OR4X2	4	2.4920e-01	1.5814e-01	0.644621	0
CD1A	4	2.4929e-01	1.5814e-01	0.644621	0
FAM150B	4	2.4933e-01	1.5814e-01	0.644621	0
YWHAH	4	2.4937e-01	1.5814e-01	0.644621	0
GSK3B	4	2.4941e-01	1.5814e-01	0.644621	0
CAV2	4	2.4954e-01	1.5814e-01	0.644621	0
OR11A1	4	2.4958e-01	1.5814e-01	0.644621	0
GPR141	4	2.4966e-01	1.5814e-01	0.644621	0
P2RY10	4	2.4970e-01	1.5814e-01	0.644621	0
TMPRSS11F	4	2.4975e-01	1.5814e-01	0.644621	0
RTP5	4	2.4979e-01	1.5814e-01	0.644621	0
ZNF141	4	2.4987e-01	1.5814e-01	0.644621	0
ETNPPL	4	2.4991e-01	1.5814e-01	0.644621	0
AFM	4	2.5000e-01	1.5814e-01	0.644621	0
TMPRSS12	4	2.5004e-01	1.5814e-01	0.644621	0
GTPBP6	4	2.5012e-01	1.5814e-01	0.644621	0
LYN	4	2.5025e-01	1.5814e-01	0.644621	0
NLRP1	4	2.5029e-01	1.5814e-01	0.644621	0
RAPGEFL1	4	2.5033e-01	1.5814e-01	0.644621	0
LPCAT1	4	2.5037e-01	1.5814e-01	0.644621	0
GOLGA7B	4	2.5041e-01	1.5814e-01	0.644621	0
OPALIN	4	2.5045e-01	1.5814e-01	0.644621	0
SPEF2	4	2.5050e-01	1.5814e-01	0.644621	0
MARK4	4	2.5054e-01	1.5814e-01	0.644621	0
C14orf2	4	2.5058e-01	1.5814e-01	0.644621	0
ADAL	4	2.5062e-01	1.5814e-01	0.644621	0
MCM8	4	2.5066e-01	1.5814e-01	0.644621	0
PRDM6	4	2.5070e-01	1.5814e-01	0.644621	0
LOC102723859	4	2.5075e-01	1.5814e-01	0.644621	0
HNRNPR	4	2.5079e-01	1.5814e-01	0.644621	0
CCDC78	4	2.5091e-01	1.5814e-01	0.644621	0
EFS	4	2.5095e-01	1.5814e-01	0.644621	0
GLTSCR1	4	2.5100e-01	1.5814e-01	0.644621	0
CNPY3	4	2.5112e-01	1.5815e-01	0.644621	0
GUCA2B	4	2.5116e-01	1.5815e-01	0.644621	0
HERC6	4	2.5120e-01	1.5815e-01	0.644621	0
CDK2AP1	4	2.5125e-01	1.5815e-01	0.644621	0
CNTN2	4	2.5129e-01	1.5815e-01	0.644621	0
AVP	4	2.5133e-01	1.5815e-01	0.644621	0
ARNTL2	4	2.5137e-01	1.5815e-01	0.644621	0
VSX2	4	2.5150e-01	1.5815e-01	0.644621	0
TXNDC11	4	2.5154e-01	1.5815e-01	0.644621	0
PLA2G7	4	2.5158e-01	1.5815e-01	0.644621	0
FAM149B1	4	2.5166e-01	1.5815e-01	0.644621	0
BEX4	4	2.5174e-01	1.5815e-01	0.644621	0
OR52H1	4	2.5179e-01	1.5815e-01	0.644621	0
GALNT4	4	2.5183e-01	1.5815e-01	0.644621	0
OR52E4	4	2.5187e-01	1.5815e-01	0.644621	0
LETMD1	4	2.5204e-01	1.5815e-01	0.644621	0
TGFBI	4	2.5208e-01	1.5815e-01	0.644621	0
CDK12	4	2.5212e-01	1.5815e-01	0.644621	0
ETV6	4	2.5220e-01	1.5815e-01	0.644621	0
ZNF382	4	2.5224e-01	1.5815e-01	0.644621	0
IFT88	4	2.5229e-01	1.5815e-01	0.644621	0
HTR1D	4	2.5233e-01	1.5815e-01	0.644621	0
CEACAM6	4	2.5237e-01	1.5815e-01	0.644621	0
ABCF3	4	2.5241e-01	1.5815e-01	0.644621	0
RNF168	4	2.5254e-01	1.5815e-01	0.644621	0
HCAR3	4	2.5262e-01	1.5815e-01	0.644621	0
CELSR3	4	2.5266e-01	1.5815e-01	0.644621	0
KAAG1	4	2.5270e-01	1.5815e-01	0.644621	0
C1QA	4	2.5274e-01	1.5815e-01	0.644621	0
FAM216A	4	2.5287e-01	1.5815e-01	0.644621	0
TYW5	4	2.5291e-01	1.5815e-01	0.644621	0
PTCHD2	4	2.5295e-01	1.5815e-01	0.644621	0
FBXO36	4	2.5299e-01	1.5815e-01	0.644621	0
NDUFB5	4	2.5320e-01	1.5815e-01	0.644621	0
FAM104B	4	2.5324e-01	1.5815e-01	0.644621	0
C11orf57	4	2.5332e-01	1.5815e-01	0.644621	0
SERPINB1	4	2.5337e-01	1.5815e-01	0.644621	0
DCK	4	2.5341e-01	1.5815e-01	0.644621	0
C19orf67	4	2.5345e-01	1.5815e-01	0.644621	0
LRRC31	4	2.5349e-01	1.5815e-01	0.644621	0
SDF2L1	4	2.5353e-01	1.5815e-01	0.644621	0
NAP1L4	4	2.5357e-01	1.5815e-01	0.644621	0
CENPW	4	2.5374e-01	1.5815e-01	0.644621	0
MAML2	4	2.5382e-01	1.5815e-01	0.644621	0
CLEC3A	4	2.5395e-01	1.6172e-01	0.653219	0
UQCRC1	4	2.5399e-01	1.6172e-01	0.653219	0
MEOX2	4	2.5403e-01	1.6172e-01	0.653219	0
PCDHGC4	4	2.5407e-01	1.6172e-01	0.653219	0
PSMB11	4	2.5416e-01	1.6172e-01	0.653219	0
LTBP4	4	2.5420e-01	1.6172e-01	0.653219	0
TMEM11	4	2.5424e-01	1.6172e-01	0.653219	0
ADAM28	4	2.5428e-01	1.6172e-01	0.653219	0
SLC8B1	4	2.5432e-01	1.6172e-01	0.653219	0
ADAMTS19	4	2.5436e-01	1.6172e-01	0.653219	0
ENPP3	4	2.5440e-01	1.6172e-01	0.653219	0
PITX3	4	2.5445e-01	1.6172e-01	0.653219	0
IL1RAP	4	2.5449e-01	1.6172e-01	0.653219	0
AVL9	3	2.5451e-01	1.7481e-01	0.663099	0
C19orf48	4	2.5453e-01	1.6172e-01	0.653219	0
RARRES1	4	2.5457e-01	1.6172e-01	0.653219	0
FADS1	4	2.5461e-01	1.6172e-01	0.653219	0
H2AFX	4	2.5465e-01	1.6172e-01	0.653219	0
SBK1	4	2.5470e-01	1.6172e-01	0.653219	0
GABRB3	4	2.5478e-01	1.6172e-01	0.653219	0
CNP	4	2.5482e-01	1.6172e-01	0.653219	0
MAEL	4	2.5486e-01	1.6172e-01	0.653219	0
PCDH19	4	2.5490e-01	1.6172e-01	0.653219	0
CAPN1	4	2.5494e-01	1.6172e-01	0.653219	0
C21orf140	4	2.5507e-01	1.6172e-01	0.653219	0
CCL23	4	2.5511e-01	1.6172e-01	0.653219	0
MBOAT2	4	2.5515e-01	1.6172e-01	0.653219	0
SLC2A7	4	2.5519e-01	1.6172e-01	0.653219	0
C6orf229	4	2.5528e-01	1.6172e-01	0.653219	0
USP27X	4	2.5532e-01	1.6172e-01	0.653219	0
ERO1LB	4	2.5540e-01	1.6172e-01	0.653219	0
RASSF6	4	2.5544e-01	1.6172e-01	0.653219	0
PDGFB	4	2.5548e-01	1.6172e-01	0.653219	0
KLHDC7B	4	2.5552e-01	1.6172e-01	0.653219	0
SSR1	4	2.5557e-01	1.6172e-01	0.653219	0
SHANK2	4	2.5565e-01	1.6172e-01	0.653219	0
PLD6	4	2.5573e-01	1.6172e-01	0.653219	0
ULK2	4	2.5577e-01	1.6172e-01	0.653219	0
PCDHGB5	4	2.5581e-01	1.6172e-01	0.653219	0
TMPRSS9	4	2.5590e-01	1.6172e-01	0.653219	0
TPRG1	4	2.5594e-01	1.6172e-01	0.653219	0
ARHGAP31	4	2.5602e-01	1.6513e-01	0.656159	0
ATP2A3	4	2.5606e-01	1.6513e-01	0.656159	0
TMEM62	4	2.5610e-01	1.6513e-01	0.656159	0
HAAO	4	2.5615e-01	1.6513e-01	0.656159	0
NRXN1	4	2.5619e-01	1.6513e-01	0.656159	0
MON1A	4	2.5631e-01	1.6513e-01	0.656159	0
DNASE1L3	4	2.5635e-01	1.6513e-01	0.656159	0
MTHFD1L	4	2.5639e-01	1.6513e-01	0.656159	0
VNN1	4	2.5650e-01	1.6513e-01	0.656159	0
RHOXF1	4	2.5650e-01	1.6513e-01	0.656159	0
SLC22A5	4	2.5660e-01	1.6513e-01	0.656159	0
CDK16	4	2.5668e-01	1.6513e-01	0.656159	0
EN2	4	2.5673e-01	1.6513e-01	0.656159	0
SPINK13	4	2.5681e-01	1.6513e-01	0.656159	0
C7orf33	4	2.5685e-01	1.6513e-01	0.656159	0
IMPA1	4	2.5697e-01	1.6513e-01	0.656159	0
RBMY1D	4	2.5702e-01	1.6513e-01	0.656159	0
ACSS1	4	2.5706e-01	1.6513e-01	0.656159	0
AKAP9	4	2.5710e-01	1.6513e-01	0.656159	0
TMEM151A	4	2.5714e-01	1.6513e-01	0.656159	0
STAT4	4	2.5718e-01	1.6513e-01	0.656159	0
ENTPD3	4	2.5722e-01	1.6513e-01	0.656159	0
HHAT	4	2.5726e-01	1.6513e-01	0.656159	0
M1AP	4	2.5735e-01	1.6513e-01	0.656159	0
CNOT4	4	2.5739e-01	1.6513e-01	0.656159	0
ACP1	4	2.5743e-01	1.6513e-01	0.656159	0
CPS1	4	2.5755e-01	1.6513e-01	0.656159	0
MFGE8	4	2.5768e-01	1.6513e-01	0.656159	0
GTSCR1	4	2.5772e-01	1.6513e-01	0.656159	0
PID1	4	2.5776e-01	1.6513e-01	0.656159	0
TMEM89	4	2.5780e-01	1.6513e-01	0.656159	0
GNRH2	4	2.5784e-01	1.6513e-01	0.656159	0
LCE3D	4	2.5793e-01	1.6513e-01	0.656159	0
NTM	4	2.5801e-01	1.6513e-01	0.656159	0
GRB10	4	2.5809e-01	1.6513e-01	0.656159	0
XAGE5	4	2.5813e-01	1.6513e-01	0.656159	0
ZNF200	4	2.5817e-01	1.6513e-01	0.656159	0
ANGPTL7	4	2.5822e-01	1.6513e-01	0.656159	0
PTGDR2	4	2.5826e-01	1.6513e-01	0.656159	0
OR4K2	4	2.5842e-01	1.6513e-01	0.656159	0
TAF9B	4	2.5850e-01	1.6513e-01	0.656159	0
C8G	4	2.5855e-01	1.6513e-01	0.656159	0
CSMD2	4	2.5859e-01	1.6513e-01	0.656159	0
PTPN3	4	2.5863e-01	1.6513e-01	0.656159	0
TGFB3	4	2.5875e-01	1.6513e-01	0.656159	0
HMX3	4	2.5879e-01	1.6513e-01	0.656159	0
RIT2	4	2.5884e-01	1.6513e-01	0.656159	0
RASGEF1B	4	2.5892e-01	1.6513e-01	0.656159	0
CT55	4	2.5896e-01	1.6513e-01	0.656159	0
ASB16	4	2.5900e-01	1.6513e-01	0.656159	0
PUS1	4	2.5908e-01	1.6513e-01	0.656159	0
SLIT3	4	2.5912e-01	1.6513e-01	0.656159	0
ITGA7	4	2.5917e-01	1.6513e-01	0.656159	0
GALNTL6	4	2.5925e-01	1.6513e-01	0.656159	0
ZNF582	4	2.5929e-01	1.6513e-01	0.656159	0
EXOC3L1	4	2.5933e-01	1.6513e-01	0.656159	0
PLEKHM3	4	2.5937e-01	1.6513e-01	0.656159	0
SLC25A36	4	2.5941e-01	1.6513e-01	0.656159	0
OR6C2	4	2.5950e-01	1.6513e-01	0.656159	0
MAB21L1	4	2.5954e-01	1.6513e-01	0.656159	0
DNMT3L	4	2.5958e-01	1.6513e-01	0.656159	0
DTWD1	4	2.5962e-01	1.6513e-01	0.656159	0
YY1AP1	4	2.5966e-01	1.6513e-01	0.656159	0
RAB9B	4	2.5970e-01	1.6513e-01	0.656159	0
IL26	4	2.5974e-01	1.6513e-01	0.656159	0
RELT	4	2.5979e-01	1.6513e-01	0.656159	0
C16orf70	4	2.5983e-01	1.6513e-01	0.656159	0
SPATS1	4	2.5987e-01	1.6513e-01	0.656159	0
CETN2	4	2.5999e-01	1.6513e-01	0.656159	0
SPARC	4	2.6003e-01	1.6513e-01	0.656159	0
ZNF646	4	2.6012e-01	1.6513e-01	0.656159	0
SMIM18	4	2.6020e-01	1.6513e-01	0.656159	0
ONECUT3	4	2.6024e-01	1.6513e-01	0.656159	0
FAM20A	4	2.6028e-01	1.6513e-01	0.656159	0
CPO	4	2.6032e-01	1.6513e-01	0.656159	0
TMEM160	4	2.6049e-01	1.6513e-01	0.656159	0
ADAD2	4	2.6053e-01	1.6513e-01	0.656159	0
AKAP17A	4	2.6057e-01	1.6513e-01	0.656159	0
GIMAP1-GIMAP5	4	2.6069e-01	1.6862e-01	0.663099	0
WDFY2	4	2.6078e-01	1.6862e-01	0.663099	0
NOTO	4	2.6082e-01	1.6862e-01	0.663099	0
HDAC6	4	2.6086e-01	1.6862e-01	0.663099	0
GJB1	4	2.6094e-01	1.6862e-01	0.663099	0
IL36RN	4	2.6098e-01	1.6862e-01	0.663099	0
TAOK3	4	2.6102e-01	1.6862e-01	0.663099	0
LDLRAD3	4	2.6106e-01	1.6862e-01	0.663099	0
DYNC1H1	4	2.6111e-01	1.6862e-01	0.663099	0
C9orf16	4	2.6115e-01	1.6862e-01	0.663099	0
ENPEP	4	2.6119e-01	1.6862e-01	0.663099	0
SLC26A5	4	2.6123e-01	1.6862e-01	0.663099	0
OAZ2	4	2.6127e-01	1.6862e-01	0.663099	0
ABCC11	4	2.6131e-01	1.6862e-01	0.663099	0
KLKB1	4	2.6135e-01	1.6862e-01	0.663099	0
CXorf57	4	2.6139e-01	1.6862e-01	0.663099	0
SERPINB5	4	2.6148e-01	1.6862e-01	0.663099	0
XRCC1	4	2.6152e-01	1.6862e-01	0.663099	0
USP17L7	4	2.6160e-01	1.6862e-01	0.663099	0
C9orf91	4	2.6164e-01	1.6862e-01	0.663099	0
SEPTIN12	4	2.6168e-01	1.6862e-01	0.663099	0
SULT1C3	4	2.6172e-01	1.6862e-01	0.663099	0
B3GNT7	4	2.6176e-01	1.6862e-01	0.663099	0
RUFY1	4	2.6181e-01	1.6862e-01	0.663099	0
ACER3	4	2.6189e-01	1.6862e-01	0.663099	0
FSHR	4	2.6193e-01	1.6862e-01	0.663099	0
MRO	4	2.6197e-01	1.6862e-01	0.663099	0
ADIPOR2	4	2.6201e-01	1.6862e-01	0.663099	0
TBRG4	4	2.6218e-01	1.7210e-01	0.663099	0
KRTDAP	4	2.6222e-01	1.7210e-01	0.663099	0
AP4S1	4	2.6226e-01	1.7210e-01	0.663099	0
INPP1	4	2.6230e-01	1.7210e-01	0.663099	0
PECR	4	2.6242e-01	1.7210e-01	0.663099	0
HLCS	4	2.6251e-01	1.7210e-01	0.663099	0
ANKIB1	4	2.6255e-01	1.7210e-01	0.663099	0
C9orf78	4	2.6259e-01	1.7210e-01	0.663099	0
TNP1	4	2.6267e-01	1.7553e-01	0.663099	0
IMPG1	4	2.6271e-01	1.7553e-01	0.663099	0
CPXCR1	4	2.6275e-01	1.7553e-01	0.663099	0
REV3L	4	2.6279e-01	1.7553e-01	0.663099	0
SLC6A14	4	2.6292e-01	1.7553e-01	0.663099	0
ROBO4	4	2.6304e-01	1.7553e-01	0.663099	0
FBXL17	4	2.6316e-01	1.7553e-01	0.663099	0
YPEL2	4	2.6321e-01	1.7553e-01	0.663099	0
TKTL2	4	2.6327e-01	1.7553e-01	0.663099	0
CERS3	4	2.6337e-01	1.7553e-01	0.663099	0
TRIM59	4	2.6345e-01	1.7553e-01	0.663099	0
AUP1	4	2.6349e-01	1.7553e-01	0.663099	0
PTPRH	3	2.6353e-01	1.8539e-01	0.663099	0
LRRC26	4	2.6353e-01	1.7553e-01	0.663099	0
AMZ1	4	2.6358e-01	1.7553e-01	0.663099	0
CYP3A5	4	2.6362e-01	1.7553e-01	0.663099	0
H2AFJ	4	2.6366e-01	1.7553e-01	0.663099	0
NWD1	4	2.6370e-01	1.7553e-01	0.663099	0
GPC2	4	2.6374e-01	1.7553e-01	0.663099	0
C19orf45	4	2.6378e-01	1.7553e-01	0.663099	0
GAPDHS	4	2.6386e-01	1.7553e-01	0.663099	0
ECM2	4	2.6390e-01	1.7553e-01	0.663099	0
KRTAP26-1	4	2.6395e-01	1.7553e-01	0.663099	0
NSUN4	4	2.6399e-01	1.7553e-01	0.663099	0
NUDT11	4	2.6407e-01	1.7553e-01	0.663099	0
NR1D1	4	2.6415e-01	1.7553e-01	0.663099	0
CTNS	4	2.6427e-01	1.7553e-01	0.663099	0
FOXD4L1	4	2.6432e-01	1.7553e-01	0.663099	0
DARS2	4	2.6436e-01	1.7553e-01	0.663099	0
ACTL6B	4	2.6440e-01	1.7553e-01	0.663099	0
DEFB107B	1	2.6442e-01	3.2534e-01	0.834248	0
CREB5	4	2.6448e-01	1.7553e-01	0.663099	0
ZFAND4	4	2.6452e-01	1.7553e-01	0.663099	0
PRDM9	4	2.6456e-01	1.7553e-01	0.663099	0
HIST1H3E	4	2.6460e-01	1.7553e-01	0.663099	0
SLX4IP	4	2.6464e-01	1.7553e-01	0.663099	0
PGP	4	2.6477e-01	1.7553e-01	0.663099	0
HMGA1	4	2.6481e-01	1.7553e-01	0.663099	0
C2orf44	4	2.6489e-01	1.7901e-01	0.663099	0
SOX18	4	2.6493e-01	1.7901e-01	0.663099	0
DEFB133	3	2.6495e-01	1.8797e-01	0.663099	0
ANKRD22	4	2.6497e-01	1.7901e-01	0.663099	0
CKMT1A	4	2.6505e-01	1.7901e-01	0.663099	0
SLC2A12	4	2.6510e-01	1.7901e-01	0.663099	0
MOGAT3	4	2.6514e-01	1.7901e-01	0.663099	0
CXCL12	4	2.6518e-01	1.7901e-01	0.663099	0
PPFIBP2	4	2.6522e-01	1.7901e-01	0.663099	0
FCRLB	4	2.6526e-01	1.7901e-01	0.663099	0
AK5	4	2.6530e-01	1.7901e-01	0.663099	0
VIPR2	4	2.6534e-01	1.7901e-01	0.663099	0
ANO5	4	2.6538e-01	1.7901e-01	0.663099	0
IFT52	4	2.6542e-01	1.7901e-01	0.663099	0
GCM1	4	2.6551e-01	1.7901e-01	0.663099	0
EN1	4	2.6555e-01	1.7901e-01	0.663099	0
HNRNPA2B1	4	2.6559e-01	1.7901e-01	0.663099	0
PTPN18	4	2.6571e-01	1.7901e-01	0.663099	0
ELP2	4	2.6575e-01	1.7901e-01	0.663099	0
CSNK1D	4	2.6579e-01	1.7901e-01	0.663099	0
NPY2R	4	2.6583e-01	1.7901e-01	0.663099	0
S100A16	4	2.6588e-01	1.7901e-01	0.663099	0
C7orf34	4	2.6592e-01	1.7901e-01	0.663099	0
DRD4	4	2.6596e-01	1.7901e-01	0.663099	0
ANKZF1	4	2.6600e-01	1.7901e-01	0.663099	0
SYT11	4	2.6604e-01	1.7901e-01	0.663099	0
MASP2	4	2.6608e-01	1.7901e-01	0.663099	0
RBFOX1	4	2.6612e-01	1.7901e-01	0.663099	0
BBC3	4	2.6616e-01	1.7901e-01	0.663099	0
LOC391003	4	2.6620e-01	1.7901e-01	0.663099	0
MAP2K3	4	2.6624e-01	1.7901e-01	0.663099	0
ESYT3	4	2.6629e-01	1.7901e-01	0.663099	0
ST7L	4	2.6633e-01	1.7901e-01	0.663099	0
CCL19	4	2.6637e-01	1.7901e-01	0.663099	0
SLC9C2	4	2.6641e-01	1.7901e-01	0.663099	0
NDE1	4	2.6645e-01	1.7901e-01	0.663099	0
RRBP1	4	2.6653e-01	1.7901e-01	0.663099	0
TTLL12	4	2.6657e-01	1.7901e-01	0.663099	0
CILP	4	2.6661e-01	1.7901e-01	0.663099	0
EREG	4	2.6665e-01	1.7901e-01	0.663099	0
EPS8	4	2.6670e-01	1.7901e-01	0.663099	0
AEN	4	2.6674e-01	1.7901e-01	0.663099	0
DOCK6	4	2.6678e-01	1.7901e-01	0.663099	0
FNDC8	4	2.6682e-01	1.7901e-01	0.663099	0
SULT1C4	4	2.6686e-01	1.7901e-01	0.663099	0
GSX2	4	2.6690e-01	1.7901e-01	0.663099	0
PRRG1	4	2.6694e-01	1.7901e-01	0.663099	0
SPG7	4	2.6698e-01	1.7901e-01	0.663099	0
LZTS1	4	2.6702e-01	1.7901e-01	0.663099	0
MSLN	4	2.6706e-01	1.7901e-01	0.663099	0
FAM168A	4	2.6711e-01	1.7901e-01	0.663099	0
AASDH	4	2.6715e-01	1.7901e-01	0.663099	0
C1orf61	4	2.6723e-01	1.7901e-01	0.663099	0
MTM1	4	2.6727e-01	1.7901e-01	0.663099	0
ZNF383	4	2.6731e-01	1.7901e-01	0.663099	0
IFNAR1	4	2.6735e-01	1.7901e-01	0.663099	0
NCF4	4	2.6747e-01	1.7901e-01	0.663099	0
C11orf52	4	2.6751e-01	1.7901e-01	0.663099	0
CGA	4	2.6764e-01	1.7901e-01	0.663099	0
FAM8A1	4	2.6768e-01	1.7901e-01	0.663099	0
ZNF736	4	2.6772e-01	1.7901e-01	0.663099	0
AOX1	4	2.6776e-01	1.7901e-01	0.663099	0
C8orf74	4	2.6780e-01	1.7901e-01	0.663099	0
IRF8	4	2.6784e-01	1.7901e-01	0.663099	0
RUNDC3A	4	2.6788e-01	1.7901e-01	0.663099	0
TIGD7	4	2.6801e-01	1.7901e-01	0.663099	0
JAKMIP2	4	2.6809e-01	1.7901e-01	0.663099	0
NLGN1	4	2.6813e-01	1.7901e-01	0.663099	0
FAM45A	4	2.6821e-01	1.7901e-01	0.663099	0
JUNB	4	2.6825e-01	1.7901e-01	0.663099	0
AKR7A3	4	2.6833e-01	1.7901e-01	0.663099	0
SUPT20H	4	2.6837e-01	1.7901e-01	0.663099	0
ARL6IP4	4	2.6842e-01	1.7901e-01	0.663099	0
TBRG1	4	2.6846e-01	1.7901e-01	0.663099	0
SLC6A9	4	2.6854e-01	1.7901e-01	0.663099	0
CABLES2	4	2.6858e-01	1.7901e-01	0.663099	0
ZDHHC19	4	2.6866e-01	1.7901e-01	0.663099	0
SERTAD3	4	2.6870e-01	1.7901e-01	0.663099	0
POMT1	4	2.6878e-01	1.7901e-01	0.663099	0
GMFB	4	2.6882e-01	1.7901e-01	0.663099	0
RORA	4	2.6887e-01	1.7901e-01	0.663099	0
CBL	4	2.6891e-01	1.7901e-01	0.663099	0
FPR1	4	2.6895e-01	1.7901e-01	0.663099	0
PCDHB13	4	2.6907e-01	1.7901e-01	0.663099	0
CDK11B	4	2.6911e-01	1.7901e-01	0.663099	0
ZNF683	4	2.6915e-01	1.7901e-01	0.663099	0
NDUFA12	4	2.6919e-01	1.7901e-01	0.663099	0
CTDSPL2	4	2.6927e-01	1.7901e-01	0.663099	0
ACTL7B	4	2.6932e-01	1.7901e-01	0.663099	0
SMAP2	4	2.6936e-01	1.7901e-01	0.663099	0
CTNNBIP1	4	2.6944e-01	1.7901e-01	0.663099	0
OGDH	4	2.6948e-01	1.7901e-01	0.663099	0
MAGED1	4	2.6956e-01	1.7901e-01	0.663099	0
SNTG1	4	2.6960e-01	1.7901e-01	0.663099	0
HSDL1	4	2.6968e-01	1.7901e-01	0.663099	0
PIGT	4	2.6972e-01	1.7901e-01	0.663099	0
CTSL	4	2.6976e-01	1.7901e-01	0.663099	0
RAPGEF3	4	2.6981e-01	1.7901e-01	0.663099	0
ZNF280C	4	2.6985e-01	1.7901e-01	0.663099	0
C11orf42	4	2.6993e-01	1.7901e-01	0.663099	0
B3GALT1	4	2.6997e-01	1.7901e-01	0.663099	0
TMEM170B	4	2.7005e-01	1.8256e-01	0.663099	0
TAS1R3	4	2.7030e-01	1.8256e-01	0.663099	0
GSDMC	4	2.7038e-01	1.8256e-01	0.663099	0
RXFP4	4	2.7042e-01	1.8256e-01	0.663099	0
DCP1B	4	2.7046e-01	1.8256e-01	0.663099	0
KCNE1	4	2.7050e-01	1.8256e-01	0.663099	0
RHOG	4	2.7054e-01	1.8256e-01	0.663099	0
TXNDC5	4	2.7058e-01	1.8256e-01	0.663099	0
PARVB	4	2.7062e-01	1.8256e-01	0.663099	0
SLC29A1	4	2.7066e-01	1.8256e-01	0.663099	0
PSORS1C1	4	2.7070e-01	1.8256e-01	0.663099	0
OTOG	4	2.7079e-01	1.8256e-01	0.663099	0
POGLUT1	4	2.7083e-01	1.8256e-01	0.663099	0
ANKRD46	4	2.7087e-01	1.8256e-01	0.663099	0
TEX29	4	2.7091e-01	1.8256e-01	0.663099	0
ARHGAP10	4	2.7095e-01	1.8256e-01	0.663099	0
TIMP1	4	2.7099e-01	1.8256e-01	0.663099	0
UBD	4	2.7103e-01	1.8256e-01	0.663099	0
TIMMDC1	4	2.7107e-01	1.8256e-01	0.663099	0
TNK1	4	2.7111e-01	1.8256e-01	0.663099	0
KRTAP12-2	4	2.7115e-01	1.8256e-01	0.663099	0
BACH1	4	2.7123e-01	1.8256e-01	0.663099	0
DPPA3	4	2.7132e-01	1.8256e-01	0.663099	0
CYP11B1	4	2.7136e-01	1.8256e-01	0.663099	0
TMEM155	4	2.7140e-01	1.8256e-01	0.663099	0
C20orf85	4	2.7144e-01	1.8256e-01	0.663099	0
OR6C74	4	2.7148e-01	1.8256e-01	0.663099	0
FAM161A	4	2.7152e-01	1.8256e-01	0.663099	0
EXD3	4	2.7164e-01	1.8256e-01	0.663099	0
GPR82	4	2.7168e-01	1.8256e-01	0.663099	0
CYGB	4	2.7172e-01	1.8256e-01	0.663099	0
NT5DC3	4	2.7176e-01	1.8256e-01	0.663099	0
CLN6	4	2.7181e-01	1.8256e-01	0.663099	0
KCNN3	4	2.7185e-01	1.8256e-01	0.663099	0
TMEM102	4	2.7189e-01	1.8256e-01	0.663099	0
NUTM2G	4	2.7193e-01	1.8256e-01	0.663099	0
AHNAK	4	2.7197e-01	1.8256e-01	0.663099	0
PCSK1	4	2.7201e-01	1.8256e-01	0.663099	0
GPR87	4	2.7205e-01	1.8256e-01	0.663099	0
ACTN2	4	2.7209e-01	1.8256e-01	0.663099	0
ERCC5	4	2.7213e-01	1.8256e-01	0.663099	0
PPP1R9B	4	2.7221e-01	1.8256e-01	0.663099	0
PLA2G2E	4	2.7229e-01	1.8256e-01	0.663099	0
ABHD8	4	2.7242e-01	1.8256e-01	0.663099	0
ZNF883	4	2.7246e-01	1.8256e-01	0.663099	0
TMEM114	4	2.7250e-01	1.8256e-01	0.663099	0
ARPC5L	4	2.7254e-01	1.8256e-01	0.663099	0
OR56B4	4	2.7262e-01	1.8256e-01	0.663099	0
ACVR2A	4	2.7266e-01	1.8256e-01	0.663099	0
PARP10	4	2.7270e-01	1.8256e-01	0.663099	0
SMARCAL1	4	2.7274e-01	1.8256e-01	0.663099	0
KRTAP5-1	4	2.7282e-01	1.8256e-01	0.663099	0
TRAF2	4	2.7286e-01	1.8256e-01	0.663099	0
TRUB1	4	2.7299e-01	1.8256e-01	0.663099	0
TMBIM6	4	2.7303e-01	1.8256e-01	0.663099	0
PRR4	4	2.7307e-01	1.8256e-01	0.663099	0
PLCG1	4	2.7311e-01	1.8256e-01	0.663099	0
ACTRT2	4	2.7319e-01	1.8256e-01	0.663099	0
DLK1	4	2.7323e-01	1.8256e-01	0.663099	0
ATF2	4	2.7327e-01	1.8256e-01	0.663099	0
LPAR5	4	2.7339e-01	1.8596e-01	0.663099	0
UBTD1	4	2.7344e-01	1.8596e-01	0.663099	0
MGME1	4	2.7348e-01	1.8596e-01	0.663099	0
CNTN1	4	2.7352e-01	1.8596e-01	0.663099	0
CDX2	4	2.7356e-01	1.8596e-01	0.663099	0
GSTO1	4	2.7360e-01	1.8596e-01	0.663099	0
NOMO1	4	2.7364e-01	1.8596e-01	0.663099	0
CES2	4	2.7368e-01	1.8596e-01	0.663099	0
SLIRP	4	2.7376e-01	1.8596e-01	0.663099	0
UBN2	4	2.7382e-01	1.8596e-01	0.663099	0
SSR2	4	2.7388e-01	1.8596e-01	0.663099	0
HIST1H2BL	4	2.7400e-01	1.8596e-01	0.663099	0
AP3S1	4	2.7405e-01	1.8596e-01	0.663099	0
CDKN3	4	2.7417e-01	1.8596e-01	0.663099	0
VPS37C	4	2.7421e-01	1.8596e-01	0.663099	0
RNF19A	4	2.7425e-01	1.8596e-01	0.663099	0
FRMD8	4	2.7429e-01	1.8596e-01	0.663099	0
AKAP6	4	2.7433e-01	1.8596e-01	0.663099	0
LGI3	4	2.7437e-01	1.8596e-01	0.663099	0
RAB26	4	2.7441e-01	1.8596e-01	0.663099	0
COL3A1	4	2.7445e-01	1.8596e-01	0.663099	0
DNAJC5B	4	2.7461e-01	1.8596e-01	0.663099	0
CDC37L1	4	2.7466e-01	1.8596e-01	0.663099	0
GRIN2B	4	2.7470e-01	1.8596e-01	0.663099	0
DAZAP1	4	2.7478e-01	1.8596e-01	0.663099	0
FEM1B	4	2.7482e-01	1.8596e-01	0.663099	0
CDCA3	4	2.7486e-01	1.8596e-01	0.663099	0
GBE1	4	2.7490e-01	1.8596e-01	0.663099	0
TM4SF19	4	2.7494e-01	1.8596e-01	0.663099	0
TMEM213	4	2.7498e-01	1.8596e-01	0.663099	0
ANGPT1	4	2.7502e-01	1.8596e-01	0.663099	0
FUT10	4	2.7506e-01	1.8596e-01	0.663099	0
SMN2	4	2.7514e-01	1.8596e-01	0.663099	0
ZNF460	4	2.7518e-01	1.8596e-01	0.663099	0
PIK3R2	4	2.7522e-01	1.8596e-01	0.663099	0
RAC3	4	2.7527e-01	1.8596e-01	0.663099	0
ULK4	4	2.7531e-01	1.8596e-01	0.663099	0
OPCML	4	2.7535e-01	1.8596e-01	0.663099	0
FGF1	4	2.7539e-01	1.8596e-01	0.663099	0
FANCD2OS	4	2.7555e-01	1.8596e-01	0.663099	0
BRPF3	4	2.7563e-01	1.8596e-01	0.663099	0
KLHL42	4	2.7567e-01	1.8596e-01	0.663099	0
CTTNBP2NL	4	2.7571e-01	1.8596e-01	0.663099	0
AXL	4	2.7575e-01	1.8596e-01	0.663099	0
TECPR1	4	2.7579e-01	1.8596e-01	0.663099	0
MAPK14	4	2.7583e-01	1.8596e-01	0.663099	0
USP4	4	2.7587e-01	1.8596e-01	0.663099	0
ZHX1-C8orf76	4	2.7591e-01	1.8596e-01	0.663099	0
TEX28	4	2.7596e-01	1.8596e-01	0.663099	0
FAM71F1	4	2.7600e-01	1.8596e-01	0.663099	0
HIBCH	4	2.7604e-01	1.8596e-01	0.663099	0
RTEL1	4	2.7608e-01	1.8596e-01	0.663099	0
WDR33	4	2.7612e-01	1.8596e-01	0.663099	0
CCNL2	4	2.7620e-01	1.8596e-01	0.663099	0
DEFA6	4	2.7624e-01	1.8596e-01	0.663099	0
DEFA1B	4	2.7632e-01	1.8596e-01	0.663099	0
SMARCD1	4	2.7648e-01	1.8596e-01	0.663099	0
GIPC1	4	2.7656e-01	1.8946e-01	0.663099	0
PP2D1	4	2.7660e-01	1.8946e-01	0.663099	0
TNPO2	4	2.7669e-01	1.8946e-01	0.663099	0
ING2	4	2.7673e-01	1.8946e-01	0.663099	0
LIG4	4	2.7677e-01	1.8946e-01	0.663099	0
RTP3	4	2.7681e-01	1.8946e-01	0.663099	0
FAM110A	4	2.7689e-01	1.8946e-01	0.663099	0
ENOX2	4	2.7693e-01	1.8946e-01	0.663099	0
HBM	4	2.7701e-01	1.8946e-01	0.663099	0
BFAR	4	2.7705e-01	1.8946e-01	0.663099	0
SCG5	4	2.7709e-01	1.8946e-01	0.663099	0
SERPINA4	4	2.7713e-01	1.8946e-01	0.663099	0
ZNF30	4	2.7725e-01	1.8946e-01	0.663099	0
AREG	4	2.7729e-01	1.8946e-01	0.663099	0
SEMA4A	4	2.7733e-01	1.8946e-01	0.663099	0
ATP5SL	4	2.7742e-01	1.8946e-01	0.663099	0
CDK5RAP1	4	2.7746e-01	1.8946e-01	0.663099	0
CAPN6	4	2.7750e-01	1.8946e-01	0.663099	0
POPDC2	4	2.7770e-01	1.8946e-01	0.663099	0
CES3	4	2.7774e-01	1.8946e-01	0.663099	0
AKAP12	4	2.7782e-01	1.8946e-01	0.663099	0
SLC36A3	4	2.7786e-01	1.8946e-01	0.663099	0
BDH2	4	2.7794e-01	1.8946e-01	0.663099	0
FGF10	4	2.7798e-01	1.8946e-01	0.663099	0
EHMT1	4	2.7802e-01	1.8946e-01	0.663099	0
USP25	4	2.7806e-01	1.8946e-01	0.663099	0
ST6GALNAC6	4	2.7810e-01	1.8946e-01	0.663099	0
OR2F2	4	2.7815e-01	1.8946e-01	0.663099	0
ARHGAP11B	4	2.7823e-01	1.8946e-01	0.663099	0
RAB13	4	2.7827e-01	1.8946e-01	0.663099	0
RGS1	4	2.7835e-01	1.8946e-01	0.663099	0
CACFD1	4	2.7843e-01	1.8946e-01	0.663099	0
C1orf64	4	2.7847e-01	1.8946e-01	0.663099	0
RBM15B	4	2.7851e-01	1.8946e-01	0.663099	0
NAV3	4	2.7855e-01	1.8946e-01	0.663099	0
LIPT2	4	2.7859e-01	1.8946e-01	0.663099	0
GCLC	4	2.7863e-01	1.8946e-01	0.663099	0
AGAP6	4	2.7867e-01	1.8946e-01	0.663099	0
MAPK3	4	2.7875e-01	1.8946e-01	0.663099	0
CYTH3	4	2.7879e-01	1.8946e-01	0.663099	0
ANPEP	4	2.7883e-01	1.8946e-01	0.663099	0
C5	4	2.7887e-01	1.8946e-01	0.663099	0
KLK13	4	2.7891e-01	1.8946e-01	0.663099	0
NUAK2	4	2.7896e-01	1.8946e-01	0.663099	0
CTSA	4	2.7908e-01	1.8946e-01	0.663099	0
FAM19A5	4	2.7912e-01	1.8946e-01	0.663099	0
LIMD1	4	2.7916e-01	1.8946e-01	0.663099	0
ZC3H7B	4	2.7920e-01	1.8946e-01	0.663099	0
FBP1	4	2.7924e-01	1.8946e-01	0.663099	0
ZNF808	4	2.7932e-01	1.8946e-01	0.663099	0
MAPK8IP2	4	2.7936e-01	1.8946e-01	0.663099	0
OTOP3	3	2.7939e-01	2.0606e-01	0.686396	0
MFSD8	4	2.7940e-01	1.8946e-01	0.663099	0
RAB41	4	2.7944e-01	1.8946e-01	0.663099	0
TBCEL	4	2.7948e-01	1.8946e-01	0.663099	0
KRTAP5-7	4	2.7956e-01	1.8946e-01	0.663099	0
TMEM198	4	2.7960e-01	1.8946e-01	0.663099	0
CCNB1IP1	4	2.7964e-01	1.8946e-01	0.663099	0
IFI27L2	4	2.7972e-01	1.8946e-01	0.663099	0
SYNGAP1	4	2.7976e-01	1.8946e-01	0.663099	0
DTX2	4	2.7985e-01	1.8946e-01	0.663099	0
GSTA4	4	2.7997e-01	1.8946e-01	0.663099	0
FAM69B	4	2.8001e-01	1.8946e-01	0.663099	0
C17orf67	4	2.8005e-01	1.8946e-01	0.663099	0
DNAH12	4	2.8009e-01	1.8946e-01	0.663099	0
IGFL4	4	2.8013e-01	1.8946e-01	0.663099	0
FGF18	4	2.8017e-01	1.8946e-01	0.663099	0
MFHAS1	4	2.8021e-01	1.8946e-01	0.663099	0
KCNE3	4	2.8025e-01	1.8946e-01	0.663099	0
BCAM	4	2.8029e-01	1.8946e-01	0.663099	0
SCAMP4	4	2.8045e-01	1.8946e-01	0.663099	0
BEX1	4	2.8053e-01	1.8946e-01	0.663099	0
TRMT13	4	2.8057e-01	1.8946e-01	0.663099	0
OR1N2	4	2.8061e-01	1.8946e-01	0.663099	0
KCTD1	4	2.8065e-01	1.8946e-01	0.663099	0
MAL	4	2.8069e-01	1.8946e-01	0.663099	0
BCAS1	4	2.8077e-01	1.8946e-01	0.663099	0
MGAT2	4	2.8082e-01	1.8946e-01	0.663099	0
CSNK2A2	4	2.8086e-01	1.8946e-01	0.663099	0
GLI4	4	2.8090e-01	1.8946e-01	0.663099	0
BRICD5	4	2.8094e-01	1.8946e-01	0.663099	0
LAT2	4	2.8098e-01	1.8946e-01	0.663099	0
LOH12CR1	4	2.8106e-01	1.8946e-01	0.663099	0
TMEM234	4	2.8114e-01	1.8946e-01	0.663099	0
KIAA2018	4	2.8118e-01	1.8946e-01	0.663099	0
PTGFRN	4	2.8122e-01	1.8946e-01	0.663099	0
MFSD7	4	2.8126e-01	1.8946e-01	0.663099	0
A1CF	4	2.8130e-01	1.8946e-01	0.663099	0
CATSPERG	4	2.8134e-01	1.8946e-01	0.663099	0
HERC5	4	2.8138e-01	1.8946e-01	0.663099	0
EXO1	4	2.8142e-01	1.8946e-01	0.663099	0
DNPH1	4	2.8150e-01	1.8946e-01	0.663099	0
OR4D6	4	2.8154e-01	1.8946e-01	0.663099	0
TEX43	4	2.8158e-01	1.8946e-01	0.663099	0
TMED4	4	2.8162e-01	1.8946e-01	0.663099	0
LAMP3	4	2.8166e-01	1.8946e-01	0.663099	0
LCE3C	4	2.8170e-01	1.8946e-01	0.663099	0
FAM188B	4	2.8174e-01	1.8946e-01	0.663099	0
FKBP3	4	2.8178e-01	1.8946e-01	0.663099	0
WDR90	4	2.8182e-01	1.8946e-01	0.663099	0
PPP4R1	4	2.8195e-01	1.8946e-01	0.663099	0
TPRX1	4	2.8199e-01	1.8946e-01	0.663099	0
VWA3B	4	2.8207e-01	1.8946e-01	0.663099	0
GPBAR1	4	2.8215e-01	1.8946e-01	0.663099	0
DENND1B	4	2.8219e-01	1.8946e-01	0.663099	0
SPATA31D4	4	2.8223e-01	1.8946e-01	0.663099	0
CASP9	4	2.8227e-01	1.8946e-01	0.663099	0
ARL6	4	2.8231e-01	1.8946e-01	0.663099	0
FOXD4L6	4	2.8239e-01	1.8946e-01	0.663099	0
ZNF10	4	2.8243e-01	1.8946e-01	0.663099	0
SLC5A4	4	2.8247e-01	1.8946e-01	0.663099	0
RGP1	4	2.8255e-01	1.8946e-01	0.663099	0
FAM229A	4	2.8259e-01	1.8946e-01	0.663099	0
SHE	4	2.8263e-01	1.8946e-01	0.663099	0
LRRC39	4	2.8267e-01	1.8946e-01	0.663099	0
ZNF496	4	2.8271e-01	1.8946e-01	0.663099	0
PPP2R1B	4	2.8279e-01	1.8946e-01	0.663099	0
CABLES1	4	2.8283e-01	1.8946e-01	0.663099	0
THUMPD2	4	2.8287e-01	1.8946e-01	0.663099	0
KCNE5	4	2.8291e-01	1.8946e-01	0.663099	0
DHDDS	4	2.8295e-01	1.8946e-01	0.663099	0
DPP6	4	2.8299e-01	1.8946e-01	0.663099	0
AP1AR	4	2.8303e-01	1.8946e-01	0.663099	0
KRTAP13-3	4	2.8316e-01	1.8946e-01	0.663099	0
GSTM3	4	2.8328e-01	1.8946e-01	0.663099	0
DNAJB9	4	2.8332e-01	1.8946e-01	0.663099	0
MICB	4	2.8336e-01	1.8946e-01	0.663099	0
ATG14	4	2.8340e-01	1.8946e-01	0.663099	0
MPP1	4	2.8344e-01	1.8946e-01	0.663099	0
ZP3	4	2.8348e-01	1.8946e-01	0.663099	0
SERPINE3	4	2.8352e-01	1.8946e-01	0.663099	0
RABEPK	4	2.8356e-01	1.8946e-01	0.663099	0
USP6NL	4	2.8360e-01	1.8946e-01	0.663099	0
RDH13	4	2.8364e-01	1.8946e-01	0.663099	0
PDCD1LG2	4	2.8368e-01	1.8946e-01	0.663099	0
BSND	4	2.8372e-01	1.8946e-01	0.663099	0
MAP10	4	2.8376e-01	1.8946e-01	0.663099	0
ADAMTS3	4	2.8380e-01	1.8946e-01	0.663099	0
SH3BP2	4	2.8384e-01	1.8946e-01	0.663099	0
ATG3	4	2.8388e-01	1.8946e-01	0.663099	0
TRIM15	4	2.8400e-01	1.8946e-01	0.663099	0
ZNF354B	4	2.8408e-01	1.8946e-01	0.663099	0
OR2AG1	4	2.8412e-01	1.8946e-01	0.663099	0
CAMK1	4	2.8416e-01	1.8946e-01	0.663099	0
COL16A1	4	2.8440e-01	1.8946e-01	0.663099	0
NKX1-1	4	2.8444e-01	1.8946e-01	0.663099	0
KCTD10	4	2.8448e-01	1.8946e-01	0.663099	0
PGBD1	4	2.8452e-01	1.8946e-01	0.663099	0
RPS6KA1	4	2.8456e-01	1.8946e-01	0.663099	0
PRTFDC1	4	2.8460e-01	1.8946e-01	0.663099	0
BSG	4	2.8464e-01	1.8946e-01	0.663099	0
IL27RA	4	2.8469e-01	1.8946e-01	0.663099	0
SLC25A1	4	2.8473e-01	1.8946e-01	0.663099	0
CDSN	4	2.8477e-01	1.8946e-01	0.663099	0
GPANK1	4	2.8481e-01	1.8946e-01	0.663099	0
PARP11	4	2.8485e-01	1.8946e-01	0.663099	0
BTBD6	4	2.8489e-01	1.8946e-01	0.663099	0
HOXA6	4	2.8493e-01	1.8946e-01	0.663099	0
FAM186A	4	2.8501e-01	1.8946e-01	0.663099	0
FOLR1	4	2.8505e-01	1.8946e-01	0.663099	0
OR6T1	4	2.8509e-01	1.8946e-01	0.663099	0
PIGF	4	2.8513e-01	1.8946e-01	0.663099	0
NSUN7	4	2.8517e-01	1.8946e-01	0.663099	0
HLA-DOA	4	2.8521e-01	1.8946e-01	0.663099	0
ZNF44	4	2.8525e-01	1.8946e-01	0.663099	0
CHRNB4	4	2.8529e-01	1.8946e-01	0.663099	0
CCDC71L	4	2.8533e-01	1.8946e-01	0.663099	0
CNTNAP4	4	2.8537e-01	1.8946e-01	0.663099	0
CEP164	4	2.8545e-01	1.8946e-01	0.663099	0
OR51A7	4	2.8549e-01	1.8946e-01	0.663099	0
KLK7	4	2.8553e-01	1.8946e-01	0.663099	0
AJAP1	4	2.8557e-01	1.8946e-01	0.663099	0
UTY	4	2.8561e-01	1.8946e-01	0.663099	0
TAF6L	4	2.8565e-01	1.8946e-01	0.663099	0
RHOBTB3	4	2.8573e-01	1.8946e-01	0.663099	0
OR2K2	4	2.8581e-01	1.8946e-01	0.663099	0
MATK	4	2.8585e-01	1.8946e-01	0.663099	0
C8A	4	2.8589e-01	1.8946e-01	0.663099	0
SOCS7	4	2.8593e-01	1.8946e-01	0.663099	0
IFNGR2	4	2.8597e-01	1.8946e-01	0.663099	0
PSMD12	4	2.8601e-01	1.8946e-01	0.663099	0
PDE7A	4	2.8605e-01	1.8946e-01	0.663099	0
ZBED1	4	2.8609e-01	1.8946e-01	0.663099	0
CNOT6L	4	2.8613e-01	1.8946e-01	0.663099	0
GDNF-AS1	4	2.8617e-01	1.8946e-01	0.663099	0
GLYATL2	4	2.8621e-01	1.8946e-01	0.663099	0
MARCHF2	8	2.8628e-01	1.7719e-01	0.663099	0
OR13C8	4	2.8629e-01	1.8946e-01	0.663099	0
NOTCH2	4	2.8637e-01	1.8946e-01	0.663099	0
CYB561D2	4	2.8641e-01	1.8946e-01	0.663099	0
MPHOSPH9	4	2.8645e-01	1.8946e-01	0.663099	0
PPM1D	4	2.8653e-01	1.8946e-01	0.663099	0
APPBP2	4	2.8657e-01	1.8946e-01	0.663099	0
C6orf223	4	2.8661e-01	1.8946e-01	0.663099	0
TMEM180	4	2.8665e-01	1.8946e-01	0.663099	0
MAPK6	4	2.8669e-01	1.8946e-01	0.663099	0
CCDC173	4	2.8673e-01	1.8946e-01	0.663099	0
FGF3	4	2.8677e-01	1.8946e-01	0.663099	0
SPINT1	4	2.8690e-01	1.8946e-01	0.663099	0
LOC100129216	4	2.8694e-01	1.8946e-01	0.663099	0
HPCA	4	2.8698e-01	1.8946e-01	0.663099	0
IP6K1	4	2.8710e-01	1.8946e-01	0.663099	0
C6orf132	4	2.8714e-01	1.8946e-01	0.663099	0
B3GALT2	4	2.8718e-01	1.8946e-01	0.663099	0
AK2	4	2.8722e-01	1.8946e-01	0.663099	0
PABPC3	4	2.8726e-01	1.8946e-01	0.663099	0
ARSD	4	2.8730e-01	1.8946e-01	0.663099	0
SORCS2	4	2.8734e-01	1.8946e-01	0.663099	0
CXorf51B	4	2.8742e-01	1.8946e-01	0.663099	0
PLAA	4	2.8746e-01	1.8946e-01	0.663099	0
CEP55	4	2.8754e-01	1.8946e-01	0.663099	0
RNF5	4	2.8758e-01	1.8946e-01	0.663099	0
OR52N1	4	2.8762e-01	1.8946e-01	0.663099	0
CASQ1	4	2.8770e-01	1.8946e-01	0.663099	0
TTC16	4	2.8774e-01	1.8946e-01	0.663099	0
DPP9-AS1	4	2.8778e-01	1.8946e-01	0.663099	0
SERTAD1	4	2.8782e-01	1.8946e-01	0.663099	0
XCR1	4	2.8786e-01	1.8946e-01	0.663099	0
PPAT	4	2.8798e-01	1.8946e-01	0.663099	0
CTSV	4	2.8802e-01	1.8946e-01	0.663099	0
PRSS22	4	2.8806e-01	1.8946e-01	0.663099	0
UEVLD	4	2.8810e-01	1.8946e-01	0.663099	0
DNTT	4	2.8814e-01	1.8946e-01	0.663099	0
TAS2R42	4	2.8822e-01	1.8946e-01	0.663099	0
CCK	4	2.8826e-01	1.8946e-01	0.663099	0
ADAMTS16	4	2.8830e-01	1.8946e-01	0.663099	0
RHOU	4	2.8838e-01	1.8946e-01	0.663099	0
PRR29	4	2.8842e-01	1.8946e-01	0.663099	0
ZNF770	4	2.8850e-01	1.8946e-01	0.663099	0
OPN1SW	4	2.8854e-01	1.8946e-01	0.663099	0
SOX4	4	2.8862e-01	1.8946e-01	0.663099	0
FEZF2	4	2.8866e-01	1.8946e-01	0.663099	0
RAB3GAP1	4	2.8874e-01	1.8946e-01	0.663099	0
PKN3	4	2.8882e-01	1.8946e-01	0.663099	0
CYP3A43	4	2.8886e-01	1.8946e-01	0.663099	0
CCL16	4	2.8894e-01	1.8946e-01	0.663099	0
GYG2	4	2.8902e-01	1.8946e-01	0.663099	0
OR51I1	4	2.8910e-01	1.8946e-01	0.663099	0
SNURF	4	2.8918e-01	1.8946e-01	0.663099	0
DNAI2	4	2.8922e-01	1.8946e-01	0.663099	0
UBA6	4	2.8926e-01	1.8946e-01	0.663099	0
PRKAA1	4	2.8934e-01	1.8946e-01	0.663099	0
SMC1B	4	2.8946e-01	1.8946e-01	0.663099	0
TREML2	4	2.8950e-01	1.8946e-01	0.663099	0
GRPR	4	2.8954e-01	1.8946e-01	0.663099	0
DUSP27	4	2.8958e-01	1.8946e-01	0.663099	0
TIE1	4	2.8962e-01	1.8946e-01	0.663099	0
ALDOB	4	2.8966e-01	1.8946e-01	0.663099	0
OR10G9	4	2.8970e-01	1.8946e-01	0.663099	0
CDK2	4	2.8974e-01	1.8946e-01	0.663099	0
NEIL1	4	2.8978e-01	1.8946e-01	0.663099	0
TLR3	4	2.8982e-01	1.8946e-01	0.663099	0
UGT3A1	4	2.8986e-01	1.8946e-01	0.663099	0
COX15	4	2.8990e-01	1.8946e-01	0.663099	0
SAMSN1	4	2.9002e-01	1.8946e-01	0.663099	0
FZD1	4	2.9006e-01	1.8946e-01	0.663099	0
SHISA9	4	2.9010e-01	1.8946e-01	0.663099	0
TMEM200C	4	2.9014e-01	1.8946e-01	0.663099	0
SIK1	4	2.9018e-01	1.8946e-01	0.663099	0
FAM47E-STBD1	4	2.9022e-01	1.8946e-01	0.663099	0
OR10V1	4	2.9030e-01	1.8946e-01	0.663099	0
ITGB2	4	2.9042e-01	1.8946e-01	0.663099	0
STAM2	4	2.9046e-01	1.8946e-01	0.663099	0
MYLK	4	2.9054e-01	1.8946e-01	0.663099	0
DNAJC1	4	2.9058e-01	1.8946e-01	0.663099	0
PPM1M	4	2.9062e-01	1.8946e-01	0.663099	0
TRPC7	4	2.9070e-01	1.8946e-01	0.663099	0
GPR75	4	2.9074e-01	1.8946e-01	0.663099	0
EEF1A2	4	2.9078e-01	1.8946e-01	0.663099	0
RGS12	4	2.9086e-01	1.8946e-01	0.663099	0
NT5C1B	4	2.9094e-01	1.8946e-01	0.663099	0
ALDH3A1	4	2.9098e-01	1.8946e-01	0.663099	0
HBG2	4	2.9106e-01	1.8946e-01	0.663099	0
AHDC1	4	2.9110e-01	1.8946e-01	0.663099	0
RTN4	4	2.9114e-01	1.8946e-01	0.663099	0
RAPGEF5	4	2.9118e-01	1.8946e-01	0.663099	0
ZNF573	4	2.9122e-01	1.8946e-01	0.663099	0
RNASE10	4	2.9130e-01	1.8946e-01	0.663099	0
TCEAL6	4	2.9134e-01	1.8946e-01	0.663099	0
HLA-G	4	2.9138e-01	1.8946e-01	0.663099	0
APOBEC2	4	2.9146e-01	1.8946e-01	0.663099	0
SPATC1L	4	2.9150e-01	1.8946e-01	0.663099	0
PKIG	4	2.9154e-01	1.8946e-01	0.663099	0
ENSA	4	2.9162e-01	1.8946e-01	0.663099	0
HELLS	4	2.9170e-01	1.8946e-01	0.663099	0
SYNC	4	2.9174e-01	1.8946e-01	0.663099	0
MAATS1	4	2.9182e-01	1.8946e-01	0.663099	0
MAFB	4	2.9186e-01	1.8946e-01	0.663099	0
GMPR	4	2.9190e-01	1.8946e-01	0.663099	0
RUFY3	4	2.9210e-01	1.8946e-01	0.663099	0
KRT23	4	2.9214e-01	1.8946e-01	0.663099	0
RBP2	4	2.9218e-01	1.8946e-01	0.663099	0
ANGPTL1	4	2.9222e-01	1.8946e-01	0.663099	0
VPS26B	4	2.9230e-01	1.8946e-01	0.663099	0
NWD2	4	2.9234e-01	1.8946e-01	0.663099	0
FAM26D	4	2.9238e-01	1.8946e-01	0.663099	0
GPR6	4	2.9242e-01	1.8946e-01	0.663099	0
OR5D16	4	2.9246e-01	1.8946e-01	0.663099	0
FBXL13	4	2.9254e-01	1.8946e-01	0.663099	0
PIANP	4	2.9258e-01	1.8946e-01	0.663099	0
HTR1B	4	2.9266e-01	1.8946e-01	0.663099	0
CTNND2	4	2.9270e-01	1.8946e-01	0.663099	0
MUCL1	4	2.9274e-01	1.8946e-01	0.663099	0
THPO	4	2.9278e-01	1.8946e-01	0.663099	0
C1QTNF3	4	2.9282e-01	1.8946e-01	0.663099	0
VDR	4	2.9286e-01	1.8946e-01	0.663099	0
AIF1L	4	2.9298e-01	1.8946e-01	0.663099	0
SERPINB10	4	2.9302e-01	1.8946e-01	0.663099	0
OR1K1	4	2.9306e-01	1.8946e-01	0.663099	0
IGFL2	4	2.9314e-01	1.8946e-01	0.663099	0
IFIT1	4	2.9318e-01	1.8946e-01	0.663099	0
SLC22A4	4	2.9326e-01	1.8946e-01	0.663099	0
ZNF585B	4	2.9330e-01	1.8946e-01	0.663099	0
EIF3K	4	2.9336e-01	1.8946e-01	0.663099	0
KCNJ8	4	2.9353e-01	1.8946e-01	0.663099	0
CCL18	4	2.9357e-01	1.8946e-01	0.663099	0
ZP1	4	2.9361e-01	1.8946e-01	0.663099	0
FAM180B	4	2.9365e-01	1.8946e-01	0.663099	0
PEX11A	4	2.9369e-01	1.8946e-01	0.663099	0
IQCH	4	2.9377e-01	1.8946e-01	0.663099	0
CTNNA3	4	2.9381e-01	1.8946e-01	0.663099	0
KCNMB2	4	2.9385e-01	1.8946e-01	0.663099	0
XKR3	4	2.9389e-01	1.8946e-01	0.663099	0
HOXA10	4	2.9393e-01	1.8946e-01	0.663099	0
T	4	2.9397e-01	1.8946e-01	0.663099	0
OR52W1	4	2.9401e-01	1.8946e-01	0.663099	0
SLC15A4	4	2.9405e-01	1.8946e-01	0.663099	0
ANKRD54	4	2.9417e-01	1.8946e-01	0.663099	0
NCKIPSD	4	2.9421e-01	1.8946e-01	0.663099	0
ARL17B	4	2.9425e-01	1.8946e-01	0.663099	0
SLC6A4	4	2.9429e-01	1.8946e-01	0.663099	0
EI24	4	2.9433e-01	1.8946e-01	0.663099	0
MPZL3	4	2.9437e-01	1.8946e-01	0.663099	0
CELA2A	4	2.9441e-01	1.8946e-01	0.663099	0
LRIG2	4	2.9445e-01	1.8946e-01	0.663099	0
CRIP1	4	2.9449e-01	1.8946e-01	0.663099	0
PMEL	4	2.9453e-01	1.8946e-01	0.663099	0
CD200R1	4	2.9461e-01	1.8946e-01	0.663099	0
GJC3	4	2.9473e-01	1.8946e-01	0.663099	0
MAP6D1	4	2.9477e-01	1.8946e-01	0.663099	0
MICALCL	4	2.9481e-01	1.8946e-01	0.663099	0
TMEM212	4	2.9487e-01	1.8946e-01	0.663099	0
LYZL4	4	2.9493e-01	1.8946e-01	0.663099	0
DPYSL3	4	2.9497e-01	1.8946e-01	0.663099	0
TTC4	4	2.9501e-01	1.8946e-01	0.663099	0
IRF4	4	2.9505e-01	1.8946e-01	0.663099	0
PIFO	4	2.9509e-01	1.8946e-01	0.663099	0
PPT2	4	2.9513e-01	1.8946e-01	0.663099	0
SLC43A2	4	2.9517e-01	1.8946e-01	0.663099	0
ARHGEF2	4	2.9521e-01	1.8946e-01	0.663099	0
FAM153A	4	2.9529e-01	1.8946e-01	0.663099	0
OR4A15	4	2.9533e-01	1.8946e-01	0.663099	0
PIR	4	2.9545e-01	1.8946e-01	0.663099	0
CD80	4	2.9557e-01	1.8946e-01	0.663099	0
L3MBTL2	4	2.9568e-01	1.8946e-01	0.663099	0
AKR1B1	4	2.9572e-01	1.8946e-01	0.663099	0
AOAH	4	2.9580e-01	1.8946e-01	0.663099	0
PPP2R3B	4	2.9584e-01	1.8946e-01	0.663099	0
MAML3	4	2.9588e-01	1.8946e-01	0.663099	0
CLDN7	4	2.9596e-01	1.9293e-01	0.670562	0
CLCA1	4	2.9600e-01	1.9293e-01	0.670562	0
CCR8	4	2.9604e-01	1.9293e-01	0.670562	0
CFHR3	4	2.9608e-01	1.9293e-01	0.670562	0
MRGPRX3	4	2.9612e-01	1.9293e-01	0.670562	0
CSNK1A1	4	2.9620e-01	1.9293e-01	0.670562	0
RAD9A	4	2.9624e-01	1.9293e-01	0.670562	0
OR5K2	4	2.9636e-01	1.9293e-01	0.670562	0
OR52B6	4	2.9640e-01	1.9293e-01	0.670562	0
C7orf65	4	2.9644e-01	1.9293e-01	0.670562	0
SNX4	4	2.9652e-01	1.9293e-01	0.670562	0
DEFB134	4	2.9664e-01	1.9293e-01	0.670562	0
NRARP	4	2.9668e-01	1.9293e-01	0.670562	0
ARHGAP35	4	2.9672e-01	1.9293e-01	0.670562	0
DSCAML1	4	2.9676e-01	1.9293e-01	0.670562	0
USP44	4	2.9680e-01	1.9293e-01	0.670562	0
MYO5B	4	2.9684e-01	1.9293e-01	0.670562	0
FGFBP1	4	2.9688e-01	1.9293e-01	0.670562	0
EPDR1	4	2.9692e-01	1.9293e-01	0.670562	0
RTN4RL1	4	2.9700e-01	1.9293e-01	0.670562	0
SLC22A17	4	2.9704e-01	1.9293e-01	0.670562	0
FOSL2	4	2.9708e-01	1.9293e-01	0.670562	0
NAV1	4	2.9712e-01	1.9293e-01	0.670562	0
NPL	4	2.9715e-01	1.9293e-01	0.670562	0
KANK1	4	2.9723e-01	1.9293e-01	0.670562	0
CLEC9A	4	2.9727e-01	1.9293e-01	0.670562	0
GOLGA8A	4	2.9731e-01	1.9293e-01	0.670562	0
VAC14	4	2.9739e-01	1.9293e-01	0.670562	0
EPPIN	4	2.9747e-01	1.9293e-01	0.670562	0
NOL4	4	2.9751e-01	1.9293e-01	0.670562	0
ZFYVE21	4	2.9755e-01	1.9293e-01	0.670562	0
ETAA1	4	2.9759e-01	1.9293e-01	0.670562	0
PPP1R14A	4	2.9763e-01	1.9293e-01	0.670562	0
TAAR8	4	2.9767e-01	1.9293e-01	0.670562	0
BCLAF1	4	2.9775e-01	1.9293e-01	0.670562	0
STAC	4	2.9779e-01	1.9293e-01	0.670562	0
PTPDC1	4	2.9791e-01	1.9293e-01	0.670562	0
AMPD3	4	2.9803e-01	1.9293e-01	0.670562	0
SPNS2	4	2.9811e-01	1.9631e-01	0.678368	0
PEX10	4	2.9815e-01	1.9631e-01	0.678368	0
ZHX3	4	2.9819e-01	1.9631e-01	0.678368	0
C15orf38-AP3S2	4	2.9827e-01	1.9631e-01	0.678368	0
ALG8	4	2.9835e-01	1.9631e-01	0.678368	0
PHYH	4	2.9838e-01	1.9631e-01	0.678368	0
TFE3	4	2.9842e-01	1.9631e-01	0.678368	0
METTL21A	4	2.9846e-01	1.9631e-01	0.678368	0
SUN5	4	2.9850e-01	1.9631e-01	0.678368	0
DLK2	4	2.9854e-01	1.9631e-01	0.678368	0
C19orf73	4	2.9858e-01	1.9631e-01	0.678368	0
KRT33B	4	2.9866e-01	1.9631e-01	0.678368	0
MYO16	4	2.9870e-01	1.9631e-01	0.678368	0
GSTK1	4	2.9878e-01	1.9631e-01	0.678368	0
GMEB1	4	2.9882e-01	1.9631e-01	0.678368	0
ASXL3	4	2.9886e-01	1.9631e-01	0.678368	0
PLK3	4	2.9894e-01	1.9631e-01	0.678368	0
IRF6	4	2.9898e-01	1.9631e-01	0.678368	0
TMEM68	4	2.9902e-01	1.9631e-01	0.678368	0
HSPH1	4	2.9906e-01	1.9631e-01	0.678368	0
RADIL	4	2.9910e-01	1.9631e-01	0.678368	0
IL1A	4	2.9914e-01	1.9631e-01	0.678368	0
LMTK2	4	2.9918e-01	1.9631e-01	0.678368	0
BAIAP2L2	4	2.9926e-01	1.9631e-01	0.678368	0
CPA1	4	2.9930e-01	1.9631e-01	0.678368	0
PAX9	4	2.9942e-01	1.9631e-01	0.678368	0
MPG	4	2.9945e-01	1.9631e-01	0.678368	0
HAMP	4	2.9949e-01	1.9631e-01	0.678368	0
CLCNKB	4	2.9957e-01	1.9631e-01	0.678368	0
MEA1	4	2.9961e-01	1.9631e-01	0.678368	0
KDM5D	4	2.9965e-01	1.9631e-01	0.678368	0
RLIM	4	2.9969e-01	1.9631e-01	0.678368	0
CNTFR	4	2.9981e-01	1.9963e-01	0.686396	0
DSCR3	4	2.9985e-01	1.9963e-01	0.686396	0
TNMD	4	2.9993e-01	1.9963e-01	0.686396	0
RAB20	4	2.9997e-01	1.9963e-01	0.686396	0
SNX20	4	3.0001e-01	1.9963e-01	0.686396	0
ZC2HC1A	4	3.0009e-01	1.9963e-01	0.686396	0
KRT39	4	3.0013e-01	1.9963e-01	0.686396	0
ZSCAN26	4	3.0017e-01	1.9963e-01	0.686396	0
DNAH3	4	3.0021e-01	1.9963e-01	0.686396	0
CD247	4	3.0029e-01	1.9963e-01	0.686396	0
GRSF1	4	3.0033e-01	1.9963e-01	0.686396	0
UGT8	4	3.0048e-01	2.0299e-01	0.686396	0
SGK494	4	3.0052e-01	2.0299e-01	0.686396	0
ATP2C1	4	3.0072e-01	2.0299e-01	0.686396	0
RBM11	4	3.0076e-01	2.0299e-01	0.686396	0
OR1D2	4	3.0080e-01	2.0299e-01	0.686396	0
RIPPLY3	4	3.0088e-01	2.0299e-01	0.686396	0
PROKR1	4	3.0096e-01	2.0299e-01	0.686396	0
LRFN3	4	3.0108e-01	2.0299e-01	0.686396	0
MTPN	4	3.0112e-01	2.0299e-01	0.686396	0
NUCB2	4	3.0116e-01	2.0299e-01	0.686396	0
PPP1R9A	4	3.0120e-01	2.0299e-01	0.686396	0
ZNF804B	4	3.0124e-01	2.0299e-01	0.686396	0
SMG7	4	3.0127e-01	2.0299e-01	0.686396	0
ELN	4	3.0135e-01	2.0299e-01	0.686396	0
TRIQK	4	3.0139e-01	2.0299e-01	0.686396	0
CERCAM	4	3.0143e-01	2.0299e-01	0.686396	0
APOC2	4	3.0151e-01	2.0299e-01	0.686396	0
ZP2	4	3.0159e-01	2.0299e-01	0.686396	0
SLC22A2	4	3.0167e-01	2.0299e-01	0.686396	0
UGT1A1	4	3.0171e-01	2.0299e-01	0.686396	0
C17orf50	4	3.0175e-01	2.0299e-01	0.686396	0
STAG1	4	3.0179e-01	2.0299e-01	0.686396	0
C2orf16	4	3.0183e-01	2.0299e-01	0.686396	0
YIPF7	4	3.0187e-01	2.0299e-01	0.686396	0
SCO1	4	3.0191e-01	2.0299e-01	0.686396	0
NCOA5	4	3.0199e-01	2.0299e-01	0.686396	0
RXRG	4	3.0203e-01	2.0299e-01	0.686396	0
MCOLN2	4	3.0210e-01	2.0299e-01	0.686396	0
CRYGD	4	3.0218e-01	2.0299e-01	0.686396	0
SLC25A6	4	3.0222e-01	2.0299e-01	0.686396	0
CACNA2D4	4	3.0226e-01	2.0299e-01	0.686396	0
ASTE1	4	3.0234e-01	2.0299e-01	0.686396	0
PTX3	4	3.0238e-01	2.0299e-01	0.686396	0
IFT20	4	3.0242e-01	2.0299e-01	0.686396	0
HGD	4	3.0246e-01	2.0299e-01	0.686396	0
TMPRSS11B	4	3.0250e-01	2.0299e-01	0.686396	0
MYL6B	4	3.0254e-01	2.0299e-01	0.686396	0
NFRKB	3	3.0265e-01	2.3165e-01	0.728462	0
TMEM231	4	3.0266e-01	2.0299e-01	0.686396	0
ZNF433	4	3.0270e-01	2.0299e-01	0.686396	0
EPB41L3	4	3.0282e-01	2.0299e-01	0.686396	0
FAM19A2	4	3.0285e-01	2.0299e-01	0.686396	0
LEMD1	4	3.0289e-01	2.0299e-01	0.686396	0
MBD4	4	3.0293e-01	2.0299e-01	0.686396	0
MAZ	4	3.0297e-01	2.0299e-01	0.686396	0
TAS2R31	4	3.0301e-01	2.0299e-01	0.686396	0
OR2Y1	4	3.0305e-01	2.0299e-01	0.686396	0
TICAM2	4	3.0309e-01	2.0299e-01	0.686396	0
KDELR1	4	3.0313e-01	2.0299e-01	0.686396	0
TNFRSF19	4	3.0317e-01	2.0299e-01	0.686396	0
NOVA1	4	3.0325e-01	2.0299e-01	0.686396	0
HLA-A	4	3.0329e-01	2.0299e-01	0.686396	0
HTN3	4	3.0333e-01	2.0299e-01	0.686396	0
MAPK1IP1L	4	3.0337e-01	2.0299e-01	0.686396	0
P2RY2	4	3.0343e-01	2.0299e-01	0.686396	0
SSC5D	4	3.0343e-01	2.0299e-01	0.686396	0
AP3D1	4	3.0349e-01	2.0299e-01	0.686396	0
SLC2A2	4	3.0364e-01	2.0639e-01	0.686396	0
ZNF43	4	3.0368e-01	2.0639e-01	0.686396	0
BTBD9	4	3.0372e-01	2.0639e-01	0.686396	0
PGAP1	4	3.0376e-01	2.0639e-01	0.686396	0
CD59	4	3.0380e-01	2.0639e-01	0.686396	0
MAP1LC3B	4	3.0388e-01	2.0639e-01	0.686396	0
MTCL1	4	3.0392e-01	2.0639e-01	0.686396	0
HSPB2	4	3.0396e-01	2.0639e-01	0.686396	0
BAK1	4	3.0404e-01	2.0639e-01	0.686396	0
H3F3C	4	3.0408e-01	2.0639e-01	0.686396	0
GAGE12H	4	3.0416e-01	2.0639e-01	0.686396	0
COPS7B	4	3.0420e-01	2.0639e-01	0.686396	0
WDR81	4	3.0423e-01	2.0639e-01	0.686396	0
HGFAC	4	3.0427e-01	2.0639e-01	0.686396	0
PDCD2L	4	3.0435e-01	2.0639e-01	0.686396	0
CRYL1	4	3.0439e-01	2.0639e-01	0.686396	0
NEK8	4	3.0443e-01	2.0639e-01	0.686396	0
CD36	4	3.0447e-01	2.0639e-01	0.686396	0
DMTF1	4	3.0451e-01	2.0639e-01	0.686396	0
KLK6	4	3.0455e-01	2.0639e-01	0.686396	0
PPME1	4	3.0459e-01	2.0639e-01	0.686396	0
GPRC5B	4	3.0463e-01	2.0639e-01	0.686396	0
IGF2	4	3.0471e-01	2.0639e-01	0.686396	0
BIRC2	4	3.0479e-01	2.0639e-01	0.686396	0
OR11L1	4	3.0483e-01	2.0639e-01	0.686396	0
MUC21	4	3.0487e-01	2.0639e-01	0.686396	0
ADNP2	4	3.0490e-01	2.0639e-01	0.686396	0
OLFML1	4	3.0494e-01	2.0639e-01	0.686396	0
OR8S1	4	3.0498e-01	2.0639e-01	0.686396	0
CASP6	4	3.0502e-01	2.0639e-01	0.686396	0
PLP2	4	3.0506e-01	2.0639e-01	0.686396	0
HPSE2	4	3.0510e-01	2.0639e-01	0.686396	0
RNF6	4	3.0514e-01	2.0639e-01	0.686396	0
DLG3	4	3.0518e-01	2.0639e-01	0.686396	0
PCDHB12	4	3.0522e-01	2.0639e-01	0.686396	0
HECA	4	3.0530e-01	2.0639e-01	0.686396	0
PPAP2B	4	3.0534e-01	2.0639e-01	0.686396	0
CALCOCO2	4	3.0538e-01	2.0639e-01	0.686396	0
TTC21A	4	3.0546e-01	2.0639e-01	0.686396	0
YTHDF3	4	3.0549e-01	2.0639e-01	0.686396	0
KRTAP6-1	4	3.0553e-01	2.0639e-01	0.686396	0
NME6	4	3.0565e-01	2.0639e-01	0.686396	0
TMEM8A	4	3.0581e-01	2.0639e-01	0.686396	0
F2RL1	4	3.0585e-01	2.0639e-01	0.686396	0
BFSP2	4	3.0593e-01	2.0639e-01	0.686396	0
INPP5A	4	3.0605e-01	2.0639e-01	0.686396	0
PLTP	4	3.0609e-01	2.0639e-01	0.686396	0
TMEM183A	4	3.0616e-01	2.0639e-01	0.686396	0
OR2C3	4	3.0620e-01	2.0639e-01	0.686396	0
SPOCK3	4	3.0624e-01	2.0639e-01	0.686396	0
C11orf68	4	3.0628e-01	2.0639e-01	0.686396	0
SNAP91	4	3.0636e-01	2.0639e-01	0.686396	0
ARPC1B	4	3.0644e-01	2.0639e-01	0.686396	0
CUX1	4	3.0648e-01	2.0639e-01	0.686396	0
C2orf83	4	3.0652e-01	2.0639e-01	0.686396	0
PIP4K2A	4	3.0656e-01	2.0639e-01	0.686396	0
TSSK6	4	3.0660e-01	2.0639e-01	0.686396	0
DUSP23	4	3.0671e-01	2.0639e-01	0.686396	0
C11orf85	4	3.0675e-01	2.0639e-01	0.686396	0
ZC3H12C	4	3.0679e-01	2.0639e-01	0.686396	0
KCTD4	4	3.0683e-01	2.0639e-01	0.686396	0
TMEM106A	4	3.0687e-01	2.0639e-01	0.686396	0
MMP1	4	3.0695e-01	2.0639e-01	0.686396	0
CEP70	4	3.0699e-01	2.0639e-01	0.686396	0
TLR1	4	3.0703e-01	2.0639e-01	0.686396	0
GRM5	4	3.0715e-01	2.0639e-01	0.686396	0
BOC	4	3.0719e-01	2.0639e-01	0.686396	0
CCDC130	4	3.0722e-01	2.0639e-01	0.686396	0
LSM7	4	3.0726e-01	2.0639e-01	0.686396	0
PSG6	4	3.0730e-01	2.0639e-01	0.686396	0
ACOT12	4	3.0738e-01	2.0639e-01	0.686396	0
ENDOV	4	3.0742e-01	2.0639e-01	0.686396	0
USP32	4	3.0746e-01	2.0639e-01	0.686396	0
BTN2A2	4	3.0750e-01	2.0639e-01	0.686396	0
NCKAP5L	4	3.0754e-01	2.0639e-01	0.686396	0
TMPRSS15	4	3.0758e-01	2.0639e-01	0.686396	0
TDRD9	4	3.0762e-01	2.0639e-01	0.686396	0
CYP1B1	4	3.0766e-01	2.0639e-01	0.686396	0
KRT18	4	3.0770e-01	2.0639e-01	0.686396	0
WNT1	4	3.0777e-01	2.0639e-01	0.686396	0
MITD1	4	3.0781e-01	2.0639e-01	0.686396	0
SEC24A	4	3.0785e-01	2.0639e-01	0.686396	0
TMEM55B	4	3.0789e-01	2.0639e-01	0.686396	0
WNT11	4	3.0797e-01	2.0639e-01	0.686396	0
CDC34	4	3.0805e-01	2.0639e-01	0.686396	0
OPN5	4	3.0809e-01	2.0639e-01	0.686396	0
PKIB	4	3.0817e-01	2.0639e-01	0.686396	0
EPHX1	4	3.0821e-01	2.0639e-01	0.686396	0
ZNF639	4	3.0832e-01	2.0639e-01	0.686396	0
EPT1	4	3.0836e-01	2.0639e-01	0.686396	0
C2orf15	4	3.0844e-01	2.0639e-01	0.686396	0
KCTD20	4	3.0852e-01	2.0639e-01	0.686396	0
SREBF1	4	3.0856e-01	2.0639e-01	0.686396	0
TNFRSF13C	4	3.0860e-01	2.0639e-01	0.686396	0
MTRF1	4	3.0864e-01	2.0639e-01	0.686396	0
KRT20	4	3.0868e-01	2.0639e-01	0.686396	0
AHSP	4	3.0876e-01	2.0639e-01	0.686396	0
OPHN1	4	3.0879e-01	2.0639e-01	0.686396	0
KIAA1841	4	3.0883e-01	2.0639e-01	0.686396	0
RAC2	4	3.0887e-01	2.0639e-01	0.686396	0
ZNF101	4	3.0891e-01	2.0639e-01	0.686396	0
SHKBP1	4	3.0895e-01	2.0639e-01	0.686396	0
STRADB	4	3.0903e-01	2.0639e-01	0.686396	0
FNIP2	4	3.0911e-01	2.0639e-01	0.686396	0
CYP19A1	4	3.0919e-01	2.0639e-01	0.686396	0
MDH1B	4	3.0930e-01	2.0639e-01	0.686396	0
BTBD3	4	3.0934e-01	2.0639e-01	0.686396	0
CA10	4	3.0938e-01	2.0639e-01	0.686396	0
ZMYND15	4	3.0946e-01	2.0639e-01	0.686396	0
FGF4	4	3.0962e-01	2.0639e-01	0.686396	0
ASPM	4	3.0966e-01	2.0639e-01	0.686396	0
ANGPTL2	4	3.0970e-01	2.0639e-01	0.686396	0
ANKRD45	4	3.0974e-01	2.0639e-01	0.686396	0
BPIFA2	4	3.0977e-01	2.0639e-01	0.686396	0
CXorf38	4	3.0985e-01	2.0639e-01	0.686396	0
PHKA2	4	3.0989e-01	2.0639e-01	0.686396	0
LOC101929983	4	3.0993e-01	2.0639e-01	0.686396	0
FBXL5	4	3.0997e-01	2.0639e-01	0.686396	0
TGFBRAP1	4	3.1001e-01	2.0639e-01	0.686396	0
RNPEP	4	3.1005e-01	2.0639e-01	0.686396	0
FAM64A	4	3.1009e-01	2.0639e-01	0.686396	0
VAX2	4	3.1019e-01	2.0639e-01	0.686396	0
NCOA7	4	3.1026e-01	2.0639e-01	0.686396	0
SVOP	4	3.1032e-01	2.0639e-01	0.686396	0
TIAF1	4	3.1036e-01	2.0639e-01	0.686396	0
TRMU	4	3.1040e-01	2.0639e-01	0.686396	0
MEP1A	4	3.1048e-01	2.0639e-01	0.686396	0
PACSIN2	4	3.1052e-01	2.0639e-01	0.686396	0
CLEC12A	4	3.1056e-01	2.0639e-01	0.686396	0
ZFPM2	4	3.1060e-01	2.0639e-01	0.686396	0
PHKG2	4	3.1064e-01	2.0639e-01	0.686396	0
TRAF3IP2	4	3.1067e-01	2.0639e-01	0.686396	0
ALS2CR11	4	3.1071e-01	2.0639e-01	0.686396	0
LTBP2	4	3.1079e-01	2.0639e-01	0.686396	0
DDR1	4	3.1087e-01	2.0639e-01	0.686396	0
C9orf41	4	3.1091e-01	2.0639e-01	0.686396	0
CHRNA4	4	3.1095e-01	2.0639e-01	0.686396	0
OSGEPL1	4	3.1103e-01	2.0639e-01	0.686396	0
SFTPB	4	3.1107e-01	2.0639e-01	0.686396	0
P2RX6	4	3.1110e-01	2.0639e-01	0.686396	0
OR10J1	4	3.1118e-01	2.0639e-01	0.686396	0
NACC2	4	3.1122e-01	2.0639e-01	0.686396	0
DDTL	4	3.1126e-01	2.0639e-01	0.686396	0
TCF21	4	3.1130e-01	2.0639e-01	0.686396	0
USP45	4	3.1146e-01	2.0639e-01	0.686396	0
PIN4	4	3.1150e-01	2.0639e-01	0.686396	0
RXRB	4	3.1165e-01	2.0639e-01	0.686396	0
EDC3	4	3.1177e-01	2.0639e-01	0.686396	0
RDH12	4	3.1189e-01	2.0976e-01	0.689450	0
SORBS3	4	3.1193e-01	2.0976e-01	0.689450	0
PHF21B	4	3.1204e-01	2.0976e-01	0.689450	0
RFX4	4	3.1208e-01	2.0976e-01	0.689450	0
NMUR1	4	3.1212e-01	2.0976e-01	0.689450	0
MOBP	4	3.1216e-01	2.0976e-01	0.689450	0
INSM1	4	3.1220e-01	2.0976e-01	0.689450	0
IL17RE	4	3.1224e-01	2.0976e-01	0.689450	0
PMS1	4	3.1228e-01	2.0976e-01	0.689450	0
CMC1	4	3.1232e-01	2.0976e-01	0.689450	0
SERTM1	4	3.1236e-01	2.0976e-01	0.689450	0
HCK	4	3.1239e-01	2.0976e-01	0.689450	0
GLB1L	4	3.1243e-01	2.0976e-01	0.689450	0
SLC25A20	4	3.1247e-01	2.0976e-01	0.689450	0
DCAF8L1	4	3.1251e-01	2.0976e-01	0.689450	0
AQP11	4	3.1259e-01	2.0976e-01	0.689450	0
TNFRSF4	4	3.1271e-01	2.0976e-01	0.689450	0
UGT2B28	4	3.1275e-01	2.0976e-01	0.689450	0
ALDH1A1	4	3.1279e-01	2.0976e-01	0.689450	0
LCE4A	4	3.1282e-01	2.0976e-01	0.689450	0
FPR3	4	3.1286e-01	2.0976e-01	0.689450	0
CCNI	4	3.1290e-01	2.0976e-01	0.689450	0
FANCD2	4	3.1294e-01	2.0976e-01	0.689450	0
AGK	4	3.1298e-01	2.0976e-01	0.689450	0
ROR2	4	3.1302e-01	2.0976e-01	0.689450	0
RHAG	4	3.1310e-01	2.0976e-01	0.689450	0
CASKIN1	4	3.1314e-01	2.0976e-01	0.689450	0
CDKL2	4	3.1318e-01	2.0976e-01	0.689450	0
NPTXR	4	3.1321e-01	2.0976e-01	0.689450	0
DNAH2	4	3.1325e-01	2.0976e-01	0.689450	0
ZSWIM6	4	3.1329e-01	2.0976e-01	0.689450	0
TSPAN10	4	3.1333e-01	2.0976e-01	0.689450	0
GJA4	4	3.1337e-01	2.0976e-01	0.689450	0
PIP4K2B	4	3.1341e-01	2.0976e-01	0.689450	0
NPHP1	4	3.1349e-01	2.0976e-01	0.689450	0
ZNF415	4	3.1353e-01	2.0976e-01	0.689450	0
CNEP1R1	4	3.1360e-01	2.0976e-01	0.689450	0
NPTN	4	3.1364e-01	2.0976e-01	0.689450	0
MSX2	4	3.1368e-01	2.0976e-01	0.689450	0
EGR1	4	3.1372e-01	2.0976e-01	0.689450	0
CHML	4	3.1376e-01	2.0976e-01	0.689450	0
GPRIN3	4	3.1380e-01	2.0976e-01	0.689450	0
CST2	4	3.1392e-01	2.0976e-01	0.689450	0
WNT2B	4	3.1396e-01	2.0976e-01	0.689450	0
BCL2L15	4	3.1403e-01	2.0976e-01	0.689450	0
RXFP2	4	3.1407e-01	2.0976e-01	0.689450	0
GTDC1	4	3.1411e-01	2.0976e-01	0.689450	0
LIPN	4	3.1415e-01	2.0976e-01	0.689450	0
PRR32	4	3.1419e-01	2.0976e-01	0.689450	0
PRR16	4	3.1427e-01	2.0976e-01	0.689450	0
SPO11	4	3.1431e-01	2.0976e-01	0.689450	0
SGCG	4	3.1435e-01	2.0976e-01	0.689450	0
PSMC2	4	3.1450e-01	2.0976e-01	0.689450	0
GPX3	4	3.1454e-01	2.0976e-01	0.689450	0
SRRM2	4	3.1466e-01	2.0976e-01	0.689450	0
ABCA12	4	3.1474e-01	2.0976e-01	0.689450	0
GOLGA8N	4	3.1477e-01	2.0976e-01	0.689450	0
TNS3	4	3.1485e-01	2.0976e-01	0.689450	0
C17orf96	4	3.1489e-01	2.0976e-01	0.689450	0
PRM3	4	3.1493e-01	2.0976e-01	0.689450	0
PSMD5	4	3.1497e-01	2.0976e-01	0.689450	0
TFDP2	4	3.1501e-01	2.0976e-01	0.689450	0
LY6G5B	4	3.1505e-01	2.0976e-01	0.689450	0
ZCCHC5	4	3.1509e-01	2.0976e-01	0.689450	0
GHITM	4	3.1512e-01	2.0976e-01	0.689450	0
SH3D21	4	3.1528e-01	2.0976e-01	0.689450	0
RBM5	4	3.1532e-01	2.0976e-01	0.689450	0
IFI6	4	3.1536e-01	2.0976e-01	0.689450	0
ANKHD1-EIF4EBP3	4	3.1544e-01	2.1311e-01	0.699743	0
ZNF705D	4	3.1551e-01	2.1311e-01	0.699743	0
PIH1D3	4	3.1557e-01	2.1311e-01	0.699743	0
CAP2	4	3.1557e-01	2.1311e-01	0.699743	0
KLF1	4	3.1563e-01	2.1311e-01	0.699743	0
C12orf80	4	3.1571e-01	2.1311e-01	0.699743	0
SDPR	4	3.1579e-01	2.1642e-01	0.707685	0
SLITRK5	4	3.1583e-01	2.1642e-01	0.707685	0
KIAA1919	4	3.1586e-01	2.1642e-01	0.707685	0
CCDC43	4	3.1590e-01	2.1642e-01	0.707685	0
ZNF835	4	3.1594e-01	2.1642e-01	0.707685	0
UPK1A	4	3.1598e-01	2.1642e-01	0.707685	0
GIGYF2	4	3.1602e-01	2.1642e-01	0.707685	0
FOXRED1	4	3.1606e-01	2.1642e-01	0.707685	0
SLC24A3	4	3.1610e-01	2.1642e-01	0.707685	0
JAK1	4	3.1618e-01	2.1642e-01	0.707685	0
GPAA1	4	3.1621e-01	2.1642e-01	0.707685	0
MYPOP	4	3.1625e-01	2.1642e-01	0.707685	0
AP4M1	4	3.1633e-01	2.1642e-01	0.707685	0
THAP8	4	3.1637e-01	2.1642e-01	0.707685	0
NAGK	4	3.1641e-01	2.1642e-01	0.707685	0
ADCY10	4	3.1645e-01	2.1642e-01	0.707685	0
NDUFS3	4	3.1649e-01	2.1642e-01	0.707685	0
ZNF318	4	3.1653e-01	2.1642e-01	0.707685	0
KRT24	4	3.1660e-01	2.1642e-01	0.707685	0
SIGLEC12	4	3.1664e-01	2.1642e-01	0.707685	0
ACE2	4	3.1668e-01	2.1642e-01	0.707685	0
WNT8A	4	3.1676e-01	2.1642e-01	0.707685	0
TNFRSF1A	4	3.1680e-01	2.1642e-01	0.707685	0
RLF	4	3.1684e-01	2.1642e-01	0.707685	0
ASAP1	4	3.1691e-01	2.1980e-01	0.713871	0
ZNF117	4	3.1695e-01	2.1980e-01	0.713871	0
SNX2	4	3.1699e-01	2.1980e-01	0.713871	0
UGT2B17	4	3.1703e-01	2.1980e-01	0.713871	0
LINGO3	4	3.1707e-01	2.1980e-01	0.713871	0
ESR2	4	3.1711e-01	2.1980e-01	0.713871	0
S100A8	4	3.1715e-01	2.1980e-01	0.713871	0
TUBG1	4	3.1719e-01	2.1980e-01	0.713871	0
HTRA1	4	3.1722e-01	2.1980e-01	0.713871	0
MIEF2	4	3.1726e-01	2.1980e-01	0.713871	0
MID1IP1	4	3.1730e-01	2.1980e-01	0.713871	0
PDZK1IP1	4	3.1734e-01	2.1980e-01	0.713871	0
C19orf84	4	3.1738e-01	2.1980e-01	0.713871	0
KIAA0922	4	3.1742e-01	2.1980e-01	0.713871	0
FAIM	4	3.1754e-01	2.1980e-01	0.713871	0
HECTD2	4	3.1757e-01	2.1980e-01	0.713871	0
FARP1	4	3.1761e-01	2.1980e-01	0.713871	0
OR10A5	4	3.1765e-01	2.1980e-01	0.713871	0
ILVBL	4	3.1769e-01	2.1980e-01	0.713871	0
NETO1	4	3.1773e-01	2.1980e-01	0.713871	0
ZNF24	4	3.1777e-01	2.1980e-01	0.713871	0
ADI1	4	3.1781e-01	2.1980e-01	0.713871	0
RPS6KA5	4	3.1785e-01	2.1981e-01	0.713871	0
UBE2U	4	3.1789e-01	2.1981e-01	0.713871	0
ECHDC2	4	3.1796e-01	2.1981e-01	0.713871	0
CHST11	4	3.1804e-01	2.1981e-01	0.713871	0
OR4Q3	4	3.1808e-01	2.1981e-01	0.713871	0
ARMCX5-GPRASP2	4	3.1816e-01	2.1981e-01	0.713871	0
C6orf106	4	3.1820e-01	2.1981e-01	0.713871	0
IL15	4	3.1823e-01	2.1981e-01	0.713871	0
RBMXL1	4	3.1827e-01	2.1981e-01	0.713871	0
PLEKHD1	4	3.1831e-01	2.1981e-01	0.713871	0
MDFIC	4	3.1835e-01	2.1981e-01	0.713871	0
ABLIM1	4	3.1839e-01	2.1981e-01	0.713871	0
BTBD18	4	3.1843e-01	2.1981e-01	0.713871	0
AMIGO1	4	3.1847e-01	2.1981e-01	0.713871	0
ANKDD1A	4	3.1854e-01	2.1981e-01	0.713871	0
KIAA0825	4	3.1858e-01	2.1981e-01	0.713871	0
VPS33A	4	3.1862e-01	2.1981e-01	0.713871	0
ENC1	4	3.1866e-01	2.1981e-01	0.713871	0
NAA40	4	3.1886e-01	2.2311e-01	0.715307	0
PHC3	4	3.1889e-01	2.2311e-01	0.715307	0
CCDC67	4	3.1893e-01	2.2311e-01	0.715307	0
AZI2	4	3.1897e-01	2.2311e-01	0.715307	0
ADRBK1	4	3.1901e-01	2.2311e-01	0.715307	0
SFT2D2	4	3.1905e-01	2.2311e-01	0.715307	0
TBPL2	4	3.1909e-01	2.2311e-01	0.715307	0
ENTHD2	4	3.1917e-01	2.2311e-01	0.715307	0
ADAMTS20	4	3.1920e-01	2.2311e-01	0.715307	0
SLC4A1	4	3.1928e-01	2.2311e-01	0.715307	0
PBX2	4	3.1932e-01	2.2311e-01	0.715307	0
FAM171A2	4	3.1940e-01	2.2311e-01	0.715307	0
CT45A7	4	3.1944e-01	2.2311e-01	0.715307	0
PRG4	4	3.1948e-01	2.2311e-01	0.715307	0
TNIK	4	3.1951e-01	2.2311e-01	0.715307	0
CAMP	4	3.1963e-01	2.2311e-01	0.715307	0
NEU3	4	3.1971e-01	2.2311e-01	0.715307	0
FAM213A	4	3.1975e-01	2.2311e-01	0.715307	0
OR13A1	4	3.1979e-01	2.2311e-01	0.715307	0
EGFL6	4	3.1982e-01	2.2311e-01	0.715307	0
OSMR	4	3.1986e-01	2.2311e-01	0.715307	0
FBLN1	4	3.1990e-01	2.2311e-01	0.715307	0
CD52	4	3.1998e-01	2.2311e-01	0.715307	0
BPIFA1	4	3.2002e-01	2.2311e-01	0.715307	0
AGO4	4	3.2006e-01	2.2311e-01	0.715307	0
GRINA	4	3.2013e-01	2.2311e-01	0.715307	0
SNX30	4	3.2017e-01	2.2311e-01	0.715307	0
FAM160A2	4	3.2021e-01	2.2311e-01	0.715307	0
WBP2	4	3.2029e-01	2.2311e-01	0.715307	0
LEUTX	4	3.2033e-01	2.2311e-01	0.715307	0
FCN3	4	3.2044e-01	2.2311e-01	0.715307	0
SLC12A8	4	3.2048e-01	2.2311e-01	0.715307	0
MAN2C1	4	3.2052e-01	2.2311e-01	0.715307	0
CCDC105	4	3.2056e-01	2.2311e-01	0.715307	0
ZNF521	4	3.2060e-01	2.2311e-01	0.715307	0
P4HA2	4	3.2068e-01	2.2311e-01	0.715307	0
TBC1D3C	4	3.2075e-01	2.2311e-01	0.715307	0
GRXCR2	4	3.2079e-01	2.2311e-01	0.715307	0
RMDN1	4	3.2083e-01	2.2311e-01	0.715307	0
C9orf69	4	3.2087e-01	2.2311e-01	0.715307	0
CCS	4	3.2091e-01	2.2311e-01	0.715307	0
LRRC16A	4	3.2095e-01	2.2311e-01	0.715307	0
DMKN	4	3.2099e-01	2.2311e-01	0.715307	0
HIST1H3I	4	3.2102e-01	2.2311e-01	0.715307	0
SCN3A	4	3.2106e-01	2.2311e-01	0.715307	0
BCL2L14	4	3.2110e-01	2.2311e-01	0.715307	0
GAL	4	3.2114e-01	2.2311e-01	0.715307	0
CDK5RAP2	4	3.2118e-01	2.2311e-01	0.715307	0
RGS8	4	3.2122e-01	2.2311e-01	0.715307	0
TRIB1	4	3.2126e-01	2.2311e-01	0.715307	0
HIST1H4L	4	3.2137e-01	2.2311e-01	0.715307	0
RABAC1	4	3.2149e-01	2.2311e-01	0.715307	0
SUMO4	4	3.2157e-01	2.2311e-01	0.715307	0
SNX13	4	3.2160e-01	2.2311e-01	0.715307	0
CLDN4	4	3.2164e-01	2.2311e-01	0.715307	0
SLC18A1	4	3.2172e-01	2.2311e-01	0.715307	0
IL2RB	4	3.2176e-01	2.2311e-01	0.715307	0
BZW1	4	3.2184e-01	2.2311e-01	0.715307	0
HLA-DQA2	4	3.2191e-01	2.2311e-01	0.715307	0
TRIM26	4	3.2195e-01	2.2311e-01	0.715307	0
DGKA	4	3.2207e-01	2.2311e-01	0.715307	0
SETD4	4	3.2211e-01	2.2311e-01	0.715307	0
LY6G6D	4	3.2215e-01	2.2311e-01	0.715307	0
PGM2	4	3.2226e-01	2.2311e-01	0.715307	0
LRP1B	4	3.2234e-01	2.2646e-01	0.715307	0
SPAM1	4	3.2245e-01	2.2646e-01	0.715307	0
LOC101929372	4	3.2249e-01	2.2646e-01	0.715307	0
CRYGN	4	3.2257e-01	2.2646e-01	0.715307	0
BARX2	4	3.2261e-01	2.2646e-01	0.715307	0
MBNL1	4	3.2265e-01	2.2646e-01	0.715307	0
ZNF296	4	3.2269e-01	2.2646e-01	0.715307	0
CNN3	4	3.2273e-01	2.2646e-01	0.715307	0
FZD9	4	3.2276e-01	2.2646e-01	0.715307	0
NRM	4	3.2288e-01	2.2646e-01	0.715307	0
RHOBTB1	4	3.2292e-01	2.2646e-01	0.715307	0
RPH3A	4	3.2296e-01	2.2646e-01	0.715307	0
PRRC2A	4	3.2300e-01	2.2646e-01	0.715307	0
EBP	4	3.2311e-01	2.2646e-01	0.715307	0
ZNF566	4	3.2319e-01	2.2646e-01	0.715307	0
CCDC132	4	3.2323e-01	2.2646e-01	0.715307	0
LMO7DN	4	3.2330e-01	2.2646e-01	0.715307	0
CD63	4	3.2334e-01	2.2646e-01	0.715307	0
PCCB	4	3.2346e-01	2.2646e-01	0.715307	0
RALGDS	4	3.2350e-01	2.2646e-01	0.715307	0
DUOX2	4	3.2354e-01	2.2646e-01	0.715307	0
NMS	4	3.2369e-01	2.2646e-01	0.715307	0
CMTM8	4	3.2373e-01	2.2646e-01	0.715307	0
ZNF619	4	3.2381e-01	2.2646e-01	0.715307	0
CCDC54	4	3.2384e-01	2.2646e-01	0.715307	0
SGK1	4	3.2388e-01	2.2646e-01	0.715307	0
TCP10L	4	3.2392e-01	2.2646e-01	0.715307	0
LACTB	4	3.2396e-01	2.2646e-01	0.715307	0
TSPY10	4	3.2400e-01	2.2646e-01	0.715307	0
ATP8A2	4	3.2415e-01	2.2646e-01	0.715307	0
TCAF1	4	3.2423e-01	2.2646e-01	0.715307	0
SLC17A2	4	3.2427e-01	2.2646e-01	0.715307	0
VGLL4	4	3.2431e-01	2.2646e-01	0.715307	0
SLC35A4	4	3.2442e-01	2.2646e-01	0.715307	0
ABO	4	3.2450e-01	2.2646e-01	0.715307	0
ZBTB22	4	3.2454e-01	2.2646e-01	0.715307	0
FOXC1	4	3.2458e-01	2.2646e-01	0.715307	0
OR8B8	4	3.2462e-01	2.2646e-01	0.715307	0
MTRNR2L5	4	3.2469e-01	2.2646e-01	0.715307	0
SLC6A5	4	3.2473e-01	2.2646e-01	0.715307	0
ZDHHC6	4	3.2485e-01	2.2646e-01	0.715307	0
TNC	4	3.2488e-01	2.2646e-01	0.715307	0
MCF2L2	4	3.2492e-01	2.2646e-01	0.715307	0
VN1R4	4	3.2496e-01	2.2646e-01	0.715307	0
CRLF1	4	3.2500e-01	2.2646e-01	0.715307	0
PQLC3	4	3.2508e-01	2.2646e-01	0.715307	0
GALR1	4	3.2512e-01	2.2646e-01	0.715307	0
DHX15	4	3.2515e-01	2.2646e-01	0.715307	0
TXNDC9	4	3.2519e-01	2.2646e-01	0.715307	0
CCL2	4	3.2527e-01	2.2646e-01	0.715307	0
SLAMF7	4	3.2531e-01	2.2646e-01	0.715307	0
TCF23	4	3.2535e-01	2.2646e-01	0.715307	0
MLH3	4	3.2539e-01	2.2646e-01	0.715307	0
CD177	4	3.2542e-01	2.2646e-01	0.715307	0
UCN	4	3.2550e-01	2.2646e-01	0.715307	0
C12orf74	4	3.2554e-01	2.2646e-01	0.715307	0
FNDC1	4	3.2558e-01	2.2646e-01	0.715307	0
NBPF3	4	3.2562e-01	2.2646e-01	0.715307	0
C19orf80	4	3.2566e-01	2.2646e-01	0.715307	0
HNRNPA3	4	3.2569e-01	2.2646e-01	0.715307	0
C11orf63	4	3.2573e-01	2.2646e-01	0.715307	0
NAPEPLD	4	3.2581e-01	2.2646e-01	0.715307	0
NUP188	4	3.2585e-01	2.2646e-01	0.715307	0
OGN	4	3.2589e-01	2.2646e-01	0.715307	0
IGSF9	4	3.2592e-01	2.2646e-01	0.715307	0
TM2D3	4	3.2600e-01	2.2646e-01	0.715307	0
FAHD1	4	3.2608e-01	2.2646e-01	0.715307	0
SYT13	4	3.2619e-01	2.2646e-01	0.715307	0
RNF144A	4	3.2635e-01	2.2646e-01	0.715307	0
THUMPD3	4	3.2642e-01	2.2646e-01	0.715307	0
PDE11A	4	3.2650e-01	2.2646e-01	0.715307	0
STXBP5	3	3.2656e-01	2.5903e-01	0.765666	0
CCDC68	4	3.2658e-01	2.2646e-01	0.715307	0
TBC1D19	4	3.2669e-01	2.2646e-01	0.715307	0
ACY3	4	3.2673e-01	2.2646e-01	0.715307	0
PCED1A	4	3.2677e-01	2.2646e-01	0.715307	0
CSNK1G1	4	3.2685e-01	2.2646e-01	0.715307	0
STAR	4	3.2689e-01	2.2646e-01	0.715307	0
RAB17	4	3.2692e-01	2.2646e-01	0.715307	0
STARD5	4	3.2708e-01	2.2646e-01	0.715307	0
KCNIP4	4	3.2712e-01	2.2646e-01	0.715307	0
TMEM236	4	3.2715e-01	2.2646e-01	0.715307	0
METTL18	4	3.2719e-01	2.2646e-01	0.715307	0
TMEM59L	4	3.2723e-01	2.2646e-01	0.715307	0
STEAP1	4	3.2731e-01	2.2646e-01	0.715307	0
SMO	4	3.2735e-01	2.2646e-01	0.715307	0
BRAF	4	3.2739e-01	2.2646e-01	0.715307	0
USP17L13	4	3.2742e-01	2.2646e-01	0.715307	0
MAP6	4	3.2750e-01	2.2646e-01	0.715307	0
DENND2A	4	3.2754e-01	2.2646e-01	0.715307	0
C6orf203	4	3.2758e-01	2.2646e-01	0.715307	0
STEAP4	4	3.2762e-01	2.2646e-01	0.715307	0
ZNF132	4	3.2765e-01	2.2646e-01	0.715307	0
UBR5	4	3.2769e-01	2.2646e-01	0.715307	0
ADAMTS18	4	3.2773e-01	2.2646e-01	0.715307	0
TAS2R8	4	3.2781e-01	2.2646e-01	0.715307	0
CCL28	4	3.2785e-01	2.2646e-01	0.715307	0
SNX29	4	3.2788e-01	2.2646e-01	0.715307	0
DUSP4	4	3.2792e-01	2.2646e-01	0.715307	0
CCNT2	4	3.2796e-01	2.2646e-01	0.715307	0
MC3R	4	3.2800e-01	2.2646e-01	0.715307	0
HLTF	4	3.2804e-01	2.2646e-01	0.715307	0
TUBB3	4	3.2808e-01	2.2646e-01	0.715307	0
MRPL47	4	3.2819e-01	2.2977e-01	0.722669	0
CCDC181	4	3.2823e-01	2.2977e-01	0.722669	0
GCGR	4	3.2831e-01	2.2977e-01	0.722669	0
TCAF2	4	3.2835e-01	2.2977e-01	0.722669	0
MECOM	4	3.2842e-01	2.2977e-01	0.722669	0
FRG2C	4	3.2846e-01	2.2977e-01	0.722669	0
ATAD1	4	3.2850e-01	2.2977e-01	0.722669	0
STAT6	4	3.2854e-01	2.2977e-01	0.722669	0
FOXJ3	4	3.2861e-01	2.2977e-01	0.722669	0
MUC13	4	3.2869e-01	2.2977e-01	0.722669	0
PEX19	4	3.2877e-01	2.2977e-01	0.722669	0
ASL	4	3.2881e-01	2.2977e-01	0.722669	0
MAP1B	4	3.2888e-01	2.2977e-01	0.722669	0
DSG3	4	3.2896e-01	2.2977e-01	0.722669	0
CGB2	4	3.2900e-01	2.2977e-01	0.722669	0
MIEF1	4	3.2904e-01	2.2977e-01	0.722669	0
IL21	4	3.2907e-01	2.2977e-01	0.722669	0
ZBTB49	4	3.2911e-01	2.2977e-01	0.722669	0
TSHZ3	4	3.2915e-01	2.2977e-01	0.722669	0
ATP6V1B1	4	3.2930e-01	2.2977e-01	0.722669	0
FKBP8	4	3.2934e-01	2.2977e-01	0.722669	0
AHCY	4	3.2938e-01	2.2977e-01	0.722669	0
APOBEC3G	4	3.2942e-01	2.2977e-01	0.722669	0
MRPS15	4	3.2946e-01	2.2977e-01	0.722669	0
NEK9	4	3.2950e-01	2.2977e-01	0.722669	0
FAM209A	4	3.2957e-01	2.2977e-01	0.722669	0
RCN2	4	3.2965e-01	2.3308e-01	0.731494	0
PBK	4	3.2969e-01	2.3308e-01	0.731494	0
ANKRD31	4	3.2973e-01	2.3308e-01	0.731494	0
B3GAT2	4	3.2976e-01	2.3308e-01	0.731494	0
C10orf53	4	3.2984e-01	2.3308e-01	0.731494	0
FRY	4	3.2992e-01	2.3308e-01	0.731494	0
FAM110C	4	3.3003e-01	2.3308e-01	0.731494	0
GDF5	4	3.3007e-01	2.3308e-01	0.731494	0
ANP32B	4	3.3011e-01	2.3308e-01	0.731494	0
BCL7B	4	3.3015e-01	2.3308e-01	0.731494	0
GPR137B	4	3.3022e-01	2.3308e-01	0.731494	0
RSPH9	4	3.3030e-01	2.3308e-01	0.731494	0
ITPRIPL2	4	3.3038e-01	2.3637e-01	0.735537	0
ADCK5	4	3.3042e-01	2.3637e-01	0.735537	0
QSOX1	4	3.3045e-01	2.3637e-01	0.735537	0
SLC17A6	4	3.3053e-01	2.3637e-01	0.735537	0
SERPINA6	4	3.3061e-01	2.3637e-01	0.735537	0
SCAF4	4	3.3064e-01	2.3637e-01	0.735537	0
TBC1D2B	4	3.3068e-01	2.3637e-01	0.735537	0
APOA5	4	3.3072e-01	2.3637e-01	0.735537	0
SAG	4	3.3076e-01	2.3637e-01	0.735537	0
VWDE	4	3.3084e-01	2.3637e-01	0.735537	0
DNHD1	4	3.3087e-01	2.3637e-01	0.735537	0
AVPR2	4	3.3095e-01	2.3637e-01	0.735537	0
VWA1	4	3.3103e-01	2.3637e-01	0.735537	0
SMDT1	4	3.3107e-01	2.3637e-01	0.735537	0
TVP23A	4	3.3110e-01	2.3637e-01	0.735537	0
LEF1	4	3.3118e-01	2.3637e-01	0.735537	0
DUOXA1	4	3.3122e-01	2.3637e-01	0.735537	0
KIAA1456	4	3.3126e-01	2.3637e-01	0.735537	0
DNAH17	4	3.3130e-01	2.3637e-01	0.735537	0
TGFB2	4	3.3133e-01	2.3637e-01	0.735537	0
TMEM126A	4	3.3137e-01	2.3637e-01	0.735537	0
AKT1S1	4	3.3145e-01	2.3637e-01	0.735537	0
USP17L28	4	3.3149e-01	2.3637e-01	0.735537	0
ZNF554	4	3.3152e-01	2.3637e-01	0.735537	0
ISM1	4	3.3156e-01	2.3637e-01	0.735537	0
KPRP	4	3.3160e-01	2.3637e-01	0.735537	0
CEP89	4	3.3164e-01	2.3637e-01	0.735537	0
RPRD1B	4	3.3168e-01	2.3637e-01	0.735537	0
UBR2	4	3.3175e-01	2.3637e-01	0.735537	0
SF3A2	4	3.3183e-01	2.3637e-01	0.735537	0
USP6	4	3.3191e-01	2.3637e-01	0.735537	0
LGALSL	4	3.3195e-01	2.3637e-01	0.735537	0
PFKM	4	3.3198e-01	2.3637e-01	0.735537	0
OSBPL1A	4	3.3202e-01	2.3637e-01	0.735537	0
FOXN3	4	3.3217e-01	2.3637e-01	0.735537	0
SH3BGRL3	4	3.3221e-01	2.3637e-01	0.735537	0
GABRB2	4	3.3225e-01	2.3637e-01	0.735537	0
FAM163B	4	3.3229e-01	2.3637e-01	0.735537	0
RTP2	4	3.3237e-01	2.3637e-01	0.735537	0
ZNF260	3	3.3241e-01	2.6892e-01	0.779638	0
ELFN2	4	3.3244e-01	2.3637e-01	0.735537	0
LCE1C	4	3.3248e-01	2.3637e-01	0.735537	0
FILIP1L	4	3.3252e-01	2.3637e-01	0.735537	0
KHK	4	3.3258e-01	2.3637e-01	0.735537	0
ZNF221	4	3.3271e-01	2.3637e-01	0.735537	0
NUPL2	4	3.3279e-01	2.3637e-01	0.735537	0
NUP210	4	3.3282e-01	2.3637e-01	0.735537	0
SLC45A4	4	3.3286e-01	2.3637e-01	0.735537	0
TMEM54	4	3.3290e-01	2.3637e-01	0.735537	0
FAM43B	4	3.3298e-01	2.3637e-01	0.735537	0
PMM1	4	3.3301e-01	2.3637e-01	0.735537	0
ARID3A	4	3.3305e-01	2.3637e-01	0.735537	0
DYNLT3	4	3.3317e-01	2.3637e-01	0.735537	0
ACAP2	4	3.3336e-01	2.3965e-01	0.741522	0
LOC643802	4	3.3340e-01	2.3965e-01	0.741522	0
ADGRF5	4	3.3343e-01	2.3965e-01	0.741522	0
IL24	4	3.3347e-01	2.3965e-01	0.741522	0
CIB4	4	3.3351e-01	2.3965e-01	0.741522	0
MRGPRG	4	3.3355e-01	2.3965e-01	0.741522	0
ADD1	4	3.3359e-01	2.3965e-01	0.741522	0
SCRT1	4	3.3363e-01	2.3965e-01	0.741522	0
OXSR1	4	3.3366e-01	2.3965e-01	0.741522	0
ZNF596	4	3.3370e-01	2.3965e-01	0.741522	0
PGF	4	3.3374e-01	2.3965e-01	0.741522	0
ESAM	4	3.3378e-01	2.3965e-01	0.741522	0
LRRN4	4	3.3382e-01	2.3965e-01	0.741522	0
KIAA0226L	4	3.3385e-01	2.3965e-01	0.741522	0
CDHR5	4	3.3389e-01	2.3965e-01	0.741522	0
CTSG	4	3.3401e-01	2.3965e-01	0.741522	0
GLP1R	4	3.3405e-01	2.3965e-01	0.741522	0
GAPT	4	3.3408e-01	2.3965e-01	0.741522	0
ISG15	4	3.3412e-01	2.3965e-01	0.741522	0
COPG2	4	3.3420e-01	2.3965e-01	0.741522	0
VSIG10	4	3.3424e-01	2.3965e-01	0.741522	0
PTER	4	3.3427e-01	2.3965e-01	0.741522	0
DSEL	4	3.3431e-01	2.3965e-01	0.741522	0
SLC17A4	4	3.3435e-01	2.3965e-01	0.741522	0
ZNF720	4	3.3443e-01	2.3965e-01	0.741522	0
CHN1	4	3.3450e-01	2.3965e-01	0.741522	0
CARD18	4	3.3454e-01	2.3965e-01	0.741522	0
RSC1A1	4	3.3458e-01	2.3965e-01	0.741522	0
NDUFS1	4	3.3462e-01	2.3965e-01	0.741522	0
RABEP1	4	3.3469e-01	2.3965e-01	0.741522	0
LOXL1	4	3.3473e-01	2.3965e-01	0.741522	0
ACOT7	4	3.3502e-01	2.3965e-01	0.741522	0
CD74	4	3.3502e-01	2.3965e-01	0.741522	0
UBE2S	4	3.3507e-01	2.3965e-01	0.741522	0
HLA-DOB	4	3.3515e-01	2.3965e-01	0.741522	0
ZYG11A	4	3.3523e-01	2.4286e-01	0.745677	0
RNF38	4	3.3530e-01	2.4286e-01	0.745677	0
TNR	4	3.3534e-01	2.4286e-01	0.745677	0
SPAG5	4	3.3538e-01	2.4286e-01	0.745677	0
POP5	4	3.3542e-01	2.4286e-01	0.745677	0
ZNRF1	4	3.3545e-01	2.4286e-01	0.745677	0
CHRAC1	4	3.3549e-01	2.4286e-01	0.745677	0
CECR1	4	3.3553e-01	2.4286e-01	0.745677	0
SLBP	4	3.3559e-01	2.4286e-01	0.745677	0
ATP2B3	4	3.3559e-01	2.4286e-01	0.745677	0
FRMD4A	4	3.3565e-01	2.4286e-01	0.745677	0
SBSN	4	3.3568e-01	2.4286e-01	0.745677	0
CRNN	4	3.3576e-01	2.4286e-01	0.745677	0
TMEM38A	4	3.3580e-01	2.4286e-01	0.745677	0
EP300	4	3.3584e-01	2.4286e-01	0.745677	0
SYT10	4	3.3587e-01	2.4286e-01	0.745677	0
KHSRP	4	3.3595e-01	2.4286e-01	0.745677	0
ADAM10	4	3.3599e-01	2.4286e-01	0.745677	0
CCR7	4	3.3606e-01	2.4286e-01	0.745677	0
GH2	4	3.3610e-01	2.4286e-01	0.745677	0
ENG	4	3.3614e-01	2.4286e-01	0.745677	0
NDUFA8	4	3.3623e-01	2.4286e-01	0.745677	0
MAGEA1	4	3.3623e-01	2.4286e-01	0.745677	0
SLC35D1	4	3.3637e-01	2.4286e-01	0.745677	0
LRBA	4	3.3641e-01	2.4286e-01	0.745677	0
NEURL4	4	3.3648e-01	2.4286e-01	0.745677	0
RBP4	4	3.3667e-01	2.4286e-01	0.745677	0
SIPA1	4	3.3675e-01	2.4286e-01	0.745677	0
TAS2R40	4	3.3679e-01	2.4286e-01	0.745677	0
DOK6	4	3.3682e-01	2.4286e-01	0.745677	0
ZNF621	4	3.3690e-01	2.4286e-01	0.745677	0
TXNRD3NB	4	3.3694e-01	2.4286e-01	0.745677	0
B9D1	4	3.3698e-01	2.4286e-01	0.745677	0
HHLA1	4	3.3701e-01	2.4286e-01	0.745677	0
ZFAND1	4	3.3705e-01	2.4286e-01	0.745677	0
YY2	4	3.3709e-01	2.4286e-01	0.745677	0
PAPOLG	4	3.3713e-01	2.4286e-01	0.745677	0
FAM120B	4	3.3717e-01	2.4286e-01	0.745677	0
GRIK2	4	3.3720e-01	2.4286e-01	0.745677	0
PLGRKT	4	3.3724e-01	2.4286e-01	0.745677	0
TMPRSS2	4	3.3728e-01	2.4286e-01	0.745677	0
DPPA4	4	3.3732e-01	2.4286e-01	0.745677	0
LRRC10B	4	3.3736e-01	2.4286e-01	0.745677	0
OR5V1	4	3.3739e-01	2.4286e-01	0.745677	0
C12orf54	4	3.3743e-01	2.4286e-01	0.745677	0
MX1	4	3.3747e-01	2.4286e-01	0.745677	0
ARHGAP26	4	3.3751e-01	2.4286e-01	0.745677	0
SMURF2	4	3.3755e-01	2.4286e-01	0.745677	0
C9orf172	4	3.3762e-01	2.4613e-01	0.753761	0
ADCY4	4	3.3766e-01	2.4613e-01	0.753761	0
SEC61A2	4	3.3770e-01	2.4613e-01	0.753761	0
ZNF879	4	3.3783e-01	2.4613e-01	0.753761	0
KLF12	4	3.3783e-01	2.4613e-01	0.753761	0
KIF1A	4	3.3789e-01	2.4613e-01	0.753761	0
ARL10	4	3.3793e-01	2.4613e-01	0.753761	0
KCTD15	4	3.3800e-01	2.4613e-01	0.753761	0
ZNF148	4	3.3804e-01	2.4613e-01	0.753761	0
SCN4A	4	3.3808e-01	2.4613e-01	0.753761	0
PPIB	4	3.3812e-01	2.4613e-01	0.753761	0
CDCP2	4	3.3815e-01	2.4613e-01	0.753761	0
SVEP1	4	3.3823e-01	2.4613e-01	0.753761	0
MCEE	4	3.3831e-01	2.4613e-01	0.753761	0
ZNF552	4	3.3834e-01	2.4613e-01	0.753761	0
MMEL1	4	3.3838e-01	2.4613e-01	0.753761	0
EIF1	4	3.3846e-01	2.4940e-01	0.756645	0
FYCO1	4	3.3850e-01	2.4940e-01	0.756645	0
STEAP3	4	3.3857e-01	2.4940e-01	0.756645	0
DRD1	4	3.3861e-01	2.4940e-01	0.756645	0
CSDC2	4	3.3865e-01	2.4940e-01	0.756645	0
NOTCH4	4	3.3868e-01	2.4940e-01	0.756645	0
METTL11B	4	3.3872e-01	2.4940e-01	0.756645	0
NPEPL1	4	3.3876e-01	2.4940e-01	0.756645	0
MEI4	4	3.3880e-01	2.4940e-01	0.756645	0
GLI2	4	3.3891e-01	2.4940e-01	0.756645	0
DGCR6L	4	3.3903e-01	2.4940e-01	0.756645	0
VKORC1L1	4	3.3914e-01	2.5253e-01	0.756645	0
CAPS	4	3.3918e-01	2.5253e-01	0.756645	0
C1orf189	4	3.3929e-01	2.5253e-01	0.756645	0
OR1L8	4	3.3933e-01	2.5253e-01	0.756645	0
DPP7	4	3.3937e-01	2.5253e-01	0.756645	0
PRLR	4	3.3941e-01	2.5253e-01	0.756645	0
PIK3C2G	4	3.3944e-01	2.5253e-01	0.756645	0
LDHAL6A	4	3.3948e-01	2.5253e-01	0.756645	0
MIEN1	4	3.3956e-01	2.5253e-01	0.756645	0
C3orf18	4	3.3963e-01	2.5253e-01	0.756645	0
FXYD3	4	3.3967e-01	2.5253e-01	0.756645	0
SPANXA2	4	3.3971e-01	2.5253e-01	0.756645	0
PUSL1	4	3.3982e-01	2.5253e-01	0.756645	0
ZNF732	4	3.3997e-01	2.5574e-01	0.756645	0
PPP2R2D	4	3.4001e-01	2.5574e-01	0.756645	0
PRDM14	4	3.4005e-01	2.5574e-01	0.756645	0
TRIB2	4	3.4009e-01	2.5574e-01	0.756645	0
KIAA0753	4	3.4012e-01	2.5574e-01	0.756645	0
REM2	4	3.4024e-01	2.5574e-01	0.756645	0
ALDOC	4	3.4028e-01	2.5574e-01	0.756645	0
MAT1A	4	3.4031e-01	2.5574e-01	0.756645	0
TAF1L	4	3.4035e-01	2.5574e-01	0.756645	0
TMEM132A	4	3.4039e-01	2.5574e-01	0.756645	0
ARHGAP6	4	3.4043e-01	2.5574e-01	0.756645	0
CLEC3B	4	3.4047e-01	2.5574e-01	0.756645	0
MOCS1	4	3.4050e-01	2.5574e-01	0.756645	0
LMAN2	4	3.4054e-01	2.5574e-01	0.756645	0
PCBD1	4	3.4058e-01	2.5574e-01	0.756645	0
BPGM	4	3.4062e-01	2.5574e-01	0.756645	0
ZNF800	4	3.4069e-01	2.5574e-01	0.756645	0
PABPN1L	4	3.4073e-01	2.5574e-01	0.756645	0
IFNA4	4	3.4081e-01	2.5574e-01	0.756645	0
SENP6	4	3.4092e-01	2.5574e-01	0.756645	0
PILRB	4	3.4096e-01	2.5574e-01	0.756645	0
KLK2	4	3.4100e-01	2.5574e-01	0.756645	0
DDB2	4	3.4103e-01	2.5574e-01	0.756645	0
IGF2BP1	4	3.4107e-01	2.5574e-01	0.756645	0
BECN2	4	3.4115e-01	2.5574e-01	0.756645	0
UCK2	4	3.4118e-01	2.5574e-01	0.756645	0
NCLN	4	3.4122e-01	2.5574e-01	0.756645	0
C6orf58	4	3.4126e-01	2.5574e-01	0.756645	0
ABHD17C	4	3.4130e-01	2.5574e-01	0.756645	0
KHNYN	4	3.4134e-01	2.5574e-01	0.756645	0
EBF4	4	3.4141e-01	2.5574e-01	0.756645	0
MRI1	4	3.4145e-01	2.5574e-01	0.756645	0
GPR137C	4	3.4153e-01	2.5574e-01	0.756645	0
F2RL2	4	3.4156e-01	2.5574e-01	0.756645	0
RAB25	4	3.4164e-01	2.5574e-01	0.756645	0
FRMD5	4	3.4168e-01	2.5574e-01	0.756645	0
PNLIPRP2	4	3.4171e-01	2.5574e-01	0.756645	0
TBC1D28	4	3.4175e-01	2.5574e-01	0.756645	0
TUBA3D	4	3.4187e-01	2.5574e-01	0.756645	0
ARHGEF33	4	3.4190e-01	2.5574e-01	0.756645	0
EFNB2	4	3.4194e-01	2.5574e-01	0.756645	0
C22orf23	4	3.4202e-01	2.5574e-01	0.756645	0
OR1J4	4	3.4205e-01	2.5574e-01	0.756645	0
ZNF304	4	3.4213e-01	2.5574e-01	0.756645	0
CACYBP	4	3.4224e-01	2.5574e-01	0.756645	0
ZSCAN12	4	3.4232e-01	2.5574e-01	0.756645	0
GLYATL1	4	3.4236e-01	2.5574e-01	0.756645	0
ROPN1L	4	3.4239e-01	2.5574e-01	0.756645	0
GABRR1	4	3.4243e-01	2.5574e-01	0.756645	0
OR10G7	4	3.4247e-01	2.5574e-01	0.756645	0
RAX	4	3.4251e-01	2.5574e-01	0.756645	0
TOMM20L	4	3.4255e-01	2.5574e-01	0.756645	0
SPCS1	4	3.4262e-01	2.5574e-01	0.756645	0
MS4A7	4	3.4266e-01	2.5574e-01	0.756645	0
IFT22	4	3.4273e-01	2.5574e-01	0.756645	0
C9orf173	4	3.4285e-01	2.5574e-01	0.756645	0
SKAP2	4	3.4289e-01	2.5574e-01	0.756645	0
HIST1H4J	4	3.4296e-01	2.5574e-01	0.756645	0
SPATA17	4	3.4300e-01	2.5574e-01	0.756645	0
VDAC2	4	3.4304e-01	2.5574e-01	0.756645	0
PDZRN4	4	3.4307e-01	2.5574e-01	0.756645	0
PIGW	4	3.4311e-01	2.5574e-01	0.756645	0
TRIM4	4	3.4315e-01	2.5574e-01	0.756645	0
GPR158	4	3.4319e-01	2.5574e-01	0.756645	0
NDUFAF3	4	3.4326e-01	2.5574e-01	0.756645	0
PDE5A	4	3.4330e-01	2.5574e-01	0.756645	0
NGB	4	3.4334e-01	2.5574e-01	0.756645	0
B3GALNT2	4	3.4338e-01	2.5574e-01	0.756645	0
IQCB1	4	3.4345e-01	2.5574e-01	0.756645	0
PCNX	4	3.4349e-01	2.5574e-01	0.756645	0
CYSLTR1	4	3.4356e-01	2.5574e-01	0.756645	0
PSORS1C2	4	3.4364e-01	2.5574e-01	0.756645	0
C1orf122	4	3.4368e-01	2.5574e-01	0.756645	0
DPY19L2	4	3.4372e-01	2.5574e-01	0.756645	0
B3GNT6	4	3.4379e-01	2.5574e-01	0.756645	0
PLAUR	4	3.4387e-01	2.5574e-01	0.756645	0
PPM1G	4	3.4390e-01	2.5574e-01	0.756645	0
PFDN1	4	3.4394e-01	2.5574e-01	0.756645	0
CYP46A1	4	3.4398e-01	2.5574e-01	0.756645	0
FAM217A	4	3.4402e-01	2.5574e-01	0.756645	0
ZBED3	4	3.4405e-01	2.5574e-01	0.756645	0
OR51Q1	4	3.4409e-01	2.5574e-01	0.756645	0
TSGA13	4	3.4413e-01	2.5574e-01	0.756645	0
MAP3K14	4	3.4417e-01	2.5574e-01	0.756645	0
NEFH	4	3.4421e-01	2.5574e-01	0.756645	0
TMEM192	4	3.4424e-01	2.5574e-01	0.756645	0
CDKN2D	4	3.4428e-01	2.5574e-01	0.756645	0
FGF9	4	3.4432e-01	2.5574e-01	0.756645	0
NCOA3	4	3.4436e-01	2.5574e-01	0.756645	0
ZPLD1	4	3.4439e-01	2.5574e-01	0.756645	0
LRFN5	4	3.4443e-01	2.5574e-01	0.756645	0
PRNP	4	3.4454e-01	2.5574e-01	0.756645	0
PHKA1	4	3.4458e-01	2.5574e-01	0.756645	0
NTS	4	3.4462e-01	2.5574e-01	0.756645	0
IRGQ	4	3.4473e-01	2.5574e-01	0.756645	0
CCR3	4	3.4477e-01	2.5574e-01	0.756645	0
RAB4A	4	3.4485e-01	2.5574e-01	0.756645	0
PGRMC1	4	3.4496e-01	2.5574e-01	0.756645	0
KANK3	4	3.4500e-01	2.5574e-01	0.756645	0
CFAP43	4	3.4507e-01	2.5574e-01	0.756645	0
ZNF292	4	3.4511e-01	2.5574e-01	0.756645	0
CSAD	4	3.4518e-01	2.5574e-01	0.756645	0
TRIM63	4	3.4526e-01	2.5574e-01	0.756645	0
SEMG1	4	3.4534e-01	2.5574e-01	0.756645	0
CAPN3	4	3.4541e-01	2.5574e-01	0.756645	0
BTBD7	4	3.4549e-01	2.5574e-01	0.756645	0
TMEM65	4	3.4552e-01	2.5574e-01	0.756645	0
DMD	4	3.4556e-01	2.5574e-01	0.756645	0
STAMBPL1	4	3.4560e-01	2.5574e-01	0.756645	0
PSAPL1	4	3.4564e-01	2.5574e-01	0.756645	0
KRBA2	4	3.4575e-01	2.5574e-01	0.756645	0
OR2J3	4	3.4579e-01	2.5574e-01	0.756645	0
LRRC27	4	3.4582e-01	2.5574e-01	0.756645	0
SELP	4	3.4586e-01	2.5574e-01	0.756645	0
RNF185	4	3.4598e-01	2.5574e-01	0.756645	0
NISCH	4	3.4601e-01	2.5574e-01	0.756645	0
PIK3CA	4	3.4605e-01	2.5574e-01	0.756645	0
OR4S2	4	3.4609e-01	2.5574e-01	0.756645	0
OLFM2	4	3.4613e-01	2.5574e-01	0.756645	0
GALNT13	4	3.4616e-01	2.5574e-01	0.756645	0
UST	4	3.4620e-01	2.5574e-01	0.756645	0
NPR3	4	3.4624e-01	2.5574e-01	0.756645	0
C18orf42	4	3.4628e-01	2.5574e-01	0.756645	0
TRIM13	4	3.4639e-01	2.5574e-01	0.756645	0
FAM172A	4	3.4643e-01	2.5574e-01	0.756645	0
SPEF1	4	3.4650e-01	2.5574e-01	0.756645	0
CBR1	4	3.4654e-01	2.5574e-01	0.756645	0
IFI16	4	3.4658e-01	2.5574e-01	0.756645	0
ANP32E	4	3.4661e-01	2.5574e-01	0.756645	0
PDIA2	4	3.4669e-01	2.5574e-01	0.756645	0
BLCAP	4	3.4673e-01	2.5574e-01	0.756645	0
THNSL1	4	3.4676e-01	2.5574e-01	0.756645	0
NLGN4X	4	3.4692e-01	2.5574e-01	0.756645	0
ZFYVE16	4	3.4695e-01	2.5574e-01	0.756645	0
ZNF831	4	3.4699e-01	2.5574e-01	0.756645	0
PRUNE2	4	3.4703e-01	2.5574e-01	0.756645	0
CBLB	4	3.4710e-01	2.5574e-01	0.756645	0
SLC38A2	4	3.4718e-01	2.5574e-01	0.756645	0
COPRS	4	3.4725e-01	2.5574e-01	0.756645	0
USP17L27	4	3.4729e-01	2.5574e-01	0.756645	0
RBAK	4	3.4737e-01	2.5574e-01	0.756645	0
CLDN19	4	3.4744e-01	2.5574e-01	0.756645	0
GKN2	4	3.4752e-01	2.5574e-01	0.756645	0
MTNR1A	4	3.4755e-01	2.5574e-01	0.756645	0
EID2B	4	3.4759e-01	2.5574e-01	0.756645	0
GGN	4	3.4763e-01	2.5574e-01	0.756645	0
AMER2	4	3.4767e-01	2.5574e-01	0.756645	0
ANKRD23	4	3.4770e-01	2.5574e-01	0.756645	0
CCDC160	4	3.4774e-01	2.5574e-01	0.756645	0
PLAG1	4	3.4778e-01	2.5574e-01	0.756645	0
PYCR1	4	3.4782e-01	2.5574e-01	0.756645	0
FGF14	4	3.4785e-01	2.5574e-01	0.756645	0
OR1I1	4	3.4789e-01	2.5574e-01	0.756645	0
SOS1	4	3.4793e-01	2.5574e-01	0.756645	0
SYNJ1	4	3.4797e-01	2.5574e-01	0.756645	0
CSTA	4	3.4808e-01	2.5574e-01	0.756645	0
GRAMD3	4	3.4815e-01	2.5574e-01	0.756645	0
MYF5	4	3.4819e-01	2.5574e-01	0.756645	0
TECR	4	3.4823e-01	2.5574e-01	0.756645	0
ARL17A	4	3.4827e-01	2.5574e-01	0.756645	0
PHF20	4	3.4838e-01	2.5574e-01	0.756645	0
NLK	4	3.4842e-01	2.5574e-01	0.756645	0
PLIN3	4	3.4849e-01	2.5574e-01	0.756645	0
TKTL1	4	3.4853e-01	2.5574e-01	0.756645	0
CAMK1G	4	3.4860e-01	2.5574e-01	0.756645	0
ABCB11	4	3.4864e-01	2.5574e-01	0.756645	0
STS	4	3.4868e-01	2.5574e-01	0.756645	0
SLITRK1	4	3.4872e-01	2.5574e-01	0.756645	0
MATN2	4	3.4875e-01	2.5574e-01	0.756645	0
S100A7	4	3.4879e-01	2.5574e-01	0.756645	0
EDA2R	4	3.4883e-01	2.5574e-01	0.756645	0
POC1A	4	3.4890e-01	2.5574e-01	0.756645	0
TAS2R43	4	3.4894e-01	2.5574e-01	0.756645	0
WDR87	4	3.4898e-01	2.5574e-01	0.756645	0
FAM124B	4	3.4902e-01	2.5574e-01	0.756645	0
SLC52A1	4	3.4905e-01	2.5574e-01	0.756645	0
NLRP13	4	3.4909e-01	2.5574e-01	0.756645	0
ZNF423	4	3.4917e-01	2.5574e-01	0.756645	0
NFXL1	4	3.4932e-01	2.5574e-01	0.756645	0
KIAA1671	4	3.4939e-01	2.5574e-01	0.756645	0
UBQLN3	4	3.4947e-01	2.5574e-01	0.756645	0
MUC20	4	3.4950e-01	2.5574e-01	0.756645	0
LRRC8C	4	3.4958e-01	2.5574e-01	0.756645	0
SOX14	4	3.4962e-01	2.5574e-01	0.756645	0
TMEM245	4	3.4965e-01	2.5574e-01	0.756645	0
TRIM58	4	3.4973e-01	2.5574e-01	0.756645	0
SLC25A32	4	3.4977e-01	2.5574e-01	0.756645	0
MTSS1	4	3.4980e-01	2.5574e-01	0.756645	0
S100A10	4	3.4984e-01	2.5574e-01	0.756645	0
TRDMT1	4	3.4988e-01	2.5574e-01	0.756645	0
PPP1R12A	4	3.4992e-01	2.5574e-01	0.756645	0
COL1A2	4	3.4995e-01	2.5574e-01	0.756645	0
MCCC2	4	3.5003e-01	2.5574e-01	0.756645	0
VWC2L	4	3.5007e-01	2.5574e-01	0.756645	0
CLDN22	4	3.5010e-01	2.5574e-01	0.756645	0
GAGE2B	4	3.5022e-01	2.5898e-01	0.765656	0
ELOVL2	4	3.5029e-01	2.5898e-01	0.765656	0
MRPS21	4	3.5037e-01	2.5898e-01	0.765656	0
PDZRN3	4	3.5048e-01	2.5898e-01	0.765656	0
ARMCX1	4	3.5059e-01	2.5898e-01	0.765656	0
XCL1	4	3.5066e-01	2.6224e-01	0.771336	0
DUSP6	4	3.5074e-01	2.6224e-01	0.771336	0
SPI1	4	3.5078e-01	2.6224e-01	0.771336	0
RNF208	4	3.5081e-01	2.6224e-01	0.771336	0
BBS10	4	3.5089e-01	2.6224e-01	0.771336	0
DDX3Y	4	3.5093e-01	2.6224e-01	0.771336	0
NPRL2	4	3.5100e-01	2.6224e-01	0.771336	0
MCIDAS	4	3.5108e-01	2.6224e-01	0.771336	0
TRIP13	4	3.5111e-01	2.6224e-01	0.771336	0
LNPEP	4	3.5119e-01	2.6224e-01	0.771336	0
CCDC138	4	3.5123e-01	2.6224e-01	0.771336	0
BACH2	4	3.5138e-01	2.6224e-01	0.771336	0
SLC18B1	4	3.5141e-01	2.6224e-01	0.771336	0
C15orf27	4	3.5145e-01	2.6224e-01	0.771336	0
GALNT6	4	3.5160e-01	2.6224e-01	0.771336	0
PRKAB2	4	3.5164e-01	2.6224e-01	0.771336	0
OR3A2	4	3.5171e-01	2.6224e-01	0.771336	0
MAGEC2	4	3.5175e-01	2.6224e-01	0.771336	0
TRPM4	4	3.5179e-01	2.6224e-01	0.771336	0
ABCA5	4	3.5182e-01	2.6224e-01	0.771336	0
KLHL36	4	3.5190e-01	2.6224e-01	0.771336	0
UNC13C	4	3.5194e-01	2.6224e-01	0.771336	0
B3GNT8	4	3.5197e-01	2.6224e-01	0.771336	0
GYS1	4	3.5201e-01	2.6224e-01	0.771336	0
DNTTIP2	4	3.5205e-01	2.6224e-01	0.771336	0
PAG1	3	3.5207e-01	3.0017e-01	0.797149	0
KRTAP27-1	4	3.5209e-01	2.6224e-01	0.771336	0
NKX6-3	4	3.5220e-01	2.6224e-01	0.771336	0
DHRS3	4	3.5231e-01	2.6224e-01	0.771336	0
OR51F1	4	3.5235e-01	2.6224e-01	0.771336	0
FAM156A	4	3.5238e-01	2.6224e-01	0.771336	0
ACAA1	4	3.5242e-01	2.6224e-01	0.771336	0
SUSD3	4	3.5246e-01	2.6224e-01	0.771336	0
OR52K1	4	3.5253e-01	2.6544e-01	0.777055	0
ANXA3	4	3.5261e-01	2.6544e-01	0.777055	0
LHX8	4	3.5265e-01	2.6544e-01	0.777055	0
MTFR1	4	3.5268e-01	2.6544e-01	0.777055	0
TRAF3	4	3.5279e-01	2.6544e-01	0.777055	0
DEDD2	4	3.5283e-01	2.6544e-01	0.777055	0
GPR143	4	3.5291e-01	2.6544e-01	0.777055	0
ZC3H15	4	3.5298e-01	2.6544e-01	0.777055	0
SPATC1	4	3.5302e-01	2.6544e-01	0.777055	0
RBP7	4	3.5306e-01	2.6544e-01	0.777055	0
SPATA8	4	3.5309e-01	2.6544e-01	0.777055	0
KCNK2	4	3.5313e-01	2.6544e-01	0.777055	0
ZFP1	4	3.5317e-01	2.6544e-01	0.777055	0
POU5F1B	4	3.5324e-01	2.6544e-01	0.777055	0
DNPEP	4	3.5328e-01	2.6544e-01	0.777055	0
CSTF2	4	3.5332e-01	2.6544e-01	0.777055	0
LIN7A	4	3.5339e-01	2.6544e-01	0.777055	0
CGN	4	3.5347e-01	2.6544e-01	0.777055	0
DUSP14	4	3.5354e-01	2.6544e-01	0.777055	0
TBKBP1	4	3.5365e-01	2.6544e-01	0.777055	0
C1QL3	4	3.5373e-01	2.6544e-01	0.777055	0
C1QTNF2	4	3.5376e-01	2.6544e-01	0.777055	0
PRDM8	4	3.5380e-01	2.6544e-01	0.777055	0
PRL	4	3.5388e-01	2.6544e-01	0.777055	0
CHIA	4	3.5391e-01	2.6544e-01	0.777055	0
IRF9	4	3.5399e-01	2.6544e-01	0.777055	0
SPPL2A	4	3.5403e-01	2.6544e-01	0.777055	0
RD3	4	3.5410e-01	2.6544e-01	0.777055	0
TTC28	4	3.5414e-01	2.6544e-01	0.777055	0
UBASH3A	4	3.5417e-01	2.6544e-01	0.777055	0
ABHD17A	4	3.5425e-01	2.6544e-01	0.777055	0
TMEM27	4	3.5436e-01	2.6858e-01	0.779638	0
HYLS1	4	3.5444e-01	2.6858e-01	0.779638	0
SEPTIN5	4	3.5447e-01	2.6858e-01	0.779638	0
LDHC	4	3.5451e-01	2.6858e-01	0.779638	0
BANK1	4	3.5455e-01	2.6858e-01	0.779638	0
OR4K1	4	3.5460e-01	2.6858e-01	0.779638	0
HSD11B1	4	3.5466e-01	2.6858e-01	0.779638	0
VAPA	4	3.5470e-01	2.6858e-01	0.779638	0
OLFM1	4	3.5473e-01	2.6858e-01	0.779638	0
POLD4	4	3.5477e-01	2.6858e-01	0.779638	0
FAM200A	4	3.5484e-01	2.6858e-01	0.779638	0
ICA1L	4	3.5488e-01	2.6858e-01	0.779638	0
SYTL4	4	3.5492e-01	2.6858e-01	0.779638	0
IGF2R	4	3.5496e-01	2.6858e-01	0.779638	0
KLHL26	4	3.5499e-01	2.6858e-01	0.779638	0
RP1	4	3.5503e-01	2.6858e-01	0.779638	0
OTOA	4	3.5511e-01	2.6858e-01	0.779638	0
KCNN2	4	3.5514e-01	2.6858e-01	0.779638	0
POF1B	4	3.5518e-01	2.6858e-01	0.779638	0
CDX4	4	3.5522e-01	2.6858e-01	0.779638	0
KLK11	4	3.5525e-01	2.6858e-01	0.779638	0
ZNF778	4	3.5529e-01	2.6858e-01	0.779638	0
IPMK	4	3.5533e-01	2.6858e-01	0.779638	0
C1QTNF7	4	3.5537e-01	2.6858e-01	0.779638	0
CABP7	4	3.5540e-01	2.6858e-01	0.779638	0
PALM	4	3.5544e-01	2.6858e-01	0.779638	0
DESI1	4	3.5548e-01	2.6858e-01	0.779638	0
SMIM14	4	3.5551e-01	2.6858e-01	0.779638	0
TBX20	4	3.5555e-01	2.6858e-01	0.779638	0
NXNL1	4	3.5559e-01	2.6858e-01	0.779638	0
ACSM6	4	3.5563e-01	2.6858e-01	0.779638	0
EML2	4	3.5578e-01	2.6858e-01	0.779638	0
NCOA2	4	3.5585e-01	2.6858e-01	0.779638	0
PAX2	4	3.5589e-01	2.6858e-01	0.779638	0
IL1R1	4	3.5592e-01	2.6858e-01	0.779638	0
UBE2E3	4	3.5596e-01	2.6858e-01	0.779638	0
RAVER2	4	3.5600e-01	2.6858e-01	0.779638	0
TEX15	4	3.5604e-01	2.6858e-01	0.779638	0
MCM9	4	3.5607e-01	2.6858e-01	0.779638	0
NCF1	3	3.5610e-01	3.0963e-01	0.811226	0
TXLNG	4	3.5615e-01	2.6858e-01	0.779638	0
PRSS56	4	3.5618e-01	2.6858e-01	0.779638	0
VPS9D1	4	3.5622e-01	2.6858e-01	0.779638	0
SRGAP2C	4	3.5626e-01	2.6858e-01	0.779638	0
MBD3L4	4	3.5630e-01	2.6858e-01	0.779638	0
GIMD1	4	3.5633e-01	2.6858e-01	0.779638	0
TBX22	4	3.5637e-01	2.6858e-01	0.779638	0
GRB7	4	3.5641e-01	2.6858e-01	0.779638	0
APOE	4	3.5644e-01	2.6858e-01	0.779638	0
PEX11G	4	3.5648e-01	2.6858e-01	0.779638	0
SMIM10	4	3.5652e-01	2.6858e-01	0.779638	0
RAD51AP1	4	3.5656e-01	2.6858e-01	0.779638	0
DEFB106A	4	3.5659e-01	2.6858e-01	0.779638	0
USP17L5	4	3.5667e-01	2.6858e-01	0.779638	0
CMYA5	4	3.5670e-01	2.6858e-01	0.779638	0
CORO7-PAM16	4	3.5678e-01	2.7176e-01	0.779638	0
IL7	4	3.5685e-01	2.7176e-01	0.779638	0
NDUFA4L2	4	3.5689e-01	2.7176e-01	0.779638	0
MTRNR2L7	4	3.5693e-01	2.7176e-01	0.779638	0
GALM	4	3.5696e-01	2.7176e-01	0.779638	0
GREM2	4	3.5704e-01	2.7176e-01	0.779638	0
IQCJ-SCHIP1	4	3.5711e-01	2.7176e-01	0.779638	0
SLC15A3	4	3.5715e-01	2.7176e-01	0.779638	0
TMLHE	4	3.5719e-01	2.7176e-01	0.779638	0
KRTAP1-5	4	3.5730e-01	2.7176e-01	0.779638	0
MREG	4	3.5741e-01	2.7176e-01	0.779638	0
NFU1	4	3.5745e-01	2.7176e-01	0.779638	0
OR2D3	4	3.5748e-01	2.7176e-01	0.779638	0
CRISPLD2	4	3.5752e-01	2.7176e-01	0.779638	0
ADTRP	4	3.5756e-01	2.7176e-01	0.779638	0
ZNF146	4	3.5760e-01	2.7176e-01	0.779638	0
CTH	4	3.5771e-01	2.7176e-01	0.779638	0
PTPRS	4	3.5774e-01	2.7176e-01	0.779638	0
HERC3	4	3.5778e-01	2.7176e-01	0.779638	0
SLC7A2	4	3.5782e-01	2.7176e-01	0.779638	0
TEX2	4	3.5786e-01	2.7176e-01	0.779638	0
TMEM14B	4	3.5793e-01	2.7176e-01	0.779638	0
RNFT1	4	3.5797e-01	2.7176e-01	0.779638	0
YIPF1	4	3.5804e-01	2.7176e-01	0.779638	0
MICAL1	4	3.5808e-01	2.7176e-01	0.779638	0
EHD1	4	3.5812e-01	2.7176e-01	0.779638	0
BOLA3	3	3.5821e-01	3.1195e-01	0.813420	0
ZCWPW1	4	3.5823e-01	2.7176e-01	0.779638	0
TTC34	4	3.5830e-01	2.7176e-01	0.779638	0
ARHGEF35	4	3.5834e-01	2.7176e-01	0.779638	0
LIMD2	4	3.5837e-01	2.7176e-01	0.779638	0
SERAC1	4	3.5845e-01	2.7176e-01	0.779638	0
DHRS4L1	4	3.5849e-01	2.7176e-01	0.779638	0
DFFA	4	3.5852e-01	2.7176e-01	0.779638	0
PVRL4	4	3.5860e-01	2.7176e-01	0.779638	0
PLCB2	4	3.5863e-01	2.7176e-01	0.779638	0
SAR1B	4	3.5867e-01	2.7176e-01	0.779638	0
IFNK	4	3.5871e-01	2.7176e-01	0.779638	0
BCKDHB	4	3.5875e-01	2.7176e-01	0.779638	0
EDEM2	4	3.5878e-01	2.7176e-01	0.779638	0
SLC6A7	4	3.5882e-01	2.7176e-01	0.779638	0
SYCE1	4	3.5886e-01	2.7176e-01	0.779638	0
ZBED6	4	3.5889e-01	2.7176e-01	0.779638	0
BCL7C	4	3.5893e-01	2.7176e-01	0.779638	0
L3MBTL4	4	3.5901e-01	2.7176e-01	0.779638	0
CD46	4	3.5904e-01	2.7176e-01	0.779638	0
KRTAP10-2	4	3.5908e-01	2.7176e-01	0.779638	0
VPS37D	4	3.5912e-01	2.7176e-01	0.779638	0
GRM6	4	3.5915e-01	2.7176e-01	0.779638	0
CUL7	4	3.5923e-01	2.7176e-01	0.779638	0
PCSK7	4	3.5926e-01	2.7176e-01	0.779638	0
TMEM63B	4	3.5938e-01	2.7176e-01	0.779638	0
DGKD	4	3.5941e-01	2.7176e-01	0.779638	0
LAPTM4A	4	3.5945e-01	2.7176e-01	0.779638	0
GPR4	4	3.5949e-01	2.7176e-01	0.779638	0
TMOD1	4	3.5956e-01	2.7176e-01	0.779638	0
ADAM15	4	3.5960e-01	2.7176e-01	0.779638	0
BSCL2	4	3.5963e-01	2.7176e-01	0.779638	0
SLC1A5	4	3.5967e-01	2.7176e-01	0.779638	0
ZIM3	4	3.5971e-01	2.7176e-01	0.779638	0
DDX17	4	3.5976e-01	2.7176e-01	0.779638	0
RNF2	4	3.5986e-01	2.7176e-01	0.779638	0
GAGE2A	4	3.5989e-01	2.7176e-01	0.779638	0
ZNF792	4	3.6008e-01	2.7176e-01	0.779638	0
SND1	4	3.6012e-01	2.7176e-01	0.779638	0
ZFYVE26	4	3.6015e-01	2.7176e-01	0.779638	0
ANO3	4	3.6019e-01	2.7176e-01	0.779638	0
CMA1	4	3.6023e-01	2.7176e-01	0.779638	0
STK38L	4	3.6026e-01	2.7176e-01	0.779638	0
UBE2E2	4	3.6030e-01	2.7176e-01	0.779638	0
TBC1D31	4	3.6034e-01	2.7176e-01	0.779638	0
KCNK16	4	3.6041e-01	2.7490e-01	0.779638	0
LOC100144595	4	3.6045e-01	2.7490e-01	0.779638	0
SLC2A3	4	3.6049e-01	2.7490e-01	0.779638	0
KRTAP3-3	4	3.6052e-01	2.7490e-01	0.779638	0
CXCL10	4	3.6056e-01	2.7490e-01	0.779638	0
FECH	4	3.6063e-01	2.7490e-01	0.779638	0
SPINK9	4	3.6078e-01	2.7490e-01	0.779638	0
SRSF4	4	3.6082e-01	2.7490e-01	0.779638	0
PRR23B	4	3.6086e-01	2.7490e-01	0.779638	0
RAB21	4	3.6089e-01	2.7490e-01	0.779638	0
PLA2G4A	4	3.6093e-01	2.7490e-01	0.779638	0
MDM1	4	3.6097e-01	2.7490e-01	0.779638	0
ZBTB8A	4	3.6100e-01	2.7490e-01	0.779638	0
ZDHHC4	4	3.6104e-01	2.7490e-01	0.779638	0
HNRNPUL1	4	3.6108e-01	2.7490e-01	0.779638	0
ATAT1	4	3.6111e-01	2.7490e-01	0.779638	0
SHC1	4	3.6115e-01	2.7490e-01	0.779638	0
ALMS1	4	3.6119e-01	2.7490e-01	0.779638	0
TMEM131	4	3.6123e-01	2.7490e-01	0.779638	0
CTSB	4	3.6126e-01	2.7490e-01	0.779638	0
WAS	4	3.6130e-01	2.7490e-01	0.779638	0
ADCYAP1	4	3.6137e-01	2.7490e-01	0.779638	0
FCER1G	4	3.6141e-01	2.7490e-01	0.779638	0
ULK1	4	3.6145e-01	2.7490e-01	0.779638	0
SCN10A	4	3.6148e-01	2.7490e-01	0.779638	0
IGFBP5	4	3.6152e-01	2.7490e-01	0.779638	0
ADAMTSL4	4	3.6156e-01	2.7490e-01	0.779638	0
JADE3	4	3.6163e-01	2.7490e-01	0.779638	0
LHX6	4	3.6167e-01	2.7490e-01	0.779638	0
SIRPB2	4	3.6174e-01	2.7490e-01	0.779638	0
OTOR	4	3.6178e-01	2.7490e-01	0.779638	0
SLC5A5	4	3.6185e-01	2.7490e-01	0.779638	0
TRIP6	4	3.6189e-01	2.7490e-01	0.779638	0
PRRT2	4	3.6195e-01	2.7490e-01	0.779638	0
CCR10	4	3.6204e-01	2.7490e-01	0.779638	0
SEZ6L2	4	3.6207e-01	2.7490e-01	0.779638	0
CCDC107	4	3.6211e-01	2.7490e-01	0.779638	0
AGBL1	4	3.6215e-01	2.7490e-01	0.779638	0
ZCCHC24	4	3.6219e-01	2.7490e-01	0.779638	0
MEST	4	3.6222e-01	2.7490e-01	0.779638	0
TSC22D3	4	3.6230e-01	2.7490e-01	0.779638	0
NAPSA	4	3.6233e-01	2.7490e-01	0.779638	0
DPH3P1	4	3.6244e-01	2.7490e-01	0.779638	0
TATDN3	4	3.6248e-01	2.7490e-01	0.779638	0
LTF	4	3.6252e-01	2.7490e-01	0.779638	0
LYG1	4	3.6255e-01	2.7490e-01	0.779638	0
SMIM3	4	3.6259e-01	2.7490e-01	0.779638	0
RBM7	4	3.6263e-01	2.7490e-01	0.779638	0
MLLT11	4	3.6274e-01	2.7803e-01	0.779638	0
AMY1C	4	3.6281e-01	2.7803e-01	0.779638	0
CLINT1	4	3.6285e-01	2.7803e-01	0.779638	0
IL4R	4	3.6292e-01	2.7803e-01	0.779638	0
COMTD1	4	3.6303e-01	2.7803e-01	0.779638	0
ALAD	4	3.6307e-01	2.7803e-01	0.779638	0
LRP6	4	3.6318e-01	2.7803e-01	0.779638	0
CAMSAP2	4	3.6326e-01	2.7803e-01	0.779638	0
FAT1	4	3.6329e-01	2.7803e-01	0.779638	0
SLCO2B1	4	3.6333e-01	2.7803e-01	0.779638	0
PRMT6	4	3.6344e-01	2.7803e-01	0.779638	0
DCST1	4	3.6348e-01	2.7803e-01	0.779638	0
OCRL	4	3.6351e-01	2.7803e-01	0.779638	0
KCNK17	4	3.6355e-01	2.7803e-01	0.779638	0
FOXA2	4	3.6359e-01	2.7803e-01	0.779638	0
TGM3	4	3.6362e-01	2.7803e-01	0.779638	0
PLEKHM1	4	3.6373e-01	2.7803e-01	0.779638	0
STMN1	4	3.6381e-01	2.7803e-01	0.779638	0
GLT8D2	4	3.6385e-01	2.7803e-01	0.779638	0
MYO9A	4	3.6388e-01	2.7803e-01	0.779638	0
GABRR2	4	3.6396e-01	2.7803e-01	0.779638	0
SLC22A12	4	3.6407e-01	2.7803e-01	0.779638	0
METRN	4	3.6410e-01	2.7803e-01	0.779638	0
FER	4	3.6418e-01	2.7803e-01	0.779638	0
ZC3HAV1	4	3.6421e-01	2.7803e-01	0.779638	0
UGT2B15	4	3.6429e-01	2.7803e-01	0.779638	0
ITGB7	4	3.6436e-01	2.7803e-01	0.779638	0
SNX10	4	3.6440e-01	2.7803e-01	0.779638	0
C3orf14	4	3.6443e-01	2.7803e-01	0.779638	0
NOX5	4	3.6451e-01	2.7803e-01	0.779638	0
PLA2G3	4	3.6458e-01	2.7803e-01	0.779638	0
LOC101928436	4	3.6462e-01	2.7803e-01	0.779638	0
KRTAP6-2	4	3.6466e-01	2.7803e-01	0.779638	0
WDFY4	4	3.6469e-01	2.7803e-01	0.779638	0
PKLR	4	3.6477e-01	2.7803e-01	0.779638	0
GPC4	4	3.6480e-01	2.7803e-01	0.779638	0
TMEM70	4	3.6488e-01	2.7803e-01	0.779638	0
EHBP1L1	4	3.6491e-01	2.7803e-01	0.779638	0
C17orf53	4	3.6499e-01	2.7803e-01	0.779638	0
LNP1	4	3.6502e-01	2.7803e-01	0.779638	0
SNTB1	4	3.6510e-01	2.7803e-01	0.779638	0
ST13	4	3.6513e-01	2.7803e-01	0.779638	0
TRHDE	4	3.6521e-01	2.7803e-01	0.779638	0
GMPPA	4	3.6524e-01	2.7803e-01	0.779638	0
BCORL1	4	3.6528e-01	2.7803e-01	0.779638	0
LAMTOR4	4	3.6532e-01	2.7803e-01	0.779638	0
OR2M4	4	3.6535e-01	2.7803e-01	0.779638	0
TCF7L1	4	3.6546e-01	2.7803e-01	0.779638	0
LLGL1	4	3.6550e-01	2.7803e-01	0.779638	0
PSG11	4	3.6558e-01	2.7803e-01	0.779638	0
PDE6A	4	3.6561e-01	2.7803e-01	0.779638	0
SPATA31A6	4	3.6565e-01	2.7803e-01	0.779638	0
GLUD2	4	3.6569e-01	2.7803e-01	0.779638	0
COBL	4	3.6572e-01	2.7803e-01	0.779638	0
DLX1	4	3.6576e-01	2.7803e-01	0.779638	0
CRYBB3	4	3.6580e-01	2.7803e-01	0.779638	0
PF4V1	4	3.6583e-01	2.7803e-01	0.779638	0
LBX1	4	3.6587e-01	2.7803e-01	0.779638	0
KHDRBS3	4	3.6591e-01	2.7803e-01	0.779638	0
FNBP1L	4	3.6594e-01	2.7803e-01	0.779638	0
QRFPR	4	3.6598e-01	2.7803e-01	0.779638	0
SDHAF3	4	3.6605e-01	2.7803e-01	0.779638	0
ZDHHC8	4	3.6609e-01	2.7803e-01	0.779638	0
C6orf10	4	3.6613e-01	2.7803e-01	0.779638	0
TMEM110	4	3.6616e-01	2.7803e-01	0.779638	0
KIF3C	4	3.6624e-01	2.7803e-01	0.779638	0
SLA	4	3.6627e-01	2.7803e-01	0.779638	0
RBMY1B	4	3.6631e-01	2.7803e-01	0.779638	0
STARD6	4	3.6635e-01	2.7803e-01	0.779638	0
OR10H2	4	3.6638e-01	2.7803e-01	0.779638	0
STC1	4	3.6642e-01	2.7803e-01	0.779638	0
MYEOV2	4	3.6646e-01	2.7803e-01	0.779638	0
IPCEF1	4	3.6649e-01	2.7803e-01	0.779638	0
NFKBIE	4	3.6653e-01	2.7803e-01	0.779638	0
ZNF404	4	3.6657e-01	2.7803e-01	0.779638	0
TMEM56	4	3.6660e-01	2.7803e-01	0.779638	0
C4orf32	4	3.6664e-01	2.7803e-01	0.779638	0
TMEM33	4	3.6668e-01	2.7803e-01	0.779638	0
FCGR1B	4	3.6671e-01	2.7803e-01	0.779638	0
C9orf50	4	3.6675e-01	2.7803e-01	0.779638	0
KLHL8	4	3.6682e-01	2.7803e-01	0.779638	0
SH3TC2	4	3.6686e-01	2.7803e-01	0.779638	0
POLH	4	3.6690e-01	2.7803e-01	0.779638	0
CCDC115	4	3.6701e-01	2.7803e-01	0.779638	0
ZKSCAN8	4	3.6704e-01	2.7803e-01	0.779638	0
COL20A1	4	3.6708e-01	2.7803e-01	0.779638	0
ZNF543	4	3.6715e-01	2.7803e-01	0.779638	0
TIAM2	4	3.6719e-01	2.7803e-01	0.779638	0
RAET1G	4	3.6723e-01	2.7803e-01	0.779638	0
KIF18B	4	3.6726e-01	2.7803e-01	0.779638	0
FBXO34	4	3.6734e-01	2.7803e-01	0.779638	0
STAC2	4	3.6737e-01	2.7803e-01	0.779638	0
CDC20B	4	3.6741e-01	2.7803e-01	0.779638	0
PDXDC1	4	3.6748e-01	2.7803e-01	0.779638	0
ZMYM5	4	3.6752e-01	2.7803e-01	0.779638	0
ZIC1	4	3.6756e-01	2.7803e-01	0.779638	0
CHST1	4	3.6763e-01	2.7803e-01	0.779638	0
CNPY1	4	3.6767e-01	2.7803e-01	0.779638	0
PROB1	4	3.6774e-01	2.7803e-01	0.779638	0
USH2A	4	3.6778e-01	2.7803e-01	0.779638	0
NIPSNAP3B	4	3.6782e-01	2.7803e-01	0.779638	0
IL5	4	3.6789e-01	2.7803e-01	0.779638	0
SP100	4	3.6793e-01	2.7803e-01	0.779638	0
C15orf65	4	3.6807e-01	2.7803e-01	0.779638	0
LYPD1	4	3.6811e-01	2.7803e-01	0.779638	0
OSER1	4	3.6815e-01	2.7803e-01	0.779638	0
LOC101928841	4	3.6818e-01	2.7803e-01	0.779638	0
ATN1	4	3.6826e-01	2.7803e-01	0.779638	0
CTAG2	4	3.6829e-01	2.7803e-01	0.779638	0
CIAPIN1	4	3.6833e-01	2.7803e-01	0.779638	0
BANF2	4	3.6836e-01	2.7803e-01	0.779638	0
SLC28A3	4	3.6840e-01	2.7803e-01	0.779638	0
NUDT3	4	3.6844e-01	2.7803e-01	0.779638	0
SAMD3	4	3.6847e-01	2.7803e-01	0.779638	0
AKR1C1	4	3.6855e-01	2.8120e-01	0.783935	0
ALX4	4	3.6858e-01	2.8120e-01	0.783935	0
GAS6	4	3.6866e-01	2.8120e-01	0.783935	0
UBOX5	4	3.6869e-01	2.8120e-01	0.783935	0
NR3C2	4	3.6879e-01	2.8120e-01	0.783935	0
TSACC	4	3.6884e-01	2.8120e-01	0.783935	0
MTUS2	4	3.6895e-01	2.8120e-01	0.783935	0
PIK3CD	4	3.6902e-01	2.8120e-01	0.783935	0
SLC10A3	4	3.6906e-01	2.8120e-01	0.783935	0
PANX2	4	3.6913e-01	2.8120e-01	0.783935	0
C4orf51	4	3.6917e-01	2.8120e-01	0.783935	0
ZNF18	4	3.6928e-01	2.8120e-01	0.783935	0
FBN2	3	3.6932e-01	3.3287e-01	0.838218	0
CKAP2	4	3.6935e-01	2.8120e-01	0.783935	0
CORO1B	4	3.6943e-01	2.8120e-01	0.783935	0
KLK12	4	3.6961e-01	2.8120e-01	0.783935	0
GLTPD2	4	3.6965e-01	2.8120e-01	0.783935	0
HSPA1A	4	3.6968e-01	2.8120e-01	0.783935	0
SSTR4	4	3.6972e-01	2.8120e-01	0.783935	0
WFDC1	4	3.6976e-01	2.8120e-01	0.783935	0
BCL7A	4	3.6979e-01	2.8120e-01	0.783935	0
ALK	4	3.6983e-01	2.8120e-01	0.783935	0
FGFR3	4	3.6987e-01	2.8120e-01	0.783935	0
A2M	4	3.6990e-01	2.8120e-01	0.783935	0
FGF12	4	3.6994e-01	2.8120e-01	0.783935	0
HENMT1	4	3.6998e-01	2.8120e-01	0.783935	0
PHACTR4	4	3.7001e-01	2.8120e-01	0.783935	0
BYSL	4	3.7009e-01	2.8120e-01	0.783935	0
SGSM3	4	3.7012e-01	2.8120e-01	0.783935	0
KCNS2	4	3.7016e-01	2.8120e-01	0.783935	0
CD1E	4	3.7020e-01	2.8120e-01	0.783935	0
GGT1	4	3.7023e-01	2.8120e-01	0.783935	0
HOXD10	4	3.7027e-01	2.8120e-01	0.783935	0
GK5	4	3.7031e-01	2.8120e-01	0.783935	0
INF2	4	3.7034e-01	2.8120e-01	0.783935	0
CNNM4	4	3.7038e-01	2.8120e-01	0.783935	0
VWA9	4	3.7041e-01	2.8120e-01	0.783935	0
MUSTN1	4	3.7049e-01	2.8120e-01	0.783935	0
KIAA1549L	4	3.7052e-01	2.8120e-01	0.783935	0
TNFRSF21	4	3.7056e-01	2.8120e-01	0.783935	0
CYP4B1	4	3.7060e-01	2.8120e-01	0.783935	0
MYO18B	4	3.7071e-01	2.8430e-01	0.791936	0
HES5	4	3.7078e-01	2.8430e-01	0.791936	0
BTBD1	4	3.7082e-01	2.8430e-01	0.791936	0
KCTD11	4	3.7089e-01	2.8430e-01	0.791936	0
POM121L12	4	3.7093e-01	2.8430e-01	0.791936	0
ZNF121	4	3.7104e-01	2.8735e-01	0.791936	0
LCE2D	4	3.7111e-01	2.8735e-01	0.791936	0
SERGEF	4	3.7115e-01	2.8735e-01	0.791936	0
CREB3L1	4	3.7118e-01	2.8735e-01	0.791936	0
MTTP	4	3.7122e-01	2.8735e-01	0.791936	0
FXYD1	3	3.7125e-01	3.3748e-01	0.846277	0
COBLL1	4	3.7126e-01	2.8735e-01	0.791936	0
C17orf97	4	3.7133e-01	2.8735e-01	0.791936	0
EGR4	4	3.7136e-01	2.8735e-01	0.791936	0
XKR8	4	3.7140e-01	2.8735e-01	0.791936	0
KCNH4	4	3.7147e-01	2.8735e-01	0.791936	0
CSPP1	4	3.7155e-01	2.8735e-01	0.791936	0
TMEM232	4	3.7158e-01	2.8735e-01	0.791936	0
OR6C70	4	3.7166e-01	2.8735e-01	0.791936	0
DEFB135	4	3.7173e-01	2.8735e-01	0.791936	0
PCDH9	4	3.7177e-01	2.8735e-01	0.791936	0
SRPX	4	3.7180e-01	2.8735e-01	0.791936	0
ZNF286A	4	3.7188e-01	2.8735e-01	0.791936	0
PIKFYVE	4	3.7195e-01	2.8735e-01	0.791936	0
COL13A1	4	3.7202e-01	2.8735e-01	0.791936	0
ZNF69	4	3.7206e-01	2.8735e-01	0.791936	0
PPT1	4	3.7209e-01	2.8735e-01	0.791936	0
KIRREL3	4	3.7213e-01	2.8735e-01	0.791936	0
RALY	4	3.7217e-01	2.8735e-01	0.791936	0
CCDC66	4	3.7220e-01	2.8735e-01	0.791936	0
PRR21	4	3.7231e-01	2.9037e-01	0.791936	0
MBD3L1	4	3.7239e-01	2.9037e-01	0.791936	0
ADH1A	4	3.7242e-01	2.9037e-01	0.791936	0
TMEM159	4	3.7246e-01	2.9037e-01	0.791936	0
ARHGEF26	4	3.7250e-01	2.9037e-01	0.791936	0
TYSND1	4	3.7257e-01	2.9037e-01	0.791936	0
DIAPH2	4	3.7268e-01	2.9037e-01	0.791936	0
TGM2	4	3.7275e-01	2.9037e-01	0.791936	0
KIAA0513	4	3.7286e-01	2.9037e-01	0.791936	0
PHPT1	4	3.7290e-01	2.9037e-01	0.791936	0
COA4	4	3.7301e-01	2.9037e-01	0.791936	0
PPP1R27	4	3.7308e-01	2.9037e-01	0.791936	0
CYBRD1	4	3.7312e-01	2.9037e-01	0.791936	0
CDNF	3	3.7319e-01	3.3748e-01	0.846277	0
FUS	4	3.7319e-01	2.9037e-01	0.791936	0
GSG2	4	3.7326e-01	2.9037e-01	0.791936	0
COQ7	4	3.7333e-01	2.9037e-01	0.791936	0
CHN2	4	3.7341e-01	2.9037e-01	0.791936	0
TNIP2	4	3.7344e-01	2.9037e-01	0.791936	0
LOC389602	4	3.7359e-01	2.9037e-01	0.791936	0
TNFSF14	4	3.7363e-01	2.9037e-01	0.791936	0
HIST3H2BB	4	3.7366e-01	2.9037e-01	0.791936	0
LRRC10	4	3.7373e-01	2.9037e-01	0.791936	0
MYL12A	4	3.7377e-01	2.9037e-01	0.791936	0
EIF2A	4	3.7381e-01	2.9037e-01	0.791936	0
C16orf59	4	3.7384e-01	2.9037e-01	0.791936	0
MAFK	4	3.7388e-01	2.9037e-01	0.791936	0
TFF3	4	3.7403e-01	2.9037e-01	0.791936	0
TTC12	4	3.7435e-01	2.9037e-01	0.791936	0
SHH	4	3.7439e-01	2.9037e-01	0.791936	0
GUCY2C	4	3.7443e-01	2.9037e-01	0.791936	0
TRIM43	4	3.7450e-01	2.9037e-01	0.791936	0
ZNF256	4	3.7457e-01	2.9037e-01	0.791936	0
C2CD5	4	3.7461e-01	2.9037e-01	0.791936	0
NKX3-1	4	3.7464e-01	2.9037e-01	0.791936	0
B3GNT2	4	3.7468e-01	2.9037e-01	0.791936	0
TRIM34	4	3.7472e-01	2.9037e-01	0.791936	0
ATF1	4	3.7481e-01	2.9037e-01	0.791936	0
ANKRD10	4	3.7481e-01	2.9037e-01	0.791936	0
C14orf159	4	3.7486e-01	2.9037e-01	0.791936	0
SPATS2L	4	3.7490e-01	2.9037e-01	0.791936	0
F9	4	3.7494e-01	2.9037e-01	0.791936	0
OR9I1	4	3.7501e-01	2.9037e-01	0.791936	0
C20orf27	4	3.7508e-01	2.9037e-01	0.791936	0
TMEM127	4	3.7512e-01	2.9037e-01	0.791936	0
CCDC148	4	3.7519e-01	2.9037e-01	0.791936	0
CP	4	3.7544e-01	2.9037e-01	0.791936	0
ZNF696	4	3.7548e-01	2.9037e-01	0.791936	0
NDUFB3	4	3.7552e-01	2.9037e-01	0.791936	0
CCL3	4	3.7555e-01	2.9037e-01	0.791936	0
MIOX	4	3.7563e-01	2.9037e-01	0.791936	0
IGF2BP3	4	3.7570e-01	2.9037e-01	0.791936	0
FBLN5	4	3.7574e-01	2.9037e-01	0.791936	0
TAAR9	4	3.7577e-01	2.9037e-01	0.791936	0
OR8G5	4	3.7581e-01	2.9037e-01	0.791936	0
CACNA2D2	4	3.7584e-01	2.9037e-01	0.791936	0
ATP11B	4	3.7588e-01	2.9037e-01	0.791936	0
PATZ1	4	3.7599e-01	2.9037e-01	0.791936	0
ASIC3	4	3.7603e-01	2.9037e-01	0.791936	0
TBC1D30	4	3.7606e-01	2.9037e-01	0.791936	0
MYL10	4	3.7610e-01	2.9037e-01	0.791936	0
EFR3A	4	3.7613e-01	2.9037e-01	0.791936	0
MFSD5	4	3.7621e-01	2.9037e-01	0.791936	0
CHIT1	4	3.7624e-01	2.9037e-01	0.791936	0
PADI3	4	3.7628e-01	2.9037e-01	0.791936	0
ZNF26	4	3.7632e-01	2.9037e-01	0.791936	0
PON1	3	3.7634e-01	3.3973e-01	0.851118	0
SCG2	4	3.7639e-01	2.9037e-01	0.791936	0
SEMA3F	4	3.7643e-01	2.9037e-01	0.791936	0
WDR70	4	3.7653e-01	2.9037e-01	0.791936	0
TUBG2	4	3.7657e-01	2.9037e-01	0.791936	0
RAB3D	4	3.7661e-01	2.9037e-01	0.791936	0
RBM33	4	3.7668e-01	2.9037e-01	0.791936	0
ZNF777	4	3.7675e-01	2.9037e-01	0.791936	0
PTGDR	4	3.7682e-01	2.9037e-01	0.791936	0
TESK2	4	3.7686e-01	2.9037e-01	0.791936	0
FAM69C	4	3.7697e-01	2.9037e-01	0.791936	0
C1orf216	4	3.7704e-01	2.9037e-01	0.791936	0
C1QTNF9	4	3.7711e-01	2.9037e-01	0.791936	0
ANK1	4	3.7715e-01	2.9037e-01	0.791936	0
PAGR1	4	3.7719e-01	2.9037e-01	0.791936	0
SIPA1L3	4	3.7722e-01	2.9037e-01	0.791936	0
OR52E8	4	3.7726e-01	2.9037e-01	0.791936	0
PRRT3	4	3.7730e-01	2.9037e-01	0.791936	0
ROPN1B	4	3.7733e-01	2.9037e-01	0.791936	0
ANK2	4	3.7740e-01	2.9037e-01	0.791936	0
AHSA1	4	3.7744e-01	2.9037e-01	0.791936	0
MTFP1	4	3.7751e-01	2.9037e-01	0.791936	0
FOXR2	4	3.7755e-01	2.9037e-01	0.791936	0
CT47A6	4	3.7759e-01	2.9037e-01	0.791936	0
ZBTB7C	4	3.7762e-01	2.9037e-01	0.791936	0
TMEM38B	4	3.7766e-01	2.9037e-01	0.791936	0
DDX58	3	3.7767e-01	3.4205e-01	0.852366	0
NKX2-6	4	3.7769e-01	2.9037e-01	0.791936	0
HEBP2	4	3.7777e-01	2.9037e-01	0.791936	0
CRACR2B	4	3.7780e-01	2.9037e-01	0.791936	0
MIF	4	3.7784e-01	2.9037e-01	0.791936	0
TLR5	4	3.7788e-01	2.9037e-01	0.791936	0
RAB38	4	3.7791e-01	2.9037e-01	0.791936	0
RNFT2	4	3.7795e-01	2.9037e-01	0.791936	0
PPP3R1	4	3.7802e-01	2.9037e-01	0.791936	0
ATXN7L3B	4	3.7806e-01	2.9037e-01	0.791936	0
ADAMTS14	4	3.7809e-01	2.9037e-01	0.791936	0
C20orf173	4	3.7817e-01	2.9037e-01	0.791936	0
TRIM10	4	3.7820e-01	2.9037e-01	0.791936	0
ZNF821	4	3.7824e-01	2.9037e-01	0.791936	0
LRIG3	4	3.7831e-01	2.9037e-01	0.791936	0
SYNJ2	4	3.7835e-01	2.9037e-01	0.791936	0
AQP10	4	3.7838e-01	2.9037e-01	0.791936	0
FOXN1	4	3.7842e-01	2.9037e-01	0.791936	0
C20orf197	4	3.7849e-01	2.9037e-01	0.791936	0
TRMT1L	4	3.7856e-01	2.9037e-01	0.791936	0
SCIMP	4	3.7860e-01	2.9037e-01	0.791936	0
LIN54	4	3.7864e-01	2.9037e-01	0.791936	0
AMOTL1	4	3.7867e-01	2.9037e-01	0.791936	0
PIGB	4	3.7871e-01	2.9037e-01	0.791936	0
ADAM32	4	3.7878e-01	2.9037e-01	0.791936	0
NRG1	4	3.7882e-01	2.9037e-01	0.791936	0
DPYSL4	4	3.7885e-01	2.9037e-01	0.791936	0
PLEKHG6	4	3.7889e-01	2.9037e-01	0.791936	0
ECHS1	4	3.7893e-01	2.9037e-01	0.791936	0
TM4SF20	4	3.7896e-01	2.9037e-01	0.791936	0
CYP4X1	4	3.7900e-01	2.9037e-01	0.791936	0
ALDH7A1	4	3.7907e-01	2.9037e-01	0.791936	0
MAGEE2	4	3.7914e-01	2.9037e-01	0.791936	0
PRSS1	4	3.7922e-01	2.9037e-01	0.791936	0
DEFB4A	4	3.7929e-01	2.9349e-01	0.795708	0
ADRA2C	4	3.7932e-01	2.9349e-01	0.795708	0
USP9Y	4	3.7936e-01	2.9349e-01	0.795708	0
CDYL2	4	3.7940e-01	2.9349e-01	0.795708	0
TLK1	4	3.7943e-01	2.9349e-01	0.795708	0
NEUROG1	4	3.7947e-01	2.9349e-01	0.795708	0
WWP2	4	3.7950e-01	2.9349e-01	0.795708	0
LY6G5C	4	3.7954e-01	2.9349e-01	0.795708	0
HIST1H2AD	4	3.7961e-01	2.9349e-01	0.795708	0
OSBPL6	4	3.7969e-01	2.9349e-01	0.795708	0
MPV17L	4	3.7972e-01	2.9349e-01	0.795708	0
OR10AD1	4	3.7979e-01	2.9349e-01	0.795708	0
HSPB3	4	3.7983e-01	2.9349e-01	0.795708	0
CLEC4C	4	3.7987e-01	2.9349e-01	0.795708	0
C8orf37	4	3.7994e-01	2.9349e-01	0.795708	0
THAP3	4	3.7997e-01	2.9349e-01	0.795708	0
TMC6	4	3.8001e-01	2.9349e-01	0.795708	0
NCOR1	4	3.8005e-01	2.9349e-01	0.795708	0
DEFB119	4	3.8008e-01	2.9349e-01	0.795708	0
NFKBIL1	4	3.8016e-01	2.9349e-01	0.795708	0
EVL	4	3.8023e-01	2.9349e-01	0.795708	0
PRSS50	4	3.8026e-01	2.9349e-01	0.795708	0
NR2C2	4	3.8034e-01	2.9655e-01	0.795708	0
PODNL1	4	3.8037e-01	2.9655e-01	0.795708	0
SLC25A43	4	3.8044e-01	2.9655e-01	0.795708	0
MRS2	4	3.8055e-01	2.9655e-01	0.795708	0
HSPB8	4	3.8066e-01	2.9655e-01	0.795708	0
GPC1	4	3.8073e-01	2.9655e-01	0.795708	0
PLOD1	4	3.8077e-01	2.9655e-01	0.795708	0
ECI2	4	3.8084e-01	2.9655e-01	0.795708	0
GALP	4	3.8088e-01	2.9655e-01	0.795708	0
COMMD3-BMI1	4	3.8091e-01	2.9655e-01	0.795708	0
ARHGEF39	4	3.8095e-01	2.9655e-01	0.795708	0
SIRT7	4	3.8099e-01	2.9655e-01	0.795708	0
OR51A4	4	3.8102e-01	2.9655e-01	0.795708	0
PNOC	4	3.8109e-01	2.9655e-01	0.795708	0
LAIR1	4	3.8117e-01	2.9655e-01	0.795708	0
MEF2C	4	3.8120e-01	2.9655e-01	0.795708	0
BTN3A3	4	3.8124e-01	2.9655e-01	0.795708	0
RUNDC3B	4	3.8127e-01	2.9655e-01	0.795708	0
ASAH1	4	3.8131e-01	2.9655e-01	0.795708	0
DBP	4	3.8135e-01	2.9655e-01	0.795708	0
HOMEZ	4	3.8138e-01	2.9655e-01	0.795708	0
FAM117A	4	3.8149e-01	2.9655e-01	0.795708	0
NMT2	4	3.8153e-01	2.9655e-01	0.795708	0
MMP8	4	3.8164e-01	2.9655e-01	0.795708	0
NLRP8	4	3.8167e-01	2.9655e-01	0.795708	0
SYNDIG1L	4	3.8171e-01	2.9655e-01	0.795708	0
NRD1	4	3.8174e-01	2.9655e-01	0.795708	0
AR	4	3.8182e-01	2.9655e-01	0.795708	0
BCL9	3	3.8184e-01	3.4661e-01	0.860050	0
ERI3	4	3.8185e-01	2.9655e-01	0.795708	0
LOC400736	4	3.8189e-01	2.9655e-01	0.795708	0
TRIM23	4	3.8192e-01	2.9655e-01	0.795708	0
PHLDA2	4	3.8196e-01	2.9655e-01	0.795708	0
KLHL4	4	3.8203e-01	2.9655e-01	0.795708	0
TTC32	4	3.8207e-01	2.9655e-01	0.795708	0
C20orf96	4	3.8210e-01	2.9655e-01	0.795708	0
SRCAP	4	3.8214e-01	2.9655e-01	0.795708	0
C7orf77	4	3.8218e-01	2.9655e-01	0.795708	0
CD164	4	3.8225e-01	2.9655e-01	0.795708	0
LRRC46	4	3.8232e-01	2.9655e-01	0.795708	0
PRKCDBP	4	3.8236e-01	2.9655e-01	0.795708	0
EDC4	4	3.8239e-01	2.9655e-01	0.795708	0
RYR3	4	3.8243e-01	2.9655e-01	0.795708	0
PRDM4	4	3.8246e-01	2.9655e-01	0.795708	0
PDHA2	4	3.8250e-01	2.9655e-01	0.795708	0
BAAT	4	3.8257e-01	2.9655e-01	0.795708	0
NFAM1	4	3.8261e-01	2.9655e-01	0.795708	0
RASEF	4	3.8264e-01	2.9655e-01	0.795708	0
OSR2	4	3.8268e-01	2.9655e-01	0.795708	0
TMEM52B	4	3.8272e-01	2.9655e-01	0.795708	0
FAM155B	4	3.8275e-01	2.9655e-01	0.795708	0
SNRNP70	4	3.8282e-01	2.9655e-01	0.795708	0
PLET1	4	3.8290e-01	2.9655e-01	0.795708	0
PUS7L	4	3.8293e-01	2.9655e-01	0.795708	0
UBE2J2	4	3.8297e-01	2.9655e-01	0.795708	0
MECP2	4	3.8300e-01	2.9655e-01	0.795708	0
AKNA	4	3.8308e-01	2.9655e-01	0.795708	0
NENF	4	3.8315e-01	2.9655e-01	0.795708	0
SDCCAG3	4	3.8318e-01	2.9655e-01	0.795708	0
PRDM5	4	3.8322e-01	2.9655e-01	0.795708	0
DNAJA2	4	3.8333e-01	2.9655e-01	0.795708	0
TSPAN15	4	3.8340e-01	2.9655e-01	0.795708	0
SLC9C1	4	3.8344e-01	2.9655e-01	0.795708	0
TRPM7	4	3.8362e-01	2.9958e-01	0.795708	0
ADCY5	4	3.8372e-01	2.9958e-01	0.795708	0
SLC9B2	4	3.8376e-01	2.9958e-01	0.795708	0
RNF169	4	3.8380e-01	2.9958e-01	0.795708	0
ABCG5	4	3.8387e-01	2.9958e-01	0.795708	0
KNOP1	4	3.8390e-01	2.9958e-01	0.795708	0
TPM4	4	3.8394e-01	2.9958e-01	0.795708	0
RBP1	4	3.8401e-01	2.9958e-01	0.795708	0
CST6	4	3.8405e-01	2.9958e-01	0.795708	0
CCDC83	4	3.8408e-01	2.9958e-01	0.795708	0
ZDHHC1	4	3.8416e-01	2.9958e-01	0.795708	0
PKD1L3	4	3.8419e-01	2.9958e-01	0.795708	0
LOC100996634	4	3.8423e-01	2.9958e-01	0.795708	0
GCC2	4	3.8430e-01	2.9958e-01	0.795708	0
TRIP4	4	3.8434e-01	2.9958e-01	0.795708	0
TAL2	4	3.8437e-01	2.9958e-01	0.795708	0
TMEM121	4	3.8441e-01	2.9958e-01	0.795708	0
AMOT	4	3.8448e-01	2.9958e-01	0.795708	0
CLCA2	4	3.8455e-01	2.9958e-01	0.795708	0
IFNL2	4	3.8459e-01	2.9958e-01	0.795708	0
LOC339862	4	3.8462e-01	2.9958e-01	0.795708	0
ART4	4	3.8466e-01	2.9958e-01	0.795708	0
MAGOH	4	3.8470e-01	2.9958e-01	0.795708	0
C9orf24	4	3.8473e-01	2.9958e-01	0.795708	0
SUV39H1	4	3.8477e-01	2.9958e-01	0.795708	0
NFATC3	4	3.8484e-01	2.9958e-01	0.795708	0
ADAMTS15	4	3.8488e-01	2.9958e-01	0.795708	0
TDRKH	4	3.8491e-01	2.9958e-01	0.795708	0
APOL5	4	3.8498e-01	2.9958e-01	0.795708	0
CD72	4	3.8502e-01	2.9958e-01	0.795708	0
EPS15	4	3.8505e-01	2.9958e-01	0.795708	0
MYEF2	4	3.8509e-01	2.9958e-01	0.795708	0
ICAM1	4	3.8516e-01	2.9958e-01	0.795708	0
CPT1B	4	3.8520e-01	2.9958e-01	0.795708	0
C6orf99	4	3.8523e-01	2.9958e-01	0.795708	0
DIO1	4	3.8531e-01	2.9958e-01	0.795708	0
LBX2	4	3.8534e-01	2.9958e-01	0.795708	0
FTL	4	3.8538e-01	2.9958e-01	0.795708	0
CACNB2	4	3.8545e-01	2.9958e-01	0.795708	0
PPAPDC1A	4	3.8549e-01	2.9958e-01	0.795708	0
DNMT3A	4	3.8559e-01	2.9958e-01	0.795708	0
HSPB11	4	3.8563e-01	2.9958e-01	0.795708	0
HPSE	4	3.8570e-01	2.9958e-01	0.795708	0
PLA2G5	4	3.8574e-01	2.9958e-01	0.795708	0
QSER1	4	3.8577e-01	2.9958e-01	0.795708	0
EGFLAM	4	3.8584e-01	2.9958e-01	0.795708	0
MAK	4	3.8595e-01	2.9958e-01	0.795708	0
SIDT1	4	3.8606e-01	2.9958e-01	0.795708	0
MUC5B	4	3.8610e-01	2.9958e-01	0.795708	0
RCCD1	4	3.8617e-01	2.9958e-01	0.795708	0
MYLK3	4	3.8631e-01	2.9958e-01	0.795708	0
ZNF593	4	3.8635e-01	2.9958e-01	0.795708	0
KIAA0226	4	3.8653e-01	2.9958e-01	0.795708	0
C4BPA	4	3.8656e-01	2.9958e-01	0.795708	0
RTN4R	4	3.8660e-01	2.9958e-01	0.795708	0
ERP29	4	3.8663e-01	2.9958e-01	0.795708	0
GTSF1L	4	3.8667e-01	2.9958e-01	0.795708	0
FAM192A	4	3.8671e-01	2.9958e-01	0.795708	0
DIS3L	4	3.8674e-01	2.9958e-01	0.795708	0
UQCRFS1	4	3.8678e-01	2.9958e-01	0.795708	0
COL24A1	4	3.8681e-01	2.9958e-01	0.795708	0
JPH4	4	3.8685e-01	2.9958e-01	0.795708	0
TMEM229B	4	3.8688e-01	2.9958e-01	0.795708	0
AGPAT6	4	3.8699e-01	2.9958e-01	0.795708	0
KRT75	4	3.8706e-01	2.9958e-01	0.795708	0
CBWD2	4	3.8714e-01	2.9958e-01	0.795708	0
PLK5	4	3.8717e-01	2.9958e-01	0.795708	0
LUZP4	4	3.8724e-01	2.9958e-01	0.795708	0
C15orf40	4	3.8728e-01	2.9958e-01	0.795708	0
SNX25	4	3.8731e-01	2.9958e-01	0.795708	0
OR6B2	4	3.8739e-01	2.9958e-01	0.795708	0
E2F7	4	3.8746e-01	2.9958e-01	0.795708	0
FAM199X	4	3.8753e-01	2.9958e-01	0.795708	0
COL6A5	4	3.8760e-01	2.9958e-01	0.795708	0
OR4F5	4	3.8764e-01	2.9958e-01	0.795708	0
PODXL	4	3.8767e-01	2.9958e-01	0.795708	0
BIN1	4	3.8771e-01	2.9958e-01	0.795708	0
IFNA13	4	3.8774e-01	2.9958e-01	0.795708	0
NPHS2	4	3.8782e-01	2.9958e-01	0.795708	0
SOHLH1	4	3.8789e-01	2.9958e-01	0.795708	0
TC2N	4	3.8792e-01	2.9958e-01	0.795708	0
MS4A10	4	3.8796e-01	2.9958e-01	0.795708	0
OR6C68	4	3.8821e-01	2.9958e-01	0.795708	0
RNF224	4	3.8825e-01	2.9958e-01	0.795708	0
OR8J1	4	3.8832e-01	2.9958e-01	0.795708	0
NXPH1	4	3.8839e-01	2.9958e-01	0.795708	0
MUC16	4	3.8842e-01	2.9958e-01	0.795708	0
EGFL8	4	3.8850e-01	2.9958e-01	0.795708	0
GTPBP1	4	3.8853e-01	2.9958e-01	0.795708	0
CCNDBP1	4	3.8857e-01	2.9958e-01	0.795708	0
CAB39L	4	3.8878e-01	2.9958e-01	0.795708	0
CCDC30	4	3.8882e-01	2.9958e-01	0.795708	0
RNF133	4	3.8885e-01	2.9958e-01	0.795708	0
OR52D1	4	3.8889e-01	2.9958e-01	0.795708	0
OR10J5	4	3.8892e-01	2.9958e-01	0.795708	0
ATXN2L	4	3.8900e-01	2.9958e-01	0.795708	0
NFKBIA	4	3.8903e-01	2.9958e-01	0.795708	0
XPNPEP3	4	3.8910e-01	2.9958e-01	0.795708	0
PLCB1	4	3.8921e-01	2.9958e-01	0.795708	0
CCDC150	4	3.8928e-01	2.9958e-01	0.795708	0
NT5C	4	3.8932e-01	2.9958e-01	0.795708	0
USP10	4	3.8935e-01	2.9958e-01	0.795708	0
ACTRT3	4	3.8939e-01	2.9958e-01	0.795708	0
CH17-360D5.1	4	3.8946e-01	2.9958e-01	0.795708	0
SLFN12	4	3.8953e-01	3.0262e-01	0.799112	0
IDS	4	3.8960e-01	3.0262e-01	0.799112	0
SALL2	4	3.8964e-01	3.0262e-01	0.799112	0
C14orf1	4	3.8975e-01	3.0262e-01	0.799112	0
HOGA1	4	3.8982e-01	3.0262e-01	0.799112	0
F8	4	3.8989e-01	3.0262e-01	0.799112	0
CTDSPL	4	3.9000e-01	3.0262e-01	0.799112	0
LRRC7	4	3.9003e-01	3.0262e-01	0.799112	0
TEX264	4	3.9007e-01	3.0262e-01	0.799112	0
FCGRT	4	3.9014e-01	3.0262e-01	0.799112	0
CALCOCO1	4	3.9017e-01	3.0262e-01	0.799112	0
NR2F1	4	3.9021e-01	3.0262e-01	0.799112	0
CCL8	4	3.9025e-01	3.0262e-01	0.799112	0
SAXO2	4	3.9028e-01	3.0262e-01	0.799112	0
KRCC1	4	3.9032e-01	3.0262e-01	0.799112	0
KCNG2	4	3.9035e-01	3.0262e-01	0.799112	0
MCMDC2	4	3.9039e-01	3.0262e-01	0.799112	0
PI15	4	3.9046e-01	3.0262e-01	0.799112	0
CLDN11	4	3.9050e-01	3.0262e-01	0.799112	0
C12orf75	4	3.9067e-01	3.0262e-01	0.799112	0
CCDC58	4	3.9071e-01	3.0262e-01	0.799112	0
NAF1	4	3.9075e-01	3.0262e-01	0.799112	0
ZNF277	4	3.9078e-01	3.0262e-01	0.799112	0
DEFB106B	2	3.9081e-01	4.3737e-01	0.952306	0
GPX6	4	3.9092e-01	3.0262e-01	0.799112	0
FOXS1	4	3.9107e-01	3.0262e-01	0.799112	0
ASPHD1	4	3.9110e-01	3.0262e-01	0.799112	0
DNAJC30	4	3.9117e-01	3.0262e-01	0.799112	0
SAAL1	4	3.9125e-01	3.0262e-01	0.799112	0
VIPAS39	4	3.9128e-01	3.0262e-01	0.799112	0
PLCXD2	4	3.9132e-01	3.0262e-01	0.799112	0
GYG1	4	3.9135e-01	3.0262e-01	0.799112	0
PEAK1	4	3.9142e-01	3.0262e-01	0.799112	0
STMND1	4	3.9157e-01	3.0262e-01	0.799112	0
CASC4	4	3.9164e-01	3.0262e-01	0.799112	0
LSM3	4	3.9167e-01	3.0262e-01	0.799112	0
LYZL2	4	3.9171e-01	3.0262e-01	0.799112	0
RUSC1	4	3.9174e-01	3.0262e-01	0.799112	0
TRHR	4	3.9178e-01	3.0262e-01	0.799112	0
CHODL	4	3.9185e-01	3.0262e-01	0.799112	0
ALS2	4	3.9189e-01	3.0262e-01	0.799112	0
ADO	4	3.9192e-01	3.0262e-01	0.799112	0
KDM4C	4	3.9206e-01	3.0570e-01	0.803706	0
P4HTM	4	3.9210e-01	3.0570e-01	0.803706	0
VEGFC	4	3.9214e-01	3.0570e-01	0.803706	0
TYRO3	4	3.9221e-01	3.0570e-01	0.803706	0
ZMYND11	4	3.9231e-01	3.0570e-01	0.803706	0
WFDC10A	4	3.9235e-01	3.0570e-01	0.803706	0
WDR45B	4	3.9242e-01	3.0570e-01	0.803706	0
OPLAH	4	3.9246e-01	3.0570e-01	0.803706	0
FAT2	4	3.9249e-01	3.0570e-01	0.803706	0
KRT222	4	3.9256e-01	3.0570e-01	0.803706	0
BMP1	4	3.9260e-01	3.0570e-01	0.803706	0
UVSSA	4	3.9263e-01	3.0570e-01	0.803706	0
NEU4	4	3.9267e-01	3.0570e-01	0.803706	0
PI3	4	3.9274e-01	3.0570e-01	0.803706	0
PDE6G	4	3.9278e-01	3.0570e-01	0.803706	0
DENND6A	4	3.9281e-01	3.0570e-01	0.803706	0
ITIH2	4	3.9285e-01	3.0570e-01	0.803706	0
EFCAB7	4	3.9299e-01	3.0571e-01	0.803706	0
MTMR10	4	3.9306e-01	3.0571e-01	0.803706	0
LTB4R2	4	3.9310e-01	3.0571e-01	0.803706	0
LYPLA2	4	3.9317e-01	3.0571e-01	0.803706	0
DSN1	4	3.9320e-01	3.0571e-01	0.803706	0
DAND5	4	3.9324e-01	3.0571e-01	0.803706	0
TGIF2	4	3.9327e-01	3.0571e-01	0.803706	0
FMOD	4	3.9335e-01	3.0571e-01	0.803706	0
TRIM77	4	3.9338e-01	3.0571e-01	0.803706	0
FAM198B	4	3.9345e-01	3.0571e-01	0.803706	0
LCA5L	4	3.9352e-01	3.0571e-01	0.803706	0
LIMA1	4	3.9363e-01	3.0571e-01	0.803706	0
HSPG2	4	3.9367e-01	3.0571e-01	0.803706	0
PPIAL4E	4	3.9370e-01	3.0571e-01	0.803706	0
ITGA2B	4	3.9374e-01	3.0571e-01	0.803706	0
CWF19L2	4	3.9381e-01	3.0879e-01	0.809153	0
PSTPIP1	4	3.9384e-01	3.0879e-01	0.809153	0
TACC1	4	3.9388e-01	3.0879e-01	0.809153	0
ZBED5	4	3.9391e-01	3.0879e-01	0.809153	0
RAB4B	4	3.9395e-01	3.0879e-01	0.809153	0
GIGYF1	4	3.9399e-01	3.0879e-01	0.809153	0
ZNF701	4	3.9402e-01	3.0879e-01	0.809153	0
NTRK1	4	3.9423e-01	3.0879e-01	0.809153	0
OR5B21	4	3.9427e-01	3.0879e-01	0.809153	0
NDUFA1	4	3.9430e-01	3.0879e-01	0.809153	0
SYT17	4	3.9434e-01	3.0879e-01	0.809153	0
GUCY2F	4	3.9459e-01	3.0879e-01	0.809153	0
ZNF343	4	3.9462e-01	3.0879e-01	0.809153	0
SUPT5H	4	3.9466e-01	3.0879e-01	0.809153	0
SCAF1	4	3.9470e-01	3.0879e-01	0.809153	0
SUCLA2	4	3.9473e-01	3.0879e-01	0.809153	0
CWH43	4	3.9480e-01	3.0879e-01	0.809153	0
KCNA4	4	3.9484e-01	3.0879e-01	0.809153	0
FAM109A	4	3.9487e-01	3.0879e-01	0.809153	0
C1QC	4	3.9498e-01	3.0879e-01	0.809153	0
ARID5B	4	3.9501e-01	3.0879e-01	0.809153	0
BAX	4	3.9505e-01	3.0879e-01	0.809153	0
PANK4	4	3.9509e-01	3.0879e-01	0.809153	0
TTLL2	4	3.9512e-01	3.0879e-01	0.809153	0
KRT27	4	3.9523e-01	3.1180e-01	0.813127	0
SEMA3C	4	3.9530e-01	3.1180e-01	0.813127	0
PITPNM1	4	3.9540e-01	3.1180e-01	0.813127	0
TLX3	4	3.9544e-01	3.1180e-01	0.813127	0
HR	4	3.9551e-01	3.1180e-01	0.813127	0
HOXA9	4	3.9555e-01	3.1180e-01	0.813127	0
SH2D7	4	3.9562e-01	3.1180e-01	0.813127	0
TIRAP	4	3.9576e-01	3.1180e-01	0.813127	0
PTPRT	4	3.9580e-01	3.1180e-01	0.813127	0
FAM131C	4	3.9587e-01	3.1180e-01	0.813127	0
FAM160A1	4	3.9592e-01	3.1180e-01	0.813127	0
ETFA	4	3.9592e-01	3.1180e-01	0.813127	0
TSEN2	4	3.9597e-01	3.1180e-01	0.813127	0
DAB2IP	4	3.9601e-01	3.1180e-01	0.813127	0
C9orf9	4	3.9604e-01	3.1180e-01	0.813127	0
LMO7	4	3.9608e-01	3.1180e-01	0.813127	0
MYL5	4	3.9611e-01	3.1180e-01	0.813127	0
CBFB	4	3.9615e-01	3.1180e-01	0.813127	0
NID1	4	3.9618e-01	3.1180e-01	0.813127	0
TXNRD3	4	3.9622e-01	3.1180e-01	0.813127	0
NFX1	4	3.9629e-01	3.1180e-01	0.813127	0
MRPS14	4	3.9647e-01	3.1180e-01	0.813127	0
XCL2	4	3.9650e-01	3.1180e-01	0.813127	0
GDF2	4	3.9654e-01	3.1180e-01	0.813127	0
IAPP	4	3.9665e-01	3.1180e-01	0.813127	0
PCDHGB4	4	3.9675e-01	3.1180e-01	0.813127	0
STRN	4	3.9679e-01	3.1180e-01	0.813127	0
ING5	4	3.9686e-01	3.1180e-01	0.813127	0
CEP126	4	3.9689e-01	3.1180e-01	0.813127	0
RND1	4	3.9693e-01	3.1180e-01	0.813127	0
IL36B	4	3.9696e-01	3.1180e-01	0.813127	0
STARD9	4	3.9700e-01	3.1180e-01	0.813127	0
TBCCD1	4	3.9707e-01	3.1180e-01	0.813127	0
CHIC1	4	3.9711e-01	3.1180e-01	0.813127	0
EGFR	4	3.9721e-01	3.1486e-01	0.818551	0
OR13C3	4	3.9725e-01	3.1486e-01	0.818551	0
FGF7	4	3.9728e-01	3.1486e-01	0.818551	0
DUT	4	3.9732e-01	3.1486e-01	0.818551	0
MAP7D1	4	3.9753e-01	3.1486e-01	0.818551	0
TIMM8B	4	3.9757e-01	3.1486e-01	0.818551	0
TANC2	4	3.9764e-01	3.1486e-01	0.818551	0
KCTD3	4	3.9767e-01	3.1486e-01	0.818551	0
SDHD	4	3.9771e-01	3.1486e-01	0.818551	0
ANKRD66	4	3.9774e-01	3.1486e-01	0.818551	0
ANKK1	4	3.9778e-01	3.1486e-01	0.818551	0
PDIK1L	4	3.9785e-01	3.1486e-01	0.818551	0
PPIL3	4	3.9788e-01	3.1486e-01	0.818551	0
ZNF860	4	3.9792e-01	3.1486e-01	0.818551	0
RRH	4	3.9799e-01	3.1486e-01	0.818551	0
FAM195B	4	3.9810e-01	3.1486e-01	0.818551	0
CARF	4	3.9813e-01	3.1486e-01	0.818551	0
B4GALNT3	4	3.9817e-01	3.1486e-01	0.818551	0
TRIL	4	3.9820e-01	3.1486e-01	0.818551	0
ITGA1	4	3.9824e-01	3.1486e-01	0.818551	0
HMGB3	4	3.9827e-01	3.1486e-01	0.818551	0
SCRIB	4	3.9831e-01	3.1486e-01	0.818551	0
CMIP	4	3.9848e-01	3.1780e-01	0.824386	0
OR6C75	4	3.9852e-01	3.1780e-01	0.824386	0
GPR37L1	4	3.9857e-01	3.1780e-01	0.824386	0
ZNF616	4	3.9857e-01	3.1780e-01	0.824386	0
SLC22A25	4	3.9866e-01	3.1780e-01	0.824386	0
OR6C76	4	3.9870e-01	3.1780e-01	0.824386	0
AKR1C4	4	3.9873e-01	3.1780e-01	0.824386	0
KRTAP20-1	4	3.9877e-01	3.1780e-01	0.824386	0
CDY1	4	3.9880e-01	3.1780e-01	0.824386	0
SOCS2	4	3.9884e-01	3.1780e-01	0.824386	0
SESN1	4	3.9891e-01	3.1780e-01	0.824386	0
NR4A3	4	3.9894e-01	3.1780e-01	0.824386	0
CAPZA3	4	3.9901e-01	3.1780e-01	0.824386	0
ZNF806	4	3.9905e-01	3.1780e-01	0.824386	0
ASB2	4	3.9908e-01	3.1780e-01	0.824386	0
TRIM41	4	3.9912e-01	3.1780e-01	0.824386	0
KCNA3	4	3.9933e-01	3.2084e-01	0.830809	0
OR56B1	4	3.9944e-01	3.2084e-01	0.830809	0
IL13	4	3.9954e-01	3.2084e-01	0.830809	0
ZXDC	4	3.9958e-01	3.2084e-01	0.830809	0
DGKH	4	3.9961e-01	3.2084e-01	0.830809	0
CMTR2	4	3.9965e-01	3.2084e-01	0.830809	0
LDB3	4	3.9968e-01	3.2084e-01	0.830809	0
FAM174A	4	3.9976e-01	3.2084e-01	0.830809	0
DCAF10	4	3.9979e-01	3.2084e-01	0.830809	0
PTHLH	4	3.9990e-01	3.2084e-01	0.830809	0
CST5	4	3.9993e-01	3.2084e-01	0.830809	0
SLC22A3	4	3.9997e-01	3.2084e-01	0.830809	0
C11orf40	4	4.0000e-01	3.2084e-01	0.830809	0
LURAP1L	4	4.0014e-01	3.2387e-01	0.834248	0
PAPD5	4	4.0018e-01	3.2387e-01	0.834248	0
TTLL7	4	4.0021e-01	3.2387e-01	0.834248	0
ACO1	4	4.0025e-01	3.2387e-01	0.834248	0
C15orf61	4	4.0028e-01	3.2387e-01	0.834248	0
TMTC3	4	4.0043e-01	3.2387e-01	0.834248	0
COL21A1	4	4.0046e-01	3.2387e-01	0.834248	0
CBLC	4	4.0057e-01	3.2387e-01	0.834248	0
RAB40A	4	4.0060e-01	3.2387e-01	0.834248	0
B3GALTL	4	4.0067e-01	3.2387e-01	0.834248	0
CNTNAP5	4	4.0071e-01	3.2387e-01	0.834248	0
SPTBN1	4	4.0074e-01	3.2387e-01	0.834248	0
LGI4	4	4.0078e-01	3.2387e-01	0.834248	0
ACSBG2	4	4.0081e-01	3.2387e-01	0.834248	0
CA6	4	4.0085e-01	3.2387e-01	0.834248	0
NDUFV3	4	4.0088e-01	3.2387e-01	0.834248	0
TMEM242	4	4.0099e-01	3.2681e-01	0.834248	0
ODF2	4	4.0102e-01	3.2681e-01	0.834248	0
CEP192	4	4.0113e-01	3.2681e-01	0.834248	0
PTPN2	4	4.0116e-01	3.2681e-01	0.834248	0
FOXL1	4	4.0120e-01	3.2681e-01	0.834248	0
PER1	4	4.0124e-01	3.2681e-01	0.834248	0
TF	4	4.0127e-01	3.2681e-01	0.834248	0
SLC25A28	4	4.0134e-01	3.2681e-01	0.834248	0
SHF	4	4.0138e-01	3.2681e-01	0.834248	0
MEX3B	4	4.0152e-01	3.2681e-01	0.834248	0
SLC39A4	4	4.0155e-01	3.2681e-01	0.834248	0
PGBD5	4	4.0159e-01	3.2681e-01	0.834248	0
MXI1	4	4.0169e-01	3.2681e-01	0.834248	0
GRIA4	4	4.0183e-01	3.2681e-01	0.834248	0
LST1	4	4.0187e-01	3.2681e-01	0.834248	0
ZDHHC11	4	4.0201e-01	3.2681e-01	0.834248	0
CHRNA3	4	4.0204e-01	3.2681e-01	0.834248	0
SFTPC	4	4.0208e-01	3.2681e-01	0.834248	0
LRFN4	4	4.0215e-01	3.2681e-01	0.834248	0
ERAS	4	4.0219e-01	3.2681e-01	0.834248	0
DUSP3	4	4.0222e-01	3.2681e-01	0.834248	0
OTOS	4	4.0226e-01	3.2681e-01	0.834248	0
RIMS4	4	4.0229e-01	3.2681e-01	0.834248	0
DCSTAMP	4	4.0236e-01	3.2681e-01	0.834248	0
SAMD9	4	4.0250e-01	3.2681e-01	0.834248	0
ZNF317	4	4.0254e-01	3.2681e-01	0.834248	0
INSRR	4	4.0257e-01	3.2681e-01	0.834248	0
ZNF559	4	4.0264e-01	3.2681e-01	0.834248	0
TBX4	4	4.0268e-01	3.2681e-01	0.834248	0
TCTN2	4	4.0271e-01	3.2681e-01	0.834248	0
AGTR1	4	4.0278e-01	3.2681e-01	0.834248	0
MROH5	4	4.0282e-01	3.2681e-01	0.834248	0
OR1J2	4	4.0289e-01	3.2681e-01	0.834248	0
DDX11	3	4.0291e-01	3.7997e-01	0.898691	0
FCER1A	4	4.0296e-01	3.2681e-01	0.834248	0
MDH2	4	4.0299e-01	3.2681e-01	0.834248	0
CHUK	4	4.0306e-01	3.2681e-01	0.834248	0
FAM110B	4	4.0313e-01	3.2681e-01	0.834248	0
MICU3	4	4.0317e-01	3.2681e-01	0.834248	0
H3F3B	4	4.0320e-01	3.2681e-01	0.834248	0
ZNF551	4	4.0324e-01	3.2681e-01	0.834248	0
LGALS7B	4	4.0327e-01	3.2681e-01	0.834248	0
COL8A2	4	4.0331e-01	3.2681e-01	0.834248	0
ZSCAN29	4	4.0334e-01	3.2681e-01	0.834248	0
SELV	4	4.0338e-01	3.2681e-01	0.834248	0
ZSCAN32	4	4.0356e-01	3.2681e-01	0.834248	0
ATXN7L3	4	4.0359e-01	3.2681e-01	0.834248	0
DEFB108B	4	4.0378e-01	3.2681e-01	0.834248	0
RAI14	4	4.0384e-01	3.2681e-01	0.834248	0
CLIP4	4	4.0387e-01	3.2681e-01	0.834248	0
RNF212B	4	4.0398e-01	3.2681e-01	0.834248	0
SNN	4	4.0401e-01	3.2681e-01	0.834248	0
ZDHHC9	4	4.0408e-01	3.2681e-01	0.834248	0
OR51V1	3	4.0414e-01	3.7997e-01	0.898691	0
OR11H6	4	4.0429e-01	3.2681e-01	0.834248	0
FOLR3	4	4.0436e-01	3.2681e-01	0.834248	0
CXorf65	4	4.0443e-01	3.2681e-01	0.834248	0
GNG4	4	4.0447e-01	3.2681e-01	0.834248	0
RAB11FIP1	4	4.0450e-01	3.2681e-01	0.834248	0
PRKACG	4	4.0454e-01	3.2681e-01	0.834248	0
SLC22A20	4	4.0457e-01	3.2681e-01	0.834248	0
SPDYE3	4	4.0464e-01	3.2681e-01	0.834248	0
OR4D10	4	4.0471e-01	3.2681e-01	0.834248	0
NFATC4	4	4.0475e-01	3.2681e-01	0.834248	0
IFNA1	4	4.0478e-01	3.2681e-01	0.834248	0
OR5R1	4	4.0482e-01	3.2681e-01	0.834248	0
HEMK1	4	4.0489e-01	3.2681e-01	0.834248	0
OSM	4	4.0492e-01	3.2681e-01	0.834248	0
EDN2	4	4.0499e-01	3.2681e-01	0.834248	0
ZNF85	4	4.0503e-01	3.2681e-01	0.834248	0
ZNF483	4	4.0506e-01	3.2681e-01	0.834248	0
POLR3G	4	4.0520e-01	3.2681e-01	0.834248	0
LILRA4	4	4.0524e-01	3.2681e-01	0.834248	0
MYL4	4	4.0527e-01	3.2681e-01	0.834248	0
DCAKD	4	4.0531e-01	3.2681e-01	0.834248	0
PYURF	4	4.0548e-01	3.2681e-01	0.834248	0
SYPL2	4	4.0552e-01	3.2681e-01	0.834248	0
MTL5	4	4.0561e-01	3.2681e-01	0.834248	0
SPAG4	4	4.0566e-01	3.2681e-01	0.834248	0
SNX14	4	4.0569e-01	3.2681e-01	0.834248	0
CYSRT1	4	4.0576e-01	3.2681e-01	0.834248	0
ZIC4	4	4.0580e-01	3.2681e-01	0.834248	0
BCL2L12	4	4.0587e-01	3.2681e-01	0.834248	0
MAGEA4	4	4.0594e-01	3.2681e-01	0.834248	0
KIAA1257	4	4.0599e-01	3.2681e-01	0.834248	0
GC	4	4.0599e-01	3.2681e-01	0.834248	0
TTC39B	4	4.0604e-01	3.2681e-01	0.834248	0
MROH8	4	4.0611e-01	3.2681e-01	0.834248	0
SPRR2F	4	4.0618e-01	3.2981e-01	0.834248	0
STPG2	4	4.0625e-01	3.2981e-01	0.834248	0
SPIRE1	4	4.0629e-01	3.2981e-01	0.834248	0
LRRC2	4	4.0636e-01	3.2981e-01	0.834248	0
LIN28A	4	4.0639e-01	3.2981e-01	0.834248	0
TNFRSF17	4	4.0643e-01	3.2981e-01	0.834248	0
IER2	4	4.0646e-01	3.2981e-01	0.834248	0
CCDC73	4	4.0650e-01	3.2981e-01	0.834248	0
TSTA3	4	4.0657e-01	3.2981e-01	0.834248	0
SLC39A6	4	4.0660e-01	3.2981e-01	0.834248	0
ANKRD36	4	4.0667e-01	3.2981e-01	0.834248	0
TAF11	4	4.0674e-01	3.2981e-01	0.834248	0
WDR13	4	4.0681e-01	3.2981e-01	0.834248	0
CHRNB2	4	4.0685e-01	3.2981e-01	0.834248	0
SH3TC1	4	4.0699e-01	3.2981e-01	0.834248	0
DYNLT1	4	4.0702e-01	3.2981e-01	0.834248	0
CCDC9	4	4.0706e-01	3.2981e-01	0.834248	0
MSL3	4	4.0720e-01	3.2981e-01	0.834248	0
CPA3	4	4.0734e-01	3.2981e-01	0.834248	0
FLRT3	4	4.0737e-01	3.2981e-01	0.834248	0
OR7A5	4	4.0744e-01	3.2981e-01	0.834248	0
DHX29	4	4.0748e-01	3.2981e-01	0.834248	0
ZNF571	4	4.0758e-01	3.2981e-01	0.834248	0
VSTM2B	4	4.0762e-01	3.2981e-01	0.834248	0
ZNF189	4	4.0772e-01	3.2981e-01	0.834248	0
PBX1	4	4.0776e-01	3.2981e-01	0.834248	0
SHB	4	4.0779e-01	3.2981e-01	0.834248	0
LPAR6	4	4.0783e-01	3.2981e-01	0.834248	0
TXNDC2	4	4.0793e-01	3.2981e-01	0.834248	0
WNT2	4	4.0797e-01	3.2981e-01	0.834248	0
S100G	4	4.0800e-01	3.2981e-01	0.834248	0
BPHL	4	4.0804e-01	3.2981e-01	0.834248	0
AK7	4	4.0807e-01	3.2981e-01	0.834248	0
KMO	4	4.0811e-01	3.2981e-01	0.834248	0
WDR37	4	4.0814e-01	3.2981e-01	0.834248	0
KLHL41	4	4.0835e-01	3.2981e-01	0.834248	0
LHX5	4	4.0839e-01	3.2981e-01	0.834248	0
ZFAND6	4	4.0846e-01	3.2981e-01	0.834248	0
ARX	4	4.0849e-01	3.2981e-01	0.834248	0
ACOT11	4	4.0852e-01	3.2981e-01	0.834248	0
CRYZ	4	4.0856e-01	3.2981e-01	0.834248	0
HIST1H1T	4	4.0859e-01	3.2981e-01	0.834248	0
OR6B1	4	4.0868e-01	3.2981e-01	0.834248	0
PGLYRP4	4	4.0868e-01	3.2981e-01	0.834248	0
MYO19	4	4.0873e-01	3.2981e-01	0.834248	0
CUTA	4	4.0877e-01	3.2981e-01	0.834248	0
CMTM7	4	4.0884e-01	3.2981e-01	0.834248	0
CT47A12	4	4.0887e-01	3.2981e-01	0.834248	0
HAPLN2	4	4.0908e-01	3.2981e-01	0.834248	0
CEMP1	4	4.0912e-01	3.2981e-01	0.834248	0
P2RY1	4	4.0915e-01	3.2981e-01	0.834248	0
SMARCA4	4	4.0919e-01	3.2981e-01	0.834248	0
DFNA5	4	4.0922e-01	3.2981e-01	0.834248	0
FGFBP3	4	4.0929e-01	3.2981e-01	0.834248	0
PDLIM2	4	4.0933e-01	3.2981e-01	0.834248	0
ZBTB48	4	4.0940e-01	3.2981e-01	0.834248	0
PPFIA3	4	4.0947e-01	3.2981e-01	0.834248	0
ERICH6	4	4.0950e-01	3.2981e-01	0.834248	0
PSKH2	4	4.0954e-01	3.2981e-01	0.834248	0
QRICH2	4	4.0968e-01	3.2981e-01	0.834248	0
ARNTL	4	4.0978e-01	3.2981e-01	0.834248	0
CCDC42B	4	4.0985e-01	3.2981e-01	0.834248	0
MORC3	4	4.0992e-01	3.2981e-01	0.834248	0
KCTD19	4	4.0995e-01	3.2981e-01	0.834248	0
LRRCC1	4	4.0999e-01	3.2981e-01	0.834248	0
C5AR2	4	4.1002e-01	3.2981e-01	0.834248	0
CPB1	4	4.1009e-01	3.2981e-01	0.834248	0
AP3M1	4	4.1020e-01	3.2981e-01	0.834248	0
DCN	4	4.1023e-01	3.2981e-01	0.834248	0
NFIA	4	4.1027e-01	3.2981e-01	0.834248	0
GZMH	4	4.1030e-01	3.2981e-01	0.834248	0
FAAH	3	4.1033e-01	3.8870e-01	0.912345	0
C12orf60	4	4.1034e-01	3.2981e-01	0.834248	0
EDRF1	4	4.1044e-01	3.3277e-01	0.838084	0
ARFGAP2	4	4.1048e-01	3.3277e-01	0.838084	0
OPTC	4	4.1051e-01	3.3277e-01	0.838084	0
GPR171	4	4.1062e-01	3.3277e-01	0.838084	0
TAS2R30	4	4.1065e-01	3.3277e-01	0.838084	0
FAM111B	4	4.1072e-01	3.3277e-01	0.838084	0
DEAF1	4	4.1079e-01	3.3277e-01	0.838084	0
POGK	4	4.1093e-01	3.3277e-01	0.838084	0
POFUT2	4	4.1096e-01	3.3277e-01	0.838084	0
DLAT	4	4.1100e-01	3.3277e-01	0.838084	0
PKDCC	4	4.1103e-01	3.3277e-01	0.838084	0
ZNF273	4	4.1107e-01	3.3277e-01	0.838084	0
MIR1-1HG	4	4.1110e-01	3.3277e-01	0.838084	0
ZYG11B	4	4.1121e-01	3.3277e-01	0.838084	0
CLOCK	4	4.1124e-01	3.3277e-01	0.838084	0
KDM4E	4	4.1128e-01	3.3277e-01	0.838084	0
GNPDA2	4	4.1131e-01	3.3277e-01	0.838084	0
TACC3	4	4.1145e-01	3.3277e-01	0.838084	0
NRG4	4	4.1148e-01	3.3277e-01	0.838084	0
KCTD2	4	4.1152e-01	3.3277e-01	0.838084	0
FAM19A4	4	4.1162e-01	3.3277e-01	0.838084	0
POU2F3	4	4.1166e-01	3.3277e-01	0.838084	0
SCRN1	4	4.1169e-01	3.3277e-01	0.838084	0
NRN1	4	4.1173e-01	3.3277e-01	0.838084	0
BBOX1	4	4.1183e-01	3.3277e-01	0.838084	0
ADH5	4	4.1187e-01	3.3277e-01	0.838084	0
MIDN	4	4.1190e-01	3.3277e-01	0.838084	0
MAP3K19	4	4.1194e-01	3.3277e-01	0.838084	0
CXCL1	4	4.1201e-01	3.3277e-01	0.838084	0
PEX2	4	4.1204e-01	3.3277e-01	0.838084	0
FBN1	4	4.1208e-01	3.3277e-01	0.838084	0
ATP8B1	4	4.1211e-01	3.3277e-01	0.838084	0
SERINC1	4	4.1214e-01	3.3277e-01	0.838084	0
PBX4	4	4.1221e-01	3.3570e-01	0.842025	0
COX14	4	4.1225e-01	3.3570e-01	0.842025	0
ACP5	4	4.1232e-01	3.3570e-01	0.842025	0
C7orf61	4	4.1235e-01	3.3570e-01	0.842025	0
EIF4A2	4	4.1239e-01	3.3570e-01	0.842025	0
PTF1A	4	4.1242e-01	3.3570e-01	0.842025	0
ACOX3	4	4.1249e-01	3.3570e-01	0.842025	0
LDLRAD2	4	4.1263e-01	3.3570e-01	0.842025	0
EYA1	4	4.1270e-01	3.3570e-01	0.842025	0
STARD4	4	4.1273e-01	3.3570e-01	0.842025	0
SLC23A3	4	4.1277e-01	3.3570e-01	0.842025	0
RGS9BP	4	4.1280e-01	3.3570e-01	0.842025	0
SLC38A9	4	4.1287e-01	3.3570e-01	0.842025	0
ZNF182	4	4.1291e-01	3.3570e-01	0.842025	0
SAA2-SAA4	4	4.1298e-01	3.3570e-01	0.842025	0
ABCG8	4	4.1308e-01	3.3570e-01	0.842025	0
ZNF699	4	4.1319e-01	3.3570e-01	0.842025	0
TPD52L1	4	4.1326e-01	3.3570e-01	0.842025	0
BTBD19	4	4.1329e-01	3.3570e-01	0.842025	0
EVC2	4	4.1332e-01	3.3570e-01	0.842025	0
LTC4S	4	4.1336e-01	3.3570e-01	0.842025	0
PCDHGA8	4	4.1339e-01	3.3570e-01	0.842025	0
BAG6	4	4.1343e-01	3.3570e-01	0.842025	0
NBPF20	4	4.1350e-01	3.3570e-01	0.842025	0
LRRC55	4	4.1353e-01	3.3570e-01	0.842025	0
RCOR3	4	4.1360e-01	3.3570e-01	0.842025	0
OR13G1	4	4.1364e-01	3.3570e-01	0.842025	0
TOP1	4	4.1381e-01	3.3570e-01	0.842025	0
VMO1	4	4.1388e-01	3.3570e-01	0.842025	0
ZCCHC10	4	4.1395e-01	3.3570e-01	0.842025	0
DUOX1	4	4.1402e-01	3.3860e-01	0.848732	0
RNASE7	4	4.1405e-01	3.3860e-01	0.848732	0
LCOR	4	4.1409e-01	3.3860e-01	0.848732	0
HLA-DRB5	4	4.1419e-01	3.4151e-01	0.851118	0
C3orf20	4	4.1423e-01	3.4151e-01	0.851118	0
APBA2	4	4.1429e-01	3.4151e-01	0.851118	0
GCM2	4	4.1443e-01	3.4151e-01	0.851118	0
TCAIM	4	4.1447e-01	3.4151e-01	0.851118	0
C1orf43	4	4.1450e-01	3.4151e-01	0.851118	0
CLDN3	4	4.1454e-01	3.4151e-01	0.851118	0
C7orf25	4	4.1457e-01	3.4151e-01	0.851118	0
SBK2	4	4.1461e-01	3.4151e-01	0.851118	0
ZNF705E	4	4.1464e-01	3.4151e-01	0.851118	0
GALNT2	4	4.1471e-01	3.4151e-01	0.851118	0
CD14	4	4.1474e-01	3.4151e-01	0.851118	0
THSD1	4	4.1478e-01	3.4151e-01	0.851118	0
CHMP2B	4	4.1481e-01	3.4151e-01	0.851118	0
TSPAN14	4	4.1506e-01	3.4151e-01	0.851118	0
RSG1	4	4.1511e-01	3.4151e-01	0.851118	0
PRCC	4	4.1516e-01	3.4151e-01	0.851118	0
C2orf50	4	4.1519e-01	3.4151e-01	0.851118	0
NASP	4	4.1523e-01	3.4151e-01	0.851118	0
SLC4A8	4	4.1537e-01	3.4151e-01	0.851118	0
BMP8A	4	4.1540e-01	3.4151e-01	0.851118	0
KRT34	4	4.1551e-01	3.4151e-01	0.851118	0
MEIS3	4	4.1554e-01	3.4151e-01	0.851118	0
ZNF689	4	4.1557e-01	3.4151e-01	0.851118	0
SLITRK2	4	4.1568e-01	3.4151e-01	0.851118	0
PLIN5	4	4.1582e-01	3.4151e-01	0.851118	0
NT5DC2	4	4.1585e-01	3.4151e-01	0.851118	0
SLAMF6	4	4.1589e-01	3.4151e-01	0.851118	0
CYB5R2	4	4.1592e-01	3.4151e-01	0.851118	0
CHRNA5	4	4.1596e-01	3.4151e-01	0.851118	0
FBXW8	4	4.1602e-01	3.4151e-01	0.851118	0
ASB12	4	4.1606e-01	3.4151e-01	0.851118	0
SCN8A	4	4.1609e-01	3.4151e-01	0.851118	0
CT83	4	4.1613e-01	3.4151e-01	0.851118	0
PNPLA7	4	4.1616e-01	3.4151e-01	0.851118	0
PACRG	4	4.1620e-01	3.4151e-01	0.851118	0
C1orf110	4	4.1623e-01	3.4151e-01	0.851118	0
SLC7A1	4	4.1627e-01	3.4151e-01	0.851118	0
OR14I1	4	4.1630e-01	3.4151e-01	0.851118	0
FAM86C1	4	4.1634e-01	3.4151e-01	0.851118	0
IER3	4	4.1637e-01	3.4151e-01	0.851118	0
LMF1	4	4.1644e-01	3.4151e-01	0.851118	0
ZNF607	4	4.1651e-01	3.4151e-01	0.851118	0
PRDX4	4	4.1668e-01	3.4442e-01	0.857257	0
FAM228B	4	4.1684e-01	3.4442e-01	0.857257	0
TMEM41A	4	4.1684e-01	3.4442e-01	0.857257	0
QRICH1	4	4.1689e-01	3.4442e-01	0.857257	0
CAAP1	4	4.1692e-01	3.4442e-01	0.857257	0
EFCC1	4	4.1696e-01	3.4442e-01	0.857257	0
WRAP73	4	4.1699e-01	3.4442e-01	0.857257	0
RAB32	4	4.1703e-01	3.4442e-01	0.857257	0
LBHD1	4	4.1713e-01	3.4442e-01	0.857257	0
CD302	4	4.1720e-01	3.4733e-01	0.860050	0
AASS	4	4.1723e-01	3.4733e-01	0.860050	0
TSPAN8	4	4.1727e-01	3.4733e-01	0.860050	0
LINC01272	4	4.1730e-01	3.4733e-01	0.860050	0
MMP13	4	4.1734e-01	3.4733e-01	0.860050	0
MYL12B	4	4.1741e-01	3.4733e-01	0.860050	0
COTL1	4	4.1744e-01	3.4733e-01	0.860050	0
PLEKHB1	4	4.1749e-01	3.4733e-01	0.860050	0
MST1R	4	4.1749e-01	3.4733e-01	0.860050	0
GUCY1B3	4	4.1758e-01	3.4733e-01	0.860050	0
MMP16	4	4.1765e-01	3.4733e-01	0.860050	0
CSF3	4	4.1768e-01	3.4733e-01	0.860050	0
LCA5	4	4.1782e-01	3.4733e-01	0.860050	0
FAIM2	4	4.1785e-01	3.4733e-01	0.860050	0
CEP250	4	4.1789e-01	3.4733e-01	0.860050	0
PRDM16	4	4.1792e-01	3.4733e-01	0.860050	0
OR8H1	4	4.1796e-01	3.4733e-01	0.860050	0
CA5B	4	4.1799e-01	3.4733e-01	0.860050	0
PPP1R14D	4	4.1803e-01	3.4733e-01	0.860050	0
SLC24A5	4	4.1813e-01	3.4733e-01	0.860050	0
C5orf30	4	4.1816e-01	3.4733e-01	0.860050	0
QPCTL	4	4.1827e-01	3.4733e-01	0.860050	0
CREB3	4	4.1834e-01	3.4733e-01	0.860050	0
CIR1	4	4.1837e-01	3.4733e-01	0.860050	0
IL4	4	4.1840e-01	3.4733e-01	0.860050	0
CXCL6	4	4.1844e-01	3.4733e-01	0.860050	0
BTNL9	4	4.1854e-01	3.4733e-01	0.860050	0
HEPACAM2	4	4.1861e-01	3.4733e-01	0.860050	0
PCBD2	4	4.1865e-01	3.4733e-01	0.860050	0
HLA-DPB1	4	4.1868e-01	3.4733e-01	0.860050	0
PNPLA3	4	4.1871e-01	3.4733e-01	0.860050	0
SCAP	4	4.1882e-01	3.5031e-01	0.860050	0
HECTD4	4	4.1885e-01	3.5031e-01	0.860050	0
SCARF2	4	4.1892e-01	3.5031e-01	0.860050	0
TTC13	4	4.1902e-01	3.5031e-01	0.860050	0
KCNK15	4	4.1913e-01	3.5031e-01	0.860050	0
RDM1	4	4.1916e-01	3.5031e-01	0.860050	0
DNAJB4	4	4.1927e-01	3.5031e-01	0.860050	0
TMEM39A	4	4.1933e-01	3.5031e-01	0.860050	0
GABRD	4	4.1937e-01	3.5031e-01	0.860050	0
OR10A2	4	4.1944e-01	3.5031e-01	0.860050	0
GPR39	4	4.1947e-01	3.5031e-01	0.860050	0
SH3GLB1	4	4.1951e-01	3.5031e-01	0.860050	0
GLIPR1L2	4	4.1961e-01	3.5031e-01	0.860050	0
RIMKLA	4	4.1975e-01	3.5031e-01	0.860050	0
SCRG1	4	4.1982e-01	3.5031e-01	0.860050	0
OR8K1	4	4.1985e-01	3.5031e-01	0.860050	0
ZNF366	4	4.1992e-01	3.5031e-01	0.860050	0
TCP11L1	4	4.1995e-01	3.5031e-01	0.860050	0
OR4N5	4	4.2002e-01	3.5031e-01	0.860050	0
RAB9A	4	4.2006e-01	3.5031e-01	0.860050	0
GCH1	4	4.2009e-01	3.5031e-01	0.860050	0
LGALS9C	4	4.2013e-01	3.5031e-01	0.860050	0
LRRC74B	4	4.2019e-01	3.5031e-01	0.860050	0
ZNF81	4	4.2023e-01	3.5031e-01	0.860050	0
ZNF549	4	4.2026e-01	3.5031e-01	0.860050	0
KATNB1	4	4.2030e-01	3.5031e-01	0.860050	0
HSP90AA1	4	4.2033e-01	3.5031e-01	0.860050	0
AADACL4	4	4.2037e-01	3.5031e-01	0.860050	0
ZNF446	4	4.2040e-01	3.5031e-01	0.860050	0
CCDC157	4	4.2054e-01	3.5031e-01	0.860050	0
HMGN3	4	4.2067e-01	3.5031e-01	0.860050	0
BLOC1S4	4	4.2071e-01	3.5031e-01	0.860050	0
FMO3	4	4.2074e-01	3.5031e-01	0.860050	0
C8orf76	4	4.2078e-01	3.5031e-01	0.860050	0
KISS1R	4	4.2081e-01	3.5031e-01	0.860050	0
LONRF1	4	4.2085e-01	3.5031e-01	0.860050	0
FOXD4L5	4	4.2092e-01	3.5031e-01	0.860050	0
C10orf67	4	4.2095e-01	3.5031e-01	0.860050	0
PAX4	4	4.2102e-01	3.5031e-01	0.860050	0
KIR2DL1	4	4.2112e-01	3.5031e-01	0.860050	0
GIMAP5	4	4.2116e-01	3.5031e-01	0.860050	0
CSH2	4	4.2119e-01	3.5031e-01	0.860050	0
GJB6	4	4.2126e-01	3.5031e-01	0.860050	0
TATDN2	4	4.2129e-01	3.5031e-01	0.860050	0
PPP6R3	4	4.2136e-01	3.5031e-01	0.860050	0
HMX1	4	4.2143e-01	3.5031e-01	0.860050	0
SLC5A2	4	4.2153e-01	3.5031e-01	0.860050	0
FRRS1	4	4.2157e-01	3.5031e-01	0.860050	0
PRAP1	4	4.2164e-01	3.5031e-01	0.860050	0
DNAJC27	4	4.2167e-01	3.5031e-01	0.860050	0
CSRP2	4	4.2170e-01	3.5031e-01	0.860050	0
CALML4	4	4.2174e-01	3.5031e-01	0.860050	0
FASTKD3	4	4.2188e-01	3.5031e-01	0.860050	0
FOPNL	4	4.2194e-01	3.5031e-01	0.860050	0
RILP	4	4.2198e-01	3.5031e-01	0.860050	0
DLX6	4	4.2201e-01	3.5031e-01	0.860050	0
IFIT5	4	4.2215e-01	3.5031e-01	0.860050	0
ENKD1	4	4.2218e-01	3.5031e-01	0.860050	0
EIF4H	4	4.2222e-01	3.5031e-01	0.860050	0
OR5C1	4	4.2225e-01	3.5031e-01	0.860050	0
PEX5L	4	4.2232e-01	3.5031e-01	0.860050	0
SIK3	4	4.2236e-01	3.5031e-01	0.860050	0
GLMN	4	4.2242e-01	3.5031e-01	0.860050	0
ROCK1	4	4.2246e-01	3.5031e-01	0.860050	0
PMF1	4	4.2249e-01	3.5031e-01	0.860050	0
MOCOS	4	4.2256e-01	3.5031e-01	0.860050	0
C5orf47	4	4.2260e-01	3.5031e-01	0.860050	0
PARP1	4	4.2263e-01	3.5031e-01	0.860050	0
CCSER2	4	4.2273e-01	3.5031e-01	0.860050	0
FAM180A	4	4.2277e-01	3.5031e-01	0.860050	0
LILRB5	4	4.2280e-01	3.5031e-01	0.860050	0
PTCRA	4	4.2284e-01	3.5031e-01	0.860050	0
CNTN6	4	4.2287e-01	3.5031e-01	0.860050	0
CD300C	4	4.2290e-01	3.5031e-01	0.860050	0
HIST1H2AB	4	4.2297e-01	3.5318e-01	0.865538	0
WNK2	4	4.2318e-01	3.5318e-01	0.865538	0
GLDC	4	4.2321e-01	3.5318e-01	0.865538	0
TLK2	4	4.2325e-01	3.5318e-01	0.865538	0
HRH4	4	4.2332e-01	3.5318e-01	0.865538	0
TOM1L1	4	4.2335e-01	3.5318e-01	0.865538	0
FBXW12	4	4.2338e-01	3.5318e-01	0.865538	0
FIBIN	4	4.2345e-01	3.5318e-01	0.865538	0
KRTAP10-5	4	4.2349e-01	3.5318e-01	0.865538	0
BRK1	4	4.2352e-01	3.5318e-01	0.865538	0
PPP1R14B	4	4.2355e-01	3.5318e-01	0.865538	0
PDILT	4	4.2359e-01	3.5318e-01	0.865538	0
TSPAN16	4	4.2362e-01	3.5318e-01	0.865538	0
ARL15	4	4.2369e-01	3.5318e-01	0.865538	0
TBC1D17	4	4.2379e-01	3.5602e-01	0.872386	0
OR8D4	4	4.2397e-01	3.5890e-01	0.877651	0
TIMM17A	4	4.2417e-01	3.5890e-01	0.877651	0
CLN5	4	4.2424e-01	3.5890e-01	0.877651	0
MLANA	4	4.2427e-01	3.5890e-01	0.877651	0
TMEM126B	4	4.2431e-01	3.5890e-01	0.877651	0
NUDT2	4	4.2434e-01	3.5890e-01	0.877651	0
SDHAF2	4	4.2438e-01	3.5890e-01	0.877651	0
MAGEA10	4	4.2451e-01	3.5890e-01	0.877651	0
PFDN4	4	4.2461e-01	3.5890e-01	0.877651	0
ZNF550	4	4.2465e-01	3.5890e-01	0.877651	0
DEPTOR	4	4.2475e-01	3.5890e-01	0.877651	0
SLC22A13	4	4.2482e-01	3.5890e-01	0.877651	0
OR1Q1	4	4.2485e-01	3.5890e-01	0.877651	0
NPPA	4	4.2489e-01	3.5890e-01	0.877651	0
PRSS8	4	4.2492e-01	3.5890e-01	0.877651	0
SLC16A12	4	4.2496e-01	3.5890e-01	0.877651	0
PHF1	4	4.2506e-01	3.6174e-01	0.877738	0
DIXDC1	4	4.2513e-01	3.6174e-01	0.877738	0
TPBGL	4	4.2520e-01	3.6174e-01	0.877738	0
ZNF544	4	4.2526e-01	3.6174e-01	0.877738	0
ITGB1BP2	4	4.2531e-01	3.6174e-01	0.877738	0
KCNF1	4	4.2540e-01	3.6174e-01	0.877738	0
PPAPDC1B	4	4.2543e-01	3.6174e-01	0.877738	0
DRD3	4	4.2550e-01	3.6174e-01	0.877738	0
NFE2L3	4	4.2561e-01	3.6174e-01	0.877738	0
PDGFA	4	4.2567e-01	3.6174e-01	0.877738	0
AGFG2	4	4.2571e-01	3.6174e-01	0.877738	0
ANAPC16	4	4.2578e-01	3.6174e-01	0.877738	0
RBMY1F	4	4.2581e-01	3.6174e-01	0.877738	0
CNPY4	4	4.2584e-01	3.6174e-01	0.877738	0
DENND4B	4	4.2588e-01	3.6174e-01	0.877738	0
BLOC1S1	4	4.2595e-01	3.6174e-01	0.877738	0
SOD3	4	4.2598e-01	3.6174e-01	0.877738	0
SMIM7	4	4.2605e-01	3.6174e-01	0.877738	0
FGFRL1	4	4.2608e-01	3.6174e-01	0.877738	0
APOA2	4	4.2615e-01	3.6174e-01	0.877738	0
CAT	4	4.2618e-01	3.6174e-01	0.877738	0
ELOVL6	4	4.2629e-01	3.6174e-01	0.877738	0
PSD	4	4.2632e-01	3.6174e-01	0.877738	0
AADAC	4	4.2636e-01	3.6174e-01	0.877738	0
C2CD4A	4	4.2639e-01	3.6174e-01	0.877738	0
DAZ1	4	4.2646e-01	3.6174e-01	0.877738	0
TENM2	4	4.2653e-01	3.6174e-01	0.877738	0
SLC38A8	4	4.2656e-01	3.6174e-01	0.877738	0
CLNK	4	4.2663e-01	3.6174e-01	0.877738	0
ALPP	4	4.2666e-01	3.6174e-01	0.877738	0
C4orf27	4	4.2673e-01	3.6174e-01	0.877738	0
LRFN1	4	4.2676e-01	3.6174e-01	0.877738	0
PARD6G	4	4.2680e-01	3.6174e-01	0.877738	0
LIPE	4	4.2683e-01	3.6174e-01	0.877738	0
RBMS3	4	4.2687e-01	3.6174e-01	0.877738	0
MKX	4	4.2697e-01	3.6174e-01	0.877738	0
NBR1	4	4.2700e-01	3.6174e-01	0.877738	0
HES6	4	4.2704e-01	3.6174e-01	0.877738	0
DEFA3	4	4.2707e-01	3.6174e-01	0.877738	0
GPM6A	4	4.2711e-01	3.6174e-01	0.877738	0
RIPK3	4	4.2717e-01	3.6174e-01	0.877738	0
EPS8L3	4	4.2724e-01	3.6174e-01	0.877738	0
TTC31	4	4.2741e-01	3.6174e-01	0.877738	0
ZNF444	4	4.2745e-01	3.6174e-01	0.877738	0
SNAP29	4	4.2748e-01	3.6174e-01	0.877738	0
BRMS1	4	4.2751e-01	3.6174e-01	0.877738	0
ZCCHC4	4	4.2755e-01	3.6174e-01	0.877738	0
SHISA5	4	4.2758e-01	3.6174e-01	0.877738	0
CCDC60	4	4.2762e-01	3.6174e-01	0.877738	0
RANGAP1	4	4.2765e-01	3.6174e-01	0.877738	0
PPP1R1A	4	4.2775e-01	3.6174e-01	0.877738	0
ZMYM6NB	4	4.2779e-01	3.6174e-01	0.877738	0
HNRNPF	4	4.2782e-01	3.6174e-01	0.877738	0
ENPP5	4	4.2787e-01	3.6174e-01	0.877738	0
SEMA5B	4	4.2787e-01	3.6174e-01	0.877738	0
DENND5A	4	4.2802e-01	3.6174e-01	0.877738	0
BAD	4	4.2813e-01	3.6174e-01	0.877738	0
SMCO3	4	4.2816e-01	3.6174e-01	0.877738	0
SYT1	4	4.2819e-01	3.6174e-01	0.877738	0
NDUFC1	4	4.2823e-01	3.6174e-01	0.877738	0
NCK2	4	4.2826e-01	3.6174e-01	0.877738	0
TRPC1	4	4.2833e-01	3.6459e-01	0.883729	0
SSH3	4	4.2836e-01	3.6459e-01	0.883729	0
GLIPR2	4	4.2860e-01	3.6745e-01	0.883729	0
C1orf127	4	4.2864e-01	3.6745e-01	0.883729	0
GPC3	4	4.2870e-01	3.6745e-01	0.883729	0
AACS	4	4.2877e-01	3.6745e-01	0.883729	0
FUCA1	4	4.2887e-01	3.6745e-01	0.883729	0
ZCCHC7	4	4.2894e-01	3.6745e-01	0.883729	0
CREBL2	4	4.2898e-01	3.6745e-01	0.883729	0
PRKG2	4	4.2904e-01	3.6745e-01	0.883729	0
ACVRL1	4	4.2908e-01	3.6745e-01	0.883729	0
OSBPL2	4	4.2915e-01	3.6745e-01	0.883729	0
PLA2G4C	4	4.2918e-01	3.6745e-01	0.883729	0
PPP1R12C	4	4.2925e-01	3.6745e-01	0.883729	0
C15orf26	4	4.2932e-01	3.6745e-01	0.883729	0
OR5M9	4	4.2938e-01	3.6745e-01	0.883729	0
ACAP3	4	4.2942e-01	3.6745e-01	0.883729	0
CXCL13	4	4.2945e-01	3.6745e-01	0.883729	0
UCP2	4	4.2952e-01	3.6745e-01	0.883729	0
ISYNA1	4	4.2959e-01	3.6745e-01	0.883729	0
ZNF37A	4	4.2969e-01	3.6745e-01	0.883729	0
HSD17B14	4	4.2976e-01	3.6745e-01	0.883729	0
HBEGF	4	4.2979e-01	3.6745e-01	0.883729	0
COL2A1	4	4.2983e-01	3.6745e-01	0.883729	0
CYP4F12	4	4.2986e-01	3.6745e-01	0.883729	0
POTEG	4	4.2989e-01	3.6745e-01	0.883729	0
HM13	4	4.2993e-01	3.6745e-01	0.883729	0
TEX9	4	4.3013e-01	3.6745e-01	0.883729	0
AQP3	4	4.3016e-01	3.6745e-01	0.883729	0
FGFR1OP	4	4.3020e-01	3.6745e-01	0.883729	0
GOLM1	4	4.3023e-01	3.6745e-01	0.883729	0
EIF4E1B	4	4.3027e-01	3.6745e-01	0.883729	0
BAZ2A	4	4.3030e-01	3.6745e-01	0.883729	0
DPY19L4	4	4.3033e-01	3.6745e-01	0.883729	0
TMEM74B	4	4.3050e-01	3.6745e-01	0.883729	0
MAD2L1	4	4.3054e-01	3.6745e-01	0.883729	0
HIST1H2BO	4	4.3061e-01	3.6745e-01	0.883729	0
SP9	4	4.3064e-01	3.6745e-01	0.883729	0
BGLAP	4	4.3067e-01	3.6745e-01	0.883729	0
RTN4IP1	4	4.3071e-01	3.6745e-01	0.883729	0
LINGO4	4	4.3074e-01	3.6745e-01	0.883729	0
PLCD4	4	4.3081e-01	3.6745e-01	0.883729	0
FAM65A	4	4.3088e-01	3.6745e-01	0.883729	0
PADI6	4	4.3091e-01	3.6745e-01	0.883729	0
LAMC1	4	4.3094e-01	3.6745e-01	0.883729	0
ARRB1	4	4.3098e-01	3.6745e-01	0.883729	0
LGALS9B	4	4.3101e-01	3.6745e-01	0.883729	0
KLK3	4	4.3105e-01	3.6745e-01	0.883729	0
RIMS1	4	4.3108e-01	3.6745e-01	0.883729	0
RXFP3	4	4.3116e-01	3.6745e-01	0.883729	0
HMX2	4	4.3125e-01	3.6745e-01	0.883729	0
HMGB1	4	4.3128e-01	3.6745e-01	0.883729	0
GFPT1	4	4.3132e-01	3.6745e-01	0.883729	0
OR51E1	4	4.3135e-01	3.6745e-01	0.883729	0
CGREF1	4	4.3138e-01	3.6745e-01	0.883729	0
OR10G2	4	4.3144e-01	3.6745e-01	0.883729	0
HS3ST6	4	4.3152e-01	3.6745e-01	0.883729	0
VSIG2	4	4.3159e-01	3.6745e-01	0.883729	0
GLB1L2	4	4.3162e-01	3.6745e-01	0.883729	0
DMXL1	4	4.3166e-01	3.6745e-01	0.883729	0
FAS	4	4.3172e-01	3.6745e-01	0.883729	0
KIAA1324L	4	4.3179e-01	3.6745e-01	0.883729	0
EML1	4	4.3186e-01	3.6745e-01	0.883729	0
FAM175B	4	4.3189e-01	3.6745e-01	0.883729	0
HHEX	4	4.3193e-01	3.6745e-01	0.883729	0
DOCK3	4	4.3199e-01	3.6745e-01	0.883729	0
KIAA0430	4	4.3203e-01	3.6745e-01	0.883729	0
CSF1R	4	4.3206e-01	3.6745e-01	0.883729	0
CLEC7A	4	4.3213e-01	3.6745e-01	0.883729	0
TMEM138	4	4.3216e-01	3.6745e-01	0.883729	0
ZNF793	4	4.3223e-01	3.7025e-01	0.886456	0
RGPD2	4	4.3233e-01	3.7025e-01	0.886456	0
FAM20C	3	4.3234e-01	4.1866e-01	0.944580	0
EMB	4	4.3237e-01	3.7025e-01	0.886456	0
SLC25A15	4	4.3240e-01	3.7025e-01	0.886456	0
CLEC4E	4	4.3247e-01	3.7025e-01	0.886456	0
PCDH17	4	4.3250e-01	3.7025e-01	0.886456	0
ZNF618	4	4.3254e-01	3.7025e-01	0.886456	0
VSTM5	4	4.3257e-01	3.7025e-01	0.886456	0
MAVS	4	4.3260e-01	3.7025e-01	0.886456	0
GDF15	4	4.3264e-01	3.7025e-01	0.886456	0
HS6ST1	4	4.3267e-01	3.7025e-01	0.886456	0
ALPK3	4	4.3270e-01	3.7025e-01	0.886456	0
TMEM86A	4	4.3274e-01	3.7025e-01	0.886456	0
PMEPA1	4	4.3277e-01	3.7025e-01	0.886456	0
P2RX1	4	4.3281e-01	3.7025e-01	0.886456	0
THYN1	4	4.3294e-01	3.7025e-01	0.886456	0
LRRC4	4	4.3301e-01	3.7025e-01	0.886456	0
FRA10AC1	4	4.3304e-01	3.7025e-01	0.886456	0
ARID4A	4	4.3308e-01	3.7025e-01	0.886456	0
MLKL	4	4.3311e-01	3.7025e-01	0.886456	0
MORN5	4	4.3314e-01	3.7025e-01	0.886456	0
PRDM1	4	4.3330e-01	3.7025e-01	0.886456	0
C2orf57	4	4.3338e-01	3.7025e-01	0.886456	0
MAGEB5	4	4.3341e-01	3.7025e-01	0.886456	0
MUTYH	4	4.3345e-01	3.7025e-01	0.886456	0
PDE4B	4	4.3348e-01	3.7025e-01	0.886456	0
ADPRHL2	4	4.3352e-01	3.7025e-01	0.886456	0
HDDC3	4	4.3355e-01	3.7025e-01	0.886456	0
CCDC126	4	4.3358e-01	3.7025e-01	0.886456	0
WI2-2373I1.2	4	4.3375e-01	3.7025e-01	0.886456	0
C10orf131	4	4.3382e-01	3.7025e-01	0.886456	0
NABP1	4	4.3389e-01	3.7025e-01	0.886456	0
MPC1L	4	4.3399e-01	3.7025e-01	0.886456	0
HNRNPA0	4	4.3402e-01	3.7025e-01	0.886456	0
IRS1	4	4.3406e-01	3.7025e-01	0.886456	0
KRT9	4	4.3409e-01	3.7025e-01	0.886456	0
CDKN2B	4	4.3419e-01	3.7305e-01	0.890531	0
COL4A5	4	4.3422e-01	3.7305e-01	0.890531	0
PRR5-ARHGAP8	4	4.3426e-01	3.7305e-01	0.890531	0
GIP	4	4.3429e-01	3.7305e-01	0.890531	0
CCL27	4	4.3433e-01	3.7305e-01	0.890531	0
FES	4	4.3439e-01	3.7305e-01	0.890531	0
C4orf45	4	4.3443e-01	3.7305e-01	0.890531	0
SERPINC1	4	4.3460e-01	3.7305e-01	0.890531	0
C22orf46	4	4.3463e-01	3.7305e-01	0.890531	0
FRK	4	4.3470e-01	3.7305e-01	0.890531	0
C11orf21	4	4.3473e-01	3.7305e-01	0.890531	0
DENND1C	4	4.3476e-01	3.7305e-01	0.890531	0
C11orf65	4	4.3480e-01	3.7305e-01	0.890531	0
KIAA0408	4	4.3487e-01	3.7305e-01	0.890531	0
RXFP1	4	4.3493e-01	3.7305e-01	0.890531	0
HBD	4	4.3500e-01	3.7305e-01	0.890531	0
ATP2A1	4	4.3503e-01	3.7305e-01	0.890531	0
SCGB3A1	4	4.3507e-01	3.7305e-01	0.890531	0
PLXNA1	4	4.3510e-01	3.7305e-01	0.890531	0
OR9G4	4	4.3520e-01	3.7305e-01	0.890531	0
OR4F6	4	4.3524e-01	3.7305e-01	0.890531	0
CBX8	4	4.3527e-01	3.7305e-01	0.890531	0
CYP11B2	4	4.3534e-01	3.7305e-01	0.890531	0
ZBTB20	4	4.3544e-01	3.7582e-01	0.890531	0
ASPSCR1	4	4.3547e-01	3.7582e-01	0.890531	0
GNAI3	4	4.3551e-01	3.7582e-01	0.890531	0
LITAF	4	4.3584e-01	3.7582e-01	0.890531	0
PRSS38	4	4.3591e-01	3.7582e-01	0.890531	0
C7orf69	4	4.3594e-01	3.7582e-01	0.890531	0
CCDC140	4	4.3598e-01	3.7582e-01	0.890531	0
NDUFA13	4	4.3604e-01	3.7582e-01	0.890531	0
EDNRB	4	4.3618e-01	3.7582e-01	0.890531	0
IL1RN	4	4.3621e-01	3.7582e-01	0.890531	0
CPNE1	4	4.3625e-01	3.7582e-01	0.890531	0
MAST4	4	4.3631e-01	3.7582e-01	0.890531	0
SCGB1D4	4	4.3635e-01	3.7582e-01	0.890531	0
FAM132B	4	4.3641e-01	3.7582e-01	0.890531	0
VPS51	4	4.3645e-01	3.7582e-01	0.890531	0
ZNF641	4	4.3648e-01	3.7582e-01	0.890531	0
ADCY6	4	4.3658e-01	3.7582e-01	0.890531	0
MRAP2	4	4.3662e-01	3.7582e-01	0.890531	0
TNS4	4	4.3672e-01	3.7582e-01	0.890531	0
EXOG	4	4.3682e-01	3.7582e-01	0.890531	0
OR2A7	4	4.3685e-01	3.7582e-01	0.890531	0
XKRY2	4	4.3692e-01	3.7582e-01	0.890531	0
SSBP2	4	4.3699e-01	3.7582e-01	0.890531	0
LGALS4	4	4.3709e-01	3.7582e-01	0.890531	0
OR1L1	4	4.3712e-01	3.7582e-01	0.890531	0
ZNF316	4	4.3715e-01	3.7582e-01	0.890531	0
CDC42SE2	4	4.3719e-01	3.7582e-01	0.890531	0
TGM5	4	4.3722e-01	3.7582e-01	0.890531	0
OR52N4	4	4.3739e-01	3.7582e-01	0.890531	0
AAAS	4	4.3742e-01	3.7582e-01	0.890531	0
MMD	4	4.3752e-01	3.7582e-01	0.890531	0
OSBP	4	4.3759e-01	3.7582e-01	0.890531	0
FAM171A1	4	4.3762e-01	3.7582e-01	0.890531	0
TGIF2LY	4	4.3773e-01	3.7582e-01	0.890531	0
ATP2B2	4	4.3783e-01	3.7582e-01	0.890531	0
MAGEB10	4	4.3789e-01	3.7582e-01	0.890531	0
CREBBP	4	4.3793e-01	3.7582e-01	0.890531	0
GLIPR1L1	4	4.3796e-01	3.7582e-01	0.890531	0
UGT1A10	4	4.3799e-01	3.7582e-01	0.890531	0
UGT3A2	4	4.3803e-01	3.7582e-01	0.890531	0
SPTBN2	4	4.3806e-01	3.7582e-01	0.890531	0
RHOXF2	4	4.3809e-01	3.7582e-01	0.890531	0
ALKBH4	4	4.3816e-01	3.7582e-01	0.890531	0
SLC26A6	4	4.3820e-01	3.7582e-01	0.890531	0
CD209	4	4.3823e-01	3.7582e-01	0.890531	0
KIAA1045	4	4.3826e-01	3.7582e-01	0.890531	0
DCBLD1	4	4.3830e-01	3.7582e-01	0.890531	0
SDF4	4	4.3833e-01	3.7582e-01	0.890531	0
TP53	4	4.3836e-01	3.7582e-01	0.890531	0
EPHB6	4	4.3843e-01	3.7582e-01	0.890531	0
ARR3	4	4.3850e-01	3.7582e-01	0.890531	0
FAM209B	4	4.3853e-01	3.7582e-01	0.890531	0
NHLRC3	4	4.3863e-01	3.7582e-01	0.890531	0
FGG	4	4.3867e-01	3.7582e-01	0.890531	0
NELL1	4	4.3887e-01	3.7582e-01	0.890531	0
DEFA1	4	4.3890e-01	3.7582e-01	0.890531	0
ZNF236	4	4.3893e-01	3.7582e-01	0.890531	0
PPM1J	4	4.3900e-01	3.7582e-01	0.890531	0
GLIS3	4	4.3903e-01	3.7582e-01	0.890531	0
CACNG5	4	4.3913e-01	3.7582e-01	0.890531	0
MIER2	4	4.3924e-01	3.7869e-01	0.895890	0
PLEKHA1	4	4.3927e-01	3.7869e-01	0.895890	0
NTHL1	4	4.3930e-01	3.7869e-01	0.895890	0
OAS1	4	4.3944e-01	3.7869e-01	0.895890	0
DGCR8	4	4.3950e-01	3.7869e-01	0.895890	0
PAGE5	4	4.3954e-01	3.7869e-01	0.895890	0
PCGF2	4	4.3957e-01	3.7869e-01	0.895890	0
RARB	4	4.3960e-01	3.7869e-01	0.895890	0
SNX18	4	4.3964e-01	3.7869e-01	0.895890	0
CFAP74	4	4.3970e-01	3.7869e-01	0.895890	0
PTGFR	4	4.3977e-01	3.7869e-01	0.895890	0
SCN7A	4	4.3980e-01	3.7869e-01	0.895890	0
SSX4	4	4.3984e-01	3.7869e-01	0.895890	0
LAMB2	4	4.4001e-01	3.8147e-01	0.902027	0
LXN	4	4.4004e-01	3.8147e-01	0.902027	0
UBE2D1	4	4.4011e-01	3.8429e-01	0.905321	0
MYDGF	4	4.4021e-01	3.8429e-01	0.905321	0
SLC4A11	4	4.4031e-01	3.8429e-01	0.905321	0
TMEM261	4	4.4034e-01	3.8429e-01	0.905321	0
ASRGL1	4	4.4041e-01	3.8429e-01	0.905321	0
LRP4	4	4.4044e-01	3.8429e-01	0.905321	0
RASAL2	4	4.4051e-01	3.8429e-01	0.905321	0
CABYR	4	4.4054e-01	3.8429e-01	0.905321	0
LOC643355	4	4.4068e-01	3.8429e-01	0.905321	0
NPAS3	4	4.4074e-01	3.8429e-01	0.905321	0
POLR2M	4	4.4088e-01	3.8429e-01	0.905321	0
KBTBD2	4	4.4091e-01	3.8429e-01	0.905321	0
UPK3A	4	4.4094e-01	3.8429e-01	0.905321	0
SYCE2	4	4.4098e-01	3.8429e-01	0.905321	0
RPL3	4	4.4101e-01	3.8429e-01	0.905321	0
MGST2	4	4.4108e-01	3.8429e-01	0.905321	0
GPKOW	4	4.4118e-01	3.8429e-01	0.905321	0
TBL2	4	4.4124e-01	3.8429e-01	0.905321	0
ACTR3B	4	4.4128e-01	3.8429e-01	0.905321	0
DNM1	4	4.4131e-01	3.8429e-01	0.905321	0
PARD6A	4	4.4134e-01	3.8429e-01	0.905321	0
THOC6	4	4.4141e-01	3.8429e-01	0.905321	0
ZNF491	4	4.4144e-01	3.8429e-01	0.905321	0
GCA	4	4.4148e-01	3.8429e-01	0.905321	0
FGFBP2	4	4.4151e-01	3.8429e-01	0.905321	0
HAS1	4	4.4158e-01	3.8429e-01	0.905321	0
IRX6	4	4.4161e-01	3.8429e-01	0.905321	0
F13A1	4	4.4174e-01	3.8429e-01	0.905321	0
HELT	4	4.4178e-01	3.8429e-01	0.905321	0
LCE1E	4	4.4181e-01	3.8429e-01	0.905321	0
ANKRD36B	4	4.4188e-01	3.8706e-01	0.908599	0
GNMT	4	4.4191e-01	3.8706e-01	0.908599	0
HSBP1L1	4	4.4198e-01	3.8706e-01	0.908599	0
RBM27	4	4.4201e-01	3.8706e-01	0.908599	0
SH2D2A	4	4.4205e-01	3.8706e-01	0.908599	0
PIP4K2C	4	4.4215e-01	3.8706e-01	0.908599	0
TMEM161B	4	4.4221e-01	3.8706e-01	0.908599	0
MUL1	4	4.4225e-01	3.8706e-01	0.908599	0
ZDHHC7	4	4.4231e-01	3.8706e-01	0.908599	0
CACUL1	4	4.4238e-01	3.8706e-01	0.908599	0
OR5AK2	4	4.4241e-01	3.8706e-01	0.908599	0
NAGA	4	4.4248e-01	3.8706e-01	0.908599	0
APOL3	4	4.4255e-01	3.8706e-01	0.908599	0
FASTK	4	4.4258e-01	3.8706e-01	0.908599	0
ANKRD20A2	4	4.4261e-01	3.8706e-01	0.908599	0
ZNF780B	4	4.4265e-01	3.8706e-01	0.908599	0
RUSC2	4	4.4268e-01	3.8706e-01	0.908599	0
CPNE6	4	4.4275e-01	3.8706e-01	0.908599	0
ABCB6	4	4.4281e-01	3.8706e-01	0.908599	0
PHACTR3	4	4.4285e-01	3.8706e-01	0.908599	0
TDRD5	4	4.4288e-01	3.8706e-01	0.908599	0
ALAS2	4	4.4301e-01	3.8706e-01	0.908599	0
PDSS2	4	4.4305e-01	3.8706e-01	0.908599	0
FGD3	4	4.4308e-01	3.8706e-01	0.908599	0
C11orf45	4	4.4318e-01	3.8706e-01	0.908599	0
CEP78	4	4.4321e-01	3.8706e-01	0.908599	0
C4orf3	4	4.4325e-01	3.8706e-01	0.908599	0
CNPPD1	4	4.4328e-01	3.8706e-01	0.908599	0
UBN1	4	4.4331e-01	3.8706e-01	0.908599	0
ATP8B3	4	4.4338e-01	3.8983e-01	0.913426	0
CTSZ	4	4.4348e-01	3.8983e-01	0.913426	0
ANKRD18A	4	4.4351e-01	3.8983e-01	0.913426	0
DEFB129	4	4.4355e-01	3.8983e-01	0.913426	0
FAM71D	4	4.4358e-01	3.8983e-01	0.913426	0
DSP	4	4.4365e-01	3.8983e-01	0.913426	0
UNC13D	4	4.4371e-01	3.8983e-01	0.913426	0
UCK1	4	4.4375e-01	3.8983e-01	0.913426	0
ASB1	4	4.4378e-01	3.8983e-01	0.913426	0
ZNF468	4	4.4381e-01	3.8983e-01	0.913426	0
PIM1	4	4.4391e-01	3.8983e-01	0.913426	0
FKBP7	4	4.4401e-01	3.8983e-01	0.913426	0
TSC22D4	4	4.4408e-01	3.8983e-01	0.913426	0
DCC	4	4.4415e-01	3.8983e-01	0.913426	0
NKIRAS1	4	4.4425e-01	3.9262e-01	0.915132	0
IQCG	4	4.4428e-01	3.9262e-01	0.915132	0
ZNF71	4	4.4431e-01	3.9262e-01	0.915132	0
TMEM237	4	4.4438e-01	3.9262e-01	0.915132	0
KRTAP7-1	4	4.4441e-01	3.9262e-01	0.915132	0
OR2T33	4	4.4448e-01	3.9262e-01	0.915132	0
EFHD2	4	4.4451e-01	3.9262e-01	0.915132	0
OR4A16	4	4.4465e-01	3.9262e-01	0.915132	0
GABPB1	4	4.4481e-01	3.9262e-01	0.915132	0
OR2AE1	4	4.4484e-01	3.9262e-01	0.915132	0
FAM49A	4	4.4491e-01	3.9262e-01	0.915132	0
GREM1	4	4.4494e-01	3.9262e-01	0.915132	0
MB21D1	4	4.4498e-01	3.9262e-01	0.915132	0
PCSK6	4	4.4501e-01	3.9262e-01	0.915132	0
POFUT1	4	4.4504e-01	3.9262e-01	0.915132	0
DNAJC7	4	4.4508e-01	3.9262e-01	0.915132	0
ORAI3	4	4.4514e-01	3.9262e-01	0.915132	0
LRCH1	4	4.4518e-01	3.9262e-01	0.915132	0
APBB2	4	4.4521e-01	3.9262e-01	0.915132	0
DESI2	4	4.4524e-01	3.9262e-01	0.915132	0
ELOVL1	4	4.4528e-01	3.9262e-01	0.915132	0
CIDEC	4	4.4531e-01	3.9262e-01	0.915132	0
HIGD1B	4	4.4534e-01	3.9262e-01	0.915132	0
TRPV2	4	4.4541e-01	3.9262e-01	0.915132	0
FRMD1	4	4.4548e-01	3.9262e-01	0.915132	0
OR8I2	4	4.4551e-01	3.9262e-01	0.915132	0
SLC5A12	4	4.4558e-01	3.9262e-01	0.915132	0
NLN	4	4.4561e-01	3.9262e-01	0.915132	0
FZD2	4	4.4564e-01	3.9262e-01	0.915132	0
CUEDC1	4	4.4568e-01	3.9262e-01	0.915132	0
C1orf229	4	4.4571e-01	3.9262e-01	0.915132	0
CBWD6	4	4.4581e-01	3.9262e-01	0.915132	0
PMAIP1	4	4.4584e-01	3.9262e-01	0.915132	0
ZDHHC17	4	4.4588e-01	3.9262e-01	0.915132	0
C19orf26	4	4.4591e-01	3.9262e-01	0.915132	0
MYH4	4	4.4594e-01	3.9262e-01	0.915132	0
CST8	4	4.4611e-01	3.9262e-01	0.915132	0
OR5AC2	4	4.4617e-01	3.9262e-01	0.915132	0
NEFL	4	4.4621e-01	3.9262e-01	0.915132	0
PRDX1	4	4.4627e-01	3.9262e-01	0.915132	0
ITM2B	4	4.4631e-01	3.9262e-01	0.915132	0
MCFD2	4	4.4644e-01	3.9262e-01	0.915132	0
VSTM2A	4	4.4651e-01	3.9262e-01	0.915132	0
ZBTB33	4	4.4664e-01	3.9538e-01	0.918546	0
EGFL7	4	4.4667e-01	3.9538e-01	0.918546	0
XK	4	4.4671e-01	3.9538e-01	0.918546	0
SELE	4	4.4674e-01	3.9538e-01	0.918546	0
HRH3	4	4.4677e-01	3.9538e-01	0.918546	0
SLC1A3	4	4.4681e-01	3.9538e-01	0.918546	0
GPR22	4	4.4684e-01	3.9538e-01	0.918546	0
SLC25A13	4	4.4687e-01	3.9538e-01	0.918546	0
LRRC1	4	4.4694e-01	3.9538e-01	0.918546	0
SLC15A2	4	4.4697e-01	3.9538e-01	0.918546	0
SLC35E2	4	4.4700e-01	3.9538e-01	0.918546	0
TEX19	4	4.4707e-01	3.9538e-01	0.918546	0
CDH24	4	4.4710e-01	3.9538e-01	0.918546	0
MYSM1	4	4.4719e-01	3.9538e-01	0.918546	0
VNN2	4	4.4724e-01	3.9538e-01	0.918546	0
SORL1	4	4.4727e-01	3.9538e-01	0.918546	0
KIF5B	4	4.4730e-01	3.9538e-01	0.918546	0
BSX	4	4.4734e-01	3.9538e-01	0.918546	0
ZSCAN9	4	4.4737e-01	3.9538e-01	0.918546	0
CCL20	4	4.4740e-01	3.9538e-01	0.918546	0
YPEL4	4	4.4744e-01	3.9538e-01	0.918546	0
OR1M1	4	4.4747e-01	3.9538e-01	0.918546	0
POM121L2	4	4.4750e-01	3.9538e-01	0.918546	0
TMEM189-UBE2V1	4	4.4757e-01	3.9538e-01	0.918546	0
SPATS2	4	4.4760e-01	3.9538e-01	0.918546	0
LGALS3	4	4.4767e-01	3.9538e-01	0.918546	0
YWHAE	4	4.4777e-01	3.9538e-01	0.918546	0
CAV1	4	4.4783e-01	3.9815e-01	0.922748	0
CLK4	4	4.4790e-01	3.9815e-01	0.922748	0
IRF2BPL	4	4.4793e-01	3.9815e-01	0.922748	0
RNF214	4	4.4797e-01	3.9815e-01	0.922748	0
PNPLA6	4	4.4803e-01	3.9815e-01	0.922748	0
PPM1A	4	4.4806e-01	3.9815e-01	0.922748	0
JAK3	4	4.4810e-01	3.9815e-01	0.922748	0
NCK1	4	4.4813e-01	3.9815e-01	0.922748	0
AP1M2	4	4.4816e-01	3.9815e-01	0.922748	0
HOXA11	4	4.4820e-01	3.9815e-01	0.922748	0
HNRNPCL4	4	4.4823e-01	3.9815e-01	0.922748	0
AHI1	4	4.4833e-01	3.9815e-01	0.922748	0
GTF2E1	4	4.4840e-01	3.9815e-01	0.922748	0
FOXO6	4	4.4843e-01	3.9815e-01	0.922748	0
FAM114A2	4	4.4853e-01	3.9815e-01	0.922748	0
TMPRSS7	4	4.4866e-01	3.9815e-01	0.922748	0
GPR183	4	4.4876e-01	3.9815e-01	0.922748	0
TRMT10A	4	4.4883e-01	3.9815e-01	0.922748	0
ELL2	4	4.4889e-01	3.9815e-01	0.922748	0
COL6A2	4	4.4902e-01	3.9815e-01	0.922748	0
NT5C1B-RDH14	4	4.4912e-01	4.0084e-01	0.927620	0
DYNLL2	4	4.4917e-01	4.0084e-01	0.927620	0
C1QTNF4	4	4.4917e-01	4.0084e-01	0.927620	0
SSX4B	4	4.4922e-01	4.0084e-01	0.927620	0
FGF11	4	4.4936e-01	4.0084e-01	0.927620	0
RAB33B	4	4.4939e-01	4.0084e-01	0.927620	0
RNF111	4	4.4949e-01	4.0084e-01	0.927620	0
PCDHGA6	4	4.4952e-01	4.0084e-01	0.927620	0
MAP3K15	4	4.4959e-01	4.0084e-01	0.927620	0
MS4A1	4	4.4964e-01	4.0084e-01	0.927620	0
TBC1D2	4	4.4964e-01	4.0084e-01	0.927620	0
CD99	4	4.4969e-01	4.0084e-01	0.927620	0
RNF225	4	4.4979e-01	4.0357e-01	0.929452	0
MPC1	4	4.4982e-01	4.0357e-01	0.929452	0
RGS7	4	4.4985e-01	4.0357e-01	0.929452	0
EPB41L1	4	4.4988e-01	4.0357e-01	0.929452	0
CCDC51	4	4.4992e-01	4.0357e-01	0.929452	0
APBA1	4	4.4995e-01	4.0357e-01	0.929452	0
LSAMP	4	4.4998e-01	4.0357e-01	0.929452	0
SEPTIN15	4	4.5008e-01	4.0357e-01	0.929452	0
RENBP	4	4.5012e-01	4.0357e-01	0.929452	0
SPATA31A1	4	4.5021e-01	4.0357e-01	0.929452	0
MISP	4	4.5028e-01	4.0357e-01	0.929452	0
SRRM1	4	4.5038e-01	4.0357e-01	0.929452	0
GDF1	4	4.5041e-01	4.0357e-01	0.929452	0
LAMTOR5	4	4.5048e-01	4.0357e-01	0.929452	0
C15orf48	4	4.5051e-01	4.0357e-01	0.929452	0
TAS2R19	4	4.5054e-01	4.0357e-01	0.929452	0
SYT7	4	4.5058e-01	4.0357e-01	0.929452	0
CDH2	4	4.5064e-01	4.0357e-01	0.929452	0
DCDC2B	4	4.5068e-01	4.0357e-01	0.929452	0
MGARP	4	4.5074e-01	4.0357e-01	0.929452	0
TMTC1	4	4.5078e-01	4.0357e-01	0.929452	0
SCG3	4	4.5081e-01	4.0357e-01	0.929452	0
FZD8	4	4.5084e-01	4.0357e-01	0.929452	0
RNPS1	4	4.5087e-01	4.0357e-01	0.929452	0
BRINP3	4	4.5101e-01	4.0357e-01	0.929452	0
PNRC2	4	4.5107e-01	4.0357e-01	0.929452	0
FBRS	4	4.5114e-01	4.0357e-01	0.929452	0
CACNA1A	3	4.5114e-01	4.5782e-01	0.971094	0
PLCB4	4	4.5117e-01	4.0357e-01	0.929452	0
FNBP1	4	4.5130e-01	4.0357e-01	0.929452	0
SPATA19	4	4.5134e-01	4.0357e-01	0.929452	0
TRMT6	4	4.5137e-01	4.0357e-01	0.929452	0
PLCG2	4	4.5140e-01	4.0357e-01	0.929452	0
OR4K17	4	4.5147e-01	4.0357e-01	0.929452	0
TGFBR3	4	4.5153e-01	4.0357e-01	0.929452	0
NRAS	4	4.5167e-01	4.0357e-01	0.929452	0
TTC23L	4	4.5170e-01	4.0357e-01	0.929452	0
C1QBP	4	4.5173e-01	4.0357e-01	0.929452	0
HMGB2	4	4.5176e-01	4.0357e-01	0.929452	0
TMEM108	4	4.5183e-01	4.0357e-01	0.929452	0
TAGAP	4	4.5186e-01	4.0357e-01	0.929452	0
RNF150	4	4.5196e-01	4.0624e-01	0.932752	0
OCEL1	4	4.5200e-01	4.0624e-01	0.932752	0
BMP15	4	4.5206e-01	4.0624e-01	0.932752	0
CREB1	4	4.5209e-01	4.0624e-01	0.932752	0
CAMKK1	4	4.5213e-01	4.0624e-01	0.932752	0
MYOM2	4	4.5216e-01	4.0624e-01	0.932752	0
SERF1A	4	4.5223e-01	4.0624e-01	0.932752	0
NLRP4	4	4.5229e-01	4.0624e-01	0.932752	0
KRT10	4	4.5242e-01	4.0624e-01	0.932752	0
THEG	4	4.5249e-01	4.0624e-01	0.932752	0
TSKS	4	4.5252e-01	4.0624e-01	0.932752	0
SEC11C	4	4.5265e-01	4.0894e-01	0.932752	0
ADGRF2	4	4.5269e-01	4.0894e-01	0.932752	0
PTPRC	4	4.5272e-01	4.0894e-01	0.932752	0
NUMA1	4	4.5275e-01	4.0894e-01	0.932752	0
FAM168B	4	4.5279e-01	4.0894e-01	0.932752	0
TRMT61A	4	4.5282e-01	4.0894e-01	0.932752	0
TBC1D21	4	4.5285e-01	4.0894e-01	0.932752	0
CEP68	4	4.5292e-01	4.0894e-01	0.932752	0
PDE8A	4	4.5295e-01	4.0894e-01	0.932752	0
DEPDC5	4	4.5298e-01	4.0894e-01	0.932752	0
GRASP	4	4.5308e-01	4.0894e-01	0.932752	0
ZSCAN23	4	4.5315e-01	4.0894e-01	0.932752	0
MAPK1	4	4.5318e-01	4.0894e-01	0.932752	0
STRBP	4	4.5321e-01	4.0894e-01	0.932752	0
DUS2	4	4.5338e-01	4.0894e-01	0.932752	0
DCAF12L2	4	4.5341e-01	4.0894e-01	0.932752	0
ZNF718	4	4.5348e-01	4.0894e-01	0.932752	0
ODF3L1	4	4.5351e-01	4.0894e-01	0.932752	0
ARHGAP23	4	4.5354e-01	4.0894e-01	0.932752	0
APOL1	4	4.5361e-01	4.0894e-01	0.932752	0
C17orf104	4	4.5364e-01	4.0894e-01	0.932752	0
PYROXD2	4	4.5377e-01	4.0894e-01	0.932752	0
CALHM2	4	4.5381e-01	4.0894e-01	0.932752	0
RAET1L	4	4.5397e-01	4.0894e-01	0.932752	0
LOC101927844	4	4.5407e-01	4.0894e-01	0.932752	0
RNASE3	4	4.5410e-01	4.0894e-01	0.932752	0
CITED1	4	4.5413e-01	4.0894e-01	0.932752	0
NAGLU	4	4.5420e-01	4.0894e-01	0.932752	0
SLC35G6	4	4.5423e-01	4.0894e-01	0.932752	0
MYH7	4	4.5427e-01	4.0894e-01	0.932752	0
ZNF385D	4	4.5433e-01	4.0894e-01	0.932752	0
RGS7BP	4	4.5436e-01	4.0894e-01	0.932752	0
SNAP47	4	4.5440e-01	4.0894e-01	0.932752	0
C16orf71	4	4.5450e-01	4.0894e-01	0.932752	0
MAMDC4	4	4.5456e-01	4.0894e-01	0.932752	0
VNN3	4	4.5459e-01	4.0894e-01	0.932752	0
CLLU1OS	4	4.5463e-01	4.0894e-01	0.932752	0
ZSWIM8	4	4.5472e-01	4.0894e-01	0.932752	0
SLC28A2	4	4.5476e-01	4.0894e-01	0.932752	0
GPR1	4	4.5479e-01	4.0894e-01	0.932752	0
FERMT1	4	4.5486e-01	4.0894e-01	0.932752	0
IFNE	4	4.5489e-01	4.0894e-01	0.932752	0
FAM220A	4	4.5492e-01	4.0894e-01	0.932752	0
MAGEB2	4	4.5495e-01	4.0894e-01	0.932752	0
TMEM170A	4	4.5502e-01	4.1164e-01	0.932752	0
CCDC12	4	4.5505e-01	4.1164e-01	0.932752	0
C19orf33	4	4.5509e-01	4.1164e-01	0.932752	0
ASPG	4	4.5512e-01	4.1164e-01	0.932752	0
HERPUD2	4	4.5515e-01	4.1164e-01	0.932752	0
CRTC3	4	4.5518e-01	4.1164e-01	0.932752	0
ATG4D	4	4.5522e-01	4.1164e-01	0.932752	0
DIRAS2	4	4.5525e-01	4.1164e-01	0.932752	0
CETN1	4	4.5532e-01	4.1164e-01	0.932752	0
ALDH16A1	4	4.5535e-01	4.1164e-01	0.932752	0
CNTRL	4	4.5538e-01	4.1164e-01	0.932752	0
ABCD2	4	4.5541e-01	4.1164e-01	0.932752	0
NPEPPS	4	4.5545e-01	4.1164e-01	0.932752	0
PRR23A	4	4.5551e-01	4.1164e-01	0.932752	0
PDIA5	4	4.5554e-01	4.1164e-01	0.932752	0
CLUAP1	4	4.5558e-01	4.1164e-01	0.932752	0
GPR25	4	4.5561e-01	4.1164e-01	0.932752	0
SORCS3	4	4.5574e-01	4.1164e-01	0.932752	0
LCE3E	4	4.5577e-01	4.1164e-01	0.932752	0
PRSS46	4	4.5581e-01	4.1164e-01	0.932752	0
LIPF	4	4.5584e-01	4.1164e-01	0.932752	0
CELF3	4	4.5594e-01	4.1164e-01	0.932752	0
RAB27B	4	4.5600e-01	4.1164e-01	0.932752	0
DENR	4	4.5604e-01	4.1164e-01	0.932752	0
ANGPTL4	4	4.5615e-01	4.1164e-01	0.932752	0
OR13C5	4	4.5620e-01	4.1164e-01	0.932752	0
ZFP14	4	4.5623e-01	4.1164e-01	0.932752	0
PEX13	4	4.5633e-01	4.1164e-01	0.932752	0
CACHD1	4	4.5636e-01	4.1164e-01	0.932752	0
NDUFC2	4	4.5640e-01	4.1164e-01	0.932752	0
C14orf79	4	4.5643e-01	4.1164e-01	0.932752	0
OAS3	4	4.5653e-01	4.1164e-01	0.932752	0
GJA8	4	4.5659e-01	4.1164e-01	0.932752	0
PSG5	4	4.5663e-01	4.1164e-01	0.932752	0
OR2G2	4	4.5666e-01	4.1164e-01	0.932752	0
SV2C	4	4.5669e-01	4.1164e-01	0.932752	0
DHRS7C	4	4.5676e-01	4.1164e-01	0.932752	0
JAG1	4	4.5679e-01	4.1164e-01	0.932752	0
MN1	4	4.5682e-01	4.1164e-01	0.932752	0
MTRR	4	4.5686e-01	4.1164e-01	0.932752	0
CANT1	4	4.5692e-01	4.1164e-01	0.932752	0
TAS2R46	4	4.5695e-01	4.1164e-01	0.932752	0
CCNI2	4	4.5699e-01	4.1164e-01	0.932752	0
FKTN	4	4.5702e-01	4.1164e-01	0.932752	0
KIRREL2	4	4.5705e-01	4.1164e-01	0.932752	0
MAGEB6	4	4.5708e-01	4.1164e-01	0.932752	0
ADAMTSL5	4	4.5725e-01	4.1164e-01	0.932752	0
SPG11	4	4.5728e-01	4.1164e-01	0.932752	0
GCG	4	4.5731e-01	4.1164e-01	0.932752	0
TMEM179	4	4.5735e-01	4.1164e-01	0.932752	0
FOXJ1	4	4.5738e-01	4.1164e-01	0.932752	0
TP53AIP1	4	4.5741e-01	4.1164e-01	0.932752	0
TMEM256	4	4.5751e-01	4.1164e-01	0.932752	0
OCIAD2	4	4.5754e-01	4.1164e-01	0.932752	0
ONECUT1	4	4.5757e-01	4.1164e-01	0.932752	0
GAB3	4	4.5767e-01	4.1164e-01	0.932752	0
PBXIP1	4	4.5777e-01	4.1164e-01	0.932752	0
APBB1	4	4.5780e-01	4.1164e-01	0.932752	0
ARPC1A	4	4.5784e-01	4.1164e-01	0.932752	0
MAN2B2	4	4.5790e-01	4.1164e-01	0.932752	0
METTL13	4	4.5793e-01	4.1164e-01	0.932752	0
HHIP	4	4.5797e-01	4.1164e-01	0.932752	0
AFAP1	4	4.5800e-01	4.1164e-01	0.932752	0
OR8U1	4	4.5803e-01	4.1164e-01	0.932752	0
PPP6R1	4	4.5806e-01	4.1164e-01	0.932752	0
G0S2	4	4.5810e-01	4.1164e-01	0.932752	0
TPRN	4	4.5815e-01	4.1164e-01	0.932752	0
CCNG2	4	4.5820e-01	4.1164e-01	0.932752	0
ARMCX4	4	4.5823e-01	4.1164e-01	0.932752	0
RASGRP1	4	4.5826e-01	4.1164e-01	0.932752	0
EEF2K	4	4.5829e-01	4.1164e-01	0.932752	0
MFSD4	4	4.5833e-01	4.1164e-01	0.932752	0
KCNK5	4	4.5836e-01	4.1164e-01	0.932752	0
CHD1L	4	4.5842e-01	4.1164e-01	0.932752	0
TPSG1	4	4.5846e-01	4.1164e-01	0.932752	0
DAZAP2	4	4.5849e-01	4.1164e-01	0.932752	0
NOXRED1	4	4.5859e-01	4.1164e-01	0.932752	0
UBL4A	4	4.5865e-01	4.1164e-01	0.932752	0
BAHCC1	4	4.5878e-01	4.1164e-01	0.932752	0
ZSCAN25	4	4.5882e-01	4.1164e-01	0.932752	0
PIGP	4	4.5885e-01	4.1164e-01	0.932752	0
SLC44A1	4	4.5898e-01	4.1431e-01	0.938581	0
NDP	4	4.5901e-01	4.1432e-01	0.938581	0
HCN1	4	4.5911e-01	4.1700e-01	0.942423	0
VCX	4	4.5917e-01	4.1700e-01	0.942423	0
PRAC1	4	4.5921e-01	4.1700e-01	0.942423	0
USP51	4	4.5937e-01	4.1700e-01	0.942423	0
ANXA4	4	4.5944e-01	4.1700e-01	0.942423	0
OR2S2	4	4.5947e-01	4.1700e-01	0.942423	0
ZNF516	4	4.5950e-01	4.1700e-01	0.942423	0
LRRC8D	4	4.5960e-01	4.1700e-01	0.942423	0
GGA2	4	4.5963e-01	4.1700e-01	0.942423	0
NDUFS6	4	4.5976e-01	4.1700e-01	0.942423	0
WNT7B	4	4.5989e-01	4.1700e-01	0.942423	0
TMEM218	4	4.5996e-01	4.1700e-01	0.942423	0
TMPRSS5	4	4.5999e-01	4.1700e-01	0.942423	0
HIST1H2BD	4	4.6006e-01	4.1700e-01	0.942423	0
LRRC73	4	4.6015e-01	4.1700e-01	0.942423	0
CEP72	4	4.6019e-01	4.1700e-01	0.942423	0
GDAP1	4	4.6022e-01	4.1700e-01	0.942423	0
FSIP2	4	4.6025e-01	4.1700e-01	0.942423	0
CLC	4	4.6032e-01	4.1700e-01	0.942423	0
ALX1	4	4.6035e-01	4.1700e-01	0.942423	0
IFT81	4	4.6048e-01	4.1968e-01	0.944580	0
MAP2K2	4	4.6051e-01	4.1968e-01	0.944580	0
NME1	4	4.6054e-01	4.1968e-01	0.944580	0
FABP9	4	4.6061e-01	4.1968e-01	0.944580	0
MT1A	4	4.6064e-01	4.1968e-01	0.944580	0
GNA15	4	4.6067e-01	4.1968e-01	0.944580	0
HNRNPCL2	4	4.6071e-01	4.1968e-01	0.944580	0
OTOF	4	4.6080e-01	4.2237e-01	0.944580	0
LTBR	4	4.6084e-01	4.2237e-01	0.944580	0
EXPH5	4	4.6090e-01	4.2237e-01	0.944580	0
CECR6	4	4.6106e-01	4.2237e-01	0.944580	0
CACNG7	4	4.6113e-01	4.2237e-01	0.944580	0
METTL23	4	4.6119e-01	4.2237e-01	0.944580	0
AFF4	4	4.6123e-01	4.2237e-01	0.944580	0
ZNF578	4	4.6132e-01	4.2237e-01	0.944580	0
CCSER1	4	4.6142e-01	4.2237e-01	0.944580	0
OARD1	4	4.6145e-01	4.2237e-01	0.944580	0
TCEAL3	4	4.6152e-01	4.2237e-01	0.944580	0
ASNSD1	4	4.6155e-01	4.2237e-01	0.944580	0
PSMD3	4	4.6158e-01	4.2237e-01	0.944580	0
DONSON	4	4.6162e-01	4.2237e-01	0.944580	0
FBXL6	4	4.6165e-01	4.2237e-01	0.944580	0
AMTN	4	4.6171e-01	4.2237e-01	0.944580	0
MED28	4	4.6175e-01	4.2237e-01	0.944580	0
HIST1H2BE	4	4.6178e-01	4.2237e-01	0.944580	0
PPP4R4	4	4.6181e-01	4.2237e-01	0.944580	0
ARHGEF10L	4	4.6184e-01	4.2237e-01	0.944580	0
CYP3A7-CYP3A51P	4	4.6188e-01	4.2237e-01	0.944580	0
RNF151	4	4.6191e-01	4.2237e-01	0.944580	0
OXR1	4	4.6204e-01	4.2237e-01	0.944580	0
CLMP	4	4.6214e-01	4.2237e-01	0.944580	0
RTKN	4	4.6217e-01	4.2237e-01	0.944580	0
C15orf52	4	4.6223e-01	4.2237e-01	0.944580	0
PLA2G6	4	4.6227e-01	4.2237e-01	0.944580	0
GNPTG	4	4.6230e-01	4.2237e-01	0.944580	0
ACVR1C	4	4.6233e-01	4.2237e-01	0.944580	0
SRC	4	4.6236e-01	4.2237e-01	0.944580	0
CASZ1	4	4.6240e-01	4.2237e-01	0.944580	0
TMEM223	4	4.6243e-01	4.2237e-01	0.944580	0
FBXL7	4	4.6249e-01	4.2237e-01	0.944580	0
N4BP1	4	4.6253e-01	4.2237e-01	0.944580	0
GRIN1	4	4.6259e-01	4.2237e-01	0.944580	0
CDH8	4	4.6269e-01	4.2237e-01	0.944580	0
KRT84	4	4.6279e-01	4.2237e-01	0.944580	0
RNF112	4	4.6285e-01	4.2237e-01	0.944580	0
ASXL2	4	4.6292e-01	4.2237e-01	0.944580	0
PIGA	4	4.6295e-01	4.2237e-01	0.944580	0
SLC35A5	4	4.6301e-01	4.2237e-01	0.944580	0
OR4C46	4	4.6308e-01	4.2237e-01	0.944580	0
PTGDS	4	4.6311e-01	4.2237e-01	0.944580	0
VPS54	4	4.6314e-01	4.2237e-01	0.944580	0
FAM58A	4	4.6318e-01	4.2237e-01	0.944580	0
ZNF606	4	4.6321e-01	4.2237e-01	0.944580	0
ADGRA3	4	4.6324e-01	4.2237e-01	0.944580	0
SLC31A2	4	4.6331e-01	4.2237e-01	0.944580	0
GAB1	4	4.6360e-01	4.2237e-01	0.944580	0
OR9A4	4	4.6363e-01	4.2237e-01	0.944580	0
C10orf105	4	4.6369e-01	4.2237e-01	0.944580	0
MROH1	4	4.6376e-01	4.2237e-01	0.944580	0
GNG13	4	4.6382e-01	4.2237e-01	0.944580	0
RFX7	4	4.6386e-01	4.2237e-01	0.944580	0
ZC4H2	4	4.6392e-01	4.2237e-01	0.944580	0
NR4A2	4	4.6395e-01	4.2237e-01	0.944580	0
SYTL5	4	4.6399e-01	4.2237e-01	0.944580	0
AIMP1	4	4.6402e-01	4.2237e-01	0.944580	0
CYP51A1	4	4.6405e-01	4.2237e-01	0.944580	0
SGTB	4	4.6408e-01	4.2237e-01	0.944580	0
TSPY2	4	4.6415e-01	4.2237e-01	0.944580	0
DPPA5	4	4.6425e-01	4.2237e-01	0.944580	0
KAT6B	4	4.6438e-01	4.2237e-01	0.944580	0
C17orf89	4	4.6441e-01	4.2237e-01	0.944580	0
MS4A12	4	4.6447e-01	4.2237e-01	0.944580	0
SEMA3G	4	4.6450e-01	4.2237e-01	0.944580	0
LGALS2	4	4.6454e-01	4.2237e-01	0.944580	0
ABHD15	4	4.6457e-01	4.2237e-01	0.944580	0
MAP3K4	4	4.6460e-01	4.2237e-01	0.944580	0
PACS1	4	4.6463e-01	4.2237e-01	0.944580	0
OCLM	4	4.6467e-01	4.2237e-01	0.944580	0
KIAA2013	4	4.6473e-01	4.2502e-01	0.944580	0
APEX1	4	4.6476e-01	4.2502e-01	0.944580	0
TRIM72	4	4.6483e-01	4.2502e-01	0.944580	0
CCT8L2	4	4.6486e-01	4.2502e-01	0.944580	0
TBXA2R	4	4.6489e-01	4.2502e-01	0.944580	0
USP21	4	4.6496e-01	4.2502e-01	0.944580	0
GPALPP1	4	4.6499e-01	4.2502e-01	0.944580	0
PTH2R	4	4.6502e-01	4.2502e-01	0.944580	0
PLS1	4	4.6515e-01	4.2502e-01	0.944580	0
SLC38A11	4	4.6518e-01	4.2502e-01	0.944580	0
P2RY12	4	4.6528e-01	4.2502e-01	0.944580	0
ART3	4	4.6531e-01	4.2502e-01	0.944580	0
PTK6	4	4.6538e-01	4.2502e-01	0.944580	0
IL17RC	4	4.6544e-01	4.2502e-01	0.944580	0
PHOSPHO2	4	4.6548e-01	4.2502e-01	0.944580	0
ZNF791	4	4.6551e-01	4.2502e-01	0.944580	0
OTX2	4	4.6554e-01	4.2502e-01	0.944580	0
ANP32C	4	4.6557e-01	4.2502e-01	0.944580	0
EML6	4	4.6573e-01	4.2502e-01	0.944580	0
CDA	4	4.6583e-01	4.2502e-01	0.944580	0
EFHC2	4	4.6590e-01	4.2502e-01	0.944580	0
C4orf19	4	4.6593e-01	4.2502e-01	0.944580	0
MMP20	4	4.6599e-01	4.2502e-01	0.944580	0
PLCL1	4	4.6606e-01	4.2502e-01	0.944580	0
HFM1	4	4.6612e-01	4.2502e-01	0.944580	0
ITGA11	4	4.6622e-01	4.2502e-01	0.944580	0
ARL8B	4	4.6625e-01	4.2502e-01	0.944580	0
OR4D11	4	4.6632e-01	4.2502e-01	0.944580	0
SIRT2	4	4.6635e-01	4.2502e-01	0.944580	0
ATAD3B	4	4.6638e-01	4.2502e-01	0.944580	0
BRS3	4	4.6641e-01	4.2502e-01	0.944580	0
EZR	4	4.6648e-01	4.2502e-01	0.944580	0
NUMBL	4	4.6656e-01	4.2502e-01	0.944580	0
CCDC114	4	4.6656e-01	4.2502e-01	0.944580	0
OR2T29	4	4.6667e-01	4.2502e-01	0.944580	0
MME	4	4.6670e-01	4.2502e-01	0.944580	0
TCHH	4	4.6674e-01	4.2502e-01	0.944580	0
RAB39B	4	4.6677e-01	4.2502e-01	0.944580	0
NAP1L3	4	4.6683e-01	4.2502e-01	0.944580	0
DGKQ	4	4.6686e-01	4.2502e-01	0.944580	0
TMCC2	4	4.6693e-01	4.2502e-01	0.944580	0
SPANXN1	4	4.6696e-01	4.2502e-01	0.944580	0
AMACR	4	4.6709e-01	4.2502e-01	0.944580	0
MESP1	4	4.6712e-01	4.2502e-01	0.944580	0
ERP44	4	4.6719e-01	4.2502e-01	0.944580	0
TMED8	4	4.6722e-01	4.2502e-01	0.944580	0
TENM3	4	4.6725e-01	4.2502e-01	0.944580	0
AXDND1	4	4.6732e-01	4.2502e-01	0.944580	0
TBX5	4	4.6735e-01	4.2502e-01	0.944580	0
C10orf111	4	4.6738e-01	4.2502e-01	0.944580	0
SVIL	4	4.6748e-01	4.2502e-01	0.944580	0
KLRF1	4	4.6754e-01	4.2502e-01	0.944580	0
OR2AT4	4	4.6757e-01	4.2502e-01	0.944580	0
HDGFRP3	4	4.6761e-01	4.2502e-01	0.944580	0
CDHR3	4	4.6767e-01	4.2502e-01	0.944580	0
H1F0	4	4.6777e-01	4.2502e-01	0.944580	0
PRORY	4	4.6786e-01	4.2502e-01	0.944580	0
ABHD13	4	4.6793e-01	4.2502e-01	0.944580	0
C9orf57	4	4.6796e-01	4.2502e-01	0.944580	0
PLEKHB2	4	4.6809e-01	4.2502e-01	0.944580	0
LOC102724279	4	4.6815e-01	4.2502e-01	0.944580	0
BASP1	4	4.6819e-01	4.2502e-01	0.944580	0
GPR108	4	4.6822e-01	4.2502e-01	0.944580	0
CD48	4	4.6835e-01	4.2502e-01	0.944580	0
RHPN2	4	4.6854e-01	4.2765e-01	0.947344	0
PTGES3	4	4.6877e-01	4.2765e-01	0.947344	0
GP1BB	4	4.6883e-01	4.2765e-01	0.947344	0
P2RX4	4	4.6889e-01	4.2765e-01	0.947344	0
EIF4EBP2	4	4.6899e-01	4.2765e-01	0.947344	0
USP17L10	4	4.6906e-01	4.2765e-01	0.947344	0
THRSP	4	4.6909e-01	4.2765e-01	0.947344	0
YPEL3	4	4.6912e-01	4.2765e-01	0.947344	0
TNNI3K	4	4.6915e-01	4.2765e-01	0.947344	0
TBXAS1	4	4.6918e-01	4.2765e-01	0.947344	0
KDELC1	4	4.6922e-01	4.2765e-01	0.947344	0
ZSCAN2	4	4.6928e-01	4.2765e-01	0.947344	0
REG4	4	4.6941e-01	4.2765e-01	0.947344	0
RBM48	4	4.6944e-01	4.2765e-01	0.947344	0
SPHKAP	4	4.6947e-01	4.2765e-01	0.947344	0
ASPN	4	4.6954e-01	4.2765e-01	0.947344	0
GRPEL2	4	4.6960e-01	4.2765e-01	0.947344	0
FAM9B	4	4.6963e-01	4.2765e-01	0.947344	0
LOC728392	4	4.6970e-01	4.2765e-01	0.947344	0
SSMEM1	4	4.6976e-01	4.2765e-01	0.947344	0
CBLN1	4	4.6980e-01	4.2765e-01	0.947344	0
SH3PXD2B	4	4.6983e-01	4.2765e-01	0.947344	0
ZNF678	4	4.6986e-01	4.2765e-01	0.947344	0
CD55	4	4.6996e-01	4.2765e-01	0.947344	0
BCL11A	4	4.7008e-01	4.2765e-01	0.947344	0
OR51A2	4	4.7012e-01	4.2765e-01	0.947344	0
RCAN2	4	4.7015e-01	4.2765e-01	0.947344	0
GPSM2	4	4.7020e-01	4.2765e-01	0.947344	0
NLRP12	4	4.7028e-01	4.3027e-01	0.947419	0
FFAR3	4	4.7031e-01	4.3027e-01	0.947419	0
SLCO4A1	4	4.7034e-01	4.3027e-01	0.947419	0
MMACHC	4	4.7044e-01	4.3027e-01	0.947419	0
EEPD1	4	4.7050e-01	4.3027e-01	0.947419	0
CRY1	4	4.7055e-01	4.3027e-01	0.947419	0
AKAP3	4	4.7055e-01	4.3027e-01	0.947419	0
NEK5	4	4.7063e-01	4.3027e-01	0.947419	0
BPIFA3	4	4.7069e-01	4.3027e-01	0.947419	0
BMPR1A	4	4.7073e-01	4.3027e-01	0.947419	0
PCDHA7	4	4.7076e-01	4.3027e-01	0.947419	0
SPACA5B	4	4.7079e-01	4.3027e-01	0.947419	0
GMCL1	4	4.7085e-01	4.3027e-01	0.947419	0
PDHX	4	4.7102e-01	4.3027e-01	0.947419	0
CMTM5	4	4.7105e-01	4.3027e-01	0.947419	0
MAL2	4	4.7108e-01	4.3027e-01	0.947419	0
SLC22A11	4	4.7111e-01	4.3027e-01	0.947419	0
CABP4	4	4.7118e-01	4.3027e-01	0.947419	0
LDB2	4	4.7124e-01	4.3027e-01	0.947419	0
CCDC103	4	4.7130e-01	4.3027e-01	0.947419	0
EIF2AK3	4	4.7140e-01	4.3027e-01	0.947419	0
SMPDL3B	4	4.7143e-01	4.3027e-01	0.947419	0
PPP3CB	4	4.7146e-01	4.3027e-01	0.947419	0
DAB1	4	4.7153e-01	4.3027e-01	0.947419	0
CYTH2	4	4.7162e-01	4.3027e-01	0.947419	0
C16orf87	4	4.7166e-01	4.3027e-01	0.947419	0
PTMS	4	4.7172e-01	4.3027e-01	0.947419	0
BCL3	4	4.7175e-01	4.3027e-01	0.947419	0
THEM4	4	4.7185e-01	4.3027e-01	0.947419	0
ZUFSP	4	4.7188e-01	4.3027e-01	0.947419	0
FAM26E	4	4.7191e-01	4.3027e-01	0.947419	0
CSNK2A1	4	4.7195e-01	4.3027e-01	0.947419	0
MEIG1	4	4.7198e-01	4.3027e-01	0.947419	0
BEND2	4	4.7207e-01	4.3284e-01	0.947419	0
TAC1	4	4.7214e-01	4.3284e-01	0.947419	0
PPFIA4	4	4.7220e-01	4.3284e-01	0.947419	0
OR52K2	4	4.7223e-01	4.3284e-01	0.947419	0
STON2	4	4.7227e-01	4.3284e-01	0.947419	0
TBC1D8B	4	4.7230e-01	4.3284e-01	0.947419	0
MYRF	4	4.7235e-01	4.3284e-01	0.947419	0
RNF44	4	4.7246e-01	4.3284e-01	0.947419	0
CPZ	4	4.7259e-01	4.3284e-01	0.947419	0
ITGAL	4	4.7265e-01	4.3284e-01	0.947419	0
TFAP2E	4	4.7268e-01	4.3284e-01	0.947419	0
USP34	4	4.7271e-01	4.3284e-01	0.947419	0
CCSAP	4	4.7281e-01	4.3284e-01	0.947419	0
LOC101928093	4	4.7284e-01	4.3284e-01	0.947419	0
OR2M7	4	4.7287e-01	4.3284e-01	0.947419	0
AFMID	4	4.7291e-01	4.3284e-01	0.947419	0
FAM156B	4	4.7297e-01	4.3284e-01	0.947419	0
CHD9	4	4.7307e-01	4.3284e-01	0.947419	0
DCAF15	4	4.7310e-01	4.3284e-01	0.947419	0
NFKB1	4	4.7313e-01	4.3284e-01	0.947419	0
CYP4F2	4	4.7316e-01	4.3284e-01	0.947419	0
TERF1	4	4.7319e-01	4.3284e-01	0.947419	0
OR2G6	4	4.7323e-01	4.3284e-01	0.947419	0
MXD4	4	4.7326e-01	4.3284e-01	0.947419	0
FLOT1	4	4.7329e-01	4.3284e-01	0.947419	0
TNKS2	4	4.7335e-01	4.3284e-01	0.947419	0
BTN3A2	4	4.7345e-01	4.3284e-01	0.947419	0
EVI5	4	4.7348e-01	4.3284e-01	0.947419	0
CNIH3	4	4.7351e-01	4.3284e-01	0.947419	0
RANBP6	4	4.7355e-01	4.3284e-01	0.947419	0
ROBO2	4	4.7358e-01	4.3284e-01	0.947419	0
ZNF284	4	4.7374e-01	4.3284e-01	0.947419	0
PRTG	4	4.7383e-01	4.3284e-01	0.947419	0
CLLU1	4	4.7388e-01	4.3284e-01	0.947419	0
PRKCI	4	4.7388e-01	4.3284e-01	0.947419	0
MTHFD2	4	4.7393e-01	4.3284e-01	0.947419	0
SERPINA12	4	4.7396e-01	4.3284e-01	0.947419	0
SPRR2D	4	4.7399e-01	4.3284e-01	0.947419	0
OR5D18	4	4.7406e-01	4.3284e-01	0.947419	0
LALBA	4	4.7409e-01	4.3284e-01	0.947419	0
MRPL18	4	4.7412e-01	4.3284e-01	0.947419	0
DACT3	4	4.7425e-01	4.3284e-01	0.947419	0
CSAG1	4	4.7428e-01	4.3284e-01	0.947419	0
LRRC75A	4	4.7434e-01	4.3284e-01	0.947419	0
PDE8B	4	4.7438e-01	4.3284e-01	0.947419	0
ZNF280B	4	4.7441e-01	4.3284e-01	0.947419	0
QSOX2	4	4.7444e-01	4.3284e-01	0.947419	0
SCGB1D1	4	4.7447e-01	4.3284e-01	0.947419	0
NIPAL2	4	4.7450e-01	4.3284e-01	0.947419	0
UAP1L1	4	4.7454e-01	4.3284e-01	0.947419	0
TECTB	4	4.7457e-01	4.3284e-01	0.947419	0
ABCC8	4	4.7463e-01	4.3284e-01	0.947419	0
NES	4	4.7466e-01	4.3284e-01	0.947419	0
DCT	4	4.7470e-01	4.3284e-01	0.947419	0
LTA4H	4	4.7473e-01	4.3284e-01	0.947419	0
PPBP	4	4.7476e-01	4.3284e-01	0.947419	0
LRAT	4	4.7479e-01	4.3284e-01	0.947419	0
BZW2	4	4.7482e-01	4.3284e-01	0.947419	0
GJD3	4	4.7485e-01	4.3284e-01	0.947419	0
DUSP16	4	4.7492e-01	4.3284e-01	0.947419	0
C16orf47	4	4.7498e-01	4.3284e-01	0.947419	0
KIF13B	4	4.7508e-01	4.3284e-01	0.947419	0
ITGAX	4	4.7511e-01	4.3284e-01	0.947419	0
AADACL3	4	4.7514e-01	4.3284e-01	0.947419	0
MARVELD1	4	4.7517e-01	4.3284e-01	0.947419	0
SNX21	4	4.7524e-01	4.3284e-01	0.947419	0
LRRC34	4	4.7527e-01	4.3284e-01	0.947419	0
WFS1	4	4.7540e-01	4.3284e-01	0.947419	0
COL15A1	4	4.7543e-01	4.3284e-01	0.947419	0
FBXL21	4	4.7546e-01	4.3284e-01	0.947419	0
ABCC1	4	4.7552e-01	4.3284e-01	0.947419	0
IL10	4	4.7568e-01	4.3539e-01	0.950179	0
PXDC1	4	4.7581e-01	4.3539e-01	0.950179	0
ZNF350	4	4.7584e-01	4.3539e-01	0.950179	0
SLC5A7	4	4.7587e-01	4.3539e-01	0.950179	0
CR1	4	4.7591e-01	4.3539e-01	0.950179	0
M6PR	4	4.7594e-01	4.3539e-01	0.950179	0
ACSF3	4	4.7597e-01	4.3539e-01	0.950179	0
TACC2	4	4.7600e-01	4.3539e-01	0.950179	0
TPD52L2	4	4.7607e-01	4.3539e-01	0.950179	0
RHNO1	4	4.7610e-01	4.3539e-01	0.950179	0
CRIPAK	4	4.7613e-01	4.3539e-01	0.950179	0
OTUD3	4	4.7616e-01	4.3539e-01	0.950179	0
ACY1	4	4.7623e-01	4.3539e-01	0.950179	0
CCDC125	4	4.7629e-01	4.3539e-01	0.950179	0
DAZL	4	4.7632e-01	4.3539e-01	0.950179	0
NUDT22	4	4.7635e-01	4.3539e-01	0.950179	0
AADACL2	4	4.7645e-01	4.3539e-01	0.950179	0
GSKIP	4	4.7654e-01	4.3539e-01	0.950179	0
GNB3	4	4.7661e-01	4.3539e-01	0.950179	0
ZNF727	4	4.7670e-01	4.3539e-01	0.950179	0
OMG	4	4.7673e-01	4.3539e-01	0.950179	0
SOWAHD	4	4.7680e-01	4.3539e-01	0.950179	0
SLC23A1	4	4.7683e-01	4.3539e-01	0.950179	0
DUSP13	4	4.7689e-01	4.3539e-01	0.950179	0
MFF	4	4.7696e-01	4.3539e-01	0.950179	0
ATP5G3	4	4.7702e-01	4.3539e-01	0.950179	0
AZIN1	4	4.7708e-01	4.3806e-01	0.952306	0
TUB	4	4.7712e-01	4.3806e-01	0.952306	0
TMSB15B	4	4.7718e-01	4.3806e-01	0.952306	0
SERINC2	4	4.7724e-01	4.3806e-01	0.952306	0
USP17L15	4	4.7728e-01	4.3806e-01	0.952306	0
C3orf35	4	4.7731e-01	4.3806e-01	0.952306	0
PJA1	4	4.7743e-01	4.3806e-01	0.952306	0
ERGIC1	4	4.7747e-01	4.3806e-01	0.952306	0
CD180	4	4.7750e-01	4.3806e-01	0.952306	0
TRAF4	4	4.7753e-01	4.3806e-01	0.952306	0
ZNF441	4	4.7763e-01	4.3806e-01	0.952306	0
KIAA0930	4	4.7766e-01	4.3806e-01	0.952306	0
SH3BP5	4	4.7769e-01	4.3806e-01	0.952306	0
SLC25A16	4	4.7775e-01	4.3806e-01	0.952306	0
PABPC1	4	4.7782e-01	4.3806e-01	0.952306	0
ZCCHC18	4	4.7788e-01	4.3806e-01	0.952306	0
SRSF5	4	4.7794e-01	4.3806e-01	0.952306	0
MYRIP	4	4.7813e-01	4.3806e-01	0.952306	0
ZNF674	4	4.7817e-01	4.3806e-01	0.952306	0
BSPH1	4	4.7820e-01	4.3806e-01	0.952306	0
ZNF625	4	4.7823e-01	4.3806e-01	0.952306	0
NKX2-4	4	4.7826e-01	4.3806e-01	0.952306	0
PPAP2C	4	4.7832e-01	4.3806e-01	0.952306	0
KCNQ1	4	4.7836e-01	4.3806e-01	0.952306	0
ZER1	4	4.7842e-01	4.3806e-01	0.952306	0
SLC2A10	4	4.7845e-01	4.3806e-01	0.952306	0
DEPDC1	4	4.7848e-01	4.3806e-01	0.952306	0
CDH3	4	4.7855e-01	4.3806e-01	0.952306	0
TRIM6	4	4.7858e-01	4.3806e-01	0.952306	0
SLC47A1	4	4.7867e-01	4.3806e-01	0.952306	0
VSIG1	4	4.7870e-01	4.3806e-01	0.952306	0
SFXN1	4	4.7874e-01	4.3806e-01	0.952306	0
R3HDM2	4	4.7880e-01	4.3806e-01	0.952306	0
RPL36A	4	4.7896e-01	4.4065e-01	0.955216	0
VAT1	4	4.7902e-01	4.4065e-01	0.955216	0
PDGFRL	4	4.7905e-01	4.4065e-01	0.955216	0
KRTAP10-7	4	4.7912e-01	4.4065e-01	0.955216	0
SLC39A10	4	4.7918e-01	4.4065e-01	0.955216	0
CT47A5	4	4.7921e-01	4.4065e-01	0.955216	0
TDRD3	4	4.7924e-01	4.4065e-01	0.955216	0
UPK3BL	4	4.7937e-01	4.4065e-01	0.955216	0
SPATA45	4	4.7940e-01	4.4065e-01	0.955216	0
MINK1	4	4.7943e-01	4.4065e-01	0.955216	0
CCL24	4	4.7947e-01	4.4065e-01	0.955216	0
ANKRD2	4	4.7956e-01	4.4065e-01	0.955216	0
HSF1	4	4.7969e-01	4.4065e-01	0.955216	0
NOBOX	4	4.7975e-01	4.4065e-01	0.955216	0
PRSS27	4	4.7978e-01	4.4065e-01	0.955216	0
FBXO46	4	4.7981e-01	4.4065e-01	0.955216	0
ATP5H	4	4.7988e-01	4.4065e-01	0.955216	0
STYXL1	4	4.7994e-01	4.4065e-01	0.955216	0
SF3A3	4	4.8000e-01	4.4065e-01	0.955216	0
IGDCC3	4	4.8004e-01	4.4065e-01	0.955216	0
MAP4K5	4	4.8016e-01	4.4065e-01	0.955216	0
C10orf82	4	4.8023e-01	4.4065e-01	0.955216	0
TIGIT	4	4.8026e-01	4.4065e-01	0.955216	0
BIVM	4	4.8048e-01	4.4065e-01	0.955216	0
C2orf78	4	4.8054e-01	4.4065e-01	0.955216	0
SATB1	4	4.8073e-01	4.4326e-01	0.956096	0
EMILIN1	4	4.8076e-01	4.4326e-01	0.956096	0
PRSS57	4	4.8080e-01	4.4326e-01	0.956096	0
CXXC4	4	4.8086e-01	4.4326e-01	0.956096	0
SMIM5	4	4.8089e-01	4.4326e-01	0.956096	0
OR8B3	4	4.8095e-01	4.4326e-01	0.956096	0
ACSS3	4	4.8102e-01	4.4326e-01	0.956096	0
KIAA1109	4	4.8111e-01	4.4326e-01	0.956096	0
HMGCS2	4	4.8114e-01	4.4326e-01	0.956096	0
CCAR2	4	4.8118e-01	4.4326e-01	0.956096	0
SCLY	4	4.8124e-01	4.4326e-01	0.956096	0
HOXA13	4	4.8127e-01	4.4326e-01	0.956096	0
ZNF397	4	4.8130e-01	4.4326e-01	0.956096	0
CLECL1	4	4.8133e-01	4.4326e-01	0.956096	0
APOA1BP	4	4.8140e-01	4.4326e-01	0.956096	0
CTF1	4	4.8143e-01	4.4326e-01	0.956096	0
FIBCD1	4	4.8160e-01	4.4326e-01	0.956096	0
TREX1	4	4.8160e-01	4.4326e-01	0.956096	0
PASD1	4	4.8165e-01	4.4326e-01	0.956096	0
KCNH5	4	4.8178e-01	4.4326e-01	0.956096	0
OLIG3	4	4.8181e-01	4.4326e-01	0.956096	0
PRIMA1	4	4.8187e-01	4.4326e-01	0.956096	0
TCIRG1	4	4.8193e-01	4.4326e-01	0.956096	0
BLOC1S6	4	4.8200e-01	4.4326e-01	0.956096	0
MIB2	4	4.8203e-01	4.4326e-01	0.956096	0
TMEM109	4	4.8209e-01	4.4326e-01	0.956096	0
CITED2	4	4.8216e-01	4.4326e-01	0.956096	0
PKD2L1	4	4.8219e-01	4.4326e-01	0.956096	0
MID2	4	4.8222e-01	4.4326e-01	0.956096	0
KRTAP12-3	4	4.8225e-01	4.4326e-01	0.956096	0
PUS7	4	4.8234e-01	4.4326e-01	0.956096	0
ZCCHC16	4	4.8241e-01	4.4326e-01	0.956096	0
TMEM200B	4	4.8244e-01	4.4326e-01	0.956096	0
C16orf46	4	4.8250e-01	4.4326e-01	0.956096	0
WDR60	4	4.8253e-01	4.4326e-01	0.956096	0
TESK1	4	4.8260e-01	4.4326e-01	0.956096	0
ASPDH	4	4.8266e-01	4.4326e-01	0.956096	0
CHRNA10	4	4.8271e-01	4.4326e-01	0.956096	0
ARHGAP5	4	4.8279e-01	4.4326e-01	0.956096	0
CCDC180	4	4.8282e-01	4.4326e-01	0.956096	0
SNX5	4	4.8288e-01	4.4326e-01	0.956096	0
PITPNA	4	4.8294e-01	4.4326e-01	0.956096	0
CHAD	4	4.8298e-01	4.4326e-01	0.956096	0
EPO	4	4.8301e-01	4.4326e-01	0.956096	0
PPFIBP1	4	4.8310e-01	4.4585e-01	0.959735	0
KLF7	4	4.8313e-01	4.4585e-01	0.959735	0
LRIT1	4	4.8316e-01	4.4585e-01	0.959735	0
NIF3L1	4	4.8320e-01	4.4585e-01	0.959735	0
HRCT1	4	4.8323e-01	4.4585e-01	0.959735	0
HORMAD1	4	4.8329e-01	4.4585e-01	0.959735	0
ZBTB18	4	4.8332e-01	4.4585e-01	0.959735	0
L3MBTL3	4	4.8342e-01	4.4585e-01	0.959735	0
MLIP	4	4.8345e-01	4.4585e-01	0.959735	0
ZNF257	4	4.8348e-01	4.4585e-01	0.959735	0
ZNF536	4	4.8354e-01	4.4585e-01	0.959735	0
ME1	4	4.8373e-01	4.4585e-01	0.959735	0
UROD	4	4.8383e-01	4.4585e-01	0.959735	0
MAML1	4	4.8392e-01	4.4585e-01	0.959735	0
BAIAP3	4	4.8395e-01	4.4585e-01	0.959735	0
RABGAP1	4	4.8398e-01	4.4585e-01	0.959735	0
COLGALT2	4	4.8405e-01	4.4585e-01	0.959735	0
HMHA1	4	4.8414e-01	4.4585e-01	0.959735	0
EIF3L	4	4.8427e-01	4.4844e-01	0.964659	0
PPM1K	4	4.8433e-01	4.4844e-01	0.964659	0
MITF	4	4.8436e-01	4.4844e-01	0.964659	0
TRIM54	4	4.8439e-01	4.4844e-01	0.964659	0
RSPO2	4	4.8442e-01	4.4844e-01	0.964659	0
CYB561	4	4.8449e-01	4.4844e-01	0.964659	0
KRTAP9-2	4	4.8461e-01	4.5105e-01	0.965716	0
ELMOD2	4	4.8465e-01	4.5105e-01	0.965716	0
NFE2L1	4	4.8468e-01	4.5105e-01	0.965716	0
EML4	4	4.8474e-01	4.5105e-01	0.965716	0
TUBB1	4	4.8480e-01	4.5105e-01	0.965716	0
OLIG1	4	4.8490e-01	4.5105e-01	0.965716	0
MAPKAPK5	4	4.8493e-01	4.5105e-01	0.965716	0
POMGNT1	4	4.8502e-01	4.5105e-01	0.965716	0
ZNF133	4	4.8509e-01	4.5105e-01	0.965716	0
UGT1A4	4	4.8512e-01	4.5105e-01	0.965716	0
ANXA8	4	4.8515e-01	4.5105e-01	0.965716	0
C9orf43	4	4.8521e-01	4.5105e-01	0.965716	0
TRPC4	4	4.8524e-01	4.5105e-01	0.965716	0
A2ML1	4	4.8527e-01	4.5105e-01	0.965716	0
FNDC5	4	4.8531e-01	4.5105e-01	0.965716	0
CSNK1A1L	4	4.8537e-01	4.5105e-01	0.965716	0
CRHR2	4	4.8543e-01	4.5105e-01	0.965716	0
BMP8B	4	4.8546e-01	4.5105e-01	0.965716	0
PRPF38A	4	4.8549e-01	4.5105e-01	0.965716	0
SUN1	4	4.8553e-01	4.5105e-01	0.965716	0
MYH10	4	4.8556e-01	4.5105e-01	0.965716	0
RAB28	4	4.8562e-01	4.5105e-01	0.965716	0
EBLN2	4	4.8565e-01	4.5105e-01	0.965716	0
GCNT1	4	4.8571e-01	4.5105e-01	0.965716	0
CFD	4	4.8581e-01	4.5105e-01	0.965716	0
LLPH	4	4.8584e-01	4.5105e-01	0.965716	0
THNSL2	4	4.8587e-01	4.5105e-01	0.965716	0
PRKCB	4	4.8593e-01	4.5105e-01	0.965716	0
EBI3	4	4.8597e-01	4.5105e-01	0.965716	0
DUXA	4	4.8600e-01	4.5105e-01	0.965716	0
MOCS2	4	4.8603e-01	4.5105e-01	0.965716	0
NANOGNB	4	4.8609e-01	4.5105e-01	0.965716	0
LTA	4	4.8618e-01	4.5105e-01	0.965716	0
FKRP	4	4.8622e-01	4.5105e-01	0.965716	0
RAI1	4	4.8625e-01	4.5105e-01	0.965716	0
ABAT	4	4.8628e-01	4.5105e-01	0.965716	0
ZMYND19	4	4.8631e-01	4.5105e-01	0.965716	0
ASB5	4	4.8644e-01	4.5105e-01	0.965716	0
LRTM2	4	4.8647e-01	4.5105e-01	0.965716	0
ZNF561	4	4.8650e-01	4.5105e-01	0.965716	0
EQTN	4	4.8653e-01	4.5105e-01	0.965716	0
ACAD11	4	4.8656e-01	4.5105e-01	0.965716	0
NOL11	4	4.8662e-01	4.5360e-01	0.971069	0
HMOX1	4	4.8681e-01	4.5610e-01	0.971094	0
PLA2G4D	4	4.8694e-01	4.5610e-01	0.971094	0
OR6B3	4	4.8697e-01	4.5610e-01	0.971094	0
DAXX	4	4.8700e-01	4.5610e-01	0.971094	0
FBXL18	4	4.8722e-01	4.5610e-01	0.971094	0
MKRN2OS	4	4.8725e-01	4.5610e-01	0.971094	0
ZNF205	4	4.8728e-01	4.5610e-01	0.971094	0
C22orf34	4	4.8731e-01	4.5610e-01	0.971094	0
MYLK2	4	4.8738e-01	4.5610e-01	0.971094	0
NDUFA2	4	4.8741e-01	4.5610e-01	0.971094	0
FBXL20	4	4.8744e-01	4.5610e-01	0.971094	0
CIPC	4	4.8747e-01	4.5610e-01	0.971094	0
AGAP2	4	4.8772e-01	4.5869e-01	0.971094	0
SELT	4	4.8782e-01	4.5869e-01	0.971094	0
HMOX2	4	4.8785e-01	4.5869e-01	0.971094	0
DSCAM	4	4.8791e-01	4.5869e-01	0.971094	0
HIBADH	4	4.8816e-01	4.5869e-01	0.971094	0
INTU	4	4.8825e-01	4.5869e-01	0.971094	0
KCTD21	4	4.8832e-01	4.5869e-01	0.971094	0
ESD	4	4.8838e-01	4.5869e-01	0.971094	0
FAM109B	3	4.8849e-01	5.2274e-01	1.000000	0
SIAH1	4	4.8850e-01	4.5869e-01	0.971094	0
MED13L	4	4.8857e-01	4.5869e-01	0.971094	0
TMEM133	4	4.8860e-01	4.5869e-01	0.971094	0
CXorf51A	4	4.8869e-01	4.5869e-01	0.971094	0
CASKIN2	4	4.8872e-01	4.5869e-01	0.971094	0
PLA1A	4	4.8875e-01	4.5869e-01	0.971094	0
CALD1	4	4.8885e-01	4.5869e-01	0.971094	0
CPED1	4	4.8894e-01	4.5869e-01	0.971094	0
GSTO2	4	4.8897e-01	4.5869e-01	0.971094	0
TMEM173	4	4.8900e-01	4.5869e-01	0.971094	0
PSKH1	4	4.8907e-01	4.5869e-01	0.971094	0
GTF3C6	4	4.8910e-01	4.5869e-01	0.971094	0
TRIM16	4	4.8925e-01	4.5869e-01	0.971094	0
GTF2H2C	4	4.8935e-01	4.5869e-01	0.971094	0
PCDH1	4	4.8938e-01	4.5869e-01	0.971094	0
SULT1A2	4	4.8947e-01	4.5869e-01	0.971094	0
RGS11	4	4.8950e-01	4.5869e-01	0.971094	0
HNF4A	4	4.8954e-01	4.5869e-01	0.971094	0
TULP2	3	4.8956e-01	5.2274e-01	1.000000	0
DPCD	4	4.8957e-01	4.5869e-01	0.971094	0
CASC3	4	4.8960e-01	4.5869e-01	0.971094	0
FAM50B	4	4.8966e-01	4.5869e-01	0.971094	0
SEC14L6	4	4.8972e-01	4.5869e-01	0.971094	0
ADGRE1	4	4.8975e-01	4.5869e-01	0.971094	0
APOM	4	4.8982e-01	4.5869e-01	0.971094	0
TMEM174	4	4.8985e-01	4.5869e-01	0.971094	0
ATRNL1	4	4.8988e-01	4.5869e-01	0.971094	0
CISD2	4	4.8991e-01	4.5869e-01	0.971094	0
GDPGP1	4	4.8994e-01	4.5869e-01	0.971094	0
CEP44	4	4.8997e-01	4.5869e-01	0.971094	0
NTAN1	4	4.9000e-01	4.5869e-01	0.971094	0
LRRC66	4	4.9013e-01	4.5869e-01	0.971094	0
IFNGR1	4	4.9016e-01	4.5869e-01	0.971094	0
C3orf52	4	4.9025e-01	4.5869e-01	0.971094	0
TWF1	4	4.9028e-01	4.5869e-01	0.971094	0
DTHD1	4	4.9032e-01	4.5869e-01	0.971094	0
KIR3DL3	4	4.9035e-01	4.5869e-01	0.971094	0
PDZD4	4	4.9038e-01	4.5869e-01	0.971094	0
ARHGAP9	4	4.9041e-01	4.5869e-01	0.971094	0
DBX1	4	4.9044e-01	4.5869e-01	0.971094	0
FOXRED2	4	4.9050e-01	4.5869e-01	0.971094	0
P3H2	4	4.9060e-01	4.5869e-01	0.971094	0
ARL11	4	4.9063e-01	4.5869e-01	0.971094	0
ENPP7	4	4.9066e-01	4.5869e-01	0.971094	0
ADPRM	4	4.9072e-01	4.5869e-01	0.971094	0
DNAJC5G	4	4.9075e-01	4.5869e-01	0.971094	0
ERC1	4	4.9078e-01	4.5869e-01	0.971094	0
SPIN1	4	4.9085e-01	4.5869e-01	0.971094	0
PIGZ	4	4.9088e-01	4.5869e-01	0.971094	0
PRDX3	4	4.9094e-01	4.5869e-01	0.971094	0
ZNF713	4	4.9097e-01	4.5869e-01	0.971094	0
CNR1	4	4.9103e-01	4.5869e-01	0.971094	0
MANEA	4	4.9106e-01	4.5869e-01	0.971094	0
REG3A	4	4.9110e-01	4.5869e-01	0.971094	0
ZNF7	4	4.9119e-01	4.5869e-01	0.971094	0
NLRP2	4	4.9122e-01	4.5869e-01	0.971094	0
CD84	4	4.9128e-01	4.5869e-01	0.971094	0
ARHGEF16	4	4.9131e-01	4.5869e-01	0.971094	0
BMPER	4	4.9134e-01	4.5869e-01	0.971094	0
MOB1B	4	4.9141e-01	4.5869e-01	0.971094	0
ASTN2	4	4.9147e-01	4.5869e-01	0.971094	0
YEATS2	4	4.9156e-01	4.5869e-01	0.971094	0
GLRA2	4	4.9166e-01	4.5869e-01	0.971094	0
CELF5	4	4.9181e-01	4.5869e-01	0.971094	0
GREB1	4	4.9184e-01	4.5869e-01	0.971094	0
PCDH8	4	4.9187e-01	4.5869e-01	0.971094	0
ANKS1A	4	4.9191e-01	4.5869e-01	0.971094	0
VSIG10L	4	4.9194e-01	4.5869e-01	0.971094	0
PAMR1	4	4.9197e-01	4.5869e-01	0.971094	0
IKZF3	4	4.9200e-01	4.5869e-01	0.971094	0
PRKX	4	4.9203e-01	4.5869e-01	0.971094	0
PLEKHG1	4	4.9209e-01	4.5869e-01	0.971094	0
SRRM3	4	4.9215e-01	4.5869e-01	0.971094	0
C1orf226	4	4.9228e-01	4.5869e-01	0.971094	0
SHANK3	4	4.9247e-01	4.5869e-01	0.971094	0
PLXNA4	4	4.9253e-01	4.5869e-01	0.971094	0
ARHGAP27	4	4.9256e-01	4.5869e-01	0.971094	0
NEUROD4	4	4.9259e-01	4.5869e-01	0.971094	0
PRRX2	4	4.9271e-01	4.5869e-01	0.971094	0
MTRNR2L1	2	4.9280e-01	6.0997e-01	1.000000	0
TSPY3	4	4.9281e-01	4.5869e-01	0.971094	0
SCYL1	4	4.9293e-01	4.6117e-01	0.976110	0
PRPF18	4	4.9306e-01	4.6117e-01	0.976110	0
NKX2-1	4	4.9315e-01	4.6371e-01	0.979100	0
TMEM247	4	4.9321e-01	4.6371e-01	0.979100	0
ZNF512B	4	4.9330e-01	4.6371e-01	0.979100	0
SLC52A2	4	4.9343e-01	4.6371e-01	0.979100	0
TULP1	4	4.9346e-01	4.6371e-01	0.979100	0
CCER1	4	4.9349e-01	4.6371e-01	0.979100	0
NLRP9	4	4.9352e-01	4.6371e-01	0.979100	0
DYNC1I2	4	4.9355e-01	4.6371e-01	0.979100	0
CATSPER4	4	4.9362e-01	4.6371e-01	0.979100	0
USP40	4	4.9365e-01	4.6371e-01	0.979100	0
SASH1	4	4.9368e-01	4.6371e-01	0.979100	0
ZNF512	4	4.9371e-01	4.6371e-01	0.979100	0
ZKSCAN7	4	4.9374e-01	4.6371e-01	0.979100	0
FHIT	4	4.9385e-01	4.6371e-01	0.979100	0
LOC100132146	4	4.9385e-01	4.6371e-01	0.979100	0
TTLL10	4	4.9389e-01	4.6371e-01	0.979100	0
C4orf22	4	4.9396e-01	4.6371e-01	0.979100	0
FAM117B	4	4.9402e-01	4.6371e-01	0.979100	0
NCR2	4	4.9408e-01	4.6371e-01	0.979100	0
ZNF226	4	4.9411e-01	4.6371e-01	0.979100	0
SEMA5A	4	4.9414e-01	4.6371e-01	0.979100	0
TRAP1	4	4.9419e-01	4.6371e-01	0.979100	0
DHX57	4	4.9427e-01	4.6616e-01	0.980841	0
NUDT1	4	4.9430e-01	4.6616e-01	0.980841	0
UPK1B	4	4.9433e-01	4.6616e-01	0.980841	0
NEU2	4	4.9442e-01	4.6616e-01	0.980841	0
PLD3	4	4.9445e-01	4.6616e-01	0.980841	0
CFAP57	4	4.9448e-01	4.6616e-01	0.980841	0
HCFC2	4	4.9451e-01	4.6616e-01	0.980841	0
ZNF709	4	4.9455e-01	4.6616e-01	0.980841	0
TINAG	4	4.9464e-01	4.6616e-01	0.980841	0
ICAM5	4	4.9467e-01	4.6616e-01	0.980841	0
APOL6	4	4.9470e-01	4.6616e-01	0.980841	0
SEMA3D	4	4.9473e-01	4.6616e-01	0.980841	0
RFESD	4	4.9482e-01	4.6616e-01	0.980841	0
DCANP1	4	4.9486e-01	4.6616e-01	0.980841	0
TMEM176B	4	4.9489e-01	4.6616e-01	0.980841	0
ZDHHC16	4	4.9495e-01	4.6616e-01	0.980841	0
CFAP58	4	4.9527e-01	4.6867e-01	0.980841	0
ADGRA2	4	4.9532e-01	4.6867e-01	0.980841	0
HMGXB3	4	4.9535e-01	4.6867e-01	0.980841	0
DAGLA	4	4.9538e-01	4.6867e-01	0.980841	0
NGFRAP1	4	4.9548e-01	4.6867e-01	0.980841	0
ING4	4	4.9551e-01	4.6867e-01	0.980841	0
LACE1	4	4.9554e-01	4.6867e-01	0.980841	0
ZNF398	4	4.9557e-01	4.6867e-01	0.980841	0
GRIN2A	4	4.9560e-01	4.6867e-01	0.980841	0
ARHGEF5	4	4.9566e-01	4.6867e-01	0.980841	0
MMP27	4	4.9591e-01	4.6867e-01	0.980841	0
ZNF443	4	4.9597e-01	4.7120e-01	0.980841	0
ZFP42	4	4.9606e-01	4.7120e-01	0.980841	0
RASSF8	4	4.9609e-01	4.7120e-01	0.980841	0
ATXN7	4	4.9619e-01	4.7120e-01	0.980841	0
WDR11	4	4.9628e-01	4.7120e-01	0.980841	0
ZNF541	4	4.9634e-01	4.7120e-01	0.980841	0
C1orf198	4	4.9637e-01	4.7120e-01	0.980841	0
CD96	4	4.9640e-01	4.7120e-01	0.980841	0
CYP3A4	4	4.9653e-01	4.7120e-01	0.980841	0
OR5T3	4	4.9656e-01	4.7120e-01	0.980841	0
C8orf33	4	4.9665e-01	4.7120e-01	0.980841	0
IFT46	4	4.9668e-01	4.7120e-01	0.980841	0
FGD5	4	4.9674e-01	4.7120e-01	0.980841	0
CCDC117	4	4.9677e-01	4.7120e-01	0.980841	0
ATP6V0A2	4	4.9681e-01	4.7120e-01	0.980841	0
KRTAP9-9	4	4.9687e-01	4.7120e-01	0.980841	0
GPHA2	4	4.9696e-01	4.7120e-01	0.980841	0
DNAJC3	4	4.9708e-01	4.7120e-01	0.980841	0
ANKH	4	4.9711e-01	4.7120e-01	0.980841	0
MUC6	4	4.9715e-01	4.7120e-01	0.980841	0
SPPL2C	4	4.9718e-01	4.7120e-01	0.980841	0
PARD3B	4	4.9727e-01	4.7120e-01	0.980841	0
FADS3	4	4.9739e-01	4.7120e-01	0.980841	0
KLF16	4	4.9749e-01	4.7120e-01	0.980841	0
GPT	4	4.9758e-01	4.7120e-01	0.980841	0
GRHL3	4	4.9761e-01	4.7120e-01	0.980841	0
LRRIQ3	4	4.9767e-01	4.7120e-01	0.980841	0
SERPING1	4	4.9770e-01	4.7120e-01	0.980841	0
DNAJB7	4	4.9779e-01	4.7120e-01	0.980841	0
IQGAP3	4	4.9782e-01	4.7120e-01	0.980841	0
MAN1A2	4	4.9792e-01	4.7120e-01	0.980841	0
TRPV6	4	4.9798e-01	4.7120e-01	0.980841	0
OR6C1	4	4.9810e-01	4.7120e-01	0.980841	0
ZDHHC18	4	4.9819e-01	4.7120e-01	0.980841	0
INSL5	4	4.9829e-01	4.7120e-01	0.980841	0
ILF2	4	4.9832e-01	4.7120e-01	0.980841	0
PRKCH	4	4.9838e-01	4.7120e-01	0.980841	0
TMEM17	4	4.9847e-01	4.7120e-01	0.980841	0
FGB	4	4.9850e-01	4.7120e-01	0.980841	0
NDST4	4	4.9853e-01	4.7120e-01	0.980841	0
SLC17A3	4	4.9866e-01	4.7120e-01	0.980841	0
DLGAP2	4	4.9875e-01	4.7120e-01	0.980841	0
TMEM42	4	4.9884e-01	4.7120e-01	0.980841	0
FBXO3	4	4.9890e-01	4.7120e-01	0.980841	0
AP5S1	4	4.9897e-01	4.7120e-01	0.980841	0
ANKRD26	4	4.9900e-01	4.7120e-01	0.980841	0
ZBTB8B	4	4.9906e-01	4.7120e-01	0.980841	0
TMX3	4	4.9915e-01	4.7120e-01	0.980841	0
FKBPL	4	4.9918e-01	4.7120e-01	0.980841	0
TMEM25	4	4.9924e-01	4.7120e-01	0.980841	0
MLYCD	4	4.9930e-01	4.7120e-01	0.980841	0
KCNQ3	4	4.9933e-01	4.7120e-01	0.980841	0
DNASE1L2	4	4.9937e-01	4.7120e-01	0.980841	0
PPP1R16A	4	4.9943e-01	4.7120e-01	0.980841	0
MDK	4	4.9952e-01	4.7120e-01	0.980841	0
FAM131A	4	4.9955e-01	4.7120e-01	0.980841	0
SDC1	4	4.9964e-01	4.7120e-01	0.980841	0
GTPBP2	4	4.9967e-01	4.7120e-01	0.980841	0
IL18R1	4	4.9998e-01	4.7120e-01	0.980841	0
VGLL2	4	5.0001e-01	4.7120e-01	0.980841	0
LFNG	4	5.0013e-01	4.7120e-01	0.980841	0
PCDHGA10	4	5.0017e-01	4.7120e-01	0.980841	0
OR9G1	4	5.0020e-01	4.7120e-01	0.980841	0
MYO1H	4	5.0032e-01	4.7120e-01	0.980841	0
WDR53	4	5.0038e-01	4.7120e-01	0.980841	0
STYK1	4	5.0041e-01	4.7120e-01	0.980841	0
ELMO3	4	5.0044e-01	4.7120e-01	0.980841	0
GAREML	4	5.0047e-01	4.7120e-01	0.980841	0
PROL1	4	5.0053e-01	4.7120e-01	0.980841	0
MED25	4	5.0057e-01	4.7120e-01	0.980841	0
SLC7A3	4	5.0063e-01	4.7120e-01	0.980841	0
CRYM	4	5.0066e-01	4.7120e-01	0.980841	0
GPRASP2	4	5.0069e-01	4.7120e-01	0.980841	0
PAX7	4	5.0075e-01	4.7120e-01	0.980841	0
RCBTB2	4	5.0081e-01	4.7120e-01	0.980841	0
TSGA10IP	4	5.0084e-01	4.7120e-01	0.980841	0
OR6S1	4	5.0087e-01	4.7120e-01	0.980841	0
SCARA5	4	5.0090e-01	4.7120e-01	0.980841	0
BAG1	4	5.0100e-01	4.7120e-01	0.980841	0
ELF3	4	5.0112e-01	4.7120e-01	0.980841	0
MROH9	4	5.0118e-01	4.7120e-01	0.980841	0
FAM26F	4	5.0124e-01	4.7120e-01	0.980841	0
HSPA1L	4	5.0127e-01	4.7120e-01	0.980841	0
RDX	4	5.0130e-01	4.7120e-01	0.980841	0
LCLAT1	4	5.0133e-01	4.7120e-01	0.980841	0
MGAM	4	5.0139e-01	4.7120e-01	0.980841	0
MGAM2	4	5.0142e-01	4.7120e-01	0.980841	0
PRKAG3	4	5.0146e-01	4.7120e-01	0.980841	0
HINT3	4	5.0152e-01	4.7120e-01	0.980841	0
CACNB1	4	5.0155e-01	4.7120e-01	0.980841	0
DEFB1	4	5.0161e-01	4.7120e-01	0.980841	0
MUT	4	5.0164e-01	4.7120e-01	0.980841	0
BIRC8	4	5.0167e-01	4.7120e-01	0.980841	0
RPRM	4	5.0172e-01	4.7120e-01	0.980841	0
HNRNPH2	4	5.0189e-01	4.7120e-01	0.980841	0
CST7	4	5.0192e-01	4.7120e-01	0.980841	0
POU3F4	4	5.0195e-01	4.7120e-01	0.980841	0
SCLT1	4	5.0198e-01	4.7120e-01	0.980841	0
C16orf52	4	5.0201e-01	4.7120e-01	0.980841	0
PDE6H	4	5.0204e-01	4.7120e-01	0.980841	0
CASP5	4	5.0213e-01	4.7120e-01	0.980841	0
MAN2A2	4	5.0222e-01	4.7120e-01	0.980841	0
MARCO	4	5.0225e-01	4.7120e-01	0.980841	0
CDPF1	4	5.0244e-01	4.7366e-01	0.985200	0
KIF26B	4	5.0247e-01	4.7366e-01	0.985200	0
GJB4	4	5.0253e-01	4.7366e-01	0.985200	0
POMZP3	4	5.0256e-01	4.7366e-01	0.985200	0
SETD6	4	5.0262e-01	4.7366e-01	0.985200	0
FAN1	4	5.0268e-01	4.7366e-01	0.985200	0
PUS10	4	5.0277e-01	4.7366e-01	0.985200	0
CT45A1	2	5.0281e-01	6.2857e-01	1.000000	0
CDR1	4	5.0299e-01	4.7615e-01	0.988020	0
PLA2G2D	4	5.0303e-01	4.7615e-01	0.988020	0
RBM43	4	5.0308e-01	4.7615e-01	0.988020	0
WDR31	4	5.0311e-01	4.7615e-01	0.988020	0
CCDC85A	4	5.0314e-01	4.7615e-01	0.988020	0
NECAP2	4	5.0317e-01	4.7615e-01	0.988020	0
GNG5	4	5.0320e-01	4.7615e-01	0.988020	0
TUBA8	4	5.0323e-01	4.7615e-01	0.988020	0
ZBTB4	4	5.0326e-01	4.7615e-01	0.988020	0
TOB2	4	5.0333e-01	4.7615e-01	0.988020	0
SYTL1	4	5.0342e-01	4.7615e-01	0.988020	0
CHEK2	4	5.0354e-01	4.7615e-01	0.988020	0
C12orf66	4	5.0357e-01	4.7615e-01	0.988020	0
GMDS	4	5.0360e-01	4.7615e-01	0.988020	0
PAK7	4	5.0369e-01	4.7615e-01	0.988020	0
SPRED1	4	5.0375e-01	4.7615e-01	0.988020	0
C21orf2	4	5.0378e-01	4.7615e-01	0.988020	0
NBEAL1	4	5.0388e-01	4.7615e-01	0.988020	0
ATP6V0A4	4	5.0394e-01	4.7615e-01	0.988020	0
GBP3	4	5.0400e-01	4.7615e-01	0.988020	0
TMEM123	4	5.0406e-01	4.7615e-01	0.988020	0
CPB2	4	5.0409e-01	4.7615e-01	0.988020	0
ALDH4A1	4	5.0415e-01	4.7866e-01	0.990859	0
ARSJ	4	5.0418e-01	4.7866e-01	0.990859	0
ZNF471	4	5.0421e-01	4.7866e-01	0.990859	0
TTLL11	4	5.0424e-01	4.7866e-01	0.990859	0
KIAA0101	4	5.0427e-01	4.7866e-01	0.990859	0
CACNA1E	4	5.0433e-01	4.7866e-01	0.990859	0
IFNA16	4	5.0436e-01	4.7866e-01	0.990859	0
MSANTD3-TMEFF1	4	5.0443e-01	4.7866e-01	0.990859	0
ZNF227	4	5.0446e-01	4.7866e-01	0.990859	0
APOBEC3H	4	5.0455e-01	4.7866e-01	0.990859	0
KCTD13	4	5.0461e-01	4.7866e-01	0.990859	0
FBXO18	4	5.0467e-01	4.7866e-01	0.990859	0
UBE2QL1	4	5.0476e-01	4.7866e-01	0.990859	0
ZNF124	4	5.0482e-01	4.7866e-01	0.990859	0
HERC4	4	5.0498e-01	4.7866e-01	0.990859	0
ZNF254	4	5.0501e-01	4.7866e-01	0.990859	0
ZNF250	4	5.0504e-01	4.7866e-01	0.990859	0
UTS2B	4	5.0507e-01	4.7866e-01	0.990859	0
FAM129C	4	5.0513e-01	4.7866e-01	0.990859	0
GLUL	4	5.0519e-01	4.7866e-01	0.990859	0
ACPP	4	5.0531e-01	4.7866e-01	0.990859	0
ACTL8	4	5.0534e-01	4.7866e-01	0.990859	0
STARD3NL	4	5.0546e-01	4.8110e-01	0.991188	0
TLN2	4	5.0549e-01	4.8110e-01	0.991188	0
PRR22	4	5.0556e-01	4.8110e-01	0.991188	0
FGF8	4	5.0559e-01	4.8110e-01	0.991188	0
HOXC9	4	5.0562e-01	4.8110e-01	0.991188	0
CYLC1	4	5.0565e-01	4.8110e-01	0.991188	0
AGPAT3	4	5.0568e-01	4.8110e-01	0.991188	0
UBQLN1	4	5.0580e-01	4.8110e-01	0.991188	0
MT3	4	5.0589e-01	4.8110e-01	0.991188	0
C6orf222	4	5.0592e-01	4.8110e-01	0.991188	0
L3MBTL1	4	5.0601e-01	4.8110e-01	0.991188	0
DRP2	4	5.0610e-01	4.8110e-01	0.991188	0
RUNX3	4	5.0613e-01	4.8110e-01	0.991188	0
LRIG1	4	5.0616e-01	4.8110e-01	0.991188	0
C16orf96	4	5.0638e-01	4.8110e-01	0.991188	0
OR10H4	4	5.0644e-01	4.8110e-01	0.991188	0
SUSD2	4	5.0647e-01	4.8110e-01	0.991188	0
TRIM6-TRIM34	4	5.0650e-01	4.8110e-01	0.991188	0
TLDC2	4	5.0653e-01	4.8110e-01	0.991188	0
ISOC1	4	5.0665e-01	4.8110e-01	0.991188	0
DDIT4	4	5.0671e-01	4.8110e-01	0.991188	0
FAM212B	4	5.0674e-01	4.8110e-01	0.991188	0
SLITRK6	4	5.0683e-01	4.8110e-01	0.991188	0
MPZL1	4	5.0693e-01	4.8110e-01	0.991188	0
FLT3	4	5.0702e-01	4.8110e-01	0.991188	0
CTDP1	4	5.0705e-01	4.8110e-01	0.991188	0
ZNF384	4	5.0708e-01	4.8110e-01	0.991188	0
USP43	4	5.0711e-01	4.8110e-01	0.991188	0
OPRK1	4	5.0717e-01	4.8358e-01	0.991188	0
COQ9	4	5.0722e-01	4.8358e-01	0.991188	0
FAM132A	4	5.0722e-01	4.8358e-01	0.991188	0
GLYCTK	4	5.0729e-01	4.8358e-01	0.991188	0
ATP1B4	4	5.0732e-01	4.8358e-01	0.991188	0
OR6C65	4	5.0735e-01	4.8358e-01	0.991188	0
NAALADL2	4	5.0741e-01	4.8358e-01	0.991188	0
GANC	4	5.0744e-01	4.8358e-01	0.991188	0
ACBD3	4	5.0747e-01	4.8358e-01	0.991188	0
CASP10	4	5.0763e-01	4.8358e-01	0.991188	0
KIF21A	4	5.0772e-01	4.8358e-01	0.991188	0
SLC2A1	4	5.0775e-01	4.8358e-01	0.991188	0
FCGR2B	4	5.0778e-01	4.8358e-01	0.991188	0
KIAA0368	4	5.0781e-01	4.8358e-01	0.991188	0
UBQLN4	4	5.0787e-01	4.8358e-01	0.991188	0
FXYD4	4	5.0790e-01	4.8358e-01	0.991188	0
DRAM2	4	5.0793e-01	4.8358e-01	0.991188	0
PABPC5	4	5.0796e-01	4.8358e-01	0.991188	0
GSK3A	4	5.0804e-01	4.8358e-01	0.991188	0
RBM14-RBM4	4	5.0811e-01	4.8358e-01	0.991188	0
ATP1A2	4	5.0823e-01	4.8358e-01	0.991188	0
SPNS3	4	5.0826e-01	4.8358e-01	0.991188	0
DEFB103A	4	5.0829e-01	4.8358e-01	0.991188	0
DRAP1	4	5.0832e-01	4.8358e-01	0.991188	0
BOD1L1	4	5.0836e-01	4.8358e-01	0.991188	0
CCDC102B	4	5.0842e-01	4.8358e-01	0.991188	0
BBIP1	4	5.0845e-01	4.8358e-01	0.991188	0
OR10R2	4	5.0851e-01	4.8358e-01	0.991188	0
JUN	4	5.0854e-01	4.8358e-01	0.991188	0
AKAP1	4	5.0857e-01	4.8358e-01	0.991188	0
GRAMD4	4	5.0860e-01	4.8358e-01	0.991188	0
RAB6C	4	5.0866e-01	4.8358e-01	0.991188	0
CD34	4	5.0869e-01	4.8358e-01	0.991188	0
DNAJC15	4	5.0875e-01	4.8358e-01	0.991188	0
RHOC	4	5.0884e-01	4.8358e-01	0.991188	0
XG	4	5.0887e-01	4.8358e-01	0.991188	0
HAND1	4	5.0890e-01	4.8358e-01	0.991188	0
PLCXD1	4	5.0896e-01	4.8358e-01	0.991188	0
MAP1A	4	5.0899e-01	4.8358e-01	0.991188	0
ITPKA	4	5.0902e-01	4.8358e-01	0.991188	0
NBPF11	4	5.0905e-01	4.8358e-01	0.991188	0
RMDN3	4	5.0908e-01	4.8358e-01	0.991188	0
ABHD16B	4	5.0911e-01	4.8358e-01	0.991188	0
SH3BP1	4	5.0914e-01	4.8358e-01	0.991188	0
CXorf67	4	5.0924e-01	4.8358e-01	0.991188	0
CD300LF	4	5.0927e-01	4.8358e-01	0.991188	0
ATP1B3	4	5.0939e-01	4.8597e-01	0.991188	0
CTSK	4	5.0942e-01	4.8597e-01	0.991188	0
SSFA2	4	5.0945e-01	4.8597e-01	0.991188	0
SBF2	4	5.0951e-01	4.8597e-01	0.991188	0
AKAP10	4	5.0960e-01	4.8597e-01	0.991188	0
BTN2A1	4	5.0969e-01	4.8597e-01	0.991188	0
HLA-DQB2	4	5.0972e-01	4.8597e-01	0.991188	0
SNX31	4	5.0975e-01	4.8597e-01	0.991188	0
UQCRQ	4	5.0981e-01	4.8597e-01	0.991188	0
HRASLS	4	5.0984e-01	4.8597e-01	0.991188	0
OXTR	4	5.0987e-01	4.8597e-01	0.991188	0
GP6	4	5.0990e-01	4.8597e-01	0.991188	0
KLK10	4	5.0999e-01	4.8597e-01	0.991188	0
PRR11	4	5.1002e-01	4.8597e-01	0.991188	0
RPGRIP1	4	5.1005e-01	4.8597e-01	0.991188	0
SHISA7	4	5.1017e-01	4.8597e-01	0.991188	0
IL15RA	4	5.1020e-01	4.8597e-01	0.991188	0
NDUFAF4	4	5.1024e-01	4.8597e-01	0.991188	0
GOLGA8B	4	5.1027e-01	4.8597e-01	0.991188	0
MTMR1	4	5.1030e-01	4.8597e-01	0.991188	0
SPIN3	4	5.1033e-01	4.8597e-01	0.991188	0
DZIP1	4	5.1036e-01	4.8597e-01	0.991188	0
KIF2C	4	5.1042e-01	4.8597e-01	0.991188	0
OR5A2	4	5.1051e-01	4.8597e-01	0.991188	0
FIP1L1	4	5.1054e-01	4.8597e-01	0.991188	0
C12orf50	4	5.1057e-01	4.8597e-01	0.991188	0
GALR2	4	5.1063e-01	4.8597e-01	0.991188	0
ACOT6	4	5.1066e-01	4.8597e-01	0.991188	0
HIST1H2BF	4	5.1072e-01	4.8597e-01	0.991188	0
ACOT1	4	5.1075e-01	4.8597e-01	0.991188	0
ABCA8	4	5.1078e-01	4.8597e-01	0.991188	0
SORT1	4	5.1081e-01	4.8597e-01	0.991188	0
TFRC	4	5.1084e-01	4.8597e-01	0.991188	0
DAOA	4	5.1090e-01	4.8597e-01	0.991188	0
GNG2	4	5.1093e-01	4.8597e-01	0.991188	0
SOWAHB	4	5.1096e-01	4.8597e-01	0.991188	0
ANKLE1	4	5.1099e-01	4.8597e-01	0.991188	0
RHBDD2	4	5.1105e-01	4.8597e-01	0.991188	0
DDAH1	4	5.1108e-01	4.8597e-01	0.991188	0
MTMR6	4	5.1120e-01	4.8597e-01	0.991188	0
AMPD1	4	5.1138e-01	4.8597e-01	0.991188	0
SAMD9L	4	5.1145e-01	4.8597e-01	0.991188	0
MOS	4	5.1148e-01	4.8597e-01	0.991188	0
FAM136A	4	5.1151e-01	4.8597e-01	0.991188	0
PKIA	4	5.1157e-01	4.8597e-01	0.991188	0
MYBL1	4	5.1160e-01	4.8597e-01	0.991188	0
SDHB	4	5.1166e-01	4.8597e-01	0.991188	0
CDH15	4	5.1172e-01	4.8597e-01	0.991188	0
CLDN18	4	5.1184e-01	4.8597e-01	0.991188	0
PRAMEF12	4	5.1187e-01	4.8597e-01	0.991188	0
PURA	4	5.1202e-01	4.8597e-01	0.991188	0
PTPRG	4	5.1205e-01	4.8597e-01	0.991188	0
MMP3	4	5.1214e-01	4.8597e-01	0.991188	0
CYSLTR2	4	5.1217e-01	4.8597e-01	0.991188	0
MBOAT7	4	5.1220e-01	4.8597e-01	0.991188	0
ADGRB1	4	5.1223e-01	4.8597e-01	0.991188	0
C15orf62	4	5.1229e-01	4.8597e-01	0.991188	0
ASB6	4	5.1232e-01	4.8597e-01	0.991188	0
KCNMB3	4	5.1238e-01	4.8597e-01	0.991188	0
EMC8	4	5.1241e-01	4.8597e-01	0.991188	0
GUCY1A2	4	5.1247e-01	4.8597e-01	0.991188	0
POU2F1	4	5.1250e-01	4.8597e-01	0.991188	0
DEFB110	4	5.1253e-01	4.8597e-01	0.991188	0
ODF3L2	4	5.1259e-01	4.8597e-01	0.991188	0
MSANTD3	4	5.1274e-01	4.8842e-01	0.994595	0
PTCHD1	4	5.1277e-01	4.8842e-01	0.994595	0
ZNF112	4	5.1289e-01	4.8842e-01	0.994595	0
ENPP6	4	5.1292e-01	4.8842e-01	0.994595	0
SOX8	4	5.1295e-01	4.8842e-01	0.994595	0
DEGS1	4	5.1299e-01	4.8842e-01	0.994595	0
SYCE3	4	5.1305e-01	4.8843e-01	0.994595	0
FRMD6	4	5.1308e-01	4.8843e-01	0.994595	0
FAM72D	4	5.1311e-01	4.8843e-01	0.994595	0
PSPH	4	5.1314e-01	4.8843e-01	0.994595	0
LUZP6	4	5.1320e-01	4.8843e-01	0.994595	0
SLC18A2	4	5.1323e-01	4.8843e-01	0.994595	0
PITRM1	4	5.1326e-01	4.8843e-01	0.994595	0
RASSF4	4	5.1329e-01	4.8843e-01	0.994595	0
DNAJB11	4	5.1335e-01	4.8843e-01	0.994595	0
C5AR1	4	5.1341e-01	4.9089e-01	0.997125	0
AGMO	4	5.1344e-01	4.9089e-01	0.997125	0
REC114	4	5.1347e-01	4.9089e-01	0.997125	0
OGFOD2	4	5.1353e-01	4.9089e-01	0.997125	0
MORN3	4	5.1356e-01	4.9089e-01	0.997125	0
MCF2	4	5.1359e-01	4.9089e-01	0.997125	0
FANCM	4	5.1368e-01	4.9089e-01	0.997125	0
P4HA3	4	5.1374e-01	4.9089e-01	0.997125	0
HTR4	4	5.1377e-01	4.9089e-01	0.997125	0
RLN2	4	5.1380e-01	4.9089e-01	0.997125	0
FAM63B	4	5.1389e-01	4.9089e-01	0.997125	0
GRK7	4	5.1392e-01	4.9089e-01	0.997125	0
HCCS	4	5.1404e-01	4.9336e-01	0.997125	0
C10orf54	4	5.1410e-01	4.9336e-01	0.997125	0
SPP2	4	5.1413e-01	4.9336e-01	0.997125	0
KCNK7	4	5.1437e-01	4.9577e-01	0.997125	0
ZNF480	4	5.1440e-01	4.9577e-01	0.997125	0
SFMBT2	4	5.1449e-01	4.9577e-01	0.997125	0
THEM5	4	5.1457e-01	4.9577e-01	0.997125	0
ZNF844	4	5.1457e-01	4.9577e-01	0.997125	0
ESRRB	4	5.1464e-01	4.9577e-01	0.997125	0
CCDC113	4	5.1467e-01	4.9577e-01	0.997125	0
LCAT	4	5.1473e-01	4.9577e-01	0.997125	0
FAM196B	4	5.1482e-01	4.9577e-01	0.997125	0
S1PR1	4	5.1490e-01	4.9577e-01	0.997125	0
SMYD1	4	5.1494e-01	4.9577e-01	0.997125	0
SLAMF9	4	5.1497e-01	4.9577e-01	0.997125	0
ADH1C	4	5.1503e-01	4.9577e-01	0.997125	0
LRRC29	4	5.1509e-01	4.9577e-01	0.997125	0
HNF1B	4	5.1515e-01	4.9577e-01	0.997125	0
LCTL	4	5.1518e-01	4.9577e-01	0.997125	0
SEC14L4	4	5.1524e-01	4.9577e-01	0.997125	0
GOLGA2	4	5.1527e-01	4.9577e-01	0.997125	0
SLC22A14	4	5.1530e-01	4.9577e-01	0.997125	0
SLC6A18	4	5.1533e-01	4.9577e-01	0.997125	0
SMARCC2	4	5.1536e-01	4.9577e-01	0.997125	0
FZD5	4	5.1539e-01	4.9577e-01	0.997125	0
SPATA18	4	5.1551e-01	4.9577e-01	0.997125	0
BACE2	4	5.1554e-01	4.9577e-01	0.997125	0
TRABD	4	5.1557e-01	4.9577e-01	0.997125	0
MSH3	4	5.1560e-01	4.9577e-01	0.997125	0
TSPAN9	4	5.1566e-01	4.9577e-01	0.997125	0
KCNC4	4	5.1575e-01	4.9577e-01	0.997125	0
NUDT16	4	5.1578e-01	4.9577e-01	0.997125	0
XKR9	4	5.1584e-01	4.9577e-01	0.997125	0
LRIF1	4	5.1587e-01	4.9577e-01	0.997125	0
PAN3	4	5.1590e-01	4.9577e-01	0.997125	0
UNCX	4	5.1593e-01	4.9577e-01	0.997125	0
APOBR	4	5.1596e-01	4.9577e-01	0.997125	0
CCDC110	4	5.1599e-01	4.9577e-01	0.997125	0
CMKLR1	4	5.1602e-01	4.9577e-01	0.997125	0
C21orf91	4	5.1605e-01	4.9577e-01	0.997125	0
C6orf15	4	5.1611e-01	4.9577e-01	0.997125	0
JAG2	4	5.1614e-01	4.9577e-01	0.997125	0
HNRNPDL	4	5.1626e-01	4.9577e-01	0.997125	0
CLK3	4	5.1629e-01	4.9577e-01	0.997125	0
OR4C11	4	5.1635e-01	4.9577e-01	0.997125	0
C1QTNF6	4	5.1641e-01	4.9577e-01	0.997125	0
C4BPB	4	5.1644e-01	4.9577e-01	0.997125	0
GHRL	4	5.1650e-01	4.9577e-01	0.997125	0
AXIN2	4	5.1653e-01	4.9577e-01	0.997125	0
PGM5	4	5.1656e-01	4.9577e-01	0.997125	0
PSMC3	4	5.1662e-01	4.9577e-01	0.997125	0
COL6A1	4	5.1665e-01	4.9577e-01	0.997125	0
CPQ	4	5.1668e-01	4.9577e-01	0.997125	0
SP140	4	5.1671e-01	4.9577e-01	0.997125	0
SOX2	4	5.1674e-01	4.9577e-01	0.997125	0
CLDN20	4	5.1677e-01	4.9577e-01	0.997125	0
MARK1	4	5.1680e-01	4.9577e-01	0.997125	0
SP110	4	5.1686e-01	4.9577e-01	0.997125	0
MTSS1L	4	5.1689e-01	4.9577e-01	0.997125	0
OR51B4	4	5.1695e-01	4.9577e-01	0.997125	0
GALNT14	4	5.1698e-01	4.9577e-01	0.997125	0
PSMB9	4	5.1701e-01	4.9577e-01	0.997125	0
HEY2	4	5.1704e-01	4.9577e-01	0.997125	0
CDKN1A	4	5.1707e-01	4.9577e-01	0.997125	0
DNAJA1	4	5.1713e-01	4.9577e-01	0.997125	0
TRABD2B	4	5.1716e-01	4.9577e-01	0.997125	0
ZNF781	4	5.1722e-01	4.9577e-01	0.997125	0
LGALS8	4	5.1725e-01	4.9577e-01	0.997125	0
GNB4	4	5.1728e-01	4.9577e-01	0.997125	0
CLEC12B	4	5.1731e-01	4.9577e-01	0.997125	0
RASSF2	4	5.1734e-01	4.9577e-01	0.997125	0
OR8G2	4	5.1737e-01	4.9577e-01	0.997125	0
VWF	4	5.1746e-01	4.9577e-01	0.997125	0
PRICKLE4	4	5.1752e-01	4.9577e-01	0.997125	0
FCRL5	4	5.1770e-01	4.9577e-01	0.997125	0
MED27	4	5.1773e-01	4.9577e-01	0.997125	0
VPREB3	3	5.1778e-01	5.6713e-01	1.000000	0
UNK	4	5.1782e-01	4.9577e-01	0.997125	0
GOPC	4	5.1785e-01	4.9577e-01	0.997125	0
C15orf43	4	5.1788e-01	4.9577e-01	0.997125	0
CHCHD10	4	5.1791e-01	4.9577e-01	0.997125	0
OR51G1	4	5.1794e-01	4.9577e-01	0.997125	0
IL6	4	5.1800e-01	4.9577e-01	0.997125	0
HSD11B2	4	5.1806e-01	4.9577e-01	0.997125	0
SNTB2	4	5.1821e-01	4.9577e-01	0.997125	0
CYB5R3	4	5.1827e-01	4.9577e-01	0.997125	0
ZDHHC21	4	5.1833e-01	4.9577e-01	0.997125	0
OR52L1	4	5.1842e-01	4.9577e-01	0.997125	0
SLC4A7	4	5.1851e-01	4.9577e-01	0.997125	0
MKRN1	4	5.1857e-01	4.9577e-01	0.997125	0
MEX3C	4	5.1863e-01	4.9577e-01	0.997125	0
TMEM97	4	5.1869e-01	4.9577e-01	0.997125	0
INAFM1	4	5.1872e-01	4.9577e-01	0.997125	0
NRK	4	5.1875e-01	4.9577e-01	0.997125	0
MSS51	4	5.1878e-01	4.9577e-01	0.997125	0
C16orf78	4	5.1884e-01	4.9577e-01	0.997125	0
PIGX	4	5.1887e-01	4.9577e-01	0.997125	0
CCZ1B	4	5.1890e-01	4.9577e-01	0.997125	0
BMP2	4	5.1893e-01	4.9577e-01	0.997125	0
SERPINB12	4	5.1911e-01	4.9577e-01	0.997125	0
SFN	4	5.1917e-01	4.9577e-01	0.997125	0
DCAF4L2	4	5.1923e-01	4.9577e-01	0.997125	0
CCDC106	4	5.1926e-01	4.9577e-01	0.997125	0
FAM102B	4	5.1941e-01	4.9577e-01	0.997125	0
MC2R	4	5.1950e-01	4.9577e-01	0.997125	0
CLUL1	4	5.1956e-01	4.9577e-01	0.997125	0
ACCSL	4	5.1961e-01	4.9813e-01	1.000000	0
HSFX1	4	5.1973e-01	5.0063e-01	1.000000	0
C4orf47	4	5.1976e-01	5.0063e-01	1.000000	0
RPL29	4	5.1985e-01	5.0063e-01	1.000000	0
LRP12	4	5.1988e-01	5.0063e-01	1.000000	0
FJX1	4	5.1994e-01	5.0063e-01	1.000000	0
FAM122C	4	5.1997e-01	5.0063e-01	1.000000	0
PRAM1	4	5.2000e-01	5.0063e-01	1.000000	0
CTDSP2	4	5.2006e-01	5.0063e-01	1.000000	0
AKR1E2	4	5.2012e-01	5.0063e-01	1.000000	0
ANXA1	4	5.2024e-01	5.0063e-01	1.000000	0
FAM118A	4	5.2027e-01	5.0063e-01	1.000000	0
MEGF11	4	5.2030e-01	5.0063e-01	1.000000	0
NLRC4	4	5.2033e-01	5.0063e-01	1.000000	0
THBS4	4	5.2039e-01	5.0063e-01	1.000000	0
WBSCR28	4	5.2063e-01	5.0304e-01	1.000000	0
OR7C2	4	5.2081e-01	5.0540e-01	1.000000	0
ZNF638	4	5.2096e-01	5.0540e-01	1.000000	0
FTSJ3	4	5.2108e-01	5.0540e-01	1.000000	0
TMEM207	4	5.2117e-01	5.0540e-01	1.000000	0
ESRRG	4	5.2122e-01	5.0540e-01	1.000000	0
RAB6B	4	5.2131e-01	5.0540e-01	1.000000	0
STKLD1	4	5.2134e-01	5.0540e-01	1.000000	0
C9orf106	4	5.2137e-01	5.0541e-01	1.000000	0
WWP1	4	5.2140e-01	5.0541e-01	1.000000	0
IHH	4	5.2146e-01	5.0541e-01	1.000000	0
F8A2	4	5.2149e-01	5.0541e-01	1.000000	0
CYFIP2	4	5.2152e-01	5.0541e-01	1.000000	0
OTUD7B	4	5.2167e-01	5.0541e-01	1.000000	0
DYRK2	4	5.2170e-01	5.0541e-01	1.000000	0
SPINK6	4	5.2173e-01	5.0541e-01	1.000000	0
COMP	4	5.2179e-01	5.0541e-01	1.000000	0
TIGD5	4	5.2189e-01	5.0541e-01	1.000000	0
KRTAP5-5	4	5.2203e-01	5.0773e-01	1.000000	0
COX7B2	4	5.2206e-01	5.0773e-01	1.000000	0
ATG2A	4	5.2221e-01	5.0773e-01	1.000000	0
CRELD1	4	5.2224e-01	5.0773e-01	1.000000	0
FSHB	4	5.2227e-01	5.0773e-01	1.000000	0
HMBOX1	4	5.2233e-01	5.0773e-01	1.000000	0
SPIN2A	4	5.2238e-01	5.0773e-01	1.000000	0
OSCAR	4	5.2241e-01	5.0773e-01	1.000000	0
SAMD11	4	5.2247e-01	5.1003e-01	1.000000	0
TP53INP2	4	5.2253e-01	5.1003e-01	1.000000	0
L1CAM	4	5.2259e-01	5.1003e-01	1.000000	0
MLN	4	5.2262e-01	5.1003e-01	1.000000	0
AKR1B15	4	5.2265e-01	5.1003e-01	1.000000	0
KRTAP4-6	4	5.2268e-01	5.1003e-01	1.000000	0
AGER	4	5.2271e-01	5.1003e-01	1.000000	0
KCNG3	4	5.2280e-01	5.1003e-01	1.000000	0
KIF17	4	5.2283e-01	5.1003e-01	1.000000	0
PLD5	4	5.2289e-01	5.1003e-01	1.000000	0
SIGMAR1	4	5.2292e-01	5.1003e-01	1.000000	0
MRM1	4	5.2295e-01	5.1003e-01	1.000000	0
EHHADH	4	5.2301e-01	5.1003e-01	1.000000	0
ADH4	4	5.2310e-01	5.1003e-01	1.000000	0
TAS2R3	4	5.2319e-01	5.1003e-01	1.000000	0
KIF19	4	5.2322e-01	5.1003e-01	1.000000	0
MCC	4	5.2325e-01	5.1003e-01	1.000000	0
REEP3	4	5.2333e-01	5.1003e-01	1.000000	0
CEP350	4	5.2342e-01	5.1003e-01	1.000000	0
CEP120	4	5.2348e-01	5.1003e-01	1.000000	0
CTNNAL1	4	5.2354e-01	5.1003e-01	1.000000	0
PODN	4	5.2360e-01	5.1003e-01	1.000000	0
AMMECR1L	4	5.2363e-01	5.1003e-01	1.000000	0
TYRP1	4	5.2366e-01	5.1003e-01	1.000000	0
MAPK8	4	5.2369e-01	5.1003e-01	1.000000	0
CYC1	4	5.2375e-01	5.1003e-01	1.000000	0
GTF2A1L	4	5.2379e-01	5.1003e-01	1.000000	0
NEIL2	4	5.2384e-01	5.1003e-01	1.000000	0
SET	4	5.2387e-01	5.1003e-01	1.000000	0
ERBB2IP	4	5.2390e-01	5.1003e-01	1.000000	0
IRF2	4	5.2397e-01	5.1003e-01	1.000000	0
HMGXB4	4	5.2397e-01	5.1003e-01	1.000000	0
SLC8A2	4	5.2402e-01	5.1003e-01	1.000000	0
KCNH8	4	5.2405e-01	5.1003e-01	1.000000	0
MMP24	4	5.2414e-01	5.1003e-01	1.000000	0
MYO6	4	5.2417e-01	5.1003e-01	1.000000	0
BARX1	4	5.2422e-01	5.1003e-01	1.000000	0
LYPD3	4	5.2428e-01	5.1003e-01	1.000000	0
GLRA1	4	5.2431e-01	5.1003e-01	1.000000	0
RLN1	4	5.2437e-01	5.1003e-01	1.000000	0
NMB	4	5.2440e-01	5.1003e-01	1.000000	0
MERTK	4	5.2455e-01	5.1003e-01	1.000000	0
EDN1	4	5.2458e-01	5.1003e-01	1.000000	0
TPH2	4	5.2461e-01	5.1003e-01	1.000000	0
OR52E6	4	5.2467e-01	5.1003e-01	1.000000	0
LDB1	4	5.2470e-01	5.1003e-01	1.000000	0
COX6A2	4	5.2476e-01	5.1003e-01	1.000000	0
FBXO22	4	5.2479e-01	5.1003e-01	1.000000	0
CYP2A13	4	5.2485e-01	5.1003e-01	1.000000	0
PCGF5	4	5.2491e-01	5.1003e-01	1.000000	0
SPAG11B	4	5.2499e-01	5.1003e-01	1.000000	0
SLC7A7	4	5.2508e-01	5.1003e-01	1.000000	0
MRPL10	4	5.2514e-01	5.1003e-01	1.000000	0
ZNF570	4	5.2517e-01	5.1003e-01	1.000000	0
FUT6	4	5.2520e-01	5.1003e-01	1.000000	0
AMY1B	4	5.2523e-01	5.1003e-01	1.000000	0
GRK5	4	5.2526e-01	5.1003e-01	1.000000	0
BRPF1	4	5.2541e-01	5.1003e-01	1.000000	0
SYT2	4	5.2545e-01	5.1003e-01	1.000000	0
FABP7	3	5.2550e-01	5.7723e-01	1.000000	0
SLC22A24	4	5.2556e-01	5.1003e-01	1.000000	0
IGSF21	4	5.2559e-01	5.1003e-01	1.000000	0
MX2	4	5.2567e-01	5.1003e-01	1.000000	0
NMNAT3	4	5.2570e-01	5.1003e-01	1.000000	0
TRIM32	4	5.2576e-01	5.1003e-01	1.000000	0
OR2T11	4	5.2579e-01	5.1003e-01	1.000000	0
TSPAN7	4	5.2582e-01	5.1003e-01	1.000000	0
XKR7	4	5.2588e-01	5.1003e-01	1.000000	0
SLC9A2	4	5.2591e-01	5.1003e-01	1.000000	0
NIPAL1	4	5.2603e-01	5.1003e-01	1.000000	0
ISL2	4	5.2606e-01	5.1003e-01	1.000000	0
ATP13A5	4	5.2615e-01	5.1003e-01	1.000000	0
HACE1	4	5.2618e-01	5.1003e-01	1.000000	0
INHBA	4	5.2621e-01	5.1003e-01	1.000000	0
METTL10	4	5.2624e-01	5.1003e-01	1.000000	0
ABCG2	4	5.2627e-01	5.1003e-01	1.000000	0
PSRC1	4	5.2630e-01	5.1003e-01	1.000000	0
HPDL	4	5.2632e-01	5.1003e-01	1.000000	0
CDC42EP5	4	5.2641e-01	5.1003e-01	1.000000	0
FAM175A	4	5.2644e-01	5.1003e-01	1.000000	0
POLR2I	4	5.2653e-01	5.1003e-01	1.000000	0
HYDIN	4	5.2665e-01	5.1003e-01	1.000000	0
TERT	4	5.2671e-01	5.1003e-01	1.000000	0
KCND2	4	5.2674e-01	5.1003e-01	1.000000	0
ADCY3	3	5.2679e-01	5.7888e-01	1.000000	0
ILDR1	4	5.2680e-01	5.1003e-01	1.000000	0
FOXG1	4	5.2683e-01	5.1003e-01	1.000000	0
PKP2	4	5.2689e-01	5.1003e-01	1.000000	0
NPAP1	4	5.2697e-01	5.1003e-01	1.000000	0
ORM1	4	5.2700e-01	5.1003e-01	1.000000	0
PSG8	4	5.2709e-01	5.1237e-01	1.000000	0
LOC100129520	4	5.2718e-01	5.1237e-01	1.000000	0
COLEC10	4	5.2721e-01	5.1237e-01	1.000000	0
BROX	4	5.2724e-01	5.1237e-01	1.000000	0
LSM14A	4	5.2727e-01	5.1237e-01	1.000000	0
NCALD	4	5.2733e-01	5.1237e-01	1.000000	0
N4BP2L1	4	5.2736e-01	5.1237e-01	1.000000	0
ARSH	4	5.2742e-01	5.1237e-01	1.000000	0
SNRNP25	4	5.2745e-01	5.1237e-01	1.000000	0
ICOS	4	5.2750e-01	5.1237e-01	1.000000	0
LSMEM2	4	5.2753e-01	5.1237e-01	1.000000	0
RND3	4	5.2756e-01	5.1237e-01	1.000000	0
RHBDL3	4	5.2771e-01	5.1237e-01	1.000000	0
NFATC1	4	5.2786e-01	5.1237e-01	1.000000	0
DTX3	4	5.2792e-01	5.1237e-01	1.000000	0
ZNF665	4	5.2795e-01	5.1237e-01	1.000000	0
PKD2L2	4	5.2801e-01	5.1237e-01	1.000000	0
CNTNAP2	4	5.2804e-01	5.1237e-01	1.000000	0
DIRAS3	4	5.2806e-01	5.1237e-01	1.000000	0
STXBP5L	4	5.2818e-01	5.1237e-01	1.000000	0
GDA	4	5.2821e-01	5.1237e-01	1.000000	0
SWT1	4	5.2824e-01	5.1237e-01	1.000000	0
CDYL	4	5.2830e-01	5.1237e-01	1.000000	0
GADD45A	4	5.2833e-01	5.1237e-01	1.000000	0
CLDN14	4	5.2836e-01	5.1237e-01	1.000000	0
FRMPD1	4	5.2842e-01	5.1237e-01	1.000000	0
NUCKS1	4	5.2859e-01	5.1237e-01	1.000000	0
KRTAP4-11	4	5.2874e-01	5.1237e-01	1.000000	0
SERPINA10	4	5.2880e-01	5.1237e-01	1.000000	0
LGSN	4	5.2883e-01	5.1237e-01	1.000000	0
NKD2	4	5.2886e-01	5.1237e-01	1.000000	0
SMIM15	4	5.2904e-01	5.1472e-01	1.000000	0
PDE4A	4	5.2907e-01	5.1472e-01	1.000000	0
COLQ	4	5.2912e-01	5.1472e-01	1.000000	0
TUSC3	4	5.2918e-01	5.1472e-01	1.000000	0
SMURF1	4	5.2921e-01	5.1472e-01	1.000000	0
ST8SIA1	4	5.2924e-01	5.1472e-01	1.000000	0
LRTOMT	4	5.2930e-01	5.1472e-01	1.000000	0
PLCB3	4	5.2936e-01	5.1472e-01	1.000000	0
FLI1	4	5.2939e-01	5.1472e-01	1.000000	0
GOLGA3	4	5.2948e-01	5.1472e-01	1.000000	0
TCEB3	4	5.2956e-01	5.1472e-01	1.000000	0
IFNA7	4	5.2959e-01	5.1472e-01	1.000000	0
MAFF	4	5.2965e-01	5.1472e-01	1.000000	0
CORO6	4	5.2971e-01	5.1472e-01	1.000000	0
ZFY	4	5.2974e-01	5.1472e-01	1.000000	0
P2RY8	4	5.2980e-01	5.1472e-01	1.000000	0
WRN	4	5.2986e-01	5.1472e-01	1.000000	0
PANX1	4	5.2989e-01	5.1472e-01	1.000000	0
UGT2B11	4	5.2992e-01	5.1472e-01	1.000000	0
ZNF514	4	5.2995e-01	5.1472e-01	1.000000	0
SDHA	4	5.3001e-01	5.1472e-01	1.000000	0
COL7A1	4	5.3006e-01	5.1472e-01	1.000000	0
SNX19	4	5.3015e-01	5.1472e-01	1.000000	0
FOCAD	4	5.3021e-01	5.1472e-01	1.000000	0
SETDB1	4	5.3027e-01	5.1472e-01	1.000000	0
PSD4	4	5.3033e-01	5.1472e-01	1.000000	0
BOK	4	5.3036e-01	5.1472e-01	1.000000	0
RINT1	4	5.3048e-01	5.1472e-01	1.000000	0
CCDC28A	4	5.3050e-01	5.1472e-01	1.000000	0
UBR1	4	5.3056e-01	5.1472e-01	1.000000	0
ADCY9	4	5.3062e-01	5.1472e-01	1.000000	0
PLLP	4	5.3065e-01	5.1472e-01	1.000000	0
CCDC85B	4	5.3074e-01	5.1706e-01	1.000000	0
DRD2	4	5.3080e-01	5.1706e-01	1.000000	0
SYP	4	5.3083e-01	5.1706e-01	1.000000	0
GCFC2	4	5.3086e-01	5.1706e-01	1.000000	0
OR4B1	4	5.3091e-01	5.1706e-01	1.000000	0
KCNH2	4	5.3103e-01	5.1706e-01	1.000000	0
ETV5	4	5.3109e-01	5.1706e-01	1.000000	0
NPIPA8	4	5.3124e-01	5.1706e-01	1.000000	0
PHF14	4	5.3133e-01	5.1706e-01	1.000000	0
CIITA	4	5.3138e-01	5.1706e-01	1.000000	0
CAB39	4	5.3144e-01	5.1706e-01	1.000000	0
MLX	4	5.3153e-01	5.1706e-01	1.000000	0
TMEM260	4	5.3159e-01	5.1939e-01	1.000000	0
FAM189A2	4	5.3162e-01	5.1939e-01	1.000000	0
ECE2	4	5.3168e-01	5.1939e-01	1.000000	0
FCN2	4	5.3171e-01	5.1939e-01	1.000000	0
NLGN2	4	5.3174e-01	5.1939e-01	1.000000	0
SH3RF3	4	5.3176e-01	5.1939e-01	1.000000	0
CFL1	4	5.3191e-01	5.1939e-01	1.000000	0
MTA1	4	5.3206e-01	5.1939e-01	1.000000	0
TMEM164	4	5.3209e-01	5.1939e-01	1.000000	0
LTN1	4	5.3212e-01	5.1939e-01	1.000000	0
LARP1B	4	5.3217e-01	5.1939e-01	1.000000	0
ANO8	4	5.3223e-01	5.1939e-01	1.000000	0
PRSS12	4	5.3247e-01	5.1939e-01	1.000000	0
FAM47B	4	5.3250e-01	5.1939e-01	1.000000	0
PIAS3	4	5.3253e-01	5.1939e-01	1.000000	0
LILRA2	4	5.3255e-01	5.1939e-01	1.000000	0
PHLPP1	4	5.3258e-01	5.1939e-01	1.000000	0
PRKAR1B	4	5.3264e-01	5.1939e-01	1.000000	0
MICALL2	4	5.3273e-01	5.2174e-01	1.000000	0
PRR35	4	5.3288e-01	5.2404e-01	1.000000	0
RHOT2	4	5.3291e-01	5.2404e-01	1.000000	0
TTBK1	4	5.3293e-01	5.2404e-01	1.000000	0
TNFSF18	4	5.3299e-01	5.2404e-01	1.000000	0
OR5M11	4	5.3302e-01	5.2404e-01	1.000000	0
CRHBP	4	5.3312e-01	5.2404e-01	1.000000	0
SERPINB2	4	5.3320e-01	5.2404e-01	1.000000	0
ACOX1	4	5.3323e-01	5.2404e-01	1.000000	0
HS1BP3	4	5.3329e-01	5.2404e-01	1.000000	0
CALCB	4	5.3331e-01	5.2404e-01	1.000000	0
SLC16A3	4	5.3334e-01	5.2404e-01	1.000000	0
IGFN1	4	5.3340e-01	5.2404e-01	1.000000	0
NPNT	4	5.3343e-01	5.2404e-01	1.000000	0
ZIC2	4	5.3346e-01	5.2404e-01	1.000000	0
CD70	4	5.3349e-01	5.2404e-01	1.000000	0
PCDHB3	4	5.3353e-01	5.2404e-01	1.000000	0
IGLL1	4	5.3353e-01	5.2404e-01	1.000000	0
MYOG	4	5.3358e-01	5.2404e-01	1.000000	0
CHPF	4	5.3361e-01	5.2404e-01	1.000000	0
KCP	4	5.3365e-01	5.2404e-01	1.000000	0
DMRT2	4	5.3365e-01	5.2404e-01	1.000000	0
DUPD1	4	5.3372e-01	5.2404e-01	1.000000	0
DHCR24	4	5.3375e-01	5.2404e-01	1.000000	0
MOV10L1	4	5.3384e-01	5.2404e-01	1.000000	0
HYKK	4	5.3390e-01	5.2404e-01	1.000000	0
OR4F4	4	5.3393e-01	5.2404e-01	1.000000	0
GAGE12I	4	5.3397e-01	5.2404e-01	1.000000	0
ADSL	4	5.3401e-01	5.2404e-01	1.000000	0
ZNF627	4	5.3404e-01	5.2404e-01	1.000000	0
VAMP1	4	5.3410e-01	5.2404e-01	1.000000	0
SCN9A	4	5.3413e-01	5.2404e-01	1.000000	0
LRRC19	4	5.3416e-01	5.2404e-01	1.000000	0
SETMAR	4	5.3422e-01	5.2404e-01	1.000000	0
PRKD2	4	5.3425e-01	5.2404e-01	1.000000	0
KBTBD8	4	5.3431e-01	5.2404e-01	1.000000	0
ATP6V1G3	4	5.3434e-01	5.2404e-01	1.000000	0
PRR15L	4	5.3436e-01	5.2404e-01	1.000000	0
GADD45B	4	5.3442e-01	5.2404e-01	1.000000	0
NDST2	4	5.3445e-01	5.2404e-01	1.000000	0
TTC9C	4	5.3457e-01	5.2404e-01	1.000000	0
CLIP3	4	5.3460e-01	5.2404e-01	1.000000	0
SPATA2	4	5.3463e-01	5.2404e-01	1.000000	0
PPIG	4	5.3466e-01	5.2404e-01	1.000000	0
LRFN2	4	5.3469e-01	5.2404e-01	1.000000	0
NKX6-1	4	5.3471e-01	5.2404e-01	1.000000	0
NKAIN2	4	5.3474e-01	5.2404e-01	1.000000	0
OR8B4	4	5.3480e-01	5.2404e-01	1.000000	0
RBBP7	4	5.3483e-01	5.2404e-01	1.000000	0
CYP4F22	4	5.3486e-01	5.2404e-01	1.000000	0
ROMO1	4	5.3489e-01	5.2404e-01	1.000000	0
RBM6	4	5.3495e-01	5.2404e-01	1.000000	0
CCDC17	4	5.3498e-01	5.2404e-01	1.000000	0
CHST14	4	5.3509e-01	5.2404e-01	1.000000	0
SRRT	4	5.3524e-01	5.2404e-01	1.000000	0
OR5P3	4	5.3550e-01	5.2404e-01	1.000000	0
TNFSF8	4	5.3556e-01	5.2404e-01	1.000000	0
WDSUB1	4	5.3565e-01	5.2404e-01	1.000000	0
MTRNR2L6	4	5.3582e-01	5.2404e-01	1.000000	0
PPARG	4	5.3585e-01	5.2404e-01	1.000000	0
TAC3	4	5.3588e-01	5.2404e-01	1.000000	0
CD5	4	5.3591e-01	5.2404e-01	1.000000	0
SYT4	4	5.3594e-01	5.2404e-01	1.000000	0
KRTAP15-1	4	5.3611e-01	5.2404e-01	1.000000	0
TMEM254	4	5.3614e-01	5.2404e-01	1.000000	0
CPNE3	4	5.3620e-01	5.2404e-01	1.000000	0
WIPI1	4	5.3623e-01	5.2404e-01	1.000000	0
SNX15	4	5.3626e-01	5.2404e-01	1.000000	0
CYP2A6	4	5.3629e-01	5.2404e-01	1.000000	0
NXPH4	4	5.3632e-01	5.2404e-01	1.000000	0
HDX	4	5.3646e-01	5.2404e-01	1.000000	0
TAS2R39	4	5.3655e-01	5.2404e-01	1.000000	0
C18orf54	4	5.3663e-01	5.2404e-01	1.000000	0
DNAH6	4	5.3669e-01	5.2404e-01	1.000000	0
FUNDC2	4	5.3678e-01	5.2630e-01	1.000000	0
STAP1	4	5.3684e-01	5.2630e-01	1.000000	0
ZNF766	4	5.3690e-01	5.2630e-01	1.000000	0
ADRA1D	4	5.3693e-01	5.2630e-01	1.000000	0
HSD17B13	4	5.3704e-01	5.2630e-01	1.000000	0
LRP8	4	5.3707e-01	5.2630e-01	1.000000	0
GALNT16	4	5.3710e-01	5.2630e-01	1.000000	0
SIRT6	4	5.3713e-01	5.2630e-01	1.000000	0
SNX9	4	5.3716e-01	5.2630e-01	1.000000	0
NYX	4	5.3719e-01	5.2630e-01	1.000000	0
ROS1	4	5.3730e-01	5.2630e-01	1.000000	0
SEMA3A	4	5.3733e-01	5.2630e-01	1.000000	0
COIL	4	5.3739e-01	5.2630e-01	1.000000	0
NATD1	4	5.3742e-01	5.2630e-01	1.000000	0
OR2C1	4	5.3759e-01	5.3072e-01	1.000000	0
HAVCR1	4	5.3762e-01	5.3072e-01	1.000000	0
GLS	4	5.3768e-01	5.3072e-01	1.000000	0
ZBTB45	4	5.3771e-01	5.3072e-01	1.000000	0
CIC	4	5.3774e-01	5.3072e-01	1.000000	0
MAGEB1	4	5.3777e-01	5.3072e-01	1.000000	0
PIGO	4	5.3785e-01	5.3072e-01	1.000000	0
CSMD1	4	5.3788e-01	5.3072e-01	1.000000	0
SAPCD2	4	5.3800e-01	5.3301e-01	1.000000	0
RETNLB	4	5.3806e-01	5.3301e-01	1.000000	0
PCP2	4	5.3809e-01	5.3301e-01	1.000000	0
KRTAP19-5	4	5.3811e-01	5.3301e-01	1.000000	0
HRH2	4	5.3814e-01	5.3301e-01	1.000000	0
FAM71C	4	5.3820e-01	5.3526e-01	1.000000	0
VPS26A	4	5.3823e-01	5.3526e-01	1.000000	0
TMEM144	4	5.3826e-01	5.3526e-01	1.000000	0
GPR152	4	5.3838e-01	5.3753e-01	1.000000	0
POLN	4	5.3840e-01	5.3753e-01	1.000000	0
PCDHB9	4	5.3858e-01	5.3753e-01	1.000000	0
LYRM7	4	5.3861e-01	5.3753e-01	1.000000	0
CATSPER2	4	5.3864e-01	5.3753e-01	1.000000	0
PAQR9	4	5.3869e-01	5.3753e-01	1.000000	0
MBOAT1	4	5.3877e-01	5.3753e-01	1.000000	0
TRERF1	4	5.3887e-01	5.3753e-01	1.000000	0
GATA1	4	5.3910e-01	5.3753e-01	1.000000	0
TMEM43	4	5.3913e-01	5.3753e-01	1.000000	0
KRT19	4	5.3919e-01	5.3753e-01	1.000000	0
SOCS4	4	5.3921e-01	5.3753e-01	1.000000	0
FTHL17	4	5.3927e-01	5.3753e-01	1.000000	0
APOBEC1	4	5.3942e-01	5.3753e-01	1.000000	0
RNF144B	4	5.3950e-01	5.3753e-01	1.000000	0
SLC2A4	4	5.3953e-01	5.3753e-01	1.000000	0
DACH1	4	5.3956e-01	5.3753e-01	1.000000	0
SCN4B	4	5.3962e-01	5.3976e-01	1.000000	0
MYCN	4	5.3965e-01	5.3976e-01	1.000000	0
BRIP1	4	5.3971e-01	5.3976e-01	1.000000	0
DLGAP3	4	5.3976e-01	5.3976e-01	1.000000	0
CCL11	4	5.3979e-01	5.3976e-01	1.000000	0
TRAF5	4	5.3985e-01	5.3976e-01	1.000000	0
ZFP37	4	5.3997e-01	5.3976e-01	1.000000	0
OR51B2	4	5.4014e-01	5.3976e-01	1.000000	0
FAM86B2	4	5.4017e-01	5.3976e-01	1.000000	0
PRKAG2	4	5.4020e-01	5.3976e-01	1.000000	0
FAM214A	4	5.4028e-01	5.3976e-01	1.000000	0
HOXA4	4	5.4031e-01	5.3976e-01	1.000000	0
RSBN1	4	5.4034e-01	5.3976e-01	1.000000	0
ZNF140	4	5.4040e-01	5.3976e-01	1.000000	0
B4GALT3	4	5.4043e-01	5.3976e-01	1.000000	0
ATG4B	4	5.4052e-01	5.3976e-01	1.000000	0
USHBP1	4	5.4054e-01	5.3976e-01	1.000000	0
OR1L4	4	5.4066e-01	5.3976e-01	1.000000	0
SH3KBP1	4	5.4069e-01	5.3976e-01	1.000000	0
TRMT12	4	5.4072e-01	5.3976e-01	1.000000	0
FIGNL1	4	5.4075e-01	5.3976e-01	1.000000	0
GPR156	4	5.4080e-01	5.3976e-01	1.000000	0
SCN2A	4	5.4083e-01	5.3976e-01	1.000000	0
UGT2A3	4	5.4086e-01	5.3976e-01	1.000000	0
SLFN12L	4	5.4089e-01	5.3976e-01	1.000000	0
DENND5B	4	5.4092e-01	5.3976e-01	1.000000	0
RNF103	4	5.4095e-01	5.3976e-01	1.000000	0
SELENBP1	4	5.4103e-01	5.3976e-01	1.000000	0
SRSF9	4	5.4106e-01	5.3976e-01	1.000000	0
MS4A3	4	5.4118e-01	5.4205e-01	1.000000	0
NRL	4	5.4124e-01	5.4205e-01	1.000000	0
PRKCD	4	5.4129e-01	5.4205e-01	1.000000	0
PRKCSH	4	5.4132e-01	5.4205e-01	1.000000	0
HORMAD2	4	5.4135e-01	5.4205e-01	1.000000	0
TCHHL1	4	5.4138e-01	5.4205e-01	1.000000	0
RNASET2	4	5.4141e-01	5.4205e-01	1.000000	0
AFAP1L1	4	5.4144e-01	5.4205e-01	1.000000	0
BRINP1	4	5.4152e-01	5.4205e-01	1.000000	0
AMELX	4	5.4167e-01	5.4205e-01	1.000000	0
HTR1A	4	5.4170e-01	5.4205e-01	1.000000	0
CALB1	4	5.4173e-01	5.4205e-01	1.000000	0
OR4N2	4	5.4181e-01	5.4205e-01	1.000000	0
RIOK2	4	5.4184e-01	5.4205e-01	1.000000	0
LYPD2	4	5.4196e-01	5.4205e-01	1.000000	0
CDH12	4	5.4204e-01	5.4205e-01	1.000000	0
API5	4	5.4213e-01	5.4205e-01	1.000000	0
ERGIC3	4	5.4216e-01	5.4205e-01	1.000000	0
KAT2B	4	5.4222e-01	5.4205e-01	1.000000	0
ABLIM3	4	5.4227e-01	5.4205e-01	1.000000	0
S100B	4	5.4247e-01	5.4205e-01	1.000000	0
TP53I13	4	5.4253e-01	5.4205e-01	1.000000	0
C1GALT1C1	4	5.4262e-01	5.4205e-01	1.000000	0
NEB	4	5.4265e-01	5.4205e-01	1.000000	0
NINJ1	4	5.4271e-01	5.4205e-01	1.000000	0
ZC2HC1C	4	5.4273e-01	5.4205e-01	1.000000	0
PLOD3	4	5.4276e-01	5.4205e-01	1.000000	0
CORT	4	5.4282e-01	5.4205e-01	1.000000	0
GNAT2	4	5.4285e-01	5.4205e-01	1.000000	0
C17orf78	4	5.4291e-01	5.4205e-01	1.000000	0
BTNL2	4	5.4294e-01	5.4205e-01	1.000000	0
B9D2	4	5.4296e-01	5.4205e-01	1.000000	0
CLYBL	4	5.4299e-01	5.4205e-01	1.000000	0
STRIP1	4	5.4305e-01	5.4205e-01	1.000000	0
LYPD6B	4	5.4308e-01	5.4205e-01	1.000000	0
KLHL38	4	5.4317e-01	5.4205e-01	1.000000	0
RECQL5	4	5.4319e-01	5.4205e-01	1.000000	0
EPB41L4A	4	5.4328e-01	5.4205e-01	1.000000	0
PROKR2	4	5.4331e-01	5.4205e-01	1.000000	0
KIAA1328	4	5.4337e-01	5.4205e-01	1.000000	0
STX3	4	5.4340e-01	5.4205e-01	1.000000	0
STMN2	4	5.4342e-01	5.4205e-01	1.000000	0
SDR39U1	4	5.4345e-01	5.4205e-01	1.000000	0
FBXO33	4	5.4348e-01	5.4205e-01	1.000000	0
CA8	4	5.4357e-01	5.4205e-01	1.000000	0
EXD2	4	5.4368e-01	5.4205e-01	1.000000	0
DEFB105A	4	5.4374e-01	5.4205e-01	1.000000	0
ZKSCAN2	4	5.4377e-01	5.4205e-01	1.000000	0
MMP10	4	5.4385e-01	5.4205e-01	1.000000	0
LYZL1	4	5.4390e-01	5.4205e-01	1.000000	0
BCKDHA	4	5.4400e-01	5.4205e-01	1.000000	0
CC2D2B	4	5.4408e-01	5.4205e-01	1.000000	0
SIGIRR	4	5.4414e-01	5.4205e-01	1.000000	0
PHLDA3	4	5.4423e-01	5.4205e-01	1.000000	0
PLCH1	4	5.4429e-01	5.4205e-01	1.000000	0
CCR4	4	5.4431e-01	5.4205e-01	1.000000	0
GALR3	4	5.4437e-01	5.4205e-01	1.000000	0
PCYOX1	4	5.4443e-01	5.4205e-01	1.000000	0
SLC6A12	4	5.4454e-01	5.4205e-01	1.000000	0
ABRACL	4	5.4457e-01	5.4205e-01	1.000000	0
DNAJC14	4	5.4463e-01	5.4205e-01	1.000000	0
CPEB1	4	5.4469e-01	5.4426e-01	1.000000	0
C9orf85	4	5.4472e-01	5.4426e-01	1.000000	0
ANO7	4	5.4477e-01	5.4426e-01	1.000000	0
ABHD16A	4	5.4480e-01	5.4426e-01	1.000000	0
GAS2L2	4	5.4483e-01	5.4426e-01	1.000000	0
GEMIN5	4	5.4492e-01	5.4426e-01	1.000000	0
TYROBP	4	5.4500e-01	5.4426e-01	1.000000	0
PARP2	4	5.4503e-01	5.4426e-01	1.000000	0
CATSPERB	4	5.4506e-01	5.4426e-01	1.000000	0
HIST1H2BG	4	5.4512e-01	5.4426e-01	1.000000	0
ZNF319	4	5.4515e-01	5.4426e-01	1.000000	0
ADGRB3	4	5.4517e-01	5.4426e-01	1.000000	0
IFFO2	4	5.4535e-01	5.4426e-01	1.000000	0
SRSF6	4	5.4537e-01	5.4426e-01	1.000000	0
FAM184B	4	5.4543e-01	5.4426e-01	1.000000	0
STX12	4	5.4546e-01	5.4426e-01	1.000000	0
ZNF555	4	5.4549e-01	5.4426e-01	1.000000	0
APEH	4	5.4555e-01	5.4652e-01	1.000000	0
PSMA8	4	5.4557e-01	5.4652e-01	1.000000	0
ERVFRD-1	4	5.4563e-01	5.4652e-01	1.000000	0
SURF6	4	5.4569e-01	5.4652e-01	1.000000	0
IL17A	4	5.4575e-01	5.4652e-01	1.000000	0
IL17RB	4	5.4580e-01	5.4652e-01	1.000000	0
MC4R	4	5.4583e-01	5.4652e-01	1.000000	0
DSG1	4	5.4586e-01	5.4652e-01	1.000000	0
RAB31	4	5.4595e-01	5.4652e-01	1.000000	0
OR5M10	4	5.4603e-01	5.4652e-01	1.000000	0
ARL4C	4	5.4606e-01	5.4652e-01	1.000000	0
TNFRSF10A	4	5.4609e-01	5.4652e-01	1.000000	0
HDLBP	4	5.4612e-01	5.4652e-01	1.000000	0
PAPD7	4	5.4615e-01	5.4652e-01	1.000000	0
RFX6	4	5.4632e-01	5.4652e-01	1.000000	0
ADGRB2	4	5.4638e-01	5.4652e-01	1.000000	0
GLP2R	4	5.4640e-01	5.4652e-01	1.000000	0
PYDC1	4	5.4643e-01	5.4652e-01	1.000000	0
TMEM132D	4	5.4646e-01	5.4652e-01	1.000000	0
NNMT	4	5.4649e-01	5.4652e-01	1.000000	0
RLBP1	4	5.4652e-01	5.4652e-01	1.000000	0
RELN	4	5.4663e-01	5.4652e-01	1.000000	0
JUP	4	5.4669e-01	5.4873e-01	1.000000	0
ZSCAN1	4	5.4672e-01	5.4873e-01	1.000000	0
PNMA3	4	5.4678e-01	5.4873e-01	1.000000	0
RAD54L	4	5.4683e-01	5.4873e-01	1.000000	0
IDI2	4	5.4686e-01	5.4873e-01	1.000000	0
GNAI2	4	5.4700e-01	5.4873e-01	1.000000	0
SLC25A29	4	5.4706e-01	5.4873e-01	1.000000	0
NAV2	4	5.4709e-01	5.4873e-01	1.000000	0
GAGE1	4	5.4712e-01	5.4873e-01	1.000000	0
HOXD9	4	5.4715e-01	5.4873e-01	1.000000	0
ABCC2	4	5.4720e-01	5.4873e-01	1.000000	0
CPSF4L	4	5.4726e-01	5.5094e-01	1.000000	0
AMBRA1	4	5.4732e-01	5.5094e-01	1.000000	0
CFL2	4	5.4735e-01	5.5094e-01	1.000000	0
ZFP69B	4	5.4746e-01	5.5094e-01	1.000000	0
N4BP2L2	4	5.4749e-01	5.5094e-01	1.000000	0
NABP2	4	5.4766e-01	5.5313e-01	1.000000	0
GAB2	4	5.4772e-01	5.5313e-01	1.000000	0
PPP2R5C	4	5.4786e-01	5.5313e-01	1.000000	0
PGAP2	4	5.4789e-01	5.5313e-01	1.000000	0
C20orf24	4	5.4792e-01	5.5313e-01	1.000000	0
C1orf56	4	5.4797e-01	5.5313e-01	1.000000	0
PNRC1	4	5.4800e-01	5.5313e-01	1.000000	0
ACER2	4	5.4803e-01	5.5313e-01	1.000000	0
CLDN23	4	5.4806e-01	5.5313e-01	1.000000	0
CDX1	4	5.4809e-01	5.5313e-01	1.000000	0
OR6Q1	4	5.4812e-01	5.5313e-01	1.000000	0
IP6K3	4	5.4823e-01	5.5313e-01	1.000000	0
KCNN4	4	5.4829e-01	5.5313e-01	1.000000	0
KRTAP5-8	4	5.4832e-01	5.5313e-01	1.000000	0
NLRP10	4	5.4835e-01	5.5313e-01	1.000000	0
LOC728485	4	5.4840e-01	5.5313e-01	1.000000	0
IGFBP6	4	5.4846e-01	5.5313e-01	1.000000	0
INO80C	4	5.4854e-01	5.5534e-01	1.000000	0
SFRP1	4	5.4857e-01	5.5534e-01	1.000000	0
XAGE2	4	5.4860e-01	5.5534e-01	1.000000	0
RNF114	4	5.4863e-01	5.5534e-01	1.000000	0
C2orf71	4	5.4869e-01	5.5534e-01	1.000000	0
PTGR1	4	5.4872e-01	5.5534e-01	1.000000	0
RAET1E	4	5.4874e-01	5.5534e-01	1.000000	0
NMBR	4	5.4880e-01	5.5534e-01	1.000000	0
MTMR11	4	5.4897e-01	5.5534e-01	1.000000	0
SLC2A8	4	5.4903e-01	5.5534e-01	1.000000	0
MCOLN3	4	5.4909e-01	5.5749e-01	1.000000	0
ZNF682	4	5.4911e-01	5.5749e-01	1.000000	0
COX6B2	4	5.4917e-01	5.5749e-01	1.000000	0
UMODL1	4	5.4923e-01	5.5749e-01	1.000000	0
ZNF775	4	5.4926e-01	5.5749e-01	1.000000	0
NR2C2AP	4	5.4934e-01	5.5749e-01	1.000000	0
KRT3	4	5.4940e-01	5.5749e-01	1.000000	0
AKR1A1	4	5.4960e-01	5.5749e-01	1.000000	0
POLK	4	5.4963e-01	5.5749e-01	1.000000	0
ARSK	4	5.4965e-01	5.5749e-01	1.000000	0
HSPB1	4	5.4970e-01	5.5749e-01	1.000000	0
HIF1AN	4	5.4974e-01	5.5749e-01	1.000000	0
DGKI	4	5.4983e-01	5.5749e-01	1.000000	0
FOXP4	4	5.4991e-01	5.5749e-01	1.000000	0
YWHAB	4	5.4997e-01	5.5749e-01	1.000000	0
KDM1B	4	5.5002e-01	5.5749e-01	1.000000	0
CASK	4	5.5005e-01	5.5749e-01	1.000000	0
TNNI3	4	5.5011e-01	5.5749e-01	1.000000	0
LMO2	4	5.5014e-01	5.5749e-01	1.000000	0
ZNF716	4	5.5017e-01	5.5749e-01	1.000000	0
GOLPH3L	4	5.5019e-01	5.5749e-01	1.000000	0
GPD1L	4	5.5022e-01	5.5749e-01	1.000000	0
KIR2DL4	3	5.5026e-01	6.1170e-01	1.000000	0
WLS	4	5.5031e-01	5.5749e-01	1.000000	0
NDUFS4	4	5.5034e-01	5.5749e-01	1.000000	0
HEBP1	4	5.5042e-01	5.5749e-01	1.000000	0
PTPRR	4	5.5051e-01	5.5749e-01	1.000000	0
PPM1H	4	5.5054e-01	5.5749e-01	1.000000	0
MB21D2	4	5.5056e-01	5.5749e-01	1.000000	0
COL26A1	4	5.5065e-01	5.5749e-01	1.000000	0
DNAH9	4	5.5068e-01	5.5749e-01	1.000000	0
CTNNA2	4	5.5071e-01	5.5749e-01	1.000000	0
GKAP1	4	5.5085e-01	5.5749e-01	1.000000	0
FBXO16	4	5.5088e-01	5.5749e-01	1.000000	0
TSC22D1	4	5.5093e-01	5.5749e-01	1.000000	0
MUS81	4	5.5099e-01	5.5749e-01	1.000000	0
ZNF280A	4	5.5102e-01	5.5749e-01	1.000000	0
KLRC4	4	5.5107e-01	5.5749e-01	1.000000	0
CYP24A1	4	5.5113e-01	5.5749e-01	1.000000	0
NONO	4	5.5116e-01	5.5749e-01	1.000000	0
INPP5D	4	5.5119e-01	5.5749e-01	1.000000	0
CERK	4	5.5124e-01	5.5749e-01	1.000000	0
BLZF1	4	5.5130e-01	5.5749e-01	1.000000	0
ELSPBP1	4	5.5133e-01	5.5749e-01	1.000000	0
LRRC25	4	5.5136e-01	5.5749e-01	1.000000	0
CYP2W1	4	5.5139e-01	5.5749e-01	1.000000	0
TRIM11	4	5.5141e-01	5.5749e-01	1.000000	0
CXorf23	4	5.5144e-01	5.5749e-01	1.000000	0
GPR20	4	5.5150e-01	5.5749e-01	1.000000	0
SOX15	4	5.5156e-01	5.5749e-01	1.000000	0
SUPT20HL1	4	5.5164e-01	5.5966e-01	1.000000	0
LRSAM1	4	5.5167e-01	5.5966e-01	1.000000	0
ST6GAL1	4	5.5176e-01	5.5966e-01	1.000000	0
TBC1D15	4	5.5181e-01	5.5966e-01	1.000000	0
AAR2	4	5.5187e-01	5.5966e-01	1.000000	0
GPR75-ASB3	4	5.5190e-01	5.5966e-01	1.000000	0
MPEG1	4	5.5193e-01	5.5966e-01	1.000000	0
B3GALT4	4	5.5198e-01	5.5966e-01	1.000000	0
DYNC1I1	4	5.5210e-01	5.5966e-01	1.000000	0
ZFP3	4	5.5212e-01	5.5966e-01	1.000000	0
ZNF485	4	5.5215e-01	5.5966e-01	1.000000	0
MXD1	4	5.5221e-01	5.5966e-01	1.000000	0
XIAP	4	5.5226e-01	5.5966e-01	1.000000	0
CCDC159	4	5.5232e-01	5.5966e-01	1.000000	0
C10orf88	4	5.5238e-01	5.5966e-01	1.000000	0
TMEM9B	4	5.5241e-01	5.5966e-01	1.000000	0
MAN2A1	4	5.5243e-01	5.5966e-01	1.000000	0
KCNAB3	4	5.5255e-01	5.5966e-01	1.000000	0
CD44	4	5.5266e-01	5.5966e-01	1.000000	0
ROR1	4	5.5275e-01	5.5966e-01	1.000000	0
SIAE	4	5.5283e-01	5.5966e-01	1.000000	0
BPY2	4	5.5294e-01	5.5966e-01	1.000000	0
VWA5B1	4	5.5297e-01	5.5966e-01	1.000000	0
UMOD	4	5.5306e-01	5.5966e-01	1.000000	0
SQLE	4	5.5314e-01	5.5966e-01	1.000000	0
SFRP2	4	5.5334e-01	5.6184e-01	1.000000	0
RAB40C	4	5.5337e-01	5.6184e-01	1.000000	0
MBL2	4	5.5340e-01	5.6184e-01	1.000000	0
CD3E	4	5.5342e-01	5.6184e-01	1.000000	0
HDAC7	4	5.5345e-01	5.6184e-01	1.000000	0
TRIM38	4	5.5362e-01	5.6184e-01	1.000000	0
ABHD2	4	5.5365e-01	5.6184e-01	1.000000	0
KCNK18	4	5.5368e-01	5.6184e-01	1.000000	0
C11orf95	4	5.5371e-01	5.6184e-01	1.000000	0
LMNB2	4	5.5374e-01	5.6184e-01	1.000000	0
NDUFA4	4	5.5379e-01	5.6184e-01	1.000000	0
ZNF660	4	5.5382e-01	5.6184e-01	1.000000	0
BACE1	4	5.5390e-01	5.6184e-01	1.000000	0
CCKAR	4	5.5399e-01	5.6184e-01	1.000000	0
HIST1H4F	4	5.5402e-01	5.6184e-01	1.000000	0
USP33	4	5.5410e-01	5.6184e-01	1.000000	0
NDUFB7	4	5.5420e-01	5.6184e-01	1.000000	0
NUDT12	4	5.5420e-01	5.6184e-01	1.000000	0
ANKRD49	4	5.5427e-01	5.6184e-01	1.000000	0
CEP95	4	5.5430e-01	5.6184e-01	1.000000	0
EDAR	4	5.5436e-01	5.6184e-01	1.000000	0
AREL1	4	5.5441e-01	5.6184e-01	1.000000	0
LCE2C	4	5.5444e-01	5.6184e-01	1.000000	0
ZNF839	4	5.5450e-01	5.6184e-01	1.000000	0
CYP1A1	4	5.5455e-01	5.6184e-01	1.000000	0
SLC37A1	4	5.5467e-01	5.6184e-01	1.000000	0
ZNF107	4	5.5469e-01	5.6184e-01	1.000000	0
TARSL2	4	5.5486e-01	5.6184e-01	1.000000	0
ITPKB	4	5.5489e-01	5.6184e-01	1.000000	0
GPR61	4	5.5498e-01	5.6184e-01	1.000000	0
TRMT10B	4	5.5503e-01	5.6403e-01	1.000000	0
P2RX3	4	5.5506e-01	5.6403e-01	1.000000	0
FGF6	4	5.5512e-01	5.6403e-01	1.000000	0
DISP1	4	5.5526e-01	5.6403e-01	1.000000	0
EYS	4	5.5531e-01	5.6403e-01	1.000000	0
PCSK2	4	5.5534e-01	5.6403e-01	1.000000	0
LMOD2	4	5.5540e-01	5.6403e-01	1.000000	0
DGKE	4	5.5543e-01	5.6403e-01	1.000000	0
KLHL23	4	5.5551e-01	5.6403e-01	1.000000	0
CD163L1	4	5.5557e-01	5.6403e-01	1.000000	0
DCAF6	4	5.5560e-01	5.6403e-01	1.000000	0
OR4C6	4	5.5562e-01	5.6403e-01	1.000000	0
CCR2	4	5.5571e-01	5.6403e-01	1.000000	0
C7orf62	4	5.5579e-01	5.6403e-01	1.000000	0
C5orf49	4	5.5582e-01	5.6403e-01	1.000000	0
LRRC70	4	5.5592e-01	5.6616e-01	1.000000	0
FOXI1	4	5.5592e-01	5.6616e-01	1.000000	0
MROH7	4	5.5596e-01	5.6616e-01	1.000000	0
TUSC5	4	5.5602e-01	5.6616e-01	1.000000	0
APOF	4	5.5605e-01	5.6616e-01	1.000000	0
RNF17	4	5.5607e-01	5.6616e-01	1.000000	0
GPRASP1	4	5.5619e-01	5.6825e-01	1.000000	0
CFAP70	4	5.5622e-01	5.6825e-01	1.000000	0
SLC6A19	4	5.5624e-01	5.6825e-01	1.000000	0
CDK4	4	5.5627e-01	5.6825e-01	1.000000	0
CHST7	4	5.5630e-01	5.6825e-01	1.000000	0
VPS45	4	5.5636e-01	5.6825e-01	1.000000	0
FAM159B	4	5.5638e-01	5.6825e-01	1.000000	0
SYCP3	4	5.5641e-01	5.6825e-01	1.000000	0
ZNF628	4	5.5644e-01	5.6825e-01	1.000000	0
PIK3C2B	4	5.5647e-01	5.6825e-01	1.000000	0
LRRTM2	4	5.5661e-01	5.6825e-01	1.000000	0
ERP27	4	5.5669e-01	5.6825e-01	1.000000	0
ECI1	4	5.5672e-01	5.6825e-01	1.000000	0
SLC20A2	4	5.5678e-01	5.6825e-01	1.000000	0
INSL3	4	5.5683e-01	5.6825e-01	1.000000	0
HIVEP3	4	5.5688e-01	5.6825e-01	1.000000	0
CADM1	4	5.5703e-01	5.6825e-01	1.000000	0
PDLIM5	4	5.5706e-01	5.6825e-01	1.000000	0
OVCH1	4	5.5709e-01	5.6825e-01	1.000000	0
FAM69A	4	5.5731e-01	5.6825e-01	1.000000	0
SLC6A15	4	5.5734e-01	5.6825e-01	1.000000	0
NAIP	4	5.5742e-01	5.6825e-01	1.000000	0
KCNK13	4	5.5765e-01	5.7040e-01	1.000000	0
ANKRD9	4	5.5770e-01	5.7040e-01	1.000000	0
MSH4	4	5.5779e-01	5.7040e-01	1.000000	0
C8orf48	4	5.5791e-01	5.7040e-01	1.000000	0
RRNAD1	4	5.5791e-01	5.7040e-01	1.000000	0
AIF1	4	5.5796e-01	5.7040e-01	1.000000	0
PPP1CC	4	5.5804e-01	5.7040e-01	1.000000	0
PTP4A2	4	5.5810e-01	5.7040e-01	1.000000	0
ARID4B	4	5.5812e-01	5.7040e-01	1.000000	0
BRDT	4	5.5815e-01	5.7040e-01	1.000000	0
LAMA3	4	5.5818e-01	5.7040e-01	1.000000	0
BRSK2	4	5.5821e-01	5.7040e-01	1.000000	0
CDRT15L2	4	5.5824e-01	5.7040e-01	1.000000	0
TRIM44	4	5.5831e-01	5.7040e-01	1.000000	0
TAX1BP1	4	5.5831e-01	5.7040e-01	1.000000	0
FAM170A	4	5.5843e-01	5.7040e-01	1.000000	0
KCNT2	4	5.5849e-01	5.7040e-01	1.000000	0
SMEK2	4	5.5852e-01	5.7040e-01	1.000000	0
CNNM1	4	5.5863e-01	5.7040e-01	1.000000	0
CNTN4	4	5.5871e-01	5.7040e-01	1.000000	0
ZNF814	4	5.5883e-01	5.7040e-01	1.000000	0
TMEM200A	4	5.5885e-01	5.7040e-01	1.000000	0
KIAA1715	4	5.5894e-01	5.7040e-01	1.000000	0
HES1	4	5.5897e-01	5.7040e-01	1.000000	0
UNC79	4	5.5899e-01	5.7040e-01	1.000000	0
JOSD1	4	5.5905e-01	5.7040e-01	1.000000	0
TTLL4	4	5.5910e-01	5.7040e-01	1.000000	0
FNDC4	4	5.5913e-01	5.7040e-01	1.000000	0
NEGR1	4	5.5922e-01	5.7040e-01	1.000000	0
PIK3IP1	4	5.5927e-01	5.7040e-01	1.000000	0
SLC25A53	4	5.5938e-01	5.7040e-01	1.000000	0
SHBG	4	5.5941e-01	5.7040e-01	1.000000	0
DCTPP1	4	5.5947e-01	5.7040e-01	1.000000	0
NDUFAF6	4	5.5950e-01	5.7040e-01	1.000000	0
VMAC	4	5.5952e-01	5.7040e-01	1.000000	0
TMEM60	4	5.5964e-01	5.7254e-01	1.000000	0
P2RX7	4	5.5980e-01	5.7254e-01	1.000000	0
MAGIX	4	5.5983e-01	5.7254e-01	1.000000	0
DNALI1	4	5.5994e-01	5.7255e-01	1.000000	0
IL2RG	4	5.6000e-01	5.7255e-01	1.000000	0
SIGLEC8	4	5.6006e-01	5.7255e-01	1.000000	0
SRL	4	5.6008e-01	5.7255e-01	1.000000	0
FBF1	4	5.6011e-01	5.7255e-01	1.000000	0
SCAND1	4	5.6017e-01	5.7255e-01	1.000000	0
UBALD1	4	5.6031e-01	5.7469e-01	1.000000	0
GMFG	4	5.6045e-01	5.7676e-01	1.000000	0
HIC2	4	5.6053e-01	5.7676e-01	1.000000	0
GPHN	4	5.6067e-01	5.7676e-01	1.000000	0
KHDC3L	4	5.6075e-01	5.7676e-01	1.000000	0
NAP1L5	4	5.6092e-01	5.8095e-01	1.000000	0
C17orf82	4	5.6095e-01	5.8095e-01	1.000000	0
SLC13A1	4	5.6106e-01	5.8095e-01	1.000000	0
DGKB	4	5.6120e-01	5.8095e-01	1.000000	0
HSPB7	4	5.6123e-01	5.8095e-01	1.000000	0
MESP2	4	5.6128e-01	5.8095e-01	1.000000	0
RASIP1	4	5.6134e-01	5.8299e-01	1.000000	0
DYDC2	4	5.6137e-01	5.8299e-01	1.000000	0
CYP2U1	4	5.6140e-01	5.8299e-01	1.000000	0
NFKB2	4	5.6151e-01	5.8513e-01	1.000000	0
HNRNPCL3	4	5.6153e-01	5.8513e-01	1.000000	0
USP17L24	4	5.6162e-01	5.8513e-01	1.000000	0
CEL	4	5.6165e-01	5.8513e-01	1.000000	0
OR10A4	4	5.6167e-01	5.8513e-01	1.000000	0
LOC388813	4	5.6173e-01	5.8513e-01	1.000000	0
FAM89A	4	5.6176e-01	5.8513e-01	1.000000	0
MYOZ1	4	5.6181e-01	5.8513e-01	1.000000	0
WDR7	4	5.6191e-01	5.8616e-01	1.000000	0
MSH2	4	5.6195e-01	5.8719e-01	1.000000	0
RASGRP3	4	5.6204e-01	5.8719e-01	1.000000	0
C14orf28	4	5.6218e-01	5.8719e-01	1.000000	0
AMFR	4	5.6220e-01	5.8719e-01	1.000000	0
TYW1B	4	5.6223e-01	5.8719e-01	1.000000	0
C10orf76	4	5.6226e-01	5.8719e-01	1.000000	0
LAG3	4	5.6229e-01	5.8719e-01	1.000000	0
CASS4	4	5.6231e-01	5.8719e-01	1.000000	0
ERCC4	4	5.6234e-01	5.8719e-01	1.000000	0
UBLCP1	4	5.6237e-01	5.8719e-01	1.000000	0
GRM1	4	5.6245e-01	5.8719e-01	1.000000	0
CS	4	5.6259e-01	5.8922e-01	1.000000	0
NAT16	4	5.6265e-01	5.8922e-01	1.000000	0
SPRY1	4	5.6268e-01	5.8922e-01	1.000000	0
CNDP1	4	5.6273e-01	5.8922e-01	1.000000	0
MAP3K5	4	5.6276e-01	5.8922e-01	1.000000	0
KRT78	4	5.6282e-01	5.8922e-01	1.000000	0
ETFDH	4	5.6284e-01	5.8922e-01	1.000000	0
CLEC4D	4	5.6290e-01	5.8922e-01	1.000000	0
ZNF329	4	5.6309e-01	5.8922e-01	1.000000	0
LARGE	4	5.6312e-01	5.8922e-01	1.000000	0
ANKRD30A	4	5.6315e-01	5.8922e-01	1.000000	0
HERC1	4	5.6323e-01	5.8922e-01	1.000000	0
LCK	4	5.6326e-01	5.8922e-01	1.000000	0
OR7G2	4	5.6337e-01	5.8922e-01	1.000000	0
RFTN2	4	5.6359e-01	5.8922e-01	1.000000	0
RHOBTB2	4	5.6368e-01	5.8922e-01	1.000000	0
TMEM186	4	5.6370e-01	5.8922e-01	1.000000	0
TNFRSF10B	4	5.6373e-01	5.8922e-01	1.000000	0
TSPYL6	4	5.6379e-01	5.8922e-01	1.000000	0
LZTS2	4	5.6390e-01	5.8922e-01	1.000000	0
NAT6	4	5.6401e-01	5.8922e-01	1.000000	0
MGAT4A	4	5.6405e-01	5.8922e-01	1.000000	0
OR51M1	4	5.6405e-01	5.8922e-01	1.000000	0
SPRYD3	4	5.6409e-01	5.8922e-01	1.000000	0
LOC403312	4	5.6415e-01	5.8922e-01	1.000000	0
ATHL1	4	5.6420e-01	5.8922e-01	1.000000	0
IL12A	4	5.6434e-01	5.8922e-01	1.000000	0
TMEM69	4	5.6437e-01	5.8922e-01	1.000000	0
C1orf52	4	5.6448e-01	5.8922e-01	1.000000	0
GLA	4	5.6470e-01	5.9123e-01	1.000000	0
TOX	4	5.6479e-01	5.9123e-01	1.000000	0
CCDC186	4	5.6481e-01	5.9123e-01	1.000000	0
ZSCAN22	4	5.6487e-01	5.9123e-01	1.000000	0
NSMAF	4	5.6490e-01	5.9123e-01	1.000000	0
APELA	4	5.6492e-01	5.9123e-01	1.000000	0
HEY1	4	5.6506e-01	5.9123e-01	1.000000	0
ATP5E	4	5.6509e-01	5.9123e-01	1.000000	0
FOXP2	4	5.6515e-01	5.9123e-01	1.000000	0
SOX9	4	5.6517e-01	5.9123e-01	1.000000	0
ZNF747	4	5.6520e-01	5.9123e-01	1.000000	0
HYAL4	4	5.6526e-01	5.9123e-01	1.000000	0
RBPJ	4	5.6529e-01	5.9123e-01	1.000000	0
TMEM181	4	5.6540e-01	5.9123e-01	1.000000	0
GCOM1	4	5.6542e-01	5.9123e-01	1.000000	0
OR2T4	4	5.6545e-01	5.9123e-01	1.000000	0
DUSP5	4	5.6556e-01	5.9123e-01	1.000000	0
PAPPA2	4	5.6567e-01	5.9123e-01	1.000000	0
TMPO	4	5.6573e-01	5.9123e-01	1.000000	0
PURG	4	5.6578e-01	5.9123e-01	1.000000	0
EFNB1	4	5.6581e-01	5.9123e-01	1.000000	0
STAU1	4	5.6584e-01	5.9123e-01	1.000000	0
CMPK1	4	5.6589e-01	5.9123e-01	1.000000	0
ADAMTS17	4	5.6595e-01	5.9123e-01	1.000000	0
DAG1	4	5.6603e-01	5.9123e-01	1.000000	0
RASA4B	4	5.6606e-01	5.9123e-01	1.000000	0
TMEM150B	4	5.6609e-01	5.9123e-01	1.000000	0
PASK	4	5.6614e-01	5.9123e-01	1.000000	0
LRRC37B	4	5.6625e-01	5.9123e-01	1.000000	0
OR6K6	4	5.6628e-01	5.9123e-01	1.000000	0
SLC7A14	4	5.6634e-01	5.9123e-01	1.000000	0
KANSL1L	4	5.6636e-01	5.9123e-01	1.000000	0
SPANXC	4	5.6650e-01	5.9123e-01	1.000000	0
SNX3	4	5.6672e-01	5.9123e-01	1.000000	0
KRTAP19-2	4	5.6678e-01	5.9123e-01	1.000000	0
SCYL2	4	5.6681e-01	5.9123e-01	1.000000	0
LOC158434	4	5.6683e-01	5.9123e-01	1.000000	0
DGAT2L6	4	5.6686e-01	5.9123e-01	1.000000	0
ADPRHL1	4	5.6689e-01	5.9123e-01	1.000000	0
TMEM106B	4	5.6703e-01	5.9322e-01	1.000000	0
ARMC8	4	5.6705e-01	5.9322e-01	1.000000	0
EMP3	4	5.6708e-01	5.9322e-01	1.000000	0
TOM1	4	5.6711e-01	5.9322e-01	1.000000	0
ZNF41	4	5.6718e-01	5.9322e-01	1.000000	0
NOVA2	4	5.6722e-01	5.9322e-01	1.000000	0
SYNE1	4	5.6725e-01	5.9322e-01	1.000000	0
SESN2	4	5.6728e-01	5.9322e-01	1.000000	0
LPPR3	4	5.6733e-01	5.9322e-01	1.000000	0
GJB5	4	5.6736e-01	5.9322e-01	1.000000	0
KIF27	4	5.6739e-01	5.9322e-01	1.000000	0
LHX3	4	5.6750e-01	5.9322e-01	1.000000	0
RNLS	4	5.6769e-01	5.9322e-01	1.000000	0
LMTK3	4	5.6774e-01	5.9322e-01	1.000000	0
SULT1C2	4	5.6777e-01	5.9322e-01	1.000000	0
MRAP	4	5.6788e-01	5.9322e-01	1.000000	0
LRRC69	4	5.6796e-01	5.9322e-01	1.000000	0
SLC25A34	4	5.6799e-01	5.9322e-01	1.000000	0
TIAM1	4	5.6802e-01	5.9322e-01	1.000000	0
RBPMS	4	5.6805e-01	5.9322e-01	1.000000	0
LOC100996693	4	5.6808e-01	5.9322e-01	1.000000	0
MT1M	4	5.6810e-01	5.9322e-01	1.000000	0
NDRG3	4	5.6816e-01	5.9322e-01	1.000000	0
HLX	4	5.6819e-01	5.9322e-01	1.000000	0
POU3F1	4	5.6827e-01	5.9322e-01	1.000000	0
TMEM104	4	5.6830e-01	5.9322e-01	1.000000	0
TTC30B	4	5.6832e-01	5.9322e-01	1.000000	0
OCLN	4	5.6843e-01	5.9322e-01	1.000000	0
ZNF559-ZNF177	4	5.6846e-01	5.9322e-01	1.000000	0
CHST13	4	5.6849e-01	5.9322e-01	1.000000	0
LENG8	4	5.6852e-01	5.9322e-01	1.000000	0
TMEM229A	4	5.6858e-01	5.9322e-01	1.000000	0
TMEM219	4	5.6858e-01	5.9322e-01	1.000000	0
OVOL1	4	5.6863e-01	5.9322e-01	1.000000	0
PRY	3	5.6867e-01	6.5752e-01	1.000000	0
ATP5B	4	5.6874e-01	5.9322e-01	1.000000	0
PEBP1	4	5.6876e-01	5.9322e-01	1.000000	0
GAS2	4	5.6885e-01	5.9322e-01	1.000000	0
APCDD1	4	5.6887e-01	5.9322e-01	1.000000	0
PDGFD	4	5.6890e-01	5.9322e-01	1.000000	0
YOD1	4	5.6893e-01	5.9322e-01	1.000000	0
ABHD14A	4	5.6896e-01	5.9322e-01	1.000000	0
MRPL3	4	5.6901e-01	5.9322e-01	1.000000	0
RASD1	4	5.6904e-01	5.9322e-01	1.000000	0
ATP2B4	4	5.6907e-01	5.9322e-01	1.000000	0
GPR84	4	5.6909e-01	5.9322e-01	1.000000	0
FAM57B	4	5.6918e-01	5.9322e-01	1.000000	0
DIRC2	4	5.6920e-01	5.9322e-01	1.000000	0
C1orf186	4	5.6923e-01	5.9322e-01	1.000000	0
SPTAN1	4	5.6934e-01	5.9322e-01	1.000000	0
NSUN6	4	5.6937e-01	5.9322e-01	1.000000	0
SOX11	4	5.6940e-01	5.9322e-01	1.000000	0
PABPC1L2B	4	5.6942e-01	5.9322e-01	1.000000	0
PARPBP	4	5.6945e-01	5.9322e-01	1.000000	0
LHPP	4	5.6948e-01	5.9322e-01	1.000000	0
LCE1D	4	5.6953e-01	5.9322e-01	1.000000	0
FAM179A	4	5.6956e-01	5.9322e-01	1.000000	0
CRB1	4	5.6963e-01	5.9322e-01	1.000000	0
NCAM1	4	5.6963e-01	5.9322e-01	1.000000	0
SGCZ	4	5.6970e-01	5.9322e-01	1.000000	0
CXADR	4	5.6978e-01	5.9322e-01	1.000000	0
NKG7	4	5.6981e-01	5.9322e-01	1.000000	0
ABCB5	4	5.6989e-01	5.9529e-01	1.000000	0
AP2A1	4	5.6995e-01	5.9728e-01	1.000000	0
CTGF	4	5.7000e-01	5.9728e-01	1.000000	0
ZNF784	4	5.7014e-01	5.9728e-01	1.000000	0
KCNAB2	4	5.7019e-01	5.9728e-01	1.000000	0
LRRC42	4	5.7022e-01	5.9728e-01	1.000000	0
GPSM1	4	5.7025e-01	5.9728e-01	1.000000	0
ST8SIA4	4	5.7028e-01	5.9728e-01	1.000000	0
SSSCA1	4	5.7036e-01	5.9728e-01	1.000000	0
RAI2	4	5.7039e-01	5.9728e-01	1.000000	0
SLC23A2	4	5.7041e-01	5.9728e-01	1.000000	0
ARFGAP3	4	5.7050e-01	5.9728e-01	1.000000	0
CBY3	4	5.7058e-01	5.9728e-01	1.000000	0
PRR20B	4	5.7063e-01	5.9728e-01	1.000000	0
DUSP12	4	5.7066e-01	5.9728e-01	1.000000	0
RASSF9	4	5.7071e-01	5.9728e-01	1.000000	0
ANAPC2	4	5.7077e-01	5.9728e-01	1.000000	0
NDUFB2	4	5.7085e-01	5.9728e-01	1.000000	0
ASNA1	4	5.7096e-01	5.9927e-01	1.000000	0
METTL12	4	5.7104e-01	6.0121e-01	1.000000	0
EPB41L4B	4	5.7107e-01	6.0121e-01	1.000000	0
CCDC50	4	5.7113e-01	6.0121e-01	1.000000	0
PTPRCAP	4	5.7121e-01	6.0121e-01	1.000000	0
FSBP	4	5.7124e-01	6.0121e-01	1.000000	0
UBE2B	4	5.7129e-01	6.0121e-01	1.000000	0
OR2T6	4	5.7135e-01	6.0121e-01	1.000000	0
SLC35F1	4	5.7140e-01	6.0121e-01	1.000000	0
GATA4	4	5.7162e-01	6.0121e-01	1.000000	0
NOG	4	5.7170e-01	6.0121e-01	1.000000	0
ZHX1	4	5.7173e-01	6.0121e-01	1.000000	0
HIST2H2AA3	4	5.7178e-01	6.0121e-01	1.000000	0
TNNC2	4	5.7181e-01	6.0121e-01	1.000000	0
SYT16	4	5.7184e-01	6.0121e-01	1.000000	0
PFKP	4	5.7189e-01	6.0318e-01	1.000000	0
REN	4	5.7192e-01	6.0318e-01	1.000000	0
THBS2	4	5.7195e-01	6.0318e-01	1.000000	0
CDH10	4	5.7198e-01	6.0318e-01	1.000000	0
GPAT2	4	5.7200e-01	6.0318e-01	1.000000	0
OR10W1	4	5.7214e-01	6.0318e-01	1.000000	0
KIAA0907	4	5.7217e-01	6.0318e-01	1.000000	0
SCRT2	4	5.7219e-01	6.0318e-01	1.000000	0
UBFD1	4	5.7225e-01	6.0318e-01	1.000000	0
GAST	4	5.7230e-01	6.0318e-01	1.000000	0
NTRK2	4	5.7236e-01	6.0318e-01	1.000000	0
C1orf21	4	5.7239e-01	6.0318e-01	1.000000	0
NUAK1	4	5.7244e-01	6.0318e-01	1.000000	0
UBXN7	4	5.7252e-01	6.0318e-01	1.000000	0
C17orf75	4	5.7263e-01	6.0318e-01	1.000000	0
SCO2	4	5.7266e-01	6.0318e-01	1.000000	0
TMEM235	4	5.7274e-01	6.0318e-01	1.000000	0
TSPY4	4	5.7282e-01	6.0318e-01	1.000000	0
MAP3K7CL	4	5.7288e-01	6.0318e-01	1.000000	0
FBXO40	4	5.7296e-01	6.0318e-01	1.000000	0
ZNF396	4	5.7307e-01	6.0318e-01	1.000000	0
ACAD9	4	5.7310e-01	6.0318e-01	1.000000	0
LOC100130880	4	5.7312e-01	6.0318e-01	1.000000	0
MBIP	4	5.7331e-01	6.0318e-01	1.000000	0
RBM38	4	5.7334e-01	6.0318e-01	1.000000	0
PPCS	4	5.7337e-01	6.0318e-01	1.000000	0
NCOA1	4	5.7342e-01	6.0318e-01	1.000000	0
RAG2	4	5.7345e-01	6.0318e-01	1.000000	0
SLC6A1	4	5.7348e-01	6.0318e-01	1.000000	0
MRGPRE	4	5.7351e-01	6.0318e-01	1.000000	0
DOK4	4	5.7356e-01	6.0318e-01	1.000000	0
FAM83E	4	5.7362e-01	6.0318e-01	1.000000	0
SCARB1	4	5.7364e-01	6.0318e-01	1.000000	0
TRPM3	4	5.7372e-01	6.0318e-01	1.000000	0
LRRN4CL	4	5.7378e-01	6.0318e-01	1.000000	0
LRRC14B	4	5.7381e-01	6.0318e-01	1.000000	0
CFAP126	4	5.7392e-01	6.0318e-01	1.000000	0
OBSCN	4	5.7422e-01	6.0520e-01	1.000000	0
DNAJC18	4	5.7430e-01	6.0520e-01	1.000000	0
MRPS23	4	5.7435e-01	6.0520e-01	1.000000	0
KIAA0319L	4	5.7438e-01	6.0520e-01	1.000000	0
HOXB2	4	5.7441e-01	6.0520e-01	1.000000	0
ARHGAP25	4	5.7443e-01	6.0520e-01	1.000000	0
TLE4	4	5.7446e-01	6.0520e-01	1.000000	0
H2AFB1	4	5.7451e-01	6.0520e-01	1.000000	0
PVRIG	4	5.7454e-01	6.0520e-01	1.000000	0
MEGF8	4	5.7457e-01	6.0520e-01	1.000000	0
SCML2	4	5.7468e-01	6.0520e-01	1.000000	0
SETD3	4	5.7473e-01	6.0520e-01	1.000000	0
KRTAP25-1	4	5.7480e-01	6.0520e-01	1.000000	0
UNC80	4	5.7480e-01	6.0520e-01	1.000000	0
CNN1	4	5.7487e-01	6.0520e-01	1.000000	0
INAFM2	4	5.7492e-01	6.0520e-01	1.000000	0
RIPK1	4	5.7495e-01	6.0520e-01	1.000000	0
TACR2	4	5.7503e-01	6.0520e-01	1.000000	0
AMN1	4	5.7509e-01	6.0520e-01	1.000000	0
KLHL32	4	5.7511e-01	6.0520e-01	1.000000	0
RGAG4	4	5.7514e-01	6.0520e-01	1.000000	0
KCNRG	4	5.7517e-01	6.0520e-01	1.000000	0
TNFRSF11A	4	5.7522e-01	6.0520e-01	1.000000	0
DHFRL1	4	5.7528e-01	6.0520e-01	1.000000	0
UQCC3	4	5.7536e-01	6.0520e-01	1.000000	0
NRXN3	4	5.7550e-01	6.0520e-01	1.000000	0
BAZ2B	4	5.7552e-01	6.0520e-01	1.000000	0
PHLDA1	4	5.7555e-01	6.0520e-01	1.000000	0
ERVV-2	4	5.7558e-01	6.0520e-01	1.000000	0
CYCS	4	5.7563e-01	6.0520e-01	1.000000	0
C2orf80	4	5.7566e-01	6.0520e-01	1.000000	0
KLRC3	4	5.7569e-01	6.0520e-01	1.000000	0
GNG7	4	5.7574e-01	6.0520e-01	1.000000	0
KLRF2	4	5.7577e-01	6.0520e-01	1.000000	0
TM6SF1	4	5.7579e-01	6.0520e-01	1.000000	0
ZNF285	4	5.7588e-01	6.0520e-01	1.000000	0
APPL1	4	5.7596e-01	6.0520e-01	1.000000	0
NKX2-3	4	5.7604e-01	6.0520e-01	1.000000	0
ZNF484	4	5.7609e-01	6.0520e-01	1.000000	0
ZNF32	4	5.7612e-01	6.0520e-01	1.000000	0
RINL	4	5.7617e-01	6.0520e-01	1.000000	0
PNLIP	4	5.7620e-01	6.0520e-01	1.000000	0
C9orf62	4	5.7623e-01	6.0520e-01	1.000000	0
TEX30	4	5.7626e-01	6.0520e-01	1.000000	0
PNMAL2	4	5.7628e-01	6.0520e-01	1.000000	0
PCMTD2	4	5.7634e-01	6.0520e-01	1.000000	0
CCDC172	4	5.7650e-01	6.0520e-01	1.000000	0
CLK2	4	5.7661e-01	6.0520e-01	1.000000	0
THTPA	4	5.7664e-01	6.0520e-01	1.000000	0
FAM19A1	4	5.7669e-01	6.0520e-01	1.000000	0
RPS2	4	5.7672e-01	6.0520e-01	1.000000	0
C9	4	5.7674e-01	6.0520e-01	1.000000	0
LHFPL1	4	5.7680e-01	6.0716e-01	1.000000	0
TBL1Y	4	5.7683e-01	6.0716e-01	1.000000	0
POU5F1	4	5.7685e-01	6.0716e-01	1.000000	0
ABR	4	5.7688e-01	6.0716e-01	1.000000	0
FPGS	4	5.7696e-01	6.0716e-01	1.000000	0
SDCCAG8	4	5.7699e-01	6.0716e-01	1.000000	0
LAMA2	3	5.7701e-01	6.7060e-01	1.000000	0
VCY	4	5.7702e-01	6.0716e-01	1.000000	0
STX11	4	5.7704e-01	6.0716e-01	1.000000	0
ADAMDEC1	4	5.7712e-01	6.0716e-01	1.000000	0
CCKBR	4	5.7721e-01	6.0716e-01	1.000000	0
OR8B12	4	5.7729e-01	6.0716e-01	1.000000	0
DENND2D	4	5.7731e-01	6.0716e-01	1.000000	0
ZNFX1	4	5.7740e-01	6.0716e-01	1.000000	0
ZBBX	4	5.7745e-01	6.0716e-01	1.000000	0
LIPG	4	5.7753e-01	6.0716e-01	1.000000	0
OR2H2	4	5.7756e-01	6.0716e-01	1.000000	0
RFPL4A	4	5.7759e-01	6.0716e-01	1.000000	0
TSN	4	5.7767e-01	6.0716e-01	1.000000	0
MAGED2	4	5.7772e-01	6.0716e-01	1.000000	0
ARF5	4	5.7775e-01	6.0716e-01	1.000000	0
ZNF510	4	5.7778e-01	6.0716e-01	1.000000	0
MATN4	4	5.7783e-01	6.0716e-01	1.000000	0
SLC26A10	4	5.7788e-01	6.0716e-01	1.000000	0
C5orf15	4	5.7799e-01	6.0716e-01	1.000000	0
RABIF	4	5.7805e-01	6.0716e-01	1.000000	0
ADAM21	4	5.7807e-01	6.0716e-01	1.000000	0
BCL2L10	4	5.7810e-01	6.0716e-01	1.000000	0
NEIL3	4	5.7813e-01	6.0716e-01	1.000000	0
WBP1	4	5.7815e-01	6.0716e-01	1.000000	0
FXYD6-FXYD2	4	5.7824e-01	6.0716e-01	1.000000	0
FSCN2	4	5.7826e-01	6.0716e-01	1.000000	0
OR2T8	4	5.7829e-01	6.0716e-01	1.000000	0
KIAA0232	4	5.7840e-01	6.0716e-01	1.000000	0
FOXE3	4	5.7843e-01	6.0716e-01	1.000000	0
ZNF729	4	5.7848e-01	6.0716e-01	1.000000	0
NRF1	4	5.7853e-01	6.0716e-01	1.000000	0
AGT	4	5.7856e-01	6.0716e-01	1.000000	0
KLK5	4	5.7861e-01	6.0716e-01	1.000000	0
C19orf66	4	5.7864e-01	6.0716e-01	1.000000	0
OTOP1	4	5.7875e-01	6.0716e-01	1.000000	0
FABP12	4	5.7880e-01	6.0716e-01	1.000000	0
CYP2E1	4	5.7886e-01	6.0716e-01	1.000000	0
MET	4	5.7889e-01	6.0716e-01	1.000000	0
STK36	4	5.7894e-01	6.0716e-01	1.000000	0
LCE3B	4	5.7897e-01	6.0716e-01	1.000000	0
FAM21A	4	5.7902e-01	6.0716e-01	1.000000	0
MGP	4	5.7905e-01	6.0716e-01	1.000000	0
PLXNB1	4	5.7918e-01	6.0716e-01	1.000000	0
SLC35E1	4	5.7921e-01	6.0716e-01	1.000000	0
BDP1	4	5.7924e-01	6.0716e-01	1.000000	0
TJP1	4	5.7929e-01	6.0716e-01	1.000000	0
C12orf49	4	5.7932e-01	6.0716e-01	1.000000	0
PSG1	4	5.7934e-01	6.0716e-01	1.000000	0
APOC3	4	5.7937e-01	6.0716e-01	1.000000	0
CCDC108	4	5.7943e-01	6.0716e-01	1.000000	0
ZNF253	4	5.7951e-01	6.0716e-01	1.000000	0
DNAJA4	4	5.7953e-01	6.0716e-01	1.000000	0
PEG10	4	5.7956e-01	6.0716e-01	1.000000	0
ARHGAP17	4	5.7959e-01	6.0716e-01	1.000000	0
LRRC14	4	5.7961e-01	6.0716e-01	1.000000	0
ATOH1	4	5.7964e-01	6.0716e-01	1.000000	0
KANK2	4	5.7967e-01	6.0716e-01	1.000000	0
CCDC91	4	5.7970e-01	6.0716e-01	1.000000	0
ZNF704	4	5.7972e-01	6.0716e-01	1.000000	0
NPAS1	4	5.7975e-01	6.0716e-01	1.000000	0
TIMM50	4	5.7978e-01	6.0716e-01	1.000000	0
TAL1	4	5.7980e-01	6.0716e-01	1.000000	0
CCDC158	4	5.7983e-01	6.0716e-01	1.000000	0
ZNF880	4	5.7986e-01	6.0716e-01	1.000000	0
SCARA3	4	5.7997e-01	6.0716e-01	1.000000	0
ZNF506	4	5.7999e-01	6.0716e-01	1.000000	0
PGC	4	5.8002e-01	6.0716e-01	1.000000	0
GLTSCR1L	4	5.8010e-01	6.0716e-01	1.000000	0
SLC12A2	4	5.8013e-01	6.0716e-01	1.000000	0
APAF1	4	5.8015e-01	6.0716e-01	1.000000	0
ERCC1	4	5.8018e-01	6.0716e-01	1.000000	0
VRK2	4	5.8021e-01	6.0716e-01	1.000000	0
SDCBP2	4	5.8032e-01	6.0716e-01	1.000000	0
KCTD14	4	5.8034e-01	6.0716e-01	1.000000	0
ZBTB32	4	5.8040e-01	6.0716e-01	1.000000	0
ANGPTL3	4	5.8045e-01	6.0716e-01	1.000000	0
FAM9C	4	5.8053e-01	6.0914e-01	1.000000	0
RAB42	4	5.8064e-01	6.0914e-01	1.000000	0
VRK3	4	5.8072e-01	6.0914e-01	1.000000	0
ITIH1	4	5.8075e-01	6.0914e-01	1.000000	0
KRTAP11-1	4	5.8083e-01	6.0914e-01	1.000000	0
TBC1D3	4	5.8088e-01	6.0914e-01	1.000000	0
RIOK3	4	5.8091e-01	6.0914e-01	1.000000	0
NME5	4	5.8096e-01	6.0914e-01	1.000000	0
PARP9	4	5.8104e-01	6.0914e-01	1.000000	0
VCL	4	5.8110e-01	6.0914e-01	1.000000	0
SKIL	4	5.8112e-01	6.0914e-01	1.000000	0
LCN12	4	5.8115e-01	6.0914e-01	1.000000	0
ADARB2	4	5.8129e-01	6.0914e-01	1.000000	0
REPS1	4	5.8131e-01	6.0914e-01	1.000000	0
MPP3	4	5.8137e-01	6.0914e-01	1.000000	0
GP9	4	5.8142e-01	6.0914e-01	1.000000	0
RDH14	4	5.8145e-01	6.0914e-01	1.000000	0
PPM1N	4	5.8150e-01	6.0914e-01	1.000000	0
NR4A1	4	5.8154e-01	6.0914e-01	1.000000	0
FAM200B	4	5.8180e-01	6.0914e-01	1.000000	0
CAPZA2	4	5.8188e-01	6.0914e-01	1.000000	0
ZNF2	4	5.8191e-01	6.0914e-01	1.000000	0
C2orf76	4	5.8193e-01	6.0914e-01	1.000000	0
C12orf76	4	5.8196e-01	6.0914e-01	1.000000	0
ADGRG7	4	5.8199e-01	6.0914e-01	1.000000	0
IFNA2	4	5.8201e-01	6.0914e-01	1.000000	0
TTC37	4	5.8204e-01	6.0914e-01	1.000000	0
SMARCAD1	4	5.8207e-01	6.0914e-01	1.000000	0
ZBTB10	4	5.8215e-01	6.0914e-01	1.000000	0
ADCK2	4	5.8217e-01	6.0914e-01	1.000000	0
IFI27	4	5.8223e-01	6.0914e-01	1.000000	0
TNN	4	5.8225e-01	6.0914e-01	1.000000	0
KCNMA1	3	5.8226e-01	6.7204e-01	1.000000	0
FBXL2	4	5.8228e-01	6.0914e-01	1.000000	0
ITCH	4	5.8231e-01	6.0914e-01	1.000000	0
SIGLEC11	4	5.8234e-01	6.0914e-01	1.000000	0
CCDC167	4	5.8242e-01	6.0914e-01	1.000000	0
POLDIP3	4	5.8250e-01	6.0914e-01	1.000000	0
VCX3A	4	5.8255e-01	6.0914e-01	1.000000	0
VSNL1	4	5.8268e-01	6.0914e-01	1.000000	0
TERF2IP	4	5.8285e-01	6.0914e-01	1.000000	0
ABCG1	4	5.8287e-01	6.0914e-01	1.000000	0
AGRN	4	5.8293e-01	6.0914e-01	1.000000	0
ERCC6L2	4	5.8295e-01	6.0914e-01	1.000000	0
COL8A1	4	5.8301e-01	6.0914e-01	1.000000	0
ZNF823	4	5.8303e-01	6.0914e-01	1.000000	0
ERMARD	4	5.8311e-01	6.1112e-01	1.000000	0
FOXP3	4	5.8314e-01	6.1112e-01	1.000000	0
FAM196A	4	5.8325e-01	6.1112e-01	1.000000	0
CLDN34	4	5.8333e-01	6.1112e-01	1.000000	0
ZNF583	4	5.8349e-01	6.1314e-01	1.000000	0
NEK10	4	5.8360e-01	6.1314e-01	1.000000	0
TMEM105	4	5.8370e-01	6.1314e-01	1.000000	0
MORN4	4	5.8376e-01	6.1314e-01	1.000000	0
MAGEC1	4	5.8378e-01	6.1314e-01	1.000000	0
PLXNA2	4	5.8384e-01	6.1314e-01	1.000000	0
IFNA21	4	5.8387e-01	6.1314e-01	1.000000	0
SLC25A42	4	5.8395e-01	6.1314e-01	1.000000	0
LANCL3	4	5.8411e-01	6.1314e-01	1.000000	0
CCDC74A	4	5.8413e-01	6.1314e-01	1.000000	0
STARD13	4	5.8424e-01	6.1314e-01	1.000000	0
BLVRB	4	5.8427e-01	6.1314e-01	1.000000	0
LGALS14	4	5.8432e-01	6.1314e-01	1.000000	0
C10orf25	4	5.8435e-01	6.1314e-01	1.000000	0
HELZ2	4	5.8443e-01	6.1314e-01	1.000000	0
ORM2	4	5.8448e-01	6.1314e-01	1.000000	0
GDAP1L1	4	5.8453e-01	6.1314e-01	1.000000	0
ACMSD	4	5.8456e-01	6.1314e-01	1.000000	0
FAM198A	4	5.8467e-01	6.1314e-01	1.000000	0
CAMTA2	4	5.8470e-01	6.1314e-01	1.000000	0
NBPF14	4	5.8478e-01	6.1314e-01	1.000000	0
SERINC4	4	5.8486e-01	6.1314e-01	1.000000	0
PCYT2	4	5.8491e-01	6.1314e-01	1.000000	0
TMEM125	4	5.8496e-01	6.1314e-01	1.000000	0
CGB1	4	5.8499e-01	6.1314e-01	1.000000	0
OSBPL7	4	5.8507e-01	6.1314e-01	1.000000	0
ELF4	4	5.8512e-01	6.1507e-01	1.000000	0
DDX26B	4	5.8515e-01	6.1507e-01	1.000000	0
MTRNR2L10	4	5.8518e-01	6.1507e-01	1.000000	0
SELL	4	5.8523e-01	6.1507e-01	1.000000	0
PDZD9	3	5.8524e-01	6.7634e-01	1.000000	0
FBXO21	4	5.8528e-01	6.1507e-01	1.000000	0
MIA	4	5.8539e-01	6.1508e-01	1.000000	0
C14orf142	4	5.8542e-01	6.1508e-01	1.000000	0
NDUFB1	4	5.8544e-01	6.1508e-01	1.000000	0
THAP2	4	5.8560e-01	6.1704e-01	1.000000	0
PPM1B	4	5.8563e-01	6.1704e-01	1.000000	0
DEFA5	4	5.8571e-01	6.1704e-01	1.000000	0
GPR34	4	5.8574e-01	6.1704e-01	1.000000	0
GRIPAP1	4	5.8576e-01	6.1704e-01	1.000000	0
GNS	4	5.8582e-01	6.1704e-01	1.000000	0
DNAH7	4	5.8587e-01	6.1704e-01	1.000000	0
SAP30L	4	5.8603e-01	6.1704e-01	1.000000	0
ABHD6	4	5.8614e-01	6.1704e-01	1.000000	0
COA1	4	5.8617e-01	6.1704e-01	1.000000	0
ACACA	4	5.8625e-01	6.1704e-01	1.000000	0
EMC6	4	5.8627e-01	6.1704e-01	1.000000	0
DCUN1D5	4	5.8633e-01	6.1704e-01	1.000000	0
BTG1	4	5.8641e-01	6.1704e-01	1.000000	0
GJD2	4	5.8643e-01	6.1704e-01	1.000000	0
ITGB4	4	5.8646e-01	6.1704e-01	1.000000	0
SGOL2	4	5.8649e-01	6.1704e-01	1.000000	0
CD1C	4	5.8657e-01	6.1704e-01	1.000000	0
PNMT	4	5.8662e-01	6.1704e-01	1.000000	0
C11orf94	4	5.8665e-01	6.1704e-01	1.000000	0
CA14	4	5.8673e-01	6.1704e-01	1.000000	0
ABCD4	4	5.8678e-01	6.1704e-01	1.000000	0
ZC3H6	4	5.8681e-01	6.1704e-01	1.000000	0
MKL2	4	5.8683e-01	6.1704e-01	1.000000	0
ZNF25	4	5.8689e-01	6.1704e-01	1.000000	0
CCR1	4	5.8702e-01	6.1704e-01	1.000000	0
SKOR1	4	5.8712e-01	6.1704e-01	1.000000	0
CDKL1	4	5.8715e-01	6.1704e-01	1.000000	0
BAZ1A	4	5.8723e-01	6.1704e-01	1.000000	0
HK1	4	5.8726e-01	6.1704e-01	1.000000	0
TSPYL1	4	5.8734e-01	6.1903e-01	1.000000	0
SMAD4	4	5.8736e-01	6.1903e-01	1.000000	0
KLB	4	5.8739e-01	6.1903e-01	1.000000	0
WFDC13	4	5.8744e-01	6.1903e-01	1.000000	0
ACTN3	4	5.8752e-01	6.2095e-01	1.000000	0
RALGAPA2	4	5.8755e-01	6.2095e-01	1.000000	0
SAT2	4	5.8758e-01	6.2095e-01	1.000000	0
MFSD12	4	5.8768e-01	6.2095e-01	1.000000	0
ID2	4	5.8779e-01	6.2095e-01	1.000000	0
C8B	4	5.8782e-01	6.2095e-01	1.000000	0
SLC17A9	4	5.8784e-01	6.2095e-01	1.000000	0
BHLHE40	4	5.8787e-01	6.2095e-01	1.000000	0
ARHGAP36	4	5.8790e-01	6.2095e-01	1.000000	0
TIMM22	4	5.8792e-01	6.2095e-01	1.000000	0
ZC3H12A	4	5.8795e-01	6.2095e-01	1.000000	0
TLL1	4	5.8800e-01	6.2095e-01	1.000000	0
DERL3	4	5.8811e-01	6.2095e-01	1.000000	0
RNF223	4	5.8814e-01	6.2095e-01	1.000000	0
PCIF1	4	5.8816e-01	6.2095e-01	1.000000	0
NPY	4	5.8819e-01	6.2095e-01	1.000000	0
KYNU	4	5.8824e-01	6.2095e-01	1.000000	0
PGPEP1	4	5.8827e-01	6.2095e-01	1.000000	0
SGPP2	4	5.8832e-01	6.2095e-01	1.000000	0
BHMT	4	5.8840e-01	6.2095e-01	1.000000	0
ZNF783	4	5.8843e-01	6.2095e-01	1.000000	0
PRR15	4	5.8856e-01	6.2095e-01	1.000000	0
FAM161B	4	5.8859e-01	6.2095e-01	1.000000	0
LRP11	4	5.8864e-01	6.2095e-01	1.000000	0
EPN1	4	5.8867e-01	6.2095e-01	1.000000	0
TNRC6B	4	5.8872e-01	6.2095e-01	1.000000	0
FOXR1	4	5.8875e-01	6.2095e-01	1.000000	0
MAS1L	4	5.8877e-01	6.2095e-01	1.000000	0
RET	4	5.8888e-01	6.2095e-01	1.000000	0
RAB33A	4	5.8891e-01	6.2095e-01	1.000000	0
MLPH	4	5.8893e-01	6.2095e-01	1.000000	0
HIST1H2AA	4	5.8896e-01	6.2095e-01	1.000000	0
SQRDL	4	5.8899e-01	6.2095e-01	1.000000	0
GAGE12C	4	5.8904e-01	6.2095e-01	1.000000	0
GABRA6	4	5.8907e-01	6.2095e-01	1.000000	0
TMEM8B	4	5.8909e-01	6.2095e-01	1.000000	0
CHST8	4	5.8917e-01	6.2095e-01	1.000000	0
IRAK2	4	5.8931e-01	6.2284e-01	1.000000	0
ZBTB16	4	5.8933e-01	6.2284e-01	1.000000	0
HILPDA	4	5.8938e-01	6.2284e-01	1.000000	0
FTCD	4	5.8941e-01	6.2284e-01	1.000000	0
COL22A1	4	5.8946e-01	6.2284e-01	1.000000	0
CEBPB	4	5.8952e-01	6.2479e-01	1.000000	0
SRCIN1	4	5.8954e-01	6.2479e-01	1.000000	0
CHMP5	4	5.8962e-01	6.2479e-01	1.000000	0
MTAP	4	5.8968e-01	6.2479e-01	1.000000	0
C9orf3	4	5.8974e-01	6.2479e-01	1.000000	0
MUC5AC	4	5.8978e-01	6.2479e-01	1.000000	0
TMEM31	4	5.8981e-01	6.2480e-01	1.000000	0
ABI2	4	5.8989e-01	6.2480e-01	1.000000	0
CHRNA1	4	5.8999e-01	6.2480e-01	1.000000	0
ABCG4	4	5.9002e-01	6.2480e-01	1.000000	0
MBP	4	5.9015e-01	6.2672e-01	1.000000	0
SLC14A2	4	5.9018e-01	6.2672e-01	1.000000	0
GZMM	4	5.9021e-01	6.2672e-01	1.000000	0
GML	4	5.9034e-01	6.2672e-01	1.000000	0
ATL2	4	5.9037e-01	6.2672e-01	1.000000	0
MAGEB18	4	5.9039e-01	6.2672e-01	1.000000	0
C11orf88	4	5.9047e-01	6.2672e-01	1.000000	0
LRRC37A2	4	5.9058e-01	6.2672e-01	1.000000	0
SLC25A14	4	5.9060e-01	6.2672e-01	1.000000	0
CSDE1	4	5.9063e-01	6.2672e-01	1.000000	0
SGIP1	4	5.9079e-01	6.2672e-01	1.000000	0
ZDHHC24	4	5.9089e-01	6.2672e-01	1.000000	0
OR52M1	4	5.9095e-01	6.2672e-01	1.000000	0
SH3BGRL2	4	5.9103e-01	6.2672e-01	1.000000	0
TMEM156	4	5.9105e-01	6.2672e-01	1.000000	0
HOXC6	4	5.9111e-01	6.2672e-01	1.000000	0
MMRN2	4	5.9134e-01	6.2672e-01	1.000000	0
THEMIS2	4	5.9140e-01	6.2672e-01	1.000000	0
RCN3	4	5.9142e-01	6.2672e-01	1.000000	0
E2F4	4	5.9148e-01	6.2672e-01	1.000000	0
ANXA7	4	5.9153e-01	6.2672e-01	1.000000	0
GPR161	4	5.9165e-01	6.2672e-01	1.000000	0
LAX1	4	5.9174e-01	6.2672e-01	1.000000	0
OIP5	4	5.9177e-01	6.2672e-01	1.000000	0
GOT2	4	5.9195e-01	6.2672e-01	1.000000	0
ZNF611	4	5.9214e-01	6.2672e-01	1.000000	0
RASA4	4	5.9216e-01	6.2672e-01	1.000000	0
IRAK3	4	5.9227e-01	6.3056e-01	1.000000	0
ERCC6-PGBD3	4	5.9232e-01	6.3056e-01	1.000000	0
CHRM2	4	5.9237e-01	6.3056e-01	1.000000	0
GTPBP8	4	5.9240e-01	6.3056e-01	1.000000	0
SNX11	4	5.9248e-01	6.3056e-01	1.000000	0
CELF4	4	5.9253e-01	6.3056e-01	1.000000	0
FANCB	4	5.9264e-01	6.3057e-01	1.000000	0
LIPI	4	5.9282e-01	6.3057e-01	1.000000	0
CXCR1	4	5.9285e-01	6.3057e-01	1.000000	0
TNFAIP8L3	4	5.9288e-01	6.3057e-01	1.000000	0
HEXIM2	4	5.9290e-01	6.3057e-01	1.000000	0
PQLC2L	4	5.9293e-01	6.3057e-01	1.000000	0
FBXL8	4	5.9303e-01	6.3250e-01	1.000000	0
ZNF587	4	5.9306e-01	6.3250e-01	1.000000	0
LOR	4	5.9311e-01	6.3250e-01	1.000000	0
AFP	4	5.9317e-01	6.3250e-01	1.000000	0
DPYS	4	5.9319e-01	6.3250e-01	1.000000	0
PEX14	4	5.9322e-01	6.3250e-01	1.000000	0
TTC25	4	5.9324e-01	6.3250e-01	1.000000	0
MPLKIP	4	5.9330e-01	6.3250e-01	1.000000	0
RHOD	4	5.9332e-01	6.3250e-01	1.000000	0
STARD7	4	5.9340e-01	6.3250e-01	1.000000	0
ZNF345	4	5.9348e-01	6.3250e-01	1.000000	0
NREP	4	5.9351e-01	6.3250e-01	1.000000	0
SCTR	4	5.9353e-01	6.3250e-01	1.000000	0
EPSTI1	4	5.9356e-01	6.3250e-01	1.000000	0
CASP8	4	5.9360e-01	6.3250e-01	1.000000	0
DYRK1A	4	5.9360e-01	6.3250e-01	1.000000	0
HOXD1	4	5.9367e-01	6.3250e-01	1.000000	0
HGSNAT	4	5.9385e-01	6.3250e-01	1.000000	0
ARHGAP44	4	5.9388e-01	6.3250e-01	1.000000	0
ZNF577	4	5.9390e-01	6.3250e-01	1.000000	0
ZNF322	4	5.9393e-01	6.3250e-01	1.000000	0
PHGDH	4	5.9403e-01	6.3442e-01	1.000000	0
KDELR3	4	5.9409e-01	6.3442e-01	1.000000	0
CYR61	4	5.9411e-01	6.3442e-01	1.000000	0
UBB	4	5.9414e-01	6.3442e-01	1.000000	0
EXOSC6	4	5.9417e-01	6.3442e-01	1.000000	0
ZNF765	4	5.9419e-01	6.3442e-01	1.000000	0
C9orf72	4	5.9424e-01	6.3442e-01	1.000000	0
OLFML3	4	5.9430e-01	6.3442e-01	1.000000	0
SLC51A	4	5.9432e-01	6.3442e-01	1.000000	0
ITPK1	4	5.9440e-01	6.3442e-01	1.000000	0
CD47	4	5.9446e-01	6.3442e-01	1.000000	0
LOC653602	4	5.9461e-01	6.3442e-01	1.000000	0
SLC25A27	4	5.9464e-01	6.3442e-01	1.000000	0
CREBRF	4	5.9469e-01	6.3442e-01	1.000000	0
ADNP	4	5.9472e-01	6.3442e-01	1.000000	0
ZNF410	4	5.9477e-01	6.3442e-01	1.000000	0
DTX4	4	5.9485e-01	6.3442e-01	1.000000	0
OCM2	4	5.9495e-01	6.3442e-01	1.000000	0
MAGEC3	4	5.9498e-01	6.3442e-01	1.000000	0
WBSCR27	4	5.9501e-01	6.3442e-01	1.000000	0
NOL8	4	5.9509e-01	6.3442e-01	1.000000	0
SULT6B1	4	5.9516e-01	6.3442e-01	1.000000	0
ZNF90	4	5.9522e-01	6.3442e-01	1.000000	0
ZNF337	4	5.9524e-01	6.3442e-01	1.000000	0
DNAI1	4	5.9527e-01	6.3442e-01	1.000000	0
ZNF558	4	5.9532e-01	6.3442e-01	1.000000	0
CYP26A1	4	5.9537e-01	6.3442e-01	1.000000	0
TEX13A	4	5.9540e-01	6.3442e-01	1.000000	0
GALNT3	4	5.9548e-01	6.3633e-01	1.000000	0
PRB4	4	5.9551e-01	6.3633e-01	1.000000	0
ALDH1B1	4	5.9553e-01	6.3633e-01	1.000000	0
KCNJ12	4	5.9561e-01	6.3633e-01	1.000000	0
PHLDB3	4	5.9564e-01	6.3633e-01	1.000000	0
TSPAN31	4	5.9572e-01	6.3633e-01	1.000000	0
EGF	4	5.9587e-01	6.3633e-01	1.000000	0
TMEM205	4	5.9593e-01	6.3633e-01	1.000000	0
HCLS1	4	5.9602e-01	6.3633e-01	1.000000	0
TWF2	4	5.9621e-01	6.3633e-01	1.000000	0
RNF181	4	5.9625e-01	6.3633e-01	1.000000	0
WDR91	4	5.9629e-01	6.3633e-01	1.000000	0
ANK3	4	5.9632e-01	6.3633e-01	1.000000	0
CPLX3	4	5.9640e-01	6.3633e-01	1.000000	0
COLCA2	4	5.9642e-01	6.3633e-01	1.000000	0
HSFY1	4	5.9645e-01	6.3633e-01	1.000000	0
CHRD	4	5.9655e-01	6.3633e-01	1.000000	0
C2orf66	4	5.9658e-01	6.3633e-01	1.000000	0
SLC44A5	4	5.9661e-01	6.3633e-01	1.000000	0
C2orf48	4	5.9663e-01	6.3633e-01	1.000000	0
TRIM35	4	5.9671e-01	6.3633e-01	1.000000	0
KRTAP3-2	4	5.9676e-01	6.3633e-01	1.000000	0
SENP1	4	5.9679e-01	6.3633e-01	1.000000	0
SPECC1	4	5.9682e-01	6.3633e-01	1.000000	0
EDNRA	4	5.9684e-01	6.3633e-01	1.000000	0
TYMSOS	4	5.9687e-01	6.3633e-01	1.000000	0
SLC25A19	4	5.9695e-01	6.3633e-01	1.000000	0
COX7B	4	5.9700e-01	6.3633e-01	1.000000	0
DNAH14	4	5.9708e-01	6.3633e-01	1.000000	0
TARBP1	4	5.9710e-01	6.3633e-01	1.000000	0
C12orf10	4	5.9713e-01	6.3633e-01	1.000000	0
GRAMD2	4	5.9716e-01	6.3633e-01	1.000000	0
OCA2	4	5.9723e-01	6.3633e-01	1.000000	0
PDPN	4	5.9726e-01	6.3633e-01	1.000000	0
TBC1D20	4	5.9742e-01	6.3633e-01	1.000000	0
MDGA1	4	5.9747e-01	6.3633e-01	1.000000	0
PALD1	4	5.9750e-01	6.3633e-01	1.000000	0
HAO1	4	5.9752e-01	6.3633e-01	1.000000	0
AGBL4	4	5.9755e-01	6.3633e-01	1.000000	0
RBMXL2	4	5.9760e-01	6.3633e-01	1.000000	0
ILKAP	4	5.9763e-01	6.3633e-01	1.000000	0
ANKRD55	4	5.9768e-01	6.3633e-01	1.000000	0
SGK2	4	5.9776e-01	6.3633e-01	1.000000	0
KCNQ4	4	5.9782e-01	6.3633e-01	1.000000	0
PPHLN1	4	5.9791e-01	6.3633e-01	1.000000	0
TRH	4	5.9794e-01	6.3633e-01	1.000000	0
CSF1	4	5.9807e-01	6.3633e-01	1.000000	0
PATL1	4	5.9811e-01	6.3633e-01	1.000000	0
CYP2R1	4	5.9817e-01	6.3633e-01	1.000000	0
DHTKD1	4	5.9828e-01	6.3633e-01	1.000000	0
TTR	4	5.9833e-01	6.3633e-01	1.000000	0
DDC	4	5.9841e-01	6.3633e-01	1.000000	0
CACNA1S	4	5.9851e-01	6.3633e-01	1.000000	0
C12orf57	4	5.9854e-01	6.3633e-01	1.000000	0
ODF4	4	5.9857e-01	6.3633e-01	1.000000	0
ZCCHC17	4	5.9864e-01	6.3633e-01	1.000000	0
ALOX5AP	4	5.9867e-01	6.3633e-01	1.000000	0
CENPP	4	5.9870e-01	6.3633e-01	1.000000	0
EPYC	4	5.9872e-01	6.3633e-01	1.000000	0
HIST1H2AE	4	5.9877e-01	6.3633e-01	1.000000	0
PFKFB2	4	5.9883e-01	6.3633e-01	1.000000	0
SLC36A1	4	5.9885e-01	6.3633e-01	1.000000	0
SPANXN5	4	5.9888e-01	6.3633e-01	1.000000	0
GYPE	4	5.9891e-01	6.3633e-01	1.000000	0
STARD8	4	5.9896e-01	6.3633e-01	1.000000	0
TMEM241	4	5.9898e-01	6.3633e-01	1.000000	0
DPPA2	4	5.9901e-01	6.3633e-01	1.000000	0
SKOR2	4	5.9906e-01	6.3633e-01	1.000000	0
KCNU1	4	5.9917e-01	6.3633e-01	1.000000	0
MAGEB17	4	5.9919e-01	6.3633e-01	1.000000	0
SIGLEC9	4	5.9924e-01	6.3633e-01	1.000000	0
NBEA	4	5.9927e-01	6.3633e-01	1.000000	0
FKBP9	4	5.9932e-01	6.3633e-01	1.000000	0
SIK2	4	5.9943e-01	6.3633e-01	1.000000	0
KLC2	4	5.9948e-01	6.3633e-01	1.000000	0
ANGPT4	4	5.9950e-01	6.3633e-01	1.000000	0
FKBP11	4	5.9953e-01	6.3633e-01	1.000000	0
STX1A	4	5.9958e-01	6.3821e-01	1.000000	0
SLC25A35	4	5.9961e-01	6.3821e-01	1.000000	0
DIAPH3	4	5.9963e-01	6.3821e-01	1.000000	0
CDH26	4	5.9966e-01	6.3821e-01	1.000000	0
RNF167	4	5.9969e-01	6.3821e-01	1.000000	0
FAM65C	4	5.9971e-01	6.3821e-01	1.000000	0
PRPS1	4	5.9979e-01	6.4006e-01	1.000000	0
HUS1B	4	5.9984e-01	6.4006e-01	1.000000	0
TPM3	4	5.9987e-01	6.4006e-01	1.000000	0
BLK	4	5.9990e-01	6.4006e-01	1.000000	0
RAB30	4	5.9996e-01	6.4006e-01	1.000000	0
TCEA3	4	6.0005e-01	6.4006e-01	1.000000	0
ADIPOR1	4	6.0009e-01	6.4006e-01	1.000000	0
COL11A1	4	6.0013e-01	6.4006e-01	1.000000	0
IL23R	4	6.0018e-01	6.4006e-01	1.000000	0
TMEM115	4	6.0029e-01	6.4006e-01	1.000000	0
REP15	4	6.0034e-01	6.4006e-01	1.000000	0
FAM47C	4	6.0039e-01	6.4189e-01	1.000000	0
DEFB114	4	6.0044e-01	6.4189e-01	1.000000	0
CISD3	4	6.0047e-01	6.4189e-01	1.000000	0
ALDH3B2	4	6.0060e-01	6.4189e-01	1.000000	0
TMED7-TICAM2	4	6.0065e-01	6.4189e-01	1.000000	0
SLC16A7	4	6.0068e-01	6.4189e-01	1.000000	0
PDLIM1	4	6.0070e-01	6.4189e-01	1.000000	0
PLEKHA4	4	6.0073e-01	6.4189e-01	1.000000	0
BGN	4	6.0075e-01	6.4189e-01	1.000000	0
PI4KB	4	6.0078e-01	6.4189e-01	1.000000	0
SLC25A23	4	6.0081e-01	6.4189e-01	1.000000	0
TSNARE1	4	6.0083e-01	6.4189e-01	1.000000	0
KIF5C	4	6.0088e-01	6.4189e-01	1.000000	0
UBASH3B	4	6.0096e-01	6.4189e-01	1.000000	0
GSDMB	4	6.0106e-01	6.4189e-01	1.000000	0
EIF5AL1	4	6.0119e-01	6.4189e-01	1.000000	0
RUFY4	4	6.0122e-01	6.4189e-01	1.000000	0
CRYBG3	4	6.0125e-01	6.4189e-01	1.000000	0
PTGER1	4	6.0127e-01	6.4189e-01	1.000000	0
FBXO15	4	6.0135e-01	6.4189e-01	1.000000	0
MFSD6L	4	6.0139e-01	6.4189e-01	1.000000	0
CDK19	4	6.0139e-01	6.4189e-01	1.000000	0
OR10A6	4	6.0153e-01	6.4189e-01	1.000000	0
MLLT3	4	6.0156e-01	6.4189e-01	1.000000	0
FHL5	4	6.0158e-01	6.4189e-01	1.000000	0
TMEM26	4	6.0166e-01	6.4189e-01	1.000000	0
SIMC1	4	6.0174e-01	6.4189e-01	1.000000	0
LIF	4	6.0179e-01	6.4189e-01	1.000000	0
KIF4B	4	6.0184e-01	6.4375e-01	1.000000	0
BVES	4	6.0187e-01	6.4375e-01	1.000000	0
PAM16	4	6.0189e-01	6.4375e-01	1.000000	0
RNF166	4	6.0195e-01	6.4375e-01	1.000000	0
PCNT	4	6.0197e-01	6.4375e-01	1.000000	0
ASCL5	4	6.0202e-01	6.4375e-01	1.000000	0
HLA-DQA1	4	6.0205e-01	6.4375e-01	1.000000	0
CPN2	4	6.0208e-01	6.4375e-01	1.000000	0
CXCL17	4	6.0223e-01	6.4375e-01	1.000000	0
HDHD1	4	6.0241e-01	6.4375e-01	1.000000	0
CKLF	4	6.0249e-01	6.4375e-01	1.000000	0
ZNF592	4	6.0254e-01	6.4375e-01	1.000000	0
HAPLN3	4	6.0278e-01	6.4375e-01	1.000000	0
TREM1	4	6.0280e-01	6.4375e-01	1.000000	0
ZNF57	4	6.0283e-01	6.4375e-01	1.000000	0
FEZ1	4	6.0285e-01	6.4375e-01	1.000000	0
TMEM30B	4	6.0288e-01	6.4375e-01	1.000000	0
MEF2BNB	4	6.0290e-01	6.4375e-01	1.000000	0
FYTTD1	4	6.0293e-01	6.4375e-01	1.000000	0
TMEM55A	4	6.0296e-01	6.4375e-01	1.000000	0
LY75-CD302	4	6.0301e-01	6.4375e-01	1.000000	0
LRRC4B	4	6.0303e-01	6.4375e-01	1.000000	0
PCGF6	4	6.0316e-01	6.4375e-01	1.000000	0
NGEF	4	6.0319e-01	6.4375e-01	1.000000	0
TCEAL1	4	6.0329e-01	6.4375e-01	1.000000	0
NBPF4	4	6.0332e-01	6.4375e-01	1.000000	0
CNBP	4	6.0337e-01	6.4375e-01	1.000000	0
FHL1	4	6.0342e-01	6.4557e-01	1.000000	0
SLC22A10	4	6.0345e-01	6.4557e-01	1.000000	0
SEPTIN11	4	6.0347e-01	6.4557e-01	1.000000	0
ARIH2OS	4	6.0351e-01	6.4557e-01	1.000000	0
PIWIL2	4	6.0358e-01	6.4557e-01	1.000000	0
PSMA3	4	6.0365e-01	6.4557e-01	1.000000	0
TTC17	3	6.0381e-01	6.9436e-01	1.000000	0
CXCL5	4	6.0386e-01	6.4557e-01	1.000000	0
TTC30A	4	6.0391e-01	6.4557e-01	1.000000	0
MEAF6	4	6.0402e-01	6.4557e-01	1.000000	0
MIER3	4	6.0404e-01	6.4557e-01	1.000000	0
SPEN	4	6.0409e-01	6.4557e-01	1.000000	0
FAM13B	4	6.0420e-01	6.4557e-01	1.000000	0
SAPCD1	4	6.0422e-01	6.4557e-01	1.000000	0
STRC	4	6.0430e-01	6.4557e-01	1.000000	0
IFITM1	4	6.0433e-01	6.4557e-01	1.000000	0
OR5K3	4	6.0443e-01	6.4557e-01	1.000000	0
ZSWIM5	4	6.0447e-01	6.4557e-01	1.000000	0
WASL	4	6.0447e-01	6.4557e-01	1.000000	0
PSTPIP2	4	6.0451e-01	6.4557e-01	1.000000	0
FBXL4	4	6.0458e-01	6.4557e-01	1.000000	0
ATF7	4	6.0464e-01	6.4557e-01	1.000000	0
TMEM215	4	6.0476e-01	6.4557e-01	1.000000	0
ZNF445	4	6.0479e-01	6.4557e-01	1.000000	0
SETDB2	4	6.0482e-01	6.4557e-01	1.000000	0
TNFSF11	4	6.0492e-01	6.4557e-01	1.000000	0
COCH	4	6.0502e-01	6.4557e-01	1.000000	0
EBNA1BP2	4	6.0505e-01	6.4557e-01	1.000000	0
LOXL3	4	6.0513e-01	6.4557e-01	1.000000	0
COMMD4	4	6.0518e-01	6.4557e-01	1.000000	0
SMIM2	4	6.0531e-01	6.4557e-01	1.000000	0
ZNF703	4	6.0533e-01	6.4557e-01	1.000000	0
GPATCH3	4	6.0536e-01	6.4557e-01	1.000000	0
FIGN	4	6.0538e-01	6.4557e-01	1.000000	0
RC3H2	4	6.0554e-01	6.4557e-01	1.000000	0
SPATA6	4	6.0559e-01	6.4557e-01	1.000000	0
SCAI	4	6.0565e-01	6.4557e-01	1.000000	0
ADM2	4	6.0572e-01	6.4557e-01	1.000000	0
ETFB	4	6.0582e-01	6.4557e-01	1.000000	0
GSTP1	4	6.0592e-01	6.4557e-01	1.000000	0
ANKRD20A1	4	6.0597e-01	6.4557e-01	1.000000	0
BTF3L4	4	6.0600e-01	6.4557e-01	1.000000	0
SYNPR	4	6.0603e-01	6.4557e-01	1.000000	0
ISM2	4	6.0608e-01	6.4557e-01	1.000000	0
FAM162A	4	6.0616e-01	6.4557e-01	1.000000	0
LEMD3	4	6.0618e-01	6.4557e-01	1.000000	0
MLLT10	4	6.0631e-01	6.4739e-01	1.000000	0
PRRC2B	4	6.0633e-01	6.4739e-01	1.000000	0
C7orf60	4	6.0636e-01	6.4739e-01	1.000000	0
GBP1	4	6.0649e-01	6.4739e-01	1.000000	0
COA5	4	6.0662e-01	6.4739e-01	1.000000	0
G6PC2	4	6.0669e-01	6.4739e-01	1.000000	0
ZNF772	4	6.0675e-01	6.4739e-01	1.000000	0
GJB2	4	6.0680e-01	6.4739e-01	1.000000	0
GRM3	4	6.0690e-01	6.4739e-01	1.000000	0
FPR2	4	6.0695e-01	6.4739e-01	1.000000	0
RCOR2	4	6.0700e-01	6.4739e-01	1.000000	0
EHMT2	4	6.0705e-01	6.4739e-01	1.000000	0
THAP7	4	6.0708e-01	6.4739e-01	1.000000	0
RBMY1E	4	6.0711e-01	6.4739e-01	1.000000	0
MFSD9	4	6.0713e-01	6.4739e-01	1.000000	0
FAM120A	4	6.0718e-01	6.4739e-01	1.000000	0
KIR2DS4	4	6.0721e-01	6.4739e-01	1.000000	0
ACSM3	4	6.0739e-01	6.4739e-01	1.000000	0
KRT85	4	6.0744e-01	6.4739e-01	1.000000	0
SEMA4G	4	6.0754e-01	6.4921e-01	1.000000	0
TBX19	4	6.0775e-01	6.4921e-01	1.000000	0
BEX5	4	6.0777e-01	6.4921e-01	1.000000	0
RRP9	4	6.0780e-01	6.4921e-01	1.000000	0
FAM47A	4	6.0782e-01	6.4921e-01	1.000000	0
TMUB2	4	6.0788e-01	6.4921e-01	1.000000	0
SKA3	4	6.0800e-01	6.4921e-01	1.000000	0
SCML1	4	6.0803e-01	6.4921e-01	1.000000	0
WDR75	4	6.0808e-01	6.4921e-01	1.000000	0
NAPB	4	6.0811e-01	6.4921e-01	1.000000	0
PRKD1	4	6.0813e-01	6.4921e-01	1.000000	0
SLC9B1	4	6.0821e-01	6.4921e-01	1.000000	0
PITX2	4	6.0829e-01	6.4921e-01	1.000000	0
MMP12	4	6.0834e-01	6.4921e-01	1.000000	0
FAM46C	4	6.0841e-01	6.4921e-01	1.000000	0
NR0B2	4	6.0844e-01	6.4921e-01	1.000000	0
GCNT3	4	6.0846e-01	6.4921e-01	1.000000	0
IL17D	4	6.0857e-01	6.4921e-01	1.000000	0
WSCD2	4	6.0859e-01	6.4921e-01	1.000000	0
SCCPDH	3	6.0861e-01	7.0396e-01	1.000000	0
INPPL1	4	6.0862e-01	6.4921e-01	1.000000	0
MAGEB4	4	6.0867e-01	6.4921e-01	1.000000	0
DYNC1LI1	4	6.0869e-01	6.4921e-01	1.000000	0
REV1	4	6.0872e-01	6.4921e-01	1.000000	0
ST6GALNAC2	4	6.0877e-01	6.4921e-01	1.000000	0
TCEB3B	4	6.0887e-01	6.4921e-01	1.000000	0
MICAL2	4	6.0890e-01	6.4921e-01	1.000000	0
HNF1A	4	6.0892e-01	6.4921e-01	1.000000	0
COLEC11	4	6.0916e-01	6.4921e-01	1.000000	0
MZT2B	4	6.0918e-01	6.4921e-01	1.000000	0
BTNL3	4	6.0923e-01	6.4921e-01	1.000000	0
BAIAP2	4	6.0926e-01	6.4921e-01	1.000000	0
HDHD3	4	6.0933e-01	6.4921e-01	1.000000	0
RGR	4	6.0939e-01	6.4921e-01	1.000000	0
SMYD4	4	6.0941e-01	6.4921e-01	1.000000	0
ZNF197	4	6.0949e-01	6.4921e-01	1.000000	0
CALCR	4	6.0959e-01	6.4921e-01	1.000000	0
COL9A1	4	6.0964e-01	6.4921e-01	1.000000	0
PTBP3	4	6.0967e-01	6.4921e-01	1.000000	0
MB	4	6.0972e-01	6.4921e-01	1.000000	0
NUDT15	4	6.0974e-01	6.4921e-01	1.000000	0
GATA3	4	6.0982e-01	6.4921e-01	1.000000	0
ZNF546	4	6.0992e-01	6.4921e-01	1.000000	0
TNFSF13B	4	6.1002e-01	6.4921e-01	1.000000	0
TMCO3	4	6.1005e-01	6.4921e-01	1.000000	0
PILRA	4	6.1010e-01	6.4921e-01	1.000000	0
SLC51B	4	6.1013e-01	6.4921e-01	1.000000	0
SLC34A1	4	6.1015e-01	6.4921e-01	1.000000	0
RAB1B	4	6.1018e-01	6.4921e-01	1.000000	0
FGF5	4	6.1028e-01	6.4921e-01	1.000000	0
SLITRK3	4	6.1036e-01	6.4921e-01	1.000000	0
MAST1	4	6.1041e-01	6.4921e-01	1.000000	0
ADAMTS7	4	6.1046e-01	6.4921e-01	1.000000	0
VIL1	4	6.1056e-01	6.4921e-01	1.000000	0
NFYC	4	6.1066e-01	6.4921e-01	1.000000	0
SLC12A3	4	6.1092e-01	6.5105e-01	1.000000	0
ALOX15	4	6.1099e-01	6.5284e-01	1.000000	0
CST9	4	6.1102e-01	6.5284e-01	1.000000	0
OR9A2	4	6.1107e-01	6.5463e-01	1.000000	0
GJD4	4	6.1115e-01	6.5463e-01	1.000000	0
GNA14	4	6.1127e-01	6.5463e-01	1.000000	0
LAMB1	4	6.1130e-01	6.5463e-01	1.000000	0
SCD5	4	6.1132e-01	6.5463e-01	1.000000	0
EPHB1	4	6.1137e-01	6.5463e-01	1.000000	0
NTSR2	4	6.1145e-01	6.5463e-01	1.000000	0
LY6G6F	4	6.1153e-01	6.5463e-01	1.000000	0
GRAMD1A	4	6.1155e-01	6.5463e-01	1.000000	0
LOC81691	4	6.1158e-01	6.5463e-01	1.000000	0
MAGEA11	4	6.1160e-01	6.5463e-01	1.000000	0
SDHAF1	4	6.1165e-01	6.5463e-01	1.000000	0
HELZ	4	6.1168e-01	6.5463e-01	1.000000	0
BMX	4	6.1193e-01	6.5463e-01	1.000000	0
LPIN1	4	6.1196e-01	6.5463e-01	1.000000	0
ILDR2	4	6.1211e-01	6.5463e-01	1.000000	0
C16orf74	4	6.1214e-01	6.5463e-01	1.000000	0
CCNF	4	6.1224e-01	6.5463e-01	1.000000	0
BOLA2B	4	6.1229e-01	6.5463e-01	1.000000	0
COPS7A	4	6.1262e-01	6.5463e-01	1.000000	0
FRMPD4	4	6.1265e-01	6.5463e-01	1.000000	0
DDX56	4	6.1267e-01	6.5463e-01	1.000000	0
ABI1	4	6.1270e-01	6.5463e-01	1.000000	0
AIFM2	4	6.1275e-01	6.5463e-01	1.000000	0
IPO4	4	6.1277e-01	6.5463e-01	1.000000	0
ARHGEF38	4	6.1285e-01	6.5463e-01	1.000000	0
CENPBD1	4	6.1290e-01	6.5463e-01	1.000000	0
MPV17L2	4	6.1293e-01	6.5463e-01	1.000000	0
AVPI1	4	6.1295e-01	6.5463e-01	1.000000	0
UBR7	4	6.1298e-01	6.5463e-01	1.000000	0
ZNF574	4	6.1300e-01	6.5463e-01	1.000000	0
BCAT2	4	6.1303e-01	6.5463e-01	1.000000	0
C1orf95	4	6.1308e-01	6.5463e-01	1.000000	0
PROCA1	4	6.1310e-01	6.5463e-01	1.000000	0
PPP1R7	4	6.1315e-01	6.5463e-01	1.000000	0
FAM126A	4	6.1320e-01	6.5463e-01	1.000000	0
AFF1	4	6.1323e-01	6.5463e-01	1.000000	0
ATXN7L2	4	6.1328e-01	6.5463e-01	1.000000	0
E2F8	4	6.1333e-01	6.5463e-01	1.000000	0
OR5T1	4	6.1346e-01	6.5463e-01	1.000000	0
ADAMTS8	4	6.1348e-01	6.5463e-01	1.000000	0
SCUBE1	4	6.1361e-01	6.5463e-01	1.000000	0
FABP6	4	6.1364e-01	6.5463e-01	1.000000	0
CEBPE	4	6.1371e-01	6.5463e-01	1.000000	0
C5orf51	4	6.1374e-01	6.5463e-01	1.000000	0
C2orf27A	4	6.1376e-01	6.5463e-01	1.000000	0
VASH1	4	6.1389e-01	6.5463e-01	1.000000	0
USP31	4	6.1398e-01	6.5463e-01	1.000000	0
RSBN1L	4	6.1402e-01	6.5463e-01	1.000000	0
HPS5	4	6.1417e-01	6.5644e-01	1.000000	0
RAB35	4	6.1419e-01	6.5644e-01	1.000000	0
C20orf144	4	6.1422e-01	6.5644e-01	1.000000	0
MPPED2	4	6.1424e-01	6.5644e-01	1.000000	0
RAB24	4	6.1427e-01	6.5644e-01	1.000000	0
SLC10A1	4	6.1429e-01	6.5644e-01	1.000000	0
NUBPL	4	6.1434e-01	6.5644e-01	1.000000	0
MYZAP	4	6.1440e-01	6.5644e-01	1.000000	0
HTR2C	4	6.1445e-01	6.5644e-01	1.000000	0
GLB1L3	4	6.1447e-01	6.5644e-01	1.000000	0
AGA	4	6.1450e-01	6.5644e-01	1.000000	0
PYCRL	4	6.1452e-01	6.5644e-01	1.000000	0
ANGEL2	4	6.1455e-01	6.5644e-01	1.000000	0
USP17L4	4	6.1465e-01	6.5644e-01	1.000000	0
CPA5	4	6.1467e-01	6.5644e-01	1.000000	0
TENM1	4	6.1472e-01	6.5644e-01	1.000000	0
IKBKG	4	6.1475e-01	6.5644e-01	1.000000	0
ATP7A	4	6.1480e-01	6.5644e-01	1.000000	0
OTC	4	6.1488e-01	6.5644e-01	1.000000	0
RGPD4	4	6.1490e-01	6.5644e-01	1.000000	0
KLK1	4	6.1493e-01	6.5644e-01	1.000000	0
SERF2	4	6.1495e-01	6.5644e-01	1.000000	0
KATNAL1	4	6.1500e-01	6.5644e-01	1.000000	0
PAIP1	4	6.1515e-01	6.5644e-01	1.000000	0
NUB1	4	6.1520e-01	6.5644e-01	1.000000	0
IL19	4	6.1526e-01	6.5644e-01	1.000000	0
ZFP36L2	4	6.1531e-01	6.5644e-01	1.000000	0
PHF20L1	4	6.1533e-01	6.5644e-01	1.000000	0
PRSS42	4	6.1538e-01	6.5644e-01	1.000000	0
GCNT7	4	6.1546e-01	6.5644e-01	1.000000	0
AKIRIN1	4	6.1548e-01	6.5644e-01	1.000000	0
NBPF8	4	6.1551e-01	6.5644e-01	1.000000	0
SYNGR4	4	6.1553e-01	6.5644e-01	1.000000	0
PSG9	4	6.1556e-01	6.5644e-01	1.000000	0
NAT8	4	6.1563e-01	6.5644e-01	1.000000	0
INPP5E	4	6.1566e-01	6.5644e-01	1.000000	0
UGT1A8	4	6.1579e-01	6.5644e-01	1.000000	0
C16orf95	4	6.1589e-01	6.5644e-01	1.000000	0
OR52I1	4	6.1591e-01	6.5644e-01	1.000000	0
CSPG5	4	6.1594e-01	6.5644e-01	1.000000	0
SLC35G4	4	6.1596e-01	6.5644e-01	1.000000	0
TLR9	4	6.1599e-01	6.5644e-01	1.000000	0
PLXNA3	4	6.1609e-01	6.5827e-01	1.000000	0
MCL1	4	6.1611e-01	6.5827e-01	1.000000	0
RNF149	4	6.1619e-01	6.5827e-01	1.000000	0
MICU1	4	6.1621e-01	6.5827e-01	1.000000	0
PCYOX1L	4	6.1624e-01	6.5827e-01	1.000000	0
SMARCC1	4	6.1629e-01	6.5827e-01	1.000000	0
URGCP	4	6.1632e-01	6.5827e-01	1.000000	0
RBMXL3	4	6.1634e-01	6.5827e-01	1.000000	0
TBC1D1	4	6.1644e-01	6.6005e-01	1.000000	0
PPARA	4	6.1649e-01	6.6005e-01	1.000000	0
ZNF526	4	6.1654e-01	6.6005e-01	1.000000	0
CALY	4	6.1661e-01	6.6183e-01	1.000000	0
TMEM40	4	6.1677e-01	6.6183e-01	1.000000	0
ZNF439	4	6.1682e-01	6.6183e-01	1.000000	0
POMK	4	6.1687e-01	6.6183e-01	1.000000	0
CLN8	4	6.1690e-01	6.6183e-01	1.000000	0
HLA-B	4	6.1695e-01	6.6183e-01	1.000000	0
ACPT	4	6.1697e-01	6.6183e-01	1.000000	0
MTMR14	4	6.1705e-01	6.6183e-01	1.000000	0
ZAN	4	6.1707e-01	6.6183e-01	1.000000	0
HSD17B12	4	6.1715e-01	6.6361e-01	1.000000	0
GSTA1	4	6.1722e-01	6.6541e-01	1.000000	0
KLF17	4	6.1747e-01	6.6541e-01	1.000000	0
JOSD2	4	6.1752e-01	6.6541e-01	1.000000	0
ADGRE2	4	6.1757e-01	6.6541e-01	1.000000	0
ARHGEF25	4	6.1760e-01	6.6541e-01	1.000000	0
PACSIN3	4	6.1765e-01	6.6541e-01	1.000000	0
GPR35	4	6.1775e-01	6.6541e-01	1.000000	0
KCNA5	4	6.1778e-01	6.6541e-01	1.000000	0
ADH1B	4	6.1780e-01	6.6541e-01	1.000000	0
GOLPH3	4	6.1783e-01	6.6541e-01	1.000000	0
GBP4	4	6.1785e-01	6.6541e-01	1.000000	0
HOMER1	4	6.1800e-01	6.6541e-01	1.000000	0
C4orf33	4	6.1803e-01	6.6541e-01	1.000000	0
OTUD4	4	6.1805e-01	6.6541e-01	1.000000	0
VSTM4	4	6.1810e-01	6.6541e-01	1.000000	0
RNF19B	4	6.1813e-01	6.6541e-01	1.000000	0
YIF1B	4	6.1815e-01	6.6541e-01	1.000000	0
ST8SIA3	4	6.1823e-01	6.6541e-01	1.000000	0
TDP2	4	6.1825e-01	6.6541e-01	1.000000	0
PRELID2	4	6.1833e-01	6.6541e-01	1.000000	0
CCDC63	4	6.1845e-01	6.6541e-01	1.000000	0
ADGRA1	4	6.1848e-01	6.6541e-01	1.000000	0
OCSTAMP	4	6.1850e-01	6.6541e-01	1.000000	0
CSHL1	4	6.1854e-01	6.6541e-01	1.000000	0
VIPR1	4	6.1868e-01	6.6714e-01	1.000000	0
PDK3	4	6.1871e-01	6.6714e-01	1.000000	0
SLC1A1	4	6.1873e-01	6.6714e-01	1.000000	0
BEGAIN	4	6.1876e-01	6.6714e-01	1.000000	0
UGT1A5	4	6.1883e-01	6.6714e-01	1.000000	0
SPATA3	4	6.1888e-01	6.6714e-01	1.000000	0
CDH11	4	6.1898e-01	6.6714e-01	1.000000	0
KLHDC8A	4	6.1901e-01	6.6714e-01	1.000000	0
TALDO1	4	6.1903e-01	6.6714e-01	1.000000	0
TTC9	4	6.1926e-01	6.6893e-01	1.000000	0
NSG1	4	6.1928e-01	6.6893e-01	1.000000	0
WFDC10B	4	6.1943e-01	6.7069e-01	1.000000	0
PPP1R13B	4	6.1948e-01	6.7069e-01	1.000000	0
GORASP1	4	6.1956e-01	6.7069e-01	1.000000	0
LRCH4	4	6.1958e-01	6.7069e-01	1.000000	0
GABPB2	4	6.1963e-01	6.7069e-01	1.000000	0
TGM6	4	6.1966e-01	6.7069e-01	1.000000	0
VAV1	4	6.1971e-01	6.7069e-01	1.000000	0
PNPLA2	4	6.1973e-01	6.7069e-01	1.000000	0
MED1	4	6.1976e-01	6.7069e-01	1.000000	0
TTC7A	4	6.1988e-01	6.7069e-01	1.000000	0
CSH1	4	6.1996e-01	6.7069e-01	1.000000	0
TMEM154	4	6.1998e-01	6.7069e-01	1.000000	0
DNAAF3	4	6.2003e-01	6.7069e-01	1.000000	0
CASR	4	6.2008e-01	6.7069e-01	1.000000	0
LEKR1	4	6.2011e-01	6.7069e-01	1.000000	0
RAD51B	4	6.2016e-01	6.7242e-01	1.000000	0
ISG20	4	6.2018e-01	6.7242e-01	1.000000	0
SHPK	4	6.2021e-01	6.7242e-01	1.000000	0
C11orf44	4	6.2033e-01	6.7242e-01	1.000000	0
PPY	4	6.2036e-01	6.7242e-01	1.000000	0
CDCA7L	4	6.2041e-01	6.7242e-01	1.000000	0
HBZ	4	6.2043e-01	6.7242e-01	1.000000	0
LIMK1	4	6.2056e-01	6.7242e-01	1.000000	0
CDK3	4	6.2058e-01	6.7242e-01	1.000000	0
STAM	4	6.2063e-01	6.7242e-01	1.000000	0
ZFYVE9	4	6.2066e-01	6.7242e-01	1.000000	0
OR5L2	4	6.2068e-01	6.7242e-01	1.000000	0
CSF2RA	4	6.2071e-01	6.7242e-01	1.000000	0
S1PR3	4	6.2073e-01	6.7242e-01	1.000000	0
AIM1L	4	6.2078e-01	6.7242e-01	1.000000	0
ZNF134	4	6.2093e-01	6.7242e-01	1.000000	0
PCDHA4	4	6.2101e-01	6.7242e-01	1.000000	0
PPP3CA	4	6.2103e-01	6.7242e-01	1.000000	0
OR10G8	4	6.2118e-01	6.7242e-01	1.000000	0
SNAP23	4	6.2123e-01	6.7242e-01	1.000000	0
HSD3B7	4	6.2133e-01	6.7243e-01	1.000000	0
OR51S1	4	6.2138e-01	6.7243e-01	1.000000	0
NXPH2	4	6.2141e-01	6.7243e-01	1.000000	0
ITFG2	4	6.2158e-01	6.7243e-01	1.000000	0
SLC25A44	4	6.2166e-01	6.7243e-01	1.000000	0
SH2D6	4	6.2178e-01	6.7243e-01	1.000000	0
MIB1	4	6.2181e-01	6.7243e-01	1.000000	0
CASC5	4	6.2188e-01	6.7243e-01	1.000000	0
JAK2	4	6.2191e-01	6.7243e-01	1.000000	0
ZNF223	4	6.2193e-01	6.7243e-01	1.000000	0
CCDC85C	4	6.2198e-01	6.7243e-01	1.000000	0
MAP2K7	4	6.2201e-01	6.7243e-01	1.000000	0
TBC1D24	4	6.2203e-01	6.7243e-01	1.000000	0
TMPRSS3	4	6.2211e-01	6.7243e-01	1.000000	0
ZNF507	4	6.2213e-01	6.7243e-01	1.000000	0
P3H1	4	6.2216e-01	6.7243e-01	1.000000	0
WDR5B	4	6.2222e-01	6.7243e-01	1.000000	0
TEPP	4	6.2226e-01	6.7243e-01	1.000000	0
GPR149	4	6.2231e-01	6.7243e-01	1.000000	0
STX5	4	6.2233e-01	6.7243e-01	1.000000	0
ZSCAN31	4	6.2236e-01	6.7243e-01	1.000000	0
SLC6A16	4	6.2243e-01	6.7415e-01	1.000000	0
ZIK1	4	6.2251e-01	6.7415e-01	1.000000	0
ZBTB46	4	6.2263e-01	6.7415e-01	1.000000	0
ZNF623	4	6.2266e-01	6.7415e-01	1.000000	0
ASB11	4	6.2278e-01	6.7415e-01	1.000000	0
NPC2	4	6.2280e-01	6.7415e-01	1.000000	0
CBY1	4	6.2285e-01	6.7415e-01	1.000000	0
HIST1H2BK	4	6.2293e-01	6.7415e-01	1.000000	0
STK39	4	6.2295e-01	6.7415e-01	1.000000	0
BPIFB3	4	6.2305e-01	6.7415e-01	1.000000	0
SMOC1	4	6.2310e-01	6.7415e-01	1.000000	0
GPR137	4	6.2315e-01	6.7415e-01	1.000000	0
PDP1	4	6.2320e-01	6.7415e-01	1.000000	0
RIBC1	4	6.2328e-01	6.7415e-01	1.000000	0
CLCA4	4	6.2335e-01	6.7415e-01	1.000000	0
UBXN2B	4	6.2340e-01	6.7415e-01	1.000000	0
HIST2H2AB	4	6.2345e-01	6.7415e-01	1.000000	0
OLFML2B	4	6.2348e-01	6.7415e-01	1.000000	0
ACSM2A	4	6.2353e-01	6.7415e-01	1.000000	0
CYTH1	4	6.2358e-01	6.7415e-01	1.000000	0
C3AR1	4	6.2363e-01	6.7415e-01	1.000000	0
LIPJ	4	6.2365e-01	6.7415e-01	1.000000	0
PPP1R36	3	6.2369e-01	7.2989e-01	1.000000	0
NPY1R	4	6.2370e-01	6.7415e-01	1.000000	0
RNF222	4	6.2382e-01	6.7415e-01	1.000000	0
CEP112	4	6.2425e-01	6.7587e-01	1.000000	0
SRD5A1	4	6.2430e-01	6.7587e-01	1.000000	0
LOC100129083	4	6.2437e-01	6.7587e-01	1.000000	0
TRPM1	4	6.2442e-01	6.7587e-01	1.000000	0
MYNN	4	6.2457e-01	6.7587e-01	1.000000	0
C3orf33	4	6.2459e-01	6.7587e-01	1.000000	0
CFAP53	4	6.2467e-01	6.7587e-01	1.000000	0
PXDN	4	6.2469e-01	6.7587e-01	1.000000	0
ZFAND5	4	6.2474e-01	6.7587e-01	1.000000	0
BRD9	4	6.2477e-01	6.7587e-01	1.000000	0
CHST6	4	6.2479e-01	6.7587e-01	1.000000	0
CHRM4	4	6.2487e-01	6.7587e-01	1.000000	0
ATP11C	4	6.2497e-01	6.7587e-01	1.000000	0
MT1HL1	4	6.2502e-01	6.7587e-01	1.000000	0
PDCL2	4	6.2509e-01	6.7587e-01	1.000000	0
ABCC10	4	6.2511e-01	6.7587e-01	1.000000	0
PINLYP	4	6.2514e-01	6.7587e-01	1.000000	0
MYBPC3	4	6.2524e-01	6.7587e-01	1.000000	0
NPC1L1	4	6.2534e-01	6.7766e-01	1.000000	0
PLA2G4B	4	6.2536e-01	6.7766e-01	1.000000	0
FAM83C	4	6.2544e-01	6.7766e-01	1.000000	0
ZNF645	4	6.2554e-01	6.7766e-01	1.000000	0
UGT1A9	4	6.2556e-01	6.7766e-01	1.000000	0
BPTF	4	6.2559e-01	6.7766e-01	1.000000	0
CYP7A1	4	6.2571e-01	6.7766e-01	1.000000	0
IRX2	4	6.2573e-01	6.7766e-01	1.000000	0
KCNQ2	4	6.2578e-01	6.7766e-01	1.000000	0
ZNF347	4	6.2593e-01	6.7766e-01	1.000000	0
ITGA10	4	6.2596e-01	6.7766e-01	1.000000	0
TPSAB1	4	6.2601e-01	6.7766e-01	1.000000	0
FADD	4	6.2620e-01	6.7766e-01	1.000000	0
KRTAP20-3	4	6.2628e-01	6.7766e-01	1.000000	0
GPC6	4	6.2630e-01	6.7766e-01	1.000000	0
SDC2	4	6.2633e-01	6.7766e-01	1.000000	0
NPTX1	4	6.2635e-01	6.7766e-01	1.000000	0
CT45A10	4	6.2638e-01	6.7766e-01	1.000000	0
MMP19	4	6.2640e-01	6.7766e-01	1.000000	0
MCF2L	4	6.2645e-01	6.7766e-01	1.000000	0
PCP4	4	6.2655e-01	6.7766e-01	1.000000	0
MPPE1	4	6.2662e-01	6.7766e-01	1.000000	0
TIFAB	4	6.2667e-01	6.7766e-01	1.000000	0
SETSIP	4	6.2670e-01	6.7766e-01	1.000000	0
EBF2	4	6.2685e-01	6.7766e-01	1.000000	0
PPP1R1B	4	6.2687e-01	6.7766e-01	1.000000	0
PPAPDC2	4	6.2697e-01	6.7766e-01	1.000000	0
ACADSB	4	6.2699e-01	6.7766e-01	1.000000	0
IL4I1	4	6.2709e-01	6.7766e-01	1.000000	0
OR6A2	4	6.2719e-01	6.7766e-01	1.000000	0
VWA2	4	6.2729e-01	6.7766e-01	1.000000	0
CLHC1	4	6.2741e-01	6.7937e-01	1.000000	0
SOWAHA	4	6.2754e-01	6.8112e-01	1.000000	0
DGAT2	4	6.2761e-01	6.8112e-01	1.000000	0
OR2A5	4	6.2769e-01	6.8112e-01	1.000000	0
IFITM10	4	6.2771e-01	6.8112e-01	1.000000	0
TNS1	4	6.2773e-01	6.8112e-01	1.000000	0
DEFB131	4	6.2776e-01	6.8112e-01	1.000000	0
ATP5O	4	6.2778e-01	6.8112e-01	1.000000	0
OR4C45	4	6.2805e-01	6.8280e-01	1.000000	0
KBTBD3	4	6.2808e-01	6.8280e-01	1.000000	0
ZNF264	4	6.2810e-01	6.8280e-01	1.000000	0
CA9	4	6.2815e-01	6.8280e-01	1.000000	0
HMBS	4	6.2820e-01	6.8280e-01	1.000000	0
MPO	4	6.2825e-01	6.8280e-01	1.000000	0
APOBEC3F	4	6.2828e-01	6.8280e-01	1.000000	0
OSBPL10	4	6.2833e-01	6.8280e-01	1.000000	0
DBNL	4	6.2840e-01	6.8280e-01	1.000000	0
NR5A1	4	6.2842e-01	6.8280e-01	1.000000	0
TMEM194B	4	6.2845e-01	6.8280e-01	1.000000	0
FLOT2	4	6.2850e-01	6.8280e-01	1.000000	0
ABI3	4	6.2857e-01	6.8280e-01	1.000000	0
C11orf54	4	6.2869e-01	6.8280e-01	1.000000	0
SHC2	4	6.2882e-01	6.8280e-01	1.000000	0
XPO4	4	6.2887e-01	6.8280e-01	1.000000	0
YIPF3	4	6.2894e-01	6.8280e-01	1.000000	0
KIF26A	4	6.2899e-01	6.8280e-01	1.000000	0
PRPF3	4	6.2906e-01	6.8280e-01	1.000000	0
LAMA5	4	6.2911e-01	6.8280e-01	1.000000	0
HSD17B1	4	6.2916e-01	6.8280e-01	1.000000	0
DPEP1	4	6.2919e-01	6.8280e-01	1.000000	0
BTBD11	4	6.2921e-01	6.8280e-01	1.000000	0
SHC4	4	6.2926e-01	6.8280e-01	1.000000	0
LRRC20	4	6.2933e-01	6.8280e-01	1.000000	0
LRRTM4	4	6.2943e-01	6.8280e-01	1.000000	0
MARCHF3	4	6.2946e-01	6.8280e-01	1.000000	0
WDR48	3	6.2946e-01	7.3743e-01	1.000000	0
FAM131B	4	6.2953e-01	6.8280e-01	1.000000	0
IL23A	4	6.2958e-01	6.8280e-01	1.000000	0
C16orf82	3	6.2960e-01	7.3866e-01	1.000000	0
CACNA1C	4	6.2960e-01	6.8280e-01	1.000000	0
HIATL1	4	6.2965e-01	6.8280e-01	1.000000	0
CCDC182	4	6.2969e-01	6.8280e-01	1.000000	0
KLHL14	4	6.2973e-01	6.8280e-01	1.000000	0
GSE1	4	6.2978e-01	6.8280e-01	1.000000	0
ZFP57	4	6.2980e-01	6.8280e-01	1.000000	0
SOX3	4	6.2997e-01	6.8280e-01	1.000000	0
DCAF4L1	4	6.3000e-01	6.8280e-01	1.000000	0
ACSL1	4	6.3002e-01	6.8280e-01	1.000000	0
SLFN11	4	6.3007e-01	6.8280e-01	1.000000	0
C7orf55-LUC7L2	4	6.3010e-01	6.8280e-01	1.000000	0
TMEM14E	4	6.3012e-01	6.8280e-01	1.000000	0
ARHGEF1	4	6.3022e-01	6.8280e-01	1.000000	0
SS18	4	6.3027e-01	6.8280e-01	1.000000	0
EPOR	4	6.3029e-01	6.8280e-01	1.000000	0
MRFAP1L1	4	6.3034e-01	6.8280e-01	1.000000	0
SLC38A10	4	6.3044e-01	6.8280e-01	1.000000	0
TNNI1	4	6.3046e-01	6.8280e-01	1.000000	0
RTN4RL2	4	6.3059e-01	6.8280e-01	1.000000	0
MOK	4	6.3066e-01	6.8280e-01	1.000000	0
ATP12A	4	6.3068e-01	6.8280e-01	1.000000	0
MKNK2	4	6.3072e-01	6.8280e-01	1.000000	0
SFXN5	4	6.3081e-01	6.8280e-01	1.000000	0
PLCD3	4	6.3095e-01	6.8448e-01	1.000000	0
RHEBL1	4	6.3105e-01	6.8448e-01	1.000000	0
LHFPL4	4	6.3112e-01	6.8448e-01	1.000000	0
ITGB8	4	6.3115e-01	6.8448e-01	1.000000	0
SERPINF1	4	6.3122e-01	6.8448e-01	1.000000	0
TOX4	4	6.3127e-01	6.8448e-01	1.000000	0
STAP2	4	6.3137e-01	6.8448e-01	1.000000	0
EIF3CL	4	6.3147e-01	6.8611e-01	1.000000	0
ELMOD3	4	6.3154e-01	6.8611e-01	1.000000	0
PENK	4	6.3159e-01	6.8611e-01	1.000000	0
LYG2	4	6.3164e-01	6.8611e-01	1.000000	0
PLEKHO1	4	6.3169e-01	6.8611e-01	1.000000	0
ZNF629	4	6.3174e-01	6.8611e-01	1.000000	0
FAM181A	4	6.3179e-01	6.8611e-01	1.000000	0
TBC1D14	4	6.3186e-01	6.8611e-01	1.000000	0
MGAT5	4	6.3188e-01	6.8611e-01	1.000000	0
ASS1	4	6.3198e-01	6.8611e-01	1.000000	0
FAM126B	4	6.3215e-01	6.8611e-01	1.000000	0
ST8SIA5	4	6.3220e-01	6.8611e-01	1.000000	0
RFFL	4	6.3232e-01	6.8611e-01	1.000000	0
GABRG2	4	6.3235e-01	6.8611e-01	1.000000	0
GLDN	4	6.3242e-01	6.8611e-01	1.000000	0
FAM166A	4	6.3257e-01	6.9121e-01	1.000000	0
SSX2	4	6.3262e-01	6.9121e-01	1.000000	0
NR6A1	4	6.3270e-01	6.9121e-01	1.000000	0
C1QTNF1	4	6.3279e-01	6.9121e-01	1.000000	0
ZNF717	4	6.3286e-01	6.9121e-01	1.000000	0
TAPBPL	4	6.3288e-01	6.9121e-01	1.000000	0
DEFB112	4	6.3298e-01	6.9121e-01	1.000000	0
TSPYL4	4	6.3303e-01	6.9121e-01	1.000000	0
IL31	4	6.3314e-01	6.9121e-01	1.000000	0
TRIP10	4	6.3314e-01	6.9121e-01	1.000000	0
OR5H6	4	6.3318e-01	6.9121e-01	1.000000	0
ACVR1	4	6.3320e-01	6.9121e-01	1.000000	0
SERPINA5	4	6.3323e-01	6.9121e-01	1.000000	0
LCN6	4	6.3330e-01	6.9121e-01	1.000000	0
UHRF1BP1	4	6.3340e-01	6.9287e-01	1.000000	0
OVOL3	4	6.3354e-01	6.9287e-01	1.000000	0
PIRT	4	6.3357e-01	6.9287e-01	1.000000	0
PPIAL4C	4	6.3359e-01	6.9287e-01	1.000000	0
GRHL1	4	6.3362e-01	6.9287e-01	1.000000	0
HOXD8	4	6.3364e-01	6.9287e-01	1.000000	0
HIVEP2	4	6.3366e-01	6.9287e-01	1.000000	0
TEKT2	4	6.3371e-01	6.9287e-01	1.000000	0
TMPRSS13	4	6.3374e-01	6.9287e-01	1.000000	0
ADHFE1	4	6.3376e-01	6.9287e-01	1.000000	0
FAM163A	4	6.3379e-01	6.9287e-01	1.000000	0
MRGPRX2	4	6.3386e-01	6.9287e-01	1.000000	0
APLP1	4	6.3398e-01	6.9287e-01	1.000000	0
FUT3	4	6.3401e-01	6.9287e-01	1.000000	0
CD300A	4	6.3405e-01	6.9287e-01	1.000000	0
RNF187	4	6.3413e-01	6.9287e-01	1.000000	0
ELMO1	4	6.3425e-01	6.9287e-01	1.000000	0
ZFHX2	4	6.3427e-01	6.9287e-01	1.000000	0
MAGEA2	4	6.3432e-01	6.9287e-01	1.000000	0
CHRND	4	6.3435e-01	6.9287e-01	1.000000	0
SMAD9	4	6.3454e-01	6.9287e-01	1.000000	0
CXXC1	4	6.3456e-01	6.9287e-01	1.000000	0
PRKD3	4	6.3461e-01	6.9287e-01	1.000000	0
HRNR	4	6.3467e-01	6.9287e-01	1.000000	0
OXCT1	4	6.3467e-01	6.9287e-01	1.000000	0
APOC4	4	6.3476e-01	6.9287e-01	1.000000	0
C5orf38	4	6.3478e-01	6.9287e-01	1.000000	0
MIR205HG	3	6.3484e-01	7.4600e-01	1.000000	0
MGAT4B	4	6.3486e-01	6.9454e-01	1.000000	0
MAST2	4	6.3490e-01	6.9454e-01	1.000000	0
CAPN14	4	6.3493e-01	6.9454e-01	1.000000	0
NIPBL	4	6.3495e-01	6.9454e-01	1.000000	0
WNT8B	4	6.3498e-01	6.9454e-01	1.000000	0
SOAT1	4	6.3503e-01	6.9454e-01	1.000000	0
PNLDC1	4	6.3505e-01	6.9454e-01	1.000000	0
CDY2A	4	6.3507e-01	6.9454e-01	1.000000	0
NPFFR1	4	6.3512e-01	6.9454e-01	1.000000	0
NIPA1	4	6.3515e-01	6.9454e-01	1.000000	0
NXNL2	4	6.3522e-01	6.9454e-01	1.000000	0
GGTLC1	4	6.3524e-01	6.9454e-01	1.000000	0
TRIM22	4	6.3527e-01	6.9454e-01	1.000000	0
PDDC1	4	6.3529e-01	6.9454e-01	1.000000	0
CEP135	4	6.3532e-01	6.9454e-01	1.000000	0
MTUS1	4	6.3534e-01	6.9454e-01	1.000000	0
HADHB	4	6.3541e-01	6.9454e-01	1.000000	0
PTRF	4	6.3558e-01	6.9454e-01	1.000000	0
UBXN6	4	6.3561e-01	6.9454e-01	1.000000	0
BCL2L2	4	6.3566e-01	6.9454e-01	1.000000	0
CRIP2	4	6.3568e-01	6.9454e-01	1.000000	0
CDH9	4	6.3575e-01	6.9454e-01	1.000000	0
PIGY	4	6.3578e-01	6.9454e-01	1.000000	0
SYNPO2	4	6.3585e-01	6.9454e-01	1.000000	0
OXT	4	6.3588e-01	6.9454e-01	1.000000	0
PRODH	4	6.3592e-01	6.9454e-01	1.000000	0
SEMA7A	4	6.3602e-01	6.9454e-01	1.000000	0
GPATCH8	4	6.3605e-01	6.9454e-01	1.000000	0
ADPRH	4	6.3609e-01	6.9454e-01	1.000000	0
KRTAP19-6	4	6.3612e-01	6.9454e-01	1.000000	0
ASAH2B	4	6.3614e-01	6.9454e-01	1.000000	0
C4orf48	4	6.3617e-01	6.9454e-01	1.000000	0
ZNF587B	4	6.3621e-01	6.9454e-01	1.000000	0
ZNF114	4	6.3624e-01	6.9454e-01	1.000000	0
ZP4	4	6.3629e-01	6.9454e-01	1.000000	0
FAM227B	4	6.3631e-01	6.9454e-01	1.000000	0
LARP4B	4	6.3636e-01	6.9454e-01	1.000000	0
MOXD1	4	6.3638e-01	6.9454e-01	1.000000	0
TPRA1	4	6.3641e-01	6.9454e-01	1.000000	0
OR12D2	4	6.3646e-01	6.9454e-01	1.000000	0
UBXN11	4	6.3652e-01	6.9454e-01	1.000000	0
SORCS1	4	6.3655e-01	6.9454e-01	1.000000	0
TJAP1	4	6.3658e-01	6.9454e-01	1.000000	0
ATP13A2	4	6.3660e-01	6.9454e-01	1.000000	0
MYL3	4	6.3663e-01	6.9454e-01	1.000000	0
CNBD1	4	6.3670e-01	6.9454e-01	1.000000	0
SEMA3B	4	6.3677e-01	6.9454e-01	1.000000	0
LHX2	4	6.3684e-01	6.9454e-01	1.000000	0
PALM2	4	6.3687e-01	6.9454e-01	1.000000	0
PPAP2A	4	6.3697e-01	6.9454e-01	1.000000	0
FAM214B	4	6.3697e-01	6.9454e-01	1.000000	0
KCNG4	4	6.3704e-01	6.9454e-01	1.000000	0
C6orf48	4	6.3709e-01	6.9454e-01	1.000000	0
MSH5	4	6.3716e-01	6.9454e-01	1.000000	0
GLUD1	4	6.3723e-01	6.9454e-01	1.000000	0
ZNF503	4	6.3728e-01	6.9454e-01	1.000000	0
IP6K2	4	6.3730e-01	6.9454e-01	1.000000	0
NPBWR2	4	6.3738e-01	6.9454e-01	1.000000	0
C7orf71	4	6.3742e-01	6.9454e-01	1.000000	0
GNL1	4	6.3745e-01	6.9454e-01	1.000000	0
XPC	4	6.3752e-01	6.9454e-01	1.000000	0
POU6F1	4	6.3757e-01	6.9454e-01	1.000000	0
C2CD2	4	6.3764e-01	6.9454e-01	1.000000	0
FBLN2	4	6.3771e-01	6.9454e-01	1.000000	0
FAM35A	4	6.3776e-01	6.9454e-01	1.000000	0
UBXN8	3	6.3790e-01	7.5207e-01	1.000000	0
SLIT1	4	6.3791e-01	6.9454e-01	1.000000	0
GOT1	4	6.3796e-01	6.9454e-01	1.000000	0
PPP5D1	4	6.3798e-01	6.9454e-01	1.000000	0
MSC	4	6.3803e-01	6.9454e-01	1.000000	0
IQCA1L	4	6.3817e-01	6.9620e-01	1.000000	0
PIEZO1	4	6.3822e-01	6.9620e-01	1.000000	0
ZNF251	4	6.3825e-01	6.9620e-01	1.000000	0
CHRFAM7A	4	6.3827e-01	6.9620e-01	1.000000	0
KCNA7	4	6.3829e-01	6.9620e-01	1.000000	0
FABP4	4	6.3839e-01	6.9620e-01	1.000000	0
SIX2	4	6.3844e-01	6.9620e-01	1.000000	0
KRTAP16-1	4	6.3851e-01	6.9620e-01	1.000000	0
ERN2	4	6.3856e-01	6.9620e-01	1.000000	0
ZNF532	4	6.3861e-01	6.9620e-01	1.000000	0
IFNL3	4	6.3868e-01	6.9620e-01	1.000000	0
TMCO5A	4	6.3873e-01	6.9620e-01	1.000000	0
AWAT2	4	6.3875e-01	6.9620e-01	1.000000	0
NAALAD2	4	6.3882e-01	6.9620e-01	1.000000	0
NUDT13	4	6.3886e-01	6.9620e-01	1.000000	0
OR5H1	4	6.3886e-01	6.9620e-01	1.000000	0
ICAM2	4	6.3892e-01	6.9620e-01	1.000000	0
LMOD3	4	6.3894e-01	6.9620e-01	1.000000	0
FAM107B	4	6.3897e-01	6.9620e-01	1.000000	0
UFSP1	4	6.3899e-01	6.9620e-01	1.000000	0
ANO2	4	6.3904e-01	6.9620e-01	1.000000	0
CASP2	4	6.3907e-01	6.9620e-01	1.000000	0
DNAJB1	4	6.3909e-01	6.9620e-01	1.000000	0
LRRC23	4	6.3911e-01	6.9620e-01	1.000000	0
TAS2R10	4	6.3940e-01	6.9781e-01	1.000000	0
TRAPPC3L	4	6.3943e-01	6.9781e-01	1.000000	0
RPAIN	4	6.3952e-01	6.9781e-01	1.000000	0
GPR88	4	6.3955e-01	6.9781e-01	1.000000	0
EBLN1	4	6.3957e-01	6.9781e-01	1.000000	0
SPINK1	4	6.3959e-01	6.9781e-01	1.000000	0
ATXN3	4	6.3962e-01	6.9781e-01	1.000000	0
C1QTNF8	4	6.3972e-01	6.9781e-01	1.000000	0
VKORC1	4	6.3981e-01	6.9781e-01	1.000000	0
TMEM214	4	6.3984e-01	6.9781e-01	1.000000	0
CCM2L	4	6.3988e-01	6.9781e-01	1.000000	0
HOXC13	4	6.3996e-01	6.9781e-01	1.000000	0
CSRP1	4	6.4012e-01	6.9947e-01	1.000000	0
DCLRE1C	4	6.4027e-01	6.9947e-01	1.000000	0
OR4X1	4	6.4034e-01	6.9947e-01	1.000000	0
SLC43A1	4	6.4036e-01	6.9947e-01	1.000000	0
CYP2C18	4	6.4039e-01	6.9947e-01	1.000000	0
CT47B1	4	6.4048e-01	6.9947e-01	1.000000	0
KDM2B	4	6.4056e-01	6.9947e-01	1.000000	0
COL18A1	4	6.4065e-01	7.0111e-01	1.000000	0
CEACAM4	4	6.4068e-01	7.0111e-01	1.000000	0
PF4	4	6.4072e-01	7.0111e-01	1.000000	0
ORMDL1	4	6.4075e-01	7.0111e-01	1.000000	0
PHRF1	4	6.4077e-01	7.0111e-01	1.000000	0
FNDC7	4	6.4080e-01	7.0111e-01	1.000000	0
ZFYVE19	4	6.4094e-01	7.0111e-01	1.000000	0
USP17L3	4	6.4096e-01	7.0111e-01	1.000000	0
PIK3CB	4	6.4099e-01	7.0111e-01	1.000000	0
SLCO1B1	4	6.4106e-01	7.0111e-01	1.000000	0
PROSER2	4	6.4123e-01	7.0111e-01	1.000000	0
PLK2	4	6.4130e-01	7.0111e-01	1.000000	0
ADIG	4	6.4147e-01	7.0111e-01	1.000000	0
CRYGB	4	6.4149e-01	7.0111e-01	1.000000	0
NUTM1	4	6.4152e-01	7.0111e-01	1.000000	0
GJA1	4	6.4156e-01	7.0111e-01	1.000000	0
AGL	4	6.4159e-01	7.0111e-01	1.000000	0
ALDH18A1	4	6.4168e-01	7.0111e-01	1.000000	0
C14orf166	4	6.4171e-01	7.0111e-01	1.000000	0
SMKR1	4	6.4176e-01	7.0111e-01	1.000000	0
C1orf112	4	6.4180e-01	7.0111e-01	1.000000	0
ABCA10	4	6.4188e-01	7.0111e-01	1.000000	0
EVI2A	4	6.4190e-01	7.0111e-01	1.000000	0
OR10T2	4	6.4192e-01	7.0111e-01	1.000000	0
TOR4A	4	6.4195e-01	7.0111e-01	1.000000	0
GPSM3	4	6.4199e-01	7.0111e-01	1.000000	0
ZMIZ2	4	6.4202e-01	7.0111e-01	1.000000	0
OR6P1	4	6.4214e-01	7.0111e-01	1.000000	0
FABP5	4	6.4216e-01	7.0111e-01	1.000000	0
ZNF681	4	6.4219e-01	7.0111e-01	1.000000	0
GPD1	4	6.4221e-01	7.0111e-01	1.000000	0
EFEMP1	4	6.4231e-01	7.0111e-01	1.000000	0
PRICKLE1	4	6.4235e-01	7.0111e-01	1.000000	0
DACT2	4	6.4238e-01	7.0111e-01	1.000000	0
LMCD1	4	6.4243e-01	7.0111e-01	1.000000	0
CTSE	4	6.4264e-01	7.0111e-01	1.000000	0
SLC28A1	4	6.4269e-01	7.0111e-01	1.000000	0
STIM2	4	6.4271e-01	7.0111e-01	1.000000	0
MAPK4	4	6.4274e-01	7.0111e-01	1.000000	0
ATP6V0D2	4	6.4287e-01	7.0111e-01	1.000000	0
OR9Q2	4	6.4293e-01	7.0111e-01	1.000000	0
HOXD4	4	6.4300e-01	7.0111e-01	1.000000	0
C16orf97	4	6.4307e-01	7.0111e-01	1.000000	0
SPERT	4	6.4314e-01	7.0111e-01	1.000000	0
PRSS41	4	6.4324e-01	7.0111e-01	1.000000	0
ZNF812	4	6.4326e-01	7.0111e-01	1.000000	0
RAPSN	4	6.4329e-01	7.0111e-01	1.000000	0
SFT2D1	4	6.4336e-01	7.0111e-01	1.000000	0
ETV3	4	6.4338e-01	7.0111e-01	1.000000	0
ECH1	4	6.4341e-01	7.0111e-01	1.000000	0
APOL4	4	6.4346e-01	7.0111e-01	1.000000	0
YES1	4	6.4346e-01	7.0111e-01	1.000000	0
GRIN2C	4	6.4350e-01	7.0111e-01	1.000000	0
VWA3A	4	6.4357e-01	7.0111e-01	1.000000	0
ASF1B	4	6.4364e-01	7.0111e-01	1.000000	0
CAPG	4	6.4374e-01	7.0111e-01	1.000000	0
OSBPL3	4	6.4376e-01	7.0111e-01	1.000000	0
IDO1	4	6.4383e-01	7.0277e-01	1.000000	0
ASIC1	4	6.4388e-01	7.0277e-01	1.000000	0
LRCH2	4	6.4398e-01	7.0277e-01	1.000000	0
AMIGO2	4	6.4403e-01	7.0277e-01	1.000000	0
PROX2	4	6.4414e-01	7.0277e-01	1.000000	0
CNTD2	4	6.4422e-01	7.0277e-01	1.000000	0
ZNF846	4	6.4424e-01	7.0277e-01	1.000000	0
USP22	4	6.4429e-01	7.0277e-01	1.000000	0
TOR1B	4	6.4434e-01	7.0277e-01	1.000000	0
ORC2	4	6.4443e-01	7.0593e-01	1.000000	0
CMC4	4	6.4453e-01	7.0593e-01	1.000000	0
SPAG1	4	6.4457e-01	7.0593e-01	1.000000	0
SMCHD1	4	6.4469e-01	7.0593e-01	1.000000	0
REEP4	4	6.4476e-01	7.0593e-01	1.000000	0
GABRA5	4	6.4479e-01	7.0593e-01	1.000000	0
CNGB3	4	6.4484e-01	7.0593e-01	1.000000	0
TRIB3	4	6.4486e-01	7.0593e-01	1.000000	0
HMP19	4	6.4488e-01	7.0593e-01	1.000000	0
TAAR6	4	6.4491e-01	7.0593e-01	1.000000	0
HUNK	4	6.4500e-01	7.0593e-01	1.000000	0
ZNF609	4	6.4505e-01	7.0593e-01	1.000000	0
LY75	4	6.4507e-01	7.0593e-01	1.000000	0
ATAD5	4	6.4516e-01	7.0593e-01	1.000000	0
NTN4	4	6.4526e-01	7.0593e-01	1.000000	0
TFPI	4	6.4541e-01	7.0593e-01	1.000000	0
ARF6	4	6.4543e-01	7.0593e-01	1.000000	0
TRPM6	4	6.4548e-01	7.0593e-01	1.000000	0
HOXC4	4	6.4550e-01	7.0593e-01	1.000000	0
TTPAL	4	6.4552e-01	7.0593e-01	1.000000	0
FOXD4L4	4	6.4560e-01	7.0593e-01	1.000000	0
CRAT	4	6.4564e-01	7.0593e-01	1.000000	0
PRKAA2	4	6.4571e-01	7.0593e-01	1.000000	0
FER1L6	4	6.4576e-01	7.0593e-01	1.000000	0
CBR4	4	6.4583e-01	7.0593e-01	1.000000	0
NPBWR1	4	6.4588e-01	7.0593e-01	1.000000	0
EFNA4	4	6.4602e-01	7.0593e-01	1.000000	0
PTTG1IP	4	6.4614e-01	7.0593e-01	1.000000	0
UBXN1	4	6.4617e-01	7.0593e-01	1.000000	0
AVPR1A	4	6.4619e-01	7.0593e-01	1.000000	0
GFPT2	4	6.4621e-01	7.0593e-01	1.000000	0
C19orf47	4	6.4626e-01	7.0593e-01	1.000000	0
NMT1	4	6.4644e-01	7.0593e-01	1.000000	0
RNASE13	4	6.4650e-01	7.0593e-01	1.000000	0
TNFRSF6B	4	6.4652e-01	7.0593e-01	1.000000	0
ARAP2	4	6.4657e-01	7.0756e-01	1.000000	0
RORC	4	6.4662e-01	7.0756e-01	1.000000	0
PLA2G2C	4	6.4670e-01	7.0756e-01	1.000000	0
PLD4	4	6.4670e-01	7.0756e-01	1.000000	0
PRR13	4	6.4683e-01	7.0756e-01	1.000000	0
KLHDC1	4	6.4685e-01	7.0756e-01	1.000000	0
PDZD11	4	6.4690e-01	7.0756e-01	1.000000	0
PNPLA4	4	6.4692e-01	7.0756e-01	1.000000	0
C15orf57	4	6.4697e-01	7.0756e-01	1.000000	0
AUNIP	4	6.4700e-01	7.0756e-01	1.000000	0
CEP57	4	6.4702e-01	7.0756e-01	1.000000	0
GBX2	4	6.4704e-01	7.0756e-01	1.000000	0
ATP2C2	4	6.4707e-01	7.0756e-01	1.000000	0
CEP57L1	4	6.4709e-01	7.0756e-01	1.000000	0
EFCAB9	4	6.4716e-01	7.0756e-01	1.000000	0
ZNF595	4	6.4723e-01	7.0756e-01	1.000000	0
GBGT1	4	6.4726e-01	7.0756e-01	1.000000	0
PATE2	4	6.4732e-01	7.0756e-01	1.000000	0
CACNG8	4	6.4745e-01	7.0756e-01	1.000000	0
KRT6B	4	6.4752e-01	7.0756e-01	1.000000	0
UQCRC2	4	6.4759e-01	7.0757e-01	1.000000	0
OR4D5	4	6.4766e-01	7.0757e-01	1.000000	0
BHLHB9	4	6.4773e-01	7.0757e-01	1.000000	0
GHSR	4	6.4778e-01	7.0757e-01	1.000000	0
ZNF614	4	6.4780e-01	7.0757e-01	1.000000	0
USP54	4	6.4785e-01	7.0757e-01	1.000000	0
KIAA1467	4	6.4787e-01	7.0757e-01	1.000000	0
LOC100505549	4	6.4789e-01	7.0757e-01	1.000000	0
LOC400863	4	6.4794e-01	7.0757e-01	1.000000	0
LMO4	4	6.4799e-01	7.0757e-01	1.000000	0
PPP1R16B	4	6.4802e-01	7.0757e-01	1.000000	0
MSMP	4	6.4806e-01	7.0757e-01	1.000000	0
ZNF239	4	6.4808e-01	7.0757e-01	1.000000	0
SP8	4	6.4813e-01	7.0757e-01	1.000000	0
FAM187B	4	6.4815e-01	7.0757e-01	1.000000	0
CD37	4	6.4818e-01	7.0757e-01	1.000000	0
PREP	4	6.4820e-01	7.0757e-01	1.000000	0
C10orf107	4	6.4830e-01	7.0757e-01	1.000000	0
KCND3	4	6.4837e-01	7.0757e-01	1.000000	0
OR2AG2	4	6.4844e-01	7.0757e-01	1.000000	0
PTPN21	4	6.4877e-01	7.0916e-01	1.000000	0
NUDCD3	4	6.4879e-01	7.0916e-01	1.000000	0
CASQ2	4	6.4882e-01	7.0916e-01	1.000000	0
ZNF362	4	6.4884e-01	7.0916e-01	1.000000	0
INHBB	4	6.4893e-01	7.0916e-01	1.000000	0
FCHSD2	4	6.4908e-01	7.0916e-01	1.000000	0
NEO1	4	6.4915e-01	7.0916e-01	1.000000	0
FOXN2	3	6.4915e-01	7.7030e-01	1.000000	0
PLEKHJ1	4	6.4917e-01	7.0916e-01	1.000000	0
SELM	4	6.4919e-01	7.0916e-01	1.000000	0
WSB2	4	6.4926e-01	7.0916e-01	1.000000	0
SFRP4	4	6.4936e-01	7.0916e-01	1.000000	0
POU4F3	4	6.4938e-01	7.0916e-01	1.000000	0
KPNA7	4	6.4941e-01	7.0916e-01	1.000000	0
OR3A3	4	6.4945e-01	7.0916e-01	1.000000	0
DNAJC12	4	6.4952e-01	7.0916e-01	1.000000	0
KPNA2	4	6.4957e-01	7.0916e-01	1.000000	0
SS18L1	4	6.4962e-01	7.0916e-01	1.000000	0
HNRNPA1L2	4	6.4964e-01	7.0916e-01	1.000000	0
SSX7	4	6.4966e-01	7.0916e-01	1.000000	0
SLC26A9	4	6.4978e-01	7.1073e-01	1.000000	0
DMRTB1	4	6.4992e-01	7.1073e-01	1.000000	0
UROC1	4	6.4997e-01	7.1073e-01	1.000000	0
SPECC1L	4	6.4999e-01	7.1073e-01	1.000000	0
YPEL1	4	6.5007e-01	7.1073e-01	1.000000	0
SLC25A30	4	6.5016e-01	7.1073e-01	1.000000	0
UPF3B	4	6.5021e-01	7.1073e-01	1.000000	0
WIPF2	4	6.5023e-01	7.1073e-01	1.000000	0
HIPK1	4	6.5035e-01	7.1233e-01	1.000000	0
TXNDC15	4	6.5042e-01	7.1233e-01	1.000000	0
VGF	4	6.5046e-01	7.1233e-01	1.000000	0
PCDHGA11	4	6.5049e-01	7.1233e-01	1.000000	0
FRG1	4	6.5051e-01	7.1233e-01	1.000000	0
MRPL48	4	6.5054e-01	7.1233e-01	1.000000	0
PRMT7	4	6.5061e-01	7.1233e-01	1.000000	0
NAGPA	4	6.5077e-01	7.1233e-01	1.000000	0
YAF2	4	6.5079e-01	7.1233e-01	1.000000	0
EMILIN2	4	6.5082e-01	7.1233e-01	1.000000	0
SEC14L2	4	6.5086e-01	7.1233e-01	1.000000	0
CREB3L3	4	6.5098e-01	7.1233e-01	1.000000	0
ZNF23	4	6.5101e-01	7.1233e-01	1.000000	0
CCL7	4	6.5115e-01	7.1233e-01	1.000000	0
LGALS7	4	6.5126e-01	7.1392e-01	1.000000	0
CEBPA	4	6.5129e-01	7.1392e-01	1.000000	0
TMEM134	4	6.5133e-01	7.1392e-01	1.000000	0
DENND4A	4	6.5138e-01	7.1392e-01	1.000000	0
TNFRSF1B	4	6.5140e-01	7.1392e-01	1.000000	0
RSPO4	4	6.5143e-01	7.1392e-01	1.000000	0
CRYZL1	4	6.5145e-01	7.1392e-01	1.000000	0
HIST1H4E	4	6.5150e-01	7.1392e-01	1.000000	0
ESRP2	4	6.5152e-01	7.1392e-01	1.000000	0
RIMBP2	4	6.5159e-01	7.1392e-01	1.000000	0
CNTN5	4	6.5173e-01	7.1392e-01	1.000000	0
NEUROG3	4	6.5176e-01	7.1392e-01	1.000000	0
STAT1	4	6.5178e-01	7.1392e-01	1.000000	0
WIF1	4	6.5183e-01	7.1392e-01	1.000000	0
C15orf32	4	6.5185e-01	7.1392e-01	1.000000	0
PORCN	4	6.5190e-01	7.1392e-01	1.000000	0
RPA1	4	6.5192e-01	7.1392e-01	1.000000	0
MBTD1	4	6.5194e-01	7.1392e-01	1.000000	0
APRT	4	6.5197e-01	7.1392e-01	1.000000	0
CIB2	4	6.5201e-01	7.1392e-01	1.000000	0
NUDT16L1	4	6.5211e-01	7.1392e-01	1.000000	0
NOSTRIN	4	6.5227e-01	7.1392e-01	1.000000	0
RNF157	4	6.5230e-01	7.1392e-01	1.000000	0
IRX1	4	6.5232e-01	7.1392e-01	1.000000	0
ERRFI1	4	6.5234e-01	7.1392e-01	1.000000	0
USH1G	4	6.5241e-01	7.1392e-01	1.000000	0
PLP1	4	6.5246e-01	7.1392e-01	1.000000	0
ANXA6	4	6.5251e-01	7.1392e-01	1.000000	0
AGRP	4	6.5262e-01	7.1392e-01	1.000000	0
SKIV2L	4	6.5269e-01	7.1392e-01	1.000000	0
BICD1	4	6.5272e-01	7.1392e-01	1.000000	0
IL17F	4	6.5283e-01	7.1392e-01	1.000000	0
PFKL	4	6.5288e-01	7.1392e-01	1.000000	0
ZNF620	4	6.5293e-01	7.1392e-01	1.000000	0
LMO1	4	6.5297e-01	7.1392e-01	1.000000	0
GPR119	4	6.5304e-01	7.1392e-01	1.000000	0
PSMG4	4	6.5321e-01	7.1543e-01	1.000000	0
ZNF302	4	6.5323e-01	7.1543e-01	1.000000	0
SMTNL2	4	6.5325e-01	7.1543e-01	1.000000	0
TNNC1	4	6.5332e-01	7.1697e-01	1.000000	0
C19orf70	4	6.5344e-01	7.1697e-01	1.000000	0
RFX2	4	6.5349e-01	7.1697e-01	1.000000	0
APOBEC3C	4	6.5363e-01	7.1697e-01	1.000000	0
MEGF6	4	6.5384e-01	7.1697e-01	1.000000	0
ARHGEF12	4	6.5386e-01	7.1697e-01	1.000000	0
F8A1	4	6.5390e-01	7.1697e-01	1.000000	0
GSN	4	6.5393e-01	7.1697e-01	1.000000	0
SAA2	4	6.5410e-01	7.1697e-01	1.000000	0
ERV3-1	4	6.5412e-01	7.1697e-01	1.000000	0
CXorf40B	4	6.5419e-01	7.1697e-01	1.000000	0
UBE4B	4	6.5428e-01	7.1697e-01	1.000000	0
SEPTIN8	4	6.5433e-01	7.1697e-01	1.000000	0
TNIP3	4	6.5438e-01	7.1697e-01	1.000000	0
DEPDC1B	4	6.5445e-01	7.1697e-01	1.000000	0
MAPK10	4	6.5449e-01	7.1697e-01	1.000000	0
BET1L	4	6.5463e-01	7.1697e-01	1.000000	0
C1QL1	4	6.5468e-01	7.1697e-01	1.000000	0
PRKAB1	4	6.5470e-01	7.1697e-01	1.000000	0
PAGE3	4	6.5475e-01	7.1697e-01	1.000000	0
TSPO2	4	6.5479e-01	7.1697e-01	1.000000	0
TP53RK	4	6.5489e-01	7.1697e-01	1.000000	0
RBP5	4	6.5503e-01	7.1697e-01	1.000000	0
PRR23D2	4	6.5506e-01	7.1697e-01	1.000000	0
TFAP2B	4	6.5506e-01	7.1697e-01	1.000000	0
LOC100287036	4	6.5510e-01	7.1697e-01	1.000000	0
EPHB3	4	6.5512e-01	7.1697e-01	1.000000	0
DISC1	4	6.5524e-01	7.1697e-01	1.000000	0
KCNJ4	4	6.5538e-01	7.1697e-01	1.000000	0
TXNDC12	4	6.5545e-01	7.1697e-01	1.000000	0
KIF13A	4	6.5559e-01	7.1697e-01	1.000000	0
SNCAIP	4	6.5568e-01	7.1848e-01	1.000000	0
DPYD	3	6.5581e-01	7.8470e-01	1.000000	0
LY86	4	6.5582e-01	7.2002e-01	1.000000	0
STAU2	4	6.5593e-01	7.2002e-01	1.000000	0
FTH1P18	4	6.5600e-01	7.2002e-01	1.000000	0
SIRPB1	4	6.5611e-01	7.2002e-01	1.000000	0
PLAU	4	6.5617e-01	7.2002e-01	1.000000	0
NDUFV1	4	6.5626e-01	7.2153e-01	1.000000	0
TP53TG3C	4	6.5633e-01	7.2153e-01	1.000000	0
OR13F1	4	6.5636e-01	7.2153e-01	1.000000	0
ADAM29	4	6.5636e-01	7.2153e-01	1.000000	0
KLHL6	4	6.5640e-01	7.2153e-01	1.000000	0
CXCR5	4	6.5642e-01	7.2153e-01	1.000000	0
DISP2	4	6.5652e-01	7.2153e-01	1.000000	0
NBL1	4	6.5654e-01	7.2153e-01	1.000000	0
PDE2A	4	6.5665e-01	7.2153e-01	1.000000	0
FAM53A	4	6.5668e-01	7.2153e-01	1.000000	0
IKZF4	4	6.5677e-01	7.2153e-01	1.000000	0
POU6F2	4	6.5682e-01	7.2153e-01	1.000000	0
AMDHD1	4	6.5684e-01	7.2153e-01	1.000000	0
LMBRD1	4	6.5686e-01	7.2153e-01	1.000000	0
RP9	4	6.5698e-01	7.2153e-01	1.000000	0
CT47A3	4	6.5700e-01	7.2153e-01	1.000000	0
NGRN	4	6.5703e-01	7.2153e-01	1.000000	0
ZSCAN5A	4	6.5720e-01	7.2153e-01	1.000000	0
PCDHB6	4	6.5730e-01	7.2153e-01	1.000000	0
C10orf128	4	6.5735e-01	7.2153e-01	1.000000	0
GPATCH2L	4	6.5742e-01	7.2153e-01	1.000000	0
LRRN3	4	6.5744e-01	7.2153e-01	1.000000	0
POTEM	4	6.5747e-01	7.2153e-01	1.000000	0
CENPE	4	6.5749e-01	7.2153e-01	1.000000	0
ITLN1	4	6.5756e-01	7.2308e-01	1.000000	0
DEPDC4	4	6.5758e-01	7.2308e-01	1.000000	0
USP13	4	6.5765e-01	7.2308e-01	1.000000	0
TIMP3	4	6.5767e-01	7.2308e-01	1.000000	0
CMPK2	4	6.5774e-01	7.2308e-01	1.000000	0
RANBP1	4	6.5777e-01	7.2308e-01	1.000000	0
ZNF419	4	6.5781e-01	7.2308e-01	1.000000	0
UBAP1L	4	6.5784e-01	7.2308e-01	1.000000	0
F11R	4	6.5786e-01	7.2308e-01	1.000000	0
TSEN34	4	6.5788e-01	7.2308e-01	1.000000	0
GORAB	4	6.5795e-01	7.2308e-01	1.000000	0
ERBB2	4	6.5797e-01	7.2308e-01	1.000000	0
HLA-DMA	4	6.5811e-01	7.2308e-01	1.000000	0
ANXA2	4	6.5814e-01	7.2308e-01	1.000000	0
RNASEH2C	4	6.5834e-01	7.2308e-01	1.000000	0
PLEK2	4	6.5839e-01	7.2308e-01	1.000000	0
PCDHB1	4	6.5841e-01	7.2308e-01	1.000000	0
CEP41	4	6.5846e-01	7.2308e-01	1.000000	0
TMEM183B	4	6.5848e-01	7.2308e-01	1.000000	0
TMEM262	4	6.5851e-01	7.2308e-01	1.000000	0
RARS2	4	6.5853e-01	7.2308e-01	1.000000	0
CYP4V2	4	6.5855e-01	7.2308e-01	1.000000	0
KAZN	4	6.5867e-01	7.2308e-01	1.000000	0
TMPRSS6	4	6.5876e-01	7.2308e-01	1.000000	0
OR2H1	4	6.5878e-01	7.2308e-01	1.000000	0
IFNA8	4	6.5883e-01	7.2457e-01	1.000000	0
FAM98A	4	6.5888e-01	7.2457e-01	1.000000	0
ARHGDIB	4	6.5892e-01	7.2457e-01	1.000000	0
JADE2	4	6.5895e-01	7.2457e-01	1.000000	0
PRCP	4	6.5911e-01	7.2457e-01	1.000000	0
PYGO2	4	6.5922e-01	7.2457e-01	1.000000	0
ACADM	4	6.5925e-01	7.2457e-01	1.000000	0
LUC7L3	4	6.5931e-01	7.2457e-01	1.000000	0
SPANXD	4	6.5936e-01	7.2457e-01	1.000000	0
CD38	4	6.5938e-01	7.2457e-01	1.000000	0
GAS7	4	6.5941e-01	7.2457e-01	1.000000	0
PPP1R18	4	6.5945e-01	7.2457e-01	1.000000	0
GYPC	4	6.5957e-01	7.2457e-01	1.000000	0
IDH3B	4	6.5961e-01	7.2457e-01	1.000000	0
PKN1	4	6.5964e-01	7.2457e-01	1.000000	0
DGKG	4	6.5966e-01	7.2457e-01	1.000000	0
ALDH2	4	6.5968e-01	7.2457e-01	1.000000	0
GPATCH2	4	6.5973e-01	7.2457e-01	1.000000	0
PCYT1B	4	6.5982e-01	7.2457e-01	1.000000	0
OR1J1	4	6.5984e-01	7.2457e-01	1.000000	0
CEBPG	4	6.5996e-01	7.2457e-01	1.000000	0
SEPTIN4	4	6.6005e-01	7.2457e-01	1.000000	0
SLC35F3	4	6.6008e-01	7.2457e-01	1.000000	0
ZBTB14	4	6.6010e-01	7.2457e-01	1.000000	0
MARCHF9	4	6.6012e-01	7.2457e-01	1.000000	0
KLF9	4	6.6026e-01	7.2457e-01	1.000000	0
PRDX5	4	6.6028e-01	7.2457e-01	1.000000	0
HBA1	4	6.6037e-01	7.2608e-01	1.000000	0
SERP2	4	6.6054e-01	7.2608e-01	1.000000	0
TRIT1	4	6.6056e-01	7.2608e-01	1.000000	0
GPR65	4	6.6067e-01	7.2758e-01	1.000000	0
ADAMTS2	4	6.6070e-01	7.2758e-01	1.000000	0
ARHGEF11	4	6.6081e-01	7.2758e-01	1.000000	0
MT1G	4	6.6093e-01	7.2758e-01	1.000000	0
ZNF569	4	6.6095e-01	7.2758e-01	1.000000	0
DPYSL2	4	6.6102e-01	7.2908e-01	1.000000	0
PTGIR	4	6.6106e-01	7.2908e-01	1.000000	0
ADAM19	4	6.6111e-01	7.2908e-01	1.000000	0
S1PR2	4	6.6118e-01	7.3056e-01	1.000000	0
PITX1	4	6.6134e-01	7.3056e-01	1.000000	0
DBX2	4	6.6139e-01	7.3056e-01	1.000000	0
HEXA	3	6.6140e-01	7.9224e-01	1.000000	0
TRAK1	4	6.6152e-01	7.3056e-01	1.000000	0
ANGPT2	4	6.6157e-01	7.3056e-01	1.000000	0
SSH1	4	6.6173e-01	7.3056e-01	1.000000	0
PCDHB5	4	6.6184e-01	7.3056e-01	1.000000	0
ATPAF2	4	6.6191e-01	7.3056e-01	1.000000	0
TMEM178B	4	6.6194e-01	7.3056e-01	1.000000	0
TYR	4	6.6201e-01	7.3056e-01	1.000000	0
GAREM	4	6.6207e-01	7.3056e-01	1.000000	0
SLC26A8	4	6.6217e-01	7.3204e-01	1.000000	0
CIB1	4	6.6223e-01	7.3204e-01	1.000000	0
KRT33A	4	6.6237e-01	7.3204e-01	1.000000	0
ATAD2	4	6.6246e-01	7.3204e-01	1.000000	0
CYYR1	4	6.6249e-01	7.3204e-01	1.000000	0
ATP5S	4	6.6251e-01	7.3204e-01	1.000000	0
ZNF486	4	6.6256e-01	7.3204e-01	1.000000	0
CLASP2	4	6.6265e-01	7.3351e-01	1.000000	0
SLC35F2	4	6.6267e-01	7.3351e-01	1.000000	0
FBXO42	4	6.6269e-01	7.3351e-01	1.000000	0
HPS1	4	6.6272e-01	7.3351e-01	1.000000	0
FKBP2	4	6.6276e-01	7.3351e-01	1.000000	0
DNASE2B	4	6.6281e-01	7.3351e-01	1.000000	0
C17orf62	4	6.6283e-01	7.3351e-01	1.000000	0
USMG5	4	6.6288e-01	7.3351e-01	1.000000	0
H3F3A	3	6.6288e-01	7.9646e-01	1.000000	0
FGFR2	4	6.6290e-01	7.3351e-01	1.000000	0
USP5	4	6.6294e-01	7.3498e-01	1.000000	0
LOC100133267	4	6.6308e-01	7.3647e-01	1.000000	0
SHC3	4	6.6324e-01	7.3647e-01	1.000000	0
ZNF429	4	6.6326e-01	7.3647e-01	1.000000	0
PTGES	4	6.6329e-01	7.3647e-01	1.000000	0
RMND1	4	6.6338e-01	7.3647e-01	1.000000	0
EMD	4	6.6342e-01	7.3647e-01	1.000000	0
NDUFS5	4	6.6345e-01	7.3647e-01	1.000000	0
PRM2	4	6.6347e-01	7.3647e-01	1.000000	0
EMID1	4	6.6349e-01	7.3647e-01	1.000000	0
MAP1S	4	6.6352e-01	7.3647e-01	1.000000	0
TAP1	4	6.6354e-01	7.3647e-01	1.000000	0
KLRB1	4	6.6358e-01	7.3647e-01	1.000000	0
AP1G2	4	6.6361e-01	7.3647e-01	1.000000	0
F8A3	4	6.6365e-01	7.3647e-01	1.000000	0
MBNL2	4	6.6374e-01	7.3798e-01	1.000000	0
ACVR2B	4	6.6377e-01	7.3798e-01	1.000000	0
SYNGR1	4	6.6379e-01	7.3798e-01	1.000000	0
PRAF2	4	6.6388e-01	7.3949e-01	1.000000	0
KRTAP10-3	4	6.6395e-01	7.3949e-01	1.000000	0
PDE1B	4	6.6402e-01	7.3949e-01	1.000000	0
WDR17	4	6.6404e-01	7.3949e-01	1.000000	0
MAFG	4	6.6406e-01	7.3949e-01	1.000000	0
UPP1	4	6.6409e-01	7.3949e-01	1.000000	0
ST3GAL3	4	6.6411e-01	7.3949e-01	1.000000	0
FMNL2	4	6.6413e-01	7.3949e-01	1.000000	0
IL20	4	6.6418e-01	7.3949e-01	1.000000	0
KRBOX4	4	6.6422e-01	7.3949e-01	1.000000	0
ZNF695	4	6.6425e-01	7.3949e-01	1.000000	0
RNF215	4	6.6431e-01	7.3949e-01	1.000000	0
SLC25A18	4	6.6454e-01	7.4243e-01	1.000000	0
C11orf24	4	6.6457e-01	7.4243e-01	1.000000	0
CDADC1	4	6.6461e-01	7.4243e-01	1.000000	0
SARNP	4	6.6468e-01	7.4385e-01	1.000000	0
ELOVL3	4	6.6471e-01	7.4385e-01	1.000000	0
TMEM265	4	6.6475e-01	7.4385e-01	1.000000	0
PTPRN2	4	6.6482e-01	7.4527e-01	1.000000	0
COMMD9	4	6.6486e-01	7.4527e-01	1.000000	0
GBP6	4	6.6498e-01	7.4527e-01	1.000000	0
TSSK2	4	6.6516e-01	7.4527e-01	1.000000	0
DEFB124	4	6.6523e-01	7.4527e-01	1.000000	0
CCDC90B	4	6.6527e-01	7.4527e-01	1.000000	0
MYO1E	4	6.6536e-01	7.4527e-01	1.000000	0
LPP	4	6.6539e-01	7.4527e-01	1.000000	0
FAM90A1	4	6.6543e-01	7.4527e-01	1.000000	0
PTPRE	4	6.6545e-01	7.4527e-01	1.000000	0
SARM1	4	6.6561e-01	7.4527e-01	1.000000	0
FAM166B	4	6.6564e-01	7.4527e-01	1.000000	0
DMRTC2	4	6.6568e-01	7.4527e-01	1.000000	0
SLC25A37	4	6.6570e-01	7.4527e-01	1.000000	0
PPP4R2	4	6.6575e-01	7.4527e-01	1.000000	0
TMBIM4	4	6.6580e-01	7.4527e-01	1.000000	0
ZMPSTE24	4	6.6593e-01	7.4673e-01	1.000000	0
C1orf233	4	6.6595e-01	7.4673e-01	1.000000	0
OR13D1	4	6.6605e-01	7.4673e-01	1.000000	0
ZNF597	4	6.6608e-01	7.4673e-01	1.000000	0
SCRN2	4	6.6611e-01	7.4673e-01	1.000000	0
KCNC2	4	6.6618e-01	7.4673e-01	1.000000	0
TRMT61B	4	6.6620e-01	7.4673e-01	1.000000	0
OR4F21	4	6.6623e-01	7.4673e-01	1.000000	0
TRIM46	4	6.6625e-01	7.4673e-01	1.000000	0
LNX1	4	6.6627e-01	7.4673e-01	1.000000	0
HYAL1	4	6.6632e-01	7.4673e-01	1.000000	0
TCP11	4	6.6639e-01	7.4673e-01	1.000000	0
HIST1H2AC	4	6.6645e-01	7.4673e-01	1.000000	0
ADSSL1	4	6.6648e-01	7.4673e-01	1.000000	0
PDHA1	4	6.6654e-01	7.4673e-01	1.000000	0
NUMB	4	6.6664e-01	7.4673e-01	1.000000	0
STX4	4	6.6666e-01	7.4673e-01	1.000000	0
FAM133B	4	6.6668e-01	7.4673e-01	1.000000	0
FAM167B	4	6.6675e-01	7.4673e-01	1.000000	0
ANKRD40	4	6.6684e-01	7.4673e-01	1.000000	0
ABCA6	4	6.6693e-01	7.4673e-01	1.000000	0
ZNF684	4	6.6698e-01	7.4673e-01	1.000000	0
LGR4	4	6.6700e-01	7.4673e-01	1.000000	0
UPP2	4	6.6702e-01	7.4673e-01	1.000000	0
SEC16A	4	6.6709e-01	7.4673e-01	1.000000	0
WNT3A	4	6.6711e-01	7.4673e-01	1.000000	0
MAP3K2	4	6.6713e-01	7.4673e-01	1.000000	0
CYB5A	4	6.6716e-01	7.4673e-01	1.000000	0
SLC46A3	4	6.6718e-01	7.4673e-01	1.000000	0
KIAA1958	4	6.6729e-01	7.4673e-01	1.000000	0
WIBG	4	6.6749e-01	7.4673e-01	1.000000	0
NEDD9	4	6.6749e-01	7.4673e-01	1.000000	0
PCDHGB6	4	6.6757e-01	7.4816e-01	1.000000	0
PLAGL2	4	6.6761e-01	7.4816e-01	1.000000	0
PEX7	4	6.6781e-01	7.4960e-01	1.000000	0
TSPAN5	4	6.6786e-01	7.5099e-01	1.000000	0
FGF22	4	6.6788e-01	7.5099e-01	1.000000	0
RANBP10	4	6.6795e-01	7.5099e-01	1.000000	0
CAPN7	4	6.6797e-01	7.5099e-01	1.000000	0
GPM6B	4	6.6813e-01	7.5099e-01	1.000000	0
TRIM33	4	6.6818e-01	7.5099e-01	1.000000	0
MOB1A	4	6.6820e-01	7.5099e-01	1.000000	0
HEATR5A	4	6.6831e-01	7.5099e-01	1.000000	0
EEF1E1	4	6.6833e-01	7.5099e-01	1.000000	0
SLC12A5	4	6.6836e-01	7.5099e-01	1.000000	0
TIMM10B	4	6.6849e-01	7.5099e-01	1.000000	0
C9orf117	4	6.6852e-01	7.5099e-01	1.000000	0
GLOD5	4	6.6861e-01	7.5240e-01	1.000000	0
A3GALT2	4	6.6863e-01	7.5240e-01	1.000000	0
WNT9A	4	6.6865e-01	7.5240e-01	1.000000	0
TRPV1	4	6.6867e-01	7.5240e-01	1.000000	0
TCEAL7	4	6.6870e-01	7.5240e-01	1.000000	0
ARHGEF6	4	6.6881e-01	7.5240e-01	1.000000	0
CRTAM	4	6.6883e-01	7.5240e-01	1.000000	0
D2HGDH	4	6.6885e-01	7.5240e-01	1.000000	0
EMC4	4	6.6890e-01	7.5240e-01	1.000000	0
HECW1	4	6.6899e-01	7.5240e-01	1.000000	0
CREB3L2	4	6.6903e-01	7.5240e-01	1.000000	0
ZNF668	4	6.6906e-01	7.5240e-01	1.000000	0
EGR3	4	6.6908e-01	7.5240e-01	1.000000	0
RTTN	4	6.6917e-01	7.5240e-01	1.000000	0
CHDH	4	6.6928e-01	7.5240e-01	1.000000	0
ABHD17B	4	6.6931e-01	7.5240e-01	1.000000	0
PCNXL2	4	6.6933e-01	7.5240e-01	1.000000	0
CENPF	4	6.6967e-01	7.5380e-01	1.000000	0
SUGP2	4	6.6976e-01	7.5380e-01	1.000000	0
CA12	4	6.6978e-01	7.5380e-01	1.000000	0
SORD	4	6.6987e-01	7.5380e-01	1.000000	0
PPP1R17	4	6.6989e-01	7.5380e-01	1.000000	0
KCNJ16	4	6.6996e-01	7.5380e-01	1.000000	0
CPNE7	4	6.6998e-01	7.5380e-01	1.000000	0
UQCRHL	4	6.7003e-01	7.5380e-01	1.000000	0
EDN3	4	6.7012e-01	7.5380e-01	1.000000	0
AK9	4	6.7016e-01	7.5516e-01	1.000000	0
C9orf92	4	6.7025e-01	7.5516e-01	1.000000	0
LEPROTL1	4	6.7027e-01	7.5516e-01	1.000000	0
KCNJ10	4	6.7030e-01	7.5516e-01	1.000000	0
NLGN3	4	6.7032e-01	7.5516e-01	1.000000	0
ZNF20	4	6.7036e-01	7.5516e-01	1.000000	0
LOC100652758	4	6.7039e-01	7.5516e-01	1.000000	0
LAPTM4B	4	6.7043e-01	7.5516e-01	1.000000	0
ADGRE5	4	6.7048e-01	7.5516e-01	1.000000	0
ADAM9	4	6.7050e-01	7.5516e-01	1.000000	0
TIGAR	4	6.7053e-01	7.5516e-01	1.000000	0
ARMC9	4	6.7072e-01	7.5516e-01	1.000000	0
ZDHHC2	4	6.7081e-01	7.5516e-01	1.000000	0
PNCK	4	6.7090e-01	7.5516e-01	1.000000	0
ZBTB37	4	6.7099e-01	7.5516e-01	1.000000	0
PERP	4	6.7106e-01	7.5656e-01	1.000000	0
RNASE1	4	6.7113e-01	7.5656e-01	1.000000	0
SLC39A3	4	6.7115e-01	7.5656e-01	1.000000	0
USP42	4	6.7117e-01	7.5656e-01	1.000000	0
TPM1	4	6.7120e-01	7.5656e-01	1.000000	0
CMTM3	4	6.7122e-01	7.5656e-01	1.000000	0
RBM4B	4	6.7134e-01	7.5656e-01	1.000000	0
PDSS1	4	6.7140e-01	7.5656e-01	1.000000	0
CEACAM16	4	6.7142e-01	7.5656e-01	1.000000	0
C10orf113	4	6.7149e-01	7.5656e-01	1.000000	0
HEPACAM	4	6.7151e-01	7.5656e-01	1.000000	0
PIGH	4	6.7162e-01	7.5656e-01	1.000000	0
CASP3	4	6.7167e-01	7.5656e-01	1.000000	0
RNF207	4	6.7169e-01	7.5656e-01	1.000000	0
ADD2	4	6.7173e-01	7.5656e-01	1.000000	0
SH3GLB2	4	6.7176e-01	7.5656e-01	1.000000	0
TRAK2	4	6.7178e-01	7.5656e-01	1.000000	0
GADL1	4	6.7180e-01	7.5656e-01	1.000000	0
PRICKLE3	4	6.7187e-01	7.5656e-01	1.000000	0
MYCT1	4	6.7194e-01	7.5794e-01	1.000000	0
MTDH	4	6.7196e-01	7.5794e-01	1.000000	0
HYPM	4	6.7198e-01	7.5794e-01	1.000000	0
ESM1	4	6.7200e-01	7.5794e-01	1.000000	0
RIC3	4	6.7209e-01	7.5794e-01	1.000000	0
TCEAL8	4	6.7216e-01	7.5794e-01	1.000000	0
SLC31A1	4	6.7218e-01	7.5794e-01	1.000000	0
LIMS3	4	6.7225e-01	7.5794e-01	1.000000	0
ALS2CR12	4	6.7238e-01	7.5794e-01	1.000000	0
BHLHE41	4	6.7241e-01	7.5794e-01	1.000000	0
LYSMD2	4	6.7245e-01	7.5794e-01	1.000000	0
HIST1H2AG	4	6.7247e-01	7.5794e-01	1.000000	0
MPI	4	6.7250e-01	7.5794e-01	1.000000	0
MYD88	4	6.7256e-01	7.5794e-01	1.000000	0
FILIP1	4	6.7261e-01	7.5794e-01	1.000000	0
MTFR1L	4	6.7263e-01	7.5794e-01	1.000000	0
SHROOM4	4	6.7268e-01	7.5929e-01	1.000000	0
MAT2A	4	6.7279e-01	7.5929e-01	1.000000	0
PAGE4	4	6.7285e-01	7.5929e-01	1.000000	0
TTYH1	4	6.7294e-01	7.5929e-01	1.000000	0
DUS3L	4	6.7297e-01	7.5929e-01	1.000000	0
ALPK1	4	6.7303e-01	7.5929e-01	1.000000	0
AQP6	4	6.7317e-01	7.5929e-01	1.000000	0
HIGD2A	4	6.7319e-01	7.5929e-01	1.000000	0
PIP5KL1	4	6.7323e-01	7.5929e-01	1.000000	0
CPXM1	4	6.7328e-01	7.5929e-01	1.000000	0
BBS7	4	6.7330e-01	7.5929e-01	1.000000	0
NKX2-2	4	6.7335e-01	7.5929e-01	1.000000	0
TSPAN4	4	6.7337e-01	7.5929e-01	1.000000	0
DCAF16	4	6.7346e-01	7.5929e-01	1.000000	0
OR5M3	4	6.7355e-01	7.5929e-01	1.000000	0
ACCS	4	6.7368e-01	7.5929e-01	1.000000	0
CDH18	4	6.7384e-01	7.5929e-01	1.000000	0
SLURP1	4	6.7388e-01	7.6067e-01	1.000000	0
HES3	4	6.7397e-01	7.6067e-01	1.000000	0
STAB1	4	6.7406e-01	7.6067e-01	1.000000	0
SPOCK2	4	6.7417e-01	7.6067e-01	1.000000	0
HIST1H2BH	4	6.7428e-01	7.6204e-01	1.000000	0
ABCF2	4	6.7435e-01	7.6204e-01	1.000000	0
PRPH2	4	6.7446e-01	7.6474e-01	1.000000	0
ZNF177	4	6.7448e-01	7.6474e-01	1.000000	0
TRPC6	4	6.7455e-01	7.6474e-01	1.000000	0
NGDN	4	6.7464e-01	7.6474e-01	1.000000	0
PRDM11	4	6.7469e-01	7.6474e-01	1.000000	0
CLVS1	4	6.7480e-01	7.6474e-01	1.000000	0
HIST1H2AM	4	6.7484e-01	7.6474e-01	1.000000	0
MORC4	4	6.7491e-01	7.6474e-01	1.000000	0
VANGL2	4	6.7493e-01	7.6474e-01	1.000000	0
KRT15	4	6.7495e-01	7.6474e-01	1.000000	0
AATK	4	6.7502e-01	7.6474e-01	1.000000	0
LASP1	4	6.7511e-01	7.6474e-01	1.000000	0
RFXAP	4	6.7513e-01	7.6474e-01	1.000000	0
ERMAP	3	6.7519e-01	8.1372e-01	1.000000	0
SLCO1B3	4	6.7520e-01	7.6474e-01	1.000000	0
STX7	4	6.7526e-01	7.6474e-01	1.000000	0
EEA1	4	6.7529e-01	7.6474e-01	1.000000	0
SAMD4A	4	6.7533e-01	7.6474e-01	1.000000	0
ASB17	4	6.7542e-01	7.6474e-01	1.000000	0
JMJD7-PLA2G4B	4	6.7549e-01	7.6474e-01	1.000000	0
OR2A42	4	6.7560e-01	7.6612e-01	1.000000	0
TSHZ1	4	6.7564e-01	7.6612e-01	1.000000	0
COMMD6	4	6.7571e-01	7.6612e-01	1.000000	0
POTEB	4	6.7573e-01	7.6612e-01	1.000000	0
CC2D1A	4	6.7598e-01	7.6883e-01	1.000000	0
BCL2L13	4	6.7615e-01	7.6883e-01	1.000000	0
BEND6	4	6.7620e-01	7.6883e-01	1.000000	0
TNNT3	4	6.7622e-01	7.6883e-01	1.000000	0
MARCHF4	4	6.7629e-01	7.6883e-01	1.000000	0
KDELC2	4	6.7635e-01	7.7022e-01	1.000000	0
ACTN1	4	6.7640e-01	7.7022e-01	1.000000	0
CABP2	4	6.7664e-01	7.7022e-01	1.000000	0
MEIKIN	4	6.7666e-01	7.7022e-01	1.000000	0
C1orf167	4	6.7669e-01	7.7022e-01	1.000000	0
IFITM5	4	6.7677e-01	7.7022e-01	1.000000	0
SYNJ2BP	4	6.7691e-01	7.7022e-01	1.000000	0
AMY2B	4	6.7700e-01	7.7022e-01	1.000000	0
TPSD1	4	6.7706e-01	7.7022e-01	1.000000	0
XAGE3	4	6.7711e-01	7.7022e-01	1.000000	0
ZNF697	4	6.7713e-01	7.7022e-01	1.000000	0
SNRPN	4	6.7715e-01	7.7022e-01	1.000000	0
MAPK9	4	6.7724e-01	7.7022e-01	1.000000	0
CLDN9	4	6.7733e-01	7.7022e-01	1.000000	0
ATP13A3	4	6.7740e-01	7.7022e-01	1.000000	0
SEC31A	4	6.7742e-01	7.7022e-01	1.000000	0
WDR62	4	6.7744e-01	7.7022e-01	1.000000	0
LRRC59	4	6.7746e-01	7.7022e-01	1.000000	0
MRAS	4	6.7751e-01	7.7022e-01	1.000000	0
SCGB1A1	4	6.7754e-01	7.7022e-01	1.000000	0
UTRN	4	6.7771e-01	7.7022e-01	1.000000	0
IFT27	4	6.7773e-01	7.7022e-01	1.000000	0
LDHD	4	6.7775e-01	7.7022e-01	1.000000	0
SPRR4	4	6.7777e-01	7.7022e-01	1.000000	0
PBOV1	4	6.7779e-01	7.7022e-01	1.000000	0
NOS2	4	6.7788e-01	7.7022e-01	1.000000	0
TLR6	4	6.7804e-01	7.7022e-01	1.000000	0
NMNAT1	4	6.7810e-01	7.7022e-01	1.000000	0
LRRC47	4	6.7813e-01	7.7022e-01	1.000000	0
C10orf71	4	6.7817e-01	7.7022e-01	1.000000	0
HERC2	4	6.7824e-01	7.7022e-01	1.000000	0
SPINT3	4	6.7830e-01	7.7022e-01	1.000000	0
KRTAP12-1	4	6.7837e-01	7.7022e-01	1.000000	0
SUCLG1	4	6.7841e-01	7.7022e-01	1.000000	0
TOPORS	4	6.7846e-01	7.7022e-01	1.000000	0
COX8C	4	6.7850e-01	7.7022e-01	1.000000	0
PLCH2	4	6.7855e-01	7.7022e-01	1.000000	0
PATE3	4	6.7857e-01	7.7022e-01	1.000000	0
FOLR2	4	6.7859e-01	7.7022e-01	1.000000	0
WNT9B	4	6.7861e-01	7.7022e-01	1.000000	0
LYPD6	4	6.7866e-01	7.7022e-01	1.000000	0
GPR19	4	6.7879e-01	7.7158e-01	1.000000	0
PRAMEF4	4	6.7881e-01	7.7158e-01	1.000000	0
ATP11AUN	4	6.7883e-01	7.7158e-01	1.000000	0
DNAJB3	4	6.7888e-01	7.7158e-01	1.000000	0
RIMBP3C	4	6.7890e-01	7.7158e-01	1.000000	0
CDH5	4	6.7894e-01	7.7158e-01	1.000000	0
RASGRF1	4	6.7899e-01	7.7158e-01	1.000000	0
CCDC120	4	6.7901e-01	7.7158e-01	1.000000	0
MC5R	4	6.7905e-01	7.7158e-01	1.000000	0
ASB8	4	6.7907e-01	7.7158e-01	1.000000	0
C8orf89	4	6.7910e-01	7.7158e-01	1.000000	0
GEMIN8	4	6.7918e-01	7.7158e-01	1.000000	0
CHMP4C	4	6.7925e-01	7.7158e-01	1.000000	0
KRBA1	4	6.7936e-01	7.7158e-01	1.000000	0
ELF5	4	6.7947e-01	7.7158e-01	1.000000	0
DOK3	4	6.7949e-01	7.7158e-01	1.000000	0
ACTR1B	4	6.7958e-01	7.7287e-01	1.000000	0
SPN	4	6.7965e-01	7.7287e-01	1.000000	0
B4GALT4	4	6.7967e-01	7.7287e-01	1.000000	0
WBP4	4	6.7974e-01	7.7287e-01	1.000000	0
CTIF	4	6.7978e-01	7.7287e-01	1.000000	0
PRPS1L1	4	6.7987e-01	7.7287e-01	1.000000	0
SLC34A3	4	6.7991e-01	7.7287e-01	1.000000	0
RSRP1	4	6.8000e-01	7.7287e-01	1.000000	0
RIPPLY1	4	6.8002e-01	7.7287e-01	1.000000	0
POTEI	4	6.8013e-01	7.7287e-01	1.000000	0
NXPE1	4	6.8029e-01	7.7287e-01	1.000000	0
FLJ44635	4	6.8033e-01	7.7287e-01	1.000000	0
SPATA12	4	6.8035e-01	7.7287e-01	1.000000	0
TSPYL5	4	6.8042e-01	7.7287e-01	1.000000	0
PCDHB7	4	6.8044e-01	7.7287e-01	1.000000	0
C17orf70	4	6.8046e-01	7.7287e-01	1.000000	0
FOLH1B	4	6.8057e-01	7.7287e-01	1.000000	0
SMIM9	4	6.8062e-01	7.7287e-01	1.000000	0
ADAMTS13	4	6.8064e-01	7.7287e-01	1.000000	0
REEP6	4	6.8070e-01	7.7287e-01	1.000000	0
RGPD1	4	6.8075e-01	7.7287e-01	1.000000	0
BTG2	4	6.8081e-01	7.7287e-01	1.000000	0
CMBL	4	6.8090e-01	7.7287e-01	1.000000	0
GOLGA4	4	6.8095e-01	7.7287e-01	1.000000	0
VN1R1	4	6.8110e-01	7.7287e-01	1.000000	0
PPP2R2C	4	6.8116e-01	7.7287e-01	1.000000	0
CFI	4	6.8119e-01	7.7287e-01	1.000000	0
ZDHHC13	4	6.8121e-01	7.7287e-01	1.000000	0
SYNE4	4	6.8127e-01	7.7287e-01	1.000000	0
TRIM39	4	6.8136e-01	7.7287e-01	1.000000	0
FCRL2	4	6.8141e-01	7.7287e-01	1.000000	0
P3H3	4	6.8149e-01	7.7287e-01	1.000000	0
CNKSR2	4	6.8152e-01	7.7287e-01	1.000000	0
OR14J1	4	6.8158e-01	7.7287e-01	1.000000	0
SNPH	4	6.8165e-01	7.7287e-01	1.000000	0
COL23A1	4	6.8167e-01	7.7287e-01	1.000000	0
DBNDD1	4	6.8171e-01	7.7287e-01	1.000000	0
TFAM	4	6.8173e-01	7.7287e-01	1.000000	0
C1orf87	4	6.8176e-01	7.7287e-01	1.000000	0
CXCR2	4	6.8180e-01	7.7287e-01	1.000000	0
IRAK4	4	6.8182e-01	7.7287e-01	1.000000	0
SRP14	4	6.8184e-01	7.7287e-01	1.000000	0
ZNF354C	4	6.8187e-01	7.7287e-01	1.000000	0
TGIF2LX	4	6.8189e-01	7.7287e-01	1.000000	0
TMEM120A	4	6.8191e-01	7.7287e-01	1.000000	0
KHDRBS2	4	6.8195e-01	7.7287e-01	1.000000	0
ECHDC1	4	6.8203e-01	7.7288e-01	1.000000	0
TRAPPC6A	4	6.8203e-01	7.7288e-01	1.000000	0
SEPTIN14	4	6.8206e-01	7.7288e-01	1.000000	0
C16orf93	4	6.8209e-01	7.7288e-01	1.000000	0
PI4K2B	4	6.8212e-01	7.7288e-01	1.000000	0
KLHDC2	4	6.8219e-01	7.7288e-01	1.000000	0
CDKAL1	4	6.8226e-01	7.7288e-01	1.000000	0
SEMG2	4	6.8228e-01	7.7288e-01	1.000000	0
FAM212A	4	6.8233e-01	7.7288e-01	1.000000	0
GAD1	4	6.8235e-01	7.7288e-01	1.000000	0
NPY5R	4	6.8259e-01	7.7288e-01	1.000000	0
ABHD11	4	6.8265e-01	7.7288e-01	1.000000	0
LRIT3	4	6.8268e-01	7.7288e-01	1.000000	0
DPT	4	6.8274e-01	7.7288e-01	1.000000	0
TMEM9	4	6.8276e-01	7.7288e-01	1.000000	0
RREB1	4	6.8279e-01	7.7288e-01	1.000000	0
UBE2V1	4	6.8281e-01	7.7288e-01	1.000000	0
ANKMY1	4	6.8283e-01	7.7288e-01	1.000000	0
TK1	4	6.8289e-01	7.7288e-01	1.000000	0
MTRNR2L2	4	6.8292e-01	7.7288e-01	1.000000	0
ZDHHC15	4	6.8303e-01	7.7288e-01	1.000000	0
NCMAP	4	6.8309e-01	7.7288e-01	1.000000	0
BATF2	4	6.8311e-01	7.7288e-01	1.000000	0
MORN2	4	6.8314e-01	7.7288e-01	1.000000	0
FIG4	4	6.8316e-01	7.7288e-01	1.000000	0
APOLD1	4	6.8320e-01	7.7288e-01	1.000000	0
MARCKSL1	4	6.8327e-01	7.7288e-01	1.000000	0
KIAA0141	4	6.8329e-01	7.7288e-01	1.000000	0
FBXO45	4	6.8331e-01	7.7288e-01	1.000000	0
TCEAL5	4	6.8338e-01	7.7288e-01	1.000000	0
ASZ1	4	6.8340e-01	7.7288e-01	1.000000	0
NUDT10	4	6.8344e-01	7.7288e-01	1.000000	0
ZBTB39	4	6.8348e-01	7.7288e-01	1.000000	0
HRK	4	6.8351e-01	7.7288e-01	1.000000	0
KRTAP2-2	4	6.8364e-01	7.7288e-01	1.000000	0
AANAT	4	6.8368e-01	7.7288e-01	1.000000	0
SERPINF2	4	6.8375e-01	7.7288e-01	1.000000	0
TMEM263	4	6.8379e-01	7.7288e-01	1.000000	0
WDR47	4	6.8381e-01	7.7288e-01	1.000000	0
PRAMEF20	4	6.8383e-01	7.7288e-01	1.000000	0
OMD	4	6.8388e-01	7.7288e-01	1.000000	0
CD27	4	6.8390e-01	7.7288e-01	1.000000	0
TCL1A	4	6.8403e-01	7.7288e-01	1.000000	0
VAX1	4	6.8405e-01	7.7288e-01	1.000000	0
G2E3	4	6.8407e-01	7.7288e-01	1.000000	0
PVALB	4	6.8416e-01	7.7288e-01	1.000000	0
NSD1	4	6.8425e-01	7.7288e-01	1.000000	0
ZFAT	4	6.8436e-01	7.7288e-01	1.000000	0
STAG3	4	6.8440e-01	7.7288e-01	1.000000	0
RAB44	4	6.8447e-01	7.7416e-01	1.000000	0
SPHK2	4	6.8449e-01	7.7416e-01	1.000000	0
MFAP2	4	6.8451e-01	7.7416e-01	1.000000	0
MFI2	4	6.8455e-01	7.7416e-01	1.000000	0
PRSS21	4	6.8460e-01	7.7416e-01	1.000000	0
ATP5L	4	6.8473e-01	7.7416e-01	1.000000	0
XPA	4	6.8486e-01	7.7416e-01	1.000000	0
ZSWIM2	4	6.8490e-01	7.7416e-01	1.000000	0
MYBPC2	4	6.8507e-01	7.7416e-01	1.000000	0
FMO5	4	6.8523e-01	7.7416e-01	1.000000	0
CNOT2	4	6.8534e-01	7.7416e-01	1.000000	0
FGD6	4	6.8538e-01	7.7416e-01	1.000000	0
NPIPB9	4	6.8544e-01	7.7416e-01	1.000000	0
MAB21L3	4	6.8549e-01	7.7416e-01	1.000000	0
RNF39	3	6.8554e-01	8.2622e-01	1.000000	0
NLRC3	4	6.8560e-01	7.7416e-01	1.000000	0
TMEM5	4	6.8564e-01	7.7416e-01	1.000000	0
MCM6	4	6.8568e-01	7.7416e-01	1.000000	0
CHCHD2	4	6.8573e-01	7.7416e-01	1.000000	0
CKAP4	4	6.8579e-01	7.7416e-01	1.000000	0
C1RL	4	6.8590e-01	7.7416e-01	1.000000	0
C17orf102	4	6.8594e-01	7.7416e-01	1.000000	0
AZIN2	4	6.8597e-01	7.7416e-01	1.000000	0
TCAP	4	6.8603e-01	7.7416e-01	1.000000	0
FAM150A	4	6.8605e-01	7.7416e-01	1.000000	0
HIST4H4	4	6.8607e-01	7.7416e-01	1.000000	0
OR5W2	4	6.8612e-01	7.7416e-01	1.000000	0
C20orf203	4	6.8614e-01	7.7416e-01	1.000000	0
BCL2	4	6.8620e-01	7.7416e-01	1.000000	0
PTPRB	4	6.8627e-01	7.7416e-01	1.000000	0
ITGA9	4	6.8636e-01	7.7416e-01	1.000000	0
SLC6A6	4	6.8644e-01	7.7416e-01	1.000000	0
C2orf69	4	6.8666e-01	7.7416e-01	1.000000	0
DUSP2	4	6.8672e-01	7.7416e-01	1.000000	0
MC1R	4	6.8694e-01	7.7416e-01	1.000000	0
NANOS1	4	6.8698e-01	7.7416e-01	1.000000	0
PARP16	4	6.8701e-01	7.7416e-01	1.000000	0
USP17L25	4	6.8708e-01	7.7416e-01	1.000000	0
USP3	4	6.8711e-01	7.7416e-01	1.000000	0
KLHL11	4	6.8718e-01	7.7416e-01	1.000000	0
NYNRIN	4	6.8720e-01	7.7416e-01	1.000000	0
DZIP3	4	6.8724e-01	7.7416e-01	1.000000	0
C10orf10	4	6.8729e-01	7.7416e-01	1.000000	0
DECR2	4	6.8733e-01	7.7416e-01	1.000000	0
CFH	4	6.8737e-01	7.7416e-01	1.000000	0
EFNA5	4	6.8743e-01	7.7416e-01	1.000000	0
SWI5	4	6.8746e-01	7.7416e-01	1.000000	0
TBX6	4	6.8757e-01	7.7416e-01	1.000000	0
HDHD2	4	6.8763e-01	7.7416e-01	1.000000	0
FAM86B1	4	6.8765e-01	7.7416e-01	1.000000	0
C10orf32	4	6.8776e-01	7.7416e-01	1.000000	0
LCN1	4	6.8781e-01	7.7416e-01	1.000000	0
MTMR12	4	6.8783e-01	7.7416e-01	1.000000	0
NAE1	4	6.8785e-01	7.7416e-01	1.000000	0
SOX13	4	6.8791e-01	7.7416e-01	1.000000	0
SPANXN2	4	6.8794e-01	7.7416e-01	1.000000	0
ATXN7L1	4	6.8798e-01	7.7416e-01	1.000000	0
ROBO1	4	6.8802e-01	7.7416e-01	1.000000	0
SRPK2	4	6.8809e-01	7.7416e-01	1.000000	0
PRG3	4	6.8815e-01	7.7416e-01	1.000000	0
DHODH	4	6.8819e-01	7.7416e-01	1.000000	0
SDS	4	6.8825e-01	7.7416e-01	1.000000	0
NUDCD2	4	6.8832e-01	7.7416e-01	1.000000	0
MRGPRD	4	6.8837e-01	7.7416e-01	1.000000	0
BIN3	4	6.8839e-01	7.7416e-01	1.000000	0
FOXP1	4	6.8841e-01	7.7416e-01	1.000000	0
CCDC121	4	6.8869e-01	7.7546e-01	1.000000	0
OPN1MW2	4	6.8873e-01	7.7546e-01	1.000000	0
SEPW1	4	6.8876e-01	7.7546e-01	1.000000	0
RYR2	4	6.8884e-01	7.7677e-01	1.000000	0
TRPC5OS	4	6.8886e-01	7.7677e-01	1.000000	0
PZP	4	6.8899e-01	7.7677e-01	1.000000	0
SH3BGR	4	6.8906e-01	7.7677e-01	1.000000	0
OR4A5	4	6.8910e-01	7.7677e-01	1.000000	0
PBLD	4	6.8912e-01	7.7677e-01	1.000000	0
FGD1	4	6.8923e-01	7.7677e-01	1.000000	0
PROM2	4	6.8925e-01	7.7677e-01	1.000000	0
FBLIM1	4	6.8927e-01	7.7677e-01	1.000000	0
ZBTB3	4	6.8934e-01	7.7677e-01	1.000000	0
NRG2	4	6.8936e-01	7.7677e-01	1.000000	0
KRTAP5-2	4	6.8949e-01	7.7677e-01	1.000000	0
ZNF211	4	6.8953e-01	7.7677e-01	1.000000	0
DNAAF1	4	6.8962e-01	7.7677e-01	1.000000	0
USP50	4	6.8970e-01	7.7677e-01	1.000000	0
LOC100129924	4	6.8987e-01	7.7677e-01	1.000000	0
CSRNP2	4	6.9013e-01	7.7677e-01	1.000000	0
CCDC23	4	6.9022e-01	7.7677e-01	1.000000	0
ZDHHC22	4	6.9024e-01	7.7677e-01	1.000000	0
SETD1B	4	6.9026e-01	7.7677e-01	1.000000	0
TM9SF3	4	6.9033e-01	7.7677e-01	1.000000	0
LPCAT4	4	6.9045e-01	7.7814e-01	1.000000	0
RGS17	4	6.9050e-01	7.7814e-01	1.000000	0
RDH8	4	6.9054e-01	7.7814e-01	1.000000	0
RARRES2	4	6.9058e-01	7.7814e-01	1.000000	0
MDC1	4	6.9073e-01	7.7945e-01	1.000000	0
HOOK2	4	6.9075e-01	7.7945e-01	1.000000	0
PIGG	4	6.9082e-01	7.7945e-01	1.000000	0
TMCO4	4	6.9086e-01	7.7945e-01	1.000000	0
KIFC1	4	6.9091e-01	7.7945e-01	1.000000	0
NMI	4	6.9093e-01	7.7945e-01	1.000000	0
NAAA	4	6.9097e-01	7.7945e-01	1.000000	0
ORC4	4	6.9110e-01	7.7945e-01	1.000000	0
RPUSD2	4	6.9116e-01	7.7945e-01	1.000000	0
DDR2	4	6.9118e-01	7.7945e-01	1.000000	0
OR8A1	4	6.9121e-01	7.7945e-01	1.000000	0
C3orf30	4	6.9125e-01	7.7945e-01	1.000000	0
SLC10A5	4	6.9127e-01	7.7945e-01	1.000000	0
CDH19	4	6.9129e-01	7.7945e-01	1.000000	0
ZNF648	4	6.9131e-01	7.7945e-01	1.000000	0
COQ5	4	6.9138e-01	7.7945e-01	1.000000	0
TPCN1	4	6.9140e-01	7.7945e-01	1.000000	0
LHCGR	4	6.9146e-01	7.7945e-01	1.000000	0
NOD1	4	6.9159e-01	7.7945e-01	1.000000	0
ITGAM	4	6.9161e-01	7.7945e-01	1.000000	0
SCGN	4	6.9163e-01	7.7945e-01	1.000000	0
KRTAP2-3	4	6.9165e-01	7.7945e-01	1.000000	0
TRO	4	6.9168e-01	7.7945e-01	1.000000	0
RHBDD3	4	6.9170e-01	7.7945e-01	1.000000	0
CDK10	4	6.9172e-01	7.7945e-01	1.000000	0
SLC22A8	4	6.9174e-01	7.7945e-01	1.000000	0
UBE2D4	4	6.9176e-01	7.7945e-01	1.000000	0
ASNS	4	6.9178e-01	7.7945e-01	1.000000	0
HEATR6	4	6.9183e-01	7.7945e-01	1.000000	0
IL1RAPL1	4	6.9187e-01	7.7945e-01	1.000000	0
OCIAD1	4	6.9189e-01	7.7945e-01	1.000000	0
CCNT1	4	6.9193e-01	7.7945e-01	1.000000	0
TULP4	4	6.9204e-01	7.7945e-01	1.000000	0
CD93	4	6.9210e-01	7.7945e-01	1.000000	0
C1orf185	4	6.9215e-01	7.7945e-01	1.000000	0
ADIRF	4	6.9217e-01	7.7945e-01	1.000000	0
SPAG8	4	6.9223e-01	7.7945e-01	1.000000	0
WDFY1	4	6.9232e-01	7.8077e-01	1.000000	0
OR2AP1	4	6.9234e-01	7.8077e-01	1.000000	0
HSD3B2	4	6.9236e-01	7.8077e-01	1.000000	0
RPRD2	4	6.9238e-01	7.8077e-01	1.000000	0
DCDC2C	4	6.9242e-01	7.8077e-01	1.000000	0
ST6GALNAC4	4	6.9255e-01	7.8204e-01	1.000000	0
KIAA0586	4	6.9266e-01	7.8204e-01	1.000000	0
MARCHF8	4	6.9268e-01	7.8204e-01	1.000000	0
STAT5B	4	6.9294e-01	7.8204e-01	1.000000	0
PIEZO2	4	6.9302e-01	7.8204e-01	1.000000	0
NDUFA6	4	6.9311e-01	7.8204e-01	1.000000	0
FAM210A	4	6.9313e-01	7.8204e-01	1.000000	0
ARRDC5	4	6.9317e-01	7.8204e-01	1.000000	0
HMG20A	4	6.9324e-01	7.8204e-01	1.000000	0
CD79B	4	6.9330e-01	7.8204e-01	1.000000	0
ODF3	4	6.9338e-01	7.8204e-01	1.000000	0
CAMK2N2	4	6.9345e-01	7.8204e-01	1.000000	0
COL5A3	4	6.9351e-01	7.8204e-01	1.000000	0
CHAC1	4	6.9356e-01	7.8204e-01	1.000000	0
GOLGA8H	4	6.9358e-01	7.8204e-01	1.000000	0
SLC5A11	4	6.9360e-01	7.8204e-01	1.000000	0
FBRSL1	4	6.9364e-01	7.8204e-01	1.000000	0
CD8A	4	6.9377e-01	7.8204e-01	1.000000	0
POLR1E	4	6.9390e-01	7.8204e-01	1.000000	0
THAP5	4	6.9396e-01	7.8204e-01	1.000000	0
TNFAIP2	4	6.9402e-01	7.8204e-01	1.000000	0
SH3RF1	4	6.9404e-01	7.8204e-01	1.000000	0
PTPN7	4	6.9407e-01	7.8204e-01	1.000000	0
NTN5	4	6.9411e-01	7.8204e-01	1.000000	0
NIT1	4	6.9419e-01	7.8333e-01	1.000000	0
TMEM233	4	6.9430e-01	7.8333e-01	1.000000	0
CNNM3	4	6.9432e-01	7.8333e-01	1.000000	0
S100PBP	4	6.9437e-01	7.8333e-01	1.000000	0
HOXA2	4	6.9437e-01	7.8333e-01	1.000000	0
WISP3	4	6.9447e-01	7.8333e-01	1.000000	0
OR5D14	4	6.9449e-01	7.8333e-01	1.000000	0
ZFYVE1	4	6.9460e-01	7.8333e-01	1.000000	0
VASN	4	6.9470e-01	7.8333e-01	1.000000	0
TRIM31	4	6.9473e-01	7.8333e-01	1.000000	0
LIX1	4	6.9485e-01	7.8333e-01	1.000000	0
AAGAB	4	6.9500e-01	7.8333e-01	1.000000	0
CYS1	4	6.9502e-01	7.8333e-01	1.000000	0
ZNF35	4	6.9506e-01	7.8333e-01	1.000000	0
HOXA5	4	6.9511e-01	7.8333e-01	1.000000	0
HLA-DRB1	4	6.9513e-01	7.8333e-01	1.000000	0
RNASE2	4	6.9515e-01	7.8333e-01	1.000000	0
AGPAT9	4	6.9523e-01	7.8333e-01	1.000000	0
FRAT2	4	6.9528e-01	7.8333e-01	1.000000	0
EIF4E3	4	6.9532e-01	7.8333e-01	1.000000	0
C2	4	6.9545e-01	7.8333e-01	1.000000	0
LY96	4	6.9551e-01	7.8333e-01	1.000000	0
CLDN8	4	6.9553e-01	7.8333e-01	1.000000	0
CNOT8	4	6.9579e-01	7.8333e-01	1.000000	0
FAM159A	4	6.9581e-01	7.8333e-01	1.000000	0
BTNL8	4	6.9591e-01	7.8333e-01	1.000000	0
NCKAP1	4	6.9602e-01	7.8458e-01	1.000000	0
ERG	4	6.9627e-01	7.8713e-01	1.000000	0
FSD1L	4	6.9636e-01	7.8713e-01	1.000000	0
ADAMTSL1	4	6.9640e-01	7.8713e-01	1.000000	0
YTHDF1	4	6.9643e-01	7.8713e-01	1.000000	0
C8orf31	4	6.9651e-01	7.8713e-01	1.000000	0
EFHB	4	6.9653e-01	7.8713e-01	1.000000	0
C1GALT1	4	6.9661e-01	7.8713e-01	1.000000	0
ZNF385C	4	6.9665e-01	7.8713e-01	1.000000	0
LIMS2	4	6.9676e-01	7.8713e-01	1.000000	0
PLAT	4	6.9680e-01	7.8713e-01	1.000000	0
TUBB2B	4	6.9684e-01	7.8713e-01	1.000000	0
MTHFD2L	4	6.9689e-01	7.8713e-01	1.000000	0
OR11H4	4	6.9691e-01	7.8713e-01	1.000000	0
PTGIS	4	6.9699e-01	7.8713e-01	1.000000	0
DHRS12	4	6.9706e-01	7.8713e-01	1.000000	0
FBXO24	4	6.9708e-01	7.8713e-01	1.000000	0
HBA2	4	6.9720e-01	7.8713e-01	1.000000	0
MOGAT2	4	6.9722e-01	7.8713e-01	1.000000	0
FBXO41	4	6.9725e-01	7.8713e-01	1.000000	0
SPACA3	4	6.9727e-01	7.8713e-01	1.000000	0
ACSF2	4	6.9733e-01	7.8713e-01	1.000000	0
ATP13A4	4	6.9739e-01	7.8713e-01	1.000000	0
GAL3ST1	4	6.9741e-01	7.8713e-01	1.000000	0
SETD5	4	6.9744e-01	7.8713e-01	1.000000	0
CX3CL1	4	6.9769e-01	7.8713e-01	1.000000	0
MRPL35	4	6.9775e-01	7.8713e-01	1.000000	0
RNF175	4	6.9777e-01	7.8713e-01	1.000000	0
UCKL1	4	6.9784e-01	7.8713e-01	1.000000	0
KRT6C	4	6.9790e-01	7.8713e-01	1.000000	0
MED31	4	6.9792e-01	7.8713e-01	1.000000	0
PRH1	4	6.9803e-01	7.8713e-01	1.000000	0
RERE	4	6.9813e-01	7.8713e-01	1.000000	0
JTB	4	6.9815e-01	7.8713e-01	1.000000	0
FKBP5	4	6.9819e-01	7.8713e-01	1.000000	0
TAX1BP3	4	6.9824e-01	7.8713e-01	1.000000	0
TVP23B	4	6.9834e-01	7.8713e-01	1.000000	0
COA3	4	6.9838e-01	7.8713e-01	1.000000	0
RFPL4B	4	6.9840e-01	7.8713e-01	1.000000	0
KRT73	4	6.9845e-01	7.8713e-01	1.000000	0
ZNF700	4	6.9851e-01	7.8713e-01	1.000000	0
LOXL2	4	6.9853e-01	7.8713e-01	1.000000	0
C19orf68	4	6.9857e-01	7.8713e-01	1.000000	0
SLC25A41	4	6.9864e-01	7.8713e-01	1.000000	0
MURC	4	6.9866e-01	7.8713e-01	1.000000	0
TTC24	4	6.9868e-01	7.8713e-01	1.000000	0
ZNF652	4	6.9870e-01	7.8713e-01	1.000000	0
KITLG	4	6.9872e-01	7.8713e-01	1.000000	0
DHX32	4	6.9880e-01	7.8713e-01	1.000000	0
CYP2A7	4	6.9889e-01	7.8713e-01	1.000000	0
TMEM132C	4	6.9891e-01	7.8713e-01	1.000000	0
MYBPHL	4	6.9893e-01	7.8713e-01	1.000000	0
FPGT	4	6.9897e-01	7.8838e-01	1.000000	0
RETN	4	6.9910e-01	7.8838e-01	1.000000	0
FAM3D	4	6.9912e-01	7.8838e-01	1.000000	0
RNF121	4	6.9920e-01	7.8838e-01	1.000000	0
TROVE2	4	6.9925e-01	7.8838e-01	1.000000	0
CTSH	4	6.9931e-01	7.8838e-01	1.000000	0
ZNF517	4	6.9942e-01	7.8838e-01	1.000000	0
DDHD2	4	6.9946e-01	7.8838e-01	1.000000	0
FUNDC1	4	6.9954e-01	7.8965e-01	1.000000	0
ZNF135	4	6.9969e-01	7.8965e-01	1.000000	0
ASIC2	4	6.9971e-01	7.8965e-01	1.000000	0
GOLT1A	4	6.9973e-01	7.8965e-01	1.000000	0
DLX3	4	6.9975e-01	7.8965e-01	1.000000	0
TBX15	4	6.9977e-01	7.8965e-01	1.000000	0
KCNK4	4	6.9988e-01	7.8965e-01	1.000000	0
RELL2	4	7.0002e-01	7.8965e-01	1.000000	0
DENND6B	4	7.0004e-01	7.8965e-01	1.000000	0
STX17	4	7.0006e-01	7.8965e-01	1.000000	0
NAA16	4	7.0009e-01	7.8965e-01	1.000000	0
OR13C2	4	7.0011e-01	7.8965e-01	1.000000	0
SEPTIN10	4	7.0013e-01	7.8965e-01	1.000000	0
MPPED1	4	7.0015e-01	7.8965e-01	1.000000	0
MS4A13	4	7.0025e-01	7.8965e-01	1.000000	0
ZGLP1	4	7.0029e-01	7.8965e-01	1.000000	0
NXT1	4	7.0038e-01	7.8965e-01	1.000000	0
CCL15	4	7.0042e-01	7.8965e-01	1.000000	0
FAM162B	4	7.0055e-01	7.8965e-01	1.000000	0
CNFN	4	7.0061e-01	7.8965e-01	1.000000	0
SLC5A3	4	7.0065e-01	7.8965e-01	1.000000	0
RGS14	4	7.0069e-01	7.8965e-01	1.000000	0
FAM186B	4	7.0073e-01	7.8965e-01	1.000000	0
EDEM1	4	7.0078e-01	7.8965e-01	1.000000	0
RAD54L2	4	7.0086e-01	7.8965e-01	1.000000	0
SP7	4	7.0092e-01	7.8965e-01	1.000000	0
COL4A6	4	7.0096e-01	7.8965e-01	1.000000	0
C8orf22	4	7.0105e-01	7.8965e-01	1.000000	0
ARHGAP18	4	7.0111e-01	7.8965e-01	1.000000	0
ZNF286B	4	7.0124e-01	7.8965e-01	1.000000	0
UBA2	4	7.0128e-01	7.8965e-01	1.000000	0
TM4SF4	4	7.0130e-01	7.8965e-01	1.000000	0
EMC9	4	7.0149e-01	7.8965e-01	1.000000	0
LDLRAD1	4	7.0153e-01	7.8965e-01	1.000000	0
TUBB4A	4	7.0165e-01	7.8965e-01	1.000000	0
PLEKHN1	4	7.0168e-01	7.8965e-01	1.000000	0
RAD54B	4	7.0172e-01	7.8965e-01	1.000000	0
FAM89B	4	7.0178e-01	7.8965e-01	1.000000	0
HIRA	4	7.0186e-01	7.8965e-01	1.000000	0
TP53TG3B	4	7.0188e-01	7.8965e-01	1.000000	0
AMICA1	4	7.0199e-01	7.8965e-01	1.000000	0
ASGR2	4	7.0207e-01	7.8965e-01	1.000000	0
TSPAN32	4	7.0216e-01	7.8965e-01	1.000000	0
NEUROD2	4	7.0218e-01	7.8965e-01	1.000000	0
RPS4Y2	4	7.0228e-01	7.8965e-01	1.000000	0
UBE2J1	4	7.0232e-01	7.8965e-01	1.000000	0
RAB7B	4	7.0236e-01	7.8965e-01	1.000000	0
GS1-259H13.2	4	7.0238e-01	7.8965e-01	1.000000	0
CCDC129	4	7.0243e-01	7.8965e-01	1.000000	0
FSCN3	4	7.0247e-01	7.8965e-01	1.000000	0
KERA	4	7.0249e-01	7.8965e-01	1.000000	0
ANHX	4	7.0255e-01	7.8965e-01	1.000000	0
HNRNPA1	4	7.0268e-01	7.8965e-01	1.000000	0
ZNF891	4	7.0270e-01	7.8965e-01	1.000000	0
HRAS	4	7.0272e-01	7.8965e-01	1.000000	0
TERF2	4	7.0284e-01	7.8965e-01	1.000000	0
RTCA	4	7.0286e-01	7.8965e-01	1.000000	0
MYOM1	4	7.0288e-01	7.8965e-01	1.000000	0
TMEM99	4	7.0291e-01	7.8965e-01	1.000000	0
ZNF764	4	7.0313e-01	7.8965e-01	1.000000	0
FABP1	4	7.0320e-01	7.8965e-01	1.000000	0
ADRBK2	4	7.0324e-01	7.8965e-01	1.000000	0
HOMER3	4	7.0326e-01	7.8965e-01	1.000000	0
DOCK2	4	7.0328e-01	7.8965e-01	1.000000	0
PTPN22	4	7.0334e-01	7.8965e-01	1.000000	0
MON1B	4	7.0347e-01	7.8965e-01	1.000000	0
OTUD6A	4	7.0349e-01	7.8965e-01	1.000000	0
PM20D2	4	7.0355e-01	7.8965e-01	1.000000	0
IL17C	4	7.0357e-01	7.8965e-01	1.000000	0
SPRYD4	4	7.0359e-01	7.8965e-01	1.000000	0
BRD3	4	7.0361e-01	7.8965e-01	1.000000	0
CPVL	4	7.0367e-01	7.8965e-01	1.000000	0
FRG2B	4	7.0370e-01	7.8965e-01	1.000000	0
CASD1	4	7.0378e-01	7.8965e-01	1.000000	0
NECAP1	4	7.0380e-01	7.8965e-01	1.000000	0
ANKAR	4	7.0382e-01	7.8965e-01	1.000000	0
FAM177A1	4	7.0386e-01	7.8965e-01	1.000000	0
HNMT	4	7.0390e-01	7.8965e-01	1.000000	0
DHRS4	4	7.0399e-01	7.8965e-01	1.000000	0
UGT1A6	4	7.0401e-01	7.8965e-01	1.000000	0
SIGLEC10	4	7.0403e-01	7.8965e-01	1.000000	0
ATXN1L	4	7.0407e-01	7.8965e-01	1.000000	0
TARBP2	4	7.0413e-01	7.8965e-01	1.000000	0
MYH3	4	7.0421e-01	7.8965e-01	1.000000	0
NAB1	4	7.0430e-01	7.9214e-01	1.000000	0
DPP10	4	7.0438e-01	7.9214e-01	1.000000	0
KCNQ5	4	7.0448e-01	7.9214e-01	1.000000	0
ACYP2	4	7.0457e-01	7.9214e-01	1.000000	0
BOLA1	4	7.0459e-01	7.9214e-01	1.000000	0
FKBP15	4	7.0467e-01	7.9214e-01	1.000000	0
C2CD2L	4	7.0473e-01	7.9214e-01	1.000000	0
OR5B3	4	7.0479e-01	7.9214e-01	1.000000	0
IL1F10	3	7.0483e-01	8.4767e-01	1.000000	0
SPACA5	4	7.0484e-01	7.9214e-01	1.000000	0
FSCN1	4	7.0488e-01	7.9214e-01	1.000000	0
ADAR	4	7.0490e-01	7.9214e-01	1.000000	0
ADAMTS10	4	7.0492e-01	7.9214e-01	1.000000	0
MFSD10	4	7.0494e-01	7.9214e-01	1.000000	0
MARCHF10	4	7.0496e-01	7.9214e-01	1.000000	0
AKAP11	4	7.0502e-01	7.9214e-01	1.000000	0
TXNDC16	4	7.0506e-01	7.9214e-01	1.000000	0
SCGB2B2	4	7.0513e-01	7.9214e-01	1.000000	0
ZNF281	4	7.0515e-01	7.9214e-01	1.000000	0
KMT2C	4	7.0517e-01	7.9214e-01	1.000000	0
WDR88	4	7.0523e-01	7.9214e-01	1.000000	0
UNC5A	4	7.0525e-01	7.9214e-01	1.000000	0
CHRDL2	4	7.0539e-01	7.9338e-01	1.000000	0
HOXB13	4	7.0550e-01	7.9338e-01	1.000000	0
ZNF474	4	7.0552e-01	7.9338e-01	1.000000	0
DHRS13	4	7.0556e-01	7.9338e-01	1.000000	0
TOMM34	4	7.0560e-01	7.9338e-01	1.000000	0
MOB3B	4	7.0562e-01	7.9338e-01	1.000000	0
C12orf43	4	7.0571e-01	7.9338e-01	1.000000	0
SSR3	4	7.0577e-01	7.9338e-01	1.000000	0
NOL3	4	7.0587e-01	7.9338e-01	1.000000	0
PKDREJ	4	7.0589e-01	7.9338e-01	1.000000	0
IDH2	4	7.0596e-01	7.9338e-01	1.000000	0
TOB1	4	7.0599e-01	7.9338e-01	1.000000	0
MYCBP2	4	7.0605e-01	7.9338e-01	1.000000	0
KLHL34	4	7.0605e-01	7.9338e-01	1.000000	0
ERLIN2	4	7.0612e-01	7.9338e-01	1.000000	0
GPR17	4	7.0616e-01	7.9338e-01	1.000000	0
RNF183	4	7.0620e-01	7.9338e-01	1.000000	0
CAND2	4	7.0624e-01	7.9338e-01	1.000000	0
CDON	4	7.0628e-01	7.9338e-01	1.000000	0
ASPRV1	4	7.0637e-01	7.9338e-01	1.000000	0
FRMPD3	4	7.0641e-01	7.9338e-01	1.000000	0
LMO3	4	7.0649e-01	7.9338e-01	1.000000	0
PDIA6	4	7.0657e-01	7.9338e-01	1.000000	0
CFAP99	4	7.0659e-01	7.9338e-01	1.000000	0
CH25H	4	7.0670e-01	7.9338e-01	1.000000	0
ZG16B	4	7.0676e-01	7.9338e-01	1.000000	0
OR2F1	4	7.0678e-01	7.9338e-01	1.000000	0
CHMP1A	4	7.0694e-01	7.9338e-01	1.000000	0
FOXL2	4	7.0696e-01	7.9338e-01	1.000000	0
C12orf4	4	7.0705e-01	7.9338e-01	1.000000	0
HSF2BP	4	7.0709e-01	7.9338e-01	1.000000	0
LMBRD2	4	7.0713e-01	7.9338e-01	1.000000	0
NAGS	4	7.0717e-01	7.9338e-01	1.000000	0
FRZB	4	7.0725e-01	7.9338e-01	1.000000	0
GJC2	4	7.0735e-01	7.9338e-01	1.000000	0
PKHD1L1	4	7.0744e-01	7.9338e-01	1.000000	0
MNS1	4	7.0750e-01	7.9338e-01	1.000000	0
KPTN	4	7.0752e-01	7.9338e-01	1.000000	0
C9orf40	4	7.0758e-01	7.9338e-01	1.000000	0
LRRFIP2	4	7.0760e-01	7.9338e-01	1.000000	0
MPHOSPH8	4	7.0770e-01	7.9338e-01	1.000000	0
NOTUM	4	7.0773e-01	7.9338e-01	1.000000	0
ZNF160	4	7.0777e-01	7.9338e-01	1.000000	0
C9orf142	4	7.0793e-01	7.9338e-01	1.000000	0
RHBDD1	4	7.0795e-01	7.9338e-01	1.000000	0
SAMD10	4	7.0799e-01	7.9338e-01	1.000000	0
AGPS	4	7.0801e-01	7.9338e-01	1.000000	0
TMEM189	4	7.0807e-01	7.9338e-01	1.000000	0
ARHGAP22	4	7.0810e-01	7.9338e-01	1.000000	0
SIRT1	4	7.0816e-01	7.9338e-01	1.000000	0
SYT14	4	7.0818e-01	7.9338e-01	1.000000	0
TMEM243	4	7.0826e-01	7.9338e-01	1.000000	0
FAM24B	4	7.0828e-01	7.9338e-01	1.000000	0
ATF6B	4	7.0840e-01	7.9338e-01	1.000000	0
ATG16L2	4	7.0842e-01	7.9338e-01	1.000000	0
PCDHAC1	4	7.0853e-01	7.9338e-01	1.000000	0
ACKR3	4	7.0857e-01	7.9338e-01	1.000000	0
GFRA2	4	7.0875e-01	7.9338e-01	1.000000	0
SMIM22	4	7.0877e-01	7.9338e-01	1.000000	0
GINS3	4	7.0881e-01	7.9338e-01	1.000000	0
SPRR2A	4	7.0883e-01	7.9338e-01	1.000000	0
CEACAM3	4	7.0892e-01	7.9338e-01	1.000000	0
MPL	4	7.0896e-01	7.9465e-01	1.000000	0
SDK1	4	7.0909e-01	7.9465e-01	1.000000	0
SULT4A1	4	7.0916e-01	7.9465e-01	1.000000	0
CD248	4	7.0918e-01	7.9465e-01	1.000000	0
SSNA1	4	7.0924e-01	7.9465e-01	1.000000	0
ISX	4	7.0926e-01	7.9465e-01	1.000000	0
MTNR1B	4	7.0928e-01	7.9465e-01	1.000000	0
MELK	4	7.0953e-01	7.9708e-01	1.000000	0
TMED9	4	7.0959e-01	7.9708e-01	1.000000	0
GRM8	4	7.0962e-01	7.9708e-01	1.000000	0
MED12L	4	7.0969e-01	7.9708e-01	1.000000	0
KLHL2	4	7.0978e-01	7.9708e-01	1.000000	0
RING1	4	7.0984e-01	7.9708e-01	1.000000	0
MACROD1	4	7.0986e-01	7.9708e-01	1.000000	0
RPUSD3	4	7.0988e-01	7.9708e-01	1.000000	0
RAB5B	4	7.0990e-01	7.9708e-01	1.000000	0
OR4C15	4	7.0996e-01	7.9830e-01	1.000000	0
RCHY1	4	7.1004e-01	7.9830e-01	1.000000	0
SCNN1D	4	7.1006e-01	7.9830e-01	1.000000	0
IL5RA	4	7.1010e-01	7.9951e-01	1.000000	0
SLC39A13	4	7.1014e-01	7.9951e-01	1.000000	0
RDH10	4	7.1021e-01	7.9951e-01	1.000000	0
RFX1	4	7.1029e-01	7.9951e-01	1.000000	0
ABCB10	4	7.1033e-01	7.9951e-01	1.000000	0
NANOS2	4	7.1039e-01	7.9951e-01	1.000000	0
CC2D2A	4	7.1041e-01	7.9951e-01	1.000000	0
SLC32A1	4	7.1053e-01	7.9951e-01	1.000000	0
MST1	4	7.1061e-01	7.9951e-01	1.000000	0
CPXM2	4	7.1067e-01	7.9951e-01	1.000000	0
TP53TG3	4	7.1070e-01	7.9951e-01	1.000000	0
NUSAP1	4	7.1086e-01	8.0075e-01	1.000000	0
LIX1L	4	7.1098e-01	8.0075e-01	1.000000	0
WDR64	4	7.1102e-01	8.0075e-01	1.000000	0
ACAA2	4	7.1110e-01	8.0075e-01	1.000000	0
PXDNL	4	7.1123e-01	8.0195e-01	1.000000	0
UPF2	4	7.1127e-01	8.0195e-01	1.000000	0
HLA-E	4	7.1139e-01	8.0195e-01	1.000000	0
SLC25A3	4	7.1141e-01	8.0195e-01	1.000000	0
TAS2R7	4	7.1157e-01	8.0195e-01	1.000000	0
PDE3B	4	7.1165e-01	8.0195e-01	1.000000	0
C7orf31	4	7.1169e-01	8.0195e-01	1.000000	0
TCP10	4	7.1182e-01	8.0195e-01	1.000000	0
SMIM8	4	7.1184e-01	8.0195e-01	1.000000	0
LILRA6	4	7.1188e-01	8.0195e-01	1.000000	0
ZMYM3	4	7.1190e-01	8.0195e-01	1.000000	0
BMF	4	7.1194e-01	8.0195e-01	1.000000	0
SIDT2	4	7.1198e-01	8.0195e-01	1.000000	0
TFPI2	4	7.1200e-01	8.0195e-01	1.000000	0
STAMBP	4	7.1204e-01	8.0195e-01	1.000000	0
CLDN16	4	7.1206e-01	8.0195e-01	1.000000	0
LONRF3	4	7.1222e-01	8.0195e-01	1.000000	0
TTC19	4	7.1224e-01	8.0195e-01	1.000000	0
TDRD1	4	7.1230e-01	8.0195e-01	1.000000	0
HCN4	4	7.1232e-01	8.0195e-01	1.000000	0
LOC100130705	4	7.1241e-01	8.0316e-01	1.000000	0
VPS11	4	7.1243e-01	8.0316e-01	1.000000	0
IRGC	4	7.1259e-01	8.0316e-01	1.000000	0
UAP1	4	7.1265e-01	8.0316e-01	1.000000	0
SDSL	4	7.1267e-01	8.0316e-01	1.000000	0
MT1F	4	7.1279e-01	8.0316e-01	1.000000	0
CCDC74B	4	7.1285e-01	8.0316e-01	1.000000	0
POLR3GL	4	7.1287e-01	8.0316e-01	1.000000	0
OR2T1	4	7.1291e-01	8.0316e-01	1.000000	0
EYA2	4	7.1298e-01	8.0316e-01	1.000000	0
ARHGAP33	4	7.1301e-01	8.0316e-01	1.000000	0
CUL1	4	7.1303e-01	8.0316e-01	1.000000	0
SH3BGRL	4	7.1324e-01	8.0316e-01	1.000000	0
KIAA1211	4	7.1326e-01	8.0316e-01	1.000000	0
OR2J2	4	7.1330e-01	8.0316e-01	1.000000	0
TGS1	4	7.1340e-01	8.0316e-01	1.000000	0
OR5B17	4	7.1342e-01	8.0316e-01	1.000000	0
R3HDM4	4	7.1344e-01	8.0316e-01	1.000000	0
DTX3L	4	7.1348e-01	8.0316e-01	1.000000	0
OTUD6B	4	7.1350e-01	8.0316e-01	1.000000	0
FAM73B	4	7.1356e-01	8.0316e-01	1.000000	0
AQP8	4	7.1360e-01	8.0316e-01	1.000000	0
ABCA3	4	7.1362e-01	8.0316e-01	1.000000	0
SLC5A6	4	7.1372e-01	8.0316e-01	1.000000	0
FBXO48	4	7.1376e-01	8.0316e-01	1.000000	0
SPATA31C2	4	7.1384e-01	8.0316e-01	1.000000	0
SLC19A3	4	7.1389e-01	8.0316e-01	1.000000	0
ZNF274	4	7.1393e-01	8.0316e-01	1.000000	0
C8orf34	4	7.1395e-01	8.0316e-01	1.000000	0
JAZF1	4	7.1397e-01	8.0316e-01	1.000000	0
PER2	4	7.1403e-01	8.0316e-01	1.000000	0
ATP6V1E2	4	7.1405e-01	8.0316e-01	1.000000	0
ACOT9	4	7.1407e-01	8.0316e-01	1.000000	0
MAGI3	4	7.1415e-01	8.0434e-01	1.000000	0
APOA4	4	7.1421e-01	8.0434e-01	1.000000	0
HAT1	4	7.1423e-01	8.0435e-01	1.000000	0
GRID2IP	4	7.1425e-01	8.0435e-01	1.000000	0
QKI	4	7.1449e-01	8.0551e-01	1.000000	0
GFM2	4	7.1457e-01	8.0551e-01	1.000000	0
POLQ	4	7.1459e-01	8.0551e-01	1.000000	0
XBP1	4	7.1465e-01	8.0551e-01	1.000000	0
FAM124A	4	7.1467e-01	8.0551e-01	1.000000	0
ART1	4	7.1473e-01	8.0551e-01	1.000000	0
COL25A1	4	7.1475e-01	8.0551e-01	1.000000	0
SLC6A13	4	7.1486e-01	8.0551e-01	1.000000	0
MGST1	4	7.1490e-01	8.0551e-01	1.000000	0
PTTG2	4	7.1493e-01	8.0551e-01	1.000000	0
COL6A6	4	7.1504e-01	8.0551e-01	1.000000	0
TLE3	4	7.1512e-01	8.0672e-01	1.000000	0
CEACAM21	4	7.1516e-01	8.0672e-01	1.000000	0
HIGD1C	4	7.1518e-01	8.0672e-01	1.000000	0
TCP10L2	4	7.1522e-01	8.0672e-01	1.000000	0
ZC3HC1	4	7.1524e-01	8.0672e-01	1.000000	0
XAGE1E	4	7.1532e-01	8.0672e-01	1.000000	0
LOC554223	4	7.1550e-01	8.0672e-01	1.000000	0
OASL	4	7.1556e-01	8.0672e-01	1.000000	0
SLTM	4	7.1564e-01	8.0672e-01	1.000000	0
ADSS	4	7.1568e-01	8.0672e-01	1.000000	0
FOSL1	4	7.1578e-01	8.0672e-01	1.000000	0
SCX	4	7.1582e-01	8.0672e-01	1.000000	0
SLC52A3	4	7.1584e-01	8.0672e-01	1.000000	0
TRIM27	4	7.1588e-01	8.0672e-01	1.000000	0
BAG5	4	7.1594e-01	8.0672e-01	1.000000	0
MPRIP	4	7.1604e-01	8.0672e-01	1.000000	0
HEATR3	4	7.1606e-01	8.0672e-01	1.000000	0
GPR27	4	7.1614e-01	8.0672e-01	1.000000	0
BNIPL	4	7.1621e-01	8.0672e-01	1.000000	0
RNF170	4	7.1625e-01	8.0672e-01	1.000000	0
C2orf68	4	7.1631e-01	8.0672e-01	1.000000	0
VWA5B2	4	7.1633e-01	8.0672e-01	1.000000	0
RAB5A	4	7.1637e-01	8.0672e-01	1.000000	0
TXNRD2	4	7.1639e-01	8.0672e-01	1.000000	0
KCNB1	4	7.1643e-01	8.0672e-01	1.000000	0
PCDH11X	4	7.1648e-01	8.0672e-01	1.000000	0
PCTP	4	7.1653e-01	8.0672e-01	1.000000	0
KCNJ18	4	7.1661e-01	8.0672e-01	1.000000	0
PCK1	4	7.1667e-01	8.0672e-01	1.000000	0
TMPRSS4	4	7.1669e-01	8.0672e-01	1.000000	0
C15orf53	4	7.1679e-01	8.0672e-01	1.000000	0
FN3KRP	4	7.1681e-01	8.0672e-01	1.000000	0
HRASLS5	4	7.1683e-01	8.0672e-01	1.000000	0
GOLGA6L2	4	7.1691e-01	8.0672e-01	1.000000	0
PDCD1	4	7.1693e-01	8.0672e-01	1.000000	0
GSAP	4	7.1699e-01	8.0672e-01	1.000000	0
GGNBP2	4	7.1705e-01	8.0672e-01	1.000000	0
ZMAT3	4	7.1712e-01	8.0672e-01	1.000000	0
TNRC6C	4	7.1715e-01	8.0672e-01	1.000000	0
COG6	4	7.1717e-01	8.0672e-01	1.000000	0
PEBP4	4	7.1719e-01	8.0672e-01	1.000000	0
PCOLCE2	4	7.1721e-01	8.0672e-01	1.000000	0
GAB4	4	7.1731e-01	8.0672e-01	1.000000	0
ATG4A	4	7.1737e-01	8.0790e-01	1.000000	0
PI4KA	4	7.1747e-01	8.0907e-01	1.000000	0
CARNS1	4	7.1751e-01	8.0907e-01	1.000000	0
IL1B	4	7.1753e-01	8.0907e-01	1.000000	0
TG	4	7.1755e-01	8.0907e-01	1.000000	0
NRTN	4	7.1757e-01	8.0907e-01	1.000000	0
TCTEX1D4	4	7.1767e-01	8.0907e-01	1.000000	0
TFEB	4	7.1777e-01	8.0907e-01	1.000000	0
SLX1A	4	7.1781e-01	8.0907e-01	1.000000	0
DIABLO	4	7.1785e-01	8.1026e-01	1.000000	0
TGFBR3L	4	7.1805e-01	8.1142e-01	1.000000	0
WFDC12	4	7.1809e-01	8.1142e-01	1.000000	0
SERP1	4	7.1813e-01	8.1142e-01	1.000000	0
PLXNB2	4	7.1825e-01	8.1142e-01	1.000000	0
DOCK4	4	7.1839e-01	8.1142e-01	1.000000	0
LRRN2	4	7.1843e-01	8.1142e-01	1.000000	0
GJA3	4	7.1845e-01	8.1142e-01	1.000000	0
ALDH1A2	4	7.1849e-01	8.1258e-01	1.000000	0
CXCL11	4	7.1851e-01	8.1258e-01	1.000000	0
NQO1	4	7.1855e-01	8.1258e-01	1.000000	0
IQCF6	4	7.1867e-01	8.1258e-01	1.000000	0
CYP2C19	4	7.1871e-01	8.1258e-01	1.000000	0
SPATA32	4	7.1875e-01	8.1258e-01	1.000000	0
IQCD	4	7.1887e-01	8.1258e-01	1.000000	0
VSTM2L	4	7.1891e-01	8.1258e-01	1.000000	0
C11orf70	4	7.1897e-01	8.1258e-01	1.000000	0
ALPI	4	7.1911e-01	8.1372e-01	1.000000	0
FAM81A	4	7.1917e-01	8.1372e-01	1.000000	0
SAMD7	4	7.1919e-01	8.1372e-01	1.000000	0
ERLEC1	4	7.1933e-01	8.1372e-01	1.000000	0
MTIF3	4	7.1938e-01	8.1372e-01	1.000000	0
LOC149373	4	7.1945e-01	8.1372e-01	1.000000	0
SSPO	4	7.1947e-01	8.1372e-01	1.000000	0
TOM1L2	4	7.1957e-01	8.1372e-01	1.000000	0
CNIH1	4	7.1963e-01	8.1372e-01	1.000000	0
STIM1	4	7.1969e-01	8.1372e-01	1.000000	0
TTC23	4	7.1971e-01	8.1372e-01	1.000000	0
SGK3	4	7.1973e-01	8.1372e-01	1.000000	0
GALNT8	4	7.1975e-01	8.1372e-01	1.000000	0
METTL9	4	7.1983e-01	8.1372e-01	1.000000	0
CLU	4	7.1987e-01	8.1372e-01	1.000000	0
B3GALNT1	4	7.1995e-01	8.1372e-01	1.000000	0
VWA8	4	7.1997e-01	8.1372e-01	1.000000	0
SLC39A8	4	7.2001e-01	8.1372e-01	1.000000	0
NUP62CL	4	7.2005e-01	8.1372e-01	1.000000	0
CHAT	4	7.2007e-01	8.1372e-01	1.000000	0
OR5A1	4	7.2009e-01	8.1372e-01	1.000000	0
DPY19L3	4	7.2011e-01	8.1372e-01	1.000000	0
C14orf37	4	7.2017e-01	8.1372e-01	1.000000	0
SNRNP40	4	7.2021e-01	8.1372e-01	1.000000	0
NKX6-2	4	7.2031e-01	8.1372e-01	1.000000	0
OTOP2	4	7.2033e-01	8.1372e-01	1.000000	0
WDR45	4	7.2035e-01	8.1372e-01	1.000000	0
TNNT1	4	7.2037e-01	8.1372e-01	1.000000	0
G3BP1	4	7.2040e-01	8.1372e-01	1.000000	0
GABBR2	4	7.2054e-01	8.1372e-01	1.000000	0
KLF11	4	7.2056e-01	8.1372e-01	1.000000	0
ASCL2	4	7.2061e-01	8.1372e-01	1.000000	0
BMP5	4	7.2064e-01	8.1372e-01	1.000000	0
OR10J3	4	7.2066e-01	8.1372e-01	1.000000	0
CYLD	4	7.2068e-01	8.1372e-01	1.000000	0
LIPM	4	7.2076e-01	8.1482e-01	1.000000	0
CAST	4	7.2080e-01	8.1482e-01	1.000000	0
AP3B2	4	7.2084e-01	8.1482e-01	1.000000	0
DNAJC4	4	7.2094e-01	8.1482e-01	1.000000	0
LOC388780	4	7.2098e-01	8.1482e-01	1.000000	0
AKAP7	4	7.2108e-01	8.1482e-01	1.000000	0
SIX3	4	7.2120e-01	8.1482e-01	1.000000	0
MYO1F	4	7.2138e-01	8.1482e-01	1.000000	0
SLC9A9	4	7.2150e-01	8.1482e-01	1.000000	0
SATL1	4	7.2162e-01	8.1482e-01	1.000000	0
CCT6B	4	7.2175e-01	8.1482e-01	1.000000	0
IAH1	4	7.2177e-01	8.1482e-01	1.000000	0
C16orf13	4	7.2185e-01	8.1482e-01	1.000000	0
SRPK1	4	7.2187e-01	8.1482e-01	1.000000	0
PRRC2C	4	7.2189e-01	8.1482e-01	1.000000	0
ANKRD27	4	7.2195e-01	8.1482e-01	1.000000	0
C17orf105	4	7.2205e-01	8.1482e-01	1.000000	0
HMGN5	4	7.2207e-01	8.1482e-01	1.000000	0
SLC30A2	4	7.2219e-01	8.1482e-01	1.000000	0
MSRB3	4	7.2221e-01	8.1482e-01	1.000000	0
OR10X1	4	7.2223e-01	8.1482e-01	1.000000	0
HMGCL	4	7.2225e-01	8.1482e-01	1.000000	0
EIF3H	4	7.2229e-01	8.1482e-01	1.000000	0
UBE3A	4	7.2231e-01	8.1482e-01	1.000000	0
CFC1B	4	7.2239e-01	8.1482e-01	1.000000	0
CNTLN	4	7.2243e-01	8.1482e-01	1.000000	0
THEMIS	4	7.2253e-01	8.1482e-01	1.000000	0
PPP5C	4	7.2255e-01	8.1482e-01	1.000000	0
PALMD	4	7.2257e-01	8.1482e-01	1.000000	0
ACIN1	4	7.2269e-01	8.1482e-01	1.000000	0
VAMP3	4	7.2270e-01	8.1482e-01	1.000000	0
GPRIN2	4	7.2284e-01	8.1482e-01	1.000000	0
SLC25A39	4	7.2300e-01	8.1595e-01	1.000000	0
TRIM55	4	7.2312e-01	8.1595e-01	1.000000	0
CEACAM19	4	7.2314e-01	8.1595e-01	1.000000	0
DTX1	4	7.2324e-01	8.1595e-01	1.000000	0
COL28A1	4	7.2326e-01	8.1595e-01	1.000000	0
PVRL2	4	7.2328e-01	8.1595e-01	1.000000	0
DNAJC24	4	7.2334e-01	8.1595e-01	1.000000	0
FUT2	4	7.2336e-01	8.1595e-01	1.000000	0
IKBIP	4	7.2340e-01	8.1595e-01	1.000000	0
PRAMEF11	4	7.2346e-01	8.1595e-01	1.000000	0
CHI3L2	4	7.2347e-01	8.1595e-01	1.000000	0
ABHD3	4	7.2353e-01	8.1595e-01	1.000000	0
TMEM168	4	7.2369e-01	8.1595e-01	1.000000	0
MLXIPL	4	7.2371e-01	8.1595e-01	1.000000	0
GMPR2	4	7.2373e-01	8.1595e-01	1.000000	0
PLCXD3	4	7.2381e-01	8.1595e-01	1.000000	0
SLC41A1	4	7.2391e-01	8.1595e-01	1.000000	0
NANS	4	7.2393e-01	8.1595e-01	1.000000	0
GSPT2	4	7.2395e-01	8.1595e-01	1.000000	0
CHD1	4	7.2409e-01	8.1595e-01	1.000000	0
MRPS35	4	7.2420e-01	8.1595e-01	1.000000	0
WDR6	4	7.2426e-01	8.1595e-01	1.000000	0
VEGFA	4	7.2444e-01	8.1710e-01	1.000000	0
TM4SF18	4	7.2462e-01	8.1710e-01	1.000000	0
MFN1	4	7.2464e-01	8.1710e-01	1.000000	0
ANGEL1	4	7.2466e-01	8.1710e-01	1.000000	0
METTL5	4	7.2475e-01	8.1710e-01	1.000000	0
IFI44L	4	7.2482e-01	8.1710e-01	1.000000	0
S100P	4	7.2485e-01	8.1710e-01	1.000000	0
NRXN2	4	7.2487e-01	8.1710e-01	1.000000	0
OR5M1	4	7.2493e-01	8.1710e-01	1.000000	0
PPP1R15A	4	7.2495e-01	8.1710e-01	1.000000	0
TPTE2	4	7.2497e-01	8.1710e-01	1.000000	0
FAM103A1	4	7.2499e-01	8.1710e-01	1.000000	0
ESX1	4	7.2501e-01	8.1710e-01	1.000000	0
FAM205A	4	7.2503e-01	8.1710e-01	1.000000	0
MAPK12	4	7.2507e-01	8.1710e-01	1.000000	0
FCRL1	4	7.2511e-01	8.1822e-01	1.000000	0
GIN1	4	7.2525e-01	8.2049e-01	1.000000	0
UNC5CL	4	7.2527e-01	8.2049e-01	1.000000	0
MED9	4	7.2532e-01	8.2049e-01	1.000000	0
PGAM2	4	7.2538e-01	8.2049e-01	1.000000	0
KCNJ14	4	7.2540e-01	8.2049e-01	1.000000	0
SLC38A1	4	7.2542e-01	8.2049e-01	1.000000	0
CPA4	4	7.2544e-01	8.2049e-01	1.000000	0
SFXN2	3	7.2545e-01	8.8028e-01	1.000000	0
MIER1	4	7.2552e-01	8.2049e-01	1.000000	0
STAB2	4	7.2554e-01	8.2049e-01	1.000000	0
PCDHA5	4	7.2570e-01	8.2049e-01	1.000000	0
RIIAD1	4	7.2574e-01	8.2049e-01	1.000000	0
POLB	4	7.2576e-01	8.2049e-01	1.000000	0
NSUN3	4	7.2579e-01	8.2049e-01	1.000000	0
CORO1C	4	7.2595e-01	8.2049e-01	1.000000	0
RSF1	4	7.2615e-01	8.2272e-01	1.000000	0
GRK6	4	7.2617e-01	8.2272e-01	1.000000	0
TRMT2A	4	7.2621e-01	8.2272e-01	1.000000	0
CERKL	4	7.2623e-01	8.2272e-01	1.000000	0
CPE	4	7.2625e-01	8.2272e-01	1.000000	0
POLM	4	7.2628e-01	8.2272e-01	1.000000	0
MUM1L1	4	7.2632e-01	8.2272e-01	1.000000	0
KRT83	4	7.2634e-01	8.2272e-01	1.000000	0
SGCE	4	7.2642e-01	8.2272e-01	1.000000	0
ZNF417	4	7.2650e-01	8.2272e-01	1.000000	0
CADM3	4	7.2652e-01	8.2272e-01	1.000000	0
WNK3	4	7.2654e-01	8.2272e-01	1.000000	0
OVGP1	4	7.2664e-01	8.2272e-01	1.000000	0
BAALC	4	7.2667e-01	8.2272e-01	1.000000	0
TXK	4	7.2687e-01	8.2380e-01	1.000000	0
PAQR7	4	7.2695e-01	8.2380e-01	1.000000	0
KIFC3	4	7.2697e-01	8.2380e-01	1.000000	0
SHMT1	3	7.2699e-01	8.8102e-01	1.000000	0
CD151	4	7.2708e-01	8.2433e-01	1.000000	0
CARD17	4	7.2711e-01	8.2487e-01	1.000000	0
SRRD	4	7.2714e-01	8.2487e-01	1.000000	0
NAPRT	4	7.2716e-01	8.2487e-01	1.000000	0
PLIN1	4	7.2724e-01	8.2487e-01	1.000000	0
HES2	4	7.2734e-01	8.2487e-01	1.000000	0
ECEL1	4	7.2741e-01	8.2487e-01	1.000000	0
UQCR11	4	7.2746e-01	8.2487e-01	1.000000	0
DNER	4	7.2748e-01	8.2487e-01	1.000000	0
KDM3A	4	7.2750e-01	8.2487e-01	1.000000	0
MAP3K3	4	7.2761e-01	8.2487e-01	1.000000	0
C1orf158	4	7.2769e-01	8.2487e-01	1.000000	0
UBQLNL	4	7.2771e-01	8.2487e-01	1.000000	0
PFN3	4	7.2777e-01	8.2487e-01	1.000000	0
IL13RA2	4	7.2779e-01	8.2487e-01	1.000000	0
SMCO1	4	7.2787e-01	8.2596e-01	1.000000	0
C19orf81	4	7.2791e-01	8.2596e-01	1.000000	0
NDNF	4	7.2796e-01	8.2596e-01	1.000000	0
YLPM1	4	7.2804e-01	8.2596e-01	1.000000	0
PPIP5K1	4	7.2810e-01	8.2596e-01	1.000000	0
CFAP97	4	7.2812e-01	8.2596e-01	1.000000	0
ANKRD24	4	7.2814e-01	8.2596e-01	1.000000	0
NDUFA11	4	7.2826e-01	8.2596e-01	1.000000	0
EPM2AIP1	4	7.2849e-01	8.2596e-01	1.000000	0
NT5M	4	7.2853e-01	8.2596e-01	1.000000	0
DCLK1	4	7.2855e-01	8.2596e-01	1.000000	0
ZBTB43	4	7.2863e-01	8.2596e-01	1.000000	0
NRBF2	4	7.2868e-01	8.2596e-01	1.000000	0
CCNE1	4	7.2872e-01	8.2596e-01	1.000000	0
CHRM3	4	7.2880e-01	8.2596e-01	1.000000	0
TRIM37	4	7.2886e-01	8.2596e-01	1.000000	0
STK17A	4	7.2890e-01	8.2596e-01	1.000000	0
SMAD3	4	7.2896e-01	8.2596e-01	1.000000	0
SULT1B1	4	7.2905e-01	8.2596e-01	1.000000	0
SLC17A8	4	7.2911e-01	8.2596e-01	1.000000	0
TIFA	4	7.2921e-01	8.2596e-01	1.000000	0
IRF3	4	7.2923e-01	8.2596e-01	1.000000	0
ZMAT1	4	7.2927e-01	8.2596e-01	1.000000	0
ITGB1BP1	4	7.2931e-01	8.2596e-01	1.000000	0
CHCHD6	4	7.2946e-01	8.2596e-01	1.000000	0
FER1L5	4	7.2950e-01	8.2596e-01	1.000000	0
STX16	4	7.2954e-01	8.2596e-01	1.000000	0
WDR46	4	7.2969e-01	8.2596e-01	1.000000	0
PTK7	4	7.2973e-01	8.2596e-01	1.000000	0
JMY	4	7.2975e-01	8.2596e-01	1.000000	0
ZDHHC12	4	7.2987e-01	8.2596e-01	1.000000	0
LEPROT	4	7.2995e-01	8.2596e-01	1.000000	0
SLC30A5	4	7.2997e-01	8.2596e-01	1.000000	0
LRP2	4	7.3010e-01	8.2596e-01	1.000000	0
AKAP14	4	7.3012e-01	8.2596e-01	1.000000	0
SEC24D	4	7.3014e-01	8.2596e-01	1.000000	0
METTL14	4	7.3024e-01	8.2708e-01	1.000000	0
AGPAT2	4	7.3033e-01	8.2708e-01	1.000000	0
MT1X	4	7.3039e-01	8.2708e-01	1.000000	0
SLC16A5	4	7.3043e-01	8.2708e-01	1.000000	0
ZNF169	4	7.3047e-01	8.2708e-01	1.000000	0
LRRTM3	4	7.3055e-01	8.2708e-01	1.000000	0
COX17	4	7.3057e-01	8.2708e-01	1.000000	0
SBSPON	4	7.3058e-01	8.2708e-01	1.000000	0
SENP3	4	7.3068e-01	8.2820e-01	1.000000	0
TMUB1	4	7.3072e-01	8.2820e-01	1.000000	0
ZDHHC20	4	7.3082e-01	8.2820e-01	1.000000	0
NFIB	4	7.3084e-01	8.2820e-01	1.000000	0
CATSPER3	4	7.3086e-01	8.2820e-01	1.000000	0
NCKAP5	4	7.3091e-01	8.2820e-01	1.000000	0
DNAJB2	4	7.3095e-01	8.2820e-01	1.000000	0
RAB11FIP5	4	7.3097e-01	8.2820e-01	1.000000	0
CCDC15	4	7.3101e-01	8.2820e-01	1.000000	0
PARP8	4	7.3109e-01	8.2820e-01	1.000000	0
SERHL2	4	7.3111e-01	8.2820e-01	1.000000	0
OR6N2	4	7.3113e-01	8.2820e-01	1.000000	0
IREB2	4	7.3128e-01	8.2926e-01	1.000000	0
WNT10A	4	7.3132e-01	8.2926e-01	1.000000	0
KRTAP19-3	4	7.3134e-01	8.2926e-01	1.000000	0
MTFMT	4	7.3136e-01	8.2926e-01	1.000000	0
HIST1H4I	4	7.3140e-01	8.3033e-01	1.000000	0
IFI27L1	4	7.3145e-01	8.3033e-01	1.000000	0
SUMO1	4	7.3147e-01	8.3033e-01	1.000000	0
H1FOO	4	7.3153e-01	8.3033e-01	1.000000	0
SSBP3	4	7.3161e-01	8.3140e-01	1.000000	0
EAF2	4	7.3174e-01	8.3140e-01	1.000000	0
HPR	4	7.3182e-01	8.3140e-01	1.000000	0
TTC22	4	7.3188e-01	8.3140e-01	1.000000	0
CHST15	4	7.3191e-01	8.3140e-01	1.000000	0
INSL4	4	7.3194e-01	8.3140e-01	1.000000	0
SLC16A4	4	7.3197e-01	8.3140e-01	1.000000	0
ARMT1	4	7.3205e-01	8.3140e-01	1.000000	0
ZFX	4	7.3209e-01	8.3140e-01	1.000000	0
GLIS1	4	7.3221e-01	8.3140e-01	1.000000	0
CTRB1	4	7.3223e-01	8.3140e-01	1.000000	0
DYRK1B	4	7.3228e-01	8.3140e-01	1.000000	0
WTAP	4	7.3234e-01	8.3140e-01	1.000000	0
DOK5	4	7.3248e-01	8.3140e-01	1.000000	0
MVB12A	4	7.3249e-01	8.3140e-01	1.000000	0
GALK2	4	7.3251e-01	8.3140e-01	1.000000	0
CAPN5	4	7.3253e-01	8.3140e-01	1.000000	0
SIVA1	4	7.3261e-01	8.3140e-01	1.000000	0
ZFR2	4	7.3271e-01	8.3140e-01	1.000000	0
PRB3	4	7.3292e-01	8.3140e-01	1.000000	0
KRTAP2-4	4	7.3299e-01	8.3140e-01	1.000000	0
GAGE10	4	7.3305e-01	8.3140e-01	1.000000	0
GPCPD1	4	7.3309e-01	8.3140e-01	1.000000	0
CRB2	4	7.3315e-01	8.3140e-01	1.000000	0
LUZP1	4	7.3322e-01	8.3140e-01	1.000000	0
OR4E2	4	7.3342e-01	8.3140e-01	1.000000	0
RPL22	4	7.3355e-01	8.3247e-01	1.000000	0
AGTPBP1	4	7.3359e-01	8.3247e-01	1.000000	0
PIM2	4	7.3361e-01	8.3247e-01	1.000000	0
SPA17	4	7.3367e-01	8.3247e-01	1.000000	0
ZNF547	4	7.3369e-01	8.3247e-01	1.000000	0
ZNF524	4	7.3374e-01	8.3247e-01	1.000000	0
GABRB1	4	7.3378e-01	8.3247e-01	1.000000	0
LRRC17	4	7.3380e-01	8.3247e-01	1.000000	0
CLEC4G	4	7.3382e-01	8.3247e-01	1.000000	0
NPR2	4	7.3384e-01	8.3247e-01	1.000000	0
GRIP1	4	7.3393e-01	8.3354e-01	1.000000	0
CTBP1	4	7.3395e-01	8.3354e-01	1.000000	0
FBXO9	4	7.3407e-01	8.3354e-01	1.000000	0
NFE2	4	7.3413e-01	8.3354e-01	1.000000	0
ASCL1	4	7.3420e-01	8.3458e-01	1.000000	0
MCTP2	4	7.3422e-01	8.3458e-01	1.000000	0
THBD	4	7.3424e-01	8.3458e-01	1.000000	0
TMOD2	4	7.3428e-01	8.3458e-01	1.000000	0
HIST1H2BJ	4	7.3432e-01	8.3458e-01	1.000000	0
TOR3A	4	7.3437e-01	8.3458e-01	1.000000	0
RBMY1A1	4	7.3441e-01	8.3458e-01	1.000000	0
TM6SF2	4	7.3468e-01	8.3458e-01	1.000000	0
KIAA1407	4	7.3470e-01	8.3458e-01	1.000000	0
MYOZ2	4	7.3473e-01	8.3458e-01	1.000000	0
TFF1	4	7.3476e-01	8.3458e-01	1.000000	0
XIRP1	4	7.3504e-01	8.3458e-01	1.000000	0
UQCRB	4	7.3508e-01	8.3458e-01	1.000000	0
NTF4	4	7.3512e-01	8.3458e-01	1.000000	0
PIH1D2	4	7.3518e-01	8.3458e-01	1.000000	0
SIRT3	4	7.3520e-01	8.3458e-01	1.000000	0
ZNF225	4	7.3522e-01	8.3458e-01	1.000000	0
CLMN	4	7.3525e-01	8.3458e-01	1.000000	0
CBLN3	4	7.3533e-01	8.3458e-01	1.000000	0
C6orf1	4	7.3537e-01	8.3458e-01	1.000000	0
GGACT	4	7.3539e-01	8.3458e-01	1.000000	0
TTC33	4	7.3545e-01	8.3458e-01	1.000000	0
IFNA17	4	7.3546e-01	8.3458e-01	1.000000	0
FOXK2	4	7.3560e-01	8.3563e-01	1.000000	0
ENPP2	4	7.3564e-01	8.3563e-01	1.000000	0
ALPL	4	7.3571e-01	8.3563e-01	1.000000	0
SPINK5	4	7.3573e-01	8.3563e-01	1.000000	0
FCRL3	4	7.3577e-01	8.3563e-01	1.000000	0
MRPS6	4	7.3581e-01	8.3563e-01	1.000000	0
CNIH2	4	7.3588e-01	8.3563e-01	1.000000	0
ARL6IP5	4	7.3590e-01	8.3563e-01	1.000000	0
GAMT	4	7.3594e-01	8.3563e-01	1.000000	0
HCN3	4	7.3600e-01	8.3563e-01	1.000000	0
PRRG4	4	7.3604e-01	8.3563e-01	1.000000	0
FOXI2	4	7.3606e-01	8.3563e-01	1.000000	0
PRSS45	4	7.3619e-01	8.3563e-01	1.000000	0
RGL3	4	7.3625e-01	8.3563e-01	1.000000	0
RELA	4	7.3628e-01	8.3563e-01	1.000000	0
CLRN3	4	7.3634e-01	8.3563e-01	1.000000	0
PGM2L1	4	7.3638e-01	8.3563e-01	1.000000	0
QPRT	4	7.3649e-01	8.3563e-01	1.000000	0
NVL	4	7.3653e-01	8.3563e-01	1.000000	0
TTC5	4	7.3666e-01	8.3563e-01	1.000000	0
SNAPC3	4	7.3675e-01	8.3563e-01	1.000000	0
ZC3H11A	4	7.3678e-01	8.3563e-01	1.000000	0
CLSTN3	4	7.3682e-01	8.3563e-01	1.000000	0
PRELP	4	7.3684e-01	8.3563e-01	1.000000	0
C2CD3	4	7.3685e-01	8.3563e-01	1.000000	0
SEPTIN9	4	7.3701e-01	8.3563e-01	1.000000	0
FBXW9	4	7.3704e-01	8.3563e-01	1.000000	0
DTWD2	4	7.3720e-01	8.3665e-01	1.000000	0
SETD2	4	7.3722e-01	8.3665e-01	1.000000	0
CHCHD1	4	7.3727e-01	8.3665e-01	1.000000	0
C12orf73	4	7.3729e-01	8.3665e-01	1.000000	0
CHCHD7	4	7.3744e-01	8.3665e-01	1.000000	0
ESRRA	4	7.3748e-01	8.3665e-01	1.000000	0
VEZF1	4	7.3750e-01	8.3665e-01	1.000000	0
GABRA1	4	7.3752e-01	8.3665e-01	1.000000	0
GLRX2	4	7.3754e-01	8.3665e-01	1.000000	0
TGFBR1	4	7.3761e-01	8.3665e-01	1.000000	0
OR52B4	4	7.3775e-01	8.3767e-01	1.000000	0
LILRA1	4	7.3778e-01	8.3767e-01	1.000000	0
RGS6	4	7.3780e-01	8.3767e-01	1.000000	0
ANKFY1	4	7.3782e-01	8.3767e-01	1.000000	0
RASGEF1C	4	7.3784e-01	8.3767e-01	1.000000	0
SLCO3A1	4	7.3786e-01	8.3767e-01	1.000000	0
LCT	4	7.3788e-01	8.3767e-01	1.000000	0
RSPH10B	4	7.3803e-01	8.3767e-01	1.000000	0
MMP26	4	7.3805e-01	8.3767e-01	1.000000	0
WTH3DI	4	7.3811e-01	8.3767e-01	1.000000	0
RASA2	4	7.3822e-01	8.3767e-01	1.000000	0
HLA-C	4	7.3828e-01	8.3767e-01	1.000000	0
CCDC64B	4	7.3835e-01	8.3767e-01	1.000000	0
KRT36	4	7.3839e-01	8.3767e-01	1.000000	0
PLBD2	4	7.3841e-01	8.3767e-01	1.000000	0
DCAF11	4	7.3843e-01	8.3767e-01	1.000000	0
SOBP	4	7.3858e-01	8.3876e-01	1.000000	0
PRR23D1	4	7.3864e-01	8.3876e-01	1.000000	0
MRPL15	4	7.3865e-01	8.3876e-01	1.000000	0
PIN1	4	7.3872e-01	8.3876e-01	1.000000	0
PDK4	4	7.3872e-01	8.3876e-01	1.000000	0
NEURL1B	4	7.3877e-01	8.3876e-01	1.000000	0
WDR54	4	7.3881e-01	8.3876e-01	1.000000	0
TSPEAR	4	7.3882e-01	8.3876e-01	1.000000	0
C4orf29	4	7.3884e-01	8.3876e-01	1.000000	0
SLITRK4	4	7.3888e-01	8.3876e-01	1.000000	0
ZNF799	4	7.3890e-01	8.3876e-01	1.000000	0
PPP3CC	4	7.3892e-01	8.3876e-01	1.000000	0
LDOC1	4	7.3901e-01	8.3978e-01	1.000000	0
TEDDM1	4	7.3911e-01	8.3978e-01	1.000000	0
CHRNG	4	7.3918e-01	8.3978e-01	1.000000	0
PTBP1	4	7.3922e-01	8.4079e-01	1.000000	0
B3GNTL1	4	7.3928e-01	8.4079e-01	1.000000	0
IRX5	4	7.3930e-01	8.4079e-01	1.000000	0
SMIM24	4	7.3935e-01	8.4079e-01	1.000000	0
ZNF440	4	7.3945e-01	8.4079e-01	1.000000	0
FRG2	4	7.3950e-01	8.4079e-01	1.000000	0
ECE1	4	7.3964e-01	8.4177e-01	1.000000	0
NUDT8	4	7.3966e-01	8.4177e-01	1.000000	0
IGSF5	4	7.3969e-01	8.4177e-01	1.000000	0
VAMP8	4	7.3971e-01	8.4177e-01	1.000000	0
DYNC2LI1	4	7.3975e-01	8.4177e-01	1.000000	0
CENPH	4	7.3983e-01	8.4177e-01	1.000000	0
OR52B2	4	7.3988e-01	8.4177e-01	1.000000	0
ZRSR2	4	7.4005e-01	8.4177e-01	1.000000	0
SYT6	4	7.4007e-01	8.4177e-01	1.000000	0
CAPS2	4	7.4009e-01	8.4177e-01	1.000000	0
BZRAP1	4	7.4013e-01	8.4177e-01	1.000000	0
TRAM1	4	7.4017e-01	8.4177e-01	1.000000	0
OAF	4	7.4024e-01	8.4177e-01	1.000000	0
PTGES2	4	7.4035e-01	8.4177e-01	1.000000	0
SAFB	4	7.4037e-01	8.4177e-01	1.000000	0
BID	4	7.4041e-01	8.4177e-01	1.000000	0
PTX4	4	7.4050e-01	8.4177e-01	1.000000	0
GNAO1	4	7.4056e-01	8.4177e-01	1.000000	0
PRR34	4	7.4063e-01	8.4177e-01	1.000000	0
ALDH3B1	4	7.4069e-01	8.4177e-01	1.000000	0
ASIC4	4	7.4073e-01	8.4177e-01	1.000000	0
ARL14	4	7.4078e-01	8.4177e-01	1.000000	0
RAB3IP	4	7.4080e-01	8.4177e-01	1.000000	0
ESPNL	4	7.4082e-01	8.4177e-01	1.000000	0
NLRX1	4	7.4088e-01	8.4177e-01	1.000000	0
ASB14	4	7.4090e-01	8.4177e-01	1.000000	0
ATP5C1	4	7.4093e-01	8.4177e-01	1.000000	0
ASH1L	4	7.4095e-01	8.4177e-01	1.000000	0
ERCC2	4	7.4103e-01	8.4276e-01	1.000000	0
MGC50722	4	7.4105e-01	8.4276e-01	1.000000	0
ZNF287	4	7.4110e-01	8.4276e-01	1.000000	0
SEZ6	4	7.4112e-01	8.4276e-01	1.000000	0
FCRL6	4	7.4116e-01	8.4276e-01	1.000000	0
PPP1R1C	4	7.4135e-01	8.4276e-01	1.000000	0
CLIC4	4	7.4137e-01	8.4276e-01	1.000000	0
STOX1	4	7.4139e-01	8.4276e-01	1.000000	0
ADAMTS9	4	7.4140e-01	8.4276e-01	1.000000	0
FAH	4	7.4142e-01	8.4276e-01	1.000000	0
CLEC17A	4	7.4144e-01	8.4276e-01	1.000000	0
ADAM11	4	7.4148e-01	8.4276e-01	1.000000	0
MKL1	4	7.4154e-01	8.4380e-01	1.000000	0
DMRT3	4	7.4157e-01	8.4380e-01	1.000000	0
LRRN1	4	7.4159e-01	8.4380e-01	1.000000	0
CTXN3	4	7.4165e-01	8.4380e-01	1.000000	0
TAS2R20	4	7.4169e-01	8.4380e-01	1.000000	0
PNLIPRP3	4	7.4187e-01	8.4480e-01	1.000000	0
LDLRAD4	4	7.4197e-01	8.4480e-01	1.000000	0
ABCA9	4	7.4199e-01	8.4481e-01	1.000000	0
MUC7	4	7.4208e-01	8.4481e-01	1.000000	0
GAS2L3	4	7.4215e-01	8.4576e-01	1.000000	0
DAB2	4	7.4217e-01	8.4576e-01	1.000000	0
TEX38	4	7.4221e-01	8.4675e-01	1.000000	0
INPP5J	4	7.4225e-01	8.4675e-01	1.000000	0
WASF1	4	7.4228e-01	8.4675e-01	1.000000	0
ZNF576	4	7.4230e-01	8.4675e-01	1.000000	0
STX8	4	7.4234e-01	8.4675e-01	1.000000	0
CKMT1B	4	7.4243e-01	8.4675e-01	1.000000	0
SLC35D2	4	7.4246e-01	8.4675e-01	1.000000	0
ISLR2	4	7.4249e-01	8.4675e-01	1.000000	0
OR52R1	4	7.4253e-01	8.4675e-01	1.000000	0
OR1E2	4	7.4257e-01	8.4675e-01	1.000000	0
SUPT3H	4	7.4262e-01	8.4675e-01	1.000000	0
DYNAP	4	7.4268e-01	8.4770e-01	1.000000	0
ADRB2	4	7.4271e-01	8.4770e-01	1.000000	0
RBM20	4	7.4288e-01	8.4868e-01	1.000000	0
DHRS2	4	7.4290e-01	8.4868e-01	1.000000	0
MTRNR2L3	4	7.4292e-01	8.4868e-01	1.000000	0
AIM1	4	7.4294e-01	8.4868e-01	1.000000	0
KLF14	4	7.4309e-01	8.4868e-01	1.000000	0
CLDND1	4	7.4311e-01	8.4868e-01	1.000000	0
ADCY2	4	7.4318e-01	8.4868e-01	1.000000	0
YBX3	4	7.4322e-01	8.4868e-01	1.000000	0
CXorf36	4	7.4329e-01	8.4868e-01	1.000000	0
PHF21A	4	7.4339e-01	8.4868e-01	1.000000	0
ZSCAN10	4	7.4341e-01	8.4868e-01	1.000000	0
OR2D2	4	7.4344e-01	8.4868e-01	1.000000	0
FXYD2	4	7.4352e-01	8.4868e-01	1.000000	0
TSKU	4	7.4354e-01	8.4868e-01	1.000000	0
BTBD10	4	7.4376e-01	8.4869e-01	1.000000	0
PRSS35	4	7.4378e-01	8.4869e-01	1.000000	0
R3HDM1	4	7.4382e-01	8.4869e-01	1.000000	0
SPATA9	4	7.4387e-01	8.4869e-01	1.000000	0
UGT2A2	4	7.4391e-01	8.4869e-01	1.000000	0
STC2	4	7.4396e-01	8.4869e-01	1.000000	0
GRTP1	4	7.4398e-01	8.4869e-01	1.000000	0
ERMN	4	7.4400e-01	8.4869e-01	1.000000	0
MGMT	4	7.4404e-01	8.4869e-01	1.000000	0
SOSTDC1	4	7.4406e-01	8.4869e-01	1.000000	0
GIMAP2	4	7.4408e-01	8.4869e-01	1.000000	0
SPSB4	4	7.4410e-01	8.4869e-01	1.000000	0
PCP4L1	4	7.4424e-01	8.4869e-01	1.000000	0
RUFY2	4	7.4436e-01	8.4965e-01	1.000000	0
FLNB	4	7.4447e-01	8.5059e-01	1.000000	0
FUK	4	7.4465e-01	8.5150e-01	1.000000	0
ARMCX3	4	7.4467e-01	8.5150e-01	1.000000	0
ZNF679	4	7.4488e-01	8.5150e-01	1.000000	0
LONP2	4	7.4489e-01	8.5150e-01	1.000000	0
DGAT1	4	7.4493e-01	8.5150e-01	1.000000	0
LYNX1	4	7.4504e-01	8.5150e-01	1.000000	0
OR51D1	4	7.4515e-01	8.5247e-01	1.000000	0
LYZL6	4	7.4519e-01	8.5345e-01	1.000000	0
BTBD8	4	7.4523e-01	8.5345e-01	1.000000	0
PTCD2	4	7.4532e-01	8.5345e-01	1.000000	0
FAM184A	4	7.4534e-01	8.5345e-01	1.000000	0
DNAAF5	4	7.4541e-01	8.5345e-01	1.000000	0
SLC35G2	4	7.4562e-01	8.5345e-01	1.000000	0
AHNAK2	4	7.4567e-01	8.5345e-01	1.000000	0
HESX1	4	7.4571e-01	8.5345e-01	1.000000	0
C7orf72	4	7.4584e-01	8.5345e-01	1.000000	0
KIAA1522	4	7.4590e-01	8.5345e-01	1.000000	0
FAM13C	4	7.4593e-01	8.5345e-01	1.000000	0
SFTA2	4	7.4595e-01	8.5345e-01	1.000000	0
ARHGEF40	4	7.4601e-01	8.5345e-01	1.000000	0
C5orf63	4	7.4610e-01	8.5345e-01	1.000000	0
BMP10	4	7.4615e-01	8.5345e-01	1.000000	0
LILRB2	4	7.4627e-01	8.5345e-01	1.000000	0
PALLD	4	7.4630e-01	8.5441e-01	1.000000	0
CNOT11	4	7.4632e-01	8.5441e-01	1.000000	0
ADGRG3	4	7.4636e-01	8.5441e-01	1.000000	0
PKP1	4	7.4645e-01	8.5441e-01	1.000000	0
TMEM185B	4	7.4658e-01	8.5441e-01	1.000000	0
SF3B2	4	7.4663e-01	8.5441e-01	1.000000	0
AMZ2	4	7.4665e-01	8.5441e-01	1.000000	0
GRN	4	7.4671e-01	8.5441e-01	1.000000	0
NR2F2	4	7.4673e-01	8.5441e-01	1.000000	0
DDX42	4	7.4675e-01	8.5441e-01	1.000000	0
NEURL2	4	7.4678e-01	8.5441e-01	1.000000	0
NOTCH1	4	7.4686e-01	8.5441e-01	1.000000	0
USH1C	4	7.4687e-01	8.5441e-01	1.000000	0
CD8B	4	7.4689e-01	8.5441e-01	1.000000	0
SEMA4C	4	7.4691e-01	8.5441e-01	1.000000	0
CEP76	4	7.4693e-01	8.5441e-01	1.000000	0
GLT6D1	4	7.4704e-01	8.5441e-01	1.000000	0
TEX101	4	7.4715e-01	8.5441e-01	1.000000	0
HEYL	4	7.4724e-01	8.5441e-01	1.000000	0
ZNF782	4	7.4730e-01	8.5441e-01	1.000000	0
GSTA5	4	7.4739e-01	8.5441e-01	1.000000	0
TSHB	4	7.4743e-01	8.5441e-01	1.000000	0
B3GNT9	4	7.4745e-01	8.5441e-01	1.000000	0
C19orf44	4	7.4758e-01	8.5441e-01	1.000000	0
PLSCR5	4	7.4765e-01	8.5441e-01	1.000000	0
ALKBH3	4	7.4767e-01	8.5441e-01	1.000000	0
ANKRD20A3	4	7.4794e-01	8.5536e-01	1.000000	0
GPRC6A	4	7.4796e-01	8.5536e-01	1.000000	0
ALDH1L2	4	7.4798e-01	8.5536e-01	1.000000	0
SP6	4	7.4800e-01	8.5536e-01	1.000000	0
CPEB4	4	7.4807e-01	8.5630e-01	1.000000	0
DDT	4	7.4809e-01	8.5630e-01	1.000000	0
TSPAN17	4	7.4813e-01	8.5630e-01	1.000000	0
PDX1	4	7.4815e-01	8.5630e-01	1.000000	0
ERICH5	4	7.4817e-01	8.5630e-01	1.000000	0
CD22	4	7.4829e-01	8.5630e-01	1.000000	0
LMAN2L	4	7.4831e-01	8.5630e-01	1.000000	0
DCLK3	4	7.4833e-01	8.5630e-01	1.000000	0
OSTC	4	7.4835e-01	8.5630e-01	1.000000	0
C1QB	4	7.4850e-01	8.5630e-01	1.000000	0
TMED6	4	7.4853e-01	8.5630e-01	1.000000	0
JAM3	4	7.4859e-01	8.5630e-01	1.000000	0
LTB	4	7.4866e-01	8.5630e-01	1.000000	0
EVX2	4	7.4884e-01	8.5630e-01	1.000000	0
ENTPD2	4	7.4892e-01	8.5723e-01	1.000000	0
CYB5B	4	7.4895e-01	8.5723e-01	1.000000	0
OR7A10	4	7.4899e-01	8.5723e-01	1.000000	0
TRIM50	4	7.4912e-01	8.5723e-01	1.000000	0
AGO1	4	7.4919e-01	8.5723e-01	1.000000	0
PRKCZ	4	7.4921e-01	8.5723e-01	1.000000	0
ARHGAP15	4	7.4927e-01	8.5723e-01	1.000000	0
ULBP2	4	7.4938e-01	8.5723e-01	1.000000	0
HLF	4	7.4939e-01	8.5723e-01	1.000000	0
FN1	4	7.4947e-01	8.5723e-01	1.000000	0
TOP2B	4	7.4950e-01	8.5723e-01	1.000000	0
GIT2	4	7.4954e-01	8.5723e-01	1.000000	0
SLC22A6	4	7.4963e-01	8.5723e-01	1.000000	0
KCNS1	4	7.4980e-01	8.5723e-01	1.000000	0
POR	4	7.4982e-01	8.5723e-01	1.000000	0
MEF2D	4	7.4985e-01	8.5723e-01	1.000000	0
TAF4B	4	7.4994e-01	8.5723e-01	1.000000	0
PRSS16	4	7.5000e-01	8.5723e-01	1.000000	0
CDK5R1	4	7.5002e-01	8.5723e-01	1.000000	0
PCCA	4	7.5018e-01	8.5723e-01	1.000000	0
TRDN	4	7.5025e-01	8.5723e-01	1.000000	0
SH3RF2	4	7.5027e-01	8.5723e-01	1.000000	0
TBK1	4	7.5031e-01	8.5723e-01	1.000000	0
IQCE	4	7.5051e-01	8.5723e-01	1.000000	0
LYPD5	4	7.5053e-01	8.5723e-01	1.000000	0
DOC2A	4	7.5062e-01	8.5813e-01	1.000000	0
RFX3	4	7.5064e-01	8.5813e-01	1.000000	0
IQCF2	4	7.5067e-01	8.5813e-01	1.000000	0
PLEKHA5	4	7.5073e-01	8.5813e-01	1.000000	0
TUBA3E	4	7.5075e-01	8.5813e-01	1.000000	0
REG1B	4	7.5078e-01	8.5813e-01	1.000000	0
DDX43	4	7.5082e-01	8.5813e-01	1.000000	0
PRKACB	4	7.5084e-01	8.5813e-01	1.000000	0
PAOX	4	7.5087e-01	8.5906e-01	1.000000	0
LCE5A	4	7.5095e-01	8.5906e-01	1.000000	0
C17orf58	4	7.5104e-01	8.5906e-01	1.000000	0
SELPLG	4	7.5109e-01	8.5906e-01	1.000000	0
KIF5A	4	7.5118e-01	8.5906e-01	1.000000	0
PI4K2A	4	7.5120e-01	8.5906e-01	1.000000	0
HHATL	4	7.5126e-01	8.5906e-01	1.000000	0
UNC5B	4	7.5135e-01	8.5906e-01	1.000000	0
C7orf43	4	7.5139e-01	8.5906e-01	1.000000	0
MBD6	4	7.5153e-01	8.5906e-01	1.000000	0
SIRPA	4	7.5155e-01	8.5906e-01	1.000000	0
C3orf70	4	7.5159e-01	8.5906e-01	1.000000	0
NRSN2	4	7.5160e-01	8.5906e-01	1.000000	0
EFR3B	4	7.5168e-01	8.5906e-01	1.000000	0
ZNF358	4	7.5175e-01	8.5906e-01	1.000000	0
NAT8L	4	7.5179e-01	8.5906e-01	1.000000	0
GOLGA6A	4	7.5199e-01	8.5906e-01	1.000000	0
PRAMEF17	4	7.5202e-01	8.5906e-01	1.000000	0
FBXO31	4	7.5211e-01	8.5906e-01	1.000000	0
ZC3H12D	4	7.5213e-01	8.5906e-01	1.000000	0
TPSB2	4	7.5224e-01	8.5906e-01	1.000000	0
SYT5	4	7.5231e-01	8.5906e-01	1.000000	0
MAPK8IP3	4	7.5233e-01	8.5906e-01	1.000000	0
KLC3	4	7.5246e-01	8.5906e-01	1.000000	0
GNG12	4	7.5248e-01	8.5906e-01	1.000000	0
FAM204A	4	7.5258e-01	8.5997e-01	1.000000	0
RHBG	4	7.5261e-01	8.5997e-01	1.000000	0
SERPINB9	4	7.5266e-01	8.5997e-01	1.000000	0
FGA	4	7.5268e-01	8.5997e-01	1.000000	0
DHDH	4	7.5275e-01	8.6091e-01	1.000000	0
FITM1	4	7.5282e-01	8.6182e-01	1.000000	0
SLC14A1	4	7.5287e-01	8.6182e-01	1.000000	0
ZNF154	4	7.5289e-01	8.6182e-01	1.000000	0
CAPN10	4	7.5291e-01	8.6182e-01	1.000000	0
POGZ	4	7.5298e-01	8.6182e-01	1.000000	0
ZMYND10	4	7.5302e-01	8.6182e-01	1.000000	0
WAC	4	7.5306e-01	8.6182e-01	1.000000	0
UPB1	4	7.5307e-01	8.6182e-01	1.000000	0
SLC35C2	4	7.5326e-01	8.6182e-01	1.000000	0
FOXD2	4	7.5327e-01	8.6182e-01	1.000000	0
XDH	4	7.5329e-01	8.6182e-01	1.000000	0
MAGEA5	4	7.5331e-01	8.6182e-01	1.000000	0
EDDM3A	4	7.5335e-01	8.6182e-01	1.000000	0
OR4K15	4	7.5336e-01	8.6182e-01	1.000000	0
TMEM204	4	7.5338e-01	8.6182e-01	1.000000	0
PDE3A	4	7.5340e-01	8.6182e-01	1.000000	0
KLHL5	4	7.5347e-01	8.6182e-01	1.000000	0
C9orf163	4	7.5349e-01	8.6182e-01	1.000000	0
GNGT1	4	7.5351e-01	8.6182e-01	1.000000	0
PUM1	4	7.5365e-01	8.6182e-01	1.000000	0
HFE	4	7.5367e-01	8.6182e-01	1.000000	0
IPP	4	7.5385e-01	8.6182e-01	1.000000	0
PRSS33	4	7.5389e-01	8.6182e-01	1.000000	0
JKAMP	4	7.5398e-01	8.6182e-01	1.000000	0
AKT1	4	7.5402e-01	8.6182e-01	1.000000	0
SLC4A4	4	7.5403e-01	8.6182e-01	1.000000	0
DPP9	4	7.5405e-01	8.6182e-01	1.000000	0
GPR15	4	7.5411e-01	8.6268e-01	1.000000	0
APC	4	7.5412e-01	8.6268e-01	1.000000	0
HSD17B8	4	7.5414e-01	8.6268e-01	1.000000	0
CHM	4	7.5421e-01	8.6268e-01	1.000000	0
ZNF333	4	7.5423e-01	8.6268e-01	1.000000	0
WHSC1	4	7.5443e-01	8.6268e-01	1.000000	0
INPP4A	4	7.5448e-01	8.6268e-01	1.000000	0
TBX1	4	7.5450e-01	8.6268e-01	1.000000	0
PNO1	4	7.5454e-01	8.6268e-01	1.000000	0
B3GAT1	4	7.5456e-01	8.6268e-01	1.000000	0
OR10P1	4	7.5459e-01	8.6268e-01	1.000000	0
ARID1B	4	7.5463e-01	8.6268e-01	1.000000	0
C20orf194	4	7.5465e-01	8.6268e-01	1.000000	0
SLCO6A1	4	7.5466e-01	8.6268e-01	1.000000	0
PRAMEF19	4	7.5468e-01	8.6268e-01	1.000000	0
ASIP	4	7.5470e-01	8.6268e-01	1.000000	0
EZH1	4	7.5479e-01	8.6268e-01	1.000000	0
AIRE	4	7.5481e-01	8.6268e-01	1.000000	0
SNRNP48	4	7.5494e-01	8.6268e-01	1.000000	0
SHROOM3	4	7.5495e-01	8.6268e-01	1.000000	0
RASD2	4	7.5497e-01	8.6268e-01	1.000000	0
HOXC12	4	7.5501e-01	8.6268e-01	1.000000	0
XAF1	4	7.5503e-01	8.6268e-01	1.000000	0
ITPKC	4	7.5504e-01	8.6268e-01	1.000000	0
WNT5B	4	7.5506e-01	8.6268e-01	1.000000	0
TMEM196	4	7.5508e-01	8.6268e-01	1.000000	0
NUDT7	4	7.5517e-01	8.6356e-01	1.000000	0
DEFB115	4	7.5524e-01	8.6357e-01	1.000000	0
B4GALNT2	4	7.5535e-01	8.6449e-01	1.000000	0
TSTD1	4	7.5555e-01	8.6535e-01	1.000000	0
ZBTB9	4	7.5557e-01	8.6535e-01	1.000000	0
SLC2A9	4	7.5564e-01	8.6535e-01	1.000000	0
ACO2	3	7.5577e-01	9.0711e-01	1.000000	0
SOCS1	4	7.5583e-01	8.6535e-01	1.000000	0
ZBP1	4	7.5591e-01	8.6535e-01	1.000000	0
CERS4	4	7.5607e-01	8.6535e-01	1.000000	0
HNRNPK	4	7.5610e-01	8.6535e-01	1.000000	0
MASTL	4	7.5614e-01	8.6535e-01	1.000000	0
SV2B	4	7.5616e-01	8.6535e-01	1.000000	0
COL4A4	4	7.5618e-01	8.6535e-01	1.000000	0
OSBP2	4	7.5619e-01	8.6535e-01	1.000000	0
DCDC2	4	7.5628e-01	8.6535e-01	1.000000	0
CNR2	4	7.5632e-01	8.6535e-01	1.000000	0
TLE2	4	7.5634e-01	8.6535e-01	1.000000	0
AIFM3	4	7.5637e-01	8.6535e-01	1.000000	0
CMAS	4	7.5645e-01	8.6535e-01	1.000000	0
PTPRF	4	7.5646e-01	8.6535e-01	1.000000	0
POU2F2	4	7.5649e-01	8.6535e-01	1.000000	0
ABHD14B	4	7.5652e-01	8.6535e-01	1.000000	0
SULF1	4	7.5679e-01	8.6626e-01	1.000000	0
KLHL25	4	7.5680e-01	8.6626e-01	1.000000	0
ZFP64	4	7.5682e-01	8.6626e-01	1.000000	0
HIST1H2BB	4	7.5686e-01	8.6626e-01	1.000000	0
TMEM95	4	7.5693e-01	8.6717e-01	1.000000	0
KCNE2	4	7.5707e-01	8.6717e-01	1.000000	0
TAF1A	4	7.5709e-01	8.6717e-01	1.000000	0
ZNF385B	4	7.5711e-01	8.6717e-01	1.000000	0
TMEM244	4	7.5720e-01	8.6804e-01	1.000000	0
IDUA	4	7.5723e-01	8.6804e-01	1.000000	0
FAM231A	4	7.5736e-01	8.6804e-01	1.000000	0
FLNC	4	7.5739e-01	8.6804e-01	1.000000	0
TRMT1	4	7.5747e-01	8.6804e-01	1.000000	0
FYN	4	7.5754e-01	8.6893e-01	1.000000	0
TAS2R9	4	7.5755e-01	8.6893e-01	1.000000	0
BHLHA9	4	7.5766e-01	8.6893e-01	1.000000	0
THY1	4	7.5770e-01	8.6893e-01	1.000000	0
RNF24	4	7.5779e-01	8.6893e-01	1.000000	0
UCP3	4	7.5786e-01	8.6893e-01	1.000000	0
CCDC69	4	7.5789e-01	8.6893e-01	1.000000	0
PIM3	4	7.5800e-01	8.6893e-01	1.000000	0
KBTBD13	4	7.5805e-01	8.6893e-01	1.000000	0
LOC100506388	4	7.5809e-01	8.6893e-01	1.000000	0
PCMT1	4	7.5813e-01	8.6893e-01	1.000000	0
RIT1	4	7.5822e-01	8.6893e-01	1.000000	0
OTUB1	4	7.5824e-01	8.6893e-01	1.000000	0
SLC22A16	4	7.5839e-01	8.7068e-01	1.000000	0
ARHGAP30	4	7.5843e-01	8.7068e-01	1.000000	0
PHF6	4	7.5848e-01	8.7069e-01	1.000000	0
PHYHIPL	4	7.5850e-01	8.7069e-01	1.000000	0
LHX9	4	7.5854e-01	8.7069e-01	1.000000	0
C1QTNF5	4	7.5871e-01	8.7157e-01	1.000000	0
TAF7	4	7.5884e-01	8.7157e-01	1.000000	0
CLDN17	4	7.5894e-01	8.7157e-01	1.000000	0
TMC8	4	7.5894e-01	8.7157e-01	1.000000	0
ZFPM1	4	7.5896e-01	8.7157e-01	1.000000	0
OR11G2	4	7.5898e-01	8.7157e-01	1.000000	0
RFPL3	4	7.5903e-01	8.7157e-01	1.000000	0
PHYKPL	4	7.5907e-01	8.7157e-01	1.000000	0
TAAR5	4	7.5909e-01	8.7157e-01	1.000000	0
PRKCQ	4	7.5911e-01	8.7157e-01	1.000000	0
LOC113230	4	7.5918e-01	8.7157e-01	1.000000	0
ZNF787	4	7.5919e-01	8.7157e-01	1.000000	0
SUSD1	4	7.5921e-01	8.7157e-01	1.000000	0
TCL1B	4	7.5925e-01	8.7240e-01	1.000000	0
FAM96A	4	7.5928e-01	8.7240e-01	1.000000	0
C2orf81	4	7.5932e-01	8.7240e-01	1.000000	0
ZNF564	4	7.5946e-01	8.7325e-01	1.000000	0
NBN	4	7.5950e-01	8.7325e-01	1.000000	0
QTRTD1	4	7.5953e-01	8.7325e-01	1.000000	0
B3GALT5	4	7.5955e-01	8.7325e-01	1.000000	0
NEUROD1	4	7.5960e-01	8.7325e-01	1.000000	0
FANK1	4	7.5975e-01	8.7411e-01	1.000000	0
PSMD14	4	7.5976e-01	8.7411e-01	1.000000	0
TANGO2	4	7.5989e-01	8.7411e-01	1.000000	0
RNF182	4	7.5991e-01	8.7411e-01	1.000000	0
ADK	4	7.6001e-01	8.7411e-01	1.000000	0
COMMD7	4	7.6015e-01	8.7411e-01	1.000000	0
CDC14B	4	7.6019e-01	8.7411e-01	1.000000	0
PCDHGA9	4	7.6021e-01	8.7411e-01	1.000000	0
TEX22	4	7.6031e-01	8.7411e-01	1.000000	0
GJC1	4	7.6033e-01	8.7411e-01	1.000000	0
OXA1L	4	7.6040e-01	8.7411e-01	1.000000	0
HS3ST4	4	7.6044e-01	8.7411e-01	1.000000	0
PIBF1	4	7.6047e-01	8.7411e-01	1.000000	0
RPS6KB2	4	7.6051e-01	8.7411e-01	1.000000	0
HIRIP3	4	7.6053e-01	8.7411e-01	1.000000	0
ZNF816	4	7.6056e-01	8.7411e-01	1.000000	0
TEKT4	4	7.6058e-01	8.7411e-01	1.000000	0
LAMA4	4	7.6061e-01	8.7411e-01	1.000000	0
REXO2	4	7.6072e-01	8.7411e-01	1.000000	0
DIO3	4	7.6074e-01	8.7411e-01	1.000000	0
ACOX2	4	7.6079e-01	8.7411e-01	1.000000	0
YIPF5	4	7.6084e-01	8.7411e-01	1.000000	0
RBMS2	4	7.6086e-01	8.7411e-01	1.000000	0
KRT81	4	7.6099e-01	8.7411e-01	1.000000	0
SLC4A1AP	4	7.6102e-01	8.7411e-01	1.000000	0
SLC30A1	4	7.6104e-01	8.7411e-01	1.000000	0
ZFP41	4	7.6106e-01	8.7411e-01	1.000000	0
SNX1	4	7.6109e-01	8.7411e-01	1.000000	0
CDH20	4	7.6111e-01	8.7411e-01	1.000000	0
KIF21B	4	7.6123e-01	8.7496e-01	1.000000	0
PKNOX2	4	7.6125e-01	8.7496e-01	1.000000	0
SLX1B	4	7.6137e-01	8.7496e-01	1.000000	0
XRCC6BP1	4	7.6139e-01	8.7496e-01	1.000000	0
ZNF79	4	7.6141e-01	8.7496e-01	1.000000	0
UNKL	4	7.6143e-01	8.7496e-01	1.000000	0
IGFBP7	4	7.6155e-01	8.7496e-01	1.000000	0
CHPT1	4	7.6159e-01	8.7496e-01	1.000000	0
OSBPL11	4	7.6164e-01	8.7578e-01	1.000000	0
GZMK	4	7.6166e-01	8.7578e-01	1.000000	0
SNTA1	4	7.6169e-01	8.7578e-01	1.000000	0
SPNS1	4	7.6175e-01	8.7578e-01	1.000000	0
NOS3	4	7.6178e-01	8.7578e-01	1.000000	0
NUP153	4	7.6180e-01	8.7578e-01	1.000000	0
NAT14	4	7.6185e-01	8.7578e-01	1.000000	0
CRAMP1L	4	7.6192e-01	8.7578e-01	1.000000	0
CT47A1	4	7.6215e-01	8.7662e-01	1.000000	0
TPO	4	7.6229e-01	8.7662e-01	1.000000	0
ITIH3	4	7.6245e-01	8.7662e-01	1.000000	0
BCL6B	4	7.6249e-01	8.7662e-01	1.000000	0
JSRP1	4	7.6254e-01	8.7662e-01	1.000000	0
CFAP61	4	7.6261e-01	8.7662e-01	1.000000	0
METAP1D	4	7.6263e-01	8.7662e-01	1.000000	0
TBC1D22A	4	7.6270e-01	8.7662e-01	1.000000	0
PTP4A3	4	7.6275e-01	8.7662e-01	1.000000	0
DYSF	4	7.6285e-01	8.7662e-01	1.000000	0
AAK1	4	7.6289e-01	8.7662e-01	1.000000	0
WIPF1	4	7.6291e-01	8.7662e-01	1.000000	0
TMEM132E	4	7.6292e-01	8.7662e-01	1.000000	0
OC90	4	7.6303e-01	8.7662e-01	1.000000	0
BLID	4	7.6305e-01	8.7662e-01	1.000000	0
CUBN	4	7.6307e-01	8.7662e-01	1.000000	0
CTRB2	4	7.6312e-01	8.7662e-01	1.000000	0
NQO2	4	7.6315e-01	8.7662e-01	1.000000	0
CNOT6	4	7.6333e-01	8.7748e-01	1.000000	0
ZNF431	4	7.6338e-01	8.7748e-01	1.000000	0
FAM127A	4	7.6350e-01	8.7748e-01	1.000000	0
VTI1A	4	7.6357e-01	8.7748e-01	1.000000	0
GRM2	4	7.6359e-01	8.7748e-01	1.000000	0
CCDC183	4	7.6363e-01	8.7748e-01	1.000000	0
RPRD1A	4	7.6364e-01	8.7748e-01	1.000000	0
CYP2J2	4	7.6370e-01	8.7748e-01	1.000000	0
C17orf112	4	7.6371e-01	8.7748e-01	1.000000	0
ADGB	4	7.6382e-01	8.7748e-01	1.000000	0
ZNF180	4	7.6385e-01	8.7748e-01	1.000000	0
RAB2B	4	7.6389e-01	8.7748e-01	1.000000	0
CCDC13	4	7.6410e-01	8.7748e-01	1.000000	0
GIPC2	4	7.6424e-01	8.7833e-01	1.000000	0
URAD	4	7.6429e-01	8.7833e-01	1.000000	0
KATNAL2	4	7.6440e-01	8.7833e-01	1.000000	0
KIAA0355	4	7.6461e-01	8.7917e-01	1.000000	0
MMGT1	4	7.6475e-01	8.7917e-01	1.000000	0
KLHDC8B	4	7.6480e-01	8.7917e-01	1.000000	0
COL12A1	4	7.6489e-01	8.7917e-01	1.000000	0
TRIM21	4	7.6497e-01	8.7917e-01	1.000000	0
C6orf120	4	7.6501e-01	8.7917e-01	1.000000	0
OPN4	4	7.6504e-01	8.7995e-01	1.000000	0
TASP1	4	7.6520e-01	8.8076e-01	1.000000	0
SC5D	4	7.6536e-01	8.8076e-01	1.000000	0
HDAC5	4	7.6539e-01	8.8076e-01	1.000000	0
C5orf67	4	7.6548e-01	8.8076e-01	1.000000	0
EPN3	4	7.6558e-01	8.8076e-01	1.000000	0
ATG10	4	7.6560e-01	8.8076e-01	1.000000	0
MRC2	4	7.6562e-01	8.8076e-01	1.000000	0
C9orf64	4	7.6567e-01	8.8076e-01	1.000000	0
BIVM-ERCC5	4	7.6571e-01	8.8076e-01	1.000000	0
OR2AK2	4	7.6586e-01	8.8076e-01	1.000000	0
TBATA	4	7.6588e-01	8.8076e-01	1.000000	0
CEP170	4	7.6597e-01	8.8076e-01	1.000000	0
GARNL3	4	7.6599e-01	8.8076e-01	1.000000	0
SF3B6	4	7.6609e-01	8.8158e-01	1.000000	0
LOC283710	4	7.6625e-01	8.8158e-01	1.000000	0
CEP131	4	7.6630e-01	8.8158e-01	1.000000	0
LPO	4	7.6632e-01	8.8158e-01	1.000000	0
FBXO39	4	7.6644e-01	8.8158e-01	1.000000	0
HID1	4	7.6654e-01	8.8158e-01	1.000000	0
EMC10	4	7.6656e-01	8.8158e-01	1.000000	0
SORBS1	4	7.6661e-01	8.8158e-01	1.000000	0
PWWP2A	4	7.6666e-01	8.8158e-01	1.000000	0
AGO3	4	7.6668e-01	8.8158e-01	1.000000	0
TMEM53	4	7.6684e-01	8.8238e-01	1.000000	0
PTAFR	4	7.6687e-01	8.8238e-01	1.000000	0
KCNB2	4	7.6689e-01	8.8238e-01	1.000000	0
MAPRE3	4	7.6696e-01	8.8238e-01	1.000000	0
TRIM25	4	7.6698e-01	8.8238e-01	1.000000	0
CSRP2BP	4	7.6706e-01	8.8238e-01	1.000000	0
OR2L3	4	7.6718e-01	8.8238e-01	1.000000	0
SLC34A2	4	7.6720e-01	8.8238e-01	1.000000	0
FBXO7	4	7.6727e-01	8.8238e-01	1.000000	0
BPY2C	4	7.6729e-01	8.8238e-01	1.000000	0
SRBD1	4	7.6736e-01	8.8238e-01	1.000000	0
VTI1B	4	7.6737e-01	8.8238e-01	1.000000	0
UBE2L6	4	7.6741e-01	8.8238e-01	1.000000	0
BEAN1	4	7.6744e-01	8.8238e-01	1.000000	0
ISL1	4	7.6747e-01	8.8238e-01	1.000000	0
STK16	4	7.6763e-01	8.8238e-01	1.000000	0
C17orf99	3	7.6764e-01	9.1998e-01	1.000000	0
MYO3A	4	7.6765e-01	8.8238e-01	1.000000	0
ZNF214	4	7.6770e-01	8.8238e-01	1.000000	0
SYCE1L	4	7.6798e-01	8.8319e-01	1.000000	0
NEDD4	4	7.6805e-01	8.8319e-01	1.000000	0
GFRA4	4	7.6807e-01	8.8319e-01	1.000000	0
AVPR1B	4	7.6810e-01	8.8319e-01	1.000000	0
TMEM30A	4	7.6815e-01	8.8319e-01	1.000000	0
RHPN1	4	7.6824e-01	8.8319e-01	1.000000	0
FBXO10	4	7.6827e-01	8.8319e-01	1.000000	0
HHIPL1	4	7.6845e-01	8.8319e-01	1.000000	0
DHFR	4	7.6850e-01	8.8319e-01	1.000000	0
SCGB2A1	4	7.6857e-01	8.8401e-01	1.000000	0
USP17L19	4	7.6860e-01	8.8401e-01	1.000000	0
CD163	4	7.6905e-01	8.8479e-01	1.000000	0
TMEM141	4	7.6910e-01	8.8479e-01	1.000000	0
SZT2	4	7.6927e-01	8.8560e-01	1.000000	0
GSC2	4	7.6941e-01	8.8560e-01	1.000000	0
TNFSF15	4	7.6952e-01	8.8560e-01	1.000000	0
ZNF233	4	7.6953e-01	8.8560e-01	1.000000	0
FKBP1B	4	7.6958e-01	8.8560e-01	1.000000	0
IGSF8	4	7.6964e-01	8.8560e-01	1.000000	0
ABCB4	4	7.6974e-01	8.8560e-01	1.000000	0
BLOC1S3	4	7.6977e-01	8.8560e-01	1.000000	0
HOXB5	4	7.6991e-01	8.8561e-01	1.000000	0
MCU	4	7.7003e-01	8.8561e-01	1.000000	0
CLEC19A	4	7.7005e-01	8.8561e-01	1.000000	0
RBFOX3	4	7.7010e-01	8.8561e-01	1.000000	0
CELA3A	4	7.7012e-01	8.8561e-01	1.000000	0
METTL22	4	7.7015e-01	8.8561e-01	1.000000	0
REM1	4	7.7019e-01	8.8561e-01	1.000000	0
SPON1	4	7.7020e-01	8.8561e-01	1.000000	0
ZDHHC23	4	7.7024e-01	8.8561e-01	1.000000	0
LAMTOR1	4	7.7034e-01	8.8561e-01	1.000000	0
SGMS1	4	7.7039e-01	8.8561e-01	1.000000	0
KIAA1551	4	7.7044e-01	8.8642e-01	1.000000	0
RALYL	4	7.7056e-01	8.8642e-01	1.000000	0
PCDH10	4	7.7061e-01	8.8642e-01	1.000000	0
TUBGCP4	4	7.7067e-01	8.8721e-01	1.000000	0
TSPO	4	7.7070e-01	8.8721e-01	1.000000	0
UGT2A1	4	7.7091e-01	8.8721e-01	1.000000	0
CACTIN	4	7.7104e-01	8.8721e-01	1.000000	0
NANOG	4	7.7109e-01	8.8721e-01	1.000000	0
TAGLN	4	7.7111e-01	8.8721e-01	1.000000	0
C9orf114	4	7.7113e-01	8.8721e-01	1.000000	0
TRIM64C	4	7.7115e-01	8.8721e-01	1.000000	0
KRAS	4	7.7116e-01	8.8721e-01	1.000000	0
HADHA	4	7.7130e-01	8.8721e-01	1.000000	0
FMR1NB	4	7.7132e-01	8.8721e-01	1.000000	0
ASB15	4	7.7133e-01	8.8721e-01	1.000000	0
SIPA1L2	4	7.7145e-01	8.8721e-01	1.000000	0
G3BP2	4	7.7147e-01	8.8721e-01	1.000000	0
MCCD1	4	7.7150e-01	8.8721e-01	1.000000	0
KRT5	3	7.7152e-01	9.2329e-01	1.000000	0
TOR2A	4	7.7162e-01	8.8721e-01	1.000000	0
OR2W1	4	7.7173e-01	8.8721e-01	1.000000	0
C20orf141	4	7.7176e-01	8.8721e-01	1.000000	0
USP30	4	7.7190e-01	8.8721e-01	1.000000	0
AUH	4	7.7191e-01	8.8721e-01	1.000000	0
S100A6	4	7.7198e-01	8.8721e-01	1.000000	0
PAQR5	4	7.7200e-01	8.8721e-01	1.000000	0
PCDHA12	4	7.7203e-01	8.8721e-01	1.000000	0
CRLF3	4	7.7205e-01	8.8721e-01	1.000000	0
MGC57346-CRHR1	4	7.7210e-01	8.8721e-01	1.000000	0
ZNF385A	4	7.7224e-01	8.8721e-01	1.000000	0
TGDS	4	7.7227e-01	8.8721e-01	1.000000	0
GLYATL3	4	7.7232e-01	8.8721e-01	1.000000	0
HIST1H2AK	4	7.7241e-01	8.8721e-01	1.000000	0
PODXL2	4	7.7253e-01	8.8721e-01	1.000000	0
METTL21C	4	7.7258e-01	8.8803e-01	1.000000	0
USP28	4	7.7266e-01	8.8803e-01	1.000000	0
GUSB	4	7.7270e-01	8.8803e-01	1.000000	0
C11orf87	4	7.7272e-01	8.8803e-01	1.000000	0
AP4E1	4	7.7273e-01	8.8803e-01	1.000000	0
CLPSL1	4	7.7284e-01	8.8803e-01	1.000000	0
PUM2	4	7.7289e-01	8.8803e-01	1.000000	0
KRTAP5-11	4	7.7290e-01	8.8803e-01	1.000000	0
EXOC3L4	4	7.7294e-01	8.8803e-01	1.000000	0
MTERF2	4	7.7297e-01	8.8803e-01	1.000000	0
KRTAP1-3	4	7.7299e-01	8.8803e-01	1.000000	0
CACNG2	4	7.7306e-01	8.8803e-01	1.000000	0
TMED1	4	7.7311e-01	8.8803e-01	1.000000	0
IL3	4	7.7312e-01	8.8803e-01	1.000000	0
C4orf17	4	7.7319e-01	8.8882e-01	1.000000	0
SPIN2B	4	7.7324e-01	8.8882e-01	1.000000	0
TMIGD3	4	7.7328e-01	8.8882e-01	1.000000	0
ARL9	4	7.7336e-01	8.8882e-01	1.000000	0
DALRD3	4	7.7341e-01	8.8882e-01	1.000000	0
BBS5	4	7.7344e-01	8.8882e-01	1.000000	0
NHLH1	4	7.7353e-01	8.8882e-01	1.000000	0
SLC6A20	4	7.7358e-01	8.8882e-01	1.000000	0
HKDC1	4	7.7363e-01	8.8882e-01	1.000000	0
WFDC11	4	7.7368e-01	8.8882e-01	1.000000	0
CCDC153	4	7.7370e-01	8.8882e-01	1.000000	0
KRTAP10-8	4	7.7379e-01	8.8882e-01	1.000000	0
SDR9C7	4	7.7394e-01	8.8960e-01	1.000000	0
ANXA11	4	7.7453e-01	8.9188e-01	1.000000	0
RAX2	4	7.7455e-01	8.9188e-01	1.000000	0
C15orf54	4	7.7460e-01	8.9188e-01	1.000000	0
IGSF3	4	7.7467e-01	8.9188e-01	1.000000	0
SLC25A24	4	7.7472e-01	8.9188e-01	1.000000	0
ZNF594	4	7.7474e-01	8.9188e-01	1.000000	0
EGLN2	4	7.7477e-01	8.9188e-01	1.000000	0
ZNF776	4	7.7479e-01	8.9188e-01	1.000000	0
ZFP2	4	7.7485e-01	8.9188e-01	1.000000	0
PRPH	4	7.7487e-01	8.9188e-01	1.000000	0
KRTAP10-12	4	7.7489e-01	8.9188e-01	1.000000	0
ZNF414	4	7.7490e-01	8.9188e-01	1.000000	0
ZNF540	4	7.7504e-01	8.9266e-01	1.000000	0
SDC3	4	7.7516e-01	8.9266e-01	1.000000	0
ZNF560	4	7.7517e-01	8.9266e-01	1.000000	0
PGPEP1L	4	7.7521e-01	8.9266e-01	1.000000	0
CPM	4	7.7523e-01	8.9266e-01	1.000000	0
OR8G1	4	7.7526e-01	8.9266e-01	1.000000	0
ANTXR1	4	7.7528e-01	8.9266e-01	1.000000	0
ADAP1	4	7.7529e-01	8.9266e-01	1.000000	0
SMYD2	4	7.7533e-01	8.9266e-01	1.000000	0
ARPP21	4	7.7539e-01	8.9266e-01	1.000000	0
ADAMTS6	4	7.7543e-01	8.9266e-01	1.000000	0
INHA	4	7.7551e-01	8.9266e-01	1.000000	0
DDX19B	4	7.7560e-01	8.9266e-01	1.000000	0
PARP6	4	7.7568e-01	8.9266e-01	1.000000	0
ASB10	4	7.7571e-01	8.9266e-01	1.000000	0
TADA2B	4	7.7575e-01	8.9266e-01	1.000000	0
SLC25A12	4	7.7577e-01	8.9266e-01	1.000000	0
APCS	4	7.7582e-01	8.9266e-01	1.000000	0
ECM1	4	7.7595e-01	8.9266e-01	1.000000	0
GLYR1	4	7.7602e-01	8.9266e-01	1.000000	0
SEMA3E	4	7.7603e-01	8.9266e-01	1.000000	0
H2BFM	4	7.7609e-01	8.9266e-01	1.000000	0
KAT5	4	7.7615e-01	8.9266e-01	1.000000	0
SAGE1	4	7.7617e-01	8.9266e-01	1.000000	0
KCNJ5	4	7.7620e-01	8.9266e-01	1.000000	0
PAK3	4	7.7627e-01	8.9266e-01	1.000000	0
NDRG4	4	7.7629e-01	8.9266e-01	1.000000	0
ASPH	4	7.7646e-01	8.9266e-01	1.000000	0
TREX2	4	7.7651e-01	8.9266e-01	1.000000	0
ABRA	4	7.7652e-01	8.9266e-01	1.000000	0
MFNG	4	7.7667e-01	8.9341e-01	1.000000	0
STRN4	4	7.7669e-01	8.9341e-01	1.000000	0
C1orf195	4	7.7674e-01	8.9417e-01	1.000000	0
NUDT6	4	7.7682e-01	8.9417e-01	1.000000	0
PRAMEF14	4	7.7686e-01	8.9417e-01	1.000000	0
GRIN3A	4	7.7694e-01	8.9417e-01	1.000000	0
FBXO38	4	7.7706e-01	8.9492e-01	1.000000	0
SPARCL1	4	7.7710e-01	8.9492e-01	1.000000	0
ZNF334	4	7.7713e-01	8.9492e-01	1.000000	0
DVL3	4	7.7719e-01	8.9492e-01	1.000000	0
FANCI	4	7.7728e-01	8.9492e-01	1.000000	0
TTC9B	4	7.7733e-01	8.9492e-01	1.000000	0
FBXL12	4	7.7751e-01	8.9565e-01	1.000000	0
PIGR	4	7.7762e-01	8.9565e-01	1.000000	0
IL18BP	4	7.7762e-01	8.9565e-01	1.000000	0
IPO5	4	7.7768e-01	8.9565e-01	1.000000	0
CORIN	4	7.7773e-01	8.9565e-01	1.000000	0
PAPOLB	4	7.7778e-01	8.9565e-01	1.000000	0
DPM3	4	7.7785e-01	8.9641e-01	1.000000	0
BBS9	4	7.7788e-01	8.9641e-01	1.000000	0
TMIGD1	4	7.7791e-01	8.9641e-01	1.000000	0
TAF7L	4	7.7795e-01	8.9641e-01	1.000000	0
PRRT4	4	7.7807e-01	8.9641e-01	1.000000	0
MYO5A	4	7.7808e-01	8.9641e-01	1.000000	0
C7orf50	4	7.7813e-01	8.9641e-01	1.000000	0
PHACTR2	4	7.7819e-01	8.9641e-01	1.000000	0
OR1S2	4	7.7822e-01	8.9641e-01	1.000000	0
SMYD5	4	7.7835e-01	8.9641e-01	1.000000	0
HTR3E	4	7.7840e-01	8.9641e-01	1.000000	0
CHD3	4	7.7861e-01	8.9641e-01	1.000000	0
C1orf177	4	7.7870e-01	8.9641e-01	1.000000	0
OR2W5	4	7.7872e-01	8.9641e-01	1.000000	0
ZNF500	4	7.7878e-01	8.9715e-01	1.000000	0
E2F2	4	7.7882e-01	8.9715e-01	1.000000	0
EVI5L	4	7.7888e-01	8.9715e-01	1.000000	0
PGLYRP1	4	7.7893e-01	8.9715e-01	1.000000	0
CSK	4	7.7898e-01	8.9715e-01	1.000000	0
ZNF217	4	7.7903e-01	8.9715e-01	1.000000	0
CLEC18B	4	7.7905e-01	8.9715e-01	1.000000	0
PCDHA3	4	7.7910e-01	8.9715e-01	1.000000	0
SLC44A4	4	7.7913e-01	8.9715e-01	1.000000	0
PTP4A1	4	7.7917e-01	8.9715e-01	1.000000	0
ZNF518A	4	7.7928e-01	8.9715e-01	1.000000	0
TUBE1	4	7.7938e-01	8.9715e-01	1.000000	0
GSDMD	4	7.7942e-01	8.9715e-01	1.000000	0
CCL1	4	7.7945e-01	8.9715e-01	1.000000	0
TRAF6	4	7.7948e-01	8.9715e-01	1.000000	0
NUP107	4	7.7953e-01	8.9715e-01	1.000000	0
SP2	4	7.7955e-01	8.9715e-01	1.000000	0
TFEC	4	7.7993e-01	8.9861e-01	1.000000	0
THAP1	4	7.7995e-01	8.9861e-01	1.000000	0
EIF2AK2	4	7.7997e-01	8.9861e-01	1.000000	0
RASSF3	4	7.8002e-01	8.9861e-01	1.000000	0
ARMCX5	4	7.8015e-01	8.9861e-01	1.000000	0
KCNC3	4	7.8017e-01	8.9861e-01	1.000000	0
DOK2	4	7.8018e-01	8.9861e-01	1.000000	0
CYP26C1	3	7.8021e-01	9.2919e-01	1.000000	0
COLGALT1	4	7.8023e-01	8.9861e-01	1.000000	0
RARA	4	7.8035e-01	8.9861e-01	1.000000	0
CIB3	4	7.8043e-01	8.9861e-01	1.000000	0
TRAT1	4	7.8050e-01	8.9861e-01	1.000000	0
ZNF708	4	7.8053e-01	8.9861e-01	1.000000	0
SCN1A	4	7.8055e-01	8.9861e-01	1.000000	0
OR12D3	4	7.8057e-01	8.9861e-01	1.000000	0
KCNJ2	4	7.8060e-01	8.9861e-01	1.000000	0
PIP5K1B	4	7.8066e-01	8.9861e-01	1.000000	0
C1D	4	7.8073e-01	8.9861e-01	1.000000	0
RAD18	4	7.8085e-01	8.9861e-01	1.000000	0
IRF5	4	7.8091e-01	8.9861e-01	1.000000	0
FAM81B	4	7.8096e-01	8.9861e-01	1.000000	0
PRB2	4	7.8099e-01	8.9861e-01	1.000000	0
BSPRY	4	7.8104e-01	8.9861e-01	1.000000	0
HDAC9	4	7.8111e-01	8.9861e-01	1.000000	0
PTPN13	4	7.8114e-01	8.9861e-01	1.000000	0
SOX10	4	7.8118e-01	8.9861e-01	1.000000	0
VPS37B	4	7.8124e-01	8.9861e-01	1.000000	0
CAV3	4	7.8136e-01	8.9931e-01	1.000000	0
KRIT1	4	7.8137e-01	8.9931e-01	1.000000	0
SMIM1	4	7.8141e-01	8.9931e-01	1.000000	0
HSD17B2	4	7.8146e-01	8.9931e-01	1.000000	0
KPNA4	4	7.8152e-01	8.9931e-01	1.000000	0
PDK2	4	7.8162e-01	8.9931e-01	1.000000	0
C9orf152	4	7.8167e-01	8.9931e-01	1.000000	0
CEBPD	4	7.8172e-01	8.9931e-01	1.000000	0
ELAVL3	4	7.8174e-01	8.9931e-01	1.000000	0
SAA1	4	7.8179e-01	8.9931e-01	1.000000	0
LGALS1	4	7.8182e-01	8.9931e-01	1.000000	0
KRTAP23-1	4	7.8184e-01	8.9931e-01	1.000000	0
COG1	4	7.8185e-01	8.9931e-01	1.000000	0
B3GNT5	4	7.8192e-01	8.9931e-01	1.000000	0
PRR12	4	7.8197e-01	8.9931e-01	1.000000	0
PRR20E	4	7.8207e-01	8.9931e-01	1.000000	0
OR6C6	4	7.8210e-01	8.9931e-01	1.000000	0
TMEM248	4	7.8215e-01	8.9931e-01	1.000000	0
CTDSP1	4	7.8222e-01	9.0000e-01	1.000000	0
UMPS	4	7.8230e-01	9.0000e-01	1.000000	0
LRRC8B	4	7.8245e-01	9.0000e-01	1.000000	0
TIMD4	4	7.8251e-01	9.0000e-01	1.000000	0
GLT1D1	4	7.8253e-01	9.0000e-01	1.000000	0
GABRG1	4	7.8263e-01	9.0000e-01	1.000000	0
ATP4B	4	7.8269e-01	9.0000e-01	1.000000	0
NUDT4	4	7.8271e-01	9.0000e-01	1.000000	0
SCP2	4	7.8273e-01	9.0000e-01	1.000000	0
EBF3	4	7.8276e-01	9.0000e-01	1.000000	0
SPICE1	4	7.8279e-01	9.0000e-01	1.000000	0
HELB	4	7.8293e-01	9.0000e-01	1.000000	0
CKS2	4	7.8297e-01	9.0000e-01	1.000000	0
CWF19L1	4	7.8304e-01	9.0000e-01	1.000000	0
IFNL1	4	7.8320e-01	9.0000e-01	1.000000	0
GDPD1	4	7.8322e-01	9.0000e-01	1.000000	0
LY6D	4	7.8324e-01	9.0000e-01	1.000000	0
TANK	4	7.8329e-01	9.0000e-01	1.000000	0
SYNE2	4	7.8335e-01	9.0000e-01	1.000000	0
SOGA3	4	7.8343e-01	9.0000e-01	1.000000	0
CST3	4	7.8348e-01	9.0000e-01	1.000000	0
CLIC1	4	7.8350e-01	9.0000e-01	1.000000	0
GPR83	4	7.8353e-01	9.0000e-01	1.000000	0
CD5L	4	7.8358e-01	9.0000e-01	1.000000	0
UBAP2	4	7.8360e-01	9.0000e-01	1.000000	0
FXN	4	7.8362e-01	9.0000e-01	1.000000	0
MYT1L	4	7.8371e-01	9.0000e-01	1.000000	0
SLC2A4RG	4	7.8380e-01	9.0000e-01	1.000000	0
PLA2G12A	4	7.8389e-01	9.0000e-01	1.000000	0
CGB5	4	7.8394e-01	9.0000e-01	1.000000	0
FAM91A1	4	7.8396e-01	9.0000e-01	1.000000	0
HIST3H2A	4	7.8398e-01	9.0000e-01	1.000000	0
USP35	4	7.8401e-01	9.0000e-01	1.000000	0
SPRN	4	7.8404e-01	9.0069e-01	1.000000	0
MMP11	4	7.8407e-01	9.0069e-01	1.000000	0
HPGD	4	7.8409e-01	9.0069e-01	1.000000	0
ZNF605	4	7.8418e-01	9.0069e-01	1.000000	0
AES	4	7.8425e-01	9.0069e-01	1.000000	0
POU1F1	4	7.8432e-01	9.0069e-01	1.000000	0
CA5A	4	7.8437e-01	9.0069e-01	1.000000	0
NDST3	4	7.8445e-01	9.0069e-01	1.000000	0
CCDC8	4	7.8462e-01	9.0140e-01	1.000000	0
GNAL	4	7.8466e-01	9.0140e-01	1.000000	0
SASH3	4	7.8473e-01	9.0140e-01	1.000000	0
GUF1	4	7.8486e-01	9.0210e-01	1.000000	0
EFNA3	4	7.8488e-01	9.0210e-01	1.000000	0
OR4S1	4	7.8491e-01	9.0210e-01	1.000000	0
PRR18	4	7.8494e-01	9.0278e-01	1.000000	0
TMEM206	4	7.8497e-01	9.0278e-01	1.000000	0
RNF220	4	7.8501e-01	9.0278e-01	1.000000	0
PAGE1	4	7.8504e-01	9.0278e-01	1.000000	0
GDPD5	4	7.8516e-01	9.0347e-01	1.000000	0
MCUR1	4	7.8520e-01	9.0347e-01	1.000000	0
KRTAP1-1	4	7.8528e-01	9.0347e-01	1.000000	0
HRASLS2	4	7.8532e-01	9.0347e-01	1.000000	0
MAGEB3	4	7.8533e-01	9.0347e-01	1.000000	0
CYP2F1	4	7.8535e-01	9.0347e-01	1.000000	0
RHCG	4	7.8537e-01	9.0347e-01	1.000000	0
HTRA4	4	7.8538e-01	9.0347e-01	1.000000	0
KLHL1	4	7.8551e-01	9.0347e-01	1.000000	0
PXMP2	4	7.8556e-01	9.0347e-01	1.000000	0
CCDC3	4	7.8564e-01	9.0347e-01	1.000000	0
CHTOP	4	7.8579e-01	9.0347e-01	1.000000	0
TMEM140	4	7.8585e-01	9.0347e-01	1.000000	0
EHD2	4	7.8590e-01	9.0347e-01	1.000000	0
SLC46A2	4	7.8602e-01	9.0347e-01	1.000000	0
KRT32	4	7.8607e-01	9.0347e-01	1.000000	0
KBTBD4	4	7.8611e-01	9.0347e-01	1.000000	0
OR5H14	4	7.8621e-01	9.0347e-01	1.000000	0
CRISP3	4	7.8626e-01	9.0347e-01	1.000000	0
TYW1	4	7.8628e-01	9.0347e-01	1.000000	0
SFI1	4	7.8631e-01	9.0347e-01	1.000000	0
ZBED8	4	7.8641e-01	9.0347e-01	1.000000	0
ATMIN	4	7.8644e-01	9.0347e-01	1.000000	0
SUMO3	4	7.8652e-01	9.0347e-01	1.000000	0
PSG4	4	7.8654e-01	9.0347e-01	1.000000	0
CACNG6	4	7.8657e-01	9.0347e-01	1.000000	0
OR10A3	4	7.8662e-01	9.0347e-01	1.000000	0
OR51T1	4	7.8664e-01	9.0347e-01	1.000000	0
CDC42BPG	4	7.8672e-01	9.0347e-01	1.000000	0
ENTPD1	4	7.8675e-01	9.0347e-01	1.000000	0
SULT2B1	4	7.8676e-01	9.0347e-01	1.000000	0
SETBP1	4	7.8680e-01	9.0347e-01	1.000000	0
IRX4	4	7.8683e-01	9.0347e-01	1.000000	0
NUP35	4	7.8685e-01	9.0347e-01	1.000000	0
OR52J3	4	7.8689e-01	9.0347e-01	1.000000	0
POLI	4	7.8693e-01	9.0347e-01	1.000000	0
TRAPPC6B	4	7.8696e-01	9.0347e-01	1.000000	0
PRKCA	4	7.8698e-01	9.0347e-01	1.000000	0
S1PR5	4	7.8699e-01	9.0347e-01	1.000000	0
PIGQ	4	7.8706e-01	9.0347e-01	1.000000	0
CXorf66	4	7.8711e-01	9.0347e-01	1.000000	0
POU3F2	4	7.8714e-01	9.0347e-01	1.000000	0
ZNF687	4	7.8717e-01	9.0347e-01	1.000000	0
KCNK9	4	7.8736e-01	9.0416e-01	1.000000	0
C16orf45	4	7.8738e-01	9.0416e-01	1.000000	0
DNAJC28	4	7.8753e-01	9.0416e-01	1.000000	0
HIAT1	4	7.8764e-01	9.0485e-01	1.000000	0
SOST	4	7.8766e-01	9.0485e-01	1.000000	0
C5orf22	4	7.8770e-01	9.0485e-01	1.000000	0
ZNF774	4	7.8772e-01	9.0485e-01	1.000000	0
MBLAC1	4	7.8777e-01	9.0485e-01	1.000000	0
FAM129A	4	7.8783e-01	9.0485e-01	1.000000	0
ALLC	4	7.8785e-01	9.0485e-01	1.000000	0
ATAD3C	4	7.8787e-01	9.0485e-01	1.000000	0
HACD2	4	7.8798e-01	9.0554e-01	1.000000	0
CCDC42	4	7.8800e-01	9.0554e-01	1.000000	0
THSD4	4	7.8803e-01	9.0554e-01	1.000000	0
EME1	4	7.8816e-01	9.0554e-01	1.000000	0
PRDM2	4	7.8817e-01	9.0554e-01	1.000000	0
TMBIM1	4	7.8822e-01	9.0554e-01	1.000000	0
WDR55	4	7.8824e-01	9.0554e-01	1.000000	0
FFAR1	4	7.8832e-01	9.0554e-01	1.000000	0
CCDC151	4	7.8833e-01	9.0554e-01	1.000000	0
THRB	4	7.8836e-01	9.0554e-01	1.000000	0
C5orf66	4	7.8840e-01	9.0554e-01	1.000000	0
DNAH10	4	7.8845e-01	9.0554e-01	1.000000	0
APMAP	4	7.8848e-01	9.0554e-01	1.000000	0
AKR1D1	4	7.8858e-01	9.0554e-01	1.000000	0
KRTCAP3	4	7.8869e-01	9.0619e-01	1.000000	0
MDP1	4	7.8872e-01	9.0619e-01	1.000000	0
ST6GALNAC3	4	7.8874e-01	9.0619e-01	1.000000	0
PCM1	4	7.8875e-01	9.0619e-01	1.000000	0
CLCN5	4	7.8879e-01	9.0619e-01	1.000000	0
SHISA2	4	7.8880e-01	9.0619e-01	1.000000	0
ERI1	4	7.8885e-01	9.0619e-01	1.000000	0
BCL2L2-PABPN1	4	7.8887e-01	9.0619e-01	1.000000	0
SLC47A2	4	7.8888e-01	9.0619e-01	1.000000	0
ANXA10	4	7.8892e-01	9.0619e-01	1.000000	0
SPEM1	4	7.8901e-01	9.0619e-01	1.000000	0
ZNF790	4	7.8916e-01	9.0619e-01	1.000000	0
PLCZ1	4	7.8921e-01	9.0619e-01	1.000000	0
SALL3	4	7.8927e-01	9.0619e-01	1.000000	0
FAM105A	4	7.8938e-01	9.0619e-01	1.000000	0
DMRTA1	4	7.8946e-01	9.0619e-01	1.000000	0
RYR1	4	7.8951e-01	9.0619e-01	1.000000	0
MTR	4	7.8958e-01	9.0619e-01	1.000000	0
TAT	4	7.8959e-01	9.0619e-01	1.000000	0
SCN3B	4	7.8970e-01	9.0619e-01	1.000000	0
NUP54	4	7.8991e-01	9.0619e-01	1.000000	0
TPPP3	4	7.8993e-01	9.0619e-01	1.000000	0
USP17L18	4	7.8994e-01	9.0619e-01	1.000000	0
WISP1	4	7.8996e-01	9.0619e-01	1.000000	0
RGS20	4	7.9004e-01	9.0619e-01	1.000000	0
C7orf66	4	7.9012e-01	9.0619e-01	1.000000	0
CHRNB1	4	7.9017e-01	9.0619e-01	1.000000	0
NFATC2	4	7.9033e-01	9.0688e-01	1.000000	0
ADAT2	4	7.9043e-01	9.0688e-01	1.000000	0
RALGPS2	4	7.9044e-01	9.0688e-01	1.000000	0
OR1B1	4	7.9047e-01	9.0688e-01	1.000000	0
ITGA5	4	7.9052e-01	9.0688e-01	1.000000	0
PPP2R4	4	7.9057e-01	9.0688e-01	1.000000	0
PIAS2	4	7.9060e-01	9.0688e-01	1.000000	0
FGGY	4	7.9067e-01	9.0688e-01	1.000000	0
VGLL1	4	7.9079e-01	9.0688e-01	1.000000	0
OOEP	4	7.9081e-01	9.0688e-01	1.000000	0
PRSS58	4	7.9084e-01	9.0688e-01	1.000000	0
BRAP	4	7.9091e-01	9.0688e-01	1.000000	0
OR5AR1	4	7.9095e-01	9.0688e-01	1.000000	0
C1orf109	4	7.9105e-01	9.0688e-01	1.000000	0
GSDMA	4	7.9107e-01	9.0688e-01	1.000000	0
MAP4K2	4	7.9110e-01	9.0688e-01	1.000000	0
AIP	4	7.9111e-01	9.0688e-01	1.000000	0
KIFAP3	4	7.9124e-01	9.0757e-01	1.000000	0
FAM193B	4	7.9127e-01	9.0757e-01	1.000000	0
OR4A47	4	7.9132e-01	9.0757e-01	1.000000	0
HIC1	4	7.9134e-01	9.0757e-01	1.000000	0
TUBB6	4	7.9135e-01	9.0757e-01	1.000000	0
SLC45A1	4	7.9140e-01	9.0757e-01	1.000000	0
C11orf16	4	7.9156e-01	9.0757e-01	1.000000	0
GBX1	4	7.9159e-01	9.0757e-01	1.000000	0
RAP1A	4	7.9162e-01	9.0757e-01	1.000000	0
TRPA1	4	7.9170e-01	9.0757e-01	1.000000	0
VPS18	4	7.9178e-01	9.0757e-01	1.000000	0
MIIP	4	7.9182e-01	9.0757e-01	1.000000	0
C8orf4	4	7.9185e-01	9.0757e-01	1.000000	0
C9orf170	4	7.9188e-01	9.0757e-01	1.000000	0
C1orf123	4	7.9193e-01	9.0757e-01	1.000000	0
HEATR4	4	7.9196e-01	9.0757e-01	1.000000	0
FBN3	4	7.9202e-01	9.0757e-01	1.000000	0
TMEM101	4	7.9205e-01	9.0757e-01	1.000000	0
DOLPP1	4	7.9215e-01	9.0757e-01	1.000000	0
ZFP82	4	7.9221e-01	9.0829e-01	1.000000	0
PSD2	4	7.9225e-01	9.0829e-01	1.000000	0
ZNF432	4	7.9231e-01	9.0829e-01	1.000000	0
ADGRG4	4	7.9236e-01	9.0829e-01	1.000000	0
MIF4GD	4	7.9268e-01	9.0829e-01	1.000000	0
ALG1L2	4	7.9272e-01	9.0829e-01	1.000000	0
C6orf163	4	7.9277e-01	9.0829e-01	1.000000	0
NFIC	4	7.9280e-01	9.0829e-01	1.000000	0
RTN3	4	7.9288e-01	9.0959e-01	1.000000	0
THSD7B	4	7.9293e-01	9.0959e-01	1.000000	0
TMEM87B	4	7.9296e-01	9.0959e-01	1.000000	0
CCDC71	4	7.9298e-01	9.0959e-01	1.000000	0
GRM7	4	7.9304e-01	9.0959e-01	1.000000	0
DNAL1	4	7.9306e-01	9.0959e-01	1.000000	0
NLRP5	4	7.9315e-01	9.0959e-01	1.000000	0
KLK9	4	7.9317e-01	9.0959e-01	1.000000	0
MFSD2B	4	7.9319e-01	9.0959e-01	1.000000	0
FKBP6	4	7.9325e-01	9.0959e-01	1.000000	0
USP24	4	7.9329e-01	9.0959e-01	1.000000	0
KIAA2012	4	7.9333e-01	9.0959e-01	1.000000	0
EPHX4	4	7.9337e-01	9.0959e-01	1.000000	0
ANKEF1	4	7.9344e-01	9.0959e-01	1.000000	0
REG3G	4	7.9347e-01	9.0959e-01	1.000000	0
OR2Z1	4	7.9353e-01	9.0959e-01	1.000000	0
ARMC6	4	7.9364e-01	9.1023e-01	1.000000	0
OLA1	4	7.9366e-01	9.1023e-01	1.000000	0
GIMAP7	4	7.9372e-01	9.1023e-01	1.000000	0
B4GALNT4	4	7.9377e-01	9.1023e-01	1.000000	0
SLC26A2	4	7.9380e-01	9.1023e-01	1.000000	0
KIAA1324	4	7.9383e-01	9.1023e-01	1.000000	0
HSPBP1	4	7.9388e-01	9.1089e-01	1.000000	0
NRN1L	4	7.9402e-01	9.1089e-01	1.000000	0
PHOX2B	4	7.9407e-01	9.1089e-01	1.000000	0
SPDYA	4	7.9410e-01	9.1089e-01	1.000000	0
KIF14	4	7.9417e-01	9.1089e-01	1.000000	0
TLR8	4	7.9423e-01	9.1089e-01	1.000000	0
HIGD1A	4	7.9429e-01	9.1089e-01	1.000000	0
TMEM171	4	7.9439e-01	9.1089e-01	1.000000	0
ITGAD	4	7.9459e-01	9.1089e-01	1.000000	0
C14orf169	4	7.9472e-01	9.1221e-01	1.000000	0
KRT25	4	7.9475e-01	9.1221e-01	1.000000	0
SAMD14	4	7.9477e-01	9.1221e-01	1.000000	0
DDX4	4	7.9484e-01	9.1221e-01	1.000000	0
GTSF1	4	7.9488e-01	9.1221e-01	1.000000	0
SLC27A1	4	7.9495e-01	9.1282e-01	1.000000	0
PPP1R10	4	7.9499e-01	9.1282e-01	1.000000	0
VMA21	4	7.9503e-01	9.1282e-01	1.000000	0
TNFRSF14	4	7.9505e-01	9.1282e-01	1.000000	0
UBE2O	4	7.9511e-01	9.1282e-01	1.000000	0
WARS2	4	7.9514e-01	9.1282e-01	1.000000	0
MAD1L1	4	7.9516e-01	9.1282e-01	1.000000	0
KCTD18	4	7.9522e-01	9.1282e-01	1.000000	0
C2orf27B	4	7.9524e-01	9.1282e-01	1.000000	0
TXNDC17	4	7.9532e-01	9.1282e-01	1.000000	0
RFPL2	4	7.9533e-01	9.1282e-01	1.000000	0
LOC100289561	4	7.9538e-01	9.1282e-01	1.000000	0
STON1-GTF2A1L	4	7.9554e-01	9.1282e-01	1.000000	0
C1orf174	4	7.9555e-01	9.1282e-01	1.000000	0
ALOX12B	4	7.9557e-01	9.1282e-01	1.000000	0
HIST1H1A	4	7.9562e-01	9.1282e-01	1.000000	0
CENPJ	4	7.9563e-01	9.1282e-01	1.000000	0
CD320	4	7.9565e-01	9.1282e-01	1.000000	0
PABPC4L	4	7.9574e-01	9.1282e-01	1.000000	0
KRTAP19-4	4	7.9579e-01	9.1282e-01	1.000000	0
LRRIQ4	4	7.9584e-01	9.1348e-01	1.000000	0
TPPP	4	7.9595e-01	9.1348e-01	1.000000	0
RRAD	4	7.9596e-01	9.1348e-01	1.000000	0
USP2	4	7.9598e-01	9.1348e-01	1.000000	0
ISOC2	4	7.9607e-01	9.1348e-01	1.000000	0
SLC26A4	4	7.9612e-01	9.1348e-01	1.000000	0
TRIM29	4	7.9621e-01	9.1348e-01	1.000000	0
NRCAM	4	7.9628e-01	9.1348e-01	1.000000	0
PDLIM4	4	7.9631e-01	9.1348e-01	1.000000	0
CRMP1	4	7.9632e-01	9.1348e-01	1.000000	0
CCR6	4	7.9637e-01	9.1348e-01	1.000000	0
ZNF750	4	7.9646e-01	9.1348e-01	1.000000	0
KRTAP10-11	4	7.9649e-01	9.1348e-01	1.000000	0
TSSK1B	4	7.9656e-01	9.1348e-01	1.000000	0
MEPE	4	7.9657e-01	9.1348e-01	1.000000	0
ZNF746	4	7.9664e-01	9.1348e-01	1.000000	0
IQUB	4	7.9665e-01	9.1348e-01	1.000000	0
CNGA3	4	7.9670e-01	9.1348e-01	1.000000	0
CELF2	4	7.9687e-01	9.1348e-01	1.000000	0
MROH2B	4	7.9692e-01	9.1413e-01	1.000000	0
FTO	4	7.9695e-01	9.1413e-01	1.000000	0
ACKR2	4	7.9709e-01	9.1479e-01	1.000000	0
PAICS	4	7.9715e-01	9.1479e-01	1.000000	0
SUSD6	4	7.9725e-01	9.1479e-01	1.000000	0
WDR49	4	7.9734e-01	9.1479e-01	1.000000	0
UTP14C	4	7.9736e-01	9.1479e-01	1.000000	0
SALL4	4	7.9743e-01	9.1479e-01	1.000000	0
NR2C1	4	7.9745e-01	9.1479e-01	1.000000	0
SERINC5	4	7.9746e-01	9.1479e-01	1.000000	0
HNRNPC	4	7.9753e-01	9.1479e-01	1.000000	0
EFCAB14	4	7.9756e-01	9.1479e-01	1.000000	0
GIMAP4	4	7.9757e-01	9.1479e-01	1.000000	0
PGLYRP2	4	7.9765e-01	9.1479e-01	1.000000	0
C11orf49	4	7.9768e-01	9.1479e-01	1.000000	0
PRKRIP1	4	7.9770e-01	9.1479e-01	1.000000	0
CLCN3	4	7.9776e-01	9.1479e-01	1.000000	0
CAMKK2	4	7.9778e-01	9.1479e-01	1.000000	0
ZNF836	4	7.9785e-01	9.1479e-01	1.000000	0
NDUFA10	4	7.9789e-01	9.1479e-01	1.000000	0
CYP2S1	4	7.9804e-01	9.1479e-01	1.000000	0
COA6	4	7.9809e-01	9.1479e-01	1.000000	0
GAGE12J	4	7.9810e-01	9.1479e-01	1.000000	0
LOC645382	4	7.9812e-01	9.1479e-01	1.000000	0
MRPS33	4	7.9814e-01	9.1479e-01	1.000000	0
CLUH	4	7.9815e-01	9.1479e-01	1.000000	0
GRAP2	4	7.9821e-01	9.1479e-01	1.000000	0
MACC1	4	7.9842e-01	9.1479e-01	1.000000	0
ZBED2	4	7.9848e-01	9.1479e-01	1.000000	0
TECRL	4	7.9866e-01	9.1479e-01	1.000000	0
ERAP1	4	7.9868e-01	9.1479e-01	1.000000	0
ECSCR	4	7.9879e-01	9.1479e-01	1.000000	0
SPINT2	4	7.9880e-01	9.1479e-01	1.000000	0
ZNF438	4	7.9884e-01	9.1479e-01	1.000000	0
RAB18	4	7.9885e-01	9.1479e-01	1.000000	0
JRK	4	7.9888e-01	9.1479e-01	1.000000	0
MOAP1	4	7.9891e-01	9.1479e-01	1.000000	0
ZNF586	4	7.9897e-01	9.1479e-01	1.000000	0
BPNT1	4	7.9902e-01	9.1479e-01	1.000000	0
SLC30A6	4	7.9908e-01	9.1479e-01	1.000000	0
SPOCD1	4	7.9913e-01	9.1479e-01	1.000000	0
YDJC	4	7.9918e-01	9.1479e-01	1.000000	0
KCNH3	4	7.9919e-01	9.1479e-01	1.000000	0
HFE2	4	7.9925e-01	9.1479e-01	1.000000	0
LILRB4	4	7.9927e-01	9.1479e-01	1.000000	0
PAPL	4	7.9929e-01	9.1479e-01	1.000000	0
FAM221A	4	7.9930e-01	9.1479e-01	1.000000	0
CPAMD8	4	7.9933e-01	9.1479e-01	1.000000	0
FBXL3	4	7.9941e-01	9.1479e-01	1.000000	0
IGFLR1	4	7.9946e-01	9.1479e-01	1.000000	0
ALDH3A2	4	7.9953e-01	9.1479e-01	1.000000	0
RNF139	4	7.9966e-01	9.1543e-01	1.000000	0
RNF128	4	7.9972e-01	9.1543e-01	1.000000	0
METTL21B	4	7.9973e-01	9.1543e-01	1.000000	0
SCAMP2	4	7.9980e-01	9.1543e-01	1.000000	0
MYLPF	4	7.9984e-01	9.1543e-01	1.000000	0
CCDC112	4	7.9994e-01	9.1543e-01	1.000000	0
SLC50A1	4	8.0001e-01	9.1543e-01	1.000000	0
TRAF1	4	8.0003e-01	9.1543e-01	1.000000	0
TIGD2	4	8.0004e-01	9.1543e-01	1.000000	0
SH2D1B	4	8.0011e-01	9.1543e-01	1.000000	0
ZNF469	4	8.0017e-01	9.1543e-01	1.000000	0
HBP1	4	8.0018e-01	9.1543e-01	1.000000	0
LRRC15	4	8.0021e-01	9.1543e-01	1.000000	0
LRRC63	4	8.0032e-01	9.1543e-01	1.000000	0
IL17REL	4	8.0037e-01	9.1606e-01	1.000000	0
PNPLA8	4	8.0038e-01	9.1606e-01	1.000000	0
EXOSC3	4	8.0040e-01	9.1606e-01	1.000000	0
C10orf55	4	8.0042e-01	9.1606e-01	1.000000	0
RASGRP4	4	8.0048e-01	9.1606e-01	1.000000	0
OR10H5	4	8.0054e-01	9.1606e-01	1.000000	0
PRKCG	4	8.0057e-01	9.1606e-01	1.000000	0
PFN4	4	8.0069e-01	9.1606e-01	1.000000	0
VDAC3	4	8.0071e-01	9.1606e-01	1.000000	0
BTN3A1	4	8.0072e-01	9.1606e-01	1.000000	0
IL31RA	4	8.0074e-01	9.1606e-01	1.000000	0
EPHA10	4	8.0077e-01	9.1606e-01	1.000000	0
NCOA4	4	8.0082e-01	9.1606e-01	1.000000	0
OR5AN1	4	8.0091e-01	9.1606e-01	1.000000	0
CAMSAP3	4	8.0096e-01	9.1606e-01	1.000000	0
CORO7	4	8.0099e-01	9.1606e-01	1.000000	0
CTSF	4	8.0103e-01	9.1606e-01	1.000000	0
TMEM167A	4	8.0112e-01	9.1665e-01	1.000000	0
IDH3A	4	8.0117e-01	9.1665e-01	1.000000	0
ARSB	4	8.0120e-01	9.1665e-01	1.000000	0
SLC25A52	4	8.0137e-01	9.1665e-01	1.000000	0
ACP2	4	8.0148e-01	9.1665e-01	1.000000	0
CEP63	4	8.0163e-01	9.1665e-01	1.000000	0
MAP4K1	4	8.0169e-01	9.1665e-01	1.000000	0
TDRD7	4	8.0171e-01	9.1665e-01	1.000000	0
KRTAP4-8	4	8.0172e-01	9.1665e-01	1.000000	0
METAP2	4	8.0176e-01	9.1665e-01	1.000000	0
SRM	4	8.0178e-01	9.1665e-01	1.000000	0
DNAJB13	4	8.0178e-01	9.1665e-01	1.000000	0
VBP1	4	8.0182e-01	9.1665e-01	1.000000	0
APITD1	4	8.0186e-01	9.1665e-01	1.000000	0
ARGFX	4	8.0192e-01	9.1665e-01	1.000000	0
USP17L12	4	8.0196e-01	9.1665e-01	1.000000	0
MTRF1L	4	8.0202e-01	9.1665e-01	1.000000	0
RHOV	4	8.0203e-01	9.1665e-01	1.000000	0
PAK4	4	8.0211e-01	9.1728e-01	1.000000	0
KIF7	4	8.0215e-01	9.1728e-01	1.000000	0
SKI	4	8.0220e-01	9.1728e-01	1.000000	0
NAA20	4	8.0226e-01	9.1790e-01	1.000000	0
WNT7A	4	8.0232e-01	9.1790e-01	1.000000	0
TBC1D16	4	8.0235e-01	9.1790e-01	1.000000	0
ZNF710	4	8.0237e-01	9.1790e-01	1.000000	0
OR4N4	4	8.0242e-01	9.1790e-01	1.000000	0
TXNDC8	4	8.0243e-01	9.1790e-01	1.000000	0
LPPR1	4	8.0245e-01	9.1790e-01	1.000000	0
TNNT2	4	8.0258e-01	9.1790e-01	1.000000	0
BHLHE23	4	8.0261e-01	9.1790e-01	1.000000	0
ZNF394	4	8.0266e-01	9.1790e-01	1.000000	0
INSM2	4	8.0272e-01	9.1790e-01	1.000000	0
HTR3B	4	8.0277e-01	9.1790e-01	1.000000	0
DEFB105B	4	8.0280e-01	9.1790e-01	1.000000	0
OR2V1	4	8.0284e-01	9.1850e-01	1.000000	0
BNIP2	4	8.0294e-01	9.1850e-01	1.000000	0
NFIL3	4	8.0306e-01	9.1910e-01	1.000000	0
C2orf88	4	8.0307e-01	9.1910e-01	1.000000	0
MRPL2	4	8.0318e-01	9.1910e-01	1.000000	0
TRIM14	4	8.0321e-01	9.1910e-01	1.000000	0
AFTPH	4	8.0323e-01	9.1910e-01	1.000000	0
SUMF2	4	8.0324e-01	9.1910e-01	1.000000	0
HACL1	4	8.0330e-01	9.1910e-01	1.000000	0
GAS8	4	8.0333e-01	9.1910e-01	1.000000	0
GDI2	4	8.0336e-01	9.1910e-01	1.000000	0
LCMT2	4	8.0338e-01	9.1910e-01	1.000000	0
DOK7	4	8.0341e-01	9.1910e-01	1.000000	0
VPREB1	4	8.0344e-01	9.1910e-01	1.000000	0
MPP2	4	8.0359e-01	9.1910e-01	1.000000	0
GPX7	4	8.0362e-01	9.1910e-01	1.000000	0
DMRTA2	4	8.0365e-01	9.1910e-01	1.000000	0
ICAM4	4	8.0367e-01	9.1910e-01	1.000000	0
PAK6	4	8.0376e-01	9.1910e-01	1.000000	0
ETV7	4	8.0378e-01	9.1910e-01	1.000000	0
JDP2	4	8.0384e-01	9.1910e-01	1.000000	0
TRIM56	4	8.0397e-01	9.1971e-01	1.000000	0
HABP2	4	8.0399e-01	9.1971e-01	1.000000	0
ACAD8	4	8.0400e-01	9.1972e-01	1.000000	0
UGT1A7	4	8.0413e-01	9.2031e-01	1.000000	0
RHEB	4	8.0416e-01	9.2031e-01	1.000000	0
ATP6V1C2	4	8.0419e-01	9.2031e-01	1.000000	0
MUC3A	4	8.0423e-01	9.2031e-01	1.000000	0
SURF1	4	8.0425e-01	9.2031e-01	1.000000	0
CT47A7	4	8.0431e-01	9.2031e-01	1.000000	0
PEX11B	3	8.0436e-01	9.4876e-01	1.000000	0
SSTR2	4	8.0451e-01	9.2093e-01	1.000000	0
MPND	4	8.0452e-01	9.2093e-01	1.000000	0
SYNM	4	8.0458e-01	9.2093e-01	1.000000	0
DCAF12	4	8.0461e-01	9.2093e-01	1.000000	0
TOR1AIP1	4	8.0466e-01	9.2150e-01	1.000000	0
GIPC3	4	8.0474e-01	9.2150e-01	1.000000	0
HDGF	3	8.0480e-01	9.4876e-01	1.000000	0
CABP5	4	8.0487e-01	9.2150e-01	1.000000	0
LYRM1	4	8.0492e-01	9.2150e-01	1.000000	0
PEX3	4	8.0495e-01	9.2150e-01	1.000000	0
CPLX1	4	8.0504e-01	9.2210e-01	1.000000	0
NXPE3	4	8.0508e-01	9.2210e-01	1.000000	0
LDHA	4	8.0514e-01	9.2210e-01	1.000000	0
TMIE	4	8.0524e-01	9.2210e-01	1.000000	0
IFITM3	4	8.0531e-01	9.2210e-01	1.000000	0
SLC44A3	4	8.0539e-01	9.2269e-01	1.000000	0
MBD3L2	4	8.0590e-01	9.2384e-01	1.000000	0
ICOSLG	4	8.0601e-01	9.2384e-01	1.000000	0
NPB	4	8.0604e-01	9.2384e-01	1.000000	0
IL12RB2	4	8.0605e-01	9.2384e-01	1.000000	0
PTH1R	4	8.0620e-01	9.2384e-01	1.000000	0
HIST2H4A	4	8.0622e-01	9.2384e-01	1.000000	0
FAM221B	4	8.0636e-01	9.2384e-01	1.000000	0
C10orf35	4	8.0654e-01	9.2384e-01	1.000000	0
POTEE	4	8.0667e-01	9.2384e-01	1.000000	0
AP1B1	4	8.0673e-01	9.2384e-01	1.000000	0
LHFP	4	8.0679e-01	9.2499e-01	1.000000	0
RPL17-C18orf32	4	8.0685e-01	9.2499e-01	1.000000	0
ZNF768	4	8.0694e-01	9.2499e-01	1.000000	0
PLBD1	4	8.0699e-01	9.2499e-01	1.000000	0
FEV	4	8.0706e-01	9.2558e-01	1.000000	0
TFCP2L1	4	8.0714e-01	9.2558e-01	1.000000	0
KDM5C	4	8.0721e-01	9.2558e-01	1.000000	0
PCED1B	4	8.0729e-01	9.2558e-01	1.000000	0
HIST1H3H	4	8.0743e-01	9.2617e-01	1.000000	0
CWC25	4	8.0744e-01	9.2617e-01	1.000000	0
HOXB7	4	8.0750e-01	9.2617e-01	1.000000	0
GGT7	4	8.0755e-01	9.2617e-01	1.000000	0
PAFAH1B2	3	8.0763e-01	9.4958e-01	1.000000	0
PARG	4	8.0767e-01	9.2617e-01	1.000000	0
DEFB123	4	8.0773e-01	9.2672e-01	1.000000	0
TRPM2	4	8.0777e-01	9.2672e-01	1.000000	0
PHOX2A	4	8.0785e-01	9.2672e-01	1.000000	0
KIAA1586	4	8.0786e-01	9.2672e-01	1.000000	0
CPT2	4	8.0791e-01	9.2728e-01	1.000000	0
MOB3A	4	8.0801e-01	9.2728e-01	1.000000	0
DDN	4	8.0806e-01	9.2728e-01	1.000000	0
UNC5C	4	8.0810e-01	9.2728e-01	1.000000	0
ATF7IP2	4	8.0815e-01	9.2728e-01	1.000000	0
DGKZ	4	8.0819e-01	9.2729e-01	1.000000	0
TMEM257	4	8.0821e-01	9.2729e-01	1.000000	0
COX20	4	8.0824e-01	9.2729e-01	1.000000	0
C1orf94	4	8.0831e-01	9.2729e-01	1.000000	0
NPS	4	8.0833e-01	9.2729e-01	1.000000	0
TUBA1A	4	8.0843e-01	9.2729e-01	1.000000	0
LAD1	4	8.0851e-01	9.2787e-01	1.000000	0
TJP3	4	8.0857e-01	9.2787e-01	1.000000	0
FGFR1OP2	4	8.0863e-01	9.2787e-01	1.000000	0
GCAT	4	8.0866e-01	9.2787e-01	1.000000	0
DEFB136	4	8.0867e-01	9.2787e-01	1.000000	0
DKK3	4	8.0869e-01	9.2787e-01	1.000000	0
CDR2	4	8.0870e-01	9.2787e-01	1.000000	0
VPS35	4	8.0872e-01	9.2787e-01	1.000000	0
U2AF1L4	4	8.0881e-01	9.2841e-01	1.000000	0
SEMA6B	4	8.0882e-01	9.2841e-01	1.000000	0
TECPR2	4	8.0891e-01	9.2841e-01	1.000000	0
P4HB	4	8.0894e-01	9.2841e-01	1.000000	0
SCOC	4	8.0900e-01	9.2841e-01	1.000000	0
S100A3	4	8.0904e-01	9.2841e-01	1.000000	0
RPIA	4	8.0907e-01	9.2841e-01	1.000000	0
RHCE	4	8.0909e-01	9.2841e-01	1.000000	0
IGFBP2	4	8.0910e-01	9.2841e-01	1.000000	0
H2AFB2	4	8.0915e-01	9.2841e-01	1.000000	0
RIMBP3	4	8.0921e-01	9.2841e-01	1.000000	0
MAN2B1	4	8.0922e-01	9.2841e-01	1.000000	0
KIAA1644	4	8.0924e-01	9.2841e-01	1.000000	0
CST1	4	8.0934e-01	9.2841e-01	1.000000	0
COX5A	4	8.0937e-01	9.2841e-01	1.000000	0
CCER2	4	8.0946e-01	9.2841e-01	1.000000	0
CD207	4	8.0952e-01	9.2841e-01	1.000000	0
KLRG1	4	8.0954e-01	9.2841e-01	1.000000	0
C2CD4B	4	8.0955e-01	9.2841e-01	1.000000	0
E2F3	4	8.0970e-01	9.2897e-01	1.000000	0
CEP85L	4	8.0975e-01	9.2897e-01	1.000000	0
DAW1	4	8.0976e-01	9.2897e-01	1.000000	0
CCR9	4	8.0989e-01	9.2897e-01	1.000000	0
KIAA0040	4	8.0991e-01	9.2897e-01	1.000000	0
HEPN1	4	8.0998e-01	9.2897e-01	1.000000	0
MKI67	4	8.1003e-01	9.2897e-01	1.000000	0
PDCD4	4	8.1009e-01	9.2897e-01	1.000000	0
USP29	4	8.1012e-01	9.2897e-01	1.000000	0
CBLL1	4	8.1019e-01	9.2897e-01	1.000000	0
RPS6KA3	4	8.1031e-01	9.2897e-01	1.000000	0
JMJD4	4	8.1039e-01	9.2897e-01	1.000000	0
PDHB	4	8.1046e-01	9.2897e-01	1.000000	0
ZNF670	4	8.1050e-01	9.2897e-01	1.000000	0
IL1RAPL2	4	8.1053e-01	9.2897e-01	1.000000	0
NDUFA5	4	8.1056e-01	9.2897e-01	1.000000	0
NDFIP1	4	8.1059e-01	9.2897e-01	1.000000	0
CD19	4	8.1061e-01	9.2897e-01	1.000000	0
SPAG9	4	8.1073e-01	9.2897e-01	1.000000	0
SLC25A25	4	8.1089e-01	9.2897e-01	1.000000	0
FMNL1	4	8.1092e-01	9.2897e-01	1.000000	0
ZSCAN21	4	8.1095e-01	9.2897e-01	1.000000	0
CYB5D2	4	8.1110e-01	9.2952e-01	1.000000	0
PDXP	4	8.1113e-01	9.2952e-01	1.000000	0
CALCRL	4	8.1114e-01	9.2952e-01	1.000000	0
KLC4	4	8.1123e-01	9.2952e-01	1.000000	0
PMM2	4	8.1129e-01	9.2952e-01	1.000000	0
NANOS3	4	8.1133e-01	9.3006e-01	1.000000	0
SEPTIN6	4	8.1135e-01	9.3006e-01	1.000000	0
TOLLIP	4	8.1139e-01	9.3006e-01	1.000000	0
PTPRO	4	8.1145e-01	9.3006e-01	1.000000	0
FBXL15	4	8.1155e-01	9.3061e-01	1.000000	0
JRKL	4	8.1162e-01	9.3061e-01	1.000000	0
TMEM107	4	8.1163e-01	9.3061e-01	1.000000	0
FTH1	4	8.1166e-01	9.3061e-01	1.000000	0
PIK3R4	4	8.1172e-01	9.3061e-01	1.000000	0
IQCF3	4	8.1173e-01	9.3061e-01	1.000000	0
ADGRG2	4	8.1176e-01	9.3061e-01	1.000000	0
WBP11	4	8.1193e-01	9.3118e-01	1.000000	0
FAM210B	4	8.1196e-01	9.3118e-01	1.000000	0
PPP1R13L	4	8.1197e-01	9.3118e-01	1.000000	0
SPATA16	4	8.1203e-01	9.3118e-01	1.000000	0
CTSO	4	8.1206e-01	9.3118e-01	1.000000	0
SEC22C	4	8.1225e-01	9.3118e-01	1.000000	0
TIA1	4	8.1241e-01	9.3173e-01	1.000000	0
AGR3	4	8.1250e-01	9.3173e-01	1.000000	0
RAP1GAP2	4	8.1258e-01	9.3173e-01	1.000000	0
MEDAG	4	8.1275e-01	9.3173e-01	1.000000	0
CROCC	4	8.1277e-01	9.3173e-01	1.000000	0
COX16	4	8.1280e-01	9.3173e-01	1.000000	0
CT47A8	4	8.1281e-01	9.3173e-01	1.000000	0
WDR89	4	8.1283e-01	9.3173e-01	1.000000	0
PLA2R1	4	8.1290e-01	9.3173e-01	1.000000	0
DHRS1	4	8.1300e-01	9.3173e-01	1.000000	0
OAS2	4	8.1303e-01	9.3173e-01	1.000000	0
DCLK2	4	8.1311e-01	9.3223e-01	1.000000	0
RAB27A	4	8.1313e-01	9.3223e-01	1.000000	0
SIAH2	4	8.1318e-01	9.3223e-01	1.000000	0
TRIM49B	4	8.1321e-01	9.3223e-01	1.000000	0
TCTN1	4	8.1322e-01	9.3223e-01	1.000000	0
PCDH11Y	4	8.1329e-01	9.3223e-01	1.000000	0
TSSK3	4	8.1344e-01	9.3223e-01	1.000000	0
MYO15A	4	8.1347e-01	9.3277e-01	1.000000	0
OR4K5	4	8.1353e-01	9.3277e-01	1.000000	0
OTP	4	8.1355e-01	9.3277e-01	1.000000	0
TJP2	4	8.1363e-01	9.3327e-01	1.000000	0
HOXD11	4	8.1371e-01	9.3327e-01	1.000000	0
SEMA4D	4	8.1374e-01	9.3327e-01	1.000000	0
PRSS55	4	8.1375e-01	9.3327e-01	1.000000	0
DYX1C1	4	8.1377e-01	9.3327e-01	1.000000	0
PTN	4	8.1380e-01	9.3327e-01	1.000000	0
FAM179B	4	8.1381e-01	9.3327e-01	1.000000	0
RABGAP1L	4	8.1382e-01	9.3327e-01	1.000000	0
ITM2C	4	8.1384e-01	9.3327e-01	1.000000	0
PLIN4	4	8.1387e-01	9.3327e-01	1.000000	0
SNX6	4	8.1393e-01	9.3327e-01	1.000000	0
VTA1	4	8.1397e-01	9.3327e-01	1.000000	0
SEC16B	4	8.1399e-01	9.3327e-01	1.000000	0
PGAM4	4	8.1410e-01	9.3327e-01	1.000000	0
SULT1E1	4	8.1422e-01	9.3327e-01	1.000000	0
CD300E	4	8.1424e-01	9.3327e-01	1.000000	0
IL22RA2	4	8.1444e-01	9.3327e-01	1.000000	0
TOP1MT	4	8.1445e-01	9.3327e-01	1.000000	0
CYP21A2	4	8.1451e-01	9.3327e-01	1.000000	0
IFNAR2	4	8.1462e-01	9.3327e-01	1.000000	0
MRPL53	4	8.1463e-01	9.3327e-01	1.000000	0
DACT1	4	8.1469e-01	9.3327e-01	1.000000	0
IFFO1	4	8.1473e-01	9.3327e-01	1.000000	0
NGF	4	8.1479e-01	9.3327e-01	1.000000	0
PAX6	4	8.1481e-01	9.3327e-01	1.000000	0
RSPO1	4	8.1495e-01	9.3327e-01	1.000000	0
C6orf141	4	8.1499e-01	9.3327e-01	1.000000	0
ELOVL7	4	8.1501e-01	9.3327e-01	1.000000	0
ADCYAP1R1	4	8.1508e-01	9.3379e-01	1.000000	0
ZDHHC5	4	8.1516e-01	9.3432e-01	1.000000	0
ZNF22	4	8.1532e-01	9.3432e-01	1.000000	0
NAT10	4	8.1533e-01	9.3432e-01	1.000000	0
SNRPB	4	8.1537e-01	9.3432e-01	1.000000	0
ALDH9A1	4	8.1548e-01	9.3432e-01	1.000000	0
TMEM190	4	8.1551e-01	9.3432e-01	1.000000	0
FBXL14	4	8.1561e-01	9.3432e-01	1.000000	0
GLG1	4	8.1575e-01	9.3432e-01	1.000000	0
CLIP1	4	8.1590e-01	9.3483e-01	1.000000	0
TMX4	4	8.1591e-01	9.3483e-01	1.000000	0
FSTL3	4	8.1594e-01	9.3483e-01	1.000000	0
ABTB2	4	8.1596e-01	9.3483e-01	1.000000	0
ARMC4	4	8.1600e-01	9.3483e-01	1.000000	0
RIN2	4	8.1606e-01	9.3483e-01	1.000000	0
PEAR1	4	8.1607e-01	9.3483e-01	1.000000	0
NEK2	4	8.1610e-01	9.3483e-01	1.000000	0
AP5M1	4	8.1614e-01	9.3483e-01	1.000000	0
ALPPL2	4	8.1616e-01	9.3483e-01	1.000000	0
AURKA	4	8.1622e-01	9.3483e-01	1.000000	0
PBRM1	4	8.1625e-01	9.3536e-01	1.000000	0
H2BFWT	4	8.1629e-01	9.3536e-01	1.000000	0
LPAR3	4	8.1632e-01	9.3536e-01	1.000000	0
TMEM50A	4	8.1635e-01	9.3536e-01	1.000000	0
KCND1	4	8.1644e-01	9.3536e-01	1.000000	0
SUGCT	4	8.1652e-01	9.3536e-01	1.000000	0
MED15	4	8.1658e-01	9.3536e-01	1.000000	0
LONRF2	4	8.1661e-01	9.3536e-01	1.000000	0
GOLGA6D	4	8.1671e-01	9.3536e-01	1.000000	0
MRPS24	4	8.1675e-01	9.3536e-01	1.000000	0
CT47A9	4	8.1696e-01	9.3536e-01	1.000000	0
SAMHD1	4	8.1697e-01	9.3536e-01	1.000000	0
HIST2H4B	4	8.1699e-01	9.3536e-01	1.000000	0
VAMP7	4	8.1709e-01	9.3536e-01	1.000000	0
CYP27C1	4	8.1710e-01	9.3536e-01	1.000000	0
GCC1	4	8.1722e-01	9.3536e-01	1.000000	0
KCNJ1	4	8.1723e-01	9.3536e-01	1.000000	0
POLR2E	4	8.1730e-01	9.3536e-01	1.000000	0
XYLT2	4	8.1735e-01	9.3587e-01	1.000000	0
SUV39H2	4	8.1736e-01	9.3587e-01	1.000000	0
C18orf8	4	8.1749e-01	9.3587e-01	1.000000	0
ST20	4	8.1752e-01	9.3587e-01	1.000000	0
BSDC1	4	8.1767e-01	9.3588e-01	1.000000	0
CLEC6A	4	8.1768e-01	9.3588e-01	1.000000	0
AICDA	4	8.1792e-01	9.3692e-01	1.000000	0
IMPG2	4	8.1794e-01	9.3692e-01	1.000000	0
PTK2B	4	8.1795e-01	9.3692e-01	1.000000	0
CALU	4	8.1807e-01	9.3746e-01	1.000000	0
C6	4	8.1810e-01	9.3746e-01	1.000000	0
C8orf58	4	8.1813e-01	9.3746e-01	1.000000	0
C5orf52	4	8.1816e-01	9.3746e-01	1.000000	0
SRY	4	8.1828e-01	9.3746e-01	1.000000	0
ZPBP2	4	8.1864e-01	9.3845e-01	1.000000	0
FEZF1	4	8.1870e-01	9.3845e-01	1.000000	0
E2F5	4	8.1876e-01	9.3845e-01	1.000000	0
CDK5RAP3	4	8.1880e-01	9.3845e-01	1.000000	0
CTTNBP2	4	8.1883e-01	9.3845e-01	1.000000	0
MANBAL	4	8.1886e-01	9.3845e-01	1.000000	0
RAMP1	4	8.1889e-01	9.3845e-01	1.000000	0
BEND7	4	8.1895e-01	9.3845e-01	1.000000	0
MRPL36	4	8.1896e-01	9.3845e-01	1.000000	0
RDH5	4	8.1905e-01	9.3897e-01	1.000000	0
ZNF763	4	8.1912e-01	9.3897e-01	1.000000	0
CSN3	4	8.1916e-01	9.3897e-01	1.000000	0
ZNF669	4	8.1918e-01	9.3897e-01	1.000000	0
CLCNKA	4	8.1919e-01	9.3897e-01	1.000000	0
MVD	4	8.1935e-01	9.3949e-01	1.000000	0
PRRX1	4	8.1938e-01	9.3949e-01	1.000000	0
FASTKD5	4	8.1939e-01	9.3949e-01	1.000000	0
MCM2	4	8.1958e-01	9.3949e-01	1.000000	0
R3HDML	4	8.1969e-01	9.3949e-01	1.000000	0
ANXA13	4	8.1972e-01	9.3949e-01	1.000000	0
CDC5L	4	8.1981e-01	9.3949e-01	1.000000	0
RNF10	4	8.1991e-01	9.3949e-01	1.000000	0
ARRDC1	4	8.1992e-01	9.3949e-01	1.000000	0
TUBD1	4	8.1993e-01	9.3949e-01	1.000000	0
LOC101060321	4	8.2006e-01	9.3998e-01	1.000000	0
EMX2	4	8.2026e-01	9.3998e-01	1.000000	0
BEX2	4	8.2028e-01	9.3998e-01	1.000000	0
KSR2	4	8.2029e-01	9.3998e-01	1.000000	0
NOV	4	8.2051e-01	9.4094e-01	1.000000	0
AMY1A	4	8.2059e-01	9.4094e-01	1.000000	0
CTAGE8	4	8.2061e-01	9.4094e-01	1.000000	0
GLO1	4	8.2068e-01	9.4094e-01	1.000000	0
EOMES	4	8.2070e-01	9.4094e-01	1.000000	0
RAMP2	4	8.2072e-01	9.4094e-01	1.000000	0
KRTAP5-9	4	8.2073e-01	9.4094e-01	1.000000	0
GRIP2	4	8.2075e-01	9.4094e-01	1.000000	0
ATIC	4	8.2079e-01	9.4094e-01	1.000000	0
BRAT1	4	8.2083e-01	9.4094e-01	1.000000	0
INA	4	8.2085e-01	9.4094e-01	1.000000	0
TPD52	4	8.2090e-01	9.4094e-01	1.000000	0
KRTAP13-4	4	8.2092e-01	9.4094e-01	1.000000	0
C11orf91	4	8.2093e-01	9.4094e-01	1.000000	0
TCFL5	4	8.2098e-01	9.4094e-01	1.000000	0
UGT2B7	4	8.2105e-01	9.4143e-01	1.000000	0
GUCA1C	4	8.2109e-01	9.4143e-01	1.000000	0
DIAPH1	4	8.2116e-01	9.4143e-01	1.000000	0
MCAM	4	8.2122e-01	9.4143e-01	1.000000	0
FARP2	4	8.2123e-01	9.4143e-01	1.000000	0
MAPK7	4	8.2129e-01	9.4143e-01	1.000000	0
SLC1A7	4	8.2130e-01	9.4143e-01	1.000000	0
B3GALT6	4	8.2133e-01	9.4143e-01	1.000000	0
MAMDC2	4	8.2136e-01	9.4143e-01	1.000000	0
THEM6	4	8.2146e-01	9.4143e-01	1.000000	0
TMPRSS11D	4	8.2160e-01	9.4143e-01	1.000000	0
TRIM68	4	8.2190e-01	9.4143e-01	1.000000	0
ALX3	4	8.2193e-01	9.4143e-01	1.000000	0
CRB3	4	8.2201e-01	9.4143e-01	1.000000	0
PCDH12	4	8.2203e-01	9.4143e-01	1.000000	0
EML5	4	8.2214e-01	9.4143e-01	1.000000	0
METTL3	4	8.2217e-01	9.4143e-01	1.000000	0
SPATA31A5	4	8.2218e-01	9.4143e-01	1.000000	0
ZNF142	4	8.2223e-01	9.4143e-01	1.000000	0
GTPBP3	4	8.2230e-01	9.4143e-01	1.000000	0
CD1D	4	8.2241e-01	9.4143e-01	1.000000	0
SEPTIN3	4	8.2260e-01	9.4143e-01	1.000000	0
CDK2AP2	4	8.2264e-01	9.4143e-01	1.000000	0
GID8	4	8.2268e-01	9.4143e-01	1.000000	0
ATP4A	4	8.2281e-01	9.4189e-01	1.000000	0
DTD2	4	8.2292e-01	9.4189e-01	1.000000	0
RPS5	4	8.2299e-01	9.4189e-01	1.000000	0
C14orf105	4	8.2302e-01	9.4189e-01	1.000000	0
HDAC8	4	8.2309e-01	9.4189e-01	1.000000	0
DAPP1	4	8.2309e-01	9.4189e-01	1.000000	0
PRRT1	4	8.2316e-01	9.4189e-01	1.000000	0
OR2L8	4	8.2327e-01	9.4189e-01	1.000000	0
CPLX2	4	8.2343e-01	9.4189e-01	1.000000	0
IBA57	4	8.2345e-01	9.4189e-01	1.000000	0
HADH	4	8.2347e-01	9.4189e-01	1.000000	0
TGM4	4	8.2354e-01	9.4189e-01	1.000000	0
IQCF1	4	8.2355e-01	9.4189e-01	1.000000	0
KRTAP19-7	4	8.2362e-01	9.4189e-01	1.000000	0
NUP210L	4	8.2369e-01	9.4189e-01	1.000000	0
LOC100134391	4	8.2374e-01	9.4189e-01	1.000000	0
LRRK1	4	8.2376e-01	9.4189e-01	1.000000	0
MRPS9	4	8.2383e-01	9.4189e-01	1.000000	0
TAS2R13	4	8.2389e-01	9.4189e-01	1.000000	0
MYBPH	4	8.2390e-01	9.4189e-01	1.000000	0
ST5	4	8.2396e-01	9.4189e-01	1.000000	0
GNPTAB	4	8.2399e-01	9.4189e-01	1.000000	0
TKT	4	8.2402e-01	9.4189e-01	1.000000	0
RAB15	4	8.2407e-01	9.4189e-01	1.000000	0
CDKN2AIP	4	8.2413e-01	9.4189e-01	1.000000	0
ITGA8	4	8.2416e-01	9.4189e-01	1.000000	0
NIPSNAP1	4	8.2419e-01	9.4189e-01	1.000000	0
WRAP53	4	8.2424e-01	9.4237e-01	1.000000	0
EIF2AK4	4	8.2430e-01	9.4237e-01	1.000000	0
CCDC169-SOHLH2	4	8.2438e-01	9.4238e-01	1.000000	0
MCCC1	4	8.2445e-01	9.4283e-01	1.000000	0
TRPV5	4	8.2458e-01	9.4283e-01	1.000000	0
GLIS2	4	8.2462e-01	9.4283e-01	1.000000	0
NAPG	4	8.2463e-01	9.4283e-01	1.000000	0
MTX1	4	8.2465e-01	9.4283e-01	1.000000	0
COMMD2	4	8.2468e-01	9.4283e-01	1.000000	0
SEH1L	4	8.2476e-01	9.4283e-01	1.000000	0
OR2L2	4	8.2477e-01	9.4283e-01	1.000000	0
UGT2B4	4	8.2479e-01	9.4283e-01	1.000000	0
NDRG1	4	8.2483e-01	9.4283e-01	1.000000	0
MRPL42	4	8.2484e-01	9.4283e-01	1.000000	0
CATSPERD	4	8.2491e-01	9.4283e-01	1.000000	0
ARID3C	4	8.2497e-01	9.4283e-01	1.000000	0
SUB1	4	8.2500e-01	9.4283e-01	1.000000	0
EEFSEC	4	8.2508e-01	9.4283e-01	1.000000	0
CTNND1	4	8.2510e-01	9.4283e-01	1.000000	0
TRIM64	4	8.2517e-01	9.4283e-01	1.000000	0
REXO1	4	8.2518e-01	9.4283e-01	1.000000	0
LRPAP1	4	8.2521e-01	9.4283e-01	1.000000	0
GUCD1	4	8.2524e-01	9.4283e-01	1.000000	0
OR2T27	4	8.2528e-01	9.4283e-01	1.000000	0
PNPO	4	8.2542e-01	9.4331e-01	1.000000	0
POU5F2	4	8.2574e-01	9.4377e-01	1.000000	0
CT45A9	4	8.2598e-01	9.4465e-01	1.000000	0
KIF20B	4	8.2602e-01	9.4465e-01	1.000000	0
CLIC2	4	8.2603e-01	9.4465e-01	1.000000	0
LRP3	4	8.2607e-01	9.4465e-01	1.000000	0
PNMA5	4	8.2610e-01	9.4465e-01	1.000000	0
TSG101	4	8.2619e-01	9.4465e-01	1.000000	0
RNF31	4	8.2623e-01	9.4465e-01	1.000000	0
ACKR4	4	8.2635e-01	9.4465e-01	1.000000	0
COPS5	4	8.2638e-01	9.4465e-01	1.000000	0
CUX2	4	8.2642e-01	9.4465e-01	1.000000	0
EML3	4	8.2645e-01	9.4465e-01	1.000000	0
NECAB1	4	8.2651e-01	9.4465e-01	1.000000	0
SPATA21	4	8.2659e-01	9.4465e-01	1.000000	0
KRTAP9-7	4	8.2660e-01	9.4465e-01	1.000000	0
GNLY	4	8.2681e-01	9.4508e-01	1.000000	0
ST7	4	8.2689e-01	9.4508e-01	1.000000	0
SOX17	4	8.2695e-01	9.4508e-01	1.000000	0
DLX2	4	8.2696e-01	9.4508e-01	1.000000	0
PTCH1	4	8.2703e-01	9.4555e-01	1.000000	0
OR4K14	4	8.2710e-01	9.4555e-01	1.000000	0
R3HCC1	4	8.2716e-01	9.4555e-01	1.000000	0
SLC26A11	4	8.2724e-01	9.4555e-01	1.000000	0
FUZ	4	8.2728e-01	9.4598e-01	1.000000	0
DCHS2	4	8.2730e-01	9.4598e-01	1.000000	0
RECK	4	8.2735e-01	9.4598e-01	1.000000	0
ANKRD7	4	8.2742e-01	9.4598e-01	1.000000	0
ARHGEF17	4	8.2744e-01	9.4598e-01	1.000000	0
CA7	4	8.2745e-01	9.4598e-01	1.000000	0
SI	4	8.2746e-01	9.4598e-01	1.000000	0
GTF2IRD2	4	8.2749e-01	9.4598e-01	1.000000	0
ELAC1	4	8.2750e-01	9.4598e-01	1.000000	0
LY6G6C	4	8.2752e-01	9.4598e-01	1.000000	0
GATAD1	4	8.2755e-01	9.4598e-01	1.000000	0
BST2	4	8.2768e-01	9.4598e-01	1.000000	0
POM121	4	8.2771e-01	9.4598e-01	1.000000	0
FAM20B	4	8.2779e-01	9.4598e-01	1.000000	0
TMEM211	4	8.2781e-01	9.4598e-01	1.000000	0
MYH7B	4	8.2784e-01	9.4598e-01	1.000000	0
MMP23B	4	8.2792e-01	9.4598e-01	1.000000	0
NMRK2	4	8.2795e-01	9.4598e-01	1.000000	0
ITIH5	4	8.2796e-01	9.4598e-01	1.000000	0
C19orf71	4	8.2797e-01	9.4598e-01	1.000000	0
SULF2	4	8.2800e-01	9.4598e-01	1.000000	0
TMEM86B	4	8.2809e-01	9.4598e-01	1.000000	0
LETM2	4	8.2815e-01	9.4598e-01	1.000000	0
HNF4G	4	8.2818e-01	9.4598e-01	1.000000	0
GCLM	4	8.2821e-01	9.4598e-01	1.000000	0
CPN1	4	8.2835e-01	9.4643e-01	1.000000	0
RPL39L	4	8.2842e-01	9.4643e-01	1.000000	0
CFAP69	4	8.2844e-01	9.4643e-01	1.000000	0
ZNF805	4	8.2846e-01	9.4643e-01	1.000000	0
MYADML2	4	8.2853e-01	9.4643e-01	1.000000	0
CTCF	4	8.2865e-01	9.4643e-01	1.000000	0
LGALS9	4	8.2868e-01	9.4643e-01	1.000000	0
DDX51	4	8.2871e-01	9.4643e-01	1.000000	0
AURKC	4	8.2872e-01	9.4643e-01	1.000000	0
BEST3	4	8.2873e-01	9.4643e-01	1.000000	0
SRRM4	4	8.2882e-01	9.4643e-01	1.000000	0
GPR31	4	8.2883e-01	9.4643e-01	1.000000	0
RBM41	4	8.2888e-01	9.4643e-01	1.000000	0
NOTCH2NL	4	8.2891e-01	9.4643e-01	1.000000	0
AFF3	4	8.2894e-01	9.4643e-01	1.000000	0
BTRC	4	8.2897e-01	9.4643e-01	1.000000	0
UBA7	4	8.2908e-01	9.4643e-01	1.000000	0
ETHE1	4	8.2908e-01	9.4643e-01	1.000000	0
PYGO1	4	8.2927e-01	9.4643e-01	1.000000	0
TSTD3	4	8.2934e-01	9.4643e-01	1.000000	0
ANKRD18B	4	8.2939e-01	9.4643e-01	1.000000	0
NET1	4	8.2941e-01	9.4643e-01	1.000000	0
HEXB	4	8.2949e-01	9.4643e-01	1.000000	0
RNF115	4	8.2950e-01	9.4643e-01	1.000000	0
ARID1A	4	8.2959e-01	9.4643e-01	1.000000	0
COX8A	4	8.2961e-01	9.4643e-01	1.000000	0
SMCP	4	8.2970e-01	9.4643e-01	1.000000	0
C12orf56	4	8.2975e-01	9.4690e-01	1.000000	0
MANF	4	8.2976e-01	9.4690e-01	1.000000	0
PCK2	4	8.2978e-01	9.4690e-01	1.000000	0
OPN1LW	4	8.2979e-01	9.4690e-01	1.000000	0
C3orf22	4	8.2980e-01	9.4690e-01	1.000000	0
RGS9	4	8.2983e-01	9.4690e-01	1.000000	0
LAT	4	8.2985e-01	9.4690e-01	1.000000	0
NR1I2	4	8.2986e-01	9.4690e-01	1.000000	0
CT45A6	4	8.2989e-01	9.4690e-01	1.000000	0
RASL11A	4	8.2990e-01	9.4690e-01	1.000000	0
HCRTR2	4	8.2998e-01	9.4780e-01	1.000000	0
ACSL6	4	8.3004e-01	9.4780e-01	1.000000	0
HS2ST1	4	8.3012e-01	9.4780e-01	1.000000	0
DEFB4B	4	8.3022e-01	9.4780e-01	1.000000	0
ZNF664-FAM101A	4	8.3033e-01	9.4780e-01	1.000000	0
ETNK2	4	8.3034e-01	9.4780e-01	1.000000	0
KIAA0319	4	8.3037e-01	9.4780e-01	1.000000	0
DLL4	4	8.3041e-01	9.4780e-01	1.000000	0
PPIL1	4	8.3048e-01	9.4780e-01	1.000000	0
UNC119	4	8.3055e-01	9.4780e-01	1.000000	0
SNAPC1	4	8.3064e-01	9.4780e-01	1.000000	0
LRRC52	4	8.3067e-01	9.4780e-01	1.000000	0
SMPD1	4	8.3068e-01	9.4780e-01	1.000000	0
CAPRIN1	4	8.3072e-01	9.4780e-01	1.000000	0
MUC4	4	8.3089e-01	9.4780e-01	1.000000	0
MLF2	4	8.3093e-01	9.4780e-01	1.000000	0
KDR	4	8.3097e-01	9.4780e-01	1.000000	0
OSGIN1	4	8.3105e-01	9.4780e-01	1.000000	0
TPBG	4	8.3124e-01	9.4780e-01	1.000000	0
RELL1	4	8.3133e-01	9.4780e-01	1.000000	0
ZSCAN5B	4	8.3138e-01	9.4780e-01	1.000000	0
TPRG1L	4	8.3154e-01	9.4824e-01	1.000000	0
EPAS1	4	8.3157e-01	9.4824e-01	1.000000	0
SREK1IP1	4	8.3157e-01	9.4824e-01	1.000000	0
SLC9A3R2	4	8.3173e-01	9.4824e-01	1.000000	0
PDZD8	4	8.3174e-01	9.4824e-01	1.000000	0
CCNB3	4	8.3180e-01	9.4824e-01	1.000000	0
L2HGDH	4	8.3188e-01	9.4824e-01	1.000000	0
TP53I11	4	8.3189e-01	9.4824e-01	1.000000	0
NINL	4	8.3191e-01	9.4824e-01	1.000000	0
ARL4D	4	8.3193e-01	9.4824e-01	1.000000	0
NEDD4L	4	8.3195e-01	9.4824e-01	1.000000	0
MPP7	4	8.3196e-01	9.4824e-01	1.000000	0
HAS2	4	8.3203e-01	9.4824e-01	1.000000	0
FICD	4	8.3206e-01	9.4824e-01	1.000000	0
FAHD2B	4	8.3208e-01	9.4824e-01	1.000000	0
GPER1	4	8.3214e-01	9.4824e-01	1.000000	0
CPA2	4	8.3220e-01	9.4824e-01	1.000000	0
PPOX	4	8.3227e-01	9.4824e-01	1.000000	0
PXT1	4	8.3229e-01	9.4824e-01	1.000000	0
PLSCR1	4	8.3230e-01	9.4824e-01	1.000000	0
SLC35F5	4	8.3233e-01	9.4824e-01	1.000000	0
DEFB118	4	8.3242e-01	9.4865e-01	1.000000	0
ZC3H12B	4	8.3246e-01	9.4865e-01	1.000000	0
KCNJ9	4	8.3249e-01	9.4865e-01	1.000000	0
ROBO3	4	8.3250e-01	9.4865e-01	1.000000	0
DIRC1	4	8.3252e-01	9.4865e-01	1.000000	0
CACNG3	4	8.3257e-01	9.4865e-01	1.000000	0
PSMB10	4	8.3266e-01	9.4865e-01	1.000000	0
TMEM158	4	8.3268e-01	9.4865e-01	1.000000	0
KIAA1211L	4	8.3269e-01	9.4865e-01	1.000000	0
HEXDC	4	8.3273e-01	9.4908e-01	1.000000	0
LZIC	4	8.3280e-01	9.4908e-01	1.000000	0
IFIT1B	4	8.3281e-01	9.4908e-01	1.000000	0
CNOT7	4	8.3285e-01	9.4908e-01	1.000000	0
SLC39A12	4	8.3292e-01	9.4908e-01	1.000000	0
RBM19	4	8.3295e-01	9.4908e-01	1.000000	0
OR8H2	4	8.3302e-01	9.4953e-01	1.000000	0
TEX11	4	8.3310e-01	9.4953e-01	1.000000	0
MAX	4	8.3323e-01	9.4993e-01	1.000000	0
GRIN3B	4	8.3325e-01	9.4993e-01	1.000000	0
PBX3	4	8.3329e-01	9.4993e-01	1.000000	0
SLC13A5	4	8.3334e-01	9.4993e-01	1.000000	0
TRA2A	4	8.3338e-01	9.4993e-01	1.000000	0
ARF3	4	8.3345e-01	9.4993e-01	1.000000	0
AGR2	4	8.3348e-01	9.4993e-01	1.000000	0
LAIR2	4	8.3349e-01	9.4993e-01	1.000000	0
OR10H1	4	8.3360e-01	9.4994e-01	1.000000	0
OR6V1	4	8.3369e-01	9.4994e-01	1.000000	0
TAMM41	4	8.3370e-01	9.4994e-01	1.000000	0
CTAGE4	4	8.3373e-01	9.4994e-01	1.000000	0
VWA7	4	8.3380e-01	9.4994e-01	1.000000	0
ZNF184	4	8.3388e-01	9.4994e-01	1.000000	0
ERAP2	4	8.3392e-01	9.4994e-01	1.000000	0
GNAQ	4	8.3397e-01	9.5035e-01	1.000000	0
TRMT112	4	8.3412e-01	9.5035e-01	1.000000	0
CXCR4	4	8.3415e-01	9.5035e-01	1.000000	0
BRWD1	4	8.3416e-01	9.5035e-01	1.000000	0
ZHX2	4	8.3419e-01	9.5035e-01	1.000000	0
WFIKKN2	4	8.3420e-01	9.5035e-01	1.000000	0
GALNT11	4	8.3438e-01	9.5035e-01	1.000000	0
FAM217B	4	8.3439e-01	9.5035e-01	1.000000	0
LUC7L	4	8.3450e-01	9.5035e-01	1.000000	0
CRISP1	4	8.3459e-01	9.5035e-01	1.000000	0
ALKBH7	4	8.3464e-01	9.5035e-01	1.000000	0
GH1	4	8.3473e-01	9.5035e-01	1.000000	0
ARHGAP42	4	8.3479e-01	9.5075e-01	1.000000	0
MRPS18B	4	8.3482e-01	9.5075e-01	1.000000	0
MAGI2	4	8.3483e-01	9.5075e-01	1.000000	0
MRPS30	4	8.3487e-01	9.5075e-01	1.000000	0
SLC37A4	4	8.3495e-01	9.5075e-01	1.000000	0
UNC13B	4	8.3503e-01	9.5075e-01	1.000000	0
DUSP9	4	8.3505e-01	9.5075e-01	1.000000	0
PFAS	4	8.3506e-01	9.5075e-01	1.000000	0
BOLL	4	8.3515e-01	9.5075e-01	1.000000	0
TMEM136	4	8.3518e-01	9.5075e-01	1.000000	0
DYM	4	8.3538e-01	9.5117e-01	1.000000	0
MAGEL2	4	8.3545e-01	9.5117e-01	1.000000	0
EID1	4	8.3548e-01	9.5157e-01	1.000000	0
RAB12	4	8.3549e-01	9.5157e-01	1.000000	0
KRT16	4	8.3552e-01	9.5157e-01	1.000000	0
YIPF6	4	8.3553e-01	9.5157e-01	1.000000	0
SAR1A	4	8.3560e-01	9.5157e-01	1.000000	0
MATR3	4	8.3565e-01	9.5157e-01	1.000000	0
OR3A1	4	8.3572e-01	9.5157e-01	1.000000	0
ZFAND3	4	8.3597e-01	9.5157e-01	1.000000	0
DMRT1	4	8.3599e-01	9.5157e-01	1.000000	0
LRRC3B	4	8.3601e-01	9.5157e-01	1.000000	0
BPIFB4	4	8.3604e-01	9.5157e-01	1.000000	0
WFDC8	4	8.3608e-01	9.5157e-01	1.000000	0
KRT80	4	8.3616e-01	9.5197e-01	1.000000	0
RANBP17	4	8.3617e-01	9.5197e-01	1.000000	0
SLAIN2	4	8.3621e-01	9.5197e-01	1.000000	0
TANC1	4	8.3634e-01	9.5197e-01	1.000000	0
CLEC5A	4	8.3640e-01	9.5238e-01	1.000000	0
RUSC1-AS1	4	8.3644e-01	9.5238e-01	1.000000	0
TMEM135	4	8.3662e-01	9.5238e-01	1.000000	0
GUCY2D	4	8.3663e-01	9.5238e-01	1.000000	0
TNFSF13	4	8.3677e-01	9.5238e-01	1.000000	0
TMEM240	4	8.3685e-01	9.5278e-01	1.000000	0
OR10A7	4	8.3697e-01	9.5278e-01	1.000000	0
HIST1H3G	4	8.3701e-01	9.5278e-01	1.000000	0
UCMA	4	8.3703e-01	9.5278e-01	1.000000	0
SH2B2	4	8.3707e-01	9.5278e-01	1.000000	0
C14orf119	4	8.3711e-01	9.5278e-01	1.000000	0
METTL7B	4	8.3713e-01	9.5278e-01	1.000000	0
HOXB6	4	8.3725e-01	9.5278e-01	1.000000	0
MS4A6E	4	8.3730e-01	9.5278e-01	1.000000	0
RGL4	4	8.3735e-01	9.5278e-01	1.000000	0
EMP1	4	8.3738e-01	9.5278e-01	1.000000	0
TCF4	3	8.3740e-01	9.6369e-01	1.000000	0
INSC	4	8.3740e-01	9.5278e-01	1.000000	0
QRFP	4	8.3750e-01	9.5278e-01	1.000000	0
KLRG2	4	8.3760e-01	9.5278e-01	1.000000	0
GMIP	4	8.3762e-01	9.5278e-01	1.000000	0
FGD4	4	8.3764e-01	9.5278e-01	1.000000	0
STX6	4	8.3766e-01	9.5278e-01	1.000000	0
NEDD8-MDP1	4	8.3772e-01	9.5278e-01	1.000000	0
ACAP1	4	8.3776e-01	9.5278e-01	1.000000	0
KIF4A	4	8.3780e-01	9.5278e-01	1.000000	0
EIF4ENIF1	4	8.3781e-01	9.5278e-01	1.000000	0
FAM78B	4	8.3784e-01	9.5278e-01	1.000000	0
AMH	4	8.3789e-01	9.5278e-01	1.000000	0
TLE1	4	8.3796e-01	9.5278e-01	1.000000	0
CD244	4	8.3800e-01	9.5278e-01	1.000000	0
ZCWPW2	4	8.3804e-01	9.5278e-01	1.000000	0
UBC	4	8.3809e-01	9.5278e-01	1.000000	0
PHYHIP	4	8.3821e-01	9.5278e-01	1.000000	0
MFSD2A	4	8.3822e-01	9.5278e-01	1.000000	0
TAF1D	4	8.3830e-01	9.5278e-01	1.000000	0
APOC1	4	8.3840e-01	9.5321e-01	1.000000	0
PRSS54	4	8.3841e-01	9.5321e-01	1.000000	0
FAM73A	4	8.3846e-01	9.5321e-01	1.000000	0
IMMP1L	4	8.3847e-01	9.5321e-01	1.000000	0
SZRD1	4	8.3862e-01	9.5321e-01	1.000000	0
GXYLT1	4	8.3863e-01	9.5321e-01	1.000000	0
CPOX	4	8.3870e-01	9.5321e-01	1.000000	0
MTF1	4	8.3880e-01	9.5361e-01	1.000000	0
C3orf36	4	8.3888e-01	9.5361e-01	1.000000	0
LRRC8E	4	8.3890e-01	9.5361e-01	1.000000	0
MEGF10	4	8.3895e-01	9.5361e-01	1.000000	0
INTS8	4	8.3896e-01	9.5361e-01	1.000000	0
SERTAD4	4	8.3899e-01	9.5361e-01	1.000000	0
EMILIN3	4	8.3900e-01	9.5361e-01	1.000000	0
NADSYN1	4	8.3903e-01	9.5361e-01	1.000000	0
TEX37	4	8.3907e-01	9.5361e-01	1.000000	0
DUSP22	4	8.3908e-01	9.5361e-01	1.000000	0
EPHA3	4	8.3911e-01	9.5361e-01	1.000000	0
SPANXB1	4	8.3921e-01	9.5361e-01	1.000000	0
LRRC40	4	8.3929e-01	9.5361e-01	1.000000	0
LYRM9	4	8.3932e-01	9.5361e-01	1.000000	0
TBX21	4	8.3934e-01	9.5361e-01	1.000000	0
PDE1A	4	8.3937e-01	9.5361e-01	1.000000	0
PDE12	4	8.3943e-01	9.5361e-01	1.000000	0
GLRX	4	8.3959e-01	9.5361e-01	1.000000	0
OR10AG1	4	8.3967e-01	9.5361e-01	1.000000	0
PSMB6	4	8.3975e-01	9.5361e-01	1.000000	0
HOXA1	4	8.3981e-01	9.5361e-01	1.000000	0
C18orf65	4	8.3985e-01	9.5361e-01	1.000000	0
MALL	4	8.3992e-01	9.5361e-01	1.000000	0
GALNT12	4	8.3998e-01	9.5361e-01	1.000000	0
TIMM8A	4	8.4001e-01	9.5361e-01	1.000000	0
SV2A	4	8.4006e-01	9.5361e-01	1.000000	0
MDFI	4	8.4008e-01	9.5361e-01	1.000000	0
SHFM1	4	8.4009e-01	9.5361e-01	1.000000	0
IQGAP2	4	8.4012e-01	9.5361e-01	1.000000	0
CCL21	4	8.4013e-01	9.5361e-01	1.000000	0
CASP14	4	8.4015e-01	9.5361e-01	1.000000	0
PDS5B	4	8.4022e-01	9.5361e-01	1.000000	0
COPZ2	4	8.4023e-01	9.5361e-01	1.000000	0
PTTG1	4	8.4029e-01	9.5361e-01	1.000000	0
ALKBH2	4	8.4033e-01	9.5398e-01	1.000000	0
DBNDD2	4	8.4038e-01	9.5398e-01	1.000000	0
TMPRSS11E	4	8.4052e-01	9.5398e-01	1.000000	0
FBXW10	4	8.4060e-01	9.5398e-01	1.000000	0
EDARADD	4	8.4065e-01	9.5398e-01	1.000000	0
ADAMTS1	4	8.4069e-01	9.5398e-01	1.000000	0
TSNAXIP1	4	8.4070e-01	9.5398e-01	1.000000	0
RERG	4	8.4076e-01	9.5438e-01	1.000000	0
FAM122B	4	8.4078e-01	9.5438e-01	1.000000	0
APBA3	4	8.4081e-01	9.5438e-01	1.000000	0
PGR	4	8.4082e-01	9.5438e-01	1.000000	0
NUDT18	4	8.4086e-01	9.5438e-01	1.000000	0
CATSPER1	4	8.4089e-01	9.5438e-01	1.000000	0
RTF1	4	8.4096e-01	9.5438e-01	1.000000	0
SSR4	4	8.4099e-01	9.5438e-01	1.000000	0
SHARPIN	4	8.4105e-01	9.5438e-01	1.000000	0
OR51L1	4	8.4113e-01	9.5438e-01	1.000000	0
KDM8	4	8.4115e-01	9.5438e-01	1.000000	0
KLHL22	4	8.4117e-01	9.5438e-01	1.000000	0
SEPHS1	4	8.4117e-01	9.5438e-01	1.000000	0
MAN1C1	4	8.4132e-01	9.5438e-01	1.000000	0
HOOK3	4	8.4134e-01	9.5438e-01	1.000000	0
RNASE8	4	8.4139e-01	9.5438e-01	1.000000	0
LOC100506422	4	8.4141e-01	9.5438e-01	1.000000	0
APOBEC3D	4	8.4160e-01	9.5438e-01	1.000000	0
BCL10	4	8.4169e-01	9.5438e-01	1.000000	0
GJA9	4	8.4170e-01	9.5438e-01	1.000000	0
CTLA4	4	8.4173e-01	9.5438e-01	1.000000	0
C11orf98	4	8.4182e-01	9.5438e-01	1.000000	0
LIM2	4	8.4183e-01	9.5438e-01	1.000000	0
ATCAY	4	8.4185e-01	9.5438e-01	1.000000	0
KBTBD6	4	8.4199e-01	9.5438e-01	1.000000	0
MAT2B	4	8.4206e-01	9.5438e-01	1.000000	0
ARL5C	4	8.4216e-01	9.5438e-01	1.000000	0
KLC1	4	8.4224e-01	9.5438e-01	1.000000	0
LHB	4	8.4228e-01	9.5438e-01	1.000000	0
SLC16A6	4	8.4230e-01	9.5438e-01	1.000000	0
ALG10	4	8.4243e-01	9.5438e-01	1.000000	0
KRT12	4	8.4248e-01	9.5478e-01	1.000000	0
MPZL2	4	8.4248e-01	9.5478e-01	1.000000	0
KCNK3	4	8.4255e-01	9.5478e-01	1.000000	0
RIPK4	4	8.4259e-01	9.5478e-01	1.000000	0
TRIM52	4	8.4265e-01	9.5478e-01	1.000000	0
FGD2	4	8.4277e-01	9.5478e-01	1.000000	0
AP5Z1	4	8.4282e-01	9.5478e-01	1.000000	0
DUS1L	4	8.4283e-01	9.5478e-01	1.000000	0
UHRF1BP1L	4	8.4288e-01	9.5478e-01	1.000000	0
FLRT2	4	8.4301e-01	9.5517e-01	1.000000	0
HMG20B	4	8.4314e-01	9.5517e-01	1.000000	0
CYP1A2	4	8.4317e-01	9.5517e-01	1.000000	0
ANKRD11	4	8.4360e-01	9.5637e-01	1.000000	0
NOTCH3	4	8.4362e-01	9.5637e-01	1.000000	0
CA11	4	8.4364e-01	9.5637e-01	1.000000	0
CCDC70	4	8.4371e-01	9.5637e-01	1.000000	0
CHD7	4	8.4375e-01	9.5637e-01	1.000000	0
ABHD1	4	8.4386e-01	9.5637e-01	1.000000	0
DST	4	8.4387e-01	9.5637e-01	1.000000	0
OR1A2	4	8.4396e-01	9.5637e-01	1.000000	0
IL9	4	8.4403e-01	9.5637e-01	1.000000	0
DUSP18	4	8.4418e-01	9.5637e-01	1.000000	0
QARS	4	8.4422e-01	9.5637e-01	1.000000	0
PRR5	4	8.4432e-01	9.5637e-01	1.000000	0
KLHDC7A	4	8.4437e-01	9.5637e-01	1.000000	0
ZSCAN4	4	8.4443e-01	9.5637e-01	1.000000	0
CSF2	4	8.4446e-01	9.5637e-01	1.000000	0
SPRR3	4	8.4449e-01	9.5637e-01	1.000000	0
CLCN1	4	8.4450e-01	9.5637e-01	1.000000	0
PDCL3	4	8.4458e-01	9.5714e-01	1.000000	0
BTN1A1	4	8.4464e-01	9.5714e-01	1.000000	0
GK2	4	8.4474e-01	9.5753e-01	1.000000	0
ST3GAL4	4	8.4478e-01	9.5753e-01	1.000000	0
MXRA5	4	8.4482e-01	9.5753e-01	1.000000	0
DEFB128	4	8.4487e-01	9.5753e-01	1.000000	0
FLT4	4	8.4497e-01	9.5753e-01	1.000000	0
FBXO43	4	8.4501e-01	9.5753e-01	1.000000	0
C2orf61	4	8.4504e-01	9.5753e-01	1.000000	0
PRY2	4	8.4516e-01	9.5791e-01	1.000000	0
PRAMEF15	4	8.4519e-01	9.5791e-01	1.000000	0
TCERG1L	4	8.4526e-01	9.5791e-01	1.000000	0
ZBED4	4	8.4531e-01	9.5791e-01	1.000000	0
SLC4A9	4	8.4540e-01	9.5791e-01	1.000000	0
MT1E	4	8.4541e-01	9.5791e-01	1.000000	0
RUNDC1	4	8.4542e-01	9.5791e-01	1.000000	0
GPRC5A	4	8.4550e-01	9.5791e-01	1.000000	0
SELK	4	8.4551e-01	9.5791e-01	1.000000	0
KRT26	4	8.4554e-01	9.5791e-01	1.000000	0
ZBTB47	4	8.4561e-01	9.5791e-01	1.000000	0
IL16	4	8.4568e-01	9.5791e-01	1.000000	0
DCAF8L2	4	8.4573e-01	9.5791e-01	1.000000	0
KRTAP21-1	4	8.4574e-01	9.5791e-01	1.000000	0
TMEM37	4	8.4578e-01	9.5791e-01	1.000000	0
ALAS1	4	8.4579e-01	9.5791e-01	1.000000	0
SELO	4	8.4588e-01	9.5791e-01	1.000000	0
CD6	4	8.4601e-01	9.5791e-01	1.000000	0
S100Z	4	8.4603e-01	9.5791e-01	1.000000	0
C7orf57	4	8.4615e-01	9.5791e-01	1.000000	0
ZNF493	4	8.4616e-01	9.5791e-01	1.000000	0
TMIGD2	4	8.4622e-01	9.5791e-01	1.000000	0
KCTD12	4	8.4625e-01	9.5791e-01	1.000000	0
FAM76A	4	8.4626e-01	9.5791e-01	1.000000	0
FAM76B	4	8.4630e-01	9.5791e-01	1.000000	0
CRY2	4	8.4638e-01	9.5791e-01	1.000000	0
TUBA4A	4	8.4642e-01	9.5791e-01	1.000000	0
RNMTL1	4	8.4644e-01	9.5791e-01	1.000000	0
ITGAE	4	8.4648e-01	9.5791e-01	1.000000	0
TMF1	4	8.4653e-01	9.5791e-01	1.000000	0
LRRC48	4	8.4668e-01	9.5791e-01	1.000000	0
PCDHB14	4	8.4676e-01	9.5791e-01	1.000000	0
GRID1	4	8.4682e-01	9.5791e-01	1.000000	0
CCDC81	4	8.4683e-01	9.5791e-01	1.000000	0
NPAS4	4	8.4686e-01	9.5791e-01	1.000000	0
HAL	4	8.4688e-01	9.5791e-01	1.000000	0
ZNF185	4	8.4696e-01	9.5791e-01	1.000000	0
CYP26B1	4	8.4707e-01	9.5791e-01	1.000000	0
CLEC16A	4	8.4719e-01	9.5830e-01	1.000000	0
TYMP	4	8.4739e-01	9.5830e-01	1.000000	0
GATM	4	8.4740e-01	9.5830e-01	1.000000	0
COX18	4	8.4748e-01	9.5830e-01	1.000000	0
ZRANB3	4	8.4754e-01	9.5830e-01	1.000000	0
TMEM45A	4	8.4755e-01	9.5830e-01	1.000000	0
HMCES	4	8.4759e-01	9.5830e-01	1.000000	0
VCX2	4	8.4772e-01	9.5830e-01	1.000000	0
LYSMD3	4	8.4774e-01	9.5830e-01	1.000000	0
NIT2	4	8.4779e-01	9.5830e-01	1.000000	0
RESP18	4	8.4792e-01	9.5946e-01	1.000000	0
KCNK12	4	8.4796e-01	9.5946e-01	1.000000	0
ADAM7	4	8.4816e-01	9.5946e-01	1.000000	0
TBC1D12	4	8.4820e-01	9.5946e-01	1.000000	0
ZNF786	4	8.4831e-01	9.5946e-01	1.000000	0
SAA4	4	8.4832e-01	9.5946e-01	1.000000	0
SSTR3	4	8.4840e-01	9.5946e-01	1.000000	0
VASH2	4	8.4841e-01	9.5946e-01	1.000000	0
PLG	4	8.4850e-01	9.5946e-01	1.000000	0
MED10	4	8.4857e-01	9.5946e-01	1.000000	0
UBAP1	4	8.4871e-01	9.5946e-01	1.000000	0
DEFB107A	4	8.4875e-01	9.5946e-01	1.000000	0
PIP5K1C	4	8.4876e-01	9.5946e-01	1.000000	0
VIP	4	8.4877e-01	9.5946e-01	1.000000	0
LCE2B	4	8.4880e-01	9.5946e-01	1.000000	0
ZNF513	4	8.4885e-01	9.5946e-01	1.000000	0
ATG12	4	8.4890e-01	9.5946e-01	1.000000	0
SCMH1	4	8.4901e-01	9.5983e-01	1.000000	0
ORAI1	4	8.4906e-01	9.5983e-01	1.000000	0
PDCD11	4	8.4922e-01	9.5983e-01	1.000000	0
HDGFRP2	4	8.4924e-01	9.5983e-01	1.000000	0
OR51F2	4	8.4925e-01	9.5983e-01	1.000000	0
TNFRSF25	4	8.4934e-01	9.5983e-01	1.000000	0
CRYBA4	4	8.4943e-01	9.5983e-01	1.000000	0
PAF1	4	8.4949e-01	9.5983e-01	1.000000	0
NUBP2	4	8.4953e-01	9.6020e-01	1.000000	0
PADI1	4	8.4954e-01	9.6020e-01	1.000000	0
PPP2CB	4	8.4959e-01	9.6020e-01	1.000000	0
PCSK4	4	8.4960e-01	9.6020e-01	1.000000	0
PLEKHG2	4	8.4963e-01	9.6020e-01	1.000000	0
TMEM217	4	8.4968e-01	9.6020e-01	1.000000	0
FAIM3	4	8.4980e-01	9.6020e-01	1.000000	0
KCNMB4	4	8.4993e-01	9.6020e-01	1.000000	0
PROC	4	8.5024e-01	9.6054e-01	1.000000	0
MYH15	4	8.5025e-01	9.6054e-01	1.000000	0
FBXL19	4	8.5027e-01	9.6054e-01	1.000000	0
OR2T10	4	8.5029e-01	9.6054e-01	1.000000	0
TRIML1	4	8.5039e-01	9.6054e-01	1.000000	0
AP1S2	4	8.5061e-01	9.6054e-01	1.000000	0
ELP5	4	8.5063e-01	9.6054e-01	1.000000	0
KLHL35	4	8.5087e-01	9.6090e-01	1.000000	0
JCHAIN	4	8.5097e-01	9.6090e-01	1.000000	0
PDF	4	8.5102e-01	9.6090e-01	1.000000	0
GRB14	4	8.5104e-01	9.6090e-01	1.000000	0
DIP2C	4	8.5113e-01	9.6126e-01	1.000000	0
HERPUD1	4	8.5117e-01	9.6126e-01	1.000000	0
IFI35	4	8.5119e-01	9.6126e-01	1.000000	0
SLC27A3	4	8.5122e-01	9.6126e-01	1.000000	0
CELA1	4	8.5126e-01	9.6126e-01	1.000000	0
ZSWIM3	4	8.5128e-01	9.6126e-01	1.000000	0
FCGR3A	4	8.5132e-01	9.6126e-01	1.000000	0
RALB	4	8.5140e-01	9.6161e-01	1.000000	0
OR4F16	4	8.5142e-01	9.6161e-01	1.000000	0
SIX1	4	8.5144e-01	9.6161e-01	1.000000	0
SNTN	4	8.5152e-01	9.6161e-01	1.000000	0
PIAS4	4	8.5180e-01	9.6196e-01	1.000000	0
ETS2	4	8.5181e-01	9.6196e-01	1.000000	0
APIP	4	8.5184e-01	9.6229e-01	1.000000	0
OR51I2	4	8.5190e-01	9.6229e-01	1.000000	0
ROCK2	4	8.5192e-01	9.6229e-01	1.000000	0
ARID2	4	8.5203e-01	9.6229e-01	1.000000	0
FPGT-TNNI3K	4	8.5205e-01	9.6229e-01	1.000000	0
CLPB	4	8.5211e-01	9.6229e-01	1.000000	0
WFDC3	4	8.5217e-01	9.6229e-01	1.000000	0
QTRT1	4	8.5226e-01	9.6260e-01	1.000000	0
MEP1B	4	8.5229e-01	9.6260e-01	1.000000	0
AGAP9	4	8.5256e-01	9.6260e-01	1.000000	0
NICN1	4	8.5259e-01	9.6260e-01	1.000000	0
FAM229B	4	8.5265e-01	9.6260e-01	1.000000	0
TCERG1	4	8.5281e-01	9.6292e-01	1.000000	0
PLN	4	8.5286e-01	9.6292e-01	1.000000	0
NT5C3A	4	8.5292e-01	9.6328e-01	1.000000	0
KRTAP5-3	4	8.5306e-01	9.6328e-01	1.000000	0
GHR	4	8.5313e-01	9.6328e-01	1.000000	0
IFT140	4	8.5318e-01	9.6362e-01	1.000000	0
PITPNB	4	8.5326e-01	9.6362e-01	1.000000	0
CNKSR3	4	8.5331e-01	9.6362e-01	1.000000	0
CD164L2	4	8.5336e-01	9.6362e-01	1.000000	0
CLEC2A	4	8.5339e-01	9.6362e-01	1.000000	0
CCL4L2	4	8.5346e-01	9.6362e-01	1.000000	0
AIM2	4	8.5358e-01	9.6394e-01	1.000000	0
LYPLA1	4	8.5364e-01	9.6394e-01	1.000000	0
TAF3	4	8.5373e-01	9.6394e-01	1.000000	0
ZFP91	4	8.5374e-01	9.6394e-01	1.000000	0
FAM43A	4	8.5377e-01	9.6394e-01	1.000000	0
HS3ST2	4	8.5379e-01	9.6394e-01	1.000000	0
DNAH8	4	8.5384e-01	9.6394e-01	1.000000	0
COX6A1	4	8.5388e-01	9.6394e-01	1.000000	0
MS4A8	4	8.5393e-01	9.6394e-01	1.000000	0
MS4A15	4	8.5396e-01	9.6394e-01	1.000000	0
NME1-NME2	4	8.5404e-01	9.6394e-01	1.000000	0
CCDC40	4	8.5404e-01	9.6394e-01	1.000000	0
EHBP1	4	8.5416e-01	9.6394e-01	1.000000	0
SOS2	4	8.5429e-01	9.6426e-01	1.000000	0
GPR162	4	8.5433e-01	9.6426e-01	1.000000	0
CDCP1	4	8.5434e-01	9.6426e-01	1.000000	0
HLA-DQB1	4	8.5445e-01	9.6426e-01	1.000000	0
ERLIN1	4	8.5454e-01	9.6426e-01	1.000000	0
SMPD4	4	8.5460e-01	9.6460e-01	1.000000	0
KIAA1210	4	8.5463e-01	9.6460e-01	1.000000	0
KATNA1	4	8.5471e-01	9.6460e-01	1.000000	0
FCGR1A	4	8.5473e-01	9.6460e-01	1.000000	0
FCER2	4	8.5475e-01	9.6460e-01	1.000000	0
EAPP	4	8.5478e-01	9.6460e-01	1.000000	0
TAS1R1	4	8.5494e-01	9.6460e-01	1.000000	0
TCF7L2	4	8.5495e-01	9.6460e-01	1.000000	0
SLC5A9	4	8.5502e-01	9.6491e-01	1.000000	0
FAXC	4	8.5530e-01	9.6491e-01	1.000000	0
OR13J1	4	8.5533e-01	9.6491e-01	1.000000	0
TMEM191C	4	8.5539e-01	9.6491e-01	1.000000	0
MARCHF6	4	8.5547e-01	9.6491e-01	1.000000	0
SSTR1	4	8.5560e-01	9.6491e-01	1.000000	0
SETD7	4	8.5567e-01	9.6491e-01	1.000000	0
RNF186	4	8.5568e-01	9.6491e-01	1.000000	0
RSPH4A	4	8.5573e-01	9.6491e-01	1.000000	0
C11orf1	4	8.5581e-01	9.6523e-01	1.000000	0
ORAI2	4	8.5585e-01	9.6523e-01	1.000000	0
MYO1A	4	8.5587e-01	9.6523e-01	1.000000	0
MMAB	4	8.5590e-01	9.6523e-01	1.000000	0
MYEOV	4	8.5598e-01	9.6523e-01	1.000000	0
GAPVD1	4	8.5603e-01	9.6523e-01	1.000000	0
VENTX	4	8.5609e-01	9.6523e-01	1.000000	0
PAX5	4	8.5611e-01	9.6523e-01	1.000000	0
FAM32A	4	8.5617e-01	9.6523e-01	1.000000	0
STX1B	4	8.5626e-01	9.6523e-01	1.000000	0
FAP	4	8.5629e-01	9.6523e-01	1.000000	0
SNX27	4	8.5632e-01	9.6523e-01	1.000000	0
BCHE	4	8.5634e-01	9.6523e-01	1.000000	0
MYH13	4	8.5640e-01	9.6523e-01	1.000000	0
PAWR	4	8.5643e-01	9.6523e-01	1.000000	0
IQSEC1	4	8.5649e-01	9.6523e-01	1.000000	0
C4orf26	4	8.5655e-01	9.6523e-01	1.000000	0
UBE2Q1	4	8.5664e-01	9.6586e-01	1.000000	0
CISH	4	8.5673e-01	9.6586e-01	1.000000	0
YIPF4	4	8.5687e-01	9.6586e-01	1.000000	0
TRIM73	4	8.5690e-01	9.6586e-01	1.000000	0
APP	4	8.5698e-01	9.6586e-01	1.000000	0
PDCD6IP	4	8.5702e-01	9.6586e-01	1.000000	0
KPNA1	4	8.5704e-01	9.6586e-01	1.000000	0
IRAK1BP1	4	8.5705e-01	9.6586e-01	1.000000	0
NDUFS8	4	8.5711e-01	9.6586e-01	1.000000	0
CCP110	4	8.5714e-01	9.6586e-01	1.000000	0
AK4	4	8.5720e-01	9.6586e-01	1.000000	0
GOLGA6C	4	8.5725e-01	9.6586e-01	1.000000	0
HIST1H1E	4	8.5726e-01	9.6586e-01	1.000000	0
MAPRE2	4	8.5727e-01	9.6586e-01	1.000000	0
STOML2	4	8.5732e-01	9.6586e-01	1.000000	0
DNAJB8	4	8.5734e-01	9.6586e-01	1.000000	0
IGLON5	4	8.5743e-01	9.6586e-01	1.000000	0
MKKS	4	8.5758e-01	9.6586e-01	1.000000	0
POLD3	4	8.5761e-01	9.6586e-01	1.000000	0
TMEM167B	4	8.5771e-01	9.6586e-01	1.000000	0
FLYWCH2	4	8.5773e-01	9.6586e-01	1.000000	0
METTL6	4	8.5777e-01	9.6586e-01	1.000000	0
BCS1L	4	8.5780e-01	9.6586e-01	1.000000	0
SLC30A7	4	8.5788e-01	9.6651e-01	1.000000	0
GANAB	4	8.5792e-01	9.6651e-01	1.000000	0
LAMP5	4	8.5799e-01	9.6651e-01	1.000000	0
MMD2	4	8.5802e-01	9.6651e-01	1.000000	0
CCDC28B	4	8.5806e-01	9.6651e-01	1.000000	0
TMEM79	4	8.5808e-01	9.6651e-01	1.000000	0
PMFBP1	4	8.5811e-01	9.6651e-01	1.000000	0
ATL1	4	8.5812e-01	9.6651e-01	1.000000	0
TSPAN19	4	8.5813e-01	9.6651e-01	1.000000	0
SLC26A7	4	8.5814e-01	9.6651e-01	1.000000	0
MTHFD1	4	8.5823e-01	9.6651e-01	1.000000	0
TMEM165	4	8.5829e-01	9.6651e-01	1.000000	0
CCDC174	4	8.5830e-01	9.6651e-01	1.000000	0
LYPLAL1	4	8.5835e-01	9.6651e-01	1.000000	0
CACNA2D1	4	8.5842e-01	9.6651e-01	1.000000	0
RLTPR	4	8.5849e-01	9.6651e-01	1.000000	0
GRAMD1B	4	8.5869e-01	9.6651e-01	1.000000	0
PTGES3L	4	8.5876e-01	9.6651e-01	1.000000	0
GEMIN7	4	8.5879e-01	9.6651e-01	1.000000	0
WASF3	4	8.5887e-01	9.6651e-01	1.000000	0
ZC3H4	4	8.5888e-01	9.6651e-01	1.000000	0
PANO1	4	8.5891e-01	9.6651e-01	1.000000	0
DYRK3	4	8.5893e-01	9.6651e-01	1.000000	0
HEXIM1	4	8.5896e-01	9.6651e-01	1.000000	0
LSP1	4	8.5900e-01	9.6651e-01	1.000000	0
SLC29A2	4	8.5904e-01	9.6651e-01	1.000000	0
MFAP5	4	8.5906e-01	9.6651e-01	1.000000	0
PIK3R5	4	8.5909e-01	9.6681e-01	1.000000	0
C3orf67	4	8.5923e-01	9.6681e-01	1.000000	0
ITLN2	4	8.5941e-01	9.6681e-01	1.000000	0
ATP8A1	4	8.5942e-01	9.6681e-01	1.000000	0
TRUB2	4	8.5960e-01	9.6681e-01	1.000000	0
SLMO1	4	8.5967e-01	9.6713e-01	1.000000	0
HSD17B7	4	8.5972e-01	9.6713e-01	1.000000	0
SLC2A6	4	8.5973e-01	9.6713e-01	1.000000	0
IVD	4	8.5980e-01	9.6743e-01	1.000000	0
IL20RA	4	8.5983e-01	9.6743e-01	1.000000	0
ST18	4	8.5996e-01	9.6743e-01	1.000000	0
DFNB59	4	8.6007e-01	9.6743e-01	1.000000	0
SLC16A9	4	8.6008e-01	9.6743e-01	1.000000	0
LEO1	4	8.6021e-01	9.6772e-01	1.000000	0
MYT1	4	8.6026e-01	9.6772e-01	1.000000	0
LPCAT2	4	8.6030e-01	9.6772e-01	1.000000	0
ERVV-1	4	8.6035e-01	9.6772e-01	1.000000	0
IDH1	4	8.6051e-01	9.6802e-01	1.000000	0
POM121C	4	8.6052e-01	9.6802e-01	1.000000	0
OGFOD1	4	8.6060e-01	9.6802e-01	1.000000	0
LIN28B	4	8.6072e-01	9.6802e-01	1.000000	0
OR4D9	4	8.6074e-01	9.6802e-01	1.000000	0
NXF2B	4	8.6076e-01	9.6802e-01	1.000000	0
UBR3	4	8.6084e-01	9.6802e-01	1.000000	0
TOE1	4	8.6085e-01	9.6802e-01	1.000000	0
PPP2R1A	4	8.6086e-01	9.6802e-01	1.000000	0
GPR12	4	8.6098e-01	9.6802e-01	1.000000	0
H6PD	4	8.6103e-01	9.6831e-01	1.000000	0
NEK1	4	8.6105e-01	9.6831e-01	1.000000	0
ARPIN	4	8.6106e-01	9.6831e-01	1.000000	0
FAM83G	4	8.6109e-01	9.6831e-01	1.000000	0
RAB10	4	8.6111e-01	9.6831e-01	1.000000	0
CDRT4	4	8.6112e-01	9.6831e-01	1.000000	0
PABPC4	4	8.6123e-01	9.6831e-01	1.000000	0
CNRIP1	4	8.6125e-01	9.6831e-01	1.000000	0
TOP3B	4	8.6126e-01	9.6831e-01	1.000000	0
ERICH6B	4	8.6127e-01	9.6831e-01	1.000000	0
TCN1	4	8.6143e-01	9.6831e-01	1.000000	0
SLC26A1	4	8.6152e-01	9.6831e-01	1.000000	0
SSBP4	4	8.6166e-01	9.6831e-01	1.000000	0
NDUFAF5	4	8.6167e-01	9.6831e-01	1.000000	0
TM9SF1	4	8.6173e-01	9.6831e-01	1.000000	0
GABRR3	4	8.6176e-01	9.6831e-01	1.000000	0
RGS16	4	8.6177e-01	9.6831e-01	1.000000	0
RIMBP3B	4	8.6183e-01	9.6831e-01	1.000000	0
HIST1H3J	4	8.6200e-01	9.6831e-01	1.000000	0
SCGB1C2	4	8.6217e-01	9.6831e-01	1.000000	0
MYO7A	4	8.6225e-01	9.6831e-01	1.000000	0
FUT9	4	8.6231e-01	9.6831e-01	1.000000	0
PTRHD1	4	8.6239e-01	9.6831e-01	1.000000	0
NRG3	4	8.6248e-01	9.6831e-01	1.000000	0
SLCO1C1	4	8.6253e-01	9.6831e-01	1.000000	0
PISD	4	8.6256e-01	9.6831e-01	1.000000	0
FCHO1	4	8.6259e-01	9.6831e-01	1.000000	0
SOX6	4	8.6260e-01	9.6831e-01	1.000000	0
PHB2	4	8.6266e-01	9.6831e-01	1.000000	0
DCXR	4	8.6269e-01	9.6831e-01	1.000000	0
SCUBE2	4	8.6270e-01	9.6831e-01	1.000000	0
TUSC2	4	8.6274e-01	9.6831e-01	1.000000	0
LIPH	4	8.6277e-01	9.6831e-01	1.000000	0
SH3GL1	4	8.6278e-01	9.6831e-01	1.000000	0
SPINK14	4	8.6280e-01	9.6831e-01	1.000000	0
LAMB4	4	8.6284e-01	9.6831e-01	1.000000	0
RASSF1	4	8.6288e-01	9.6831e-01	1.000000	0
CDC6	4	8.6291e-01	9.6831e-01	1.000000	0
CTRC	4	8.6294e-01	9.6831e-01	1.000000	0
SLC16A10	4	8.6303e-01	9.6860e-01	1.000000	0
NUTM2F	4	8.6309e-01	9.6861e-01	1.000000	0
PANX3	4	8.6319e-01	9.6890e-01	1.000000	0
LOC200726	4	8.6329e-01	9.6890e-01	1.000000	0
TCEA2	4	8.6334e-01	9.6890e-01	1.000000	0
TUSC1	4	8.6338e-01	9.6890e-01	1.000000	0
NSMF	4	8.6340e-01	9.6890e-01	1.000000	0
MIPOL1	4	8.6341e-01	9.6890e-01	1.000000	0
TRPM8	4	8.6342e-01	9.6890e-01	1.000000	0
IFRD2	4	8.6354e-01	9.6920e-01	1.000000	0
MAGEA9	4	8.6359e-01	9.6920e-01	1.000000	0
IVNS1ABP	4	8.6362e-01	9.6920e-01	1.000000	0
TNFRSF10C	4	8.6369e-01	9.6920e-01	1.000000	0
DSC3	4	8.6382e-01	9.6949e-01	1.000000	0
OTOL1	4	8.6386e-01	9.6949e-01	1.000000	0
FAM171B	4	8.6392e-01	9.6949e-01	1.000000	0
CLSTN1	4	8.6397e-01	9.6949e-01	1.000000	0
BFSP1	4	8.6398e-01	9.6949e-01	1.000000	0
TM9SF2	4	8.6401e-01	9.6949e-01	1.000000	0
PPFIA2	4	8.6407e-01	9.6949e-01	1.000000	0
NOXA1	4	8.6411e-01	9.6949e-01	1.000000	0
FBXO30	4	8.6414e-01	9.6949e-01	1.000000	0
HTR6	4	8.6434e-01	9.6977e-01	1.000000	0
RAB8A	4	8.6435e-01	9.6977e-01	1.000000	0
SLC11A1	4	8.6450e-01	9.6977e-01	1.000000	0
LSM14B	4	8.6453e-01	9.6977e-01	1.000000	0
YIPF2	4	8.6454e-01	9.6977e-01	1.000000	0
GABRQ	4	8.6473e-01	9.6977e-01	1.000000	0
ANKRD62	4	8.6474e-01	9.6977e-01	1.000000	0
OMP	4	8.6478e-01	9.6977e-01	1.000000	0
CHAMP1	4	8.6492e-01	9.6977e-01	1.000000	0
RNF26	4	8.6494e-01	9.6977e-01	1.000000	0
NAP1L1	4	8.6498e-01	9.6977e-01	1.000000	0
NPR1	4	8.6500e-01	9.6977e-01	1.000000	0
FAT3	4	8.6517e-01	9.7006e-01	1.000000	0
RS1	4	8.6538e-01	9.7006e-01	1.000000	0
ALKBH1	4	8.6541e-01	9.7006e-01	1.000000	0
LUC7L2	4	8.6549e-01	9.7006e-01	1.000000	0
NT5C2	4	8.6552e-01	9.7006e-01	1.000000	0
KIF25	4	8.6554e-01	9.7006e-01	1.000000	0
KDF1	4	8.6555e-01	9.7006e-01	1.000000	0
SLC33A1	4	8.6567e-01	9.7006e-01	1.000000	0
NOX3	4	8.6569e-01	9.7006e-01	1.000000	0
TMEM132B	4	8.6570e-01	9.7006e-01	1.000000	0
OXSM	4	8.6571e-01	9.7006e-01	1.000000	0
KCNMB1	4	8.6576e-01	9.7006e-01	1.000000	0
CACNA1D	4	8.6596e-01	9.7006e-01	1.000000	0
FEM1A	4	8.6597e-01	9.7006e-01	1.000000	0
GCKR	3	8.6600e-01	9.8022e-01	1.000000	0
HMCN2	4	8.6627e-01	9.7035e-01	1.000000	0
CD40	4	8.6628e-01	9.7035e-01	1.000000	0
DDX31	4	8.6638e-01	9.7035e-01	1.000000	0
FAM50A	4	8.6647e-01	9.7065e-01	1.000000	0
ARC	4	8.6658e-01	9.7065e-01	1.000000	0
MED14	4	8.6662e-01	9.7065e-01	1.000000	0
ZCCHC8	4	8.6663e-01	9.7065e-01	1.000000	0
C9orf47	4	8.6674e-01	9.7065e-01	1.000000	0
ZNF263	4	8.6681e-01	9.7065e-01	1.000000	0
LPA	4	8.6683e-01	9.7065e-01	1.000000	0
ARHGEF18	4	8.6685e-01	9.7065e-01	1.000000	0
ZAR1L	4	8.6687e-01	9.7065e-01	1.000000	0
GNB5	4	8.6692e-01	9.7065e-01	1.000000	0
DNAJB5	4	8.6696e-01	9.7065e-01	1.000000	0
IGFALS	4	8.6708e-01	9.7065e-01	1.000000	0
ATP5J2	4	8.6709e-01	9.7065e-01	1.000000	0
FOXA1	4	8.6712e-01	9.7065e-01	1.000000	0
CBX3	4	8.6720e-01	9.7065e-01	1.000000	0
MR1	4	8.6724e-01	9.7094e-01	1.000000	0
MANSC1	4	8.6725e-01	9.7094e-01	1.000000	0
SH3BP4	4	8.6730e-01	9.7094e-01	1.000000	0
DPH7	4	8.6732e-01	9.7094e-01	1.000000	0
GAD2	4	8.6733e-01	9.7094e-01	1.000000	0
NDUFC2-KCTD14	4	8.6737e-01	9.7094e-01	1.000000	0
PRR14	4	8.6740e-01	9.7094e-01	1.000000	0
UGGT2	4	8.6747e-01	9.7094e-01	1.000000	0
ZNF705B	4	8.6754e-01	9.7094e-01	1.000000	0
PTPRM	4	8.6757e-01	9.7094e-01	1.000000	0
HNRNPAB	4	8.6761e-01	9.7124e-01	1.000000	0
ZNF829	3	8.6763e-01	9.8109e-01	1.000000	0
IL22RA1	4	8.6771e-01	9.7124e-01	1.000000	0
C10orf142	4	8.6772e-01	9.7124e-01	1.000000	0
BAGE2	4	8.6774e-01	9.7124e-01	1.000000	0
MRPL49	4	8.6782e-01	9.7124e-01	1.000000	0
ABCE1	4	8.6783e-01	9.7124e-01	1.000000	0
TM2D2	4	8.6784e-01	9.7124e-01	1.000000	0
LY6K	4	8.6803e-01	9.7124e-01	1.000000	0
DENND1A	4	8.6813e-01	9.7153e-01	1.000000	0
HSPA8	4	8.6817e-01	9.7153e-01	1.000000	0
TNRC6A	4	8.6847e-01	9.7207e-01	1.000000	0
RCAN3	4	8.6851e-01	9.7207e-01	1.000000	0
NXF5	4	8.6858e-01	9.7207e-01	1.000000	0
SLC25A33	4	8.6861e-01	9.7207e-01	1.000000	0
CCDC179	4	8.6873e-01	9.7207e-01	1.000000	0
AQP5	4	8.6876e-01	9.7207e-01	1.000000	0
FANCC	4	8.6878e-01	9.7207e-01	1.000000	0
MORF4L2	4	8.6882e-01	9.7207e-01	1.000000	0
BAP1	4	8.6886e-01	9.7207e-01	1.000000	0
SERPINI2	4	8.6887e-01	9.7207e-01	1.000000	0
CGB8	4	8.6890e-01	9.7207e-01	1.000000	0
TEX261	4	8.6923e-01	9.7207e-01	1.000000	0
GSTM5	4	8.6926e-01	9.7207e-01	1.000000	0
CEND1	4	8.6931e-01	9.7207e-01	1.000000	0
TMC2	4	8.6933e-01	9.7207e-01	1.000000	0
ACOT8	4	8.6939e-01	9.7207e-01	1.000000	0
PRR20A	4	8.6941e-01	9.7207e-01	1.000000	0
PINK1	4	8.6949e-01	9.7207e-01	1.000000	0
UBE2A	4	8.6962e-01	9.7234e-01	1.000000	0
KCNH6	4	8.6976e-01	9.7262e-01	1.000000	0
PBDC1	4	8.6987e-01	9.7263e-01	1.000000	0
CFAP36	4	8.7000e-01	9.7289e-01	1.000000	0
BHLHA15	4	8.7004e-01	9.7289e-01	1.000000	0
TEP1	4	8.7006e-01	9.7289e-01	1.000000	0
C10orf120	4	8.7011e-01	9.7289e-01	1.000000	0
GALNT1	4	8.7015e-01	9.7289e-01	1.000000	0
NPM3	4	8.7022e-01	9.7317e-01	1.000000	0
SYPL1	4	8.7024e-01	9.7317e-01	1.000000	0
ARG1	4	8.7026e-01	9.7317e-01	1.000000	0
GPATCH4	4	8.7030e-01	9.7317e-01	1.000000	0
MAMLD1	4	8.7044e-01	9.7317e-01	1.000000	0
CDO1	4	8.7048e-01	9.7317e-01	1.000000	0
DEK	4	8.7049e-01	9.7317e-01	1.000000	0
PADI2	4	8.7054e-01	9.7317e-01	1.000000	0
TRIM49C	4	8.7066e-01	9.7317e-01	1.000000	0
EFCAB13	4	8.7071e-01	9.7344e-01	1.000000	0
RARRES3	4	8.7079e-01	9.7344e-01	1.000000	0
IZUMO1R	4	8.7085e-01	9.7344e-01	1.000000	0
AFG3L2	4	8.7089e-01	9.7344e-01	1.000000	0
SYDE2	4	8.7098e-01	9.7344e-01	1.000000	0
ZYX	4	8.7099e-01	9.7344e-01	1.000000	0
RAD52	4	8.7100e-01	9.7344e-01	1.000000	0
HIP1R	4	8.7106e-01	9.7344e-01	1.000000	0
KCNIP3	4	8.7118e-01	9.7371e-01	1.000000	0
MEF2B	4	8.7131e-01	9.7422e-01	1.000000	0
UQCRH	4	8.7134e-01	9.7422e-01	1.000000	0
TPK1	4	8.7139e-01	9.7422e-01	1.000000	0
ABTB1	4	8.7148e-01	9.7422e-01	1.000000	0
INCA1	4	8.7153e-01	9.7422e-01	1.000000	0
CSRP3	4	8.7157e-01	9.7422e-01	1.000000	0
PPIF	4	8.7158e-01	9.7422e-01	1.000000	0
ARSE	4	8.7160e-01	9.7422e-01	1.000000	0
SMOC2	4	8.7163e-01	9.7422e-01	1.000000	0
PROSER1	4	8.7166e-01	9.7422e-01	1.000000	0
NDUFB10	4	8.7169e-01	9.7422e-01	1.000000	0
SDHC	4	8.7171e-01	9.7422e-01	1.000000	0
OR1L3	4	8.7172e-01	9.7422e-01	1.000000	0
GCDH	4	8.7178e-01	9.7422e-01	1.000000	0
EFEMP2	4	8.7179e-01	9.7422e-01	1.000000	0
CYP17A1	4	8.7188e-01	9.7449e-01	1.000000	0
UGCG	4	8.7197e-01	9.7449e-01	1.000000	0
CGNL1	4	8.7203e-01	9.7449e-01	1.000000	0
PROP1	4	8.7204e-01	9.7449e-01	1.000000	0
PPP1R3B	4	8.7210e-01	9.7449e-01	1.000000	0
TBC1D4	4	8.7213e-01	9.7449e-01	1.000000	0
ABCA2	4	8.7217e-01	9.7473e-01	1.000000	0
LRP10	4	8.7220e-01	9.7473e-01	1.000000	0
CEP97	4	8.7221e-01	9.7473e-01	1.000000	0
PLVAP	4	8.7223e-01	9.7473e-01	1.000000	0
IL10RA	4	8.7231e-01	9.7473e-01	1.000000	0
REXO4	4	8.7244e-01	9.7473e-01	1.000000	0
UBE3B	4	8.7254e-01	9.7498e-01	1.000000	0
HIST1H4H	4	8.7261e-01	9.7498e-01	1.000000	0
TPGS1	4	8.7265e-01	9.7498e-01	1.000000	0
C16orf90	4	8.7273e-01	9.7498e-01	1.000000	0
SLC35A2	4	8.7275e-01	9.7498e-01	1.000000	0
GART	4	8.7276e-01	9.7498e-01	1.000000	0
C16orf86	4	8.7278e-01	9.7498e-01	1.000000	0
COMMD1	4	8.7287e-01	9.7498e-01	1.000000	0
IL12B	4	8.7295e-01	9.7498e-01	1.000000	0
CALR	4	8.7305e-01	9.7498e-01	1.000000	0
SIAH3	4	8.7326e-01	9.7549e-01	1.000000	0
TNFRSF8	4	8.7328e-01	9.7549e-01	1.000000	0
GEMIN6	4	8.7331e-01	9.7549e-01	1.000000	0
ZC3H3	4	8.7332e-01	9.7549e-01	1.000000	0
IGSF11	4	8.7338e-01	9.7549e-01	1.000000	0
FGL2	4	8.7339e-01	9.7549e-01	1.000000	0
MDM2	4	8.7341e-01	9.7549e-01	1.000000	0
CEP170B	4	8.7355e-01	9.7576e-01	1.000000	0
SASS6	4	8.7364e-01	9.7576e-01	1.000000	0
ACER1	4	8.7367e-01	9.7576e-01	1.000000	0
PPIL6	4	8.7376e-01	9.7601e-01	1.000000	0
C1orf204	4	8.7385e-01	9.7627e-01	1.000000	0
RBM12	4	8.7393e-01	9.7627e-01	1.000000	0
SLC12A4	4	8.7394e-01	9.7627e-01	1.000000	0
ZNF548	4	8.7398e-01	9.7627e-01	1.000000	0
YBEY	4	8.7402e-01	9.7627e-01	1.000000	0
HEPHL1	4	8.7421e-01	9.7649e-01	1.000000	0
HSDL2	4	8.7433e-01	9.7649e-01	1.000000	0
JARID2	4	8.7458e-01	9.7673e-01	1.000000	0
MAU2	4	8.7466e-01	9.7673e-01	1.000000	0
XYLT1	4	8.7470e-01	9.7673e-01	1.000000	0
AP1S3	4	8.7478e-01	9.7673e-01	1.000000	0
FLNA	4	8.7482e-01	9.7673e-01	1.000000	0
LIMS3L	4	8.7485e-01	9.7673e-01	1.000000	0
DMTN	4	8.7496e-01	9.7673e-01	1.000000	0
KRTAP19-8	4	8.7504e-01	9.7673e-01	1.000000	0
SYN1	4	8.7522e-01	9.7673e-01	1.000000	0
MRPL9	4	8.7532e-01	9.7673e-01	1.000000	0
PNMA1	4	8.7538e-01	9.7673e-01	1.000000	0
WDR3	4	8.7540e-01	9.7673e-01	1.000000	0
ZNF608	4	8.7541e-01	9.7673e-01	1.000000	0
TRIM49D2	4	8.7545e-01	9.7698e-01	1.000000	0
TMEM220	4	8.7547e-01	9.7698e-01	1.000000	0
ANKRD34C	4	8.7555e-01	9.7698e-01	1.000000	0
FCAMR	4	8.7558e-01	9.7698e-01	1.000000	0
CTTN	4	8.7559e-01	9.7698e-01	1.000000	0
GNB2	4	8.7564e-01	9.7698e-01	1.000000	0
CLEC2B	4	8.7596e-01	9.7698e-01	1.000000	0
RILPL1	4	8.7599e-01	9.7698e-01	1.000000	0
AQP12A	4	8.7611e-01	9.7722e-01	1.000000	0
DHH	4	8.7612e-01	9.7722e-01	1.000000	0
PET100	4	8.7613e-01	9.7722e-01	1.000000	0
ZZEF1	4	8.7628e-01	9.7747e-01	1.000000	0
ZNF721	4	8.7630e-01	9.7747e-01	1.000000	0
TP53TG3D	4	8.7639e-01	9.7747e-01	1.000000	0
PMS2	4	8.7644e-01	9.7747e-01	1.000000	0
RRP8	4	8.7652e-01	9.7747e-01	1.000000	0
FLVCR1	4	8.7655e-01	9.7747e-01	1.000000	0
C1orf105	4	8.7656e-01	9.7747e-01	1.000000	0
GRIA1	4	8.7658e-01	9.7747e-01	1.000000	0
ATAD3A	4	8.7662e-01	9.7747e-01	1.000000	0
ZNF428	4	8.7666e-01	9.7747e-01	1.000000	0
RGPD3	4	8.7672e-01	9.7747e-01	1.000000	0
RGPD8	4	8.7678e-01	9.7747e-01	1.000000	0
PRKAG1	4	8.7687e-01	9.7771e-01	1.000000	0
TMEM119	4	8.7695e-01	9.7771e-01	1.000000	0
NR1H3	4	8.7703e-01	9.7771e-01	1.000000	0
ZNF737	4	8.7707e-01	9.7771e-01	1.000000	0
NOL6	4	8.7709e-01	9.7771e-01	1.000000	0
SULT1A1	4	8.7710e-01	9.7771e-01	1.000000	0
UBE2C	4	8.7711e-01	9.7771e-01	1.000000	0
INSIG2	4	8.7712e-01	9.7771e-01	1.000000	0
SMTN	4	8.7715e-01	9.7771e-01	1.000000	0
RPL10L	4	8.7717e-01	9.7771e-01	1.000000	0
DDIAS	4	8.7718e-01	9.7771e-01	1.000000	0
OR10C1	4	8.7730e-01	9.7771e-01	1.000000	0
LOC388436	4	8.7732e-01	9.7772e-01	1.000000	0
XIRP2	4	8.7734e-01	9.7772e-01	1.000000	0
DLL1	4	8.7740e-01	9.7772e-01	1.000000	0
TTC29	4	8.7742e-01	9.7772e-01	1.000000	0
SULT2A1	4	8.7760e-01	9.7772e-01	1.000000	0
GAL3ST4	4	8.7767e-01	9.7772e-01	1.000000	0
EIF4EBP1	4	8.7781e-01	9.7795e-01	1.000000	0
TSTD2	4	8.7785e-01	9.7795e-01	1.000000	0
PSME3	4	8.7787e-01	9.7795e-01	1.000000	0
CAPN9	4	8.7789e-01	9.7795e-01	1.000000	0
ZNF174	4	8.7800e-01	9.7795e-01	1.000000	0
PHOSPHO2-KLHL23	4	8.7806e-01	9.7795e-01	1.000000	0
CD86	4	8.7808e-01	9.7795e-01	1.000000	0
PTPRK	4	8.7816e-01	9.7817e-01	1.000000	0
SLC16A8	4	8.7820e-01	9.7817e-01	1.000000	0
C22orf24	4	8.7837e-01	9.7817e-01	1.000000	0
BCL2A1	4	8.7842e-01	9.7817e-01	1.000000	0
LOC100505478	4	8.7843e-01	9.7817e-01	1.000000	0
CDCA8	4	8.7849e-01	9.7817e-01	1.000000	0
IK	4	8.7850e-01	9.7817e-01	1.000000	0
EVPLL	4	8.7852e-01	9.7817e-01	1.000000	0
OR2T5	4	8.7855e-01	9.7817e-01	1.000000	0
BAZ1B	4	8.7861e-01	9.7817e-01	1.000000	0
NDUFA9	4	8.7862e-01	9.7817e-01	1.000000	0
WDPCP	4	8.7876e-01	9.7818e-01	1.000000	0
C8orf87	4	8.7884e-01	9.7818e-01	1.000000	0
KRTCAP2	4	8.7887e-01	9.7818e-01	1.000000	0
ZIM2	4	8.7895e-01	9.7818e-01	1.000000	0
EPHB2	4	8.7906e-01	9.7818e-01	1.000000	0
ZNF518B	4	8.7912e-01	9.7818e-01	1.000000	0
LIN52	4	8.7915e-01	9.7818e-01	1.000000	0
NDUFA7	4	8.7916e-01	9.7818e-01	1.000000	0
TOMM6	4	8.7927e-01	9.7841e-01	1.000000	0
IFRD1	4	8.7935e-01	9.7841e-01	1.000000	0
RNF103-CHMP3	4	8.7940e-01	9.7841e-01	1.000000	0
IL11RA	4	8.7942e-01	9.7841e-01	1.000000	0
PCDHGB3	4	8.7948e-01	9.7841e-01	1.000000	0
NTRK3	4	8.7950e-01	9.7841e-01	1.000000	0
ALB	4	8.7954e-01	9.7841e-01	1.000000	0
ACR	4	8.7955e-01	9.7841e-01	1.000000	0
TCTEX1D2	4	8.7958e-01	9.7841e-01	1.000000	0
RGSL1	4	8.7962e-01	9.7841e-01	1.000000	0
POLR2G	4	8.7964e-01	9.7841e-01	1.000000	0
SHQ1	4	8.7965e-01	9.7841e-01	1.000000	0
ZNF12	4	8.7969e-01	9.7841e-01	1.000000	0
ASB18	4	8.7974e-01	9.7841e-01	1.000000	0
TGOLN2	4	8.7975e-01	9.7841e-01	1.000000	0
PPEF1	4	8.7992e-01	9.7864e-01	1.000000	0
SLC35A1	4	8.7996e-01	9.7864e-01	1.000000	0
FOXD4	4	8.8004e-01	9.7864e-01	1.000000	0
TTLL9	4	8.8009e-01	9.7864e-01	1.000000	0
MGA	4	8.8015e-01	9.7864e-01	1.000000	0
NFASC	4	8.8023e-01	9.7864e-01	1.000000	0
PRADC1	4	8.8024e-01	9.7864e-01	1.000000	0
GLI1	4	8.8029e-01	9.7864e-01	1.000000	0
SLC35B3	4	8.8031e-01	9.7864e-01	1.000000	0
FRMPD2	4	8.8033e-01	9.7864e-01	1.000000	0
KIF2B	4	8.8037e-01	9.7864e-01	1.000000	0
DOCK11	4	8.8050e-01	9.7888e-01	1.000000	0
DDX28	4	8.8051e-01	9.7888e-01	1.000000	0
NADK	4	8.8052e-01	9.7888e-01	1.000000	0
ING3	3	8.8057e-01	9.8291e-01	1.000000	0
CCL13	4	8.8060e-01	9.7888e-01	1.000000	0
IFNB1	4	8.8063e-01	9.7909e-01	1.000000	0
DMXL2	4	8.8064e-01	9.7909e-01	1.000000	0
OR1D5	4	8.8067e-01	9.7909e-01	1.000000	0
CHD2	4	8.8068e-01	9.7909e-01	1.000000	0
GK	4	8.8072e-01	9.7909e-01	1.000000	0
COLEC12	4	8.8089e-01	9.7930e-01	1.000000	0
TBC1D23	4	8.8095e-01	9.7953e-01	1.000000	0
CHIC2	4	8.8105e-01	9.7953e-01	1.000000	0
MED17	4	8.8110e-01	9.7953e-01	1.000000	0
LIMK2	4	8.8115e-01	9.7953e-01	1.000000	0
PCDHA1	4	8.8116e-01	9.7953e-01	1.000000	0
TCOF1	4	8.8120e-01	9.7953e-01	1.000000	0
APC2	4	8.8133e-01	9.7953e-01	1.000000	0
TMA7	4	8.8136e-01	9.7953e-01	1.000000	0
NUDT19	4	8.8139e-01	9.7953e-01	1.000000	0
TRPS1	4	8.8140e-01	9.7953e-01	1.000000	0
FHL3	4	8.8143e-01	9.7953e-01	1.000000	0
HAUS3	4	8.8148e-01	9.7953e-01	1.000000	0
ANKRD30B	4	8.8153e-01	9.7974e-01	1.000000	0
VSTM1	4	8.8166e-01	9.7974e-01	1.000000	0
OR4M1	4	8.8182e-01	9.7995e-01	1.000000	0
FNBP4	4	8.8188e-01	9.7995e-01	1.000000	0
NPAS2	4	8.8196e-01	9.7995e-01	1.000000	0
DDX25	4	8.8201e-01	9.7995e-01	1.000000	0
MYB	4	8.8206e-01	9.7995e-01	1.000000	0
LRWD1	4	8.8208e-01	9.7995e-01	1.000000	0
ATP1A3	4	8.8209e-01	9.7995e-01	1.000000	0
DNAJC6	4	8.8218e-01	9.7995e-01	1.000000	0
KANK4	4	8.8219e-01	9.7995e-01	1.000000	0
PAX1	4	8.8227e-01	9.7995e-01	1.000000	0
F12	4	8.8239e-01	9.7995e-01	1.000000	0
TNXB	4	8.8245e-01	9.8016e-01	1.000000	0
DEFB104B	4	8.8251e-01	9.8016e-01	1.000000	0
RPF1	4	8.8253e-01	9.8016e-01	1.000000	0
HCN2	4	8.8255e-01	9.8016e-01	1.000000	0
ENDOU	4	8.8258e-01	9.8016e-01	1.000000	0
KIAA2022	4	8.8265e-01	9.8016e-01	1.000000	0
CTBP2	4	8.8267e-01	9.8016e-01	1.000000	0
TMEM82	4	8.8268e-01	9.8016e-01	1.000000	0
KRTAP5-10	4	8.8273e-01	9.8016e-01	1.000000	0
CHRNB3	4	8.8296e-01	9.8016e-01	1.000000	0
RHOB	4	8.8299e-01	9.8016e-01	1.000000	0
SLMAP	4	8.8302e-01	9.8016e-01	1.000000	0
TTYH2	4	8.8305e-01	9.8016e-01	1.000000	0
GTF2H2	4	8.8306e-01	9.8016e-01	1.000000	0
ICE1	4	8.8326e-01	9.8037e-01	1.000000	0
TCEB3C	4	8.8330e-01	9.8057e-01	1.000000	0
TACR1	4	8.8332e-01	9.8057e-01	1.000000	0
SHANK1	4	8.8334e-01	9.8057e-01	1.000000	0
GPR62	4	8.8341e-01	9.8079e-01	1.000000	0
ECSIT	4	8.8351e-01	9.8079e-01	1.000000	0
UCP1	4	8.8371e-01	9.8100e-01	1.000000	0
MRPL32	4	8.8372e-01	9.8100e-01	1.000000	0
ATP6V1G2	4	8.8374e-01	9.8100e-01	1.000000	0
ZNF202	4	8.8377e-01	9.8100e-01	1.000000	0
ZNF77	4	8.8384e-01	9.8100e-01	1.000000	0
SPDYC	4	8.8391e-01	9.8100e-01	1.000000	0
DAPL1	4	8.8393e-01	9.8100e-01	1.000000	0
OR4F15	4	8.8396e-01	9.8100e-01	1.000000	0
SLC35F4	4	8.8397e-01	9.8100e-01	1.000000	0
OBSL1	4	8.8407e-01	9.8100e-01	1.000000	0
DIO2	4	8.8414e-01	9.8100e-01	1.000000	0
POMC	4	8.8419e-01	9.8100e-01	1.000000	0
CLPP	4	8.8438e-01	9.8120e-01	1.000000	0
IL25	4	8.8439e-01	9.8120e-01	1.000000	0
LSR	4	8.8440e-01	9.8120e-01	1.000000	0
SLC45A2	4	8.8443e-01	9.8120e-01	1.000000	0
PELI2	4	8.8453e-01	9.8120e-01	1.000000	0
SRA1	4	8.8455e-01	9.8120e-01	1.000000	0
CARTPT	4	8.8459e-01	9.8120e-01	1.000000	0
PLA2G1B	4	8.8461e-01	9.8120e-01	1.000000	0
RSAD1	4	8.8464e-01	9.8120e-01	1.000000	0
P4HA1	4	8.8472e-01	9.8120e-01	1.000000	0
MEF2A	4	8.8476e-01	9.8120e-01	1.000000	0
SRSF2	4	8.8480e-01	9.8120e-01	1.000000	0
DZANK1	4	8.8486e-01	9.8120e-01	1.000000	0
DYNLL1	4	8.8488e-01	9.8120e-01	1.000000	0
TTC38	4	8.8491e-01	9.8120e-01	1.000000	0
GAK	4	8.8495e-01	9.8120e-01	1.000000	0
RBL2	4	8.8500e-01	9.8120e-01	1.000000	0
MSX1	4	8.8504e-01	9.8120e-01	1.000000	0
C6orf118	4	8.8507e-01	9.8120e-01	1.000000	0
UFSP2	4	8.8513e-01	9.8120e-01	1.000000	0
GSTZ1	4	8.8514e-01	9.8120e-01	1.000000	0
PDE1C	4	8.8517e-01	9.8120e-01	1.000000	0
SPIDR	4	8.8520e-01	9.8120e-01	1.000000	0
CCNE2	4	8.8521e-01	9.8120e-01	1.000000	0
ASF1A	4	8.8531e-01	9.8120e-01	1.000000	0
ITSN1	4	8.8538e-01	9.8120e-01	1.000000	0
KRTAP21-2	4	8.8554e-01	9.8120e-01	1.000000	0
DCD	4	8.8565e-01	9.8120e-01	1.000000	0
NHSL1	4	8.8569e-01	9.8120e-01	1.000000	0
PRMT9	4	8.8580e-01	9.8120e-01	1.000000	0
MED26	4	8.8582e-01	9.8120e-01	1.000000	0
CEACAM18	4	8.8586e-01	9.8120e-01	1.000000	0
TEX36	4	8.8589e-01	9.8120e-01	1.000000	0
MTMR3	4	8.8590e-01	9.8120e-01	1.000000	0
FAM21C	4	8.8594e-01	9.8120e-01	1.000000	0
SHMT2	4	8.8597e-01	9.8120e-01	1.000000	0
CAMSAP1	4	8.8602e-01	9.8120e-01	1.000000	0
VSIG8	4	8.8605e-01	9.8120e-01	1.000000	0
DCP1A	4	8.8611e-01	9.8120e-01	1.000000	0
PYCR2	4	8.8623e-01	9.8120e-01	1.000000	0
SLC6A17	4	8.8633e-01	9.8120e-01	1.000000	0
HTR2A	4	8.8635e-01	9.8120e-01	1.000000	0
ZNF268	4	8.8639e-01	9.8120e-01	1.000000	0
TDRD12	4	8.8641e-01	9.8120e-01	1.000000	0
IGF2BP2	4	8.8645e-01	9.8120e-01	1.000000	0
TRIM74	4	8.8668e-01	9.8120e-01	1.000000	0
SLC22A1	4	8.8670e-01	9.8120e-01	1.000000	0
PGRMC2	4	8.8673e-01	9.8120e-01	1.000000	0
UBXN2A	4	8.8674e-01	9.8120e-01	1.000000	0
KCNAB1	4	8.8676e-01	9.8120e-01	1.000000	0
HTRA2	4	8.8686e-01	9.8120e-01	1.000000	0
SMG6	4	8.8697e-01	9.8120e-01	1.000000	0
ZSCAN18	4	8.8702e-01	9.8120e-01	1.000000	0
FZR1	4	8.8709e-01	9.8120e-01	1.000000	0
RAD17	4	8.8719e-01	9.8120e-01	1.000000	0
TNFRSF13B	4	8.8720e-01	9.8120e-01	1.000000	0
FMO4	4	8.8727e-01	9.8120e-01	1.000000	0
CWC15	4	8.8728e-01	9.8120e-01	1.000000	0
ZNF175	4	8.8733e-01	9.8120e-01	1.000000	0
LOC100130451	4	8.8741e-01	9.8120e-01	1.000000	0
POC5	4	8.8754e-01	9.8120e-01	1.000000	0
WNK1	4	8.8762e-01	9.8120e-01	1.000000	0
TRIM3	4	8.8767e-01	9.8120e-01	1.000000	0
LRRC24	4	8.8770e-01	9.8120e-01	1.000000	0
POU4F2	4	8.8781e-01	9.8120e-01	1.000000	0
FAF1	4	8.8799e-01	9.8120e-01	1.000000	0
RRAS2	4	8.8801e-01	9.8120e-01	1.000000	0
RSPH10B2	4	8.8802e-01	9.8120e-01	1.000000	0
SRR	4	8.8805e-01	9.8120e-01	1.000000	0
ARHGAP40	4	8.8808e-01	9.8120e-01	1.000000	0
KLHL10	4	8.8809e-01	9.8120e-01	1.000000	0
GLRA3	4	8.8813e-01	9.8140e-01	1.000000	0
AP3S2	4	8.8813e-01	9.8140e-01	1.000000	0
OR51G2	4	8.8814e-01	9.8140e-01	1.000000	0
ITFG3	4	8.8815e-01	9.8140e-01	1.000000	0
MROH6	4	8.8823e-01	9.8140e-01	1.000000	0
TNRC18	4	8.8828e-01	9.8140e-01	1.000000	0
GPR179	4	8.8830e-01	9.8140e-01	1.000000	0
GSX1	4	8.8832e-01	9.8140e-01	1.000000	0
SHISA3	4	8.8833e-01	9.8140e-01	1.000000	0
NUCB1	4	8.8843e-01	9.8140e-01	1.000000	0
ZBTB6	4	8.8851e-01	9.8140e-01	1.000000	0
ABCC9	4	8.8854e-01	9.8140e-01	1.000000	0
AQP1	4	8.8856e-01	9.8140e-01	1.000000	0
DSG2	4	8.8858e-01	9.8140e-01	1.000000	0
MMP14	4	8.8866e-01	9.8140e-01	1.000000	0
C9orf139	4	8.8888e-01	9.8161e-01	1.000000	0
EWSR1	4	8.8889e-01	9.8161e-01	1.000000	0
WNT6	4	8.8898e-01	9.8161e-01	1.000000	0
TRIM36	4	8.8900e-01	9.8161e-01	1.000000	0
CDCA5	4	8.8903e-01	9.8161e-01	1.000000	0
DAPK3	4	8.8916e-01	9.8161e-01	1.000000	0
ODAM	4	8.8918e-01	9.8161e-01	1.000000	0
PDK1	4	8.8927e-01	9.8161e-01	1.000000	0
TRIM9	4	8.8932e-01	9.8179e-01	1.000000	0
ZBTB12	4	8.8935e-01	9.8179e-01	1.000000	0
DCST2	4	8.8945e-01	9.8179e-01	1.000000	0
SGSM1	4	8.8953e-01	9.8179e-01	1.000000	0
IGFBPL1	4	8.8962e-01	9.8179e-01	1.000000	0
RMND5A	4	8.8968e-01	9.8179e-01	1.000000	0
TMEM150A	4	8.8970e-01	9.8179e-01	1.000000	0
TOMM7	4	8.8979e-01	9.8179e-01	1.000000	0
THEG5	4	8.8981e-01	9.8179e-01	1.000000	0
RPN1	4	8.8982e-01	9.8179e-01	1.000000	0
VPS13D	4	8.8985e-01	9.8179e-01	1.000000	0
MED24	4	8.8993e-01	9.8179e-01	1.000000	0
WDR35	4	8.8995e-01	9.8179e-01	1.000000	0
AK1	4	8.8998e-01	9.8179e-01	1.000000	0
CGB	4	8.9002e-01	9.8179e-01	1.000000	0
AKT2	4	8.9009e-01	9.8179e-01	1.000000	0
C22orf31	4	8.9011e-01	9.8179e-01	1.000000	0
MYOCD	4	8.9013e-01	9.8179e-01	1.000000	0
LRRIQ1	4	8.9016e-01	9.8179e-01	1.000000	0
RWDD3	4	8.9027e-01	9.8179e-01	1.000000	0
PPIAL4D	4	8.9032e-01	9.8179e-01	1.000000	0
CHAC2	4	8.9034e-01	9.8179e-01	1.000000	0
COQ10B	4	8.9036e-01	9.8179e-01	1.000000	0
PCGF1	4	8.9059e-01	9.8179e-01	1.000000	0
C1GALT1C1L	4	8.9063e-01	9.8179e-01	1.000000	0
PLEKHG3	4	8.9072e-01	9.8179e-01	1.000000	0
ADAM23	4	8.9075e-01	9.8179e-01	1.000000	0
ENOX1	4	8.9075e-01	9.8179e-01	1.000000	0
NLRP7	4	8.9077e-01	9.8179e-01	1.000000	0
PARP15	4	8.9085e-01	9.8179e-01	1.000000	0
ALG10B	4	8.9086e-01	9.8179e-01	1.000000	0
TFAP2C	4	8.9104e-01	9.8217e-01	1.000000	0
RAD9B	4	8.9107e-01	9.8217e-01	1.000000	0
SMIM12	4	8.9108e-01	9.8217e-01	1.000000	0
PLSCR3	4	8.9109e-01	9.8217e-01	1.000000	0
SF1	4	8.9112e-01	9.8218e-01	1.000000	0
CARD11	4	8.9115e-01	9.8218e-01	1.000000	0
RGS3	4	8.9124e-01	9.8258e-01	1.000000	0
FGR	4	8.9132e-01	9.8258e-01	1.000000	0
ME2	4	8.9134e-01	9.8258e-01	1.000000	0
RWDD1	4	8.9137e-01	9.8258e-01	1.000000	0
C7orf73	4	8.9139e-01	9.8258e-01	1.000000	0
TTLL5	4	8.9149e-01	9.8258e-01	1.000000	0
BCO1	4	8.9160e-01	9.8258e-01	1.000000	0
E2F1	4	8.9161e-01	9.8258e-01	1.000000	0
TCTN3	4	8.9162e-01	9.8258e-01	1.000000	0
FAM183A	4	8.9175e-01	9.8277e-01	1.000000	0
IKBKE	4	8.9178e-01	9.8277e-01	1.000000	0
OTOGL	4	8.9187e-01	9.8296e-01	1.000000	0
CD3D	4	8.9191e-01	9.8296e-01	1.000000	0
UNC13A	4	8.9195e-01	9.8296e-01	1.000000	0
PAPSS1	4	8.9196e-01	9.8296e-01	1.000000	0
LIFR	4	8.9197e-01	9.8296e-01	1.000000	0
CCDC122	4	8.9201e-01	9.8296e-01	1.000000	0
EID3	4	8.9208e-01	9.8296e-01	1.000000	0
CCL3L3	4	8.9210e-01	9.8296e-01	1.000000	0
TP53BP1	4	8.9211e-01	9.8296e-01	1.000000	0
TEX33	4	8.9225e-01	9.8296e-01	1.000000	0
ANKRD60	4	8.9229e-01	9.8296e-01	1.000000	0
FUBP1	4	8.9234e-01	9.8296e-01	1.000000	0
PDE10A	4	8.9239e-01	9.8296e-01	1.000000	0
PREX2	4	8.9247e-01	9.8296e-01	1.000000	0
SFRP5	4	8.9252e-01	9.8296e-01	1.000000	0
MEIOB	4	8.9256e-01	9.8296e-01	1.000000	0
ABCD1	4	8.9269e-01	9.8296e-01	1.000000	0
UGT2B10	4	8.9273e-01	9.8296e-01	1.000000	0
DCHS1	4	8.9276e-01	9.8296e-01	1.000000	0
TBC1D13	4	8.9279e-01	9.8296e-01	1.000000	0
KRTAP4-2	4	8.9284e-01	9.8296e-01	1.000000	0
LEMD2	4	8.9287e-01	9.8296e-01	1.000000	0
HECTD3	4	8.9288e-01	9.8296e-01	1.000000	0
RAB3C	4	8.9291e-01	9.8296e-01	1.000000	0
KCNJ11	4	8.9294e-01	9.8296e-01	1.000000	0
TSPAN33	4	8.9299e-01	9.8296e-01	1.000000	0
RMI2	4	8.9305e-01	9.8315e-01	1.000000	0
HIST1H4G	4	8.9325e-01	9.8332e-01	1.000000	0
OR5I1	4	8.9329e-01	9.8352e-01	1.000000	0
PLAC9	4	8.9330e-01	9.8352e-01	1.000000	0
CSPG4	4	8.9336e-01	9.8352e-01	1.000000	0
ZMAT4	4	8.9338e-01	9.8352e-01	1.000000	0
ARMC10	4	8.9339e-01	9.8352e-01	1.000000	0
FAM157A	4	8.9341e-01	9.8352e-01	1.000000	0
NPPB	4	8.9343e-01	9.8352e-01	1.000000	0
DROSHA	4	8.9345e-01	9.8352e-01	1.000000	0
CCDC39	4	8.9351e-01	9.8352e-01	1.000000	0
IMPAD1	4	8.9353e-01	9.8352e-01	1.000000	0
SMC1A	4	8.9366e-01	9.8352e-01	1.000000	0
TCEAL2	4	8.9393e-01	9.8369e-01	1.000000	0
LYPD4	4	8.9406e-01	9.8369e-01	1.000000	0
CRIM1	4	8.9413e-01	9.8369e-01	1.000000	0
MLLT6	4	8.9416e-01	9.8369e-01	1.000000	0
HEATR5B	4	8.9422e-01	9.8369e-01	1.000000	0
ANKRD42	4	8.9439e-01	9.8369e-01	1.000000	0
PIGM	4	8.9442e-01	9.8369e-01	1.000000	0
ATP6V1H	4	8.9446e-01	9.8369e-01	1.000000	0
PPIH	4	8.9450e-01	9.8369e-01	1.000000	0
PPFIA1	4	8.9451e-01	9.8369e-01	1.000000	0
LINGO1	4	8.9454e-01	9.8369e-01	1.000000	0
PTPN5	4	8.9466e-01	9.8387e-01	1.000000	0
MYO1G	4	8.9468e-01	9.8387e-01	1.000000	0
HPRT1	4	8.9475e-01	9.8387e-01	1.000000	0
GSTT2B	4	8.9483e-01	9.8387e-01	1.000000	0
CT45A5	4	8.9484e-01	9.8387e-01	1.000000	0
TATDN1	4	8.9504e-01	9.8387e-01	1.000000	0
SERPIND1	4	8.9511e-01	9.8405e-01	1.000000	0
PRUNE	4	8.9519e-01	9.8405e-01	1.000000	0
PLEKHF1	4	8.9520e-01	9.8405e-01	1.000000	0
MIP	4	8.9525e-01	9.8405e-01	1.000000	0
F2RL3	4	8.9536e-01	9.8405e-01	1.000000	0
C1QTNF9B-AS1	4	8.9536e-01	9.8405e-01	1.000000	0
IGLL5	4	8.9549e-01	9.8405e-01	1.000000	0
AIDA	4	8.9558e-01	9.8405e-01	1.000000	0
TMTC4	4	8.9565e-01	9.8423e-01	1.000000	0
LRIT2	4	8.9581e-01	9.8442e-01	1.000000	0
MSH6	4	8.9596e-01	9.8442e-01	1.000000	0
CELSR2	4	8.9600e-01	9.8442e-01	1.000000	0
VHLL	4	8.9604e-01	9.8442e-01	1.000000	0
ZSWIM4	4	8.9612e-01	9.8442e-01	1.000000	0
SUN3	4	8.9623e-01	9.8459e-01	1.000000	0
SYAP1	4	8.9628e-01	9.8459e-01	1.000000	0
TRIM2	4	8.9630e-01	9.8459e-01	1.000000	0
RND2	4	8.9631e-01	9.8459e-01	1.000000	0
PSPN	4	8.9638e-01	9.8459e-01	1.000000	0
RPS6KA4	4	8.9643e-01	9.8459e-01	1.000000	0
CMTM6	4	8.9645e-01	9.8459e-01	1.000000	0
ZMYM4	4	8.9646e-01	9.8459e-01	1.000000	0
NCKAP1L	4	8.9652e-01	9.8477e-01	1.000000	0
NCF2	4	8.9655e-01	9.8477e-01	1.000000	0
CRACR2A	4	8.9659e-01	9.8477e-01	1.000000	0
SPRY2	4	8.9664e-01	9.8477e-01	1.000000	0
ZAP70	4	8.9679e-01	9.8477e-01	1.000000	0
KIAA0556	4	8.9681e-01	9.8477e-01	1.000000	0
SENP7	4	8.9682e-01	9.8477e-01	1.000000	0
NEUROD6	4	8.9685e-01	9.8477e-01	1.000000	0
TMEM184A	4	8.9687e-01	9.8477e-01	1.000000	0
GPNMB	4	8.9689e-01	9.8477e-01	1.000000	0
ZNF749	4	8.9690e-01	9.8477e-01	1.000000	0
OR2B6	4	8.9695e-01	9.8477e-01	1.000000	0
PGAM5	4	8.9697e-01	9.8477e-01	1.000000	0
TRIM16L	4	8.9706e-01	9.8493e-01	1.000000	0
PADI4	4	8.9710e-01	9.8493e-01	1.000000	0
OR11H12	4	8.9712e-01	9.8493e-01	1.000000	0
RAB11FIP3	4	8.9714e-01	9.8493e-01	1.000000	0
RBMX2	4	8.9720e-01	9.8493e-01	1.000000	0
RHBDL1	4	8.9722e-01	9.8493e-01	1.000000	0
PVRL3	4	8.9736e-01	9.8493e-01	1.000000	0
FMR1	4	8.9744e-01	9.8493e-01	1.000000	0
MGAT4D	4	8.9748e-01	9.8493e-01	1.000000	0
GPR176	4	8.9752e-01	9.8493e-01	1.000000	0
PJA2	4	8.9755e-01	9.8493e-01	1.000000	0
CYBB	4	8.9756e-01	9.8493e-01	1.000000	0
SNCA	4	8.9770e-01	9.8493e-01	1.000000	0
ARPC5	4	8.9771e-01	9.8493e-01	1.000000	0
FOXA3	4	8.9799e-01	9.8543e-01	1.000000	0
ENO2	4	8.9804e-01	9.8543e-01	1.000000	0
RNF4	4	8.9805e-01	9.8543e-01	1.000000	0
NRP2	4	8.9813e-01	9.8543e-01	1.000000	0
SPDYE5	4	8.9817e-01	9.8543e-01	1.000000	0
BCAN	4	8.9822e-01	9.8543e-01	1.000000	0
CPNE8	4	8.9823e-01	9.8543e-01	1.000000	0
ABCC5	4	8.9827e-01	9.8543e-01	1.000000	0
POLG	4	8.9829e-01	9.8543e-01	1.000000	0
KCNG1	4	8.9833e-01	9.8543e-01	1.000000	0
TMEM57	4	8.9844e-01	9.8543e-01	1.000000	0
OR5K1	4	8.9846e-01	9.8543e-01	1.000000	0
STX2	4	8.9852e-01	9.8543e-01	1.000000	0
PSEN1	4	8.9856e-01	9.8543e-01	1.000000	0
KRT82	4	8.9865e-01	9.8543e-01	1.000000	0
PCDH15	4	8.9868e-01	9.8543e-01	1.000000	0
ANKRD52	4	8.9873e-01	9.8543e-01	1.000000	0
MTMR4	4	8.9875e-01	9.8543e-01	1.000000	0
MTHFSD	4	8.9882e-01	9.8543e-01	1.000000	0
C6orf226	4	8.9885e-01	9.8543e-01	1.000000	0
CLEC4M	4	8.9893e-01	9.8543e-01	1.000000	0
SPHK1	4	8.9895e-01	9.8543e-01	1.000000	0
PARP4	4	8.9902e-01	9.8543e-01	1.000000	0
LPXN	4	8.9905e-01	9.8543e-01	1.000000	0
RPS6KA2	4	8.9909e-01	9.8543e-01	1.000000	0
JMJD1C	4	8.9911e-01	9.8543e-01	1.000000	0
TMEM2	4	8.9915e-01	9.8543e-01	1.000000	0
ARL5A	4	8.9918e-01	9.8543e-01	1.000000	0
OR2B3	4	8.9920e-01	9.8543e-01	1.000000	0
FAM53B	4	8.9927e-01	9.8543e-01	1.000000	0
ARSF	4	8.9939e-01	9.8560e-01	1.000000	0
TNFSF12-TNFSF13	4	8.9943e-01	9.8560e-01	1.000000	0
VPS16	4	8.9944e-01	9.8560e-01	1.000000	0
C2orf42	4	8.9960e-01	9.8560e-01	1.000000	0
CNOT1	4	8.9962e-01	9.8560e-01	1.000000	0
MMAA	4	8.9966e-01	9.8560e-01	1.000000	0
ELMSAN1	4	8.9970e-01	9.8560e-01	1.000000	0
CHRNA7	4	8.9972e-01	9.8560e-01	1.000000	0
CARM1	4	8.9977e-01	9.8560e-01	1.000000	0
ELF2	4	8.9982e-01	9.8560e-01	1.000000	0
NBPF9	4	8.9994e-01	9.8577e-01	1.000000	0
TVP23C-CDRT4	4	9.0007e-01	9.8592e-01	1.000000	0
ZNF676	4	9.0007e-01	9.8592e-01	1.000000	0
LOC401052	4	9.0013e-01	9.8592e-01	1.000000	0
HCST	4	9.0019e-01	9.8609e-01	1.000000	0
NBPF12	4	9.0027e-01	9.8609e-01	1.000000	0
CCDC185	4	9.0033e-01	9.8609e-01	1.000000	0
AP1G1	4	9.0034e-01	9.8609e-01	1.000000	0
SFR1	4	9.0035e-01	9.8609e-01	1.000000	0
WDR34	4	9.0042e-01	9.8624e-01	1.000000	0
HTN1	4	9.0045e-01	9.8624e-01	1.000000	0
SLC9A3R1	4	9.0046e-01	9.8624e-01	1.000000	0
MAP3K1	4	9.0051e-01	9.8624e-01	1.000000	0
KRTAP12-4	4	9.0052e-01	9.8624e-01	1.000000	0
EPX	4	9.0056e-01	9.8624e-01	1.000000	0
NPDC1	4	9.0058e-01	9.8624e-01	1.000000	0
BDH1	4	9.0068e-01	9.8624e-01	1.000000	0
DMBT1	4	9.0071e-01	9.8624e-01	1.000000	0
MRGBP	4	9.0106e-01	9.8624e-01	1.000000	0
MPHOSPH6	4	9.0106e-01	9.8624e-01	1.000000	0
RBMS1	4	9.0108e-01	9.8624e-01	1.000000	0
ABHD10	4	9.0119e-01	9.8624e-01	1.000000	0
POTEA	4	9.0126e-01	9.8624e-01	1.000000	0
RCSD1	4	9.0139e-01	9.8624e-01	1.000000	0
COL9A2	4	9.0147e-01	9.8624e-01	1.000000	0
UQCC1	4	9.0149e-01	9.8624e-01	1.000000	0
VPS13C	4	9.0155e-01	9.8624e-01	1.000000	0
ATR	4	9.0166e-01	9.8624e-01	1.000000	0
TMED10	4	9.0174e-01	9.8639e-01	1.000000	0
ZNF567	4	9.0179e-01	9.8639e-01	1.000000	0
PCSK5	4	9.0188e-01	9.8639e-01	1.000000	0
FAM185A	4	9.0189e-01	9.8639e-01	1.000000	0
KREMEN1	4	9.0190e-01	9.8639e-01	1.000000	0
ST3GAL1	4	9.0197e-01	9.8639e-01	1.000000	0
FAM149A	4	9.0199e-01	9.8639e-01	1.000000	0
OR1A1	4	9.0201e-01	9.8639e-01	1.000000	0
FAM173B	4	9.0203e-01	9.8639e-01	1.000000	0
FAM195A	4	9.0204e-01	9.8639e-01	1.000000	0
RGPD6	4	9.0225e-01	9.8654e-01	1.000000	0
HIST1H4A	4	9.0230e-01	9.8654e-01	1.000000	0
WAPAL	4	9.0238e-01	9.8654e-01	1.000000	0
THADA	4	9.0239e-01	9.8654e-01	1.000000	0
FOXH1	4	9.0247e-01	9.8654e-01	1.000000	0
DUSP8	4	9.0249e-01	9.8654e-01	1.000000	0
CAPN12	4	9.0257e-01	9.8654e-01	1.000000	0
PPP2CA	4	9.0263e-01	9.8654e-01	1.000000	0
EFCAB12	4	9.0267e-01	9.8654e-01	1.000000	0
TFAP2D	4	9.0268e-01	9.8654e-01	1.000000	0
SEL1L3	4	9.0272e-01	9.8654e-01	1.000000	0
CHCHD3	4	9.0275e-01	9.8654e-01	1.000000	0
ADGRF1	4	9.0285e-01	9.8654e-01	1.000000	0
TIMM13	4	9.0306e-01	9.8654e-01	1.000000	0
SUPT20HL2	4	9.0318e-01	9.8654e-01	1.000000	0
UBE2E1	4	9.0319e-01	9.8654e-01	1.000000	0
CDH23	4	9.0330e-01	9.8654e-01	1.000000	0
SPDYE2B	4	9.0331e-01	9.8654e-01	1.000000	0
LOX	4	9.0334e-01	9.8654e-01	1.000000	0
WDR66	4	9.0336e-01	9.8654e-01	1.000000	0
PLXDC2	4	9.0340e-01	9.8654e-01	1.000000	0
PROK1	4	9.0342e-01	9.8654e-01	1.000000	0
TMEM61	4	9.0344e-01	9.8654e-01	1.000000	0
RASSF7	4	9.0346e-01	9.8654e-01	1.000000	0
SMEK1	4	9.0348e-01	9.8654e-01	1.000000	0
SMAD2	4	9.0350e-01	9.8654e-01	1.000000	0
DDX60	4	9.0359e-01	9.8670e-01	1.000000	0
INO80B	4	9.0363e-01	9.8670e-01	1.000000	0
PIWIL1	4	9.0370e-01	9.8670e-01	1.000000	0
ATOH7	4	9.0371e-01	9.8670e-01	1.000000	0
TMEM185A	4	9.0372e-01	9.8670e-01	1.000000	0
ARRDC2	4	9.0380e-01	9.8670e-01	1.000000	0
RBMX	4	9.0390e-01	9.8670e-01	1.000000	0
TMEM106C	4	9.0396e-01	9.8670e-01	1.000000	0
ERBB4	4	9.0401e-01	9.8670e-01	1.000000	0
ZFAND2A	4	9.0406e-01	9.8670e-01	1.000000	0
MYO7B	4	9.0416e-01	9.8670e-01	1.000000	0
DMWD	4	9.0421e-01	9.8670e-01	1.000000	0
HN1L	4	9.0423e-01	9.8670e-01	1.000000	0
MKRN2	4	9.0427e-01	9.8670e-01	1.000000	0
FAM135A	4	9.0429e-01	9.8670e-01	1.000000	0
GLRX5	4	9.0431e-01	9.8670e-01	1.000000	0
EME2	4	9.0432e-01	9.8670e-01	1.000000	0
NME2	4	9.0435e-01	9.8670e-01	1.000000	0
AP4B1	4	9.0445e-01	9.8670e-01	1.000000	0
SPDYE4	4	9.0449e-01	9.8670e-01	1.000000	0
AIMP2	4	9.0450e-01	9.8670e-01	1.000000	0
GAN	4	9.0452e-01	9.8670e-01	1.000000	0
EXOSC4	4	9.0453e-01	9.8670e-01	1.000000	0
PCYT1A	4	9.0462e-01	9.8670e-01	1.000000	0
KRTAP10-10	4	9.0475e-01	9.8670e-01	1.000000	0
FCGR2A	4	9.0485e-01	9.8670e-01	1.000000	0
HIST1H2AL	4	9.0488e-01	9.8670e-01	1.000000	0
RNASE12	4	9.0489e-01	9.8670e-01	1.000000	0
EDDM3B	4	9.0502e-01	9.8687e-01	1.000000	0
HIPK3	4	9.0509e-01	9.8687e-01	1.000000	0
EPN2	4	9.0513e-01	9.8687e-01	1.000000	0
KLRD1	4	9.0519e-01	9.8702e-01	1.000000	0
MKNK1	4	9.0520e-01	9.8702e-01	1.000000	0
PMP2	4	9.0535e-01	9.8717e-01	1.000000	0
PAIP2B	4	9.0536e-01	9.8717e-01	1.000000	0
TCF15	4	9.0543e-01	9.8717e-01	1.000000	0
ZNF622	4	9.0545e-01	9.8717e-01	1.000000	0
CGRRF1	4	9.0552e-01	9.8717e-01	1.000000	0
C11orf80	4	9.0558e-01	9.8717e-01	1.000000	0
RPL13A	4	9.0569e-01	9.8717e-01	1.000000	0
NFE2L2	4	9.0572e-01	9.8717e-01	1.000000	0
PPP1R21	4	9.0577e-01	9.8717e-01	1.000000	0
HHLA3	4	9.0582e-01	9.8733e-01	1.000000	0
METTL7A	4	9.0585e-01	9.8733e-01	1.000000	0
CALHM1	4	9.0590e-01	9.8733e-01	1.000000	0
RNH1	4	9.0591e-01	9.8733e-01	1.000000	0
SNCG	4	9.0596e-01	9.8733e-01	1.000000	0
RPL22L1	4	9.0608e-01	9.8733e-01	1.000000	0
VGLL3	4	9.0612e-01	9.8733e-01	1.000000	0
KLHL29	4	9.0622e-01	9.8733e-01	1.000000	0
SMPD2	4	9.0625e-01	9.8733e-01	1.000000	0
PXK	4	9.0639e-01	9.8749e-01	1.000000	0
TMCC3	4	9.0642e-01	9.8749e-01	1.000000	0
PHF13	4	9.0648e-01	9.8749e-01	1.000000	0
C5orf34	4	9.0653e-01	9.8749e-01	1.000000	0
ID4	4	9.0666e-01	9.8749e-01	1.000000	0
DLL3	4	9.0667e-01	9.8749e-01	1.000000	0
P2RY6	4	9.0668e-01	9.8749e-01	1.000000	0
ARHGAP4	4	9.0679e-01	9.8749e-01	1.000000	0
GKN1	4	9.0683e-01	9.8749e-01	1.000000	0
C17orf47	4	9.0684e-01	9.8749e-01	1.000000	0
CELA3B	4	9.0688e-01	9.8749e-01	1.000000	0
DNASE2	4	9.0694e-01	9.8749e-01	1.000000	0
MALRD1	4	9.0710e-01	9.8749e-01	1.000000	0
RFX5	4	9.0712e-01	9.8749e-01	1.000000	0
USP17L22	4	9.0724e-01	9.8749e-01	1.000000	0
SEC23IP	4	9.0734e-01	9.8749e-01	1.000000	0
SLC22A18AS	4	9.0753e-01	9.8749e-01	1.000000	0
CCDC89	4	9.0755e-01	9.8749e-01	1.000000	0
OR4C3	4	9.0758e-01	9.8749e-01	1.000000	0
OR4K13	4	9.0762e-01	9.8749e-01	1.000000	0
NAB2	4	9.0768e-01	9.8749e-01	1.000000	0
MSL2	4	9.0771e-01	9.8749e-01	1.000000	0
NPY4R	4	9.0775e-01	9.8749e-01	1.000000	0
DDA1	4	9.0783e-01	9.8764e-01	1.000000	0
GDF7	4	9.0785e-01	9.8764e-01	1.000000	0
DYDC1	4	9.0787e-01	9.8764e-01	1.000000	0
MAGEA2B	4	9.0795e-01	9.8764e-01	1.000000	0
CIART	4	9.0801e-01	9.8764e-01	1.000000	0
POMT2	4	9.0809e-01	9.8764e-01	1.000000	0
FAM110D	4	9.0821e-01	9.8764e-01	1.000000	0
DND1	4	9.0831e-01	9.8764e-01	1.000000	0
ANG	4	9.0832e-01	9.8764e-01	1.000000	0
TAP2	4	9.0838e-01	9.8764e-01	1.000000	0
C19orf38	4	9.0860e-01	9.8764e-01	1.000000	0
ZNF691	4	9.0862e-01	9.8764e-01	1.000000	0
OR1G1	4	9.0871e-01	9.8764e-01	1.000000	0
EPHX3	4	9.0874e-01	9.8764e-01	1.000000	0
MTCH1	4	9.0886e-01	9.8764e-01	1.000000	0
PPIC	4	9.0898e-01	9.8764e-01	1.000000	0
MAD2L1BP	4	9.0908e-01	9.8764e-01	1.000000	0
SLC35G5	4	9.0911e-01	9.8764e-01	1.000000	0
NTMT1	4	9.0913e-01	9.8764e-01	1.000000	0
BEST4	4	9.0918e-01	9.8764e-01	1.000000	0
SDR42E1	4	9.0924e-01	9.8779e-01	1.000000	0
XPO7	4	9.0928e-01	9.8779e-01	1.000000	0
POLR2B	4	9.0929e-01	9.8779e-01	1.000000	0
ANKRD13D	4	9.0930e-01	9.8779e-01	1.000000	0
CEP128	4	9.0933e-01	9.8779e-01	1.000000	0
UBE2Q2L	4	9.0946e-01	9.8793e-01	1.000000	0
FNDC3B	4	9.0957e-01	9.8793e-01	1.000000	0
INPP5K	4	9.0969e-01	9.8793e-01	1.000000	0
DUSP21	4	9.0973e-01	9.8793e-01	1.000000	0
PLEKHS1	4	9.0982e-01	9.8793e-01	1.000000	0
PKD1L1	4	9.0983e-01	9.8793e-01	1.000000	0
PLK4	4	9.0989e-01	9.8793e-01	1.000000	0
TDP1	4	9.0993e-01	9.8793e-01	1.000000	0
ADGRF4	4	9.1001e-01	9.8793e-01	1.000000	0
FTMT	4	9.1003e-01	9.8793e-01	1.000000	0
COX10	4	9.1008e-01	9.8793e-01	1.000000	0
FASTKD2	4	9.1014e-01	9.8793e-01	1.000000	0
POP1	4	9.1019e-01	9.8793e-01	1.000000	0
SLC9A4	4	9.1026e-01	9.8793e-01	1.000000	0
CCND2	4	9.1031e-01	9.8793e-01	1.000000	0
STRA13	4	9.1037e-01	9.8793e-01	1.000000	0
DDX60L	4	9.1042e-01	9.8793e-01	1.000000	0
COMMD5	4	9.1048e-01	9.8793e-01	1.000000	0
PSIP1	4	9.1050e-01	9.8793e-01	1.000000	0
TBX10	4	9.1058e-01	9.8793e-01	1.000000	0
ZNF502	2	9.1061e-01	9.8450e-01	1.000000	0
CLDN15	4	9.1065e-01	9.8793e-01	1.000000	0
OSBPL9	4	9.1076e-01	9.8793e-01	1.000000	0
PEF1	4	9.1081e-01	9.8793e-01	1.000000	0
SH2D3A	4	9.1088e-01	9.8793e-01	1.000000	0
IL33	4	9.1094e-01	9.8806e-01	1.000000	0
SLC9A8	4	9.1106e-01	9.8806e-01	1.000000	0
TLCD2	4	9.1112e-01	9.8806e-01	1.000000	0
MRPL11	4	9.1116e-01	9.8806e-01	1.000000	0
MMP25	4	9.1130e-01	9.8806e-01	1.000000	0
NFKBIB	4	9.1133e-01	9.8806e-01	1.000000	0
COA7	4	9.1134e-01	9.8806e-01	1.000000	0
UFD1L	4	9.1139e-01	9.8806e-01	1.000000	0
CYP4F11	4	9.1154e-01	9.8821e-01	1.000000	0
TEX10	4	9.1171e-01	9.8836e-01	1.000000	0
FLG2	4	9.1173e-01	9.8836e-01	1.000000	0
NTN3	4	9.1174e-01	9.8836e-01	1.000000	0
PTGR2	4	9.1176e-01	9.8836e-01	1.000000	0
ADRB1	4	9.1180e-01	9.8836e-01	1.000000	0
METTL24	4	9.1185e-01	9.8836e-01	1.000000	0
SPAG11A	4	9.1189e-01	9.8836e-01	1.000000	0
AKAP8	4	9.1199e-01	9.8836e-01	1.000000	0
NEK11	4	9.1201e-01	9.8836e-01	1.000000	0
TAS2R41	4	9.1203e-01	9.8836e-01	1.000000	0
AKR1B10	4	9.1206e-01	9.8836e-01	1.000000	0
TREM2	4	9.1212e-01	9.8836e-01	1.000000	0
FBXO27	4	9.1217e-01	9.8836e-01	1.000000	0
GUCA1B	4	9.1225e-01	9.8836e-01	1.000000	0
NOS1AP	4	9.1237e-01	9.8836e-01	1.000000	0
GCK	4	9.1242e-01	9.8836e-01	1.000000	0
CTPS1	4	9.1243e-01	9.8836e-01	1.000000	0
ZNF84	4	9.1247e-01	9.8836e-01	1.000000	0
TMEM194A	4	9.1248e-01	9.8836e-01	1.000000	0
TMEM88	4	9.1271e-01	9.8836e-01	1.000000	0
CELSR1	4	9.1289e-01	9.8865e-01	1.000000	0
PNN	4	9.1292e-01	9.8879e-01	1.000000	0
PCOLCE	4	9.1302e-01	9.8879e-01	1.000000	0
INPP5F	4	9.1307e-01	9.8879e-01	1.000000	0
ZNF461	4	9.1310e-01	9.8879e-01	1.000000	0
RPP40	4	9.1323e-01	9.8879e-01	1.000000	0
OXLD1	4	9.1324e-01	9.8879e-01	1.000000	0
PRRC1	4	9.1339e-01	9.8892e-01	1.000000	0
TNFAIP8L2-SCNM1	4	9.1348e-01	9.8892e-01	1.000000	0
TBC1D10C	4	9.1367e-01	9.8892e-01	1.000000	0
SLC41A2	4	9.1370e-01	9.8892e-01	1.000000	0
TMCC1	4	9.1381e-01	9.8892e-01	1.000000	0
SERINC3	4	9.1391e-01	9.8892e-01	1.000000	0
MRPS28	4	9.1401e-01	9.8892e-01	1.000000	0
IRAK1	4	9.1404e-01	9.8892e-01	1.000000	0
COG4	4	9.1404e-01	9.8892e-01	1.000000	0
ZNF418	4	9.1412e-01	9.8892e-01	1.000000	0
PDE6C	4	9.1420e-01	9.8908e-01	1.000000	0
PPP3R2	4	9.1422e-01	9.8908e-01	1.000000	0
SYBU	4	9.1440e-01	9.8908e-01	1.000000	0
ASCC2	4	9.1449e-01	9.8908e-01	1.000000	0
BCOR	4	9.1454e-01	9.8908e-01	1.000000	0
UBL7	4	9.1462e-01	9.8908e-01	1.000000	0
CRISPLD1	4	9.1465e-01	9.8908e-01	1.000000	0
DAAM2	4	9.1467e-01	9.8908e-01	1.000000	0
KCTD17	4	9.1476e-01	9.8921e-01	1.000000	0
GDPD3	4	9.1485e-01	9.8921e-01	1.000000	0
WIZ	4	9.1488e-01	9.8921e-01	1.000000	0
CTAGE15	4	9.1494e-01	9.8921e-01	1.000000	0
BECN1	4	9.1497e-01	9.8921e-01	1.000000	0
KDM6B	4	9.1498e-01	9.8921e-01	1.000000	0
NGFR	4	9.1499e-01	9.8921e-01	1.000000	0
VAT1L	4	9.1501e-01	9.8921e-01	1.000000	0
ARL1	4	9.1512e-01	9.8922e-01	1.000000	0
LAMTOR2	4	9.1515e-01	9.8922e-01	1.000000	0
PTPRA	4	9.1518e-01	9.8922e-01	1.000000	0
AEBP1	4	9.1522e-01	9.8922e-01	1.000000	0
STXBP6	4	9.1525e-01	9.8922e-01	1.000000	0
RAB43	4	9.1532e-01	9.8922e-01	1.000000	0
NUP50	4	9.1544e-01	9.8948e-01	1.000000	0
B3GNT3	4	9.1549e-01	9.8948e-01	1.000000	0
HLA-DRA	4	9.1559e-01	9.8948e-01	1.000000	0
ZNF853	4	9.1561e-01	9.8948e-01	1.000000	0
FAM83D	4	9.1567e-01	9.8948e-01	1.000000	0
GALNT7	4	9.1570e-01	9.8948e-01	1.000000	0
NECAB3	4	9.1573e-01	9.8948e-01	1.000000	0
OSBPL5	4	9.1574e-01	9.8948e-01	1.000000	0
WDR72	4	9.1585e-01	9.8948e-01	1.000000	0
GNPAT	4	9.1589e-01	9.8948e-01	1.000000	0
MRPL19	4	9.1591e-01	9.8948e-01	1.000000	0
ENPP4	4	9.1592e-01	9.8948e-01	1.000000	0
CYBA	4	9.1604e-01	9.8948e-01	1.000000	0
SMR3B	4	9.1617e-01	9.8961e-01	1.000000	0
VPS4A	4	9.1621e-01	9.8961e-01	1.000000	0
SLC45A3	4	9.1625e-01	9.8961e-01	1.000000	0
GPD2	4	9.1632e-01	9.8961e-01	1.000000	0
HSBP1	4	9.1633e-01	9.8961e-01	1.000000	0
ZG16	4	9.1642e-01	9.8961e-01	1.000000	0
UFM1	4	9.1648e-01	9.8961e-01	1.000000	0
IL22	4	9.1654e-01	9.8961e-01	1.000000	0
SH3PXD2A	4	9.1667e-01	9.8975e-01	1.000000	0
JPH3	4	9.1675e-01	9.8987e-01	1.000000	0
BRCA2	4	9.1683e-01	9.9000e-01	1.000000	0
NMRK1	4	9.1684e-01	9.9000e-01	1.000000	0
DES	4	9.1689e-01	9.9000e-01	1.000000	0
RBP3	4	9.1693e-01	9.9000e-01	1.000000	0
OR13C9	4	9.1698e-01	9.9000e-01	1.000000	0
SLCO1A2	4	9.1709e-01	9.9000e-01	1.000000	0
CREBZF	4	9.1710e-01	9.9000e-01	1.000000	0
WDFY3	4	9.1715e-01	9.9000e-01	1.000000	0
SPATA31E1	4	9.1716e-01	9.9000e-01	1.000000	0
NRSN1	4	9.1723e-01	9.9000e-01	1.000000	0
RELB	4	9.1725e-01	9.9000e-01	1.000000	0
LARP6	4	9.1731e-01	9.9000e-01	1.000000	0
MORC1	4	9.1743e-01	9.9000e-01	1.000000	0
KIAA1161	4	9.1754e-01	9.9000e-01	1.000000	0
OR10Q1	4	9.1759e-01	9.9000e-01	1.000000	0
ANTXR2	4	9.1761e-01	9.9000e-01	1.000000	0
LPPR5	4	9.1771e-01	9.9000e-01	1.000000	0
PGGT1B	4	9.1778e-01	9.9000e-01	1.000000	0
PCDHB8	4	9.1787e-01	9.9000e-01	1.000000	0
FAM13A	4	9.1789e-01	9.9000e-01	1.000000	0
DPEP2	4	9.1818e-01	9.9013e-01	1.000000	0
HAGHL	4	9.1819e-01	9.9013e-01	1.000000	0
ENO3	4	9.1823e-01	9.9013e-01	1.000000	0
TMEM44	4	9.1824e-01	9.9013e-01	1.000000	0
DACH2	4	9.1827e-01	9.9013e-01	1.000000	0
SPIC	4	9.1832e-01	9.9013e-01	1.000000	0
USF1	4	9.1846e-01	9.9013e-01	1.000000	0
TRIM69	4	9.1852e-01	9.9025e-01	1.000000	0
CTAGE6	4	9.1853e-01	9.9025e-01	1.000000	0
C15orf56	4	9.1865e-01	9.9037e-01	1.000000	0
ZNF232	4	9.1867e-01	9.9037e-01	1.000000	0
WWTR1	4	9.1873e-01	9.9050e-01	1.000000	0
CCDC79	4	9.1875e-01	9.9050e-01	1.000000	0
HSPB9	4	9.1880e-01	9.9050e-01	1.000000	0
OGG1	4	9.1881e-01	9.9050e-01	1.000000	0
PER3	4	9.1883e-01	9.9050e-01	1.000000	0
CHMP3	4	9.1891e-01	9.9050e-01	1.000000	0
OR2A4	4	9.1896e-01	9.9062e-01	1.000000	0
STEAP2	4	9.1898e-01	9.9062e-01	1.000000	0
HPCAL4	4	9.1898e-01	9.9062e-01	1.000000	0
ULBP1	4	9.1915e-01	9.9074e-01	1.000000	0
GOLGA8M	4	9.1917e-01	9.9074e-01	1.000000	0
TTL	4	9.1920e-01	9.9074e-01	1.000000	0
ACD	4	9.1929e-01	9.9074e-01	1.000000	0
CLTA	4	9.1931e-01	9.9074e-01	1.000000	0
GSTM4	4	9.1938e-01	9.9074e-01	1.000000	0
LIN9	4	9.1945e-01	9.9087e-01	1.000000	0
PSMD11	4	9.1948e-01	9.9087e-01	1.000000	0
FAM218A	4	9.1951e-01	9.9087e-01	1.000000	0
MATN1	4	9.1959e-01	9.9087e-01	1.000000	0
ZNF813	4	9.1960e-01	9.9087e-01	1.000000	0
PHF12	4	9.1963e-01	9.9087e-01	1.000000	0
CDH16	4	9.1968e-01	9.9087e-01	1.000000	0
TFAP2A	4	9.1974e-01	9.9087e-01	1.000000	0
TRAPPC10	4	9.1977e-01	9.9087e-01	1.000000	0
HACD4	4	9.1988e-01	9.9087e-01	1.000000	0
CSMD3	4	9.1998e-01	9.9087e-01	1.000000	0
CD276	4	9.2012e-01	9.9099e-01	1.000000	0
MYADM	4	9.2014e-01	9.9099e-01	1.000000	0
ALDH6A1	4	9.2030e-01	9.9111e-01	1.000000	0
SON	4	9.2030e-01	9.9111e-01	1.000000	0
DMRTC1B	4	9.2034e-01	9.9111e-01	1.000000	0
POLR3D	4	9.2040e-01	9.9122e-01	1.000000	0
GNAT1	4	9.2049e-01	9.9122e-01	1.000000	0
CD300LG	4	9.2051e-01	9.9122e-01	1.000000	0
STAT5A	4	9.2052e-01	9.9122e-01	1.000000	0
PHF3	4	9.2059e-01	9.9134e-01	1.000000	0
STAC3	4	9.2063e-01	9.9134e-01	1.000000	0
SERPINA7	4	9.2074e-01	9.9144e-01	1.000000	0
DECR1	4	9.2077e-01	9.9144e-01	1.000000	0
ARID5A	4	9.2081e-01	9.9144e-01	1.000000	0
PRKDC	4	9.2083e-01	9.9144e-01	1.000000	0
ATP6V1A	4	9.2092e-01	9.9144e-01	1.000000	0
TAB3	4	9.2096e-01	9.9144e-01	1.000000	0
FGF21	4	9.2107e-01	9.9155e-01	1.000000	0
SEPHS2	4	9.2108e-01	9.9155e-01	1.000000	0
PRAMEF5	4	9.2114e-01	9.9155e-01	1.000000	0
SMARCD2	4	9.2117e-01	9.9155e-01	1.000000	0
CD79A	4	9.2121e-01	9.9155e-01	1.000000	0
FHOD1	4	9.2121e-01	9.9155e-01	1.000000	0
NRGN	4	9.2123e-01	9.9155e-01	1.000000	0
TP53BP2	4	9.2134e-01	9.9155e-01	1.000000	0
C1orf159	4	9.2135e-01	9.9155e-01	1.000000	0
IL17RD	4	9.2152e-01	9.9166e-01	1.000000	0
UBE3D	4	9.2155e-01	9.9166e-01	1.000000	0
EPB41L5	4	9.2162e-01	9.9166e-01	1.000000	0
LRRC61	4	9.2172e-01	9.9166e-01	1.000000	0
OR8K5	4	9.2174e-01	9.9166e-01	1.000000	0
ART5	4	9.2178e-01	9.9166e-01	1.000000	0
CECR2	4	9.2190e-01	9.9166e-01	1.000000	0
F11	4	9.2200e-01	9.9166e-01	1.000000	0
TAF1B	4	9.2200e-01	9.9166e-01	1.000000	0
CETP	4	9.2202e-01	9.9166e-01	1.000000	0
PRRG2	4	9.2205e-01	9.9166e-01	1.000000	0
BAG2	4	9.2207e-01	9.9176e-01	1.000000	0
WDYHV1	4	9.2210e-01	9.9176e-01	1.000000	0
MAG	4	9.2217e-01	9.9176e-01	1.000000	0
SPINK8	4	9.2222e-01	9.9176e-01	1.000000	0
CRBN	4	9.2239e-01	9.9176e-01	1.000000	0
OR11H2	4	9.2243e-01	9.9187e-01	1.000000	0
SEPP1	4	9.2245e-01	9.9187e-01	1.000000	0
CLCN7	4	9.2254e-01	9.9199e-01	1.000000	0
GNPNAT1	4	9.2256e-01	9.9199e-01	1.000000	0
H2AFZ	4	9.2273e-01	9.9199e-01	1.000000	0
OR2M5	4	9.2282e-01	9.9209e-01	1.000000	0
GOLGA8O	4	9.2289e-01	9.9209e-01	1.000000	0
TFDP3	4	9.2295e-01	9.9209e-01	1.000000	0
COL11A2	4	9.2298e-01	9.9209e-01	1.000000	0
FCRL4	4	9.2307e-01	9.9209e-01	1.000000	0
MAP3K7	4	9.2312e-01	9.9209e-01	1.000000	0
SMCR8	4	9.2317e-01	9.9220e-01	1.000000	0
FLYWCH1	4	9.2318e-01	9.9220e-01	1.000000	0
AMIGO3	4	9.2322e-01	9.9220e-01	1.000000	0
NKAIN4	4	9.2332e-01	9.9242e-01	1.000000	0
ADAM17	4	9.2340e-01	9.9242e-01	1.000000	0
CSRNP1	4	9.2345e-01	9.9242e-01	1.000000	0
CEACAM7	4	9.2347e-01	9.9242e-01	1.000000	0
MTRNR2L8	4	9.2347e-01	9.9242e-01	1.000000	0
ING1	4	9.2350e-01	9.9242e-01	1.000000	0
PRR19	4	9.2352e-01	9.9242e-01	1.000000	0
DDI1	4	9.2358e-01	9.9253e-01	1.000000	0
SHCBP1	4	9.2361e-01	9.9253e-01	1.000000	0
F2R	4	9.2362e-01	9.9253e-01	1.000000	0
MAPK13	4	9.2363e-01	9.9253e-01	1.000000	0
BCCIP	4	9.2366e-01	9.9253e-01	1.000000	0
OR2A14	4	9.2371e-01	9.9253e-01	1.000000	0
CYSTM1	4	9.2382e-01	9.9253e-01	1.000000	0
SLC7A6	4	9.2383e-01	9.9253e-01	1.000000	0
SLU7	4	9.2390e-01	9.9263e-01	1.000000	0
MCAT	4	9.2393e-01	9.9263e-01	1.000000	0
MLLT4	4	9.2403e-01	9.9263e-01	1.000000	0
KRTAP9-4	4	9.2404e-01	9.9263e-01	1.000000	0
ANKRD32	4	9.2405e-01	9.9263e-01	1.000000	0
AHSA2	4	9.2413e-01	9.9263e-01	1.000000	0
FAM213B	4	9.2420e-01	9.9263e-01	1.000000	0
FRS2	3	9.2421e-01	9.8443e-01	1.000000	0
DET1	4	9.2430e-01	9.9263e-01	1.000000	0
LCE1F	4	9.2436e-01	9.9263e-01	1.000000	0
CFHR1	4	9.2453e-01	9.9273e-01	1.000000	0
SRP19	4	9.2456e-01	9.9273e-01	1.000000	0
NLRP6	4	9.2463e-01	9.9273e-01	1.000000	0
TMEM179B	4	9.2475e-01	9.9273e-01	1.000000	0
TPP1	4	9.2477e-01	9.9273e-01	1.000000	0
C1orf141	4	9.2478e-01	9.9273e-01	1.000000	0
ARHGAP1	4	9.2495e-01	9.9273e-01	1.000000	0
RNF41	4	9.2501e-01	9.9273e-01	1.000000	0
CYP7B1	4	9.2504e-01	9.9282e-01	1.000000	0
PKD1L2	4	9.2508e-01	9.9282e-01	1.000000	0
AP3M2	4	9.2509e-01	9.9282e-01	1.000000	0
ANO4	4	9.2521e-01	9.9282e-01	1.000000	0
TM4SF5	4	9.2522e-01	9.9282e-01	1.000000	0
PRPS2	4	9.2524e-01	9.9282e-01	1.000000	0
BOD1	4	9.2548e-01	9.9282e-01	1.000000	0
SAC3D1	4	9.2549e-01	9.9282e-01	1.000000	0
OR5B12	4	9.2557e-01	9.9282e-01	1.000000	0
SYNE3	4	9.2567e-01	9.9292e-01	1.000000	0
AP2S1	4	9.2570e-01	9.9292e-01	1.000000	0
HUS1	4	9.2580e-01	9.9292e-01	1.000000	0
ZGRF1	4	9.2591e-01	9.9292e-01	1.000000	0
GAS2L1	4	9.2591e-01	9.9292e-01	1.000000	0
TAF12	4	9.2599e-01	9.9292e-01	1.000000	0
NMNAT2	4	9.2608e-01	9.9292e-01	1.000000	0
ITPA	4	9.2611e-01	9.9292e-01	1.000000	0
CCDC47	4	9.2637e-01	9.9292e-01	1.000000	0
MVB12B	4	9.2642e-01	9.9301e-01	1.000000	0
PIGV	4	9.2650e-01	9.9301e-01	1.000000	0
LARS2	4	9.2656e-01	9.9311e-01	1.000000	0
ERMP1	4	9.2659e-01	9.9311e-01	1.000000	0
MTA2	4	9.2662e-01	9.9311e-01	1.000000	0
IPPK	4	9.2662e-01	9.9311e-01	1.000000	0
TESC	4	9.2687e-01	9.9329e-01	1.000000	0
DYNC1LI2	4	9.2699e-01	9.9329e-01	1.000000	0
SMTNL1	4	9.2709e-01	9.9329e-01	1.000000	0
ZNF488	4	9.2715e-01	9.9329e-01	1.000000	0
CHRM1	4	9.2716e-01	9.9329e-01	1.000000	0
USP1	4	9.2718e-01	9.9329e-01	1.000000	0
CASP4	4	9.2728e-01	9.9329e-01	1.000000	0
PLA2G4E	4	9.2734e-01	9.9329e-01	1.000000	0
FZD6	4	9.2736e-01	9.9329e-01	1.000000	0
CCDC166	4	9.2743e-01	9.9329e-01	1.000000	0
GALNT9	4	9.2745e-01	9.9329e-01	1.000000	0
GATA2	4	9.2750e-01	9.9329e-01	1.000000	0
REPIN1	4	9.2751e-01	9.9329e-01	1.000000	0
CNPY2	4	9.2752e-01	9.9329e-01	1.000000	0
MAPT	4	9.2764e-01	9.9329e-01	1.000000	0
SRXN1	4	9.2786e-01	9.9348e-01	1.000000	0
AMER3	4	9.2788e-01	9.9348e-01	1.000000	0
SNX22	4	9.2791e-01	9.9348e-01	1.000000	0
ISCA2	4	9.2793e-01	9.9348e-01	1.000000	0
PTCHD3	4	9.2807e-01	9.9366e-01	1.000000	0
NPIPA2	4	9.2810e-01	9.9366e-01	1.000000	0
USP18	4	9.2811e-01	9.9366e-01	1.000000	0
HSFY2	4	9.2815e-01	9.9366e-01	1.000000	0
KRTAP10-9	4	9.2821e-01	9.9366e-01	1.000000	0
KNDC1	4	9.2826e-01	9.9366e-01	1.000000	0
MRGPRX1	4	9.2830e-01	9.9366e-01	1.000000	0
PRAME	4	9.2837e-01	9.9374e-01	1.000000	0
OPRD1	4	9.2851e-01	9.9383e-01	1.000000	0
PDAP1	4	9.2859e-01	9.9383e-01	1.000000	0
ACTR6	4	9.2863e-01	9.9383e-01	1.000000	0
PAN2	4	9.2870e-01	9.9383e-01	1.000000	0
FLJ45513	4	9.2871e-01	9.9383e-01	1.000000	0
C8orf59	4	9.2872e-01	9.9383e-01	1.000000	0
MED22	4	9.2876e-01	9.9383e-01	1.000000	0
QRSL1	4	9.2881e-01	9.9383e-01	1.000000	0
SPRR2E	4	9.2897e-01	9.9383e-01	1.000000	0
FOXB2	4	9.2917e-01	9.9392e-01	1.000000	0
FOXD4L3	4	9.2921e-01	9.9400e-01	1.000000	0
HSPA12B	4	9.2926e-01	9.9400e-01	1.000000	0
ARVCF	4	9.2928e-01	9.9400e-01	1.000000	0
ZACN	4	9.2934e-01	9.9400e-01	1.000000	0
USE1	4	9.2936e-01	9.9400e-01	1.000000	0
ERGIC2	3	9.2951e-01	9.8534e-01	1.000000	0
DNLZ	4	9.2965e-01	9.9409e-01	1.000000	0
EMC1	4	9.2974e-01	9.9409e-01	1.000000	0
GNA13	4	9.2993e-01	9.9427e-01	1.000000	0
PNMA6A	4	9.2996e-01	9.9427e-01	1.000000	0
HEG1	4	9.2996e-01	9.9427e-01	1.000000	0
GPR107	4	9.3002e-01	9.9427e-01	1.000000	0
ACAN	4	9.3009e-01	9.9436e-01	1.000000	0
RIF1	4	9.3036e-01	9.9436e-01	1.000000	0
SGPP1	4	9.3036e-01	9.9436e-01	1.000000	0
ARMS2	4	9.3054e-01	9.9436e-01	1.000000	0
ARSA	4	9.3057e-01	9.9436e-01	1.000000	0
TECTA	4	9.3065e-01	9.9444e-01	1.000000	0
C1QL4	4	9.3069e-01	9.9444e-01	1.000000	0
ETNK1	4	9.3071e-01	9.9444e-01	1.000000	0
CTXN1	4	9.3082e-01	9.9444e-01	1.000000	0
ZKSCAN3	4	9.3083e-01	9.9444e-01	1.000000	0
KRTAP4-5	4	9.3098e-01	9.9453e-01	1.000000	0
GFI1	4	9.3101e-01	9.9453e-01	1.000000	0
USP49	4	9.3107e-01	9.9453e-01	1.000000	0
STOML1	4	9.3115e-01	9.9453e-01	1.000000	0
SPOP	4	9.3118e-01	9.9461e-01	1.000000	0
MTPAP	4	9.3121e-01	9.9461e-01	1.000000	0
CLTB	4	9.3130e-01	9.9461e-01	1.000000	0
TBL1XR1	4	9.3132e-01	9.9461e-01	1.000000	0
GIF	4	9.3151e-01	9.9469e-01	1.000000	0
OR6C4	4	9.3155e-01	9.9469e-01	1.000000	0
RABL3	4	9.3160e-01	9.9469e-01	1.000000	0
OGFOD3	4	9.3160e-01	9.9469e-01	1.000000	0
VEGFB	4	9.3162e-01	9.9469e-01	1.000000	0
DNAJC16	4	9.3168e-01	9.9476e-01	1.000000	0
FAM53C	4	9.3175e-01	9.9476e-01	1.000000	0
NUDT17	4	9.3176e-01	9.9476e-01	1.000000	0
NDEL1	4	9.3184e-01	9.9476e-01	1.000000	0
PHKG1	4	9.3187e-01	9.9476e-01	1.000000	0
AGBL5	4	9.3194e-01	9.9476e-01	1.000000	0
OR2V2	4	9.3208e-01	9.9476e-01	1.000000	0
NFE4	4	9.3210e-01	9.9485e-01	1.000000	0
ZNHIT6	4	9.3213e-01	9.9485e-01	1.000000	0
C1orf106	4	9.3214e-01	9.9485e-01	1.000000	0
IGSF10	4	9.3215e-01	9.9485e-01	1.000000	0
CCDC59	4	9.3225e-01	9.9485e-01	1.000000	0
OR6K2	4	9.3231e-01	9.9493e-01	1.000000	0
USP26	4	9.3231e-01	9.9493e-01	1.000000	0
EHD4	4	9.3233e-01	9.9493e-01	1.000000	0
BCL6	4	9.3261e-01	9.9501e-01	1.000000	0
IL7R	4	9.3268e-01	9.9501e-01	1.000000	0
ACOT2	4	9.3272e-01	9.9501e-01	1.000000	0
SMNDC1	4	9.3275e-01	9.9501e-01	1.000000	0
ANKRD39	4	9.3277e-01	9.9501e-01	1.000000	0
GDF6	4	9.3284e-01	9.9501e-01	1.000000	0
EPCAM	4	9.3285e-01	9.9501e-01	1.000000	0
CD28	4	9.3296e-01	9.9509e-01	1.000000	0
HDAC10	4	9.3299e-01	9.9509e-01	1.000000	0
C7orf26	4	9.3304e-01	9.9509e-01	1.000000	0
ATP5D	4	9.3305e-01	9.9509e-01	1.000000	0
LAYN	4	9.3310e-01	9.9509e-01	1.000000	0
SERPINB4	4	9.3312e-01	9.9509e-01	1.000000	0
FREM3	4	9.3313e-01	9.9509e-01	1.000000	0
A4GALT	4	9.3315e-01	9.9509e-01	1.000000	0
DHRS11	4	9.3316e-01	9.9509e-01	1.000000	0
RNF14	4	9.3319e-01	9.9509e-01	1.000000	0
REG1A	4	9.3324e-01	9.9509e-01	1.000000	0
FAM118B	4	9.3335e-01	9.9509e-01	1.000000	0
PARL	4	9.3336e-01	9.9509e-01	1.000000	0
ARL6IP6	4	9.3340e-01	9.9509e-01	1.000000	0
WSB1	4	9.3342e-01	9.9509e-01	1.000000	0
STK40	4	9.3350e-01	9.9509e-01	1.000000	0
NDUFB11	4	9.3352e-01	9.9509e-01	1.000000	0
TBP	4	9.3355e-01	9.9509e-01	1.000000	0
OR5AP2	4	9.3357e-01	9.9509e-01	1.000000	0
RALBP1	4	9.3363e-01	9.9509e-01	1.000000	0
RHOT1	4	9.3364e-01	9.9509e-01	1.000000	0
FFAR2	4	9.3365e-01	9.9509e-01	1.000000	0
TVP23C	4	9.3367e-01	9.9509e-01	1.000000	0
CXCL9	4	9.3368e-01	9.9509e-01	1.000000	0
UQCR10	4	9.3372e-01	9.9509e-01	1.000000	0
NNAT	4	9.3374e-01	9.9509e-01	1.000000	0
FBP2	4	9.3380e-01	9.9517e-01	1.000000	0
ATF6	4	9.3406e-01	9.9517e-01	1.000000	0
NELL2	4	9.3411e-01	9.9517e-01	1.000000	0
NME4	4	9.3412e-01	9.9517e-01	1.000000	0
ADGRF3	4	9.3413e-01	9.9517e-01	1.000000	0
RC3H1	4	9.3417e-01	9.9517e-01	1.000000	0
DCAF4	4	9.3420e-01	9.9517e-01	1.000000	0
RANBP3	4	9.3432e-01	9.9523e-01	1.000000	0
SALL1	4	9.3449e-01	9.9523e-01	1.000000	0
IDE	4	9.3451e-01	9.9523e-01	1.000000	0
GNG10	4	9.3453e-01	9.9523e-01	1.000000	0
GFY	4	9.3457e-01	9.9523e-01	1.000000	0
E4F1	4	9.3458e-01	9.9523e-01	1.000000	0
NFIX	4	9.3460e-01	9.9523e-01	1.000000	0
AHCYL2	4	9.3465e-01	9.9523e-01	1.000000	0
CTSW	4	9.3478e-01	9.9523e-01	1.000000	0
H2AFV	4	9.3481e-01	9.9523e-01	1.000000	0
FERD3L	4	9.3494e-01	9.9523e-01	1.000000	0
LZTR1	4	9.3506e-01	9.9523e-01	1.000000	0
FARSB	4	9.3520e-01	9.9523e-01	1.000000	0
RAB36	4	9.3526e-01	9.9523e-01	1.000000	0
PHOSPHO1	4	9.3527e-01	9.9523e-01	1.000000	0
ZNF335	4	9.3528e-01	9.9523e-01	1.000000	0
CT45A3	4	9.3530e-01	9.9523e-01	1.000000	0
MAFA	4	9.3550e-01	9.9523e-01	1.000000	0
PCDHGA12	4	9.3560e-01	9.9523e-01	1.000000	0
KRTAP9-1	4	9.3565e-01	9.9523e-01	1.000000	0
ZNF74	4	9.3596e-01	9.9538e-01	1.000000	0
ANAPC15	4	9.3597e-01	9.9538e-01	1.000000	0
OR6N1	4	9.3601e-01	9.9538e-01	1.000000	0
GRAPL	4	9.3605e-01	9.9538e-01	1.000000	0
UTP14A	4	9.3613e-01	9.9538e-01	1.000000	0
CSTF2T	4	9.3614e-01	9.9538e-01	1.000000	0
MRPL17	4	9.3615e-01	9.9538e-01	1.000000	0
ACTL10	4	9.3617e-01	9.9538e-01	1.000000	0
OR10Z1	4	9.3619e-01	9.9538e-01	1.000000	0
AMER1	4	9.3626e-01	9.9538e-01	1.000000	0
PCSK1N	4	9.3628e-01	9.9538e-01	1.000000	0
PLCE1	4	9.3630e-01	9.9538e-01	1.000000	0
RPLP1	4	9.3632e-01	9.9538e-01	1.000000	0
PSMD1	4	9.3638e-01	9.9538e-01	1.000000	0
DNAJC13	4	9.3639e-01	9.9538e-01	1.000000	0
TRIM48	4	9.3642e-01	9.9538e-01	1.000000	0
RPRML	4	9.3643e-01	9.9538e-01	1.000000	0
GPHB5	4	9.3647e-01	9.9538e-01	1.000000	0
RNF123	4	9.3659e-01	9.9538e-01	1.000000	0
COG2	4	9.3673e-01	9.9538e-01	1.000000	0
RAPGEF4	4	9.3676e-01	9.9538e-01	1.000000	0
CASP1	4	9.3680e-01	9.9538e-01	1.000000	0
CXorf49	4	9.3685e-01	9.9538e-01	1.000000	0
GOLGA8R	4	9.3689e-01	9.9538e-01	1.000000	0
RPH3AL	4	9.3691e-01	9.9538e-01	1.000000	0
PPP6R2	4	9.3694e-01	9.9538e-01	1.000000	0
KRI1	4	9.3697e-01	9.9538e-01	1.000000	0
LRRC71	4	9.3698e-01	9.9538e-01	1.000000	0
ANAPC4	4	9.3699e-01	9.9538e-01	1.000000	0
DHRS7	4	9.3704e-01	9.9538e-01	1.000000	0
MEX3A	4	9.3711e-01	9.9538e-01	1.000000	0
ITFG1	4	9.3719e-01	9.9538e-01	1.000000	0
LMNA	4	9.3720e-01	9.9538e-01	1.000000	0
IKZF5	4	9.3731e-01	9.9551e-01	1.000000	0
RNF165	4	9.3737e-01	9.9551e-01	1.000000	0
RTFDC1	4	9.3748e-01	9.9551e-01	1.000000	0
PLA2G15	4	9.3749e-01	9.9551e-01	1.000000	0
XPO6	4	9.3750e-01	9.9551e-01	1.000000	0
CBWD3	4	9.3763e-01	9.9554e-01	1.000000	0
SPTLC2	4	9.3763e-01	9.9554e-01	1.000000	0
KRT7	4	9.3763e-01	9.9554e-01	1.000000	0
OR2T34	4	9.3763e-01	9.9554e-01	1.000000	0
FEN1	4	9.3763e-01	9.9554e-01	1.000000	0
MNT	4	9.3763e-01	9.9554e-01	1.000000	0
EIF5A	4	9.3763e-01	9.9554e-01	1.000000	0
OTUD7A	4	9.3774e-01	9.9558e-01	1.000000	0
SSBP1	4	9.3785e-01	9.9558e-01	1.000000	0
GPN3	4	9.3785e-01	9.9558e-01	1.000000	0
CHURC1-FNTB	4	9.3785e-01	9.9558e-01	1.000000	0
NDST1	4	9.3785e-01	9.9558e-01	1.000000	0
TIMM44	4	9.3785e-01	9.9558e-01	1.000000	0
GDF10	4	9.3785e-01	9.9558e-01	1.000000	0
MRPL37	4	9.3795e-01	9.9558e-01	1.000000	0
C2CD4C	4	9.3812e-01	9.9558e-01	1.000000	0
HIST2H2AA4	4	9.3812e-01	9.9558e-01	1.000000	0
WDR4	4	9.3812e-01	9.9558e-01	1.000000	0
YWHAZ	4	9.3812e-01	9.9558e-01	1.000000	0
OR4F29	4	9.3812e-01	9.9558e-01	1.000000	0
HSP90B1	4	9.3812e-01	9.9558e-01	1.000000	0
GFAP	4	9.3820e-01	9.9558e-01	1.000000	0
BCAR1	4	9.3822e-01	9.9558e-01	1.000000	0
LEFTY1	4	9.3828e-01	9.9558e-01	1.000000	0
MOV10	4	9.3829e-01	9.9558e-01	1.000000	0
RNF212	4	9.3834e-01	9.9558e-01	1.000000	0
FBXO17	4	9.3844e-01	9.9558e-01	1.000000	0
TPH1	4	9.3846e-01	9.9558e-01	1.000000	0
U2AF2	4	9.3847e-01	9.9558e-01	1.000000	0
USF2	4	9.3849e-01	9.9558e-01	1.000000	0
CLEC18C	4	9.3852e-01	9.9558e-01	1.000000	0
TMEM39B	4	9.3852e-01	9.9558e-01	1.000000	0
RIMKLB	4	9.3867e-01	9.9558e-01	1.000000	0
ACVR1B	4	9.3867e-01	9.9558e-01	1.000000	0
PYCARD	4	9.3869e-01	9.9558e-01	1.000000	0
TTBK2	4	9.3871e-01	9.9558e-01	1.000000	0
SLC27A2	4	9.3877e-01	9.9558e-01	1.000000	0
KLF4	4	9.3881e-01	9.9558e-01	1.000000	0
PRSS53	4	9.3884e-01	9.9558e-01	1.000000	0
PLEKHF2	4	9.3888e-01	9.9558e-01	1.000000	0
DNAJC5	4	9.3891e-01	9.9558e-01	1.000000	0
MRPL43	4	9.3892e-01	9.9558e-01	1.000000	0
SPSB2	4	9.3893e-01	9.9558e-01	1.000000	0
OR9Q1	4	9.3894e-01	9.9558e-01	1.000000	0
CCNJ	4	9.3898e-01	9.9558e-01	1.000000	0
C1orf50	4	9.3902e-01	9.9558e-01	1.000000	0
FOSB	4	9.3902e-01	9.9558e-01	1.000000	0
CXCL14	4	9.3905e-01	9.9558e-01	1.000000	0
CACNG1	4	9.3912e-01	9.9558e-01	1.000000	0
HPN	4	9.3914e-01	9.9558e-01	1.000000	0
EPS8L1	4	9.3915e-01	9.9558e-01	1.000000	0
PKP3	4	9.3919e-01	9.9558e-01	1.000000	0
HLA-DMB	4	9.3921e-01	9.9558e-01	1.000000	0
MGAT3	4	9.3921e-01	9.9558e-01	1.000000	0
GALT	4	9.3926e-01	9.9558e-01	1.000000	0
AOC1	4	9.3936e-01	9.9558e-01	1.000000	0
B4GALT7	4	9.3938e-01	9.9558e-01	1.000000	0
HIST1H2AI	4	9.3947e-01	9.9558e-01	1.000000	0
THSD7A	4	9.3948e-01	9.9558e-01	1.000000	0
TMEM116	4	9.3948e-01	9.9558e-01	1.000000	0
NACAD	4	9.3955e-01	9.9558e-01	1.000000	0
SFXN3	4	9.3958e-01	9.9558e-01	1.000000	0
CD7	4	9.3962e-01	9.9558e-01	1.000000	0
KISS1	4	9.3970e-01	9.9558e-01	1.000000	0
MRPS18C	4	9.3974e-01	9.9558e-01	1.000000	0
CLEC18A	4	9.3974e-01	9.9558e-01	1.000000	0
TMEM252	4	9.3982e-01	9.9558e-01	1.000000	0
ARHGEF7	4	9.3994e-01	9.9558e-01	1.000000	0
PTPN20	4	9.3995e-01	9.9558e-01	1.000000	0
AHCTF1	4	9.4005e-01	9.9558e-01	1.000000	0
NIFK	4	9.4009e-01	9.9558e-01	1.000000	0
ANP32D	4	9.4013e-01	9.9558e-01	1.000000	0
PCNXL4	4	9.4014e-01	9.9558e-01	1.000000	0
SMIM4	4	9.4022e-01	9.9558e-01	1.000000	0
INSIG1	4	9.4024e-01	9.9558e-01	1.000000	0
ARMC5	4	9.4024e-01	9.9558e-01	1.000000	0
CALCA	4	9.4029e-01	9.9558e-01	1.000000	0
HIST3H3	4	9.4029e-01	9.9558e-01	1.000000	0
TEAD4	4	9.4031e-01	9.9558e-01	1.000000	0
SLC12A7	4	9.4031e-01	9.9558e-01	1.000000	0
DICER1	4	9.4036e-01	9.9558e-01	1.000000	0
LMX1B	4	9.4039e-01	9.9558e-01	1.000000	0
ATP6V0D1	4	9.4046e-01	9.9558e-01	1.000000	0
TSR3	4	9.4052e-01	9.9558e-01	1.000000	0
ANAPC13	4	9.4059e-01	9.9558e-01	1.000000	0
PSMA2	4	9.4061e-01	9.9558e-01	1.000000	0
FOS	4	9.4064e-01	9.9558e-01	1.000000	0
CTNNBL1	4	9.4066e-01	9.9558e-01	1.000000	0
NCS1	4	9.4066e-01	9.9558e-01	1.000000	0
PPIAL4A	4	9.4071e-01	9.9558e-01	1.000000	0
TAF15	4	9.4071e-01	9.9558e-01	1.000000	0
ELAVL4	4	9.4078e-01	9.9558e-01	1.000000	0
DBT	4	9.4079e-01	9.9558e-01	1.000000	0
UBE2Z	4	9.4082e-01	9.9558e-01	1.000000	0
ATOH8	4	9.4083e-01	9.9558e-01	1.000000	0
C1orf228	4	9.4088e-01	9.9558e-01	1.000000	0
PGBD3	4	9.4089e-01	9.9558e-01	1.000000	0
P2RX2	4	9.4098e-01	9.9558e-01	1.000000	0
SEC23A	4	9.4103e-01	9.9558e-01	1.000000	0
TNKS	4	9.4107e-01	9.9558e-01	1.000000	0
TCN2	4	9.4109e-01	9.9558e-01	1.000000	0
C19orf53	4	9.4127e-01	9.9563e-01	1.000000	0
AUTS2	4	9.4136e-01	9.9563e-01	1.000000	0
COX6C	4	9.4137e-01	9.9563e-01	1.000000	0
LIPK	4	9.4138e-01	9.9563e-01	1.000000	0
CCDC152	4	9.4150e-01	9.9563e-01	1.000000	0
PTPRU	4	9.4155e-01	9.9570e-01	1.000000	0
RFC4	4	9.4158e-01	9.9570e-01	1.000000	0
ZNF420	4	9.4185e-01	9.9570e-01	1.000000	0
LOC730183	4	9.4186e-01	9.9570e-01	1.000000	0
UBL4B	4	9.4194e-01	9.9570e-01	1.000000	0
RBMY1J	4	9.4203e-01	9.9570e-01	1.000000	0
MAP3K13	4	9.4204e-01	9.9570e-01	1.000000	0
SMG5	4	9.4211e-01	9.9570e-01	1.000000	0
FATE1	4	9.4214e-01	9.9570e-01	1.000000	0
SYNGR3	4	9.4215e-01	9.9570e-01	1.000000	0
OR2L13	4	9.4223e-01	9.9570e-01	1.000000	0
NCAN	4	9.4223e-01	9.9570e-01	1.000000	0
GABARAP	4	9.4225e-01	9.9570e-01	1.000000	0
ZNF143	4	9.4232e-01	9.9570e-01	1.000000	0
WNT5A	4	9.4240e-01	9.9570e-01	1.000000	0
RBM47	4	9.4247e-01	9.9570e-01	1.000000	0
CACNB4	4	9.4250e-01	9.9570e-01	1.000000	0
SLC6A2	4	9.4250e-01	9.9570e-01	1.000000	0
PKN2	4	9.4251e-01	9.9570e-01	1.000000	0
ZNF624	4	9.4263e-01	9.9570e-01	1.000000	0
GSS	4	9.4277e-01	9.9570e-01	1.000000	0
FREM1	4	9.4282e-01	9.9570e-01	1.000000	0
GTF2H5	4	9.4285e-01	9.9570e-01	1.000000	0
SLC25A5	4	9.4289e-01	9.9570e-01	1.000000	0
GGCX	4	9.4290e-01	9.9570e-01	1.000000	0
DUSP11	4	9.4293e-01	9.9570e-01	1.000000	0
CT62	4	9.4294e-01	9.9570e-01	1.000000	0
PA2G4	4	9.4295e-01	9.9570e-01	1.000000	0
ACAT2	4	9.4297e-01	9.9570e-01	1.000000	0
WDR41	4	9.4297e-01	9.9570e-01	1.000000	0
ZNF14	4	9.4304e-01	9.9570e-01	1.000000	0
CCDC176	4	9.4314e-01	9.9570e-01	1.000000	0
BPIFC	4	9.4316e-01	9.9570e-01	1.000000	0
GZMB	4	9.4329e-01	9.9570e-01	1.000000	0
PHF23	4	9.4333e-01	9.9570e-01	1.000000	0
PCF11	4	9.4334e-01	9.9570e-01	1.000000	0
ZSCAN20	4	9.4339e-01	9.9570e-01	1.000000	0
RGL1	4	9.4339e-01	9.9570e-01	1.000000	0
IFNA5	4	9.4343e-01	9.9570e-01	1.000000	0
RPN2	4	9.4349e-01	9.9570e-01	1.000000	0
NECAB2	4	9.4354e-01	9.9570e-01	1.000000	0
MAP1LC3A	4	9.4355e-01	9.9570e-01	1.000000	0
MDN1	4	9.4357e-01	9.9570e-01	1.000000	0
LENEP	4	9.4361e-01	9.9570e-01	1.000000	0
KRBOX1	4	9.4372e-01	9.9570e-01	1.000000	0
LOC388282	4	9.4382e-01	9.9570e-01	1.000000	0
ICE2	4	9.4384e-01	9.9570e-01	1.000000	0
SYNCRIP	4	9.4387e-01	9.9570e-01	1.000000	0
GCSAML	4	9.4389e-01	9.9570e-01	1.000000	0
ALDH1A3	4	9.4390e-01	9.9570e-01	1.000000	0
CHGA	4	9.4391e-01	9.9570e-01	1.000000	0
SIM2	4	9.4392e-01	9.9570e-01	1.000000	0
SLC12A6	4	9.4393e-01	9.9570e-01	1.000000	0
ZNF562	4	9.4402e-01	9.9570e-01	1.000000	0
PELI1	4	9.4404e-01	9.9570e-01	1.000000	0
CENPU	4	9.4405e-01	9.9570e-01	1.000000	0
PRTN3	4	9.4412e-01	9.9570e-01	1.000000	0
C6orf136	4	9.4416e-01	9.9570e-01	1.000000	0
KLHL20	4	9.4419e-01	9.9570e-01	1.000000	0
FAM72C	4	9.4423e-01	9.9570e-01	1.000000	0
CHADL	4	9.4425e-01	9.9570e-01	1.000000	0
GFOD1	4	9.4431e-01	9.9570e-01	1.000000	0
POLR2D	4	9.4431e-01	9.9570e-01	1.000000	0
SPPL2B	4	9.4435e-01	9.9570e-01	1.000000	0
AKIP1	4	9.4436e-01	9.9570e-01	1.000000	0
CD58	4	9.4440e-01	9.9570e-01	1.000000	0
C2orf72	4	9.4443e-01	9.9570e-01	1.000000	0
CUL4B	4	9.4449e-01	9.9570e-01	1.000000	0
CSNK2B	4	9.4452e-01	9.9570e-01	1.000000	0
ACTA1	4	9.4453e-01	9.9570e-01	1.000000	0
AMPD2	4	9.4455e-01	9.9570e-01	1.000000	0
TAS2R50	4	9.4456e-01	9.9570e-01	1.000000	0
TBC1D3F	4	9.4458e-01	9.9570e-01	1.000000	0
NOL7	4	9.4465e-01	9.9570e-01	1.000000	0
WDR44	4	9.4466e-01	9.9570e-01	1.000000	0
HEPH	4	9.4471e-01	9.9570e-01	1.000000	0
OR6Y1	4	9.4473e-01	9.9570e-01	1.000000	0
PTCD1	4	9.4476e-01	9.9570e-01	1.000000	0
ARHGAP11A	4	9.4477e-01	9.9570e-01	1.000000	0
GPAM	4	9.4481e-01	9.9570e-01	1.000000	0
LENG1	4	9.4486e-01	9.9570e-01	1.000000	0
XPOT	4	9.4498e-01	9.9570e-01	1.000000	0
RGMB	4	9.4500e-01	9.9570e-01	1.000000	0
ANKLE2	4	9.4503e-01	9.9570e-01	1.000000	0
HTR3A	4	9.4503e-01	9.9570e-01	1.000000	0
HSPA6	4	9.4509e-01	9.9570e-01	1.000000	0
PYDC2	4	9.4510e-01	9.9570e-01	1.000000	0
SPC25	4	9.4511e-01	9.9570e-01	1.000000	0
C12orf65	4	9.4514e-01	9.9570e-01	1.000000	0
FIGNL2	4	9.4521e-01	9.9570e-01	1.000000	0
ABHD5	4	9.4535e-01	9.9570e-01	1.000000	0
LINGO2	4	9.4548e-01	9.9570e-01	1.000000	0
FAM71A	4	9.4552e-01	9.9570e-01	1.000000	0
ASPHD2	4	9.4555e-01	9.9570e-01	1.000000	0
RASSF10	4	9.4559e-01	9.9570e-01	1.000000	0
DHX9	4	9.4561e-01	9.9570e-01	1.000000	0
OR52A5	4	9.4573e-01	9.9570e-01	1.000000	0
ATF3	4	9.4576e-01	9.9570e-01	1.000000	0
POLR2J	4	9.4577e-01	9.9570e-01	1.000000	0
C4orf36	4	9.4579e-01	9.9570e-01	1.000000	0
ZFP36L1	4	9.4581e-01	9.9570e-01	1.000000	0
JADE1	4	9.4582e-01	9.9570e-01	1.000000	0
FDPS	4	9.4591e-01	9.9570e-01	1.000000	0
HPCAL1	4	9.4595e-01	9.9570e-01	1.000000	0
PRR30	4	9.4599e-01	9.9570e-01	1.000000	0
WIPI2	4	9.4601e-01	9.9570e-01	1.000000	0
UCHL3	4	9.4607e-01	9.9570e-01	1.000000	0
GPX1	4	9.4613e-01	9.9570e-01	1.000000	0
SUGT1	4	9.4626e-01	9.9570e-01	1.000000	0
SETD8	4	9.4634e-01	9.9570e-01	1.000000	0
CXorf49B	4	9.4645e-01	9.9570e-01	1.000000	0
HYAL3	4	9.4648e-01	9.9570e-01	1.000000	0
AIFM1	4	9.4662e-01	9.9570e-01	1.000000	0
NODAL	4	9.4679e-01	9.9570e-01	1.000000	0
BET1	4	9.4684e-01	9.9570e-01	1.000000	0
HTATSF1	4	9.4686e-01	9.9570e-01	1.000000	0
BBS2	4	9.4693e-01	9.9570e-01	1.000000	0
ZNF705G	4	9.4694e-01	9.9570e-01	1.000000	0
ADAM30	4	9.4698e-01	9.9570e-01	1.000000	0
TMC5	4	9.4705e-01	9.9570e-01	1.000000	0
GOLGA8K	4	9.4715e-01	9.9570e-01	1.000000	0
EIF4A3	4	9.4715e-01	9.9570e-01	1.000000	0
FAR1	4	9.4719e-01	9.9570e-01	1.000000	0
HOXA7	4	9.4738e-01	9.9570e-01	1.000000	0
RAB3A	4	9.4741e-01	9.9570e-01	1.000000	0
MSL1	4	9.4742e-01	9.9570e-01	1.000000	0
CCL25	4	9.4743e-01	9.9570e-01	1.000000	0
DOCK7	4	9.4745e-01	9.9570e-01	1.000000	0
ZNF235	4	9.4746e-01	9.9570e-01	1.000000	0
AADAT	4	9.4764e-01	9.9570e-01	1.000000	0
WDTC1	4	9.4765e-01	9.9570e-01	1.000000	0
MFSD3	4	9.4769e-01	9.9570e-01	1.000000	0
PDCD6	4	9.4772e-01	9.9570e-01	1.000000	0
HMGB4	4	9.4772e-01	9.9570e-01	1.000000	0
METTL2B	4	9.4791e-01	9.9570e-01	1.000000	0
PDE4DIP	4	9.4796e-01	9.9570e-01	1.000000	0
GPR78	4	9.4798e-01	9.9570e-01	1.000000	0
EPM2A	4	9.4815e-01	9.9570e-01	1.000000	0
SGTA	4	9.4821e-01	9.9570e-01	1.000000	0
RBFOX2	4	9.4827e-01	9.9570e-01	1.000000	0
FAM174B	4	9.4828e-01	9.9570e-01	1.000000	0
FXYD7	4	9.4837e-01	9.9570e-01	1.000000	0
FAM219A	4	9.4839e-01	9.9570e-01	1.000000	0
MRPS31	4	9.4846e-01	9.9570e-01	1.000000	0
TMEM176A	4	9.4855e-01	9.9570e-01	1.000000	0
EGR2	4	9.4859e-01	9.9570e-01	1.000000	0
RPA2	4	9.4862e-01	9.9570e-01	1.000000	0
ELL	4	9.4865e-01	9.9570e-01	1.000000	0
ADGRE3	4	9.4879e-01	9.9570e-01	1.000000	0
PARN	4	9.4887e-01	9.9570e-01	1.000000	0
IWS1	4	9.4888e-01	9.9570e-01	1.000000	0
MAP1LC3C	4	9.4893e-01	9.9570e-01	1.000000	0
TBCK	4	9.4902e-01	9.9570e-01	1.000000	0
DIDO1	4	9.4907e-01	9.9570e-01	1.000000	0
EFNB3	4	9.4921e-01	9.9570e-01	1.000000	0
AKAP5	4	9.4922e-01	9.9570e-01	1.000000	0
TRNT1	4	9.4924e-01	9.9570e-01	1.000000	0
CDC16	4	9.4926e-01	9.9570e-01	1.000000	0
PRSS3	4	9.4927e-01	9.9570e-01	1.000000	0
NCSTN	4	9.4934e-01	9.9570e-01	1.000000	0
LPAR4	4	9.4938e-01	9.9570e-01	1.000000	0
ZNF442	4	9.4940e-01	9.9570e-01	1.000000	0
GMPS	4	9.4942e-01	9.9570e-01	1.000000	0
NTN1	4	9.4944e-01	9.9570e-01	1.000000	0
ANKDD1B	4	9.4951e-01	9.9570e-01	1.000000	0
SURF2	4	9.4956e-01	9.9570e-01	1.000000	0
FDX1	4	9.4963e-01	9.9570e-01	1.000000	0
AGPAT4	4	9.4969e-01	9.9570e-01	1.000000	0
LRRC74A	4	9.4978e-01	9.9570e-01	1.000000	0
ZCCHC12	4	9.4988e-01	9.9570e-01	1.000000	0
SESN3	4	9.4989e-01	9.9570e-01	1.000000	0
DCPS	4	9.4994e-01	9.9570e-01	1.000000	0
XKR4	4	9.5005e-01	9.9570e-01	1.000000	0
MGLL	4	9.5007e-01	9.9570e-01	1.000000	0
LRG1	4	9.5009e-01	9.9570e-01	1.000000	0
ZNF644	4	9.5010e-01	9.9570e-01	1.000000	0
NFKBIZ	4	9.5018e-01	9.9570e-01	1.000000	0
EXTL1	4	9.5022e-01	9.9570e-01	1.000000	0
LIPC	4	9.5023e-01	9.9570e-01	1.000000	0
GOLGA6L10	4	9.5024e-01	9.9570e-01	1.000000	0
AHCYL1	4	9.5026e-01	9.9570e-01	1.000000	0
PNKP	4	9.5030e-01	9.9570e-01	1.000000	0
MYOZ3	4	9.5034e-01	9.9570e-01	1.000000	0
CDAN1	4	9.5034e-01	9.9570e-01	1.000000	0
CYP3A7	4	9.5043e-01	9.9570e-01	1.000000	0
EXOC6	4	9.5047e-01	9.9570e-01	1.000000	0
KBTBD7	4	9.5053e-01	9.9570e-01	1.000000	0
FABP3	4	9.5055e-01	9.9570e-01	1.000000	0
AQP12B	4	9.5062e-01	9.9570e-01	1.000000	0
CCT8	4	9.5064e-01	9.9570e-01	1.000000	0
PLEKHH2	4	9.5068e-01	9.9570e-01	1.000000	0
FOXK1	4	9.5069e-01	9.9570e-01	1.000000	0
UGP2	4	9.5071e-01	9.9570e-01	1.000000	0
CNTROB	4	9.5082e-01	9.9570e-01	1.000000	0
NNT	4	9.5089e-01	9.9570e-01	1.000000	0
MIPEP	4	9.5100e-01	9.9570e-01	1.000000	0
GPATCH1	4	9.5107e-01	9.9570e-01	1.000000	0
YAP1	4	9.5109e-01	9.9570e-01	1.000000	0
GNPDA1	4	9.5116e-01	9.9570e-01	1.000000	0
C16orf89	4	9.5124e-01	9.9570e-01	1.000000	0
ELP6	4	9.5133e-01	9.9570e-01	1.000000	0
TEKT1	4	9.5139e-01	9.9570e-01	1.000000	0
ANXA2R	4	9.5144e-01	9.9570e-01	1.000000	0
KLRK1	4	9.5149e-01	9.9570e-01	1.000000	0
CENPA	4	9.5157e-01	9.9570e-01	1.000000	0
CXCL8	4	9.5171e-01	9.9570e-01	1.000000	0
MMP28	4	9.5175e-01	9.9570e-01	1.000000	0
HIST2H3C	4	9.5175e-01	9.9570e-01	1.000000	0
SCAMP5	4	9.5177e-01	9.9570e-01	1.000000	0
XPNPEP1	4	9.5185e-01	9.9570e-01	1.000000	0
PLOD2	4	9.5194e-01	9.9570e-01	1.000000	0
RPL26L1	4	9.5196e-01	9.9570e-01	1.000000	0
SMIM23	4	9.5201e-01	9.9570e-01	1.000000	0
CCDC97	4	9.5202e-01	9.9570e-01	1.000000	0
FAM222B	4	9.5205e-01	9.9570e-01	1.000000	0
UBA5	4	9.5208e-01	9.9570e-01	1.000000	0
C17orf98	4	9.5213e-01	9.9570e-01	1.000000	0
CCL22	4	9.5214e-01	9.9570e-01	1.000000	0
NME8	4	9.5218e-01	9.9570e-01	1.000000	0
PAPLN	4	9.5219e-01	9.9570e-01	1.000000	0
ANKRD33B	4	9.5220e-01	9.9570e-01	1.000000	0
SIL1	4	9.5221e-01	9.9570e-01	1.000000	0
PLA2G10	4	9.5222e-01	9.9570e-01	1.000000	0
FERMT3	4	9.5222e-01	9.9570e-01	1.000000	0
GPS2	4	9.5224e-01	9.9570e-01	1.000000	0
B4GALT5	4	9.5236e-01	9.9570e-01	1.000000	0
TPD52L3	4	9.5238e-01	9.9570e-01	1.000000	0
KLHL17	4	9.5239e-01	9.9570e-01	1.000000	0
CRYBA2	4	9.5241e-01	9.9570e-01	1.000000	0
ITGB6	4	9.5242e-01	9.9570e-01	1.000000	0
CDIP1	4	9.5245e-01	9.9570e-01	1.000000	0
BRF2	4	9.5250e-01	9.9570e-01	1.000000	0
SLC39A5	4	9.5253e-01	9.9570e-01	1.000000	0
COMMD10	4	9.5264e-01	9.9570e-01	1.000000	0
RBBP8NL	4	9.5272e-01	9.9570e-01	1.000000	0
TUFT1	4	9.5275e-01	9.9570e-01	1.000000	0
OR5K4	4	9.5278e-01	9.9570e-01	1.000000	0
HIST1H3D	4	9.5282e-01	9.9570e-01	1.000000	0
SEC24C	4	9.5291e-01	9.9570e-01	1.000000	0
HLA-DPA1	4	9.5295e-01	9.9570e-01	1.000000	0
NXPE4	4	9.5296e-01	9.9570e-01	1.000000	0
FAM208A	4	9.5296e-01	9.9570e-01	1.000000	0
CDH13	4	9.5300e-01	9.9570e-01	1.000000	0
EMC3	4	9.5301e-01	9.9570e-01	1.000000	0
MTIF2	4	9.5305e-01	9.9570e-01	1.000000	0
ATP8B4	4	9.5313e-01	9.9570e-01	1.000000	0
FITM2	4	9.5314e-01	9.9570e-01	1.000000	0
KIF18A	4	9.5325e-01	9.9570e-01	1.000000	0
IL36G	4	9.5331e-01	9.9570e-01	1.000000	0
DBF4	4	9.5332e-01	9.9570e-01	1.000000	0
CNTNAP3B	4	9.5333e-01	9.9570e-01	1.000000	0
NEMF	4	9.5338e-01	9.9570e-01	1.000000	0
RBM14	4	9.5342e-01	9.9570e-01	1.000000	0
NSL1	4	9.5346e-01	9.9570e-01	1.000000	0
CARKD	4	9.5347e-01	9.9570e-01	1.000000	0
C3orf56	4	9.5348e-01	9.9570e-01	1.000000	0
ZNF816-ZNF321P	4	9.5353e-01	9.9570e-01	1.000000	0
ANOS1	4	9.5356e-01	9.9570e-01	1.000000	0
CKS1B	4	9.5381e-01	9.9570e-01	1.000000	0
TMEM63A	4	9.5382e-01	9.9570e-01	1.000000	0
RPP38	4	9.5385e-01	9.9570e-01	1.000000	0
HAP1	4	9.5387e-01	9.9570e-01	1.000000	0
KMT2A	4	9.5390e-01	9.9570e-01	1.000000	0
ATP5J	4	9.5396e-01	9.9570e-01	1.000000	0
WDR76	4	9.5401e-01	9.9570e-01	1.000000	0
SCN11A	4	9.5401e-01	9.9570e-01	1.000000	0
CRYGA	4	9.5402e-01	9.9570e-01	1.000000	0
SRF	4	9.5412e-01	9.9570e-01	1.000000	0
ERF	4	9.5414e-01	9.9570e-01	1.000000	0
SAMM50	4	9.5421e-01	9.9570e-01	1.000000	0
SLC10A2	4	9.5425e-01	9.9570e-01	1.000000	0
A4GNT	4	9.5428e-01	9.9570e-01	1.000000	0
PRPF4	4	9.5429e-01	9.9570e-01	1.000000	0
ARL2BP	4	9.5430e-01	9.9570e-01	1.000000	0
LYPD8	4	9.5431e-01	9.9570e-01	1.000000	0
HLA-F	4	9.5433e-01	9.9570e-01	1.000000	0
NELFA	4	9.5433e-01	9.9570e-01	1.000000	0
STK26	4	9.5439e-01	9.9570e-01	1.000000	0
RPL36A-HNRNPH2	4	9.5446e-01	9.9570e-01	1.000000	0
BMPR2	4	9.5448e-01	9.9570e-01	1.000000	0
KIAA1033	4	9.5451e-01	9.9570e-01	1.000000	0
MICA	4	9.5454e-01	9.9570e-01	1.000000	0
PTDSS1	4	9.5462e-01	9.9570e-01	1.000000	0
WARS	4	9.5463e-01	9.9570e-01	1.000000	0
TM9SF4	4	9.5483e-01	9.9570e-01	1.000000	0
PPP1R15B	4	9.5488e-01	9.9570e-01	1.000000	0
CD3EAP	4	9.5489e-01	9.9570e-01	1.000000	0
HMGCLL1	4	9.5491e-01	9.9570e-01	1.000000	0
SMC3	4	9.5492e-01	9.9570e-01	1.000000	0
ACACB	4	9.5493e-01	9.9570e-01	1.000000	0
OR2T3	4	9.5499e-01	9.9570e-01	1.000000	0
SYT15	4	9.5501e-01	9.9570e-01	1.000000	0
KCNIP2	4	9.5505e-01	9.9570e-01	1.000000	0
VIM	4	9.5508e-01	9.9570e-01	1.000000	0
KIAA1107	4	9.5511e-01	9.9570e-01	1.000000	0
JPH1	4	9.5518e-01	9.9570e-01	1.000000	0
FAM189B	4	9.5520e-01	9.9570e-01	1.000000	0
DDX6	4	9.5525e-01	9.9570e-01	1.000000	0
RAB2A	4	9.5526e-01	9.9570e-01	1.000000	0
ARHGEF37	4	9.5536e-01	9.9570e-01	1.000000	0
ZMYND8	4	9.5537e-01	9.9570e-01	1.000000	0
DPH2	4	9.5542e-01	9.9570e-01	1.000000	0
POTED	4	9.5569e-01	9.9570e-01	1.000000	0
DDX39B	4	9.5575e-01	9.9570e-01	1.000000	0
CYP4Z1	4	9.5578e-01	9.9570e-01	1.000000	0
HP1BP3	4	9.5585e-01	9.9570e-01	1.000000	0
C19orf12	4	9.5586e-01	9.9570e-01	1.000000	0
PSMD8	4	9.5594e-01	9.9570e-01	1.000000	0
CENPK	4	9.5596e-01	9.9570e-01	1.000000	0
MAP3K8	4	9.5600e-01	9.9570e-01	1.000000	0
MAP3K6	4	9.5601e-01	9.9570e-01	1.000000	0
BLMH	4	9.5608e-01	9.9570e-01	1.000000	0
FANCF	4	9.5613e-01	9.9570e-01	1.000000	0
CPD	4	9.5614e-01	9.9570e-01	1.000000	0
CHI3L1	4	9.5618e-01	9.9570e-01	1.000000	0
EXOSC10	4	9.5625e-01	9.9570e-01	1.000000	0
ITK	4	9.5629e-01	9.9570e-01	1.000000	0
NFYA	4	9.5632e-01	9.9570e-01	1.000000	0
OR1E1	4	9.5637e-01	9.9570e-01	1.000000	0
GMEB2	4	9.5640e-01	9.9570e-01	1.000000	0
ADAT1	4	9.5643e-01	9.9570e-01	1.000000	0
MRPL45	4	9.5675e-01	9.9570e-01	1.000000	0
ZNF575	4	9.5679e-01	9.9570e-01	1.000000	0
PRDX2	4	9.5682e-01	9.9570e-01	1.000000	0
IVL	4	9.5682e-01	9.9570e-01	1.000000	0
E2F6	4	9.5689e-01	9.9570e-01	1.000000	0
ATF4	4	9.5689e-01	9.9570e-01	1.000000	0
CDK9	4	9.5689e-01	9.9570e-01	1.000000	0
MAGEA12	4	9.5689e-01	9.9570e-01	1.000000	0
POLR1B	4	9.5689e-01	9.9570e-01	1.000000	0
CYLC2	4	9.5698e-01	9.9570e-01	1.000000	0
PALB2	4	9.5705e-01	9.9570e-01	1.000000	0
PPP2R5E	4	9.5707e-01	9.9570e-01	1.000000	0
SEMA4F	4	9.5708e-01	9.9570e-01	1.000000	0
EXTL3	4	9.5710e-01	9.9570e-01	1.000000	0
NIPA2	4	9.5711e-01	9.9570e-01	1.000000	0
TLE6	4	9.5718e-01	9.9570e-01	1.000000	0
C5orf24	4	9.5724e-01	9.9570e-01	1.000000	0
ANKRD44	4	9.5734e-01	9.9570e-01	1.000000	0
TRAM1L1	4	9.5735e-01	9.9570e-01	1.000000	0
VAMP5	4	9.5737e-01	9.9570e-01	1.000000	0
ZNF714	4	9.5754e-01	9.9570e-01	1.000000	0
TSLP	4	9.5755e-01	9.9570e-01	1.000000	0
GPR45	4	9.5759e-01	9.9570e-01	1.000000	0
GNB1L	4	9.5764e-01	9.9570e-01	1.000000	0
FDX1L	4	9.5779e-01	9.9570e-01	1.000000	0
MRPL50	4	9.5783e-01	9.9570e-01	1.000000	0
UBALD2	4	9.5785e-01	9.9570e-01	1.000000	0
GPR146	4	9.5794e-01	9.9570e-01	1.000000	0
FCGR3B	4	9.5805e-01	9.9570e-01	1.000000	0
PFDN5	4	9.5808e-01	9.9570e-01	1.000000	0
NME3	4	9.5816e-01	9.9570e-01	1.000000	0
CCL17	4	9.5824e-01	9.9570e-01	1.000000	0
APOO	4	9.5839e-01	9.9570e-01	1.000000	0
TAF5	4	9.5846e-01	9.9570e-01	1.000000	0
SGMS2	4	9.5855e-01	9.9570e-01	1.000000	0
ASMT	4	9.5857e-01	9.9570e-01	1.000000	0
C19orf24	4	9.5878e-01	9.9570e-01	1.000000	0
MRPL1	4	9.5881e-01	9.9570e-01	1.000000	0
SUFU	4	9.5881e-01	9.9570e-01	1.000000	0
CTAG1A	4	9.5886e-01	9.9570e-01	1.000000	0
ZBTB24	4	9.5898e-01	9.9570e-01	1.000000	0
SOCS3	4	9.5901e-01	9.9570e-01	1.000000	0
TRIM43B	4	9.5901e-01	9.9570e-01	1.000000	0
DMP1	4	9.5906e-01	9.9570e-01	1.000000	0
MUC15	4	9.5907e-01	9.9570e-01	1.000000	0
LRRC41	4	9.5908e-01	9.9570e-01	1.000000	0
WWOX	4	9.5921e-01	9.9570e-01	1.000000	0
IFNW1	4	9.5925e-01	9.9570e-01	1.000000	0
KDM4A	4	9.5931e-01	9.9570e-01	1.000000	0
CRK	4	9.5934e-01	9.9570e-01	1.000000	0
TRIM49	4	9.5934e-01	9.9570e-01	1.000000	0
TMSB15A	4	9.5936e-01	9.9570e-01	1.000000	0
RBBP5	4	9.5945e-01	9.9570e-01	1.000000	0
OBFC1	4	9.5950e-01	9.9570e-01	1.000000	0
ERAL1	4	9.5954e-01	9.9570e-01	1.000000	0
XRCC3	4	9.5956e-01	9.9570e-01	1.000000	0
PLEC	4	9.5957e-01	9.9570e-01	1.000000	0
ANXA9	4	9.5960e-01	9.9570e-01	1.000000	0
PRDM15	4	9.5963e-01	9.9570e-01	1.000000	0
B4GALT2	4	9.5969e-01	9.9570e-01	1.000000	0
GPBP1	4	9.5974e-01	9.9570e-01	1.000000	0
NCOR2	4	9.5976e-01	9.9570e-01	1.000000	0
TOPBP1	4	9.5977e-01	9.9570e-01	1.000000	0
DNMBP	4	9.5997e-01	9.9570e-01	1.000000	0
TAB1	4	9.6000e-01	9.9570e-01	1.000000	0
SPTA1	4	9.6002e-01	9.9570e-01	1.000000	0
CPSF4	4	9.6002e-01	9.9570e-01	1.000000	0
GLCCI1	4	9.6018e-01	9.9570e-01	1.000000	0
LIPA	4	9.6028e-01	9.9570e-01	1.000000	0
NDUFAF7	4	9.6030e-01	9.9570e-01	1.000000	0
ELK3	4	9.6032e-01	9.9570e-01	1.000000	0
ESF1	4	9.6034e-01	9.9570e-01	1.000000	0
NSMCE2	4	9.6036e-01	9.9570e-01	1.000000	0
ADCY1	4	9.6047e-01	9.9570e-01	1.000000	0
AGAP3	4	9.6049e-01	9.9570e-01	1.000000	0
PPP2R5A	4	9.6054e-01	9.9570e-01	1.000000	0
SYNPO2L	4	9.6058e-01	9.9570e-01	1.000000	0
ZBTB17	4	9.6060e-01	9.9570e-01	1.000000	0
OR2M3	4	9.6062e-01	9.9570e-01	1.000000	0
UVRAG	4	9.6064e-01	9.9570e-01	1.000000	0
CDC26	4	9.6070e-01	9.9570e-01	1.000000	0
MEPCE	4	9.6071e-01	9.9570e-01	1.000000	0
POTEJ	4	9.6080e-01	9.9570e-01	1.000000	0
PLB1	4	9.6087e-01	9.9570e-01	1.000000	0
CETN3	4	9.6088e-01	9.9570e-01	1.000000	0
ARFGEF1	4	9.6092e-01	9.9576e-01	1.000000	0
PRPSAP2	4	9.6095e-01	9.9576e-01	1.000000	0
CTAG1B	4	9.6097e-01	9.9576e-01	1.000000	0
PLGLB1	4	9.6098e-01	9.9576e-01	1.000000	0
RILPL2	4	9.6098e-01	9.9576e-01	1.000000	0
KREMEN2	4	9.6101e-01	9.9576e-01	1.000000	0
ENHO	4	9.6109e-01	9.9576e-01	1.000000	0
NPLOC4	4	9.6115e-01	9.9576e-01	1.000000	0
NPIPB5	4	9.6116e-01	9.9576e-01	1.000000	0
DNAJC2	4	9.6121e-01	9.9576e-01	1.000000	0
SIX6	4	9.6126e-01	9.9576e-01	1.000000	0
CD300LD	4	9.6129e-01	9.9576e-01	1.000000	0
CHST12	4	9.6132e-01	9.9576e-01	1.000000	0
MYL9	4	9.6137e-01	9.9576e-01	1.000000	0
LARP1	4	9.6139e-01	9.9576e-01	1.000000	0
ARGLU1	4	9.6140e-01	9.9576e-01	1.000000	0
INO80	4	9.6146e-01	9.9576e-01	1.000000	0
CDRT1	4	9.6147e-01	9.9576e-01	1.000000	0
HSD17B10	4	9.6162e-01	9.9576e-01	1.000000	0
PRR25	4	9.6163e-01	9.9576e-01	1.000000	0
PTAR1	4	9.6166e-01	9.9576e-01	1.000000	0
RASAL1	4	9.6178e-01	9.9576e-01	1.000000	0
PROS1	4	9.6179e-01	9.9576e-01	1.000000	0
SPINK4	4	9.6183e-01	9.9584e-01	1.000000	0
MAPKBP1	4	9.6189e-01	9.9584e-01	1.000000	0
SNAI1	4	9.6190e-01	9.9584e-01	1.000000	0
EFCAB6	4	9.6197e-01	9.9584e-01	1.000000	0
RAB1A	4	9.6205e-01	9.9584e-01	1.000000	0
UCHL5	4	9.6207e-01	9.9584e-01	1.000000	0
AGAP11	4	9.6209e-01	9.9584e-01	1.000000	0
LIMCH1	4	9.6214e-01	9.9584e-01	1.000000	0
DVL1	4	9.6217e-01	9.9584e-01	1.000000	0
TSPAN11	4	9.6219e-01	9.9584e-01	1.000000	0
SPAG7	4	9.6223e-01	9.9584e-01	1.000000	0
OR5J2	4	9.6225e-01	9.9584e-01	1.000000	0
OR14C36	4	9.6232e-01	9.9584e-01	1.000000	0
SLC35E2B	4	9.6238e-01	9.9591e-01	1.000000	0
PSMD2	4	9.6244e-01	9.9591e-01	1.000000	0
LRPPRC	4	9.6247e-01	9.9591e-01	1.000000	0
NHS	4	9.6254e-01	9.9591e-01	1.000000	0
NAT2	4	9.6256e-01	9.9591e-01	1.000000	0
ZNF837	4	9.6266e-01	9.9591e-01	1.000000	0
BMP4	4	9.6287e-01	9.9591e-01	1.000000	0
TMEM201	4	9.6296e-01	9.9591e-01	1.000000	0
HAUS8	4	9.6302e-01	9.9591e-01	1.000000	0
PCDHA10	4	9.6305e-01	9.9591e-01	1.000000	0
CFAP44	4	9.6315e-01	9.9591e-01	1.000000	0
C4orf46	4	9.6316e-01	9.9591e-01	1.000000	0
TMEM14C	4	9.6322e-01	9.9597e-01	1.000000	0
FUT5	4	9.6325e-01	9.9597e-01	1.000000	0
TGIF2-C20orf24	4	9.6326e-01	9.9597e-01	1.000000	0
PRKRIR	4	9.6328e-01	9.9597e-01	1.000000	0
ARL14EPL	4	9.6332e-01	9.9597e-01	1.000000	0
PNISR	4	9.6336e-01	9.9597e-01	1.000000	0
RNF126	4	9.6336e-01	9.9597e-01	1.000000	0
HIST2H2BE	4	9.6348e-01	9.9597e-01	1.000000	0
SOD2	4	9.6350e-01	9.9597e-01	1.000000	0
ELL3	4	9.6352e-01	9.9597e-01	1.000000	0
WRB	4	9.6354e-01	9.9597e-01	1.000000	0
GM2A	4	9.6355e-01	9.9597e-01	1.000000	0
ESCO2	4	9.6357e-01	9.9597e-01	1.000000	0
PGM3	4	9.6369e-01	9.9597e-01	1.000000	0
DMAP1	4	9.6371e-01	9.9597e-01	1.000000	0
USP17L30	4	9.6372e-01	9.9597e-01	1.000000	0
LY6E	4	9.6375e-01	9.9597e-01	1.000000	0
FRAT1	4	9.6378e-01	9.9597e-01	1.000000	0
ATE1	4	9.6379e-01	9.9597e-01	1.000000	0
RFXANK	4	9.6384e-01	9.9597e-01	1.000000	0
C8orf82	4	9.6388e-01	9.9597e-01	1.000000	0
C17orf100	4	9.6394e-01	9.9597e-01	1.000000	0
THEGL	4	9.6401e-01	9.9597e-01	1.000000	0
TM2D1	4	9.6406e-01	9.9597e-01	1.000000	0
ERCC3	4	9.6409e-01	9.9597e-01	1.000000	0
RSRC1	4	9.6414e-01	9.9597e-01	1.000000	0
SGSH	4	9.6415e-01	9.9597e-01	1.000000	0
ST6GAL2	4	9.6420e-01	9.9597e-01	1.000000	0
AMMECR1	4	9.6422e-01	9.9597e-01	1.000000	0
RMI1	4	9.6435e-01	9.9597e-01	1.000000	0
C1orf86	4	9.6436e-01	9.9597e-01	1.000000	0
PYROXD1	4	9.6443e-01	9.9597e-01	1.000000	0
C14orf132	4	9.6452e-01	9.9597e-01	1.000000	0
FRMD4B	4	9.6457e-01	9.9597e-01	1.000000	0
TBC1D26	4	9.6461e-01	9.9597e-01	1.000000	0
TUBGCP5	4	9.6473e-01	9.9597e-01	1.000000	0
RNF8	4	9.6489e-01	9.9597e-01	1.000000	0
LOC101060389	4	9.6496e-01	9.9597e-01	1.000000	0
KIAA1147	4	9.6502e-01	9.9597e-01	1.000000	0
ATG5	4	9.6503e-01	9.9597e-01	1.000000	0
C3	4	9.6512e-01	9.9597e-01	1.000000	0
MORN1	4	9.6513e-01	9.9597e-01	1.000000	0
CHFR	4	9.6513e-01	9.9597e-01	1.000000	0
MYH14	4	9.6515e-01	9.9597e-01	1.000000	0
COX6B1	4	9.6515e-01	9.9597e-01	1.000000	0
STYX	4	9.6517e-01	9.9597e-01	1.000000	0
FAM169A	4	9.6520e-01	9.9597e-01	1.000000	0
IRGM	4	9.6527e-01	9.9597e-01	1.000000	0
GABPA	4	9.6536e-01	9.9597e-01	1.000000	0
DCTN3	4	9.6540e-01	9.9597e-01	1.000000	0
VTCN1	4	9.6541e-01	9.9597e-01	1.000000	0
HDGFL1	4	9.6552e-01	9.9597e-01	1.000000	0
F2	4	9.6554e-01	9.9597e-01	1.000000	0
LCN2	4	9.6576e-01	9.9597e-01	1.000000	0
STPG1	4	9.6582e-01	9.9597e-01	1.000000	0
PTCH2	4	9.6593e-01	9.9597e-01	1.000000	0
HMMR	4	9.6595e-01	9.9597e-01	1.000000	0
C9orf66	4	9.6601e-01	9.9597e-01	1.000000	0
KLHL7	4	9.6602e-01	9.9597e-01	1.000000	0
ARID3B	4	9.6602e-01	9.9597e-01	1.000000	0
HELQ	4	9.6605e-01	9.9597e-01	1.000000	0
TUBB4B	4	9.6609e-01	9.9597e-01	1.000000	0
DEXI	4	9.6612e-01	9.9597e-01	1.000000	0
ZNF70	4	9.6615e-01	9.9597e-01	1.000000	0
MYO10	4	9.6620e-01	9.9603e-01	1.000000	0
EXOC8	4	9.6622e-01	9.9603e-01	1.000000	0
VPS8	4	9.6623e-01	9.9603e-01	1.000000	0
PGA5	4	9.6633e-01	9.9603e-01	1.000000	0
ZC2HC1B	4	9.6635e-01	9.9603e-01	1.000000	0
EPPIN-WFDC6	4	9.6652e-01	9.9610e-01	1.000000	0
PWP2	4	9.6652e-01	9.9610e-01	1.000000	0
KRTAP10-1	4	9.6654e-01	9.9610e-01	1.000000	0
KLHL3	4	9.6663e-01	9.9610e-01	1.000000	0
RRP15	4	9.6668e-01	9.9610e-01	1.000000	0
COL19A1	4	9.6669e-01	9.9610e-01	1.000000	0
PRPF38B	4	9.6671e-01	9.9610e-01	1.000000	0
DSG4	4	9.6672e-01	9.9610e-01	1.000000	0
SDE2	4	9.6678e-01	9.9610e-01	1.000000	0
RAPGEF2	4	9.6683e-01	9.9610e-01	1.000000	0
LCN10	4	9.6683e-01	9.9610e-01	1.000000	0
RAB40AL	4	9.6687e-01	9.9610e-01	1.000000	0
AS3MT	4	9.6693e-01	9.9610e-01	1.000000	0
FAM72B	4	9.6695e-01	9.9610e-01	1.000000	0
MMP9	4	9.6696e-01	9.9610e-01	1.000000	0
RTKN2	4	9.6697e-01	9.9610e-01	1.000000	0
GABARAPL1	4	9.6706e-01	9.9610e-01	1.000000	0
IMPDH2	4	9.6709e-01	9.9610e-01	1.000000	0
TESPA1	4	9.6711e-01	9.9610e-01	1.000000	0
LOC100129697	4	9.6717e-01	9.9610e-01	1.000000	0
EXOSC1	4	9.6721e-01	9.9610e-01	1.000000	0
RBAK-RBAKDN	4	9.6722e-01	9.9610e-01	1.000000	0
TEX13B	4	9.6726e-01	9.9610e-01	1.000000	0
MRPL27	4	9.6741e-01	9.9610e-01	1.000000	0
SMC4	4	9.6743e-01	9.9610e-01	1.000000	0
PSMC5	4	9.6748e-01	9.9610e-01	1.000000	0
BRMS1L	4	9.6753e-01	9.9610e-01	1.000000	0
GEMIN4	4	9.6754e-01	9.9610e-01	1.000000	0
B3GNT4	4	9.6755e-01	9.9610e-01	1.000000	0
CCDC84	4	9.6755e-01	9.9610e-01	1.000000	0
ARPP19	4	9.6755e-01	9.9610e-01	1.000000	0
PPIAL4G	4	9.6757e-01	9.9610e-01	1.000000	0
KIAA1024L	4	9.6762e-01	9.9610e-01	1.000000	0
MCM3AP	4	9.6780e-01	9.9610e-01	1.000000	0
PRAMEF7	4	9.6783e-01	9.9616e-01	1.000000	0
DLD	4	9.6789e-01	9.9616e-01	1.000000	0
PCDH18	4	9.6792e-01	9.9616e-01	1.000000	0
SPATA5L1	4	9.6794e-01	9.9616e-01	1.000000	0
CDK11A	4	9.6800e-01	9.9616e-01	1.000000	0
SART1	4	9.6806e-01	9.9616e-01	1.000000	0
SPTLC1	4	9.6808e-01	9.9616e-01	1.000000	0
TRAPPC2L	4	9.6815e-01	9.9616e-01	1.000000	0
ZNF207	4	9.6816e-01	9.9616e-01	1.000000	0
KRR1	4	9.6820e-01	9.9616e-01	1.000000	0
BCL2L1	4	9.6823e-01	9.9616e-01	1.000000	0
KIF22	4	9.6825e-01	9.9616e-01	1.000000	0
DDX19A	4	9.6826e-01	9.9616e-01	1.000000	0
KRTAP2-1	4	9.6835e-01	9.9616e-01	1.000000	0
ENGASE	4	9.6838e-01	9.9616e-01	1.000000	0
GAR1	4	9.6850e-01	9.9616e-01	1.000000	0
DR1	4	9.6856e-01	9.9616e-01	1.000000	0
PLSCR2	4	9.6862e-01	9.9616e-01	1.000000	0
ERCC6L	4	9.6862e-01	9.9616e-01	1.000000	0
HIST1H3C	4	9.6863e-01	9.9616e-01	1.000000	0
IGFBP4	4	9.6864e-01	9.9616e-01	1.000000	0
AK8	4	9.6869e-01	9.9616e-01	1.000000	0
MCM5	4	9.6876e-01	9.9622e-01	1.000000	0
BLVRA	4	9.6876e-01	9.9622e-01	1.000000	0
PPAN-P2RY11	4	9.6879e-01	9.9622e-01	1.000000	0
GPR153	4	9.6880e-01	9.9622e-01	1.000000	0
DHCR7	4	9.6894e-01	9.9627e-01	1.000000	0
CDC37	4	9.6913e-01	9.9627e-01	1.000000	0
PPIP5K2	4	9.6935e-01	9.9627e-01	1.000000	0
LPCAT3	4	9.6937e-01	9.9627e-01	1.000000	0
THOC7	4	9.6938e-01	9.9627e-01	1.000000	0
SEMA4B	4	9.6938e-01	9.9627e-01	1.000000	0
USP19	4	9.6939e-01	9.9627e-01	1.000000	0
TFPT	4	9.6940e-01	9.9627e-01	1.000000	0
CBWD1	3	9.6941e-01	9.9758e-01	1.000000	0
SCGB3A2	4	9.6950e-01	9.9627e-01	1.000000	0
TNS2	4	9.6962e-01	9.9627e-01	1.000000	0
BIRC7	4	9.6970e-01	9.9627e-01	1.000000	0
RPS6KB1	4	9.6972e-01	9.9627e-01	1.000000	0
GYPA	4	9.6978e-01	9.9627e-01	1.000000	0
TRIM61	4	9.6989e-01	9.9627e-01	1.000000	0
S100A14	4	9.6995e-01	9.9627e-01	1.000000	0
OR4F3	4	9.7010e-01	9.9627e-01	1.000000	0
RNASE11	4	9.7011e-01	9.9627e-01	1.000000	0
LOC730159	4	9.7012e-01	9.9627e-01	1.000000	0
RNASEH2A	4	9.7013e-01	9.9627e-01	1.000000	0
SEPSECS	4	9.7014e-01	9.9627e-01	1.000000	0
C17orf51	4	9.7016e-01	9.9627e-01	1.000000	0
SNAPC4	4	9.7021e-01	9.9627e-01	1.000000	0
XRCC4	4	9.7026e-01	9.9627e-01	1.000000	0
ABCA1	4	9.7034e-01	9.9627e-01	1.000000	0
CLK1	4	9.7036e-01	9.9627e-01	1.000000	0
FAM83B	4	9.7043e-01	9.9627e-01	1.000000	0
RBFA	4	9.7047e-01	9.9627e-01	1.000000	0
WDR83	4	9.7055e-01	9.9627e-01	1.000000	0
PLXNC1	4	9.7060e-01	9.9627e-01	1.000000	0
RAPH1	4	9.7061e-01	9.9627e-01	1.000000	0
SYK	4	9.7062e-01	9.9627e-01	1.000000	0
CXorf21	4	9.7066e-01	9.9627e-01	1.000000	0
TCF7	4	9.7086e-01	9.9638e-01	1.000000	0
PTPN4	4	9.7100e-01	9.9649e-01	1.000000	0
HECTD1	4	9.7103e-01	9.9649e-01	1.000000	0
TSHZ2	4	9.7110e-01	9.9654e-01	1.000000	0
WDR59	4	9.7112e-01	9.9654e-01	1.000000	0
GRAP	4	9.7113e-01	9.9654e-01	1.000000	0
RPL13	4	9.7113e-01	9.9654e-01	1.000000	0
SLC5A10	4	9.7128e-01	9.9654e-01	1.000000	0
FETUB	4	9.7137e-01	9.9660e-01	1.000000	0
SRSF10	4	9.7152e-01	9.9666e-01	1.000000	0
SHISA4	4	9.7168e-01	9.9671e-01	1.000000	0
GPRC5D	4	9.7172e-01	9.9677e-01	1.000000	0
MZT2A	4	9.7174e-01	9.9677e-01	1.000000	0
PHLPP2	4	9.7175e-01	9.9677e-01	1.000000	0
TUBA1B	4	9.7176e-01	9.9677e-01	1.000000	0
PRPF39	4	9.7179e-01	9.9677e-01	1.000000	0
CENPI	4	9.7185e-01	9.9677e-01	1.000000	0
TRIM45	4	9.7191e-01	9.9683e-01	1.000000	0
OST4	4	9.7194e-01	9.9688e-01	1.000000	0
TMC3	4	9.7207e-01	9.9688e-01	1.000000	0
ANKS4B	4	9.7209e-01	9.9688e-01	1.000000	0
TBCE	4	9.7219e-01	9.9688e-01	1.000000	0
TBC1D3K	4	9.7219e-01	9.9688e-01	1.000000	0
CPPED1	4	9.7226e-01	9.9688e-01	1.000000	0
MT1B	4	9.7227e-01	9.9688e-01	1.000000	0
HIST2H2BF	4	9.7228e-01	9.9688e-01	1.000000	0
RBM12B	4	9.7231e-01	9.9688e-01	1.000000	0
MARS2	4	9.7245e-01	9.9688e-01	1.000000	0
MRPL46	4	9.7249e-01	9.9688e-01	1.000000	0
PPP1R8	4	9.7255e-01	9.9688e-01	1.000000	0
DPH6	4	9.7255e-01	9.9688e-01	1.000000	0
BCDIN3D	4	9.7260e-01	9.9688e-01	1.000000	0
AGPAT1	4	9.7262e-01	9.9688e-01	1.000000	0
LAGE3	4	9.7262e-01	9.9688e-01	1.000000	0
CSAG3	4	9.7263e-01	9.9688e-01	1.000000	0
ARL6IP1	4	9.7264e-01	9.9688e-01	1.000000	0
DVL2	4	9.7265e-01	9.9688e-01	1.000000	0
HIST1H2BI	4	9.7265e-01	9.9688e-01	1.000000	0
RNASEH1	4	9.7277e-01	9.9688e-01	1.000000	0
SNRK	4	9.7278e-01	9.9688e-01	1.000000	0
COX4I2	4	9.7279e-01	9.9688e-01	1.000000	0
CLASRP	4	9.7286e-01	9.9688e-01	1.000000	0
PPP1CA	4	9.7292e-01	9.9688e-01	1.000000	0
MVP	4	9.7294e-01	9.9688e-01	1.000000	0
TRABD2A	4	9.7304e-01	9.9688e-01	1.000000	0
TWIST1	4	9.7311e-01	9.9688e-01	1.000000	0
FAM72A	4	9.7315e-01	9.9688e-01	1.000000	0
GTF3C3	4	9.7317e-01	9.9693e-01	1.000000	0
RPE	4	9.7318e-01	9.9693e-01	1.000000	0
TAF10	4	9.7331e-01	9.9693e-01	1.000000	0
GOLGA1	4	9.7340e-01	9.9693e-01	1.000000	0
TEFM	4	9.7348e-01	9.9697e-01	1.000000	0
EXOC1	4	9.7351e-01	9.9697e-01	1.000000	0
PPP1R3D	4	9.7353e-01	9.9702e-01	1.000000	0
DNAJC21	4	9.7355e-01	9.9702e-01	1.000000	0
AGAP5	4	9.7360e-01	9.9707e-01	1.000000	0
MED29	4	9.7361e-01	9.9707e-01	1.000000	0
DCTN2	4	9.7365e-01	9.9707e-01	1.000000	0
PAXBP1	4	9.7377e-01	9.9707e-01	1.000000	0
MTCH2	4	9.7380e-01	9.9707e-01	1.000000	0
CCBL2	4	9.7382e-01	9.9707e-01	1.000000	0
HNRNPD	4	9.7383e-01	9.9707e-01	1.000000	0
RAD21L1	4	9.7386e-01	9.9707e-01	1.000000	0
XXYLT1	4	9.7392e-01	9.9707e-01	1.000000	0
OR4L1	4	9.7394e-01	9.9707e-01	1.000000	0
TONSL	4	9.7401e-01	9.9707e-01	1.000000	0
FASTKD1	4	9.7408e-01	9.9707e-01	1.000000	0
LYVE1	4	9.7413e-01	9.9707e-01	1.000000	0
IRF7	4	9.7414e-01	9.9707e-01	1.000000	0
ZNF728	4	9.7416e-01	9.9707e-01	1.000000	0
LIN7C	4	9.7428e-01	9.9707e-01	1.000000	0
SEMA6C	4	9.7429e-01	9.9707e-01	1.000000	0
MOGS	4	9.7430e-01	9.9707e-01	1.000000	0
GSTA2	4	9.7433e-01	9.9707e-01	1.000000	0
RFX8	4	9.7446e-01	9.9712e-01	1.000000	0
CHKB	4	9.7448e-01	9.9712e-01	1.000000	0
ASB7	4	9.7454e-01	9.9712e-01	1.000000	0
THBS3	4	9.7463e-01	9.9712e-01	1.000000	0
ABHD12B	4	9.7467e-01	9.9712e-01	1.000000	0
PPP1R11	4	9.7468e-01	9.9712e-01	1.000000	0
RPL41	4	9.7471e-01	9.9712e-01	1.000000	0
SEC61B	4	9.7472e-01	9.9712e-01	1.000000	0
RAG1	4	9.7473e-01	9.9712e-01	1.000000	0
TTC26	4	9.7479e-01	9.9712e-01	1.000000	0
PRRG3	4	9.7481e-01	9.9712e-01	1.000000	0
PTRH1	4	9.7482e-01	9.9712e-01	1.000000	0
MRPS16	4	9.7487e-01	9.9712e-01	1.000000	0
MINOS1	4	9.7494e-01	9.9712e-01	1.000000	0
SCIN	4	9.7495e-01	9.9712e-01	1.000000	0
VPS37A	4	9.7502e-01	9.9717e-01	1.000000	0
VIT	4	9.7504e-01	9.9717e-01	1.000000	0
BTBD2	4	9.7516e-01	9.9717e-01	1.000000	0
APEX2	4	9.7516e-01	9.9717e-01	1.000000	0
DPF2	4	9.7520e-01	9.9717e-01	1.000000	0
APLP2	4	9.7545e-01	9.9717e-01	1.000000	0
POTEF	4	9.7555e-01	9.9717e-01	1.000000	0
TRAPPC2	4	9.7557e-01	9.9717e-01	1.000000	0
PMF1-BGLAP	4	9.7568e-01	9.9717e-01	1.000000	0
OMA1	4	9.7577e-01	9.9717e-01	1.000000	0
ZEB1	4	9.7579e-01	9.9717e-01	1.000000	0
SSUH2	4	9.7584e-01	9.9717e-01	1.000000	0
SMARCE1	4	9.7590e-01	9.9722e-01	1.000000	0
EXO5	4	9.7594e-01	9.9723e-01	1.000000	0
JMJD8	4	9.7596e-01	9.9723e-01	1.000000	0
CCDC171	4	9.7623e-01	9.9727e-01	1.000000	0
SNRNP27	4	9.7637e-01	9.9727e-01	1.000000	0
TLR4	4	9.7638e-01	9.9727e-01	1.000000	0
GHRH	4	9.7640e-01	9.9727e-01	1.000000	0
PTCD3	4	9.7654e-01	9.9732e-01	1.000000	0
ZC3H8	4	9.7665e-01	9.9732e-01	1.000000	0
NKAPL	4	9.7666e-01	9.9732e-01	1.000000	0
SSX1	4	9.7667e-01	9.9732e-01	1.000000	0
SLC22A7	4	9.7668e-01	9.9732e-01	1.000000	0
LENG9	4	9.7670e-01	9.9732e-01	1.000000	0
SLC25A46	4	9.7670e-01	9.9732e-01	1.000000	0
NSFL1C	4	9.7694e-01	9.9736e-01	1.000000	0
KIF1BP	4	9.7707e-01	9.9737e-01	1.000000	0
SLAIN1	4	9.7709e-01	9.9737e-01	1.000000	0
CCDC87	4	9.7711e-01	9.9737e-01	1.000000	0
TSPY1	4	9.7716e-01	9.9737e-01	1.000000	0
ARHGAP20	4	9.7727e-01	9.9740e-01	1.000000	0
RIC8A	4	9.7728e-01	9.9740e-01	1.000000	0
FZD3	4	9.7732e-01	9.9745e-01	1.000000	0
SEPTIN2	4	9.7737e-01	9.9745e-01	1.000000	0
SMR3A	4	9.7741e-01	9.9745e-01	1.000000	0
TTLL3	4	9.7753e-01	9.9745e-01	1.000000	0
PMVK	4	9.7756e-01	9.9750e-01	1.000000	0
THOC1	4	9.7757e-01	9.9750e-01	1.000000	0
MRPL55	4	9.7778e-01	9.9760e-01	1.000000	0
COQ6	4	9.7781e-01	9.9760e-01	1.000000	0
CHTF8	4	9.7781e-01	9.9760e-01	1.000000	0
LIG1	4	9.7788e-01	9.9760e-01	1.000000	0
SLFN14	4	9.7788e-01	9.9760e-01	1.000000	0
COX11	4	9.7790e-01	9.9760e-01	1.000000	0
CALML6	4	9.7793e-01	9.9760e-01	1.000000	0
EIF3J	4	9.7795e-01	9.9760e-01	1.000000	0
COL5A1	4	9.7797e-01	9.9765e-01	1.000000	0
AGO2	4	9.7808e-01	9.9769e-01	1.000000	0
MTURN	4	9.7813e-01	9.9769e-01	1.000000	0
GEN1	4	9.7817e-01	9.9769e-01	1.000000	0
RICTOR	4	9.7817e-01	9.9769e-01	1.000000	0
ALG2	4	9.7817e-01	9.9769e-01	1.000000	0
SNRPA1	4	9.7817e-01	9.9769e-01	1.000000	0
SLC27A4	4	9.7819e-01	9.9769e-01	1.000000	0
AMELY	4	9.7828e-01	9.9769e-01	1.000000	0
NUS1	4	9.7832e-01	9.9769e-01	1.000000	0
CHST10	4	9.7832e-01	9.9769e-01	1.000000	0
PCDHB4	4	9.7833e-01	9.9769e-01	1.000000	0
PPA2	4	9.7836e-01	9.9769e-01	1.000000	0
MFAP4	4	9.7843e-01	9.9769e-01	1.000000	0
FASN	4	9.7849e-01	9.9769e-01	1.000000	0
KRTAP17-1	4	9.7850e-01	9.9769e-01	1.000000	0
FAM25A	4	9.7862e-01	9.9774e-01	1.000000	0
DPH1	4	9.7868e-01	9.9774e-01	1.000000	0
PDE7B	4	9.7870e-01	9.9774e-01	1.000000	0
TMEM259	4	9.7871e-01	9.9774e-01	1.000000	0
MYCBP	4	9.7877e-01	9.9778e-01	1.000000	0
REEP2	4	9.7880e-01	9.9778e-01	1.000000	0
P2RY14	4	9.7892e-01	9.9778e-01	1.000000	0
GTPBP10	4	9.7892e-01	9.9778e-01	1.000000	0
HIST2H3A	4	9.7893e-01	9.9778e-01	1.000000	0
AKAP13	4	9.7896e-01	9.9778e-01	1.000000	0
PRKAR1A	4	9.7901e-01	9.9778e-01	1.000000	0
UBE2G1	4	9.7912e-01	9.9778e-01	1.000000	0
NUTF2	4	9.7912e-01	9.9778e-01	1.000000	0
IPO9	4	9.7927e-01	9.9778e-01	1.000000	0
CMSS1	4	9.7928e-01	9.9778e-01	1.000000	0
CCM2	4	9.7947e-01	9.9786e-01	1.000000	0
ZNF675	4	9.7949e-01	9.9786e-01	1.000000	0
MRPL22	4	9.7964e-01	9.9786e-01	1.000000	0
CD2BP2	4	9.7973e-01	9.9791e-01	1.000000	0
HAUS2	4	9.7980e-01	9.9791e-01	1.000000	0
NHSL2	4	9.7981e-01	9.9791e-01	1.000000	0
MTX2	4	9.7984e-01	9.9791e-01	1.000000	0
DLST	4	9.7985e-01	9.9795e-01	1.000000	0
FBXO32	4	9.7986e-01	9.9795e-01	1.000000	0
MRPS10	4	9.7992e-01	9.9799e-01	1.000000	0
ALG11	4	9.8000e-01	9.9799e-01	1.000000	0
NSF	4	9.8001e-01	9.9799e-01	1.000000	0
IFNA14	4	9.8002e-01	9.9799e-01	1.000000	0
ANAPC7	4	9.8003e-01	9.9799e-01	1.000000	0
ZNF730	4	9.8006e-01	9.9799e-01	1.000000	0
MRPL23	4	9.8014e-01	9.9799e-01	1.000000	0
CYHR1	4	9.8019e-01	9.9799e-01	1.000000	0
SF3B3	4	9.8021e-01	9.9799e-01	1.000000	0
WHAMM	4	9.8034e-01	9.9799e-01	1.000000	0
SNIP1	4	9.8035e-01	9.9802e-01	1.000000	0
MRPL54	4	9.8038e-01	9.9806e-01	1.000000	0
PHF7	4	9.8039e-01	9.9806e-01	1.000000	0
FAM104A	4	9.8040e-01	9.9806e-01	1.000000	0
MTERF4	4	9.8041e-01	9.9806e-01	1.000000	0
MYOT	4	9.8047e-01	9.9806e-01	1.000000	0
SLC36A2	4	9.8054e-01	9.9814e-01	1.000000	0
PAPOLA	4	9.8060e-01	9.9814e-01	1.000000	0
TARS	4	9.8070e-01	9.9814e-01	1.000000	0
SREK1	4	9.8072e-01	9.9814e-01	1.000000	0
ENTPD7	4	9.8073e-01	9.9814e-01	1.000000	0
DAP3	4	9.8077e-01	9.9814e-01	1.000000	0
RASL12	4	9.8079e-01	9.9814e-01	1.000000	0
NUPL1	4	9.8083e-01	9.9814e-01	1.000000	0
SMARCA5	4	9.8094e-01	9.9814e-01	1.000000	0
RNF145	4	9.8095e-01	9.9814e-01	1.000000	0
ANKHD1	4	9.8114e-01	9.9814e-01	1.000000	0
CRP	4	9.8116e-01	9.9814e-01	1.000000	0
INTS2	4	9.8124e-01	9.9814e-01	1.000000	0
DDRGK1	4	9.8125e-01	9.9814e-01	1.000000	0
RNASE4	4	9.8134e-01	9.9814e-01	1.000000	0
GSTM2	4	9.8138e-01	9.9814e-01	1.000000	0
SAMD4B	4	9.8139e-01	9.9814e-01	1.000000	0
PCDHB10	4	9.8145e-01	9.9814e-01	1.000000	0
EIF4EBP3	4	9.8151e-01	9.9814e-01	1.000000	0
PDGFRB	4	9.8153e-01	9.9814e-01	1.000000	0
DLEC1	4	9.8153e-01	9.9814e-01	1.000000	0
CLNS1A	4	9.8156e-01	9.9814e-01	1.000000	0
ANKRD13C	4	9.8161e-01	9.9814e-01	1.000000	0
MRPS22	4	9.8163e-01	9.9814e-01	1.000000	0
EIF3M	4	9.8172e-01	9.9814e-01	1.000000	0
KRT72	4	9.8177e-01	9.9814e-01	1.000000	0
CKAP5	4	9.8178e-01	9.9814e-01	1.000000	0
WASF2	4	9.8179e-01	9.9814e-01	1.000000	0
RAB6A	4	9.8186e-01	9.9814e-01	1.000000	0
TPPP2	4	9.8189e-01	9.9814e-01	1.000000	0
KIAA1429	4	9.8196e-01	9.9814e-01	1.000000	0
ORC5	4	9.8199e-01	9.9814e-01	1.000000	0
RACGAP1	4	9.8201e-01	9.9814e-01	1.000000	0
SMG9	4	9.8203e-01	9.9814e-01	1.000000	0
OSTF1	4	9.8204e-01	9.9814e-01	1.000000	0
INTS4	4	9.8215e-01	9.9814e-01	1.000000	0
GET4	4	9.8228e-01	9.9814e-01	1.000000	0
ANKRD20A4	4	9.8230e-01	9.9814e-01	1.000000	0
DRGX	4	9.8230e-01	9.9814e-01	1.000000	0
AMHR2	4	9.8250e-01	9.9827e-01	1.000000	0
SLC30A9	4	9.8257e-01	9.9831e-01	1.000000	0
TLDC1	4	9.8263e-01	9.9831e-01	1.000000	0
RPTN	4	9.8268e-01	9.9835e-01	1.000000	0
BIK	4	9.8277e-01	9.9835e-01	1.000000	0
CST9L	4	9.8278e-01	9.9835e-01	1.000000	0
PPP6C	4	9.8280e-01	9.9838e-01	1.000000	0
ASB4	4	9.8287e-01	9.9838e-01	1.000000	0
MARCHF7	4	9.8301e-01	9.9845e-01	1.000000	0
ILK	4	9.8304e-01	9.9845e-01	1.000000	0
LOC389895	4	9.8306e-01	9.9845e-01	1.000000	0
COL4A3BP	4	9.8306e-01	9.9845e-01	1.000000	0
MYOF	4	9.8308e-01	9.9849e-01	1.000000	0
BRI3BP	4	9.8313e-01	9.9849e-01	1.000000	0
IER5L	4	9.8313e-01	9.9849e-01	1.000000	0
STAT3	4	9.8314e-01	9.9849e-01	1.000000	0
BARHL2	4	9.8317e-01	9.9849e-01	1.000000	0
LRRC38	4	9.8319e-01	9.9849e-01	1.000000	0
ADAM33	4	9.8319e-01	9.9849e-01	1.000000	0
CDK18	4	9.8322e-01	9.9849e-01	1.000000	0
VN1R5	4	9.8332e-01	9.9849e-01	1.000000	0
NSMCE4A	4	9.8347e-01	9.9855e-01	1.000000	0
MINOS1-NBL1	4	9.8352e-01	9.9855e-01	1.000000	0
RECQL4	4	9.8354e-01	9.9855e-01	1.000000	0
ORC3	4	9.8355e-01	9.9855e-01	1.000000	0
MRPS7	4	9.8357e-01	9.9855e-01	1.000000	0
OR4F17	4	9.8362e-01	9.9865e-01	1.000000	0
APTX	4	9.8371e-01	9.9871e-01	1.000000	0
COPZ1	4	9.8376e-01	9.9871e-01	1.000000	0
GADD45GIP1	4	9.8381e-01	9.9871e-01	1.000000	0
BRIX1	4	9.8383e-01	9.9871e-01	1.000000	0
SLC39A7	4	9.8383e-01	9.9871e-01	1.000000	0
ANKFN1	4	9.8385e-01	9.9873e-01	1.000000	0
TBC1D3L	4	9.8388e-01	9.9873e-01	1.000000	0
USP37	4	9.8390e-01	9.9873e-01	1.000000	0
FAM98B	4	9.8391e-01	9.9873e-01	1.000000	0
PCNXL3	4	9.8395e-01	9.9875e-01	1.000000	0
LDLRAP1	4	9.8396e-01	9.9875e-01	1.000000	0
POLR3E	4	9.8401e-01	9.9875e-01	1.000000	0
MRPS17	4	9.8401e-01	9.9875e-01	1.000000	0
TFAP4	4	9.8405e-01	9.9875e-01	1.000000	0
SERPINB6	4	9.8409e-01	9.9875e-01	1.000000	0
PSMG2	4	9.8419e-01	9.9878e-01	1.000000	0
RCL1	4	9.8428e-01	9.9883e-01	1.000000	0
OR11H1	4	9.8431e-01	9.9883e-01	1.000000	0
LYRM5	4	9.8434e-01	9.9888e-01	1.000000	0
MYO9B	4	9.8443e-01	9.9888e-01	1.000000	0
ACTR1A	4	9.8443e-01	9.9888e-01	1.000000	0
GINM1	4	9.8444e-01	9.9888e-01	1.000000	0
SLC9A3	4	9.8457e-01	9.9892e-01	1.000000	0
FAM111A	4	9.8459e-01	9.9892e-01	1.000000	0
LOC441155	4	9.8461e-01	9.9892e-01	1.000000	0
PRAMEF9	4	9.8462e-01	9.9892e-01	1.000000	0
HSF4	4	9.8465e-01	9.9892e-01	1.000000	0
NDUFAF2	4	9.8468e-01	9.9892e-01	1.000000	0
COG7	4	9.8475e-01	9.9892e-01	1.000000	0
FIS1	4	9.8478e-01	9.9892e-01	1.000000	0
MAGEA9B	4	9.8482e-01	9.9892e-01	1.000000	0
RBM28	4	9.8485e-01	9.9892e-01	1.000000	0
C16orf62	4	9.8489e-01	9.9892e-01	1.000000	0
ABCB9	4	9.8498e-01	9.9892e-01	1.000000	0
BCAP31	4	9.8501e-01	9.9895e-01	1.000000	0
NHLRC4	4	9.8512e-01	9.9897e-01	1.000000	0
RPL6	4	9.8516e-01	9.9897e-01	1.000000	0
FMNL3	4	9.8520e-01	9.9897e-01	1.000000	0
NTPCR	4	9.8523e-01	9.9897e-01	1.000000	0
ZNF19	4	9.8537e-01	9.9900e-01	1.000000	0
NPFFR2	4	9.8537e-01	9.9900e-01	1.000000	0
ANKRD17	4	9.8545e-01	9.9902e-01	1.000000	0
ANAPC10	4	9.8547e-01	9.9902e-01	1.000000	0
CER1	4	9.8553e-01	9.9903e-01	1.000000	0
ENY2	4	9.8555e-01	9.9903e-01	1.000000	0
YWHAQ	4	9.8559e-01	9.9903e-01	1.000000	0
RABGEF1	4	9.8568e-01	9.9905e-01	1.000000	0
MRPL12	4	9.8569e-01	9.9905e-01	1.000000	0
POLR3K	4	9.8571e-01	9.9907e-01	1.000000	0
ACTR8	4	9.8577e-01	9.9907e-01	1.000000	0
PSMA1	4	9.8578e-01	9.9907e-01	1.000000	0
WDR1	4	9.8580e-01	9.9908e-01	1.000000	0
NSRP1	4	9.8590e-01	9.9912e-01	1.000000	0
ZNF100	4	9.8591e-01	9.9914e-01	1.000000	0
URB2	4	9.8593e-01	9.9914e-01	1.000000	0
PARP14	4	9.8594e-01	9.9916e-01	1.000000	0
RPS6KL1	4	9.8596e-01	9.9916e-01	1.000000	0
SLAMF1	4	9.8605e-01	9.9920e-01	1.000000	0
SLX4	4	9.8613e-01	9.9920e-01	1.000000	0
GOLGA6L4	4	9.8617e-01	9.9920e-01	1.000000	0
PTPN1	4	9.8626e-01	9.9920e-01	1.000000	0
RGPD5	4	9.8627e-01	9.9920e-01	1.000000	0
KRTAP21-3	4	9.8631e-01	9.9920e-01	1.000000	0
FANCA	4	9.8632e-01	9.9920e-01	1.000000	0
MCMBP	4	9.8635e-01	9.9920e-01	1.000000	0
RAP1GDS1	4	9.8635e-01	9.9920e-01	1.000000	0
RBBP4	4	9.8636e-01	9.9920e-01	1.000000	0
SPATA31A3	4	9.8642e-01	9.9921e-01	1.000000	0
MRPL57	4	9.8650e-01	9.9923e-01	1.000000	0
IMMP2L	4	9.8652e-01	9.9923e-01	1.000000	0
INTS12	4	9.8657e-01	9.9923e-01	1.000000	0
RPS19BP1	4	9.8658e-01	9.9923e-01	1.000000	0
HNRNPU	4	9.8660e-01	9.9923e-01	1.000000	0
TMEM199	4	9.8661e-01	9.9923e-01	1.000000	0
LSM10	4	9.8662e-01	9.9923e-01	1.000000	0
AKIRIN2	4	9.8665e-01	9.9923e-01	1.000000	0
GFER	4	9.8666e-01	9.9923e-01	1.000000	0
PHACTR1	4	9.8671e-01	9.9923e-01	1.000000	0
CCL4	4	9.8675e-01	9.9923e-01	1.000000	0
SPRR2G	4	9.8677e-01	9.9923e-01	1.000000	0
MRPL20	4	9.8680e-01	9.9923e-01	1.000000	0
VCX3B	4	9.8682e-01	9.9925e-01	1.000000	0
NMD3	4	9.8686e-01	9.9925e-01	1.000000	0
HIST1H2AJ	4	9.8689e-01	9.9926e-01	1.000000	0
CHEK1	4	9.8691e-01	9.9926e-01	1.000000	0
GYPB	4	9.8695e-01	9.9927e-01	1.000000	0
ZC3H10	4	9.8699e-01	9.9931e-01	1.000000	0
RPL7A	4	9.8700e-01	9.9931e-01	1.000000	0
TARS2	4	9.8703e-01	9.9931e-01	1.000000	0
CDC25B	4	9.8706e-01	9.9931e-01	1.000000	0
UXS1	4	9.8709e-01	9.9931e-01	1.000000	0
RBBP8	4	9.8718e-01	9.9932e-01	1.000000	0
CENPQ	4	9.8719e-01	9.9932e-01	1.000000	0
OXER1	4	9.8720e-01	9.9932e-01	1.000000	0
C3orf58	4	9.8724e-01	9.9932e-01	1.000000	0
GTF2F2	3	9.8739e-01	9.9975e-01	1.000000	0
MTERF3	4	9.8739e-01	9.9932e-01	1.000000	0
SCARB2	4	9.8743e-01	9.9932e-01	1.000000	0
MRPL4	4	9.8746e-01	9.9932e-01	1.000000	0
CD69	4	9.8752e-01	9.9936e-01	1.000000	0
MRPL28	4	9.8754e-01	9.9936e-01	1.000000	0
GOLGA6L6	4	9.8764e-01	9.9938e-01	1.000000	0
PDCD5	4	9.8771e-01	9.9940e-01	1.000000	0
ZBTB11	4	9.8785e-01	9.9944e-01	1.000000	0
ZNF706	4	9.8786e-01	9.9944e-01	1.000000	0
INHBC	4	9.8791e-01	9.9945e-01	1.000000	0
OLFM4	4	9.8806e-01	9.9947e-01	1.000000	0
TMEM74	4	9.8814e-01	9.9948e-01	1.000000	0
BANF1	4	9.8829e-01	9.9948e-01	1.000000	0
GBF1	4	9.8830e-01	9.9949e-01	1.000000	0
OR4C16	4	9.8833e-01	9.9950e-01	1.000000	0
CLASP1	4	9.8834e-01	9.9950e-01	1.000000	0
PACS2	4	9.8834e-01	9.9950e-01	1.000000	0
CFHR5	4	9.8835e-01	9.9950e-01	1.000000	0
RAD23B	4	9.8847e-01	9.9951e-01	1.000000	0
WFIKKN1	4	9.8848e-01	9.9951e-01	1.000000	0
INTS6	4	9.8852e-01	9.9953e-01	1.000000	0
KIAA0196	4	9.8854e-01	9.9953e-01	1.000000	0
NHP2L1	4	9.8858e-01	9.9953e-01	1.000000	0
MCRS1	4	9.8863e-01	9.9953e-01	1.000000	0
ASPA	4	9.8866e-01	9.9953e-01	1.000000	0
IL6ST	4	9.8866e-01	9.9953e-01	1.000000	0
ADGRG6	4	9.8871e-01	9.9955e-01	1.000000	0
MYBBP1A	4	9.8879e-01	9.9955e-01	1.000000	0
ERH	4	9.8889e-01	9.9955e-01	1.000000	0
LRCH3	4	9.8892e-01	9.9955e-01	1.000000	0
TMEM251	4	9.8908e-01	9.9956e-01	1.000000	0
EEF2	4	9.8912e-01	9.9956e-01	1.000000	0
RIC1	4	9.8914e-01	9.9956e-01	1.000000	0
TUBA1C	4	9.8914e-01	9.9956e-01	1.000000	0
ZNF229	4	9.8932e-01	9.9960e-01	1.000000	0
OXCT2	4	9.8934e-01	9.9960e-01	1.000000	0
HIST1H2BN	4	9.8934e-01	9.9960e-01	1.000000	0
ATP11A	4	9.8935e-01	9.9960e-01	1.000000	0
PSMA4	4	9.8945e-01	9.9961e-01	1.000000	0
CTU1	4	9.8945e-01	9.9961e-01	1.000000	0
POLE4	4	9.8950e-01	9.9962e-01	1.000000	0
ZBTB7B	4	9.8959e-01	9.9962e-01	1.000000	0
GTF2F1	4	9.8961e-01	9.9962e-01	1.000000	0
NFYB	4	9.8962e-01	9.9962e-01	1.000000	0
DNM1L	4	9.8972e-01	9.9962e-01	1.000000	0
TPT1	4	9.8973e-01	9.9962e-01	1.000000	0
WBSCR16	4	9.8976e-01	9.9963e-01	1.000000	0
ZNF827	4	9.8987e-01	9.9964e-01	1.000000	0
NUP88	4	9.8989e-01	9.9964e-01	1.000000	0
CLDN6	4	9.8991e-01	9.9964e-01	1.000000	0
BRD4	4	9.8991e-01	9.9964e-01	1.000000	0
DNTTIP1	4	9.8995e-01	9.9964e-01	1.000000	0
SYMPK	4	9.8999e-01	9.9964e-01	1.000000	0
MRPS18A	4	9.9005e-01	9.9964e-01	1.000000	0
IQCJ	4	9.9012e-01	9.9964e-01	1.000000	0
GATC	4	9.9013e-01	9.9964e-01	1.000000	0
TUBGCP6	4	9.9020e-01	9.9965e-01	1.000000	0
MRPL16	4	9.9020e-01	9.9965e-01	1.000000	0
RPL7L1	4	9.9021e-01	9.9966e-01	1.000000	0
NDC1	4	9.9023e-01	9.9966e-01	1.000000	0
SLC25A26	4	9.9029e-01	9.9967e-01	1.000000	0
EXOC2	4	9.9030e-01	9.9967e-01	1.000000	0
USP36	4	9.9031e-01	9.9967e-01	1.000000	0
CLSPN	4	9.9031e-01	9.9967e-01	1.000000	0
PSMB4	4	9.9032e-01	9.9967e-01	1.000000	0
SRSF3	4	9.9033e-01	9.9967e-01	1.000000	0
UBE2G2	4	9.9035e-01	9.9967e-01	1.000000	0
CLEC14A	4	9.9036e-01	9.9967e-01	1.000000	0
SYNDIG1	4	9.9039e-01	9.9968e-01	1.000000	0
LCE1B	4	9.9041e-01	9.9968e-01	1.000000	0
LAMTOR3	4	9.9043e-01	9.9969e-01	1.000000	0
CCZ1	4	9.9044e-01	9.9969e-01	1.000000	0
SLC35B1	4	9.9044e-01	9.9969e-01	1.000000	0
ARFGEF2	4	9.9049e-01	9.9969e-01	1.000000	0
FXYD5	4	9.9053e-01	9.9969e-01	1.000000	0
TAPT1	4	9.9058e-01	9.9969e-01	1.000000	0
PFN1	4	9.9059e-01	9.9969e-01	1.000000	0
TADA2A	4	9.9066e-01	9.9969e-01	1.000000	0
TMEM202	4	9.9066e-01	9.9969e-01	1.000000	0
KRTAP5-6	4	9.9067e-01	9.9969e-01	1.000000	0
ZNF479	4	9.9073e-01	9.9969e-01	1.000000	0
GATSL2	4	9.9075e-01	9.9969e-01	1.000000	0
FANCE	4	9.9077e-01	9.9969e-01	1.000000	0
MEN1	4	9.9078e-01	9.9969e-01	1.000000	0
PCDHA2	4	9.9078e-01	9.9969e-01	1.000000	0
BUD13	4	9.9083e-01	9.9969e-01	1.000000	0
POLD2	4	9.9084e-01	9.9969e-01	1.000000	0
DCTN1	4	9.9084e-01	9.9969e-01	1.000000	0
PAQR4	4	9.9088e-01	9.9969e-01	1.000000	0
GTF2H4	4	9.9092e-01	9.9970e-01	1.000000	0
ZNF672	4	9.9097e-01	9.9970e-01	1.000000	0
HAUS1	4	9.9098e-01	9.9970e-01	1.000000	0
EFTUD1	4	9.9105e-01	9.9971e-01	1.000000	0
STIL	4	9.9107e-01	9.9972e-01	1.000000	0
SLC35C1	4	9.9108e-01	9.9972e-01	1.000000	0
GOLGA8J	4	9.9112e-01	9.9972e-01	1.000000	0
GTF2A1	4	9.9121e-01	9.9972e-01	1.000000	0
ZBTB40	4	9.9126e-01	9.9972e-01	1.000000	0
RBM22	4	9.9129e-01	9.9972e-01	1.000000	0
UPF1	4	9.9129e-01	9.9972e-01	1.000000	0
SNRPE	4	9.9134e-01	9.9973e-01	1.000000	0
RPL14	4	9.9139e-01	9.9973e-01	1.000000	0
POLRMT	4	9.9139e-01	9.9973e-01	1.000000	0
MTBP	4	9.9139e-01	9.9973e-01	1.000000	0
MAPKAPK2	4	9.9143e-01	9.9973e-01	1.000000	0
SLC43A3	4	9.9144e-01	9.9973e-01	1.000000	0
SCYL3	4	9.9145e-01	9.9974e-01	1.000000	0
MTHFR	4	9.9146e-01	9.9974e-01	1.000000	0
GPR33	4	9.9147e-01	9.9974e-01	1.000000	0
CCDC101	4	9.9149e-01	9.9975e-01	1.000000	0
SF3B4	4	9.9157e-01	9.9976e-01	1.000000	0
POP4	4	9.9164e-01	9.9976e-01	1.000000	0
SPPL3	4	9.9169e-01	9.9976e-01	1.000000	0
POLR1D	4	9.9172e-01	9.9976e-01	1.000000	0
PSMC4	4	9.9179e-01	9.9977e-01	1.000000	0
RNF25	4	9.9180e-01	9.9977e-01	1.000000	0
SIN3A	4	9.9180e-01	9.9977e-01	1.000000	0
SLIT2	4	9.9181e-01	9.9977e-01	1.000000	0
FEM1C	4	9.9181e-01	9.9977e-01	1.000000	0
ABCD3	4	9.9182e-01	9.9977e-01	1.000000	0
POTEC	4	9.9184e-01	9.9977e-01	1.000000	0
H2AFB3	4	9.9189e-01	9.9977e-01	1.000000	0
RNASEK	4	9.9190e-01	9.9977e-01	1.000000	0
UBE2L3	4	9.9191e-01	9.9977e-01	1.000000	0
HSPA14	4	9.9191e-01	9.9977e-01	1.000000	0
CFC1	4	9.9192e-01	9.9977e-01	1.000000	0
ATXN2	4	9.9197e-01	9.9977e-01	1.000000	0
CATIP	4	9.9199e-01	9.9977e-01	1.000000	0
PIGU	4	9.9200e-01	9.9977e-01	1.000000	0
EIF3F	4	9.9202e-01	9.9977e-01	1.000000	0
NDUFAB1	4	9.9203e-01	9.9977e-01	1.000000	0
ISG20L2	4	9.9203e-01	9.9977e-01	1.000000	0
PIH1D1	4	9.9205e-01	9.9978e-01	1.000000	0
LSM4	4	9.9206e-01	9.9978e-01	1.000000	0
EXOC7	4	9.9206e-01	9.9978e-01	1.000000	0
LOC100131303	4	9.9207e-01	9.9978e-01	1.000000	0
CCDC64	4	9.9213e-01	9.9980e-01	1.000000	0
RNF40	4	9.9215e-01	9.9980e-01	1.000000	0
ASCC3	4	9.9216e-01	9.9980e-01	1.000000	0
ZBTB41	4	9.9221e-01	9.9980e-01	1.000000	0
MRPL13	4	9.9226e-01	9.9980e-01	1.000000	0
DCLRE1B	4	9.9227e-01	9.9980e-01	1.000000	0
IGDCC4	4	9.9231e-01	9.9981e-01	1.000000	0
TNPO1	4	9.9246e-01	9.9982e-01	1.000000	0
ZC3H18	4	9.9251e-01	9.9982e-01	1.000000	0
CDC42EP4	4	9.9252e-01	9.9982e-01	1.000000	0
MRPS12	4	9.9270e-01	9.9982e-01	1.000000	0
ZNRD1	4	9.9272e-01	9.9982e-01	1.000000	0
DDX27	4	9.9273e-01	9.9982e-01	1.000000	0
CCDC94	4	9.9278e-01	9.9982e-01	1.000000	0
SLC7A5	4	9.9279e-01	9.9982e-01	1.000000	0
FAM181B	4	9.9281e-01	9.9982e-01	1.000000	0
MRRF	4	9.9284e-01	9.9983e-01	1.000000	0
PPM1E	4	9.9290e-01	9.9983e-01	1.000000	0
PMPCA	4	9.9291e-01	9.9983e-01	1.000000	0
PREX1	4	9.9292e-01	9.9983e-01	1.000000	0
ESYT1	4	9.9294e-01	9.9983e-01	1.000000	0
COX4I1	4	9.9299e-01	9.9984e-01	1.000000	0
CFDP1	4	9.9306e-01	9.9984e-01	1.000000	0
CPSF3L	4	9.9308e-01	9.9984e-01	1.000000	0
NUP62	4	9.9313e-01	9.9985e-01	1.000000	0
CENPL	4	9.9316e-01	9.9985e-01	1.000000	0
COPS8	4	9.9316e-01	9.9985e-01	1.000000	0
NUBP1	4	9.9319e-01	9.9985e-01	1.000000	0
WDR26	4	9.9322e-01	9.9985e-01	1.000000	0
URM1	3	9.9327e-01	9.9996e-01	1.000000	0
DDX49	4	9.9329e-01	9.9985e-01	1.000000	0
EMG1	4	9.9332e-01	9.9985e-01	1.000000	0
CSTF1	4	9.9332e-01	9.9985e-01	1.000000	0
SKA1	4	9.9337e-01	9.9986e-01	1.000000	0
UBE2D3	4	9.9341e-01	9.9986e-01	1.000000	0
ZNF215	4	9.9349e-01	9.9986e-01	1.000000	0
BCAR3	4	9.9353e-01	9.9986e-01	1.000000	0
PXN	4	9.9358e-01	9.9986e-01	1.000000	0
BRD2	4	9.9361e-01	9.9986e-01	1.000000	0
CHMP6	4	9.9363e-01	9.9986e-01	1.000000	0
GOSR1	4	9.9365e-01	9.9986e-01	1.000000	0
FAM25G	4	9.9370e-01	9.9986e-01	1.000000	0
ESPL1	4	9.9373e-01	9.9987e-01	1.000000	0
TAF4	4	9.9373e-01	9.9987e-01	1.000000	0
SLC7A6OS	4	9.9376e-01	9.9987e-01	1.000000	0
GSPT1	4	9.9378e-01	9.9987e-01	1.000000	0
PRKRA	4	9.9378e-01	9.9987e-01	1.000000	0
FUT8	4	9.9383e-01	9.9987e-01	1.000000	0
UFL1	4	9.9388e-01	9.9987e-01	1.000000	0
SRPRB	4	9.9390e-01	9.9987e-01	1.000000	0
NSUN2	4	9.9391e-01	9.9988e-01	1.000000	0
HAPLN4	4	9.9402e-01	9.9990e-01	1.000000	0
DYNLRB1	4	9.9408e-01	9.9990e-01	1.000000	0
ZMAT2	4	9.9408e-01	9.9990e-01	1.000000	0
POTEB2	4	9.9413e-01	9.9990e-01	1.000000	0
CCNK	4	9.9418e-01	9.9990e-01	1.000000	0
RPL32	4	9.9419e-01	9.9990e-01	1.000000	0
IPO7	4	9.9422e-01	9.9990e-01	1.000000	0
RPL30	4	9.9423e-01	9.9990e-01	1.000000	0
GAGE2D	4	9.9429e-01	9.9991e-01	1.000000	0
LCE1A	4	9.9436e-01	9.9991e-01	1.000000	0
GPR157	4	9.9443e-01	9.9992e-01	1.000000	0
ATP5G1	4	9.9446e-01	9.9992e-01	1.000000	0
CDC20	4	9.9448e-01	9.9992e-01	1.000000	0
KDELR2	4	9.9450e-01	9.9992e-01	1.000000	0
TTC27	4	9.9451e-01	9.9992e-01	1.000000	0
PGD	4	9.9455e-01	9.9992e-01	1.000000	0
KIAA0020	4	9.9457e-01	9.9992e-01	1.000000	0
SPCS2	4	9.9458e-01	9.9992e-01	1.000000	0
TAF13	4	9.9459e-01	9.9992e-01	1.000000	0
FBXO44	4	9.9459e-01	9.9992e-01	1.000000	0
PGS1	4	9.9462e-01	9.9992e-01	1.000000	0
LDAH	4	9.9466e-01	9.9992e-01	1.000000	0
DPY30	4	9.9467e-01	9.9992e-01	1.000000	0
WNK4	4	9.9472e-01	9.9993e-01	1.000000	0
EIF4G2	4	9.9473e-01	9.9993e-01	1.000000	0
IST1	4	9.9474e-01	9.9993e-01	1.000000	0
RPUSD4	4	9.9477e-01	9.9993e-01	1.000000	0
CCDC53	4	9.9478e-01	9.9993e-01	1.000000	0
URI1	4	9.9480e-01	9.9994e-01	1.000000	0
FAM160B1	4	9.9484e-01	9.9994e-01	1.000000	0
C1orf210	4	9.9485e-01	9.9994e-01	1.000000	0
ZNF212	4	9.9485e-01	9.9994e-01	1.000000	0
PTPRN	4	9.9486e-01	9.9994e-01	1.000000	0
PCBP1	4	9.9490e-01	9.9994e-01	1.000000	0
PUS3	4	9.9494e-01	9.9994e-01	1.000000	0
MRPL21	4	9.9496e-01	9.9994e-01	1.000000	0
LOC79999	4	9.9499e-01	9.9994e-01	1.000000	0
BTAF1	4	9.9499e-01	9.9994e-01	1.000000	0
DDX5	4	9.9503e-01	9.9994e-01	1.000000	0
ZNF92	4	9.9503e-01	9.9994e-01	1.000000	0
POLR2H	4	9.9505e-01	9.9995e-01	1.000000	0
GPR182	4	9.9505e-01	9.9995e-01	1.000000	0
MECR	4	9.9509e-01	9.9995e-01	1.000000	0
BICD2	4	9.9512e-01	9.9995e-01	1.000000	0
URB1	4	9.9514e-01	9.9995e-01	1.000000	0
ZFC3H1	4	9.9515e-01	9.9995e-01	1.000000	0
NUP93	4	9.9516e-01	9.9995e-01	1.000000	0
MOG	4	9.9518e-01	9.9995e-01	1.000000	0
ABHD12	4	9.9519e-01	9.9995e-01	1.000000	0
GDE1	4	9.9520e-01	9.9995e-01	1.000000	0
MRPL14	4	9.9526e-01	9.9995e-01	1.000000	0
PSTK	4	9.9527e-01	9.9995e-01	1.000000	0
TPR	4	9.9530e-01	9.9995e-01	1.000000	0
TAF1	4	9.9530e-01	9.9995e-01	1.000000	0
ATP5A1	4	9.9530e-01	9.9995e-01	1.000000	0
RFWD2	4	9.9533e-01	9.9995e-01	1.000000	0
KHDRBS1	4	9.9537e-01	9.9995e-01	1.000000	0
SEC11A	4	9.9539e-01	9.9995e-01	1.000000	0
COMMD3	4	9.9541e-01	9.9995e-01	1.000000	0
LSM12	4	9.9543e-01	9.9995e-01	1.000000	0
KMT2B	4	9.9543e-01	9.9995e-01	1.000000	0
RRS1	4	9.9547e-01	9.9996e-01	1.000000	0
ZGPAT	4	9.9553e-01	9.9996e-01	1.000000	0
MTG1	4	9.9555e-01	9.9996e-01	1.000000	0
HBS1L	4	9.9556e-01	9.9996e-01	1.000000	0
NARS2	4	9.9560e-01	9.9996e-01	1.000000	0
XRN1	4	9.9564e-01	9.9996e-01	1.000000	0
LAS1L	4	9.9565e-01	9.9996e-01	1.000000	0
SENP2	4	9.9566e-01	9.9996e-01	1.000000	0
CT47A2	4	9.9572e-01	9.9997e-01	1.000000	0
YME1L1	4	9.9576e-01	9.9997e-01	1.000000	0
TTK	4	9.9582e-01	9.9997e-01	1.000000	0
PTPN23	4	9.9587e-01	9.9997e-01	1.000000	0
SNAPC2	4	9.9590e-01	9.9997e-01	1.000000	0
ZFP69	4	9.9594e-01	9.9997e-01	1.000000	0
DOLK	4	9.9594e-01	9.9997e-01	1.000000	0
ELAC2	4	9.9594e-01	9.9997e-01	1.000000	0
MARK3	4	9.9596e-01	9.9997e-01	1.000000	0
POLG2	4	9.9598e-01	9.9997e-01	1.000000	0
RNF20	4	9.9599e-01	9.9997e-01	1.000000	0
RBBP6	4	9.9601e-01	9.9997e-01	1.000000	0
CDC27	4	9.9603e-01	9.9997e-01	1.000000	0
EIF5B	4	9.9604e-01	9.9997e-01	1.000000	0
LSM2	4	9.9606e-01	9.9997e-01	1.000000	0
IPO11	4	9.9607e-01	9.9997e-01	1.000000	0
BIRC6	4	9.9608e-01	9.9997e-01	1.000000	0
MRPS26	4	9.9609e-01	9.9997e-01	1.000000	0
NUP98	4	9.9610e-01	9.9997e-01	1.000000	0
SACS	4	9.9611e-01	9.9997e-01	1.000000	0
FAM3A	4	9.9611e-01	9.9997e-01	1.000000	0
WDR61	4	9.9614e-01	9.9997e-01	1.000000	0
RPEL1	4	9.9623e-01	9.9998e-01	1.000000	0
LY6H	4	9.9626e-01	9.9998e-01	1.000000	0
DERL2	4	9.9628e-01	9.9998e-01	1.000000	0
DGCR14	4	9.9629e-01	9.9998e-01	1.000000	0
TSR1	4	9.9632e-01	9.9998e-01	1.000000	0
SPTSSA	4	9.9634e-01	9.9998e-01	1.000000	0
OGT	4	9.9634e-01	9.9998e-01	1.000000	0
KPNA6	4	9.9637e-01	9.9998e-01	1.000000	0
CCDC22	4	9.9637e-01	9.9998e-01	1.000000	0
NRBP1	4	9.9639e-01	9.9998e-01	1.000000	0
EXOSC5	4	9.9641e-01	9.9998e-01	1.000000	0
MT2A	4	9.9643e-01	9.9998e-01	1.000000	0
NDOR1	4	9.9643e-01	9.9998e-01	1.000000	0
SHOC2	4	9.9644e-01	9.9998e-01	1.000000	0
ARFRP1	4	9.9644e-01	9.9998e-01	1.000000	0
RNMT	4	9.9646e-01	9.9998e-01	1.000000	0
PRPF40A	4	9.9648e-01	9.9998e-01	1.000000	0
PKNOX1	4	9.9649e-01	9.9998e-01	1.000000	0
YRDC	4	9.9650e-01	9.9998e-01	1.000000	0
SNAPC5	4	9.9653e-01	9.9998e-01	1.000000	0
HMGCR	4	9.9653e-01	9.9998e-01	1.000000	0
WDR82	4	9.9656e-01	9.9998e-01	1.000000	0
CIRH1A	4	9.9660e-01	9.9998e-01	1.000000	0
GNL2	4	9.9662e-01	9.9998e-01	1.000000	0
NDC80	4	9.9662e-01	9.9998e-01	1.000000	0
ZNF598	4	9.9663e-01	9.9998e-01	1.000000	0
KCNJ13	4	9.9663e-01	9.9998e-01	1.000000	0
MBD3L5	4	9.9665e-01	9.9998e-01	1.000000	0
TSGA10	4	9.9666e-01	9.9998e-01	1.000000	0
UNC45A	4	9.9667e-01	9.9998e-01	1.000000	0
BICC1	4	9.9668e-01	9.9998e-01	1.000000	0
STUB1	4	9.9668e-01	9.9998e-01	1.000000	0
ICMT	4	9.9669e-01	9.9998e-01	1.000000	0
PARK7	4	9.9671e-01	9.9998e-01	1.000000	0
TINF2	4	9.9673e-01	9.9998e-01	1.000000	0
CHCHD4	4	9.9674e-01	9.9998e-01	1.000000	0
SAP130	4	9.9675e-01	9.9998e-01	1.000000	0
PLGLB2	4	9.9679e-01	9.9998e-01	1.000000	0
HAUS4	4	9.9683e-01	9.9998e-01	1.000000	0
MTMR9	4	9.9684e-01	9.9998e-01	1.000000	0
LETM1	4	9.9685e-01	9.9998e-01	1.000000	0
TMX2	4	9.9685e-01	9.9998e-01	1.000000	0
GTF3C4	4	9.9686e-01	9.9998e-01	1.000000	0
RAD51D	4	9.9689e-01	9.9998e-01	1.000000	0
CERS5	4	9.9690e-01	9.9998e-01	1.000000	0
PSMC1	4	9.9690e-01	9.9998e-01	1.000000	0
THOC3	4	9.9692e-01	9.9998e-01	1.000000	0
ATXN10	4	9.9695e-01	9.9999e-01	1.000000	0
PPIE	4	9.9698e-01	9.9999e-01	1.000000	0
ITGB3	4	9.9698e-01	9.9999e-01	1.000000	0
CDC23	4	9.9701e-01	9.9999e-01	1.000000	0
CRLS1	4	9.9703e-01	9.9999e-01	1.000000	0
LIMS1	4	9.9703e-01	9.9999e-01	1.000000	0
SSX2B	4	9.9706e-01	9.9999e-01	1.000000	0
TCF3	4	9.9710e-01	9.9999e-01	1.000000	0
SMAD5	4	9.9710e-01	9.9999e-01	1.000000	0
KCMF1	4	9.9713e-01	9.9999e-01	1.000000	0
EIF2B1	4	9.9714e-01	9.9999e-01	1.000000	0
DHRSX	4	9.9716e-01	9.9999e-01	1.000000	0
MAD2L2	4	9.9716e-01	9.9999e-01	1.000000	0
RPP14	4	9.9716e-01	9.9999e-01	1.000000	0
KIAA1524	4	9.9716e-01	9.9999e-01	1.000000	0
RRN3	4	9.9719e-01	9.9999e-01	1.000000	0
PRAMEF10	4	9.9720e-01	9.9999e-01	1.000000	0
WDR73	4	9.9722e-01	9.9999e-01	1.000000	0
PPAN	4	9.9724e-01	9.9999e-01	1.000000	0
MRPS11	4	9.9725e-01	9.9999e-01	1.000000	0
HAUS7	4	9.9726e-01	9.9999e-01	1.000000	0
WSCD1	4	9.9728e-01	9.9999e-01	1.000000	0
MRPL44	4	9.9730e-01	9.9999e-01	1.000000	0
MED8	4	9.9732e-01	9.9999e-01	1.000000	0
OBP2A	4	9.9733e-01	9.9999e-01	1.000000	0
FARS2	4	9.9735e-01	9.9999e-01	1.000000	0
COASY	4	9.9736e-01	9.9999e-01	1.000000	0
SMARCB1	4	9.9737e-01	9.9999e-01	1.000000	0
NOC2L	4	9.9739e-01	9.9999e-01	1.000000	0
PCDHB16	4	9.9740e-01	9.9999e-01	1.000000	0
C18orf21	4	9.9742e-01	9.9999e-01	1.000000	0
VHL	4	9.9743e-01	9.9999e-01	1.000000	0
ATP5J2-PTCD1	4	9.9744e-01	9.9999e-01	1.000000	0
FBXO5	4	9.9746e-01	9.9999e-01	1.000000	0
MRPL51	4	9.9747e-01	9.9999e-01	1.000000	0
UFC1	4	9.9748e-01	9.9999e-01	1.000000	0
HYOU1	4	9.9752e-01	9.9999e-01	1.000000	0
FURIN	4	9.9753e-01	9.9999e-01	1.000000	0
SPDYE1	4	9.9756e-01	9.9999e-01	1.000000	0
NUP133	4	9.9756e-01	9.9999e-01	1.000000	0
NSMCE1	4	9.9756e-01	9.9999e-01	1.000000	0
HIST1H4K	4	9.9759e-01	9.9999e-01	1.000000	0
INTS3	4	9.9759e-01	9.9999e-01	1.000000	0
TSEN54	4	9.9761e-01	9.9999e-01	1.000000	0
NPIPB3	4	9.9763e-01	9.9999e-01	1.000000	0
ISY1	4	9.9763e-01	9.9999e-01	1.000000	0
NOLC1	4	9.9766e-01	9.9999e-01	1.000000	0
UTP15	4	9.9770e-01	9.9999e-01	1.000000	0
KNCN	4	9.9770e-01	9.9999e-01	1.000000	0
ELP3	4	9.9770e-01	9.9999e-01	1.000000	0
VPS53	4	9.9774e-01	9.9999e-01	1.000000	0
DOCK5	4	9.9776e-01	9.9999e-01	1.000000	0
NXF1	4	9.9777e-01	9.9999e-01	1.000000	0
SUPV3L1	4	9.9777e-01	9.9999e-01	1.000000	0
ATP5G2	4	9.9778e-01	9.9999e-01	1.000000	0
CEACAM5	4	9.9778e-01	9.9999e-01	1.000000	0
NRDE2	4	9.9780e-01	9.9999e-01	1.000000	0
ZW10	4	9.9782e-01	9.9999e-01	1.000000	0
ZNF852	4	9.9783e-01	9.9999e-01	1.000000	0
TRAIP	4	9.9785e-01	9.9999e-01	1.000000	0
PSMD4	4	9.9788e-01	9.9999e-01	1.000000	0
ZNF75A	4	9.9788e-01	9.9999e-01	1.000000	0
TRIP11	4	9.9788e-01	9.9999e-01	1.000000	0
SRFBP1	4	9.9791e-01	9.9999e-01	1.000000	0
WDR12	4	9.9791e-01	9.9999e-01	1.000000	0
XRCC5	4	9.9792e-01	9.9999e-01	1.000000	0
INTS9	4	9.9794e-01	9.9999e-01	1.000000	0
CDC40	4	9.9794e-01	9.9999e-01	1.000000	0
RSU1	4	9.9794e-01	9.9999e-01	1.000000	0
N6AMT1	4	9.9794e-01	9.9999e-01	1.000000	0
GLE1	4	9.9796e-01	9.9999e-01	1.000000	0
ALYREF	4	9.9798e-01	9.9999e-01	1.000000	0
MNDA	4	9.9800e-01	9.9999e-01	1.000000	0
ARHGDIA	4	9.9801e-01	9.9999e-01	1.000000	0
TBL3	4	9.9804e-01	9.9999e-01	1.000000	0
DIS3	4	9.9805e-01	9.9999e-01	1.000000	0
AP2M1	4	9.9805e-01	9.9999e-01	1.000000	0
ALG12	4	9.9805e-01	9.9999e-01	1.000000	0
ZFR	4	9.9809e-01	9.9999e-01	1.000000	0
EXOC3	4	9.9809e-01	9.9999e-01	1.000000	0
RAD1	4	9.9810e-01	9.9999e-01	1.000000	0
AARS2	4	9.9812e-01	9.9999e-01	1.000000	0
CPSF1	4	9.9814e-01	9.9999e-01	1.000000	0
ATP6AP2	4	9.9815e-01	9.9999e-01	1.000000	0
MED6	4	9.9815e-01	9.9999e-01	1.000000	0
CTDNEP1	4	9.9816e-01	9.9999e-01	1.000000	0
CDC7	4	9.9818e-01	9.9999e-01	1.000000	0
ISY1-RAB43	4	9.9823e-01	9.9999e-01	1.000000	0
COPS3	4	9.9825e-01	9.9999e-01	1.000000	0
ABI3BP	4	9.9825e-01	9.9999e-01	1.000000	0
CCDC93	4	9.9825e-01	9.9999e-01	1.000000	0
ZNF131	4	9.9828e-01	9.9999e-01	1.000000	0
MCM10	4	9.9829e-01	9.9999e-01	1.000000	0
LTV1	4	9.9830e-01	9.9999e-01	1.000000	0
DDX23	4	9.9830e-01	9.9999e-01	1.000000	0
MRPL38	4	9.9831e-01	9.9999e-01	1.000000	0
HAX1	4	9.9832e-01	9.9999e-01	1.000000	0
FAM178A	4	9.9832e-01	9.9999e-01	1.000000	0
CHERP	4	9.9833e-01	9.9999e-01	1.000000	0
ANAPC1	4	9.9834e-01	9.9999e-01	1.000000	0
SARS	4	9.9835e-01	9.9999e-01	1.000000	0
CHORDC1	4	9.9835e-01	9.9999e-01	1.000000	0
MGRN1	4	9.9837e-01	9.9999e-01	1.000000	0
VAMP2	4	9.9837e-01	9.9999e-01	1.000000	0
DDX59	4	9.9838e-01	9.9999e-01	1.000000	0
GINS2	4	9.9839e-01	9.9999e-01	1.000000	0
KIF23	4	9.9840e-01	9.9999e-01	1.000000	0
NAA35	4	9.9841e-01	9.9999e-01	1.000000	0
ZRANB1	4	9.9841e-01	9.9999e-01	1.000000	0
HAUS6	4	9.9842e-01	9.9999e-01	1.000000	0
HINFP	4	9.9842e-01	9.9999e-01	1.000000	0
MESDC2	4	9.9842e-01	9.9999e-01	1.000000	0
NCAPH2	4	9.9844e-01	1.0000e+00	1.000000	0
MIS18BP1	4	9.9844e-01	1.0000e+00	1.000000	0
NAA25	4	9.9846e-01	1.0000e+00	1.000000	0
ATP6V1B2	4	9.9846e-01	1.0000e+00	1.000000	0
ACSL3	4	9.9847e-01	1.0000e+00	1.000000	0
SAP30BP	4	9.9848e-01	1.0000e+00	1.000000	0
KRTAP19-1	4	9.9849e-01	1.0000e+00	1.000000	0
MCM4	4	9.9849e-01	1.0000e+00	1.000000	0
BCAS2	4	9.9849e-01	1.0000e+00	1.000000	0
RPL5	4	9.9850e-01	1.0000e+00	1.000000	0
NCAPH	4	9.9851e-01	1.0000e+00	1.000000	0
GCN1L1	4	9.9851e-01	1.0000e+00	1.000000	0
RBM25	4	9.9851e-01	1.0000e+00	1.000000	0
WDR77	4	9.9853e-01	1.0000e+00	1.000000	0
DDX52	4	9.9854e-01	1.0000e+00	1.000000	0
TMEM41B	4	9.9854e-01	1.0000e+00	1.000000	0
HIST2H3D	4	9.9855e-01	1.0000e+00	1.000000	0
MIS12	4	9.9855e-01	1.0000e+00	1.000000	0
IGBP1	4	9.9855e-01	1.0000e+00	1.000000	0
SNUPN	4	9.9856e-01	1.0000e+00	1.000000	0
MBTPS2	4	9.9857e-01	1.0000e+00	1.000000	0
RFWD3	4	9.9857e-01	1.0000e+00	1.000000	0
TIAL1	4	9.9858e-01	1.0000e+00	1.000000	0
XRCC2	4	9.9858e-01	1.0000e+00	1.000000	0
UTP23	4	9.9859e-01	1.0000e+00	1.000000	0
XRCC6	4	9.9860e-01	1.0000e+00	1.000000	0
NBPF10	4	9.9862e-01	1.0000e+00	1.000000	0
NOP9	4	9.9862e-01	1.0000e+00	1.000000	0
TRAPPC1	4	9.9864e-01	1.0000e+00	1.000000	0
ERVW-1	4	9.9865e-01	1.0000e+00	1.000000	0
CBWD5	4	9.9866e-01	1.0000e+00	1.000000	0
MBTPS1	4	9.9866e-01	1.0000e+00	1.000000	0
GPI	4	9.9867e-01	1.0000e+00	1.000000	0
MGAT1	4	9.9869e-01	1.0000e+00	1.000000	0
DHX30	4	9.9869e-01	1.0000e+00	1.000000	0
MARK2	4	9.9870e-01	1.0000e+00	1.000000	0
ALG3	4	9.9871e-01	1.0000e+00	1.000000	0
ATRN	4	9.9871e-01	1.0000e+00	1.000000	0
WDR25	4	9.9872e-01	1.0000e+00	1.000000	0
TTI2	4	9.9872e-01	1.0000e+00	1.000000	0
PPA1	4	9.9875e-01	1.0000e+00	1.000000	0
AASDHPPT	4	9.9876e-01	1.0000e+00	1.000000	0
RBM8A	4	9.9882e-01	1.0000e+00	1.000000	0
CHAF1A	4	9.9883e-01	1.0000e+00	1.000000	0
RPL18	4	9.9885e-01	1.0000e+00	1.000000	0
CRCP	4	9.9886e-01	1.0000e+00	1.000000	0
MAPRE1	4	9.9886e-01	1.0000e+00	1.000000	0
GTF2E2	4	9.9887e-01	1.0000e+00	1.000000	0
MRPL34	4	9.9888e-01	1.0000e+00	1.000000	0
LOC102724862	4	9.9889e-01	1.0000e+00	1.000000	0
LSM8	4	9.9890e-01	1.0000e+00	1.000000	0
KIAA0391	4	9.9891e-01	1.0000e+00	1.000000	0
MYH9	4	9.9893e-01	1.0000e+00	1.000000	0
ABCB7	4	9.9894e-01	1.0000e+00	1.000000	0
MLST8	4	9.9894e-01	1.0000e+00	1.000000	0
CHD4	4	9.9895e-01	1.0000e+00	1.000000	0
EXOSC9	4	9.9895e-01	1.0000e+00	1.000000	0
MRPL40	4	9.9896e-01	1.0000e+00	1.000000	0
BMS1	4	9.9897e-01	1.0000e+00	1.000000	0
TRAPPC8	4	9.9898e-01	1.0000e+00	1.000000	0
NBPF15	4	9.9898e-01	1.0000e+00	1.000000	0
LRRC37A	4	9.9899e-01	1.0000e+00	1.000000	0
DCAF13	4	9.9900e-01	1.0000e+00	1.000000	0
SPC24	4	9.9901e-01	1.0000e+00	1.000000	0
UBE2T	4	9.9901e-01	1.0000e+00	1.000000	0
LDLR	4	9.9902e-01	1.0000e+00	1.000000	0
PDCL	4	9.9903e-01	1.0000e+00	1.000000	0
MED4	4	9.9904e-01	1.0000e+00	1.000000	0
EIF2S2	4	9.9904e-01	1.0000e+00	1.000000	0
TRAPPC4	4	9.9905e-01	1.0000e+00	1.000000	0
DBR1	4	9.9905e-01	1.0000e+00	1.000000	0
EXT1	4	9.9905e-01	1.0000e+00	1.000000	0
POLR3F	4	9.9906e-01	1.0000e+00	1.000000	0
ECT2	4	9.9906e-01	1.0000e+00	1.000000	0
NUP85	4	9.9906e-01	1.0000e+00	1.000000	0
EIF4B	4	9.9907e-01	1.0000e+00	1.000000	0
RBM39	4	9.9909e-01	1.0000e+00	1.000000	0
NOL12	4	9.9910e-01	1.0000e+00	1.000000	0
SNRPC	4	9.9911e-01	1.0000e+00	1.000000	0
TOMM20	4	9.9911e-01	1.0000e+00	1.000000	0
DDOST	4	9.9911e-01	1.0000e+00	1.000000	0
NPIPA3	4	9.9912e-01	1.0000e+00	1.000000	0
GINS4	4	9.9913e-01	1.0000e+00	1.000000	0
MMS22L	4	9.9913e-01	1.0000e+00	1.000000	0
RPS23	4	9.9913e-01	1.0000e+00	1.000000	0
CDT1	4	9.9914e-01	1.0000e+00	1.000000	0
KARS	4	9.9916e-01	1.0000e+00	1.000000	0
ZNF830	4	9.9916e-01	1.0000e+00	1.000000	0
CAPZB	4	9.9916e-01	1.0000e+00	1.000000	0
TMED2	4	9.9918e-01	1.0000e+00	1.000000	0
CEP85	4	9.9918e-01	1.0000e+00	1.000000	0
FOXM1	4	9.9919e-01	1.0000e+00	1.000000	0
SDAD1	4	9.9919e-01	1.0000e+00	1.000000	0
KLF10	4	9.9919e-01	1.0000e+00	1.000000	0
CTU2	4	9.9919e-01	1.0000e+00	1.000000	0
GTF2H1	4	9.9920e-01	1.0000e+00	1.000000	0
CDS2	4	9.9921e-01	1.0000e+00	1.000000	0
PAK2	4	9.9921e-01	1.0000e+00	1.000000	0
IARS	4	9.9922e-01	1.0000e+00	1.000000	0
SLC10A7	4	9.9922e-01	1.0000e+00	1.000000	0
PSENEN	4	9.9922e-01	1.0000e+00	1.000000	0
CNOT3	4	9.9923e-01	1.0000e+00	1.000000	0
UNC50	4	9.9923e-01	1.0000e+00	1.000000	0
PARVA	4	9.9923e-01	1.0000e+00	1.000000	0
CENPN	4	9.9924e-01	1.0000e+00	1.000000	0
RIOK1	4	9.9925e-01	1.0000e+00	1.000000	0
MSTO1	4	9.9926e-01	1.0000e+00	1.000000	0
PWP1	4	9.9927e-01	1.0000e+00	1.000000	0
RRP12	4	9.9927e-01	1.0000e+00	1.000000	0
NHEJ1	4	9.9928e-01	1.0000e+00	1.000000	0
SMG8	4	9.9929e-01	1.0000e+00	1.000000	0
LRRC37A3	4	9.9929e-01	1.0000e+00	1.000000	0
ORC6	4	9.9930e-01	1.0000e+00	1.000000	0
MRPS5	4	9.9930e-01	1.0000e+00	1.000000	0
MRE11A	4	9.9930e-01	1.0000e+00	1.000000	0
PSMG1	4	9.9930e-01	1.0000e+00	1.000000	0
TOMM22	4	9.9931e-01	1.0000e+00	1.000000	0
TFIP11	4	9.9932e-01	1.0000e+00	1.000000	0
TBCA	4	9.9932e-01	1.0000e+00	1.000000	0
PPWD1	4	9.9933e-01	1.0000e+00	1.000000	0
POLR3C	3	9.9934e-01	1.0000e+00	1.000000	0
TAF1C	4	9.9934e-01	1.0000e+00	1.000000	0
PTMA	4	9.9935e-01	1.0000e+00	1.000000	0
SCFD1	4	9.9937e-01	1.0000e+00	1.000000	0
GTF2H3	4	9.9937e-01	1.0000e+00	1.000000	0
RHOA	4	9.9938e-01	1.0000e+00	1.000000	0
TXNL4B	4	9.9939e-01	1.0000e+00	1.000000	0
MED18	4	9.9939e-01	1.0000e+00	1.000000	0
ATRIP	4	9.9939e-01	1.0000e+00	1.000000	0
WDR36	4	9.9939e-01	1.0000e+00	1.000000	0
NHP2	4	9.9939e-01	1.0000e+00	1.000000	0
NBPF6	4	9.9939e-01	1.0000e+00	1.000000	0
VEZT	4	9.9939e-01	1.0000e+00	1.000000	0
PRC1	4	9.9940e-01	1.0000e+00	1.000000	0
HUWE1	4	9.9940e-01	1.0000e+00	1.000000	0
GPX8	4	9.9940e-01	1.0000e+00	1.000000	0
TSC22D2	4	9.9940e-01	1.0000e+00	1.000000	0
NFS1	4	9.9942e-01	1.0000e+00	1.000000	0
HEATR1	4	9.9943e-01	1.0000e+00	1.000000	0
IKBKAP	4	9.9943e-01	1.0000e+00	1.000000	0
MRPL41	4	9.9943e-01	1.0000e+00	1.000000	0
EEF1G	4	9.9944e-01	1.0000e+00	1.000000	0
XAB2	4	9.9944e-01	1.0000e+00	1.000000	0
WASH1	4	9.9945e-01	1.0000e+00	1.000000	0
ATP1A1	4	9.9946e-01	1.0000e+00	1.000000	0
ARMCX6	4	9.9946e-01	1.0000e+00	1.000000	0
COG5	4	9.9946e-01	1.0000e+00	1.000000	0
GRWD1	4	9.9946e-01	1.0000e+00	1.000000	0
MRTO4	4	9.9947e-01	1.0000e+00	1.000000	0
TOMM70A	4	9.9947e-01	1.0000e+00	1.000000	0
LSM5	4	9.9947e-01	1.0000e+00	1.000000	0
RAB3GAP2	4	9.9948e-01	1.0000e+00	1.000000	0
PRPF31	4	9.9948e-01	1.0000e+00	1.000000	0
MRPS27	4	9.9949e-01	1.0000e+00	1.000000	0
YKT6	4	9.9949e-01	1.0000e+00	1.000000	0
TFDP1	4	9.9950e-01	1.0000e+00	1.000000	0
MIOS	4	9.9950e-01	1.0000e+00	1.000000	0
ZNF407	4	9.9950e-01	1.0000e+00	1.000000	0
RPL23	3	9.9951e-01	1.0000e+00	1.000000	0
DDX20	4	9.9951e-01	1.0000e+00	1.000000	0
SLMO2	4	9.9952e-01	1.0000e+00	1.000000	0
EXT2	4	9.9952e-01	1.0000e+00	1.000000	0
TRNAU1AP	4	9.9952e-01	1.0000e+00	1.000000	0
CYFIP1	4	9.9954e-01	1.0000e+00	1.000000	0
SETD1A	4	9.9954e-01	1.0000e+00	1.000000	0
ZNHIT1	4	9.9955e-01	1.0000e+00	1.000000	0
CLCC1	4	9.9955e-01	1.0000e+00	1.000000	0
RCC1	4	9.9956e-01	1.0000e+00	1.000000	0
SEC63	4	9.9956e-01	1.0000e+00	1.000000	0
RPAP3	4	9.9957e-01	1.0000e+00	1.000000	0
ACTR3	4	9.9958e-01	1.0000e+00	1.000000	0
YTHDC1	4	9.9958e-01	1.0000e+00	1.000000	0
AAMP	4	9.9959e-01	1.0000e+00	1.000000	0
MPHOSPH10	4	9.9959e-01	1.0000e+00	1.000000	0
RPP25L	4	9.9960e-01	1.0000e+00	1.000000	0
HYPK	4	9.9960e-01	1.0000e+00	1.000000	0
LYRM4	3	9.9961e-01	1.0000e+00	1.000000	0
NOM1	4	9.9961e-01	1.0000e+00	1.000000	0
PDCD7	4	9.9961e-01	1.0000e+00	1.000000	0
DERL1	4	9.9962e-01	1.0000e+00	1.000000	0
BRF1	4	9.9962e-01	1.0000e+00	1.000000	0
DSCC1	4	9.9962e-01	1.0000e+00	1.000000	0
MZT1	4	9.9962e-01	1.0000e+00	1.000000	0
MRPL30	4	9.9962e-01	1.0000e+00	1.000000	0
ANAPC5	4	9.9963e-01	1.0000e+00	1.000000	0
BNIP1	4	9.9963e-01	1.0000e+00	1.000000	0
TTF1	4	9.9963e-01	1.0000e+00	1.000000	0
CWC22	4	9.9964e-01	1.0000e+00	1.000000	0
ELOF1	4	9.9964e-01	1.0000e+00	1.000000	0
GNB1	4	9.9964e-01	1.0000e+00	1.000000	0
C1orf27	4	9.9965e-01	1.0000e+00	1.000000	0
ELMO2	4	9.9965e-01	1.0000e+00	1.000000	0
RPL9	4	9.9965e-01	1.0000e+00	1.000000	0
CFLAR	4	9.9965e-01	1.0000e+00	1.000000	0
ALG14	4	9.9966e-01	1.0000e+00	1.000000	0
THAP11	4	9.9966e-01	1.0000e+00	1.000000	0
CHMP7	4	9.9966e-01	1.0000e+00	1.000000	0
ATP6V0E1	4	9.9966e-01	1.0000e+00	1.000000	0
NUP160	4	9.9966e-01	1.0000e+00	1.000000	0
SUPT6H	4	9.9966e-01	1.0000e+00	1.000000	0
STT3A	4	9.9967e-01	1.0000e+00	1.000000	0
MRPS2	4	9.9967e-01	1.0000e+00	1.000000	0
VPS36	4	9.9967e-01	1.0000e+00	1.000000	0
RPS25	4	9.9968e-01	1.0000e+00	1.000000	0
RCE1	4	9.9968e-01	1.0000e+00	1.000000	0
COPS4	4	9.9968e-01	1.0000e+00	1.000000	0
LONP1	4	9.9969e-01	1.0000e+00	1.000000	0
RPS10	4	9.9969e-01	1.0000e+00	1.000000	0
NOP56	4	9.9969e-01	1.0000e+00	1.000000	0
CDC73	4	9.9969e-01	1.0000e+00	1.000000	0
TBC1D3B	4	9.9969e-01	1.0000e+00	1.000000	0
RNGTT	4	9.9970e-01	1.0000e+00	1.000000	0
MRPL52	4	9.9970e-01	1.0000e+00	1.000000	0
NOP14	4	9.9970e-01	1.0000e+00	1.000000	0
PAFAH1B1	4	9.9970e-01	1.0000e+00	1.000000	0
NPIPB6	4	9.9970e-01	1.0000e+00	1.000000	0
PCBP2	4	9.9971e-01	1.0000e+00	1.000000	0
SPDYE2	4	9.9971e-01	1.0000e+00	1.000000	0
IER3IP1	4	9.9971e-01	1.0000e+00	1.000000	0
DCTN4	4	9.9971e-01	1.0000e+00	1.000000	0
MED7	4	9.9972e-01	1.0000e+00	1.000000	0
FBXW11	4	9.9972e-01	1.0000e+00	1.000000	0
WDR5	4	9.9972e-01	1.0000e+00	1.000000	0
USP7	4	9.9972e-01	1.0000e+00	1.000000	0
GAPDH	4	9.9973e-01	1.0000e+00	1.000000	0
GMNN	4	9.9973e-01	1.0000e+00	1.000000	0
SMC6	4	9.9973e-01	1.0000e+00	1.000000	0
PSMB5	4	9.9973e-01	1.0000e+00	1.000000	0
NSA2	4	9.9973e-01	1.0000e+00	1.000000	0
CUL2	4	9.9974e-01	1.0000e+00	1.000000	0
RAPGEF6	4	9.9974e-01	1.0000e+00	1.000000	0
GOLGA6L9	4	9.9974e-01	1.0000e+00	1.000000	0
EIF3B	4	9.9974e-01	1.0000e+00	1.000000	0
SLC39A9	4	9.9974e-01	1.0000e+00	1.000000	0
GTF3C1	4	9.9975e-01	1.0000e+00	1.000000	0
WDR92	4	9.9975e-01	1.0000e+00	1.000000	0
EIF1AD	4	9.9975e-01	1.0000e+00	1.000000	0
RPSA	4	9.9975e-01	1.0000e+00	1.000000	0
RPL4	4	9.9975e-01	1.0000e+00	1.000000	0
NARS	4	9.9975e-01	1.0000e+00	1.000000	0
RRM2	4	9.9975e-01	1.0000e+00	1.000000	0
TCEB2	4	9.9975e-01	1.0000e+00	1.000000	0
ALG1	4	9.9975e-01	1.0000e+00	1.000000	0
GATB	4	9.9975e-01	1.0000e+00	1.000000	0
PQBP1	4	9.9976e-01	1.0000e+00	1.000000	0
EIF2B5	4	9.9976e-01	1.0000e+00	1.000000	0
OPA1	4	9.9976e-01	1.0000e+00	1.000000	0
POLR2F	4	9.9976e-01	1.0000e+00	1.000000	0
PPP1CB	4	9.9976e-01	1.0000e+00	1.000000	0
YAE1D1	4	9.9976e-01	1.0000e+00	1.000000	0
FAM122A	4	9.9977e-01	1.0000e+00	1.000000	0
PARS2	4	9.9977e-01	1.0000e+00	1.000000	0
WDR43	4	9.9977e-01	1.0000e+00	1.000000	0
RPS3	4	9.9978e-01	1.0000e+00	1.000000	0
HSPE1-MOB4	4	9.9978e-01	1.0000e+00	1.000000	0
SARS2	4	9.9978e-01	1.0000e+00	1.000000	0
MON2	4	9.9978e-01	1.0000e+00	1.000000	0
NGLY1	4	9.9978e-01	1.0000e+00	1.000000	0
UBIAD1	4	9.9978e-01	1.0000e+00	1.000000	0
BRCA1	4	9.9978e-01	1.0000e+00	1.000000	0
GNA12	4	9.9979e-01	1.0000e+00	1.000000	0
RSL1D1	4	9.9979e-01	1.0000e+00	1.000000	0
AQR	4	9.9979e-01	1.0000e+00	1.000000	0
TNPO3	4	9.9979e-01	1.0000e+00	1.000000	0
UBTF	4	9.9979e-01	1.0000e+00	1.000000	0
ARIH1	4	9.9979e-01	1.0000e+00	1.000000	0
UTP11L	4	9.9979e-01	1.0000e+00	1.000000	0
GARS	4	9.9980e-01	1.0000e+00	1.000000	0
DHX38	4	9.9980e-01	1.0000e+00	1.000000	0
RPS10-NUDT3	4	9.9980e-01	1.0000e+00	1.000000	0
DLG5	4	9.9980e-01	1.0000e+00	1.000000	0
MRPS34	4	9.9981e-01	1.0000e+00	1.000000	0
ZMAT5	4	9.9981e-01	1.0000e+00	1.000000	0
PFDN6	4	9.9981e-01	1.0000e+00	1.000000	0
MED30	4	9.9981e-01	1.0000e+00	1.000000	0
PHF5A	4	9.9981e-01	1.0000e+00	1.000000	0
NUP214	4	9.9981e-01	1.0000e+00	1.000000	0
TSFM	4	9.9981e-01	1.0000e+00	1.000000	0
DDX46	4	9.9981e-01	1.0000e+00	1.000000	0
TAF8	4	9.9981e-01	1.0000e+00	1.000000	0
RPL24	4	9.9981e-01	1.0000e+00	1.000000	0
SPCS3	4	9.9982e-01	1.0000e+00	1.000000	0
MNAT1	4	9.9982e-01	1.0000e+00	1.000000	0
FNTB	4	9.9982e-01	1.0000e+00	1.000000	0
EMC7	4	9.9982e-01	1.0000e+00	1.000000	0
ZNHIT2	4	9.9982e-01	1.0000e+00	1.000000	0
C19orf25	4	9.9982e-01	1.0000e+00	1.000000	0
WEE1	4	9.9983e-01	1.0000e+00	1.000000	0
VARS2	4	9.9983e-01	1.0000e+00	1.000000	0
RRP7A	4	9.9983e-01	1.0000e+00	1.000000	0
METTL1	4	9.9984e-01	1.0000e+00	1.000000	0
DPM2	4	9.9984e-01	1.0000e+00	1.000000	0
DDX10	4	9.9984e-01	1.0000e+00	1.000000	0
ZCCHC9	4	9.9984e-01	1.0000e+00	1.000000	0
RPP30	4	9.9984e-01	1.0000e+00	1.000000	0
CHMP2A	3	9.9984e-01	1.0000e+00	1.000000	0
CCAR1	4	9.9984e-01	1.0000e+00	1.000000	0
COG3	4	9.9984e-01	1.0000e+00	1.000000	0
DDX41	4	9.9984e-01	1.0000e+00	1.000000	0
RAE1	3	9.9984e-01	1.0000e+00	1.000000	0
SMN1	4	9.9984e-01	1.0000e+00	1.000000	0
RBM42	4	9.9985e-01	1.0000e+00	1.000000	0
RAPGEF1	4	9.9985e-01	1.0000e+00	1.000000	0
LPAR1	4	9.9985e-01	1.0000e+00	1.000000	0
DNMT1	4	9.9985e-01	1.0000e+00	1.000000	0
TTC1	4	9.9985e-01	1.0000e+00	1.000000	0
PES1	4	9.9985e-01	1.0000e+00	1.000000	0
SAE1	4	9.9985e-01	1.0000e+00	1.000000	0
CFAP20	4	9.9985e-01	1.0000e+00	1.000000	0
HARS2	4	9.9985e-01	1.0000e+00	1.000000	0
SEL1L	4	9.9985e-01	1.0000e+00	1.000000	0
TOP3A	4	9.9985e-01	1.0000e+00	1.000000	0
RPS7	4	9.9985e-01	1.0000e+00	1.000000	0
RPL26	4	9.9985e-01	1.0000e+00	1.000000	0
EXOC5	4	9.9985e-01	1.0000e+00	1.000000	0
CRNKL1	4	9.9986e-01	1.0000e+00	1.000000	0
U2SURP	4	9.9986e-01	1.0000e+00	1.000000	0
DPAGT1	4	9.9986e-01	1.0000e+00	1.000000	0
RPL27	4	9.9986e-01	1.0000e+00	1.000000	0
COG8	4	9.9986e-01	1.0000e+00	1.000000	0
HNRNPH1	4	9.9986e-01	1.0000e+00	1.000000	0
TUFM	4	9.9986e-01	1.0000e+00	1.000000	0
ATP2A2	4	9.9986e-01	1.0000e+00	1.000000	0
EXOSC7	4	9.9987e-01	1.0000e+00	1.000000	0
HNRNPL	4	9.9987e-01	1.0000e+00	1.000000	0
TMEM258	4	9.9987e-01	1.0000e+00	1.000000	0
NOP2	4	9.9987e-01	1.0000e+00	1.000000	0
POLE	4	9.9988e-01	1.0000e+00	1.000000	0
SRPR	4	9.9988e-01	1.0000e+00	1.000000	0
BORA	4	9.9988e-01	1.0000e+00	1.000000	0
ZBTB8OS	4	9.9988e-01	1.0000e+00	1.000000	0
UBE2N	4	9.9988e-01	1.0000e+00	1.000000	0
TWISTNB	4	9.9988e-01	1.0000e+00	1.000000	0
SF3A1	4	9.9989e-01	1.0000e+00	1.000000	0
C21orf59	4	9.9989e-01	1.0000e+00	1.000000	0
KANSL3	4	9.9989e-01	1.0000e+00	1.000000	0
IPO13	4	9.9989e-01	1.0000e+00	1.000000	0
YPEL5	4	9.9989e-01	1.0000e+00	1.000000	0
TPI1	4	9.9990e-01	1.0000e+00	1.000000	0
SEC61G	4	9.9990e-01	1.0000e+00	1.000000	0
PRMT1	4	9.9990e-01	1.0000e+00	1.000000	0
NEDD1	4	9.9990e-01	1.0000e+00	1.000000	0
NCL	4	9.9990e-01	1.0000e+00	1.000000	0
SFPQ	4	9.9990e-01	1.0000e+00	1.000000	0
RPL12	4	9.9990e-01	1.0000e+00	1.000000	0
TLN1	4	9.9990e-01	1.0000e+00	1.000000	0
ALG9	4	9.9990e-01	1.0000e+00	1.000000	0
NAA15	4	9.9990e-01	1.0000e+00	1.000000	0
GINS1	4	9.9990e-01	1.0000e+00	1.000000	0
PDGFRA	4	9.9990e-01	1.0000e+00	1.000000	0
SKA2	4	9.9991e-01	1.0000e+00	1.000000	0
PKMYT1	4	9.9991e-01	1.0000e+00	1.000000	0
LSG1	4	9.9991e-01	1.0000e+00	1.000000	0
C10orf2	4	9.9991e-01	1.0000e+00	1.000000	0
DDX1	4	9.9991e-01	1.0000e+00	1.000000	0
PLRG1	4	9.9991e-01	1.0000e+00	1.000000	0
CERS2	4	9.9991e-01	1.0000e+00	1.000000	0
GEMIN2	4	9.9991e-01	1.0000e+00	1.000000	0
CRKL	4	9.9991e-01	1.0000e+00	1.000000	0
DHX8	4	9.9991e-01	1.0000e+00	1.000000	0
SRP72	4	9.9991e-01	1.0000e+00	1.000000	0
SRP54	4	9.9991e-01	1.0000e+00	1.000000	0
ATP6V1G1	4	9.9991e-01	1.0000e+00	1.000000	0
SRP9	4	9.9991e-01	1.0000e+00	1.000000	0
PTK2	4	9.9991e-01	1.0000e+00	1.000000	0
AP1M1	4	9.9992e-01	1.0000e+00	1.000000	0
SNAI2	4	9.9992e-01	1.0000e+00	1.000000	0
ARF4	4	9.9992e-01	1.0000e+00	1.000000	0
MVK	4	9.9992e-01	1.0000e+00	1.000000	0
VPRBP	4	9.9992e-01	1.0000e+00	1.000000	0
BUD31	4	9.9992e-01	1.0000e+00	1.000000	0
DPH5	4	9.9992e-01	1.0000e+00	1.000000	0
ITGAV	4	9.9992e-01	1.0000e+00	1.000000	0
INCENP	4	9.9992e-01	1.0000e+00	1.000000	0
SURF4	4	9.9992e-01	1.0000e+00	1.000000	0
UTP20	4	9.9992e-01	1.0000e+00	1.000000	0
MED21	4	9.9992e-01	1.0000e+00	1.000000	0
SS18L2	4	9.9992e-01	1.0000e+00	1.000000	0
POLA2	4	9.9992e-01	1.0000e+00	1.000000	0
POLR2J3	4	9.9992e-01	1.0000e+00	1.000000	0
RPAP1	4	9.9992e-01	1.0000e+00	1.000000	0
CMTR1	4	9.9993e-01	1.0000e+00	1.000000	0
AURKB	4	9.9993e-01	1.0000e+00	1.000000	0
MTG2	4	9.9993e-01	1.0000e+00	1.000000	0
MIS18A	4	9.9993e-01	1.0000e+00	1.000000	0
KDM1A	4	9.9993e-01	1.0000e+00	1.000000	0
TUBGCP2	4	9.9993e-01	1.0000e+00	1.000000	0
RPL15	4	9.9993e-01	1.0000e+00	1.000000	0
RPL36	4	9.9993e-01	1.0000e+00	1.000000	0
TPX2	4	9.9993e-01	1.0000e+00	1.000000	0
DHX33	4	9.9993e-01	1.0000e+00	1.000000	0
AATF	4	9.9993e-01	1.0000e+00	1.000000	0
PRELID1	4	9.9993e-01	1.0000e+00	1.000000	0
RBX1	4	9.9993e-01	1.0000e+00	1.000000	0
SPATA5	4	9.9993e-01	1.0000e+00	1.000000	0
EIF2B4	4	9.9993e-01	1.0000e+00	1.000000	0
ZNHIT3	4	9.9993e-01	1.0000e+00	1.000000	0
TEAD3	4	9.9993e-01	1.0000e+00	1.000000	0
SF3B5	4	9.9993e-01	1.0000e+00	1.000000	0
POLR1A	4	9.9993e-01	1.0000e+00	1.000000	0
CEPT1	4	9.9994e-01	1.0000e+00	1.000000	0
ARPC2	4	9.9994e-01	1.0000e+00	1.000000	0
GPR89B	4	9.9994e-01	1.0000e+00	1.000000	0
ZPR1	4	9.9994e-01	1.0000e+00	1.000000	0
SYVN1	4	9.9994e-01	1.0000e+00	1.000000	0
EIF4E	4	9.9994e-01	1.0000e+00	1.000000	0
DNAJC8	4	9.9994e-01	1.0000e+00	1.000000	0
DIMT1	4	9.9994e-01	1.0000e+00	1.000000	0
SSU72	4	9.9994e-01	1.0000e+00	1.000000	0
RPLP2	4	9.9994e-01	1.0000e+00	1.000000	0
THOC2	4	9.9994e-01	1.0000e+00	1.000000	0
CENPM	4	9.9994e-01	1.0000e+00	1.000000	0
RPS9	4	9.9994e-01	1.0000e+00	1.000000	0
PKM	4	9.9994e-01	1.0000e+00	1.000000	0
ORC1	4	9.9994e-01	1.0000e+00	1.000000	0
CEBPZ	4	9.9995e-01	1.0000e+00	1.000000	0
SMG1	4	9.9995e-01	1.0000e+00	1.000000	0
TARDBP	4	9.9995e-01	1.0000e+00	1.000000	0
EIF3G	4	9.9995e-01	1.0000e+00	1.000000	0
PRIM2	4	9.9995e-01	1.0000e+00	1.000000	0
ABT1	4	9.9995e-01	1.0000e+00	1.000000	0
NCBP2	4	9.9995e-01	1.0000e+00	1.000000	0
HAUS5	4	9.9995e-01	1.0000e+00	1.000000	0
DNAJC9	4	9.9995e-01	1.0000e+00	1.000000	0
AARS	4	9.9995e-01	1.0000e+00	1.000000	0
SEC62	4	9.9995e-01	1.0000e+00	1.000000	0
TAF6	4	9.9995e-01	1.0000e+00	1.000000	0
SOD1	4	9.9995e-01	1.0000e+00	1.000000	0
RPA3	4	9.9995e-01	1.0000e+00	1.000000	0
ARF1	4	9.9995e-01	1.0000e+00	1.000000	0
GNB2L1	4	9.9995e-01	1.0000e+00	1.000000	0
PGK1	4	9.9995e-01	1.0000e+00	1.000000	0
RNPC3	4	9.9995e-01	1.0000e+00	1.000000	0
TFB2M	4	9.9995e-01	1.0000e+00	1.000000	0
FCF1	4	9.9995e-01	1.0000e+00	1.000000	0
BANP	4	9.9995e-01	1.0000e+00	1.000000	0
YARS	4	9.9995e-01	1.0000e+00	1.000000	0
NACA	4	9.9995e-01	1.0000e+00	1.000000	0
ACLY	4	9.9995e-01	1.0000e+00	1.000000	0
CENPO	4	9.9996e-01	1.0000e+00	1.000000	0
MRPL39	4	9.9996e-01	1.0000e+00	1.000000	0
BUB1B	4	9.9996e-01	1.0000e+00	1.000000	0
RRP1	4	9.9996e-01	1.0000e+00	1.000000	0
SEPTIN7	4	9.9996e-01	1.0000e+00	1.000000	0
XPO5	4	9.9996e-01	1.0000e+00	1.000000	0
PAK1IP1	4	9.9996e-01	1.0000e+00	1.000000	0
USP8	4	9.9996e-01	1.0000e+00	1.000000	0
RER1	4	9.9996e-01	1.0000e+00	1.000000	0
MEMO1	4	9.9996e-01	1.0000e+00	1.000000	0
RUVBL2	4	9.9996e-01	1.0000e+00	1.000000	0
BIRC5	4	9.9996e-01	1.0000e+00	1.000000	0
EP400	4	9.9996e-01	1.0000e+00	1.000000	0
VPS28	4	9.9996e-01	1.0000e+00	1.000000	0
DDI2	4	9.9996e-01	1.0000e+00	1.000000	0
ARMC7	4	9.9996e-01	1.0000e+00	1.000000	0
AK6	4	9.9996e-01	1.0000e+00	1.000000	0
EIF4A1	4	9.9996e-01	1.0000e+00	1.000000	0
PTPMT1	4	9.9996e-01	1.0000e+00	1.000000	0
DNAJC11	4	9.9996e-01	1.0000e+00	1.000000	0
LARS	4	9.9996e-01	1.0000e+00	1.000000	0
RPL27A	4	9.9996e-01	1.0000e+00	1.000000	0
DNA2	4	9.9996e-01	1.0000e+00	1.000000	0
CDC45	4	9.9996e-01	1.0000e+00	1.000000	0
RPS26	4	9.9997e-01	1.0000e+00	1.000000	0
FGFR1	4	9.9997e-01	1.0000e+00	1.000000	0
TOMM40	4	9.9997e-01	1.0000e+00	1.000000	0
TEAD1	4	9.9997e-01	1.0000e+00	1.000000	0
SFSWAP	4	9.9997e-01	1.0000e+00	1.000000	0
B3GAT3	4	9.9997e-01	1.0000e+00	1.000000	0
RPAP2	4	9.9997e-01	1.0000e+00	1.000000	0
GMPPB	4	9.9997e-01	1.0000e+00	1.000000	0
MRPS25	4	9.9997e-01	1.0000e+00	1.000000	0
RABGGTB	4	9.9997e-01	1.0000e+00	1.000000	0
DCAF7	4	9.9997e-01	1.0000e+00	1.000000	0
WDR24	4	9.9997e-01	1.0000e+00	1.000000	0
CCT3	4	9.9997e-01	1.0000e+00	1.000000	0
KANSL1	4	9.9997e-01	1.0000e+00	1.000000	0
SPDYE6	4	9.9997e-01	1.0000e+00	1.000000	0
EPC2	4	9.9997e-01	1.0000e+00	1.000000	0
CSTB	4	9.9997e-01	1.0000e+00	1.000000	0
MOB4	4	9.9997e-01	1.0000e+00	1.000000	0
NUP155	4	9.9997e-01	1.0000e+00	1.000000	0
RPS16	4	9.9997e-01	1.0000e+00	1.000000	0
SRD5A3	4	9.9997e-01	1.0000e+00	1.000000	0
CTR9	4	9.9997e-01	1.0000e+00	1.000000	0
POLR2C	4	9.9997e-01	1.0000e+00	1.000000	0
INTS1	4	9.9997e-01	1.0000e+00	1.000000	0
TBCC	4	9.9997e-01	1.0000e+00	1.000000	0
RARS	4	9.9997e-01	1.0000e+00	1.000000	0
TRAPPC5	4	9.9997e-01	1.0000e+00	1.000000	0
NAPA	4	9.9997e-01	1.0000e+00	1.000000	0
RPS27A	4	9.9997e-01	1.0000e+00	1.000000	0
NCAPG2	4	9.9997e-01	1.0000e+00	1.000000	0
ISCU	4	9.9997e-01	1.0000e+00	1.000000	0
ADAT3	4	9.9997e-01	1.0000e+00	1.000000	0
TPRKB	4	9.9997e-01	1.0000e+00	1.000000	0
C15orf41	4	9.9997e-01	1.0000e+00	1.000000	0
NHLRC2	4	9.9997e-01	1.0000e+00	1.000000	0
NUP205	4	9.9997e-01	1.0000e+00	1.000000	0
IMP3	4	9.9997e-01	1.0000e+00	1.000000	0
UBE2H	4	9.9997e-01	1.0000e+00	1.000000	0
DUX4	4	9.9997e-01	1.0000e+00	1.000000	0
RAN	4	9.9997e-01	1.0000e+00	1.000000	0
UTP18	4	9.9998e-01	1.0000e+00	1.000000	0
CHAF1B	4	9.9998e-01	1.0000e+00	1.000000	0
CCND1	4	9.9998e-01	1.0000e+00	1.000000	0
DHX36	4	9.9998e-01	1.0000e+00	1.000000	0
TBC1D3H	4	9.9998e-01	1.0000e+00	1.000000	0
RFT1	4	9.9998e-01	1.0000e+00	1.000000	0
HCFC1	4	9.9998e-01	1.0000e+00	1.000000	0
NELFB	4	9.9998e-01	1.0000e+00	1.000000	0
MFAP1	4	9.9998e-01	1.0000e+00	1.000000	0
POLR2K	4	9.9998e-01	1.0000e+00	1.000000	0
NOB1	4	9.9998e-01	1.0000e+00	1.000000	0
TICRR	4	9.9998e-01	1.0000e+00	1.000000	0
PNPT1	4	9.9998e-01	1.0000e+00	1.000000	0
RPL21	4	9.9998e-01	1.0000e+00	1.000000	0
ACSL4	4	9.9998e-01	1.0000e+00	1.000000	0
VCP	4	9.9998e-01	1.0000e+00	1.000000	0
TUBGCP3	4	9.9998e-01	1.0000e+00	1.000000	0
PSMD13	4	9.9998e-01	1.0000e+00	1.000000	0
SMC2	4	9.9998e-01	1.0000e+00	1.000000	0
HMGCS1	4	9.9998e-01	1.0000e+00	1.000000	0
COPB2	4	9.9998e-01	1.0000e+00	1.000000	0
KDSR	4	9.9998e-01	1.0000e+00	1.000000	0
MMS19	4	9.9998e-01	1.0000e+00	1.000000	0
STK11	4	9.9998e-01	1.0000e+00	1.000000	0
UTP6	4	9.9998e-01	1.0000e+00	1.000000	0
DOHH	4	9.9998e-01	1.0000e+00	1.000000	0
GRB2	4	9.9998e-01	1.0000e+00	1.000000	0
NCAPD2	4	9.9998e-01	1.0000e+00	1.000000	0
DPM1	4	9.9998e-01	1.0000e+00	1.000000	0
RPS11	4	9.9998e-01	1.0000e+00	1.000000	0
NCAPG	4	9.9998e-01	1.0000e+00	1.000000	0
EARS2	4	9.9998e-01	1.0000e+00	1.000000	0
RPL34	4	9.9998e-01	1.0000e+00	1.000000	0
RPL37A	4	9.9998e-01	1.0000e+00	1.000000	0
CPSF6	4	9.9998e-01	1.0000e+00	1.000000	0
C19orf52	4	9.9998e-01	1.0000e+00	1.000000	0
PIK3C3	4	9.9998e-01	1.0000e+00	1.000000	0
POP7	4	9.9998e-01	1.0000e+00	1.000000	0
BARD1	4	9.9998e-01	1.0000e+00	1.000000	0
MYC	4	9.9998e-01	1.0000e+00	1.000000	0
YARS2	4	9.9998e-01	1.0000e+00	1.000000	0
LSM6	4	9.9998e-01	1.0000e+00	1.000000	0
GFM1	4	9.9998e-01	1.0000e+00	1.000000	0
KTI12	4	9.9998e-01	1.0000e+00	1.000000	0
ARL2	4	9.9998e-01	1.0000e+00	1.000000	0
DCTN5	4	9.9998e-01	1.0000e+00	1.000000	0
ZCRB1	4	9.9998e-01	1.0000e+00	1.000000	0
LOC100507462	4	9.9998e-01	1.0000e+00	1.000000	0
UTP3	4	9.9998e-01	1.0000e+00	1.000000	0
POLR3H	4	9.9998e-01	1.0000e+00	1.000000	0
RPL18A	4	9.9998e-01	1.0000e+00	1.000000	0
SLC35B2	4	9.9998e-01	1.0000e+00	1.000000	0
EGLN1	4	9.9998e-01	1.0000e+00	1.000000	0
UBR4	4	9.9998e-01	1.0000e+00	1.000000	0
SEC22B	4	9.9998e-01	1.0000e+00	1.000000	0
RNF113A	4	9.9998e-01	1.0000e+00	1.000000	0
FNTA	4	9.9998e-01	1.0000e+00	1.000000	0
EIF3C	4	9.9998e-01	1.0000e+00	1.000000	0
RPS21	4	9.9999e-01	1.0000e+00	1.000000	0
PRPF8	4	9.9999e-01	1.0000e+00	1.000000	0
COPS6	4	9.9999e-01	1.0000e+00	1.000000	0
SNF8	4	9.9999e-01	1.0000e+00	1.000000	0
PTPN11	4	9.9999e-01	1.0000e+00	1.000000	0
MCM3	4	9.9999e-01	1.0000e+00	1.000000	0
STX18	4	9.9999e-01	1.0000e+00	1.000000	0
ATP6V1D	4	9.9999e-01	1.0000e+00	1.000000	0
ABCF1	4	9.9999e-01	1.0000e+00	1.000000	0
ITGB5	4	9.9999e-01	1.0000e+00	1.000000	0
PGLS	4	9.9999e-01	1.0000e+00	1.000000	0
GPR89A	4	9.9999e-01	1.0000e+00	1.000000	0
RPS24	4	9.9999e-01	1.0000e+00	1.000000	0
GPN1	4	9.9999e-01	1.0000e+00	1.000000	0
CCNA2	4	9.9999e-01	1.0000e+00	1.000000	0
HDAC3	4	9.9999e-01	1.0000e+00	1.000000	0
SF3B1	4	9.9999e-01	1.0000e+00	1.000000	0
CHTF18	4	9.9999e-01	1.0000e+00	1.000000	0
TBCB	4	9.9999e-01	1.0000e+00	1.000000	0
HSCB	4	9.9999e-01	1.0000e+00	1.000000	0
PELO	4	9.9999e-01	1.0000e+00	1.000000	0
COPS2	4	9.9999e-01	1.0000e+00	1.000000	0
RTCB	4	9.9999e-01	1.0000e+00	1.000000	0
NUP43	4	9.9999e-01	1.0000e+00	1.000000	0
ACTL6A	4	9.9999e-01	1.0000e+00	1.000000	0
TANGO6	4	9.9999e-01	1.0000e+00	1.000000	0
EIF2B2	4	9.9999e-01	1.0000e+00	1.000000	0
RPL28	4	9.9999e-01	1.0000e+00	1.000000	0
CENPC	4	9.9999e-01	1.0000e+00	1.000000	0
TIPARP	4	9.9999e-01	1.0000e+00	1.000000	0
RPS13	4	9.9999e-01	1.0000e+00	1.000000	0
ELP4	4	9.9999e-01	1.0000e+00	1.000000	0
SUPT16H	4	9.9999e-01	1.0000e+00	1.000000	0
GPX4	4	9.9999e-01	1.0000e+00	1.000000	0
PREB	4	9.9999e-01	1.0000e+00	1.000000	0
CTC1	4	9.9999e-01	1.0000e+00	1.000000	0
YEATS4	4	9.9999e-01	1.0000e+00	1.000000	0
XRN2	4	9.9999e-01	1.0000e+00	1.000000	0
RPL35	4	9.9999e-01	1.0000e+00	1.000000	0
EPRS	4	9.9999e-01	1.0000e+00	1.000000	0
RAD51C	4	9.9999e-01	1.0000e+00	1.000000	0
GOLGA6L1	4	9.9999e-01	1.0000e+00	1.000000	0
SBNO1	4	9.9999e-01	1.0000e+00	1.000000	0
RPS29	4	9.9999e-01	1.0000e+00	1.000000	0
GTF2A2	4	9.9999e-01	1.0000e+00	1.000000	0
VARS	4	9.9999e-01	1.0000e+00	1.000000	0
RAC1	4	9.9999e-01	1.0000e+00	1.000000	0
DIEXF	4	9.9999e-01	1.0000e+00	1.000000	0
NOL10	4	9.9999e-01	1.0000e+00	1.000000	0
NELFCD	4	9.9999e-01	1.0000e+00	1.000000	0
TXN	4	9.9999e-01	1.0000e+00	1.000000	0
ALG6	4	9.9999e-01	1.0000e+00	1.000000	0
ELAVL1	4	9.9999e-01	1.0000e+00	1.000000	0
PSMD7	4	9.9999e-01	1.0000e+00	1.000000	0
EIF3E	4	9.9999e-01	1.0000e+00	1.000000	0
POLD1	4	9.9999e-01	1.0000e+00	1.000000	0
ENO1	4	9.9999e-01	1.0000e+00	1.000000	0
KDM2A	4	9.9999e-01	1.0000e+00	1.000000	0
DHPS	4	9.9999e-01	1.0000e+00	1.000000	0
WDR18	4	9.9999e-01	1.0000e+00	1.000000	0
TELO2	4	9.9999e-01	1.0000e+00	1.000000	0
GGPS1	4	9.9999e-01	1.0000e+00	1.000000	0
RPL35A	4	9.9999e-01	1.0000e+00	1.000000	0
EIF3D	4	9.9999e-01	1.0000e+00	1.000000	0
TIMM9	4	9.9999e-01	1.0000e+00	1.000000	0
NOC4L	4	9.9999e-01	1.0000e+00	1.000000	0
BTF3	4	9.9999e-01	1.0000e+00	1.000000	0
EXOSC8	4	9.9999e-01	1.0000e+00	1.000000	0
PDRG1	4	9.9999e-01	1.0000e+00	1.000000	0
RAD50	4	9.9999e-01	1.0000e+00	1.000000	0
EIF3A	4	9.9999e-01	1.0000e+00	1.000000	0
MAEA	4	9.9999e-01	1.0000e+00	1.000000	0
VMP1	4	9.9999e-01	1.0000e+00	1.000000	0
C3orf17	4	9.9999e-01	1.0000e+00	1.000000	0
SMC5	4	9.9999e-01	1.0000e+00	1.000000	0
PHAX	4	9.9999e-01	1.0000e+00	1.000000	0
GTF2B	4	9.9999e-01	1.0000e+00	1.000000	0
LRR1	4	9.9999e-01	1.0000e+00	1.000000	0
YBX1	4	9.9999e-01	1.0000e+00	1.000000	0
TRAPPC11	4	9.9999e-01	1.0000e+00	1.000000	0
NAA50	4	9.9999e-01	1.0000e+00	1.000000	0
TSR2	4	9.9999e-01	1.0000e+00	1.000000	0
UBA1	4	9.9999e-01	1.0000e+00	1.000000	0
CLP1	4	9.9999e-01	1.0000e+00	1.000000	0
TIMM10	4	9.9999e-01	1.0000e+00	1.000000	0
KIF11	4	9.9999e-01	1.0000e+00	1.000000	0
PMPCB	4	9.9999e-01	1.0000e+00	1.000000	0
RPL23A	4	9.9999e-01	1.0000e+00	1.000000	0
RPS19	4	9.9999e-01	1.0000e+00	1.000000	0
RPS15	4	9.9999e-01	1.0000e+00	1.000000	0
METTL16	4	9.9999e-01	1.0000e+00	1.000000	0
UHRF1	4	9.9999e-01	1.0000e+00	1.000000	0
SSB	4	9.9999e-01	1.0000e+00	1.000000	0
UBA52	4	9.9999e-01	1.0000e+00	1.000000	0
POLR2A	4	9.9999e-01	1.0000e+00	1.000000	0
NOP16	4	9.9999e-01	1.0000e+00	1.000000	0
FDXR	4	9.9999e-01	1.0000e+00	1.000000	0
G6PD	4	9.9999e-01	1.0000e+00	1.000000	0
GTF3C5	4	9.9999e-01	1.0000e+00	1.000000	0
PPP4C	4	9.9999e-01	1.0000e+00	1.000000	0
EIF3I	4	9.9999e-01	1.0000e+00	1.000000	0
NOP10	4	9.9999e-01	1.0000e+00	1.000000	0
INTS5	4	9.9999e-01	1.0000e+00	1.000000	0
TBCD	4	9.9999e-01	1.0000e+00	1.000000	0
PSMB3	4	9.9999e-01	1.0000e+00	1.000000	0
VPS29	4	9.9999e-01	1.0000e+00	1.000000	0
NLE1	4	9.9999e-01	1.0000e+00	1.000000	0
RUVBL1	4	9.9999e-01	1.0000e+00	1.000000	0
ARPC4	4	9.9999e-01	1.0000e+00	1.000000	0
MOCS3	4	9.9999e-01	1.0000e+00	1.000000	0
XPO1	3	9.9999e-01	1.0000e+00	1.000000	0
NARFL	4	9.9999e-01	1.0000e+00	1.000000	0
VPS52	4	9.9999e-01	1.0000e+00	1.000000	0
EEF1A1	4	9.9999e-01	1.0000e+00	1.000000	0
PSMB1	4	9.9999e-01	1.0000e+00	1.000000	0
ALG13	4	9.9999e-01	1.0000e+00	1.000000	0
GLTSCR2	4	9.9999e-01	1.0000e+00	1.000000	0
COPG1	4	9.9999e-01	1.0000e+00	1.000000	0
EIF1AX	4	9.9999e-01	1.0000e+00	1.000000	0
WBSCR22	4	9.9999e-01	1.0000e+00	1.000000	0
DCTN6	4	9.9999e-01	1.0000e+00	1.000000	0
DDX18	4	9.9999e-01	1.0000e+00	1.000000	0
SPDL1	4	9.9999e-01	1.0000e+00	1.000000	0
TCP1	4	9.9999e-01	1.0000e+00	1.000000	0
C12orf45	4	9.9999e-01	1.0000e+00	1.000000	0
RPL38	4	1.0000e+00	1.0000e+00	1.000000	0
SNRPG	4	1.0000e+00	1.0000e+00	1.000000	0
NUF2	4	1.0000e+00	1.0000e+00	1.000000	0
SAP18	4	1.0000e+00	1.0000e+00	1.000000	0
DTYMK	4	1.0000e+00	1.0000e+00	1.000000	0
RFC5	4	1.0000e+00	1.0000e+00	1.000000	0
CLTC	4	1.0000e+00	1.0000e+00	1.000000	0
TUBB	4	1.0000e+00	1.0000e+00	1.000000	0
MAK16	4	1.0000e+00	1.0000e+00	1.000000	0
RABGGTA	4	1.0000e+00	1.0000e+00	1.000000	0
PSMA6	4	1.0000e+00	1.0000e+00	1.000000	0
HARS	4	1.0000e+00	1.0000e+00	1.000000	0
RPL10A	4	1.0000e+00	1.0000e+00	1.000000	0
EIF5	4	1.0000e+00	1.0000e+00	1.000000	0
SEC13	4	1.0000e+00	1.0000e+00	1.000000	0
NCAPD3	4	1.0000e+00	1.0000e+00	1.000000	0
ATP6V1C1	4	1.0000e+00	1.0000e+00	1.000000	0
PSMB2	4	1.0000e+00	1.0000e+00	1.000000	0
MED11	4	1.0000e+00	1.0000e+00	1.000000	0
SMU1	4	1.0000e+00	1.0000e+00	1.000000	0
RPS12	4	1.0000e+00	1.0000e+00	1.000000	0
C1orf131	4	1.0000e+00	1.0000e+00	1.000000	0
COPE	4	1.0000e+00	1.0000e+00	1.000000	0
GPN2	4	1.0000e+00	1.0000e+00	1.000000	0
EFTUD2	4	1.0000e+00	1.0000e+00	1.000000	0
UBL5	4	1.0000e+00	1.0000e+00	1.000000	0
UBA3	4	1.0000e+00	1.0000e+00	1.000000	0
WDHD1	4	1.0000e+00	1.0000e+00	1.000000	0
TTI1	4	1.0000e+00	1.0000e+00	1.000000	0
CSTF3	4	1.0000e+00	1.0000e+00	1.000000	0
USO1	4	1.0000e+00	1.0000e+00	1.000000	0
RPL10	4	1.0000e+00	1.0000e+00	1.000000	0
ECD	4	1.0000e+00	1.0000e+00	1.000000	0
STRAP	4	1.0000e+00	1.0000e+00	1.000000	0
RPS4X	4	1.0000e+00	1.0000e+00	1.000000	0
CCT6A	4	1.0000e+00	1.0000e+00	1.000000	0
CPSF3	4	1.0000e+00	1.0000e+00	1.000000	0
PRPF19	4	1.0000e+00	1.0000e+00	1.000000	0
TRIAP1	4	1.0000e+00	1.0000e+00	1.000000	0
CDK1	4	1.0000e+00	1.0000e+00	1.000000	0
CCT5	4	1.0000e+00	1.0000e+00	1.000000	0
PRMT5	4	1.0000e+00	1.0000e+00	1.000000	0
USP39	4	1.0000e+00	1.0000e+00	1.000000	0
RFC3	4	1.0000e+00	1.0000e+00	1.000000	0
VPS25	4	1.0000e+00	1.0000e+00	1.000000	0
MTOR	4	1.0000e+00	1.0000e+00	1.000000	0
RPS27	4	1.0000e+00	1.0000e+00	1.000000	0
RPTOR	4	1.0000e+00	1.0000e+00	1.000000	0
ACTR2	4	1.0000e+00	1.0000e+00	1.000000	0
SNRPD1	4	1.0000e+00	1.0000e+00	1.000000	0
DDX55	4	1.0000e+00	1.0000e+00	1.000000	0
PDPK1	4	1.0000e+00	1.0000e+00	1.000000	0
RPS18	4	1.0000e+00	1.0000e+00	1.000000	0
GTPBP4	4	1.0000e+00	1.0000e+00	1.000000	0
DHRS7B	4	1.0000e+00	1.0000e+00	1.000000	0
EXOSC2	4	1.0000e+00	1.0000e+00	1.000000	0
ATP6V0B	4	1.0000e+00	1.0000e+00	1.000000	0
PPIL2	4	1.0000e+00	1.0000e+00	1.000000	0
DDX47	4	1.0000e+00	1.0000e+00	1.000000	0
NOL9	4	1.0000e+00	1.0000e+00	1.000000	0
PCID2	4	1.0000e+00	1.0000e+00	1.000000	0
DDX54	4	1.0000e+00	1.0000e+00	1.000000	0
MFN2	4	1.0000e+00	1.0000e+00	1.000000	0
RPS28	4	1.0000e+00	1.0000e+00	1.000000	0
U2AF1	4	1.0000e+00	1.0000e+00	1.000000	0
PFDN2	4	1.0000e+00	1.0000e+00	1.000000	0
FARSA	4	1.0000e+00	1.0000e+00	1.000000	0
SNRNP35	4	1.0000e+00	1.0000e+00	1.000000	0
DDX21	4	1.0000e+00	1.0000e+00	1.000000	0
COPB1	4	1.0000e+00	1.0000e+00	1.000000	0
GNL3L	4	1.0000e+00	1.0000e+00	1.000000	0
GRPEL1	4	1.0000e+00	1.0000e+00	1.000000	0
RPL31	4	1.0000e+00	1.0000e+00	1.000000	0
FERMT2	4	1.0000e+00	1.0000e+00	1.000000	0
CARS	4	1.0000e+00	1.0000e+00	1.000000	0
IMP4	4	1.0000e+00	1.0000e+00	1.000000	0
RPL8	4	1.0000e+00	1.0000e+00	1.000000	0
TRMT5	4	1.0000e+00	1.0000e+00	1.000000	0
ALDOA	4	1.0000e+00	1.0000e+00	1.000000	0
RPF2	4	1.0000e+00	1.0000e+00	1.000000	0
MARS	4	1.0000e+00	1.0000e+00	1.000000	0
CCNH	4	1.0000e+00	1.0000e+00	1.000000	0
ATP6V1E1	4	1.0000e+00	1.0000e+00	1.000000	0
CDC42	4	1.0000e+00	1.0000e+00	1.000000	0
RPS17	4	1.0000e+00	1.0000e+00	1.000000	0
PELP1	4	1.0000e+00	1.0000e+00	1.000000	0
SACM1L	4	1.0000e+00	1.0000e+00	1.000000	0
TIMELESS	4	1.0000e+00	1.0000e+00	1.000000	0
RPL37	4	1.0000e+00	1.0000e+00	1.000000	0
SNW1	4	1.0000e+00	1.0000e+00	1.000000	0
DTL	4	1.0000e+00	1.0000e+00	1.000000	0
CDK7	4	1.0000e+00	1.0000e+00	1.000000	0
GOSR2	4	1.0000e+00	1.0000e+00	1.000000	0
ARCN1	4	1.0000e+00	1.0000e+00	1.000000	0
WDR74	4	1.0000e+00	1.0000e+00	1.000000	0
POLR3A	4	1.0000e+00	1.0000e+00	1.000000	0
SKIV2L2	4	1.0000e+00	1.0000e+00	1.000000	0
RPS8	4	1.0000e+00	1.0000e+00	1.000000	0
NIP7	4	1.0000e+00	1.0000e+00	1.000000	0
DKC1	4	1.0000e+00	1.0000e+00	1.000000	0
DNAJC17	4	1.0000e+00	1.0000e+00	1.000000	0
DAD1	4	1.0000e+00	1.0000e+00	1.000000	0
ILF3	4	1.0000e+00	1.0000e+00	1.000000	0
CCT2	4	1.0000e+00	1.0000e+00	1.000000	0
RPS20	4	1.0000e+00	1.0000e+00	1.000000	0
ATP6AP1	4	1.0000e+00	1.0000e+00	1.000000	0
SNRPD2	4	1.0000e+00	1.0000e+00	1.000000	0
GNL3	4	1.0000e+00	1.0000e+00	1.000000	0
SRSF1	4	1.0000e+00	1.0000e+00	1.000000	0
CIAO1	4	1.0000e+00	1.0000e+00	1.000000	0
RPL11	4	1.0000e+00	1.0000e+00	1.000000	0
DHX37	4	1.0000e+00	1.0000e+00	1.000000	0
RAD51	4	1.0000e+00	1.0000e+00	1.000000	0
RPS14	4	1.0000e+00	1.0000e+00	1.000000	0
TUT1	4	1.0000e+00	1.0000e+00	1.000000	0
FAM96B	4	1.0000e+00	1.0000e+00	1.000000	0
SNRPD3	4	1.0000e+00	1.0000e+00	1.000000	0
POT1	4	1.0000e+00	1.0000e+00	1.000000	0
IARS2	4	1.0000e+00	1.0000e+00	1.000000	0
PSMG3	4	1.0000e+00	1.0000e+00	1.000000	0
UBE2I	4	1.0000e+00	1.0000e+00	1.000000	0
SEC61A1	4	1.0000e+00	1.0000e+00	1.000000	0
HSPA9	4	1.0000e+00	1.0000e+00	1.000000	0
EIF2B3	4	1.0000e+00	1.0000e+00	1.000000	0
NAA10	4	1.0000e+00	1.0000e+00	1.000000	0
TAF2	4	1.0000e+00	1.0000e+00	1.000000	0
EIF4G1	4	1.0000e+00	1.0000e+00	1.000000	0
RSL24D1	4	1.0000e+00	1.0000e+00	1.000000	0
RPS3A	4	1.0000e+00	1.0000e+00	1.000000	0
RPS15A	4	1.0000e+00	1.0000e+00	1.000000	0
PDCD2	4	1.0000e+00	1.0000e+00	1.000000	0
SYS1	4	1.0000e+00	1.0000e+00	1.000000	0
TRRAP	4	1.0000e+00	1.0000e+00	1.000000	0
SNRPF	4	1.0000e+00	1.0000e+00	1.000000	0
RPLP0	4	1.0000e+00	1.0000e+00	1.000000	0
ATP6V0C	4	1.0000e+00	1.0000e+00	1.000000	0
ARPC3	4	1.0000e+00	1.0000e+00	1.000000	0
PHB	4	1.0000e+00	1.0000e+00	1.000000	0
PCNA	4	1.0000e+00	1.0000e+00	1.000000	0
NDNL2	4	1.0000e+00	1.0000e+00	1.000000	0
DNM2	4	1.0000e+00	1.0000e+00	1.000000	0
CCT4	4	1.0000e+00	1.0000e+00	1.000000	0
RPS6	4	1.0000e+00	1.0000e+00	1.000000	0
ANAPC11	4	1.0000e+00	1.0000e+00	1.000000	0
SRSF7	4	1.0000e+00	1.0000e+00	1.000000	0
UXT	4	1.0000e+00	1.0000e+00	1.000000	0
RFC2	4	1.0000e+00	1.0000e+00	1.000000	0
PLK1	4	1.0000e+00	1.0000e+00	1.000000	0
RPP21	4	1.0000e+00	1.0000e+00	1.000000	0
COPA	4	1.0000e+00	1.0000e+00	1.000000	0
DARS	4	1.0000e+00	1.0000e+00	1.000000	0
PSMB7	4	1.0000e+00	1.0000e+00	1.000000	0
POLR3B	4	1.0000e+00	1.0000e+00	1.000000	0
CSE1L	4	1.0000e+00	1.0000e+00	1.000000	0
EIF2S3	4	1.0000e+00	1.0000e+00	1.000000	0
HSPA5	4	1.0000e+00	1.0000e+00	1.000000	0
PRIM1	4	1.0000e+00	1.0000e+00	1.000000	0
RPL7	4	1.0000e+00	1.0000e+00	1.000000	0
DPH3	4	1.0000e+00	1.0000e+00	1.000000	0
RRM1	4	1.0000e+00	1.0000e+00	1.000000	0
NUDT21	4	1.0000e+00	1.0000e+00	1.000000	0
PGAM1	4	1.0000e+00	1.0000e+00	1.000000	0
KPNB1	4	1.0000e+00	1.0000e+00	1.000000	0
ORAOV1	4	1.0000e+00	1.0000e+00	1.000000	0
MCM7	4	1.0000e+00	1.0000e+00	1.000000	0
POLR1C	4	1.0000e+00	1.0000e+00	1.000000	0
HSPE1	4	1.0000e+00	1.0000e+00	1.000000	0
CDIPT	4	1.0000e+00	1.0000e+00	1.000000	0
CCT7	4	1.0000e+00	1.0000e+00	1.000000	0
BUB3	4	1.0000e+00	1.0000e+00	1.000000	0
SKP1	4	1.0000e+00	1.0000e+00	1.000000	0
POLE2	4	1.0000e+00	1.0000e+00	1.000000	0
EIF2S1	4	1.0000e+00	1.0000e+00	1.000000	0
POLR2L	4	1.0000e+00	1.0000e+00	1.000000	0
ETF1	4	1.0000e+00	1.0000e+00	1.000000	0
TOP2A	4	1.0000e+00	1.0000e+00	1.000000	0
RPL17	4	1.0000e+00	1.0000e+00	1.000000	0
SBDS	4	1.0000e+00	1.0000e+00	1.000000	0
PSMA5	4	1.0000e+00	1.0000e+00	1.000000	0
HSPD1	4	1.0000e+00	1.0000e+00	1.000000	0
NCBP1	4	1.0000e+00	1.0000e+00	1.000000	0
LSM11	4	1.0000e+00	1.0000e+00	1.000000	0
ACTR10	4	1.0000e+00	1.0000e+00	1.000000	0
EIF6	4	1.0000e+00	1.0000e+00	1.000000	0
NOP58	4	1.0000e+00	1.0000e+00	1.000000	0
PSMA7	4	1.0000e+00	1.0000e+00	1.000000	0
VRK1	4	1.0000e+00	1.0000e+00	1.000000	0
FBL	4	1.0000e+00	1.0000e+00	1.000000	0
RPL19	4	1.0000e+00	1.0000e+00	1.000000	0
NEDD8	4	1.0000e+00	1.0000e+00	1.000000	0
FAU	4	1.0000e+00	1.0000e+00	1.000000	0
