group_id	items_in_group	lo_value	p	FDR	goodsgrna
CARS	4	1.1194e-08	2.5901e-07	0.000006	4
SBDS	4	1.5612e-08	2.5901e-07	0.000006	4
VRK1	4	1.8298e-08	2.5901e-07	0.000006	4
SACM1L	4	2.6472e-08	2.5901e-07	0.000006	4
IARS2	4	4.6305e-08	2.5901e-07	0.000006	4
RPS20	4	4.6796e-08	2.5901e-07	0.000006	4
TRRAP	4	5.3370e-08	2.5901e-07	0.000006	4
PGAM1	4	5.6525e-08	2.5901e-07	0.000006	4
CDC42	4	7.6925e-08	2.5901e-07	0.000006	4
TTI1	4	8.0944e-08	2.5901e-07	0.000006	4
PSMB4	4	1.1057e-07	2.5901e-07	0.000006	4
ANAPC11	4	1.1672e-07	2.5901e-07	0.000006	4
NUF2	4	1.2170e-07	2.5901e-07	0.000006	4
RPL19	4	1.5019e-07	2.5901e-07	0.000006	4
LSM11	4	1.7643e-07	2.5901e-07	0.000006	4
EIF1AX	4	1.8851e-07	2.5901e-07	0.000006	4
HSPA5	4	1.8991e-07	2.5901e-07	0.000006	4
MFN2	4	1.9039e-07	2.5901e-07	0.000006	4
WDR74	4	2.0443e-07	2.5901e-07	0.000006	4
BUB3	4	2.0743e-07	2.5901e-07	0.000006	4
FAU	4	2.0945e-07	2.5901e-07	0.000006	4
TOP2A	4	2.3045e-07	2.5901e-07	0.000006	4
GNL3L	4	2.4435e-07	2.5901e-07	0.000006	4
NOB1	4	2.5807e-07	2.5901e-07	0.000006	4
PSMB3	4	2.6973e-07	2.5901e-07	0.000006	4
PSMA5	4	2.9310e-07	2.5901e-07	0.000006	4
RPP21	4	3.3347e-07	2.5901e-07	0.000006	4
ATP6V0C	4	3.3816e-07	2.5901e-07	0.000006	4
SNRPF	4	3.4143e-07	2.5901e-07	0.000006	4
PSMG3	4	3.7239e-07	2.5901e-07	0.000006	4
DTYMK	4	4.1504e-07	2.5901e-07	0.000006	4
PHB	4	4.3221e-07	2.5901e-07	0.000006	4
DPH3	4	4.5036e-07	2.5901e-07	0.000006	4
FBL	4	4.6954e-07	2.5901e-07	0.000006	4
VPS52	4	4.7420e-07	2.5901e-07	0.000006	4
RPS12	4	5.3896e-07	2.5901e-07	0.000006	4
NUDT21	4	5.4412e-07	2.5901e-07	0.000006	4
PRMT1	4	5.5333e-07	2.5901e-07	0.000006	4
SEC13	4	5.6942e-07	2.5901e-07	0.000006	4
PFDN2	4	5.7372e-07	2.5901e-07	0.000006	4
NCAPD3	4	5.9781e-07	2.5901e-07	0.000006	4
NOP16	4	6.3536e-07	2.5901e-07	0.000006	4
RPS18	4	6.4354e-07	2.5901e-07	0.000006	4
ZCRB1	4	6.4826e-07	2.5901e-07	0.000006	4
TUT1	4	7.0686e-07	2.5901e-07	0.000006	4
EIF3I	4	7.2725e-07	2.5901e-07	0.000006	4
GRPEL1	4	7.2983e-07	2.5901e-07	0.000006	4
RPL35A	4	7.4022e-07	2.5901e-07	0.000006	4
PSMA6	4	7.5825e-07	2.5901e-07	0.000006	4
IMP3	4	8.0073e-07	2.5901e-07	0.000006	4
POLR1A	4	8.1466e-07	2.5901e-07	0.000006	4
ALDOA	4	8.3590e-07	2.5901e-07	0.000006	4
SNRPD1	4	8.3733e-07	2.5901e-07	0.000006	4
NCBP1	4	8.6633e-07	2.5901e-07	0.000006	4
RPS4X	4	9.1277e-07	2.5901e-07	0.000006	4
RPS3A	4	9.4998e-07	2.5901e-07	0.000006	4
GPR89A	4	9.5392e-07	2.5901e-07	0.000006	4
CDC45	4	9.6901e-07	2.5901e-07	0.000006	4
SMU1	4	9.7061e-07	2.5901e-07	0.000006	4
RPS6	4	9.7702e-07	2.5901e-07	0.000006	4
C19orf25	4	1.0406e-06	2.5901e-07	0.000006	4
XPO1	3	1.0477e-06	2.5901e-07	0.000006	3
RPL7	4	1.0927e-06	2.5901e-07	0.000006	4
HSPA9	4	1.1103e-06	2.5901e-07	0.000006	4
FDXR	4	1.1210e-06	2.5901e-07	0.000006	4
FARSA	4	1.1389e-06	2.5901e-07	0.000006	4
ILF3	4	1.1680e-06	2.5901e-07	0.000006	4
MOCS3	4	1.1708e-06	2.5901e-07	0.000006	4
BTF3	4	1.1958e-06	2.5901e-07	0.000006	4
RPS11	4	1.2071e-06	2.5901e-07	0.000006	4
NXF1	4	1.2843e-06	2.5901e-07	0.000006	4
TCP1	4	1.3363e-06	2.5901e-07	0.000006	4
RSL24D1	4	1.4778e-06	2.5901e-07	0.000006	4
GPN1	4	1.5424e-06	2.5901e-07	0.000006	4
TUBB	4	1.6044e-06	2.5901e-07	0.000006	4
GNB2L1	4	1.6302e-06	2.5901e-07	0.000006	4
TEAD1	4	1.6876e-06	2.5901e-07	0.000006	4
WDR18	4	1.7119e-06	2.5901e-07	0.000006	4
NACA	4	1.7427e-06	2.5901e-07	0.000006	4
TRMT5	4	1.7564e-06	2.5901e-07	0.000006	4
EIF6	4	1.8299e-06	2.5901e-07	0.000006	4
PELO	4	1.8402e-06	2.5901e-07	0.000006	4
CENPC	4	1.8584e-06	2.5901e-07	0.000006	4
SRSF1	4	1.8636e-06	2.5901e-07	0.000006	4
DPM1	4	1.8793e-06	2.5901e-07	0.000006	4
COPS2	4	1.8832e-06	2.5901e-07	0.000006	4
CSE1L	4	1.8925e-06	2.5901e-07	0.000006	4
RPL5	4	1.9751e-06	2.5901e-07	0.000006	4
GTPBP4	4	1.9975e-06	2.5901e-07	0.000006	4
RER1	4	2.0042e-06	2.5901e-07	0.000006	4
EIF2S1	4	2.0168e-06	2.5901e-07	0.000006	4
NAA50	4	2.0390e-06	2.5901e-07	0.000006	4
SNRNP35	4	2.0869e-06	2.5901e-07	0.000006	4
PREB	4	2.1705e-06	2.5901e-07	0.000006	4
RPL17	4	2.2058e-06	2.5901e-07	0.000006	4
ACTR2	4	2.2266e-06	2.5901e-07	0.000006	4
GPN2	4	2.2355e-06	2.5901e-07	0.000006	4
COPA	4	2.2716e-06	2.5901e-07	0.000006	4
UBA52	4	2.3051e-06	2.5901e-07	0.000006	4
ARPC3	4	2.3082e-06	2.5901e-07	0.000006	4
STRAP	4	2.3359e-06	2.5901e-07	0.000006	4
ACTL6A	4	2.4395e-06	2.5901e-07	0.000006	4
PELP1	4	2.4781e-06	2.5901e-07	0.000006	4
RPL31	4	2.4975e-06	2.5901e-07	0.000006	4
RPS27	4	2.5301e-06	2.5901e-07	0.000006	4
NOL9	4	2.5400e-06	2.5901e-07	0.000006	4
POLE2	4	2.5532e-06	2.5901e-07	0.000006	4
IMP4	4	2.6098e-06	2.5901e-07	0.000006	4
MFAP1	4	2.6537e-06	2.5901e-07	0.000006	4
PLK1	4	2.6708e-06	2.5901e-07	0.000006	4
NELFCD	4	2.7120e-06	2.5901e-07	0.000006	4
PRMT5	4	2.7363e-06	2.5901e-07	0.000006	4
C3orf17	4	2.7415e-06	2.5901e-07	0.000006	4
MCM7	4	2.7790e-06	2.5901e-07	0.000006	4
DHPS	4	2.7889e-06	2.5901e-07	0.000006	4
UBA3	4	2.8030e-06	2.5901e-07	0.000006	4
SKA2	4	2.8066e-06	2.5901e-07	0.000006	4
RPS15A	4	2.8494e-06	2.5901e-07	0.000006	4
UXT	4	2.8890e-06	2.5901e-07	0.000006	4
TRAPPC11	4	2.9036e-06	2.5901e-07	0.000006	4
EIF2B3	4	2.9364e-06	2.5901e-07	0.000006	4
RPS29	4	2.9401e-06	2.5901e-07	0.000006	4
POLR1C	4	3.0086e-06	2.5901e-07	0.000006	4
NLE1	4	3.0142e-06	2.5901e-07	0.000006	4
USP39	4	3.0822e-06	2.5901e-07	0.000006	4
DNAJC17	4	3.1940e-06	2.5901e-07	0.000006	4
GOSR2	4	3.2077e-06	2.5901e-07	0.000006	4
PRPF19	4	3.2968e-06	2.5901e-07	0.000006	4
EIF3E	4	3.3088e-06	2.5901e-07	0.000006	4
POLR2L	4	3.3128e-06	2.5901e-07	0.000006	4
DHX36	4	3.4681e-06	2.5901e-07	0.000006	4
CCT4	4	3.5015e-06	2.5901e-07	0.000006	4
SRSF7	4	3.5182e-06	2.5901e-07	0.000006	4
VMP1	4	3.5711e-06	2.5901e-07	0.000006	4
CPSF3	4	3.5711e-06	2.5901e-07	0.000006	4
NUP85	4	3.5988e-06	2.5901e-07	0.000006	4
COPS6	4	3.6417e-06	2.5901e-07	0.000006	4
SEC61A1	4	3.7639e-06	2.5901e-07	0.000006	4
RPL37	4	3.7683e-06	2.5901e-07	0.000006	4
ETF1	4	3.7772e-06	2.5901e-07	0.000006	4
ATP6V1C1	4	3.7816e-06	2.5901e-07	0.000006	4
LOC100507462	4	3.8038e-06	2.5901e-07	0.000006	4
RPS17	4	3.8128e-06	2.5901e-07	0.000006	4
EIF4G1	4	3.8306e-06	2.5901e-07	0.000006	4
POT1	4	3.8711e-06	2.5901e-07	0.000006	4
NDNL2	4	3.9576e-06	2.5901e-07	0.000006	4
RPL8	4	3.9875e-06	2.5901e-07	0.000006	4
EIF5	4	4.0176e-06	2.5901e-07	0.000006	4
TMED2	4	4.1159e-06	2.5901e-07	0.000006	4
CLTC	4	4.1254e-06	2.5901e-07	0.000006	4
CCT7	4	4.1491e-06	2.5901e-07	0.000006	4
RPL23A	4	4.2499e-06	2.5901e-07	0.000006	4
CCNA2	4	4.3574e-06	2.5901e-07	0.000006	4
NOL10	4	4.4069e-06	2.5901e-07	0.000006	4
SYS1	4	4.4318e-06	2.5901e-07	0.000006	4
ALG1	4	4.4669e-06	2.5901e-07	0.000006	4
SKP1	4	4.5098e-06	2.5901e-07	0.000006	4
COPB1	4	4.6558e-06	2.5901e-07	0.000006	4
RPL34	4	4.6792e-06	2.5901e-07	0.000006	4
VPRBP	4	4.8078e-06	2.5901e-07	0.000006	4
RPL15	4	4.9258e-06	2.5901e-07	0.000006	4
RUVBL1	4	4.9801e-06	2.5901e-07	0.000006	4
CCNH	4	5.0349e-06	2.5901e-07	0.000006	4
PSMB7	4	5.2584e-06	2.5901e-07	0.000006	4
RPS14	4	5.3097e-06	2.5901e-07	0.000006	4
DNAJC11	4	5.3355e-06	2.5901e-07	0.000006	4
CDIPT	4	5.3614e-06	2.5901e-07	0.000006	4
BUD31	4	5.4484e-06	2.5901e-07	0.000006	4
FNTA	4	5.4600e-06	2.5901e-07	0.000006	4
RPS13	4	5.5128e-06	2.5901e-07	0.000006	4
ACTR10	4	5.5275e-06	2.5901e-07	0.000006	4
PHF5A	4	5.5482e-06	2.5901e-07	0.000006	4
KANSL1	4	5.6434e-06	2.5901e-07	0.000006	4
PMPCB	4	5.8068e-06	2.5901e-07	0.000006	4
NCAPD2	4	5.9115e-06	2.5901e-07	0.000006	4
RPLP0	4	5.9800e-06	2.5901e-07	0.000006	4
CDK1	4	6.0681e-06	2.5901e-07	0.000006	4
NSF	4	6.3846e-06	2.5901e-07	0.000006	4
PRPF38A	4	6.4057e-06	2.5901e-07	0.000006	3
MAK16	4	6.4598e-06	2.5901e-07	0.000006	4
CCT2	4	6.5196e-06	2.5901e-07	0.000006	4
RPF2	4	6.5430e-06	2.5901e-07	0.000006	4
ACSL4	4	6.7933e-06	2.5901e-07	0.000006	4
RPS16	4	6.8355e-06	2.5901e-07	0.000006	4
FERMT2	4	6.9819e-06	2.5901e-07	0.000006	4
RABGGTA	4	7.0065e-06	2.5901e-07	0.000006	4
NHLRC2	4	7.2274e-06	2.5901e-07	0.000006	4
RUVBL2	4	7.2744e-06	2.5901e-07	0.000006	4
SEPTIN7	4	7.8331e-06	2.5901e-07	0.000006	4
FCF1	4	7.8677e-06	2.5901e-07	0.000006	4
NBPF15	4	8.0229e-06	2.5901e-07	0.000006	4
SLMO2	4	8.0420e-06	2.5901e-07	0.000006	4
CTR9	4	8.0576e-06	2.5901e-07	0.000006	4
B3GAT3	4	8.1519e-06	2.5901e-07	0.000006	4
POLR2K	4	8.1914e-06	2.5901e-07	0.000006	4
HSPE1	4	8.2231e-06	2.5901e-07	0.000006	4
HSPD1	4	8.2470e-06	2.5901e-07	0.000006	4
RPS9	4	8.2629e-06	2.5901e-07	0.000006	4
TUBA1B	4	8.3852e-06	2.5901e-07	0.000006	3
EIF3D	4	8.4316e-06	2.5901e-07	0.000006	4
ECD	4	8.5536e-06	2.5901e-07	0.000006	4
PSMA7	4	8.5987e-06	2.5901e-07	0.000006	4
CENPM	4	8.6192e-06	2.5901e-07	0.000006	4
WBSCR22	4	8.7101e-06	2.5901e-07	0.000006	4
RPL10	4	8.7933e-06	2.5901e-07	0.000006	4
NOP56	4	8.8217e-06	2.5901e-07	0.000006	4
TELO2	4	8.8940e-06	2.5901e-07	0.000006	4
TOMM40	4	9.0125e-06	2.5901e-07	0.000006	4
CEBPZ	4	9.0551e-06	2.5901e-07	0.000006	4
PHAX	4	9.0722e-06	2.5901e-07	0.000006	4
RAN	4	9.0850e-06	2.5901e-07	0.000006	4
DIEXF	4	9.1838e-06	2.5901e-07	0.000006	4
GNL3	4	9.2011e-06	2.5901e-07	0.000006	4
VPS25	4	9.4543e-06	2.5901e-07	0.000006	4
YARS	4	9.5250e-06	2.5901e-07	0.000006	4
DTL	4	9.5427e-06	2.5901e-07	0.000006	4
TMED10	4	9.6946e-06	2.5901e-07	0.000006	4
WASH1	4	1.0152e-05	2.5901e-07	0.000006	4
TRIAP1	4	1.0217e-05	2.5901e-07	0.000006	4
EIF2S3	4	1.0505e-05	2.5901e-07	0.000006	4
PKMYT1	4	1.0770e-05	2.5901e-07	0.000006	4
TNPO3	4	1.0809e-05	2.5901e-07	0.000006	4
PRELID1	4	1.0883e-05	2.5901e-07	0.000006	4
UHRF1	4	1.1090e-05	2.5901e-07	0.000006	4
EXT2	4	1.1300e-05	2.5901e-07	0.000006	4
CCT8	4	1.1309e-05	2.5901e-07	0.000006	4
ENO1	4	1.1631e-05	2.5901e-07	0.000006	4
RRM1	4	1.1776e-05	2.5901e-07	0.000006	4
PPP4C	4	1.1786e-05	2.5901e-07	0.000006	4
EIF2B2	4	1.1905e-05	2.5901e-07	0.000006	4
DDX47	4	1.1906e-05	2.5901e-07	0.000006	4
RAD50	4	1.2006e-05	2.5901e-07	0.000006	4
DHX33	4	1.2032e-05	2.5901e-07	0.000006	4
SNW1	4	1.2133e-05	2.5901e-07	0.000006	4
POLR3B	4	1.2144e-05	2.5901e-07	0.000006	4
SNRPD3	4	1.2165e-05	2.5901e-07	0.000006	4
EEF1G	4	1.2291e-05	2.5901e-07	0.000006	4
UTP3	4	1.2315e-05	2.5901e-07	0.000006	4
CDK7	4	1.2412e-05	2.5901e-07	0.000006	4
GPX4	4	1.2439e-05	2.5901e-07	0.000006	4
DHX37	4	1.2466e-05	2.5901e-07	0.000006	4
C12orf45	4	1.2619e-05	2.5901e-07	0.000006	4
POLA2	4	1.2657e-05	2.5901e-07	0.000006	4
DOHH	4	1.2751e-05	2.5901e-07	0.000006	4
CENPO	4	1.2917e-05	2.5901e-07	0.000006	4
BARD1	4	1.3113e-05	2.5901e-07	0.000006	4
COPG1	4	1.3157e-05	2.5901e-07	0.000006	4
PPAN	4	1.3259e-05	2.5901e-07	0.000006	4
GTF3C5	4	1.3346e-05	2.5901e-07	0.000006	4
YARS2	4	1.3506e-05	2.5901e-07	0.000006	4
DHRS7B	4	1.3541e-05	2.5901e-07	0.000006	4
DPH5	4	1.3616e-05	2.5901e-07	0.000006	4
RTCB	4	1.3634e-05	2.5901e-07	0.000006	4
PRPF8	4	1.3809e-05	2.5901e-07	0.000006	4
SNRPD2	4	1.3867e-05	2.5901e-07	0.000006	4
EP400	4	1.4021e-05	2.5901e-07	0.000006	4
CCT6A	4	1.4140e-05	2.5901e-07	0.000006	4
NOL12	4	1.4331e-05	2.5901e-07	0.000006	4
MED21	4	1.4513e-05	2.5901e-07	0.000006	4
ARPC4	4	1.4934e-05	2.5901e-07	0.000006	4
POLD1	4	1.5043e-05	2.5901e-07	0.000006	4
POLR3A	4	1.5055e-05	2.5901e-07	0.000006	4
SUPT16H	4	1.5168e-05	2.5901e-07	0.000006	4
KDM2A	4	1.5358e-05	2.5901e-07	0.000006	4
EXOSC2	4	1.5396e-05	2.5901e-07	0.000006	4
ARF1	4	1.5428e-05	2.5901e-07	0.000006	4
NOP10	4	1.5690e-05	2.5901e-07	0.000006	4
EIF3B	4	1.5726e-05	2.5901e-07	0.000006	4
COPB2	4	1.5995e-05	2.5901e-07	0.000006	4
UBE2I	4	1.6239e-05	2.5901e-07	0.000006	4
C1orf131	4	1.6345e-05	2.5901e-07	0.000006	4
IPO13	4	1.6584e-05	2.5901e-07	0.000006	4
PRIM1	4	1.7199e-05	2.5901e-07	0.000006	4
DKC1	4	1.7226e-05	2.5901e-07	0.000006	4
GOLGA6L1	4	1.7407e-05	2.5901e-07	0.000006	4
DAD1	4	1.7921e-05	2.5901e-07	0.000006	4
CFAP20	4	1.7943e-05	2.5901e-07	0.000006	4
DDX54	4	1.7985e-05	2.5901e-07	0.000006	4
LONP1	4	1.8014e-05	2.5901e-07	0.000006	4
HSCB	4	1.8057e-05	2.5901e-07	0.000006	4
RTEL1	4	1.8098e-05	2.5901e-07	0.000006	3
PPIL2	4	1.8352e-05	2.5901e-07	0.000006	4
NARFL	4	1.8447e-05	2.5901e-07	0.000006	4
GRWD1	4	1.8476e-05	2.5901e-07	0.000006	4
PIK3C3	4	1.8534e-05	2.5901e-07	0.000006	4
DCAF7	4	1.8755e-05	2.5901e-07	0.000006	4
KANSL3	4	1.8932e-05	2.5901e-07	0.000006	4
DYNLRB1	4	1.8962e-05	2.5901e-07	0.000006	4
DARS	4	1.9111e-05	2.5901e-07	0.000006	4
POLR3H	4	1.9223e-05	2.5901e-07	0.000006	4
CENPN	4	1.9321e-05	2.5901e-07	0.000006	4
COPS4	4	1.9374e-05	2.5901e-07	0.000006	4
C19orf52	4	1.9624e-05	2.5901e-07	0.000006	4
RFC3	4	1.9655e-05	2.5901e-07	0.000006	4
FAM96B	4	1.9831e-05	2.5901e-07	0.000006	4
RPS15	4	1.9854e-05	2.5901e-07	0.000006	4
COPE	4	2.0086e-05	2.5901e-07	0.000006	4
RPS27A	4	2.0148e-05	2.5901e-07	0.000006	4
NEDD8	4	2.0241e-05	2.5901e-07	0.000006	4
POLG2	4	2.0351e-05	2.5901e-07	0.000006	4
HMGCS1	4	2.0508e-05	2.5901e-07	0.000006	4
TIMM9	4	2.0571e-05	2.5901e-07	0.000006	4
WDR5	4	2.0921e-05	2.5901e-07	0.000006	4
GMNN	4	2.1017e-05	2.5901e-07	0.000006	4
FBXW11	4	2.1113e-05	2.5901e-07	0.000006	4
RBX1	4	2.1275e-05	2.5901e-07	0.000006	4
PDPK1	4	2.1372e-05	2.5901e-07	0.000006	4
SPCS3	4	2.1421e-05	2.5901e-07	0.000006	4
SLC35B2	4	2.1470e-05	2.5901e-07	0.000006	4
MARS	4	2.1626e-05	2.5901e-07	0.000006	4
DDX18	4	2.1732e-05	2.5901e-07	0.000006	4
POLR2F	4	2.2155e-05	2.5901e-07	0.000006	4
SOD1	4	2.2214e-05	2.5901e-07	0.000006	4
EEF1A1	4	2.2289e-05	2.5901e-07	0.000006	4
ELAVL1	4	2.2432e-05	2.5901e-07	0.000006	4
GMPPB	4	2.2771e-05	2.5901e-07	0.000006	4
PNPT1	4	2.2856e-05	2.5901e-07	0.000006	4
ATP6V1E1	4	2.3011e-05	2.5901e-07	0.000006	4
EGLN1	4	2.3356e-05	2.5901e-07	0.000006	4
RPP30	4	2.3671e-05	2.5901e-07	0.000006	4
ARCN1	4	2.4077e-05	2.5901e-07	0.000006	4
TIPARP	4	2.4291e-05	2.5901e-07	0.000006	4
EIF3C	4	2.4887e-05	2.5901e-07	0.000006	4
RPTOR	4	2.4942e-05	2.5901e-07	0.000006	4
EIF2B4	4	2.5290e-05	2.5901e-07	0.000006	4
RFC2	4	2.5401e-05	2.5901e-07	0.000006	4
SDAD1	4	2.5512e-05	2.5901e-07	0.000006	4
XRN2	4	2.5531e-05	2.5901e-07	0.000006	4
SNAI2	4	2.5568e-05	2.5901e-07	0.000006	4
U2AF1	4	2.5930e-05	2.5901e-07	0.000006	4
DDX1	4	2.6064e-05	2.5901e-07	0.000006	4
AARS	4	2.6206e-05	2.5901e-07	0.000006	4
DNM2	4	2.6396e-05	2.5901e-07	0.000006	4
POLR2C	4	2.6606e-05	2.5901e-07	0.000006	4
POLR3K	4	2.6611e-05	2.5901e-07	0.000006	4
NOP58	4	2.7362e-05	2.5901e-07	0.000006	4
SFSWAP	4	2.7656e-05	2.5901e-07	0.000006	4
MCM3	4	2.7775e-05	2.5901e-07	0.000006	4
GTF2H3	4	2.8073e-05	2.5901e-07	0.000006	4
FNTB	4	2.8555e-05	2.5901e-07	0.000006	4
CCT5	4	2.8818e-05	2.5901e-07	0.000006	4
SMC2	4	2.8889e-05	2.5901e-07	0.000006	4
KDM1A	4	2.9043e-05	2.5901e-07	0.000006	4
C1orf27	4	2.9279e-05	2.5901e-07	0.000006	4
NSA2	4	2.9417e-05	2.5901e-07	0.000006	4
AP1M1	4	2.9495e-05	2.5901e-07	0.000006	4
DBR1	4	2.9597e-05	2.5901e-07	0.000006	4
MIS18A	4	3.0037e-05	2.5901e-07	0.000006	4
NCAPG	4	3.0058e-05	2.5901e-07	0.000006	4
TAF6	4	3.0132e-05	2.5901e-07	0.000006	4
HARS	4	3.0248e-05	2.5901e-07	0.000006	4
XAB2	4	3.0353e-05	2.5901e-07	0.000006	4
NUP160	4	3.0362e-05	2.5901e-07	0.000006	4
TBCB	4	3.0459e-05	2.5901e-07	0.000006	4
CLP1	4	3.0650e-05	2.5901e-07	0.000006	4
RPS21	4	3.0672e-05	2.5901e-07	0.000006	4
RNGTT	4	3.1291e-05	2.5901e-07	0.000006	4
TPRKB	4	3.1403e-05	2.5901e-07	0.000006	4
LRR1	4	3.1817e-05	2.5901e-07	0.000006	4
KPNB1	4	3.1971e-05	2.5901e-07	0.000006	4
HAUS5	4	3.2103e-05	2.5901e-07	0.000006	4
ATP6V0B	4	3.2457e-05	2.5901e-07	0.000006	4
RPS19	4	3.3130e-05	2.5901e-07	0.000006	4
ALG9	4	3.3288e-05	2.5901e-07	0.000006	4
DDX55	4	3.3447e-05	2.5901e-07	0.000006	4
MON2	4	3.3629e-05	2.5901e-07	0.000006	4
WDR43	4	3.4135e-05	2.5901e-07	0.000006	4
PCNA	4	3.4204e-05	2.5901e-07	0.000006	4
TOMM70A	4	3.4366e-05	2.5901e-07	0.000006	4
GTF2A2	4	3.4413e-05	2.5901e-07	0.000006	4
SAP18	4	3.4739e-05	2.5901e-07	0.000006	4
PAFAH1B1	4	3.4771e-05	2.5901e-07	0.000006	4
NAA10	4	3.4833e-05	2.5901e-07	0.000006	4
ZCCHC9	4	3.4880e-05	2.5901e-07	0.000006	4
DCTN5	4	3.5162e-05	2.5901e-07	0.000006	4
ANAPC2	4	3.5227e-05	2.5901e-07	0.000006	3
XPO5	4	3.5470e-05	2.5901e-07	0.000006	4
LUC7L3	4	3.5490e-05	2.5901e-07	0.000006	3
RPP25L	4	3.5542e-05	2.5901e-07	0.000006	4
NHP2	4	3.5754e-05	2.5901e-07	0.000006	4
PDRG1	4	3.5900e-05	2.5901e-07	0.000006	4
RPS5	4	3.5905e-05	2.5901e-07	0.000006	4
TAF1C	4	3.6019e-05	2.5901e-07	0.000006	4
C1orf109	4	3.6219e-05	2.5901e-07	0.000006	3
RPL23	3	3.6289e-05	2.5901e-07	0.000006	3
POLR2J3	4	3.6674e-05	2.5901e-07	0.000006	4
GLTSCR2	4	3.6980e-05	2.5901e-07	0.000006	4
EFTUD2	4	3.7312e-05	2.5901e-07	0.000006	4
CCT3	4	3.7833e-05	2.5901e-07	0.000006	4
PDCD2	4	3.8234e-05	2.5901e-07	0.000006	4
SRP9	4	3.8613e-05	2.5901e-07	0.000006	4
G6PD	4	3.8714e-05	2.5901e-07	0.000006	4
AK6	4	3.8956e-05	2.5901e-07	0.000006	4
NUP155	4	3.9327e-05	2.5901e-07	0.000006	4
RPL35	4	3.9404e-05	2.5901e-07	0.000006	4
RPS8	4	3.9430e-05	2.5901e-07	0.000006	4
ISCU	4	3.9455e-05	2.5901e-07	0.000006	4
RPLP2	4	3.9481e-05	2.5901e-07	0.000006	4
PKM	4	3.9610e-05	2.5901e-07	0.000006	4
THOC2	4	4.0417e-05	2.5901e-07	0.000006	4
PYROXD1	4	4.0588e-05	2.5901e-07	0.000006	3
EARS2	4	4.0917e-05	2.5901e-07	0.000006	4
EXOSC5	4	4.1905e-05	2.5901e-07	0.000006	4
NUP43	4	4.1932e-05	2.5901e-07	0.000006	4
PARS2	4	4.2365e-05	2.5901e-07	0.000006	4
ANAPC1	4	4.2409e-05	2.5901e-07	0.000006	4
NOC4L	4	4.2487e-05	2.5901e-07	0.000006	4
NAA15	4	4.2993e-05	2.5901e-07	0.000006	4
SNRPG	4	4.3303e-05	2.5901e-07	0.000006	4
PSMB2	4	4.3684e-05	2.5901e-07	0.000006	4
TRAPPC5	4	4.4074e-05	2.5901e-07	0.000006	4
BORA	4	4.5762e-05	2.5901e-07	0.000006	4
TAF2	4	4.6851e-05	2.5901e-07	0.000006	4
NAPA	4	4.8273e-05	2.5901e-07	0.000006	4
SMC5	4	4.8449e-05	2.5901e-07	0.000006	4
CDCA8	4	4.8530e-05	2.5901e-07	0.000006	3
SPDYE6	4	4.8633e-05	2.5901e-07	0.000006	4
ARPC2	4	4.8905e-05	2.5901e-07	0.000006	4
TIMELESS	4	4.9482e-05	2.5901e-07	0.000006	4
VARS2	4	4.9619e-05	2.5901e-07	0.000006	4
RPL27A	4	5.0167e-05	2.5901e-07	0.000006	4
HNRNPC	4	5.0362e-05	2.5901e-07	0.000006	3
EMC7	4	5.0652e-05	2.5901e-07	0.000006	4
MRPS25	4	5.1558e-05	2.5901e-07	0.000006	4
DDX10	4	5.1779e-05	2.5901e-07	0.000006	4
RRP9	4	5.2095e-05	2.5901e-07	0.000006	3
ADAT3	4	5.2159e-05	2.5901e-07	0.000006	4
SNRPC	4	5.2238e-05	2.5901e-07	0.000006	4
BIRC5	4	5.2286e-05	2.5901e-07	0.000006	4
CIAO1	4	5.2429e-05	2.5901e-07	0.000006	4
EIF3H	4	5.2862e-05	2.5901e-07	0.000006	3
RPL10A	4	5.3602e-05	2.5901e-07	0.000006	4
SRD5A3	4	5.4025e-05	2.5901e-07	0.000006	4
ORAOV1	4	5.4090e-05	2.5901e-07	0.000006	4
ELP4	4	5.4400e-05	2.5901e-07	0.000006	4
LSM8	4	5.4827e-05	2.5901e-07	0.000006	4
UBL5	4	5.5918e-05	2.5901e-07	0.000006	4
PFDN6	4	5.5940e-05	2.5901e-07	0.000006	4
TAMM41	4	5.6185e-05	2.5901e-07	0.000006	4
MLST8	4	5.6865e-05	2.5901e-07	0.000006	4
VARS	4	5.6950e-05	2.5901e-07	0.000006	4
ABT1	4	5.7171e-05	2.5901e-07	0.000006	4
LSM6	4	5.8077e-05	2.5901e-07	0.000006	4
LSM4	4	5.8263e-05	2.5901e-07	0.000006	4
DPH1	4	5.8319e-05	2.5901e-07	0.000006	4
WDR24	4	5.8744e-05	2.5901e-07	0.000006	4
RPS3	4	5.8803e-05	2.5901e-07	0.000006	4
GFM1	4	5.8997e-05	2.5901e-07	0.000006	4
TARDBP	4	5.9186e-05	2.5901e-07	0.000006	4
GINS1	4	5.9291e-05	2.5901e-07	0.000006	4
CDC73	4	5.9466e-05	2.5901e-07	0.000006	4
DDX21	4	5.9536e-05	2.5901e-07	0.000006	4
NAT10	4	5.9644e-05	2.5901e-07	0.000006	4
CTC1	4	5.9975e-05	2.5901e-07	0.000006	4
FGFR1	4	6.0028e-05	2.5901e-07	0.000006	4
WDHD1	4	6.0488e-05	2.5901e-07	0.000006	4
SETD1A	4	6.0630e-05	2.5901e-07	0.000006	4
DCTN6	4	6.1775e-05	2.5901e-07	0.000006	4
SKIV2L2	4	6.1902e-05	2.5901e-07	0.000006	4
NIP7	4	6.2100e-05	2.5901e-07	0.000006	4
EXOSC8	4	6.2390e-05	2.5901e-07	0.000006	4
SF3B5	4	6.3266e-05	2.5901e-07	0.000006	4
EIF4A1	4	6.3340e-05	2.5901e-07	0.000006	4
VPS28	4	6.3579e-05	2.5901e-07	0.000006	4
SMN1	4	6.4226e-05	2.5901e-07	0.000006	4
TXN	4	6.4579e-05	2.5901e-07	0.000006	4
CCND1	4	6.4728e-05	2.5901e-07	0.000006	4
POLR2G	4	6.4895e-05	2.5901e-07	0.000006	3
DCTN4	4	6.5121e-05	2.5901e-07	0.000006	4
SF3B1	4	6.5912e-05	2.5901e-07	0.000006	4
RPS23	4	6.6748e-05	2.5901e-07	0.000006	4
SEC22B	4	6.6979e-05	2.5901e-07	0.000006	4
ELP2	4	6.7079e-05	2.5901e-07	0.000006	3
MMS19	4	6.7265e-05	2.5901e-07	0.000006	4
TRNAU1AP	4	6.7265e-05	2.5901e-07	0.000006	4
ALG6	4	6.8192e-05	2.5901e-07	0.000006	4
KRR1	4	7.0387e-05	2.5901e-07	0.000006	3
SEL1L	4	7.0570e-05	2.5901e-07	0.000006	4
TFB2M	4	7.1330e-05	2.5901e-07	0.000006	4
TP53RK	4	7.1381e-05	2.5901e-07	0.000006	3
HYPK	4	7.1571e-05	2.5901e-07	0.000006	4
NOM1	4	7.2441e-05	2.5901e-07	0.000006	4
MED8	4	7.2749e-05	2.5901e-07	0.000006	4
KCNJ13	4	7.2786e-05	2.5901e-07	0.000006	4
TOMM20	4	7.3236e-05	2.5901e-07	0.000006	4
SARS	4	7.3492e-05	2.5901e-07	0.000006	4
HARS2	4	7.3605e-05	2.5901e-07	0.000006	4
PRIM2	4	7.3708e-05	2.5901e-07	0.000006	4
RRP12	4	7.3872e-05	2.5901e-07	0.000006	4
AURKB	4	7.5012e-05	2.5901e-07	0.000006	4
RPSA	4	7.6482e-05	2.5901e-07	0.000006	4
HCFC1	4	7.8576e-05	2.5901e-07	0.000006	4
ACSL3	4	7.9052e-05	2.5901e-07	0.000006	4
CHTF18	4	7.9312e-05	2.5901e-07	0.000006	4
GGPS1	4	8.1819e-05	2.5901e-07	0.000006	4
KDSR	4	8.2198e-05	2.5901e-07	0.000006	4
RAPGEF6	4	8.2399e-05	2.5901e-07	0.000006	4
PES1	4	8.2812e-05	2.5901e-07	0.000006	3
MTOR	4	8.2960e-05	2.5901e-07	0.000006	4
DNAJC9	4	8.3297e-05	2.5901e-07	0.000006	4
TOP3A	4	8.4320e-05	2.5901e-07	0.000006	4
WDR12	4	8.5081e-05	2.5901e-07	0.000006	4
TRMT112	4	8.5729e-05	2.5901e-07	0.000006	3
RRS1	4	8.6175e-05	2.5901e-07	0.000006	4
UTP15	4	8.7034e-05	2.5901e-07	0.000006	4
CAPZB	4	8.7511e-05	2.5901e-07	0.000006	4
MOB4	4	8.7524e-05	2.5901e-07	0.000006	4
SF3A1	4	8.8984e-05	2.5901e-07	0.000006	4
CMTR1	4	9.0558e-05	2.5901e-07	0.000006	4
SMC3	4	9.1232e-05	2.5901e-07	0.000006	4
PLRG1	4	9.1281e-05	2.5901e-07	0.000006	4
MGAT1	4	9.1910e-05	2.5901e-07	0.000006	4
SUPT6H	4	9.2056e-05	2.5901e-07	0.000006	4
TBCC	4	9.2104e-05	2.5901e-07	0.000006	4
TIMM13	4	9.3129e-05	2.5901e-07	0.000006	3
SS18L2	4	9.3351e-05	2.5901e-07	0.000006	4
RFT1	4	9.3505e-05	2.5901e-07	0.000006	4
PMPCA	4	9.5013e-05	2.5901e-07	0.000006	3
GRB2	4	9.6610e-05	2.5901e-07	0.000006	4
RPL3	4	9.6664e-05	2.5901e-07	0.000006	3
TAF8	4	9.7014e-05	2.5901e-07	0.000006	4
RPL26	4	9.7048e-05	2.5901e-07	0.000006	4
INTS1	4	9.7723e-05	2.5901e-07	0.000006	4
IARS	4	9.7819e-05	2.5901e-07	0.000006	3
PFN1	4	9.8284e-05	2.5901e-07	0.000006	4
TPX2	4	9.9000e-05	2.5901e-07	0.000006	4
TUBGCP3	4	9.9103e-05	2.5901e-07	0.000006	4
MEMO1	4	1.0039e-04	2.5901e-07	0.000006	4
RIC1	4	1.0333e-04	2.5901e-07	0.000006	4
CEPT1	4	1.0427e-04	2.5901e-07	0.000006	4
USP7	4	1.0568e-04	2.5901e-07	0.000006	4
ITGB5	4	1.0574e-04	2.5901e-07	0.000006	4
YKT6	4	1.0704e-04	2.5901e-07	0.000006	4
MRPS16	4	1.0835e-04	2.5901e-07	0.000006	4
ANAPC5	4	1.0890e-04	2.5901e-07	0.000006	4
RAD51C	4	1.0951e-04	2.5901e-07	0.000006	4
TTC1	4	1.0959e-04	2.5901e-07	0.000006	4
RMI1	4	1.1027e-04	2.5901e-07	0.000006	4
CCAR1	4	1.1079e-04	2.5901e-07	0.000006	4
ARL2	4	1.1225e-04	2.5901e-07	0.000006	4
EXOSC6	4	1.1324e-04	2.5901e-07	0.000006	3
HNRNPH1	4	1.1480e-04	2.5901e-07	0.000006	4
RNASEK	4	1.1562e-04	2.5901e-07	0.000006	3
TIMM10	4	1.1578e-04	2.5901e-07	0.000006	4
RAC1	4	1.1639e-04	2.5901e-07	0.000006	4
RPL28	4	1.1694e-04	2.5901e-07	0.000006	4
PSMB1	4	1.1726e-04	2.5901e-07	0.000006	4
ATP6V1D	4	1.1887e-04	2.5901e-07	0.000006	4
DDX41	4	1.1972e-04	2.5901e-07	0.000006	4
STT3A	4	1.2305e-04	2.5901e-07	0.000006	4
RABGGTB	4	1.2548e-04	2.5901e-07	0.000006	4
MAEA	4	1.2864e-04	2.5901e-07	0.000006	4
TLN1	4	1.2877e-04	2.5901e-07	0.000006	4
ZMYND8	4	1.2929e-04	2.5901e-07	0.000006	4
GTF2B	4	1.2964e-04	2.5901e-07	0.000006	4
GATB	4	1.3040e-04	2.5901e-07	0.000006	4
SYMPK	4	1.3094e-04	2.5901e-07	0.000006	4
CHEK1	4	1.3105e-04	2.5901e-07	0.000006	4
ITGAV	4	1.3160e-04	2.5901e-07	0.000006	4
PGS1	4	1.3309e-04	2.5901e-07	0.000006	3
MYBBP1A	4	1.3380e-04	2.5901e-07	0.000006	4
MRPS11	4	1.3507e-04	2.5901e-07	0.000006	4
CHMP3	4	1.3524e-04	2.5901e-07	0.000006	4
RPL17-C18orf32	4	1.3668e-04	2.5901e-07	0.000006	3
NCAPG2	4	1.3787e-04	2.5901e-07	0.000006	4
GTF2E2	4	1.3794e-04	2.5901e-07	0.000006	4
TPI1	4	1.3829e-04	2.5901e-07	0.000006	4
TIAL1	4	1.4113e-04	2.5901e-07	0.000006	4
RPL21	4	1.4281e-04	2.5901e-07	0.000006	4
CTU2	4	1.4335e-04	2.5901e-07	0.000006	4
RPL7A	4	1.4354e-04	2.5901e-07	0.000006	4
VCP	4	1.4355e-04	2.5901e-07	0.000006	4
RAD51	4	1.4400e-04	2.5901e-07	0.000006	4
RBM22	4	1.4537e-04	2.5901e-07	0.000006	4
LSM2	4	1.4554e-04	2.5901e-07	0.000006	3
LSM12	4	1.4608e-04	2.5901e-07	0.000006	4
VPS29	4	1.4660e-04	2.5901e-07	0.000006	4
CTDNEP1	4	1.4671e-04	2.5901e-07	0.000006	3
WBSCR16	4	1.4725e-04	2.5901e-07	0.000006	4
DDX23	4	1.4927e-04	2.5901e-07	0.000006	4
FEN1	4	1.4934e-04	2.5901e-07	0.000006	3
C10orf2	4	1.4937e-04	2.5901e-07	0.000006	4
SFPQ	4	1.4993e-04	2.5901e-07	0.000006	4
COMMD3	4	1.5088e-04	2.5901e-07	0.000006	4
RPAP1	4	1.5194e-04	2.5901e-07	0.000006	4
CPSF6	4	1.5229e-04	2.5901e-07	0.000006	4
TXNL4B	4	1.5272e-04	2.5901e-07	0.000006	4
CRNKL1	4	1.5286e-04	2.5901e-07	0.000006	4
BUB1B	4	1.5293e-04	2.5901e-07	0.000006	4
PGLS	4	1.5576e-04	2.5901e-07	0.000006	4
RHEB	4	1.5687e-04	2.5901e-07	0.000006	3
MNAT1	4	1.5750e-04	2.5901e-07	0.000006	4
RPL37A	4	1.5944e-04	2.5901e-07	0.000006	4
EIF4E	4	1.6002e-04	2.5901e-07	0.000006	4
ATP6V1F	4	1.6006e-04	2.5901e-07	0.000006	3
EXOSC7	4	1.6293e-04	2.5901e-07	0.000006	4
MVK	4	1.6329e-04	2.5901e-07	0.000006	4
POP7	4	1.6509e-04	2.5901e-07	0.000006	4
NOL6	4	1.6541e-04	2.5901e-07	0.000006	4
AASDHPPT	4	1.6547e-04	2.5901e-07	0.000006	4
TUBGCP2	4	1.6577e-04	2.5901e-07	0.000006	4
CKAP5	4	1.6822e-04	2.5901e-07	0.000006	3
TAF7	4	1.6914e-04	2.5901e-07	0.000006	3
ORC6	4	1.6951e-04	2.5901e-07	0.000006	4
DIS3	4	1.7118e-04	2.5901e-07	0.000006	4
ATP6AP2	4	1.7123e-04	2.5901e-07	0.000006	4
ALG13	4	1.7174e-04	2.5901e-07	0.000006	4
LAS1L	4	1.7212e-04	2.5901e-07	0.000006	4
DNAJC8	4	1.7287e-04	2.5901e-07	0.000006	4
UTP11L	4	1.7341e-04	2.5901e-07	0.000006	4
CSTF3	4	1.7408e-04	2.5901e-07	0.000006	4
DUT	4	1.7418e-04	2.5901e-07	0.000006	3
DDI2	4	1.7597e-04	2.5901e-07	0.000006	4
TRAPPC2L	4	1.7620e-04	2.5901e-07	0.000006	4
CPSF2	4	1.7646e-04	2.5901e-07	0.000006	3
EPC2	4	1.7652e-04	2.5901e-07	0.000006	4
KHDRBS1	4	1.7739e-04	2.5901e-07	0.000006	4
ATP6AP1	4	1.7935e-04	2.5901e-07	0.000006	4
LSG1	4	1.8019e-04	2.5901e-07	0.000006	4
SNRPA1	4	1.8101e-04	2.5901e-07	0.000006	3
UTP18	4	1.8140e-04	2.5901e-07	0.000006	4
GEMIN2	4	1.8184e-04	2.5901e-07	0.000006	4
HDAC3	4	1.8229e-04	2.5901e-07	0.000006	4
PTMA	4	1.8417e-04	2.5901e-07	0.000006	4
GAPDH	4	1.8457e-04	2.5901e-07	0.000006	4
RPL38	4	1.8498e-04	2.5901e-07	0.000006	4
CENPL	4	1.8693e-04	2.5901e-07	0.000006	4
SMG1	4	1.8831e-04	2.5901e-07	0.000006	4
RPL7L1	4	1.8911e-04	2.5901e-07	0.000006	4
ELOF1	4	1.8945e-04	2.5901e-07	0.000006	4
SEC62	4	1.9211e-04	2.5901e-07	0.000006	4
PGK1	4	1.9452e-04	2.5901e-07	0.000006	4
OPA1	4	1.9667e-04	2.5901e-07	0.000006	4
NRDE2	4	1.9747e-04	2.5901e-07	0.000006	4
TICRR	4	2.0360e-04	2.5901e-07	0.000006	4
IGBP1	4	2.0444e-04	2.5901e-07	0.000006	4
TOMM22	4	2.0499e-04	2.5901e-07	0.000006	4
CHAF1A	4	2.0645e-04	2.5901e-07	0.000006	4
RBM8A	4	2.0851e-04	2.5901e-07	0.000006	4
EIF2B5	4	2.0891e-04	2.5901e-07	0.000006	4
MZT1	4	2.0914e-04	2.5901e-07	0.000006	4
GINS2	4	2.0993e-04	2.5901e-07	0.000006	3
POLR1D	4	2.1063e-04	2.5901e-07	0.000006	4
MRPS2	4	2.1130e-04	2.5901e-07	0.000006	4
MCM4	4	2.1285e-04	2.5901e-07	0.000006	4
TBCE	4	2.1358e-04	2.5901e-07	0.000006	3
RNF113A	4	2.1395e-04	2.5901e-07	0.000006	4
SLC30A9	4	2.1505e-04	2.5901e-07	0.000006	4
RPL36	4	2.1560e-04	2.5901e-07	0.000006	4
NUTF2	4	2.1563e-04	2.5901e-07	0.000006	4
RPAP2	4	2.1893e-04	2.5901e-07	0.000006	4
MED11	4	2.1924e-04	2.5901e-07	0.000006	4
NELFB	4	2.1949e-04	2.5901e-07	0.000006	4
LARS	4	2.2034e-04	2.5901e-07	0.000006	4
ARF4	4	2.2141e-04	2.5901e-07	0.000006	4
NUP98	4	2.2167e-04	2.5901e-07	0.000006	4
ABCF1	4	2.2202e-04	2.5901e-07	0.000006	4
U2SURP	4	2.2255e-04	2.5901e-07	0.000006	4
RANGAP1	4	2.2366e-04	2.5901e-07	0.000006	3
GABPA	4	2.2400e-04	2.5901e-07	0.000006	4
INCENP	4	2.2829e-04	2.5901e-07	0.000006	4
PPWD1	4	2.3225e-04	2.5901e-07	0.000006	4
MRPS12	4	2.3284e-04	2.5901e-07	0.000006	4
BNIP1	4	2.3401e-04	2.5901e-07	0.000006	4
RPS10	4	2.3428e-04	2.5901e-07	0.000006	4
COG8	4	2.3538e-04	2.5901e-07	0.000006	4
RFC5	4	2.3805e-04	2.5901e-07	0.000006	4
MRPL41	4	2.3815e-04	2.5901e-07	0.000006	4
OGT	4	2.4044e-04	2.5901e-07	0.000006	4
UBA1	4	2.4204e-04	2.5901e-07	0.000006	4
ESPL1	4	2.4428e-04	2.5901e-07	0.000006	4
RNPC3	4	2.4446e-04	2.5901e-07	0.000006	4
TBC1D3B	4	2.4883e-04	2.5901e-07	0.000006	4
GTF3C1	4	2.4996e-04	2.5901e-07	0.000006	4
RPS7	4	2.5010e-04	2.5901e-07	0.000006	4
UTP6	4	2.5394e-04	2.5901e-07	0.000006	4
NUS1	4	2.5552e-04	2.5901e-07	0.000006	3
SSB	4	2.5698e-04	2.5901e-07	0.000006	4
WDR7	4	2.5943e-04	2.5901e-07	0.000006	3
HEATR1	4	2.5967e-04	2.5901e-07	0.000006	3
ZPR1	4	2.6325e-04	2.5901e-07	0.000006	4
ELP6	4	2.6412e-04	2.5901e-07	0.000006	4
UBR4	4	2.6486e-04	2.5901e-07	0.000006	4
SCFD1	4	2.6888e-04	2.5901e-07	0.000006	4
WEE1	4	2.6997e-04	2.5901e-07	0.000006	4
POLR3C	3	2.7290e-04	2.5901e-07	0.000006	3
TANGO6	4	2.7315e-04	2.5901e-07	0.000006	4
PMF1-BGLAP	4	2.7366e-04	2.5901e-07	0.000006	3
SAE1	4	2.7524e-04	2.5901e-07	0.000006	4
STX18	4	2.7623e-04	2.5901e-07	0.000006	4
RPP14	4	2.7868e-04	2.5901e-07	0.000006	4
RPL39	4	2.8058e-04	2.5901e-07	0.000006	3
CTU1	4	2.8291e-04	2.5901e-07	0.000006	4
ALG2	4	2.8695e-04	2.5901e-07	0.000006	4
PSMC5	4	2.8695e-04	2.5901e-07	0.000006	4
RPS25	4	2.8828e-04	2.5901e-07	0.000006	4
EEFSEC	4	2.9210e-04	2.5901e-07	0.000006	4
CFLAR	4	2.9213e-04	2.5901e-07	0.000006	4
PSMB5	4	2.9265e-04	2.5901e-07	0.000006	4
UNC50	4	2.9316e-04	2.5901e-07	0.000006	4
MED7	4	2.9678e-04	2.5901e-07	0.000006	4
RRM2	4	2.9717e-04	2.5901e-07	0.000006	4
RPL24	4	2.9854e-04	2.5901e-07	0.000006	4
EPRS	4	3.0324e-04	2.5901e-07	0.000006	4
ZNHIT3	4	3.0440e-04	2.5901e-07	0.000006	4
TSR2	4	3.0488e-04	2.5901e-07	0.000006	4
MPHOSPH10	4	3.0523e-04	2.5901e-07	0.000006	4
LSM5	4	3.0720e-04	2.5901e-07	0.000006	4
SF3B4	4	3.0739e-04	2.5901e-07	0.000006	4
DUX4	4	3.0829e-04	2.5901e-07	0.000006	4
ROMO1	4	3.0981e-04	2.5901e-07	0.000006	4
ATP6V1G1	4	3.0998e-04	2.5901e-07	0.000006	4
SEC11A	4	3.1023e-04	2.5901e-07	0.000006	4
NHP2L1	4	3.1180e-04	2.5901e-07	0.000006	4
HIST2H3C	4	3.1397e-04	2.5901e-07	0.000006	4
RPL4	4	3.1522e-04	2.5901e-07	0.000006	4
PSMA3	4	3.1578e-04	2.5901e-07	0.000006	3
RPL9	4	3.2205e-04	2.5901e-07	0.000006	4
BRF1	4	3.2367e-04	2.5901e-07	0.000006	4
MBTPS2	4	3.2508e-04	2.5901e-07	0.000006	4
METTL16	4	3.2743e-04	2.5901e-07	0.000006	4
GTF3C4	4	3.2958e-04	2.5901e-07	0.000006	4
DPAGT1	4	3.3009e-04	2.5901e-07	0.000006	4
USO1	4	3.3034e-04	2.5901e-07	0.000006	4
SPATA5	4	3.3283e-04	2.5901e-07	0.000006	4
EXOC5	4	3.3314e-04	2.5901e-07	0.000006	4
CCDC84	4	3.3457e-04	2.5901e-07	0.000006	4
WTAP	4	3.3614e-04	2.5901e-07	0.000006	3
RPS26	4	3.3631e-04	2.5901e-07	0.000006	4
UBTF	4	3.3711e-04	2.5901e-07	0.000006	4
TBCD	4	3.3936e-04	2.5901e-07	0.000006	4
TRMT6	4	3.4571e-04	2.5901e-07	0.000006	3
UFM1	4	3.4630e-04	2.5901e-07	0.000006	4
FARSB	4	3.4988e-04	2.5901e-07	0.000006	4
SNRPE	4	3.5102e-04	2.5901e-07	0.000006	4
SNF8	4	3.5335e-04	2.5901e-07	0.000006	4
PSMD7	4	3.5388e-04	2.5901e-07	0.000006	4
RCC1	4	3.5438e-04	2.5901e-07	0.000006	4
NCL	4	3.5770e-04	2.5901e-07	0.000006	4
OXSM	4	3.5800e-04	2.5901e-07	0.000006	4
ILF2	4	3.5831e-04	2.5901e-07	0.000006	3
MRPL40	4	3.5945e-04	2.5901e-07	0.000006	4
NEDD1	4	3.6128e-04	2.5901e-07	0.000006	4
KIF11	4	3.6447e-04	2.5901e-07	0.000006	4
DNMT1	4	3.6472e-04	2.5901e-07	0.000006	4
ATP6V1B2	4	3.6475e-04	2.5901e-07	0.000006	4
HYOU1	4	3.7198e-04	2.5901e-07	0.000006	4
HUWE1	4	3.7401e-04	2.5901e-07	0.000006	4
PPP6C	4	3.7426e-04	2.5901e-07	0.000006	4
TERF2	4	3.7479e-04	2.5901e-07	0.000006	3
ZNHIT1	4	3.7516e-04	2.5901e-07	0.000006	4
GPR89B	4	3.7600e-04	2.5901e-07	0.000006	4
MRPS34	4	3.7656e-04	2.5901e-07	0.000006	4
NUP93	4	3.7740e-04	2.5901e-07	0.000006	4
MRTO4	4	3.8063e-04	2.5901e-07	0.000006	4
RARS	4	3.8313e-04	2.5901e-07	0.000006	4
RPL11	4	3.8424e-04	2.5901e-07	0.000006	4
SF3B2	4	3.8472e-04	2.5901e-07	0.000006	4
DDX42	4	3.8631e-04	2.5901e-07	0.000006	4
DYNC1H1	4	3.8663e-04	2.5901e-07	0.000006	3
NGDN	4	3.8839e-04	2.5901e-07	0.000006	3
RPAP3	4	3.9074e-04	2.5901e-07	0.000006	4
VPS36	4	3.9362e-04	2.5901e-07	0.000006	4
PTK2	4	3.9369e-04	2.5901e-07	0.000006	4
PMVK	4	3.9693e-04	2.5901e-07	0.000006	4
POLR2E	4	3.9725e-04	2.5901e-07	0.000006	3
MMS22L	4	3.9870e-04	2.5901e-07	0.000006	4
NUP133	4	4.0075e-04	2.5901e-07	0.000006	4
SLC39A9	4	4.0178e-04	2.5901e-07	0.000006	4
SARS2	4	4.0310e-04	2.5901e-07	0.000006	4
LYRM4	4	4.0576e-04	2.5901e-07	0.000006	3
MRPL30	4	4.0931e-04	2.5901e-07	0.000006	4
OSGEP	4	4.0972e-04	2.5901e-07	0.000006	3
DCAF13	4	4.1103e-04	2.5901e-07	0.000006	4
RPL18	4	4.1522e-04	2.5901e-07	0.000006	4
UBE2T	4	4.1681e-04	2.5901e-07	0.000006	4
PPP1CB	4	4.1706e-04	2.5901e-07	0.000006	4
CNEP1R1	4	4.1773e-04	2.5901e-07	0.000006	3
CDS2	4	4.1922e-04	2.5901e-07	0.000006	4
RPS10-NUDT3	4	4.2173e-04	2.5901e-07	0.000006	4
MCAT	4	4.2245e-04	2.5901e-07	0.000006	3
RPLP1	4	4.2313e-04	2.5901e-07	0.000006	4
NBPF9	4	4.2487e-04	2.5901e-07	0.000006	2
STK11	4	4.2532e-04	2.5901e-07	0.000006	4
RPL13A	4	4.2737e-04	2.5901e-07	0.000006	3
PTPMT1	4	4.3130e-04	2.5901e-07	0.000006	4
ECT2	4	4.3165e-04	2.5901e-07	0.000006	4
ALS2	4	4.3955e-04	2.5901e-07	0.000006	2
CERS2	4	4.4179e-04	2.5901e-07	0.000006	4
TRAIP	4	4.4242e-04	2.5901e-07	0.000006	4
NOC2L	4	4.4341e-04	2.5901e-07	0.000006	3
ASNA1	4	4.4516e-04	2.5901e-07	0.000006	3
C21orf59	4	4.4558e-04	2.5901e-07	0.000006	4
SSU72	4	4.4582e-04	2.5901e-07	0.000006	4
MRPS18A	4	4.4973e-04	2.5901e-07	0.000006	3
NFS1	4	4.5043e-04	2.5901e-07	0.000006	4
PGAM4	4	4.5753e-04	2.5901e-07	0.000006	3
ARMC7	4	4.5776e-04	2.5901e-07	0.000006	4
METTL14	4	4.5842e-04	2.5901e-07	0.000006	3
CYFIP1	4	4.6190e-04	2.5901e-07	0.000006	4
PAK2	4	4.6313e-04	2.5901e-07	0.000006	4
SURF4	4	4.6325e-04	2.5901e-07	0.000006	4
RCL1	4	4.7120e-04	2.5901e-07	0.000006	4
RPL6	4	4.7260e-04	2.5901e-07	0.000006	4
RFWD2	4	4.7516e-04	2.5901e-07	0.000006	4
PCF11	4	4.8035e-04	7.7704e-07	0.000018	3
QARS	4	4.8496e-04	7.7704e-07	0.000018	3
SASS6	4	4.9186e-04	7.7704e-07	0.000018	4
YAE1D1	4	4.9316e-04	7.7704e-07	0.000018	4
CDC23	4	4.9597e-04	7.7704e-07	0.000018	4
PISD	4	4.9823e-04	7.7704e-07	0.000018	3
SF3B3	4	5.0505e-04	7.7704e-07	0.000018	4
PXN	4	5.0846e-04	7.7704e-07	0.000018	4
PPA1	4	5.0864e-04	7.7704e-07	0.000018	4
THAP11	4	5.1346e-04	7.7704e-07	0.000018	4
SYVN1	4	5.1550e-04	7.7704e-07	0.000018	4
KARS	4	5.1654e-04	7.7704e-07	0.000018	4
XRCC3	4	5.1925e-04	7.7704e-07	0.000018	4
SNRNP200	4	5.1925e-04	7.7704e-07	0.000018	3
XRCC2	4	5.2477e-04	7.7704e-07	0.000018	4
TUBA1C	4	5.2743e-04	7.7704e-07	0.000018	4
RACGAP1	4	5.2899e-04	7.7704e-07	0.000018	3
MRE11A	4	5.2981e-04	7.7704e-07	0.000018	4
MCM6	4	5.3687e-04	7.7704e-07	0.000018	4
DNA2	4	5.3853e-04	7.7704e-07	0.000018	4
RRP7A	4	5.4128e-04	7.7704e-07	0.000018	4
AQR	4	5.4284e-04	7.7704e-07	0.000018	4
SRP72	4	5.4403e-04	7.7704e-07	0.000018	4
POLR2B	4	5.4523e-04	7.7704e-07	0.000018	3
SRP54	4	5.4764e-04	7.7704e-07	0.000018	4
UTP23	4	5.5146e-04	7.7704e-07	0.000018	4
COG2	4	5.5206e-04	7.7704e-07	0.000018	3
RPS28	4	5.5592e-04	1.2951e-06	0.000029	4
POP1	4	5.6068e-04	1.2951e-06	0.000029	3
CDC16	4	5.6298e-04	1.2951e-06	0.000029	4
UBE2N	4	5.6705e-04	1.2951e-06	0.000029	4
EIF3G	4	5.6762e-04	1.2951e-06	0.000029	4
CD2BP2	4	5.6958e-04	1.2951e-06	0.000029	3
NARS	4	5.7123e-04	1.2951e-06	0.000029	4
CHTF8	4	5.7230e-04	1.2951e-06	0.000029	4
DDX51	4	5.7247e-04	1.2951e-06	0.000029	3
KCMF1	4	5.7744e-04	1.2951e-06	0.000029	3
EEF2	4	5.8009e-04	1.2951e-06	0.000029	4
WDR92	4	5.8125e-04	1.2951e-06	0.000029	4
TBCA	4	5.8571e-04	1.2951e-06	0.000029	4
RPL32	4	5.8613e-04	1.2951e-06	0.000029	3
TTF1	4	5.9295e-04	1.2951e-06	0.000029	4
HYAL2	4	5.9465e-04	1.2951e-06	0.000029	1
AURKA	4	5.9548e-04	1.2951e-06	0.000029	3
WDR73	4	5.9828e-04	1.8131e-06	0.000040	4
YBX1	4	5.9846e-04	1.8131e-06	0.000040	4
ORC1	4	5.9917e-04	1.8131e-06	0.000040	4
ERCC3	4	5.9995e-04	1.8131e-06	0.000040	4
RAPGEF1	4	6.0085e-04	1.8131e-06	0.000040	4
CHAF1B	4	6.0244e-04	1.8131e-06	0.000040	4
COPS5	4	6.0422e-04	1.8131e-06	0.000040	4
DOLK	4	6.0593e-04	1.8131e-06	0.000040	4
PSMA2	4	6.0700e-04	1.8131e-06	0.000040	4
EIF4B	4	6.1164e-04	1.8131e-06	0.000040	4
TNPO1	4	6.1260e-04	1.8131e-06	0.000040	4
ABCB7	4	6.1426e-04	1.8131e-06	0.000040	4
POLD2	4	6.1801e-04	1.8131e-06	0.000040	4
ERAL1	4	6.2666e-04	1.8131e-06	0.000040	4
PRC1	4	6.3821e-04	1.8131e-06	0.000040	4
PHB2	4	6.4106e-04	1.8131e-06	0.000040	3
XRCC6	4	6.4661e-04	1.8131e-06	0.000040	4
PSMD14	4	6.5003e-04	1.8131e-06	0.000040	3
DSCC1	4	6.5383e-04	2.3311e-06	0.000049	4
PSMC3	4	6.5951e-04	2.3311e-06	0.000049	3
INTS5	4	6.6132e-04	2.3311e-06	0.000049	4
NOP2	4	6.6291e-04	2.3311e-06	0.000049	4
HS6ST1	4	6.6405e-04	2.3311e-06	0.000049	3
DDX52	4	6.6800e-04	2.3311e-06	0.000049	4
TRNT1	4	6.7044e-04	2.3311e-06	0.000049	4
CDC40	4	6.7339e-04	2.3311e-06	0.000049	4
GTF2H1	4	6.7504e-04	2.3311e-06	0.000049	4
EXOC3	4	6.7826e-04	2.3311e-06	0.000049	4
ATP5A1	4	6.7969e-04	2.3311e-06	0.000049	4
SPDL1	4	6.8039e-04	2.3311e-06	0.000049	4
PCID2	4	6.8243e-04	2.3311e-06	0.000049	4
PTPN11	4	6.8471e-04	2.3311e-06	0.000049	4
MED31	4	6.8528e-04	2.3311e-06	0.000049	2
NARS2	4	6.8624e-04	2.3311e-06	0.000049	4
SUPV3L1	4	6.8690e-04	2.3311e-06	0.000049	4
RPEL1	4	6.9020e-04	2.3311e-06	0.000049	4
DHX8	4	6.9268e-04	2.3311e-06	0.000049	4
WNK4	4	6.9417e-04	2.3311e-06	0.000049	4
PSTK	4	6.9455e-04	2.3311e-06	0.000049	4
SRF	4	7.1062e-04	2.3311e-06	0.000049	3
MTPAP	4	7.1157e-04	2.3311e-06	0.000049	4
KTI12	4	7.1228e-04	2.3311e-06	0.000049	4
USP8	4	7.1440e-04	2.3311e-06	0.000049	4
MCM5	4	7.1443e-04	2.3311e-06	0.000049	3
ZNF207	4	7.2282e-04	2.3311e-06	0.000049	4
TAF1B	4	7.2403e-04	2.3311e-06	0.000049	4
MED6	4	7.3249e-04	2.3311e-06	0.000049	4
EFTUD1	4	7.3346e-04	2.3311e-06	0.000049	4
COG3	4	7.3415e-04	2.3311e-06	0.000049	4
WDR36	4	7.3541e-04	2.3311e-06	0.000049	4
UBA2	4	7.3663e-04	2.3311e-06	0.000049	3
PSMB6	4	7.3907e-04	2.3311e-06	0.000049	4
NOP14	4	7.4029e-04	2.3311e-06	0.000049	4
TPT1	4	7.4445e-04	2.8491e-06	0.000060	4
ASCC3	4	7.4642e-04	2.8491e-06	0.000060	4
NANOGNB	4	7.4973e-04	2.8491e-06	0.000060	1
SRSF2	4	7.5061e-04	2.8491e-06	0.000060	3
RPL30	4	7.5061e-04	2.8491e-06	0.000060	4
VEZT	4	7.5580e-04	2.8491e-06	0.000060	4
LAGE3	4	7.6164e-04	2.8491e-06	0.000060	4
HINFP	4	7.6556e-04	2.8491e-06	0.000060	4
MIS12	4	7.6746e-04	2.8491e-06	0.000060	4
POLD3	4	7.6940e-04	2.8491e-06	0.000060	3
RBM42	4	7.7164e-04	2.8491e-06	0.000060	4
ELAC2	4	7.7429e-04	2.8491e-06	0.000060	3
HAUS4	4	7.9307e-04	3.3672e-06	0.000070	3
NPIPB6	4	7.9379e-04	3.3672e-06	0.000070	4
C15orf41	4	7.9409e-04	3.3672e-06	0.000070	4
EIF4A3	4	7.9768e-04	3.3672e-06	0.000070	4
SRPR	4	8.0066e-04	3.3672e-06	0.000070	4
YEATS4	4	8.0634e-04	3.8852e-06	0.000080	4
BRD2	4	8.1354e-04	3.8852e-06	0.000080	4
METTL1	4	8.1503e-04	3.8852e-06	0.000080	4
GATC	4	8.1666e-04	3.8852e-06	0.000080	4
RPP38	4	8.1753e-04	3.8852e-06	0.000080	4
PPP2R1A	4	8.1787e-04	3.8852e-06	0.000080	3
INO80	4	8.2704e-04	3.8852e-06	0.000080	4
GNA12	4	8.3061e-04	3.8852e-06	0.000080	4
DDX6	4	8.3099e-04	3.8852e-06	0.000080	4
POLR2A	4	8.3530e-04	3.8852e-06	0.000080	4
CDC37	4	8.3734e-04	4.4032e-06	0.000088	4
ANAPC4	4	8.3787e-04	4.4032e-06	0.000088	3
LCE1A	4	8.3849e-04	4.4032e-06	0.000088	4
HAX1	4	8.4513e-04	4.4032e-06	0.000088	4
CDC20	4	8.4921e-04	4.4032e-06	0.000088	4
RPL18A	4	8.5173e-04	4.4032e-06	0.000088	4
GARS	4	8.5285e-04	4.4032e-06	0.000088	4
FAM122A	4	8.5311e-04	4.4032e-06	0.000088	4
DLG5	4	8.5660e-04	4.4032e-06	0.000088	4
ZNF407	4	8.5854e-04	4.4032e-06	0.000088	4
BRIX1	4	8.5872e-04	4.4032e-06	0.000088	3
HSPA14	4	8.6036e-04	4.4032e-06	0.000088	4
DDX20	4	8.7482e-04	4.4032e-06	0.000088	4
PSMG1	4	8.7790e-04	4.4032e-06	0.000088	4
ZW10	4	8.7816e-04	4.4032e-06	0.000088	4
PCYT1A	4	8.7854e-04	4.4032e-06	0.000088	4
CENPK	4	8.7991e-04	4.4032e-06	0.000088	3
TUFM	4	8.8485e-04	4.4032e-06	0.000088	4
SEPSECS	4	8.8540e-04	4.4032e-06	0.000088	4
SNIP1	4	8.8925e-04	4.4032e-06	0.000088	4
TBC1D3K	4	8.9257e-04	4.4032e-06	0.000088	4
ATRIP	4	8.9866e-04	4.9212e-06	0.000098	4
SIN3A	4	9.0027e-04	4.9212e-06	0.000098	4
PNO1	4	9.0981e-04	4.9212e-06	0.000098	3
VPS53	4	9.1019e-04	4.9212e-06	0.000098	4
POP5	4	9.1374e-04	4.9212e-06	0.000098	3
DOCK5	4	9.1623e-04	4.9212e-06	0.000098	4
ARIH1	4	9.1787e-04	4.9212e-06	0.000098	4
DPH6	4	9.2388e-04	4.9212e-06	0.000098	4
TSR1	4	9.2926e-04	5.4393e-06	0.000107	3
POLR2J	4	9.3182e-04	5.4393e-06	0.000107	4
RAB3GAP2	4	9.3296e-04	5.4393e-06	0.000107	4
KIAA0020	4	9.3462e-04	5.4393e-06	0.000107	4
CUL2	4	9.4433e-04	5.4393e-06	0.000107	4
MBTPS1	4	9.4610e-04	5.4393e-06	0.000107	3
PCBP2	4	9.5468e-04	5.4393e-06	0.000107	4
LARS2	4	9.5879e-04	5.4393e-06	0.000107	3
TSFM	4	9.5937e-04	5.4393e-06	0.000107	4
GOLGA8K	4	9.5995e-04	5.4393e-06	0.000107	4
GNL2	4	9.6003e-04	5.4393e-06	0.000107	4
MYH9	4	9.6576e-04	5.4393e-06	0.000107	4
NHEJ1	4	9.6809e-04	5.9573e-06	0.000114	4
RAE1	3	9.7332e-04	1.2951e-06	0.000029	3
BCL2L2-PABPN1	4	9.7364e-04	5.9573e-06	0.000114	3
UFSP2	4	9.9101e-04	5.9573e-06	0.000114	3
CKS1B	4	9.9578e-04	5.9573e-06	0.000114	4
URI1	4	1.0029e-03	5.9573e-06	0.000114	3
WDR1	4	1.0065e-03	5.9573e-06	0.000114	4
TIPIN	4	1.0082e-03	5.9573e-06	0.000114	3
PTAR1	4	1.0194e-03	5.9573e-06	0.000114	4
TPR	4	1.0203e-03	5.9573e-06	0.000114	4
SRFBP1	4	1.0258e-03	5.9573e-06	0.000114	4
USP36	4	1.0330e-03	5.9573e-06	0.000114	4
OSBP	4	1.0348e-03	5.9573e-06	0.000114	3
LETM1	4	1.0418e-03	5.9573e-06	0.000114	4
CRCP	4	1.0442e-03	5.9573e-06	0.000114	4
COG7	4	1.0481e-03	5.9573e-06	0.000114	4
MRPL39	4	1.0495e-03	5.9573e-06	0.000114	4
ZNHIT2	4	1.0598e-03	5.9573e-06	0.000114	4
DPY30	4	1.0611e-03	5.9573e-06	0.000114	4
DCTN2	4	1.0637e-03	5.9573e-06	0.000114	4
MSTO1	4	1.0645e-03	5.9573e-06	0.000114	4
NUBP1	4	1.0684e-03	5.9573e-06	0.000114	4
RNF103-CHMP3	4	1.0693e-03	5.9573e-06	0.000114	3
ATRN	4	1.0762e-03	5.9573e-06	0.000114	4
ELP5	4	1.0768e-03	5.9573e-06	0.000114	2
AKIRIN2	4	1.0795e-03	5.9573e-06	0.000114	4
NAA20	4	1.0799e-03	5.9573e-06	0.000114	4
RPL27	4	1.0853e-03	6.4753e-06	0.000121	4
NDUFAB1	4	1.0862e-03	6.4753e-06	0.000121	3
CEP85	4	1.0878e-03	6.4753e-06	0.000121	3
SEPHS2	4	1.0934e-03	6.4753e-06	0.000121	4
PCBP1	4	1.0964e-03	6.4753e-06	0.000121	4
NPM1	4	1.1014e-03	6.4753e-06	0.000121	3
TBC1D3H	4	1.1071e-03	6.4753e-06	0.000121	4
SLC39A7	4	1.1084e-03	6.4753e-06	0.000121	4
SNRNP25	4	1.1090e-03	6.4753e-06	0.000121	3
TRAPPC4	4	1.1122e-03	6.4753e-06	0.000121	4
WDR3	4	1.1131e-03	6.4753e-06	0.000121	3
DDX46	4	1.1259e-03	6.4753e-06	0.000121	4
ALG3	4	1.1266e-03	6.4753e-06	0.000121	4
RBM14	4	1.1314e-03	6.4753e-06	0.000121	4
SNAPC1	4	1.1410e-03	6.4753e-06	0.000121	3
SMN2	4	1.1412e-03	6.4753e-06	0.000121	3
SPATA5L1	4	1.1431e-03	6.4753e-06	0.000121	3
GET4	4	1.1458e-03	6.4753e-06	0.000121	4
RRP1	4	1.1518e-03	6.4753e-06	0.000121	4
CCDC174	4	1.1535e-03	6.4753e-06	0.000121	4
RPL13	4	1.1549e-03	6.4753e-06	0.000121	3
UBE2H	4	1.1576e-03	6.4753e-06	0.000121	4
MTG2	4	1.1607e-03	6.4753e-06	0.000121	4
PUF60	4	1.1663e-03	6.4753e-06	0.000121	3
RFWD3	4	1.1723e-03	6.4753e-06	0.000121	4
PSMA4	4	1.1749e-03	6.4753e-06	0.000121	3
MAP3K8	4	1.1765e-03	6.4753e-06	0.000121	4
NUPL1	4	1.1832e-03	6.9933e-06	0.000130	3
ANAPC10	4	1.1941e-03	6.9933e-06	0.000130	4
RNMT	4	1.2107e-03	7.5113e-06	0.000138	4
SF3A3	4	1.2120e-03	7.5113e-06	0.000138	3
ERH	4	1.2135e-03	7.5113e-06	0.000138	4
UQCRH	4	1.2149e-03	7.5113e-06	0.000138	3
CHD4	4	1.2195e-03	7.5113e-06	0.000138	3
ABCE1	4	1.2200e-03	7.5113e-06	0.000138	4
URB1	4	1.2256e-03	7.5113e-06	0.000138	4
FAM3A	4	1.2293e-03	7.5113e-06	0.000138	4
MRPL33	4	1.2324e-03	7.5113e-06	0.000138	3
C9orf114	4	1.2358e-03	7.5113e-06	0.000138	3
C3orf58	4	1.2365e-03	7.5113e-06	0.000138	4
IKBKAP	4	1.2382e-03	7.5113e-06	0.000138	4
DR1	4	1.2385e-03	7.5113e-06	0.000138	4
PDGFRA	4	1.2426e-03	7.5113e-06	0.000138	4
GNB1L	4	1.2513e-03	8.0294e-06	0.000146	4
MRPL43	4	1.2594e-03	8.0294e-06	0.000146	4
KDM8	4	1.2836e-03	8.0294e-06	0.000146	3
C3orf38	4	1.2857e-03	8.0294e-06	0.000146	3
ABCA1	4	1.2870e-03	8.0294e-06	0.000146	4
TARS2	4	1.2904e-03	8.0294e-06	0.000146	3
EIF1AD	4	1.2909e-03	8.0294e-06	0.000146	4
MED18	4	1.2924e-03	8.0294e-06	0.000146	4
XRN1	4	1.2958e-03	8.0294e-06	0.000146	4
SMARCA5	4	1.3033e-03	8.0294e-06	0.000146	3
BRCA1	4	1.3036e-03	8.0294e-06	0.000146	4
VHL	4	1.3055e-03	8.5474e-06	0.000154	4
RSL1D1	4	1.3154e-03	8.5474e-06	0.000154	4
RRN3	4	1.3165e-03	8.5474e-06	0.000154	4
SEC63	4	1.3182e-03	8.5474e-06	0.000154	4
SSBP1	4	1.3190e-03	8.5474e-06	0.000154	3
DDX56	4	1.3197e-03	8.5474e-06	0.000154	3
DNLZ	4	1.3215e-03	8.5474e-06	0.000154	3
RAD51D	4	1.3218e-03	8.5474e-06	0.000154	4
COPS8	4	1.3245e-03	8.5474e-06	0.000154	4
PTPN23	4	1.3373e-03	9.0654e-06	0.000163	4
XRCC5	4	1.3543e-03	9.5834e-06	0.000169	4
MCRS1	4	1.3784e-03	9.5834e-06	0.000169	3
SBNO1	4	1.3788e-03	9.5834e-06	0.000169	4
HBS1L	4	1.3902e-03	9.5834e-06	0.000169	4
SLC35B1	4	1.3953e-03	9.5834e-06	0.000169	4
OR7E24	4	1.3961e-03	9.5834e-06	0.000169	3
TSHZ2	4	1.3987e-03	9.5834e-06	0.000169	4
DHRSX	4	1.4015e-03	9.5834e-06	0.000169	4
COASY	4	1.4077e-03	9.5834e-06	0.000169	4
MARS2	4	1.4087e-03	9.5834e-06	0.000169	4
WDR26	4	1.4095e-03	9.5834e-06	0.000169	3
ZBTB17	4	1.4126e-03	9.5834e-06	0.000169	4
CPSF1	4	1.4133e-03	9.5834e-06	0.000169	4
RGPD8	4	1.4207e-03	9.5834e-06	0.000169	4
DHX38	4	1.4224e-03	9.5834e-06	0.000169	4
CDK2	4	1.4267e-03	9.5834e-06	0.000169	3
MRPS5	4	1.4365e-03	9.5834e-06	0.000169	4
POLR1B	4	1.4402e-03	9.5834e-06	0.000169	3
ZBTB8OS	4	1.4416e-03	9.5834e-06	0.000169	4
NMD3	4	1.4493e-03	9.5834e-06	0.000169	3
HIST2H3D	4	1.4501e-03	1.0101e-05	0.000174	4
NUP214	4	1.4580e-03	1.0101e-05	0.000174	4
NUBP2	4	1.4638e-03	1.0101e-05	0.000174	3
GOLGA6L9	4	1.4645e-03	1.0101e-05	0.000174	4
RAB6A	4	1.4654e-03	1.0101e-05	0.000174	3
KRTAP5-6	4	1.4676e-03	1.0101e-05	0.000174	3
OBFC1	4	1.4715e-03	1.0101e-05	0.000174	3
MRPL19	4	1.4822e-03	1.0101e-05	0.000174	3
DGCR14	4	1.4915e-03	1.0101e-05	0.000174	4
VPS51	4	1.4938e-03	1.0101e-05	0.000174	3
MAU2	4	1.4977e-03	1.0101e-05	0.000174	3
MYC	4	1.5013e-03	1.0101e-05	0.000174	4
AGO2	4	1.5054e-03	1.0101e-05	0.000174	3
BRK1	4	1.5101e-03	1.0101e-05	0.000174	3
NCBP2	4	1.5225e-03	1.0101e-05	0.000174	4
PRPF31	4	1.5347e-03	1.0101e-05	0.000174	4
SHOC2	4	1.5384e-03	1.0101e-05	0.000174	4
RPS24	4	1.5407e-03	1.0101e-05	0.000174	4
LIN52	4	1.5407e-03	1.0101e-05	0.000174	3
RPF1	4	1.5502e-03	1.0101e-05	0.000174	3
DOCK7	4	1.5518e-03	1.0101e-05	0.000174	3
TAF13	4	1.5610e-03	1.0101e-05	0.000174	4
CDC6	4	1.5610e-03	1.0101e-05	0.000174	3
LSM7	4	1.5705e-03	1.0101e-05	0.000174	3
ZNF830	4	1.5830e-03	1.0101e-05	0.000174	4
MRPL13	4	1.5999e-03	1.0101e-05	0.000174	4
TBC1D3C	4	1.6040e-03	1.0101e-05	0.000174	3
CHORDC1	4	1.6064e-03	1.0101e-05	0.000174	4
SEC61G	4	1.6073e-03	1.0101e-05	0.000174	4
PSMA1	4	1.6121e-03	1.0619e-05	0.000181	3
PSMD12	4	1.6186e-03	1.0619e-05	0.000181	3
LPAR1	4	1.6223e-03	1.0619e-05	0.000181	4
WDR75	4	1.6260e-03	1.0619e-05	0.000181	3
CRKL	4	1.6274e-03	1.0619e-05	0.000181	4
ALG1L2	4	1.6282e-03	1.0619e-05	0.000181	2
WDR61	4	1.6282e-03	1.0619e-05	0.000181	4
MED30	4	1.6345e-03	1.0619e-05	0.000181	4
MED26	4	1.6383e-03	1.0619e-05	0.000181	4
HS2ST1	4	1.6539e-03	1.0619e-05	0.000181	4
TMEM41B	4	1.6548e-03	1.0619e-05	0.000181	4
PDGFRB	4	1.6631e-03	1.1138e-05	0.000189	4
IPO9	4	1.6650e-03	1.1138e-05	0.000189	4
RBM25	4	1.6667e-03	1.1138e-05	0.000189	4
HIST1H2BI	4	1.6765e-03	1.1138e-05	0.000189	4
NUP205	4	1.6767e-03	1.1138e-05	0.000189	4
MTBP	4	1.6816e-03	1.1138e-05	0.000189	4
PGGT1B	4	1.6917e-03	1.1138e-05	0.000189	4
EIF3A	4	1.6931e-03	1.1138e-05	0.000189	4
RNF145	4	1.7076e-03	1.1656e-05	0.000197	4
ADAM33	4	1.7115e-03	1.1656e-05	0.000197	4
PDCD7	4	1.7196e-03	1.1656e-05	0.000197	4
SPDYE2	4	1.7287e-03	1.1656e-05	0.000197	4
PARVA	4	1.7466e-03	1.4246e-05	0.000239	4
CLCC1	4	1.7690e-03	1.4246e-05	0.000239	4
EIF3F	4	1.7768e-03	1.4246e-05	0.000239	4
NRBP1	4	1.7785e-03	1.4246e-05	0.000239	4
NAA25	4	1.7817e-03	1.4246e-05	0.000239	4
PWP2	4	1.7859e-03	1.4764e-05	0.000246	4
NAF1	4	1.7872e-03	1.4764e-05	0.000246	3
DIMT1	4	1.7925e-03	1.4764e-05	0.000246	4
KIAA0391	4	1.7946e-03	1.4764e-05	0.000246	4
NUP88	4	1.8025e-03	1.4764e-05	0.000246	4
SUGT1	4	1.8093e-03	1.4764e-05	0.000246	4
UBIAD1	4	1.8152e-03	1.4764e-05	0.000246	3
BANP	4	1.8267e-03	1.4764e-05	0.000246	4
ATP5J	4	1.8477e-03	1.8908e-05	0.000314	4
CDC123	4	1.8497e-03	1.8908e-05	0.000314	3
SACS	4	1.8528e-03	1.8908e-05	0.000314	4
MRPL37	4	1.8774e-03	1.8908e-05	0.000314	4
SRSF3	4	1.8801e-03	1.8908e-05	0.000314	4
COPS3	4	1.8973e-03	1.9426e-05	0.000320	4
MNDA	4	1.8994e-03	1.9426e-05	0.000320	4
CENPJ	4	1.9064e-03	1.9426e-05	0.000320	4
SHQ1	4	1.9186e-03	1.9426e-05	0.000320	4
EXTL3	4	1.9246e-03	1.9426e-05	0.000320	4
RPN1	4	1.9328e-03	1.9426e-05	0.000320	3
CPSF4	4	1.9410e-03	1.9426e-05	0.000320	3
EIF5B	4	1.9421e-03	1.9426e-05	0.000320	4
PWP1	4	1.9661e-03	1.9944e-05	0.000326	4
PPA2	4	1.9681e-03	1.9944e-05	0.000326	4
PSMD4	4	1.9836e-03	1.9944e-05	0.000326	4
STIL	4	1.9865e-03	1.9944e-05	0.000326	4
WDR77	4	1.9889e-03	1.9944e-05	0.000326	4
MRPL32	4	1.9892e-03	1.9944e-05	0.000326	3
HMMR	4	1.9897e-03	1.9944e-05	0.000326	4
AAMP	4	2.0052e-03	1.9944e-05	0.000326	4
PLK4	4	2.0079e-03	1.9944e-05	0.000326	3
ATP5D	4	2.0107e-03	1.9944e-05	0.000326	4
MAD2L1	4	2.0173e-03	1.9944e-05	0.000326	4
LDLR	4	2.0239e-03	2.0462e-05	0.000332	3
ANKRD17	4	2.0321e-03	2.0462e-05	0.000332	4
LDAH	4	2.0334e-03	2.0462e-05	0.000332	3
CHMP7	4	2.0372e-03	2.0462e-05	0.000332	4
UCHL5	4	2.0418e-03	2.0462e-05	0.000332	4
CRLS1	4	2.0460e-03	2.0462e-05	0.000332	4
UTP20	4	2.0466e-03	2.0462e-05	0.000332	4
OBP2A	4	2.0620e-03	2.0980e-05	0.000339	4
LCE1B	4	2.0675e-03	2.0980e-05	0.000339	4
EWSR1	4	2.0849e-03	2.0980e-05	0.000339	4
E4F1	4	2.1266e-03	2.0980e-05	0.000339	3
ZNHIT6	4	2.1314e-03	2.0980e-05	0.000339	3
WARS2	4	2.1316e-03	2.0980e-05	0.000339	2
HNRNPL	4	2.1363e-03	2.0980e-05	0.000339	4
MED4	4	2.1432e-03	2.1498e-05	0.000344	4
AGAP4	4	2.1500e-03	2.1498e-05	0.000344	3
KIF1BP	4	2.1541e-03	2.1498e-05	0.000344	4
PSMC1	4	2.1589e-03	2.1498e-05	0.000344	4
RBM39	4	2.1786e-03	2.1498e-05	0.000344	4
KIAA1524	4	2.1827e-03	2.1498e-05	0.000344	4
MRRF	4	2.2047e-03	2.1498e-05	0.000344	4
GEMIN4	4	2.2055e-03	2.1498e-05	0.000344	4
CENPA	4	2.2136e-03	2.1498e-05	0.000344	4
NDC80	4	2.2175e-03	2.1498e-05	0.000344	3
RBBP5	4	2.2354e-03	2.4606e-05	0.000394	3
EIF4EBP3	4	2.2551e-03	2.5124e-05	0.000401	4
IPO11	4	2.2594e-03	2.5124e-05	0.000401	4
ALG14	4	2.2730e-03	2.5642e-05	0.000408	4
GTF3C3	4	2.2801e-03	2.5642e-05	0.000408	3
NBPF20	4	2.2853e-03	2.5642e-05	0.000408	3
RAB7A	4	2.2893e-03	2.5642e-05	0.000408	3
MCM10	4	2.2923e-03	2.6160e-05	0.000416	4
ICE1	4	2.3037e-03	2.6160e-05	0.000416	3
ORC5	4	2.3196e-03	2.6678e-05	0.000424	4
HSD17B10	4	2.3336e-03	2.8232e-05	0.000448	4
NCAPH2	4	2.3414e-03	2.8750e-05	0.000456	4
EXOC4	4	2.3564e-03	2.9268e-05	0.000463	3
SF1	4	2.3705e-03	2.9786e-05	0.000469	4
MCM2	4	2.3715e-03	2.9786e-05	0.000469	3
TINF2	4	2.3789e-03	2.9786e-05	0.000469	4
NOLC1	4	2.3789e-03	2.9786e-05	0.000469	4
LTV1	4	2.3836e-03	2.9786e-05	0.000469	4
NDC1	4	2.3869e-03	2.9786e-05	0.000469	4
GTF3C6	4	2.4107e-03	3.1858e-05	0.000500	2
CNOT3	4	2.4149e-03	3.1858e-05	0.000500	4
RNF20	4	2.4155e-03	3.1858e-05	0.000500	4
RAD23B	4	2.4269e-03	3.1858e-05	0.000500	4
CSTB	4	2.4512e-03	3.2376e-05	0.000507	4
SPTSSA	4	2.4686e-03	3.2376e-05	0.000507	4
DDAH1	4	2.4777e-03	3.2376e-05	0.000507	3
CDC7	4	2.4842e-03	3.2376e-05	0.000507	4
ZMAT2	4	2.5466e-03	3.7039e-05	0.000579	4
ISY1	4	2.5550e-03	3.7039e-05	0.000579	4
CERS5	4	2.5618e-03	3.7557e-05	0.000585	4
PSENEN	4	2.5849e-03	3.7557e-05	0.000585	4
GPR157	4	2.5864e-03	3.7557e-05	0.000585	4
AATF	4	2.5897e-03	3.9111e-05	0.000604	4
TRIM49C	4	2.5941e-03	3.9111e-05	0.000604	4
MRPL4	4	2.5963e-03	3.9111e-05	0.000604	3
ISY1-RAB43	4	2.5986e-03	3.9111e-05	0.000604	4
MDN1	4	2.6002e-03	3.9111e-05	0.000604	3
TMEM202	4	2.6042e-03	3.9111e-05	0.000604	4
SMC6	4	2.6066e-03	3.9111e-05	0.000604	4
TWISTNB	4	2.6126e-03	3.9111e-05	0.000604	4
TCEB2	4	2.6248e-03	3.9111e-05	0.000604	4
BANF1	4	2.6271e-03	3.9111e-05	0.000604	4
GCN1L1	4	2.6327e-03	3.9111e-05	0.000604	4
PDCL	4	2.6444e-03	3.9629e-05	0.000609	4
EIF2S2	4	2.6562e-03	3.9629e-05	0.000609	4
TEN1	4	2.6714e-03	3.9629e-05	0.000609	3
KPNA6	4	2.6799e-03	3.9629e-05	0.000609	4
CCNK	4	2.6850e-03	3.9629e-05	0.000609	4
POLE	4	2.6861e-03	3.9629e-05	0.000609	4
ACLY	4	2.6869e-03	3.9629e-05	0.000609	4
GINS4	4	2.6905e-03	4.1183e-05	0.000632	4
USP37	4	2.6963e-03	4.1183e-05	0.000632	4
MRPL57	4	2.7089e-03	4.2219e-05	0.000642	4
VMA21	4	2.7134e-03	4.2219e-05	0.000642	3
EXOSC9	4	2.7172e-03	4.2219e-05	0.000642	4
LIMS1	4	2.7226e-03	4.2219e-05	0.000642	3
SENP2	4	2.7283e-03	4.2219e-05	0.000642	4
POLR2D	4	2.7341e-03	4.2219e-05	0.000642	3
RAD17	4	2.7455e-03	4.2219e-05	0.000642	3
PGM3	4	2.7518e-03	4.2219e-05	0.000642	4
PARK7	4	2.7537e-03	4.2219e-05	0.000642	4
PRKAR1A	4	2.7571e-03	4.2219e-05	0.000642	4
PPP2R5D	4	2.7642e-03	4.2737e-05	0.000647	2
ELP3	4	2.7777e-03	4.2737e-05	0.000647	4
PRKRIR	4	2.7791e-03	4.2737e-05	0.000647	4
COX4I2	4	2.7856e-03	4.2737e-05	0.000647	4
MRPL55	4	2.7912e-03	4.2737e-05	0.000647	4
INTS2	4	2.7936e-03	4.2737e-05	0.000647	4
TM9SF4	4	2.8151e-03	4.2737e-05	0.000647	4
MIPEP	4	2.8269e-03	4.6881e-05	0.000707	4
GNB1	4	2.8549e-03	4.6881e-05	0.000707	4
VIT	4	2.8558e-03	4.6881e-05	0.000707	4
DHX16	4	2.8610e-03	4.6881e-05	0.000707	3
SAR1A	4	2.8723e-03	4.7399e-05	0.000713	3
CDAN1	4	2.8812e-03	4.7399e-05	0.000713	4
CPSF3L	4	2.8931e-03	4.7399e-05	0.000713	3
TOPBP1	4	2.9052e-03	4.7399e-05	0.000713	4
HNRNPU	4	2.9098e-03	4.8953e-05	0.000736	4
PPIL4	4	2.9118e-03	5.1025e-05	0.000766	2
ENY2	4	2.9190e-03	5.1025e-05	0.000766	4
MRPL16	4	2.9500e-03	5.2579e-05	0.000786	4
BCAP31	4	2.9535e-03	5.2579e-05	0.000786	4
IER3IP1	4	2.9542e-03	5.2579e-05	0.000786	3
DDX59	4	2.9607e-03	5.2579e-05	0.000786	4
FURIN	4	2.9653e-03	5.3097e-05	0.000792	4
ATP6V1H	4	2.9699e-03	5.3097e-05	0.000792	4
ANTXR2	4	2.9765e-03	5.3097e-05	0.000792	4
HECTD1	4	2.9838e-03	5.3097e-05	0.000792	4
EPPIN-WFDC6	4	2.9905e-03	5.4133e-05	0.000805	4
THAP1	4	2.9953e-03	5.4133e-05	0.000805	3
PSMC2	4	3.0088e-03	5.4652e-05	0.000812	3
ZNF598	4	3.0176e-03	5.7760e-05	0.000855	4
ATP5J2-PTCD1	4	3.0203e-03	5.7760e-05	0.000855	4
NPLOC4	4	3.0223e-03	5.7760e-05	0.000855	4
SCARB2	4	3.0269e-03	5.7760e-05	0.000855	4
RPAIN	4	3.0284e-03	5.7760e-05	0.000855	4
ACTR6	4	3.0456e-03	5.8278e-05	0.000861	3
RPE	4	3.0481e-03	5.8278e-05	0.000861	4
CLSPN	4	3.0493e-03	5.8278e-05	0.000861	4
TRAPPC1	4	3.0629e-03	6.1386e-05	0.000906	4
FAM160B1	4	3.0706e-03	6.1904e-05	0.000913	4
SRP19	4	3.0731e-03	6.5012e-05	0.000957	4
TTI2	4	3.1017e-03	6.5012e-05	0.000957	4
TRAPPC13	4	3.1351e-03	6.5012e-05	0.000957	3
ACTR8	4	3.1363e-03	6.5530e-05	0.000960	4
DERL2	4	3.1514e-03	6.5530e-05	0.000960	4
TSGA10	4	3.1516e-03	6.5530e-05	0.000960	4
DPM2	4	3.1530e-03	6.5530e-05	0.000960	4
MED14	4	3.1899e-03	6.5530e-05	0.000960	4
PRPF38B	4	3.1933e-03	6.5530e-05	0.000960	4
NSFL1C	4	3.2455e-03	6.7602e-05	0.000989	4
CDK11A	4	3.2582e-03	6.7602e-05	0.000989	4
ARHGAP5	4	3.3269e-03	6.8120e-05	0.000994	3
ZNF229	4	3.3279e-03	6.8120e-05	0.000994	4
THOC3	4	3.3300e-03	6.8120e-05	0.000994	4
NELFA	4	3.3441e-03	7.0710e-05	0.001030	4
RCE1	4	3.3444e-03	7.0710e-05	0.001030	4
TEAD3	4	3.3478e-03	7.1228e-05	0.001037	4
MBD3L5	4	3.3662e-03	7.2264e-05	0.001048	4
RPL12	4	3.3751e-03	7.2264e-05	0.001048	4
USP49	4	3.3921e-03	7.2264e-05	0.001048	4
XRCC4	4	3.3936e-03	7.2264e-05	0.001048	4
ALG12	4	3.3975e-03	7.2264e-05	0.001048	4
ILK	4	3.4184e-03	7.2782e-05	0.001050	4
DPH2	4	3.4190e-03	7.2782e-05	0.001050	4
PQBP1	4	3.4228e-03	7.2782e-05	0.001050	4
UBE2L3	4	3.4456e-03	7.2782e-05	0.001050	4
DNAJC2	4	3.4496e-03	7.2782e-05	0.001050	4
BCAR1	4	3.4529e-03	7.2782e-05	0.001050	4
CSNK2B	4	3.4586e-03	7.2782e-05	0.001050	4
NFE2L1	4	3.4712e-03	7.5890e-05	0.001091	2
UVRAG	4	3.4817e-03	7.5890e-05	0.001091	4
CDT1	4	3.4866e-03	7.5890e-05	0.001091	4
AP2S1	4	3.4911e-03	7.5890e-05	0.001091	3
KRI1	4	3.5147e-03	7.6409e-05	0.001096	3
TAF1	4	3.5221e-03	7.6409e-05	0.001096	4
PAXBP1	4	3.5337e-03	7.6409e-05	0.001096	4
ARFRP1	4	3.5339e-03	7.6409e-05	0.001096	4
NOC3L	4	3.5629e-03	7.8999e-05	0.001128	3
WDR70	4	3.6005e-03	7.8999e-05	0.001128	3
BUD13	4	3.6204e-03	7.9517e-05	0.001128	4
ZBTB24	4	3.6285e-03	7.9517e-05	0.001128	4
NSMCE2	4	3.6287e-03	7.9517e-05	0.001128	4
ACER1	4	3.6404e-03	7.9517e-05	0.001128	3
TOMM7	4	3.6452e-03	7.9517e-05	0.001128	3
GPX8	4	3.6469e-03	7.9517e-05	0.001128	4
YME1L1	4	3.6515e-03	7.9517e-05	0.001128	4
TUBB4A	4	3.6563e-03	7.9517e-05	0.001128	3
SAP130	4	3.6607e-03	7.9517e-05	0.001128	4
HSBP1	4	3.6633e-03	7.9517e-05	0.001128	3
WDR33	4	3.6744e-03	7.9517e-05	0.001128	3
POLR2I	4	3.6799e-03	7.9517e-05	0.001128	3
SENP6	4	3.7004e-03	8.3661e-05	0.001185	4
KAT8	4	3.7078e-03	8.3661e-05	0.001185	3
TAF1A	4	3.7190e-03	8.4179e-05	0.001189	3
HSPE1-MOB4	4	3.7228e-03	8.4179e-05	0.001189	4
KDELR2	4	3.7258e-03	8.4179e-05	0.001189	4
MAT2A	4	3.7401e-03	8.4179e-05	0.001189	3
INTS7	4	3.7564e-03	8.4697e-05	0.001196	3
SLC10A7	4	3.7705e-03	8.5215e-05	0.001200	4
TSEN54	4	3.7790e-03	8.5215e-05	0.001200	4
INTS8	4	3.7796e-03	8.5215e-05	0.001200	4
WWTR1	4	3.7923e-03	8.7805e-05	0.001227	4
PRDX2	4	3.8120e-03	8.7805e-05	0.001227	4
URB2	4	3.8122e-03	8.7805e-05	0.001227	3
TFPT	4	3.8265e-03	8.7805e-05	0.001227	4
MRPS21	4	3.8308e-03	8.7805e-05	0.001227	3
CLASP1	4	3.8322e-03	8.7805e-05	0.001227	4
UBALD2	4	3.8566e-03	8.7805e-05	0.001227	4
TMEM258	4	3.8754e-03	8.7805e-05	0.001227	4
PPP1R11	4	3.8755e-03	8.7805e-05	0.001227	3
KANSL2	4	3.8767e-03	8.7805e-05	0.001227	3
H3F3A	3	3.8767e-03	5.4133e-05	0.000805	3
DCLRE1B	4	3.8831e-03	8.7805e-05	0.001227	4
UFL1	4	3.8918e-03	8.8323e-05	0.001229	4
MRPS9	4	3.9012e-03	8.8323e-05	0.001229	4
POP4	4	3.9174e-03	8.8323e-05	0.001229	4
POTEJ	4	3.9432e-03	8.8323e-05	0.001229	4
GTPBP10	4	3.9515e-03	8.8323e-05	0.001229	4
RNF40	4	3.9883e-03	8.8323e-05	0.001229	4
SLC33A1	4	4.0223e-03	9.0913e-05	0.001263	3
RPS2	4	4.0312e-03	9.0913e-05	0.001263	3
NBAS	4	4.0422e-03	9.1431e-05	0.001266	3
AP2M1	4	4.0436e-03	9.1431e-05	0.001266	4
HIST1H4K	4	4.0498e-03	9.1431e-05	0.001266	4
KMT2A	4	4.0704e-03	9.1431e-05	0.001266	4
TMEM74	4	4.0902e-03	9.5575e-05	0.001323	4
KIF23	4	4.1129e-03	9.6093e-05	0.001329	4
PPIAL4A	4	4.1276e-03	1.0127e-04	0.001394	4
SPDYE1	4	4.1287e-03	1.0127e-04	0.001394	4
BOP1	4	4.1327e-03	1.0127e-04	0.001394	3
RBFA	4	4.1331e-03	1.0127e-04	0.001394	4
ACTR3	4	4.1398e-03	1.0127e-04	0.001394	4
PSMD13	4	4.1521e-03	1.0127e-04	0.001394	4
NSMCE4A	4	4.1549e-03	1.0127e-04	0.001394	4
EXOC8	4	4.1579e-03	1.0179e-04	0.001400	3
SAP30BP	4	4.2017e-03	1.0490e-04	0.001437	4
GTF2E1	4	4.2086e-03	1.0490e-04	0.001437	3
MAD2L2	4	4.2155e-03	1.0490e-04	0.001437	4
MPDU1	4	4.2199e-03	1.0490e-04	0.001437	3
KRTAP19-1	4	4.2309e-03	1.0490e-04	0.001437	4
DERL1	4	4.2413e-03	1.0542e-04	0.001442	4
BICD2	4	4.2627e-03	1.0542e-04	0.001442	4
MRPL52	4	4.2749e-03	1.0594e-04	0.001447	4
SMG8	4	4.2826e-03	1.0594e-04	0.001447	3
TRAPPC8	4	4.2902e-03	1.0645e-04	0.001453	4
PNISR	4	4.3051e-03	1.1060e-04	0.001506	4
RNPS1	4	4.3072e-03	1.1060e-04	0.001506	3
EIF3CL	4	4.3365e-03	1.1112e-04	0.001506	3
PGD	4	4.3374e-03	1.1112e-04	0.001506	4
RAB18	4	4.3419e-03	1.1112e-04	0.001506	4
FXN	4	4.3644e-03	1.1112e-04	0.001506	3
PPP1R10	4	4.3745e-03	1.1112e-04	0.001506	3
MIS18BP1	4	4.3756e-03	1.1112e-04	0.001506	2
PLA2G15	4	4.3760e-03	1.1112e-04	0.001506	4
MRPL17	4	4.3800e-03	1.1112e-04	0.001506	3
TAF5	4	4.4269e-03	1.1163e-04	0.001511	4
SPDYE3	4	4.4599e-03	1.1163e-04	0.001511	3
SEC61B	4	4.5032e-03	1.1889e-04	0.001608	4
ALG11	4	4.5344e-03	1.2148e-04	0.001635	4
NUDC	4	4.5359e-03	1.2148e-04	0.001635	3
ATP5G1	4	4.5519e-03	1.2148e-04	0.001635	4
HELQ	4	4.5551e-03	1.2148e-04	0.001635	4
NIPBL	4	4.5673e-03	1.2148e-04	0.001635	3
MRPL51	4	4.5674e-03	1.2148e-04	0.001635	4
GTF2H4	4	4.5715e-03	1.2148e-04	0.001635	4
MSL1	4	4.6088e-03	1.2199e-04	0.001640	4
MRPL11	4	4.6249e-03	1.2199e-04	0.001640	4
PDAP1	4	4.6499e-03	1.2251e-04	0.001643	4
HIST1H2AJ	4	4.6709e-03	1.2251e-04	0.001643	4
ATXN2	4	4.7019e-03	1.2251e-04	0.001643	4
ZRANB1	4	4.7461e-03	1.2303e-04	0.001643	4
VPS16	4	4.7666e-03	1.2303e-04	0.001643	3
NAA35	4	4.7678e-03	1.2303e-04	0.001643	4
TMEM165	4	4.7756e-03	1.2303e-04	0.001643	4
RPA2	4	4.8220e-03	1.2303e-04	0.001643	4
PDCD5	4	4.8295e-03	1.2303e-04	0.001643	4
SNUPN	4	4.8352e-03	1.2407e-04	0.001651	3
NCOR2	4	4.8461e-03	1.2407e-04	0.001651	4
LOC79999	4	4.8484e-03	1.2407e-04	0.001651	4
MAPRE1	4	4.8501e-03	1.2407e-04	0.001651	4
GFER	4	4.8665e-03	1.2407e-04	0.001651	4
CCDC171	4	4.8747e-03	1.2458e-04	0.001655	4
RPS19BP1	4	4.8818e-03	1.2458e-04	0.001655	4
HIST2H4A	4	4.8926e-03	1.2458e-04	0.001655	3
SPDYE2B	4	4.9136e-03	1.2873e-04	0.001700	3
TFIP11	4	4.9154e-03	1.2873e-04	0.001700	3
CD69	4	4.9534e-03	1.2873e-04	0.001700	4
PSMG4	4	4.9711e-03	1.2873e-04	0.001700	3
PDXP	4	4.9766e-03	1.2873e-04	0.001700	4
SLC25A26	4	4.9844e-03	1.2873e-04	0.001700	4
BMS1	4	5.0272e-03	1.2873e-04	0.001700	4
LRCH3	4	5.0302e-03	1.2873e-04	0.001700	4
ALG8	4	5.0404e-03	1.2925e-04	0.001700	3
DHX9	4	5.0737e-03	1.2925e-04	0.001700	3
ATP1A1	4	5.0772e-03	1.2925e-04	0.001700	4
GDF6	4	5.1028e-03	1.2925e-04	0.001700	4
TARS	4	5.1180e-03	1.2925e-04	0.001700	4
LRRC74A	4	5.1494e-03	1.2925e-04	0.001700	4
FOXM1	4	5.1663e-03	1.3391e-04	0.001754	4
COG5	4	5.1843e-03	1.3391e-04	0.001754	4
ARL1	4	5.2133e-03	1.3391e-04	0.001754	4
RNF25	4	5.2405e-03	1.3391e-04	0.001754	4
DDX49	4	5.2516e-03	1.3443e-04	0.001754	4
CHCHD4	4	5.2793e-03	1.3443e-04	0.001754	3
ZFC3H1	4	5.2881e-03	1.3443e-04	0.001754	3
MRPS27	4	5.3144e-03	1.3443e-04	0.001754	4
ZFAND2A	4	5.3215e-03	1.3443e-04	0.001754	4
ATP2A2	4	5.3266e-03	1.3443e-04	0.001754	4
SP2	4	5.3339e-03	1.3443e-04	0.001754	3
LOC101060389	4	5.3467e-03	1.3443e-04	0.001754	3
RBBP6	4	5.3711e-03	1.3909e-04	0.001810	4
PFDN5	4	5.3711e-03	1.3909e-04	0.001810	4
HAUS1	4	5.3747e-03	1.3909e-04	0.001810	4
EXOSC10	4	5.3798e-03	1.3909e-04	0.001810	4
MICAL2	4	5.3871e-03	1.4220e-04	0.001849	3
ATXN10	4	5.4056e-03	1.4272e-04	0.001854	4
AGAP11	4	5.4282e-03	1.4531e-04	0.001885	4
COX7C	4	5.4353e-03	1.4582e-04	0.001891	3
MAPKAP1	4	5.4622e-03	1.4738e-04	0.001910	3
HMGCR	4	5.4784e-03	1.5204e-04	0.001966	4
POLG	4	5.4786e-03	1.5204e-04	0.001966	3
POLR1E	4	5.4786e-03	1.5204e-04	0.001966	3
CIRH1A	4	5.5199e-03	1.5722e-04	0.002028	4
ATP6V0D1	4	5.5214e-03	1.5722e-04	0.002028	4
LIN9	4	5.5349e-03	1.5722e-04	0.002028	4
ACTR1A	4	5.5356e-03	1.5722e-04	0.002028	4
ERCC6L	4	5.5534e-03	1.5774e-04	0.002032	4
HAUS6	4	5.5711e-03	1.5774e-04	0.002032	4
POTEB2	4	5.5872e-03	1.5981e-04	0.002057	4
SPC24	4	5.6309e-03	1.6033e-04	0.002059	4
NHSL2	4	5.6626e-03	1.6033e-04	0.002059	4
CFHR5	4	5.6637e-03	1.6033e-04	0.002059	4
SSRP1	4	5.6771e-03	1.6758e-04	0.002148	2
TRIM49	4	5.6860e-03	1.6758e-04	0.002148	3
IFITM3	4	5.7136e-03	1.6758e-04	0.002148	4
UBAP1	4	5.7321e-03	1.6810e-04	0.002148	3
OSTF1	4	5.7367e-03	1.6810e-04	0.002148	4
TSC22D2	4	5.7437e-03	1.6810e-04	0.002148	4
SLC36A2	4	5.7518e-03	1.6810e-04	0.002148	4
NPIPA3	4	5.7642e-03	1.6810e-04	0.002148	4
KIF4A	4	5.7999e-03	1.7691e-04	0.002259	2
SNAPC2	4	5.8601e-03	1.7742e-04	0.002262	4
PAQR4	4	5.8628e-03	1.7742e-04	0.002262	4
POLR3E	4	5.8764e-03	1.8157e-04	0.002314	3
PKNOX1	4	5.8814e-03	1.8209e-04	0.002317	4
LRRC37A3	4	5.8816e-03	1.8209e-04	0.002317	4
SPCS1	4	5.9043e-03	1.8364e-04	0.002331	4
PRPF40A	4	5.9056e-03	1.8364e-04	0.002331	4
MGRN1	4	5.9080e-03	1.8364e-04	0.002331	3
DDOST	4	5.9144e-03	1.8364e-04	0.002331	4
EIF4G2	4	5.9401e-03	1.8416e-04	0.002331	4
PPRC1	4	5.9487e-03	1.8416e-04	0.002331	3
YPEL5	4	5.9580e-03	1.8416e-04	0.002331	4
SMC4	4	5.9631e-03	1.8416e-04	0.002331	4
PPP1R7	4	5.9886e-03	1.8986e-04	0.002402	3
GAK	4	6.0086e-03	1.9400e-04	0.002452	3
TRAPPC2	4	6.0284e-03	1.9452e-04	0.002457	3
SPC25	4	6.0756e-03	1.9970e-04	0.002518	4
GFM2	4	6.0760e-03	1.9970e-04	0.002518	4
ARL2BP	4	6.0906e-03	1.9970e-04	0.002518	4
SNRPB	4	6.1182e-03	2.0022e-04	0.002519	4
GUK1	4	6.1371e-03	2.0022e-04	0.002519	3
RBM12	4	6.1607e-03	2.0022e-04	0.002519	3
SPCS2	4	6.1879e-03	2.1006e-04	0.002634	4
TFDP1	4	6.2181e-03	2.1006e-04	0.002634	4
KIAA1033	4	6.2214e-03	2.1006e-04	0.002634	4
PPP1R15B	4	6.2513e-03	2.1006e-04	0.002634	3
TTC4	4	6.2582e-03	2.1006e-04	0.002634	3
HTRA2	4	6.2719e-03	2.1058e-04	0.002637	4
UBE2G2	4	6.3132e-03	2.1058e-04	0.002637	4
NRF1	4	6.3487e-03	2.1317e-04	0.002666	4
SMAD5	4	6.3536e-03	2.1317e-04	0.002666	4
CFC1	4	6.3769e-03	2.1368e-04	0.002671	4
FASN	4	6.3923e-03	2.1576e-04	0.002692	4
TMEM184A	4	6.3962e-03	2.1576e-04	0.002692	4
YWHAQ	4	6.4044e-03	2.1576e-04	0.002692	4
AIFM1	4	6.4227e-03	2.1627e-04	0.002695	3
AP4B1	4	6.4360e-03	2.1627e-04	0.002695	4
NDOR1	4	6.4903e-03	2.2042e-04	0.002745	4
AUNIP	4	6.5002e-03	2.2094e-04	0.002749	3
RAD1	4	6.5532e-03	2.2353e-04	0.002778	4
PSMD2	4	6.5735e-03	2.2405e-04	0.002779	4
FANCE	4	6.5746e-03	2.2405e-04	0.002779	4
EIF2A	4	6.5768e-03	2.2405e-04	0.002779	3
MVD	4	6.6058e-03	2.4269e-04	0.003008	3
PPIAL4F	4	6.6295e-03	2.4321e-04	0.003013	3
COMMD10	4	6.6310e-03	2.5046e-04	0.003083	4
WDR82	4	6.6785e-03	2.5046e-04	0.003083	4
MECR	4	6.6792e-03	2.5046e-04	0.003083	4
EXOSC1	4	6.7009e-03	2.5046e-04	0.003083	4
CBWD1	3	6.7325e-03	1.4375e-04	0.001867	3
CINP	4	6.7491e-03	2.5098e-04	0.003083	3
CACTIN	4	6.7585e-03	2.5098e-04	0.003083	3
PAK1IP1	4	6.7629e-03	2.5098e-04	0.003083	4
TBL3	4	6.7672e-03	2.5098e-04	0.003083	4
CHERP	4	6.7688e-03	2.5098e-04	0.003083	4
IK	4	6.7770e-03	2.5098e-04	0.003083	4
RPA3	4	6.7791e-03	2.5098e-04	0.003083	3
DNAJB1	4	6.7925e-03	2.5098e-04	0.003083	3
COL4A3BP	4	6.7947e-03	2.5098e-04	0.003083	4
TIMM23	4	6.8256e-03	2.5668e-04	0.003143	3
ZNF92	4	6.8315e-03	2.5668e-04	0.003143	4
SEC23A	4	6.8354e-03	2.5668e-04	0.003143	4
ARMCX6	4	6.8487e-03	2.5668e-04	0.003143	4
WAPAL	4	6.8859e-03	2.5720e-04	0.003143	3
PUS3	4	6.9105e-03	2.5720e-04	0.003143	4
RHOA	4	6.9192e-03	2.5720e-04	0.003143	4
RPS6KL1	4	6.9316e-03	2.5720e-04	0.003143	4
FAM103A1	4	6.9580e-03	2.6445e-04	0.003230	3
CLEC14A	4	7.0027e-03	2.6808e-04	0.003270	4
ZC3H8	4	7.0507e-03	2.6808e-04	0.003270	3
FAM25G	4	7.0794e-03	2.6860e-04	0.003270	4
MCMBP	4	7.0926e-03	2.6860e-04	0.003270	3
B4GALT7	4	7.1005e-03	2.6860e-04	0.003270	3
SLAIN1	4	7.1777e-03	2.7533e-04	0.003345	4
MTMR9	4	7.1809e-03	2.7533e-04	0.003345	4
MRPS26	4	7.1955e-03	2.7533e-04	0.003345	4
DHX30	4	7.2544e-03	2.8258e-04	0.003429	4
CHRNA1	4	7.2880e-03	2.8258e-04	0.003429	3
TTC27	4	7.2955e-03	2.8310e-04	0.003431	4
ANKLE2	4	7.3213e-03	2.8310e-04	0.003431	3
BTAF1	4	7.3508e-03	2.9139e-04	0.003527	4
JTB	4	7.3607e-03	2.9864e-04	0.003613	3
PTPRN	4	7.3813e-03	2.9916e-04	0.003617	4
VPS13D	4	7.4359e-03	3.0641e-04	0.003700	3
CENPW	4	7.4509e-03	3.0641e-04	0.003700	2
GAGE2D	4	7.4683e-03	3.1366e-04	0.003785	4
INTS3	4	7.4775e-03	3.2040e-04	0.003864	4
HIST1H3C	4	7.4841e-03	3.2092e-04	0.003867	4
GTF2H2C	4	7.4952e-03	3.2765e-04	0.003946	3
CCDC93	4	7.5144e-03	3.2817e-04	0.003947	4
SART3	4	7.5172e-03	3.2817e-04	0.003947	3
DCTN1	4	7.5570e-03	3.3076e-04	0.003973	4
NPIPA1	4	7.5580e-03	3.3076e-04	0.003973	2
TSG101	4	7.5816e-03	3.3956e-04	0.004047	3
PRKDC	4	7.5858e-03	3.3956e-04	0.004047	4
EBNA1BP2	4	7.6236e-03	3.3956e-04	0.004047	2
TNKS	4	7.6379e-03	3.3956e-04	0.004047	4
GTF2F1	4	7.6420e-03	3.3956e-04	0.004047	4
FDX1L	4	7.6458e-03	3.3956e-04	0.004047	4
UNC45A	4	7.6553e-03	3.3956e-04	0.004047	4
MED22	4	7.6569e-03	3.3956e-04	0.004047	4
KAT5	4	7.6584e-03	3.3956e-04	0.004047	3
CCM2	4	7.6826e-03	3.3956e-04	0.004047	4
POTED	4	7.6902e-03	3.3956e-04	0.004047	4
CDC26	4	7.7380e-03	3.4008e-04	0.004047	4
E2F1	4	7.7929e-03	3.4008e-04	0.004047	3
NOL8	4	7.8163e-03	3.4008e-04	0.004047	3
ZNF672	4	7.8281e-03	3.4008e-04	0.004047	4
GINS3	4	7.8568e-03	3.5511e-04	0.004145	2
SLC39A5	4	7.8649e-03	3.5511e-04	0.004145	4
TM9SF2	4	7.8673e-03	3.5511e-04	0.004145	4
TRMT61A	4	7.8673e-03	3.5511e-04	0.004145	3
CCDC94	4	7.8786e-03	3.5511e-04	0.004145	4
GBF1	4	7.8996e-03	3.5511e-04	0.004145	4
METTL17	4	7.9550e-03	3.5511e-04	0.004145	3
ERCC1	4	7.9575e-03	3.5511e-04	0.004145	4
XPO7	4	7.9664e-03	3.5511e-04	0.004145	4
SMG5	4	7.9800e-03	3.5511e-04	0.004145	4
ZFP36L1	4	7.9920e-03	3.5511e-04	0.004145	4
YTHDC1	4	7.9939e-03	3.5511e-04	0.004145	4
PPM1E	4	8.0024e-03	3.5511e-04	0.004145	4
POLE4	4	8.0652e-03	3.5511e-04	0.004145	3
NUDCD3	4	8.0744e-03	3.5511e-04	0.004145	3
FAM35A	4	8.0825e-03	3.5511e-04	0.004145	3
SRSF11	4	8.0929e-03	3.5511e-04	0.004145	3
FOXD4L1	4	8.0952e-03	3.5511e-04	0.004145	3
NUMA1	4	8.1369e-03	3.5511e-04	0.004145	3
POTEB	4	8.1612e-03	3.5562e-04	0.004145	3
BUB1	4	8.1682e-03	3.5562e-04	0.004145	3
DHDDS	4	8.1682e-03	3.5562e-04	0.004145	3
TTK	4	8.2128e-03	3.5562e-04	0.004145	4
LRP10	4	8.2205e-03	3.5562e-04	0.004145	4
TERT	4	8.2374e-03	3.5562e-04	0.004145	4
RAPH1	4	8.3070e-03	3.5562e-04	0.004145	4
BIRC6	4	8.3098e-03	3.5562e-04	0.004145	4
DICER1	4	8.3112e-03	3.5562e-04	0.004145	4
OST4	4	8.3169e-03	3.5562e-04	0.004145	4
RGPD1	4	8.3441e-03	3.5562e-04	0.004145	3
MRPL44	4	8.3569e-03	3.5562e-04	0.004145	4
MAPKAPK2	4	8.3898e-03	3.5562e-04	0.004145	4
BCAS2	4	8.3927e-03	3.5562e-04	0.004145	4
SMC1A	4	8.4396e-03	3.5562e-04	0.004145	3
SREK1	4	8.4466e-03	3.6184e-04	0.004203	4
TIMM44	4	8.5253e-03	3.6184e-04	0.004203	3
C19orf12	4	8.5290e-03	3.6184e-04	0.004203	4
GID8	4	8.5325e-03	3.6184e-04	0.004203	4
MRPL45	4	8.5652e-03	3.6236e-04	0.004203	3
RTFDC1	4	8.5707e-03	3.6236e-04	0.004203	3
DDX11	3	8.5891e-03	2.2301e-04	0.002773	2
PRPF3	4	8.6116e-03	3.6236e-04	0.004203	3
GTF3C2	4	8.6320e-03	3.6236e-04	0.004203	3
ZC3H18	4	8.6549e-03	3.7220e-04	0.004309	4
ATR	4	8.6553e-03	3.7220e-04	0.004309	4
MRPS33	4	8.6655e-03	3.7220e-04	0.004309	3
FUT8	4	8.6767e-03	3.7272e-04	0.004312	4
TOP1	4	8.7103e-03	3.8360e-04	0.004404	2
CHMP4B	4	8.7215e-03	3.8360e-04	0.004404	2
NGLY1	4	8.7407e-03	3.8360e-04	0.004404	4
RFC1	4	8.7693e-03	3.8360e-04	0.004404	2
APEX2	4	8.8002e-03	3.8360e-04	0.004404	3
WDR25	4	8.8171e-03	3.8411e-04	0.004404	4
UBA5	4	8.8193e-03	3.8411e-04	0.004404	4
ATAD3C	4	8.8284e-03	3.8411e-04	0.004404	2
DBT	4	8.8424e-03	3.8411e-04	0.004404	4
ZNF217	4	8.8468e-03	3.8411e-04	0.004404	3
LIG1	4	8.8970e-03	3.8411e-04	0.004404	4
MAD1L1	4	8.8995e-03	3.8411e-04	0.004404	4
RPP40	4	8.9032e-03	3.8411e-04	0.004404	3
COQ6	4	8.9045e-03	3.8411e-04	0.004404	4
ERCC4	4	8.9057e-03	3.8411e-04	0.004404	3
ANKRD36	4	8.9415e-03	3.9499e-04	0.004526	3
VBP1	4	8.9642e-03	3.9551e-04	0.004527	3
CSTF1	4	8.9691e-03	3.9551e-04	0.004527	4
ASB7	4	9.0031e-03	4.0587e-04	0.004640	4
ZNF827	4	9.0069e-03	4.0587e-04	0.004640	4
TLR4	4	9.0281e-03	4.0639e-04	0.004643	4
ITPA	4	9.0614e-03	4.1882e-04	0.004782	4
FARS2	4	9.1861e-03	4.3022e-04	0.004886	3
PABPC1	4	9.1911e-03	4.3022e-04	0.004886	3
RPA1	4	9.1961e-03	4.3022e-04	0.004886	3
URM1	3	9.2051e-03	2.8362e-04	0.003435	3
CENPQ	4	9.2204e-03	4.3022e-04	0.004886	4
NDST1	4	9.2504e-03	4.3022e-04	0.004886	3
ANKFY1	4	9.2945e-03	4.3074e-04	0.004886	4
LSM10	4	9.3168e-03	4.3074e-04	0.004886	4
BCAR3	4	9.3178e-03	4.3074e-04	0.004886	4
LPCAT3	4	9.3302e-03	4.3074e-04	0.004886	4
HUS1	4	9.4006e-03	4.3074e-04	0.004886	3
WRB	4	9.4229e-03	4.3074e-04	0.004886	4
ANAPC13	4	9.4376e-03	4.5767e-04	0.005176	4
CWC25	4	9.4465e-03	4.5767e-04	0.005176	3
DAP3	4	9.4874e-03	4.5767e-04	0.005176	4
RNF8	4	9.4925e-03	4.5819e-04	0.005176	4
OR2M3	4	9.5083e-03	4.5819e-04	0.005176	3
ZNF131	4	9.5195e-03	4.5819e-04	0.005176	4
ORC3	4	9.5234e-03	4.5819e-04	0.005176	4
CMSS1	4	9.6033e-03	4.6855e-04	0.005264	4
TAF10	4	9.6120e-03	4.6855e-04	0.005264	4
ANKRD20A3	4	9.6158e-03	4.6855e-04	0.005264	3
RBBP8NL	4	9.6274e-03	4.6855e-04	0.005264	4
DROSHA	4	9.6346e-03	4.6855e-04	0.005264	4
SRBD1	4	9.6581e-03	4.6855e-04	0.005264	3
DNMBP	4	9.6901e-03	4.6907e-04	0.005264	4
EXOSC4	4	9.7137e-03	4.6907e-04	0.005264	4
NDUFS8	4	9.7506e-03	4.6907e-04	0.005264	4
MTIF2	4	9.7782e-03	4.6907e-04	0.005264	4
RPL39L	4	9.7806e-03	4.6907e-04	0.005264	4
CCDC105	4	9.8498e-03	4.9186e-04	0.005517	3
CIR1	4	9.8813e-03	5.0015e-04	0.005603	3
DDB1	4	9.9589e-03	5.0948e-04	0.005701	3
ADAT2	4	9.9629e-03	5.0948e-04	0.005701	3
HAUS7	4	9.9783e-03	5.1984e-04	0.005799	3
POLR3F	4	1.0003e-02	5.1984e-04	0.005799	4
PIH1D1	4	1.0017e-02	5.1984e-04	0.005799	3
PTRH1	4	1.0029e-02	5.1984e-04	0.005799	4
TMEM39B	4	1.0045e-02	5.2035e-04	0.005799	3
CASC3	4	1.0050e-02	5.2035e-04	0.005799	3
ZNF675	4	1.0072e-02	5.2035e-04	0.005799	4
IMPDH2	4	1.0108e-02	5.2761e-04	0.005877	4
LCN2	4	1.0130e-02	5.3175e-04	0.005919	4
HHLA3	4	1.0159e-02	5.3227e-04	0.005922	3
PRPF4	4	1.0194e-02	5.3486e-04	0.005939	4
A4GNT	4	1.0205e-02	5.3538e-04	0.005939	4
SDE2	4	1.0213e-02	5.3538e-04	0.005939	3
GLE1	4	1.0219e-02	5.3538e-04	0.005939	4
RBM12B	4	1.0226e-02	5.3538e-04	0.005939	4
NEMF	4	1.0275e-02	5.6076e-04	0.006213	4
ABI3BP	4	1.0287e-02	5.6128e-04	0.006215	4
SNAPC5	4	1.0302e-02	5.7475e-04	0.006361	3
SNAPC4	4	1.0363e-02	5.7527e-04	0.006363	4
DDX3X	4	1.0395e-02	5.8718e-04	0.006491	3
HAUS2	4	1.0405e-02	6.0168e-04	0.006647	4
USPL1	4	1.0494e-02	6.3432e-04	0.007000	3
TMEM14C	4	1.0494e-02	6.3432e-04	0.007000	4
COA1	4	1.0535e-02	6.5193e-04	0.007190	3
HP1BP3	4	1.0620e-02	6.6747e-04	0.007325	4
ADRB1	4	1.0623e-02	6.6747e-04	0.007325	4
MRPL14	4	1.0627e-02	6.6747e-04	0.007325	4
MRPL47	4	1.0627e-02	6.6747e-04	0.007325	3
HAUS8	4	1.0632e-02	6.6747e-04	0.007325	4
PPP1R8	4	1.0652e-02	6.6799e-04	0.007325	2
C1QB	4	1.0657e-02	6.6799e-04	0.007325	3
GOLT1B	4	1.0701e-02	6.6799e-04	0.007325	2
CC2D2B	4	1.0706e-02	6.6799e-04	0.007325	3
DHX15	4	1.0713e-02	6.6799e-04	0.007325	2
C14orf2	4	1.0744e-02	6.7162e-04	0.007353	2
CDC25B	4	1.0748e-02	6.7162e-04	0.007353	4
SSX2B	4	1.0760e-02	6.7214e-04	0.007353	4
H2AFB3	4	1.0774e-02	6.7214e-04	0.007353	4
NSMCE1	4	1.0825e-02	6.8664e-04	0.007497	3
HIST1H2BN	4	1.0853e-02	6.9027e-04	0.007497	4
KLF10	4	1.0869e-02	6.9027e-04	0.007497	4
C16orf62	4	1.0893e-02	6.9027e-04	0.007497	4
DCPS	4	1.0901e-02	6.9027e-04	0.007497	3
GRAPL	4	1.0911e-02	6.9027e-04	0.007497	4
TNS2	4	1.0923e-02	6.9027e-04	0.007497	4
UQCR10	4	1.0962e-02	6.9027e-04	0.007497	4
GOSR1	4	1.0974e-02	6.9078e-04	0.007497	4
ASB4	4	1.0995e-02	6.9078e-04	0.007497	4
SF3B6	4	1.0998e-02	6.9078e-04	0.007497	3
CHURC1-FNTB	4	1.1031e-02	6.9078e-04	0.007497	3
FAM111A	4	1.1061e-02	6.9078e-04	0.007497	4
RICTOR	4	1.1066e-02	6.9078e-04	0.007497	4
SLMAP	4	1.1087e-02	7.0011e-04	0.007578	4
NOL11	4	1.1119e-02	7.0011e-04	0.007578	3
SLC31A2	4	1.1151e-02	7.0063e-04	0.007578	2
ERCC2	4	1.1169e-02	7.0063e-04	0.007578	2
ZMAT5	4	1.1202e-02	7.0063e-04	0.007578	4
ZBTB11	4	1.1207e-02	7.0063e-04	0.007578	4
SRSF10	4	1.1259e-02	7.2031e-04	0.007787	3
OTUD7A	4	1.1304e-02	7.3533e-04	0.007933	4
SUMO2	4	1.1307e-02	7.3533e-04	0.007933	3
PFKP	4	1.1313e-02	7.3533e-04	0.007933	4
RIC8A	4	1.1381e-02	7.3585e-04	0.007933	4
MAN2B1	4	1.1428e-02	7.3585e-04	0.007933	3
POLR2H	4	1.1458e-02	7.4932e-04	0.008069	4
GLCE	4	1.1460e-02	7.4932e-04	0.008069	3
TRIP11	4	1.1513e-02	7.7160e-04	0.008299	4
PPIE	4	1.1514e-02	7.7160e-04	0.008299	4
TREM2	4	1.1546e-02	7.7211e-04	0.008300	4
FTSJ3	4	1.1555e-02	7.9180e-04	0.008507	3
ARGLU1	4	1.1672e-02	8.0682e-04	0.008659	4
CHMP2A	3	1.1679e-02	4.9497e-04	0.005549	3
HIST2H4B	4	1.1689e-02	8.0682e-04	0.008659	3
THOC1	4	1.1705e-02	8.2236e-04	0.008801	4
TCN2	4	1.1731e-02	8.2236e-04	0.008801	4
SLC2A4RG	4	1.1785e-02	8.2288e-04	0.008801	3
CCNB1	4	1.1813e-02	8.2288e-04	0.008801	3
VHLL	4	1.1818e-02	8.2288e-04	0.008801	4
GPI	4	1.1822e-02	8.2288e-04	0.008801	4
RARS2	4	1.1853e-02	8.4205e-04	0.009001	3
GPR33	4	1.1905e-02	8.4257e-04	0.009002	4
RAP1GDS1	4	1.1935e-02	8.7986e-04	0.009379	4
SUPT5H	4	1.1980e-02	8.7986e-04	0.009379	3
MRPL38	4	1.1998e-02	8.7986e-04	0.009379	4
TLDC1	4	1.2083e-02	8.8038e-04	0.009379	4
NPIPA2	4	1.2090e-02	8.8038e-04	0.009379	3
ELL	4	1.2200e-02	9.1457e-04	0.009738	4
DRGX	4	1.2212e-02	9.2234e-04	0.009816	4
CDCA5	4	1.2243e-02	9.2286e-04	0.009816	4
MZT2A	4	1.2265e-02	9.3529e-04	0.009942	4
GTF2F2	3	1.2290e-02	5.4626e-04	0.006056	3
TP53BP1	4	1.2291e-02	9.3581e-04	0.009942	4
LDLRAP1	4	1.2336e-02	9.5498e-04	0.010129	4
GOLGA8O	4	1.2340e-02	9.5498e-04	0.010129	3
THY1	4	1.2368e-02	9.5550e-04	0.010129	3
COPZ1	4	1.2392e-02	9.5550e-04	0.010129	3
DDX27	4	1.2402e-02	9.6896e-04	0.010266	3
RIF1	4	1.2432e-02	9.6948e-04	0.010266	4
STYX	4	1.2443e-02	9.7829e-04	0.010348	4
GOLGA6L4	4	1.2449e-02	9.7829e-04	0.010348	4
PMF1	4	1.2482e-02	9.9901e-04	0.010543	2
ZEB1	4	1.2497e-02	9.9901e-04	0.010543	4
TRIM43	4	1.2501e-02	9.9901e-04	0.010543	3
POLE3	4	1.2515e-02	9.9901e-04	0.010543	3
KMT2B	4	1.2532e-02	9.9953e-04	0.010543	4
TAB1	4	1.2558e-02	1.0249e-03	0.010804	4
TCEB1	4	1.2583e-02	1.0254e-03	0.010804	3
BRAT1	4	1.2649e-02	1.0467e-03	0.010990	4
U2AF2	4	1.2649e-02	1.0467e-03	0.010990	4
TUBA8	4	1.2663e-02	1.0467e-03	0.010990	3
BRPF1	4	1.2672e-02	1.0467e-03	0.010990	3
OR5B12	4	1.2686e-02	1.0467e-03	0.010990	4
TMEM25	4	1.2688e-02	1.0467e-03	0.010990	1
CNPY2	4	1.2714e-02	1.0529e-03	0.010990	4
AUP1	4	1.2718e-02	1.0529e-03	0.010990	3
NPB	4	1.2721e-02	1.0529e-03	0.010990	4
ZFX	4	1.2741e-02	1.0529e-03	0.010990	3
ARMC5	4	1.2749e-02	1.0529e-03	0.010990	3
SRPRB	4	1.2764e-02	1.0529e-03	0.010990	4
TCF3	4	1.2900e-02	1.0534e-03	0.010990	4
CNOT1	4	1.2940e-02	1.0534e-03	0.010990	4
PIGU	4	1.2962e-02	1.0534e-03	0.010990	4
CATIP	4	1.3026e-02	1.0534e-03	0.010990	4
ABHD12	4	1.3032e-02	1.0534e-03	0.010990	4
NAB2	4	1.3068e-02	1.0534e-03	0.010990	4
USE1	4	1.3098e-02	1.0596e-03	0.011030	3
ZBTB2	4	1.3126e-02	1.0596e-03	0.011030	3
PTCH2	4	1.3239e-02	1.0601e-03	0.011030	4
ATP6V1A	4	1.3249e-02	1.0601e-03	0.011030	3
FHOD1	4	1.3313e-02	1.0601e-03	0.011030	4
SPRYD3	4	1.3376e-02	1.0871e-03	0.011297	3
SIL1	4	1.3450e-02	1.0876e-03	0.011297	4
AARS2	4	1.3464e-02	1.0876e-03	0.011297	4
UBE2D3	4	1.3471e-02	1.1016e-03	0.011417	4
GTF2A1	4	1.3492e-02	1.1016e-03	0.011417	4
C3	4	1.3511e-02	1.1021e-03	0.011417	4
TADA2A	4	1.3516e-02	1.1021e-03	0.011417	4
VAMP2	4	1.3531e-02	1.1021e-03	0.011417	4
PSMD11	4	1.3561e-02	1.1114e-03	0.011500	3
TSEN15	4	1.3578e-02	1.1114e-03	0.011500	3
SRRT	4	1.3602e-02	1.1119e-03	0.011500	2
BRF2	4	1.3638e-02	1.1523e-03	0.011885	3
SURF6	4	1.3661e-02	1.1523e-03	0.011885	3
ZBTB40	4	1.3680e-02	1.1523e-03	0.011885	3
GEMIN7	4	1.3687e-02	1.1523e-03	0.011885	3
BAP1	4	1.3744e-02	1.1529e-03	0.011885	3
BCL2L1	4	1.3747e-02	1.1529e-03	0.011885	4
C11orf57	4	1.3865e-02	1.1850e-03	0.012196	3
NADK2	4	1.3875e-02	1.1850e-03	0.012196	3
PTCHD3	4	1.3886e-02	1.1850e-03	0.012196	4
PSMC4	4	1.3917e-02	1.2021e-03	0.012366	3
RTF1	4	1.3925e-02	1.2233e-03	0.012502	2
CEACAM5	4	1.3951e-02	1.2233e-03	0.012502	4
CCDC22	4	1.3956e-02	1.2233e-03	0.012502	4
ANKRD11	4	1.3967e-02	1.2233e-03	0.012502	3
RIOK1	4	1.3972e-02	1.2233e-03	0.012502	4
FOXD4L3	4	1.3982e-02	1.2233e-03	0.012502	4
NPIPB3	4	1.3993e-02	1.2233e-03	0.012502	4
CUL1	4	1.4044e-02	1.2238e-03	0.012502	3
DGCR8	4	1.4046e-02	1.2238e-03	0.012502	3
ATP6V0E1	4	1.4054e-02	1.2238e-03	0.012502	4
PALB2	4	1.4061e-02	1.2238e-03	0.012502	3
GNPDA1	4	1.4077e-02	1.2238e-03	0.012502	4
INTS9	4	1.4084e-02	1.2238e-03	0.012502	4
ZNRD1	4	1.4143e-02	1.2425e-03	0.012686	4
TIMM8A	4	1.4180e-02	1.2870e-03	0.013111	3
EIF3M	4	1.4219e-02	1.2870e-03	0.013111	3
EXOC2	4	1.4240e-02	1.2875e-03	0.013111	4
IFNA14	4	1.4246e-02	1.2875e-03	0.013111	4
CENPH	4	1.4255e-02	1.2875e-03	0.013111	3
TRAPPC3	4	1.4290e-02	1.3145e-03	0.013348	3
MRPL20	4	1.4308e-02	1.3145e-03	0.013348	4
MINOS1-NBL1	4	1.4309e-02	1.3145e-03	0.013348	4
ABCC9	4	1.4317e-02	1.3150e-03	0.013348	4
QKI	4	1.4324e-02	1.3150e-03	0.013348	4
CLNS1A	4	1.4325e-02	1.3150e-03	0.013348	3
TUBG1	4	1.4389e-02	1.3414e-03	0.013542	3
DNM1L	4	1.4412e-02	1.3414e-03	0.013542	3
WDR34	4	1.4416e-02	1.3414e-03	0.013542	4
GABPB1	4	1.4503e-02	1.3419e-03	0.013542	3
ZGPAT	4	1.4517e-02	1.3419e-03	0.013542	4
SLU7	4	1.4531e-02	1.3419e-03	0.013542	3
PPIAL4C	4	1.4531e-02	1.3419e-03	0.013542	2
SHFM1	4	1.4542e-02	1.3419e-03	0.013542	3
NAA30	4	1.4542e-02	1.3419e-03	0.013542	3
AS3MT	4	1.4579e-02	1.3419e-03	0.013542	4
NPIPB9	4	1.4581e-02	1.3419e-03	0.013542	3
IGFBP4	4	1.4600e-02	1.3544e-03	0.013660	4
CTAGE9	4	1.4633e-02	1.3823e-03	0.013935	3
ZFR	4	1.4642e-02	1.4036e-03	0.014102	4
POTEF	4	1.4665e-02	1.4036e-03	0.014102	4
ALG10B	4	1.4688e-02	1.4036e-03	0.014102	3
SNRNP27	4	1.4689e-02	1.4036e-03	0.014102	4
KLHL7	4	1.4701e-02	1.4041e-03	0.014102	4
RGPD5	4	1.4720e-02	1.4041e-03	0.014102	4
PCDH19	4	1.4741e-02	1.4041e-03	0.014102	3
NAE1	4	1.4767e-02	1.4264e-03	0.014264	2
ZNF268	4	1.4799e-02	1.4264e-03	0.014264	4
MIOS	4	1.4806e-02	1.4264e-03	0.014264	4
ERBB4	4	1.4813e-02	1.4264e-03	0.014264	3
B3GNT4	4	1.4826e-02	1.4264e-03	0.014264	4
N6AMT1	4	1.4849e-02	1.4264e-03	0.014264	4
INTS4	4	1.4875e-02	1.4269e-03	0.014264	3
NCAPH	4	1.4891e-02	1.4269e-03	0.014264	4
SLAIN2	4	1.4926e-02	1.4269e-03	0.014264	4
PREX1	4	1.4995e-02	1.4544e-03	0.014504	4
SRP68	4	1.5003e-02	1.4544e-03	0.014504	3
CTNND1	4	1.5033e-02	1.4544e-03	0.014504	4
CRY2	4	1.5084e-02	1.4549e-03	0.014504	4
RAD51B	4	1.5120e-02	1.4549e-03	0.014504	3
SPPL3	4	1.5155e-02	1.4709e-03	0.014504	4
TESPA1	4	1.5171e-02	1.4709e-03	0.014504	4
AKAP13	4	1.5198e-02	1.4709e-03	0.014504	4
CHMP5	4	1.5215e-02	1.4709e-03	0.014504	3
TAF12	4	1.5231e-02	1.4709e-03	0.014504	4
LRRC71	4	1.5240e-02	1.4709e-03	0.014504	4
C1QTNF9B-AS1	4	1.5290e-02	1.4709e-03	0.014504	4
GATSL2	4	1.5310e-02	1.4709e-03	0.014504	4
KIAA0196	4	1.5332e-02	1.4709e-03	0.014504	4
ATE1	4	1.5350e-02	1.4709e-03	0.014504	4
CENPU	4	1.5371e-02	1.4709e-03	0.014504	4
KBTBD7	4	1.5427e-02	1.4714e-03	0.014504	4
GINM1	4	1.5431e-02	1.4714e-03	0.014504	4
EMG1	4	1.5436e-02	1.4714e-03	0.014504	4
H2AFZ	4	1.5468e-02	1.4714e-03	0.014504	4
IQCJ	4	1.5498e-02	1.4714e-03	0.014504	4
NDUFAF7	4	1.5502e-02	1.4714e-03	0.014504	4
SSUH2	4	1.5513e-02	1.4714e-03	0.014504	4
USP5	4	1.5551e-02	1.4714e-03	0.014504	3
SF3A2	4	1.5554e-02	1.4714e-03	0.014504	2
RNF165	4	1.5559e-02	1.4714e-03	0.014504	4
POLA1	4	1.5605e-02	1.4714e-03	0.014504	2
CENPI	4	1.5639e-02	1.4968e-03	0.014616	3
R3HDM4	4	1.5666e-02	1.4968e-03	0.014616	3
MTHFD1	4	1.5694e-02	1.4968e-03	0.014616	4
TFAM	4	1.5750e-02	1.4968e-03	0.014616	3
RECQL4	4	1.5786e-02	1.4968e-03	0.014616	4
CMC1	4	1.5849e-02	1.4968e-03	0.014616	3
LOC100131303	4	1.5860e-02	1.4968e-03	0.014616	4
ENTPD1	4	1.5871e-02	1.4973e-03	0.014616	3
UGP2	4	1.5906e-02	1.4973e-03	0.014616	4
RBP5	4	1.5938e-02	1.4973e-03	0.014616	3
GFY	4	1.5941e-02	1.4973e-03	0.014616	4
NHLRC4	4	1.5966e-02	1.4973e-03	0.014616	4
PPIF	4	1.5970e-02	1.4973e-03	0.014616	4
NBPF10	4	1.6010e-02	1.4973e-03	0.014616	4
CER1	4	1.6055e-02	1.4973e-03	0.014616	4
SPATA31A3	4	1.6059e-02	1.4973e-03	0.014616	4
HTATSF1	4	1.6069e-02	1.4973e-03	0.014616	3
TEKT4	4	1.6088e-02	1.4973e-03	0.014616	3
CDC42EP4	4	1.6099e-02	1.4973e-03	0.014616	4
PLEKHA5	4	1.6109e-02	1.5279e-03	0.014851	3
PCDHB16	4	1.6161e-02	1.5279e-03	0.014851	3
PTCD3	4	1.6166e-02	1.5279e-03	0.014851	2
GPR182	4	1.6202e-02	1.5279e-03	0.014851	4
RBAK-RBAKDN	4	1.6235e-02	1.5279e-03	0.014851	4
ATP5G2	4	1.6289e-02	1.5284e-03	0.014851	4
GAN	4	1.6322e-02	1.5284e-03	0.014851	4
BARHL2	4	1.6336e-02	1.5284e-03	0.014851	4
MTERF4	4	1.6346e-02	1.5284e-03	0.014851	4
LUC7L2	4	1.6372e-02	1.5528e-03	0.015080	3
PHACTR1	4	1.6390e-02	1.5864e-03	0.015350	4
NUDCD2	4	1.6408e-02	1.5864e-03	0.015350	3
PLGLB2	4	1.6441e-02	1.5864e-03	0.015350	4
JMJD8	4	1.6500e-02	1.5864e-03	0.015350	4
ZNF626	4	1.6525e-02	1.5870e-03	0.015350	3
HTN1	4	1.6579e-02	1.5870e-03	0.015350	3
MTCH1	4	1.6611e-02	1.5870e-03	0.015350	4
OLFM4	4	1.6615e-02	1.5870e-03	0.015350	4
MTX2	4	1.6681e-02	1.6035e-03	0.015503	4
PRKRA	4	1.6718e-02	1.6217e-03	0.015654	4
TUBGCP5	4	1.6751e-02	1.6217e-03	0.015654	4
OSTC	4	1.6773e-02	1.6217e-03	0.015654	3
RASAL1	4	1.6909e-02	1.6522e-03	0.015930	4
ZNF281	4	1.6952e-02	1.6528e-03	0.015930	3
SUMO3	4	1.6968e-02	1.6528e-03	0.015930	4
NBN	4	1.7016e-02	1.7289e-03	0.016560	4
PNKP	4	1.7023e-02	1.7289e-03	0.016560	4
RFC4	4	1.7075e-02	1.7289e-03	0.016560	4
KLRD1	4	1.7096e-02	1.7289e-03	0.016560	3
TUBGCP6	4	1.7096e-02	1.7289e-03	0.016560	4
YRDC	4	1.7142e-02	1.7289e-03	0.016560	4
PRAMEF10	4	1.7167e-02	1.7289e-03	0.016560	4
ARID5A	4	1.7170e-02	1.7289e-03	0.016560	4
MYO9B	4	1.7177e-02	1.7289e-03	0.016560	4
ELMO2	4	1.7178e-02	1.7289e-03	0.016560	3
TSEN34	4	1.7217e-02	1.7294e-03	0.016560	3
LOC100289561	4	1.7221e-02	1.7294e-03	0.016560	2
ANXA9	4	1.7295e-02	1.7294e-03	0.016560	3
CFDP1	4	1.7432e-02	1.7957e-03	0.017183	4
ATP2C1	4	1.7499e-02	1.7962e-03	0.017183	2
WDR59	4	1.7547e-02	1.8268e-03	0.017454	4
CTLA4	4	1.7590e-02	1.8273e-03	0.017454	3
GYPB	4	1.7618e-02	1.8273e-03	0.017454	4
CNIH1	4	1.7685e-02	1.8429e-03	0.017585	3
USP17L22	4	1.7695e-02	1.8429e-03	0.017585	3
TM2D1	4	1.7726e-02	1.8708e-03	0.017804	4
EIF2B1	4	1.7748e-02	1.8708e-03	0.017804	3
KRT18	4	1.7750e-02	1.8708e-03	0.017804	3
EHMT2	4	1.7752e-02	1.8708e-03	0.017804	3
ZNF75A	4	1.7772e-02	1.8714e-03	0.017804	4
GAS2L1	4	1.7821e-02	1.8714e-03	0.017804	4
GOLGA6L10	4	1.7870e-02	1.8978e-03	0.017935	3
GRAMD3	4	1.7885e-02	1.8978e-03	0.017935	3
RNF14	4	1.7890e-02	1.8978e-03	0.017935	4
DDX5	4	1.7916e-02	1.8978e-03	0.017935	4
LOC100144595	4	1.7943e-02	1.8978e-03	0.017935	3
OR2V2	4	1.7996e-02	1.8978e-03	0.017935	4
SPDYE5	4	1.8008e-02	1.8978e-03	0.017935	3
WARS	4	1.8156e-02	1.8983e-03	0.017935	4
MEPCE	4	1.8173e-02	1.8983e-03	0.017935	4
HIST3H3	4	1.8200e-02	1.8983e-03	0.017935	4
USP17L18	4	1.8293e-02	1.8983e-03	0.017935	4
C4orf33	4	1.8311e-02	1.8983e-03	0.017935	2
ANKRD20A4	4	1.8409e-02	1.8983e-03	0.017935	3
BCCIP	4	1.8425e-02	1.8983e-03	0.017935	3
OR2T3	4	1.8481e-02	1.9149e-03	0.018052	4
NADK	4	1.8486e-02	1.9149e-03	0.018052	4
DYRK1A	4	1.8507e-02	1.9149e-03	0.018052	3
RBM28	4	1.8567e-02	1.9154e-03	0.018052	4
UPF1	4	1.8600e-02	1.9154e-03	0.018052	3
SLC7A5	4	1.8637e-02	1.9439e-03	0.018253	4
NOP9	4	1.8668e-02	1.9439e-03	0.018253	4
ZNF574	4	1.8676e-02	1.9439e-03	0.018253	3
ERVV-1	4	1.8721e-02	1.9439e-03	0.018253	4
PPP1CA	4	1.8726e-02	1.9439e-03	0.018253	4
C2orf88	4	1.8744e-02	1.9439e-03	0.018253	4
INTS6	4	1.8865e-02	1.9444e-03	0.018253	3
CPPED1	4	1.8877e-02	1.9444e-03	0.018253	4
RAB43	4	1.8936e-02	1.9724e-03	0.018439	4
MRPS10	4	1.8960e-02	1.9724e-03	0.018439	3
SLX4	4	1.8964e-02	1.9724e-03	0.018439	4
SAMM50	4	1.8993e-02	1.9729e-03	0.018439	3
ACVR1C	4	1.8995e-02	1.9729e-03	0.018439	4
PACS2	4	1.9011e-02	1.9729e-03	0.018439	4
CAMKK2	4	1.9047e-02	1.9729e-03	0.018439	3
KRTAP21-3	4	1.9048e-02	1.9729e-03	0.018439	4
MRPL15	4	1.9049e-02	1.9729e-03	0.018439	2
OR5K4	4	1.9118e-02	1.9957e-03	0.018494	4
COX6B1	4	1.9130e-02	1.9957e-03	0.018494	4
NEDD4L	4	1.9175e-02	1.9957e-03	0.018494	4
SETD2	4	1.9180e-02	1.9957e-03	0.018494	4
MRPL21	4	1.9183e-02	1.9957e-03	0.018494	4
MAPT	4	1.9186e-02	1.9957e-03	0.018494	4
MTHFSD	4	1.9204e-02	1.9957e-03	0.018494	4
COG4	4	1.9226e-02	1.9957e-03	0.018494	4
PPAN-P2RY11	4	1.9231e-02	1.9957e-03	0.018494	4
PAPOLA	4	1.9245e-02	1.9957e-03	0.018494	4
FBXO5	4	1.9253e-02	1.9962e-03	0.018494	4
HMG20B	4	1.9262e-02	1.9962e-03	0.018494	3
PCNXL3	4	1.9301e-02	1.9962e-03	0.018494	4
GOLGA8N	4	1.9324e-02	1.9962e-03	0.018494	3
ZNF12	4	1.9332e-02	1.9962e-03	0.018494	4
PHLPP2	4	1.9344e-02	1.9962e-03	0.018494	4
BEST4	4	1.9366e-02	1.9962e-03	0.018494	4
GPS1	4	1.9413e-02	1.9962e-03	0.018494	3
SPINK14	4	1.9487e-02	2.0392e-03	0.018879	3
TRMT1	4	1.9546e-02	2.0397e-03	0.018879	3
ZBTB7B	4	1.9589e-02	2.0584e-03	0.018974	4
IBA57	4	1.9601e-02	2.0584e-03	0.018974	4
CTAGE5	4	1.9688e-02	2.0584e-03	0.018974	2
MAFA	4	1.9740e-02	2.0589e-03	0.018974	4
MAX	4	1.9767e-02	2.0589e-03	0.018974	3
IL1RAPL2	4	1.9775e-02	2.0589e-03	0.018974	3
MED10	4	1.9789e-02	2.0589e-03	0.018974	3
PAIP2B	4	1.9805e-02	2.0589e-03	0.018974	4
CROCC	4	1.9840e-02	2.0589e-03	0.018974	3
JUN	4	1.9871e-02	2.0983e-03	0.019323	3
FAM110C	4	1.9881e-02	2.0988e-03	0.019323	3
WASF2	4	1.9920e-02	2.1376e-03	0.019610	3
NVL	4	1.9926e-02	2.1376e-03	0.019610	4
SNAP23	4	1.9993e-02	2.1376e-03	0.019610	2
INPP5K	4	2.0012e-02	2.1381e-03	0.019610	4
NUP50	4	2.0057e-02	2.1381e-03	0.019610	3
CDC5L	4	2.0061e-02	2.1381e-03	0.019610	3
C17orf105	4	2.0065e-02	2.1381e-03	0.019610	4
LOC100506422	4	2.0081e-02	2.1381e-03	0.019610	4
DAAM2	4	2.0120e-02	2.1775e-03	0.019767	4
ALYREF	4	2.0176e-02	2.1775e-03	0.019767	4
MAGOH	4	2.0185e-02	2.1775e-03	0.019767	2
MRPL28	4	2.0197e-02	2.1775e-03	0.019767	4
RBMX2	4	2.0251e-02	2.1775e-03	0.019767	2
ABCD3	4	2.0259e-02	2.1775e-03	0.019767	4
MRPL22	4	2.0317e-02	2.1775e-03	0.019767	4
POTEC	4	2.0330e-02	2.1780e-03	0.019767	4
RSPH10B	4	2.0334e-02	2.1780e-03	0.019767	3
CRBN	4	2.0364e-02	2.1780e-03	0.019767	4
CCZ1B	4	2.0367e-02	2.1780e-03	0.019767	3
FIS1	4	2.0385e-02	2.1780e-03	0.019767	3
GPN3	4	2.0388e-02	2.1780e-03	0.019767	3
BMPR2	4	2.0389e-02	2.1780e-03	0.019767	4
PGA5	4	2.0414e-02	2.1780e-03	0.019767	4
GANAB	4	2.0450e-02	2.1780e-03	0.019767	3
C7orf26	4	2.0479e-02	2.1780e-03	0.019767	3
RPL26L1	4	2.0512e-02	2.1780e-03	0.019767	4
IGDCC4	4	2.0515e-02	2.1780e-03	0.019767	4
NFATC2	4	2.0529e-02	2.1780e-03	0.019767	4
CCDC101	4	2.0532e-02	2.1780e-03	0.019767	4
MOGS	4	2.0551e-02	2.1780e-03	0.019767	4
B3GALT6	4	2.0584e-02	2.2076e-03	0.019926	3
MRPL23	4	2.0596e-02	2.2076e-03	0.019926	4
ERVW-1	4	2.0599e-02	2.2076e-03	0.019926	4
PPP1R21	4	2.0605e-02	2.2076e-03	0.019926	4
LRRC38	4	2.0622e-02	2.2076e-03	0.019926	4
DALRD3	4	2.0629e-02	2.2076e-03	0.019926	3
NGFR	4	2.0630e-02	2.2076e-03	0.019926	4
PSMG2	4	2.0638e-02	2.2076e-03	0.019926	3
COX11	4	2.0684e-02	2.2076e-03	0.019926	4
RAB1A	4	2.0704e-02	2.2081e-03	0.019926	4
TMA16	4	2.0713e-02	2.2081e-03	0.019926	3
FAM83D	4	2.0763e-02	2.2081e-03	0.019926	4
MRPS6	4	2.0822e-02	2.2412e-03	0.020087	3
GMEB2	4	2.0829e-02	2.2412e-03	0.020087	4
XPOT	4	2.0852e-02	2.2412e-03	0.020087	3
PPIAL4G	4	2.0860e-02	2.2412e-03	0.020087	4
CCR5	4	2.0931e-02	2.2412e-03	0.020087	3
ABCC5	4	2.0944e-02	2.2412e-03	0.020087	4
CD4	4	2.0965e-02	2.2412e-03	0.020087	3
ALAS1	4	2.0970e-02	2.2412e-03	0.020087	4
IST1	4	2.0986e-02	2.2417e-03	0.020087	4
RNASE4	4	2.0987e-02	2.2417e-03	0.020087	4
RHOT1	4	2.1012e-02	2.2417e-03	0.020087	4
ZNF479	4	2.1036e-02	2.2417e-03	0.020087	4
CLEC18A	4	2.1071e-02	2.2417e-03	0.020087	3
EME1	4	2.1079e-02	2.2417e-03	0.020087	3
DDA1	4	2.1096e-02	2.2417e-03	0.020087	4
OR4F16	4	2.1173e-02	2.2827e-03	0.020445	3
SEPHS1	4	2.1223e-02	2.3220e-03	0.020714	4
MTG1	4	2.1233e-02	2.3220e-03	0.020714	4
PCSK5	4	2.1326e-02	2.3220e-03	0.020714	4
DDX19A	4	2.1343e-02	2.3220e-03	0.020714	3
CELSR1	4	2.1356e-02	2.3226e-03	0.020714	3
XPNPEP1	4	2.1381e-02	2.3226e-03	0.020714	3
ZMYND10	4	2.1428e-02	2.3226e-03	0.020714	3
GPATCH1	4	2.1450e-02	2.3226e-03	0.020714	4
OTOS	4	2.1454e-02	2.3226e-03	0.020714	3
GOLGA6A	4	2.1518e-02	2.3557e-03	0.020985	3
ASMT	4	2.1521e-02	2.3557e-03	0.020985	4
C18orf21	4	2.1540e-02	2.3562e-03	0.020985	4
C14orf132	4	2.1636e-02	2.4018e-03	0.021376	4
SMARCE1	4	2.1662e-02	2.4023e-03	0.021376	4
OR11H1	4	2.1747e-02	2.4412e-03	0.021626	3
TAF1D	4	2.1759e-02	2.4412e-03	0.021626	4
DPF2	4	2.1842e-02	2.4412e-03	0.021626	3
FIGNL2	4	2.1860e-02	2.4417e-03	0.021626	4
METTL3	4	2.1877e-02	2.4417e-03	0.021626	3
SMG9	4	2.1881e-02	2.4417e-03	0.021626	4
DNTTIP2	4	2.1974e-02	2.4417e-03	0.021626	2
ARID3B	4	2.1977e-02	2.4417e-03	0.021626	4
EXT1	4	2.1982e-02	2.4417e-03	0.021626	4
PI4KA	4	2.1991e-02	2.4417e-03	0.021626	3
SCIN	4	2.2056e-02	2.4759e-03	0.021782	4
AQP7	4	2.2060e-02	2.4759e-03	0.021782	2
UXS1	4	2.2069e-02	2.4759e-03	0.021782	4
PRPSAP2	4	2.2071e-02	2.4759e-03	0.021782	4
DLD	4	2.2098e-02	2.4759e-03	0.021782	4
CCDC59	4	2.2103e-02	2.4759e-03	0.021782	3
ITFG1	4	2.2145e-02	2.4764e-03	0.021782	4
RABL3	4	2.2160e-02	2.4764e-03	0.021782	4
LOC101060321	4	2.2168e-02	2.4764e-03	0.021782	3
PCDHB8	4	2.2168e-02	2.4764e-03	0.021782	3
CEP120	4	2.2194e-02	2.4764e-03	0.021782	3
CTDP1	4	2.2198e-02	2.4764e-03	0.021782	3
NOL7	4	2.2208e-02	2.4764e-03	0.021782	4
SAMD4B	4	2.2219e-02	2.4764e-03	0.021782	4
BIRC7	4	2.2223e-02	2.4764e-03	0.021782	4
DLST	4	2.2278e-02	2.5080e-03	0.022050	4
ZSCAN5A	4	2.2330e-02	2.5241e-03	0.022170	3
OR4C16	4	2.2352e-02	2.5241e-03	0.022170	4
MRPS22	4	2.2467e-02	2.5598e-03	0.022474	4
MRPL3	4	2.2493e-02	2.5997e-03	0.022803	3
PRPF4B	4	2.2538e-02	2.6443e-03	0.023183	2
HMGA1	4	2.2554e-02	2.6795e-03	0.023400	2
RPUSD4	4	2.2564e-02	2.6795e-03	0.023400	3
PYDC2	4	2.2576e-02	2.6795e-03	0.023400	4
HOOK3	4	2.2692e-02	2.6795e-03	0.023400	3
BDH1	4	2.2700e-02	2.6795e-03	0.023400	4
ATP5J2	4	2.2745e-02	2.6795e-03	0.023400	3
RGP1	4	2.2785e-02	2.6800e-03	0.023400	3
MRPL27	4	2.2824e-02	2.6800e-03	0.023400	3
RNASEH1	4	2.2860e-02	2.6800e-03	0.023400	4
KRTAP4-5	4	2.3035e-02	2.7204e-03	0.023703	4
MTURN	4	2.3050e-02	2.7204e-03	0.023703	4
PPFIA2	4	2.3068e-02	2.7204e-03	0.023703	4
OR4F29	4	2.3107e-02	2.7209e-03	0.023703	4
RAD21L1	4	2.3152e-02	2.7209e-03	0.023703	4
MRPS14	4	2.3219e-02	2.7665e-03	0.024061	3
ISG20L2	4	2.3258e-02	2.7670e-03	0.024061	4
METTL6	4	2.3264e-02	2.7670e-03	0.024061	4
ZNF575	4	2.3283e-02	2.7670e-03	0.024061	4
QRSL1	4	2.3314e-02	2.8038e-03	0.024370	4
YIPF4	4	2.3481e-02	2.8287e-03	0.024446	3
RSU1	4	2.3490e-02	2.8287e-03	0.024446	4
PSMD6	4	2.3494e-02	2.8287e-03	0.024446	2
STX5	4	2.3518e-02	2.8287e-03	0.024446	3
CNTN1	4	2.3549e-02	2.8292e-03	0.024446	3
BEND7	4	2.3599e-02	2.8292e-03	0.024446	4
OPN1LW	4	2.3604e-02	2.8292e-03	0.024446	3
EBF3	4	2.3618e-02	2.8292e-03	0.024446	4
CNTROB	4	2.3627e-02	2.8292e-03	0.024446	3
PLEC	4	2.3639e-02	2.8292e-03	0.024446	4
FRAT1	4	2.3647e-02	2.8292e-03	0.024446	4
C1orf210	4	2.3652e-02	2.8292e-03	0.024446	4
RPL36A-HNRNPH2	4	2.3656e-02	2.8292e-03	0.024446	4
ATP5B	4	2.3709e-02	2.8566e-03	0.024643	3
SLC35A2	4	2.3739e-02	2.8572e-03	0.024643	4
CXorf49B	4	2.3741e-02	2.8572e-03	0.024643	4
FETUB	4	2.3763e-02	2.8572e-03	0.024643	4
ZC3H10	4	2.3777e-02	2.8888e-03	0.024853	3
PPIAL4E	4	2.3809e-02	2.8888e-03	0.024853	2
VPS54	4	2.3818e-02	2.8888e-03	0.024853	2
RAB3C	4	2.3821e-02	2.8888e-03	0.024853	4
BAG2	4	2.3841e-02	2.8893e-03	0.024853	3
MYO18B	4	2.3882e-02	2.8893e-03	0.024853	3
UQCRHL	4	2.3957e-02	2.9706e-03	0.025529	3
RBBP4	4	2.3962e-02	2.9706e-03	0.025529	4
HNRNPCL4	4	2.3983e-02	3.0079e-03	0.025838	3
ZNF706	4	2.4025e-02	3.0711e-03	0.026232	4
DET1	4	2.4073e-02	3.0711e-03	0.026232	3
FRMPD2	4	2.4093e-02	3.0711e-03	0.026232	4
CYP26B1	4	2.4117e-02	3.0711e-03	0.026232	4
TPP1	4	2.4120e-02	3.0711e-03	0.026232	4
TBC1D3L	4	2.4124e-02	3.0711e-03	0.026232	3
MCM3AP	4	2.4130e-02	3.0711e-03	0.026232	4
LINGO1	4	2.4184e-02	3.0711e-03	0.026232	4
SMARCB1	4	2.4237e-02	3.0716e-03	0.026232	3
CCDC64	4	2.4287e-02	3.0716e-03	0.026232	3
RBBP8	4	2.4325e-02	3.0716e-03	0.026232	4
C19orf71	4	2.4339e-02	3.0716e-03	0.026232	4
RFX8	4	2.4343e-02	3.0716e-03	0.026232	4
DYNC1I2	4	2.4366e-02	3.1146e-03	0.026450	3
C1orf159	4	2.4378e-02	3.1146e-03	0.026450	4
OR2T27	4	2.4383e-02	3.1146e-03	0.026450	3
CETP	4	2.4384e-02	3.1146e-03	0.026450	4
FBXO39	4	2.4403e-02	3.1146e-03	0.026450	3
ATIC	4	2.4420e-02	3.1146e-03	0.026450	3
CRYGA	4	2.4432e-02	3.1146e-03	0.026450	4
CDH3	4	2.4473e-02	3.1146e-03	0.026450	3
LEPROTL1	4	2.4478e-02	3.1151e-03	0.026450	2
RAPGEF2	4	2.4506e-02	3.1151e-03	0.026450	3
PHYHIP	4	2.4538e-02	3.1151e-03	0.026450	3
GTF3A	4	2.4543e-02	3.1151e-03	0.026450	3
EHMT1	4	2.4585e-02	3.1151e-03	0.026450	3
ANKRD13C	4	2.4599e-02	3.1638e-03	0.026820	3
STEAP2	4	2.4669e-02	3.1643e-03	0.026820	4
MARK2	4	2.4682e-02	3.1643e-03	0.026820	4
EIF5A	4	2.4691e-02	3.1643e-03	0.026820	3
FZR1	4	2.4776e-02	3.2079e-03	0.027014	4
MRPS30	4	2.4805e-02	3.2079e-03	0.027014	3
TRIM43B	4	2.4811e-02	3.2079e-03	0.027014	4
CECR2	4	2.4920e-02	3.2079e-03	0.027014	4
ZNF433	4	2.4931e-02	3.2079e-03	0.027014	2
IFT80	4	2.4945e-02	3.2079e-03	0.027014	3
UPF2	4	2.4955e-02	3.2079e-03	0.027014	3
CEP170	4	2.4964e-02	3.2079e-03	0.027014	3
COX4I1	4	2.4967e-02	3.2079e-03	0.027014	4
HJURP	4	2.4986e-02	3.2084e-03	0.027014	2
REV3L	4	2.5000e-02	3.2084e-03	0.027014	3
CREB1	4	2.5002e-02	3.2084e-03	0.027014	3
GTF2H2	4	2.5049e-02	3.2084e-03	0.027014	4
DGKG	4	2.5123e-02	3.2084e-03	0.027014	3
EXOC1	4	2.5134e-02	3.2084e-03	0.027014	4
DONSON	4	2.5269e-02	3.2540e-03	0.027330	3
FAM13A	4	2.5274e-02	3.2540e-03	0.027330	4
RAB2A	4	2.5295e-02	3.2540e-03	0.027330	4
KNCN	4	2.5323e-02	3.2545e-03	0.027330	4
NME1-NME2	4	2.5352e-02	3.2545e-03	0.027330	3
MINOS1	4	2.5398e-02	3.2545e-03	0.027330	4
MARK3	4	2.5414e-02	3.2944e-03	0.027488	4
LENEP	4	2.5476e-02	3.2944e-03	0.027488	4
FEM1C	4	2.5489e-02	3.2944e-03	0.027488	4
CHMP6	4	2.5613e-02	3.2944e-03	0.027488	4
CBLL1	4	2.5648e-02	3.2944e-03	0.027488	3
MET	4	2.5691e-02	3.2949e-03	0.027488	3
OR4N4	4	2.5697e-02	3.2949e-03	0.027488	2
NOTCH4	4	2.5804e-02	3.2949e-03	0.027488	3
TUBA3D	4	2.5835e-02	3.2949e-03	0.027488	3
PLSCR2	4	2.5835e-02	3.2949e-03	0.027488	4
DNAJC13	4	2.5849e-02	3.2949e-03	0.027488	3
TRIM73	4	2.5852e-02	3.2949e-03	0.027488	3
OXCT2	4	2.5852e-02	3.2949e-03	0.027488	4
METAP2	4	2.5898e-02	3.2949e-03	0.027488	3
PTDSS1	4	2.5902e-02	3.2949e-03	0.027488	4
SUN1	4	2.5936e-02	3.3954e-03	0.028232	3
THOC5	4	2.5940e-02	3.3954e-03	0.028232	3
FATE1	4	2.5955e-02	3.3954e-03	0.028232	3
TPK1	4	2.6009e-02	3.3959e-03	0.028232	4
GCLM	4	2.6026e-02	3.3959e-03	0.028232	4
RAB33B	4	2.6035e-02	3.3959e-03	0.028232	3
MMD2	4	2.6039e-02	3.3959e-03	0.028232	4
RRP15	4	2.6042e-02	3.3959e-03	0.028232	3
CDRT15L2	4	2.6118e-02	3.4477e-03	0.028580	3
ARL6IP1	4	2.6140e-02	3.4477e-03	0.028580	4
AMER1	4	2.6174e-02	3.4482e-03	0.028580	4
HAUS3	4	2.6175e-02	3.4482e-03	0.028580	4
HIST1H3D	4	2.6194e-02	3.4482e-03	0.028580	4
NPAT	4	2.6230e-02	3.4482e-03	0.028580	2
ZNF461	4	2.6246e-02	3.4482e-03	0.028580	4
ESF1	4	2.6290e-02	3.5011e-03	0.028935	3
COL19A1	4	2.6295e-02	3.5011e-03	0.028935	4
NANOS1	4	2.6309e-02	3.5011e-03	0.028935	3
MANF	4	2.6337e-02	3.5011e-03	0.028935	3
SLC24A3	4	2.6363e-02	3.5016e-03	0.028935	3
HAPLN4	4	2.6371e-02	3.5016e-03	0.028935	4
HSP90B1	4	2.6389e-02	3.5016e-03	0.028935	2
MPHOSPH6	4	2.6454e-02	3.5467e-03	0.029060	2
RASL12	4	2.6468e-02	3.5467e-03	0.029060	4
MT2A	4	2.6481e-02	3.5467e-03	0.029060	4
BRI3BP	4	2.6539e-02	3.5467e-03	0.029060	4
XIRP2	4	2.6583e-02	3.5472e-03	0.029060	4
DVL2	4	2.6587e-02	3.5472e-03	0.029060	4
LRRC37A2	4	2.6604e-02	3.5472e-03	0.029060	3
ZFP69	4	2.6661e-02	3.5472e-03	0.029060	4
STK26	4	2.6670e-02	3.5472e-03	0.029060	4
CCL22	4	2.6701e-02	3.5694e-03	0.029060	4
SCYL3	4	2.6715e-02	3.5694e-03	0.029060	4
CPN1	4	2.6761e-02	3.5694e-03	0.029060	4
TMC5	4	2.6776e-02	3.5694e-03	0.029060	4
FAM118B	4	2.6826e-02	3.5694e-03	0.029060	4
A2ML1	4	2.6892e-02	3.5694e-03	0.029060	3
FRMD4B	4	2.6905e-02	3.5694e-03	0.029060	4
MRPL1	4	2.6946e-02	3.5694e-03	0.029060	4
RPS6KB1	4	2.6970e-02	3.5694e-03	0.029060	4
THADA	4	2.6984e-02	3.5694e-03	0.029060	4
ACIN1	4	2.7001e-02	3.5694e-03	0.029060	4
THOC7	4	2.7070e-02	3.5700e-03	0.029060	4
AGBL5	4	2.7089e-02	3.5700e-03	0.029060	3
PDIA3	4	2.7104e-02	3.5700e-03	0.029060	3
C1GALT1	4	2.7119e-02	3.5700e-03	0.029060	3
TBC1D26	4	2.7122e-02	3.5700e-03	0.029060	3
THG1L	4	2.7131e-02	3.5700e-03	0.029060	3
ASTN1	4	2.7139e-02	3.5700e-03	0.029060	3
TERF1	4	2.7236e-02	3.5700e-03	0.029060	3
MRGPRG	4	2.7246e-02	3.5700e-03	0.029060	3
HNRNPM	4	2.7254e-02	3.5700e-03	0.029060	3
CAMLG	4	2.7330e-02	3.5700e-03	0.029060	3
JPH1	4	2.7351e-02	3.5700e-03	0.029060	4
PPP1R3E	4	2.7354e-02	3.5700e-03	0.029060	2
CASC5	4	2.7378e-02	3.5700e-03	0.029060	3
KDR	4	2.7382e-02	3.5700e-03	0.029060	4
RAB10	4	2.7445e-02	3.6078e-03	0.029310	4
GEMIN6	4	2.7463e-02	3.6078e-03	0.029310	2
PPP2CA	4	2.7564e-02	3.6083e-03	0.029310	4
TRAPPC12	4	2.7567e-02	3.6083e-03	0.029310	3
MARCHF7	4	2.7590e-02	3.6083e-03	0.029310	4
LY6H	4	2.7686e-02	3.6927e-03	0.029923	4
WHSC1	4	2.7723e-02	3.6927e-03	0.029923	3
ATP2B1	4	2.7743e-02	3.6927e-03	0.029923	3
SLC30A6	4	2.7753e-02	3.6927e-03	0.029923	4
NR2C2AP	4	2.7845e-02	3.6933e-03	0.029923	2
IGFBPL1	4	2.7884e-02	3.6933e-03	0.029923	3
PPP6R2	4	2.7931e-02	3.7259e-03	0.030064	3
OR1A1	4	2.8067e-02	3.7264e-03	0.030064	4
STOML1	4	2.8092e-02	3.7264e-03	0.030064	4
TBC1D10B	4	2.8106e-02	3.7264e-03	0.030064	3
PROS1	4	2.8113e-02	3.7264e-03	0.030064	4
SEPP1	4	2.8114e-02	3.7264e-03	0.030064	4
SLC43A3	4	2.8117e-02	3.7264e-03	0.030064	4
NR1I3	4	2.8127e-02	3.7264e-03	0.030064	3
CHST10	4	2.8154e-02	3.7264e-03	0.030064	4
ADAMTS9	4	2.8167e-02	3.7264e-03	0.030064	3
BRAP	4	2.8213e-02	3.7824e-03	0.030252	3
DNAJC24	4	2.8248e-02	3.7824e-03	0.030252	3
VIP	4	2.8267e-02	3.7824e-03	0.030252	3
TP53I11	4	2.8277e-02	3.7824e-03	0.030252	4
CD3EAP	4	2.8361e-02	3.7824e-03	0.030252	4
ASNS	4	2.8372e-02	3.7824e-03	0.030252	3
ENHO	4	2.8406e-02	3.7824e-03	0.030252	3
PAQR9	4	2.8427e-02	3.7824e-03	0.030252	3
PDIA4	4	2.8496e-02	3.7829e-03	0.030252	3
SPATA31A6	4	2.8537e-02	3.7829e-03	0.030252	3
SH2B2	4	2.8598e-02	3.7829e-03	0.030252	4
ASH2L	4	2.8605e-02	3.7829e-03	0.030252	3
NFE4	4	2.8628e-02	3.7829e-03	0.030252	4
NECAB3	4	2.8644e-02	3.7829e-03	0.030252	3
LEMD2	4	2.8663e-02	3.7829e-03	0.030252	2
FBXO30	4	2.8672e-02	3.7829e-03	0.030252	4
GJA8	4	2.8677e-02	3.7829e-03	0.030252	3
MASTL	4	2.8711e-02	3.7829e-03	0.030252	3
DGKZ	4	2.8729e-02	3.7829e-03	0.030252	3
BAZ1B	4	2.8736e-02	3.7829e-03	0.030252	3
GSC2	4	2.8744e-02	3.7829e-03	0.030252	3
OMA1	4	2.8827e-02	3.8430e-03	0.030381	4
STRADA	4	2.8828e-02	3.8430e-03	0.030381	2
RBP3	4	2.8836e-02	3.8430e-03	0.030381	4
FAM181B	4	2.8899e-02	3.8430e-03	0.030381	4
SDC2	4	2.8924e-02	3.8430e-03	0.030381	4
SPON1	4	2.8979e-02	3.8430e-03	0.030381	3
HHATL	4	2.9028e-02	3.8430e-03	0.030381	3
C17orf53	4	2.9030e-02	3.8430e-03	0.030381	3
PADI1	4	2.9053e-02	3.8430e-03	0.030381	4
ZNF671	4	2.9064e-02	3.8430e-03	0.030381	4
C7orf72	4	2.9076e-02	3.8430e-03	0.030381	4
AP1G1	4	2.9085e-02	3.8430e-03	0.030381	3
DHFR	4	2.9115e-02	3.8435e-03	0.030381	3
FBXO44	4	2.9136e-02	3.8435e-03	0.030381	3
TUBGCP4	4	2.9147e-02	3.8435e-03	0.030381	3
SYNCRIP	4	2.9156e-02	3.8435e-03	0.030381	3
RGPD6	4	2.9183e-02	3.8435e-03	0.030381	4
ETNK1	4	2.9198e-02	3.8435e-03	0.030381	4
EIF4ENIF1	4	2.9234e-02	3.8435e-03	0.030381	4
NFIX	4	2.9238e-02	3.8435e-03	0.030381	4
NET1	4	2.9247e-02	3.8435e-03	0.030381	4
AKAP5	4	2.9253e-02	3.8435e-03	0.030381	4
NCSTN	4	2.9267e-02	3.8435e-03	0.030381	4
PRPF6	4	2.9306e-02	3.8435e-03	0.030381	3
GOLGA8J	4	2.9362e-02	3.8435e-03	0.030381	4
CWC22	4	2.9368e-02	3.8435e-03	0.030381	4
GPS2	4	2.9392e-02	3.8435e-03	0.030381	4
PSMD3	4	2.9394e-02	3.8435e-03	0.030381	2
PRRG3	4	2.9429e-02	3.8756e-03	0.030487	4
ARL6IP6	4	2.9513e-02	3.8756e-03	0.030487	4
GPBP1	4	2.9521e-02	3.8756e-03	0.030487	4
LOC730183	4	2.9556e-02	3.8756e-03	0.030487	4
ZNF787	4	2.9563e-02	3.8756e-03	0.030487	3
SNRNP40	4	2.9568e-02	3.8756e-03	0.030487	4
DDRGK1	4	2.9624e-02	3.8756e-03	0.030487	4
MAP1LC3A	4	2.9650e-02	3.8756e-03	0.030487	4
YEATS2	4	2.9676e-02	3.8761e-03	0.030487	3
FAM50A	4	2.9701e-02	3.8761e-03	0.030487	4
PLEKHH2	4	2.9764e-02	3.8761e-03	0.030487	4
ASPA	4	2.9799e-02	3.8761e-03	0.030487	3
LHX2	4	2.9936e-02	3.9119e-03	0.030756	3
ZEB2	4	3.0044e-02	3.9424e-03	0.030971	3
RANBP2	4	3.0046e-02	3.9424e-03	0.030971	3
C17orf89	4	3.0115e-02	4.0124e-03	0.031507	3
BRD4	4	3.0216e-02	4.0595e-03	0.031544	4
C17orf51	4	3.0305e-02	4.0595e-03	0.031544	4
NQO1	4	3.0327e-02	4.0595e-03	0.031544	3
CMTM6	4	3.0347e-02	4.0595e-03	0.031544	4
BHMT	4	3.0407e-02	4.0595e-03	0.031544	3
ENGASE	4	3.0475e-02	4.0595e-03	0.031544	4
UBE2Q2L	4	3.0481e-02	4.0595e-03	0.031544	3
TRIM49D1	4	3.0543e-02	4.0595e-03	0.031544	4
SAA2	4	3.0592e-02	4.0595e-03	0.031544	4
LIPM	4	3.0599e-02	4.0595e-03	0.031544	3
RNASEH2A	4	3.0674e-02	4.0595e-03	0.031544	4
AQP5	4	3.0700e-02	4.0595e-03	0.031544	4
ACTA1	4	3.0763e-02	4.0600e-03	0.031544	4
TEKT1	4	3.0783e-02	4.0600e-03	0.031544	4
ANO4	4	3.0789e-02	4.0600e-03	0.031544	4
PTPN5	4	3.0799e-02	4.0600e-03	0.031544	4
ZRANB2	4	3.0864e-02	4.0600e-03	0.031544	3
CSAG3	4	3.0865e-02	4.0600e-03	0.031544	4
ANLN	4	3.0899e-02	4.0600e-03	0.031544	3
TNFSF12-TNFSF13	4	3.0949e-02	4.0600e-03	0.031544	4
ADO	4	3.0964e-02	4.0600e-03	0.031544	4
SYPL1	4	3.0995e-02	4.0600e-03	0.031544	3
UBA6	4	3.1066e-02	4.0600e-03	0.031544	2
RPN2	4	3.1098e-02	4.0600e-03	0.031544	3
DNM3	4	3.1141e-02	4.0600e-03	0.031544	3
TWIST1	4	3.1190e-02	4.0600e-03	0.031544	4
OTUD3	4	3.1238e-02	4.1004e-03	0.031845	3
FANCA	4	3.1260e-02	4.1553e-03	0.032080	3
TMEM57	4	3.1272e-02	4.1553e-03	0.032080	3
PRR30	4	3.1298e-02	4.1553e-03	0.032080	4
MTHFR	4	3.1352e-02	4.1553e-03	0.032080	4
LASP1	4	3.1363e-02	4.1553e-03	0.032080	3
COG6	4	3.1368e-02	4.1553e-03	0.032080	3
CDK18	4	3.1375e-02	4.1553e-03	0.032080	4
SLC25A22	4	3.1393e-02	4.1553e-03	0.032080	2
BARHL1	4	3.1428e-02	4.1553e-03	0.032080	3
FAM83B	4	3.1444e-02	4.1553e-03	0.032080	4
STRN	4	3.1458e-02	4.1558e-03	0.032080	3
LIG3	4	3.1477e-02	4.1558e-03	0.032080	3
NUP62	4	3.1491e-02	4.1558e-03	0.032080	4
LOC389895	4	3.1499e-02	4.1558e-03	0.032080	4
CACNG7	4	3.1607e-02	4.1558e-03	0.032080	4
DNAJC16	4	3.1646e-02	4.1963e-03	0.032175	4
APH1A	4	3.1689e-02	4.1963e-03	0.032175	3
VPS37A	4	3.1798e-02	4.1963e-03	0.032175	3
ZNF562	4	3.1817e-02	4.1963e-03	0.032175	4
AP5M1	4	3.1926e-02	4.1963e-03	0.032175	4
ZNF774	4	3.1930e-02	4.1963e-03	0.032175	3
FBXW7	4	3.1991e-02	4.1963e-03	0.032175	2
KDELR3	4	3.2136e-02	4.1968e-03	0.032175	3
HRSP12	4	3.2196e-02	4.1968e-03	0.032175	3
SYK	4	3.2254e-02	4.1968e-03	0.032175	3
SUGP1	4	3.2264e-02	4.1968e-03	0.032175	1
SPTA1	4	3.2279e-02	4.1968e-03	0.032175	4
METAP1	4	3.2342e-02	4.1968e-03	0.032175	4
TGIF2-C20orf24	4	3.2370e-02	4.1968e-03	0.032175	4
KRTAP10-10	4	3.2429e-02	4.1968e-03	0.032175	4
RPL41	4	3.2440e-02	4.1968e-03	0.032175	3
ZNF720	4	3.2465e-02	4.1968e-03	0.032175	1
WBP11	4	3.2516e-02	4.2372e-03	0.032359	4
OXER1	4	3.2520e-02	4.2372e-03	0.032359	4
TRUB2	4	3.2531e-02	4.2372e-03	0.032359	4
C2orf42	4	3.2564e-02	4.2372e-03	0.032359	4
MEF2A	4	3.2583e-02	4.2372e-03	0.032359	4
IGSF3	4	3.2620e-02	4.2372e-03	0.032359	3
RIMKLB	4	3.2627e-02	4.2372e-03	0.032359	4
CMPK1	4	3.2686e-02	4.2372e-03	0.032359	3
KIAA1147	4	3.2854e-02	4.2377e-03	0.032359	4
TMEM82	4	3.2909e-02	4.2377e-03	0.032359	4
MICAL3	4	3.2932e-02	4.2864e-03	0.032592	2
GOLGA6L6	4	3.2953e-02	4.2864e-03	0.032592	3
ARSJ	4	3.2962e-02	4.2864e-03	0.032592	3
CDH23	4	3.2985e-02	4.2864e-03	0.032592	4
UBE2Q1	4	3.2993e-02	4.2864e-03	0.032592	3
WDR46	4	3.3004e-02	4.2864e-03	0.032592	4
PFN4	4	3.3016e-02	4.2864e-03	0.032592	3
EID3	4	3.3036e-02	4.2864e-03	0.032592	4
TRPS1	4	3.3062e-02	4.2869e-03	0.032592	4
MICA	4	3.3102e-02	4.2869e-03	0.032592	4
TMEM180	4	3.3111e-02	4.2869e-03	0.032592	3
TPRN	4	3.3167e-02	4.3382e-03	0.032803	3
LOC102724862	4	3.3197e-02	4.3382e-03	0.032803	3
ALKBH7	4	3.3197e-02	4.3382e-03	0.032803	4
DNAJA3	4	3.3206e-02	4.3382e-03	0.032803	2
ZC3H4	4	3.3212e-02	4.3382e-03	0.032803	3
MMP9	4	3.3219e-02	4.3382e-03	0.032803	4
GOLGA6C	4	3.3323e-02	4.3382e-03	0.032803	2
ZNF668	4	3.3364e-02	4.3382e-03	0.032803	3
FUT5	4	3.3396e-02	4.3387e-03	0.032803	4
PLXDC2	4	3.3404e-02	4.3387e-03	0.032803	4
BCS1L	4	3.3429e-02	4.3387e-03	0.032803	3
BET1	4	3.3538e-02	4.3387e-03	0.032803	4
RPL36AL	4	3.3574e-02	4.3387e-03	0.032803	3
COX16	4	3.3595e-02	4.3387e-03	0.032803	3
USF2	4	3.3652e-02	4.3900e-03	0.033168	3
TVP23C	4	3.3699e-02	4.3905e-03	0.033168	3
NSRP1	4	3.3721e-02	4.4490e-03	0.033403	4
C7orf50	4	3.3729e-02	4.4490e-03	0.033403	4
PDGFD	4	3.3745e-02	4.4490e-03	0.033403	3
PROC	4	3.3773e-02	4.4490e-03	0.033403	4
TEX10	4	3.3776e-02	4.4490e-03	0.033403	3
ZNF335	4	3.3782e-02	4.4490e-03	0.033403	3
ZNF852	4	3.3794e-02	4.4490e-03	0.033403	4
ARMS2	4	3.3800e-02	4.4490e-03	0.033403	4
FBXO8	4	3.3805e-02	4.4490e-03	0.033403	3
ATP11A	4	3.3810e-02	4.4490e-03	0.033403	4
GPR20	4	3.3819e-02	4.4496e-03	0.033403	3
DMAP1	4	3.3871e-02	4.4496e-03	0.033403	4
OR51G2	4	3.3879e-02	4.4496e-03	0.033403	4
BMP4	4	3.3880e-02	4.4496e-03	0.033403	4
UBE2C	4	3.3896e-02	4.4496e-03	0.033403	3
PGLYRP1	4	3.3900e-02	4.4496e-03	0.033403	4
LOC100129697	4	3.3953e-02	4.4952e-03	0.033578	3
OR7C2	4	3.3958e-02	4.4952e-03	0.033578	3
SLC25A46	4	3.3959e-02	4.4952e-03	0.033578	3
NIPA2	4	3.3969e-02	4.4952e-03	0.033578	4
SOWAHC	4	3.3991e-02	4.4952e-03	0.033578	2
ZNF333	4	3.4027e-02	4.4952e-03	0.033578	4
PPIH	4	3.4078e-02	4.4952e-03	0.033578	4
CCDC152	4	3.4166e-02	4.4957e-03	0.033578	4
CNTNAP3B	4	3.4189e-02	4.4957e-03	0.033578	4
ELK3	4	3.4238e-02	4.4957e-03	0.033578	4
PLEKHS1	4	3.4247e-02	4.4957e-03	0.033578	4
VWA9	4	3.4273e-02	4.4957e-03	0.033578	3
JADE1	4	3.4277e-02	4.4957e-03	0.033578	4
ARVCF	4	3.4376e-02	4.5485e-03	0.033946	4
GMEB1	4	3.4384e-02	4.5485e-03	0.033946	3
HIST1H2AL	4	3.4499e-02	4.6278e-03	0.034434	3
OR1D5	4	3.4516e-02	4.6278e-03	0.034434	3
VAT1	4	3.4517e-02	4.6278e-03	0.034434	4
PLB1	4	3.4550e-02	4.6278e-03	0.034434	4
KRTAP12-4	4	3.4565e-02	4.6283e-03	0.034434	3
BICC1	4	3.4654e-02	4.6283e-03	0.034434	4
NTPCR	4	3.4658e-02	4.6283e-03	0.034434	4
SRRD	4	3.4662e-02	4.6283e-03	0.034434	3
PKD1L2	4	3.4695e-02	4.6827e-03	0.034734	4
ESYT1	4	3.4804e-02	4.6827e-03	0.034734	4
MTMR4	4	3.4825e-02	4.6827e-03	0.034734	4
ACTR5	4	3.4888e-02	4.6832e-03	0.034734	3
PFDN1	4	3.4905e-02	4.6832e-03	0.034734	2
MRPL36	4	3.4937e-02	4.6832e-03	0.034734	3
NUCB1	4	3.4981e-02	4.6832e-03	0.034734	3
LOC388282	4	3.4987e-02	4.6832e-03	0.034734	4
RPTN	4	3.5084e-02	4.7340e-03	0.035033	4
BAG3	4	3.5167e-02	4.7345e-03	0.035033	3
SURF2	4	3.5193e-02	4.7345e-03	0.035033	4
UBXN7	4	3.5196e-02	4.7345e-03	0.035033	3
FLG2	4	3.5210e-02	4.7345e-03	0.035033	4
WDR55	4	3.5233e-02	4.7345e-03	0.035033	4
PCDHA10	4	3.5318e-02	4.7707e-03	0.035278	4
PRDM10	4	3.5338e-02	4.7713e-03	0.035278	2
C17orf50	4	3.5403e-02	4.8148e-03	0.035507	3
LRPPRC	4	3.5412e-02	4.8148e-03	0.035507	4
CETN3	4	3.5492e-02	4.8153e-03	0.035507	4
ARID2	4	3.5499e-02	4.8153e-03	0.035507	4
EDNRA	4	3.5499e-02	4.8153e-03	0.035507	3
GPR146	4	3.5505e-02	4.8153e-03	0.035507	4
CCDC166	4	3.5581e-02	4.8153e-03	0.035507	3
CD58	4	3.5613e-02	4.8562e-03	0.035703	4
TMEM37	4	3.5675e-02	4.8562e-03	0.035703	4
HSFY2	4	3.5696e-02	4.8562e-03	0.035703	4
CXorf49	4	3.5702e-02	4.8562e-03	0.035703	4
ANOS1	4	3.5719e-02	4.8562e-03	0.035703	4
RAD54B	4	3.5755e-02	4.8562e-03	0.035703	4
ARHGEF11	4	3.6044e-02	4.8567e-03	0.035703	2
PPIAL4D	4	3.6055e-02	4.8567e-03	0.035703	4
SETD1B	4	3.6093e-02	4.8977e-03	0.035924	3
HSF4	4	3.6139e-02	4.8977e-03	0.035924	4
ALDH1A3	4	3.6157e-02	4.8977e-03	0.035924	4
PNN	4	3.6354e-02	4.8982e-03	0.035924	4
MAGEA2B	4	3.6361e-02	4.8982e-03	0.035924	4
CT45A6	4	3.6372e-02	4.8982e-03	0.035924	4
ARL15	4	3.6479e-02	4.9567e-03	0.036053	3
PARP15	4	3.6510e-02	4.9567e-03	0.036053	4
GMPS	4	3.6568e-02	4.9567e-03	0.036053	4
UTP14A	4	3.6596e-02	4.9567e-03	0.036053	2
ZSCAN18	4	3.6635e-02	4.9567e-03	0.036053	4
RBMX	4	3.6639e-02	4.9567e-03	0.036053	4
SH3BGR	4	3.6654e-02	4.9567e-03	0.036053	4
ZNF418	4	3.6717e-02	4.9567e-03	0.036053	4
SLC35C1	4	3.6744e-02	4.9567e-03	0.036053	3
CBWD5	4	3.6756e-02	4.9567e-03	0.036053	4
TBC1D16	4	3.6774e-02	4.9572e-03	0.036053	4
ADGRF4	4	3.6782e-02	4.9572e-03	0.036053	4
GYPA	4	3.6861e-02	4.9572e-03	0.036053	4
B4GALT2	4	3.6896e-02	4.9572e-03	0.036053	4
WHAMM	4	3.6926e-02	4.9572e-03	0.036053	4
ZNF644	4	3.6991e-02	4.9572e-03	0.036053	4
ALG5	4	3.6999e-02	4.9572e-03	0.036053	3
PRAMEF5	4	3.7057e-02	4.9572e-03	0.036053	4
SLC12A7	4	3.7087e-02	4.9572e-03	0.036053	4
OR2M5	4	3.7094e-02	4.9572e-03	0.036053	4
RABGEF1	4	3.7107e-02	4.9572e-03	0.036053	4
MEX3A	4	3.7107e-02	4.9572e-03	0.036053	4
SYT6	4	3.7172e-02	5.0645e-03	0.036600	3
RGS16	4	3.7184e-02	5.0645e-03	0.036600	4
SMPD2	4	3.7190e-02	5.0645e-03	0.036600	4
METTL24	4	3.7201e-02	5.0645e-03	0.036600	4
CSRNP1	4	3.7241e-02	5.0645e-03	0.036600	4
PDE7B	4	3.7254e-02	5.0645e-03	0.036600	4
DOLPP1	4	3.7258e-02	5.0645e-03	0.036600	4
RBM17	4	3.7264e-02	5.0645e-03	0.036600	2
PDE10A	4	3.7287e-02	5.0645e-03	0.036600	3
RARA	4	3.7369e-02	5.0650e-03	0.036600	3
RBM19	4	3.7451e-02	5.0650e-03	0.036600	3
EPN3	4	3.7460e-02	5.0650e-03	0.036600	3
DBNL	4	3.7469e-02	5.0650e-03	0.036600	4
STC2	4	3.7487e-02	5.0650e-03	0.036600	4
C19orf53	4	3.7498e-02	5.0650e-03	0.036600	3
RGSL1	4	3.7501e-02	5.0650e-03	0.036600	2
HEATR5B	4	3.7526e-02	5.0650e-03	0.036600	3
SLC41A2	4	3.7535e-02	5.1132e-03	0.036868	4
ARHGDIA	4	3.7551e-02	5.1132e-03	0.036868	4
OXLD1	4	3.7584e-02	5.1132e-03	0.036868	3
IL16	4	3.7703e-02	5.1137e-03	0.036868	4
PRRC1	4	3.7712e-02	5.1137e-03	0.036868	4
FAM72A	4	3.7743e-02	5.1137e-03	0.036868	4
LOC113230	4	3.7772e-02	5.1593e-03	0.037047	3
STAT3	4	3.7814e-02	5.1593e-03	0.037047	4
GCKR	3	3.7853e-02	6.0093e-03	0.040657	3
APLP2	4	3.7908e-02	5.1593e-03	0.037047	3
ING3	3	3.7919e-02	6.0093e-03	0.040657	3
IRF7	4	3.7972e-02	5.1598e-03	0.037047	4
IRX4	4	3.7978e-02	5.1598e-03	0.037047	4
PRAMEF7	4	3.7983e-02	5.1598e-03	0.037047	4
KDM4A	4	3.8004e-02	5.1598e-03	0.037047	4
ERMP1	4	3.8023e-02	5.1598e-03	0.037047	4
PIGM	4	3.8047e-02	5.1598e-03	0.037047	4
SAPCD1	4	3.8052e-02	5.1598e-03	0.037047	4
RASSF10	4	3.8095e-02	5.1598e-03	0.037047	3
ASAP1	4	3.8141e-02	5.2059e-03	0.037200	3
ICE2	4	3.8145e-02	5.2059e-03	0.037200	4
ABCB9	4	3.8170e-02	5.2059e-03	0.037200	4
OR6C65	4	3.8205e-02	5.2059e-03	0.037200	3
ZHX2	4	3.8244e-02	5.2059e-03	0.037200	4
PLA2G4E	4	3.8291e-02	5.2059e-03	0.037200	4
CHKB	4	3.8322e-02	5.2064e-03	0.037200	4
STPG1	4	3.8327e-02	5.2064e-03	0.037200	4
HNRNPD	4	3.8367e-02	5.2064e-03	0.037200	4
FAM157A	4	3.8398e-02	5.2064e-03	0.037200	4
AKIRIN1	4	3.8425e-02	5.2064e-03	0.037200	3
IRS1	4	3.8429e-02	5.2064e-03	0.037200	3
TIGD3	4	3.8456e-02	5.2064e-03	0.037200	3
PRAME	4	3.8664e-02	5.2618e-03	0.037293	4
TGS1	4	3.8706e-02	5.2618e-03	0.037293	3
CNPY4	4	3.8715e-02	5.2618e-03	0.037293	3
MAD2L1BP	4	3.8759e-02	5.2618e-03	0.037293	4
BRMS1L	4	3.8781e-02	5.2618e-03	0.037293	4
HPN	4	3.8790e-02	5.2618e-03	0.037293	4
TMEM206	4	3.8906e-02	5.2623e-03	0.037293	4
KRTAP5-10	4	3.8962e-02	5.2623e-03	0.037293	4
ZNF853	4	3.8966e-02	5.2623e-03	0.037293	3
E2F2	4	3.9003e-02	5.2623e-03	0.037293	4
ATG5	4	3.9010e-02	5.2623e-03	0.037293	4
MTF1	4	3.9024e-02	5.2623e-03	0.037293	3
NPIPA5	4	3.9033e-02	5.2623e-03	0.037293	3
UNC13B	4	3.9042e-02	5.2623e-03	0.037293	4
SETX	4	3.9048e-02	5.2623e-03	0.037293	4
DMBT1	4	3.9058e-02	5.2623e-03	0.037293	4
STUB1	4	3.9062e-02	5.2623e-03	0.037293	4
ARHGEF7	4	3.9085e-02	5.2623e-03	0.037293	4
ACD	4	3.9092e-02	5.2623e-03	0.037293	3
SLC6A2	4	3.9145e-02	5.2623e-03	0.037293	4
CEP85L	4	3.9162e-02	5.2623e-03	0.037293	4
MTMR3	4	3.9166e-02	5.2623e-03	0.037293	3
SERPINI2	4	3.9176e-02	5.3214e-03	0.037645	4
TAPT1	4	3.9190e-02	5.3214e-03	0.037645	4
GFOD1	4	3.9221e-02	5.3214e-03	0.037645	4
BIK	4	3.9235e-02	5.3214e-03	0.037645	4
C7orf73	4	3.9335e-02	5.3219e-03	0.037645	4
FCGR1A	4	3.9428e-02	5.3675e-03	0.037776	3
ANKRD34C	4	3.9475e-02	5.3675e-03	0.037776	4
CNOT8	4	3.9502e-02	5.3675e-03	0.037776	4
USP3	4	3.9547e-02	5.3675e-03	0.037776	3
FAM227B	4	3.9591e-02	5.3675e-03	0.037776	3
SUMF2	4	3.9652e-02	5.3675e-03	0.037776	4
SOD2	4	3.9740e-02	5.3680e-03	0.037776	3
CCDC169-SOHLH2	4	3.9746e-02	5.3680e-03	0.037776	4
MAPK11	4	3.9779e-02	5.3680e-03	0.037776	3
PLOD2	4	3.9817e-02	5.3680e-03	0.037776	4
GM2A	4	3.9859e-02	5.3680e-03	0.037776	4
SKA3	4	3.9861e-02	5.3680e-03	0.037776	2
C2orf66	4	3.9904e-02	5.3680e-03	0.037776	3
TUBB6	4	3.9995e-02	5.3680e-03	0.037776	3
LRCH1	4	4.0030e-02	5.4286e-03	0.038164	3
TMEM53	4	4.0116e-02	5.4291e-03	0.038164	4
CCZ1	4	4.0138e-02	5.4291e-03	0.038164	3
AFAP1	4	4.0149e-02	5.4939e-03	0.038481	2
DLGAP5	4	4.0217e-02	5.4939e-03	0.038481	2
GLCCI1	4	4.0220e-02	5.4939e-03	0.038481	4
ESCO2	4	4.0239e-02	5.4939e-03	0.038481	4
CCDC89	4	4.0280e-02	5.4939e-03	0.038481	4
FAR1	4	4.0290e-02	5.4939e-03	0.038481	4
S100A14	4	4.0295e-02	5.4939e-03	0.038481	4
MAP1LC3C	4	4.0348e-02	5.4944e-03	0.038481	4
HIST1H4H	4	4.0355e-02	5.4944e-03	0.038481	4
KLHL20	4	4.0485e-02	5.4944e-03	0.038481	4
C14orf166	4	4.0566e-02	5.5431e-03	0.038571	3
LIPA	4	4.0616e-02	5.5431e-03	0.038571	4
CCDC115	4	4.0637e-02	5.5431e-03	0.038571	4
C3orf35	4	4.0645e-02	5.5431e-03	0.038571	2
CTAGE4	4	4.0724e-02	5.5431e-03	0.038571	3
KRTAP10-1	4	4.0726e-02	5.5431e-03	0.038571	4
DBX1	4	4.0780e-02	5.5431e-03	0.038571	4
PRRT1	4	4.0804e-02	5.5431e-03	0.038571	4
ST6GAL2	4	4.0867e-02	5.5431e-03	0.038571	3
ATP5C1	4	4.0884e-02	5.5436e-03	0.038571	4
MARCHF2	8	4.0911e-02	2.5987e-03	0.022803	6
NUDT9	4	4.0949e-02	5.5436e-03	0.038571	3
LAMTOR3	4	4.0975e-02	5.5436e-03	0.038571	4
XRCC6BP1	4	4.1013e-02	5.5436e-03	0.038571	3
ZBTB41	4	4.1030e-02	5.5436e-03	0.038571	4
MT1M	4	4.1074e-02	5.5436e-03	0.038571	3
PABPN1	4	4.1086e-02	5.5436e-03	0.038571	3
AMELY	4	4.1157e-02	5.5436e-03	0.038571	4
DTD2	4	4.1167e-02	5.5436e-03	0.038571	3
CHFR	4	4.1261e-02	5.6006e-03	0.038830	4
TRMT12	4	4.1279e-02	5.6006e-03	0.038830	3
TCL1B	4	4.1289e-02	5.6006e-03	0.038830	3
KPNA2	4	4.1337e-02	5.6011e-03	0.038830	4
GZMK	4	4.1342e-02	5.6011e-03	0.038830	4
HPCAL1	4	4.1361e-02	5.6011e-03	0.038830	4
UBALD1	4	4.1365e-02	5.6011e-03	0.038830	3
KCTD18	4	4.1365e-02	5.6011e-03	0.038830	4
METTL12	4	4.1370e-02	5.6011e-03	0.038830	3
PINLYP	4	4.1382e-02	5.6011e-03	0.038830	4
NUP35	4	4.1430e-02	5.6592e-03	0.039108	3
F2	4	4.1437e-02	5.6592e-03	0.039108	4
MYO19	4	4.1514e-02	5.6592e-03	0.039108	3
CATSPERD	4	4.1541e-02	5.6597e-03	0.039108	4
POU6F2	4	4.1597e-02	5.6597e-03	0.039108	3
C15orf56	4	4.1598e-02	5.6597e-03	0.039108	3
CLCN5	4	4.1603e-02	5.6597e-03	0.039108	4
ARPC5L	4	4.1620e-02	5.6597e-03	0.039108	3
LCN10	4	4.1636e-02	5.6597e-03	0.039108	4
IL25	4	4.1746e-02	5.7156e-03	0.039370	3
ANGPTL2	4	4.1809e-02	5.7156e-03	0.039370	3
INTS12	4	4.1818e-02	5.7156e-03	0.039370	4
ZNF212	4	4.1825e-02	5.7156e-03	0.039370	4
MAP3K13	4	4.1866e-02	5.7156e-03	0.039370	4
HCN2	4	4.1962e-02	5.7161e-03	0.039370	4
PMM2	4	4.2019e-02	5.7161e-03	0.039370	4
SMYD2	4	4.2101e-02	5.7161e-03	0.039370	4
TACC3	4	4.2109e-02	5.7161e-03	0.039370	3
DSG4	4	4.2174e-02	5.7814e-03	0.039752	3
C3orf67	4	4.2202e-02	5.7814e-03	0.039752	4
ABHD1	4	4.2227e-02	5.7814e-03	0.039752	4
PGLYRP2	4	4.2272e-02	5.7819e-03	0.039752	4
SENP7	4	4.2351e-02	5.7819e-03	0.039752	4
MST1	4	4.2434e-02	5.8519e-03	0.040035	3
RHBDL1	4	4.2506e-02	5.8519e-03	0.040035	4
DCTN3	4	4.2519e-02	5.8519e-03	0.040035	3
C14orf119	4	4.2591e-02	5.8519e-03	0.040035	4
PAX6	4	4.2643e-02	5.8524e-03	0.040035	3
NBPF14	4	4.2667e-02	5.8524e-03	0.040035	2
PIKFYVE	4	4.2676e-02	5.8524e-03	0.040035	2
ALLC	4	4.2685e-02	5.8524e-03	0.040035	4
VAT1L	4	4.2710e-02	5.8524e-03	0.040035	4
TMC6	4	4.2741e-02	5.8524e-03	0.040035	3
CCDC53	4	4.2745e-02	5.8524e-03	0.040035	3
ARFGAP2	4	4.2754e-02	5.8524e-03	0.040035	3
CEP97	4	4.2757e-02	5.8524e-03	0.040035	3
PRR19	4	4.2846e-02	5.8524e-03	0.040035	3
COPRS	4	4.2919e-02	5.9114e-03	0.040395	4
ULBP1	4	4.2953e-02	5.9114e-03	0.040395	4
NPAS4	4	4.2965e-02	5.9114e-03	0.040395	3
PTK6	4	4.2991e-02	5.9689e-03	0.040416	3
PRRC2C	4	4.2997e-02	5.9689e-03	0.040416	3
GADD45GIP1	4	4.3036e-02	5.9689e-03	0.040416	4
ARHGAP18	4	4.3037e-02	5.9689e-03	0.040416	3
ZPBP2	4	4.3053e-02	5.9689e-03	0.040416	3
CYHR1	4	4.3161e-02	5.9689e-03	0.040416	4
SSX1	4	4.3168e-02	5.9689e-03	0.040416	4
PPP1R2	4	4.3277e-02	5.9689e-03	0.040416	2
MYH14	4	4.3306e-02	5.9694e-03	0.040416	4
SLC6A11	4	4.3307e-02	5.9694e-03	0.040416	3
BTRC	4	4.3335e-02	5.9694e-03	0.040416	3
TANC1	4	4.3357e-02	5.9694e-03	0.040416	3
POMT2	4	4.3393e-02	5.9694e-03	0.040416	4
NFU1	4	4.3428e-02	5.9694e-03	0.040416	2
ARAP2	4	4.3458e-02	5.9694e-03	0.040416	4
SETD5	4	4.3475e-02	5.9694e-03	0.040416	4
NUP107	4	4.3506e-02	5.9694e-03	0.040416	3
WDFY1	4	4.3517e-02	5.9694e-03	0.040416	4
SETD8	4	4.3518e-02	5.9694e-03	0.040416	4
EIF3L	4	4.3521e-02	5.9694e-03	0.040416	3
SDHB	4	4.3533e-02	5.9694e-03	0.040416	3
EMC1	4	4.3539e-02	5.9694e-03	0.040416	3
ZBED4	4	4.3572e-02	5.9694e-03	0.040416	3
TMEM116	4	4.3591e-02	5.9694e-03	0.040416	4
GPATCH3	4	4.3612e-02	5.9694e-03	0.040416	3
SNCG	4	4.3623e-02	5.9694e-03	0.040416	4
SPATA31E1	4	4.3739e-02	6.0368e-03	0.040731	4
LONP2	4	4.3769e-02	6.0368e-03	0.040731	4
IVL	4	4.3890e-02	6.0373e-03	0.040731	4
ST3GAL3	4	4.3890e-02	6.0373e-03	0.040731	4
FAM173B	4	4.3894e-02	6.0373e-03	0.040731	3
REXO1	4	4.3918e-02	6.0373e-03	0.040731	4
PARN	4	4.3938e-02	6.0373e-03	0.040731	4
TRIM48	4	4.3982e-02	6.0373e-03	0.040731	4
OR10AG1	4	4.4068e-02	6.0964e-03	0.041046	4
ABHD10	4	4.4068e-02	6.0964e-03	0.041046	3
SLC9A3	4	4.4072e-02	6.0964e-03	0.041046	4
SCNN1B	4	4.4138e-02	6.0964e-03	0.041046	3
ZNF442	4	4.4161e-02	6.0969e-03	0.041046	4
SGMS2	4	4.4209e-02	6.0969e-03	0.041046	4
TLE6	4	4.4256e-02	6.1549e-03	0.041222	4
PRAMEF14	4	4.4276e-02	6.1549e-03	0.041222	4
IGFLR1	4	4.4341e-02	6.1549e-03	0.041222	4
RPL14	4	4.4421e-02	6.1549e-03	0.041222	4
SMIM23	4	4.4436e-02	6.1549e-03	0.041222	4
MVB12B	4	4.4484e-02	6.1549e-03	0.041222	4
ITSN1	4	4.4493e-02	6.1549e-03	0.041222	3
DCP1A	4	4.4510e-02	6.1554e-03	0.041222	3
ZNF624	4	4.4559e-02	6.1554e-03	0.041222	4
KRTAP5-11	4	4.4561e-02	6.1554e-03	0.041222	3
NPIPA8	4	4.4568e-02	6.1554e-03	0.041222	3
MAGEA9B	4	4.4622e-02	6.1554e-03	0.041222	4
C8orf44	4	4.4632e-02	6.1554e-03	0.041222	2
APOO	4	4.4664e-02	6.1554e-03	0.041222	4
SLC9A8	4	4.4674e-02	6.1554e-03	0.041222	3
ZNF420	4	4.4823e-02	6.2373e-03	0.041741	4
WDR49	4	4.4828e-02	6.2373e-03	0.041741	4
MYO10	4	4.4893e-02	6.3253e-03	0.042040	4
SLFN14	4	4.4949e-02	6.3253e-03	0.042040	4
PLA2G10	4	4.4969e-02	6.3253e-03	0.042040	4
PRR25	4	4.4999e-02	6.3253e-03	0.042040	4
VIM	4	4.5045e-02	6.3253e-03	0.042040	4
MRPL35	4	4.5056e-02	6.3253e-03	0.042040	3
ZG16	4	4.5085e-02	6.3253e-03	0.042040	4
KRBOX1	4	4.5100e-02	6.3253e-03	0.042040	3
FANCI	4	4.5161e-02	6.3258e-03	0.042040	3
C3orf33	4	4.5225e-02	6.3258e-03	0.042040	4
ZNF148	4	4.5225e-02	6.3258e-03	0.042040	3
CXorf21	4	4.5242e-02	6.3258e-03	0.042040	4
APC	4	4.5283e-02	6.3258e-03	0.042040	4
AMPD2	4	4.5324e-02	6.3258e-03	0.042040	4
GEMIN8	4	4.5337e-02	6.3258e-03	0.042040	3
CCBL2	4	4.5374e-02	6.3258e-03	0.042040	4
APIP	4	4.5400e-02	6.3258e-03	0.042040	4
MAPKBP1	4	4.5410e-02	6.3258e-03	0.042040	4
OR1E1	4	4.5435e-02	6.3258e-03	0.042040	4
KRTAP17-1	4	4.5471e-02	6.3258e-03	0.042040	4
OR2AG2	4	4.5616e-02	6.3870e-03	0.042372	3
WRAP53	4	4.5624e-02	6.3870e-03	0.042372	4
ANKAR	4	4.5629e-02	6.3870e-03	0.042372	3
PRRG2	4	4.5698e-02	6.3870e-03	0.042372	4
CYP2S1	4	4.5737e-02	6.3870e-03	0.042372	4
SEMA6B	4	4.5777e-02	6.4559e-03	0.042406	4
RINT1	4	4.5778e-02	6.4559e-03	0.042406	2
SERP1	4	4.5780e-02	6.4559e-03	0.042406	3
KRTAP5-7	4	4.5793e-02	6.4559e-03	0.042406	3
TMEM191C	4	4.5802e-02	6.4559e-03	0.042406	3
RWDD3	4	4.5813e-02	6.4559e-03	0.042406	4
MRGBP	4	4.5885e-02	6.4559e-03	0.042406	3
NOX3	4	4.5906e-02	6.4559e-03	0.042406	4
USP10	4	4.5910e-02	6.4559e-03	0.042406	3
NNAT	4	4.5927e-02	6.4559e-03	0.042406	3
GP9	4	4.5930e-02	6.4559e-03	0.042406	3
IRGM	4	4.5931e-02	6.4559e-03	0.042406	4
FBXL12	4	4.5992e-02	6.4559e-03	0.042406	3
MFAP5	4	4.6012e-02	6.4559e-03	0.042406	3
IFNW1	4	4.6049e-02	6.4559e-03	0.042406	4
RGS3	4	4.6054e-02	6.4559e-03	0.042406	4
NAMPT	4	4.6108e-02	6.4559e-03	0.042406	3
NCKAP1	4	4.6111e-02	6.4559e-03	0.042406	3
FZD6	4	4.6136e-02	6.4559e-03	0.042406	3
PTPRK	4	4.6204e-02	6.4559e-03	0.042406	4
TOM1	4	4.6255e-02	6.4564e-03	0.042406	4
ANAPC7	4	4.6353e-02	6.4564e-03	0.042406	4
AMMECR1	4	4.6374e-02	6.4564e-03	0.042406	3
TMEM61	4	4.6390e-02	6.4564e-03	0.042406	3
VASH1	4	4.6418e-02	6.4564e-03	0.042406	3
TOE1	4	4.6473e-02	6.4564e-03	0.042406	3
SON	4	4.6535e-02	6.4564e-03	0.042406	3
MRPS35	4	4.6577e-02	6.4564e-03	0.042406	4
LRG1	4	4.6652e-02	6.4564e-03	0.042406	3
LIG4	4	4.6709e-02	6.5253e-03	0.042511	3
GABARAPL1	4	4.6755e-02	6.5253e-03	0.042511	4
NLRP10	4	4.6770e-02	6.5253e-03	0.042511	3
CLPB	4	4.6857e-02	6.5253e-03	0.042511	4
USP17L27	4	4.6860e-02	6.5253e-03	0.042511	3
ENTPD7	4	4.6930e-02	6.5253e-03	0.042511	4
C7orf57	4	4.6964e-02	6.5253e-03	0.042511	3
PROB1	4	4.6978e-02	6.5253e-03	0.042511	3
VPS8	4	4.6995e-02	6.5253e-03	0.042511	4
AFG3L2	4	4.7065e-02	6.5258e-03	0.042511	3
MYL6	4	4.7081e-02	6.5258e-03	0.042511	2
SMAD2	4	4.7128e-02	6.5258e-03	0.042511	4
MRPS18B	4	4.7129e-02	6.5258e-03	0.042511	3
KIAA1107	4	4.7306e-02	6.5258e-03	0.042511	4
SAXO2	4	4.7312e-02	6.5258e-03	0.042511	3
RALBP1	4	4.7319e-02	6.5258e-03	0.042511	3
FAM72B	4	4.7327e-02	6.5258e-03	0.042511	4
CTSG	4	4.7332e-02	6.5258e-03	0.042511	3
LIMCH1	4	4.7356e-02	6.5258e-03	0.042511	4
BNIP2	4	4.7356e-02	6.5258e-03	0.042511	4
MAP4K2	4	4.7381e-02	6.5258e-03	0.042511	3
LY6E	4	4.7382e-02	6.5258e-03	0.042511	4
KIAA1161	4	4.7394e-02	6.5258e-03	0.042511	2
FOXK1	4	4.7402e-02	6.5258e-03	0.042511	3
FAT3	4	4.7443e-02	6.6009e-03	0.042569	4
SIGLEC10	4	4.7458e-02	6.6009e-03	0.042569	3
DDT	4	4.7540e-02	6.6009e-03	0.042569	4
TAX1BP3	4	4.7548e-02	6.6009e-03	0.042569	4
PPP1CC	4	4.7575e-02	6.6009e-03	0.042569	3
CELSR2	4	4.7585e-02	6.6009e-03	0.042569	4
PCDH15	4	4.7643e-02	6.6009e-03	0.042569	4
WDTC1	4	4.7664e-02	6.6009e-03	0.042569	4
COX5A	4	4.7693e-02	6.6009e-03	0.042569	4
CEP192	4	4.7696e-02	6.6009e-03	0.042569	3
DKK3	4	4.7701e-02	6.6009e-03	0.042569	4
BCOR	4	4.7706e-02	6.6009e-03	0.042569	3
EMC3	4	4.7733e-02	6.6009e-03	0.042569	4
AGPAT4	4	4.7766e-02	6.6014e-03	0.042569	3
USP26	4	4.7770e-02	6.6014e-03	0.042569	4
LRRC37B	4	4.7809e-02	6.6014e-03	0.042569	4
OGDHL	4	4.7817e-02	6.6014e-03	0.042569	2
ACAT2	4	4.7817e-02	6.6014e-03	0.042569	4
SPTLC1	4	4.7822e-02	6.6014e-03	0.042569	4
SALL1	4	4.7825e-02	6.6014e-03	0.042569	3
PTPN20	4	4.7891e-02	6.6014e-03	0.042569	4
LARP1	4	4.7902e-02	6.6014e-03	0.042569	4
OR13C9	4	4.7902e-02	6.6014e-03	0.042569	4
SLC6A6	4	4.7931e-02	6.6014e-03	0.042569	3
DUSP11	4	4.7960e-02	6.6014e-03	0.042569	4
EDDM3B	4	4.7962e-02	6.6014e-03	0.042569	3
KIF1B	4	4.8008e-02	6.6014e-03	0.042569	3
LRRTM3	4	4.8029e-02	6.6014e-03	0.042569	4
SLC4A3	4	4.8054e-02	6.6014e-03	0.042569	3
PCK1	4	4.8072e-02	6.6014e-03	0.042569	4
CAPN9	4	4.8138e-02	6.6646e-03	0.042706	4
GLG1	4	4.8157e-02	6.6646e-03	0.042706	4
ATP2A3	4	4.8211e-02	6.6646e-03	0.042706	2
IMMT	4	4.8216e-02	6.6646e-03	0.042706	3
CEP57	4	4.8241e-02	6.6646e-03	0.042706	3
PAN3	4	4.8279e-02	6.6646e-03	0.042706	3
KRT72	4	4.8336e-02	6.6646e-03	0.042706	3
LLPH	4	4.8369e-02	6.6646e-03	0.042706	3
ARHGEF37	4	4.8380e-02	6.6646e-03	0.042706	4
FOXH1	4	4.8382e-02	6.6646e-03	0.042706	4
DLL3	4	4.8407e-02	6.6646e-03	0.042706	4
KCNAB1	4	4.8524e-02	6.6652e-03	0.042706	4
MLLT6	4	4.8532e-02	6.6652e-03	0.042706	4
EXOC6	4	4.8540e-02	6.6652e-03	0.042706	4
TMX2	4	4.8545e-02	6.6652e-03	0.042706	3
FBXL16	4	4.8583e-02	6.6652e-03	0.042706	3
DNAJC21	4	4.8629e-02	6.6652e-03	0.042706	4
NUB1	4	4.8629e-02	6.6652e-03	0.042706	4
RTKN2	4	4.8672e-02	6.6652e-03	0.042706	4
AGAP5	4	4.8839e-02	6.7304e-03	0.042883	4
ASCC2	4	4.8841e-02	6.7304e-03	0.042883	4
SATL1	4	4.8851e-02	6.7304e-03	0.042883	4
TUBD1	4	4.8894e-02	6.7304e-03	0.042883	4
ASIC4	4	4.8902e-02	6.7304e-03	0.042883	3
FTO	4	4.8916e-02	6.7304e-03	0.042883	4
REC8	4	4.8917e-02	6.7304e-03	0.042883	3
LIPK	4	4.8927e-02	6.7304e-03	0.042883	4
RNASE7	4	4.8948e-02	6.7304e-03	0.042883	4
RBM48	4	4.8981e-02	6.7304e-03	0.042883	3
IWS1	4	4.8994e-02	6.7304e-03	0.042883	4
SPARCL1	4	4.9034e-02	6.7304e-03	0.042883	4
TONSL	4	4.9038e-02	6.7304e-03	0.042883	3
SYNGR3	4	4.9095e-02	6.7309e-03	0.042883	4
ATXN7L3	4	4.9107e-02	6.7309e-03	0.042883	4
DUSP8	4	4.9158e-02	6.7309e-03	0.042883	4
ELMSAN1	4	4.9162e-02	6.7309e-03	0.042883	3
BTNL10	4	4.9328e-02	6.8066e-03	0.042927	2
UBE4B	4	4.9414e-02	6.8066e-03	0.042927	2
ANKRD60	4	4.9430e-02	6.8066e-03	0.042927	3
TMCC1	4	4.9440e-02	6.8066e-03	0.042927	4
YES1	4	4.9524e-02	6.8071e-03	0.042927	2
PPIC	4	4.9617e-02	6.8071e-03	0.042927	3
TRIM49D2	4	4.9635e-02	6.8071e-03	0.042927	2
C15orf53	4	4.9652e-02	6.8071e-03	0.042927	4
GPER1	4	4.9656e-02	6.8071e-03	0.042927	3
OR4F3	4	4.9667e-02	6.8071e-03	0.042927	3
RPL22L1	4	4.9671e-02	6.8071e-03	0.042927	3
AMY1B	4	4.9688e-02	6.8879e-03	0.042927	3
CKLF	4	4.9735e-02	6.8879e-03	0.042927	3
RGMB	4	4.9766e-02	6.8879e-03	0.042927	4
ABHD12B	4	4.9799e-02	6.8879e-03	0.042927	4
GABBR2	4	4.9825e-02	6.8879e-03	0.042927	3
ETHE1	4	4.9831e-02	6.8879e-03	0.042927	4
ZWINT	4	4.9856e-02	6.8879e-03	0.042927	3
TNFSF13	4	4.9864e-02	6.8879e-03	0.042927	4
TMIGD2	4	4.9900e-02	6.8879e-03	0.042927	4
PERM1	4	4.9905e-02	6.8879e-03	0.042927	2
OR14C36	4	4.9913e-02	6.8879e-03	0.042927	4
SLC10A2	4	4.9919e-02	6.8879e-03	0.042927	4
C17orf98	4	4.9935e-02	6.8879e-03	0.042927	4
ZBTB6	4	5.0012e-02	6.8879e-03	0.042927	4
TAS2R5	4	5.0053e-02	6.8879e-03	0.042927	2
RNF126	4	5.0066e-02	6.8879e-03	0.042927	4
UBE3B	4	5.0121e-02	6.8879e-03	0.042927	4
IFNA5	4	5.0124e-02	6.8879e-03	0.042927	3
SOCS3	4	5.0127e-02	6.8879e-03	0.042927	4
DLEC1	4	5.0154e-02	6.8879e-03	0.042927	4
GFPT1	4	5.0177e-02	6.8879e-03	0.042927	3
SHISA2	4	5.0302e-02	6.8879e-03	0.042927	4
POTEA	4	5.0352e-02	6.8879e-03	0.042927	4
MBD3L3	4	5.0412e-02	6.8879e-03	0.042927	3
SFXN2	3	5.0518e-02	9.2760e-03	0.051300	3
PPP1R35	4	5.0525e-02	6.8879e-03	0.042927	3
GPR107	4	5.0550e-02	6.8879e-03	0.042927	4
SERF1A	4	5.0552e-02	6.8879e-03	0.042927	2
ADSS	4	5.0573e-02	6.8879e-03	0.042927	4
PDE3A	4	5.0600e-02	6.8879e-03	0.042927	4
GEN1	4	5.0601e-02	6.8879e-03	0.042927	4
PDCD11	4	5.0638e-02	6.8884e-03	0.042927	4
NBPF11	4	5.0699e-02	6.8884e-03	0.042927	4
DMTN	4	5.0787e-02	6.8884e-03	0.042927	4
AHCYL1	4	5.0790e-02	6.8884e-03	0.042927	4
VPS35	4	5.0815e-02	6.8884e-03	0.042927	4
CRACR2A	4	5.0947e-02	6.8884e-03	0.042927	4
SYNE2	4	5.0981e-02	6.8884e-03	0.042927	4
PPP1R13L	4	5.0992e-02	6.8884e-03	0.042927	4
SPTBN2	4	5.1038e-02	6.8884e-03	0.042927	2
LRRC41	4	5.1076e-02	6.8884e-03	0.042927	4
ADGRE3	4	5.1126e-02	6.8884e-03	0.042927	4
MTA2	4	5.1173e-02	6.8884e-03	0.042927	3
BLVRA	4	5.1181e-02	6.8884e-03	0.042927	4
DEFB118	4	5.1181e-02	6.8884e-03	0.042927	3
BCDIN3D	4	5.1187e-02	6.8884e-03	0.042927	4
PIK3CB	4	5.1194e-02	6.8884e-03	0.042927	2
ZMAT4	4	5.1215e-02	6.8884e-03	0.042927	4
NPIPB5	4	5.1223e-02	6.8884e-03	0.042927	3
RUSC1-AS1	4	5.1232e-02	6.8884e-03	0.042927	3
EIF4EBP1	4	5.1343e-02	6.8884e-03	0.042927	4
NDUFAF5	4	5.1388e-02	6.8884e-03	0.042927	4
AGAP6	4	5.1397e-02	6.8884e-03	0.042927	3
PRKAG1	4	5.1421e-02	6.8884e-03	0.042927	4
HACD4	4	5.1471e-02	6.8884e-03	0.042927	4
WSCD1	4	5.1544e-02	6.8884e-03	0.042927	4
LRRC40	4	5.1578e-02	6.8884e-03	0.042927	4
RCAN3	4	5.1628e-02	6.9547e-03	0.043091	4
TAS2R41	4	5.1701e-02	6.9547e-03	0.043091	4
AGPAT1	4	5.1804e-02	6.9547e-03	0.043091	3
TOP1MT	4	5.1826e-02	6.9547e-03	0.043091	3
KRT32	4	5.1914e-02	6.9547e-03	0.043091	3
ELAVL4	4	5.1931e-02	6.9547e-03	0.043091	4
KRT84	4	5.1944e-02	6.9547e-03	0.043091	3
SSBP3	4	5.2025e-02	6.9552e-03	0.043091	3
TTC23	4	5.2032e-02	6.9552e-03	0.043091	3
RFXAP	4	5.2047e-02	6.9552e-03	0.043091	3
MYO1G	4	5.2061e-02	6.9552e-03	0.043091	4
KDM5D	4	5.2093e-02	6.9552e-03	0.043091	2
SCAMP5	4	5.2123e-02	6.9552e-03	0.043091	4
PHF21A	4	5.2143e-02	6.9552e-03	0.043091	3
SOX17	4	5.2270e-02	6.9552e-03	0.043091	2
HMCES	4	5.2292e-02	6.9552e-03	0.043091	4
ETNK2	4	5.2315e-02	6.9552e-03	0.043091	4
SLC25A25	4	5.2333e-02	6.9552e-03	0.043091	3
RNMTL1	4	5.2372e-02	7.0340e-03	0.043455	4
P2RX2	4	5.2389e-02	7.0340e-03	0.043455	4
FTMT	4	5.2465e-02	7.0340e-03	0.043455	3
PHF7	4	5.2474e-02	7.0340e-03	0.043455	4
TRIM37	4	5.2496e-02	7.0345e-03	0.043455	4
HNRNPK	4	5.2517e-02	7.0345e-03	0.043455	3
FAM178A	4	5.2539e-02	7.0345e-03	0.043455	4
FAM98B	4	5.2587e-02	7.0345e-03	0.043455	4
CLEC4D	4	5.2625e-02	7.0345e-03	0.043455	4
RNF128	4	5.2698e-02	7.1200e-03	0.043487	4
BYSL	4	5.2698e-02	7.1200e-03	0.043487	4
AP3B2	4	5.2736e-02	7.1200e-03	0.043487	2
NFYA	4	5.2809e-02	7.1200e-03	0.043487	4
NFKBIZ	4	5.2826e-02	7.1200e-03	0.043487	4
WDR44	4	5.2843e-02	7.1200e-03	0.043487	4
SIX1	4	5.2937e-02	7.1200e-03	0.043487	3
HIST1H2AH	4	5.2952e-02	7.1200e-03	0.043487	3
KANK4	4	5.2957e-02	7.1200e-03	0.043487	4
KIRREL2	4	5.2960e-02	7.1200e-03	0.043487	3
SMTN	4	5.2971e-02	7.1200e-03	0.043487	3
GSPT1	4	5.2986e-02	7.1200e-03	0.043487	4
DVL1	4	5.3001e-02	7.1200e-03	0.043487	2
B4GALT5	4	5.3023e-02	7.1205e-03	0.043487	4
VSTM1	4	5.3046e-02	7.1205e-03	0.043487	3
PPIP5K2	4	5.3057e-02	7.1205e-03	0.043487	3
AADAT	4	5.3066e-02	7.1205e-03	0.043487	4
TUBB8	4	5.3086e-02	7.1205e-03	0.043487	3
MTRF1L	4	5.3087e-02	7.1205e-03	0.043487	3
HDHD2	4	5.3098e-02	7.1205e-03	0.043487	3
MRPL53	4	5.3140e-02	7.1205e-03	0.043487	3
P2RY6	4	5.3199e-02	7.1205e-03	0.043487	3
HRK	4	5.3229e-02	7.1205e-03	0.043487	3
LSM3	4	5.3241e-02	7.1205e-03	0.043487	3
LOC200726	4	5.3272e-02	7.1205e-03	0.043487	4
KCNJ2	4	5.3292e-02	7.1205e-03	0.043487	4
CST6	4	5.3380e-02	7.1205e-03	0.043487	2
TFB1M	4	5.3434e-02	7.2003e-03	0.043487	2
TIMM22	4	5.3495e-02	7.2003e-03	0.043487	3
COX18	4	5.3542e-02	7.2003e-03	0.043487	4
PCNXL4	4	5.3542e-02	7.2003e-03	0.043487	4
HIPK3	4	5.3559e-02	7.2003e-03	0.043487	4
RSRC2	4	5.3564e-02	7.2003e-03	0.043487	3
ZKSCAN3	4	5.3571e-02	7.2003e-03	0.043487	4
MPLKIP	4	5.3589e-02	7.2003e-03	0.043487	3
FGFR1OP2	4	5.3609e-02	7.2003e-03	0.043487	4
ELL3	4	5.3611e-02	7.2003e-03	0.043487	4
ITK	4	5.3738e-02	7.2003e-03	0.043487	4
SPSB2	4	5.3744e-02	7.2003e-03	0.043487	4
NIT2	4	5.3749e-02	7.2003e-03	0.043487	3
C1orf50	4	5.3761e-02	7.2003e-03	0.043487	4
UBE2V1	4	5.3787e-02	7.2003e-03	0.043487	3
FITM2	4	5.3830e-02	7.2008e-03	0.043487	4
MRPL10	4	5.3848e-02	7.2008e-03	0.043487	3
NXPE3	4	5.3867e-02	7.2008e-03	0.043487	3
GLA	4	5.3927e-02	7.2008e-03	0.043487	3
NT5C2	4	5.3940e-02	7.2008e-03	0.043487	4
ROCK2	4	5.4045e-02	7.2008e-03	0.043487	4
CHAC1	4	5.4056e-02	7.2008e-03	0.043487	3
UBE2G1	4	5.4071e-02	7.2008e-03	0.043487	4
NCS1	4	5.4079e-02	7.2008e-03	0.043487	4
ZCCHC12	4	5.4097e-02	7.2008e-03	0.043487	4
AKAP11	4	5.4108e-02	7.2008e-03	0.043487	4
DCAF12	4	5.4120e-02	7.2008e-03	0.043487	4
FLYWCH1	4	5.4135e-02	7.2008e-03	0.043487	3
SERPINA12	4	5.4156e-02	7.2008e-03	0.043487	3
YTHDF1	4	5.4190e-02	7.2008e-03	0.043487	4
IL13RA2	4	5.4216e-02	7.2008e-03	0.043487	4
NKAP	4	5.4271e-02	7.2826e-03	0.043487	2
RHOG	4	5.4296e-02	7.2826e-03	0.043487	3
ADAMTS19	4	5.4347e-02	7.2826e-03	0.043487	2
OGFOD1	4	5.4370e-02	7.2826e-03	0.043487	4
MRPL24	4	5.4437e-02	7.2826e-03	0.043487	3
DMP1	4	5.4469e-02	7.2826e-03	0.043487	4
PTRHD1	4	5.4469e-02	7.2826e-03	0.043487	4
ATAD5	4	5.4469e-02	7.2826e-03	0.043487	4
LGALS9	4	5.4488e-02	7.2826e-03	0.043487	2
FAM219A	4	5.4504e-02	7.2826e-03	0.043487	4
SSTR1	4	5.4514e-02	7.2826e-03	0.043487	3
MRPS18C	4	5.4526e-02	7.2826e-03	0.043487	3
CDH12	4	5.4582e-02	7.2826e-03	0.043487	3
TAF4	4	5.4631e-02	7.2826e-03	0.043487	3
THEM6	4	5.4755e-02	7.2826e-03	0.043487	4
URGCP-MRPS24	4	5.4823e-02	7.2826e-03	0.043487	2
RNF4	4	5.4898e-02	7.2826e-03	0.043487	2
IMMP2L	4	5.4925e-02	7.2826e-03	0.043487	4
TMEM185B	4	5.4959e-02	7.2826e-03	0.043487	3
AKR1B10	4	5.5013e-02	7.2826e-03	0.043487	3
PAPLN	4	5.5013e-02	7.2826e-03	0.043487	4
SPNS3	4	5.5039e-02	7.2826e-03	0.043487	3
MCCC1	4	5.5043e-02	7.2826e-03	0.043487	4
DEFB105A	4	5.5122e-02	7.2832e-03	0.043487	4
C9orf66	4	5.5157e-02	7.2832e-03	0.043487	3
UBE3A	4	5.5261e-02	7.2832e-03	0.043487	4
DHRS7	4	5.5275e-02	7.2832e-03	0.043487	4
SNCA	4	5.5296e-02	7.2832e-03	0.043487	4
CCR9	4	5.5302e-02	7.2832e-03	0.043487	4
MFSD3	4	5.5308e-02	7.2832e-03	0.043487	4
MYADM	4	5.5325e-02	7.2832e-03	0.043487	4
HN1L	4	5.5396e-02	7.2832e-03	0.043487	4
FOXA3	4	5.5500e-02	7.2832e-03	0.043487	4
FRG2B	4	5.5517e-02	7.2832e-03	0.043487	3
LRRC37A	4	5.5541e-02	7.2832e-03	0.043487	3
CST1	4	5.5544e-02	7.2832e-03	0.043487	4
LENG8	4	5.5555e-02	7.2832e-03	0.043487	3
RYR1	4	5.5603e-02	7.2832e-03	0.043487	4
CT47A5	4	5.5616e-02	7.2832e-03	0.043487	2
LIFR	4	5.5618e-02	7.2832e-03	0.043487	3
COX6C	4	5.5692e-02	7.2832e-03	0.043487	4
GBGT1	4	5.5710e-02	7.2832e-03	0.043487	4
FDX1	4	5.5745e-02	7.2832e-03	0.043487	4
MRPS7	4	5.5786e-02	7.2832e-03	0.043487	3
PCDH18	4	5.5814e-02	7.2832e-03	0.043487	4
SAMD14	4	5.5843e-02	7.2832e-03	0.043487	4
PPP1R3D	4	5.5876e-02	7.2832e-03	0.043487	4
TRIT1	4	5.5909e-02	7.2832e-03	0.043487	4
CISD3	4	5.5918e-02	7.2832e-03	0.043487	4
SLC5A10	4	5.5948e-02	7.3629e-03	0.043843	4
TBL1XR1	4	5.6036e-02	7.3629e-03	0.043843	3
KCNJ1	4	5.6102e-02	7.3635e-03	0.043843	4
TMEM199	4	5.6154e-02	7.3635e-03	0.043843	3
CDC27	4	5.6156e-02	7.3635e-03	0.043843	4
NSUN2	4	5.6168e-02	7.3635e-03	0.043843	4
CDH15	4	5.6175e-02	7.3635e-03	0.043843	3
UBE2Z	4	5.6216e-02	7.3635e-03	0.043843	4
GTF2H5	4	5.6234e-02	7.3635e-03	0.043843	4
RAD9A	4	5.6258e-02	7.4567e-03	0.044031	4
UBE3D	4	5.6272e-02	7.4567e-03	0.044031	4
KREMEN2	4	5.6416e-02	7.4567e-03	0.044031	4
PRKAA2	4	5.6470e-02	7.4567e-03	0.044031	3
FAM53C	4	5.6485e-02	7.4567e-03	0.044031	4
EXTL1	4	5.6542e-02	7.4567e-03	0.044031	4
KRTAP20-3	4	5.6562e-02	7.4567e-03	0.044031	2
ZNF714	4	5.6572e-02	7.4567e-03	0.044031	4
TMEM95	4	5.6629e-02	7.4567e-03	0.044031	3
ST18	4	5.6707e-02	7.4567e-03	0.044031	4
GSX1	4	5.6752e-02	7.4567e-03	0.044031	4
PKD1L1	4	5.6757e-02	7.4567e-03	0.044031	3
PPFIA1	4	5.6783e-02	7.4572e-03	0.044031	2
SPATA31A5	4	5.6809e-02	7.4572e-03	0.044031	4
RBM47	4	5.6818e-02	7.4572e-03	0.044031	4
CDK5RAP3	4	5.6823e-02	7.4572e-03	0.044031	3
SLK	4	5.6831e-02	7.4572e-03	0.044031	3
OR5I1	4	5.6845e-02	7.4572e-03	0.044031	4
SDCCAG3	4	5.6901e-02	7.4572e-03	0.044031	3
HYAL3	4	5.6924e-02	7.4572e-03	0.044031	4
MRPL12	4	5.6992e-02	7.4572e-03	0.044031	3
PMFBP1	4	5.7018e-02	7.4572e-03	0.044031	3
PCMTD1	4	5.7072e-02	7.4572e-03	0.044031	3
TSR3	4	5.7081e-02	7.4572e-03	0.044031	4
FMNL3	4	5.7195e-02	7.4572e-03	0.044031	4
CLUL1	4	5.7239e-02	7.4572e-03	0.044031	3
NLRP6	4	5.7304e-02	7.4572e-03	0.044031	4
DYNC1LI2	4	5.7322e-02	7.5422e-03	0.044307	3
C7orf34	4	5.7342e-02	7.5422e-03	0.044307	3
COX6A1	4	5.7389e-02	7.5422e-03	0.044307	4
CFAP74	4	5.7441e-02	7.5422e-03	0.044307	4
FAM86B1	4	5.7474e-02	7.5422e-03	0.044307	4
GPR78	4	5.7553e-02	7.5422e-03	0.044307	4
PRUNE	4	5.7588e-02	7.5422e-03	0.044307	3
DDX19B	4	5.7592e-02	7.5422e-03	0.044307	2
SART1	4	5.7683e-02	7.5427e-03	0.044307	3
MAG	4	5.7730e-02	7.5427e-03	0.044307	2
ZNF202	4	5.7760e-02	7.5427e-03	0.044307	4
LMX1B	4	5.7912e-02	7.5427e-03	0.044307	4
KRTAP1-1	4	5.7937e-02	7.5427e-03	0.044307	4
TNFAIP8L2-SCNM1	4	5.7992e-02	7.6401e-03	0.044307	4
PDSS2	4	5.8051e-02	7.6401e-03	0.044307	3
H3F3B	4	5.8064e-02	7.6401e-03	0.044307	3
INHBC	4	5.8102e-02	7.6401e-03	0.044307	4
ZNF728	4	5.8102e-02	7.6401e-03	0.044307	4
HIRA	4	5.8175e-02	7.6401e-03	0.044307	2
CALML6	4	5.8182e-02	7.6401e-03	0.044307	4
PELI1	4	5.8215e-02	7.6401e-03	0.044307	4
HSD17B3	4	5.8297e-02	7.6401e-03	0.044307	3
NECAP1	4	5.8336e-02	7.6401e-03	0.044307	3
KRAS	4	5.8352e-02	7.6401e-03	0.044307	3
EIF1	4	5.8406e-02	7.6401e-03	0.044307	3
USP19	4	5.8423e-02	7.6401e-03	0.044307	3
C3orf36	4	5.8433e-02	7.6401e-03	0.044307	4
CDON	4	5.8519e-02	7.6401e-03	0.044307	4
PRMT7	4	5.8569e-02	7.6401e-03	0.044307	4
COL4A4	4	5.8582e-02	7.6401e-03	0.044307	3
MAPK4	4	5.8590e-02	7.6401e-03	0.044307	4
TBC1D13	4	5.8649e-02	7.6401e-03	0.044307	4
GOLGA4	4	5.8670e-02	7.6401e-03	0.044307	4
FAM104A	4	5.8710e-02	7.6406e-03	0.044307	4
TKT	4	5.8732e-02	7.6406e-03	0.044307	3
TBX5	4	5.8735e-02	7.6406e-03	0.044307	2
GOLGA8M	4	5.8821e-02	7.6406e-03	0.044307	3
ORC4	4	5.8873e-02	7.6406e-03	0.044307	2
GPKOW	4	5.8882e-02	7.6406e-03	0.044307	2
YBEY	4	5.8889e-02	7.6406e-03	0.044307	4
ATG16L1	4	5.8920e-02	7.6406e-03	0.044307	2
ACVR1B	4	5.9007e-02	7.6406e-03	0.044307	4
HEXIM1	4	5.9014e-02	7.6406e-03	0.044307	3
NASP	4	5.9030e-02	7.6406e-03	0.044307	2
GLYR1	4	5.9050e-02	7.6406e-03	0.044307	4
HIST2H2BF	4	5.9066e-02	7.6406e-03	0.044307	4
RNASE11	4	5.9106e-02	7.6406e-03	0.044307	3
COA5	4	5.9114e-02	7.6406e-03	0.044307	3
LDB1	4	5.9218e-02	7.6406e-03	0.044307	4
NPPB	4	5.9257e-02	7.6406e-03	0.044307	2
MAMDC2	4	5.9299e-02	7.6406e-03	0.044307	4
PCDHA2	4	5.9323e-02	7.6406e-03	0.044307	4
HIST2H3A	4	5.9343e-02	7.6406e-03	0.044307	3
ZNF417	4	5.9348e-02	7.6406e-03	0.044307	4
CHD7	4	5.9386e-02	7.6406e-03	0.044307	4
OR8B2	4	5.9401e-02	7.6406e-03	0.044307	3
CCDC80	4	5.9409e-02	7.6406e-03	0.044307	3
SRPK2	4	5.9423e-02	7.6406e-03	0.044307	4
CXCL14	4	5.9442e-02	7.6406e-03	0.044307	4
EDN2	4	5.9516e-02	7.7312e-03	0.044551	4
LIM2	4	5.9561e-02	7.7312e-03	0.044551	3
VCY	4	5.9569e-02	7.7312e-03	0.044551	3
LIMS3L	4	5.9585e-02	7.7312e-03	0.044551	3
CCR4	4	5.9649e-02	7.7312e-03	0.044551	3
PRR14	4	5.9669e-02	7.7312e-03	0.044551	3
KIF2A	4	5.9721e-02	7.7312e-03	0.044551	3
TJAP1	4	5.9727e-02	7.7312e-03	0.044551	2
PTPRU	4	5.9754e-02	7.7312e-03	0.044551	4
WDR72	4	5.9807e-02	7.7312e-03	0.044551	4
FAM174B	4	5.9807e-02	7.7312e-03	0.044551	4
CCND2	4	5.9842e-02	7.7312e-03	0.044551	3
FIGN	4	5.9897e-02	7.7318e-03	0.044551	4
FAM217B	4	5.9960e-02	7.7318e-03	0.044551	4
ZNF790	4	5.9962e-02	7.7318e-03	0.044551	3
SKA1	4	5.9968e-02	7.7318e-03	0.044551	3
RNF19A	4	6.0042e-02	7.7318e-03	0.044551	4
ANKRD49	4	6.0099e-02	7.7318e-03	0.044551	3
TEAD4	4	6.0205e-02	7.7318e-03	0.044551	4
DCLK3	4	6.0230e-02	7.7318e-03	0.044551	4
TBC1D3F	4	6.0252e-02	7.7318e-03	0.044551	3
CCDC97	4	6.0340e-02	7.8390e-03	0.044701	3
SETDB2	4	6.0373e-02	7.8390e-03	0.044701	3
MMD	4	6.0380e-02	7.8390e-03	0.044701	3
KRTAP4-2	4	6.0453e-02	7.8390e-03	0.044701	3
DNAAF5	4	6.0513e-02	7.8390e-03	0.044701	2
SMIM4	4	6.0520e-02	7.8390e-03	0.044701	4
HMGCLL1	4	6.0561e-02	7.8390e-03	0.044701	4
PIK3CA	4	6.0713e-02	7.8390e-03	0.044701	2
OPN1MW2	4	6.0716e-02	7.8390e-03	0.044701	3
DNAJA4	4	6.0727e-02	7.8390e-03	0.044701	2
KLF16	4	6.0728e-02	7.8390e-03	0.044701	4
YY1	4	6.0780e-02	7.8390e-03	0.044701	2
GATSL3	4	6.0811e-02	7.8390e-03	0.044701	4
OXA1L	4	6.0887e-02	7.8395e-03	0.044701	2
MOV10	4	6.0893e-02	7.8395e-03	0.044701	4
B3GNT3	4	6.0909e-02	7.8395e-03	0.044701	4
NACAD	4	6.0931e-02	7.8395e-03	0.044701	4
KRT81	4	6.0954e-02	7.8395e-03	0.044701	2
INSIG1	4	6.1001e-02	7.8395e-03	0.044701	4
ZNF608	4	6.1020e-02	7.8395e-03	0.044701	4
HIST1H2AI	4	6.1109e-02	7.8395e-03	0.044701	4
ABCA2	4	6.1198e-02	7.8395e-03	0.044701	4
TCEB3C	4	6.1207e-02	7.8395e-03	0.044701	3
GPRC5D	4	6.1211e-02	7.8395e-03	0.044701	4
LEFTY1	4	6.1236e-02	7.8395e-03	0.044701	4
MATR3	4	6.1268e-02	7.8395e-03	0.044701	4
C22orf24	4	6.1281e-02	7.8395e-03	0.044701	4
CLEC18C	4	6.1293e-02	7.8395e-03	0.044701	4
GDE1	4	6.1335e-02	7.8395e-03	0.044701	4
RPS6KA4	4	6.1335e-02	7.8395e-03	0.044701	4
PRAMEF9	4	6.1337e-02	7.8395e-03	0.044701	3
LCN1	4	6.1357e-02	7.8395e-03	0.044701	2
WSB1	4	6.1402e-02	7.8395e-03	0.044701	4
ASB18	4	6.1440e-02	7.8395e-03	0.044701	4
CAPN14	4	6.1459e-02	7.8395e-03	0.044701	4
TASP1	4	6.1523e-02	7.9338e-03	0.045080	4
SLC25A28	4	6.1525e-02	7.9338e-03	0.045080	3
RFFL	4	6.1585e-02	7.9338e-03	0.045080	3
KRTAP5-5	4	6.1600e-02	7.9338e-03	0.045080	4
SCN3B	4	6.1600e-02	7.9338e-03	0.045080	4
PYCARD	4	6.1645e-02	7.9338e-03	0.045080	4
ABHD5	4	6.1652e-02	7.9338e-03	0.045080	3
CTAG1B	4	6.1715e-02	7.9343e-03	0.045080	4
PYGB	4	6.1773e-02	7.9343e-03	0.045080	4
ZNF19	4	6.1773e-02	7.9343e-03	0.045080	4
POLRMT	4	6.1773e-02	7.9343e-03	0.045080	4
PHKG1	4	6.1806e-02	7.9343e-03	0.045080	3
CYB5R4	4	6.1848e-02	7.9913e-03	0.045353	3
PDCD6IP	4	6.1909e-02	7.9918e-03	0.045353	3
C6	4	6.1914e-02	7.9918e-03	0.045353	4
ZNF184	4	6.1917e-02	7.9918e-03	0.045353	3
IGSF10	4	6.1975e-02	8.1022e-03	0.045873	4
FERMT3	4	6.1975e-02	8.1022e-03	0.045873	4
CLSTN1	4	6.2013e-02	8.1022e-03	0.045873	4
PIGA	4	6.2036e-02	8.1022e-03	0.045873	3
MAGEA12	4	6.2068e-02	8.1022e-03	0.045873	4
ATF4	4	6.2068e-02	8.1022e-03	0.045873	4
MAFF	4	6.2068e-02	8.1022e-03	0.045873	4
CCM2L	4	6.2224e-02	8.1027e-03	0.045873	3
LMNA	4	6.2242e-02	8.1363e-03	0.046036	4
OR13J1	4	6.2242e-02	8.1363e-03	0.046036	4
ALG1L	4	6.2313e-02	8.1700e-03	0.046079	3
FXYD5	4	6.2319e-02	8.1700e-03	0.046079	3
SPOCK1	4	6.2326e-02	8.1700e-03	0.046079	4
SIMC1	4	6.2566e-02	8.1700e-03	0.046079	3
ZNF114	4	6.2611e-02	8.1700e-03	0.046079	2
SLC34A3	4	6.2651e-02	8.1700e-03	0.046079	2
RFPL3	4	6.2681e-02	8.1705e-03	0.046079	3
DNAJC14	4	6.2838e-02	8.1705e-03	0.046079	3
SERPINB4	4	6.2902e-02	8.1705e-03	0.046079	3
OR4F17	4	6.3004e-02	8.1705e-03	0.046079	3
TADA3	4	6.3044e-02	8.1705e-03	0.046079	2
FAM214A	4	6.3092e-02	8.2539e-03	0.046457	2
TMEM44	4	6.3126e-02	8.2539e-03	0.046457	3
SSBP4	4	6.3202e-02	8.2539e-03	0.046457	3
SRRM2	4	6.3214e-02	8.2545e-03	0.046457	2
ABTB1	4	6.3219e-02	8.2545e-03	0.046457	3
KRTAP10-6	4	6.3282e-02	8.2545e-03	0.046457	2
NECAB1	4	6.3316e-02	8.2545e-03	0.046457	3
ZNF679	4	6.3371e-02	8.3601e-03	0.047013	2
PIGV	4	6.3559e-02	8.3606e-03	0.047013	3
LRRC74B	4	6.3588e-02	8.3606e-03	0.047013	3
CNGB3	4	6.3626e-02	8.4503e-03	0.047422	3
PRDM15	4	6.3814e-02	8.4503e-03	0.047422	3
SOX3	4	6.3842e-02	8.4508e-03	0.047422	3
CD300E	4	6.3867e-02	8.4508e-03	0.047422	3
RGS6	4	6.3867e-02	8.4508e-03	0.047422	3
TSEN2	4	6.3970e-02	8.4508e-03	0.047422	2
ZNF524	4	6.4018e-02	8.4508e-03	0.047422	3
UTP14C	4	6.4039e-02	8.5052e-03	0.047713	3
EIF4H	4	6.4076e-02	8.5596e-03	0.047948	3
NSL1	4	6.4114e-02	8.5596e-03	0.047948	3
HIST2H2BE	4	6.4128e-02	8.5596e-03	0.047948	3
PCOLCE	4	6.4143e-02	8.5596e-03	0.047948	3
TXN2	4	6.4162e-02	8.5596e-03	0.047948	3
WDR83	4	6.4331e-02	8.6637e-03	0.048223	3
SLC26A11	4	6.4503e-02	8.6637e-03	0.048223	3
ZNF737	4	6.4524e-02	8.6637e-03	0.048223	3
IRAK1	4	6.4537e-02	8.6637e-03	0.048223	3
PTCD1	4	6.4586e-02	8.6637e-03	0.048223	3
MRPL54	4	6.4646e-02	8.6637e-03	0.048223	3
FAM71A	4	6.4692e-02	8.6637e-03	0.048223	3
IPO7	4	6.4738e-02	8.6637e-03	0.048223	3
ZNF763	4	6.4814e-02	8.6637e-03	0.048223	3
ZCWPW2	4	6.4839e-02	8.6637e-03	0.048223	3
SULT1A3	4	6.4928e-02	8.6637e-03	0.048223	3
CLEC12B	4	6.4957e-02	8.6637e-03	0.048223	2
SMPD1	4	6.5026e-02	8.6642e-03	0.048223	2
TMEM167A	4	6.5053e-02	8.6642e-03	0.048223	3
INO80B	4	6.5081e-02	8.6642e-03	0.048223	2
SEC16A	4	6.5108e-02	8.6642e-03	0.048223	3
UFC1	4	6.5117e-02	8.6642e-03	0.048223	3
NGRN	4	6.5218e-02	8.6642e-03	0.048223	2
OR52E8	4	6.5315e-02	8.6642e-03	0.048223	3
OR1G1	4	6.5329e-02	8.6642e-03	0.048223	3
ZNF597	4	6.5356e-02	8.6642e-03	0.048223	2
CLU	4	6.5599e-02	8.6642e-03	0.048223	3
SPINK7	3	6.5626e-02	1.5578e-02	0.076006	2
ITGB7	4	6.5761e-02	8.7714e-03	0.048710	3
FAM19A5	4	6.5913e-02	8.7714e-03	0.048710	3
RNF121	4	6.6066e-02	8.7714e-03	0.048710	3
RIPPLY2	4	6.6074e-02	8.7714e-03	0.048710	2
NDUFA11	4	6.6130e-02	8.7720e-03	0.048710	3
MGAT4C	4	6.6296e-02	8.7720e-03	0.048710	3
GDI2	4	6.6407e-02	8.7720e-03	0.048710	3
IL21	4	6.6450e-02	8.7720e-03	0.048710	3
KPNA1	4	6.6621e-02	8.8792e-03	0.049236	3
HEXB	4	6.6681e-02	8.8792e-03	0.049236	3
KIF5A	4	6.6702e-02	8.8797e-03	0.049236	3
ARFGAP3	4	6.6712e-02	8.8797e-03	0.049236	2
CBR4	4	6.6781e-02	8.8797e-03	0.049236	2
CIAPIN1	4	6.6990e-02	9.0040e-03	0.049900	2
TNNC2	4	6.7101e-02	9.0045e-03	0.049900	3
RELB	4	6.7230e-02	9.1045e-03	0.050369	3
CCNL1	4	6.7366e-02	9.1045e-03	0.050369	2
EFEMP2	4	6.7464e-02	9.1045e-03	0.050369	2
CYP3A7	4	6.7666e-02	9.1050e-03	0.050369	2
APOA2	4	6.7757e-02	9.1050e-03	0.050369	2
NBPF4	4	6.7760e-02	9.1050e-03	0.050369	3
RFX5	4	6.8119e-02	9.3480e-03	0.051653	3
AHNAK2	4	6.8135e-02	9.3480e-03	0.051653	3
RMND5A	4	6.8167e-02	9.3480e-03	0.051653	3
MKNK2	4	6.8253e-02	9.4568e-03	0.052197	3
SYT15	4	6.8253e-02	9.4568e-03	0.052197	3
ZNF99	4	6.8334e-02	9.4568e-03	0.052197	3
ZNF837	4	6.8436e-02	9.4573e-03	0.052197	3
CHIC2	4	6.8598e-02	9.5749e-03	0.052681	3
CDK9	4	6.8949e-02	9.5749e-03	0.052681	3
GABRG1	4	6.8954e-02	9.5749e-03	0.052681	3
TSPY1	4	6.9150e-02	9.5754e-03	0.052681	3
C10orf131	4	6.9277e-02	9.5754e-03	0.052681	3
FRZB	4	6.9290e-02	9.5754e-03	0.052681	3
CST9L	4	6.9321e-02	9.5754e-03	0.052681	3
C15orf61	4	6.9356e-02	9.5754e-03	0.052681	3
DTNB	4	6.9395e-02	9.5754e-03	0.052681	3
STRN4	4	6.9461e-02	9.5754e-03	0.052681	3
SLITRK5	4	6.9499e-02	9.5754e-03	0.052681	2
HORMAD2	4	6.9672e-02	9.6847e-03	0.053178	3
MAP3K6	4	6.9754e-02	9.6847e-03	0.053178	3
RGPD3	4	6.9756e-02	9.6847e-03	0.053178	3
ATAD3B	4	6.9883e-02	9.6847e-03	0.053178	3
SPANXC	4	7.0008e-02	9.6852e-03	0.053178	2
TOR2A	4	7.0059e-02	9.6852e-03	0.053178	3
CFAP70	4	7.0173e-02	9.6852e-03	0.053178	3
OR4X2	4	7.0320e-02	9.8210e-03	0.053787	2
RAB3D	4	7.0349e-02	9.8210e-03	0.053787	2
ZNF781	4	7.0393e-02	9.8210e-03	0.053787	2
IQCF2	4	7.0491e-02	9.8210e-03	0.053787	3
BMP15	4	7.0647e-02	9.8215e-03	0.053787	2
PRDM16	4	7.0782e-02	9.8215e-03	0.053787	2
SOST	4	7.0788e-02	9.8215e-03	0.053787	3
ABCB4	4	7.0833e-02	9.8215e-03	0.053787	2
PADI3	4	7.0841e-02	9.8215e-03	0.053787	3
FAM26F	4	7.0903e-02	9.9339e-03	0.054325	3
CTSO	4	7.0916e-02	9.9339e-03	0.054325	3
KCNG1	4	7.0934e-02	9.9339e-03	0.054325	3
METTL7A	4	7.0946e-02	9.9339e-03	0.054325	3
EIF5AL1	4	7.0956e-02	9.9339e-03	0.054325	2
MTMR1	4	7.1192e-02	1.0060e-02	0.054859	3
GLRX2	4	7.1218e-02	1.0060e-02	0.054859	3
BTBD2	4	7.1254e-02	1.0060e-02	0.054859	3
ISCA1	4	7.1272e-02	1.0060e-02	0.054859	3
TMEM251	4	7.1289e-02	1.0060e-02	0.054859	3
PAK6	4	7.1307e-02	1.0060e-02	0.054859	3
IFRD1	4	7.1637e-02	1.0060e-02	0.054859	3
RSPO2	4	7.1646e-02	1.0060e-02	0.054859	3
PTBP1	4	7.1673e-02	1.0060e-02	0.054859	3
DYRK3	4	7.1709e-02	1.0060e-02	0.054859	3
COX15	4	7.1759e-02	1.0166e-02	0.055344	3
KRTAP10-9	4	7.1763e-02	1.0166e-02	0.055344	2
GDPD1	4	7.1988e-02	1.0166e-02	0.055344	3
SLC35A1	4	7.2039e-02	1.0166e-02	0.055344	3
CLEC18B	4	7.2102e-02	1.0166e-02	0.055344	3
IMMP1L	4	7.2210e-02	1.0166e-02	0.055344	3
RNF123	4	7.2299e-02	1.0320e-02	0.056054	3
FCN1	4	7.2332e-02	1.0320e-02	0.056054	2
SMAD3	4	7.2389e-02	1.0320e-02	0.056054	3
ENSA	4	7.2416e-02	1.0320e-02	0.056054	3
TMIE	4	7.2430e-02	1.0320e-02	0.056054	3
ECSIT	4	7.2524e-02	1.0320e-02	0.056054	3
ZZZ3	4	7.2577e-02	1.0320e-02	0.056054	3
OR52A1	4	7.2656e-02	1.0320e-02	0.056054	3
HFM1	4	7.2720e-02	1.0700e-02	0.057758	3
ZC2HC1B	4	7.2767e-02	1.0700e-02	0.057758	3
RC3H1	4	7.2848e-02	1.0700e-02	0.057758	3
WDR81	4	7.2965e-02	1.0700e-02	0.057758	3
AXL	4	7.3065e-02	1.0700e-02	0.057758	3
ASCL5	4	7.3083e-02	1.0700e-02	0.057758	3
LMAN1	4	7.3150e-02	1.0700e-02	0.057758	3
B3GALT4	4	7.3180e-02	1.0700e-02	0.057758	2
PIK3R4	4	7.3210e-02	1.0700e-02	0.057758	3
ZFP37	4	7.3210e-02	1.0700e-02	0.057758	2
NFKBIA	4	7.3254e-02	1.0700e-02	0.057758	3
PRPF39	4	7.3412e-02	1.0700e-02	0.057758	3
OR2A1	4	7.3535e-02	1.0701e-02	0.057758	3
JMJD6	4	7.3547e-02	1.0701e-02	0.057758	2
GCC1	4	7.3665e-02	1.0701e-02	0.057758	3
SMNDC1	4	7.3759e-02	1.0701e-02	0.057758	2
BBIP1	4	7.3780e-02	1.0701e-02	0.057758	3
PIAS4	4	7.3925e-02	1.0701e-02	0.057758	3
ZBTB3	4	7.3934e-02	1.0701e-02	0.057758	3
TBP	4	7.4019e-02	1.0701e-02	0.057758	3
KIAA1211L	4	7.4253e-02	1.0701e-02	0.057758	3
CLEC19A	4	7.4266e-02	1.0701e-02	0.057758	3
GZF1	4	7.4396e-02	1.0830e-02	0.058276	2
CT47A6	4	7.4401e-02	1.0830e-02	0.058276	3
HIST1H3B	4	7.4463e-02	1.0830e-02	0.058276	3
RAF1	4	7.4527e-02	1.0830e-02	0.058276	3
PABPC1L2B	4	7.4541e-02	1.0830e-02	0.058276	3
HOPX	4	7.4582e-02	1.0830e-02	0.058276	3
ATL2	4	7.4592e-02	1.0830e-02	0.058276	3
ARC	4	7.4673e-02	1.0830e-02	0.058276	3
MAGEL2	4	7.4902e-02	1.0830e-02	0.058276	3
TRIM56	4	7.4925e-02	1.0830e-02	0.058276	3
CHRM3	4	7.4994e-02	1.0830e-02	0.058276	3
POLR3G	4	7.5072e-02	1.0984e-02	0.059026	2
ADAMTSL3	4	7.5163e-02	1.0984e-02	0.059026	3
NDEL1	4	7.5163e-02	1.0984e-02	0.059026	3
C7orf55-LUC7L2	4	7.5225e-02	1.0985e-02	0.059026	2
PSMC6	4	7.5353e-02	1.0985e-02	0.059026	2
ADGB	4	7.5386e-02	1.1103e-02	0.059641	2
C3orf18	4	7.5600e-02	1.1269e-02	0.060503	3
SNAPC3	4	7.5604e-02	1.1269e-02	0.060503	3
SORT1	4	7.5648e-02	1.1409e-02	0.060827	2
RARRES1	4	7.5678e-02	1.1409e-02	0.060827	2
AGRN	4	7.5794e-02	1.1409e-02	0.060827	3
PGK2	4	7.5865e-02	1.1409e-02	0.060827	2
GOLGA6D	4	7.5911e-02	1.1409e-02	0.060827	3
EMP1	4	7.5914e-02	1.1409e-02	0.060827	3
MOGAT2	4	7.5926e-02	1.1409e-02	0.060827	3
C10orf54	4	7.5932e-02	1.1409e-02	0.060827	3
UBXN1	4	7.6062e-02	1.1409e-02	0.060827	3
TRIM29	4	7.6160e-02	1.1409e-02	0.060827	2
LDHD	4	7.6191e-02	1.1409e-02	0.060827	3
PAFAH1B2	3	7.6202e-02	1.7807e-02	0.085685	3
AGPAT3	4	7.6234e-02	1.1409e-02	0.060827	3
TAF11	4	7.6247e-02	1.1409e-02	0.060827	3
CENPP	4	7.6277e-02	1.1409e-02	0.060827	3
SCGB3A2	4	7.6376e-02	1.1409e-02	0.060827	3
MRPS17	4	7.6395e-02	1.1409e-02	0.060827	3
MGEA5	4	7.6424e-02	1.1409e-02	0.060827	3
C10orf120	4	7.6451e-02	1.1409e-02	0.060827	3
IL6ST	4	7.6460e-02	1.1409e-02	0.060827	3
BAGE2	4	7.6703e-02	1.1409e-02	0.060827	3
SLC27A1	4	7.6757e-02	1.1409e-02	0.060827	3
GRN	4	7.6841e-02	1.1409e-02	0.060827	3
ADH5	4	7.6953e-02	1.1409e-02	0.060827	3
GPR153	4	7.6980e-02	1.1409e-02	0.060827	3
ATOH1	4	7.7026e-02	1.1409e-02	0.060827	2
OR2B3	4	7.7139e-02	1.1554e-02	0.061514	3
SRSF6	4	7.7167e-02	1.1554e-02	0.061514	3
RHPN2	4	7.7204e-02	1.1554e-02	0.061514	3
H3F3C	4	7.7348e-02	1.1554e-02	0.061514	3
TNFRSF1A	4	7.7437e-02	1.1554e-02	0.061514	3
ZNF639	4	7.7570e-02	1.1688e-02	0.062039	2
MFSD2B	4	7.7596e-02	1.1688e-02	0.062039	3
SH3PXD2A	4	7.7662e-02	1.1688e-02	0.062039	3
ATP5G3	4	7.7690e-02	1.1688e-02	0.062039	2
ANTXRL	4	7.7926e-02	1.1688e-02	0.062039	3
GSTM4	4	7.7943e-02	1.1688e-02	0.062039	3
SRXN1	4	7.8140e-02	1.1688e-02	0.062039	3
SLC16A8	4	7.8237e-02	1.1688e-02	0.062039	3
ANGPT2	4	7.8251e-02	1.1688e-02	0.062039	3
ZMAT3	4	7.8290e-02	1.1688e-02	0.062039	3
TMEM194B	4	7.8309e-02	1.1688e-02	0.062039	3
SRD5A1	4	7.8563e-02	1.1960e-02	0.063362	3
MED29	4	7.8591e-02	1.1961e-02	0.063362	3
HIST1H2AK	4	7.8610e-02	1.1961e-02	0.063362	3
VCX3B	4	7.8622e-02	1.1961e-02	0.063362	3
NEUROG2	4	7.8726e-02	1.1961e-02	0.063362	2
ST20-MTHFS	4	7.8737e-02	1.1961e-02	0.063362	2
ARHGAP1	4	7.8748e-02	1.1961e-02	0.063362	3
ICT1	4	7.8837e-02	1.2108e-02	0.064037	3
STX1B	4	7.8922e-02	1.2108e-02	0.064037	3
ST20	4	7.9029e-02	1.2109e-02	0.064037	2
NID1	4	7.9082e-02	1.2109e-02	0.064037	3
SCGN	4	7.9127e-02	1.2109e-02	0.064037	2
HIST3H2A	4	7.9139e-02	1.2109e-02	0.064037	3
LY96	4	7.9320e-02	1.2400e-02	0.065562	2
TREX2	4	7.9452e-02	1.2561e-02	0.066251	3
TTC29	4	7.9471e-02	1.2561e-02	0.066251	3
PITPNM3	4	7.9484e-02	1.2561e-02	0.066251	2
NDUFS3	4	7.9641e-02	1.2561e-02	0.066251	3
TTC33	4	7.9670e-02	1.2561e-02	0.066251	3
S1PR1	4	7.9755e-02	1.2562e-02	0.066251	3
DMWD	4	7.9822e-02	1.2562e-02	0.066251	3
NLRP4	4	7.9850e-02	1.2562e-02	0.066251	3
KRT16	4	7.9879e-02	1.2562e-02	0.066251	3
LACTBL1	4	8.0003e-02	1.2708e-02	0.066347	3
ZFP91	4	8.0022e-02	1.2708e-02	0.066347	3
MPP2	4	8.0060e-02	1.2708e-02	0.066347	3
SUMO4	4	8.0163e-02	1.2708e-02	0.066347	2
LEMD3	4	8.0212e-02	1.2708e-02	0.066347	3
LOX	4	8.0241e-02	1.2708e-02	0.066347	3
BDP1	4	8.0320e-02	1.2708e-02	0.066347	3
LMCD1	4	8.0454e-02	1.2708e-02	0.066347	2
NOS1AP	4	8.0480e-02	1.2708e-02	0.066347	3
REST	4	8.0499e-02	1.2708e-02	0.066347	3
XAGE1E	4	8.0627e-02	1.2708e-02	0.066347	2
ARHGAP20	4	8.0757e-02	1.2708e-02	0.066347	3
KRTAP9-2	4	8.0769e-02	1.2708e-02	0.066347	2
FAIM2	4	8.0784e-02	1.2708e-02	0.066347	2
XYLT1	4	8.0795e-02	1.2708e-02	0.066347	3
NIPSNAP3B	4	8.0814e-02	1.2708e-02	0.066347	3
HIGD1A	4	8.0844e-02	1.2708e-02	0.066347	3
SRCAP	4	8.0986e-02	1.2708e-02	0.066347	3
LOC339862	4	8.0997e-02	1.2708e-02	0.066347	3
PKP3	4	8.1009e-02	1.2708e-02	0.066347	3
SHCBP1	4	8.1054e-02	1.2708e-02	0.066347	3
POTEG	4	8.1116e-02	1.2708e-02	0.066347	3
GRB14	4	8.1131e-02	1.2708e-02	0.066347	3
ARPP19	4	8.1174e-02	1.2708e-02	0.066347	2
FZD9	4	8.1189e-02	1.2708e-02	0.066347	2
HAPLN1	4	8.1249e-02	1.2708e-02	0.066347	2
TECTA	4	8.1399e-02	1.2708e-02	0.066347	3
EIF3K	4	8.1535e-02	1.2708e-02	0.066347	3
SPRR2A	4	8.1554e-02	1.2708e-02	0.066347	3
PHOSPHO1	4	8.1612e-02	1.2708e-02	0.066347	3
SIPA1L2	4	8.1621e-02	1.2708e-02	0.066347	3
SEPW1	4	8.1648e-02	1.2708e-02	0.066347	2
PPP1R32	4	8.1660e-02	1.2708e-02	0.066347	3
CD1C	4	8.1670e-02	1.2708e-02	0.066347	3
LHFPL1	4	8.1670e-02	1.2708e-02	0.066347	2
IFNLR1	4	8.1693e-02	1.2708e-02	0.066347	2
GOT2	4	8.1896e-02	1.2708e-02	0.066347	3
SRSF12	4	8.2123e-02	1.3025e-02	0.067343	3
CYLC2	4	8.2162e-02	1.3025e-02	0.067343	3
CAPN15	4	8.2220e-02	1.3025e-02	0.067343	3
DND1	4	8.2230e-02	1.3025e-02	0.067343	3
AP1AR	4	8.2433e-02	1.3025e-02	0.067343	3
RILPL1	4	8.2462e-02	1.3025e-02	0.067343	3
TCL1A	4	8.2549e-02	1.3025e-02	0.067343	3
CHD3	4	8.2606e-02	1.3025e-02	0.067343	3
CRYBA2	4	8.2681e-02	1.3025e-02	0.067343	3
POU5F1	4	8.2724e-02	1.3025e-02	0.067343	3
PPP2R5C	4	8.2802e-02	1.3025e-02	0.067343	2
TTL	4	8.2850e-02	1.3025e-02	0.067343	3
KY	4	8.2863e-02	1.3025e-02	0.067343	3
CUL4B	4	8.2901e-02	1.3025e-02	0.067343	3
RHOQ	4	8.2901e-02	1.3025e-02	0.067343	3
COL20A1	4	8.2931e-02	1.3025e-02	0.067343	3
PIN4	4	8.3045e-02	1.3026e-02	0.067343	3
C1orf86	4	8.3064e-02	1.3026e-02	0.067343	3
MRFAP1L1	4	8.3155e-02	1.3026e-02	0.067343	2
BMP10	4	8.3200e-02	1.3026e-02	0.067343	3
LURAP1	4	8.3312e-02	1.3026e-02	0.067343	3
EXOSC3	4	8.3470e-02	1.3026e-02	0.067343	3
WTH3DI	4	8.3538e-02	1.3026e-02	0.067343	3
SYTL5	4	8.3581e-02	1.3026e-02	0.067343	3
MED1	4	8.3621e-02	1.3026e-02	0.067343	2
ZNF664-FAM101A	4	8.3630e-02	1.3026e-02	0.067343	3
TTLL9	4	8.3669e-02	1.3026e-02	0.067343	3
VN1R5	4	8.3703e-02	1.3026e-02	0.067343	3
MTRNR2L7	4	8.3728e-02	1.3026e-02	0.067343	3
CD79B	4	8.3788e-02	1.3026e-02	0.067343	3
CCDC113	4	8.3864e-02	1.3026e-02	0.067343	2
HOXD9	4	8.3923e-02	1.3026e-02	0.067343	3
C14orf37	4	8.3933e-02	1.3026e-02	0.067343	3
CXCL1	4	8.3972e-02	1.3026e-02	0.067343	3
MIB1	4	8.4124e-02	1.3026e-02	0.067343	3
AK4	4	8.4129e-02	1.3026e-02	0.067343	3
CCDC151	4	8.4139e-02	1.3202e-02	0.067704	3
MRPL9	4	8.4188e-02	1.3202e-02	0.067704	3
ZNF444	4	8.4256e-02	1.3202e-02	0.067704	3
DYNAP	4	8.4296e-02	1.3202e-02	0.067704	3
CLN6	4	8.4306e-02	1.3202e-02	0.067704	3
WNK1	4	8.4390e-02	1.3202e-02	0.067704	2
FBXO25	4	8.4492e-02	1.3202e-02	0.067704	3
CCDC23	4	8.4531e-02	1.3202e-02	0.067704	3
TTLL3	4	8.4644e-02	1.3202e-02	0.067704	3
LILRB3	4	8.4657e-02	1.3202e-02	0.067704	2
KHSRP	4	8.4728e-02	1.3202e-02	0.067704	3
CHRD	4	8.4738e-02	1.3202e-02	0.067704	3
IGFN1	4	8.4764e-02	1.3202e-02	0.067704	3
SMIM8	4	8.4825e-02	1.3202e-02	0.067704	2
ANKRD22	4	8.4836e-02	1.3202e-02	0.067704	3
ATAD1	4	8.4896e-02	1.3202e-02	0.067704	3
ZSWIM2	4	8.4985e-02	1.3202e-02	0.067704	2
DNTTIP1	4	8.5053e-02	1.3202e-02	0.067704	3
FOXJ1	4	8.5069e-02	1.3202e-02	0.067704	2
VWA7	4	8.5177e-02	1.3202e-02	0.067704	3
RAB12	4	8.5177e-02	1.3202e-02	0.067704	3
AKAP8	4	8.5406e-02	1.3202e-02	0.067704	3
BIN2	4	8.5452e-02	1.3202e-02	0.067704	2
LTBP3	4	8.5529e-02	1.3202e-02	0.067704	2
SRP14	4	8.5624e-02	1.3202e-02	0.067704	1
ZNF284	4	8.5646e-02	1.3202e-02	0.067704	3
CLDN6	4	8.5728e-02	1.3202e-02	0.067704	3
CSRP2BP	4	8.5920e-02	1.3202e-02	0.067704	3
C2orf68	4	8.6033e-02	1.3202e-02	0.067704	3
DDX43	4	8.6083e-02	1.3202e-02	0.067704	3
GATM	4	8.6143e-02	1.3355e-02	0.068124	2
ISCA2	4	8.6189e-02	1.3355e-02	0.068124	3
ZNF579	4	8.6212e-02	1.3355e-02	0.068124	3
KIAA2022	4	8.6262e-02	1.3355e-02	0.068124	3
HGS	4	8.6411e-02	1.3355e-02	0.068124	3
TRIM69	4	8.6501e-02	1.3355e-02	0.068124	3
COX7A2	4	8.6512e-02	1.3355e-02	0.068124	2
DPEP2	4	8.6543e-02	1.3355e-02	0.068124	3
DOCK10	4	8.6606e-02	1.3355e-02	0.068124	3
PPM1H	4	8.6627e-02	1.3355e-02	0.068124	2
CDO1	4	8.6650e-02	1.3355e-02	0.068124	2
KERA	4	8.6712e-02	1.3355e-02	0.068124	2
HHIPL1	4	8.6720e-02	1.3355e-02	0.068124	3
SLC25A31	4	8.6730e-02	1.3355e-02	0.068124	3
GAR1	4	8.6774e-02	1.3355e-02	0.068124	2
ZCCHC8	4	8.7005e-02	1.3355e-02	0.068124	3
RGL1	4	8.7175e-02	1.3355e-02	0.068124	2
SYN1	4	8.7190e-02	1.3355e-02	0.068124	3
SDR9C7	4	8.7340e-02	1.3355e-02	0.068124	3
UQCRB	4	8.7390e-02	1.3355e-02	0.068124	3
FOXP4	4	8.7499e-02	1.3517e-02	0.068820	2
CEACAM20	4	8.7631e-02	1.3517e-02	0.068820	3
UCP3	4	8.7662e-02	1.3517e-02	0.068820	3
PNMA2	4	8.7691e-02	1.3517e-02	0.068820	3
UFD1L	4	8.7692e-02	1.3517e-02	0.068820	2
ST3GAL1	4	8.7777e-02	1.3517e-02	0.068820	3
EXOC7	4	8.7812e-02	1.3517e-02	0.068820	3
OR6N1	4	8.7842e-02	1.3675e-02	0.068982	3
HEG1	4	8.7852e-02	1.3675e-02	0.068982	3
SNTB1	4	8.7901e-02	1.3675e-02	0.068982	2
PTPRZ1	4	8.7948e-02	1.3675e-02	0.068982	3
GOLGA8R	4	8.7987e-02	1.3675e-02	0.068982	2
TAF3	4	8.7992e-02	1.3675e-02	0.068982	2
OR10V1	4	8.8087e-02	1.3675e-02	0.068982	3
CPT2	4	8.8184e-02	1.3675e-02	0.068982	3
GNAL	4	8.8204e-02	1.3675e-02	0.068982	3
CT47A8	4	8.8227e-02	1.3675e-02	0.068982	3
TMEM132B	4	8.8255e-02	1.3675e-02	0.068982	3
ZNF439	4	8.8258e-02	1.3675e-02	0.068982	3
PYGO1	4	8.8289e-02	1.3675e-02	0.068982	3
ERLIN2	4	8.8466e-02	1.3675e-02	0.068982	3
SYCP1	4	8.8561e-02	1.3675e-02	0.068982	2
COG1	4	8.8571e-02	1.3675e-02	0.068982	1
GOLM1	4	8.8744e-02	1.3675e-02	0.068982	3
EEF1E1	4	8.8764e-02	1.3675e-02	0.068982	3
UBB	4	8.8871e-02	1.3675e-02	0.068982	3
C17orf100	4	8.8891e-02	1.3675e-02	0.068982	3
PPP1R14D	4	8.8926e-02	1.3675e-02	0.068982	3
SLBP	4	8.8942e-02	1.3675e-02	0.068982	3
GGTLC1	4	8.8957e-02	1.3675e-02	0.068982	2
TMPRSS11E	4	8.8992e-02	1.3675e-02	0.068982	3
PTPRS	4	8.8996e-02	1.3675e-02	0.068982	2
IQCF1	4	8.9002e-02	1.3675e-02	0.068982	3
NPM3	4	8.9033e-02	1.3675e-02	0.068982	3
KIAA1407	4	8.9066e-02	1.3675e-02	0.068982	2
SMIM7	4	8.9083e-02	1.3675e-02	0.068982	3
CTDSP1	4	8.9113e-02	1.3675e-02	0.068982	2
EHD4	4	8.9124e-02	1.3675e-02	0.068982	3
NUDT1	4	8.9191e-02	1.3675e-02	0.068982	3
PI4KB	4	8.9306e-02	1.3675e-02	0.068982	3
C10orf142	4	8.9327e-02	1.3675e-02	0.068982	3
LRWD1	4	8.9418e-02	1.3675e-02	0.068982	3
HIST1H4A	4	8.9454e-02	1.3844e-02	0.069671	3
MMP23B	4	8.9487e-02	1.3844e-02	0.069671	2
KIN	4	8.9502e-02	1.3844e-02	0.069671	3
TMEM240	4	8.9518e-02	1.3844e-02	0.069671	3
DNASE2B	4	8.9560e-02	1.3844e-02	0.069671	3
FAM166A	4	8.9591e-02	1.3844e-02	0.069671	3
CTAGE8	4	8.9662e-02	1.3844e-02	0.069671	3
BID	4	8.9690e-02	1.3844e-02	0.069671	2
LSR	4	8.9774e-02	1.3844e-02	0.069671	3
TMEM194A	4	8.9871e-02	1.3998e-02	0.070281	3
SOX6	4	8.9978e-02	1.3998e-02	0.070281	3
HDAC10	4	8.9986e-02	1.3998e-02	0.070281	3
GRTP1	4	9.0002e-02	1.3999e-02	0.070281	2
PCDHGB3	4	9.0029e-02	1.3999e-02	0.070281	3
HPCAL4	4	9.0033e-02	1.3999e-02	0.070281	2
BRIP1	4	9.0113e-02	1.3999e-02	0.070281	2
NLN	4	9.0120e-02	1.3999e-02	0.070281	3
NAB1	4	9.0127e-02	1.3999e-02	0.070281	3
RGL4	4	9.0182e-02	1.4182e-02	0.071073	3
NIF3L1	4	9.0192e-02	1.4182e-02	0.071073	3
FBP2	4	9.0233e-02	1.4182e-02	0.071073	3
CXCR5	4	9.0268e-02	1.4182e-02	0.071073	3
STXBP6	4	9.0340e-02	1.4183e-02	0.071073	3
CCDC86	4	9.0362e-02	1.4183e-02	0.071073	2
FGGY	4	9.0417e-02	1.4183e-02	0.071073	3
PHF23	4	9.0529e-02	1.4358e-02	0.071151	3
RASGRP4	4	9.0539e-02	1.4358e-02	0.071151	3
TMED5	4	9.0601e-02	1.4358e-02	0.071151	3
MAL	4	9.0621e-02	1.4358e-02	0.071151	3
CGB1	4	9.0642e-02	1.4358e-02	0.071151	3
TEFM	4	9.0692e-02	1.4358e-02	0.071151	3
KIAA0100	4	9.0749e-02	1.4358e-02	0.071151	3
RALYL	4	9.0764e-02	1.4358e-02	0.071151	3
MALSU1	4	9.0926e-02	1.4358e-02	0.071151	2
SLC30A1	4	9.0975e-02	1.4358e-02	0.071151	3
MYCL	4	9.1012e-02	1.4358e-02	0.071151	2
NMT1	4	9.1072e-02	1.4358e-02	0.071151	3
SCYL1	4	9.1170e-02	1.4358e-02	0.071151	3
PPM1G	4	9.1208e-02	1.4358e-02	0.071151	2
TRMT10A	4	9.1240e-02	1.4358e-02	0.071151	2
TMPRSS11B	4	9.1267e-02	1.4358e-02	0.071151	3
QRFP	4	9.1287e-02	1.4358e-02	0.071151	2
ZNF235	4	9.1293e-02	1.4358e-02	0.071151	3
DEPTOR	4	9.1375e-02	1.4358e-02	0.071151	3
CT47A2	4	9.1524e-02	1.4358e-02	0.071151	3
HOXD12	4	9.1586e-02	1.4358e-02	0.071151	3
COL12A1	4	9.1679e-02	1.4358e-02	0.071151	3
HMGN3	4	9.1743e-02	1.4358e-02	0.071151	2
ST13	4	9.1787e-02	1.4358e-02	0.071151	3
CNNM4	4	9.1802e-02	1.4358e-02	0.071151	3
PLCG1	4	9.1895e-02	1.4358e-02	0.071151	3
DPH3P1	4	9.1916e-02	1.4358e-02	0.071151	2
SAPCD2	4	9.1937e-02	1.4358e-02	0.071151	3
CMC4	4	9.1947e-02	1.4358e-02	0.071151	3
VGLL3	4	9.1964e-02	1.4358e-02	0.071151	2
SPG11	4	9.1995e-02	1.4358e-02	0.071151	3
BTBD6	4	9.1999e-02	1.4358e-02	0.071151	3
COPZ2	4	9.2058e-02	1.4358e-02	0.071151	2
SIRT4	4	9.2153e-02	1.4358e-02	0.071151	3
FNBP4	4	9.2184e-02	1.4358e-02	0.071151	2
CDIP1	4	9.2226e-02	1.4358e-02	0.071151	3
ACTN3	4	9.2277e-02	1.4358e-02	0.071151	3
TYMSOS	4	9.2319e-02	1.4358e-02	0.071151	3
RABIF	4	9.2405e-02	1.4358e-02	0.071151	2
NDUFB1	4	9.2421e-02	1.4358e-02	0.071151	2
HERPUD1	4	9.2433e-02	1.4358e-02	0.071151	3
TJP3	4	9.2492e-02	1.4358e-02	0.071151	2
TRAM1	4	9.2516e-02	1.4358e-02	0.071151	2
DUSP21	4	9.2769e-02	1.4529e-02	0.071980	3
PIGH	4	9.2816e-02	1.4683e-02	0.072538	2
FAM212A	4	9.2816e-02	1.4683e-02	0.072538	3
SMIM12	4	9.2863e-02	1.4683e-02	0.072538	3
IL32	4	9.2920e-02	1.4683e-02	0.072538	3
C12orf65	4	9.2961e-02	1.4683e-02	0.072538	3
FBF1	4	9.3022e-02	1.4683e-02	0.072538	2
SLC30A7	4	9.3133e-02	1.4683e-02	0.072538	2
CEP126	4	9.3164e-02	1.4684e-02	0.072538	3
STON1-GTF2A1L	4	9.3323e-02	1.4684e-02	0.072538	2
DNAH3	4	9.3409e-02	1.4684e-02	0.072538	3
HIST1H4E	4	9.3481e-02	1.4684e-02	0.072538	3
TARBP1	4	9.3534e-02	1.4851e-02	0.072786	3
INSIG2	4	9.3584e-02	1.4851e-02	0.072786	2
DEFB136	4	9.3617e-02	1.4851e-02	0.072786	3
OR13C4	4	9.3706e-02	1.4851e-02	0.072786	3
AGMO	4	9.3831e-02	1.4851e-02	0.072786	3
COL5A1	4	9.3862e-02	1.4851e-02	0.072786	3
OR2G2	4	9.3949e-02	1.4851e-02	0.072786	2
ORAI1	4	9.4077e-02	1.4851e-02	0.072786	3
BPIFB1	4	9.4244e-02	1.4851e-02	0.072786	3
TOX4	4	9.4275e-02	1.4851e-02	0.072786	2
GAD2	4	9.4411e-02	1.4851e-02	0.072786	3
ARHGAP42	4	9.4506e-02	1.4852e-02	0.072786	3
ASF1A	4	9.4625e-02	1.4852e-02	0.072786	3
ANG	4	9.4632e-02	1.4852e-02	0.072786	3
NFYB	4	9.4634e-02	1.4852e-02	0.072786	2
MTUS1	4	9.4653e-02	1.4852e-02	0.072786	3
PNMA5	4	9.4695e-02	1.4852e-02	0.072786	3
APEX1	4	9.4742e-02	1.4852e-02	0.072786	3
DARS2	4	9.4880e-02	1.4852e-02	0.072786	2
EPHA10	4	9.4912e-02	1.4852e-02	0.072786	3
SLC15A1	4	9.4928e-02	1.4852e-02	0.072786	2
TOMM40L	4	9.4947e-02	1.4852e-02	0.072786	3
RPL36A	4	9.5048e-02	1.4852e-02	0.072786	3
CILP	4	9.5073e-02	1.4852e-02	0.072786	3
NIM1K	4	9.5094e-02	1.4852e-02	0.072786	3
KLF9	4	9.5168e-02	1.4852e-02	0.072786	2
ADGRG6	4	9.5199e-02	1.4852e-02	0.072786	3
KRTAP19-5	4	9.5220e-02	1.4852e-02	0.072786	3
GALNT7	4	9.5231e-02	1.4852e-02	0.072786	3
RMI2	4	9.5315e-02	1.4852e-02	0.072786	3
BCO1	4	9.5368e-02	1.4852e-02	0.072786	3
GUF1	4	9.5394e-02	1.5109e-02	0.074028	3
SPATA25	4	9.5439e-02	1.5200e-02	0.074380	2
CHST4	4	9.5442e-02	1.5200e-02	0.074380	3
TRIM27	4	9.5471e-02	1.5200e-02	0.074380	3
EHHADH	4	9.5484e-02	1.5200e-02	0.074380	3
DPP3	4	9.5568e-02	1.5201e-02	0.074380	3
SLC45A2	4	9.5779e-02	1.5398e-02	0.075272	3
ZMYM4	4	9.5853e-02	1.5399e-02	0.075272	3
PKN2	4	9.5906e-02	1.5399e-02	0.075272	3
ACP5	4	9.5919e-02	1.5399e-02	0.075272	3
RNF26	4	9.5991e-02	1.5584e-02	0.076006	3
CCS	4	9.6044e-02	1.5584e-02	0.076006	3
DUOXA2	4	9.6054e-02	1.5584e-02	0.076006	3
STX2	4	9.6086e-02	1.5584e-02	0.076006	3
MUC1	4	9.6135e-02	1.5584e-02	0.076006	2
RHOXF2B	4	9.6171e-02	1.5584e-02	0.076006	3
ADAMTSL2	4	9.6224e-02	1.5584e-02	0.076006	3
TMEM189-UBE2V1	4	9.6330e-02	1.5584e-02	0.076006	3
GIGYF2	4	9.6467e-02	1.5758e-02	0.076659	3
MYH7	4	9.6553e-02	1.5758e-02	0.076659	3
MAPRE3	4	9.6600e-02	1.5758e-02	0.076659	3
OTUD4	4	9.6641e-02	1.5758e-02	0.076659	2
PAQR6	4	9.6690e-02	1.5758e-02	0.076659	3
FBLN5	4	9.6786e-02	1.5759e-02	0.076659	3
SERTAD2	4	9.6801e-02	1.5759e-02	0.076659	3
CPNE8	4	9.6812e-02	1.5759e-02	0.076659	3
C4orf3	4	9.6892e-02	1.5759e-02	0.076659	3
IFT27	4	9.7010e-02	1.5759e-02	0.076659	2
NANOG	4	9.7265e-02	1.5951e-02	0.077323	3
ABHD14B	4	9.7275e-02	1.5951e-02	0.077323	3
PDF	4	9.7286e-02	1.5951e-02	0.077323	3
UBL7	4	9.7297e-02	1.5951e-02	0.077323	3
CTCF	4	9.7316e-02	1.5951e-02	0.077323	3
TPSG1	4	9.7596e-02	1.5952e-02	0.077323	3
TUSC2	4	9.7649e-02	1.5952e-02	0.077323	3
LRRC8E	4	9.7686e-02	1.5952e-02	0.077323	3
NBPF6	4	9.7692e-02	1.5952e-02	0.077323	3
ZNF283	4	9.7702e-02	1.5952e-02	0.077323	2
FAM174A	4	9.7727e-02	1.5952e-02	0.077323	2
SLC6A8	4	9.7766e-02	1.5952e-02	0.077323	3
IL9R	4	9.7799e-02	1.5952e-02	0.077323	3
RSBN1L	4	9.7831e-02	1.5952e-02	0.077323	3
TMX4	4	9.8002e-02	1.6132e-02	0.078098	3
TCEAL3	4	9.8039e-02	1.6132e-02	0.078098	3
C1orf54	4	9.8073e-02	1.6132e-02	0.078098	2
GJB4	4	9.8109e-02	1.6132e-02	0.078098	3
FAM131C	4	9.8138e-02	1.6132e-02	0.078098	2
APOLD1	4	9.8355e-02	1.6335e-02	0.079041	3
LIN7C	4	9.8366e-02	1.6335e-02	0.079041	3
LCE2D	4	9.8397e-02	1.6527e-02	0.079933	1
KRTAP5-8	4	9.8484e-02	1.6528e-02	0.079933	3
TNFRSF9	4	9.8602e-02	1.6707e-02	0.080698	3
GPX1	4	9.8752e-02	1.6707e-02	0.080698	3
WDR5B	4	9.8753e-02	1.6707e-02	0.080698	3
FAM32A	4	9.8801e-02	1.6707e-02	0.080698	3
NFE2L2	4	9.8866e-02	1.6707e-02	0.080698	3
PRAMEF17	4	9.9012e-02	1.7111e-02	0.082626	2
BCHE	4	9.9081e-02	1.7320e-02	0.083600	3
PXK	4	9.9108e-02	1.7321e-02	0.083600	3
CDH8	4	9.9303e-02	1.7512e-02	0.084394	3
NDUFAF2	4	9.9345e-02	1.7512e-02	0.084394	3
SEPTIN9	4	9.9498e-02	1.7512e-02	0.084394	3
IREB2	4	9.9507e-02	1.7512e-02	0.084394	3
CLK1	4	9.9637e-02	1.7512e-02	0.084394	3
CLDN1	4	9.9723e-02	1.7512e-02	0.084394	3
RELA	4	9.9839e-02	1.7721e-02	0.085298	2
TMEM167B	4	9.9874e-02	1.7721e-02	0.085298	3
TAP2	4	9.9885e-02	1.7722e-02	0.085298	3
SSTR3	4	9.9920e-02	1.7722e-02	0.085298	3
TRIM52	4	9.9937e-02	1.7722e-02	0.085298	2
ATM	4	1.0012e-01	1.7933e-02	0.085797	2
STRBP	4	1.0012e-01	1.7933e-02	0.085797	3
C1orf228	4	1.0026e-01	1.7933e-02	0.085797	2
IGFALS	4	1.0029e-01	1.7933e-02	0.085797	3
ASAH2B	4	1.0031e-01	1.7933e-02	0.085797	2
MRPL34	4	1.0048e-01	1.7933e-02	0.085797	3
MMP3	4	1.0051e-01	1.7933e-02	0.085797	3
PPP1R12A	4	1.0056e-01	1.7933e-02	0.085797	2
MICU1	4	1.0059e-01	1.7933e-02	0.085797	3
TCF7	4	1.0066e-01	1.7933e-02	0.085797	3
KRT14	4	1.0076e-01	1.7933e-02	0.085797	2
ZNF215	4	1.0080e-01	1.7933e-02	0.085797	3
TMEM164	4	1.0080e-01	1.7933e-02	0.085797	3
SIRT2	4	1.0086e-01	1.7933e-02	0.085797	3
MYF5	4	1.0093e-01	1.7933e-02	0.085797	3
KIF2B	4	1.0097e-01	1.7933e-02	0.085797	3
C16orf90	4	1.0103e-01	1.7933e-02	0.085797	3
EHD2	4	1.0103e-01	1.7933e-02	0.085797	3
MSMB	4	1.0103e-01	1.7933e-02	0.085797	3
OR5A1	4	1.0106e-01	1.7933e-02	0.085797	3
AMTN	4	1.0106e-01	1.7933e-02	0.085797	2
BECN1	4	1.0113e-01	1.7933e-02	0.085797	2
TOX2	4	1.0122e-01	1.7933e-02	0.085797	2
RIOK2	4	1.0165e-01	1.8142e-02	0.086668	3
SMIM10	4	1.0185e-01	1.8142e-02	0.086668	3
F8A2	4	1.0188e-01	1.8142e-02	0.086668	2
ESYT3	4	1.0189e-01	1.8142e-02	0.086668	2
ADSSL1	4	1.0206e-01	1.8142e-02	0.086668	3
SRY	4	1.0224e-01	1.8142e-02	0.086668	3
RBMY1A1	4	1.0225e-01	1.8327e-02	0.087140	3
CLIP1	4	1.0235e-01	1.8327e-02	0.087140	3
TDRP	4	1.0236e-01	1.8327e-02	0.087140	3
SPRR2B	4	1.0247e-01	1.8327e-02	0.087140	3
OR10H1	4	1.0254e-01	1.8327e-02	0.087140	3
MRO	4	1.0258e-01	1.8327e-02	0.087140	1
PRR18	4	1.0258e-01	1.8327e-02	0.087140	2
TEX13B	4	1.0259e-01	1.8327e-02	0.087140	3
KIF22	4	1.0261e-01	1.8327e-02	0.087140	3
HTATIP2	4	1.0264e-01	1.8328e-02	0.087140	3
LOC388436	4	1.0266e-01	1.8328e-02	0.087140	3
CA7	4	1.0267e-01	1.8328e-02	0.087140	2
XAGE1B	4	1.0267e-01	1.8328e-02	0.087140	2
F13A1	4	1.0271e-01	1.8328e-02	0.087140	3
PHF11	4	1.0286e-01	1.8328e-02	0.087140	2
ETS1	4	1.0290e-01	1.8328e-02	0.087140	3
DPM3	4	1.0293e-01	1.8328e-02	0.087140	3
BTBD7	4	1.0295e-01	1.8328e-02	0.087140	3
RFX1	4	1.0297e-01	1.8328e-02	0.087140	3
SLTM	4	1.0329e-01	1.8542e-02	0.087810	3
DCHS1	4	1.0336e-01	1.8542e-02	0.087810	3
CCDC71	4	1.0361e-01	1.8542e-02	0.087810	3
RFXANK	4	1.0362e-01	1.8542e-02	0.087810	3
OR6C2	4	1.0364e-01	1.8542e-02	0.087810	3
COX5B	4	1.0379e-01	1.8542e-02	0.087810	2
OR2K2	4	1.0385e-01	1.8542e-02	0.087810	2
ADH4	4	1.0385e-01	1.8542e-02	0.087810	2
FUBP1	4	1.0386e-01	1.8542e-02	0.087810	2
EPHA3	4	1.0387e-01	1.8542e-02	0.087810	3
HDGFRP2	4	1.0389e-01	1.8542e-02	0.087810	3
CC2D1A	4	1.0392e-01	1.8542e-02	0.087810	3
PYCR2	4	1.0397e-01	1.8542e-02	0.087810	3
KRTAP10-12	4	1.0405e-01	1.8542e-02	0.087810	3
EPCAM	4	1.0410e-01	1.8542e-02	0.087810	3
CHST12	4	1.0413e-01	1.8542e-02	0.087810	3
MYT1L	4	1.0428e-01	1.8765e-02	0.088796	2
SNX3	4	1.0430e-01	1.8765e-02	0.088796	2
KLHL34	4	1.0431e-01	1.8765e-02	0.088796	3
AIDA	4	1.0437e-01	1.8984e-02	0.089772	3
KRTAP5-9	4	1.0450e-01	1.8985e-02	0.089772	3
MSRB3	4	1.0454e-01	1.8985e-02	0.089772	2
CRABP2	4	1.0461e-01	1.9201e-02	0.090549	3
PRKRIP1	4	1.0463e-01	1.9201e-02	0.090549	3
RFPL2	4	1.0480e-01	1.9201e-02	0.090549	3
TEKT2	4	1.0484e-01	1.9201e-02	0.090549	2
PJA1	4	1.0488e-01	1.9201e-02	0.090549	3
MTX1	4	1.0491e-01	1.9201e-02	0.090549	3
SMIM1	4	1.0497e-01	1.9201e-02	0.090549	3
FAM76B	4	1.0508e-01	1.9201e-02	0.090549	3
ASCL3	4	1.0520e-01	1.9201e-02	0.090549	2
CD79A	4	1.0527e-01	1.9201e-02	0.090549	3
CREBBP	4	1.0530e-01	1.9201e-02	0.090549	3
SNX27	4	1.0536e-01	1.9426e-02	0.091451	3
HLA-F	4	1.0537e-01	1.9426e-02	0.091451	3
CNTF	4	1.0544e-01	1.9426e-02	0.091451	2
AMY1C	4	1.0553e-01	1.9426e-02	0.091451	1
ZCCHC6	4	1.0554e-01	1.9426e-02	0.091451	2
TMEM81	4	1.0557e-01	1.9426e-02	0.091451	2
AP4M1	4	1.0564e-01	1.9426e-02	0.091451	3
VCX2	4	1.0588e-01	1.9894e-02	0.093520	3
GPATCH2L	4	1.0589e-01	1.9894e-02	0.093520	3
ZNF492	4	1.0599e-01	1.9894e-02	0.093520	2
GNAT3	4	1.0605e-01	1.9894e-02	0.093520	2
KCNK17	4	1.0618e-01	1.9895e-02	0.093520	3
DIP2C	4	1.0627e-01	1.9895e-02	0.093520	3
COMMD2	4	1.0630e-01	2.0119e-02	0.094389	3
LMOD2	4	1.0631e-01	2.0119e-02	0.094389	3
JSRP1	4	1.0639e-01	2.0119e-02	0.094389	3
CNOT2	4	1.0658e-01	2.0119e-02	0.094389	2
ADGRE2	4	1.0662e-01	2.0119e-02	0.094389	3
SLC52A1	4	1.0667e-01	2.0119e-02	0.094389	3
SH3TC2	4	1.0678e-01	2.0119e-02	0.094389	2
ZNF518B	4	1.0682e-01	2.0119e-02	0.094389	3
GATAD2A	4	1.0690e-01	2.0348e-02	0.095372	3
TNS1	4	1.0703e-01	2.0349e-02	0.095372	3
C2orf61	4	1.0703e-01	2.0349e-02	0.095372	2
STK17A	4	1.0710e-01	2.0349e-02	0.095372	2
ACAA2	4	1.0714e-01	2.0577e-02	0.096159	3
GLRA2	4	1.0728e-01	2.0577e-02	0.096159	2
PIAS3	4	1.0730e-01	2.0577e-02	0.096159	2
RPRML	4	1.0734e-01	2.0577e-02	0.096159	3
AKAP1	4	1.0738e-01	2.0577e-02	0.096159	3
THEGL	4	1.0740e-01	2.0577e-02	0.096159	2
POGZ	4	1.0741e-01	2.0577e-02	0.096159	3
SGMS1	4	1.0766e-01	2.0577e-02	0.096159	3
GTPBP3	4	1.0767e-01	2.0577e-02	0.096159	3
ODF3	4	1.0769e-01	2.0577e-02	0.096159	3
CCK	4	1.0780e-01	2.0577e-02	0.096159	3
MTRNR2L2	4	1.0789e-01	2.0577e-02	0.096159	3
DEFB127	4	1.0797e-01	2.0814e-02	0.096939	2
CT45A5	4	1.0801e-01	2.0814e-02	0.096939	3
MZF1	4	1.0803e-01	2.0814e-02	0.096939	3
VEGFB	4	1.0804e-01	2.0814e-02	0.096939	3
OIP5	4	1.0810e-01	2.0814e-02	0.096939	3
CYCS	4	1.0810e-01	2.0814e-02	0.096939	2
KIAA1024	4	1.0813e-01	2.0814e-02	0.096939	3
RSAD1	4	1.0814e-01	2.0814e-02	0.096939	3
SLC35C2	4	1.0819e-01	2.0814e-02	0.096939	3
STX8	4	1.0825e-01	2.0815e-02	0.096939	3
NDUFB4	4	1.0826e-01	2.0815e-02	0.096939	3
SLC6A18	4	1.0832e-01	2.0815e-02	0.096939	3
HLA-DRA	4	1.0839e-01	2.0815e-02	0.096939	3
LRRC24	4	1.0844e-01	2.0815e-02	0.096939	3
MRPL18	4	1.0853e-01	2.1296e-02	0.098508	3
GART	4	1.0856e-01	2.1296e-02	0.098508	3
PLA2G2C	4	1.0860e-01	2.1296e-02	0.098508	3
C9orf170	4	1.0861e-01	2.1296e-02	0.098508	2
SEMA4C	4	1.0862e-01	2.1296e-02	0.098508	3
SEMA4F	4	1.0867e-01	2.1296e-02	0.098508	2
TRIM42	4	1.0875e-01	2.1296e-02	0.098508	2
AGAP3	4	1.0876e-01	2.1296e-02	0.098508	3
NBPF12	4	1.0881e-01	2.1296e-02	0.098508	2
HES5	4	1.0884e-01	2.1296e-02	0.098508	2
NUDT12	4	1.0888e-01	2.1296e-02	0.098508	3
LBP	4	1.0896e-01	2.1296e-02	0.098508	2
FLRT2	4	1.0909e-01	2.1296e-02	0.098508	3
LUZP6	4	1.0911e-01	2.1296e-02	0.098508	3
PTTG1	4	1.0914e-01	2.1296e-02	0.098508	3
RAB40AL	4	1.0920e-01	2.1296e-02	0.098508	3
ZNF175	4	1.0948e-01	2.1296e-02	0.098508	3
CORO7-PAM16	4	1.0952e-01	2.1296e-02	0.098508	3
HTR1A	4	1.0959e-01	2.1296e-02	0.098508	3
GGCX	4	1.0966e-01	2.1296e-02	0.098508	3
SUCLA2	4	1.0968e-01	2.1296e-02	0.098508	3
OSBPL11	4	1.0977e-01	2.1296e-02	0.098508	2
GDNF-AS1	4	1.0978e-01	2.1296e-02	0.098508	2
TCOF1	4	1.0981e-01	2.1296e-02	0.098508	3
PAM16	4	1.1005e-01	2.1296e-02	0.098508	3
SLC29A2	4	1.1005e-01	2.1296e-02	0.098508	3
MIA3	4	1.1008e-01	2.1296e-02	0.098508	3
RPL29	4	1.1019e-01	2.1296e-02	0.098508	2
SLC7A1	4	1.1023e-01	2.1779e-02	0.100644	3
PZP	4	1.1029e-01	2.1779e-02	0.100644	3
XKRY2	4	1.1047e-01	2.1779e-02	0.100644	2
CNKSR3	4	1.1053e-01	2.1779e-02	0.100644	3
TBX21	4	1.1066e-01	2.2018e-02	0.101723	3
WIBG	4	1.1081e-01	2.2247e-02	0.102756	2
C21orf58	4	1.1083e-01	2.2495e-02	0.103654	3
ZNF93	4	1.1111e-01	2.2495e-02	0.103654	2
LOC100130451	4	1.1114e-01	2.2495e-02	0.103654	3
UBC	4	1.1116e-01	2.2495e-02	0.103654	3
VENTX	4	1.1117e-01	2.2495e-02	0.103654	3
LOC100133267	4	1.1117e-01	2.2495e-02	0.103654	3
ANAPC15	4	1.1124e-01	2.2495e-02	0.103654	3
SLC22A18AS	4	1.1124e-01	2.2495e-02	0.103654	3
CCL13	4	1.1136e-01	2.2495e-02	0.103654	3
GHITM	4	1.1139e-01	2.2495e-02	0.103654	3
PPP1R26	4	1.1143e-01	2.2744e-02	0.104625	2
MAFG	4	1.1149e-01	2.2744e-02	0.104625	2
CCDC137	4	1.1164e-01	2.2744e-02	0.104625	2
SPANXN1	4	1.1170e-01	2.2745e-02	0.104625	3
PPP2R1B	4	1.1174e-01	2.2745e-02	0.104625	2
ATF7	4	1.1181e-01	2.2745e-02	0.104625	2
WBSCR28	4	1.1188e-01	2.2745e-02	0.104625	3
RUFY2	4	1.1194e-01	2.3014e-02	0.105813	2
TDP1	4	1.1195e-01	2.3014e-02	0.105813	3
ZNF721	4	1.1213e-01	2.3252e-02	0.106832	3
OR2A4	4	1.1216e-01	2.3252e-02	0.106832	3
OAZ1	4	1.1223e-01	2.3252e-02	0.106832	2
SDS	4	1.1244e-01	2.3524e-02	0.107978	3
PLEKHG6	4	1.1245e-01	2.3524e-02	0.107978	2
TMEM119	4	1.1247e-01	2.3524e-02	0.107978	3
SAAL1	4	1.1250e-01	2.3524e-02	0.107978	3
BCL6	4	1.1264e-01	2.3804e-02	0.108690	3
P2RX7	4	1.1266e-01	2.3804e-02	0.108690	3
TRIM64B	4	1.1267e-01	2.3804e-02	0.108690	2
WDFY3	4	1.1268e-01	2.3804e-02	0.108690	3
EPS8L1	4	1.1271e-01	2.3804e-02	0.108690	3
PPP4R4	4	1.1281e-01	2.3804e-02	0.108690	3
GLP1R	4	1.1288e-01	2.3804e-02	0.108690	3
TAS2R40	4	1.1297e-01	2.3804e-02	0.108690	3
OSBPL7	4	1.1298e-01	2.3804e-02	0.108690	2
SMIM5	4	1.1299e-01	2.3804e-02	0.108690	3
HLA-DMA	4	1.1305e-01	2.3804e-02	0.108690	3
THBS3	4	1.1308e-01	2.3804e-02	0.108690	3
ARF3	4	1.1311e-01	2.3804e-02	0.108690	3
ZC3H12D	4	1.1315e-01	2.3804e-02	0.108690	3
GRM2	4	1.1320e-01	2.3804e-02	0.108690	3
TNFRSF8	4	1.1325e-01	2.3804e-02	0.108690	3
CD5L	4	1.1327e-01	2.3804e-02	0.108690	3
OR10Q1	4	1.1333e-01	2.3804e-02	0.108690	3
CTRB2	4	1.1336e-01	2.3804e-02	0.108690	3
TPH1	4	1.1339e-01	2.3804e-02	0.108690	3
SMIM9	4	1.1343e-01	2.3804e-02	0.108690	3
HMGB4	4	1.1344e-01	2.3804e-02	0.108690	3
SNRNP70	4	1.1354e-01	2.4054e-02	0.109051	2
RNFT2	4	1.1359e-01	2.4054e-02	0.109051	3
VPS18	4	1.1380e-01	2.4054e-02	0.109051	2
LYRM9	4	1.1388e-01	2.4054e-02	0.109051	3
UAP1	4	1.1390e-01	2.4054e-02	0.109051	3
NME2	4	1.1391e-01	2.4054e-02	0.109051	3
NPR2	4	1.1398e-01	2.4054e-02	0.109051	3
NLRP9	4	1.1400e-01	2.4054e-02	0.109051	2
ADGRA1	4	1.1407e-01	2.4054e-02	0.109051	3
NUDT18	4	1.1416e-01	2.4054e-02	0.109051	2
CHD8	4	1.1419e-01	2.4054e-02	0.109051	3
LPPR5	4	1.1423e-01	2.4054e-02	0.109051	2
TMEM30A	4	1.1439e-01	2.4054e-02	0.109051	3
TMEM104	4	1.1450e-01	2.4054e-02	0.109051	2
TMSB4X	4	1.1453e-01	2.4054e-02	0.109051	1
UBQLNL	4	1.1461e-01	2.4055e-02	0.109051	3
ADGRG5	4	1.1462e-01	2.4055e-02	0.109051	2
GALNT9	4	1.1467e-01	2.4055e-02	0.109051	3
XYLT2	4	1.1472e-01	2.4055e-02	0.109051	3
ENO3	4	1.1472e-01	2.4055e-02	0.109051	3
EPPK1	4	1.1489e-01	2.4055e-02	0.109051	3
A4GALT	4	1.1503e-01	2.4055e-02	0.109051	3
FAAH2	4	1.1505e-01	2.4055e-02	0.109051	1
OR51I2	4	1.1516e-01	2.4055e-02	0.109051	3
ZNF521	4	1.1529e-01	2.4055e-02	0.109051	2
ANXA4	4	1.1534e-01	2.4055e-02	0.109051	3
SKIV2L	4	1.1535e-01	2.4055e-02	0.109051	3
AHCTF1	4	1.1542e-01	2.4055e-02	0.109051	2
DPF3	4	1.1547e-01	2.4055e-02	0.109051	2
ATL1	4	1.1556e-01	2.4055e-02	0.109051	3
SCUBE2	4	1.1587e-01	2.4305e-02	0.109799	3
SPOCD1	4	1.1600e-01	2.4305e-02	0.109799	3
SUOX	4	1.1611e-01	2.4305e-02	0.109799	2
NTHL1	4	1.1612e-01	2.4305e-02	0.109799	2
CACHD1	4	1.1616e-01	2.4305e-02	0.109799	3
R3HDM1	4	1.1621e-01	2.4305e-02	0.109799	2
KLRC4	4	1.1630e-01	2.4305e-02	0.109799	3
ISL1	4	1.1635e-01	2.4306e-02	0.109799	3
PCDHGA2	4	1.1636e-01	2.4306e-02	0.109799	2
SKP2	4	1.1637e-01	2.4306e-02	0.109799	2
CLASRP	4	1.1638e-01	2.4306e-02	0.109799	3
GPRC5A	4	1.1651e-01	2.4306e-02	0.109799	3
WDR60	4	1.1652e-01	2.4306e-02	0.109799	3
RNF139	4	1.1667e-01	2.4306e-02	0.109799	3
SPOCK2	4	1.1671e-01	2.4306e-02	0.109799	3
SLC35F5	4	1.1700e-01	2.4561e-02	0.110535	3
UCHL3	4	1.1700e-01	2.4561e-02	0.110535	3
TSPAN3	4	1.1703e-01	2.4561e-02	0.110535	3
SERPINB9	4	1.1713e-01	2.4561e-02	0.110535	3
F2R	4	1.1715e-01	2.4561e-02	0.110535	3
LPPR2	4	1.1721e-01	2.4561e-02	0.110535	3
SIAH1	4	1.1731e-01	2.4561e-02	0.110535	2
SEPTIN11	4	1.1731e-01	2.4561e-02	0.110535	2
HIP1R	4	1.1733e-01	2.4561e-02	0.110535	3
CDR2	4	1.1735e-01	2.4561e-02	0.110535	3
TTC37	4	1.1739e-01	2.4561e-02	0.110535	3
ACOT12	4	1.1742e-01	2.4561e-02	0.110535	3
SNCB	4	1.1747e-01	2.4561e-02	0.110535	3
MC3R	4	1.1761e-01	2.4561e-02	0.110535	3
FOLR2	4	1.1769e-01	2.4561e-02	0.110535	3
GNPAT	4	1.1773e-01	2.4561e-02	0.110535	3
C4orf46	4	1.1781e-01	2.4833e-02	0.111470	3
DSN1	4	1.1789e-01	2.4833e-02	0.111470	2
GJB5	4	1.1792e-01	2.4833e-02	0.111470	3
C1orf198	4	1.1797e-01	2.4833e-02	0.111470	3
PRAMEF1	4	1.1798e-01	2.4833e-02	0.111470	2
GSTM2	4	1.1803e-01	2.4833e-02	0.111470	3
CLCN3	4	1.1804e-01	2.4833e-02	0.111470	3
SYNPO2L	4	1.1805e-01	2.4833e-02	0.111470	3
TAGAP	4	1.1807e-01	2.4833e-02	0.111470	2
TRAPPC6A	4	1.1808e-01	2.4833e-02	0.111470	3
BTC	4	1.1811e-01	2.4833e-02	0.111470	2
DYDC1	4	1.1817e-01	2.5100e-02	0.112538	3
NR1H3	4	1.1834e-01	2.5100e-02	0.112538	3
TRMT13	4	1.1846e-01	2.5101e-02	0.112538	2
MDH2	4	1.1854e-01	2.5101e-02	0.112538	2
C11orf91	4	1.1857e-01	2.5101e-02	0.112538	2
COL9A2	4	1.1874e-01	2.5653e-02	0.114695	3
FOSB	4	1.1889e-01	2.5653e-02	0.114695	3
ZNF622	4	1.1896e-01	2.5653e-02	0.114695	3
SLC23A2	4	1.1900e-01	2.5653e-02	0.114695	3
BRD8	4	1.1900e-01	2.5653e-02	0.114695	2
EPHA8	4	1.1901e-01	2.5653e-02	0.114695	3
PEG3	4	1.1910e-01	2.5654e-02	0.114695	1
IYD	4	1.1935e-01	2.5654e-02	0.114695	3
NFIC	4	1.1940e-01	2.5654e-02	0.114695	3
CATSPER4	4	1.1944e-01	2.5654e-02	0.114695	2
CTAGE6	4	1.1946e-01	2.5654e-02	0.114695	3
SIAH3	4	1.1949e-01	2.5654e-02	0.114695	3
H2AFX	4	1.1962e-01	2.5917e-02	0.115739	2
RIMBP3	4	1.1965e-01	2.5917e-02	0.115739	3
DGUOK	4	1.1968e-01	2.5918e-02	0.115739	3
LYRM5	4	1.1973e-01	2.5918e-02	0.115739	3
IL36RN	4	1.1977e-01	2.5918e-02	0.115739	2
ZNF766	4	1.1984e-01	2.6187e-02	0.116755	3
TCFL5	4	1.1986e-01	2.6187e-02	0.116755	3
ZNF646	4	1.1986e-01	2.6187e-02	0.116755	2
ZNF844	4	1.1994e-01	2.6187e-02	0.116755	2
WBP5	4	1.2006e-01	2.6188e-02	0.116755	3
BSCL2	4	1.2010e-01	2.6188e-02	0.116755	2
TAS2R50	4	1.2018e-01	2.6188e-02	0.116755	3
FN3KRP	4	1.2033e-01	2.6752e-02	0.118716	3
RAB8A	4	1.2034e-01	2.6752e-02	0.118716	3
ANKRD30B	4	1.2036e-01	2.6752e-02	0.118716	3
IPCEF1	4	1.2060e-01	2.6752e-02	0.118716	2
PREX2	4	1.2064e-01	2.6752e-02	0.118716	3
PGPEP1L	4	1.2077e-01	2.6752e-02	0.118716	3
DNAJB2	4	1.2078e-01	2.6752e-02	0.118716	3
FAM57B	4	1.2080e-01	2.6752e-02	0.118716	2
OR10A5	4	1.2083e-01	2.6752e-02	0.118716	3
UQCRC2	4	1.2084e-01	2.6752e-02	0.118716	2
AAGAB	4	1.2085e-01	2.6752e-02	0.118716	3
KRT85	4	1.2095e-01	2.6752e-02	0.118716	2
VGLL2	4	1.2104e-01	2.6752e-02	0.118716	3
SUDS3	4	1.2105e-01	2.6752e-02	0.118716	2
FAM49A	4	1.2106e-01	2.6752e-02	0.118716	3
TAAR2	4	1.2107e-01	2.6752e-02	0.118716	2
S100A6	4	1.2108e-01	2.6752e-02	0.118716	3
BPIFC	4	1.2119e-01	2.6752e-02	0.118716	3
CDK12	4	1.2119e-01	2.6752e-02	0.118716	2
SLC27A4	4	1.2139e-01	2.6752e-02	0.118716	3
CLDN10	4	1.2174e-01	2.7592e-02	0.122164	2
FCRL5	4	1.2177e-01	2.7592e-02	0.122164	2
GSDMB	4	1.2183e-01	2.7592e-02	0.122164	3
GLRX3	4	1.2214e-01	2.7593e-02	0.122164	2
NCOA1	4	1.2222e-01	2.7593e-02	0.122164	2
EAF1	4	1.2224e-01	2.7593e-02	0.122164	3
PARG	4	1.2228e-01	2.7593e-02	0.122164	3
IQSEC1	4	1.2238e-01	2.7593e-02	0.122164	3
CYP4F11	4	1.2238e-01	2.7593e-02	0.122164	2
PTP4A3	4	1.2239e-01	2.7593e-02	0.122164	3
GHRL	4	1.2244e-01	2.7887e-02	0.123267	2
DUSP18	4	1.2247e-01	2.7887e-02	0.123267	3
C12orf4	4	1.2250e-01	2.7887e-02	0.123267	3
SMEK1	4	1.2251e-01	2.7887e-02	0.123267	3
B3GALT1	4	1.2252e-01	2.7887e-02	0.123267	3
KRTAP2-2	4	1.2258e-01	2.7887e-02	0.123267	2
IRF2	4	1.2264e-01	2.7887e-02	0.123267	3
PLG	4	1.2272e-01	2.8176e-02	0.123942	2
SNX11	4	1.2273e-01	2.8176e-02	0.123942	2
PTPN4	4	1.2283e-01	2.8176e-02	0.123942	3
NDUFB11	4	1.2292e-01	2.8176e-02	0.123942	3
ZNF707	4	1.2295e-01	2.8176e-02	0.123942	2
HOXC13	4	1.2298e-01	2.8176e-02	0.123942	2
TSPAN11	4	1.2300e-01	2.8176e-02	0.123942	3
CCDC112	4	1.2311e-01	2.8176e-02	0.123942	3
GLYCTK	4	1.2314e-01	2.8176e-02	0.123942	2
PPARA	4	1.2319e-01	2.8176e-02	0.123942	3
TNFSF11	4	1.2321e-01	2.8176e-02	0.123942	2
SLC13A4	4	1.2322e-01	2.8176e-02	0.123942	2
USF1	4	1.2325e-01	2.8176e-02	0.123942	3
CSMD3	4	1.2342e-01	2.8176e-02	0.123942	3
NRG3	4	1.2344e-01	2.8176e-02	0.123942	3
KCNE2	4	1.2346e-01	2.8176e-02	0.123942	3
EZR	4	1.2348e-01	2.8176e-02	0.123942	3
TLCD1	4	1.2350e-01	2.8176e-02	0.123942	3
GCHFR	4	1.2357e-01	2.8176e-02	0.123942	3
NBEAL1	4	1.2364e-01	2.8176e-02	0.123942	2
EGFLAM	4	1.2369e-01	2.8176e-02	0.123942	3
MMAA	4	1.2372e-01	2.8471e-02	0.125042	3
KLHDC8B	4	1.2400e-01	2.8471e-02	0.125042	3
AP3M2	4	1.2413e-01	2.8472e-02	0.125042	3
HIST3H2BB	4	1.2414e-01	2.8472e-02	0.125042	3
WBP2	4	1.2417e-01	2.8472e-02	0.125042	3
MAGEB1	4	1.2419e-01	2.8472e-02	0.125042	3
SWSAP1	4	1.2422e-01	2.8472e-02	0.125042	2
LRRC75B	4	1.2438e-01	2.8762e-02	0.126289	3
OR8B8	4	1.2446e-01	2.9068e-02	0.127106	3
MANBAL	4	1.2451e-01	2.9068e-02	0.127106	3
OOSP2	4	1.2452e-01	2.9068e-02	0.127106	2
MB	4	1.2454e-01	2.9068e-02	0.127106	2
KRT13	4	1.2461e-01	2.9068e-02	0.127106	3
ADAMTS2	4	1.2466e-01	2.9068e-02	0.127106	2
ZNF232	4	1.2467e-01	2.9068e-02	0.127106	3
MGC57346-CRHR1	4	1.2472e-01	2.9068e-02	0.127106	3
ALDH3A2	4	1.2475e-01	2.9068e-02	0.127106	2
SLC2A13	4	1.2477e-01	2.9068e-02	0.127106	2
ZGRF1	4	1.2479e-01	2.9068e-02	0.127106	3
AAR2	4	1.2481e-01	2.9068e-02	0.127106	3
TRIM77	4	1.2483e-01	2.9068e-02	0.127106	3
GABRQ	4	1.2484e-01	2.9068e-02	0.127106	3
FLOT1	4	1.2487e-01	2.9068e-02	0.127106	3
BSN	4	1.2490e-01	2.9068e-02	0.127106	3
ACKR3	4	1.2496e-01	2.9068e-02	0.127106	3
TMPO	4	1.2500e-01	2.9068e-02	0.127106	3
PADI2	4	1.2512e-01	2.9383e-02	0.127725	3
CGREF1	4	1.2516e-01	2.9383e-02	0.127725	3
SPRN	4	1.2516e-01	2.9383e-02	0.127725	3
MSL3	4	1.2519e-01	2.9383e-02	0.127725	3
ACP6	4	1.2522e-01	2.9383e-02	0.127725	3
ATP1B4	4	1.2523e-01	2.9383e-02	0.127725	2
AGPAT2	4	1.2527e-01	2.9383e-02	0.127725	3
ELAC1	4	1.2538e-01	2.9383e-02	0.127725	3
C1D	4	1.2554e-01	2.9383e-02	0.127725	3
DMRTC2	4	1.2557e-01	2.9383e-02	0.127725	3
OSBPL3	4	1.2558e-01	2.9383e-02	0.127725	3
FAM20B	4	1.2559e-01	2.9383e-02	0.127725	3
MIB2	4	1.2579e-01	2.9384e-02	0.127725	3
PET100	4	1.2580e-01	2.9384e-02	0.127725	3
MARCHF9	4	1.2583e-01	2.9384e-02	0.127725	3
PCOLCE2	4	1.2592e-01	2.9384e-02	0.127725	3
MMP13	4	1.2596e-01	2.9384e-02	0.127725	3
KLHDC10	4	1.2601e-01	2.9384e-02	0.127725	2
CSHL1	4	1.2601e-01	2.9384e-02	0.127725	3
OR2G6	4	1.2604e-01	2.9384e-02	0.127725	2
FNIP1	4	1.2607e-01	2.9384e-02	0.127725	1
ABCC2	4	1.2608e-01	2.9384e-02	0.127725	3
TACR2	4	1.2618e-01	2.9384e-02	0.127725	3
ZNF704	4	1.2622e-01	2.9384e-02	0.127725	2
OR4K1	4	1.2632e-01	2.9384e-02	0.127725	3
AP4E1	4	1.2633e-01	2.9384e-02	0.127725	3
PRKCI	4	1.2637e-01	2.9689e-02	0.128841	2
OR11H12	4	1.2639e-01	2.9689e-02	0.128841	2
ELSPBP1	4	1.2641e-01	2.9689e-02	0.128841	3
PLBD1	4	1.2647e-01	2.9689e-02	0.128841	3
PCGF1	4	1.2649e-01	2.9689e-02	0.128841	3
NR1I2	4	1.2660e-01	2.9689e-02	0.128841	3
ITPRIPL1	4	1.2669e-01	2.9983e-02	0.128841	3
GTF2IRD1	4	1.2679e-01	2.9983e-02	0.128841	1
ZNF79	4	1.2688e-01	2.9983e-02	0.128841	3
DHX29	4	1.2688e-01	2.9983e-02	0.128841	2
ACOT13	4	1.2693e-01	2.9983e-02	0.128841	3
OR6Y1	4	1.2697e-01	2.9983e-02	0.128841	2
XRRA1	4	1.2698e-01	2.9983e-02	0.128841	1
ANKRD20A2	4	1.2703e-01	2.9983e-02	0.128841	2
TMEM106C	4	1.2704e-01	2.9983e-02	0.128841	3
MMAB	4	1.2705e-01	2.9983e-02	0.128841	3
TMC2	4	1.2710e-01	2.9983e-02	0.128841	3
TYROBP	4	1.2716e-01	2.9983e-02	0.128841	2
ACVR2A	4	1.2716e-01	2.9983e-02	0.128841	3
FOS	4	1.2718e-01	2.9983e-02	0.128841	3
WNT4	4	1.2735e-01	2.9983e-02	0.128841	2
ICAM4	4	1.2737e-01	2.9983e-02	0.128841	3
RAB24	4	1.2738e-01	2.9983e-02	0.128841	3
HHAT	4	1.2738e-01	2.9983e-02	0.128841	3
LOC554223	4	1.2744e-01	2.9983e-02	0.128841	3
PPAPDC3	4	1.2746e-01	2.9983e-02	0.128841	2
ANKRD40	4	1.2753e-01	2.9983e-02	0.128841	2
RFPL4A	4	1.2758e-01	2.9983e-02	0.128841	3
KCTD10	4	1.2762e-01	2.9983e-02	0.128841	3
MYBPC1	4	1.2769e-01	2.9983e-02	0.128841	2
SPAG9	4	1.2787e-01	2.9983e-02	0.128841	3
PI15	4	1.2799e-01	2.9984e-02	0.128841	3
PDCD2L	4	1.2812e-01	2.9984e-02	0.128841	3
MPP4	4	1.2813e-01	2.9984e-02	0.128841	3
ZC3H3	4	1.2813e-01	2.9984e-02	0.128841	3
CACNG8	4	1.2814e-01	2.9984e-02	0.128841	3
MEF2BNB	4	1.2819e-01	2.9984e-02	0.128841	2
HELZ	4	1.2829e-01	2.9984e-02	0.128841	2
AMIGO1	4	1.2838e-01	2.9984e-02	0.128841	2
GEMIN5	4	1.2853e-01	2.9984e-02	0.128841	3
TOMM6	4	1.2858e-01	2.9984e-02	0.128841	3
LY6G6D	4	1.2859e-01	2.9984e-02	0.128841	2
MAGEA9	4	1.2865e-01	2.9984e-02	0.128841	2
CASP4	4	1.2869e-01	2.9984e-02	0.128841	3
MAP1S	4	1.2873e-01	2.9984e-02	0.128841	3
SRRM3	4	1.2890e-01	2.9984e-02	0.128841	3
ARFGEF1	4	1.2898e-01	2.9984e-02	0.128841	3
MMP27	4	1.2905e-01	2.9984e-02	0.128841	3
CCL7	4	1.2911e-01	2.9984e-02	0.128841	3
CBWD6	4	1.2917e-01	2.9984e-02	0.128841	2
VSIG10	4	1.2918e-01	2.9984e-02	0.128841	2
ESRRA	4	1.2938e-01	3.3266e-02	0.142521	3
SZRD1	4	1.2949e-01	3.3266e-02	0.142521	3
LIMS3	4	1.2950e-01	3.3266e-02	0.142521	1
CORIN	4	1.2956e-01	3.3267e-02	0.142521	2
TTC24	4	1.2959e-01	3.3267e-02	0.142521	3
CTNNA1	4	1.2963e-01	3.3267e-02	0.142521	3
FAM117B	4	1.2971e-01	3.3267e-02	0.142521	2
RBFOX3	4	1.2975e-01	3.3267e-02	0.142521	3
WRN	4	1.2979e-01	3.3267e-02	0.142521	3
TTC38	4	1.2988e-01	3.3585e-02	0.142521	3
DEFB124	4	1.2991e-01	3.3585e-02	0.142521	2
CCDC141	4	1.3000e-01	3.3585e-02	0.142521	2
TBX1	4	1.3004e-01	3.3585e-02	0.142521	3
ZNF629	4	1.3007e-01	3.3585e-02	0.142521	3
PI16	4	1.3011e-01	3.3585e-02	0.142521	3
ZNF77	4	1.3014e-01	3.3585e-02	0.142521	3
RNF185	4	1.3015e-01	3.3585e-02	0.142521	2
ALG10	4	1.3015e-01	3.3585e-02	0.142521	3
TESC	4	1.3036e-01	3.3585e-02	0.142521	3
SLC8B1	4	1.3043e-01	3.3585e-02	0.142521	3
NOXA1	4	1.3044e-01	3.3585e-02	0.142521	3
LY6G5C	4	1.3050e-01	3.3585e-02	0.142521	3
EMC4	4	1.3057e-01	3.3585e-02	0.142521	2
RSPH10B2	4	1.3061e-01	3.3585e-02	0.142521	2
SLC11A2	4	1.3064e-01	3.3585e-02	0.142521	3
UGCG	4	1.3066e-01	3.3585e-02	0.142521	3
EGF	4	1.3069e-01	3.3585e-02	0.142521	3
IL6R	4	1.3072e-01	3.3585e-02	0.142521	2
SLC10A6	4	1.3084e-01	3.3585e-02	0.142521	3
FAM160A2	4	1.3112e-01	3.3585e-02	0.142521	2
CSK	4	1.3125e-01	3.3585e-02	0.142521	3
CYTH3	4	1.3125e-01	3.3585e-02	0.142521	3
YWHAZ	4	1.3139e-01	3.3585e-02	0.142521	3
GKN1	4	1.3147e-01	3.3585e-02	0.142521	3
RNASEL	4	1.3159e-01	3.3585e-02	0.142521	3
CACNA2D2	4	1.3170e-01	3.3585e-02	0.142521	3
C15orf26	4	1.3173e-01	3.3585e-02	0.142521	2
DESI2	4	1.3185e-01	3.3585e-02	0.142521	2
MEN1	4	1.3192e-01	3.3585e-02	0.142521	3
SELK	4	1.3201e-01	3.3585e-02	0.142521	3
CCDC47	4	1.3214e-01	3.3585e-02	0.142521	3
PAF1	4	1.3219e-01	3.3585e-02	0.142521	2
OR4F6	4	1.3223e-01	3.3585e-02	0.142521	2
POLDIP3	4	1.3223e-01	3.3585e-02	0.142521	3
ANKK1	4	1.3225e-01	3.3585e-02	0.142521	1
PCGF2	4	1.3229e-01	3.3585e-02	0.142521	3
SGSH	4	1.3230e-01	3.3585e-02	0.142521	3
CYP2W1	4	1.3235e-01	3.3585e-02	0.142521	2
DAPK3	4	1.3237e-01	3.3585e-02	0.142521	3
FXR2	4	1.3237e-01	3.3585e-02	0.142521	3
ARID3C	4	1.3238e-01	3.3585e-02	0.142521	2
IL12RB2	4	1.3244e-01	3.3585e-02	0.142521	3
KBTBD6	4	1.3245e-01	3.3585e-02	0.142521	3
COQ7	4	1.3248e-01	3.3585e-02	0.142521	1
PDCD6	4	1.3251e-01	3.3585e-02	0.142521	3
PRAF2	4	1.3253e-01	3.3585e-02	0.142521	2
GPRC6A	4	1.3256e-01	3.3892e-02	0.143665	3
DSTYK	4	1.3259e-01	3.3892e-02	0.143665	3
SAGE1	4	1.3277e-01	3.3892e-02	0.143665	3
PROX2	4	1.3277e-01	3.3892e-02	0.143665	2
ODF3L2	4	1.3278e-01	3.3892e-02	0.143665	3
PKD1	4	1.3284e-01	3.4178e-02	0.144845	3
WBP4	4	1.3298e-01	3.4507e-02	0.145690	2
CUX2	4	1.3318e-01	3.4507e-02	0.145690	2
TBX19	4	1.3322e-01	3.4507e-02	0.145690	3
NDST3	4	1.3322e-01	3.4507e-02	0.145690	2
RSPO4	4	1.3326e-01	3.4507e-02	0.145690	3
CDH11	4	1.3327e-01	3.4507e-02	0.145690	3
ZNF25	4	1.3332e-01	3.4507e-02	0.145690	2
LRPAP1	4	1.3341e-01	3.4507e-02	0.145690	2
HSFX1	4	1.3343e-01	3.4507e-02	0.145690	3
GUCD1	4	1.3353e-01	3.4507e-02	0.145690	3
AREG	4	1.3357e-01	3.4507e-02	0.145690	3
C11orf40	4	1.3365e-01	3.4507e-02	0.145690	2
CASP3	4	1.3367e-01	3.4507e-02	0.145690	2
SCN3A	4	1.3373e-01	3.4507e-02	0.145690	3
PDE6B	4	1.3373e-01	3.4507e-02	0.145690	2
IL22RA1	4	1.3385e-01	3.4507e-02	0.145690	3
EML6	4	1.3392e-01	3.4507e-02	0.145690	3
C7orf43	4	1.3397e-01	3.4821e-02	0.146886	2
TMEM204	4	1.3397e-01	3.4821e-02	0.146886	3
HIST1H2BB	4	1.3401e-01	3.4821e-02	0.146886	3
NCOA3	4	1.3404e-01	3.4821e-02	0.146886	3
ADM5	4	1.3410e-01	3.5123e-02	0.147866	3
FAM183A	4	1.3411e-01	3.5123e-02	0.147866	3
CSNK1G2	4	1.3424e-01	3.5123e-02	0.147866	2
C1orf123	4	1.3429e-01	3.5123e-02	0.147866	3
CYP7B1	4	1.3432e-01	3.5123e-02	0.147866	3
DAPP1	4	1.3434e-01	3.5123e-02	0.147866	3
FUT3	4	1.3437e-01	3.5123e-02	0.147866	2
FAM127C	4	1.3440e-01	3.5123e-02	0.147866	3
ANKRD33B	4	1.3443e-01	3.5123e-02	0.147866	3
MMACHC	4	1.3448e-01	3.5438e-02	0.148540	3
MEI1	4	1.3466e-01	3.5438e-02	0.148540	3
SMYD5	4	1.3470e-01	3.5438e-02	0.148540	2
CYP3A5	4	1.3471e-01	3.5438e-02	0.148540	3
MYEF2	4	1.3475e-01	3.5438e-02	0.148540	2
RABGAP1	4	1.3493e-01	3.5438e-02	0.148540	3
C5orf51	4	1.3497e-01	3.5438e-02	0.148540	3
C12orf54	4	1.3510e-01	3.5438e-02	0.148540	2
SLC16A10	4	1.3518e-01	3.5439e-02	0.148540	3
SPRR2E	4	1.3518e-01	3.5439e-02	0.148540	3
DGKI	4	1.3518e-01	3.5439e-02	0.148540	3
KDM5C	4	1.3524e-01	3.5439e-02	0.148540	3
ZNF669	4	1.3531e-01	3.5439e-02	0.148540	3
TMEM87B	4	1.3533e-01	3.5439e-02	0.148540	3
LAYN	4	1.3534e-01	3.5439e-02	0.148540	3
SKI	4	1.3535e-01	3.5439e-02	0.148540	3
YLPM1	4	1.3546e-01	3.5439e-02	0.148540	3
DPP9-AS1	4	1.3553e-01	3.5439e-02	0.148540	2
POC1A	4	1.3561e-01	3.5439e-02	0.148540	3
KLK11	4	1.3564e-01	3.5439e-02	0.148540	3
KRTAP19-4	4	1.3577e-01	3.5774e-02	0.149229	3
ITGB3	4	1.3578e-01	3.5774e-02	0.149229	3
FOXD4L6	4	1.3578e-01	3.5774e-02	0.149229	2
NAPRT	4	1.3579e-01	3.5774e-02	0.149229	3
CHRNA7	4	1.3580e-01	3.5774e-02	0.149229	2
CEBPD	4	1.3584e-01	3.5774e-02	0.149229	2
TAB3	4	1.3586e-01	3.5774e-02	0.149229	3
SH3D21	4	1.3586e-01	3.5774e-02	0.149229	2
KIAA1024L	4	1.3598e-01	3.5774e-02	0.149229	3
IER5L	4	1.3606e-01	3.5774e-02	0.149229	3
BMPER	4	1.3611e-01	3.5774e-02	0.149229	3
GPRC5B	4	1.3615e-01	3.5774e-02	0.149229	2
NELL1	4	1.3620e-01	3.5775e-02	0.149229	2
SNAI1	4	1.3627e-01	3.5775e-02	0.149229	3
DOT1L	4	1.3633e-01	3.5775e-02	0.149229	2
NACA2	4	1.3638e-01	3.5775e-02	0.149229	3
ARSA	4	1.3640e-01	3.5775e-02	0.149229	3
LMBRD2	4	1.3641e-01	3.5775e-02	0.149229	3
RNASE13	4	1.3643e-01	3.5775e-02	0.149229	3
NRM	4	1.3644e-01	3.5775e-02	0.149229	3
CEACAM3	4	1.3645e-01	3.5775e-02	0.149229	3
TMEM158	4	1.3652e-01	3.5775e-02	0.149229	3
MYOZ1	4	1.3656e-01	3.6108e-02	0.150325	3
UQCRQ	4	1.3663e-01	3.6108e-02	0.150325	3
ZNF189	4	1.3680e-01	3.6108e-02	0.150325	2
DLX2	4	1.3685e-01	3.6108e-02	0.150325	2
GNS	4	1.3691e-01	3.6109e-02	0.150325	2
A3GALT2	4	1.3700e-01	3.6109e-02	0.150325	2
PRSS2	4	1.3704e-01	3.6109e-02	0.150325	3
CKS2	4	1.3710e-01	3.6109e-02	0.150325	2
STAM2	4	1.3713e-01	3.6109e-02	0.150325	3
SLC2A12	4	1.3722e-01	3.6447e-02	0.151571	2
MMP28	4	1.3725e-01	3.6447e-02	0.151571	3
CPED1	4	1.3729e-01	3.6447e-02	0.151571	3
CDV3	4	1.3734e-01	3.6447e-02	0.151571	3
FGF12	4	1.3736e-01	3.6447e-02	0.151571	2
TMEM26	4	1.3739e-01	3.6804e-02	0.151835	3
FAF2	4	1.3740e-01	3.6804e-02	0.151835	1
MYO1F	4	1.3744e-01	3.6804e-02	0.151835	3
FANCM	4	1.3752e-01	3.6804e-02	0.151835	2
TREML4	4	1.3753e-01	3.6804e-02	0.151835	3
TRIO	4	1.3763e-01	3.6804e-02	0.151835	3
MSL2	4	1.3773e-01	3.6804e-02	0.151835	3
STAC3	4	1.3778e-01	3.6804e-02	0.151835	3
EPHX1	4	1.3778e-01	3.6804e-02	0.151835	2
CDH26	4	1.3782e-01	3.6804e-02	0.151835	2
H1FNT	4	1.3788e-01	3.6804e-02	0.151835	2
GPR132	4	1.3796e-01	3.6804e-02	0.151835	3
LRRN3	4	1.3800e-01	3.6804e-02	0.151835	3
NHS	4	1.3800e-01	3.6804e-02	0.151835	3
BMP8B	4	1.3802e-01	3.6804e-02	0.151835	3
VTI1A	4	1.3804e-01	3.6804e-02	0.151835	3
C16orf46	4	1.3805e-01	3.6804e-02	0.151835	3
PPME1	4	1.3806e-01	3.6804e-02	0.151835	2
SLC25A37	4	1.3807e-01	3.6804e-02	0.151835	2
CLEC5A	4	1.3813e-01	3.6804e-02	0.151835	3
FAM167B	4	1.3827e-01	3.6805e-02	0.151835	2
GHRH	4	1.3829e-01	3.6805e-02	0.151835	2
MYOT	4	1.3837e-01	3.6805e-02	0.151835	3
GJC1	4	1.3838e-01	3.6805e-02	0.151835	3
OR6C76	4	1.3845e-01	3.6805e-02	0.151835	3
DACT2	4	1.3855e-01	3.6805e-02	0.151835	3
TFAP2E	4	1.3858e-01	3.6805e-02	0.151835	2
OR4F5	4	1.3859e-01	3.6805e-02	0.151835	3
USP29	4	1.3865e-01	3.6805e-02	0.151835	3
RERE	4	1.3867e-01	3.6805e-02	0.151835	3
LRRIQ1	4	1.3868e-01	3.6805e-02	0.151835	2
CT47A3	4	1.3873e-01	3.6805e-02	0.151835	3
CIB3	4	1.3874e-01	3.6805e-02	0.151835	2
PILRB	4	1.3879e-01	3.6805e-02	0.151835	2
TPRG1L	4	1.3881e-01	3.6805e-02	0.151835	2
DDX24	4	1.3888e-01	3.6805e-02	0.151835	2
PFKFB1	4	1.3895e-01	3.6805e-02	0.151835	3
CHRNB1	4	1.3900e-01	3.7134e-02	0.152963	2
IFI16	4	1.3901e-01	3.7134e-02	0.152963	3
AGAP9	4	1.3901e-01	3.7134e-02	0.152963	3
NTAN1	4	1.3902e-01	3.7134e-02	0.152963	2
GDA	4	1.3904e-01	3.7134e-02	0.152963	3
PPP2R5E	4	1.3908e-01	3.7134e-02	0.152963	3
DIAPH1	4	1.3909e-01	3.7134e-02	0.152963	3
ADAMTS6	4	1.3951e-01	3.7456e-02	0.154257	3
OR1I1	4	1.3959e-01	3.7780e-02	0.155189	3
BBS5	4	1.3964e-01	3.7780e-02	0.155189	3
TBC1D19	4	1.3969e-01	3.7780e-02	0.155189	3
FCGRT	4	1.3972e-01	3.7780e-02	0.155189	2
FBXW10	4	1.3974e-01	3.7780e-02	0.155189	2
NLRC5	4	1.3977e-01	3.7780e-02	0.155189	3
HMOX2	4	1.3982e-01	3.7780e-02	0.155189	3
UBE2J1	4	1.3984e-01	3.7780e-02	0.155189	3
MALRD1	4	1.3986e-01	3.7780e-02	0.155189	3
SAFB2	4	1.3986e-01	3.7780e-02	0.155189	2
AMHR2	4	1.3991e-01	3.7780e-02	0.155189	2
C1orf105	4	1.3991e-01	3.7780e-02	0.155189	2
MYOF	4	1.4001e-01	3.8079e-02	0.155450	3
ZNF143	4	1.4006e-01	3.8079e-02	0.155450	3
L2HGDH	4	1.4015e-01	3.8079e-02	0.155450	3
MPRIP	4	1.4018e-01	3.8079e-02	0.155450	2
PTN	4	1.4022e-01	3.8079e-02	0.155450	3
USP9X	4	1.4025e-01	3.8079e-02	0.155450	3
PIGY	4	1.4026e-01	3.8079e-02	0.155450	3
PBDC1	4	1.4027e-01	3.8079e-02	0.155450	2
TUSC5	4	1.4028e-01	3.8079e-02	0.155450	3
BTNL8	4	1.4030e-01	3.8079e-02	0.155450	3
MN1	4	1.4034e-01	3.8079e-02	0.155450	2
DHCR7	4	1.4038e-01	3.8079e-02	0.155450	3
GPATCH8	4	1.4040e-01	3.8079e-02	0.155450	2
CAPRIN1	4	1.4049e-01	3.8079e-02	0.155450	3
PSMD1	4	1.4052e-01	3.8080e-02	0.155450	3
PUM2	4	1.4055e-01	3.8080e-02	0.155450	3
TJP1	4	1.4065e-01	3.8080e-02	0.155450	2
ACCSL	4	1.4066e-01	3.8080e-02	0.155450	3
IGF2R	4	1.4069e-01	3.8080e-02	0.155450	2
ACADS	4	1.4071e-01	3.8080e-02	0.155450	2
VGF	4	1.4075e-01	3.8080e-02	0.155450	3
LAMTOR2	4	1.4077e-01	3.8080e-02	0.155450	3
PRKCB	4	1.4081e-01	3.8080e-02	0.155450	2
SERPING1	4	1.4083e-01	3.8080e-02	0.155450	3
KLF17	4	1.4086e-01	3.8080e-02	0.155450	3
OR1J4	4	1.4088e-01	3.8080e-02	0.155450	2
ZBTB10	4	1.4088e-01	3.8080e-02	0.155450	3
LDLRAD1	4	1.4090e-01	3.8080e-02	0.155450	3
C2orf50	4	1.4093e-01	3.8080e-02	0.155450	2
ARMCX5	4	1.4113e-01	3.8417e-02	0.156597	3
GTPBP8	4	1.4131e-01	3.8417e-02	0.156597	3
ANKRD31	4	1.4134e-01	3.8417e-02	0.156597	3
CLIP3	4	1.4137e-01	3.8418e-02	0.156597	2
CAV3	4	1.4142e-01	3.8418e-02	0.156597	3
C20orf203	4	1.4148e-01	3.8418e-02	0.156597	3
HAO1	4	1.4150e-01	3.8418e-02	0.156597	3
COL17A1	4	1.4168e-01	3.8765e-02	0.156619	3
KCNA7	4	1.4171e-01	3.8765e-02	0.156619	3
CARD17	4	1.4172e-01	3.8765e-02	0.156619	3
SOAT1	4	1.4173e-01	3.8765e-02	0.156619	3
DCAF12L1	4	1.4181e-01	3.8765e-02	0.156619	3
C20orf96	4	1.4183e-01	3.8765e-02	0.156619	2
HAVCR1	4	1.4185e-01	3.8765e-02	0.156619	2
GID4	4	1.4188e-01	3.8765e-02	0.156619	2
GYLTL1B	4	1.4188e-01	3.8765e-02	0.156619	2
ZNF676	4	1.4192e-01	3.8765e-02	0.156619	3
HLA-DMB	4	1.4197e-01	3.8765e-02	0.156619	3
PCDHB10	4	1.4198e-01	3.8765e-02	0.156619	3
DVL3	4	1.4199e-01	3.8765e-02	0.156619	2
OR11H2	4	1.4214e-01	3.8765e-02	0.156619	2
NXN	4	1.4219e-01	3.8765e-02	0.156619	3
EPOR	4	1.4232e-01	3.8766e-02	0.156619	3
C10orf76	4	1.4236e-01	3.8766e-02	0.156619	2
ZNF28	4	1.4236e-01	3.8766e-02	0.156619	2
HOXC5	4	1.4236e-01	3.8766e-02	0.156619	3
LMNB2	4	1.4253e-01	3.8766e-02	0.156619	3
MEAF6	4	1.4255e-01	3.8766e-02	0.156619	3
CCDC73	4	1.4260e-01	3.8766e-02	0.156619	2
ALDH5A1	4	1.4261e-01	3.8766e-02	0.156619	2
ABCD1	4	1.4269e-01	3.8766e-02	0.156619	3
C20orf202	4	1.4273e-01	3.8766e-02	0.156619	3
ZFP41	4	1.4275e-01	3.8766e-02	0.156619	2
PSPN	4	1.4275e-01	3.8766e-02	0.156619	2
NUDT19	4	1.4276e-01	3.8766e-02	0.156619	3
TEX28	4	1.4298e-01	3.9087e-02	0.156619	3
HM13	4	1.4305e-01	3.9087e-02	0.156619	3
USP17L5	4	1.4306e-01	3.9087e-02	0.156619	2
ZNF653	4	1.4310e-01	3.9087e-02	0.156619	2
GSTA2	4	1.4313e-01	3.9087e-02	0.156619	3
ADAD2	4	1.4324e-01	3.9087e-02	0.156619	2
RANBP10	4	1.4327e-01	3.9087e-02	0.156619	2
CDK11B	4	1.4331e-01	3.9087e-02	0.156619	3
DTX3L	4	1.4343e-01	3.9087e-02	0.156619	3
IPMK	4	1.4345e-01	3.9087e-02	0.156619	2
ARID4B	4	1.4349e-01	3.9087e-02	0.156619	1
RAB6B	4	1.4355e-01	3.9087e-02	0.156619	3
KRTAP5-1	4	1.4358e-01	3.9087e-02	0.156619	2
AMER3	4	1.4365e-01	3.9087e-02	0.156619	3
SUV420H2	4	1.4365e-01	3.9087e-02	0.156619	2
IFT20	4	1.4367e-01	3.9087e-02	0.156619	2
ASUN	4	1.4370e-01	3.9087e-02	0.156619	3
ZNF222	4	1.4372e-01	3.9087e-02	0.156619	1
MT1B	4	1.4373e-01	3.9087e-02	0.156619	3
KLHL14	4	1.4375e-01	3.9087e-02	0.156619	3
ST8SIA1	4	1.4379e-01	3.9087e-02	0.156619	3
SLC35G5	4	1.4388e-01	3.9087e-02	0.156619	3
OR5K3	4	1.4404e-01	3.9087e-02	0.156619	3
NIFK	4	1.4406e-01	3.9087e-02	0.156619	3
C6orf136	4	1.4424e-01	3.9087e-02	0.156619	3
QSOX1	4	1.4426e-01	3.9087e-02	0.156619	3
NFAT5	4	1.4430e-01	3.9087e-02	0.156619	2
TMCC3	4	1.4436e-01	3.9087e-02	0.156619	3
USP17L19	4	1.4440e-01	3.9087e-02	0.156619	3
DYNC1LI1	4	1.4443e-01	3.9087e-02	0.156619	3
GDPD5	4	1.4447e-01	3.9087e-02	0.156619	2
GCA	4	1.4459e-01	3.9087e-02	0.156619	3
CCDC168	4	1.4464e-01	3.9087e-02	0.156619	2
RAET1G	4	1.4465e-01	3.9087e-02	0.156619	3
METTL22	4	1.4465e-01	3.9087e-02	0.156619	3
GJC3	4	1.4467e-01	3.9087e-02	0.156619	3
C5AR2	4	1.4467e-01	3.9087e-02	0.156619	2
SLC25A4	4	1.4469e-01	3.9087e-02	0.156619	2
TLR7	4	1.4473e-01	3.9087e-02	0.156619	3
SLC9A1	4	1.4475e-01	3.9087e-02	0.156619	2
CREBRF	4	1.4477e-01	3.9087e-02	0.156619	3
PDP1	4	1.4483e-01	3.9087e-02	0.156619	3
SMEK2	4	1.4484e-01	3.9087e-02	0.156619	2
ADAMTS3	4	1.4500e-01	3.9087e-02	0.156619	3
KNTC1	4	1.4508e-01	3.9087e-02	0.156619	2
KLF6	4	1.4520e-01	3.9087e-02	0.156619	3
PAQR7	4	1.4542e-01	3.9087e-02	0.156619	2
LPCAT4	4	1.4545e-01	3.9087e-02	0.156619	3
CTSF	4	1.4547e-01	3.9087e-02	0.156619	3
SEC14L3	4	1.4548e-01	3.9087e-02	0.156619	3
PLD3	4	1.4551e-01	3.9087e-02	0.156619	3
ARL14	4	1.4558e-01	3.9087e-02	0.156619	3
ATXN7L2	4	1.4563e-01	3.9087e-02	0.156619	3
CACNA2D1	4	1.4581e-01	3.9795e-02	0.158791	3
NRXN2	4	1.4600e-01	3.9795e-02	0.158791	3
HK1	4	1.4600e-01	3.9795e-02	0.158791	3
PLD2	4	1.4601e-01	3.9795e-02	0.158791	2
TMEM173	4	1.4606e-01	3.9795e-02	0.158791	2
SCAF8	4	1.4608e-01	3.9795e-02	0.158791	3
HPS4	4	1.4620e-01	3.9795e-02	0.158791	2
PDILT	4	1.4621e-01	3.9795e-02	0.158791	2
CENPE	4	1.4639e-01	3.9795e-02	0.158791	3
ANKRD13D	4	1.4642e-01	3.9795e-02	0.158791	2
GPSM1	4	1.4647e-01	3.9795e-02	0.158791	2
FIP1L1	4	1.4652e-01	3.9795e-02	0.158791	3
PDCD1	4	1.4657e-01	3.9795e-02	0.158791	2
SLC25A35	4	1.4660e-01	3.9795e-02	0.158791	3
CLPS	4	1.4662e-01	3.9795e-02	0.158791	2
USMG5	4	1.4668e-01	3.9795e-02	0.158791	3
EIF4E3	4	1.4673e-01	3.9795e-02	0.158791	2
TRIL	4	1.4679e-01	3.9795e-02	0.158791	2
SGTA	4	1.4694e-01	3.9795e-02	0.158791	3
KLF13	4	1.4702e-01	3.9795e-02	0.158791	3
RIMBP3B	4	1.4716e-01	4.0146e-02	0.159624	3
PRSS42	4	1.4718e-01	4.0146e-02	0.159624	3
FADS1	4	1.4725e-01	4.0146e-02	0.159624	3
CAMSAP2	4	1.4731e-01	4.0146e-02	0.159624	1
SOX4	4	1.4738e-01	4.0146e-02	0.159624	2
HEPHL1	4	1.4739e-01	4.0146e-02	0.159624	3
EIF3J	4	1.4742e-01	4.0146e-02	0.159624	3
ASB8	4	1.4759e-01	4.0146e-02	0.159624	3
EVI5	4	1.4765e-01	4.0146e-02	0.159624	2
ZNF605	4	1.4773e-01	4.0146e-02	0.159624	3
TALDO1	4	1.4776e-01	4.0146e-02	0.159624	3
NIPAL1	4	1.4776e-01	4.0146e-02	0.159624	3
PPP3R2	4	1.4789e-01	4.0146e-02	0.159624	3
MRPL46	4	1.4799e-01	4.0146e-02	0.159624	3
GCFC2	4	1.4803e-01	4.0146e-02	0.159624	3
SLC17A8	4	1.4807e-01	4.0146e-02	0.159624	3
PDGFA	4	1.4809e-01	4.0146e-02	0.159624	3
F8A1	4	1.4816e-01	4.0506e-02	0.159794	3
ZNF552	4	1.4817e-01	4.0506e-02	0.159794	3
HIST1H2AC	4	1.4820e-01	4.0506e-02	0.159794	2
RWDD1	4	1.4836e-01	4.0506e-02	0.159794	3
C10orf55	4	1.4837e-01	4.0506e-02	0.159794	2
PGRMC2	4	1.4841e-01	4.0506e-02	0.159794	3
PAGE3	4	1.4845e-01	4.0506e-02	0.159794	1
HIST1H1B	4	1.4848e-01	4.0506e-02	0.159794	3
BAIAP2	4	1.4852e-01	4.0506e-02	0.159794	3
FAM102B	4	1.4859e-01	4.0506e-02	0.159794	3
CD177	4	1.4860e-01	4.0506e-02	0.159794	2
TNNT1	4	1.4861e-01	4.0506e-02	0.159794	3
ADM2	4	1.4866e-01	4.0506e-02	0.159794	3
NINL	4	1.4877e-01	4.0506e-02	0.159794	3
PRPH	4	1.4882e-01	4.0506e-02	0.159794	3
MCUR1	4	1.4883e-01	4.0506e-02	0.159794	3
FCGR3B	4	1.4892e-01	4.0506e-02	0.159794	3
FSD2	4	1.4893e-01	4.0506e-02	0.159794	2
LYSMD2	4	1.4897e-01	4.0506e-02	0.159794	3
FAS	4	1.4902e-01	4.0506e-02	0.159794	3
MDM2	4	1.4907e-01	4.0506e-02	0.159794	2
ZBED1	4	1.4921e-01	4.0507e-02	0.159794	3
NKX6-3	4	1.4922e-01	4.0507e-02	0.159794	2
UBE2J2	4	1.4925e-01	4.0507e-02	0.159794	2
SPRR2F	4	1.4929e-01	4.0507e-02	0.159794	3
RECQL5	4	1.4931e-01	4.0507e-02	0.159794	3
HPR	4	1.4936e-01	4.0507e-02	0.159794	2
GFPT2	4	1.4946e-01	4.0507e-02	0.159794	2
ACVR2B	4	1.4951e-01	4.0507e-02	0.159794	3
DDX4	4	1.4952e-01	4.0507e-02	0.159794	3
COQ2	4	1.4956e-01	4.0507e-02	0.159794	3
C2orf27A	4	1.4957e-01	4.0507e-02	0.159794	2
PAGE2B	4	1.4964e-01	4.0507e-02	0.159794	1
GK5	4	1.4965e-01	4.0507e-02	0.159794	2
AK1	4	1.4966e-01	4.0507e-02	0.159794	3
FAM222B	4	1.4979e-01	4.0507e-02	0.159794	3
C15orf54	4	1.4979e-01	4.0507e-02	0.159794	2
SULT4A1	4	1.4992e-01	4.0507e-02	0.159794	3
TFAP2A	4	1.5000e-01	4.0867e-02	0.160194	3
MUL1	4	1.5006e-01	4.0867e-02	0.160194	2
CTSW	4	1.5009e-01	4.0867e-02	0.160194	3
SHISA4	4	1.5012e-01	4.0867e-02	0.160194	3
ZNF695	4	1.5015e-01	4.0867e-02	0.160194	3
FOLH1B	4	1.5016e-01	4.0867e-02	0.160194	2
SPAG16	4	1.5016e-01	4.0867e-02	0.160194	3
ARMC9	4	1.5046e-01	4.0867e-02	0.160194	3
ARL5A	4	1.5047e-01	4.0867e-02	0.160194	3
ATXN2L	4	1.5055e-01	4.0867e-02	0.160194	3
C9orf78	4	1.5060e-01	4.0867e-02	0.160194	2
IDI1	4	1.5075e-01	4.0867e-02	0.160194	2
FAM195A	4	1.5077e-01	4.0867e-02	0.160194	3
HPCA	4	1.5079e-01	4.0867e-02	0.160194	1
ZNF736	4	1.5088e-01	4.0867e-02	0.160194	2
HIST4H4	4	1.5093e-01	4.0867e-02	0.160194	1
FAM135A	4	1.5102e-01	4.0868e-02	0.160194	3
SCAP	4	1.5106e-01	4.0868e-02	0.160194	1
DLX6	4	1.5128e-01	4.0868e-02	0.160194	3
KLRK1	4	1.5135e-01	4.0868e-02	0.160194	3
MTCH2	4	1.5137e-01	4.0868e-02	0.160194	3
BOLA2	4	1.5138e-01	4.0868e-02	0.160194	3
LSAMP	4	1.5141e-01	4.0868e-02	0.160194	2
MSANTD3	4	1.5144e-01	4.0868e-02	0.160194	3
PLXNC1	4	1.5147e-01	4.0868e-02	0.160194	3
TRIM25	4	1.5150e-01	4.0868e-02	0.160194	3
RUNDC1	4	1.5160e-01	4.0868e-02	0.160194	3
CHAC2	4	1.5162e-01	4.0868e-02	0.160194	3
NPS	4	1.5164e-01	4.0868e-02	0.160194	3
MRPL2	4	1.5169e-01	4.0868e-02	0.160194	2
HDAC9	4	1.5173e-01	4.0868e-02	0.160194	3
USP27X	4	1.5197e-01	4.1216e-02	0.161331	3
COA7	4	1.5198e-01	4.1216e-02	0.161331	2
RNF141	4	1.5207e-01	4.1216e-02	0.161331	2
FUT10	4	1.5211e-01	4.1216e-02	0.161331	2
KHDC1L	4	1.5211e-01	4.1216e-02	0.161331	2
AIRE	4	1.5220e-01	4.1217e-02	0.161331	3
CA2	4	1.5222e-01	4.1217e-02	0.161331	2
ALDH3B1	4	1.5230e-01	4.1574e-02	0.161836	3
CACNG3	4	1.5231e-01	4.1574e-02	0.161836	3
PPP1R1B	4	1.5237e-01	4.1574e-02	0.161836	2
DDX60L	4	1.5245e-01	4.1574e-02	0.161836	3
PPP1R13B	4	1.5246e-01	4.1574e-02	0.161836	3
CD1E	4	1.5248e-01	4.1574e-02	0.161836	2
WWP1	4	1.5250e-01	4.1574e-02	0.161836	3
C6orf118	4	1.5259e-01	4.1574e-02	0.161836	3
IL7R	4	1.5263e-01	4.1574e-02	0.161836	3
SPSB1	4	1.5270e-01	4.1574e-02	0.161836	3
ZNF654	4	1.5275e-01	4.1574e-02	0.161836	2
MYO1A	4	1.5278e-01	4.1575e-02	0.161836	3
METTL21C	4	1.5279e-01	4.1575e-02	0.161836	3
SLC9C1	4	1.5281e-01	4.1575e-02	0.161836	3
MITF	4	1.5283e-01	4.1575e-02	0.161836	3
KRTAP7-1	4	1.5297e-01	4.1575e-02	0.161836	3
EEF2KMT	4	1.5302e-01	4.1575e-02	0.161836	3
CGRRF1	4	1.5305e-01	4.1575e-02	0.161836	3
RRAD	4	1.5314e-01	4.1575e-02	0.161836	2
ST7	4	1.5319e-01	4.1575e-02	0.161836	3
RILP	4	1.5320e-01	4.1575e-02	0.161836	3
DHTKD1	4	1.5322e-01	4.1575e-02	0.161836	3
MTFP1	4	1.5322e-01	4.1575e-02	0.161836	2
RASSF7	4	1.5326e-01	4.1921e-02	0.161836	3
DBF4	4	1.5335e-01	4.1921e-02	0.161836	2
FAM149A	4	1.5341e-01	4.1921e-02	0.161836	3
GCK	4	1.5343e-01	4.1921e-02	0.161836	3
SSH3	4	1.5344e-01	4.1921e-02	0.161836	2
ATG16L2	4	1.5345e-01	4.1921e-02	0.161836	3
PRDX1	4	1.5346e-01	4.1921e-02	0.161836	3
TRAPPC3L	4	1.5352e-01	4.1921e-02	0.161836	3
ACOT1	4	1.5355e-01	4.1921e-02	0.161836	3
POM121C	4	1.5361e-01	4.1921e-02	0.161836	2
OR2T10	4	1.5366e-01	4.1921e-02	0.161836	3
RIBC2	4	1.5385e-01	4.1921e-02	0.161836	2
KLK9	4	1.5394e-01	4.1921e-02	0.161836	3
CENPB	4	1.5403e-01	4.1921e-02	0.161836	2
SLC5A4	4	1.5409e-01	4.1921e-02	0.161836	2
RNF112	4	1.5410e-01	4.1921e-02	0.161836	3
CEACAM21	4	1.5422e-01	4.1921e-02	0.161836	3
IL7	4	1.5429e-01	4.1921e-02	0.161836	3
E2F3	4	1.5431e-01	4.1921e-02	0.161836	3
CYP2J2	4	1.5431e-01	4.1921e-02	0.161836	3
FAM107B	4	1.5436e-01	4.1921e-02	0.161836	3
ETV3L	4	1.5440e-01	4.1922e-02	0.161836	2
FRG1	4	1.5444e-01	4.1922e-02	0.161836	3
ANKRD42	4	1.5455e-01	4.1922e-02	0.161836	3
CDC42BPG	4	1.5460e-01	4.1922e-02	0.161836	2
CSNK2A3	4	1.5462e-01	4.1922e-02	0.161836	1
PPT2	4	1.5467e-01	4.1922e-02	0.161836	2
CARKD	4	1.5481e-01	4.1922e-02	0.161836	3
MAGEB5	4	1.5495e-01	4.1922e-02	0.161836	3
PARL	4	1.5502e-01	4.1922e-02	0.161836	3
LRP12	4	1.5503e-01	4.1922e-02	0.161836	3
GSTP1	4	1.5505e-01	4.1922e-02	0.161836	3
PHLDB2	4	1.5505e-01	4.1922e-02	0.161836	2
ZBTB21	4	1.5514e-01	4.1922e-02	0.161836	3
PRPS2	4	1.5521e-01	4.1922e-02	0.161836	3
RAD21	4	1.5526e-01	4.1922e-02	0.161836	2
HEATR3	4	1.5528e-01	4.1922e-02	0.161836	3
BTNL9	4	1.5531e-01	4.1922e-02	0.161836	3
DENR	4	1.5532e-01	4.1922e-02	0.161836	3
ID4	4	1.5532e-01	4.1922e-02	0.161836	3
POTEH	4	1.5540e-01	4.1922e-02	0.161836	2
TBC1D23	4	1.5543e-01	4.1922e-02	0.161836	2
RPS6KA3	4	1.5545e-01	4.1922e-02	0.161836	2
TRIQK	4	1.5549e-01	4.1922e-02	0.161836	2
FAM114A2	4	1.5549e-01	4.1922e-02	0.161836	3
TPPP2	4	1.5552e-01	4.2294e-02	0.162260	3
PUS10	4	1.5560e-01	4.2294e-02	0.162260	2
SOAT2	4	1.5562e-01	4.2294e-02	0.162260	2
AMIGO3	4	1.5568e-01	4.2294e-02	0.162260	2
FRAT2	4	1.5576e-01	4.2294e-02	0.162260	1
NPR1	4	1.5579e-01	4.2294e-02	0.162260	3
MUC15	4	1.5592e-01	4.2294e-02	0.162260	3
NTRK3	4	1.5594e-01	4.2294e-02	0.162260	3
CT47A9	4	1.5599e-01	4.2294e-02	0.162260	3
P4HTM	4	1.5602e-01	4.2294e-02	0.162260	2
THPO	4	1.5604e-01	4.2294e-02	0.162260	2
QRICH1	4	1.5605e-01	4.2294e-02	0.162260	3
INS-IGF2	4	1.5608e-01	4.2294e-02	0.162260	3
TAT	4	1.5610e-01	4.2294e-02	0.162260	2
TRIM16L	4	1.5622e-01	4.2295e-02	0.162260	3
BTBD11	4	1.5627e-01	4.2295e-02	0.162260	3
FAM219B	4	1.5627e-01	4.2295e-02	0.162260	3
OR4C3	4	1.5629e-01	4.2295e-02	0.162260	3
TP53TG3D	4	1.5632e-01	4.2295e-02	0.162260	3
AGTR1	4	1.5635e-01	4.2295e-02	0.162260	3
CTSL	4	1.5637e-01	4.2295e-02	0.162260	2
PSMD8	4	1.5640e-01	4.2295e-02	0.162260	3
STK40	4	1.5642e-01	4.2295e-02	0.162260	3
SERPINB6	4	1.5644e-01	4.2295e-02	0.162260	3
SLX1B	4	1.5646e-01	4.2295e-02	0.162260	3
HABP2	4	1.5653e-01	4.2295e-02	0.162260	3
C22orf31	4	1.5655e-01	4.2295e-02	0.162260	2
AQP12B	4	1.5655e-01	4.2295e-02	0.162260	3
OBSL1	4	1.5657e-01	4.2295e-02	0.162260	3
CT45A7	4	1.5665e-01	4.2295e-02	0.162260	2
POLR2M	4	1.5666e-01	4.2295e-02	0.162260	3
PPEF1	4	1.5678e-01	4.2671e-02	0.163279	3
MCF2	4	1.5687e-01	4.2671e-02	0.163279	3
ARHGAP33	4	1.5689e-01	4.2671e-02	0.163279	3
NUDT13	4	1.5692e-01	4.2671e-02	0.163279	3
MAPK7	4	1.5697e-01	4.2671e-02	0.163279	3
BOLL	4	1.5700e-01	4.2671e-02	0.163279	3
RAB37	4	1.5712e-01	4.2671e-02	0.163279	2
ECT2L	4	1.5715e-01	4.2671e-02	0.163279	3
SHOX	4	1.5718e-01	4.2671e-02	0.163279	2
DEFB115	4	1.5718e-01	4.2671e-02	0.163279	3
CDH24	4	1.5731e-01	4.2671e-02	0.163279	3
CLDN15	4	1.5731e-01	4.2671e-02	0.163279	3
MRPS24	4	1.5737e-01	4.2671e-02	0.163279	3
PDLIM4	4	1.5743e-01	4.2998e-02	0.163941	2
TEX33	4	1.5746e-01	4.2998e-02	0.163941	3
FRMD4A	4	1.5747e-01	4.2998e-02	0.163941	3
XIRP1	4	1.5748e-01	4.2998e-02	0.163941	2
LRIT3	4	1.5755e-01	4.2998e-02	0.163941	3
FASTKD5	4	1.5765e-01	4.2998e-02	0.163941	2
OR52R1	4	1.5767e-01	4.2998e-02	0.163941	2
POU4F2	4	1.5773e-01	4.2998e-02	0.163941	3
PPP1R3A	4	1.5775e-01	4.2998e-02	0.163941	2
RBM41	4	1.5779e-01	4.2998e-02	0.163941	3
GAL	4	1.5784e-01	4.2998e-02	0.163941	3
EGFL7	4	1.5788e-01	4.2999e-02	0.163941	2
LBHD1	4	1.5799e-01	4.2999e-02	0.163941	3
HMGN1	4	1.5799e-01	4.2999e-02	0.163941	2
SLIT2	4	1.5801e-01	4.2999e-02	0.163941	3
NMB	4	1.5811e-01	4.2999e-02	0.163941	3
FOXI1	4	1.5815e-01	4.2999e-02	0.163941	2
ZNF341	4	1.5825e-01	4.2999e-02	0.163941	3
CD300LF	4	1.5832e-01	4.3386e-02	0.165256	3
ANKRD55	4	1.5836e-01	4.3386e-02	0.165256	3
ASCL4	4	1.5839e-01	4.3386e-02	0.165256	3
NKX2-8	4	1.5846e-01	4.3386e-02	0.165256	3
C4orf17	4	1.5859e-01	4.3387e-02	0.165256	3
CCDC39	4	1.5863e-01	4.3768e-02	0.165588	3
LYPLAL1	4	1.5867e-01	4.3768e-02	0.165588	3
PCTP	4	1.5872e-01	4.3768e-02	0.165588	3
MARVELD3	4	1.5877e-01	4.3768e-02	0.165588	3
CAPZA3	4	1.5885e-01	4.3768e-02	0.165588	2
SVIP	4	1.5887e-01	4.3768e-02	0.165588	3
TMEM244	4	1.5899e-01	4.3768e-02	0.165588	2
CAMSAP1	4	1.5901e-01	4.3768e-02	0.165588	3
LST1	4	1.5906e-01	4.3768e-02	0.165588	3
PRDM6	4	1.5910e-01	4.3768e-02	0.165588	3
METTL2B	4	1.5912e-01	4.3768e-02	0.165588	3
OR4D6	4	1.5916e-01	4.3768e-02	0.165588	3
CLHC1	4	1.5919e-01	4.3768e-02	0.165588	3
COL4A6	4	1.5922e-01	4.3768e-02	0.165588	2
SAMD9	4	1.5928e-01	4.3768e-02	0.165588	2
CD163L1	4	1.5929e-01	4.3768e-02	0.165588	3
GOLPH3	4	1.5936e-01	4.3769e-02	0.165588	3
VPS45	4	1.5939e-01	4.3769e-02	0.165588	3
AIFM3	4	1.5941e-01	4.3769e-02	0.165588	3
PRR32	4	1.5952e-01	4.3769e-02	0.165588	2
LIMD2	4	1.5958e-01	4.3769e-02	0.165588	2
ASB13	4	1.5960e-01	4.3769e-02	0.165588	2
SPRED3	4	1.5962e-01	4.3769e-02	0.165588	2
DIDO1	4	1.5963e-01	4.3769e-02	0.165588	3
ZRSR2	4	1.5964e-01	4.3769e-02	0.165588	3
CADM4	4	1.5967e-01	4.3769e-02	0.165588	1
DLX3	4	1.5968e-01	4.3769e-02	0.165588	2
CHRNE	4	1.5971e-01	4.3769e-02	0.165588	3
SLC7A11	4	1.5975e-01	4.3769e-02	0.165588	2
ARHGAP4	4	1.5980e-01	4.3769e-02	0.165588	3
TPH2	4	1.5990e-01	4.3769e-02	0.165588	3
MT1A	4	1.5999e-01	4.3769e-02	0.165588	3
TRAM1L1	4	1.5999e-01	4.3769e-02	0.165588	3
RCSD1	4	1.6003e-01	4.3769e-02	0.165588	3
GAB1	4	1.6017e-01	4.4134e-02	0.166936	3
FNDC3B	4	1.6031e-01	4.4486e-02	0.167508	2
F2RL1	4	1.6031e-01	4.4486e-02	0.167508	1
CCL3L3	4	1.6035e-01	4.4486e-02	0.167508	3
PCNP	4	1.6036e-01	4.4486e-02	0.167508	2
C19orf84	4	1.6039e-01	4.4486e-02	0.167508	3
SLC25A16	4	1.6042e-01	4.4486e-02	0.167508	3
OR6V1	4	1.6045e-01	4.4486e-02	0.167508	3
CNTNAP1	4	1.6046e-01	4.4486e-02	0.167508	2
FITM1	4	1.6047e-01	4.4486e-02	0.167508	2
POMT1	4	1.6054e-01	4.4486e-02	0.167508	3
MS4A10	4	1.6055e-01	4.4486e-02	0.167508	3
GIT1	4	1.6056e-01	4.4486e-02	0.167508	3
NPFFR2	4	1.6061e-01	4.4486e-02	0.167508	3
FGA	4	1.6062e-01	4.4486e-02	0.167508	3
ACTN1	4	1.6068e-01	4.4487e-02	0.167508	3
CDC14B	4	1.6071e-01	4.4487e-02	0.167508	3
VCPKMT	4	1.6072e-01	4.4487e-02	0.167508	2
GLIPR1L1	4	1.6077e-01	4.4487e-02	0.167508	3
TMEM87A	4	1.6083e-01	4.4487e-02	0.167508	3
OR2W5	4	1.6085e-01	4.4487e-02	0.167508	3
ZNF717	4	1.6088e-01	4.4487e-02	0.167508	2
TBPL1	4	1.6089e-01	4.4487e-02	0.167508	3
RAB5A	4	1.6092e-01	4.4487e-02	0.167508	3
ZNF618	4	1.6108e-01	4.8008e-02	0.179988	3
TFE3	4	1.6109e-01	4.8008e-02	0.179988	3
BBS7	4	1.6110e-01	4.8008e-02	0.179988	3
CNPPD1	4	1.6121e-01	4.8008e-02	0.179988	2
DNAJB8	4	1.6123e-01	4.8008e-02	0.179988	3
P2RY1	4	1.6129e-01	4.8008e-02	0.179988	2
SHISA3	4	1.6133e-01	4.8008e-02	0.179988	3
TTC28	4	1.6140e-01	4.8008e-02	0.179988	3
OR2A14	4	1.6148e-01	4.8008e-02	0.179988	3
SCOC	4	1.6157e-01	4.8008e-02	0.179988	2
UGT2B11	4	1.6169e-01	4.8008e-02	0.179988	3
TBC1D5	4	1.6173e-01	4.8008e-02	0.179988	2
FAM163A	4	1.6184e-01	4.8008e-02	0.179988	2
SPATA7	4	1.6197e-01	4.8008e-02	0.179988	3
SLC4A1AP	4	1.6202e-01	4.8008e-02	0.179988	2
TXK	4	1.6203e-01	4.8008e-02	0.179988	3
LOXL1	4	1.6204e-01	4.8008e-02	0.179988	3
DEFB4B	4	1.6224e-01	4.8008e-02	0.179988	3
AASDH	4	1.6240e-01	4.8008e-02	0.179988	2
DHX35	4	1.6245e-01	4.8008e-02	0.179988	2
CNTLN	4	1.6252e-01	4.8008e-02	0.179988	3
IRF9	4	1.6257e-01	4.8008e-02	0.179988	2
IGFBP2	4	1.6261e-01	4.8378e-02	0.180492	3
RHBDF1	4	1.6265e-01	4.8378e-02	0.180492	3
CTNNBL1	4	1.6269e-01	4.8378e-02	0.180492	3
CCDC79	4	1.6269e-01	4.8378e-02	0.180492	3
UGT1A8	4	1.6271e-01	4.8378e-02	0.180492	2
RPL22	4	1.6277e-01	4.8378e-02	0.180492	2
ACAP2	4	1.6278e-01	4.8378e-02	0.180492	3
HCN1	4	1.6279e-01	4.8378e-02	0.180492	3
SLC12A8	4	1.6282e-01	4.8378e-02	0.180492	3
ZNF569	4	1.6296e-01	4.8378e-02	0.180492	2
TMPRSS6	4	1.6301e-01	4.8378e-02	0.180492	3
KLHL17	4	1.6308e-01	4.8378e-02	0.180492	3
SNX6	4	1.6313e-01	4.8379e-02	0.180492	3
CXCL2	4	1.6321e-01	4.8379e-02	0.180492	3
KCNAB3	4	1.6325e-01	4.8379e-02	0.180492	3
SELT	4	1.6330e-01	4.8379e-02	0.180492	3
FAM19A3	4	1.6336e-01	4.8379e-02	0.180492	3
HELZ2	4	1.6338e-01	4.8379e-02	0.180492	3
FER1L6	4	1.6339e-01	4.8379e-02	0.180492	3
B2M	4	1.6340e-01	4.8379e-02	0.180492	3
ADAM30	4	1.6345e-01	4.8379e-02	0.180492	3
FSD1L	4	1.6345e-01	4.8379e-02	0.180492	3
CUBN	4	1.6353e-01	4.8379e-02	0.180492	3
ENTPD5	4	1.6358e-01	4.8379e-02	0.180492	2
L3MBTL1	4	1.6360e-01	4.8379e-02	0.180492	3
ZC3H15	4	1.6365e-01	4.8743e-02	0.181077	3
SEMA3G	4	1.6372e-01	4.8743e-02	0.181077	3
WIZ	4	1.6377e-01	4.8743e-02	0.181077	3
TMEM201	4	1.6381e-01	4.8743e-02	0.181077	3
TXLNB	4	1.6388e-01	4.8743e-02	0.181077	3
OR5AP2	4	1.6394e-01	4.8743e-02	0.181077	3
IL1B	4	1.6398e-01	4.8743e-02	0.181077	3
ZNF211	4	1.6406e-01	4.8743e-02	0.181077	3
PANX2	4	1.6407e-01	4.8743e-02	0.181077	2
PCDHB14	4	1.6410e-01	4.8743e-02	0.181077	3
LRRC27	4	1.6416e-01	4.8744e-02	0.181077	2
EDNRB	4	1.6425e-01	4.8744e-02	0.181077	1
RAB3A	4	1.6426e-01	4.8744e-02	0.181077	3
ST5	4	1.6431e-01	4.8744e-02	0.181077	3
FTSJ2	4	1.6440e-01	4.8744e-02	0.181077	3
ZNF749	4	1.6441e-01	4.8744e-02	0.181077	3
PNPLA6	4	1.6443e-01	4.8744e-02	0.181077	1
GLOD4	4	1.6449e-01	4.8744e-02	0.181077	3
ZNF566	4	1.6456e-01	4.8744e-02	0.181077	3
SPA17	4	1.6463e-01	4.8744e-02	0.181077	3
PRDM1	4	1.6464e-01	4.8744e-02	0.181077	3
DUSP12	4	1.6465e-01	4.8744e-02	0.181077	3
UBXN11	4	1.6479e-01	4.9137e-02	0.182502	2
LSP1	4	1.6491e-01	4.9893e-02	0.185167	3
SULT1C4	4	1.6500e-01	4.9893e-02	0.185167	3
TXNDC5	4	1.6501e-01	4.9893e-02	0.185167	2
RNF103	4	1.6504e-01	4.9893e-02	0.185167	3
C12orf29	4	1.6507e-01	5.0271e-02	0.186464	3
PITPNM1	4	1.6509e-01	5.0272e-02	0.186464	3
NABP1	4	1.6511e-01	5.0272e-02	0.186464	2
S100Z	4	1.6530e-01	5.0662e-02	0.187258	3
GLS	4	1.6543e-01	5.0662e-02	0.187258	2
BPIFB4	4	1.6552e-01	5.0662e-02	0.187258	3
TINAG	4	1.6556e-01	5.0662e-02	0.187258	3
EVX2	4	1.6557e-01	5.0662e-02	0.187258	3
HEATR4	4	1.6574e-01	5.0662e-02	0.187258	3
ATF3	4	1.6575e-01	5.0662e-02	0.187258	3
IFNA17	4	1.6577e-01	5.0662e-02	0.187258	3
FKBP15	4	1.6581e-01	5.0662e-02	0.187258	3
PRPSAP1	4	1.6581e-01	5.0662e-02	0.187258	3
MOB3A	4	1.6589e-01	5.0662e-02	0.187258	3
JRK	4	1.6591e-01	5.0662e-02	0.187258	3
OR2L2	4	1.6592e-01	5.0662e-02	0.187258	2
DEDD2	4	1.6599e-01	5.0662e-02	0.187258	3
PRRT4	4	1.6603e-01	5.0662e-02	0.187258	3
USP18	4	1.6612e-01	5.0662e-02	0.187258	3
C7orf31	4	1.6630e-01	5.0662e-02	0.187258	3
LCA5	4	1.6633e-01	5.0662e-02	0.187258	3
TMSB10	4	1.6636e-01	5.1052e-02	0.188043	2
LEF1	4	1.6637e-01	5.1052e-02	0.188043	2
HOXA5	4	1.6641e-01	5.1052e-02	0.188043	3
NPBWR2	4	1.6641e-01	5.1052e-02	0.188043	2
SUPT4H1	4	1.6641e-01	5.1052e-02	0.188043	3
RAG1	4	1.6657e-01	5.1052e-02	0.188043	3
FUK	4	1.6659e-01	5.1052e-02	0.188043	2
SUN3	4	1.6671e-01	5.1052e-02	0.188043	3
CD200R1L	4	1.6676e-01	5.1052e-02	0.188043	3
ANKS1B	4	1.6677e-01	5.1052e-02	0.188043	3
ATF6	4	1.6681e-01	5.1052e-02	0.188043	3
PHOX2B	4	1.6683e-01	5.1052e-02	0.188043	3
CDK6	4	1.6683e-01	5.1052e-02	0.188043	3
IMPA1	4	1.6688e-01	5.1052e-02	0.188043	2
HADHB	4	1.6689e-01	5.1052e-02	0.188043	3
TRMT10C	4	1.6705e-01	5.1052e-02	0.188043	2
EFNA5	4	1.6714e-01	5.1052e-02	0.188043	3
AOC2	4	1.6719e-01	5.1464e-02	0.189524	3
PMEPA1	4	1.6728e-01	5.1862e-02	0.190846	1
ABCB8	4	1.6744e-01	5.1862e-02	0.190846	2
BNIPL	4	1.6764e-01	5.1863e-02	0.190846	3
OOEP	4	1.6765e-01	5.1863e-02	0.190846	2
SEH1L	4	1.6782e-01	5.2212e-02	0.191728	2
FGF3	4	1.6789e-01	5.2212e-02	0.191728	3
TTC26	4	1.6791e-01	5.2212e-02	0.191728	3
METTL21A	4	1.6791e-01	5.2212e-02	0.191728	2
MKKS	4	1.6795e-01	5.2212e-02	0.191728	3
OR10K1	4	1.6797e-01	5.2212e-02	0.191728	2
ZNF565	4	1.6799e-01	5.2213e-02	0.191728	2
JAK1	4	1.6800e-01	5.2213e-02	0.191728	2
CNGA3	4	1.6801e-01	5.2213e-02	0.191728	3
SPANXB1	4	1.6804e-01	5.2213e-02	0.191728	3
MYL9	4	1.6816e-01	5.2213e-02	0.191728	3
TSPAN5	4	1.6825e-01	5.2578e-02	0.192569	3
MBD3L4	4	1.6828e-01	5.2578e-02	0.192569	2
VWA1	4	1.6828e-01	5.2578e-02	0.192569	3
TTYH2	4	1.6830e-01	5.2578e-02	0.192569	2
TMEM178B	4	1.6838e-01	5.2578e-02	0.192569	3
C19orf35	4	1.6859e-01	5.2975e-02	0.192569	2
THSD4	4	1.6860e-01	5.2975e-02	0.192569	3
PCDHB15	4	1.6870e-01	5.2975e-02	0.192569	2
MYADML2	4	1.6872e-01	5.2975e-02	0.192569	1
FAM171A1	4	1.6873e-01	5.2975e-02	0.192569	3
LCE2A	4	1.6878e-01	5.2975e-02	0.192569	2
AMD1	4	1.6892e-01	5.2975e-02	0.192569	2
OR6S1	4	1.6892e-01	5.2975e-02	0.192569	1
ECM1	4	1.6899e-01	5.2975e-02	0.192569	3
MFF	4	1.6903e-01	5.2975e-02	0.192569	3
KRTAP21-2	4	1.6905e-01	5.2975e-02	0.192569	3
C9orf50	4	1.6912e-01	5.2975e-02	0.192569	3
MMP11	4	1.6913e-01	5.2975e-02	0.192569	2
PCM1	4	1.6929e-01	5.2975e-02	0.192569	3
MOCS1	4	1.6931e-01	5.2975e-02	0.192569	2
CTDSP2	4	1.6939e-01	5.2975e-02	0.192569	1
ANGPTL6	4	1.6940e-01	5.2975e-02	0.192569	3
KREMEN1	4	1.6940e-01	5.2975e-02	0.192569	3
TRIM61	4	1.6949e-01	5.2975e-02	0.192569	3
SPACA5	4	1.6958e-01	5.2975e-02	0.192569	3
SLC35B3	4	1.6969e-01	5.2975e-02	0.192569	3
ZC3H6	4	1.6975e-01	5.2976e-02	0.192569	3
HESX1	4	1.6977e-01	5.2976e-02	0.192569	3
NPPC	4	1.6984e-01	5.2976e-02	0.192569	3
DNAH7	4	1.6984e-01	5.2976e-02	0.192569	2
LOC401052	4	1.6986e-01	5.2976e-02	0.192569	3
SPRR2G	4	1.6991e-01	5.2976e-02	0.192569	3
CNGA1	4	1.6993e-01	5.2976e-02	0.192569	3
TIGD4	4	1.6995e-01	5.2976e-02	0.192569	3
TP63	4	1.6999e-01	5.2976e-02	0.192569	2
ILDR1	4	1.7007e-01	5.2976e-02	0.192569	2
DNAI1	4	1.7009e-01	5.2976e-02	0.192569	3
PMP2	4	1.7014e-01	5.2976e-02	0.192569	3
ZNF808	4	1.7020e-01	5.2976e-02	0.192569	3
METTL4	4	1.7026e-01	5.2976e-02	0.192569	3
ZFP3	4	1.7034e-01	5.2976e-02	0.192569	1
SAYSD1	4	1.7034e-01	5.2976e-02	0.192569	2
NELL2	4	1.7036e-01	5.2976e-02	0.192569	3
EPHB2	4	1.7038e-01	5.2976e-02	0.192569	3
NOTCH2	4	1.7043e-01	5.2976e-02	0.192569	3
ANKHD1	4	1.7043e-01	5.2976e-02	0.192569	3
CDC20B	4	1.7048e-01	5.2976e-02	0.192569	3
RAB35	4	1.7050e-01	5.2976e-02	0.192569	3
OSBPL9	4	1.7052e-01	5.2976e-02	0.192569	3
ARFGAP1	4	1.7067e-01	5.2976e-02	0.192569	3
SLC16A3	4	1.7075e-01	5.2976e-02	0.192569	2
CCDC88C	4	1.7077e-01	5.2976e-02	0.192569	2
DDR2	4	1.7080e-01	5.2976e-02	0.192569	3
C9orf47	4	1.7099e-01	5.3364e-02	0.193834	3
ITLN1	4	1.7119e-01	5.3364e-02	0.193834	3
PCK2	4	1.7123e-01	5.3364e-02	0.193834	3
LAPTM4B	4	1.7128e-01	5.3364e-02	0.193834	3
FAM76A	4	1.7151e-01	5.3785e-02	0.195067	3
PIDD1	4	1.7155e-01	5.3785e-02	0.195067	2
C15orf65	4	1.7163e-01	5.3785e-02	0.195067	3
CEACAM4	4	1.7164e-01	5.3786e-02	0.195067	2
ATP5E	4	1.7164e-01	5.3786e-02	0.195067	3
PCP4L1	4	1.7168e-01	5.3786e-02	0.195067	2
GABBR1	4	1.7170e-01	5.3786e-02	0.195067	3
C17orf47	4	1.7173e-01	5.3786e-02	0.195067	3
SLC35G6	4	1.7184e-01	5.4199e-02	0.196492	1
GAB2	4	1.7185e-01	5.4199e-02	0.196492	3
UGT2B10	4	1.7192e-01	5.4629e-02	0.196969	3
MTHFD2	4	1.7212e-01	5.4629e-02	0.196969	2
FAM83F	4	1.7223e-01	5.4629e-02	0.196969	3
PDE1A	4	1.7224e-01	5.4629e-02	0.196969	3
PGRMC1	4	1.7235e-01	5.4629e-02	0.196969	2
TMSB15A	4	1.7237e-01	5.4629e-02	0.196969	3
SUGCT	4	1.7252e-01	5.4629e-02	0.196969	3
EXOC3L1	4	1.7253e-01	5.4629e-02	0.196969	3
GLRA3	4	1.7256e-01	5.4629e-02	0.196969	2
TOP2B	4	1.7258e-01	5.4629e-02	0.196969	3
ZNF221	4	1.7264e-01	5.4629e-02	0.196969	3
SIGLEC11	4	1.7265e-01	5.4629e-02	0.196969	2
GNB2	4	1.7268e-01	5.4629e-02	0.196969	3
REG1A	4	1.7273e-01	5.4630e-02	0.196969	3
CEP44	4	1.7287e-01	5.4630e-02	0.196969	2
HAP1	4	1.7290e-01	5.4630e-02	0.196969	3
HIST1H4G	4	1.7290e-01	5.4630e-02	0.196969	3
PLSCR1	4	1.7296e-01	5.4630e-02	0.196969	3
KRTCAP2	4	1.7297e-01	5.4630e-02	0.196969	3
GALR3	4	1.7305e-01	5.4630e-02	0.196969	3
C10orf99	4	1.7312e-01	5.4630e-02	0.196969	3
SLC9A5	4	1.7312e-01	5.4630e-02	0.196969	2
CTTNBP2	4	1.7317e-01	5.4630e-02	0.196969	3
ZBTB47	4	1.7322e-01	5.4630e-02	0.196969	3
HIST1H2AG	4	1.7327e-01	5.4630e-02	0.196969	2
PAPD7	4	1.7329e-01	5.4630e-02	0.196969	3
CCNG1	4	1.7341e-01	5.4630e-02	0.196969	3
EYA2	4	1.7344e-01	5.4630e-02	0.196969	3
ADAMDEC1	4	1.7349e-01	5.4630e-02	0.196969	2
MED9	4	1.7357e-01	5.5050e-02	0.197408	2
POTEI	4	1.7362e-01	5.5050e-02	0.197408	2
KCTD14	4	1.7366e-01	5.5050e-02	0.197408	3
TMPRSS4	4	1.7366e-01	5.5050e-02	0.197408	3
LOC400736	4	1.7370e-01	5.5050e-02	0.197408	2
FAM57A	4	1.7375e-01	5.5050e-02	0.197408	3
FASTKD2	4	1.7375e-01	5.5050e-02	0.197408	2
SLC13A1	4	1.7379e-01	5.5050e-02	0.197408	2
ANKRD62	4	1.7380e-01	5.5050e-02	0.197408	3
OLR1	4	1.7382e-01	5.5050e-02	0.197408	2
TEX40	4	1.7385e-01	5.5050e-02	0.197408	3
TNFSF18	4	1.7392e-01	5.5050e-02	0.197408	2
MRPS15	4	1.7393e-01	5.5050e-02	0.197408	2
OR51D1	4	1.7394e-01	5.5050e-02	0.197408	2
DERA	4	1.7404e-01	5.5050e-02	0.197408	2
FCGR1B	4	1.7404e-01	5.5050e-02	0.197408	2
NIPSNAP1	4	1.7404e-01	5.5050e-02	0.197408	2
HSPA1L	4	1.7408e-01	5.5050e-02	0.197408	2
HPGDS	4	1.7416e-01	5.5051e-02	0.197408	3
TFCP2L1	4	1.7417e-01	5.5051e-02	0.197408	3
SCGB2A1	4	1.7418e-01	5.5051e-02	0.197408	2
EFCAB6	4	1.7419e-01	5.5051e-02	0.197408	3
HTR6	4	1.7420e-01	5.5051e-02	0.197408	3
MRPS36	4	1.7430e-01	5.5051e-02	0.197408	2
SPHK1	4	1.7432e-01	5.5051e-02	0.197408	3
SLC17A3	4	1.7437e-01	5.5051e-02	0.197408	3
AP1S3	4	1.7439e-01	5.5051e-02	0.197408	3
CEP63	4	1.7451e-01	5.5051e-02	0.197408	3
ZNF121	4	1.7461e-01	5.5051e-02	0.197408	3
HAS2	4	1.7466e-01	5.5492e-02	0.198248	3
EEA1	4	1.7467e-01	5.5492e-02	0.198248	3
MYCBP	4	1.7472e-01	5.5492e-02	0.198248	3
EPM2A	4	1.7473e-01	5.5492e-02	0.198248	3
GUCA1B	4	1.7479e-01	5.5492e-02	0.198248	3
RAP1GAP	4	1.7481e-01	5.5492e-02	0.198248	2
MAGED4B	4	1.7485e-01	5.5492e-02	0.198248	2
CCR3	4	1.7487e-01	5.5492e-02	0.198248	2
SPNS1	4	1.7489e-01	5.5492e-02	0.198248	3
HSD17B7	4	1.7494e-01	5.5492e-02	0.198248	3
SLFN13	4	1.7496e-01	5.5493e-02	0.198248	3
TMTC4	4	1.7500e-01	5.5493e-02	0.198248	3
ZNF354C	4	1.7501e-01	5.5493e-02	0.198248	3
PON2	4	1.7507e-01	5.5493e-02	0.198248	2
FPGS	4	1.7513e-01	5.5493e-02	0.198248	3
ZNF35	4	1.7516e-01	5.5493e-02	0.198248	3
HACD2	4	1.7516e-01	5.5493e-02	0.198248	3
FAM166B	4	1.7521e-01	5.5493e-02	0.198248	3
C19orf24	4	1.7523e-01	5.5493e-02	0.198248	3
NAPG	4	1.7523e-01	5.5493e-02	0.198248	3
UTS2	4	1.7525e-01	5.5699e-02	0.198425	3
C15orf32	4	1.7526e-01	5.5905e-02	0.198425	2
PEPD	4	1.7532e-01	5.5905e-02	0.198425	2
CD300LD	4	1.7538e-01	5.5905e-02	0.198425	3
BTNL3	4	1.7544e-01	5.5905e-02	0.198425	2
APOOL	4	1.7559e-01	5.5905e-02	0.198425	2
ZNF385B	4	1.7567e-01	5.5905e-02	0.198425	2
CNOT6	4	1.7570e-01	5.5905e-02	0.198425	3
TMEM176B	4	1.7573e-01	5.5905e-02	0.198425	2
RSPO1	4	1.7576e-01	5.5905e-02	0.198425	2
ZNF730	4	1.7580e-01	5.5905e-02	0.198425	3
LCN6	4	1.7581e-01	5.5905e-02	0.198425	2
ASPSCR1	4	1.7589e-01	5.5905e-02	0.198425	3
HIST1H1C	4	1.7598e-01	5.5905e-02	0.198425	3
SELPLG	4	1.7619e-01	5.5905e-02	0.198425	3
UPP1	4	1.7628e-01	5.5905e-02	0.198425	3
CT47A1	4	1.7635e-01	5.5905e-02	0.198425	3
ZNF773	4	1.7642e-01	5.5905e-02	0.198425	3
DCDC2	4	1.7667e-01	5.5905e-02	0.198425	3
SH2D1B	4	1.7671e-01	5.5905e-02	0.198425	3
CLCN7	4	1.7676e-01	5.5905e-02	0.198425	3
PODXL	4	1.7679e-01	5.5905e-02	0.198425	2
ALX3	4	1.7680e-01	5.5905e-02	0.198425	2
ODAM	4	1.7681e-01	5.5905e-02	0.198425	3
SAMD13	4	1.7693e-01	5.5905e-02	0.198425	3
PCDHGC3	4	1.7696e-01	5.5905e-02	0.198425	2
CYP2R1	4	1.7702e-01	5.5905e-02	0.198425	2
SLC31A1	4	1.7704e-01	5.5905e-02	0.198425	3
ASB1	4	1.7719e-01	5.5905e-02	0.198425	2
ZSCAN21	4	1.7722e-01	5.5905e-02	0.198425	3
ETFB	4	1.7735e-01	5.5905e-02	0.198425	2
BHLHE41	4	1.7740e-01	5.5905e-02	0.198425	3
HSPBAP1	4	1.7743e-01	5.5905e-02	0.198425	3
MAGEA5	4	1.7743e-01	5.5905e-02	0.198425	3
TMEM42	4	1.7745e-01	5.5905e-02	0.198425	3
ENTHD2	4	1.7751e-01	5.6330e-02	0.199488	3
ZNF778	4	1.7770e-01	5.6330e-02	0.199488	3
CECR1	4	1.7770e-01	5.6330e-02	0.199488	3
ZNF208	4	1.7784e-01	5.6330e-02	0.199488	3
MBNL2	4	1.7784e-01	5.6330e-02	0.199488	2
SERPINA10	4	1.7785e-01	5.6330e-02	0.199488	3
RIMKLA	4	1.7819e-01	5.6330e-02	0.199488	3
OR8D2	4	1.7819e-01	5.6330e-02	0.199488	3
CLDN9	4	1.7823e-01	5.6330e-02	0.199488	3
CELA3A	4	1.7825e-01	5.6330e-02	0.199488	3
TCEAL2	4	1.7826e-01	5.6330e-02	0.199488	2
NMRK2	4	1.7828e-01	5.6330e-02	0.199488	3
ACP2	4	1.7831e-01	5.6797e-02	0.200769	3
NEK11	4	1.7837e-01	5.6797e-02	0.200769	3
TSPAN2	4	1.7841e-01	5.6797e-02	0.200769	2
RCCD1	4	1.7846e-01	5.6797e-02	0.200769	3
HMGN4	4	1.7847e-01	5.6797e-02	0.200769	3
FICD	4	1.7848e-01	5.6797e-02	0.200769	3
PEBP1	4	1.7858e-01	5.6797e-02	0.200769	3
MYH15	4	1.7862e-01	5.6797e-02	0.200769	2
ZNF821	4	1.7863e-01	5.6797e-02	0.200769	3
ARSF	4	1.7868e-01	5.6797e-02	0.200769	3
ARL3	4	1.7872e-01	5.7175e-02	0.200769	3
RAP1B	4	1.7883e-01	5.7175e-02	0.200769	2
HSF2BP	4	1.7889e-01	5.7175e-02	0.200769	3
POLR3GL	4	1.7895e-01	5.7175e-02	0.200769	3
MFAP3	4	1.7898e-01	5.7175e-02	0.200769	2
CYBA	4	1.7899e-01	5.7175e-02	0.200769	3
DCST2	4	1.7900e-01	5.7175e-02	0.200769	3
CCDC88B	4	1.7901e-01	5.7175e-02	0.200769	3
ASCL1	4	1.7903e-01	5.7175e-02	0.200769	3
ACAT1	4	1.7915e-01	5.7175e-02	0.200769	3
CBWD3	4	1.7916e-01	5.7175e-02	0.200769	2
PTPRD	4	1.7918e-01	5.7175e-02	0.200769	3
MYBPC2	4	1.7927e-01	5.7175e-02	0.200769	2
CDKN3	4	1.7930e-01	5.7175e-02	0.200769	3
MCF2L	4	1.7934e-01	5.7175e-02	0.200769	2
PINK1	4	1.7935e-01	5.7175e-02	0.200769	3
GALNT3	4	1.7942e-01	5.7175e-02	0.200769	3
TJP2	4	1.7945e-01	5.7175e-02	0.200769	3
WDR17	4	1.7945e-01	5.7175e-02	0.200769	2
C18orf25	4	1.7947e-01	5.7175e-02	0.200769	3
SLC47A1	4	1.7952e-01	5.7175e-02	0.200769	3
TMSB15B	4	1.7962e-01	5.7175e-02	0.200769	3
TGFBR2	4	1.7966e-01	5.7175e-02	0.200769	2
OR51F2	4	1.7974e-01	5.7175e-02	0.200769	2
SYT17	4	1.7975e-01	5.7175e-02	0.200769	3
CALCOCO1	4	1.7976e-01	5.7175e-02	0.200769	3
MAP7D3	4	1.7983e-01	5.7175e-02	0.200769	2
PHF2	4	1.7992e-01	5.7175e-02	0.200769	2
WFDC3	4	1.7994e-01	5.7175e-02	0.200769	3
TP53BP2	4	1.7996e-01	5.7175e-02	0.200769	2
BOD1	4	1.8034e-01	5.7175e-02	0.200769	3
ENPP4	4	1.8035e-01	5.7175e-02	0.200769	3
ARL4D	4	1.8037e-01	5.7175e-02	0.200769	3
SLC35E2B	4	1.8048e-01	5.7175e-02	0.200769	3
UROC1	4	1.8050e-01	5.7175e-02	0.200769	2
KRBA2	4	1.8050e-01	5.7175e-02	0.200769	3
ATP5L	4	1.8068e-01	5.8053e-02	0.203143	3
SIRT3	4	1.8071e-01	5.8053e-02	0.203143	2
TCP10L	4	1.8072e-01	5.8053e-02	0.203143	1
LPAR3	4	1.8075e-01	5.8053e-02	0.203143	3
CCL25	4	1.8080e-01	5.8053e-02	0.203143	3
SCLY	4	1.8081e-01	5.8053e-02	0.203143	3
ITGB2	4	1.8089e-01	5.8053e-02	0.203143	2
CHST6	4	1.8095e-01	5.8053e-02	0.203143	3
MOCOS	4	1.8101e-01	5.8053e-02	0.203143	2
HBZ	4	1.8107e-01	5.8053e-02	0.203143	3
TBC1D28	4	1.8108e-01	5.8053e-02	0.203143	3
NICN1	4	1.8109e-01	5.8053e-02	0.203143	2
VKORC1L1	4	1.8111e-01	5.8053e-02	0.203143	2
TIGD2	4	1.8113e-01	5.8053e-02	0.203143	3
KRTAP4-4	4	1.8117e-01	5.8053e-02	0.203143	3
ISOC1	4	1.8119e-01	5.8053e-02	0.203143	3
TICAM1	4	1.8123e-01	5.8053e-02	0.203143	3
CCDC17	4	1.8125e-01	5.8053e-02	0.203143	3
SZT2	4	1.8125e-01	5.8053e-02	0.203143	2
OR10H5	4	1.8135e-01	5.8507e-02	0.203765	3
ZNF14	4	1.8139e-01	5.8507e-02	0.203765	3
PSEN1	4	1.8143e-01	5.8507e-02	0.203765	3
RS1	4	1.8150e-01	5.8507e-02	0.203765	3
MORC1	4	1.8152e-01	5.8507e-02	0.203765	3
THUMPD1	4	1.8155e-01	5.8507e-02	0.203765	2
CDH1	4	1.8160e-01	5.8507e-02	0.203765	3
TGDS	4	1.8166e-01	5.8507e-02	0.203765	3
GPRIN3	4	1.8173e-01	5.8507e-02	0.203765	2
EHBP1L1	4	1.8174e-01	5.8507e-02	0.203765	1
BGN	4	1.8175e-01	5.8508e-02	0.203765	2
SMCR8	4	1.8179e-01	5.8508e-02	0.203765	3
HTR3D	4	1.8188e-01	5.8508e-02	0.203765	2
PANK4	4	1.8191e-01	5.8508e-02	0.203765	3
MORN2	4	1.8191e-01	5.8508e-02	0.203765	3
SLC44A5	4	1.8195e-01	5.8508e-02	0.203765	2
C2CD3	4	1.8197e-01	5.8508e-02	0.203765	3
CERS1	4	1.8197e-01	5.8508e-02	0.203765	3
ARG1	4	1.8200e-01	5.8508e-02	0.203765	3
UFSP1	4	1.8201e-01	5.8508e-02	0.203765	3
FJX1	4	1.8205e-01	5.8508e-02	0.203765	3
MUS81	4	1.8207e-01	5.8508e-02	0.203765	2
FKBP10	4	1.8215e-01	5.8508e-02	0.203765	3
MICB	4	1.8219e-01	5.8508e-02	0.203765	2
LAT	4	1.8219e-01	5.8508e-02	0.203765	3
CCDC158	4	1.8241e-01	5.9163e-02	0.205970	2
NYAP1	4	1.8255e-01	5.9354e-02	0.206138	3
SRGN	4	1.8260e-01	5.9354e-02	0.206138	2
MYBL1	4	1.8261e-01	5.9355e-02	0.206138	3
COL6A5	4	1.8272e-01	5.9355e-02	0.206138	2
PHF3	4	1.8282e-01	5.9806e-02	0.206138	3
CCDC179	4	1.8289e-01	5.9806e-02	0.206138	3
NOS2	4	1.8294e-01	5.9806e-02	0.206138	3
ZNF18	4	1.8302e-01	5.9806e-02	0.206138	2
MRPL49	4	1.8303e-01	5.9806e-02	0.206138	2
AKT1	4	1.8305e-01	5.9806e-02	0.206138	2
RPH3AL	4	1.8309e-01	5.9806e-02	0.206138	3
GCGR	4	1.8318e-01	5.9806e-02	0.206138	3
AIFM2	4	1.8323e-01	5.9806e-02	0.206138	3
IFITM10	4	1.8334e-01	5.9806e-02	0.206138	2
KIAA0930	4	1.8335e-01	5.9806e-02	0.206138	3
LOC101928436	4	1.8343e-01	5.9806e-02	0.206138	2
OR7A17	4	1.8348e-01	5.9806e-02	0.206138	2
NPAS2	4	1.8348e-01	5.9806e-02	0.206138	3
MAN1B1	4	1.8353e-01	5.9806e-02	0.206138	3
LHCGR	4	1.8355e-01	5.9806e-02	0.206138	3
EFNA2	4	1.8358e-01	5.9806e-02	0.206138	2
OR2A42	4	1.8365e-01	5.9806e-02	0.206138	3
LEPR	4	1.8367e-01	5.9806e-02	0.206138	3
SH3RF2	4	1.8371e-01	6.0181e-02	0.206138	3
C16orf93	4	1.8374e-01	6.0181e-02	0.206138	2
CDRT4	4	1.8376e-01	6.0181e-02	0.206138	3
AP1B1	4	1.8377e-01	6.0181e-02	0.206138	3
CASZ1	4	1.8380e-01	6.0181e-02	0.206138	2
ASF1B	4	1.8398e-01	6.0181e-02	0.206138	3
AMY1A	4	1.8402e-01	6.0181e-02	0.206138	3
KCNG4	4	1.8407e-01	6.0181e-02	0.206138	3
SIGLEC5	4	1.8417e-01	6.0181e-02	0.206138	3
UBAC1	4	1.8429e-01	6.0181e-02	0.206138	3
IQCB1	4	1.8430e-01	6.0181e-02	0.206138	2
CEACAM19	4	1.8436e-01	6.0181e-02	0.206138	3
FAIM	4	1.8445e-01	6.0181e-02	0.206138	1
KIAA1429	4	1.8459e-01	6.0181e-02	0.206138	3
FOSL1	4	1.8467e-01	6.0181e-02	0.206138	2
ACTR3B	4	1.8471e-01	6.0181e-02	0.206138	3
CD300C	4	1.8482e-01	6.0181e-02	0.206138	2
USP17L30	4	1.8490e-01	6.0181e-02	0.206138	3
NANOS3	4	1.8507e-01	6.0181e-02	0.206138	2
MRPS23	4	1.8509e-01	6.0181e-02	0.206138	3
SLC9A4	4	1.8512e-01	6.0181e-02	0.206138	3
LARP1B	4	1.8515e-01	6.0181e-02	0.206138	3
USP17L25	4	1.8516e-01	6.0181e-02	0.206138	3
MLANA	4	1.8520e-01	6.0181e-02	0.206138	2
RNLS	4	1.8535e-01	6.0182e-02	0.206138	3
DMRTC1B	4	1.8538e-01	6.0182e-02	0.206138	3
TMEM91	4	1.8540e-01	6.0182e-02	0.206138	3
SEMA6D	4	1.8543e-01	6.0182e-02	0.206138	2
RGS8	4	1.8543e-01	6.0182e-02	0.206138	2
MUC5AC	4	1.8545e-01	6.0182e-02	0.206138	3
CEP41	4	1.8556e-01	6.0182e-02	0.206138	3
SNX15	4	1.8556e-01	6.0182e-02	0.206138	3
THAP7	4	1.8566e-01	6.0182e-02	0.206138	3
CT45A10	4	1.8569e-01	6.0182e-02	0.206138	3
CST11	4	1.8570e-01	6.0182e-02	0.206138	2
SLC12A6	4	1.8570e-01	6.0182e-02	0.206138	3
GIT2	4	1.8574e-01	6.0182e-02	0.206138	3
FZD3	4	1.8577e-01	6.0182e-02	0.206138	3
OR9Q1	4	1.8580e-01	6.0182e-02	0.206138	2
POLR3D	4	1.8588e-01	6.0182e-02	0.206138	3
OR51L1	4	1.8591e-01	6.0182e-02	0.206138	3
TPGS1	4	1.8598e-01	6.0182e-02	0.206138	3
DES	4	1.8601e-01	6.0182e-02	0.206138	3
CRIPT	4	1.8605e-01	6.0182e-02	0.206138	1
KISS1	4	1.8606e-01	6.0182e-02	0.206138	3
FAM122B	4	1.8606e-01	6.0182e-02	0.206138	2
NKX6-2	4	1.8609e-01	6.0182e-02	0.206138	1
GAGE12H	4	1.8612e-01	6.0182e-02	0.206138	3
PITPNB	4	1.8612e-01	6.0182e-02	0.206138	3
LOC441155	4	1.8618e-01	6.0182e-02	0.206138	3
PRM2	4	1.8618e-01	6.0182e-02	0.206138	2
PRPF18	4	1.8622e-01	6.0182e-02	0.206138	3
KIAA1644	4	1.8628e-01	6.0182e-02	0.206138	3
CT62	4	1.8632e-01	6.0182e-02	0.206138	3
SRRM1	4	1.8636e-01	6.0182e-02	0.206138	2
SNTG2	4	1.8641e-01	6.0182e-02	0.206138	2
FAM214B	4	1.8646e-01	6.0182e-02	0.206138	3
CATSPER3	4	1.8648e-01	6.0182e-02	0.206138	3
REL	4	1.8649e-01	6.0182e-02	0.206138	1
MS4A15	4	1.8650e-01	6.0182e-02	0.206138	3
CETN1	4	1.8663e-01	6.0182e-02	0.206138	3
NRAS	4	1.8674e-01	6.0182e-02	0.206138	3
LHX8	4	1.8680e-01	6.0182e-02	0.206138	2
WAC	4	1.8683e-01	6.0182e-02	0.206138	3
NMNAT2	4	1.8688e-01	6.0182e-02	0.206138	3
APOF	4	1.8691e-01	6.0182e-02	0.206138	3
DDX28	4	1.8695e-01	6.0182e-02	0.206138	3
DFNB59	4	1.8700e-01	6.0579e-02	0.207315	3
BAZ1A	4	1.8709e-01	6.0580e-02	0.207315	3
PHOSPHO2-KLHL23	4	1.8710e-01	6.0580e-02	0.207315	2
UHRF1BP1L	4	1.8715e-01	6.0580e-02	0.207315	2
PSG4	4	1.8715e-01	6.0580e-02	0.207315	2
HEPN1	4	1.8720e-01	6.0977e-02	0.207712	3
PTMS	4	1.8726e-01	6.0977e-02	0.207712	3
GTF2IRD2	4	1.8732e-01	6.0977e-02	0.207712	3
ZFYVE16	4	1.8732e-01	6.0977e-02	0.207712	2
SLC35G3	4	1.8738e-01	6.0977e-02	0.207712	2
CRIP3	4	1.8740e-01	6.0977e-02	0.207712	2
ZNF174	4	1.8741e-01	6.0977e-02	0.207712	3
GPR162	4	1.8742e-01	6.0977e-02	0.207712	2
FAM169B	4	1.8747e-01	6.0977e-02	0.207712	2
CCDC74A	4	1.8750e-01	6.0977e-02	0.207712	3
DNM1	4	1.8759e-01	6.0977e-02	0.207712	3
FADS6	4	1.8762e-01	6.0977e-02	0.207712	2
TCAF2	4	1.8764e-01	6.0977e-02	0.207712	2
KCNK12	4	1.8773e-01	6.0977e-02	0.207712	1
ZG16B	4	1.8774e-01	6.0977e-02	0.207712	2
FBXO32	4	1.8776e-01	6.0977e-02	0.207712	2
IGLL5	4	1.8780e-01	6.0978e-02	0.207712	2
MFAP4	4	1.8795e-01	6.0978e-02	0.207712	3
ASAH2	4	1.8795e-01	6.0978e-02	0.207712	2
HAGHL	4	1.8796e-01	6.0978e-02	0.207712	3
DENND6A	4	1.8809e-01	6.0978e-02	0.207712	2
RBL2	4	1.8809e-01	6.0978e-02	0.207712	3
C11orf49	4	1.8816e-01	6.0978e-02	0.207712	3
CHIC1	4	1.8819e-01	6.0978e-02	0.207712	3
WDR45	4	1.8825e-01	6.0978e-02	0.207712	3
C1orf52	4	1.8827e-01	6.0978e-02	0.207712	3
NCR3LG1	4	1.8837e-01	6.1439e-02	0.208320	2
HSPB3	4	1.8839e-01	6.1439e-02	0.208320	3
PALM3	4	1.8849e-01	6.1439e-02	0.208320	2
MARCKSL1	4	1.8860e-01	6.1439e-02	0.208320	1
TTPAL	4	1.8861e-01	6.1439e-02	0.208320	3
KIAA1045	4	1.8867e-01	6.1439e-02	0.208320	2
RSBN1	4	1.8869e-01	6.1439e-02	0.208320	2
CCER2	4	1.8877e-01	6.1439e-02	0.208320	2
OR1L3	4	1.8884e-01	6.1439e-02	0.208320	3
OR6C4	4	1.8885e-01	6.1439e-02	0.208320	3
FABP7	3	1.8885e-01	5.0732e-02	0.187478	2
TGM2	4	1.8891e-01	6.1439e-02	0.208320	3
OR5H15	4	1.8891e-01	6.1439e-02	0.208320	2
GGA1	4	1.8894e-01	6.1440e-02	0.208320	3
FAM184A	4	1.8897e-01	6.1440e-02	0.208320	2
PTPRF	4	1.8900e-01	6.1440e-02	0.208320	3
DDX39B	4	1.8905e-01	6.1440e-02	0.208320	3
LCE1D	4	1.8907e-01	6.1440e-02	0.208320	2
OSTM1	4	1.8909e-01	6.1440e-02	0.208320	3
TLE2	4	1.8911e-01	6.1440e-02	0.208320	3
TMEM132A	4	1.8912e-01	6.1440e-02	0.208320	3
DNAH6	4	1.8917e-01	6.1440e-02	0.208320	3
CXorf58	4	1.8919e-01	6.1440e-02	0.208320	2
OR13F1	4	1.8927e-01	6.1440e-02	0.208320	2
GPR62	4	1.8933e-01	6.1440e-02	0.208320	3
IL22	4	1.8935e-01	6.1440e-02	0.208320	3
TRIM15	4	1.8946e-01	6.1440e-02	0.208320	3
GGCT	4	1.8964e-01	6.1852e-02	0.209125	3
ALS2CR12	4	1.8973e-01	6.1852e-02	0.209125	3
RALGAPA2	4	1.8975e-01	6.1852e-02	0.209125	3
SYAP1	4	1.8980e-01	6.1852e-02	0.209125	3
RAB4B	4	1.8981e-01	6.1852e-02	0.209125	3
CCL4	4	1.8990e-01	6.1852e-02	0.209125	2
MS4A8	4	1.9000e-01	6.1852e-02	0.209125	3
ARHGEF38	4	1.9012e-01	6.1852e-02	0.209125	2
WFDC12	4	1.9012e-01	6.1852e-02	0.209125	3
EXO5	4	1.9017e-01	6.1852e-02	0.209125	3
NPSR1	4	1.9022e-01	6.1852e-02	0.209125	2
CCDC85C	4	1.9024e-01	6.1852e-02	0.209125	3
PARP14	4	1.9037e-01	6.1852e-02	0.209125	3
MAPK3	4	1.9054e-01	6.1852e-02	0.209125	3
SMIM14	4	1.9054e-01	6.1852e-02	0.209125	3
MGAT4B	4	1.9057e-01	6.1852e-02	0.209125	3
TEX29	4	1.9058e-01	6.2305e-02	0.210135	1
KIAA0141	4	1.9060e-01	6.2305e-02	0.210135	3
SLC27A2	4	1.9061e-01	6.2305e-02	0.210135	3
HLA-DRB1	4	1.9070e-01	6.2305e-02	0.210135	3
DYNLL2	4	1.9073e-01	6.2305e-02	0.210135	3
TMEM191B	4	1.9074e-01	6.2305e-02	0.210135	2
TMEM252	4	1.9075e-01	6.2305e-02	0.210135	3
ZNF701	4	1.9090e-01	6.2305e-02	0.210135	3
SDHD	4	1.9113e-01	6.2305e-02	0.210135	3
NWD1	4	1.9115e-01	6.2305e-02	0.210135	3
C6orf226	4	1.9116e-01	6.2305e-02	0.210135	3
FARP2	4	1.9120e-01	6.2305e-02	0.210135	3
ICMT	4	1.9133e-01	6.2305e-02	0.210135	3
MDP1	4	1.9136e-01	6.2305e-02	0.210135	2
MKNK1	4	1.9144e-01	6.2719e-02	0.210296	3
UGT2A3	4	1.9158e-01	6.2719e-02	0.210296	3
FAM157B	4	1.9177e-01	6.2719e-02	0.210296	2
INPP5B	4	1.9189e-01	6.3143e-02	0.210296	2
KCNIP2	4	1.9191e-01	6.3143e-02	0.210296	3
ARRDC1	4	1.9205e-01	6.3144e-02	0.210296	3
CHRM4	4	1.9206e-01	6.3558e-02	0.210296	2
GLYATL1	4	1.9209e-01	6.3991e-02	0.210296	3
RANBP1	4	1.9215e-01	6.3991e-02	0.210296	2
SCT	4	1.9218e-01	6.3991e-02	0.210296	3
PCDHA8	4	1.9224e-01	6.3991e-02	0.210296	1
CLCNKA	4	1.9240e-01	6.3991e-02	0.210296	3
MTRNR2L9	4	1.9241e-01	6.3991e-02	0.210296	2
MAGEA2	4	1.9255e-01	6.3991e-02	0.210296	2
SMARCC2	4	1.9255e-01	6.3991e-02	0.210296	3
C19orf47	4	1.9260e-01	6.3991e-02	0.210296	3
AQP9	4	1.9260e-01	6.3991e-02	0.210296	2
UBE2E3	4	1.9266e-01	6.3991e-02	0.210296	3
TPSAB1	4	1.9282e-01	6.3991e-02	0.210296	3
SFXN5	4	1.9283e-01	6.3991e-02	0.210296	3
SLC15A4	4	1.9290e-01	6.3991e-02	0.210296	3
SIGLEC8	4	1.9290e-01	6.3991e-02	0.210296	2
RNF149	4	1.9316e-01	6.3991e-02	0.210296	3
PIK3R3	4	1.9317e-01	6.3991e-02	0.210296	3
CDCA3	4	1.9319e-01	6.3991e-02	0.210296	3
FAM193B	4	1.9340e-01	6.3991e-02	0.210296	3
SESN3	4	1.9342e-01	6.3991e-02	0.210296	3
CNGA4	4	1.9344e-01	6.3991e-02	0.210296	3
COLQ	4	1.9347e-01	6.3991e-02	0.210296	2
FRMD1	4	1.9355e-01	6.3991e-02	0.210296	2
MFSD5	4	1.9371e-01	6.3991e-02	0.210296	2
TNFAIP3	4	1.9377e-01	6.3991e-02	0.210296	2
IL23A	4	1.9380e-01	6.3991e-02	0.210296	3
MCEMP1	4	1.9382e-01	6.3991e-02	0.210296	1
BAAT	4	1.9391e-01	6.3991e-02	0.210296	3
TNFRSF10C	4	1.9392e-01	6.3991e-02	0.210296	3
OR5K1	4	1.9401e-01	6.3991e-02	0.210296	3
FAM120B	4	1.9402e-01	6.3991e-02	0.210296	3
ACAN	4	1.9408e-01	6.3991e-02	0.210296	3
CLEC16A	4	1.9413e-01	6.3991e-02	0.210296	1
GC	4	1.9416e-01	6.3991e-02	0.210296	2
FAM117A	4	1.9418e-01	6.3991e-02	0.210296	2
TCEAL5	4	1.9420e-01	6.3991e-02	0.210296	3
FBXO10	4	1.9420e-01	6.3991e-02	0.210296	2
NDUFS2	4	1.9424e-01	6.3992e-02	0.210296	2
TVP23B	4	1.9430e-01	6.3992e-02	0.210296	3
PGBD3	4	1.9438e-01	6.3992e-02	0.210296	3
ZNF345	4	1.9444e-01	6.3992e-02	0.210296	3
TMEM123	4	1.9457e-01	6.3992e-02	0.210296	2
MRPS31	4	1.9458e-01	6.3992e-02	0.210296	3
OR5T2	4	1.9461e-01	6.3992e-02	0.210296	1
TRDMT1	4	1.9462e-01	6.3992e-02	0.210296	3
OR2D2	4	1.9466e-01	6.3992e-02	0.210296	3
HOXD4	4	1.9468e-01	6.3992e-02	0.210296	3
ANXA5	4	1.9476e-01	6.3992e-02	0.210296	2
CXCL5	4	1.9477e-01	6.3992e-02	0.210296	3
ARHGAP11A	4	1.9485e-01	6.3992e-02	0.210296	3
COA3	4	1.9485e-01	6.3992e-02	0.210296	3
TMEM150C	4	1.9487e-01	6.3992e-02	0.210296	2
ZDHHC12	4	1.9497e-01	6.3992e-02	0.210296	3
RDH5	4	1.9501e-01	6.3992e-02	0.210296	2
CATSPER1	4	1.9507e-01	6.3992e-02	0.210296	3
SHCBP1L	4	1.9508e-01	6.3992e-02	0.210296	2
PSMB8	4	1.9513e-01	6.3992e-02	0.210296	3
OCLN	4	1.9524e-01	6.3992e-02	0.210296	3
C10orf91	4	1.9528e-01	6.3992e-02	0.210296	2
IL11RA	4	1.9532e-01	6.3992e-02	0.210296	3
HADH	4	1.9539e-01	6.3992e-02	0.210296	3
GOLGA1	4	1.9542e-01	6.3992e-02	0.210296	3
SLFN12	4	1.9546e-01	6.3992e-02	0.210296	2
TDG	4	1.9549e-01	6.3992e-02	0.210296	3
SDC3	4	1.9550e-01	6.3992e-02	0.210296	2
CALCRL	4	1.9556e-01	6.3992e-02	0.210296	3
HES6	4	1.9564e-01	6.3992e-02	0.210296	3
WBP2NL	4	1.9572e-01	6.3992e-02	0.210296	3
PPBP	4	1.9575e-01	6.3992e-02	0.210296	3
MORN3	4	1.9576e-01	6.3992e-02	0.210296	3
PRCC	4	1.9583e-01	6.3992e-02	0.210296	3
ATMIN	4	1.9591e-01	6.3992e-02	0.210296	3
C22orf34	4	1.9600e-01	6.3992e-02	0.210296	3
CYP4Z1	4	1.9602e-01	6.3992e-02	0.210296	3
IFITM1	4	1.9604e-01	6.3992e-02	0.210296	2
ACADSB	4	1.9614e-01	6.3992e-02	0.210296	2
SYBU	4	1.9615e-01	6.3992e-02	0.210296	2
TGFBR1	4	1.9618e-01	6.3992e-02	0.210296	2
DCUN1D4	4	1.9625e-01	6.3992e-02	0.210296	2
REPIN1	4	1.9629e-01	6.3992e-02	0.210296	2
PRDX5	4	1.9633e-01	6.3992e-02	0.210296	3
DNAJC3	4	1.9637e-01	6.3992e-02	0.210296	2
CDHR1	4	1.9651e-01	6.4458e-02	0.210296	2
OR4C12	4	1.9651e-01	6.4458e-02	0.210296	2
CRELD1	4	1.9655e-01	6.4458e-02	0.210296	3
MGA	4	1.9662e-01	6.4458e-02	0.210296	2
MED17	4	1.9677e-01	6.4458e-02	0.210296	3
ITGAE	4	1.9678e-01	6.4458e-02	0.210296	3
ALDH4A1	4	1.9678e-01	6.4458e-02	0.210296	3
CHCHD1	4	1.9681e-01	6.4458e-02	0.210296	3
PHF13	4	1.9690e-01	6.4458e-02	0.210296	3
PDE6C	4	1.9691e-01	6.4458e-02	0.210296	3
MT1F	4	1.9695e-01	6.4458e-02	0.210296	3
HIST1H3J	4	1.9697e-01	6.4458e-02	0.210296	3
LARP4B	4	1.9699e-01	6.4458e-02	0.210296	3
TOR3A	4	1.9705e-01	6.4458e-02	0.210296	3
LCE2B	4	1.9707e-01	6.4458e-02	0.210296	3
CSDE1	4	1.9708e-01	6.4458e-02	0.210296	3
KIF21B	4	1.9715e-01	6.4458e-02	0.210296	2
PRLHR	4	1.9717e-01	6.4458e-02	0.210296	3
HAVCR2	4	1.9733e-01	6.4458e-02	0.210296	3
SEC24C	4	1.9736e-01	6.4458e-02	0.210296	3
MKI67	4	1.9738e-01	6.4458e-02	0.210296	3
KNDC1	4	1.9745e-01	6.4458e-02	0.210296	3
LDHAL6B	4	1.9747e-01	6.4458e-02	0.210296	3
PCDHB12	4	1.9749e-01	6.4458e-02	0.210296	3
MBD3L2	4	1.9752e-01	6.4458e-02	0.210296	3
HCLS1	4	1.9753e-01	6.4458e-02	0.210296	3
IFITM5	4	1.9755e-01	6.4458e-02	0.210296	3
RHNO1	4	1.9758e-01	6.4458e-02	0.210296	3
NAGK	4	1.9760e-01	6.4458e-02	0.210296	2
CD1A	4	1.9760e-01	6.4458e-02	0.210296	2
ELOVL7	4	1.9763e-01	6.4458e-02	0.210296	3
FLOT2	4	1.9764e-01	6.4458e-02	0.210296	3
PTGR2	4	1.9769e-01	6.4458e-02	0.210296	3
ICOSLG	4	1.9777e-01	6.4458e-02	0.210296	3
GMFG	4	1.9781e-01	6.4458e-02	0.210296	3
FFAR1	4	1.9791e-01	6.4458e-02	0.210296	3
ABCA9	4	1.9797e-01	6.4458e-02	0.210296	3
BTN2A1	4	1.9800e-01	6.4859e-02	0.210296	3
SPAG1	4	1.9808e-01	6.4859e-02	0.210296	3
MCL1	4	1.9810e-01	6.4859e-02	0.210296	3
TMEM17	4	1.9811e-01	6.4859e-02	0.210296	3
MLLT11	4	1.9814e-01	6.4859e-02	0.210296	3
SALL2	4	1.9817e-01	6.4859e-02	0.210296	3
ZNF705E	4	1.9825e-01	6.4859e-02	0.210296	3
MGST3	4	1.9827e-01	6.4859e-02	0.210296	2
BRCA2	4	1.9827e-01	6.4859e-02	0.210296	3
CLOCK	4	1.9828e-01	6.4859e-02	0.210296	2
DNAJC5G	4	1.9835e-01	6.4859e-02	0.210296	2
MINK1	4	1.9835e-01	6.4859e-02	0.210296	2
TPRG1	4	1.9838e-01	6.4859e-02	0.210296	3
LPA	4	1.9839e-01	6.4859e-02	0.210296	1
C1orf168	4	1.9841e-01	6.4859e-02	0.210296	2
PIGT	4	1.9857e-01	6.4859e-02	0.210296	2
ART3	4	1.9858e-01	6.4859e-02	0.210296	3
MCMDC2	4	1.9883e-01	6.4859e-02	0.210296	2
CD80	4	1.9883e-01	6.4859e-02	0.210296	2
ZBED2	4	1.9886e-01	6.4859e-02	0.210296	2
TNFRSF14	4	1.9888e-01	6.4859e-02	0.210296	2
FRA10AC1	4	1.9888e-01	6.4859e-02	0.210296	3
ZNF169	4	1.9894e-01	6.4859e-02	0.210296	3
DCSTAMP	4	1.9898e-01	6.4859e-02	0.210296	3
NSMF	4	1.9899e-01	6.4859e-02	0.210296	3
AKT2	4	1.9900e-01	6.4859e-02	0.210296	2
TRAF5	4	1.9909e-01	6.4859e-02	0.210296	3
SAMD8	4	1.9916e-01	6.5315e-02	0.210296	3
SLC20A2	4	1.9921e-01	6.5315e-02	0.210296	2
MSN	4	1.9925e-01	6.5315e-02	0.210296	3
IL17RE	4	1.9928e-01	6.5315e-02	0.210296	2
SLC25A39	4	1.9938e-01	6.5315e-02	0.210296	3
TCF12	4	1.9941e-01	6.5315e-02	0.210296	3
ZNF561	4	1.9950e-01	6.5315e-02	0.210296	3
KCNH7	4	1.9950e-01	6.5315e-02	0.210296	2
NDE1	4	1.9955e-01	6.5315e-02	0.210296	1
USP1	4	1.9958e-01	6.5315e-02	0.210296	3
TMPRSS5	4	1.9960e-01	6.5315e-02	0.210296	3
THAP10	4	1.9964e-01	6.5315e-02	0.210296	3
TCF4	3	1.9964e-01	5.8075e-02	0.203184	2
ZNF347	4	1.9965e-01	6.5315e-02	0.210296	3
ZNF385A	4	1.9968e-01	6.5315e-02	0.210296	2
STX12	4	1.9970e-01	6.5315e-02	0.210296	2
NHLRC3	4	1.9981e-01	6.5315e-02	0.210296	2
WNT5A	4	1.9983e-01	6.5315e-02	0.210296	3
ORAI2	4	1.9983e-01	6.5315e-02	0.210296	3
LRBA	4	1.9990e-01	6.5315e-02	0.210296	3
KIF18A	4	1.9990e-01	6.5315e-02	0.210296	3
ZNF70	4	1.9991e-01	6.5315e-02	0.210296	3
OR52B2	4	2.0001e-01	6.5315e-02	0.210296	1
SLC50A1	4	2.0005e-01	6.5315e-02	0.210296	3
FXR1	4	2.0018e-01	6.5315e-02	0.210296	2
EYS	4	2.0019e-01	6.5315e-02	0.210296	2
EFNB3	4	2.0021e-01	6.5315e-02	0.210296	2
RIPK3	4	2.0027e-01	6.5315e-02	0.210296	2
FLT3LG	4	2.0030e-01	6.5315e-02	0.210296	2
MED19	4	2.0045e-01	6.5315e-02	0.210296	1
OR51V1	3	2.0055e-01	5.8593e-02	0.204024	2
ZBTB8A	4	2.0066e-01	6.5315e-02	0.210296	3
LYVE1	4	2.0072e-01	6.5315e-02	0.210296	3
TMEM106B	4	2.0076e-01	6.5315e-02	0.210296	3
EFEMP1	4	2.0080e-01	6.5315e-02	0.210296	3
OCIAD1	4	2.0084e-01	6.5315e-02	0.210296	3
GUCY2D	4	2.0089e-01	6.5315e-02	0.210296	3
NUPL2	4	2.0094e-01	6.5315e-02	0.210296	2
CLPP	4	2.0105e-01	6.5315e-02	0.210296	3
CDK5RAP1	4	2.0110e-01	6.5756e-02	0.210296	3
PRR9	4	2.0113e-01	6.5756e-02	0.210296	2
ZNF100	4	2.0115e-01	6.5756e-02	0.210296	3
B3GNTL1	4	2.0120e-01	6.5756e-02	0.210296	3
OR4L1	4	2.0124e-01	6.5756e-02	0.210296	3
DYNC2H1	4	2.0139e-01	6.5756e-02	0.210296	3
ATP6V0A2	4	2.0141e-01	6.5756e-02	0.210296	2
HIST1H2BL	4	2.0143e-01	6.5756e-02	0.210296	1
C6orf222	4	2.0143e-01	6.5756e-02	0.210296	2
GALNT1	4	2.0143e-01	6.5756e-02	0.210296	3
OSBPL2	4	2.0151e-01	6.5756e-02	0.210296	3
CMTM4	4	2.0177e-01	6.5756e-02	0.210296	3
GHR	4	2.0178e-01	6.5756e-02	0.210296	2
TRABD2A	4	2.0181e-01	6.5756e-02	0.210296	3
CCP110	4	2.0183e-01	6.5756e-02	0.210296	3
RASSF1	4	2.0191e-01	6.5756e-02	0.210296	3
TMEM248	4	2.0197e-01	6.5756e-02	0.210296	3
ZNF432	4	2.0205e-01	6.5756e-02	0.210296	3
SFT2D3	4	2.0208e-01	6.5756e-02	0.210296	3
DMPK	4	2.0213e-01	6.5756e-02	0.210296	3
DHH	4	2.0215e-01	6.5756e-02	0.210296	3
TTC21A	4	2.0217e-01	6.5756e-02	0.210296	2
KIAA1210	4	2.0233e-01	6.5757e-02	0.210296	1
SCAI	4	2.0238e-01	6.5757e-02	0.210296	3
CAMK1	4	2.0241e-01	6.5757e-02	0.210296	3
LAMTOR4	4	2.0243e-01	6.5757e-02	0.210296	2
IDH2	4	2.0248e-01	6.5757e-02	0.210296	3
CCDC130	4	2.0252e-01	6.5757e-02	0.210296	3
USP11	4	2.0254e-01	6.5757e-02	0.210296	2
EPS15	4	2.0263e-01	6.5757e-02	0.210296	2
TM2D2	4	2.0264e-01	6.5757e-02	0.210296	3
H2AFV	4	2.0269e-01	6.5757e-02	0.210296	3
AGA	4	2.0272e-01	6.5757e-02	0.210296	2
PEX5	4	2.0275e-01	6.5757e-02	0.210296	2
CCDC81	4	2.0281e-01	6.5757e-02	0.210296	2
PCDHGB6	4	2.0281e-01	6.5757e-02	0.210296	2
NEDD9	4	2.0281e-01	6.5757e-02	0.210296	3
TNRC6A	4	2.0283e-01	6.5757e-02	0.210296	2
C1QL4	4	2.0283e-01	6.5757e-02	0.210296	3
KRTAP5-2	4	2.0285e-01	6.5757e-02	0.210296	3
PJA2	4	2.0289e-01	6.5757e-02	0.210296	3
TCHP	4	2.0292e-01	6.5757e-02	0.210296	3
CD14	4	2.0313e-01	6.5757e-02	0.210296	3
SCN11A	4	2.0322e-01	6.5757e-02	0.210296	3
JAZF1	4	2.0324e-01	6.5757e-02	0.210296	3
C20orf78	4	2.0324e-01	6.5757e-02	0.210296	3
ZDHHC13	4	2.0324e-01	6.5757e-02	0.210296	3
ARF6	4	2.0329e-01	6.5757e-02	0.210296	2
PCDHGA3	4	2.0329e-01	6.5757e-02	0.210296	3
LAMP5	4	2.0338e-01	6.5757e-02	0.210296	3
KLHL40	4	2.0342e-01	6.5757e-02	0.210296	3
CORT	4	2.0342e-01	6.5757e-02	0.210296	1
OR10Z1	4	2.0343e-01	6.5757e-02	0.210296	3
TMBIM4	4	2.0350e-01	6.5757e-02	0.210296	1
OR2T34	4	2.0356e-01	6.6247e-02	0.210296	3
MSX1	4	2.0357e-01	6.6247e-02	0.210296	3
RASA4B	4	2.0363e-01	6.6247e-02	0.210296	2
CTDSPL2	4	2.0365e-01	6.6247e-02	0.210296	3
NEXN	4	2.0366e-01	6.6247e-02	0.210296	2
CMPK2	4	2.0372e-01	6.6247e-02	0.210296	1
FGF17	4	2.0374e-01	6.6247e-02	0.210296	2
CCDC122	4	2.0378e-01	6.6247e-02	0.210296	3
SLC25A6	4	2.0381e-01	6.6247e-02	0.210296	2
SUFU	4	2.0394e-01	6.6247e-02	0.210296	3
GRIA4	4	2.0394e-01	6.6247e-02	0.210296	2
ZNF746	4	2.0398e-01	6.6247e-02	0.210296	1
SPOPL	4	2.0400e-01	6.6247e-02	0.210296	2
SERINC3	4	2.0404e-01	6.6247e-02	0.210296	3
FSIP1	4	2.0405e-01	6.6247e-02	0.210296	3
PKHD1L1	4	2.0407e-01	6.6247e-02	0.210296	3
C14orf178	4	2.0411e-01	6.6247e-02	0.210296	3
PATZ1	4	2.0415e-01	6.6247e-02	0.210296	2
FAM73A	4	2.0416e-01	6.6247e-02	0.210296	2
CCDC69	4	2.0418e-01	6.6247e-02	0.210296	3
SLC38A5	4	2.0432e-01	6.6247e-02	0.210296	3
ATOH8	4	2.0447e-01	6.6247e-02	0.210296	3
PDK1	4	2.0449e-01	6.6247e-02	0.210296	2
OR3A2	4	2.0451e-01	6.6247e-02	0.210296	3
HIVEP3	4	2.0455e-01	6.6247e-02	0.210296	2
NEK10	4	2.0461e-01	6.6247e-02	0.210296	3
SLC46A2	4	2.0463e-01	6.6247e-02	0.210296	3
MEX3B	4	2.0466e-01	6.6247e-02	0.210296	2
KLHL41	4	2.0470e-01	6.6247e-02	0.210296	2
GDF10	4	2.0472e-01	6.6247e-02	0.210296	3
ERICH5	4	2.0477e-01	6.6247e-02	0.210296	3
SETBP1	4	2.0478e-01	6.6247e-02	0.210296	3
APBA1	4	2.0480e-01	6.6247e-02	0.210296	3
GALNT11	4	2.0483e-01	6.6247e-02	0.210296	3
MTRNR2L8	4	2.0488e-01	6.6247e-02	0.210296	3
XAF1	4	2.0492e-01	6.6247e-02	0.210296	2
RBMY1J	4	2.0492e-01	6.6247e-02	0.210296	3
UMPS	4	2.0493e-01	6.6247e-02	0.210296	3
NPHS1	4	2.0498e-01	6.6247e-02	0.210296	3
UMODL1	4	2.0509e-01	6.6247e-02	0.210296	3
BLZF1	4	2.0511e-01	6.6247e-02	0.210296	2
TPM3	4	2.0517e-01	6.6247e-02	0.210296	2
TMCO4	4	2.0523e-01	6.6247e-02	0.210296	3
FAM21C	4	2.0527e-01	6.6247e-02	0.210296	2
ZNF80	4	2.0533e-01	6.6247e-02	0.210296	2
MDC1	4	2.0536e-01	6.6247e-02	0.210296	3
SPDEF	4	2.0538e-01	6.6247e-02	0.210296	2
FMN2	4	2.0546e-01	6.6247e-02	0.210296	2
KCNU1	4	2.0547e-01	6.6247e-02	0.210296	3
C10orf88	4	2.0558e-01	6.6247e-02	0.210296	3
GS1-259H13.2	4	2.0561e-01	6.6247e-02	0.210296	3
SLC48A1	4	2.0569e-01	6.6247e-02	0.210296	2
KCNMB4	4	2.0571e-01	6.6247e-02	0.210296	3
CFH	4	2.0577e-01	6.6247e-02	0.210296	2
IRAK2	4	2.0583e-01	6.6248e-02	0.210296	1
SAMD4A	4	2.0585e-01	6.6248e-02	0.210296	3
MIDN	4	2.0592e-01	6.6248e-02	0.210296	3
CLDN18	4	2.0595e-01	6.6248e-02	0.210296	3
PDE6H	4	2.0602e-01	6.6248e-02	0.210296	2
GDF5	4	2.0605e-01	6.6248e-02	0.210296	3
GNG7	4	2.0613e-01	6.6248e-02	0.210296	3
REEP2	4	2.0624e-01	6.6248e-02	0.210296	3
GBP1	4	2.0625e-01	6.6248e-02	0.210296	3
COL6A3	4	2.0631e-01	6.6248e-02	0.210296	1
C3AR1	4	2.0635e-01	6.6248e-02	0.210296	3
C18orf8	4	2.0640e-01	6.6248e-02	0.210296	2
CERS4	4	2.0643e-01	6.6248e-02	0.210296	3
C14orf39	4	2.0646e-01	6.6248e-02	0.210296	3
C11orf68	4	2.0651e-01	6.6248e-02	0.210296	2
LYZL4	4	2.0657e-01	6.6248e-02	0.210296	3
ZMYM3	4	2.0661e-01	6.6248e-02	0.210296	3
ANHX	4	2.0672e-01	6.6248e-02	0.210296	3
AFF3	4	2.0674e-01	6.6248e-02	0.210296	3
PHLDA2	4	2.0677e-01	6.6248e-02	0.210296	3
OR1A2	4	2.0681e-01	6.6248e-02	0.210296	3
APPL1	4	2.0682e-01	6.6248e-02	0.210296	2
OR52N2	4	2.0690e-01	6.6248e-02	0.210296	1
CAMK2N2	4	2.0690e-01	6.6248e-02	0.210296	2
LMTK3	4	2.0692e-01	6.6248e-02	0.210296	3
DNAJB3	4	2.0694e-01	6.6248e-02	0.210296	3
CSRP2	4	2.0696e-01	6.6248e-02	0.210296	3
EFNA3	4	2.0702e-01	6.6248e-02	0.210296	3
DYRK4	4	2.0705e-01	6.6248e-02	0.210296	2
UBQLN3	4	2.0707e-01	6.6248e-02	0.210296	3
ZNF486	4	2.0710e-01	6.6248e-02	0.210296	3
HMGN5	4	2.0717e-01	6.6248e-02	0.210296	2
RXFP1	4	2.0729e-01	6.6248e-02	0.210296	2
USP54	4	2.0742e-01	6.6248e-02	0.210296	2
LRTM2	4	2.0744e-01	6.6248e-02	0.210296	2
RUNX3	4	2.0746e-01	6.6248e-02	0.210296	3
FAM169A	4	2.0749e-01	6.6248e-02	0.210296	3
TDRKH	4	2.0754e-01	6.6248e-02	0.210296	2
FLRT3	4	2.0759e-01	6.6248e-02	0.210296	3
NRN1L	4	2.0762e-01	6.6248e-02	0.210296	2
FAM171B	4	2.0771e-01	6.6248e-02	0.210296	3
SASH3	4	2.0776e-01	6.6248e-02	0.210296	3
GLRX5	4	2.0779e-01	6.6248e-02	0.210296	2
OR4A47	4	2.0783e-01	6.6248e-02	0.210296	2
CPVL	4	2.0784e-01	6.6248e-02	0.210296	3
ABHD8	4	2.0787e-01	6.6248e-02	0.210296	3
USP17L29	4	2.0794e-01	6.6248e-02	0.210296	2
CACNA1I	4	2.0795e-01	6.6248e-02	0.210296	3
PCLO	4	2.0797e-01	6.6248e-02	0.210296	3
TWF1	4	2.0799e-01	6.6248e-02	0.210296	2
BTD	4	2.0801e-01	6.6248e-02	0.210296	2
TSTD3	4	2.0806e-01	6.6248e-02	0.210296	2
GLMN	4	2.0825e-01	6.7124e-02	0.211744	1
FARP1	4	2.0825e-01	6.7124e-02	0.211744	3
OR1M1	4	2.0837e-01	6.7124e-02	0.211744	3
DPF1	4	2.0844e-01	6.7124e-02	0.211744	2
C1orf53	4	2.0850e-01	6.7124e-02	0.211744	3
SIKE1	4	2.0850e-01	6.7124e-02	0.211744	2
BCL2L13	4	2.0861e-01	6.7124e-02	0.211744	2
EVPLL	4	2.0888e-01	6.7124e-02	0.211744	2
TTC13	4	2.0895e-01	6.7124e-02	0.211744	3
SUPT3H	4	2.0899e-01	6.7124e-02	0.211744	3
SYNDIG1	4	2.0900e-01	6.7124e-02	0.211744	3
CGB8	4	2.0905e-01	6.7124e-02	0.211744	2
LRRN1	4	2.0906e-01	6.7124e-02	0.211744	3
TMEM190	4	2.0909e-01	6.7124e-02	0.211744	2
SLC38A7	4	2.0911e-01	6.7124e-02	0.211744	1
LRSAM1	4	2.0924e-01	6.7125e-02	0.211744	3
FHIT	4	2.0924e-01	6.7125e-02	0.211744	1
FKBP9	4	2.0927e-01	6.7125e-02	0.211744	3
TMEM86B	4	2.0931e-01	6.7125e-02	0.211744	2
ZFAT	4	2.0934e-01	6.7125e-02	0.211744	3
OC90	4	2.0940e-01	6.7125e-02	0.211744	3
UGT3A1	4	2.0942e-01	6.7125e-02	0.211744	3
GH1	4	2.0943e-01	6.7125e-02	0.211744	3
RANBP9	4	2.0959e-01	6.7125e-02	0.211744	2
TACR1	4	2.0963e-01	6.7125e-02	0.211744	3
IKZF4	4	2.0964e-01	6.7125e-02	0.211744	3
NR2F1	4	2.0974e-01	6.7125e-02	0.211744	3
GNG12	4	2.0980e-01	6.7125e-02	0.211744	2
MORF4L2	4	2.0985e-01	6.7125e-02	0.211744	3
UNC5A	4	2.0992e-01	6.7125e-02	0.211744	2
PITPNA	4	2.0996e-01	6.7125e-02	0.211744	2
PARP8	4	2.1003e-01	6.7125e-02	0.211744	3
ADAM23	4	2.1010e-01	6.7125e-02	0.211744	3
PRDM12	4	2.1013e-01	6.7125e-02	0.211744	3
COX8A	4	2.1015e-01	6.7125e-02	0.211744	3
HSD17B8	4	2.1015e-01	6.7125e-02	0.211744	1
PCDH10	4	2.1019e-01	6.7125e-02	0.211744	3
HEYL	4	2.1021e-01	6.7125e-02	0.211744	2
COX10	4	2.1027e-01	6.7593e-02	0.212975	3
C8orf22	4	2.1027e-01	6.7593e-02	0.212975	2
DPH7	4	2.1028e-01	6.7593e-02	0.212975	3
CHTOP	4	2.1031e-01	6.7593e-02	0.212975	2
REEP4	4	2.1031e-01	6.7593e-02	0.212975	3
DYNLL1	4	2.1035e-01	6.7593e-02	0.212975	3
ACAD10	4	2.1038e-01	6.7593e-02	0.212975	2
MAPK12	4	2.1044e-01	6.8062e-02	0.213821	3
EPT1	4	2.1069e-01	6.8062e-02	0.213821	3
PTPRM	4	2.1073e-01	6.8062e-02	0.213821	3
SH2D4A	4	2.1082e-01	6.8062e-02	0.213821	3
CSPG5	4	2.1085e-01	6.8062e-02	0.213821	2
UBA7	4	2.1087e-01	6.8063e-02	0.213821	3
MRPL42	4	2.1089e-01	6.8063e-02	0.213821	2
API5	4	2.1093e-01	6.8063e-02	0.213821	2
C9orf84	4	2.1098e-01	6.8063e-02	0.213821	1
GCNT1	4	2.1099e-01	6.8063e-02	0.213821	3
KIF25	4	2.1101e-01	6.8063e-02	0.213821	3
KCNJ14	4	2.1101e-01	6.8063e-02	0.213821	3
RAB11FIP4	4	2.1102e-01	6.8063e-02	0.213821	2
USP17L20	4	2.1106e-01	6.8063e-02	0.213821	1
TACC1	4	2.1116e-01	6.8063e-02	0.213821	2
C1RL	4	2.1120e-01	6.8063e-02	0.213821	2
SC5D	4	2.1126e-01	6.8063e-02	0.213821	3
UBE2E2	4	2.1129e-01	6.8063e-02	0.213821	3
DGKE	4	2.1141e-01	6.9039e-02	0.216748	3
TCTEX1D2	4	2.1142e-01	6.9039e-02	0.216748	3
PNLIPRP3	4	2.1145e-01	6.9040e-02	0.216748	2
KCNRG	4	2.1150e-01	6.9040e-02	0.216748	1
SURF1	4	2.1154e-01	6.9507e-02	0.217500	2
ELL2	4	2.1158e-01	6.9507e-02	0.217500	2
PSRC1	4	2.1160e-01	6.9507e-02	0.217500	3
C2orf80	4	2.1164e-01	6.9507e-02	0.217500	2
ACOX2	4	2.1171e-01	6.9507e-02	0.217500	3
TRIM39-RPP21	4	2.1173e-01	6.9507e-02	0.217500	3
OR52B6	4	2.1176e-01	6.9507e-02	0.217500	3
CAV2	4	2.1176e-01	6.9507e-02	0.217500	2
CCDC129	4	2.1178e-01	6.9507e-02	0.217500	3
CA10	4	2.1180e-01	6.9507e-02	0.217500	3
TPD52L2	4	2.1180e-01	6.9507e-02	0.217500	2
SUCNR1	4	2.1185e-01	6.9507e-02	0.217500	2
APC2	4	2.1192e-01	6.9507e-02	0.217500	2
EFCAB12	4	2.1209e-01	6.9507e-02	0.217500	3
NODAL	4	2.1214e-01	6.9507e-02	0.217500	3
ZNF623	4	2.1216e-01	6.9507e-02	0.217500	3
ZNF678	4	2.1217e-01	6.9507e-02	0.217500	3
SYNM	4	2.1222e-01	6.9507e-02	0.217500	3
DLL1	4	2.1223e-01	6.9507e-02	0.217500	3
TWF2	4	2.1224e-01	6.9507e-02	0.217500	2
TRAF3IP1	3	2.1226e-01	6.4772e-02	0.210296	1
MESDC2	4	2.1236e-01	6.9967e-02	0.218084	2
LOC283710	4	2.1238e-01	6.9967e-02	0.218084	3
TAOK3	4	2.1244e-01	6.9967e-02	0.218084	3
OGG1	4	2.1246e-01	6.9967e-02	0.218084	3
UPB1	4	2.1249e-01	6.9967e-02	0.218084	3
FMNL2	4	2.1253e-01	6.9967e-02	0.218084	3
SAT1	4	2.1253e-01	6.9967e-02	0.218084	3
DSCAM	4	2.1260e-01	6.9967e-02	0.218084	2
MEFV	4	2.1260e-01	6.9967e-02	0.218084	3
TMEM86A	4	2.1261e-01	6.9967e-02	0.218084	3
RPGRIP1L	4	2.1264e-01	6.9967e-02	0.218084	1
HMX2	4	2.1267e-01	6.9967e-02	0.218084	3
MDFI	4	2.1272e-01	6.9967e-02	0.218084	3
CCL3	4	2.1276e-01	6.9968e-02	0.218084	2
RSRC1	4	2.1276e-01	6.9968e-02	0.218084	3
KCNQ1	4	2.1276e-01	6.9968e-02	0.218084	3
ACTBL2	4	2.1278e-01	6.9968e-02	0.218084	2
PRR5-ARHGAP8	4	2.1286e-01	6.9968e-02	0.218084	3
GPR85	4	2.1287e-01	6.9968e-02	0.218084	2
COMTD1	4	2.1298e-01	6.9968e-02	0.218084	3
MAP3K7	4	2.1301e-01	6.9968e-02	0.218084	1
USP28	4	2.1301e-01	6.9968e-02	0.218084	3
SEC24B	4	2.1302e-01	6.9968e-02	0.218084	2
NLRX1	4	2.1305e-01	6.9968e-02	0.218084	3
CUEDC1	4	2.1336e-01	7.0463e-02	0.219413	3
FDFT1	4	2.1336e-01	7.0463e-02	0.219413	2
STAM	4	2.1340e-01	7.0463e-02	0.219413	2
LRRC43	4	2.1340e-01	7.0463e-02	0.219413	3
FGF9	4	2.1342e-01	7.0463e-02	0.219413	3
RMDN1	4	2.1344e-01	7.0463e-02	0.219413	2
AURKC	4	2.1358e-01	7.0936e-02	0.220566	3
METRNL	4	2.1359e-01	7.0936e-02	0.220566	2
NPNT	4	2.1370e-01	7.0936e-02	0.220566	1
NFRKB	3	2.1372e-01	6.5368e-02	0.210296	1
IFNA7	4	2.1372e-01	7.0936e-02	0.220566	2
AKAP3	4	2.1375e-01	7.0936e-02	0.220566	3
FPR2	4	2.1382e-01	7.0937e-02	0.220566	2
FANCG	4	2.1396e-01	7.0937e-02	0.220566	2
FBLN2	4	2.1397e-01	7.0937e-02	0.220566	3
UST	4	2.1403e-01	7.0937e-02	0.220566	1
DLX4	4	2.1407e-01	7.1435e-02	0.221718	3
GRIA1	4	2.1412e-01	7.1435e-02	0.221718	3
RAD54L	4	2.1413e-01	7.1435e-02	0.221718	2
TMUB2	4	2.1413e-01	7.1435e-02	0.221718	2
TPPP	4	2.1415e-01	7.1435e-02	0.221718	2
NDUFB6	4	2.1418e-01	7.1435e-02	0.221718	2
DCHS2	4	2.1428e-01	7.1435e-02	0.221718	2
PARP3	4	2.1431e-01	7.1435e-02	0.221718	2
TTC21B	4	2.1434e-01	7.1435e-02	0.221718	2
HMBS	4	2.1435e-01	7.1435e-02	0.221718	2
C8orf88	4	2.1436e-01	7.1435e-02	0.221718	2
ANAPC16	4	2.1465e-01	7.1917e-02	0.222025	2
CFB	4	2.1471e-01	7.1917e-02	0.222025	3
SH3BP2	4	2.1487e-01	7.1917e-02	0.222025	1
MLH1	4	2.1487e-01	7.1917e-02	0.222025	3
FCHSD2	4	2.1489e-01	7.1917e-02	0.222025	3
C12orf60	4	2.1497e-01	7.1917e-02	0.222025	3
CLDN8	4	2.1501e-01	7.1917e-02	0.222025	3
SCUBE3	4	2.1501e-01	7.1917e-02	0.222025	3
GPR17	4	2.1502e-01	7.1917e-02	0.222025	3
TMEM181	4	2.1508e-01	7.1917e-02	0.222025	3
MATN3	4	2.1517e-01	7.1917e-02	0.222025	2
MAP3K19	4	2.1521e-01	7.1917e-02	0.222025	2
DOK1	4	2.1528e-01	7.1918e-02	0.222025	2
GOT1	4	2.1530e-01	7.1918e-02	0.222025	1
CIRBP	4	2.1531e-01	7.1918e-02	0.222025	3
AFF4	4	2.1540e-01	7.1918e-02	0.222025	3
CHRNB3	4	2.1541e-01	7.1918e-02	0.222025	3
TMEM186	4	2.1543e-01	7.1918e-02	0.222025	3
TBCK	4	2.1545e-01	7.1918e-02	0.222025	3
DGCR6L	4	2.1556e-01	7.1918e-02	0.222025	2
RESP18	4	2.1559e-01	7.1918e-02	0.222025	3
ZNF503	4	2.1566e-01	7.1918e-02	0.222025	3
CDK5R1	4	2.1575e-01	7.1918e-02	0.222025	3
TMEM242	4	2.1577e-01	7.1918e-02	0.222025	1
FGD1	4	2.1579e-01	7.1918e-02	0.222025	3
ZNFX1	4	2.1580e-01	7.1918e-02	0.222025	2
FAM25C	4	2.1582e-01	7.1918e-02	0.222025	1
RNASEH2C	4	2.1584e-01	7.1918e-02	0.222025	3
RNF115	4	2.1585e-01	7.1918e-02	0.222025	3
OR5M10	4	2.1590e-01	7.1918e-02	0.222025	2
GSTA4	4	2.1591e-01	7.1918e-02	0.222025	2
LOC730159	4	2.1597e-01	7.1918e-02	0.222025	3
NDUFS5	4	2.1598e-01	7.1918e-02	0.222025	3
RBPMS	4	2.1607e-01	7.2402e-02	0.222125	3
UBD	4	2.1607e-01	7.2402e-02	0.222125	1
HIST1H3G	4	2.1615e-01	7.2402e-02	0.222125	3
TMEM232	4	2.1618e-01	7.2402e-02	0.222125	3
VSNL1	4	2.1625e-01	7.2402e-02	0.222125	3
HMGA2	4	2.1625e-01	7.2402e-02	0.222125	2
NAALAD2	4	2.1627e-01	7.2402e-02	0.222125	3
PSAT1	4	2.1627e-01	7.2402e-02	0.222125	3
KIDINS220	4	2.1629e-01	7.2402e-02	0.222125	3
ZNF517	4	2.1633e-01	7.2402e-02	0.222125	3
DNAJB12	4	2.1636e-01	7.2402e-02	0.222125	3
POTEB3	4	2.1642e-01	7.2402e-02	0.222125	3
UNC5CL	4	2.1642e-01	7.2402e-02	0.222125	3
CGGBP1	4	2.1642e-01	7.2402e-02	0.222125	1
PNPLA3	4	2.1649e-01	7.2402e-02	0.222125	3
PLA2G1B	4	2.1656e-01	7.2402e-02	0.222125	3
C12orf73	4	2.1659e-01	7.2402e-02	0.222125	3
IVNS1ABP	4	2.1661e-01	7.2402e-02	0.222125	3
IDH3A	4	2.1666e-01	7.2402e-02	0.222125	2
PNPLA5	4	2.1670e-01	7.2402e-02	0.222125	2
GALNT12	4	2.1675e-01	7.2402e-02	0.222125	3
IER2	4	2.1676e-01	7.2403e-02	0.222125	2
IRF6	4	2.1680e-01	7.2403e-02	0.222125	3
C19orf80	4	2.1681e-01	7.2403e-02	0.222125	2
OBSCN	4	2.1685e-01	7.2403e-02	0.222125	2
CTSH	4	2.1687e-01	7.2403e-02	0.222125	3
XRCC1	4	2.1702e-01	7.2403e-02	0.222125	2
EFR3A	4	2.1703e-01	7.2403e-02	0.222125	2
ZSWIM3	4	2.1705e-01	7.2403e-02	0.222125	3
GPHB5	4	2.1705e-01	7.2403e-02	0.222125	3
MS4A4A	4	2.1706e-01	7.2403e-02	0.222125	2
GGNBP2	4	2.1707e-01	7.2403e-02	0.222125	3
KATNA1	4	2.1716e-01	7.2403e-02	0.222125	3
KRTCAP3	4	2.1718e-01	7.2403e-02	0.222125	3
ZNF880	4	2.1723e-01	7.2403e-02	0.222125	3
ANKRD52	4	2.1725e-01	7.2403e-02	0.222125	3
IPO8	4	2.1734e-01	7.2403e-02	0.222125	2
TREML1	4	2.1737e-01	7.2403e-02	0.222125	2
OR10A4	4	2.1742e-01	7.2403e-02	0.222125	3
NQO2	4	2.1749e-01	7.2919e-02	0.222470	3
LOC149373	4	2.1750e-01	7.2919e-02	0.222470	2
CPE	4	2.1750e-01	7.2919e-02	0.222470	2
IQCG	4	2.1750e-01	7.2919e-02	0.222470	2
TSPY3	4	2.1752e-01	7.2919e-02	0.222470	3
OR5M8	4	2.1758e-01	7.2919e-02	0.222470	1
C17orf99	3	2.1764e-01	6.5369e-02	0.210296	1
PPP1R3B	4	2.1767e-01	7.2919e-02	0.222470	3
METTL15	4	2.1773e-01	7.2919e-02	0.222470	2
PRR36	4	2.1775e-01	7.2919e-02	0.222470	2
C11orf53	4	2.1783e-01	7.3405e-02	0.222470	3
EMC2	4	2.1789e-01	7.3405e-02	0.222470	2
FGR	4	2.1791e-01	7.3405e-02	0.222470	2
C9orf116	4	2.1794e-01	7.3405e-02	0.222470	3
CXorf40A	4	2.1795e-01	7.3405e-02	0.222470	3
DEFB107A	4	2.1797e-01	7.3405e-02	0.222470	3
MAMLD1	4	2.1800e-01	7.3405e-02	0.222470	3
PARP16	4	2.1804e-01	7.3405e-02	0.222470	2
GDPD3	4	2.1807e-01	7.3405e-02	0.222470	3
OR4C6	4	2.1809e-01	7.3405e-02	0.222470	2
ATG10	4	2.1809e-01	7.3405e-02	0.222470	3
ZNF625	4	2.1809e-01	7.3405e-02	0.222470	3
C21orf140	4	2.1817e-01	7.3405e-02	0.222470	3
XPNPEP2	4	2.1818e-01	7.3405e-02	0.222470	3
TRAF3IP3	4	2.1823e-01	7.3405e-02	0.222470	3
ADGRG2	4	2.1837e-01	7.3405e-02	0.222470	2
UPK3BL	4	2.1839e-01	7.3405e-02	0.222470	2
KCNJ11	4	2.1840e-01	7.3405e-02	0.222470	3
PRTN3	4	2.1845e-01	7.3405e-02	0.222470	3
TRANK1	4	2.1845e-01	7.3405e-02	0.222470	3
PLEKHG3	4	2.1846e-01	7.3405e-02	0.222470	3
ABCB6	4	2.1848e-01	7.3405e-02	0.222470	3
ZIC2	4	2.1860e-01	7.3405e-02	0.222470	2
ATCAY	4	2.1868e-01	7.3405e-02	0.222470	3
CCDC60	4	2.1868e-01	7.3405e-02	0.222470	2
TSPAN6	4	2.1871e-01	7.3405e-02	0.222470	3
COL2A1	4	2.1874e-01	7.3405e-02	0.222470	2
MYO5A	4	2.1881e-01	7.3405e-02	0.222470	3
C3orf84	4	2.1882e-01	7.3405e-02	0.222470	3
ANO7	4	2.1887e-01	7.3405e-02	0.222470	1
ASCC1	4	2.1887e-01	7.3405e-02	0.222470	2
CYP11B1	4	2.1887e-01	7.3405e-02	0.222470	3
RAD23A	4	2.1894e-01	7.3405e-02	0.222470	2
ZNF716	4	2.1896e-01	7.3405e-02	0.222470	2
C19orf38	4	2.1904e-01	7.3405e-02	0.222470	3
IL17REL	4	2.1904e-01	7.3405e-02	0.222470	3
PEX11B	3	2.1906e-01	6.5369e-02	0.210296	2
PRR14L	4	2.1914e-01	7.3405e-02	0.222470	3
KDM4E	4	2.1914e-01	7.3405e-02	0.222470	3
ANO6	4	2.1917e-01	7.3897e-02	0.222470	3
FAM210A	4	2.1919e-01	7.3897e-02	0.222470	3
C1orf112	4	2.1921e-01	7.3897e-02	0.222470	2
IGSF5	4	2.1935e-01	7.3897e-02	0.222470	3
OR8H2	4	2.1937e-01	7.3897e-02	0.222470	3
LRRC16B	4	2.1941e-01	7.3897e-02	0.222470	1
C7orf76	4	2.1952e-01	7.3897e-02	0.222470	2
CFAP57	4	2.1952e-01	7.3897e-02	0.222470	3
ACADL	4	2.1953e-01	7.3897e-02	0.222470	3
FMR1	4	2.1955e-01	7.3897e-02	0.222470	3
PDS5B	4	2.1960e-01	7.3897e-02	0.222470	3
VOPP1	4	2.1963e-01	7.3897e-02	0.222470	2
PRKD2	4	2.1969e-01	7.3897e-02	0.222470	2
PRKCE	4	2.1977e-01	7.3897e-02	0.222470	2
TMEM40	4	2.1981e-01	7.3897e-02	0.222470	3
TTF2	4	2.1982e-01	7.3897e-02	0.222470	2
KLHDC7A	4	2.1991e-01	7.3897e-02	0.222470	3
SH3BGRL2	4	2.1995e-01	7.3897e-02	0.222470	1
NMT2	4	2.2000e-01	7.3897e-02	0.222470	3
NLGN2	4	2.2010e-01	7.3897e-02	0.222470	2
APTX	4	2.2012e-01	7.3897e-02	0.222470	3
NUMBL	4	2.2020e-01	7.3898e-02	0.222470	3
PRY2	4	2.2024e-01	7.3898e-02	0.222470	3
RPRD1B	4	2.2037e-01	7.3898e-02	0.222470	2
WWOX	4	2.2042e-01	7.3898e-02	0.222470	2
TMEM135	4	2.2042e-01	7.3898e-02	0.222470	2
SPATA2	4	2.2046e-01	7.3898e-02	0.222470	3
FXYD7	4	2.2050e-01	7.3898e-02	0.222470	3
PLGLB1	4	2.2052e-01	7.3898e-02	0.222470	2
ADAM19	4	2.2065e-01	7.3898e-02	0.222470	2
KIAA0586	4	2.2072e-01	7.3898e-02	0.222470	3
LRRIQ3	4	2.2074e-01	7.3898e-02	0.222470	3
RRNAD1	4	2.2078e-01	7.3898e-02	0.222470	3
GRK6	4	2.2080e-01	7.3898e-02	0.222470	3
PDXK	4	2.2090e-01	7.3898e-02	0.222470	3
C6orf141	4	2.2095e-01	7.3898e-02	0.222470	3
DUSP23	4	2.2097e-01	7.3898e-02	0.222470	1
OTX2	4	2.2099e-01	7.3898e-02	0.222470	3
TBR1	4	2.2106e-01	7.3898e-02	0.222470	1
EVA1C	4	2.2112e-01	7.3898e-02	0.222470	2
TRIM51	4	2.2114e-01	7.3898e-02	0.222470	2
KLK2	4	2.2114e-01	7.3898e-02	0.222470	3
NDRG4	4	2.2118e-01	7.4412e-02	0.222470	2
MBIP	4	2.2123e-01	7.4412e-02	0.222470	2
PROX1	4	2.2130e-01	7.4412e-02	0.222470	3
CMA1	4	2.2133e-01	7.4412e-02	0.222470	2
AMY2B	4	2.2133e-01	7.4412e-02	0.222470	3
ATP13A1	4	2.2141e-01	7.4412e-02	0.222470	3
COA6	4	2.2147e-01	7.4412e-02	0.222470	3
B3GNT9	4	2.2155e-01	7.4412e-02	0.222470	3
DCTPP1	4	2.2156e-01	7.4412e-02	0.222470	2
ZSCAN5B	4	2.2157e-01	7.4412e-02	0.222470	3
HSF5	4	2.2173e-01	7.4412e-02	0.222470	3
PRDM7	4	2.2175e-01	7.4412e-02	0.222470	2
MOG	4	2.2178e-01	7.4412e-02	0.222470	3
NXF5	4	2.2181e-01	7.4412e-02	0.222470	3
AKAP4	4	2.2183e-01	7.4412e-02	0.222470	2
CRYBA4	4	2.2185e-01	7.4412e-02	0.222470	3
CRTC2	4	2.2190e-01	7.4412e-02	0.222470	2
ABCA8	4	2.2204e-01	7.4412e-02	0.222470	2
VPS9D1	4	2.2204e-01	7.4412e-02	0.222470	3
SLC9A9	4	2.2204e-01	7.4412e-02	0.222470	3
GAREML	4	2.2208e-01	7.4412e-02	0.222470	3
RRH	4	2.2209e-01	7.4412e-02	0.222470	1
PITX3	4	2.2217e-01	7.4412e-02	0.222470	1
TUBB2A	4	2.2219e-01	7.4412e-02	0.222470	2
RNF111	4	2.2223e-01	7.4412e-02	0.222470	3
UNKL	4	2.2226e-01	7.4412e-02	0.222470	2
GPR161	4	2.2228e-01	7.4412e-02	0.222470	3
USP17L7	4	2.2232e-01	7.4412e-02	0.222470	3
BECN2	4	2.2235e-01	7.4412e-02	0.222470	3
FAM208A	4	2.2236e-01	7.4412e-02	0.222470	3
VCAM1	4	2.2239e-01	7.4412e-02	0.222470	1
CIART	4	2.2242e-01	7.4412e-02	0.222470	2
PLSCR3	4	2.2246e-01	7.4412e-02	0.222470	2
ATP5O	4	2.2248e-01	7.4412e-02	0.222470	3
TMX1	4	2.2254e-01	7.4412e-02	0.222470	3
VANGL2	4	2.2256e-01	7.4412e-02	0.222470	1
LANCL3	4	2.2260e-01	7.4412e-02	0.222470	3
ZNF568	4	2.2263e-01	7.4413e-02	0.222470	3
COMT	4	2.2269e-01	7.4413e-02	0.222470	2
MRPL50	4	2.2283e-01	7.4413e-02	0.222470	3
MOK	4	2.2286e-01	7.4413e-02	0.222470	3
WFIKKN1	4	2.2286e-01	7.4413e-02	0.222470	2
FAM3D	4	2.2288e-01	7.4413e-02	0.222470	3
TRIML1	4	2.2294e-01	7.4413e-02	0.222470	3
OPCML	4	2.2294e-01	7.4413e-02	0.222470	3
ERAP2	4	2.2305e-01	7.4413e-02	0.222470	3
HOXC6	4	2.2307e-01	7.4413e-02	0.222470	2
NNMT	4	2.2308e-01	7.4413e-02	0.222470	3
PBX3	4	2.2310e-01	7.4413e-02	0.222470	3
OR2L8	4	2.2310e-01	7.4413e-02	0.222470	2
C11orf58	4	2.2315e-01	7.4413e-02	0.222470	3
APOBEC3C	4	2.2324e-01	7.4413e-02	0.222470	2
FUT11	4	2.2326e-01	7.4413e-02	0.222470	3
KLF1	4	2.2329e-01	7.4413e-02	0.222470	1
MXRA7	4	2.2335e-01	7.4413e-02	0.222470	3
ADAMTS20	4	2.2335e-01	7.4413e-02	0.222470	3
ANKRD63	4	2.2339e-01	7.4413e-02	0.222470	3
NKAIN4	4	2.2343e-01	7.4413e-02	0.222470	3
C11orf98	4	2.2346e-01	7.4413e-02	0.222470	3
AIM1L	4	2.2352e-01	7.4413e-02	0.222470	2
ZNF555	4	2.2362e-01	7.4413e-02	0.222470	2
MRPS28	4	2.2366e-01	7.4413e-02	0.222470	3
LOC100505478	4	2.2368e-01	7.4413e-02	0.222470	3
GRAMD4	4	2.2370e-01	7.4413e-02	0.222470	3
B3GNT2	4	2.2372e-01	7.4413e-02	0.222470	3
R3HCC1	4	2.2373e-01	7.4413e-02	0.222470	3
TRPV5	4	2.2375e-01	7.4413e-02	0.222470	3
GRINA	4	2.2376e-01	7.4413e-02	0.222470	3
GGTLC2	4	2.2379e-01	7.4413e-02	0.222470	2
CCDC186	4	2.2381e-01	7.4413e-02	0.222470	3
OR5H6	4	2.2387e-01	7.4413e-02	0.222470	2
DIAPH3	4	2.2387e-01	7.4413e-02	0.222470	3
PTPN1	4	2.2405e-01	7.4413e-02	0.222470	3
ZNF783	4	2.2405e-01	7.4413e-02	0.222470	2
LOC158434	4	2.2408e-01	7.4875e-02	0.223399	2
KRTAP10-3	4	2.2412e-01	7.4875e-02	0.223399	2
MYH13	4	2.2419e-01	7.4875e-02	0.223399	2
NNT	4	2.2420e-01	7.4875e-02	0.223399	3
CHST8	4	2.2428e-01	7.4875e-02	0.223399	3
PPARGC1B	4	2.2429e-01	7.4875e-02	0.223399	2
F5	4	2.2435e-01	7.4875e-02	0.223399	3
SEPN1	4	2.2440e-01	7.4875e-02	0.223399	2
FAM78B	4	2.2443e-01	7.4875e-02	0.223399	3
G6PC	4	2.2450e-01	7.4875e-02	0.223399	2
ATG7	4	2.2457e-01	7.4875e-02	0.223399	1
TCERG1	4	2.2470e-01	7.4875e-02	0.223399	3
CATSPERB	4	2.2473e-01	7.4875e-02	0.223399	3
LAMB3	4	2.2484e-01	7.5379e-02	0.224519	2
STAR	4	2.2485e-01	7.5379e-02	0.224519	3
C21orf91	4	2.2493e-01	7.5379e-02	0.224519	3
TMEM63A	4	2.2494e-01	7.5379e-02	0.224519	2
PAICS	4	2.2495e-01	7.5379e-02	0.224519	3
AP3M1	4	2.2501e-01	7.5379e-02	0.224519	3
PGBD5	4	2.2504e-01	7.5380e-02	0.224519	2
PLAG1	4	2.2510e-01	7.5380e-02	0.224519	2
VPS11	4	2.2522e-01	7.5380e-02	0.224519	2
EPB41L5	4	2.2524e-01	7.5380e-02	0.224519	3
CFAP45	4	2.2526e-01	7.5380e-02	0.224519	3
ZBP1	4	2.2533e-01	7.5894e-02	0.224548	3
MYOZ3	4	2.2547e-01	7.5894e-02	0.224548	3
PDE3B	4	2.2549e-01	7.5894e-02	0.224548	2
PITRM1	4	2.2552e-01	7.5894e-02	0.224548	2
TIMP2	4	2.2557e-01	7.5894e-02	0.224548	3
ATP13A4	4	2.2564e-01	7.5894e-02	0.224548	3
B3GNT6	4	2.2570e-01	7.5894e-02	0.224548	3
CYSTM1	4	2.2572e-01	7.5894e-02	0.224548	3
MTHFD2L	4	2.2574e-01	7.5894e-02	0.224548	2
ATP5H	4	2.2575e-01	7.5894e-02	0.224548	2
ZNF776	4	2.2577e-01	7.5894e-02	0.224548	2
RNF212	4	2.2578e-01	7.5894e-02	0.224548	3
C6orf106	4	2.2582e-01	7.5894e-02	0.224548	3
CDK10	4	2.2590e-01	7.5894e-02	0.224548	3
GLYATL2	4	2.2593e-01	7.5894e-02	0.224548	2
PNCK	4	2.2600e-01	7.5894e-02	0.224548	2
FNDC4	4	2.2602e-01	7.5894e-02	0.224548	2
ANXA2R	4	2.2607e-01	7.5894e-02	0.224548	3
ZNF81	4	2.2612e-01	7.5894e-02	0.224548	3
TMEM211	4	2.2617e-01	7.5894e-02	0.224548	3
LMLN	4	2.2618e-01	7.5894e-02	0.224548	3
HERC2	4	2.2620e-01	7.5895e-02	0.224548	3
TMEM45B	4	2.2622e-01	7.5895e-02	0.224548	3
TMEM256	4	2.2623e-01	7.5895e-02	0.224548	3
LOC653602	4	2.2628e-01	7.5895e-02	0.224548	1
SLC25A52	4	2.2628e-01	7.5895e-02	0.224548	3
MYO6	4	2.2645e-01	7.5895e-02	0.224548	3
SLC2A8	4	2.2650e-01	7.5895e-02	0.224548	2
TMEM30B	4	2.2652e-01	7.5895e-02	0.224548	3
PIGS	4	2.2653e-01	7.5895e-02	0.224548	2
CCDC63	4	2.2654e-01	7.5895e-02	0.224548	2
C1orf185	4	2.2658e-01	7.5895e-02	0.224548	2
ARHGEF1	4	2.2658e-01	7.5895e-02	0.224548	2
AUTS2	4	2.2662e-01	7.5895e-02	0.224548	3
ENAH	4	2.2664e-01	7.5895e-02	0.224548	3
C11orf84	4	2.2668e-01	7.5895e-02	0.224548	2
UBXN2A	4	2.2672e-01	7.5895e-02	0.224548	3
ANKIB1	4	2.2674e-01	7.5895e-02	0.224548	2
AGFG1	4	2.2675e-01	7.5895e-02	0.224548	3
C6orf132	4	2.2682e-01	7.5895e-02	0.224548	2
FBXO47	4	2.2684e-01	7.5895e-02	0.224548	2
RAPGEF4	4	2.2692e-01	7.5895e-02	0.224548	2
PLCE1	4	2.2700e-01	7.5895e-02	0.224548	3
BRICD5	4	2.2712e-01	7.6427e-02	0.225566	2
TPD52L3	4	2.2712e-01	7.6427e-02	0.225566	3
RANBP3	4	2.2713e-01	7.6427e-02	0.225566	3
BST2	4	2.2714e-01	7.6427e-02	0.225566	3
LAIR2	4	2.2717e-01	7.6427e-02	0.225566	2
GNRH1	4	2.2735e-01	7.6427e-02	0.225566	2
FBP1	4	2.2735e-01	7.6427e-02	0.225566	2
FAM107A	4	2.2740e-01	7.6427e-02	0.225566	3
TTC5	4	2.2740e-01	7.6427e-02	0.225566	3
UPK1B	4	2.2747e-01	7.6428e-02	0.225566	2
PPOX	4	2.2748e-01	7.6428e-02	0.225566	3
OCRL	4	2.2750e-01	7.6428e-02	0.225566	2
SLCO6A1	4	2.2754e-01	7.6428e-02	0.225566	3
YIPF5	4	2.2756e-01	7.6428e-02	0.225566	2
MYSM1	4	2.2763e-01	7.6428e-02	0.225566	3
FES	4	2.2773e-01	7.6428e-02	0.225566	2
ERC1	4	2.2803e-01	7.9327e-02	0.232777	1
NXPH2	4	2.2805e-01	7.9327e-02	0.232777	2
AGBL1	4	2.2809e-01	7.9327e-02	0.232777	1
SH3BGRL	4	2.2811e-01	7.9327e-02	0.232777	3
COQ10B	4	2.2818e-01	7.9327e-02	0.232777	3
TXNDC15	4	2.2820e-01	7.9327e-02	0.232777	2
CSF1	4	2.2828e-01	7.9327e-02	0.232777	1
FPGT	4	2.2831e-01	7.9327e-02	0.232777	2
MOXD1	4	2.2833e-01	7.9327e-02	0.232777	3
TXNDC9	4	2.2843e-01	7.9327e-02	0.232777	2
HLA-DQB1	4	2.2843e-01	7.9327e-02	0.232777	2
STAB2	4	2.2843e-01	7.9327e-02	0.232777	3
SEMA4B	4	2.2845e-01	7.9327e-02	0.232777	3
NAT14	4	2.2849e-01	7.9327e-02	0.232777	2
TK1	4	2.2854e-01	7.9328e-02	0.232777	2
NKX2-2	4	2.2858e-01	7.9328e-02	0.232777	1
NKAPL	4	2.2860e-01	7.9328e-02	0.232777	3
IFT172	4	2.2867e-01	7.9328e-02	0.232777	3
APOBEC3H	4	2.2875e-01	7.9328e-02	0.232777	3
C1orf106	4	2.2880e-01	7.9328e-02	0.232777	3
ZNF488	4	2.2882e-01	7.9328e-02	0.232777	3
ZFP36L2	4	2.2884e-01	7.9328e-02	0.232777	2
ANKRA2	4	2.2884e-01	7.9328e-02	0.232777	3
USP32	4	2.2887e-01	7.9328e-02	0.232777	3
RHOV	4	2.2888e-01	7.9328e-02	0.232777	2
DAW1	4	2.2899e-01	7.9328e-02	0.232777	3
DHRS9	4	2.2901e-01	7.9328e-02	0.232777	2
CD22	4	2.2902e-01	7.9328e-02	0.232777	3
SLC5A6	4	2.2904e-01	7.9328e-02	0.232777	2
BOLA1	4	2.2906e-01	7.9328e-02	0.232777	3
XBP1	4	2.2911e-01	7.9328e-02	0.232777	3
TMEM185A	4	2.2928e-01	7.9882e-02	0.232777	3
YIPF6	4	2.2936e-01	7.9882e-02	0.232777	3
PLEKHB1	4	2.2941e-01	7.9882e-02	0.232777	2
C4orf26	4	2.2949e-01	7.9882e-02	0.232777	2
USH1G	4	2.2968e-01	7.9882e-02	0.232777	2
LIMS2	4	2.2984e-01	7.9882e-02	0.232777	2
SUN5	4	2.2985e-01	7.9882e-02	0.232777	3
RNF222	4	2.2990e-01	7.9882e-02	0.232777	3
DMRT3	4	2.2992e-01	7.9882e-02	0.232777	3
GPR50	4	2.2993e-01	7.9882e-02	0.232777	3
TAAR5	4	2.2997e-01	7.9882e-02	0.232777	3
HHIPL2	4	2.3002e-01	7.9882e-02	0.232777	3
SFRP5	4	2.3004e-01	7.9882e-02	0.232777	3
TPM4	4	2.3016e-01	7.9882e-02	0.232777	3
NENF	4	2.3019e-01	7.9882e-02	0.232777	2
HSPBP1	4	2.3021e-01	7.9882e-02	0.232777	3
KRTAP10-11	4	2.3031e-01	7.9882e-02	0.232777	2
ZNF440	4	2.3040e-01	7.9882e-02	0.232777	2
CTTN	4	2.3041e-01	7.9882e-02	0.232777	3
B3GALT2	4	2.3044e-01	7.9882e-02	0.232777	2
PSIP1	4	2.3052e-01	7.9882e-02	0.232777	3
TSSK2	4	2.3058e-01	7.9882e-02	0.232777	3
SIRPA	4	2.3062e-01	7.9882e-02	0.232777	2
NCMAP	4	2.3063e-01	7.9882e-02	0.232777	2
TAS2R38	4	2.3067e-01	7.9882e-02	0.232777	3
PA2G4	4	2.3071e-01	7.9882e-02	0.232777	3
PRSS3	4	2.3075e-01	7.9882e-02	0.232777	3
OR2AK2	4	2.3082e-01	7.9882e-02	0.232777	3
OR5T1	4	2.3089e-01	7.9882e-02	0.232777	2
RABL2A	4	2.3105e-01	7.9882e-02	0.232777	1
ADH1B	4	2.3105e-01	7.9882e-02	0.232777	3
DMRTC1	4	2.3134e-01	7.9882e-02	0.232777	3
CDK17	4	2.3134e-01	7.9882e-02	0.232777	3
SAMD7	4	2.3135e-01	7.9882e-02	0.232777	2
CDCP2	4	2.3137e-01	7.9882e-02	0.232777	2
TRAP1	4	2.3140e-01	7.9882e-02	0.232777	3
CCDC146	4	2.3145e-01	7.9882e-02	0.232777	1
ATP1B3	4	2.3151e-01	7.9882e-02	0.232777	2
KRT86	4	2.3156e-01	7.9882e-02	0.232777	2
SLAMF8	4	2.3159e-01	7.9882e-02	0.232777	3
CRHR2	4	2.3162e-01	7.9882e-02	0.232777	1
TMEM107	4	2.3165e-01	7.9882e-02	0.232777	2
KIF14	4	2.3168e-01	7.9882e-02	0.232777	2
KCNC1	4	2.3171e-01	7.9882e-02	0.232777	3
SSTR2	4	2.3174e-01	7.9882e-02	0.232777	3
CHI3L1	4	2.3184e-01	7.9882e-02	0.232777	3
IFT22	4	2.3186e-01	7.9882e-02	0.232777	2
LDLRAD2	4	2.3187e-01	7.9882e-02	0.232777	2
IL1R2	4	2.3190e-01	7.9882e-02	0.232777	2
S100B	4	2.3195e-01	7.9882e-02	0.232777	2
CD160	4	2.3198e-01	7.9882e-02	0.232777	2
PTP4A2	4	2.3212e-01	7.9882e-02	0.232777	2
TMEM159	4	2.3223e-01	8.0375e-02	0.233297	3
NDUFC2	4	2.3227e-01	8.0375e-02	0.233297	3
DMRT1	4	2.3229e-01	8.0375e-02	0.233297	3
SMKR1	4	2.3241e-01	8.0375e-02	0.233297	1
ASIC2	4	2.3245e-01	8.0375e-02	0.233297	2
HSPA8	4	2.3250e-01	8.0375e-02	0.233297	2
ZNF563	4	2.3251e-01	8.0375e-02	0.233297	3
OSGEPL1	4	2.3252e-01	8.0375e-02	0.233297	3
CCND3	4	2.3253e-01	8.0375e-02	0.233297	2
UNK	4	2.3279e-01	8.0376e-02	0.233297	3
ARHGAP23	4	2.3281e-01	8.0376e-02	0.233297	3
ADRBK2	4	2.3281e-01	8.0376e-02	0.233297	3
PLEKHG2	4	2.3283e-01	8.0376e-02	0.233297	3
SPI1	4	2.3283e-01	8.0376e-02	0.233297	1
ANO8	4	2.3285e-01	8.0376e-02	0.233297	3
PUS7L	4	2.3291e-01	8.0376e-02	0.233297	3
DIP2A	4	2.3291e-01	8.0376e-02	0.233297	1
ETV7	4	2.3302e-01	8.0376e-02	0.233297	3
HS3ST6	4	2.3309e-01	8.0376e-02	0.233297	2
EZH1	4	2.3333e-01	8.0892e-02	0.233297	3
TUFT1	4	2.3337e-01	8.0892e-02	0.233297	3
ZNF682	4	2.3338e-01	8.0892e-02	0.233297	1
ALAD	4	2.3339e-01	8.0892e-02	0.233297	3
CLIC5	4	2.3349e-01	8.0892e-02	0.233297	3
GRIN2B	4	2.3354e-01	8.0892e-02	0.233297	3
MPHOSPH9	4	2.3354e-01	8.0892e-02	0.233297	2
FKBP1A	4	2.3361e-01	8.0892e-02	0.233297	2
ZNF480	4	2.3366e-01	8.0892e-02	0.233297	3
DNAJC12	4	2.3368e-01	8.0892e-02	0.233297	2
MAP2K4	4	2.3370e-01	8.0892e-02	0.233297	1
DNASE2	4	2.3378e-01	8.0892e-02	0.233297	3
NAT8L	4	2.3395e-01	8.0893e-02	0.233297	2
PVRL3	4	2.3397e-01	8.0893e-02	0.233297	3
TMEM179B	4	2.3398e-01	8.0893e-02	0.233297	3
HOXB5	4	2.3399e-01	8.0893e-02	0.233297	2
KIAA1614	4	2.3401e-01	8.0893e-02	0.233297	2
EML5	4	2.3402e-01	8.0893e-02	0.233297	3
SPICE1	4	2.3412e-01	8.0893e-02	0.233297	3
PM20D2	4	2.3415e-01	8.0893e-02	0.233297	2
MRGPRX2	4	2.3418e-01	8.0893e-02	0.233297	2
PURG	4	2.3427e-01	8.0893e-02	0.233297	1
ADAT1	4	2.3432e-01	8.0893e-02	0.233297	3
TARP	4	2.3434e-01	8.0893e-02	0.233297	3
TSSK1B	4	2.3439e-01	8.0893e-02	0.233297	3
PSORS1C2	4	2.3441e-01	8.0893e-02	0.233297	3
NOA1	4	2.3447e-01	8.0893e-02	0.233297	3
KRTAP4-7	4	2.3452e-01	8.0893e-02	0.233297	2
CFAP52	4	2.3452e-01	8.0893e-02	0.233297	2
PTPRG	4	2.3459e-01	8.0893e-02	0.233297	2
PAIP2	4	2.3459e-01	8.0893e-02	0.233297	2
BCL2L14	4	2.3463e-01	8.0893e-02	0.233297	2
CSTL1	4	2.3467e-01	8.1429e-02	0.233297	2
PNPLA8	4	2.3477e-01	8.1429e-02	0.233297	3
OSBPL5	4	2.3490e-01	8.1429e-02	0.233297	3
MED23	4	2.3500e-01	8.1429e-02	0.233297	3
TBC1D15	4	2.3503e-01	8.1429e-02	0.233297	2
ZSCAN25	4	2.3512e-01	8.1429e-02	0.233297	2
NDUFA12	4	2.3516e-01	8.1429e-02	0.233297	3
STX1A	4	2.3520e-01	8.1429e-02	0.233297	2
PTP4A1	4	2.3523e-01	8.1429e-02	0.233297	3
SREBF1	4	2.3524e-01	8.1429e-02	0.233297	2
ZNF593	4	2.3529e-01	8.1429e-02	0.233297	2
CD7	4	2.3533e-01	8.1429e-02	0.233297	3
C12orf77	4	2.3533e-01	8.1429e-02	0.233297	2
SVIL	4	2.3535e-01	8.1429e-02	0.233297	3
ADAM9	4	2.3537e-01	8.1429e-02	0.233297	3
PIK3R2	4	2.3537e-01	8.1429e-02	0.233297	3
ZNF155	4	2.3542e-01	8.1995e-02	0.233297	3
ZBTB12	4	2.3545e-01	8.1995e-02	0.233297	3
CTAGE15	4	2.3545e-01	8.1995e-02	0.233297	2
AMY2A	4	2.3550e-01	8.1995e-02	0.233297	2
B4GALNT4	4	2.3554e-01	8.1995e-02	0.233297	3
MND1	4	2.3559e-01	8.1995e-02	0.233297	2
ABI2	4	2.3562e-01	8.1995e-02	0.233297	3
SOX10	4	2.3569e-01	8.1995e-02	0.233297	3
SIT1	4	2.3578e-01	8.1995e-02	0.233297	2
LZTR1	4	2.3584e-01	8.1995e-02	0.233297	3
CCT6B	4	2.3589e-01	8.1995e-02	0.233297	3
RTBDN	4	2.3597e-01	8.1995e-02	0.233297	2
MT1G	4	2.3609e-01	8.1995e-02	0.233297	2
HAT1	4	2.3610e-01	8.1995e-02	0.233297	3
TRIM64	4	2.3614e-01	8.1995e-02	0.233297	2
CADM3	4	2.3617e-01	8.1995e-02	0.233297	3
C17orf59	4	2.3617e-01	8.1995e-02	0.233297	2
SYT4	4	2.3619e-01	8.1995e-02	0.233297	3
SLC27A3	4	2.3620e-01	8.1995e-02	0.233297	2
DAZAP1	4	2.3627e-01	8.1996e-02	0.233297	2
RAB36	4	2.3627e-01	8.1996e-02	0.233297	3
SEMA4D	4	2.3628e-01	8.1996e-02	0.233297	2
VPS13C	4	2.3635e-01	8.1996e-02	0.233297	3
MXRA5	4	2.3637e-01	8.1996e-02	0.233297	3
IGFBP6	4	2.3641e-01	8.1996e-02	0.233297	3
KRT83	4	2.3643e-01	8.1996e-02	0.233297	2
ANKRD20A1	4	2.3647e-01	8.1996e-02	0.233297	2
BBS2	4	2.3649e-01	8.1996e-02	0.233297	3
LILRA6	4	2.3651e-01	8.1996e-02	0.233297	3
TXNDC11	4	2.3653e-01	8.1996e-02	0.233297	3
ZBTB25	4	2.3653e-01	8.1996e-02	0.233297	2
MVP	4	2.3660e-01	8.1996e-02	0.233297	3
FAM72C	4	2.3670e-01	8.1996e-02	0.233297	3
RERG	4	2.3672e-01	8.1996e-02	0.233297	3
NPFFR1	4	2.3672e-01	8.1996e-02	0.233297	1
HSPB8	4	2.3685e-01	8.1996e-02	0.233297	3
MAL2	4	2.3695e-01	8.1996e-02	0.233297	1
ITGA1	4	2.3695e-01	8.1996e-02	0.233297	2
ZNF267	4	2.3701e-01	8.2538e-02	0.233297	3
ZNF74	4	2.3706e-01	8.2538e-02	0.233297	3
CYB5RL	4	2.3706e-01	8.2538e-02	0.233297	1
PROZ	4	2.3719e-01	8.2539e-02	0.233297	3
PPP3CB	4	2.3721e-01	8.2539e-02	0.233297	2
C10orf90	4	2.3731e-01	8.2539e-02	0.233297	2
AVPR1B	4	2.3733e-01	8.2539e-02	0.233297	3
CDK4	4	2.3744e-01	8.3079e-02	0.233297	1
KCNV2	4	2.3746e-01	8.3079e-02	0.233297	2
VIMP	4	2.3747e-01	8.3079e-02	0.233297	3
PDE4DIP	4	2.3749e-01	8.3079e-02	0.233297	3
CCDC184	4	2.3756e-01	8.3079e-02	0.233297	3
SOBP	4	2.3774e-01	8.3080e-02	0.233297	3
NRP2	4	2.3776e-01	8.3080e-02	0.233297	3
SDF2	4	2.3776e-01	8.3080e-02	0.233297	3
TMED9	4	2.3780e-01	8.3080e-02	0.233297	3
RAB1B	4	2.3780e-01	8.3080e-02	0.233297	2
FBXO24	4	2.3786e-01	8.3553e-02	0.233297	3
ADCK5	4	2.3789e-01	8.3553e-02	0.233297	3
ZNF664	4	2.3790e-01	8.3553e-02	0.233297	3
DBNDD2	4	2.3792e-01	8.3553e-02	0.233297	3
C16orf59	4	2.3795e-01	8.3553e-02	0.233297	2
RHD	4	2.3799e-01	8.3553e-02	0.233297	1
LEP	4	2.3814e-01	8.3554e-02	0.233297	3
EPHX3	4	2.3820e-01	8.3554e-02	0.233297	2
CNGA2	4	2.3821e-01	8.3554e-02	0.233297	2
TRUB1	4	2.3827e-01	8.3554e-02	0.233297	2
CELF5	4	2.3832e-01	8.4051e-02	0.233297	3
FGF13	4	2.3837e-01	8.4051e-02	0.233297	3
ZNF318	4	2.3840e-01	8.4051e-02	0.233297	3
ACSM3	4	2.3841e-01	8.4051e-02	0.233297	3
FANK1	4	2.3848e-01	8.4051e-02	0.233297	3
EFS	4	2.3850e-01	8.4051e-02	0.233297	3
AHSA2	4	2.3852e-01	8.4051e-02	0.233297	3
KRT7	4	2.3857e-01	8.4051e-02	0.233297	2
CYP2C19	4	2.3874e-01	8.4051e-02	0.233297	2
OBP2B	4	2.3877e-01	8.4051e-02	0.233297	1
CNGB1	4	2.3881e-01	8.4051e-02	0.233297	2
CD84	4	2.3883e-01	8.4051e-02	0.233297	3
CNTN3	4	2.3883e-01	8.4051e-02	0.233297	2
CCL2	4	2.3886e-01	8.4051e-02	0.233297	3
GABARAP	4	2.3895e-01	8.4051e-02	0.233297	3
DTX1	4	2.3900e-01	8.4051e-02	0.233297	3
KRT34	4	2.3912e-01	8.4051e-02	0.233297	3
TMEM8B	4	2.3912e-01	8.4051e-02	0.233297	2
DEFB128	4	2.3915e-01	8.4051e-02	0.233297	3
ARID1B	4	2.3917e-01	8.4051e-02	0.233297	1
SLC35D2	4	2.3920e-01	8.4051e-02	0.233297	3
DEFB129	4	2.3927e-01	8.4051e-02	0.233297	3
ZSCAN4	4	2.3939e-01	8.4051e-02	0.233297	2
ZFP57	4	2.3939e-01	8.4051e-02	0.233297	3
KCNIP3	4	2.3948e-01	8.4051e-02	0.233297	3
DAB1	4	2.3958e-01	8.4051e-02	0.233297	2
TNFRSF6B	4	2.3959e-01	8.4051e-02	0.233297	3
PIWIL1	4	2.3965e-01	8.4051e-02	0.233297	3
MYNN	4	2.3973e-01	8.4051e-02	0.233297	2
MTX3	4	2.3975e-01	8.4051e-02	0.233297	2
RPL10L	4	2.3976e-01	8.4051e-02	0.233297	3
ZNF165	4	2.3981e-01	8.4051e-02	0.233297	3
RSPH4A	4	2.3984e-01	8.4051e-02	0.233297	3
PLEKHA2	4	2.3988e-01	8.4052e-02	0.233297	3
HCFC1R1	4	2.3990e-01	8.4052e-02	0.233297	2
PCDHGA5	4	2.3999e-01	8.4052e-02	0.233297	2
OLFML2A	4	2.4001e-01	8.4052e-02	0.233297	2
C8orf87	4	2.4007e-01	8.4052e-02	0.233297	3
KLC3	4	2.4008e-01	8.4052e-02	0.233297	3
HTR2A	4	2.4017e-01	8.4052e-02	0.233297	3
OR4X1	4	2.4018e-01	8.4052e-02	0.233297	2
MFSD2A	4	2.4020e-01	8.4052e-02	0.233297	3
IDNK	4	2.4022e-01	8.4052e-02	0.233297	3
PCDHAC1	4	2.4022e-01	8.4052e-02	0.233297	1
RELT	4	2.4025e-01	8.4052e-02	0.233297	3
ISLR2	4	2.4027e-01	8.4052e-02	0.233297	3
MPZL2	4	2.4029e-01	8.4052e-02	0.233297	2
PGBD1	4	2.4031e-01	8.4052e-02	0.233297	3
COCH	4	2.4031e-01	8.4052e-02	0.233297	2
ZXDC	4	2.4033e-01	8.4052e-02	0.233297	1
TBC1D30	4	2.4033e-01	8.4052e-02	0.233297	2
LONRF3	4	2.4038e-01	8.4052e-02	0.233297	3
GPRIN2	4	2.4043e-01	8.4052e-02	0.233297	3
ABCA10	4	2.4048e-01	8.4052e-02	0.233297	3
LUZP4	4	2.4051e-01	8.4052e-02	0.233297	3
ADGRF1	4	2.4057e-01	8.4052e-02	0.233297	3
GNAI3	4	2.4059e-01	8.4052e-02	0.233297	2
RAD54L2	4	2.4062e-01	8.4052e-02	0.233297	3
WDR76	4	2.4063e-01	8.4052e-02	0.233297	2
TPCN1	4	2.4069e-01	8.4052e-02	0.233297	2
NDUFA7	4	2.4070e-01	8.4052e-02	0.233297	3
RTTN	4	2.4073e-01	8.4052e-02	0.233297	1
CCR7	4	2.4077e-01	8.4052e-02	0.233297	2
TIMD4	4	2.4077e-01	8.4052e-02	0.233297	3
PITHD1	4	2.4082e-01	8.4052e-02	0.233297	2
LGR6	4	2.4085e-01	8.4052e-02	0.233297	2
OVCA2	4	2.4086e-01	8.4052e-02	0.233297	3
OTOL1	4	2.4086e-01	8.4052e-02	0.233297	2
PTPRB	4	2.4091e-01	8.4052e-02	0.233297	3
LIPC	4	2.4093e-01	8.4052e-02	0.233297	3
PDE4D	4	2.4096e-01	8.4052e-02	0.233297	3
FGF8	4	2.4100e-01	8.4052e-02	0.233297	2
FCN3	4	2.4108e-01	8.4052e-02	0.233297	3
C8orf31	4	2.4110e-01	8.4052e-02	0.233297	3
USP6NL	4	2.4120e-01	8.4052e-02	0.233297	3
PLCB4	4	2.4121e-01	8.4052e-02	0.233297	1
SEZ6L2	4	2.4140e-01	8.4052e-02	0.233297	2
ERGIC1	4	2.4151e-01	8.4620e-02	0.233297	3
SLC37A2	4	2.4151e-01	8.4620e-02	0.233297	3
OR2L3	4	2.4153e-01	8.4620e-02	0.233297	3
TMEM215	4	2.4155e-01	8.4620e-02	0.233297	3
SOX12	4	2.4157e-01	8.4620e-02	0.233297	1
ZNF451	4	2.4162e-01	8.4620e-02	0.233297	3
INPP5E	4	2.4171e-01	8.4620e-02	0.233297	2
MEOX2	4	2.4172e-01	8.4620e-02	0.233297	3
UPRT	4	2.4182e-01	8.4620e-02	0.233297	1
RAB14	4	2.4191e-01	8.4620e-02	0.233297	2
PATL1	4	2.4192e-01	8.4620e-02	0.233297	3
DDHD1	4	2.4198e-01	8.4620e-02	0.233297	3
AGO3	4	2.4205e-01	8.4620e-02	0.233297	3
C8orf89	4	2.4214e-01	8.4620e-02	0.233297	3
DHRS1	4	2.4221e-01	8.4620e-02	0.233297	3
KCNC4	4	2.4224e-01	8.4620e-02	0.233297	2
FGF16	4	2.4231e-01	8.4620e-02	0.233297	2
TFAP4	4	2.4233e-01	8.4620e-02	0.233297	3
KLHL29	4	2.4235e-01	8.4620e-02	0.233297	3
ZBBX	4	2.4240e-01	8.5087e-02	0.233297	3
RNF168	4	2.4245e-01	8.5087e-02	0.233297	3
NTN5	4	2.4254e-01	8.5087e-02	0.233297	3
OR52A5	4	2.4259e-01	8.5087e-02	0.233297	3
MGST1	4	2.4262e-01	8.5087e-02	0.233297	2
IMPAD1	4	2.4279e-01	8.5087e-02	0.233297	2
TDGF1	4	2.4287e-01	8.5087e-02	0.233297	2
SLC52A3	4	2.4291e-01	8.5087e-02	0.233297	3
HIST2H2AA4	4	2.4300e-01	8.5087e-02	0.233297	3
TP53TG3B	4	2.4301e-01	8.5087e-02	0.233297	3
FCER2	4	2.4303e-01	8.5087e-02	0.233297	3
CLEC4E	4	2.4303e-01	8.5087e-02	0.233297	3
HSPB6	4	2.4307e-01	8.5087e-02	0.233297	3
CRIM1	4	2.4312e-01	8.5087e-02	0.233297	3
INF2	4	2.4315e-01	8.5087e-02	0.233297	3
FGF22	4	2.4323e-01	8.5087e-02	0.233297	3
LAPTM4A	4	2.4329e-01	8.5087e-02	0.233297	2
XKR4	4	2.4335e-01	8.5087e-02	0.233297	3
FAM71E1	4	2.4335e-01	8.5087e-02	0.233297	2
AMPD1	4	2.4346e-01	8.5087e-02	0.233297	3
PWWP2A	4	2.4347e-01	8.5087e-02	0.233297	3
CD276	4	2.4354e-01	8.5087e-02	0.233297	3
FBXO27	4	2.4355e-01	8.5087e-02	0.233297	2
AQP1	4	2.4356e-01	8.5087e-02	0.233297	3
MYO15A	4	2.4358e-01	8.5087e-02	0.233297	3
ARHGEF18	4	2.4365e-01	8.5087e-02	0.233297	3
ASCL2	4	2.4365e-01	8.5087e-02	0.233297	2
SERPINA3	4	2.4371e-01	8.5087e-02	0.233297	1
SLC13A3	4	2.4388e-01	8.5088e-02	0.233297	2
C3orf56	4	2.4389e-01	8.5088e-02	0.233297	3
CHCHD3	4	2.4392e-01	8.5088e-02	0.233297	3
DNASE1L3	4	2.4395e-01	8.5088e-02	0.233297	2
DNAJC6	4	2.4399e-01	8.5088e-02	0.233297	2
HDGFRP3	4	2.4399e-01	8.5088e-02	0.233297	2
SFR1	4	2.4404e-01	8.5088e-02	0.233297	3
HECW1	4	2.4415e-01	8.5088e-02	0.233297	3
SGK494	4	2.4418e-01	8.5088e-02	0.233297	3
CELA3B	4	2.4423e-01	8.5088e-02	0.233297	2
MMGT1	4	2.4435e-01	8.5088e-02	0.233297	2
TMEM257	4	2.4438e-01	8.5088e-02	0.233297	2
ITGB6	4	2.4439e-01	8.5088e-02	0.233297	3
SLC25A12	4	2.4443e-01	8.5088e-02	0.233297	3
TMEM143	4	2.4447e-01	8.5088e-02	0.233297	2
IRF8	4	2.4459e-01	8.5088e-02	0.233297	2
C14orf80	4	2.4464e-01	8.5088e-02	0.233297	2
SPINK4	4	2.4465e-01	8.5088e-02	0.233297	3
FBXO42	4	2.4470e-01	8.5088e-02	0.233297	3
PRKX	4	2.4472e-01	8.5088e-02	0.233297	2
PROM2	4	2.4474e-01	8.5088e-02	0.233297	3
TICAM2	4	2.4484e-01	8.5088e-02	0.233297	2
GPR152	4	2.4488e-01	8.5088e-02	0.233297	3
ZNF239	4	2.4490e-01	8.5088e-02	0.233297	3
GALNT5	4	2.4492e-01	8.5088e-02	0.233297	1
RAB44	4	2.4505e-01	8.5088e-02	0.233297	2
IQCA1L	4	2.4516e-01	8.5088e-02	0.233297	3
GPR160	4	2.4518e-01	8.5088e-02	0.233297	1
TIGD1	4	2.4521e-01	8.5088e-02	0.233297	3
XG	4	2.4524e-01	8.5088e-02	0.233297	2
RPS6KA2	4	2.4526e-01	8.5088e-02	0.233297	3
CT47A10	4	2.4528e-01	8.5088e-02	0.233297	2
COMMD3-BMI1	4	2.4534e-01	8.5088e-02	0.233297	2
TRIM44	4	2.4542e-01	8.5681e-02	0.233297	3
C6orf163	4	2.4549e-01	8.5681e-02	0.233297	3
LKAAEAR1	4	2.4551e-01	8.5681e-02	0.233297	1
ARMC6	4	2.4556e-01	8.5681e-02	0.233297	3
DAGLB	4	2.4561e-01	8.5681e-02	0.233297	2
PYDC1	4	2.4564e-01	8.5681e-02	0.233297	3
TRPM8	4	2.4567e-01	8.5681e-02	0.233297	3
CA12	4	2.4570e-01	8.5681e-02	0.233297	3
TRIP10	4	2.4571e-01	8.5681e-02	0.233297	3
PCDHB4	4	2.4571e-01	8.5681e-02	0.233297	3
CLINT1	4	2.4571e-01	8.5681e-02	0.233297	3
ZFP82	4	2.4577e-01	8.5681e-02	0.233297	3
C5orf52	4	2.4590e-01	8.5682e-02	0.233297	3
ZNF354A	4	2.4592e-01	8.5682e-02	0.233297	3
FRG2C	4	2.4593e-01	8.5682e-02	0.233297	2
ZNF362	4	2.4604e-01	8.5682e-02	0.233297	2
C19orf60	4	2.4606e-01	8.5682e-02	0.233297	3
WDR66	4	2.4612e-01	8.5682e-02	0.233297	3
DUSP13	4	2.4619e-01	8.5682e-02	0.233297	3
ACSM1	4	2.4622e-01	8.5682e-02	0.233297	3
ATG3	4	2.4626e-01	8.6254e-02	0.233297	2
HNRNPDL	4	2.4629e-01	8.6254e-02	0.233297	3
C1orf158	4	2.4631e-01	8.6254e-02	0.233297	2
TMA7	4	2.4631e-01	8.6254e-02	0.233297	3
DOK2	4	2.4635e-01	8.6254e-02	0.233297	3
PRAMEF15	4	2.4639e-01	8.6254e-02	0.233297	3
RASA2	4	2.4641e-01	8.6254e-02	0.233297	2
USP17L21	4	2.4643e-01	8.6254e-02	0.233297	2
HECTD3	4	2.4643e-01	8.6254e-02	0.233297	3
PLD5	4	2.4647e-01	8.6254e-02	0.233297	3
AKR7A2	4	2.4648e-01	8.6254e-02	0.233297	2
PPM1D	4	2.4651e-01	8.6254e-02	0.233297	3
MISP	4	2.4660e-01	8.6254e-02	0.233297	3
OCM2	4	2.4666e-01	8.6254e-02	0.233297	3
FOXB2	4	2.4675e-01	8.6254e-02	0.233297	3
HOXB1	4	2.4677e-01	8.6254e-02	0.233297	1
ACSM6	4	2.4685e-01	8.6254e-02	0.233297	3
NR5A2	4	2.4689e-01	8.6254e-02	0.233297	2
TM7SF2	4	2.4694e-01	8.6254e-02	0.233297	2
GIF	4	2.4699e-01	8.6254e-02	0.233297	3
SERPINA7	4	2.4702e-01	8.6254e-02	0.233297	3
C18orf54	4	2.4706e-01	8.6254e-02	0.233297	2
LILRB4	4	2.4724e-01	8.6254e-02	0.233297	3
EFCAB2	4	2.4738e-01	8.6254e-02	0.233297	3
CNR2	4	2.4744e-01	8.6254e-02	0.233297	3
CEP164	4	2.4762e-01	8.6254e-02	0.233297	3
PPP5D1	4	2.4763e-01	8.6254e-02	0.233297	3
TPSB2	4	2.4765e-01	8.6254e-02	0.233297	3
SYTL1	4	2.4767e-01	8.6254e-02	0.233297	2
GDPGP1	4	2.4767e-01	8.6254e-02	0.233297	2
C6orf120	4	2.4772e-01	8.6254e-02	0.233297	3
CYP17A1	4	2.4784e-01	8.6254e-02	0.233297	3
SDF2L1	4	2.4786e-01	8.6254e-02	0.233297	3
GPR45	4	2.4787e-01	8.6254e-02	0.233297	3
PABPC4L	4	2.4790e-01	8.6254e-02	0.233297	3
GABRA1	4	2.4791e-01	8.6254e-02	0.233297	3
OR5D16	4	2.4794e-01	8.6254e-02	0.233297	2
OR56A4	4	2.4795e-01	8.6254e-02	0.233297	3
HFE2	4	2.4796e-01	8.6254e-02	0.233297	2
FAM228A	4	2.4800e-01	8.6254e-02	0.233297	3
C1QL1	4	2.4802e-01	8.6254e-02	0.233297	3
LGI4	4	2.4804e-01	8.6254e-02	0.233297	3
PRAC1	4	2.4804e-01	8.6254e-02	0.233297	2
PREPL	4	2.4811e-01	8.6254e-02	0.233297	2
OR8B12	4	2.4813e-01	8.6254e-02	0.233297	2
BAD	4	2.4817e-01	8.6254e-02	0.233297	2
SYNE4	4	2.4819e-01	8.6254e-02	0.233297	1
KLHDC8A	4	2.4821e-01	8.6254e-02	0.233297	3
ARHGAP27	4	2.4824e-01	8.6254e-02	0.233297	2
AHI1	4	2.4831e-01	8.6254e-02	0.233297	1
SLC1A2	4	2.4839e-01	8.6254e-02	0.233297	2
SIX6	4	2.4840e-01	8.6254e-02	0.233297	2
KIAA2012	4	2.4840e-01	8.6254e-02	0.233297	3
CMTM7	4	2.4846e-01	8.6254e-02	0.233297	3
TCF25	4	2.4852e-01	8.6254e-02	0.233297	1
CDSN	4	2.4856e-01	8.6254e-02	0.233297	3
INSL4	4	2.4858e-01	8.6254e-02	0.233297	3
QSER1	4	2.4865e-01	8.6254e-02	0.233297	1
HAS1	4	2.4869e-01	8.6254e-02	0.233297	2
ERLIN1	4	2.4872e-01	8.6254e-02	0.233297	3
SWT1	4	2.4873e-01	8.6254e-02	0.233297	2
GRSF1	4	2.4877e-01	8.6254e-02	0.233297	1
VWA2	4	2.4883e-01	8.6254e-02	0.233297	2
CCDC42	4	2.4890e-01	8.6254e-02	0.233297	3
PARP12	4	2.4891e-01	8.6254e-02	0.233297	3
PDK3	4	2.4908e-01	8.6254e-02	0.233297	3
ITGA9	4	2.4914e-01	8.6254e-02	0.233297	3
DLG1	4	2.4917e-01	8.6254e-02	0.233297	3
C19orf33	4	2.4921e-01	8.6832e-02	0.233297	3
CAMTA2	4	2.4923e-01	8.6832e-02	0.233297	3
TRIM2	4	2.4923e-01	8.6832e-02	0.233297	2
POLK	4	2.4930e-01	8.6832e-02	0.233297	2
IRF4	4	2.4936e-01	8.6832e-02	0.233297	2
C10orf128	4	2.4941e-01	8.6832e-02	0.233297	3
UBR7	4	2.4943e-01	8.6832e-02	0.233297	2
GLRA1	4	2.4947e-01	8.6832e-02	0.233297	2
MIPOL1	4	2.4948e-01	8.6832e-02	0.233297	3
C8orf58	4	2.4954e-01	8.6832e-02	0.233297	3
DENND4A	4	2.4964e-01	8.6832e-02	0.233297	2
LDLRAD4	4	2.4968e-01	8.6832e-02	0.233297	3
ARL16	4	2.4968e-01	8.6832e-02	0.233297	2
TADA2B	4	2.4970e-01	8.6832e-02	0.233297	3
TUSC1	4	2.4972e-01	8.6832e-02	0.233297	3
PEX5L	4	2.4974e-01	8.6832e-02	0.233297	3
MTERF2	4	2.4979e-01	8.6832e-02	0.233297	3
XCL2	4	2.4988e-01	8.6832e-02	0.233297	3
ANKRD39	4	2.4997e-01	8.6832e-02	0.233297	3
CAMSAP3	4	2.4998e-01	8.6832e-02	0.233297	3
PCDHAC2	4	2.5007e-01	8.6832e-02	0.233297	2
LENG9	4	2.5009e-01	8.6832e-02	0.233297	3
UNC5C	4	2.5011e-01	8.6832e-02	0.233297	3
C19orf70	4	2.5014e-01	8.6832e-02	0.233297	3
GRAMD1B	4	2.5015e-01	8.6832e-02	0.233297	2
AEBP2	4	2.5025e-01	8.6832e-02	0.233297	3
BCAS4	4	2.5032e-01	8.6832e-02	0.233297	3
DIO2	4	2.5037e-01	8.6832e-02	0.233297	2
TP53AIP1	4	2.5039e-01	8.6832e-02	0.233297	3
PGA3	4	2.5046e-01	8.6832e-02	0.233297	2
IL20RA	4	2.5051e-01	8.6832e-02	0.233297	2
EBI3	4	2.5055e-01	8.6832e-02	0.233297	3
MMP26	4	2.5060e-01	8.6832e-02	0.233297	3
HDLBP	4	2.5061e-01	8.6832e-02	0.233297	1
DSC3	4	2.5064e-01	8.6832e-02	0.233297	2
PDE6G	4	2.5069e-01	8.6832e-02	0.233297	2
NT5C3A	4	2.5071e-01	8.6832e-02	0.233297	3
OTUD6A	4	2.5073e-01	8.6832e-02	0.233297	3
GSS	4	2.5073e-01	8.6832e-02	0.233297	3
COX20	4	2.5075e-01	8.6832e-02	0.233297	3
TSPY4	4	2.5077e-01	8.6832e-02	0.233297	3
USP50	4	2.5079e-01	8.6832e-02	0.233297	2
C9orf89	4	2.5079e-01	8.6832e-02	0.233297	3
CAPSL	4	2.5081e-01	8.6832e-02	0.233297	3
TFPI	4	2.5081e-01	8.6832e-02	0.233297	3
LGALS7B	4	2.5084e-01	8.6832e-02	0.233297	3
TTC9C	4	2.5087e-01	8.6832e-02	0.233297	2
DLG3	4	2.5088e-01	8.6832e-02	0.233297	2
PPHLN1	4	2.5091e-01	8.6832e-02	0.233297	3
SOGA3	4	2.5094e-01	8.6832e-02	0.233297	2
RBM24	4	2.5102e-01	8.7325e-02	0.233297	3
LIX1L	4	2.5111e-01	8.7325e-02	0.233297	2
TLR8	4	2.5112e-01	8.7325e-02	0.233297	3
ALKBH3	4	2.5120e-01	8.7325e-02	0.233297	3
PCIF1	4	2.5128e-01	8.7325e-02	0.233297	2
SCP2	4	2.5146e-01	8.7325e-02	0.233297	2
KRT28	4	2.5148e-01	8.7907e-02	0.233297	2
DNAJC28	4	2.5157e-01	8.7907e-02	0.233297	3
OR2L13	4	2.5162e-01	8.7907e-02	0.233297	3
MYO3A	4	2.5165e-01	8.7907e-02	0.233297	1
NPW	4	2.5173e-01	8.7907e-02	0.233297	3
SET	4	2.5177e-01	8.7907e-02	0.233297	1
SH3BP4	4	2.5180e-01	8.7907e-02	0.233297	2
RENBP	4	2.5186e-01	8.7907e-02	0.233297	3
KIAA0101	4	2.5189e-01	8.7907e-02	0.233297	2
OLIG3	4	2.5197e-01	8.7907e-02	0.233297	3
PLA2R1	4	2.5206e-01	8.7907e-02	0.233297	3
UNC79	4	2.5206e-01	8.7907e-02	0.233297	2
ZNF91	4	2.5219e-01	8.7907e-02	0.233297	1
FBN1	4	2.5224e-01	8.7907e-02	0.233297	2
ZNF813	4	2.5232e-01	8.7907e-02	0.233297	3
PFAS	4	2.5236e-01	8.7907e-02	0.233297	3
OTP	4	2.5244e-01	8.7907e-02	0.233297	3
CLECL1	4	2.5248e-01	8.7907e-02	0.233297	2
GALNTL6	4	2.5254e-01	8.7907e-02	0.233297	3
CHAT	4	2.5268e-01	8.7907e-02	0.233297	3
PPP2R3B	4	2.5271e-01	8.7907e-02	0.233297	2
ZNF559-ZNF177	4	2.5277e-01	8.7907e-02	0.233297	3
KIF27	4	2.5277e-01	8.7907e-02	0.233297	2
SLC25A48	4	2.5281e-01	8.7907e-02	0.233297	1
LOC286238	4	2.5289e-01	8.7907e-02	0.233297	3
BPIFB6	4	2.5291e-01	8.7907e-02	0.233297	2
C15orf38-AP3S2	4	2.5302e-01	8.7907e-02	0.233297	1
CHRNA2	4	2.5302e-01	8.7907e-02	0.233297	3
E2F5	4	2.5305e-01	8.7907e-02	0.233297	3
ZNF219	4	2.5305e-01	8.7907e-02	0.233297	2
PCDHGA7	4	2.5321e-01	8.7907e-02	0.233297	1
ANKRD6	4	2.5322e-01	8.7907e-02	0.233297	2
C16orf89	4	2.5324e-01	8.7907e-02	0.233297	3
TUBB3	4	2.5329e-01	8.7908e-02	0.233297	3
EAPP	4	2.5331e-01	8.7908e-02	0.233297	3
REPS2	4	2.5335e-01	8.7908e-02	0.233297	1
TMBIM1	4	2.5336e-01	8.7908e-02	0.233297	2
HDGFL1	4	2.5338e-01	8.7908e-02	0.233297	3
ADAMTS8	4	2.5344e-01	8.7908e-02	0.233297	3
STT3B	4	2.5346e-01	8.7908e-02	0.233297	2
ABHD3	4	2.5347e-01	8.7908e-02	0.233297	3
SGPP1	4	2.5353e-01	8.7908e-02	0.233297	3
HCRT	4	2.5355e-01	8.7908e-02	0.233297	2
BPIFA2	4	2.5364e-01	8.7908e-02	0.233297	2
RAG2	4	2.5373e-01	8.7908e-02	0.233297	3
KLHL36	4	2.5380e-01	8.7908e-02	0.233297	2
HKDC1	4	2.5395e-01	8.7908e-02	0.233297	3
VWA5B1	4	2.5397e-01	8.7908e-02	0.233297	2
SNAI3	4	2.5406e-01	8.7908e-02	0.233297	1
CHADL	4	2.5414e-01	8.7908e-02	0.233297	3
CBFA2T3	4	2.5419e-01	8.7908e-02	0.233297	2
OR5D14	4	2.5422e-01	8.7908e-02	0.233297	3
EML1	4	2.5426e-01	8.7908e-02	0.233297	3
PRSS58	4	2.5427e-01	8.7908e-02	0.233297	2
UGT1A7	4	2.5430e-01	8.7908e-02	0.233297	3
NDUFB3	4	2.5435e-01	8.7908e-02	0.233297	1
LRRC8A	4	2.5450e-01	8.7908e-02	0.233297	3
TMEM160	4	2.5454e-01	8.7908e-02	0.233297	1
PELI2	4	2.5454e-01	8.7908e-02	0.233297	3
TAS2R16	4	2.5459e-01	8.7908e-02	0.233297	3
BCAT2	4	2.5462e-01	8.7908e-02	0.233297	2
SERF2	4	2.5468e-01	8.7908e-02	0.233297	3
PPP1R12B	4	2.5491e-01	8.7908e-02	0.233297	3
COMMD7	4	2.5493e-01	8.7908e-02	0.233297	2
CCNT1	4	2.5496e-01	8.7908e-02	0.233297	3
TAPBP	4	2.5503e-01	8.7908e-02	0.233297	2
MASP1	4	2.5509e-01	9.0647e-02	0.233297	2
CIB1	4	2.5530e-01	9.0647e-02	0.233297	3
MEIG1	4	2.5534e-01	9.0647e-02	0.233297	3
KRIT1	4	2.5542e-01	9.0648e-02	0.233297	3
SIRT7	4	2.5549e-01	9.0648e-02	0.233297	3
PAPOLB	4	2.5551e-01	9.0648e-02	0.233297	2
PSD2	4	2.5555e-01	9.0648e-02	0.233297	3
CXADR	4	2.5559e-01	9.0648e-02	0.233297	3
FCHO1	4	2.5568e-01	9.0648e-02	0.233297	3
SEC23B	4	2.5573e-01	9.1205e-02	0.233297	2
ZNF620	4	2.5574e-01	9.1205e-02	0.233297	2
DPYSL2	4	2.5581e-01	9.1205e-02	0.233297	2
ATP2B2	4	2.5590e-01	9.1205e-02	0.233297	3
SIM2	4	2.5590e-01	9.1205e-02	0.233297	3
LYRM7	4	2.5593e-01	9.1205e-02	0.233297	3
PIGB	4	2.5594e-01	9.1205e-02	0.233297	3
RAB9B	4	2.5602e-01	9.1205e-02	0.233297	3
LY6G6F	4	2.5606e-01	9.1205e-02	0.233297	3
SLC15A2	4	2.5610e-01	9.1205e-02	0.233297	3
LYSMD3	4	2.5615e-01	9.1205e-02	0.233297	3
FOXD4L4	4	2.5615e-01	9.1205e-02	0.233297	2
GCM1	4	2.5615e-01	9.1205e-02	0.233297	2
TMEM2	4	2.5620e-01	9.1205e-02	0.233297	3
LRRC8B	4	2.5623e-01	9.1205e-02	0.233297	2
CHODL	4	2.5634e-01	9.1205e-02	0.233297	2
FAM187B	4	2.5641e-01	9.1205e-02	0.233297	3
TFDP2	4	2.5643e-01	9.1205e-02	0.233297	3
PTPN13	4	2.5654e-01	9.1206e-02	0.233297	3
GOLGB1	4	2.5656e-01	9.1206e-02	0.233297	3
PTPN22	4	2.5657e-01	9.1206e-02	0.233297	3
TULP3	4	2.5661e-01	9.1206e-02	0.233297	1
ZNF829	3	2.5672e-01	9.8852e-02	0.234006	1
ZNF57	4	2.5675e-01	9.1206e-02	0.233297	2
TPRA1	4	2.5707e-01	9.1206e-02	0.233297	2
NFKB2	4	2.5710e-01	9.1206e-02	0.233297	3
BBS4	4	2.5719e-01	9.1206e-02	0.233297	3
FRS2	3	2.5723e-01	9.8852e-02	0.234006	1
FAM43A	4	2.5727e-01	9.1791e-02	0.233297	2
PLCH1	4	2.5729e-01	9.1791e-02	0.233297	2
CLEC1B	4	2.5737e-01	9.1791e-02	0.233297	2
SYT7	4	2.5743e-01	9.1791e-02	0.233297	3
KIAA0368	4	2.5744e-01	9.1791e-02	0.233297	2
MAGEB3	4	2.5752e-01	9.1791e-02	0.233297	3
ARL14EPL	4	2.5754e-01	9.1791e-02	0.233297	3
HSPB9	4	2.5755e-01	9.1791e-02	0.233297	3
OLFM2	4	2.5762e-01	9.1791e-02	0.233297	2
SLC25A14	4	2.5764e-01	9.1791e-02	0.233297	3
TLX1	4	2.5772e-01	9.1791e-02	0.233297	2
F2RL3	4	2.5773e-01	9.1791e-02	0.233297	3
KSR2	4	2.5775e-01	9.1791e-02	0.233297	2
KLRC2	4	2.5775e-01	9.1791e-02	0.233297	2
POGLUT1	4	2.5777e-01	9.1791e-02	0.233297	3
LPPR4	4	2.5784e-01	9.1792e-02	0.233297	3
MICALCL	4	2.5789e-01	9.1792e-02	0.233297	1
KHDC3L	4	2.5791e-01	9.1792e-02	0.233297	3
ARRB2	4	2.5793e-01	9.1792e-02	0.233297	2
FBXO7	4	2.5794e-01	9.1792e-02	0.233297	3
DNAJC4	4	2.5794e-01	9.1792e-02	0.233297	3
SLC2A3	4	2.5808e-01	9.1792e-02	0.233297	2
SLC36A4	4	2.5812e-01	9.1792e-02	0.233297	2
SPIN3	4	2.5814e-01	9.1792e-02	0.233297	2
HNF4A	4	2.5816e-01	9.1792e-02	0.233297	3
NTN1	4	2.5820e-01	9.1792e-02	0.233297	3
CADPS2	4	2.5826e-01	9.1792e-02	0.233297	3
STOX1	4	2.5832e-01	9.1792e-02	0.233297	2
HIST1H1T	4	2.5844e-01	9.2389e-02	0.233297	3
TATDN1	4	2.5848e-01	9.2389e-02	0.233297	3
SPATA21	4	2.5855e-01	9.2389e-02	0.233297	3
SSR3	4	2.5861e-01	9.2389e-02	0.233297	3
DNAH17	4	2.5864e-01	9.2389e-02	0.233297	3
TCP10	4	2.5869e-01	9.2389e-02	0.233297	3
TMEM161B	4	2.5874e-01	9.2389e-02	0.233297	1
HLA-DOA	4	2.5878e-01	9.2389e-02	0.233297	2
KLK12	4	2.5880e-01	9.2389e-02	0.233297	2
ELF2	4	2.5888e-01	9.2389e-02	0.233297	3
ROBO3	4	2.5890e-01	9.2389e-02	0.233297	2
YIF1A	4	2.5890e-01	9.2389e-02	0.233297	2
TRIM9	4	2.5896e-01	9.2389e-02	0.233297	3
UPK1A	4	2.5899e-01	9.2389e-02	0.233297	1
INSC	4	2.5901e-01	9.2389e-02	0.233297	3
TRPM6	4	2.5903e-01	9.2389e-02	0.233297	2
C9orf57	4	2.5911e-01	9.2389e-02	0.233297	3
FBXO31	4	2.5912e-01	9.2389e-02	0.233297	3
CACNA1D	4	2.5914e-01	9.2389e-02	0.233297	3
TMEM184C	4	2.5916e-01	9.2389e-02	0.233297	3
MTIF3	4	2.5929e-01	9.2389e-02	0.233297	2
KIFC2	4	2.5934e-01	9.2389e-02	0.233297	2
ATAD3A	4	2.5936e-01	9.2389e-02	0.233297	3
UQCC3	4	2.5939e-01	9.2389e-02	0.233297	3
SNX20	4	2.5944e-01	9.2389e-02	0.233297	1
SNRNP48	4	2.5947e-01	9.2389e-02	0.233297	2
ANXA1	4	2.5951e-01	9.2389e-02	0.233297	3
CTRB1	4	2.5952e-01	9.2389e-02	0.233297	1
SMYD4	4	2.5953e-01	9.2389e-02	0.233297	3
HMHA1	4	2.5956e-01	9.2389e-02	0.233297	2
C2orf69	4	2.5959e-01	9.2389e-02	0.233297	3
OR5C1	4	2.5961e-01	9.2389e-02	0.233297	3
GPNMB	4	2.5961e-01	9.2389e-02	0.233297	3
SSX2	4	2.5969e-01	9.2389e-02	0.233297	2
GUCA1C	4	2.5969e-01	9.2389e-02	0.233297	3
ALPI	4	2.5971e-01	9.2389e-02	0.233297	3
TLR10	4	2.5985e-01	9.2389e-02	0.233297	1
RNF39	3	2.5993e-01	1.0170e-01	0.240126	2
HBB	4	2.5994e-01	9.2389e-02	0.233297	2
CLPTM1L	4	2.5995e-01	9.2389e-02	0.233297	2
ZNF865	4	2.5996e-01	9.2389e-02	0.233297	3
VSIG8	4	2.5998e-01	9.2389e-02	0.233297	3
ACO2	3	2.6000e-01	1.0170e-01	0.240126	2
PROSER3	4	2.6000e-01	9.2389e-02	0.233297	3
USP31	4	2.6003e-01	9.2389e-02	0.233297	3
GAS2L2	4	2.6010e-01	9.2389e-02	0.233297	2
CCDC144NL	4	2.6012e-01	9.2389e-02	0.233297	3
KCNK16	4	2.6014e-01	9.2389e-02	0.233297	3
ATAT1	4	2.6025e-01	9.2389e-02	0.233297	2
ARFGEF2	4	2.6030e-01	9.2389e-02	0.233297	3
TBC1D12	4	2.6032e-01	9.2389e-02	0.233297	2
VCX3A	4	2.6033e-01	9.2389e-02	0.233297	3
SFRP4	4	2.6036e-01	9.2389e-02	0.233297	3
ERVFRD-1	4	2.6043e-01	9.2389e-02	0.233297	3
TBX3	4	2.6046e-01	9.2389e-02	0.233297	3
ATP5F1	4	2.6047e-01	9.2389e-02	0.233297	3
APELA	4	2.6051e-01	9.2389e-02	0.233297	3
SLC22A13	4	2.6055e-01	9.2389e-02	0.233297	3
CXorf66	4	2.6058e-01	9.2389e-02	0.233297	3
KIAA1841	4	2.6059e-01	9.2389e-02	0.233297	3
RUNX1T1	4	2.6061e-01	9.2389e-02	0.233297	2
AFTPH	4	2.6072e-01	9.2389e-02	0.233297	3
ATG12	4	2.6074e-01	9.2389e-02	0.233297	3
OR5H1	4	2.6075e-01	9.2389e-02	0.233297	2
SLC16A12	4	2.6082e-01	9.2389e-02	0.233297	3
GLUD2	4	2.6084e-01	9.2389e-02	0.233297	3
S100A7	4	2.6088e-01	9.2389e-02	0.233297	3
SPEG	4	2.6089e-01	9.2389e-02	0.233297	3
PAK4	4	2.6091e-01	9.2389e-02	0.233297	2
KIAA1549L	4	2.6093e-01	9.2389e-02	0.233297	2
CREM	4	2.6093e-01	9.2389e-02	0.233297	3
KIAA0753	4	2.6098e-01	9.2389e-02	0.233297	2
OR6K2	4	2.6100e-01	9.2389e-02	0.233297	3
TUB	4	2.6102e-01	9.2389e-02	0.233297	2
GORASP1	4	2.6106e-01	9.2389e-02	0.233297	3
RAD52	4	2.6112e-01	9.2389e-02	0.233297	2
TAF15	4	2.6113e-01	9.2389e-02	0.233297	3
ADM	4	2.6113e-01	9.2389e-02	0.233297	2
WIF1	4	2.6115e-01	9.2389e-02	0.233297	3
C17orf97	4	2.6117e-01	9.2389e-02	0.233297	2
GFAP	4	2.6121e-01	9.2389e-02	0.233297	3
FBXO28	4	2.6124e-01	9.2389e-02	0.233297	3
TAS2R8	4	2.6135e-01	9.2389e-02	0.233297	3
ZFYVE28	4	2.6138e-01	9.2389e-02	0.233297	2
AP2B1	4	2.6142e-01	9.2389e-02	0.233297	2
ISOC2	4	2.6149e-01	9.2389e-02	0.233297	3
RAB40B	4	2.6152e-01	9.2389e-02	0.233297	2
MAP10	4	2.6154e-01	9.2389e-02	0.233297	2
FOXD4	4	2.6154e-01	9.2389e-02	0.233297	3
GIPR	4	2.6163e-01	9.2389e-02	0.233297	2
KCND1	4	2.6169e-01	9.2389e-02	0.233297	3
HOOK2	4	2.6170e-01	9.2389e-02	0.233297	3
NKAIN3	4	2.6179e-01	9.2389e-02	0.233297	2
CEACAM18	4	2.6187e-01	9.2389e-02	0.233297	2
PLCD1	4	2.6190e-01	9.2389e-02	0.233297	3
FAM46B	4	2.6193e-01	9.2389e-02	0.233297	2
IL36G	4	2.6193e-01	9.2389e-02	0.233297	2
ACTL8	4	2.6195e-01	9.2389e-02	0.233297	2
SELO	4	2.6199e-01	9.2389e-02	0.233297	3
STRC	4	2.6200e-01	9.2389e-02	0.233297	3
PRDM13	4	2.6204e-01	9.2389e-02	0.233297	3
OR12D2	4	2.6206e-01	9.2389e-02	0.233297	2
GCNT4	4	2.6213e-01	9.2389e-02	0.233297	3
SPINT2	4	2.6217e-01	9.2389e-02	0.233297	3
NCOR1	4	2.6219e-01	9.2389e-02	0.233297	3
LGALS1	4	2.6233e-01	9.2389e-02	0.233297	2
PABPC1L	4	2.6238e-01	9.2389e-02	0.233297	3
BASP1	4	2.6239e-01	9.2389e-02	0.233297	2
BIVM-ERCC5	4	2.6242e-01	9.2389e-02	0.233297	3
KCNJ18	4	2.6243e-01	9.2389e-02	0.233297	2
SQSTM1	4	2.6244e-01	9.2389e-02	0.233297	3
SCGB2A2	4	2.6248e-01	9.2389e-02	0.233297	2
GPR12	4	2.6254e-01	9.2389e-02	0.233297	3
HIPK1	4	2.6260e-01	9.2389e-02	0.233297	3
FCGR3A	4	2.6263e-01	9.2389e-02	0.233297	3
DCLRE1C	4	2.6274e-01	9.2389e-02	0.233297	2
DCLK2	4	2.6278e-01	9.2389e-02	0.233297	3
ZMPSTE24	4	2.6287e-01	9.2389e-02	0.233297	2
MMP14	4	2.6296e-01	9.2389e-02	0.233297	2
FANCF	4	2.6298e-01	9.2389e-02	0.233297	3
IL27RA	4	2.6299e-01	9.2389e-02	0.233297	3
KLHL3	4	2.6301e-01	9.2389e-02	0.233297	3
GNPNAT1	4	2.6315e-01	9.2389e-02	0.233297	3
PIGK	4	2.6315e-01	9.2389e-02	0.233297	3
AURKAIP1	4	2.6315e-01	9.2389e-02	0.233297	2
NFE2L3	4	2.6317e-01	9.2389e-02	0.233297	3
FKTN	4	2.6320e-01	9.2389e-02	0.233297	2
TERF2IP	4	2.6321e-01	9.2389e-02	0.233297	3
OSBP2	4	2.6329e-01	9.2389e-02	0.233297	2
ZNF786	4	2.6331e-01	9.2389e-02	0.233297	3
PDGFC	4	2.6333e-01	9.2389e-02	0.233297	1
DNAJC15	4	2.6338e-01	9.2389e-02	0.233297	2
LSM1	3	2.6340e-01	1.0384e-01	0.243438	2
LINC00452	4	2.6346e-01	9.2389e-02	0.233297	2
RBMS1	4	2.6348e-01	9.2389e-02	0.233297	2
EML3	4	2.6350e-01	9.2389e-02	0.233297	3
ERI2	4	2.6350e-01	9.2389e-02	0.233297	2
EPHB3	4	2.6355e-01	9.2389e-02	0.233297	2
CD24	4	2.6362e-01	9.2389e-02	0.233297	2
EME2	4	2.6364e-01	9.2389e-02	0.233297	2
SERINC1	4	2.6368e-01	9.2389e-02	0.233297	2
CLEC4M	4	2.6371e-01	9.2389e-02	0.233297	3
SLC4A9	4	2.6375e-01	9.2389e-02	0.233297	3
SOX13	4	2.6377e-01	9.2389e-02	0.233297	2
UQCRFS1	4	2.6380e-01	9.2389e-02	0.233297	3
S100A2	4	2.6385e-01	9.2389e-02	0.233297	3
CACNB3	4	2.6388e-01	9.2389e-02	0.233297	3
PAX9	4	2.6393e-01	9.2389e-02	0.233297	3
CCDC102B	4	2.6395e-01	9.2389e-02	0.233297	3
SNX31	4	2.6400e-01	9.2389e-02	0.233297	2
ZAR1L	4	2.6409e-01	9.2389e-02	0.233297	2
TMEM200C	4	2.6411e-01	9.2389e-02	0.233297	3
KLHL42	4	2.6414e-01	9.2389e-02	0.233297	1
HLA-DPB1	4	2.6416e-01	9.2968e-02	0.233297	3
TMOD1	4	2.6419e-01	9.2968e-02	0.233297	2
DHDH	4	2.6420e-01	9.2968e-02	0.233297	3
DNAJB11	4	2.6424e-01	9.2968e-02	0.233297	3
YIPF1	4	2.6424e-01	9.2968e-02	0.233297	1
CDH13	4	2.6424e-01	9.2968e-02	0.233297	3
PODXL2	4	2.6425e-01	9.2968e-02	0.233297	3
BEX5	4	2.6431e-01	9.2968e-02	0.233297	3
SPDYA	4	2.6434e-01	9.2968e-02	0.233297	3
LARP6	4	2.6436e-01	9.2968e-02	0.233297	2
PIP5K1C	4	2.6437e-01	9.2968e-02	0.233297	3
DDN	4	2.6438e-01	9.2968e-02	0.233297	2
PIP5KL1	4	2.6440e-01	9.2968e-02	0.233297	3
HOXD11	4	2.6442e-01	9.2968e-02	0.233297	3
KCNG3	4	2.6450e-01	9.2968e-02	0.233297	2
SLC16A4	4	2.6453e-01	9.2968e-02	0.233297	2
DUOX2	4	2.6459e-01	9.2968e-02	0.233297	2
SHROOM3	4	2.6460e-01	9.2968e-02	0.233297	2
C17orf82	4	2.6465e-01	9.2968e-02	0.233297	1
CTAG1A	4	2.6467e-01	9.2968e-02	0.233297	3
SAMD10	4	2.6469e-01	9.2968e-02	0.233297	3
D2HGDH	4	2.6475e-01	9.2968e-02	0.233297	2
PRAMEF20	4	2.6475e-01	9.2968e-02	0.233297	1
FER1L5	4	2.6485e-01	9.2968e-02	0.233297	3
FAM89A	4	2.6494e-01	9.2968e-02	0.233297	2
AKIP1	4	2.6496e-01	9.2968e-02	0.233297	3
NOXO1	4	2.6503e-01	9.2968e-02	0.233297	3
ZBTB7A	4	2.6516e-01	9.2968e-02	0.233297	2
LCE3D	4	2.6519e-01	9.2968e-02	0.233297	3
ZNF320	4	2.6532e-01	9.2969e-02	0.233297	3
HIGD1C	4	2.6537e-01	9.2969e-02	0.233297	1
GRIN2C	4	2.6538e-01	9.2969e-02	0.233297	3
UNCX	4	2.6548e-01	9.2969e-02	0.233297	3
TMEM141	4	2.6553e-01	9.2969e-02	0.233297	2
OSCP1	4	2.6561e-01	9.2969e-02	0.233297	2
C5orf30	4	2.6562e-01	9.2969e-02	0.233297	3
TPMT	4	2.6563e-01	9.2969e-02	0.233297	3
EBLN1	4	2.6563e-01	9.2969e-02	0.233297	3
SLC29A1	4	2.6567e-01	9.2969e-02	0.233297	2
METTL10	4	2.6570e-01	9.2969e-02	0.233297	3
WDR38	4	2.6579e-01	9.2969e-02	0.233297	3
ING2	4	2.6594e-01	9.2969e-02	0.233297	1
MAPKAPK5	4	2.6598e-01	9.2969e-02	0.233297	3
SUPT20HL2	4	2.6599e-01	9.2969e-02	0.233297	3
NDUFAF3	4	2.6610e-01	9.2969e-02	0.233297	2
ALKBH1	4	2.6615e-01	9.2969e-02	0.233297	2
GNG10	4	2.6619e-01	9.2969e-02	0.233297	3
KRTAP6-1	4	2.6619e-01	9.2969e-02	0.233297	2
NAA60	4	2.6620e-01	9.2969e-02	0.233297	3
MSI1	4	2.6630e-01	9.2969e-02	0.233297	2
UPF3A	4	2.6635e-01	9.3577e-02	0.233297	2
GALNT14	4	2.6637e-01	9.3577e-02	0.233297	3
TEX9	4	2.6639e-01	9.3577e-02	0.233297	2
CASP6	4	2.6640e-01	9.3577e-02	0.233297	3
OR6P1	4	2.6642e-01	9.3577e-02	0.233297	3
RCC2	4	2.6643e-01	9.3577e-02	0.233297	2
NUSAP1	4	2.6646e-01	9.3577e-02	0.233297	3
RMND5B	4	2.6652e-01	9.4047e-02	0.233297	1
EIF1B	4	2.6656e-01	9.4047e-02	0.233297	1
FAM69A	4	2.6659e-01	9.4047e-02	0.233297	3
TOLLIP	4	2.6662e-01	9.4047e-02	0.233297	3
OCLM	4	2.6663e-01	9.4047e-02	0.233297	2
USP22	4	2.6673e-01	9.4047e-02	0.233297	3
ALPK3	4	2.6679e-01	9.4047e-02	0.233297	2
CWH43	4	2.6686e-01	9.4047e-02	0.233297	3
CLDN24	4	2.6693e-01	9.4048e-02	0.233297	3
RFPL1	4	2.6695e-01	9.4048e-02	0.233297	2
TNKS2	4	2.6695e-01	9.4048e-02	0.233297	1
ACSM2A	4	2.6701e-01	9.4048e-02	0.233297	2
SRSF9	4	2.6702e-01	9.4048e-02	0.233297	2
NPTN	4	2.6711e-01	9.4048e-02	0.233297	3
MYL4	4	2.6714e-01	9.4048e-02	0.233297	2
PRRG4	4	2.6716e-01	9.4048e-02	0.233297	3
HIST1H2BK	4	2.6722e-01	9.4048e-02	0.233297	3
NXPE4	4	2.6724e-01	9.4048e-02	0.233297	3
OR8I2	4	2.6725e-01	9.4048e-02	0.233297	2
MACF1	4	2.6725e-01	9.4048e-02	0.233297	3
GAGE10	4	2.6727e-01	9.4658e-02	0.233297	3
CGB5	4	2.6730e-01	9.4658e-02	0.233297	3
TRIM39	4	2.6738e-01	9.4658e-02	0.233297	3
AMOT	4	2.6753e-01	9.4658e-02	0.233297	2
REEP5	4	2.6758e-01	9.4658e-02	0.233297	1
XXYLT1	4	2.6760e-01	9.4658e-02	0.233297	3
ZFAND6	4	2.6762e-01	9.4658e-02	0.233297	2
NOS3	4	2.6767e-01	9.4658e-02	0.233297	3
SUB1	4	2.6769e-01	9.4658e-02	0.233297	3
CYP11A1	4	2.6771e-01	9.4658e-02	0.233297	2
ROPN1B	4	2.6775e-01	9.4658e-02	0.233297	1
SP5	4	2.6779e-01	9.4658e-02	0.233297	3
ZNF430	4	2.6791e-01	9.4658e-02	0.233297	3
OLAH	4	2.6791e-01	9.4658e-02	0.233297	2
G3BP2	4	2.6794e-01	9.4658e-02	0.233297	3
SERGEF	4	2.6795e-01	9.4658e-02	0.233297	1
KCNA1	4	2.6797e-01	9.4658e-02	0.233297	2
KRTAP1-3	4	2.6806e-01	9.4658e-02	0.233297	3
AGO4	4	2.6808e-01	9.4658e-02	0.233297	2
ZNF540	4	2.6809e-01	9.4658e-02	0.233297	3
ERICH1	3	2.6812e-01	1.0458e-01	0.245104	2
ECHDC3	4	2.6812e-01	9.4658e-02	0.233297	3
SLC4A7	4	2.6816e-01	9.4658e-02	0.233297	3
GAMT	4	2.6818e-01	9.4658e-02	0.233297	3
MS4A6A	4	2.6820e-01	9.4658e-02	0.233297	2
PRKAG3	4	2.6823e-01	9.4658e-02	0.233297	3
OR2T29	4	2.6827e-01	9.4658e-02	0.233297	3
PRSS8	4	2.6828e-01	9.4658e-02	0.233297	1
RNASE12	4	2.6831e-01	9.4658e-02	0.233297	3
ANKRD24	4	2.6834e-01	9.4658e-02	0.233297	2
PPP2R4	4	2.6841e-01	9.4658e-02	0.233297	3
RBSN	4	2.6844e-01	9.4658e-02	0.233297	2
VPS33B	4	2.6848e-01	9.4658e-02	0.233297	3
AOC1	4	2.6854e-01	9.4658e-02	0.233297	3
EIF4E2	4	2.6865e-01	9.4658e-02	0.233297	2
RDH8	4	2.6867e-01	9.4658e-02	0.233297	3
MEGF6	4	2.6873e-01	9.4658e-02	0.233297	2
CMTM3	4	2.6874e-01	9.4658e-02	0.233297	3
GPATCH4	4	2.6885e-01	9.4658e-02	0.233297	2
GBX1	4	2.6896e-01	9.4658e-02	0.233297	3
C1orf204	4	2.6898e-01	9.4658e-02	0.233297	3
DPCR1	4	2.6904e-01	9.4658e-02	0.233297	2
OVGP1	4	2.6910e-01	9.4658e-02	0.233297	1
TMPRSS13	4	2.6913e-01	9.4658e-02	0.233297	2
CAMK1D	4	2.6914e-01	9.4658e-02	0.233297	2
FAM221B	4	2.6914e-01	9.4658e-02	0.233297	3
PQLC3	4	2.6915e-01	9.4658e-02	0.233297	2
HIGD2A	4	2.6920e-01	9.4658e-02	0.233297	3
DYRK2	4	2.6923e-01	9.4658e-02	0.233297	3
CMIP	4	2.6926e-01	9.4658e-02	0.233297	3
CCBL1	4	2.6939e-01	9.4658e-02	0.233297	3
CAPN3	4	2.6943e-01	9.4658e-02	0.233297	3
TSPAN31	4	2.6945e-01	9.5279e-02	0.233297	3
TTYH1	4	2.6946e-01	9.5279e-02	0.233297	2
ZNF84	4	2.6947e-01	9.5279e-02	0.233297	3
LHFPL5	4	2.6953e-01	9.5279e-02	0.233297	2
C2orf15	4	2.6954e-01	9.5279e-02	0.233297	3
ROR2	4	2.6957e-01	9.5279e-02	0.233297	2
LAMA5	4	2.6963e-01	9.5279e-02	0.233297	2
KCNA5	4	2.6963e-01	9.5279e-02	0.233297	3
SORCS1	4	2.6966e-01	9.5279e-02	0.233297	2
CCL27	4	2.6971e-01	9.5279e-02	0.233297	1
ARMCX4	4	2.6976e-01	9.5279e-02	0.233297	3
TRAF6	4	2.6977e-01	9.5279e-02	0.233297	2
UNC119B	4	2.6981e-01	9.5279e-02	0.233297	3
RBMXL1	4	2.6987e-01	9.5279e-02	0.233297	1
DEFB134	4	2.6989e-01	9.5279e-02	0.233297	3
SYNGR2	4	2.6991e-01	9.5279e-02	0.233297	3
KLF4	4	2.6992e-01	9.5279e-02	0.233297	3
CDC37L1	4	2.6995e-01	9.5279e-02	0.233297	2
ANKRD53	4	2.7001e-01	9.5279e-02	0.233297	3
WFDC5	3	2.7003e-01	1.0458e-01	0.245104	2
KITLG	4	2.7007e-01	9.5279e-02	0.233297	3
RNF181	4	2.7010e-01	9.5279e-02	0.233297	2
FOCAD	4	2.7010e-01	9.5279e-02	0.233297	2
LINGO2	4	2.7010e-01	9.5279e-02	0.233297	3
APOL2	4	2.7015e-01	9.5279e-02	0.233297	3
CHST9	4	2.7024e-01	9.5279e-02	0.233297	2
ALKBH5	4	2.7028e-01	9.5279e-02	0.233297	2
IKBKE	4	2.7034e-01	9.5279e-02	0.233297	2
BEST2	4	2.7040e-01	9.5279e-02	0.233297	2
SEPTIN2	4	2.7048e-01	9.5279e-02	0.233297	2
SV2B	4	2.7051e-01	9.5279e-02	0.233297	2
PIGQ	4	2.7053e-01	9.5279e-02	0.233297	3
P4HB	4	2.7065e-01	9.5279e-02	0.233297	3
HSF2	4	2.7067e-01	9.5279e-02	0.233297	2
SUV39H2	4	2.7069e-01	9.5279e-02	0.233297	3
SDHA	4	2.7075e-01	9.5279e-02	0.233297	1
MGLL	4	2.7078e-01	9.5279e-02	0.233297	3
PTTG2	4	2.7082e-01	9.5279e-02	0.233297	2
FAM175A	4	2.7093e-01	9.5279e-02	0.233297	2
PIEZO2	4	2.7095e-01	9.5279e-02	0.233297	2
RAB11FIP3	4	2.7096e-01	9.5279e-02	0.233297	3
MYO7B	4	2.7100e-01	9.5279e-02	0.233297	2
YDJC	4	2.7106e-01	9.5279e-02	0.233297	1
GPANK1	4	2.7109e-01	9.5279e-02	0.233297	2
FAM229B	4	2.7110e-01	9.5279e-02	0.233297	2
ADD3	4	2.7126e-01	9.5279e-02	0.233297	1
LOC100505549	4	2.7128e-01	9.5279e-02	0.233297	2
CCDC27	4	2.7129e-01	9.5279e-02	0.233297	3
APBA3	4	2.7131e-01	9.5279e-02	0.233297	3
RHBG	4	2.7133e-01	9.5279e-02	0.233297	3
HIST1H2BF	4	2.7134e-01	9.5279e-02	0.233297	3
TUBB4B	4	2.7138e-01	9.5279e-02	0.233297	3
CLK4	4	2.7138e-01	9.5279e-02	0.233297	2
DLG4	4	2.7142e-01	9.5279e-02	0.233297	3
MEGF11	4	2.7154e-01	9.5279e-02	0.233297	3
KDM6B	4	2.7158e-01	9.5279e-02	0.233297	2
TMEM8A	4	2.7158e-01	9.5279e-02	0.233297	3
IFI35	4	2.7159e-01	9.5279e-02	0.233297	1
MTTP	4	2.7160e-01	9.5279e-02	0.233297	3
PMEL	4	2.7166e-01	9.5279e-02	0.233297	3
PLIN1	4	2.7172e-01	9.5279e-02	0.233297	2
MED27	4	2.7175e-01	9.5279e-02	0.233297	2
SHANK3	4	2.7193e-01	9.5279e-02	0.233297	3
ZNF589	4	2.7193e-01	9.5279e-02	0.233297	1
GCSAML	4	2.7196e-01	9.5279e-02	0.233297	3
DRD4	4	2.7205e-01	9.5911e-02	0.233297	1
MYCBP2	4	2.7206e-01	9.5911e-02	0.233297	3
COX19	4	2.7207e-01	9.5911e-02	0.233297	2
KIAA1217	4	2.7222e-01	9.5911e-02	0.233297	2
ZNF816-ZNF321P	4	2.7222e-01	9.5911e-02	0.233297	3
S100PBP	4	2.7229e-01	9.5911e-02	0.233297	3
ELAVL2	4	2.7229e-01	9.5911e-02	0.233297	2
ACOT8	4	2.7233e-01	9.5911e-02	0.233297	3
OR12D3	4	2.7235e-01	9.5911e-02	0.233297	3
SERPIND1	4	2.7246e-01	9.5911e-02	0.233297	3
ENO4	4	2.7251e-01	9.5911e-02	0.233297	3
PLEKHD1	4	2.7252e-01	9.5911e-02	0.233297	3
VSIG4	4	2.7252e-01	9.5911e-02	0.233297	3
CBLN1	4	2.7265e-01	9.5911e-02	0.233297	2
TMEM259	4	2.7267e-01	9.5911e-02	0.233297	2
CYB5R2	4	2.7270e-01	9.5911e-02	0.233297	3
EPS8	4	2.7275e-01	9.5911e-02	0.233297	3
USP45	4	2.7276e-01	9.5911e-02	0.233297	2
C4orf48	4	2.7279e-01	9.5911e-02	0.233297	3
C16orf45	4	2.7280e-01	9.5911e-02	0.233297	2
YAP1	4	2.7280e-01	9.5911e-02	0.233297	3
SGK1	4	2.7282e-01	9.5911e-02	0.233297	3
SOGA1	4	2.7287e-01	9.5911e-02	0.233297	2
HMCN1	4	2.7288e-01	9.5911e-02	0.233297	3
TRPM7	4	2.7290e-01	9.5911e-02	0.233297	3
RXRB	4	2.7298e-01	9.5911e-02	0.233297	2
C9orf142	4	2.7299e-01	9.5911e-02	0.233297	3
CYP1A2	4	2.7302e-01	9.5911e-02	0.233297	2
PACRG	4	2.7305e-01	9.5911e-02	0.233297	2
MYL5	4	2.7306e-01	9.5911e-02	0.233297	3
HLA-DRB5	4	2.7308e-01	9.5911e-02	0.233297	3
SLC6A16	4	2.7310e-01	9.5911e-02	0.233297	3
PSMC3IP	4	2.7319e-01	9.5911e-02	0.233297	2
CH25H	4	2.7321e-01	9.5911e-02	0.233297	3
CDC42EP2	4	2.7322e-01	9.5911e-02	0.233297	1
SMURF1	4	2.7324e-01	9.5911e-02	0.233297	2
CACNG1	4	2.7324e-01	9.5911e-02	0.233297	3
CT45A9	4	2.7326e-01	9.5911e-02	0.233297	2
MBD6	4	2.7329e-01	9.5911e-02	0.233297	3
SV2A	4	2.7331e-01	9.5911e-02	0.233297	2
C9orf43	4	2.7332e-01	9.5911e-02	0.233297	2
C19orf26	4	2.7343e-01	9.5911e-02	0.233297	3
DHRS3	4	2.7345e-01	9.5911e-02	0.233297	3
GALK2	4	2.7346e-01	9.5911e-02	0.233297	2
PIFO	4	2.7347e-01	9.5911e-02	0.233297	3
IFT81	4	2.7350e-01	9.5911e-02	0.233297	3
PAN2	4	2.7356e-01	9.5911e-02	0.233297	3
UCP1	4	2.7359e-01	9.5911e-02	0.233297	3
PLCD4	4	2.7365e-01	9.5911e-02	0.233297	3
CABIN1	4	2.7374e-01	9.5911e-02	0.233297	2
OSGIN1	4	2.7374e-01	9.5911e-02	0.233297	3
CTNND2	4	2.7379e-01	9.5911e-02	0.233297	3
MCU	4	2.7380e-01	9.5911e-02	0.233297	2
ANGPTL7	4	2.7390e-01	9.5911e-02	0.233297	2
MCOLN2	4	2.7393e-01	9.5911e-02	0.233297	2
BLID	4	2.7397e-01	9.5911e-02	0.233297	2
NKX2-5	4	2.7407e-01	9.5911e-02	0.233297	3
ULK3	4	2.7411e-01	9.5911e-02	0.233297	1
APOB	4	2.7414e-01	9.5911e-02	0.233297	2
ADHFE1	4	2.7415e-01	9.5911e-02	0.233297	3
ANKRD37	4	2.7415e-01	9.5911e-02	0.233297	2
OGDH	4	2.7419e-01	9.5911e-02	0.233297	1
GRAP	4	2.7421e-01	9.5911e-02	0.233297	3
HIPK4	4	2.7423e-01	9.5911e-02	0.233297	1
KLHL13	4	2.7430e-01	9.5911e-02	0.233297	2
C2CD4B	4	2.7436e-01	9.5911e-02	0.233297	3
MAP3K3	4	2.7436e-01	9.5911e-02	0.233297	2
NFIA	4	2.7440e-01	9.5911e-02	0.233297	2
RNF187	4	2.7442e-01	9.5911e-02	0.233297	3
LMNTD2	4	2.7446e-01	9.5911e-02	0.233297	3
AP3S2	4	2.7446e-01	9.5911e-02	0.233297	3
S100A7L2	4	2.7451e-01	9.5911e-02	0.233297	3
SFI1	4	2.7454e-01	9.5911e-02	0.233297	3
CLTA	4	2.7464e-01	9.5911e-02	0.233297	2
PRKCSH	4	2.7465e-01	9.5911e-02	0.233297	3
TLX2	4	2.7468e-01	9.5911e-02	0.233297	2
ZFAND2B	4	2.7468e-01	9.5911e-02	0.233297	2
SLC12A4	4	2.7468e-01	9.5911e-02	0.233297	2
IGFL3	4	2.7478e-01	9.5911e-02	0.233297	2
TRMT61B	4	2.7486e-01	9.5911e-02	0.233297	3
IGF1R	4	2.7492e-01	9.5911e-02	0.233297	2
BACE1	4	2.7497e-01	9.5911e-02	0.233297	3
SORCS3	4	2.7498e-01	9.5911e-02	0.233297	3
ZNF697	4	2.7509e-01	9.5911e-02	0.233297	3
COBL	4	2.7513e-01	9.5911e-02	0.233297	2
ZNF141	4	2.7513e-01	9.5911e-02	0.233297	3
SLC25A5	4	2.7515e-01	9.5911e-02	0.233297	3
SOWAHD	4	2.7518e-01	9.5911e-02	0.233297	3
SERHL2	4	2.7521e-01	9.5911e-02	0.233297	1
CXXC1	4	2.7527e-01	9.5911e-02	0.233297	2
LENG1	4	2.7530e-01	9.5911e-02	0.233297	3
TMEM176A	4	2.7537e-01	9.5911e-02	0.233297	3
CHMP2B	4	2.7537e-01	9.5911e-02	0.233297	1
RRP8	4	2.7538e-01	9.5911e-02	0.233297	2
GRIK5	4	2.7543e-01	9.5911e-02	0.233297	3
ULBP2	4	2.7557e-01	9.5911e-02	0.233297	1
NLRP3	4	2.7559e-01	9.5911e-02	0.233297	3
MFSD6	4	2.7560e-01	9.5911e-02	0.233297	2
PLAT	4	2.7563e-01	9.5911e-02	0.233297	3
ZNF446	4	2.7574e-01	9.5911e-02	0.233297	3
PIEZO1	4	2.7576e-01	9.5911e-02	0.233297	3
PBX2	4	2.7590e-01	9.5911e-02	0.233297	2
KRT80	4	2.7603e-01	9.5911e-02	0.233297	3
C1orf56	4	2.7607e-01	9.5911e-02	0.233297	3
FOXD3	4	2.7610e-01	9.5911e-02	0.233297	2
ZNF705G	4	2.7611e-01	9.5911e-02	0.233297	3
TAS1R1	4	2.7613e-01	9.5911e-02	0.233297	2
GPBP1L1	4	2.7614e-01	9.5911e-02	0.233297	3
AES	4	2.7623e-01	9.5911e-02	0.233297	3
ZNF160	4	2.7628e-01	9.5911e-02	0.233297	3
EFCC1	4	2.7634e-01	9.5911e-02	0.233297	3
FAM60A	4	2.7635e-01	9.5911e-02	0.233297	1
DHRS2	4	2.7637e-01	9.5911e-02	0.233297	3
RP1	4	2.7637e-01	9.5911e-02	0.233297	3
ZNF792	4	2.7642e-01	9.5911e-02	0.233297	3
C2orf72	4	2.7645e-01	9.5911e-02	0.233297	3
NLRP5	4	2.7645e-01	9.5911e-02	0.233297	3
SRA1	4	2.7647e-01	9.5911e-02	0.233297	2
TMIGD1	4	2.7647e-01	9.5911e-02	0.233297	2
MTRNR2L6	4	2.7652e-01	9.5911e-02	0.233297	2
FASLG	4	2.7655e-01	9.5911e-02	0.233297	2
DDTL	4	2.7658e-01	9.5911e-02	0.233297	2
ARHGAP26	4	2.7658e-01	9.5911e-02	0.233297	2
EMX2	4	2.7658e-01	9.5911e-02	0.233297	3
PGR	4	2.7677e-01	9.5911e-02	0.233297	3
NMNAT1	4	2.7695e-01	9.6529e-02	0.233297	3
UBASH3A	4	2.7697e-01	9.6529e-02	0.233297	2
PTGES2	4	2.7702e-01	9.6529e-02	0.233297	3
TLL1	4	2.7706e-01	9.6529e-02	0.233297	1
HEMGN	4	2.7706e-01	9.6529e-02	0.233297	3
MMEL1	4	2.7708e-01	9.6529e-02	0.233297	3
NEURL2	4	2.7710e-01	9.6529e-02	0.233297	3
CXCL3	4	2.7711e-01	9.6529e-02	0.233297	2
WIPF2	4	2.7719e-01	9.6529e-02	0.233297	2
H2AFB1	4	2.7725e-01	9.6529e-02	0.233297	3
TSPYL4	4	2.7730e-01	9.6529e-02	0.233297	3
CCL28	4	2.7738e-01	9.6529e-02	0.233297	2
ADH7	4	2.7742e-01	9.6529e-02	0.233297	2
TRAPPC6B	4	2.7745e-01	9.6529e-02	0.233297	3
IGFBP7	4	2.7749e-01	9.6529e-02	0.233297	3
BMF	4	2.7750e-01	9.6529e-02	0.233297	3
PRRX1	4	2.7752e-01	9.6529e-02	0.233297	2
WNT8A	4	2.7767e-01	9.6529e-02	0.233297	2
C7	4	2.7772e-01	9.7198e-02	0.233297	2
NAT8	4	2.7780e-01	9.7198e-02	0.233297	3
SH3GL1	4	2.7780e-01	9.7198e-02	0.233297	2
HCAR1	4	2.7783e-01	9.7198e-02	0.233297	2
CD3G	4	2.7785e-01	9.7198e-02	0.233297	3
SLC12A3	4	2.7791e-01	9.7198e-02	0.233297	3
TG	4	2.7795e-01	9.7198e-02	0.233297	3
PCDH12	4	2.7798e-01	9.7198e-02	0.233297	3
PIGR	4	2.7804e-01	9.7198e-02	0.233297	3
BHMT2	4	2.7806e-01	9.7198e-02	0.233297	2
C11orf31	4	2.7809e-01	9.7198e-02	0.233297	3
SNRK	4	2.7813e-01	9.7198e-02	0.233297	3
PALD1	4	2.7817e-01	9.7198e-02	0.233297	1
COX14	4	2.7820e-01	9.7198e-02	0.233297	2
GPR173	4	2.7821e-01	9.7198e-02	0.233297	3
ARID4A	4	2.7821e-01	9.7198e-02	0.233297	3
PSD4	4	2.7834e-01	9.7198e-02	0.233297	2
SALL3	4	2.7843e-01	9.7198e-02	0.233297	3
NT5C	4	2.7844e-01	9.7198e-02	0.233297	3
TPM2	4	2.7849e-01	9.7198e-02	0.233297	2
RELL2	4	2.7857e-01	9.7198e-02	0.233297	3
VIPR1	4	2.7861e-01	9.7198e-02	0.233297	3
RGS10	4	2.7865e-01	9.7198e-02	0.233297	3
ALDOB	4	2.7868e-01	9.7198e-02	0.233297	3
ZSCAN26	4	2.7878e-01	9.7198e-02	0.233297	3
MUC3A	4	2.7889e-01	9.7198e-02	0.233297	3
TRAF2	4	2.7892e-01	9.7198e-02	0.233297	3
LEMD1	4	2.7894e-01	9.7198e-02	0.233297	3
SLIRP	4	2.7896e-01	9.7198e-02	0.233297	3
TSLP	4	2.7902e-01	9.7198e-02	0.233297	3
CHSY3	4	2.7902e-01	9.7198e-02	0.233297	1
SMCP	4	2.7906e-01	9.7198e-02	0.233297	3
THEG5	4	2.7906e-01	9.7198e-02	0.233297	3
SYNE3	4	2.7913e-01	9.7198e-02	0.233297	3
MAMDC4	4	2.7915e-01	9.7198e-02	0.233297	3
MKX	4	2.7926e-01	9.7198e-02	0.233297	2
ADAR	4	2.7931e-01	9.7198e-02	0.233297	3
ITGA5	4	2.7943e-01	9.7198e-02	0.233297	2
RIN2	4	2.7944e-01	9.7198e-02	0.233297	3
GIPC1	4	2.7944e-01	9.7198e-02	0.233297	2
IRF2BP1	4	2.7948e-01	9.7198e-02	0.233297	3
DLL4	4	2.7950e-01	9.7198e-02	0.233297	2
ZNF688	4	2.7955e-01	9.7198e-02	0.233297	2
FHAD1	4	2.7961e-01	9.7198e-02	0.233297	1
C1orf167	4	2.7968e-01	9.7198e-02	0.233297	3
PRL	4	2.7969e-01	9.7198e-02	0.233297	2
PLEKHM1	4	2.7971e-01	9.7198e-02	0.233297	1
LY6G5B	4	2.7971e-01	9.7198e-02	0.233297	3
CD209	4	2.7971e-01	9.7198e-02	0.233297	3
PAIP1	4	2.7979e-01	9.7198e-02	0.233297	1
IDE	4	2.7984e-01	9.7198e-02	0.233297	2
SERPINB13	4	2.7985e-01	9.7198e-02	0.233297	2
SLCO1B7	4	2.8005e-01	9.7198e-02	0.233297	3
PRR35	4	2.8007e-01	9.7198e-02	0.233297	2
CEBPG	4	2.8009e-01	9.7198e-02	0.233297	3
KATNB1	4	2.8015e-01	9.7198e-02	0.233297	3
NECAP2	4	2.8019e-01	9.7198e-02	0.233297	2
CEP131	4	2.8021e-01	9.7198e-02	0.233297	2
EPGN	4	2.8023e-01	9.7198e-02	0.233297	2
PSMD5	4	2.8026e-01	9.7198e-02	0.233297	3
SLC25A3	4	2.8026e-01	9.7198e-02	0.233297	2
EXPH5	4	2.8028e-01	9.7198e-02	0.233297	2
MPHOSPH8	4	2.8030e-01	9.7198e-02	0.233297	2
GPSM2	4	2.8037e-01	9.7198e-02	0.233297	3
TRIM50	4	2.8044e-01	9.7198e-02	0.233297	2
RHOB	4	2.8047e-01	9.7198e-02	0.233297	3
SLC5A5	4	2.8048e-01	9.7198e-02	0.233297	2
HSP90AB1	4	2.8056e-01	9.7198e-02	0.233297	2
STAMBPL1	4	2.8057e-01	9.7198e-02	0.233297	3
GDNF	4	2.8061e-01	9.7198e-02	0.233297	3
TAC4	4	2.8072e-01	9.7198e-02	0.233297	3
FZD4	4	2.8074e-01	9.7198e-02	0.233297	2
TRMT1L	4	2.8077e-01	9.7198e-02	0.233297	3
KRTAP10-7	4	2.8081e-01	9.7198e-02	0.233297	3
ABCG5	4	2.8094e-01	9.7198e-02	0.233297	2
PYGO2	4	2.8096e-01	9.7198e-02	0.233297	1
PRTG	4	2.8100e-01	9.7198e-02	0.233297	1
RNF223	4	2.8104e-01	9.7198e-02	0.233297	2
C20orf173	4	2.8107e-01	9.7198e-02	0.233297	3
LCE1C	4	2.8111e-01	9.7198e-02	0.233297	3
GALR1	4	2.8116e-01	9.7198e-02	0.233297	3
ANP32E	4	2.8121e-01	9.7198e-02	0.233297	2
DRD2	4	2.8125e-01	9.7198e-02	0.233297	2
PRSS12	4	2.8132e-01	9.7198e-02	0.233297	2
EPDR1	4	2.8134e-01	9.7198e-02	0.233297	3
FGD4	4	2.8137e-01	9.7198e-02	0.233297	3
FZD2	4	2.8137e-01	9.7198e-02	0.233297	2
ADAMTS1	4	2.8138e-01	9.7198e-02	0.233297	3
WFDC2	4	2.8145e-01	9.7198e-02	0.233297	2
FMO5	4	2.8148e-01	9.7198e-02	0.233297	3
LOC728392	4	2.8152e-01	9.7198e-02	0.233297	3
FAM171A2	4	2.8157e-01	9.7198e-02	0.233297	2
EXOC6B	4	2.8159e-01	9.7198e-02	0.233297	3
COMMD5	4	2.8163e-01	9.7198e-02	0.233297	3
MYCT1	4	2.8165e-01	9.7198e-02	0.233297	1
HES2	4	2.8165e-01	9.7198e-02	0.233297	2
GRAMD2	4	2.8176e-01	9.7198e-02	0.233297	3
CNDP1	4	2.8176e-01	9.7198e-02	0.233297	2
ULK1	4	2.8181e-01	9.7198e-02	0.233297	3
USP17L15	4	2.8181e-01	9.7198e-02	0.233297	3
NFE2	4	2.8185e-01	9.7198e-02	0.233297	2
SYCP2	4	2.8187e-01	9.7198e-02	0.233297	2
SPINK8	4	2.8192e-01	9.7198e-02	0.233297	2
FCRL4	4	2.8192e-01	9.7198e-02	0.233297	3
PDIA2	4	2.8197e-01	9.7198e-02	0.233297	2
ZMYM6	4	2.8198e-01	9.7198e-02	0.233297	3
TMEM220	4	2.8202e-01	9.7198e-02	0.233297	3
MMP12	4	2.8205e-01	9.7198e-02	0.233297	1
PPP2R5A	4	2.8205e-01	9.7198e-02	0.233297	3
RYR3	4	2.8207e-01	9.7198e-02	0.233297	2
TAF7L	4	2.8209e-01	9.7198e-02	0.233297	3
LRRC36	4	2.8209e-01	9.7198e-02	0.233297	2
SLC35F3	4	2.8211e-01	9.7198e-02	0.233297	2
CCR2	4	2.8211e-01	9.7198e-02	0.233297	1
RSG1	4	2.8215e-01	9.7198e-02	0.233297	3
P2RY10	4	2.8216e-01	9.7198e-02	0.233297	2
COL23A1	4	2.8217e-01	9.7198e-02	0.233297	2
WRAP73	4	2.8217e-01	9.7198e-02	0.233297	3
FAM25A	4	2.8218e-01	9.7198e-02	0.233297	2
CLMP	4	2.8220e-01	9.7198e-02	0.233297	2
SLC20A1	4	2.8221e-01	9.7198e-02	0.233297	1
LDB3	4	2.8223e-01	9.7198e-02	0.233297	2
NPTX1	4	2.8224e-01	9.7198e-02	0.233297	3
VDAC1	4	2.8225e-01	9.7198e-02	0.233297	2
MROH6	4	2.8226e-01	9.7198e-02	0.233297	3
FAM120AOS	4	2.8231e-01	9.7198e-02	0.233297	3
CFAP69	4	2.8233e-01	9.7198e-02	0.233297	2
SAMD12	4	2.8235e-01	9.7198e-02	0.233297	3
OTOGL	4	2.8236e-01	9.7198e-02	0.233297	2
OTOF	4	2.8239e-01	9.7198e-02	0.233297	3
PGC	4	2.8240e-01	9.7198e-02	0.233297	2
FAM212B	4	2.8246e-01	9.7198e-02	0.233297	3
PLXNA4	4	2.8249e-01	9.7198e-02	0.233297	2
POU1F1	4	2.8250e-01	9.7198e-02	0.233297	3
SLC44A2	4	2.8255e-01	9.7198e-02	0.233297	3
RASGEF1A	4	2.8260e-01	9.7198e-02	0.233297	2
ABCC10	4	2.8262e-01	9.7198e-02	0.233297	3
MT1E	4	2.8265e-01	9.7198e-02	0.233297	3
AKT3	4	2.8269e-01	9.7198e-02	0.233297	2
LIMK1	4	2.8272e-01	9.7198e-02	0.233297	3
EBLN2	4	2.8274e-01	9.7198e-02	0.233297	2
SPN	4	2.8278e-01	9.7198e-02	0.233297	3
IRAK1BP1	4	2.8287e-01	9.7198e-02	0.233297	3
ARL6	4	2.8293e-01	9.7198e-02	0.233297	2
PRG4	4	2.8294e-01	9.7198e-02	0.233297	2
NMUR2	4	2.8294e-01	9.7198e-02	0.233297	3
TNR	4	2.8298e-01	9.7198e-02	0.233297	3
MUC6	4	2.8307e-01	9.7198e-02	0.233297	2
IGFL1	4	2.8309e-01	9.7198e-02	0.233297	3
DEFB4A	4	2.8313e-01	9.7198e-02	0.233297	2
NUTM2G	4	2.8318e-01	9.7198e-02	0.233297	1
GPAM	4	2.8322e-01	9.7198e-02	0.233297	3
SCTR	4	2.8323e-01	9.7198e-02	0.233297	2
TESK1	4	2.8326e-01	9.7198e-02	0.233297	2
FMO4	4	2.8333e-01	9.7198e-02	0.233297	3
CA11	4	2.8342e-01	9.7198e-02	0.233297	2
DBI	4	2.8346e-01	9.7198e-02	0.233297	3
NDUFA9	4	2.8369e-01	9.7198e-02	0.233297	3
PRKACB	4	2.8374e-01	9.7198e-02	0.233297	1
TTLL11	4	2.8380e-01	9.7198e-02	0.233297	2
UBXN6	4	2.8380e-01	9.7198e-02	0.233297	2
NLRC3	4	2.8382e-01	9.7198e-02	0.233297	2
HIST1H2BH	4	2.8389e-01	9.7198e-02	0.233297	2
APITD1	4	2.8390e-01	9.7198e-02	0.233297	2
BCL10	4	2.8395e-01	9.7198e-02	0.233297	3
SLC3A2	4	2.8400e-01	9.7198e-02	0.233297	3
SRPK3	4	2.8402e-01	9.7198e-02	0.233297	1
MEIS2	4	2.8408e-01	9.7198e-02	0.233297	2
HTR3B	4	2.8408e-01	9.7198e-02	0.233297	3
SLCO5A1	4	2.8410e-01	9.7198e-02	0.233297	3
ARMC4	4	2.8412e-01	9.7198e-02	0.233297	3
SETD4	4	2.8413e-01	9.7198e-02	0.233297	3
STMN1	4	2.8415e-01	9.7198e-02	0.233297	2
OR11H6	4	2.8417e-01	9.7198e-02	0.233297	3
BCAM	4	2.8426e-01	9.7198e-02	0.233297	3
SMR3B	4	2.8432e-01	9.7198e-02	0.233297	3
CHP2	4	2.8435e-01	9.7198e-02	0.233297	3
SEC14L2	4	2.8443e-01	9.7198e-02	0.233297	3
LYPLA1	4	2.8445e-01	9.7198e-02	0.233297	3
MAPK15	4	2.8449e-01	9.7198e-02	0.233297	2
SARNP	4	2.8451e-01	9.7198e-02	0.233297	2
CD48	4	2.8455e-01	9.7198e-02	0.233297	1
BABAM1	4	2.8455e-01	9.7198e-02	0.233297	2
FRRS1	4	2.8456e-01	9.7198e-02	0.233297	3
HIC1	4	2.8462e-01	9.7198e-02	0.233297	2
ATG4B	4	2.8467e-01	9.7198e-02	0.233297	2
ADGRG4	4	2.8471e-01	9.7198e-02	0.233297	3
HAPLN2	4	2.8477e-01	9.7198e-02	0.233297	2
IFNB1	4	2.8479e-01	9.7198e-02	0.233297	3
ZNF250	4	2.8486e-01	9.7198e-02	0.233297	3
KDF1	4	2.8490e-01	9.7198e-02	0.233297	3
CCDC8	4	2.8491e-01	9.7198e-02	0.233297	2
LRCH2	4	2.8492e-01	9.7198e-02	0.233297	3
TNXB	4	2.8501e-01	9.7198e-02	0.233297	3
TMLHE	4	2.8511e-01	9.7198e-02	0.233297	3
COMMD8	4	2.8523e-01	9.7198e-02	0.233297	2
GLIPR1L2	4	2.8529e-01	9.7198e-02	0.233297	3
TRIM28	4	2.8531e-01	9.7198e-02	0.233297	2
SPPL2B	4	2.8534e-01	9.7198e-02	0.233297	3
GRIFIN	4	2.8535e-01	9.7198e-02	0.233297	1
KRT6B	4	2.8539e-01	9.7198e-02	0.233297	2
ZCCHC17	4	2.8540e-01	9.7198e-02	0.233297	3
NUMB	4	2.8542e-01	9.7198e-02	0.233297	3
FAM227A	4	2.8545e-01	9.7198e-02	0.233297	3
LRAT	4	2.8547e-01	9.7198e-02	0.233297	2
TRAPPC10	4	2.8548e-01	9.7198e-02	0.233297	3
CPOX	4	2.8550e-01	9.7198e-02	0.233297	3
SENP3	4	2.8551e-01	9.7198e-02	0.233297	3
NCAN	4	2.8563e-01	9.7198e-02	0.233297	3
EPYC	4	2.8571e-01	9.7198e-02	0.233297	2
HES4	4	2.8575e-01	9.7198e-02	0.233297	2
RYR2	4	2.8582e-01	9.7198e-02	0.233297	3
HTR3A	4	2.8583e-01	9.7198e-02	0.233297	2
ZDHHC7	4	2.8584e-01	9.7198e-02	0.233297	2
RCOR1	4	2.8590e-01	9.7198e-02	0.233297	1
PIBF1	4	2.8596e-01	9.7198e-02	0.233297	2
ATP6V0A4	4	2.8598e-01	9.7198e-02	0.233297	3
HPS1	4	2.8602e-01	9.7198e-02	0.233297	3
FBXO45	4	2.8604e-01	9.7198e-02	0.233297	2
TSPAN17	4	2.8606e-01	9.7198e-02	0.233297	3
OTUD7B	4	2.8606e-01	9.7198e-02	0.233297	3
GUCY1A2	4	2.8617e-01	9.7198e-02	0.233297	2
FGF10	4	2.8626e-01	9.7198e-02	0.233297	3
C1QTNF5	4	2.8632e-01	9.7198e-02	0.233297	2
FCRL6	4	2.8635e-01	9.7198e-02	0.233297	3
FSTL1	4	2.8636e-01	9.7198e-02	0.233297	1
OR51A7	4	2.8637e-01	9.7198e-02	0.233297	2
PPAPDC1B	4	2.8639e-01	9.7198e-02	0.233297	2
SPINK5	4	2.8644e-01	9.7198e-02	0.233297	1
KRTAP19-3	4	2.8646e-01	9.7198e-02	0.233297	2
RBFOX2	4	2.8652e-01	9.7198e-02	0.233297	3
TPST2	4	2.8654e-01	9.7198e-02	0.233297	3
GK	4	2.8656e-01	9.7198e-02	0.233297	3
SMIM21	4	2.8657e-01	9.7198e-02	0.233297	2
NDRG3	4	2.8663e-01	9.7198e-02	0.233297	3
ANKRD30A	4	2.8671e-01	9.7198e-02	0.233297	3
SYT12	4	2.8672e-01	9.7198e-02	0.233297	2
SEL1L3	4	2.8673e-01	9.7198e-02	0.233297	3
ACSL6	4	2.8680e-01	9.7861e-02	0.233297	2
GDI1	4	2.8682e-01	9.7861e-02	0.233297	3
CSRNP2	4	2.8684e-01	9.7861e-02	0.233297	1
UGT1A10	4	2.8688e-01	9.7861e-02	0.233297	3
GIMD1	4	2.8688e-01	9.7861e-02	0.233297	2
STRIP1	4	2.8692e-01	9.7861e-02	0.233297	2
CYP7A1	4	2.8693e-01	9.7861e-02	0.233297	2
CRACR2B	4	2.8697e-01	9.7861e-02	0.233297	3
NISCH	4	2.8703e-01	9.7861e-02	0.233297	3
FTCD	4	2.8706e-01	9.7861e-02	0.233297	3
CDADC1	4	2.8706e-01	9.7861e-02	0.233297	3
RNF11	4	2.8714e-01	9.7861e-02	0.233297	2
RRP36	4	2.8714e-01	9.7861e-02	0.233297	3
APLNR	4	2.8714e-01	9.7861e-02	0.233297	2
REXO4	4	2.8720e-01	9.7861e-02	0.233297	3
TSPAN33	4	2.8729e-01	9.7861e-02	0.233297	3
MYOCD	4	2.8731e-01	9.7861e-02	0.233297	3
TPM1	4	2.8739e-01	9.7861e-02	0.233297	2
NUFIP1	4	2.8740e-01	9.7861e-02	0.233297	3
SP110	4	2.8742e-01	9.7861e-02	0.233297	3
OR4D9	4	2.8742e-01	9.7861e-02	0.233297	2
TTC30A	4	2.8749e-01	9.7861e-02	0.233297	3
NAA16	4	2.8753e-01	9.7861e-02	0.233297	3
TEP1	4	2.8757e-01	9.7861e-02	0.233297	2
DKK1	4	2.8764e-01	9.7861e-02	0.233297	3
ZNF154	4	2.8766e-01	9.7861e-02	0.233297	3
PBLD	4	2.8775e-01	9.7861e-02	0.233297	2
FREM1	4	2.8776e-01	9.7861e-02	0.233297	3
SYNE1	4	2.8778e-01	9.7861e-02	0.233297	1
PRKCZ	4	2.8781e-01	9.7861e-02	0.233297	3
ACER3	4	2.8786e-01	9.7861e-02	0.233297	3
EXO1	4	2.8796e-01	9.7861e-02	0.233297	1
ANO2	4	2.8797e-01	9.7861e-02	0.233297	3
KLK3	4	2.8802e-01	9.7861e-02	0.233297	3
ZNF468	4	2.8802e-01	9.7861e-02	0.233297	3
LOC102724957	4	2.8804e-01	9.7861e-02	0.233297	2
MEP1B	4	2.8806e-01	9.7861e-02	0.233297	3
CD93	4	2.8808e-01	9.7861e-02	0.233297	2
PTPN21	4	2.8813e-01	9.7861e-02	0.233297	3
UPF3B	4	2.8817e-01	9.7861e-02	0.233297	2
IPO4	4	2.8822e-01	9.7861e-02	0.233297	2
HIST1H2BJ	4	2.8834e-01	9.7861e-02	0.233297	3
MTRR	4	2.8834e-01	9.7861e-02	0.233297	2
TECRL	4	2.8839e-01	9.7861e-02	0.233297	3
TFPI2	4	2.8841e-01	9.7861e-02	0.233297	3
SCFD2	4	2.8855e-01	9.7861e-02	0.233297	2
CNTD2	4	2.8856e-01	9.7861e-02	0.233297	1
RBP4	4	2.8859e-01	9.7861e-02	0.233297	2
NAPSA	4	2.8866e-01	9.7861e-02	0.233297	2
SLA	4	2.8879e-01	9.7861e-02	0.233297	3
DRP2	4	2.8879e-01	9.7861e-02	0.233297	2
HOXB4	4	2.8881e-01	9.7861e-02	0.233297	3
APP	4	2.8890e-01	9.7861e-02	0.233297	3
RNF157	4	2.8894e-01	9.7861e-02	0.233297	3
ANKFN1	4	2.8896e-01	9.7861e-02	0.233297	3
STXBP5L	4	2.8896e-01	9.7861e-02	0.233297	2
OR10J5	4	2.8897e-01	9.7861e-02	0.233297	3
ELMOD1	4	2.8901e-01	9.7861e-02	0.233297	3
LDLRAD3	4	2.8904e-01	9.7861e-02	0.233297	2
FNDC7	4	2.8910e-01	9.7861e-02	0.233297	3
EPAS1	4	2.8913e-01	9.7861e-02	0.233297	3
MYH6	4	2.8915e-01	9.7861e-02	0.233297	2
LRRC58	4	2.8922e-01	9.7861e-02	0.233297	3
LRRC1	4	2.8924e-01	9.7861e-02	0.233297	2
LY86	4	2.8924e-01	9.7861e-02	0.233297	1
ABCA7	4	2.8928e-01	9.7861e-02	0.233297	2
TM4SF18	4	2.8932e-01	9.7861e-02	0.233297	2
IL1RN	4	2.8940e-01	9.7861e-02	0.233297	1
FOXD1	4	2.8942e-01	9.7861e-02	0.233297	3
C1orf68	4	2.8944e-01	9.7861e-02	0.233297	2
ZFP64	4	2.8944e-01	9.7861e-02	0.233297	2
TRPV6	4	2.8950e-01	9.7861e-02	0.233297	3
C2CD4A	4	2.8952e-01	9.7861e-02	0.233297	3
CES1	4	2.8952e-01	9.7861e-02	0.233297	1
NUP37	4	2.8953e-01	9.7861e-02	0.233297	2
IL1F10	3	2.8959e-01	1.1955e-01	0.266526	1
NUDT6	4	2.8959e-01	9.7862e-02	0.233297	3
CAPN8	4	2.8964e-01	9.7862e-02	0.233297	2
BHLHA9	4	2.8964e-01	9.7862e-02	0.233297	1
HS3ST4	4	2.8966e-01	9.7862e-02	0.233297	2
PIP5K1A	4	2.8968e-01	9.7862e-02	0.233297	2
SLC30A3	4	2.8978e-01	9.7862e-02	0.233297	3
GADD45A	4	2.8980e-01	9.7862e-02	0.233297	3
TMEM154	4	2.8988e-01	9.7862e-02	0.233297	1
COL21A1	4	2.8992e-01	9.7862e-02	0.233297	3
ZNF619	4	2.8995e-01	9.7862e-02	0.233297	3
RAB6C	4	2.9003e-01	9.7862e-02	0.233297	3
OR5R1	4	2.9004e-01	9.7862e-02	0.233297	1
ZSCAN22	4	2.9006e-01	9.7862e-02	0.233297	3
PDZRN3	4	2.9008e-01	9.7862e-02	0.233297	3
CFC1B	4	2.9008e-01	9.7862e-02	0.233297	2
CNBD1	4	2.9012e-01	9.7862e-02	0.233297	3
PPP5C	4	2.9020e-01	9.7862e-02	0.233297	3
CA5A	4	2.9020e-01	9.7862e-02	0.233297	2
SST	4	2.9028e-01	9.7862e-02	0.233297	2
PRAM1	4	2.9030e-01	9.7862e-02	0.233297	3
ACSM2B	4	2.9032e-01	9.7862e-02	0.233297	1
ASIP	4	2.9039e-01	9.7862e-02	0.233297	3
RHOC	4	2.9046e-01	9.7862e-02	0.233297	2
BNIP3	4	2.9064e-01	9.7862e-02	0.233297	2
TUBA1A	4	2.9065e-01	9.7862e-02	0.233297	3
NHSL1	4	2.9065e-01	9.7862e-02	0.233297	3
ZNF316	4	2.9074e-01	9.7862e-02	0.233297	3
CNTN2	4	2.9076e-01	9.7862e-02	0.233297	3
RAB5C	4	2.9088e-01	9.7862e-02	0.233297	3
LYN	4	2.9088e-01	9.7862e-02	0.233297	2
ZNF431	4	2.9092e-01	9.7862e-02	0.233297	2
ATP6V1C2	4	2.9093e-01	9.7862e-02	0.233297	3
MX1	4	2.9097e-01	9.7862e-02	0.233297	3
WDR48	3	2.9098e-01	1.2231e-01	0.272517	2
SPATA6L	4	2.9098e-01	9.7862e-02	0.233297	1
PAPD4	4	2.9099e-01	9.7862e-02	0.233297	3
VPS4A	4	2.9106e-01	9.7862e-02	0.233297	3
CRYGN	4	2.9106e-01	9.7862e-02	0.233297	2
PPP1R27	4	2.9108e-01	9.7862e-02	0.233297	3
CCNJ	4	2.9112e-01	9.7862e-02	0.233297	2
ZNF546	4	2.9115e-01	9.7862e-02	0.233297	2
SIAH2	4	2.9117e-01	9.7862e-02	0.233297	3
PKP4	4	2.9119e-01	9.7862e-02	0.233297	3
PCDHGA6	4	2.9125e-01	9.7862e-02	0.233297	3
ZUFSP	4	2.9131e-01	9.7862e-02	0.233297	3
CTTNBP2NL	4	2.9133e-01	9.7862e-02	0.233297	2
LRRC6	4	2.9142e-01	9.7862e-02	0.233297	2
THEG	4	2.9144e-01	9.7862e-02	0.233297	2
DMXL2	4	2.9152e-01	9.7862e-02	0.233297	2
BBS12	4	2.9153e-01	9.7862e-02	0.233297	3
TINAGL1	4	2.9161e-01	9.7862e-02	0.233297	2
TFEC	4	2.9164e-01	9.7862e-02	0.233297	3
FAM86B2	4	2.9168e-01	9.7862e-02	0.233297	2
NUP210	4	2.9169e-01	9.7862e-02	0.233297	2
MAB21L2	4	2.9169e-01	9.7862e-02	0.233297	2
MBD3	4	2.9169e-01	9.7862e-02	0.233297	2
PIP4K2B	4	2.9173e-01	9.7862e-02	0.233297	2
EPO	4	2.9180e-01	9.7862e-02	0.233297	2
LY75	4	2.9183e-01	9.7862e-02	0.233297	2
CLEC2B	4	2.9185e-01	9.7862e-02	0.233297	3
EPN2	4	2.9186e-01	9.7862e-02	0.233297	2
TMEM235	4	2.9196e-01	9.7862e-02	0.233297	2
CYP3A43	4	2.9200e-01	9.7862e-02	0.233297	3
OSCAR	4	2.9211e-01	9.7862e-02	0.233297	3
NPY2R	4	2.9212e-01	9.7862e-02	0.233297	3
SERBP1	4	2.9213e-01	9.7862e-02	0.233297	3
FAM216B	4	2.9220e-01	9.7862e-02	0.233297	1
ZNF784	4	2.9224e-01	9.7862e-02	0.233297	1
ARHGAP22	4	2.9227e-01	9.7862e-02	0.233297	2
UHMK1	4	2.9235e-01	9.8528e-02	0.233297	2
SOX11	4	2.9235e-01	9.8528e-02	0.233297	2
C8orf82	4	2.9242e-01	9.8528e-02	0.233297	3
DRAP1	4	2.9248e-01	9.8528e-02	0.233297	2
EFCAB13	4	2.9252e-01	9.8528e-02	0.233297	1
MYCBPAP	4	2.9258e-01	9.8528e-02	0.233297	3
MAGEA10	4	2.9262e-01	9.8528e-02	0.233297	2
MIA	4	2.9262e-01	9.8528e-02	0.233297	3
DCXR	4	2.9265e-01	9.8528e-02	0.233297	3
LOXL4	4	2.9268e-01	9.8528e-02	0.233297	2
MTRNR2L5	4	2.9270e-01	9.8528e-02	0.233297	3
NGF	4	2.9275e-01	9.8528e-02	0.233297	3
TCERG1L	4	2.9276e-01	9.8528e-02	0.233297	2
HOXA1	4	2.9277e-01	9.8528e-02	0.233297	3
RAET1E	4	2.9278e-01	9.8528e-02	0.233297	3
PLET1	4	2.9280e-01	9.8528e-02	0.233297	2
LOC391003	4	2.9281e-01	9.8528e-02	0.233297	3
FBXO48	4	2.9287e-01	9.8528e-02	0.233297	3
CFI	4	2.9293e-01	9.8528e-02	0.233297	2
ZSCAN29	4	2.9294e-01	9.8528e-02	0.233297	1
NDUFA10	4	2.9311e-01	9.8528e-02	0.233297	3
C1QTNF6	4	2.9320e-01	9.8528e-02	0.233297	2
DXO	4	2.9324e-01	9.8528e-02	0.233297	2
RPUSD2	4	2.9325e-01	9.8528e-02	0.233297	2
MEGF9	4	2.9328e-01	9.8528e-02	0.233297	1
DOCK4	4	2.9331e-01	9.8528e-02	0.233297	2
ICAM5	4	2.9340e-01	9.8528e-02	0.233297	2
CRK	4	2.9344e-01	9.8528e-02	0.233297	3
THNSL2	4	2.9344e-01	9.8528e-02	0.233297	2
PSMB9	4	2.9347e-01	9.8528e-02	0.233297	2
HEY2	4	2.9347e-01	9.8528e-02	0.233297	3
CYP2U1	4	2.9355e-01	9.8528e-02	0.233297	3
CT47A4	4	2.9360e-01	9.8528e-02	0.233297	2
RAB39B	4	2.9366e-01	9.8528e-02	0.233297	3
KYNU	4	2.9368e-01	9.8528e-02	0.233297	3
PRH1	4	2.9380e-01	9.8528e-02	0.233297	2
MAB21L3	4	2.9384e-01	9.8528e-02	0.233297	3
CPD	4	2.9387e-01	9.8528e-02	0.233297	3
SEPTIN12	4	2.9387e-01	9.8528e-02	0.233297	2
FAM69C	4	2.9395e-01	9.8528e-02	0.233297	3
AMBRA1	4	2.9396e-01	9.8528e-02	0.233297	1
BRWD3	4	2.9403e-01	9.8528e-02	0.233297	3
C9orf64	4	2.9405e-01	9.8528e-02	0.233297	2
MIF	4	2.9407e-01	9.8528e-02	0.233297	2
DEFB104B	4	2.9424e-01	9.8528e-02	0.233297	3
CCDC144A	4	2.9430e-01	9.8528e-02	0.233297	3
ZNF324B	4	2.9436e-01	9.8528e-02	0.233297	3
KHDRBS2	4	2.9437e-01	9.8528e-02	0.233297	2
F8A3	4	2.9446e-01	9.8528e-02	0.233297	3
HOXA7	4	2.9447e-01	9.8528e-02	0.233297	3
RHOD	4	2.9453e-01	9.8528e-02	0.233297	3
TSTA3	4	2.9463e-01	9.8528e-02	0.233297	2
SERPINB10	4	2.9465e-01	9.8528e-02	0.233297	2
TMPRSS15	4	2.9472e-01	9.8528e-02	0.233297	3
GGA2	4	2.9476e-01	9.8528e-02	0.233297	3
KDM4C	4	2.9477e-01	9.8528e-02	0.233297	1
UBL4B	4	2.9478e-01	9.8528e-02	0.233297	3
IL9	4	2.9482e-01	9.8528e-02	0.233297	3
TBC1D22B	4	2.9487e-01	9.8528e-02	0.233297	2
P3H3	4	2.9491e-01	9.8528e-02	0.233297	3
CNTN6	4	2.9494e-01	9.8528e-02	0.233297	2
OR4F15	4	2.9495e-01	9.8528e-02	0.233297	3
NPEPL1	4	2.9499e-01	9.8528e-02	0.233297	2
VPS26B	4	2.9500e-01	9.8528e-02	0.233297	3
KRTAP19-6	4	2.9501e-01	9.8528e-02	0.233297	2
S100A3	4	2.9503e-01	9.8528e-02	0.233297	2
TRPM3	4	2.9514e-01	9.8528e-02	0.233297	2
CD6	4	2.9529e-01	9.8528e-02	0.233297	3
ITGA11	4	2.9531e-01	9.8528e-02	0.233297	2
ANGEL1	4	2.9534e-01	9.8528e-02	0.233297	2
KIAA1683	4	2.9538e-01	9.8528e-02	0.233297	2
ARHGEF33	4	2.9541e-01	9.8528e-02	0.233297	2
EN2	4	2.9544e-01	9.8528e-02	0.233297	3
BROX	4	2.9547e-01	9.8528e-02	0.233297	3
PDCL3	4	2.9547e-01	9.8528e-02	0.233297	3
OR2H1	4	2.9556e-01	9.8528e-02	0.233297	3
NMI	4	2.9563e-01	9.8528e-02	0.233297	3
SDR42E1	4	2.9567e-01	9.8528e-02	0.233297	3
CACNA1E	4	2.9572e-01	9.8528e-02	0.233297	3
DNAH2	4	2.9582e-01	9.8528e-02	0.233297	2
ZNF90	4	2.9583e-01	9.8528e-02	0.233297	3
ANP32A	4	2.9587e-01	9.8528e-02	0.233297	2
ODF1	4	2.9593e-01	9.8528e-02	0.233297	1
CLVS2	4	2.9599e-01	9.8528e-02	0.233297	3
TNFSF15	4	2.9601e-01	9.8528e-02	0.233297	3
THSD7B	4	2.9606e-01	1.0126e-01	0.239151	3
CLLU1	4	2.9607e-01	1.0126e-01	0.239151	2
SPOP	4	2.9608e-01	1.0126e-01	0.239151	3
CYB5B	4	2.9611e-01	1.0126e-01	0.239151	2
TMSB4Y	4	2.9616e-01	1.0126e-01	0.239151	1
TP53TG3C	4	2.9618e-01	1.0126e-01	0.239151	2
FAM13B	4	2.9618e-01	1.0126e-01	0.239151	2
TCEANC	4	2.9622e-01	1.0126e-01	0.239151	1
CCT8L2	4	2.9627e-01	1.0126e-01	0.239151	3
CAPN11	4	2.9628e-01	1.0126e-01	0.239151	2
NOTCH3	4	2.9629e-01	1.0126e-01	0.239151	3
TMEM79	4	2.9633e-01	1.0126e-01	0.239151	3
ZNF649	4	2.9639e-01	1.0126e-01	0.239151	2
LBX2	4	2.9641e-01	1.0126e-01	0.239151	3
L3MBTL4	4	2.9643e-01	1.0126e-01	0.239151	3
TNFRSF18	4	2.9643e-01	1.0126e-01	0.239151	2
MOB3B	4	2.9644e-01	1.0126e-01	0.239151	3
PATE4	4	2.9646e-01	1.0126e-01	0.239151	2
ACACB	4	2.9662e-01	1.0126e-01	0.239151	3
FYN	4	2.9673e-01	1.0193e-01	0.240251	3
POLM	4	2.9678e-01	1.0193e-01	0.240251	2
AIMP2	4	2.9680e-01	1.0193e-01	0.240251	3
SHISA7	4	2.9680e-01	1.0193e-01	0.240251	3
C14orf1	4	2.9688e-01	1.0193e-01	0.240251	3
CCDC138	4	2.9691e-01	1.0193e-01	0.240251	2
LY75-CD302	4	2.9692e-01	1.0193e-01	0.240251	3
SSX2IP	4	2.9706e-01	1.0193e-01	0.240251	2
DUOX1	4	2.9717e-01	1.0193e-01	0.240251	2
CALCA	4	2.9720e-01	1.0193e-01	0.240251	2
CBL	4	2.9720e-01	1.0193e-01	0.240251	3
ZNF266	4	2.9724e-01	1.0193e-01	0.240251	2
AK8	4	2.9726e-01	1.0193e-01	0.240251	3
AKAP7	4	2.9733e-01	1.0193e-01	0.240251	3
GP1BB	4	2.9737e-01	1.0258e-01	0.240941	2
HNRNPCL3	4	2.9738e-01	1.0258e-01	0.240941	1
PRELP	4	2.9740e-01	1.0258e-01	0.240941	3
AMER2	4	2.9742e-01	1.0258e-01	0.240941	2
DNAJC22	4	2.9744e-01	1.0258e-01	0.240941	3
MARCHF4	4	2.9749e-01	1.0258e-01	0.240941	2
TMEM108	4	2.9760e-01	1.0258e-01	0.240941	3
NOXRED1	4	2.9761e-01	1.0258e-01	0.240941	1
SFN	4	2.9766e-01	1.0258e-01	0.240941	3
KRTAP23-1	4	2.9767e-01	1.0258e-01	0.240941	2
PINX1	4	2.9769e-01	1.0258e-01	0.240941	2
GPR22	4	2.9770e-01	1.0258e-01	0.240941	3
SDC4	4	2.9773e-01	1.0258e-01	0.240941	2
CDK13	4	2.9775e-01	1.0258e-01	0.240941	1
C1orf233	4	2.9775e-01	1.0258e-01	0.240941	3
FABP5	4	2.9782e-01	1.0258e-01	0.240941	2
REP15	4	2.9785e-01	1.0258e-01	0.240941	3
NFATC1	4	2.9789e-01	1.0258e-01	0.240941	3
TIGD5	4	2.9791e-01	1.0258e-01	0.240941	3
GPR61	4	2.9791e-01	1.0258e-01	0.240941	2
C7orf69	4	2.9794e-01	1.0258e-01	0.240941	3
MAGEA10-MAGEA5	4	2.9797e-01	1.0258e-01	0.240941	1
LMNB1	4	2.9797e-01	1.0258e-01	0.240941	3
PHF14	4	2.9801e-01	1.0258e-01	0.240941	2
ATP8B3	4	2.9804e-01	1.0258e-01	0.240941	3
CCDC148	4	2.9805e-01	1.0258e-01	0.240941	2
SNX33	4	2.9805e-01	1.0258e-01	0.240941	1
BRINP1	4	2.9809e-01	1.0258e-01	0.240941	3
HOXD13	4	2.9813e-01	1.0326e-01	0.242110	3
TTC3	4	2.9815e-01	1.0326e-01	0.242110	2
OR8H1	4	2.9817e-01	1.0326e-01	0.242110	2
RSPH14	4	2.9817e-01	1.0326e-01	0.242110	3
TTC7A	4	2.9821e-01	1.0326e-01	0.242110	2
NEURL1B	4	2.9827e-01	1.0326e-01	0.242110	2
DGKQ	4	2.9829e-01	1.0326e-01	0.242110	3
GCG	4	2.9837e-01	1.0326e-01	0.242110	2
IGLON5	4	2.9841e-01	1.0326e-01	0.242110	1
ANXA3	4	2.9853e-01	1.0326e-01	0.242110	3
CNFN	4	2.9857e-01	1.0326e-01	0.242110	2
OR2M2	4	2.9859e-01	1.0326e-01	0.242110	3
ZFPM1	4	2.9861e-01	1.0326e-01	0.242110	2
AGPS	4	2.9866e-01	1.0326e-01	0.242110	3
SMARCAD1	4	2.9867e-01	1.0326e-01	0.242110	2
GDAP2	4	2.9869e-01	1.0597e-01	0.247917	3
FAM185A	4	2.9872e-01	1.0597e-01	0.247917	2
ITSN2	4	2.9876e-01	1.0597e-01	0.247917	3
NT5DC1	4	2.9876e-01	1.0597e-01	0.247917	1
GAST	4	2.9880e-01	1.0597e-01	0.247917	3
CLEC3B	4	2.9884e-01	1.0597e-01	0.247917	3
HSPA6	4	2.9886e-01	1.0597e-01	0.247917	3
IQCJ-SCHIP1	4	2.9892e-01	1.0597e-01	0.247917	2
C11orf94	4	2.9898e-01	1.0597e-01	0.247917	2
AICDA	4	2.9907e-01	1.0597e-01	0.247917	3
ING1	4	2.9907e-01	1.0597e-01	0.247917	3
ATP8B4	4	2.9907e-01	1.0597e-01	0.247917	3
RNASE9	4	2.9907e-01	1.0597e-01	0.247917	3
SMOC2	4	2.9907e-01	1.0597e-01	0.247917	2
KRT17	4	2.9924e-01	1.0597e-01	0.247917	2
DHRS11	4	2.9930e-01	1.0664e-01	0.248231	3
LILRB5	4	2.9930e-01	1.0664e-01	0.248231	2
ABCD4	4	2.9933e-01	1.0664e-01	0.248231	3
THBD	4	2.9947e-01	1.0664e-01	0.248231	3
KLRB1	4	2.9950e-01	1.0664e-01	0.248231	2
LOC728485	4	2.9951e-01	1.0664e-01	0.248231	3
TMEM140	4	2.9954e-01	1.0664e-01	0.248231	3
KCTD2	4	2.9960e-01	1.0664e-01	0.248231	1
MORN1	4	2.9968e-01	1.0664e-01	0.248231	2
CRB3	4	2.9968e-01	1.0664e-01	0.248231	3
TXNDC16	4	2.9973e-01	1.0664e-01	0.248231	3
SNRPA	4	2.9973e-01	1.0664e-01	0.248231	2
TSC22D3	4	2.9990e-01	1.0664e-01	0.248231	2
SLC25A51	4	2.9995e-01	1.0733e-01	0.248231	1
CORO7	4	3.0008e-01	1.0733e-01	0.248231	2
NLRP7	4	3.0011e-01	1.0733e-01	0.248231	3
FLII	4	3.0014e-01	1.0733e-01	0.248231	2
TBATA	4	3.0015e-01	1.0733e-01	0.248231	3
SLC30A5	4	3.0021e-01	1.0733e-01	0.248231	3
RILPL2	4	3.0025e-01	1.0733e-01	0.248231	3
MAGEE2	4	3.0029e-01	1.0733e-01	0.248231	3
ST6GAL1	4	3.0031e-01	1.0733e-01	0.248231	3
P3H4	4	3.0035e-01	1.0733e-01	0.248231	2
ICOS	4	3.0048e-01	1.0733e-01	0.248231	3
WDR11	4	3.0061e-01	1.0733e-01	0.248231	3
COL11A2	4	3.0062e-01	1.0733e-01	0.248231	2
CCNL2	4	3.0070e-01	1.0733e-01	0.248231	2
CD8A	4	3.0083e-01	1.0733e-01	0.248231	3
ATP2B4	4	3.0092e-01	1.0733e-01	0.248231	3
CD37	4	3.0099e-01	1.0733e-01	0.248231	3
AQP6	4	3.0102e-01	1.0733e-01	0.248231	2
PDX1	4	3.0103e-01	1.0733e-01	0.248231	3
ZNF835	4	3.0103e-01	1.0733e-01	0.248231	2
FAIM3	4	3.0105e-01	1.0733e-01	0.248231	3
PEX3	4	3.0107e-01	1.0733e-01	0.248231	3
SAC3D1	4	3.0116e-01	1.0733e-01	0.248231	3
JMJD1C	4	3.0118e-01	1.0733e-01	0.248231	3
OR1C1	4	3.0120e-01	1.0733e-01	0.248231	2
STOX2	4	3.0136e-01	1.0733e-01	0.248231	2
ABAT	4	3.0148e-01	1.0733e-01	0.248231	3
SPP2	4	3.0150e-01	1.0733e-01	0.248231	2
CWC27	4	3.0150e-01	1.0733e-01	0.248231	2
CYLD	4	3.0156e-01	1.0733e-01	0.248231	3
CDKAL1	4	3.0157e-01	1.0733e-01	0.248231	2
MARCKS	4	3.0158e-01	1.0733e-01	0.248231	3
RAD9B	4	3.0166e-01	1.0733e-01	0.248231	3
TRIM11	4	3.0176e-01	1.0733e-01	0.248231	3
RREB1	4	3.0189e-01	1.0733e-01	0.248231	3
TVP23C-CDRT4	4	3.0191e-01	1.0733e-01	0.248231	3
MT1X	4	3.0195e-01	1.0733e-01	0.248231	1
EEF1B2	4	3.0201e-01	1.0733e-01	0.248231	1
TSKU	4	3.0205e-01	1.0733e-01	0.248231	3
ALDH3A1	4	3.0217e-01	1.0733e-01	0.248231	2
SULT1E1	4	3.0218e-01	1.0733e-01	0.248231	3
FAM110D	4	3.0219e-01	1.0733e-01	0.248231	2
ENOSF1	4	3.0220e-01	1.0733e-01	0.248231	3
ERCC6	4	3.0221e-01	1.0733e-01	0.248231	2
GJA9	4	3.0225e-01	1.0733e-01	0.248231	3
LRMP	3	3.0227e-01	1.3084e-01	0.284879	2
PRRT3	4	3.0232e-01	1.0733e-01	0.248231	1
KRTAP21-1	4	3.0236e-01	1.0733e-01	0.248231	2
KLHL5	4	3.0237e-01	1.0733e-01	0.248231	3
BAALC	4	3.0238e-01	1.0733e-01	0.248231	2
GLT8D2	4	3.0239e-01	1.0733e-01	0.248231	3
SLC5A1	4	3.0248e-01	1.0733e-01	0.248231	1
TNRC6C	4	3.0252e-01	1.0733e-01	0.248231	2
ITIH5	4	3.0254e-01	1.0733e-01	0.248231	2
MIEF1	4	3.0262e-01	1.0733e-01	0.248231	3
LRRC23	4	3.0265e-01	1.0733e-01	0.248231	3
EPSTI1	4	3.0265e-01	1.0733e-01	0.248231	3
XPNPEP3	4	3.0268e-01	1.0733e-01	0.248231	1
MLXIPL	4	3.0271e-01	1.0733e-01	0.248231	2
C5orf63	4	3.0275e-01	1.0733e-01	0.248231	3
CALU	4	3.0281e-01	1.0733e-01	0.248231	3
SLC5A7	4	3.0284e-01	1.0733e-01	0.248231	2
HNRNPR	4	3.0296e-01	1.0733e-01	0.248231	1
CENPBD1	4	3.0296e-01	1.0733e-01	0.248231	3
BAMBI	4	3.0298e-01	1.0733e-01	0.248231	3
FOXP2	4	3.0301e-01	1.0733e-01	0.248231	3
CD70	4	3.0315e-01	1.0733e-01	0.248231	2
GTF2IRD2B	4	3.0319e-01	1.0733e-01	0.248231	1
OR6X1	4	3.0320e-01	1.0733e-01	0.248231	2
GRID1	4	3.0320e-01	1.0733e-01	0.248231	2
ST8SIA2	4	3.0325e-01	1.0733e-01	0.248231	3
DQX1	4	3.0333e-01	1.0733e-01	0.248231	2
GPR31	4	3.0334e-01	1.0733e-01	0.248231	3
UBR3	4	3.0335e-01	1.0733e-01	0.248231	2
ZCCHC5	4	3.0343e-01	1.0733e-01	0.248231	1
NCR2	4	3.0346e-01	1.0733e-01	0.248231	2
IL17RD	4	3.0355e-01	1.0802e-01	0.248231	2
C8orf48	4	3.0356e-01	1.0802e-01	0.248231	3
KIR3DL2	4	3.0359e-01	1.0802e-01	0.248231	3
OR8G2	4	3.0361e-01	1.0802e-01	0.248231	3
EFNB2	4	3.0369e-01	1.0802e-01	0.248231	1
TOP3B	4	3.0371e-01	1.0802e-01	0.248231	3
ARHGEF12	4	3.0373e-01	1.0802e-01	0.248231	3
RTP2	4	3.0375e-01	1.0802e-01	0.248231	3
N4BP1	4	3.0375e-01	1.0802e-01	0.248231	2
HIC2	4	3.0377e-01	1.0802e-01	0.248231	3
LOC100652758	4	3.0379e-01	1.0802e-01	0.248231	3
C7orf55	4	3.0382e-01	1.0802e-01	0.248231	3
CACNB4	4	3.0384e-01	1.0802e-01	0.248231	3
PRKCDBP	4	3.0386e-01	1.0802e-01	0.248231	3
ABHD6	4	3.0394e-01	1.0802e-01	0.248231	3
DCST1	4	3.0398e-01	1.0802e-01	0.248231	2
NDUFS7	4	3.0402e-01	1.0802e-01	0.248231	2
THEMIS	4	3.0403e-01	1.0802e-01	0.248231	3
TCEAL6	4	3.0407e-01	1.0802e-01	0.248231	2
SH2D7	4	3.0415e-01	1.0802e-01	0.248231	2
IL24	4	3.0418e-01	1.0802e-01	0.248231	2
SIRT1	4	3.0426e-01	1.0802e-01	0.248231	3
CISD1	4	3.0428e-01	1.0802e-01	0.248231	3
CT47A12	4	3.0430e-01	1.0802e-01	0.248231	3
IGFBP5	4	3.0438e-01	1.0802e-01	0.248231	2
FAM96A	4	3.0438e-01	1.0802e-01	0.248231	2
CPNE9	4	3.0446e-01	1.0802e-01	0.248231	3
MICALL2	4	3.0448e-01	1.0802e-01	0.248231	2
PRDM2	4	3.0454e-01	1.0802e-01	0.248231	2
IFNA6	4	3.0454e-01	1.0802e-01	0.248231	3
INO80E	4	3.0458e-01	1.0802e-01	0.248231	2
CD1B	4	3.0461e-01	1.0802e-01	0.248231	2
SUSD6	4	3.0463e-01	1.0802e-01	0.248231	3
OR2B6	4	3.0465e-01	1.0802e-01	0.248231	3
TMPRSS12	4	3.0467e-01	1.0802e-01	0.248231	1
PCDHB3	4	3.0471e-01	1.0802e-01	0.248231	3
MGAT2	4	3.0472e-01	1.0802e-01	0.248231	2
GREM1	4	3.0474e-01	1.0802e-01	0.248231	3
PEX1	4	3.0476e-01	1.0802e-01	0.248231	3
KLHL38	4	3.0478e-01	1.0802e-01	0.248231	3
TRIM47	4	3.0485e-01	1.0802e-01	0.248231	2
IFIT1B	4	3.0490e-01	1.0802e-01	0.248231	3
STK4	4	3.0499e-01	1.0802e-01	0.248231	2
BAZ2B	4	3.0517e-01	1.0802e-01	0.248231	2
MSMP	4	3.0530e-01	1.0802e-01	0.248231	3
CALD1	4	3.0530e-01	1.0802e-01	0.248231	2
NME3	4	3.0538e-01	1.0802e-01	0.248231	3
MUC17	4	3.0540e-01	1.0802e-01	0.248231	2
CHGA	4	3.0541e-01	1.0802e-01	0.248231	3
FRMD8	4	3.0547e-01	1.0802e-01	0.248231	3
F12	4	3.0555e-01	1.0802e-01	0.248231	2
CARM1	4	3.0557e-01	1.0802e-01	0.248231	2
CCDC30	4	3.0560e-01	1.0802e-01	0.248231	2
SEC24D	4	3.0560e-01	1.0802e-01	0.248231	2
C11orf80	4	3.0567e-01	1.0802e-01	0.248231	2
HNRNPCL2	4	3.0570e-01	1.0802e-01	0.248231	3
C11orf54	4	3.0574e-01	1.0802e-01	0.248231	3
CNN3	4	3.0575e-01	1.0802e-01	0.248231	1
LRP5	4	3.0584e-01	1.0802e-01	0.248231	3
SYT11	4	3.0593e-01	1.0876e-01	0.248743	2
RPS6KA6	4	3.0596e-01	1.0876e-01	0.248743	3
C2orf71	4	3.0599e-01	1.0876e-01	0.248743	3
NCKAP1L	4	3.0604e-01	1.0876e-01	0.248743	2
MTDH	4	3.0611e-01	1.0876e-01	0.248743	3
SRM	4	3.0613e-01	1.0876e-01	0.248743	3
SPAG7	4	3.0617e-01	1.0876e-01	0.248743	3
IFI44L	4	3.0618e-01	1.0876e-01	0.248743	3
THSD7A	4	3.0620e-01	1.0876e-01	0.248743	3
DNAAF2	4	3.0624e-01	1.0876e-01	0.248743	3
GPR179	4	3.0627e-01	1.0876e-01	0.248743	2
TCTEX1D4	4	3.0628e-01	1.0876e-01	0.248743	3
GPR6	4	3.0632e-01	1.0876e-01	0.248743	3
YOD1	4	3.0634e-01	1.0876e-01	0.248743	3
EFHD1	4	3.0636e-01	1.0876e-01	0.248743	2
SEMA5A	4	3.0638e-01	1.0876e-01	0.248743	1
SLC38A2	4	3.0639e-01	1.0876e-01	0.248743	3
NFKBIB	4	3.0642e-01	1.0876e-01	0.248743	3
TDRD12	4	3.0664e-01	1.0876e-01	0.248743	3
PPY	4	3.0667e-01	1.0876e-01	0.248743	2
IL3RA	4	3.0677e-01	1.0876e-01	0.248743	2
GNAS	4	3.0677e-01	1.0876e-01	0.248743	2
FRMD5	4	3.0678e-01	1.0876e-01	0.248743	2
CEP89	4	3.0681e-01	1.0876e-01	0.248743	2
MSC	4	3.0684e-01	1.0876e-01	0.248743	3
HCST	4	3.0686e-01	1.0876e-01	0.248743	3
IGFL4	4	3.0693e-01	1.0876e-01	0.248743	1
F3	4	3.0694e-01	1.0876e-01	0.248743	3
ST8SIA4	4	3.0695e-01	1.0876e-01	0.248743	3
PDZD7	4	3.0701e-01	1.0876e-01	0.248743	3
HSD17B12	4	3.0704e-01	1.0876e-01	0.248743	2
ZNF708	4	3.0709e-01	1.0876e-01	0.248743	3
MAML2	4	3.0709e-01	1.0876e-01	0.248743	1
C20orf62	4	3.0720e-01	1.0876e-01	0.248743	3
TBX10	4	3.0726e-01	1.0876e-01	0.248743	3
OPTC	4	3.0730e-01	1.0876e-01	0.248743	3
SOX18	4	3.0732e-01	1.0876e-01	0.248743	3
LRRC25	4	3.0747e-01	1.0876e-01	0.248743	3
TMCO3	4	3.0750e-01	1.0876e-01	0.248743	3
LANCL2	4	3.0752e-01	1.0876e-01	0.248743	2
RALY	4	3.0757e-01	1.0945e-01	0.248775	3
IGSF21	4	3.0763e-01	1.0945e-01	0.248775	3
RGS18	4	3.0767e-01	1.0945e-01	0.248775	3
PRR5	4	3.0770e-01	1.0945e-01	0.248775	3
ASB6	4	3.0782e-01	1.0945e-01	0.248775	2
CYP2D6	4	3.0782e-01	1.0945e-01	0.248775	3
SNX1	4	3.0786e-01	1.0945e-01	0.248775	3
HINT2	4	3.0791e-01	1.0945e-01	0.248775	2
TTLL10	4	3.0792e-01	1.0945e-01	0.248775	3
ASPM	4	3.0794e-01	1.0945e-01	0.248775	2
CCDC12	4	3.0799e-01	1.0945e-01	0.248775	2
TMEM263	4	3.0799e-01	1.0945e-01	0.248775	3
TLN2	4	3.0801e-01	1.0945e-01	0.248775	3
INSM1	4	3.0807e-01	1.0945e-01	0.248775	3
CEND1	4	3.0809e-01	1.0945e-01	0.248775	3
FDPS	4	3.0811e-01	1.0945e-01	0.248775	3
PRKCQ	4	3.0813e-01	1.0945e-01	0.248775	2
C6orf165	4	3.0815e-01	1.0945e-01	0.248775	3
RABEP2	4	3.0815e-01	1.0945e-01	0.248775	2
CALML5	4	3.0817e-01	1.0945e-01	0.248775	3
FSCN1	4	3.0823e-01	1.0945e-01	0.248775	3
BCAN	4	3.0825e-01	1.0945e-01	0.248775	3
IFIT5	4	3.0826e-01	1.0945e-01	0.248775	3
WNT7B	4	3.0829e-01	1.0945e-01	0.248775	2
GRID2IP	4	3.0846e-01	1.0945e-01	0.248775	2
PLEKHF2	4	3.0849e-01	1.0945e-01	0.248775	3
C6orf47	4	3.0852e-01	1.0945e-01	0.248775	3
FBXO17	4	3.0853e-01	1.0945e-01	0.248775	3
C2orf27B	4	3.0853e-01	1.0945e-01	0.248775	2
C5orf24	4	3.0872e-01	1.0945e-01	0.248775	3
CCDC3	4	3.0875e-01	1.0945e-01	0.248775	3
CCDC58	4	3.0884e-01	1.0945e-01	0.248775	3
ST6GALNAC6	4	3.0889e-01	1.0945e-01	0.248775	2
NOV	4	3.0892e-01	1.0945e-01	0.248775	2
ORM2	4	3.0894e-01	1.0945e-01	0.248775	2
DZIP1	4	3.0911e-01	1.0945e-01	0.248775	1
MGAT3	4	3.0911e-01	1.0945e-01	0.248775	3
FAM131B	4	3.0915e-01	1.0945e-01	0.248775	3
MAN2C1	4	3.0919e-01	1.0945e-01	0.248775	2
PSTPIP2	4	3.0921e-01	1.0945e-01	0.248775	2
GPALPP1	4	3.0921e-01	1.0945e-01	0.248775	2
MON1A	4	3.0921e-01	1.0945e-01	0.248775	3
USP17L26	4	3.0925e-01	1.0945e-01	0.248775	3
SLC22A20	4	3.0927e-01	1.0945e-01	0.248775	1
SPATA12	4	3.0933e-01	1.0945e-01	0.248775	2
TOR1AIP1	4	3.0935e-01	1.0945e-01	0.248775	3
VPS37B	4	3.0940e-01	1.0945e-01	0.248775	2
CALB2	4	3.0941e-01	1.0945e-01	0.248775	2
ATXN3L	4	3.0954e-01	1.0945e-01	0.248775	1
PKIA	4	3.0957e-01	1.0945e-01	0.248775	2
POU3F1	4	3.0960e-01	1.0945e-01	0.248775	3
NYAP2	4	3.0968e-01	1.0945e-01	0.248775	2
ARHGAP19	4	3.0979e-01	1.1019e-01	0.250156	3
GPHA2	4	3.0979e-01	1.1019e-01	0.250156	3
IFI6	4	3.0995e-01	1.1019e-01	0.250156	2
CXCL6	4	3.0998e-01	1.1019e-01	0.250156	3
MESP1	4	3.1006e-01	1.1019e-01	0.250156	3
ARL6IP5	4	3.1007e-01	1.1019e-01	0.250156	2
H6PD	4	3.1008e-01	1.1019e-01	0.250156	3
FAM127B	4	3.1010e-01	1.1019e-01	0.250156	3
FAM63A	4	3.1012e-01	1.1019e-01	0.250156	2
SLITRK4	4	3.1013e-01	1.1019e-01	0.250156	1
CCL14	4	3.1027e-01	1.1087e-01	0.251557	2
SPATA31C1	4	3.1031e-01	1.1087e-01	0.251557	3
CLASP2	4	3.1031e-01	1.1087e-01	0.251557	3
SLC22A7	4	3.1031e-01	1.1087e-01	0.251557	3
MBNL1	4	3.1046e-01	1.1087e-01	0.251557	2
TMEM205	4	3.1052e-01	1.1132e-01	0.251978	3
ANKRD18A	4	3.1063e-01	1.1132e-01	0.251978	2
ABCG2	4	3.1066e-01	1.1132e-01	0.251978	1
CCDC176	4	3.1074e-01	1.1132e-01	0.251978	3
TMEM150A	4	3.1074e-01	1.1132e-01	0.251978	3
TNNT2	4	3.1074e-01	1.1132e-01	0.251978	3
MTMR12	4	3.1074e-01	1.1132e-01	0.251978	3
PTPN9	4	3.1074e-01	1.1132e-01	0.251978	3
CDH16	4	3.1074e-01	1.1132e-01	0.251978	3
SP6	4	3.1074e-01	1.1132e-01	0.251978	3
COPG2	4	3.1076e-01	1.1132e-01	0.251978	2
SNX2	4	3.1092e-01	1.1132e-01	0.251978	2
DTWD1	4	3.1105e-01	1.1132e-01	0.251978	2
S1PR5	4	3.1113e-01	1.1132e-01	0.251978	2
MLLT4	4	3.1117e-01	1.1132e-01	0.251978	2
GRM8	4	3.1118e-01	1.1132e-01	0.251978	2
RGAG4	4	3.1118e-01	1.1132e-01	0.251978	2
MGARP	4	3.1118e-01	1.1132e-01	0.251978	2
E2F6	4	3.1120e-01	1.1132e-01	0.251978	3
ACR	4	3.1120e-01	1.1132e-01	0.251978	3
KRTAP5-3	4	3.1124e-01	1.1205e-01	0.253100	2
DYRK1B	4	3.1128e-01	1.1205e-01	0.253100	1
BHLHB9	4	3.1135e-01	1.1205e-01	0.253100	2
TLE4	4	3.1136e-01	1.1205e-01	0.253100	1
ENC1	4	3.1137e-01	1.1205e-01	0.253100	2
P2RX5	4	3.1141e-01	1.1205e-01	0.253100	3
CKMT1A	4	3.1150e-01	1.1205e-01	0.253100	3
SLC22A11	4	3.1150e-01	1.1205e-01	0.253100	2
DENND2C	4	3.1152e-01	1.1205e-01	0.253100	2
ABCB11	4	3.1157e-01	1.1205e-01	0.253100	2
DSCR4	4	3.1162e-01	1.1205e-01	0.253100	2
TMEM14B	4	3.1164e-01	1.1205e-01	0.253100	2
CRY1	4	3.1169e-01	1.1205e-01	0.253100	2
IBTK	4	3.1169e-01	1.1205e-01	0.253100	2
NOTCH2NL	4	3.1172e-01	1.1228e-01	0.253100	3
KRT4	4	3.1172e-01	1.1228e-01	0.253100	3
SRRM4	4	3.1173e-01	1.1251e-01	0.253100	2
SLC25A2	4	3.1193e-01	1.1251e-01	0.253100	2
GP5	4	3.1193e-01	1.1251e-01	0.253100	1
OSER1	4	3.1196e-01	1.1251e-01	0.253100	3
NKX6-1	4	3.1202e-01	1.1251e-01	0.253100	2
MPPED1	4	3.1212e-01	1.1251e-01	0.253100	2
RGMA	4	3.1219e-01	1.1251e-01	0.253100	3
KRT82	4	3.1219e-01	1.1251e-01	0.253100	3
ZNF615	4	3.1219e-01	1.1251e-01	0.253100	3
ZNF548	4	3.1219e-01	1.1251e-01	0.253100	3
CLEC4G	4	3.1219e-01	1.1251e-01	0.253100	3
SPRY2	4	3.1219e-01	1.1251e-01	0.253100	3
C2CD4C	4	3.1219e-01	1.1251e-01	0.253100	3
ANKDD1B	4	3.1224e-01	1.1251e-01	0.253100	2
STON1	4	3.1243e-01	1.1251e-01	0.253100	2
NTSR2	4	3.1246e-01	1.1251e-01	0.253100	2
TENM3	4	3.1249e-01	1.1251e-01	0.253100	2
WASF3	4	3.1252e-01	1.1251e-01	0.253100	2
ICAM2	4	3.1254e-01	1.1251e-01	0.253100	2
SLX1A	4	3.1257e-01	1.1251e-01	0.253100	2
CATSPERG	4	3.1271e-01	1.1251e-01	0.253100	2
GABRR2	4	3.1273e-01	1.1251e-01	0.253100	1
SLC26A7	4	3.1276e-01	1.1251e-01	0.253100	2
C1QTNF3	4	3.1279e-01	1.1251e-01	0.253100	2
TCEAL8	4	3.1333e-01	1.1251e-01	0.253100	2
LPAR6	4	3.1343e-01	1.1251e-01	0.253100	1
EXD2	4	3.1348e-01	1.1251e-01	0.253100	2
KMT2E	4	3.1351e-01	1.1251e-01	0.253100	2
EDARADD	4	3.1365e-01	1.1251e-01	0.253100	2
GNRHR	4	3.1367e-01	1.1251e-01	0.253100	2
MROH9	4	3.1369e-01	1.1251e-01	0.253100	2
SELP	4	3.1375e-01	1.1251e-01	0.253100	2
TAS2R30	4	3.1386e-01	1.1251e-01	0.253100	1
GNPTG	4	3.1391e-01	1.1251e-01	0.253100	2
C12orf43	4	3.1394e-01	1.1251e-01	0.253100	2
DHRS12	4	3.1394e-01	1.1251e-01	0.253100	2
MFSD12	4	3.1404e-01	1.1322e-01	0.253450	2
BRWD1	4	3.1407e-01	1.1322e-01	0.253450	2
TRIP13	4	3.1409e-01	1.1322e-01	0.253450	2
HIBADH	4	3.1412e-01	1.1322e-01	0.253450	2
PEF1	4	3.1413e-01	1.1322e-01	0.253450	1
CCNF	4	3.1421e-01	1.1322e-01	0.253450	2
KRT78	4	3.1425e-01	1.1322e-01	0.253450	2
GSTT2B	4	3.1429e-01	1.1322e-01	0.253450	1
MYL12A	4	3.1432e-01	1.1322e-01	0.253450	2
STK32C	4	3.1433e-01	1.1322e-01	0.253450	2
SPATA4	4	3.1434e-01	1.1322e-01	0.253450	2
CD52	4	3.1444e-01	1.1322e-01	0.253450	1
SLC27A6	4	3.1448e-01	1.1322e-01	0.253450	2
ANXA8	4	3.1450e-01	1.1322e-01	0.253450	2
UBE2E1	4	3.1452e-01	1.1322e-01	0.253450	2
MTRNR2L3	4	3.1464e-01	1.1322e-01	0.253450	2
NLK	4	3.1468e-01	1.1322e-01	0.253450	2
CCDC65	4	3.1472e-01	1.1322e-01	0.253450	1
LRRC55	4	3.1487e-01	1.1322e-01	0.253450	2
PRSS53	4	3.1488e-01	1.1322e-01	0.253450	2
ACTG2	4	3.1547e-01	1.1322e-01	0.253450	2
RGS4	4	3.1551e-01	1.1322e-01	0.253450	2
HSFY1	4	3.1560e-01	1.1322e-01	0.253450	2
PLAC8	4	3.1569e-01	1.1322e-01	0.253450	2
SLC8A1	4	3.1576e-01	1.1322e-01	0.253450	2
CHD9	4	3.1590e-01	1.1322e-01	0.253450	2
CCNE1	4	3.1601e-01	1.1322e-01	0.253450	2
NCDN	4	3.1604e-01	1.1322e-01	0.253450	2
KIF20A	4	3.1605e-01	1.1322e-01	0.253450	2
SMCO1	4	3.1620e-01	1.1322e-01	0.253450	1
SLC5A9	4	3.1630e-01	1.1322e-01	0.253450	2
CXorf51B	4	3.1637e-01	1.1322e-01	0.253450	2
CKAP2L	4	3.1650e-01	1.1322e-01	0.253450	2
FAM53B	4	3.1653e-01	1.1322e-01	0.253450	2
MIEF2	4	3.1655e-01	1.1322e-01	0.253450	1
RHO	4	3.1660e-01	1.1322e-01	0.253450	2
NR2C2	4	3.1682e-01	1.1322e-01	0.253450	1
OSR1	4	3.1685e-01	1.1322e-01	0.253450	2
OR13H1	4	3.1694e-01	1.1322e-01	0.253450	1
PPIL3	4	3.1696e-01	1.1322e-01	0.253450	2
UTY	4	3.1697e-01	1.1322e-01	0.253450	1
TYMS	4	3.1701e-01	1.1322e-01	0.253450	1
WDR87	4	3.1707e-01	1.1391e-01	0.254709	2
FABP6	4	3.1711e-01	1.1391e-01	0.254709	2
KCNJ12	4	3.1717e-01	1.1391e-01	0.254709	2
RPS6KB2	4	3.1720e-01	1.1391e-01	0.254709	2
SLC25A36	4	3.1728e-01	1.1391e-01	0.254709	1
TOR4A	4	3.1752e-01	1.1391e-01	0.254709	2
ORMDL2	4	3.1757e-01	1.1391e-01	0.254709	2
SMARCD3	4	3.1765e-01	1.1391e-01	0.254709	2
MPND	4	3.1775e-01	1.1391e-01	0.254709	1
GNGT1	4	3.1779e-01	1.1391e-01	0.254709	2
PLA2G3	4	3.1798e-01	1.1724e-01	0.261819	1
PDK4	4	3.1829e-01	1.1724e-01	0.261819	2
TNFRSF1B	4	3.1833e-01	1.1724e-01	0.261819	2
NRIP1	4	3.1865e-01	1.1725e-01	0.261819	2
PRKAR1B	4	3.1868e-01	1.1725e-01	0.261819	2
MELK	4	3.1872e-01	1.1725e-01	0.261819	1
GFRA2	4	3.1890e-01	1.1725e-01	0.261819	2
NOX5	4	3.1899e-01	1.1725e-01	0.261819	2
OARD1	4	3.1903e-01	1.1725e-01	0.261819	2
RAX2	4	3.1908e-01	1.1725e-01	0.261819	2
CPLX4	4	3.1912e-01	1.1725e-01	0.261819	2
LAMA2	3	3.1920e-01	1.4437e-01	0.302492	2
PARP9	4	3.1944e-01	1.1801e-01	0.263138	2
DSC2	4	3.1946e-01	1.1801e-01	0.263138	1
CIDEB	4	3.1948e-01	1.1801e-01	0.263138	2
KCNK5	4	3.1950e-01	1.1801e-01	0.263138	2
MEGF10	4	3.1954e-01	1.1801e-01	0.263138	2
KRTAP22-1	4	3.1977e-01	1.1801e-01	0.263138	1
PEAR1	4	3.1985e-01	1.1801e-01	0.263138	2
OR3A1	4	3.2010e-01	1.1801e-01	0.263138	1
CR2	4	3.2010e-01	1.1801e-01	0.263138	1
MTL5	4	3.2012e-01	1.1801e-01	0.263138	2
C6orf99	4	3.2016e-01	1.1801e-01	0.263138	2
ABCA13	4	3.2021e-01	1.1801e-01	0.263138	2
DIRC1	4	3.2023e-01	1.1801e-01	0.263138	2
TMEM88B	4	3.2038e-01	1.2055e-01	0.268641	2
GJA1	4	3.2039e-01	1.2055e-01	0.268641	2
BEND3	4	3.2043e-01	1.2055e-01	0.268641	2
OVOL3	4	3.2043e-01	1.2055e-01	0.268641	2
FADS3	4	3.2050e-01	1.2313e-01	0.274011	1
MAGI3	4	3.2057e-01	1.2313e-01	0.274011	2
BAIAP2L2	4	3.2066e-01	1.2313e-01	0.274011	1
SPRYD7	4	3.2093e-01	1.2313e-01	0.274011	1
SPRR2D	4	3.2107e-01	1.2314e-01	0.274011	2
SERPINB8	4	3.2112e-01	1.2314e-01	0.274011	1
PCDH11Y	4	3.2116e-01	1.2314e-01	0.274011	2
PCGF5	4	3.2122e-01	1.2314e-01	0.274011	2
TFG	4	3.2128e-01	1.2314e-01	0.274011	2
C1orf234	4	3.2140e-01	1.2314e-01	0.274011	2
ADGRL2	4	3.2154e-01	1.2314e-01	0.274011	2
IKZF5	4	3.2166e-01	1.2460e-01	0.277216	2
RARG	4	3.2174e-01	1.2536e-01	0.277216	2
HIATL1	4	3.2197e-01	1.2536e-01	0.277216	2
TAF9B	4	3.2201e-01	1.2536e-01	0.277216	2
FGG	4	3.2211e-01	1.2536e-01	0.277216	2
DST	4	3.2222e-01	1.2536e-01	0.277216	2
IRS4	4	3.2222e-01	1.2536e-01	0.277216	2
NEUROD6	4	3.2231e-01	1.2536e-01	0.277216	2
MON1B	4	3.2244e-01	1.2536e-01	0.277216	2
ASB14	4	3.2248e-01	1.2536e-01	0.277216	1
DGKK	4	3.2253e-01	1.2536e-01	0.277216	2
PHLDB1	4	3.2259e-01	1.2536e-01	0.277216	2
FMNL1	4	3.2271e-01	1.2536e-01	0.277216	2
ASGR2	4	3.2276e-01	1.2536e-01	0.277216	2
COL6A6	4	3.2276e-01	1.2536e-01	0.277216	2
RNF10	4	3.2277e-01	1.2536e-01	0.277216	2
C11orf97	4	3.2285e-01	1.2536e-01	0.277216	2
HERC4	4	3.2292e-01	1.2536e-01	0.277216	2
HLX	4	3.2292e-01	1.2536e-01	0.277216	2
ILDR2	4	3.2298e-01	1.2536e-01	0.277216	1
TAS2R39	4	3.2309e-01	1.2536e-01	0.277216	2
OCA2	4	3.2313e-01	1.2536e-01	0.277216	2
FECH	4	3.2313e-01	1.2536e-01	0.277216	2
SH2B1	4	3.2323e-01	1.2536e-01	0.277216	2
ARHGAP10	4	3.2332e-01	1.2536e-01	0.277216	2
RNASE8	4	3.2334e-01	1.2536e-01	0.277216	2
GABRA6	4	3.2337e-01	1.2536e-01	0.277216	2
ZFP36	4	3.2340e-01	1.2536e-01	0.277216	2
SLC8A3	4	3.2348e-01	1.2536e-01	0.277216	1
SERPINE2	4	3.2355e-01	1.2536e-01	0.277216	2
REG4	4	3.2359e-01	1.2536e-01	0.277216	2
SETD6	4	3.2393e-01	1.2536e-01	0.277216	2
ZFY	4	3.2397e-01	1.2536e-01	0.277216	2
GTF2A1L	4	3.2404e-01	1.2536e-01	0.277216	2
MAP3K12	3	3.2411e-01	1.4979e-01	0.311058	2
OR6A2	4	3.2413e-01	1.2536e-01	0.277216	1
ENTPD6	4	3.2416e-01	1.2536e-01	0.277216	2
PRKCG	4	3.2421e-01	1.2536e-01	0.277216	2
C1orf110	4	3.2425e-01	1.2536e-01	0.277216	2
KRTAP12-2	4	3.2429e-01	1.2536e-01	0.277216	2
ARRDC2	4	3.2433e-01	1.2536e-01	0.277216	2
MESP2	4	3.2437e-01	1.2536e-01	0.277216	2
MAGED4	4	3.2446e-01	1.2536e-01	0.277216	2
FKBP2	4	3.2454e-01	1.2536e-01	0.277216	2
TIPRL	4	3.2471e-01	1.2536e-01	0.277216	2
EFHB	4	3.2485e-01	1.2536e-01	0.277216	2
ACBD7	4	3.2494e-01	1.2536e-01	0.277216	1
TBC1D24	4	3.2510e-01	1.2536e-01	0.277216	1
HOXC11	4	3.2525e-01	1.2536e-01	0.277216	1
CH17-360D5.1	4	3.2537e-01	1.2536e-01	0.277216	1
DPPA2	4	3.2539e-01	1.2536e-01	0.277216	2
SLC2A6	4	3.2545e-01	1.2536e-01	0.277216	2
ZCCHC2	4	3.2552e-01	1.2536e-01	0.277216	1
GAGE1	4	3.2564e-01	1.2536e-01	0.277216	2
DNAJB5	4	3.2573e-01	1.2536e-01	0.277216	2
ME1	4	3.2583e-01	1.2610e-01	0.278106	2
TMEM139	4	3.2587e-01	1.2610e-01	0.278106	2
BRD7	4	3.2591e-01	1.2610e-01	0.278106	2
PCCB	4	3.2595e-01	1.2610e-01	0.278106	2
CBS	4	3.2616e-01	1.2610e-01	0.278106	2
ME2	4	3.2621e-01	1.2610e-01	0.278106	2
CIITA	4	3.2660e-01	1.2610e-01	0.278106	1
VEZF1	4	3.2665e-01	1.2610e-01	0.278106	2
VTA1	4	3.2679e-01	1.2610e-01	0.278106	2
SERPINB12	4	3.2686e-01	1.2610e-01	0.278106	2
MYDGF	4	3.2687e-01	1.2610e-01	0.278106	1
CHPF	4	3.2714e-01	1.2610e-01	0.278106	2
TDP2	4	3.2714e-01	1.2610e-01	0.278106	2
NANOS2	4	3.2727e-01	1.2610e-01	0.278106	2
SUV39H1	4	3.2733e-01	1.2610e-01	0.278106	2
CCDC61	4	3.2756e-01	1.2610e-01	0.278106	2
PBOV1	4	3.2758e-01	1.2610e-01	0.278106	2
REG1B	4	3.2797e-01	1.2610e-01	0.278106	2
TMPRSS11D	4	3.2804e-01	1.2610e-01	0.278106	2
SEZ6L	4	3.2806e-01	1.2610e-01	0.278106	2
CBFA2T2	4	3.2808e-01	1.2610e-01	0.278106	2
NDUFB10	4	3.2817e-01	1.2610e-01	0.278106	2
NDUFA5	4	3.2824e-01	1.2610e-01	0.278106	2
STMN3	4	3.2833e-01	1.2688e-01	0.279305	1
KIAA0513	4	3.2848e-01	1.2688e-01	0.279305	1
SYCP2L	4	3.2856e-01	1.2688e-01	0.279305	2
PACSIN2	4	3.2856e-01	1.2688e-01	0.279305	2
RND2	4	3.2858e-01	1.2688e-01	0.279305	2
HIST1H2BD	4	3.2861e-01	1.2688e-01	0.279305	2
SMAP2	4	3.2863e-01	1.2688e-01	0.279305	1
KRTAP9-7	4	3.2863e-01	1.2688e-01	0.279305	2
IL17C	4	3.2881e-01	1.2688e-01	0.279305	2
ETV3	4	3.2885e-01	1.2688e-01	0.279305	2
TMEM52	4	3.2886e-01	1.2688e-01	0.279305	2
MSH6	4	3.2894e-01	1.2763e-01	0.279305	2
FAM47E	4	3.2896e-01	1.2763e-01	0.279305	2
CBR3	4	3.2899e-01	1.2763e-01	0.279305	2
EPC1	4	3.2904e-01	1.2763e-01	0.279305	2
ERLEC1	4	3.2908e-01	1.2763e-01	0.279305	2
QPCT	4	3.2912e-01	1.2763e-01	0.279305	2
LTK	4	3.2912e-01	1.2763e-01	0.279305	2
OR2H2	4	3.2919e-01	1.2763e-01	0.279305	2
FAM162A	4	3.2921e-01	1.2763e-01	0.279305	2
PCP2	4	3.2925e-01	1.2763e-01	0.279305	1
GJD3	4	3.2929e-01	1.2763e-01	0.279305	1
SLC25A1	4	3.2938e-01	1.2763e-01	0.279305	1
HPGD	4	3.2940e-01	1.2763e-01	0.279305	2
DNPEP	4	3.2944e-01	1.2763e-01	0.279305	2
HSD3B2	4	3.2946e-01	1.2763e-01	0.279305	2
FERD3L	4	3.2949e-01	1.2763e-01	0.279305	2
NKIRAS1	4	3.2959e-01	1.2763e-01	0.279305	2
ZNF26	4	3.2962e-01	1.2763e-01	0.279305	2
TXNRD3	4	3.2980e-01	1.2763e-01	0.279305	2
FGFR2	4	3.2985e-01	1.2763e-01	0.279305	2
C17orf85	4	3.2988e-01	1.2763e-01	0.279305	2
LAMP1	4	3.2992e-01	1.2763e-01	0.279305	2
CDKN2C	4	3.3013e-01	1.2763e-01	0.279305	2
ZBTB4	4	3.3023e-01	1.2763e-01	0.279305	2
BTF3L4	4	3.3028e-01	1.2763e-01	0.279305	2
CLCN4	4	3.3030e-01	1.2763e-01	0.279305	2
MRGPRE	4	3.3035e-01	1.2763e-01	0.279305	2
LPPR1	4	3.3046e-01	1.2763e-01	0.279305	2
C15orf57	4	3.3053e-01	1.2763e-01	0.279305	2
PNP	4	3.3059e-01	1.2763e-01	0.279305	2
ADAM12	4	3.3068e-01	1.2763e-01	0.279305	1
FBXL7	4	3.3068e-01	1.2763e-01	0.279305	1
PRICKLE2	4	3.3074e-01	1.2763e-01	0.279305	1
NUCB2	4	3.3078e-01	1.2763e-01	0.279305	2
CYTH1	4	3.3089e-01	1.2763e-01	0.279305	1
ADGRG3	4	3.3091e-01	1.2763e-01	0.279305	2
ATP10A	4	3.3107e-01	1.2763e-01	0.279305	2
IQCF3	4	3.3109e-01	1.2763e-01	0.279305	2
DPPA3	4	3.3116e-01	1.2763e-01	0.279305	2
FBXO34	4	3.3121e-01	1.2763e-01	0.279305	2
TAS2R19	4	3.3123e-01	1.2763e-01	0.279305	2
OR2B2	4	3.3128e-01	1.2763e-01	0.279305	2
SLC4A5	4	3.3137e-01	1.2763e-01	0.279305	2
MTERF1	4	3.3139e-01	1.2763e-01	0.279305	1
THOP1	4	3.3151e-01	1.2763e-01	0.279305	1
FCAR	4	3.3154e-01	1.2763e-01	0.279305	1
PLCZ1	4	3.3157e-01	1.2763e-01	0.279305	2
NONO	4	3.3158e-01	1.2763e-01	0.279305	1
SIK3	4	3.3164e-01	1.2763e-01	0.279305	2
OR10H2	4	3.3166e-01	1.2763e-01	0.279305	2
SCGB1D2	4	3.3178e-01	1.2763e-01	0.279305	2
SULT1B1	4	3.3193e-01	1.2763e-01	0.279305	1
ZIC4	4	3.3197e-01	1.2763e-01	0.279305	2
ARNT2	4	3.3198e-01	1.2763e-01	0.279305	2
CLEC2A	4	3.3200e-01	1.2763e-01	0.279305	2
LOC100129520	4	3.3208e-01	1.2763e-01	0.279305	1
FOLH1	4	3.3219e-01	1.2763e-01	0.279305	2
TGFBRAP1	4	3.3277e-01	1.2838e-01	0.280580	2
OR2T6	4	3.3284e-01	1.2838e-01	0.280580	2
ALDH2	4	3.3288e-01	1.2838e-01	0.280580	1
OR52N4	4	3.3294e-01	1.2838e-01	0.280580	1
PDZD4	4	3.3315e-01	1.2838e-01	0.280580	1
TEX101	4	3.3323e-01	1.2838e-01	0.280580	1
RIBC1	4	3.3325e-01	1.2838e-01	0.280580	2
MYOD1	4	3.3345e-01	1.2838e-01	0.280580	2
CLN3	4	3.3349e-01	1.2838e-01	0.280580	2
STARD6	4	3.3353e-01	1.2838e-01	0.280580	2
NKG7	4	3.3355e-01	1.2838e-01	0.280580	2
NPIPA7	4	3.3374e-01	1.2919e-01	0.281654	2
LNPEP	4	3.3374e-01	1.2919e-01	0.281654	2
C20orf196	4	3.3387e-01	1.2919e-01	0.281654	2
PHKG2	4	3.3391e-01	1.2919e-01	0.281654	2
FAM170A	4	3.3400e-01	1.2919e-01	0.281654	2
PFDN4	4	3.3418e-01	1.2919e-01	0.281654	1
DACT3	4	3.3434e-01	1.2919e-01	0.281654	2
ZNF185	4	3.3443e-01	1.2919e-01	0.281654	2
KRTAP20-2	4	3.3443e-01	1.2919e-01	0.281654	1
TMEM69	4	3.3452e-01	1.2919e-01	0.281654	2
MAPKAPK3	4	3.3456e-01	1.2919e-01	0.281654	2
CT83	4	3.3462e-01	1.2919e-01	0.281654	1
KLHL32	4	3.3472e-01	1.2919e-01	0.281654	2
TNNC1	4	3.3479e-01	1.2919e-01	0.281654	2
DEFB123	4	3.3496e-01	1.2919e-01	0.281654	2
ITGA2	4	3.3500e-01	1.2919e-01	0.281654	2
PPFIBP1	4	3.3500e-01	1.2919e-01	0.281654	2
LOC400863	4	3.3502e-01	1.2919e-01	0.281654	2
ABCC12	4	3.3507e-01	1.2919e-01	0.281654	2
PHACTR2	4	3.3513e-01	1.2919e-01	0.281654	1
RRP1B	4	3.3523e-01	1.2919e-01	0.281654	2
TMPRSS9	4	3.3525e-01	1.2919e-01	0.281654	1
CEP128	4	3.3555e-01	1.2999e-01	0.283303	2
BPNT1	4	3.3555e-01	1.2999e-01	0.283303	1
CLPSL1	4	3.3565e-01	1.2999e-01	0.283303	2
FAM46A	4	3.3593e-01	1.3078e-01	0.284792	2
SS18L1	4	3.3631e-01	1.3078e-01	0.284792	1
BTN3A3	4	3.3632e-01	1.3078e-01	0.284792	2
VSX1	4	3.3638e-01	1.3078e-01	0.284792	2
CFAP44	4	3.3643e-01	1.3078e-01	0.284792	2
RNH1	4	3.3651e-01	1.3078e-01	0.284792	2
CNTRL	4	3.3654e-01	1.3078e-01	0.284792	1
ZNF256	4	3.3659e-01	1.3161e-01	0.286165	2
NOTUM	4	3.3664e-01	1.3161e-01	0.286165	2
PKD2	4	3.3665e-01	1.3161e-01	0.286165	2
RCOR3	4	3.3668e-01	1.3161e-01	0.286165	2
ZBED5	4	3.3689e-01	1.3161e-01	0.286165	2
MTSS1	4	3.3691e-01	1.3161e-01	0.286165	2
BEND2	4	3.3692e-01	1.3161e-01	0.286165	2
FOXN3	4	3.3700e-01	1.3161e-01	0.286165	2
LOXL3	4	3.3709e-01	1.3161e-01	0.286165	2
TAS2R10	4	3.3732e-01	1.3161e-01	0.286165	2
ODF3B	4	3.3738e-01	1.3161e-01	0.286165	2
ITM2A	4	3.3739e-01	1.3161e-01	0.286165	2
LRFN4	4	3.3757e-01	1.3242e-01	0.287828	2
SDR16C5	4	3.3760e-01	1.3242e-01	0.287828	1
PRB1	4	3.3776e-01	1.3242e-01	0.287828	1
HIST1H4D	4	3.3782e-01	1.3327e-01	0.287828	2
LCOR	4	3.3787e-01	1.3327e-01	0.287828	2
DNAAF1	4	3.3793e-01	1.3327e-01	0.287828	2
CRP	4	3.3832e-01	1.3405e-01	0.287828	2
S100A8	4	3.3834e-01	1.3405e-01	0.287828	1
PAGE5	4	3.3840e-01	1.3405e-01	0.287828	1
CA5B	4	3.3844e-01	1.3405e-01	0.287828	2
COX8C	4	3.3851e-01	1.3405e-01	0.287828	2
FAM43B	4	3.3859e-01	1.3405e-01	0.287828	2
GBE1	4	3.3868e-01	1.3405e-01	0.287828	2
TNFSF10	4	3.3872e-01	1.3405e-01	0.287828	2
PUS7	4	3.3875e-01	1.3405e-01	0.287828	2
SPIN4	4	3.3880e-01	1.3405e-01	0.287828	1
ZNF506	4	3.3893e-01	1.3405e-01	0.287828	2
MDK	4	3.3896e-01	1.3405e-01	0.287828	2
ZNF547	4	3.3900e-01	1.3405e-01	0.287828	2
PAPL	4	3.3905e-01	1.3405e-01	0.287828	1
DEFB106A	4	3.3910e-01	1.3405e-01	0.287828	2
OR4N2	4	3.3912e-01	1.3405e-01	0.287828	2
TEDDM1	4	3.3917e-01	1.3405e-01	0.287828	2
TMEM132C	4	3.3939e-01	1.3405e-01	0.287828	2
MS4A3	4	3.3941e-01	1.3405e-01	0.287828	2
SOS2	4	3.3946e-01	1.3405e-01	0.287828	1
C10orf32	4	3.3956e-01	1.3487e-01	0.287828	1
CRMP1	4	3.3984e-01	1.3487e-01	0.287828	2
KIAA0355	4	3.3988e-01	1.3487e-01	0.287828	1
APOA4	4	3.3995e-01	1.3487e-01	0.287828	2
KIAA1958	4	3.3998e-01	1.3487e-01	0.287828	2
CCPG1	4	3.4005e-01	1.3487e-01	0.287828	2
C15orf43	4	3.4009e-01	1.3487e-01	0.287828	2
MPP7	4	3.4009e-01	1.3487e-01	0.287828	2
CCL17	4	3.4016e-01	1.3487e-01	0.287828	2
RFTN2	4	3.4030e-01	1.3487e-01	0.287828	2
P4HA1	4	3.4030e-01	1.3487e-01	0.287828	2
OR10K2	4	3.4032e-01	1.3487e-01	0.287828	2
HLF	4	3.4041e-01	1.3487e-01	0.287828	2
ARHGEF5	4	3.4046e-01	1.3487e-01	0.287828	2
METTL23	4	3.4048e-01	1.3487e-01	0.287828	2
LOC645382	4	3.4053e-01	1.3487e-01	0.287828	2
NDUFA6	4	3.4071e-01	1.3487e-01	0.287828	2
BCKDHA	4	3.4078e-01	1.3487e-01	0.287828	2
ANKRD54	4	3.4079e-01	1.3487e-01	0.287828	1
ZC3H14	4	3.4083e-01	1.3487e-01	0.287828	2
ANKLE1	4	3.4096e-01	1.3487e-01	0.287828	2
PTH2R	4	3.4104e-01	1.3487e-01	0.287828	2
TMEM196	4	3.4114e-01	1.3487e-01	0.287828	2
KCNMA1	3	3.4127e-01	1.6495e-01	0.334820	1
ESPNL	4	3.4153e-01	1.3487e-01	0.287828	2
CTPS1	4	3.4160e-01	1.3487e-01	0.287828	2
ARGFX	4	3.4164e-01	1.3487e-01	0.287828	2
LTBP2	4	3.4166e-01	1.3487e-01	0.287828	2
PDCL2	4	3.4188e-01	1.3487e-01	0.287828	1
LIN7A	4	3.4214e-01	1.3487e-01	0.287828	2
SPINK6	4	3.4215e-01	1.3487e-01	0.287828	2
KRT1	4	3.4217e-01	1.3487e-01	0.287828	2
URGCP	4	3.4228e-01	1.3487e-01	0.287828	1
VDAC2	4	3.4232e-01	1.3487e-01	0.287828	2
RGPD2	4	3.4253e-01	1.3487e-01	0.287828	2
TMED7	4	3.4258e-01	1.3487e-01	0.287828	2
METTL25	4	3.4265e-01	1.3487e-01	0.287828	2
MRVI1	4	3.4285e-01	1.3487e-01	0.287828	2
SPIB	4	3.4292e-01	1.3487e-01	0.287828	2
CTNNB1	4	3.4296e-01	1.3487e-01	0.287828	1
HIST1H2BG	4	3.4303e-01	1.3487e-01	0.287828	2
FN1	4	3.4305e-01	1.3487e-01	0.287828	2
MPZ	4	3.4309e-01	1.3487e-01	0.287828	1
CNIH4	4	3.4313e-01	1.3487e-01	0.287828	2
EVI5L	4	3.4314e-01	1.3487e-01	0.287828	2
ARPC5	4	3.4317e-01	1.3487e-01	0.287828	2
VAV3	4	3.4321e-01	1.3487e-01	0.287828	2
ZNF860	4	3.4330e-01	1.3487e-01	0.287828	2
PREP	4	3.4336e-01	1.3487e-01	0.287828	2
CD163	4	3.4339e-01	1.3487e-01	0.287828	2
CLEC1A	4	3.4358e-01	1.3487e-01	0.287828	2
ACSF2	4	3.4366e-01	1.3487e-01	0.287828	1
TSTD1	4	3.4370e-01	1.3487e-01	0.287828	2
LYPD8	4	3.4376e-01	1.3487e-01	0.287828	2
VCL	4	3.4377e-01	1.3487e-01	0.287828	2
ENPP2	4	3.4383e-01	1.3487e-01	0.287828	2
SLC25A32	4	3.4387e-01	1.3487e-01	0.287828	1
TMEM179	4	3.4396e-01	1.3487e-01	0.287828	2
MTUS2	4	3.4404e-01	1.3487e-01	0.287828	2
RLTPR	4	3.4419e-01	1.3568e-01	0.287828	2
TMEM109	4	3.4423e-01	1.3568e-01	0.287828	2
OR5J2	4	3.4423e-01	1.3568e-01	0.287828	2
CDY2A	4	3.4437e-01	1.3568e-01	0.287828	1
OR4K15	4	3.4445e-01	1.3568e-01	0.287828	2
SPSB4	4	3.4453e-01	1.3568e-01	0.287828	2
TMEM225	4	3.4454e-01	1.3568e-01	0.287828	2
NELFE	4	3.4462e-01	1.3568e-01	0.287828	2
SERPINA5	4	3.4479e-01	1.3568e-01	0.287828	2
PNMA3	4	3.4501e-01	1.3568e-01	0.287828	2
GRM6	4	3.4508e-01	1.3568e-01	0.287828	2
RAMP3	4	3.4509e-01	1.3568e-01	0.287828	1
LOC100129216	4	3.4515e-01	1.3568e-01	0.287828	1
GRIK3	4	3.4522e-01	1.3568e-01	0.287828	2
ANGPT1	4	3.4531e-01	1.3568e-01	0.287828	2
MTMR10	4	3.4543e-01	1.3568e-01	0.287828	1
CYTIP	4	3.4550e-01	1.3568e-01	0.287828	2
M6PR	4	3.4550e-01	1.3568e-01	0.287828	2
SEC14L1	4	3.4554e-01	1.3568e-01	0.287828	2
BCL2L10	4	3.4563e-01	1.3568e-01	0.287828	2
PAEP	4	3.4564e-01	1.3568e-01	0.287828	1
PRELID2	4	3.4570e-01	1.3568e-01	0.287828	2
NFYC	4	3.4584e-01	1.3568e-01	0.287828	2
GRM1	4	3.4588e-01	1.3568e-01	0.287828	1
CCL8	4	3.4592e-01	1.3568e-01	0.287828	2
HIST1H2BO	4	3.4613e-01	1.3568e-01	0.287828	2
WNT2	4	3.4617e-01	1.3568e-01	0.287828	2
GZMA	4	3.4622e-01	1.3568e-01	0.287828	2
SEPTIN1	4	3.4629e-01	1.3568e-01	0.287828	2
NXPE2	4	3.4633e-01	1.3568e-01	0.287828	1
LYPD6B	4	3.4643e-01	1.3568e-01	0.287828	2
RND1	4	3.4646e-01	1.3568e-01	0.287828	1
PRSS36	4	3.4676e-01	1.3568e-01	0.287828	1
TYMP	4	3.4676e-01	1.3568e-01	0.287828	2
MAPK1	4	3.4684e-01	1.3568e-01	0.287828	2
ZNF585A	4	3.4684e-01	1.3568e-01	0.287828	2
TEKT3	4	3.4689e-01	1.3568e-01	0.287828	2
BEST1	4	3.4693e-01	1.3568e-01	0.287828	2
COQ5	4	3.4696e-01	1.3568e-01	0.287828	2
OR8H3	4	3.4720e-01	1.3568e-01	0.287828	2
C6orf201	4	3.4723e-01	1.3568e-01	0.287828	1
ULBP3	4	3.4729e-01	1.3568e-01	0.287828	2
FOLR3	4	3.4735e-01	1.3568e-01	0.287828	1
IRX5	4	3.4739e-01	1.3568e-01	0.287828	2
TMCO5A	4	3.4742e-01	1.3568e-01	0.287828	2
R3HDM2	4	3.4750e-01	1.3568e-01	0.287828	2
CSNK1A1	4	3.4767e-01	1.3568e-01	0.287828	2
TACO1	4	3.4770e-01	1.3568e-01	0.287828	2
FGD2	4	3.4772e-01	1.3568e-01	0.287828	2
BEX1	4	3.4785e-01	1.3568e-01	0.287828	1
SEC31A	4	3.4787e-01	1.3568e-01	0.287828	2
TSPO2	4	3.4800e-01	1.3568e-01	0.287828	2
PDHX	4	3.4840e-01	1.3568e-01	0.287828	2
CTSZ	4	3.4843e-01	1.3568e-01	0.287828	2
C16orf78	4	3.4844e-01	1.3568e-01	0.287828	1
SYCE1L	4	3.4852e-01	1.3568e-01	0.287828	2
ABHD13	4	3.4855e-01	1.3568e-01	0.287828	2
NRROS	4	3.4875e-01	1.3568e-01	0.287828	2
REPS1	4	3.4892e-01	1.3568e-01	0.287828	2
ACPP	4	3.4904e-01	1.3568e-01	0.287828	1
PTGS2	4	3.4907e-01	1.3568e-01	0.287828	2
CREBL2	4	3.4914e-01	1.3568e-01	0.287828	2
TBL1Y	4	3.4916e-01	1.3568e-01	0.287828	2
NRBP2	4	3.4928e-01	1.3568e-01	0.287828	2
PAWR	4	3.4939e-01	1.3568e-01	0.287828	2
YTHDF3	4	3.4945e-01	1.3568e-01	0.287828	1
IGF2BP2	4	3.4948e-01	1.3568e-01	0.287828	2
ELMOD3	4	3.4948e-01	1.3568e-01	0.287828	1
OR5P2	4	3.4952e-01	1.3568e-01	0.287828	1
KDM4B	4	3.4955e-01	1.3568e-01	0.287828	2
EDN1	4	3.4957e-01	1.3568e-01	0.287828	2
NHLH1	4	3.4960e-01	1.3568e-01	0.287828	2
CTSK	4	3.4963e-01	1.3568e-01	0.287828	1
FUZ	4	3.4964e-01	1.3568e-01	0.287828	2
C22orf42	4	3.4978e-01	1.3568e-01	0.287828	2
TRIM45	4	3.4987e-01	1.3568e-01	0.287828	2
SPTBN4	4	3.4990e-01	1.3568e-01	0.287828	2
RTKN	4	3.4994e-01	1.3568e-01	0.287828	2
OR51T1	4	3.4996e-01	1.3568e-01	0.287828	2
BEAN1	4	3.4998e-01	1.3568e-01	0.287828	2
FAM179B	4	3.5004e-01	1.3568e-01	0.287828	2
STX7	4	3.5005e-01	1.3568e-01	0.287828	2
ZNF385D	4	3.5008e-01	1.3568e-01	0.287828	2
KIAA0895L	4	3.5009e-01	1.3568e-01	0.287828	2
ALKBH4	4	3.5021e-01	1.3568e-01	0.287828	2
VAMP1	4	3.5031e-01	1.3568e-01	0.287828	2
CCDC74B	4	3.5035e-01	1.3568e-01	0.287828	1
CNIH3	4	3.5039e-01	1.3568e-01	0.287828	2
DAPL1	4	3.5046e-01	1.3568e-01	0.287828	2
IGSF23	4	3.5066e-01	1.3568e-01	0.287828	2
TMEM169	4	3.5070e-01	1.3568e-01	0.287828	2
NBPF8	4	3.5081e-01	1.3568e-01	0.287828	2
KALRN	4	3.5083e-01	1.3568e-01	0.287828	2
PLEKHA3	4	3.5087e-01	1.3568e-01	0.287828	1
HLCS	4	3.5094e-01	1.3568e-01	0.287828	1
ANXA13	4	3.5099e-01	1.3568e-01	0.287828	2
AMPD3	4	3.5106e-01	1.3568e-01	0.287828	2
MUM1	4	3.5115e-01	1.3568e-01	0.287828	1
SCAMP2	4	3.5119e-01	1.3568e-01	0.287828	2
PROKR2	4	3.5136e-01	1.3568e-01	0.287828	2
NFKB1	4	3.5140e-01	1.3568e-01	0.287828	2
NEIL1	4	3.5147e-01	1.3568e-01	0.287828	2
WISP2	4	3.5154e-01	1.3568e-01	0.287828	2
ZDHHC5	4	3.5169e-01	1.3568e-01	0.287828	1
KCNK7	4	3.5184e-01	1.3568e-01	0.287828	2
RAP1A	4	3.5188e-01	1.3568e-01	0.287828	2
GDPD2	4	3.5199e-01	1.3568e-01	0.287828	1
CCDC13	4	3.5203e-01	1.3568e-01	0.287828	2
LOC100130880	4	3.5208e-01	1.3568e-01	0.287828	2
PCP4	4	3.5216e-01	1.3568e-01	0.287828	1
ZNF277	4	3.5220e-01	1.3568e-01	0.287828	2
CADM1	4	3.5227e-01	1.3568e-01	0.287828	2
H2AFB2	4	3.5233e-01	1.3568e-01	0.287828	2
RAET1L	4	3.5236e-01	1.3568e-01	0.287828	2
FMOD	4	3.5236e-01	1.3568e-01	0.287828	2
PXMP2	4	3.5238e-01	1.3568e-01	0.287828	2
MPV17	4	3.5259e-01	1.3568e-01	0.287828	2
MCTP1	4	3.5263e-01	1.3568e-01	0.287828	2
PDCD10	4	3.5266e-01	1.3568e-01	0.287828	2
BOLA3	3	3.5267e-01	1.7320e-01	0.346562	2
LOC102724279	4	3.5272e-01	1.3568e-01	0.287828	2
CCDC91	4	3.5276e-01	1.3568e-01	0.287828	1
MED14OS	4	3.5276e-01	1.3568e-01	0.287828	1
GUCY2C	4	3.5291e-01	1.3568e-01	0.287828	2
DHRS4	4	3.5293e-01	1.3568e-01	0.287828	2
PPFIA4	4	3.5300e-01	1.3568e-01	0.287828	2
DLK1	4	3.5315e-01	1.3568e-01	0.287828	1
ZNF805	4	3.5325e-01	1.3568e-01	0.287828	2
FAM134C	4	3.5326e-01	1.3568e-01	0.287828	2
IL4R	4	3.5327e-01	1.3568e-01	0.287828	2
MPZL1	4	3.5329e-01	1.3568e-01	0.287828	2
THRAP3	4	3.5330e-01	1.3568e-01	0.287828	1
LYG2	4	3.5334e-01	1.3568e-01	0.287828	2
SEC14L4	4	3.5339e-01	1.3568e-01	0.287828	2
EDDM3A	4	3.5345e-01	1.3568e-01	0.287828	2
CD53	4	3.5348e-01	1.3568e-01	0.287828	1
NEK1	4	3.5364e-01	1.3568e-01	0.287828	2
FAM184B	4	3.5388e-01	1.3651e-01	0.288207	2
PRIMPOL	4	3.5391e-01	1.3651e-01	0.288207	2
CHMP4A	4	3.5392e-01	1.3651e-01	0.288207	2
BRAF	4	3.5397e-01	1.3651e-01	0.288207	2
HSPA4L	4	3.5397e-01	1.3651e-01	0.288207	2
GLT1D1	4	3.5397e-01	1.3651e-01	0.288207	1
GCH1	4	3.5402e-01	1.3651e-01	0.288207	2
OTUB1	4	3.5418e-01	1.3651e-01	0.288207	2
TOPORS	4	3.5427e-01	1.3651e-01	0.288207	1
PRKCD	4	3.5430e-01	1.3651e-01	0.288207	2
ZNF592	4	3.5434e-01	1.3651e-01	0.288207	2
MPO	4	3.5455e-01	1.3651e-01	0.288207	2
MCF2L2	4	3.5456e-01	1.3651e-01	0.288207	1
MPV17L	4	3.5460e-01	1.3651e-01	0.288207	2
FEM1B	4	3.5473e-01	1.3651e-01	0.288207	2
BEST3	4	3.5480e-01	1.3651e-01	0.288207	2
MIOX	4	3.5497e-01	1.3651e-01	0.288207	1
SORD	4	3.5502e-01	1.3651e-01	0.288207	2
ABCC11	4	3.5505e-01	1.3651e-01	0.288207	2
PRR12	4	3.5508e-01	1.3651e-01	0.288207	2
HGFAC	4	3.5531e-01	1.3651e-01	0.288207	2
FIGLA	4	3.5534e-01	1.3651e-01	0.288207	2
EIF4EBP2	4	3.5535e-01	1.3651e-01	0.288207	1
CEACAM1	4	3.5540e-01	1.3651e-01	0.288207	2
HES1	4	3.5542e-01	1.3651e-01	0.288207	2
ESCO1	4	3.5549e-01	1.3651e-01	0.288207	2
ORM1	4	3.5553e-01	1.3651e-01	0.288207	2
KIF5B	4	3.5583e-01	1.3651e-01	0.288207	2
CORO1C	4	3.5590e-01	1.3651e-01	0.288207	1
MLXIP	4	3.5591e-01	1.3651e-01	0.288207	2
OR56A3	4	3.5602e-01	1.3651e-01	0.288207	1
LANCL1	4	3.5605e-01	1.3651e-01	0.288207	2
ISM1	4	3.5616e-01	1.3651e-01	0.288207	1
ZNF710	4	3.5640e-01	1.3651e-01	0.288207	2
ZNF845	4	3.5643e-01	1.3651e-01	0.288207	2
HES7	4	3.5650e-01	1.3651e-01	0.288207	1
SNRPN	4	3.5652e-01	1.3651e-01	0.288207	2
ZMIZ2	4	3.5654e-01	1.3651e-01	0.288207	2
MAPK8	4	3.5657e-01	1.3651e-01	0.288207	2
NTF3	4	3.5668e-01	1.3651e-01	0.288207	2
ACADM	4	3.5674e-01	1.3651e-01	0.288207	2
ZNF423	4	3.5683e-01	1.3651e-01	0.288207	1
FAM200A	4	3.5684e-01	1.3651e-01	0.288207	2
TEX261	4	3.5689e-01	1.3736e-01	0.289846	1
B3GALTL	4	3.5695e-01	1.3736e-01	0.289846	2
C21orf62	4	3.5732e-01	1.3736e-01	0.289846	2
CPQ	4	3.5732e-01	1.3736e-01	0.289846	1
YJEFN3	4	3.5754e-01	1.3736e-01	0.289846	2
SLC18A1	4	3.5780e-01	1.3820e-01	0.291198	1
SLC26A4	4	3.5782e-01	1.3820e-01	0.291198	2
DEFA1B	4	3.5798e-01	1.3820e-01	0.291198	1
EIF5A2	4	3.5809e-01	1.3820e-01	0.291198	2
ARHGAP12	4	3.5815e-01	1.3820e-01	0.291198	1
ZCCHC13	4	3.5815e-01	1.3820e-01	0.291198	1
PCDHB9	4	3.5821e-01	1.3820e-01	0.291198	2
ZNF658	4	3.5823e-01	1.3820e-01	0.291198	2
APOA5	4	3.5823e-01	1.3820e-01	0.291198	2
P2RY13	4	3.5828e-01	1.3820e-01	0.291198	2
SLC6A17	4	3.5832e-01	1.3820e-01	0.291198	2
PODNL1	4	3.5834e-01	1.3820e-01	0.291198	2
FOXRED2	4	3.5850e-01	1.3820e-01	0.291198	1
DESI1	4	3.5857e-01	1.4067e-01	0.295640	2
ZNF106	4	3.5860e-01	1.4067e-01	0.295640	2
SLC22A12	4	3.5863e-01	1.4067e-01	0.295640	1
TLDC2	4	3.5864e-01	1.4067e-01	0.295640	2
SLC43A2	4	3.5873e-01	1.4067e-01	0.295640	2
MTMR11	4	3.5882e-01	1.4067e-01	0.295640	2
DIRAS3	4	3.5894e-01	1.4067e-01	0.295640	2
ZSWIM4	4	3.5901e-01	1.4067e-01	0.295640	2
MTCP1	4	3.5902e-01	1.4067e-01	0.295640	1
SFTPD	4	3.5905e-01	1.4067e-01	0.295640	2
ASPHD1	4	3.5919e-01	1.4067e-01	0.295640	2
ERG	4	3.5921e-01	1.4067e-01	0.295640	2
LEO1	4	3.5944e-01	1.4067e-01	0.295640	2
GALNT2	4	3.5945e-01	1.4067e-01	0.295640	1
LGALS13	4	3.5949e-01	1.4067e-01	0.295640	2
RNF133	4	3.5967e-01	1.4067e-01	0.295640	2
CERS3	4	3.5993e-01	1.4067e-01	0.295640	2
TSPAN16	4	3.5993e-01	1.4067e-01	0.295640	2
UGT2B28	4	3.6000e-01	1.4067e-01	0.295640	1
NSUN3	4	3.6005e-01	1.4067e-01	0.295640	2
NTS	4	3.6024e-01	1.4067e-01	0.295640	1
C11orf65	4	3.6028e-01	1.4067e-01	0.295640	1
EFR3B	4	3.6030e-01	1.4067e-01	0.295640	2
NDUFV1	4	3.6038e-01	1.4310e-01	0.300337	2
KIAA1257	4	3.6040e-01	1.4310e-01	0.300337	2
PRSS50	4	3.6058e-01	1.4310e-01	0.300337	2
SLC25A33	4	3.6061e-01	1.4310e-01	0.300337	2
AIM2	4	3.6063e-01	1.4310e-01	0.300337	2
RAB3IP	4	3.6069e-01	1.4310e-01	0.300337	2
OR8B3	4	3.6095e-01	1.4311e-01	0.300337	2
SLC45A4	4	3.6117e-01	1.4311e-01	0.300337	1
OR2T5	4	3.6118e-01	1.4311e-01	0.300337	2
SEC22A	4	3.6124e-01	1.4311e-01	0.300337	1
SLC4A8	4	3.6131e-01	1.4311e-01	0.300337	2
KCTD1	4	3.6134e-01	1.4311e-01	0.300337	2
WBSCR17	4	3.6135e-01	1.4311e-01	0.300337	2
NR5A1	4	3.6155e-01	1.4393e-01	0.301614	2
PRSS22	4	3.6158e-01	1.4393e-01	0.301614	2
PPP2R2D	4	3.6169e-01	1.4393e-01	0.301614	2
FAM126A	4	3.6176e-01	1.4393e-01	0.301614	2
RHBDD2	4	3.6184e-01	1.4393e-01	0.301614	2
ALDH1B1	4	3.6188e-01	1.4393e-01	0.301614	2
INO80C	4	3.6191e-01	1.4393e-01	0.301614	1
UPP2	4	3.6191e-01	1.4393e-01	0.301614	2
SORBS2	4	3.6203e-01	1.4393e-01	0.301614	2
PBRM1	4	3.6205e-01	1.4393e-01	0.301614	2
ADAMTS14	4	3.6209e-01	1.4393e-01	0.301614	2
COLGALT1	4	3.6212e-01	1.4393e-01	0.301614	2
C8orf33	4	3.6213e-01	1.4393e-01	0.301614	2
KRTAP4-11	4	3.6217e-01	1.4393e-01	0.301614	2
ABCC1	4	3.6235e-01	1.4476e-01	0.302941	2
ZNF329	4	3.6239e-01	1.4476e-01	0.302941	1
OR6F1	4	3.6239e-01	1.4476e-01	0.302941	2
CRX	4	3.6253e-01	1.4476e-01	0.302941	2
ATOH7	4	3.6261e-01	1.4476e-01	0.302941	2
TBXA2R	4	3.6264e-01	1.4476e-01	0.302941	2
RPE65	4	3.6268e-01	1.4476e-01	0.302941	2
MAML1	4	3.6270e-01	1.4476e-01	0.302941	2
HOMEZ	4	3.6277e-01	1.4476e-01	0.302941	2
OR10A2	4	3.6290e-01	1.4476e-01	0.302941	2
GRIA3	4	3.6306e-01	1.4476e-01	0.302941	2
OR1Q1	4	3.6309e-01	1.4561e-01	0.304524	1
TMOD2	4	3.6317e-01	1.4561e-01	0.304524	2
SLC25A44	4	3.6319e-01	1.4561e-01	0.304524	2
SERPINF2	4	3.6340e-01	1.4561e-01	0.304524	2
SHC1	4	3.6349e-01	1.4561e-01	0.304524	1
CEP83	4	3.6363e-01	1.4561e-01	0.304524	2
SMAD6	4	3.6375e-01	1.4643e-01	0.305045	2
C10orf82	4	3.6381e-01	1.4643e-01	0.305045	2
RAB34	4	3.6385e-01	1.4643e-01	0.305045	2
FGF11	4	3.6388e-01	1.4643e-01	0.305045	2
KIAA1462	4	3.6422e-01	1.4643e-01	0.305045	2
GRHL1	4	3.6448e-01	1.4643e-01	0.305045	2
KRT25	4	3.6456e-01	1.4643e-01	0.305045	2
STH	4	3.6468e-01	1.4643e-01	0.305045	2
ITFG3	4	3.6473e-01	1.4643e-01	0.305045	2
PDIA5	4	3.6475e-01	1.4643e-01	0.305045	2
UROD	4	3.6480e-01	1.4643e-01	0.305045	2
ATP6V0A1	4	3.6486e-01	1.4643e-01	0.305045	1
NDUFAF1	4	3.6495e-01	1.4643e-01	0.305045	2
CLEC10A	4	3.6500e-01	1.4643e-01	0.305045	1
DTX3	4	3.6508e-01	1.4643e-01	0.305045	1
HIST2H2AC	4	3.6519e-01	1.4643e-01	0.305045	1
SERTAD4	4	3.6527e-01	1.4643e-01	0.305045	2
TCTEX1D1	4	3.6535e-01	1.4643e-01	0.305045	2
CST3	4	3.6539e-01	1.4643e-01	0.305045	2
NKRF	4	3.6545e-01	1.4643e-01	0.305045	1
CT47A7	4	3.6546e-01	1.4643e-01	0.305045	2
ZNF761	4	3.6548e-01	1.4643e-01	0.305045	1
BPY2B	4	3.6553e-01	1.4643e-01	0.305045	2
VSX2	4	3.6556e-01	1.4643e-01	0.305045	2
ADGRE5	4	3.6559e-01	1.4643e-01	0.305045	1
NUDT22	4	3.6574e-01	1.4643e-01	0.305045	2
PPP2R3A	4	3.6590e-01	1.4643e-01	0.305045	2
PRPF40B	4	3.6603e-01	1.4643e-01	0.305045	2
DEFB133	3	3.6617e-01	1.7986e-01	0.356910	1
BMP6	4	3.6628e-01	1.4643e-01	0.305045	2
TTLL7	4	3.6629e-01	1.4643e-01	0.305045	2
KRTAP10-2	4	3.6644e-01	1.4643e-01	0.305045	2
MCPH1	4	3.6654e-01	1.4643e-01	0.305045	2
FBXO9	4	3.6658e-01	1.4643e-01	0.305045	2
SIGLEC7	4	3.6666e-01	1.4643e-01	0.305045	2
DOCK3	4	3.6671e-01	1.4643e-01	0.305045	2
SSX3	4	3.6679e-01	1.4643e-01	0.305045	2
ARAP1	4	3.6688e-01	1.4878e-01	0.309051	1
C4B	4	3.6690e-01	1.4878e-01	0.309051	2
CAPZA2	4	3.6695e-01	1.4878e-01	0.309051	1
VMO1	4	3.6702e-01	1.4878e-01	0.309051	1
CAMK2D	4	3.6713e-01	1.4878e-01	0.309051	2
TES	4	3.6717e-01	1.4878e-01	0.309051	1
PLEKHN1	4	3.6729e-01	1.4878e-01	0.309051	2
NUAK2	4	3.6743e-01	1.4878e-01	0.309051	2
IFNAR2	4	3.6750e-01	1.4878e-01	0.309051	1
LNX1	4	3.6757e-01	1.4878e-01	0.309051	2
TAL1	4	3.6765e-01	1.4878e-01	0.309051	2
LOC101927844	4	3.6770e-01	1.4878e-01	0.309051	2
TGFB2	4	3.6781e-01	1.4878e-01	0.309051	2
IL33	4	3.6795e-01	1.4878e-01	0.309051	2
BCKDHB	4	3.6803e-01	1.4878e-01	0.309051	2
SNTB2	4	3.6805e-01	1.4878e-01	0.309051	2
INPP4A	4	3.6829e-01	1.4878e-01	0.309051	2
COL24A1	4	3.6833e-01	1.4878e-01	0.309051	2
RIOK3	4	3.6842e-01	1.4878e-01	0.309051	1
GNA14	4	3.6846e-01	1.4878e-01	0.309051	2
NUDT17	4	3.6846e-01	1.4878e-01	0.309051	2
ADRA1D	4	3.6864e-01	1.4878e-01	0.309051	2
DCDC5	4	3.6867e-01	1.4878e-01	0.309051	2
TM9SF1	4	3.6870e-01	1.4878e-01	0.309051	2
OR1L1	4	3.6882e-01	1.4878e-01	0.309051	1
PRR16	4	3.6883e-01	1.4878e-01	0.309051	2
BLOC1S6	4	3.6886e-01	1.4964e-01	0.310766	1
ANGPTL1	4	3.6889e-01	1.4964e-01	0.310766	2
MAVS	4	3.6908e-01	1.5046e-01	0.311779	1
POU5F2	4	3.6926e-01	1.5046e-01	0.311779	2
LDOC1L	4	3.6929e-01	1.5046e-01	0.311779	2
EFCAB5	4	3.6933e-01	1.5046e-01	0.311779	2
B4GALNT2	4	3.6938e-01	1.5046e-01	0.311779	2
SLC7A14	4	3.6940e-01	1.5046e-01	0.311779	2
SH3YL1	4	3.6942e-01	1.5046e-01	0.311779	2
WNT2B	4	3.6944e-01	1.5046e-01	0.311779	2
SPACA4	4	3.6951e-01	1.5046e-01	0.311779	2
WDR45B	4	3.6959e-01	1.5046e-01	0.311779	1
TIMM50	4	3.6970e-01	1.5046e-01	0.311779	2
PHYHD1	4	3.6985e-01	1.5047e-01	0.311779	2
PRODH	4	3.6993e-01	1.5047e-01	0.311779	2
DSTN	4	3.6995e-01	1.5047e-01	0.311779	2
CCL1	4	3.7000e-01	1.5047e-01	0.311779	2
SLC6A13	4	3.7014e-01	1.5047e-01	0.311779	2
SPAG5	4	3.7025e-01	1.5047e-01	0.311779	2
CNNM3	4	3.7029e-01	1.5047e-01	0.311779	2
CCNB1IP1	4	3.7034e-01	1.5047e-01	0.311779	2
ZNF48	4	3.7043e-01	1.5047e-01	0.311779	1
ST8SIA5	4	3.7048e-01	1.5137e-01	0.313286	2
OR6B2	4	3.7059e-01	1.5137e-01	0.313286	2
PHLDA3	4	3.7061e-01	1.5137e-01	0.313286	2
DENND5A	4	3.7073e-01	1.5137e-01	0.313286	2
CYB5R1	4	3.7080e-01	1.5137e-01	0.313286	1
CXCR4	4	3.7091e-01	1.5137e-01	0.313286	1
NUDT3	4	3.7105e-01	1.5137e-01	0.313286	2
HVCN1	4	3.7111e-01	1.5137e-01	0.313286	2
FBXO36	4	3.7114e-01	1.5137e-01	0.313286	2
TNS3	4	3.7119e-01	1.5137e-01	0.313286	2
PCDHA13	4	3.7138e-01	1.5137e-01	0.313286	2
PPM1A	4	3.7155e-01	1.5376e-01	0.316446	1
CRISP1	4	3.7158e-01	1.5376e-01	0.316446	2
MEF2BNB-MEF2B	4	3.7167e-01	1.5376e-01	0.316446	2
GRXCR2	4	3.7171e-01	1.5376e-01	0.316446	1
MACROD1	4	3.7184e-01	1.5376e-01	0.316446	2
EN1	4	3.7186e-01	1.5376e-01	0.316446	2
CDRT1	4	3.7190e-01	1.5376e-01	0.316446	2
P2RX3	4	3.7193e-01	1.5376e-01	0.316446	2
GSTO1	4	3.7197e-01	1.5376e-01	0.316446	2
SIRPB1	4	3.7201e-01	1.5376e-01	0.316446	2
B3GAT2	4	3.7204e-01	1.5376e-01	0.316446	2
SSH2	4	3.7215e-01	1.5376e-01	0.316446	1
EDIL3	4	3.7225e-01	1.5376e-01	0.316446	2
SPTLC3	4	3.7229e-01	1.5376e-01	0.316446	2
FAM124B	4	3.7243e-01	1.5376e-01	0.316446	2
TXNRD2	4	3.7255e-01	1.5376e-01	0.316446	2
MYL1	4	3.7259e-01	1.5376e-01	0.316446	2
APRT	4	3.7270e-01	1.5376e-01	0.316446	2
DAND5	4	3.7275e-01	1.5376e-01	0.316446	2
TNFSF12	4	3.7277e-01	1.5376e-01	0.316446	2
ORC2	4	3.7280e-01	1.5376e-01	0.316446	2
TIAM1	4	3.7286e-01	1.5376e-01	0.316446	2
VPS33A	4	3.7288e-01	1.5376e-01	0.316446	1
ARL13B	4	3.7288e-01	1.5376e-01	0.316446	2
FGFRL1	4	3.7295e-01	1.5376e-01	0.316446	2
FOXK2	4	3.7318e-01	1.5376e-01	0.316446	2
NES	4	3.7324e-01	1.5376e-01	0.316446	1
GCOM1	4	3.7326e-01	1.5376e-01	0.316446	2
CCDC142	4	3.7334e-01	1.5376e-01	0.316446	2
PRR27	4	3.7337e-01	1.5376e-01	0.316446	2
KRTAP4-8	4	3.7342e-01	1.5376e-01	0.316446	1
GK2	4	3.7343e-01	1.5376e-01	0.316446	2
BAX	4	3.7353e-01	1.5376e-01	0.316446	2
FAM86C1	4	3.7355e-01	1.5376e-01	0.316446	2
UCN	4	3.7359e-01	1.5376e-01	0.316446	1
KIRREL3	4	3.7362e-01	1.5376e-01	0.316446	2
HEY1	4	3.7364e-01	1.5376e-01	0.316446	1
TRIM32	4	3.7369e-01	1.5376e-01	0.316446	2
GLUL	4	3.7371e-01	1.5376e-01	0.316446	2
TECPR2	4	3.7373e-01	1.5376e-01	0.316446	2
RASA1	4	3.7382e-01	1.5376e-01	0.316446	2
C2orf57	4	3.7390e-01	1.5376e-01	0.316446	1
ACRV1	4	3.7404e-01	1.5376e-01	0.316446	2
ANXA6	4	3.7413e-01	1.5376e-01	0.316446	2
OVOL1	4	3.7417e-01	1.5376e-01	0.316446	2
PCDHA3	4	3.7419e-01	1.5376e-01	0.316446	1
PPM1B	4	3.7419e-01	1.5376e-01	0.316446	2
ZBED6	4	3.7430e-01	1.5376e-01	0.316446	2
OPTN	4	3.7440e-01	1.5376e-01	0.316446	2
CYP4F12	4	3.7441e-01	1.5376e-01	0.316446	2
CBLC	4	3.7452e-01	1.5376e-01	0.316446	1
SLC1A6	4	3.7459e-01	1.5376e-01	0.316446	2
PLEKHM2	4	3.7470e-01	1.5551e-01	0.319832	2
TCEB3CL2	4	3.7479e-01	1.5551e-01	0.319832	2
POU3F4	4	3.7488e-01	1.5551e-01	0.319832	2
ZNF2	4	3.7490e-01	1.5551e-01	0.319832	2
UGT2B7	4	3.7504e-01	1.5551e-01	0.319832	2
DIRC2	4	3.7511e-01	1.5551e-01	0.319832	2
UBE2A	4	3.7532e-01	1.5644e-01	0.321573	2
CHI3L2	4	3.7535e-01	1.5644e-01	0.321573	2
BEGAIN	4	3.7536e-01	1.5644e-01	0.321573	2
ZNF550	4	3.7557e-01	1.5644e-01	0.321573	2
SPAG11B	4	3.7575e-01	1.5644e-01	0.321573	2
ANKS1A	4	3.7582e-01	1.5729e-01	0.323056	1
TTBK1	4	3.7604e-01	1.5729e-01	0.323056	1
MEIKIN	4	3.7608e-01	1.5729e-01	0.323056	2
RASL11A	4	3.7612e-01	1.5729e-01	0.323056	2
VN1R1	4	3.7619e-01	1.5729e-01	0.323056	2
B9D1	4	3.7622e-01	1.5729e-01	0.323056	1
HABP4	4	3.7637e-01	1.5729e-01	0.323056	2
PMAIP1	4	3.7662e-01	1.5729e-01	0.323056	2
HCK	4	3.7673e-01	1.5817e-01	0.323803	2
NOG	4	3.7681e-01	1.5817e-01	0.323803	2
HBQ1	4	3.7683e-01	1.5817e-01	0.323803	2
FTHL17	4	3.7685e-01	1.5817e-01	0.323803	2
FAM206A	4	3.7686e-01	1.5817e-01	0.323803	1
ESR1	4	3.7686e-01	1.5817e-01	0.323803	1
CCDC34	4	3.7691e-01	1.5817e-01	0.323803	2
PON1	3	3.7694e-01	1.8780e-01	0.368986	1
NEURL3	4	3.7699e-01	1.5817e-01	0.323803	2
LILRA5	4	3.7708e-01	1.5817e-01	0.323803	2
CHST2	4	3.7713e-01	1.5817e-01	0.323803	2
P2RX1	4	3.7722e-01	1.5817e-01	0.323803	2
FZD1	4	3.7729e-01	1.5817e-01	0.323803	2
UQCC2	4	3.7735e-01	1.5817e-01	0.323803	2
DSPP	4	3.7740e-01	1.5817e-01	0.323803	1
CRHR1	4	3.7743e-01	1.5817e-01	0.323803	2
CHST11	4	3.7757e-01	1.5817e-01	0.323803	2
CDK2AP1	4	3.7759e-01	1.5817e-01	0.323803	2
KIR2DS4	4	3.7760e-01	1.5817e-01	0.323803	2
MS4A6E	4	3.7779e-01	1.5817e-01	0.323803	2
CTXN2	4	3.7786e-01	1.5817e-01	0.323803	2
RNF6	4	3.7796e-01	1.5817e-01	0.323803	2
PAPPA	4	3.7800e-01	1.5817e-01	0.323803	2
LMAN2	4	3.7807e-01	1.5817e-01	0.323803	2
UBTD1	4	3.7816e-01	1.5817e-01	0.323803	2
HELLS	4	3.7816e-01	1.5817e-01	0.323803	2
KAT6B	4	3.7816e-01	1.5817e-01	0.323803	2
CLTCL1	4	3.7820e-01	1.5817e-01	0.323803	2
SRGAP2B	4	3.7825e-01	1.5817e-01	0.323803	2
PHKB	4	3.7834e-01	1.5817e-01	0.323803	2
EMCN	4	3.7837e-01	1.5817e-01	0.323803	2
SH3KBP1	4	3.7840e-01	1.5907e-01	0.324783	1
CACNA2D3	4	3.7843e-01	1.5907e-01	0.324783	2
OR4D1	4	3.7854e-01	1.5907e-01	0.324783	1
FOXI3	4	3.7861e-01	1.5907e-01	0.324783	2
TAF4B	4	3.7866e-01	1.5907e-01	0.324783	2
ZNF519	4	3.7878e-01	1.5907e-01	0.324783	2
LRP4	4	3.7889e-01	1.5907e-01	0.324783	2
C17orf96	4	3.7898e-01	1.5907e-01	0.324783	2
NECAB2	4	3.7901e-01	1.5907e-01	0.324783	2
BTBD9	4	3.7909e-01	1.5907e-01	0.324783	2
RNPEP	4	3.7910e-01	1.5907e-01	0.324783	2
TDRD1	4	3.7916e-01	1.5907e-01	0.324783	1
DOCK2	4	3.7924e-01	1.5907e-01	0.324783	2
KIZ	4	3.7942e-01	1.5907e-01	0.324783	2
SFXN4	4	3.7947e-01	1.5907e-01	0.324783	2
CXorf36	4	3.7948e-01	1.5907e-01	0.324783	2
F11R	4	3.7949e-01	1.5907e-01	0.324783	2
CLDN16	4	3.7972e-01	1.5907e-01	0.324783	2
WDR88	4	3.7977e-01	1.5907e-01	0.324783	2
ZNF684	4	3.7985e-01	1.5907e-01	0.324783	2
FKBP6	4	3.7992e-01	1.5907e-01	0.324783	2
SECTM1	4	3.7999e-01	1.5907e-01	0.324783	2
ELAVL3	4	3.8006e-01	1.5907e-01	0.324783	2
VAMP4	4	3.8006e-01	1.5907e-01	0.324783	2
PARP6	4	3.8009e-01	1.5907e-01	0.324783	2
NRBF2	4	3.8028e-01	1.5999e-01	0.326388	1
UBE3C	4	3.8039e-01	1.5999e-01	0.326388	2
NUTM2F	4	3.8041e-01	1.5999e-01	0.326388	2
TOMM34	4	3.8046e-01	1.5999e-01	0.326388	1
TBK1	4	3.8057e-01	1.5999e-01	0.326388	2
ADARB1	4	3.8064e-01	1.5999e-01	0.326388	1
PLN	4	3.8073e-01	1.5999e-01	0.326388	2
OR10H4	4	3.8075e-01	1.5999e-01	0.326388	2
VAMP5	4	3.8084e-01	1.6092e-01	0.328116	2
IKZF2	4	3.8088e-01	1.6092e-01	0.328116	2
PRAP1	4	3.8088e-01	1.6092e-01	0.328116	2
COLCA1	4	3.8097e-01	1.6092e-01	0.328116	2
RFX3	4	3.8100e-01	1.6092e-01	0.328116	2
MCC	4	3.8112e-01	1.6185e-01	0.329575	2
SCRN3	4	3.8119e-01	1.6185e-01	0.329575	2
MB21D2	4	3.8128e-01	1.6185e-01	0.329575	2
MYL10	4	3.8133e-01	1.6185e-01	0.329575	2
C9orf62	4	3.8133e-01	1.6185e-01	0.329575	2
C7orf66	4	3.8143e-01	1.6185e-01	0.329575	1
PIWIL4	4	3.8144e-01	1.6185e-01	0.329575	2
GALNS	4	3.8158e-01	1.6185e-01	0.329575	1
G2E3	4	3.8158e-01	1.6185e-01	0.329575	2
MS4A2	4	3.8172e-01	1.6185e-01	0.329575	1
UROS	4	3.8190e-01	1.6185e-01	0.329575	2
ENKD1	4	3.8195e-01	1.6185e-01	0.329575	2
DYNLT3	4	3.8216e-01	1.6277e-01	0.331217	2
IL5RA	4	3.8219e-01	1.6277e-01	0.331217	1
RGS7	4	3.8223e-01	1.6277e-01	0.331217	1
ZNF429	4	3.8224e-01	1.6277e-01	0.331217	2
C16orf86	4	3.8231e-01	1.6278e-01	0.331217	2
LGALS4	4	3.8241e-01	1.6278e-01	0.331217	1
MAP3K9	4	3.8244e-01	1.6278e-01	0.331217	2
LOC100506388	4	3.8248e-01	1.6375e-01	0.332982	2
GIMAP5	4	3.8252e-01	1.6375e-01	0.332982	1
KNSTRN	4	3.8252e-01	1.6375e-01	0.332982	2
KDM2B	4	3.8258e-01	1.6375e-01	0.332982	2
IGF2	4	3.8266e-01	1.6375e-01	0.332982	2
KCNG2	4	3.8273e-01	1.6375e-01	0.332982	2
MIR205HG	3	3.8275e-01	1.9220e-01	0.376538	2
CPNE6	4	3.8291e-01	1.6471e-01	0.334381	2
ACOT2	4	3.8305e-01	1.6471e-01	0.334381	2
CASP7	4	3.8307e-01	1.6471e-01	0.334381	2
ATXN7	4	3.8309e-01	1.6471e-01	0.334381	2
VPS26A	4	3.8316e-01	1.6471e-01	0.334381	2
OR8J1	4	3.8323e-01	1.6471e-01	0.334381	2
FHL5	4	3.8324e-01	1.6471e-01	0.334381	2
FAM195B	4	3.8334e-01	1.6471e-01	0.334381	2
GPR88	4	3.8352e-01	1.6471e-01	0.334381	2
PLEKHA7	4	3.8352e-01	1.6471e-01	0.334381	1
REM1	4	3.8360e-01	1.6471e-01	0.334381	2
GRPR	4	3.8367e-01	1.6471e-01	0.334381	1
YY1AP1	4	3.8369e-01	1.6471e-01	0.334381	2
BTNL2	4	3.8378e-01	1.6471e-01	0.334381	2
PLK2	4	3.8381e-01	1.6471e-01	0.334381	2
GUCA1A	4	3.8389e-01	1.6471e-01	0.334381	2
ZNF282	3	3.8396e-01	1.9220e-01	0.376538	1
CNOT7	4	3.8412e-01	1.6567e-01	0.336080	2
C11orf63	4	3.8417e-01	1.6567e-01	0.336080	2
BAG1	4	3.8420e-01	1.6568e-01	0.336080	2
CITED4	4	3.8421e-01	1.6568e-01	0.336080	2
INMT	4	3.8431e-01	1.6568e-01	0.336080	2
DHFRL1	4	3.8432e-01	1.6568e-01	0.336080	1
GBX2	4	3.8442e-01	1.6806e-01	0.340884	1
CHML	4	3.8450e-01	1.6899e-01	0.341350	2
CGB	4	3.8455e-01	1.6899e-01	0.341350	2
MBD3L1	4	3.8457e-01	1.6899e-01	0.341350	2
AP1G2	4	3.8466e-01	1.6899e-01	0.341350	2
OR52I1	4	3.8467e-01	1.6899e-01	0.341350	2
FOXN2	3	3.8471e-01	1.9220e-01	0.376538	2
CHD2	4	3.8472e-01	1.6899e-01	0.341350	2
COQ3	4	3.8475e-01	1.6899e-01	0.341350	2
MKRN2	4	3.8475e-01	1.6899e-01	0.341350	2
C14orf169	4	3.8486e-01	1.6899e-01	0.341350	2
AAAS	4	3.8502e-01	1.6899e-01	0.341350	2
TMF1	4	3.8509e-01	1.6899e-01	0.341350	2
DBF4B	4	3.8511e-01	1.6899e-01	0.341350	2
LTN1	4	3.8534e-01	1.6899e-01	0.341350	2
CDC25A	4	3.8536e-01	1.6899e-01	0.341350	2
ACE	4	3.8539e-01	1.6899e-01	0.341350	1
CLDN22	4	3.8546e-01	1.6899e-01	0.341350	2
SMIM24	4	3.8550e-01	1.6899e-01	0.341350	1
ZNF319	4	3.8550e-01	1.6899e-01	0.341350	2
GPX3	4	3.8560e-01	1.6899e-01	0.341350	2
LTB4R	4	3.8569e-01	1.6899e-01	0.341350	2
KCNA3	4	3.8572e-01	1.6899e-01	0.341350	2
TP53	4	3.8578e-01	1.6899e-01	0.341350	2
PACSIN1	4	3.8581e-01	1.6899e-01	0.341350	2
CHMP1A	4	3.8587e-01	1.6899e-01	0.341350	2
AFF2	4	3.8604e-01	1.6899e-01	0.341350	1
FAM71F1	4	3.8606e-01	1.6899e-01	0.341350	2
TBRG4	4	3.8622e-01	1.6899e-01	0.341350	2
OR5H14	4	3.8625e-01	1.6899e-01	0.341350	2
TAAR8	4	3.8629e-01	1.6899e-01	0.341350	2
PDPR	4	3.8631e-01	1.6899e-01	0.341350	2
SHARPIN	4	3.8639e-01	1.6899e-01	0.341350	2
SFTA2	4	3.8640e-01	1.6899e-01	0.341350	2
TYRP1	4	3.8645e-01	1.6899e-01	0.341350	2
MYBPH	4	3.8651e-01	1.6899e-01	0.341350	1
HEXA	3	3.8657e-01	1.9220e-01	0.376538	1
POPDC2	4	3.8661e-01	1.6899e-01	0.341350	1
OSMR	4	3.8672e-01	1.6899e-01	0.341350	1
FAM83A	4	3.8677e-01	1.6899e-01	0.341350	2
ARMC10	4	3.8681e-01	1.6899e-01	0.341350	2
LAMTOR1	4	3.8684e-01	1.6899e-01	0.341350	2
TCHHL1	4	3.8704e-01	1.7123e-01	0.344579	2
SYTL3	4	3.8718e-01	1.7123e-01	0.344579	2
PHF10	4	3.8719e-01	1.7123e-01	0.344579	1
DACH1	4	3.8740e-01	1.7123e-01	0.344579	1
PTPRA	4	3.8745e-01	1.7123e-01	0.344579	2
PLEKHJ1	4	3.8751e-01	1.7123e-01	0.344579	1
CARNS1	4	3.8753e-01	1.7123e-01	0.344579	2
AARSD1	4	3.8758e-01	1.7123e-01	0.344579	1
PLXNB2	4	3.8762e-01	1.7123e-01	0.344579	1
GPR183	4	3.8783e-01	1.7219e-01	0.344579	1
DHRS4L1	4	3.8789e-01	1.7219e-01	0.344579	2
SDHAF1	4	3.8792e-01	1.7219e-01	0.344579	2
OR1E2	4	3.8794e-01	1.7219e-01	0.344579	2
KLHL33	4	3.8817e-01	1.7219e-01	0.344579	2
TGM3	4	3.8817e-01	1.7219e-01	0.344579	1
RASAL3	4	3.8826e-01	1.7219e-01	0.344579	1
EGLN2	4	3.8831e-01	1.7219e-01	0.344579	2
PHF12	4	3.8835e-01	1.7219e-01	0.344579	2
HUS1B	4	3.8844e-01	1.7219e-01	0.344579	2
IAH1	4	3.8851e-01	1.7219e-01	0.344579	2
IL11	4	3.8855e-01	1.7219e-01	0.344579	2
IFNK	4	3.8859e-01	1.7219e-01	0.344579	2
FAM24B	4	3.8862e-01	1.7219e-01	0.344579	2
ADCK2	4	3.8865e-01	1.7219e-01	0.344579	2
NUPR1L	4	3.8869e-01	1.7219e-01	0.344579	1
CYBRD1	4	3.8870e-01	1.7219e-01	0.344579	2
FYTTD1	4	3.8872e-01	1.7219e-01	0.344579	2
ARPC1A	4	3.8874e-01	1.7219e-01	0.344579	2
TEX11	4	3.8879e-01	1.7219e-01	0.344579	2
MED28	4	3.8887e-01	1.7219e-01	0.344579	2
SLCO1C1	4	3.8901e-01	1.7219e-01	0.344579	2
CTXN3	4	3.8908e-01	1.7219e-01	0.344579	2
TACR3	4	3.8924e-01	1.7219e-01	0.344579	1
FGF23	3	3.8926e-01	1.9575e-01	0.380966	2
TSPAN32	4	3.8932e-01	1.7219e-01	0.344579	2
GGN	4	3.8937e-01	1.7219e-01	0.344579	1
KPNA5	4	3.8941e-01	1.7219e-01	0.344579	2
VPREB1	4	3.8943e-01	1.7219e-01	0.344579	2
STK16	4	3.8944e-01	1.7219e-01	0.344579	2
OR1S2	4	3.8962e-01	1.7219e-01	0.344579	1
HIST1H3E	4	3.8963e-01	1.7219e-01	0.344579	2
PAX8	4	3.8965e-01	1.7219e-01	0.344579	2
YIPF3	4	3.8980e-01	1.7219e-01	0.344579	2
CIDEC	4	3.8991e-01	1.7219e-01	0.344579	2
C2orf16	4	3.8995e-01	1.7219e-01	0.344579	2
KATNAL2	4	3.9006e-01	1.7219e-01	0.344579	2
GAL3ST2	4	3.9026e-01	1.7219e-01	0.344579	1
CD99	4	3.9028e-01	1.7219e-01	0.344579	2
CYP2E1	4	3.9033e-01	1.7219e-01	0.344579	2
USP17L24	4	3.9034e-01	1.7219e-01	0.344579	2
TREML2	4	3.9037e-01	1.7219e-01	0.344579	2
SPINK9	4	3.9043e-01	1.7219e-01	0.344579	2
AIF1L	4	3.9048e-01	1.7219e-01	0.344579	2
SCO2	4	3.9051e-01	1.7219e-01	0.344579	2
B4GALNT3	4	3.9055e-01	1.7219e-01	0.344579	1
ZFHX2	4	3.9062e-01	1.7219e-01	0.344579	2
ZNF543	4	3.9073e-01	1.7219e-01	0.344579	2
CUTA	4	3.9076e-01	1.7219e-01	0.344579	1
PNPLA1	4	3.9083e-01	1.7219e-01	0.344579	1
CLDN12	4	3.9090e-01	1.7219e-01	0.344579	1
DTD1	4	3.9094e-01	1.7219e-01	0.344579	2
DEFB126	4	3.9099e-01	1.7219e-01	0.344579	2
SMG6	4	3.9115e-01	1.7219e-01	0.344579	2
ASB11	4	3.9124e-01	1.7219e-01	0.344579	2
CYP4F22	4	3.9126e-01	1.7219e-01	0.344579	2
GPAT2	4	3.9137e-01	1.7219e-01	0.344579	2
OSGIN2	4	3.9143e-01	1.7219e-01	0.344579	2
FUNDC2	4	3.9146e-01	1.7219e-01	0.344579	2
MAPK13	4	3.9146e-01	1.7219e-01	0.344579	2
DRG2	4	3.9151e-01	1.7219e-01	0.344579	2
PKD2L2	4	3.9155e-01	1.7219e-01	0.344579	2
PRSS41	4	3.9161e-01	1.7219e-01	0.344579	2
SCRG1	4	3.9166e-01	1.7219e-01	0.344579	2
STAU2	4	3.9201e-01	1.7219e-01	0.344579	2
KIAA0226	4	3.9201e-01	1.7219e-01	0.344579	1
APOBEC3D	4	3.9204e-01	1.7219e-01	0.344579	2
MRC2	4	3.9214e-01	1.7219e-01	0.344579	2
ATP13A3	4	3.9220e-01	1.7219e-01	0.344579	2
FSBP	4	3.9226e-01	1.7219e-01	0.344579	2
GALNT8	4	3.9228e-01	1.7219e-01	0.344579	2
PPIA	4	3.9229e-01	1.7219e-01	0.344579	1
NUP62CL	4	3.9253e-01	1.7219e-01	0.344579	2
DEF6	4	3.9254e-01	1.7219e-01	0.344579	2
ITPKB	4	3.9263e-01	1.7219e-01	0.344579	2
SEMA3A	4	3.9267e-01	1.7219e-01	0.344579	2
MAN2B2	4	3.9268e-01	1.7219e-01	0.344579	1
SLC2A10	4	3.9272e-01	1.7219e-01	0.344579	2
ZNF467	4	3.9279e-01	1.7219e-01	0.344579	2
OR51Q1	4	3.9279e-01	1.7219e-01	0.344579	2
SLC35A5	4	3.9279e-01	1.7219e-01	0.344579	1
CHID1	4	3.9322e-01	1.7447e-01	0.348968	1
JCHAIN	4	3.9328e-01	1.7447e-01	0.348968	2
WFDC10B	4	3.9332e-01	1.7447e-01	0.348968	1
LPAR2	4	3.9336e-01	1.7447e-01	0.348968	1
STPG2	4	3.9341e-01	1.7542e-01	0.350351	2
ACKR4	4	3.9350e-01	1.7542e-01	0.350351	2
PANO1	4	3.9361e-01	1.7542e-01	0.350351	1
ZAP70	4	3.9364e-01	1.7542e-01	0.350351	2
SDF4	4	3.9364e-01	1.7542e-01	0.350351	2
SHMT2	4	3.9368e-01	1.7542e-01	0.350351	2
JMJD7-PLA2G4B	4	3.9373e-01	1.7542e-01	0.350351	2
OR1D2	4	3.9377e-01	1.7542e-01	0.350351	2
FSCN3	4	3.9384e-01	1.7542e-01	0.350351	2
WASF1	4	3.9386e-01	1.7542e-01	0.350351	1
THNSL1	4	3.9393e-01	1.7542e-01	0.350351	2
RCN3	4	3.9394e-01	1.7542e-01	0.350351	2
CT47B1	4	3.9400e-01	1.7542e-01	0.350351	2
SRD5A2	4	3.9411e-01	1.7542e-01	0.350351	2
REN	4	3.9414e-01	1.7640e-01	0.350917	2
ZBTB46	4	3.9423e-01	1.7640e-01	0.350917	2
ESM1	4	3.9435e-01	1.7640e-01	0.350917	2
ACKR1	4	3.9439e-01	1.7640e-01	0.350917	2
OCIAD2	4	3.9446e-01	1.7640e-01	0.350917	1
PTGIR	4	3.9451e-01	1.7640e-01	0.350917	2
L3HYPDH	4	3.9451e-01	1.7640e-01	0.350917	1
G3BP1	4	3.9451e-01	1.7640e-01	0.350917	2
RIPPLY1	4	3.9456e-01	1.7640e-01	0.350917	2
FUT9	4	3.9471e-01	1.7640e-01	0.350917	1
C12orf10	4	3.9484e-01	1.7640e-01	0.350917	2
PCDHA5	4	3.9484e-01	1.7640e-01	0.350917	2
CCDC108	4	3.9497e-01	1.7640e-01	0.350917	2
KIAA0040	4	3.9499e-01	1.7640e-01	0.350917	2
C1orf141	4	3.9499e-01	1.7640e-01	0.350917	2
FAP	4	3.9502e-01	1.7640e-01	0.350917	2
DUSP27	4	3.9514e-01	1.7640e-01	0.350917	2
CLDN5	4	3.9528e-01	1.7640e-01	0.350917	1
LPIN1	4	3.9534e-01	1.7640e-01	0.350917	2
PLIN4	4	3.9536e-01	1.7640e-01	0.350917	2
OR4E2	4	3.9538e-01	1.7640e-01	0.350917	2
C19orf45	4	3.9538e-01	1.7640e-01	0.350917	1
CFAP46	4	3.9542e-01	1.7640e-01	0.350917	1
AK2	4	3.9545e-01	1.7640e-01	0.350917	2
BLVRB	4	3.9551e-01	1.7640e-01	0.350917	1
NEURL1	4	3.9576e-01	1.7640e-01	0.350917	2
CENPV	4	3.9584e-01	1.7640e-01	0.350917	1
HEPH	4	3.9588e-01	1.7640e-01	0.350917	2
MFSD10	4	3.9590e-01	1.7640e-01	0.350917	2
CPLX1	4	3.9598e-01	1.7640e-01	0.350917	2
AMZ2	4	3.9609e-01	1.7640e-01	0.350917	2
CTHRC1	4	3.9613e-01	1.7640e-01	0.350917	2
OR2T12	4	3.9620e-01	1.7640e-01	0.350917	2
SIGLEC6	4	3.9623e-01	1.7640e-01	0.350917	2
CAB39L	4	3.9628e-01	1.7640e-01	0.350917	2
TMEM230	4	3.9632e-01	1.7640e-01	0.350917	1
COMMD9	4	3.9635e-01	1.7640e-01	0.350917	2
TRPM5	4	3.9641e-01	1.7640e-01	0.350917	2
DCUN1D1	4	3.9658e-01	1.7740e-01	0.352789	2
ZSWIM7	4	3.9660e-01	1.7740e-01	0.352789	2
NCAM1	4	3.9674e-01	1.7740e-01	0.352789	2
MTRNR2L4	4	3.9687e-01	1.7838e-01	0.354337	1
UBAP2	4	3.9690e-01	1.7838e-01	0.354337	2
SAMD5	4	3.9698e-01	1.7838e-01	0.354337	1
CARD11	4	3.9701e-01	1.7838e-01	0.354337	1
IRF3	4	3.9701e-01	1.7838e-01	0.354337	2
DUSP4	4	3.9724e-01	1.7838e-01	0.354337	2
LRIG2	4	3.9730e-01	1.7838e-01	0.354337	1
FAM133B	4	3.9751e-01	1.7838e-01	0.354337	2
ACAD8	4	3.9752e-01	1.7838e-01	0.354337	2
VNN1	4	3.9754e-01	1.7838e-01	0.354337	2
PEX11G	4	3.9762e-01	1.7838e-01	0.354337	2
ABTB2	4	3.9765e-01	1.7934e-01	0.355916	1
EPHX4	4	3.9766e-01	1.7934e-01	0.355916	2
C6orf223	4	3.9776e-01	1.7934e-01	0.355916	2
BCL3	4	3.9777e-01	1.7934e-01	0.355916	2
DUS3L	4	3.9789e-01	1.7935e-01	0.355916	2
MSTN	4	3.9790e-01	1.7935e-01	0.355916	2
AGPAT9	4	3.9793e-01	1.7935e-01	0.355916	1
PPIB	4	3.9799e-01	1.7935e-01	0.355916	2
DPEP3	4	3.9804e-01	1.7935e-01	0.355916	2
TPD52	4	3.9807e-01	1.8161e-01	0.360046	2
NPHS2	4	3.9811e-01	1.8161e-01	0.360046	2
ABCA12	4	3.9814e-01	1.8161e-01	0.360046	2
XKR7	4	3.9816e-01	1.8161e-01	0.360046	2
DACT1	4	3.9828e-01	1.8161e-01	0.360046	2
HOMER1	4	3.9844e-01	1.8161e-01	0.360046	2
LOC100129940	4	3.9850e-01	1.8161e-01	0.360046	1
FOXP1	4	3.9857e-01	1.8161e-01	0.360046	2
FOXE3	4	3.9864e-01	1.8161e-01	0.360046	1
C11orf96	4	3.9889e-01	1.8261e-01	0.361756	2
EFHD2	4	3.9897e-01	1.8261e-01	0.361756	2
MPZL3	4	3.9898e-01	1.8261e-01	0.361756	1
SIRPG	4	3.9899e-01	1.8261e-01	0.361756	2
TBC1D20	4	3.9920e-01	1.8261e-01	0.361756	1
CCDC124	4	3.9928e-01	1.8261e-01	0.361756	1
XAGE3	4	3.9936e-01	1.8261e-01	0.361756	1
HSPB11	4	3.9945e-01	1.8361e-01	0.362719	1
CNTNAP2	4	3.9949e-01	1.8361e-01	0.362719	1
C14orf105	4	3.9959e-01	1.8361e-01	0.362719	2
DMXL1	4	3.9963e-01	1.8361e-01	0.362719	2
CHAMP1	4	3.9970e-01	1.8361e-01	0.362719	2
C11orf71	4	3.9991e-01	1.8361e-01	0.362719	2
ZNF436	4	3.9996e-01	1.8361e-01	0.362719	2
KIAA1804	4	4.0009e-01	1.8361e-01	0.362719	2
HARBI1	4	4.0012e-01	1.8361e-01	0.362719	1
TRAK2	4	4.0019e-01	1.8361e-01	0.362719	2
TGM7	4	4.0021e-01	1.8361e-01	0.362719	2
CNRIP1	4	4.0030e-01	1.8361e-01	0.362719	2
ZFYVE19	4	4.0032e-01	1.8361e-01	0.362719	2
NME1	4	4.0037e-01	1.8361e-01	0.362719	2
GPR68	4	4.0040e-01	1.8361e-01	0.362719	2
MBLAC1	4	4.0040e-01	1.8361e-01	0.362719	2
ZNF727	4	4.0044e-01	1.8361e-01	0.362719	2
ARL14EP	4	4.0047e-01	1.8361e-01	0.362719	2
AGBL2	4	4.0053e-01	1.8361e-01	0.362719	2
GDF3	4	4.0058e-01	1.8361e-01	0.362719	2
OR4C45	4	4.0065e-01	1.8361e-01	0.362719	1
FLYWCH2	4	4.0067e-01	1.8361e-01	0.362719	2
PXDNL	4	4.0076e-01	1.8361e-01	0.362719	2
ATP2C2	4	4.0078e-01	1.8361e-01	0.362719	2
FBXW5	4	4.0079e-01	1.8361e-01	0.362719	1
MTERF3	4	4.0094e-01	1.8361e-01	0.362719	2
MECP2	4	4.0102e-01	1.8361e-01	0.362719	2
FAM193A	4	4.0108e-01	1.8462e-01	0.364112	2
TDRD6	4	4.0114e-01	1.8462e-01	0.364112	1
ARG2	4	4.0118e-01	1.8462e-01	0.364112	2
ASMTL	4	4.0125e-01	1.8462e-01	0.364112	2
TFF1	4	4.0131e-01	1.8462e-01	0.364112	2
ZNF180	4	4.0139e-01	1.8462e-01	0.364112	1
SIRPD	4	4.0150e-01	1.8462e-01	0.364112	1
RFX4	4	4.0158e-01	1.8462e-01	0.364112	1
ZNF140	4	4.0160e-01	1.8462e-01	0.364112	2
RNF41	4	4.0174e-01	1.8462e-01	0.364112	2
TBX15	4	4.0181e-01	1.8462e-01	0.364112	2
PTCD2	4	4.0182e-01	1.8462e-01	0.364112	2
CHRM1	4	4.0188e-01	1.8462e-01	0.364112	2
PYGM	4	4.0200e-01	1.8462e-01	0.364112	2
SMAP1	4	4.0209e-01	1.8462e-01	0.364112	2
CPTP	4	4.0212e-01	1.8462e-01	0.364112	2
FTH1P18	4	4.0216e-01	1.8560e-01	0.365970	2
PARP11	4	4.0216e-01	1.8560e-01	0.365970	2
MAGEC3	4	4.0230e-01	1.8657e-01	0.366597	2
CCDC120	4	4.0237e-01	1.8657e-01	0.366597	2
ZBTB16	4	4.0248e-01	1.8657e-01	0.366597	2
DKKL1	4	4.0253e-01	1.8657e-01	0.366597	2
ANP32D	4	4.0274e-01	1.8657e-01	0.366597	2
IPO5	4	4.0283e-01	1.8657e-01	0.366597	2
KIF7	4	4.0288e-01	1.8657e-01	0.366597	2
MEP1A	4	4.0297e-01	1.8657e-01	0.366597	1
CSN2	4	4.0308e-01	1.8657e-01	0.366597	2
HMX3	4	4.0311e-01	1.8657e-01	0.366597	1
DSG2	4	4.0313e-01	1.8657e-01	0.366597	2
GPR65	4	4.0329e-01	1.8657e-01	0.366597	1
PTPRCAP	4	4.0329e-01	1.8657e-01	0.366597	1
UGGT2	4	4.0336e-01	1.8657e-01	0.366597	2
SLC19A1	4	4.0336e-01	1.8657e-01	0.366597	2
MYH8	4	4.0351e-01	1.8657e-01	0.366597	2
PROKR1	4	4.0359e-01	1.8657e-01	0.366597	2
C1GALT1C1	4	4.0362e-01	1.8657e-01	0.366597	2
NTMT1	4	4.0363e-01	1.8657e-01	0.366597	2
GLT6D1	4	4.0369e-01	1.8657e-01	0.366597	2
TM4SF20	4	4.0378e-01	1.8657e-01	0.366597	1
ISL2	4	4.0382e-01	1.8657e-01	0.366597	1
GPR18	4	4.0384e-01	1.8657e-01	0.366597	2
ERCC6-PGBD3	4	4.0385e-01	1.8657e-01	0.366597	2
OR52N5	4	4.0389e-01	1.8657e-01	0.366597	2
MC2R	4	4.0410e-01	1.8657e-01	0.366597	1
STC1	4	4.0410e-01	1.8657e-01	0.366597	2
NTF4	4	4.0417e-01	1.8657e-01	0.366597	2
FAM209B	4	4.0424e-01	1.8657e-01	0.366597	2
ZFYVE27	4	4.0429e-01	1.8657e-01	0.366597	2
PRRC2B	4	4.0434e-01	1.8657e-01	0.366597	1
CAD	4	4.0438e-01	1.8657e-01	0.366597	1
MYBPHL	4	4.0441e-01	1.8657e-01	0.366597	2
CD3E	4	4.0455e-01	1.8657e-01	0.366597	2
ZNF136	4	4.0481e-01	1.8877e-01	0.370458	2
GATA4	4	4.0490e-01	1.8877e-01	0.370458	2
ARL13A	4	4.0492e-01	1.8877e-01	0.370458	2
LRRC39	4	4.0499e-01	1.8877e-01	0.370458	2
FAM13C	4	4.0504e-01	1.8877e-01	0.370458	2
C9orf139	4	4.0515e-01	1.8877e-01	0.370458	2
NF1	4	4.0522e-01	1.8877e-01	0.370458	1
ALDH9A1	4	4.0522e-01	1.8877e-01	0.370458	2
C19orf68	4	4.0531e-01	1.8877e-01	0.370458	2
PYURF	4	4.0545e-01	1.8877e-01	0.370458	2
SLC30A10	4	4.0550e-01	1.8877e-01	0.370458	2
TCEAL4	4	4.0564e-01	1.8979e-01	0.372195	2
FAXDC2	4	4.0569e-01	1.8979e-01	0.372195	1
IRS2	4	4.0581e-01	1.8979e-01	0.372195	1
CPEB2	4	4.0584e-01	1.8979e-01	0.372195	2
GON4L	4	4.0585e-01	1.8979e-01	0.372195	1
HMGN2	4	4.0588e-01	1.8979e-01	0.372195	1
TSPAN18	4	4.0589e-01	1.8979e-01	0.372195	2
ACAP1	4	4.0596e-01	1.9201e-01	0.376324	2
HNRNPA1	4	4.0599e-01	1.9201e-01	0.376324	2
RTN1	4	4.0600e-01	1.9201e-01	0.376324	2
LMOD1	4	4.0609e-01	1.9201e-01	0.376324	1
FAM198B	4	4.0616e-01	1.9201e-01	0.376324	1
KCNH2	4	4.0624e-01	1.9201e-01	0.376324	2
SUCO	4	4.0634e-01	1.9303e-01	0.377784	2
LYSMD1	4	4.0637e-01	1.9303e-01	0.377784	2
RXRG	4	4.0639e-01	1.9303e-01	0.377784	2
GKN2	4	4.0642e-01	1.9303e-01	0.377784	2
MARCHF10	4	4.0651e-01	1.9303e-01	0.377784	1
ANKRD34A	4	4.0660e-01	1.9303e-01	0.377784	1
ZYX	4	4.0662e-01	1.9303e-01	0.377784	2
FBXL4	4	4.0672e-01	1.9303e-01	0.377784	2
SULT6B1	4	4.0676e-01	1.9303e-01	0.377784	2
CRYBB3	4	4.0677e-01	1.9303e-01	0.377784	2
CKAP4	4	4.0685e-01	1.9404e-01	0.379207	2
ADA	4	4.0692e-01	1.9404e-01	0.379207	2
CRLF1	4	4.0700e-01	1.9404e-01	0.379207	1
GNAI2	4	4.0701e-01	1.9404e-01	0.379207	2
HIF1AN	4	4.0706e-01	1.9404e-01	0.379207	2
IRF5	4	4.0715e-01	1.9404e-01	0.379207	2
DNAJB9	4	4.0720e-01	1.9404e-01	0.379207	2
ZRANB3	4	4.0733e-01	1.9404e-01	0.379207	2
CHRDL2	4	4.0736e-01	1.9404e-01	0.379207	2
LTB4R2	4	4.0745e-01	1.9404e-01	0.379207	2
MYLK2	4	4.0756e-01	1.9404e-01	0.379207	2
MBOAT1	4	4.0781e-01	1.9404e-01	0.379207	2
CCDC77	4	4.0784e-01	1.9404e-01	0.379207	1
IL1A	4	4.0789e-01	1.9404e-01	0.379207	2
POLQ	4	4.0812e-01	1.9507e-01	0.380875	2
NRIP2	4	4.0816e-01	1.9507e-01	0.380875	2
COA4	4	4.0828e-01	1.9507e-01	0.380875	2
MTPN	4	4.0829e-01	1.9507e-01	0.380875	1
RGR	4	4.0835e-01	1.9507e-01	0.380875	2
PDCD1LG2	4	4.0836e-01	1.9507e-01	0.380875	2
SVOP	4	4.0843e-01	1.9507e-01	0.380875	1
ZNF587	4	4.0854e-01	1.9507e-01	0.380875	1
TMEM11	4	4.0871e-01	1.9507e-01	0.380875	2
SETD9	4	4.0904e-01	1.9613e-01	0.380966	2
CANX	4	4.0915e-01	1.9613e-01	0.380966	1
SRR	4	4.0919e-01	1.9613e-01	0.380966	2
PCYT2	4	4.0927e-01	1.9613e-01	0.380966	2
ZNF497	4	4.0938e-01	1.9613e-01	0.380966	1
C14orf180	4	4.0939e-01	1.9613e-01	0.380966	2
ZNF253	4	4.0944e-01	1.9613e-01	0.380966	2
HDAC7	4	4.0953e-01	1.9613e-01	0.380966	2
RNF212B	4	4.0960e-01	1.9613e-01	0.380966	1
KCNJ9	4	4.0961e-01	1.9613e-01	0.380966	2
RNF186	4	4.0974e-01	1.9613e-01	0.380966	2
ADGRF3	4	4.0977e-01	1.9613e-01	0.380966	2
TCHH	4	4.0979e-01	1.9613e-01	0.380966	2
CARD14	4	4.0982e-01	1.9613e-01	0.380966	2
OR5B21	4	4.0983e-01	1.9613e-01	0.380966	1
KIAA1522	4	4.0989e-01	1.9613e-01	0.380966	2
CDK20	4	4.0997e-01	1.9714e-01	0.380966	2
CLMN	4	4.1002e-01	1.9714e-01	0.380966	2
NR2E1	4	4.1007e-01	1.9714e-01	0.380966	2
INHBB	4	4.1014e-01	1.9714e-01	0.380966	2
SGCB	4	4.1014e-01	1.9714e-01	0.380966	2
MAP6	4	4.1028e-01	1.9817e-01	0.380966	2
DNAH1	4	4.1032e-01	1.9817e-01	0.380966	1
SYNGR4	4	4.1039e-01	1.9817e-01	0.380966	2
NBR1	4	4.1040e-01	1.9817e-01	0.380966	2
ADH1C	4	4.1045e-01	1.9817e-01	0.380966	1
C16orf92	4	4.1049e-01	1.9817e-01	0.380966	2
TGIF1	4	4.1076e-01	1.9817e-01	0.380966	2
ZBTB32	4	4.1082e-01	1.9817e-01	0.380966	2
AHCYL2	4	4.1083e-01	1.9817e-01	0.380966	2
QRICH2	4	4.1098e-01	1.9817e-01	0.380966	2
SYNPR	4	4.1106e-01	1.9817e-01	0.380966	2
ADAM15	4	4.1115e-01	1.9817e-01	0.380966	1
LETMD1	4	4.1122e-01	1.9817e-01	0.380966	2
C7orf77	4	4.1125e-01	1.9817e-01	0.380966	2
KLHL22	4	4.1129e-01	1.9817e-01	0.380966	2
ADCK3	4	4.1131e-01	1.9817e-01	0.380966	1
LOC403312	4	4.1131e-01	1.9817e-01	0.380966	2
THSD1	4	4.1140e-01	1.9817e-01	0.380966	2
G0S2	4	4.1152e-01	1.9817e-01	0.380966	2
SDC1	4	4.1159e-01	1.9817e-01	0.380966	2
TMEM174	4	4.1161e-01	1.9817e-01	0.380966	2
YPEL1	4	4.1179e-01	1.9817e-01	0.380966	2
MKS1	4	4.1181e-01	1.9817e-01	0.380966	2
SYNJ2BP	4	4.1184e-01	1.9817e-01	0.380966	2
B3GNT8	4	4.1193e-01	1.9817e-01	0.380966	2
CPO	4	4.1204e-01	1.9817e-01	0.380966	1
CCDC62	4	4.1204e-01	1.9817e-01	0.380966	2
OR51S1	4	4.1209e-01	1.9817e-01	0.380966	2
ARHGEF2	4	4.1212e-01	1.9817e-01	0.380966	2
STARD9	4	4.1218e-01	1.9817e-01	0.380966	2
ENG	4	4.1219e-01	1.9817e-01	0.380966	1
ACTL10	4	4.1247e-01	1.9817e-01	0.380966	2
USP35	4	4.1251e-01	1.9817e-01	0.380966	2
PPARG	4	4.1261e-01	1.9817e-01	0.380966	2
DPP7	4	4.1274e-01	1.9817e-01	0.380966	2
PCDH11X	4	4.1276e-01	1.9817e-01	0.380966	2
ZNF275	4	4.1278e-01	1.9817e-01	0.380966	1
STX6	4	4.1281e-01	1.9817e-01	0.380966	2
EID1	4	4.1285e-01	1.9817e-01	0.380966	2
SPANXA1	4	4.1296e-01	1.9817e-01	0.380966	1
TSTD2	4	4.1299e-01	1.9817e-01	0.380966	2
DEFB130	4	4.1320e-01	1.9817e-01	0.380966	2
DNAJC19	4	4.1333e-01	1.9817e-01	0.380966	2
CHCHD5	4	4.1337e-01	1.9817e-01	0.380966	1
DMRTA2	4	4.1338e-01	1.9817e-01	0.380966	2
HGH1	4	4.1344e-01	1.9817e-01	0.380966	1
GABRR1	4	4.1345e-01	1.9817e-01	0.380966	2
DOK6	4	4.1354e-01	1.9817e-01	0.380966	2
FGF21	4	4.1368e-01	1.9817e-01	0.380966	2
PROCR	4	4.1403e-01	1.9817e-01	0.380966	1
DRAM2	4	4.1407e-01	1.9817e-01	0.380966	2
FAAH	3	4.1412e-01	2.1959e-01	0.402974	2
GMFB	4	4.1416e-01	1.9817e-01	0.380966	2
BCL2	4	4.1424e-01	1.9817e-01	0.380966	2
RGS2	4	4.1427e-01	1.9817e-01	0.380966	1
LRRC14	4	4.1434e-01	1.9817e-01	0.380966	1
BEND5	4	4.1437e-01	1.9817e-01	0.380966	2
TBX4	4	4.1448e-01	1.9817e-01	0.380966	1
NMNAT3	4	4.1448e-01	1.9817e-01	0.380966	2
MFRP	4	4.1458e-01	1.9817e-01	0.380966	2
ST6GALNAC2	4	4.1462e-01	1.9817e-01	0.380966	2
HIAT1	4	4.1465e-01	1.9817e-01	0.380966	1
C19orf48	4	4.1469e-01	1.9817e-01	0.380966	2
NEDD8-MDP1	4	4.1469e-01	1.9817e-01	0.380966	2
ITGA10	4	4.1471e-01	1.9817e-01	0.380966	2
CD300LG	4	4.1483e-01	1.9817e-01	0.380966	2
LUC7L	4	4.1483e-01	1.9817e-01	0.380966	2
GALR2	4	4.1487e-01	1.9817e-01	0.380966	2
SLITRK3	4	4.1497e-01	1.9817e-01	0.380966	2
VWF	4	4.1500e-01	1.9817e-01	0.380966	2
PSG6	4	4.1508e-01	1.9817e-01	0.380966	2
COMP	4	4.1514e-01	1.9817e-01	0.380966	2
PTPRT	4	4.1517e-01	1.9817e-01	0.380966	2
UGT2A1	4	4.1522e-01	1.9817e-01	0.380966	2
PDE5A	4	4.1535e-01	1.9817e-01	0.380966	2
FLRT1	4	4.1538e-01	1.9817e-01	0.380966	2
HMGB3	4	4.1545e-01	1.9817e-01	0.380966	2
SLC2A9	4	4.1547e-01	1.9817e-01	0.380966	2
C19orf66	4	4.1549e-01	1.9817e-01	0.380966	2
TMEM147	4	4.1554e-01	1.9817e-01	0.380966	1
ANKRD32	4	4.1562e-01	1.9817e-01	0.380966	2
LYPLA2	4	4.1562e-01	1.9817e-01	0.380966	2
GSPT2	4	4.1593e-01	1.9817e-01	0.380966	2
COL15A1	4	4.1605e-01	1.9817e-01	0.380966	2
ARRDC4	4	4.1611e-01	1.9817e-01	0.380966	2
CRB1	4	4.1623e-01	1.9817e-01	0.380966	1
ARX	4	4.1623e-01	1.9817e-01	0.380966	2
ASPHD2	4	4.1623e-01	1.9817e-01	0.380966	2
GABRA4	4	4.1625e-01	1.9817e-01	0.380966	2
C11orf16	4	4.1632e-01	1.9817e-01	0.380966	2
BCL7B	4	4.1634e-01	1.9817e-01	0.380966	2
CORO2B	4	4.1635e-01	1.9817e-01	0.380966	1
PDE4B	4	4.1637e-01	1.9817e-01	0.380966	2
ZDHHC17	4	4.1640e-01	1.9817e-01	0.380966	2
LAMP3	4	4.1642e-01	1.9817e-01	0.380966	2
MBD5	4	4.1647e-01	1.9817e-01	0.380966	1
DCAF15	4	4.1647e-01	1.9817e-01	0.380966	2
UBXN8	3	4.1648e-01	2.1959e-01	0.402974	2
CNN2	4	4.1651e-01	1.9817e-01	0.380966	2
CSNK2A2	4	4.1652e-01	1.9817e-01	0.380966	1
RALGDS	4	4.1653e-01	1.9817e-01	0.380966	2
NIPAL2	4	4.1662e-01	1.9817e-01	0.380966	2
OR13A1	4	4.1699e-01	1.9817e-01	0.380966	2
PTCHD2	4	4.1708e-01	1.9817e-01	0.380966	2
PGLYRP3	4	4.1711e-01	1.9817e-01	0.380966	2
VWA8	4	4.1715e-01	1.9817e-01	0.380966	2
PTHLH	4	4.1726e-01	1.9817e-01	0.380966	2
ADGRB1	4	4.1728e-01	1.9817e-01	0.380966	1
TMEM229A	4	4.1741e-01	1.9817e-01	0.380966	2
RTN4RL2	4	4.1749e-01	1.9817e-01	0.380966	1
LGALS14	4	4.1749e-01	1.9817e-01	0.380966	2
ITM2C	4	4.1756e-01	1.9817e-01	0.380966	2
NDUFC2-KCTD14	4	4.1756e-01	1.9817e-01	0.380966	2
KRT40	4	4.1761e-01	1.9817e-01	0.380966	1
CDK5	4	4.1761e-01	1.9817e-01	0.380966	2
POGK	4	4.1763e-01	1.9817e-01	0.380966	2
CFAP221	4	4.1768e-01	1.9817e-01	0.380966	2
AKAP6	4	4.1773e-01	1.9817e-01	0.380966	1
PHYHIPL	4	4.1776e-01	1.9817e-01	0.380966	1
NDUFAF4	4	4.1780e-01	1.9817e-01	0.380966	2
SRC	4	4.1780e-01	1.9817e-01	0.380966	2
PLA2G2A	4	4.1791e-01	1.9817e-01	0.380966	2
TGFBI	4	4.1804e-01	1.9817e-01	0.380966	1
CPA4	4	4.1805e-01	1.9817e-01	0.380966	2
MYBPC3	4	4.1809e-01	1.9817e-01	0.380966	2
CSH2	4	4.1811e-01	1.9817e-01	0.380966	1
UACA	4	4.1821e-01	1.9817e-01	0.380966	2
CNNM2	4	4.1823e-01	1.9817e-01	0.380966	2
EMX1	4	4.1830e-01	1.9817e-01	0.380966	2
GFI1	4	4.1832e-01	1.9817e-01	0.380966	2
NR4A2	4	4.1839e-01	1.9817e-01	0.380966	2
OR52M1	4	4.1871e-01	1.9817e-01	0.380966	2
MURC	4	4.1878e-01	1.9817e-01	0.380966	2
LRRC10	4	4.1887e-01	1.9923e-01	0.381857	2
ZNF768	4	4.1892e-01	1.9923e-01	0.381857	2
SLC45A1	4	4.1900e-01	1.9923e-01	0.381857	2
NAA40	4	4.1903e-01	1.9923e-01	0.381857	2
DENND1A	4	4.1904e-01	1.9923e-01	0.381857	2
ABO	4	4.1914e-01	1.9923e-01	0.381857	1
SCGB1D1	4	4.1924e-01	1.9923e-01	0.381857	2
GATA3	4	4.1933e-01	1.9923e-01	0.381857	2
RABEPK	4	4.1940e-01	1.9923e-01	0.381857	2
CLTB	4	4.1956e-01	1.9923e-01	0.381857	2
WEE2	4	4.1966e-01	1.9923e-01	0.381857	1
HLA-DPA1	4	4.1979e-01	1.9923e-01	0.381857	2
LMO3	4	4.1997e-01	1.9923e-01	0.381857	1
TBX6	4	4.1998e-01	1.9923e-01	0.381857	2
NR4A3	4	4.2003e-01	1.9923e-01	0.381857	2
BHLHE40	4	4.2010e-01	1.9923e-01	0.381857	2
MYL12B	4	4.2018e-01	1.9923e-01	0.381857	2
NAP1L4	4	4.2019e-01	1.9923e-01	0.381857	2
GAGE2B	4	4.2037e-01	1.9923e-01	0.381857	2
C9orf156	4	4.2041e-01	1.9923e-01	0.381857	2
SLC6A14	4	4.2047e-01	1.9923e-01	0.381857	2
SPRYD4	4	4.2048e-01	1.9923e-01	0.381857	2
LOC100505841	4	4.2057e-01	1.9923e-01	0.381857	2
ELF1	4	4.2057e-01	1.9923e-01	0.381857	2
LCE3E	4	4.2060e-01	1.9923e-01	0.381857	2
TMEM217	4	4.2065e-01	1.9923e-01	0.381857	1
FAM204A	4	4.2067e-01	1.9923e-01	0.381857	2
MYLPF	4	4.2076e-01	1.9923e-01	0.381857	1
RAB5B	4	4.2079e-01	1.9923e-01	0.381857	2
NAP1L5	4	4.2083e-01	1.9923e-01	0.381857	2
DIAPH2	4	4.2089e-01	2.0139e-01	0.385310	1
OR5W2	4	4.2093e-01	2.0139e-01	0.385310	1
FRMPD1	4	4.2096e-01	2.0139e-01	0.385310	2
SCX	4	4.2106e-01	2.0139e-01	0.385310	2
OR1S1	4	4.2113e-01	2.0139e-01	0.385310	2
BRINP3	4	4.2119e-01	2.0139e-01	0.385310	2
ZNF101	4	4.2120e-01	2.0139e-01	0.385310	1
WNT9B	4	4.2122e-01	2.0139e-01	0.385310	2
CFL2	4	4.2124e-01	2.0139e-01	0.385310	1
GZMB	4	4.2131e-01	2.0139e-01	0.385310	2
NARR	4	4.2135e-01	2.0139e-01	0.385310	2
HRNR	4	4.2142e-01	2.0139e-01	0.385310	2
ST3GAL2	4	4.2149e-01	2.0139e-01	0.385310	2
C7orf71	4	4.2151e-01	2.0139e-01	0.385310	2
CCDC28B	4	4.2165e-01	2.0139e-01	0.385310	2
ZKSCAN2	4	4.2189e-01	2.0139e-01	0.385310	1
GRIP1	4	4.2192e-01	2.0139e-01	0.385310	2
QSOX2	4	4.2213e-01	2.0139e-01	0.385310	1
PTCRA	4	4.2220e-01	2.0247e-01	0.386589	2
DCTD	4	4.2223e-01	2.0247e-01	0.386589	2
OR51M1	4	4.2253e-01	2.0247e-01	0.386589	2
HOXC9	4	4.2255e-01	2.0247e-01	0.386589	2
CNR1	4	4.2275e-01	2.0247e-01	0.386589	2
ENTPD3	4	4.2276e-01	2.0247e-01	0.386589	2
CA3	4	4.2288e-01	2.0247e-01	0.386589	1
COL25A1	4	4.2301e-01	2.0247e-01	0.386589	2
HBD	4	4.2308e-01	2.0247e-01	0.386589	2
CGB2	4	4.2326e-01	2.0247e-01	0.386589	2
SPIRE2	4	4.2333e-01	2.0247e-01	0.386589	2
IRAK4	4	4.2340e-01	2.0247e-01	0.386589	2
ITGAX	4	4.2342e-01	2.0247e-01	0.386589	2
TGM1	4	4.2347e-01	2.0247e-01	0.386589	2
OR2AE1	4	4.2357e-01	2.0247e-01	0.386589	2
ZNF10	4	4.2358e-01	2.0247e-01	0.386589	2
DDI1	4	4.2362e-01	2.0247e-01	0.386589	2
HNRNPA1L2	4	4.2365e-01	2.0247e-01	0.386589	2
OLFM3	4	4.2377e-01	2.0247e-01	0.386589	1
MYO1H	4	4.2384e-01	2.0247e-01	0.386589	2
KCND2	4	4.2393e-01	2.0356e-01	0.388241	2
ARSK	4	4.2398e-01	2.0356e-01	0.388241	2
OPRD1	4	4.2401e-01	2.0356e-01	0.388241	2
SGPP2	4	4.2409e-01	2.0356e-01	0.388241	2
SP140L	4	4.2413e-01	2.0356e-01	0.388241	2
IKZF3	4	4.2413e-01	2.0356e-01	0.388241	2
PLD1	4	4.2418e-01	2.0356e-01	0.388241	2
NRG1	4	4.2422e-01	2.0356e-01	0.388241	2
HOXD3	4	4.2425e-01	2.0356e-01	0.388241	2
ATG2A	4	4.2432e-01	2.0356e-01	0.388241	2
NAT6	4	4.2435e-01	2.0356e-01	0.388241	1
PLCXD1	4	4.2439e-01	2.0459e-01	0.389636	1
DNMT3B	4	4.2446e-01	2.0459e-01	0.389636	2
PLVAP	4	4.2449e-01	2.0459e-01	0.389636	2
RHBDD1	4	4.2457e-01	2.0459e-01	0.389636	2
CPXCR1	4	4.2469e-01	2.0459e-01	0.389636	2
B4GALT3	4	4.2476e-01	2.0459e-01	0.389636	2
DCC	4	4.2480e-01	2.0459e-01	0.389636	1
FOXD4L5	4	4.2483e-01	2.0459e-01	0.389636	2
NRSN2	4	4.2486e-01	2.0459e-01	0.389636	2
MKL2	4	4.2494e-01	2.0459e-01	0.389636	2
MOV10L1	4	4.2498e-01	2.0459e-01	0.389636	2
VCX	4	4.2507e-01	2.0459e-01	0.389636	1
KCNQ5	4	4.2515e-01	2.0459e-01	0.389636	2
C7orf33	4	4.2519e-01	2.0459e-01	0.389636	2
LCTL	4	4.2521e-01	2.0459e-01	0.389636	2
CCDC66	4	4.2531e-01	2.0565e-01	0.391380	2
KLHL15	4	4.2534e-01	2.0565e-01	0.391380	2
ERICH6B	4	4.2535e-01	2.0565e-01	0.391380	2
CAPG	4	4.2551e-01	2.0565e-01	0.391380	2
TLL2	4	4.2569e-01	2.0565e-01	0.391380	1
FAM172A	4	4.2570e-01	2.0565e-01	0.391380	2
ZNF358	4	4.2572e-01	2.0565e-01	0.391380	2
ZNF799	4	4.2590e-01	2.0780e-01	0.394801	2
BHLHA15	4	4.2592e-01	2.0780e-01	0.394801	2
MED12	4	4.2599e-01	2.0780e-01	0.394801	1
IRX6	4	4.2602e-01	2.0780e-01	0.394801	2
MUC12	4	4.2606e-01	2.0780e-01	0.394801	2
NOVA1	4	4.2623e-01	2.0780e-01	0.394801	2
CDH7	4	4.2627e-01	2.0780e-01	0.394801	1
CDKL2	4	4.2637e-01	2.0780e-01	0.394801	1
PTPRH	4	4.2652e-01	2.0780e-01	0.394801	2
POU4F3	4	4.2671e-01	2.0780e-01	0.394801	2
SHISA8	4	4.2673e-01	2.0780e-01	0.394801	2
LEAP2	4	4.2688e-01	2.0780e-01	0.394801	1
CD5	4	4.2696e-01	2.0780e-01	0.394801	2
DCAF4	4	4.2726e-01	2.0780e-01	0.394801	2
STAP1	4	4.2730e-01	2.0780e-01	0.394801	2
SLC6A20	4	4.2733e-01	2.0780e-01	0.394801	2
RNF170	4	4.2758e-01	2.0780e-01	0.394801	2
CABLES1	4	4.2772e-01	2.0885e-01	0.396440	2
FAM3C	4	4.2773e-01	2.0885e-01	0.396440	1
CDKN2AIP	4	4.2774e-01	2.0885e-01	0.396440	2
ALS2CL	4	4.2778e-01	2.0885e-01	0.396440	2
ARL11	4	4.2783e-01	2.0885e-01	0.396440	1
RRM2B	4	4.2786e-01	2.0885e-01	0.396440	2
ADGRL4	4	4.2790e-01	2.0885e-01	0.396440	2
DUSP14	4	4.2797e-01	2.0885e-01	0.396440	2
FLT1	4	4.2797e-01	2.0885e-01	0.396440	2
FBRS	4	4.2814e-01	2.1099e-01	0.399627	1
CREB3	4	4.2825e-01	2.1099e-01	0.399627	2
NOD1	4	4.2829e-01	2.1099e-01	0.399627	2
REG3A	4	4.2834e-01	2.1099e-01	0.399627	1
CDKN2AIPNL	4	4.2838e-01	2.1099e-01	0.399627	2
ZNF571	4	4.2841e-01	2.1099e-01	0.399627	1
CCDC106	4	4.2851e-01	2.1099e-01	0.399627	1
UBE2L6	4	4.2852e-01	2.1099e-01	0.399627	2
SETMAR	4	4.2857e-01	2.1099e-01	0.399627	2
NDNF	4	4.2858e-01	2.1099e-01	0.399627	1
C5orf66	4	4.2861e-01	2.1099e-01	0.399627	2
MTMR8	4	4.2868e-01	2.1099e-01	0.399627	1
CDX4	4	4.2875e-01	2.1099e-01	0.399627	2
DMD	4	4.2877e-01	2.1099e-01	0.399627	1
DAXX	4	4.2885e-01	2.1099e-01	0.399627	1
PDDC1	4	4.2899e-01	2.1099e-01	0.399627	2
FLI1	4	4.2904e-01	2.1099e-01	0.399627	1
KRT79	4	4.2905e-01	2.1099e-01	0.399627	2
EVA1B	3	4.2915e-01	2.3099e-01	0.417964	2
TSPAN9	4	4.2921e-01	2.1099e-01	0.399627	2
NDUFA2	4	4.2926e-01	2.1099e-01	0.399627	2
ADAMTS5	4	4.2930e-01	2.1099e-01	0.399627	2
RXRA	4	4.2933e-01	2.1099e-01	0.399627	1
SERINC2	4	4.2963e-01	2.1203e-01	0.401487	2
C15orf40	4	4.2979e-01	2.1203e-01	0.401487	1
NBEA	4	4.2990e-01	2.1203e-01	0.401487	1
SLC25A30	4	4.2996e-01	2.1312e-01	0.401959	2
SMARCAL1	4	4.3011e-01	2.1312e-01	0.401959	2
FPGT-TNNI3K	4	4.3015e-01	2.1312e-01	0.401959	2
NOX4	4	4.3028e-01	2.1312e-01	0.401959	1
SMIM10L1	4	4.3040e-01	2.1312e-01	0.401959	2
SAMD15	4	4.3059e-01	2.1312e-01	0.401959	2
SLC35E4	4	4.3075e-01	2.1312e-01	0.401959	1
ZNF20	4	4.3079e-01	2.1312e-01	0.401959	2
PAGE4	4	4.3080e-01	2.1312e-01	0.401959	2
DLGAP1	4	4.3090e-01	2.1312e-01	0.401959	2
KCP	4	4.3090e-01	2.1312e-01	0.401959	2
PAAF1	4	4.3094e-01	2.1312e-01	0.401959	2
LRFN1	4	4.3102e-01	2.1312e-01	0.401959	1
C16orf13	4	4.3112e-01	2.1312e-01	0.401959	2
STMN4	4	4.3126e-01	2.1312e-01	0.401959	2
TNFRSF10B	4	4.3135e-01	2.1312e-01	0.401959	2
UBE2B	4	4.3139e-01	2.1312e-01	0.401959	2
MFNG	4	4.3144e-01	2.1312e-01	0.401959	2
KIAA1755	4	4.3153e-01	2.1312e-01	0.401959	2
WFDC10A	4	4.3156e-01	2.1312e-01	0.401959	2
OMG	4	4.3178e-01	2.1312e-01	0.401959	2
SGK3	4	4.3187e-01	2.1312e-01	0.401959	2
SLC9A3R1	4	4.3190e-01	2.1312e-01	0.401959	1
NRG2	4	4.3195e-01	2.1312e-01	0.401959	2
GPR34	4	4.3202e-01	2.1312e-01	0.401959	2
LCN8	4	4.3209e-01	2.1312e-01	0.401959	2
ZNF526	4	4.3217e-01	2.1312e-01	0.401959	2
ZNF134	4	4.3230e-01	2.1312e-01	0.401959	2
FZD7	4	4.3233e-01	2.1312e-01	0.401959	2
EMILIN2	4	4.3239e-01	2.1312e-01	0.401959	2
SPTB	4	4.3245e-01	2.1312e-01	0.401959	2
CES3	4	4.3248e-01	2.1312e-01	0.401959	1
MAP3K10	4	4.3249e-01	2.1312e-01	0.401959	2
PAMR1	4	4.3251e-01	2.1312e-01	0.401959	2
TYW1	4	4.3259e-01	2.1312e-01	0.401959	2
COLEC11	4	4.3265e-01	2.1312e-01	0.401959	1
ENOX1	4	4.3267e-01	2.1312e-01	0.401959	2
ACRC	4	4.3268e-01	2.1312e-01	0.401959	1
CD164L2	4	4.3288e-01	2.1312e-01	0.401959	2
OTUD6B	4	4.3291e-01	2.1312e-01	0.401959	2
C4orf29	4	4.3297e-01	2.1421e-01	0.402974	2
FAM45A	4	4.3304e-01	2.1421e-01	0.402974	2
VGLL4	4	4.3305e-01	2.1422e-01	0.402974	1
CCDC43	4	4.3312e-01	2.1422e-01	0.402974	1
ZFP30	4	4.3319e-01	2.1534e-01	0.402974	1
NAT2	4	4.3332e-01	2.1534e-01	0.402974	2
PPM1L	4	4.3337e-01	2.1534e-01	0.402974	2
YIPF2	4	4.3361e-01	2.1534e-01	0.402974	2
RAP2A	4	4.3373e-01	2.1534e-01	0.402974	2
S100A12	4	4.3376e-01	2.1534e-01	0.402974	2
TNFRSF17	4	4.3386e-01	2.1534e-01	0.402974	1
POLN	4	4.3394e-01	2.1534e-01	0.402974	2
TIRAP	4	4.3396e-01	2.1534e-01	0.402974	2
METTL13	4	4.3407e-01	2.1534e-01	0.402974	1
GTSE1	4	4.3410e-01	2.1534e-01	0.402974	2
CRABP1	4	4.3415e-01	2.1534e-01	0.402974	2
MS4A12	4	4.3415e-01	2.1534e-01	0.402974	1
LYNX1	4	4.3417e-01	2.1534e-01	0.402974	2
LRFN2	4	4.3419e-01	2.1534e-01	0.402974	2
SUSD4	4	4.3424e-01	2.1534e-01	0.402974	2
PLEKHG1	4	4.3427e-01	2.1534e-01	0.402974	1
TMTC3	4	4.3439e-01	2.1650e-01	0.402974	1
MS4A7	4	4.3442e-01	2.1650e-01	0.402974	2
FCAMR	4	4.3444e-01	2.1650e-01	0.402974	2
EQTN	4	4.3448e-01	2.1650e-01	0.402974	2
TRIM54	4	4.3454e-01	2.1650e-01	0.402974	2
LHFPL4	4	4.3472e-01	2.1650e-01	0.402974	2
SLC14A1	4	4.3474e-01	2.1650e-01	0.402974	2
AZIN1	4	4.3479e-01	2.1650e-01	0.402974	2
ERMAP	3	4.3486e-01	2.3266e-01	0.419584	2
UNG	4	4.3496e-01	2.1650e-01	0.402974	2
VTI1B	4	4.3502e-01	2.1650e-01	0.402974	2
MT3	4	4.3509e-01	2.1650e-01	0.402974	2
C2orf73	4	4.3509e-01	2.1650e-01	0.402974	2
CDKL5	4	4.3521e-01	2.1650e-01	0.402974	1
RLN3	4	4.3528e-01	2.1650e-01	0.402974	1
PRSS57	4	4.3548e-01	2.1650e-01	0.402974	2
ASPH	4	4.3555e-01	2.1650e-01	0.402974	1
TMEM45A	4	4.3559e-01	2.1650e-01	0.402974	2
ACSM4	4	4.3563e-01	2.1650e-01	0.402974	1
OR5L2	4	4.3585e-01	2.1650e-01	0.402974	2
MMADHC	4	4.3589e-01	2.1650e-01	0.402974	2
PDYN	4	4.3591e-01	2.1650e-01	0.402974	2
CUEDC2	4	4.3592e-01	2.1650e-01	0.402974	2
HDGF	3	4.3598e-01	2.3361e-01	0.420835	1
KDM3A	4	4.3598e-01	2.1650e-01	0.402974	2
BAHD1	4	4.3604e-01	2.1650e-01	0.402974	1
NFX1	4	4.3604e-01	2.1650e-01	0.402974	2
USP30	4	4.3612e-01	2.1650e-01	0.402974	2
CRCT1	4	4.3630e-01	2.1650e-01	0.402974	2
SMTNL2	4	4.3635e-01	2.1650e-01	0.402974	2
SGPL1	4	4.3636e-01	2.1650e-01	0.402974	2
XPO4	4	4.3642e-01	2.1650e-01	0.402974	2
GCC2	4	4.3644e-01	2.1650e-01	0.402974	2
RNF207	4	4.3649e-01	2.1650e-01	0.402974	2
LGALS2	4	4.3657e-01	2.1650e-01	0.402974	2
ECHDC2	4	4.3663e-01	2.1650e-01	0.402974	2
UNC119	4	4.3664e-01	2.1650e-01	0.402974	2
SMCO2	4	4.3672e-01	2.1650e-01	0.402974	2
CLCF1	4	4.3683e-01	2.1760e-01	0.402974	2
TNRC6B	4	4.3713e-01	2.1760e-01	0.402974	2
RDH10	4	4.3718e-01	2.1760e-01	0.402974	2
DCAKD	4	4.3720e-01	2.1760e-01	0.402974	2
CCDC172	4	4.3720e-01	2.1760e-01	0.402974	1
ACTRT1	4	4.3727e-01	2.1760e-01	0.402974	2
KDELR1	4	4.3747e-01	2.1760e-01	0.402974	2
UVSSA	4	4.3753e-01	2.1760e-01	0.402974	1
CXCR6	4	4.3760e-01	2.1760e-01	0.402974	1
TOR1B	4	4.3763e-01	2.1760e-01	0.402974	2
XPO6	4	4.3768e-01	2.1760e-01	0.402974	2
ODC1	4	4.3780e-01	2.1760e-01	0.402974	2
VWDE	4	4.3787e-01	2.1760e-01	0.402974	1
VASH2	4	4.3791e-01	2.1760e-01	0.402974	2
MZB1	4	4.3794e-01	2.1760e-01	0.402974	2
KANK1	4	4.3801e-01	2.1760e-01	0.402974	2
OSM	4	4.3822e-01	2.1760e-01	0.402974	2
IDH3B	4	4.3837e-01	2.1760e-01	0.402974	2
SRRM5	4	4.3841e-01	2.1760e-01	0.402974	2
TMED8	4	4.3861e-01	2.1760e-01	0.402974	2
WDR91	4	4.3884e-01	2.1760e-01	0.402974	1
NDUFB5	4	4.3888e-01	2.1760e-01	0.402974	1
USP13	4	4.3890e-01	2.1760e-01	0.402974	2
NID2	4	4.3894e-01	2.1760e-01	0.402974	2
CARD9	4	4.3896e-01	2.1760e-01	0.402974	2
COL6A2	4	4.3897e-01	2.1760e-01	0.402974	2
MT1HL1	4	4.3906e-01	2.1760e-01	0.402974	2
NRL	4	4.3906e-01	2.1760e-01	0.402974	1
TMBIM6	4	4.3911e-01	2.1760e-01	0.402974	2
GLB1L	4	4.3918e-01	2.1760e-01	0.402974	2
OVOL2	4	4.3921e-01	2.1760e-01	0.402974	1
ZNF609	4	4.3930e-01	2.1760e-01	0.402974	2
C2orf91	4	4.3936e-01	2.1760e-01	0.402974	2
ADAM32	4	4.3938e-01	2.1760e-01	0.402974	2
HOXA3	4	4.3945e-01	2.1760e-01	0.402974	1
FAM9A	4	4.3952e-01	2.1760e-01	0.402974	2
ZFP69B	4	4.3956e-01	2.1760e-01	0.402974	2
IL3	4	4.3958e-01	2.1760e-01	0.402974	2
ROCK1	4	4.3963e-01	2.1760e-01	0.402974	2
RIT2	4	4.3966e-01	2.1760e-01	0.402974	2
SLAMF6	4	4.3971e-01	2.1760e-01	0.402974	2
METRN	4	4.3977e-01	2.1760e-01	0.402974	2
HN1	4	4.3982e-01	2.1760e-01	0.402974	1
FSTL5	4	4.4020e-01	2.1760e-01	0.402974	2
OR14J1	4	4.4023e-01	2.1760e-01	0.402974	2
BFSP2	4	4.4025e-01	2.1760e-01	0.402974	2
SYNJ2	4	4.4025e-01	2.1760e-01	0.402974	1
OGFOD2	4	4.4027e-01	2.1760e-01	0.402974	2
KRTAP15-1	4	4.4045e-01	2.1760e-01	0.402974	1
FABP4	4	4.4050e-01	2.1760e-01	0.402974	2
CD151	4	4.4059e-01	2.1760e-01	0.402974	2
TP53INP2	4	4.4062e-01	2.1760e-01	0.402974	1
POC5	4	4.4067e-01	2.1760e-01	0.402974	2
RAB40A	4	4.4069e-01	2.1760e-01	0.402974	2
CDK2AP2	4	4.4079e-01	2.1760e-01	0.402974	1
BCL9L	4	4.4085e-01	2.1760e-01	0.402974	2
DPT	4	4.4091e-01	2.1760e-01	0.402974	2
CDKN2D	4	4.4102e-01	2.1760e-01	0.402974	2
STX4	4	4.4112e-01	2.1760e-01	0.402974	2
DAOA	4	4.4115e-01	2.1760e-01	0.402974	2
LMOD3	4	4.4125e-01	2.1760e-01	0.402974	2
CXXC4	4	4.4129e-01	2.1760e-01	0.402974	1
C11orf1	4	4.4137e-01	2.1760e-01	0.402974	2
PTPRJ	4	4.4142e-01	2.1760e-01	0.402974	2
VLDLR	4	4.4150e-01	2.1760e-01	0.402974	2
ACAD9	4	4.4152e-01	2.1760e-01	0.402974	2
LGALS9C	4	4.4156e-01	2.1760e-01	0.402974	1
CWC15	4	4.4158e-01	2.1760e-01	0.402974	2
BNC1	4	4.4159e-01	2.1760e-01	0.402974	1
ZNF594	4	4.4162e-01	2.1760e-01	0.402974	2
LIPJ	4	4.4169e-01	2.1760e-01	0.402974	2
PNPLA7	4	4.4176e-01	2.1760e-01	0.402974	2
LAMC2	4	4.4179e-01	2.1760e-01	0.402974	2
MAST2	4	4.4181e-01	2.1760e-01	0.402974	2
PNPLA4	4	4.4183e-01	2.1760e-01	0.402974	2
TOB2	4	4.4187e-01	2.1760e-01	0.402974	2
NKX1-2	4	4.4190e-01	2.1760e-01	0.402974	2
SNTN	4	4.4196e-01	2.1760e-01	0.402974	2
ZNF735	4	4.4199e-01	2.1760e-01	0.402974	2
LSMEM2	4	4.4202e-01	2.1760e-01	0.402974	2
OR2Y1	4	4.4211e-01	2.1760e-01	0.402974	2
MAGED1	4	4.4214e-01	2.1760e-01	0.402974	2
RNF113B	4	4.4218e-01	2.1760e-01	0.402974	2
AGTR2	4	4.4222e-01	2.1760e-01	0.402974	1
FAM120A	4	4.4224e-01	2.1760e-01	0.402974	2
LYRM2	4	4.4229e-01	2.1760e-01	0.402974	2
EMC6	4	4.4234e-01	2.1760e-01	0.402974	2
PFKFB2	4	4.4239e-01	2.1760e-01	0.402974	2
GBP6	4	4.4251e-01	2.1760e-01	0.402974	2
SMURF2	4	4.4252e-01	2.1760e-01	0.402974	2
ZNF711	4	4.4257e-01	2.1760e-01	0.402974	2
HMGXB3	4	4.4262e-01	2.1760e-01	0.402974	1
PRF1	4	4.4266e-01	2.1760e-01	0.402974	2
ERP44	4	4.4269e-01	2.1760e-01	0.402974	1
PLEKHO2	4	4.4280e-01	2.1760e-01	0.402974	2
IGSF1	4	4.4282e-01	2.1760e-01	0.402974	2
ZNF740	4	4.4284e-01	2.1760e-01	0.402974	2
DDX25	4	4.4286e-01	2.1760e-01	0.402974	2
CHST5	4	4.4289e-01	2.1760e-01	0.402974	2
TMEM229B	4	4.4302e-01	2.1760e-01	0.402974	1
ALDH3B2	4	4.4306e-01	2.1760e-01	0.402974	2
PPIP5K1	4	4.4309e-01	2.1760e-01	0.402974	2
SLC4A4	4	4.4319e-01	2.1760e-01	0.402974	1
FHL3	4	4.4323e-01	2.1875e-01	0.402974	2
IL13	4	4.4335e-01	2.1875e-01	0.402974	2
MATK	4	4.4344e-01	2.1875e-01	0.402974	2
HS1BP3	4	4.4344e-01	2.1875e-01	0.402974	1
ABR	4	4.4351e-01	2.1875e-01	0.402974	2
GPR135	4	4.4351e-01	2.1875e-01	0.402974	1
FASTKD3	4	4.4362e-01	2.1875e-01	0.402974	1
SLC22A17	4	4.4365e-01	2.1875e-01	0.402974	2
IL1RAP	4	4.4385e-01	2.1875e-01	0.402974	2
CDC42BPB	4	4.4387e-01	2.1875e-01	0.402974	2
LRRC48	4	4.4403e-01	2.1875e-01	0.402974	2
SNX24	4	4.4404e-01	2.1875e-01	0.402974	1
PRADC1	4	4.4415e-01	2.1875e-01	0.402974	2
CLN8	4	4.4416e-01	2.1875e-01	0.402974	1
UBE2O	4	4.4433e-01	2.1875e-01	0.402974	2
ZNF22	4	4.4435e-01	2.1875e-01	0.402974	2
REV1	4	4.4438e-01	2.1875e-01	0.402974	2
CHD5	4	4.4441e-01	2.1875e-01	0.402974	1
POMGNT2	4	4.4446e-01	2.1875e-01	0.402974	2
PHF6	4	4.4447e-01	2.1875e-01	0.402974	2
PRR23C	4	4.4449e-01	2.1875e-01	0.402974	1
ATP11C	4	4.4451e-01	2.1875e-01	0.402974	2
ACSBG2	4	4.4452e-01	2.1875e-01	0.402974	2
TRPV2	4	4.4462e-01	2.1875e-01	0.402974	1
MTMR2	4	4.4463e-01	2.1875e-01	0.402974	2
SPERT	4	4.4465e-01	2.1875e-01	0.402974	2
DEFA3	4	4.4472e-01	2.1875e-01	0.402974	2
OCSTAMP	4	4.4479e-01	2.1875e-01	0.402974	2
ZNF613	4	4.4489e-01	2.1875e-01	0.402974	1
KIF3B	4	4.4508e-01	2.1875e-01	0.402974	2
SHANK1	4	4.4516e-01	2.1875e-01	0.402974	2
CEP152	4	4.4522e-01	2.1875e-01	0.402974	2
ECSCR	4	4.4529e-01	2.1875e-01	0.402974	2
CR1L	4	4.4535e-01	2.1875e-01	0.402974	2
NSDHL	4	4.4541e-01	2.1875e-01	0.402974	2
RPS6KA5	4	4.4550e-01	2.1875e-01	0.402974	2
ZNF224	4	4.4565e-01	2.1875e-01	0.402974	1
CHRNA9	4	4.4572e-01	2.1875e-01	0.402974	2
C1QL2	4	4.4579e-01	2.1875e-01	0.402974	2
ANKRD44	4	4.4582e-01	2.1875e-01	0.402974	2
KCNJ4	4	4.4597e-01	2.1875e-01	0.402974	2
ERICH2	4	4.4605e-01	2.1875e-01	0.402974	2
TMEM214	4	4.4605e-01	2.1875e-01	0.402974	1
DUS1L	4	4.4613e-01	2.1875e-01	0.402974	2
LY6K	4	4.4613e-01	2.1875e-01	0.402974	2
TAS2R60	4	4.4633e-01	2.1875e-01	0.402974	1
OR5B2	4	4.4645e-01	2.1875e-01	0.402974	1
EOGT	4	4.4660e-01	2.1875e-01	0.402974	2
BAG6	4	4.4687e-01	2.1875e-01	0.402974	1
PAX3	4	4.4691e-01	2.1875e-01	0.402974	1
C3orf30	4	4.4697e-01	2.1875e-01	0.402974	2
PRODH2	4	4.4701e-01	2.1875e-01	0.402974	2
ZNF750	4	4.4704e-01	2.1875e-01	0.402974	2
CHCHD6	4	4.4705e-01	2.1875e-01	0.402974	2
EFCAB9	4	4.4708e-01	2.1875e-01	0.402974	2
SPSB3	4	4.4715e-01	2.1875e-01	0.402974	1
TEX37	4	4.4726e-01	2.1875e-01	0.402974	2
EEF1A2	4	4.4735e-01	2.1875e-01	0.402974	1
SLC22A10	4	4.4736e-01	2.1875e-01	0.402974	2
CACNA1H	4	4.4752e-01	2.1875e-01	0.402974	2
GLO1	4	4.4771e-01	2.1875e-01	0.402974	2
TSNAXIP1	4	4.4775e-01	2.1875e-01	0.402974	2
NEFM	4	4.4781e-01	2.1875e-01	0.402974	1
ASTE1	4	4.4786e-01	2.1875e-01	0.402974	2
KRTAP9-3	4	4.4788e-01	2.1875e-01	0.402974	2
PABPC3	4	4.4791e-01	2.1875e-01	0.402974	2
GABPB2	4	4.4800e-01	2.1875e-01	0.402974	2
HK3	4	4.4801e-01	2.1875e-01	0.402974	2
COL4A5	4	4.4804e-01	2.1875e-01	0.402974	2
OR13D1	4	4.4813e-01	2.1987e-01	0.402974	2
LYZL1	4	4.4818e-01	2.1987e-01	0.402974	2
SYT2	4	4.4839e-01	2.1987e-01	0.402974	2
CDKL3	4	4.4839e-01	2.1987e-01	0.402974	1
GOLGA3	4	4.4857e-01	2.1987e-01	0.402974	1
TRAF3IP2	4	4.4868e-01	2.1987e-01	0.402974	2
DNALI1	4	4.4870e-01	2.1987e-01	0.402974	1
PRAMEF6	4	4.4875e-01	2.1987e-01	0.402974	2
POTEE	4	4.4891e-01	2.1987e-01	0.402974	2
TRIM36	4	4.4899e-01	2.1987e-01	0.402974	2
TMEM18	4	4.4907e-01	2.1987e-01	0.402974	2
VKORC1	4	4.4910e-01	2.1987e-01	0.402974	2
ADD2	4	4.4912e-01	2.1987e-01	0.402974	2
BPIFA1	4	4.4917e-01	2.1987e-01	0.402974	2
MICAL1	4	4.4917e-01	2.1987e-01	0.402974	1
TRIM6	4	4.4920e-01	2.1987e-01	0.402974	2
ZNF638	4	4.4923e-01	2.1987e-01	0.402974	1
FIBCD1	4	4.4923e-01	2.1987e-01	0.402974	2
NSD1	4	4.4927e-01	2.1987e-01	0.402974	2
ANK2	4	4.4937e-01	2.1987e-01	0.402974	2
FBXL19	4	4.4939e-01	2.1987e-01	0.402974	2
CAPN13	4	4.4949e-01	2.1987e-01	0.402974	2
PER3	4	4.4953e-01	2.1987e-01	0.402974	2
SIX4	4	4.4956e-01	2.1987e-01	0.402974	1
PANK2	4	4.4960e-01	2.1987e-01	0.402974	2
NLRP2	4	4.4963e-01	2.1987e-01	0.402974	2
SLC14A2	4	4.4966e-01	2.1987e-01	0.402974	2
FBXO6	4	4.4972e-01	2.1987e-01	0.402974	2
TEX19	4	4.4974e-01	2.1987e-01	0.402974	2
A1CF	4	4.4983e-01	2.1987e-01	0.402974	2
PITPNM2	4	4.4999e-01	2.1987e-01	0.402974	2
HBG1	4	4.5003e-01	2.1987e-01	0.402974	1
GXYLT1	4	4.5013e-01	2.1987e-01	0.402974	2
SRPK1	4	4.5017e-01	2.1987e-01	0.402974	2
ADAM7	4	4.5022e-01	2.1987e-01	0.402974	2
CYP19A1	4	4.5022e-01	2.1987e-01	0.402974	2
OR4A5	4	4.5024e-01	2.1987e-01	0.402974	2
SNX7	4	4.5029e-01	2.1987e-01	0.402974	2
APOC4	4	4.5039e-01	2.1987e-01	0.402974	2
DUSP5	4	4.5046e-01	2.1987e-01	0.402974	1
MANEAL	4	4.5051e-01	2.1987e-01	0.402974	1
INSR	4	4.5055e-01	2.1987e-01	0.402974	2
CYP2F1	4	4.5059e-01	2.1987e-01	0.402974	2
SSNA1	4	4.5059e-01	2.1987e-01	0.402974	1
USP17L3	4	4.5061e-01	2.1987e-01	0.402974	2
TLR1	4	4.5065e-01	2.1987e-01	0.402974	2
ZNF223	4	4.5067e-01	2.1987e-01	0.402974	1
MNT	4	4.5072e-01	2.2098e-01	0.402974	2
PI4K2A	4	4.5088e-01	2.2098e-01	0.402974	2
AGPAT5	4	4.5095e-01	2.2098e-01	0.402974	1
ITGAM	4	4.5097e-01	2.2098e-01	0.402974	2
UGT1A6	4	4.5100e-01	2.2098e-01	0.402974	2
EMB	4	4.5107e-01	2.2098e-01	0.402974	2
TMEM151B	4	4.5109e-01	2.2098e-01	0.402974	2
TET3	4	4.5121e-01	2.2098e-01	0.402974	2
NR1D2	4	4.5125e-01	2.2098e-01	0.402974	2
KIF26B	4	4.5141e-01	2.2098e-01	0.402974	1
TFDP3	4	4.5168e-01	2.2098e-01	0.402974	2
AKR1C1	4	4.5171e-01	2.2098e-01	0.402974	2
TRIM17	4	4.5175e-01	2.2098e-01	0.402974	2
IL15	4	4.5194e-01	2.2098e-01	0.402974	2
SNX17	4	4.5196e-01	2.2098e-01	0.402974	2
BACH2	4	4.5212e-01	2.2098e-01	0.402974	1
GNG8	4	4.5214e-01	2.2098e-01	0.402974	2
PRSS35	4	4.5216e-01	2.2098e-01	0.402974	2
TCEAL1	4	4.5221e-01	2.2098e-01	0.402974	2
NCF4	4	4.5237e-01	2.2098e-01	0.402974	1
NEBL	4	4.5237e-01	2.2098e-01	0.402974	2
TAS2R46	4	4.5241e-01	2.2098e-01	0.402974	2
GLI1	4	4.5246e-01	2.2098e-01	0.402974	2
ARNTL2	4	4.5248e-01	2.2098e-01	0.402974	1
LYPD4	4	4.5260e-01	2.2098e-01	0.402974	2
SHPK	4	4.5271e-01	2.2098e-01	0.402974	2
SMLR1	4	4.5283e-01	2.2098e-01	0.402974	2
APCDD1	4	4.5290e-01	2.2098e-01	0.402974	2
ZNF304	4	4.5298e-01	2.2098e-01	0.402974	2
VAMP8	4	4.5299e-01	2.2098e-01	0.402974	2
TUBA4A	4	4.5299e-01	2.2098e-01	0.402974	2
WIPI1	4	4.5309e-01	2.2098e-01	0.402974	1
PHTF2	4	4.5312e-01	2.2098e-01	0.402974	1
TAS2R13	4	4.5324e-01	2.2098e-01	0.402974	2
ERI3	4	4.5329e-01	2.2098e-01	0.402974	2
SH2D3C	4	4.5333e-01	2.2098e-01	0.402974	2
OR52D1	4	4.5345e-01	2.2098e-01	0.402974	2
LSMEM1	4	4.5347e-01	2.2098e-01	0.402974	2
ZNF236	4	4.5352e-01	2.2098e-01	0.402974	1
PRB4	4	4.5361e-01	2.2098e-01	0.402974	2
SCCPDH	3	4.5362e-01	2.3953e-01	0.429033	2
SERTM1	4	4.5365e-01	2.2098e-01	0.402974	1
LRRC56	4	4.5377e-01	2.2098e-01	0.402974	2
CTDSPL	4	4.5378e-01	2.2098e-01	0.402974	2
BSDC1	4	4.5386e-01	2.2098e-01	0.402974	2
AHSG	4	4.5386e-01	2.2098e-01	0.402974	2
DGKH	4	4.5401e-01	2.2098e-01	0.402974	1
C11orf87	4	4.5402e-01	2.2098e-01	0.402974	2
RPRD1A	4	4.5408e-01	2.2098e-01	0.402974	2
IPPK	4	4.5411e-01	2.2098e-01	0.402974	2
CEL	4	4.5411e-01	2.2098e-01	0.402974	1
AGR2	4	4.5413e-01	2.2098e-01	0.402974	2
HMOX1	4	4.5414e-01	2.2098e-01	0.402974	1
LIF	4	4.5421e-01	2.2098e-01	0.402974	1
SLC38A11	4	4.5421e-01	2.2098e-01	0.402974	1
NUP54	4	4.5428e-01	2.2098e-01	0.402974	2
RDM1	4	4.5431e-01	2.2098e-01	0.402974	1
GDF9	4	4.5436e-01	2.2098e-01	0.402974	2
TCP11	4	4.5441e-01	2.2098e-01	0.402974	2
OIT3	4	4.5457e-01	2.2098e-01	0.402974	2
DBNDD1	4	4.5459e-01	2.2098e-01	0.402974	2
LACRT	4	4.5460e-01	2.2098e-01	0.402974	1
LRRC52	4	4.5468e-01	2.2098e-01	0.402974	2
SKOR2	4	4.5477e-01	2.2098e-01	0.402974	2
ADAM10	4	4.5489e-01	2.2098e-01	0.402974	2
FKBP14	4	4.5506e-01	2.2098e-01	0.402974	2
SPAG6	4	4.5521e-01	2.2098e-01	0.402974	2
MRAP	4	4.5523e-01	2.2098e-01	0.402974	2
RAB7B	4	4.5523e-01	2.2098e-01	0.402974	2
NXNL1	4	4.5529e-01	2.2213e-01	0.404647	2
ZNF287	4	4.5530e-01	2.2213e-01	0.404647	2
KCNS1	4	4.5541e-01	2.2213e-01	0.404647	2
UMOD	4	4.5542e-01	2.2213e-01	0.404647	1
ZNF366	4	4.5551e-01	2.2213e-01	0.404647	2
WFDC6	4	4.5554e-01	2.2213e-01	0.404647	1
TRIB3	4	4.5560e-01	2.2213e-01	0.404647	2
SLFN11	4	4.5584e-01	2.2213e-01	0.404647	2
SORBS1	4	4.5602e-01	2.2213e-01	0.404647	2
GAS7	4	4.5611e-01	2.2213e-01	0.404647	1
DOC2B	4	4.5640e-01	2.2213e-01	0.404647	2
TAGLN3	4	4.5649e-01	2.2330e-01	0.406673	1
PRR20E	4	4.5660e-01	2.2331e-01	0.406673	2
AGT	4	4.5663e-01	2.2331e-01	0.406673	2
ZCCHC16	4	4.5665e-01	2.2542e-01	0.410477	2
ATG9B	4	4.5683e-01	2.2655e-01	0.412426	2
RAB27B	4	4.5706e-01	2.2655e-01	0.412426	2
PCMT1	4	4.5715e-01	2.2655e-01	0.412426	2
WDR47	4	4.5724e-01	2.2861e-01	0.414405	2
ZNF8	4	4.5737e-01	2.2861e-01	0.414405	1
BZW1	4	4.5749e-01	2.2861e-01	0.414405	2
ELOVL3	4	4.5761e-01	2.2861e-01	0.414405	2
C2orf49	4	4.5762e-01	2.2861e-01	0.414405	1
CENPF	4	4.5770e-01	2.2861e-01	0.414405	2
NPBWR1	4	4.5771e-01	2.2861e-01	0.414405	1
AZIN2	4	4.5778e-01	2.2861e-01	0.414405	1
OR4Q3	4	4.5785e-01	2.2861e-01	0.414405	1
TMPPE	4	4.5788e-01	2.2861e-01	0.414405	1
SPATS2L	4	4.5794e-01	2.2861e-01	0.414405	2
SBK1	4	4.5798e-01	2.2861e-01	0.414405	2
ZSCAN32	4	4.5801e-01	2.2861e-01	0.414405	1
BMX	4	4.5804e-01	2.2861e-01	0.414405	1
KCNA4	4	4.5811e-01	2.2861e-01	0.414405	1
LYSMD4	4	4.5814e-01	2.2861e-01	0.414405	1
ADIG	4	4.5816e-01	2.2861e-01	0.414405	2
JMJD7	4	4.5818e-01	2.2861e-01	0.414405	2
KIFAP3	4	4.5820e-01	2.2861e-01	0.414405	2
PPAPDC1A	4	4.5821e-01	2.2861e-01	0.414405	1
LPXN	4	4.5834e-01	2.2861e-01	0.414405	2
HSD17B14	4	4.5843e-01	2.2861e-01	0.414405	2
GDAP1	4	4.5843e-01	2.2861e-01	0.414405	1
ATP8B2	4	4.5857e-01	2.2861e-01	0.414405	2
CXCL11	4	4.5875e-01	2.2861e-01	0.414405	2
GSTA1	4	4.5876e-01	2.2861e-01	0.414405	2
OSBPL10	4	4.5878e-01	2.2861e-01	0.414405	2
ZNF135	4	4.5889e-01	2.2861e-01	0.414405	2
LMO7DN	4	4.5892e-01	2.2861e-01	0.414405	1
ZBED3	4	4.5899e-01	2.2861e-01	0.414405	1
GUCA2A	4	4.5907e-01	2.2861e-01	0.414405	2
OR6K6	4	4.5912e-01	2.2861e-01	0.414405	2
ACSS2	4	4.5919e-01	2.2861e-01	0.414405	2
TNK2	4	4.5922e-01	2.2861e-01	0.414405	1
CEP19	4	4.5924e-01	2.2861e-01	0.414405	2
ZNF587B	4	4.5928e-01	2.2861e-01	0.414405	2
SPATA18	4	4.5928e-01	2.2861e-01	0.414405	2
CFP	4	4.5948e-01	2.2861e-01	0.414405	2
SEMA6C	4	4.5974e-01	2.2861e-01	0.414405	1
SLC17A9	4	4.5977e-01	2.2861e-01	0.414405	1
CLC	4	4.5990e-01	2.2861e-01	0.414405	2
CIPC	4	4.5993e-01	2.2861e-01	0.414405	1
IL1RL2	4	4.5996e-01	2.2861e-01	0.414405	2
PSCA	4	4.6003e-01	2.2861e-01	0.414405	2
RBAK	4	4.6015e-01	2.2861e-01	0.414405	2
FN3K	4	4.6022e-01	2.2974e-01	0.416061	2
SLAMF7	4	4.6023e-01	2.2974e-01	0.416061	1
EFNB1	4	4.6031e-01	2.2974e-01	0.416061	2
IL36B	4	4.6038e-01	2.2974e-01	0.416061	2
DAP	4	4.6039e-01	2.2974e-01	0.416061	1
GSX2	4	4.6040e-01	2.2974e-01	0.416061	2
TMEM55B	4	4.6042e-01	2.2974e-01	0.416061	1
ITGA6	4	4.6047e-01	2.2974e-01	0.416061	2
SMPD4	4	4.6049e-01	2.2974e-01	0.416061	2
FEZF1	4	4.6050e-01	2.2974e-01	0.416061	2
GNB3	4	4.6072e-01	2.3088e-01	0.417797	1
DOCK9	4	4.6078e-01	2.3088e-01	0.417797	2
ZBTB37	4	4.6091e-01	2.3088e-01	0.417797	2
CRAMP1L	4	4.6114e-01	2.3088e-01	0.417797	2
DIRAS2	4	4.6115e-01	2.3088e-01	0.417797	2
MS4A14	4	4.6130e-01	2.3088e-01	0.417797	2
NUTM1	4	4.6134e-01	2.3088e-01	0.417797	2
AP1M2	4	4.6135e-01	2.3088e-01	0.417797	2
EDEM3	4	4.6156e-01	2.3199e-01	0.418427	1
BOD1L1	4	4.6166e-01	2.3199e-01	0.418427	2
FREM2	4	4.6166e-01	2.3199e-01	0.418427	1
AANAT	4	4.6175e-01	2.3199e-01	0.418427	2
PARVB	4	4.6176e-01	2.3199e-01	0.418427	1
SPACA3	4	4.6179e-01	2.3199e-01	0.418427	2
RSPH3	4	4.6179e-01	2.3199e-01	0.418427	2
TRIP4	4	4.6185e-01	2.3199e-01	0.418427	1
CCDC36	4	4.6190e-01	2.3199e-01	0.418427	1
ZNF839	4	4.6193e-01	2.3199e-01	0.418427	2
DHX40	4	4.6197e-01	2.3199e-01	0.418427	2
DEFB135	4	4.6198e-01	2.3199e-01	0.418427	2
KLK6	4	4.6207e-01	2.3199e-01	0.418427	2
C12orf76	4	4.6215e-01	2.3199e-01	0.418427	1
TRA2B	4	4.6216e-01	2.3199e-01	0.418427	2
TACC2	4	4.6218e-01	2.3199e-01	0.418427	2
ERMN	4	4.6218e-01	2.3199e-01	0.418427	2
CYP2C8	4	4.6224e-01	2.3199e-01	0.418427	2
BRSK2	4	4.6225e-01	2.3199e-01	0.418427	2
CCDC33	4	4.6228e-01	2.3199e-01	0.418427	1
MACROD2	4	4.6231e-01	2.3199e-01	0.418427	1
TMEM222	4	4.6234e-01	2.3199e-01	0.418427	2
RSPH9	4	4.6239e-01	2.3199e-01	0.418427	1
CYFIP2	4	4.6244e-01	2.3199e-01	0.418427	1
CFL1	4	4.6248e-01	2.3199e-01	0.418427	2
SIK2	4	4.6255e-01	2.3199e-01	0.418427	2
CHL1	4	4.6260e-01	2.3199e-01	0.418427	2
GNGT2	4	4.6287e-01	2.3199e-01	0.418427	2
HLA-C	4	4.6291e-01	2.3199e-01	0.418427	2
KDELC1	4	4.6296e-01	2.3199e-01	0.418427	2
ISM2	4	4.6298e-01	2.3199e-01	0.418427	2
KCNT1	4	4.6303e-01	2.3199e-01	0.418427	2
SLC25A38	4	4.6308e-01	2.3199e-01	0.418427	2
SQLE	4	4.6309e-01	2.3199e-01	0.418427	2
RSAD2	4	4.6316e-01	2.3314e-01	0.420025	2
KIAA0319	4	4.6327e-01	2.3314e-01	0.420025	2
LRP8	4	4.6348e-01	2.3314e-01	0.420025	1
PNMT	4	4.6351e-01	2.3314e-01	0.420025	2
IDUA	4	4.6360e-01	2.3314e-01	0.420025	2
KIAA1671	4	4.6364e-01	2.3314e-01	0.420025	2
B3GALNT2	4	4.6371e-01	2.3314e-01	0.420025	2
ZNF573	4	4.6374e-01	2.3314e-01	0.420025	1
PRRT2	4	4.6376e-01	2.3314e-01	0.420025	2
RGS19	4	4.6377e-01	2.3314e-01	0.420025	2
PSTPIP1	4	4.6383e-01	2.3314e-01	0.420025	2
HIST1H2BE	4	4.6395e-01	2.3511e-01	0.423256	2
CFAP43	4	4.6401e-01	2.3511e-01	0.423256	2
CCDC87	4	4.6403e-01	2.3511e-01	0.423256	2
ATP1B1	4	4.6408e-01	2.3511e-01	0.423256	2
MGC50722	4	4.6415e-01	2.3511e-01	0.423256	2
AFP	4	4.6419e-01	2.3511e-01	0.423256	2
C10orf62	4	4.6421e-01	2.3511e-01	0.423256	2
BEND4	4	4.6432e-01	2.3633e-01	0.424972	1
BRINP2	4	4.6433e-01	2.3633e-01	0.424972	2
HSD17B13	4	4.6440e-01	2.3633e-01	0.424972	1
KRT19	4	4.6445e-01	2.3633e-01	0.424972	2
SLC7A6OS	4	4.6451e-01	2.3633e-01	0.424972	2
ZNF677	4	4.6473e-01	2.3633e-01	0.424972	2
ZNF257	4	4.6490e-01	2.3633e-01	0.424972	1
VSIG1	4	4.6493e-01	2.3633e-01	0.424972	1
IQCH	4	4.6497e-01	2.3633e-01	0.424972	2
CREBZF	4	4.6504e-01	2.3633e-01	0.424972	2
MCTP2	4	4.6513e-01	2.3633e-01	0.424972	2
ZNF770	4	4.6529e-01	2.3633e-01	0.424972	1
C9orf3	4	4.6547e-01	2.3835e-01	0.426946	2
BOK	4	4.6565e-01	2.3835e-01	0.426946	1
PBX1	4	4.6571e-01	2.3835e-01	0.426946	2
VSTM4	4	4.6581e-01	2.3835e-01	0.426946	1
LIN28B	4	4.6586e-01	2.3835e-01	0.426946	2
ARSG	4	4.6593e-01	2.3835e-01	0.426946	2
BLM	4	4.6604e-01	2.3835e-01	0.426946	2
CMTM8	4	4.6605e-01	2.3835e-01	0.426946	1
SLC26A5	4	4.6613e-01	2.3835e-01	0.426946	1
HERC3	4	4.6626e-01	2.3835e-01	0.426946	1
ERMARD	4	4.6629e-01	2.3835e-01	0.426946	2
EPB41L4B	4	4.6631e-01	2.3835e-01	0.426946	2
CCDC121	4	4.6634e-01	2.3835e-01	0.426946	2
C1orf95	4	4.6642e-01	2.3835e-01	0.426946	2
C17orf58	4	4.6649e-01	2.3835e-01	0.426946	2
CT45A2	2	4.6650e-01	2.1734e-01	0.402974	1
PCDHB5	4	4.6650e-01	2.3835e-01	0.426946	2
RBM38	4	4.6654e-01	2.3835e-01	0.426946	2
HCRTR2	4	4.6661e-01	2.3835e-01	0.426946	2
AMIGO2	4	4.6662e-01	2.3835e-01	0.426946	1
YAF2	4	4.6666e-01	2.3835e-01	0.426946	2
ABI1	4	4.6668e-01	2.3835e-01	0.426946	2
MGP	4	4.6670e-01	2.3835e-01	0.426946	2
ZNF493	4	4.6675e-01	2.3835e-01	0.426946	2
ACTL7B	4	4.6681e-01	2.3835e-01	0.426946	2
GANC	4	4.6687e-01	2.3835e-01	0.426946	1
UCN3	4	4.6693e-01	2.3835e-01	0.426946	2
PSKH2	4	4.6703e-01	2.3835e-01	0.426946	1
SFXN3	4	4.6707e-01	2.3835e-01	0.426946	2
IFNGR2	4	4.6720e-01	2.3835e-01	0.426946	2
RTN4	4	4.6736e-01	2.3835e-01	0.426946	2
SLC13A5	4	4.6736e-01	2.3835e-01	0.426946	2
SLC22A16	4	4.6739e-01	2.3835e-01	0.426946	2
TULP1	4	4.6741e-01	2.3835e-01	0.426946	1
C5orf47	4	4.6745e-01	2.3835e-01	0.426946	2
OR2AP1	4	4.6749e-01	2.3835e-01	0.426946	2
FAM118A	4	4.6758e-01	2.3835e-01	0.426946	2
ABHD17A	4	4.6758e-01	2.3835e-01	0.426946	1
UBN2	4	4.6776e-01	2.3835e-01	0.426946	2
CYGB	4	4.6778e-01	2.3835e-01	0.426946	1
KRTAP19-7	4	4.6781e-01	2.3835e-01	0.426946	2
SLCO1B1	4	4.6793e-01	2.3835e-01	0.426946	2
HBP1	4	4.6800e-01	2.4036e-01	0.429150	2
SPTBN1	4	4.6803e-01	2.4036e-01	0.429150	2
TOM1L2	4	4.6803e-01	2.4036e-01	0.429150	1
NMRK1	4	4.6813e-01	2.4036e-01	0.429150	1
HSD11B1	4	4.6819e-01	2.4036e-01	0.429150	1
SLC25A47	4	4.6823e-01	2.4036e-01	0.429150	1
MCCD1	4	4.6825e-01	2.4036e-01	0.429150	2
PTCHD1	4	4.6837e-01	2.4036e-01	0.429150	2
KRT222	4	4.6841e-01	2.4036e-01	0.429150	2
FAM47B	4	4.6849e-01	2.4036e-01	0.429150	2
PTGIS	4	4.6857e-01	2.4036e-01	0.429150	2
SNPH	4	4.6860e-01	2.4036e-01	0.429150	2
MLLT1	4	4.6860e-01	2.4036e-01	0.429150	1
DOCK1	4	4.6869e-01	2.4036e-01	0.429150	2
MUC5B	4	4.6873e-01	2.4036e-01	0.429150	1
GPSM3	4	4.6878e-01	2.4036e-01	0.429150	2
DFFB	4	4.6884e-01	2.4036e-01	0.429150	2
FAM159B	4	4.6894e-01	2.4036e-01	0.429150	2
ARL10	4	4.6900e-01	2.4036e-01	0.429150	1
GADD45B	4	4.6906e-01	2.4036e-01	0.429150	2
MAP2K6	4	4.6910e-01	2.4036e-01	0.429150	1
ZNF142	4	4.6913e-01	2.4036e-01	0.429150	2
PCMTD2	4	4.6919e-01	2.4036e-01	0.429150	2
PRR22	4	4.6923e-01	2.4036e-01	0.429150	2
HRAS	4	4.6929e-01	2.4036e-01	0.429150	1
NOTCH1	4	4.6950e-01	2.4036e-01	0.429150	2
PATE3	4	4.6953e-01	2.4036e-01	0.429150	2
CSMD2	4	4.6959e-01	2.4036e-01	0.429150	1
INPP5J	4	4.6968e-01	2.4036e-01	0.429150	1
GPD1L	4	4.6978e-01	2.4036e-01	0.429150	2
SPATA2L	4	4.6980e-01	2.4036e-01	0.429150	2
PNLIPRP2	4	4.6987e-01	2.4036e-01	0.429150	1
EIF2AK1	4	4.6994e-01	2.4036e-01	0.429150	2
PPP1R14A	4	4.6999e-01	2.4036e-01	0.429150	2
LMF1	4	4.7027e-01	2.4235e-01	0.432007	2
TBX22	4	4.7033e-01	2.4235e-01	0.432007	2
STAP2	4	4.7035e-01	2.4235e-01	0.432007	2
MUC7	4	4.7041e-01	2.4235e-01	0.432007	1
ARPIN	4	4.7047e-01	2.4235e-01	0.432007	2
TAS2R3	4	4.7049e-01	2.4235e-01	0.432007	2
USP17L28	4	4.7064e-01	2.4235e-01	0.432007	2
PMS2	4	4.7067e-01	2.4235e-01	0.432007	2
LIPF	4	4.7085e-01	2.4235e-01	0.432007	2
STAG3	4	4.7090e-01	2.4235e-01	0.432007	2
RBM34	4	4.7093e-01	2.4235e-01	0.432007	1
ZNF233	4	4.7096e-01	2.4235e-01	0.432007	1
PAFAH2	4	4.7104e-01	2.4235e-01	0.432007	2
TSACC	4	4.7106e-01	2.4235e-01	0.432007	2
PCYOX1L	4	4.7117e-01	2.4235e-01	0.432007	2
POPDC3	4	4.7118e-01	2.4235e-01	0.432007	2
LZTS1	4	4.7122e-01	2.4235e-01	0.432007	1
PKP1	4	4.7131e-01	2.4351e-01	0.432007	2
ZNF775	4	4.7147e-01	2.4351e-01	0.432007	1
NUDT11	4	4.7154e-01	2.4351e-01	0.432007	1
PROSER2	4	4.7157e-01	2.4351e-01	0.432007	1
C4orf45	4	4.7162e-01	2.4351e-01	0.432007	2
MAP3K11	4	4.7164e-01	2.4351e-01	0.432007	2
CCNB3	4	4.7167e-01	2.4351e-01	0.432007	2
HOXB2	4	4.7168e-01	2.4351e-01	0.432007	1
ZSCAN1	4	4.7173e-01	2.4351e-01	0.432007	2
INA	4	4.7179e-01	2.4351e-01	0.432007	2
NINJ2	4	4.7208e-01	2.4351e-01	0.432007	2
PCDH9	4	4.7211e-01	2.4351e-01	0.432007	1
STYXL1	4	4.7215e-01	2.4351e-01	0.432007	1
SSX5	4	4.7224e-01	2.4351e-01	0.432007	2
SCGB1C1	4	4.7237e-01	2.4351e-01	0.432007	1
CACNA1G	4	4.7243e-01	2.4351e-01	0.432007	1
PVRIG	4	4.7245e-01	2.4351e-01	0.432007	2
MTMR6	4	4.7250e-01	2.4351e-01	0.432007	2
GREM2	4	4.7258e-01	2.4351e-01	0.432007	2
KRT3	4	4.7259e-01	2.4351e-01	0.432007	1
SMIM6	4	4.7263e-01	2.4351e-01	0.432007	1
CASR	4	4.7265e-01	2.4351e-01	0.432007	2
CD86	4	4.7268e-01	2.4351e-01	0.432007	2
ECI1	4	4.7274e-01	2.4351e-01	0.432007	2
PALM2	4	4.7275e-01	2.4351e-01	0.432007	2
SDHC	4	4.7282e-01	2.4351e-01	0.432007	2
TRIM72	4	4.7282e-01	2.4351e-01	0.432007	2
SH3RF3	4	4.7288e-01	2.4351e-01	0.432007	1
ADCY1	4	4.7298e-01	2.4351e-01	0.432007	2
SAMHD1	4	4.7304e-01	2.4351e-01	0.432007	2
AGAP2	4	4.7319e-01	2.4351e-01	0.432007	1
PRLR	4	4.7323e-01	2.4351e-01	0.432007	2
PIK3R5	4	4.7325e-01	2.4351e-01	0.432007	2
ARHGEF25	4	4.7331e-01	2.4351e-01	0.432007	2
FGFR4	4	4.7333e-01	2.4351e-01	0.432007	2
BPY2C	4	4.7352e-01	2.4351e-01	0.432007	2
SLFN5	4	4.7352e-01	2.4351e-01	0.432007	1
SHISA6	4	4.7361e-01	2.4351e-01	0.432007	2
MMP19	4	4.7362e-01	2.4351e-01	0.432007	1
ZNF549	4	4.7368e-01	2.4465e-01	0.432007	2
TOX3	4	4.7379e-01	2.4465e-01	0.432007	2
GSDMA	4	4.7384e-01	2.4465e-01	0.432007	2
ARMC3	4	4.7384e-01	2.4465e-01	0.432007	1
METAP1D	4	4.7388e-01	2.4465e-01	0.432007	2
AMH	4	4.7393e-01	2.4465e-01	0.432007	2
M1AP	4	4.7406e-01	2.4465e-01	0.432007	2
GH2	4	4.7429e-01	2.4465e-01	0.432007	2
HACL1	4	4.7438e-01	2.4465e-01	0.432007	2
FUOM	4	4.7448e-01	2.4465e-01	0.432007	2
C4orf47	4	4.7452e-01	2.4465e-01	0.432007	2
SLC25A45	4	4.7454e-01	2.4465e-01	0.432007	2
FAM19A2	4	4.7454e-01	2.4465e-01	0.432007	2
CARD18	4	4.7458e-01	2.4465e-01	0.432007	2
SCNN1A	4	4.7461e-01	2.4465e-01	0.432007	2
PKIG	4	4.7466e-01	2.4465e-01	0.432007	1
RANBP6	4	4.7491e-01	2.4465e-01	0.432007	2
FHDC1	4	4.7496e-01	2.4465e-01	0.432007	1
C16orf70	4	4.7502e-01	2.4465e-01	0.432007	2
TCTE3	4	4.7512e-01	2.4465e-01	0.432007	2
CD36	4	4.7514e-01	2.4465e-01	0.432007	2
U2AF1L4	4	4.7516e-01	2.4465e-01	0.432007	2
MTM1	4	4.7544e-01	2.4465e-01	0.432007	2
RIIAD1	4	4.7545e-01	2.4465e-01	0.432007	2
KCTD19	4	4.7559e-01	2.4465e-01	0.432007	2
LHX5	4	4.7561e-01	2.4465e-01	0.432007	2
SPG21	4	4.7570e-01	2.4465e-01	0.432007	2
PRY	3	4.7578e-01	2.4957e-01	0.439147	2
HDDC3	4	4.7607e-01	2.4465e-01	0.432007	2
TRAF1	4	4.7611e-01	2.4465e-01	0.432007	2
PLA2G12A	4	4.7630e-01	2.4465e-01	0.432007	2
EPB41	4	4.7632e-01	2.4465e-01	0.432007	2
OR5M1	4	4.7639e-01	2.4465e-01	0.432007	1
TMEM131	4	4.7646e-01	2.4465e-01	0.432007	1
TMEM134	4	4.7648e-01	2.4465e-01	0.432007	2
MAST3	4	4.7654e-01	2.4465e-01	0.432007	1
PDE1C	4	4.7674e-01	2.4465e-01	0.432007	2
SIGLEC15	4	4.7675e-01	2.4465e-01	0.432007	2
POLI	4	4.7689e-01	2.4465e-01	0.432007	2
STARD5	4	4.7697e-01	2.4465e-01	0.432007	2
EIF2AK4	4	4.7700e-01	2.4465e-01	0.432007	2
MUC22	4	4.7716e-01	2.4465e-01	0.432007	1
CPZ	4	4.7719e-01	2.4465e-01	0.432007	1
RNASE6	4	4.7735e-01	2.4465e-01	0.432007	2
C3orf20	4	4.7739e-01	2.4465e-01	0.432007	2
COX7B	4	4.7751e-01	2.4465e-01	0.432007	1
CNTNAP4	4	4.7755e-01	2.4465e-01	0.432007	2
IFNGR1	4	4.7762e-01	2.4465e-01	0.432007	2
TCP11X2	4	4.7781e-01	2.4465e-01	0.432007	1
TGFB3	4	4.7781e-01	2.4465e-01	0.432007	2
PLSCR5	4	4.7784e-01	2.4465e-01	0.432007	2
PPM1K	4	4.7786e-01	2.4465e-01	0.432007	2
LOC100134391	4	4.7787e-01	2.4465e-01	0.432007	2
LRRC10B	4	4.7789e-01	2.4465e-01	0.432007	2
ZMAT1	4	4.7793e-01	2.4465e-01	0.432007	2
FAN1	4	4.7805e-01	2.4465e-01	0.432007	1
TOMM5	4	4.7811e-01	2.4465e-01	0.432007	1
EPB41L4A	4	4.7812e-01	2.4465e-01	0.432007	2
ATP8A1	4	4.7814e-01	2.4465e-01	0.432007	2
EVC2	4	4.7816e-01	2.4465e-01	0.432007	2
GSE1	4	4.7820e-01	2.4465e-01	0.432007	2
ATP4A	4	4.7820e-01	2.4465e-01	0.432007	1
C5orf22	4	4.7833e-01	2.4465e-01	0.432007	1
GGH	4	4.7836e-01	2.4465e-01	0.432007	2
C6orf1	4	4.7862e-01	2.4584e-01	0.433821	1
DACH2	4	4.7880e-01	2.4584e-01	0.433821	2
RNF2	4	4.7887e-01	2.4584e-01	0.433821	2
ACPT	4	4.7888e-01	2.4584e-01	0.433821	2
CLDN34	4	4.7890e-01	2.4584e-01	0.433821	1
LSM14A	4	4.7900e-01	2.4584e-01	0.433821	2
TTPA	4	4.7921e-01	2.4584e-01	0.433821	2
CDC42BPA	4	4.7938e-01	2.4779e-01	0.436667	1
C1orf189	4	4.7948e-01	2.4779e-01	0.436667	2
ZNF181	4	4.7949e-01	2.4779e-01	0.436667	1
APOA1	4	4.7958e-01	2.4779e-01	0.436667	2
REXO2	4	4.7960e-01	2.4779e-01	0.436667	1
LTF	4	4.7963e-01	2.4779e-01	0.436667	1
QTRT1	4	4.7966e-01	2.4779e-01	0.436667	2
RFPL4B	4	4.7974e-01	2.4779e-01	0.436667	2
ZNF98	4	4.7987e-01	2.4779e-01	0.436667	2
RRAS	4	4.8004e-01	2.4779e-01	0.436667	2
MUCL1	4	4.8014e-01	2.4779e-01	0.436667	2
CXCL8	4	4.8019e-01	2.4779e-01	0.436667	2
DENND2D	4	4.8019e-01	2.4779e-01	0.436667	2
PARD6G	4	4.8023e-01	2.4779e-01	0.436667	1
DCAF11	4	4.8032e-01	2.4779e-01	0.436667	2
KCNK2	4	4.8039e-01	2.4982e-01	0.439147	1
LHPP	4	4.8044e-01	2.4982e-01	0.439147	2
NUTM2B	4	4.8046e-01	2.4982e-01	0.439147	2
SPIN1	4	4.8049e-01	2.4982e-01	0.439147	1
C5orf34	4	4.8057e-01	2.4982e-01	0.439147	2
MPV17L2	4	4.8066e-01	2.4982e-01	0.439147	1
LAIR1	4	4.8074e-01	2.4982e-01	0.439147	2
MYL6B	4	4.8074e-01	2.4982e-01	0.439147	2
PHOX2A	4	4.8085e-01	2.4982e-01	0.439147	2
MYPN	4	4.8089e-01	2.4982e-01	0.439147	2
OR7A10	4	4.8121e-01	2.4982e-01	0.439147	1
CAPS2	4	4.8130e-01	2.4982e-01	0.439147	2
SUMF1	4	4.8134e-01	2.4982e-01	0.439147	1
LYAR	4	4.8137e-01	2.4982e-01	0.439147	2
BGLAP	4	4.8137e-01	2.4982e-01	0.439147	1
SMAD1	4	4.8140e-01	2.4982e-01	0.439147	1
GSG1L	4	4.8141e-01	2.4982e-01	0.439147	2
DOCK11	4	4.8146e-01	2.4982e-01	0.439147	2
TNIP1	4	4.8148e-01	2.4982e-01	0.439147	2
DHODH	4	4.8150e-01	2.4982e-01	0.439147	1
LRP11	4	4.8155e-01	2.4982e-01	0.439147	2
EPN1	4	4.8162e-01	2.4982e-01	0.439147	2
UGT1A4	4	4.8166e-01	2.4982e-01	0.439147	2
TNP1	4	4.8168e-01	2.4982e-01	0.439147	2
DDX26B	4	4.8172e-01	2.4982e-01	0.439147	1
TLE3	4	4.8173e-01	2.4982e-01	0.439147	2
MZT2B	4	4.8187e-01	2.5096e-01	0.440736	2
C1orf174	4	4.8188e-01	2.5096e-01	0.440736	2
EMD	4	4.8194e-01	2.5096e-01	0.440736	1
WBSCR27	4	4.8202e-01	2.5096e-01	0.440736	1
SMR3A	4	4.8212e-01	2.5096e-01	0.440736	2
MAPK9	4	4.8221e-01	2.5096e-01	0.440736	2
SLC16A1	4	4.8226e-01	2.5096e-01	0.440736	1
OR13C2	4	4.8228e-01	2.5096e-01	0.440736	2
IZUMO1R	4	4.8230e-01	2.5096e-01	0.440736	2
C2orf48	4	4.8232e-01	2.5096e-01	0.440736	1
SLC25A11	4	4.8257e-01	2.5216e-01	0.442608	2
TIGD7	4	4.8265e-01	2.5216e-01	0.442608	1
TMEM198	4	4.8266e-01	2.5216e-01	0.442608	2
NDST2	4	4.8272e-01	2.5216e-01	0.442608	1
ZFYVE1	4	4.8273e-01	2.5216e-01	0.442608	2
TIFA	4	4.8275e-01	2.5216e-01	0.442608	2
MYOC	4	4.8305e-01	2.5418e-01	0.445547	2
CRISPLD1	4	4.8310e-01	2.5418e-01	0.445547	2
HNRNPH2	4	4.8311e-01	2.5418e-01	0.445547	2
GNG5	4	4.8327e-01	2.5418e-01	0.445547	1
NAT16	4	4.8341e-01	2.5419e-01	0.445547	2
MANBA	4	4.8344e-01	2.5419e-01	0.445547	2
TMEM243	4	4.8348e-01	2.5419e-01	0.445547	2
CD2	4	4.8355e-01	2.5419e-01	0.445547	1
TGOLN2	4	4.8362e-01	2.5419e-01	0.445547	2
ATRX	4	4.8363e-01	2.5419e-01	0.445547	1
TM2D3	4	4.8366e-01	2.5419e-01	0.445547	2
ALCAM	4	4.8371e-01	2.5419e-01	0.445547	2
SYT3	4	4.8379e-01	2.5419e-01	0.445547	1
OR10W1	4	4.8380e-01	2.5419e-01	0.445547	2
TMPRSS3	4	4.8391e-01	2.5539e-01	0.446561	2
IL17A	4	4.8393e-01	2.5539e-01	0.446561	1
JKAMP	4	4.8405e-01	2.5539e-01	0.446561	2
DEFB119	4	4.8412e-01	2.5539e-01	0.446561	2
SPIC	4	4.8415e-01	2.5539e-01	0.446561	2
OR51G1	4	4.8422e-01	2.5539e-01	0.446561	2
SPAST	4	4.8437e-01	2.5539e-01	0.446561	1
SAR1B	4	4.8443e-01	2.5539e-01	0.446561	1
ANKRD46	4	4.8445e-01	2.5539e-01	0.446561	2
TMEM70	4	4.8450e-01	2.5539e-01	0.446561	2
CXCR2	4	4.8456e-01	2.5539e-01	0.446561	2
GATS	4	4.8461e-01	2.5539e-01	0.446561	2
MT1H	4	4.8462e-01	2.5539e-01	0.446561	1
SNX25	4	4.8468e-01	2.5539e-01	0.446561	1
C1orf186	4	4.8471e-01	2.5539e-01	0.446561	2
SYNJ1	4	4.8473e-01	2.5539e-01	0.446561	2
CSAD	4	4.8481e-01	2.5539e-01	0.446561	1
PRMT3	4	4.8484e-01	2.5539e-01	0.446561	1
ZNF296	4	4.8487e-01	2.5539e-01	0.446561	2
COIL	4	4.8489e-01	2.5539e-01	0.446561	2
LRRN4CL	4	4.8491e-01	2.5539e-01	0.446561	2
SMARCA1	4	4.8494e-01	2.5539e-01	0.446561	1
TMEM105	4	4.8503e-01	2.5539e-01	0.446561	2
HEPACAM2	4	4.8505e-01	2.5539e-01	0.446561	2
CDH22	4	4.8506e-01	2.5539e-01	0.446561	1
TMED6	4	4.8518e-01	2.5539e-01	0.446561	2
SLC45A3	4	4.8525e-01	2.5539e-01	0.446561	2
HNF4G	4	4.8550e-01	2.5735e-01	0.448786	2
YWHAB	4	4.8575e-01	2.5735e-01	0.448786	1
GJA10	4	4.8585e-01	2.5735e-01	0.448786	2
EHF	4	4.8591e-01	2.5735e-01	0.448786	2
SPAG8	4	4.8607e-01	2.5735e-01	0.448786	1
KLC4	4	4.8610e-01	2.5735e-01	0.448786	2
USP33	4	4.8629e-01	2.5735e-01	0.448786	2
PLD6	4	4.8634e-01	2.5735e-01	0.448786	2
HSDL2	4	4.8640e-01	2.5735e-01	0.448786	2
CCDC173	4	4.8654e-01	2.5735e-01	0.448786	2
GPR82	4	4.8655e-01	2.5735e-01	0.448786	2
RNASE2	4	4.8664e-01	2.5735e-01	0.448786	2
ZNF462	4	4.8698e-01	2.5735e-01	0.448786	1
POMP	4	4.8701e-01	2.5735e-01	0.448786	1
ANKRD36B	4	4.8704e-01	2.5735e-01	0.448786	1
ACTC1	4	4.8716e-01	2.5735e-01	0.448786	1
KIF13A	4	4.8718e-01	2.5735e-01	0.448786	2
KLHDC2	4	4.8723e-01	2.5735e-01	0.448786	2
TSSK4	4	4.8723e-01	2.5735e-01	0.448786	2
HELB	4	4.8729e-01	2.5735e-01	0.448786	1
FAM186B	4	4.8730e-01	2.5735e-01	0.448786	2
VSTM2A	4	4.8735e-01	2.5735e-01	0.448786	2
CEP57L1	4	4.8736e-01	2.5735e-01	0.448786	2
TAS2R43	4	4.8742e-01	2.5735e-01	0.448786	1
FAM91A1	4	4.8745e-01	2.5735e-01	0.448786	1
IL21R	4	4.8745e-01	2.5735e-01	0.448786	2
ESRRB	4	4.8754e-01	2.5735e-01	0.448786	2
GPRC5C	4	4.8754e-01	2.5735e-01	0.448786	2
ADAM29	4	4.8763e-01	2.5735e-01	0.448786	1
ARPP21	4	4.8773e-01	2.5849e-01	0.449999	2
GSTA3	4	4.8775e-01	2.5849e-01	0.449999	2
DENND4B	4	4.8779e-01	2.5849e-01	0.449999	1
PRORY	4	4.8784e-01	2.5849e-01	0.449999	2
CAMTA1	4	4.8793e-01	2.5849e-01	0.449999	2
SPATA20	4	4.8814e-01	2.5849e-01	0.449999	2
RNF13	4	4.8814e-01	2.5849e-01	0.449999	2
OR5AC2	4	4.8816e-01	2.5849e-01	0.449999	2
USP48	4	4.8832e-01	2.5849e-01	0.449999	1
CD55	4	4.8839e-01	2.5849e-01	0.449999	2
MMP10	4	4.8864e-01	2.5849e-01	0.449999	2
RBMY1E	4	4.8870e-01	2.5849e-01	0.449999	2
CALCB	4	4.8872e-01	2.5849e-01	0.449999	2
RTP1	4	4.8918e-01	2.5849e-01	0.449999	2
EIF2AK2	4	4.8922e-01	2.5849e-01	0.449999	2
HSPB7	4	4.8926e-01	2.5849e-01	0.449999	2
PDS5A	4	4.8932e-01	2.5849e-01	0.449999	2
LITAF	4	4.8943e-01	2.5849e-01	0.449999	2
AIF1	4	4.8945e-01	2.5849e-01	0.449999	2
LAG3	4	4.8956e-01	2.6050e-01	0.453455	2
ZNF512B	4	4.8974e-01	2.6166e-01	0.453857	2
PLEKHO1	4	4.8989e-01	2.6166e-01	0.453857	2
CHRFAM7A	4	4.8992e-01	2.6166e-01	0.453857	2
TTLL1	4	4.8993e-01	2.6166e-01	0.453857	2
HECA	4	4.8995e-01	2.6166e-01	0.453857	1
MAN2A1	4	4.8998e-01	2.6166e-01	0.453857	1
CCKAR	4	4.8999e-01	2.6166e-01	0.453857	2
AMOTL1	4	4.9002e-01	2.6166e-01	0.453857	2
OR4F21	4	4.9005e-01	2.6166e-01	0.453857	2
NFASC	4	4.9011e-01	2.6166e-01	0.453857	2
CALHM1	4	4.9014e-01	2.6166e-01	0.453857	1
TBL2	4	4.9022e-01	2.6166e-01	0.453857	2
CLSTN3	4	4.9029e-01	2.6166e-01	0.453857	2
CLUH	4	4.9036e-01	2.6166e-01	0.453857	2
C4BPB	4	4.9045e-01	2.6166e-01	0.453857	2
TBC1D22A	4	4.9048e-01	2.6166e-01	0.453857	2
CDKN1B	4	4.9049e-01	2.6166e-01	0.453857	2
TMEM92	4	4.9056e-01	2.6166e-01	0.453857	2
KIF24	4	4.9056e-01	2.6166e-01	0.453857	2
TGFBR3L	4	4.9060e-01	2.6166e-01	0.453857	1
C16orf82	3	4.9062e-01	2.5291e-01	0.443883	2
MAGED2	4	4.9065e-01	2.6166e-01	0.453857	2
SFXN1	4	4.9076e-01	2.6166e-01	0.453857	2
CLK3	4	4.9088e-01	2.6166e-01	0.453857	1
LCORL	4	4.9101e-01	2.6166e-01	0.453857	1
MBD4	4	4.9104e-01	2.6166e-01	0.453857	2
DSEL	4	4.9109e-01	2.6166e-01	0.453857	2
OTOP2	4	4.9113e-01	2.6166e-01	0.453857	1
CD83	4	4.9120e-01	2.6166e-01	0.453857	1
ZFPM2	4	4.9133e-01	2.6166e-01	0.453857	2
CA1	4	4.9135e-01	2.6166e-01	0.453857	2
PLGRKT	4	4.9141e-01	2.6166e-01	0.453857	2
TRH	4	4.9149e-01	2.6166e-01	0.453857	2
SPATA17	4	4.9163e-01	2.6166e-01	0.453857	1
HIST1H3H	4	4.9179e-01	2.6166e-01	0.453857	2
S100A1	4	4.9194e-01	2.6166e-01	0.453857	1
SPATA33	4	4.9197e-01	2.6166e-01	0.453857	2
UNC13D	4	4.9213e-01	2.6166e-01	0.453857	1
ABCF2	4	4.9217e-01	2.6166e-01	0.453857	2
MGAT4D	4	4.9219e-01	2.6166e-01	0.453857	2
CCDC90B	4	4.9226e-01	2.6280e-01	0.455546	2
TM9SF3	4	4.9244e-01	2.6280e-01	0.455546	2
WNT6	4	4.9250e-01	2.6280e-01	0.455546	2
CA13	4	4.9260e-01	2.6280e-01	0.455546	1
CCDC64B	4	4.9260e-01	2.6280e-01	0.455546	2
MAP4	4	4.9263e-01	2.6280e-01	0.455546	1
TTC39A	4	4.9264e-01	2.6280e-01	0.455546	2
C8orf59	4	4.9278e-01	2.6393e-01	0.457097	2
SPAG11A	4	4.9281e-01	2.6393e-01	0.457097	2
CYBB	4	4.9285e-01	2.6393e-01	0.457097	2
SLC36A1	4	4.9288e-01	2.6393e-01	0.457097	1
GSKIP	4	4.9289e-01	2.6393e-01	0.457097	2
ACMSD	4	4.9291e-01	2.6393e-01	0.457097	2
BCL7A	4	4.9300e-01	2.6393e-01	0.457097	1
ASS1	4	4.9305e-01	2.6393e-01	0.457097	2
PTS	4	4.9307e-01	2.6393e-01	0.457097	2
BMP5	4	4.9312e-01	2.6393e-01	0.457097	1
BPTF	4	4.9317e-01	2.6492e-01	0.458768	1
ZNF43	4	4.9347e-01	2.6591e-01	0.460399	2
FAF1	4	4.9386e-01	2.6591e-01	0.460399	2
PALLD	4	4.9396e-01	2.6785e-01	0.463214	2
SLC17A7	4	4.9403e-01	2.6785e-01	0.463214	1
ERICH3	4	4.9404e-01	2.6785e-01	0.463214	2
FBXO46	4	4.9412e-01	2.6785e-01	0.463214	2
ARRB1	4	4.9424e-01	2.6785e-01	0.463214	2
ERCC6L2	4	4.9440e-01	2.6785e-01	0.463214	1
MILR1	4	4.9444e-01	2.6785e-01	0.463214	2
CREB3L3	4	4.9452e-01	2.6785e-01	0.463214	2
OR8G5	4	4.9461e-01	2.6785e-01	0.463214	2
FBLIM1	4	4.9461e-01	2.6785e-01	0.463214	2
HNRNPF	4	4.9466e-01	2.6785e-01	0.463214	2
TMEM50A	4	4.9468e-01	2.6785e-01	0.463214	2
LHFP	4	4.9476e-01	2.6785e-01	0.463214	2
DEXI	4	4.9482e-01	2.6978e-01	0.466374	2
ADNP	4	4.9484e-01	2.6978e-01	0.466374	2
ATXN3	4	4.9499e-01	2.6978e-01	0.466374	2
SPRY1	4	4.9507e-01	2.6978e-01	0.466374	2
TCTN3	4	4.9514e-01	2.7092e-01	0.467587	1
MAGEA6	4	4.9516e-01	2.7092e-01	0.467587	2
HNF1B	4	4.9520e-01	2.7092e-01	0.467587	2
STMND1	4	4.9530e-01	2.7092e-01	0.467587	1
CCDC57	4	4.9535e-01	2.7092e-01	0.467587	2
MAGEA1	4	4.9550e-01	2.7092e-01	0.467587	1
RNF225	4	4.9550e-01	2.7092e-01	0.467587	1
ZNF398	4	4.9570e-01	2.7092e-01	0.467587	2
CELF3	4	4.9573e-01	2.7092e-01	0.467587	2
FOXJ3	4	4.9588e-01	2.7092e-01	0.467587	1
KCTD7	4	4.9596e-01	2.7092e-01	0.467587	1
PRDM9	4	4.9599e-01	2.7092e-01	0.467587	2
SPRR4	4	4.9617e-01	2.7092e-01	0.467587	2
GPIHBP1	4	4.9622e-01	2.7092e-01	0.467587	1
SIGIRR	4	4.9624e-01	2.7092e-01	0.467587	2
SGOL2	4	4.9629e-01	2.7092e-01	0.467587	1
LAMA4	4	4.9644e-01	2.7092e-01	0.467587	1
SH3GL2	4	4.9647e-01	2.7092e-01	0.467587	2
CDR1	4	4.9650e-01	2.7210e-01	0.468901	2
ZNF514	4	4.9653e-01	2.7210e-01	0.468901	1
C4orf27	4	4.9656e-01	2.7210e-01	0.468901	2
SLC26A6	4	4.9660e-01	2.7210e-01	0.468901	2
P2RY8	4	4.9672e-01	2.7210e-01	0.468901	2
KLHDC7B	4	4.9675e-01	2.7210e-01	0.468901	2
PKDCC	4	4.9676e-01	2.7210e-01	0.468901	2
NME4	4	4.9681e-01	2.7210e-01	0.468901	2
CDK5R2	4	4.9699e-01	2.7210e-01	0.468901	2
GRIN3A	4	4.9707e-01	2.7210e-01	0.468901	2
FSHR	4	4.9714e-01	2.7210e-01	0.468901	2
F7	4	4.9720e-01	2.7210e-01	0.468901	2
MIIP	4	4.9734e-01	2.7210e-01	0.468901	2
NANS	4	4.9735e-01	2.7210e-01	0.468901	2
PCDHB13	4	4.9738e-01	2.7210e-01	0.468901	2
LOH12CR1	4	4.9740e-01	2.7210e-01	0.468901	1
DDX53	4	4.9746e-01	2.7210e-01	0.468901	2
SLC43A1	4	4.9755e-01	2.7404e-01	0.471140	1
TMEM138	4	4.9770e-01	2.7404e-01	0.471140	2
KNG1	4	4.9773e-01	2.7404e-01	0.471140	2
TMPRSS11A	4	4.9780e-01	2.7404e-01	0.471140	2
FOPNL	4	4.9780e-01	2.7404e-01	0.471140	2
BTBD8	4	4.9788e-01	2.7404e-01	0.471140	2
THUMPD2	4	4.9802e-01	2.7404e-01	0.471140	1
UBTFL1	4	4.9803e-01	2.7404e-01	0.471140	2
MCM9	4	4.9807e-01	2.7404e-01	0.471140	2
KIAA2013	4	4.9814e-01	2.7404e-01	0.471140	2
CYP4B1	4	4.9819e-01	2.7404e-01	0.471140	2
FZD10	4	4.9825e-01	2.7404e-01	0.471140	2
SP9	4	4.9832e-01	2.7404e-01	0.471140	2
PDE12	4	4.9841e-01	2.7404e-01	0.471140	2
ZC3H12A	4	4.9842e-01	2.7404e-01	0.471140	1
DPP6	4	4.9845e-01	2.7404e-01	0.471140	1
TENM4	4	4.9846e-01	2.7404e-01	0.471140	2
ADAM17	4	4.9848e-01	2.7404e-01	0.471140	2
NT5C1A	4	4.9855e-01	2.7404e-01	0.471140	2
B3GNT5	4	4.9855e-01	2.7404e-01	0.471140	2
GRIK1	4	4.9863e-01	2.7404e-01	0.471140	2
OR10P1	4	4.9874e-01	2.7404e-01	0.471140	1
ATG4A	4	4.9891e-01	2.7404e-01	0.471140	2
SEC16B	4	4.9891e-01	2.7404e-01	0.471140	1
ARNTL	4	4.9893e-01	2.7404e-01	0.471140	2
C1orf115	4	4.9900e-01	2.7404e-01	0.471140	1
OLA1	4	4.9919e-01	2.7523e-01	0.472124	1
SPINK2	4	4.9945e-01	2.7523e-01	0.472124	2
AARD	4	4.9959e-01	2.7523e-01	0.472124	1
DNAH8	4	4.9961e-01	2.7523e-01	0.472124	2
DNAH11	4	4.9977e-01	2.7523e-01	0.472124	2
PHPT1	4	4.9986e-01	2.7523e-01	0.472124	2
STOML3	4	4.9990e-01	2.7523e-01	0.472124	1
NXPH3	4	4.9996e-01	2.7523e-01	0.472124	1
UNC13A	4	4.9999e-01	2.7523e-01	0.472124	2
EPHB1	4	5.0002e-01	2.7523e-01	0.472124	2
INPP5D	4	5.0005e-01	2.7523e-01	0.472124	1
WFDC8	4	5.0013e-01	2.7523e-01	0.472124	2
SLC5A11	4	5.0014e-01	2.7523e-01	0.472124	1
MLPH	4	5.0020e-01	2.7523e-01	0.472124	2
CALML3	4	5.0020e-01	2.7523e-01	0.472124	1
FCGR2A	4	5.0023e-01	2.7523e-01	0.472124	1
SYCE1	4	5.0029e-01	2.7523e-01	0.472124	2
BTN1A1	4	5.0029e-01	2.7523e-01	0.472124	1
PSME3	4	5.0042e-01	2.7523e-01	0.472124	2
WIPI2	4	5.0048e-01	2.7523e-01	0.472124	2
KLF7	4	5.0051e-01	2.7523e-01	0.472124	2
MSANTD2	4	5.0056e-01	2.7523e-01	0.472124	1
EDN3	4	5.0067e-01	2.7523e-01	0.472124	2
GMPPA	4	5.0069e-01	2.7523e-01	0.472124	2
LTC4S	4	5.0069e-01	2.7523e-01	0.472124	2
C1orf100	4	5.0076e-01	2.7638e-01	0.472754	1
RBM14-RBM4	4	5.0088e-01	2.7638e-01	0.472754	1
PKD2L1	4	5.0091e-01	2.7638e-01	0.472754	1
LYRM1	4	5.0094e-01	2.7638e-01	0.472754	1
PHLDB3	4	5.0096e-01	2.7638e-01	0.472754	2
ESPN	4	5.0100e-01	2.7638e-01	0.472754	2
YIF1B	4	5.0106e-01	2.7638e-01	0.472754	1
CIZ1	4	5.0108e-01	2.7638e-01	0.472754	2
SLC22A24	4	5.0119e-01	2.7638e-01	0.472754	1
CNST	4	5.0125e-01	2.7638e-01	0.472754	1
IFNA10	4	5.0135e-01	2.7638e-01	0.472754	2
AQP8	4	5.0137e-01	2.7638e-01	0.472754	2
TANK	4	5.0143e-01	2.7638e-01	0.472754	1
L3MBTL2	4	5.0144e-01	2.7638e-01	0.472754	2
NAP1L1	4	5.0146e-01	2.7638e-01	0.472754	2
KRTAP9-4	4	5.0146e-01	2.7638e-01	0.472754	2
STX11	4	5.0148e-01	2.7638e-01	0.472754	2
HTN3	4	5.0149e-01	2.7638e-01	0.472754	2
SWI5	4	5.0155e-01	2.7638e-01	0.472754	2
GAS1	4	5.0160e-01	2.7639e-01	0.472754	2
TVP23A	4	5.0164e-01	2.7639e-01	0.472754	2
RGPD4	4	5.0169e-01	2.7639e-01	0.472754	2
C15orf52	4	5.0169e-01	2.7639e-01	0.472754	2
CERS6	4	5.0169e-01	2.7639e-01	0.472754	1
TMEM38A	4	5.0173e-01	2.7639e-01	0.472754	2
NACC2	4	5.0180e-01	2.7639e-01	0.472754	1
EPS15L1	4	5.0211e-01	2.7639e-01	0.472754	2
ZBED6CL	4	5.0213e-01	2.7639e-01	0.472754	2
BAG5	4	5.0226e-01	2.7639e-01	0.472754	1
NXPH1	4	5.0230e-01	2.7639e-01	0.472754	2
ROBO1	4	5.0240e-01	2.7639e-01	0.472754	2
KCNE1	4	5.0275e-01	2.7994e-01	0.478584	2
WDR37	4	5.0278e-01	2.7994e-01	0.478584	2
MSRB2	4	5.0279e-01	2.7994e-01	0.478584	2
LRRC57	4	5.0292e-01	2.7994e-01	0.478584	2
CCL5	4	5.0295e-01	2.7994e-01	0.478584	2
CFAP58	4	5.0302e-01	2.7994e-01	0.478584	1
DUS4L	4	5.0312e-01	2.8119e-01	0.480456	1
KIF21A	4	5.0316e-01	2.8119e-01	0.480456	1
PLXNA3	4	5.0345e-01	2.8119e-01	0.480456	2
NXNL2	4	5.0345e-01	2.8119e-01	0.480456	2
PMM1	4	5.0358e-01	2.8119e-01	0.480456	2
KCNH3	4	5.0363e-01	2.8119e-01	0.480456	2
MRPL48	4	5.0373e-01	2.8310e-01	0.481948	1
CALM1	4	5.0380e-01	2.8310e-01	0.481948	2
IQSEC3	4	5.0385e-01	2.8310e-01	0.481948	1
ZC3HAV1	4	5.0385e-01	2.8310e-01	0.481948	2
EXOC3L4	4	5.0387e-01	2.8310e-01	0.481948	2
ABCC6	4	5.0404e-01	2.8310e-01	0.481948	2
OR7A5	4	5.0405e-01	2.8310e-01	0.481948	2
ZNF337	4	5.0408e-01	2.8310e-01	0.481948	2
PRSS33	4	5.0419e-01	2.8310e-01	0.481948	2
CORO1A	4	5.0433e-01	2.8310e-01	0.481948	2
POR	4	5.0442e-01	2.8310e-01	0.481948	2
HOXA2	4	5.0443e-01	2.8310e-01	0.481948	1
RCN2	4	5.0444e-01	2.8310e-01	0.481948	2
CDCA7	4	5.0450e-01	2.8310e-01	0.481948	2
ASB3	4	5.0473e-01	2.8310e-01	0.481948	2
CIB4	4	5.0477e-01	2.8310e-01	0.481948	1
ZNF891	4	5.0480e-01	2.8310e-01	0.481948	1
POU3F2	4	5.0484e-01	2.8310e-01	0.481948	2
ETS2	4	5.0486e-01	2.8310e-01	0.481948	2
SNX12	4	5.0495e-01	2.8310e-01	0.481948	1
PHC3	4	5.0496e-01	2.8310e-01	0.481948	2
SNTA1	4	5.0521e-01	2.8310e-01	0.481948	2
SNX29	4	5.0525e-01	2.8310e-01	0.481948	2
PDK2	4	5.0530e-01	2.8310e-01	0.481948	2
TBX20	4	5.0537e-01	2.8310e-01	0.481948	2
CXorf56	4	5.0550e-01	2.8310e-01	0.481948	1
CPLX2	4	5.0554e-01	2.8310e-01	0.481948	2
CELF4	4	5.0568e-01	2.8310e-01	0.481948	2
SLC16A13	4	5.0574e-01	2.8310e-01	0.481948	1
MRM1	4	5.0580e-01	2.8310e-01	0.481948	2
VN1R4	4	5.0586e-01	2.8310e-01	0.481948	2
ZNF567	4	5.0588e-01	2.8310e-01	0.481948	2
SEL1L2	4	5.0593e-01	2.8310e-01	0.481948	1
SOHLH2	4	5.0596e-01	2.8310e-01	0.481948	2
KRT23	4	5.0602e-01	2.8310e-01	0.481948	2
ADRA2B	4	5.0602e-01	2.8310e-01	0.481948	1
CABP4	4	5.0608e-01	2.8310e-01	0.481948	2
CC2D1B	4	5.0611e-01	2.8310e-01	0.481948	2
C17orf112	4	5.0626e-01	2.8310e-01	0.481948	1
ENAM	4	5.0629e-01	2.8310e-01	0.481948	2
GMNC	4	5.0632e-01	2.8310e-01	0.481948	1
NLRP13	4	5.0640e-01	2.8437e-01	0.482864	1
SNX4	4	5.0640e-01	2.8437e-01	0.482864	1
LDB2	4	5.0642e-01	2.8437e-01	0.482864	2
ZNF510	4	5.0648e-01	2.8437e-01	0.482864	1
ELMO1	4	5.0651e-01	2.8437e-01	0.482864	2
TMEM213	4	5.0655e-01	2.8437e-01	0.482864	2
SMYD3	4	5.0658e-01	2.8437e-01	0.482864	2
DGAT2L6	4	5.0664e-01	2.8437e-01	0.482864	2
MAPK8IP2	4	5.0664e-01	2.8437e-01	0.482864	2
RBP2	4	5.0669e-01	2.8437e-01	0.482864	2
IL23R	4	5.0673e-01	2.8437e-01	0.482864	2
TRIM23	4	5.0680e-01	2.8437e-01	0.482864	2
LRRTM4	4	5.0691e-01	2.8437e-01	0.482864	2
SPATA13	4	5.0696e-01	2.8437e-01	0.482864	2
VIL1	4	5.0699e-01	2.8437e-01	0.482864	1
RABEP1	4	5.0703e-01	2.8437e-01	0.482864	2
C19orf43	4	5.0708e-01	2.8437e-01	0.482864	1
EP300	4	5.0714e-01	2.8437e-01	0.482864	1
LINC01272	4	5.0720e-01	2.8437e-01	0.482864	2
HOXC12	4	5.0727e-01	2.8437e-01	0.482864	1
CASD1	4	5.0732e-01	2.8437e-01	0.482864	2
SKIDA1	4	5.0737e-01	2.8437e-01	0.482864	1
PRSS16	4	5.0759e-01	2.8437e-01	0.482864	2
PNLDC1	4	5.0765e-01	2.8437e-01	0.482864	1
BBS9	4	5.0768e-01	2.8437e-01	0.482864	2
AXIN2	4	5.0778e-01	2.8437e-01	0.482864	1
IGFBP3	4	5.0784e-01	2.8437e-01	0.482864	2
SRGAP2C	4	5.0787e-01	2.8437e-01	0.482864	1
PDE11A	4	5.0797e-01	2.8437e-01	0.482864	2
GLS2	4	5.0801e-01	2.8558e-01	0.484488	2
GPR148	4	5.0807e-01	2.8558e-01	0.484488	2
ZNF445	4	5.0818e-01	2.8558e-01	0.484488	2
TP53TG5	4	5.0820e-01	2.8558e-01	0.484488	2
SFRP2	4	5.0821e-01	2.8558e-01	0.484488	1
ALKBH2	4	5.0830e-01	2.8558e-01	0.484488	2
CCNDBP1	4	5.0833e-01	2.8558e-01	0.484488	1
UTS2R	4	5.0834e-01	2.8558e-01	0.484488	2
CDH6	4	5.0848e-01	2.8558e-01	0.484488	2
B3GALNT1	4	5.0854e-01	2.8558e-01	0.484488	2
AZI2	4	5.0857e-01	2.8681e-01	0.486408	2
DUSP9	4	5.0863e-01	2.8681e-01	0.486408	1
CLCN6	4	5.0866e-01	2.8681e-01	0.486408	1
PICK1	4	5.0870e-01	2.8681e-01	0.486408	2
SLC52A2	4	5.0879e-01	2.8868e-01	0.487117	1
CEACAM16	4	5.0883e-01	2.8868e-01	0.487117	2
BCKDK	4	5.0883e-01	2.8868e-01	0.487117	2
MSH5	4	5.0891e-01	2.8868e-01	0.487117	1
CDHR4	4	5.0894e-01	2.8868e-01	0.487117	2
FUCA2	4	5.0895e-01	2.8868e-01	0.487117	1
BCL7C	4	5.0899e-01	2.8868e-01	0.487117	2
ZYG11A	4	5.0903e-01	2.8868e-01	0.487117	1
ARL9	4	5.0903e-01	2.8868e-01	0.487117	2
CCDC160	4	5.0906e-01	2.8868e-01	0.487117	1
OR2D3	4	5.0935e-01	2.8868e-01	0.487117	2
ZNF652	4	5.0951e-01	2.8868e-01	0.487117	2
OR51F1	4	5.0960e-01	2.8868e-01	0.487117	2
NT5C1B-RDH14	4	5.0969e-01	2.8868e-01	0.487117	2
C1orf87	4	5.0972e-01	2.8868e-01	0.487117	2
STK39	4	5.0978e-01	2.8868e-01	0.487117	2
DERL3	4	5.0992e-01	2.8868e-01	0.487117	2
RAB38	4	5.1003e-01	2.8868e-01	0.487117	2
CLCN1	4	5.1004e-01	2.8868e-01	0.487117	2
SDK2	4	5.1007e-01	2.8868e-01	0.487117	2
MACC1	4	5.1014e-01	2.8868e-01	0.487117	2
NXF2	4	5.1016e-01	2.8868e-01	0.487117	2
OR6C6	4	5.1018e-01	2.8868e-01	0.487117	2
CTNNAL1	4	5.1035e-01	2.8868e-01	0.487117	2
RCBTB1	4	5.1045e-01	2.8868e-01	0.487117	1
C9orf9	4	5.1061e-01	2.8868e-01	0.487117	2
PPP2R5B	4	5.1070e-01	2.8868e-01	0.487117	2
SLC35G2	4	5.1076e-01	2.8868e-01	0.487117	1
TPCN2	4	5.1079e-01	2.8868e-01	0.487117	2
CCDC78	4	5.1079e-01	2.8868e-01	0.487117	2
POLR2J2	4	5.1085e-01	2.8868e-01	0.487117	1
GFRA3	4	5.1086e-01	2.8868e-01	0.487117	2
ENO2	4	5.1092e-01	2.8868e-01	0.487117	2
PDZRN4	4	5.1094e-01	2.8868e-01	0.487117	1
TCEB3B	4	5.1097e-01	2.8868e-01	0.487117	2
C1QBP	4	5.1099e-01	2.8868e-01	0.487117	2
SLC38A10	4	5.1107e-01	2.8868e-01	0.487117	2
MPP1	4	5.1109e-01	2.8868e-01	0.487117	2
ZDHHC18	4	5.1124e-01	2.8868e-01	0.487117	2
SLC1A7	4	5.1135e-01	2.8868e-01	0.487117	2
SLC29A3	4	5.1136e-01	2.8868e-01	0.487117	1
WNT5B	4	5.1139e-01	2.8868e-01	0.487117	1
ZDHHC22	4	5.1145e-01	2.8868e-01	0.487117	1
SEMA3F	4	5.1148e-01	2.8868e-01	0.487117	2
YPEL2	4	5.1151e-01	2.8868e-01	0.487117	1
GNAO1	4	5.1160e-01	2.8868e-01	0.487117	2
ABHD15	4	5.1166e-01	2.8868e-01	0.487117	2
KCNH5	4	5.1172e-01	2.8868e-01	0.487117	1
HOXB9	4	5.1178e-01	2.8868e-01	0.487117	2
ADH1A	4	5.1181e-01	2.8868e-01	0.487117	2
OR56B4	4	5.1189e-01	2.8868e-01	0.487117	1
TMEM126B	4	5.1191e-01	2.8868e-01	0.487117	2
OR4N5	4	5.1201e-01	2.8868e-01	0.487117	1
GHSR	4	5.1204e-01	2.8868e-01	0.487117	2
MINA	4	5.1204e-01	2.8868e-01	0.487117	2
LAPTM5	4	5.1206e-01	2.8868e-01	0.487117	1
LRFN5	4	5.1218e-01	2.8995e-01	0.488525	1
MBTD1	4	5.1218e-01	2.8995e-01	0.488525	2
BEND6	4	5.1223e-01	2.8995e-01	0.488525	2
CYP11B2	4	5.1224e-01	2.8995e-01	0.488525	2
CXorf38	4	5.1225e-01	2.8995e-01	0.488525	2
OR8K3	4	5.1227e-01	2.8995e-01	0.488525	2
IL10RA	4	5.1239e-01	2.8995e-01	0.488525	1
ABLIM2	4	5.1245e-01	2.8995e-01	0.488525	2
PLLP	4	5.1247e-01	2.8995e-01	0.488525	2
RASGRP3	4	5.1248e-01	2.8995e-01	0.488525	1
ADGRB3	4	5.1256e-01	2.8995e-01	0.488525	2
DCAF6	4	5.1266e-01	2.8995e-01	0.488525	1
OR6M1	4	5.1274e-01	2.8995e-01	0.488525	2
DENND4C	4	5.1279e-01	2.8995e-01	0.488525	2
FAM104B	4	5.1281e-01	2.8995e-01	0.488525	2
KRTAP13-2	4	5.1298e-01	2.8995e-01	0.488525	2
HYPM	4	5.1304e-01	2.8995e-01	0.488525	2
SPIN2B	4	5.1319e-01	2.9120e-01	0.490410	2
ZIM2	4	5.1324e-01	2.9120e-01	0.490410	2
SLC37A4	4	5.1337e-01	2.9120e-01	0.490410	2
SOX8	4	5.1344e-01	2.9120e-01	0.490410	2
TAS2R31	4	5.1344e-01	2.9120e-01	0.490410	2
ASH1L	4	5.1359e-01	2.9243e-01	0.492393	1
TCTN1	4	5.1368e-01	2.9243e-01	0.492393	2
TMEM120A	4	5.1371e-01	2.9369e-01	0.493304	2
PARP10	4	5.1382e-01	2.9369e-01	0.493304	2
OLFML3	4	5.1384e-01	2.9369e-01	0.493304	2
C1QTNF8	4	5.1391e-01	2.9369e-01	0.493304	2
ATP6V1G3	4	5.1400e-01	2.9369e-01	0.493304	2
FADD	4	5.1412e-01	2.9369e-01	0.493304	2
MAOB	4	5.1420e-01	2.9369e-01	0.493304	2
LILRA1	4	5.1426e-01	2.9369e-01	0.493304	1
C2orf47	4	5.1439e-01	2.9369e-01	0.493304	1
USP20	4	5.1447e-01	2.9369e-01	0.493304	1
ZBTB9	4	5.1470e-01	2.9369e-01	0.493304	2
CRB2	4	5.1476e-01	2.9369e-01	0.493304	2
C11orf44	4	5.1480e-01	2.9369e-01	0.493304	2
KCNH4	4	5.1481e-01	2.9369e-01	0.493304	2
ZNF536	4	5.1507e-01	2.9369e-01	0.493304	2
C2CD2L	4	5.1526e-01	2.9369e-01	0.493304	2
TCEANC2	4	5.1546e-01	2.9369e-01	0.493304	2
DDAH2	4	5.1558e-01	2.9369e-01	0.493304	1
STX16	4	5.1564e-01	2.9369e-01	0.493304	1
SECISBP2	4	5.1567e-01	2.9369e-01	0.493304	2
NLRP1	4	5.1568e-01	2.9369e-01	0.493304	2
PDE6A	4	5.1571e-01	2.9369e-01	0.493304	2
GOLGA8H	4	5.1586e-01	2.9369e-01	0.493304	1
ZBTB44	4	5.1600e-01	2.9369e-01	0.493304	2
CLIC2	4	5.1603e-01	2.9369e-01	0.493304	1
FERMT1	4	5.1604e-01	2.9369e-01	0.493304	2
METTL21B	4	5.1618e-01	2.9369e-01	0.493304	2
RPIA	4	5.1621e-01	2.9494e-01	0.494105	2
UCK1	4	5.1633e-01	2.9494e-01	0.494105	2
PEX16	4	5.1637e-01	2.9494e-01	0.494105	1
CFAP97	4	5.1654e-01	2.9494e-01	0.494105	2
RBM33	4	5.1654e-01	2.9494e-01	0.494105	1
UBE2D4	4	5.1656e-01	2.9494e-01	0.494105	2
FXYD2	4	5.1663e-01	2.9494e-01	0.494105	2
TMEM56-RWDD3	4	5.1663e-01	2.9494e-01	0.494105	1
ADIRF	4	5.1667e-01	2.9494e-01	0.494105	2
CAMK2B	4	5.1669e-01	2.9494e-01	0.494105	1
KCNJ8	4	5.1674e-01	2.9494e-01	0.494105	2
ZNF117	4	5.1685e-01	2.9494e-01	0.494105	2
CLIC3	4	5.1690e-01	2.9494e-01	0.494105	2
KATNBL1	4	5.1694e-01	2.9494e-01	0.494105	2
GBP3	4	5.1699e-01	2.9494e-01	0.494105	2
FABP1	4	5.1710e-01	2.9494e-01	0.494105	2
ACTL7A	4	5.1711e-01	2.9494e-01	0.494105	1
GNB5	4	5.1728e-01	2.9494e-01	0.494105	2
ASXL1	4	5.1734e-01	2.9494e-01	0.494105	2
DEFB125	4	5.1745e-01	2.9494e-01	0.494105	1
IFNA2	4	5.1746e-01	2.9494e-01	0.494105	2
CWF19L2	4	5.1750e-01	2.9494e-01	0.494105	1
DLG2	4	5.1757e-01	2.9494e-01	0.494105	2
NINJ1	4	5.1762e-01	2.9494e-01	0.494105	1
RAB15	4	5.1767e-01	2.9494e-01	0.494105	2
RNF220	4	5.1777e-01	2.9494e-01	0.494105	2
KCNK18	4	5.1779e-01	2.9494e-01	0.494105	2
RAB30	4	5.1780e-01	2.9494e-01	0.494105	1
BIN3	4	5.1786e-01	2.9494e-01	0.494105	2
NCF2	4	5.1790e-01	2.9494e-01	0.494105	2
WDR54	4	5.1808e-01	2.9617e-01	0.495689	2
LRP3	4	5.1811e-01	2.9617e-01	0.495689	2
EFCAB14	4	5.1817e-01	2.9617e-01	0.495689	2
ALOX15	4	5.1819e-01	2.9617e-01	0.495689	1
GCNT3	4	5.1822e-01	2.9617e-01	0.495689	2
KIAA0226L	4	5.1825e-01	2.9617e-01	0.495689	2
OR7G1	4	5.1837e-01	2.9617e-01	0.495689	2
IL20	4	5.1838e-01	2.9617e-01	0.495689	2
ZNF512	4	5.1857e-01	2.9617e-01	0.495689	2
OAT	4	5.1862e-01	2.9617e-01	0.495689	2
ADIPOR1	4	5.1873e-01	2.9617e-01	0.495689	2
FLVCR2	4	5.1884e-01	2.9750e-01	0.497737	1
PQLC2	4	5.1898e-01	2.9750e-01	0.497737	2
AACS	4	5.1908e-01	2.9750e-01	0.497737	1
BST1	4	5.1918e-01	2.9750e-01	0.497737	2
ZNF449	4	5.1929e-01	3.0118e-01	0.502744	2
CHRND	4	5.1936e-01	3.0118e-01	0.502744	2
NUP188	4	5.1938e-01	3.0118e-01	0.502744	2
SLC7A7	4	5.1952e-01	3.0118e-01	0.502744	2
ITGB1BP2	4	5.1956e-01	3.0118e-01	0.502744	1
HNRNPAB	4	5.1959e-01	3.0118e-01	0.502744	2
RBP7	4	5.1963e-01	3.0118e-01	0.502744	2
PRMT6	4	5.1965e-01	3.0118e-01	0.502744	2
ZMYND12	4	5.1968e-01	3.0118e-01	0.502744	1
SLC7A6	4	5.1976e-01	3.0118e-01	0.502744	2
WDR86	4	5.1983e-01	3.0118e-01	0.502744	2
CD207	4	5.1991e-01	3.0118e-01	0.502744	2
CYP8B1	4	5.2031e-01	3.0118e-01	0.502744	2
USP51	4	5.2045e-01	3.0118e-01	0.502744	2
RNASEH2B	4	5.2051e-01	3.0118e-01	0.502744	1
KCNK3	4	5.2066e-01	3.0118e-01	0.502744	1
PRR15	4	5.2082e-01	3.0118e-01	0.502744	2
ZNF195	4	5.2088e-01	3.0118e-01	0.502744	2
DEFB1	4	5.2091e-01	3.0118e-01	0.502744	2
DEFB107B	1	5.2091e-01	2.8818e-01	0.487117	0
HTR4	4	5.2093e-01	3.0118e-01	0.502744	2
SERINC5	4	5.2095e-01	3.0118e-01	0.502744	2
ARMCX3	4	5.2099e-01	3.0118e-01	0.502744	2
DPP9	4	5.2106e-01	3.0118e-01	0.502744	2
PPP1R12C	4	5.2111e-01	3.0118e-01	0.502744	2
CXCR1	4	5.2118e-01	3.0118e-01	0.502744	2
RNASET2	4	5.2120e-01	3.0118e-01	0.502744	2
CCAR2	4	5.2129e-01	3.0299e-01	0.505372	2
LCMT2	4	5.2131e-01	3.0299e-01	0.505372	2
CREB3L2	4	5.2141e-01	3.0299e-01	0.505372	2
FYB	4	5.2142e-01	3.0299e-01	0.505372	2
MAGOHB	4	5.2147e-01	3.0299e-01	0.505372	2
SBF2	4	5.2149e-01	3.0299e-01	0.505372	2
FAM180B	4	5.2151e-01	3.0299e-01	0.505372	2
PTBP2	4	5.2159e-01	3.0299e-01	0.505372	1
ZNF862	4	5.2178e-01	3.0299e-01	0.505372	2
CTBP1	4	5.2190e-01	3.0486e-01	0.508094	2
ZNF317	4	5.2190e-01	3.0486e-01	0.508094	2
CLEC12A	4	5.2194e-01	3.0486e-01	0.508094	2
SULT1A1	4	5.2196e-01	3.0486e-01	0.508094	2
CRISP3	4	5.2197e-01	3.0486e-01	0.508094	1
OR5AR1	4	5.2198e-01	3.0486e-01	0.508094	2
OR51A4	4	5.2200e-01	3.0486e-01	0.508094	2
TIMP4	4	5.2208e-01	3.0486e-01	0.508094	1
HIST1H1A	4	5.2215e-01	3.0486e-01	0.508094	1
RAX	4	5.2227e-01	3.0614e-01	0.509514	1
RAB11B	3	5.2242e-01	2.7636e-01	0.472754	1
ZNF197	4	5.2245e-01	3.0614e-01	0.509514	1
VWA3B	4	5.2248e-01	3.0614e-01	0.509514	1
HRH3	4	5.2257e-01	3.0614e-01	0.509514	2
SGK2	4	5.2263e-01	3.0614e-01	0.509514	1
MAGEB6	4	5.2267e-01	3.0614e-01	0.509514	1
TGFB1I1	4	5.2269e-01	3.0614e-01	0.509514	2
APOL5	4	5.2273e-01	3.0614e-01	0.509514	2
TIA1	4	5.2273e-01	3.0614e-01	0.509514	2
OR5K2	4	5.2283e-01	3.0614e-01	0.509514	1
MVB12A	4	5.2289e-01	3.0614e-01	0.509514	2
LCMT1	4	5.2297e-01	3.0614e-01	0.509514	1
PLAC8L1	4	5.2305e-01	3.0614e-01	0.509514	2
PTX4	4	5.2326e-01	3.0614e-01	0.509514	2
RAD18	4	5.2337e-01	3.0614e-01	0.509514	1
RCOR2	4	5.2340e-01	3.0614e-01	0.509514	1
CCDC85B	4	5.2346e-01	3.0735e-01	0.510913	2
RTN4R	4	5.2349e-01	3.0735e-01	0.510913	2
PDPN	4	5.2359e-01	3.0735e-01	0.510913	2
AK7	4	5.2362e-01	3.0735e-01	0.510913	1
OPA3	4	5.2364e-01	3.0735e-01	0.510913	2
PNLIPRP1	4	5.2368e-01	3.0735e-01	0.510913	2
RNF167	4	5.2373e-01	3.0735e-01	0.510913	1
GALP	4	5.2381e-01	3.0736e-01	0.510913	2
C10orf107	4	5.2381e-01	3.0736e-01	0.510913	2
LLGL1	4	5.2384e-01	3.0736e-01	0.510913	1
STEAP1B	4	5.2387e-01	3.0736e-01	0.510913	1
UBQLN4	4	5.2392e-01	3.0736e-01	0.510913	2
CACNA1S	4	5.2396e-01	3.0736e-01	0.510913	1
CTIF	4	5.2402e-01	3.0736e-01	0.510913	1
F11	4	5.2415e-01	3.0917e-01	0.511933	2
FBRSL1	4	5.2419e-01	3.0917e-01	0.511933	2
SHE	4	5.2422e-01	3.0917e-01	0.511933	2
KLK8	4	5.2431e-01	3.0917e-01	0.511933	2
PRR21	4	5.2435e-01	3.0917e-01	0.511933	1
SPANXN4	4	5.2439e-01	3.0917e-01	0.511933	1
EBF2	4	5.2447e-01	3.0917e-01	0.511933	1
GATA5	4	5.2453e-01	3.0917e-01	0.511933	1
KHDRBS3	4	5.2460e-01	3.0917e-01	0.511933	2
FAM161A	4	5.2464e-01	3.0917e-01	0.511933	2
SPAM1	4	5.2466e-01	3.0917e-01	0.511933	2
NPR3	4	5.2469e-01	3.0917e-01	0.511933	2
CMAS	4	5.2470e-01	3.0917e-01	0.511933	2
FABP12	4	5.2473e-01	3.0917e-01	0.511933	2
ARID5B	4	5.2479e-01	3.0917e-01	0.511933	1
ZNF491	4	5.2485e-01	3.0917e-01	0.511933	1
MAP1A	4	5.2498e-01	3.0917e-01	0.511933	2
CLDN7	4	5.2500e-01	3.0917e-01	0.511933	2
CPEB1	4	5.2506e-01	3.0917e-01	0.511933	1
CTPS2	4	5.2509e-01	3.0917e-01	0.511933	2
ZFP42	4	5.2512e-01	3.0917e-01	0.511933	1
MAT1A	4	5.2521e-01	3.0917e-01	0.511933	1
CITED1	4	5.2527e-01	3.0917e-01	0.511933	2
ADAD1	4	5.2529e-01	3.0917e-01	0.511933	1
OR51B4	4	5.2531e-01	3.0917e-01	0.511933	2
CAMK2A	4	5.2538e-01	3.0917e-01	0.511933	2
FRRS1L	4	5.2545e-01	3.0917e-01	0.511933	2
TLR5	4	5.2551e-01	3.0917e-01	0.511933	2
OR51B2	4	5.2553e-01	3.0917e-01	0.511933	2
MPL	4	5.2555e-01	3.0917e-01	0.511933	1
GNL1	4	5.2566e-01	3.0917e-01	0.511933	2
MEF2D	4	5.2574e-01	3.0917e-01	0.511933	2
SPAG17	4	5.2595e-01	3.0917e-01	0.511933	1
LRP1	4	5.2596e-01	3.0917e-01	0.511933	2
BDH2	4	5.2598e-01	3.0917e-01	0.511933	2
CKMT1B	4	5.2602e-01	3.0917e-01	0.511933	2
ABHD11	4	5.2616e-01	3.0917e-01	0.511933	2
GIMAP1-GIMAP5	4	5.2618e-01	3.0917e-01	0.511933	2
ZFYVE9	4	5.2623e-01	3.0917e-01	0.511933	2
ZNF41	4	5.2623e-01	3.0917e-01	0.511933	1
MTHFD1L	4	5.2623e-01	3.0917e-01	0.511933	2
CCER1	4	5.2645e-01	3.0917e-01	0.511933	2
MEGF8	4	5.2647e-01	3.0917e-01	0.511933	2
PCSK9	4	5.2649e-01	3.0917e-01	0.511933	2
PDE1B	4	5.2679e-01	3.0917e-01	0.511933	2
OR1L8	4	5.2692e-01	3.1164e-01	0.515530	2
NCOA5	4	5.2695e-01	3.1164e-01	0.515530	2
ATP6V0D2	4	5.2708e-01	3.1164e-01	0.515530	2
TRHDE	4	5.2713e-01	3.1164e-01	0.515530	2
CPAMD8	4	5.2714e-01	3.1164e-01	0.515530	2
RNF148	4	5.2717e-01	3.1164e-01	0.515530	2
FREM3	4	5.2733e-01	3.1164e-01	0.515530	2
FKBP3	4	5.2754e-01	3.1164e-01	0.515530	2
KCNT2	4	5.2757e-01	3.1164e-01	0.515530	2
ZWILCH	4	5.2766e-01	3.1164e-01	0.515530	1
DNAJC18	4	5.2772e-01	3.1164e-01	0.515530	1
GABRG2	4	5.2819e-01	3.1294e-01	0.517224	2
AKR1E2	4	5.2828e-01	3.1294e-01	0.517224	2
FBXO4	4	5.2830e-01	3.1294e-01	0.517224	2
STK36	4	5.2835e-01	3.1294e-01	0.517224	2
CAPN10	4	5.2842e-01	3.1294e-01	0.517224	1
GPR174	4	5.2857e-01	3.1294e-01	0.517224	2
GP2	4	5.2890e-01	3.1294e-01	0.517224	2
PABPC4	4	5.2902e-01	3.1294e-01	0.517224	2
CYP51A1	4	5.2907e-01	3.1294e-01	0.517224	1
GOLPH3L	4	5.2917e-01	3.1294e-01	0.517224	2
TRAK1	4	5.2924e-01	3.1474e-01	0.517684	2
PRRG1	4	5.2931e-01	3.1474e-01	0.517684	2
XKR9	4	5.2942e-01	3.1600e-01	0.517684	2
RECK	4	5.2948e-01	3.1600e-01	0.517684	2
P2RY14	4	5.2951e-01	3.1600e-01	0.517684	2
DIS3L	4	5.2954e-01	3.1600e-01	0.517684	2
GRIN1	4	5.2960e-01	3.1600e-01	0.517684	1
PAFAH1B3	4	5.2962e-01	3.1600e-01	0.517684	2
C15orf62	4	5.2969e-01	3.1600e-01	0.517684	2
NEFH	4	5.2973e-01	3.1600e-01	0.517684	2
C1orf146	4	5.2977e-01	3.1600e-01	0.517684	2
SPEF1	4	5.2983e-01	3.1600e-01	0.517684	2
NR3C2	4	5.2988e-01	3.1600e-01	0.517684	1
TFR2	4	5.2992e-01	3.1600e-01	0.517684	1
HAO2	4	5.2997e-01	3.1600e-01	0.517684	2
NCLN	4	5.3004e-01	3.1600e-01	0.517684	1
ZBTB1	4	5.3011e-01	3.1600e-01	0.517684	2
FCGR2B	4	5.3019e-01	3.1725e-01	0.517684	1
PHYKPL	4	5.3022e-01	3.1725e-01	0.517684	2
APOBEC3B	4	5.3024e-01	3.1725e-01	0.517684	2
ZBTB34	4	5.3026e-01	3.1725e-01	0.517684	2
CSTA	4	5.3030e-01	3.1725e-01	0.517684	2
CABP2	4	5.3035e-01	3.1725e-01	0.517684	1
ART1	4	5.3035e-01	3.1725e-01	0.517684	1
LFNG	4	5.3035e-01	3.1725e-01	0.517684	2
PDE9A	4	5.3047e-01	3.1725e-01	0.517684	2
RHOBTB3	4	5.3057e-01	3.1725e-01	0.517684	1
CFHR1	4	5.3071e-01	3.1725e-01	0.517684	2
ANKRD1	4	5.3071e-01	3.1725e-01	0.517684	1
EYA4	4	5.3078e-01	3.1725e-01	0.517684	2
POMZP3	4	5.3082e-01	3.1725e-01	0.517684	2
SOSTDC1	4	5.3083e-01	3.1725e-01	0.517684	1
PROM1	4	5.3088e-01	3.1725e-01	0.517684	1
PTDSS2	4	5.3098e-01	3.1725e-01	0.517684	2
KCNE5	4	5.3102e-01	3.1725e-01	0.517684	2
CREG1	4	5.3104e-01	3.1725e-01	0.517684	1
KIAA1456	4	5.3107e-01	3.1725e-01	0.517684	2
NIPA1	4	5.3109e-01	3.1725e-01	0.517684	2
TNNI3K	4	5.3127e-01	3.1725e-01	0.517684	2
TMCC2	4	5.3139e-01	3.1725e-01	0.517684	1
MOB3C	4	5.3149e-01	3.1725e-01	0.517684	2
MREG	4	5.3155e-01	3.1725e-01	0.517684	1
FTL	4	5.3159e-01	3.1725e-01	0.517684	2
TMEM161A	4	5.3162e-01	3.1725e-01	0.517684	1
XPA	4	5.3167e-01	3.1725e-01	0.517684	2
C1orf127	4	5.3173e-01	3.1725e-01	0.517684	2
LRRK2	4	5.3177e-01	3.1725e-01	0.517684	1
ZNF177	4	5.3178e-01	3.1725e-01	0.517684	2
NBPF7	4	5.3180e-01	3.1725e-01	0.517684	2
ROPN1L	4	5.3185e-01	3.1725e-01	0.517684	2
ZNF879	4	5.3186e-01	3.1725e-01	0.517684	2
YBX2	4	5.3189e-01	3.1725e-01	0.517684	1
SMIM13	4	5.3194e-01	3.1725e-01	0.517684	2
SULF1	4	5.3196e-01	3.1725e-01	0.517684	2
AP5S1	4	5.3209e-01	3.1725e-01	0.517684	2
TEX35	4	5.3216e-01	3.1725e-01	0.517684	2
PTPRO	4	5.3224e-01	3.1725e-01	0.517684	1
SERPINC1	4	5.3225e-01	3.1725e-01	0.517684	2
OR51B6	4	5.3234e-01	3.1725e-01	0.517684	2
MAST1	4	5.3244e-01	3.1725e-01	0.517684	2
WNT3	4	5.3244e-01	3.1725e-01	0.517684	2
CKB	4	5.3253e-01	3.1725e-01	0.517684	1
ZDHHC20	4	5.3259e-01	3.1725e-01	0.517684	1
NDST4	4	5.3265e-01	3.1725e-01	0.517684	2
CDC34	4	5.3267e-01	3.1725e-01	0.517684	2
FAM149B1	4	5.3276e-01	3.1725e-01	0.517684	1
C1orf162	4	5.3294e-01	3.1725e-01	0.517684	2
AADAC	4	5.3318e-01	3.1725e-01	0.517684	2
LGI2	4	5.3331e-01	3.1725e-01	0.517684	2
DMKN	4	5.3334e-01	3.1725e-01	0.517684	2
DYSF	4	5.3340e-01	3.1725e-01	0.517684	2
ID1	4	5.3349e-01	3.1725e-01	0.517684	2
FHL1	4	5.3372e-01	3.1725e-01	0.517684	2
ERVV-2	4	5.3378e-01	3.1725e-01	0.517684	2
KRTAP27-1	4	5.3379e-01	3.1725e-01	0.517684	2
SCRT2	4	5.3383e-01	3.1725e-01	0.517684	2
SAXO1	4	5.3389e-01	3.1725e-01	0.517684	2
BLCAP	4	5.3392e-01	3.1725e-01	0.517684	2
ACY1	4	5.3395e-01	3.1725e-01	0.517684	1
PRKD3	4	5.3400e-01	3.1725e-01	0.517684	2
SMCO3	4	5.3409e-01	3.1725e-01	0.517684	2
FAM179A	4	5.3414e-01	3.1725e-01	0.517684	2
MTSS1L	4	5.3428e-01	3.1725e-01	0.517684	2
FGL2	4	5.3432e-01	3.1725e-01	0.517684	2
KCNK15	4	5.3435e-01	3.1725e-01	0.517684	2
LCE3B	4	5.3441e-01	3.1725e-01	0.517684	1
ARSH	4	5.3451e-01	3.1725e-01	0.517684	1
ARFIP1	4	5.3456e-01	3.1725e-01	0.517684	2
PLA2G5	4	5.3463e-01	3.1725e-01	0.517684	2
RELN	4	5.3467e-01	3.1725e-01	0.517684	2
HEATR6	4	5.3470e-01	3.1725e-01	0.517684	2
CBX4	4	5.3470e-01	3.1725e-01	0.517684	2
SLC11A1	4	5.3479e-01	3.1725e-01	0.517684	2
HIVEP1	4	5.3481e-01	3.1725e-01	0.517684	1
LPO	4	5.3483e-01	3.1725e-01	0.517684	2
PDLIM5	4	5.3483e-01	3.1725e-01	0.517684	1
MYL7	4	5.3489e-01	3.1725e-01	0.517684	1
FAM89B	4	5.3492e-01	3.1725e-01	0.517684	2
CDYL2	4	5.3492e-01	3.1725e-01	0.517684	1
GPX7	4	5.3509e-01	3.1725e-01	0.517684	2
BEX2	4	5.3525e-01	3.1725e-01	0.517684	2
TC2N	4	5.3528e-01	3.1725e-01	0.517684	2
PRR23A	4	5.3542e-01	3.1725e-01	0.517684	1
RNF24	4	5.3543e-01	3.1725e-01	0.517684	2
GLTP	4	5.3552e-01	3.1907e-01	0.517684	2
BMP2K	4	5.3563e-01	3.1907e-01	0.517684	2
OMP	4	5.3565e-01	3.1907e-01	0.517684	2
RASD2	4	5.3567e-01	3.1907e-01	0.517684	2
OXTR	4	5.3568e-01	3.1907e-01	0.517684	2
TM4SF5	4	5.3569e-01	3.1907e-01	0.517684	2
ULK2	4	5.3578e-01	3.1907e-01	0.517684	2
KCNN2	4	5.3580e-01	3.1907e-01	0.517684	2
EML4	4	5.3589e-01	3.1907e-01	0.517684	2
ZNRF1	4	5.3592e-01	3.1907e-01	0.517684	2
DEK	4	5.3594e-01	3.1907e-01	0.517684	2
ANKRD9	4	5.3597e-01	3.1907e-01	0.517684	1
PODN	4	5.3598e-01	3.1907e-01	0.517684	2
KRTAP9-9	4	5.3601e-01	3.1907e-01	0.517684	2
OR13G1	4	5.3614e-01	3.1907e-01	0.517684	2
KDM7A	4	5.3620e-01	3.1907e-01	0.517684	1
AHDC1	4	5.3640e-01	3.1907e-01	0.517684	2
TMEM132E	4	5.3655e-01	3.1907e-01	0.517684	2
XAGE5	4	5.3657e-01	3.1907e-01	0.517684	2
NME9	4	5.3667e-01	3.1907e-01	0.517684	1
APOL3	4	5.3675e-01	3.1907e-01	0.517684	1
OR2W3	4	5.3677e-01	3.1907e-01	0.517684	2
KRTAP6-2	4	5.3683e-01	3.1907e-01	0.517684	2
FUT6	4	5.3693e-01	3.1907e-01	0.517684	2
ARHGEF15	4	5.3696e-01	3.1907e-01	0.517684	1
CRYGS	4	5.3700e-01	3.1907e-01	0.517684	2
LYZL2	4	5.3705e-01	3.1907e-01	0.517684	1
TM6SF2	4	5.3709e-01	3.1907e-01	0.517684	2
EFNA1	4	5.3712e-01	3.1907e-01	0.517684	2
ERGIC3	4	5.3716e-01	3.1907e-01	0.517684	2
GLI3	4	5.3718e-01	3.1907e-01	0.517684	2
PFKM	4	5.3719e-01	3.1907e-01	0.517684	1
DEFB105B	4	5.3743e-01	3.1907e-01	0.517684	2
HTR2C	4	5.3747e-01	3.1907e-01	0.517684	2
ATP1A4	4	5.3748e-01	3.1907e-01	0.517684	1
IL12B	4	5.3756e-01	3.1907e-01	0.517684	2
POSTN	4	5.3757e-01	3.1907e-01	0.517684	2
NUBPL	4	5.3763e-01	3.1907e-01	0.517684	2
CLDN4	4	5.3768e-01	3.1907e-01	0.517684	1
NXT1	4	5.3774e-01	3.1907e-01	0.517684	1
PAX2	4	5.3777e-01	3.1907e-01	0.517684	1
CCL16	4	5.3778e-01	3.1907e-01	0.517684	2
HPD	4	5.3781e-01	3.1907e-01	0.517684	2
BLK	4	5.3786e-01	3.1907e-01	0.517684	2
SLC13A2	4	5.3789e-01	3.1907e-01	0.517684	1
ZNRF4	4	5.3791e-01	3.1907e-01	0.517684	2
CKAP2	4	5.3794e-01	3.1907e-01	0.517684	2
ENPEP	4	5.3794e-01	3.1907e-01	0.517684	1
PRKD1	4	5.3798e-01	3.1907e-01	0.517684	2
APOE	4	5.3803e-01	3.1907e-01	0.517684	2
CEP170B	4	5.3806e-01	3.1907e-01	0.517684	1
PPP1R1C	4	5.3807e-01	3.1907e-01	0.517684	2
ACBD3	4	5.3809e-01	3.1907e-01	0.517684	2
FAM150A	4	5.3812e-01	3.1907e-01	0.517684	1
WDR83OS	4	5.3815e-01	3.1907e-01	0.517684	1
RB1CC1	4	5.3835e-01	3.2039e-01	0.517684	2
TIGD6	4	5.3838e-01	3.2039e-01	0.517684	2
CUTC	4	5.3844e-01	3.2039e-01	0.517684	1
GNA15	4	5.3847e-01	3.2039e-01	0.517684	1
TMEM14A	4	5.3851e-01	3.2039e-01	0.517684	2
KRTAP26-1	4	5.3854e-01	3.2039e-01	0.517684	2
GPR84	4	5.3856e-01	3.2039e-01	0.517684	2
PCSK1N	4	5.3858e-01	3.2039e-01	0.517684	2
CELF6	4	5.3870e-01	3.2039e-01	0.517684	2
ZNF396	4	5.3871e-01	3.2039e-01	0.517684	2
NDRG1	4	5.3878e-01	3.2039e-01	0.517684	2
C7orf65	4	5.3891e-01	3.2039e-01	0.517684	2
LONRF1	4	5.3894e-01	3.2039e-01	0.517684	2
VSTM5	4	5.3896e-01	3.2039e-01	0.517684	1
C6orf52	4	5.3899e-01	3.2039e-01	0.517684	1
OMD	4	5.3914e-01	3.2039e-01	0.517684	2
COL7A1	4	5.3918e-01	3.2039e-01	0.517684	2
LYPD2	4	5.3920e-01	3.2039e-01	0.517684	2
WFDC11	4	5.3927e-01	3.2039e-01	0.517684	2
ZC2HC1A	4	5.3931e-01	3.2039e-01	0.517684	1
URAD	4	5.3933e-01	3.2039e-01	0.517684	2
ARHGAP32	4	5.3936e-01	3.2039e-01	0.517684	1
KRTAP2-1	4	5.3955e-01	3.2039e-01	0.517684	1
FTSJ1	4	5.3960e-01	3.2039e-01	0.517684	2
KIAA0556	4	5.3962e-01	3.2039e-01	0.517684	2
IL31RA	4	5.3965e-01	3.2039e-01	0.517684	1
DBH	4	5.3977e-01	3.2039e-01	0.517684	1
RHBDD3	4	5.3978e-01	3.2039e-01	0.517684	2
NXF2B	4	5.3983e-01	3.2039e-01	0.517684	1
ERI1	4	5.3988e-01	3.2039e-01	0.517684	2
NOMO1	4	5.3998e-01	3.2220e-01	0.517684	2
TAGLN2	4	5.4002e-01	3.2220e-01	0.517684	2
ANKRD28	4	5.4006e-01	3.2220e-01	0.517684	1
AGXT2	4	5.4010e-01	3.2220e-01	0.517684	2
ZNF584	4	5.4010e-01	3.2220e-01	0.517684	2
CHST15	4	5.4013e-01	3.2220e-01	0.517684	2
GGACT	4	5.4016e-01	3.2220e-01	0.517684	2
SLC10A5	4	5.4022e-01	3.2220e-01	0.517684	2
RGS14	4	5.4023e-01	3.2220e-01	0.517684	1
MARVELD2	4	5.4027e-01	3.2220e-01	0.517684	2
SNAP47	4	5.4029e-01	3.2220e-01	0.517684	2
RXFP3	4	5.4038e-01	3.2220e-01	0.517684	2
EPX	4	5.4042e-01	3.2220e-01	0.517684	2
CYSRT1	4	5.4055e-01	3.2220e-01	0.517684	2
OR10R2	4	5.4066e-01	3.2220e-01	0.517684	2
CCDC175	4	5.4078e-01	3.2220e-01	0.517684	2
SCN2B	4	5.4091e-01	3.2220e-01	0.517684	1
CLEC9A	4	5.4101e-01	3.2220e-01	0.517684	2
ALKBH6	4	5.4104e-01	3.2220e-01	0.517684	1
POLL	4	5.4112e-01	3.2220e-01	0.517684	2
DNAI2	4	5.4118e-01	3.2220e-01	0.517684	2
HPDL	4	5.4119e-01	3.2220e-01	0.517684	2
WRNIP1	4	5.4119e-01	3.2220e-01	0.517684	2
VWA5B2	4	5.4121e-01	3.2220e-01	0.517684	2
OR10X1	4	5.4126e-01	3.2220e-01	0.517684	2
DUSP2	4	5.4131e-01	3.2220e-01	0.517684	2
SEMA3E	4	5.4136e-01	3.2220e-01	0.517684	2
GUCA2B	4	5.4142e-01	3.2220e-01	0.517684	2
PRSS55	4	5.4144e-01	3.2220e-01	0.517684	2
STAC2	4	5.4156e-01	3.2349e-01	0.517684	2
HOXA6	4	5.4160e-01	3.2349e-01	0.517684	2
PCDHB6	4	5.4161e-01	3.2349e-01	0.517684	1
CYP2A6	4	5.4164e-01	3.2349e-01	0.517684	2
CAPN2	4	5.4166e-01	3.2349e-01	0.517684	1
MYEOV2	4	5.4170e-01	3.2349e-01	0.517684	2
INS	4	5.4179e-01	3.2349e-01	0.517684	1
C18orf65	4	5.4179e-01	3.2349e-01	0.517684	2
UGT2B4	4	5.4182e-01	3.2349e-01	0.517684	2
NEUROD4	4	5.4184e-01	3.2349e-01	0.517684	2
ADAM11	4	5.4199e-01	3.2349e-01	0.517684	1
SLC30A2	4	5.4205e-01	3.2349e-01	0.517684	2
FBXO3	4	5.4206e-01	3.2349e-01	0.517684	2
EFCAB7	4	5.4210e-01	3.2349e-01	0.517684	1
WDR41	4	5.4210e-01	3.2349e-01	0.517684	2
ITGA3	4	5.4215e-01	3.2349e-01	0.517684	2
ADORA3	4	5.4228e-01	3.2349e-01	0.517684	1
KIF12	4	5.4250e-01	3.2349e-01	0.517684	2
SHMT1	3	5.4251e-01	2.9303e-01	0.493304	1
GPR3	4	5.4256e-01	3.2349e-01	0.517684	1
DEGS2	4	5.4259e-01	3.2349e-01	0.517684	1
TRIM46	4	5.4271e-01	3.2349e-01	0.517684	1
RETN	4	5.4272e-01	3.2349e-01	0.517684	2
NHLRC1	4	5.4278e-01	3.2349e-01	0.517684	1
PPP1R14B	4	5.4279e-01	3.2349e-01	0.517684	2
ITIH2	4	5.4286e-01	3.2349e-01	0.517684	2
NT5DC3	4	5.4288e-01	3.2349e-01	0.517684	2
INPP1	4	5.4299e-01	3.2349e-01	0.517684	2
OTOG	4	5.4301e-01	3.2349e-01	0.517684	2
RET	4	5.4305e-01	3.2349e-01	0.517684	1
DECR1	4	5.4311e-01	3.2349e-01	0.517684	2
BMP7	4	5.4311e-01	3.2349e-01	0.517684	2
OPN1MW	4	5.4326e-01	3.2349e-01	0.517684	2
TRPV1	4	5.4328e-01	3.2349e-01	0.517684	2
PCDHA11	4	5.4348e-01	3.2349e-01	0.517684	2
COMMD1	4	5.4352e-01	3.2349e-01	0.517684	2
LY6G6C	4	5.4357e-01	3.2349e-01	0.517684	1
RP9	4	5.4371e-01	3.2524e-01	0.517684	2
TRIM66	4	5.4380e-01	3.2524e-01	0.517684	2
ZBTB33	4	5.4386e-01	3.2524e-01	0.517684	1
MBOAT7	4	5.4386e-01	3.2524e-01	0.517684	2
MLF2	4	5.4392e-01	3.2524e-01	0.517684	1
NME6	4	5.4396e-01	3.2524e-01	0.517684	2
TXNDC8	4	5.4397e-01	3.2524e-01	0.517684	1
MYH4	4	5.4399e-01	3.2524e-01	0.517684	2
SUMO1	4	5.4401e-01	3.2524e-01	0.517684	2
ATRAID	4	5.4405e-01	3.2524e-01	0.517684	2
CYTH2	4	5.4406e-01	3.2524e-01	0.517684	1
TTC39B	4	5.4407e-01	3.2524e-01	0.517684	2
ST3GAL4	4	5.4410e-01	3.2524e-01	0.517684	2
ZNF490	4	5.4413e-01	3.2524e-01	0.517684	2
KLK7	4	5.4426e-01	3.2524e-01	0.517684	1
MME	4	5.4429e-01	3.2524e-01	0.517684	2
SLC2A2	4	5.4449e-01	3.2524e-01	0.517684	2
CNOT4	4	5.4458e-01	3.2524e-01	0.517684	2
SEMA5B	4	5.4474e-01	3.2524e-01	0.517684	2
CCDC40	4	5.4480e-01	3.2524e-01	0.517684	2
ATG101	4	5.4483e-01	3.2524e-01	0.517684	1
TYR	4	5.4486e-01	3.2524e-01	0.517684	2
KLF2	4	5.4486e-01	3.2524e-01	0.517684	1
LPCAT2	4	5.4495e-01	3.2524e-01	0.517684	2
PRPH2	4	5.4495e-01	3.2524e-01	0.517684	1
WDR89	4	5.4499e-01	3.2524e-01	0.517684	2
NOL4L	4	5.4503e-01	3.2524e-01	0.517684	2
APAF1	4	5.4505e-01	3.2524e-01	0.517684	2
SCN10A	4	5.4511e-01	3.2524e-01	0.517684	2
KPTN	4	5.4514e-01	3.2524e-01	0.517684	2
TCF19	4	5.4515e-01	3.2524e-01	0.517684	2
WDYHV1	4	5.4518e-01	3.2524e-01	0.517684	1
TNFRSF25	4	5.4520e-01	3.2524e-01	0.517684	2
C5orf46	4	5.4523e-01	3.2524e-01	0.517684	1
PRDM11	4	5.4533e-01	3.2524e-01	0.517684	1
ENDOU	4	5.4536e-01	3.2524e-01	0.517684	2
MAP4K5	4	5.4564e-01	3.2524e-01	0.517684	2
AADACL4	4	5.4565e-01	3.2524e-01	0.517684	2
LHX3	4	5.4569e-01	3.2524e-01	0.517684	2
LILRA2	4	5.4584e-01	3.2524e-01	0.517684	1
CRIPAK	4	5.4584e-01	3.2524e-01	0.517684	2
IQCF6	4	5.4589e-01	3.2524e-01	0.517684	2
SPPL2A	4	5.4589e-01	3.2524e-01	0.517684	1
JOSD1	4	5.4602e-01	3.2524e-01	0.517684	1
ADAMTS7	4	5.4602e-01	3.2524e-01	0.517684	2
ELF5	4	5.4604e-01	3.2524e-01	0.517684	2
TMEM71	4	5.4608e-01	3.2524e-01	0.517684	1
PHF8	4	5.4611e-01	3.2524e-01	0.517684	2
KLRC1	4	5.4613e-01	3.2524e-01	0.517684	2
MUT	4	5.4620e-01	3.2524e-01	0.517684	2
MEA1	4	5.4622e-01	3.2524e-01	0.517684	2
STATH	4	5.4626e-01	3.2524e-01	0.517684	2
KLHL1	4	5.4626e-01	3.2524e-01	0.517684	1
CAPN12	4	5.4640e-01	3.2524e-01	0.517684	2
C7orf62	4	5.4644e-01	3.2524e-01	0.517684	2
SPATA32	4	5.4646e-01	3.2524e-01	0.517684	1
VPS13B	4	5.4664e-01	3.2524e-01	0.517684	2
OPN1SW	4	5.4684e-01	3.2524e-01	0.517684	1
ADCY6	4	5.4686e-01	3.2524e-01	0.517684	1
ENDOV	4	5.4689e-01	3.2524e-01	0.517684	1
TOX	4	5.4693e-01	3.2524e-01	0.517684	2
HSD3B7	4	5.4695e-01	3.2524e-01	0.517684	2
SGCA	4	5.4695e-01	3.2524e-01	0.517684	1
OR2AT4	4	5.4699e-01	3.2524e-01	0.517684	1
CBX5	4	5.4715e-01	3.2524e-01	0.517684	2
LMTK2	4	5.4719e-01	3.2524e-01	0.517684	2
NBPF3	4	5.4721e-01	3.2524e-01	0.517684	2
ZNF814	4	5.4721e-01	3.2524e-01	0.517684	2
ISG15	4	5.4731e-01	3.2524e-01	0.517684	1
ZNF507	4	5.4732e-01	3.2524e-01	0.517684	2
CCDC103	4	5.4743e-01	3.2524e-01	0.517684	2
JAK3	4	5.4750e-01	3.2524e-01	0.517684	2
ZFR2	4	5.4754e-01	3.2524e-01	0.517684	1
NUDT16	4	5.4761e-01	3.2524e-01	0.517684	2
SCARB1	4	5.4774e-01	3.2524e-01	0.517684	2
GDAP1L1	4	5.4791e-01	3.2524e-01	0.517684	1
CXorf40B	4	5.4792e-01	3.2524e-01	0.517684	2
PCDHB7	4	5.4795e-01	3.2524e-01	0.517684	1
USP2	4	5.4806e-01	3.2524e-01	0.517684	2
ZNF662	4	5.4812e-01	3.2524e-01	0.517684	2
RNF31	4	5.4819e-01	3.2524e-01	0.517684	1
BHLHE23	4	5.4823e-01	3.2524e-01	0.517684	2
UGT1A3	4	5.4825e-01	3.2524e-01	0.517684	2
SRGAP2	4	5.4833e-01	3.2524e-01	0.517684	1
FOXQ1	4	5.4837e-01	3.2524e-01	0.517684	2
OR11L1	4	5.4844e-01	3.2524e-01	0.517684	2
GBP7	4	5.4851e-01	3.2524e-01	0.517684	2
DNAAF3	4	5.4861e-01	3.2524e-01	0.517684	2
IL22RA2	4	5.4863e-01	3.2524e-01	0.517684	1
FGF6	4	5.4867e-01	3.2524e-01	0.517684	2
IL19	4	5.4878e-01	3.2524e-01	0.517684	2
CCHCR1	4	5.4885e-01	3.2524e-01	0.517684	2
GMPR2	4	5.4923e-01	3.2524e-01	0.517684	1
GPC6	4	5.4931e-01	3.2524e-01	0.517684	2
CYP4F2	4	5.4934e-01	3.2524e-01	0.517684	2
FAM122C	4	5.4934e-01	3.2524e-01	0.517684	1
IMPACT	4	5.4944e-01	3.2524e-01	0.517684	2
RNF114	4	5.4947e-01	3.2524e-01	0.517684	1
MFSD11	4	5.4953e-01	3.2524e-01	0.517684	1
ZC3H7A	4	5.4955e-01	3.2524e-01	0.517684	2
PGLYRP4	4	5.4957e-01	3.2524e-01	0.517684	2
NTRK2	4	5.4968e-01	3.2524e-01	0.517684	2
PLS3	4	5.4975e-01	3.2524e-01	0.517684	2
IFNAR1	4	5.4979e-01	3.2524e-01	0.517684	2
DNHD1	4	5.4979e-01	3.2524e-01	0.517684	2
METTL7B	4	5.5000e-01	3.2524e-01	0.517684	1
FBLN1	4	5.5006e-01	3.2524e-01	0.517684	1
TRERF1	4	5.5008e-01	3.2524e-01	0.517684	1
PADI4	4	5.5017e-01	3.2524e-01	0.517684	2
HMHB1	4	5.5020e-01	3.2524e-01	0.517684	1
AMDHD1	4	5.5028e-01	3.2524e-01	0.517684	2
FBXO40	4	5.5037e-01	3.2524e-01	0.517684	1
ASIC5	4	5.5043e-01	3.2524e-01	0.517684	2
CCL20	4	5.5048e-01	3.2524e-01	0.517684	1
IL6	4	5.5050e-01	3.2524e-01	0.517684	2
SLIT1	4	5.5052e-01	3.2524e-01	0.517684	2
COX17	4	5.5065e-01	3.2524e-01	0.517684	2
BTK	4	5.5077e-01	3.2524e-01	0.517684	1
SMUG1	4	5.5079e-01	3.2524e-01	0.517684	2
ENOX2	4	5.5079e-01	3.2524e-01	0.517684	1
ZNF764	4	5.5084e-01	3.2524e-01	0.517684	2
KCNH6	4	5.5088e-01	3.2524e-01	0.517684	2
PEX12	4	5.5088e-01	3.2524e-01	0.517684	2
PCDHGA4	4	5.5092e-01	3.2524e-01	0.517684	1
PRKCH	4	5.5099e-01	3.2524e-01	0.517684	2
TTC36	4	5.5105e-01	3.2524e-01	0.517684	2
C19orf18	4	5.5105e-01	3.2524e-01	0.517684	2
RWDD4	4	5.5108e-01	3.2524e-01	0.517684	1
DYNC1I1	4	5.5113e-01	3.2524e-01	0.517684	1
HIST1H1D	4	5.5122e-01	3.2524e-01	0.517684	1
SYPL2	4	5.5129e-01	3.2524e-01	0.517684	2
XKRX	4	5.5133e-01	3.2524e-01	0.517684	1
C6orf7	4	5.5145e-01	3.2524e-01	0.517684	2
PENK	4	5.5167e-01	3.2524e-01	0.517684	1
RBFOX1	4	5.5176e-01	3.2524e-01	0.517684	1
FEV	4	5.5178e-01	3.2524e-01	0.517684	2
COL4A1	4	5.5181e-01	3.2524e-01	0.517684	1
GBA	4	5.5187e-01	3.2524e-01	0.517684	1
PDC	4	5.5190e-01	3.2524e-01	0.517684	1
PLP2	4	5.5200e-01	3.2524e-01	0.517684	2
CEP104	4	5.5202e-01	3.2524e-01	0.517684	2
LONRF2	4	5.5213e-01	3.2524e-01	0.517684	1
MKL1	4	5.5226e-01	3.2524e-01	0.517684	2
PNMAL2	4	5.5233e-01	3.2524e-01	0.517684	2
WASL	4	5.5235e-01	3.2524e-01	0.517684	1
CD248	4	5.5238e-01	3.2524e-01	0.517684	2
FGF5	4	5.5242e-01	3.2524e-01	0.517684	2
ELANE	4	5.5247e-01	3.2524e-01	0.517684	1
MANSC4	4	5.5249e-01	3.2524e-01	0.517684	2
EPS8L3	4	5.5255e-01	3.2524e-01	0.517684	1
RPS27L	4	5.5261e-01	3.2524e-01	0.517684	1
ZNF83	4	5.5264e-01	3.2524e-01	0.517684	2
PDZD3	4	5.5264e-01	3.2524e-01	0.517684	2
ZER1	4	5.5266e-01	3.2524e-01	0.517684	1
PPP1R42	4	5.5272e-01	3.2524e-01	0.517684	2
C16orf47	4	5.5278e-01	3.2524e-01	0.517684	1
SH2D3A	4	5.5279e-01	3.2524e-01	0.517684	2
LRRC70	4	5.5283e-01	3.2524e-01	0.517684	1
OAZ2	4	5.5288e-01	3.2524e-01	0.517684	2
KAT2A	4	5.5292e-01	3.2524e-01	0.517684	1
ZNF502	2	5.5297e-01	3.1598e-01	0.517684	1
GJA5	4	5.5300e-01	3.2524e-01	0.517684	2
ACO1	4	5.5301e-01	3.2524e-01	0.517684	2
SVOPL	4	5.5309e-01	3.2524e-01	0.517684	1
LILRA4	4	5.5310e-01	3.2524e-01	0.517684	2
WFIKKN2	4	5.5317e-01	3.2524e-01	0.517684	1
RAB29	4	5.5324e-01	3.2524e-01	0.517684	2
AFAP1L2	4	5.5326e-01	3.2524e-01	0.517684	2
PCDHGA11	4	5.5336e-01	3.2524e-01	0.517684	1
KISS1R	4	5.5350e-01	3.2524e-01	0.517684	1
C6orf15	4	5.5350e-01	3.2524e-01	0.517684	1
INHBE	4	5.5352e-01	3.2524e-01	0.517684	2
TMEM254	4	5.5356e-01	3.2524e-01	0.517684	2
NOD2	4	5.5365e-01	3.2651e-01	0.517684	2
SERP2	4	5.5367e-01	3.2651e-01	0.517684	2
CTAG2	4	5.5371e-01	3.2651e-01	0.517684	2
KRTAP4-12	4	5.5374e-01	3.2651e-01	0.517684	1
GTSCR1	4	5.5377e-01	3.2651e-01	0.517684	2
SYCE2	4	5.5382e-01	3.2651e-01	0.517684	1
C11orf95	4	5.5391e-01	3.2651e-01	0.517684	2
NPDC1	4	5.5394e-01	3.2651e-01	0.517684	1
CCDC67	4	5.5402e-01	3.2651e-01	0.517684	1
GJA4	4	5.5407e-01	3.2651e-01	0.517684	2
PACRGL	4	5.5409e-01	3.2651e-01	0.517684	2
AGTPBP1	4	5.5409e-01	3.2651e-01	0.517684	2
TM7SF3	4	5.5409e-01	3.2651e-01	0.517684	1
PPP6R1	4	5.5415e-01	3.2651e-01	0.517684	2
EMILIN3	4	5.5430e-01	3.2651e-01	0.517684	1
GPM6A	4	5.5451e-01	3.2651e-01	0.517684	2
ZNF23	4	5.5453e-01	3.2651e-01	0.517684	2
XKR6	4	5.5457e-01	3.2651e-01	0.517684	2
SERPINH1	4	5.5470e-01	3.2651e-01	0.517684	2
TNFRSF10D	4	5.5478e-01	3.2651e-01	0.517684	2
LRRFIP1	4	5.5481e-01	3.2651e-01	0.517684	1
LGI1	4	5.5491e-01	3.2651e-01	0.517684	2
C1orf195	4	5.5501e-01	3.2651e-01	0.517684	2
TM4SF4	4	5.5504e-01	3.2651e-01	0.517684	2
SNX21	4	5.5507e-01	3.2651e-01	0.517684	2
PRR23D1	4	5.5515e-01	3.2651e-01	0.517684	1
SMIM2	4	5.5518e-01	3.2651e-01	0.517684	2
ZFAND4	4	5.5523e-01	3.2651e-01	0.517684	2
RPUSD3	4	5.5532e-01	3.2651e-01	0.517684	1
FIG4	4	5.5536e-01	3.2651e-01	0.517684	2
HACE1	4	5.5538e-01	3.2651e-01	0.517684	2
YWHAE	4	5.5553e-01	3.2651e-01	0.517684	1
ZP3	4	5.5556e-01	3.2651e-01	0.517684	2
GRIPAP1	4	5.5560e-01	3.2651e-01	0.517684	2
IQUB	4	5.5563e-01	3.2651e-01	0.517684	2
CDC42SE2	4	5.5569e-01	3.2651e-01	0.517684	2
GIMAP1	4	5.5585e-01	3.2651e-01	0.517684	2
PHC2	4	5.5589e-01	3.2651e-01	0.517684	2
RGL3	4	5.5595e-01	3.2651e-01	0.517684	2
C5orf67	4	5.5596e-01	3.2651e-01	0.517684	2
NSUN4	4	5.5602e-01	3.2651e-01	0.517684	1
VPS13A	4	5.5612e-01	3.2651e-01	0.517684	2
PLIN2	4	5.5616e-01	3.2651e-01	0.517684	1
SPECC1L	4	5.5626e-01	3.2651e-01	0.517684	2
RAMP2	4	5.5639e-01	3.2651e-01	0.517684	1
ANKS4B	4	5.5653e-01	3.2651e-01	0.517684	2
NDFIP1	4	5.5660e-01	3.2651e-01	0.517684	1
FANCL	4	5.5665e-01	3.2651e-01	0.517684	1
PAX5	4	5.5670e-01	3.2651e-01	0.517684	2
CCDC18	4	5.5679e-01	3.2651e-01	0.517684	2
ABHD2	4	5.5681e-01	3.2651e-01	0.517684	1
CWF19L1	4	5.5686e-01	3.2651e-01	0.517684	2
FNBP1	4	5.5706e-01	3.2651e-01	0.517684	1
ZBTB48	4	5.5706e-01	3.2651e-01	0.517684	2
LRRIQ4	4	5.5709e-01	3.2651e-01	0.517684	1
C10orf53	4	5.5719e-01	3.2651e-01	0.517684	2
MYH10	4	5.5722e-01	3.2651e-01	0.517684	2
UGT1A5	4	5.5726e-01	3.2651e-01	0.517684	2
KRTAP9-1	4	5.5737e-01	3.2651e-01	0.517684	2
SLITRK2	4	5.5737e-01	3.2651e-01	0.517684	2
WNT7A	4	5.5748e-01	3.2651e-01	0.517684	2
IQGAP3	4	5.5748e-01	3.2651e-01	0.517684	1
KCNK9	4	5.5766e-01	3.2829e-01	0.518004	2
ZKSCAN4	4	5.5771e-01	3.2829e-01	0.518004	2
KLC1	4	5.5782e-01	3.2829e-01	0.518004	2
OR5B17	4	5.5789e-01	3.2829e-01	0.518004	2
TM4SF1	4	5.5793e-01	3.2829e-01	0.518004	1
SNX30	4	5.5794e-01	3.2829e-01	0.518004	2
MS4A5	4	5.5797e-01	3.2829e-01	0.518004	2
TREH	4	5.5802e-01	3.2829e-01	0.518004	2
ARID1A	4	5.5815e-01	3.2829e-01	0.518004	2
LOC81691	4	5.5823e-01	3.2829e-01	0.518004	2
SLC4A11	4	5.5829e-01	3.2829e-01	0.518004	1
KLHL6	4	5.5835e-01	3.2829e-01	0.518004	2
LOC101928093	4	5.5853e-01	3.2829e-01	0.518004	1
RHOH	4	5.5863e-01	3.2829e-01	0.518004	2
HIST1H2AD	4	5.5867e-01	3.2829e-01	0.518004	2
LRGUK	4	5.5870e-01	3.2829e-01	0.518004	2
IL18	4	5.5874e-01	3.2829e-01	0.518004	1
SCYL2	4	5.5880e-01	3.2829e-01	0.518004	1
TSSK3	4	5.5883e-01	3.2829e-01	0.518004	1
C14orf177	4	5.5887e-01	3.2829e-01	0.518004	2
CEACAM7	4	5.5896e-01	3.2829e-01	0.518004	2
ZNF414	4	5.5898e-01	3.2829e-01	0.518004	2
PIGW	4	5.5903e-01	3.2829e-01	0.518004	2
KRTAP13-3	4	5.5908e-01	3.2829e-01	0.518004	2
DPY19L2	4	5.5916e-01	3.2829e-01	0.518004	2
HSPA12A	4	5.5918e-01	3.2829e-01	0.518004	2
SLC25A18	4	5.5925e-01	3.2829e-01	0.518004	2
PIGF	4	5.5925e-01	3.2829e-01	0.518004	2
DKK4	4	5.5928e-01	3.2829e-01	0.518004	2
PPP1R17	4	5.5949e-01	3.2829e-01	0.518004	2
MRGPRX4	4	5.5953e-01	3.2829e-01	0.518004	2
CALM3	4	5.5955e-01	3.2829e-01	0.518004	2
ADAMTS18	4	5.5973e-01	3.2829e-01	0.518004	2
ZFP14	4	5.5983e-01	3.2953e-01	0.518004	1
NOVA2	4	5.5984e-01	3.2953e-01	0.518004	2
CD109	4	5.5988e-01	3.2953e-01	0.518004	2
T	4	5.5992e-01	3.2953e-01	0.518004	1
PPAP2A	4	5.5997e-01	3.2953e-01	0.518004	1
CMTR2	4	5.6000e-01	3.2953e-01	0.518004	1
LAMTOR5	4	5.6002e-01	3.2953e-01	0.518004	2
HPSE	4	5.6007e-01	3.2953e-01	0.518004	2
FAM72D	4	5.6008e-01	3.2953e-01	0.518004	2
RPH3A	4	5.6014e-01	3.2953e-01	0.518004	1
IFNA4	4	5.6015e-01	3.2953e-01	0.518004	2
COL5A3	4	5.6025e-01	3.2953e-01	0.518004	2
CBLN3	4	5.6028e-01	3.2953e-01	0.518004	2
TSPAN4	4	5.6031e-01	3.2953e-01	0.518004	1
NPFF	4	5.6034e-01	3.2953e-01	0.518004	1
NKTR	4	5.6039e-01	3.2953e-01	0.518004	2
OR4D11	4	5.6045e-01	3.2953e-01	0.518004	1
MCHR1	4	5.6045e-01	3.2953e-01	0.518004	2
MAGEB18	4	5.6050e-01	3.2953e-01	0.518004	1
NAV1	4	5.6064e-01	3.2953e-01	0.518004	2
LRP2	4	5.6065e-01	3.2953e-01	0.518004	2
C16orf96	4	5.6067e-01	3.2953e-01	0.518004	2
WFDC1	4	5.6073e-01	3.2953e-01	0.518004	1
PRR20B	4	5.6080e-01	3.2953e-01	0.518004	2
NAGS	4	5.6098e-01	3.2953e-01	0.518004	2
GALT	4	5.6115e-01	3.2953e-01	0.518004	2
ZBTB26	4	5.6117e-01	3.2953e-01	0.518004	1
MLLT3	4	5.6124e-01	3.2953e-01	0.518004	2
MR1	4	5.6136e-01	3.2953e-01	0.518004	2
TRIM49B	4	5.6137e-01	3.2953e-01	0.518004	1
SIDT1	4	5.6139e-01	3.2953e-01	0.518004	2
PRAMEF19	4	5.6148e-01	3.2953e-01	0.518004	1
NR3C1	4	5.6159e-01	3.2953e-01	0.518004	1
GLIS1	4	5.6173e-01	3.2953e-01	0.518004	2
MYT1	4	5.6185e-01	3.3130e-01	0.518004	2
APOBEC3G	4	5.6197e-01	3.3130e-01	0.518004	2
ADORA2A	4	5.6220e-01	3.3130e-01	0.518004	2
NR2F6	4	5.6223e-01	3.3130e-01	0.518004	2
KCNC3	4	5.6229e-01	3.3130e-01	0.518004	1
NR4A1	4	5.6236e-01	3.3130e-01	0.518004	2
CRYBB1	4	5.6238e-01	3.3130e-01	0.518004	2
SBNO2	4	5.6253e-01	3.3130e-01	0.518004	2
DAO	4	5.6262e-01	3.3130e-01	0.518004	2
C22orf46	4	5.6268e-01	3.3130e-01	0.518004	2
ACSS3	4	5.6271e-01	3.3130e-01	0.518004	2
TGM5	4	5.6279e-01	3.3130e-01	0.518004	2
MOAP1	4	5.6284e-01	3.3130e-01	0.518004	2
ADTRP	4	5.6290e-01	3.3130e-01	0.518004	2
CREB3L1	4	5.6294e-01	3.3130e-01	0.518004	2
PXDC1	4	5.6323e-01	3.3130e-01	0.518004	1
LAX1	4	5.6325e-01	3.3130e-01	0.518004	2
KCNB1	4	5.6326e-01	3.3130e-01	0.518004	1
C19orf81	4	5.6343e-01	3.3130e-01	0.518004	1
WBP1	4	5.6354e-01	3.3130e-01	0.518004	1
ANO10	4	5.6389e-01	3.3130e-01	0.518004	2
EGLN3	4	5.6406e-01	3.3130e-01	0.518004	2
ITM2B	4	5.6411e-01	3.3130e-01	0.518004	2
TIAM2	4	5.6419e-01	3.3130e-01	0.518004	1
B3GALT5	4	5.6432e-01	3.3130e-01	0.518004	2
SPTAN1	4	5.6442e-01	3.3130e-01	0.518004	2
FAM153B	4	5.6451e-01	3.3130e-01	0.518004	2
JDP2	4	5.6454e-01	3.3130e-01	0.518004	2
APBB1	4	5.6460e-01	3.3130e-01	0.518004	2
MECOM	4	5.6480e-01	3.3130e-01	0.518004	1
CASP1	4	5.6480e-01	3.3130e-01	0.518004	1
SPDYE4	4	5.6487e-01	3.3130e-01	0.518004	2
HSPA1A	4	5.6509e-01	3.3130e-01	0.518004	2
HCFC2	4	5.6511e-01	3.3130e-01	0.518004	2
MBNL3	4	5.6512e-01	3.3130e-01	0.518004	1
MANEA	4	5.6518e-01	3.3130e-01	0.518004	2
PXDN	4	5.6523e-01	3.3130e-01	0.518004	1
MAPK10	4	5.6526e-01	3.3130e-01	0.518004	2
CDKL4	4	5.6528e-01	3.3130e-01	0.518004	2
OR8J3	4	5.6537e-01	3.3130e-01	0.518004	1
GJB2	4	5.6545e-01	3.3130e-01	0.518004	1
SPRR1A	4	5.6546e-01	3.3130e-01	0.518004	2
USP17L17	4	5.6562e-01	3.3130e-01	0.518004	1
FST	4	5.6573e-01	3.3130e-01	0.518004	2
NKD2	4	5.6576e-01	3.3130e-01	0.518004	2
PABPC5	4	5.6578e-01	3.3130e-01	0.518004	1
PNRC2	4	5.6581e-01	3.3130e-01	0.518004	2
TRIM3	4	5.6589e-01	3.3130e-01	0.518004	2
SCN8A	4	5.6601e-01	3.3130e-01	0.518004	2
ENPP6	4	5.6614e-01	3.3130e-01	0.518004	2
BTG4	4	5.6616e-01	3.3130e-01	0.518004	2
PLCB3	4	5.6623e-01	3.3130e-01	0.518004	2
SUSD1	4	5.6623e-01	3.3130e-01	0.518004	2
FGF18	4	5.6626e-01	3.3130e-01	0.518004	1
GPR155	4	5.6629e-01	3.3130e-01	0.518004	2
ZNF248	4	5.6637e-01	3.3130e-01	0.518004	1
RGS9BP	4	5.6638e-01	3.3130e-01	0.518004	2
STXBP3	4	5.6639e-01	3.3130e-01	0.518004	2
LRRC2	4	5.6646e-01	3.3130e-01	0.518004	2
AMICA1	4	5.6648e-01	3.3130e-01	0.518004	1
TNNI2	4	5.6659e-01	3.3130e-01	0.518004	2
OR9I1	4	5.6662e-01	3.3130e-01	0.518004	2
PHIP	4	5.6669e-01	3.3130e-01	0.518004	2
S1PR3	4	5.6672e-01	3.3130e-01	0.518004	1
ADGRG1	4	5.6679e-01	3.3130e-01	0.518004	2
SNAP25	4	5.6681e-01	3.3130e-01	0.518004	2
METTL9	4	5.6686e-01	3.3130e-01	0.518004	2
CCDC83	4	5.6686e-01	3.3130e-01	0.518004	2
SGSM1	4	5.6698e-01	3.3130e-01	0.518004	2
C6orf203	4	5.6701e-01	3.3130e-01	0.518004	2
HIST1H1E	4	5.6713e-01	3.3130e-01	0.518004	2
MED12L	4	5.6723e-01	3.3130e-01	0.518004	2
RBM20	4	5.6729e-01	3.3130e-01	0.518004	2
LBX1	4	5.6731e-01	3.3130e-01	0.518004	2
P3H1	4	5.6733e-01	3.3130e-01	0.518004	1
SLC38A4	4	5.6745e-01	3.3130e-01	0.518004	2
DBN1	4	5.6750e-01	3.3130e-01	0.518004	1
TMEM151A	4	5.6753e-01	3.3130e-01	0.518004	2
FBXL13	4	5.6755e-01	3.3130e-01	0.518004	2
TMEM5	4	5.6761e-01	3.3130e-01	0.518004	1
MBP	4	5.6764e-01	3.3130e-01	0.518004	2
OR2T11	4	5.6766e-01	3.3130e-01	0.518004	2
CERK	4	5.6769e-01	3.3130e-01	0.518004	1
ZNF75D	4	5.6775e-01	3.3130e-01	0.518004	2
CLIP4	4	5.6790e-01	3.3130e-01	0.518004	2
PIR	4	5.6791e-01	3.3130e-01	0.518004	1
RGL2	4	5.6794e-01	3.3130e-01	0.518004	2
SIX3	4	5.6794e-01	3.3130e-01	0.518004	2
C5AR1	4	5.6816e-01	3.3130e-01	0.518004	1
FAM129A	4	5.6821e-01	3.3130e-01	0.518004	2
NOX1	4	5.6821e-01	3.3130e-01	0.518004	1
PLEKHG5	4	5.6823e-01	3.3130e-01	0.518004	2
HSFX2	4	5.6836e-01	3.3130e-01	0.518004	2
GLMP	4	5.6842e-01	3.3130e-01	0.518004	2
NPHP4	4	5.6843e-01	3.3130e-01	0.518004	2
HEBP1	4	5.6847e-01	3.3130e-01	0.518004	2
PRR23B	4	5.6849e-01	3.3130e-01	0.518004	1
OR10T2	4	5.6849e-01	3.3130e-01	0.518004	2
NT5C3B	4	5.6851e-01	3.3130e-01	0.518004	2
GUCY2F	4	5.6864e-01	3.3130e-01	0.518004	2
SLAMF1	4	5.6870e-01	3.3130e-01	0.518004	2
ANKRD27	4	5.6877e-01	3.3304e-01	0.520169	2
SCNN1D	4	5.6885e-01	3.3304e-01	0.520169	2
TSPAN8	4	5.6890e-01	3.3304e-01	0.520169	1
MORC2	4	5.6893e-01	3.3304e-01	0.520169	1
KCNN4	4	5.6899e-01	3.3304e-01	0.520169	2
FAM162B	4	5.6901e-01	3.3304e-01	0.520169	2
MAGEB10	4	5.6902e-01	3.3304e-01	0.520169	2
AP2A2	4	5.6904e-01	3.3304e-01	0.520169	2
CABP7	4	5.6907e-01	3.3304e-01	0.520169	2
PLA2G6	4	5.6908e-01	3.3304e-01	0.520169	2
VAPA	4	5.6910e-01	3.3304e-01	0.520169	1
FABP2	4	5.6912e-01	3.3304e-01	0.520169	1
RHBDL3	4	5.6914e-01	3.3434e-01	0.521315	2
CEP70	4	5.6928e-01	3.3434e-01	0.521315	2
KLK10	4	5.6934e-01	3.3434e-01	0.521315	1
MX2	4	5.6937e-01	3.3434e-01	0.521315	2
SUGP2	4	5.6940e-01	3.3434e-01	0.521315	2
THRSP	4	5.6944e-01	3.3434e-01	0.521315	2
NUP153	4	5.6944e-01	3.3434e-01	0.521315	2
SHC2	4	5.6949e-01	3.3434e-01	0.521315	2
HBE1	4	5.6951e-01	3.3434e-01	0.521315	2
FAM160B2	4	5.6963e-01	3.3434e-01	0.521315	2
BIRC3	4	5.6963e-01	3.3434e-01	0.521315	2
LRRC30	4	5.6974e-01	3.3434e-01	0.521315	2
SLC10A4	4	5.6982e-01	3.3434e-01	0.521315	2
SLAMF9	4	5.6987e-01	3.3434e-01	0.521315	1
NFATC3	4	5.6992e-01	3.3434e-01	0.521315	1
ZDHHC15	4	5.6995e-01	3.3434e-01	0.521315	1
TSN	4	5.7011e-01	3.3434e-01	0.521315	1
TTC9	4	5.7015e-01	3.3434e-01	0.521315	2
SDPR	4	5.7019e-01	3.3434e-01	0.521315	1
OR7C1	4	5.7021e-01	3.3434e-01	0.521315	2
AMELX	4	5.7026e-01	3.3434e-01	0.521315	1
MED15	4	5.7043e-01	3.3560e-01	0.523192	2
WDR35	4	5.7049e-01	3.3560e-01	0.523192	2
HELT	4	5.7060e-01	3.3736e-01	0.525251	2
TRDN	4	5.7071e-01	3.3736e-01	0.525251	2
IP6K3	4	5.7078e-01	3.3736e-01	0.525251	2
ZNF324	4	5.7080e-01	3.3736e-01	0.525251	1
RRAGB	4	5.7082e-01	3.3736e-01	0.525251	2
MGAT5B	4	5.7089e-01	3.3736e-01	0.525251	2
GPR137	4	5.7108e-01	3.3736e-01	0.525251	2
HBM	4	5.7119e-01	3.3736e-01	0.525251	2
NEFL	4	5.7134e-01	3.3736e-01	0.525251	2
CNTFR	4	5.7135e-01	3.3736e-01	0.525251	1
CFTR	4	5.7146e-01	3.3736e-01	0.525251	2
HTR7	4	5.7148e-01	3.3736e-01	0.525251	1
MAS1L	4	5.7154e-01	3.3736e-01	0.525251	2
CYP27A1	4	5.7160e-01	3.3736e-01	0.525251	2
ZNF667	4	5.7162e-01	3.3736e-01	0.525251	1
SLC25A43	4	5.7173e-01	3.3736e-01	0.525251	1
RFX2	4	5.7182e-01	3.3911e-01	0.527509	2
ZNF473	4	5.7195e-01	3.3911e-01	0.527509	1
COL14A1	4	5.7199e-01	3.3911e-01	0.527509	2
TMED3	4	5.7200e-01	3.3911e-01	0.527509	2
SP7	4	5.7208e-01	3.3911e-01	0.527509	2
FANCD2	4	5.7217e-01	3.3911e-01	0.527509	2
CSTF2T	4	5.7221e-01	3.3911e-01	0.527509	2
ZNF765	4	5.7223e-01	3.3911e-01	0.527509	2
GLIS2	4	5.7236e-01	3.3911e-01	0.527509	2
STAT5B	4	5.7239e-01	3.3911e-01	0.527509	2
TMEM156	4	5.7245e-01	3.3911e-01	0.527509	2
LELP1	4	5.7255e-01	3.4087e-01	0.529935	1
GSTM5	4	5.7256e-01	3.4087e-01	0.529935	2
SPINT3	4	5.7263e-01	3.4087e-01	0.529935	2
ATP6V1G2	4	5.7263e-01	3.4087e-01	0.529935	2
RASSF4	4	5.7266e-01	3.4087e-01	0.529935	1
TTLL5	4	5.7277e-01	3.4087e-01	0.529935	2
TMC1	4	5.7304e-01	3.4212e-01	0.530129	1
RGN	4	5.7307e-01	3.4212e-01	0.530129	1
CD68	4	5.7311e-01	3.4212e-01	0.530129	1
SPIDR	4	5.7318e-01	3.4212e-01	0.530129	2
FAM81B	4	5.7321e-01	3.4212e-01	0.530129	2
C17orf67	4	5.7323e-01	3.4212e-01	0.530129	2
PIK3IP1	4	5.7329e-01	3.4212e-01	0.530129	2
OR1K1	4	5.7334e-01	3.4212e-01	0.530129	1
TFAP2C	4	5.7336e-01	3.4212e-01	0.530129	2
HRASLS5	4	5.7343e-01	3.4340e-01	0.530129	1
ZCCHC11	4	5.7343e-01	3.4340e-01	0.530129	1
RMND1	4	5.7362e-01	3.4340e-01	0.530129	2
LRTOMT	4	5.7373e-01	3.4340e-01	0.530129	2
CPS1	4	5.7375e-01	3.4340e-01	0.530129	1
CPEB3	4	5.7381e-01	3.4340e-01	0.530129	1
SEC11C	4	5.7385e-01	3.4340e-01	0.530129	2
HPRT1	4	5.7395e-01	3.4340e-01	0.530129	2
TMUB1	4	5.7416e-01	3.4340e-01	0.530129	1
FLJ45513	4	5.7419e-01	3.4340e-01	0.530129	2
GPBAR1	4	5.7422e-01	3.4340e-01	0.530129	2
ASB10	4	5.7428e-01	3.4340e-01	0.530129	2
OR52B4	4	5.7447e-01	3.4340e-01	0.530129	2
LRRFIP2	4	5.7449e-01	3.4340e-01	0.530129	2
ELF3	4	5.7460e-01	3.4472e-01	0.530129	1
LZTS2	4	5.7464e-01	3.4472e-01	0.530129	2
MAPK1IP1L	4	5.7471e-01	3.4472e-01	0.530129	2
ALS2CR11	4	5.7473e-01	3.4472e-01	0.530129	2
MOGAT1	4	5.7477e-01	3.4472e-01	0.530129	2
IL18RAP	4	5.7482e-01	3.4472e-01	0.530129	2
ACADVL	4	5.7493e-01	3.4472e-01	0.530129	2
DAPK1	4	5.7502e-01	3.4472e-01	0.530129	1
CCDC159	4	5.7506e-01	3.4472e-01	0.530129	1
CRYGB	4	5.7508e-01	3.4472e-01	0.530129	2
GPR83	4	5.7531e-01	3.4472e-01	0.530129	2
SLC44A3	4	5.7534e-01	3.4472e-01	0.530129	2
TMEM247	4	5.7547e-01	3.4472e-01	0.530129	1
C1orf229	4	5.7552e-01	3.4472e-01	0.530129	2
JRKL	4	5.7560e-01	3.4472e-01	0.530129	2
PITX1	4	5.7562e-01	3.4472e-01	0.530129	2
ZBTB7C	4	5.7563e-01	3.4472e-01	0.530129	1
DHRS13	4	5.7569e-01	3.4472e-01	0.530129	2
ZNF416	4	5.7573e-01	3.4472e-01	0.530129	2
SERTAD1	4	5.7574e-01	3.4472e-01	0.530129	2
LOC729159	4	5.7580e-01	3.4472e-01	0.530129	1
FAM188A	4	5.7596e-01	3.4472e-01	0.530129	1
KLK5	4	5.7603e-01	3.4472e-01	0.530129	2
IVD	4	5.7604e-01	3.4472e-01	0.530129	2
GDF1	4	5.7609e-01	3.4472e-01	0.530129	2
BTBD16	4	5.7615e-01	3.4472e-01	0.530129	1
NAIF1	4	5.7622e-01	3.4472e-01	0.530129	2
ZNF408	4	5.7623e-01	3.4472e-01	0.530129	2
SNN	4	5.7631e-01	3.4472e-01	0.530129	2
ZNF680	4	5.7631e-01	3.4472e-01	0.530129	2
CISH	4	5.7636e-01	3.4472e-01	0.530129	2
TDRD3	4	5.7638e-01	3.4472e-01	0.530129	1
MTMR7	4	5.7649e-01	3.4472e-01	0.530129	2
CEBPE	4	5.7677e-01	3.4602e-01	0.530129	2
GPX2	4	5.7680e-01	3.4602e-01	0.530129	1
CPNE3	4	5.7696e-01	3.4602e-01	0.530129	2
RLBP1	4	5.7702e-01	3.4602e-01	0.530129	2
TMEM64	4	5.7715e-01	3.4602e-01	0.530129	1
LETM2	4	5.7720e-01	3.4602e-01	0.530129	2
H2AFY	4	5.7721e-01	3.4602e-01	0.530129	2
DENND6B	4	5.7729e-01	3.4602e-01	0.530129	2
TCAP	4	5.7748e-01	3.4602e-01	0.530129	1
TAS2R20	4	5.7753e-01	3.4602e-01	0.530129	2
HHEX	4	5.7756e-01	3.4602e-01	0.530129	1
LIX1	4	5.7759e-01	3.4602e-01	0.530129	2
IRF2BP2	4	5.7765e-01	3.4602e-01	0.530129	1
CCDC92	4	5.7770e-01	3.4602e-01	0.530129	2
KIAA1468	4	5.7780e-01	3.4602e-01	0.530129	1
PDZD8	4	5.7785e-01	3.4602e-01	0.530129	2
TSGA13	4	5.7787e-01	3.4602e-01	0.530129	2
FBXL17	4	5.7794e-01	3.4602e-01	0.530129	1
SHD	4	5.7799e-01	3.4602e-01	0.530129	1
UQCRC1	4	5.7810e-01	3.4602e-01	0.530129	1
IDH1	4	5.7821e-01	3.4602e-01	0.530129	1
ALOX5	4	5.7822e-01	3.4602e-01	0.530129	2
SPR	4	5.7832e-01	3.4602e-01	0.530129	1
SRL	4	5.7834e-01	3.4602e-01	0.530129	2
ANKRD13B	4	5.7839e-01	3.4602e-01	0.530129	2
ADCY3	3	5.7851e-01	3.1786e-01	0.517684	1
PEX19	4	5.7852e-01	3.4602e-01	0.530129	2
RPP25	4	5.7868e-01	3.4732e-01	0.530129	2
CARTPT	4	5.7872e-01	3.4732e-01	0.530129	2
DDIAS	4	5.7880e-01	3.4732e-01	0.530129	2
KCNJ3	4	5.7890e-01	3.4732e-01	0.530129	2
KIR3DL3	4	5.7903e-01	3.4732e-01	0.530129	2
RHBDL2	4	5.7909e-01	3.4732e-01	0.530129	2
ZNF804A	4	5.7943e-01	3.4732e-01	0.530129	2
UBN1	4	5.7943e-01	3.4732e-01	0.530129	2
CLDN3	4	5.7952e-01	3.4732e-01	0.530129	2
RASGRF1	4	5.7954e-01	3.4732e-01	0.530129	2
VPREB3	4	5.7956e-01	3.4732e-01	0.530129	1
MTFR1	4	5.7958e-01	3.4732e-01	0.530129	2
SLC40A1	4	5.7962e-01	3.4732e-01	0.530129	2
FLVCR1	4	5.7969e-01	3.4732e-01	0.530129	2
ALX1	4	5.7976e-01	3.4732e-01	0.530129	1
NCF1	3	5.7979e-01	3.1786e-01	0.517684	1
FAM170B	4	5.7980e-01	3.4732e-01	0.530129	2
ELN	4	5.7991e-01	3.4732e-01	0.530129	2
LEUTX	4	5.7995e-01	3.4732e-01	0.530129	2
BMPR1B	4	5.7998e-01	3.4732e-01	0.530129	1
ZNF346	4	5.7998e-01	3.4732e-01	0.530129	1
TEK	4	5.8004e-01	3.4732e-01	0.530129	2
SLC29A4	4	5.8010e-01	3.4732e-01	0.530129	1
C9orf117	4	5.8010e-01	3.4732e-01	0.530129	2
TNFRSF13C	4	5.8017e-01	3.4732e-01	0.530129	2
CCDC82	4	5.8032e-01	3.4732e-01	0.530129	1
RGS20	4	5.8034e-01	3.4732e-01	0.530129	1
ADARB2	4	5.8036e-01	3.4732e-01	0.530129	2
ZNF554	4	5.8042e-01	3.4732e-01	0.530129	1
AFF1	4	5.8045e-01	3.4732e-01	0.530129	1
DCAF4L1	4	5.8047e-01	3.4732e-01	0.530129	2
GNE	4	5.8049e-01	3.4732e-01	0.530129	2
LRRC20	4	5.8056e-01	3.4732e-01	0.530129	2
LHFPL3	4	5.8063e-01	3.4732e-01	0.530129	2
FDCSP	4	5.8067e-01	3.4732e-01	0.530129	2
RGS1	4	5.8067e-01	3.4732e-01	0.530129	2
KIAA0922	4	5.8068e-01	3.4732e-01	0.530129	1
SLC39A3	4	5.8075e-01	3.4732e-01	0.530129	2
MAP3K4	4	5.8078e-01	3.4732e-01	0.530129	1
CROT	4	5.8083e-01	3.4732e-01	0.530129	1
COLGALT2	4	5.8099e-01	3.4732e-01	0.530129	1
PIGZ	4	5.8112e-01	3.4732e-01	0.530129	2
COL11A1	4	5.8116e-01	3.4732e-01	0.530129	2
ECHDC1	4	5.8118e-01	3.4732e-01	0.530129	1
SNX8	4	5.8121e-01	3.4732e-01	0.530129	1
INPP5A	4	5.8123e-01	3.4732e-01	0.530129	2
PDCD4	4	5.8134e-01	3.4732e-01	0.530129	1
HOMER3	4	5.8139e-01	3.4732e-01	0.530129	2
RUFY3	4	5.8141e-01	3.4732e-01	0.530129	2
PKIB	4	5.8144e-01	3.4732e-01	0.530129	2
SREK1IP1	4	5.8148e-01	3.4732e-01	0.530129	2
PCDHA9	4	5.8149e-01	3.4732e-01	0.530129	2
C1QTNF7	4	5.8153e-01	3.4732e-01	0.530129	2
RLN2	4	5.8153e-01	3.4732e-01	0.530129	2
RHOJ	4	5.8155e-01	3.4732e-01	0.530129	2
PPP1R18	4	5.8161e-01	3.4732e-01	0.530129	2
FFAR4	4	5.8166e-01	3.4732e-01	0.530129	2
MAP3K2	4	5.8168e-01	3.4732e-01	0.530129	2
SLC22A6	4	5.8170e-01	3.4732e-01	0.530129	2
RAB9A	4	5.8181e-01	3.4732e-01	0.530129	2
BMP2	4	5.8192e-01	3.4732e-01	0.530129	2
ASTL	4	5.8211e-01	3.4732e-01	0.530129	2
CMTM2	4	5.8222e-01	3.4732e-01	0.530129	2
UBL4A	4	5.8230e-01	3.4732e-01	0.530129	2
GBP5	4	5.8235e-01	3.4732e-01	0.530129	2
OR52J3	4	5.8239e-01	3.4732e-01	0.530129	2
TIFAB	4	5.8247e-01	3.4732e-01	0.530129	1
CPT1A	4	5.8250e-01	3.4732e-01	0.530129	2
SETD7	4	5.8255e-01	3.4732e-01	0.530129	2
KCNS3	4	5.8259e-01	3.4732e-01	0.530129	1
ABCF3	4	5.8261e-01	3.4732e-01	0.530129	2
CNTD1	4	5.8267e-01	3.4732e-01	0.530129	1
OR1B1	4	5.8276e-01	3.4732e-01	0.530129	2
SYNGAP1	4	5.8289e-01	3.4732e-01	0.530129	1
GPR26	4	5.8302e-01	3.4732e-01	0.530129	2
EML2	4	5.8305e-01	3.4732e-01	0.530129	2
GPR141	4	5.8308e-01	3.4732e-01	0.530129	2
C3orf62	4	5.8321e-01	3.4732e-01	0.530129	1
CEP135	4	5.8325e-01	3.4732e-01	0.530129	2
UBXN2B	4	5.8334e-01	3.4732e-01	0.530129	2
AGO1	4	5.8341e-01	3.4732e-01	0.530129	1
HRG	4	5.8343e-01	3.4732e-01	0.530129	2
OR52E2	4	5.8344e-01	3.4732e-01	0.530129	1
MLC1	4	5.8345e-01	3.4732e-01	0.530129	2
KRTAP3-3	4	5.8349e-01	3.4732e-01	0.530129	2
AAED1	4	5.8351e-01	3.4732e-01	0.530129	2
DOK4	4	5.8354e-01	3.4732e-01	0.530129	2
LRRC19	4	5.8360e-01	3.4732e-01	0.530129	2
SLC22A2	4	5.8374e-01	3.4732e-01	0.530129	2
C15orf48	4	5.8386e-01	3.4732e-01	0.530129	2
LRRC46	4	5.8403e-01	3.4732e-01	0.530129	2
SELL	4	5.8407e-01	3.4732e-01	0.530129	2
ZNF878	4	5.8411e-01	3.4732e-01	0.530129	1
CD40	4	5.8413e-01	3.4732e-01	0.530129	1
IFI27L1	4	5.8416e-01	3.4732e-01	0.530129	2
FLNC	4	5.8416e-01	3.4732e-01	0.530129	1
ALOX12B	4	5.8432e-01	3.4732e-01	0.530129	1
H2BFM	4	5.8435e-01	3.4732e-01	0.530129	1
TFF3	4	5.8440e-01	3.4732e-01	0.530129	2
CCDC102A	4	5.8448e-01	3.4732e-01	0.530129	2
IL17RC	4	5.8459e-01	3.4732e-01	0.530129	2
STK32A	4	5.8462e-01	3.4732e-01	0.530129	2
GAB3	4	5.8466e-01	3.4732e-01	0.530129	2
FAM133A	4	5.8470e-01	3.4732e-01	0.530129	1
MAB21L1	4	5.8472e-01	3.4732e-01	0.530129	2
SBF1	4	5.8472e-01	3.4732e-01	0.530129	1
GNRH2	4	5.8476e-01	3.4732e-01	0.530129	2
HLA-G	4	5.8498e-01	3.4732e-01	0.530129	2
ZNF843	4	5.8502e-01	3.4732e-01	0.530129	2
OPRK1	4	5.8517e-01	3.4732e-01	0.530129	2
MOGAT3	4	5.8519e-01	3.4732e-01	0.530129	2
PTPN6	4	5.8530e-01	3.4732e-01	0.530129	2
HSPA2	4	5.8536e-01	3.4732e-01	0.530129	2
ZNF263	4	5.8539e-01	3.4732e-01	0.530129	1
CYP2B6	4	5.8544e-01	3.4732e-01	0.530129	2
OR5H2	4	5.8549e-01	3.4732e-01	0.530129	2
ARMC2	4	5.8552e-01	3.4732e-01	0.530129	2
MAP3K15	4	5.8554e-01	3.4732e-01	0.530129	2
APOBEC1	4	5.8559e-01	3.4732e-01	0.530129	2
CDA	4	5.8563e-01	3.4732e-01	0.530129	1
RAB11FIP1	4	5.8570e-01	3.4732e-01	0.530129	1
AGGF1	4	5.8575e-01	3.4732e-01	0.530129	2
METTL8	4	5.8579e-01	3.4732e-01	0.530129	2
AMDHD2	4	5.8592e-01	3.4732e-01	0.530129	2
EBF1	4	5.8599e-01	3.4732e-01	0.530129	2
ADCK4	4	5.8601e-01	3.4732e-01	0.530129	1
TMEM212	4	5.8618e-01	3.4732e-01	0.530129	2
PCDHA7	4	5.8621e-01	3.4732e-01	0.530129	1
SH3TC1	4	5.8628e-01	3.4732e-01	0.530129	2
PCED1B	4	5.8635e-01	3.4732e-01	0.530129	2
CA6	4	5.8646e-01	3.4732e-01	0.530129	1
HID1	4	5.8650e-01	3.4732e-01	0.530129	2
BSG	4	5.8668e-01	3.4732e-01	0.530129	2
TRPV4	4	5.8675e-01	3.4732e-01	0.530129	1
NXF3	4	5.8678e-01	3.4732e-01	0.530129	1
DYX1C1	4	5.8678e-01	3.4732e-01	0.530129	2
SLC18A2	4	5.8681e-01	3.4732e-01	0.530129	2
TSKS	4	5.8683e-01	3.4732e-01	0.530129	1
KIAA1467	4	5.8685e-01	3.4732e-01	0.530129	2
PLBD2	4	5.8687e-01	3.4732e-01	0.530129	2
C22orf29	4	5.8689e-01	3.4732e-01	0.530129	1
OR9Q2	4	5.8694e-01	3.4732e-01	0.530129	1
SYNPO2	4	5.8702e-01	3.4732e-01	0.530129	2
KIAA0195	4	5.8705e-01	3.4732e-01	0.530129	2
PTPN7	4	5.8707e-01	3.4732e-01	0.530129	1
SPACA7	4	5.8710e-01	3.4732e-01	0.530129	2
SLC26A9	4	5.8723e-01	3.4863e-01	0.531971	2
AHSP	4	5.8726e-01	3.4863e-01	0.531971	1
CD200R1	4	5.8734e-01	3.4863e-01	0.531971	1
S100A7A	4	5.8739e-01	3.4864e-01	0.531971	1
LRRC34	4	5.8758e-01	3.5033e-01	0.532511	2
OR6Q1	4	5.8764e-01	3.5033e-01	0.532511	2
TCIRG1	4	5.8770e-01	3.5033e-01	0.532511	2
CCNO	4	5.8777e-01	3.5033e-01	0.532511	2
ZNF37A	4	5.8787e-01	3.5033e-01	0.532511	2
MUC20	4	5.8790e-01	3.5033e-01	0.532511	1
BATF	4	5.8792e-01	3.5033e-01	0.532511	1
STRN3	4	5.8810e-01	3.5033e-01	0.532511	2
HAND2	4	5.8812e-01	3.5033e-01	0.532511	2
ASB17	4	5.8830e-01	3.5033e-01	0.532511	2
OR8S1	4	5.8846e-01	3.5033e-01	0.532511	2
SV2C	4	5.8848e-01	3.5033e-01	0.532511	1
PERP	4	5.8867e-01	3.5033e-01	0.532511	2
TSHZ1	4	5.8869e-01	3.5033e-01	0.532511	2
MST1L	4	5.8872e-01	3.5033e-01	0.532511	1
C7orf60	4	5.8874e-01	3.5033e-01	0.532511	2
SCRN2	4	5.8880e-01	3.5033e-01	0.532511	2
MOB1A	4	5.8883e-01	3.5033e-01	0.532511	1
LACTB2	4	5.8893e-01	3.5033e-01	0.532511	1
SIDT2	4	5.8904e-01	3.5033e-01	0.532511	2
FNDC1	4	5.8907e-01	3.5033e-01	0.532511	2
HLA-B	4	5.8913e-01	3.5033e-01	0.532511	2
RBL1	4	5.8916e-01	3.5033e-01	0.532511	1
MAT2B	4	5.8921e-01	3.5033e-01	0.532511	2
MYO9A	4	5.8923e-01	3.5033e-01	0.532511	2
APOC2	4	5.8938e-01	3.5033e-01	0.532511	2
RCAN1	4	5.8938e-01	3.5033e-01	0.532511	1
COL9A1	4	5.8943e-01	3.5033e-01	0.532511	2
FAM65A	4	5.8947e-01	3.5033e-01	0.532511	2
FBXW2	4	5.8949e-01	3.5033e-01	0.532511	2
TBXAS1	4	5.8954e-01	3.5033e-01	0.532511	2
RDH16	4	5.8968e-01	3.5033e-01	0.532511	1
MMP7	4	5.8976e-01	3.5033e-01	0.532511	2
RABL6	4	5.8981e-01	3.5033e-01	0.532511	2
SLC35G4	4	5.8984e-01	3.5033e-01	0.532511	2
PPL	4	5.8994e-01	3.5033e-01	0.532511	1
MAP1LC3B2	4	5.8996e-01	3.5033e-01	0.532511	2
STOML2	4	5.9003e-01	3.5033e-01	0.532511	2
RDH11	4	5.9009e-01	3.5033e-01	0.532511	2
LRIG3	4	5.9011e-01	3.5033e-01	0.532511	2
PCDHGC4	4	5.9014e-01	3.5033e-01	0.532511	2
CCDC15	4	5.9026e-01	3.5033e-01	0.532511	2
CDKN2B	4	5.9029e-01	3.5033e-01	0.532511	2
BTG3	4	5.9031e-01	3.5033e-01	0.532511	2
CRAT	4	5.9045e-01	3.5033e-01	0.532511	1
SEPTIN3	4	5.9078e-01	3.5033e-01	0.532511	2
PSME1	4	5.9084e-01	3.5033e-01	0.532511	2
ACTL9	4	5.9091e-01	3.5033e-01	0.532511	2
GNAT1	4	5.9106e-01	3.5161e-01	0.533396	2
FOXF1	4	5.9115e-01	3.5161e-01	0.533396	2
S100A9	4	5.9123e-01	3.5161e-01	0.533396	2
GPR180	4	5.9123e-01	3.5161e-01	0.533396	1
LCAT	4	5.9125e-01	3.5161e-01	0.533396	2
AAMDC	4	5.9131e-01	3.5161e-01	0.533396	2
SOCS5	4	5.9137e-01	3.5161e-01	0.533396	1
ZDHHC11	4	5.9145e-01	3.5161e-01	0.533396	1
CYP1B1	4	5.9153e-01	3.5161e-01	0.533396	2
YTHDC2	4	5.9156e-01	3.5161e-01	0.533396	2
PURA	4	5.9157e-01	3.5161e-01	0.533396	2
ZNF322	4	5.9158e-01	3.5161e-01	0.533396	1
TMEM110-MUSTN1	4	5.9161e-01	3.5161e-01	0.533396	2
HIST2H2AB	4	5.9189e-01	3.5161e-01	0.533396	2
HAMP	4	5.9194e-01	3.5161e-01	0.533396	2
KLRF1	4	5.9197e-01	3.5161e-01	0.533396	2
SYT1	4	5.9201e-01	3.5161e-01	0.533396	1
TBKBP1	4	5.9203e-01	3.5161e-01	0.533396	1
CCNE2	4	5.9212e-01	3.5161e-01	0.533396	2
PIM2	4	5.9225e-01	3.5161e-01	0.533396	2
HNRNPUL2	4	5.9231e-01	3.5161e-01	0.533396	2
SLC16A5	4	5.9232e-01	3.5161e-01	0.533396	1
ZSCAN12	4	5.9236e-01	3.5161e-01	0.533396	2
CASQ1	4	5.9245e-01	3.5161e-01	0.533396	2
LDHAL6A	4	5.9251e-01	3.5161e-01	0.533396	2
COL8A2	4	5.9256e-01	3.5332e-01	0.533786	2
PACS1	4	5.9260e-01	3.5332e-01	0.533786	2
MFAP3L	4	5.9266e-01	3.5332e-01	0.533786	2
ARHGEF3	4	5.9268e-01	3.5332e-01	0.533786	1
GPR143	4	5.9288e-01	3.5332e-01	0.533786	1
ELOVL2	4	5.9291e-01	3.5332e-01	0.533786	2
UGDH	4	5.9294e-01	3.5332e-01	0.533786	2
S100A11	4	5.9306e-01	3.5332e-01	0.533786	1
TNNI1	4	5.9319e-01	3.5332e-01	0.533786	2
KIAA1598	4	5.9323e-01	3.5332e-01	0.533786	1
CBX3	4	5.9327e-01	3.5332e-01	0.533786	2
RELL1	4	5.9333e-01	3.5332e-01	0.533786	2
BACH1	4	5.9339e-01	3.5332e-01	0.533786	1
TMEM55A	4	5.9339e-01	3.5332e-01	0.533786	2
FGD3	4	5.9343e-01	3.5332e-01	0.533786	1
MAN1C1	4	5.9363e-01	3.5332e-01	0.533786	2
FAM120C	4	5.9373e-01	3.5332e-01	0.533786	2
ARTN	4	5.9388e-01	3.5332e-01	0.533786	2
SLIT3	4	5.9390e-01	3.5332e-01	0.533786	2
PUS1	4	5.9393e-01	3.5332e-01	0.533786	1
KAAG1	4	5.9395e-01	3.5332e-01	0.533786	2
C1S	4	5.9405e-01	3.5332e-01	0.533786	2
COMMD4	4	5.9406e-01	3.5332e-01	0.533786	1
RHOT2	4	5.9412e-01	3.5332e-01	0.533786	2
NADSYN1	4	5.9427e-01	3.5502e-01	0.533786	2
APOPT1	4	5.9432e-01	3.5502e-01	0.533786	1
EGR2	4	5.9433e-01	3.5502e-01	0.533786	2
MLKL	4	5.9435e-01	3.5502e-01	0.533786	2
INAFM1	4	5.9436e-01	3.5502e-01	0.533786	2
CAPNS2	4	5.9444e-01	3.5502e-01	0.533786	2
GPATCH2	4	5.9456e-01	3.5502e-01	0.533786	1
SH3BP5	4	5.9457e-01	3.5502e-01	0.533786	2
TGIF2LY	4	5.9461e-01	3.5502e-01	0.533786	1
HUNK	4	5.9472e-01	3.5502e-01	0.533786	2
KIF1C	4	5.9480e-01	3.5502e-01	0.533786	1
FAT4	4	5.9485e-01	3.5502e-01	0.533786	2
BCAS3	4	5.9490e-01	3.5502e-01	0.533786	2
KRTAP4-6	4	5.9491e-01	3.5502e-01	0.533786	2
RBM4B	4	5.9495e-01	3.5502e-01	0.533786	1
HSD17B4	4	5.9507e-01	3.5502e-01	0.533786	1
XIAP	4	5.9507e-01	3.5502e-01	0.533786	1
MFSD4	4	5.9508e-01	3.5502e-01	0.533786	2
ZNF391	4	5.9510e-01	3.5502e-01	0.533786	2
KCNA10	3	5.9521e-01	3.2964e-01	0.518004	1
LOC101927572	4	5.9523e-01	3.5502e-01	0.533786	2
SLC7A10	4	5.9534e-01	3.5502e-01	0.533786	2
NHLH2	4	5.9537e-01	3.5502e-01	0.533786	2
LPAR4	4	5.9537e-01	3.5502e-01	0.533786	1
PCDHGB4	4	5.9542e-01	3.5502e-01	0.533786	2
PIPOX	4	5.9543e-01	3.5502e-01	0.533786	1
RAB3IL1	4	5.9552e-01	3.5502e-01	0.533786	1
GSDMD	4	5.9559e-01	3.5502e-01	0.533786	2
KRT15	4	5.9561e-01	3.5502e-01	0.533786	2
OSR2	4	5.9566e-01	3.5502e-01	0.533786	2
ART5	4	5.9569e-01	3.5502e-01	0.533786	2
INPP4B	4	5.9582e-01	3.5502e-01	0.533786	1
ESRP2	4	5.9583e-01	3.5502e-01	0.533786	2
BARX1	4	5.9585e-01	3.5502e-01	0.533786	1
KBTBD8	4	5.9587e-01	3.5502e-01	0.533786	2
CES5A	4	5.9591e-01	3.5502e-01	0.533786	2
OASL	4	5.9594e-01	3.5502e-01	0.533786	2
ZNF607	4	5.9595e-01	3.5502e-01	0.533786	2
SRSF5	4	5.9598e-01	3.5502e-01	0.533786	2
TMEM253	4	5.9600e-01	3.5502e-01	0.533786	2
ABLIM1	4	5.9602e-01	3.5502e-01	0.533786	2
CST7	4	5.9604e-01	3.5502e-01	0.533786	2
RGS7BP	4	5.9608e-01	3.5502e-01	0.533786	1
TNFAIP2	4	5.9608e-01	3.5502e-01	0.533786	2
CDH5	4	5.9611e-01	3.5502e-01	0.533786	2
BCL6B	4	5.9616e-01	3.5502e-01	0.533786	2
RAD51AP1	4	5.9616e-01	3.5502e-01	0.533786	2
PRDM5	4	5.9619e-01	3.5502e-01	0.533786	1
S100A5	4	5.9619e-01	3.5502e-01	0.533786	2
CCL21	4	5.9624e-01	3.5502e-01	0.533786	2
TATDN3	4	5.9632e-01	3.5502e-01	0.533786	1
CIT	4	5.9632e-01	3.5502e-01	0.533786	2
KCNK4	4	5.9653e-01	3.5502e-01	0.533786	2
LHX4	4	5.9658e-01	3.5502e-01	0.533786	1
PLK3	4	5.9669e-01	3.5502e-01	0.533786	2
OR4K2	4	5.9674e-01	3.5502e-01	0.533786	1
DMTF1	4	5.9676e-01	3.5502e-01	0.533786	1
CCNY	4	5.9679e-01	3.5502e-01	0.533786	2
MBLAC2	4	5.9689e-01	3.5502e-01	0.533786	1
RASD1	4	5.9692e-01	3.5502e-01	0.533786	2
STK31	4	5.9695e-01	3.5502e-01	0.533786	2
NEUROD2	4	5.9702e-01	3.5502e-01	0.533786	2
ZHX1	4	5.9705e-01	3.5502e-01	0.533786	1
GNAT2	4	5.9706e-01	3.5502e-01	0.533786	2
B4GALT6	4	5.9715e-01	3.5502e-01	0.533786	2
DHX57	4	5.9717e-01	3.5502e-01	0.533786	1
CEP162	4	5.9719e-01	3.5502e-01	0.533786	2
MC4R	4	5.9721e-01	3.5502e-01	0.533786	1
IL10	4	5.9722e-01	3.5502e-01	0.533786	2
TRAF7	4	5.9726e-01	3.5502e-01	0.533786	2
NABP2	4	5.9726e-01	3.5502e-01	0.533786	2
SLC38A6	4	5.9729e-01	3.5502e-01	0.533786	2
SELENBP1	4	5.9730e-01	3.5502e-01	0.533786	2
SLC34A1	4	5.9744e-01	3.5502e-01	0.533786	2
GOPC	4	5.9745e-01	3.5502e-01	0.533786	2
CYP2A7	4	5.9747e-01	3.5502e-01	0.533786	2
CCDC180	4	5.9751e-01	3.5502e-01	0.533786	2
SSBP2	4	5.9765e-01	3.5502e-01	0.533786	1
GPR35	4	5.9776e-01	3.5502e-01	0.533786	2
HNF1A	4	5.9797e-01	3.5502e-01	0.533786	1
DCAF16	4	5.9806e-01	3.5502e-01	0.533786	2
PPP1R16A	4	5.9807e-01	3.5502e-01	0.533786	1
SLC8A2	4	5.9821e-01	3.5502e-01	0.533786	2
DYM	4	5.9825e-01	3.5502e-01	0.533786	2
CLPX	4	5.9833e-01	3.5502e-01	0.533786	2
P2RX6	4	5.9839e-01	3.5502e-01	0.533786	2
GSTO2	4	5.9846e-01	3.5502e-01	0.533786	1
PCSK2	4	5.9848e-01	3.5502e-01	0.533786	2
ATP1A3	4	5.9848e-01	3.5502e-01	0.533786	2
UGT8	4	5.9851e-01	3.5502e-01	0.533786	1
SP100	4	5.9865e-01	3.5675e-01	0.536310	2
TCF21	4	5.9877e-01	3.5675e-01	0.536310	2
POLB	4	5.9881e-01	3.5846e-01	0.536978	2
ABHD4	4	5.9887e-01	3.5846e-01	0.536978	2
SP8	4	5.9893e-01	3.5846e-01	0.536978	1
ARMT1	4	5.9904e-01	3.5846e-01	0.536978	2
FRS3	4	5.9918e-01	3.5846e-01	0.536978	1
C12orf40	4	5.9922e-01	3.5846e-01	0.536978	2
C8orf4	4	5.9928e-01	3.5846e-01	0.536978	2
SCML4	4	5.9943e-01	3.5846e-01	0.536978	2
KRTAP8-1	4	5.9944e-01	3.5846e-01	0.536978	2
CREB5	4	5.9945e-01	3.5846e-01	0.536978	2
GALNTL5	4	5.9962e-01	3.5846e-01	0.536978	2
DBP	4	5.9966e-01	3.5846e-01	0.536978	2
AHNAK	4	5.9969e-01	3.5846e-01	0.536978	2
COMMD6	4	5.9974e-01	3.5846e-01	0.536978	1
FOXA1	4	5.9977e-01	3.5846e-01	0.536978	2
DGKA	4	5.9987e-01	3.5846e-01	0.536978	1
GAGE12J	4	5.9991e-01	3.5846e-01	0.536978	2
FASTKD1	4	5.9995e-01	3.5846e-01	0.536978	1
ROS1	4	5.9995e-01	3.5846e-01	0.536978	2
TRIM71	4	5.9999e-01	3.5846e-01	0.536978	2
IL31	4	6.0024e-01	3.5846e-01	0.536978	2
HTRA1	4	6.0028e-01	3.5846e-01	0.536978	1
SYT14	4	6.0032e-01	3.5846e-01	0.536978	2
ZNF71	4	6.0039e-01	3.5846e-01	0.536978	2
OR14I1	4	6.0041e-01	3.5846e-01	0.536978	2
SPATA31C2	4	6.0050e-01	3.5846e-01	0.536978	2
NDUFAF6	4	6.0060e-01	3.5846e-01	0.536978	1
ANTXR1	4	6.0088e-01	3.5846e-01	0.536978	2
KCNA2	4	6.0091e-01	3.5846e-01	0.536978	1
GDF15	4	6.0099e-01	3.5846e-01	0.536978	2
SPATA3	4	6.0101e-01	3.5846e-01	0.536978	1
SUCLG2	4	6.0105e-01	3.5846e-01	0.536978	2
SMARCC1	4	6.0107e-01	3.5846e-01	0.536978	2
SCN1A	4	6.0111e-01	3.5846e-01	0.536978	2
AIM1	4	6.0116e-01	3.5846e-01	0.536978	2
CLCA1	4	6.0120e-01	3.5846e-01	0.536978	2
LGMN	4	6.0133e-01	3.5846e-01	0.536978	2
H2AFY2	4	6.0137e-01	3.5846e-01	0.536978	2
SH3GLB1	4	6.0138e-01	3.5846e-01	0.536978	1
CTNNA3	4	6.0143e-01	3.5846e-01	0.536978	2
NTN3	4	6.0158e-01	3.5846e-01	0.536978	2
NRARP	4	6.0162e-01	3.5846e-01	0.536978	2
ITIH6	4	6.0164e-01	3.5846e-01	0.536978	2
FAM218A	4	6.0174e-01	3.5846e-01	0.536978	2
CALN1	4	6.0176e-01	3.5846e-01	0.536978	1
RNF224	4	6.0182e-01	3.6014e-01	0.537473	2
MOSPD1	4	6.0190e-01	3.6014e-01	0.537473	2
SLC25A21	4	6.0195e-01	3.6014e-01	0.537473	1
KRT77	4	6.0205e-01	3.6014e-01	0.537473	1
TPBG	4	6.0221e-01	3.6014e-01	0.537473	2
HDAC4	4	6.0223e-01	3.6014e-01	0.537473	1
CAV1	4	6.0228e-01	3.6014e-01	0.537473	2
RAC3	4	6.0233e-01	3.6014e-01	0.537473	1
OR2T2	4	6.0236e-01	3.6014e-01	0.537473	1
PLA1A	4	6.0239e-01	3.6014e-01	0.537473	2
RAB32	4	6.0243e-01	3.6014e-01	0.537473	2
ABCG4	4	6.0257e-01	3.6014e-01	0.537473	2
SLC16A11	4	6.0266e-01	3.6014e-01	0.537473	2
GUCY1B3	4	6.0267e-01	3.6014e-01	0.537473	1
PRB2	4	6.0271e-01	3.6014e-01	0.537473	2
SQRDL	4	6.0277e-01	3.6014e-01	0.537473	2
RP1L1	4	6.0279e-01	3.6014e-01	0.537473	2
SPATA45	4	6.0280e-01	3.6014e-01	0.537473	1
ZNF777	4	6.0283e-01	3.6014e-01	0.537473	2
UBE2U	4	6.0288e-01	3.6014e-01	0.537473	1
RSC1A1	4	6.0303e-01	3.6014e-01	0.537473	2
CHST1	4	6.0305e-01	3.6014e-01	0.537473	2
NR2E3	4	6.0307e-01	3.6014e-01	0.537473	2
LCE6A	4	6.0314e-01	3.6014e-01	0.537473	1
SHISA9	4	6.0316e-01	3.6014e-01	0.537473	1
FAM199X	4	6.0319e-01	3.6014e-01	0.537473	2
LRRC18	4	6.0328e-01	3.6014e-01	0.537473	2
KIAA1586	4	6.0332e-01	3.6014e-01	0.537473	2
PLA2G12B	4	6.0336e-01	3.6014e-01	0.537473	2
TNMD	4	6.0341e-01	3.6014e-01	0.537473	2
ABCD2	4	6.0342e-01	3.6014e-01	0.537473	1
MYO1C	4	6.0345e-01	3.6014e-01	0.537473	1
CD38	4	6.0351e-01	3.6014e-01	0.537473	2
MTRNR2L10	4	6.0353e-01	3.6014e-01	0.537473	2
ALPL	4	6.0364e-01	3.6014e-01	0.537473	2
FBXL18	4	6.0367e-01	3.6014e-01	0.537473	1
COX7A1	4	6.0368e-01	3.6014e-01	0.537473	2
MAGEB4	4	6.0375e-01	3.6014e-01	0.537473	2
MEF2C	4	6.0377e-01	3.6014e-01	0.537473	2
DNASE1	4	6.0383e-01	3.6014e-01	0.537473	2
MAP3K7CL	4	6.0385e-01	3.6014e-01	0.537473	2
IQGAP2	4	6.0394e-01	3.6014e-01	0.537473	1
TK2	4	6.0396e-01	3.6014e-01	0.537473	1
PRUNE2	4	6.0399e-01	3.6014e-01	0.537473	2
CCR1	4	6.0408e-01	3.6014e-01	0.537473	1
CHRNA5	4	6.0408e-01	3.6014e-01	0.537473	1
RASL10B	4	6.0412e-01	3.6014e-01	0.537473	1
ADCYAP1	4	6.0413e-01	3.6014e-01	0.537473	2
SEZ6	4	6.0427e-01	3.6177e-01	0.539604	2
SGSM3	4	6.0430e-01	3.6177e-01	0.539604	1
SSH1	4	6.0433e-01	3.6177e-01	0.539604	1
TMEM231	4	6.0434e-01	3.6177e-01	0.539604	2
TOB1	4	6.0438e-01	3.6177e-01	0.539604	2
HLA-E	4	6.0440e-01	3.6177e-01	0.539604	1
IRG1	4	6.0451e-01	3.6177e-01	0.539604	1
C5orf15	4	6.0456e-01	3.6303e-01	0.541321	1
SLC18B1	4	6.0460e-01	3.6303e-01	0.541321	1
PRSS45	4	6.0467e-01	3.6303e-01	0.541321	2
TANGO2	4	6.0479e-01	3.6303e-01	0.541321	2
CPA5	4	6.0481e-01	3.6474e-01	0.543649	2
TEX264	4	6.0483e-01	3.6474e-01	0.543649	2
TRPM2	4	6.0497e-01	3.6474e-01	0.543649	1
OR5B3	4	6.0500e-01	3.6474e-01	0.543649	1
SLC5A3	4	6.0502e-01	3.6474e-01	0.543649	2
PLEKHF1	4	6.0528e-01	3.6933e-01	0.546911	1
DDB2	4	6.0529e-01	3.6933e-01	0.546911	2
CTRC	4	6.0532e-01	3.6933e-01	0.546911	2
ATP5L2	4	6.0544e-01	3.6933e-01	0.546911	2
ZNF367	4	6.0568e-01	3.6933e-01	0.546911	2
SNCAIP	4	6.0581e-01	3.6933e-01	0.546911	1
FBXO41	4	6.0585e-01	3.6933e-01	0.546911	2
GABRD	4	6.0590e-01	3.6933e-01	0.546911	1
RGS11	4	6.0595e-01	3.6933e-01	0.546911	2
TMEM27	4	6.0613e-01	3.6933e-01	0.546911	1
DUXA	4	6.0621e-01	3.6933e-01	0.546911	2
CPA2	4	6.0633e-01	3.6933e-01	0.546911	2
HIST1H2AB	4	6.0635e-01	3.6933e-01	0.546911	2
ORMDL3	4	6.0640e-01	3.6933e-01	0.546911	2
TNFAIP8L1	4	6.0644e-01	3.6933e-01	0.546911	1
TRPC4	4	6.0644e-01	3.6933e-01	0.546911	2
TRPC1	4	6.0646e-01	3.6933e-01	0.546911	1
CYSLTR1	4	6.0650e-01	3.6933e-01	0.546911	2
SLC35F2	4	6.0654e-01	3.6933e-01	0.546911	2
SLC22A15	4	6.0654e-01	3.6933e-01	0.546911	2
FSCB	4	6.0657e-01	3.6933e-01	0.546911	1
DLEU7	4	6.0665e-01	3.6933e-01	0.546911	2
CANT1	4	6.0669e-01	3.6933e-01	0.546911	2
CHRNB4	4	6.0671e-01	3.6933e-01	0.546911	1
ARMC12	4	6.0680e-01	3.6933e-01	0.546911	1
ZNF438	4	6.0684e-01	3.6933e-01	0.546911	2
WISP1	4	6.0685e-01	3.6933e-01	0.546911	1
CMTM5	4	6.0687e-01	3.6933e-01	0.546911	2
PNPO	4	6.0695e-01	3.6933e-01	0.546911	2
ADAMTSL1	4	6.0699e-01	3.6933e-01	0.546911	2
FABP3	4	6.0705e-01	3.6933e-01	0.546911	2
SEPTIN10	4	6.0705e-01	3.6933e-01	0.546911	2
RRAGA	4	6.0705e-01	3.6933e-01	0.546911	1
ZNF182	4	6.0708e-01	3.6933e-01	0.546911	2
EVC	4	6.0713e-01	3.6933e-01	0.546911	2
KLHL10	4	6.0720e-01	3.6933e-01	0.546911	2
TBCCD1	4	6.0723e-01	3.6933e-01	0.546911	2
TMX3	4	6.0723e-01	3.6933e-01	0.546911	2
PPIL1	4	6.0740e-01	3.6933e-01	0.546911	1
MPPE1	4	6.0743e-01	3.6933e-01	0.546911	2
OR4P4	4	6.0754e-01	3.6933e-01	0.546911	1
C1orf226	4	6.0757e-01	3.6933e-01	0.546911	2
LIMK2	4	6.0760e-01	3.6933e-01	0.546911	2
TTC12	4	6.0764e-01	3.6933e-01	0.546911	1
C17orf70	4	6.0767e-01	3.6933e-01	0.546911	1
ANKRD45	4	6.0769e-01	3.6933e-01	0.546911	2
GPR171	4	6.0771e-01	3.6933e-01	0.546911	1
THYN1	4	6.0771e-01	3.6933e-01	0.546911	2
PRR20A	4	6.0782e-01	3.6933e-01	0.546911	1
ZNF692	3	6.0785e-01	3.3293e-01	0.520169	1
ZFAND1	4	6.0794e-01	3.6933e-01	0.546911	2
DUSP6	4	6.0800e-01	3.6933e-01	0.546911	1
IFI27	4	6.0803e-01	3.6933e-01	0.546911	1
POLH	4	6.0805e-01	3.6933e-01	0.546911	2
LAD1	4	6.0808e-01	3.6933e-01	0.546911	1
KCNN3	4	6.0809e-01	3.6933e-01	0.546911	2
HSP90AA1	4	6.0816e-01	3.6933e-01	0.546911	2
GABRE	4	6.0841e-01	3.6933e-01	0.546911	1
ALDH18A1	4	6.0846e-01	3.6933e-01	0.546911	2
TEX26	4	6.0863e-01	3.6933e-01	0.546911	2
CKM	4	6.0863e-01	3.6933e-01	0.546911	2
CTSS	4	6.0867e-01	3.6933e-01	0.546911	1
AMBP	4	6.0867e-01	3.6933e-01	0.546911	2
SOX15	4	6.0873e-01	3.6933e-01	0.546911	2
PGM2	4	6.0887e-01	3.6933e-01	0.546911	2
BATF3	4	6.0900e-01	3.6933e-01	0.546911	1
DPP10	4	6.0902e-01	3.6933e-01	0.546911	2
ACYP2	4	6.0914e-01	3.6933e-01	0.546911	2
SCD	4	6.0925e-01	3.6933e-01	0.546911	2
CIC	4	6.0926e-01	3.6933e-01	0.546911	1
IQCA1	4	6.0939e-01	3.6933e-01	0.546911	2
ZNF415	4	6.0948e-01	3.6933e-01	0.546911	2
NCOA2	4	6.0956e-01	3.6933e-01	0.546911	1
FKBPL	4	6.0964e-01	3.6933e-01	0.546911	1
FAM156A	4	6.0967e-01	3.6933e-01	0.546911	2
TMED7-TICAM2	4	6.0976e-01	3.6933e-01	0.546911	2
ACSM5	4	6.0979e-01	3.6933e-01	0.546911	2
WDR31	4	6.0982e-01	3.6933e-01	0.546911	1
GRM5	4	6.0984e-01	3.6933e-01	0.546911	2
INSL6	4	6.0986e-01	3.6933e-01	0.546911	2
NFKBIE	4	6.0992e-01	3.6933e-01	0.546911	2
CDH2	4	6.1012e-01	3.7054e-01	0.546911	2
FGD6	4	6.1024e-01	3.7054e-01	0.546911	1
CSPG4	4	6.1039e-01	3.7054e-01	0.546911	2
SLC22A18	4	6.1046e-01	3.7054e-01	0.546911	1
GPR87	4	6.1047e-01	3.7054e-01	0.546911	2
GALNT4	4	6.1066e-01	3.7220e-01	0.546911	1
FAM129C	4	6.1073e-01	3.7220e-01	0.546911	2
CACNB2	4	6.1079e-01	3.7220e-01	0.546911	1
C21orf33	4	6.1081e-01	3.7220e-01	0.546911	2
JAM2	4	6.1085e-01	3.7220e-01	0.546911	2
CBX6	4	6.1097e-01	3.7220e-01	0.546911	1
AAK1	4	6.1109e-01	3.7220e-01	0.546911	2
MCM8	4	6.1112e-01	3.7220e-01	0.546911	1
ZNF274	4	6.1118e-01	3.7220e-01	0.546911	1
SLC39A6	4	6.1123e-01	3.7220e-01	0.546911	2
CBWD2	4	6.1126e-01	3.7220e-01	0.546911	2
POFUT1	4	6.1135e-01	3.7220e-01	0.546911	1
TRIB1	4	6.1137e-01	3.7220e-01	0.546911	1
SIX2	4	6.1140e-01	3.7220e-01	0.546911	2
USP17L8	4	6.1142e-01	3.7220e-01	0.546911	2
FAM90A1	4	6.1149e-01	3.7220e-01	0.546911	2
GNG3	4	6.1168e-01	3.7220e-01	0.546911	1
LPP	4	6.1172e-01	3.7220e-01	0.546911	2
NR1D1	4	6.1176e-01	3.7220e-01	0.546911	2
AMMECR1L	4	6.1178e-01	3.7220e-01	0.546911	1
NT5E	4	6.1189e-01	3.7220e-01	0.546911	2
EGR1	4	6.1193e-01	3.7220e-01	0.546911	1
HIST1H2AA	4	6.1196e-01	3.7220e-01	0.546911	2
NUGGC	4	6.1198e-01	3.7220e-01	0.546911	1
DRG1	4	6.1208e-01	3.7220e-01	0.546911	2
CCDC125	4	6.1211e-01	3.7220e-01	0.546911	2
PKNOX2	4	6.1216e-01	3.7220e-01	0.546911	2
TEKT5	4	6.1224e-01	3.7220e-01	0.546911	2
CSGALNACT2	4	6.1233e-01	3.7220e-01	0.546911	2
ZC3H13	4	6.1237e-01	3.7220e-01	0.546911	1
TMEM262	4	6.1239e-01	3.7220e-01	0.546911	2
VSTM2B	4	6.1248e-01	3.7220e-01	0.546911	2
SLC15A3	4	6.1249e-01	3.7220e-01	0.546911	1
GLT8D1	4	6.1252e-01	3.7220e-01	0.546911	2
ISX	4	6.1270e-01	3.7384e-01	0.546911	2
TNS4	4	6.1270e-01	3.7384e-01	0.546911	2
CHCHD7	4	6.1277e-01	3.7384e-01	0.546911	2
CSF3R	4	6.1280e-01	3.7384e-01	0.546911	1
DUSP19	4	6.1285e-01	3.7384e-01	0.546911	2
GGT6	4	6.1290e-01	3.7384e-01	0.546911	2
METTL20	4	6.1295e-01	3.7384e-01	0.546911	1
PTPRC	4	6.1310e-01	3.7384e-01	0.546911	2
GABRR3	4	6.1313e-01	3.7384e-01	0.546911	1
SSSCA1	4	6.1318e-01	3.7384e-01	0.546911	2
CHST7	4	6.1338e-01	3.7384e-01	0.546911	2
CDK5RAP2	4	6.1343e-01	3.7384e-01	0.546911	1
TBC1D2	4	6.1344e-01	3.7384e-01	0.546911	2
ZBED9	4	6.1346e-01	3.7384e-01	0.546911	1
C11orf70	4	6.1351e-01	3.7384e-01	0.546911	1
GLTSCR1L	4	6.1357e-01	3.7384e-01	0.546911	2
ZHX3	4	6.1360e-01	3.7384e-01	0.546911	1
MPI	4	6.1363e-01	3.7384e-01	0.546911	2
ARHGEF19	4	6.1365e-01	3.7384e-01	0.546911	2
JMY	4	6.1379e-01	3.7384e-01	0.546911	1
GPR15	4	6.1381e-01	3.7384e-01	0.546911	2
SCLT1	4	6.1382e-01	3.7384e-01	0.546911	2
ATF7IP2	4	6.1389e-01	3.7384e-01	0.546911	1
RNF183	4	6.1392e-01	3.7384e-01	0.546911	2
PECR	4	6.1395e-01	3.7384e-01	0.546911	1
OR8B4	4	6.1410e-01	3.7384e-01	0.546911	2
DPEP1	4	6.1415e-01	3.7384e-01	0.546911	1
PTGES3L-AARSD1	4	6.1418e-01	3.7384e-01	0.546911	2
MUC16	4	6.1422e-01	3.7384e-01	0.546911	2
KLRG1	4	6.1424e-01	3.7384e-01	0.546911	2
FOXI2	4	6.1429e-01	3.7384e-01	0.546911	2
PIK3AP1	3	6.1430e-01	3.3959e-01	0.528201	1
ZCCHC3	4	6.1435e-01	3.7384e-01	0.546911	2
PCDH7	4	6.1446e-01	3.7384e-01	0.546911	2
SERPINA11	4	6.1446e-01	3.7384e-01	0.546911	2
C4orf36	4	6.1453e-01	3.7384e-01	0.546911	2
SULT1A2	4	6.1457e-01	3.7384e-01	0.546911	1
WNT9A	4	6.1475e-01	3.7384e-01	0.546911	1
ZNF689	4	6.1475e-01	3.7384e-01	0.546911	2
PLXDC1	4	6.1479e-01	3.7384e-01	0.546911	2
CBY3	4	6.1481e-01	3.7384e-01	0.546911	2
NUTM2A	4	6.1483e-01	3.7384e-01	0.546911	2
INIP	4	6.1485e-01	3.7384e-01	0.546911	1
GSAP	4	6.1487e-01	3.7384e-01	0.546911	1
TMEM200A	4	6.1498e-01	3.7384e-01	0.546911	1
SLFNL1	4	6.1509e-01	3.7384e-01	0.546911	1
RHPN1	4	6.1512e-01	3.7384e-01	0.546911	2
TRIM22	4	6.1519e-01	3.7384e-01	0.546911	2
NT5M	4	6.1521e-01	3.7384e-01	0.546911	2
FAM155B	4	6.1522e-01	3.7384e-01	0.546911	1
RUNX2	4	6.1525e-01	3.7384e-01	0.546911	2
C11orf85	4	6.1525e-01	3.7384e-01	0.546911	1
MAP2	4	6.1527e-01	3.7384e-01	0.546911	2
TIMM23B	4	6.1534e-01	3.7384e-01	0.546911	2
ACTN2	4	6.1545e-01	3.7384e-01	0.546911	2
CLDN2	4	6.1545e-01	3.7384e-01	0.546911	2
MYO3B	4	6.1549e-01	3.7384e-01	0.546911	1
WWC2	4	6.1550e-01	3.7384e-01	0.546911	2
PTPN2	4	6.1555e-01	3.7384e-01	0.546911	2
C19orf73	4	6.1561e-01	3.7384e-01	0.546911	1
TMEM133	4	6.1571e-01	3.7384e-01	0.546911	1
TCF20	4	6.1571e-01	3.7384e-01	0.546911	2
ZMYM5	4	6.1576e-01	3.7384e-01	0.546911	2
NALCN	4	6.1578e-01	3.7384e-01	0.546911	1
GUSB	4	6.1582e-01	3.7384e-01	0.546911	2
BACE2	4	6.1583e-01	3.7384e-01	0.546911	2
CRYAA	4	6.1585e-01	3.7384e-01	0.546911	2
ZNF428	4	6.1590e-01	3.7384e-01	0.546911	2
FAM58A	4	6.1596e-01	3.7384e-01	0.546911	2
HIST1H2AM	4	6.1603e-01	3.7384e-01	0.546911	2
PRR3	4	6.1607e-01	3.7384e-01	0.546911	2
KCNB2	4	6.1609e-01	3.7384e-01	0.546911	1
CLEC7A	4	6.1611e-01	3.7384e-01	0.546911	1
TAF6L	4	6.1624e-01	3.7384e-01	0.546911	1
KIFC3	4	6.1626e-01	3.7384e-01	0.546911	2
MPP5	4	6.1631e-01	3.7384e-01	0.546911	2
TRIM4	4	6.1631e-01	3.7384e-01	0.546911	1
SLC22A31	4	6.1647e-01	3.7552e-01	0.546911	1
NME5	4	6.1662e-01	3.7552e-01	0.546911	2
CILP2	4	6.1666e-01	3.7552e-01	0.546911	2
FOXG1	4	6.1667e-01	3.7552e-01	0.546911	2
TRPC3	4	6.1687e-01	3.7552e-01	0.546911	1
CYP24A1	4	6.1693e-01	3.7552e-01	0.546911	2
KIF20B	4	6.1696e-01	3.7552e-01	0.546911	2
GFI1B	4	6.1707e-01	3.7552e-01	0.546911	2
ZNF32	4	6.1711e-01	3.7552e-01	0.546911	2
BPIFB3	4	6.1711e-01	3.7552e-01	0.546911	1
KRT36	4	6.1713e-01	3.7552e-01	0.546911	2
CCR6	4	6.1720e-01	3.7552e-01	0.546911	2
STEAP4	4	6.1723e-01	3.7552e-01	0.546911	2
RAB31	4	6.1727e-01	3.7552e-01	0.546911	1
PHACTR3	4	6.1736e-01	3.7552e-01	0.546911	2
NUDCD1	4	6.1736e-01	3.7552e-01	0.546911	2
LEPROT	4	6.1741e-01	3.7552e-01	0.546911	2
HOXA10	4	6.1741e-01	3.7552e-01	0.546911	1
GATA2	4	6.1741e-01	3.7552e-01	0.546911	1
R3HDML	4	6.1748e-01	3.7552e-01	0.546911	2
UGT2A2	4	6.1752e-01	3.7552e-01	0.546911	1
ANKDD1A	4	6.1761e-01	3.7552e-01	0.546911	2
FAM168A	4	6.1764e-01	3.7552e-01	0.546911	2
MPDZ	4	6.1792e-01	3.7552e-01	0.546911	1
PM20D1	4	6.1795e-01	3.7552e-01	0.546911	1
ZNF443	4	6.1802e-01	3.7552e-01	0.546911	2
SLC46A3	4	6.1806e-01	3.7552e-01	0.546911	2
CDKL1	4	6.1811e-01	3.7552e-01	0.546911	2
AASS	4	6.1820e-01	3.7552e-01	0.546911	1
PALMD	4	6.1826e-01	3.7552e-01	0.546911	1
SLC5A12	4	6.1830e-01	3.7552e-01	0.546911	2
APBB3	4	6.1835e-01	3.7552e-01	0.546911	1
ARHGEF4	4	6.1842e-01	3.7552e-01	0.546911	2
TMPRSS2	4	6.1857e-01	3.7552e-01	0.546911	2
WNT1	4	6.1865e-01	3.7552e-01	0.546911	2
FAM189A2	4	6.1873e-01	3.7552e-01	0.546911	1
TMEM261	4	6.1878e-01	3.7552e-01	0.546911	2
CDCP1	4	6.1884e-01	3.7552e-01	0.546911	2
FGFBP3	4	6.1884e-01	3.7552e-01	0.546911	2
RAMP1	4	6.1888e-01	3.7552e-01	0.546911	1
TMEM74B	4	6.1890e-01	3.7552e-01	0.546911	1
MFSD1	4	6.1898e-01	3.7552e-01	0.546911	1
C5orf45	4	6.1919e-01	3.7552e-01	0.546911	1
CTNNA2	4	6.1924e-01	3.7552e-01	0.546911	2
FBLN7	4	6.1926e-01	3.7552e-01	0.546911	1
PIH1D2	4	6.1938e-01	3.7552e-01	0.546911	2
IMPG1	4	6.1961e-01	3.7552e-01	0.546911	1
POU2F1	4	6.1964e-01	3.7552e-01	0.546911	2
SLC38A1	4	6.1964e-01	3.7552e-01	0.546911	2
ANKRD34B	4	6.1977e-01	3.7552e-01	0.546911	1
PTK2B	4	6.1982e-01	3.7552e-01	0.546911	2
TMEM245	4	6.1983e-01	3.7552e-01	0.546911	1
MRAS	4	6.1993e-01	3.7552e-01	0.546911	2
LOC101927322	4	6.1996e-01	3.7552e-01	0.546911	1
COL4A2	4	6.2001e-01	3.7552e-01	0.546911	1
HIGD1B	4	6.2003e-01	3.7552e-01	0.546911	2
C11orf42	4	6.2004e-01	3.7552e-01	0.546911	2
RNF182	4	6.2012e-01	3.7552e-01	0.546911	2
FAM21A	4	6.2015e-01	3.7552e-01	0.546911	2
CLVS1	4	6.2021e-01	3.7552e-01	0.546911	1
PPIG	4	6.2032e-01	3.7552e-01	0.546911	1
NANP	4	6.2042e-01	3.7552e-01	0.546911	2
LRRC26	4	6.2046e-01	3.7552e-01	0.546911	1
JARID2	4	6.2046e-01	3.7614e-01	0.546911	2
CX3CL1	4	6.2048e-01	3.7677e-01	0.546911	2
UQCC1	4	6.2058e-01	3.7677e-01	0.546911	2
HMP19	4	6.2063e-01	3.7677e-01	0.546911	2
TMEM209	4	6.2068e-01	3.7677e-01	0.546911	2
NRGN	4	6.2076e-01	3.7677e-01	0.546911	2
PKP2	4	6.2082e-01	3.7677e-01	0.546911	2
CXCL12	4	6.2087e-01	3.7677e-01	0.546911	1
OR1N1	4	6.2087e-01	3.7677e-01	0.546911	1
FGF2	3	6.2092e-01	3.4465e-01	0.530129	1
KCNQ3	4	6.2099e-01	3.7677e-01	0.546911	2
TMEM31	4	6.2101e-01	3.7677e-01	0.546911	2
DAGLA	4	6.2110e-01	3.7677e-01	0.546911	2
OR8G1	4	6.2114e-01	3.7677e-01	0.546911	2
CFHR3	4	6.2116e-01	3.7677e-01	0.546911	1
ALB	4	6.2121e-01	3.7677e-01	0.546911	1
SLC30A4	4	6.2124e-01	3.7677e-01	0.546911	2
GULP1	4	6.2126e-01	3.7677e-01	0.546911	2
MROH1	4	6.2128e-01	3.7677e-01	0.546911	1
FOXO6	4	6.2132e-01	3.7677e-01	0.546911	2
AWAT2	4	6.2133e-01	3.7677e-01	0.546911	2
FLNB	4	6.2136e-01	3.7677e-01	0.546911	2
ASNSD1	4	6.2136e-01	3.7677e-01	0.546911	2
ZFP1	4	6.2141e-01	3.7677e-01	0.546911	1
HCAR3	4	6.2148e-01	3.7677e-01	0.546911	1
SSR1	4	6.2161e-01	3.7677e-01	0.546911	2
PIP4K2C	4	6.2161e-01	3.7677e-01	0.546911	2
SH3BP1	4	6.2166e-01	3.7677e-01	0.546911	1
TMEM207	4	6.2168e-01	3.7677e-01	0.546911	2
RORC	4	6.2168e-01	3.7677e-01	0.546911	2
NCALD	4	6.2173e-01	3.7677e-01	0.546911	1
RETNLB	4	6.2179e-01	3.7677e-01	0.546911	2
FAM217A	4	6.2189e-01	3.7677e-01	0.546911	2
ZNF780A	4	6.2197e-01	3.7677e-01	0.546911	1
FAM189B	4	6.2201e-01	3.7677e-01	0.546911	2
ARHGEF9	4	6.2204e-01	3.7677e-01	0.546911	2
MRAP2	4	6.2208e-01	3.7677e-01	0.546911	1
CGB7	4	6.2214e-01	3.7677e-01	0.546911	1
NUDT15	4	6.2223e-01	3.7677e-01	0.546911	2
LCE2C	4	6.2225e-01	3.7677e-01	0.546911	2
CPNE7	4	6.2239e-01	3.7677e-01	0.546911	2
RTP5	4	6.2241e-01	3.7677e-01	0.546911	2
ZNF76	4	6.2243e-01	3.7677e-01	0.546911	2
PAX1	4	6.2252e-01	3.7677e-01	0.546911	2
PGBD2	4	6.2255e-01	3.7677e-01	0.546911	2
CHD6	4	6.2255e-01	3.7677e-01	0.546911	2
PRKAG2	4	6.2262e-01	3.7677e-01	0.546911	2
C1GALT1C1L	4	6.2264e-01	3.7677e-01	0.546911	2
FNDC5	4	6.2266e-01	3.7677e-01	0.546911	2
SLC35A4	4	6.2268e-01	3.7677e-01	0.546911	1
AP1S2	4	6.2276e-01	3.7677e-01	0.546911	2
AGAP1	4	6.2277e-01	3.7677e-01	0.546911	1
ARHGEF40	4	6.2299e-01	3.7677e-01	0.546911	2
PTGDS	4	6.2306e-01	3.7677e-01	0.546911	2
MBOAT2	4	6.2312e-01	3.7677e-01	0.546911	2
SDR39U1	4	6.2320e-01	3.7677e-01	0.546911	2
ZGLP1	4	6.2323e-01	3.7677e-01	0.546911	1
SOCS7	4	6.2330e-01	3.7677e-01	0.546911	1
CD63	4	6.2333e-01	3.7677e-01	0.546911	1
SMPD3	4	6.2333e-01	3.7677e-01	0.546911	2
CPB1	4	6.2335e-01	3.7677e-01	0.546911	2
CLUAP1	4	6.2342e-01	3.7677e-01	0.546911	1
SERPINE1	4	6.2350e-01	3.7677e-01	0.546911	2
TTR	4	6.2352e-01	3.7677e-01	0.546911	2
SIPA1L3	4	6.2362e-01	3.7677e-01	0.546911	2
EPHB6	4	6.2372e-01	3.7677e-01	0.546911	1
IZUMO4	4	6.2375e-01	3.7677e-01	0.546911	1
NPVF	4	6.2377e-01	3.7677e-01	0.546911	2
USP34	4	6.2377e-01	3.7677e-01	0.546911	1
IRX3	4	6.2387e-01	3.7677e-01	0.546911	1
ART4	4	6.2389e-01	3.7677e-01	0.546911	2
OR2T35	4	6.2391e-01	3.7677e-01	0.546911	1
FAM160A1	4	6.2391e-01	3.7677e-01	0.546911	2
IGFL2	4	6.2394e-01	3.7677e-01	0.546911	2
OR2AG1	4	6.2400e-01	3.7677e-01	0.546911	2
HSD17B11	4	6.2407e-01	3.7677e-01	0.546911	1
RADIL	4	6.2412e-01	3.7677e-01	0.546911	2
CRLF3	4	6.2431e-01	3.7677e-01	0.546911	2
EGFL6	4	6.2464e-01	3.7677e-01	0.546911	1
SMARCD2	4	6.2470e-01	3.7677e-01	0.546911	2
SLC2A14	4	6.2470e-01	3.7677e-01	0.546911	2
RORA	4	6.2472e-01	3.7677e-01	0.546911	1
RLN1	4	6.2474e-01	3.7677e-01	0.546911	1
GBAS	4	6.2480e-01	3.7677e-01	0.546911	1
GOLGA7B	4	6.2484e-01	3.7677e-01	0.546911	1
PTPRR	4	6.2489e-01	3.7677e-01	0.546911	2
TOR1A	4	6.2496e-01	3.7845e-01	0.549265	2
AATK	4	6.2499e-01	3.7845e-01	0.549265	1
WDFY4	4	6.2504e-01	3.8011e-01	0.549462	1
CYP20A1	4	6.2504e-01	3.8011e-01	0.549462	2
STON2	4	6.2506e-01	3.8011e-01	0.549462	1
SPATA24	4	6.2511e-01	3.8011e-01	0.549462	1
BRD3	4	6.2512e-01	3.8011e-01	0.549462	2
AP4S1	4	6.2514e-01	3.8011e-01	0.549462	2
CRYGC	4	6.2516e-01	3.8011e-01	0.549462	1
ENKUR	4	6.2524e-01	3.8011e-01	0.549462	2
RGS17	4	6.2529e-01	3.8011e-01	0.549462	2
RNF151	4	6.2541e-01	3.8011e-01	0.549462	2
ANKRD23	4	6.2543e-01	3.8011e-01	0.549462	1
POFUT2	4	6.2546e-01	3.8011e-01	0.549462	1
LCE4A	4	6.2548e-01	3.8011e-01	0.549462	2
MYEOV	4	6.2553e-01	3.8011e-01	0.549462	2
PARM1	4	6.2553e-01	3.8011e-01	0.549462	2
SOCS4	4	6.2566e-01	3.8011e-01	0.549462	1
CD34	4	6.2568e-01	3.8011e-01	0.549462	2
TMEM39A	4	6.2573e-01	3.8011e-01	0.549462	1
FUT7	4	6.2575e-01	3.8011e-01	0.549462	2
SNX32	4	6.2582e-01	3.8011e-01	0.549462	2
GZMM	4	6.2586e-01	3.8011e-01	0.549462	2
USP47	4	6.2590e-01	3.8011e-01	0.549462	1
PLAC9	4	6.2601e-01	3.8011e-01	0.549462	2
EFCAB3	4	6.2606e-01	3.8011e-01	0.549462	2
CA14	4	6.2612e-01	3.8011e-01	0.549462	2
XDH	4	6.2613e-01	3.8011e-01	0.549462	1
LIN28A	4	6.2614e-01	3.8011e-01	0.549462	2
PCDHB1	4	6.2618e-01	3.8011e-01	0.549462	1
ARHGEF6	4	6.2623e-01	3.8011e-01	0.549462	2
FAM47A	4	6.2630e-01	3.8011e-01	0.549462	2
MSH3	4	6.2633e-01	3.8011e-01	0.549462	1
SH3GLB2	4	6.2633e-01	3.8011e-01	0.549462	2
C1orf21	4	6.2647e-01	3.8011e-01	0.549462	1
NFIB	4	6.2650e-01	3.8011e-01	0.549462	2
ADCY2	4	6.2654e-01	3.8011e-01	0.549462	2
PNMA6A	4	6.2655e-01	3.8011e-01	0.549462	2
MUC4	4	6.2660e-01	3.8011e-01	0.549462	2
UPK2	4	6.2665e-01	3.8011e-01	0.549462	2
KIAA1211	4	6.2668e-01	3.8011e-01	0.549462	2
MOB1B	4	6.2672e-01	3.8011e-01	0.549462	2
ST6GALNAC1	4	6.2673e-01	3.8011e-01	0.549462	2
SAP30	4	6.2679e-01	3.8011e-01	0.549462	2
CRADD	4	6.2681e-01	3.8011e-01	0.549462	2
TTC30B	4	6.2684e-01	3.8011e-01	0.549462	1
CD81	4	6.2691e-01	3.8011e-01	0.549462	2
MTA1	4	6.2693e-01	3.8011e-01	0.549462	2
SLCO4A1	4	6.2695e-01	3.8011e-01	0.549462	2
ABRA	4	6.2709e-01	3.8011e-01	0.549462	2
RFPL4AL1	4	6.2718e-01	3.8011e-01	0.549462	2
CRIP1	4	6.2721e-01	3.8011e-01	0.549462	2
HMGXB4	4	6.2730e-01	3.8011e-01	0.549462	1
PGM2L1	4	6.2735e-01	3.8011e-01	0.549462	2
TF	4	6.2741e-01	3.8011e-01	0.549462	2
ARL5C	4	6.2760e-01	3.8180e-01	0.550995	2
NFXL1	4	6.2764e-01	3.8180e-01	0.550995	2
CDH19	4	6.2768e-01	3.8180e-01	0.550995	1
LRRC63	4	6.2771e-01	3.8180e-01	0.550995	1
NEGR1	4	6.2773e-01	3.8180e-01	0.550995	2
NBEAL2	4	6.2781e-01	3.8180e-01	0.550995	1
ZNF528	4	6.2783e-01	3.8180e-01	0.550995	1
C4orf51	4	6.2786e-01	3.8180e-01	0.550995	1
SHBG	4	6.2792e-01	3.8180e-01	0.550995	2
TYRO3	4	6.2792e-01	3.8180e-01	0.550995	2
HLTF	4	6.2795e-01	3.8180e-01	0.550995	1
SLC22A8	4	6.2800e-01	3.8180e-01	0.550995	2
GSTCD	4	6.2803e-01	3.8180e-01	0.550995	2
GPC4	4	6.2808e-01	3.8180e-01	0.550995	1
FOXP3	4	6.2810e-01	3.8180e-01	0.550995	1
OR4S1	4	6.2832e-01	3.8180e-01	0.550995	1
CHRNA3	4	6.2854e-01	3.8180e-01	0.550995	1
SSMEM1	4	6.2856e-01	3.8180e-01	0.550995	2
OR52I2	4	6.2867e-01	3.8180e-01	0.550995	1
SORCS2	4	6.2869e-01	3.8180e-01	0.550995	1
GSDMC	4	6.2870e-01	3.8180e-01	0.550995	2
CABP1	4	6.2876e-01	3.8180e-01	0.550995	2
SFMBT2	4	6.2880e-01	3.8346e-01	0.553145	2
ASB15	4	6.2884e-01	3.8346e-01	0.553145	1
ULK4	4	6.2886e-01	3.8346e-01	0.553145	2
PRICKLE1	4	6.2888e-01	3.8346e-01	0.553145	2
CALY	4	6.2892e-01	3.8347e-01	0.553145	2
GLIPR1	4	6.2899e-01	3.8347e-01	0.553145	2
S100P	4	6.2905e-01	3.8514e-01	0.554418	2
LBR	4	6.2909e-01	3.8514e-01	0.554418	2
GSG2	4	6.2913e-01	3.8514e-01	0.554418	2
GLI2	4	6.2921e-01	3.8514e-01	0.554418	2
C9orf129	4	6.2931e-01	3.8514e-01	0.554418	1
ODF4	4	6.2940e-01	3.8514e-01	0.554418	2
ANGPTL5	4	6.2944e-01	3.8514e-01	0.554418	2
MROH7	4	6.2955e-01	3.8515e-01	0.554418	2
SDCCAG8	4	6.2957e-01	3.8515e-01	0.554418	2
TRIM16	4	6.2961e-01	3.8515e-01	0.554418	2
C2CD5	4	6.2966e-01	3.8515e-01	0.554418	2
RSF1	4	6.2976e-01	3.8515e-01	0.554418	2
NR2C1	4	6.2980e-01	3.8515e-01	0.554418	2
MFHAS1	4	6.2989e-01	3.8515e-01	0.554418	2
MYPOP	4	6.2990e-01	3.8515e-01	0.554418	1
MST1R	4	6.3009e-01	3.8683e-01	0.554418	2
CEACAM8	4	6.3009e-01	3.8683e-01	0.554418	1
KBTBD2	4	6.3012e-01	3.8683e-01	0.554418	1
CLEC6A	4	6.3015e-01	3.8683e-01	0.554418	2
ZIK1	4	6.3017e-01	3.8683e-01	0.554418	2
PRR34	4	6.3019e-01	3.8683e-01	0.554418	2
FAXC	4	6.3022e-01	3.8683e-01	0.554418	2
SH3D19	4	6.3031e-01	3.8683e-01	0.554418	2
PDZK1IP1	4	6.3034e-01	3.8683e-01	0.554418	1
RFTN1	4	6.3036e-01	3.8683e-01	0.554418	1
ZNF703	4	6.3038e-01	3.8683e-01	0.554418	2
PRM1	4	6.3039e-01	3.8683e-01	0.554418	1
SPANXN2	4	6.3040e-01	3.8683e-01	0.554418	2
TSPEAR	4	6.3053e-01	3.8683e-01	0.554418	1
ZNF691	4	6.3054e-01	3.8683e-01	0.554418	2
CPM	4	6.3062e-01	3.8683e-01	0.554418	2
RAB40C	4	6.3063e-01	3.8683e-01	0.554418	1
SH3BP5L	4	6.3068e-01	3.8683e-01	0.554418	1
ZIM3	4	6.3073e-01	3.8683e-01	0.554418	2
ZDHHC6	4	6.3075e-01	3.8683e-01	0.554418	2
ATP2B3	4	6.3087e-01	3.8683e-01	0.554418	2
SEMA6A	4	6.3093e-01	3.8683e-01	0.554418	2
ERO1L	4	6.3096e-01	3.8683e-01	0.554418	2
SEMA4A	4	6.3110e-01	3.8683e-01	0.554418	1
OTX1	4	6.3124e-01	3.8683e-01	0.554418	2
COL18A1	4	6.3127e-01	3.8683e-01	0.554418	1
NCR1	4	6.3129e-01	3.8683e-01	0.554418	2
ATL3	4	6.3138e-01	3.8683e-01	0.554418	1
CLK2	4	6.3142e-01	3.8683e-01	0.554418	2
DGCR6	4	6.3144e-01	3.8683e-01	0.554418	1
OR6B3	4	6.3151e-01	3.8683e-01	0.554418	2
SEC14L6	4	6.3154e-01	3.8683e-01	0.554418	2
FBXO18	4	6.3156e-01	3.8683e-01	0.554418	1
ARMCX1	4	6.3163e-01	3.8683e-01	0.554418	2
VPS4B	4	6.3165e-01	3.8683e-01	0.554418	1
RND3	4	6.3186e-01	3.8683e-01	0.554418	1
STBD1	4	6.3190e-01	3.8683e-01	0.554418	1
LURAP1L	4	6.3195e-01	3.8683e-01	0.554418	2
BTBD19	4	6.3195e-01	3.8683e-01	0.554418	1
BICD1	4	6.3220e-01	3.8850e-01	0.554418	1
LMBR1	4	6.3223e-01	3.8850e-01	0.554418	2
SNX22	4	6.3237e-01	3.8850e-01	0.554418	2
CYB5D2	4	6.3249e-01	3.8850e-01	0.554418	2
LOR	4	6.3253e-01	3.8850e-01	0.554418	2
DOK7	4	6.3260e-01	3.8850e-01	0.554418	2
PRSS38	4	6.3264e-01	3.8850e-01	0.554418	2
LAMA3	4	6.3266e-01	3.8850e-01	0.554418	2
ZNF107	4	6.3269e-01	3.8850e-01	0.554418	2
CBX1	4	6.3271e-01	3.8850e-01	0.554418	1
GABRA3	4	6.3283e-01	3.8850e-01	0.554418	1
SCML1	4	6.3284e-01	3.8850e-01	0.554418	2
VMAC	4	6.3287e-01	3.8850e-01	0.554418	2
SEC23IP	4	6.3288e-01	3.8850e-01	0.554418	2
HES3	4	6.3288e-01	3.8850e-01	0.554418	2
PRICKLE4	4	6.3293e-01	3.8850e-01	0.554418	2
SLC39A12	4	6.3296e-01	3.8850e-01	0.554418	2
ITPKC	4	6.3302e-01	3.8850e-01	0.554418	2
COX6A2	4	6.3305e-01	3.8850e-01	0.554418	2
OR13C5	4	6.3308e-01	3.8850e-01	0.554418	2
UBE4A	4	6.3311e-01	3.8850e-01	0.554418	2
SLC4A10	4	6.3313e-01	3.8850e-01	0.554418	2
SPATA31A1	4	6.3315e-01	3.8850e-01	0.554418	2
ZFP2	4	6.3317e-01	3.8850e-01	0.554418	2
ARRDC5	4	6.3321e-01	3.8850e-01	0.554418	2
CACNA1F	4	6.3322e-01	3.8850e-01	0.554418	1
POMC	4	6.3330e-01	3.8850e-01	0.554418	2
TPPP3	4	6.3331e-01	3.8850e-01	0.554418	2
SEMA4G	4	6.3332e-01	3.8850e-01	0.554418	1
CALCOCO2	4	6.3334e-01	3.8850e-01	0.554418	2
CDK3	4	6.3337e-01	3.8850e-01	0.554418	2
SOCS1	4	6.3342e-01	3.8850e-01	0.554418	2
ZNF557	4	6.3342e-01	3.8850e-01	0.554418	2
E2F8	4	6.3347e-01	3.8850e-01	0.554418	2
DOCK6	4	6.3358e-01	3.8850e-01	0.554418	2
C14orf93	4	6.3364e-01	3.8850e-01	0.554418	1
ERCC5	4	6.3370e-01	3.8850e-01	0.554418	2
HDX	4	6.3381e-01	3.8850e-01	0.554418	2
BET1L	4	6.3391e-01	3.8850e-01	0.554418	2
IP6K2	4	6.3398e-01	3.8850e-01	0.554418	1
KBTBD13	4	6.3400e-01	3.8850e-01	0.554418	2
CTF1	4	6.3412e-01	3.8850e-01	0.554418	2
LIPN	4	6.3418e-01	3.8850e-01	0.554418	2
CNNM1	4	6.3425e-01	3.8850e-01	0.554418	1
TRABD	4	6.3427e-01	3.8850e-01	0.554418	1
IFNA8	4	6.3430e-01	3.8850e-01	0.554418	2
NKX2-6	4	6.3432e-01	3.8850e-01	0.554418	1
CYP1A1	4	6.3432e-01	3.8850e-01	0.554418	2
ZNF16	4	6.3437e-01	3.8850e-01	0.554418	1
C1orf194	4	6.3439e-01	3.8850e-01	0.554418	1
ICK	4	6.3442e-01	3.8850e-01	0.554418	1
TMPRSS11F	4	6.3443e-01	3.8850e-01	0.554418	2
COL8A1	4	6.3465e-01	3.8850e-01	0.554418	1
CSMD1	4	6.3465e-01	3.8850e-01	0.554418	1
PCDHGA10	4	6.3468e-01	3.8850e-01	0.554418	1
MYOM2	4	6.3474e-01	3.8850e-01	0.554418	2
ITIH4	4	6.3477e-01	3.8850e-01	0.554418	1
CDH10	4	6.3477e-01	3.8850e-01	0.554418	1
SFT2D1	4	6.3480e-01	3.8850e-01	0.554418	2
PAQR5	4	6.3484e-01	3.8850e-01	0.554418	2
CCDC126	4	6.3490e-01	3.8850e-01	0.554418	2
ZNF226	4	6.3492e-01	3.8850e-01	0.554418	2
ANKMY1	4	6.3501e-01	3.8850e-01	0.554418	2
CCL18	4	6.3501e-01	3.8850e-01	0.554418	2
RBM44	4	6.3505e-01	3.8850e-01	0.554418	1
IL36A	4	6.3509e-01	3.8850e-01	0.554418	2
FOXO4	4	6.3511e-01	3.8850e-01	0.554418	2
RAI1	4	6.3515e-01	3.8850e-01	0.554418	2
ARHGEF35	4	6.3517e-01	3.8850e-01	0.554418	1
CERCAM	4	6.3519e-01	3.8850e-01	0.554418	1
COL6A1	4	6.3527e-01	3.8850e-01	0.554418	2
PSORS1C1	4	6.3535e-01	3.8850e-01	0.554418	1
RAB11FIP2	4	6.3537e-01	3.8850e-01	0.554418	2
FAM209A	4	6.3554e-01	3.8850e-01	0.554418	2
MIF4GD	4	6.3556e-01	3.8850e-01	0.554418	2
ANKRD7	4	6.3560e-01	3.8850e-01	0.554418	2
KCNA6	4	6.3562e-01	3.8850e-01	0.554418	1
NPC1L1	4	6.3574e-01	3.8850e-01	0.554418	2
C9	4	6.3590e-01	3.8850e-01	0.554418	1
FPR1	4	6.3595e-01	3.8850e-01	0.554418	2
ENTPD2	4	6.3601e-01	3.8850e-01	0.554418	2
RAB3B	4	6.3606e-01	3.8850e-01	0.554418	2
FAM178B	4	6.3607e-01	3.8850e-01	0.554418	1
OR2V1	4	6.3614e-01	3.8850e-01	0.554418	2
RAB11A	4	6.3621e-01	3.8850e-01	0.554418	2
GLIS3	4	6.3622e-01	3.8850e-01	0.554418	1
RBM4	4	6.3622e-01	3.8850e-01	0.554418	1
PITPNC1	4	6.3624e-01	3.8850e-01	0.554418	2
RAB2B	4	6.3627e-01	3.8850e-01	0.554418	2
PDE4A	4	6.3632e-01	3.9014e-01	0.555650	2
ZNF471	4	6.3639e-01	3.9014e-01	0.555650	1
TMEM132D	4	6.3645e-01	3.9014e-01	0.555650	2
FAM156B	4	6.3647e-01	3.9014e-01	0.555650	2
RTN3	4	6.3651e-01	3.9014e-01	0.555650	2
TCAF1	4	6.3657e-01	3.9014e-01	0.555650	2
DPY19L1	4	6.3659e-01	3.9014e-01	0.555650	2
PHACTR4	4	6.3674e-01	3.9014e-01	0.555650	1
NDUFB9	4	6.3680e-01	3.9014e-01	0.555650	2
ARL6IP4	4	6.3686e-01	3.9014e-01	0.555650	2
WNT11	4	6.3705e-01	3.9014e-01	0.555650	2
TNFAIP8L3	4	6.3713e-01	3.9014e-01	0.555650	1
CCDC140	4	6.3717e-01	3.9014e-01	0.555650	2
FNIP2	4	6.3718e-01	3.9014e-01	0.555650	1
ZNF30	4	6.3724e-01	3.9014e-01	0.555650	2
RPS6KA1	4	6.3728e-01	3.9014e-01	0.555650	2
ZFP28	4	6.3731e-01	3.9014e-01	0.555650	2
UBQLN1	4	6.3737e-01	3.9014e-01	0.555650	2
LRRC7	4	6.3740e-01	3.9014e-01	0.555650	2
PRMT2	4	6.3747e-01	3.9014e-01	0.555650	2
CITED2	4	6.3756e-01	3.9014e-01	0.555650	2
ZNF683	4	6.3763e-01	3.9014e-01	0.555650	2
PIRT	4	6.3763e-01	3.9014e-01	0.555650	2
TRADD	4	6.3764e-01	3.9014e-01	0.555650	1
TEC	4	6.3774e-01	3.9014e-01	0.555650	1
FAM102A	4	6.3778e-01	3.9014e-01	0.555650	1
GIPC2	4	6.3781e-01	3.9014e-01	0.555650	1
LMBRD1	4	6.3793e-01	3.9178e-01	0.557200	2
UBE2D2	4	6.3797e-01	3.9178e-01	0.557200	2
SPANXN5	4	6.3802e-01	3.9178e-01	0.557200	2
SPATA9	4	6.3807e-01	3.9178e-01	0.557200	2
IRAK3	4	6.3812e-01	3.9178e-01	0.557200	1
PGBD4	4	6.3815e-01	3.9178e-01	0.557200	1
NOTO	4	6.3820e-01	3.9178e-01	0.557200	2
STX17	4	6.3822e-01	3.9178e-01	0.557200	1
FAM101A	4	6.3827e-01	3.9178e-01	0.557200	1
PLP1	4	6.3830e-01	3.9178e-01	0.557200	2
CPXM1	4	6.3832e-01	3.9178e-01	0.557200	2
ZNF157	4	6.3850e-01	3.9238e-01	0.557200	2
TMEM43	4	6.3871e-01	3.9299e-01	0.557200	1
IL4I1	4	6.3875e-01	3.9299e-01	0.557200	1
LAMB1	4	6.3881e-01	3.9299e-01	0.557200	2
POMK	4	6.3893e-01	3.9299e-01	0.557200	2
CRYM	4	6.3897e-01	3.9299e-01	0.557200	2
FSCN2	4	6.3901e-01	3.9299e-01	0.557200	2
SPTLC2	4	6.3904e-01	3.9299e-01	0.557200	2
PON3	4	6.3920e-01	3.9299e-01	0.557200	2
DNAJB13	4	6.3922e-01	3.9299e-01	0.557200	2
KCNS2	4	6.3928e-01	3.9299e-01	0.557200	2
SKIL	4	6.3945e-01	3.9299e-01	0.557200	2
OR2T1	4	6.3947e-01	3.9299e-01	0.557200	2
C20orf195	4	6.3957e-01	3.9299e-01	0.557200	2
OR51I1	4	6.3957e-01	3.9299e-01	0.557200	2
TBC1D14	4	6.3959e-01	3.9299e-01	0.557200	2
KRTAP13-4	4	6.3965e-01	3.9299e-01	0.557200	2
DGKB	4	6.3975e-01	3.9299e-01	0.557200	2
ARL8B	4	6.3977e-01	3.9299e-01	0.557200	2
CATSPER2	4	6.3988e-01	3.9299e-01	0.557200	1
DRD5	4	6.3990e-01	3.9299e-01	0.557200	2
TBC1D25	4	6.3990e-01	3.9299e-01	0.557200	1
ARHGAP29	4	6.4000e-01	3.9299e-01	0.557200	1
TLCD2	4	6.4002e-01	3.9299e-01	0.557200	2
POLD4	4	6.4004e-01	3.9299e-01	0.557200	2
IFIT3	4	6.4010e-01	3.9299e-01	0.557200	1
TRMT2A	4	6.4010e-01	3.9299e-01	0.557200	2
EMID1	4	6.4027e-01	3.9467e-01	0.557200	1
PDLIM7	4	6.4030e-01	3.9467e-01	0.557200	2
MIP	4	6.4036e-01	3.9467e-01	0.557200	1
PDP2	4	6.4039e-01	3.9467e-01	0.557200	1
SIGLEC12	4	6.4043e-01	3.9467e-01	0.557200	2
TECTB	4	6.4047e-01	3.9467e-01	0.557200	2
HIST1H3F	4	6.4051e-01	3.9467e-01	0.557200	2
CTSB	4	6.4063e-01	3.9467e-01	0.557200	1
ATP4B	4	6.4079e-01	3.9467e-01	0.557200	1
PAG1	3	6.4090e-01	3.6812e-01	0.546911	1
DRD1	4	6.4098e-01	3.9467e-01	0.557200	2
PDIA6	4	6.4101e-01	3.9467e-01	0.557200	2
OR10C1	4	6.4101e-01	3.9467e-01	0.557200	1
IGHMBP2	4	6.4106e-01	3.9467e-01	0.557200	2
SUCLG1	4	6.4114e-01	3.9467e-01	0.557200	2
PFKFB3	4	6.4114e-01	3.9467e-01	0.557200	1
BFSP1	4	6.4119e-01	3.9467e-01	0.557200	2
NETO1	4	6.4125e-01	3.9467e-01	0.557200	2
SSX4B	4	6.4131e-01	3.9467e-01	0.557200	2
PLAC1	4	6.4132e-01	3.9467e-01	0.557200	1
FAM9B	4	6.4139e-01	3.9467e-01	0.557200	2
ADCY4	4	6.4144e-01	3.9467e-01	0.557200	2
MED25	4	6.4146e-01	3.9467e-01	0.557200	2
CHRDL1	4	6.4152e-01	3.9467e-01	0.557200	2
OTC	4	6.4158e-01	3.9467e-01	0.557200	1
GSG1	4	6.4161e-01	3.9467e-01	0.557200	1
SPDYC	4	6.4168e-01	3.9467e-01	0.557200	2
SLC6A15	4	6.4172e-01	3.9467e-01	0.557200	2
RASGEF1C	4	6.4174e-01	3.9467e-01	0.557200	2
AEBP1	4	6.4176e-01	3.9467e-01	0.557200	2
CALR3	4	6.4182e-01	3.9467e-01	0.557200	1
C19orf44	4	6.4189e-01	3.9467e-01	0.557200	2
RAPSN	4	6.4193e-01	3.9467e-01	0.557200	1
MUSTN1	4	6.4196e-01	3.9467e-01	0.557200	2
GGT7	4	6.4209e-01	3.9467e-01	0.557200	2
AVPI1	4	6.4224e-01	3.9467e-01	0.557200	1
TXNDC12	4	6.4237e-01	3.9467e-01	0.557200	1
FCN2	4	6.4242e-01	3.9467e-01	0.557200	2
PAQR3	4	6.4243e-01	3.9467e-01	0.557200	1
LRRC47	4	6.4244e-01	3.9467e-01	0.557200	2
CSN1S1	4	6.4250e-01	3.9467e-01	0.557200	2
PLEKHA8	4	6.4254e-01	3.9467e-01	0.557200	2
PARP4	4	6.4266e-01	3.9467e-01	0.557200	2
LGI3	4	6.4279e-01	3.9467e-01	0.557200	2
KATNAL1	4	6.4280e-01	3.9467e-01	0.557200	1
RSPH1	4	6.4283e-01	3.9467e-01	0.557200	2
SLFN12L	4	6.4287e-01	3.9467e-01	0.557200	2
PDLIM2	4	6.4292e-01	3.9467e-01	0.557200	1
MFAP2	4	6.4293e-01	3.9467e-01	0.557200	2
MS4A13	4	6.4295e-01	3.9467e-01	0.557200	2
ANKRD35	4	6.4297e-01	3.9467e-01	0.557200	2
ASB16	4	6.4297e-01	3.9467e-01	0.557200	1
MXRA8	4	6.4299e-01	3.9467e-01	0.557200	2
OR10J3	4	6.4303e-01	3.9467e-01	0.557200	2
OR2A7	4	6.4307e-01	3.9467e-01	0.557200	1
MGAM	4	6.4310e-01	3.9467e-01	0.557200	2
KLRG2	4	6.4314e-01	3.9467e-01	0.557200	1
PMS1	4	6.4326e-01	3.9467e-01	0.557200	2
CAP1	4	6.4338e-01	3.9467e-01	0.557200	1
FAM159A	4	6.4343e-01	3.9467e-01	0.557200	1
TRPC7	4	6.4345e-01	3.9467e-01	0.557200	2
DCANP1	4	6.4347e-01	3.9467e-01	0.557200	1
SERPINB11	4	6.4351e-01	3.9467e-01	0.557200	1
ACTR1B	4	6.4358e-01	3.9467e-01	0.557200	2
ADPRHL1	4	6.4362e-01	3.9467e-01	0.557200	2
HDAC8	4	6.4366e-01	3.9467e-01	0.557200	2
LDHA	4	6.4369e-01	3.9467e-01	0.557200	2
IKBKG	4	6.4373e-01	3.9467e-01	0.557200	2
IRX2	4	6.4375e-01	3.9467e-01	0.557200	2
CEP78	4	6.4377e-01	3.9467e-01	0.557200	2
TAS2R1	4	6.4381e-01	3.9467e-01	0.557200	1
VDAC3	4	6.4381e-01	3.9467e-01	0.557200	2
ATP9A	4	6.4383e-01	3.9467e-01	0.557200	2
PCDHGB1	4	6.4383e-01	3.9467e-01	0.557200	1
CDPF1	4	6.4386e-01	3.9467e-01	0.557200	1
FSHB	4	6.4388e-01	3.9467e-01	0.557200	1
STAT5A	4	6.4397e-01	3.9467e-01	0.557200	2
ST6GALNAC3	4	6.4405e-01	3.9467e-01	0.557200	2
HCN3	4	6.4407e-01	3.9467e-01	0.557200	2
KRTAP22-2	4	6.4417e-01	3.9467e-01	0.557200	1
DCUN1D3	4	6.4430e-01	3.9467e-01	0.557200	2
SIGLEC9	4	6.4432e-01	3.9634e-01	0.558126	2
CUL9	4	6.4438e-01	3.9634e-01	0.558126	1
CSH1	4	6.4442e-01	3.9634e-01	0.558126	2
USH1C	4	6.4446e-01	3.9634e-01	0.558126	2
SLC34A2	4	6.4449e-01	3.9634e-01	0.558126	2
SELE	4	6.4452e-01	3.9634e-01	0.558126	2
ZBTB49	4	6.4456e-01	3.9634e-01	0.558126	2
SLC25A20	4	6.4457e-01	3.9634e-01	0.558126	1
SMAD4	4	6.4471e-01	3.9634e-01	0.558126	2
CABYR	4	6.4473e-01	3.9634e-01	0.558126	2
LIPG	4	6.4487e-01	3.9634e-01	0.558126	2
NXT2	4	6.4488e-01	3.9634e-01	0.558126	1
DPYS	4	6.4497e-01	3.9801e-01	0.558126	2
ANKRD16	4	6.4503e-01	3.9801e-01	0.558126	1
GSK3A	4	6.4522e-01	3.9801e-01	0.558126	2
TAS2R7	4	6.4531e-01	3.9801e-01	0.558126	2
CARD6	4	6.4533e-01	3.9801e-01	0.558126	1
CHEK2	4	6.4540e-01	3.9801e-01	0.558126	2
KRTAP2-4	4	6.4547e-01	3.9801e-01	0.558126	2
MAPRE2	4	6.4550e-01	3.9801e-01	0.558126	1
POM121L12	4	6.4557e-01	3.9801e-01	0.558126	1
KRTAP1-4	4	6.4559e-01	3.9801e-01	0.558126	1
PRAMEF8	4	6.4562e-01	3.9801e-01	0.558126	2
STARD8	4	6.4563e-01	3.9801e-01	0.558126	2
PNPLA2	4	6.4566e-01	3.9801e-01	0.558126	2
EIF1AY	4	6.4585e-01	3.9801e-01	0.558126	2
CRHBP	4	6.4593e-01	3.9801e-01	0.558126	2
BZW2	4	6.4597e-01	3.9801e-01	0.558126	2
ZNF460	4	6.4600e-01	3.9801e-01	0.558126	1
GSTM1	4	6.4607e-01	3.9801e-01	0.558126	1
SLC46A1	4	6.4612e-01	3.9801e-01	0.558126	2
MCOLN3	4	6.4615e-01	3.9801e-01	0.558126	2
CCDC127	4	6.4616e-01	3.9801e-01	0.558126	1
PDZD11	4	6.4617e-01	3.9801e-01	0.558126	2
SMCO4	4	6.4619e-01	3.9801e-01	0.558126	2
KCTD4	4	6.4640e-01	3.9801e-01	0.558126	2
AKR1D1	4	6.4642e-01	3.9801e-01	0.558126	1
L1CAM	4	6.4647e-01	3.9801e-01	0.558126	1
SCPEP1	4	6.4649e-01	3.9801e-01	0.558126	1
NPY	4	6.4650e-01	3.9801e-01	0.558126	2
RBBP7	4	6.4654e-01	3.9801e-01	0.558126	2
SMTNL1	4	6.4658e-01	3.9801e-01	0.558126	2
LMBR1L	4	6.4660e-01	3.9801e-01	0.558126	2
CSRP3	4	6.4661e-01	3.9801e-01	0.558126	1
DMGDH	4	6.4666e-01	3.9801e-01	0.558126	2
EPB41L3	4	6.4671e-01	3.9801e-01	0.558126	2
MOBP	4	6.4674e-01	3.9801e-01	0.558126	1
USP17L4	4	6.4677e-01	3.9801e-01	0.558126	2
CXorf67	4	6.4681e-01	3.9801e-01	0.558126	2
C8orf86	4	6.4684e-01	3.9801e-01	0.558126	2
LRRC45	4	6.4691e-01	3.9801e-01	0.558126	2
ZSCAN9	4	6.4693e-01	3.9801e-01	0.558126	2
PHF1	4	6.4695e-01	3.9801e-01	0.558126	2
C18orf63	4	6.4715e-01	3.9801e-01	0.558126	2
TSHB	4	6.4717e-01	3.9801e-01	0.558126	2
PRMT8	4	6.4721e-01	3.9801e-01	0.558126	2
DLK2	4	6.4727e-01	3.9801e-01	0.558126	2
CDC42SE1	4	6.4729e-01	3.9801e-01	0.558126	2
GIN1	4	6.4732e-01	3.9801e-01	0.558126	1
GPR137B	4	6.4734e-01	3.9801e-01	0.558126	2
RPRM	4	6.4746e-01	3.9801e-01	0.558126	2
ADCYAP1R1	4	6.4751e-01	3.9801e-01	0.558126	2
TRIM26	4	6.4758e-01	3.9801e-01	0.558126	2
GAP43	4	6.4772e-01	3.9801e-01	0.558126	2
TMC8	4	6.4775e-01	3.9801e-01	0.558126	2
TFRC	4	6.4777e-01	3.9801e-01	0.558126	1
CCDC153	4	6.4782e-01	3.9801e-01	0.558126	1
ZFYVE21	4	6.4792e-01	3.9801e-01	0.558126	1
PCDHGA9	4	6.4809e-01	3.9801e-01	0.558126	2
UBLCP1	4	6.4815e-01	3.9801e-01	0.558126	2
CCDC109B	4	6.4822e-01	3.9801e-01	0.558126	1
PAOX	4	6.4826e-01	3.9801e-01	0.558126	2
TMEM88	4	6.4830e-01	3.9801e-01	0.558126	2
PRR23D2	4	6.4836e-01	3.9801e-01	0.558126	1
GMIP	4	6.4841e-01	3.9801e-01	0.558126	2
NIPAL3	4	6.4846e-01	3.9801e-01	0.558126	2
CYP3A4	4	6.4848e-01	3.9801e-01	0.558126	1
DPP4	4	6.4858e-01	3.9801e-01	0.558126	2
CYTH4	4	6.4872e-01	3.9801e-01	0.558126	1
NR1H2	4	6.4874e-01	3.9801e-01	0.558126	2
PBXIP1	4	6.4878e-01	3.9801e-01	0.558126	1
CNOT10	4	6.4878e-01	3.9801e-01	0.558126	2
OAS2	4	6.4886e-01	3.9801e-01	0.558126	1
PRLH	4	6.4888e-01	3.9801e-01	0.558126	2
PELI3	4	6.4890e-01	3.9801e-01	0.558126	2
CMKLR1	4	6.4898e-01	3.9801e-01	0.558126	2
PSAP	4	6.4902e-01	3.9801e-01	0.558126	2
CCDC71L	4	6.4902e-01	3.9801e-01	0.558126	1
WI2-2373I1.2	4	6.4910e-01	3.9801e-01	0.558126	2
CELF1	4	6.4912e-01	3.9801e-01	0.558126	2
ATP5S	4	6.4917e-01	3.9801e-01	0.558126	2
SPATA8	4	6.4921e-01	3.9801e-01	0.558126	1
SPANXD	4	6.4933e-01	3.9969e-01	0.558432	2
KIAA1324	4	6.4935e-01	3.9969e-01	0.558432	2
SP3	4	6.4964e-01	3.9969e-01	0.558432	1
BCORL1	4	6.4966e-01	3.9969e-01	0.558432	1
LY6D	4	6.4979e-01	3.9969e-01	0.558432	2
NCK1	4	6.4996e-01	3.9969e-01	0.558432	2
BCAT1	4	6.5001e-01	3.9969e-01	0.558432	2
LRIT1	4	6.5001e-01	3.9969e-01	0.558432	2
OR4A15	4	6.5008e-01	3.9969e-01	0.558432	2
LRP1B	4	6.5008e-01	3.9969e-01	0.558432	1
PCSK7	4	6.5020e-01	3.9969e-01	0.558432	2
NKX3-1	4	6.5036e-01	3.9969e-01	0.558432	1
FIGNL1	4	6.5046e-01	3.9969e-01	0.558432	2
ARMC8	4	6.5054e-01	3.9969e-01	0.558432	2
DDX39A	4	6.5057e-01	3.9969e-01	0.558432	1
OR6C75	4	6.5059e-01	3.9969e-01	0.558432	2
SLC23A1	4	6.5062e-01	3.9969e-01	0.558432	2
CSRP1	4	6.5062e-01	3.9969e-01	0.558432	2
HPS5	4	6.5065e-01	3.9969e-01	0.558432	2
EPM2AIP1	4	6.5081e-01	3.9969e-01	0.558432	2
FAM173A	4	6.5081e-01	3.9969e-01	0.558432	1
LIPT2	4	6.5083e-01	3.9969e-01	0.558432	2
IL18BP	4	6.5093e-01	3.9969e-01	0.558432	2
SFT2D2	4	6.5095e-01	3.9969e-01	0.558432	1
CXCR3	4	6.5099e-01	3.9969e-01	0.558432	2
CD19	4	6.5113e-01	3.9969e-01	0.558432	2
ADGRA2	4	6.5126e-01	3.9969e-01	0.558432	2
TNNI3	4	6.5127e-01	3.9969e-01	0.558432	1
DYTN	4	6.5133e-01	3.9969e-01	0.558432	1
LAMB4	4	6.5135e-01	3.9969e-01	0.558432	2
PPM1J	4	6.5140e-01	3.9969e-01	0.558432	1
OR56A1	4	6.5146e-01	3.9969e-01	0.558432	2
PCED1A	4	6.5148e-01	3.9969e-01	0.558432	1
FA2H	4	6.5148e-01	3.9969e-01	0.558432	1
GOLT1A	4	6.5157e-01	3.9969e-01	0.558432	1
RABAC1	4	6.5161e-01	3.9969e-01	0.558432	1
OPN3	4	6.5162e-01	3.9969e-01	0.558432	2
KRT9	4	6.5178e-01	3.9969e-01	0.558432	2
CSF1R	4	6.5184e-01	3.9969e-01	0.558432	2
ZNF534	4	6.5185e-01	3.9969e-01	0.558432	1
C6orf58	4	6.5187e-01	3.9969e-01	0.558432	1
FAM83C	4	6.5194e-01	3.9969e-01	0.558432	2
SLC38A8	4	6.5207e-01	3.9969e-01	0.558432	2
PLXNB1	4	6.5212e-01	3.9969e-01	0.558432	2
PIGC	4	6.5213e-01	3.9969e-01	0.558432	1
DZIP3	4	6.5220e-01	3.9969e-01	0.558432	1
GNG2	4	6.5223e-01	3.9969e-01	0.558432	2
NDUFA4	4	6.5241e-01	3.9969e-01	0.558432	1
CPNE2	4	6.5244e-01	3.9969e-01	0.558432	1
HOXD8	4	6.5254e-01	3.9969e-01	0.558432	2
DMBX1	4	6.5261e-01	4.0132e-01	0.559722	2
TBC1D10C	4	6.5264e-01	4.0132e-01	0.559722	1
PRSS1	4	6.5264e-01	4.0132e-01	0.559722	1
HIST1H4C	4	6.5268e-01	4.0132e-01	0.559722	2
LCNL1	4	6.5273e-01	4.0132e-01	0.559722	2
ZNF674	4	6.5285e-01	4.0132e-01	0.559722	1
ENPP5	4	6.5290e-01	4.0132e-01	0.559722	2
MRS2	4	6.5294e-01	4.0132e-01	0.559722	2
GOLGA2	4	6.5304e-01	4.0132e-01	0.559722	2
ADGRV1	4	6.5313e-01	4.0132e-01	0.559722	2
SYNC	4	6.5315e-01	4.0132e-01	0.559722	2
TIMM17A	4	6.5318e-01	4.0132e-01	0.559722	1
NDUFB2	4	6.5326e-01	4.0132e-01	0.559722	2
CYB5R3	4	6.5330e-01	4.0132e-01	0.559722	2
ZNF227	4	6.5333e-01	4.0132e-01	0.559722	2
JADE2	4	6.5333e-01	4.0132e-01	0.559722	2
EAF2	4	6.5337e-01	4.0132e-01	0.559722	2
TRAFD1	4	6.5339e-01	4.0132e-01	0.559722	1
ZC3HAV1L	4	6.5343e-01	4.0132e-01	0.559722	1
OR10G7	4	6.5346e-01	4.0132e-01	0.559722	1
LCN15	4	6.5348e-01	4.0132e-01	0.559722	2
COLEC10	4	6.5353e-01	4.0132e-01	0.559722	1
CHRAC1	4	6.5356e-01	4.0132e-01	0.559722	2
WDPCP	4	6.5376e-01	4.0300e-01	0.560792	2
TNFSF8	4	6.5380e-01	4.0300e-01	0.560792	1
ZNF812	4	6.5387e-01	4.0300e-01	0.560792	2
MYF6	4	6.5389e-01	4.0300e-01	0.560792	2
NDUFV3	4	6.5397e-01	4.0300e-01	0.560792	2
SATB2	4	6.5397e-01	4.0300e-01	0.560792	1
IZUMO1	4	6.5407e-01	4.0300e-01	0.560792	2
OR8U1	4	6.5409e-01	4.0300e-01	0.560792	2
C1orf216	4	6.5422e-01	4.0300e-01	0.560792	2
LRRN2	4	6.5422e-01	4.0300e-01	0.560792	2
RBMY1B	4	6.5425e-01	4.0300e-01	0.560792	2
C3orf70	4	6.5427e-01	4.0300e-01	0.560792	2
WDR27	4	6.5428e-01	4.0300e-01	0.560792	1
C11orf88	4	6.5435e-01	4.0300e-01	0.560792	1
HOXA9	4	6.5437e-01	4.0300e-01	0.560792	1
TAS2R14	4	6.5447e-01	4.0300e-01	0.560792	2
PANK3	4	6.5455e-01	4.0300e-01	0.560792	2
FAM168B	4	6.5460e-01	4.0300e-01	0.560792	2
SLC10A3	4	6.5463e-01	4.0300e-01	0.560792	1
MMP17	4	6.5467e-01	4.0300e-01	0.560792	1
MAP2K2	4	6.5469e-01	4.0300e-01	0.560792	2
KRTAP19-2	4	6.5481e-01	4.0300e-01	0.560792	1
CCDC114	4	6.5482e-01	4.0300e-01	0.560792	2
PTGER1	4	6.5484e-01	4.0300e-01	0.560792	1
PEBP4	4	6.5490e-01	4.0300e-01	0.560792	2
ZNF394	4	6.5491e-01	4.0300e-01	0.560792	1
MYO1E	4	6.5492e-01	4.0300e-01	0.560792	2
BTN2A2	4	6.5507e-01	4.0300e-01	0.560792	1
ATAD2B	4	6.5510e-01	4.0300e-01	0.560792	2
HHIP	4	6.5512e-01	4.0300e-01	0.560792	2
CD3D	4	6.5518e-01	4.0300e-01	0.560792	2
POU4F1	4	6.5535e-01	4.0468e-01	0.562568	1
IRGC	4	6.5535e-01	4.0468e-01	0.562568	2
CAPN1	4	6.5538e-01	4.0468e-01	0.562568	2
ATN1	4	6.5540e-01	4.0468e-01	0.562568	2
GSTM3	4	6.5561e-01	4.0468e-01	0.562568	1
KRT12	4	6.5564e-01	4.0468e-01	0.562568	2
CEP112	4	6.5565e-01	4.0468e-01	0.562568	2
H1F0	4	6.5569e-01	4.0468e-01	0.562568	1
KRTAP6-3	4	6.5570e-01	4.0468e-01	0.562568	2
CAMKV	4	6.5579e-01	4.0469e-01	0.562568	1
OR5P3	4	6.5584e-01	4.0469e-01	0.562568	2
ZNF660	4	6.5593e-01	4.0469e-01	0.562568	1
ALDH1A1	4	6.5598e-01	4.0469e-01	0.562568	1
WIPF1	4	6.5603e-01	4.0469e-01	0.562568	2
OR10G8	4	6.5619e-01	4.0636e-01	0.563743	2
STEAP3	4	6.5621e-01	4.0636e-01	0.563743	1
CST8	4	6.5623e-01	4.0636e-01	0.563743	2
SSPO	4	6.5628e-01	4.0636e-01	0.563743	1
PP2D1	4	6.5630e-01	4.0636e-01	0.563743	1
FUS	4	6.5646e-01	4.0636e-01	0.563743	1
PYCR1	4	6.5653e-01	4.0636e-01	0.563743	2
CASKIN2	4	6.5656e-01	4.0636e-01	0.563743	1
POU2F2	4	6.5680e-01	4.0636e-01	0.563743	2
SGIP1	4	6.5695e-01	4.0636e-01	0.563743	2
FAM196A	4	6.5699e-01	4.0636e-01	0.563743	2
CHPF2	4	6.5702e-01	4.0636e-01	0.563743	1
IL1RL1	4	6.5704e-01	4.0636e-01	0.563743	1
PLXNA2	4	6.5705e-01	4.0636e-01	0.563743	2
NXPE1	4	6.5707e-01	4.0636e-01	0.563743	2
FANCC	4	6.5717e-01	4.0636e-01	0.563743	2
ACYP1	4	6.5723e-01	4.0636e-01	0.563743	1
RIC8B	4	6.5725e-01	4.0636e-01	0.563743	2
GAL3ST1	4	6.5732e-01	4.0636e-01	0.563743	2
MGST2	4	6.5732e-01	4.0636e-01	0.563743	2
SDCBP2	4	6.5739e-01	4.0636e-01	0.563743	1
CRYBB2	4	6.5745e-01	4.0636e-01	0.563743	2
HINT3	4	6.5750e-01	4.0636e-01	0.563743	2
QDPR	4	6.5752e-01	4.0636e-01	0.563743	2
ECEL1	4	6.5756e-01	4.0636e-01	0.563743	2
PDLIM1	4	6.5767e-01	4.0636e-01	0.563743	1
KRTAP12-1	4	6.5774e-01	4.0636e-01	0.563743	2
APOBEC3F	4	6.5783e-01	4.0636e-01	0.563743	1
CHGB	4	6.5794e-01	4.0806e-01	0.564429	2
PNLIP	4	6.5797e-01	4.0806e-01	0.564429	2
PLCB1	4	6.5810e-01	4.0806e-01	0.564429	2
COLEC12	4	6.5811e-01	4.0806e-01	0.564429	1
KCTD17	4	6.5819e-01	4.0806e-01	0.564429	2
ZNF395	4	6.5825e-01	4.0967e-01	0.564429	2
ACOT7	4	6.5840e-01	4.0967e-01	0.564429	2
TENM1	4	6.5846e-01	4.0967e-01	0.564429	1
HSPA13	4	6.5860e-01	4.0967e-01	0.564429	2
UCN2	4	6.5866e-01	4.0967e-01	0.564429	2
TSSK6	4	6.5866e-01	4.0967e-01	0.564429	1
SDK1	4	6.5871e-01	4.0967e-01	0.564429	1
FBXL14	4	6.5874e-01	4.0967e-01	0.564429	2
PTGDR	4	6.5890e-01	4.0967e-01	0.564429	2
ZSCAN2	4	6.5892e-01	4.0967e-01	0.564429	2
RASGRF2	4	6.5893e-01	4.0967e-01	0.564429	1
NEUROG1	4	6.5894e-01	4.0967e-01	0.564429	2
WDR93	4	6.5898e-01	4.0967e-01	0.564429	1
VPS37D	4	6.5898e-01	4.0967e-01	0.564429	2
CRISPLD2	4	6.5926e-01	4.0967e-01	0.564429	1
KIAA0430	4	6.5932e-01	4.0967e-01	0.564429	1
IFI30	4	6.5937e-01	4.0967e-01	0.564429	2
FAM47C	4	6.5959e-01	4.0967e-01	0.564429	2
FKBP5	4	6.5975e-01	4.0967e-01	0.564429	2
AMPH	4	6.5989e-01	4.0967e-01	0.564429	2
PI3	4	6.5993e-01	4.0967e-01	0.564429	2
GPX5	4	6.5993e-01	4.0967e-01	0.564429	1
KAZN	4	6.5997e-01	4.0967e-01	0.564429	2
HHLA2	4	6.5999e-01	4.0967e-01	0.564429	2
PCDHB11	4	6.6007e-01	4.0967e-01	0.564429	1
PDGFB	4	6.6016e-01	4.0967e-01	0.564429	2
SLC25A15	4	6.6019e-01	4.0967e-01	0.564429	2
SLC2A4	4	6.6021e-01	4.0967e-01	0.564429	1
LDHB	4	6.6022e-01	4.0967e-01	0.564429	2
RCHY1	4	6.6025e-01	4.0967e-01	0.564429	2
NDUFA13	4	6.6030e-01	4.0967e-01	0.564429	2
ANGEL2	4	6.6033e-01	4.0967e-01	0.564429	2
KRTAP1-5	4	6.6047e-01	4.0967e-01	0.564429	2
HERC5	4	6.6051e-01	4.0967e-01	0.564429	1
ZNF726	4	6.6053e-01	4.0967e-01	0.564429	1
NCKAP5	4	6.6055e-01	4.0967e-01	0.564429	2
ATAD2	4	6.6057e-01	4.0967e-01	0.564429	2
PPAP2C	4	6.6067e-01	4.0967e-01	0.564429	1
EXOC3L2	4	6.6070e-01	4.0967e-01	0.564429	1
MALL	4	6.6074e-01	4.0967e-01	0.564429	1
PDSS1	4	6.6086e-01	4.0967e-01	0.564429	2
ALX4	4	6.6088e-01	4.0967e-01	0.564429	1
OR10A3	4	6.6093e-01	4.0967e-01	0.564429	2
PARP1	4	6.6103e-01	4.0967e-01	0.564429	2
FAM71C	4	6.6109e-01	4.0967e-01	0.564429	2
SBSN	4	6.6115e-01	4.0967e-01	0.564429	1
ZKSCAN8	4	6.6117e-01	4.0967e-01	0.564429	1
RNF169	4	6.6120e-01	4.0967e-01	0.564429	1
MAN1A1	4	6.6133e-01	4.0967e-01	0.564429	2
APOBEC2	4	6.6135e-01	4.0967e-01	0.564429	2
ATXN7L3B	4	6.6145e-01	4.0967e-01	0.564429	2
NPAS3	4	6.6147e-01	4.0967e-01	0.564429	1
CGN	4	6.6150e-01	4.0967e-01	0.564429	1
CCDC185	4	6.6152e-01	4.0967e-01	0.564429	1
CCDC51	4	6.6158e-01	4.0967e-01	0.564429	2
ST3GAL5	4	6.6162e-01	4.0967e-01	0.564429	2
BLOC1S1	4	6.6183e-01	4.0967e-01	0.564429	2
CLIP2	4	6.6187e-01	4.0967e-01	0.564429	2
TTC34	4	6.6189e-01	4.0967e-01	0.564429	2
SFTPA1	4	6.6195e-01	4.0967e-01	0.564429	2
FER	4	6.6200e-01	4.0967e-01	0.564429	1
IQCC	4	6.6205e-01	4.0967e-01	0.564429	2
DNAJC5	4	6.6207e-01	4.0967e-01	0.564429	2
TMPRSS7	4	6.6214e-01	4.0967e-01	0.564429	1
COLCA2	4	6.6228e-01	4.0967e-01	0.564429	1
WFS1	4	6.6243e-01	4.0967e-01	0.564429	2
MGAT4A	4	6.6246e-01	4.0967e-01	0.564429	1
TWSG1	4	6.6247e-01	4.0967e-01	0.564429	2
CNN1	4	6.6249e-01	4.0967e-01	0.564429	2
AQP12A	4	6.6257e-01	4.0967e-01	0.564429	2
NAGA	4	6.6263e-01	4.1131e-01	0.564429	2
ZFP92	4	6.6267e-01	4.1131e-01	0.564429	1
IQCE	4	6.6269e-01	4.1131e-01	0.564429	2
PHEX	4	6.6279e-01	4.1131e-01	0.564429	2
SLC22A9	4	6.6285e-01	4.1131e-01	0.564429	2
NKX3-2	4	6.6287e-01	4.1131e-01	0.564429	1
RAPGEFL1	4	6.6291e-01	4.1131e-01	0.564429	2
CAAP1	4	6.6295e-01	4.1131e-01	0.564429	2
RANBP17	4	6.6299e-01	4.1131e-01	0.564429	2
RAB13	4	6.6303e-01	4.1131e-01	0.564429	1
NDUFB8	4	6.6315e-01	4.1131e-01	0.564429	2
SLC7A2	4	6.6323e-01	4.1131e-01	0.564429	2
CA9	4	6.6326e-01	4.1131e-01	0.564429	1
SSTR4	4	6.6331e-01	4.1131e-01	0.564429	2
CALHM3	4	6.6333e-01	4.1131e-01	0.564429	1
C17orf78	4	6.6334e-01	4.1131e-01	0.564429	2
EPB41L1	4	6.6337e-01	4.1131e-01	0.564429	2
TRIB2	4	6.6337e-01	4.1131e-01	0.564429	1
ARAP3	4	6.6349e-01	4.1131e-01	0.564429	2
ITCH	4	6.6353e-01	4.1131e-01	0.564429	2
AKAP12	4	6.6357e-01	4.1131e-01	0.564429	1
PIK3C2A	4	6.6365e-01	4.1131e-01	0.564429	2
MYH7B	4	6.6391e-01	4.1131e-01	0.564429	2
LAT2	4	6.6393e-01	4.1131e-01	0.564429	1
CDS1	4	6.6399e-01	4.1131e-01	0.564429	2
HCN4	4	6.6406e-01	4.1131e-01	0.564429	1
SLC19A3	4	6.6417e-01	4.1131e-01	0.564429	2
ABCA4	4	6.6419e-01	4.1131e-01	0.564429	2
CCL4L2	4	6.6431e-01	4.1131e-01	0.564429	2
C3orf79	4	6.6437e-01	4.1131e-01	0.564429	1
LTBR	4	6.6449e-01	4.1131e-01	0.564429	2
SH2D6	4	6.6453e-01	4.1131e-01	0.564429	2
OAS3	4	6.6469e-01	4.1131e-01	0.564429	2
TBX2	4	6.6470e-01	4.1131e-01	0.564429	1
GATA1	4	6.6472e-01	4.1131e-01	0.564429	2
HAAO	4	6.6485e-01	4.1131e-01	0.564429	2
ARL4C	4	6.6494e-01	4.1131e-01	0.564429	2
IFNL3	4	6.6497e-01	4.1131e-01	0.564429	1
HRC	4	6.6503e-01	4.1131e-01	0.564429	1
FCER1G	4	6.6503e-01	4.1131e-01	0.564429	2
C8orf37	4	6.6513e-01	4.1131e-01	0.564429	2
NAAA	4	6.6515e-01	4.1131e-01	0.564429	2
ABCG1	4	6.6527e-01	4.1131e-01	0.564429	2
TANC2	4	6.6529e-01	4.1131e-01	0.564429	1
OAS1	4	6.6531e-01	4.1131e-01	0.564429	2
PPP1R9B	4	6.6540e-01	4.1131e-01	0.564429	2
KLB	4	6.6547e-01	4.1131e-01	0.564429	2
CNOT6L	4	6.6552e-01	4.1131e-01	0.564429	1
ITGB4	4	6.6563e-01	4.1131e-01	0.564429	1
GHRHR	4	6.6567e-01	4.1131e-01	0.564429	2
TMEM238	4	6.6579e-01	4.1131e-01	0.564429	2
PIP	4	6.6579e-01	4.1131e-01	0.564429	1
C12orf71	4	6.6581e-01	4.1131e-01	0.564429	1
XPC	4	6.6591e-01	4.1131e-01	0.564429	2
MLIP	4	6.6595e-01	4.1131e-01	0.564429	1
ASXL3	4	6.6602e-01	4.1131e-01	0.564429	2
ADIPOQ	4	6.6609e-01	4.1131e-01	0.564429	2
AOX1	4	6.6610e-01	4.1131e-01	0.564429	2
IGSF22	4	6.6611e-01	4.1131e-01	0.564429	2
RAB21	4	6.6613e-01	4.1131e-01	0.564429	2
ATP6V0E2	4	6.6621e-01	4.1131e-01	0.564429	2
SCAF1	4	6.6623e-01	4.1131e-01	0.564429	2
KIF19	4	6.6627e-01	4.1131e-01	0.564429	1
AGBL3	4	6.6635e-01	4.1131e-01	0.564429	2
RP2	4	6.6635e-01	4.1131e-01	0.564429	2
MORC4	4	6.6638e-01	4.1131e-01	0.564429	1
DCAF10	4	6.6645e-01	4.1131e-01	0.564429	2
CLYBL	4	6.6646e-01	4.1131e-01	0.564429	2
ERICH6	4	6.6649e-01	4.1131e-01	0.564429	1
PGM5	4	6.6658e-01	4.1131e-01	0.564429	2
NETO2	4	6.6659e-01	4.1131e-01	0.564429	1
NEUROG3	4	6.6666e-01	4.1131e-01	0.564429	2
GYG2	4	6.6672e-01	4.1131e-01	0.564429	2
NPM2	4	6.6678e-01	4.1131e-01	0.564429	2
PNKD	4	6.6679e-01	4.1131e-01	0.564429	1
CAPRIN2	4	6.6680e-01	4.1131e-01	0.564429	2
PPP1R3C	4	6.6682e-01	4.1294e-01	0.565155	2
ZNF404	4	6.6692e-01	4.1294e-01	0.565155	2
HERC1	4	6.6693e-01	4.1294e-01	0.565155	1
TTLL12	4	6.6697e-01	4.1294e-01	0.565155	1
CHCHD2	4	6.6702e-01	4.1294e-01	0.565155	2
RD3	4	6.6706e-01	4.1294e-01	0.565155	2
TSPAN12	4	6.6721e-01	4.1294e-01	0.565155	2
KRT8	4	6.6730e-01	4.1294e-01	0.565155	2
NDUFA8	4	6.6736e-01	4.1294e-01	0.565155	2
MALT1	4	6.6738e-01	4.1294e-01	0.565155	2
JMJD4	4	6.6742e-01	4.1294e-01	0.565155	2
ACOXL	4	6.6746e-01	4.1294e-01	0.565155	2
ANKEF1	4	6.6752e-01	4.1294e-01	0.565155	2
TMEM155	4	6.6754e-01	4.1294e-01	0.565155	2
FOXE1	4	6.6756e-01	4.1294e-01	0.565155	2
CYP3A7-CYP3A51P	4	6.6765e-01	4.1294e-01	0.565155	1
COL28A1	4	6.6766e-01	4.1294e-01	0.565155	2
DMRTA1	4	6.6770e-01	4.1294e-01	0.565155	1
OXGR1	4	6.6774e-01	4.1463e-01	0.565155	2
EOMES	4	6.6776e-01	4.1463e-01	0.565155	2
SLC28A2	4	6.6781e-01	4.1463e-01	0.565155	1
MAP2K7	4	6.6808e-01	4.1463e-01	0.565155	2
FAM153A	4	6.6810e-01	4.1463e-01	0.565155	2
RALB	4	6.6816e-01	4.1463e-01	0.565155	2
LACE1	4	6.6828e-01	4.1463e-01	0.565155	1
ZNF24	4	6.6842e-01	4.1463e-01	0.565155	2
PPP2R2B	4	6.6849e-01	4.1463e-01	0.565155	1
PTH2	4	6.6851e-01	4.1463e-01	0.565155	2
C8orf46	4	6.6856e-01	4.1463e-01	0.565155	2
ZFHX3	4	6.6858e-01	4.1463e-01	0.565155	1
RMDN3	4	6.6863e-01	4.1463e-01	0.565155	2
RNF17	4	6.6863e-01	4.1463e-01	0.565155	2
CCNYL1	4	6.6865e-01	4.1463e-01	0.565155	1
PLA2G4C	4	6.6865e-01	4.1463e-01	0.565155	1
RASL10A	4	6.6882e-01	4.1463e-01	0.565155	2
GAGE2A	4	6.6883e-01	4.1463e-01	0.565155	1
ZNF630	4	6.6885e-01	4.1463e-01	0.565155	1
ERP27	4	6.6893e-01	4.1463e-01	0.565155	2
NUDT2	4	6.6896e-01	4.1463e-01	0.565155	1
SLC2A1	4	6.6898e-01	4.1463e-01	0.565155	1
PLTP	4	6.6903e-01	4.1463e-01	0.565155	1
PTGDR2	4	6.6905e-01	4.1463e-01	0.565155	2
AKNA	4	6.6911e-01	4.1463e-01	0.565155	2
TMEM216	4	6.6915e-01	4.1463e-01	0.565155	2
ASAP3	4	6.6919e-01	4.1463e-01	0.565155	2
EPB42	4	6.6923e-01	4.1463e-01	0.565155	2
CCNJL	4	6.6926e-01	4.1463e-01	0.565155	1
ILVBL	4	6.6930e-01	4.1463e-01	0.565155	1
ABCB5	4	6.6935e-01	4.1463e-01	0.565155	1
AGMAT	4	6.6939e-01	4.1463e-01	0.565155	1
RETSAT	4	6.6945e-01	4.1463e-01	0.565155	2
LINS	4	6.6946e-01	4.1463e-01	0.565155	1
GTSF1L	4	6.6947e-01	4.1463e-01	0.565155	2
OR5AS1	4	6.6956e-01	4.1463e-01	0.565155	1
BOLA2B	4	6.6957e-01	4.1463e-01	0.565155	2
TAS2R9	4	6.6971e-01	4.1463e-01	0.565155	2
KIAA1109	4	6.6977e-01	4.1463e-01	0.565155	2
ARID3A	4	6.6979e-01	4.1463e-01	0.565155	1
SLC5A2	4	6.6984e-01	4.1463e-01	0.565155	2
FAM205A	4	6.6990e-01	4.1463e-01	0.565155	2
LTA	4	6.6996e-01	4.1463e-01	0.565155	2
MARCHF11	4	6.7000e-01	4.1463e-01	0.565155	2
DRAM1	4	6.7002e-01	4.1463e-01	0.565155	1
SLC35D3	4	6.7007e-01	4.1463e-01	0.565155	1
OR5AN1	4	6.7010e-01	4.1463e-01	0.565155	2
TMEM125	4	6.7012e-01	4.1463e-01	0.565155	2
IL2	4	6.7014e-01	4.1463e-01	0.565155	2
TTC31	4	6.7020e-01	4.1463e-01	0.565155	2
KCNK1	4	6.7022e-01	4.1463e-01	0.565155	2
DNAJC5B	4	6.7030e-01	4.1463e-01	0.565155	2
PSME2	4	6.7036e-01	4.1463e-01	0.565155	1
TMEM101	4	6.7040e-01	4.1463e-01	0.565155	1
KRTAP16-1	4	6.7045e-01	4.1463e-01	0.565155	2
CRYL1	4	6.7052e-01	4.1463e-01	0.565155	1
HEMK1	4	6.7061e-01	4.1463e-01	0.565155	1
CTAGE1	4	6.7069e-01	4.1463e-01	0.565155	2
SHPRH	4	6.7074e-01	4.1463e-01	0.565155	2
RAB27A	4	6.7088e-01	4.1630e-01	0.565155	2
TMEM68	4	6.7098e-01	4.1630e-01	0.565155	1
ARSD	4	6.7101e-01	4.1630e-01	0.565155	1
ZNF273	4	6.7111e-01	4.1630e-01	0.565155	2
AP5Z1	4	6.7119e-01	4.1630e-01	0.565155	1
SCAMP4	4	6.7119e-01	4.1630e-01	0.565155	2
SLITRK1	4	6.7126e-01	4.1630e-01	0.565155	1
ZNF789	4	6.7130e-01	4.1630e-01	0.565155	2
KEL	4	6.7133e-01	4.1630e-01	0.565155	2
ADPRM	4	6.7135e-01	4.1630e-01	0.565155	2
EDEM1	4	6.7137e-01	4.1630e-01	0.565155	2
COL1A2	4	6.7142e-01	4.1630e-01	0.565155	1
MMP25	4	6.7148e-01	4.1630e-01	0.565155	1
REEP3	4	6.7151e-01	4.1630e-01	0.565155	1
DMRTB1	4	6.7161e-01	4.1630e-01	0.565155	2
IL2RB	4	6.7165e-01	4.1630e-01	0.565155	2
FIBIN	4	6.7171e-01	4.1630e-01	0.565155	2
POMGNT1	4	6.7173e-01	4.1630e-01	0.565155	2
FEM1A	4	6.7176e-01	4.1630e-01	0.565155	2
DEFB114	4	6.7177e-01	4.1630e-01	0.565155	1
HOXB6	4	6.7180e-01	4.1630e-01	0.565155	1
AKT1S1	4	6.7183e-01	4.1630e-01	0.565155	2
FAM71D	4	6.7184e-01	4.1630e-01	0.565155	1
PSD	4	6.7189e-01	4.1630e-01	0.565155	1
CXCL9	4	6.7190e-01	4.1630e-01	0.565155	2
VRK2	4	6.7194e-01	4.1630e-01	0.565155	2
TCF7L2	4	6.7200e-01	4.1630e-01	0.565155	1
RNF34	4	6.7201e-01	4.1630e-01	0.565155	2
POM121	4	6.7203e-01	4.1630e-01	0.565155	1
AWAT1	4	6.7206e-01	4.1630e-01	0.565155	2
CCSAP	4	6.7207e-01	4.1630e-01	0.565155	1
GTDC1	4	6.7220e-01	4.1630e-01	0.565155	2
GAL3ST4	4	6.7224e-01	4.1630e-01	0.565155	2
RAB3GAP1	4	6.7226e-01	4.1630e-01	0.565155	2
FEZF2	4	6.7237e-01	4.1630e-01	0.565155	1
BCL2A1	4	6.7245e-01	4.1630e-01	0.565155	1
DNMT3A	4	6.7252e-01	4.1630e-01	0.565155	2
GRAMD1C	4	6.7254e-01	4.1630e-01	0.565155	2
KRT6C	4	6.7258e-01	4.1630e-01	0.565155	2
FAM220A	4	6.7272e-01	4.1630e-01	0.565155	1
TNFRSF13B	4	6.7274e-01	4.1630e-01	0.565155	2
HSD17B1	4	6.7276e-01	4.1630e-01	0.565155	1
GPAA1	4	6.7278e-01	4.1630e-01	0.565155	1
BSPH1	4	6.7284e-01	4.1630e-01	0.565155	2
SLC1A4	4	6.7295e-01	4.1630e-01	0.565155	2
RPA4	4	6.7296e-01	4.1630e-01	0.565155	1
SERPINB7	4	6.7303e-01	4.1630e-01	0.565155	2
FAM216A	4	6.7305e-01	4.1630e-01	0.565155	2
MAPK8IP1	4	6.7315e-01	4.1630e-01	0.565155	2
HYDIN	4	6.7323e-01	4.1790e-01	0.565155	1
VN1R2	4	6.7325e-01	4.1790e-01	0.565155	2
PQLC1	4	6.7325e-01	4.1790e-01	0.565155	1
TAPBPL	4	6.7331e-01	4.1790e-01	0.565155	2
ACBD6	4	6.7339e-01	4.1790e-01	0.565155	1
FBN3	4	6.7340e-01	4.1790e-01	0.565155	2
FILIP1	4	6.7357e-01	4.1790e-01	0.565155	2
GAGE12C	4	6.7365e-01	4.1790e-01	0.565155	1
LRRC61	4	6.7366e-01	4.1790e-01	0.565155	2
OR10G3	4	6.7370e-01	4.1790e-01	0.565155	1
GPR37	4	6.7382e-01	4.1790e-01	0.565155	2
PAPSS1	4	6.7382e-01	4.1790e-01	0.565155	2
PTGES3L	4	6.7382e-01	4.1790e-01	0.565155	2
MGMT	4	6.7386e-01	4.1790e-01	0.565155	1
TSPAN15	4	6.7388e-01	4.1790e-01	0.565155	1
UNC80	4	6.7393e-01	4.1790e-01	0.565155	1
PRPS1	4	6.7398e-01	4.1790e-01	0.565155	2
MYH1	4	6.7401e-01	4.1790e-01	0.565155	2
PEMT	4	6.7401e-01	4.1790e-01	0.565155	1
TMEM168	4	6.7404e-01	4.1790e-01	0.565155	2
CPA1	4	6.7412e-01	4.1790e-01	0.565155	2
PCYOX1	4	6.7416e-01	4.1790e-01	0.565155	2
CLRN2	4	6.7419e-01	4.1790e-01	0.565155	2
ENPP1	4	6.7429e-01	4.1790e-01	0.565155	2
NR6A1	4	6.7435e-01	4.1790e-01	0.565155	1
LHB	4	6.7439e-01	4.1790e-01	0.565155	2
DSC1	4	6.7441e-01	4.1790e-01	0.565155	1
CHMP4C	4	6.7441e-01	4.1790e-01	0.565155	2
ANGPTL4	4	6.7443e-01	4.1790e-01	0.565155	2
TTC22	4	6.7447e-01	4.1790e-01	0.565155	2
SMIM17	4	6.7449e-01	4.1790e-01	0.565155	2
FASTK	4	6.7461e-01	4.1790e-01	0.565155	1
HOXD1	4	6.7463e-01	4.1790e-01	0.565155	2
COL16A1	4	6.7464e-01	4.1790e-01	0.565155	1
STK25	4	6.7465e-01	4.1790e-01	0.565155	2
THRB	4	6.7468e-01	4.1790e-01	0.565155	1
C5orf64	4	6.7471e-01	4.1790e-01	0.565155	2
ABCA5	4	6.7475e-01	4.1790e-01	0.565155	2
WIPF3	4	6.7485e-01	4.1790e-01	0.565155	2
TLE1	4	6.7486e-01	4.1790e-01	0.565155	1
IGSF6	4	6.7487e-01	4.1790e-01	0.565155	2
TRPC5OS	4	6.7493e-01	4.1790e-01	0.565155	2
GFRA1	4	6.7502e-01	4.1790e-01	0.565155	2
DAZ4	4	6.7505e-01	4.1790e-01	0.565155	1
POC1B	3	6.7506e-01	3.9989e-01	0.558660	1
CCL15	4	6.7515e-01	4.1790e-01	0.565155	1
CASP10	4	6.7528e-01	4.1790e-01	0.565155	1
FBXO33	4	6.7536e-01	4.1790e-01	0.565155	1
ARF5	4	6.7550e-01	4.1790e-01	0.565155	2
SLC2A11	4	6.7562e-01	4.1790e-01	0.565155	1
MINPP1	4	6.7564e-01	4.1790e-01	0.565155	1
MAGEB2	4	6.7570e-01	4.1790e-01	0.565155	2
NPAS1	4	6.7577e-01	4.1790e-01	0.565155	1
ZNF513	4	6.7584e-01	4.1790e-01	0.565155	1
AMFR	4	6.7586e-01	4.1790e-01	0.565155	1
SLCO1A2	4	6.7591e-01	4.1790e-01	0.565155	2
NDUFC1	4	6.7594e-01	4.1790e-01	0.565155	2
TTYH3	4	6.7605e-01	4.1790e-01	0.565155	2
TTC23L	4	6.7611e-01	4.1790e-01	0.565155	2
TMEM236	4	6.7613e-01	4.1790e-01	0.565155	2
SCNN1G	4	6.7619e-01	4.1790e-01	0.565155	1
DLX1	4	6.7621e-01	4.1790e-01	0.565155	2
INPPL1	4	6.7639e-01	4.1790e-01	0.565155	2
ADCY9	4	6.7646e-01	4.1790e-01	0.565155	1
HDDC2	4	6.7654e-01	4.1790e-01	0.565155	2
PCSK1	4	6.7655e-01	4.1790e-01	0.565155	1
IL27	4	6.7664e-01	4.1790e-01	0.565155	1
DBX2	4	6.7668e-01	4.1790e-01	0.565155	2
TMC3	4	6.7668e-01	4.1790e-01	0.565155	1
SLC25A41	4	6.7670e-01	4.1790e-01	0.565155	2
SREBF2	4	6.7695e-01	4.1790e-01	0.565155	1
THAP9	4	6.7697e-01	4.1790e-01	0.565155	2
MRI1	4	6.7699e-01	4.1790e-01	0.565155	2
NDN	4	6.7708e-01	4.1790e-01	0.565155	1
KLHDC3	4	6.7708e-01	4.1790e-01	0.565155	2
EXTL2	4	6.7712e-01	4.1790e-01	0.565155	1
CNTNAP3	4	6.7721e-01	4.1790e-01	0.565155	2
WWP2	4	6.7728e-01	4.1790e-01	0.565155	1
NMUR1	4	6.7730e-01	4.1790e-01	0.565155	1
HSD17B2	4	6.7758e-01	4.1955e-01	0.566298	2
ATF5	4	6.7770e-01	4.1955e-01	0.566298	2
KDM5A	4	6.7807e-01	4.1955e-01	0.566298	2
ZNF596	4	6.7808e-01	4.1955e-01	0.566298	1
FKRP	4	6.7811e-01	4.1955e-01	0.566298	2
PDE2A	4	6.7819e-01	4.1955e-01	0.566298	1
FAHD2B	4	6.7820e-01	4.1955e-01	0.566298	2
SPACA5B	4	6.7820e-01	4.1955e-01	0.566298	2
VAPB	4	6.7825e-01	4.1955e-01	0.566298	2
NGB	4	6.7825e-01	4.1955e-01	0.566298	1
LALBA	4	6.7830e-01	4.1955e-01	0.566298	1
PPIL6	4	6.7841e-01	4.1955e-01	0.566298	1
DRC1	4	6.7856e-01	4.1955e-01	0.566298	2
ACVRL1	4	6.7856e-01	4.1955e-01	0.566298	1
RTN4IP1	4	6.7858e-01	4.1955e-01	0.566298	2
SH2B3	4	6.7872e-01	4.1955e-01	0.566298	1
MCHR2	4	6.7878e-01	4.1955e-01	0.566298	2
TTC17	4	6.7885e-01	4.1955e-01	0.566298	1
PDHA1	4	6.7892e-01	4.1955e-01	0.566298	2
GATAD1	4	6.7898e-01	4.1955e-01	0.566298	2
RNF166	4	6.7900e-01	4.1955e-01	0.566298	2
SPRED2	4	6.7906e-01	4.1955e-01	0.566298	1
PPP2CB	4	6.7914e-01	4.2118e-01	0.566298	1
ACTRT3	4	6.7915e-01	4.2118e-01	0.566298	2
CCRN4L	4	6.7922e-01	4.2118e-01	0.566298	1
EID2B	4	6.7931e-01	4.2118e-01	0.566298	2
FAM213B	4	6.7933e-01	4.2118e-01	0.566298	2
CORO1B	4	6.7935e-01	4.2118e-01	0.566298	2
OR5T3	4	6.7936e-01	4.2118e-01	0.566298	1
PTGFRN	4	6.7946e-01	4.2118e-01	0.566298	2
CPT1B	4	6.7951e-01	4.2118e-01	0.566298	2
SOS1	4	6.7953e-01	4.2118e-01	0.566298	1
C20orf24	4	6.7958e-01	4.2118e-01	0.566298	2
SLCO1B3	4	6.7960e-01	4.2118e-01	0.566298	2
IFNA1	4	6.7964e-01	4.2118e-01	0.566298	2
GABRB1	4	6.7982e-01	4.2118e-01	0.566298	1
LNX2	4	6.7985e-01	4.2118e-01	0.566298	2
ARPC4-TTLL3	4	6.7992e-01	4.2118e-01	0.566298	2
ID2	4	6.7992e-01	4.2118e-01	0.566298	2
ANPEP	4	6.7996e-01	4.2118e-01	0.566298	2
SLC9A7	4	6.7997e-01	4.2118e-01	0.566298	1
IMPG2	4	6.8000e-01	4.2118e-01	0.566298	2
GRIN3B	4	6.8005e-01	4.2118e-01	0.566298	2
CBR1	4	6.8015e-01	4.2118e-01	0.566298	2
SIX5	4	6.8025e-01	4.2289e-01	0.566298	2
KLLN	4	6.8034e-01	4.2289e-01	0.566298	2
FBXL15	4	6.8037e-01	4.2289e-01	0.566298	2
TBX18	4	6.8037e-01	4.2289e-01	0.566298	1
PPP6R3	4	6.8039e-01	4.2289e-01	0.566298	2
TSGA10IP	4	6.8039e-01	4.2289e-01	0.566298	1
TMC4	4	6.8043e-01	4.2289e-01	0.566298	2
LRRK1	4	6.8049e-01	4.2289e-01	0.566298	1
ZCCHC18	4	6.8049e-01	4.2289e-01	0.566298	1
TSPAN19	4	6.8054e-01	4.2289e-01	0.566298	2
SESN1	4	6.8054e-01	4.2289e-01	0.566298	1
ITGAL	4	6.8058e-01	4.2289e-01	0.566298	2
C14orf159	4	6.8060e-01	4.2289e-01	0.566298	2
ANKRD18B	4	6.8062e-01	4.2289e-01	0.566298	2
PLD4	4	6.8066e-01	4.2289e-01	0.566298	2
PATE1	4	6.8072e-01	4.2289e-01	0.566298	2
FAM132B	4	6.8080e-01	4.2289e-01	0.566298	2
CCL19	4	6.8084e-01	4.2289e-01	0.566298	2
MTR	4	6.8085e-01	4.2289e-01	0.566298	1
MTFMT	4	6.8088e-01	4.2289e-01	0.566298	2
BZRAP1	4	6.8091e-01	4.2289e-01	0.566298	2
CCDC182	4	6.8098e-01	4.2289e-01	0.566298	1
BARX2	4	6.8105e-01	4.2289e-01	0.566298	1
HAS3	4	6.8107e-01	4.2289e-01	0.566298	1
DRAXIN	4	6.8125e-01	4.2289e-01	0.566298	1
ZFYVE26	4	6.8125e-01	4.2289e-01	0.566298	2
RPGRIP1	4	6.8134e-01	4.2289e-01	0.566298	2
GAL3ST3	4	6.8139e-01	4.2289e-01	0.566298	2
TRIP6	4	6.8140e-01	4.2289e-01	0.566298	2
TIGIT	4	6.8148e-01	4.2289e-01	0.566298	1
TBC1D3	4	6.8151e-01	4.2289e-01	0.566298	1
SMOC1	4	6.8153e-01	4.2289e-01	0.566298	1
PSMB10	4	6.8159e-01	4.2289e-01	0.566298	2
YWHAH	4	6.8159e-01	4.2289e-01	0.566298	2
TM6SF1	4	6.8159e-01	4.2289e-01	0.566298	2
CEMP1	4	6.8159e-01	4.2289e-01	0.566298	2
EVL	4	6.8161e-01	4.2289e-01	0.566298	1
FAHD2A	4	6.8167e-01	4.2289e-01	0.566298	1
KRBA1	4	6.8171e-01	4.2289e-01	0.566298	1
ZDHHC9	4	6.8172e-01	4.2289e-01	0.566298	2
VRK3	4	6.8187e-01	4.2289e-01	0.566298	2
WNT10A	4	6.8193e-01	4.2289e-01	0.566298	2
TRIM8	4	6.8195e-01	4.2289e-01	0.566298	2
IL18R1	4	6.8201e-01	4.2289e-01	0.566298	2
GABRG3	4	6.8203e-01	4.2289e-01	0.566298	2
KRT33A	4	6.8207e-01	4.2289e-01	0.566298	2
GPR149	4	6.8215e-01	4.2289e-01	0.566298	2
FFAR2	4	6.8225e-01	4.2289e-01	0.566298	2
OR2A5	4	6.8232e-01	4.2289e-01	0.566298	2
EMC10	4	6.8252e-01	4.2289e-01	0.566298	2
SERTAD3	4	6.8258e-01	4.2289e-01	0.566298	1
FAM83H	4	6.8267e-01	4.2289e-01	0.566298	2
BLOC1S3	4	6.8275e-01	4.2289e-01	0.566298	2
PRR4	4	6.8287e-01	4.2289e-01	0.566298	2
ISLR	4	6.8291e-01	4.2289e-01	0.566298	2
PPARGC1A	4	6.8293e-01	4.2289e-01	0.566298	2
IQCF5	4	6.8296e-01	4.2289e-01	0.566298	1
COL13A1	4	6.8303e-01	4.2289e-01	0.566298	2
BCAS1	4	6.8310e-01	4.2289e-01	0.566298	2
PDE4C	4	6.8317e-01	4.2289e-01	0.566298	1
EDA2R	4	6.8321e-01	4.2289e-01	0.566298	1
PDLIM3	4	6.8338e-01	4.2289e-01	0.566298	2
GPR27	4	6.8342e-01	4.2289e-01	0.566298	2
KCNJ16	4	6.8346e-01	4.2289e-01	0.566298	1
BCLAF1	4	6.8346e-01	4.2289e-01	0.566298	2
VEGFC	4	6.8348e-01	4.2289e-01	0.566298	1
LARGE	4	6.8354e-01	4.2289e-01	0.566298	1
PAH	4	6.8357e-01	4.2289e-01	0.566298	1
CCDC24	4	6.8357e-01	4.2289e-01	0.566298	2
BEX4	4	6.8370e-01	4.2289e-01	0.566298	1
YPEL3	4	6.8370e-01	4.2289e-01	0.566298	2
PFKL	4	6.8372e-01	4.2289e-01	0.566298	2
ERN1	3	6.8384e-01	4.1647e-01	0.565155	1
BMP8A	4	6.8386e-01	4.2289e-01	0.566298	2
UBFD1	4	6.8412e-01	4.2289e-01	0.566298	2
UBQLN2	4	6.8422e-01	4.2289e-01	0.566298	2
RCAN2	4	6.8422e-01	4.2289e-01	0.566298	1
CTSE	4	6.8426e-01	4.2289e-01	0.566298	2
SCGB1A1	4	6.8433e-01	4.2289e-01	0.566298	1
CFAP61	4	6.8447e-01	4.2289e-01	0.566298	2
APPBP2	4	6.8451e-01	4.2289e-01	0.566298	2
DIRAS1	4	6.8453e-01	4.2289e-01	0.566298	2
MYRF	4	6.8478e-01	4.2289e-01	0.566298	2
HIRIP3	4	6.8478e-01	4.2289e-01	0.566298	2
TIGAR	4	6.8478e-01	4.2289e-01	0.566298	2
NATD1	4	6.8490e-01	4.2289e-01	0.566298	2
CABP5	4	6.8496e-01	4.2289e-01	0.566298	1
TMEM246	4	6.8497e-01	4.2289e-01	0.566298	2
SFMBT1	4	6.8497e-01	4.2289e-01	0.566298	2
TFF2	4	6.8498e-01	4.2289e-01	0.566298	1
EHD3	4	6.8529e-01	4.2289e-01	0.566298	1
ARHGEF17	4	6.8531e-01	4.2289e-01	0.566298	2
MARCHF6	4	6.8531e-01	4.2289e-01	0.566298	2
USP6	4	6.8531e-01	4.2289e-01	0.566298	2
TBC1D29	4	6.8531e-01	4.2289e-01	0.566298	2
DDX31	4	6.8531e-01	4.2289e-01	0.566298	2
PRDM4	4	6.8549e-01	4.2289e-01	0.566298	1
RBPMS2	4	6.8556e-01	4.2398e-01	0.567434	2
TMEM183B	4	6.8561e-01	4.2398e-01	0.567434	1
ZNF397	4	6.8573e-01	4.2398e-01	0.567434	2
GPR37L1	4	6.8573e-01	4.2398e-01	0.567434	2
TUBAL3	4	6.8573e-01	4.2398e-01	0.567434	2
AGRP	4	6.8591e-01	4.2398e-01	0.567434	1
TRMU	4	6.8594e-01	4.2398e-01	0.567434	1
UQCR11	4	6.8598e-01	4.2398e-01	0.567434	1
USP24	4	6.8603e-01	4.2564e-01	0.569300	2
ZNF771	4	6.8603e-01	4.2564e-01	0.569300	2
GLB1L2	4	6.8620e-01	4.2564e-01	0.569300	2
HTR1F	4	6.8620e-01	4.2564e-01	0.569300	2
NKX2-4	4	6.8620e-01	4.2564e-01	0.569300	2
TRIM31	4	6.8632e-01	4.2564e-01	0.569300	2
AVPR2	4	6.8642e-01	4.2564e-01	0.569300	1
GPRIN1	4	6.8645e-01	4.2564e-01	0.569300	2
SERPINB1	4	6.8652e-01	4.2564e-01	0.569300	1
ARHGEF16	4	6.8672e-01	4.2617e-01	0.569802	2
CTSC	4	6.8672e-01	4.2617e-01	0.569802	2
FGD5	4	6.8672e-01	4.2617e-01	0.569802	2
ATOX1	4	6.8672e-01	4.2617e-01	0.569802	2
STS	4	6.8672e-01	4.2617e-01	0.569802	2
DDX50	4	6.8684e-01	4.2669e-01	0.570027	1
RBM6	4	6.8687e-01	4.2669e-01	0.570027	1
SLC41A1	4	6.8711e-01	4.2669e-01	0.570027	1
COQ10A	4	6.8719e-01	4.2669e-01	0.570027	2
CD226	4	6.8719e-01	4.2669e-01	0.570027	2
WDR4	4	6.8719e-01	4.2669e-01	0.570027	2
IL2RA	4	6.8726e-01	4.2669e-01	0.570027	1
NLRP12	4	6.8740e-01	4.2669e-01	0.570027	1
MYOZ2	4	6.8761e-01	4.2669e-01	0.570027	1
DCDC1	4	6.8777e-01	4.2669e-01	0.570027	1
ARSI	4	6.8777e-01	4.2669e-01	0.570027	1
DUSP3	4	6.8791e-01	4.2669e-01	0.570027	1
MSLN	4	6.8821e-01	4.2832e-01	0.571921	1
SPATS2	4	6.8830e-01	4.2832e-01	0.571921	1
ILKAP	4	6.8840e-01	4.2832e-01	0.571921	1
SLC22A23	4	6.8843e-01	4.2832e-01	0.571921	1
FCRLB	4	6.8850e-01	4.2832e-01	0.571921	1
CEP290	4	6.8879e-01	4.2832e-01	0.571921	1
FAM221A	4	6.8892e-01	4.2832e-01	0.571921	1
C19orf57	4	6.8918e-01	4.2995e-01	0.573583	1
EGFL8	4	6.8927e-01	4.2995e-01	0.573583	1
ACTG1	4	6.8929e-01	4.2995e-01	0.573583	1
TMEM255B	4	6.9009e-01	4.2995e-01	0.573583	1
CECR6	4	6.9021e-01	4.2995e-01	0.573583	1
HADHA	4	6.9040e-01	4.2995e-01	0.573583	1
C10orf71	4	6.9043e-01	4.2995e-01	0.573583	1
HSH2D	4	6.9061e-01	4.2995e-01	0.573583	1
CARF	4	6.9081e-01	4.2995e-01	0.573583	1
ERAP1	4	6.9111e-01	4.2995e-01	0.573583	1
LRRC14B	4	6.9113e-01	4.2995e-01	0.573583	1
LMNTD1	4	6.9116e-01	4.2995e-01	0.573583	1
SCRIB	4	6.9120e-01	4.2995e-01	0.573583	1
RBM46	4	6.9126e-01	4.3158e-01	0.574627	1
FGF1	4	6.9137e-01	4.3158e-01	0.574627	1
ALOX15B	4	6.9141e-01	4.3158e-01	0.574627	1
STRA13	4	6.9150e-01	4.3158e-01	0.574627	1
LYZL6	4	6.9152e-01	4.3158e-01	0.574627	1
FXYD6-FXYD2	4	6.9154e-01	4.3158e-01	0.574627	1
LIMD1	4	6.9156e-01	4.3158e-01	0.574627	1
AUH	4	6.9161e-01	4.3158e-01	0.574627	1
UBR5	4	6.9169e-01	4.3158e-01	0.574627	1
FRY	4	6.9184e-01	4.3158e-01	0.574627	1
ALPP	4	6.9188e-01	4.3158e-01	0.574627	1
CEP295	4	6.9199e-01	4.3158e-01	0.574627	1
FAM127A	4	6.9224e-01	4.3158e-01	0.574627	1
RXFP4	4	6.9232e-01	4.3158e-01	0.574627	1
KCNV1	4	6.9235e-01	4.3158e-01	0.574627	1
STK17B	4	6.9244e-01	4.3158e-01	0.574627	1
MAP4K1	4	6.9265e-01	4.3158e-01	0.574627	1
COL22A1	4	6.9289e-01	4.3158e-01	0.574627	1
LYL1	4	6.9292e-01	4.3158e-01	0.574627	1
TMEM14E	4	6.9304e-01	4.3158e-01	0.574627	1
ZSCAN31	4	6.9309e-01	4.3158e-01	0.574627	1
RRAS2	4	6.9317e-01	4.3158e-01	0.574627	1
MYCN	4	6.9330e-01	4.3158e-01	0.574627	1
TSNAX	4	6.9340e-01	4.3158e-01	0.574627	1
PGAM2	4	6.9344e-01	4.3158e-01	0.574627	1
SRSF4	4	6.9353e-01	4.3158e-01	0.574627	1
TRPM4	4	6.9355e-01	4.3158e-01	0.574627	1
SEC14L5	4	6.9359e-01	4.3158e-01	0.574627	1
CCDC110	4	6.9388e-01	4.3326e-01	0.575588	1
BTBD1	4	6.9411e-01	4.3326e-01	0.575588	1
INHBA	4	6.9417e-01	4.3326e-01	0.575588	1
USP4	4	6.9425e-01	4.3326e-01	0.575588	1
IL10RB	4	6.9480e-01	4.3326e-01	0.575588	1
VWC2	4	6.9495e-01	4.3326e-01	0.575588	1
DEFB121	4	6.9508e-01	4.3326e-01	0.575588	1
CXCL16	4	6.9510e-01	4.3326e-01	0.575588	1
ADPGK	4	6.9523e-01	4.3326e-01	0.575588	1
HDC	4	6.9539e-01	4.3326e-01	0.575588	1
PHKA1	4	6.9545e-01	4.3326e-01	0.575588	1
OPLAH	4	6.9550e-01	4.3326e-01	0.575588	1
PDE8B	4	6.9553e-01	4.3326e-01	0.575588	1
TMTC2	4	6.9570e-01	4.3326e-01	0.575588	1
MAGEC1	4	6.9595e-01	4.3326e-01	0.575588	1
CD274	4	6.9607e-01	4.3326e-01	0.575588	1
ICAM1	4	6.9618e-01	4.3326e-01	0.575588	1
TSSC4	4	6.9637e-01	4.3326e-01	0.575588	1
LIN37	4	6.9641e-01	4.3326e-01	0.575588	1
BAK1	4	6.9673e-01	4.3326e-01	0.575588	1
LGALS12	4	6.9677e-01	4.3326e-01	0.575588	1
FOXL1	4	6.9690e-01	4.3326e-01	0.575588	1
SPPL2C	4	6.9701e-01	4.3326e-01	0.575588	1
MTRF1	4	6.9709e-01	4.3326e-01	0.575588	1
SLC35E1	4	6.9734e-01	4.3326e-01	0.575588	1
RIMBP2	4	6.9741e-01	4.3326e-01	0.575588	1
SLPI	4	6.9750e-01	4.3326e-01	0.575588	1
CCL23	4	6.9760e-01	4.3326e-01	0.575588	1
APOL4	4	6.9772e-01	4.3326e-01	0.575588	1
AKAP10	4	6.9787e-01	4.3326e-01	0.575588	1
OR4D2	4	6.9794e-01	4.3326e-01	0.575588	1
RGAG1	4	6.9834e-01	4.3326e-01	0.575588	1
IGDCC3	4	6.9844e-01	4.3490e-01	0.577601	1
SPEN	4	6.9855e-01	4.3490e-01	0.577601	1
DUSP7	4	6.9903e-01	4.3490e-01	0.577601	1
FGFBP1	4	6.9913e-01	4.3490e-01	0.577601	1
ERV3-1	4	6.9937e-01	4.3656e-01	0.577643	1
TRIM40	4	6.9952e-01	4.3656e-01	0.577643	1
MYB	4	6.9960e-01	4.3656e-01	0.577643	1
ANGPT4	4	6.9985e-01	4.3656e-01	0.577643	1
MB21D1	4	6.9987e-01	4.3656e-01	0.577643	1
LPGAT1	4	6.9992e-01	4.3656e-01	0.577643	1
DCAF8	4	7.0033e-01	4.3656e-01	0.577643	1
CLEC17A	4	7.0039e-01	4.3656e-01	0.577643	1
AZU1	4	7.0061e-01	4.3656e-01	0.577643	1
OR6B1	4	7.0082e-01	4.3656e-01	0.577643	1
UTRN	4	7.0087e-01	4.3656e-01	0.577643	1
PTGES3	4	7.0092e-01	4.3656e-01	0.577643	1
PLSCR4	4	7.0098e-01	4.3656e-01	0.577643	1
UBL3	4	7.0146e-01	4.3656e-01	0.577643	1
PTTG1IP	4	7.0153e-01	4.3656e-01	0.577643	1
LLGL2	4	7.0169e-01	4.3656e-01	0.577643	1
HOOK1	4	7.0186e-01	4.3656e-01	0.577643	1
DEPDC4	4	7.0188e-01	4.3656e-01	0.577643	1
FBXL3	4	7.0192e-01	4.3656e-01	0.577643	1
TTLL2	4	7.0211e-01	4.3656e-01	0.577643	1
SLC22A5	4	7.0217e-01	4.3656e-01	0.577643	1
DEFA1	4	7.0219e-01	4.3656e-01	0.577643	1
PPFIBP2	4	7.0242e-01	4.3656e-01	0.577643	1
ACHE	4	7.0289e-01	4.3656e-01	0.577643	1
GCNT7	4	7.0296e-01	4.3656e-01	0.577643	1
QPRT	4	7.0315e-01	4.3656e-01	0.577643	1
GORASP2	4	7.0323e-01	4.3656e-01	0.577643	1
LYZ	4	7.0369e-01	4.3656e-01	0.577643	1
DNAH10	4	7.0373e-01	4.3656e-01	0.577643	1
MOS	4	7.0383e-01	4.3656e-01	0.577643	1
SEPTIN15	4	7.0420e-01	4.3656e-01	0.577643	1
OR10A6	4	7.0437e-01	4.3656e-01	0.577643	1
TRPM1	4	7.0446e-01	4.3656e-01	0.577643	1
ESR2	4	7.0448e-01	4.3656e-01	0.577643	1
TAS1R2	4	7.0456e-01	4.3656e-01	0.577643	1
ZSCAN23	4	7.0463e-01	4.3656e-01	0.577643	1
PIK3CD	4	7.0471e-01	4.3656e-01	0.577643	1
COTL1	4	7.0473e-01	4.3656e-01	0.577643	1
PEX6	4	7.0486e-01	4.3656e-01	0.577643	1
ZNF426	4	7.0489e-01	4.3656e-01	0.577643	1
FBXO38	4	7.0528e-01	4.3656e-01	0.577643	1
DCAF12L2	4	7.0531e-01	4.3656e-01	0.577643	1
KLHDC1	4	7.0576e-01	4.3656e-01	0.577643	1
OR4M2	4	7.0588e-01	4.3656e-01	0.577643	1
GPRASP1	4	7.0591e-01	4.3656e-01	0.577643	1
AMN	4	7.0613e-01	4.3656e-01	0.577643	1
CCDC117	4	7.0629e-01	4.3656e-01	0.577643	1
KCTD12	4	7.0657e-01	4.3656e-01	0.577643	1
NPAP1	4	7.0673e-01	4.3656e-01	0.577643	1
MMP8	4	7.0689e-01	4.3656e-01	0.577643	1
PRSS27	4	7.0706e-01	4.3656e-01	0.577643	1
TDRD5	4	7.0722e-01	4.3656e-01	0.577643	1
PHC1	4	7.0725e-01	4.3656e-01	0.577643	1
PTPN3	4	7.0744e-01	4.3656e-01	0.577643	1
OR7D4	4	7.0774e-01	4.3820e-01	0.578573	1
APOC3	4	7.0778e-01	4.3820e-01	0.578573	1
BTG1	4	7.0782e-01	4.3820e-01	0.578573	1
ZNF780B	4	7.0792e-01	4.3820e-01	0.578573	1
TIMP1	4	7.0811e-01	4.3820e-01	0.578573	1
SLC9B1	4	7.0813e-01	4.3820e-01	0.578573	1
DRICH1	4	7.0829e-01	4.3820e-01	0.578573	1
PLIN3	4	7.0842e-01	4.3820e-01	0.578573	1
TECPR1	4	7.0948e-01	4.3820e-01	0.578573	1
RASA4	4	7.0954e-01	4.3820e-01	0.578573	1
ZNF334	4	7.0967e-01	4.3820e-01	0.578573	1
PAGE2	4	7.0975e-01	4.3820e-01	0.578573	1
CD101	4	7.0981e-01	4.3820e-01	0.578573	1
PPP1R36	3	7.1000e-01	4.5464e-01	0.594781	1
STARD10	4	7.1001e-01	4.3820e-01	0.578573	1
SLC18A3	4	7.1009e-01	4.3820e-01	0.578573	1
SLC3A1	4	7.1020e-01	4.3820e-01	0.578573	1
RGS9	4	7.1032e-01	4.3821e-01	0.578573	1
MLNR	4	7.1060e-01	4.3821e-01	0.578573	1
BVES	4	7.1081e-01	4.3821e-01	0.578573	1
BTN3A1	4	7.1099e-01	4.3821e-01	0.578573	1
PIM3	4	7.1108e-01	4.3821e-01	0.578573	1
C1QTNF9B	4	7.1120e-01	4.3821e-01	0.578573	1
PRAC2	4	7.1142e-01	4.3821e-01	0.578573	1
BPHL	4	7.1150e-01	4.3821e-01	0.578573	1
HBG2	4	7.1152e-01	4.3821e-01	0.578573	1
C12orf42	4	7.1167e-01	4.3821e-01	0.578573	1
KLK1	4	7.1169e-01	4.3821e-01	0.578573	1
LIAS	4	7.1201e-01	4.3821e-01	0.578573	1
KDM4D	4	7.1214e-01	4.3821e-01	0.578573	1
OR9G4	4	7.1230e-01	4.3821e-01	0.578573	1
MADD	4	7.1240e-01	4.3821e-01	0.578573	1
CYP26C1	3	7.1307e-01	4.5626e-01	0.596707	1
SPHKAP	4	7.1310e-01	4.3987e-01	0.579735	1
HMBOX1	4	7.1331e-01	4.3987e-01	0.579735	1
ZNF558	4	7.1337e-01	4.3987e-01	0.579735	1
ATXN1L	4	7.1347e-01	4.3987e-01	0.579735	1
P2RY11	4	7.1352e-01	4.3987e-01	0.579735	1
OR5AU1	4	7.1374e-01	4.3987e-01	0.579735	1
MYOG	4	7.1390e-01	4.3987e-01	0.579735	1
GJA3	4	7.1392e-01	4.3987e-01	0.579735	1
CCDC167	4	7.1417e-01	4.3987e-01	0.579735	1
AMACR	4	7.1422e-01	4.3987e-01	0.579735	1
DDX60	4	7.1426e-01	4.3987e-01	0.579735	1
RIPPLY3	4	7.1444e-01	4.3987e-01	0.579735	1
MYD88	4	7.1448e-01	4.3987e-01	0.579735	1
TAAR6	4	7.1475e-01	4.3987e-01	0.579735	1
DCDC2B	4	7.1485e-01	4.3987e-01	0.579735	1
LMF2	4	7.1501e-01	4.3987e-01	0.579735	1
MORN4	4	7.1503e-01	4.3987e-01	0.579735	1
ABRACL	4	7.1519e-01	4.3987e-01	0.579735	1
SLC12A5	4	7.1533e-01	4.3987e-01	0.579735	1
LOC100287036	4	7.1565e-01	4.3987e-01	0.579735	1
TACSTD2	4	7.1588e-01	4.3987e-01	0.579735	1
NCK2	4	7.1592e-01	4.3987e-01	0.579735	1
FEZ1	4	7.1594e-01	4.3987e-01	0.579735	1
VGLL1	4	7.1604e-01	4.3987e-01	0.579735	1
NFKBID	4	7.1658e-01	4.3987e-01	0.579735	1
CALR	4	7.1662e-01	4.3987e-01	0.579735	1
DGAT2	4	7.1690e-01	4.4146e-01	0.581705	1
GGT5	4	7.1716e-01	4.4146e-01	0.581705	1
CAND2	4	7.1727e-01	4.4146e-01	0.581705	1
MDGA2	4	7.1756e-01	4.4307e-01	0.583710	1
SLC15A5	4	7.1771e-01	4.4307e-01	0.583710	1
HHLA1	4	7.1793e-01	4.4307e-01	0.583710	1
ODF3L1	4	7.1807e-01	4.4474e-01	0.585505	1
ERGIC2	3	7.1820e-01	4.6298e-01	0.603080	1
DEFB113	4	7.1822e-01	4.4474e-01	0.585505	1
NUAK1	4	7.1828e-01	4.4474e-01	0.585505	1
SHC4	4	7.1830e-01	4.4474e-01	0.585505	1
ZNF300	4	7.1832e-01	4.4474e-01	0.585505	1
TMEM9	4	7.1834e-01	4.4474e-01	0.585505	1
PRR29	4	7.1844e-01	4.4474e-01	0.585505	1
CUX1	4	7.1850e-01	4.4474e-01	0.585505	1
SP1	4	7.1862e-01	4.4474e-01	0.585505	1
EBPL	4	7.1876e-01	4.4474e-01	0.585505	1
WDR63	4	7.1934e-01	4.4638e-01	0.587585	1
ROBO2	4	7.1960e-01	4.4638e-01	0.587585	1
C2orf82	4	7.1968e-01	4.4802e-01	0.588649	1
FAM65C	4	7.2006e-01	4.4802e-01	0.588649	1
TRIM65	4	7.2020e-01	4.4802e-01	0.588649	1
NIT1	4	7.2034e-01	4.4802e-01	0.588649	1
KRT75	4	7.2036e-01	4.4802e-01	0.588649	1
KRTAP2-3	4	7.2040e-01	4.4802e-01	0.588649	1
DEFA5	4	7.2044e-01	4.4802e-01	0.588649	1
PRKAR2A	4	7.2046e-01	4.4802e-01	0.588649	1
B4GALNT1	4	7.2050e-01	4.4802e-01	0.588649	1
C6orf25	4	7.2054e-01	4.4802e-01	0.588649	1
ACOT6	4	7.2085e-01	4.4802e-01	0.588649	1
KMT2C	4	7.2099e-01	4.4802e-01	0.588649	1
LILRB2	4	7.2101e-01	4.4802e-01	0.588649	1
SPRY3	4	7.2105e-01	4.4802e-01	0.588649	1
ADGRF5	4	7.2111e-01	4.4802e-01	0.588649	1
THEM5	4	7.2135e-01	4.4802e-01	0.588649	1
HSPA12B	4	7.2153e-01	4.4802e-01	0.588649	1
NMU	4	7.2169e-01	4.4802e-01	0.588649	1
IGF2BP1	4	7.2171e-01	4.4802e-01	0.588649	1
SULT2B1	4	7.2177e-01	4.4802e-01	0.588649	1
ZCCHC10	4	7.2185e-01	4.4802e-01	0.588649	1
KIF9	4	7.2201e-01	4.4802e-01	0.588649	1
TRIOBP	4	7.2214e-01	4.4802e-01	0.588649	1
LGALS9B	4	7.2229e-01	4.4802e-01	0.588649	1
WFDC13	4	7.2229e-01	4.4802e-01	0.588649	1
CACNG5	4	7.2235e-01	4.4802e-01	0.588649	1
RBPJ	4	7.2239e-01	4.4802e-01	0.588649	1
KRTAP29-1	4	7.2291e-01	4.4969e-01	0.590030	1
SGCZ	4	7.2295e-01	4.4969e-01	0.590030	1
HENMT1	4	7.2315e-01	4.4969e-01	0.590030	1
ETFA	4	7.2319e-01	4.4969e-01	0.590030	1
ZNF645	4	7.2342e-01	4.4969e-01	0.590030	1
PDE6D	4	7.2342e-01	4.4969e-01	0.590030	1
CPEB4	4	7.2347e-01	4.4969e-01	0.590030	1
C2	4	7.2357e-01	4.4969e-01	0.590030	1
S1PR2	4	7.2395e-01	4.4969e-01	0.590030	1
TRABD2B	4	7.2410e-01	4.4969e-01	0.590030	1
FRMD6	4	7.2414e-01	4.4969e-01	0.590030	1
GSTZ1	4	7.2420e-01	4.4969e-01	0.590030	1
TMEM223	4	7.2422e-01	4.4969e-01	0.590030	1
NOS1	4	7.2424e-01	4.4969e-01	0.590030	1
GRB10	4	7.2429e-01	4.4969e-01	0.590030	1
ZNF532	4	7.2441e-01	4.4969e-01	0.590030	1
CALML4	4	7.2445e-01	4.4969e-01	0.590030	1
GAS8	4	7.2447e-01	4.4969e-01	0.590030	1
RNASE1	4	7.2479e-01	4.4969e-01	0.590030	1
FAM207A	4	7.2481e-01	4.4969e-01	0.590030	1
PKN3	4	7.2491e-01	4.5136e-01	0.591485	1
OR2M4	4	7.2496e-01	4.5136e-01	0.591485	1
MLH3	4	7.2498e-01	4.5136e-01	0.591485	1
TRMT2B	4	7.2506e-01	4.5136e-01	0.591485	1
PARPBP	4	7.2508e-01	4.5136e-01	0.591485	1
DEPDC1	4	7.2512e-01	4.5136e-01	0.591485	1
AADACL3	4	7.2520e-01	4.5136e-01	0.591485	1
SPECC1	4	7.2527e-01	4.5136e-01	0.591485	1
ITGBL1	4	7.2534e-01	4.5136e-01	0.591485	1
CCDC181	4	7.2541e-01	4.5136e-01	0.591485	1
RRBP1	4	7.2571e-01	4.5136e-01	0.591485	1
SYT5	4	7.2594e-01	4.5136e-01	0.591485	1
FPR3	4	7.2604e-01	4.5136e-01	0.591485	1
KRT31	4	7.2606e-01	4.5136e-01	0.591485	1
ZNF850	4	7.2608e-01	4.5136e-01	0.591485	1
BLOC1S4	4	7.2613e-01	4.5136e-01	0.591485	1
HIST1H4F	4	7.2622e-01	4.5136e-01	0.591485	1
OR51A2	4	7.2624e-01	4.5136e-01	0.591485	1
PTPRQ	4	7.2682e-01	4.5300e-01	0.592738	1
RAI14	4	7.2684e-01	4.5300e-01	0.592738	1
C14orf142	4	7.2690e-01	4.5300e-01	0.592738	1
BAIAP2L1	4	7.2693e-01	4.5300e-01	0.592738	1
PCDHGB2	4	7.2693e-01	4.5300e-01	0.592738	1
ZAN	4	7.2703e-01	4.5300e-01	0.592738	1
ST8SIA3	4	7.2706e-01	4.5300e-01	0.592738	1
GRAP2	4	7.2712e-01	4.5300e-01	0.592738	1
GPR176	4	7.2714e-01	4.5300e-01	0.592738	1
LOC101928841	4	7.2731e-01	4.5300e-01	0.592738	1
RNF125	4	7.2733e-01	4.5300e-01	0.592738	1
CACNG2	4	7.2737e-01	4.5300e-01	0.592738	1
SSC5D	4	7.2745e-01	4.5300e-01	0.592738	1
APBB1IP	4	7.2749e-01	4.5300e-01	0.592738	1
PCSK6	4	7.2753e-01	4.5300e-01	0.592738	1
ANXA11	4	7.2771e-01	4.5300e-01	0.592738	1
SH3GL3	4	7.2776e-01	4.5300e-01	0.592738	1
RNF144B	4	7.2784e-01	4.5300e-01	0.592738	1
TMEM120B	4	7.2788e-01	4.5300e-01	0.592738	1
WSB2	4	7.2790e-01	4.5300e-01	0.592738	1
ADORA2B	4	7.2805e-01	4.5300e-01	0.592738	1
SLC32A1	4	7.2813e-01	4.5300e-01	0.592738	1
SLC16A6	4	7.2835e-01	4.5471e-01	0.594781	1
TRPC6	4	7.2838e-01	4.5471e-01	0.594781	1
NFATC2IP	4	7.2842e-01	4.5471e-01	0.594781	1
CDHR5	4	7.2846e-01	4.5471e-01	0.594781	1
ZNF816	4	7.2868e-01	4.5644e-01	0.596707	1
UBE2W	4	7.2883e-01	4.5644e-01	0.596707	1
FBXW12	4	7.2886e-01	4.5644e-01	0.596707	1
ZC2HC1C	4	7.2895e-01	4.5644e-01	0.596707	1
BHLHE22	4	7.2906e-01	4.5644e-01	0.596707	1
GOLGA8B	4	7.2910e-01	4.5644e-01	0.596707	1
SH3PXD2B	4	7.2922e-01	4.5644e-01	0.596707	1
SBSPON	4	7.2961e-01	4.5811e-01	0.598247	1
SCN1B	4	7.2992e-01	4.5811e-01	0.598247	1
IFI44	4	7.3027e-01	4.5811e-01	0.598247	1
SCAPER	4	7.3040e-01	4.5811e-01	0.598247	1
HOXC10	4	7.3046e-01	4.5811e-01	0.598247	1
DAZAP2	4	7.3061e-01	4.5811e-01	0.598247	1
SPRED1	4	7.3100e-01	4.5811e-01	0.598247	1
CAMKK1	4	7.3112e-01	4.5811e-01	0.598247	1
MGAM2	4	7.3136e-01	4.5811e-01	0.598247	1
PLAGL1	4	7.3140e-01	4.5811e-01	0.598247	1
TMEM72	4	7.3140e-01	4.5811e-01	0.598247	1
PCDHGA1	4	7.3152e-01	4.5811e-01	0.598247	1
HPX	4	7.3154e-01	4.5811e-01	0.598247	1
SARDH	4	7.3159e-01	4.5811e-01	0.598247	1
FGFR1OP	4	7.3170e-01	4.5811e-01	0.598247	1
ZNF205	4	7.3183e-01	4.5811e-01	0.598247	1
ZMYM1	4	7.3204e-01	4.5975e-01	0.599273	1
CD59	4	7.3208e-01	4.5975e-01	0.599273	1
SCN4A	4	7.3224e-01	4.5975e-01	0.599273	1
EPHA4	4	7.3228e-01	4.5975e-01	0.599273	1
UMAD1	4	7.3248e-01	4.5975e-01	0.599273	1
TRPC4AP	4	7.3276e-01	4.5975e-01	0.599273	1
ASL	4	7.3282e-01	4.5975e-01	0.599273	1
DMC1	4	7.3291e-01	4.5975e-01	0.599273	1
RAB25	4	7.3304e-01	4.5975e-01	0.599273	1
BSPRY	4	7.3306e-01	4.5975e-01	0.599273	1
IDO1	4	7.3308e-01	4.5975e-01	0.599273	1
TENM2	4	7.3314e-01	4.5975e-01	0.599273	1
CX3CR1	4	7.3324e-01	4.5975e-01	0.599273	1
SOX14	4	7.3334e-01	4.5975e-01	0.599273	1
OTOP1	4	7.3339e-01	4.5975e-01	0.599273	1
NAALADL2	4	7.3341e-01	4.5975e-01	0.599273	1
HECTD2	4	7.3350e-01	4.5975e-01	0.599273	1
RASGEF1B	4	7.3356e-01	4.5975e-01	0.599273	1
AVL9	3	7.3357e-01	4.8128e-01	0.622589	1
AHCY	4	7.3361e-01	4.5975e-01	0.599273	1
MIR1-1HG	4	7.3370e-01	4.5975e-01	0.599273	1
HS3ST3B1	4	7.3375e-01	4.5975e-01	0.599273	1
PTGER3	4	7.3383e-01	4.5975e-01	0.599273	1
TIMM21	4	7.3399e-01	4.5975e-01	0.599273	1
DEPDC1B	4	7.3403e-01	4.5975e-01	0.599273	1
MAATS1	4	7.3419e-01	4.5975e-01	0.599273	1
HIST1H4I	4	7.3423e-01	4.5975e-01	0.599273	1
DIO3	4	7.3425e-01	4.5975e-01	0.599273	1
RMDN2	4	7.3485e-01	4.6139e-01	0.601287	1
GIMAP7	4	7.3504e-01	4.6139e-01	0.601287	1
SPATA6	4	7.3506e-01	4.6139e-01	0.601287	1
CRTAM	4	7.3527e-01	4.6305e-01	0.603080	1
HOXA13	4	7.3530e-01	4.6305e-01	0.603080	1
ZSCAN20	4	7.3584e-01	4.6305e-01	0.603080	1
TAL2	4	7.3591e-01	4.6305e-01	0.603080	1
SCGB1C2	4	7.3595e-01	4.6305e-01	0.603080	1
C20orf197	4	7.3603e-01	4.6305e-01	0.603080	1
KLF11	4	7.3610e-01	4.6305e-01	0.603080	1
IL17RB	4	7.3632e-01	4.6305e-01	0.603080	1
PCDHGA8	4	7.3639e-01	4.6474e-01	0.604795	1
LRRC66	4	7.3641e-01	4.6474e-01	0.604795	1
PGPEP1	4	7.3652e-01	4.6474e-01	0.604795	1
ZNF785	4	7.3673e-01	4.6474e-01	0.604795	1
RASIP1	4	7.3694e-01	4.6474e-01	0.604795	1
NAGPA	4	7.3723e-01	4.6474e-01	0.604795	1
TMEM97	4	7.3725e-01	4.6474e-01	0.604795	1
KIAA0408	4	7.3728e-01	4.6474e-01	0.604795	1
RRAGD	4	7.3743e-01	4.6474e-01	0.604795	1
MORN5	4	7.3755e-01	4.6474e-01	0.604795	1
SMS	4	7.3774e-01	4.6474e-01	0.604795	1
AZGP1	4	7.3781e-01	4.6474e-01	0.604795	1
FAM208B	4	7.3859e-01	4.6978e-01	0.610434	1
HSPA1B	4	7.3865e-01	4.6978e-01	0.610434	1
UCKL1	4	7.3904e-01	4.6978e-01	0.610434	1
TNFRSF11A	4	7.3944e-01	4.6978e-01	0.610434	1
RTL1	4	7.3968e-01	4.6978e-01	0.610434	1
MMRN2	4	7.3968e-01	4.6978e-01	0.610434	1
TMEM192	4	7.3974e-01	4.6978e-01	0.610434	1
NUDT7	4	7.4019e-01	4.6978e-01	0.610434	1
TMEM219	4	7.4022e-01	4.6978e-01	0.610434	1
ENOPH1	4	7.4025e-01	4.6978e-01	0.610434	1
CCDC88A	4	7.4036e-01	4.6978e-01	0.610434	1
CASP9	4	7.4048e-01	4.6978e-01	0.610434	1
BAHCC1	4	7.4051e-01	4.6978e-01	0.610434	1
FGFBP2	4	7.4083e-01	4.6978e-01	0.610434	1
GPC5	4	7.4095e-01	4.6978e-01	0.610434	1
ZDHHC19	4	7.4106e-01	4.6978e-01	0.610434	1
CALCR	4	7.4115e-01	4.6978e-01	0.610434	1
IFT46	4	7.4136e-01	4.6978e-01	0.610434	1
CCDC170	4	7.4147e-01	4.6978e-01	0.610434	1
BLOC1S2	4	7.4170e-01	4.6978e-01	0.610434	1
FBXL6	4	7.4175e-01	4.6978e-01	0.610434	1
TMEM170A	4	7.4177e-01	4.6978e-01	0.610434	1
PEX13	4	7.4188e-01	4.7147e-01	0.611840	1
TRIM14	4	7.4196e-01	4.7147e-01	0.611840	1
PCGF3	4	7.4201e-01	4.7147e-01	0.611840	1
ERO1LB	4	7.4213e-01	4.7147e-01	0.611840	1
PRKACG	4	7.4226e-01	4.7147e-01	0.611840	1
PHF20	4	7.4230e-01	4.7147e-01	0.611840	1
EBAG9	4	7.4243e-01	4.7147e-01	0.611840	1
IKBIP	4	7.4244e-01	4.7147e-01	0.611840	1
EXOG	4	7.4250e-01	4.7147e-01	0.611840	1
GLOD5	4	7.4265e-01	4.7147e-01	0.611840	1
FADS2	4	7.4271e-01	4.7147e-01	0.611840	1
GALK1	4	7.4278e-01	4.7147e-01	0.611840	1
KIF2C	4	7.4287e-01	4.7147e-01	0.611840	1
TIMM17B	4	7.4293e-01	4.7147e-01	0.611840	1
CNTNAP5	4	7.4308e-01	4.7147e-01	0.611840	1
TBC1D31	4	7.4319e-01	4.7147e-01	0.611840	1
CSNK1E	4	7.4323e-01	4.7147e-01	0.611840	1
ZNF200	4	7.4327e-01	4.7147e-01	0.611840	1
IFIT1	4	7.4366e-01	4.7147e-01	0.611840	1
LAMC3	4	7.4394e-01	4.7314e-01	0.613802	1
FAM188B	4	7.4406e-01	4.7314e-01	0.613802	1
CTBP2	4	7.4406e-01	4.7314e-01	0.613802	1
AP3D1	4	7.4420e-01	4.7314e-01	0.613802	1
OR2S2	4	7.4429e-01	4.7314e-01	0.613802	1
OR6N2	4	7.4466e-01	4.7480e-01	0.615240	1
SPIN2A	4	7.4471e-01	4.7480e-01	0.615240	1
C10orf12	4	7.4505e-01	4.7480e-01	0.615240	1
ADAM21	4	7.4526e-01	4.7480e-01	0.615240	1
SLC1A5	4	7.4528e-01	4.7480e-01	0.615240	1
PRR15L	4	7.4552e-01	4.7480e-01	0.615240	1
TRAM2	4	7.4559e-01	4.7480e-01	0.615240	1
IFITM2	4	7.4572e-01	4.7480e-01	0.615240	1
KLF5	4	7.4591e-01	4.7480e-01	0.615240	1
CAB39	4	7.4638e-01	4.7480e-01	0.615240	1
C9orf72	4	7.4644e-01	4.7480e-01	0.615240	1
CSF2	4	7.4687e-01	4.7480e-01	0.615240	1
ENTHD1	4	7.4690e-01	4.7480e-01	0.615240	1
TTBK2	4	7.4704e-01	4.7480e-01	0.615240	1
HAGH	4	7.4704e-01	4.7480e-01	0.615240	1
GBP4	4	7.4709e-01	4.7480e-01	0.615240	1
TAS1R3	4	7.4718e-01	4.7480e-01	0.615240	1
SNRPB2	4	7.4729e-01	4.7640e-01	0.616945	1
ACOT4	4	7.4744e-01	4.7640e-01	0.616945	1
C16orf52	4	7.4759e-01	4.7640e-01	0.616945	1
HILPDA	4	7.4771e-01	4.7640e-01	0.616945	1
RWDD2A	4	7.4777e-01	4.7640e-01	0.616945	1
FYCO1	4	7.4794e-01	4.7640e-01	0.616945	1
CSNK1A1L	4	7.4801e-01	4.7640e-01	0.616945	1
NEURL4	4	7.4816e-01	4.7640e-01	0.616945	1
TTLL4	4	7.4821e-01	4.7640e-01	0.616945	1
TDRD7	4	7.4833e-01	4.7802e-01	0.618623	1
PDE8A	4	7.4833e-01	4.7802e-01	0.618623	1
ZDHHC16	4	7.4836e-01	4.7802e-01	0.618623	1
APLN	4	7.4843e-01	4.7802e-01	0.618623	1
RAVER2	4	7.4853e-01	4.7802e-01	0.618623	1
TPTE	4	7.4871e-01	4.7802e-01	0.618623	1
CDH4	4	7.4887e-01	4.7802e-01	0.618623	1
SLC16A7	4	7.4927e-01	4.7802e-01	0.618623	1
ANO3	4	7.4937e-01	4.7802e-01	0.618623	1
FBXL5	4	7.4946e-01	4.7802e-01	0.618623	1
SRGAP1	4	7.5003e-01	4.8126e-01	0.622589	1
IFNA16	4	7.5017e-01	4.8126e-01	0.622589	1
C21orf2	4	7.5019e-01	4.8126e-01	0.622589	1
PTPRE	4	7.5037e-01	4.8126e-01	0.622589	1
SMIM20	4	7.5058e-01	4.8126e-01	0.622589	1
SAA2-SAA4	4	7.5067e-01	4.8293e-01	0.624292	1
CAST	4	7.5074e-01	4.8293e-01	0.624292	1
SPTSSB	4	7.5076e-01	4.8293e-01	0.624292	1
ABLIM3	4	7.5087e-01	4.8293e-01	0.624292	1
RAB39A	4	7.5094e-01	4.8293e-01	0.624292	1
MOB2	4	7.5099e-01	4.8293e-01	0.624292	1
MAPK8IP3	4	7.5108e-01	4.8293e-01	0.624292	1
UGT3A2	4	7.5112e-01	4.8293e-01	0.624292	1
FOXL2NB	4	7.5114e-01	4.8293e-01	0.624292	1
ITLN2	4	7.5130e-01	4.8293e-01	0.624292	1
ELK1	4	7.5154e-01	4.8455e-01	0.626309	1
SYCE3	4	7.5158e-01	4.8455e-01	0.626309	1
SLC10A1	4	7.5169e-01	4.8623e-01	0.628441	1
SLC37A1	4	7.5187e-01	4.8787e-01	0.630029	1
MSH4	4	7.5205e-01	4.8787e-01	0.630029	1
PANX1	4	7.5209e-01	4.8787e-01	0.630029	1
PSMB11	4	7.5222e-01	4.8787e-01	0.630029	1
OR4C15	4	7.5230e-01	4.8787e-01	0.630029	1
EREG	4	7.5263e-01	4.8788e-01	0.630029	1
ZFPL1	4	7.5271e-01	4.8788e-01	0.630029	1
APOBEC3A	4	7.5276e-01	4.8788e-01	0.630029	1
GSTA5	4	7.5278e-01	4.8788e-01	0.630029	1
PIGP	4	7.5283e-01	4.8788e-01	0.630029	1
RBCK1	4	7.5294e-01	4.8788e-01	0.630029	1
ATP12A	4	7.5298e-01	4.8788e-01	0.630029	1
SMYD1	4	7.5308e-01	4.8953e-01	0.630029	1
RHOBTB2	4	7.5310e-01	4.8953e-01	0.630029	1
PRKG1	4	7.5329e-01	4.8953e-01	0.630029	1
SLC35E2	4	7.5334e-01	4.8953e-01	0.630029	1
MARVELD1	4	7.5352e-01	4.8953e-01	0.630029	1
HLA-DQA1	4	7.5354e-01	4.8953e-01	0.630029	1
OR52H1	4	7.5355e-01	4.8953e-01	0.630029	1
ZXDB	4	7.5402e-01	4.8953e-01	0.630029	1
TPO	4	7.5424e-01	4.8953e-01	0.630029	1
SLC25A27	4	7.5430e-01	4.8953e-01	0.630029	1
FBXW9	4	7.5442e-01	4.8953e-01	0.630029	1
CTCFL	4	7.5449e-01	4.8953e-01	0.630029	1
KRTAP13-1	4	7.5451e-01	4.8953e-01	0.630029	1
SMG7	4	7.5469e-01	4.8953e-01	0.630029	1
MEI4	4	7.5484e-01	4.8953e-01	0.630029	1
DAZ1	4	7.5485e-01	4.8953e-01	0.630029	1
LGALS3BP	4	7.5530e-01	4.8953e-01	0.630029	1
TUBG2	4	7.5538e-01	4.8953e-01	0.630029	1
RAB33A	4	7.5539e-01	4.8953e-01	0.630029	1
ITFG2	4	7.5543e-01	4.8953e-01	0.630029	1
KRTAP24-1	4	7.5552e-01	4.8953e-01	0.630029	1
SOX9	4	7.5556e-01	4.8953e-01	0.630029	1
CIB2	4	7.5568e-01	4.8953e-01	0.630029	1
ZNF610	4	7.5581e-01	4.8953e-01	0.630029	1
GCSAM	4	7.5583e-01	4.8953e-01	0.630029	1
ALMS1	4	7.5593e-01	4.8953e-01	0.630029	1
SPP1	4	7.5611e-01	4.8953e-01	0.630029	1
SLC7A13	4	7.5626e-01	4.8953e-01	0.630029	1
KIF4B	4	7.5627e-01	4.8953e-01	0.630029	1
PIGX	4	7.5629e-01	4.8953e-01	0.630029	1
RASSF2	4	7.5631e-01	4.8953e-01	0.630029	1
SEPTIN4	4	7.5644e-01	4.8953e-01	0.630029	1
KPNA7	4	7.5645e-01	4.8953e-01	0.630029	1
IFNL2	4	7.5674e-01	4.9119e-01	0.630029	1
RBP1	4	7.5683e-01	4.9119e-01	0.630029	1
USP15	4	7.5692e-01	4.9119e-01	0.630029	1
CYB5A	4	7.5697e-01	4.9119e-01	0.630029	1
SAMD3	4	7.5715e-01	4.9119e-01	0.630029	1
GAGE12I	4	7.5717e-01	4.9119e-01	0.630029	1
MSMO1	4	7.5725e-01	4.9119e-01	0.630029	1
ARHGEF10L	4	7.5755e-01	4.9119e-01	0.630029	1
ZC3H7B	4	7.5760e-01	4.9119e-01	0.630029	1
TRO	4	7.5762e-01	4.9119e-01	0.630029	1
GDF11	4	7.5767e-01	4.9119e-01	0.630029	1
LOC101929983	4	7.5777e-01	4.9119e-01	0.630029	1
CAMK4	4	7.5792e-01	4.9119e-01	0.630029	1
SEC24A	4	7.5794e-01	4.9119e-01	0.630029	1
PPAPDC2	4	7.5817e-01	4.9119e-01	0.630029	1
KCTD21	4	7.5819e-01	4.9119e-01	0.630029	1
HOXB13	4	7.5822e-01	4.9119e-01	0.630029	1
CDC14A	4	7.5826e-01	4.9119e-01	0.630029	1
ROM1	4	7.5831e-01	4.9119e-01	0.630029	1
COPS7B	4	7.5837e-01	4.9119e-01	0.630029	1
ZCCHC7	4	7.5846e-01	4.9119e-01	0.630029	1
C6orf229	4	7.5849e-01	4.9119e-01	0.630029	1
HGF	4	7.5852e-01	4.9119e-01	0.630029	1
SH2D1A	4	7.5855e-01	4.9119e-01	0.630029	1
AMT	4	7.5856e-01	4.9119e-01	0.630029	1
CAMP	4	7.5858e-01	4.9119e-01	0.630029	1
NCAM2	4	7.5862e-01	4.9119e-01	0.630029	1
PGA4	4	7.5880e-01	4.9119e-01	0.630029	1
RAB11FIP5	4	7.5901e-01	4.9119e-01	0.630029	1
TSPAN10	4	7.5906e-01	4.9119e-01	0.630029	1
PUM1	4	7.5917e-01	4.9119e-01	0.630029	1
SLC16A2	4	7.5922e-01	4.9119e-01	0.630029	1
SLITRK6	4	7.5935e-01	4.9119e-01	0.630029	1
CLEC3A	4	7.5951e-01	4.9119e-01	0.630029	1
SMIM11	4	7.5954e-01	4.9119e-01	0.630029	1
NPPA	4	7.5970e-01	4.9119e-01	0.630029	1
TNFAIP8	4	7.5991e-01	4.9119e-01	0.630029	1
USP25	4	7.5993e-01	4.9119e-01	0.630029	1
TAF1L	4	7.5995e-01	4.9119e-01	0.630029	1
CRH	4	7.6004e-01	4.9119e-01	0.630029	1
MEF2B	4	7.6015e-01	4.9119e-01	0.630029	1
MICU3	4	7.6027e-01	4.9119e-01	0.630029	1
LTBP4	4	7.6047e-01	4.9119e-01	0.630029	1
CELA1	4	7.6059e-01	4.9119e-01	0.630029	1
MAZ	4	7.6115e-01	4.9119e-01	0.630029	1
HS3ST3A1	4	7.6122e-01	4.9119e-01	0.630029	1
MCOLN1	4	7.6125e-01	4.9119e-01	0.630029	1
LAP3	4	7.6144e-01	4.9119e-01	0.630029	1
HDHD3	4	7.6154e-01	4.9119e-01	0.630029	1
MYOM3	4	7.6165e-01	4.9119e-01	0.630029	1
C17orf75	4	7.6200e-01	4.9119e-01	0.630029	1
MAP3K1	4	7.6207e-01	4.9119e-01	0.630029	1
HRH1	4	7.6212e-01	4.9119e-01	0.630029	1
PRPS1L1	4	7.6263e-01	4.9119e-01	0.630029	1
FBXL20	4	7.6281e-01	4.9119e-01	0.630029	1
CHRNA10	4	7.6290e-01	4.9119e-01	0.630029	1
MARK1	4	7.6295e-01	4.9119e-01	0.630029	1
EMC9	4	7.6309e-01	4.9119e-01	0.630029	1
TMEM175	4	7.6316e-01	4.9119e-01	0.630029	1
OR4K5	4	7.6357e-01	4.9119e-01	0.630029	1
EGFR	4	7.6358e-01	4.9119e-01	0.630029	1
ZNF599	4	7.6365e-01	4.9119e-01	0.630029	1
FAM110B	4	7.6369e-01	4.9119e-01	0.630029	1
RRAGC	4	7.6371e-01	4.9119e-01	0.630029	1
CLEC4A	4	7.6385e-01	4.9119e-01	0.630029	1
STOM	4	7.6394e-01	4.9119e-01	0.630029	1
SLC39A13	4	7.6411e-01	4.9119e-01	0.630029	1
PSME4	4	7.6413e-01	4.9119e-01	0.630029	1
C3orf52	4	7.6437e-01	4.9284e-01	0.631001	1
TEX12	4	7.6449e-01	4.9284e-01	0.631001	1
USP46	4	7.6456e-01	4.9284e-01	0.631001	1
CST4	4	7.6463e-01	4.9284e-01	0.631001	1
KLHL24	4	7.6465e-01	4.9284e-01	0.631001	1
FLT4	4	7.6469e-01	4.9284e-01	0.631001	1
STK32B	4	7.6481e-01	4.9284e-01	0.631001	1
PLOD1	4	7.6484e-01	4.9284e-01	0.631001	1
IL17D	4	7.6499e-01	4.9284e-01	0.631001	1
OLFML1	4	7.6503e-01	4.9284e-01	0.631001	1
TBC1D8B	4	7.6523e-01	4.9284e-01	0.631001	1
NR2F2	4	7.6525e-01	4.9284e-01	0.631001	1
INTS10	4	7.6556e-01	4.9284e-01	0.631001	1
MAP2K5	4	7.6559e-01	4.9284e-01	0.631001	1
IFIH1	4	7.6561e-01	4.9284e-01	0.631001	1
TPRX1	4	7.6568e-01	4.9284e-01	0.631001	1
MTFR1L	4	7.6570e-01	4.9284e-01	0.631001	1
PLA2G2D	4	7.6571e-01	4.9284e-01	0.631001	1
HIST1H4J	4	7.6594e-01	4.9284e-01	0.631001	1
FAM229A	4	7.6599e-01	4.9284e-01	0.631001	1
HEPACAM	4	7.6603e-01	4.9284e-01	0.631001	1
KRT35	4	7.6605e-01	4.9284e-01	0.631001	1
ACOT9	4	7.6606e-01	4.9284e-01	0.631001	1
CNP	4	7.6608e-01	4.9284e-01	0.631001	1
ANKHD1-EIF4EBP3	4	7.6617e-01	4.9284e-01	0.631001	1
STX3	4	7.6641e-01	4.9284e-01	0.631001	1
C17orf77	4	7.6651e-01	4.9451e-01	0.632807	1
C3orf80	4	7.6660e-01	4.9451e-01	0.632807	1
MYRIP	4	7.6684e-01	4.9451e-01	0.632807	1
VSTM2L	4	7.6688e-01	4.9451e-01	0.632807	1
TTN	4	7.6692e-01	4.9451e-01	0.632807	1
EHBP1	4	7.6698e-01	4.9451e-01	0.632807	1
ZNF410	4	7.6704e-01	4.9451e-01	0.632807	1
DNTT	4	7.6706e-01	4.9451e-01	0.632807	1
CHKA	4	7.6726e-01	4.9620e-01	0.634074	1
DCAF8L2	4	7.6728e-01	4.9620e-01	0.634074	1
CIDEA	4	7.6731e-01	4.9620e-01	0.634074	1
CD302	4	7.6743e-01	4.9620e-01	0.634074	1
ZCCHC4	4	7.6749e-01	4.9620e-01	0.634074	1
TMED1	4	7.6773e-01	4.9620e-01	0.634074	1
NTSR1	4	7.6776e-01	4.9620e-01	0.634074	1
USP43	4	7.6795e-01	4.9620e-01	0.634074	1
CTSV	4	7.6804e-01	4.9620e-01	0.634074	1
TCEA2	4	7.6826e-01	4.9620e-01	0.634074	1
STKLD1	4	7.6852e-01	4.9620e-01	0.634074	1
GPR119	4	7.6857e-01	4.9620e-01	0.634074	1
SPG20	4	7.6857e-01	4.9620e-01	0.634074	1
TGFB1	4	7.6857e-01	4.9620e-01	0.634074	1
OR4F4	4	7.6864e-01	4.9620e-01	0.634074	1
GLIPR2	4	7.6870e-01	4.9620e-01	0.634074	1
OR51E1	4	7.6883e-01	4.9620e-01	0.634074	1
PORCN	4	7.6937e-01	4.9620e-01	0.634074	1
NUDT10	4	7.6944e-01	4.9620e-01	0.634074	1
FBXL8	4	7.6949e-01	4.9620e-01	0.634074	1
ATHL1	4	7.6967e-01	4.9620e-01	0.634074	1
DEFB106B	2	7.6995e-01	4.9267e-01	0.631001	0
PEX2	4	7.6998e-01	4.9788e-01	0.635921	1
USP17L2	4	7.7006e-01	4.9788e-01	0.635921	1
PPM1N	4	7.7014e-01	4.9788e-01	0.635921	1
SERPINA6	4	7.7018e-01	4.9788e-01	0.635921	1
PSPC1	4	7.7045e-01	4.9788e-01	0.635921	1
ITPRIP	4	7.7055e-01	4.9788e-01	0.635921	1
CHIT1	4	7.7057e-01	4.9788e-01	0.635921	1
OR52K2	4	7.7062e-01	4.9949e-01	0.637857	1
LBH	4	7.7089e-01	4.9949e-01	0.637857	1
RAB41	4	7.7092e-01	4.9949e-01	0.637857	1
TPST1	4	7.7132e-01	5.0117e-01	0.639832	1
MMRN1	4	7.7136e-01	5.0117e-01	0.639832	1
C2orf70	4	7.7143e-01	5.0117e-01	0.639832	1
CD180	4	7.7150e-01	5.0117e-01	0.639832	1
TCP11L2	4	7.7174e-01	5.0285e-01	0.640520	1
TUBA3C	4	7.7206e-01	5.0285e-01	0.640520	1
GIPC3	4	7.7226e-01	5.0285e-01	0.640520	1
CACUL1	4	7.7247e-01	5.0285e-01	0.640520	1
SMO	4	7.7253e-01	5.0285e-01	0.640520	1
IRGQ	4	7.7257e-01	5.0285e-01	0.640520	1
CCDC157	4	7.7266e-01	5.0285e-01	0.640520	1
OR13C8	4	7.7291e-01	5.0285e-01	0.640520	1
KIF1A	4	7.7310e-01	5.0285e-01	0.640520	1
OR52W1	4	7.7315e-01	5.0285e-01	0.640520	1
NLRP14	4	7.7319e-01	5.0285e-01	0.640520	1
SUPT20HL1	4	7.7332e-01	5.0285e-01	0.640520	1
NEK3	4	7.7335e-01	5.0285e-01	0.640520	1
ERF	4	7.7345e-01	5.0285e-01	0.640520	1
STARD4	4	7.7357e-01	5.0285e-01	0.640520	1
KCNQ2	4	7.7359e-01	5.0285e-01	0.640520	1
DEFB110	4	7.7403e-01	5.0285e-01	0.640520	1
KLF12	4	7.7418e-01	5.0285e-01	0.640520	1
CEP295NL	4	7.7452e-01	5.0285e-01	0.640520	1
DEFA6	4	7.7454e-01	5.0285e-01	0.640520	1
NAP1L2	4	7.7462e-01	5.0285e-01	0.640520	1
C15orf27	4	7.7466e-01	5.0285e-01	0.640520	1
HYI	4	7.7471e-01	5.0285e-01	0.640520	1
NKAIN1	4	7.7473e-01	5.0285e-01	0.640520	1
RAB4A	4	7.7476e-01	5.0285e-01	0.640520	1
TCAIM	4	7.7488e-01	5.0285e-01	0.640520	1
OXSR1	4	7.7489e-01	5.0285e-01	0.640520	1
AREL1	4	7.7501e-01	5.0285e-01	0.640520	1
ADAP2	4	7.7511e-01	5.0285e-01	0.640520	1
ZNF846	4	7.7523e-01	5.0285e-01	0.640520	1
CSF3	4	7.7527e-01	5.0285e-01	0.640520	1
MKLN1	4	7.7528e-01	5.0285e-01	0.640520	1
TMEM52B	4	7.7534e-01	5.0285e-01	0.640520	1
SNED1	4	7.7542e-01	5.0285e-01	0.640520	1
PTER	4	7.7582e-01	5.0612e-01	0.644337	1
HOXB3	4	7.7604e-01	5.0612e-01	0.644337	1
GFRA4	4	7.7611e-01	5.0612e-01	0.644337	1
PIM1	4	7.7623e-01	5.0612e-01	0.644337	1
THAP3	4	7.7636e-01	5.0612e-01	0.644337	1
ADRBK1	4	7.7638e-01	5.0612e-01	0.644337	1
PRKAR2B	4	7.7643e-01	5.0612e-01	0.644337	1
NUP210L	4	7.7650e-01	5.0612e-01	0.644337	1
DEFB132	4	7.7688e-01	5.0780e-01	0.645273	1
STIM2	4	7.7695e-01	5.0780e-01	0.645273	1
TRPC5	4	7.7703e-01	5.0780e-01	0.645273	1
VAV1	4	7.7710e-01	5.0780e-01	0.645273	1
POU2AF1	4	7.7715e-01	5.0780e-01	0.645273	1
HOXB8	4	7.7719e-01	5.0780e-01	0.645273	1
C1orf61	4	7.7722e-01	5.0780e-01	0.645273	1
CLRN3	4	7.7728e-01	5.0780e-01	0.645273	1
KRT76	4	7.7747e-01	5.0780e-01	0.645273	1
TRNP1	4	7.7757e-01	5.0780e-01	0.645273	1
WDR62	4	7.7760e-01	5.0780e-01	0.645273	1
KDM1B	4	7.7765e-01	5.0780e-01	0.645273	1
POTEM	4	7.7792e-01	5.0780e-01	0.645273	1
SPATS1	4	7.7799e-01	5.0780e-01	0.645273	1
FAM177A1	4	7.7811e-01	5.0780e-01	0.645273	1
CAPN7	4	7.7829e-01	5.0780e-01	0.645273	1
SOWAHB	4	7.7842e-01	5.0780e-01	0.645273	1
NDUFA3	4	7.7849e-01	5.0780e-01	0.645273	1
KDM3B	4	7.7861e-01	5.0780e-01	0.645273	1
ZDHHC3	4	7.7865e-01	5.0780e-01	0.645273	1
CDK16	4	7.7871e-01	5.0780e-01	0.645273	1
BTLA	4	7.7892e-01	5.0780e-01	0.645273	1
CPSF7	4	7.7905e-01	5.0780e-01	0.645273	1
UPK3A	4	7.7927e-01	5.0780e-01	0.645273	1
MATN2	4	7.7929e-01	5.0780e-01	0.645273	1
PEX26	4	7.7952e-01	5.0780e-01	0.645273	1
MEST	4	7.7954e-01	5.0780e-01	0.645273	1
NEK4	4	7.7957e-01	5.0780e-01	0.645273	1
ETV2	4	7.7971e-01	5.1106e-01	0.649285	1
AKR1C3	4	7.7992e-01	5.1106e-01	0.649285	1
VAC14	4	7.8004e-01	5.1106e-01	0.649285	1
OR9A4	4	7.8030e-01	5.1268e-01	0.651260	1
ZSCAN10	4	7.8045e-01	5.1268e-01	0.651260	1
ATF1	4	7.8055e-01	5.1433e-01	0.653139	1
IGSF9	4	7.8057e-01	5.1433e-01	0.653139	1
SPINK13	4	7.8060e-01	5.1433e-01	0.653139	1
ZNF583	4	7.8067e-01	5.1433e-01	0.653139	1
THAP5	4	7.8074e-01	5.1433e-01	0.653139	1
SOX21	4	7.8118e-01	5.1600e-01	0.654867	1
CYB561	4	7.8132e-01	5.1600e-01	0.654867	1
HCCS	4	7.8141e-01	5.1600e-01	0.654867	1
NEU3	4	7.8157e-01	5.1600e-01	0.654867	1
UBOX5	4	7.8198e-01	5.1600e-01	0.654867	1
DOCK8	4	7.8209e-01	5.1600e-01	0.654867	1
LPIN2	4	7.8211e-01	5.1600e-01	0.654867	1
C1QTNF4	4	7.8217e-01	5.1600e-01	0.654867	1
LSS	4	7.8226e-01	5.1600e-01	0.654867	1
RHCE	4	7.8244e-01	5.1771e-01	0.656564	1
NOL4	4	7.8272e-01	5.1771e-01	0.656564	1
TBPL2	4	7.8282e-01	5.1771e-01	0.656564	1
SCARA3	4	7.8298e-01	5.1771e-01	0.656564	1
RASSF3	4	7.8305e-01	5.1771e-01	0.656564	1
SERPINF1	4	7.8310e-01	5.1771e-01	0.656564	1
GORAB	4	7.8321e-01	5.1771e-01	0.656564	1
KRTAP3-1	4	7.8339e-01	5.1771e-01	0.656564	1
NCOA4	4	7.8364e-01	5.1771e-01	0.656564	1
CHDH	4	7.8367e-01	5.1771e-01	0.656564	1
TMEM51	4	7.8369e-01	5.1771e-01	0.656564	1
FRMD7	4	7.8385e-01	5.1940e-01	0.658524	1
GLB1L3	4	7.8395e-01	5.1940e-01	0.658524	1
MBOAT4	4	7.8403e-01	5.1940e-01	0.658524	1
NFKBIL1	4	7.8405e-01	5.1940e-01	0.658524	1
MFN1	4	7.8411e-01	5.2107e-01	0.660599	1
KLK15	4	7.8433e-01	5.2272e-01	0.662250	1
CEP72	4	7.8438e-01	5.2272e-01	0.662250	1
METTL5	4	7.8459e-01	5.2272e-01	0.662250	1
TRPV3	4	7.8469e-01	5.2272e-01	0.662250	1
MAP3K14	4	7.8472e-01	5.2272e-01	0.662250	1
ONECUT3	4	7.8475e-01	5.2272e-01	0.662250	1
RNF5	4	7.8478e-01	5.2272e-01	0.662250	1
PATE2	4	7.8485e-01	5.2272e-01	0.662250	1
ARHGAP30	4	7.8487e-01	5.2272e-01	0.662250	1
LRRC59	4	7.8501e-01	5.2272e-01	0.662250	1
ZNF365	4	7.8508e-01	5.2441e-01	0.664305	1
NEK7	3	7.8509e-01	5.4622e-01	0.684141	1
FXYD4	4	7.8513e-01	5.2441e-01	0.664305	1
ZNF681	4	7.8532e-01	5.2607e-01	0.666319	1
PPP4R1	4	7.8536e-01	5.2607e-01	0.666319	1
DRD3	4	7.8552e-01	5.2772e-01	0.667879	1
USP12	4	7.8554e-01	5.2772e-01	0.667879	1
ASIC3	4	7.8560e-01	5.2772e-01	0.667879	1
SLC38A3	4	7.8576e-01	5.2772e-01	0.667879	1
IL12A	4	7.8591e-01	5.2772e-01	0.667879	1
TNPO2	4	7.8594e-01	5.2772e-01	0.667879	1
SULT1C3	4	7.8606e-01	5.2772e-01	0.667879	1
SYDE2	4	7.8607e-01	5.2772e-01	0.667879	1
MPP3	4	7.8612e-01	5.2772e-01	0.667879	1
HERC6	4	7.8619e-01	5.2772e-01	0.667879	1
DCT	4	7.8638e-01	5.2772e-01	0.667879	1
SOD3	4	7.8640e-01	5.2772e-01	0.667879	1
RHEBL1	4	7.8656e-01	5.2938e-01	0.669841	1
HR	4	7.8668e-01	5.2938e-01	0.669841	1
ACACA	4	7.8671e-01	5.2938e-01	0.669841	1
ATP10D	4	7.8676e-01	5.3101e-01	0.670537	1
MIEN1	4	7.8678e-01	5.3101e-01	0.670537	1
MT4	4	7.8680e-01	5.3101e-01	0.670537	1
TMEM99	4	7.8697e-01	5.3101e-01	0.670537	1
ALDH16A1	4	7.8708e-01	5.3101e-01	0.670537	1
OTUD1	4	7.8710e-01	5.3101e-01	0.670537	1
BPY2	4	7.8723e-01	5.3101e-01	0.670537	1
FOXD2	4	7.8724e-01	5.3101e-01	0.670537	1
GRHPR	4	7.8729e-01	5.3101e-01	0.670537	1
TMEM54	4	7.8742e-01	5.3101e-01	0.670537	1
HMSD	4	7.8744e-01	5.3101e-01	0.670537	1
RAB17	4	7.8754e-01	5.3101e-01	0.670537	1
MAGEE1	4	7.8760e-01	5.3101e-01	0.670537	1
STAU1	4	7.8761e-01	5.3101e-01	0.670537	1
DIP2B	4	7.8767e-01	5.3101e-01	0.670537	1
SCG2	4	7.8769e-01	5.3101e-01	0.670537	1
LOC643355	4	7.8778e-01	5.3101e-01	0.670537	1
MICALL1	4	7.8782e-01	5.3101e-01	0.670537	1
C2orf78	4	7.8792e-01	5.3101e-01	0.670537	1
GCAT	4	7.8800e-01	5.3101e-01	0.670537	1
ZNF138	4	7.8810e-01	5.3101e-01	0.670537	1
MLN	4	7.8831e-01	5.3101e-01	0.670537	1
PARVG	4	7.8845e-01	5.3101e-01	0.670537	1
PVRL1	4	7.8852e-01	5.3101e-01	0.670537	1
PCSK4	4	7.8857e-01	5.3101e-01	0.670537	1
PKN1	4	7.8865e-01	5.3101e-01	0.670537	1
PLA2G16	4	7.8868e-01	5.3101e-01	0.670537	1
CYP4F8	4	7.8874e-01	5.3101e-01	0.670537	1
SLC35F4	4	7.8879e-01	5.3101e-01	0.670537	1
NSUN5	4	7.8882e-01	5.3101e-01	0.670537	1
POF1B	4	7.8889e-01	5.3101e-01	0.670537	1
AJUBA	4	7.8928e-01	5.3266e-01	0.670717	1
GPC1	4	7.8929e-01	5.3266e-01	0.670717	1
ADAMTS13	4	7.8943e-01	5.3266e-01	0.670717	1
ALDH1L2	4	7.8947e-01	5.3266e-01	0.670717	1
SLC26A10	4	7.8950e-01	5.3266e-01	0.670717	1
C1orf94	4	7.8962e-01	5.3266e-01	0.670717	1
PRR13	4	7.8974e-01	5.3266e-01	0.670717	1
AGL	4	7.8989e-01	5.3266e-01	0.670717	1
MAP2K1	4	7.8991e-01	5.3266e-01	0.670717	1
MKRN1	4	7.8991e-01	5.3266e-01	0.670717	1
SPATA31D3	4	7.8996e-01	5.3266e-01	0.670717	1
RAI2	4	7.9006e-01	5.3266e-01	0.670717	1
CLRN1	4	7.9027e-01	5.3266e-01	0.670717	1
SELV	4	7.9030e-01	5.3266e-01	0.670717	1
KRTDAP	4	7.9038e-01	5.3266e-01	0.670717	1
RPRD2	4	7.9048e-01	5.3266e-01	0.670717	1
TFCP2	4	7.9060e-01	5.3266e-01	0.670717	1
ST14	4	7.9077e-01	5.3266e-01	0.670717	1
RUFY1	4	7.9078e-01	5.3266e-01	0.670717	1
FAM200B	4	7.9082e-01	5.3266e-01	0.670717	1
MFSD6L	4	7.9088e-01	5.3266e-01	0.670717	1
USP44	4	7.9090e-01	5.3266e-01	0.670717	1
PCNXL2	4	7.9096e-01	5.3266e-01	0.670717	1
OR14A16	4	7.9098e-01	5.3266e-01	0.670717	1
JPH4	4	7.9099e-01	5.3266e-01	0.670717	1
CDY2B	4	7.9106e-01	5.3266e-01	0.670717	1
RECQL	4	7.9110e-01	5.3266e-01	0.670717	1
ZNF627	4	7.9117e-01	5.3266e-01	0.670717	1
GTPBP6	4	7.9138e-01	5.3266e-01	0.670717	1
TBC1D21	4	7.9139e-01	5.3266e-01	0.670717	1
GRIN2D	4	7.9150e-01	5.3266e-01	0.670717	1
ANGPTL3	4	7.9174e-01	5.3266e-01	0.670717	1
KPNA4	4	7.9184e-01	5.3266e-01	0.670717	1
C16orf58	4	7.9206e-01	5.3266e-01	0.670717	1
ATG4D	4	7.9214e-01	5.3266e-01	0.670717	1
LAMA1	4	7.9216e-01	5.3266e-01	0.670717	1
MFSD9	4	7.9235e-01	5.3266e-01	0.670717	1
GGA3	4	7.9240e-01	5.3266e-01	0.670717	1
ARL8A	4	7.9251e-01	5.3266e-01	0.670717	1
L1TD1	4	7.9256e-01	5.3266e-01	0.670717	1
MEX3C	4	7.9265e-01	5.3266e-01	0.670717	1
TTC16	4	7.9267e-01	5.3266e-01	0.670717	1
MAGEF1	4	7.9292e-01	5.3266e-01	0.670717	1
PALM2-AKAP2	4	7.9301e-01	5.3428e-01	0.672487	1
NAV2	4	7.9305e-01	5.3428e-01	0.672487	1
TSHR	4	7.9317e-01	5.3428e-01	0.672487	1
STAMBP	4	7.9328e-01	5.3428e-01	0.672487	1
LOC100129924	4	7.9336e-01	5.3428e-01	0.672487	1
ZNF541	4	7.9344e-01	5.3428e-01	0.672487	1
DDIT4L	4	7.9350e-01	5.3594e-01	0.673552	1
EMC8	4	7.9356e-01	5.3594e-01	0.673552	1
ZNF383	4	7.9366e-01	5.3594e-01	0.673552	1
APLF	4	7.9374e-01	5.3594e-01	0.673552	1
ZBED8	4	7.9380e-01	5.3594e-01	0.673552	1
MAF	4	7.9382e-01	5.3594e-01	0.673552	1
SLC35B4	4	7.9392e-01	5.3594e-01	0.673552	1
SLC6A7	4	7.9398e-01	5.3594e-01	0.673552	1
ANXA10	4	7.9403e-01	5.3594e-01	0.673552	1
MC5R	4	7.9414e-01	5.3594e-01	0.673552	1
PCGF6	4	7.9416e-01	5.3594e-01	0.673552	1
MARCO	4	7.9419e-01	5.3594e-01	0.673552	1
GALNT16	4	7.9422e-01	5.3594e-01	0.673552	1
C4A	4	7.9427e-01	5.3594e-01	0.673552	1
MDH1B	4	7.9434e-01	5.3594e-01	0.673552	1
ATP11B	4	7.9441e-01	5.3594e-01	0.673552	1
NUDT14	4	7.9447e-01	5.3594e-01	0.673552	1
LRRC8D	4	7.9477e-01	5.3594e-01	0.673552	1
DYNLT1	4	7.9479e-01	5.3594e-01	0.673552	1
PQLC2L	4	7.9483e-01	5.3594e-01	0.673552	1
PANK1	4	7.9485e-01	5.3594e-01	0.673552	1
TESK2	4	7.9487e-01	5.3594e-01	0.673552	1
FDXACB1	4	7.9504e-01	5.3594e-01	0.673552	1
ADK	4	7.9523e-01	5.3755e-01	0.675493	1
ISPD	4	7.9524e-01	5.3755e-01	0.675493	1
SPATC1L	4	7.9535e-01	5.3918e-01	0.677007	1
UBAP1L	4	7.9535e-01	5.3918e-01	0.677007	1
NAIP	4	7.9539e-01	5.3918e-01	0.677007	1
LMO1	4	7.9543e-01	5.3918e-01	0.677007	1
LZTFL1	4	7.9548e-01	5.3918e-01	0.677007	1
RIT1	4	7.9550e-01	5.3918e-01	0.677007	1
CD300LB	4	7.9557e-01	5.3918e-01	0.677007	1
TFAP2D	4	7.9559e-01	5.3918e-01	0.677007	1
VCY1B	4	7.9567e-01	5.3918e-01	0.677007	1
ITGAD	4	7.9570e-01	5.3918e-01	0.677007	1
SGSM2	4	7.9576e-01	5.3918e-01	0.677007	1
EDEM2	4	7.9578e-01	5.3918e-01	0.677007	1
TNFRSF19	4	7.9592e-01	5.4086e-01	0.678580	1
AHRR	4	7.9595e-01	5.4086e-01	0.678580	1
KIAA0319L	4	7.9598e-01	5.4086e-01	0.678580	1
LYPD5	4	7.9603e-01	5.4086e-01	0.678580	1
UIMC1	4	7.9608e-01	5.4086e-01	0.678580	1
POU5F1B	4	7.9612e-01	5.4086e-01	0.678580	1
TLR2	4	7.9629e-01	5.4086e-01	0.678580	1
GPLD1	4	7.9633e-01	5.4086e-01	0.678580	1
JADE3	4	7.9636e-01	5.4086e-01	0.678580	1
GALNT10	3	7.9641e-01	5.5786e-01	0.695612	1
NRIP3	4	7.9644e-01	5.4086e-01	0.678580	1
KRT26	4	7.9645e-01	5.4086e-01	0.678580	1
TMEM62	4	7.9656e-01	5.4086e-01	0.678580	1
TAX1BP1	4	7.9670e-01	5.4250e-01	0.680323	1
CPN2	4	7.9686e-01	5.4250e-01	0.680323	1
TMED4	4	7.9695e-01	5.4250e-01	0.680323	1
TNFRSF11B	4	7.9700e-01	5.4250e-01	0.680323	1
STAT4	4	7.9702e-01	5.4250e-01	0.680323	1
RIMS1	4	7.9703e-01	5.4250e-01	0.680323	1
XCL1	4	7.9705e-01	5.4250e-01	0.680323	1
MAP1B	4	7.9712e-01	5.4417e-01	0.681925	1
ADGRL3	4	7.9715e-01	5.4417e-01	0.681925	1
ZNF286B	4	7.9727e-01	5.4417e-01	0.681925	1
N4BP3	4	7.9738e-01	5.4417e-01	0.681925	1
CLCN2	4	7.9747e-01	5.4417e-01	0.681925	1
PROCA1	4	7.9755e-01	5.4417e-01	0.681925	1
TDRD10	4	7.9759e-01	5.4417e-01	0.681925	1
STAC	4	7.9767e-01	5.4417e-01	0.681925	1
SAT2	4	7.9781e-01	5.4417e-01	0.681925	1
CYP4V2	4	7.9797e-01	5.4417e-01	0.681925	1
OR4M1	4	7.9816e-01	5.4417e-01	0.681925	1
MEX3D	4	7.9840e-01	5.4580e-01	0.683660	1
FAM71B	4	7.9842e-01	5.4580e-01	0.683660	1
FUT1	4	7.9848e-01	5.4580e-01	0.683660	1
CEBPB	4	7.9862e-01	5.4580e-01	0.683660	1
MYLK4	4	7.9873e-01	5.4580e-01	0.683660	1
IL5	4	7.9878e-01	5.4580e-01	0.683660	1
OGFOD3	4	7.9883e-01	5.4580e-01	0.683660	1
GMPR	4	7.9906e-01	5.4912e-01	0.686327	1
TCF7L1	4	7.9914e-01	5.4912e-01	0.686327	1
CCDC25	4	7.9915e-01	5.4912e-01	0.686327	1
KRTAP4-3	4	7.9941e-01	5.4912e-01	0.686327	1
TP53TG3	4	7.9949e-01	5.4912e-01	0.686327	1
C2orf44	4	7.9959e-01	5.4912e-01	0.686327	1
ZNF581	4	7.9962e-01	5.4912e-01	0.686327	1
PDHA2	4	7.9966e-01	5.4912e-01	0.686327	1
IFFO1	4	7.9968e-01	5.4912e-01	0.686327	1
E2F7	4	7.9971e-01	5.4912e-01	0.686327	1
UBXN4	4	7.9972e-01	5.4912e-01	0.686327	1
ZFAND3	4	7.9983e-01	5.4912e-01	0.686327	1
TEX22	4	7.9988e-01	5.4912e-01	0.686327	1
HKR1	4	8.0000e-01	5.4912e-01	0.686327	1
PLA2G4B	4	8.0000e-01	5.4912e-01	0.686327	1
MCAM	4	8.0020e-01	5.4912e-01	0.686327	1
MORF4L1	4	8.0037e-01	5.4912e-01	0.686327	1
PRM3	4	8.0045e-01	5.4912e-01	0.686327	1
GNA13	4	8.0048e-01	5.4912e-01	0.686327	1
EMP3	4	8.0050e-01	5.4912e-01	0.686327	1
TNFSF9	4	8.0054e-01	5.4912e-01	0.686327	1
LHX1	4	8.0065e-01	5.4912e-01	0.686327	1
C9orf163	4	8.0067e-01	5.4912e-01	0.686327	1
CLGN	4	8.0075e-01	5.4912e-01	0.686327	1
MAP4K3	4	8.0078e-01	5.4912e-01	0.686327	1
CDCA4	4	8.0084e-01	5.4912e-01	0.686327	1
TBC1D4	4	8.0090e-01	5.4912e-01	0.686327	1
NEDD4	4	8.0095e-01	5.4912e-01	0.686327	1
WLS	4	8.0099e-01	5.4912e-01	0.686327	1
TRIM64C	4	8.0102e-01	5.4912e-01	0.686327	1
FAM163B	4	8.0113e-01	5.4912e-01	0.686327	1
C6orf62	4	8.0121e-01	5.4912e-01	0.686327	1
CDNF	3	8.0129e-01	5.5786e-01	0.695612	1
F2RL2	4	8.0135e-01	5.5078e-01	0.688220	1
FOXA2	4	8.0141e-01	5.5078e-01	0.688220	1
OTOP3	3	8.0144e-01	5.5786e-01	0.695612	1
SLURP1	4	8.0158e-01	5.5078e-01	0.688220	1
METTL11B	4	8.0167e-01	5.5078e-01	0.688220	1
WNK2	4	8.0184e-01	5.5245e-01	0.690082	1
CAT	4	8.0185e-01	5.5245e-01	0.690082	1
ZNRF2	4	8.0198e-01	5.5245e-01	0.690082	1
IQGAP1	4	8.0199e-01	5.5245e-01	0.690082	1
KBTBD11	4	8.0201e-01	5.5245e-01	0.690082	1
TDO2	4	8.0234e-01	5.5410e-01	0.691827	1
MC1R	4	8.0245e-01	5.5410e-01	0.691827	1
UBP1	4	8.0247e-01	5.5410e-01	0.691827	1
SYT13	4	8.0248e-01	5.5410e-01	0.691827	1
ACTL6B	4	8.0257e-01	5.5410e-01	0.691827	1
GPR139	4	8.0259e-01	5.5410e-01	0.691827	1
GOLGA6B	4	8.0268e-01	5.5410e-01	0.691827	1
RHOU	4	8.0291e-01	5.5574e-01	0.693424	1
FAM151A	4	8.0303e-01	5.5574e-01	0.693424	1
ECE1	4	8.0308e-01	5.5574e-01	0.693424	1
PPP2R2C	4	8.0314e-01	5.5574e-01	0.693424	1
ADCY5	4	8.0318e-01	5.5574e-01	0.693424	1
SLC24A5	4	8.0326e-01	5.5574e-01	0.693424	1
CNOT11	4	8.0332e-01	5.5574e-01	0.693424	1
FUCA1	4	8.0337e-01	5.5574e-01	0.693424	1
HMG20A	4	8.0341e-01	5.5574e-01	0.693424	1
NEU4	4	8.0345e-01	5.5574e-01	0.693424	1
SLC23A3	4	8.0360e-01	5.5738e-01	0.695150	1
CDC42EP3	4	8.0363e-01	5.5738e-01	0.695150	1
SHROOM4	4	8.0365e-01	5.5738e-01	0.695150	1
NPY4R	4	8.0369e-01	5.5738e-01	0.695150	1
ALDOC	4	8.0370e-01	5.5738e-01	0.695150	1
WDR6	4	8.0377e-01	5.5738e-01	0.695150	1
LNP1	4	8.0399e-01	5.5738e-01	0.695150	1
RCBTB2	4	8.0418e-01	5.5909e-01	0.696618	1
WNT16	4	8.0425e-01	5.5910e-01	0.696618	1
OR8A1	4	8.0434e-01	5.5910e-01	0.696618	1
RAPGEF3	4	8.0443e-01	5.6081e-01	0.696618	1
CISD2	4	8.0447e-01	5.6081e-01	0.696618	1
GAPDHS	4	8.0457e-01	5.6081e-01	0.696618	1
ZNF511	4	8.0460e-01	5.6081e-01	0.696618	1
HTR1B	4	8.0466e-01	5.6081e-01	0.696618	1
SULT2A1	4	8.0482e-01	5.6081e-01	0.696618	1
XAGE2	4	8.0491e-01	5.6081e-01	0.696618	1
HS6ST2	4	8.0509e-01	5.6081e-01	0.696618	1
CD28	4	8.0513e-01	5.6081e-01	0.696618	1
RASEF	4	8.0551e-01	5.6081e-01	0.696618	1
MYOM1	4	8.0562e-01	5.6081e-01	0.696618	1
SLC41A3	4	8.0570e-01	5.6081e-01	0.696618	1
FIBP	4	8.0571e-01	5.6081e-01	0.696618	1
TRAT1	4	8.0574e-01	5.6081e-01	0.696618	1
SCAF11	4	8.0579e-01	5.6081e-01	0.696618	1
AP3B1	4	8.0586e-01	5.6081e-01	0.696618	1
ZNF804B	4	8.0597e-01	5.6081e-01	0.696618	1
PSPH	4	8.0598e-01	5.6081e-01	0.696618	1
ABL1	4	8.0606e-01	5.6081e-01	0.696618	1
GLP2R	4	8.0619e-01	5.6081e-01	0.696618	1
PIK3R1	4	8.0632e-01	5.6081e-01	0.696618	1
ZNF576	4	8.0633e-01	5.6081e-01	0.696618	1
METTL2A	4	8.0641e-01	5.6081e-01	0.696618	1
DYNC2LI1	4	8.0650e-01	5.6081e-01	0.696618	1
ADORA1	4	8.0683e-01	5.6081e-01	0.696618	1
OR6C1	4	8.0686e-01	5.6081e-01	0.696618	1
SHISA5	4	8.0713e-01	5.6081e-01	0.696618	1
OR1J2	4	8.0722e-01	5.6081e-01	0.696618	1
C8orf76	4	8.0731e-01	5.6081e-01	0.696618	1
APCS	4	8.0736e-01	5.6081e-01	0.696618	1
SLCO3A1	4	8.0744e-01	5.6081e-01	0.696618	1
SUV420H1	4	8.0744e-01	5.6081e-01	0.696618	1
KCTD13	4	8.0749e-01	5.6081e-01	0.696618	1
PIK3C2B	4	8.0751e-01	5.6081e-01	0.696618	1
ZNF146	4	8.0766e-01	5.6081e-01	0.696618	1
MID1	4	8.0791e-01	5.6081e-01	0.696618	1
GIMAP2	4	8.0793e-01	5.6081e-01	0.696618	1
FBXW4	4	8.0800e-01	5.6081e-01	0.696618	1
C19orf67	4	8.0803e-01	5.6081e-01	0.696618	1
ANKRD66	4	8.0814e-01	5.6081e-01	0.696618	1
CD47	4	8.0818e-01	5.6081e-01	0.696618	1
CYP21A2	4	8.0826e-01	5.6081e-01	0.696618	1
OAZ3	4	8.0840e-01	5.6081e-01	0.696618	1
GALNT15	4	8.0844e-01	5.6081e-01	0.696618	1
IDS	4	8.0869e-01	5.6081e-01	0.696618	1
CD74	4	8.0890e-01	5.6081e-01	0.696618	1
BCO2	4	8.0942e-01	5.6081e-01	0.696618	1
LAMC1	4	8.0944e-01	5.6081e-01	0.696618	1
CXCL17	4	8.0945e-01	5.6081e-01	0.696618	1
NEUROD1	4	8.0953e-01	5.6081e-01	0.696618	1
GJB1	4	8.0954e-01	5.6081e-01	0.696618	1
SCARF1	4	8.0960e-01	5.6081e-01	0.696618	1
HEATR9	4	8.0962e-01	5.6081e-01	0.696618	1
ATP1B2	4	8.0972e-01	5.6081e-01	0.696618	1
USP21	4	8.0982e-01	5.6081e-01	0.696618	1
CCNI	4	8.0993e-01	5.6081e-01	0.696618	1
FBN2	3	8.0995e-01	5.6127e-01	0.697137	1
SKAP1	4	8.0999e-01	5.6243e-01	0.697352	1
SLC16A14	4	8.1006e-01	5.6243e-01	0.697352	1
REG3G	4	8.1012e-01	5.6243e-01	0.697352	1
ESX1	4	8.1015e-01	5.6243e-01	0.697352	1
IRF1	4	8.1019e-01	5.6243e-01	0.697352	1
HOXD10	4	8.1019e-01	5.6243e-01	0.697352	1
KRTAP10-5	4	8.1039e-01	5.6243e-01	0.697352	1
PSG7	4	8.1041e-01	5.6243e-01	0.697352	1
TNFRSF4	4	8.1052e-01	5.6243e-01	0.697352	1
ZNF518A	4	8.1055e-01	5.6243e-01	0.697352	1
TRIM33	4	8.1061e-01	5.6243e-01	0.697352	1
DDHD2	4	8.1066e-01	5.6243e-01	0.697352	1
ZNF600	4	8.1072e-01	5.6243e-01	0.697352	1
PAGE1	4	8.1082e-01	5.6243e-01	0.697352	1
CFAP126	4	8.1089e-01	5.6243e-01	0.697352	1
PTGS1	4	8.1092e-01	5.6243e-01	0.697352	1
CSNK2A1	4	8.1109e-01	5.6243e-01	0.697352	1
ZBTB18	4	8.1122e-01	5.6243e-01	0.697352	1
TNNT3	4	8.1143e-01	5.6243e-01	0.697352	1
FAR2	4	8.1146e-01	5.6243e-01	0.697352	1
ZSWIM8	4	8.1178e-01	5.6243e-01	0.697352	1
MAGEA4	4	8.1184e-01	5.6243e-01	0.697352	1
TMEM210	4	8.1188e-01	5.6243e-01	0.697352	1
FEZ2	4	8.1202e-01	5.6243e-01	0.697352	1
PRRX2	4	8.1206e-01	5.6243e-01	0.697352	1
VASN	4	8.1209e-01	5.6243e-01	0.697352	1
MRGPRF	4	8.1211e-01	5.6243e-01	0.697352	1
EFNA4	4	8.1218e-01	5.6403e-01	0.698789	1
CSN3	4	8.1220e-01	5.6403e-01	0.698789	1
ZNF570	4	8.1221e-01	5.6403e-01	0.698789	1
STARD7	4	8.1230e-01	5.6403e-01	0.698789	1
PSG1	4	8.1240e-01	5.6403e-01	0.698789	1
FZD8	4	8.1246e-01	5.6403e-01	0.698789	1
CEACAM6	4	8.1248e-01	5.6403e-01	0.698789	1
C2CD2	4	8.1251e-01	5.6403e-01	0.698789	1
AGFG2	4	8.1261e-01	5.6403e-01	0.698789	1
SDHAF2	4	8.1270e-01	5.6403e-01	0.698789	1
KIF18B	4	8.1287e-01	5.6403e-01	0.698789	1
PRSS23	4	8.1298e-01	5.6403e-01	0.698789	1
MAOA	4	8.1331e-01	5.6566e-01	0.700547	1
RBM23	4	8.1333e-01	5.6566e-01	0.700547	1
PIAS2	4	8.1340e-01	5.6566e-01	0.700547	1
ABCC3	4	8.1343e-01	5.6566e-01	0.700547	1
ARHGEF28	4	8.1349e-01	5.6566e-01	0.700547	1
HIPK2	4	8.1354e-01	5.6566e-01	0.700547	1
METTL18	4	8.1362e-01	5.6731e-01	0.702315	1
FOXR1	4	8.1365e-01	5.6731e-01	0.702315	1
SYNDIG1L	4	8.1371e-01	5.6731e-01	0.702315	1
ZNF280A	4	8.1380e-01	5.6731e-01	0.702315	1
ZBTB39	4	8.1396e-01	5.6731e-01	0.702315	1
OR2Z1	4	8.1400e-01	5.6731e-01	0.702315	1
RAB23	4	8.1419e-01	5.6901e-01	0.703458	1
LOC388780	4	8.1431e-01	5.6901e-01	0.703458	1
OR2C3	4	8.1434e-01	5.6901e-01	0.703458	1
TNFSF14	4	8.1436e-01	5.6901e-01	0.703458	1
ST7L	4	8.1441e-01	5.6901e-01	0.703458	1
C20orf144	4	8.1443e-01	5.6901e-01	0.703458	1
HYLS1	4	8.1447e-01	5.6901e-01	0.703458	1
PIGO	4	8.1453e-01	5.6901e-01	0.703458	1
MCTS1	4	8.1468e-01	5.6901e-01	0.703458	1
GPR150	4	8.1471e-01	5.6901e-01	0.703458	1
SLC39A4	4	8.1481e-01	5.6901e-01	0.703458	1
NCKAP5L	4	8.1509e-01	5.6901e-01	0.703458	1
KRT20	4	8.1512e-01	5.6901e-01	0.703458	1
KCNC2	4	8.1514e-01	5.6901e-01	0.703458	1
CSF2RB	4	8.1528e-01	5.6901e-01	0.703458	1
BRE	4	8.1531e-01	5.6901e-01	0.703458	1
C16orf54	4	8.1539e-01	5.6901e-01	0.703458	1
KIF5C	4	8.1545e-01	5.6901e-01	0.703458	1
RFNG	4	8.1548e-01	5.6901e-01	0.703458	1
KLK13	4	8.1551e-01	5.6901e-01	0.703458	1
KRT10	4	8.1552e-01	5.6901e-01	0.703458	1
USB1	4	8.1571e-01	5.7071e-01	0.705471	1
E2F4	4	8.1580e-01	5.7071e-01	0.705471	1
GREB1L	4	8.1590e-01	5.7406e-01	0.709059	1
MED16	4	8.1593e-01	5.7406e-01	0.709059	1
DEDD	4	8.1612e-01	5.7406e-01	0.709059	1
KCTD15	4	8.1616e-01	5.7406e-01	0.709059	1
TEX2	4	8.1625e-01	5.7406e-01	0.709059	1
CSDC2	4	8.1626e-01	5.7406e-01	0.709059	1
FANCD2OS	4	8.1631e-01	5.7406e-01	0.709059	1
MS4A1	4	8.1635e-01	5.7406e-01	0.709059	1
ORMDL1	4	8.1640e-01	5.7406e-01	0.709059	1
OR52L1	4	8.1650e-01	5.7406e-01	0.709059	1
GNAI1	4	8.1656e-01	5.7406e-01	0.709059	1
LECT2	4	8.1666e-01	5.7406e-01	0.709059	1
TRIM60	4	8.1682e-01	5.7574e-01	0.710903	1
SULT1C2	4	8.1689e-01	5.7574e-01	0.710903	1
EEPD1	4	8.1695e-01	5.7574e-01	0.710903	1
XCR1	4	8.1699e-01	5.7574e-01	0.710903	1
CSAG1	4	8.1708e-01	5.7738e-01	0.711742	1
GJD4	4	8.1712e-01	5.7738e-01	0.711742	1
PRG3	4	8.1716e-01	5.7738e-01	0.711742	1
EBP	4	8.1729e-01	5.7738e-01	0.711742	1
SAA1	4	8.1742e-01	5.7738e-01	0.711742	1
ITIH3	4	8.1765e-01	5.7738e-01	0.711742	1
SLC9B2	4	8.1774e-01	5.7738e-01	0.711742	1
CUL4A	4	8.1778e-01	5.7738e-01	0.711742	1
FAM47E-STBD1	4	8.1787e-01	5.7738e-01	0.711742	1
LEKR1	4	8.1790e-01	5.7738e-01	0.711742	1
FGL1	4	8.1804e-01	5.7738e-01	0.711742	1
SRPX2	4	8.1813e-01	5.7738e-01	0.711742	1
IL12RB1	4	8.1817e-01	5.7738e-01	0.711742	1
TBRG1	4	8.1832e-01	5.7738e-01	0.711742	1
BPIFA3	4	8.1833e-01	5.7738e-01	0.711742	1
CASK	4	8.1836e-01	5.7738e-01	0.711742	1
PEAK1	4	8.1840e-01	5.7738e-01	0.711742	1
FRK	4	8.1848e-01	5.7738e-01	0.711742	1
BLMH	4	8.1852e-01	5.7738e-01	0.711742	1
BTG2	4	8.1853e-01	5.7738e-01	0.711742	1
LRP5L	4	8.1858e-01	5.7738e-01	0.711742	1
FAM135B	4	8.1862e-01	5.7738e-01	0.711742	1
SAG	4	8.1865e-01	5.7738e-01	0.711742	1
MSX2	4	8.1866e-01	5.7738e-01	0.711742	1
PRSS48	4	8.1871e-01	5.7738e-01	0.711742	1
DNAH12	4	8.1889e-01	5.7738e-01	0.711742	1
RTCA	4	8.1897e-01	5.7821e-01	0.712708	1
ONECUT2	4	8.1909e-01	5.8069e-01	0.715350	1
VNN3	4	8.1924e-01	5.8069e-01	0.715350	1
C5orf38	4	8.1948e-01	5.8069e-01	0.715350	1
NIPAL4	4	8.1956e-01	5.8069e-01	0.715350	1
NPY5R	4	8.1961e-01	5.8069e-01	0.715350	1
SNX18	4	8.1970e-01	5.8069e-01	0.715350	1
ZCWPW1	4	8.1982e-01	5.8069e-01	0.715350	1
SPATA16	4	8.1994e-01	5.8234e-01	0.716740	1
PCCA	4	8.2042e-01	5.8234e-01	0.716740	1
CYP27B1	4	8.2054e-01	5.8234e-01	0.716740	1
SYF2	4	8.2057e-01	5.8234e-01	0.716740	1
TMEM150B	4	8.2078e-01	5.8234e-01	0.716740	1
CCDC42B	4	8.2079e-01	5.8234e-01	0.716740	1
TROAP	4	8.2082e-01	5.8234e-01	0.716740	1
TGM4	4	8.2101e-01	5.8234e-01	0.716740	1
MEIS3	4	8.2108e-01	5.8234e-01	0.716740	1
CASP14	4	8.2111e-01	5.8234e-01	0.716740	1
KRT24	4	8.2116e-01	5.8234e-01	0.716740	1
ZAK	4	8.2119e-01	5.8234e-01	0.716740	1
ACRBP	4	8.2121e-01	5.8234e-01	0.716740	1
PTBP3	4	8.2143e-01	5.8401e-01	0.716760	1
MITD1	4	8.2170e-01	5.8401e-01	0.716760	1
C1QA	4	8.2175e-01	5.8401e-01	0.716760	1
KLRF2	4	8.2176e-01	5.8401e-01	0.716760	1
IDI2	4	8.2179e-01	5.8401e-01	0.716760	1
ZNF485	4	8.2186e-01	5.8401e-01	0.716760	1
SSPN	3	8.2198e-01	5.7464e-01	0.709734	1
GOLIM4	4	8.2203e-01	5.8401e-01	0.716760	1
OR13C3	4	8.2216e-01	5.8401e-01	0.716760	1
PPP1R14C	4	8.2223e-01	5.8401e-01	0.716760	1
MPPED2	4	8.2237e-01	5.8401e-01	0.716760	1
HMCN2	4	8.2243e-01	5.8401e-01	0.716760	1
SLC22A1	4	8.2246e-01	5.8401e-01	0.716760	1
KLHL2	4	8.2247e-01	5.8401e-01	0.716760	1
APOM	4	8.2267e-01	5.8401e-01	0.716760	1
SPEF2	4	8.2277e-01	5.8401e-01	0.716760	1
BDKRB2	4	8.2296e-01	5.8401e-01	0.716760	1
PRR11	4	8.2299e-01	5.8401e-01	0.716760	1
PYCRL	4	8.2309e-01	5.8401e-01	0.716760	1
MXD3	4	8.2323e-01	5.8401e-01	0.716760	1
OPN4	4	8.2326e-01	5.8401e-01	0.716760	1
RNF208	4	8.2327e-01	5.8401e-01	0.716760	1
N6AMT2	4	8.2331e-01	5.8401e-01	0.716760	1
RAB28	4	8.2331e-01	5.8401e-01	0.716760	1
SENP1	4	8.2354e-01	5.8401e-01	0.716760	1
MRC1	4	8.2371e-01	5.8401e-01	0.716760	1
TMEM38B	4	8.2377e-01	5.8401e-01	0.716760	1
CRYBA1	4	8.2382e-01	5.8401e-01	0.716760	1
CLEC4C	4	8.2386e-01	5.8401e-01	0.716760	1
NEB	4	8.2422e-01	5.8401e-01	0.716760	1
OR2T33	4	8.2425e-01	5.8401e-01	0.716760	1
TMEM249	4	8.2451e-01	5.8401e-01	0.716760	1
TMEM80	4	8.2454e-01	5.8401e-01	0.716760	1
RITA1	4	8.2465e-01	5.8401e-01	0.716760	1
FGFR3	4	8.2475e-01	5.8401e-01	0.716760	1
COX6B2	4	8.2489e-01	5.8401e-01	0.716760	1
LCP2	4	8.2495e-01	5.8401e-01	0.716760	1
VWA5A	4	8.2497e-01	5.8401e-01	0.716760	1
SCEL	4	8.2503e-01	5.8401e-01	0.716760	1
ABHD17B	4	8.2510e-01	5.8401e-01	0.716760	1
XKR3	4	8.2516e-01	5.8401e-01	0.716760	1
MATN1	4	8.2525e-01	5.8401e-01	0.716760	1
MDH1	4	8.2527e-01	5.8401e-01	0.716760	1
NIPSNAP3A	4	8.2532e-01	5.8568e-01	0.717022	1
PPP3R1	4	8.2535e-01	5.8568e-01	0.717022	1
SGCG	4	8.2537e-01	5.8568e-01	0.717022	1
VEGFA	4	8.2541e-01	5.8568e-01	0.717022	1
ZSWIM1	4	8.2577e-01	5.8568e-01	0.717022	1
MCCC2	4	8.2588e-01	5.8568e-01	0.717022	1
EIF2AK3	4	8.2594e-01	5.8568e-01	0.717022	1
TNRC18	4	8.2605e-01	5.8568e-01	0.717022	1
OR56A5	4	8.2623e-01	5.8568e-01	0.717022	1
KLHL35	4	8.2629e-01	5.8568e-01	0.717022	1
MSH2	4	8.2630e-01	5.8568e-01	0.717022	1
PGAP3	4	8.2631e-01	5.8568e-01	0.717022	1
C4orf22	4	8.2636e-01	5.8568e-01	0.717022	1
BCL2L2	4	8.2645e-01	5.8568e-01	0.717022	1
PCDHA4	4	8.2647e-01	5.8568e-01	0.717022	1
DEFB108B	4	8.2651e-01	5.8568e-01	0.717022	1
TCTN2	4	8.2656e-01	5.8568e-01	0.717022	1
FOXF2	4	8.2659e-01	5.8568e-01	0.717022	1
GADL1	4	8.2662e-01	5.8568e-01	0.717022	1
PRKG2	4	8.2668e-01	5.8568e-01	0.717022	1
PLEKHG4	4	8.2690e-01	5.8568e-01	0.717022	1
CEP76	4	8.2693e-01	5.8568e-01	0.717022	1
ASB9	4	8.2699e-01	5.8568e-01	0.717022	1
NME8	4	8.2709e-01	5.8568e-01	0.717022	1
PLEK	4	8.2712e-01	5.8568e-01	0.717022	1
SMARCA4	4	8.2719e-01	5.8568e-01	0.717022	1
JUND	4	8.2726e-01	5.8568e-01	0.717022	1
TRIML2	4	8.2733e-01	5.8568e-01	0.717022	1
TMEM145	4	8.2748e-01	5.8568e-01	0.717022	1
ASTN2	4	8.2749e-01	5.8568e-01	0.717022	1
CYP39A1	4	8.2751e-01	5.8568e-01	0.717022	1
IFI27L2	4	8.2756e-01	5.8568e-01	0.717022	1
SOX7	4	8.2766e-01	5.8568e-01	0.717022	1
ERBB2	4	8.2772e-01	5.8568e-01	0.717022	1
EFHC2	4	8.2778e-01	5.8568e-01	0.717022	1
CRYZL1	4	8.2810e-01	5.8568e-01	0.717022	1
C18orf42	4	8.2816e-01	5.8568e-01	0.717022	1
DUSP15	4	8.2834e-01	5.8729e-01	0.717933	1
CYP4A11	4	8.2838e-01	5.8729e-01	0.717933	1
TRIM59	4	8.2841e-01	5.8729e-01	0.717933	1
VILL	4	8.2842e-01	5.8729e-01	0.717933	1
MFSD7	4	8.2850e-01	5.8729e-01	0.717933	1
MKRN2OS	4	8.2857e-01	5.8729e-01	0.717933	1
USP9Y	4	8.2863e-01	5.8729e-01	0.717933	1
RHCG	4	8.2867e-01	5.8729e-01	0.717933	1
OCEL1	4	8.2869e-01	5.8729e-01	0.717933	1
OXNAD1	4	8.2871e-01	5.8729e-01	0.717933	1
LOC100129083	4	8.2876e-01	5.8729e-01	0.717933	1
GABRP	4	8.2896e-01	5.8729e-01	0.717933	1
FTH1	4	8.2908e-01	5.8729e-01	0.717933	1
SLC38A9	4	8.2916e-01	5.8729e-01	0.717933	1
AKAP2	4	8.2926e-01	5.8729e-01	0.717933	1
BIVM	4	8.2927e-01	5.8729e-01	0.717933	1
SHC3	4	8.2929e-01	5.8729e-01	0.717933	1
FAM210B	4	8.2937e-01	5.8729e-01	0.717933	1
KLC2	4	8.2941e-01	5.8729e-01	0.717933	1
SI	4	8.2944e-01	5.8729e-01	0.717933	1
VAMP7	4	8.2949e-01	5.8729e-01	0.717933	1
SERPINA4	4	8.2959e-01	5.8729e-01	0.717933	1
ZNF484	4	8.2973e-01	5.8729e-01	0.717933	1
DTNA	4	8.2988e-01	5.8892e-01	0.718461	1
ST3GAL6	4	8.2990e-01	5.8892e-01	0.718461	1
IFT88	4	8.2994e-01	5.8892e-01	0.718461	1
ATP10B	4	8.3011e-01	5.8892e-01	0.718461	1
KANK2	4	8.3013e-01	5.8892e-01	0.718461	1
C2orf76	4	8.3023e-01	5.8892e-01	0.718461	1
NEK2	4	8.3025e-01	5.8892e-01	0.718461	1
BCAP29	4	8.3046e-01	5.8892e-01	0.718461	1
DGKD	4	8.3051e-01	5.8892e-01	0.718461	1
IZUMO2	4	8.3063e-01	5.8892e-01	0.718461	1
C12orf66	4	8.3071e-01	5.8892e-01	0.718461	1
OR5F1	4	8.3081e-01	5.8892e-01	0.718461	1
CCIN	4	8.3094e-01	5.8892e-01	0.718461	1
RBM11	4	8.3097e-01	5.8892e-01	0.718461	1
CERKL	4	8.3100e-01	5.8892e-01	0.718461	1
MYO5C	4	8.3104e-01	5.8892e-01	0.718461	1
C11orf52	4	8.3131e-01	5.8893e-01	0.718461	1
EPHA1	4	8.3154e-01	5.8893e-01	0.718461	1
NCKIPSD	4	8.3161e-01	5.8893e-01	0.718461	1
ZNF260	3	8.3162e-01	5.7961e-01	0.714350	1
ADRA2C	4	8.3173e-01	5.8893e-01	0.718461	1
GPR25	4	8.3177e-01	5.8893e-01	0.718461	1
CHRM2	4	8.3181e-01	5.8893e-01	0.718461	1
KLHL9	4	8.3190e-01	5.8893e-01	0.718461	1
TEX14	4	8.3190e-01	5.8893e-01	0.718461	1
DFNA5	4	8.3192e-01	5.8893e-01	0.718461	1
MAGEA8	4	8.3207e-01	5.8893e-01	0.718461	1
AGR3	4	8.3217e-01	5.8893e-01	0.718461	1
KIT	4	8.3218e-01	5.8893e-01	0.718461	1
FAM132A	4	8.3227e-01	5.8893e-01	0.718461	1
BTBD10	4	8.3232e-01	5.8893e-01	0.718461	1
PTX3	4	8.3232e-01	5.8893e-01	0.718461	1
EIF4G3	4	8.3236e-01	5.8893e-01	0.718461	1
IMPA2	4	8.3265e-01	5.9056e-01	0.720135	1
MTAP	4	8.3272e-01	5.9056e-01	0.720135	1
ZDHHC23	4	8.3296e-01	5.9056e-01	0.720135	1
GNAQ	4	8.3301e-01	5.9056e-01	0.720135	1
CYP27C1	4	8.3311e-01	5.9056e-01	0.720135	1
PHTF1	4	8.3314e-01	5.9056e-01	0.720135	1
GPR108	4	8.3315e-01	5.9056e-01	0.720135	1
CACNA1A	3	8.3319e-01	5.7961e-01	0.714350	1
RNF32	4	8.3326e-01	5.9222e-01	0.722114	1
GLTPD2	4	8.3352e-01	5.9391e-01	0.723070	1
CFHR4	4	8.3354e-01	5.9391e-01	0.723070	1
C10orf105	4	8.3367e-01	5.9391e-01	0.723070	1
KCNJ10	4	8.3373e-01	5.9391e-01	0.723070	1
TNFAIP6	4	8.3394e-01	5.9391e-01	0.723070	1
MYO1B	4	8.3396e-01	5.9391e-01	0.723070	1
OTULIN	4	8.3396e-01	5.9391e-01	0.723070	1
DNAJC25-GNG10	4	8.3414e-01	5.9391e-01	0.723070	1
CCDC68	4	8.3419e-01	5.9391e-01	0.723070	1
FAT2	4	8.3431e-01	5.9391e-01	0.723070	1
DNAJB14	4	8.3437e-01	5.9391e-01	0.723070	1
SYCN	4	8.3438e-01	5.9391e-01	0.723070	1
BRD9	4	8.3442e-01	5.9391e-01	0.723070	1
SCO1	4	8.3444e-01	5.9391e-01	0.723070	1
TMEM60	4	8.3455e-01	5.9391e-01	0.723070	1
MYLK3	4	8.3466e-01	5.9391e-01	0.723070	1
LDOC1	4	8.3476e-01	5.9391e-01	0.723070	1
GAS2L3	4	8.3481e-01	5.9391e-01	0.723070	1
EDC4	4	8.3501e-01	5.9391e-01	0.723070	1
SLC25A10	4	8.3508e-01	5.9391e-01	0.723070	1
SCGB3A1	4	8.3509e-01	5.9391e-01	0.723070	1
C2orf81	4	8.3516e-01	5.9391e-01	0.723070	1
PDZD9	3	8.3519e-01	5.8126e-01	0.716010	1
DISC1	4	8.3521e-01	5.9391e-01	0.723070	1
C16orf74	4	8.3540e-01	5.9391e-01	0.723070	1
UHRF1BP1	4	8.3546e-01	5.9560e-01	0.724794	1
PF4V1	4	8.3548e-01	5.9560e-01	0.724794	1
PSMD10	4	8.3552e-01	5.9560e-01	0.724794	1
FAHD1	4	8.3557e-01	5.9560e-01	0.724794	1
FUT4	4	8.3558e-01	5.9560e-01	0.724794	1
ARSB	4	8.3566e-01	5.9560e-01	0.724794	1
OR2F1	4	8.3569e-01	5.9560e-01	0.724794	1
SNAP91	4	8.3574e-01	5.9725e-01	0.726528	1
OLIG2	4	8.3578e-01	5.9725e-01	0.726528	1
EGR3	4	8.3580e-01	5.9725e-01	0.726528	1
CCDC70	4	8.3584e-01	5.9725e-01	0.726528	1
LIN54	4	8.3602e-01	5.9725e-01	0.726528	1
DIXDC1	4	8.3604e-01	5.9725e-01	0.726528	1
PARD3B	4	8.3621e-01	5.9890e-01	0.727706	1
ECI2	4	8.3622e-01	5.9890e-01	0.727706	1
GATA6	4	8.3624e-01	5.9890e-01	0.727706	1
RNF122	4	8.3626e-01	5.9890e-01	0.727706	1
ZNF831	4	8.3628e-01	5.9890e-01	0.727706	1
NT5DC2	4	8.3632e-01	5.9890e-01	0.727706	1
TMEM233	4	8.3633e-01	5.9890e-01	0.727706	1
OR2T8	4	8.3650e-01	5.9890e-01	0.727706	1
KLHL8	4	8.3656e-01	5.9890e-01	0.727706	1
TMEM260	4	8.3662e-01	5.9890e-01	0.727706	1
OVCH1	4	8.3668e-01	5.9890e-01	0.727706	1
NR1H4	4	8.3674e-01	5.9890e-01	0.727706	1
PNRC1	4	8.3682e-01	5.9890e-01	0.727706	1
AKTIP	4	8.3686e-01	5.9890e-01	0.727706	1
GRM3	4	8.3694e-01	5.9890e-01	0.727706	1
REM2	4	8.3701e-01	5.9890e-01	0.727706	1
PARD3	4	8.3710e-01	5.9890e-01	0.727706	1
PSG11	4	8.3714e-01	5.9890e-01	0.727706	1
SNX5	4	8.3718e-01	6.0053e-01	0.728915	1
ZNF382	4	8.3721e-01	6.0053e-01	0.728915	1
ARPC1B	4	8.3753e-01	6.0053e-01	0.728915	1
TRMT44	4	8.3759e-01	6.0053e-01	0.728915	1
SLC25A24	4	8.3768e-01	6.0053e-01	0.728915	1
ACVR1	4	8.3771e-01	6.0053e-01	0.728915	1
SLC6A4	4	8.3772e-01	6.0053e-01	0.728915	1
FAM134B	4	8.3792e-01	6.0215e-01	0.728915	1
CYP4F3	4	8.3794e-01	6.0215e-01	0.728915	1
PRAMEF4	4	8.3799e-01	6.0215e-01	0.728915	1
DDR1	4	8.3803e-01	6.0215e-01	0.728915	1
CACNA1C	4	8.3804e-01	6.0215e-01	0.728915	1
HGSNAT	4	8.3805e-01	6.0215e-01	0.728915	1
IL37	4	8.3820e-01	6.0215e-01	0.728915	1
VAMP3	4	8.3828e-01	6.0215e-01	0.728915	1
C5orf42	4	8.3844e-01	6.0215e-01	0.728915	1
TOMM20L	4	8.3846e-01	6.0215e-01	0.728915	1
C1orf64	4	8.3860e-01	6.0215e-01	0.728915	1
CNTN5	4	8.3879e-01	6.0215e-01	0.728915	1
IFNE	4	8.3881e-01	6.0215e-01	0.728915	1
DEFB131	4	8.3886e-01	6.0215e-01	0.728915	1
FAM136A	4	8.3892e-01	6.0215e-01	0.728915	1
SAP30L	4	8.3895e-01	6.0215e-01	0.728915	1
TTC7B	4	8.3898e-01	6.0215e-01	0.728915	1
SPO11	4	8.3927e-01	6.0215e-01	0.728915	1
COX7B2	4	8.3938e-01	6.0215e-01	0.728915	1
AEN	4	8.3944e-01	6.0215e-01	0.728915	1
PANX3	4	8.3946e-01	6.0215e-01	0.728915	1
CCDC96	4	8.3949e-01	6.0215e-01	0.728915	1
LPAR5	4	8.3952e-01	6.0215e-01	0.728915	1
USP17L12	4	8.3954e-01	6.0215e-01	0.728915	1
C1QTNF9	4	8.3962e-01	6.0215e-01	0.728915	1
ABCG8	4	8.3976e-01	6.0215e-01	0.728915	1
POU6F1	4	8.3978e-01	6.0215e-01	0.728915	1
WDSUB1	4	8.3982e-01	6.0215e-01	0.728915	1
TNFRSF21	4	8.3986e-01	6.0215e-01	0.728915	1
LRRC3C	4	8.3988e-01	6.0215e-01	0.728915	1
RASSF9	4	8.4016e-01	6.0215e-01	0.728915	1
RALA	4	8.4024e-01	6.0215e-01	0.728915	1
SLC22A3	4	8.4026e-01	6.0215e-01	0.728915	1
ARHGDIB	4	8.4031e-01	6.0215e-01	0.728915	1
MYO1D	4	8.4037e-01	6.0215e-01	0.728915	1
SLC2A7	4	8.4046e-01	6.0215e-01	0.728915	1
LIPT1	4	8.4050e-01	6.0215e-01	0.728915	1
TGIF2	4	8.4051e-01	6.0215e-01	0.728915	1
MYO5B	4	8.4055e-01	6.0215e-01	0.728915	1
C9orf92	4	8.4060e-01	6.0215e-01	0.728915	1
FAM114A1	4	8.4082e-01	6.0215e-01	0.728915	1
CRTC1	4	8.4094e-01	6.0215e-01	0.728915	1
DOK3	4	8.4108e-01	6.0215e-01	0.728915	1
NAP1L3	4	8.4115e-01	6.0215e-01	0.728915	1
KIR2DL3	4	8.4116e-01	6.0215e-01	0.728915	1
FAM92A1	4	8.4123e-01	6.0215e-01	0.728915	1
C6orf48	4	8.4153e-01	6.0215e-01	0.728915	1
TCEAL7	4	8.4167e-01	6.0215e-01	0.728915	1
SAMSN1	4	8.4168e-01	6.0215e-01	0.728915	1
CLDN17	4	8.4172e-01	6.0215e-01	0.728915	1
ITGB1BP1	4	8.4176e-01	6.0215e-01	0.728915	1
ZNF670	4	8.4180e-01	6.0215e-01	0.728915	1
PRKAB1	4	8.4189e-01	6.0378e-01	0.730147	1
SLC9C2	4	8.4199e-01	6.0378e-01	0.730147	1
SLC2A5	4	8.4224e-01	6.0378e-01	0.730147	1
VEPH1	4	8.4230e-01	6.0378e-01	0.730147	1
FAH	4	8.4235e-01	6.0378e-01	0.730147	1
TMOD4	4	8.4243e-01	6.0378e-01	0.730147	1
CSRNP3	4	8.4259e-01	6.0378e-01	0.730147	1
POU2F3	4	8.4260e-01	6.0378e-01	0.730147	1
ADCY7	4	8.4269e-01	6.0378e-01	0.730147	1
OR2G3	4	8.4277e-01	6.0378e-01	0.730147	1
TAC3	4	8.4282e-01	6.0378e-01	0.730147	1
ZZEF1	4	8.4287e-01	6.0378e-01	0.730147	1
DCLRE1A	4	8.4296e-01	6.0378e-01	0.730147	1
OR5D18	4	8.4309e-01	6.0378e-01	0.730147	1
C6orf10	4	8.4314e-01	6.0378e-01	0.730147	1
N4BP2L2	4	8.4317e-01	6.0378e-01	0.730147	1
ZDHHC21	4	8.4322e-01	6.0544e-01	0.730684	1
FAM124A	4	8.4349e-01	6.0544e-01	0.730684	1
UBE2R2	4	8.4353e-01	6.0544e-01	0.730684	1
ZNF700	4	8.4358e-01	6.0544e-01	0.730684	1
TP53I13	4	8.4375e-01	6.0544e-01	0.730684	1
RBM27	4	8.4394e-01	6.0544e-01	0.730684	1
CRTC3	4	8.4404e-01	6.0544e-01	0.730684	1
CCDC132	4	8.4406e-01	6.0544e-01	0.730684	1
ZBTB45	4	8.4412e-01	6.0544e-01	0.730684	1
STXBP5	3	8.4430e-01	5.8292e-01	0.716760	1
MAP6D1	4	8.4433e-01	6.0544e-01	0.730684	1
CALHM2	4	8.4444e-01	6.0544e-01	0.730684	1
PLAGL2	4	8.4445e-01	6.0544e-01	0.730684	1
TOR1AIP2	4	8.4447e-01	6.0544e-01	0.730684	1
FOXR2	4	8.4456e-01	6.0544e-01	0.730684	1
TEX36	4	8.4466e-01	6.0544e-01	0.730684	1
ZKSCAN7	4	8.4485e-01	6.0544e-01	0.730684	1
GMDS	4	8.4488e-01	6.0544e-01	0.730684	1
TUBB1	4	8.4497e-01	6.0544e-01	0.730684	1
SLC16A9	4	8.4505e-01	6.0544e-01	0.730684	1
PKDREJ	4	8.4509e-01	6.0544e-01	0.730684	1
KCNK10	4	8.4516e-01	6.0544e-01	0.730684	1
KIR3DL1	4	8.4520e-01	6.0544e-01	0.730684	1
MED24	4	8.4521e-01	6.0544e-01	0.730684	1
DUS2	4	8.4535e-01	6.0544e-01	0.730684	1
MBL2	4	8.4535e-01	6.0544e-01	0.730684	1
SLC19A2	4	8.4540e-01	6.0544e-01	0.730684	1
OLFM1	4	8.4542e-01	6.0544e-01	0.730684	1
VAX2	4	8.4564e-01	6.0544e-01	0.730684	1
FKBP4	4	8.4564e-01	6.0544e-01	0.730684	1
NGFRAP1	4	8.4565e-01	6.0544e-01	0.730684	1
UNC93B1	4	8.4574e-01	6.0544e-01	0.730684	1
TSC22D4	4	8.4582e-01	6.0544e-01	0.730684	1
FRG2	4	8.4597e-01	6.0707e-01	0.731356	1
TMEM102	4	8.4606e-01	6.0707e-01	0.731356	1
MPC1L	4	8.4625e-01	6.0707e-01	0.731356	1
WDR90	4	8.4642e-01	6.0707e-01	0.731356	1
SYT9	4	8.4644e-01	6.0707e-01	0.731356	1
DENND3	4	8.4647e-01	6.0707e-01	0.731356	1
ZNF732	4	8.4648e-01	6.0707e-01	0.731356	1
VCPIP1	4	8.4651e-01	6.0707e-01	0.731356	1
CMC2	4	8.4665e-01	6.0707e-01	0.731356	1
CDH20	4	8.4666e-01	6.0707e-01	0.731356	1
TMC7	4	8.4668e-01	6.0707e-01	0.731356	1
INSRR	4	8.4674e-01	6.0707e-01	0.731356	1
CECR5	4	8.4676e-01	6.0707e-01	0.731356	1
NAV3	4	8.4680e-01	6.0707e-01	0.731356	1
CD40LG	4	8.4694e-01	6.0707e-01	0.731356	1
PLAA	4	8.4695e-01	6.0707e-01	0.731356	1
PER2	4	8.4697e-01	6.0707e-01	0.731356	1
SLC26A1	4	8.4701e-01	6.0707e-01	0.731356	1
ABI3	4	8.4703e-01	6.0707e-01	0.731356	1
ABCC8	4	8.4709e-01	6.0707e-01	0.731356	1
ZNF823	4	8.4713e-01	6.0707e-01	0.731356	1
RAP1GAP2	4	8.4716e-01	6.0707e-01	0.731356	1
BPIFB2	4	8.4729e-01	6.0707e-01	0.731356	1
ATG4C	4	8.4737e-01	6.0707e-01	0.731356	1
TAAR1	4	8.4743e-01	6.0707e-01	0.731356	1
FAM198A	4	8.4748e-01	6.0707e-01	0.731356	1
PLEKHH1	4	8.4754e-01	6.0707e-01	0.731356	1
CASP8	4	8.4769e-01	6.0707e-01	0.731356	1
RIPK1	4	8.4773e-01	6.0789e-01	0.732290	1
NOSIP	4	8.4788e-01	6.0870e-01	0.733178	1
FGF4	4	8.4795e-01	6.0870e-01	0.733178	1
KLHL4	4	8.4807e-01	6.1035e-01	0.734795	1
NPEPPS	4	8.4812e-01	6.1035e-01	0.734795	1
CEBPA	4	8.4815e-01	6.1035e-01	0.734795	1
TLR3	4	8.4836e-01	6.1035e-01	0.734795	1
SPESP1	4	8.4840e-01	6.1035e-01	0.734795	1
ZNF500	4	8.4853e-01	6.1035e-01	0.734795	1
DRC7	4	8.4861e-01	6.1035e-01	0.734795	1
TMEM9B	4	8.4873e-01	6.1035e-01	0.734795	1
KRT5	3	8.4881e-01	5.8292e-01	0.716760	1
PDE7A	4	8.4899e-01	6.1201e-01	0.735587	1
KCNJ5	4	8.4925e-01	6.1201e-01	0.735587	1
SPTY2D1	4	8.4928e-01	6.1201e-01	0.735587	1
HSD11B2	4	8.4931e-01	6.1201e-01	0.735587	1
SEBOX	4	8.4950e-01	6.1201e-01	0.735587	1
DEAF1	4	8.4958e-01	6.1201e-01	0.735587	1
SEPTIN6	4	8.4960e-01	6.1201e-01	0.735587	1
ZNF384	4	8.4963e-01	6.1201e-01	0.735587	1
C12orf80	4	8.4979e-01	6.1201e-01	0.735587	1
KAT2B	4	8.4984e-01	6.1201e-01	0.735587	1
C22orf39	4	8.4988e-01	6.1201e-01	0.735587	1
PLCL2	4	8.4999e-01	6.1201e-01	0.735587	1
NEK9	4	8.5003e-01	6.1201e-01	0.735587	1
ZPLD1	4	8.5005e-01	6.1201e-01	0.735587	1
SEPTIN8	4	8.5015e-01	6.1201e-01	0.735587	1
TSNARE1	4	8.5017e-01	6.1201e-01	0.735587	1
LINGO4	4	8.5017e-01	6.1201e-01	0.735587	1
ARRDC3	4	8.5021e-01	6.1201e-01	0.735587	1
ERRFI1	4	8.5024e-01	6.1201e-01	0.735587	1
CORO6	4	8.5026e-01	6.1201e-01	0.735587	1
PLEKHA4	4	8.5039e-01	6.1201e-01	0.735587	1
PIN1	4	8.5067e-01	6.1201e-01	0.735587	1
KCTD11	4	8.5072e-01	6.1201e-01	0.735587	1
MSRA	4	8.5085e-01	6.1201e-01	0.735587	1
IGSF9B	4	8.5087e-01	6.1201e-01	0.735587	1
PVRL2	4	8.5093e-01	6.1201e-01	0.735587	1
FAM3B	4	8.5105e-01	6.1368e-01	0.736908	1
ADAMTSL4	4	8.5110e-01	6.1368e-01	0.736908	1
AKR1C2	4	8.5111e-01	6.1368e-01	0.736908	1
FBXO21	4	8.5114e-01	6.1368e-01	0.736908	1
RAP2C	4	8.5118e-01	6.1368e-01	0.736908	1
GTPBP2	4	8.5118e-01	6.1368e-01	0.736908	1
ARHGDIG	4	8.5126e-01	6.1368e-01	0.736908	1
OR5AK2	4	8.5129e-01	6.1368e-01	0.736908	1
C9orf171	4	8.5157e-01	6.1369e-01	0.736908	1
HBA2	4	8.5172e-01	6.1369e-01	0.736908	1
PLA2G4F	4	8.5179e-01	6.1369e-01	0.736908	1
LRRC4	4	8.5186e-01	6.1369e-01	0.736908	1
USP17L13	4	8.5188e-01	6.1369e-01	0.736908	1
CCL24	4	8.5196e-01	6.1369e-01	0.736908	1
APEH	4	8.5197e-01	6.1369e-01	0.736908	1
LYG1	4	8.5212e-01	6.1532e-01	0.738039	1
SLC12A2	4	8.5228e-01	6.1532e-01	0.738039	1
LPCAT1	4	8.5238e-01	6.1532e-01	0.738039	1
PXT1	4	8.5242e-01	6.1532e-01	0.738039	1
MESDC1	4	8.5247e-01	6.1532e-01	0.738039	1
EI24	4	8.5248e-01	6.1532e-01	0.738039	1
CYS1	4	8.5250e-01	6.1532e-01	0.738039	1
PPP3CA	4	8.5254e-01	6.1532e-01	0.738039	1
OR5A2	4	8.5265e-01	6.1532e-01	0.738039	1
FOXC1	4	8.5269e-01	6.1532e-01	0.738039	1
SEMA3D	4	8.5273e-01	6.1532e-01	0.738039	1
GPR63	4	8.5287e-01	6.1532e-01	0.738039	1
NKX1-1	4	8.5292e-01	6.1532e-01	0.738039	1
DPYSL4	4	8.5296e-01	6.1532e-01	0.738039	1
DLGAP2	4	8.5314e-01	6.1532e-01	0.738039	1
RBMXL3	4	8.5322e-01	6.1532e-01	0.738039	1
TMEM56	4	8.5324e-01	6.1532e-01	0.738039	1
SLMO1	4	8.5331e-01	6.1532e-01	0.738039	1
NLRC4	4	8.5360e-01	6.1699e-01	0.739942	1
NUFIP2	4	8.5365e-01	6.1699e-01	0.739942	1
VCAN	4	8.5373e-01	6.1865e-01	0.741198	1
EDC3	4	8.5378e-01	6.1865e-01	0.741198	1
ZNF580	4	8.5395e-01	6.1865e-01	0.741198	1
RARRES3	4	8.5396e-01	6.1865e-01	0.741198	1
AQP10	4	8.5399e-01	6.1865e-01	0.741198	1
FBXO16	4	8.5401e-01	6.1865e-01	0.741198	1
KLHL23	4	8.5405e-01	6.1865e-01	0.741198	1
REEP6	4	8.5407e-01	6.1865e-01	0.741198	1
ZKSCAN1	4	8.5412e-01	6.1865e-01	0.741198	1
MNX1	4	8.5418e-01	6.1865e-01	0.741198	1
RNF7	4	8.5421e-01	6.1865e-01	0.741198	1
ADRA1B	4	8.5423e-01	6.1865e-01	0.741198	1
SMOX	4	8.5446e-01	6.1865e-01	0.741198	1
BCL2L15	4	8.5457e-01	6.1865e-01	0.741198	1
FFAR3	4	8.5463e-01	6.1865e-01	0.741198	1
GAS2	4	8.5471e-01	6.1865e-01	0.741198	1
KDM5B	4	8.5507e-01	6.2032e-01	0.742816	1
PTGFR	4	8.5519e-01	6.2032e-01	0.742816	1
KLHL25	4	8.5522e-01	6.2032e-01	0.742816	1
H2BFWT	4	8.5535e-01	6.2032e-01	0.742816	1
NGEF	4	8.5542e-01	6.2032e-01	0.742816	1
ARIH2OS	4	8.5556e-01	6.2032e-01	0.742816	1
RASGRP1	4	8.5563e-01	6.2032e-01	0.742816	1
RHBDF2	4	8.5570e-01	6.2032e-01	0.742816	1
DPY19L3	4	8.5583e-01	6.2196e-01	0.743902	1
OR10A7	4	8.5583e-01	6.2196e-01	0.743902	1
TAC1	4	8.5588e-01	6.2196e-01	0.743902	1
WDR78	4	8.5592e-01	6.2196e-01	0.743902	1
TMEM184B	4	8.5625e-01	6.2196e-01	0.743902	1
VDR	4	8.5627e-01	6.2196e-01	0.743902	1
UAP1L1	4	8.5628e-01	6.2196e-01	0.743902	1
JPH3	4	8.5629e-01	6.2196e-01	0.743902	1
IFNG	4	8.5636e-01	6.2196e-01	0.743902	1
RGS22	4	8.5638e-01	6.2196e-01	0.743902	1
TRIM62	4	8.5643e-01	6.2196e-01	0.743902	1
PBX4	4	8.5654e-01	6.2196e-01	0.743902	1
USP17L1	4	8.5658e-01	6.2196e-01	0.743902	1
ANKRD26	4	8.5672e-01	6.2196e-01	0.743902	1
TRIM34	4	8.5674e-01	6.2196e-01	0.743902	1
PRAMEF11	4	8.5692e-01	6.2196e-01	0.743902	1
PADI6	4	8.5701e-01	6.2196e-01	0.743902	1
ZNF806	4	8.5707e-01	6.2196e-01	0.743902	1
GPC2	4	8.5711e-01	6.2196e-01	0.743902	1
NPC2	4	8.5720e-01	6.2357e-01	0.745407	1
DHRS7C	4	8.5726e-01	6.2357e-01	0.745407	1
LGSN	4	8.5744e-01	6.2357e-01	0.745407	1
BRDT	4	8.5751e-01	6.2357e-01	0.745407	1
SLC6A5	4	8.5753e-01	6.2357e-01	0.745407	1
PKD1L3	4	8.5757e-01	6.2357e-01	0.745407	1
GCM2	4	8.5758e-01	6.2357e-01	0.745407	1
ZNF572	4	8.5786e-01	6.2357e-01	0.745407	1
TBC1D8	4	8.5795e-01	6.2357e-01	0.745407	1
ZXDA	4	8.5804e-01	6.2525e-01	0.746898	1
HOXC8	4	8.5806e-01	6.2525e-01	0.746898	1
OS9	4	8.5817e-01	6.2525e-01	0.746898	1
TNC	4	8.5831e-01	6.2525e-01	0.746898	1
PCBD2	4	8.5856e-01	6.2525e-01	0.746898	1
C9orf131	4	8.5862e-01	6.2525e-01	0.746898	1
ZNF501	4	8.5872e-01	6.2525e-01	0.746898	1
FBXL21	4	8.5878e-01	6.2525e-01	0.746898	1
XPR1	4	8.5879e-01	6.2525e-01	0.746898	1
CYP2C18	4	8.5883e-01	6.2525e-01	0.746898	1
SAP25	4	8.5885e-01	6.2525e-01	0.746898	1
SYNGR1	4	8.5894e-01	6.2689e-01	0.748676	1
ACSF3	4	8.5896e-01	6.2689e-01	0.748676	1
FANCB	4	8.5898e-01	6.2689e-01	0.748676	1
MSGN1	4	8.5900e-01	6.2689e-01	0.748676	1
KCNMB3	4	8.5906e-01	6.3021e-01	0.752544	1
DNAJB7	4	8.5912e-01	6.3021e-01	0.752544	1
OLFML2B	4	8.5930e-01	6.3193e-01	0.753185	1
CDHR2	4	8.5935e-01	6.3193e-01	0.753185	1
SGTB	4	8.5941e-01	6.3193e-01	0.753185	1
CCDC28A	4	8.5943e-01	6.3193e-01	0.753185	1
HIST1H2BC	4	8.5946e-01	6.3193e-01	0.753185	1
ZNF3	4	8.5948e-01	6.3193e-01	0.753185	1
ARL17B	4	8.5949e-01	6.3193e-01	0.753185	1
CRTAC1	4	8.5950e-01	6.3193e-01	0.753185	1
OR4K17	4	8.5956e-01	6.3193e-01	0.753185	1
OR7G3	4	8.5968e-01	6.3193e-01	0.753185	1
SLC6A3	4	8.5969e-01	6.3193e-01	0.753185	1
BIRC2	4	8.5973e-01	6.3193e-01	0.753185	1
MEDAG	4	8.5974e-01	6.3193e-01	0.753185	1
SMIM3	4	8.5976e-01	6.3193e-01	0.753185	1
OAF	4	8.5988e-01	6.3193e-01	0.753185	1
C9orf40	4	8.5989e-01	6.3193e-01	0.753185	1
NOL3	4	8.5992e-01	6.3193e-01	0.753185	1
IL17B	4	8.6008e-01	6.3193e-01	0.753185	1
ATF7IP	4	8.6013e-01	6.3193e-01	0.753185	1
SNX9	4	8.6019e-01	6.3193e-01	0.753185	1
TRMT11	4	8.6023e-01	6.3193e-01	0.753185	1
SLC28A1	4	8.6028e-01	6.3193e-01	0.753185	1
DNPH1	4	8.6030e-01	6.3193e-01	0.753185	1
UNC5B	4	8.6032e-01	6.3193e-01	0.753185	1
OR2T4	4	8.6036e-01	6.3193e-01	0.753185	1
DPPA5	4	8.6040e-01	6.3193e-01	0.753185	1
FCHO2	4	8.6046e-01	6.3193e-01	0.753185	1
PRB3	4	8.6056e-01	6.3193e-01	0.753185	1
CHRNA4	4	8.6059e-01	6.3193e-01	0.753185	1
DPYD	3	8.6074e-01	5.8455e-01	0.717022	1
SCIMP	4	8.6074e-01	6.3193e-01	0.753185	1
PLEK2	4	8.6102e-01	6.3362e-01	0.754866	1
RARB	4	8.6123e-01	6.3362e-01	0.754866	1
DUSP10	4	8.6139e-01	6.3362e-01	0.754866	1
FUT2	4	8.6146e-01	6.3362e-01	0.754866	1
ARHGAP24	4	8.6151e-01	6.3362e-01	0.754866	1
MAPK6	4	8.6177e-01	6.3362e-01	0.754866	1
TEF	4	8.6183e-01	6.3526e-01	0.756450	1
INHA	4	8.6189e-01	6.3526e-01	0.756450	1
LCE3C	4	8.6191e-01	6.3526e-01	0.756450	1
FAM26D	4	8.6194e-01	6.3526e-01	0.756450	1
DPCD	4	8.6198e-01	6.3526e-01	0.756450	1
WFDC9	4	8.6206e-01	6.3526e-01	0.756450	1
TMEM100	4	8.6210e-01	6.3526e-01	0.756450	1
GPC3	4	8.6220e-01	6.3691e-01	0.757466	1
ZNF254	4	8.6233e-01	6.3691e-01	0.757466	1
ANXA7	4	8.6247e-01	6.3691e-01	0.757466	1
DSP	4	8.6266e-01	6.3691e-01	0.757466	1
PXMP4	4	8.6274e-01	6.3691e-01	0.757466	1
ZDHHC2	4	8.6276e-01	6.3691e-01	0.757466	1
ATF2	4	8.6283e-01	6.3691e-01	0.757466	1
LRTM1	4	8.6299e-01	6.3691e-01	0.757466	1
TNIP2	4	8.6304e-01	6.3691e-01	0.757466	1
NRSN1	4	8.6306e-01	6.3691e-01	0.757466	1
KLHL26	4	8.6316e-01	6.3691e-01	0.757466	1
SUSD3	4	8.6324e-01	6.3691e-01	0.757466	1
ETV6	4	8.6336e-01	6.3691e-01	0.757466	1
BNIP3L	4	8.6340e-01	6.3691e-01	0.757466	1
SALL4	4	8.6348e-01	6.3691e-01	0.757466	1
RPUSD1	4	8.6354e-01	6.3691e-01	0.757466	1
PTPDC1	4	8.6365e-01	6.3691e-01	0.757466	1
SNTG1	4	8.6375e-01	6.3691e-01	0.757466	1
PURB	4	8.6378e-01	6.3691e-01	0.757466	1
LSM14B	4	8.6395e-01	6.3691e-01	0.757466	1
CD96	4	8.6401e-01	6.3854e-01	0.759125	1
CLDN19	4	8.6406e-01	6.3854e-01	0.759125	1
ITGB8	4	8.6409e-01	6.3854e-01	0.759125	1
MAGI2	4	8.6426e-01	6.3854e-01	0.759125	1
JAGN1	4	8.6433e-01	6.3854e-01	0.759125	1
GPR75	4	8.6434e-01	6.3854e-01	0.759125	1
TARSL2	4	8.6451e-01	6.4028e-01	0.761093	1
LZTS3	4	8.6451e-01	6.4028e-01	0.761093	1
HORMAD1	4	8.6472e-01	6.4199e-01	0.761856	1
USP38	4	8.6480e-01	6.4366e-01	0.761856	1
KLHL28	4	8.6486e-01	6.4366e-01	0.761856	1
TSSC1	4	8.6501e-01	6.4366e-01	0.761856	1
YTHDF2	4	8.6508e-01	6.4366e-01	0.761856	1
HFE	4	8.6514e-01	6.4366e-01	0.761856	1
PPT1	4	8.6518e-01	6.4366e-01	0.761856	1
ZNF595	4	8.6519e-01	6.4366e-01	0.761856	1
STIM1	4	8.6524e-01	6.4366e-01	0.761856	1
LY9	4	8.6536e-01	6.4366e-01	0.761856	1
FKBP11	4	8.6538e-01	6.4366e-01	0.761856	1
TAGLN	4	8.6548e-01	6.4366e-01	0.761856	1
PYY	4	8.6553e-01	6.4366e-01	0.761856	1
QTRTD1	4	8.6554e-01	6.4366e-01	0.761856	1
RNF219	4	8.6559e-01	6.4366e-01	0.761856	1
TRIM21	4	8.6564e-01	6.4366e-01	0.761856	1
PRND	4	8.6565e-01	6.4366e-01	0.761856	1
RAB22A	4	8.6569e-01	6.4366e-01	0.761856	1
GYPE	4	8.6584e-01	6.4366e-01	0.761856	1
RABGAP1L	4	8.6588e-01	6.4366e-01	0.761856	1
SPATA19	4	8.6590e-01	6.4366e-01	0.761856	1
JAG2	4	8.6593e-01	6.4366e-01	0.761856	1
TNKS1BP1	4	8.6611e-01	6.4529e-01	0.761856	1
MAK	4	8.6614e-01	6.4529e-01	0.761856	1
MUC21	4	8.6632e-01	6.4529e-01	0.761856	1
FUNDC1	4	8.6635e-01	6.4529e-01	0.761856	1
ZNF641	4	8.6638e-01	6.4529e-01	0.761856	1
GRB7	4	8.6644e-01	6.4529e-01	0.761856	1
ZNF582	4	8.6647e-01	6.4529e-01	0.761856	1
TMEM110	4	8.6649e-01	6.4529e-01	0.761856	1
SIGLEC1	4	8.6652e-01	6.4529e-01	0.761856	1
VAX1	4	8.6654e-01	6.4529e-01	0.761856	1
ZNF69	4	8.6668e-01	6.4529e-01	0.761856	1
GHDC	4	8.6676e-01	6.4529e-01	0.761856	1
GXYLT2	4	8.6680e-01	6.4529e-01	0.761856	1
CARHSP1	4	8.6683e-01	6.4529e-01	0.761856	1
ISG20	4	8.6689e-01	6.4529e-01	0.761856	1
MTRNR2L1	2	8.6689e-01	7.2418e-01	0.793059	0
HEATR5A	4	8.6704e-01	6.4696e-01	0.761856	1
COQ9	4	8.6707e-01	6.4696e-01	0.761856	1
C15orf59	4	8.6722e-01	6.4696e-01	0.761856	1
SSX7	4	8.6724e-01	6.4696e-01	0.761856	1
FAM46C	4	8.6726e-01	6.4696e-01	0.761856	1
STAG1	4	8.6728e-01	6.4696e-01	0.761856	1
C9orf41	4	8.6736e-01	6.4696e-01	0.761856	1
OR2J3	4	8.6744e-01	6.4861e-01	0.761856	1
SEMA7A	4	8.6745e-01	6.4861e-01	0.761856	1
HLA-DOB	4	8.6746e-01	6.4861e-01	0.761856	1
ECHS1	4	8.6748e-01	6.4861e-01	0.761856	1
APBB2	4	8.6758e-01	6.4861e-01	0.761856	1
FAM189A1	4	8.6767e-01	6.4861e-01	0.761856	1
LYPD3	4	8.6770e-01	6.4861e-01	0.761856	1
KAZALD1	4	8.6771e-01	6.4861e-01	0.761856	1
CHN1	4	8.6776e-01	6.4861e-01	0.761856	1
HSPB1	4	8.6794e-01	6.4861e-01	0.761856	1
ADAP1	4	8.6807e-01	6.4861e-01	0.761856	1
PPEF2	4	8.6810e-01	6.4861e-01	0.761856	1
TMEM35	4	8.6824e-01	6.4861e-01	0.761856	1
MYO7A	4	8.6826e-01	6.4861e-01	0.761856	1
ZNF425	4	8.6829e-01	6.4861e-01	0.761856	1
FAM9C	4	8.6832e-01	6.4861e-01	0.761856	1
ACOX3	4	8.6834e-01	6.4861e-01	0.761856	1
DDX17	4	8.6838e-01	6.4861e-01	0.761856	1
GJB3	4	8.6841e-01	6.4861e-01	0.761856	1
TCF23	4	8.6853e-01	6.4861e-01	0.761856	1
WWC3	4	8.6862e-01	6.4861e-01	0.761856	1
SYNRG	4	8.6864e-01	6.4861e-01	0.761856	1
MRGPRX1	4	8.6869e-01	6.4861e-01	0.761856	1
AP1S1	4	8.6872e-01	6.4861e-01	0.761856	1
RALGPS2	4	8.6877e-01	6.4861e-01	0.761856	1
FAM175B	4	8.6881e-01	6.4861e-01	0.761856	1
TKTL1	4	8.6890e-01	6.4861e-01	0.761856	1
KLKB1	4	8.6892e-01	6.4861e-01	0.761856	1
PARD6A	4	8.6901e-01	6.4861e-01	0.761856	1
FAM150B	4	8.6905e-01	6.4861e-01	0.761856	1
RPS6KC1	4	8.6914e-01	6.5026e-01	0.761856	1
C5orf28	4	8.6922e-01	6.5026e-01	0.761856	1
ZNF793	4	8.6930e-01	6.5026e-01	0.761856	1
GCSH	4	8.6942e-01	6.5026e-01	0.761856	1
ZDHHC8	4	8.6949e-01	6.5026e-01	0.761856	1
GNPTAB	4	8.6950e-01	6.5026e-01	0.761856	1
GRASP	4	8.6954e-01	6.5026e-01	0.761856	1
LHX9	4	8.6955e-01	6.5026e-01	0.761856	1
PAPD5	4	8.6956e-01	6.5026e-01	0.761856	1
PPTC7	4	8.6959e-01	6.5026e-01	0.761856	1
R3HCC1L	4	8.6975e-01	6.5195e-01	0.761856	1
TRAF3	4	8.6978e-01	6.5195e-01	0.761856	1
KCNE4	4	8.6988e-01	6.5195e-01	0.761856	1
CCDC150	4	8.6993e-01	6.5195e-01	0.761856	1
PHLPP1	4	8.7000e-01	6.5195e-01	0.761856	1
TYSND1	4	8.7009e-01	6.5195e-01	0.761856	1
TRIM13	4	8.7018e-01	6.5195e-01	0.761856	1
TTC8	4	8.7020e-01	6.5195e-01	0.761856	1
GPD2	4	8.7029e-01	6.5195e-01	0.761856	1
HOXC4	4	8.7030e-01	6.5195e-01	0.761856	1
LOC389602	4	8.7031e-01	6.5195e-01	0.761856	1
OR4K14	4	8.7035e-01	6.5195e-01	0.761856	1
FNDC8	4	8.7038e-01	6.5195e-01	0.761856	1
DSG1	4	8.7040e-01	6.5195e-01	0.761856	1
APMAP	4	8.7054e-01	6.5195e-01	0.761856	1
ZNF705B	4	8.7061e-01	6.5196e-01	0.761856	1
KCNAB2	4	8.7062e-01	6.5196e-01	0.761856	1
ENDOD1	4	8.7074e-01	6.5196e-01	0.761856	1
SLA2	4	8.7078e-01	6.5196e-01	0.761856	1
SERPINB3	4	8.7084e-01	6.5196e-01	0.761856	1
SYCP3	4	8.7084e-01	6.5196e-01	0.761856	1
ANKUB1	4	8.7086e-01	6.5196e-01	0.761856	1
VTCN1	4	8.7090e-01	6.5196e-01	0.761856	1
LOC100996634	4	8.7092e-01	6.5196e-01	0.761856	1
PAPSS2	4	8.7097e-01	6.5196e-01	0.761856	1
CCR10	4	8.7105e-01	6.5196e-01	0.761856	1
EDA	4	8.7112e-01	6.5196e-01	0.761856	1
IFNA21	4	8.7140e-01	6.5196e-01	0.761856	1
CCDC7	4	8.7161e-01	6.5530e-01	0.761856	1
PAXIP1	4	8.7168e-01	6.5530e-01	0.761856	1
GDF7	4	8.7168e-01	6.5530e-01	0.761856	1
GABRB3	4	8.7173e-01	6.5530e-01	0.761856	1
GAPT	4	8.7190e-01	6.5530e-01	0.761856	1
SSR4	4	8.7203e-01	6.5694e-01	0.761856	1
HGC6.3	3	8.7203e-01	5.8455e-01	0.717022	1
LILRB1	4	8.7204e-01	6.5694e-01	0.761856	1
FCRL1	4	8.7210e-01	6.5694e-01	0.761856	1
SNAP29	4	8.7234e-01	6.5694e-01	0.761856	1
ST6GALNAC4	4	8.7239e-01	6.5694e-01	0.761856	1
ALDH6A1	4	8.7240e-01	6.5694e-01	0.761856	1
TMEM144	4	8.7243e-01	6.5694e-01	0.761856	1
AK9	4	8.7255e-01	6.5694e-01	0.761856	1
C1orf116	4	8.7263e-01	6.5694e-01	0.761856	1
ZP2	4	8.7267e-01	6.5857e-01	0.761856	1
LRRC75A	4	8.7267e-01	6.5857e-01	0.761856	1
MPST	4	8.7272e-01	6.5857e-01	0.761856	1
IFT140	4	8.7278e-01	6.5857e-01	0.761856	1
GPATCH11	4	8.7282e-01	6.5857e-01	0.761856	1
LGALS7	4	8.7298e-01	6.5857e-01	0.761856	1
ROR1	4	8.7300e-01	6.5857e-01	0.761856	1
ARR3	4	8.7303e-01	6.5857e-01	0.761856	1
SLC35F1	4	8.7308e-01	6.6025e-01	0.761856	1
DDX3Y	4	8.7315e-01	6.6025e-01	0.761856	1
KIF15	4	8.7319e-01	6.6025e-01	0.761856	1
CLIC1	4	8.7329e-01	6.6025e-01	0.761856	1
KLHDC4	4	8.7343e-01	6.6025e-01	0.761856	1
LAMB2	4	8.7348e-01	6.6025e-01	0.761856	1
LMAN1L	4	8.7353e-01	6.6025e-01	0.761856	1
PARD6B	4	8.7356e-01	6.6025e-01	0.761856	1
ELMO3	4	8.7374e-01	6.6025e-01	0.761856	1
CUL3	4	8.7379e-01	6.6025e-01	0.761856	1
EIF4A2	4	8.7382e-01	6.6025e-01	0.761856	1
HRCT1	4	8.7389e-01	6.6025e-01	0.761856	1
PPP1R37	4	8.7400e-01	6.6025e-01	0.761856	1
TBC1D9	4	8.7408e-01	6.6025e-01	0.761856	1
ACTB	4	8.7428e-01	6.6025e-01	0.761856	1
GP1BA	4	8.7433e-01	6.6025e-01	0.761856	1
CGNL1	4	8.7440e-01	6.6025e-01	0.761856	1
PRAMEF2	4	8.7446e-01	6.6025e-01	0.761856	1
ARHGAP11B	4	8.7447e-01	6.6025e-01	0.761856	1
TSPYL1	4	8.7453e-01	6.6025e-01	0.761856	1
UBAC2	4	8.7468e-01	6.6025e-01	0.761856	1
CTBS	4	8.7471e-01	6.6025e-01	0.761856	1
HLA-A	4	8.7483e-01	6.6025e-01	0.761856	1
RIN3	4	8.7489e-01	6.6025e-01	0.761856	1
HRASLS	4	8.7494e-01	6.6025e-01	0.761856	1
SGCD	4	8.7504e-01	6.6025e-01	0.761856	1
KIAA1324L	4	8.7505e-01	6.6025e-01	0.761856	1
HSBP1L1	4	8.7527e-01	6.6025e-01	0.761856	1
C17orf107	4	8.7542e-01	6.6025e-01	0.761856	1
CRYAB	4	8.7547e-01	6.6025e-01	0.761856	1
CXCL13	4	8.7555e-01	6.6025e-01	0.761856	1
AVEN	4	8.7566e-01	6.6025e-01	0.761856	1
PRH2	4	8.7572e-01	6.6025e-01	0.761856	1
ZNF280C	4	8.7579e-01	6.6025e-01	0.761856	1
TNFSF13B	4	8.7585e-01	6.6025e-01	0.761856	1
TCTA	4	8.7594e-01	6.6025e-01	0.761856	1
PLEKHB2	4	8.7604e-01	6.6025e-01	0.761856	1
COX7A2L	4	8.7611e-01	6.6025e-01	0.761856	1
KIAA1715	4	8.7618e-01	6.6025e-01	0.761856	1
DYNLRB2	4	8.7619e-01	6.6025e-01	0.761856	1
SAMD11	4	8.7628e-01	6.6025e-01	0.761856	1
CHIA	4	8.7635e-01	6.6025e-01	0.761856	1
TPSD1	4	8.7640e-01	6.6025e-01	0.761856	1
SLC22A14	4	8.7643e-01	6.6025e-01	0.761856	1
STAT6	4	8.7654e-01	6.6025e-01	0.761856	1
LTA4H	4	8.7655e-01	6.6025e-01	0.761856	1
ZNF280D	4	8.7661e-01	6.6025e-01	0.761856	1
SPZ1	4	8.7665e-01	6.6025e-01	0.761856	1
SLC25A17	4	8.7666e-01	6.6025e-01	0.761856	1
RHOF	4	8.7667e-01	6.6025e-01	0.761856	1
GIMAP8	4	8.7669e-01	6.6025e-01	0.761856	1
DCUN1D5	4	8.7678e-01	6.6025e-01	0.761856	1
AHSA1	4	8.7682e-01	6.6025e-01	0.761856	1
MUM1L1	4	8.7683e-01	6.6025e-01	0.761856	1
ATP7B	4	8.7688e-01	6.6025e-01	0.761856	1
ZNF285	4	8.7690e-01	6.6025e-01	0.761856	1
CD244	4	8.7694e-01	6.6025e-01	0.761856	1
ITPR1	4	8.7696e-01	6.6025e-01	0.761856	1
SERAC1	4	8.7704e-01	6.6025e-01	0.761856	1
CYP2C9	4	8.7706e-01	6.6191e-01	0.761856	1
DNAJC25	4	8.7719e-01	6.6191e-01	0.761856	1
NREP	4	8.7720e-01	6.6191e-01	0.761856	1
NLRP11	4	8.7723e-01	6.6191e-01	0.761856	1
EID2	4	8.7726e-01	6.6191e-01	0.761856	1
HOMER2	4	8.7728e-01	6.6191e-01	0.761856	1
FBXL22	4	8.7733e-01	6.6191e-01	0.761856	1
LRRTM2	4	8.7738e-01	6.6191e-01	0.761856	1
ADAM28	4	8.7741e-01	6.6191e-01	0.761856	1
NMS	4	8.7742e-01	6.6191e-01	0.761856	1
MPP6	4	8.7749e-01	6.6191e-01	0.761856	1
TPP2	4	8.7759e-01	6.6191e-01	0.761856	1
ZNF225	4	8.7764e-01	6.6191e-01	0.761856	1
PIP5K1B	4	8.7766e-01	6.6191e-01	0.761856	1
SLC17A6	4	8.7770e-01	6.6191e-01	0.761856	1
CSNK1G3	4	8.7771e-01	6.6191e-01	0.761856	1
JUP	4	8.7777e-01	6.6191e-01	0.761856	1
UBASH3B	4	8.7779e-01	6.6191e-01	0.761856	1
CCKBR	4	8.7784e-01	6.6191e-01	0.761856	1
PHKA2	4	8.7788e-01	6.6191e-01	0.761856	1
RBM7	4	8.7801e-01	6.6191e-01	0.761856	1
CLCNKB	4	8.7810e-01	6.6191e-01	0.761856	1
GML	4	8.7814e-01	6.6191e-01	0.761856	1
RBMY1D	4	8.7817e-01	6.6191e-01	0.761856	1
NEIL3	4	8.7825e-01	6.6191e-01	0.761856	1
PSMF1	4	8.7830e-01	6.6191e-01	0.761856	1
INSL5	4	8.7848e-01	6.6191e-01	0.761856	1
STRA6	4	8.7869e-01	6.6359e-01	0.761856	1
SHOX2	4	8.7882e-01	6.6359e-01	0.761856	1
TUSC3	4	8.7883e-01	6.6359e-01	0.761856	1
IFRD2	4	8.7893e-01	6.6359e-01	0.761856	1
TROVE2	4	8.7894e-01	6.6359e-01	0.761856	1
MOSPD3	4	8.7897e-01	6.6359e-01	0.761856	1
CD27	4	8.7921e-01	6.6359e-01	0.761856	1
SLCO2A1	4	8.7929e-01	6.6359e-01	0.761856	1
ANKRD10	4	8.7934e-01	6.6359e-01	0.761856	1
MGME1	4	8.7937e-01	6.6359e-01	0.761856	1
C11orf73	4	8.7938e-01	6.6359e-01	0.761856	1
ARHGAP9	4	8.7940e-01	6.6359e-01	0.761856	1
NDUFA4L2	4	8.7941e-01	6.6359e-01	0.761856	1
MAFK	4	8.7945e-01	6.6359e-01	0.761856	1
CXCL10	4	8.7946e-01	6.6359e-01	0.761856	1
DAG1	4	8.7947e-01	6.6359e-01	0.761856	1
PIWIL3	4	8.7948e-01	6.6359e-01	0.761856	1
AK5	4	8.7949e-01	6.6359e-01	0.761856	1
FGF14	4	8.7958e-01	6.6359e-01	0.761856	1
DPPA4	4	8.7971e-01	6.6359e-01	0.761856	1
DISP1	4	8.7972e-01	6.6359e-01	0.761856	1
CFD	4	8.7980e-01	6.6359e-01	0.761856	1
MAP7	4	8.7987e-01	6.6359e-01	0.761856	1
PAX4	4	8.7989e-01	6.6359e-01	0.761856	1
SCAND1	4	8.8000e-01	6.6359e-01	0.761856	1
CCDC9	4	8.8011e-01	6.6359e-01	0.761856	1
RNF138	4	8.8015e-01	6.6359e-01	0.761856	1
OR4D10	4	8.8022e-01	6.6359e-01	0.761856	1
ARHGAP17	4	8.8030e-01	6.6359e-01	0.761856	1
KRT38	4	8.8048e-01	6.6359e-01	0.761856	1
ADAMTSL5	4	8.8063e-01	6.6359e-01	0.761856	1
PCDHGA12	4	8.8064e-01	6.6359e-01	0.761856	1
ARHGAP21	4	8.8073e-01	6.6359e-01	0.761856	1
OR7D2	4	8.8076e-01	6.6359e-01	0.761856	1
SCGB2B2	4	8.8087e-01	6.6359e-01	0.761856	1
HNRNPH3	4	8.8093e-01	6.6359e-01	0.761856	1
ADRB3	4	8.8097e-01	6.6359e-01	0.761856	1
TBC1D2B	4	8.8102e-01	6.6359e-01	0.761856	1
ACSL1	4	8.8103e-01	6.6359e-01	0.761856	1
CCL11	4	8.8106e-01	6.6359e-01	0.761856	1
ATRNL1	4	8.8110e-01	6.6359e-01	0.761856	1
DCLK1	4	8.8124e-01	6.6359e-01	0.761856	1
ARMCX2	4	8.8125e-01	6.6359e-01	0.761856	1
OR11A1	4	8.8127e-01	6.6359e-01	0.761856	1
ARHGAP40	4	8.8148e-01	6.6359e-01	0.761856	1
SWAP70	4	8.8163e-01	6.6359e-01	0.761856	1
PLCL1	4	8.8175e-01	6.6359e-01	0.761856	1
UTS2B	4	8.8176e-01	6.6359e-01	0.761856	1
PLXNA1	4	8.8190e-01	6.6359e-01	0.761856	1
FNDC3A	4	8.8205e-01	6.6359e-01	0.761856	1
MLF1	4	8.8213e-01	6.6359e-01	0.761856	1
AVP	4	8.8218e-01	6.6359e-01	0.761856	1
TMOD3	4	8.8231e-01	6.6359e-01	0.761856	1
IFNL1	4	8.8234e-01	6.6359e-01	0.761856	1
RFESD	4	8.8237e-01	6.6359e-01	0.761856	1
APOBEC4	4	8.8244e-01	6.6359e-01	0.761856	1
KDELC2	4	8.8261e-01	6.6359e-01	0.761856	1
TTC9B	4	8.8263e-01	6.6359e-01	0.761856	1
MIER2	4	8.8267e-01	6.6359e-01	0.761856	1
ASRGL1	4	8.8269e-01	6.6359e-01	0.761856	1
OR3A3	4	8.8275e-01	6.6359e-01	0.761856	1
TCEA3	4	8.8281e-01	6.6359e-01	0.761856	1
DYDC2	4	8.8307e-01	6.6359e-01	0.761856	1
PCDHGB5	4	8.8308e-01	6.6359e-01	0.761856	1
MED13L	4	8.8309e-01	6.6359e-01	0.761856	1
ATP11AUN	4	8.8313e-01	6.6359e-01	0.761856	1
B4GAT1	4	8.8313e-01	6.6359e-01	0.761856	1
DCUN1D2	4	8.8321e-01	6.6359e-01	0.761856	1
FSTL3	4	8.8327e-01	6.6359e-01	0.761856	1
KIF17	4	8.8338e-01	6.6359e-01	0.761856	1
SPARC	4	8.8347e-01	6.6359e-01	0.761856	1
UCMA	4	8.8351e-01	6.6359e-01	0.761856	1
MSS51	4	8.8352e-01	6.6359e-01	0.761856	1
KLF3	4	8.8361e-01	6.6359e-01	0.761856	1
DPRX	4	8.8371e-01	6.6359e-01	0.761856	1
MYL3	4	8.8375e-01	6.6359e-01	0.761856	1
RAD51AP2	4	8.8382e-01	6.6359e-01	0.761856	1
ACTN4	4	8.8384e-01	6.6359e-01	0.761856	1
CTXN1	4	8.8387e-01	6.6359e-01	0.761856	1
IP6K1	4	8.8391e-01	6.6359e-01	0.761856	1
MCIDAS	4	8.8394e-01	6.6359e-01	0.761856	1
FAM161B	4	8.8396e-01	6.6359e-01	0.761856	1
MATN4	4	8.8411e-01	6.6359e-01	0.761856	1
AKR1B1	4	8.8411e-01	6.6359e-01	0.761856	1
SLC17A1	4	8.8414e-01	6.6359e-01	0.761856	1
CCDC155	4	8.8428e-01	6.6359e-01	0.761856	1
OR9A2	4	8.8437e-01	6.6526e-01	0.761856	1
RIPK2	4	8.8444e-01	6.6526e-01	0.761856	1
TIE1	4	8.8447e-01	6.6526e-01	0.761856	1
GPR151	4	8.8461e-01	6.6526e-01	0.761856	1
CMTM1	4	8.8469e-01	6.6526e-01	0.761856	1
C9orf91	4	8.8471e-01	6.6526e-01	0.761856	1
PPP3CC	4	8.8478e-01	6.6526e-01	0.761856	1
ELOVL1	4	8.8504e-01	6.6526e-01	0.761856	1
SEMG1	4	8.8511e-01	6.6526e-01	0.761856	1
PSG9	4	8.8518e-01	6.6526e-01	0.761856	1
LPPR3	4	8.8518e-01	6.6526e-01	0.761856	1
APOC1	4	8.8520e-01	6.6526e-01	0.761856	1
C3orf14	4	8.8524e-01	6.6526e-01	0.761856	1
ZAR1	4	8.8526e-01	6.6526e-01	0.761856	1
KHK	4	8.8531e-01	6.6526e-01	0.761856	1
OSBPL1A	4	8.8535e-01	6.6526e-01	0.761856	1
TFAP2B	4	8.8537e-01	6.6526e-01	0.761856	1
RTP4	4	8.8547e-01	6.6526e-01	0.761856	1
ABCA3	4	8.8554e-01	6.6526e-01	0.761856	1
PATL2	4	8.8556e-01	6.6526e-01	0.761856	1
ZC3HC1	4	8.8560e-01	6.6526e-01	0.761856	1
RALGPS1	4	8.8564e-01	6.6526e-01	0.761856	1
ZSCAN16	4	8.8573e-01	6.6526e-01	0.761856	1
SULT1A4	4	8.8581e-01	6.6526e-01	0.761856	1
P2RX4	4	8.8584e-01	6.6526e-01	0.761856	1
USP16	4	8.8601e-01	6.6526e-01	0.761856	1
RANBP3L	4	8.8602e-01	6.6526e-01	0.761856	1
KXD1	3	8.8612e-01	6.3284e-01	0.754220	0
CUL7	4	8.8619e-01	6.6526e-01	0.761856	1
AK3	4	8.8640e-01	6.6526e-01	0.761856	1
TXLNG	4	8.8648e-01	6.6526e-01	0.761856	1
TBC1D1	4	8.8649e-01	6.6526e-01	0.761856	1
GPR156	4	8.8655e-01	6.6526e-01	0.761856	1
SCD5	4	8.8656e-01	6.6526e-01	0.761856	1
TIMMDC1	4	8.8657e-01	6.6526e-01	0.761856	1
PLXND1	4	8.8662e-01	6.6526e-01	0.761856	1
ADAL	4	8.8664e-01	6.6526e-01	0.761856	1
KLHL11	4	8.8669e-01	6.6526e-01	0.761856	1
S100A4	4	8.8687e-01	6.6526e-01	0.761856	1
ITPR3	4	8.8696e-01	6.6526e-01	0.761856	1
KRTAP10-4	4	8.8712e-01	6.6526e-01	0.761856	1
GAD1	4	8.8713e-01	6.6526e-01	0.761856	1
ANK1	4	8.8721e-01	6.6689e-01	0.761856	1
FMN1	4	8.8723e-01	6.6689e-01	0.761856	1
PASK	4	8.8727e-01	6.6689e-01	0.761856	1
PRSS54	4	8.8736e-01	6.6689e-01	0.761856	1
CLDN23	4	8.8744e-01	6.6689e-01	0.761856	1
ZNF560	4	8.8759e-01	6.6689e-01	0.761856	1
H1FX	4	8.8763e-01	6.6689e-01	0.761856	1
PLA2G2F	4	8.8765e-01	6.6689e-01	0.761856	1
PRKAA1	4	8.8778e-01	6.6689e-01	0.761856	1
SENP8	4	8.8782e-01	6.6689e-01	0.761856	1
DDX58	3	8.8783e-01	6.3441e-01	0.755768	0
WISP3	4	8.8793e-01	6.6689e-01	0.761856	1
EMILIN1	4	8.8801e-01	6.6689e-01	0.761856	1
FLNA	4	8.8803e-01	6.6689e-01	0.761856	1
CCSER1	4	8.8818e-01	6.6689e-01	0.761856	1
C11orf74	4	8.8826e-01	6.6689e-01	0.761856	1
RTN4RL1	4	8.8834e-01	6.6689e-01	0.761856	1
CRYBG3	4	8.8834e-01	6.6689e-01	0.761856	1
GOT1L1	4	8.8837e-01	6.6689e-01	0.761856	1
TGM6	4	8.8853e-01	6.6689e-01	0.761856	1
UNC45B	4	8.8871e-01	6.6689e-01	0.761856	1
PYROXD2	4	8.8872e-01	6.6689e-01	0.761856	1
LACC1	4	8.8873e-01	6.6689e-01	0.761856	1
ZPBP	4	8.8874e-01	6.6689e-01	0.761856	1
GPM6B	4	8.8878e-01	6.6689e-01	0.761856	1
SMIM18	4	8.8903e-01	6.6689e-01	0.761856	1
AMBN	4	8.8904e-01	6.6689e-01	0.761856	1
PTK7	4	8.8909e-01	6.6689e-01	0.761856	1
CYC1	4	8.8913e-01	6.6689e-01	0.761856	1
ETFDH	4	8.8913e-01	6.6689e-01	0.761856	1
ANKRD12	4	8.8919e-01	6.6689e-01	0.761856	1
CXorf65	4	8.8921e-01	6.6689e-01	0.761856	1
THAP6	4	8.8931e-01	6.6689e-01	0.761856	1
C20orf194	4	8.8933e-01	6.6689e-01	0.761856	1
CYP4A22	4	8.8939e-01	6.6689e-01	0.761856	1
ARL17A	4	8.8942e-01	6.6689e-01	0.761856	1
DENND1B	4	8.8946e-01	6.6689e-01	0.761856	1
ASAH1	4	8.8952e-01	6.6689e-01	0.761856	1
SPHK2	4	8.8970e-01	6.6689e-01	0.761856	1
FAM98C	4	8.8971e-01	6.6689e-01	0.761856	1
PSMD9	4	8.8973e-01	6.6689e-01	0.761856	1
FBXO2	4	8.8974e-01	6.6689e-01	0.761856	1
LRFN3	4	8.8985e-01	6.6689e-01	0.761856	1
PGF	4	8.8987e-01	6.6689e-01	0.761856	1
LRRD1	4	8.8990e-01	6.6689e-01	0.761856	1
INTU	4	8.8996e-01	6.6689e-01	0.761856	1
CDHR3	4	8.9003e-01	6.6689e-01	0.761856	1
HNRNPA0	4	8.9004e-01	6.6689e-01	0.761856	1
GREB1	4	8.9013e-01	6.6689e-01	0.761856	1
ZNF564	4	8.9017e-01	6.6689e-01	0.761856	1
OPN5	4	8.9032e-01	6.6689e-01	0.761856	1
MARCHF8	4	8.9035e-01	6.6689e-01	0.761856	1
CNBP	4	8.9039e-01	6.6689e-01	0.761856	1
ROBO4	4	8.9044e-01	6.6689e-01	0.761856	1
GNAZ	3	8.9045e-01	6.4045e-01	0.761248	0
CDK15	4	8.9052e-01	6.6689e-01	0.761856	1
ANKRD13A	4	8.9062e-01	6.6689e-01	0.761856	1
KIAA0232	4	8.9064e-01	6.6689e-01	0.761856	1
AVPR1A	4	8.9077e-01	6.6689e-01	0.761856	1
ABHD16A	4	8.9090e-01	6.6689e-01	0.761856	1
SMCHD1	4	8.9091e-01	6.6689e-01	0.761856	1
C20orf85	4	8.9092e-01	6.6689e-01	0.761856	1
TNFAIP8L2	4	8.9094e-01	6.6689e-01	0.761856	1
KCTD6	4	8.9104e-01	6.6689e-01	0.761856	1
OR4S2	4	8.9104e-01	6.6689e-01	0.761856	1
ACAP3	4	8.9105e-01	6.6689e-01	0.761856	1
GPA33	4	8.9121e-01	6.6689e-01	0.761856	1
GRIN2A	4	8.9129e-01	6.6689e-01	0.761856	1
CSF2RA	4	8.9130e-01	6.6689e-01	0.761856	1
FRMD3	4	8.9133e-01	6.6689e-01	0.761856	1
ZNF264	4	8.9139e-01	6.6689e-01	0.761856	1
IER5	4	8.9141e-01	6.6689e-01	0.761856	1
ZFP62	4	8.9144e-01	6.6852e-01	0.761856	1
TYW1B	4	8.9146e-01	6.6852e-01	0.761856	1
AP5B1	4	8.9148e-01	6.6852e-01	0.761856	1
PGAP1	4	8.9153e-01	6.6852e-01	0.761856	1
IL17F	4	8.9154e-01	6.6852e-01	0.761856	1
C1orf101	4	8.9163e-01	6.6852e-01	0.761856	1
SCGB1D4	4	8.9174e-01	6.6852e-01	0.761856	1
GYS2	4	8.9175e-01	6.6852e-01	0.761856	1
CT45A1	2	8.9182e-01	7.8578e-01	0.843047	0
NARF	4	8.9185e-01	6.6852e-01	0.761856	1
HOXA4	4	8.9189e-01	6.6852e-01	0.761856	1
DEPDC7	4	8.9192e-01	6.6852e-01	0.761856	1
OR5M3	4	8.9192e-01	6.6852e-01	0.761856	1
FKBP1B	4	8.9195e-01	6.6852e-01	0.761856	1
LOC100130370	4	8.9201e-01	6.7015e-01	0.761856	1
KLRC4-KLRK1	4	8.9202e-01	6.7015e-01	0.761856	1
KCTD8	4	8.9205e-01	6.7015e-01	0.761856	1
TMEM114	4	8.9212e-01	6.7015e-01	0.761856	1
C11orf30	4	8.9217e-01	6.7015e-01	0.761856	1
TMEM129	4	8.9219e-01	6.7015e-01	0.761856	1
SLC7A8	4	8.9220e-01	6.7015e-01	0.761856	1
GABRB2	4	8.9233e-01	6.7015e-01	0.761856	1
UBR1	4	8.9236e-01	6.7015e-01	0.761856	1
REEP1	4	8.9237e-01	6.7015e-01	0.761856	1
JAG1	4	8.9240e-01	6.7015e-01	0.761856	1
HIST1H4B	4	8.9243e-01	6.7015e-01	0.761856	1
KIAA0907	4	8.9246e-01	6.7015e-01	0.761856	1
GADD45G	4	8.9248e-01	6.7015e-01	0.761856	1
BTBD3	4	8.9261e-01	6.7015e-01	0.761856	1
ANXA8L1	4	8.9263e-01	6.7015e-01	0.761856	1
C2orf40	4	8.9273e-01	6.7015e-01	0.761856	1
SLC9A2	4	8.9277e-01	6.7015e-01	0.761856	1
ZP4	4	8.9278e-01	6.7015e-01	0.761856	1
UBE2Q2	4	8.9286e-01	6.7015e-01	0.761856	1
DTX2	4	8.9294e-01	6.7015e-01	0.761856	1
SKAP2	4	8.9296e-01	6.7015e-01	0.761856	1
ITPKA	4	8.9307e-01	6.7185e-01	0.761856	1
NSG1	4	8.9313e-01	6.7185e-01	0.761856	1
C1orf177	4	8.9315e-01	6.7185e-01	0.761856	1
BRS3	4	8.9321e-01	6.7185e-01	0.761856	1
ADSL	4	8.9326e-01	6.7185e-01	0.761856	1
GOLGA8A	4	8.9328e-01	6.7185e-01	0.761856	1
RLIM	4	8.9329e-01	6.7185e-01	0.761856	1
ARMC1	4	8.9342e-01	6.7347e-01	0.761856	1
SLC26A8	4	8.9345e-01	6.7347e-01	0.761856	1
MPEG1	4	8.9349e-01	6.7347e-01	0.761856	1
ALDH1A2	4	8.9350e-01	6.7347e-01	0.761856	1
CA4	4	8.9360e-01	6.7347e-01	0.761856	1
TYW3	4	8.9361e-01	6.7347e-01	0.761856	1
FAM228B	4	8.9367e-01	6.7347e-01	0.761856	1
IGF2BP3	4	8.9372e-01	6.7347e-01	0.761856	1
ZNF331	4	8.9377e-01	6.7347e-01	0.761856	1
CT45A3	4	8.9378e-01	6.7347e-01	0.761856	1
ODF2	4	8.9386e-01	6.7507e-01	0.761856	1
PCYT1B	4	8.9395e-01	6.7507e-01	0.761856	1
UBE2K	4	8.9403e-01	6.7507e-01	0.761856	1
TCP10L2	4	8.9404e-01	6.7507e-01	0.761856	1
CNDP2	4	8.9408e-01	6.7507e-01	0.761856	1
LMO4	4	8.9428e-01	6.7507e-01	0.761856	1
LOC101929372	4	8.9429e-01	6.7507e-01	0.761856	1
ATP6V1E2	4	8.9432e-01	6.7507e-01	0.761856	1
LUM	4	8.9443e-01	6.7507e-01	0.761856	1
GPCPD1	4	8.9444e-01	6.7507e-01	0.761856	1
TGIF2LX	4	8.9456e-01	6.7507e-01	0.761856	1
KIF13B	4	8.9476e-01	6.7507e-01	0.761856	1
PRKCA	4	8.9481e-01	6.7676e-01	0.761856	1
GSN	4	8.9483e-01	6.7676e-01	0.761856	1
SLC39A10	4	8.9485e-01	6.7676e-01	0.761856	1
SETD3	4	8.9502e-01	6.7676e-01	0.761856	1
FRAS1	4	8.9503e-01	6.7676e-01	0.761856	1
KLK14	4	8.9506e-01	6.7676e-01	0.761856	1
CBLN2	4	8.9511e-01	6.7676e-01	0.761856	1
ZKSCAN5	4	8.9512e-01	6.7676e-01	0.761856	1
SRCIN1	4	8.9513e-01	6.7676e-01	0.761856	1
GPR137C	4	8.9514e-01	6.7676e-01	0.761856	1
NPHP3	4	8.9516e-01	6.7676e-01	0.761856	1
PRDX6	4	8.9524e-01	6.7676e-01	0.761856	1
ETV4	4	8.9529e-01	6.7676e-01	0.761856	1
OR52E4	4	8.9534e-01	6.7676e-01	0.761856	1
GP6	4	8.9549e-01	6.7676e-01	0.761856	1
ZDHHC1	4	8.9550e-01	6.7676e-01	0.761856	1
SVEP1	4	8.9563e-01	6.7843e-01	0.761856	1
TSPAN7	4	8.9573e-01	6.7843e-01	0.761856	1
C11orf45	4	8.9574e-01	6.7843e-01	0.761856	1
CPLX3	4	8.9578e-01	6.7843e-01	0.761856	1
OR8D4	4	8.9583e-01	6.7843e-01	0.761856	1
BBC3	4	8.9599e-01	6.7843e-01	0.761856	1
SARM1	4	8.9608e-01	6.7843e-01	0.761856	1
SLC44A1	4	8.9611e-01	6.7843e-01	0.761856	1
NPL	4	8.9616e-01	6.7843e-01	0.761856	1
HAPLN3	4	8.9621e-01	6.7843e-01	0.761856	1
PRIMA1	4	8.9623e-01	6.7843e-01	0.761856	1
C8orf34	4	8.9635e-01	6.7843e-01	0.761856	1
KLHL30	4	8.9636e-01	6.7843e-01	0.761856	1
LRRC15	4	8.9641e-01	6.7843e-01	0.761856	1
BIRC8	4	8.9643e-01	6.7843e-01	0.761856	1
TMEM218	4	8.9648e-01	6.7843e-01	0.761856	1
SCNM1	4	8.9660e-01	6.7843e-01	0.761856	1
FAM134A	4	8.9666e-01	6.7843e-01	0.761856	1
SCAMP1	4	8.9699e-01	6.7843e-01	0.761856	1
HIVEP2	4	8.9700e-01	6.7843e-01	0.761856	1
HLA-DQA2	4	8.9704e-01	6.7843e-01	0.761856	1
ALDH1L1	4	8.9705e-01	6.7843e-01	0.761856	1
MFI2	4	8.9707e-01	6.7843e-01	0.761856	1
C17orf62	4	8.9715e-01	6.7843e-01	0.761856	1
MOCS2	4	8.9730e-01	6.7843e-01	0.761856	1
SPATA22	4	8.9738e-01	6.7843e-01	0.761856	1
NAPB	4	8.9741e-01	6.7843e-01	0.761856	1
C12orf79	4	8.9742e-01	6.7843e-01	0.761856	1
ZASP	4	8.9746e-01	6.7843e-01	0.761856	1
ADGRD1	3	8.9762e-01	6.6881e-01	0.761856	0
MLX	4	8.9765e-01	6.7843e-01	0.761856	1
ASPG	4	8.9767e-01	6.7843e-01	0.761856	1
SNX14	4	8.9768e-01	6.7843e-01	0.761856	1
SLC26A2	4	8.9772e-01	6.7843e-01	0.761856	1
ZNF585B	4	8.9779e-01	6.7843e-01	0.761856	1
LCE1F	4	8.9796e-01	6.7843e-01	0.761856	1
GRP	4	8.9797e-01	6.7843e-01	0.761856	1
TREX1	4	8.9806e-01	6.7843e-01	0.761856	1
N4BP2	4	8.9810e-01	6.7843e-01	0.761856	1
NUDT5	4	8.9819e-01	6.7843e-01	0.761856	1
NUDT4	4	8.9820e-01	6.7843e-01	0.761856	1
CLSTN2	4	8.9823e-01	6.7843e-01	0.761856	1
NEO1	4	8.9824e-01	6.7843e-01	0.761856	1
PHRF1	4	8.9830e-01	6.7843e-01	0.761856	1
CLDN11	4	8.9838e-01	6.7843e-01	0.761856	1
AIP	4	8.9845e-01	6.7843e-01	0.761856	1
AKR1A1	4	8.9847e-01	6.7843e-01	0.761856	1
SMPDL3A	4	8.9848e-01	6.7843e-01	0.761856	1
FOLR1	4	8.9851e-01	6.7843e-01	0.761856	1
DSCR3	4	8.9856e-01	6.7843e-01	0.761856	1
MEIS1	4	8.9859e-01	6.7843e-01	0.761856	1
TUBB2B	4	8.9860e-01	6.7843e-01	0.761856	1
STMN2	4	8.9865e-01	6.7843e-01	0.761856	1
KLRC3	4	8.9870e-01	6.7843e-01	0.761856	1
MDM4	4	8.9875e-01	6.7843e-01	0.761856	1
FAM155A	4	8.9877e-01	6.7843e-01	0.761856	1
DCAF5	4	8.9911e-01	6.7843e-01	0.761856	1
CHP1	4	8.9923e-01	6.7843e-01	0.761856	1
CUZD1	4	8.9925e-01	6.7843e-01	0.761856	1
DIO1	4	8.9926e-01	6.7843e-01	0.761856	1
MERTK	4	8.9936e-01	6.8007e-01	0.761856	1
NSMAF	4	8.9937e-01	6.8007e-01	0.761856	1
SS18	4	8.9943e-01	6.8007e-01	0.761856	1
ZNF614	4	8.9950e-01	6.8007e-01	0.761856	1
IAPP	4	8.9952e-01	6.8007e-01	0.761856	1
CLDN20	4	8.9967e-01	6.8007e-01	0.761856	1
ABCB10	4	8.9970e-01	6.8007e-01	0.761856	1
PPP2R2A	4	8.9972e-01	6.8007e-01	0.761856	1
CBY1	4	8.9980e-01	6.8007e-01	0.761856	1
TCN1	4	8.9999e-01	6.8007e-01	0.761856	1
STK35	4	9.0010e-01	6.8007e-01	0.761856	1
IL13RA1	4	9.0012e-01	6.8007e-01	0.761856	1
VSIG10L	4	9.0026e-01	6.8007e-01	0.761856	1
AKR1C4	4	9.0033e-01	6.8007e-01	0.761856	1
DCAF8L1	4	9.0039e-01	6.8007e-01	0.761856	1
PPP1R15A	4	9.0043e-01	6.8007e-01	0.761856	1
RIC3	4	9.0055e-01	6.8007e-01	0.761856	1
SETSIP	4	9.0059e-01	6.8007e-01	0.761856	1
FCHSD1	4	9.0062e-01	6.8007e-01	0.761856	1
ERCC8	4	9.0066e-01	6.8007e-01	0.761856	1
SIK1	4	9.0071e-01	6.8007e-01	0.761856	1
DNAJC27	4	9.0074e-01	6.8007e-01	0.761856	1
GBP2	4	9.0078e-01	6.8007e-01	0.761856	1
CD8B	4	9.0098e-01	6.8007e-01	0.761856	1
C8B	4	9.0108e-01	6.8172e-01	0.761856	1
HTR5A	4	9.0110e-01	6.8172e-01	0.761856	1
SYN3	4	9.0113e-01	6.8172e-01	0.761856	1
HTR3E	4	9.0127e-01	6.8172e-01	0.761856	1
MYH11	4	9.0130e-01	6.8172e-01	0.761856	1
FAM63B	4	9.0131e-01	6.8172e-01	0.761856	1
DGAT1	4	9.0133e-01	6.8172e-01	0.761856	1
SMIM22	4	9.0134e-01	6.8172e-01	0.761856	1
ENPP7	4	9.0138e-01	6.8172e-01	0.761856	1
YWHAG	4	9.0140e-01	6.8172e-01	0.761856	1
ZNF276	4	9.0148e-01	6.8172e-01	0.761856	1
NWD2	4	9.0149e-01	6.8172e-01	0.761856	1
CHD1L	4	9.0159e-01	6.8172e-01	0.761856	1
DNAJC30	4	9.0170e-01	6.8172e-01	0.761856	1
APPL2	4	9.0176e-01	6.8172e-01	0.761856	1
SELM	4	9.0183e-01	6.8172e-01	0.761856	1
FBXL2	4	9.0187e-01	6.8172e-01	0.761856	1
MTMR14	4	9.0188e-01	6.8172e-01	0.761856	1
TMEM183A	4	9.0188e-01	6.8172e-01	0.761856	1
CHD1	4	9.0199e-01	6.8172e-01	0.761856	1
DPYSL3	4	9.0208e-01	6.8172e-01	0.761856	1
SPRY4	4	9.0217e-01	6.8172e-01	0.761856	1
ZC3H12B	4	9.0220e-01	6.8172e-01	0.761856	1
WNT3A	4	9.0226e-01	6.8172e-01	0.761856	1
GRK4	4	9.0229e-01	6.8172e-01	0.761856	1
CMYA5	4	9.0230e-01	6.8172e-01	0.761856	1
KPNA3	4	9.0235e-01	6.8172e-01	0.761856	1
INCA1	4	9.0236e-01	6.8172e-01	0.761856	1
OGFRL1	4	9.0238e-01	6.8172e-01	0.761856	1
OR10G9	4	9.0244e-01	6.8172e-01	0.761856	1
PLXNB3	4	9.0248e-01	6.8172e-01	0.761856	1
CELA2B	4	9.0251e-01	6.8172e-01	0.761856	1
SFTPA2	4	9.0254e-01	6.8172e-01	0.761856	1
C5	4	9.0257e-01	6.8172e-01	0.761856	1
KIR2DL4	3	9.0259e-01	6.8571e-01	0.761856	0
CENPT	4	9.0261e-01	6.8172e-01	0.761856	1
ERP29	4	9.0270e-01	6.8172e-01	0.761856	1
BBOX1	4	9.0271e-01	6.8172e-01	0.761856	1
HSPH1	4	9.0274e-01	6.8172e-01	0.761856	1
ATP9B	4	9.0277e-01	6.8172e-01	0.761856	1
NAA11	4	9.0291e-01	6.8172e-01	0.761856	1
HCRTR1	4	9.0321e-01	6.8172e-01	0.761856	1
C9orf24	4	9.0321e-01	6.8172e-01	0.761856	1
IQSEC2	4	9.0323e-01	6.8172e-01	0.761856	1
DZIP1L	4	9.0326e-01	6.8172e-01	0.761856	1
TTC19	4	9.0335e-01	6.8172e-01	0.761856	1
SPANXA2	4	9.0352e-01	6.8172e-01	0.761856	1
CACNG6	4	9.0356e-01	6.8172e-01	0.761856	1
ADPRH	4	9.0360e-01	6.8172e-01	0.761856	1
MEPE	4	9.0378e-01	6.8172e-01	0.761856	1
FIGF	4	9.0382e-01	6.8172e-01	0.761856	1
C9orf106	4	9.0384e-01	6.8172e-01	0.761856	1
RIMBP3C	4	9.0391e-01	6.8172e-01	0.761856	1
ATP13A5	4	9.0394e-01	6.8172e-01	0.761856	1
SBK2	4	9.0395e-01	6.8172e-01	0.761856	1
PROK1	4	9.0397e-01	6.8172e-01	0.761856	1
VWA3A	4	9.0403e-01	6.8172e-01	0.761856	1
B4GALT1	4	9.0409e-01	6.8172e-01	0.761856	1
SMDT1	4	9.0410e-01	6.8172e-01	0.761856	1
SYNJ2BP-COX16	4	9.0419e-01	6.8172e-01	0.761856	1
HGD	4	9.0419e-01	6.8172e-01	0.761856	1
CACFD1	4	9.0422e-01	6.8172e-01	0.761856	1
ARHGAP15	4	9.0432e-01	6.8172e-01	0.761856	1
MPC2	4	9.0433e-01	6.8172e-01	0.761856	1
SFRP1	4	9.0435e-01	6.8172e-01	0.761856	1
SFTA3	4	9.0441e-01	6.8172e-01	0.761856	1
CARD10	4	9.0446e-01	6.8172e-01	0.761856	1
ERN2	4	9.0459e-01	6.8172e-01	0.761856	1
RIMS4	4	9.0470e-01	6.8172e-01	0.761856	1
GFRAL	4	9.0474e-01	6.8172e-01	0.761856	1
MRGPRD	4	9.0476e-01	6.8172e-01	0.761856	1
C8A	4	9.0481e-01	6.8172e-01	0.761856	1
CRIP2	4	9.0483e-01	6.8172e-01	0.761856	1
FXYD3	4	9.0496e-01	6.8172e-01	0.761856	1
SLC7A4	4	9.0499e-01	6.8172e-01	0.761856	1
NFIL3	4	9.0510e-01	6.8172e-01	0.761856	1
ZCCHC14	4	9.0512e-01	6.8172e-01	0.761856	1
LRCH4	4	9.0517e-01	6.8172e-01	0.761856	1
FBXW8	4	9.0531e-01	6.8172e-01	0.761856	1
C22orf15	4	9.0534e-01	6.8172e-01	0.761856	1
PUSL1	4	9.0544e-01	6.8172e-01	0.761856	1
SPNS2	4	9.0553e-01	6.8172e-01	0.761856	1
PIANP	4	9.0559e-01	6.8172e-01	0.761856	1
NKIRAS2	4	9.0565e-01	6.8172e-01	0.761856	1
GJC2	4	9.0568e-01	6.8172e-01	0.761856	1
TAZ	4	9.0570e-01	6.8172e-01	0.761856	1
TMEM117	4	9.0576e-01	6.8172e-01	0.761856	1
XK	4	9.0587e-01	6.8172e-01	0.761856	1
GKAP1	4	9.0588e-01	6.8172e-01	0.761856	1
XKR8	4	9.0601e-01	6.8172e-01	0.761856	1
BRI3	4	9.0610e-01	6.8172e-01	0.761856	1
FLAD1	4	9.0616e-01	6.8172e-01	0.761856	1
HDAC1	4	9.0617e-01	6.8172e-01	0.761856	1
KCNQ4	4	9.0620e-01	6.8172e-01	0.761856	1
NEK5	4	9.0625e-01	6.8172e-01	0.761856	1
ZNF350	4	9.0645e-01	6.8172e-01	0.761856	1
PRR20D	4	9.0652e-01	6.8172e-01	0.761856	1
CKMT2	4	9.0655e-01	6.8172e-01	0.761856	1
FAM50B	4	9.0656e-01	6.8172e-01	0.761856	1
IDH3G	4	9.0657e-01	6.8172e-01	0.761856	1
MARCHF3	4	9.0664e-01	6.8172e-01	0.761856	1
ACAD11	4	9.0668e-01	6.8340e-01	0.761856	1
GPR21	4	9.0673e-01	6.8340e-01	0.761856	1
SLC24A2	4	9.0675e-01	6.8340e-01	0.761856	1
KRTAP4-9	4	9.0687e-01	6.8340e-01	0.761856	1
FAM19A4	4	9.0705e-01	6.8511e-01	0.761856	1
CCDC107	4	9.0710e-01	6.8511e-01	0.761856	1
LCLAT1	4	9.0713e-01	6.8511e-01	0.761856	1
GPT	4	9.0714e-01	6.8511e-01	0.761856	1
HSDL1	4	9.0725e-01	6.8511e-01	0.761856	1
SCG5	4	9.0726e-01	6.8511e-01	0.761856	1
OR51E2	4	9.0727e-01	6.8511e-01	0.761856	1
HAND1	4	9.0730e-01	6.8511e-01	0.761856	1
ZNF251	4	9.0732e-01	6.8511e-01	0.761856	1
DEFB112	4	9.0734e-01	6.8511e-01	0.761856	1
THBS2	4	9.0736e-01	6.8511e-01	0.761856	1
ZNF133	4	9.0741e-01	6.8511e-01	0.761856	1
PROSER1	4	9.0757e-01	6.8511e-01	0.761856	1
SPEM1	4	9.0771e-01	6.8511e-01	0.761856	1
DHX34	4	9.0774e-01	6.8511e-01	0.761856	1
TOPAZ1	4	9.0780e-01	6.8511e-01	0.761856	1
ZNF772	4	9.0782e-01	6.8511e-01	0.761856	1
NUPR1	4	9.0785e-01	6.8511e-01	0.761856	1
LGALS3	4	9.0792e-01	6.8511e-01	0.761856	1
CYB561D2	4	9.0798e-01	6.8511e-01	0.761856	1
GPD1	4	9.0813e-01	6.8511e-01	0.761856	1
LTBP1	4	9.0822e-01	6.8511e-01	0.761856	1
ERVMER34-1	4	9.0824e-01	6.8511e-01	0.761856	1
GDF2	4	9.0825e-01	6.8511e-01	0.761856	1
FKBP7	4	9.0832e-01	6.8511e-01	0.761856	1
RNF214	4	9.0844e-01	6.8511e-01	0.761856	1
ADNP2	4	9.0845e-01	6.8511e-01	0.761856	1
RPS4Y2	4	9.0846e-01	6.8511e-01	0.761856	1
STYK1	4	9.0848e-01	6.8511e-01	0.761856	1
STK38L	4	9.0855e-01	6.8511e-01	0.761856	1
SLC7A9	4	9.0862e-01	6.8511e-01	0.761856	1
ANXA2	4	9.0866e-01	6.8511e-01	0.761856	1
FAM98A	4	9.0867e-01	6.8511e-01	0.761856	1
CADPS	4	9.0873e-01	6.8511e-01	0.761856	1
LYPD6	4	9.0873e-01	6.8511e-01	0.761856	1
CREG2	4	9.0887e-01	6.8511e-01	0.761856	1
NDUFS4	4	9.0889e-01	6.8511e-01	0.761856	1
C17orf80	4	9.0897e-01	6.8680e-01	0.761856	1
SIVA1	4	9.0899e-01	6.8680e-01	0.761856	1
PYGL	4	9.0903e-01	6.8680e-01	0.761856	1
HMGCS2	4	9.0911e-01	6.8680e-01	0.761856	1
FBXO43	4	9.0915e-01	6.8680e-01	0.761856	1
KIAA1328	4	9.0920e-01	6.8680e-01	0.761856	1
THAP8	4	9.0930e-01	6.8680e-01	0.761856	1
TREM1	4	9.0934e-01	6.8680e-01	0.761856	1
TST	4	9.0935e-01	6.8680e-01	0.761856	1
SECISBP2L	4	9.0954e-01	6.8680e-01	0.761856	1
PKHD1	4	9.0955e-01	6.8680e-01	0.761856	1
ANKRD33	4	9.0960e-01	6.8680e-01	0.761856	1
SDHAF3	4	9.0962e-01	6.8680e-01	0.761856	1
FAM109B	3	9.0963e-01	7.0089e-01	0.772022	0
CAMK1G	4	9.0968e-01	6.8680e-01	0.761856	1
AQP4	4	9.0971e-01	6.8680e-01	0.761856	1
LIPI	4	9.0972e-01	6.8680e-01	0.761856	1
WDR64	4	9.0978e-01	6.8680e-01	0.761856	1
OR8D1	4	9.0982e-01	6.8680e-01	0.761856	1
APBA2	4	9.0985e-01	6.8680e-01	0.761856	1
ERBB2IP	4	9.0987e-01	6.8680e-01	0.761856	1
CSNK1D	4	9.0997e-01	6.8680e-01	0.761856	1
TCF15	4	9.1001e-01	6.8680e-01	0.761856	1
UGT2B17	4	9.1002e-01	6.8680e-01	0.761856	1
ADRB2	4	9.1003e-01	6.8680e-01	0.761856	1
CCDC116	4	9.1014e-01	6.8680e-01	0.761856	1
OR5M9	4	9.1024e-01	6.8680e-01	0.761856	1
ZSWIM6	4	9.1028e-01	6.8680e-01	0.761856	1
GNMT	4	9.1032e-01	6.8680e-01	0.761856	1
TMEM241	4	9.1042e-01	6.8680e-01	0.761856	1
DNASE1L1	4	9.1048e-01	6.8680e-01	0.761856	1
OR10S1	4	9.1049e-01	6.8680e-01	0.761856	1
SHROOM1	4	9.1053e-01	6.8680e-01	0.761856	1
SYTL4	4	9.1056e-01	6.8680e-01	0.761856	1
GRAMD1A	4	9.1062e-01	6.8680e-01	0.761856	1
RFX6	4	9.1078e-01	6.8680e-01	0.761856	1
CES2	4	9.1087e-01	6.8680e-01	0.761856	1
BMPR1A	4	9.1093e-01	6.8680e-01	0.761856	1
DCAF17	4	9.1097e-01	6.8680e-01	0.761856	1
TMEM98	4	9.1098e-01	6.8680e-01	0.761856	1
NT5C1B	4	9.1106e-01	6.8680e-01	0.761856	1
RNFT1	4	9.1114e-01	6.8680e-01	0.761856	1
ETV1	4	9.1123e-01	6.8680e-01	0.761856	1
FAM109A	4	9.1127e-01	6.8680e-01	0.761856	1
GTF2I	4	9.1143e-01	6.8680e-01	0.761856	1
KRCC1	4	9.1147e-01	6.8680e-01	0.761856	1
RNPEPL1	4	9.1157e-01	6.8680e-01	0.761856	1
CCNT2	4	9.1162e-01	6.8680e-01	0.761856	1
THBS4	4	9.1166e-01	6.8680e-01	0.761856	1
UCHL1	4	9.1170e-01	6.8680e-01	0.761856	1
TBL1X	4	9.1196e-01	6.8680e-01	0.761856	1
USP17L11	4	9.1198e-01	6.8680e-01	0.761856	1
CAPS	4	9.1199e-01	6.8680e-01	0.761856	1
TPGS2	4	9.1206e-01	6.8680e-01	0.761856	1
TEAD2	4	9.1217e-01	6.8680e-01	0.761856	1
GIMAP6	4	9.1218e-01	6.8680e-01	0.761856	1
FOXN1	4	9.1225e-01	6.8680e-01	0.761856	1
TEX30	4	9.1227e-01	6.8680e-01	0.761856	1
RIPK4	4	9.1229e-01	6.8680e-01	0.761856	1
SPG7	4	9.1231e-01	6.8680e-01	0.761856	1
FABP9	4	9.1244e-01	6.8680e-01	0.761856	1
DCP1B	4	9.1256e-01	6.8680e-01	0.761856	1
ZNF527	4	9.1258e-01	6.8680e-01	0.761856	1
AGER	4	9.1260e-01	6.8680e-01	0.761856	1
OR5L1	4	9.1271e-01	6.8680e-01	0.761856	1
CSTF2	4	9.1282e-01	6.8680e-01	0.761856	1
MROH2B	4	9.1285e-01	6.8680e-01	0.761856	1
GPR39	4	9.1286e-01	6.8680e-01	0.761856	1
CASQ2	4	9.1287e-01	6.8680e-01	0.761856	1
SPHAR	2	9.1289e-01	8.3960e-01	0.882538	0
NR0B1	4	9.1310e-01	6.8840e-01	0.761856	1
REC114	4	9.1325e-01	6.8840e-01	0.761856	1
DLC1	4	9.1326e-01	6.8840e-01	0.761856	1
ADGRA3	4	9.1328e-01	6.8840e-01	0.761856	1
LRRC16A	4	9.1328e-01	6.8840e-01	0.761856	1
APOL6	4	9.1329e-01	6.8840e-01	0.761856	1
GDPD4	4	9.1343e-01	6.8840e-01	0.761856	1
MAP2K3	4	9.1350e-01	6.8840e-01	0.761856	1
ZNF516	4	9.1358e-01	6.8840e-01	0.761856	1
SLCO2B1	4	9.1362e-01	6.8840e-01	0.761856	1
CSPP1	4	9.1364e-01	6.8840e-01	0.761856	1
KRBOX4	4	9.1368e-01	6.8840e-01	0.761856	1
ATPAF1	4	9.1370e-01	6.8840e-01	0.761856	1
FAM222A	4	9.1373e-01	6.8840e-01	0.761856	1
ZBTB22	4	9.1375e-01	6.8840e-01	0.761856	1
SGCE	4	9.1384e-01	6.8840e-01	0.761856	1
RASSF8	4	9.1388e-01	6.8840e-01	0.761856	1
SLC24A1	4	9.1398e-01	6.8840e-01	0.761856	1
SIGLEC14	4	9.1401e-01	6.8840e-01	0.761856	1
SH3BGRL3	4	9.1401e-01	6.8840e-01	0.761856	1
NAT8B	4	9.1410e-01	6.8840e-01	0.761856	1
ACTR3C	4	9.1411e-01	6.8840e-01	0.761856	1
ARHGAP35	4	9.1417e-01	6.8840e-01	0.761856	1
ADPRHL2	4	9.1419e-01	6.8840e-01	0.761856	1
PEA15	4	9.1421e-01	6.8840e-01	0.761856	1
SRI	4	9.1430e-01	6.8840e-01	0.761856	1
MTA3	4	9.1431e-01	6.8840e-01	0.761856	1
AKAP9	4	9.1433e-01	6.8840e-01	0.761856	1
PLCB2	4	9.1435e-01	6.8840e-01	0.761856	1
ARL5B	4	9.1436e-01	6.8840e-01	0.761856	1
OR10G4	4	9.1438e-01	6.8840e-01	0.761856	1
PTGES	4	9.1443e-01	6.8840e-01	0.761856	1
GRPEL2	4	9.1444e-01	6.8840e-01	0.761856	1
ROGDI	4	9.1458e-01	6.8840e-01	0.761856	1
WBP1L	4	9.1459e-01	6.8840e-01	0.761856	1
ITGA2B	4	9.1459e-01	6.8840e-01	0.761856	1
SH3RF1	4	9.1463e-01	6.8840e-01	0.761856	1
TPTE2	4	9.1466e-01	6.8840e-01	0.761856	1
DFFA	4	9.1469e-01	6.8840e-01	0.761856	1
ABCA6	4	9.1470e-01	6.8840e-01	0.761856	1
SLC1A1	4	9.1470e-01	6.8840e-01	0.761856	1
PTF1A	4	9.1478e-01	6.8840e-01	0.761856	1
OTUB2	4	9.1480e-01	6.8840e-01	0.761856	1
CAPN5	4	9.1484e-01	6.8840e-01	0.761856	1
ACY3	4	9.1488e-01	6.8840e-01	0.761856	1
PDXDC1	4	9.1488e-01	6.8840e-01	0.761856	1
CCDC14	4	9.1495e-01	6.8840e-01	0.761856	1
B4GALT4	4	9.1496e-01	6.8840e-01	0.761856	1
ZNF280B	4	9.1500e-01	6.8840e-01	0.761856	1
UNC5D	4	9.1502e-01	6.8840e-01	0.761856	1
DSG3	4	9.1510e-01	6.8840e-01	0.761856	1
KRT37	4	9.1512e-01	6.8840e-01	0.761856	1
GCDH	4	9.1513e-01	6.8840e-01	0.761856	1
MMP21	4	9.1514e-01	6.8840e-01	0.761856	1
TULP2	3	9.1522e-01	7.1677e-01	0.787468	0
ABL2	4	9.1530e-01	6.8840e-01	0.761856	1
SLC39A14	4	9.1535e-01	6.8840e-01	0.761856	1
ADAMTS10	4	9.1541e-01	6.8840e-01	0.761856	1
TSPAN13	4	9.1549e-01	6.8840e-01	0.761856	1
JAK2	4	9.1555e-01	6.8840e-01	0.761856	1
RPGR	4	9.1557e-01	6.8840e-01	0.761856	1
DSE	4	9.1560e-01	6.8840e-01	0.761856	1
TMEM170B	4	9.1571e-01	6.8840e-01	0.761856	1
FAM20A	4	9.1586e-01	6.8840e-01	0.761856	1
IGSF11	4	9.1587e-01	6.8840e-01	0.761856	1
ZNF234	4	9.1592e-01	6.8840e-01	0.761856	1
DCN	4	9.1598e-01	6.8840e-01	0.761856	1
KCNMB1	4	9.1600e-01	6.8840e-01	0.761856	1
SLC9A3R2	4	9.1610e-01	6.8840e-01	0.761856	1
KDM6A	4	9.1616e-01	6.8840e-01	0.761856	1
LOC100130357	4	9.1620e-01	6.8840e-01	0.761856	1
OR2A25	4	9.1646e-01	6.8840e-01	0.761856	1
POLDIP2	4	9.1648e-01	6.8840e-01	0.761856	1
HEBP2	4	9.1656e-01	6.8840e-01	0.761856	1
GLUD1	4	9.1658e-01	6.8840e-01	0.761856	1
OR4K13	4	9.1669e-01	6.8840e-01	0.761856	1
SCP2D1	4	9.1671e-01	6.8840e-01	0.761856	1
GSK3B	4	9.1698e-01	6.8840e-01	0.761856	1
OR2M7	4	9.1707e-01	6.8840e-01	0.761856	1
IL2RG	4	9.1708e-01	6.8840e-01	0.761856	1
C8orf44-SGK3	4	9.1714e-01	6.8840e-01	0.761856	1
FCRL3	4	9.1717e-01	6.8840e-01	0.761856	1
LTB	4	9.1725e-01	6.8840e-01	0.761856	1
CAGE1	4	9.1753e-01	6.8840e-01	0.761856	1
MSANTD3-TMEFF1	4	9.1758e-01	6.8840e-01	0.761856	1
ZNF34	4	9.1765e-01	6.8840e-01	0.761856	1
LZIC	4	9.1766e-01	6.8840e-01	0.761856	1
RERGL	4	9.1775e-01	6.8840e-01	0.761856	1
OR6C68	4	9.1776e-01	6.8840e-01	0.761856	1
SYTL2	4	9.1777e-01	6.8840e-01	0.761856	1
PSG5	4	9.1780e-01	6.8840e-01	0.761856	1
CFAP47	4	9.1788e-01	6.8840e-01	0.761856	1
SMAD7	3	9.1789e-01	7.2187e-01	0.790935	0
C1orf43	4	9.1790e-01	6.8840e-01	0.761856	1
PBK	4	9.1793e-01	6.8840e-01	0.761856	1
IRX1	4	9.1794e-01	6.8840e-01	0.761856	1
C1QTNF2	4	9.1796e-01	6.8840e-01	0.761856	1
SAMD9L	4	9.1818e-01	6.8840e-01	0.761856	1
USP53	4	9.1822e-01	6.8840e-01	0.761856	1
LRIG1	4	9.1831e-01	6.8840e-01	0.761856	1
STK33	4	9.1832e-01	6.8840e-01	0.761856	1
NDRG2	4	9.1834e-01	6.8840e-01	0.761856	1
ICA1L	4	9.1838e-01	6.8840e-01	0.761856	1
EPHA5	4	9.1850e-01	6.8840e-01	0.761856	1
NDUFS6	4	9.1856e-01	6.8840e-01	0.761856	1
IL34	4	9.1859e-01	6.8840e-01	0.761856	1
DEFB116	4	9.1860e-01	6.8840e-01	0.761856	1
GAS6	4	9.1862e-01	6.8840e-01	0.761856	1
TBCEL	4	9.1866e-01	6.8840e-01	0.761856	1
UGT1A9	4	9.1879e-01	6.8840e-01	0.761856	1
DISP2	4	9.1882e-01	6.8840e-01	0.761856	1
HAL	4	9.1884e-01	6.8840e-01	0.761856	1
PAK3	4	9.1901e-01	6.8840e-01	0.761856	1
TMCO1	4	9.1905e-01	6.8840e-01	0.761856	1
OR8K1	4	9.1908e-01	6.8840e-01	0.761856	1
TRIM10	4	9.1919e-01	6.8840e-01	0.761856	1
RBM43	4	9.1920e-01	6.8840e-01	0.761856	1
C9orf69	4	9.1923e-01	6.8840e-01	0.761856	1
ENTPD4	4	9.1926e-01	6.8840e-01	0.761856	1
GYS1	4	9.1933e-01	6.8840e-01	0.761856	1
ARHGEF39	4	9.1947e-01	6.8840e-01	0.761856	1
DKK2	4	9.1947e-01	6.8840e-01	0.761856	1
ERICH4	4	9.1949e-01	6.8840e-01	0.761856	1
FAM83G	4	9.1958e-01	6.8840e-01	0.761856	1
JUNB	4	9.1959e-01	6.8840e-01	0.761856	1
SYT16	4	9.1973e-01	6.8840e-01	0.761856	1
SCN5A	4	9.1976e-01	6.8840e-01	0.761856	1
ARSE	4	9.1993e-01	6.8840e-01	0.761856	1
NBL1	4	9.1997e-01	6.8840e-01	0.761856	1
CPB2	4	9.2002e-01	6.8840e-01	0.761856	1
BRPF3	4	9.2006e-01	6.8840e-01	0.761856	1
MDM1	4	9.2008e-01	6.8923e-01	0.761856	1
CTH	4	9.2014e-01	6.9007e-01	0.761856	1
NDUFV2	4	9.2018e-01	6.9007e-01	0.761856	1
DNAH5	4	9.2021e-01	6.9007e-01	0.761856	1
EXD3	4	9.2025e-01	6.9007e-01	0.761856	1
C22orf23	4	9.2032e-01	6.9007e-01	0.761856	1
HOGA1	4	9.2032e-01	6.9007e-01	0.761856	1
ZDHHC24	4	9.2036e-01	6.9007e-01	0.761856	1
FAM71E2	4	9.2047e-01	6.9007e-01	0.761856	1
RNF130	4	9.2052e-01	6.9007e-01	0.761856	1
C6orf89	4	9.2056e-01	6.9007e-01	0.761856	1
RANGRF	4	9.2061e-01	6.9007e-01	0.761856	1
TMEM234	4	9.2062e-01	6.9007e-01	0.761856	1
QPCTL	4	9.2070e-01	6.9007e-01	0.761856	1
DDO	4	9.2073e-01	6.9007e-01	0.761856	1
CLN5	4	9.2077e-01	6.9007e-01	0.761856	1
EDRF1	4	9.2087e-01	6.9007e-01	0.761856	1
PHF20L1	4	9.2090e-01	6.9007e-01	0.761856	1
VIPR2	4	9.2093e-01	6.9007e-01	0.761856	1
TMEM47	4	9.2097e-01	6.9007e-01	0.761856	1
SCRT1	4	9.2098e-01	6.9007e-01	0.761856	1
ZNF577	4	9.2104e-01	6.9007e-01	0.761856	1
TMEM59L	4	9.2106e-01	6.9007e-01	0.761856	1
VASP	4	9.2110e-01	6.9007e-01	0.761856	1
MSANTD4	4	9.2120e-01	6.9007e-01	0.761856	1
GOLGA5	4	9.2125e-01	6.9007e-01	0.761856	1
JAKMIP1	4	9.2136e-01	6.9007e-01	0.761856	1
HTR3C	4	9.2139e-01	6.9007e-01	0.761856	1
ZNF469	4	9.2140e-01	6.9007e-01	0.761856	1
CASP2	4	9.2144e-01	6.9007e-01	0.761856	1
TGFA	4	9.2150e-01	6.9007e-01	0.761856	1
EHD1	4	9.2150e-01	6.9007e-01	0.761856	1
WAS	4	9.2152e-01	6.9007e-01	0.761856	1
ACER2	4	9.2153e-01	6.9007e-01	0.761856	1
C10orf111	4	9.2154e-01	6.9007e-01	0.761856	1
GNPDA2	4	9.2157e-01	6.9007e-01	0.761856	1
HDAC6	4	9.2163e-01	6.9007e-01	0.761856	1
LRIF1	4	9.2170e-01	6.9007e-01	0.761856	1
CLDN14	4	9.2171e-01	6.9007e-01	0.761856	1
FAM110A	4	9.2181e-01	6.9007e-01	0.761856	1
SUSD5	4	9.2186e-01	6.9007e-01	0.761856	1
ANP32B	4	9.2187e-01	6.9007e-01	0.761856	1
ATXN1	4	9.2188e-01	6.9007e-01	0.761856	1
CXorf23	4	9.2192e-01	6.9007e-01	0.761856	1
LOC100132146	4	9.2209e-01	6.9007e-01	0.761856	1
RASAL2	4	9.2209e-01	6.9007e-01	0.761856	1
KIAA2018	4	9.2218e-01	6.9007e-01	0.761856	1
CRLF2	4	9.2238e-01	6.9007e-01	0.761856	1
SCARF2	4	9.2240e-01	6.9007e-01	0.761856	1
GSR	4	9.2243e-01	6.9007e-01	0.761856	1
MTNR1A	4	9.2256e-01	6.9007e-01	0.761856	1
SPATA31D1	4	9.2258e-01	6.9007e-01	0.761856	1
DNER	4	9.2264e-01	6.9007e-01	0.761856	1
BCL2L11	4	9.2275e-01	6.9007e-01	0.761856	1
ADAMTS16	4	9.2278e-01	6.9007e-01	0.761856	1
ERC2	4	9.2291e-01	6.9007e-01	0.761856	1
PAX7	4	9.2301e-01	6.9007e-01	0.761856	1
LINGO3	4	9.2305e-01	6.9007e-01	0.761856	1
HMGB2	4	9.2318e-01	6.9007e-01	0.761856	1
FAM84A	4	9.2320e-01	6.9007e-01	0.761856	1
MSRB1	4	9.2331e-01	6.9007e-01	0.761856	1
HIST1H2BM	4	9.2349e-01	6.9007e-01	0.761856	1
OXCT1	4	9.2352e-01	6.9007e-01	0.761856	1
SOHLH1	4	9.2365e-01	6.9007e-01	0.761856	1
ESYT2	4	9.2382e-01	6.9007e-01	0.761856	1
CNKSR2	4	9.2397e-01	6.9007e-01	0.761856	1
AGPAT6	4	9.2397e-01	6.9007e-01	0.761856	1
NPRL2	4	9.2401e-01	6.9007e-01	0.761856	1
PPP1R16B	4	9.2409e-01	6.9007e-01	0.761856	1
ITGA8	4	9.2417e-01	6.9007e-01	0.761856	1
MUSK	4	9.2424e-01	6.9007e-01	0.761856	1
PCNT	4	9.2425e-01	6.9007e-01	0.761856	1
NPHP1	4	9.2430e-01	6.9007e-01	0.761856	1
PAK1	4	9.2442e-01	6.9007e-01	0.761856	1
BBS1	4	9.2452e-01	6.9007e-01	0.761856	1
C2orf74	4	9.2474e-01	6.9007e-01	0.761856	1
CLDN25	4	9.2481e-01	6.9007e-01	0.761856	1
OSBPL8	4	9.2484e-01	6.9007e-01	0.761856	1
ATG2B	4	9.2491e-01	6.9007e-01	0.761856	1
ROPN1	4	9.2498e-01	6.9007e-01	0.761856	1
LCN12	4	9.2520e-01	6.9007e-01	0.761856	1
PTCH1	4	9.2525e-01	6.9007e-01	0.761856	1
IFFO2	4	9.2545e-01	6.9007e-01	0.761856	1
ATP6V1B1	4	9.2547e-01	6.9007e-01	0.761856	1
CD2AP	4	9.2548e-01	6.9007e-01	0.761856	1
RNF38	4	9.2555e-01	6.9007e-01	0.761856	1
ZBTB14	4	9.2561e-01	6.9007e-01	0.761856	1
LIPH	4	9.2562e-01	6.9007e-01	0.761856	1
NLRP8	4	9.2568e-01	6.9007e-01	0.761856	1
TMEM163	4	9.2570e-01	6.9007e-01	0.761856	1
SSFA2	4	9.2573e-01	6.9007e-01	0.761856	1
APITD1-CORT	4	9.2573e-01	6.9007e-01	0.761856	1
CHST13	4	9.2583e-01	6.9007e-01	0.761856	1
KLHL21	4	9.2594e-01	6.9007e-01	0.761856	1
SHB	4	9.2595e-01	6.9007e-01	0.761856	1
MROH2A	4	9.2598e-01	6.9007e-01	0.761856	1
CNTN4	4	9.2603e-01	6.9007e-01	0.761856	1
CYP46A1	4	9.2631e-01	6.9007e-01	0.761856	1
AP2A1	4	9.2636e-01	6.9007e-01	0.761856	1
C2CD4D	4	9.2643e-01	6.9007e-01	0.761856	1
SPTBN5	4	9.2651e-01	6.9007e-01	0.761856	1
PET117	4	9.2661e-01	6.9007e-01	0.761856	1
C9orf172	4	9.2666e-01	6.9007e-01	0.761856	1
SHANK2	4	9.2677e-01	6.9007e-01	0.761856	1
SEMA3B	4	9.2682e-01	6.9007e-01	0.761856	1
SPINT1	4	9.2684e-01	6.9007e-01	0.761856	1
SSTR5	4	9.2689e-01	6.9007e-01	0.761856	1
CARD16	4	9.2690e-01	6.9007e-01	0.761856	1
TMEM182	4	9.2695e-01	6.9007e-01	0.761856	1
AMZ1	4	9.2696e-01	6.9007e-01	0.761856	1
RBKS	4	9.2701e-01	6.9007e-01	0.761856	1
KRTAP11-1	4	9.2713e-01	6.9007e-01	0.761856	1
CHRNA6	4	9.2716e-01	6.9007e-01	0.761856	1
PEX10	4	9.2717e-01	6.9007e-01	0.761856	1
FLJ44635	4	9.2719e-01	6.9007e-01	0.761856	1
UBXN10	3	9.2723e-01	7.5980e-01	0.823202	0
FHOD3	4	9.2724e-01	6.9007e-01	0.761856	1
AQP11	4	9.2729e-01	6.9007e-01	0.761856	1
KRT73	4	9.2734e-01	6.9007e-01	0.761856	1
NPTX2	4	9.2743e-01	6.9007e-01	0.761856	1
HIST1H3A	4	9.2752e-01	6.9007e-01	0.761856	1
PLEKHG4B	4	9.2757e-01	6.9007e-01	0.761856	1
PTRF	4	9.2764e-01	6.9007e-01	0.761856	1
DCK	4	9.2772e-01	6.9007e-01	0.761856	1
PSG8	4	9.2779e-01	6.9007e-01	0.761856	1
ODF2L	4	9.2783e-01	6.9007e-01	0.761856	1
THTPA	4	9.2787e-01	6.9007e-01	0.761856	1
NTNG2	4	9.2791e-01	6.9007e-01	0.761856	1
CYYR1	4	9.2792e-01	6.9007e-01	0.761856	1
RBMY1F	4	9.2792e-01	6.9007e-01	0.761856	1
OR7G2	4	9.2793e-01	6.9007e-01	0.761856	1
TMEM189	4	9.2795e-01	6.9007e-01	0.761856	1
KNOP1	4	9.2797e-01	6.9007e-01	0.761856	1
EIF4E1B	4	9.2800e-01	6.9007e-01	0.761856	1
CCDC6	4	9.2804e-01	6.9007e-01	0.761856	1
PLAC4	4	9.2810e-01	6.9007e-01	0.761856	1
SLC22A4	4	9.2812e-01	6.9007e-01	0.761856	1
ZNF385C	4	9.2818e-01	6.9007e-01	0.761856	1
RBM15	4	9.2823e-01	6.9007e-01	0.761856	1
C1orf122	4	9.2826e-01	6.9007e-01	0.761856	1
ZNF836	4	9.2842e-01	6.9007e-01	0.761856	1
EPB41L2	4	9.2843e-01	6.9007e-01	0.761856	1
HIST1H3I	4	9.2845e-01	6.9007e-01	0.761856	1
HMX1	4	9.2856e-01	6.9007e-01	0.761856	1
GPHN	4	9.2860e-01	6.9007e-01	0.761856	1
GNG11	4	9.2868e-01	6.9007e-01	0.761856	1
DCAF4L2	4	9.2880e-01	6.9007e-01	0.761856	1
NEIL2	4	9.2883e-01	6.9007e-01	0.761856	1
NPRL3	4	9.2889e-01	6.9007e-01	0.761856	1
IGLL1	4	9.2897e-01	6.9007e-01	0.761856	1
FAM8A1	4	9.2900e-01	6.9007e-01	0.761856	1
EPS8L2	4	9.2905e-01	6.9007e-01	0.761856	1
LMAN2L	4	9.2908e-01	6.9007e-01	0.761856	1
PDZK1	4	9.2910e-01	6.9007e-01	0.761856	1
PXYLP1	4	9.2920e-01	6.9007e-01	0.761856	1
EGR4	4	9.2922e-01	6.9007e-01	0.761856	1
IDO2	4	9.2927e-01	6.9007e-01	0.761856	1
PIGN	4	9.2928e-01	6.9007e-01	0.761856	1
CREB3L4	4	9.2930e-01	6.9007e-01	0.761856	1
DAZL	4	9.2932e-01	6.9007e-01	0.761856	1
OSTN	4	9.2936e-01	6.9007e-01	0.761856	1
HS3ST2	4	9.2941e-01	6.9007e-01	0.761856	1
AFM	4	9.2943e-01	6.9007e-01	0.761856	1
TFEB	4	9.2947e-01	6.9007e-01	0.761856	1
PRCD	4	9.2951e-01	6.9007e-01	0.761856	1
NR0B2	4	9.2952e-01	6.9007e-01	0.761856	1
ZDHHC14	4	9.2954e-01	6.9007e-01	0.761856	1
DUSP28	4	9.2966e-01	6.9007e-01	0.761856	1
AGTRAP	4	9.2968e-01	6.9007e-01	0.761856	1
CD1D	4	9.2971e-01	6.9007e-01	0.761856	1
F10	4	9.2990e-01	6.9007e-01	0.761856	1
FAM92B	4	9.3000e-01	6.9007e-01	0.761856	1
FUBP3	4	9.3003e-01	6.9007e-01	0.761856	1
SSC4D	4	9.3004e-01	6.9007e-01	0.761856	1
EVPL	4	9.3006e-01	6.9007e-01	0.761856	1
NEK6	4	9.3007e-01	6.9007e-01	0.761856	1
HDAC11	4	9.3012e-01	6.9007e-01	0.761856	1
BOC	4	9.3013e-01	6.9007e-01	0.761856	1
ACP1	4	9.3018e-01	6.9007e-01	0.761856	1
RDH12	4	9.3021e-01	6.9007e-01	0.761856	1
EFHC1	4	9.3023e-01	6.9007e-01	0.761856	1
TMEM121	4	9.3029e-01	6.9007e-01	0.761856	1
GUCY1A3	4	9.3030e-01	6.9007e-01	0.761856	1
CHRNB2	4	9.3031e-01	6.9007e-01	0.761856	1
MFSD8	4	9.3033e-01	6.9007e-01	0.761856	1
HIST1H2BA	4	9.3034e-01	6.9007e-01	0.761856	1
TNFRSF10A	4	9.3037e-01	6.9007e-01	0.761856	1
SPRR1B	4	9.3042e-01	6.9007e-01	0.761856	1
KCND3	4	9.3048e-01	6.9007e-01	0.761856	1
C8G	4	9.3052e-01	6.9007e-01	0.761856	1
PABPN1L	4	9.3062e-01	6.9007e-01	0.761856	1
IFT122	4	9.3065e-01	6.9007e-01	0.761856	1
ERBB3	4	9.3068e-01	6.9007e-01	0.761856	1
CD44	4	9.3070e-01	6.9007e-01	0.761856	1
GPRASP2	4	9.3084e-01	6.9007e-01	0.761856	1
AADACL2	4	9.3087e-01	6.9007e-01	0.761856	1
GPR75-ASB3	4	9.3091e-01	6.9007e-01	0.761856	1
TEX43	4	9.3094e-01	6.9007e-01	0.761856	1
TMEM67	4	9.3095e-01	6.9007e-01	0.761856	1
AOAH	4	9.3099e-01	6.9007e-01	0.761856	1
KRT74	4	9.3107e-01	6.9007e-01	0.761856	1
CFAP36	4	9.3109e-01	6.9007e-01	0.761856	1
AP3S1	4	9.3110e-01	6.9007e-01	0.761856	1
BCL9	3	9.3111e-01	7.7223e-01	0.832327	0
RSPH6A	4	9.3114e-01	6.9007e-01	0.761856	1
GAA	4	9.3114e-01	6.9007e-01	0.761856	1
ETNPPL	4	9.3116e-01	6.9007e-01	0.761856	1
CASC1	4	9.3117e-01	6.9007e-01	0.761856	1
TCP11L1	4	9.3120e-01	6.9007e-01	0.761856	1
PARK2	4	9.3125e-01	6.9007e-01	0.761856	1
CFAP53	4	9.3131e-01	6.9007e-01	0.761856	1
WDR53	4	9.3136e-01	6.9007e-01	0.761856	1
PCDH20	4	9.3140e-01	6.9007e-01	0.761856	1
LRRC3B	4	9.3141e-01	6.9007e-01	0.761856	1
FSD1	4	9.3142e-01	6.9007e-01	0.761856	1
FSTL4	4	9.3147e-01	6.9007e-01	0.761856	1
PRSS46	4	9.3151e-01	6.9007e-01	0.761856	1
SGK223	4	9.3159e-01	6.9007e-01	0.761856	1
PRR7	4	9.3166e-01	6.9007e-01	0.761856	1
GYG1	4	9.3170e-01	6.9007e-01	0.761856	1
DNAJA2	4	9.3172e-01	6.9007e-01	0.761856	1
MMP1	4	9.3176e-01	6.9007e-01	0.761856	1
ACE2	4	9.3202e-01	6.9007e-01	0.761856	1
FNDC9	4	9.3206e-01	6.9007e-01	0.761856	1
PLEKHA1	4	9.3210e-01	6.9007e-01	0.761856	1
KIAA2026	4	9.3214e-01	6.9007e-01	0.761856	1
GRHL2	4	9.3218e-01	6.9007e-01	0.761856	1
RDH14	4	9.3227e-01	6.9007e-01	0.761856	1
BMP1	4	9.3228e-01	6.9007e-01	0.761856	1
ACAA1	4	9.3234e-01	6.9007e-01	0.761856	1
OR1L4	4	9.3234e-01	6.9007e-01	0.761856	1
CCDC183	4	9.3236e-01	6.9007e-01	0.761856	1
SERPINB5	4	9.3237e-01	6.9007e-01	0.761856	1
RSPO3	4	9.3254e-01	6.9007e-01	0.761856	1
P3H2	4	9.3255e-01	6.9007e-01	0.761856	1
TSPAN14	4	9.3261e-01	6.9007e-01	0.761856	1
MIER1	4	9.3263e-01	6.9007e-01	0.761856	1
MAGT1	4	9.3275e-01	6.9007e-01	0.761856	1
OPRM1	4	9.3279e-01	6.9007e-01	0.761856	1
PHOSPHO2	4	9.3280e-01	6.9007e-01	0.761856	1
ZNF45	4	9.3286e-01	6.9007e-01	0.761856	1
TRIM35	4	9.3305e-01	6.9007e-01	0.761856	1
SLC39A8	4	9.3310e-01	6.9007e-01	0.761856	1
KCNIP4	4	9.3312e-01	6.9007e-01	0.761856	1
OR10H3	4	9.3313e-01	6.9007e-01	0.761856	1
ASXL2	4	9.3316e-01	6.9007e-01	0.761856	1
CHMP1B	4	9.3319e-01	6.9007e-01	0.761856	1
HIST2H2AA3	4	9.3320e-01	6.9007e-01	0.761856	1
BFAR	4	9.3333e-01	6.9007e-01	0.761856	1
KSR1	4	9.3334e-01	6.9007e-01	0.761856	1
KBTBD4	4	9.3335e-01	6.9007e-01	0.761856	1
SPAG4	4	9.3335e-01	6.9007e-01	0.761856	1
STAB1	4	9.3337e-01	6.9007e-01	0.761856	1
DNAJC7	4	9.3338e-01	6.9007e-01	0.761856	1
PPFIA3	4	9.3338e-01	6.9007e-01	0.761856	1
AFMID	4	9.3342e-01	6.9007e-01	0.761856	1
PRMT9	4	9.3346e-01	6.9007e-01	0.761856	1
OR10G2	4	9.3350e-01	6.9007e-01	0.761856	1
FH	4	9.3352e-01	6.9007e-01	0.761856	1
PIK3CG	4	9.3355e-01	6.9007e-01	0.761856	1
FAM64A	4	9.3362e-01	6.9007e-01	0.761856	1
SUSD2	4	9.3366e-01	6.9007e-01	0.761856	1
ZNF474	4	9.3370e-01	6.9007e-01	0.761856	1
PMP22	3	9.3370e-01	7.8102e-01	0.840048	0
RBM26	4	9.3377e-01	6.9007e-01	0.761856	1
SUPT20H	4	9.3382e-01	6.9007e-01	0.761856	1
OR2L5	4	9.3388e-01	6.9007e-01	0.761856	1
SMPX	4	9.3389e-01	6.9007e-01	0.761856	1
ZNF496	4	9.3393e-01	6.9007e-01	0.761856	1
PCDHA1	4	9.3401e-01	6.9007e-01	0.761856	1
TPBGL	4	9.3405e-01	6.9007e-01	0.761856	1
COL5A2	4	9.3406e-01	6.9007e-01	0.761856	1
USP40	4	9.3414e-01	6.9007e-01	0.761856	1
PRDM8	4	9.3420e-01	6.9007e-01	0.761856	1
APCDD1L	4	9.3425e-01	6.9007e-01	0.761856	1
PLA2G7	4	9.3440e-01	6.9007e-01	0.761856	1
PVALB	4	9.3443e-01	6.9007e-01	0.761856	1
LCE3A	4	9.3445e-01	6.9007e-01	0.761856	1
ARL4A	4	9.3448e-01	6.9007e-01	0.761856	1
LRRC3	4	9.3453e-01	6.9007e-01	0.761856	1
NKD1	4	9.3467e-01	6.9007e-01	0.761856	1
FAM126B	4	9.3468e-01	6.9007e-01	0.761856	1
B9D2	4	9.3477e-01	6.9007e-01	0.761856	1
GRM4	4	9.3478e-01	6.9007e-01	0.761856	1
CLPSL2	4	9.3489e-01	6.9007e-01	0.761856	1
PFKFB4	4	9.3492e-01	6.9007e-01	0.761856	1
MDGA1	4	9.3505e-01	6.9007e-01	0.761856	1
TMEM65	4	9.3507e-01	6.9007e-01	0.761856	1
ELOVL6	4	9.3513e-01	6.9007e-01	0.761856	1
MIA2	4	9.3515e-01	6.9007e-01	0.761856	1
ENPP3	4	9.3523e-01	6.9007e-01	0.761856	1
C12orf75	4	9.3533e-01	6.9007e-01	0.761856	1
FAM105A	4	9.3546e-01	6.9007e-01	0.761856	1
NRTN	4	9.3551e-01	6.9007e-01	0.761856	1
KAT7	4	9.3551e-01	6.9007e-01	0.761856	1
GAREM	4	9.3557e-01	6.9007e-01	0.761856	1
ITPRIPL2	4	9.3581e-01	6.9007e-01	0.761856	1
MAGEA3	4	9.3584e-01	6.9007e-01	0.761856	1
NPY1R	4	9.3589e-01	6.9007e-01	0.761856	1
HP	4	9.3605e-01	6.9007e-01	0.761856	1
NKX2-3	4	9.3621e-01	6.9007e-01	0.761856	1
WTIP	4	9.3624e-01	6.9007e-01	0.761856	1
TRA2A	4	9.3632e-01	6.9007e-01	0.761856	1
USH2A	4	9.3632e-01	6.9007e-01	0.761856	1
C10orf10	4	9.3647e-01	6.9007e-01	0.761856	1
MRLN	4	9.3648e-01	6.9007e-01	0.761856	1
TMEM178A	4	9.3654e-01	6.9007e-01	0.761856	1
WSCD2	4	9.3655e-01	6.9007e-01	0.761856	1
USP17L10	4	9.3659e-01	6.9007e-01	0.761856	1
SAV1	4	9.3666e-01	6.9007e-01	0.761856	1
OR52N1	4	9.3667e-01	6.9007e-01	0.761856	1
TRIM68	4	9.3677e-01	6.9007e-01	0.761856	1
MANSC1	4	9.3677e-01	6.9007e-01	0.761856	1
ZNF343	4	9.3677e-01	6.9007e-01	0.761856	1
DLX5	4	9.3682e-01	6.9007e-01	0.761856	1
PYHIN1	4	9.3691e-01	6.9173e-01	0.763424	1
PHYH	4	9.3701e-01	6.9173e-01	0.763424	1
TSPYL2	4	9.3707e-01	6.9173e-01	0.763424	1
DGCR2	4	9.3712e-01	6.9173e-01	0.763424	1
AQP2	4	9.3714e-01	6.9173e-01	0.763424	1
OPHN1	4	9.3717e-01	6.9173e-01	0.763424	1
CHRNG	4	9.3724e-01	6.9252e-01	0.764164	1
DOK5	4	9.3724e-01	6.9252e-01	0.764164	1
ICA1	4	9.3724e-01	6.9252e-01	0.764164	1
LACTB	4	9.3740e-01	6.9331e-01	0.764594	1
ZMYND11	4	9.3740e-01	6.9331e-01	0.764594	1
USP42	4	9.3755e-01	6.9331e-01	0.764594	0
FOXJ2	4	9.3755e-01	6.9331e-01	0.764594	0
SULF2	4	9.3764e-01	6.9331e-01	0.764594	0
OR11G2	4	9.3766e-01	6.9331e-01	0.764594	0
C10orf95	4	9.3767e-01	6.9331e-01	0.764594	0
NIN	4	9.3767e-01	6.9331e-01	0.764594	0
PGP	4	9.3768e-01	6.9331e-01	0.764594	0
SPINT4	4	9.3769e-01	6.9331e-01	0.764594	0
FAT1	4	9.3777e-01	6.9497e-01	0.766299	0
C10orf113	4	9.3780e-01	6.9497e-01	0.766299	0
RINL	4	9.3784e-01	6.9497e-01	0.766299	0
KRTAP9-8	4	9.3786e-01	6.9665e-01	0.767745	0
GLYATL3	4	9.3789e-01	6.9665e-01	0.767745	0
H2AFJ	4	9.3791e-01	6.9665e-01	0.767745	0
SLC6A1	4	9.3792e-01	6.9665e-01	0.767745	0
SLC51B	4	9.3794e-01	6.9665e-01	0.767745	0
NRG4	4	9.3794e-01	6.9665e-01	0.767745	0
CLIC4	4	9.3800e-01	6.9665e-01	0.767745	0
CORO2A	4	9.3804e-01	6.9665e-01	0.767745	0
CR1	4	9.3814e-01	6.9665e-01	0.767745	0
LCE5A	4	9.3816e-01	6.9831e-01	0.769399	0
AIG1	4	9.3819e-01	6.9831e-01	0.769399	0
ZNF454	4	9.3823e-01	6.9831e-01	0.769399	0
TRAF4	4	9.3825e-01	6.9831e-01	0.769399	0
MAGEC2	4	9.3833e-01	6.9998e-01	0.771064	0
CD33	4	9.3836e-01	6.9998e-01	0.771064	0
AKNAD1	4	9.3837e-01	6.9998e-01	0.771064	0
ZNF606	4	9.3849e-01	6.9998e-01	0.771064	0
SEC31B	4	9.3864e-01	7.0322e-01	0.774545	0
KIAA0895	4	9.3866e-01	7.0476e-01	0.775928	0
CD320	4	9.3870e-01	7.0476e-01	0.775928	0
DTX4	4	9.3874e-01	7.0476e-01	0.775928	0
MSR1	4	9.3875e-01	7.0476e-01	0.775928	0
PRSS56	4	9.3887e-01	7.0476e-01	0.775928	0
TCTE1	4	9.3888e-01	7.0476e-01	0.775928	0
CYB5D1	4	9.3890e-01	7.0476e-01	0.775928	0
PVR	4	9.3903e-01	7.0639e-01	0.777052	0
TRPT1	4	9.3905e-01	7.0639e-01	0.777052	0
UBE2S	4	9.3907e-01	7.0639e-01	0.777052	0
IFNA13	4	9.3909e-01	7.0639e-01	0.777052	0
FAM65B	4	9.3911e-01	7.0639e-01	0.777052	0
FGF7	4	9.3913e-01	7.0639e-01	0.777052	0
GRK5	4	9.3914e-01	7.0639e-01	0.777052	0
LATS1	4	9.3915e-01	7.0639e-01	0.777052	0
CD164	4	9.3923e-01	7.0639e-01	0.777052	0
FAM20C	4	9.3924e-01	7.0639e-01	0.777052	0
PMCH	4	9.3929e-01	7.0639e-01	0.777052	0
SDSL	4	9.3931e-01	7.0639e-01	0.777052	0
ATXN7L1	4	9.3932e-01	7.0639e-01	0.777052	0
CD9	4	9.3936e-01	7.0639e-01	0.777052	0
GOLGA6L2	4	9.3942e-01	7.0639e-01	0.777052	0
TMEM265	4	9.3951e-01	7.0798e-01	0.778624	0
MAP9	4	9.3951e-01	7.0798e-01	0.778624	0
MYO18A	4	9.3952e-01	7.0798e-01	0.778624	0
PSG3	4	9.3954e-01	7.0798e-01	0.778624	0
TULP4	4	9.3956e-01	7.0958e-01	0.780115	0
PLAU	4	9.3963e-01	7.0958e-01	0.780115	0
GTSF1	4	9.3964e-01	7.0958e-01	0.780115	0
ZNF687	4	9.3966e-01	7.0958e-01	0.780115	0
PCNX	4	9.3971e-01	7.0958e-01	0.780115	0
RGS21	4	9.3975e-01	7.0958e-01	0.780115	0
COL3A1	4	9.3977e-01	7.1125e-01	0.781860	0
TSPO	4	9.3980e-01	7.1125e-01	0.781860	0
PPDPF	4	9.3993e-01	7.1284e-01	0.783421	0
SPATC1	4	9.3996e-01	7.1284e-01	0.783421	0
NUCKS1	4	9.3997e-01	7.1284e-01	0.783421	0
ALOX12	4	9.3998e-01	7.1284e-01	0.783421	0
ZNF718	4	9.4002e-01	7.1436e-01	0.784871	0
GCLC	4	9.4006e-01	7.1436e-01	0.784871	0
HEXDC	4	9.4006e-01	7.1436e-01	0.784871	0
LOC650293	4	9.4010e-01	7.1436e-01	0.784871	0
TTC25	4	9.4011e-01	7.1436e-01	0.784871	0
OR5V1	4	9.4032e-01	7.1746e-01	0.788134	0
C12orf56	4	9.4036e-01	7.1746e-01	0.788134	0
MEIOB	4	9.4038e-01	7.1900e-01	0.788380	0
CA8	4	9.4041e-01	7.1900e-01	0.788380	0
IGFBP1	4	9.4043e-01	7.1900e-01	0.788380	0
SERPINB2	4	9.4044e-01	7.1900e-01	0.788380	0
ANO1	4	9.4049e-01	7.1900e-01	0.788380	0
ACTA2	4	9.4050e-01	7.1900e-01	0.788380	0
ZNF616	4	9.4052e-01	7.1900e-01	0.788380	0
OPALIN	4	9.4058e-01	7.1900e-01	0.788380	0
L3MBTL3	4	9.4063e-01	7.1900e-01	0.788380	0
GRXCR1	4	9.4064e-01	7.1900e-01	0.788380	0
IQCD	4	9.4073e-01	7.1900e-01	0.788380	0
LRRC29	4	9.4079e-01	7.1900e-01	0.788380	0
ATP2A1	4	9.4087e-01	7.1900e-01	0.788380	0
RBMS2	4	9.4088e-01	7.1900e-01	0.788380	0
PFN3	4	9.4089e-01	7.1900e-01	0.788380	0
SCMH1	4	9.4098e-01	7.1900e-01	0.788380	0
ATP8B1	4	9.4109e-01	7.1900e-01	0.788380	0
SBK3	4	9.4115e-01	7.1900e-01	0.788380	0
LGALS16	4	9.4117e-01	7.1900e-01	0.788380	0
RASL11B	4	9.4122e-01	7.1900e-01	0.788380	0
EYA1	4	9.4123e-01	7.1900e-01	0.788380	0
GALM	4	9.4123e-01	7.1900e-01	0.788380	0
LRRC72	4	9.4130e-01	7.1900e-01	0.788380	0
TMEM221	4	9.4131e-01	7.1900e-01	0.788380	0
SLC5A8	4	9.4141e-01	7.1900e-01	0.788380	0
HYAL1	4	9.4144e-01	7.1900e-01	0.788380	0
DAZ2	4	9.4147e-01	7.1900e-01	0.788380	0
FCRLA	4	9.4148e-01	7.1900e-01	0.788380	0
GPR101	4	9.4151e-01	7.1900e-01	0.788380	0
DPY19L4	4	9.4153e-01	7.1900e-01	0.788380	0
SAA4	4	9.4157e-01	7.1900e-01	0.788380	0
TMEM130	4	9.4160e-01	7.1900e-01	0.788380	0
SLC44A4	4	9.4168e-01	7.2055e-01	0.789534	0
PTH1R	4	9.4171e-01	7.2055e-01	0.789534	0
FMR1NB	4	9.4181e-01	7.2055e-01	0.789534	0
SORBS3	4	9.4184e-01	7.2055e-01	0.789534	0
MTNR1B	4	9.4188e-01	7.2055e-01	0.789534	0
MXD4	4	9.4189e-01	7.2055e-01	0.789534	0
AOC3	4	9.4192e-01	7.2055e-01	0.789534	0
ZNF551	4	9.4192e-01	7.2055e-01	0.789534	0
RAB8B	4	9.4196e-01	7.2055e-01	0.789534	0
CADM2	4	9.4199e-01	7.2055e-01	0.789534	0
NSUN6	4	9.4200e-01	7.2055e-01	0.789534	0
DZANK1	4	9.4202e-01	7.2055e-01	0.789534	0
FRMPD4	4	9.4231e-01	7.2363e-01	0.792498	0
CACNA2D4	4	9.4234e-01	7.2363e-01	0.792498	0
DNAL4	4	9.4235e-01	7.2363e-01	0.792498	0
PPCS	4	9.4241e-01	7.2363e-01	0.792498	0
HIST1H2AE	4	9.4242e-01	7.2363e-01	0.792498	0
ZNF17	4	9.4248e-01	7.2363e-01	0.792498	0
LYPD1	4	9.4248e-01	7.2363e-01	0.792498	0
COBLL1	4	9.4260e-01	7.2363e-01	0.792498	0
NUDT8	4	9.4262e-01	7.2514e-01	0.794022	0
PCDHA6	4	9.4266e-01	7.2514e-01	0.794022	0
JAKMIP3	4	9.4273e-01	7.2663e-01	0.795244	0
CPSF4L	4	9.4276e-01	7.2663e-01	0.795244	0
NOSTRIN	4	9.4277e-01	7.2663e-01	0.795244	0
KIAA1919	4	9.4277e-01	7.2663e-01	0.795244	0
HOXA11	4	9.4280e-01	7.2663e-01	0.795244	0
MAGEA11	4	9.4293e-01	7.2663e-01	0.795244	0
FMO2	4	9.4296e-01	7.2663e-01	0.795244	0
PSG2	4	9.4297e-01	7.2663e-01	0.795244	0
BBS10	4	9.4299e-01	7.2663e-01	0.795244	0
PTAFR	4	9.4300e-01	7.2808e-01	0.796695	0
ARHGAP25	4	9.4306e-01	7.2808e-01	0.796695	0
PTPN18	4	9.4314e-01	7.2808e-01	0.796695	0
ASPRV1	4	9.4321e-01	7.2958e-01	0.798016	0
SMAD9	4	9.4323e-01	7.2958e-01	0.798016	0
JOSD2	4	9.4326e-01	7.2958e-01	0.798016	0
PRTFDC1	4	9.4328e-01	7.2958e-01	0.798016	0
C17orf102	4	9.4329e-01	7.2958e-01	0.798016	0
CASKIN1	4	9.4329e-01	7.2958e-01	0.798016	0
CPA3	4	9.4330e-01	7.2958e-01	0.798016	0
GGT1	4	9.4338e-01	7.3250e-01	0.800890	0
CXorf57	4	9.4340e-01	7.3250e-01	0.800890	0
KLK4	4	9.4341e-01	7.3250e-01	0.800890	0
TATDN2	4	9.4344e-01	7.3250e-01	0.800890	0
FAM26E	4	9.4344e-01	7.3250e-01	0.800890	0
CAPZA1	4	9.4345e-01	7.3250e-01	0.800890	0
ZBTB5	4	9.4346e-01	7.3250e-01	0.800890	0
CDC42EP5	4	9.4348e-01	7.3404e-01	0.802386	0
NLGN4X	4	9.4352e-01	7.3404e-01	0.802386	0
C4orf32	4	9.4360e-01	7.3404e-01	0.802386	0
PAGR1	4	9.4363e-01	7.3404e-01	0.802386	0
ATPAF2	4	9.4371e-01	7.3551e-01	0.803353	0
NKAIN2	4	9.4378e-01	7.3551e-01	0.803353	0
CLDND1	4	9.4379e-01	7.3551e-01	0.803353	0
OR2J2	4	9.4381e-01	7.3551e-01	0.803353	0
ATG13	4	9.4384e-01	7.3551e-01	0.803353	0
FILIP1L	4	9.4390e-01	7.3551e-01	0.803353	0
DNASE1L2	4	9.4391e-01	7.3551e-01	0.803353	0
CDRT15	4	9.4397e-01	7.3551e-01	0.803353	0
CCDC169	4	9.4402e-01	7.3551e-01	0.803353	0
PCDH17	4	9.4406e-01	7.3551e-01	0.803353	0
EDAR	4	9.4409e-01	7.3551e-01	0.803353	0
ASIC1	4	9.4412e-01	7.3551e-01	0.803353	0
TAP1	4	9.4418e-01	7.3551e-01	0.803353	0
CARD8	4	9.4430e-01	7.3551e-01	0.803353	0
C15orf39	4	9.4443e-01	7.3699e-01	0.803452	0
HRASLS2	4	9.4444e-01	7.3699e-01	0.803452	0
TP53INP1	4	9.4447e-01	7.3699e-01	0.803452	0
WDFY2	4	9.4454e-01	7.3699e-01	0.803452	0
FXYD1	3	9.4455e-01	8.2578e-01	0.871680	0
FCRL2	4	9.4462e-01	7.3699e-01	0.803452	0
C10orf126	4	9.4463e-01	7.3699e-01	0.803452	0
GLDC	4	9.4465e-01	7.3699e-01	0.803452	0
STRA8	4	9.4467e-01	7.3699e-01	0.803452	0
RUSC1	4	9.4475e-01	7.3699e-01	0.803452	0
MRFAP1	4	9.4479e-01	7.3699e-01	0.803452	0
C7orf61	4	9.4484e-01	7.3699e-01	0.803452	0
LCT	4	9.4485e-01	7.3699e-01	0.803452	0
MAP3K5	4	9.4486e-01	7.3699e-01	0.803452	0
MYLK	4	9.4487e-01	7.3699e-01	0.803452	0
ALPPL2	4	9.4489e-01	7.3699e-01	0.803452	0
KIAA1191	4	9.4496e-01	7.3846e-01	0.803452	0
PRX	4	9.4497e-01	7.3846e-01	0.803452	0
DUSP22	4	9.4498e-01	7.3846e-01	0.803452	0
SMPDL3B	4	9.4503e-01	7.3846e-01	0.803452	0
CCDC154	4	9.4508e-01	7.3846e-01	0.803452	0
OXT	4	9.4509e-01	7.3846e-01	0.803452	0
S100A10	4	9.4509e-01	7.3846e-01	0.803452	0
PTCHD4	4	9.4511e-01	7.3846e-01	0.803452	0
RBMS3	4	9.4512e-01	7.3846e-01	0.803452	0
C16orf97	4	9.4516e-01	7.3846e-01	0.803452	0
CALB1	4	9.4521e-01	7.3846e-01	0.803452	0
ALOXE3	4	9.4522e-01	7.3846e-01	0.803452	0
TUBA3E	4	9.4523e-01	7.3846e-01	0.803452	0
MAGEB16	4	9.4525e-01	7.3846e-01	0.803452	0
CLEC2D	4	9.4527e-01	7.3846e-01	0.803452	0
PAQR8	4	9.4529e-01	7.3846e-01	0.803452	0
TAAR9	4	9.4533e-01	7.3846e-01	0.803452	0
RNF150	4	9.4534e-01	7.3846e-01	0.803452	0
IL1R1	4	9.4535e-01	7.3846e-01	0.803452	0
DOPEY1	4	9.4544e-01	7.3846e-01	0.803452	0
ZNF132	4	9.4547e-01	7.3846e-01	0.803452	0
MGAT5	4	9.4548e-01	7.3846e-01	0.803452	0
BAIAP3	4	9.4551e-01	7.3846e-01	0.803452	0
PNMA1	4	9.4561e-01	7.3846e-01	0.803452	0
TMEM63B	4	9.4565e-01	7.3846e-01	0.803452	0
UNC93A	4	9.4566e-01	7.3846e-01	0.803452	0
ZNF648	4	9.4568e-01	7.3846e-01	0.803452	0
ANKZF1	4	9.4572e-01	7.3846e-01	0.803452	0
EVA1A	4	9.4573e-01	7.3846e-01	0.803452	0
KANK3	4	9.4575e-01	7.3846e-01	0.803452	0
KANSL1L	4	9.4582e-01	7.3846e-01	0.803452	0
AGBL4	4	9.4584e-01	7.3846e-01	0.803452	0
ITGB3BP	4	9.4585e-01	7.3846e-01	0.803452	0
ELK4	4	9.4586e-01	7.3846e-01	0.803452	0
SEC61A2	4	9.4587e-01	7.3846e-01	0.803452	0
ITPK1	4	9.4594e-01	7.3846e-01	0.803452	0
UBR2	4	9.4600e-01	7.3846e-01	0.803452	0
COL9A3	4	9.4602e-01	7.3846e-01	0.803452	0
SLC39A2	4	9.4604e-01	7.3846e-01	0.803452	0
YBX3	4	9.4617e-01	7.3846e-01	0.803452	0
FBXO15	4	9.4619e-01	7.3846e-01	0.803452	0
SEMA3C	4	9.4620e-01	7.3846e-01	0.803452	0
UGT2B15	4	9.4621e-01	7.3846e-01	0.803452	0
ZNF470	4	9.4622e-01	7.3846e-01	0.803452	0
SNX13	4	9.4625e-01	7.3846e-01	0.803452	0
SLC39A1	4	9.4628e-01	7.3846e-01	0.803452	0
BCL2L12	4	9.4634e-01	7.3846e-01	0.803452	0
MTF2	4	9.4635e-01	7.3846e-01	0.803452	0
SCARA5	4	9.4637e-01	7.3846e-01	0.803452	0
POC1B-GALNT4	4	9.4643e-01	7.3846e-01	0.803452	0
TNP2	4	9.4652e-01	7.3846e-01	0.803452	0
STK19	4	9.4656e-01	7.3846e-01	0.803452	0
GRM7	4	9.4656e-01	7.3846e-01	0.803452	0
C10orf25	4	9.4660e-01	7.3993e-01	0.804956	0
ARV1	4	9.4663e-01	7.3993e-01	0.804956	0
KIAA0754	4	9.4665e-01	7.4136e-01	0.806006	0
LAMP2	4	9.4670e-01	7.4136e-01	0.806006	0
IRF2BPL	4	9.4672e-01	7.4136e-01	0.806006	0
ADAM18	4	9.4674e-01	7.4136e-01	0.806006	0
STXBP2	4	9.4675e-01	7.4136e-01	0.806006	0
NCR3	4	9.4679e-01	7.4136e-01	0.806006	0
GRK7	4	9.4681e-01	7.4136e-01	0.806006	0
PGAP2	4	9.4685e-01	7.4136e-01	0.806006	0
SH2D2A	4	9.4691e-01	7.4136e-01	0.806006	0
MID2	4	9.4693e-01	7.4136e-01	0.806006	0
NRK	4	9.4697e-01	7.4136e-01	0.806006	0
CPA6	4	9.4700e-01	7.4283e-01	0.807145	0
SORL1	4	9.4702e-01	7.4283e-01	0.807145	0
GAB4	4	9.4707e-01	7.4283e-01	0.807145	0
C4BPA	4	9.4716e-01	7.4283e-01	0.807145	0
SLC25A42	4	9.4718e-01	7.4283e-01	0.807145	0
JAM3	4	9.4732e-01	7.4283e-01	0.807145	0
DAPK2	4	9.4736e-01	7.4283e-01	0.807145	0
MAPK14	4	9.4750e-01	7.4283e-01	0.807145	0
AKAP14	4	9.4754e-01	7.4283e-01	0.807145	0
C12orf50	4	9.4756e-01	7.4283e-01	0.807145	0
SUN2	4	9.4758e-01	7.4430e-01	0.808697	0
KIAA1551	4	9.4764e-01	7.4571e-01	0.810092	0
LUZP1	4	9.4767e-01	7.4571e-01	0.810092	0
RAB19	4	9.4770e-01	7.4571e-01	0.810092	0
FAM69B	4	9.4776e-01	7.4714e-01	0.811318	0
OR8K5	4	9.4778e-01	7.4714e-01	0.811318	0
TMEM237	4	9.4778e-01	7.4714e-01	0.811318	0
NAPEPLD	4	9.4780e-01	7.4714e-01	0.811318	0
CELF2	4	9.4789e-01	7.4714e-01	0.811318	0
RXFP2	4	9.4789e-01	7.4714e-01	0.811318	0
DUPD1	4	9.4791e-01	7.4714e-01	0.811318	0
CAMK2N1	4	9.4793e-01	7.4854e-01	0.812794	0
CC2D2A	4	9.4798e-01	7.4992e-01	0.814158	0
KLHDC9	4	9.4800e-01	7.4992e-01	0.814158	0
CYB561A3	4	9.4802e-01	7.4992e-01	0.814158	0
LYST	4	9.4805e-01	7.5134e-01	0.815648	0
ZNF7	4	9.4807e-01	7.5276e-01	0.817145	0
PLA2G4A	4	9.4819e-01	7.5416e-01	0.818482	0
ADIPOR2	4	9.4820e-01	7.5416e-01	0.818482	0
GRIP2	4	9.4822e-01	7.5416e-01	0.818482	0
PRR20C	4	9.4823e-01	7.5416e-01	0.818482	0
ESRP1	4	9.4828e-01	7.5555e-01	0.819520	0
SLC25A23	4	9.4828e-01	7.5555e-01	0.819520	0
PDIK1L	4	9.4844e-01	7.5555e-01	0.819520	0
DCP2	4	9.4847e-01	7.5555e-01	0.819520	0
GAPVD1	4	9.4848e-01	7.5555e-01	0.819520	0
IGSF8	4	9.4851e-01	7.5555e-01	0.819520	0
NRCAM	4	9.4852e-01	7.5555e-01	0.819520	0
ADH6	4	9.4862e-01	7.5555e-01	0.819520	0
CDH9	4	9.4864e-01	7.5555e-01	0.819520	0
TMEM115	4	9.4868e-01	7.5555e-01	0.819520	0
TIMM10B	4	9.4874e-01	7.5692e-01	0.820686	0
PABPC1L2A	4	9.4877e-01	7.5692e-01	0.820686	0
OR4A16	4	9.4879e-01	7.5692e-01	0.820686	0
MLLT10	4	9.4882e-01	7.5692e-01	0.820686	0
MAMSTR	4	9.4888e-01	7.5692e-01	0.820686	0
ZACN	4	9.4893e-01	7.5692e-01	0.820686	0
FOXRED1	4	9.4896e-01	7.5692e-01	0.820686	0
ANKRD61	4	9.4901e-01	7.5832e-01	0.821872	0
LRP2BP	4	9.4902e-01	7.5832e-01	0.821872	0
CCDC50	4	9.4902e-01	7.5832e-01	0.821872	0
TRPA1	4	9.4903e-01	7.5832e-01	0.821872	0
TRIM63	4	9.4905e-01	7.5832e-01	0.821872	0
ZMYM2	4	9.4909e-01	7.5832e-01	0.821872	0
AKR7A3	4	9.4916e-01	7.5832e-01	0.821872	0
KIR2DL1	4	9.4919e-01	7.5966e-01	0.823094	0
LARP4	4	9.4921e-01	7.5966e-01	0.823094	0
RSRP1	4	9.4928e-01	7.5966e-01	0.823094	0
SOX5	4	9.4939e-01	7.5966e-01	0.823094	0
CCDC85A	4	9.4943e-01	7.5966e-01	0.823094	0
CTSD	4	9.4952e-01	7.6098e-01	0.824246	0
CEP68	4	9.4954e-01	7.6098e-01	0.824246	0
FGF20	4	9.4955e-01	7.6098e-01	0.824246	0
P2RY12	4	9.4962e-01	7.6098e-01	0.824246	0
ALDH7A1	4	9.4966e-01	7.6098e-01	0.824246	0
ACOX1	4	9.4968e-01	7.6239e-01	0.825583	0
LOC388849	3	9.4972e-01	8.5000e-01	0.891716	0
ALK	4	9.4974e-01	7.6239e-01	0.825583	0
FMO3	4	9.4976e-01	7.6239e-01	0.825583	0
FOXL2	4	9.4978e-01	7.6239e-01	0.825583	0
CELA2A	4	9.4981e-01	7.6376e-01	0.826366	0
MROH8	4	9.4982e-01	7.6376e-01	0.826366	0
MIER3	4	9.4986e-01	7.6376e-01	0.826366	0
LOXL2	4	9.4987e-01	7.6376e-01	0.826366	0
MADCAM1	4	9.4990e-01	7.6376e-01	0.826366	0
ZBTB38	4	9.4991e-01	7.6376e-01	0.826366	0
TLR6	4	9.5000e-01	7.6376e-01	0.826366	0
CCDC178	4	9.5003e-01	7.6510e-01	0.826366	0
LRRC49	4	9.5006e-01	7.6510e-01	0.826366	0
SEPTIN5	4	9.5007e-01	7.6510e-01	0.826366	0
POM121L2	4	9.5018e-01	7.6510e-01	0.826366	0
ZADH2	4	9.5023e-01	7.6510e-01	0.826366	0
RAB26	4	9.5024e-01	7.6510e-01	0.826366	0
ZNF330	4	9.5028e-01	7.6510e-01	0.826366	0
HIBCH	4	9.5028e-01	7.6510e-01	0.826366	0
MNS1	4	9.5032e-01	7.6510e-01	0.826366	0
RDH13	4	9.5032e-01	7.6510e-01	0.826366	0
C11orf21	4	9.5034e-01	7.6510e-01	0.826366	0
CASC10	4	9.5037e-01	7.6510e-01	0.826366	0
S1PR4	4	9.5038e-01	7.6510e-01	0.826366	0
ATG14	4	9.5041e-01	7.6510e-01	0.826366	0
GLRB	4	9.5046e-01	7.6510e-01	0.826366	0
ZNF713	4	9.5052e-01	7.6510e-01	0.826366	0
DAAM1	4	9.5053e-01	7.6510e-01	0.826366	0
CXXC5	4	9.5055e-01	7.6510e-01	0.826366	0
SMC1B	4	9.5055e-01	7.6510e-01	0.826366	0
FOXN4	4	9.5057e-01	7.6510e-01	0.826366	0
UGT1A1	4	9.5060e-01	7.6510e-01	0.826366	0
OR4D5	4	9.5064e-01	7.6510e-01	0.826366	0
ZNF586	4	9.5066e-01	7.6510e-01	0.826366	0
ADAM2	4	9.5071e-01	7.6510e-01	0.826366	0
GMCL1	4	9.5076e-01	7.6510e-01	0.826366	0
SIM1	4	9.5078e-01	7.6510e-01	0.826366	0
FAM83E	4	9.5082e-01	7.6510e-01	0.826366	0
BAG4	4	9.5085e-01	7.6510e-01	0.826366	0
IL20RB	4	9.5085e-01	7.6510e-01	0.826366	0
KRT27	4	9.5086e-01	7.6510e-01	0.826366	0
SDCBP	4	9.5089e-01	7.6510e-01	0.826366	0
DENND5B	4	9.5097e-01	7.6510e-01	0.826366	0
NOMO2	4	9.5104e-01	7.6510e-01	0.826366	0
BOD1L2	4	9.5105e-01	7.6510e-01	0.826366	0
C16orf87	4	9.5107e-01	7.6510e-01	0.826366	0
OR2C1	4	9.5109e-01	7.6510e-01	0.826366	0
RARRES2	4	9.5109e-01	7.6510e-01	0.826366	0
SPRR3	4	9.5111e-01	7.6510e-01	0.826366	0
DEC1	4	9.5112e-01	7.6510e-01	0.826366	0
SNX19	4	9.5118e-01	7.6782e-01	0.828604	0
TXNRD3NB	4	9.5123e-01	7.6782e-01	0.828604	0
HDAC5	4	9.5126e-01	7.6782e-01	0.828604	0
B3GAT1	4	9.5131e-01	7.6782e-01	0.828604	0
COL4A3	4	9.5132e-01	7.6782e-01	0.828604	0
EED	4	9.5140e-01	7.6782e-01	0.828604	0
PLA2G2E	4	9.5144e-01	7.6782e-01	0.828604	0
TBC1D10A	4	9.5146e-01	7.6782e-01	0.828604	0
RAB20	4	9.5148e-01	7.6782e-01	0.828604	0
CEP250	4	9.5155e-01	7.6782e-01	0.828604	0
CD247	4	9.5156e-01	7.6782e-01	0.828604	0
OTOA	4	9.5169e-01	7.6782e-01	0.828604	0
GNLY	4	9.5171e-01	7.6782e-01	0.828604	0
SOWAHA	4	9.5172e-01	7.6782e-01	0.828604	0
ZNF578	4	9.5173e-01	7.6782e-01	0.828604	0
C1orf137	4	9.5182e-01	7.6915e-01	0.829939	0
ELOVL5	4	9.5190e-01	7.6915e-01	0.829939	0
ZNF709	4	9.5196e-01	7.7041e-01	0.830509	0
DNAJA1	4	9.5198e-01	7.7041e-01	0.830509	0
PDGFRL	4	9.5199e-01	7.7041e-01	0.830509	0
XYLB	4	9.5199e-01	7.7041e-01	0.830509	0
OR11H4	4	9.5202e-01	7.7041e-01	0.830509	0
TBC1D17	4	9.5203e-01	7.7041e-01	0.830509	0
MROH5	4	9.5205e-01	7.7041e-01	0.830509	0
LOC102723859	4	9.5206e-01	7.7041e-01	0.830509	0
CYTL1	4	9.5209e-01	7.7041e-01	0.830509	0
ARHGAP8	4	9.5220e-01	7.7041e-01	0.830509	0
GRIA2	4	9.5220e-01	7.7041e-01	0.830509	0
TXNDC2	4	9.5221e-01	7.7041e-01	0.830509	0
TRIM41	4	9.5222e-01	7.7041e-01	0.830509	0
DEFB103A	4	9.5225e-01	7.7041e-01	0.830509	0
NRD1	4	9.5226e-01	7.7041e-01	0.830509	0
FOXC2	4	9.5236e-01	7.7041e-01	0.830509	0
RHOXF2	4	9.5239e-01	7.7041e-01	0.830509	0
LRIT2	4	9.5243e-01	7.7173e-01	0.831837	0
FAM129B	4	9.5244e-01	7.7173e-01	0.831837	0
GIP	4	9.5254e-01	7.7561e-01	0.835879	0
USP14	4	9.5254e-01	7.7561e-01	0.835879	0
THOC6	4	9.5262e-01	7.7697e-01	0.837008	0
NDUFS1	4	9.5263e-01	7.7697e-01	0.837008	0
HNRNPA3	4	9.5273e-01	7.7697e-01	0.837008	0
DNAJB4	4	9.5274e-01	7.7697e-01	0.837008	0
SLC4A1	4	9.5279e-01	7.7697e-01	0.837008	0
P2RY2	4	9.5283e-01	7.7697e-01	0.837008	0
SYP	4	9.5284e-01	7.7697e-01	0.837008	0
CDH17	4	9.5297e-01	7.7830e-01	0.838259	0
F13B	4	9.5299e-01	7.7830e-01	0.838259	0
ZNF699	4	9.5305e-01	7.7830e-01	0.838259	0
GIGYF1	4	9.5308e-01	7.7830e-01	0.838259	0
RNF215	4	9.5317e-01	7.8083e-01	0.839891	0
FNBP1L	4	9.5319e-01	7.8083e-01	0.839891	0
TMEM171	4	9.5319e-01	7.8083e-01	0.839891	0
CDR2L	4	9.5325e-01	7.8083e-01	0.839891	0
OR1F1	4	9.5326e-01	7.8083e-01	0.839891	0
FRMPD3	4	9.5333e-01	7.8083e-01	0.839891	0
LOC100130705	4	9.5334e-01	7.8083e-01	0.839891	0
C20orf27	4	9.5340e-01	7.8083e-01	0.839891	0
LIPE	4	9.5343e-01	7.8083e-01	0.839891	0
SHKBP1	4	9.5344e-01	7.8083e-01	0.839891	0
DEFA4	4	9.5344e-01	7.8083e-01	0.839891	0
TEX13A	4	9.5346e-01	7.8083e-01	0.839891	0
IFT74	4	9.5346e-01	7.8083e-01	0.839891	0
LOXHD1	4	9.5348e-01	7.8083e-01	0.839891	0
PLOD3	4	9.5349e-01	7.8083e-01	0.839891	0
CABS1	4	9.5350e-01	7.8083e-01	0.839891	0
NTNG1	4	9.5350e-01	7.8083e-01	0.839891	0
CHST3	4	9.5363e-01	7.8083e-01	0.839891	0
SUPT7L	4	9.5372e-01	7.8083e-01	0.839891	0
SNX16	4	9.5374e-01	7.8083e-01	0.839891	0
NYNRIN	4	9.5376e-01	7.8083e-01	0.839891	0
OR4C13	4	9.5378e-01	7.8083e-01	0.839891	0
EPPIN	4	9.5379e-01	7.8083e-01	0.839891	0
DNAH9	4	9.5386e-01	7.8214e-01	0.841065	0
CPXM2	4	9.5390e-01	7.8214e-01	0.841065	0
ARFIP2	4	9.5394e-01	7.8214e-01	0.841065	0
OR6C70	4	9.5396e-01	7.8214e-01	0.841065	0
TXNIP	4	9.5399e-01	7.8340e-01	0.842372	0
IZUMO3	4	9.5407e-01	7.8467e-01	0.842595	0
ZC3H11A	4	9.5412e-01	7.8467e-01	0.842595	0
DEF8	4	9.5414e-01	7.8467e-01	0.842595	0
AMN1	4	9.5415e-01	7.8467e-01	0.842595	0
LCK	4	9.5416e-01	7.8467e-01	0.842595	0
GPR55	4	9.5420e-01	7.8467e-01	0.842595	0
DHCR24	4	9.5422e-01	7.8467e-01	0.842595	0
KCNF1	4	9.5423e-01	7.8467e-01	0.842595	0
DPYSL5	4	9.5429e-01	7.8467e-01	0.842595	0
NRN1	4	9.5436e-01	7.8467e-01	0.842595	0
UEVLD	4	9.5440e-01	7.8467e-01	0.842595	0
THEMIS2	4	9.5442e-01	7.8467e-01	0.842595	0
GPR19	4	9.5442e-01	7.8467e-01	0.842595	0
KLF14	4	9.5445e-01	7.8467e-01	0.842595	0
VPS37C	4	9.5448e-01	7.8467e-01	0.842595	0
MBD2	4	9.5451e-01	7.8467e-01	0.842595	0
PRICKLE3	4	9.5460e-01	7.8467e-01	0.842595	0
LRRC73	4	9.5477e-01	7.8467e-01	0.842595	0
ECH1	4	9.5486e-01	7.8467e-01	0.842595	0
SLN	4	9.5486e-01	7.8467e-01	0.842595	0
MIXL1	4	9.5489e-01	7.8467e-01	0.842595	0
TMEM255A	4	9.5494e-01	7.8467e-01	0.842595	0
ZNF214	4	9.5495e-01	7.8467e-01	0.842595	0
NAT1	4	9.5501e-01	7.8467e-01	0.842595	0
CLIC6	4	9.5512e-01	7.8593e-01	0.843047	0
KRTAP12-3	4	9.5517e-01	7.8593e-01	0.843047	0
ESAM	4	9.5520e-01	7.8593e-01	0.843047	0
ZNF544	4	9.5526e-01	7.8593e-01	0.843047	0
STXBP1	4	9.5530e-01	7.8593e-01	0.843047	0
TRIM6-TRIM34	4	9.5536e-01	7.8593e-01	0.843047	0
DECR2	4	9.5537e-01	7.8593e-01	0.843047	0
PC	4	9.5560e-01	7.8593e-01	0.843047	0
LGR4	4	9.5561e-01	7.8593e-01	0.843047	0
ZNF621	4	9.5578e-01	7.8593e-01	0.843047	0
PCBP4	4	9.5580e-01	7.8593e-01	0.843047	0
HS3ST1	4	9.5582e-01	7.8593e-01	0.843047	0
BIN1	4	9.5584e-01	7.8593e-01	0.843047	0
GRHL3	4	9.5587e-01	7.8593e-01	0.843047	0
PIWIL2	4	9.5590e-01	7.8593e-01	0.843047	0
ALDH8A1	4	9.5591e-01	7.8593e-01	0.843047	0
PER1	4	9.5593e-01	7.8593e-01	0.843047	0
ZSWIM5	4	9.5596e-01	7.8593e-01	0.843047	0
TXNDC17	4	9.5599e-01	7.8721e-01	0.844287	0
LECT1	4	9.5601e-01	7.8721e-01	0.844287	0
CSGALNACT1	4	9.5602e-01	7.8721e-01	0.844287	0
ZNF729	4	9.5610e-01	7.8849e-01	0.844805	0
TEX38	4	9.5611e-01	7.8849e-01	0.844805	0
MAN1A2	4	9.5611e-01	7.8849e-01	0.844805	0
MYH3	4	9.5615e-01	7.8849e-01	0.844805	0
CPNE5	4	9.5620e-01	7.8849e-01	0.844805	0
LVRN	4	9.5625e-01	7.8849e-01	0.844805	0
CST2	4	9.5626e-01	7.8849e-01	0.844805	0
KRTAP10-8	4	9.5628e-01	7.8849e-01	0.844805	0
GNB4	4	9.5629e-01	7.8849e-01	0.844805	0
TET2	4	9.5637e-01	7.8849e-01	0.844805	0
CFAP99	4	9.5640e-01	7.8849e-01	0.844805	0
PF4	4	9.5641e-01	7.8849e-01	0.844805	0
SPINK1	4	9.5650e-01	7.8849e-01	0.844805	0
UHRF2	4	9.5652e-01	7.8849e-01	0.844805	0
ADRA1A	4	9.5655e-01	7.8849e-01	0.844805	0
PLAUR	4	9.5657e-01	7.8849e-01	0.844805	0
SLC47A2	4	9.5659e-01	7.8849e-01	0.844805	0
TMEM136	4	9.5660e-01	7.8849e-01	0.844805	0
PASD1	4	9.5663e-01	7.8977e-01	0.846121	0
KRTAP19-8	4	9.5667e-01	7.9224e-01	0.847350	0
G6PC2	4	9.5668e-01	7.9224e-01	0.847350	0
PLCG2	4	9.5671e-01	7.9224e-01	0.847350	0
LRRC4B	4	9.5672e-01	7.9224e-01	0.847350	0
TGFBR3	4	9.5682e-01	7.9224e-01	0.847350	0
CBLB	4	9.5693e-01	7.9224e-01	0.847350	0
LCN9	4	9.5697e-01	7.9224e-01	0.847350	0
FIZ1	4	9.5701e-01	7.9224e-01	0.847350	0
RPL3L	4	9.5703e-01	7.9224e-01	0.847350	0
TARBP2	4	9.5703e-01	7.9224e-01	0.847350	0
ZNF782	4	9.5704e-01	7.9224e-01	0.847350	0
SPANXN3	4	9.5707e-01	7.9224e-01	0.847350	0
SNX10	4	9.5712e-01	7.9224e-01	0.847350	0
DIABLO	4	9.5715e-01	7.9224e-01	0.847350	0
MAST4	4	9.5730e-01	7.9224e-01	0.847350	0
PCDH8	4	9.5734e-01	7.9224e-01	0.847350	0
GIMAP4	4	9.5735e-01	7.9224e-01	0.847350	0
OR2W1	4	9.5735e-01	7.9224e-01	0.847350	0
DHX32	4	9.5738e-01	7.9224e-01	0.847350	0
C16orf95	4	9.5750e-01	7.9224e-01	0.847350	0
TSPAN1	4	9.5752e-01	7.9224e-01	0.847350	0
RASSF5	4	9.5753e-01	7.9224e-01	0.847350	0
MPC1	4	9.5755e-01	7.9224e-01	0.847350	0
SARAF	4	9.5756e-01	7.9224e-01	0.847350	0
KRT71	4	9.5757e-01	7.9224e-01	0.847350	0
SND1	4	9.5761e-01	7.9224e-01	0.847350	0
VSIG2	4	9.5771e-01	7.9224e-01	0.847350	0
BANF2	4	9.5773e-01	7.9224e-01	0.847350	0
KCTD16	4	9.5776e-01	7.9224e-01	0.847350	0
TIMM8B	4	9.5787e-01	7.9224e-01	0.847350	0
CCNI2	4	9.5796e-01	7.9473e-01	0.849728	0
TECR	4	9.5797e-01	7.9473e-01	0.849728	0
CDH18	4	9.5800e-01	7.9473e-01	0.849728	0
IGF1	4	9.5804e-01	7.9473e-01	0.849728	0
KLF15	4	9.5805e-01	7.9473e-01	0.849728	0
DMRT2	4	9.5807e-01	7.9473e-01	0.849728	0
C3orf22	4	9.5818e-01	7.9712e-01	0.851770	0
CRYZ	4	9.5822e-01	7.9712e-01	0.851770	0
LOC388813	4	9.5828e-01	7.9834e-01	0.851770	0
ALAS2	4	9.5831e-01	7.9834e-01	0.851770	0
LHFPL2	4	9.5856e-01	7.9834e-01	0.851770	0
PARP2	4	9.5859e-01	7.9834e-01	0.851770	0
IL4	4	9.5860e-01	7.9834e-01	0.851770	0
NFATC4	4	9.5867e-01	7.9956e-01	0.851770	0
CS	4	9.5874e-01	7.9956e-01	0.851770	0
ZHX1-C8orf76	4	9.5874e-01	7.9956e-01	0.851770	0
OR6T1	4	9.5876e-01	7.9956e-01	0.851770	0
TTC14	4	9.5880e-01	7.9956e-01	0.851770	0
DCD	4	9.5880e-01	7.9956e-01	0.851770	0
GALNT13	4	9.5881e-01	7.9956e-01	0.851770	0
HPS6	4	9.5882e-01	7.9956e-01	0.851770	0
HS3ST5	4	9.5883e-01	7.9956e-01	0.851770	0
SRGAP3	4	9.5886e-01	7.9956e-01	0.851770	0
MLYCD	4	9.5886e-01	7.9956e-01	0.851770	0
ARHGAP36	4	9.5888e-01	7.9956e-01	0.851770	0
CCDC54	4	9.5894e-01	7.9956e-01	0.851770	0
DOC2A	4	9.5895e-01	7.9956e-01	0.851770	0
SLC17A4	4	9.5897e-01	7.9956e-01	0.851770	0
APLP1	4	9.5901e-01	7.9956e-01	0.851770	0
UBE2QL1	4	9.5903e-01	7.9956e-01	0.851770	0
LRP6	4	9.5904e-01	7.9956e-01	0.851770	0
SETDB1	4	9.5906e-01	7.9956e-01	0.851770	0
PILRA	4	9.5911e-01	7.9956e-01	0.851770	0
ARHGEF10	4	9.5914e-01	7.9956e-01	0.851770	0
MUC13	4	9.5915e-01	7.9956e-01	0.851770	0
KLF8	4	9.5921e-01	7.9956e-01	0.851770	0
IFT57	4	9.5926e-01	7.9956e-01	0.851770	0
NAA38	4	9.5927e-01	7.9956e-01	0.851770	0
CASP5	4	9.5931e-01	7.9956e-01	0.851770	0
SERPINE3	4	9.5934e-01	7.9956e-01	0.851770	0
ADRA2A	4	9.5935e-01	7.9956e-01	0.851770	0
HNMT	4	9.5937e-01	7.9956e-01	0.851770	0
PACSIN3	4	9.5944e-01	7.9956e-01	0.851770	0
TRIM74	4	9.5945e-01	7.9956e-01	0.851770	0
AIPL1	4	9.5950e-01	7.9956e-01	0.851770	0
ADAMTS4	4	9.5951e-01	7.9956e-01	0.851770	0
TMEM63C	4	9.5958e-01	7.9956e-01	0.851770	0
KCNE3	4	9.5959e-01	7.9956e-01	0.851770	0
SAFB	4	9.5961e-01	7.9956e-01	0.851770	0
SERPINA1	4	9.5963e-01	7.9956e-01	0.851770	0
P4HA2	4	9.5965e-01	7.9956e-01	0.851770	0
DFNB31	4	9.5968e-01	7.9956e-01	0.851770	0
PLEKHA6	4	9.5970e-01	7.9956e-01	0.851770	0
MAF1	4	9.5972e-01	7.9956e-01	0.851770	0
SYT10	4	9.5977e-01	7.9956e-01	0.851770	0
FAM181A	4	9.5977e-01	7.9956e-01	0.851770	0
DLAT	4	9.5983e-01	7.9956e-01	0.851770	0
PIK3C2G	4	9.5987e-01	7.9956e-01	0.851770	0
KLHL31	4	9.5989e-01	7.9956e-01	0.851770	0
NKPD1	4	9.5991e-01	7.9956e-01	0.851770	0
CCRL2	4	9.5999e-01	7.9956e-01	0.851770	0
SCRN1	4	9.6001e-01	7.9956e-01	0.851770	0
GLRX	4	9.6002e-01	7.9956e-01	0.851770	0
SIGLECL1	4	9.6010e-01	8.0079e-01	0.851770	0
FLT3	4	9.6011e-01	8.0079e-01	0.851770	0
TMIGD3	4	9.6012e-01	8.0079e-01	0.851770	0
C10orf35	4	9.6015e-01	8.0079e-01	0.851770	0
HTT	4	9.6016e-01	8.0079e-01	0.851770	0
C1QL3	4	9.6019e-01	8.0079e-01	0.851770	0
TMEM19	4	9.6020e-01	8.0079e-01	0.851770	0
TXNL1	4	9.6024e-01	8.0079e-01	0.851770	0
ENTPD8	4	9.6025e-01	8.0079e-01	0.851770	0
VPS41	4	9.6025e-01	8.0079e-01	0.851770	0
KIAA0825	4	9.6035e-01	8.0079e-01	0.851770	0
SFTPB	4	9.6037e-01	8.0079e-01	0.851770	0
KCTD20	4	9.6039e-01	8.0079e-01	0.851770	0
CD72	4	9.6049e-01	8.0079e-01	0.851770	0
PLS1	4	9.6052e-01	8.0079e-01	0.851770	0
RBMXL2	4	9.6058e-01	8.0079e-01	0.851770	0
MMP20	4	9.6067e-01	8.0079e-01	0.851770	0
SLC39A11	4	9.6068e-01	8.0079e-01	0.851770	0
ZMYND15	4	9.6069e-01	8.0079e-01	0.851770	0
KRT6A	4	9.6070e-01	8.0079e-01	0.851770	0
TSC22D1	4	9.6071e-01	8.0079e-01	0.851770	0
CHSY1	4	9.6072e-01	8.0079e-01	0.851770	0
HTRA4	4	9.6074e-01	8.0079e-01	0.851770	0
WDR19	4	9.6075e-01	8.0079e-01	0.851770	0
DTWD2	4	9.6076e-01	8.0079e-01	0.851770	0
NXPH4	4	9.6076e-01	8.0079e-01	0.851770	0
ANKRD2	4	9.6077e-01	8.0079e-01	0.851770	0
BRCC3	4	9.6082e-01	8.0079e-01	0.851770	0
RWDD2B	4	9.6084e-01	8.0079e-01	0.851770	0
CHURC1	4	9.6089e-01	8.0079e-01	0.851770	0
TMTC1	4	9.6092e-01	8.0079e-01	0.851770	0
FAM231A	4	9.6092e-01	8.0079e-01	0.851770	0
MSI2	4	9.6093e-01	8.0079e-01	0.851770	0
MAN2A2	4	9.6093e-01	8.0079e-01	0.851770	0
MLEC	4	9.6101e-01	8.0079e-01	0.851770	0
HECTD4	4	9.6102e-01	8.0079e-01	0.851770	0
MPG	4	9.6106e-01	8.0197e-01	0.852554	0
C2orf83	4	9.6109e-01	8.0197e-01	0.852554	0
F8	4	9.6110e-01	8.0197e-01	0.852554	0
ACKR2	4	9.6112e-01	8.0197e-01	0.852554	0
ATP5I	4	9.6116e-01	8.0197e-01	0.852554	0
CDKN1A	4	9.6118e-01	8.0197e-01	0.852554	0
NLGN3	4	9.6125e-01	8.0197e-01	0.852554	0
PIK3R6	4	9.6130e-01	8.0197e-01	0.852554	0
RAPGEF5	4	9.6134e-01	8.0197e-01	0.852554	0
EPHB4	4	9.6136e-01	8.0197e-01	0.852554	0
TKTL2	4	9.6141e-01	8.0317e-01	0.853592	0
PROP1	4	9.6142e-01	8.0317e-01	0.853592	0
CEP350	4	9.6143e-01	8.0317e-01	0.853592	0
GYPC	4	9.6147e-01	8.0317e-01	0.853592	0
GNG13	4	9.6151e-01	8.0317e-01	0.853592	0
C10orf67	4	9.6152e-01	8.0436e-01	0.854429	0
PTH	4	9.6153e-01	8.0436e-01	0.854429	0
PAPPA2	4	9.6165e-01	8.0436e-01	0.854429	0
SEC22C	4	9.6166e-01	8.0436e-01	0.854429	0
PROL1	4	9.6169e-01	8.0436e-01	0.854429	0
LRRC4C	4	9.6170e-01	8.0436e-01	0.854429	0
MICU2	4	9.6171e-01	8.0436e-01	0.854429	0
SRMS	4	9.6172e-01	8.0436e-01	0.854429	0
TNIK	4	9.6175e-01	8.0436e-01	0.854429	0
ZFAND5	4	9.6178e-01	8.0556e-01	0.855233	0
KRT33B	4	9.6179e-01	8.0556e-01	0.855233	0
ID3	4	9.6180e-01	8.0556e-01	0.855233	0
LRRC31	4	9.6181e-01	8.0556e-01	0.855233	0
PRSS21	4	9.6183e-01	8.0556e-01	0.855233	0
ESRRG	4	9.6194e-01	8.0556e-01	0.855233	0
NKX2-1	4	9.6195e-01	8.0556e-01	0.855233	0
GRID2	4	9.6197e-01	8.0556e-01	0.855233	0
ST8SIA6	4	9.6198e-01	8.0556e-01	0.855233	0
CCR8	4	9.6201e-01	8.0556e-01	0.855233	0
CYP2A13	4	9.6210e-01	8.0677e-01	0.856422	0
GRIK2	4	9.6210e-01	8.0677e-01	0.856422	0
GJB7	4	9.6218e-01	8.0794e-01	0.857562	0
CBX2	4	9.6221e-01	8.0794e-01	0.857562	0
LGALSL	4	9.6230e-01	8.1024e-01	0.859815	0
OXR1	4	9.6231e-01	8.1024e-01	0.859815	0
ADAMTS12	4	9.6233e-01	8.1024e-01	0.859815	0
OR9G1	4	9.6240e-01	8.1024e-01	0.859815	0
DNMT3L	4	9.6245e-01	8.1140e-01	0.860763	0
PCBD1	4	9.6249e-01	8.1140e-01	0.860763	0
CNKSR1	4	9.6262e-01	8.1140e-01	0.860763	0
KCNK13	4	9.6263e-01	8.1140e-01	0.860763	0
ZMYM6NB	4	9.6264e-01	8.1140e-01	0.860763	0
C9orf135	4	9.6265e-01	8.1140e-01	0.860763	0
MORC3	4	9.6284e-01	8.1370e-01	0.863103	0
C11orf86	4	9.6286e-01	8.1370e-01	0.863103	0
HNRNPUL1	4	9.6287e-01	8.1481e-01	0.863944	0
CEP95	4	9.6288e-01	8.1481e-01	0.863944	0
CD300A	4	9.6288e-01	8.1481e-01	0.863944	0
PEX14	4	9.6289e-01	8.1481e-01	0.863944	0
STAT1	4	9.6290e-01	8.1481e-01	0.863944	0
TARM1	4	9.6291e-01	8.1481e-01	0.863944	0
WT1	4	9.6291e-01	8.1481e-01	0.863944	0
IL26	4	9.6302e-01	8.1594e-01	0.865098	0
KRTAP20-1	4	9.6312e-01	8.1703e-01	0.865486	0
PHLDA1	4	9.6314e-01	8.1703e-01	0.865486	0
ASB2	4	9.6329e-01	8.1703e-01	0.865486	0
HINT1	4	9.6330e-01	8.1703e-01	0.865486	0
ZNF800	4	9.6331e-01	8.1703e-01	0.865486	0
LCE1E	4	9.6344e-01	8.1703e-01	0.865486	0
C11orf24	4	9.6344e-01	8.1703e-01	0.865486	0
CHM	4	9.6345e-01	8.1703e-01	0.865486	0
CNBD2	4	9.6350e-01	8.1703e-01	0.865486	0
C1QTNF1	4	9.6354e-01	8.1703e-01	0.865486	0
HBA1	4	9.6356e-01	8.1703e-01	0.865486	0
PEX7	4	9.6358e-01	8.1703e-01	0.865486	0
DTHD1	4	9.6366e-01	8.1703e-01	0.865486	0
FZD5	4	9.6367e-01	8.1703e-01	0.865486	0
NUDT16L1	4	9.6371e-01	8.1703e-01	0.865486	0
SLC6A19	4	9.6372e-01	8.1703e-01	0.865486	0
BLNK	4	9.6377e-01	8.1816e-01	0.865576	0
HPS3	4	9.6379e-01	8.1816e-01	0.865576	0
UCP2	4	9.6383e-01	8.1816e-01	0.865576	0
SCUBE1	4	9.6387e-01	8.1816e-01	0.865576	0
FAM46D	4	9.6389e-01	8.1816e-01	0.865576	0
TAS2R42	4	9.6391e-01	8.1816e-01	0.865576	0
CD46	4	9.6393e-01	8.1816e-01	0.865576	0
C8orf74	4	9.6396e-01	8.1816e-01	0.865576	0
RYK	4	9.6402e-01	8.1816e-01	0.865576	0
ADAMTS17	4	9.6406e-01	8.1816e-01	0.865576	0
CHN2	4	9.6407e-01	8.1816e-01	0.865576	0
TNIP3	4	9.6408e-01	8.1816e-01	0.865576	0
ATF6B	4	9.6410e-01	8.1816e-01	0.865576	0
TRIP12	4	9.6415e-01	8.1816e-01	0.865576	0
KBTBD3	4	9.6416e-01	8.1816e-01	0.865576	0
RPS4Y1	4	9.6419e-01	8.1816e-01	0.865576	0
NDP	4	9.6421e-01	8.1816e-01	0.865576	0
ZNF230	4	9.6425e-01	8.1816e-01	0.865576	0
HYKK	4	9.6431e-01	8.1816e-01	0.865576	0
RHOBTB1	4	9.6433e-01	8.1816e-01	0.865576	0
CASC4	4	9.6437e-01	8.1816e-01	0.865576	0
HIST1H4L	4	9.6438e-01	8.1816e-01	0.865576	0
ZNF665	4	9.6441e-01	8.1816e-01	0.865576	0
FAM111B	4	9.6441e-01	8.1929e-01	0.866434	0
ITIH1	4	9.6449e-01	8.1929e-01	0.866434	0
FOSL2	4	9.6452e-01	8.1929e-01	0.866434	0
ZNF112	4	9.6452e-01	8.1929e-01	0.866434	0
ALKBH8	4	9.6458e-01	8.1929e-01	0.866434	0
C1QC	4	9.6463e-01	8.1929e-01	0.866434	0
NFAM1	4	9.6466e-01	8.1929e-01	0.866434	0
NEU1	4	9.6470e-01	8.2039e-01	0.867264	0
PPP4R2	4	9.6472e-01	8.2039e-01	0.867264	0
THAP4	4	9.6473e-01	8.2039e-01	0.867264	0
CDYL	4	9.6474e-01	8.2039e-01	0.867264	0
TUBE1	4	9.6476e-01	8.2039e-01	0.867264	0
C19orf54	4	9.6476e-01	8.2039e-01	0.867264	0
LRRC8C	4	9.6486e-01	8.2039e-01	0.867264	0
ABHD14A	4	9.6493e-01	8.2148e-01	0.868369	0
FAM81A	4	9.6503e-01	8.2255e-01	0.868828	0
FAM213A	4	9.6507e-01	8.2255e-01	0.868828	0
C2orf54	4	9.6515e-01	8.2255e-01	0.868828	0
RC3H2	4	9.6518e-01	8.2255e-01	0.868828	0
RAC2	4	9.6523e-01	8.2255e-01	0.868828	0
PSEN2	4	9.6525e-01	8.2255e-01	0.868828	0
EEF2K	4	9.6527e-01	8.2255e-01	0.868828	0
GZMH	4	9.6527e-01	8.2255e-01	0.868828	0
FAM151B	4	9.6533e-01	8.2255e-01	0.868828	0
FOXB1	4	9.6535e-01	8.2255e-01	0.868828	0
GABARAPL2	4	9.6537e-01	8.2255e-01	0.868828	0
LDHC	4	9.6540e-01	8.2255e-01	0.868828	0
SMARCA2	4	9.6542e-01	8.2255e-01	0.868828	0
PKLR	4	9.6542e-01	8.2255e-01	0.868828	0
PDHB	4	9.6545e-01	8.2364e-01	0.869837	0
IFT52	4	9.6549e-01	8.2364e-01	0.869837	0
ADGRB2	4	9.6549e-01	8.2364e-01	0.869837	0
NTRK1	4	9.6551e-01	8.2580e-01	0.871680	0
FAM84B	4	9.6557e-01	8.2580e-01	0.871680	0
APOL1	4	9.6558e-01	8.2580e-01	0.871680	0
ITPR2	4	9.6559e-01	8.2580e-01	0.871680	0
TAS2R4	4	9.6560e-01	8.2580e-01	0.871680	0
ADGRL1	4	9.6562e-01	8.2580e-01	0.871680	0
ACBD4	4	9.6564e-01	8.2580e-01	0.871680	0
DNAJC10	4	9.6565e-01	8.2580e-01	0.871680	0
DLGAP3	4	9.6570e-01	8.2688e-01	0.872768	0
VIPAS39	4	9.6572e-01	8.2792e-01	0.873771	0
CCBE1	4	9.6575e-01	8.2792e-01	0.873771	0
BPGM	4	9.6578e-01	8.2899e-01	0.874711	0
XKR5	4	9.6580e-01	8.2899e-01	0.874711	0
INSL3	4	9.6581e-01	8.2899e-01	0.874711	0
INSM2	4	9.6583e-01	8.2899e-01	0.874711	0
UGGT1	4	9.6587e-01	8.3008e-01	0.875134	0
TEPP	4	9.6587e-01	8.3008e-01	0.875134	0
OSBPL6	4	9.6595e-01	8.3008e-01	0.875134	0
H1FOO	4	9.6596e-01	8.3008e-01	0.875134	0
SPATA31A7	4	9.6599e-01	8.3008e-01	0.875134	0
TNF	4	9.6599e-01	8.3008e-01	0.875134	0
MAP7D1	4	9.6600e-01	8.3008e-01	0.875134	0
SOX1	4	9.6609e-01	8.3008e-01	0.875134	0
TM4SF19	4	9.6611e-01	8.3008e-01	0.875134	0
NTN4	4	9.6614e-01	8.3008e-01	0.875134	0
RUSC2	4	9.6616e-01	8.3008e-01	0.875134	0
LOC100996693	4	9.6619e-01	8.3008e-01	0.875134	0
ARAF	4	9.6619e-01	8.3008e-01	0.875134	0
EPHX2	4	9.6624e-01	8.3008e-01	0.875134	0
BTBD18	4	9.6625e-01	8.3008e-01	0.875134	0
MAGEB17	4	9.6634e-01	8.3113e-01	0.876196	0
CYLC1	4	9.6649e-01	8.3220e-01	0.876986	0
OR2F2	4	9.6650e-01	8.3220e-01	0.876986	0
ASB5	4	9.6653e-01	8.3220e-01	0.876986	0
BPI	4	9.6657e-01	8.3220e-01	0.876986	0
GRIK4	4	9.6658e-01	8.3220e-01	0.876986	0
HACD1	4	9.6662e-01	8.3220e-01	0.876986	0
YIPF7	4	9.6668e-01	8.3220e-01	0.876986	0
SOCS6	4	9.6669e-01	8.3326e-01	0.877666	0
CYSLTR2	4	9.6673e-01	8.3326e-01	0.877666	0
SPOCK3	4	9.6674e-01	8.3326e-01	0.877666	0
CST9	4	9.6675e-01	8.3326e-01	0.877666	0
SP140	4	9.6678e-01	8.3326e-01	0.877666	0
GJD2	4	9.6679e-01	8.3326e-01	0.877666	0
NAALADL1	4	9.6687e-01	8.3326e-01	0.877666	0
ANKRD50	4	9.6693e-01	8.3326e-01	0.877666	0
TRMT10B	4	9.6695e-01	8.3326e-01	0.877666	0
CMBL	4	9.6700e-01	8.3431e-01	0.878727	0
FAM192A	4	9.6702e-01	8.3533e-01	0.879607	0
MYZAP	4	9.6704e-01	8.3533e-01	0.879607	0
HYAL4	4	9.6709e-01	8.3533e-01	0.879607	0
ABCB1	4	9.6717e-01	8.3533e-01	0.879607	0
SATB1	4	9.6724e-01	8.3638e-01	0.880664	0
IBSP	4	9.6733e-01	8.3741e-01	0.880771	0
HTR1E	4	9.6736e-01	8.3741e-01	0.880771	0
VAV2	4	9.6738e-01	8.3741e-01	0.880771	0
ESD	4	9.6745e-01	8.3741e-01	0.880771	0
FAM131A	4	9.6750e-01	8.3741e-01	0.880771	0
PRKACA	4	9.6755e-01	8.3741e-01	0.880771	0
OR2A2	4	9.6756e-01	8.3741e-01	0.880771	0
FAM24A	4	9.6757e-01	8.3741e-01	0.880771	0
MMP16	4	9.6758e-01	8.3741e-01	0.880771	0
RASA3	4	9.6760e-01	8.3741e-01	0.880771	0
SYDE1	4	9.6767e-01	8.3741e-01	0.880771	0
HERPUD2	4	9.6770e-01	8.3741e-01	0.880771	0
PPP1R3F	4	9.6772e-01	8.3741e-01	0.880771	0
NMBR	4	9.6776e-01	8.3741e-01	0.880771	0
RGS13	4	9.6776e-01	8.3741e-01	0.880771	0
ASB12	4	9.6778e-01	8.3741e-01	0.880771	0
OVCH2	4	9.6783e-01	8.3741e-01	0.880771	0
ACBD5	4	9.6784e-01	8.3741e-01	0.880771	0
RFX7	4	9.6787e-01	8.3741e-01	0.880771	0
PTGR1	4	9.6791e-01	8.3741e-01	0.880771	0
NOMO3	4	9.6792e-01	8.3843e-01	0.881602	0
AR	4	9.6796e-01	8.3843e-01	0.881602	0
DNAH14	4	9.6797e-01	8.3843e-01	0.881602	0
SCN7A	4	9.6798e-01	8.3843e-01	0.881602	0
RNF213	4	9.6803e-01	8.3843e-01	0.881602	0
ZIC3	4	9.6807e-01	8.3945e-01	0.882433	0
SIAE	4	9.6807e-01	8.3945e-01	0.882433	0
UBTD2	4	9.6816e-01	8.3945e-01	0.882433	0
IFIT2	4	9.6818e-01	8.3945e-01	0.882433	0
PFN2	4	9.6820e-01	8.3945e-01	0.882433	0
SIPA1L1	4	9.6833e-01	8.4045e-01	0.882900	0
XKRY	3	9.6840e-01	9.1423e-01	0.943746	0
DDC	4	9.6842e-01	8.4045e-01	0.882900	0
HSD3B1	4	9.6842e-01	8.4045e-01	0.882900	0
KTN1	4	9.6853e-01	8.4045e-01	0.882900	0
PAK7	4	9.6856e-01	8.4045e-01	0.882900	0
EFCAB1	4	9.6858e-01	8.4045e-01	0.882900	0
TMEM127	4	9.6860e-01	8.4045e-01	0.882900	0
AKAP8L	4	9.6873e-01	8.4045e-01	0.882900	0
GALC	4	9.6876e-01	8.4045e-01	0.882900	0
GLI4	4	9.6878e-01	8.4045e-01	0.882900	0
SLC25A34	4	9.6878e-01	8.4045e-01	0.882900	0
SLC25A29	4	9.6885e-01	8.4146e-01	0.883815	0
SCG3	4	9.6886e-01	8.4146e-01	0.883815	0
TIMP3	4	9.6887e-01	8.4146e-01	0.883815	0
HIF3A	4	9.6889e-01	8.4245e-01	0.884717	0
PIGG	4	9.6893e-01	8.4245e-01	0.884717	0
PCBP3	3	9.6894e-01	9.1715e-01	0.945950	0
GLDN	4	9.6897e-01	8.4246e-01	0.884717	0
CFHR2	4	9.6905e-01	8.4643e-01	0.888790	0
ATP7A	4	9.6907e-01	8.4643e-01	0.888790	0
TNN	4	9.6909e-01	8.4743e-01	0.889703	0
MARK4	4	9.6917e-01	8.4744e-01	0.889703	0
DAB2	4	9.6922e-01	8.4744e-01	0.889703	0
ANP32C	4	9.6936e-01	8.4839e-01	0.890604	0
TTC32	4	9.6937e-01	8.4839e-01	0.890604	0
TCF24	4	9.6938e-01	8.4936e-01	0.891426	0
TSPYL5	4	9.6940e-01	8.4936e-01	0.891426	0
KIAA1143	4	9.6944e-01	8.4936e-01	0.891426	0
AFAP1L1	4	9.6945e-01	8.4936e-01	0.891426	0
MYO16	4	9.6954e-01	8.5033e-01	0.891716	0
NRXN1	4	9.6957e-01	8.5033e-01	0.891716	0
FMO1	4	9.6960e-01	8.5033e-01	0.891716	0
BTN3A2	4	9.6963e-01	8.5033e-01	0.891716	0
HRH4	4	9.6966e-01	8.5033e-01	0.891716	0
RB1	4	9.6966e-01	8.5033e-01	0.891716	0
KIF3A	4	9.6969e-01	8.5033e-01	0.891716	0
BMI1	4	9.6972e-01	8.5033e-01	0.891716	0
UBAP2L	4	9.6973e-01	8.5033e-01	0.891716	0
PGAM5	4	9.6975e-01	8.5033e-01	0.891716	0
CDK19	4	9.6978e-01	8.5033e-01	0.891716	0
ECM2	4	9.6980e-01	8.5033e-01	0.891716	0
CAPN6	4	9.6982e-01	8.5033e-01	0.891716	0
RORB	4	9.6984e-01	8.5033e-01	0.891716	0
HRH2	4	9.6987e-01	8.5126e-01	0.892444	0
VWCE	4	9.6990e-01	8.5126e-01	0.892444	0
GABRA5	4	9.6992e-01	8.5126e-01	0.892444	0
CCDC177	4	9.6992e-01	8.5126e-01	0.892444	0
FXYD6	4	9.6995e-01	8.5126e-01	0.892444	0
CASS4	4	9.6999e-01	8.5224e-01	0.893367	0
SFTPC	4	9.7004e-01	8.5317e-01	0.893367	0
FOXO1	4	9.7005e-01	8.5317e-01	0.893367	0
OCM	4	9.7008e-01	8.5317e-01	0.893367	0
ERAS	4	9.7016e-01	8.5317e-01	0.893367	0
STEAP1	4	9.7024e-01	8.5317e-01	0.893367	0
TRIM5	4	9.7027e-01	8.5317e-01	0.893367	0
SCN4B	4	9.7028e-01	8.5317e-01	0.893367	0
KMO	4	9.7030e-01	8.5317e-01	0.893367	0
DNAL1	4	9.7038e-01	8.5317e-01	0.893367	0
MID1IP1	4	9.7039e-01	8.5317e-01	0.893367	0
SOX2	4	9.7041e-01	8.5317e-01	0.893367	0
TYW5	4	9.7042e-01	8.5317e-01	0.893367	0
B3GNT7	4	9.7042e-01	8.5317e-01	0.893367	0
FBXO22	4	9.7049e-01	8.5317e-01	0.893367	0
PI4K2B	4	9.7050e-01	8.5317e-01	0.893367	0
RHOXF1	4	9.7052e-01	8.5317e-01	0.893367	0
DHX58	4	9.7057e-01	8.5317e-01	0.893367	0
CEMIP	4	9.7058e-01	8.5317e-01	0.893367	0
IKZF1	4	9.7064e-01	8.5317e-01	0.893367	0
CAP2	4	9.7070e-01	8.5317e-01	0.893367	0
SLCO4C1	4	9.7071e-01	8.5317e-01	0.893367	0
CYP26A1	4	9.7073e-01	8.5413e-01	0.894325	0
WHSC1L1	4	9.7074e-01	8.5505e-01	0.894648	0
GPR142	4	9.7074e-01	8.5505e-01	0.894648	0
MYH2	4	9.7076e-01	8.5505e-01	0.894648	0
YY2	4	9.7076e-01	8.5505e-01	0.894648	0
SIPA1	4	9.7079e-01	8.5505e-01	0.894648	0
ZSCAN30	4	9.7080e-01	8.5505e-01	0.894648	0
ZIC1	4	9.7087e-01	8.5505e-01	0.894648	0
IKBKB	4	9.7095e-01	8.5505e-01	0.894648	0
SLC25A13	4	9.7095e-01	8.5505e-01	0.894648	0
NLGN4Y	4	9.7096e-01	8.5505e-01	0.894648	0
HECW2	4	9.7097e-01	8.5505e-01	0.894648	0
TSPY2	4	9.7105e-01	8.5505e-01	0.894648	0
SLC26A3	4	9.7106e-01	8.5505e-01	0.894648	0
ALPK2	4	9.7108e-01	8.5596e-01	0.895454	0
PRDX3	4	9.7110e-01	8.5596e-01	0.895454	0
HSD17B6	4	9.7116e-01	8.5596e-01	0.895454	0
GBA2	4	9.7126e-01	8.5785e-01	0.896646	0
LRRC69	4	9.7127e-01	8.5785e-01	0.896646	0
DUOXA1	4	9.7127e-01	8.5785e-01	0.896646	0
SLC25A53	4	9.7129e-01	8.5785e-01	0.896646	0
MXD1	4	9.7132e-01	8.5785e-01	0.896646	0
OR4B1	4	9.7133e-01	8.5785e-01	0.896646	0
THEM4	4	9.7137e-01	8.5785e-01	0.896646	0
CEP55	4	9.7148e-01	8.5785e-01	0.896646	0
SRPX	4	9.7149e-01	8.5785e-01	0.896646	0
CRNN	4	9.7150e-01	8.5785e-01	0.896646	0
DUSP1	4	9.7154e-01	8.5785e-01	0.896646	0
SH2D4B	4	9.7157e-01	8.5785e-01	0.896646	0
AXDND1	4	9.7157e-01	8.5785e-01	0.896646	0
ZNF529	4	9.7160e-01	8.5785e-01	0.896646	0
MAGEH1	4	9.7162e-01	8.5785e-01	0.896646	0
ENDOG	4	9.7167e-01	8.5785e-01	0.896646	0
CXorf51A	4	9.7175e-01	8.6063e-01	0.899360	0
ANKH	4	9.7180e-01	8.6063e-01	0.899360	0
FOXS1	4	9.7184e-01	8.6063e-01	0.899360	0
SESTD1	4	9.7188e-01	8.6063e-01	0.899360	0
ECE2	4	9.7211e-01	8.6428e-01	0.903023	0
RUNDC3B	4	9.7212e-01	8.6428e-01	0.903023	0
PEX11A	4	9.7219e-01	8.6428e-01	0.903023	0
CTNS	4	9.7227e-01	8.6515e-01	0.903784	0
ZNF611	4	9.7230e-01	8.6515e-01	0.903784	0
SLC1A3	4	9.7231e-01	8.6515e-01	0.903784	0
COL26A1	4	9.7236e-01	8.6607e-01	0.904691	0
CHPT1	4	9.7247e-01	8.6695e-01	0.904976	0
EPHA6	4	9.7250e-01	8.6695e-01	0.904976	0
INPP5F	4	9.7251e-01	8.6695e-01	0.904976	0
FBXO11	4	9.7252e-01	8.6695e-01	0.904976	0
ADGRE1	4	9.7252e-01	8.6695e-01	0.904976	0
RABL2B	4	9.7254e-01	8.6695e-01	0.904976	0
ANO5	4	9.7256e-01	8.6695e-01	0.904976	0
UCK2	4	9.7259e-01	8.6695e-01	0.904976	0
WWC1	4	9.7260e-01	8.6695e-01	0.904976	0
RGCC	4	9.7263e-01	8.6695e-01	0.904976	0
EPHA2	4	9.7264e-01	8.6695e-01	0.904976	0
CNPY1	4	9.7265e-01	8.6695e-01	0.904976	0
TAF9	4	9.7270e-01	8.6695e-01	0.904976	0
RCN1	4	9.7276e-01	8.6781e-01	0.905231	0
C7orf25	4	9.7280e-01	8.6781e-01	0.905231	0
BLOC1S5	4	9.7286e-01	8.6781e-01	0.905231	0
DSCAML1	4	9.7289e-01	8.6781e-01	0.905231	0
C1orf111	4	9.7290e-01	8.6781e-01	0.905231	0
KHNYN	4	9.7292e-01	8.6781e-01	0.905231	0
SP4	4	9.7293e-01	8.6781e-01	0.905231	0
CBFB	4	9.7297e-01	8.6781e-01	0.905231	0
ZNF326	4	9.7299e-01	8.6781e-01	0.905231	0
RNASE10	4	9.7314e-01	8.6782e-01	0.905231	0
HSD11B1L	4	9.7316e-01	8.6782e-01	0.905231	0
CCNB2	4	9.7317e-01	8.6782e-01	0.905231	0
GSTK1	4	9.7320e-01	8.6782e-01	0.905231	0
KIF3C	4	9.7329e-01	8.6870e-01	0.905906	0
HNRNPA2B1	4	9.7331e-01	8.6870e-01	0.905906	0
TMEM50B	4	9.7334e-01	8.6870e-01	0.905906	0
CNIH2	4	9.7337e-01	8.6870e-01	0.905906	0
DEPDC5	4	9.7339e-01	8.6870e-01	0.905906	0
TRIM38	4	9.7344e-01	8.6957e-01	0.906415	0
ATP1A2	4	9.7346e-01	8.6957e-01	0.906415	0
DLGAP4	4	9.7348e-01	8.6957e-01	0.906415	0
RGS12	4	9.7350e-01	8.6957e-01	0.906415	0
TLK2	4	9.7352e-01	8.6957e-01	0.906415	0
ZNF747	4	9.7352e-01	8.6957e-01	0.906415	0
SASH1	4	9.7358e-01	8.6957e-01	0.906415	0
GCNT2	4	9.7360e-01	8.6957e-01	0.906415	0
NCEH1	4	9.7365e-01	8.7045e-01	0.907137	0
OTOR	4	9.7366e-01	8.7045e-01	0.907137	0
ELFN1	4	9.7369e-01	8.7045e-01	0.907137	0
CACNA1B	4	9.7372e-01	8.7045e-01	0.907137	0
PLCXD3	4	9.7391e-01	8.7133e-01	0.907856	0
CDC25C	4	9.7391e-01	8.7133e-01	0.907856	0
PRNP	4	9.7394e-01	8.7133e-01	0.907856	0
HEXIM2	4	9.7395e-01	8.7133e-01	0.907856	0
LMO7	4	9.7401e-01	8.7217e-01	0.908286	0
NDFIP2	4	9.7406e-01	8.7217e-01	0.908286	0
MUTYH	4	9.7407e-01	8.7217e-01	0.908286	0
HSPG2	4	9.7407e-01	8.7217e-01	0.908286	0
APOA1BP	4	9.7410e-01	8.7217e-01	0.908286	0
BANK1	4	9.7411e-01	8.7217e-01	0.908286	0
ACOT11	4	9.7412e-01	8.7217e-01	0.908286	0
MTO1	4	9.7420e-01	8.7217e-01	0.908286	0
RNF217	4	9.7422e-01	8.7217e-01	0.908286	0
SOCS2	4	9.7423e-01	8.7303e-01	0.908985	0
IGIP	4	9.7427e-01	8.7303e-01	0.908985	0
USHBP1	4	9.7431e-01	8.7303e-01	0.908985	0
TMEM177	4	9.7433e-01	8.7303e-01	0.908985	0
PHF19	4	9.7443e-01	8.7388e-01	0.909669	0
INADL	4	9.7443e-01	8.7388e-01	0.909669	0
PRSS37	4	9.7446e-01	8.7388e-01	0.909669	0
RUNX1	4	9.7447e-01	8.7388e-01	0.909669	0
PLCD3	4	9.7449e-01	8.7473e-01	0.910362	0
SERPINA9	4	9.7449e-01	8.7473e-01	0.910362	0
ZC3H12C	4	9.7450e-01	8.7473e-01	0.910362	0
COPS7A	4	9.7458e-01	8.7473e-01	0.910362	0
LOC643802	4	9.7463e-01	8.7560e-01	0.911218	0
HDHD1	4	9.7466e-01	8.7646e-01	0.912055	0
PAPOLG	4	9.7468e-01	8.7729e-01	0.912824	0
C16orf91	4	9.7479e-01	8.7729e-01	0.912824	0
ZMYND19	4	9.7488e-01	8.7894e-01	0.914388	0
SLC30A8	4	9.7489e-01	8.7894e-01	0.914388	0
ITGA4	4	9.7490e-01	8.7894e-01	0.914388	0
MTCL1	4	9.7493e-01	8.7979e-01	0.914882	0
SERINC4	4	9.7496e-01	8.7979e-01	0.914882	0
SCHIP1	4	9.7498e-01	8.7979e-01	0.914882	0
PPAT	4	9.7499e-01	8.7979e-01	0.914882	0
EEF1D	4	9.7499e-01	8.7979e-01	0.914882	0
TH	4	9.7506e-01	8.7980e-01	0.914882	0
ZNF302	4	9.7507e-01	8.7980e-01	0.914882	0
PLEKHH3	4	9.7508e-01	8.7980e-01	0.914882	0
PSMA8	4	9.7513e-01	8.8062e-01	0.915641	0
SLC6A12	4	9.7514e-01	8.8062e-01	0.915641	0
ATP5SL	4	9.7526e-01	8.8144e-01	0.916243	0
NRXN3	4	9.7527e-01	8.8144e-01	0.916243	0
ARHGAP28	4	9.7528e-01	8.8144e-01	0.916243	0
STIP1	4	9.7530e-01	8.8144e-01	0.916243	0
PLIN5	4	9.7530e-01	8.8144e-01	0.916243	0
C17orf64	4	9.7544e-01	8.8221e-01	0.916848	0
C14orf28	4	9.7544e-01	8.8221e-01	0.916848	0
GLRA4	4	9.7545e-01	8.8221e-01	0.916848	0
CTGF	4	9.7546e-01	8.8221e-01	0.916848	0
C9orf153	4	9.7556e-01	8.8299e-01	0.917553	0
KPRP	4	9.7560e-01	8.8299e-01	0.917553	0
C17orf74	4	9.7569e-01	8.8459e-01	0.919120	0
C20orf141	4	9.7573e-01	8.8459e-01	0.919120	0
ZNF124	4	9.7585e-01	8.8613e-01	0.920570	0
ICAM3	4	9.7585e-01	8.8613e-01	0.920570	0
OR1J1	4	9.7587e-01	8.8613e-01	0.920570	0
STRADB	4	9.7591e-01	8.8687e-01	0.921290	0
RNF135	4	9.7596e-01	8.8768e-01	0.921980	0
HNRNPCL1	4	9.7598e-01	8.8768e-01	0.921980	0
RASGRP2	4	9.7599e-01	8.8768e-01	0.921980	0
FCER1A	4	9.7608e-01	8.8846e-01	0.922392	0
OFD1	4	9.7609e-01	8.8846e-01	0.922392	0
OPRL1	4	9.7610e-01	8.8846e-01	0.922392	0
KIFC1	4	9.7619e-01	8.8847e-01	0.922392	0
SIN3B	4	9.7621e-01	8.8847e-01	0.922392	0
RCVRN	4	9.7624e-01	8.8847e-01	0.922392	0
OR6C74	4	9.7624e-01	8.8847e-01	0.922392	0
PHGDH	4	9.7625e-01	8.8847e-01	0.922392	0
FGB	4	9.7633e-01	8.8924e-01	0.923099	0
DNAJB6	4	9.7638e-01	8.8924e-01	0.923099	0
LIMA1	4	9.7640e-01	8.9000e-01	0.923787	0
CDKN1C	4	9.7641e-01	8.9000e-01	0.923787	0
GNG4	4	9.7644e-01	8.9153e-01	0.925016	0
RNF175	4	9.7644e-01	8.9153e-01	0.925016	0
GPR52	4	9.7646e-01	8.9153e-01	0.925016	0
BCL11B	4	9.7649e-01	8.9153e-01	0.925016	0
HCAR2	4	9.7649e-01	8.9153e-01	0.925016	0
SLC37A3	4	9.7649e-01	8.9153e-01	0.925016	0
RNF152	4	9.7650e-01	8.9153e-01	0.925016	0
TIAF1	4	9.7662e-01	8.9231e-01	0.925778	0
RHAG	4	9.7666e-01	8.9303e-01	0.926172	0
PCDHA12	4	9.7667e-01	8.9303e-01	0.926172	0
PTPRN2	4	9.7669e-01	8.9303e-01	0.926172	0
PLCXD2	4	9.7670e-01	8.9303e-01	0.926172	0
TSPY8	4	9.7676e-01	8.9303e-01	0.926172	0
ST6GALNAC5	4	9.7679e-01	8.9303e-01	0.926172	0
TP73	4	9.7682e-01	8.9303e-01	0.926172	0
MFGE8	4	9.7705e-01	8.9526e-01	0.928237	0
ZCCHC24	4	9.7708e-01	8.9526e-01	0.928237	0
ANK3	4	9.7713e-01	8.9526e-01	0.928237	0
RBBP9	4	9.7716e-01	8.9526e-01	0.928237	0
TRIM7	4	9.7722e-01	8.9526e-01	0.928237	0
PSD3	4	9.7727e-01	8.9600e-01	0.928495	0
LRRC42	4	9.7728e-01	8.9600e-01	0.928495	0
NRAP	4	9.7729e-01	8.9600e-01	0.928495	0
PALM	4	9.7735e-01	8.9600e-01	0.928495	0
BSND	4	9.7743e-01	8.9600e-01	0.928495	0
SCN9A	4	9.7746e-01	8.9600e-01	0.928495	0
LRRC32	4	9.7747e-01	8.9600e-01	0.928495	0
KIF26A	4	9.7750e-01	8.9600e-01	0.928495	0
VPS72	4	9.7751e-01	8.9600e-01	0.928495	0
TMEM41A	4	9.7752e-01	8.9600e-01	0.928495	0
TSPY10	4	9.7755e-01	8.9676e-01	0.929234	0
CLLU1OS	4	9.7757e-01	8.9748e-01	0.929888	0
SLC51A	4	9.7759e-01	8.9749e-01	0.929888	0
PRKAB2	4	9.7762e-01	8.9821e-01	0.930235	0
PGM1	4	9.7763e-01	8.9821e-01	0.930235	0
MAP7D2	4	9.7763e-01	8.9821e-01	0.930235	0
MAEL	4	9.7766e-01	8.9821e-01	0.930235	0
ACCS	4	9.7773e-01	8.9821e-01	0.930235	0
ZBTB43	4	9.7774e-01	8.9821e-01	0.930235	0
SHF	4	9.7779e-01	8.9821e-01	0.930235	0
TET1	4	9.7787e-01	8.9821e-01	0.930235	0
PITX2	4	9.7796e-01	8.9891e-01	0.930506	0
IER3	4	9.7800e-01	8.9891e-01	0.930506	0
MASP2	4	9.7804e-01	8.9891e-01	0.930506	0
PROSC	4	9.7805e-01	8.9891e-01	0.930506	0
HSPB2	4	9.7805e-01	8.9891e-01	0.930506	0
OR10J1	4	9.7806e-01	8.9891e-01	0.930506	0
SERPINI1	4	9.7815e-01	8.9891e-01	0.930506	0
SMAGP	4	9.7820e-01	8.9891e-01	0.930506	0
RNF44	4	9.7824e-01	8.9891e-01	0.930506	0
CBX8	4	9.7827e-01	8.9962e-01	0.931138	0
SLC12A1	4	9.7828e-01	8.9962e-01	0.931138	0
TMEM106A	4	9.7840e-01	9.0028e-01	0.931775	0
GEM	4	9.7844e-01	9.0098e-01	0.932395	0
ADAM8	4	9.7845e-01	9.0098e-01	0.932395	0
DAB2IP	4	9.7860e-01	9.0168e-01	0.932919	0
TMEM200B	4	9.7861e-01	9.0168e-01	0.932919	0
TLX3	4	9.7863e-01	9.0168e-01	0.932919	0
TP53I3	4	9.7865e-01	9.0168e-01	0.932919	0
ARHGAP6	4	9.7870e-01	9.0240e-01	0.933408	0
SIRPB2	4	9.7874e-01	9.0240e-01	0.933408	0
FSIP2	4	9.7875e-01	9.0240e-01	0.933408	0
SESN2	4	9.7878e-01	9.0240e-01	0.933408	0
NEU2	4	9.7881e-01	9.0240e-01	0.933408	0
HSPA4	4	9.7904e-01	9.0309e-01	0.933978	0
OR52E6	4	9.7904e-01	9.0309e-01	0.933978	0
RNF180	4	9.7908e-01	9.0378e-01	0.934589	0
DCBLD2	4	9.7910e-01	9.0378e-01	0.934589	0
CDK14	4	9.7920e-01	9.0446e-01	0.935137	0
ZNF628	4	9.7921e-01	9.0446e-01	0.935137	0
CT47A11	4	9.7927e-01	9.0446e-01	0.935137	0
PRR5L	4	9.7933e-01	9.0517e-01	0.935820	0
UBE2M	4	9.7936e-01	9.0585e-01	0.936422	0
NDUFB7	4	9.7936e-01	9.0585e-01	0.936422	0
STRIP2	4	9.7946e-01	9.0653e-01	0.936869	0
ZNF33A	4	9.7952e-01	9.0653e-01	0.936869	0
KRT2	4	9.7953e-01	9.0653e-01	0.936869	0
ARHGAP31	4	9.7954e-01	9.0653e-01	0.936869	0
BAZ2A	4	9.7964e-01	9.0653e-01	0.936869	0
MYL2	4	9.7969e-01	9.0722e-01	0.937434	0
WNT10B	4	9.7969e-01	9.0722e-01	0.937434	0
HDAC2	4	9.7976e-01	9.0722e-01	0.937434	0
EBF4	4	9.7995e-01	9.0791e-01	0.937939	0
AKAP17A	4	9.7996e-01	9.0791e-01	0.937939	0
ASGR1	4	9.7997e-01	9.0791e-01	0.937939	0
RFK	4	9.7998e-01	9.0791e-01	0.937939	0
IL17RA	4	9.8002e-01	9.0918e-01	0.939205	0
SCAF4	4	9.8010e-01	9.1054e-01	0.940308	0
ZDBF2	4	9.8018e-01	9.1054e-01	0.940308	0
BRMS1	4	9.8021e-01	9.1054e-01	0.940308	0
YPEL4	4	9.8027e-01	9.1054e-01	0.940308	0
KHDC1	4	9.8028e-01	9.1054e-01	0.940308	0
CCNG2	4	9.8030e-01	9.1054e-01	0.940308	0
CDX2	4	9.8039e-01	9.1249e-01	0.942221	0
PTGER4	4	9.8041e-01	9.1250e-01	0.942221	0
SHH	4	9.8044e-01	9.1315e-01	0.942792	0
HTR1D	4	9.8044e-01	9.1315e-01	0.942792	0
SIGMAR1	4	9.8049e-01	9.1442e-01	0.943746	0
OR4C11	4	9.8052e-01	9.1442e-01	0.943746	0
ZP1	4	9.8060e-01	9.1442e-01	0.943746	0
CYR61	4	9.8066e-01	9.1442e-01	0.943746	0
HMGCL	4	9.8066e-01	9.1442e-01	0.943746	0
EVI2A	4	9.8067e-01	9.1442e-01	0.943746	0
APH1B	4	9.8070e-01	9.1505e-01	0.944041	0
ATP8A2	4	9.8073e-01	9.1505e-01	0.944041	0
ELF4	4	9.8075e-01	9.1505e-01	0.944041	0
PPM1M	4	9.8077e-01	9.1505e-01	0.944041	0
CABLES2	4	9.8077e-01	9.1505e-01	0.944041	0
PHGR1	4	9.8080e-01	9.1505e-01	0.944041	0
PNMAL1	4	9.8081e-01	9.1505e-01	0.944041	0
RNF19B	4	9.8085e-01	9.1566e-01	0.944519	0
C9orf152	4	9.8086e-01	9.1566e-01	0.944519	0
BCL11A	4	9.8087e-01	9.1566e-01	0.944519	0
ORAI3	4	9.8097e-01	9.1694e-01	0.945787	0
CTRL	4	9.8101e-01	9.1757e-01	0.946342	0
TTC39C	4	9.8107e-01	9.1817e-01	0.946649	0
ADD1	4	9.8107e-01	9.1817e-01	0.946649	0
NLGN1	4	9.8120e-01	9.1817e-01	0.946649	0
MMP2	4	9.8122e-01	9.1817e-01	0.946649	0
F9	4	9.8125e-01	9.1817e-01	0.946649	0
RNF216	4	9.8127e-01	9.1817e-01	0.946649	0
KRTAP9-6	4	9.8133e-01	9.1875e-01	0.947147	0
CETN2	4	9.8134e-01	9.1875e-01	0.947147	0
FOXO3	4	9.8136e-01	9.1936e-01	0.947623	0
C12orf57	4	9.8137e-01	9.1936e-01	0.947623	0
ZNF483	4	9.8140e-01	9.1936e-01	0.947623	0
APOBR	4	9.8145e-01	9.1995e-01	0.948025	0
ISYNA1	4	9.8147e-01	9.1995e-01	0.948025	0
OR10AD1	4	9.8148e-01	9.1995e-01	0.948025	0
SLC17A2	4	9.8152e-01	9.1995e-01	0.948025	0
EYA3	4	9.8160e-01	9.2119e-01	0.949246	0
NACC1	4	9.8175e-01	9.2295e-01	0.950808	0
ALOX5AP	4	9.8177e-01	9.2295e-01	0.950808	0
CPNE1	4	9.8188e-01	9.2295e-01	0.950808	0
FLG	4	9.8190e-01	9.2295e-01	0.950808	0
UBE2D1	4	9.8191e-01	9.2295e-01	0.950808	0
WDR13	4	9.8201e-01	9.2355e-01	0.951221	0
PRDM14	4	9.8213e-01	9.2355e-01	0.951221	0
CCDC149	4	9.8214e-01	9.2355e-01	0.951221	0
SEMG2	4	9.8214e-01	9.2355e-01	0.951221	0
DCDC2C	4	9.8219e-01	9.2416e-01	0.951652	0
BATF2	4	9.8230e-01	9.2416e-01	0.951652	0
TMEM89	4	9.8243e-01	9.2474e-01	0.951652	0
SOX30	4	9.8244e-01	9.2474e-01	0.951652	0
KRTAP3-2	4	9.8245e-01	9.2474e-01	0.951652	0
ZMIZ1	4	9.8246e-01	9.2474e-01	0.951652	0
PEG10	4	9.8247e-01	9.2474e-01	0.951652	0
SCML2	4	9.8247e-01	9.2474e-01	0.951652	0
ZNF44	4	9.8248e-01	9.2474e-01	0.951652	0
SLC35G1	4	9.8250e-01	9.2474e-01	0.951652	0
BDKRB1	4	9.8251e-01	9.2474e-01	0.951652	0
CHAD	4	9.8254e-01	9.2474e-01	0.951652	0
S100A13	4	9.8255e-01	9.2474e-01	0.951652	0
GARNL3	4	9.8257e-01	9.2474e-01	0.951652	0
KIF16B	4	9.8262e-01	9.2474e-01	0.951652	0
OR1N2	4	9.8269e-01	9.2531e-01	0.951652	0
SLC28A3	4	9.8272e-01	9.2531e-01	0.951652	0
ETV5	4	9.8273e-01	9.2531e-01	0.951652	0
LPIN3	4	9.8273e-01	9.2531e-01	0.951652	0
CCDC134	4	9.8274e-01	9.2531e-01	0.951652	0
GJB6	4	9.8278e-01	9.2531e-01	0.951652	0
TLR9	4	9.8285e-01	9.2531e-01	0.951652	0
OR5D13	4	9.8287e-01	9.2531e-01	0.951652	0
GPR4	4	9.8290e-01	9.2531e-01	0.951652	0
CLEC2L	4	9.8291e-01	9.2531e-01	0.951652	0
RAB42	4	9.8295e-01	9.2531e-01	0.951652	0
TCEA1	4	9.8299e-01	9.2531e-01	0.951652	0
TMCO2	4	9.8305e-01	9.2589e-01	0.952189	0
OR5M11	4	9.8310e-01	9.2704e-01	0.953331	0
GOLGA7	4	9.8315e-01	9.2816e-01	0.954328	0
C9orf173	4	9.8316e-01	9.2816e-01	0.954328	0
LARP7	4	9.8316e-01	9.2816e-01	0.954328	0
C17orf104	4	9.8329e-01	9.3091e-01	0.956791	0
CST5	4	9.8330e-01	9.3091e-01	0.956791	0
PPP1R3G	4	9.8331e-01	9.3091e-01	0.956791	0
DNAJC1	4	9.8334e-01	9.3091e-01	0.956791	0
NYX	4	9.8335e-01	9.3091e-01	0.956791	0
SLC27A5	4	9.8336e-01	9.3091e-01	0.956791	0
DENND1C	4	9.8340e-01	9.3091e-01	0.956791	0
CT55	4	9.8345e-01	9.3145e-01	0.957291	0
ZNF286A	4	9.8352e-01	9.3304e-01	0.958718	0
S100A16	4	9.8352e-01	9.3304e-01	0.958718	0
HS6ST3	4	9.8356e-01	9.3304e-01	0.958718	0
SLC7A3	4	9.8357e-01	9.3304e-01	0.958718	0
MDFIC	4	9.8362e-01	9.3357e-01	0.959108	0
WDR20	4	9.8362e-01	9.3357e-01	0.959108	0
STXBP4	4	9.8365e-01	9.3357e-01	0.959108	0
MEOX1	4	9.8374e-01	9.3409e-01	0.959596	0
WNK3	4	9.8383e-01	9.3461e-01	0.959921	0
C4orf19	4	9.8388e-01	9.3461e-01	0.959921	0
DENND2A	4	9.8388e-01	9.3461e-01	0.959921	0
HTR2B	4	9.8389e-01	9.3461e-01	0.959921	0
PSKH1	4	9.8396e-01	9.3514e-01	0.960212	0
KCNJ15	4	9.8400e-01	9.3514e-01	0.960212	0
SCN2A	4	9.8403e-01	9.3514e-01	0.960212	0
CELSR3	4	9.8410e-01	9.3514e-01	0.960212	0
RNASE3	4	9.8411e-01	9.3514e-01	0.960212	0
RTN2	4	9.8418e-01	9.3615e-01	0.960212	0
CCDC38	4	9.8419e-01	9.3615e-01	0.960212	0
TRIM24	4	9.8420e-01	9.3615e-01	0.960212	0
INO80D	4	9.8421e-01	9.3615e-01	0.960212	0
KRT39	4	9.8423e-01	9.3615e-01	0.960212	0
THUMPD3	4	9.8423e-01	9.3615e-01	0.960212	0
HPSE2	4	9.8424e-01	9.3615e-01	0.960212	0
NME7	4	9.8435e-01	9.3615e-01	0.960212	0
PLA2G4D	4	9.8436e-01	9.3615e-01	0.960212	0
HTRA3	4	9.8439e-01	9.3615e-01	0.960212	0
CLDND2	4	9.8439e-01	9.3615e-01	0.960212	0
AGK	4	9.8443e-01	9.3615e-01	0.960212	0
PRAMEF12	4	9.8447e-01	9.3615e-01	0.960212	0
PCDHB2	4	9.8448e-01	9.3615e-01	0.960212	0
TMCO6	4	9.8449e-01	9.3615e-01	0.960212	0
LOC400927-CSNK1E	4	9.8450e-01	9.3615e-01	0.960212	0
CGA	4	9.8451e-01	9.3615e-01	0.960212	0
ZNF419	4	9.8457e-01	9.3615e-01	0.960212	0
CHCHD10	4	9.8457e-01	9.3615e-01	0.960212	0
ZBTB8B	4	9.8459e-01	9.3615e-01	0.960212	0
OR2A12	4	9.8462e-01	9.3667e-01	0.960435	0
CRELD2	4	9.8466e-01	9.3667e-01	0.960435	0
ZBTB20	4	9.8468e-01	9.3667e-01	0.960435	0
ZNF883	4	9.8468e-01	9.3667e-01	0.960435	0
OR52K1	4	9.8469e-01	9.3667e-01	0.960435	0
TBC1D32	4	9.8469e-01	9.3667e-01	0.960435	0
FAM196B	4	9.8471e-01	9.3718e-01	0.960654	0
ZNF556	4	9.8474e-01	9.3718e-01	0.960654	0
CDY1	4	9.8474e-01	9.3718e-01	0.960654	0
ACSS1	4	9.8476e-01	9.3718e-01	0.960654	0
ADAM22	4	9.8482e-01	9.3718e-01	0.960654	0
ZNRF3	4	9.8488e-01	9.3718e-01	0.960654	0
HIP1	4	9.8489e-01	9.3771e-01	0.960679	0
FAM19A1	4	9.8490e-01	9.3771e-01	0.960679	0
ZNF705A	4	9.8491e-01	9.3771e-01	0.960679	0
IHH	4	9.8494e-01	9.3771e-01	0.960679	0
ASPN	4	9.8502e-01	9.3771e-01	0.960679	0
CES4A	4	9.8504e-01	9.3771e-01	0.960679	0
RUFY4	4	9.8505e-01	9.3771e-01	0.960679	0
AKR1B15	4	9.8508e-01	9.3771e-01	0.960679	0
ARMCX5-GPRASP2	4	9.8511e-01	9.3771e-01	0.960679	0
GPR158	4	9.8518e-01	9.3771e-01	0.960679	0
C9orf85	4	9.8528e-01	9.3821e-01	0.960986	0
MAGIX	4	9.8528e-01	9.3821e-01	0.960986	0
EFCAB11	4	9.8529e-01	9.3821e-01	0.960986	0
HNRNPLL	4	9.8535e-01	9.3821e-01	0.960986	0
CLCA4	4	9.8538e-01	9.3972e-01	0.962225	0
NEK8	4	9.8543e-01	9.3972e-01	0.962225	0
MMP15	4	9.8549e-01	9.3972e-01	0.962225	0
C5orf49	4	9.8551e-01	9.3972e-01	0.962225	0
STARD3NL	4	9.8553e-01	9.3972e-01	0.962225	0
C16orf71	4	9.8558e-01	9.3972e-01	0.962225	0
SMARCD1	4	9.8567e-01	9.4118e-01	0.963616	0
MBD1	4	9.8571e-01	9.4118e-01	0.963616	0
CD200	4	9.8579e-01	9.4167e-01	0.963909	0
MXI1	4	9.8582e-01	9.4167e-01	0.963909	0
DCX	4	9.8583e-01	9.4167e-01	0.963909	0
ZNF441	4	9.8583e-01	9.4167e-01	0.963909	0
TCEB3	4	9.8588e-01	9.4260e-01	0.964810	0
KLHL12	4	9.8592e-01	9.4310e-01	0.965169	0
ZNF85	4	9.8595e-01	9.4310e-01	0.965169	0
MAP1LC3B	4	9.8597e-01	9.4310e-01	0.965169	0
CHST14	4	9.8609e-01	9.4358e-01	0.965556	0
HBEGF	4	9.8611e-01	9.4358e-01	0.965556	0
CACNB1	4	9.8616e-01	9.4407e-01	0.966000	0
STX19	4	9.8619e-01	9.4455e-01	0.966338	0
KL	4	9.8620e-01	9.4455e-01	0.966338	0
RNF144A	4	9.8625e-01	9.4455e-01	0.966338	0
MKRN3	4	9.8631e-01	9.4501e-01	0.966657	0
RBPJL	4	9.8634e-01	9.4501e-01	0.966657	0
ADGRG7	4	9.8637e-01	9.4501e-01	0.966657	0
CYB561D1	4	9.8638e-01	9.4544e-01	0.967046	0
ZNF696	4	9.8640e-01	9.4588e-01	0.967439	0
IPP	4	9.8644e-01	9.4630e-01	0.967615	0
TRHR	4	9.8644e-01	9.4630e-01	0.967615	0
CCSER2	4	9.8650e-01	9.4630e-01	0.967615	0
FAM186A	4	9.8655e-01	9.4630e-01	0.967615	0
TNFAIP1	4	9.8658e-01	9.4630e-01	0.967615	0
SLC25A40	4	9.8660e-01	9.4675e-01	0.967708	0
C9orf16	4	9.8662e-01	9.4675e-01	0.967708	0
TPD52L1	4	9.8664e-01	9.4675e-01	0.967708	0
BSX	4	9.8665e-01	9.4675e-01	0.967708	0
STARD13	4	9.8665e-01	9.4675e-01	0.967708	0
AVIL	4	9.8665e-01	9.4675e-01	0.967708	0
CSNK1G1	4	9.8667e-01	9.4675e-01	0.967708	0
SPACA1	4	9.8670e-01	9.4762e-01	0.968396	0
PECAM1	4	9.8674e-01	9.4762e-01	0.968396	0
INVS	4	9.8675e-01	9.4762e-01	0.968396	0
SLC17A5	4	9.8677e-01	9.4762e-01	0.968396	0
CHRM5	4	9.8682e-01	9.4806e-01	0.968635	0
DAZ3	4	9.8685e-01	9.4806e-01	0.968635	0
TDRD9	4	9.8686e-01	9.4806e-01	0.968635	0
KCNMB2	4	9.8688e-01	9.4806e-01	0.968635	0
TSHZ3	4	9.8692e-01	9.4849e-01	0.968765	0
AIMP1	4	9.8697e-01	9.4849e-01	0.968765	0
TLK1	4	9.8701e-01	9.4849e-01	0.968765	0
FAM167A	4	9.8705e-01	9.4849e-01	0.968765	0
TRIM55	4	9.8707e-01	9.4849e-01	0.968765	0
LMO2	4	9.8709e-01	9.4849e-01	0.968765	0
VANGL1	4	9.8717e-01	9.4893e-01	0.968854	0
OR4C46	4	9.8722e-01	9.4893e-01	0.968854	0
SKOR1	4	9.8722e-01	9.4893e-01	0.968854	0
MYBL2	4	9.8727e-01	9.4893e-01	0.968854	0
ETAA1	4	9.8729e-01	9.4893e-01	0.968854	0
RAVER1	4	9.8730e-01	9.4893e-01	0.968854	0
P4HA3	4	9.8733e-01	9.4893e-01	0.968854	0
CDC42EP1	4	9.8739e-01	9.4935e-01	0.969229	0
LEFTY2	4	9.8746e-01	9.4976e-01	0.969487	0
SLX4IP	4	9.8746e-01	9.4976e-01	0.969487	0
TMEM203	4	9.8750e-01	9.4976e-01	0.969487	0
C14orf79	4	9.8751e-01	9.5017e-01	0.969858	0
LGALS8	4	9.8758e-01	9.5057e-01	0.970164	0
GSC	4	9.8759e-01	9.5057e-01	0.970164	0
TNK1	4	9.8770e-01	9.5099e-01	0.970491	0
CCNA1	4	9.8773e-01	9.5099e-01	0.970491	0
ADCY8	4	9.8780e-01	9.5182e-01	0.971280	0
MARCHF5	4	9.8785e-01	9.5223e-01	0.971595	0
TMEM239	4	9.8786e-01	9.5223e-01	0.971595	0
DCBLD1	4	9.8789e-01	9.5261e-01	0.971678	0
LIN7B	4	9.8790e-01	9.5261e-01	0.971678	0
MCFD2	4	9.8790e-01	9.5261e-01	0.971678	0
ADI1	4	9.8791e-01	9.5261e-01	0.971678	0
IL15RA	4	9.8793e-01	9.5261e-01	0.971678	0
UNC13C	4	9.8794e-01	9.5261e-01	0.971678	0
ACTRT2	4	9.8801e-01	9.5300e-01	0.972020	0
SLC35E3	4	9.8809e-01	9.5341e-01	0.972389	0
SPIRE1	4	9.8811e-01	9.5382e-01	0.972547	0
N4BP2L1	4	9.8813e-01	9.5382e-01	0.972547	0
ADGRF2	4	9.8815e-01	9.5382e-01	0.972547	0
CKLF-CMTM1	4	9.8822e-01	9.5382e-01	0.972547	0
PROK2	4	9.8826e-01	9.5382e-01	0.972547	0
ZNF841	4	9.8829e-01	9.5420e-01	0.972800	0
UBE2F	4	9.8834e-01	9.5458e-01	0.972800	0
ABHD17C	4	9.8835e-01	9.5458e-01	0.972800	0
SSX4	4	9.8835e-01	9.5458e-01	0.972800	0
DTNBP1	4	9.8838e-01	9.5458e-01	0.972800	0
IL1RAPL1	4	9.8840e-01	9.5458e-01	0.972800	0
AXIN1	4	9.8841e-01	9.5458e-01	0.972800	0
KLHL18	4	9.8844e-01	9.5458e-01	0.972800	0
HOXB7	4	9.8844e-01	9.5458e-01	0.972800	0
ATP13A2	4	9.8847e-01	9.5458e-01	0.972800	0
CPNE4	4	9.8853e-01	9.5499e-01	0.972859	0
OGFR	4	9.8856e-01	9.5499e-01	0.972859	0
SYT8	4	9.8856e-01	9.5499e-01	0.972859	0
FAM78A	4	9.8857e-01	9.5499e-01	0.972859	0
SLC25A19	4	9.8865e-01	9.5499e-01	0.972859	0
LUZP2	4	9.8866e-01	9.5499e-01	0.972859	0
SLC4A2	4	9.8866e-01	9.5499e-01	0.972859	0
FAM180A	4	9.8877e-01	9.5580e-01	0.973424	0
NCOA7	4	9.8877e-01	9.5580e-01	0.973424	0
MTHFS	4	9.8878e-01	9.5580e-01	0.973424	0
KRTAP25-1	4	9.8881e-01	9.5580e-01	0.973424	0
ATP6AP1L	4	9.8886e-01	9.5580e-01	0.973424	0
SIRT6	4	9.8890e-01	9.5620e-01	0.973728	0
SEPTIN14	4	9.8894e-01	9.5620e-01	0.973728	0
C17orf49	4	9.8911e-01	9.5778e-01	0.975284	0
ASPDH	4	9.8913e-01	9.5819e-01	0.975594	0
CP	4	9.8914e-01	9.5819e-01	0.975594	0
ZYG11B	4	9.8915e-01	9.5857e-01	0.975928	0
DDIT4	4	9.8917e-01	9.5893e-01	0.975983	0
MRGPRX3	4	9.8928e-01	9.5893e-01	0.975983	0
MMP24	4	9.8934e-01	9.5893e-01	0.975983	0
FHL2	4	9.8934e-01	9.5893e-01	0.975983	0
PDZD2	4	9.8935e-01	9.5893e-01	0.975983	0
NPTXR	4	9.8939e-01	9.5893e-01	0.975983	0
THRA	4	9.8945e-01	9.5930e-01	0.976254	0
PAM	4	9.8946e-01	9.5930e-01	0.976254	0
WNT8B	4	9.8950e-01	9.5966e-01	0.976570	0
PLCH2	4	9.8957e-01	9.6034e-01	0.976905	0
ZDHHC4	4	9.8957e-01	9.6034e-01	0.976905	0
FAM53A	4	9.8962e-01	9.6034e-01	0.976905	0
RING1	4	9.8962e-01	9.6034e-01	0.976905	0
EVI2B	4	9.8966e-01	9.6034e-01	0.976905	0
OR1L6	4	9.8967e-01	9.6034e-01	0.976905	0
KIF6	4	9.8970e-01	9.6034e-01	0.976905	0
TSPYL6	4	9.8985e-01	9.6104e-01	0.977408	0
RBM15B	4	9.8986e-01	9.6104e-01	0.977408	0
CACNG4	4	9.8990e-01	9.6104e-01	0.977408	0
SH2D5	4	9.8991e-01	9.6104e-01	0.977408	0
BTBD17	4	9.8997e-01	9.6209e-01	0.978321	0
TRIM67	4	9.9000e-01	9.6209e-01	0.978321	0
SHROOM2	4	9.9003e-01	9.6209e-01	0.978321	0
TRIM58	4	9.9005e-01	9.6244e-01	0.978619	0
SNURF	4	9.9018e-01	9.6278e-01	0.978911	0
FAM73B	4	9.9033e-01	9.6442e-01	0.980531	0
CBX7	4	9.9051e-01	9.6535e-01	0.981424	0
CAMK2G	4	9.9053e-01	9.6569e-01	0.981607	0
CLEC4F	4	9.9055e-01	9.6569e-01	0.981607	0
CRYGD	4	9.9062e-01	9.6569e-01	0.981607	0
STAG2	4	9.9071e-01	9.6633e-01	0.982157	0
PLEKHG7	4	9.9072e-01	9.6633e-01	0.982157	0
ELMOD2	4	9.9076e-01	9.6663e-01	0.982310	0
SLC35D1	4	9.9076e-01	9.6663e-01	0.982310	0
LRRTM1	4	9.9077e-01	9.6663e-01	0.982310	0
COL27A1	4	9.9079e-01	9.6695e-01	0.982372	0
SLC6A9	4	9.9079e-01	9.6695e-01	0.982372	0
TMEM187	4	9.9081e-01	9.6695e-01	0.982372	0
C12orf49	4	9.9082e-01	9.6695e-01	0.982372	0
ADAM20	4	9.9085e-01	9.6695e-01	0.982372	0
HSF1	4	9.9090e-01	9.6729e-01	0.982563	0
HK2	4	9.9090e-01	9.6729e-01	0.982563	0
TMEM8C	4	9.9090e-01	9.6729e-01	0.982563	0
AQP3	4	9.9109e-01	9.6792e-01	0.983096	0
SLC36A3	4	9.9114e-01	9.6792e-01	0.983096	0
PVRL4	4	9.9117e-01	9.6821e-01	0.983338	0
TRAPPC9	4	9.9119e-01	9.6849e-01	0.983567	0
CCL26	4	9.9121e-01	9.6908e-01	0.984062	0
ZC4H2	4	9.9129e-01	9.6908e-01	0.984062	0
TMEM33	4	9.9130e-01	9.6936e-01	0.984295	0
KCTD3	4	9.9138e-01	9.6966e-01	0.984491	0
STK10	4	9.9138e-01	9.6966e-01	0.984491	0
ARHGEF26	4	9.9141e-01	9.6995e-01	0.984636	0
RD3L	4	9.9141e-01	9.6995e-01	0.984636	0
SPX	4	9.9143e-01	9.6995e-01	0.984636	0
BNC2	4	9.9146e-01	9.7024e-01	0.984713	0
RASSF6	4	9.9148e-01	9.7024e-01	0.984713	0
LRRC17	4	9.9148e-01	9.7024e-01	0.984713	0
DHRS4L2	4	9.9152e-01	9.7024e-01	0.984713	0
PPAP2B	4	9.9160e-01	9.7107e-01	0.985506	0
EVX1	4	9.9164e-01	9.7135e-01	0.985688	0
CCDC37	4	9.9164e-01	9.7135e-01	0.985688	0
GATAD2B	4	9.9171e-01	9.7245e-01	0.986742	0
LRCOL1	4	9.9177e-01	9.7270e-01	0.986742	0
ARHGAP44	4	9.9177e-01	9.7270e-01	0.986742	0
CDCA7L	4	9.9180e-01	9.7270e-01	0.986742	0
PNOC	4	9.9189e-01	9.7270e-01	0.986742	0
EPG5	4	9.9195e-01	9.7270e-01	0.986742	0
AJAP1	4	9.9198e-01	9.7296e-01	0.986742	0
CAPNS1	4	9.9201e-01	9.7296e-01	0.986742	0
RNF146	4	9.9208e-01	9.7296e-01	0.986742	0
GPR1	4	9.9214e-01	9.7296e-01	0.986742	0
TBC1D7	4	9.9220e-01	9.7296e-01	0.986742	0
C19orf40	4	9.9222e-01	9.7323e-01	0.986963	0
VWC2L	4	9.9235e-01	9.7429e-01	0.987770	0
PRRC2A	4	9.9236e-01	9.7429e-01	0.987770	0
OR2B11	4	9.9239e-01	9.7429e-01	0.987770	0
ALPK1	4	9.9242e-01	9.7429e-01	0.987770	0
MARCHF1	8	9.9246e-01	9.0296e-01	0.933935	1
ZNF559	4	9.9251e-01	9.7454e-01	0.987770	0
THAP2	4	9.9253e-01	9.7454e-01	0.987770	0
NOBOX	4	9.9254e-01	9.7454e-01	0.987770	0
SPATA31D4	4	9.9255e-01	9.7454e-01	0.987770	0
ZNF354B	4	9.9256e-01	9.7454e-01	0.987770	0
OR6K3	4	9.9256e-01	9.7454e-01	0.987770	0
PCDHGC5	4	9.9260e-01	9.7480e-01	0.987828	0
HLA-DQB2	4	9.9263e-01	9.7480e-01	0.987828	0
MAFB	4	9.9264e-01	9.7480e-01	0.987828	0
ME3	4	9.9265e-01	9.7480e-01	0.987828	0
PHF21B	4	9.9267e-01	9.7505e-01	0.988030	0
PML	4	9.9278e-01	9.7530e-01	0.988173	0
SCAMP3	4	9.9284e-01	9.7530e-01	0.988173	0
MAGI1	4	9.9285e-01	9.7554e-01	0.988314	0
BMP3	4	9.9286e-01	9.7554e-01	0.988314	0
TAOK2	4	9.9288e-01	9.7579e-01	0.988456	0
LCP1	4	9.9294e-01	9.7579e-01	0.988456	0
ANKS6	4	9.9299e-01	9.7603e-01	0.988603	0
C16orf72	4	9.9299e-01	9.7603e-01	0.988603	0
DOPEY2	4	9.9303e-01	9.7625e-01	0.988769	0
NTM	4	9.9313e-01	9.7673e-01	0.988941	0
A2M	4	9.9315e-01	9.7673e-01	0.988941	0
ARFGEF3	4	9.9317e-01	9.7673e-01	0.988941	0
ADCY10	4	9.9319e-01	9.7673e-01	0.988941	0
S100G	4	9.9324e-01	9.7673e-01	0.988941	0
P2RY4	4	9.9326e-01	9.7673e-01	0.988941	0
CYP4X1	4	9.9335e-01	9.7698e-01	0.989146	0
JAKMIP2	4	9.9338e-01	9.7721e-01	0.989326	0
OGN	4	9.9345e-01	9.7744e-01	0.989450	0
ELFN2	4	9.9346e-01	9.7744e-01	0.989450	0
SPON2	4	9.9359e-01	9.7837e-01	0.990284	0
ZNF705D	4	9.9368e-01	9.7837e-01	0.990284	0
BBX	4	9.9382e-01	9.7881e-01	0.990677	0
CLNK	4	9.9384e-01	9.7902e-01	0.990840	0
MAS1	4	9.9391e-01	9.7925e-01	0.991017	0
VTN	4	9.9391e-01	9.7946e-01	0.991184	0
MCEE	4	9.9396e-01	9.7968e-01	0.991293	0
DUSP16	4	9.9399e-01	9.7968e-01	0.991293	0
INAFM2	4	9.9408e-01	9.8072e-01	0.992300	0
C18orf32	4	9.9410e-01	9.8092e-01	0.992340	0
SSR2	4	9.9410e-01	9.8092e-01	0.992340	0
ING5	4	9.9411e-01	9.8092e-01	0.992340	0
CRTAP	4	9.9414e-01	9.8113e-01	0.992501	0
GALNT6	4	9.9428e-01	9.8173e-01	0.992972	0
RTP3	4	9.9428e-01	9.8173e-01	0.992972	0
KCNH8	4	9.9443e-01	9.8192e-01	0.992972	0
ASZ1	4	9.9447e-01	9.8192e-01	0.992972	0
EXD1	4	9.9450e-01	9.8192e-01	0.992972	0
SIRT5	3	9.9452e-01	9.9062e-01	0.997801	0
OR56B1	4	9.9453e-01	9.8192e-01	0.992972	0
PPARD	4	9.9457e-01	9.8211e-01	0.992972	0
VNN2	4	9.9458e-01	9.8211e-01	0.992972	0
KBTBD12	4	9.9465e-01	9.8211e-01	0.992972	0
PCDH1	4	9.9467e-01	9.8211e-01	0.992972	0
C7orf49	4	9.9473e-01	9.8232e-01	0.993024	0
MED13	4	9.9482e-01	9.8232e-01	0.993024	0
CACYBP	4	9.9482e-01	9.8232e-01	0.993024	0
COL1A1	4	9.9506e-01	9.8292e-01	0.993521	0
PLEKHM3	4	9.9509e-01	9.8292e-01	0.993521	0
PRCP	4	9.9515e-01	9.8327e-01	0.993795	0
ING4	4	9.9520e-01	9.8345e-01	0.993795	0
FAM177B	4	9.9520e-01	9.8345e-01	0.993795	0
CLPTM1	4	9.9520e-01	9.8345e-01	0.993795	0
CRISP2	4	9.9522e-01	9.8345e-01	0.993795	0
PCDHGB7	4	9.9524e-01	9.8382e-01	0.993800	0
ZNF213	4	9.9525e-01	9.8382e-01	0.993800	0
TMEM128	4	9.9525e-01	9.8382e-01	0.993800	0
ABHD16B	4	9.9526e-01	9.8382e-01	0.993800	0
OR6C3	4	9.9527e-01	9.8382e-01	0.993800	0
TNFSF4	4	9.9529e-01	9.8382e-01	0.993800	0
SYNPO	4	9.9531e-01	9.8382e-01	0.993800	0
JPH2	4	9.9535e-01	9.8400e-01	0.993912	0
RBM3	4	9.9540e-01	9.8417e-01	0.993912	0
PWWP2B	4	9.9542e-01	9.8417e-01	0.993912	0
PRDX4	4	9.9542e-01	9.8417e-01	0.993912	0
MSANTD1	4	9.9545e-01	9.8434e-01	0.993912	0
ANKRD65	4	9.9545e-01	9.8434e-01	0.993912	0
PIGL	4	9.9546e-01	9.8434e-01	0.993912	0
RALGAPB	4	9.9551e-01	9.8434e-01	0.993912	0
LATS2	4	9.9553e-01	9.8452e-01	0.994037	0
CNPY3	4	9.9559e-01	9.8505e-01	0.994414	0
PRG2	4	9.9561e-01	9.8505e-01	0.994414	0
SLC24A4	4	9.9561e-01	9.8505e-01	0.994414	0
RAP2B	4	9.9562e-01	9.8520e-01	0.994466	0
NRP1	4	9.9564e-01	9.8520e-01	0.994466	0
CD99L2	4	9.9565e-01	9.8538e-01	0.994537	0
RDX	4	9.9566e-01	9.8538e-01	0.994537	0
DEGS1	4	9.9571e-01	9.8571e-01	0.994767	0
OR9K2	4	9.9577e-01	9.8571e-01	0.994767	0
RLF	4	9.9585e-01	9.8588e-01	0.994886	0
NCCRP1	4	9.9587e-01	9.8605e-01	0.994895	0
GPR32	4	9.9589e-01	9.8605e-01	0.994895	0
PPP1R9A	4	9.9590e-01	9.8605e-01	0.994895	0
ZFHX4	4	9.9595e-01	9.8638e-01	0.995072	0
ARNT	4	9.9596e-01	9.8638e-01	0.995072	0
EIF2D	4	9.9600e-01	9.8638e-01	0.995072	0
SYN2	4	9.9607e-01	9.8669e-01	0.995284	0
GALE	4	9.9608e-01	9.8669e-01	0.995284	0
MYLIP	4	9.9610e-01	9.8685e-01	0.995391	0
ZIC5	4	9.9612e-01	9.8700e-01	0.995441	0
CCDC136	4	9.9612e-01	9.8700e-01	0.995441	0
TOM1L1	4	9.9613e-01	9.8716e-01	0.995546	0
LHX6	4	9.9614e-01	9.8730e-01	0.995632	0
PIP4K2A	4	9.9618e-01	9.8775e-01	0.996035	0
ZNF655	4	9.9620e-01	9.8789e-01	0.996129	0
PPCDC	4	9.9622e-01	9.8802e-01	0.996155	0
HMGB1	4	9.9631e-01	9.8802e-01	0.996155	0
CTNNBIP1	4	9.9634e-01	9.8816e-01	0.996243	0
LMX1A	4	9.9638e-01	9.8845e-01	0.996480	0
GABRA2	4	9.9645e-01	9.8860e-01	0.996574	0
ADCK1	4	9.9646e-01	9.8887e-01	0.996679	0
STK3	4	9.9653e-01	9.8903e-01	0.996679	0
PIH1D3	4	9.9655e-01	9.8917e-01	0.996679	0
LXN	4	9.9656e-01	9.8917e-01	0.996679	0
TMEM126A	4	9.9657e-01	9.8917e-01	0.996679	0
PPP1R1A	4	9.9661e-01	9.8917e-01	0.996679	0
LRRCC1	4	9.9666e-01	9.8917e-01	0.996679	0
TMEFF1	4	9.9675e-01	9.8917e-01	0.996679	0
CLCA2	4	9.9676e-01	9.8917e-01	0.996679	0
CD82	4	9.9681e-01	9.8943e-01	0.996891	0
SLC35A3	4	9.9682e-01	9.8956e-01	0.996972	0
PICALM	4	9.9690e-01	9.8996e-01	0.997318	0
PSAPL1	4	9.9702e-01	9.9070e-01	0.997801	0
PLK5	4	9.9706e-01	9.9070e-01	0.997801	0
IMPDH1	3	9.9709e-01	9.9614e-01	1.000000	0
LGR5	4	9.9709e-01	9.9070e-01	0.997801	0
CPT1C	4	9.9710e-01	9.9070e-01	0.997801	0
ARIH2	4	9.9710e-01	9.9082e-01	0.997869	0
COL10A1	4	9.9712e-01	9.9094e-01	0.997940	0
APOD	4	9.9713e-01	9.9118e-01	0.998122	0
GPX6	4	9.9714e-01	9.9140e-01	0.998292	0
A1BG	4	9.9719e-01	9.9175e-01	0.998596	0
CBLN4	4	9.9722e-01	9.9186e-01	0.998650	0
ADRM1	4	9.9732e-01	9.9217e-01	0.998807	0
CAMKMT	4	9.9734e-01	9.9217e-01	0.998807	0
NDUFA1	4	9.9734e-01	9.9217e-01	0.998807	0
RALGAPA1	4	9.9743e-01	9.9228e-01	0.998868	0
BRD1	4	9.9747e-01	9.9239e-01	0.998923	0
VRTN	4	9.9747e-01	9.9250e-01	0.998923	0
SLC22A25	4	9.9753e-01	9.9260e-01	0.998923	0
ACSL5	4	9.9753e-01	9.9260e-01	0.998923	0
RBM5	4	9.9756e-01	9.9270e-01	0.998923	0
CTSA	4	9.9756e-01	9.9270e-01	0.998923	0
STARD3	4	9.9760e-01	9.9270e-01	0.998923	0
RIMS2	4	9.9760e-01	9.9281e-01	0.998974	0
STAT2	4	9.9765e-01	9.9298e-01	0.999044	0
KCNH1	4	9.9767e-01	9.9298e-01	0.999044	0
BRSK1	4	9.9769e-01	9.9308e-01	0.999092	0
CDX1	4	9.9776e-01	9.9356e-01	0.999363	0
ITGA7	4	9.9777e-01	9.9356e-01	0.999363	0
MAML3	4	9.9778e-01	9.9356e-01	0.999363	0
LPL	4	9.9782e-01	9.9356e-01	0.999363	0
ONECUT1	4	9.9784e-01	9.9382e-01	0.999573	0
TXLNA	4	9.9790e-01	9.9434e-01	0.999911	0
GNA11	4	9.9796e-01	9.9434e-01	0.999911	0
PPID	4	9.9798e-01	9.9443e-01	0.999911	0
FKBP8	4	9.9800e-01	9.9451e-01	0.999911	0
GLYAT	4	9.9803e-01	9.9451e-01	0.999911	0
KCNN1	4	9.9804e-01	9.9451e-01	0.999911	0
ZNF530	4	9.9807e-01	9.9460e-01	0.999911	0
QRFPR	4	9.9816e-01	9.9468e-01	0.999911	0
NAGLU	4	9.9817e-01	9.9468e-01	0.999911	0
ELOVL4	4	9.9817e-01	9.9468e-01	0.999911	0
GLTSCR1	4	9.9821e-01	9.9476e-01	0.999940	0
NPC1	4	9.9827e-01	9.9508e-01	1.000000	0
ZNF791	4	9.9828e-01	9.9508e-01	1.000000	0
PTPN12	4	9.9829e-01	9.9516e-01	1.000000	0
CLEC11A	4	9.9831e-01	9.9516e-01	1.000000	0
APOH	4	9.9832e-01	9.9516e-01	1.000000	0
SMIM15	4	9.9834e-01	9.9536e-01	1.000000	0
C12orf74	4	9.9834e-01	9.9536e-01	1.000000	0
KMT2D	4	9.9839e-01	9.9543e-01	1.000000	0
CHUK	4	9.9840e-01	9.9544e-01	1.000000	0
RUNDC3A	4	9.9841e-01	9.9544e-01	1.000000	0
ADAMTS15	4	9.9846e-01	9.9578e-01	1.000000	0
ABCC4	4	9.9847e-01	9.9585e-01	1.000000	0
SLC35F6	4	9.9848e-01	9.9585e-01	1.000000	0
PIF1	4	9.9851e-01	9.9612e-01	1.000000	0
FAM71F2	4	9.9852e-01	9.9618e-01	1.000000	0
OLIG1	4	9.9853e-01	9.9625e-01	1.000000	0
NSUN7	4	9.9857e-01	9.9643e-01	1.000000	0
LCA5L	4	9.9857e-01	9.9643e-01	1.000000	0
HIF1A	4	9.9861e-01	9.9672e-01	1.000000	0
MOSPD2	4	9.9861e-01	9.9672e-01	1.000000	0
LRRN4	4	9.9864e-01	9.9677e-01	1.000000	0
SNAPIN	4	9.9865e-01	9.9677e-01	1.000000	0
TEX15	4	9.9868e-01	9.9683e-01	1.000000	0
ZNF311	4	9.9868e-01	9.9683e-01	1.000000	0
SMIM19	4	9.9870e-01	9.9700e-01	1.000000	0
GTPBP1	4	9.9877e-01	9.9710e-01	1.000000	0
ACSBG1	4	9.9884e-01	9.9715e-01	1.000000	0
DPP8	4	9.9885e-01	9.9730e-01	1.000000	0
ATPIF1	4	9.9887e-01	9.9734e-01	1.000000	0
ASAP2	4	9.9893e-01	9.9752e-01	1.000000	0
EDF1	4	9.9893e-01	9.9757e-01	1.000000	0
STX10	4	9.9894e-01	9.9761e-01	1.000000	0
ANKMY2	4	9.9895e-01	9.9761e-01	1.000000	0
LRRC28	4	9.9896e-01	9.9765e-01	1.000000	0
KCNIP1	3	9.9897e-01	9.9925e-01	1.000000	0
TTLL6	4	9.9900e-01	9.9798e-01	1.000000	0
RBM18	4	9.9904e-01	9.9805e-01	1.000000	0
CDY1B	4	9.9906e-01	9.9809e-01	1.000000	0
DIS3L2	4	9.9907e-01	9.9809e-01	1.000000	0
ANO9	4	9.9910e-01	9.9809e-01	1.000000	0
AGXT	4	9.9915e-01	9.9822e-01	1.000000	0
ZNF292	4	9.9916e-01	9.9826e-01	1.000000	0
TADA1	4	9.9918e-01	9.9830e-01	1.000000	0
MTFR2	4	9.9920e-01	9.9830e-01	1.000000	0
KIRREL	4	9.9928e-01	9.9872e-01	1.000000	0
TXNRD1	3	9.9928e-01	9.9958e-01	1.000000	0
NCOA6	4	9.9931e-01	9.9877e-01	1.000000	0
TKFC	4	9.9933e-01	9.9885e-01	1.000000	0
FAM49B	3	9.9938e-01	9.9968e-01	1.000000	0
SLC12A9	4	9.9940e-01	9.9906e-01	1.000000	0
PID1	4	9.9944e-01	9.9911e-01	1.000000	0
RIN1	4	9.9950e-01	9.9930e-01	1.000000	0
DDIT3	4	9.9951e-01	9.9932e-01	1.000000	0
RQCD1	4	9.9952e-01	9.9934e-01	1.000000	0
TYK2	4	9.9954e-01	9.9940e-01	1.000000	0
VPS39	4	9.9956e-01	9.9940e-01	1.000000	0
ITGB1	4	9.9956e-01	9.9940e-01	1.000000	0
EZH2	4	9.9958e-01	9.9940e-01	1.000000	0
IFT43	4	9.9959e-01	9.9943e-01	1.000000	0
TNFRSF12A	4	9.9961e-01	9.9953e-01	1.000000	0
RBM10	4	9.9964e-01	9.9962e-01	1.000000	0
KCTD9	4	9.9973e-01	9.9975e-01	1.000000	0
AHR	4	9.9973e-01	9.9975e-01	1.000000	0
FLCN	4	9.9976e-01	9.9980e-01	1.000000	0
SUZ12	4	9.9977e-01	9.9981e-01	1.000000	0
TAF5L	4	9.9980e-01	9.9985e-01	1.000000	0
PTGER2	4	9.9981e-01	9.9986e-01	1.000000	0
G6PC3	4	9.9984e-01	9.9987e-01	1.000000	0
EPHA7	4	9.9984e-01	9.9987e-01	1.000000	0
BCR	4	9.9985e-01	9.9990e-01	1.000000	0
CDKN2A	4	9.9987e-01	9.9992e-01	1.000000	0
KCTD5	4	9.9988e-01	9.9992e-01	1.000000	0
ATG9A	4	9.9989e-01	9.9993e-01	1.000000	0
SENP5	4	9.9990e-01	9.9993e-01	1.000000	0
GFOD2	4	9.9990e-01	9.9993e-01	1.000000	0
TMEM208	4	9.9993e-01	9.9996e-01	1.000000	0
ANKS3	4	9.9993e-01	9.9997e-01	1.000000	0
GALNT18	4	9.9994e-01	9.9997e-01	1.000000	0
UTF1	4	9.9994e-01	9.9997e-01	1.000000	0
CUL5	4	9.9995e-01	9.9998e-01	1.000000	0
GLB1	4	9.9997e-01	9.9999e-01	1.000000	0
OTUD5	4	9.9998e-01	9.9999e-01	1.000000	0
AMOTL2	4	9.9998e-01	9.9999e-01	1.000000	0
SLC9A6	4	9.9998e-01	9.9999e-01	1.000000	0
FRYL	4	9.9998e-01	9.9999e-01	1.000000	0
PTPN14	4	9.9999e-01	1.0000e+00	1.000000	0
CAND1	4	9.9999e-01	1.0000e+00	1.000000	0
STK24	4	9.9999e-01	1.0000e+00	1.000000	0
MAP4K4	4	9.9999e-01	1.0000e+00	1.000000	0
CCNC	4	1.0000e+00	1.0000e+00	1.000000	0
PPM1F	4	1.0000e+00	1.0000e+00	1.000000	0
NF2	4	1.0000e+00	1.0000e+00	1.000000	0
PTEN	4	1.0000e+00	1.0000e+00	1.000000	0
TAOK1	4	1.0000e+00	1.0000e+00	1.000000	0
TSC1	4	1.0000e+00	1.0000e+00	1.000000	0
KEAP1	4	1.0000e+00	1.0000e+00	1.000000	0
TSC2	4	1.0000e+00	1.0000e+00	1.000000	0
